"Num_Acc";"jour";"mois";"an";"hrmn";"lum";"dep";"com";"agg";"int";"atm";"col";"adr";"lat";"long"
"201900001535";"30";"5";"2019";"17:30";"1";"92";"92026";"2";"1";"1";"3";"PRÉSIDENT PAUL DOUMER (QUAI DU)";"48,8913430";"2,2578360"
"201900001536";"10";"8";"2019";"11:53";"1";"6";"06027";"2";"1";"1";"2";"PLAGE BOULEVARD DE LA";"43,6469641";"7,1478721"
"201900001537";"11";"6";"2019";"11:45";"1";"92";"92025";"2";"1";"1";"6";"MARECHAL JOFFRE (RUE DU)";"48,9244000";"2,2630000"
"201900001538";"13";"6";"2019";"21:10";"1";"92";"92025";"2";"1";"1";"3";"GABRIEL PERI (RUE)";"48,9232400";"2,2523900"
"201900001539";"13";"8";"2019";"14:50";"1";"6";"06004";"2";"1";"1";"6";"GRASSE RTE DE";"43,6015600";"7,0843260"
"201900001540";"12";"6";"2019";"17:55";"1";"92";"92025";"2";"1";"2";"3";"EDGARD QUINET (BD)";"48,9234000";"2,2493600"
"201900001541";"13";"8";"2019";"07:37";"1";"6";"06004";"2";"1";"1";"6";"VAUTRIN BD DU GENERAL";"43,5874297";"7,1191105"
"201900001542";"10";"6";"2019";"20:30";"1";"92";"92025";"2";"1";"1";"3";"STALINGRAD (AV DE)";"48,9310060";"2,2671850"
"201900001543";"15";"8";"2019";"18:45";"1";"5";"05061";"2";"6";"1";"3";"EMBRUN ( AVENUE D')";"44,5675300";"6,0972700"
"201900001544";"14";"8";"2019";"09:10";"1";"5";"05061";"2";"1";"1";"7";"GEORGES POUGET ( RUE)";"44,5588200";"6,0680700"
"201900001545";"14";"8";"2019";"08:25";"1";"5";"05023";"2";"1";"1";"6";"FORGUES (AVENUE DU PROF.)";"44,9056000";"6,6302000"
"201900001546";"4";"8";"2019";"17:10";"1";"2";"02805";"2";"1";"1";"7";"MOINES Rue des";"49,3710000";"3,3564700"
"201900001547";"10";"6";"2019";"16:40";"1";"92";"92025";"2";"1";"1";"2";"BOURNARD (RUE DU)";"48,9230345";"2,2544218"
"201900001548";"18";"6";"2019";"15:05";"1";"92";"92024";"2";"1";"1";"6";"HENRI BARBUSSE (RUE) DE (73 A 139)";"48,9009100";"2,3081700"
"201900001549";"16";"6";"2019";"17:00";"1";"92";"92024";"2";"2";"1";"3";"CLICHY (QUAI DE) DE (104 A 202)";"48,9036700";"2,2900900"
"201900001550";"17";"6";"2019";"09:45";"1";"92";"92023";"2";"1";"1";"6";"FONTENAY (RUE DE)";"48,7972300";"2,2735700"
"201900001551";"11";"6";"2019";"06:50";"1";"92";"92060";"2";"1";"1";"3";"GALILEE (AVENUE)";"48,7814100";"2,2477700"
"201900001552";"6";"6";"2019";"08:40";"1";"92";"92023";"2";"1";"1";"3";"PORTE DE TRIVAUX (RUE DE) N°57 A 197 ET";"48,7871400";"2,2466000"
"201900001553";"3";"6";"2019";"18:00";"1";"92";"92023";"2";"1";"1";"6";"PORTE DE TRIVAUX (RUE DE) N°57 A 197 ET";"48,7851000";"2,2394300"
"201900001554";"1";"6";"2019";"13:20";"1";"92";"92023";"2";"1";"1";"3";"GENERAL DE GAULLE (AV DU) N°130 A 340 ET";"48,7872646";"2,2561842"
"201900001555";"13";"6";"2019";"15:40";"1";"92";"92019";"2";"3";"2";"3";"DIVISION LECLERC (AVENUE DE LA)";"48,7656516";"2,2592994"
"201900001556";"17";"8";"2019";"18:35";"1";"75";"75120";"2";"1";"2";"3";"ECHANGEUR LILAS";"48,8762742";"2,4100024"
"201900001557";"16";"6";"2019";"06:20";"1";"92";"92012";"2";"1";"1";"2";"GENERAL LECLERC (AVENUE DU) 1/33 - 2/58";"48,8329200";"2,2405700"
"201900001558";"17";"8";"2019";"18:00";"1";"75";"75120";"2";"1";"2";"4";"ECHANGEUR BAGNOLET";"48,8646795";"2,4127597"
"201900001559";"13";"6";"2019";"09:50";"1";"92";"92012";"2";"2";"1";"3";"GENERAL LECLERC (AVENUE DU) 35/FIN - 60/";"48,8309549";"2,2346812"
"201900001560";"16";"8";"2019";"19:55";"1";"75";"75115";"2";"4";"1";"2";"BD PERIPHERIQUE INTERIEUR";"48,8267961";"2,2956214"
"201900001561";"12";"6";"2019";"14:15";"1";"92";"92012";"2";"2";"3";"2";"SILLY (RUE DE) 1/87 - 2/88";"48,8423800";"2,2307400"
"201900001562";"14";"8";"2019";"19:30";"1";"75";"75114";"2";"1";"1";"4";"BD PERIPHERIQUE EXTERIEUR";"48,8240040";"2,3076690"
"201900001563";"11";"6";"2019";"17:15";"1";"92";"92012";"2";"1";"2";"6";"MEUDON (RUE DE) - COTE PAIR";"48,8281700";"2,2420700"
"201900001564";"14";"8";"2019";"17:30";"1";"75";"75117";"2";"1";"1";"6";"BD PERIPHERIQUE INTERIEUR";"48,8896919";"2,2974046"
"201900001565";"10";"6";"2019";"14:00";"1";"92";"92012";"2";"1";"1";"6";"REPUBLIQUE (BOULEVARD DE LA) 5/77BIS - 6";"48,8315532";"2,2555370"
"201900001566";"7";"6";"2019";"17:30";"1";"92";"92012";"2";"2";"2";"6";"GALLIENI (RUE) 142/FIN";"48,8350806";"2,2280588"
"201900001567";"14";"8";"2019";"17:40";"1";"75";"75113";"2";"1";"1";"3";"BD PERIPHERIQUE INTERIEUR";"48,8230400";"2,3812350"
"201900001568";"6";"6";"2019";"20:26";"2";"92";"92012";"2";"3";"1";"6";"VIEUX PONT DE SEVRES (ALLEE DU)";"48,8312980";"2,2415800"
"201900001569";"14";"8";"2019";"10:30";"1";"75";"75120";"2";"1";"1";"7";"ECHANGEUR BAGNOLET";"48,8653726";"2,4123730"
"201900001570";"6";"6";"2019";"17:45";"1";"92";"92012";"2";"1";"1";"6";"BILLANCOURT (RUE DE) 1/61 - 2/104";"48,8433000";"2,2345000"
"201900001571";"31";"1";"2019";"20:17";"5";"92";"92012";"2";"1";"2";"6";"JEAN JAURES (BOULEVARD) 217/FIN - 210/FI";"48,8278600";"2,2468800"
"201900001572";"14";"8";"2019";"09:30";"1";"75";"75114";"2";"1";"1";"4";"BD PERIPHERIQUE INTERIEUR";"48,8235200";"2,3103580"
"201900001573";"10";"6";"2019";"17:58";"1";"92";"92007";"2";"6";"1";"3";"VAILLANT-COUTURIER (AVENU PAUL)";"48,7933200";"2,3160100"
"201900001574";"17";"8";"2019";"06:55";"2";"75";"75114";"2";"7";"2";"6";"PLACE JULES HENAFFE";"48,8237672";"2,3318486"
"201900001575";"14";"8";"2019";"20:00";"1";"75";"75107";"2";"2";"1";"3";"RUE FABERT";"48,8599330";"2,3113720"
"201900001576";"7";"6";"2019";"16:25";"1";"92";"92007";"2";"5";"8";"3";"BRIAND (AVENUE ARISTIDE) N° 162 A 300";"48,7908800";"2,3197800"
"201900001577";"13";"8";"2019";"16:20";"1";"75";"75105";"2";"1";"1";"2";"BOULEVARD DE L HOPITAL";"48,8423030";"2,3635050"
"201900001578";"17";"6";"2019";"18:45";"1";"92";"92004";"2";"1";"1";"6";"VOLTAIRE  ( BD 01 A 15 )";"48,9114500";"2,2968300"
"201900001579";"15";"8";"2019";"22:40";"5";"75";"75120";"2";"7";"1";"6";"AVENUE GAMBETTA";"48,8650465";"2,3986083"
"201900001580";"12";"6";"2019";"08:50";"1";"92";"92009";"2";"1";"1";"3";"EUROPE (AVENUE)";"48,9073016";"2,2652115"
"201900001581";"15";"8";"2019";"16:50";"1";"75";"75120";"2";"3";"1";"7";"AVENUE DU PROFESSEUR ANDRE LEMIERE";"48,8551410";"2,4152490"
"201900001582";"8";"6";"2019";"19:50";"1";"92";"92009";"2";"1";"1";"6";"GENERAL LECLERC ( RUE DU )";"48,9139000";"2,2716500"
"201900001583";"15";"8";"2019";"16:30";"1";"75";"75120";"2";"2";"1";"6";"RUE D AVRON";"48,8534795";"2,4104900"
"201900001584";"5";"6";"2019";"18:25";"1";"92";"92004";"2";"1";"8";"6";"DOCTEUR DERVAUX  ( QUAI DU )";"48,9075898";"2,2921371"
"201900001585";"15";"8";"2019";"07:30";"1";"75";"75120";"2";"2";"1";"3";"RUE DE BELLEVILLE";"48,8759790";"2,4025940"
"201900001586";"19";"6";"2019";"18:45";"1";"92";"92014";"2";"2";"1";"3";"GENERAL LECLERC (57A 135 - 50 A 186)";"48,7768711";"2,3142743"
"201900001587";"16";"8";"2019";"22:15";"5";"75";"75119";"2";"2";"1";"6";"RUE DE MEAUX";"48,8828110";"2,3757320"
"201900001588";"12";"6";"2019";"18:55";"1";"92";"92014";"2";"2";"1";"6";"RAVON (RUE)";"48,7799480";"2,3159417"
"201900001589";"12";"6";"2019";"13:00";"1";"92";"92002";"2";"1";"2";"6";"DIVISION LECLERC (53 A 217 - 58 A 186)";"48,7443376";"2,3031223"
"201900001590";"15";"8";"2019";"22:00";"5";"75";"75118";"2";"4";"2";"6";"AVENUE DE LA PORTE DE LA CHAPELLE";"48,8989116";"2,3590122"
"201900001591";"14";"8";"2019";"15:00";"1";"75";"75118";"2";"3";"1";"6";"RUE SAINT ELEUTHERE";"48,8861970";"2,3413950"
"201900001592";"14";"8";"2019";"07:55";"1";"75";"75118";"2";"2";"1";"6";"RUE HERMEL";"48,8916800";"2,3446100"
"201900001593";"14";"8";"2019";"10:00";"1";"75";"75117";"2";"2";"1";"6";"RUE DE COURCELLES";"48,8812321";"2,3010456"
"201900001594";"8";"6";"2019";"10:40";"1";"92";"92002";"2";"3";"1";"3";"PRESIDENT KENNEDY (2 A 48)";"48,7398795";"2,3009454"
"201900001595";"12";"8";"2019";"12:40";"1";"75";"75117";"2";"7";"1";"3";"PLACE DE VERDUN";"48,8795871";"2,2808435"
"201900001596";"3";"6";"2019";"19:30";"1";"92";"92002";"2";"3";"1";"3";"ARMAND GUILLEBAUD (AVENUE)";"48,7486198";"2,3074262"
"201900001597";"17";"8";"2019";"19:05";"1";"75";"75116";"2";"1";"2";"3";"RUE DU COMMANDANT GUILBAUD";"48,8401400";"2,2516350"
"201900001598";"2";"6";"2019";"02:54";"3";"22";"22213";"1";"1";"1";"7";"Le Bouillon";"48,5081292";" -1,9988723"
"201900001599";"17";"8";"2019";"02:50";"5";"75";"75116";"2";"3";"2";"3";"AVENUE DU PRESIDENT KENNEDY";"48,8527065";"2,2807069"
"201900001600";"14";"8";"2019";"10:15";"1";"75";"75116";"2";"3";"1";"3";"AVENUE DE LA GRANDE ARMEE";"48,8748065";"2,2917062"
"201900001601";"1";"6";"2019";"18:50";"1";"80";"80540";"1";"3";"1";"3";"D50";"50,0467260";"2,6617670"
"201900001602";"1";"6";"2019";"12:55";"1";"37";"37123";"1";"6";"1";"7";"D952";"47,3290400";"0,4463210"
"201900001603";"15";"8";"2019";"17:20";"1";"75";"75115";"2";"2";"1";"3";"RUE EMERIAU";"48,8487262";"2,2852260"
"201900001604";"5";"6";"2019";"09:18";"1";"37";"37063";"2";"3";"2";"6";"32 Rue Gambetta";"47,5954235";"0,9129736"
"201900001605";"16";"8";"2019";"17:05";"1";"75";"75114";"2";"4";"1";"3";"BOULEVARD ROMAIN ROLLAND";"48,8202094";"2,3239812"
"201900001606";"9";"6";"2019";"17:30";"1";"83";"83043";"2";"1";"1";"6";"lieu dit le moulin";"43,2370450";"6,3146330"
"201900001607";"4";"6";"2019";"17:30";"1";"1";"01444";"1";"1";"9";"6";"D 19 PK 2+700";"45,8362036";"5,4373044"
"201900001608";"16";"8";"2019";"11:10";"1";"75";"75114";"2";"2";"1";"6";"BOULEVARD JOURDAN";"48,8213962";"2,3343745"
"201900001609";"12";"8";"2019";"04:07";"5";"75";"75114";"2";"2";"1";"3";"AVENUE DU MAINE";"48,8368401";"2,3232434"
"201900001610";"3";"6";"2019";"14:05";"1";"47";"47048";"2";"1";"1";"6";"Avenue du Parc des Sports";"44,5386850";"0,6217380"
"201900001611";"15";"6";"2019";"09:00";"1";"54";"54089";"1";"1";"1";"6";"D913";"48,7851440";"6,2803250"
"201900001612";"17";"8";"2019";"19:35";"1";"75";"75113";"2";"1";"2";"6";"RUE CLISSON";"48,8316237";"2,3667222"
"201900001613";"31";"5";"2019";"19:15";"1";"81";"81271";"1";"1";"7";"2";"A 68  PK 027+385  sens  décroissant   echangeur 6";"43,7597920";"1,7113930"
"201900001614";"16";"8";"2019";"16:00";"1";"75";"75113";"2";"1";"1";"2";"AVENUE D ITALIE";"48,8291571";"2,3562258"
"201900001615";"15";"8";"2019";"00:25";"5";"75";"75107";"2";"3";"1";"6";"QUAI D ORSAY";"48,8623324";"2,3074885"
"201900001616";"9";"6";"2019";"05:15";"3";"2A";"2A189";"1";"1";"1";"3";"RD 157 - lieu-dit Tenutella";"41,7080410";"8,8304550"
"201900001617";"14";"8";"2019";"00:32";"5";"75";"75113";"2";"3";"1";"3";"QUAI D AUSTERLITZ";"48,8430669";"2,3663200"
"201900001618";"11";"6";"2019";"10:45";"1";"87";"87157";"1";"1";"2";"2";"Bussin";"45,9386110";"1,4586490"
"201900001619";"13";"8";"2019";"07:50";"1";"75";"75112";"2";"1";"1";"3";"BOULEVARD DIDEROT";"48,8470490";"2,3843070"
"201900001620";"16";"6";"2019";"23:00";"3";"86";"86276";"1";"1";"1";"1";"ROUTE DEPARTEMENTALE 741";"46,2663810";"0,5207580"
"201900001621";"16";"8";"2019";"12:10";"1";"75";"75110";"2";"2";"1";"6";"RUE DU FAUBOURG SAINT DENIS";"48,8795380";"2,3572220"
"201900001622";"6";"6";"2019";"17:45";"1";"2A";"2A212";"1";"1";"1";"7";"D824";"42,2406890";"8,6043820"
"201900001623";"14";"8";"2019";"16:35";"1";"75";"75110";"2";"3";"1";"6";"RUE DU CHATEAU LANDON";"48,8837850";"2,3643510"
"201900001624";"15";"6";"2019";"18:35";"1";"51";"51328";"2";"1";"1";"7";"RUE D'HARAPE";"48,7572700";"4,5462174"
"201900001625";"13";"8";"2019";"15:30";"1";"75";"75109";"2";"3";"1";"3";"RUE LA FAYETTE";"48,8765705";"2,3465735"
"201900001626";"4";"6";"2019";"04:35";"2";"1";"01359";"1";"1";"1";"7";"D7B";"46,0742740";"5,0651610"
"201900001627";"16";"8";"2019";"17:10";"1";"75";"75108";"2";"1";"1";"3";"RUE D ARTOIS";"48,8729510";"2,3077990"
"201900001628";"10";"6";"2019";"18:00";"1";"1";"01450";"1";"1";"2";"7";"RD 984";"45,9198412";"5,2226969"
"201900001629";"12";"8";"2019";"09:10";"1";"75";"75108";"2";"7";"1";"3";"PLACE DE L EUROPE";"48,8791056";"2,3234607"
"201900001630";"16";"8";"2019";"20:05";"1";"75";"75107";"2";"7";"1";"3";"PLACE DE LA RESISTANCE";"48,8624421";"2,3019415"
"201900001631";"16";"8";"2019";"12:38";"1";"75";"75107";"2";"2";"1";"3";"QUAI D ORSAY";"48,8624421";"2,3019522"
"201900001632";"5";"6";"2019";"15:00";"1";"62";"62534";"1";"2";"1";"1";"D225";"50,7148560";"2,1064830"
"201900001633";"16";"8";"2019";"00:01";"5";"75";"75102";"2";"3";"1";"3";"BOULEVARD POISSONNIERE";"48,8708792";"2,3467142"
"201900001634";"5";"6";"2019";"05:30";"2";"62";"62837";"1";"2";"1";"3";"Route Départementale 131";"50,6790140";"2,0762920"
"201900001635";"18";"6";"2019";"08:50";"1";"26";"26087";"2";"1";"1";"2";"Route de Parnans";"45,0934680";"5,1326560"
"201900001636";"15";"8";"2019";"15:45";"1";"75";"75103";"2";"2";"8";"3";"RUE DES FRANCS BOURGEOIS";"48,8586818";"2,3587801"
"201900001637";"13";"8";"2019";"16:00";"1";"75";"75102";"2";"1";"1";"6";"RUE MONTMARTRE";"48,8705870";"2,3427750"
"201900001638";"6";"6";"2019";"08:00";"1";"26";"26194";"2";"1";"1";"1";"Route du Poulet";"45,1963160";"5,0580870"
"201900001639";"13";"8";"2019";"18:20";"2";"94";"94081";"2";"2";"8";"3";"BERTHIE ALBRECHT (R)";"48,7990900";"2,4114300"
"201900001640";"12";"6";"2019";"13:50";"1";"38";"38336";"1";"3";"1";"3";"Route du Barrage";"45,4925600";"4,8285900"
"201900001641";"14";"8";"2019";"17:15";"1";"94";"94078";"2";"3";"1";"1";"EMILE ZOLA (R)";"48,7353300";"2,4517200"
"201900001642";"4";"6";"2019";"08:07";"1";"25";"25001";"1";"1";"1";"3";"RD105";"47,1436130";"5,8891650"
"201900001643";"14";"8";"2019";"18:00";"1";"94";"94042";"2";"1";"1";"4";"GENERAL GALLIENI (AV DU)";"48,8199300";"2,4782400"
"201900001644";"1";"6";"2019";"07:50";"1";"66";"66144";"1";"1";"1";"2";"A9, sens Espagne//France, PK 257+200";"42,6517480";"2,8613910"
"201900001645";"8";"6";"2019";"14:30";"1";"1";"01004";"2";"1";"1";"1";"rue du clos lebreton";"45,9597330";"5,3507650"
"201900001646";"14";"8";"2019";"07:50";"1";"94";"94052";"2";"1";"1";"6";"STRASBOURG (BD DE)";"48,8341500";"2,4768300"
"201900001647";"31";"5";"2019";"20:55";"1";"1";"01004";"2";"1";"1";"7";"Avenue Roger Salengro";"45,9559450";"5,3463300"
"201900001648";"16";"8";"2019";"22:50";"5";"94";"94041";"2";"9";"1";"1";"REPUBLIQUE (AV DE LA)";"48,8025400";"2,3972000"
"201900001649";"9";"6";"2019";"00:00";"3";"17";"17045";"1";"1";"1";"6";"RD 238";"45,8712170";" -0,8534170"
"201900001650";"16";"6";"2019";"10:50";"1";"80";"80444";"1";"1";"1";"7";"A28";"50,0502100";"1,7989810"
"201900001651";"15";"6";"2019";"20:50";"1";"60";"60157";"2";"1";"1";"7";"107 Rue de Paris";"49,3671200";"2,4189580"
"201900001652";"16";"8";"2019";"08:45";"1";"94";"94011";"2";"3";"1";"3";"SEMARD(RUE PIERRE)";"48,7620000";"2,4780000"
"201900001653";"14";"6";"2019";"03:55";"3";"2";"02017";"1";"1";"1";"2";"Autoroute A26 CALAIS REIMS PK 191+500";"49,6986950";"3,4428920"
"201900001654";"15";"8";"2019";"17:15";"1";"94";"94028";"2";"3";"1";"6";"LECLERC.(RUE DU GENERAL)";"48,7842300";"2,4715500"
"201900001655";"15";"8";"2019";"08:45";"1";"94";"94028";"2";"1";"1";"6";"CHOISY(ROUTE DE)";"48,7902200";"2,4529700"
"201900001656";"29";"5";"2019";"16:20";"1";"2";"02124";"1";"1";"1";"6";"Autoroute A26 pk 187+700";"49,7276200";"3,4094990"
"201900001657";"13";"8";"2019";"12:00";"1";"94";"94028";"2";"1";"1";"3";"SEBASTIEN(VILLA)";"48,7892500";"2,4652200"
"201900001658";"4";"6";"2019";"08:00";"1";"16";"16050";"1";"1";"1";"1";"Ld Le Maine Aubrun";"45,5855500";" -0,1231720"
"201900001659";"12";"8";"2019";"19:40";"1";"94";"94028";"2";"9";"1";"7";"CHOISY(ROUTE DE)";"48,7837530";"2,4471030"
"201900001660";"14";"6";"2019";"01:30";"3";"74";"74307";"1";"1";"1";"4";"A410";"46,0035210";"6,1265880"
"201900001661";"20";"6";"2019";"11:40";"1";"22";"22172";"1";"3";"1";"3";"RD 19 / D 768";"48,5375162";" -2,2242192"
"201900001662";"18";"6";"2019";"21:37";"1";"22";"22209";"2";"1";"1";"7";"rue du colonel pleven";"48,5799400";" -2,1425700"
"201900001663";"7";"6";"2019";"11:13";"1";"43";"43040";"2";"1";"1";"2";"Avenue d'Auvergne";"45,3036810";"3,3783150"
"201900001664";"13";"8";"2019";"21:00";"2";"94";"94022";"2";"1";"1";"7";"STALINGRAD (BD DE)";"48,7707170";"2,4013730"
"201900001665";"29";"5";"2019";"15:17";"1";"43";"43188";"2";"1";"1";"2";"le bourg";"45,1556736";"3,5414600"
"201900001666";"12";"8";"2019";"22:55";"3";"94";"94017";"2";"9";"1";"3";"JEAN JAURES (R)";"48,8149820";"2,5066010"
"201900001667";"7";"6";"2019";"23:00";"3";"68";"68156";"1";"1";"6";"6";"D3B3";"47,9102500";"7,2576250"
"201900001668";"17";"8";"2019";"17:40";"1";"94";"94047";"2";"6";"2";"7";"VERDUN (R DE)";"48,7102600";"2,5581600"
"201900001669";"7";"6";"2019";"13:30";"1";"68";"68112";"2";"1";"1";"7";"Rue de l'Église";"47,9106430";"7,2106180"
"201900001670";"14";"8";"2019";"16:45";"1";"94";"94071";"2";"1";"1";"3";"MAGELLAN (RUE)";"48,7726981";"2,5039773"
"201900001671";"19";"6";"2019";"00:30";"3";"86";"86050";"1";"1";"1";"6";"RD24";"46,6685100";" -0,0036050"
"201900001672";"17";"8";"2019";"17:15";"1";"94";"94002";"2";"3";"2";"2";"JEAN BAPTISTE CLEMENT (QU)";"48,7904900";"2,4239400"
"201900001673";"6";"6";"2019";"22:15";"5";"33";"33138";"2";"1";"1";"6";"5 Avenue Justin Luquot";"45,0406520";" -0,1254110"
"201900001674";"9";"6";"2019";"18:35";"1";"40";"40296";"2";"2";"1";"3";"Avenue Charles de Gaulle";"43,6845650";" -1,3752900"
"201900001675";"17";"8";"2019";"19:00";"1";"93";"93078";"2";"1";"2";"5";"CHEMIN DEPARTEMENTAL";"48,9791640";"2,5300910"
"201900001676";"7";"6";"2019";"23:10";"3";"40";"40296";"1";"1";"1";"1";"RD 152, les casernes";"43,7181660";" -1,4178410"
"201900001677";"17";"8";"2019";"09:15";"1";"93";"93073";"2";"4";"2";"6";"CHAPIT RE ( RUE DU)";"49,0024820";"2,5369540"
"201900001678";"2";"6";"2019";"06:00";"2";"40";"40296";"1";"1";"1";"6";"D337";"43,7227030";" -1,4055470"
"201900001679";"4";"6";"2019";"22:55";"5";"33";"33081";"2";"2";"1";"6";"allée de lattre de tassigny";"44,6362400";" -0,3211360"
"201900001680";"12";"8";"2019";"01:00";"5";"93";"93072";"2";"1";"1";"3";"MARCEL CACHIN (AVENUE) DES N°1 AU 17";"48,9577060";"2,3824960"
"201900001681";"13";"8";"2019";"18:00";"1";"93";"93066";"2";"1";"8";"2";"CASANOVA DANIELLE NR 2 A 50 ET 1 A 19";"48,9295500";"2,3592500"
"201900001682";"13";"8";"2019";"10:00";"1";"93";"93066";"2";"1";"1";"6";"""STRASBOURG, NR 1 A 71 ET 2 A 34""";"48,9361800";"2,3636800"
"201900001683";"1";"6";"2019";"10:40";"1";"33";"33254";"1";"1";"1";"2";"Bonin Nord";"44,5440300";" -0,0351900"
"201900001684";"17";"8";"2019";"18:45";"1";"93";"93064";"2";"1";"2";"2";"QUATRIEME ZOUAVES (RUE DU)";"48,8719020";"2,4750370"
"201900001685";"16";"8";"2019";"18:45";"1";"93";"93064";"2";"9";"1";"2";"HOFFMANN (RUE PHILIBERT)";"48,8813130";"2,4861020"
"201900001686";"8";"6";"2019";"17:00";"1";"17";"17437";"1";"2";"1";"1";"Le Caillaud";"45,5320936";" -0,8920826"
"201900001687";"15";"8";"2019";"04:50";"5";"93";"93051";"1";"1";"8";"2";"PAVE NEUF (AVENUE)";"48,8361800";"2,5643280"
"201900001688";"8";"6";"2019";"11:15";"1";"34";"34243";"1";"1";"1";"3";"d 986";"43,9101020";"3,7366700"
"201900001689";"20";"6";"2019";"08:00";"1";"6";"06161";"2";"1";"1";"3";"D241";"43,6341640";"7,1274460"
"201900001690";"13";"8";"2019";"14:30";"1";"93";"93048";"2";"2";"8";"3";"GABRIEL PERI (AVENUE)";"48,8574260";"2,4400760"
"201900001691";"5";"6";"2019";"10:45";"1";"6";"06161";"2";"9";"1";"3";"1843-1721 Route Nationale 7";"43,6329990";"7,1342970"
"201900001692";"17";"8";"2019";"16:00";"1";"93";"93046";"2";"2";"2";"2";"EUGENE MASSE RUE";"48,9260900";"2,5450400"
"201900001693";"1";"6";"2019";"23:00";"5";"6";"06161";"2";"1";"1";"7";"688 Avenue de la Grange Rimade";"43,6633220";"7,1238090"
"201900001694";"16";"8";"2019";"08:40";"1";"93";"93063";"2";"1";"1";"6";"BERLIOZ AVENUE";"48,8728332";"2,4461662"
"201900001695";"3";"5";"2019";"11:08";"1";"6";"06161";"2";"1";"1";"2";"Avenue des Plans";"43,6537280";"7,1259480"
"201900001696";"15";"8";"2019";"22:20";"5";"93";"93006";"2";"5";"1";"3";"CARNOT RUE SADI";"48,8762870";"2,4260530"
"201900001697";"15";"6";"2019";"17:05";"2";"74";"74238";"2";"3";"3";"3";"Route des Grandes Alpes";"46,2341575";"6,6559552"
"201900001698";"16";"8";"2019";"09:24";"1";"93";"93032";"2";"1";"1";"3";"MONTFERMEIL   (ALLEE DE)";"48,8986300";"2,5372700"
"201900001699";"2";"6";"2019";"15:20";"1";"74";"74295";"1";"1";"1";"7";"Le Jotty";"46,3141794";"6,6101319"
"201900001700";"17";"8";"2019";"14:26";"1";"93";"93013";"2";"1";"2";"6";"LECLERC (AVENU DE LA DIVISION)";"48,9334600";"2,4240600"
"201900001701";"1";"6";"2019";"16:50";"1";"74";"74114";"1";"1";"1";"7";"Route de Graydon";"46,2055140";"6,6637830"
"201900001702";"15";"8";"2019";"19:17";"1";"93";"93027";"2";"1";"1";"2";"JAURES (AVENUE JEAN)";"48,9256300";"2,3977200"
"201900001703";"15";"6";"2019";"23:10";"3";"988";"98812";"1";"1";"1";"7";"RPN7";" -20,5015500";"164,2666600"
"201900001704";"18";"6";"2019";"01:20";"3";"84";"84137";"1";"1";"1";"6";"Avenue Marcel Corneloup";"44,2292220";"5,0886570"
"201900001705";"14";"8";"2019";"12:35";"1";"93";"93027";"2";"2";"1";"2";"RENARD (RUE EDOUARD)";"48,9231830";"2,4132420"
"201900001706";"14";"8";"2019";"20:10";"1";"93";"93010";"2";"1";"1";"6";"POLISSARD (RUE AUGUSTE)";"48,9053000";"2,4804000"
"201900001707";"1";"6";"2019";"14:30";"1";"84";"84069";"1";"1";"1";"1";"RD 19";"44,1734100";"5,1312660"
"201900001708";"13";"8";"2019";"18:50";"1";"93";"93008";"2";"1";"8";"6";"VAILLANT (AVENUE EDOUARD)";"48,9100000";"2,4664000"
"201900001709";"10";"6";"2019";"13:45";"1";"31";"31573";"2";"2";"1";"3";"Courbenause";"43,6483260";"1,6529410"
"201900001710";"13";"8";"2019";"16:30";"1";"93";"93007";"2";"9";"2";"3";"""PAUL VAILLANT COUTURIER (AVENUE """"DU 01";"48,9254200";"2,4658700"
"201900001711";"16";"6";"2019";"14:00";"1";"21";"21572";"1";"1";"1";"7";"A 36 - Bretelle A39 (PR 33)";"47,1236690";"5,3906310"
"201900001712";"13";"8";"2019";"23:15";"5";"93";"93027";"2";"9";"1";"6";"BLOCH (IMPASSE PRAEGER)";"48,9276700";"2,4163300"
"201900001713";"9";"6";"2019";"16:45";"1";"81";"81321";"1";"1";"1";"7";"RD 53 P 053+400 sens ANGLES - MAZAMET";"43,5508760";"2,4535620"
"201900001714";"16";"6";"2019";"11:55";"1";"81";"81311";"1";"1";"1";"6";"MONTMIRAIL";"43,7608930";"2,1925500"
"201900001715";"17";"8";"2019";"18:54";"1";"92";"92051";"2";"2";"2";"5";"SABLONS (BOULEVARD DES)";"48,8789200";"2,2707300"
"201900001716";"16";"8";"2019";"20:00";"1";"92";"92020";"2";"2";"1";"3";"PERI RUE GABRIEL";"48,7997500";"2,2856100"
"201900001717";"18";"6";"2019";"11:13";"1";"77";"77141";"1";"9";"1";"3";"Autoroute A4 PK36.800 Coutevroult";"48,8662860";"2,8518610"
"201900001718";"1";"6";"2019";"03:35";"3";"77";"77128";"1";"1";"1";"2";"A4";"48,8768610";"2,8779100"
"201900001719";"9";"6";"2019";"13:40";"1";"28";"28177";"1";"1";"1";"7";"Autoroute A11 PK 57+800 Sens PARIS/Province";"48,4275790";"1,5160477"
"201900001720";"9";"6";"2019";"20:30";"1";"92";"92044";"2";"1";"1";"6";"CHARLES PASQUA(QUAI) 2 A 30";"48,9009381";"2,2841129"
"201900001721";"9";"6";"2019";"16:45";"1";"83";"83073";"1";"1";"1";"7";"N/A";"43,3973337";"6,3535520"
"201900001722";"13";"8";"2019";"16:45";"1";"92";"92036";"2";"1";"1";"2";"GRESILLONS (QUAI DES)";"48,9194100";"2,3219900"
"201900001723";"14";"8";"2019";"08:00";"1";"92";"92026";"2";"9";"1";"4";"PRÉSIDENT PAUL DOUMER (QUAI DU)";"48,8907800";"2,2571120"
"201900001724";"13";"8";"2019";"11:50";"1";"92";"92026";"2";"3";"1";"3";"VERDUN (DE 01 A 61)";"48,9013000";"2,2599278"