"Num_Acc";"jour";"mois";"an";"hrmn";"lum";"dep";"com";"agg";"int";"atm";"col";"adr";"lat";"long"
"201900001725";"13";"8";"2019";"16:00";"1";"92";"92025";"2";"1";"1";"3";"CHARLES DE GAULLE (BD)";"48,9142810";"2,2292805"
"201900001726";"21";"7";"2019";"19:25";"1";"92";"92012";"2";"1";"1";"3";"ANDRE MORIZET (AVENUE) 1/47 - 2/52";"48,8359426";"2,2389835"
"201900001727";"13";"7";"2019";"14:35";"1";"92";"92012";"2";"1";"1";"6";"GENERAL LECLERC (AVENUE DU) 1/33 - 2/58";"48,8324973";"2,2397593"
"201900001728";"16";"8";"2019";"19:25";"2";"63";"63302";"2";"4";"1";"6";"Fossé de Macon/Mendes France";"45,7072549";"3,1261281"
"201900001729";"12";"8";"2019";"09:00";"1";"49";"49069";"1";"1";"1";"7";"Les Ponciers, LE PONCIER (Bouzillé)";"47,3433490";" -1,0773490"
"201900001730";"10";"8";"2019";"20:50";"5";"1";"01443";"2";"2";"1";"3";"Avenue Charles de Gaulle";"45,9997040";"5,0296570"
"201900001731";"16";"8";"2019";"01:55";"5";"83";"83136";"2";"1";"1";"6";"route du luc";"43,4517580";"6,3031030"
"201900001732";"15";"8";"2019";"19:20";"2";"38";"38107";"1";"3";"1";"1";"712 Nationale 7";"45,4627694";"4,8263025"
"201900001733";"14";"8";"2019";"12:28";"1";"91";"91414";"1";"1";"1";"1";"D18 PK+PR 04+200";"48,3476000";"2,0313170"
"201900001734";"15";"8";"2019";"01:22";"5";"6";"06161";"2";"6";"1";"7";"6007";"43,6384630";"7,1335166"
"201900001735";"15";"8";"2019";"01:30";"5";"6";"06161";"2";"6";"1";"6";"RD 241";"43,6369676";"7,1323392"
"201900001736";"17";"8";"2019";"14:15";"1";"84";"84069";"1";"1";"1";"3";"RD974";"44,1607480";"5,1468650"
"201900001737";"25";"7";"2019";"12:50";"1";"84";"84126";"1";"6";"1";"3";"RD977";"44,2051860";"5,0223070"
"201900001738";"16";"8";"2019";"11:45";"1";"31";"31547";"1";"2";"1";"3";"D12 - D50";"43,5040470";"1,2483680"
"201900001739";"16";"8";"2019";"13:45";"1";"76";"76135";"1";"1";"1";"6";"A150 pk 17+900";"49,5645474";"0,9014261"
"201900001740";"14";"8";"2019";"15:55";"1";"68";"68162";"1";"1";"1";"7";"RD 1 Bis - Sigolsheim";"48,1373590";"7,3227250"
"201900001741";"16";"8";"2019";"16:30";"1";"4";"04148";"1";"1";"1";"7";"RD 4085 Le Mousteiret";"43,7972230";"6,6302870"
"201900001742";"25";"10";"2019";"19:55";"5";"988";"98805";"2";"1";"1";"6";"R.T.1";" -22,1981570";"166,4787950"
"201900001743";"18";"10";"2019";"16:00";"1";"79";"79048";"1";"1";"2";"4";"N/A";"46,3471000";" -0,2950000"
"201900001744";"18";"10";"2019";"23:55";"3";"33";"33260";"1";"1";"1";"2";"A63";"44,5072600";" -0,8424500"
"201900001745";"25";"10";"2019";"08:00";"1";"6";"06004";"1";"1";"1";"3";"A8 chaussée nord";"43,6174960";"7,1155140"
"201900001746";"24";"10";"2019";"18:20";"2";"34";"34172";"1";"1";"1";"2";"A709";"43,6048320";"3,9298110"
"201900001747";"24";"10";"2019";"19:30";"5";"13";"13058";"2";"1";"1";"6";"Avenue du Général de Gaulle";"43,7151770";"4,8052110"
"201900001748";"26";"9";"2019";"08:00";"1";"27";"27469";"1";"1";"2";"6";"D6015";"49,2853450";"1,1576690"
"201900001749";"25";"10";"2019";"12:05";"1";"28";"28092";"1";"1";"2";"6";"A10";"48,3649240";"1,8811130"
"201900001750";"25";"10";"2019";"15:15";"1";"78";"78349";"1";"1";"1";"4";"A10";"48,5752510";"2,0032930"
"201900001751";"15";"6";"2019";"16:00";"1";"987";"98742";"1";"1";"1";"6";".";" -18,5206910";" -136,3477270"
"201900001752";"28";"7";"2019";"17:00";"1";"987";"98731";"2";"1";"1";"7";"Taipivai - Vallée de Hooumi";" -8,8746693";" -140,0612104"
"201900001753";"24";"10";"2019";"10:50";"1";"972";"97228";"2";"1";"1";"6";"Route Departementale 25 Bon Air";"14,7478300";" -61,0037140"
"201900001754";"24";"10";"2019";"17:45";"1";"57";"57433";"2";"1";"1";"3";"Rue de MARANGE";"49,2083540";"6,1542470"
"201900001755";"24";"10";"2019";"18:50";"3";"73";"73097";"1";"1";"1";"7";"D11";"45,5631958";"6,0192204"
"201900001756";"18";"10";"2019";"13:23";"1";"73";"73213";"2";"6";"1";"6";"D5 Rue des Belledonnes";"45,5516210";"5,9693155"
"201900001757";"24";"10";"2019";"16:50";"1";"1";"01049";"2";"3";"1";"2";"D1084";"45,8458800";"5,0388210"
"201900001758";"24";"10";"2019";"07:40";"2";"1";"01376";"2";"6";"2";"6";"Avenue Maurice-Cusin (Pont)";"45,8261530";"4,9814000"
"201900001759";"23";"10";"2019";"19:10";"5";"69";"69040";"2";"1";"2";"6";"67 Avenue de Lanessan";"45,7954400";"4,7921100"
"201900001760";"25";"10";"2019";"17:00";"1";"31";"31381";"2";"3";"1";"3";"rd 813";"43,4634580";"1,5684950"
"201900001761";"25";"10";"2019";"19:30";"2";"17";"17038";"1";"9";"1";"3";"RD 145";"45,2004850";" -0,3398900"
"201900001762";"24";"10";"2019";"02:00";"5";"47";"47157";"2";"9";"1";"6";"Boulevard Richard Coeur de Lion";"44,4991810";"0,1575210"
"201900001763";"24";"10";"2019";"17:30";"1";"33";"33164";"1";"1";"3";"3";"D8";"44,5395300";" -0,2876190"
"201900001764";"25";"10";"2019";"11:45";"1";"50";"50597";"1";"1";"2";"6";"La Durerie - Tirepied";"48,7149290";" -1,3082510"
"201900001765";"25";"10";"2019";"00:30";"5";"29";"29103";"2";"6";"1";"3";"20 Rue la Tour d'Auvergne";"48,4523810";" -4,2468060"
"201900001766";"25";"10";"2019";"12:40";"1";"27";"27161";"2";"1";"8";"7";"Rue Sainte Suzanne";"49,0552770";"1,0184210"
"201900001767";"24";"10";"2019";"17:15";"1";"76";"76321";"2";"3";"3";"3";"route de dieppe";"49,7817170";"1,2336050"
"201900001768";"25";"10";"2019";"15:00";"1";"60";"60589";"1";"6";"1";"2";"D44";"49,2057890";"2,4629820"
"201900001769";"25";"10";"2019";"17:40";"1";"60";"60141";"2";"6";"1";"6";"Avenue de la Plaine des Aigles";"49,1892780";"2,4802720"
"201900001770";"25";"10";"2019";"17:25";"1";"80";"80467";"1";"1";"1";"1";"D930";"49,6673250";"2,7488960"
"201900001771";"2";"10";"2019";"13:15";"1";"80";"80322";"1";"9";"1";"1";"D1017";"49,7716780";"2,8193090"
"201900001772";"25";"10";"2019";"08:10";"1";"80";"80521";"1";"1";"1";"3";"A1";"49,9800270";"2,8671200"
"201900001773";"6";"10";"2019";"10:20";"1";"13";"13071";"1";"1";"1";"4";"A51-Sens Marseille vers Aix en Provence";"43,4167900";"5,3655100"
"201900001774";"18";"10";"2019";"19:20";"2";"69";"69029";"1";"1";"2";"3";"RD383   7.640 A 11.044";"45,7389600";"4,9042300"
"201900001775";"18";"10";"2019";"06:25";"5";"69";"69115";"1";"1";"2";"6";"A6   427.300 A 428.640";"45,9733000";"4,7337900"
"201900001776";"19";"10";"2019";"21:20";"3";"69";"69272";"1";"1";"1";"2";"A46S   57.400 A 61.010";"45,5939600";"4,8466500"
"201900001777";"24";"10";"2019";"09:00";"1";"33";"33550";"1";"1";"1";"3";"ROCADE A 630";"44,7777100";" -0,5594100"
"201900001778";"24";"10";"2019";"07:50";"1";"33";"33013";"1";"1";"2";"4";"ROUTE NATIONALE 230";"44,8622900";" -0,5039000"
"201900001779";"24";"10";"2019";"17:45";"1";"91";"91064";"1";"1";"1";"3";"RN 118";"48,7482000";"2,1987200"
"201900001780";"24";"10";"2019";"09:30";"1";"94";"94003";"1";"1";"1";"4";"AUTOROUTE A6A";"48,8026000";"2,3418000"
"201900001781";"23";"10";"2019";"17:00";"1";"93";"93008";"1";"1";"1";"2";"AUTOROUTE A86";"48,9117750";"2,4395660"
"201900001782";"23";"10";"2019";"14:30";"1";"92";"92036";"1";"1";"1";"2";"AUTOROUTE A86";"48,9378311";"2,2974755"
"201900001783";"23";"10";"2019";"09:20";"1";"93";"93010";"1";"1";"1";"2";"AUTOROUTE A3";"48,9127900";"2,4765600"
"201900001784";"22";"10";"2019";"18:40";"1";"93";"93008";"1";"1";"1";"3";"AUTOROUTE A86";"48,9107500";"2,4420200"
"201900001785";"22";"10";"2019";"13:40";"1";"95";"95424";"1";"1";"5";"7";"AUTOROUTE A15";"48,9924700";"2,1882000"
"201900001786";"24";"10";"2019";"20:00";"4";"77";"77373";"1";"1";"1";"2";"RN104";"48,7888000";"2,6176000"
"201900001787";"24";"10";"2019";"20:00";"5";"94";"94065";"1";"1";"1";"4";"A86 EXT";"48,7540000";"2,3507500"
"201900001788";"24";"10";"2019";"08:00";"2";"94";"94018";"1";"1";"1";"4";"A4";"48,8176000";"2,4188000"
"201900001789";"24";"10";"2019";"07:40";"3";"94";"94018";"1";"1";"1";"2";"A4";"48,8175600";"2,4221900"
"201900001790";"22";"10";"2019";"20:45";"3";"94";"94018";"1";"1";"1";"2";"A4";"48,8182579";"2,4107479"
"201900001791";"22";"10";"2019";"20:00";"3";"94";"94073";"1";"1";"1";"4";"A86 EXT";"48,7667000";"2,3833000"
"201900001792";"21";"10";"2019";"17:45";"1";"71";"71153";"2";"7";"1";"1";"VILAR (RUE JEAN)";"46,7849000";"4,4347200"
"201900001793";"22";"10";"2019";"17:25";"1";"50";"50532";"1";"2";"1";"3";"CROISSANT (ROUTE DU)";"48,8154060";" -1,5474000"
"201900001794";"23";"10";"2019";"09:30";"1";"13";"13211";"1";"1";"8";"6";"Sens Aubagne vers Marseille";"43,2870500";"5,4358800"
"201900001795";"21";"10";"2019";"19:25";"4";"93";"93005";"1";"1";"1";"5";"AUTOROUTE A3";"48,9601800";"2,4735200"
"201900001796";"20";"10";"2019";"22:15";"4";"93";"93053";"1";"1";"2";"6";"AUTOROUTE A3";"48,8957000";"2,4709000"
"201900001797";"23";"10";"2019";"18:17";"4";"976";"97611";"2";"1";"1";"6";"kaweni-Kaweni nord ( Z I )";" -12,7613600";"45,2263800"
"201900001798";"23";"10";"2019";"13:10";"1";"974";"97416";"1";"2";"1";"3";"SAINT-EXPEDIT (RUE)";" -21,3455930";"55,4836770"
"201900001799";"23";"10";"2019";"17:10";"1";"974";"97409";"2";"3";"1";"5";"DE LA GARE(RUE)";" -20,9614200";"55,6564790"
"201900001800";"24";"10";"2019";"00:00";"5";"69";"69386";"2";"1";"3";"6";"MARECHAL DE SAXE                    (R )";"45,7662500";"4,8444100"
"201900001801";"23";"10";"2019";"16:30";"1";"69";"69387";"2";"2";"2";"6";"BERTHELOT                           (AV)";"45,7478200";"4,8336100"
"201900001802";"23";"10";"2019";"13:45";"1";"972";"97213";"1";"1";"1";"3";"PLACE D'ARMES";"14,6121700";" -60,9917200"
"201900001803";"22";"10";"2019";"11:45";"1";"69";"69389";"2";"1";"2";"1";"DOCTEURS CORDIER (DES)              (R )";"45,8014600";"4,8287200"
"201900001804";"11";"10";"2019";"17:29";"1";"971";"97101";"2";"1";"1";"6";"MORNE VERGAIN";"16,2543000";" -61,5229600"
"201900001805";"22";"10";"2019";"12:25";"1";"91";"91215";"1";"9";"1";"5";"QUINCY (RUE DE)";"48,6847000";"2,5154000"
"201900001806";"21";"10";"2019";"19:09";"5";"87";"87085";"2";"2";"1";"3";"PETIT TOUR (RUE DU)";"45,8317000";"1,2489300"
"201900001807";"21";"10";"2019";"09:10";"1";"85";"85194";"2";"6";"1";"6";"BOULEVARD DU VENDEE GLOBE ";"46,4998500";" -1,7569100"
"201900001808";"23";"10";"2019";"03:50";"5";"85";"85194";"2";"6";"2";"7";"AVENUE DE TALMONT ";"46,4895900";" -1,7502500"
"201900001809";"21";"10";"2019";"19:40";"2";"80";"80021";"2";"3";"1";"6";"VERDUN (RUE DE )";"49,8939600";"2,3115300"
"201900001810";"18";"10";"2019";"16:25";"1";"78";"78640";"2";"1";"1";"2";"LOUIS BREGUET (AVENUE)";"48,7818600";"2,1822500"
"201900001811";"23";"10";"2019";"07:00";"5";"77";"77438";"2";"4";"1";"4";"D418 X AV DES JONCS";"48,8698500";"2,6817100"
"201900001812";"23";"10";"2019";"18:10";"2";"74";"74305";"2";"3";"2";"1";"MONTREAL (RUE DE)";"46,2057440";"6,2834730"
"201900001813";"23";"10";"2019";"11:20";"1";"64";"64140";"2";"1";"8";"7";"GLIZE (RUE RAYMOND ET MARCEL)";"43,5154000";" -1,4795700"
"201900001814";"23";"10";"2019";"08:10";"1";"63";"63113";"2";"1";"1";"2";"CHATEAUDUN (RUE DE)";"45,7825000";"3,0982500"
"201900001815";"22";"10";"2019";"12:30";"1";"63";"63113";"2";"1";"1";"2";"MOULIN (BD JEAN)";"45,7732300";"3,1207700"
"201900001816";"22";"10";"2019";"11:00";"1";"62";"62193";"2";"2";"1";"3";"CURIE (BOULEVARD)";"50,9395300";"1,8628600"
"201900001817";"22";"10";"2019";"07:55";"2";"60";"60057";"2";"2";"5";"3";"JEAN MERMOZ (AVENUE)";"49,4370300";"2,0751700"
"201900001818";"23";"10";"2019";"08:25";"1";"59";"59009";"2";"6";"1";"3";"MONS BOULEVARD DE";"50,6460000";"3,1290000"
"201900001819";"13";"10";"2019";"11:06";"1";"59";"59350";"2";"9";"1";"6";"LAMBRET OSCAR AVENUE";"50,6148208";"3,0356061"
"201900001820";"7";"10";"2019";"16:28";"1";"59";"59017";"2";"1";"1";"6";"FAIDHERBE (BD )";"50,6866300";"2,8674300"
"201900001821";"23";"10";"2019";"09:45";"1";"56";"56098";"2";"6";"1";"2";"LECLERC (RUE  GENERAL )";"47,7630700";" -3,3495500"
"201900001822";"22";"10";"2019";"17:35";"1";"56";"56098";"1";"1";"1";"4";"RN 165";"47,7763800";" -3,3624300"
"201900001823";"18";"10";"2019";"15:00";"1";"54";"54395";"2";"1";"1";"7";"LORRAIN (QUAI CLAUDE LE)";"48,6996700";"6,1695200"
"201900001824";"22";"10";"2019";"10:25";"1";"51";"51108";"2";"1";"8";"7";"RUE EMILE SCHMIT";"48,9667500";"4,3600900"
"201900001825";"23";"10";"2019";"08:35";"2";"50";"50218";"2";"9";"2";"6";"MATIGNON (AV DES)";"48,8379000";" -1,5834000"
"201900001826";"22";"10";"2019";"07:00";"5";"50";"50129";"2";"1";"5";"4";"ABBAYE (RUE DE L')";"49,6459800";" -1,6397100"
"201900001827";"23";"10";"2019";"09:40";"1";"50";"50129";"2";"1";"1";"6";"FOURCHES (ROUTE DES)";"49,6372200";" -1,6506200"
"201900001828";"21";"10";"2019";"08:50";"1";"50";"50129";"2";"1";"8";"2";"TANNERIES (RUE DES)";"49,6329100";" -1,6230000"
"201900001829";"24";"10";"2019";"19:00";"2";"49";"49099";"2";"1";"1";"6";"MINEE(BOULEVARD DE LA)";"47,0551800";" -0,8600900"
"201900001830";"23";"10";"2019";"19:25";"4";"45";"45285";"2";"1";"1";"6";"AV P MENDES FRANCE";"47,9047000";"1,8660500"
"201900001831";"23";"10";"2019";"16:52";"1";"45";"45232";"1";"1";"9";"3";"RUE DE LA REINE BLANCHE";"47,8738906";"1,8811961"
"201900001832";"23";"10";"2019";"07:00";"5";"44";"44109";"2";"9";"1";"6";"BOULEVARD ROBERT SCHUMAN";"47,2416000";" -1,5734800"
"201900001833";"23";"10";"2019";"08:40";"1";"37";"37208";"2";"1";"8";"6";"BEAUGAILLARD (AVENUE)";"47,3649415";"0,7186116"
"201900001834";"23";"10";"2019";"20:45";"3";"35";"35238";"2";"5";"1";"1";"SAINT-BRIEUC (DE)";"48,1164200";" -1,7100000"
"201900001835";"24";"10";"2019";"02:10";"5";"33";"33063";"2";"3";"2";"3";"CRS VICTOR HUGO  - VTA = VTC";"44,8356790";" -0,5681300"
"201900001836";"22";"10";"2019";"16:50";"1";"33";"33039";"2";"4";"3";"2";"ALL DES QUATRE CASTERA";"44,8111900";" -0,5336400"
"201900001837";"23";"10";"2019";"09:50";"1";"32";"32013";"2";"1";"1";"6";"JEAN JAURES (AVENUE)";"43,6641600";"0,5974500"
"201900001838";"23";"10";"2019";"00:30";"5";"31";"31555";"2";"1";"3";"1";"AV M BOURGES MAUNOURY";"43,6296500";"1,4495900"
"201900001839";"23";"10";"2019";"16:40";"1";"30";"30007";"2";"1";"3";"7";"LUMIERES (AVE DES FRERES)";"44,1396700";"4,0893100"
"201900001840";"23";"10";"2019";"15:35";"1";"29";"29232";"2";"1";"2";"3";"LUZEL RUE";"47,9960400";" -4,0998700"
"201900001841";"20";"10";"2019";"14:50";"1";"29";"29232";"2";"1";"1";"7";"LIMERICK AVENUE DE";"47,9869800";" -4,0915100"
"201900001842";"18";"10";"2019";"13:00";"1";"29";"29232";"2";"6";"1";"6";"MENEZ EDOUARD  ROND POINT";"48,0154000";" -4,0821000"
"201900001843";"22";"10";"2019";"12:15";"1";"13";"13026";"1";"9";"1";"2";"RN 568 CLM";"43,3900600";"5,1675800"
"201900001844";"23";"10";"2019";"19:10";"5";"13";"13202";"2";"2";"3";"6";"DAMES (BOULEVARD DES)";"43,3029062";"5,3676313"
"201900001845";"23";"10";"2019";"15:30";"1";"13";"13213";"2";"1";"3";"2";"ROSE (AVENUE DE LA)";"43,3260674";"5,4205459"
"201900001846";"23";"10";"2019";"14:10";"1";"13";"13211";"1";"1";"2";"6";"JEAN LOMBARD (AVENUE)";"43,2889770";"5,4338270"
"201900001847";"21";"10";"2019";"18:00";"1";"13";"13215";"2";"1";"3";"5";"GARE (BOULEVARD DE LA) ";"43,3580400";"5,3657300"
"201900001848";"23";"10";"2019";"10:35";"1";"13";"13213";"2";"1";"8";"3";"VALLON VERT (CHEMIN DU)";"43,3349200";"5,4515200"
"201900001849";"22";"10";"2019";"19:55";"5";"13";"13211";"2";"1";"1";"2";"PINEDE (RUE DE LA)";"43,2926900";"5,4285800"
"201900001850";"22";"10";"2019";"08:10";"1";"5";"05061";"2";"1";"2";"4";"FOREST D'ENTRAIS ( RUE  DU )";"44,5647800";"6,0864700"
"201900001851";"22";"10";"2019";"19:15";"5";"75";"75120";"2";"1";"1";"6";"BD PERIPHERIQUE INTERIEUR";"48,8572400";"2,4140250"
"201900001852";"22";"10";"2019";"17:40";"1";"75";"75116";"2";"1";"1";"4";"BD PERIPHERIQUE EXTERIEUR";"48,8620140";"2,2643930"
"201900001853";"21";"10";"2019";"16:30";"1";"75";"75112";"2";"1";"1";"2";"BD PERIPHERIQUE INTERIEUR";"48,8308143";"2,4028080"
"201900001854";"23";"10";"2019";"20:32";"3";"75";"75112";"2";"1";"1";"3";"AVENUE DE NOGENT";"48,8443575";"2,4414997"
"201900001855";"22";"10";"2019";"20:20";"5";"75";"75114";"2";"3";"8";"3";"AVENUE PAUL VAILLANT COUTURIER";"48,8169835";"2,3321307"
"201900001856";"23";"10";"2019";"11:50";"1";"75";"75119";"2";"1";"8";"3";"RUE DU MAROC";"48,8862304";"2,3698221"
"201900001857";"23";"10";"2019";"17:10";"1";"75";"75118";"2";"1";"8";"3";"BOULEVARD NEY";"48,8986751";"2,3670130"
"201900001858";"23";"10";"2019";"16:00";"1";"75";"75118";"2";"5";"2";"3";"RUE MARCADET";"48,8912100";"2,3396426"
"201900001859";"23";"10";"2019";"14:30";"1";"75";"75110";"2";"2";"8";"6";"QUAI DE JEMMAPES";"48,8732275";"2,3642030"
"201900001860";"23";"10";"2019";"10:38";"1";"75";"75118";"2";"3";"8";"3";"RUE MARX DORMOY";"48,8868300";"2,3596900"
"201900001861";"23";"10";"2019";"16:50";"1";"75";"75117";"2";"2";"2";"3";"RUE RENNEQUIN";"48,8813090";"2,2985350"
"201900001862";"23";"10";"2019";"17:00";"1";"75";"75117";"2";"3";"1";"6";"BOULEVARD DE COURCELLES";"48,8786745";"2,3008495"
"201900001863";"22";"10";"2019";"09:30";"1";"75";"75108";"2";"1";"1";"3";"BOULEVARD DE COURCELLES";"48,8793707";"2,3041734"
"201900001864";"22";"10";"2019";"17:50";"1";"75";"75116";"2";"7";"1";"2";"PLACE DE COLOMBIE";"48,8631674";"2,2685777"
"201900001865";"22";"10";"2019";"17:20";"1";"75";"75115";"2";"1";"1";"6";"BOULEVARD PASTEUR";"48,8392271";"2,3163333"
"201900001866";"23";"10";"2019";"08:45";"1";"75";"75114";"2";"3";"1";"3";"AVENUE DU GENERAL LECLERC";"48,8308010";"2,3293970"
"201900001867";"23";"10";"2019";"10:45";"1";"75";"75113";"2";"1";"8";"6";"BOULEVARD MASSENA";"48,8239679";"2,3767372"
"201900001868";"22";"10";"2019";"22:32";"5";"75";"75113";"2";"5";"1";"3";"RUE BOBILLOT";"48,8258116";"2,3503620"
"201900001869";"23";"10";"2019";"11:50";"1";"75";"75112";"2";"7";"1";"3";"AVENUE DU TRONE";"48,8481109";"2,3974879"
"201900001870";"23";"10";"2019";"18:30";"5";"75";"75110";"2";"2";"1";"3";"RUE DE LANCRY";"48,8698630";"2,3607300"
"201900001871";"23";"10";"2019";"21:40";"3";"75";"75108";"2";"1";"1";"3";"VOIE GEORGES POMPIDOU";"48,8645733";"2,3039737"
"201900001872";"23";"10";"2019";"09:45";"1";"75";"75108";"2";"3";"1";"2";"BOULEVARD MALESHERBES";"48,8800984";"2,3134602"
"201900001873";"23";"10";"2019";"14:20";"1";"75";"75103";"2";"1";"1";"6";"RUE DES FRANCS BOURGEOIS";"48,8578900";"2,3603000"
"201900001874";"22";"10";"2019";"15:40";"1";"94";"94078";"2";"1";"2";"2";"PARIS (R DE)";"48,7311700";"2,4467100"
"201900001875";"23";"10";"2019";"19:00";"3";"94";"94003";"2";"1";"1";"4";"PAUL VAILLANT COUTURIER (AV)";"48,8000000";"2,3400000"
"201900001876";"23";"10";"2019";"02:50";"5";"94";"94076";"2";"1";"1";"7";"JEAN JAURES (R)";"48,7927000";"2,3665000"
"201900001877";"21";"10";"2019";"19:30";"5";"94";"94011";"2";"2";"1";"3";"PARIS(AVENUE DE)";"48,7741855";"2,4818347"
"201900001878";"23";"10";"2019";"13:30";"1";"94";"94079";"2";"1";"1";"3";"ANDRE ROUY (R)";"48,8228500";"2,5504400"
"201900001879";"23";"10";"2019";"12:23";"1";"93";"93078";"2";"2";"1";"3";"ROUX (RUE DU DOCTEUR)";"48,9509000";"2,5559000"
"201900001880";"23";"10";"2019";"07:19";"4";"93";"93053";"2";"7";"1";"6";"STAINS (ROUTE DE)";"48,9046890";"2,4701910"
"201900001881";"23";"10";"2019";"08:00";"2";"93";"93014";"2";"1";"8";"6";"JEAN MOULIN (AVENUE)";"48,9082500";"2,5549600"
"201900001882";"23";"10";"2019";"18:20";"2";"93";"93010";"2";"2";"1";"5";"BLANQUI (R. LOUIS-AUGUSTE) DE 32 A 134 C";"48,8981700";"2,4896800"
"201900001883";"23";"10";"2019";"14:28";"1";"93";"93008";"2";"1";"1";"3";"JAURES (AVENUE JEAN)";"48,8988300";"2,4420900"
"201900001884";"23";"10";"2019";"21:15";"3";"93";"93001";"2";"1";"1";"2";"ADRIEN AGNES (QUAI)";"48,9184200";"2,3692300"
"201900001885";"23";"10";"2019";"21:20";"5";"92";"92062";"2";"1";"1";"3";"GENERAL DE GAULLE (AV) DU 63 AU 107";"48,8875000";"2,2325000"
"201900001886";"23";"10";"2019";"11:15";"1";"92";"92035";"2";"1";"1";"6";"Voltaire ( rue )";"48,9069300";"2,2448000"
"201900001887";"6";"9";"2019";"13:50";"1";"9";"09209";"1";"1";"1";"6";"Audinac les Bains";"43,0073400";"1,1827320"
"201900001888";"24";"10";"2019";"09:00";"1";"54";"54235";"1";"1";"1";"6";"D55";"48,4882040";"6,0148370"
"201900001889";"14";"10";"2019";"15:25";"1";"76";"76245";"1";"1";"1";"2";"A151";"49,5487730";"1,0411350"
"201900001890";"24";"10";"2019";"07:50";"1";"974";"97422";"2";"1";"1";"6";"4 Chemin de l'Hermitage";" -21,2643260";"55,5079230"
"201900001891";"20";"10";"2019";"00:30";"5";"972";"97220";"2";"1";"1";"1";"chevalier";"14,4885820";" -60,9044930"
"201900001892";"23";"10";"2019";"16:50";"1";"62";"62361";"2";"3";"1";"3";"Avenue Philippe Lebas";"50,2765460";"2,2833670"
"201900001893";"24";"10";"2019";"11:40";"1";"51";"51380";"1";"1";"8";"7";"RD 41";"48,9083228";"3,5562406"
"201900001894";"20";"10";"2019";"21:40";"3";"56";"56022";"1";"1";"1";"6";"La Forêt";"47,8010680";" -2,9090670"
"201900001895";"23";"10";"2019";"17:20";"1";"69";"69169";"1";"1";"3";"1";"D98";"45,9890090";"4,3996820"
"201900001896";"18";"10";"2019";"10:40";"1";"81";"81120";"2";"6";"1";"6";"Place de l'Europe";"43,5384854";"2,2633694"
"201900001897";"24";"10";"2019";"07:30";"3";"49";"49143";"1";"3";"1";"3";"Chenaie";"47,6158310";" -0,1596990"
"201900001898";"22";"10";"2019";"14:18";"1";"12";"12042";"1";"4";"3";"1";"D25";"43,9521080";"2,7601070"
"201900001899";"18";"10";"2019";"07:55";"2";"44";"44072";"1";"2";"1";"3";"Route des Marais";"47,4110460";" -2,3504790"
"201900001900";"23";"10";"2019";"07:25";"3";"44";"44072";"1";"1";"2";"1";"D33";"47,4489080";" -2,2989160"
"201900001901";"24";"10";"2019";"17:15";"1";"38";"38389";"1";"2";"1";"3";"D518";"45,5560500";"5,0977200"
"201900001902";"14";"10";"2019";"13:00";"1";"2";"02179";"2";"1";"1";"1";"6 Rue de Fismes";"49,2612110";"3,6133150"
"201900001903";"24";"10";"2019";"07:30";"2";"3";"03110";"1";"1";"1";"5";"N/A";"46,1233520";"3,3560326"
"201900001904";"23";"10";"2019";"20:45";"5";"1";"01147";"2";"1";"1";"6";"D1";"46,4199560";"5,2960460"
"201900001905";"24";"10";"2019";"08:00";"2";"14";"14675";"1";"1";"2";"1";"D230";"49,1290610";" -0,2975760"
"201900001906";"24";"10";"2019";"05:27";"3";"45";"45306";"1";"1";"1";"3";"D2060";"48,0183970";"2,8853350"
"201900001907";"23";"10";"2019";"16:00";"1";"64";"64371";"2";"1";"8";"6";"36 rue Victor Hugo";"43,2208915";" -0,8878753"
"201900001908";"24";"10";"2019";"14:35";"1";"73";"73114";"1";"1";"2";"1";"D1212";"45,8230291";"6,5335659"
"201900001909";"23";"10";"2019";"19:20";"3";"18";"18221";"1";"1";"6";"7";"D35";"46,8056140";"2,3927510"
"201900001910";"23";"10";"2019";"12:35";"1";"40";"40288";"1";"4";"1";"2";"1628 Route du Jay";"44,0185690";" -0,3439350"
"201900001911";"23";"10";"2019";"23:40";"3";"30";"30004";"1";"1";"2";"6";"N113";"43,7167690";"4,2022440"
"201900001912";"24";"10";"2019";"10:05";"1";"48";"48092";"2";"1";"1";"6";"17 Avenue Théophile Roussel";"44,5579680";"3,2909180"
"201900001913";"23";"10";"2019";"15:10";"1";"49";"49193";"1";"1";"1";"6";"D15";"47,1592890";" -0,8945400"
"201900001914";"23";"10";"2019";"09:40";"1";"91";"91045";"1";"1";"1";"4";"D17";"48,5416740";"2,3872310"
"201900001915";"23";"10";"2019";"20:28";"3";"67";"67125";"1";"1";"1";"4";"Autoroute A35 PK 432.200 sens Strasbourg / Colmar";"48,3353480";"7,4991320"
"201900001916";"23";"10";"2019";"07:45";"2";"69";"69112";"1";"1";"2";"6";"A89  (Embranchement d'autoroute)";"45,8215900";"4,6892000"
"201900001917";"19";"10";"2019";"13:00";"1";"6";"06088";"1";"1";"3";"3";"A8 - PK 198+500 NORD";"43,7337390";"7,2405610"