"Num_Acc";"jour";"mois";"an";"hrmn";"lum";"dep";"com";"agg";"int";"atm";"col";"adr";"lat";"long"
"201900002296";"19";"9";"2019";"17:57";"1";"90";"90032";"2";"1";"1";"3";"VERDUN (RUE DE)";"47,6177600";"6,8523300"
"201900002297";"18";"9";"2019";"18:35";"1";"88";"88160";"2";"2";"1";"3";"CORVEES (RUE DES)";"48,1661800";"6,4570900"
"201900002298";"19";"9";"2019";"08:28";"1";"87";"87085";"2";"1";"1";"6";"CARMES (PLACE DES)";"45,8300100";"1,2502200"
"201900002299";"17";"9";"2019";"21:15";"3";"82";"82121";"1";"1";"1";"6";"ROUTE DE BORDEAUX";"44,0464000";"1,2984900"
"201900002300";"19";"9";"2019";"16:50";"1";"78";"78440";"2";"6";"1";"6";"PLÉIADES (RUE DES)";"48,9779200";"1,9139500"
"201900002301";"18";"9";"2019";"12:40";"1";"78";"78440";"2";"3";"1";"4";"MARECHAL FOCH (AVENUE DU)";"48,9890800";"1,8983100"
"201900002302";"19";"9";"2019";"17:00";"1";"77";"77284";"2";"1";"1";"2";"BRIAND (RUE ARISTIDE)";"48,9562556";"2,8859146"
"201900002303";"13";"9";"2019";"17:50";"1";"77";"77464";"2";"1";"1";"6";"D418-CLAYE  (RUE DE  )";"48,8840000";"2,7080800"
"201900002304";"18";"9";"2019";"13:50";"1";"76";"76351";"2";"2";"1";"3";"STRASBOURG (BD)";"49,4927000";"0,1166000"
"201900002305";"18";"9";"2019";"02:30";"5";"76";"76351";"2";"3";"1";"6";"JULES DURAND (BD)";"49,4894000";"0,1547200"
"201900002306";"17";"9";"2019";"19:45";"1";"76";"76351";"2";"1";"1";"6";"JULES DURAND (BD)";"49,4893000";"0,1540000"
"201900002307";"19";"9";"2019";"17:40";"1";"74";"74118";"2";"3";"1";"3";"DE GAULLE (RUE CHARLES)";"46,1656900";"6,1879000"
"201900002308";"19";"9";"2019";"13:20";"1";"74";"74012";"2";"4";"1";"3";"VERDUN (AVENUE DE)";"46,1905300";"6,2426200"
"201900002309";"19";"9";"2019";"10:05";"1";"72";"72181";"2";"2";"1";"3";"COQUELICOTS (RUE DES)";"47,9959300";"0,2067400"
"201900002310";"18";"9";"2019";"18:00";"1";"72";"72181";"2";"6";"1";"3";"BEAUGE (RUE DE)";"48,0115500";"0,1580100"
"201900002311";"14";"9";"2019";"22:43";"5";"69";"69266";"2";"1";"1";"6";"ROGER SALENGRO     (Avenue)";"45,7815600";"4,8864500"
"201900002312";"10";"9";"2019";"15:30";"1";"68";"68066";"2";"1";"1";"6";"9 rue de zurich";"48,0730760";"7,3319320"
"201900002313";"18";"9";"2019";"21:05";"5";"67";"67482";"2";"3";"1";"3";"ENGELBREIT (RUE DE L )";"48,5809140";"7,7075000"
"201900002314";"18";"9";"2019";"17:11";"1";"67";"67482";"2";"1";"1";"3";"NEUHOF (ROUTE)";"48,5557850";"7,7666840"
"201900002315";"18";"9";"2019";"14:25";"1";"67";"67482";"2";"1";"1";"3";"PERIGUEUX (RUE DE)";"48,5484370";"7,7687140"
"201900002316";"19";"9";"2019";"07:35";"1";"66";"66136";"2";"1";"1";"6";"SAINT-ASSISCLE (BOULEVARD DE)";"42,6987000";"2,8778100"
"201900002317";"19";"9";"2019";"13:50";"1";"64";"64445";"2";"6";"1";"2";"D817";"43,3188185";" -0,3073158"
"201900002318";"17";"9";"2019";"11:40";"1";"64";"64122";"2";"1";"1";"6";"MADRID (RUE DE)";"43,4703700";" -1,5688600"
"201900002319";"18";"9";"2019";"17:40";"1";"64";"64024";"2";"3";"1";"3";"CHAMBRE D'AMOUR (AVENUE DE LA)";"43,4950697";" -1,5336365"
"201900002320";"18";"9";"2019";"16:05";"1";"64";"64024";"2";"1";"1";"7";"EUSKADI (RUE DE L')";"43,4924200";" -1,5021800"
"201900002321";"6";"9";"2019";"17:45";"1";"61";"61006";"2";"2";"1";"3";"PETITS FOSSES (RUE DES) N° 1 A N° 9";"48,7493400";" -0,0232480"
"201900002322";"18";"9";"2019";"14:45";"1";"56";"56098";"2";"1";"1";"6";"Rue Paul Claudel";"47,7733655";" -3,3433414"
"201900002323";"18";"9";"2019";"10:24";"1";"56";"56121";"2";"2";"1";"6";"BOVE ( COURS DE LA )";"47,7464100";" -3,3597300"
"201900002324";"19";"9";"2019";"18:30";"1";"54";"54395";"2";"1";"1";"3";"MOUILLERON (RUE GABRIEL)";"48,6853000";"6,1770000"
"201900002325";"19";"9";"2019";"12:00";"1";"54";"54304";"2";"3";"1";"7";"VOLTAIRE (RUE)";"48,6813200";"6,1612700"
"201900002326";"19";"9";"2019";"09:22";"1";"54";"54395";"2";"1";"1";"1";"HUGO (RUE VICTOR)";"48,6899400";"6,1693800"
"201900002327";"18";"9";"2019";"12:00";"1";"51";"51454";"2";"3";"1";"3";"AVENUE BREBANT";"49,2583986";"4,0107103"
"201900002328";"17";"9";"2019";"20:20";"5";"50";"50602";"2";"2";"1";"3";"BECQUET (RUE DU)";"49,6529700";" -1,5522800"
"201900002329";"18";"9";"2019";"18:25";"1";"49";"49007";"2";"1";"1";"3";"VILLOUTREYS";"47,4599500";" -0,5243300"
"201900002330";"18";"9";"2019";"17:49";"1";"49";"49007";"2";"1";"1";"4";"MONPLAISIR BOULEVARD";"47,4910100";" -0,5277800"
"201900002331";"20";"9";"2019";"01:45";"5";"45";"45234";"2";"3";"1";"3";"BD A MARTIN - PLACE DU DOCTEUR HALMAGRAND";"47,9052328";"1,9097789"
"201900002332";"19";"9";"2019";"18:20";"1";"44";"44162";"2";"1";"1";"6";"RUE BENOIT FRACHON";"47,2196300";" -1,6214600"
"201900002333";"19";"9";"2019";"08:00";"1";"41";"41212";"2";"2";"1";"1";"NATIONALE (ROUTE)";"47,5694100";"1,3607900"
"201900002334";"18";"9";"2019";"15:50";"1";"35";"35281";"2";"6";"1";"3";"DODIN (AVENUE ROGER)";"48,0869000";" -1,7070000"
"201900002335";"19";"9";"2019";"21:20";"5";"34";"34172";"2";"1";"1";"2";"CHAMPLAIN (AVENUE SAMUEL)";"43,6070742";"3,8892293"
"201900002336";"19";"9";"2019";"18:30";"1";"34";"34172";"2";"1";"1";"3";"LIBERTE (AVENUE DE LA";"43,6121600";"3,8240200"
"201900002337";"18";"9";"2019";"17:45";"1";"34";"34172";"2";"3";"1";"1";"MAC LAREN (ALLEE AGNES)";"43,6387900";"3,8593700"
"201900002338";"11";"7";"2019";"10:35";"1";"33";"33063";"2";"3";"1";"6";"R. du Grand Maurian / R. Frantz Schrader";"44,8322250";" -0,6098940"
"201900002339";"19";"9";"2019";"22:50";"5";"13";"13215";"2";"9";"1";"1";"LE CHATELIER";"43,3463200";"5,3661200"
"201900002340";"19";"9";"2019";"16:30";"1";"13";"13206";"2";"3";"1";"3";"LOUIS SALVATOR (BOULEVARD)";"43,2910848";"5,3817818"
"201900002341";"23";"6";"2019";"10:00";"1";"13";"13209";"2";"6";"1";"3";"ROBERT BOUVIER (ROND-POINT)";"43,2525000";"5,4217220"
"201900002342";"18";"9";"2019";"17:40";"1";"13";"13207";"2";"1";"1";"1";"VALLON (TRAVERSE DU)";"43,2856680";"5,3530210"
"201900002343";"14";"9";"2019";"17:00";"1";"13";"13063";"2";"1";"1";"3";"SAINT SUSPY CHEMIN DE";"43,5859370";"5,0134400"
"201900002344";"19";"9";"2019";"06:20";"3";"13";"13004";"1";"1";"1";"1";"RTE DE TARASCON";"43,6975700";"4,6458500"
"201900002345";"17";"9";"2019";"19:50";"2";"13";"13001";"2";"3";"1";"4";"PETIT MOULIN (RTE DU)";"43,5046000";"5,3374600"
"201900002346";"18";"9";"2019";"23:15";"3";"11";"11069";"1";"1";"3";"3";"RD 6113";"43,2279000";"2,3779000"
"201900002347";"18";"9";"2019";"07:30";"1";"6";"06027";"2";"1";"1";"3";"CANNES AVENUE DE (RN7)";"43,6538730";"7,1470290"
"201900002348";"17";"9";"2019";"16:50";"1";"6";"06027";"2";"9";"1";"3";"KENNEDY BOULEVARD J.F.";"43,6525450";"7,1518160"
"201900002349";"19";"9";"2019";"10:00";"1";"75";"75113";"2";"1";"1";"4";"BD PERIPHERIQUE EXTERIEUR";"48,8241170";"2,3833990"
"201900002350";"17";"9";"2019";"08:15";"1";"75";"75116";"2";"1";"1";"3";"BD PERIPHERIQUE INTERIEUR";"48,8481510";"2,2535690"
"201900002351";"19";"9";"2019";"11:50";"1";"75";"75104";"2";"2";"1";"3";"RUE DE LA CITE";"48,8556450";"2,3483530"
"201900002352";"19";"9";"2019";"18:50";"1";"75";"75120";"2";"3";"1";"6";"AVENUE GAMBETTA";"48,8641600";"2,3922300"
"201900002353";"19";"9";"2019";"13:30";"1";"75";"75119";"2";"4";"1";"6";"RUE DE ROMAINVILLE";"48,8755560";"2,3992390"
"201900002354";"18";"9";"2019";"13:30";"1";"75";"75119";"2";"4";"1";"6";"RUE DE BELLEVILLE";"48,8768002";"2,4052459"
"201900002355";"19";"9";"2019";"19:35";"1";"75";"75118";"2";"1";"1";"6";"RUE JEAN HENRI FABRE";"48,9012374";"2,3416970"
"201900002356";"19";"9";"2019";"17:00";"1";"75";"75117";"2";"2";"1";"6";"AVENUE DE LA PORTE DE SAINT OUEN";"48,8976390";"2,3289890"
"201900002357";"19";"9";"2019";"17:20";"1";"75";"75117";"2";"5";"1";"6";"RUE PIERRE DEMOURS";"48,8819380";"2,2959230"
"201900002358";"19";"9";"2019";"13:10";"1";"75";"75117";"2";"4";"1";"3";"AVENUE DE WAGRAM";"48,8806980";"2,3000630"
"201900002359";"19";"9";"2019";"12:45";"1";"75";"75117";"2";"3";"1";"6";"BOULEVARD MALESHERBES";"48,8846120";"2,3079870"
"201900002360";"19";"9";"2019";"16:40";"1";"75";"75116";"2";"4";"1";"3";"AVENUE HENRI MARTIN";"48,8640031";"2,2717819"
"201900002361";"19";"9";"2019";"13:30";"1";"75";"75116";"2";"2";"1";"3";"BOULEVARD MURAT";"48,8453640";"2,2575560"
"201900002362";"19";"9";"2019";"03:43";"5";"75";"75108";"2";"4";"1";"6";"RUE LARRIBE";"48,8806400";"2,3183780"
"201900002363";"18";"9";"2019";"09:20";"1";"75";"75116";"2";"7";"1";"3";"PLACE DE LA PORTE DE SAINT CLOUD";"48,8375241";"2,2567195"
"201900002364";"18";"9";"2019";"21:30";"5";"75";"75107";"2";"3";"1";"3";"BOULEVARD DES INVALIDES";"48,8536960";"2,3147220"
"201900002365";"19";"9";"2019";"20:00";"2";"75";"75120";"2";"7";"1";"3";"AVENUE DE LA PORTE DE VINCENNES";"48,8470311";"2,4114947"
"201900002366";"19";"9";"2019";"17:50";"1";"75";"75112";"2";"2";"1";"5";"AVENUE DU TREMBLAY";"48,8298490";"2,4610770"
"201900002367";"19";"9";"2019";"14:40";"1";"75";"75112";"2";"2";"1";"3";"BOULEVARD DE PICPUS";"48,8429430";"2,4017120"
"201900002368";"19";"9";"2019";"16:45";"1";"75";"75110";"2";"2";"1";"3";"RUE DU FAUBOURG SAINT DENIS";"48,8795290";"2,3571940"
"201900002369";"19";"9";"2019";"18:41";"1";"75";"75110";"2";"1";"1";"6";"BOULEVARD DE LA VILLETTE";"48,8748100";"2,3736260"
"201900002370";"19";"9";"2019";"12:34";"1";"75";"75108";"2";"7";"1";"3";"PLACE DE LA CONCORDE";"48,8667690";"2,3220420"
"201900002371";"19";"9";"2019";"10:30";"1";"75";"75104";"2";"2";"1";"3";"BOULEVARD DU PALAIS";"48,8543470";"2,3449290"
"201900002372";"19";"9";"2019";"18:42";"2";"94";"94078";"2";"1";"1";"5";"PARIS (R DE)";"48,7287988";"2,4470481"
"201900002373";"19";"9";"2019";"19:10";"2";"94";"94076";"2";"1";"1";"1";"MAXIME GORKI (BD)";"48,7896500";"2,3685500"
"201900002374";"19";"9";"2019";"14:35";"1";"94";"94041";"2";"1";"1";"6";"FOUILLOUX (R)";"48,8076000";"2,3922900"
"201900002375";"18";"9";"2019";"23:20";"5";"94";"94041";"2";"2";"1";"6";"NELSON MANDELA";"48,8189800";"2,3992700"
"201900002376";"16";"9";"2019";"17:10";"1";"94";"94041";"2";"2";"1";"6";"HENRI BARBUSSE (AV)";"48,8090000";"2,3760000"
"201900002377";"19";"9";"2019";"17:03";"1";"94";"94073";"2";"9";"1";"2";"RENE PANHARD (AV)";"48,7633500";"2,3995900"
"201900002378";"19";"9";"2019";"11:40";"1";"94";"94073";"2";"1";"1";"6";"GENERAL DE GAULLE (AV DU)";"48,7679000";"2,3742700"
"201900002379";"19";"9";"2019";"07:40";"2";"94";"94038";"2";"1";"1";"2";"PAUL VAILLANT COUTURIER (BD)";"48,7790973";"2,3406358"
"201900002380";"19";"9";"2019";"21:00";"5";"94";"94017";"2";"1";"1";"3";"ALEXANDRE FOURNY (R)";"48,8187800";"2,5210924"
"201900002381";"17";"9";"2019";"18:20";"1";"94";"94017";"2";"1";"1";"2";"GENERAL DE GAULLE (AV DU)";"48,8207200";"2,4866300"
"201900002382";"19";"9";"2019";"16:40";"1";"94";"94047";"2";"1";"1";"3";"ROSES (R DES)";"48,6995862";"2,5427100"
"201900002383";"19";"9";"2019";"08:00";"1";"94";"94075";"2";"1";"1";"6";"MARECHAL DE LATTRE DE TASSIGNY (AV)";"48,7333600";"2,5213800"
"201900002384";"19";"9";"2019";"10:12";"1";"94";"94004";"2";"1";"1";"2";"MARECHAL DE LATTRE DE TASSIGNY (AV DU)";"48,7410000";"2,5140000"
"201900002385";"19";"9";"2019";"16:10";"1";"93";"93066";"2";"1";"1";"2";"WILSON (AVENUE DU PRESIDENT)";"48,9049967";"2,3588886"
"201900002386";"19";"9";"2019";"11:15";"1";"93";"93066";"2";"2";"1";"3";"GUYNEMER";"48,9478800";"2,3575500"
"201900002387";"19";"9";"2019";"01:30";"5";"93";"93001";"2";"1";"1";"3";"EDOUARD VAILLANT (BLD)";"48,9183350";"2,3983970"
"201900002388";"19";"9";"2019";"08:00";"1";"93";"93051";"2";"2";"8";"3";"MEDERIC (AVENUE)";"48,8303300";"2,5849000"
"201900002389";"19";"9";"2019";"18:25";"1";"93";"93050";"2";"3";"1";"3";"DAUPHINE (PLACE)";"48,8600000";"2,5300000"
"201900002390";"19";"9";"2019";"18:00";"1";"93";"93029";"2";"1";"1";"6";"ROGER SALENGRO N° 94 - FIN";"48,9171600";"2,4361300"
"201900002391";"19";"9";"2019";"17:40";"1";"93";"93014";"2";"3";"1";"3";"CHENE POINTU (ALLEE DU)";"48,9010900";"2,5474500"
"201900002392";"19";"9";"2019";"08:10";"2";"93";"93047";"2";"6";"1";"6";"FRENES (AVENUE DES)";"48,8897100";"2,5585600"
"201900002393";"19";"9";"2019";"17:10";"1";"93";"93010";"2";"1";"1";"2";"VERDUN (AV. DE) 1 A 33";"48,9052330";"2,4903640"
"201900002394";"19";"9";"2019";"10:30";"1";"93";"93001";"2";"1";"1";"6";"REPUBLIQUE (AVE DE LA ) => NO 41/50";"48,9068600";"2,3886600"
"201900002395";"19";"9";"2019";"15:45";"1";"92";"92072";"2";"1";"1";"6";"GRANDE RUE";"48,8250862";"2,2151095"
"201900002396";"18";"9";"2019";"17:50";"1";"92";"92064";"2";"1";"1";"6";"DAILLY";"48,8454000";"2,2176000"
"201900002397";"17";"9";"2019";"10:20";"1";"92";"92073";"2";"1";"1";"3";"RD 914";"48,8966707";"2,2304606"
"201900002398";"19";"9";"2019";"15:50";"1";"92";"92036";"2";"3";"1";"6";"GABRIEL PERI (AVENUE) (147/177)";"48,9170700";"2,2956700"
"201900002399";"19";"9";"2019";"06:50";"5";"92";"92036";"2";"3";"1";"3";"LAURENT CELY (AVENUE) (145/329)";"48,9277089";"2,3028440"
"201900002400";"18";"9";"2019";"21:30";"5";"92";"92023";"2";"6";"1";"3";"HUIT MAI 1945 (CARREFOUR DU) S103";"48,7914100";"2,2629200"
"201900002401";"19";"9";"2019";"09:05";"1";"92";"92032";"2";"2";"7";"6";"BLANCHARD (RUE)";"48,7945073";"2,2879371"
"201900002402";"19";"9";"2019";"08:40";"1";"92";"92007";"2";"3";"1";"2";"FOCH (AVENUE DU MARECHAL) AUTRES NUMEROS";"48,7866900";"2,3023800"
"201900002403";"19";"9";"2019";"15:15";"1";"8";"08343";"1";"1";"1";"1";"D217";"49,6786910";"5,0880880"
"201900002404";"20";"9";"2019";"12:15";"1";"62";"62254";"1";"1";"1";"6";"rue principale";"50,6135670";"2,1938160"
"201900002405";"18";"9";"2019";"11:00";"1";"76";"76249";"1";"1";"9";"3";"A 29";"49,6354900";"1,1597470"
"201900002406";"20";"9";"2019";"07:30";"1";"74";"74090";"1";"1";"1";"2";"A 410";"46,0923720";"6,2896890"
"201900002407";"17";"9";"2019";"10:30";"1";"64";"64254";"1";"2";"1";"4";"3320 Chemin Departemental 945";"43,5106716";" -0,6142430"
"201900002408";"17";"7";"2019";"06:00";"2";"35";"35176";"1";"2";"1";"3";"La Cottaie";"47,7945390";" -1,8599130"
"201900002409";"18";"9";"2019";"17:20";"1";"59";"59478";"1";"3";"1";"1";"Route de Looweg";"50,9554390";"2,4612010"
"201900002410";"12";"9";"2019";"19:00";"1";"84";"84099";"1";"2";"1";"3";"route d gordese";"43,8624000";"5,1033660"
"201900002411";"20";"9";"2019";"00:00";"5";"72";"72008";"2";"1";"1";"6";"boulevard pierre lefaucheux";"47,9458850";"0,1822300"
"201900002412";"19";"9";"2019";"14:00";"1";"37";"37179";"1";"1";"1";"6";"Autoroute A10";"47,4421023";"0,7381741"
"201900002413";"19";"9";"2019";"18:30";"1";"19";"19117";"1";"1";"1";"6";"RD59";"45,1175830";"1,4647260"
"201900002414";"19";"9";"2019";"17:20";"1";"56";"56244";"1";"1";"1";"7";"Le Glétin";"47,8350650";" -2,5383200"
"201900002415";"17";"9";"2019";"15:30";"1";"67";"67314";"1";"4";"1";"3";"D130";"48,4502683";"7,2255029"
"201900002416";"31";"8";"2019";"02:30";"5";"2B";"2B305";"1";"1";"1";"5";"Grisgione";"42,7335670";"9,4608780"
"201900002417";"20";"9";"2019";"09:05";"1";"82";"82134";"1";"1";"1";"6";"Chemin des Tempets Revel";"44,0651980";"1,5428530"
"201900002418";"20";"9";"2019";"16:10";"1";"82";"82134";"2";"1";"1";"2";"1145 Avenue du 8 Mai 1945";"44,0714420";"1,5088430"
"201900002419";"18";"9";"2019";"11:30";"1";"65";"65455";"2";"1";"1";"6";"Route de Saint-Laurent";"43,0747643";"0,4398493"
"201900002420";"19";"9";"2019";"21:03";"3";"89";"89142";"2";"1";"1";"6";"Route des Marnières";"48,0761900";"3,4516800"
"201900002421";"20";"9";"2019";"16:50";"1";"89";"89352";"1";"3";"7";"3";"CD90 X CD92";"47,6581270";"3,0405720"
"201900002422";"20";"9";"2019";"14:45";"1";"42";"42215";"1";"3";"1";"7";"D4";"46,1640510";"4,1943850"
"201900002423";"20";"9";"2019";"10:25";"1";"34";"34096";"1";"4";"1";"6";"D909";"43,5624760";"3,1806360"
"201900002424";"18";"9";"2019";"17:08";"1";"25";"25512";"1";"1";"1";"1";"Rue des Fuottes, PR18+450";"47,1519420";"6,7388850"
"201900002425";"16";"9";"2019";"04:45";"3";"44";"44175";"1";"1";"1";"6";"Le Pont d'Os";"47,3879820";" -2,3241290"
"201900002426";"20";"9";"2019";"03:25";"3";"44";"44169";"1";"6";"1";"6";"carrefour CD 215 et C9";"47,2324970";" -1,4395990"
"201900002427";"18";"9";"2019";"20:10";"2";"44";"44064";"1";"1";"1";"1";"D917";"47,0956370";" -1,2932360"
"201900002428";"19";"9";"2019";"20:30";"5";"38";"38175";"2";"3";"1";"3";"Boulevard Paul Langevin";"45,2596170";"5,9096940"
"201900002429";"18";"9";"2019";"21:30";"3";"3";"03200";"1";"1";"1";"7";"Patry";"46,5709231";"3,2771486"
"201900002430";"20";"9";"2019";"10:25";"1";"15";"15265";"2";"9";"1";"6";"avenue de la république";"45,3411240";"2,4344110"
"201900002431";"19";"9";"2019";"12:00";"1";"64";"64542";"1";"1";"1";"7";"N 134";"42,7982270";" -0,5307350"
"201900002432";"20";"9";"2019";"10:05";"1";"18";"18015";"1";"1";"7";"2";"Route de Clémont, LES CHAMPS DES PRES";"47,5158280";"2,4022350"
"201900002433";"20";"9";"2019";"11:00";"1";"18";"18053";"1";"2";"1";"3";"intersection RD51- RD6";"47,1130000";"2,8951230"
"201900002434";"19";"9";"2019";"18:30";"1";"7";"07020";"1";"1";"1";"7";"route des combes";"44,5657070";"4,6409080"
"201900002435";"19";"9";"2019";"16:00";"1";"53";"53057";"1";"1";"1";"6";"CD113";"48,3213530";" -0,4289830"
"201900002436";"19";"9";"2019";"20:50";"3";"40";"40119";"2";"1";"1";"6";"Chemin de Largele";"43,6482520";" -0,5996040"
"201900002437";"19";"9";"2019";"20:00";"2";"85";"85234";"2";"6";"1";"3";"Rue du Moulin Casse";"46,8023940";" -2,0896000"
"201900002438";"20";"9";"2019";"16:20";"1";"27";"27043";"1";"1";"7";"7";"Rue Prévost";"48,8776790";"0,8267660"
"201900002439";"18";"9";"2019";"06:45";"2";"37";"37249";"1";"1";"1";"1";"La Tonnerie";"47,4859260";"0,5171370"
"201900002440";"19";"9";"2019";"15:35";"1";"30";"30160";"1";"3";"1";"3";"D982";"44,0046690";"4,1297200"
"201900002441";"20";"9";"2019";"13:00";"1";"8";"08222";"1";"1";"1";"7";"D8051";"50,0112900";"4,7015490"
"201900002442";"19";"9";"2019";"16:30";"1";"973";"97309";"2";"1";"1";"6";"Route de Montjoly";"4,9134598";" -52,2733596"
"201900002443";"19";"9";"2019";"17:00";"1";"49";"49007";"1";"9";"1";"2";"A11 PK 262.000";"47,4907940";" -0,5372160"
"201900002444";"12";"2";"2019";"12:15";"1";"62";"62276";"1";"1";"1";"1";"RD 941";"50,5213000";"2,8218000"
"201900002445";"12";"2";"2019";"21:50";"3";"59";"59648";"2";"1";"1";"2";"CLEMENCEAU RUE";"50,5949365";"3,0510711"
"201900002446";"11";"2";"2019";"16:15";"1";"59";"59350";"2";"1";"1";"3";"LORRAINE BOULEVARD";"50,6345500";"3,0396100"
"201900002447";"13";"2";"2019";"05:15";"5";"57";"57672";"1";"1";"5";"6";"METZ (ROUTE DE)";"49,3368200";"6,1584700"
"201900002448";"11";"2";"2019";"17:22";"1";"57";"57221";"2";"2";"1";"3";"LORRAINE (AVENUE DE)";"49,3255700";"6,1226800"
"201900002449";"11";"2";"2019";"18:00";"2";"54";"54395";"2";"1";"1";"7";"MOTHE (RUE DE LA)";"48,6932000";"6,1962300"
"201900002450";"12";"2";"2019";"09:50";"1";"49";"49007";"2";"1";"1";"1";"MANSION";"47,4778600";" -0,5916500"
"201900002451";"11";"2";"2019";"17:37";"1";"49";"49015";"1";"2";"1";"3";"MEIGNANNE ROUTE DE LA";"47,4941400";" -0,5989200"
"201900002452";"11";"2";"2019";"17:55";"1";"49";"49007";"2";"1";"1";"6";"DUPETIT THOUARS";"47,4634320";" -0,5526160"
"201900002453";"11";"2";"2019";"18:17";"2";"49";"49007";"2";"1";"1";"6";"QUILLOT";"47,4587900";" -0,6131600"
"201900002454";"12";"2";"2019";"19:30";"5";"47";"47323";"2";"1";"1";"1";"PUJOLS (AVENUE)";"44,3991000";"0,6978300"
"201900002455";"11";"2";"2019";"15:07";"1";"47";"47001";"2";"4";"1";"3";"08 PUITS DU SAUMON (RUE DU)";"44,2056200";"0,6165000"
"201900002456";"13";"2";"2019";"07:08";"3";"45";"45235";"1";"1";"5";"5";"RD 955";"47,9526900";"1,8014900"
"201900002457";"11";"2";"2019";"11:10";"1";"45";"45298";"2";"1";"1";"2";"R DES CYGNES";"47,8757510";"1,8737990"
"201900002458";"13";"2";"2019";"15:30";"1";"45";"45208";"2";"2";"1";"3";"BD J F KENNEDY-R E MALATRE";"47,9957032";"2,7203542"
"201900002459";"8";"2";"2019";"15:50";"1";"44";"44184";"2";"2";"1";"6";" RUES JULES MANSARD/PORNICHET";"47,2677000";" -2,2220000"
"201900002460";"13";"2";"2019";"22:30";"5";"44";"44109";"2";"1";"1";"1";"RUE DE STRASBOURG";"47,2180000";" -1,5529200"
"201900002461";"11";"2";"2019";"14:30";"1";"44";"44162";"2";"1";"1";"5";"AVENUE DU PARNASSE";"47,2350900";" -1,5957400"
"201900002462";"11";"2";"2019";"06:00";"5";"42";"42218";"2";"1";"8";"6";"117 RUE PARE AMBROISE";"45,4068730";"4,3799710"
"201900002463";"11";"2";"2019";"13:30";"1";"41";"41295";"2";"1";"1";"3";"GRANDE RUE";"47,5805800";"1,3821500"
"201900002464";"13";"2";"2019";"00:50";"3";"37";"37233";"2";"1";"1";"7";"LOIRE (LEVEE DE LA)";"47,3982498";"0,7337973"
"201900002465";"12";"2";"2019";"18:35";"5";"37";"37214";"2";"6";"1";"3";"MARECHAL LECLERC (RD PT)";"47,4201100";"0,6627300"
"201900002466";"30";"1";"2019";"11:50";"1";"35";"35238";"2";"1";"2";"6";"PALESTINE (RUE DE LA)";"48,1154400";" -1,6697100"
"201900002467";"13";"2";"2019";"07:35";"1";"34";"34172";"2";"3";"1";"6";"MARES (AVENUE HENRI)";"43,6200800";"3,8514000"
"201900002468";"7";"2";"2019";"07:20";"5";"33";"33554";"1";"4";"1";"2";"AVE DES TABERNOTTES / RN89";"44,8682000";" -0,4701700"
"201900002469";"11";"2";"2019";"00:20";"3";"33";"33013";"1";"1";"1";"2";"N 89";"44,8660700";" -0,4803400"
"201900002470";"10";"2";"2019";"15:06";"1";"33";"33080";"1";"2";"1";"3";"RD111 / Chemin Martillac";"44,7467100";" -0,5638300"
"201900002471";"1";"2";"2019";"11:00";"1";"33";"33281";"2";"1";"1";"6";"Parking CC MONDESIR - VT se dirige vers station de lavage - piétonne av de la Marne vers CC";"44,8375000";" -0,6182500"
"201900002472";"13";"2";"2019";"08:15";"1";"31";"31555";"2";"3";"1";"3";"AV DE GRANDE BRETAGNE";"43,6012500";"1,4122500"
"201900002473";"12";"2";"2019";"13:54";"1";"31";"31149";"2";"1";"1";"6";"60 Bd VICTOR HUGO";"43,6175400";"1,3160700"
"201900002474";"12";"2";"2019";"10:05";"1";"31";"31555";"1";"1";"1";"4";"VA007331 A620";"43,5739900";"1,4668800"
"201900002475";"12";"2";"2019";"07:40";"2";"31";"31555";"1";"1";"1";"4";"VA007331 A620";"43,5724100";"1,4560200"
"201900002476";"12";"2";"2019";"07:50";"1";"30";"30189";"2";"1";"1";"4";"Route de montpellier";"43,8080949";"4,3259472"
"201900002477";"13";"2";"2019";"15:05";"1";"29";"29232";"2";"1";"1";"6";"SAULES  AVENUE DES";"47,9974196";" -4,1293401"
"201900002478";"8";"2";"2019";"17:35";"2";"29";"29019";"2";"1";"3";"2";"RN 12 (PEN AR CH'LEUZ A PONT DESFOSSES)";"48,4154600";" -4,4795000"
"201900002479";"12";"2";"2019";"15:45";"1";"29";"29019";"2";"6";"1";"3";"KERGOAT";"48,4018237";" -4,5024778"
"201900002480";"8";"2";"2019";"18:03";"5";"27";"27306";"2";"1";"1";"1";"CONCORDE (RUE)";"49,0094800";"1,1760500"
"201900002481";"12";"2";"2019";"12:25";"1";"25";"25056";"2";"2";"1";"6";"CHURCHILL BD WINSTON";"47,2503700";"6,0050700"
"201900002482";"12";"2";"2019";"19:15";"5";"24";"24322";"2";"6";"1";"3";"PLACE YVES GUENA";"45,1870800";"0,7214300"
"201900002483";"12";"2";"2019";"17:50";"1";"19";"19031";"2";"1";"1";"6";"ALVITRE (AVENUE ABBE)";"45,1534800";"1,5089500"
"201900002484";"13";"2";"2019";"01:30";"3";"18";"18267";"1";"1";"9";"2";"SAINT-AMAND (ROUTE DE)";"47,0315400";"2,3896300"
"201900002485";"13";"2";"2019";"14:37";"1";"17";"17415";"2";"6";"1";"3";"GATERAT LIEU DIT";"45,7460020";" -0,6915850"
"201900002486";"10";"2";"2019";"11:45";"1";"17";"17306";"2";"1";"1";"3";"LECLERC MARECHAL (AVENUE)";"45,6246520";" -1,0187790"