"Num_Acc";"jour";"mois";"an";"hrmn";"lum";"dep";"com";"agg";"int";"atm";"col";"adr";"lat";"long"
"201900002487";"12";"2";"2019";"12:20";"1";"17";"17028";"2";"1";"1";"3";"DOUX   CHEMIN DU PUITS";"46,1352000";" -1,1471000"
"201900002488";"13";"2";"2019";"14:45";"1";"13";"13071";"2";"1";"1";"1";"ROUTE NATIONALE 113 - AGAVON";"43,4164500";"5,2785600"
"201900002489";"9";"2";"2019";"16:00";"1";"13";"13043";"2";"1";"1";"7";"Chemin Carraire de l'Aiguille";"43,3914300";"5,2067980"
"201900002490";"14";"2";"2019";"02:20";"5";"13";"13209";"2";"1";"1";"6";"MICHELET (BOULEVARD)";"43,2632000";"5,3965000"
"201900002491";"13";"2";"2019";"14:40";"1";"13";"13210";"2";"2";"1";"7";"ROMAIN ROLLAND (BOULEVARD)";"43,2759450";"5,4174360"
"201900002492";"13";"2";"2019";"00:05";"5";"13";"13204";"2";"1";"1";"2";"MARÉCHAL JUIN (BOULEVARD)";"43,3121900";"5,4041800"
"201900002493";"12";"2";"2019";"22:00";"5";"13";"13212";"2";"4";"1";"1";"PIERRE CHEVALIER (avenue)";"43,2949300";"5,4185400"
"201900002494";"12";"2";"2019";"18:50";"5";"13";"13213";"2";"1";"1";"3";"POILUS (AVENUE DES)";"43,3191930";"5,4592000"
"201900002495";"12";"2";"2019";"14:40";"1";"13";"13210";"2";"1";"1";"3";"JEAN MOULIN (BOULEVARD)";"43,3363700";"5,4560000"
"201900002496";"12";"2";"2019";"15:00";"1";"13";"13214";"2";"6";"1";"3";"Rue de Lyon";"43,3285500";"5,3657480"
"201900002497";"11";"2";"2019";"18:05";"2";"13";"13203";"2";"3";"1";"6";"GÉNÉRAL LECLERC (RUE)";"43,3034900";"5,3788500"
"201900002498";"12";"2";"2019";"09:35";"1";"13";"13211";"2";"1";"1";"6";"BERNARD LECACHE (AVENUE)";"43,2942800";"5,4501800"
"201900002499";"12";"2";"2019";"08:30";"1";"13";"13210";"2";"1";"1";"2";"SCHLOESING (BOULEVARD)";"43,2734230";"5,4006110"
"201900002500";"11";"2";"2019";"16:43";"1";"13";"13201";"2";"1";"1";"6";"LÉON GAMBETTA (ALLEE)";"43,2991100";"5,3814100"
"201900002501";"27";"1";"2019";"13:30";"1";"13";"13004";"2";"2";"1";"3";"RUE GAMBETTA";"43,6752800";"4,6260100"
"201900002502";"13";"2";"2019";"15:15";"1";"13";"13001";"2";"1";"1";"6";"KENNEDY PRESIDENT (BD DU)";"43,5188500";"5,4308800"
"201900002503";"12";"2";"2019";"18:25";"2";"11";"11262";"2";"1";"1";"6";"LORRAINE (QUAI DE)";"43,1850580";"2,9995830"
"201900002504";"11";"2";"2019";"20:30";"3";"11";"11262";"1";"1";"1";"2";"RD 6009 NARBONNE - PERPIGNAN";"43,1935410";"2,9816180"
"201900002505";"13";"2";"2019";"15:45";"1";"6";"06029";"2";"3";"1";"6";"BRET (AVENUE DU CDT)";"43,5647500";"7,0263000"
"201900002506";"12";"2";"2019";"10:25";"1";"6";"06027";"2";"1";"7";"6";"GAUDE AVENUE DE LA";"43,6637300";"7,1488200"
"201900002507";"9";"2";"2019";"04:05";"5";"6";"06004";"2";"9";"1";"6";"GUILLAUMONT BD CHARLES";"43,5696400";"7,1070100"
"201900002508";"11";"2";"2019";"15:20";"1";"6";"06004";"2";"1";"1";"3";"JUIN AV.MARECHAL";"43,5605000";"7,1205400"
"201900002509";"12";"2";"2019";"07:56";"1";"1";"01344";"2";"1";"8";"6";"BRESSE (AVENUE DE)";"46,2032079";"5,1977586"
"201900002510";"11";"2";"2019";"17:30";"1";"75";"75114";"2";"1";"1";"3";"BOULEVARD PERIPHERIQUE";"48,8219220";"2,3167330"
"201900002511";"13";"2";"2019";"14:35";"1";"75";"75120";"2";"3";"1";"7";"RUE D AVRON";"48,8515280";"2,3995250"
"201900002512";"12";"2";"2019";"17:40";"2";"75";"75120";"2";"3";"1";"3";"RUE PELLEPORT";"48,8672420";"2,4022490"
"201900002513";"13";"2";"2019";"16:35";"1";"75";"75119";"2";"7";"1";"3";"PLACE AUGUSTE BARON";"48,9004410";"2,3870220"
"201900002514";"13";"2";"2019";"18:00";"1";"75";"75118";"2";"1";"1";"3";"BOULEVARD DE ROCHECHOUART";"48,8836140";"2,3474820"
"201900002515";"12";"2";"2019";"11:20";"1";"75";"75118";"2";"1";"1";"3";"BOULEVARD NEY";"48,8985480";"2,3563060"
"201900002516";"12";"2";"2019";"17:00";"1";"75";"75116";"2";"1";"1";"7";"ALLEE DE LONGCHAMP";"48,8654060";"2,2446270"
"201900002517";"13";"2";"2019";"02:00";"5";"75";"75110";"2";"1";"1";"6";"BOULEVARD DE MAGENTA";"48,8742870";"2,3578530"
"201900002518";"11";"2";"2019";"11:43";"1";"75";"75103";"2";"3";"1";"3";"RUE SAINT CLAUDE";"48,8601140";"2,3664630"
"201900002519";"13";"2";"2019";"21:10";"1";"75";"75103";"2";"1";"1";"6";"RUE FROISSART";"48,8615630";"2,3660960"
"201900002520";"13";"2";"2019";"17:45";"1";"93";"93010";"2";"9";"1";"6";"REPUBLIQUE (PL. DE LA)";"48,8952960";"2,4777450"
"201900002521";"13";"2";"2019";"19:50";"5";"92";"92051";"2";"2";"1";"3";"BINEAU (BOULEVARD, N°133 A 217 ET 134 A";"48,8921100";"2,2683600"
"201900002522";"12";"2";"2019";"08:45";"1";"92";"92060";"2";"1";"1";"6";"FERME (RUE DE LA)";"48,7823900";"2,2609900"
"201900002523";"13";"2";"2019";"13:30";"1";"92";"92012";"2";"1";"1";"2";"ALPHONSE LE GALLO (QUAI) 1/34";"48,8309727";"2,2279181"
"201900002524";"12";"2";"2019";"06:05";"5";"92";"92012";"2";"1";"8";"6";"PONT DE BILLANCOURT (PLACE DU)";"48,8250729";"2,2483915"
"201900002525";"13";"2";"2019";"08:15";"1";"54";"54587";"1";"1";"5";"6";"D904 - PR 57+500";"48,4931230";"6,0479640"
"201900002526";"13";"2";"2019";"20:00";"3";"14";"14284";"1";"1";"1";"6";"RD 44 PR 003+500";"48,8662157";" -0,2521198"
"201900002527";"14";"2";"2019";"15:30";"1";"6";"06161";"1";"1";"1";"3";"3143-2945 route nationale 7";"43,6233220";"7,1307730"
"201900002528";"13";"2";"2019";"17:45";"1";"49";"49281";"1";"9";"1";"3";"lieu dit la penolière";"47,1680070";" -0,7729090"
"201900002529";"13";"2";"2019";"08:00";"1";"31";"31480";"1";"1";"1";"6";"D18";"43,5534820";"1,6042400"
"201900002530";"10";"2";"2019";"16:15";"1";"34";"34259";"1";"1";"1";"6";"Autoroute A750 PK 11+738";"43,6336980";"3,7564620"
"201900002531";"14";"2";"2019";"14:00";"1";"12";"12145";"1";"1";"1";"6";"A 75 PK 213+322";"44,1528310";"3,0185540"
"201900002532";"14";"2";"2019";"10:20";"1";"50";"50214";"1";"1";"1";"1";"lieu-dit beau chêne";"48,9332090";" -1,0700210"
"201900002533";"12";"2";"2019";"14:15";"1";"37";"37160";"1";"1";"1";"2";"A10 pk 175+700";"47,5543900";"1,0110260"
"201900002534";"13";"2";"2019";"20:05";"5";"74";"74236";"2";"1";"1";"6";"10 chemin des tulipes";"45,8798480";"6,7162470"
"201900002535";"14";"2";"2019";"06:40";"3";"74";"74131";"1";"1";"1";"1";"D1508";"46,0229090";"5,9045260"
"201900002536";"14";"2";"2019";"16:30";"1";"76";"76595";"1";"1";"1";"7";"CD111";"49,6488890";"0,1641260"
"201900002537";"13";"2";"2019";"09:00";"2";"69";"69217";"2";"1";"1";"6";"rue de la guille";"46,0019200";"4,4497400"
"201900002538";"14";"2";"2019";"19:05";"3";"71";"71073";"1";"1";"1";"6";"D981";"46,8912760";"4,7522430"
"201900002539";"14";"2";"2019";"07:52";"2";"89";"89255";"1";"1";"1";"1";"d23";"48,3102710";"3,2433890"
"201900002540";"12";"2";"2019";"07:35";"5";"89";"89309";"2";"1";"5";"1";"RD 606";"48,2849580";"3,2108640"
"201900002541";"14";"2";"2019";"12:25";"1";"63";"63040";"2";"2";"1";"4";"Avenue de la République";"45,7276870";"3,3376040"
"201900002542";"12";"2";"2019";"15:10";"1";"44";"44010";"1";"6";"1";"3";"ROND POINT DE LA GOVELLE - CD 45";"47,2675270";" -2,4542160"
"201900002543";"11";"2";"2019";"15:30";"1";"44";"44133";"1";"1";"1";"2";"LE MOULIN DE CHAPPE";"47,1552420";" -1,7968280"
"201900002544";"12";"2";"2019";"08:20";"2";"31";"31275";"1";"1";"5";"6";"D41";"43,7329440";"1,0150570"
"201900002545";"14";"2";"2019";"16:20";"1";"38";"38179";"2";"1";"7";"1";"rue des Glairons";"45,1819350";"5,7913920"
"201900002546";"13";"2";"2019";"07:20";"2";"1";"01025";"1";"1";"1";"5";"1643 route de Pont de Vaux";"46,3282288";"4,9356990"
"201900002547";"14";"2";"2019";"16:00";"1";"58";"58244";"1";"1";"1";"3";"RD37";"47,0477890";"3,8741070"
"201900002548";"13";"2";"2019";"19:15";"5";"72";"72006";"2";"1";"1";"6";"le petit coudray";"48,4084710";"0,0879920"
"201900002549";"14";"2";"2019";"08:15";"1";"6";"06079";"2";"1";"1";"3";"237 avenue de Cannes";"43,5423180";"6,9367490"
"201900002550";"13";"2";"2019";"06:00";"3";"50";"50604";"1";"3";"1";"3";"La Chaussée";"49,5406700";" -1,8374050"
"201900002551";"13";"2";"2019";"11:45";"1";"24";"24540";"1";"1";"1";"7";"RN 21, PK 40+300";"45,2753000";"0,8615800"
"201900002552";"12";"2";"2019";"15:00";"1";"17";"17337";"1";"1";"1";"7";"D126 - la Gibertière";"45,9761610";" -1,3162550"
"201900002553";"14";"2";"2019";"08:47";"1";"17";"17236";"2";"1";"1";"7";"Avenue d'Aquitaine - D137";"45,3661730";" -0,5699190"
"201900002554";"13";"2";"2019";"17:20";"1";"976";"97603";"1";"1";"1";"6";"rue de la coopérative, village M TSAMOUDOU";" -12,9176060";"45,1850640"
"201900002555";"13";"2";"2019";"17:40";"1";"26";"26333";"1";"2";"1";"7";"RN7";"45,1669010";"4,8183650"
"201900002556";"13";"2";"2019";"02:00";"5";"988";"98811";"2";"3";"1";"6";"RT1/RUE MONNIER";" -21,0592500";"164,8596300"
"201900002557";"12";"2";"2019";"15:56";"1";"45";"45315";"1";"1";"1";"7";"route de Viglain";"47,7574892";"2,3259982"
"201900002558";"12";"2";"2019";"19:00";"3";"78";"78209";"1";"1";"1";"1";"route d'Orphin";"48,5844420";"1,7330590"
"201900002559";"14";"2";"2019";"17:50";"1";"34";"34341";"1";"1";"1";"1";"D5";"43,4945800";"3,5824300"
"201900002560";"13";"2";"2019";"18:40";"3";"34";"34199";"1";"9";"1";"1";"boulevard Martin Luther King et Nelson mandela";"43,4636370";"3,4101510"
"201900002561";"14";"2";"2019";"14:15";"1";"83";"83107";"2";"6";"1";"7";"rond point de l'appel du 18 juin 1940 la bouverie";"43,4955160";"6,6410080"
"201900002562";"14";"2";"2019";"11:30";"1";"68";"68021";"1";"1";"1";"6";"Rue de Rosenau";"47,6385190";"7,5194440"
"201900002563";"13";"2";"2019";"14:50";"1";"26";"26146";"1";"1";"1";"3";"RD 541 PR 15.100";"44,4208698";"4,8708923"
"201900002564";"14";"2";"2019";"17:00";"1";"69";"69010";"2";"1";"1";"7";"AVENUE DU CHAMP D'AZILE";"45,8335800";"4,6071650"
"201900002565";"14";"2";"2019";"11:20";"1";"17";"17393";"1";"1";"1";"1";"57 route des Husseaux";"45,6828050";" -0,8390810"
"201900002566";"14";"2";"2019";"16:25";"1";"64";"64230";"1";"1";"1";"2";"RD 217 ROUTE DE LAS HIES";"43,2391060";" -0,4222360"
"201900002567";"14";"2";"2019";"13:50";"1";"24";"24347";"1";"3";"1";"1";"LA CROIX";"44,7169650";"0,7994390"
"201900002568";"7";"2";"2019";"14:45";"1";"33";"33222";"1";"3";"1";"1";"D1089 / D245";"44,9413100";" -0,2076800"
"201900002569";"2";"2";"2019";"23:10";"3";"59";"59043";"1";"1";"2";"2";"AUTOROUTE A25";"50,7266600";"2,7221800"
"201900002570";"26";"1";"2019";"14:20";"1";"62";"62274";"1";"1";"1";"2";"AUTOROUTE A21";"50,4275900";"2,9790400"
"201900002571";"12";"2";"2019";"18:20";"5";"92";"92050";"1";"1";"1";"2";"A14";"48,8988016";"2,2157366"
"201900002572";"12";"2";"2019";"17:00";"1";"92";"92036";"1";"1";"1";"4";"A86";"48,9383700";"2,3001300"
"201900002573";"12";"2";"2019";"09:10";"1";"93";"93008";"1";"1";"1";"2";"AUTOROUTE A86";"48,9102800";"2,4441100"
"201900002574";"13";"2";"2019";"11:15";"1";"94";"94081";"1";"1";"1";"6";"A86 INT";"48,7741320";"2,4049760"
"201900002575";"13";"2";"2019";"07:10";"5";"94";"94073";"1";"1";"1";"3";"A86 EXT";"48,7630513";"2,3813448"
"201900002576";"11";"2";"2019";"17:20";"2";"77";"77146";"1";"1";"1";"3";"A4.Y";"48,8321300";"2,6530900"
"201900002577";"7";"2";"2019";"11:35";"1";"95";"95539";"2";"1";"1";"6";"ROBERT SCHUMANN (AVENUE )";"49,0066100";"2,3520000"
"201900002578";"8";"2";"2019";"17:00";"1";"71";"71076";"2";"1";"2";"6";"DE LATTRE DE TASSIGNY(MARECHAL)";"46,7861449";"4,8440212"
"201900002579";"5";"2";"2019";"19:10";"5";"42";"42187";"2";"1";"1";"1";"FUYANT (RUE DU)";"46,0430420";"4,0535410"
"201900002580";"6";"2";"2019";"20:25";"5";"41";"41295";"2";"1";"1";"2";"RD 174";"47,5930600";"1,3551600"
"201900002581";"8";"2";"2019";"15:50";"1";"29";"29039";"2";"1";"2";"7";"QUIMPER ( RUE DE)";"47,8888704";" -3,9177871"
"201900002582";"7";"2";"2019";"15:15";"1";"27";"27229";"2";"1";"1";"2";"CONCHES (ROUTE DE)";"49,0175100";"1,1146300"
"201900002583";"8";"2";"2019";"17:30";"1";"11";"11069";"2";"1";"1";"6";"RADIGUET";"43,2102300";"2,3298800"
"201900002584";"5";"2";"2019";"09:00";"1";"5";"05061";"2";"1";"9";"7";"MALCOMBE ( ROUTE DE )";"44,5579100";"6,0442200"
"201900002585";"7";"2";"2019";"10:15";"1";"94";"94004";"2";"1";"1";"5";"GENERAL LECLERC (AV DU)";"48,7607500";"2,4977100"
"201900002586";"6";"2";"2019";"20:25";"5";"94";"94071";"2";"3";"2";"6";"GRAND VAL (R DU)";"48,7737900";"2,5172400"
"201900002587";"9";"2";"2019";"23:25";"5";"93";"93047";"2";"7";"2";"3";"PERVENCHES (AVENUE DES)";"48,8872000";"2,5514700"
"201900002588";"5";"2";"2019";"13:55";"1";"83";"83137";"1";"1";"1";"4";"N/A";"43,1213200";"5,9533100"
"201900002589";"2";"2";"2019";"00:20";"3";"93";"93066";"1";"1";"2";"3";"AUTOROUTE A1";"48,9298900";"2,3642100"
"201900002590";"7";"2";"2019";"02:40";"3";"92";"92036";"1";"1";"2";"6";"AUTOROUTE A15";"48,9370439";"2,2948571"
"201900002591";"9";"2";"2019";"05:00";"3";"988";"98818";"2";"1";"1";"7";"COOK (AVENUE JAMES)";" -22,2658500";"166,4180100"
"201900002592";"28";"1";"2019";"15:26";"1";"987";"98735";"2";"3";"1";"1";"CLEMENCEAU (RUE)";" -17,5352900";" -149,5562400"
"201900002593";"10";"2";"2019";"21:25";"5";"976";"97611";"2";"6";"1";"7";"kaweni-Kaweni nord ( Z I )";" -12,7636800";"45,2255600"
"201900002594";"9";"2";"2019";"12:15";"1";"976";"97611";"2";"1";"1";"3";"kaweni-Kaweni nord ( Z I )";" -12,7754700";"45,2234600"
"201900002595";"7";"2";"2019";"07:15";"1";"976";"97611";"2";"1";"1";"6";"passamanty-Vahibé ( route )";" -12,8010500";"45,2091300"
"201900002596";"7";"2";"2019";"07:00";"2";"976";"97611";"2";"1";"1";"6";"mgombani-Baobab ( Bd )";" -12,7841900";"45,2295300"
"201900002597";"6";"2";"2019";"21:00";"3";"976";"97611";"2";"1";"1";"3";"m'tsapere-Nationale 2 (route)";" -12,7832800";"45,2340300"
"201900002598";"8";"2";"2019";"22:30";"5";"974";"97416";"2";"2";"2";"1";"Rue Hippolyte Piot";" -21,2986098";"55,4538183"
"201900002599";"9";"2";"2019";"13:10";"1";"974";"97416";"2";"1";"1";"5";"Rue Marius et Ary Leblond";" -21,3353500";"55,4662500"
"201900002600";"8";"2";"2019";"20:50";"5";"974";"97411";"2";"1";"1";"1";"Chemin du Ruisseau blanc";" -20,8929500";"55,4157300"
"201900002601";"8";"2";"2019";"09:20";"5";"974";"97411";"2";"1";"2";"6";"Avenue de la Victoire";" -20,8769070";"55,4479550"
"201900002602";"8";"2";"2019";"08:30";"1";"974";"97411";"2";"3";"1";"6";"DECAEN (DE L'AMIRAL)";" -20,8856000";"55,4572100"
"201900002603";"7";"2";"2019";"15:15";"1";"974";"97411";"2";"1";"1";"2";"MACE (BOULEVARD GABRIEL)";" -20,8746900";"55,4461500"
"201900002604";"11";"2";"2019";"09:35";"1";"973";"97302";"2";"3";"1";"3";"MADELEINE (ROUTE DE LA)";"4,9297502";" -52,3258209"
"201900002605";"7";"2";"2019";"06:11";"2";"973";"97302";"2";"1";"1";"6";"VIRGILE (AVENUE)";"4,9323370";" -52,3080969"
"201900002606";"11";"2";"2019";"07:30";"2";"69";"69383";"2";"2";"1";"3";"ABONDANCE (DE L')                   (R )";"45,7539200";"4,8562900"
"201900002607";"10";"2";"2019";"17:15";"1";"69";"69387";"2";"6";"1";"3";"DEBOURG                             (AV)";"45,7317000";"4,8242500"
"201900002608";"10";"2";"2019";"05:35";"5";"69";"69387";"2";"2";"1";"3";"BERTHELOT                           (AV)";"45,7423500";"4,8506500"
"201900002609";"10";"2";"2019";"05:45";"5";"69";"69387";"2";"2";"1";"3";"LECLERC                             (AV)";"45,7477900";"4,8336200"
"201900002610";"9";"2";"2019";"15:35";"1";"69";"69387";"2";"1";"8";"4";"LECLERC                             (AV)";"45,7434600";"4,8295800"
"201900002611";"9";"2";"2019";"14:30";"1";"69";"69387";"2";"2";"1";"6";"BERTHELOT                           (AV)";"45,7451700";"4,8418800"
"201900002612";"8";"2";"2019";"22:10";"5";"69";"69383";"2";"1";"1";"6";"VICTOR AUGAGNEUR                    (QU)";"45,7583100";"4,8408300"
"201900002613";"8";"2";"2019";"13:08";"1";"69";"69383";"2";"1";"1";"6";"GAMBETTA                            (CO)";"45,7538100";"4,8473600"
"201900002614";"8";"2";"2019";"11:40";"1";"69";"69388";"2";"1";"1";"2";"LAENNEC                             (R )";"45,7377900";"4,8849300"
"201900002615";"8";"2";"2019";"08:20";"1";"69";"69259";"2";"1";"1";"6";"PRESIDENT EDOUARD HERRIOT (DU)      (R )";"45,6963800";"4,8768200"
"201900002616";"7";"2";"2019";"20:00";"3";"69";"69259";"2";"9";"1";"6";"FRERES LAFRANCHI (DES)                  ";"45,7131300";"4,8768200"
"201900002617";"7";"2";"2019";"09:40";"1";"69";"69383";"2";"1";"2";"6";"ST PHILIPPE                         (R )";"45,7504100";"4,8663200"
"201900002618";"9";"2";"2019";"15:50";"1";"972";"97213";"1";"1";"1";"3";"PELLETIER (ROUTE DE)";"14,6566850";" -60,9785100"
"201900002619";"9";"7";"2019";"13:15";"1";"94";"94017";"1";"1";"1";"2";"A4";"48,8280945";"2,5033698"
"201900002620";"7";"7";"2019";"09:48";"1";"91";"91421";"2";"1";"1";"2";"NATIONALE 6 (PARTIE FORET)";"48,6838000";"2,4895000"
"201900002621";"8";"7";"2019";"18:00";"1";"27";"27229";"2";"1";"1";"2";"VULCAIN (RUE)";"49,0203900";"1,1815500"
"201900002622";"7";"7";"2019";"23:50";"5";"13";"13207";"2";"9";"1";"6";"ROUCAS BLAN (CHEMIN)";"43,2786060";"5,3674890"
"201900002623";"19";"6";"2019";"19:15";"1";"13";"13210";"2";"1";"1";"3";"PONT DE VIVAUX (BOULEVARD)";"43,2815400";"5,4245900"
"201900002624";"19";"6";"2019";"19:20";"1";"13";"13209";"2";"6";"1";"1";"ANTOINE FORTUNE MARION (RUE)";"43,2386140";"5,4041700"
"201900002625";"8";"7";"2019";"20:14";"1";"10";"10333";"2";"4";"1";"2";"FREDERIC MISTRAL (RUE)";"48,2805400";"4,0462000"
"201900002626";"7";"7";"2019";"04:00";"3";"93";"93027";"1";"1";"1";"6";"AUTOROUTE A86";"48,9258700";"2,3993100"
"201900002627";"9";"7";"2019";"16:15";"1";"988";"98818";"2";"2";"1";"6";"RUE DE VERDUN/GEORGES CLEMENCEAU";" -22,2725900";"166,4414200"
"201900002628";"9";"7";"2019";"16:50";"1";"973";"97302";"2";"1";"1";"2";"MANGO (CITE)";"4,9325935";" -52,3185575"
"201900002629";"9";"7";"2019";"19:15";"1";"69";"69387";"2";"2";"1";"3";"CAMILLE ROY                         (R )";"45,7451300";"4,8466100"
"201900002630";"9";"7";"2019";"15:25";"1";"69";"69383";"2";"2";"1";"6";"ARSONVAL (D')                       (PL)";"45,7428200";"4,8782200"
"201900002631";"8";"7";"2019";"19:20";"4";"972";"97213";"2";"1";"3";"4";"AUTOROUTE A1";"14,6152000";" -61,0136000"
"201900002632";"9";"7";"2019";"15:00";"1";"69";"69149";"2";"4";"1";"3";"CELESTINS (DES)                     (CH)";"45,7200800";"4,7980600"
"201900002633";"8";"7";"2019";"15:15";"1";"2A";"2A004";"1";"1";"1";"1";"T20";"41,9429366";"8,8098426"
"201900002634";"9";"7";"2019";"07:05";"1";"95";"95018";"1";"1";"7";"4";"RD 311";"48,9453500";"2,2634300"
"201900002635";"9";"7";"2019";"13:00";"1";"91";"91687";"2";"3";"1";"3";"GENERAL DE GAULLE (AVENUE DU)";"48,6834800";"2,3763900"
"201900002636";"8";"7";"2019";"12:25";"1";"91";"91521";"2";"3";"1";"3";"GRIGNY (ROUTE DE)";"48,6519300";"2,4000000"
"201900002637";"8";"7";"2019";"12:50";"1";"91";"91223";"2";"1";"1";"4";"MAI 1945 (AVENUE DU 8)";"48,4168500";"2,1779300"
"201900002638";"8";"7";"2019";"17:15";"1";"91";"91223";"1";"1";"1";"7";"RUE DU LT COLONEL ARNAUD BELTRAME";"48,4488900";"2,1405800"
"201900002639";"9";"7";"2019";"16:20";"1";"91";"91174";"2";"1";"7";"7";"RUE PAUL MAINTENANT";"48,6142100";"2,4570000"
"201900002640";"9";"7";"2019";"11:20";"1";"91";"91215";"2";"6";"1";"1";"ANATOLE FRANCE (RUE)";"48,6962000";"2,5258600"
"201900002641";"9";"7";"2019";"07:20";"1";"91";"91425";"2";"1";"1";"4";"NATIONALE 20 (ROUTE)";"48,6423800";"2,2697000"
"201900002642";"8";"7";"2019";"17:25";"1";"88";"88413";"2";"1";"1";"2";"Avenue de l'egalité";"48,2927070";"6,9357530"
"201900002643";"8";"7";"2019";"19:45";"1";"87";"87085";"1";"1";"1";"2";"RN520";"45,8903700";"1,2681800"
"201900002644";"8";"7";"2019";"14:21";"1";"87";"87085";"2";"3";"1";"6";"106 RUBEN (AVENUE ERNEST)";"45,8235500";"1,2511600"
"201900002645";"8";"6";"2019";"09:15";"1";"84";"84007";"1";"1";"1";"6";"MONTFAVET (Route)";"43,9410500";"4,8263100"
"201900002646";"8";"7";"2019";"22:10";"2";"80";"80021";"2";"1";"1";"6";"146, BD DE SAINT QUENTIN";"49,8789300";"2,3012700"
"201900002647";"6";"7";"2019";"15:30";"1";"78";"78327";"2";"1";"1";"6";"RUE DE LA POSTE, n° 29";"48,9914100";"1,8440500"
"201900002648";"6";"7";"2019";"16:10";"1";"77";"77114";"1";"9";"1";"3";"D216 X ACCES NO LIMIT AVENTURE";"48,7320358";"2,6887816"
"201900002649";"9";"7";"2019";"14:25";"1";"77";"77059";"1";"3";"1";"3";"D418 X RUE DU GUE LANGLOIS";"48,8439200";"2,6668600"
"201900002650";"8";"7";"2019";"17:20";"1";"76";"76498";"1";"1";"1";"6";"SUD III (RN 338)";"49,4296400";"1,0566500"
"201900002651";"7";"7";"2019";"06:55";"1";"76";"76351";"1";"1";"1";"6";"RD 6382";"49,5237500";"0,1673700"
"201900002652";"9";"7";"2019";"11:00";"1";"71";"71499";"2";"1";"1";"5";"TOULON (RUE DE)";"46,6600000";"4,2700000"
"201900002653";"8";"7";"2019";"18:20";"1";"71";"71059";"2";"2";"1";"6";"BEAUSOLEIL (RUE)";"46,8075900";"4,4642500"
"201900002654";"9";"7";"2019";"15:15";"1";"69";"69266";"2";"1";"1";"6";"REPUBLIQUE   (Cours de la)";"45,7711900";"4,8737360"
"201900002655";"8";"7";"2019";"19:40";"1";"69";"69266";"2";"2";"1";"3";"PAUL VERLAINE       (Rue)";"45,7647500";"4,8803900"
"201900002656";"9";"7";"2019";"10:15";"1";"69";"69091";"2";"6";"1";"6";"PAIX (DE LA) ( R )";"45,5843700";"4,7498800"
"201900002657";"5";"7";"2019";"23:30";"5";"67";"67482";"2";"3";"1";"3";"PAUL ELUARD (RUE)";"48,5874910";"7,6994230"
"201900002658";"5";"7";"2019";"12:05";"1";"67";"67482";"2";"3";"1";"3";"JACOUTOT (QUAI)";"48,5916220";"7,7823580"
"201900002659";"8";"7";"2019";"17:28";"1";"66";"66136";"2";"1";"1";"2";"FRANCE LIBRE (BOULEVARD DE LA)";"42,7058900";"2,9030600"
"201900002660";"9";"7";"2019";"16:40";"1";"64";"64348";"2";"1";"1";"4";"CHARLES DE GAULLE";"43,3156000";" -0,4208600"
"201900002661";"8";"7";"2019";"08:25";"1";"64";"64284";"2";"1";"2";"4";"8 MAI 1945 DU";"43,2811000";" -0,3865000"
"201900002662";"8";"7";"2019";"12:15";"1";"64";"64125";"2";"1";"1";"6";"CHABADENIA (AVENUE)";"43,4382496";" -1,5892107"
"201900002663";"9";"7";"2019";"13:15";"1";"61";"61117";"1";"1";"1";"7";"D 112";"48,4359250";"0,0209730"
"201900002664";"8";"7";"2019";"09:25";"1";"60";"60463";"2";"1";"7";"6";"EUROPE (AVENUE DE L')";"49,2702800";"2,4824500"
"201900002665";"9";"7";"2019";"23:20";"5";"59";"59599";"2";"2";"1";"3";"WATT (CHAUSSEE)";"50,7243980";"3,1340220"
"201900002666";"6";"7";"2019";"05:40";"2";"59";"59392";"2";"1";"1";"1";"MONS (ROUTE DE)";"50,3130690";"3,9774790"
"201900002667";"9";"7";"2019";"06:40";"2";"59";"59043";"2";"1";"1";"6";"NATIONS UNIES (AVENUE DES)";"50,7259120";"2,7394900"
"201900002668";"8";"7";"2019";"21:35";"1";"57";"57463";"2";"1";"1";"6";"FOCH (AVENUE )";"49,1113900";"6,1738100"
"201900002669";"8";"7";"2019";"08:45";"1";"56";"56121";"2";"1";"1";"3";"MULLER ( DU COLONEL JEAN )";"47,7629900";" -3,3932800"
"201900002670";"27";"6";"2019";"10:29";"1";"51";"51230";"2";"1";"1";"7";"AVENUE DU MARECHAL FOCH";"49,0381043";"3,9492263"
"201900002671";"27";"5";"2019";"17:45";"1";"50";"50647";"2";"6";"1";"7";"CONILLOT (RUE DU)";"48,8403800";" -1,5591900"
"201900002672";"9";"7";"2019";"14:50";"1";"45";"45286";"2";"2";"1";"3";"AV G GALLOUX - R DE LA CORNAILLERE";"47,8704515";"1,9322094"
"201900002673";"9";"7";"2019";"16:55";"1";"45";"45302";"1";"1";"1";"6";" RD 970102 - bretelle accès tangentielle";"47,9400900";"1,8878800"
"201900002674";"9";"7";"2019";"08:10";"2";"45";"45286";"2";"1";"7";"6";"RUE DE LA CORNAILLERE";"47,8704845";"1,9323103"
"201900002675";"8";"7";"2019";"09:40";"1";"44";"44184";"2";"1";"1";"1";"RTE DES BASSINS";"47,2838780";" -2,2415380"