"Num_Acc";"jour";"mois";"an";"hrmn";"lum";"dep";"com";"agg";"int";"atm";"col";"adr";"lat";"long"
"201900002676";"9";"7";"2019";"17:30";"1";"37";"37208";"2";"2";"1";"3";"BELLERIE (RUE DE LA)";"47,3502651";"0,7404631"
"201900002677";"8";"7";"2019";"10:01";"1";"36";"36044";"2";"6";"1";"7";"GIRATOIRE LUCIE AUBRAC";"46,8113800";"1,6850200"
"201900002678";"9";"7";"2019";"17:50";"1";"35";"35238";"2";"2";"1";"6";"JANVIER (AVENUE JEAN)";"48,1097800";" -1,6740500"
"201900002679";"9";"7";"2019";"08:35";"1";"35";"35238";"2";"9";"1";"6";"MAGENTA (BD)";"48,1043240";" -1,6735080"
"201900002680";"8";"7";"2019";"17:15";"1";"35";"35281";"2";"2";"7";"3";"ALBERT 1ER (BD)";"48,0902936";" -1,6927318"
"201900002681";"8";"7";"2019";"08:50";"1";"35";"35206";"1";"1";"1";"4";"ROCADE 6-7";"48,0797900";" -1,6833800"
"201900002682";"9";"7";"2019";"16:50";"1";"34";"34172";"2";"9";"1";"2";"GANGES (ROUTE DE";"43,6462900";"3,8422400"
"201900002683";"9";"7";"2019";"13:10";"1";"34";"34172";"2";"9";"1";"3";"PONT DE LATTES (RUE DU)";"43,6042871";"3,8835333"
"201900002684";"8";"7";"2019";"18:35";"1";"34";"34003";"1";"1";"1";"3";"NEUF AGDE-LA TAMARISSIERE (L6 A G10";"43,3051900";"3,4575600"
"201900002685";"14";"6";"2019";"19:00";"1";"33";"33063";"2";"2";"1";"3";"CRS PORTAL";"44,8543100";" -0,5722400"
"201900002686";"8";"7";"2019";"23:05";"5";"33";"33069";"2";"2";"1";"3";"Bd Pierre 1er / Av de Tivoli";"44,8570500";" -0,5911200"
"201900002687";"8";"7";"2019";"19:45";"1";"33";"33063";"2";"2";"1";"3";"Fin du Pont Jacques Chaban Delmas - sens Quai de Brazza vers Bacalan";"44,8601700";" -0,5535500"
"201900002688";"7";"7";"2019";"00:25";"5";"33";"33550";"2";"1";"1";"6";"RUE DE CHAMBERY";"44,7638300";" -0,5630600"
"201900002689";"8";"7";"2019";"10:20";"1";"33";"33063";"2";"3";"1";"3";"Crs Victor Hugo / Pl de la Ferme de Richemont";"44,8349960";" -0,5720710"
"201900002690";"8";"7";"2019";"17:58";"1";"31";"31555";"2";"1";"1";"3";"EISENHOWER (AVENUE DU GENERAL)";"43,5589500";"1,3985100"
"201900002691";"8";"7";"2019";"07:40";"1";"31";"31557";"1";"1";"1";"5";"RAMELET MOUNDI (CH DE)";"43,5797300";"1,3606900"
"201900002692";"9";"7";"2019";"13:05";"1";"29";"29232";"2";"6";"1";"7";"FRUGY Rond-Point du";"47,9876900";" -4,1085700"
"201900002693";"22";"5";"2019";"18:25";"1";"29";"29019";"2";"6";"1";"3";"PEN AR CH'LEUZ (ROND POINT)";"48,4143353";" -4,4788085"
"201900002694";"2";"5";"2019";"20:08";"1";"29";"29019";"2";"1";"1";"2";"COLLET YVES (DE 1 A 27 ET 2 A 26)";"48,3922400";" -4,4797900"
"201900002695";"6";"7";"2019";"18:20";"1";"28";"28404";"2";"1";"1";"2";"ROME (RUE DE)";"48,7179000";"1,3714000"
"201900002696";"6";"7";"2019";"14:00";"1";"22";"22360";"2";"1";"1";"3";"RD 700";"48,4930900";" -2,7626764"
"201900002697";"8";"7";"2019";"17:20";"1";"19";"19031";"2";"1";"1";"2";"KENNEDY (AVENUE JOHN)";"45,1673000";"1,5501500"
"201900002698";"25";"5";"2019";"02:57";"3";"78";"78571";"1";"1";"1";"2";"A13";"48,8631000";"2,0419000"
"201900002699";"24";"5";"2019";"17:55";"1";"92";"92048";"1";"1";"1";"2";"N118";"48,8001603";"2,2157509"
"201900002700";"22";"5";"2019";"19:10";"1";"92";"92064";"1";"1";"1";"4";"A13";"48,8397716";"2,2039180"
"201900002701";"22";"5";"2019";"14:30";"1";"92";"92063";"1";"1";"1";"6";"A86";"48,8865596";"2,1657333"
"201900002702";"22";"5";"2019";"03:50";"5";"78";"78133";"1";"1";"1";"6";"A14";"48,9142000";"2,0414000"
"201900002703";"21";"5";"2019";"07:00";"5";"78";"78242";"1";"1";"1";"6";"A14";"48,8059790";"2,0512000"
"201900002704";"20";"5";"2019";"17:00";"1";"78";"78043";"1";"1";"1";"2";"A12 W";"48,8336590";"2,0856400"
"201900002705";"19";"5";"2019";"20:45";"1";"92";"92036";"1";"1";"2";"7";"A86";"48,9351447";"2,2832133"
"201900002706";"19";"5";"2019";"17:40";"1";"92";"92025";"1";"1";"2";"2";"A86";"48,9190208";"2,2238188"
"201900002707";"18";"5";"2019";"22:30";"3";"78";"78007";"1";"1";"3";"7";"A13W";"48,8975000";"2,0063000"
"201900002708";"16";"5";"2019";"16:02";"1";"78";"78402";"1";"1";"1";"5";"A13";"48,9648000";"1,8009500"
"201900002709";"15";"5";"2019";"07:00";"1";"78";"78640";"1";"1";"1";"2";"N118";"48,7820000";"2,2231100"
"201900002710";"14";"5";"2019";"08:30";"1";"92";"92064";"1";"1";"1";"2";"A13";"48,8441880";"2,2228779"
"201900002711";"13";"5";"2019";"20:00";"1";"92";"92012";"1";"1";"1";"3";"A13";"48,8484311";"2,2396766"
"201900002712";"13";"5";"2019";"11:50";"1";"78";"78498";"1";"1";"1";"2";"A13";"48,9113500";"2,0053100"
"201900002713";"13";"5";"2019";"06:05";"2";"92";"92047";"1";"1";"1";"6";"A13";"48,8362525";"2,1843919"
"201900002714";"12";"5";"2019";"16:35";"1";"92";"92025";"1";"1";"1";"2";"A86";"48,9320633";"2,2473601"
"201900002715";"11";"5";"2019";"00:45";"5";"92";"92025";"1";"1";"3";"2";"A86";"48,9343011";"2,2564031"
"201900002716";"10";"5";"2019";"18:00";"1";"78";"78423";"1";"1";"3";"6";"A12 Y";"48,7952100";"2,0439300"
"201900002717";"10";"5";"2019";"03:15";"3";"78";"78640";"1";"1";"1";"6";"N118";"48,7780000";"2,2213000"
"201900002718";"9";"5";"2019";"09:30";"1";"92";"92072";"1";"1";"2";"7";"N118";"48,8263791";"2,2234205"
"201900002719";"9";"5";"2019";"08:10";"1";"78";"78524";"1";"1";"2";"5";"A13";"48,8409360";"2,1085400"
"201900002720";"9";"5";"2019";"06:50";"1";"92";"92047";"1";"1";"2";"4";"A13";"48,8359825";"2,1821722"
"201900002721";"7";"5";"2019";"13:00";"1";"78";"78362";"1";"1";"1";"2";"A13";"48,9780000";"1,7103000"
"201900002722";"6";"5";"2019";"15:45";"1";"92";"92064";"1";"1";"1";"4";"A13";"48,8430108";"2,2224862"
"201900002723";"5";"5";"2019";"02:45";"3";"78";"78158";"1";"1";"1";"6";"A13";"48,8315440";"2,1461350"
"201900002724";"4";"5";"2019";"16:37";"1";"78";"78423";"1";"1";"8";"6";"RN12";"48,7949300";"2,0475500"
"201900002725";"4";"5";"2019";"14:30";"1";"78";"78545";"1";"1";"2";"6";"A12 Y";"48,8170300";"2,0639200"
"201900002726";"4";"5";"2019";"04:15";"3";"78";"78043";"1";"1";"1";"2";"A12 W";"48,8312000";"2,0829000"
"201900002727";"3";"5";"2019";"23:00";"4";"92";"92048";"1";"1";"1";"6";"N118";"48,7951000";"2,2179000"
"201900002728";"2";"5";"2019";"08:30";"1";"92";"92050";"1";"1";"1";"2";"A86";"48,9142632";"2,2194308"
"201900002729";"1";"5";"2019";"23:00";"5";"92";"92036";"1";"1";"1";"6";"RN315 W";"48,9248619";"2,2321858"
"201900002730";"1";"5";"2019";"15:55";"1";"78";"78043";"1";"1";"1";"5";"A12 Y";"48,8234700";"2,0725500"
"201900002731";"30";"4";"2019";"18:15";"1";"78";"78238";"1";"1";"1";"3";"A13";"48,9705580";"1,8862700"
"201900002732";"30";"4";"2019";"14:10";"1";"92";"92050";"1";"1";"1";"3";"A86";"48,9023632";"2,2040518"
"201900002733";"29";"4";"2019";"12:10";"1";"78";"78217";"1";"1";"1";"5";"A13";"48,9650620";"1,8187830"
"201900002734";"27";"4";"2019";"19:30";"1";"78";"78423";"1";"1";"3";"7";"A12 Y";"48,7954400";"2,0446100"
"201900002735";"29";"5";"2019";"07:32";"1";"95";"95491";"1";"1";"1";"3";"AUTOROUTE A115";"48,9975400";"2,2461700"
"201900002736";"28";"5";"2019";"18:40";"1";"95";"95018";"1";"1";"1";"2";"AUTOROUTE A15";"48,9532100";"2,2793700"
"201900002737";"27";"5";"2019";"23:00";"3";"95";"95678";"1";"1";"1";"2";"RN 184";"49,0731700";"2,2341200"
"201900002738";"26";"5";"2019";"19:30";"1";"93";"93005";"1";"1";"1";"5";"AUTOROUTE A104";"48,9718100";"2,4959000"
"201900002739";"26";"5";"2019";"21:20";"3";"93";"93053";"1";"1";"1";"2";"AUTOROUTE A86";"48,8920300";"2,4728400"
"201900002740";"25";"5";"2019";"22:15";"3";"92";"92078";"1";"1";"1";"3";"AUTOROUTE A86";"48,9288861";"2,3300066"
"201900002741";"25";"5";"2019";"16:45";"1";"93";"93066";"1";"1";"1";"3";"AUTOROUTE A1";"48,9076200";"2,3584800"
"201900002742";"25";"5";"2019";"14:00";"1";"93";"93053";"1";"1";"1";"4";"AUTOROUTE A3";"48,8840600";"2,4635600"
"201900002743";"25";"5";"2019";"07:15";"1";"93";"93064";"1";"1";"1";"6";"AUTOROUTE A86";"48,8840500";"2,4715600"
"201900002744";"25";"5";"2019";"03:00";"4";"95";"95563";"1";"1";"1";"7";"AUTOROUTE A115";"49,0106600";"2,2289300"
"201900002745";"24";"5";"2019";"21:30";"2";"95";"95641";"1";"9";"1";"6";"AUTOROUTE A1";"49,0698800";"2,5528800"
"201900002746";"24";"5";"2019";"10:45";"1";"92";"92036";"1";"1";"1";"2";"AUTOROUTE A86";"48,9389169";"2,3054721"
"201900002747";"24";"5";"2019";"08:45";"1";"92";"92078";"1";"1";"1";"7";"AUTOROUTE A86";"48,9273404";"2,3333850"
"201900002748";"24";"5";"2019";"09:10";"1";"95";"95219";"1";"1";"1";"3";"AUTOROUTE A115";"48,9936400";"2,2458900"
"201900002749";"24";"5";"2019";"07:30";"1";"95";"95018";"1";"1";"1";"3";"AUTOROUTE A15";"48,9572900";"2,2759700"
"201900002750";"24";"5";"2019";"03:20";"3";"95";"95582";"1";"1";"1";"5";"AUTOROUTE A15";"48,9748100";"2,2437800"
"201900002751";"23";"5";"2019";"19:30";"1";"93";"93007";"1";"1";"1";"3";"AUTOROUTE A3";"48,9421300";"2,4781600"
"201900002752";"23";"5";"2019";"18:00";"1";"93";"93005";"1";"1";"1";"4";"AUTOROUTE A3";"48,9602400";"2,4733100"
"201900002753";"23";"5";"2019";"09:20";"1";"95";"95572";"1";"1";"1";"3";"RN 184";"49,0411200";"2,1280300"
"201900002754";"23";"5";"2019";"06:00";"2";"93";"93066";"1";"1";"1";"4";"AUTOROUTE A86";"48,9229300";"2,3450300"
"201900002755";"23";"5";"2019";"03:30";"3";"93";"93007";"1";"1";"1";"6";"AUTOROUTE A3";"48,9206700";"2,4793400"
"201900002756";"23";"5";"2019";"02:20";"4";"93";"93078";"1";"1";"1";"6";"AUTOROUTE A104";"48,9586000";"2,5346000"
"201900002757";"22";"5";"2019";"23:30";"5";"93";"93066";"1";"1";"1";"3";"AUTOROUTE A1";"48,9148200";"2,3579700"
"201900002758";"22";"5";"2019";"17:00";"1";"93";"93010";"1";"1";"1";"4";"AUTOROUTE A3";"48,9147300";"2,4776200"
"201900002759";"21";"5";"2019";"13:00";"1";"93";"93005";"1";"1";"1";"6";"AUTOROUTE A104";"48,9726620";"2,4928987"
"201900002760";"21";"5";"2019";"10:00";"1";"60";"60494";"1";"1";"1";"6";"AUTOROUTE A1";"49,1143800";"2,5540600"
"201900002761";"21";"5";"2019";"06:15";"2";"93";"93064";"1";"1";"1";"7";"AUTOROUTE A86";"48,8840300";"2,4715400"
"201900002762";"20";"5";"2019";"20:30";"1";"93";"93013";"1";"1";"1";"2";"AUTOROUTE A1";"48,9402300";"2,4227700"
"201900002763";"20";"5";"2019";"17:10";"1";"93";"93008";"1";"1";"1";"5";"AUTOROUTE A86";"48,9069200";"2,4558300"
"201900002764";"20";"5";"2019";"14:15";"1";"93";"93048";"1";"1";"1";"2";"AUTOROUTE A86";"48,8667000";"2,4816300"
"201900002765";"20";"5";"2019";"11:30";"1";"93";"93039";"1";"1";"1";"4";"AUTOROUTE A86";"48,9273000";"2,3333700"
"201900002766";"19";"5";"2019";"22:10";"3";"93";"93039";"1";"1";"2";"2";"AUTOROUTE A86";"48,9273000";"2,3334000"
"201900002767";"19";"5";"2019";"18:50";"1";"93";"93064";"1";"1";"3";"2";"AUTOROUTE A103";"48,8867000";"2,4778300"
"201900002768";"19";"5";"2019";"14:10";"1";"93";"93010";"1";"1";"3";"2";"AUTOROUTE A3";"48,9053700";"2,4718300"
"201900002769";"19";"5";"2019";"12:30";"1";"93";"93053";"1";"1";"1";"6";"AUTOROUTE A103";"48,8884800";"2,4722200"
"201900002770";"19";"5";"2019";"11:00";"1";"93";"93005";"1";"1";"1";"3";"AUTOROUTE A104";"48,9728870";"2,4922690"
"201900002771";"18";"5";"2019";"17:20";"1";"93";"93006";"1";"1";"1";"2";"AUTOROUTE A3";"48,8678400";"2,4276300"
"201900002772";"18";"5";"2019";"18:00";"1";"93";"93078";"1";"1";"1";"2";"AUTOROUTE A104";"48,9633581";"2,5502835"
"201900002773";"17";"5";"2019";"21:20";"3";"93";"93005";"1";"1";"1";"5";"AUTOROUTE A1";"48,9640900";"2,4734500"
"201900002774";"17";"5";"2019";"15:15";"1";"93";"93006";"1";"1";"1";"7";"AUTOROUTE A3";"48,8644000";"2,4143300"
"201900002775";"17";"5";"2019";"07:30";"1";"93";"93063";"1";"1";"1";"3";"AUTOROUTE A3";"48,8783500";"2,4464800"
"201900002776";"16";"5";"2019";"16:40";"1";"93";"93007";"1";"1";"1";"4";"AUTOROUTE A3";"48,9348300";"2,4804800"
"201900002777";"16";"5";"2019";"17:30";"1";"93";"93007";"1";"1";"1";"3";"AUTOROUTE A1";"48,9439900";"2,4365800"
"201900002778";"16";"5";"2019";"13:45";"1";"93";"93048";"1";"1";"1";"4";"AUTOROUTE A3";"48,8724500";"2,4342000"
"201900002779";"16";"5";"2019";"10:50";"1";"95";"95018";"1";"1";"1";"6";"AUTOROUTE A15";"48,9602900";"2,2711500"
"201900002780";"14";"5";"2019";"19:00";"1";"93";"93007";"1";"1";"1";"4";"AUTOROUTE A3";"48,9431600";"2,4779200"
"201900002781";"14";"5";"2019";"14:15";"1";"95";"95527";"1";"1";"1";"6";"AUTOROUTE A1";"48,9972600";"2,5184900"
"201900002782";"15";"5";"2019";"17:20";"1";"93";"93078";"1";"1";"7";"3";"AUTOROUTE A104";"48,9656700";"2,5169700"
"201900002783";"15";"5";"2019";"12:35";"1";"60";"60494";"1";"1";"1";"6";"AUTOROUTE A1";"49,1394200";"2,5693400"
"201900002784";"15";"5";"2019";"10:10";"1";"93";"93078";"1";"1";"1";"3";"AUTOROUTE A104";"48,9621400";"2,5463200"
"201900002785";"15";"5";"2019";"09:45";"1";"93";"93048";"1";"1";"1";"2";"AUTOROUTE A86";"48,8650700";"2,4818000"
"201900002786";"14";"5";"2019";"21:50";"3";"95";"95154";"1";"1";"1";"2";"AUTOROUTE A1";"49,0456900";"2,5458800"
"201900002787";"14";"5";"2019";"18:15";"1";"93";"93001";"1";"1";"1";"5";"AUTOROUTE A86";"48,9210800";"2,3744600"
"201900002788";"14";"5";"2019";"17:45";"1";"95";"95018";"1";"1";"1";"3";"AUTOROUTE A15";"48,9619400";"2,2678800"
"201900002789";"14";"5";"2019";"17:45";"1";"93";"93010";"1";"1";"1";"5";"AUTOROUTE A3";"48,8889400";"2,4737400"
"201900002790";"14";"5";"2019";"09:20";"1";"95";"95394";"1";"1";"1";"2";"RN 184";"49,0515100";"2,1514000"
"201900002791";"14";"5";"2019";"08:50";"1";"93";"93078";"1";"1";"1";"2";"AUTOROUTE A104";"48,9714700";"2,4971400"
"201900002792";"13";"5";"2019";"15:50";"1";"93";"93007";"1";"1";"1";"5";"AUTOROUTE A1";"48,9521100";"2,4520600"
"201900002793";"12";"5";"2019";"19:50";"1";"93";"93066";"1";"1";"1";"2";"AUTOROUTE A1";"48,9238600";"2,3573400"
"201900002794";"12";"5";"2019";"17:50";"1";"95";"95028";"1";"1";"1";"6";"RN 104";"49,0632700";"2,3353400"
"201900002795";"12";"5";"2019";"16:10";"1";"93";"93053";"1";"1";"1";"3";"AUTOROUTE A86";"48,8908900";"2,4730800"
"201900002796";"12";"5";"2019";"15:45";"1";"93";"93064";"1";"1";"1";"2";"AUTOROUTE A86";"48,8677100";"2,4817700"
"201900002797";"12";"5";"2019";"05:40";"2";"93";"93066";"1";"9";"1";"6";"AUTOROUTE A1";"48,9208900";"2,3573500"
"201900002798";"12";"5";"2019";"04:30";"3";"95";"95306";"1";"1";"1";"6";"AUTOROUTE A15";"49,0088300";"2,1584100"
"201900002799";"11";"5";"2019";"19:00";"1";"93";"93053";"1";"1";"2";"4";"AUTOROUTE A3";"48,8828100";"2,4568500"
"201900002800";"11";"5";"2019";"14:15";"1";"95";"95394";"1";"1";"1";"6";"AUTOROUTE A115";"49,0508100";"2,1816600"
"201900002801";"11";"5";"2019";"06:45";"2";"95";"95582";"1";"1";"3";"6";"AUTOROUTE A15";"48,9657200";"2,2583700"
"201900002802";"11";"5";"2019";"09:00";"1";"93";"93078";"1";"1";"3";"6";"AUTOROUTE A104";"48,9636200";"2,5214100"
"201900002803";"10";"5";"2019";"07:35";"1";"95";"95028";"1";"1";"1";"6";"RN 104";"49,0619700";"2,3609900"
"201900002804";"10";"5";"2019";"14:50";"1";"93";"93005";"1";"9";"1";"6";"AUTOROUTE A3";"48,9443300";"2,4772800"
"201900002805";"10";"5";"2019";"17:20";"1";"93";"93066";"1";"1";"2";"4";"AUTOROUTE A1";"48,9060900";"2,3585700"
"201900002806";"10";"5";"2019";"13:25";"1";"95";"95277";"1";"1";"1";"6";"AUTOROUTE A104";"48,9731900";"2,4883600"
"201900002807";"10";"5";"2019";"14:45";"1";"93";"93048";"1";"1";"1";"2";"AUTOROUTE A86";"48,8645900";"2,4823700"
"201900002808";"10";"5";"2019";"13:00";"1";"93";"93010";"1";"1";"1";"4";"AUTOROUTE A3";"48,9144100";"2,4771900"
"201900002809";"10";"5";"2019";"05:40";"5";"93";"93027";"1";"1";"1";"6";"AUTOROUTE A86";"48,9227400";"2,3808100"
"201900002810";"9";"5";"2019";"16:50";"1";"93";"93005";"1";"1";"1";"3";"AUTOROUTE A3";"48,9601700";"2,4735100"
"201900002811";"9";"5";"2019";"11:30";"1";"93";"93048";"1";"1";"2";"3";"AUTOROUTE A86";"48,8675800";"2,4819000"
"201900002812";"9";"5";"2019";"07:50";"1";"93";"93064";"1";"1";"2";"2";"AUTOROUTE A86";"48,8840100";"2,4715600"
"201900002813";"9";"5";"2019";"09:00";"1";"93";"93027";"1";"1";"2";"6";"AUTOROUTE A86";"48,9278500";"2,4095700"
"201900002814";"9";"5";"2019";"09:25";"1";"93";"93005";"1";"1";"2";"7";"AUTOROUTE A3";"48,9602400";"2,4733100"
"201900002815";"9";"5";"2019";"08:50";"1";"95";"95154";"1";"1";"2";"2";"AUTOROUTE A1";"49,0345500";"2,5404800"
"201900002816";"9";"5";"2019";"08:00";"1";"93";"93066";"1";"1";"2";"3";"AUTOROUTE A1";"48,9332200";"2,3764400"
"201900002817";"8";"5";"2019";"12:45";"1";"93";"93027";"1";"1";"2";"3";"BDL";"48,9287100";"2,4030000"
"201900002818";"9";"5";"2019";"03:00";"3";"95";"95277";"1";"1";"2";"6";"AUTOROUTE A104";"48,9715900";"2,4838100"
"201900002819";"8";"5";"2019";"23:40";"3";"95";"95527";"1";"1";"2";"5";"AUTOROUTE A3";"48,9862200";"2,5079800"
"201900002820";"9";"5";"2019";"00:00";"4";"92";"92036";"1";"9";"1";"5";"AUTOROUTE A86";"48,9387802";"2,3073401"
"201900002821";"8";"5";"2019";"23:00";"3";"95";"95018";"1";"1";"2";"6";"RD 170";"48,9614100";"2,2607600"
"201900002822";"8";"5";"2019";"22:10";"3";"93";"93027";"1";"1";"2";"6";"AUTOROUTE A86";"48,9286400";"2,4149200"
"201900002823";"8";"5";"2019";"20:00";"1";"93";"93027";"1";"1";"2";"5";"AUTOROUTE A86";"48,9286600";"2,4147900"
"201900002824";"8";"5";"2019";"18:15";"1";"93";"93078";"1";"1";"1";"3";"AUTOROUTE A104";"48,9665200";"2,5145500"
"201900002825";"8";"5";"2019";"20:00";"1";"93";"93027";"1";"1";"2";"6";"AUTOROUTE A86";"48,9285500";"2,4159700"
"201900002826";"8";"5";"2019";"17:00";"1";"95";"95488";"1";"1";"1";"6";"AUTOROUTE A15";"49,0275000";"2,1292700"
"201900002827";"8";"5";"2019";"15:30";"1";"93";"93013";"1";"1";"2";"3";"AUTOROUTE A1";"48,9399000";"2,4215200"
"201900002828";"8";"5";"2019";"09:55";"1";"93";"93053";"1";"1";"2";"6";"AUTOROUTE A86";"48,8996600";"2,4692100"
"201900002829";"8";"5";"2019";"09:50";"1";"92";"92078";"1";"1";"2";"6";"AUTOROUTE A86";"48,9292341";"2,3295641"
"201900002830";"8";"5";"2019";"10:20";"1";"93";"93027";"1";"1";"2";"6";"AUTOROUTE A86";"48,9265800";"2,4031200"
"201900002831";"8";"5";"2019";"08:50";"1";"92";"92036";"1";"1";"2";"6";"AUTOROUTE A15";"48,9370807";"2,2921737"
"201900002832";"7";"5";"2019";"19:05";"1";"93";"93078";"1";"1";"1";"1";"AUTOROUTE A104";"48,9651100";"2,5543400"
"201900002833";"7";"5";"2019";"18:55";"1";"95";"95127";"1";"1";"1";"7";"AUTOROUTE A15";"49,0435600";"2,0767300"
"201900002834";"7";"5";"2019";"18:30";"1";"92";"92036";"1";"1";"1";"2";"AUTOROUTE A86";"48,9383694";"2,3000890"
"201900002835";"7";"5";"2019";"19:15";"1";"95";"95351";"1";"1";"1";"3";"RN 104";"49,0321100";"2,4920900"
"201900002836";"7";"5";"2019";"18:30";"1";"93";"93027";"1";"1";"1";"2";"AUTOROUTE A86";"48,9226900";"2,3808400"
"201900002837";"7";"5";"2019";"16:00";"1";"95";"95582";"1";"1";"1";"2";"AUTOROUTE A15";"48,9715000";"2,2487000"
"201900002838";"6";"5";"2019";"10:00";"1";"93";"93007";"1";"1";"1";"3";"AUTOROUTE A1";"48,9462500";"2,4415500"
"201900002839";"6";"5";"2019";"19:30";"1";"95";"95306";"1";"1";"1";"2";"AUTOROUTE A15";"49,0073000";"2,1617400"
"201900002840";"6";"5";"2019";"19:10";"1";"93";"93078";"1";"1";"1";"5";"AUTOROUTE A104";"48,9666900";"2,5130500"
"201900002841";"6";"5";"2019";"10:10";"1";"93";"93064";"1";"9";"1";"4";"AUTOROUTE A86";"48,8694700";"2,4824500"
"201900002842";"6";"5";"2019";"07:20";"1";"95";"95607";"1";"1";"1";"6";"AUTOROUTE A115";"49,0312200";"2,2005000"
"201900002843";"5";"5";"2019";"20:40";"1";"93";"93053";"1";"1";"1";"4";"AUTOROUTE A3";"48,8958200";"2,4707300"
"201900002844";"5";"5";"2019";"22:50";"3";"93";"93078";"1";"1";"1";"2";"AUTOROUTE A104";"48,9601300";"2,5399500"
"201900002845";"5";"5";"2019";"22:00";"1";"93";"93029";"1";"1";"1";"6";"AUTOROUTE A3";"48,9259400";"2,4234100"
"201900002846";"5";"5";"2019";"15:00";"1";"93";"93007";"1";"1";"1";"2";"AUTOROUTE A1";"48,9457000";"2,4402400"
"201900002847";"4";"5";"2019";"12:45";"1";"95";"95277";"1";"1";"1";"6";"AUTOROUTE A104";"48,9731100";"2,4852800"
"201900002848";"5";"5";"2019";"03:40";"3";"93";"93007";"1";"1";"1";"5";"AUTOROUTE A3";"48,9431400";"2,4779300"
"201900002849";"5";"5";"2019";"06:15";"2";"95";"95527";"1";"1";"1";"6";"AUTOROUTE A3";"48,9824000";"2,5023400"
"201900002850";"4";"5";"2019";"12:45";"1";"92";"92036";"1";"1";"2";"3";"AUTOROUTE A86";"48,9369731";"2,3180434"
"201900002851";"4";"5";"2019";"21:55";"4";"93";"93010";"1";"1";"1";"3";"AUTOROUTE A3";"48,8911300";"2,4733800"
"201900002852";"4";"5";"2019";"16:25";"1";"95";"95572";"1";"1";"3";"6";"AUTOROUTE A15";"49,0319900";"2,1071700"
"201900002853";"3";"5";"2019";"22:04";"3";"95";"95488";"1";"1";"1";"6";"AUTOROUTE A15";"49,0118600";"2,1517100"
"201900002854";"2";"5";"2019";"17:20";"1";"92";"92036";"1";"1";"2";"5";"AUTOROUTE A15";"48,9419236";"2,2908630"
"201900002855";"2";"5";"2019";"18:10";"1";"92";"92036";"1";"1";"1";"7";"AUTOROUTE A15";"48,9383981";"2,2942127"
"201900002856";"2";"5";"2019";"13:00";"1";"60";"60631";"1";"1";"1";"6";"AUTOROUTE A1";"49,1561000";"2,5904400"
"201900002857";"2";"5";"2019";"13:00";"1";"95";"95641";"1";"1";"1";"6";"AUTOROUTE A1";"49,0740500";"2,5519500"
"201900002858";"2";"5";"2019";"07:15";"1";"93";"93013";"1";"1";"1";"4";"AUTOROUTE A1";"48,9403000";"2,4229000"
"201900002859";"1";"5";"2019";"19:45";"1";"95";"95394";"1";"1";"1";"3";"RN 184";"49,0505200";"2,1902500"
"201900002860";"1";"5";"2019";"14:00";"1";"93";"93001";"1";"1";"1";"6";"AUTOROUTE A86";"48,9216100";"2,3770800"
"201900002861";"30";"4";"2019";"18:00";"1";"93";"93007";"1";"1";"1";"2";"AUTOROUTE A3";"48,9330500";"2,4807500"
"201900002862";"30";"4";"2019";"17:00";"1";"95";"95678";"1";"1";"1";"3";"RN 184";"49,0601700";"2,2114800"
"201900002863";"30";"4";"2019";"09:15";"1";"92";"92078";"1";"1";"1";"4";"AUTOROUTE A86";"48,9273411";"2,3333828"
"201900002864";"29";"4";"2019";"17:45";"1";"95";"95252";"1";"1";"1";"2";"AUTOROUTE A115";"48,9839200";"2,2406800"
"201900002865";"29";"4";"2019";"13:00";"1";"93";"93064";"1";"1";"1";"4";"AUTOROUTE A86";"48,8812500";"2,4748500"
"201900002866";"29";"4";"2019";"07:30";"1";"95";"95306";"1";"1";"1";"2";"AUTOROUTE A15";"49,0038900";"2,1681800"
"201900002867";"29";"4";"2019";"08:30";"1";"93";"93064";"1";"1";"1";"6";"AUTOROUTE A103";"48,8866900";"2,4760300"
"201900002868";"27";"4";"2019";"23:20";"3";"95";"95424";"1";"1";"2";"2";"AUTOROUTE A15";"48,9905000";"2,1955000"
"201900002869";"28";"4";"2019";"00:20";"5";"93";"93066";"1";"1";"2";"2";"AUTOROUTE A1";"48,9193700";"2,3575400"
"201900002870";"27";"4";"2019";"22:40";"3";"95";"95277";"1";"1";"2";"3";"RD 170 ";"48,9773000";"2,4728000"
"201900002871";"28";"5";"2019";"08:30";"1";"94";"94073";"1";"1";"1";"4";"A86 INT";"48,7598000";"2,3831000"
"201900002872";"28";"5";"2019";"06:50";"1";"94";"94028";"1";"1";"1";"2";"A86 EXT";"48,7834000";"2,4402000"
"201900002873";"27";"5";"2019";"20:15";"1";"77";"77249";"1";"1";"1";"2";"RN104";"48,7448437";"2,6132618"
"201900002874";"27";"5";"2019";"15:30";"1";"94";"94069";"1";"1";"1";"6";"A86 INT";"48,8207600";"2,4234500"
"201900002875";"26";"5";"2019";"02:00";"3";"77";"77294";"1";"1";"1";"2";"A104";"48,9601400";"2,6206200"
"201900002876";"24";"5";"2019";"21:25";"2";"77";"77181";"1";"1";"1";"2";"A4";"48,8307778";"2,6904394"
"201900002877";"24";"5";"2019";"17:10";"1";"93";"93051";"1";"1";"1";"6";"A4";"48,8351600";"2,5708700"
"201900002878";"24";"5";"2019";"16:30";"1";"94";"94073";"1";"1";"1";"2";"A86 INT";"48,7704951";"2,3833269"
"201900002879";"24";"5";"2019";"15:55";"1";"75";"75112";"1";"1";"1";"3";"A4";"48,8261010";"2,4654600"
"201900002880";"24";"5";"2019";"14:30";"1";"94";"94018";"1";"1";"1";"3";"A4";"48,8214000";"2,4120000"