"Num_Acc";"jour";"mois";"an";"hrmn";"lum";"dep";"com";"agg";"int";"atm";"col";"adr";"lat";"long"
"201900002881";"24";"5";"2019";"10:15";"1";"94";"94052";"1";"1";"1";"2";"A86 INT";"48,8451048";"2,4920793"
"201900002882";"24";"5";"2019";"05:00";"3";"93";"93051";"1";"1";"1";"3";"A4";"48,8356830";"2,5644820"
"201900002883";"23";"5";"2019";"17:50";"1";"94";"94018";"1";"1";"1";"3";"A4";"48,8184600";"2,4090800"
"201900002884";"22";"5";"2019";"23:30";"4";"94";"94042";"1";"1";"1";"4";"A4";"48,8290000";"2,4698000"
"201900002885";"22";"5";"2019";"10:15";"1";"94";"94018";"1";"1";"1";"4";"A4";"48,8202000";"2,4027000"
"201900002886";"21";"5";"2019";"14:20";"1";"77";"77058";"1";"1";"1";"3";"A4";"48,8288500";"2,7266200"
"201900002887";"21";"5";"2019";"12:15";"1";"94";"94022";"1";"1";"1";"2";"A4";"48,7762300";"2,4263500"
"201900002888";"20";"5";"2019";"18:10";"1";"75";"75112";"1";"1";"1";"3";"A4";"48,8194574";"2,4589716"
"201900002889";"19";"5";"2019";"12:45";"1";"77";"77514";"1";"1";"1";"2";"A104";"48,9520100";"2,6286300"
"201900002890";"17";"5";"2019";"16:35";"1";"77";"77514";"1";"1";"1";"2";"A104";"48,9415900";"2,6282500"
"201900002891";"17";"5";"2019";"17:05";"1";"77";"77294";"1";"1";"1";"6";"A104";"48,9631840";"2,6132410"
"201900002892";"24";"10";"2019";"10:00";"1";"78";"78415";"2";"1";"1";"1";"Route de Mareil";"48,8833570";"1,8597400"
"201900002893";"23";"10";"2019";"17:45";"1";"21";"21699";"1";"1";"1";"1";"D905";"47,2013510";"5,3473620"
"201900002894";"24";"10";"2019";"17:30";"1";"42";"42147";"2";"8";"7";"5";"4 Avenue Louis Lepine";"45,6188960";"4,0674620"
"201900002895";"23";"10";"2019";"19:20";"5";"38";"38377";"2";"9";"3";"6";"Avenue de Savoie";"45,5735570";"5,4780070"
"201900002896";"23";"10";"2019";"14:45";"1";"9";"09109";"1";"1";"1";"7";"RD 14";"43,2026040";"1,4812700"
"201900002897";"10";"10";"2019";"15:30";"1";"33";"33436";"1";"2";"1";"3";"D651 / RD110E6";"44,5214570";" -0,6268500"
"201900002898";"23";"10";"2019";"17:58";"1";"49";"49301";"1";"2";"1";"6";"D146";"47,1374870";" -1,0456560"
"201900002899";"25";"7";"2019";"18:30";"1";"29";"29103";"2";"4";"1";"3";"Rue Hervé de Guébriant";"48,4474450";" -4,2700320"
"201900002900";"1";"9";"2019";"18:45";"1";"35";"35076";"1";"1";"1";"5";"Le Pâtis des Friches";"48,0606990";" -1,7743460"
"201900002901";"23";"10";"2019";"22:00";"3";"60";"60695";"1";"6";"1";"3";"D924";"49,1981365";"2,5113111"
"201900002902";"24";"10";"2019";"08:00";"2";"60";"60090";"1";"1";"1";"1";"D53";"49,1692465";"1,8845686"
"201900002903";"5";"8";"2019";"13:00";"1";"80";"80288";"1";"1";"1";"4";"Rue Marie Anne";"49,8835300";"2,8378700"
"201900002904";"24";"10";"2019";"16:45";"2";"59";"59435";"1";"2";"1";"3";"CD 549 / CD 127";"50,5004259";"3,2451595"
"201900002905";"22";"10";"2019";"19:35";"5";"59";"59249";"1";"3";"1";"3";"intersection D20 - D42";"49,9993610";"4,0378450"
"201900002906";"15";"10";"2019";"13:10";"1";"38";"38087";"1";"1";"2";"2";"A7   20.110 A 22.950";"45,5743500";"4,8054600"
"201900002907";"20";"10";"2019";"20:35";"3";"42";"42044";"1";"1";"2";"2";"RN88";"45,3935440";"4,3257590"
"201900002908";"20";"10";"2019";"07:00";"3";"67";"67482";"1";"1";"2";"7";"Autoroute A.35";"48,5882800";"7,7286500"
"201900002909";"21";"10";"2019";"18:10";"2";"67";"67482";"1";"1";"2";"4";"Autoroute A.35";"48,5912154";"7,7348325"
"201900002910";"23";"10";"2019";"20:40";"5";"33";"33143";"1";"1";"3";"4";"AUTOROUTE A 10";"44,9569500";" -0,4502100"
"201900002911";"23";"10";"2019";"20:40";"5";"33";"33143";"1";"1";"3";"6";"AUTOROUTE A 10";"44,9570200";" -0,4503900"
"201900002912";"23";"10";"2019";"18:30";"1";"91";"91064";"1";"1";"2";"4";"RN 118";"48,7488600";"2,2150600"
"201900002913";"23";"10";"2019";"08:15";"3";"92";"92002";"1";"1";"2";"3";"AUTOROUTE A86";"48,7614695";"2,2972064"
"201900002914";"21";"10";"2019";"22:32";"3";"94";"94021";"1";"1";"1";"5";"AUTOROUTE A6B";"48,7687000";"2,3441000"
"201900002915";"22";"10";"2019";"19:45";"2";"95";"95641";"1";"1";"1";"2";"AUTOROUTE A1";"49,0757800";"2,5520700"
"201900002916";"22";"10";"2019";"18:30";"1";"93";"93053";"1";"1";"1";"5";"AUTOROUTE A3";"48,8808900";"2,4528600"
"201900002917";"22";"10";"2019";"18:50";"2";"93";"93064";"1";"1";"1";"3";"AUTOROUTE A86";"48,8767700";"2,4776600"
"201900002918";"22";"10";"2019";"09:15";"1";"95";"95582";"1";"1";"5";"5";"AUTOROUTE A15";"48,9707000";"2,2490700"
"201900002919";"22";"10";"2019";"07:50";"2";"93";"93013";"1";"1";"5";"3";"AUTOROUTE A1";"48,9424000";"2,4311700"
"201900002920";"23";"10";"2019";"19:50";"3";"94";"94028";"1";"1";"1";"5";"A86 INT";"48,7700000";"2,4400000"
"201900002921";"23";"10";"2019";"20:00";"5";"94";"94017";"1";"1";"1";"3";"A4";"48,8291000";"2,5001300"
"201900002922";"11";"5";"2019";"10:45";"1";"33";"33321";"1";"1";"1";"6";"A10";"45,0539200";" -0,4538900"
"201900002923";"9";"5";"2019";"01:00";"3";"33";"33348";"1";"1";"1";"7";"N/A";"45,3601900";" -0,9943700"
"201900002924";"20";"10";"2019";"06:50";"5";"69";"69264";"2";"1";"1";"6";"JAQUEMAIRE LEON (R)";"45,9942000";"4,7441500"
"201900002925";"21";"10";"2019";"07:40";"2";"69";"69013";"1";"1";"1";"4";"D 306";"46,0178000";"4,7204000"
"201900002926";"17";"10";"2019";"14:55";"1";"41";"41018";"2";"1";"1";"2";"MAUNOURY (AVENUE DE MARECHAL)";"47,6006800";"1,3467700"
"201900002927";"19";"10";"2019";"19:10";"1";"22";"22215";"1";"1";"1";"7";"RD 712";"48,4977400";" -2,7709900"
"201900002928";"20";"10";"2019";"14:20";"1";"10";"10357";"2";"1";"3";"7";"GENERAL DE GAULLE (RUE DU)";"48,2960500";"4,1322400"
"201900002929";"19";"10";"2019";"23:20";"5";"93";"93055";"2";"9";"2";"3";"JEAN JAURES (AVENUE) (76/128)";"48,9035600";"2,3921300"
"201900002930";"21";"10";"2019";"20:30";"5";"92";"92049";"2";"2";"1";"3";"PERI RUE GABRIEL AUTRES N°/  REPUBLIQUE AVENUE DE LA N°1 A 79";"48,8185095";"2,3196199"
"201900002931";"14";"7";"2019";"01:00";"4";"987";"98740";"2";"1";"1";"6";"village de AVATORU";" -15,8484720";" -148,2511790"
"201900002932";"22";"10";"2019";"07:20";"1";"976";"97611";"2";"1";"1";"2";"kaweni-Mangrove ( rue de la )";" -12,7758700";"45,2258400"
"201900002933";"22";"10";"2019";"10:30";"1";"69";"69383";"2";"1";"2";"6";"GAMBETTA                            (CO)";"45,7558600";"4,8412400"
"201900002934";"22";"10";"2019";"15:00";"1";"69";"69034";"2";"1";"8";"6";"PASTEUR                             (R )";"45,7905100";"4,8420100"
"201900002935";"22";"10";"2019";"16:30";"1";"2A";"2A004";"2";"6";"1";"2";"MEZZAVIA ROUTE DE";"41,9452500";"8,7585700"
"201900002936";"22";"10";"2019";"10:50";"1";"2A";"2A004";"2";"4";"1";"6";"NAPOLEON COURS AVANT BEVERINI";"41,9259105";"8,7382253"
"201900002937";"22";"10";"2019";"22:25";"5";"91";"91589";"2";"6";"1";"3";"OUZILLO (AVENUE HENRI)";"48,6732900";"2,3403100"
"201900002938";"19";"10";"2019";"17:50";"1";"91";"91377";"2";"3";"1";"3";"DE LATTRE DE TASSIGNY (AVENUE DU MARECHA";"48,7230400";"2,2870700"
"201900002939";"22";"10";"2019";"20:20";"5";"91";"91687";"2";"2";"1";"2";"GENERAL DE GAULLE (AVENUE DU)";"48,6760000";"2,3854000"
"201900002940";"22";"10";"2019";"07:45";"5";"91";"91347";"2";"1";"5";"7";"MONTLHERY (ROUTE DE)";"48,6346700";"2,2887300"
"201900002941";"11";"10";"2019";"07:10";"2";"84";"84007";"2";"1";"1";"6";"BOCCACE (avenue)";"43,9493100";"4,8295300"
"201900002942";"22";"10";"2019";"18:20";"4";"81";"81163";"2";"1";"3";"6";"BARBEY (EDOUARD)";"43,4903997";"2,3752988"
"201900002943";"16";"8";"2019";"09:58";"1";"35";"35085";"1";"1";"1";"1";"pk 13 - RD82";"48,3756590";" -1,7264100"
"201900002944";"14";"8";"2019";"16:45";"1";"84";"84029";"1";"2";"1";"3";"D43";"44,1649790";"4,8579220"
"201900002945";"16";"8";"2019";"14:55";"1";"63";"63248";"1";"1";"1";"7";"D942";"45,7342307";"2,9292709"
"201900002946";"15";"8";"2019";"08:30";"1";"52";"52258";"1";"1";"8";"2";"A5 - PK 190+380";"48,0890730";"4,8410310"
"201900002947";"12";"8";"2019";"13:10";"1";"21";"21298";"1";"1";"1";"6";"A6 PK 253+600 sens LYON vers PARIS";"47,3274980";"4,4841500"
"201900002948";"18";"10";"2019";"21:00";"5";"80";"80256";"1";"1";"1";"3";"N/A";"49,9164500";"2,2254400"
"201900002949";"14";"8";"2019";"09:00";"1";"6";"06026";"1";"1";"1";"6";"Boulevard des 5 Communes/Boulevard Jean Marais";"43,6487643";"6,8776448"
"201900002950";"14";"8";"2019";"18:11";"1";"51";"51544";"1";"1";"8";"1";"RD 977";"49,2863066";"4,5525896"
"201900002951";"22";"10";"2019";"07:25";"3";"74";"74118";"1";"1";"8";"4";"REIGNIER (ROUTE DE)";"46,1771700";"6,2350900"
"201900002952";"17";"8";"2019";"02:00";"3";"58";"58086";"1";"1";"1";"7";"Route des Carrières";"47,4297710";"2,9756140"
"201900002953";"16";"8";"2019";"13:45";"1";"62";"62408";"1";"1";"1";"6";"route de guines";"50,8861000";"1,8766070"
"201900002954";"2";"9";"2019";"23:18";"5";"73";"73008";"2";"6";"1";"6";"GENEVE RUE DE";"45,6918263";"5,9124376"
"201900002955";"21";"10";"2019";"23:40";"5";"72";"72181";"2";"1";"1";"6";"ESTIENNE D'ORVES (BD D')";"47,9817800";"0,1893300"
"201900002956";"21";"10";"2019";"22:15";"5";"71";"71270";"2";"1";"1";"3";"GAULLE (AVENUE DU GENERAL DE)";"46,3312600";"4,8428400"
"201900002957";"21";"10";"2019";"16:45";"1";"71";"71153";"2";"1";"1";"5";"MONTCENIS (ROUTE DE)";"46,8033700";"4,4131100"
"201900002958";"13";"8";"2019";"18:10";"1";"84";"84091";"1";"3";"1";"3";"Le Crepon Sud";"44,1638700";"4,7751380"
"201900002959";"22";"10";"2019";"17:25";"2";"69";"69275";"2";"3";"8";"6";"JEAN JAURES                         (AV)";"45,7709500";"4,9627400"
"201900002960";"16";"8";"2019";"18:35";"1";"62";"62571";"1";"1";"1";"3";"Route de Berck";"50,4350510";"1,6093290"
"201900002961";"22";"10";"2019";"09:35";"1";"69";"69266";"2";"1";"8";"6";"ROGER SALENGRO     (Avenue)";"45,7785600";"4,8798600"
"201900002962";"15";"8";"2019";"17:00";"1";"79";"79150";"1";"2";"1";"3";"RD 948";"46,1400890";"0,1969390"
"201900002963";"22";"10";"2019";"07:50";"2";"69";"69264";"2";"3";"2";"3";"GRANGE BLAZET";"45,9806100";"4,7188700"
"201900002964";"13";"8";"2019";"10:10";"1";"85";"85109";"2";"1";"1";"1";"Route de la Goriandière";"46,8746600";" -0,9969400"
"201900002965";"21";"10";"2019";"09:00";"1";"67";"67482";"2";"3";"2";"6";"TILLEULS (RUE DES)";"48,6080400";"7,7818800"
"201900002966";"16";"8";"2019";"01:35";"5";"67";"67405";"2";"1";"1";"6";"37 rue principale";"48,8296440";"8,0379860"
"201900002967";"21";"10";"2019";"07:50";"2";"67";"67482";"2";"1";"2";"6";"COLMAR (AVENUE DE)";"48,5612600";"7,7515400"
"201900002968";"14";"8";"2019";"10:15";"1";"71";"71054";"1";"2";"1";"3";"Intersection RD 5 / RD 171";"46,9210390";"5,0223080"
"201900002969";"21";"10";"2019";"17:30";"1";"66";"66136";"2";"1";"1";"5";"R D 900";"42,6784600";"2,8717900"
"201900002970";"16";"8";"2019";"10:45";"1";"2B";"2B009";"2";"1";"1";"6";"310 Avenue Saint-Alexandre Sauli";"42,1157640";"9,5132720"
"201900002971";"19";"10";"2019";"18:00";"1";"66";"66136";"2";"1";"1";"4";"Départementale 914";"42,6720100";"2,8920000"
"201900002972";"14";"8";"2019";"18:55";"1";"62";"62870";"1";"2";"3";"3";"D303";"50,4241330";"1,7166180"
"201900002973";"19";"10";"2019";"17:00";"1";"66";"66136";"2";"1";"1";"6";"64 Av Panchot";"42,6917100";"2,8829800"
"201900002974";"15";"8";"2019";"18:45";"1";"83";"83018";"1";"1";"1";"6";"D2013";"43,3484080";"6,1762710"
"201900002975";"16";"6";"2019";"16:35";"1";"68";"68044";"1";"1";"1";"7";"route departementale 148";"48,1827030";"7,0911980"
"201900002976";"21";"10";"2019";"17:00";"1";"64";"64122";"2";"1";"1";"2";"ESPAGNE (RUE D')";"43,4765900";" -1,5651900"
"201900002977";"15";"8";"2019";"16:45";"1";"57";"57089";"1";"1";"1";"7";"RD662";"49,0331140";"7,4771380"
"201900002978";"13";"8";"2019";"17:48";"1";"19";"19225";"1";"1";"1";"7";"Route de Saint-Privat";"45,2301270";"2,0946600"
"201900002979";"16";"8";"2019";"15:25";"1";"56";"56200";"1";"1";"1";"7";"Botrel";"47,8380760";" -2,3085030"
"201900002980";"10";"6";"2019";"11:35";"1";"68";"68023";"1";"3";"2";"3";"D3";"48,1611140";"7,3411650"
"201900002981";"13";"8";"2019";"14:50";"1";"56";"56234";"2";"2";"1";"1";"Rue Georges Clemenceau";"47,5204510";" -3,1355320"
"201900002982";"22";"10";"2019";"09:15";"1";"64";"64102";"2";"1";"8";"7";"D'ARROUSETS (RUE)";"43,4934599";" -1,4503472"
"201900002983";"9";"6";"2019";"14:00";"1";"68";"68249";"1";"1";"1";"7";"CD11.6 - PK 4.900";"48,0822060";"7,1620100"
"201900002984";"22";"10";"2019";"11:40";"1";"60";"60057";"2";"1";"1";"6";"GASCOGNE (RUE DE)";"49,4359700";"2,0964300"
"201900002985";"15";"8";"2019";"16:40";"1";"56";"56231";"1";"1";"1";"5";"Lieu-dit Kerboulard";"47,6958900";" -2,6336900"
"201900002986";"4";"6";"2019";"10:20";"1";"68";"68155";"1";"1";"1";"7";"D10";"48,1138990";"7,3054330"
"201900002987";"13";"8";"2019";"18:49";"2";"59";"59089";"1";"1";"1";"7";"1382 route de volckerinckhoe";"50,8584960";"2,3175910"
"201900002988";"22";"10";"2019";"11:10";"1";"59";"59350";"2";"9";"1";"3";"DEFRENNE ADOLPHE RUE";"50,6495500";"2,9866700"
"201900002989";"31";"5";"2019";"06:30";"1";"68";"68005";"1";"1";"1";"7";"rd10";"48,1181820";"7,3064410"
"201900002990";"14";"8";"2019";"19:00";"1";"67";"67066";"1";"1";"1";"6";"axe 1420 entre ROTHAU et DEVANT FOUDAY";"48,4431059";"7,1876163"
"201900002991";"16";"8";"2019";"16:55";"1";"76";"76367";"1";"1";"1";"6";"D121";"49,5045990";"1,0996010"
"201900002992";"8";"6";"2019";"13:55";"1";"68";"68019";"1";"3";"1";"1";"CD 468";"48,0959810";"7,5334860"
"201900002993";"21";"10";"2019";"15:00";"1";"59";"59239";"1";"2";"8";"3";"RD 938";"50,4275700";"3,1554100"
"201900002994";"13";"8";"2019";"14:40";"1";"79";"79213";"2";"1";"1";"3";"31 avenue de lauzon";"46,6096020";" -0,2355090"
"201900002995";"19";"6";"2019";"11:15";"1";"10";"10350";"2";"1";"1";"1";"Rue Charles Petit";"48,1743950";"3,7986180"
"201900002996";"22";"10";"2019";"17:50";"1";"59";"59431";"1";"9";"1";"3";"HOUCKE (AVENUE JULES)";"50,6833000";"2,8408100"
"201900002997";"31";"7";"2019";"01:00";"3";"79";"79340";"1";"1";"1";"6";"La Fonzille";"46,5321740";" -0,1141680"
"201900002998";"7";"6";"2019";"16:50";"1";"10";"10003";"2";"3";"1";"6";"Avenue Georges Clemenceau (Aix-en-Othe)";"48,2211480";"3,7273790"
"201900002999";"13";"8";"2019";"18:00";"1";"79";"79168";"1";"2";"1";"2";"N/A";"47,0028840";" -0,3367150"
"201900003000";"19";"10";"2019";"04:30";"5";"56";"56121";"2";"1";"1";"7";"MULLER ( DU COLONEL JEAN )";"47,7625400";" -3,3914400"
"201900003001";"15";"8";"2019";"19:25";"1";"2A";"2A085";"1";"1";"1";"7";"T40";"41,9120250";"8,9352220"
"201900003002";"18";"10";"2019";"17:22";"1";"56";"56162";"2";"2";"1";"3";"RACINE (RUE JEAN)";"47,7395300";" -3,4362800"
"201900003003";"14";"8";"2019";"09:25";"1";"2B";"2B207";"1";"1";"1";"7";"Lieu dit MAJO D206";"42,4609770";"9,4635870"
"201900003004";"22";"10";"2019";"19:50";"2";"54";"54357";"2";"1";"1";"7";"METZ (ROUTE DE)";"48,7131990";"6,1681460"
"201900003005";"13";"8";"2019";"08:30";"1";"80";"80444";"1";"1";"1";"7";"Rue de la Vallée";"50,0365770";"1,7898750"
"201900003006";"10";"5";"2019";"18:30";"1";"10";"10003";"2";"9";"2";"1";"Rue du Docteur Georgel (Aix-en-Othe)";"48,2223590";"3,7402800"
"201900003007";"22";"10";"2019";"17:30";"1";"54";"54526";"2";"1";"1";"2";"POTIER (RUE EUGENE)";"48,6885370";"6,2161560"
"201900003008";"14";"8";"2019";"12:00";"1";"65";"65006";"1";"1";"1";"2";"PK 6+800- D113";"42,8877072";"0,3213380"
"201900003009";"2";"6";"2019";"09:45";"1";"10";"10067";"2";"1";"1";"3";"Route de Maisons Blanches";"48,2313360";"4,1127430"
"201900003010";"14";"8";"2019";"12:00";"1";"65";"65138";"1";"1";"1";"6";"D 920";"42,8556290";" -0,1280500"
"201900003011";"22";"10";"2019";"21:30";"5";"51";"51055";"2";"3";"1";"3";"RUE ALAIN COLAS";"49,2713472";"4,0449361"
"201900003012";"19";"6";"2019";"14:30";"1";"28";"28123";"1";"1";"1";"6";"Thoreau";"48,2208500";"1,1014030"
"201900003013";"4";"6";"2019";"16:15";"1";"974";"97422";"2";"1";"1";"6";"161 Rue Georges Pompidou";" -21,2557370";"55,5226000"
"201900003014";"22";"10";"2019";"17:20";"1";"45";"45234";"2";"2";"1";"3";"AV DES DROITS DE L'HOMME - R DU PETIT PONT";"47,9226165";"1,9296393"
"201900003015";"14";"8";"2019";"08:50";"1";"33";"33514";"2";"1";"1";"6";"RD101E1 59 Boulevard de l'Amélie";"45,4881470";" -1,1462500"
"201900003016";"15";"6";"2019";"07:50";"1";"974";"97405";"1";"1";"1";"1";"RN2";" -21,3651010";"55,5507910"
"201900003017";"13";"6";"2019";"00:45";"3";"974";"97412";"1";"1";"2";"6";"Rue Marcel Pagnol";" -21,3741530";"55,6684520"
"201900003018";"12";"8";"2019";"13:45";"1";"33";"33125";"1";"3";"1";"2";"CD 1215  route de Margales";"45,2287600";" -0,8798900"
"201900003019";"22";"10";"2019";"09:10";"1";"38";"38185";"2";"1";"2";"4";"AUTOROUTE A 480";"45,1871400";"5,7027400"
"201900003020";"16";"8";"2019";"13:45";"1";"33";"33382";"1";"1";"1";"6";"La Perotine";"45,1389210";" -0,4960560"
"201900003021";"19";"6";"2019";"15:25";"1";"972";"97222";"1";"1";"1";"3";"RN1 - AUGRAIN";"14,6697000";" -60,9596610"
"201900003022";"22";"10";"2019";"09:44";"1";"37";"37261";"2";"1";"1";"6";"VAILLANT (RUE EDOUARD)";"47,3854798";"0,6997778"
"201900003023";"11";"6";"2019";"06:00";"1";"972";"97212";"1";"1";"1";"5";"Chemin Gond";"14,7321750";" -61,0207600"
"201900003024";"16";"8";"2019";"17:28";"1";"81";"81055";"2";"1";"1";"3";"42 Rue de la Fontaine";"43,4125216";"2,0770370"
"201900003025";"10";"6";"2019";"01:48";"5";"972";"97207";"2";"1";"1";"6";"ROUTE DEPARTEMENTALE 5";"14,5716570";" -60,9613350"
"201900003026";"14";"8";"2019";"00:45";"3";"11";"11337";"1";"1";"1";"1";"D111";"43,2027770";"2,6286640"
"201900003027";"22";"10";"2019";"14:45";"1";"35";"35238";"2";"4";"1";"3";"VALLES (JULES)";"48,1028325";" -1,7152196"
"201900003028";"14";"8";"2019";"11:20";"1";"71";"71183";"1";"1";"1";"1";"D225 PK 12+800";"46,8897260";"4,5805050"
"201900003029";"9";"6";"2019";"19:00";"3";"972";"97210";"1";"1";"1";"1";"Petite France";"14,5899170";" -60,8814790"
"201900003030";"9";"6";"2019";"00:15";"4";"972";"97232";"1";"1";"2";"6";"Beaujolais";"14,5209370";" -60,8607410"
"201900003031";"13";"8";"2019";"13:45";"1";"61";"61156";"1";"1";"1";"2";"D42 entre Essay et le Mele Sur Sarthe";"48,5348800";"0,2693650"
"201900003032";"14";"8";"2019";"15:00";"1";"55";"55334";"1";"1";"1";"6";"RN4 sens PARIS - NANCY au PK : 44+120";"48,7047910";"5,5246350"
"201900003033";"5";"6";"2019";"17:50";"1";"972";"97210";"1";"1";"1";"1";"Cotonnerie Sud";"14,6064190";" -60,9095360"
"201900003034";"14";"8";"2019";"19:10";"1";"12";"12004";"1";"1";"1";"6";"RD 508";"44,6053920";"2,2888530"
"201900003035";"9";"6";"2019";"15:50";"1";"62";"62078";"2";"1";"1";"6";"1250 Rue du Camp du Drap d'Or";"50,8599020";"1,9435660"
"201900003036";"15";"8";"2019";"07:55";"1";"12";"12239";"1";"2";"2";"3";"RD 45 - PK 13+322";"44,4290190";"2,9628180"
"201900003037";"14";"6";"2019";"14:25";"1";"27";"27278";"1";"1";"1";"7";"D836";"48,9027390";"1,4484560"
"201900003038";"8";"6";"2019";"06:30";"1";"11";"11041";"1";"1";"1";"6";"la tuilerie";"43,3082330";"2,8603150"
"201900003039";"15";"8";"2019";"11:10";"1";"12";"12238";"1";"1";"1";"1";"D911  PR 021+460";"44,2362100";"2,9779460"
"201900003040";"13";"8";"2019";"19:50";"1";"12";"12120";"1";"1";"1";"5";"RN 88 - PK 25+800";"44,3844030";"2,8081300"
"201900003041";"21";"10";"2019";"09:20";"1";"35";"35238";"2";"3";"1";"3";"LECLERC (AVENUE DU GENERAL)";"48,1138900";" -1,6397900"
"201900003042";"1";"6";"2019";"01:30";"3";"11";"11077";"1";"1";"1";"6";"Avenue des Corbières";"43,2314680";"2,6753460"
"201900003043";"22";"10";"2019";"09:10";"1";"34";"34172";"2";"1";"2";"6";"SAINT LAZARE (AVENUE DE)";"43,6191600";"3,8865800"
"201900003044";"15";"8";"2019";"03:45";"3";"42";"42081";"1";"8";"1";"1";"Route Bellegarde";"45,6200030";"4,2694120"
"201900003045";"8";"6";"2019";"15:45";"1";"84";"84029";"1";"1";"1";"2";"Route de Jonquières";"44,1520630";"4,8849160"
"201900003046";"8";"6";"2019";"20:20";"2";"26";"26166";"1";"9";"1";"6";"AUTOROUTE A7";"44,7588300";"4,7942140"
"201900003047";"14";"8";"2019";"02:45";"3";"42";"42100";"1";"1";"1";"6";"Le Mazot";"45,5560710";"4,4068700"
"201900003048";"17";"6";"2019";"17:50";"1";"63";"63248";"1";"3";"1";"6";"Rue Charles de Gaulle";"45,7151394";"2,9015869"
"201900003049";"20";"10";"2019";"19:25";"3";"34";"34032";"1";"1";"1";"5";"ROUTE DEPARTEMENTALE 612";"43,3562500";"3,2499000"
"201900003050";"14";"8";"2019";"10:20";"1";"47";"47217";"1";"1";"1";"1";"Marmounet RD 110";"44,1995710";"0,7983640"
"201900003051";"26";"7";"2019";"16:30";"1";"41";"41154";"1";"1";"1";"6";"La Guizonniere";"47,9042230";"1,2551800"
"201900003052";"12";"6";"2019";"15:40";"1";"63";"63071";"2";"4";"1";"1";"le bourg  RD68 t R52";"45,7674780";"2,8974150"
"201900003053";"15";"8";"2019";"01:45";"5";"34";"34332";"2";"1";"1";"6";"Avenue de la Méditerranée";"43,2968800";"3,4177440"
"201900003054";"20";"10";"2019";"02:52";"5";"33";"33063";"2";"1";"3";"2";"82 QUAI DES CHARTRONS";"44,8534800";" -0,5667000"
"201900003055";"22";"7";"2019";"08:45";"1";"34";"34284";"2";"1";"1";"7";"col de saint colombe";"43,4250860";"2,7375340"
"201900003056";"30";"5";"2019";"20:00";"1";"63";"63116";"2";"2";"1";"4";"Avenue Étienne Clementel";"45,9827990";"3,0880460"
"201900003057";"16";"6";"2019";"18:43";"1";"88";"88256";"1";"1";"1";"1";"11 Rue des Champs d'Armenil";"48,1732420";"6,7587700"
"201900003058";"14";"8";"2019";"09:55";"1";"68";"68258";"1";"2";"1";"3";"Route Départementale 2";"47,8268540";"7,2866680"
"201900003059";"19";"10";"2019";"14:54";"1";"31";"31555";"2";"1";"1";"3";"BD LAZARE CARNOT";"43,6037100";"1,4508000"
"201900003060";"22";"10";"2019";"09:40";"1";"31";"31344";"1";"9";"2";"7";"ASPET (ROUTE)";"43,0935000";"0,7536000"
"201900003061";"22";"10";"2019";"13:30";"1";"30";"30007";"2";"1";"2";"3";"CASSIN (RUE RENE)";"44,1076200";"4,0978000"
"201900003062";"16";"6";"2019";"14:50";"1";"46";"46201";"1";"1";"1";"6";"Route du lac";"44,3415720";"1,1925550"
"201900003063";"19";"10";"2019";"12:20";"1";"28";"28085";"2";"1";"1";"3";"FRANCE (MAIL ANATOLE)";"48,4460000";"1,5260000"
"201900003064";"3";"6";"2019";"15:30";"1";"41";"41161";"1";"1";"1";"3";"Autoroute A71";"47,5475180";"2,0086470"
"201900003065";"17";"10";"2019";"18:50";"2";"24";"24037";"2";"1";"1";"6";"boulevard J.SANTRAILLE";"44,8594600";"0,4840400"
"201900003066";"15";"8";"2019";"15:25";"1";"68";"68338";"2";"6";"2";"2";"Route de Colmar";"48,0849230";"7,2868930"
"201900003067";"28";"5";"2019";"16:40";"1";"41";"41046";"1";"1";"1";"6";"autoroute A71";"47,6259430";"1,9590640"
"201900003068";"13";"8";"2019";"11:30";"1";"22";"22131";"1";"1";"8";"6";"Le Dresnay";"48,5033200";" -3,4622680"
"201900003069";"16";"6";"2019";"11:20";"1";"76";"76167";"2";"3";"1";"3";"Rue d'Ecqueville";"49,5857000";"0,1207000"
"201900003070";"13";"8";"2019";"17:40";"1";"22";"22122";"1";"3";"1";"2";"N164";"48,1847220";" -2,5360890"
"201900003071";"22";"10";"2019";"14:50";"1";"17";"17200";"2";"1";"1";"3";"GONTHIERES   RUE DES (99 et 11)";"46,1788890";" -1,1463100"
"201900003072";"10";"6";"2019";"23:10";"3";"28";"28006";"1";"6";"1";"7";"N123";"48,4367170";"1,4303720"
"201900003073";"22";"10";"2019";"12:55";"1";"17";"17291";"2";"1";"1";"6";"LIBERATION   RUE DE LA";"46,1768000";" -1,1143900"
"201900003074";"2";"6";"2019";"15:18";"1";"28";"28022";"1";"1";"1";"6";"RD 939";"48,4983430";"1,3654950"
"201900003075";"22";"10";"2019";"00:00";"3";"30";"30032";"1";"1";"2";"6";"COMPS ROUTE DE";"43,8154000";"4,6306000"