"Num_Acc";"jour";"mois";"an";"hrmn";"lum";"dep";"com";"agg";"int";"atm";"col";"adr";"lat";"long"
"201900003076";"1";"6";"2019";"15:00";"1";"28";"28269";"2";"2";"1";"3";"Rue de Chartres";"48,3955660";"1,4928140"
"201900003077";"12";"6";"2019";"07:45";"1";"68";"68300";"2";"6";"2";"2";"Rue de la Fabrique";"47,7796590";"7,3650750"
"201900003078";"22";"10";"2019";"17:00";"1";"13";"13209";"2";"1";"8";"3";"GASTON RAMON (BOULEVARD)";"43,2668280";"5,3953970"
"201900003079";"22";"10";"2019";"17:15";"1";"13";"13215";"2";"1";"2";"1";"DE SAINT LOUIS AU ROVE (chemin)";"43,3547511";"5,3486788"
"201900003080";"26";"5";"2019";"11:35";"1";"64";"64554";"1";"3";"1";"3";"RD945";"43,4193325";" -0,4691778"
"201900003081";"13";"6";"2019";"17:25";"1";"12";"12197";"1";"1";"1";"1";"La Rivaldie";"43,9852800";"2,5260410"
"201900003082";"22";"10";"2019";"13:30";"1";"13";"13216";"2";"4";"8";"3";"PRADEL (traverse du)";"43,3572320";"5,3448980"
"201900003083";"11";"6";"2019";"15:20";"1";"12";"12267";"1";"1";"1";"1";"RD 902 PK 33+500";"44,0756040";"2,5266260"
"201900003084";"22";"10";"2019";"13:15";"1";"13";"13210";"2";"1";"1";"6";"ROMAIN ROLLAND (BOULEVARD)";"43,2725341";"5,4112762"
"201900003085";"17";"6";"2019";"00:30";"3";"35";"35219";"1";"1";"1";"6";"Le Fresche";"47,8003910";" -1,9015090"
"201900003086";"21";"10";"2019";"10:30";"1";"10";"10387";"2";"1";"8";"7";"boulevard Gambetta";"48,0107700";"4,0259000"
"201900003087";"11";"8";"2019";"10:40";"1";"25";"25405";"1";"1";"1";"3";"CD 437";"46,8350810";"6,3441750"
"201900003088";"16";"4";"2019";"15:30";"1";"35";"35219";"1";"1";"1";"6";"La Glochais";"47,8289510";" -1,9502930"
"201900003089";"16";"8";"2019";"17:30";"1";"25";"25050";"1";"2";"1";"7";"Carrefour D461 e D242";"47,1179200";"6,6140270"
"201900003090";"22";"10";"2019";"13:10";"1";"75";"75116";"2";"1";"1";"4";"BD PERIPHERIQUE EXTERIEUR";"48,8514840";"2,2520490"
"201900003091";"2";"6";"2019";"10:20";"1";"83";"83036";"2";"1";"1";"6";"260 Avenue des Alliés";"43,1720470";"6,5298530"
"201900003092";"15";"8";"2019";"12:52";"1";"25";"25112";"2";"1";"1";"6";"20 Chemin de Port Arthur";"47,2632720";"6,0676850"
"201900003093";"8";"6";"2019";"15:15";"1";"54";"54322";"2";"3";"1";"1";"25 Route de Viviers";"49,4564550";"5,5999620"
"201900003094";"14";"8";"2019";"11:50";"1";"44";"44044";"1";"2";"1";"3";"Cotidel";"47,6570680";" -1,7833090"
"201900003095";"22";"10";"2019";"08:15";"1";"75";"75119";"2";"1";"1";"4";"BD PERIPHERIQUE EXTERIEUR";"48,9004290";"2,3834660"
"201900003096";"9";"6";"2019";"14:02";"1";"1";"01209";"1";"1";"2";"2";"ROUTE DEPARTEMENTALE 1206";"46,0922380";"5,8719120"
"201900003097";"15";"8";"2019";"08:38";"1";"35";"35223";"1";"1";"1";"2";"N24";"47,9569730";" -2,0917850"
"201900003098";"2";"6";"2019";"21:25";"2";"1";"01109";"1";"4";"1";"3";"D 1206";"46,1221110";"5,8963260"
"201900003099";"7";"6";"2019";"18:50";"1";"22";"22097";"1";"1";"6";"2";"RN 176 PR 023+100";"48,4260562";" -2,1900754"
"201900003100";"17";"6";"2019";"06:30";"1";"22";"22228";"1";"1";"1";"2";"RN 12 PR 115 +0525 GAUCHE";"48,5573320";" -3,4829700"
"201900003101";"4";"8";"2019";"06:00";"3";"35";"35302";"1";"1";"1";"6";"N164";"48,1909190";" -2,1627640"
"201900003102";"22";"10";"2019";"16:00";"1";"75";"75104";"2";"2";"1";"3";"BOULEVARD DU PALAIS";"48,8561897";"2,3464764"
"201900003103";"14";"6";"2019";"17:37";"1";"22";"22225";"1";"1";"1";"2";"Route Nationale12 PR 087+0500";"48,5525730";" -3,1273780"
"201900003104";"15";"8";"2019";"11:05";"1";"29";"29274";"1";"1";"8";"7";"Cleun Beuz";"47,9902720";" -3,6612460"
"201900003105";"16";"8";"2019";"17:50";"1";"29";"29020";"2";"6";"2";"1";"ROSCULEC";"48,1019490";" -3,9967800"
"201900003106";"20";"10";"2019";"05:00";"5";"75";"75107";"2";"1";"2";"1";"AVENUE BOSQUET";"48,8603190";"2,3027840"
"201900003107";"12";"6";"2019";"18:00";"2";"14";"14061";"1";"3";"2";"3";"D53 Saint Martin des Besaces-";"49,0012749";" -0,8403007"
"201900003108";"7";"8";"2019";"13:45";"1";"31";"31100";"1";"1";"1";"6";"D 11";"43,3171160";"1,6196290"
"201900003109";"13";"8";"2019";"19:40";"1";"31";"31076";"1";"1";"1";"6";"Route Départementale 817";"43,1111750";"0,6345480"
"201900003110";"11";"6";"2019";"18:30";"1";"14";"14061";"2";"2";"1";"3";"Carrefour RD 674/RD81 - Ste Marie Laumont";"48,9163045";" -0,9097731"
"201900003111";"22";"10";"2019";"12:00";"1";"75";"75106";"2";"5";"1";"3";"RUE DE RENNES";"48,8524718";"2,3319467"
"201900003112";"1";"6";"2019";"08:15";"1";"14";"14347";"1";"1";"1";"1";"RD 577, le mesnil auzouf";"48,9796470";" -0,7541780"
"201900003113";"14";"8";"2019";"21:30";"3";"31";"31145";"1";"1";"1";"3";"Route d'Auterive";"43,3160576";"1,5286861"
"201900003114";"22";"10";"2019";"18:15";"2";"75";"75120";"2";"4";"1";"3";"AVENUE LEON GAUMONT";"48,8510200";"2,4158100"
"201900003115";"16";"8";"2019";"19:28";"1";"38";"38408";"1";"1";"1";"7";"RD36A";"45,5844670";"4,9982300"
"201900003116";"19";"6";"2019";"08:30";"1";"25";"25629";"1";"1";"1";"2";"A36 Pk 86.800";"47,3846940";"6,4255640"
"201900003117";"22";"10";"2019";"14:15";"1";"75";"75120";"2";"3";"1";"2";"AVENUE GAMBETTA";"48,8638150";"2,3910980"
"201900003118";"14";"6";"2019";"17:30";"1";"58";"58102";"1";"1";"1";"6";"La Gâtine";"47,3871680";"3,1620750"
"201900003119";"14";"8";"2019";"16:20";"1";"38";"38511";"2";"4";"1";"1";"RN 90";"45,3645990";"5,9555920"
"201900003120";"24";"6";"2019";"18:10";"1";"84";"84089";"2";"1";"1";"6";"Rue Louis Lumière";"43,6785700";"5,5012410"
"201900003121";"22";"10";"2019";"20:55";"5";"75";"75119";"2";"7";"1";"5";"PLACE AUGUSTE BARON";"48,9001468";"2,3873126"
"201900003122";"17";"8";"2019";"17:00";"1";"70";"70339";"2";"9";"1";"7";"8 Rue des Vosges";"47,7543260";"6,5820960"
"201900003123";"9";"6";"2019";"21:30";"2";"58";"58033";"1";"1";"1";"6";"route départementale 2";"47,4903340";"3,0810130"
"201900003124";"8";"6";"2019";"09:15";"1";"58";"58086";"1";"1";"1";"7";"D955A";"47,4111230";"2,9257370"
"201900003125";"3";"6";"2019";"16:30";"1";"58";"58227";"1";"1";"1";"1";"La Bécasse";"47,5573500";"3,0639330"
"201900003126";"2";"6";"2019";"13:10";"1";"38";"38239";"1";"1";"1";"1";"D1085";"45,3165400";"5,6030400"
"201900003127";"22";"10";"2019";"12:38";"1";"75";"75117";"2";"2";"1";"3";"AVENUE DE LA PORTE DE SAINT OUEN";"48,8975174";"2,3289491"
"201900003128";"7";"6";"2019";"17:25";"1";"971";"97132";"2";"1";"1";"3";"Rue de la dissidence";"15,9700650";" -61,6428620"
"201900003129";"22";"10";"2019";"08:15";"1";"75";"75118";"2";"3";"1";"3";"RUE DE LA CHAPELLE";"48,8920100";"2,3598170"
"201900003130";"14";"8";"2019";"10:25";"1";"70";"70390";"2";"4";"1";"7";"rue de vesoul";"47,6210440";"6,2875100"
"201900003131";"6";"6";"2019";"17:45";"1";"62";"62261";"2";"9";"1";"3";"Avenue d'Étaples";"50,5069470";"1,6273140"
"201900003132";"15";"8";"2019";"15:00";"1";"26";"26069";"1";"1";"1";"7";"D518, 200 mètes de la borne kilométrique 49";"44,7986400";"5,3839460"
"201900003133";"20";"10";"2019";"18:55";"5";"75";"75116";"2";"2";"2";"6";"AVENUE KLEBER";"48,8690260";"2,2915810"
"201900003134";"28";"5";"2019";"18:15";"1";"62";"62571";"2";"1";"1";"2";"Rue Joseph Daubrege";"50,4610180";"1,6135560"
"201900003135";"22";"10";"2019";"08:30";"1";"75";"75115";"2";"4";"1";"3";"BOULEVARD DE GRENELLE";"48,8509254";"2,2920938"
"201900003136";"15";"8";"2019";"18:15";"1";"58";"58157";"1";"1";"1";"1";"RD 286";"47,3215060";"3,9350040"
"201900003137";"31";"5";"2019";"20:00";"1";"69";"69228";"1";"3";"1";"3";"route de givors";"45,5439910";"4,6579160"
"201900003138";"21";"10";"2019";"14:45";"1";"75";"75115";"2";"2";"1";"3";"RUE LOUIS VICAT";"48,8254250";"2,3005206"
"201900003139";"15";"8";"2019";"11:10";"1";"54";"54211";"2";"5";"1";"4";"2 rue du faubourg frémonville";"48,5965960";"6,8912660"
"201900003140";"2";"6";"2019";"17:00";"1";"59";"59107";"1";"1";"7";"1";"D947";"51,0699460";"2,5113690"
"201900003141";"14";"8";"2019";"16:19";"1";"54";"54177";"2";"9";"1";"7";"D19";"48,6289580";"6,6949870"
"201900003142";"3";"6";"2019";"16:20";"1";"974";"97413";"2";"3";"1";"3";"Rue Adrien Lagourgue, LE PITON";" -21,2166610";"55,3080870"
"201900003143";"14";"8";"2019";"20:08";"2";"72";"72239";"1";"1";"2";"1";"La croix";"47,9228910";" -0,2648960"
"201900003144";"14";"6";"2019";"20:14";"2";"65";"65062";"1";"1";"1";"7";"D119";"43,1863911";"0,1170945"
"201900003145";"21";"10";"2019";"12:55";"1";"75";"75115";"2";"4";"1";"6";"RUE DE LA FEDERATION";"48,8527996";"2,2983367"
"201900003146";"8";"6";"2019";"22:30";"3";"65";"65146";"2";"1";"1";"6";"RN21";"43,2933090";"0,1148420"
"201900003147";"14";"8";"2019";"14:50";"1";"6";"06136";"1";"1";"1";"5";"RD2204";"43,8877440";"7,4754850"
"201900003148";"22";"10";"2019";"11:30";"1";"75";"75112";"2";"7";"1";"6";"PLACE EDOUARD RENARD";"48,8353580";"2,4065948"
"201900003149";"15";"8";"2019";"15:50";"1";"6";"06136";"1";"1";"1";"7";"route départementale 2204";"43,9112180";"7,4784870"
"201900003150";"22";"10";"2019";"18:20";"2";"75";"75111";"2";"1";"1";"6";"BOULEVARD VOLTAIRE";"48,8569071";"2,3816180"
"201900003151";"14";"8";"2019";"00:45";"3";"6";"06010";"1";"1";"1";"1";"1258 route de grasse";"43,6896920";"6,9795690"
"201900003152";"22";"10";"2019";"16:15";"1";"75";"75111";"2";"2";"1";"6";"RUE DE CHARONNE";"48,8535785";"2,3804157"
"201900003153";"16";"8";"2019";"06:00";"2";"14";"14177";"1";"1";"1";"6";"route du torquesne";"49,2056170";"0,2000050"
"201900003154";"4";"6";"2019";"08:35";"1";"72";"72124";"2";"6";"1";"6";"LE SOLEIL";"47,8345110";"0,2667090"
"201900003155";"22";"10";"2019";"00:45";"5";"75";"75114";"2";"2";"1";"2";"BOULEVARD BRUNE";"48,8245899";"2,3193970"
"201900003156";"16";"8";"2019";"17:55";"1";"5";"05011";"1";"1";"1";"7";"terre droite";"44,5534540";"6,1949530"
"201900003157";"22";"10";"2019";"15:51";"1";"94";"94074";"2";"9";"1";"2";"LOUISE MICHEL (R)";"48,7442722";"2,4647570"
"201900003158";"18";"6";"2019";"17:00";"1";"44";"44149";"1";"3";"1";"2";"bel air";"47,4993770";" -1,5647400"
"201900003159";"22";"10";"2019";"10:40";"1";"94";"94016";"2";"3";"8";"3";"DIVISION LECLERC (AV DE LA)";"48,7881900";"2,3304000"
"201900003160";"14";"8";"2019";"08:45";"1";"5";"05124";"1";"1";"1";"7";"RD14";"44,6102960";"6,1397420"
"201900003161";"22";"10";"2019";"09:40";"1";"94";"94065";"2";"9";"8";"3";"avenue de la villette";"48,7674800";"2,3470200"
"201900003162";"8";"5";"2019";"18:30";"1";"44";"44113";"1";"2";"2";"3";"La Touche d'Aguenais";"47,6033128";" -1,5615196"
"201900003163";"17";"8";"2019";"11:35";"1";"50";"50236";"1";"1";"7";"6";"D650";"49,2741000";" -1,6547130"
"201900003164";"16";"6";"2019";"05:55";"2";"50";"50087";"1";"1";"1";"6";"N13";"49,5594560";" -1,5666500"
"201900003165";"20";"10";"2019";"22:00";"5";"94";"94028";"2";"1";"2";"2";"SAVAR.(RUE JULIETTE)";"48,7820000";"2,4645600"
"201900003166";"17";"8";"2019";"12:05";"1";"50";"50487";"1";"1";"2";"4";"Grande Boussardière";"48,5248470";" -1,3100960"
"201900003167";"22";"10";"2019";"08:10";"1";"93";"93066";"2";"1";"8";"3";"FRANCE ANATOLE (BOULEVARD) NR AUTRES";"48,9262000";"2,3515700"
"201900003168";"14";"8";"2019";"07:35";"1";"64";"64038";"2";"3";"1";"3";"Chemin d'Adamenia";"43,4407588";" -1,5206758"
"201900003169";"22";"10";"2019";"18:00";"1";"93";"93047";"2";"9";"1";"6";"PAUL DE KOCH  (RUE)";"48,9005000";"2,5596400"
"201900003170";"22";"10";"2019";"18:20";"1";"93";"93008";"2";"1";"1";"6";"LENINE (BOULEVARD)";"48,9067600";"2,4442000"
"201900003171";"8";"6";"2019";"22:50";"3";"14";"14449";"1";"1";"1";"6";"A84";"49,1099020";" -0,5977830"
"201900003172";"16";"8";"2019";"12:55";"1";"73";"73151";"1";"2";"7";"3";"D12";"45,4981817";"5,9688417"
"201900003173";"14";"8";"2019";"12:00";"1";"43";"43244";"1";"1";"1";"6";"Les Hostes";"45,1220530";"4,3381800"
"201900003174";"22";"10";"2019";"15:09";"1";"93";"93007";"2";"1";"1";"2";"DESCARTES (CES)";"48,9500300";"2,4656100"
"201900003175";"17";"8";"2019";"04:15";"3";"10";"10111";"1";"1";"1";"7";"RD 671";"48,0209090";"4,4348830"
"201900003176";"17";"6";"2019";"04:30";"4";"85";"85109";"2";"3";"1";"3";"Avenue des Sables";"46,8677600";" -1,0247800"
"201900003177";"21";"10";"2019";"22:50";"5";"93";"93007";"2";"1";"8";"2";"ARISTIDE BRIAND (AVENUE COTE IMPAIRS)";"48,9470400";"2,4580900"
"201900003178";"16";"8";"2019";"19:20";"2";"7";"07188";"1";"3";"1";"6";"Chemin de Chizaret / D 578";"45,1802370";"4,6919990"
"201900003179";"13";"6";"2019";"07:40";"1";"85";"85017";"1";"1";"1";"1";"La Souchais";"46,9019100";" -1,0734400"
"201900003180";"21";"10";"2019";"23:00";"5";"93";"93070";"2";"1";"1";"6";"JEAN-JAURES (BD)";"48,9149090";"2,3370570"
"201900003181";"17";"8";"2019";"09:45";"1";"7";"07338";"1";"3";"1";"2";"la gondole";"44,9047800";"4,6278740"
"201900003182";"5";"6";"2019";"07:15";"2";"85";"85215";"1";"1";"1";"5";"Le Bois Bertrand ";"46,8677200";" -1,1604000"
"201900003183";"8";"6";"2019";"16:36";"1";"8";"08111";"1";"1";"1";"7";"Route nationale 51";"49,4168160";"4,2771860"
"201900003184";"21";"10";"2019";"08:40";"1";"92";"92063";"2";"1";"1";"2";"BONAPARTE (AVENUE NAPOLEON) SUD";"48,8702300";"2,1586600"
"201900003185";"14";"8";"2019";"08:20";"1";"7";"07172";"1";"1";"1";"5";"D820";"45,2798380";"4,7233820"
"201900003186";"22";"10";"2019";"09:00";"1";"92";"92062";"2";"1";"1";"3";"DE DION BOUTON (QUAI) DU 29 AU 65";"48,8830100";"2,2485300"
"201900003187";"15";"8";"2019";"12:45";"1";"7";"07076";"1";"1";"1";"1";"RD 86";"44,6562750";"4,7621910"
"201900003188";"1";"6";"2019";"06:06";"2";"8";"08330";"1";"1";"1";"2";"A34";"49,5427370";"4,4326080"
"201900003189";"15";"6";"2019";"19:40";"1";"71";"71456";"1";"2";"1";"3";"Intersection RD 35 / RD 139 - Lieu-dit Perrigny";"46,8090110";"5,0271210"
"201900003190";"22";"10";"2019";"14:50";"1";"92";"92051";"2";"1";"8";"2";"CHARLES DE GAULLE (AVENUE,N°118 A 192 +";"48,8836000";"2,2634000"
"201900003191";"13";"8";"2019";"10:00";"1";"21";"21073";"1";"2";"1";"3";"Rue d'Aisy";"47,4195440";"4,3109540"
"201900003192";"22";"10";"2019";"16:20";"5";"92";"92040";"2";"2";"3";"6";"CHARLES DE GAULLE (AVENUE, N° 18 A 116)";"48,8283548";"2,2658443"
"201900003193";"14";"8";"2019";"17:50";"1";"21";"21599";"1";"3";"1";"3";"D974";"47,6063520";"5,2457000"
"201900003194";"8";"6";"2019";"16:53";"1";"71";"71004";"1";"2";"1";"3";"Route de Dole";"46,8033670";"4,9404910"
"201900003195";"4";"6";"2019";"23:40";"3";"71";"71215";"2";"1";"1";"6";"122 Route de Chalon";"46,8678380";"4,9481090"
"201900003196";"13";"8";"2019";"18:30";"1";"40";"40091";"1";"1";"1";"1";"3778 rout de Aire";"43,7116450";" -0,2854740"
"201900003197";"22";"10";"2019";"20:15";"5";"92";"92019";"2";"1";"1";"2";"DIVISION LECLERC (AVENUE DE LA)";"48,7642252";"2,2695224"
"201900003198";"28";"6";"2019";"08:00";"1";"40";"40284";"2";"1";"1";"2";"114 Route de Bayonne";"43,6576990";" -1,3118400"
"201900003199";"9";"6";"2019";"19:20";"1";"58";"58086";"1";"1";"1";"5";"Autoroute A77";"47,3629300";"2,9234010"
"201900003200";"23";"10";"2019";"09:16";"1";"60";"60403";"1";"1";"1";"1";"D901";"49,5056300";"2,0187430"
"201900003201";"14";"8";"2019";"14:50";"1";"24";"24305";"1";"1";"1";"3";"la lande";"45,4076210";"0,9851080"
"201900003202";"5";"6";"2019";"18:35";"1";"12";"12291";"1";"1";"3";"6";"a75 pk 205+600";"44,2267470";"3,0690990"
"201900003203";"19";"10";"2019";"16:30";"1";"37";"37261";"2";"1";"1";"6";"ALOUETTE (AVENUE)";"47,3628986";"0,6969874"
"201900003204";"18";"7";"2019";"00:40";"3";"24";"24312";"2";"1";"1";"7";"106 route de jargues";"45,1504070";"0,7231170"
"201900003205";"17";"6";"2019";"08:00";"1";"30";"30217";"2";"9";"1";"4";"Plateau de Signargues, PLT DE SIGNARGUES";"43,9648680";"4,6695490"
"201900003206";"22";"10";"2019";"16:45";"1";"74";"74181";"2";"6";"1";"1";"Route de Tessy";"45,9509180";"6,1086990"
"201900003207";"16";"8";"2019";"14:25";"1";"4";"04157";"1";"1";"1";"1";"RD 56";"43,8629180";"6,1366090"
"201900003208";"14";"6";"2019";"07:50";"1";"30";"30221";"1";"1";"2";"5";"RN580";"44,0302720";"4,7358280"
"201900003209";"16";"8";"2019";"00:45";"3";"4";"04230";"1";"1";"1";"6";"RD 8";"43,8111897";"5,9537673"
"201900003210";"21";"10";"2019";"10:00";"1";"22";"22337";"1";"1";"1";"2";"Sévignac";"48,3531943";" -2,3006569"
"201900003211";"10";"6";"2019";"21:30";"3";"30";"30315";"1";"1";"1";"6";"Route Nationale 100";"43,9473838";"4,6867636"
"201900003212";"16";"8";"2019";"20:30";"2";"4";"04001";"1";"6";"1";"7";"RN 85 RP des ammonites";"44,0656290";"6,1726580"
"201900003213";"6";"5";"2019";"18:00";"1";"30";"30096";"1";"3";"1";"3";"D980";"44,2116450";"4,4946640"
"201900003214";"17";"10";"2019";"16:35";"1";"60";"60176";"2";"3";"1";"2";"Rue Saint Germain";"49,2307380";"2,9096070"
"201900003215";"8";"6";"2019";"18:15";"1";"30";"30334";"1";"1";"1";"1";"Route de Bagnols";"44,0212070";"4,4384040"
"201900003216";"23";"10";"2019";"16:49";"1";"31";"31157";"2";"1";"1";"1";"15 Rue Alfred Sauvy";"43,5381960";"1,3574690"
"201900003217";"3";"6";"2019";"17:30";"1";"30";"30151";"1";"1";"1";"5";"D979";"44,1523100";"4,3652070"
"201900003218";"29";"9";"2019";"03:00";"3";"56";"56094";"1";"1";"2";"6";"Locadour RD 194";"47,7604500";" -3,2698140"
"201900003219";"12";"8";"2019";"18:30";"1";"85";"85026";"1";"1";"1";"5";"D747";"46,5922500";" -1,4439900"
"201900003220";"5";"6";"2019";"10:05";"1";"2B";"2B320";"1";"2";"1";"3";"RT10";"42,1371930";"9,5090340"
"201900003221";"15";"10";"2019";"14:45";"1";"59";"59111";"1";"1";"1";"6";"9 Route de Saint Omer";"50,8317550";"2,3159000"
"201900003222";"13";"8";"2019";"18:20";"1";"27";"27260";"1";"1";"2";"2";"D6178";"49,4121830";"0,4241120"
"201900003223";"12";"8";"2019";"13:35";"1";"27";"27672";"1";"1";"1";"6";"Route de Rouen";"49,4465350";"1,3593680"
"201900003224";"14";"8";"2019";"11:35";"1";"17";"17459";"1";"1";"1";"3";"Lieu dit Le Moulin à vent.";"45,9174380";" -0,4453770"
"201900003225";"14";"8";"2019";"16:50";"1";"17";"17347";"2";"2";"1";"6";"rue des maréchaux";"45,9466930";" -0,5301720"
"201900003226";"14";"8";"2019";"12:00";"1";"37";"37016";"1";"1";"1";"1";"RD943";"47,2083620";"0,9441060"
"201900003227";"14";"8";"2019";"16:10";"1";"37";"37273";"1";"1";"1";"1";"Route départementale 140";"47,3811680";"0,7662770"
"201900003228";"23";"10";"2019";"08:12";"1";"59";"59094";"2";"1";"1";"7";"9 Rue Pasteur";"50,9469620";"2,1972610"
"201900003229";"13";"8";"2019";"14:25";"1";"37";"37152";"1";"1";"1";"1";"D2";"47,4722030";"0,6662190"
"201900003230";"22";"10";"2019";"13:30";"1";"76";"76211";"1";"2";"7";"3";"D16";"49,8968700";"1,5364380"
"201900003231";"13";"8";"2019";"17:50";"1";"30";"30341";"2";"2";"1";"3";"Rue Fernand Granon";"43,6929510";"4,2741090"
"201900003232";"2";"6";"2019";"14:45";"1";"87";"87166";"1";"1";"7";"1";"Le Pâtural";"45,7404030";"1,1107830"
"201900003233";"21";"10";"2019";"07:45";"3";"79";"79147";"1";"1";"5";"7";"N/A";"46,6425850";" -0,5105650"
"201900003234";"13";"8";"2019";"23:30";"3";"30";"30006";"1";"1";"1";"5";"RN 113";"43,6843310";"4,2077280"
"201900003235";"15";"6";"2019";"14:40";"1";"83";"83054";"1";"1";"1";"3";"Route de la Crau";"43,1609060";"6,0603480"
"201900003236";"15";"8";"2019";"12:00";"1";"30";"30325";"2";"1";"1";"6";"Place de l'Eglise";"43,9802620";"3,7154180"
"201900003237";"22";"10";"2019";"19:55";"5";"2A";"2A362";"1";"3";"1";"3";"Lieu Dit Acqua Gelata";"41,7042675";"9,3620077"
"201900003238";"5";"6";"2019";"19:00";"1";"83";"83130";"1";"1";"7";"1";"N/A";"43,2077500";"6,0500490"
"201900003239";"22";"10";"2019";"18:20";"2";"32";"32254";"1";"1";"2";"6";"Lieu-dit Bile";"43,5391060";"0,4510090"
"201900003240";"14";"8";"2019";"20:50";"2";"30";"30281";"1";"2";"1";"3";"D22 / D1";"43,8871286";"4,1889220"
"201900003241";"18";"6";"2019";"14:35";"1";"62";"62805";"1";"1";"1";"7";"Rue de Saint-Omer";"50,4567640";"2,3613480"
"201900003242";"15";"6";"2019";"10:00";"1";"62";"62652";"2";"1";"1";"6";"route nationale";"50,4838770";"2,4105200"
"201900003243";"2";"8";"2019";"10:05";"1";"30";"30241";"1";"1";"1";"1";"Chemin du moulin de baguet";"43,9706260";"4,2786000"
"201900003244";"1";"6";"2019";"18:20";"1";"62";"62202";"1";"1";"1";"7";"Départementale 131";"50,6123910";"1,9970550"
"201900003245";"19";"10";"2019";"18:38";"2";"49";"49026";"2";"2";"2";"3";"Rue Roche Bleue";"47,4983010";" -0,8072340"
"201900003246";"8";"6";"2019";"06:26";"2";"62";"62864";"1";"1";"6";"6";"d 939";"50,2464590";"2,9397890"
"201900003247";"17";"8";"2019";"10:30";"1";"48";"48061";"1";"3";"1";"3";"Route Nationale 106";"44,3315040";"3,5912720"
"201900003248";"23";"10";"2019";"09:00";"1";"46";"46045";"1";"1";"3";"1";"lieu dit charrux";"44,5020270";"1,8396970"
"201900003249";"4";"6";"2019";"13:30";"1";"77";"77385";"1";"1";"1";"7";"D222";"48,8512500";"3,2492900"
"201900003250";"13";"8";"2019";"17:05";"1";"48";"48129";"1";"1";"1";"6";"D34";"44,7199940";"3,8196470"
"201900003251";"23";"10";"2019";"10:00";"1";"41";"41185";"1";"1";"2";"1";"1356 Rue des Chevinières";"47,3735030";"1,6954390"
"201900003252";"8";"6";"2019";"17:30";"1";"66";"66050";"1";"9";"7";"2";"RD 83";"42,7774000";"2,9498000"
"201900003253";"9";"8";"2019";"17:30";"1";"88";"88438";"1";"1";"1";"6";"Route de Saint-Die";"48,3294140";"6,8117120"
"201900003254";"16";"6";"2019";"15:30";"1";"34";"34095";"1";"1";"1";"3";"Route Départementale 613";"43,5293600";"3,7458430"
"201900003255";"21";"10";"2019";"18:15";"5";"68";"68082";"2";"1";"3";"3";"39 Rue de la Gare";"47,8674530";"7,3382680"
"201900003256";"30";"7";"2019";"17:50";"1";"88";"88358";"2";"3";"8";"1";"26 Place de la Libération";"48,1083330";"6,5668530"
"201900003257";"22";"10";"2019";"17:10";"1";"25";"25463";"2";"3";"8";"3";"1 Rue du Général Herr";"47,3821450";"6,7730450"
"201900003258";"8";"6";"2019";"07:00";"1";"34";"34270";"2";"1";"1";"7";"Rue Jean Bene";"43,5751860";"3,8609740"
"201900003259";"22";"10";"2019";"11:00";"1";"29";"29184";"2";"1";"1";"6";"Rue de Saint Pol de Leon";"48,6192075";" -3,9844450"
"201900003260";"14";"8";"2019";"03:55";"3";"45";"45332";"1";"1";"1";"6";"Autoroute A77 - pk 041+300";"47,8652795";"2,6942485"
"201900003261";"21";"10";"2019";"15:15";"1";"29";"29076";"2";"3";"1";"3";"Allée des Moulins";"48,4873720";" -4,5739400"
"201900003262";"31";"5";"2019";"21:30";"2";"40";"40227";"1";"2";"1";"3";"Route de Commensacq";"44,2535260";" -0,8130980"
"201900003263";"17";"8";"2019";"04:00";"4";"38";"38193";"1";"1";"1";"6";"Boulevard de l'Isle d'Abeau";"45,6112900";"5,2208800"
"201900003264";"17";"6";"2019";"09:45";"1";"34";"34309";"2";"1";"1";"6";"Avenue de Vendargues";"43,6801890";"3,9264200"
"201900003265";"13";"8";"2019";"08:20";"1";"69";"69244";"2";"1";"1";"1";"Avenue Franklin Roosevelt";"45,7638100";"4,7735220"
"201900003266";"19";"10";"2019";"19:10";"3";"31";"31585";"1";"1";"1";"7";"D21";"43,1084020";"0,6744160"
"201900003267";"14";"8";"2019";"10:55";"1";"6";"06152";"2";"1";"1";"6";"14 Avenue Saint-Roch";"43,6404590";"7,0069490"
"201900003268";"17";"10";"2019";"12:00";"1";"2";"02032";"1";"9";"1";"1";"6 Route de la Guinguette";"49,7787660";"3,1149640"
"201900003269";"17";"6";"2019";"18:05";"1";"34";"34217";"2";"6";"1";"6";"Allée des Platanes";"43,7007359";"3,8622941"
"201900003270";"16";"8";"2019";"15:10";"1";"42";"42169";"1";"9";"1";"7";"jourde";"45,4413910";"4,1550890"
"201900003271";"15";"6";"2019";"16:00";"1";"83";"83073";"1";"1";"1";"1";"Chemin de Bel Amant";"43,3446700";"6,3404980"