"Num_Acc";"jour";"mois";"an";"hrmn";"lum";"dep";"com";"agg";"int";"atm";"col";"adr";"lat";"long"
"201900003272";"15";"8";"2019";"08:30";"1";"82";"82037";"1";"1";"1";"6";"A20";"44,1917090";"1,5364160"
"201900003273";"23";"10";"2019";"16:00";"1";"50";"50185";"1";"1";"1";"7";"3 Route du Petit Pont";"48,8419630";" -1,2472360"
"201900003274";"3";"6";"2019";"08:30";"1";"83";"83073";"2";"1";"1";"6";"Avenue Pablo Picasso";"43,3975190";"6,3084550"
"201900003275";"17";"8";"2019";"11:35";"1";"68";"68309";"1";"1";"1";"3";"A 35 - PK 113+100";"47,6739460";"7,4688970"
"201900003276";"22";"10";"2019";"20:10";"3";"50";"50239";"1";"1";"1";"2";"Rue de Bohon";"49,1363240";" -1,1760870"
"201900003277";"8";"6";"2019";"08:55";"1";"83";"83140";"1";"1";"1";"3";"N/A";"43,4080660";"5,9136630"
"201900003278";"17";"6";"2019";"21:30";"3";"62";"62792";"1";"1";"1";"7";"route de saint omer";"50,8080620";"2,2252950"
"201900003279";"21";"10";"2019";"14:20";"1";"9";"09159";"1";"1";"1";"1";"RN 20 ";"42,7702350";"1,7339740"
"201900003280";"16";"8";"2019";"12:45";"1";"89";"89208";"1";"1";"1";"3";"Autoroute A6 - PK 192+800";"47,6438002";"3,9070528"
"201900003281";"17";"6";"2019";"09:00";"1";"57";"57038";"2";"1";"1";"2";"Quartier Saint-Larent";"49,4728790";"5,9563230"
"201900003282";"23";"10";"2019";"19:40";"3";"60";"60254";"1";"9";"1";"1";"La Ferme de Fresnel";"49,4448050";"2,6564990"
"201900003283";"14";"8";"2019";"05:50";"2";"74";"74169";"2";"1";"1";"6";"Avenue du Mole";"46,0717463";"6,5200457"
"201900003284";"17";"8";"2019";"15:00";"1";"976";"97606";"2";"1";"1";"3";"Rue du lycée";" -12,9369240";"45,1461000"
"201900003285";"13";"6";"2019";"23:45";"3";"57";"57489";"1";"1";"1";"7";"RD36";"48,9828440";"7,4439430"
"201900003286";"16";"8";"2019";"00:15";"3";"22";"22158";"1";"3";"1";"3";"rn164 pr 56+200";"48,2097740";" -2,9205250"
"201900003287";"15";"8";"2019";"18:15";"1";"34";"34294";"1";"9";"1";"2";"sortie d'autoroute 27";"43,7027732";"4,1156191"
"201900003288";"9";"6";"2019";"15:55";"1";"57";"57750";"1";"1";"1";"3";"RD662";"49,0850620";"7,1729440"
"201900003289";"14";"8";"2019";"07:15";"1";"30";"30034";"1";"1";"1";"3";"Autoroute A54 - PK12 - Sens NIMES/ARLES";"43,7435067";"4,4431516"
"201900003290";"22";"10";"2019";"23:00";"3";"60";"60477";"2";"1";"1";"6";"Route Nationale 31";"49,4346300";"1,9195120"
"201900003291";"2";"6";"2019";"12:00";"1";"57";"57427";"2";"3";"1";"3";"Rue Koeberle";"48,7295170";"7,2499490"
"201900003292";"13";"8";"2019";"18:00";"1";"83";"83116";"1";"1";"1";"2";"autoroute A8";"43,4567140";"5,8728080"
"201900003293";"23";"10";"2019";"19:30";"3";"73";"73252";"2";"1";"2";"3";"D74";"45,4358454";"6,2800275"
"201900003294";"1";"6";"2019";"00:50";"3";"57";"57383";"1";"1";"1";"6";"RELAIS DES ETANGS";"48,7311510";"6,8898180"
"201900003295";"23";"10";"2019";"01:00";"3";"73";"73063";"1";"1";"1";"6";"D990  route de la gare";"45,5970378";"6,4479907"
"201900003296";"1";"6";"2019";"17:50";"1";"57";"57623";"1";"1";"1";"6";"RD 96";"48,6250310";"7,0933020"
"201900003297";"13";"8";"2019";"13:45";"1";"27";"27598";"1";"1";"1";"2";"Autoroute A13";"49,2143220";"1,2171570"
"201900003298";"18";"10";"2019";"02:40";"5";"36";"36121";"2";"1";"2";"6";"place de l'Eglise";"46,8373369";"1,9561392"
"201900003299";"17";"6";"2019";"17:35";"1";"57";"57311";"1";"1";"1";"2";"Départementale 29";"49,0038720";"6,8315390"
"201900003300";"1";"6";"2019";"17:09";"1";"57";"57262";"2";"1";"1";"6";"22 Rue Nationale";"48,9799470";"6,7386920"
"201900003301";"19";"10";"2019";"19:45";"3";"36";"36074";"1";"1";"3";"7";"Fléré-la-Rivière";"47,0120720";"1,0845380"
"201900003302";"16";"6";"2019";"00:40";"3";"57";"57132";"1";"1";"2";"6";"D955";"48,8134420";"6,5238140"
"201900003303";"12";"7";"2019";"17:00";"1";"974";"97415";"2";"4";"1";"6";"101 Avenue de Bourbon";" -21,0683320";"55,2228310"
"201900003304";"27";"9";"2019";"17:30";"1";"7";"07319";"2";"9";"1";"3";"Chemin du Dépôt";"44,5594640";"4,6907980"
"201900003305";"2";"6";"2019";"17:40";"1";"91";"91577";"2";"1";"1";"6";"59 Route de Morsang";"48,5909510";"2,4908220"
"201900003306";"16";"7";"2019";"17:30";"2";"971";"97128";"2";"1";"1";"6";"Les Galbas";"16,2243360";" -61,3931070"
"201900003307";"8";"6";"2019";"20:55";"1";"51";"51105";"1";"1";"8";"7";"RD 64";"49,2614423";"4,1074193"
"201900003308";"22";"10";"2019";"07:45";"3";"40";"40111";"1";"1";"1";"1";"D834";"43,9789770";" -0,6011600"
"201900003309";"15";"6";"2019";"16:15";"1";"51";"51291";"2";"1";"1";"6";"RUE THERESE ET ROBERT CHAPELLE";"49,3332140";"3,9142750"
"201900003310";"1";"6";"2019";"19:40";"1";"51";"51518";"1";"1";"1";"5";"RD 944";"49,2970502";"3,9964985"
"201900003311";"10";"6";"2019";"16:00";"1";"51";"51413";"1";"1";"2";"4";"RD 3";"49,0211979";"4,0420064"
"201900003312";"15";"8";"2019";"13:00";"1";"971";"97107";"1";"1";"1";"3";"Route Haute Paine";"16,0007270";" -61,6177050"
"201900003313";"17";"6";"2019";"04:30";"2";"51";"51409";"1";"1";"1";"7";"RD 977";"48,8533557";"4,2680054"
"201900003314";"14";"8";"2019";"15:00";"1";"33";"33349";"1";"3";"1";"2";"D10";"44,7401800";" -0,4819900"
"201900003315";"23";"10";"2019";"13:15";"1";"85";"85047";"2";"2";"1";"3";"Rte de Commequiers";"46,8243810";" -1,8562220"
"201900003316";"12";"8";"2019";"13:30";"1";"77";"77483";"2";"1";"1";"7";"D97 - rue du four";"49,0004400";"2,9297900"
"201900003317";"11";"6";"2019";"17:45";"1";"51";"51617";"1";"3";"1";"5";"RD 21";"49,0448777";"4,3253760"
"201900003318";"22";"10";"2019";"23:30";"3";"27";"27467";"2";"1";"1";"1";"2 Rue du Pont Marchand";"49,3511890";"0,5211220"
"201900003319";"14";"8";"2019";"19:15";"1";"77";"77317";"2";"3";"1";"3";"D619 X D215";"48,6068100";"2,8906000"
"201900003320";"7";"5";"2019";"02:30";"3";"19";"19241";"1";"1";"1";"6";"Vieille Maison";"45,6906380";"2,1032860"
"201900003321";"12";"8";"2019";"15:00";"1";"78";"78623";"1";"1";"1";"5";"N12";"48,7942660";"1,8765260"
"201900003322";"16";"8";"2019";"16:30";"1";"2B";"2B023";"1";"1";"1";"7";"D 147";"42,4458100";"9,0167510"
"201900003323";"11";"6";"2019";"18:00";"1";"19";"19005";"1";"1";"8";"1";"cd 901";"45,2339207";"1,4252776"
"201900003324";"21";"10";"2019";"19:30";"3";"974";"97415";"2";"1";"1";"3";"85 Rue Auguste Vinson";" -21,0303630";"55,2704190"
"201900003325";"10";"6";"2019";"22:00";"3";"19";"19117";"1";"1";"1";"7";"Les Carrieres de Puymege";"45,1246380";"1,4691600"
"201900003326";"31";"5";"2019";"16:50";"1";"56";"56131";"1";"1";"1";"5";"La Roche Piriou";"48,0157490";" -3,4687700"
"201900003327";"16";"8";"2019";"16:45";"1";"34";"34113";"2";"1";"1";"2";"Issanka";"43,4908136";"3,7016416"
"201900003328";"15";"8";"2019";"04:45";"3";"34";"34244";"2";"1";"1";"6";"route nationale 113";"43,6619990";"4,0306840"
"201900003329";"13";"6";"2019";"14:00";"1";"56";"56207";"1";"1";"1";"1";"Saint Thuriau";"47,9448650";" -3,0498720"
"201900003330";"13";"6";"2019";"18:00";"1";"56";"56017";"1";"1";"1";"1";"kergal";"47,8782810";" -2,7868330"
"201900003331";"15";"8";"2019";"09:30";"1";"84";"84136";"1";"1";"1";"6";"d7";"44,1442570";"4,9860670"
"201900003332";"30";"5";"2019";"17:45";"1";"56";"56024";"1";"1";"1";"7";"Queuvre";"48,0475390";" -2,7061630"
"201900003333";"14";"8";"2019";"06:40";"2";"84";"84122";"1";"1";"1";"7";"Route d'Orange";"44,0997060";"4,9402980"
"201900003334";"22";"10";"2019";"12:10";"1";"978";"97801";"1";"3";"1";"3";"Route Nationale 7";"18,0989500";" -63,0515690"
"201900003335";"26";"5";"2019";"04:15";"3";"56";"56060";"1";"1";"1";"6";"La Hallais";"47,7377100";" -2,1917710"
"201900003336";"14";"8";"2019";"16:10";"1";"5";"05065";"2";"6";"1";"3";"Rond point du chateau";"44,6549470";"6,6521250"
"201900003337";"23";"10";"2019";"18:00";"2";"13";"13051";"1";"1";"3";"1";"départementale 19";"43,5743250";"5,1741000"
"201900003338";"17";"6";"2019";"17:00";"1";"56";"56130";"1";"1";"1";"6";"ZA de bellevue";"47,7395450";" -3,2220060"
"201900003339";"15";"8";"2019";"14:40";"1";"5";"05079";"1";"1";"1";"1";"RD1091";"45,0305610";"6,4434828"
"201900003340";"16";"6";"2019";"19:45";"1";"56";"56169";"2";"1";"1";"6";"Rue Général de Gaulle";"47,6986410";" -3,2541250"
"201900003341";"22";"10";"2019";"18:10";"1";"78";"78043";"1";"3";"1";"3";"Route de Saint Cyr";"48,8343220";"2,0847900"
"201900003342";"16";"8";"2019";"16:20";"1";"4";"04039";"1";"1";"1";"5";"RD 952";"43,8304050";"6,4728950"
"201900003343";"23";"10";"2019";"18:45";"5";"74";"74268";"2";"2";"1";"3";"15 Rue du Pré Fornet";"45,8831850";"6,1061010"
"201900003344";"13";"6";"2019";"07:20";"2";"56";"56040";"1";"1";"2";"1";"Kerchopine";"47,8907430";" -3,3401100"
"201900003345";"16";"8";"2019";"15:25";"1";"4";"04183";"1";"1";"1";"3";"RD 955";"43,9128070";"6,5484040"
"201900003346";"15";"6";"2019";"04:30";"3";"56";"56248";"1";"1";"1";"7";"route de Sulniac D183";"47,5952000";" -2,6218770"
"201900003347";"23";"10";"2019";"01:20";"3";"6";"06085";"2";"1";"1";"1";"D6185";"43,5879010";"7,0035760"
"201900003348";"15";"8";"2019";"11:00";"1";"4";"04148";"1";"1";"1";"1";"RD 4085";"43,7973677";"6,6257821"
"201900003349";"20";"6";"2019";"12:20";"1";"56";"56143";"2";"3";"1";"1";"Route de Billiers";"47,5518730";" -2,4821010"
"201900003350";"23";"10";"2019";"15:45";"1";"89";"89333";"1";"1";"1";"2";"A6";"47,5045487";"4,0459049"
"201900003351";"31";"5";"2019";"14:15";"1";"56";"56157";"1";"1";"1";"6";"Kerhorno";"47,7981280";" -2,7293370"
"201900003352";"17";"8";"2019";"11:29";"1";"4";"04195";"1";"3";"1";"2";"RD 900 Karting";"44,3893180";"6,5937020"
"201900003353";"15";"6";"2019";"03:00";"5";"74";"74256";"2";"1";"1";"6";"525 route du Fayet";"45,9294350";"6,6370310"
"201900003354";"23";"10";"2019";"07:50";"3";"51";"51480";"1";"1";"1";"2";"A4";"49,1438556";"3,6325280"
"201900003355";"16";"8";"2019";"18:30";"1";"13";"13086";"2";"1";"1";"6";"18 Avenue des Alliés";"43,3503730";"5,6041840"
"201900003356";"20";"10";"2019";"07:30";"3";"84";"84078";"1";"1";"1";"2";"A7";"44,2446420";"4,7081250"
"201900003357";"15";"8";"2019";"22:55";"3";"13";"13100";"1";"1";"1";"3";"133 voie aurélia";"43,7822290";"4,8456230"
"201900003358";"29";"5";"2019";"08:40";"1";"74";"74313";"1";"1";"1";"1";"Route de Body";"46,0521620";"6,1471550"
"201900003359";"4";"8";"2019";"16:30";"1";"89";"89206";"2";"1";"1";"3";"rue du luxembourg 89300";"47,9842235";"3,4051084"
"201900003360";"22";"10";"2019";"13:45";"1";"987";"98729";"1";"1";"1";"2";"RT 91";" -17,5111840";" -149,8504570"
"201900003361";"18";"6";"2019";"17:00";"1";"74";"74275";"1";"1";"1";"3";"D909A";"45,8042130";"6,2311300"
"201900003362";"25";"9";"2019";"17:53";"1";"974";"97415";"1";"1";"1";"1";"25 Chemin Bras Canot";" -21,0687800";"55,2893260"
"201900003363";"21";"10";"2019";"19:30";"5";"973";"97304";"2";"1";"1";"1";"Avenue de Pariacabo";"5,1559780";" -52,6598860"
"201900003364";"17";"8";"2019";"04:20";"3";"89";"89438";"1";"9";"2";"1";"A6 PK 166+600";"47,7915550";"3,6681770"
"201900003365";"23";"10";"2019";"08:00";"2";"45";"45072";"1";"1";"1";"1";"D101";"47,9645965";"1,9781479"
"201900003366";"15";"8";"2019";"17:13";"1";"52";"52545";"1";"1";"1";"6";"Route de Vauxbons";"47,8661610";"5,1787580"
"201900003367";"14";"8";"2019";"18:30";"1";"52";"52269";"2";"1";"1";"6";"Rue Eugène Gallion";"47,8676440";"5,3424800"
"201900003368";"4";"8";"2019";"19:20";"1";"51";"51250";"1";"1";"1";"1";"RN 31";"49,3080806";"3,7024461"
"201900003369";"21";"10";"2019";"13:55";"1";"77";"77318";"1";"2";"1";"3";"RD216 X D20";"48,7925670";"2,9348700"
"201900003370";"17";"6";"2019";"07:10";"1";"74";"74242";"2";"2";"1";"3";"Route d'Épagny";"45,8317101";"6,1509828"
"201900003371";"16";"8";"2019";"16:30";"1";"68";"68193";"1";"1";"1";"7";"route du petit ballon";"47,9924620";"7,1303060"
"201900003372";"13";"6";"2019";"18:10";"1";"74";"74282";"1";"1";"1";"1";"Route de Groisy (Évires)";"46,0425252";"6,2170459"
"201900003373";"17";"10";"2019";"18:25";"3";"34";"34027";"1";"2";"2";"3";"D120";"43,7325250";"4,0096760"
"201900003374";"14";"8";"2019";"18:00";"1";"68";"68329";"1";"1";"1";"7";"CD 417 PK 1,4";"48,0608490";"7,0430470"
"201900003375";"22";"10";"2019";"16:15";"1";"84";"84122";"2";"1";"2";"2";"Boulevard du Comtat Venaissin";"44,0872570";"4,9682150"
"201900003376";"16";"8";"2019";"16:25";"1";"67";"67184";"2";"1";"1";"3";"rue du stade";"48,9012060";"7,9779990"
"201900003377";"3";"6";"2019";"08:57";"1";"77";"77311";"1";"1";"1";"6";"D210";"48,4425000";"3,0395600"
"201900003378";"11";"8";"2019";"01:30";"3";"67";"67339";"1";"1";"1";"1";"CD 263";"48,9164548";"7,8803403"
"201900003379";"31";"5";"2019";"09:50";"1";"78";"78300";"1";"2";"7";"3";"RD 11";"48,8895320";"1,7223260"
"201900003380";"11";"8";"2019";"11:35";"1";"67";"67545";"2";"1";"1";"3";"2 A Rue des Fleurs";"48,3106410";"7,6141440"
"201900003381";"14";"6";"2019";"05:45";"1";"67";"67088";"1";"1";"1";"6";"93 Ferme Klappbach";"48,9800280";"7,2067920"
"201900003382";"6";"6";"2019";"06:40";"2";"67";"67234";"1";"1";"1";"6";"rd 92";"48,9574540";"7,0464860"
"201900003383";"12";"8";"2019";"22:40";"5";"67";"67285";"2";"1";"1";"6";"1 Quartier de la Gare";"48,3990850";"7,6217410"
"201900003384";"18";"6";"2019";"05:55";"1";"67";"67414";"1";"1";"1";"1";"RD 130";"48,4568220";"7,2113190"
"201900003385";"14";"8";"2019";"14:20";"1";"88";"88133";"1";"1";"1";"6";"140 Villancote";"48,2396870";"6,5061860"
"201900003386";"8";"6";"2019";"14:50";"1";"67";"67165";"1";"1";"1";"6";"D993";"48,4920160";"7,1596200"
"201900003387";"17";"8";"2019";"15:30";"1";"57";"57355";"1";"1";"2";"7";"lieu dit grand bois";"49,0208870";"7,1540920"
"201900003388";"4";"6";"2019";"23:54";"5";"67";"67448";"2";"1";"1";"2";"101 Grand-rue";"48,4782390";"7,2181460"
"201900003389";"14";"8";"2019";"01:05";"5";"57";"57669";"2";"1";"1";"6";"6 Rue de Folkling";"49,1297400";"6,8925350"
"201900003390";"1";"6";"2019";"20:00";"2";"76";"76655";"2";"1";"1";"6";"Rue des remparts";"49,8693690";"0,7161640"
"201900003391";"16";"6";"2019";"11:45";"1";"76";"76419";"1";"2";"1";"6";"RD265";"49,3945000";"0,8972000"
"201900003392";"14";"8";"2019";"16:24";"1";"3";"03286";"1";"1";"1";"1";"N/A";"46,4947912";"3,3611205"
"201900003393";"13";"6";"2019";"22:50";"3";"76";"76263";"1";"1";"1";"6";"PK 29+200, R.N. 31";"49,4635000";"1,4734000"
"201900003394";"14";"8";"2019";"14:25";"1";"73";"73054";"2";"1";"1";"6";"D1090 avenue du maréchal Leclerc";"45,6199310";"6,7709390"
"201900003395";"18";"6";"2019";"21:20";"1";"76";"76248";"1";"1";"1";"1";"route de roquemont";"49,5937260";"1,3334690"
"201900003396";"19";"6";"2019";"17:45";"1";"76";"76555";"1";"2";"2";"3";"route de neufchatel";"49,5455210";"1,2331860"
"201900003397";"16";"8";"2019";"15:00";"1";"73";"73211";"1";"1";"1";"1";"D925 Route d'ALBERTVILLE - LIEU DIT LES ROENGERS";"45,7007598";"6,4286115"
"201900003398";"12";"6";"2019";"18:09";"1";"76";"76271";"1";"1";"1";"1";"route du Bolhard";"49,5813030";"1,1683090"
"201900003399";"13";"8";"2019";"15:20";"1";"73";"73150";"2";"4";"1";"3";"Route de Pierrolaz (La Côte-d'Aime)";"45,5659803";"6,6662855"
"201900003400";"4";"6";"2019";"18:30";"1";"76";"76517";"1";"2";"8";"5";"route de dieppe";"49,5218610";"1,1415080"
"201900003401";"15";"8";"2019";"17:00";"1";"26";"26163";"1";"3";"1";"7";"route du col de la bataille";"44,9215520";"5,2026860"
"201900003402";"15";"8";"2019";"22:17";"3";"1";"01060";"1";"1";"1";"7";"Le Pontet";"46,0484910";"5,6032490"
"201900003403";"14";"6";"2019";"18:00";"1";"79";"79202";"2";"1";"1";"2";"8 avenue victor hugo";"46,6477770";" -0,2407600"
"201900003404";"3";"6";"2019";"19:45";"1";"79";"79250";"1";"1";"1";"6";"Route de St Varent";"46,9002820";" -0,2674220"
"201900003405";"7";"6";"2019";"16:25";"1";"79";"79079";"1";"1";"6";"6";"N249";"46,9703290";" -0,8038060"
"201900003406";"2";"6";"2019";"14:20";"1";"79";"79079";"1";"1";"1";"6";"Rue Louis Bordier";"46,9842670";" -0,8461250"
"201900003407";"4";"5";"2019";"07:00";"1";"2A";"2A362";"2";"1";"1";"7";"RT 10 STE LUCIE DE PORTO VECCHIO";"41,6995129";"9,3470713"
"201900003408";"13";"6";"2019";"19:35";"1";"2B";"2B123";"2";"3";"7";"3";"route de la mer";"42,0164135";"9,4045955"
"201900003409";"15";"6";"2019";"14:25";"1";"2B";"2B315";"2";"1";"1";"1";"RT20";"42,2482950";"9,1765470"
"201900003410";"6";"6";"2019";"11:25";"1";"2B";"2B096";"2";"1";"1";"3";"RT 50";"42,3047450";"9,1574920"
"201900003411";"15";"6";"2019";"19:15";"1";"2B";"2B150";"1";"1";"1";"3";"rt 30";"42,5996340";"8,8398480"
"201900003412";"3";"6";"2019";"08:45";"1";"2B";"2B049";"1";"1";"1";"2";"Route de Calenzana";"42,5296420";"8,8343710"
"201900003413";"29";"7";"2019";"17:40";"1";"69";"69093";"1";"1";"1";"6";"CD504 les brosses 69870";"46,0479330";"4,4590800"
"201900003414";"17";"6";"2019";"16:35";"1";"2B";"2B246";"1";"1";"1";"1";"RD 205";"42,4343130";"9,3760390"
"201900003415";"16";"8";"2019";"17:00";"1";"69";"69243";"1";"1";"1";"6";"route de valsonne";"45,9028600";"4,4318400"
"201900003416";"16";"8";"2019";"18:15";"1";"69";"69227";"1";"1";"1";"1";"RD 311 PK 19";"45,6633800";"4,5792720"
"201900003417";"16";"6";"2019";"18:30";"1";"2B";"2B319";"1";"4";"1";"5";"RT 10";"42,4259030";"9,5272520"
"201900003418";"15";"6";"2019";"02:30";"3";"2B";"2B077";"1";"1";"1";"6";"Route d'Anghione";"42,4739560";"9,5116300"
"201900003419";"7";"6";"2019";"02:30";"5";"2B";"2B207";"2";"6";"1";"6";"Folelli";"42,4445590";"9,5080040"
"201900003420";"16";"8";"2019";"00:15";"3";"81";"81105";"1";"1";"1";"6";"Avenue de Gaillac";"43,7735790";"1,9994000"
"201900003421";"4";"6";"2019";"17:20";"1";"2B";"2B319";"1";"3";"1";"3";"RT 10 lieu dt miloni  - vallée longhe";"42,4203750";"9,5287110"
"201900003422";"14";"8";"2019";"05:25";"3";"17";"17360";"1";"3";"1";"3";"RD 201";"46,1595210";" -1,3352430"
"201900003423";"15";"6";"2019";"11:25";"1";"80";"80274";"2";"1";"1";"1";"48 rue Jean MOULN";"49,7383860";"3,0663300"
"201900003424";"17";"6";"2019";"19:25";"2";"80";"80177";"1";"1";"7";"1";"D44";"49,8959160";"3,0217200"
"201900003425";"13";"8";"2019";"15:00";"1";"40";"40278";"1";"1";"1";"3";"3173 Route de Sainte-Eulalie";"44,2467380";" -1,1690430"
"201900003426";"4";"6";"2019";"20:00";"1";"80";"80802";"2";"1";"1";"6";"59 Rue d'Épehy";"49,9848610";"3,1230780"
"201900003427";"11";"8";"2019";"09:35";"1";"33";"33501";"1";"1";"1";"3";"D111";"44,6260500";" -0,6120500"
"201900003428";"8";"6";"2019";"03:45";"3";"80";"80494";"1";"1";"6";"6";"CD 134";"49,7329850";"2,3942200"
"201900003429";"15";"8";"2019";"18:30";"1";"33";"33019";"2";"3";"1";"1";"D5E5 Rte de bordeaux";"44,6954600";" -0,9809450"
"201900003430";"13";"8";"2019";"22:45";"3";"85";"85302";"1";"1";"1";"1";"Le Landreau";"46,9715800";" -0,9690500"
"201900003431";"1";"6";"2019";"22:45";"3";"80";"80148";"2";"1";"1";"6";"37 rue du petit selve";"50,0243430";"1,5653420"
"201900003432";"7";"7";"2019";"18:00";"1";"72";"72025";"1";"1";"1";"3";"Le Chêne Vert (Cré-sur-Loir)";"47,6731660";" -0,1281030"
"201900003433";"17";"6";"2019";"17:40";"1";"80";"80656";"2";"2";"1";"3";"Rue de la Chapelle";"49,8258450";"2,0858530"
"201900003434";"15";"8";"2019";"08:30";"1";"49";"49301";"1";"3";"1";"7";"L'Orvoire (Tillières)";"47,1603980";" -1,1657120"
"201900003435";"14";"6";"2019";"08:45";"1";"82";"82001";"1";"1";"1";"1";"Route de Nivelle";"44,0402300";"1,2771890"
"201900003436";"4";"5";"2019";"11:20";"1";"82";"82161";"1";"2";"1";"3";"cd 115- che de pradelles";"44,0462500";"1,4484790"
"201900003437";"7";"8";"2019";"10:15";"1";"44";"44047";"2";"1";"1";"3";"88 Rue Alexandre Olivier";"47,2199920";" -1,7246690"
"201900003438";"14";"8";"2019";"05:50";"3";"14";"14554";"1";"1";"1";"2";"N 158 PK 031.400";"49,0883290";" -0,3057940"
"201900003439";"7";"6";"2019";"17:35";"1";"82";"82149";"1";"1";"1";"6";"D820";"44,1413830";"1,5134790"
"201900003440";"15";"8";"2019";"05:35";"3";"22";"22154";"1";"3";"2";"3";"RD786";"48,5132190";" -2,6028478"
"201900003441";"6";"6";"2019";"08:15";"1";"82";"82090";"1";"1";"1";"6";"285 Chemin de Pech de Cos";"44,0927480";"1,4034430"
"201900003442";"14";"8";"2019";"15:00";"1";"22";"22136";"2";"6";"2";"7";"Boulevard de Penthievre";"48,1909710";" -2,7558560"
"201900003443";"5";"6";"2019";"17:00";"1";"41";"41185";"1";"1";"3";"7";"Aire de repos de Romorantin, PK 176+100";"47,3377870";"1,6661280"
"201900003444";"2";"6";"2019";"19:00";"1";"65";"65031";"1";"9";"3";"1";"D919";"42,8952170";"0,3553830"
"201900003445";"1";"6";"2019";"13:40";"1";"65";"65257";"2";"1";"1";"7";"N2021";"43,1614067";" -0,0148219"
"201900003446";"7";"6";"2019";"20:10";"1";"33";"33301";"1";"1";"1";"1";"Le Sabley";"44,7876500";" -0,1704500"
"201900003447";"14";"6";"2019";"19:45";"1";"33";"33095";"2";"1";"1";"6";"35 Route de Bazas - piétonne traverse des n° impairs vers pairs";"44,2931000";" -0,2610700"
"201900003448";"2";"6";"2019";"12:10";"1";"33";"33236";"1";"3";"1";"5";"RD106 / route forestière du Truc Vert";"44,6865300";" -1,2462000"
"201900003449";"24";"5";"2019";"18:15";"1";"69";"69066";"2";"1";"1";"1";"Route de THIZY";"46,0956097";"4,3164182"
"201900003450";"13";"6";"2019";"12:15";"1";"81";"81120";"2";"1";"7";"1";"la lande basse";"43,5385330";"2,2523530"
"201900003451";"27";"3";"2019";"18:15";"1";"14";"14431";"1";"2";"1";"3";"Les Quatre Routes (le mesnil mauger)";"49,0775850";" -0,0083920"
"201900003452";"27";"3";"2019";"18:15";"1";"64";"64138";"1";"1";"1";"2";"D938";"43,2477426";" -0,2754099"
"201900003453";"27";"3";"2019";"10:00";"1";"24";"24296";"2";"1";"7";"6";"Rue du Docteur Daude Lagrave";"44,8549200";"0,5944380"
"201900003454";"25";"3";"2019";"07:45";"1";"4";"04116";"1";"3";"1";"3";"RD 4 / VC domaine Saint Georges";"43,9937440";"5,9329220"
"201900003455";"23";"3";"2019";"21:15";"2";"17";"17464";"1";"1";"1";"1";"RD 150";"46,0666450";" -0,5078140"
"201900003456";"26";"3";"2019";"14:30";"1";"87";"87115";"1";"1";"1";"3";"Route départementale D6 bis";"45,6100130";"0,8250150"
"201900003457";"25";"3";"2019";"14:45";"1";"87";"87104";"1";"1";"7";"6";"Chez Thivaud";"45,6977420";"1,8543340"
"201900003458";"14";"3";"2019";"09:45";"1";"37";"37204";"1";"2";"1";"3";"D2-D48";"47,5382720";"0,6314580"
"201900003459";"22";"3";"2019";"18:30";"1";"30";"30228";"1";"1";"1";"6";"D979";"43,9426020";"4,3763030"
"201900003460";"22";"3";"2019";"10:45";"1";"8";"08367";"1";"1";"7";"7";"D1, route de revin";"49,9213020";"4,5633070"
"201900003461";"27";"3";"2019";"11:50";"1";"31";"31324";"1";"1";"1";"6";"A64 bretelle BOUSSENS PK 000.340";"43,1861320";"0,9790090"
"201900003462";"27";"3";"2019";"13:20";"1";"74";"74067";"1";"1";"1";"7";"56 Route de Cran-Gevrier";"45,8959460";"6,0724940"
"201900003463";"27";"3";"2019";"00:40";"3";"21";"21285";"1";"1";"1";"2";"Autoroute A36";"47,0646590";"5,2932990"
"201900003464";"22";"3";"2019";"11:10";"1";"30";"30125";"1";"1";"1";"3";"A54 - PK 007+500";"43,7767600";"4,4166650"
"201900003465";"23";"3";"2019";"18:05";"1";"69";"69252";"2";"1";"7";"1";"RD 502";"45,5400800";"4,6724600"
"201900003466";"26";"3";"2019";"13:50";"1";"34";"34123";"2";"1";"1";"1";"24 Avenue des Hauts de Fontcaude";"43,6283550";"3,7999340"
"201900003467";"27";"3";"2019";"02:45";"3";"971";"97112";"1";"1";"1";"6";"Route de Folle Anse";"15,9373320";" -61,3359440"
"201900003468";"26";"3";"2019";"16:15";"1";"77";"77192";"1";"1";"1";"1";"RD 402 pk 33+169";"48,7020554";"2,9147265"