"Num_Acc";"jour";"mois";"an";"hrmn";"lum";"dep";"com";"agg";"int";"atm";"col";"adr";"lat";"long"
"201900003469";"26";"3";"2019";"21:10";"3";"95";"95438";"1";"1";"1";"5";"RD43";"49,1337020";"1,8881400"
"201900003470";"26";"3";"2019";"13:55";"1";"78";"78443";"1";"1";"7";"3";"Route Nationale 12";"48,7998470";"1,8545700"
"201900003471";"26";"3";"2019";"21:05";"3";"34";"34199";"1";"1";"1";"6";"Route de Caux";"43,4767570";"3,3968650"
"201900003472";"26";"3";"2019";"12:50";"1";"5";"05172";"1";"1";"1";"7";"Lieu-dit La Blache";"44,3557810";"5,7173470"
"201900003473";"27";"3";"2019";"08:55";"1";"81";"81099";"1";"3";"1";"3";"D988";"43,8862729";"1,8683420"
"201900003474";"26";"3";"2019";"18:14";"1";"9";"09099";"1";"1";"1";"1";"RD 117";"42,9833800";"1,5719840"
"201900003475";"25";"3";"2019";"14:57";"1";"44";"44176";"2";"1";"1";"5";"Rue Jules Verne";"47,3530750";" -2,1823370"
"201900003476";"27";"3";"2019";"14:00";"1";"22";"22282";"2";"1";"1";"7";"43 Boulevard de Penthievre";"48,6273770";" -2,2661110"
"201900003477";"24";"3";"2019";"17:10";"1";"22";"22162";"1";"1";"1";"1";"Rue de Beauport -D786";"48,7651505";" -3,0179008"
"201900003478";"14";"3";"2019";"12:55";"1";"60";"60141";"2";"1";"1";"1";"Av de verdun";"49,1868240";"2,4595940"
"201900003479";"26";"3";"2019";"08:30";"1";"13";"13211";"1";"1";"1";"3";"A50-Sens Aubagne vers Marseille";"43,2878500";"5,5023600"
"201900003480";"25";"3";"2019";"09:30";"1";"13";"13071";"1";"1";"1";"7";"A7-Sens Lyon vers Marseille";"43,4061700";"5,3238200"
"201900003481";"26";"3";"2019";"15:00";"1";"1";"01275";"1";"1";"1";"6";"A46N 25.180 A 25.680";"45,8082600";"4,9191100"
"201900003482";"22";"3";"2019";"00:45";"3";"54";"54312";"1";"1";"1";"2";"Autoroute 31";"48,9309200";"6,1111000"
"201900003483";"23";"3";"2019";"05:59";"3";"78";"78545";"1";"1";"1";"5";"A12 W";"48,8062000";"2,0517000"
"201900003484";"25";"3";"2019";"07:00";"1";"95";"95252";"1";"1";"1";"6";"AUTOROUTE A15";"48,9822400";"2,2210000"
"201900003485";"23";"3";"2019";"17:25";"1";"93";"93029";"1";"1";"1";"5";"AUTOROUTE A86";"48,9262400";"2,4225200"
"201900003486";"26";"3";"2019";"10:00";"1";"77";"77055";"1";"1";"1";"6";"A104.EXT";"48,9018500";"2,6502900"
"201900003487";"26";"3";"2019";"09:10";"1";"77";"77083";"1";"1";"1";"7";"A4.W";"48,8305860";"2,6093860"
"201900003488";"22";"3";"2019";"02:20";"5";"69";"69384";"2";"1";"1";"6";"CROIX-ROUSSE (DE LA)                (PL)";"45,7756600";"4,8326700"
"201900003489";"13";"3";"2019";"18:45";"1";"91";"91421";"2";"6";"1";"3";"JEAN JAURES (AVENUE)";"48,7193100";"2,4437000"
"201900003490";"23";"3";"2019";"15:25";"1";"91";"91687";"2";"9";"1";"3";"VICTOR BASCH (RUE)";"48,6830300";"2,3811600"
"201900003491";"21";"2";"2019";"18:55";"5";"86";"86194";"2";"3";"1";"3";"PONTREAU (RUE DU)";"46,5688900";"0,3539800"
"201900003492";"20";"3";"2019";"13:15";"1";"79";"79191";"2";"6";"1";"3";"Boulevard de l'Atlantique";"46,3168100";" -0,4807900"
"201900003493";"20";"3";"2019";"21:05";"5";"76";"76351";"2";"1";"1";"7";"FRANCOIS 1ER (BD)";"49,4848800";"0,1056200"
"201900003494";"2";"3";"2019";"05:10";"5";"73";"73008";"2";"1";"1";"1";"GARIBALDI BOULEVARD VERS AVENUE DU GRAND";"45,6986264";"5,8926714"
"201900003495";"16";"1";"2019";"13:15";"1";"62";"62427";"2";"1";"1";"3";"BLUM (R LEON)";"50,4306400";"2,9488000"
"201900003496";"19";"1";"2019";"22:20";"5";"59";"59369";"2";"1";"1";"1";"SALENGRO (RUE ROGER)";"50,3042400";"3,4767200"
"201900003497";"19";"3";"2019";"17:45";"1";"49";"49328";"2";"1";"1";"2";"DESMARETS (RUE)";"47,2497300";" -0,0899500"
"201900003498";"24";"3";"2019";"17:57";"1";"25";"25031";"2";"1";"1";"6";"19 avenue de la Révolution";"47,4761000";"6,8404800"
"201900003499";"22";"3";"2019";"22:15";"5";"18";"18033";"2";"2";"1";"3";"JURANVILLE (PLACE DE)";"47,0833500";"2,3888600"
"201900003500";"23";"3";"2019";"11:05";"1";"13";"13054";"2";"1";"1";"3";"route de martigues quartier bricard";"43,3976700";"5,1986500"
"201900003501";"2";"2";"2019";"10:30";"1";"94";"94058";"2";"1";"8";"6";"GABRIEL PERI (AV)";"48,8372500";"2,5010600"
"201900003502";"17";"2";"2019";"15:55";"1";"93";"93070";"2";"9";"1";"6";"BERT (RUE PAUL)";"48,9021000";"2,3388100"
"201900003503";"1";"2";"2019";"12:13";"1";"93";"93070";"2";"1";"1";"1";"VICTOR-HUGO (BD)";"48,9058000";"2,3237000"
"201900003504";"22";"3";"2019";"11:35";"1";"93";"93050";"2";"9";"1";"4";"PAUL ET CAMILLE THOMOUX (RUE) COTE IMPAI";"48,8638600";"2,5299700"
"201900003505";"12";"1";"2019";"17:05";"5";"92";"92026";"2";"6";"1";"6";"GEORGES CLEMENCEAU";"48,9026800";"2,2745900"
"201900003506";"17";"2";"2019";"14:55";"1";"92";"92002";"2";"1";"1";"2";"DIVISION LECLERC (1 A 29 -2 A 34)";"48,7526344";"2,3048028"
"201900003507";"31";"1";"2019";"14:00";"1";"92";"92002";"2";"1";"1";"4";"GENERAL DE GAULLE (AVENUE DU)";"48,7634599";"2,3082980"
"201900003508";"5";"1";"2019";"20:00";"5";"92";"92014";"2";"3";"1";"6";"MARECHAL JOFFRE (BD DU) (43 A 97 - 58 A";"48,7824769";"2,3148093"
"201900003509";"3";"1";"2019";"08:35";"1";"92";"92002";"2";"3";"1";"3";"ARISTIDE BRIAND (AVENUE)";"48,7624063";"2,3085357"
"201900003510";"21";"3";"2019";"11:50";"1";"83";"83137";"1";"1";"1";"4";"N/A";"43,1213200";"5,9533100"
"201900003511";"24";"3";"2019";"08:36";"1";"988";"98818";"2";"3";"1";"2";"PROMENADE ROGER LAROQUE";" -22,3029100";"166,4384600"
"201900003512";"23";"3";"2019";"06:15";"1";"988";"98818";"2";"2";"1";"6";"RUE VICTOR BERNUT/RUE COLNETT";" -22,2932600";"166,4488100"
"201900003513";"22";"3";"2019";"16:40";"1";"988";"98818";"2";"1";"1";"2";"RUE JULES GARNIER";" -22,2895400";"166,4417100"
"201900003514";"21";"3";"2019";"11:30";"1";"988";"98818";"2";"3";"1";"6";"AVENUE DU MARECHAL FOCH/TOURVILLE";" -22,2770300";"166,4430700"
"201900003515";"24";"3";"2019";"02:25";"3";"976";"97610";"2";"1";"1";"7";"Trois Vallées - Majicavo (rue des )";" -12,7559500";"45,2329900"
"201900003516";"22";"3";"2019";"18:00";"2";"974";"97416";"1";"1";"1";"1";"ELISLES (ROUTE HUBERT) CD3";" -21,3148200";"55,5440700"
"201900003517";"23";"3";"2019";"12:35";"5";"974";"97416";"2";"1";"1";"1";"Rue Marcel Hoarau";" -20,9097600";"55,4864800"
"201900003518";"24";"3";"2019";"01:20";"5";"974";"97411";"2";"1";"1";"1";"HOARAU (RUE MARCEL)";" -20,9097600";"55,4864800"
"201900003519";"23";"3";"2019";"17:15";"1";"974";"97411";"1";"1";"2";"3";"Route du Littoral";" -20,8834000";"55,3940000"
"201900003520";"22";"3";"2019";"05:15";"1";"974";"97411";"1";"2";"2";"3";"Avenue Felix GUYON";" -20,8804730";"55,4519320"
"201900003521";"19";"3";"2019";"15:30";"1";"974";"97409";"2";"1";"1";"1";"DUMESNIL D'ENGENTE(RUE)";" -20,9513300";"55,6522400"
"201900003522";"25";"3";"2019";"19:40";"5";"69";"69387";"2";"2";"8";"3";"FELIX FAURE                         (AV)";"45,7521800";"4,8472300"
"201900003523";"25";"3";"2019";"17:50";"1";"69";"69387";"2";"2";"8";"3";"JEAN JAURES                         (AV)";"45,7381900";"4,8376700"
"201900003524";"26";"11";"2019";"07:45";"2";"95";"95252";"1";"1";"2";"4";"AUTOROUTE A15";"48,9774900";"2,2328200"
"201900003525";"25";"11";"2019";"19:15";"3";"95";"95500";"1";"1";"2";"5";"AUTOROUTE A15";"49,0376775";"2,0901531"
"201900003526";"24";"11";"2019";"18:40";"4";"92";"92036";"1";"1";"1";"5";"AUTOROUTE A86";"48,9387024";"2,3081599"
"201900003527";"27";"11";"2019";"14:40";"1";"94";"94079";"1";"1";"2";"7";"A4";"48,8354705";"2,5397302"
"201900003528";"27";"11";"2019";"10:50";"1";"94";"94018";"1";"1";"2";"2";"A4";"48,8193784";"2,4052843"
"201900003529";"14";"11";"2019";"19:10";"5";"94";"94028";"1";"1";"1";"7";"A86 INT";"48,8017265";"2,4474144"
"201900003530";"9";"6";"2019";"20:00";"1";"69";"69266";"2";"1";"1";"3";"8 MAI 1945   (Rue du)";"45,7760000";"4,8920000"
"201900003531";"4";"11";"2019";"07:30";"1";"45";"45234";"2";"1";"8";"6";"RUE STANISLAS JULIEN";"47,8985686";"1,8979150"
"201900003532";"3";"11";"2019";"13:15";"1";"45";"45234";"2";"1";"2";"3";"QUAI DU ROI";"47,8994809";"1,9241183"
"201900003533";"4";"11";"2019";"13:35";"1";"34";"34172";"2";"9";"1";"3";"BECQUEREL (RUE HENRI)";"43,6181500";"3,9135300"
"201900003534";"26";"7";"2019";"18:25";"1";"2";"02408";"2";"9";"9";"6";"CORNETTE (RUE)";"49,5764700";"3,6336600"
"201900003535";"5";"11";"2019";"06:50";"1";"988";"98818";"2";"3";"1";"2";"RUE AUGUSTE BENEBIG/EDOUARD MERCIER";" -22,2706500";"166,4532900"
"201900003536";"3";"11";"2019";"18:00";"1";"987";"98735";"2";"9";"1";"5";"CHESSE ( RUE)";" -17,5332100";" -149,5589900"
"201900003537";"4";"11";"2019";"15:00";"1";"974";"97409";"2";"1";"1";"6";"Salazie (route de)";" -21,0015300";"55,5979900"
"201900003538";"31";"10";"2019";"21:25";"5";"973";"97302";"2";"9";"1";"3";"TECLE (EUGENE) CITE THEMIRE";"4,9342717";" -52,3208749"
"201900003539";"4";"11";"2019";"13:30";"1";"69";"69259";"2";"9";"1";"6";"JULES GUESDE                        (AV)";"45,7157300";"4,8879800"
"201900003540";"4";"11";"2019";"11:15";"1";"69";"69386";"2";"1";"2";"6";"WALDECK ROUSSEAU                    (R )";"45,7728000";"4,8581900"
"201900003541";"4";"11";"2019";"00:15";"5";"69";"69383";"2";"2";"1";"3";"LACASSAGNE                          (AV)";"45,7484000";"4,8797000"
"201900003542";"4";"11";"2019";"14:10";"1";"69";"69286";"2";"6";"8";"3";"ROUTE DE STRASBOURG D 483           (RO)";"45,8228000";"4,9020300"
"201900003543";"4";"11";"2019";"08:15";"1";"91";"91692";"1";"1";"1";"2";"OCEANIE (AVENUE DE L')";"48,6812800";"2,2035500"
"201900003544";"3";"11";"2019";"18:30";"5";"91";"91479";"1";"6";"2";"2";"AVERNAISES (VOIE DES)";"48,7437900";"2,3633900"
"201900003545";"30";"10";"2019";"21:30";"5";"91";"91339";"2";"3";"1";"2";"RN 20";"48,6350000";"2,2660000"
"201900003546";"2";"11";"2019";"13:15";"1";"80";"80021";"2";"1";"1";"3";"QUATORZE JUILLET 1789 (AVENUE DU)";"49,8756100";"2,2817800"
"201900003547";"31";"10";"2019";"18:58";"5";"80";"80021";"2";"1";"1";"3";"CHATEAUDUN (BOULEVARD DE)";"49,8848600";"2,2811900"
"201900003548";"3";"11";"2019";"21:55";"5";"76";"76351";"2";"1";"2";"7";"COLBERT (QUAI)";"49,4919400";"0,1282100"
"201900003549";"4";"11";"2019";"16:36";"2";"69";"69256";"2";"5";"8";"3";"POUDRETTE (DE LA)                   (CH)";"45,7646300";"4,9191100"
"201900003550";"14";"9";"2019";"12:15";"1";"69";"69290";"2";"6";"1";"3";"PORTE DES ALPES (DE LA) - BD URBAIN (BD)";"45,7199800";"4,9324400"
"201900003551";"3";"11";"2019";"18:16";"5";"67";"67447";"2";"1";"8";"6";"RONSARD (RUE)";"48,6113072";"7,7358854"
"201900003552";"31";"10";"2019";"15:25";"1";"67";"67482";"2";"1";"8";"3";"ALPES (QUAI DES)";"48,5745500";"7,7666700"
"201900003553";"1";"11";"2019";"17:38";"2";"66";"66136";"2";"1";"1";"2";"Départementale 914";"42,6643400";"2,9066200"
"201900003554";"31";"10";"2019";"17:30";"2";"61";"61001";"2";"2";"1";"3";"REPUBLIQUE (BOULEVARD DE LA)";"48,4247800";"0,0910800"
"201900003555";"29";"10";"2019";"09:10";"1";"61";"61001";"2";"1";"2";"3";"FILLES NOTRE DAME (RUE DES)";"48,4307400";"0,0849000"
"201900003556";"4";"11";"2019";"18:00";"2";"60";"60057";"2";"1";"1";"6";"MADELEINE (RUE DE LA)";"49,4289000";"2,0854200"
"201900003557";"2";"11";"2019";"18:20";"5";"51";"51454";"2";"1";"1";"7";"AVENUE D'EPERNAY";"49,2295000";"4,0143000"
"201900003558";"3";"11";"2019";"01:14";"4";"49";"49007";"2";"1";"2";"2";"VOLNEY";"47,4632700";" -0,5450500"
"201900003559";"2";"11";"2019";"19:30";"3";"49";"49246";"2";"1";"2";"6";"BEL AIR ALLEE";"47,4375700";" -0,5127500"
"201900003560";"31";"10";"2019";"09:00";"1";"49";"49007";"2";"1";"9";"6";"PREFECTURE";"47,4661900";" -0,5549500"
"201900003561";"3";"11";"2019";"12:14";"1";"45";"45302";"1";"1";"2";"6";"TANGENTIELLE D520G PR0+780";"47,9390300";"1,8884200"
"201900003562";"4";"11";"2019";"17:10";"1";"41";"41018";"2";"1";"1";"6";"LATHAM (RUE) N° PAIRS DU 4 AU 48 INCLUS";"47,5974000";"1,3139200"
"201900003563";"4";"11";"2019";"17:35";"3";"37";"37122";"2";"1";"2";"6";"RD 37";"47,3673600";"0,6540700"
"201900003564";"4";"11";"2019";"10:30";"1";"35";"35238";"2";"2";"1";"6";"PATTON (AVENUE DU GENERAL SIR GEORGES)";"48,1286250";" -1,6641360"
"201900003565";"4";"11";"2019";"09:25";"1";"35";"35238";"1";"1";"1";"1";"VEZIN (ROUTE DE)";"48,1162300";" -1,7210700"
"201900003566";"4";"11";"2019";"08:50";"1";"31";"31557";"2";"1";"1";"3";"MARQUISAT (AV DU)";"43,5704900";"1,3360000"
"201900003567";"4";"11";"2019";"09:35";"1";"30";"30243";"2";"1";"1";"6";"GAULLE (AVENUE DU GAL DE)";"44,0771500";"4,0849100"
"201900003568";"16";"10";"2019";"13:30";"1";"22";"22278";"2";"6";"3";"2";"PARIS (DE)";"48,5038800";" -2,7406400"
"201900003569";"1";"11";"2019";"16:15";"1";"19";"19031";"2";"1";"2";"3";"TURGOT (AVENUE)";"45,1661000";"1,5256100"
"201900003570";"31";"10";"2019";"15:30";"1";"16";"16015";"2";"1";"1";"6";"Av des MARECHAUX";"45,6475500";"0,1543300"
"201900003571";"4";"11";"2019";"13:47";"1";"14";"14715";"2";"7";"7";"6";"FERNAND MOUREAUX (PLACE)";"49,3614200";"0,0865900"
"201900003572";"4";"11";"2019";"18:30";"5";"13";"13213";"2";"1";"1";"6";"SAINT JEROME (AVENUE DE)";"43,3287500";"5,4189800"
"201900003573";"4";"11";"2019";"14:50";"1";"13";"13204";"2";"1";"1";"1";"JEANNE JUGAN (RUE)";"43,3097500";"5,3986600"
"201900003574";"4";"11";"2019";"12:30";"1";"13";"13213";"2";"3";"1";"3";"MARCEL DELPRAT (AVENUE)";"43,3348940";"5,4533413"
"201900003575";"4";"11";"2019";"08:30";"1";"6";"06088";"2";"9";"1";"1";"MONTREAL (BD DE)";"43,6848980";"7,2233200"
"201900003576";"4";"11";"2019";"11:40";"1";"6";"06069";"2";"1";"1";"1";"MARIGARDE (ROUTE DE LA)";"43,6541060";"6,9302590"
"201900003577";"31";"10";"2019";"18:05";"5";"5";"05061";"2";"1";"1";"7";"LADOUCETTE ( COURS )";"44,5614100";"6,0825100"
"201900003578";"15";"8";"2019";"05:05";"5";"974";"97416";"1";"1";"1";"6";"RN3 (1)";" -21,3058700";"55,4990200"
"201900003579";"22";"11";"2019";"18:00";"5";"63";"63164";"2";"6";"1";"2";"MITTERRAND ( Avenue François)";"45,8209865";"3,1553618"
"201900003580";"25";"11";"2019";"11:20";"1";"45";"45285";"2";"2";"2";"1";"AV P M FRANCE - R DE LA CIRERIE";"47,9042200";"1,8652000"
"201900003581";"23";"11";"2019";"21:10";"5";"41";"41018";"2";"1";"1";"2";"BRANLY (RUE EDOUARD)";"47,5876300";"1,3145180"
"201900003582";"26";"11";"2019";"08:00";"1";"28";"28134";"2";"3";"1";"3";"HAMEAU DE MONTDROUARD (RUE DU)";"48,7281800";"1,3886500"
"201900003583";"23";"11";"2019";"12:40";"1";"11";"11069";"2";"1";"1";"3";"VILLEMOUSTAUSSOU -ROUTE DE-";"43,2284000";"2,3595000"
"201900003584";"25";"11";"2019";"18:00";"5";"2";"02304";"2";"6";"1";"6";"BOURGET (RUE DU)";"49,6636900";"3,3626800"
"201900003585";"25";"11";"2019";"00:37";"3";"93";"93001";"2";"9";"1";"6";"FRANCOIS MITTERRAND (QUAI)";"48,9110910";"2,3738600"
"201900003586";"26";"11";"2019";"07:28";"1";"987";"98735";"2";"1";"1";"3";"POMARE (BVD STADE BAMBRIDGE)";" -17,5446400";" -149,5801700"
"201900003587";"26";"11";"2019";"14:40";"1";"976";"97611";"2";"1";"1";"3";"kaweni-Kaweni nord ( Z I )";" -12,7650300";"45,2269600"
"201900003588";"26";"11";"2019";"07:40";"1";"976";"97611";"1";"1";"8";"7";"m'tsapere-Said Café (rue)";" -12,7890000";"45,2190500"
"201900003589";"26";"11";"2019";"17:00";"1";"974";"97416";"1";"1";"1";"4";"RN03";" -21,3193100";"55,4894000"
"201900003590";"25";"11";"2019";"13:32";"1";"973";"97302";"2";"1";"1";"3";"SOURCE DE BADUEL (CHEMIN DE LA)";"4,9302290";" -52,3089410"
"201900003591";"25";"11";"2019";"13:08";"1";"973";"97302";"2";"1";"2";"3";"ZEPHIR (ROCADE)";"4,9237660";" -52,3250410"
"201900003592";"26";"11";"2019";"10:00";"1";"69";"69259";"2";"1";"1";"6";"AMBROISE CROIZAT                    (BD)";"45,6991200";"4,8877700"
"201900003593";"26";"11";"2019";"07:10";"2";"69";"69386";"2";"3";"1";"3";"BUGEAUD                             (R )";"45,7671300";"4,8568300"
"201900003594";"26";"11";"2019";"07:30";"1";"972";"97213";"2";"3";"1";"6";"SALVADOR ALLENDE (RUE)";"14,6184600";" -60,9971200"
"201900003595";"24";"11";"2019";"21:05";"5";"972";"97213";"1";"1";"1";"6";"ROUTE DEPARTEMENTALE 3";"14,6338000";" -60,9971600"
"201900003596";"26";"11";"2019";"08:15";"1";"69";"69202";"2";"9";"1";"3";"LIBERATION (DE LA)                  (RO)";"45,7281900";"4,7788600"
"201900003597";"26";"11";"2019";"08:20";"1";"2B";"2B033";"1";"1";"1";"2";"SAMPIERO CORSO - AV";"42,6762400";"9,4442700"
"201900003598";"26";"11";"2019";"14:30";"1";"971";"97113";"2";"1";"1";"6";"SECTION MARE-GAILLARD";"16,2117500";" -61,4409700"
"201900003599";"26";"11";"2019";"07:40";"1";"2A";"2A004";"2";"1";"1";"3";"AVENUE DU DOCTEUR NOEL FRANCHINI";"41,9380300";"8,7542400"
"201900003600";"26";"11";"2019";"22:00";"3";"95";"95268";"2";"1";"3";"6";"AV DU GENERAL DE GAULLE";"48,9760700";"2,3949000"
"201900003601";"26";"11";"2019";"11:16";"1";"91";"91434";"2";"1";"3";"2";"PERVENCHES (ALLEES DES)";"48,6497300";"2,3487700"
"201900003602";"26";"11";"2019";"08:45";"2";"91";"91201";"2";"2";"1";"6";"RIS (RUE DE)";"48,6627500";"2,4177600"
"201900003603";"26";"11";"2019";"09:30";"1";"91";"91339";"1";"1";"2";"2";"RN 20";"48,6348000";"2,2661100"
"201900003604";"25";"11";"2019";"10:36";"1";"90";"90010";"2";"2";"1";"3";"DOLLFUS (RUE JEAN)";"47,6369700";"6,8427500"
"201900003605";"25";"11";"2019";"21:05";"5";"88";"88160";"2";"1";"1";"6";"BALZAC (RUE HONORE-DE-)";"48,1850600";"6,4664200"
"201900003606";"24";"11";"2019";"12:45";"1";"87";"87085";"2";"1";"1";"2";"AUTOROUTE A20";"45,8828900";"1,2900600"
"201900003607";"23";"11";"2019";"10:51";"1";"87";"87050";"1";"1";"2";"2";"RN520 (COUZEIX)";"45,9018100";"1,2286500"
"201900003608";"26";"11";"2019";"04:40";"3";"80";"80021";"1";"1";"1";"1";"MAIL CHAMP PILLARD";"49,9225300";"2,2582800"
"201900003609";"25";"11";"2019";"17:10";"5";"80";"80489";"1";"1";"1";"7";"RN 25";"49,8717500";"2,3712100"
"201900003610";"25";"11";"2019";"12:55";"1";"80";"80021";"2";"1";"1";"2";"CLOITRE DE LA BARGE (RUE DU)";"49,8936800";"2,2996800"
"201900003611";"23";"11";"2019";"01:45";"3";"80";"80164";"1";"1";"2";"1";"CORBIE (ROUTE)";"49,9036500";"2,3740100"
"201900003612";"18";"11";"2019";"22:00";"5";"78";"78118";"1";"1";"1";"6";"RUE DES PIQUETTES";"48,9889640";"1,6820310"
"201900003613";"26";"11";"2019";"22:20";"5";"77";"77181";"2";"1";"2";"6";"D406-MARIE CURIE  (AVENUE)";"48,8290100";"2,6809900"
"201900003614";"22";"11";"2019";"13:20";"1";"76";"76351";"2";"1";"1";"6";"EDOUARD VAILLANT";"49,5160600";"0,1758500"
"201900003615";"23";"11";"2019";"12:05";"1";"69";"69275";"2";"3";"8";"1";"EDOUARD HERRIOT                     (AV)";"45,7724200";"4,9620000"
"201900003616";"20";"11";"2019";"18:15";"5";"69";"69091";"2";"1";"1";"1";"JOSEPH LIAUTHAUD ( R )";"45,5904800";"4,7650000"
"201900003617";"26";"11";"2019";"20:40";"5";"68";"68297";"2";"2";"1";"3";"VERDUN ( RUE DE )";"47,5807000";"7,5708000"
"201900003618";"18";"11";"2019";"20:30";"5";"68";"68297";"2";"1";"8";"7";"MULHOUSE ( RUE DE)JUSQUE CIMETIERE DU 1";"47,5866200";"7,5630700"
"201900003619";"26";"11";"2019";"13:52";"1";"68";"68224";"2";"1";"1";"7";"KOECHLIN (RUE)";"47,7543700";"7,3334700"
"201900003620";"16";"11";"2019";"13:05";"1";"68";"68066";"2";"1";"1";"3";"CURIE (RUE)";"48,1085800";"7,3643200"
"201900003621";"25";"11";"2019";"19:10";"5";"67";"67204";"2";"3";"2";"3";"MARECHAL LECLERC (RUE DU)";"48,6211400";"7,7596390"
"201900003622";"25";"11";"2019";"17:20";"5";"67";"67482";"2";"1";"2";"6";"DUNTZENHEIM (RUE DE)";"48,6002980";"7,7045130"
"201900003623";"22";"11";"2019";"19:45";"5";"67";"67267";"2";"6";"1";"2";"SCHUMANN (AVENUE)";"48,5602720";"7,6929300"
"201900003624";"25";"11";"2019";"07:15";"3";"67";"67462";"1";"1";"1";"1";"RD422";"48,2878800";"7,4575800"
"201900003625";"25";"11";"2019";"17:30";"2";"65";"65251";"2";"1";"1";"3";"PYRENEES (RUE DES)";"43,2170750";"0,0713910"
"201900003626";"26";"11";"2019";"07:45";"1";"64";"64445";"2";"1";"1";"2";"EMILE GARET";"43,3014200";" -0,3612300"
"201900003627";"25";"11";"2019";"21:20";"3";"60";"60463";"1";"9";"2";"2";"RD 200_CARREFOUR FAIDHERBE EXCLUS_PROLON";"49,2769400";"2,4613800"
"201900003628";"26";"11";"2019";"18:27";"5";"59";"59098";"1";"3";"2";"3";"LINSELLES (RUE DE)";"50,7621490";"3,0781111"
"201900003629";"7";"11";"2019";"07:50";"5";"59";"59360";"2";"9";"2";"6";"AVINEE EUGENE AVENUE";"50,6052700";"3,0297300"
"201900003630";"25";"11";"2019";"10:16";"1";"56";"56083";"2";"1";"1";"6";"VAILLANT ( AV. EDOUARD )";"47,8169900";" -3,2561100"
"201900003631";"25";"11";"2019";"09:40";"1";"56";"56107";"2";"1";"1";"2";"ROUTE DEPARTEMENTALE 29";"47,7271700";" -3,3840600"
"201900003632";"25";"11";"2019";"16:48";"2";"54";"54304";"2";"1";"1";"7";"AIGUILLETTES  (BD 16 A 22-21 SEUL)";"48,6781100";"6,1446400"
"201900003633";"25";"11";"2019";"17:25";"2";"49";"49267";"2";"1";"1";"3";"PUITS DES BOIS LIEU DIT";"47,4733800";" -0,4657500"
"201900003634";"25";"11";"2019";"12:41";"1";"49";"49007";"2";"1";"1";"6";"MONPLAISIR BOULEVARD";"47,4879300";" -0,5164200"
"201900003635";"25";"11";"2019";"09:22";"1";"49";"49015";"2";"1";"1";"7";"RN 162";"47,5201000";" -0,6095000"
"201900003636";"22";"11";"2019";"12:44";"1";"49";"49007";"2";"1";"1";"1";"LARREY";"47,4793100";" -0,5556300"
"201900003637";"26";"11";"2019";"14:45";"1";"45";"45234";"2";"1";"1";"1";"PLACE SAINT CHARLES";"47,8940100";"1,9124200"
"201900003638";"26";"11";"2019";"12:40";"1";"41";"41295";"2";"1";"1";"2";"LAVOISIER (RUE)";"47,5743100";"1,3715000"
"201900003639";"23";"9";"2019";"18:50";"2";"39";"39150";"1";"1";"1";"3";"N/A";"47,0669480";"5,4520400"
"201900003640";"6";"9";"2019";"06:30";"2";"39";"39198";"1";"1";"1";"6";"N/A";"47,0998000";"5,4663000"
"201900003641";"26";"11";"2019";"08:05";"1";"38";"38563";"2";"5";"8";"3";"BERANGER (RUE DE)";"45,3634540";"5,5908550"
"201900003642";"26";"11";"2019";"18:20";"5";"37";"37261";"2";"1";"2";"6";"CROIX MONTOIRE (RUE DE LA)";"47,4050300";"0,6806800"
"201900003643";"25";"11";"2019";"18:25";"5";"37";"37122";"2";"1";"9";"6";"ROTIERE (RUE DE LA)";"47,3460230";"0,6623624"
"201900003644";"27";"11";"2019";"00:50";"5";"33";"33550";"2";"2";"1";"3";"RTE DE TOULOUSE";"44,7817100";" -0,5659200"
"201900003645";"26";"11";"2019";"14:35";"1";"33";"33529";"2";"1";"1";"2";"72 RUE JEAN DE GRAILLY";"44,6273900";" -1,1412200"
"201900003646";"25";"11";"2019";"10:05";"1";"32";"32013";"2";"1";"1";"7";"PYRENEES (AVENUE DES)";"43,6360500";"0,5834900"
"201900003647";"26";"11";"2019";"10:10";"1";"31";"31555";"2";"1";"1";"3";"BD D ARCOLE";"43,6112200";"1,4405900"
"201900003648";"26";"11";"2019";"10:00";"1";"31";"31555";"2";"1";"1";"6";"RTE DE SAINT SIMON";"43,5872300";"1,4083400"
"201900003649";"25";"11";"2019";"19:20";"5";"31";"31555";"2";"1";"3";"3";"RUE ROGER CAMBOULIVES";"43,5700200";"1,3902000"
"201900003650";"25";"11";"2019";"20:45";"3";"31";"31555";"2";"1";"2";"6";"BD DE L EMBOUCHURE";"43,6125700";"1,4166900"
"201900003651";"26";"11";"2019";"18:20";"5";"29";"29232";"2";"1";"2";"6";"TOUR D'AUVERGNE PLACE DE LA";"47,9952480";" -4,1104290"
"201900003652";"25";"11";"2019";"13:10";"1";"29";"29232";"2";"1";"3";"2";"STANG BIHAN RUE DE";"48,0099900";" -4,1049700"
"201900003653";"25";"11";"2019";"14:52";"1";"29";"29019";"2";"6";"2";"4";"PEN AR CH'LEUZ (ROND POINT)";"48,4154500";" -4,4795000"
"201900003654";"18";"11";"2019";"16:20";"1";"28";"28085";"2";"1";"8";"6";"CHASLES (BOULEVARD)";"48,4433000";"1,4850400"
"201900003655";"26";"11";"2019";"19:00";"5";"26";"26281";"1";"1";"1";"3";"DORMOY MARX (BOULEVARD)";"45,0458630";"5,0549650"