"Num_Acc";"jour";"mois";"an";"hrmn";"lum";"dep";"com";"agg";"int";"atm";"col";"adr";"lat";"long"
"201900003656";"25";"11";"2019";"17:40";"5";"25";"25462";"2";"9";"1";"3";"BOULEVARD PASTEUR (DE 0 A 54)";"46,9041990";"6,3490920"
"201900003657";"26";"11";"2019";"20:44";"5";"25";"25056";"2";"3";"1";"3";"FRANCHE COMTE RUE DE";"47,2210300";"5,9770400"
"201900003658";"25";"11";"2019";"18:38";"3";"21";"21231";"2";"1";"1";"6";"AHUY (D') (ROUTE)";"47,3278820";"5,0383860"
"201900003659";"26";"11";"2019";"12:20";"1";"17";"17300";"2";"2";"1";"3";"SCIERIE   RUE DE LA";"46,1473800";" -1,1530600"
"201900003660";"4";"11";"2019";"11:40";"1";"17";"17300";"2";"1";"2";"6";"NOUE   RUE DE LA";"46,1612800";" -1,1554000"
"201900003661";"26";"11";"2019";"21:35";"5";"14";"14118";"2";"1";"1";"3";"SAINT JEAN (RUE (DE 33 ET + ET 38 ET +)";"49,1794900";" -0,3576700"
"201900003662";"26";"11";"2019";"07:12";"5";"14";"14118";"2";"1";"1";"6";"POMPIDOU (BOULEVARD GEORGES)";"49,1816400";" -0,4009500"
"201900003663";"26";"11";"2019";"08:00";"1";"13";"13117";"2";"3";"1";"1";"SEYSSAUD ( RUE RENE )";"43,4440000";"5,2553000"
"201900003664";"26";"11";"2019";"21:40";"5";"13";"13075";"2";"1";"1";"1";"GEORGES POMPIDOU (AVE)";"43,3446000";"5,4715800"
"201900003665";"26";"11";"2019";"08:50";"1";"13";"13209";"2";"1";"1";"5";"MICHELET (BOULEVARD)";"43,2550000";"5,4012500"
"201900003666";"26";"11";"2019";"06:50";"5";"13";"13204";"2";"3";"1";"2";"FRANÇOISE DUPARC (BOULEVARD)";"43,3079700";"5,4025800"
"201900003667";"25";"11";"2019";"11:15";"1";"13";"13211";"2";"1";"1";"3";"SAINT MARCEL (BOULEVARD DE )";"43,2876800";"5,4646800"
"201900003668";"25";"11";"2019";"13:45";"1";"13";"13209";"2";"1";"1";"3";"MORGIOU (chemin de )";"43,2338950";"5,4119680"
"201900003669";"25";"11";"2019";"07:35";"1";"13";"13001";"2";"3";"1";"3";"ISAAC JULES (AV)";"43,5343890";"5,4511530"
"201900003670";"25";"11";"2019";"13:28";"1";"10";"10387";"2";"1";"1";"3";"REINE BLANCHE (RUE)";"48,2747140";"4,0596040"
"201900003671";"25";"11";"2019";"19:15";"5";"7";"07019";"1";"1";"1";"2";"N/A";"44,6218300";"4,3938880"
"201900003672";"26";"11";"2019";"19:58";"5";"3";"03185";"2";"3";"1";"6";"avenue de la République";"46,3478837";"2,5954223"
"201900003673";"26";"11";"2019";"09:25";"1";"75";"75116";"2";"1";"2";"3";"BD PERIPHERIQUE EXTERIEUR";"48,8667636";"2,2686858"
"201900003674";"25";"11";"2019";"11:43";"1";"75";"75115";"2";"3";"1";"2";"RUE LINOIS";"48,8485700";"2,2829000"
"201900003675";"26";"11";"2019";"13:40";"1";"75";"75118";"2";"2";"1";"6";"RUE EUGENE SUE";"48,8912735";"2,3473620"
"201900003676";"26";"11";"2019";"09:00";"1";"75";"75117";"2";"7";"2";"3";"PLACE DU GENERAL KOENIG";"48,8808667";"2,2843297"
"201900003677";"26";"11";"2019";"18:00";"5";"75";"75116";"2";"3";"1";"2";"AVENUE FOCH";"48,8733603";"2,2861137"
"201900003678";"26";"11";"2019";"13:15";"1";"75";"75116";"2";"2";"1";"6";"RUE JEAN DE LA FONTAINE";"48,8483485";"2,2649324"
"201900003679";"25";"11";"2019";"10:20";"1";"75";"75114";"2";"1";"1";"6";"RUE VERCINGETORIX";"48,8308184";"2,3084316"
"201900003680";"24";"11";"2019";"01:25";"5";"75";"75114";"2";"2";"1";"6";"AVENUE DU MAINE";"48,8368363";"2,3232268"
"201900003681";"26";"11";"2019";"18:00";"5";"75";"75113";"2";"3";"1";"3";"BOULEVARD VINCENT AURIOL";"48,8345773";"2,3673620"
"201900003682";"26";"11";"2019";"08:45";"1";"75";"75113";"2";"3";"8";"3";"RUE CHARCOT";"48,8311376";"2,3718955"
"201900003683";"26";"11";"2019";"20:50";"5";"75";"75112";"2";"1";"3";"2";"QUAI DE LA RAPEE";"48,8414290";"2,3730270"
"201900003684";"26";"11";"2019";"10:20";"1";"75";"75112";"2";"2";"2";"6";"ROUTE DE LA PYRAMIDE";"48,8207595";"2,4602399"
"201900003685";"25";"11";"2019";"22:15";"5";"75";"75112";"2";"3";"2";"3";"RUE DE LYON";"48,8514329";"2,3699002"
"201900003686";"26";"11";"2019";"19:00";"5";"75";"75111";"2";"3";"8";"3";"RUE DU CHEMIN VERT";"48,8618580";"2,3834096"
"201900003687";"26";"11";"2019";"10:00";"1";"75";"75108";"2";"3";"2";"3";"RUE DE COURCELLES";"48,8788851";"2,3035828"
"201900003688";"26";"11";"2019";"19:45";"5";"75";"75104";"2";"2";"2";"6";"BOULEVARD DE SEBASTOPOL";"48,8595305";"2,3487901"
"201900003689";"25";"11";"2019";"09:15";"1";"75";"75101";"2";"1";"1";"6";"RUE DANIELLE CASANOVA";"48,8680848";"2,3311400"
"201900003690";"26";"11";"2019";"12:40";"1";"94";"94081";"2";"1";"2";"3";"STALINGRAD (BD DE)";"48,8015500";"2,3810500"
"201900003691";"12";"11";"2019";"08:50";"1";"94";"94081";"2";"1";"1";"6";"LAVOISIER (R)";"48,7988800";"2,3913900"
"201900003692";"26";"11";"2019";"13:30";"1";"94";"94077";"2";"1";"2";"3";"REPUBLIQUE (AV DE LA)";"48,7311898";"2,4167298"
"201900003693";"25";"11";"2019";"17:55";"3";"93";"93073";"2";"1";"1";"4";"CHAPIT RE ( RUE DU)";"49,0029480";"2,5368790"
"201900003694";"25";"11";"2019";"16:45";"2";"93";"93070";"2";"1";"8";"3";"SEINE (QUAI DE)";"48,9139000";"2,3173000"
"201900003695";"25";"11";"2019";"00:20";"5";"93";"93066";"2";"2";"1";"3";"""STALINGRAD (AVENUE), NR 88 A 114 BIS""";"48,9454000";"2,3639000"
"201900003696";"25";"11";"2019";"17:35";"5";"93";"93077";"2";"3";"2";"6";"DUNANT (AVENUE HENRI)";"48,8827000";"2,5177800"
"201900003697";"25";"11";"2019";"10:50";"1";"93";"93010";"2";"6";"1";"6";"GROSLAY (CHEM. DE)";"48,9113460";"2,4747660"
"201900003698";"26";"11";"2019";"08:40";"1";"93";"93005";"2";"1";"1";"6";"ANATOLE FRANCE (AVENUE)";"48,9373720";"2,4946060"
"201900003699";"25";"11";"2019";"19:00";"5";"92";"92078";"2";"9";"1";"2";"CHARLES DE GAULLE (BD) (71 AU 153)";"48,9435600";"2,3153100"
"201900003700";"26";"11";"2019";"08:17";"1";"92";"92046";"2";"1";"2";"3";"PIERRE BROSSOLETTE (AVENUE)";"48,8167300";"2,3064500"
"201900003701";"25";"11";"2019";"15:55";"1";"92";"92036";"2";"3";"1";"6";"LOUIS CALMEL (RUE) (18/58)";"48,9232250";"2,2871750"
"201900003702";"19";"8";"2019";"04:00";"5";"84";"84031";"1";"1";"1";"6";"PEYRIERE CHEMIN DE";"44,0728137";"5,0496850"
"201900003703";"22";"7";"2019";"18:45";"1";"78";"78498";"2";"1";"1";"6";"CEP AVENUE DU";"48,9303700";"2,0395100"
"201900003704";"8";"4";"2019";"12:25";"1";"69";"69266";"2";"2";"1";"6";"GENERAL LECLERC    (Avenue du)";"45,7590000";"4,8907000"
"201900003705";"4";"11";"2019";"19:20";"2";"62";"62510";"2";"9";"9";"6";"LEQUETTE (R MADAME)";"50,4213300";"2,7810000"
"201900003706";"26";"4";"2019";"02:02";"5";"93";"93006";"2";"2";"1";"3";"REPUBLIQUE AVENUE DE LA";"48,8622500";"2,4161700"
"201900003707";"23";"12";"2019";"12:45";"1";"971";"97105";"2";"9";"1";"6";"CHARLES DE GAULLE (BOULEVARD)";"15,9954100";" -61,7316810"
"201900003708";"29";"12";"2019";"11:30";"1";"88";"88383";"2";"1";"1";"6";"Route de Bussang";"48,0041200";"6,6125200"
"201900003709";"16";"11";"2019";"16:00";"1";"84";"84031";"2";"9";"1";"6";"ZOLA BOULEVARD EMILE";"44,0509700";"5,0495600"
"201900003710";"15";"12";"2019";"11:40";"1";"83";"83069";"1";"1";"1";"6";"MARAIS (ROUTE DES)";"43,0810100";"6,1286100"
"201900003711";"29";"12";"2019";"03:07";"5";"71";"71445";"1";"8";"1";"3";"JEAN BAPTISTE PERRIN (RUE)";"46,7679000";"4,8705000"
"201900003712";"31";"12";"2019";"21:20";"5";"69";"69264";"2";"6";"5";"2";"BURDEAU BD";"45,9966900";"4,7285800"
"201900003713";"21";"12";"2019";"17:35";"5";"61";"61001";"2";"1";"3";"6";"CERISE (RUE DE)";"48,4349300";"0,1061400"
"201900003714";"18";"12";"2019";"17:40";"5";"59";"59328";"2";"2";"1";"3";"DUNKERQUE AVENUE DE";"50,6379800";"3,0236200"
"201900003715";"24";"12";"2019";"13:52";"1";"54";"54549";"2";"1";"1";"7";"RD400";"48,6332000";"6,3239000"
"201900003716";"14";"12";"2019";"14:35";"1";"49";"49328";"2";"9";"9";"6";"DE LATTRE DE TASSIGNY (BLD)";"47,2618700";" -0,0899900"
"201900003717";"22";"12";"2019";"03:00";"5";"45";"45286";"2";"2";"2";"3";"AV GASTON GALLOUX - R DE LA COSSONNIERE";"47,8842900";"1,9243000"
"201900003718";"21";"12";"2019";"16:15";"1";"39";"39300";"2";"1";"1";"7";"BERCAILLE (RUE)";"46,6965000";"5,5569000"
"201900003719";"23";"12";"2019";"19:00";"1";"13";"13215";"2";"1";"1";"6";"SAINT LOUIS (AVENUE DE)";"43,3482530";"5,3589800"
"201900003720";"23";"12";"2019";"13:15";"1";"13";"13212";"2";"1";"1";"6";"CAILLOLS (AVENUE DES)";"43,3038420";"5,4362380"
"201900003721";"22";"12";"2019";"14:45";"1";"13";"13208";"2";"1";"6";"7";"MENDES FRANCE (AVENUE)";"43,2583640";"5,3760480"
"201900003722";"21";"12";"2019";"13:20";"1";"13";"13216";"2";"1";"1";"6";"LE PELLETIE (RUE)";"43,3625500";"5,3189900"
"201900003723";"21";"12";"2019";"20:00";"5";"75";"75113";"2";"4";"2";"3";"BD PERIPHERIQUE EXTERIEUR";"48,8248362";"2,3846447"
"201900003724";"22";"12";"2019";"09:50";"1";"75";"75119";"2";"3";"2";"2";"AVENUE DE FLANDRE";"48,8892890";"2,3752730"
"201900003725";"22";"12";"2019";"00:10";"3";"75";"75113";"2";"2";"2";"6";"PONT DE TOLBIAC";"48,8322350";"2,3797630"
"201900003726";"21";"12";"2019";"21:00";"5";"75";"75108";"2";"1";"1";"7";"AVENUE FRANKLIN D ROOSEVELT";"48,8676170";"2,3100180"
"201900003727";"22";"12";"2019";"11:00";"1";"94";"94076";"2";"1";"1";"6";"EUGENE VARLIN (R)";"48,7940000";"2,3630000"
"201900003728";"3";"12";"2019";"09:45";"1";"988";"98818";"2";"1";"1";"6";"AVENUE DU GOLF DE TINA";" -22,2591900";"166,4894000"
"201900003729";"21";"11";"2019";"19:50";"5";"988";"98818";"2";"3";"1";"7";"RUE LE CARROUR/A. DALY";" -22,2748700";"166,4776300"
"201900003730";"23";"10";"2019";"04:43";"2";"988";"98818";"2";"1";"1";"6";"HT N° 101 ROUTE DE L'ANSE VATA";" -22,2933200";"166,4469200"
"201900003731";"13";"10";"2019";"22:30";"5";"29";"29019";"2";"6";"2";"7";"ROND POINT Dun Laoghaire";"48,4020500";" -4,5024000"
"201900003732";"10";"9";"2019";"16:20";"1";"29";"29135";"2";"1";"1";"6";"Rue du Dourdy";"47,8394604";" -4,1884995"
"201900003733";"11";"7";"2019";"07:40";"2";"2A";"2A139";"1";"2";"1";"3";"T10";"41,6663280";"9,3080270"
"201900003734";"30";"12";"2019";"05:40";"2";"974";"97416";"1";"1";"2";"7";"RN02";" -21,3430000";"55,4963000"
"201900003735";"24";"12";"2019";"08:20";"1";"974";"97416";"2";"1";"1";"3";"RECHERCHANT(RUE ADRIEN)";" -21,2831300";"55,4759000"
"201900003736";"31";"12";"2019";"09:10";"1";"92";"92033";"2";"1";"1";"3";"BUZENVAL";"48,8531000";"2,2003500"
"201900003737";"30";"12";"2019";"17:05";"2";"5";"05061";"2";"3";"1";"7";"PIC PONCON  ( CHEMIN DU )";"44,5528350";"6,0548830"
"201900003738";"2";"11";"2019";"00:40";"5";"75";"75118";"2";"1";"2";"6";"ECHANGEUR CHAPELLE";"48,9003535";"2,3591242"
"201900003739";"12";"12";"2019";"17:45";"5";"61";"61168";"2";"1";"2";"6";"Faubourg d'Argentan";"48,5935870";" -0,3534620"
"201900003740";"1";"6";"2019";"17:20";"1";"93";"93072";"2";"1";"1";"6";"SAINT-EXUPERY (ALLEE)";"48,9700000";"2,3700000"
"201900003741";"21";"11";"2019";"01:20";"5";"92";"92036";"2";"9";"1";"6";"BAS (RUE DES) (78   +)";"48,9190900";"2,2902200"
"201900003742";"29";"1";"2019";"03:00";"3";"73";"73214";"1";"1";"1";"6";"D35 Rochefort";"45,5722552";"5,7103534"
"201900003743";"27";"3";"2019";"18:00";"2";"69";"69254";"1";"4";"1";"3";"intersection D313, D54";"45,9677900";"4,4182900"
"201900003744";"28";"12";"2019";"00:05";"5";"84";"84035";"2";"1";"9";"6";"LIBERATION (AVENUE DE LA)";"43,8436800";"5,0385000"
"201900003745";"27";"12";"2019";"18:20";"3";"77";"77186";"1";"6";"1";"4";"D606 X D138";"48,4746274";"2,6788755"
"201900003746";"29";"12";"2019";"16:00";"1";"77";"77278";"1";"3";"1";"7";"D111";"48,7869800";"3,1341600"
"201900003747";"20";"12";"2019";"12:00";"1";"62";"62160";"2";"6";"1";"2";"COMTE (Bd Auguste)";"50,7182300";"1,6124700"
"201900003748";"5";"12";"2019";"22:45";"3";"68";"68375";"1";"1";"9";"7";"Wittelsheim";"47,7735170";"7,2217260"
"201900003749";"22";"12";"2019";"19:00";"5";"69";"69388";"2";"9";"2";"6";"VIENNE (DE)                         (RO)";"45,7323800";"4,8535100"
"201900003750";"22";"12";"2019";"10:00";"1";"69";"69259";"2";"1";"1";"6";"JACQUES DUCLOS                      (AV)";"45,6972100";"4,8899000"
"201900003751";"22";"12";"2019";"03:40";"5";"69";"69387";"2";"2";"1";"3";"JULES CARTERET                      (BD)";"45,7258400";"4,8405400"
"201900003752";"29";"12";"2019";"12:55";"1";"91";"91201";"2";"3";"1";"3";"HENRI BARBUSSE(BOULEVARD)";"48,6755200";"2,4073900"
"201900003753";"19";"12";"2019";"19:23";"2";"87";"87085";"2";"1";"1";"6";"CLAIRETTES (IMPASSE ET RUE DES)";"45,8291100";"1,2549600"
"201900003754";"22";"12";"2019";"03:40";"5";"69";"69029";"2";"1";"1";"6";"GEORGES CLEMENCEAU                  (R )";"45,7515600";"4,8997700"
"201900003755";"20";"12";"2019";"19:20";"5";"69";"69275";"2";"1";"8";"1";"CLAUDE MONET                        (R )";"45,7922600";"4,9658000"
"201900003756";"22";"12";"2019";"05:50";"5";"68";"68066";"2";"1";"2";"7";"STRASBOURG (ROUTE DE)";"48,1006440";"7,3620980"
"201900003757";"16";"12";"2019";"16:25";"5";"35";"35115";"2";"9";"2";"6";"GROSLAY (BD DE DU N°25 AU 43)";"48,3473580";" -1,1811040"
"201900003758";"20";"11";"2019";"13:15";"1";"16";"16102";"2";"1";"1";"3";"JAURES (RUE JEAN)";"45,6907600";" -0,3196900"
"201900003759";"1";"12";"2019";"11:30";"1";"61";"61082";"1";"1";"1";"6";"D8";"48,6015580";"0,3175240"
"201900003760";"24";"12";"2019";"10:30";"1";"64";"64024";"2";"1";"1";"7";"BAB (Boulevard)";"43,4905212";" -1,5338340"
"201900003761";"24";"12";"2019";"10:00";"1";"44";"44190";"2";"1";"1";"6";"RUE DE LA COMMUNE DE 1871";"47,2037000";" -1,5037100"
"201900003762";"21";"12";"2019";"17:45";"5";"41";"41269";"2";"9";"2";"6";"THOMAS (RUE ALBERT)";"47,8004900";"1,0473400"
"201900003763";"27";"12";"2019";"21:45";"5";"35";"35238";"2";"1";"1";"6";"COLOMBES (PLACE DES)";"48,1045000";" -1,6825000"
"201900003764";"21";"12";"2019";"09:42";"1";"29";"29232";"1";"9";"1";"7";"LE GUENNEC LOUIS BOULEVARD";"47,9839700";" -4,1124300"
"201900003765";"21";"12";"2019";"18:42";"5";"29";"29232";"2";"9";"2";"6";"POHER RUE DU";"47,9824155";" -4,1067740"
"201900003766";"15";"10";"2019";"17:40";"1";"75";"75110";"2";"2";"1";"6";"RUE DE LA FIDELITE";"48,8743660";"2,3553900"
"201900003767";"22";"12";"2019";"00:15";"5";"93";"93078";"2";"2";"2";"3";"GUYNEMER (AVENUE)";"48,9508600";"2,5558100"
"201900003768";"29";"9";"2019";"12:00";"1";"93";"93078";"2";"1";"2";"5";"NATIONS (AVENUE DES)";"48,9692000";"2,5022000"
"201900003769";"6";"11";"2019";"11:20";"1";"93";"93053";"2";"2";"1";"6";"JEAN JAURES (RUE)";"48,8924456";"2,4558198"
"201900003770";"1";"3";"2019";"15:05";"1";"93";"93010";"1";"9";"1";"6";"GALLIENI (AV.) DE 1 A 109";"48,9068283";"2,4866988"
"201900003771";"21";"12";"2019";"01:30";"3";"91";"91661";"1";"1";"1";"1";"RD 188 CHEVREUSE";"48,6966720";"2,2155110"
"201900003772";"20";"12";"2019";"19:30";"3";"91";"91161";"1";"1";"1";"2";"AUTOROUTE A6";"48,6988000";"2,3136000"
"201900003773";"15";"12";"2019";"18:49";"5";"91";"91432";"2";"6";"1";"6";"FONTAINE (PLACE GABRIEL)";"48,7070250";"2,3281830"
"201900003774";"11";"10";"2019";"07:10";"2";"13";"13201";"2";"2";"9";"6";"LIBERATION (BOULEVARD)  1 A 65";"43,2990650";"5,3852890"
"201900003775";"12";"12";"2019";"07:00";"2";"13";"13202";"2";"9";"9";"1";"REPUBLIQUE (RUE DE LA)";"43,3009890";"5,3703760"
"201900003776";"22";"12";"2019";"00:55";"5";"75";"75120";"2";"1";"2";"3";"RUE DES PYRENEES";"48,8713930";"2,3926320"
"201900003777";"21";"12";"2019";"23:25";"3";"94";"94065";"1";"1";"1";"6";"Route nationale 186";"48,7534000";"2,3734000"
"201900003778";"19";"12";"2019";"18:35";"5";"74";"74268";"2";"6";"1";"6";"7 Chemin de Chateau - Vieux";"45,8756980";"6,0837220"
"201900003779";"23";"1";"2019";"23:45";"3";"33";"33047";"1";"1";"1";"1";"RD 137";"45,1222920";" -0,5746810"
"201900003780";"8";"7";"2019";"14:00";"1";"60";"60282";"1";"1";"1";"3";"D162";"49,2049250";"2,4396510"
"201900003781";"25";"9";"2019";"13:35";"1";"68";"68224";"2";"1";"1";"6";"KINGERSHEIM (RUE DE)";"47,7768300";"7,3287300"
"201900003782";"20";"10";"2019";"07:10";"5";"76";"76217";"2";"1";"1";"6";"VAUBAN (AVENUE)";"49,9144800";"1,0843700"
"201900003783";"7";"10";"2019";"18:20";"2";"67";"67482";"2";"1";"8";"6";"GANZAU (RUE DE LA)";"48,5262100";"7,7599600"
"201900003784";"6";"6";"2019";"17:50";"1";"49";"49125";"2";"1";"1";"6";"N/A";"47,1923000";" -0,2765000"
"201900003785";"29";"6";"2019";"09:00";"1";"49";"49007";"2";"2";"1";"3";"N/A";"47,4794240";" -0,5214354"
"201900003786";"23";"12";"2019";"15:28";"1";"2B";"2B033";"2";"9";"1";"6";"11 - RT";"42,6665260";"9,4427050"
"201900003787";"16";"12";"2019";"19:35";"2";"44";"44184";"2";"4";"2";"1";"RUES DES TROENES / AJONCS ";"47,2684840";" -2,2498410"
"201900003788";"19";"12";"2019";"16:00";"1";"37";"37261";"2";"2";"1";"6";"HALLES (RUE DES)";"47,3935500";"0,6850600"
"201900003789";"19";"12";"2019";"18:10";"5";"35";"35238";"2";"2";"3";"6";"MOULIN DE JOUE (DU)";"48,1138500";" -1,6479000"
"201900003790";"20";"12";"2019";"15:40";"1";"92";"92024";"2";"9";"8";"3";"GENERAL LECLERC (BD DU) (9 A 59)   (4 A";"48,9007000";"2,3170100"
"201900003791";"13";"12";"2019";"20:30";"5";"92";"92024";"2";"1";"2";"3";"GENERAL ROGUET (RUE DU) DE (1 A 57)   (2";"48,9058600";"2,3128900"
"201900003792";"20";"12";"2019";"18:30";"5";"92";"92024";"2";"2";"1";"3";"HENRI BARBUSSE (RUE) DE (1 A 73)   (2 A";"48,9000422";"2,3062181"
"201900003793";"6";"10";"2019";"13:00";"1";"25";"25586";"1";"1";"1";"7";"rue de la Begelle";"47,4643110";"6,8949670"
"201900003794";"25";"12";"2019";"04:45";"2";"988";"98818";"2";"3";"1";"6";"RUE AUGUSTE BENEBIG";" -22,2701500";"166,4540000"
"201900003795";"26";"9";"2019";"16:50";"1";"16";"16015";"2";"1";"1";"6";"29 rue Bel Air";"45,6524890";"0,1770850"
"201900003796";"15";"11";"2019";"08:20";"2";"29";"29097";"1";"3";"2";"4";"Lieu Dit Kerdeven";"48,4954210";" -4,0488370"
"201900003797";"22";"12";"2019";"15:30";"1";"13";"13207";"2";"1";"1";"6";"Corniche John Fitzgérald Kennedy";"43,2765560";"5,3579280"
"201900003798";"22";"12";"2019";"13:15";"1";"13";"13204";"2";"3";"1";"3";"CHARTREUX (AVENUE DES)";"43,3086915";"5,4002577"
"201900003799";"22";"12";"2019";"07:05";"2";"13";"13206";"2";"1";"1";"2";"PRADO (AVENUE DU)";"43,2842720";"5,3848080"
"201900003800";"18";"12";"2019";"17:45";"3";"42";"42183";"1";"9";"1";"4";"RN88";"45,4039300";"4,3740100"
"201900003801";"7";"10";"2019";"13:45";"1";"13";"13215";"2";"1";"1";"5";"LITTORAL (CHEMIN DU)";"43,3432600";"5,3476800"
"201900003802";"7";"10";"2019";"10:34";"1";"13";"13215";"2";"2";"1";"6";"LYON (RUE DE)";"43,3285700";"5,3556500"
"201900003803";"23";"12";"2019";"03:50";"5";"10";"10362";"2";"1";"1";"6";"GENERAL GALLIENI (RUE DU)";"48,2963700";"4,0464200"
"201900003804";"22";"12";"2019";"03:25";"5";"93";"93077";"2";"1";"2";"6";"AIME (AVENUE)";"48,8786000";"2,5233100"
"201900003805";"3";"8";"2019";"20:25";"2";"62";"62498";"2";"2";"1";"3";"BETHUNE (RTE DE)";"50,4371690";"2,8140560"
"201900003806";"19";"1";"2019";"23:15";"2";"92";"92044";"2";"3";"1";"6";"GABRIEL PERI(RUE) 1A23 ET 2A36";"48,8982800";"2,2943625"
"201900003807";"21";"12";"2019";"01:25";"5";"973";"97302";"2";"2";"2";"3";"MOLE";"4,9378900";" -52,3328440"
"201900003808";"16";"12";"2019";"17:00";"5";"91";"91692";"2";"1";"2";"6";"CEVENNES (RUE DES)";"48,6790200";"2,1745300"
"201900003809";"21";"12";"2019";"00:20";"5";"82";"82121";"2";"1";"2";"6";"POULT (QUAI ADOLPHE)";"44,0116300";"1,3465300"
"201900003810";"19";"12";"2019";"15:50";"1";"69";"69264";"2";"1";"1";"2";"ACACIAS(rue des)";"45,9924300";"4,7048000"
"201900003811";"22";"12";"2019";"06:45";"3";"35";"35238";"1";"1";"2";"4";"RN136";"48,0811700";" -1,6645100"
"201900003812";"12";"12";"2019";"14:55";"1";"29";"29254";"2";"3";"1";"5";"D 712 B";"48,5675313";" -3,8545545"
"201900003813";"20";"11";"2019";"07:40";"5";"29";"29151";"2";"3";"1";"3";"PARC AU DUC (RUE DU)";"48,5736588";" -3,8216275"
"201900003814";"31";"1";"2019";"19:57";"5";"92";"92044";"2";"2";"2";"6";"RASPAIL(RUE) 41A65 ET 32A58";"48,8977070";"2,2919798"
"201900003815";"10";"10";"2019";"18:26";"1";"91";"91340";"2";"9";"1";"2";"D26";"48,5974120";"2,4370340"
"201900003816";"13";"7";"2019";"11:30";"1";"73";"73008";"2";"2";"1";"3";"Place Clémenceau";"45,6940523";"5,9107943"
"201900003817";"20";"12";"2019";"17:45";"2";"51";"51454";"2";"1";"8";"7";"RUE D'AVRANCHES";"49,2366307";"4,0163333"
"201900003818";"19";"12";"2019";"16:35";"5";"51";"51454";"2";"3";"1";"7";"BOULEVARD CHARLES ARNOULD";"49,2669044";"4,0161959"
"201900003819";"16";"11";"2019";"11:45";"1";"43";"43157";"2";"3";"8";"6";"BELGES (AV. DES)";"45,0465600";"3,8922000"
"201900003820";"28";"11";"2019";"14:50";"1";"29";"29019";"2";"1";"1";"6";"FOCH MARECHAL";"48,3952045";" -4,4883240"
"201900003821";"22";"12";"2019";"04:00";"5";"69";"69387";"2";"2";"2";"3";"GUILLOTIERE (DE LA)                 (GR)";"45,7521000";"4,8466800"
"201900003822";"2";"12";"2019";"06:40";"5";"69";"69382";"2";"1";"1";"2";"PASTEUR                             (PT)";"45,7339900";"4,8188200"
"201900003823";"20";"12";"2019";"21:50";"5";"988";"98818";"2";"1";"1";"6";"ROUTE DES DEUX VALLEES";" -22,2651800";"166,4469000"
"201900003824";"27";"10";"2019";"04:40";"5";"69";"69259";"2";"1";"1";"6";"11 NOVEMBRE 1918 (DU)               (AV)";"45,6898800";"4,8649200"
"201900003825";"19";"12";"2019";"13:15";"1";"77";"77122";"2";"9";"1";"6";"PARKING INTERMARCHE AV. MALRAUX";"48,6484500";"2,5636900"
"201900003826";"17";"12";"2019";"08:55";"1";"77";"77243";"2";"3";"1";"6";"D418 X AV DE LA REPUBLIQUE";"48,8775200";"2,7013700"
"201900003827";"3";"12";"2019";"20:45";"5";"74";"74010";"2";"2";"1";"3";"Rue JEAN JAURES X Rue de la Paix";"45,9036739";"6,1273838"
"201900003828";"27";"11";"2019";"19:40";"5";"69";"69115";"2";"1";"1";"4";"ANSE (route d')";"45,9724300";"4,7170600"
"201900003829";"19";"12";"2019";"08:15";"1";"54";"54395";"2";"1";"1";"7";"NEUVIEME DIVISION DE L'INFANTERIE COLONI";"48,6701900";"6,1638010"
"201900003830";"19";"12";"2019";"10:25";"1";"54";"54395";"2";"1";"1";"7";"QUATRE EGLISES (RUE";"48,6878390";"6,1832360"
"201900003831";"20";"12";"2019";"23:50";"5";"54";"54395";"2";"1";"8";"3";"VINGT SIXIEME R.I. (BOULEVARD DU 2 A 44)";"48,6984730";"6,1879500"
"201900003832";"19";"12";"2019";"11:10";"1";"13";"13208";"2";"9";"1";"3";"RABATAU (BOULEVARD)";"43,2700000";"5,3900000"
"201900003833";"27";"12";"2019";"04:20";"5";"972";"97209";"2";"1";"1";"7";"CHEVALIER SAINTE-MARTHE (BOULEVARD)";"14,6016400";" -61,0673700"
"201900003834";"19";"12";"2019";"11:55";"1";"76";"76351";"2";"1";"1";"7";"GRAVILLE (BD DE)";"49,5003400";"0,1458700"
"201900003835";"24";"12";"2019";"20:35";"5";"54";"54580";"2";"3";"8";"1";"LIBERATION (AVENUE DE LA)";"49,4528000";"5,9223300"
"201900003836";"17";"12";"2019";"16:30";"1";"35";"35281";"2";"1";"1";"6";"CLAUDEL (COURS CAMILLE)";"48,0813700";" -1,7137600"
"201900003837";"3";"9";"2019";"16:03";"1";"33";"33013";"2";"4";"1";"3";"ROUTE NATIONALE 89";"44,8688500";" -0,4995700"
"201900003838";"22";"8";"2019";"06:45";"1";"33";"33484";"2";"1";"1";"6";"27 Avenue du 8 Mai";"44,4319180";" -0,4985960"
"201900003839";"28";"11";"2019";"17:50";"3";"29";"29212";"2";"1";"2";"3";"Rue des Myosotis";"48,3733450";" -4,5883910"
"201900003840";"23";"11";"2019";"16:40";"1";"29";"29042";"1";"9";"2";"2";"D155";"48,2635260";" -4,4964770"
"201900003841";"21";"12";"2019";"16:10";"1";"13";"13214";"1";"1";"1";"2";"A507 sens Marseille - Aubagne";"43,3326410";"5,3855870"
"201900003842";"17";"12";"2019";"05:40";"5";"75";"75119";"2";"1";"1";"3";"BD PERIPHERIQUE INTERIEUR";"48,8788790";"2,4079060"