"Num_Acc";"jour";"mois";"an";"hrmn";"lum";"dep";"com";"agg";"int";"atm";"col";"adr";"lat";"long"
"201900003843";"16";"10";"2019";"23:25";"5";"29";"29019";"2";"6";"1";"6";"SALAUN PENQUER";"48,3828682";" -4,4880967"
"201900003844";"10";"10";"2019";"18:15";"1";"29";"29019";"2";"1";"1";"6";"PRIGENT TANGUY (RP CARREFOUR A RUE MESNO";"48,3986000";" -4,5288000"
"201900003845";"26";"9";"2019";"09:00";"1";"29";"29019";"2";"6";"1";"7";"PEN AR CH'LEUZ";"48,4145000";" -4,4786000"
"201900003846";"17";"9";"2019";"14:40";"1";"29";"29019";"2";"1";"1";"1";"PRIGENT TANGUY (DE MESNOS A PONT LA VILL";"48,3993087";" -4,5273486"
"201900003847";"30";"6";"2019";"22:30";"5";"93";"93057";"2";"4";"1";"6";"CASANOVA ( AL. DANIELLE) 91 A FIN";"48,9053200";"2,4987500"
"201900003848";"24";"12";"2019";"11:00";"1";"5";"05061";"2";"6";"1";"7";"COMMANDANT DUMONT ( AVENUE)";"44,5639576";"6,0838602"
"201900003849";"8";"11";"2019";"17:35";"2";"30";"30279";"1";"1";"1";"1";"Départementale 6";"44,1296730";"4,4353980"
"201900003850";"21";"5";"2019";"19:05";"1";"22";"22215";"2";"2";"1";"3";"CROIX FICHET (RUE DE LA)";"48,4921302";" -2,7951021"
"201900003851";"30";"12";"2019";"01:45";"3";"31";"31555";"1";"1";"1";"2";"VA007331 A620";"43,6143000";"1,4179700"
"201900003852";"20";"9";"2019";"08:05";"1";"75";"75111";"2";"2";"1";"3";"AVENUE DE LA REPUBLIQUE";"48,8660025";"2,3706578"
"201900003853";"9";"11";"2019";"22:50";"3";"29";"29189";"1";"9";"8";"6";"Plougastel-Daoulas";"48,3830260";" -4,3513260"
"201900003854";"15";"11";"2019";"15:45";"1";"29";"29162";"2";"3";"1";"3";"34 Rue Maurice de Tresiguidy";"48,2216950";" -3,9849250"
"201900003855";"29";"11";"2019";"18:07";"3";"29";"29160";"1";"3";"1";"2";"Lieu-dit Streat Glaz";"48,5152907";" -4,4383863"
"201900003856";"20";"12";"2019";"04:30";"3";"33";"33143";"1";"1";"3";"6";"AUTOROUTE A 10";"44,9747700";" -0,4335500"
"201900003857";"18";"10";"2019";"00:05";"3";"68";"68256";"1";"1";"1";"6";"N/A";"47,7555020";"7,2979550"
"201900003858";"6";"9";"2019";"08:55";"1";"7";"07324";"2";"1";"1";"3";"N/A";"45,0730360";"4,8201120"
"201900003859";"18";"11";"2019";"07:41";"1";"29";"29019";"2";"3";"1";"3";"RICHELIEU";"48,3941500";" -4,4746800"
"201900003860";"21";"12";"2019";"20:50";"5";"73";"73008";"2";"1";"3";"2";"D991 RUSSIE BOULEVARD DE";"45,6823850";"5,9105050"
"201900003861";"22";"12";"2019";"11:45";"1";"89";"89074";"2";"3";"1";"3";"Route Nationale";"48,3251840";"3,1241590"
"201900003862";"14";"3";"2019";"07:18";"1";"2A";"2A130";"2";"9";"1";"3";"Route Departementale 55";"41,8962720";"8,8085460"
"201900003863";"16";"12";"2019";"14:30";"1";"986";"98612";"1";"1";"1";"7";"Lieu dit Vilamalia villlage de Leava";" -14,3006750";" -178,1551820"
"201900003864";"16";"12";"2019";"18:25";"5";"76";"76351";"2";"1";"1";"7";"PONTS (DES)";"49,5205400";"0,1261200"
"201900003865";"19";"12";"2019";"18:25";"5";"9";"09122";"2";"1";"1";"4";"ESPAGNE (ROUTE D')";"42,9506820";"1,6248310"
"201900003866";"26";"12";"2019";"14:05";"1";"7";"07183";"1";"1";"1";"1";"105 Chemin des Ranchins";"44,4843130";"4,3802190"
"201900003867";"7";"12";"2019";"22:50";"5";"92";"92024";"2";"6";"1";"3";"TROIS PAVILLONS (RUE DES)";"48,9107676";"2,3129822"
"201900003868";"1";"12";"2019";"20:00";"5";"92";"92024";"2";"2";"1";"3";"MARTRE (RUE) DE (59 A 109)   (58 A 120)";"48,9034784";"2,3058128"
"201900003869";"22";"11";"2019";"20:30";"5";"92";"92024";"2";"1";"1";"6";"GENERAL ROGUET (RUE DU) DE (1 A 57)   (2";"48,9123000";"2,3129000"
"201900003870";"17";"11";"2019";"03:40";"5";"92";"92024";"2";"4";"1";"3";"GENERAL LECLERC (BD DU) (9 A 59)   (4 A";"48,9000877";"2,3178070"
"201900003871";"12";"11";"2019";"08:50";"1";"92";"92024";"2";"1";"9";"7";"PARIS (RUE DE) DE (1 A 57)   (2 A 52)";"48,8968000";"2,3082800"
"201900003872";"7";"11";"2019";"13:38";"1";"92";"92024";"2";"1";"1";"3";"GENERAL LECLERC (BD DU) (9 A 59)   (4 A";"48,9010900";"2,3153300"
"201900003873";"11";"10";"2019";"09:00";"1";"92";"92024";"2";"1";"1";"6";"GENERAL ROGUET (RUE DU) DE (1 A 57)   (2";"48,9037600";"2,3129300"
"201900003874";"9";"10";"2019";"10:20";"1";"92";"92024";"2";"1";"1";"3";"GENERAL LECLERC (RUE DU) DE (81 A 109)  ";"48,9069300";"2,3089100"
"201900003875";"14";"7";"2019";"21:20";"1";"29";"29158";"1";"1";"1";"7";"chemin communal ""alignemnt de mégalithes""";"47,8284030";" -4,3192690"
"201900003876";"23";"12";"2019";"23:40";"3";"976";"97611";"2";"1";"1";"6";"passamanty-Sada ( rue de )";" -12,7984800";"45,2156800"
"201900003877";"22";"12";"2019";"19:00";"5";"976";"97611";"2";"1";"1";"6";"cavani-Cavani Massimoni rue de";" -12,7918000";"45,2192000"
"201900003878";"11";"12";"2019";"19:00";"3";"72";"72268";"1";"1";"3";"6";"la balinière";"47,8188400";"0,2361150"
"201900003879";"13";"10";"2019";"07:55";"1";"29";"29170";"1";"1";"3";"6";"Route des Chateaux";"47,9318170";" -4,1466361"
"201900003880";"19";"9";"2019";"14:45";"1";"17";"17110";"1";"3";"1";"3";"RD 158";"45,1944330";" -0,2196360"
"201900003881";"20";"9";"2019";"06:15";"3";"76";"76705";"1";"1";"1";"3";"A 13, PK 110.850";"49,3332000";"1,0804180"
"201900003882";"10";"8";"2019";"16:45";"1";"13";"13001";"1";"1";"1";"4";"A8";"43,5228140";"5,4099650"
"201900003883";"20";"9";"2019";"07:00";"2";"33";"33199";"2";"2";"1";"3";"118 Avenue du Maréchal de Lattre de Tassigny";"44,6373200";" -1,1013900"
"201900003884";"20";"9";"2019";"11:20";"1";"78";"78366";"1";"1";"1";"6";"N12 PK 41.450";"48,7986270";"1,8592990"
"201900003885";"20";"9";"2019";"18:34";"2";"83";"83023";"1";"1";"7";"3";"N/A";"43,4057530";"6,0608880"
"201900003886";"20";"9";"2019";"13:00";"1";"83";"83023";"1";"1";"1";"1";"N/A";"43,4008790";"6,1217820"
"201900003887";"20";"9";"2019";"15:15";"1";"4";"04148";"1";"1";"1";"1";"RD 4085";"43,8161215";"6,5945566"
"201900003888";"19";"9";"2019";"15:30";"1";"4";"04096";"1";"1";"8";"7";"Rte des sagnes";"44,4127279";"6,7559962"
"201900003889";"20";"9";"2019";"14:25";"3";"25";"25050";"1";"1";"1";"3";"La Vie Paul et Richard";"47,1203630";"6,6202460"
"201900003890";"19";"9";"2019";"17:30";"1";"73";"73284";"1";"1";"1";"1";"D90D";"45,4635034";"6,5487433"
"201900003891";"15";"9";"2019";"11:00";"1";"38";"38200";"2";"6";"1";"3";"Route de l'Électrochimie";"45,0883200";"5,7310000"
"201900003892";"17";"9";"2019";"08:05";"1";"69";"69160";"2";"1";"1";"6";"Lafont";"46,1344700";"4,4899650"
"201900003893";"19";"9";"2019";"17:45";"1";"32";"32331";"1";"1";"1";"6";"nationale 21";"43,7223340";"0,6236070"
"201900003894";"20";"9";"2019";"17:45";"1";"79";"79049";"1";"1";"1";"3";"Boulevard de Nantes";"46,8450320";" -0,5277920"
"201900003895";"19";"9";"2019";"19:50";"1";"47";"47263";"1";"1";"1";"6";"Laubarede";"44,4777650";"0,2125600"
"201900003896";"20";"9";"2019";"05:35";"3";"85";"85003";"1";"1";"1";"2";"L'Echasserie";"46,7518800";" -1,5545700"
"201900003897";"20";"9";"2019";"12:50";"1";"85";"85151";"1";"9";"1";"3";"Rue du Puynardon";"46,9807640";" -0,9304820"
"201900003898";"20";"9";"2019";"11:30";"1";"60";"60095";"1";"2";"1";"3";"RD22E";"49,2424039";"1,7128597"
"201900003899";"20";"9";"2019";"10:00";"1";"60";"60143";"2";"1";"1";"6";"rue de l'hotel de ville";"49,2640010";"1,8825290"
"201900003900";"19";"9";"2019";"17:30";"1";"59";"59578";"2";"1";"1";"7";"départementale 916";"50,6735830";"2,4845510"
"201900003901";"18";"9";"2019";"07:44";"1";"13";"13005";"1";"1";"1";"3";"A50-Sens Aubagne vers Marseille";"43,1932600";"5,6699400"
"201900003902";"19";"9";"2019";"06:45";"5";"33";"33249";"1";"1";"1";"2";"ROCADE A 630";"44,8846900";" -0,5121800"
"201900003903";"19";"9";"2019";"14:40";"1";"91";"91659";"1";"1";"1";"3";"AUTOROUTE A6";"48,5887300";"2,4479600"
"201900003904";"19";"9";"2019";"13:35";"1";"94";"94034";"1";"1";"1";"3";"AUTOROUTE A86";"48,7599400";"2,3214800"
"201900003905";"18";"9";"2019";"21:30";"3";"93";"93007";"1";"1";"1";"2";"AUTOROUTE A3";"48,9332000";"2,4809200"
"201900003906";"18";"9";"2019";"18:00";"1";"93";"93064";"1";"1";"1";"5";"AUTOROUTE A86";"48,8819600";"2,4738100"
"201900003907";"18";"9";"2019";"17:00";"1";"93";"93064";"1";"1";"1";"2";"AUTOROUTE A86";"48,8824700";"2,4716400"
"201900003908";"18";"9";"2019";"13:15";"1";"93";"93064";"1";"1";"1";"2";"AUTOROUTE A86";"48,8734400";"2,4797200"
"201900003909";"18";"9";"2019";"10:15";"1";"93";"93066";"1";"1";"1";"4";"AUTOROUTE A86";"48,9255500";"2,3397200"
"201900003910";"19";"9";"2019";"05:50";"4";"94";"94081";"1";"1";"1";"2";"A86 INT";"48,7744000";"2,4098000"
"201900003911";"8";"9";"2019";"10:00";"1";"94";"94046";"1";"1";"1";"2";"A86 INT";"48,8045500";"2,4485800"
"201900003912";"17";"9";"2019";"18:55";"1";"45";"45234";"2";"1";"1";"4";"PONT JOFFRE";"47,8973000";"1,8954000"
"201900003913";"17";"9";"2019";"19:25";"2";"94";"94059";"2";"7";"1";"2";"CHERET (AV)";"48,8054400";"2,5849200"
"201900003914";"17";"9";"2019";"12:40";"1";"93";"93055";"2";"1";"1";"3";"JEAN LOLIVE (AVENUE)(55/73.62/86)";"48,8918200";"2,4052200"
"201900003915";"15";"9";"2019";"21:54";"3";"93";"93007";"1";"1";"1";"6";"AUTOROUTE A3";"48,9372920";"2,4802110"
"201900003916";"13";"9";"2019";"23:10";"3";"95";"95028";"1";"1";"1";"2";"RN 104";"49,0625500";"2,3370200"
"201900003917";"18";"9";"2019";"18:25";"5";"988";"98818";"2";"2";"1";"6";"RUE DU DOCTEUR GUEGAN/Rue eugene Porcheron";" -22,2754000";"166,4447000"
"201900003918";"18";"9";"2019";"13:10";"1";"988";"98818";"2";"3";"1";"6";"ENTRECASTEAUX (RUE D')/Rue Marechal Juin";" -22,2731300";"166,4616200"
"201900003919";"16";"9";"2019";"10:15";"1";"974";"97411";"2";"1";"1";"2";"LORY LES HAUTS (RUE)";" -20,8974000";"55,4808000"
"201900003920";"16";"9";"2019";"12:15";"1";"973";"97302";"1";"9";"1";"6";"MADELEINE (ROUTE DE LA)";"4,9081580";" -52,3220360"
"201900003921";"18";"9";"2019";"06:40";"2";"973";"97309";"2";"6";"1";"3";"SUZINI (CARREFOUR)";"4,9270400";" -52,2898700"
"201900003922";"19";"9";"2019";"00:05";"5";"69";"69388";"2";"7";"1";"3";"ALBERT THOMAS                       (CO)";"45,7455300";"4,8712200"
"201900003923";"18";"9";"2019";"17:40";"1";"69";"69259";"2";"1";"1";"6";"IRENE JOLIOT CURIE                  (BD)";"45,7111000";"4,8819600"
"201900003924";"17";"9";"2019";"04:50";"3";"972";"97213";"2";"1";"1";"1";"ROUTE DEPARTEMENTALE 15";"14,6535000";" -61,0114000"
"201900003925";"18";"9";"2019";"15:00";"1";"69";"69034";"1";"1";"1";"2";"TUNNEL BELLEVUE (QUAI BELLEVUE COUVE(XX)";"45,7882300";"4,8641900"
"201900003926";"18";"9";"2019";"15:50";"1";"2B";"2B037";"2";"3";"1";"3";"TOUTES RUES";"42,5958000";"9,4420600"
"201900003927";"17";"9";"2019";"17:30";"1";"91";"91223";"1";"4";"1";"7";"SACLAS (ROUTE DE)";"48,4177700";"2,1483100"
"201900003928";"13";"9";"2019";"21:17";"4";"89";"89387";"2";"1";"1";"3";"GEORGES POMPIDOU (AVENUE)";"48,2103896";"3,2763398"
"201900003929";"17";"9";"2019";"14:25";"1";"87";"87085";"2";"2";"1";"3";"PERRIN (RUE FRANCOIS)";"45,8293600";"1,2447000"
"201900003930";"16";"9";"2019";"18:48";"1";"87";"87085";"2";"2";"1";"3";"MONTJOVIS (AVENUE)";"45,8372800";"1,2490600"
"201900003931";"18";"9";"2019";"08:20";"1";"83";"83129";"2";"9";"1";"3";"MER (AVENUE DE LA) N°IMPAIRS";"43,1034000";"5,8198000"
"201900003932";"16";"9";"2019";"16:45";"1";"83";"83129";"2";"1";"1";"6";"FONT DE FILLOL (RC ET T)";"43,0941200";"5,8319500"
"201900003933";"15";"9";"2019";"18:40";"1";"83";"83061";"1";"1";"1";"1";"N7";"43,5029050";"6,7861820"
"201900003934";"17";"9";"2019";"17:35";"1";"80";"80021";"2";"1";"1";"2";"FRANKLIN ROOSEVELT (RUE)";"49,9153600";"2,2955200"
"201900003935";"2";"8";"2019";"16:20";"1";"78";"78498";"2";"1";"1";"3";"ROBESPIERRE BD";"48,9330550";"2,0452770"
"201900003936";"16";"9";"2019";"19:25";"1";"77";"77335";"1";"1";"1";"7";"RN3 (ROUTE NATIONALE)";"48,9586700";"2,8369100"
"201900003937";"14";"9";"2019";"15:00";"1";"71";"71270";"2";"1";"1";"1";"BEAUJOLAIS (RUE DU)";"46,2886470";"4,8036080"
"201900003938";"14";"9";"2019";"22:50";"5";"71";"71270";"2";"6";"1";"3";"Rue du 28 Juin 1944-place Gardon";"46,3094000";"4,8374000"
"201900003939";"17";"9";"2019";"18:20";"1";"67";"67482";"2";"1";"1";"6";"MILAN (RUE DE)";"48,5768730";"7,7673730"
"201900003940";"17";"9";"2019";"17:35";"1";"67";"67482";"2";"3";"8";"3";"AUBERGE DE JEUNESSE (RUE DE L )";"48,5737530";"7,7185340"
"201900003941";"12";"9";"2019";"17:55";"1";"67";"67180";"2";"1";"1";"6";"MARCHE AUX GRAINS (RUE DU)";"48,8137500";"7,7918700"
"201900003942";"18";"9";"2019";"10:05";"1";"66";"66136";"1";"1";"1";"4";"Départementale 914";"42,6653200";"2,9178500"
"201900003943";"16";"9";"2019";"18:40";"1";"66";"66136";"2";"1";"1";"1";"Georges Lavall";"42,6779900";"2,9053500"
"201900003944";"18";"9";"2019";"05:35";"5";"64";"64445";"2";"2";"2";"3";"CHAMPETIER DE RIBES";"43,3032340";" -0,3785096"
"201900003945";"17";"9";"2019";"17:20";"1";"64";"64102";"2";"1";"1";"3";"HENRI DE NAVARRE (AVENUE)";"43,5039636";" -1,4465854"
"201900003946";"16";"9";"2019";"15:40";"1";"64";"64024";"2";"3";"1";"6";"CADRAN (ALLEE)";"43,4825842";" -1,5051950"
"201900003947";"14";"9";"2019";"23:00";"5";"62";"62498";"2";"2";"1";"3";"BETHUNE (RTE DE)";"50,4431200";"2,8030200"
"201900003948";"18";"9";"2019";"12:20";"1";"62";"62193";"2";"2";"1";"3";"CURIE (BOULEVARD)";"50,9396200";"1,8610600"
"201900003949";"18";"9";"2019";"20:55";"3";"59";"59299";"1";"1";"1";"5";"CD 700";"50,6575600";"3,2125400"
"201900003950";"7";"9";"2019";"17:45";"1";"59";"59350";"2";"9";"1";"3";"LAMBRET OSCAR AVENUE";"50,6164100";"3,0344000"
"201900003951";"16";"9";"2019";"07:37";"1";"57";"57672";"2";"3";"1";"3";"GENERAL DE CASTELNAU (RUE DU)";"49,3533900";"6,1615800"
"201900003952";"18";"9";"2019";"13:50";"1";"56";"56260";"2";"3";"1";"2";"PONTIVY(BOULEVARD DE)";"47,6706600";" -2,7705200"
"201900003953";"17";"9";"2019";"17:10";"1";"56";"56121";"2";"2";"1";"3";"KERJULAUDE ( RUE DE )";"47,7438357";" -3,3810682"
"201900003954";"18";"9";"2019";"19:10";"2";"54";"54304";"2";"4";"7";"3";"RESISTANCE (AV. DE LA -IMPAIR-)";"48,6939350";"6,1352770"
"201900003955";"18";"9";"2019";"07:00";"2";"54";"54578";"2";"1";"1";"3";"LECLERC (AVENUE DU GENERAL)";"48,6760770";"6,1533280"
"201900003956";"18";"9";"2019";"19:00";"1";"51";"51454";"2";"1";"1";"3";"AVENUE D'EPERNAY";"49,2447137";"4,0124819"
"201900003957";"18";"9";"2019";"08:40";"1";"51";"51055";"2";"6";"1";"7";"ROUTE DE LA NEUVILLETTE";"49,2868200";"4,0281600"
"201900003958";"17";"9";"2019";"11:35";"1";"51";"51454";"2";"6";"1";"3";"PLACE DU SOUVENIR FRANCAIS";"49,2692435";"4,0705321"
"201900003959";"18";"9";"2019";"07:15";"5";"49";"49099";"2";"7";"1";"3";"OLDENBURG (PLACE D')";"47,0736800";" -0,8432700"
"201900003960";"17";"9";"2019";"13:25";"1";"49";"49099";"1";"1";"1";"1";"BENESTIERE (RUE DE LA)";"47,0363200";" -0,8756100"
"201900003961";"16";"9";"2019";"13:46";"1";"49";"49007";"2";"1";"1";"3";"GIRAN  OLIVIER PLACE";"47,4748800";" -0,5424500"
"201900003962";"13";"9";"2019";"16:06";"1";"47";"47001";"2";"2";"1";"3";"CARNOT (BD DU PRESIDENT)";"44,2042607";"0,6207031"
"201900003963";"16";"9";"2019";"10:15";"1";"46";"46042";"2";"2";"1";"5";"ORMEAUX (COTE DES)";"44,4639300";"1,4286000"
"201900003964";"18";"9";"2019";"13:09";"1";"45";"45234";"2";"1";"1";"6";"BD MARIE STUART";"47,9114000";"1,9282600"
"201900003965";"13";"9";"2019";"02:45";"3";"45";"45004";"1";"1";"1";"7";"RD 2060 - RIC Environnement";"48,0041545";"2,7960510"
"201900003966";"18";"9";"2019";"10:50";"1";"44";"44109";"2";"1";"1";"6";"BOULEVARD DE DOULON";"47,2257500";" -1,5225400"
"201900003967";"18";"9";"2019";"18:34";"1";"37";"37261";"2";"3";"1";"3";"COPPEE (RUE FRANCOIS)";"47,4269157";"0,6902293"
"201900003968";"18";"9";"2019";"15:38";"1";"37";"37261";"2";"1";"1";"6";"TONNELLE (BOULEVARD)";"47,3809387";"0,6681232"
"201900003969";"18";"9";"2019";"13:59";"1";"37";"37261";"2";"1";"1";"7";"FOUQUET (RUE JEHAN)";"47,3862001";"0,6840291"
"201900003970";"18";"9";"2019";"17:30";"1";"35";"35051";"2";"3";"1";"3";"RENAUDIERE (AVENUE DE LA)";"48,1177600";" -1,6320400"
"201900003971";"18";"9";"2019";"07:35";"1";"35";"35238";"1";"1";"1";"6";"RN136";"48,0826360";" -1,6445490"
"201900003972";"16";"9";"2019";"20:30";"5";"34";"34032";"2";"9";"1";"2";"DEVEZE (AV DE LA)";"43,3311300";"3,2445200"
"201900003973";"17";"9";"2019";"11:00";"1";"33";"33032";"2";"1";"1";"6";"Parking centre commercial rue camille Jullian";"44,9021800";" -0,5089000"
"201900003974";"16";"9";"2019";"11:45";"1";"33";"33192";"2";"3";"1";"1";"ALL DE GASCOGNE";"44,7728800";" -0,6010100"
"201900003975";"17";"9";"2019";"13:55";"1";"32";"32013";"1";"1";"1";"7";"AGEN (ROUTE D')";"43,6995300";"0,6119200"
"201900003976";"18";"9";"2019";"06:40";"3";"31";"31149";"2";"1";"1";"3";"Bd VICTOR HUGO";"43,6147500";"1,3102600"
"201900003977";"17";"9";"2019";"21:45";"4";"31";"31555";"2";"1";"1";"3";"AV SALVADOR DALI";"43,6248800";"1,4059500"
"201900003978";"18";"9";"2019";"17:48";"1";"29";"29232";"1";"1";"1";"2";"CNO";"48,0232100";" -4,1039200"
"201900003979";"18";"9";"2019";"17:48";"1";"25";"25056";"2";"2";"1";"6";"DENFERT ROCHEREAU AVENUE";"47,2440500";"6,0270700"
"201900003980";"18";"9";"2019";"16:00";"1";"14";"14327";"2";"9";"1";"3";"COLOMBELLES CD226 (ROUTE DE)";"49,2068600";" -0,3156400"
"201900003981";"18";"9";"2019";"12:05";"1";"14";"14341";"2";"1";"1";"3";"NOBEL (RUE  ALFRED)";"49,1486700";" -0,3401100"
"201900003982";"18";"9";"2019";"15:00";"1";"13";"13210";"2";"3";"1";"3";"OCTROI (BOULEVARD DE L')";"43,2816119";"5,4256460"
"201900003983";"18";"9";"2019";"07:00";"2";"13";"13209";"2";"1";"1";"2";"SAINTE MARGUERITE (BOULEVARD)";"43,2632590";"5,4112010"
"201900003984";"17";"9";"2019";"16:00";"1";"13";"13210";"2";"1";"1";"4";"MAURIAC (RUE)";"43,2682600";"5,4260900"
"201900003985";"17";"9";"2019";"10:50";"1";"11";"11262";"2";"1";"1";"2";"POMPIDOR (AVENUE)";"43,1858100";"2,9752900"
"201900003986";"18";"9";"2019";"23:45";"5";"6";"06069";"1";"9";"1";"7";"MOULIN DE BRUN (CHEMIN ET TRAVERSE DU)";"43,6593180";"6,9464650"
"201900003987";"18";"9";"2019";"21:05";"5";"75";"75113";"2";"1";"1";"4";"BD PERIPHERIQUE EXTERIEUR";"48,8168838";"2,3483035"
"201900003988";"18";"9";"2019";"18:30";"2";"75";"75116";"2";"1";"1";"4";"BD PERIPHERIQUE EXTERIEUR";"48,8577694";"2,2596109"
"201900003989";"18";"9";"2019";"14:45";"1";"75";"75112";"2";"1";"1";"3";"BD PERIPHERIQUE EXTERIEUR";"48,8422250";"2,4138630"
"201900003990";"18";"9";"2019";"09:00";"1";"75";"75117";"2";"4";"1";"7";"BD PERIPHERIQUE EXTERIEUR";"48,8845335";"2,2858635"
"201900003991";"17";"9";"2019";"18:15";"1";"75";"75115";"2";"1";"1";"4";"BD PERIPHERIQUE INTERIEUR";"48,8310530";"2,2841260"
"201900003992";"17";"9";"2019";"12:00";"1";"75";"75116";"2";"1";"1";"3";"BD PERIPHERIQUE INTERIEUR";"48,8712005";"2,2732097"
"201900003993";"17";"9";"2019";"00:45";"5";"75";"75120";"2";"4";"1";"6";"BD PERIPHERIQUE INTERIEUR";"48,8685188";"2,4132369"
"201900003994";"18";"9";"2019";"11:18";"1";"75";"75119";"2";"2";"1";"6";"AVENUE JEAN JAURES";"48,8877950";"2,3892880"
"201900003995";"18";"9";"2019";"09:20";"1";"75";"75119";"2";"3";"1";"6";"AVENUE JEAN JAURES";"48,8842590";"2,3759370"
"201900003996";"18";"9";"2019";"18:46";"1";"75";"75118";"2";"2";"1";"6";"AVENUE DE LA PORTE DE LA CHAPELLE";"48,8986947";"2,3590063"
"201900003997";"18";"9";"2019";"07:00";"2";"75";"75117";"2";"1";"1";"6";"RUE ANDRE BRECHET";"48,8989160";"2,3256900"
"201900003998";"18";"9";"2019";"13:40";"1";"75";"75116";"2";"7";"1";"2";"PLACE DU TROCADERO";"48,8633010";"2,2866610"
"201900003999";"18";"9";"2019";"19:45";"2";"75";"75115";"2";"1";"1";"2";"RUE LEBLANC";"48,8398460";"2,2725400"
"201900004000";"18";"9";"2019";"19:45";"2";"75";"75106";"2";"2";"1";"6";"BOULEVARD DU MONTPARNASSE";"48,8431195";"2,3264303"
"201900004001";"18";"9";"2019";"16:25";"1";"75";"75115";"2";"2";"1";"3";"RUE MARMONTEL";"48,8367520";"2,2995440"
"201900004002";"18";"9";"2019";"17:00";"1";"75";"75111";"2";"3";"1";"6";"RUE ALPHONSE BAUDIN";"48,8609850";"2,3703110"
"201900004003";"18";"9";"2019";"20:00";"2";"75";"75108";"2";"2";"1";"3";"RUE PIERRE CHARRON";"48,8692386";"2,3027730"
"201900004004";"18";"9";"2019";"11:30";"1";"94";"94067";"2";"1";"1";"6";"GENERAL DE GAULLE (AV DU)";"48,8456700";"2,4177400"
"201900004005";"18";"9";"2019";"17:45";"1";"94";"94078";"2";"9";"1";"3";"WINSTON CHURCHILL (AV)";"48,7539970";"2,4495300"
"201900004006";"18";"9";"2019";"19:50";"2";"94";"94076";"2";"1";"1";"6";"EDOUARD VAILLANT (R)";"48,7900000";"2,3400000"
"201900004007";"18";"9";"2019";"09:30";"1";"94";"94033";"2";"5";"1";"6";"25 AOUT 1944 (BD DU)";"48,8473400";"2,4786700"
"201900004008";"17";"9";"2019";"22:40";"5";"94";"94028";"2";"1";"1";"1";"CODOS.(RUE PAUL)";"48,7747000";"2,4696000"
"201900004009";"17";"9";"2019";"11:30";"1";"94";"94028";"2";"9";"1";"2";"ARCOS.(RUE RENE)";"48,7774600";"2,4585400"
"201900004010";"18";"9";"2019";"12:20";"1";"94";"94071";"2";"4";"1";"3";"BOISSY (R DE)";"48,7649300";"2,5250000"
"201900004011";"16";"9";"2019";"19:15";"1";"94";"94002";"2";"1";"1";"4";"EMILE ZOLA (R)";"48,7981400";"2,4202500"
"201900004012";"18";"9";"2019";"10:30";"1";"93";"93073";"2";"1";"7";"2";"CHAPIT RE ( RUE DU)";"49,0035920";"2,5367900"
"201900004013";"18";"9";"2019";"19:30";"2";"93";"93005";"1";"9";"1";"2";"ANDRE CITROEN (BOULEVARD)";"48,9584270";"2,4853750"
"201900004014";"17";"9";"2019";"11:30";"1";"93";"93066";"2";"1";"1";"6";"LENINE (AVENUE) NR 28 A 62 ET 13 A 41";"48,9380380";"2,3684320"
"201900004015";"18";"9";"2019";"08:49";"1";"93";"93055";"2";"9";"1";"3";"COURTILLIERES(PARC)";"48,9143500";"2,4102300"
"201900004016";"18";"9";"2019";"12:00";"1";"93";"93048";"2";"6";"1";"2";"JACQUES DUCLOS (RUE)";"48,8581000";"2,4366000"
"201900004017";"1";"6";"2019";"18:10";"1";"93";"93046";"2";"1";"7";"6";"MONTESQUIEU AVENUE";"48,9239320";"2,5296050"
"201900004018";"18";"9";"2019";"18:20";"1";"93";"93063";"2";"1";"1";"2";"PARAT RUE DU DOCTEUR";"48,8919170";"2,4375200"
"201900004019";"18";"9";"2019";"13:50";"1";"93";"93063";"2";"9";"1";"3";"ETHIS RUE MARCEL";"48,8775300";"2,4436400"
"201900004020";"18";"9";"2019";"19:40";"5";"92";"92075";"2";"2";"1";"3";"SADI CARNOT (RUE)";"48,8219710";"2,2892180"
"201900004021";"17";"9";"2019";"19:30";"2";"92";"92073";"2";"1";"1";"6";"JAURES (AVENUE JEAN)";"48,8645810";"2,2074000"
"201900004022";"18";"9";"2019";"19:00";"1";"92";"92064";"2";"1";"1";"2";"PARC SAINT CLOUD";"48,8409930";"2,2148180"
"201900004023";"18";"9";"2019";"15:45";"1";"92";"92051";"2";"1";"1";"2";"GENERAL LECLERC (BOULEVARD DU N° 29 A 65";"48,8912300";"2,2629500"
"201900004024";"18";"9";"2019";"08:45";"1";"92";"92020";"2";"1";"1";"3";"FONTENAY RUE DE AUTRES N°";"48,7969400";"2,2857200"
"201900004025";"17";"9";"2019";"14:20";"1";"92";"92036";"2";"6";"1";"3";"PRINCIPALE DU PORT (ROUTE) (1/17)";"48,9417600";"2,2951300"
"201900004026";"17";"9";"2019";"09:50";"1";"92";"92004";"2";"1";"1";"5";"BAS ( RUE DES )";"48,9160718";"2,2946310"
"201900004027";"18";"9";"2019";"12:20";"1";"92";"92004";"2";"3";"1";"3";"BAS ( RUE DES )";"48,9149305";"2,2959561"
"201900004028";"18";"9";"2019";"16:25";"1";"92";"92002";"2";"1";"7";"6";"RENE BARTHELEMY (RUE)";"48,7539986";"2,3074982"
"201900004029";"19";"9";"2019";"08:00";"1";"50";"50541";"1";"1";"7";"4";"Le Haut Theil";"48,8373730";" -1,5231020"
"201900004030";"18";"9";"2019";"18:15";"1";"74";"74118";"1";"1";"1";"2";"130 Chemin de sous Rossy";"46,1783622";"6,2240052"