"Num_Acc";"jour";"mois";"an";"hrmn";"lum";"dep";"com";"agg";"int";"atm";"col";"adr";"lat";"long"
"201900004031";"13";"9";"2019";"14:55";"1";"60";"60007";"2";"9";"1";"1";"Avenue Philippe Courtial";"49,3921880";"2,3743850"
"201900004032";"9";"8";"2019";"00:50";"3";"28";"28018";"1";"1";"1";"6";"Autoroute A11, pk 114.000 sens province-Pris";"48,2029810";"0,8931990"
"201900004033";"19";"9";"2019";"16:25";"1";"68";"68289";"2";"1";"7";"7";"Rue de la Chapelle";"47,8261090";"7,3504650"
"201900004034";"17";"9";"2019";"09:40";"1";"59";"59309";"2";"1";"1";"7";"Rue de Furnes";"50,9840600";"2,5901680"
"201900004035";"19";"9";"2019";"18:45";"1";"72";"72200";"1";"1";"1";"1";"carrefour de la rue du belinos et de la roue de TELOCHE";"47,8943440";"0,1972590"
"201900004036";"18";"9";"2019";"12:35";"1";"85";"85109";"2";"6";"1";"3";"Rue du Baron Pierre de Coubertin";"46,8620600";" -1,0160680"
"201900004037";"19";"9";"2019";"07:00";"2";"57";"57108";"1";"1";"1";"1";"Route départementale 162 D PK 001+400";"49,1437430";"7,4310680"
"201900004038";"19";"9";"2019";"10:30";"1";"74";"74309";"2";"1";"1";"1";"Route de la Cote";"46,1140490";"6,0423020"
"201900004039";"19";"9";"2019";"05:40";"3";"79";"79268";"1";"1";"1";"6";"N/A";"46,7841960";" -0,1851160"
"201900004040";"18";"9";"2019";"17:30";"1";"31";"31150";"2";"1";"1";"5";"41 route de Toulouse";"43,6510790";"1,3373730"
"201900004041";"18";"9";"2019";"16:45";"1";"2B";"2B341";"1";"1";"2";"7";"route territoriale 20";"42,2320320";"9,1722690"
"201900004042";"15";"9";"2019";"10:40";"1";"2B";"2B207";"1";"1";"1";"3";"RT10 FOLELLI";"42,4402200";"9,5104930"
"201900004043";"19";"9";"2019";"09:13";"1";"81";"81013";"1";"2";"1";"6";"Carrefour RD903 et RD94";"44,0097260";"2,2934474"
"201900004044";"19";"9";"2019";"14:20";"1";"32";"32256";"1";"1";"1";"1";"RN 21 PK 69+570";"43,5335640";"0,4320510"
"201900004045";"17";"9";"2019";"19:34";"1";"71";"71109";"1";"3";"1";"3";"RD 974B - PR 4 - Les Garruches";"46,9039979";"4,7058541"
"201900004046";"19";"9";"2019";"17:00";"1";"89";"89368";"2";"1";"7";"6";"Route de Toucy";"47,6209830";"3,1925080"
"201900004047";"18";"9";"2019";"12:20";"1";"61";"61096";"1";"3";"1";"3";"D849";"48,5181180";" -0,4208720"
"201900004048";"19";"9";"2019";"07:35";"2";"49";"49290";"2";"1";"1";"6";"D751";"47,4022310";" -0,4633150"
"201900004049";"18";"9";"2019";"12:10";"1";"42";"42015";"1";"1";"1";"1";"D50";"46,1711690";"4,3752730"
"201900004050";"15";"9";"2019";"21:10";"3";"22";"22222";"1";"1";"1";"6";"route du palus";"48,6749020";" -2,8979520"
"201900004051";"18";"9";"2019";"08:40";"1";"39";"39458";"1";"2";"7";"3";"N/A";"46,6162860";"5,6094790"
"201900004052";"16";"9";"2019";"06:15";"2";"25";"25413";"1";"1";"1";"3";"D389";"46,6816950";"6,1862360"
"201900004053";"18";"9";"2019";"17:20";"1";"44";"44098";"1";"1";"1";"3";"Rue du Plessis la Croix d'Haut";"47,5011020";" -2,1330230"
"201900004054";"19";"9";"2019";"09:45";"1";"2";"02656";"1";"1";"7";"2";"CD 22";"49,3811420";"3,8288310"
"201900004055";"18";"9";"2019";"18:45";"2";"1";"01246";"2";"1";"1";"6";"Impasse de la Brasserie";"46,2341494";"5,0468948"
"201900004056";"18";"9";"2019";"21:20";"3";"72";"72022";"1";"1";"1";"3";"Le Jardin";"47,7637340";" -0,1934740"
"201900004057";"18";"9";"2019";"19:05";"1";"60";"60509";"2";"3";"1";"1";"rue louis boilet";"49,3003579";"2,6038163"
"201900004058";"18";"9";"2019";"18:35";"1";"60";"60632";"1";"1";"7";"7";"D82";"49,5661992";"2,8997021"
"201900004059";"19";"9";"2019";"15:50";"1";"64";"64320";"1";"1";"1";"1";"RD 934 - Entre EAUX CHAUDES et GABAS PR 38+100";"42,9868858";" -0,4274073"
"201900004060";"19";"9";"2019";"07:20";"2";"64";"64371";"2";"1";"8";"2";"34 Rue de la Navarre";"43,2152791";" -0,8962425"
"201900004061";"9";"7";"2019";"08:55";"1";"17";"17306";"2";"1";"1";"3";"PERCHE (DE LA) (BD)";"45,6311000";" -1,0407500"
"201900004062";"9";"7";"2019";"15:20";"1";"17";"17300";"2";"3";"1";"3";"RONDEAU   BOULEVARD ARISTIDE";"46,1581900";" -1,1869200"
"201900004063";"9";"7";"2019";"20:10";"1";"14";"14118";"2";"1";"1";"6";"DELIVRANDE (RUE DE LA)";"49,1949600";" -0,3598700"
"201900004064";"9";"7";"2019";"08:00";"1";"10";"10081";"2";"2";"1";"6";"JULES FERRY (RUE)";"48,3290500";"4,0533100"
"201900004065";"9";"7";"2019";"11:30";"1";"6";"06104";"2";"1";"2";"7";"SERRET (AVENUE DU)";"43,7575000";"7,4477000"
"201900004066";"9";"7";"2019";"06:50";"1";"6";"06104";"2";"1";"1";"2";"VERDUN (AVENUE DE, N° 131 ET +)";"43,7618116";"7,4707979"
"201900004067";"9";"7";"2019";"18:18";"1";"6";"06029";"2";"1";"1";"3";"FERRAGE (BOULEVARD DE LA)";"43,5533591";"7,0144045"
"201900004068";"9";"7";"2019";"11:00";"1";"6";"06029";"2";"1";"1";"6";"ESTEREL (BOULEVARD DE L')";"43,5594000";"6,9729000"
"201900004069";"9";"7";"2019";"08:55";"1";"5";"05023";"2";"1";"1";"6";"CASTRES (RUE DE)";"44,8995900";"6,6439400"
"201900004070";"8";"7";"2019";"11:30";"1";"2";"02738";"2";"3";"1";"3";"RAYMOND POINCARE";"49,6560600";"3,3196700"
"201900004071";"9";"7";"2019";"17:30";"1";"75";"75114";"2";"4";"1";"2";"PORTE D ORLEANS";"48,8208100";"2,3217210"
"201900004072";"9";"7";"2019";"17:45";"1";"75";"75117";"2";"1";"1";"3";"BD PERIPHERIQUE INTERIEUR";"48,8784540";"2,2809900"
"201900004073";"8";"7";"2019";"08:20";"1";"75";"75118";"2";"4";"1";"2";"PORTE DE LA CHAPELLE";"48,9009120";"2,3598440"
"201900004074";"9";"7";"2019";"01:03";"5";"75";"75109";"2";"1";"1";"6";"RUE DU FAUBOURG MONTMARTRE";"48,8719000";"2,3431500"
"201900004075";"8";"7";"2019";"00:38";"5";"75";"75108";"2";"2";"1";"5";"AVENUE HOCHE";"48,8765490";"2,3016770"
"201900004076";"9";"7";"2019";"17:00";"1";"75";"75106";"2";"4";"1";"3";"BOULEVARD RASPAIL";"48,8450530";"2,3287870"
"201900004077";"9";"7";"2019";"12:30";"1";"75";"75105";"2";"1";"1";"6";"RUE DE PONTOISE";"48,8489430";"2,3513170"
"201900004078";"9";"7";"2019";"09:50";"1";"75";"75106";"2";"1";"1";"6";"RUE DE VAUGIRARD";"48,8482720";"2,3312110"
"201900004079";"9";"7";"2019";"09:40";"1";"75";"75106";"2";"1";"1";"3";"BOULEVARD SAINT MICHEL";"48,8415800";"2,3376470"
"201900004080";"9";"7";"2019";"19:12";"1";"75";"75119";"2";"3";"1";"6";"RUE DE KABYLIE";"48,8842990";"2,3675490"
"201900004081";"9";"7";"2019";"19:32";"1";"75";"75118";"2";"3";"1";"3";"RUE MARX DORMOY";"48,8890640";"2,3599020"
"201900004082";"9";"7";"2019";"16:40";"1";"75";"75118";"2";"1";"1";"3";"RUE DU POTEAU";"48,8934780";"2,3426060"
"201900004083";"9";"7";"2019";"14:45";"1";"75";"75117";"2";"2";"1";"3";"AVENUE DE LA PORTE DE CLICHY";"48,8944610";"2,3134770"
"201900004084";"9";"7";"2019";"13:50";"1";"75";"75117";"2";"1";"1";"6";"BOULEVARD PEREIRE";"48,8879470";"2,3080330"
"201900004085";"9";"7";"2019";"09:45";"1";"75";"75117";"2";"1";"1";"3";"BOULEVARD GOUVION SAINT CYR";"48,8838790";"2,2889720"
"201900004086";"9";"7";"2019";"10:00";"1";"75";"75115";"2";"1";"1";"2";"RUE PAUL BARRUEL";"48,8397650";"2,3046320"
"201900004087";"8";"7";"2019";"19:00";"1";"75";"75115";"2";"2";"1";"3";"QUAI ANDRE CITROEN";"48,8491060";"2,2818970"
"201900004088";"8";"7";"2019";"09:00";"1";"75";"75115";"2";"1";"1";"3";"BOULEVARD LEFEBVRE";"48,8313870";"2,2915770"
"201900004089";"8";"7";"2019";"08:10";"1";"75";"75115";"2";"3";"1";"6";"RUE DE LA CROIX NIVERT";"48,8437400";"2,2958780"
"201900004090";"9";"7";"2019";"19:10";"1";"75";"75114";"2";"5";"1";"3";"BOULEVARD DU MONTPARNASSE";"48,8419260";"2,3295890"
"201900004091";"9";"7";"2019";"10:56";"1";"75";"75106";"2";"7";"1";"6";"PLACE DU DIX HUIT JUIN 1940";"48,8438010";"2,3243130"
"201900004092";"8";"7";"2019";"12:15";"1";"75";"75114";"2";"3";"1";"6";"RUE FURTADO HEINE";"48,8303830";"2,3196830"
"201900004093";"9";"7";"2019";"13:20";"1";"75";"75113";"2";"3";"1";"3";"BOULEVARD MASSENA";"48,8234340";"2,3750580"
"201900004094";"9";"7";"2019";"11:05";"1";"75";"75109";"2";"2";"1";"6";"RUE DU FAUBOURG MONTMARTRE";"48,8751010";"2,3410220"
"201900004095";"8";"7";"2019";"12:00";"1";"75";"75109";"2";"7";"7";"6";"PLACE PIGALLE";"48,8823280";"2,3369710"
"201900004096";"9";"7";"2019";"10:25";"1";"75";"75108";"2";"4";"1";"2";"AVENUE DES CHAMPS ELYSEES";"48,8714060";"2,3022920"
"201900004097";"9";"7";"2019";"10:00";"1";"75";"75103";"2";"2";"1";"3";"BOULEVARD DES FILLES DU CALVAIRE";"48,8624750";"2,3668910"
"201900004098";"9";"7";"2019";"13:15";"1";"75";"75101";"2";"1";"1";"6";"PLACE DU MARCHE SAINT HONORE";"48,8664910";"2,3319310"
"201900004099";"9";"7";"2019";"09:50";"1";"94";"94042";"2";"1";"1";"6";"VERDUN (PL DE)";"48,8201400";"2,4737700"
"201900004100";"9";"7";"2019";"18:50";"1";"94";"94016";"2";"2";"1";"3";"SAUSSAIES (R DES)";"48,7879600";"2,3337700"
"201900004101";"9";"7";"2019";"15:45";"1";"94";"94003";"2";"7";"1";"3";"ARISTIDE BRIAND (AV)";"48,8102400";"2,3269000"
"201900004102";"9";"7";"2019";"09:00";"1";"94";"94073";"1";"1";"1";"7";"RD 86";"48,7607654";"2,3996018"
"201900004103";"9";"7";"2019";"08:15";"1";"94";"94028";"2";"6";"7";"7";"POMPADOUR(ROUTE DE LA)";"48,7692100";"2,4616900"
"201900004104";"9";"7";"2019";"16:10";"1";"94";"94022";"2";"1";"1";"2";"VICTOR HUGO (AV)";"48,7688174";"2,4211282"
"201900004105";"9";"7";"2019";"06:55";"1";"94";"94018";"2";"1";"1";"3";"CARRIERES (QU DES)";"48,8178300";"2,4191900"
"201900004106";"9";"7";"2019";"20:20";"1";"94";"94002";"2";"1";"1";"6";"RAYMOND JACLARD (R)";"48,8049100";"2,4218000"
"201900004107";"9";"7";"2019";"18:30";"1";"93";"93048";"2";"1";"1";"5";"PARIS (RUE DE)";"48,8572700";"2,4305100"
"201900004108";"8";"7";"2019";"22:00";"5";"93";"93063";"2";"2";"1";"3";"PARAT RUE DU DOCTEUR";"48,8933100";"2,4374200"
"201900004109";"8";"7";"2019";"07:20";"1";"93";"93079";"2";"1";"1";"5";"JEAN BAPTISTE CLEMENT";"48,9540000";"2,3382100"
"201900004110";"8";"7";"2019";"16:00";"1";"93";"93027";"2";"1";"1";"1";"ROCHET (RUE WALDECK)";"48,9417200";"2,4102000"
"201900004111";"9";"7";"2019";"07:45";"1";"93";"93008";"2";"1";"7";"6";"VAILLANT COUTURIER (AVENUE PAUL)";"48,9077280";"2,4550775"
"201900004112";"9";"7";"2019";"00:30";"5";"93";"93007";"2";"3";"1";"1";"BRUXELLES (AVENUE DE)";"48,9307000";"2,4784000"
"201900004113";"9";"7";"2019";"05:50";"1";"93";"93005";"2";"6";"1";"6";"DROITS DE LHOMME (CARREFOUR DES)";"48,9455280";"2,5096280"
"201900004114";"7";"7";"2019";"20:00";"1";"92";"92072";"2";"1";"1";"3";"GRANDE RUE";"48,8215264";"2,2034948"
"201900004115";"7";"7";"2019";"19:05";"1";"92";"92063";"2";"3";"1";"2";"RICHELIEU (BOULEVARD)";"48,8705540";"2,1842100"
"201900004116";"7";"7";"2019";"01:40";"5";"92";"92063";"2";"2";"1";"3";"SOLFERINO (BOULEVARD)";"48,8763200";"2,1857800"
"201900004117";"6";"7";"2019";"15:10";"1";"92";"92063";"2";"2";"1";"3";"HOUTRAITS (RUE DES)";"48,8697100";"2,2053900"
"201900004118";"7";"7";"2019";"20:05";"1";"92";"92044";"2";"4";"1";"6";"TREZEL(RUE) 1A13 ET 2A10";"48,8943606";"2,2956479"
"201900004119";"9";"7";"2019";"08:45";"1";"92";"92040";"2";"1";"1";"3";"STALINGRAD (QUAI DE)";"48,8200180";"2,2433608"
"201900004120";"8";"7";"2019";"17:00";"1";"92";"92025";"2";"2";"1";"3";"CHARLES DE GAULLE (BD)";"48,9104167";"2,2347146"
"201900004121";"3";"7";"2019";"17:00";"1";"92";"92004";"2";"1";"1";"2";"LAURENT-CELY  ( AVENUE )";"48,9136400";"2,3106004"
"201900004122";"1";"7";"2019";"09:20";"1";"92";"92004";"2";"2";"1";"3";"GABRIEL PERI";"48,9048378";"2,2876346"
"201900004123";"29";"6";"2019";"19:40";"1";"92";"92004";"2";"1";"1";"6";"DOCTEUR DERVAUX  ( QUAI DU )";"48,9067823";"2,2909952"
"201900004124";"5";"7";"2019";"10:30";"1";"92";"92009";"2";"1";"1";"6";"VICTOR HUGO ( RUE )";"48,9195100";"2,2672300"
"201900004125";"3";"7";"2019";"15:10";"1";"92";"92004";"2";"3";"1";"3";"GRESILLONS ( AVENUE DES  )";"48,9132840";"2,2979310"
"201900004126";"9";"7";"2019";"18:00";"1";"62";"62812";"1";"2";"1";"3";"lieu dit la croix";"50,6199120";"2,0562390"
"201900004127";"10";"7";"2019";"14:00";"1";"95";"95094";"1";"9";"1";"2";"route de bouqueval";"49,0225270";"2,4156250"
"201900004128";"9";"7";"2019";"22:35";"3";"66";"66164";"1";"1";"1";"4";"autoroute A9 PK 241+400";"42,7785910";"2,8945400"
"201900004129";"8";"7";"2019";"19:25";"1";"9";"09090";"1";"1";"1";"6";"départementale d919";"43,0442760";"1,5280440"
"201900004130";"10";"7";"2019";"10:45";"1";"22";"22177";"2";"1";"1";"6";"2 Le Grand Chemin";"48,6339940";" -2,9419190"
"201900004131";"6";"7";"2019";"14:10";"1";"84";"84069";"1";"1";"1";"3";"D974";"44,1559430";"5,1474940"
"201900004132";"10";"7";"2019";"02:25";"3";"71";"71090";"1";"1";"1";"6";"autoroute A6 PK399.200";"46,2085580";"4,7829700"
"201900004133";"10";"7";"2019";"08:30";"1";"35";"35226";"1";"2";"1";"3";"Intersection D794 / D78";"48,4268440";" -1,8905970"
"201900004134";"8";"7";"2019";"08:10";"1";"46";"46201";"1";"1";"1";"7";"le Cayrel (Montcuq)";"44,3514540";"1,2018690"
"201900004135";"9";"7";"2019";"13:00";"1";"41";"41231";"1";"1";"1";"2";"Autoroute A71 - PK 152+300";"47,4562460";"2,0044480"
"201900004136";"10";"7";"2019";"10:15";"1";"65";"65340";"2";"3";"1";"3";"Route de Rabastens";"43,2786164";"0,1092397"
"201900004137";"10";"7";"2019";"17:05";"1";"72";"72200";"1";"1";"1";"3";"D323";"47,9035030";"0,1612550"
"201900004138";"9";"7";"2019";"07:00";"1";"67";"67405";"1";"1";"1";"1";"D468";"48,8276820";"8,0337530"
"201900004139";"10";"7";"2019";"09:45";"1";"30";"30191";"2";"1";"7";"6";"Avenue des Tavans";"44,1312020";"4,6687080"
"201900004140";"9";"7";"2019";"16:00";"1";"34";"34095";"1";"1";"2";"6";"D185";"43,5465210";"3,8172440"
"201900004141";"10";"7";"2019";"13:30";"1";"59";"59413";"2";"4";"1";"3";"rue Voltaire";"50,0913340";"3,4090260"
"201900004142";"9";"7";"2019";"04:15";"3";"19";"19057";"1";"1";"1";"6";"La Peyrague";"45,0570450";"1,6671790"
"201900004143";"6";"7";"2019";"11:20";"1";"19";"19262";"1";"1";"1";"7";"La chassgne";"45,5685550";"1,7396640"
"201900004144";"9";"7";"2019";"17:15";"1";"74";"74282";"2";"3";"1";"3";"Rue Saint-François de Sales (Thorens-Glières)";"45,9967240";"6,2467730"
"201900004145";"10";"7";"2019";"09:00";"1";"80";"80717";"1";"1";"1";"3";"RD 162";"49,7720730";"2,2631460"
"201900004146";"10";"7";"2019";"10:10";"1";"32";"32107";"2";"7";"1";"6";"Place Souvenir";"43,9566830";"0,3757000"
"201900004147";"10";"7";"2019";"13:58";"1";"63";"63271";"1";"1";"1";"6";"D44";"45,9471214";"3,4613800"
"201900004148";"9";"7";"2019";"14:30";"1";"12";"12288";"1";"1";"1";"7";"Malecourse";"44,4515860";"2,4327750"
"201900004149";"9";"7";"2019";"16:45";"1";"68";"68377";"1";"1";"1";"1";"route des grenouilles";"47,6118390";"7,2618950"
"201900004150";"9";"7";"2019";"17:33";"1";"68";"68138";"2";"3";"1";"6";"11 rue du Général de Gaulle";"47,5858520";"7,2544870"
"201900004151";"4";"7";"2019";"18:50";"1";"44";"44131";"2";"1";"1";"5";"rue de Nantes";"47,1129990";" -2,0893820"
"201900004152";"10";"7";"2019";"14:30";"1";"35";"35078";"1";"2";"7";"3";"L'Aumone";"48,6019070";" -1,7107820"
"201900004153";"7";"7";"2019";"19:30";"1";"35";"35023";"1";"2";"1";"2";"Tournebride";"48,2083890";" -1,9414420"
"201900004154";"10";"7";"2019";"18:40";"1";"38";"38144";"2";"1";"1";"1";"avenue du 8 mai 1945";"45,5911200";"5,0918900"
"201900004155";"10";"7";"2019";"11:00";"1";"38";"38504";"1";"1";"1";"7";"Route des Ramiettes";"45,3030300";"6,0179300"
"201900004156";"9";"7";"2019";"21:00";"2";"2";"02678";"2";"3";"1";"1";"Grand-Rue";"49,7197200";"4,0747590"
"201900004157";"9";"7";"2019";"17:05";"1";"2";"02608";"1";"2";"1";"3";"Hameau l'Épinette";"49,8377532";"4,0616007"
"201900004158";"10";"7";"2019";"04:05";"3";"1";"01328";"1";"1";"1";"3";"Route de Châtillon";"46,1186150";"5,0065170"
"201900004159";"10";"7";"2019";"06:50";"1";"72";"72177";"1";"1";"1";"3";"La Cornuère";"47,9244330";" -0,0742890"
"201900004160";"10";"7";"2019";"13:14";"1";"72";"72262";"1";"1";"1";"6";"le gué";"47,7461680";"0,6050010"
"201900004161";"10";"7";"2019";"21:10";"1";"14";"14024";"1";"9";"1";"3";"d163 route de la corniche";"49,3073590";" -0,0346860"
"201900004162";"10";"7";"2019";"17:02";"1";"50";"50304";"1";"1";"1";"6";"Rue de la Perrelle";"48,9442580";" -1,3880790"
"201900004163";"2";"7";"2019";"14:55";"1";"64";"64273";"1";"1";"1";"7";"départemetale 08";"43,2656850";" -1,2195710"
"201900004164";"10";"7";"2019";"08:50";"1";"53";"53013";"1";"1";"1";"7";"CD 121 PK 003.800";"48,3590300";" -0,2322320"
"201900004165";"10";"7";"2019";"08:55";"1";"85";"85246";"2";"1";"7";"6";"89 Rue Docteur Gauducheau";"46,7206200";" -1,1780100"
"201900004166";"5";"7";"2019";"16:35";"1";"37";"37053";"1";"1";"1";"6";"D21";"47,1371048";"0,9744315"
"201900004167";"10";"7";"2019";"12:40";"1";"30";"30276";"1";"1";"1";"7";"Route des Saintes-Mariés de la Mer";"43,5830900";"4,2450030"
"201900004168";"10";"7";"2019";"15:05";"1";"8";"08037";"1";"1";"1";"5";"RD8043";"49,8626070";"4,3578340"
"201900004169";"9";"7";"2019";"19:30";"3";"973";"97309";"2";"1";"1";"7";"Route des Plages";"4,8607820";" -52,2567610"
"201900004170";"9";"7";"2019";"11:45";"1";"971";"97134";"1";"1";"1";"3";"Boulevard Commandant Mortenol";"16,0577930";" -61,7620920"
"201900004171";"9";"7";"2019";"14:00";"1";"2B";"2B332";"1";"1";"1";"7";"D81";"42,6470210";"9,1014230"
"201900004172";"9";"7";"2019";"18:50";"1";"83";"83071";"2";"1";"1";"1";"Avenue des Collines Bleues";"43,1751170";"6,2834820"
"201900004173";"10";"7";"2019";"07:00";"1";"4";"04152";"1";"1";"1";"7";"Ch des plaines";"43,8068790";"5,7693280"
"201900004174";"9";"7";"2019";"17:20";"1";"4";"04242";"1";"1";"1";"5";"RD 4096";"43,8813720";"5,8505780"
"201900004175";"7";"7";"2019";"01:50";"5";"70";"70446";"2";"1";"1";"7";"17 Rue des Époux Blanchot";"47,4696740";"5,6229330"
"201900004176";"9";"7";"2019";"01:00";"3";"58";"58051";"2";"1";"1";"6";"Rue du 19 Mars 1962";"46,9516800";"3,1541790"
"201900004177";"9";"7";"2019";"19:20";"1";"55";"55427";"2";"3";"1";"6";"2 rue des chanoines rev";"48,8281010";"4,9832670"
"201900004178";"8";"7";"2019";"14:45";"1";"54";"54397";"2";"1";"1";"7";"94 Rue Pierre et Marie Curie";"48,6134900";"6,1186690"
"201900004179";"5";"7";"2019";"01:40";"5";"74";"74094";"2";"6";"1";"6";"Route des Chasseurs";"46,2040575";"6,2851270"
"201900004180";"9";"7";"2019";"18:15";"1";"73";"73150";"1";"3";"1";"3";"RD220 / RD86B";"45,5665981";"6,7152430"
"201900004181";"10";"7";"2019";"10:50";"1";"26";"26182";"1";"1";"1";"7";"Route départementale 538";"44,3323010";"5,1075100"
"201900004182";"9";"7";"2019";"17:50";"1";"1";"01262";"2";"1";"1";"3";"368 Faubourg de Lyon";"45,8485910";"5,0484310"
"201900004183";"10";"7";"2019";"14:20";"1";"33";"33077";"1";"1";"1";"6";"RD651";"44,5782700";" -0,6008700"
"201900004184";"9";"7";"2019";"15:00";"1";"33";"33487";"2";"1";"1";"3";"121 Avenue Gustave Eiffel";"44,9418850";" -0,4707440"
"201900004185";"10";"7";"2019";"01:00";"3";"33";"33376";"1";"1";"1";"6";"Route de Cujac";"44,9341350";" -0,7153360"
"201900004186";"10";"7";"2019";"10:20";"1";"44";"44110";"2";"6";"1";"2";"rond point des combattants";"47,4378460";" -1,4998950"
"201900004187";"9";"7";"2019";"19:10";"1";"13";"13071";"1";"1";"1";"2";"A55-Sens Martigues vers Marseille";"43,3725300";"5,3202030"
"201900004188";"9";"7";"2019";"11:45";"1";"13";"13056";"1";"1";"2";"2";"A55-Sens Martigues vers Marseille";"43,3994540";"5,0449070"
"201900004189";"9";"7";"2019";"09:25";"1";"13";"13216";"1";"1";"2";"6";"A55-Sens Marseille vers Martigues";"43,3636130";"5,3410180"
"201900004190";"9";"7";"2019";"09:35";"1";"13";"13071";"1";"1";"2";"4";"A7-Sens Marseille vers Lyon";"43,4036660";"5,3089060"
"201900004191";"8";"7";"2019";"17:15";"1";"69";"69091";"1";"1";"1";"2";"A47   1.809 A 5.620";"45,5791300";"4,7298100"
"201900004192";"8";"7";"2019";"12:10";"1";"57";"57137";"1";"1";"1";"7";"Autoroute A31";"48,9734300";"6,1043200"
"201900004193";"8";"7";"2019";"21:52";"2";"91";"91553";"1";"1";"1";"2";"RN 104";"48,6299370";"2,4841340"
"201900004194";"9";"7";"2019";"10:00";"1";"78";"78498";"1";"1";"1";"2";"A13";"48,9186120";"2,0051570"
"201900004195";"8";"7";"2019";"17:00";"1";"95";"95061";"1";"1";"1";"7";"RN 104";"49,0679500";"2,2546100"
"201900004196";"8";"7";"2019";"17:45";"1";"95";"95365";"1";"1";"1";"3";"RN 104";"49,0647700";"2,4103600"
"201900004197";"8";"7";"2019";"13:00";"1";"93";"93053";"1";"1";"1";"6";"AUTOROUTE A3";"48,8829200";"2,4574200"
"201900004198";"8";"7";"2019";"19:40";"1";"94";"94073";"1";"1";"1";"4";"A86 INT";"48,7629300";"2,3811500"
"201900004199";"25";"5";"2019";"07:15";"1";"972";"97213";"1";"1";"1";"5";"ROUTE DEPARTEMENTALE 3";"14,6383290";" -60,9917200"
"201900004200";"3";"7";"2019";"17:05";"1";"69";"69264";"2";"1";"1";"3";"EUROPE L'  AV DE";"45,9937400";"4,7417860"
"201900004201";"5";"7";"2019";"18:15";"1";"63";"63113";"2";"2";"1";"3";"DE GAULLE (BD CHARLES)";"45,7715838";"3,0832312"
"201900004202";"7";"7";"2019";"02:08";"5";"63";"63113";"2";"1";"1";"6";"ETATS-UNIS (AVENUE DES)";"45,7792840";"3,0815276"
"201900004203";"7";"7";"2019";"13:25";"1";"27";"27229";"2";"1";"1";"6";"ALLENDE (BOULEVARD DU PRESIDENT)";"49,0036403";"1,1485560"
"201900004204";"7";"7";"2019";"11:40";"1";"25";"25056";"2";"2";"1";"3";"DOLE RUE DE (entre 82 et 185)";"47,2294400";"5,9904300"
"201900004205";"3";"7";"2019";"19:40";"1";"21";"21231";"2";"1";"1";"6";"DOCTEUR JEAN VEILLET (BOULEVARD)";"47,3536400";"5,0531700"
"201900004206";"6";"7";"2019";"21:20";"1";"94";"94002";"2";"1";"1";"3";"MICOLON (R)";"48,8050700";"2,4146500"
"201900004207";"7";"7";"2019";"21:15";"2";"92";"92020";"2";"1";"1";"7";"DIVISION LECLERC AVENUE DE LA";"48,7972900";"2,2807300"
"201900004208";"7";"7";"2019";"12:30";"1";"94";"94034";"1";"1";"1";"4";"AUTOROUTE A86";"48,7580390";"2,3269550"
"201900004209";"7";"7";"2019";"00:10";"3";"93";"93029";"1";"1";"1";"7";"AUTOROUTE A86";"48,9226000";"2,4273000"
"201900004210";"6";"7";"2019";"21:50";"2";"93";"93005";"1";"1";"1";"2";"AUTOROUTE A3";"48,9284800";"2,4810300"
"201900004211";"9";"7";"2019";"01:25";"5";"69";"69386";"2";"3";"1";"3";"VIABERT (DE LA)                     (R )";"45,7663772";"4,8680022"
"201900004212";"8";"7";"2019";"14:25";"1";"69";"69383";"2";"1";"1";"6";"BONNAND                             (R )";"45,7503309";"4,8843636"
"201900004213";"8";"7";"2019";"11:20";"1";"69";"69387";"2";"1";"1";"6";"JEAN JAURES                         (AV)";"45,7262991";"4,8306110"
"201900004214";"8";"7";"2019";"06:10";"2";"69";"69383";"2";"2";"1";"7";"MARECHAL DE SAXE                    (AV)";"45,7549974";"4,8467571"
"201900004215";"8";"7";"2019";"08:45";"1";"69";"69387";"2";"1";"1";"6";"FELIX FAURE                         (AV)";"45,7521901";"4,8471574"
"201900004216";"7";"7";"2019";"11:10";"1";"972";"97213";"1";"1";"1";"7";"ROUTE DEPARTEMENTALE 3";"14,6349100";" -60,9914830"
"201900004217";"5";"7";"2019";"23:55";"5";"972";"97213";"1";"1";"1";"6";"ROUTE DEPARTEMENTALE 3";"14,6313500";" -60,9715400"
"201900004218";"7";"7";"2019";"23:05";"5";"972";"97209";"2";"1";"2";"2";"GENERAL DE GAULLE (BLD DU)";"14,6051200";" -61,0643800"
"201900004219";"8";"7";"2019";"19:00";"1";"69";"69389";"2";"9";"1";"3";"PAUL SEDAILLIAN                     (QU)";"45,7927100";"4,8209100"
"201900004220";"8";"7";"2019";"12:10";"1";"69";"69152";"2";"1";"1";"3";"EUROPE (DE L')                      (BD)";"45,6979800";"4,8246800"
"201900004221";"8";"7";"2019";"09:15";"1";"69";"69389";"2";"1";"1";"3";"ST CYR (DE)                         (R )";"45,7910100";"4,8084600"