"Num_Acc";"jour";"mois";"an";"hrmn";"lum";"dep";"com";"agg";"int";"atm";"col";"adr";"lat";"long"
"201900004222";"8";"7";"2019";"06:55";"1";"69";"69385";"2";"1";"1";"6";"TRION (DE)                          (R )";"45,7568400";"4,8160300"
"201900004223";"6";"7";"2019";"11:10";"1";"971";"97113";"2";"1";"1";"6";"BAS DU FORT";"16,2173800";" -61,5268500"
"201900004224";"28";"5";"2019";"14:43";"1";"971";"97107";"2";"6";"2";"3";"DUMANOIR ( ALLEE )";"16,0387300";" -61,5668050"
"201900004225";"5";"7";"2019";"08:53";"1";"91";"91339";"2";"1";"1";"4";"RN 20";"48,6350000";"2,2660000"
"201900004226";"6";"7";"2019";"12:14";"1";"87";"87085";"1";"1";"1";"7";"RN520";"45,8907400";"1,2762900"
"201900004227";"7";"7";"2019";"21:00";"2";"84";"84087";"2";"2";"1";"1";"TERRIER (RUE DU)";"44,1415100";"4,8136300"
"201900004228";"8";"7";"2019";"00:45";"5";"81";"81033";"2";"1";"1";"6";"BRUGAYRAC ( RUE DE )";"44,0326991";"2,1547057"
"201900004229";"6";"7";"2019";"15:35";"1";"80";"80702";"2";"1";"1";"3";"6, ROUTE DE SAINS";"49,8418100";"2,3117800"
"201900004230";"7";"7";"2019";"22:05";"1";"77";"77305";"2";"1";"1";"3";"COLLINE SAINT MARTIN (AVENUE DE LA)";"48,3949700";"2,9663000"
"201900004231";"7";"7";"2019";"12:40";"1";"76";"76540";"2";"3";"1";"3";"VERTE. RUE";"49,4528600";"1,0935000"
"201900004232";"6";"7";"2019";"17:00";"1";"76";"76540";"2";"1";"1";"2";"YSER. BOULEVARD DE L'";"49,4480700";"1,1016300"
"201900004233";"6";"7";"2019";"17:00";"1";"76";"76341";"1";"1";"1";"6";"RD 6015";"49,5161000";"0,2091000"
"201900004234";"6";"7";"2019";"21:15";"2";"76";"76351";"2";"3";"1";"3";"JEAN JAURES (AVENUE)";"49,5008400";"0,1782100"
"201900004235";"6";"7";"2019";"13:30";"1";"76";"76305";"2";"3";"1";"6";"ORCHER";"49,5034900";"0,2140200"
"201900004236";"5";"7";"2019";"11:50";"1";"67";"67482";"2";"3";"1";"3";"JEAN JAURES (AVENUE)";"48,5694610";"7,7630970"
"201900004237";"4";"7";"2019";"17:15";"1";"66";"66136";"2";"1";"1";"6";"LANGUEDOC (AVENUE DU CD 88)";"42,7327900";"2,8896800"
"201900004238";"4";"7";"2019";"16:30";"1";"66";"66136";"2";"1";"1";"5";"BELFORT AVENUE DE";"42,6884000";"2,8812800"
"201900004239";"6";"7";"2019";"03:40";"5";"64";"64102";"2";"1";"1";"7";"PAULMY (AVENUE DES ALLEES)";"43,4933016";" -1,4800516"
"201900004240";"6";"7";"2019";"00:05";"5";"64";"64024";"2";"6";"1";"6";"BUTTE AUX CAILLES (ROND POINT DE LA)";"43,4968000";" -1,5093800"
"201900004241";"7";"7";"2019";"11:50";"1";"62";"62048";"1";"1";"1";"6";"PARC DES LOISIRS";"50,5194742";"2,4463034"
"201900004242";"8";"7";"2019";"15:00";"1";"59";"59421";"2";"2";"1";"3";"CONGO (RUE DU)";"50,6959450";"3,1439640"
"201900004243";"8";"7";"2019";"05:05";"5";"56";"56260";"2";"1";"1";"6";"ESPALIERS DE LIMOGES(RUE DES)";"47,6510000";" -2,7512600"
"201900004244";"9";"2";"2019";"15:50";"1";"972";"97213";"1";"1";"1";"1";"PELLETIER (ROUTE DE)";"14,6569000";" -60,9773500"
"201900004245";"12";"2";"2019";"04:50";"3";"972";"97209";"2";"1";"2";"6";"RD 41 (ROCADE)";"14,6112700";" -61,0651800"
"201900004246";"10";"2";"2019";"02:33";"5";"972";"97209";"2";"3";"1";"6";"SOLEIL LEVANT (BOULEVARD DU)";"14,6271200";" -61,0399000"
"201900004247";"7";"2";"2019";"07:20";"1";"972";"97209";"2";"1";"1";"2";"MARNE (BOULEVARD DE LA)";"14,6040500";" -61,0802000"
"201900004248";"11";"2";"2019";"20:05";"3";"69";"69286";"2";"1";"1";"6";"GENERAL LECLERC                     (AV)";"45,8174700";"4,9035900"
"201900004249";"9";"2";"2019";"19:45";"5";"69";"69382";"2";"2";"1";"6";"CHARLEMAGNE                         (CO)";"45,7397100";"4,8184500"
"201900004250";"8";"2";"2019";"19:35";"5";"69";"69142";"2";"9";"1";"3";"STEPHANE DECHANT                    (R )";"45,7226600";"4,8118200"
"201900004251";"7";"2";"2019";"17:20";"1";"69";"69149";"2";"1";"2";"6";"FRANCISQUE JOMARD                   (R )";"45,7170400";"4,7945800"
"201900004252";"7";"2";"2019";"08:45";"1";"69";"69286";"2";"1";"2";"6";"ROUTE DE GENEVE                     (RO)";"45,8032800";"4,8814900"
"201900004253";"7";"2";"2019";"05:35";"5";"69";"69389";"2";"1";"1";"2";"CHAUVEAU                            (QU)";"45,7683800";"4,8128700"
"201900004254";"10";"2";"2019";"19:00";"5";"971";"97101";"2";"1";"1";"7";"JEAN  IGNACE (RUE) ";"16,2396900";" -61,5204700"
"201900004255";"10";"2";"2019";"09:58";"1";"971";"97101";"2";"1";"1";"1";"RN05";"16,2736800";" -61,5099800"
"201900004256";"10";"2";"2019";"03:40";"5";"2A";"2A004";"2";"1";"1";"7";"MARECHAL JUIN AVENUE";"41,9415363";"8,7499857"
"201900004257";"9";"2";"2019";"08:22";"1";"2A";"2A004";"2";"3";"1";"3";"NICOLI JEAN COURS";"41,9336470";"8,7440749"
"201900004258";"8";"2";"2019";"16:35";"1";"95";"95424";"2";"1";"1";"6";"FORTUNÉ CHARLOT(RUE)";"48,9895600";"2,1867200"
"201900004259";"8";"2";"2019";"18:30";"5";"91";"91421";"2";"1";"1";"6";"SAINT HUBERT (RUE)";"48,6965300";"2,4716400"
"201900004260";"8";"2";"2019";"21:45";"5";"91";"91326";"2";"2";"8";"3";"ESTIENNE D'ORVES (AVENUE D')";"48,6907640";"2,3802340"
"201900004261";"7";"2";"2019";"08:30";"1";"91";"91027";"2";"1";"1";"2";"P VAILLANT COUTURIER (RUE)";"48,7073800";"2,3877000"
"201900004262";"7";"2";"2019";"16:45";"1";"91";"91103";"2";"1";"1";"7";"BABIN (RUE DU DOCTEUR)";"48,5994000";"2,2927600"
"201900004263";"7";"2";"2019";"16:33";"1";"87";"87085";"2";"1";"1";"2";"GAMBETTA (BOULEVARD)";"45,8276900";"1,2584800"
"201900004264";"6";"2";"2019";"22:32";"5";"87";"87085";"2";"6";"1";"6";"CARNOT (PLACE SADI)";"45,8399500";"1,2580300"
"201900004265";"6";"2";"2019";"20:54";"5";"87";"87085";"2";"1";"1";"7";"REVOLUTION (AVENUE DE LA)";"45,8238800";"1,2599500"
"201900004266";"10";"2";"2019";"13:35";"1";"86";"86194";"2";"1";"1";"3";"PARIS (AVENUE DE)";"46,5920200";"0,3378700"
"201900004267";"7";"2";"2019";"09:30";"1";"86";"86194";"2";"3";"1";"6";"EUROPE (AVENUE DE L')";"46,5908000";"0,3528300"
"201900004268";"7";"2";"2019";"10:20";"1";"86";"86194";"2";"1";"1";"3";"ROCADE OUEST ";"46,5647672";"0,3038160"
"201900004269";"10";"2";"2019";"05:15";"3";"30";"30011";"1";"1";"1";"7";"R.N. 100";"43,9483928";"4,7788760"
"201900004270";"8";"2";"2019";"17:05";"2";"84";"84007";"1";"1";"1";"3";"RD225  (route touristique)";"43,9548800";"4,8236500"
"201900004271";"11";"2";"2019";"14:45";"1";"83";"83098";"1";"1";"1";"6";"CIBONNE(CHEMIN DES)";"43,1004100";"6,0348200"
"201900004272";"8";"2";"2019";"12:10";"1";"83";"83129";"2";"6";"1";"3";"JUIN MARECHAL (AV DU)";"43,0954600";"5,8482000"
"201900004273";"6";"2";"2019";"16:30";"1";"83";"83129";"2";"1";"1";"6";"LILAS (IMPASSE DES)";"43,0900000";"5,8400000"
"201900004274";"5";"2";"2019";"09:15";"1";"83";"83123";"2";"2";"1";"6";"BUGE (CHEMIN DE LA)";"43,1207530";"5,8078730"
"201900004275";"8";"2";"2019";"12:34";"1";"83";"83069";"2";"9";"1";"6";"VILETTE (CHEMIN DE LA)";"43,1084200";"6,1235800"
"201900004276";"6";"2";"2019";"11:50";"1";"79";"79191";"2";"1";"8";"6";"10 boulevard de l'Atlantique";"46,3164500";" -0,4782100"
"201900004277";"7";"2";"2019";"17:15";"1";"77";"77350";"2";"9";"2";"6";"ARISTIDE BRIAND (PLACE)";"48,7679700";"2,6730600"
"201900004278";"7";"2";"2019";"08:10";"1";"77";"77390";"2";"1";"1";"6";"D361-MALIBRAN (AVENUE DE LA)";"48,7979000";"2,6400000"
"201900004279";"10";"2";"2019";"13:30";"1";"77";"77464";"2";"1";"2";"6";"D418 - CLAYE  (RUE DE  )";"48,8901300";"2,7057700"
"201900004280";"8";"2";"2019";"09:00";"1";"77";"77243";"2";"3";"8";"6";"SAINT DENIS  (RUE   )";"48,8786700";"2,7068000"
"201900004281";"8";"2";"2019";"19:55";"5";"77";"77111";"2";"2";"1";"7";"D934 X RUE DE LAGNY";"48,8782300";"2,7557800"
"201900004282";"10";"2";"2019";"14:45";"1";"76";"76540";"2";"2";"1";"3";"MONT RIBOUDET. AVENUE DU";"49,4463300";"1,0709600"
"201900004283";"10";"2";"2019";"12:15";"1";"76";"76351";"2";"1";"2";"6";"JEAN JAURES (AVENUE)";"49,4991300";"0,1532100"
"201900004284";"7";"2";"2019";"10:10";"1";"76";"76351";"2";"1";"1";"6";"MULHOUSE (DE)";"49,4877600";"0,1415300"
"201900004285";"6";"2";"2019";"19:45";"5";"76";"76351";"2";"1";"1";"1";"IRENE JOLIOT CURIE (RUE)";"49,5182715";"0,1058078"
"201900004286";"10";"2";"2019";"05:45";"3";"74";"74013";"1";"9";"9";"7";"CONTOURNEMENT";"46,3476660";"6,4375080"
"201900004287";"8";"2";"2019";"06:50";"5";"74";"74008";"2";"3";"1";"6";"FRATERNITE (RUE DE LA)";"46,1963800";"6,2276600"
"201900004288";"6";"2";"2019";"01:07";"3";"74";"74093";"1";"1";"1";"5";"OUEST (BOULEVARD)";"45,8998000";"6,0896000"
"201900004289";"11";"2";"2019";"07:50";"5";"72";"72181";"2";"1";"1";"6";"MOLIERE - ENTRE ROCADE ET MONTHEARD";"47,9945600";"0,2209200"
"201900004290";"7";"2";"2019";"09:40";"1";"72";"72181";"2";"3";"2";"1";"19 MARS 1962 (PL)";"47,9815800";"0,2085000"
"201900004291";"7";"2";"2019";"08:00";"2";"72";"72181";"2";"1";"2";"6";"LOUIS BLANC (QUAI)";"48,0124800";"0,1985400"
"201900004292";"6";"2";"2019";"16:45";"1";"72";"72181";"2";"6";"2";"6";"DURAND GEORGES (AV) N° IMP 1 A 141";"47,9829400";"0,2108400"
"201900004293";"6";"2";"2019";"08:30";"1";"72";"72181";"1";"1";"2";"3";"TOURS (RTE) LIGNE DROITE DES HUNAUDIERES";"47,9510000";"0,2303100"
"201900004294";"8";"2";"2019";"14:00";"1";"71";"71306";"1";"1";"1";"4";"RN 70 (ROUTE EXPRESS)";"46,6718300";"4,3441000"
"201900004295";"11";"2";"2019";"09:56";"1";"71";"71270";"2";"1";"1";"6";"HERRIOT (AVENUE EDOUARD)";"46,3018561";"4,8315016"
"201900004296";"9";"2";"2019";"10:00";"1";"71";"71497";"2";"1";"1";"3";"DIX-NEUF MARS 1962 (RUE DU)";"46,3340900";"4,8454000"
"201900004297";"6";"2";"2019";"19:00";"5";"71";"71076";"2";"1";"1";"3";"CHAUVEAU (RUE DES LIEUTENANTS)";"46,7802800";"4,8386500"
"201900004298";"8";"2";"2019";"16:50";"1";"69";"69266";"2";"1";"1";"6";"HENRI BARBUSSE   (Avenue))";"45,7669500";"4,8795700"
"201900004299";"8";"2";"2019";"12:15";"1";"69";"69266";"2";"2";"1";"3";"TOLSTOI    (Cours)";"45,7609200";"4,8847400"
"201900004300";"6";"2";"2019";"10:30";"1";"69";"69256";"2";"2";"7";"3";"SALVADOR ALLENDE                    (AV)";"45,7807000";"4,9233600"
"201900004301";"7";"2";"2019";"17:05";"2";"69";"69266";"2";"3";"2";"6";"MOZART      (Rue)";"45,7749000";"4,8663000"
"201900004302";"6";"2";"2019";"06:50";"5";"69";"69275";"2";"1";"1";"6";"EMILE BERTRAND                      (R )";"45,7720000";"4,9562100"
"201900004303";"7";"2";"2019";"16:00";"1";"67";"67482";"2";"1";"2";"4";"HERRENSCHMIDT (AVENUE)";"48,5958700";"7,7214600"
"201900004304";"7";"2";"2019";"14:00";"1";"67";"67218";"2";"1";"2";"4";"ALFRED KASTLER (ROUTE)";"48,5430200";"7,7360500"
"201900004305";"8";"2";"2019";"06:25";"2";"67";"67180";"1";"1";"1";"1";"RD 99";"48,7956610";"7,8698470"
"201900004306";"2";"2";"2019";"03:50";"5";"67";"67180";"1";"9";"1";"2";"RD 1062";"48,8327500";"7,7446000"
"201900004307";"10";"2";"2019";"00:50";"1";"66";"66136";"1";"1";"1";"6";"PANCHOT (AVENUE JULIEN)";"42,6864000";"2,8691000"
"201900004308";"8";"2";"2019";"16:30";"1";"66";"66136";"2";"1";"1";"6";"WILSON (BOULEVARD THOMAS)";"42,7016000";"2,8947000"
"201900004309";"7";"2";"2019";"16:52";"1";"66";"66136";"1";"1";"1";"6";"R D 900";"42,7260176";"2,8782081"
"201900004310";"9";"2";"2019";"19:00";"1";"64";"64024";"2";"1";"1";"3";"JOUANETOTE (RUE DE)";"43,4917600";" -1,5068700"
"201900004311";"9";"2";"2019";"17:55";"1";"64";"64445";"2";"1";"1";"2";"JULES VERNE";"43,3068200";" -0,3590700"
"201900004312";"8";"2";"2019";"08:05";"1";"64";"64445";"2";"3";"1";"3";"PHILIPPON";"43,3233900";" -0,3602700"
"201900004313";"8";"2";"2019";"09:05";"1";"64";"64140";"2";"1";"1";"6";"SEMARD (PLACE PIERRE)";"43,5238100";" -1,4906900"
"201900004314";"16";"1";"2019";"16:15";"1";"62";"62587";"2";"1";"1";"3";"CD 46";"50,4320500";"2,9220300"
"201900004315";"11";"1";"2019";"17:55";"5";"62";"62427";"2";"1";"2";"6";"ABBAYE (R DE L')";"50,4241090";"2,9445530"
"201900004316";"3";"1";"2019";"19:25";"5";"62";"62215";"2";"1";"1";"6";"EVRARD (R FLORENT )";"50,4857300";"2,9466800"
"201900004317";"6";"2";"2019";"18:30";"3";"62";"62893";"1";"1";"2";"1";"MITTERRAND ( Ave. François )";"50,7869700";"1,6057000"
"201900004318";"10";"2";"2019";"04:20";"3";"61";"61006";"2";"1";"2";"6";"PETITS FOSSES (RUE DES) N° 11 A N° 29";"48,7495850";" -0,0226710"
"201900004319";"11";"2";"2019";"17:40";"2";"60";"60159";"2";"3";"1";"6";"WEYGAND (AV. DU GENERAL)";"49,4067000";"2,8073300"
"201900004320";"7";"2";"2019";"18:10";"5";"60";"60159";"2";"1";"2";"6";"rue de Paris";"49,4046200";"2,8107000"
"201900004321";"10";"2";"2019";"17:20";"1";"59";"59599";"2";"1";"2";"3";"PIATS (RUE DES)";"50,7237932";"3,1723398"
"201900004322";"9";"2";"2019";"16:50";"1";"59";"59599";"2";"3";"2";"1";"YSER (RUE DE L')";"50,7423770";"3,1695050"
"201900004323";"8";"2";"2019";"22:45";"5";"59";"59090";"2";"3";"2";"4";"GAULLE (AVENUE DU GENERAL DE)";"50,6900655";"3,0868980"
"201900004324";"7";"2";"2019";"15:30";"1";"59";"59599";"2";"1";"8";"2";"DOUMER (RUE PAUL)";"50,7236500";"3,1619500"
"201900004325";"6";"2";"2019";"12:25";"1";"59";"59392";"2";"1";"1";"6";"CROIX (RUE DE LA)";"50,2767580";"3,9747700"
"201900004326";"10";"2";"2019";"12:45";"1";"59";"59350";"2";"1";"2";"6";"MONTEBELLO BOULEVARD N°2/74B";"50,6254800";"3,0413700"
"201900004327";"10";"2";"2019";"00:55";"5";"59";"59350";"2";"1";"2";"6";"LAMBRET OSCAR AVENUE";"50,6143900";"3,0359200"
"201900004328";"6";"2";"2019";"18:30";"3";"59";"59569";"1";"1";"1";"4";"D25";"50,3446300";"3,1096400"
"201900004329";"5";"2";"2019";"10:50";"1";"59";"59569";"2";"1";"1";"6";"FAIDHERBE (RUE)";"50,3636700";"3,1135300"
"201900004330";"5";"2";"2019";"08:15";"2";"59";"59569";"2";"1";"1";"6";"8 MAI  1945 (RUE DU)";"50,3668300";"3,1048900"
"201900004331";"4";"2";"2019";"18:00";"5";"57";"57463";"2";"6";"1";"2";"SOLIDARITE (BOULEVARD DE LA )";"49,1081030";"6,2436837"
"201900004332";"9";"2";"2019";"09:50";"1";"56";"56260";"2";"3";"1";"3";"LECLERC(RUE DU MARECHAL)";"47,6583650";" -2,7497240"
"201900004333";"6";"2";"2019";"19:10";"3";"56";"56260";"1";"1";"3";"6";"RN 166 -SENS VANNES / RENNES-";"47,6699400";" -2,7230600"
"201900004334";"7";"2";"2019";"14:10";"1";"56";"56260";"2";"6";"1";"6";"Avenue Edouard Herriot";"47,6550800";" -2,7395000"
"201900004335";"8";"2";"2019";"21:45";"5";"56";"56098";"1";"1";"8";"6";"RN 165";"47,7894200";" -3,3237300"
"201900004336";"6";"2";"2019";"13:15";"1";"56";"56107";"2";"6";"3";"7";"PHARE (RUE DU PETIT)";"47,7156300";" -3,3786400"
"201900004337";"8";"2";"2019";"19:50";"5";"51";"51454";"2";"1";"1";"7";"RUE LEDRU ROLLIN";"49,2278400";"4,0437500"
"201900004338";"4";"2";"2019";"19:19";"5";"51";"51454";"2";"2";"1";"5";"BOULEVARD DES BOUCHES DU RHONE";"49,2324400";"4,0182400"
"201900004339";"7";"2";"2019";"14:20";"1";"50";"50502";"2";"2";"1";"3";"KOENIG (rue Général)";"49,1121700";" -1,0623900"
"201900004340";"8";"2";"2019";"14:55";"1";"50";"50129";"2";"3";"2";"3";"VOLTAIRE (RUE)";"49,6319700";" -1,6367900"
"201900004341";"7";"2";"2019";"13:00";"1";"50";"50602";"2";"1";"2";"6";"BREQUECAL (RUE DE)";"49,6317600";" -1,5616400"
"201900004342";"5";"2";"2019";"17:20";"1";"49";"49328";"1";"1";"1";"2";"ROCADE N 347";"47,2453900";" -0,1074600"
"201900004343";"8";"2";"2019";"19:55";"5";"49";"49007";"2";"2";"2";"3";"PATTON AVENUE";"47,4734900";" -0,5918100"
"201900004344";"9";"2";"2019";"13:06";"1";"49";"49015";"1";"1";"2";"5";"MEIGNANNE ROUTE DE LA";"47,4969400";" -0,6105000"
"201900004345";"9";"2";"2019";"01:00";"5";"49";"49007";"2";"1";"8";"6";"MENDES FRANCE PLACE";"47,4734900";" -0,5453300"
"201900004346";"7";"2";"2019";"10:48";"1";"49";"49007";"2";"1";"1";"2";"MADELEINE";"47,4650400";" -0,5446100"
"201900004347";"7";"2";"2019";"08:52";"1";"49";"49007";"2";"3";"1";"7";"DE LATTRE DE TASSIGNY";"47,4576900";" -0,5444600"
"201900004348";"6";"2";"2019";"18:02";"2";"49";"49007";"2";"1";"8";"2";"BEAUSSIER BOULEVARD";"47,4751700";" -0,5994200"
"201900004349";"11";"2";"2019";"13:20";"1";"45";"45169";"2";"3";"1";"5";"ROUTE NATIONALE-R DE LA FOLIE";"47,9215000";"1,8533100"
"201900004350";"11";"2";"2019";"07:50";"1";"45";"45147";"2";"3";"1";"3";"R DE CUREMBOURG-R DE COULVREUX";"47,9382720";"1,9389670"
"201900004351";"10";"2";"2019";"12:35";"1";"45";"45234";"2";"1";"1";"6";"PLACE DE LA BASCULE";"47,8944283";"1,9070924"
"201900004352";"9";"2";"2019";"12:49";"1";"45";"45302";"2";"1";"1";"4";"347 RUE NATIONALE 20";"47,9411230";"1,8931480"
"201900004353";"8";"2";"2019";"07:23";"5";"45";"45147";"1";"1";"1";"3";"ROCADE D2060";"47,9387000";"1,9148000"
"201900004354";"7";"2";"2019";"13:40";"1";"45";"45234";"2";"1";"1";"6";"PLACE DU JARDIN DES PLANTES";"47,8929010";"1,8992250"
"201900004355";"8";"2";"2019";"15:40";"1";"45";"45004";"1";"1";"1";"6";"RUE DE BROSSERONDE";"47,9829230";"2,7748280"
"201900004356";"10";"2";"2019";"10:30";"1";"44";"44184";"2";"1";"2";"2";"BROODCOORENS (RUE) DU 78 AU 122 - DU 79";"47,2656000";" -2,2518000"
"201900004357";"7";"2";"2019";"19:45";"5";"44";"44184";"2";"2";"1";"3";"BD RENAISSANCE /V. HUGO";"47,2834200";" -2,2156600"
"201900004358";"7";"2";"2019";"08:00";"1";"44";"44184";"2";"3";"1";"3";"RUE DU 28 FÉVRIER 1943/PASSAGE GAUTIER";"47,2743000";" -2,2076000"
"201900004359";"7";"2";"2019";"20:15";"5";"44";"44109";"2";"1";"1";"6";"JOSEPH ( RTE DE ST )";"47,2488600";" -1,5301900"
"201900004360";"7";"2";"2019";"19:25";"5";"44";"44109";"2";"3";"1";"3";"RUE CHEVREUL";"47,1979500";" -1,5916100"
"201900004361";"8";"2";"2019";"10:20";"1";"44";"44114";"2";"1";"2";"6";"BOULEVARD MENDES FRANCE";"47,2608000";" -1,5882400"
"201900004362";"8";"2";"2019";"07:30";"5";"44";"44109";"2";"1";"8";"6";"STALINGRAD ( BD DE )";"47,2186400";" -1,5385000"
"201900004363";"11";"2";"2019";"16:15";"1";"42";"42187";"2";"1";"1";"6";"SEMARD (RUE PIERRE )";"46,0423500";"4,0603500"
"201900004364";"7";"2";"2019";"19:45";"3";"42";"42187";"2";"9";"1";"7";"EST (ROCADE)";"46,0488200";"4,0859100"
"201900004365";"8";"2";"2019";"08:18";"1";"42";"42183";"2";"1";"4";"1";"BERAUDIERE (RUE DE LA)";"45,4108740";"4,3770810"
"201900004366";"7";"2";"2019";"15:00";"1";"41";"41018";"2";"1";"1";"7";"BASSES DES GROUETS (RUE)";"47,5564200";"1,2951800"
"201900004367";"6";"2";"2019";"19:10";"5";"39";"39198";"2";"1";"1";"6";"103 Avenue Jacques Duhamel";"47,0841760";"5,4802140"
"201900004368";"8";"2";"2019";"11:19";"1";"38";"38544";"2";"9";"1";"6";"CAMILLE JOUFFRAY(PLACE)";"45,5212510";"4,8711190"
"201900004369";"10";"2";"2019";"06:50";"2";"37";"37208";"2";"2";"3";"3";"GRANDMONT (RUE DE)";"47,3655745";"0,7153736"
"201900004370";"9";"2";"2019";"12:40";"1";"37";"37261";"2";"2";"1";"3";"ROYER (BD JEAN)";"47,3802100";"0,6893300"
"201900004371";"9";"2";"2019";"10:50";"1";"37";"37233";"2";"1";"1";"6";"RABATERIE (RUE DE LA)";"47,3918600";"0,7224000"
"201900004372";"7";"2";"2019";"11:45";"1";"37";"37261";"2";"2";"1";"3";"ROTONDE (ROND-POINT DE LA)";"47,3813751";"0,7064478"
"201900004373";"8";"2";"2019";"16:02";"1";"37";"37233";"2";"1";"1";"2";"POMPIDOU (AVENUE GEORGES)";"47,3900819";"0,7072608"
"201900004374";"7";"2";"2019";"15:17";"1";"37";"37195";"1";"2";"1";"3";"DE GAULLE (RUE CHARLES)";"47,3907745";"0,6575075"
"201900004375";"7";"2";"2019";"10:17";"1";"37";"37261";"2";"1";"1";"6";"ROYER (BD JEAN)";"47,3817126";"0,6816711"
"201900004376";"7";"2";"2019";"09:11";"1";"37";"37261";"1";"1";"1";"4";"SAVONNIERES (ROUTE DE)";"47,3676399";"0,6484330"
"201900004377";"7";"2";"2019";"17:00";"1";"37";"37233";"2";"2";"1";"3";"BEAUFILS (RUE MAURICE)";"47,3921516";"0,7298634"
"201900004378";"7";"2";"2019";"07:53";"1";"37";"37122";"2";"2";"1";"3";"CHINON (BOULEVARD DE)";"47,3545561";"0,6954066"
"201900004379";"7";"2";"2019";"07:55";"2";"37";"37261";"2";"2";"8";"1";"MONTJOYEUX (AVENUE)";"47,3608645";"0,7033455"
"201900004380";"9";"2";"2019";"18:40";"3";"35";"35278";"2";"6";"2";"6";"CHESNAIS BEAUREGARD (RUE DU)";"48,1370830";" -1,6900060"
"201900004381";"8";"2";"2019";"19:30";"4";"35";"35278";"2";"6";"3";"6";"ROBIQUETTE (ROND POINT DE LA)";"48,1350100";" -1,6936100"
"201900004382";"8";"2";"2019";"18:10";"2";"35";"35051";"2";"6";"3";"3";"BRAY (ROND-POINT DE)";"48,1080300";" -1,6162800"
"201900004383";"8";"2";"2019";"13:00";"1";"35";"35238";"2";"2";"9";"3";"CHURCHILL (AVENUE SIR WINSTON)";"48,1230000";" -1,7089000"
"201900004384";"6";"2";"2019";"14:25";"1";"35";"35238";"2";"1";"1";"2";"ROCADE 6-7";"48,0860580";" -1,6380470"
"201900004385";"8";"2";"2019";"08:35";"1";"35";"35353";"2";"1";"1";"3";"LORIENT (DE)";"48,1049770";" -1,7415190"
"201900004386";"7";"2";"2019";"17:10";"1";"35";"35051";"2";"1";"1";"2";"TOURAUDAIS (AVENUE DE LA)";"48,1155300";" -1,6332000"
"201900004387";"7";"2";"2019";"09:30";"1";"35";"35238";"1";"1";"1";"2";"PORTE DE CLEUNAY";"48,1003360";" -1,7146090"
"201900004388";"6";"2";"2019";"09:35";"1";"35";"35238";"2";"5";"8";"1";"ROOSEVELT (BD FRANKLIN)";"48,0973200";" -1,6578600"
"201900004389";"10";"2";"2019";"20:50";"5";"34";"34172";"2";"9";"1";"7";"ALIZES (CARREFOUR DES)";"43,5953300";"3,8777400"
"201900004390";"9";"2";"2019";"23:10";"5";"34";"34172";"2";"7";"1";"3";"8 MAI 1945 (PLACE DU)";"43,6011100";"3,8678300"
"201900004391";"8";"2";"2019";"20:20";"3";"34";"34129";"1";"1";"1";"3";"PALAVAS D986 (ROUTE DE)";"43,5757400";"3,8973100"
"201900004392";"8";"2";"2019";"19:20";"5";"34";"34172";"2";"1";"1";"6";"BRINGUIER (AVENUE PAUL)";"43,6143600";"3,8394700"
"201900004393";"7";"2";"2019";"18:35";"5";"34";"34172";"2";"3";"1";"3";"GALERA (RUE DE LA)";"43,6395400";"3,8394600"
"201900004394";"8";"2";"2019";"15:25";"1";"34";"34032";"2";"1";"1";"6";"MENDES FRANCE PIERRE (AV)";"43,3417300";"3,2436900"
"201900004395";"8";"2";"2019";"02:30";"3";"33";"33039";"2";"1";"1";"6";"ex A631 vers Bordeaux";"44,8199700";" -0,5388600"
"201900004396";"8";"2";"2019";"01:10";"5";"33";"33063";"2";"3";"1";"2";"BD DES FRERES MOGA -2 véhicules direction Bègles";"44,8267400";" -0,5477180"
"201900004397";"3";"2";"2019";"20:00";"5";"33";"33063";"2";"1";"1";"6";"BD GODARD";"44,8614000";" -0,5870500"
"201900004398";"7";"2";"2019";"16:10";"1";"32";"32013";"2";"1";"8";"7";"JEANNE D'ALBRET";"43,6323100";"0,5926000"
"201900004399";"9";"2";"2019";"19:05";"3";"31";"31555";"2";"1";"1";"3";"ALL CHARLES DE FITTE";"43,6007200";"1,4286100"
"201900004400";"10";"2";"2019";"17:20";"1";"31";"31555";"2";"2";"2";"3";"AV DE LA GLOIRE";"43,6053100";"1,4579200"
"201900004401";"10";"2";"2019";"05:55";"5";"31";"31555";"2";"1";"1";"5";"RTE D AGDE";"43,6291200";"1,4816100"
"201900004402";"8";"2";"2019";"17:25";"1";"31";"31149";"2";"3";"1";"3";"HERBAUDIERE (ALLEE DE L')";"43,6185900";"1,3036100"
"201900004403";"8";"2";"2019";"15:00";"1";"31";"31555";"2";"1";"1";"6";"RUE HENRI DESBALS";"43,5793200";"1,4113100"
"201900004404";"8";"2";"2019";"08:01";"1";"31";"31069";"2";"1";"1";"2";"GRENADE (ROUTE DE)";"43,6560900";"1,3775600"
"201900004405";"8";"2";"2019";"07:55";"2";"31";"31555";"1";"1";"1";"3";"VA007331 A620";"43,5690800";"1,4221500"
"201900004406";"17";"5";"2019";"13:30";"1";"94";"94017";"1";"1";"1";"2";"A4";"48,8280945";"2,5033698"
"201900004407";"16";"5";"2019";"23:30";"3";"77";"77058";"1";"1";"1";"6";"A4";"48,8304900";"2,6982200"
"201900004408";"16";"5";"2019";"12:40";"1";"94";"94028";"1";"1";"1";"7";"RN406.Y";"48,7575517";"2,4719657"
"201900004409";"15";"5";"2019";"18:00";"1";"77";"77122";"1";"1";"1";"2";"RN104";"48,6470200";"2,5743800"
"201900004410";"15";"5";"2019";"08:15";"1";"94";"94074";"1";"1";"1";"6";"RN406.W";"48,7639600";"2,4641400"
"201900004411";"14";"5";"2019";"18:40";"1";"93";"93051";"1";"1";"1";"5";"A4";"48,8352000";"2,5741000"