"Num_Acc";"jour";"mois";"an";"hrmn";"lum";"dep";"com";"agg";"int";"atm";"col";"adr";"lat";"long"
"201900004412";"14";"5";"2019";"13:15";"1";"77";"77438";"1";"1";"1";"2";"A104";"48,8644480";"2,6688255"
"201900004413";"13";"5";"2019";"23:40";"4";"94";"94033";"1";"1";"1";"2";"A86.EXT";"48,8488000";"2,4917000"
"201900004414";"13";"5";"2019";"16:30";"1";"77";"77372";"1";"1";"1";"2";"A104";"48,8851567";"2,6676435"
"201900004415";"13";"5";"2019";"09:00";"1";"94";"94069";"1";"1";"1";"2";"A4";"48,8175121";"2,4327593"
"201900004416";"12";"5";"2019";"02:55";"5";"94";"94069";"1";"9";"1";"2";"A4";"48,8172000";"2,4294000"
"201900004417";"12";"5";"2019";"00:30";"3";"77";"77363";"1";"1";"8";"6";"A104";"48,9236000";"2,6296000"
"201900004418";"11";"5";"2019";"07:00";"1";"77";"77495";"1";"1";"1";"6";"A5b";"48,5859500";"2,6369700"
"201900004419";"10";"5";"2019";"16:30";"1";"77";"77294";"1";"1";"2";"4";"A104";"48,9681200";"2,6019200"
"201900004420";"10";"5";"2019";"16:45";"1";"94";"94042";"1";"1";"1";"7";"A4";"48,8302815";"2,4925988"
"201900004421";"10";"5";"2019";"06:47";"2";"94";"94017";"1";"1";"1";"3";"A4";"48,8292000";"2,5000000"
"201900004422";"9";"5";"2019";"16:50";"1";"77";"77294";"1";"1";"1";"4";"A104";"48,9704850";"2,5964860"
"201900004423";"8";"5";"2019";"14:45";"1";"77";"77169";"1";"1";"2";"6";"A4.Y";"48,8314900";"2,6025800"
"201900004424";"6";"5";"2019";"18:50";"1";"77";"77294";"1";"1";"1";"5";"A104";"48,9571270";"2,6253085"
"201900004425";"6";"5";"2019";"18:15";"1";"77";"77294";"1";"1";"1";"3";"A104";"48,9745997";"2,5871688"
"201900004426";"6";"5";"2019";"05:30";"5";"94";"94052";"1";"1";"1";"7";"A86.EXT";"48,8316896";"2,4920167"
"201900004427";"5";"5";"2019";"15:00";"1";"77";"77258";"1";"1";"1";"6";"A4.Y";"48,8299400";"2,6252200"
"201900004428";"4";"5";"2019";"15:45";"1";"77";"77258";"1";"1";"1";"6";"A4.Y";"48,8302444";"2,6263648"
"201900004429";"4";"5";"2019";"12:45";"1";"93";"93051";"1";"1";"3";"2";"A4";"48,8358495";"2,5627505"
"201900004430";"3";"5";"2019";"17:50";"1";"77";"77146";"1";"1";"1";"2";"A4.Y";"48,8323674";"2,6606484"
"201900004431";"3";"5";"2019";"07:50";"1";"75";"75112";"1";"1";"1";"6";"A86 EXT";"48,8166930";"2,4522820"
"201900004432";"1";"5";"2019";"17:30";"1";"75";"75112";"1";"1";"1";"2";"A4";"48,8239985";"2,4629812"
"201900004433";"29";"4";"2019";"18:10";"1";"94";"94069";"1";"1";"1";"6";"A4";"48,8175520";"2,4345650"
"201900004434";"29";"4";"2019";"09:00";"1";"94";"94042";"1";"1";"1";"6";"A4";"48,8207500";"2,4751000"
"201900004435";"18";"4";"2019";"17:06";"1";"91";"91191";"2";"9";"1";"6";"Jean Jaures (Avenue)";"48,7126000";"2,4649000"
"201900004436";"18";"4";"2019";"10:15";"1";"71";"71076";"2";"1";"1";"7";"POTERNE (QUAI DE LA)";"46,7802800";"4,8569660"
"201900004437";"19";"4";"2019";"06:17";"2";"63";"63113";"2";"1";"1";"7";"LIBERATION (AVENUE DE LA)";"45,7575700";"3,0809000"
"201900004438";"18";"4";"2019";"07:09";"1";"63";"63113";"2";"6";"1";"3";"av Brézet/ Elys Reclus";"45,7790997";"3,1469983"
"201900004439";"20";"4";"2019";"14:20";"1";"62";"62274";"1";"2";"1";"2";"D 160";"50,4330500";"2,9991600"
"201900004440";"9";"4";"2019";"21:35";"5";"62";"62498";"2";"3";"2";"3";"BERNANOS (R GEORGES)";"50,4303700";"2,8135100"
"201900004441";"25";"4";"2019";"08:05";"1";"49";"49007";"2";"2";"1";"6";"VILLESICARD RUE ET SQUARE";"47,4519100";" -0,5369800"
"201900004442";"16";"4";"2019";"10:01";"1";"25";"25056";"2";"1";"1";"2";"BELFORT RUE DE (inf144)";"47,2577400";"6,0435500"
"201900004443";"10";"4";"2019";"02:00";"3";"13";"13047";"1";"1";"1";"7";"RN 569";"43,5195698";"4,9633187"
"201900004444";"17";"4";"2019";"10:25";"1";"94";"94017";"2";"1";"1";"6";"MARAIS (R DES)";"48,8279260";"2,5183950"
"201900004445";"26";"4";"2019";"07:55";"1";"93";"93048";"2";"1";"1";"6";"ROSNY (RUE DE)";"48,8669390";"2,4562880"
"201900004446";"18";"4";"2019";"11:30";"1";"92";"92020";"2";"1";"1";"6";"PERI RUE GABRIEL";"48,8024600";"2,2881500"
"201900004447";"17";"4";"2019";"18:20";"1";"92";"92020";"2";"1";"1";"3";"LIBERTE BOULEVARD DE LA N° PAIRS";"48,7988600";"2,2943000"
"201900004448";"15";"4";"2019";"16:05";"1";"92";"92025";"2";"2";"1";"3";"AUDRA (AV)";"48,9273978";"2,2469790"
"201900004449";"25";"4";"2019";"03:50";"3";"95";"95582";"1";"1";"2";"6";"AUTOROUTE A115";"48,9762400";"2,2417100"
"201900004450";"24";"4";"2019";"04:00";"3";"93";"93010";"1";"1";"1";"6";"AUTOROUTE A3";"48,9065400";"2,4724900"
"201900004451";"24";"4";"2019";"18:00";"1";"93";"93027";"1";"1";"8";"2";"AUTOROUTE A86";"48,9255200";"2,3965700"
"201900004452";"23";"4";"2019";"15:30";"1";"95";"95252";"1";"1";"1";"3";"AUTOROUTE A15";"48,9824200";"2,2208900"
"201900004453";"22";"4";"2019";"14:50";"1";"93";"93008";"1";"1";"1";"6";"AUTOROUTE A86";"48,9107600";"2,4420000"
"201900004454";"21";"4";"2019";"18:30";"1";"93";"93008";"1";"1";"1";"6";"AUTOROUTE A86";"48,9131500";"2,4355900"
"201900004455";"17";"4";"2019";"18:15";"1";"95";"95241";"1";"1";"1";"3";"RN 104";"49,0477700";"2,4630300"
"201900004456";"15";"4";"2019";"19:00";"1";"93";"93064";"1";"1";"1";"2";"AUTOROUTE A86";"48,8814900";"2,4739400"
"201900004457";"29";"4";"2019";"09:06";"1";"988";"98818";"2";"1";"1";"2";"VOIE DE DEGAGEMENT OUEST";" -22,2659400";"166,4382700"
"201900004458";"24";"4";"2019";"02:30";"5";"988";"98818";"2";"3";"1";"7";"ROUTE DE L'ANSE VATA";" -22,2935100";"166,4466200"
"201900004459";"21";"4";"2019";"00:00";"5";"988";"98818";"2";"1";"2";"6";"VE1";" -22,2459300";"166,4584000"
"201900004460";"21";"4";"2019";"04:05";"5";"988";"98818";"2";"9";"2";"7";"LAROQUE (PROMENADE ROGER)";" -22,3066200";"166,4478700"
"201900004461";"19";"4";"2019";"17:35";"4";"988";"98818";"2";"1";"2";"2";"ANSE-VATA (ROUTE DE L')";" -22,2890000";"166,4477200"
"201900004462";"19";"4";"2019";"13:45";"1";"988";"98818";"2";"1";"3";"3";"RUE AUER";" -22,2355000";"166,4498800"
"201900004463";"19";"4";"2019";"07:15";"1";"988";"98818";"2";"1";"1";"2";"RUE ARMAND OHLEN";" -22,2609800";"166,4631500"
"201900004464";"18";"4";"2019";"23:05";"5";"988";"98818";"2";"3";"2";"3";"RUE DU 18 JUIN/RUE FELIX BROCHE";" -22,2707200";"166,4639700"
"201900004465";"23";"4";"2019";"10:20";"1";"976";"97611";"2";"1";"1";"3";"m'tsapere-Mosquée Maevantana (ruelle )";" -12,7880800";"45,2200400"
"201900004466";"18";"4";"2019";"19:00";"3";"976";"97611";"2";"1";"1";"3";"mamoudzou centre-RP Passot quai colas (R";" -12,7756600";"45,2319000"
"201900004467";"20";"4";"2019";"23:50";"5";"976";"97611";"2";"1";"1";"7";"kaweni-Mangrove (route de la)";" -12,7744700";"45,2227700"
"201900004468";"20";"4";"2019";"16:20";"1";"976";"97611";"2";"1";"8";"6";"m'tsapere-Belle vue ( rue )";" -12,7489700";"45,2225200"
"201900004469";"19";"4";"2019";"19:50";"4";"976";"97611";"2";"1";"1";"7";"cavani-Rond point du Stade";" -12,7841400";"45,2230400"
"201900004470";"28";"4";"2019";"17:30";"1";"974";"97416";"2";"1";"1";"3";"ANCIENNE RN 1";" -21,3300400";"55,4537400"
"201900004471";"27";"4";"2019";"05:15";"1";"974";"97416";"1";"1";"1";"6";"Route Gabriel Macé";" -20,9102800";"55,5016900"
"201900004472";"26";"4";"2019";"05:55";"5";"974";"97416";"2";"1";"1";"6";"Rue Luc Lorion";" -21,3310300";"55,4722300"
"201900004473";"24";"4";"2019";"20:28";"1";"974";"97416";"2";"9";"1";"3";"Avenue du 14 juillet 1789";" -20,9333200";"55,2924100"
"201900004474";"9";"4";"2019";"17:30";"2";"974";"97416";"2";"1";"1";"1";"CANDASSAMY (LOTISSEMENT)";" -21,3244000";"55,4755800"
"201900004475";"18";"4";"2019";"14:00";"1";"974";"97416";"2";"9";"1";"6";"Boulevard Hubert Delisle";" -21,3435700";"55,4729800"
"201900004476";"26";"4";"2019";"15:30";"1";"974";"97411";"2";"3";"1";"2";"NOTRE DAME DE LA TRINITE (BOULEVARD)";" -20,8927000";"55,4639000"
"201900004477";"26";"4";"2019";"10:55";"1";"974";"97411";"2";"9";"1";"3";"KARTING (DU)";" -20,8930000";"55,5000000"
"201900004478";"26";"4";"2019";"07:45";"1";"974";"97411";"1";"1";"1";"3";"Chemin du Piton Trésor";" -20,8934900";"55,4322900"
"201900004479";"22";"4";"2019";"11:15";"1";"974";"97411";"1";"1";"3";"6";"LITTORAL (ROUTE 1 DU)";" -20,8817800";"55,3961400"
"201900004480";"21";"4";"2019";"10:10";"1";"974";"97411";"2";"1";"2";"3";"QUATRE VOIES GILLOT (ROUTE A)";" -20,8858900";"55,4949600"
"201900004481";"21";"4";"2019";"07:00";"2";"974";"97411";"2";"1";"2";"6";"1 Bd du Chaudron";" -20,8875000";"55,4896000"
"201900004482";"20";"4";"2019";"21:00";"3";"974";"97411";"1";"1";"1";"1";"MACE (BOULEVARD GABRIEL)";" -20,8735500";"55,4469000"
"201900004483";"20";"4";"2019";"18:10";"5";"974";"97411";"2";"1";"1";"6";"Rue de l'Anjou";" -20,9026600";"55,4894800"
"201900004484";"18";"4";"2019";"17:00";"1";"974";"97411";"2";"1";"1";"6";"Rue du Karting";" -20,8938600";"55,5011100"
"201900004485";"17";"4";"2019";"18:10";"5";"974";"97411";"2";"1";"1";"6";"OCEAN (BOULEVARD DE L')";" -20,8816700";"55,4571100"
"201900004486";"21";"4";"2019";"11:35";"4";"974";"97409";"2";"1";"1";"6";"RN2 Sens Ste Suzanne -> St Benoit";" -20,9440200";"55,6494500"
"201900004487";"20";"4";"2019";"09:05";"1";"974";"97409";"1";"1";"2";"3";"Lefaguyes (chemin)";" -20,9533800";"55,6714300"
"201900004488";"25";"4";"2019";"09:00";"1";"974";"97407";"1";"1";"1";"6";"14 JUILLET 1789(AVENUE DU)";" -20,9333200";"55,2924100"
"201900004489";"23";"4";"2019";"13:35";"3";"974";"97407";"2";"1";"1";"6";"Avenue du 20 décembre 1948";" -20,9401200";"55,2981300"
"201900004490";"20";"4";"2019";"11:00";"1";"974";"97407";"2";"3";"1";"3";"COMMUNE DE PARIS (AVENUE)";" -20,9367100";"55,2909000"
"201900004491";"19";"4";"2019";"15:40";"1";"974";"97407";"2";"6";"1";"3";"AUGUSTE RODIN (RUE) - RIV. DES GALETS";" -20,9568000";"55,3132000"
"201900004492";"27";"4";"2019";"12:45";"1";"973";"97302";"2";"2";"1";"5";"PREVOT (ERNEST)";"4,9339800";" -52,3330700"
"201900004493";"22";"4";"2019";"19:45";"5";"973";"97302";"2";"1";"1";"2";"MONTABO (ROUTE DE) 2";"4,9396269";" -52,3012519"
"201900004494";"24";"4";"2019";"15:10";"1";"973";"97302";"2";"1";"2";"6";"DAMAS (LEON GONTRAN)";"4,9393383";" -52,3332024"
"201900004495";"23";"4";"2019";"21:05";"5";"973";"97302";"2";"2";"1";"3";"MONTABO (ROUTE DE) 1";"4,9334000";" -52,2905300"
"201900004496";"23";"4";"2019";"14:40";"1";"973";"97302";"2";"1";"2";"6";"ESTREES (AVENUE D')";"4,9408300";" -52,3235200"
"201900004497";"21";"4";"2019";"19:20";"5";"973";"97302";"1";"9";"1";"6";"MONT LUCAS 1 (CITE)";"4,9254746";" -52,3001039"
"201900004498";"21";"4";"2019";"08:05";"1";"973";"97302";"2";"3";"1";"3";"RABAN (ROUTE DE)";"4,9261852";" -52,3136221"
"201900004499";"20";"4";"2019";"18:30";"2";"973";"97302";"1";"1";"1";"3";"BADUEL (ROUTE DE)";"4,9281041";" -52,2927546"
"201900004500";"17";"4";"2019";"11:45";"1";"973";"97302";"2";"3";"1";"3";"MIRZA (CITE)";"4,9328287";" -52,3248875"
"201900004501";"27";"4";"2019";"16:00";"1";"69";"69199";"2";"1";"1";"2";"YVES FARGE                          (BD)";"45,6891300";"4,8616600"
"201900004502";"27";"4";"2019";"04:15";"5";"69";"69259";"2";"6";"1";"6";"CORBAS (DE)                         (RO)";"45,6933700";"4,8900800"
"201900004503";"26";"4";"2019";"14:30";"1";"69";"69259";"2";"1";"1";"6";"CLAUDE DEBUSSY                      (R )";"45,6993500";"4,8722800"
"201900004504";"26";"4";"2019";"10:50";"1";"69";"69388";"2";"2";"1";"3";"VILLON (DE)                         (R )";"45,7393600";"4,8632600"
"201900004505";"25";"4";"2019";"19:30";"1";"69";"69386";"2";"3";"3";"1";"VITTON                              (CO)";"45,7698209";"4,8561329"
"201900004506";"26";"4";"2019";"08:45";"1";"69";"69388";"2";"1";"1";"3";"ALBERT THOMAS                       (CO)";"45,7434200";"4,8772900"
"201900004507";"26";"4";"2019";"10:00";"1";"69";"69259";"2";"1";"1";"3";"PIERRE SEMARD                       (AV)";"45,7060900";"4,8778500"
"201900004508";"26";"4";"2019";"07:15";"1";"69";"69383";"2";"2";"1";"4";"FELIX FAURE                         (AV)";"45,7544700";"4,8661300"
"201900004509";"24";"4";"2019";"14:50";"1";"69";"69388";"2";"9";"1";"4";"ROCKEFELLER                         (AV)";"45,7410600";"4,8867500"
"201900004510";"23";"4";"2019";"12:55";"1";"69";"69386";"2";"1";"1";"6";"WALDECK ROUSSEAU                    (R )";"45,7686800";"4,8581200"
"201900004511";"23";"4";"2019";"13:05";"1";"69";"69386";"2";"2";"1";"3";"PIERRE CORNEILLE                    (R )";"45,7636300";"4,8438600"
"201900004512";"22";"4";"2019";"15:45";"1";"69";"69259";"2";"1";"1";"3";"MARTYRS DE LA RESISTANCE (DES)      (AV)";"45,6919000";"4,8722900"
"201900004513";"22";"4";"2019";"11:15";"1";"69";"69386";"2";"2";"1";"1";"NEY                                 (R )";"45,7677000";"4,8555700"
"201900004514";"20";"4";"2019";"20:50";"2";"69";"69388";"2";"1";"1";"3";"MONTAGNY (DE)                       (R )";"45,7357900";"4,8505400"
"201900004515";"20";"4";"2019";"18:30";"1";"69";"69386";"2";"2";"1";"6";"LOUIS BLANC                         (R )";"45,7651300";"4,8531900"
"201900004516";"20";"4";"2019";"15:45";"1";"69";"69387";"2";"1";"1";"6";"MARSEILLE (DE)                      (R )";"45,7516000";"4,8400000"
"201900004517";"20";"4";"2019";"03:15";"5";"69";"69387";"2";"2";"1";"3";"YVES FARGES                         (BD)";"45,7433877";"4,8342687"
"201900004518";"19";"4";"2019";"12:10";"1";"69";"69383";"2";"2";"1";"3";"VENDOME                             (R )";"45,7622364";"4,8462582"
"201900004519";"18";"4";"2019";"23:15";"5";"69";"69388";"2";"1";"1";"3";"VIENNE (DE)                         (RO)";"45,7334099";"4,8534036"
"201900004520";"18";"4";"2019";"19:30";"1";"69";"69383";"2";"2";"1";"3";"ANTOINE CHARIAL                     (R )";"45,7582483";"4,8659047"
"201900004521";"18";"4";"2019";"21:25";"5";"69";"69383";"2";"2";"1";"3";"EUGENIE                             (CO)";"45,7444889";"4,8878324"
"201900004522";"18";"4";"2019";"17:15";"1";"69";"69266";"2";"1";"1";"6";"MARC SANGNIER    (Avenue)";"45,7589800";"4,8760400"
"201900004523";"18";"4";"2019";"18:00";"1";"69";"69259";"2";"9";"1";"6";"LENINE                              (BD)";"45,6969200";"4,8634000"
"201900004524";"17";"4";"2019";"20:25";"1";"69";"69259";"2";"1";"1";"7";"ROGER SALENGRO                      (R )";"45,7224790";"4,8666215"
"201900004525";"26";"4";"2019";"07:38";"5";"972";"97213";"1";"1";"2";"6";"ROUTE DEPARTEMENTALE 15";"14,6224700";" -61,0017100"
"201900004526";"23";"4";"2019";"07:00";"1";"972";"97213";"1";"1";"1";"5";"ROUTE DEPARTEMENTALE 3";"14,6484400";" -60,9881000"
"201900004527";"18";"4";"2019";"20:40";"3";"972";"97213";"2";"1";"1";"7";"ROUTE NATIONALE 1";"14,6195990";" -60,9946890"
"201900004528";"26";"4";"2019";"13:20";"1";"972";"97209";"2";"1";"1";"2";"RD 41 (ROCADE)";"14,6116200";" -61,0652500"
"201900004529";"21";"4";"2019";"10:00";"1";"972";"97209";"2";"1";"1";"6";"CHATEAUBOEUF (ROUTE DE)";"14,6168900";" -61,0516500"
"201900004530";"21";"4";"2019";"05:42";"1";"972";"97209";"2";"3";"1";"3";"FONTAINE DIDIER (RUE DE LA)";"14,6391100";" -61,0823900"
"201900004531";"18";"4";"2019";"08:50";"1";"972";"97209";"2";"1";"1";"7";"T.S.F. (BOULEVARD)";"14,6081700";" -61,0558800"
"201900004532";"17";"4";"2019";"20:55";"5";"972";"97209";"2";"2";"1";"3";"GENERAL DE GAULLE (BLD DU)";"14,6067670";" -61,0681230"
"201900004533";"28";"4";"2019";"19:15";"1";"69";"69385";"2";"1";"2";"2";"ADOLPHE MAX                         (AV)";"45,7596700";"4,8276500"
"201900004534";"28";"4";"2019";"18:45";"1";"69";"69389";"2";"3";"2";"3";"MARIETTON                           (R )";"45,7756700";"4,8027700"
"201900004535";"28";"4";"2019";"00:00";"5";"69";"69389";"2";"2";"1";"3";"SIDOINE APPOLINAIRE                 (AV)";"45,7735700";"4,7952300"
"201900004536";"27";"4";"2019";"20:00";"2";"69";"69389";"2";"1";"2";"6";"PIERRE BAIZET                       (R )";"45,7930000";"4,8140000"
"201900004537";"27";"4";"2019";"12:00";"1";"69";"69081";"2";"5";"8";"3";"VALVERT                                 ";"45,7663059";"4,7693414"
"201900004538";"27";"4";"2019";"07:25";"1";"69";"69382";"2";"1";"2";"7";"JULES COURMONT                      (QU)";"45,7582200";"4,8372400"
"201900004539";"26";"4";"2019";"17:15";"1";"69";"69382";"2";"1";"1";"6";"PAUL MONTROCHET                     (R )";"45,7404513";"4,8164964"
"201900004540";"26";"4";"2019";"15:25";"1";"69";"69389";"2";"1";"3";"1";"ST CYR (DE)                         (R )";"45,7969553";"4,8177516"
"201900004541";"26";"4";"2019";"07:40";"1";"69";"69389";"2";"1";"7";"4";"CHAMPAGNE (DE)                      (AV)";"45,7893800";"4,7940600"
"201900004542";"25";"4";"2019";"20:00";"5";"69";"69384";"2";"1";"3";"3";"CROIX-ROUSSE (DE LA)                (BD)";"45,7732500";"4,8219400"
"201900004543";"25";"4";"2019";"08:30";"1";"69";"69149";"2";"2";"6";"1";"CLAUDE MICHEL                       (R )";"45,7181600";"4,8033200"
"201900004544";"19";"4";"2019";"23:15";"5";"69";"69202";"2";"1";"1";"6";"CHAVRIL (DE)                        (R )";"45,7474100";"4,8019300"
"201900004545";"17";"4";"2019";"21:55";"5";"69";"69034";"2";"1";"1";"2";"MARGNOLLES (DE)                     (R )";"45,7847700";"4,8360000"
"201900004546";"16";"4";"2019";"12:30";"1";"69";"69034";"2";"3";"1";"3";"SOLDATS (DES)                       (MO)";"45,7911200";"4,8607000"
"201900004547";"17";"4";"2019";"12:00";"1";"2B";"2B033";"2";"6";"1";"6";"MAGDELENA - RUE SANTA";"42,6801000";"9,4420000"
"201900004548";"27";"4";"2019";"13:55";"1";"971";"97120";"2";"9";"1";"6";"VATABLE";"16,2395100";" -61,5309200"
"201900004549";"20";"4";"2019";"21:45";"5";"971";"97101";"2";"9";"1";"3";"LACROIX";"16,2479320";" -61,5284320"
"201900004550";"22";"4";"2019";"17:30";"1";"971";"97107";"2";"1";"1";"7";"FLAMBOYANTS ( ALLEE DES )";"16,0524000";" -61,5671000"
"201900004551";"21";"4";"2019";"16:25";"1";"971";"97107";"2";"2";"1";"2";"DELGRES ( BOULEVARD )";"16,0463100";" -61,5644600"
"201900004552";"20";"4";"2019";"18:15";"1";"95";"95585";"2";"1";"1";"6";"DIVISION LECLERC (AVENUE DE LA)";"48,9844241";"2,3727196"
"201900004553";"26";"4";"2019";"14:05";"1";"95";"95424";"2";"1";"1";"6";"FRANCES(AVENUE DES)";"48,9929600";"2,1988600"
"201900004554";"18";"4";"2019";"21:48";"5";"95";"95500";"1";"1";"1";"2";"BVD DE LA VIOSNE";"49,0539768";"2,0812903"
"201900004555";"25";"4";"2019";"17:15";"1";"91";"91589";"2";"2";"1";"3";"JENNER (RUE)";"48,6934670";"2,3448060"
"201900004556";"28";"4";"2019";"13:25";"1";"91";"91421";"1";"1";"8";"6";"NATIONALE 6 (PARTIE FORET)";"48,6897600";"2,4686100"
"201900004557";"27";"4";"2019";"19:00";"1";"91";"91691";"2";"2";"8";"3";"JEAN JAURES(RUE)";"48,6929900";"2,4850100"
"201900004558";"19";"4";"2019";"21:15";"5";"91";"91377";"2";"3";"1";"3";"VALLEE DE LA BIEVRE (VOIE DE LA)";"48,7373800";"2,2696800"
"201900004559";"22";"4";"2019";"09:05";"1";"91";"91345";"2";"2";"1";"3";"CORBEIL (ROUTE DE)";"48,6927000";"2,2962200"
"201900004560";"25";"4";"2019";"19:35";"1";"91";"91687";"2";"1";"1";"6";"DU MERIDIEN (QUARTIER)";"48,6574310";"2,3740760"
"201900004561";"24";"4";"2019";"18:40";"1";"91";"91223";"2";"4";"1";"7";"HENRI IV (BOULEVARD)";"48,4342100";"2,1543700"
"201900004562";"19";"4";"2019";"17:30";"1";"91";"91223";"2";"6";"1";"6";"BERCHERE (BOULEVARD)";"48,4306700";"2,1557800"
"201900004563";"17";"4";"2019";"18:40";"1";"91";"91223";"2";"1";"1";"2";"MAI 1945 (AVENUE DU 8)";"48,4378700";"2,1638900"
"201900004564";"20";"4";"2019";"16:50";"1";"91";"91657";"2";"1";"1";"6";"CONCORDE (AVENUE)";"48,7070800";"2,4167400"
"201900004565";"18";"4";"2019";"09:40";"1";"91";"91201";"2";"2";"1";"1";"PIERRE BROSSOLETTE (RUE)";"48,6925500";"2,4273900"
"201900004566";"25";"4";"2019";"11:30";"1";"91";"91174";"1";"1";"2";"6";"JEAN COCTEAU (RUE)";"48,6092600";"2,4473200"
"201900004567";"20";"4";"2019";"01:20";"3";"91";"91027";"2";"9";"1";"6";"MITTERAND (AVENUE FRANCOIS) N° 112 A 188";"48,7129500";"2,3715900"
"201900004568";"19";"4";"2019";"21:40";"5";"91";"91027";"2";"3";"1";"1";"POINTE (RUE DE LA)";"48,7064700";"2,3735400"
"201900004569";"20";"4";"2019";"20:45";"2";"91";"91021";"2";"1";"1";"7";"GRANDE (RUE)";"48,5880700";"2,2448400"
"201900004570";"18";"4";"2019";"13:00";"1";"91";"91103";"2";"1";"1";"7";"CD 19";"48,5927930";"2,3101470"
"201900004571";"18";"4";"2019";"08:55";"1";"91";"91552";"2";"1";"1";"3";"NATIONALE 20 (ROUTE)";"48,6046300";"2,2492200"
"201900004572";"21";"4";"2019";"21:00";"5";"88";"88413";"2";"9";"1";"7";"RUE DES 3 VILLES";"48,2875000";"6,9447000"
"201900004573";"25";"4";"2019";"09:05";"1";"87";"87085";"2";"2";"2";"3";"ISLE (RUE D')";"45,8247000";"1,2345700"
"201900004574";"21";"4";"2019";"12:34";"1";"87";"87085";"2";"3";"1";"3";"VIGENAL (BOULEVARD DU)";"45,8523100";"1,2524600"
"201900004575";"21";"4";"2019";"10:31";"1";"87";"87114";"2";"1";"1";"6";"BRASSENS (GEORGES-)";"45,8351100";"1,3052600"
"201900004576";"19";"4";"2019";"16:19";"1";"87";"87085";"1";"1";"1";"4";"NEXON (RUE DE)";"45,8050100";"1,2524200"
"201900004577";"19";"4";"2019";"21:35";"5";"87";"87085";"2";"3";"1";"6";"MONTJOVIS (AVENUE)";"45,8447000";"1,2456800"
"201900004578";"19";"4";"2019";"09:40";"1";"87";"87085";"2";"2";"1";"3";"BORIE (BOULEVARD DE LA)";"45,8345100";"1,2259200"
"201900004579";"18";"4";"2019";"18:35";"1";"87";"87038";"1";"4";"1";"5";"RN520 (COUZEIX)";"45,9018600";"1,2287000"
"201900004580";"17";"4";"2019";"19:44";"1";"87";"87085";"2";"2";"1";"3";"BORIE (BOULEVARD DE LA)";"45,8352200";"1,2269100"
"201900004581";"16";"4";"2019";"08:54";"1";"87";"87085";"2";"6";"2";"3";"SAGNES (RUE DES)";"45,8781300";"1,2902500"
"201900004582";"24";"4";"2019";"17:35";"1";"86";"86158";"1";"1";"2";"2";"RN.147";"46,6288300";"0,2955600"
"201900004583";"20";"4";"2019";"05:50";"5";"86";"86194";"2";"1";"1";"7";"PARIS (AVENUE DE)";"46,6122200";"0,3487300"
"201900004584";"25";"4";"2019";"07:55";"1";"85";"85194";"2";"6";"2";"2";"Rond-Point de la Burguinière";"46,5175900";" -1,7477400"
"201900004585";"25";"3";"2019";"18:00";"1";"69";"69388";"2";"1";"1";"6";"PAUL SANTY                          (AV)";"45,7275400";"4,8782800"
"201900004586";"25";"3";"2019";"12:10";"1";"69";"69388";"2";"2";"1";"5";"ST MAURICE                          (R )";"45,7418900";"4,8669400"
"201900004587";"25";"3";"2019";"11:30";"1";"69";"69383";"2";"1";"1";"3";"MARECHAL DE SAXE                    (AV)";"45,7548000";"4,8468300"
"201900004588";"24";"3";"2019";"17:50";"1";"69";"69386";"2";"1";"1";"2";"MONTGOLFIER                         (R )";"45,7719400";"4,8494600"
"201900004589";"23";"3";"2019";"03:30";"5";"69";"69388";"2";"9";"1";"6";"ETERNITE (DE L')                    (R )";"45,7413700";"4,8585300"
"201900004590";"23";"3";"2019";"18:20";"2";"69";"69388";"2";"1";"1";"6";"JULES FROMENT                       (R )";"45,7285600";"4,8853800"
"201900004591";"23";"3";"2019";"13:20";"1";"69";"69259";"2";"1";"1";"5";"VIENNE (DE)                         (RO)";"45,7198400";"4,8543900"
"201900004592";"22";"3";"2019";"14:56";"1";"69";"69259";"2";"1";"1";"6";"MARCEL CACHIN                       (AV)";"45,6923500";"4,8772300"
"201900004593";"21";"3";"2019";"12:00";"1";"69";"69387";"2";"3";"1";"6";"ST ANDRE                            (R )";"45,7517300";"4,8407100"
"201900004594";"21";"3";"2019";"16:20";"1";"69";"69387";"2";"1";"1";"6";"DEBOURG                             (AV)";"45,7309900";"4,8345800"