"Num_Acc";"jour";"mois";"an";"hrmn";"lum";"dep";"com";"agg";"int";"atm";"col";"adr";"lat";"long"
"201900004595";"21";"3";"2019";"16:50";"1";"69";"69259";"2";"1";"1";"6";"PARMENTIER                          (R )";"45,6967900";"4,8890400"
"201900004596";"20";"3";"2019";"15:55";"1";"69";"69387";"2";"2";"1";"3";"TONY GARNIER                        (AV)";"45,7266300";"4,8268800"
"201900004597";"21";"3";"2019";"09:50";"1";"69";"69388";"2";"1";"1";"6";"LAENNEC                             (R )";"45,7392400";"4,8830400"
"201900004598";"20";"3";"2019";"18:30";"2";"69";"69386";"2";"1";"1";"3";"VERGUIN                             (AV)";"45,7726700";"4,8566900"
"201900004599";"20";"3";"2019";"17:15";"1";"69";"69259";"2";"2";"1";"3";"DOCTEUR COBLOD (DU)                 (BD)";"45,7031200";"4,8876600"
"201900004600";"20";"3";"2019";"08:25";"1";"69";"69388";"2";"1";"1";"6";"ETATS UNIS (DES)                    (BD)";"45,7366300";"4,8622500"
"201900004601";"25";"3";"2019";"13:00";"1";"972";"97213";"1";"1";"1";"3";"ROUTE NATIONALE 6";"14,5972060";" -60,9778030"
"201900004602";"22";"3";"2019";"07:00";"1";"972";"97213";"1";"1";"1";"2";"ROUTE NATIONALE 5";"14,5966200";" -60,9943900"
"201900004603";"20";"3";"2019";"06:00";"1";"972";"97213";"2";"3";"1";"3";"VICTOR LAMON";"14,6339720";" -60,9916950"
"201900004604";"25";"3";"2019";"18:35";"5";"972";"97209";"2";"1";"1";"2";"BOUILLE (RUE)";"14,6040100";" -61,0651700"
"201900004605";"24";"3";"2019";"15:40";"1";"972";"97209";"1";"1";"2";"6";"BALATA (ROUTE DE)";"14,6404100";" -61,0747300"
"201900004606";"24";"3";"2019";"14:57";"1";"972";"97209";"2";"1";"1";"7";"RN9";"14,5996300";" -61,0581600"
"201900004607";"23";"3";"2019";"23:40";"5";"972";"97209";"2";"2";"1";"3";"HENRI BARBUSSE (RUE)";"14,6088700";" -61,0702100"
"201900004608";"21";"3";"2019";"13:40";"1";"972";"97209";"2";"1";"1";"6";"CLUNY (ROUTE DE)";"14,6120000";" -61,0790000"
"201900004609";"20";"3";"2019";"11:40";"1";"972";"97209";"2";"1";"1";"6";"BISHOP (Avenue Maurice)";"14,6031700";" -61,0632400"
"201900004610";"22";"3";"2019";"17:00";"1";"69";"69385";"2";"9";"1";"6";"JOLIOT CURIE                        (R )";"45,7564600";"4,7964700"
"201900004611";"23";"3";"2019";"17:20";"1";"69";"69384";"2";"1";"1";"6";"JACQUES-LOUIS HENON                               (R )";"45,7796400";"4,8242500"
"201900004612";"22";"3";"2019";"15:00";"1";"69";"69381";"2";"2";"1";"3";"JEAN MOULIN                         (QU)";"45,7677200";"4,8378800"
"201900004613";"22";"3";"2019";"09:50";"1";"69";"69385";"2";"4";"1";"6";"GARDE (DE LA)                       (R )";"45,7591500";"4,7915000"
"201900004614";"22";"3";"2019";"09:25";"1";"69";"69034";"2";"1";"1";"6";"ST CLAIR (DE)                       (GR)";"45,7910200";"4,8602800"
"201900004615";"21";"3";"2019";"23:30";"5";"69";"69384";"2";"3";"1";"6";"BONY                                (R )";"45,7722300";"4,8187200"
"201900004616";"21";"3";"2019";"17:30";"1";"69";"69389";"2";"3";"1";"3";"PIERRE BAIZET                       (R )";"45,7898500";"4,8124400"
"201900004617";"21";"3";"2019";"17:10";"1";"69";"69034";"2";"1";"1";"6";"ORATOIRE (DE L')                    (R )";"45,7848700";"4,8379500"
"201900004618";"21";"3";"2019";"08:45";"1";"69";"69389";"2";"1";"1";"2";"ST SIMON                            (R )";"45,7801000";"4,8001800"
"201900004619";"20";"3";"2019";"20:25";"5";"69";"69142";"2";"9";"1";"6";"NAVARRE (DE LA)                     (R )";"45,7286400";"4,8103000"
"201900004620";"20";"3";"2019";"21:45";"5";"69";"69382";"2";"1";"1";"2";"DOCTEUR GAILLETON (DU)              (QU)";"45,7497500";"4,8312400"
"201900004621";"19";"3";"2019";"10:40";"1";"69";"69381";"2";"1";"1";"3";"ANDRE LASSAGNE                      (QU)";"45,7708500";"4,8379200"
"201900004622";"23";"3";"2019";"12:06";"1";"2B";"2B033";"1";"1";"1";"1";"ST FLORENT-ANCIENNE RT DE";"42,6772000";"9,3860900"
"201900004623";"23";"3";"2019";"00:28";"5";"2B";"2B033";"2";"2";"1";"3";"MIOT - RUE";"42,6991800";"9,4512000"
"201900004624";"21";"3";"2019";"12:22";"1";"2B";"2B033";"2";"1";"1";"3";"CAPITAINE THEN";"42,6732700";"9,4373100"
"201900004625";"23";"3";"2019";"19:00";"5";"971";"97113";"1";"9";"1";"3";"SECTION MARE-GAILLARD";"16,2172400";" -61,4321800"
"201900004626";"22";"3";"2019";"07:45";"1";"971";"97113";"2";"1";"1";"6";"SECTION MARE-GAILLARD";"16,2149032";" -61,4387320"
"201900004627";"20";"3";"2019";"08:35";"1";"971";"97113";"1";"1";"1";"2";"RN4 - SECTION RIVIERA";"16,2177800";" -61,4897800"
"201900004628";"25";"3";"2019";"14:35";"1";"2A";"2A004";"2";"1";"1";"2";"AVENUE DU DOCTEUR NOEL FRANCHINI";"41,9407600";"8,7560500"
"201900004629";"22";"3";"2019";"08:15";"1";"2A";"2A004";"2";"1";"1";"2";"ROSSINI PASCAL BD";"41,9145000";"8,7296000"
"201900004630";"21";"3";"2019";"19:06";"5";"2A";"2A004";"2";"1";"1";"3";"SARTENE ANCIENNE ROUTE";"41,9298200";"8,7756400"
"201900004631";"19";"3";"2019";"08:20";"1";"2A";"2A004";"2";"1";"1";"2";"SAMPIERO BD";"41,9252600";"8,7388000"
"201900004632";"24";"3";"2019";"22:20";"3";"95";"95539";"1";"9";"1";"7";"MARAINVAL  (ROUTE DE)";"49,0062000";"2,3582000"
"201900004633";"19";"3";"2019";"22:30";"5";"95";"95680";"2";"2";"1";"5";"PIERRE SEMARD (AVENUE)";"49,0010521";"2,4081570"
"201900004634";"11";"3";"2019";"15:15";"1";"95";"95607";"2";"9";"1";"6";"GARE (AVENUE DE LA)";"49,0271300";"2,2236000"
"201900004635";"20";"3";"2019";"09:13";"1";"91";"91692";"1";"1";"7";"2";"TROPIQUES (AVENUE DES)";"48,6848120";"2,1924490"
"201900004636";"24";"3";"2019";"04:05";"3";"91";"91689";"2";"1";"1";"7";"EUROPE (BOULEVARD DE L')";"48,7274100";"2,3334300"
"201900004637";"20";"3";"2019";"11:00";"1";"91";"91377";"2";"6";"1";"3";"ESTIENNE D'ORVES (RUE D')";"48,7333000";"2,2833000"
"201900004638";"8";"3";"2019";"23:20";"5";"91";"91377";"2";"9";"2";"1";"EUROPE (AVENUE DE L')";"48,7258700";"2,2820500"
"201900004639";"17";"3";"2019";"21:20";"5";"91";"91161";"2";"9";"1";"6";"Bretelle d'accés A6 sens Paris";"48,6995500";"2,3125200"
"201900004640";"21";"3";"2019";"13:50";"1";"91";"91223";"1";"2";"1";"3";"C.D. 21";"48,4239700";"2,1175400"
"201900004641";"20";"3";"2019";"18:15";"1";"91";"91223";"2";"1";"1";"6";"NEUVE ST-GILLES (RUE)";"48,4313600";"2,1503300"
"201900004642";"20";"3";"2019";"14:30";"1";"91";"91109";"2";"3";"1";"3";"CHARLES DE GAULLE (RUE)";"48,4569700";"2,1407300"
"201900004643";"21";"3";"2019";"17:00";"1";"91";"91657";"2";"1";"1";"6";"CROCUS (RUE DES)";"48,6898000";"2,4401000"
"201900004644";"25";"3";"2019";"17:20";"1";"91";"91174";"2";"9";"1";"4";"JEAN JAURES (BOULEVARD)";"48,6128320";"2,4599660"
"201900004645";"25";"3";"2019";"16:10";"1";"91";"91174";"2";"9";"1";"6";"PARIS (RUE)";"48,6046700";"2,4675200"
"201900004646";"22";"3";"2019";"16:35";"1";"91";"91027";"2";"1";"1";"6";"CLOS NOLLET";"48,7142200";"2,3937700"
"201900004647";"17";"3";"2019";"20:25";"3";"91";"91027";"2";"1";"8";"6";"GOURMELIN (RUE HENRI)";"48,7153100";"2,3907800"
"201900004648";"25";"3";"2019";"07:50";"1";"91";"91021";"2";"3";"1";"3";"GIRAULT ERNEST (BOULEVARD)";"48,5920000";"2,2450000"
"201900004649";"24";"3";"2019";"09:05";"1";"91";"91333";"2";"1";"1";"7";"FERRY JULES (RUE)";"48,6130000";"2,2620000"
"201900004650";"20";"3";"2019";"13:47";"1";"91";"91457";"2";"1";"1";"3";"FERTE ALAIS (ROUTE DE LA)";"48,5832100";"2,2553000"
"201900004651";"20";"3";"2019";"08:25";"1";"91";"91103";"2";"1";"1";"1";"RONGIERE JEAN (RUE)";"48,5970000";"2,2980000"
"201900004652";"24";"3";"2019";"19:16";"1";"87";"87075";"2";"1";"1";"6";"NOEL (RUE JULES)";"45,8131900";"1,1720200"
"201900004653";"24";"3";"2019";"21:41";"5";"87";"87065";"2";"3";"1";"3";"PONTEIX (AVENUE DU)";"45,8067400";"1,2973000"
"201900004654";"21";"3";"2019";"08:07";"1";"87";"87085";"2";"3";"1";"3";"PETIT TOUR (RUE DU)";"45,8317000";"1,2489300"
"201900004655";"21";"3";"2019";"03:01";"3";"87";"87085";"1";"1";"1";"5";"RN520";"45,8904300";"1,2724900"
"201900004656";"20";"3";"2019";"13:22";"1";"87";"87085";"2";"3";"1";"2";"MONTMAILLER (RUE)";"45,8351900";"1,2521400"
"201900004657";"15";"3";"2019";"20:30";"3";"86";"86066";"1";"1";"2";"1";"RD 161 - ROCADE EST";"46,7866200";"0,5476900"
"201900004658";"22";"3";"2019";"15:25";"1";"85";"85194";"2";"1";"1";"6";"33-31 AVENUE D'AQUITAINE ";"46,4932100";" -1,7621000"
"201900004659";"21";"3";"2019";"17:45";"1";"85";"85194";"1";"2";"1";"3";"AVENUE DE TALMONT ";"46,4822700";" -1,7191000"
"201900004660";"20";"3";"2019";"17:30";"1";"85";"85191";"2";"9";"1";"3";"RUE PHILIPPE LEBON ";"46,6963100";" -1,4320600"
"201900004661";"8";"3";"2019";"20:00";"3";"84";"84087";"1";"1";"1";"5";"ROUTE D'UCHAUX";"44,1975400";"4,8014600"
"201900004662";"23";"3";"2019";"15:11";"1";"30";"30011";"1";"1";"1";"6";"NATIONALE 100  (ROUTE)";"43,9581700";"4,7470500"
"201900004663";"16";"3";"2019";"19:57";"2";"84";"84007";"2";"1";"1";"2";"MONTFAVET (Route)";"43,9408500";"4,8268900"
"201900004664";"25";"3";"2019";"23:10";"5";"83";"83144";"2";"1";"1";"7";"RD 98";"43,1412800";"6,0046900"
"201900004665";"24";"3";"2019";"20:15";"5";"83";"83090";"2";"1";"1";"1";"BRIAND (AVE ARISTIDE)";"43,1224200";"5,8949500"
"201900004666";"23";"3";"2019";"18:05";"1";"83";"83137";"2";"3";"1";"1";"FARON (BD DU)";"43,1364000";"5,9225600"
"201900004667";"21";"3";"2019";"17:25";"1";"83";"83144";"2";"1";"1";"3";"RN 97";"43,1415800";"6,0036200"
"201900004668";"20";"3";"2019";"15:05";"1";"83";"83062";"1";"1";"1";"4";"DIGNE (AVENUE DE )";"43,1455320";"6,0336510"
"201900004669";"16";"3";"2019";"10:20";"1";"83";"83129";"2";"1";"1";"2";"ECOLES (BD DES)";"43,1138200";"5,8117000"
"201900004670";"21";"3";"2019";"18:10";"1";"83";"83141";"2";"6";"1";"3";"N/A";"43,5087500";"6,4814600"
"201900004671";"20";"3";"2019";"16:20";"1";"82";"82121";"2";"2";"1";"3";"HAMECHER (AVENUE MARCEAU)";"44,0127280";"1,3462140"
"201900004672";"23";"3";"2019";"19:20";"5";"81";"81257";"2";"1";"1";"1";"145AVENUE JEAN  JAURES";"43,9438800";"2,1963500"
"201900004673";"19";"3";"2019";"15:30";"1";"80";"80021";"2";"3";"1";"3";"R GAUTHIER DE RUMILLY";"49,8864000";"2,2930100"
"201900004674";"25";"3";"2019";"18:10";"1";"78";"78638";"2";"4";"1";"3";"PONTOISE (ROUTE DE)";"49,0098060";"1,9605930"
"201900004675";"24";"3";"2019";"17:36";"1";"78";"78299";"2";"1";"1";"6";"CARNOT (BOULEVARD)";"49,0050130";"1,9015600"
"201900004676";"22";"3";"2019";"17:25";"1";"78";"78638";"2";"1";"1";"6";"GENERAL DE GAULLE (RUE DU)";"49,0055300";"1,9644100"
"201900004677";"19";"3";"2019";"18:00";"1";"78";"78267";"2";"3";"1";"3";"AVENUE DU COLONEL FABIEN";"48,9879400";"1,8043400"
"201900004678";"23";"3";"2019";"23:10";"5";"78";"78498";"2";"1";"1";"3";"ROBESPIERRE BD";"48,9344660";"2,0559660"
"201900004679";"23";"3";"2019";"13:30";"1";"77";"77514";"2";"2";"1";"3";"D84A2 X LAMARTINE (AVENUE)";"48,9436300";"2,6099600"
"201900004680";"24";"3";"2019";"03:52";"5";"77";"77373";"2";"1";"1";"7";"D604 - PARIS (RUE DE)";"48,7771600";"2,5945200"
"201900004681";"22";"3";"2019";"23:45";"5";"77";"77108";"2";"2";"1";"3";"LIBERTE (RUE DE LA)";"48,8770900";"2,5995200"
"201900004682";"22";"3";"2019";"18:29";"1";"77";"77296";"2";"1";"7";"6";"JEAN JAURES (AVENUE)";"48,6273700";"2,5859300"
"201900004683";"19";"3";"2019";"15:30";"1";"77";"77288";"2";"1";"1";"6";"D39-MARECHAL FOCH   (QUAI)";"48,5363300";"2,6627500"
"201900004684";"23";"3";"2019";"12:35";"1";"77";"77284";"2";"9";"1";"6";"PARKING (AV. SALVADOR ALLENDE)";"48,9546300";"2,8959900"
"201900004685";"22";"3";"2019";"11:52";"1";"77";"77186";"2";"1";"1";"6";"REPUBLIQUE (PLACE DE LA)";"48,4065000";"2,7008600"
"201900004686";"24";"3";"2019";"17:30";"1";"76";"76351";"2";"2";"1";"3";"BOIS AU COQ (AVENUE)";"49,5185100";"0,1169600"
"201900004687";"21";"3";"2019";"16:16";"1";"76";"76351";"2";"1";"1";"5";"MARCEL PAUL";"49,4935000";"0,1455400"
"201900004688";"20";"3";"2019";"17:28";"1";"76";"76351";"2";"2";"1";"3";"VERDUN (RUE DE)";"49,5014020";"0,1500919"
"201900004689";"19";"3";"2019";"15:55";"1";"76";"76351";"2";"2";"1";"3";"ERNEST RENAN";"49,4971900";"0,1132950"
"201900004690";"19";"3";"2019";"14:45";"1";"76";"76351";"2";"2";"1";"4";"LENINGRAD (BD DE)";"49,4963000";"0,1469000"
"201900004691";"21";"3";"2019";"16:05";"1";"76";"76545";"1";"9";"1";"6";"RD 154E";"49,9070200";"1,1058900"
"201900004692";"23";"3";"2019";"17:44";"1";"74";"74281";"2";"1";"1";"4";"PRES VERTS (AVENUE DES)";"46,3790900";"6,4922700"
"201900004693";"23";"3";"2019";"22:40";"5";"74";"74298";"2";"1";"1";"6";"BONNEVILLE (ROUTE DE )";"46,1736600";"6,2496700"
"201900004694";"22";"3";"2019";"13:00";"1";"74";"74093";"2";"1";"1";"1";"REPUBLIQUE (AVENUE DE LA)";"45,9082400";"6,1026500"
"201900004695";"20";"3";"2019";"18:00";"1";"72";"72181";"2";"2";"1";"3";"ROSTOV SUR LE DON (RUE) N° IMP";"48,0050500";"0,1940100"
"201900004696";"22";"3";"2019";"10:20";"1";"71";"71306";"2";"2";"1";"1";"DE LATTRE DE TASSIGNY (BLD DU MARECHAL)";"46,6767900";"4,3701100"
"201900004697";"22";"3";"2019";"17:15";"1";"71";"71153";"2";"2";"7";"3";"ABATTOIRS (boulevard des)";"46,7885500";"4,4456600"
"201900004698";"24";"3";"2019";"18:47";"1";"69";"69290";"2";"1";"1";"6";"PETRUCCIANI Michel       (R)";"45,6937400";"4,9392100"
"201900004699";"25";"3";"2019";"15:30";"1";"69";"69290";"2";"1";"1";"3";"ARISTIDE BRIAND (D 518)             (R )";"45,6954300";"4,9278200"
"201900004700";"22";"3";"2019";"19:50";"5";"69";"69029";"2";"1";"1";"4";"FRANKLIN ROOSEVELT                  (AV)";"45,7355200";"4,9027300"
"201900004701";"24";"3";"2019";"05:30";"5";"69";"69275";"2";"2";"1";"1";"JEAN JAURES                         (AV)";"45,7717000";"4,9679300"
"201900004702";"23";"3";"2019";"17:00";"1";"69";"69266";"2";"2";"1";"3";"DOUA      (Rue de la)";"45,7785000";"4,8746500"
"201900004703";"24";"3";"2019";"06:00";"5";"69";"69264";"2";"1";"1";"6";"FRACHON BENOIT  R";"45,9882600";"4,7388600"
"201900004704";"19";"3";"2019";"19:55";"5";"69";"69264";"2";"1";"1";"4";"RENAN ERNEST  R";"45,9920500";"4,7071500"
"201900004705";"25";"3";"2019";"06:10";"2";"69";"69091";"2";"1";"1";"2";"RIVE DE GIER (DE) (RTE)";"45,5807100";"4,7360900"
"201900004706";"20";"3";"2019";"14:00";"1";"69";"69091";"2";"2";"1";"3";"GAGARINE (AV)";"45,6019400";"4,7702300"
"201900004707";"19";"3";"2019";"16:03";"1";"68";"68066";"2";"9";"1";"6";"152EME REGIMENT D'INFANTERIE(RUE DU)";"48,0935610";"7,3585410"
"201900004708";"24";"3";"2019";"14:40";"1";"67";"67218";"2";"3";"1";"3";"BURKEL (ROUTE)";"48,5189720";"7,7138030"
"201900004709";"23";"3";"2019";"20:00";"5";"67";"67482";"2";"3";"1";"3";"VIENNE (ROUTE DE)";"48,5732880";"7,7557750"
"201900004710";"22";"3";"2019";"17:10";"1";"67";"67482";"2";"1";"1";"2";"HOCHFELDEN (RUE DE)";"48,6013460";"7,7229980"
"201900004711";"22";"3";"2019";"15:30";"1";"67";"67482";"2";"1";"1";"3";"BOECKLIN (RUE)";"48,5974000";"7,7769340"
"201900004712";"22";"3";"2019";"13:25";"1";"67";"67447";"2";"1";"1";"6";"MARAIS (RUE DU)";"48,6095870";"7,7653380"
"201900004713";"21";"3";"2019";"12:00";"1";"67";"67482";"2";"3";"1";"6";"ZURICH (RUE DE)";"48,5788520";"7,7590960"
"201900004714";"20";"3";"2019";"16:25";"1";"67";"67447";"2";"3";"1";"6";"MARAIS (RUE DU)";"48,6169065";"7,7681960"
"201900004715";"20";"3";"2019";"09:15";"1";"67";"67482";"2";"1";"1";"6";"ORFEVRES (RUE DES)";"48,5823230";"7,7491350"
"201900004716";"19";"3";"2019";"15:50";"1";"67";"67482";"2";"1";"1";"6";"ILL (RUE DE L )";"48,6127240";"7,7744650"
"201900004717";"19";"3";"2019";"13:25";"1";"67";"67482";"2";"3";"1";"3";"LAMPROIE (RUE DE LA)";"48,5989690";"7,7909710"
"201900004718";"21";"3";"2019";"11:48";"3";"66";"66096";"2";"1";"1";"6";"Avenue du Général de Gaulle";"42,7677950";"2,6592980"
"201900004719";"21";"3";"2019";"11:15";"1";"66";"66136";"2";"2";"1";"3";"CAYROL (BOULEVARD COLONEL)";"42,6960244";"2,9055909"
"201900004720";"20";"3";"2019";"22:30";"5";"66";"66136";"1";"1";"1";"6";"ROTTERDAM (ROND POINT DE)";"42,6946200";"2,8501900"
"201900004721";"23";"3";"2019";"13:30";"1";"64";"64483";"2";"1";"1";"2";"LAHANCHIPIA (AVENUE)";"43,4014849";" -1,6369841"
"201900004722";"22";"3";"2019";"07:45";"2";"64";"64189";"2";"1";"1";"3";"EVADES (CARREFOUR DES)";"43,3845300";" -1,6664500"
"201900004723";"20";"3";"2019";"15:40";"1";"64";"64483";"2";"1";"1";"2";"CHANTACO (AVENUE DE )";"43,3786820";" -1,6387813"
"201900004724";"20";"3";"2019";"19:35";"5";"64";"64237";"2";"3";"1";"6";"LOUIS BARTHOU";"43,2841071";" -0,3746685"
"201900004725";"21";"3";"2019";"07:40";"1";"64";"64335";"2";"1";"1";"7";"FRERES WRIGHT DES";"43,3547745";" -0,4025770"
"201900004726";"20";"3";"2019";"07:50";"2";"64";"64348";"2";"3";"7";"3";"FRERES WRIGHT DES";"43,3483279";" -0,3810078"
"201900004727";"23";"3";"2019";"19:40";"2";"64";"64125";"2";"1";"1";"7";"LAC (AVENUE DU )";"43,4593800";" -1,5750100"
"201900004728";"22";"3";"2019";"09:50";"1";"64";"64122";"2";"1";"1";"6";"BRAOU (AVENUE DU)";"43,4799185";" -1,5355393"
"201900004729";"22";"3";"2019";"10:20";"1";"64";"64122";"2";"1";"1";"6";"""KENNEDY (AVENUE DU PRESIDENT J,F)""";"43,4684589";" -1,5547749"
"201900004730";"22";"3";"2019";"08:00";"1";"64";"64122";"2";"1";"1";"6";"MARCEL DASSAULT (BD)";"43,4595461";" -1,5481802"
"201900004731";"16";"3";"2019";"01:25";"5";"64";"64122";"2";"1";"1";"7";"SABAOU (AVENUE DU)";"43,4740715";" -1,5444526"
"201900004732";"24";"3";"2019";"15:35";"1";"64";"64140";"2";"1";"1";"6";"CASTAINGS (RUE J.B.)";"43,5324038";" -1,4770604"
"201900004733";"21";"3";"2019";"16:00";"1";"64";"64140";"2";"1";"1";"1";"DOUANE (QUAI DE LA)";"43,5126024";" -1,4888009"
"201900004734";"22";"3";"2019";"17:43";"1";"63";"63164";"2";"1";"1";"5";"MITTERRAND ( Bd François)";"45,8199900";"3,1548600"
"201900004735";"25";"3";"2019";"08:00";"1";"63";"63113";"2";"1";"1";"3";"CRISTAL (AVENUE ERNEST)";"45,7602864";"3,1368338"
"201900004736";"21";"3";"2019";"19:10";"2";"62";"62737";"2";"3";"1";"3";"LAFONTAINE (RUE)";"50,4478100";"2,6845200"
"201900004737";"5";"1";"2019";"17:10";"1";"62";"62215";"2";"1";"1";"3";"VIEUX CHATEAU (R DU)";"50,4836710";"2,9618020"
"201900004738";"23";"3";"2019";"19:20";"5";"62";"62457";"2";"3";"1";"2";"DIVION (ROUTE DE)";"50,4559228";"2,5281603"
"201900004739";"23";"3";"2019";"17:25";"1";"60";"60463";"2";"1";"8";"6";"BERTHELOT (RUE MARCELLIN)";"49,2780777";"2,4761057"
"201900004740";"20";"3";"2019";"19:00";"2";"60";"60159";"2";"1";"1";"6";"CURIE (AV. PIERRE ET MARIE)";"49,3963700";"2,7940300"
"201900004741";"20";"3";"2019";"11:00";"1";"60";"60159";"1";"3";"1";"3";"LESSEPS (FERDINAND DE)";"49,3957100";"2,7846700"
"201900004742";"22";"3";"2019";"13:10";"1";"60";"60057";"2";"1";"1";"3";"WINSTON CHURCHILL (AVENUE)";"49,4181800";"2,0921500"
"201900004743";"22";"3";"2019";"12:00";"1";"59";"59284";"2";"1";"1";"3";"HENRI DURRE";"50,4238830";"3,3863860"
"201900004744";"25";"3";"2019";"11:30";"1";"59";"59009";"2";"1";"1";"6";"BASOCHE ALLEE DE";"50,6250800";"3,1265600"
"201900004745";"11";"3";"2019";"10:20";"1";"59";"59328";"2";"9";"1";"2";"BOURG RUE DU N°188 AU 362";"50,6526400";"3,0309100"
"201900004746";"22";"3";"2019";"23:18";"5";"59";"59009";"2";"5";"1";"3";"CANTELEU AVENUE DE";"50,6371300";"3,1433400"
"201900004747";"23";"3";"2019";"18:10";"1";"59";"59183";"2";"1";"1";"6";"ALEXANDRE III - BOULEVARD";"51,0329237";"2,3750049"
"201900004748";"20";"3";"2019";"10:00";"1";"59";"59183";"2";"1";"1";"1";"SAINTE BARBE - BOULEVARD";"51,0345000";"2,3818000"
"201900004749";"23";"3";"2019";"15:30";"1";"59";"59170";"2";"1";"1";"7";"TOBIN (RUE JAMES)";"50,3454200";"3,1133100"
"201900004750";"21";"3";"2019";"19:00";"2";"59";"59178";"2";"1";"1";"6";"MEAUX (PLACE DE)";"50,3927300";"3,1307500"
"201900004751";"21";"3";"2019";"05:55";"3";"59";"59206";"2";"1";"5";"3";"JAURES (RUE JEAN)";"50,1965700";"3,2708900"
"201900004752";"23";"3";"2019";"15:02";"1";"59";"59043";"1";"1";"8";"1";"LEET (RUE DU)";"50,7038200";"2,7151700"
"201900004753";"22";"3";"2019";"12:38";"1";"57";"57221";"2";"1";"1";"6";"METZ (ROUTE DE)";"49,3272100";"6,1529400"
"201900004754";"19";"3";"2019";"17:30";"1";"57";"57647";"2";"1";"1";"6";"GAULLE (RUE CHARLES DE)";"49,3186800";"6,1032400"
"201900004755";"24";"3";"2019";"04:25";"5";"57";"57463";"2";"3";"1";"3";"XX EME CORPS AMERICAIN";"49,1022000";"6,1641300"
"201900004756";"23";"10";"2019";"15:15";"1";"89";"89288";"2";"1";"1";"7";"65 Grande Rue";"48,0385970";"3,5590830"
"201900004757";"16";"10";"2019";"18:00";"2";"67";"67197";"1";"3";"1";"3";"D207";"48,4689160";"7,6185760"
"201900004758";"22";"10";"2019";"12:20";"1";"47";"47157";"2";"7";"1";"6";"Square de verdun";"44,4997850";"0,1625960"
"201900004759";"18";"10";"2019";"16:00";"1";"85";"85288";"1";"1";"1";"1";"La Petite Tisonnière";"46,5160720";" -1,5925070"
"201900004760";"17";"10";"2019";"16:30";"1";"44";"44047";"2";"1";"7";"3";"20 Rue Jan Palach";"47,2347489";" -1,6644483"
"201900004761";"23";"10";"2019";"09:30";"1";"14";"14047";"2";"2";"2";"6";"Avenue Georges Clémenceau";"49,2795280";" -0,7024190"
"201900004762";"22";"10";"2019";"21:10";"5";"60";"60612";"2";"3";"1";"3";"Rue de la République";"49,2047230";"2,5869970"
"201900004763";"21";"10";"2019";"14:50";"1";"59";"59254";"2";"1";"1";"6";"Rue de la Chapelle";"50,2871260";"3,1945730"
"201900004764";"23";"10";"2019";"08:00";"2";"59";"59568";"1";"1";"2";"1";"1431 Voie Romaine";"50,7150107";"2,4669054"
"201900004765";"21";"10";"2019";"13:10";"1";"67";"67482";"1";"1";"2";"6";" Route Nationale 2350";"48,5924000";"7,7386200"
"201900004766";"22";"10";"2019";"00:05";"5";"33";"33397";"1";"1";"1";"6";"AUTOROUTE A 10";"44,8962100";" -0,4965000"
"201900004767";"22";"10";"2019";"09:02";"1";"91";"91377";"1";"1";"5";"3";"A10 PARIS / RD188 PROVINCE";"48,7273760";"2,3036950"
"201900004768";"22";"10";"2019";"12:30";"1";"92";"92025";"1";"1";"1";"6";"A86";"48,9274404";"2,2374495"
"201900004769";"22";"10";"2019";"08:15";"1";"78";"78133";"1";"1";"1";"5";"A13 Y";"48,8917500";"2,0092400"
"201900004770";"22";"10";"2019";"06:25";"3";"78";"78007";"1";"1";"1";"4";"A13W";"48,8953000";"2,0074000"
"201900004771";"21";"10";"2019";"17:55";"1";"92";"92048";"1";"1";"1";"2";"N118";"48,7877331";"2,2220058"
"201900004772";"21";"10";"2019";"11:35";"1";"92";"92050";"1";"1";"1";"6";"A86";"48,9169838";"2,2216904"
"201900004773";"21";"10";"2019";"15:30";"1";"95";"95424";"1";"1";"1";"2";"AUTOROUTE A15";"48,9936400";"2,1853300"
"201900004774";"21";"10";"2019";"05:45";"3";"93";"93027";"1";"9";"2";"6";"AUTOROUTE A86";"48,9284400";"2,4164800"
"201900004775";"20";"10";"2019";"21:40";"3";"93";"93064";"1";"1";"2";"7";"AUTOROUTE A103";"48,8850100";"2,4897500"
"201900004776";"20";"10";"2019";"22:40";"4";"93";"93030";"1";"1";"3";"6";"AUTOROUTE A1";"48,9401046";"2,4209125"
"201900004777";"22";"10";"2019";"06:15";"3";"77";"77449";"1";"1";"5";"3";"A4";"48,8327629";"2,7851634"
"201900004778";"22";"10";"2019";"05:45";"3";"77";"77373";"1";"1";"1";"3";"RN104";"48,7747600";"2,6122000"
"201900004779";"21";"10";"2019";"13:30";"1";"94";"94022";"1";"1";"1";"2";"A86 EXT";"48,7766829";"2,4189139"
"201900004780";"19";"10";"2019";"12:00";"1";"63";"63164";"2";"6";"8";"3";"Rond point de COURLANDE";"45,8417909";"3,1577969"
"201900004781";"20";"10";"2019";"19:30";"1";"63";"63113";"2";"1";"1";"6";"NEYRON (RUE)";"45,7797200";"3,0888500"
"201900004782";"20";"10";"2019";"22:20";"5";"49";"49007";"2";"1";"2";"3";"IMBACH PLACE";"47,4736500";" -0,5482700"