"Num_Acc";"jour";"mois";"an";"hrmn";"lum";"dep";"com";"agg";"int";"atm";"col";"adr";"lat";"long"
"201900004783";"20";"10";"2019";"23:05";"3";"41";"41047";"1";"1";"2";"6";"LOIRE (LEVEE DE LA)";"47,6010900";"1,3644600"
"201900004784";"19";"10";"2019";"20:25";"5";"34";"34172";"2";"3";"1";"3";"SIGNORET (RUE SIMONE)";"43,5805400";"3,8812300"
"201900004785";"20";"10";"2019";"13:45";"1";"13";"13203";"2";"1";"1";"6";"GUIBAL (RUE)";"43,3062600";"5,3850100"
"201900004786";"19";"10";"2019";"15:00";"1";"95";"95256";"1";"1";"2";"4";"RN 184";"49,0570100";"2,2067000"
"201900004787";"21";"10";"2019";"17:46";"1";"976";"97611";"2";"1";"1";"3";"passamanty-Tanamalaza (rue )";" -12,8005300";"45,2090300"
"201900004788";"22";"10";"2019";"00:20";"5";"69";"69387";"2";"2";"2";"3";"CAMILLE ROY                         (R )";"45,7451300";"4,8466700"
"201900004789";"21";"10";"2019";"13:45";"1";"69";"69259";"2";"3";"3";"3";"VIENNE (DE)                         (RO)";"45,7176600";"4,8547800"
"201900004790";"21";"10";"2019";"13:40";"1";"69";"69386";"2";"1";"2";"6";"TRONCHET                            (R )";"45,7694400";"4,8434600"
"201900004791";"21";"10";"2019";"08:15";"1";"69";"69386";"2";"2";"2";"3";"THIERS                              (AV)";"45,7692400";"4,8617600"
"201900004792";"21";"10";"2019";"21:55";"5";"95";"95585";"2";"1";"2";"6";"8 MAI 1945 (AVENUE DU)";"48,9777490";"2,3709850"
"201900004793";"21";"10";"2019";"14:00";"1";"95";"95424";"2";"1";"1";"3";"PONTOISE(BOULEVARD DE)";"48,9835000";"2,1818000"
"201900004794";"20";"10";"2019";"20:45";"5";"91";"91201";"2";"3";"2";"3";"DANTON(RUE)";"48,6700000";"2,4100000"
"201900004795";"20";"10";"2019";"21:50";"5";"91";"91114";"2";"3";"2";"3";"MONTGERON (RUE DE)";"48,6900000";"2,4900000"
"201900004796";"19";"10";"2019";"03:20";"5";"91";"91347";"2";"2";"2";"1";"PERRAY (RUE DU)";"48,6603900";"2,2761460"
"201900004797";"21";"10";"2019";"09:08";"1";"87";"87085";"2";"1";"1";"1";"317 BAUDIN (AVENUE) ( RN21)";"45,8111600";"1,2419900"
"201900004798";"19";"10";"2019";"22:06";"5";"87";"87085";"2";"3";"1";"3";"GRAND-TREUIL (RUE DU)";"45,8437200";"1,2702100"
"201900004799";"19";"10";"2019";"14:00";"1";"87";"87085";"2";"1";"1";"6";"ARTS (RUE DES)";"45,8359900";"1,2493800"
"201900004800";"18";"10";"2019";"20:05";"5";"87";"87085";"2";"2";"2";"3";"BELLAC (RUE DE)";"45,8480400";"1,2454500"
"201900004801";"19";"10";"2019";"07:30";"1";"83";"83009";"2";"9";"2";"2";"MARSEILLE (BD DE)";"43,1454820";"5,7479840"
"201900004802";"21";"10";"2019";"06:45";"5";"76";"76305";"1";"4";"3";"1";"INDUSTRIELLE (ROUTE)";"49,4873549";"0,2158155"
"201900004803";"19";"10";"2019";"10:45";"1";"76";"76552";"2";"1";"1";"6";"EDITH CAVELL";"49,5081800";"0,0838000"
"201900004804";"18";"10";"2019";"14:45";"1";"76";"76351";"2";"3";"1";"3";"LENINGRAD (BD DE)";"49,4997300";"0,1662800"
"201900004805";"20";"10";"2019";"10:20";"1";"76";"76217";"2";"1";"1";"7";"BRIAND (ARISTIDE) - CHAMPION";"49,9289700";"1,1002200"
"201900004806";"20";"10";"2019";"14:20";"1";"74";"74281";"2";"1";"1";"2";"PRES VERTS (AVENUE DES)";"46,3806200";"6,4947900"
"201900004807";"20";"10";"2019";"22:25";"5";"69";"69029";"2";"1";"3";"3";"FRANKLIN ROOSEVELT                  (AV)";"45,7347900";"4,9048900"
"201900004808";"20";"10";"2019";"12:57";"1";"68";"68066";"2";"2";"1";"3";"LADHOF (RUE DU)";"48,0870500";"7,3681600"
"201900004809";"20";"10";"2019";"15:08";"1";"67";"67482";"2";"1";"1";"2";"OBERHAUSBERGEN (ROUTE D )";"48,5952900";"7,7095800"
"201900004810";"18";"10";"2019";"21:34";"5";"67";"67482";"2";"1";"1";"6";"FAUBOURG DE SAVERNE (RUE DU)";"48,5857700";"7,7400900"
"201900004811";"18";"10";"2019";"18:15";"2";"67";"67482";"2";"3";"1";"6";"CERF (RUE DU)";"48,5947930";"7,7186110"
"201900004812";"21";"10";"2019";"08:10";"1";"64";"64348";"2";"9";"1";"6";"DIDIER DAURAT";"43,3256800";" -0,3795900"
"201900004813";"21";"10";"2019";"22:00";"5";"64";"64024";"2";"1";"2";"7";"BAYONNE (AVENUE DE)";"43,4812693";" -1,5112288"
"201900004814";"18";"10";"2019";"15:20";"1";"63";"63113";"2";"1";"1";"2";"POURCHON (BD MAURICE)";"45,7892946";"3,0807675"
"201900004815";"21";"10";"2019";"23:35";"4";"62";"62643";"2";"9";"2";"6";"LIBERTE ( Bld de la )";"50,7042080";"1,5793330"
"201900004816";"9";"10";"2019";"07:45";"2";"59";"59378";"2";"1";"1";"3";"CLEMENCEAU BLVD (N°1-23)";"50,6600000";"3,0900000"
"201900004817";"18";"10";"2019";"14:20";"1";"54";"54547";"2";"1";"1";"7";"LECLERC (AVENUE DU GENERAL)";"48,6616690";"6,1652930"
"201900004818";"10";"10";"2019";"07:30";"1";"54";"54395";"2";"1";"2";"7";"ARMEE PATTON (RUE DE L')";"48,6919300";"6,1696700"
"201900004819";"21";"10";"2019";"07:50";"2";"51";"51454";"2";"1";"8";"7";"AVENUE FRANCOIS MAURIAC";"49,2331076";"4,0056317"
"201900004820";"18";"10";"2019";"12:37";"1";"49";"49007";"2";"1";"2";"6";"BRESSIGNY";"47,4671183";" -0,5494181"
"201900004821";"18";"10";"2019";"16:33";"1";"49";"49007";"2";"1";"2";"7";"RALLIEMENT PLACE";"47,4714400";" -0,5519200"
"201900004822";"18";"10";"2019";"06:49";"3";"49";"49267";"1";"1";"2";"7";"RD 347";"47,4731100";" -0,4894600"
"201900004823";"21";"10";"2019";"13:15";"1";"47";"47027";"1";"1";"1";"6";"BORDEAUX (avenue de)";"44,4018900";"0,6485600"
"201900004824";"21";"10";"2019";"14:35";"1";"45";"45284";"2";"3";"1";"3";"AV DU CAPITAINE JEAN - R DU VIVIEN";"47,9089818";"1,9495132"
"201900004825";"20";"10";"2019";"12:00";"1";"45";"45302";"1";"1";"2";"6";"ROCADE D520 PK0+150";"47,9452146";"1,8908495"
"201900004826";"18";"10";"2019";"08:45";"2";"44";"44184";"2";"6";"1";"6";"AVENUES BERLIOZ/MITTERRAND";"47,2674000";" -2,2338000"
"201900004827";"18";"10";"2019";"08:35";"1";"44";"44184";"2";"1";"1";"6";"RUE DU MAINE";"47,2800275";" -2,2102874"
"201900004828";"21";"10";"2019";"07:50";"2";"44";"44190";"2";"1";"1";"3";"ROUTE DE CLISSON";"47,1878100";" -1,4893400"
"201900004829";"21";"10";"2019";"17:17";"1";"41";"41047";"2";"1";"1";"6";"MAUNOURY (AVENUE DE MARECHAL)";"47,6004900";"1,3464800"
"201900004830";"21";"10";"2019";"02:32";"3";"38";"38151";"2";"1";"2";"6";"RUE LÉON FOURNIER";"45,1583984";"5,7104306"
"201900004831";"18";"10";"2019";"19:15";"3";"38";"38169";"2";"1";"3";"1";"RUE DES BUISSONNÉES";"45,2000610";"5,6890390"
"201900004832";"21";"10";"2019";"23:30";"5";"37";"37261";"2";"2";"1";"3";"HEURTELOUP (BOULEVARD)";"47,3925300";"0,7012600"
"201900004833";"21";"10";"2019";"03:50";"3";"37";"37195";"2";"1";"2";"7";"RD 37";"47,3779000";"0,6496500"
"201900004834";"21";"10";"2019";"08:20";"1";"37";"37261";"2";"1";"8";"7";"SUEDE (RUE DE)";"47,4313000";"0,6779500"
"201900004835";"21";"10";"2019";"17:35";"1";"35";"35281";"2";"1";"1";"4";"DODIN (AVENUE ROGER)";"48,0848000";" -1,7086700"
"201900004836";"21";"10";"2019";"22:00";"5";"34";"34172";"2";"6";"2";"3";"GRANIER (ROND POINT ERNEST)";"43,6017500";"3,9005100"
"201900004837";"20";"10";"2019";"19:50";"5";"33";"33318";"2";"3";"8";"3";"AVE ANTOINE BECQUEREL";"44,7904300";" -0,6504000"
"201900004838";"20";"10";"2019";"14:50";"1";"32";"32013";"2";"9";"1";"3";"HUIT MAI";"43,6560800";"0,5912200"
"201900004839";"18";"10";"2019";"19:20";"5";"31";"31555";"2";"1";"1";"3";"RTE DE BLAGNAC";"43,6147800";"1,4107200"
"201900004840";"18";"10";"2019";"21:18";"5";"31";"31555";"2";"1";"1";"1";"AV DE RANGUEIL";"43,5738800";"1,4586200"
"201900004841";"18";"10";"2019";"14:59";"1";"31";"31555";"2";"1";"8";"6";"PL ETIENNE ESQUIROL";"43,6004300";"1,4449600"
"201900004842";"18";"10";"2019";"20:20";"5";"30";"30189";"2";"2";"1";"2";"MENDES FRANCE PIERRE (AVENUE)";"43,8264000";"4,3763000"
"201900004843";"20";"10";"2019";"13:20";"1";"25";"25056";"1";"1";"8";"1";"MORRE ROUTE DE";"47,2258900";"6,0494000"
"201900004844";"20";"10";"2019";"23:00";"5";"21";"21231";"2";"1";"2";"6";"RD 974 - PR 47+700 - JEAN JAURES (AVENUE)";"47,3114000";"5,0269600"
"201900004845";"19";"10";"2019";"14:50";"1";"21";"21231";"2";"1";"2";"3";"BUFFON (RUE)";"47,3204100";"5,0452600"
"201900004846";"16";"10";"2019";"09:00";"1";"18";"18033";"2";"3";"1";"3";"SAINT-AMAND (AVENUE DE)";"47,0595400";"2,3861700"
"201900004847";"22";"10";"2019";"00:05";"5";"17";"17300";"2";"2";"1";"3";"BALANDE   RUE GASTON";"46,1713900";" -1,1770000"
"201900004848";"20";"10";"2019";"20:15";"5";"14";"14536";"2";"6";"3";"6";"CD 580";"49,4118500";"0,2525100"
"201900004849";"19";"10";"2019";"12:23";"1";"14";"14118";"2";"1";"1";"3";"LACHENAL (RUE LOUIS)";"49,1554000";" -0,3431500"
"201900004850";"15";"10";"2019";"18:35";"1";"13";"13108";"1";"1";"1";"6";"RD 970 ROUTE D'AVIGNON";"43,8360030";"4,7232330"
"201900004851";"20";"10";"2019";"13:30";"1";"13";"13026";"1";"1";"1";"3";"SARGAS";"43,3947000";"5,1839400"
"201900004852";"20";"10";"2019";"23:10";"5";"13";"13077";"1";"1";"2";"6";"LA TREMIE (accès RN 568 vers MARTIGUES)";"43,4267547";"4,9699927"
"201900004853";"21";"10";"2019";"21:08";"3";"13";"13209";"2";"1";"1";"3";"SCHLOESING (BOULEVARD)";"43,2726800";"5,4008600"
"201900004854";"20";"10";"2019";"22:00";"5";"13";"13215";"2";"1";"2";"3";"LYON (RUE DE)";"43,3329870";"5,3642960"
"201900004855";"17";"10";"2019";"21:00";"3";"13";"13001";"2";"1";"1";"6";"CLUB HIPPIQUE (AV)";"43,5123920";"5,4224700"
"201900004856";"18";"10";"2019";"16:30";"1";"8";"08105";"2";"3";"1";"3";"BETHUNE (BOULEVARD DE)";"49,7549620";"4,7198910"
"201900004857";"18";"10";"2019";"08:20";"1";"5";"05061";"1";"1";"8";"2";"RN 94";"44,5756800";"6,1134800"
"201900004858";"20";"10";"2019";"11:00";"1";"75";"75120";"2";"1";"2";"6";"BD PERIPHERIQUE INTERIEUR  ";"48,8653686";"2,4123737"
"201900004859";"21";"10";"2019";"11:13";"1";"75";"75114";"2";"4";"8";"3";"RUE D ALESIA";"48,8271960";"2,3367180"
"201900004860";"21";"10";"2019";"17:20";"1";"75";"75120";"2";"4";"1";"6";"RUE BELGRAND";"48,8646097";"2,4059653"
"201900004861";"21";"10";"2019";"19:20";"5";"75";"75119";"2";"1";"1";"3";"RUE PETIT";"48,8854930";"2,3859010"
"201900004862";"20";"10";"2019";"23:50";"5";"75";"75118";"2";"2";"3";"3";"RUE STEPHENSON";"48,8860350";"2,3566240"
"201900004863";"21";"10";"2019";"09:00";"1";"75";"75116";"2";"2";"1";"2";"AVENUE DE VERSAILLES";"48,8453004";"2,2715884"
"201900004864";"21";"10";"2019";"08:50";"1";"75";"75115";"2";"2";"8";"3";"RUE DE LA CONVENTION";"48,8453443";"2,2785540"
"201900004865";"21";"10";"2019";"14:50";"1";"75";"75114";"2";"3";"1";"6";"AVENUE DU GENERAL LECLERC";"48,8322169";"2,3306626"
"201900004866";"21";"10";"2019";"20:30";"5";"75";"75113";"2";"7";"1";"3";"PLACE D ITALIE";"48,8311477";"2,3561295"
"201900004867";"21";"10";"2019";"18:43";"5";"75";"75110";"2";"3";"1";"6";"BOULEVARD DE LA CHAPELLE";"48,8837290";"2,3512540"
"201900004868";"20";"10";"2019";"15:05";"1";"75";"75109";"2";"3";"8";"6";"BOULEVARD HAUSSMANN";"48,8734220";"2,3296930"
"201900004869";"21";"10";"2019";"00:15";"5";"75";"75108";"2";"2";"2";"6";"AVENUE GEORGE V";"48,8700422";"2,3009975"
"201900004870";"21";"10";"2019";"11:15";"1";"94";"94080";"2";"1";"1";"3";"PREVOYANCE (R DE LA)";"48,8400000";"2,4200000"
"201900004871";"20";"10";"2019";"18:05";"1";"94";"94068";"2";"1";"2";"6";"ALSACE LORRAINE (R D)";"48,8049160";"2,4788570"
"201900004872";"20";"10";"2019";"16:00";"1";"94";"94046";"2";"1";"8";"6";"GENERAL DE GAULLE (AV DU)";"48,8082000";"2,4249000"
"201900004873";"20";"10";"2019";"13:20";"1";"94";"94041";"2";"2";"2";"3";"MARCEL LAMANT (R)";"48,8043000";"2,3856400"
"201900004874";"21";"10";"2019";"17:30";"1";"94";"94065";"2";"1";"1";"2";"VANNE (R DE LA)";"48,7516900";"2,3540400"
"201900004875";"20";"10";"2019";"13:43";"1";"94";"94069";"2";"1";"8";"2";"CANADIENS (AV DES)";"48,8254059";"2,3923159"
"201900004876";"20";"10";"2019";"11:30";"1";"94";"94048";"2";"1";"2";"1";"GROSBOIS (AV DE)";"48,7300000";"2,5400000"
"201900004877";"20";"10";"2019";"05:45";"5";"93";"93066";"2";"1";"2";"6";"""STALINGRAD (AVENUE), NR 88 A 114 BIS""";"48,9471227";"2,3726251"
"201900004878";"21";"10";"2019";"06:50";"5";"93";"93077";"2";"1";"2";"3";"FREDY (AVENUE DE)";"48,8814600";"2,5210900"
"201900004879";"21";"10";"2019";"07:20";"5";"93";"93062";"2";"4";"8";"7";"GENERAL DE GAULLE (PLACE DU)";"48,8901200";"2,5119200"
"201900004880";"21";"10";"2019";"19:10";"5";"93";"93049";"2";"9";"1";"3";"FAIDHERBE (RUE)";"48,8568660";"2,5081980"
"201900004881";"21";"10";"2019";"07:54";"2";"93";"93048";"2";"1";"2";"6";"PARIS (RUE DE)";"48,8570000";"2,4304000"
"201900004882";"21";"10";"2019";"15:10";"1";"93";"93046";"2";"2";"1";"3";"PENTHIEVRE ALLEE";"48,9271520";"2,5261840"
"201900004883";"20";"10";"2019";"17:40";"1";"93";"93006";"2";"1";"2";"2";"GALLIENI  AV.";"48,8602770";"2,4153130"
"201900004884";"21";"10";"2019";"07:00";"5";"93";"93072";"2";"1";"2";"6";"MAXIME GORKI (BOULEVARD) DES N°1 AU 87";"48,9474700";"2,3862400"
"201900004885";"20";"10";"2019";"02:30";"5";"93";"93010";"2";"3";"2";"3";"BUISSON (AV. SUZANNE)";"48,9140780";"2,4816790"
"201900004886";"20";"10";"2019";"13:00";"1";"92";"92033";"2";"2";"2";"3";"PORTE JAUNE";"48,8490363";"2,2010255"
"201900004887";"21";"10";"2019";"19:40";"5";"92";"92026";"2";"1";"1";"6";"MARCEAU";"48,9004000";"2,2446400"
"201900004888";"17";"10";"2019";"18:10";"1";"92";"92007";"2";"3";"1";"3";"FOCH (AVENUE DU MARECHAL) N° 1 A 15";"48,7868400";"2,3022580"
"201900004889";"21";"10";"2019";"21:00";"3";"49";"49244";"1";"1";"2";"6";"D751";"47,3611720";" -0,9945440"
"201900004890";"17";"10";"2019";"03:00";"3";"81";"81276";"1";"1";"1";"1";"D999";"43,9139930";"1,6685040"
"201900004891";"22";"10";"2019";"16:20";"1";"95";"95487";"1";"1";"8";"4";"D301";"49,1533940";"2,2460870"
"201900004892";"21";"10";"2019";"18:54";"3";"77";"77128";"1";"1";"1";"4";"A4";"48,8767910";"2,8780180"
"201900004893";"20";"10";"2019";"16:05";"1";"68";"68253";"1";"1";"1";"7";"Chemin agricole";"47,7772090";"7,5055690"
"201900004894";"21";"10";"2019";"17:37";"2";"74";"74179";"1";"1";"2";"1";"D1508";"45,9871590";"6,0150300"
"201900004895";"22";"10";"2019";"12:40";"1";"19";"19028";"2";"1";"3";"3";"80 av de saint-thomas";"45,3877700";"2,4911350"
"201900004896";"22";"10";"2019";"09:30";"3";"56";"56097";"1";"1";"1";"6";"Lieu dit Toul er Roz";"47,7780310";" -3,1176900"
"201900004897";"10";"10";"2019";"22:45";"5";"67";"67543";"2";"1";"1";"6";"16 Grand Rue Hersbach";"48,5007226";"7,2523597"
"201900004898";"21";"10";"2019";"17:30";"1";"79";"79179";"2";"6";"1";"3";"Avenue du Maréchal Leclerc";"46,7249870";" -0,5882800"
"201900004899";"21";"10";"2019";"22:06";"3";"82";"82161";"1";"1";"1";"6";"D958 (vieille rte Montauban)";"44,0525190";"1,4453390"
"201900004900";"22";"10";"2019";"14:50";"1";"63";"63047";"1";"1";"2";"7";"Route Départementale 996";"45,5936470";"2,7205880"
"201900004901";"22";"10";"2019";"13:45";"1";"63";"63139";"1";"1";"2";"7";"D202";"45,3725715";"3,7631795"
"201900004902";"17";"10";"2019";"17:51";"2";"55";"55181";"2";"1";"2";"6";"Rue Raymond Poincare";"49,2133990";"5,6349400"
"201900004903";"17";"10";"2019";"13:00";"1";"42";"42097";"1";"3";"1";"1";"Allée de la Parapelière";"45,4910350";"4,3247830"
"201900004904";"21";"10";"2019";"17:55";"2";"68";"68266";"1";"6";"3";"7";"D2";"47,8828240";"7,4013320"
"201900004905";"11";"10";"2019";"18:15";"2";"31";"31345";"1";"1";"7";"3";"Voie Trait d'Union";"43,3659150";"1,4424530"
"201900004906";"19";"10";"2019";"02:45";"3";"38";"38384";"1";"1";"3";"6";"D119";"45,3547080";"5,3498400"
"201900004907";"21";"10";"2019";"19:50";"3";"38";"38422";"1";"1";"2";"3";"Route de Gieres";"45,1616700";"5,8164600"
"201900004908";"22";"10";"2019";"00:05";"3";"26";"26124";"1";"1";"2";"1";"Route Nationale 7";"44,8643920";"4,8585230"
"201900004909";"22";"10";"2019";"15:20";"1";"72";"72013";"1";"1";"1";"1";"varennes - D305";"47,6844280";"0,2487080"
"201900004910";"21";"9";"2019";"23:15";"3";"72";"72195";"1";"1";"1";"1";"Route de la Planche du Saule";"47,8395740";" -0,0120910"
"201900004911";"22";"10";"2019";"19:30";"5";"18";"18008";"2";"1";"2";"6";"12 Grande Rue";"46,9489270";"2,3412760"
"201900004912";"16";"10";"2019";"16:00";"1";"8";"08076";"2";"8";"2";"3";"Rue de Bourlette";"49,6968870";"4,7020100"
"201900004913";"22";"10";"2019";"20:15";"5";"69";"69244";"2";"1";"1";"6";"Route de Brignais";"45,7527200";"4,7706120"
"201900004914";"22";"10";"2019";"19:15";"3";"67";"67327";"1";"1";"1";"2";"RD3 - PR 41+600";"48,9872030";"8,1000130"
"201900004915";"22";"10";"2019";"06:30";"3";"53";"53137";"1";"1";"8";"6";"A81";"48,0747290";" -0,9460760"
"201900004916";"20";"10";"2019";"14:25";"1";"69";"69112";"1";"1";"2";"6";"D19";"45,8232370";"4,6870110"
"201900004917";"22";"10";"2019";"10:15";"1";"74";"74159";"1";"1";"1";"7";"D1205";"46,0056860";"6,6291120"
"201900004918";"21";"10";"2019";"18:20";"2";"13";"13001";"1";"1";"2";"2";"A8 PK020.300 sens LYON-NICE";"43,5117259";"5,4490904"
"201900004919";"17";"10";"2019";"16:50";"1";"13";"13038";"1";"1";"1";"6";"Allee des Pins";"43,7185690";"4,7119990"
"201900004920";"15";"10";"2019";"12:15";"1";"18";"18285";"1";"1";"3";"7";"Route de Saint-florent";"47,0053090";"2,2294420"
"201900004921";"20";"10";"2019";"04:03";"3";"68";"68323";"1";"1";"3";"6";"D21";"47,6826580";"7,3650640"
"201900004922";"21";"10";"2019";"15:30";"1";"54";"54115";"2";"3";"1";"7";"Rue de Nancy";"48,7287480";"6,1705920"
"201900004923";"16";"10";"2019";"10:12";"1";"1";"01301";"1";"9";"1";"5";"1385 Route de Mâcon";"46,2510810";"5,1090556"
"201900004924";"21";"10";"2019";"19:40";"3";"81";"81076";"1";"1";"8";"7";"Le Girou (Ruisseau)";"43,5602991";"1,8978661"
"201900004925";"21";"10";"2019";"17:45";"1";"33";"33243";"2";"3";"1";"3";"95 Avenue du Général de Gaulle";"44,9040400";" -0,2240700"
"201900004926";"12";"10";"2019";"14:30";"1";"44";"44047";"1";"1";"1";"3";"La Galonniere";"47,2459000";" -1,7289370"
"201900004927";"22";"10";"2019";"16:50";"1";"50";"50041";"1";"2";"1";"3";"Rue du Bacchus Ste Croix Hague";"49,6423510";" -1,7645760"
"201900004928";"22";"10";"2019";"07:00";"3";"50";"50149";"1";"1";"1";"3";"11 Village la Vallee";"49,5545930";" -1,6808480"
"201900004929";"22";"10";"2019";"15:30";"1";"27";"27343";"1";"2";"1";"3";"21 Route de Pacy";"49,0642440";"1,3745820"
"201900004930";"21";"10";"2019";"15:00";"1";"13";"13216";"1";"1";"3";"6";"A55-Sens Marseille vers Martigues";"43,3641957";"5,3407860"
"201900004931";"21";"10";"2019";"13:15";"1";"13";"13215";"1";"1";"3";"7";"A55-Sens Martigues vers Marseille";"43,3736000";"5,1947800"
"201900004932";"20";"10";"2019";"00:00";"5";"13";"13202";"1";"1";"1";"4";"TVPCM-Sens Saint Victor vers Les Ports";"43,2947764";"5,3635697"
"201900004933";"20";"10";"2019";"14:20";"1";"83";"83035";"1";"1";"1";"6";"A50";"43,1614400";"5,7674300"
"201900004934";"21";"10";"2019";"11:50";"1";"33";"33039";"1";"1";"1";"5";"ROCADE A 630";"44,7936700";" -0,5395500"
"201900004935";"21";"10";"2019";"10:40";"1";"33";"33249";"1";"1";"1";"2";"RN230 - moto veut se rendre à la station à carburants";"44,8722400";" -0,5059000"
"201900004936";"20";"10";"2019";"05:40";"3";"59";"59606";"1";"1";"1";"5";"AUTOROUTE A2";"50,3396080";"3,4969820"
"201900004937";"21";"10";"2019";"19:30";"3";"94";"94065";"1";"1";"1";"4";"AUTOROUTE A106";"48,7490434";"2,3570703"
"201900004938";"8";"6";"2019";"21:30";"5";"81";"81307";"2";"1";"1";"6";"avenue de mazamet";"43,5668570";"2,3162760"
"201900004939";"1";"6";"2019";"20:45";"2";"81";"81145";"1";"2";"1";"3";"Les Fortis";"43,8773350";"1,7869140"
"201900004940";"9";"6";"2019";"18:40";"1";"81";"81206";"1";"1";"1";"6";"CD 115 P 0+500";"44,1149170";"1,7268750"
"201900004941";"31";"5";"2019";"19:10";"1";"81";"81319";"1";"9";"1";"1";"Marlaux";"44,0244350";"2,0201770"
"201900004942";"2";"6";"2019";"14:40";"1";"32";"32378";"1";"1";"1";"6";"RD 935 PK 009+200";"43,6777940";" -0,1268430"
"201900004943";"31";"5";"2019";"19:45";"1";"32";"32369";"1";"1";"1";"6";"RD 931";"43,7877280";" -0,0024250"
"201900004944";"13";"6";"2019";"16:25";"1";"32";"32280";"1";"9";"1";"3";"CD 40-PK 1+900";"43,3305260";"0,5691020"
"201900004945";"14";"6";"2019";"18:00";"1";"32";"32208";"1";"9";"2";"3";"Route d'Agen";"43,9349070";"0,6386470"
"201900004946";"31";"5";"2019";"11:30";"1";"32";"32115";"1";"1";"1";"6";"RN 124";"43,7633530";"0,1739480"
"201900004947";"9";"6";"2019";"22:10";"3";"32";"32290";"1";"1";"8";"6";"cd29";"43,9089030";"0,1647420"
"201900004948";"3";"6";"2019";"07:40";"1";"32";"32160";"1";"2";"1";"3";"d634 / d257";"43,5723800";"1,0360330"
"201900004949";"14";"6";"2019";"18:00";"1";"11";"11125";"1";"1";"1";"3";"RD 205- EMBRES ET CASTELMURE";"42,9491910";"2,8310680"
"201900004950";"16";"6";"2019";"17:00";"1";"11";"11170";"2";"1";"7";"6";"Boulevard du Pech Maynaud";"43,1110960";"3,1018400"
"201900004951";"17";"6";"2019";"16:10";"1";"11";"11103";"1";"1";"1";"3";"RD 118";"42,9393030";"2,2410400"
"201900004952";"12";"6";"2019";"12:35";"1";"11";"11015";"1";"1";"1";"6";"Route des Corbières";"42,9525120";"2,3742270"
"201900004953";"2";"6";"2019";"17:30";"1";"11";"11129";"1";"1";"1";"3";"Route déparementale 118";"42,9343660";"2,2203650"
"201900004954";"19";"6";"2019";"18:30";"1";"11";"11239";"1";"1";"1";"7";"RD 624";"43,2768560";"1,8276830"
"201900004955";"8";"6";"2019";"18:40";"1";"11";"11429";"1";"9";"1";"1";"D620 - PK 35+100";"43,2442270";"2,3873010"
"201900004956";"18";"6";"2019";"19:15";"1";"71";"71351";"2";"2";"1";"3";"27 route de Louhans";"46,8729720";"5,2746090"
"201900004957";"19";"6";"2019";"13:00";"1";"71";"71318";"1";"1";"1";"1";"ROUTE DE ROMENAY";"46,5512160";"5,1616620"
"201900004958";"18";"6";"2019";"14:53";"1";"71";"71319";"1";"1";"1";"6";"Route de Louhans";"46,6752150";"5,1128980"
"201900004959";"7";"6";"2019";"16:20";"1";"71";"71263";"2";"1";"1";"7";"1315 Rue du Jura";"46,6326700";"5,2444490"
"201900004960";"13";"6";"2019";"10:00";"1";"71";"71334";"1";"1";"1";"6";"RD52";"46,5688480";"4,1570810"
"201900004961";"16";"6";"2019";"18:00";"1";"71";"71282";"2";"2";"1";"3";"Intersction RD6 et RD680";"46,8370920";"4,3564220"
"201900004962";"14";"6";"2019";"15:20";"1";"71";"71479";"2";"1";"2";"6";"Les Bonnardots";"46,8278390";"4,4012880"
"201900004963";"12";"6";"2019";"16:15";"1";"71";"71310";"1";"9";"1";"6";"RN 70, PK 46";"46,7347570";"4,4759680"
"201900004964";"15";"6";"2019";"22:15";"5";"89";"89348";"2";"3";"1";"3";"Avenue Marcelin Berthelot";"48,0241987";"3,3000814"
"201900004965";"8";"6";"2019";"19:20";"1";"89";"89467";"1";"1";"7";"1";"Route de bonval";"48,2697546";"3,0629593"
"201900004966";"2";"6";"2019";"11:45";"1";"89";"89367";"1";"2";"1";"3";"Intersection D9, D85";"47,6274907";"3,2853466"
"201900004967";"2";"6";"2019";"05:45";"2";"89";"89073";"1";"1";"1";"6";"Départementale 14";"47,7676620";"3,0227930"
"201900004968";"8";"6";"2019";"18:20";"1";"89";"89062";"1";"9";"1";"3";"D8";"47,9136220";"3,8185150"
"201900004969";"6";"6";"2019";"23:15";"3";"89";"89015";"1";"1";"1";"1";"RD606, PK 116";"47,6113963";"3,7575926"
"201900004970";"8";"6";"2019";"16:50";"1";"63";"63418";"1";"1";"7";"1";"D223 - LD Gouttes Mercier";"45,7789280";"3,4776110"
"201900004971";"4";"6";"2019";"09:35";"1";"63";"63180";"1";"2";"1";"3";"D1093 vc  vc rue du bourg";"45,8833020";"3,3166460"
"201900004972";"8";"6";"2019";"16:30";"1";"63";"63430";"1";"1";"1";"7";"D906";"45,8954520";"3,5184980"
"201900004973";"5";"6";"2019";"17:45";"1";"63";"63430";"2";"2";"1";"3";"carrefour route de sainte marguerite / avenue dU général de gaulle";"45,8443030";"3,5198290"