"Num_Acc";"jour";"mois";"an";"hrmn";"lum";"dep";"com";"agg";"int";"atm";"col";"adr";"lat";"long"
"201900004974";"12";"6";"2019";"16:50";"1";"63";"63381";"1";"1";"1";"6";"D559";"45,8087203";"2,9397655"
"201900004975";"1";"6";"2019";"22:20";"3";"63";"63459";"1";"1";"1";"7";"d63, sens décroissant, PK1+800";"46,0155281";"3,3193183"
"201900004976";"3";"6";"2019";"18:00";"1";"63";"63437";"1";"3";"1";"3";"rd922/guzoux";"45,4855300";"2,5720300"
"201900004977";"9";"6";"2019";"09:45";"1";"63";"63161";"2";"1";"3";"7";"Le Prat de La Forie";"45,5926278";"3,7670893"
"201900004978";"2";"6";"2019";"18:05";"1";"63";"63374";"1";"1";"1";"7";"Les Ballays";"45,5275160";"3,8055920"
"201900004979";"1";"6";"2019";"09:00";"1";"63";"63312";"1";"1";"1";"7";"ISSAC - RD 105";"45,3761610";"3,6549160"
"201900004980";"15";"6";"2019";"15:30";"1";"63";"63214";"1";"1";"3";"6";"Rue du Cendre";"45,7045206";"3,1984727"
"201900004981";"2";"6";"2019";"08:45";"1";"63";"63034";"1";"1";"1";"7";"rd 2089";"45,7912100";"3,2975840"
"201900004982";"5";"6";"2019";"04:00";"3";"61";"61214";"2";"1";"1";"6";"11 Avenue du Mont Saint-Michel";"48,7607330";"0,6146870"
"201900004983";"13";"6";"2019";"07:00";"2";"61";"61481";"1";"1";"2";"7";"d3";"48,6325540";"0,3929550"
"201900004984";"7";"6";"2019";"20:30";"2";"55";"55387";"2";"1";"1";"6";"19 Rue Philippe Vayringe";"49,3581730";"5,6398880"
"201900004985";"7";"6";"2019";"00:45";"3";"55";"55502";"1";"1";"1";"7";"RD 964";"49,4768200";"5,2037770"
"201900004986";"13";"5";"2019";"09:55";"2";"55";"55562";"1";"1";"1";"3";"D05 La forestière";"48,6199950";"5,2881710"
"201900004987";"11";"6";"2019";"07:15";"1";"49";"49018";"1";"3";"1";"3";"La Gouleuvre";"47,5426490";" -0,1048990"
"201900004988";"11";"6";"2019";"17:15";"1";"49";"49150";"2";"1";"2";"1";"PLACE DE L EGLISE";"47,5922190";"0,0492030"
"201900004989";"9";"6";"2019";"16:05";"1";"49";"49247";"1";"1";"1";"4";"Route de Savennières";"47,3886790";" -0,7073320"
"201900004990";"1";"6";"2019";"20:15";"1";"49";"49026";"1";"6";"1";"7";"D961";"47,5033637";" -0,8012531"
"201900004991";"4";"6";"2019";"17:30";"1";"49";"49377";"1";"1";"1";"2";"La Dionnière";"47,5492510";" -0,4901370"
"201900004992";"10";"6";"2019";"12:00";"1";"49";"49050";"2";"6";"1";"7";"Rue des Grands Champs (Saint-Saturnin-sur-Loire)";"47,3931650";" -0,4293390"
"201900004993";"29";"5";"2019";"16:40";"1";"49";"49223";"2";"9";"1";"6";"rue des valentin deormeaux s";"47,3974080";" -0,5292990"
"201900004994";"5";"6";"2019";"16:22";"1";"12";"12089";"1";"2";"3";"3";"Route d'Agnac";"44,5752430";"2,2635540"
"201900004995";"5";"6";"2019";"11:25";"1";"12";"12243";"1";"1";"1";"7";"D 3";"43,9955120";"2,9478620"
"201900004996";"17";"6";"2019";"15:30";"1";"12";"12120";"1";"1";"1";"1";"pk 19 RN 88";"44,3639430";"2,8774170"
"201900004997";"1";"6";"2019";"14:24";"1";"12";"12094";"1";"1";"1";"7";"CD920";"44,6554330";"2,5548430"
"201900004998";"7";"6";"2019";"13:35";"1";"42";"42230";"1";"1";"1";"6";"RUE DE VICHY";"45,8352880";"4,0079380"
"201900004999";"4";"6";"2019";"14:35";"1";"42";"42323";"2";"1";"1";"6";"Avenue Irénée Laurent";"45,5675380";"4,2946910"
"201900005000";"14";"6";"2019";"17:40";"1";"42";"42091";"1";"1";"1";"6";"Départementale D14";"45,4175810";"4,0488580"
"201900005001";"8";"6";"2019";"12:30";"1";"42";"42097";"1";"3";"1";"3";"Allée des Perrotins";"45,5112790";"4,3019740"
"201900005002";"18";"6";"2019";"17:45";"1";"42";"42023";"2";"1";"1";"6";"6 Rue de la République";"45,2968170";"4,5594270"
"201900005003";"7";"6";"2019";"19:00";"1";"42";"42329";"1";"1";"8";"3";"D1082";"45,3197310";"4,5224170"
"201900005004";"9";"6";"2019";"03:45";"4";"46";"46330";"2";"1";"1";"6";"82 Avenue du Pré Neuf";"44,9494940";"1,7033080"
"201900005005";"19";"6";"2019";"17:55";"1";"46";"46128";"2";"3";"1";"3";"Avenue Général de Gaulle";"44,7834620";"1,7329470"
"201900005006";"17";"6";"2019";"12:54";"1";"46";"46204";"1";"1";"7";"7";"Route Départmentale 807";"44,6934430";"1,6115400"
"201900005007";"8";"6";"2019";"19:00";"1";"46";"46021";"1";"1";"7";"7";"Route départementale 19";"44,5710330";"1,9158700"
"201900005008";"17";"6";"2019";"16:40";"1";"47";"47081";"1";"2";"7";"4";"Roussous";"44,3385640";"0,6234540"
"201900005009";"19";"6";"2019";"22:55";"5";"47";"47106";"2";"1";"1";"6";"Avenue Léon Jouhaux";"44,4973370";"0,9666380"
"201900005010";"6";"6";"2019";"13:50";"1";"47";"47064";"1";"2";"1";"3";"Santroulis";"44,4095320";"0,9218670"
"201900005011";"11";"6";"2019";"15:50";"1";"47";"47041";"1";"1";"8";"6";"D119";"44,2091540";"0,3954230"
"201900005012";"16";"6";"2019";"17:00";"1";"47";"47310";"1";"1";"1";"7";"lieu dit conte tonneins";"44,3897940";"0,3481250"
"201900005013";"13";"6";"2019";"18:05";"1";"47";"47285";"2";"1";"1";"3";"Cantet";"44,4335250";"0,1122850"
"201900005014";"13";"6";"2019";"14:35";"1";"47";"47226";"1";"1";"1";"6";"CD933";"44,6333140";"0,3531950"
"201900005015";"6";"6";"2019";"00:25";"3";"41";"41235";"1";"1";"1";"2";"La Planchardière";"47,9060420";"0,8791820"
"201900005016";"1";"6";"2019";"04:00";"3";"41";"41237";"1";"2";"1";"3";"route de selles sur cher";"47,3988920";"1,4553080"
"201900005017";"3";"6";"2019";"06:00";"3";"86";"86293";"1";"1";"1";"6";"N10";"46,4049990";"0,2369630"
"201900005018";"16";"6";"2019";"01:00";"5";"34";"34031";"2";"1";"1";"5";"D28";"43,3602680";"3,4341800"
"201900005019";"4";"6";"2019";"15:50";"1";"34";"34313";"1";"1";"1";"1";"RD32";"43,5768100";"3,4829320"
"201900005020";"25";"5";"2019";"11:00";"1";"34";"34292";"1";"1";"1";"6";"lieu dit Roques";"43,6333750";"3,3223210"
"201900005021";"15";"6";"2019";"20:30";"1";"34";"34064";"2";"1";"1";"7";"D142 à 200 mètres de l'intrsection avec D9";"43,8566640";"3,3297350"
"201900005022";"9";"6";"2019";"09:30";"1";"34";"34160";"1";"1";"8";"1";"d908";"43,5651230";"2,9451910"
"201900005023";"23";"5";"2019";"09:40";"1";"68";"68304";"2";"1";"1";"4";"51 Grand Rue";"47,7563370";"7,0493700"
"201900005024";"9";"6";"2019";"08:59";"1";"68";"68082";"1";"1";"1";"6";"RD 2";"47,8789100";"7,3532970"
"201900005025";"7";"6";"2019";"07:35";"1";"68";"68290";"1";"1";"1";"2";"Route départementale 18 Bis";"47,9430650";"7,4467240"
"201900005026";"5";"6";"2019";"18:05";"1";"68";"68140";"2";"1";"1";"3";"RD 2 - rue de Rustenhart";"47,9147370";"7,4453800"
"201900005027";"16";"6";"2019";"22:15";"5";"68";"68042";"2";"1";"1";"6";"rue de michelbach";"47,5962710";"7,4816440"
"201900005028";"16";"6";"2019";"19:15";"1";"68";"68270";"1";"1";"1";"3";"rue de la paix";"47,7858570";"7,2909560"
"201900005029";"5";"6";"2019";"16:30";"1";"68";"68017";"1";"1";"7";"7";"D419";"47,6276760";"7,1691550"
"201900005030";"17";"6";"2019";"18:10";"1";"68";"68191";"2";"2";"1";"1";"14 Rue de l'École";"47,6544270";"7,2875390"
"201900005031";"16";"6";"2019";"14:10";"1";"68";"68356";"1";"1";"1";"2";"route départementle 432";"47,6502810";"7,2644910"
"201900005032";"16";"6";"2019";"17:50";"1";"68";"68338";"1";"1";"1";"6";"D11";"48,0883040";"7,2417990"
"201900005033";"5";"6";"2019";"10:40";"1";"68";"68338";"1";"1";"1";"2";"Route des 3 Épis";"48,0906130";"7,2375190"
"201900005034";"1";"6";"2019";"10:30";"1";"68";"68374";"1";"3";"7";"3";"Saint-Gilles";"48,0739010";"7,2608710"
"201900005035";"20";"5";"2019";"14:00";"1";"68";"68374";"2";"1";"1";"7";"24 Route de Colmar";"48,0683070";"7,3059910"
"201900005036";"31";"5";"2019";"09:50";"1";"22";"22247";"2";"1";"1";"6";"16 Rue de l'Église";"48,7315130";" -3,2424720"
"201900005037";"9";"6";"2019";"03:00";"3";"22";"22245";"1";"1";"1";"7";"Kernalegan";"48,6457590";" -3,3831320"
"201900005038";"9";"6";"2019";"00:05";"4";"22";"22217";"2";"1";"1";"7";"hent ar iliz";"48,5111810";" -3,5625300"
"201900005039";"20";"6";"2019";"13:45";"1";"22";"22295";"1";"1";"1";"7";"Resaudy";"48,2261985";" -2,9542091"
"201900005040";"16";"6";"2019";"16:40";"1";"22";"22079";"1";"1";"1";"3";"LE MONTIER";"48,3849631";" -2,7514465"
"201900005041";"31";"5";"2019";"19:35";"1";"22";"22046";"1";"1";"1";"7";"lieu dit la tournée";"48,2554208";" -2,5088267"
"201900005042";"25";"5";"2019";"14:15";"1";"22";"22046";"2";"4";"1";"6";"rue andré fauchet";"48,2896811";" -2,4173818"
"201900005043";"4";"6";"2019";"20:10";"1";"39";"39405";"1";"3";"1";"3";"N/A";"47,0142930";"5,4946100"
"201900005044";"18";"6";"2019";"18:20";"1";"39";"39176";"1";"3";"1";"3";"N/A";"47,0076790";"5,7736290"
"201900005045";"15";"6";"2019";"16:00";"1";"39";"39133";"1";"2";"1";"3";"N/A";"46,8854940";"5,8788520"
"201900005046";"2";"6";"2019";"11:30";"1";"39";"39306";"2";"1";"1";"3";"La Fontaine aux Daims";"46,6573040";"5,5396870"
"201900005047";"13";"6";"2019";"20:00";"2";"25";"25373";"2";"1";"1";"6";"11 Rue du Bizot";"47,1543140";"6,6791680"
"201900005048";"14";"6";"2019";"18:30";"1";"25";"25114";"2";"1";"1";"6";"44 grande rue";"47,3479390";"6,8413390"
"201900005049";"13";"6";"2019";"16:00";"1";"25";"25429";"2";"1";"1";"1";"Rue de Besançon";"47,2869920";"6,1397630"
"201900005050";"31";"5";"2019";"23:45";"3";"25";"25212";"2";"1";"1";"2";"RD 75";"47,2671230";"5,9867330"
"201900005051";"10";"6";"2019";"14:40";"1";"44";"44189";"1";"3";"1";"3";"Travers";"47,4376140";" -2,1648270"
"201900005052";"9";"6";"2019";"16:25";"1";"44";"44161";"1";"1";"3";"5";"d773";"47,5269720";" -2,0486120"
"201900005053";"1";"6";"2019";"09:35";"1";"44";"44098";"1";"2";"1";"3";"Rue de Bercehan-Bergon";"47,4618148";" -2,2080269"
"201900005054";"13";"3";"2019";"12:15";"5";"44";"44013";"1";"1";"1";"6";"N/A";"47,3707624";" -2,0419797"
"201900005055";"2";"6";"2019";"00:01";"3";"44";"44151";"2";"1";"1";"6";"Rue de la Brière";"47,3162490";" -2,3015790"
"201900005056";"31";"5";"2019";"19:20";"1";"44";"44151";"2";"1";"1";"3";"18 Route d'Avrillac";"47,3158860";" -2,3449710"
"201900005057";"28";"5";"2019";"06:40";"2";"44";"44032";"1";"9";"1";"2";"RN 249 - PK 11+600";"47,1644212";" -1,3690209"
"201900005058";"12";"6";"2019";"16:30";"1";"44";"44043";"2";"9";"1";"6";"Place des Douves";"47,0861640";" -1,2841130"
"201900005059";"11";"6";"2019";"19:20";"1";"44";"44014";"1";"1";"2";"1";"D11";"47,1009490";" -1,5021690"
"201900005060";"3";"6";"2019";"17:45";"1";"44";"44014";"1";"3";"7";"3";"RD137";"47,1296730";" -1,5040260"
"201900005061";"15";"6";"2019";"11:00";"1";"44";"44145";"1";"1";"1";"2";"Launay";"47,1962920";" -1,8355370"
"201900005062";"8";"6";"2019";"21:45";"2";"44";"44164";"1";"1";"1";"7";"D61";"47,1151930";" -1,8998460"
"201900005063";"2";"6";"2019";"14:30";"1";"44";"44023";"1";"1";"1";"1";"La Haie";"47,3976850";" -1,8684530"
"201900005064";"30";"5";"2019";"17:50";"1";"44";"44048";"1";"2";"1";"1";"Les Pourières  D21";"47,3621820";" -1,3292520"
"201900005065";"15";"6";"2019";"18:35";"1";"35";"35105";"1";"1";"2";"1";"Mont de Boeuf";"48,1298420";" -1,1204890"
"201900005066";"7";"6";"2019";"12:00";"1";"35";"35247";"1";"1";"1";"6";"La Roche Blanche";"48,5776650";" -1,5992440"
"201900005067";"14";"6";"2019";"12:00";"1";"35";"35162";"1";"1";"1";"6";"La pierrelaye";"48,4789912";" -1,1464915"
"201900005068";"16";"6";"2019";"16:00";"1";"29";"29150";"1";"3";"1";"3";"lieu dit le guilly";"47,8195564";" -3,6518040"
"201900005069";"18";"6";"2019";"10:00";"2";"29";"29062";"1";"4";"1";"7";"ty ar prat";"48,1589640";" -3,9268930"
"201900005070";"18";"6";"2019";"09:30";"1";"29";"29029";"1";"9";"2";"2";"échangeur de Kerdivoal";"48,2553210";" -3,6176026"
"201900005071";"31";"5";"2019";"12:30";"1";"29";"29112";"1";"1";"7";"1";"La Roche Plate";"48,4903148";" -4,7238514"
"201900005072";"2";"6";"2019";"07:50";"1";"29";"29177";"1";"1";"1";"1";"Kerveatouz Plouarzel";"48,4360985";" -4,6642935"
"201900005073";"28";"5";"2019";"16:30";"1";"29";"29076";"2";"2";"1";"6";"Rue du ponant";"48,4612760";" -4,5725400"
"201900005074";"10";"6";"2019";"03:45";"3";"29";"29011";"1";"1";"1";"7";"Route de Ploudalmézeau";"48,4398350";" -4,5103840"
"201900005075";"2";"6";"2019";"16:00";"1";"29";"29235";"2";"1";"2";"6";"Rue Jules Ferry";"48,3977520";" -4,4192630"
"201900005076";"11";"6";"2019";"13:15";"1";"29";"29216";"2";"1";"2";"2";"Rue de Pouldreuzic";"47,9799890";" -4,1812470"
"201900005077";"11";"6";"2019";"19:10";"1";"29";"29216";"1";"1";"3";"2";"PENC'HOAD";"47,9930360";" -4,1899210"
"201900005078";"31";"5";"2019";"11:00";"1";"31";"31208";"1";"1";"1";"6";"RD 26";"43,0598830";"0,8080980"
"201900005079";"3";"6";"2019";"14:30";"1";"31";"31424";"2";"1";"1";"1";"rue de la Gravette";"43,5605790";"1,3009180"
"201900005080";"1";"6";"2019";"11:40";"1";"31";"31584";"2";"6";"1";"6";"Avenue du Général Leclerc";"43,8562470";"1,4999340"
"201900005081";"2";"6";"2019";"15:10";"1";"38";"38130";"1";"1";"1";"3";"D 519";"45,3469600";"5,2528100"
"201900005082";"7";"6";"2019";"06:10";"1";"38";"38559";"1";"1";"1";"1";"D 22 ";"45,1954100";"5,4198300"
"201900005083";"1";"6";"2019";"15:40";"1";"38";"38058";"2";"1";"7";"6";"Le Grand Chemin";"45,3464400";"5,3035700"
"201900005084";"23";"3";"2019";"12:45";"1";"38";"38174";"2";"2";"1";"1";"ROUTE DE LYON";"45,3932700";"5,3607900"
"201900005085";"8";"6";"2019";"05:00";"2";"38";"38075";"1";"1";"1";"1";"D 590";"45,4624300";"5,9898700"
"201900005086";"12";"6";"2019";"23:00";"5";"38";"38435";"1";"1";"1";"1";"Route Départementale 30";"45,2825710";"5,8484210"
"201900005087";"23";"3";"2019";"16:15";"1";"38";"38422";"1";"1";"1";"6";"d111";"45,1444540";"5,8871850"
"201900005088";"18";"6";"2019";"11:40";"1";"38";"38229";"2";"1";"1";"6";"Avenue de Verdun";"45,2048000";"5,7641400"
"201900005089";"24";"4";"2019";"19:55";"1";"38";"38249";"1";"9";"1";"5";"D11";"45,2267050";"5,8025580"
"201900005090";"12";"6";"2019";"14:15";"1";"38";"38354";"1";"3";"1";"3";"D82 - route de voissant";"45,4926900";"5,7061890"
"201900005091";"15";"6";"2019";"19:10";"1";"38";"38065";"1";"1";"1";"1";"7 Route de Grenoble";"45,4459010";"5,4042870"
"201900005092";"5";"6";"2019";"19:00";"2";"2";"02760";"2";"1";"1";"6";"Rue des Deux Drucbert";"50,0214940";"3,5620020"
"201900005093";"7";"6";"2019";"18:30";"1";"2";"02420";"1";"1";"1";"7";"LE TRONQUOY";"49,9113800";"3,2959700"
"201900005094";"3";"6";"2019";"09:10";"1";"2";"02057";"1";"3";"8";"3";"D932";"49,9910050";"3,3322450"
"201900005095";"13";"6";"2019";"19:25";"1";"2";"02032";"1";"9";"1";"4";"Rue de la Guinguette";"49,7800820";"3,1180220"
"201900005096";"2";"6";"2019";"12:15";"1";"2";"02816";"1";"1";"7";"1";"lieu dit balanchere";"49,1507610";"3,5370060"
"201900005097";"10";"6";"2019";"05:15";"3";"84";"84148";"1";"1";"1";"6";"1401 Lieu-dit Jas de Gassin";"44,0570340";"5,2330330"
"201900005098";"1";"6";"2019";"22:34";"5";"84";"84072";"2";"1";"1";"6";"route de carpentras";"44,0586830";"5,1114130"
"201900005099";"20";"6";"2019";"09:15";"1";"84";"84002";"1";"1";"1";"5";"La Route";"43,7415210";"5,5093320"
"201900005100";"18";"6";"2019";"15:20";"1";"84";"84102";"1";"1";"1";"6";"Départementale 2";"43,9201030";"5,2780430"
"201900005101";"12";"6";"2019";"13:45";"1";"3";"03254";"2";"1";"1";"3";"3B route de Moulins";"46,3134683";"3,2871316"
"201900005102";"8";"6";"2019";"15:34";"1";"3";"03107";"2";"3";"1";"3";"route de Chouvigny";"46,1136826";"3,0824129"
"201900005103";"6";"6";"2019";"19:15";"1";"3";"03001";"1";"1";"1";"6";"Sentier André Monnot";"46,0898325";"3,4534315"
"201900005104";"25";"5";"2019";"16:00";"1";"3";"03052";"2";"1";"1";"3";"route des Artisans";"46,3333358";"2,7027816"
"201900005105";"7";"6";"2019";"01:00";"3";"3";"03301";"1";"1";"1";"7";"Les Bernards";"46,4190290";"2,5907060"
"201900005106";"15";"6";"2019";"14:30";"1";"3";"03260";"1";"1";"2";"7";"les Fougères";"46,4332189";"3,0006540"
"201900005107";"6";"6";"2019";"11:05";"1";"3";"03170";"1";"1";"1";"1";"N/A";"46,5104533";"3,0840693"
"201900005108";"14";"8";"2019";"06:15";"2";"60";"60070";"1";"1";"5";"7";"Bienville";"49,4386450";"2,8202320"
"201900005109";"5";"6";"2019";"20:05";"1";"15";"15175";"1";"3";"2";"7";"Rosiers";"45,0593960";"2,4066870"
"201900005110";"1";"6";"2019";"07:05";"2";"1";"01304";"1";"1";"1";"6";"route départementale 1075";"46,0631310";"5,3313760"
"201900005111";"13";"6";"2019";"08:35";"1";"1";"01079";"2";"9";"1";"6";"Route du Col de Richemont";"45,9096980";"5,6836890"
"201900005112";"14";"6";"2019";"21:25";"3";"1";"01179";"1";"2";"1";"3";"RD933 PK 33+600";"46,2452690";"4,8667620"
"201900005113";"16";"6";"2019";"11:15";"1";"1";"01196";"1";"1";"1";"1";"Route de Chalon";"46,3890090";"5,1159300"
"201900005114";"8";"6";"2019";"12:45";"1";"1";"01335";"1";"1";"1";"3";"Route de la Dombes";"46,1130970";"5,0755250"
"201900005115";"11";"6";"2019";"14:30";"1";"70";"70147";"2";"1";"2";"6";"rue de la maisonnette 7000";"47,5618100";"6,6585660"
"201900005116";"17";"6";"2019";"14:10";"1";"70";"70283";"2";"1";"1";"7";"Les Chaseaux";"47,8536750";"6,7350400"
"201900005117";"13";"6";"2019";"18:20";"1";"70";"70120";"2";"1";"1";"3";"avenue de la gare";"47,7031160";"6,6966190"
"201900005118";"5";"6";"2019";"17:45";"1";"70";"70339";"1";"2";"1";"3";"D486/d131";"47,7431960";"6,5563010"
"201900005119";"5";"6";"2019";"15:00";"1";"70";"70514";"2";"2";"1";"3";"carrefour rue SAINTE BARBE rue de la LIBERTE et rue duLAVOIR";"47,3410660";"5,6339030"
"201900005120";"1";"6";"2019";"23:00";"3";"70";"70167";"1";"1";"1";"6";"Lieu dit le Moulin Rouge";"47,7327040";"6,0428390"
"201900005121";"4";"6";"2019";"20:00";"1";"70";"70202";"1";"1";"1";"6";"RD417";"47,9319205";"6,0759561"
"201900005122";"15";"6";"2019";"11:00";"1";"26";"26275";"1";"1";"1";"6";"D8 PK 13+400";"44,2494800";"4,8558720"
"201900005123";"2";"6";"2019";"11:15";"1";"26";"26357";"1";"1";"1";"2";"Route de Nyons";"44,2907760";"4,9677730"
"201900005124";"31";"5";"2019";"00:10";"3";"26";"26360";"1";"1";"1";"2";"Route de Montelimar";"44,4209290";"4,8158230"
"201900005125";"16";"6";"2019";"19:30";"1";"26";"26113";"1";"1";"1";"1";"Route d'Ausson";"44,7402880";"5,3815520"
"201900005126";"10";"6";"2019";"18:00";"1";"26";"26248";"1";"1";"3";"3";"RD93";"44,7344920";"5,2669280"
"201900005127";"10";"6";"2019";"23:00";"3";"26";"26006";"1";"1";"2";"3";"Route de Livron";"44,7658380";"4,9035410"
"201900005128";"17";"6";"2019";"09:30";"1";"58";"58059";"2";"1";"1";"6";"Grande Rue";"47,1771740";"3,0166340"
"201900005129";"9";"6";"2019";"18:15";"1";"58";"58265";"1";"1";"1";"1";"Route départementale 4";"47,3363260";"3,0265910"
"201900005130";"15";"6";"2019";"12:15";"1";"58";"58205";"1";"1";"8";"3";"RD 301";"47,2026270";"3,9522340"
"201900005131";"17";"8";"2019";"09:20";"1";"62";"62235";"2";"1";"2";"2";"2 Rue Nouvelle";"50,6464790";"1,6251650"
"201900005132";"14";"8";"2019";"17:20";"1";"62";"62300";"2";"1";"2";"6";"95 Rue Charles Cazin";"50,6730438";"1,5716372"
"201900005133";"13";"8";"2019";"02:00";"5";"59";"59053";"1";"1";"8";"6";"14 Rue des Platanes";"50,3010830";"3,7960160"
"201900005134";"14";"7";"2019";"02:35";"3";"59";"59452";"1";"1";"1";"7";"Rue Émile Macquart";"50,4706970";"3,0459670"
"201900005135";"16";"8";"2019";"08:20";"1";"13";"13071";"1";"1";"1";"2";"A51-Sens Aix en Provence vers Marseille";"43,4110200";"5,3639800"
"201900005136";"17";"8";"2019";"01:20";"3";"13";"13033";"1";"1";"1";"3";"A55-Sens Martigues vers Marseille";"43,3795000";"5,2057220"
"201900005137";"15";"8";"2019";"17:30";"1";"13";"13071";"1";"1";"1";"6";"A7-Sens Marseille vers Lyon";"43,4071000";"5,3320000"
"201900005138";"10";"8";"2019";"22:15";"3";"13";"13088";"1";"1";"1";"3";"A55-Sens Marseille vers Martigues";"43,3917300";"5,2573700"
"201900005139";"11";"8";"2019";"01:00";"3";"13";"13005";"1";"1";"1";"2";"A50-Sens Aubagne vers Marseille";"43,2872500";"5,5412500"
"201900005140";"13";"8";"2019";"07:00";"2";"13";"13071";"1";"1";"1";"7";"A55-Sens Martigues vers Marseille";"43,3966000";"5,2859000"
"201900005141";"12";"8";"2019";"23:35";"3";"13";"13085";"1";"1";"1";"6";"A50-Sens Aubagne vers Toulon";"43,2430351";"5,5943076"
"201900005142";"13";"8";"2019";"18:05";"1";"83";"83144";"1";"1";"1";"5";"A57";"43,1334900";"5,9847600"
"201900005143";"17";"8";"2019";"07:30";"1";"1";"01248";"1";"1";"1";"2";"A46N   14.305 A 17.210";"45,8973074";"4,8861193"
"201900005144";"16";"8";"2019";"14:30";"1";"69";"69204";"1";"1";"1";"7";"A450   1.740 A 5.100";"45,6743000";"4,7817900"
"201900005145";"14";"8";"2019";"15:45";"1";"69";"69091";"1";"1";"1";"2";"A47   1.809 A 5.620";"45,5855200";"4,7515200"
"201900005146";"13";"8";"2019";"16:10";"1";"42";"42218";"1";"1";"1";"3";"A72";"45,4663500";"4,3786300"
"201900005147";"7";"8";"2019";"05:35";"2";"67";"67152";"1";"1";"1";"6";"Route Nationale 83";"48,5306000";"7,6932100"
"201900005148";"12";"8";"2019";"19:45";"1";"67";"67218";"1";"1";"3";"6";"R.N. 353";"48,4999400";"7,7352000"
"201900005149";"17";"8";"2019";"23:20";"3";"33";"33281";"1";"1";"1";"5";"ROCADE A 630";"44,8411930";" -0,6741560"
"201900005150";"16";"8";"2019";"10:40";"1";"33";"33249";"1";"1";"1";"4";"ROUTE NATIONALE 230";"44,8812200";" -0,5108400"
"201900005151";"14";"8";"2019";"05:15";"3";"33";"33318";"1";"1";"1";"2";"ROCADE A 630";"44,7876550";" -0,6379180"
"201900005152";"27";"7";"2019";"16:07";"1";"59";"59178";"1";"1";"1";"2";"AUTOROUTE A21";"50,3987300";"3,1121470"
"201900005153";"19";"7";"2019";"17:45";"1";"62";"62528";"1";"1";"1";"2";"AUTOROUTE A21";"50,4507410";"2,7993360"
"201900005154";"17";"7";"2019";"17:50";"1";"62";"62274";"1";"1";"1";"2";"AUTOROUTE A1";"50,4330300";"2,9786100"
"201900005155";"17";"8";"2019";"16:05";"1";"91";"91521";"1";"1";"2";"7";"RN 104";"48,6372000";"2,4005000"
"201900005156";"14";"8";"2019";"16:45";"1";"91";"91064";"1";"1";"1";"2";"RN 118";"48,7481300";"2,1933300"
"201900005157";"14";"8";"2019";"14:44";"1";"77";"77251";"1";"1";"1";"3";"AUTOROUTE A5A";"48,6207300";"2,5476600"
"201900005158";"14";"8";"2019";"09:02";"1";"91";"91136";"1";"1";"1";"3";"RD 188 PARIS / A 10 PROVINCE";"48,7151900";"2,2660900"
"201900005159";"17";"8";"2019";"21:35";"3";"92";"92036";"1";"1";"3";"7";"A86";"48,9338287";"2,2732498"
"201900005160";"16";"8";"2019";"21:10";"5";"78";"78362";"1";"1";"8";"7";"A13";"48,9759000";"1,7232000"
"201900005161";"15";"8";"2019";"02:15";"3";"78";"78455";"1";"1";"2";"6";"A13";"48,8532070";"2,0625840"
"201900005162";"12";"8";"2019";"18:10";"1";"78";"78640";"1";"1";"1";"2";"A86 INT";"48,7807080";"2,1780560"
"201900005163";"17";"8";"2019";"21:30";"3";"93";"93053";"1";"1";"3";"6";"AUTOROUTE A103";"48,8876600";"2,4726100"
"201900005164";"17";"8";"2019";"21:30";"3";"95";"95572";"1";"1";"3";"6";"RN 184";"49,0326000";"2,1110000"
"201900005165";"17";"8";"2019";"17:25";"1";"93";"93027";"1";"1";"2";"3";"AUTOROUTE A86";"48,9285100";"2,4135500"
"201900005166";"17";"8";"2019";"16:35";"1";"93";"93064";"1";"1";"2";"4";"AUTOROUTE A86";"48,8791700";"2,4763400"
"201900005167";"17";"8";"2019";"14:30";"1";"93";"93027";"1";"1";"3";"6";"AUTOROUTE A86";"48,9278500";"2,4095800"
"201900005168";"17";"8";"2019";"13:30";"1";"93";"93053";"1";"1";"3";"6";"AUTOROUTE A103";"48,8878500";"2,4724100"
"201900005169";"17";"8";"2019";"11:30";"1";"93";"93053";"1";"1";"2";"6";"AUTOROUTE A86";"48,9007600";"2,4693000"
"201900005170";"17";"8";"2019";"08:40";"1";"93";"93053";"1";"1";"2";"6";"AUTOROUTE A103";"48,8880900";"2,4724000"
"201900005171";"17";"8";"2019";"06:30";"2";"93";"93005";"1";"1";"2";"6";"AUTOROUTE A3";"48,9457400";"2,4768200"
"201900005172";"15";"8";"2019";"17:30";"1";"95";"95018";"1";"1";"1";"6";"AUTOROUTE A15";"48,9576000";"2,2742000"