"Num_Acc";"jour";"mois";"an";"hrmn";"lum";"dep";"com";"agg";"int";"atm";"col";"adr";"lat";"long"
"201900005173";"14";"8";"2019";"23:45";"4";"93";"93005";"1";"1";"1";"6";"AUTOROUTE A3";"48,9616400";"2,4664200"
"201900005174";"14";"8";"2019";"08:45";"1";"93";"93053";"1";"1";"1";"2";"AUTOROUTE A3";"48,8833600";"2,4579600"
"201900005175";"14";"8";"2019";"09:40";"1";"95";"95604";"1";"1";"1";"7";"AUTOROUTE A1";"49,1041000";"2,5510800"
"201900005176";"14";"8";"2019";"05:41";"3";"95";"95219";"1";"1";"1";"3";"AUTOROUTE A115";"48,9918200";"2,2453100"
"201900005177";"13";"8";"2019";"19:50";"1";"93";"93066";"1";"1";"1";"6";"AUTOROUTE A1";"48,9299100";"2,3641600"
"201900005178";"13";"8";"2019";"15:30";"1";"93";"93013";"1";"1";"1";"3";"AUTOROUTE A1";"48,9423700";"2,4318400"
"201900005179";"13";"8";"2019";"10:35";"1";"60";"60494";"1";"1";"1";"4";"AUTOROUTE A1";"49,1142000";"2,5542300"
"201900005180";"12";"8";"2019";"17:00";"1";"93";"93066";"1";"1";"3";"6";"AUTOROUTE A1";"48,9279800";"2,3574900"
"201900005181";"17";"8";"2019";"17:50";"1";"94";"94052";"1";"1";"2";"6";"A86.EXT";"48,8358740";"2,4941386"
"201900005182";"17";"8";"2019";"15:45";"1";"77";"77249";"1";"1";"3";"6";"RN104";"48,7575890";"2,6155610"
"201900005183";"17";"8";"2019";"12:00";"1";"77";"77337";"1";"1";"2";"6";"RN104";"48,8298120";"2,6189620"
"201900005184";"17";"8";"2019";"10:30";"1";"77";"77514";"1";"1";"2";"6";"A104";"48,9387200";"2,6282900"
"201900005185";"15";"8";"2019";"10:40";"1";"94";"94018";"1";"1";"1";"2";"A4";"48,8176000";"2,4164000"
"201900005186";"15";"8";"2019";"07:45";"1";"77";"77294";"1";"1";"1";"5";"A104";"48,9599312";"2,6206420"
"201900005187";"14";"8";"2019";"15:25";"1";"94";"94042";"1";"1";"1";"7";"A4";"48,7639581";"2,3420715"
"201900005188";"13";"8";"2019";"22:20";"3";"94";"94069";"1";"1";"2";"4";"A4";"48,8175100";"2,4332400"
"201900005189";"11";"8";"2019";"19:30";"1";"94";"94018";"1";"1";"1";"4";"A4";"48,8204310";"2,4018740"
"201900005190";"26";"7";"2019";"18:08";"1";"86";"86066";"2";"2";"1";"3";"HUGO (BOULEVARD VICTOR)";"46,8153700";"0,5473500"
"201900005191";"11";"8";"2019";"16:45";"1";"72";"72181";"2";"1";"1";"3";"COURBOULAY PAUL (RUE)";"48,0030000";"0,1914200"
"201900005192";"10";"8";"2019";"22:35";"5";"63";"63113";"2";"1";"1";"7";"BARBIER DAUBREE (AVENUE)";"45,7868400";"3,0892200"
"201900005193";"9";"8";"2019";"17:47";"1";"63";"63113";"2";"2";"1";"3";"CARTOUCHERIE (RUE DE LA)";"45,7780500";"3,1157600"
"201900005194";"11";"8";"2019";"06:55";"1";"45";"45234";"2";"3";"1";"6";"R DU 131E REGIMENT D'INFANTERIE - R DES MURLINS)";"47,9176100";"1,8938700"
"201900005195";"11";"8";"2019";"02:05";"5";"6";"06088";"2";"9";"1";"6";"ANGLAIS (DU N° 114 AU N° 263)";"43,6851295";"7,2359898"
"201900005196";"19";"6";"2019";"13:40";"1";"6";"06069";"2";"1";"1";"7";"MARIGARDE (ROUTE DE LA)";"43,6538803";"6,9346141"
"201900005197";"19";"6";"2019";"06:50";"2";"6";"06069";"2";"1";"1";"1";"ZILLER (AVENUE PIERRE)";"43,6789100";"6,9476700"
"201900005198";"12";"8";"2019";"00:10";"5";"3";"03095";"2";"2";"1";"6";"avenue de la Liberté";"46,1248055";"3,4376552"
"201900005199";"10";"8";"2019";"10:05";"1";"83";"83027";"1";"1";"1";"6";"A50";"43,1787100";"5,7696100"
"201900005200";"12";"8";"2019";"18:45";"3";"976";"97611";"2";"1";"1";"6";"kaweni-Poste ( rue de la )";" -12,7707700";"45,2157100"
"201900005201";"11";"8";"2019";"15:58";"1";"974";"97407";"2";"1";"1";"6";"MASCAREIGNES(BOULEVARD)";" -20,9465400";"55,3042100"
"201900005202";"12";"8";"2019";"13:39";"1";"972";"97213";"1";"1";"1";"3";"ROUTE NATIONALE 5";"14,5967700";" -60,9869000"
"201900005203";"12";"8";"2019";"08:15";"1";"69";"69389";"2";"1";"2";"7";"AUTOROUTE A6                        (XX)";"45,7727300";"4,7897100"
"201900005204";"12";"8";"2019";"15:42";"1";"2A";"2A004";"1";"1";"1";"1";"ILES SANGUINAIRES ROUTE DES";"41,9059200";"8,6721300"
"201900005205";"10";"8";"2019";"17:19";"1";"87";"87085";"2";"1";"1";"6";"CARNOT (BOULEVARD)";"45,8327400";"1,2596100"
"201900005206";"9";"8";"2019";"17:05";"1";"87";"87085";"2";"3";"1";"5";"REVOLUTION (AVENUE DE LA)";"45,8247900";"1,2590100"
"201900005207";"11";"8";"2019";"14:57";"1";"87";"87113";"2";"1";"1";"6";"CARNOT (AVENUE SADI)";"45,8676000";"1,3241200"
"201900005208";"9";"8";"2019";"05:30";"5";"87";"87085";"2";"2";"1";"6";"GARIBALDI (AVENUE)";"45,8344500";"1,2609200"
"201900005209";"11";"8";"2019";"16:30";"1";"80";"80489";"2";"1";"1";"6";"R HENRI BARBUSSE";"49,8711000";"2,3557700"
"201900005210";"9";"8";"2019";"10:55";"1";"76";"76540";"2";"1";"2";"2";"NEUFCHATEL. ROUTE DE";"49,4528500";"1,0993600"
"201900005211";"12";"8";"2019";"21:40";"5";"69";"69256";"2";"2";"1";"3";"ROGER SALENGRO                      (R )";"45,7627000";"4,9293400"
"201900005212";"9";"8";"2019";"17:15";"1";"69";"69091";"2";"9";"1";"6";"CHARLES SIMON ( R )";"45,5842100";"4,7715140"
"201900005213";"12";"8";"2019";"08:45";"1";"67";"67482";"2";"1";"8";"6";"SHAKESPEARE (AVENUE)";"48,5944650";"7,7037710"
"201900005214";"12";"8";"2019";"05:20";"2";"67";"67482";"2";"3";"1";"3";"PLAINE DES BOUCHERS (RUE DE LA)";"48,5691900";"7,7391300"
"201900005215";"9";"8";"2019";"10:00";"1";"67";"67482";"2";"1";"1";"6";"THUMENAU (RUE DE LA)";"48,5717000";"7,7517900"
"201900005216";"11";"8";"2019";"11:20";"1";"66";"66136";"2";"1";"1";"3";"ROTTERDAM (ROND POINT DE)";"42,6941367";"2,8501754"
"201900005217";"10";"8";"2019";"21:50";"5";"66";"66136";"2";"2";"1";"3";"DALBIEZ (AVENUE VICTOR)";"42,6846800";"2,8820600"
"201900005218";"12";"8";"2019";"15:06";"1";"65";"65440";"1";"9";"1";"4";"PAU (ROND POINT DE)";"43,2377050";"0,0421147"
"201900005219";"9";"8";"2019";"12:15";"1";"64";"64122";"2";"1";"1";"7";"PIOCHE (AVENUE-IMPASSE DE)";"43,4699000";" -1,5606400"
"201900005220";"10";"8";"2019";"13:15";"1";"64";"64102";"2";"1";"8";"7";"FORGUES FERNAND (AVENUE)";"43,4873399";" -1,4812647"
"201900005221";"9";"8";"2019";"18:15";"1";"64";"64102";"2";"1";"1";"6";"REDUIT (PLACE DU)";"43,4929500";" -1,4731000"
"201900005222";"8";"8";"2019";"20:00";"1";"64";"64102";"2";"2";"1";"3";"LOUIS DE FOIX (AVENUE)";"43,5065010";" -1,4672457"
"201900005223";"31";"7";"2019";"12:10";"1";"59";"59350";"2";"3";"1";"6";"TOURNAI RUE DE";"50,6333700";"3,0749100"
"201900005224";"9";"8";"2019";"22:45";"5";"55";"55545";"2";"2";"1";"3";"MIRIBEL ( AVENUE )";"49,1676400";"5,3942800"
"201900005225";"11";"8";"2019";"20:01";"1";"51";"51108";"2";"1";"1";"7";"RUE DU 8 MAI 1945";"48,9782200";"4,3556000"
"201900005226";"12";"8";"2019";"09:00";"1";"50";"50129";"2";"1";"2";"2";"MENDES FRANCE (BOULEVARD)";"49,6338900";" -1,6225500"
"201900005227";"10";"8";"2019";"09:45";"1";"49";"49007";"2";"1";"1";"7";"CHALOUERE";"47,4757100";" -0,5455700"
"201900005228";"6";"8";"2019";"20:05";"1";"40";"40192";"2";"1";"1";"6";"DUPOUY (AV JEAN)";"43,8944500";" -0,4652000"
"201900005229";"13";"8";"2019";"02:00";"5";"37";"37261";"2";"1";"1";"6";"PREUILLY (BOULEVARD)";"47,3940900";"0,6737100"
"201900005230";"12";"8";"2019";"22:15";"5";"37";"37261";"2";"2";"1";"3";"SEBASTOPOL (RUE)";"47,3886400";"0,6846000"
"201900005231";"8";"8";"2019";"14:45";"1";"35";"35238";"2";"6";"1";"7";"LORIENT (DE)";"48,1091200";" -1,6977300"
"201900005232";"9";"8";"2019";"13:55";"1";"31";"31555";"2";"1";"1";"2";"AV LOUIS BAZERQUE";"43,5799300";"1,3955400"
"201900005233";"9";"8";"2019";"08:45";"1";"31";"31555";"2";"1";"1";"3";"EISENHOWER (AVENUE DU GENERAL)";"43,5498200";"1,4177400"
"201900005234";"13";"7";"2019";"15:31";"1";"28";"28220";"2";"9";"1";"4";"MARCEAU (RUE)";"48,4267700";"1,4726300"
"201900005235";"9";"8";"2019";"14:20";"1";"22";"22187";"1";"1";"6";"1";"ROUSSEAU (RUE)";"48,5411200";" -2,8134700"
"201900005236";"12";"8";"2019";"18:57";"1";"17";"17300";"2";"3";"1";"3";"REAUMUR   RUE";"46,1572400";" -1,1569100"
"201900005237";"12";"8";"2019";"18:10";"1";"17";"17300";"2";"1";"1";"3";"LECLERC   AVENUE DU GENERAL";"46,1599300";" -1,1676100"
"201900005238";"9";"8";"2019";"16:50";"1";"15";"15014";"2";"2";"1";"3";"MONRAISSE (AVENUE DU COMMANDANT)";"44,9133700";"2,4331500"
"201900005239";"12";"8";"2019";"15:45";"1";"14";"14079";"2";"4";"1";"6";"MICHEL D'ORNANO (AVENUE)";"49,3409900";"0,0331000"
"201900005240";"8";"8";"2019";"09:15";"1";"14";"14118";"2";"2";"1";"3";"FALAISE (RUE DE -144)";"49,1725400";" -0,3545200"
"201900005241";"12";"8";"2019";"18:20";"1";"13";"13211";"2";"1";"1";"3";"AUDIENCE (RUE DE L')";"43,2953800";"5,4889200"
"201900005242";"12";"8";"2019";"16:05";"1";"13";"13215";"2";"3";"1";"3";"SAINT LOUIS (AVENUE DE)";"43,3440610";"5,3594490"
"201900005243";"12";"8";"2019";"12:15";"1";"13";"13209";"2";"1";"1";"3";"JOSEPH AIGUIER (CHEMIN)";"43,2523900";"5,4101200"
"201900005244";"12";"8";"2019";"11:40";"1";"13";"13201";"2";"2";"1";"3";"JULES GUESDE (PLACE)";"43,3015070";"5,3739550"
"201900005245";"12";"8";"2019";"18:30";"1";"13";"13005";"1";"3";"1";"3";"SOLLANS (CHEMIN DES)";"43,3072800";"5,5735100"
"201900005246";"11";"8";"2019";"22:10";"5";"13";"13005";"2";"6";"1";"6";"CAMP DE SARLIER ROUTE DE GEMENOS";"43,2979500";"5,5908400"
"201900005247";"12";"8";"2019";"16:30";"1";"7";"07331";"2";"3";"1";"1";"ANTRAIGUES ( RUE)";"44,6791820";"4,3673600"
"201900005248";"12";"8";"2019";"11:59";"1";"6";"06088";"2";"4";"1";"3";"COLOMARS (ROUTE DE)";"43,7515114";"7,2008210"
"201900005249";"12";"8";"2019";"11:45";"1";"6";"06027";"2";"1";"1";"6";"TILLEULS ALLEE DES";"43,6611883";"7,1531695"
"201900005250";"12";"8";"2019";"05:17";"5";"75";"75113";"2";"1";"1";"6";"QUAI D IVRY";"48,8253550";"2,3882150"
"201900005251";"11";"8";"2019";"17:23";"1";"75";"75110";"2";"1";"1";"6";"QUAI DE VALMY";"48,8757838";"2,3637691"
"201900005252";"11";"8";"2019";"04:50";"1";"75";"75110";"2";"2";"1";"6";"RUE DU FAUBOURG DU TEMPLE";"48,8705694";"2,3728933"
"201900005253";"12";"8";"2019";"19:15";"1";"75";"75114";"2";"3";"1";"3";"BOULEVARD DU MONTPARNASSE";"48,8405640";"2,3336774"
"201900005254";"11";"8";"2019";"23:45";"5";"75";"75108";"2";"3";"1";"6";"AVENUE DES CHAMPS ELYSEES";"48,8710876";"2,3034865"
"201900005255";"11";"8";"2019";"20:30";"2";"75";"75104";"2";"2";"1";"3";"QUAI DE L HOTEL DE VILLE";"48,8559016";"2,3511620"
"201900005256";"12";"8";"2019";"09:45";"1";"94";"94080";"2";"1";"1";"1";"LAGNY (R DE)";"48,8491500";"2,4200000"
"201900005257";"11";"8";"2019";"00:24";"5";"94";"94034";"2";"3";"1";"3";"DIVISION LECLERC (AV DE LA)";"48,7590000";"2,3246000"
"201900005258";"11";"8";"2019";"23:30";"5";"94";"94073";"2";"2";"1";"3";"STALINGRAD - CAR DES TROIS COMMUNES (BD";"48,7722952";"2,3999487"
"201900005259";"11";"8";"2019";"13:35";"1";"93";"93066";"2";"3";"1";"7";"CALON";"48,9250000";"2,3420000"
"201900005260";"12";"8";"2019";"00:45";"5";"93";"93055";"2";"1";"1";"6";"JEAN JAURES (AVENUE) (76/128)";"48,9055970";"2,3942630"
"201900005261";"12";"8";"2019";"17:20";"1";"93";"93050";"2";"1";"8";"3";"GENERAL DE GAULLE (AVENUE)";"48,8585000";"2,5343700"
"201900005262";"12";"8";"2019";"10:24";"1";"93";"93048";"2";"2";"1";"3";"PARIS (RUE DE)";"48,8566100";"2,4274600"
"201900005263";"11";"8";"2019";"11:10";"1";"93";"93063";"2";"1";"1";"3";"PARIS RUE DE";"48,8842500";"2,4348400"
"201900005264";"11";"8";"2019";"10:45";"1";"93";"93061";"2";"3";"1";"6";"DANTON RUE";"48,8845000";"2,4071000"
"201900005265";"12";"8";"2019";"08:30";"1";"93";"93007";"2";"2";"1";"2";"8 MAI 45 (AVENUE DU 1 AU 182)";"48,9450860";"2,4351390"
"201900005266";"12";"8";"2019";"13:20";"1";"93";"93005";"2";"9";"2";"4";"RAOUL DUFY (AVENUE)";"48,9580100";"2,5048600"
"201900005267";"12";"8";"2019";"13:50";"1";"93";"93001";"2";"1";"1";"6";"VICTOR HUGO (AVE)  => 120";"48,9049300";"2,3741300"
"201900005268";"12";"8";"2019";"12:40";"1";"92";"92036";"2";"2";"1";"2";"PRINCIPALE DU PORT (ROUTE) (2>S/SA15)";"48,9384200";"2,2802300"
"201900005269";"12";"8";"2019";"10:50";"1";"92";"92036";"2";"4";"1";"3";"LAURENT CELY (AVENUE) (1/143)";"48,9174000";"2,3074300"
"201900005270";"11";"8";"2019";"00:40";"3";"92";"92025";"2";"1";"1";"3";"PAUL BERT (RUE)";"48,9260181";"2,2471762"
"201900005271";"12";"8";"2019";"17:30";"1";"92";"92012";"2";"7";"1";"3";"JULES GUESDE/NATIONALE (PLACE)";"48,8269300";"2,2421100"
"201900005272";"12";"7";"2019";"13:15";"1";"92";"92012";"2";"1";"1";"6";"VICTOR HUGO (AVENUE) DEBUT/47 BIS- DEBUT";"48,8403000";"2,2473800"
"201900005273";"12";"7";"2019";"03:10";"1";"92";"92012";"2";"1";"1";"6";"GENERAL LECLERC (AVENUE DU) ";"48,8332909";"2,2425203"
"201900005274";"11";"7";"2019";"02:30";"5";"92";"92012";"2";"1";"1";"6";"ILE DE FRANCE (PASSAGE)";"48,8308400";"2,2347400"
"201900005275";"11";"8";"2019";"14:45";"1";"976";"97610";"2";"9";"1";"6";"Route Nationale 1 - Majicavo-Koropa";" -12,7450780";"45,2207840"
"201900005276";"11";"8";"2019";"16:30";"1";"10";"10042";"2";"1";"1";"7";"7 Rue de Berluviers";"48,1704940";"3,6891350"
"201900005277";"13";"8";"2019";"15:15";"1";"6";"06095";"2";"1";"1";"1";"Route de Draguignan";"43,6389079";"6,8677331"
"201900005278";"12";"8";"2019";"17:10";"1";"38";"38337";"2";"3";"1";"3";"Rue Sadi Carnot / Rue Igor Stravinsky";"45,3498800";"5,5013600"
"201900005279";"13";"8";"2019";"11:30";"1";"42";"42322";"1";"4";"1";"1";"Route du Planil";"45,4130470";"4,5364850"
"201900005280";"12";"8";"2019";"14:10";"1";"23";"23075";"2";"3";"1";"3";"Intersection rue des Sabots, rue du Barreau Vert";"46,3067960";"1,6639820"
"201900005281";"13";"8";"2019";"09:50";"1";"62";"62437";"1";"1";"8";"5";"D126";"50,5374200";"1,9894920"
"201900005282";"12";"8";"2019";"21:05";"3";"74";"74258";"1";"1";"1";"7";"Route Departemantale 4";"46,0799600";"6,6975780"
"201900005283";"11";"8";"2019";"17:45";"1";"2B";"2B123";"2";"1";"1";"6";"Bruscheto";"41,9965260";"9,4469420"
"201900005284";"13";"8";"2019";"15:15";"1";"82";"82013";"2";"6";"1";"3";"Avenue du lac";"43,8796250";"0,9910250"
"201900005285";"13";"8";"2019";"10:50";"1";"65";"65050";"1";"1";"1";"6";"D 618";"42,8388820";"0,4117520"
"201900005286";"12";"8";"2019";"17:25";"1";"81";"81182";"1";"1";"1";"1";"La Pinié";"43,7463241";"2,2763682"
"201900005287";"12";"8";"2019";"22:40";"3";"71";"71502";"1";"1";"1";"7";"RD5";"46,8306270";"4,9208260"
"201900005288";"13";"8";"2019";"17:20";"1";"71";"71014";"2";"1";"1";"7";"Boulevard Frédéric Latouche";"46,9527920";"4,3024420"
"201900005289";"11";"8";"2019";"09:40";"1";"42";"42017";"2";"1";"1";"6";"rue du féria";"45,3687440";"4,5160790"
"201900005290";"12";"8";"2019";"12:15";"1";"39";"39323";"1";"1";"1";"6";"N/A";"47,1657670";"5,4965040"
"201900005291";"19";"7";"2019";"15:30";"1";"35";"35360";"2";"3";"1";"3";"Avenue d'Helmstedt";"48,1191910";" -1,1876150"
"201900005292";"5";"8";"2019";"10:15";"1";"35";"35302";"1";"4";"1";"3";"bel-air";"48,1871850";" -2,1688620"
"201900005293";"13";"8";"2019";"16:00";"1";"38";"38074";"1";"1";"1";"4";"PK 31 +300";"45,2331490";"5,4436100"
"201900005294";"6";"8";"2019";"20:45";"2";"1";"01457";"1";"1";"1";"7";"Route de Biziat";"46,2178000";"4,9771410"
"201900005295";"12";"8";"2019";"15:10";"1";"70";"70038";"1";"1";"1";"1";"CD 24";"47,5005590";"6,1334440"
"201900005296";"13";"8";"2019";"13:45";"1";"50";"50064";"1";"1";"1";"7";"route départentle 15";"49,3859298";" -1,4544690"
"201900005297";"12";"8";"2019";"14:10";"1";"60";"60471";"2";"9";"1";"6";"''mondial pare brise'' - zac du mont renaud";"49,5718980";"2,9757111"
"201900005298";"4";"8";"2019";"12:45";"1";"64";"64108";"1";"1";"1";"7";"D 29";"43,5116520";" -0,8969080"
"201900005299";"10";"8";"2019";"05:15";"3";"64";"64527";"2";"1";"2";"7";"D 88";"43,3455492";" -1,4709391"
"201900005300";"13";"8";"2019";"08:51";"1";"4";"04123";"1";"1";"1";"5";"RD 4075 Les Hostes";"44,2820600";"5,8473160"
"201900005301";"13";"8";"2019";"17:30";"1";"4";"04108";"2";"1";"1";"6";"Place de la république";"44,0446410";"6,0306144"
"201900005302";"12";"8";"2019";"13:10";"1";"60";"60030";"1";"1";"1";"2";"Autoroute A.16";"49,3454370";"2,1077242"
"201900005303";"10";"8";"2019";"11:23";"1";"31";"31396";"1";"1";"1";"6";"Autoroute A66 - Sens Pamiers-Toulouse - PK 009.800";"43,3530349";"1,5922827"
"201900005304";"10";"8";"2019";"12:55";"1";"62";"62224";"1";"1";"6";"6";"A26  sens REIMS - CALAIS";"50,5380470";"2,5684040"
"201900005305";"10";"8";"2019";"04:00";"5";"971";"97103";"2";"1";"1";"2";"RN 1, La Jaille, face magasin MIDAS, direction BASSE TERRE";"16,2536730";" -61,5747900"
"201900005306";"12";"8";"2019";"12:00";"1";"59";"59047";"1";"1";"1";"2";"autoroute a26 calais reims PR 142.800";"50,0613200";"3,1981130"
"201900005307";"13";"8";"2019";"21:20";"3";"77";"77520";"1";"1";"1";"6";"Autoroute A6 - PK 64+600 - Sens PARIS / Province";"48,3157170";"2,6279710"
"201900005308";"11";"8";"2019";"07:00";"1";"988";"98813";"2";"1";"1";"6";"V.U 46 Mearé";" -21,7167300";"165,8486100"
"201900005309";"11";"8";"2019";"19:00";"2";"978";"97801";"2";"1";"1";"4";"RN7, hope estate";"18,0957990";" -63,0351590"
"201900005310";"13";"8";"2019";"07:23";"1";"21";"21452";"1";"1";"1";"1";"CD 905  BIS";"47,2830030";"5,1040200"
"201900005311";"13";"8";"2019";"21:30";"5";"45";"45082";"2";"1";"1";"7";"4 Avenue Ferdinand Arnodin";"47,8685261";"2,2228335"
"201900005312";"12";"8";"2019";"22:45";"3";"77";"77238";"1";"1";"2";"6";"D407";"48,9348400";"3,1744000"
"201900005313";"13";"8";"2019";"10:30";"1";"78";"78050";"1";"1";"1";"3";"route de chevreuse";"48,7796040";"1,8472720"
"201900005314";"12";"8";"2019";"03:30";"3";"2B";"2B185";"1";"1";"1";"7";"Mergano";"42,6264370";"9,3222490"
"201900005315";"12";"8";"2019";"18:48";"1";"6";"06147";"2";"1";"3";"1";"Avenue de la Conca d'Or";"43,7837550";"7,2734070"
"201900005316";"12";"8";"2019";"11:30";"1";"5";"05079";"1";"1";"8";"3";"route départementale 1091";"45,0245980";"6,4537110"
"201900005317";"26";"11";"2019";"17:15";"5";"92";"92035";"2";"9";"1";"3";"Général de Gaulle  ( avenue du )";"48,9103002";"2,2548805"
"201900005318";"26";"11";"2019";"14:15";"1";"12";"12300";"1";"1";"1";"1";"Route Basse de Farrou";"44,3589260";"2,0521800"
"201900005319";"24";"11";"2019";"15:45";"1";"86";"86272";"1";"9";"1";"3";"Route Rd 14";"46,8273320";"0,4721240"
"201900005320";"26";"11";"2019";"17:50";"3";"18";"18272";"1";"1";"2";"1";"D359";"47,2819410";"2,7726810"
"201900005321";"24";"11";"2019";"00:30";"3";"10";"10067";"1";"6";"8";"6";"D610";"48,2506470";"4,1123730"
"201900005322";"27";"11";"2019";"20:15";"3";"42";"42036";"1";"1";"1";"7";"751 Vallee de la Dureze";"45,5355130";"4,5568220"
"201900005323";"26";"11";"2019";"17:00";"5";"57";"57038";"2";"6";"2";"6";"Rue du Moulin";"49,4762770";"5,9523760"
"201900005324";"25";"11";"2019";"12:00";"1";"57";"57572";"1";"1";"2";"7";"Chemin forestier";"49,0059620";"6,3765710"
"201900005325";"26";"11";"2019";"18:00";"3";"19";"19229";"1";"1";"1";"1";"RD 1089";"45,1264120";"1,4253800"
"201900005326";"25";"11";"2019";"16:30";"1";"56";"56181";"2";"1";"1";"6";"Rue de Loc-pezran";"47,7144510";" -3,3397590"
"201900005327";"26";"11";"2019";"17:15";"5";"74";"74173";"2";"1";"1";"6";"Route Nationale";"45,8632530";"6,6247510"
"201900005328";"27";"11";"2019";"17:50";"3";"79";"79157";"2";"1";"2";"6";"18 Rue des Pineaux";"46,9957330";" -0,1863440"
"201900005329";"27";"11";"2019";"18:05";"3";"82";"82134";"1";"2";"2";"3";"Route de Vaissac";"44,0586900";"1,5354650"
"201900005330";"27";"11";"2019";"11:10";"1";"65";"65257";"1";"1";"1";"2";"N21";"43,1616100";" -0,0140090"
"201900005331";"27";"11";"2019";"14:40";"1";"89";"89485";"1";"1";"8";"3";"D606";"47,5552830";"3,7984360"
"201900005332";"15";"11";"2019";"15:50";"1";"61";"61168";"2";"2";"3";"6";"32 Rue aux Cordiers";"48,5896420";" -0,3590040"
"201900005333";"26";"11";"2019";"15:30";"1";"46";"46267";"1";"1";"1";"6";"Rd 2";"44,6462930";"1,4314810"
"201900005334";"26";"11";"2019";"21:15";"3";"86";"86125";"1";"1";"8";"6";"Lieu Dit la Blanchardiere";"46,7630090";"0,6668590"
"201900005335";"26";"11";"2019";"17:20";"5";"68";"68195";"2";"3";"1";"7";"1 Rue Chateaubriand";"47,7584700";"7,2864320"
"201900005336";"26";"11";"2019";"17:10";"2";"22";"22251";"1";"6";"1";"3";"la ville auvray";"48,5617800";" -2,8103180"
"201900005337";"27";"11";"2019";"08:55";"1";"14";"14492";"1";"1";"2";"1";"D513";"49,4097190";"0,1802770"
"201900005338";"26";"11";"2019";"16:50";"1";"14";"14191";"2";"1";"1";"6";"Rue du Grand Parc";"49,3295640";" -0,4478550"
"201900005339";"11";"11";"2019";"17:15";"3";"9";"09004";"1";"1";"2";"3";"RN20";"42,7721570";"1,7093920"
"201900005340";"27";"11";"2019";"11:00";"1";"60";"60509";"2";"1";"2";"6";"22 Rue du Moulin de l'Etang";"49,2903220";"2,6053680"
"201900005341";"24";"11";"2019";"17:38";"3";"10";"10051";"1";"1";"8";"7";"Rue du Bois";"48,1746640";"3,9819100"
"201900005342";"26";"11";"2019";"08:35";"1";"21";"21445";"1";"1";"1";"3";"D26";"47,3184110";"4,3182120"
"201900005343";"21";"11";"2019";"18:18";"3";"8";"08169";"1";"1";"2";"7";"D32";"49,8185690";"4,4125660"
"201900005344";"27";"11";"2019";"08:15";"1";"88";"88151";"1";"1";"1";"1";"D266";"48,2338410";"6,2115820"
"201900005345";"26";"11";"2019";"05:40";"3";"77";"77279";"1";"1";"2";"6";"A5";"48,3844260";"2,9973650"
"201900005346";"27";"11";"2019";"12:40";"1";"17";"17354";"1";"1";"3";"6";"A10";"45,6088440";" -0,5977260"
"201900005347";"26";"11";"2019";"09:35";"1";"60";"60138";"1";"9";"1";"6";"Aire du Péage de Chamant (Aire de repos)";"49,2150510";"2,6241240"
"201900005348";"26";"11";"2019";"19:20";"3";"33";"33229";"1";"1";"1";"6";"Route de la Sabliere";"44,7055230";" -1,0240590"
"201900005349";"26";"11";"2019";"17:20";"1";"977";"97701";"2";"1";"1";"1";"rt82 - grand cul de sac";"17,9054080";" -62,8010020"
"201900005350";"4";"9";"2019";"17:00";"1";"971";"97121";"1";"1";"2";"6";"Baille-Argent";"16,2606770";" -61,8050260"
"201900005351";"27";"11";"2019";"09:05";"1";"33";"33203";"1";"3";"2";"6";"D4";"45,1947400";" -1,0040400"
"201900005352";"23";"11";"2019";"21:30";"3";"95";"95024";"1";"6";"2";"6";"D159";"49,0988750";"1,7966980"
"201900005353";"27";"11";"2019";"16:13";"1";"3";"03050";"1";"9";"2";"6";"N/A";"46,0358004";"3,7442662"
"201900005354";"13";"11";"2019";"17:50";"3";"38";"38474";"1";"1";"1";"1";"Route de Villard de Lans";"45,2137930";"5,6453430"
"201900005355";"7";"11";"2019";"14:55";"1";"7";"07324";"2";"1";"2";"6";"10 Place Carnot";"45,0646720";"4,8353400"
"201900005356";"26";"11";"2019";"19:48";"5";"31";"31248";"2";"3";"1";"1";"Route du Plantaurel";"43,4580570";"1,3961580"
"201900005357";"27";"11";"2019";"21:00";"4";"31";"31433";"2";"1";"1";"6";"18 Avenue des Cerisiers";"43,5280260";"1,3752790"
"201900005358";"23";"11";"2019";"18:30";"3";"86";"86019";"1";"1";"2";"6";"Route de Saint Leger";"46,7235710";"0,4176590"
"201900005359";"26";"11";"2019";"07:50";"3";"50";"50564";"1";"1";"6";"5";"2 Village la Fresnerie";"49,2494680";" -1,3106490"
"201900005360";"26";"11";"2019";"09:05";"1";"76";"76295";"2";"9";"1";"6";"44 Route de Neufchâtel";"49,6535440";"1,6148310"
"201900005361";"26";"11";"2019";"21:05";"3";"60";"60141";"1";"6";"3";"7";"Route départementale 924A";"49,1857485";"2,4890563"
"201900005362";"26";"11";"2019";"20:30";"5";"80";"80049";"2";"1";"2";"2";"Rue de Paris";"49,6219320";"2,5502830"
"201900005363";"26";"11";"2019";"17:15";"3";"62";"62751";"1";"1";"2";"6";"Chemin Vert";"50,8779500";"1,7482040"
"201900005364";"25";"11";"2019";"09:40";"1";"13";"13055";"1";"1";"1";"2";"A507 sens Marseille - Aubagne";"43,2889420";"5,4244490"