"Num_Acc";"jour";"mois";"an";"hrmn";"lum";"dep";"com";"agg";"int";"atm";"col";"adr";"lat";"long"
"201900005365";"25";"11";"2019";"16:00";"1";"69";"69290";"1";"1";"1";"4";"RN346   38.960 A 40.883";"45,7103500";"4,9683500"
"201900005366";"26";"11";"2019";"01:40";"3";"33";"33080";"1";"1";"1";"6";"AUTOROUTE A 62";"44,7317200";" -0,5305600"
"201900005367";"26";"11";"2019";"19:15";"3";"91";"91534";"1";"1";"1";"6";"RN 118";"48,7410650";"2,1840180"
"201900005368";"26";"11";"2019";"09:31";"5";"94";"94069";"1";"1";"1";"4";"A4";"48,8170469";"2,4447155"
"201900005369";"23";"11";"2019";"15:55";"1";"93";"93053";"1";"1";"2";"7";"AUTOROUTE A103";"48,8879600";"2,4725200"
"201900005370";"26";"11";"2019";"11:45";"1";"77";"77053";"1";"1";"2";"7";"RN104";"48,7000000";"2,5938000"
"201900005371";"26";"11";"2019";"07:05";"3";"77";"77121";"1";"1";"8";"6";"A4";"48,8312000";"2,6824000"
"201900005372";"24";"11";"2019";"22:00";"3";"77";"77258";"1";"1";"8";"7";"A4.Y";"48,8298400";"2,6242800"
"201900005373";"14";"11";"2019";"06:00";"3";"77";"77373";"1";"1";"2";"6";"RN104";"48,7676359";"2,6133874"
"201900005374";"24";"9";"2019";"07:10";"2";"73";"73008";"2";"3";"1";"6";"D991 GRAND PORT (RONDEAU) AVENUE DU";"45,7036697";"5,8989176"
"201900005375";"23";"11";"2019";"18:21";"3";"63";"63113";"1";"6";"1";"2";"BREZET (AVENUE)";"45,7790300";"3,1468200"
"201900005376";"22";"11";"2019";"18:15";"2";"63";"63113";"2";"4";"1";"3";"BARBIER DAUBREE (AVENUE)";"45,7891500";"3,0974900"
"201900005377";"31";"10";"2019";"18:00";"5";"62";"62041";"2";"1";"1";"6";"DAMBRINE";"50,2932600";"2,7562700"
"201900005378";"4";"11";"2019";"22:15";"5";"17";"17415";"2";"2";"2";"1";"GAUTIER RUE";"45,7405310";" -0,6212900"
"201900005379";"24";"11";"2019";"22:20";"5";"92";"92023";"2";"2";"1";"3";"GEORGES POMPIDOU (PLACE)";"48,7848800";"2,2380600"
"201900005380";"24";"11";"2019";"02:00";"4";"60";"60494";"1";"1";"1";"6";"AUTOROUTE A1";"49,1325000";"2,5623000"
"201900005381";"23";"11";"2019";"15:00";"1";"93";"93078";"1";"1";"1";"7";"AUTOROUTE A104";"48,9642400";"2,5204200"
"201900005382";"25";"11";"2019";"12:06";"1";"988";"98818";"2";"6";"1";"2";"RUE ARMAND OHLEN/RUE JEAN JACQUES ROUSSEAU";" -22,2605300";"166,4632200"
"201900005383";"25";"11";"2019";"06:40";"1";"976";"97611";"1";"1";"1";"6";"kaweni-Pendu (Place)";" -12,7593600";"45,2291700"
"201900005384";"24";"11";"2019";"12:30";"1";"974";"97416";"1";"9";"1";"7";"CD 26";" -21,3036700";"55,4299800"
"201900005385";"24";"11";"2019";"09:55";"1";"974";"97411";"2";"1";"1";"2";"TOPAZES(ALLEE DES)";" -20,8962600";"55,4466000"
"201900005386";"25";"11";"2019";"16:25";"1";"69";"69388";"2";"2";"1";"3";"CHALLEMEL LACOUR                    (R )";"45,7296400";"4,8536800"
"201900005387";"25";"11";"2019";"07:00";"2";"69";"69259";"2";"1";"1";"3";"IRENE JOLIOT CURIE                  (BD)";"45,7167800";"4,8772800"
"201900005388";"24";"11";"2019";"03:40";"5";"69";"69387";"2";"2";"2";"3";"TONY GARNIER                        (AV)";"45,7266000";"4,8308900"
"201900005389";"25";"11";"2019";"18:00";"5";"69";"69286";"2";"1";"1";"6";"EUROPE (DE L')                      (AV)";"45,8150600";"4,8962100"
"201900005390";"25";"11";"2019";"14:50";"1";"69";"69384";"2";"9";"1";"6";"HENRI GORJUS                        (R )";"45,7794600";"4,8235400"
"201900005391";"24";"11";"2019";"04:20";"5";"69";"69382";"2";"1";"2";"2";"PAUL MONTROCHET                     (R )";"45,7399100";"4,8178100"
"201900005392";"24";"11";"2019";"20:50";"5";"971";"97101";"1";"1";"1";"6";"RN11";"16,2709230";" -61,5140020"
"201900005393";"23";"11";"2019";"08:50";"1";"971";"97113";"1";"1";"1";"4";"Pont de BLANCHARD";"16,2210700";" -61,5210600"
"201900005394";"22";"11";"2019";"18:10";"2";"95";"95424";"2";"2";"1";"3";"PONTOISE(BOULEVARD DE)";"48,9908000";"2,1820000"
"201900005395";"25";"11";"2019";"13:50";"1";"91";"91589";"2";"1";"1";"3";"BRIAND (BOULEVARD ARISTIDE)";"48,6885500";"2,3587900"
"201900005396";"24";"11";"2019";"18:55";"5";"91";"91103";"2";"1";"1";"2";"COMMUNE DE PARIS (RUE DE LA)";"48,5950000";"2,3030000"
"201900005397";"23";"11";"2019";"06:30";"5";"87";"87085";"2";"1";"2";"6";"FOUGERAS (RUE DE)";"45,8608900";"1,2877300"
"201900005398";"22";"11";"2019";"20:56";"5";"87";"87085";"2";"2";"2";"3";"RUBEN (AVENUE ERNEST)";"45,8235400";"1,2511500"
"201900005399";"24";"11";"2019";"19:12";"2";"87";"87114";"2";"1";"2";"3";"CARNOT (AVENUE PRESIDENT-SADI-)";"45,8283500";"1,2941700"
"201900005400";"22";"11";"2019";"18:40";"2";"80";"80131";"1";"1";"1";"2";"N/A";"49,8528400";"2,4018700"
"201900005401";"23";"11";"2019";"18:25";"5";"80";"80021";"2";"1";"1";"6";"ALBERT 1ER (MAIL)";"49,8902900";"2,2909300"
"201900005402";"23";"11";"2019";"18:20";"5";"80";"80489";"2";"1";"1";"6";"JEAN BAPTISTE DELAMBRE (RUE)";"49,8710900";"2,3662200"
"201900005403";"23";"11";"2019";"13:30";"1";"80";"80021";"2";"1";"1";"3";"HIPPODROME (AVENUE DE L')";"49,8972200";"2,2708500"
"201900005404";"21";"11";"2019";"09:25";"1";"80";"80021";"2";"2";"1";"3";"VERGEAUX (RUE DES)";"49,8947500";"2,2974000"
"201900005405";"22";"11";"2019";"22:25";"5";"80";"80379";"2";"1";"1";"2";"PHILEAS FOGG (AVENUE)";"49,8653000";"2,3789300"
"201900005406";"25";"11";"2019";"13:00";"1";"77";"77284";"2";"1";"1";"2";"BOUVIN (AV.JEAN)";"48,9521200";"2,9114400"
"201900005407";"21";"11";"2019";"20:30";"5";"76";"76540";"2";"1";"1";"6";"CLEMENCEAU. COURS";"49,4347700";"1,0877300"
"201900005408";"22";"11";"2019";"12:00";"1";"76";"76231";"2";"1";"1";"3";"ALSACE. RUE D'";"49,2896330";"1,0177588"
"201900005409";"17";"11";"2019";"18:55";"5";"76";"76351";"2";"2";"1";"3";"ARTOIS (DE L')";"49,5127900";"0,1252800"
"201900005410";"24";"11";"2019";"01:30";"3";"74";"74281";"2";"1";"1";"6";"GENEVE (AVE DE) JUSQUE CROISEE ANTHY";"46,3549800";"6,4466500"
"201900005411";"4";"11";"2019";"10:10";"1";"74";"74012";"2";"3";"2";"6";"GARE (RUE DE LA)";"46,1970925";"6,2355133"
"201900005412";"25";"11";"2019";"13:10";"1";"69";"69266";"2";"1";"1";"6";"RACINE          (Rue)";"45,7665000";"4,8781000"
"201900005413";"22";"11";"2019";"18:35";"5";"67";"67218";"2";"1";"1";"6";"GOUNOD (RUE)";"48,5258040";"7,7207890"
"201900005414";"22";"11";"2019";"11:25";"1";"67";"67482";"2";"1";"1";"6";"ABBE FRANCOIS XAVIER SCHERER (RUE DE L')";"48,5724940";"7,7948030"
"201900005415";"25";"11";"2019";"02:30";"5";"66";"66136";"2";"1";"1";"6";"Napoleon Joseph Sarda-Garriga ( rue de )";"42,6922700";"2,8800300"
"201900005416";"24";"11";"2019";"18:30";"5";"66";"66136";"2";"1";"1";"6";"VALERY (PAUL)";"42,6953500";"2,9058100"
"201900005417";"24";"11";"2019";"12:24";"1";"64";"64545";"2";"1";"2";"5";"RD810";"43,3700108";" -1,6828305"
"201900005418";"25";"11";"2019";"20:05";"5";"64";"64445";"2";"1";"1";"2";"PAIX";"43,3245800";" -0,3791500"
"201900005419";"25";"11";"2019";"10:15";"1";"64";"64445";"2";"3";"1";"3";"18EME REGIMENT D'INFANTERIE DU";"43,2969000";" -0,3873700"
"201900005420";"23";"11";"2019";"14:38";"1";"63";"63164";"1";"1";"3";"1";"Malintrat ( route de )";"45,8142100";"3,1590300"
"201900005421";"25";"11";"2019";"17:15";"5";"59";"59279";"2";"1";"1";"1";"NEUVILLE (ROUTE DE)";"50,7707400";"3,1397800"
"201900005422";"4";"11";"2019";"13:45";"1";"59";"59360";"1";"1";"1";"6";"AVINEE EUGENE AVENUE";"50,6041000";"3,0332000"
"201900005423";"22";"11";"2019";"20:15";"5";"56";"56162";"2";"6";"3";"6";"QUEVEN (RUE DE)";"47,7411100";" -3,4261300"
"201900005424";"22";"11";"2019";"21:20";"5";"56";"56083";"2";"2";"1";"3";"PASTEUR ( AVENUE )";"47,8023600";" -3,2843200"
"201900005425";"14";"11";"2019";"18:20";"5";"55";"55029";"2";"6";"2";"6";"AVENUE ROBERT SCHUMAN";"48,7729700";"5,1717600"
"201900005426";"21";"11";"2019";"07:40";"2";"54";"54323";"2";"1";"1";"7";"ANDRE MALRAUX (AVENUE)";"49,5214000";"5,7602800"
"201900005427";"25";"11";"2019";"18:13";"5";"51";"51454";"2";"9";"1";"3";"BOULEVARD HENRI VASNIER";"49,2476682";"4,0443281"
"201900005428";"25";"11";"2019";"13:45";"1";"51";"51454";"2";"1";"1";"1";"RUE DE TURENNE";"49,2188432";"4,0279514"
"201900005429";"23";"11";"2019";"11:49";"1";"49";"49007";"2";"1";"1";"7";"ATLANTIQUE  AVENUE DE L'";"47,4692500";" -0,6001800"
"201900005430";"24";"11";"2019";"10:02";"1";"49";"49007";"2";"1";"2";"6";"ATLANTIQUE  AVENUE DE L'";"47,4654400";" -0,5705800"
"201900005431";"24";"11";"2019";"06:45";"3";"47";"47032";"1";"3";"2";"6";"route de Cazalet";"44,2064400";"0,6472700"
"201900005432";"25";"11";"2019";"07:20";"2";"44";"44109";"2";"1";"1";"6";"AVENUE DE PAIMPONT";"47,2594600";" -1,5183200"
"201900005433";"25";"11";"2019";"17:20";"5";"38";"38151";"2";"1";"1";"6";"JAURES (COURS J. 1 A 48-75)";"45,1502900";"5,7062200"
"201900005434";"25";"11";"2019";"05:55";"5";"37";"37122";"2";"1";"1";"3";"CHINON (BOULEVARD DE)";"47,3532000";"0,6908800"
"201900005435";"21";"11";"2019";"19:12";"5";"36";"36044";"2";"1";"1";"4";"75 AVENUE DE LA CHATRE";"46,8073872";"1,7076727"
"201900005436";"25";"11";"2019";"18:55";"3";"35";"35278";"1";"1";"1";"7";"RD 137";"48,1784100";" -1,7190000"
"201900005437";"25";"11";"2019";"18:15";"5";"35";"35051";"2";"2";"2";"5";"CHARMILLES (RUE DES)";"48,1023100";" -1,6227000"
"201900005438";"25";"11";"2019";"09:30";"1";"35";"35238";"1";"1";"2";"2";"RN136";"48,0802900";" -1,6782700"
"201900005439";"25";"11";"2019";"07:45";"2";"35";"35238";"2";"1";"2";"6";"BERNARD (AVENUE DU PROFESSEUR LEON)";"48,1173500";" -1,6994900"
"201900005440";"25";"11";"2019";"19:33";"5";"34";"34172";"2";"3";"1";"3";"MOULINS (AVENUE DES";"43,6338900";"3,8432000"
"201900005441";"18";"11";"2019";"10:50";"1";"33";"33063";"2";"2";"1";"6";"AVE DU GENERAL LECLERC CAUD";"44,8536000";" -0,6104700"
"201900005442";"24";"11";"2019";"18:20";"5";"31";"31555";"2";"2";"1";"3";"BD DEODAT DE SEVERAC";"43,5894200";"1,4219000"
"201900005443";"23";"11";"2019";"21:30";"5";"31";"31555";"2";"1";"2";"3";"RTE DE NARBONNE";"43,5693200";"1,4563000"
"201900005444";"23";"11";"2019";"00:30";"5";"31";"31555";"2";"1";"1";"2";"AV JULES JULIEN";"43,5755300";"1,4511900"
"201900005445";"22";"11";"2019";"23:35";"5";"31";"31555";"1";"1";"1";"4";"VA007331 A620";"43,5883500";"1,4003900"
"201900005446";"22";"11";"2019";"18:00";"4";"31";"31555";"1";"1";"1";"4";"LATECOERE (AV PIERRE G) DU 1AU 61";"43,5571000";"1,4873600"
"201900005447";"7";"11";"2019";"08:08";"1";"24";"24140";"1";"1";"8";"1";"CHATEAU DE PILE (ROUTE DU)";"44,8482000";"0,5580000"
"201900005448";"23";"11";"2019";"03:30";"3";"22";"22360";"1";"1";"1";"6";"RN12";"48,4877470";" -2,7194070"
"201900005449";"22";"11";"2019";"01:15";"5";"21";"21231";"2";"1";"2";"6";"REPUBLIQUE (DE LA) (PLACE)";"47,3268500";"5,0455200"
"201900005450";"23";"11";"2019";"16:20";"1";"19";"19031";"2";"1";"1";"2";"TURGOT (AVENUE)";"45,1649300";"1,5310500"
"201900005451";"25";"11";"2019";"12:30";"1";"17";"17300";"2";"2";"2";"3";"CORSAIRES   AVENUE DES (1-125)";"46,1717100";" -1,1645300"
"201900005452";"24";"11";"2019";"19:15";"3";"14";"14487";"1";"1";"1";"3";"R.D 579";"49,1761758";"0,2260090"
"201900005453";"24";"11";"2019";"14:26";"1";"14";"14366";"2";"1";"1";"1";"HERBET FOURNET (BOULEVARD)";"49,1568000";"0,2275800"
"201900005454";"25";"11";"2019";"23:00";"5";"14";"14118";"2";"1";"1";"6";"CHARLEMAGNE (AVENUE)";"49,1772100";" -0,4025200"
"201900005455";"25";"11";"2019";"13:30";"1";"13";"13056";"2";"1";"1";"3";"TEMPLE";"43,3986000";"5,0523000"
"201900005456";"25";"11";"2019";"22:30";"5";"13";"13205";"2";"2";"1";"6";"HORACE BERTIN (RUE)";"43,2959900";"5,3934800"
"201900005457";"25";"11";"2019";"17:45";"5";"13";"13210";"2";"1";"1";"6";"PAUL CLAUDEL (BOULEVARD)";"43,2681200";"5,4186600"
"201900005458";"25";"11";"2019";"21:05";"3";"13";"13004";"1";"1";"1";"1";"RTE N113 MARSEILLE A BORBEAUX";"43,6744481";"4,6189956"
"201900005459";"21";"11";"2019";"17:28";"1";"11";"11262";"1";"1";"1";"6";"RD 6009 NARBONNE - BEZIERS";"43,1806200";"3,0363700"
"201900005460";"25";"11";"2019";"13:50";"1";"6";"06029";"2";"9";"1";"3";"MIDI (BOULEVARD DU)";"43,5472400";"6,9780700"
"201900005461";"25";"11";"2019";"19:30";"5";"6";"06027";"2";"6";"1";"3";"VERDUN AVENUE DE";"43,6668500";"7,1417010"
"201900005462";"24";"11";"2019";"11:30";"1";"6";"06123";"2";"3";"3";"6";"MOSCHETTI RUE";"43,6660860";"7,1867700"
"201900005463";"22";"11";"2019";"09:00";"1";"3";"03310";"2";"2";"1";"3";"rue Jean Jaurès";"46,1365800";"3,4226900"
"201900005464";"19";"11";"2019";"14:00";"1";"2";"02165";"1";"1";"1";"4";"D 1032";"49,6444200";"3,3931000"
"201900005465";"25";"11";"2019";"10:50";"1";"75";"75116";"2";"1";"1";"6";"BD PERIPHERIQUE EXTERIEUR";"48,8721120";"2,2738190"
"201900005466";"25";"11";"2019";"06:50";"1";"75";"75115";"2";"4";"1";"3";"BOULEVARD PERIPHERIQUE INTERIEUR SUD";"48,8357894";"2,2704249"
"201900005467";"22";"11";"2019";"17:20";"5";"75";"75119";"2";"1";"1";"3";"BD PERIPHERIQUE EXTERIEUR";"48,9001010";"2,3914790"
"201900005468";"25";"11";"2019";"17:03";"5";"75";"75114";"2";"4";"2";"3";"AVENUE DU MAINE";"48,8323433";"2,3250329"
"201900005469";"23";"11";"2019";"04:57";"5";"75";"75113";"2";"2";"2";"3";"AVENUE DES GOBELINS";"48,8367880";"2,3518490"
"201900005470";"25";"11";"2019";"17:45";"5";"75";"75120";"2";"2";"2";"6";"RUE DES PYRENEES";"48,8527060";"2,4061090"
"201900005471";"25";"11";"2019";"20:00";"5";"75";"75119";"2";"1";"1";"3";"RUE DE L OURCQ";"48,8930387";"2,3776844"
"201900005472";"25";"11";"2019";"16:50";"2";"75";"75118";"2";"1";"2";"2";"RUE DES POISSONNIERS";"48,8967895";"2,3527694"
"201900005473";"25";"11";"2019";"00:10";"5";"75";"75116";"2";"7";"7";"6";"BOULEVARD MURAT";"48,8395048";"2,2565317"
"201900005474";"25";"11";"2019";"14:35";"1";"75";"75115";"2";"4";"1";"6";"AVENUE EMILE ZOLA";"48,8469173";"2,2930999"
"201900005475";"25";"11";"2019";"08:50";"1";"75";"75104";"2";"1";"1";"2";"BOULEVARD BOURDON";"48,8500899";"2,3669124"
"201900005476";"25";"11";"2019";"13:30";"1";"75";"75101";"2";"3";"1";"6";"RUE CROIX DES PETITS CHAMPS";"48,8622158";"2,3391853"
"201900005477";"24";"11";"2019";"03:40";"5";"94";"94041";"2";"2";"5";"3";"PAUL VAILLANT COUTURIER (BD)";"48,8181020";"2,3979860"
"201900005478";"25";"11";"2019";"00:40";"5";"94";"94017";"2";"1";"1";"2";"JEAN JAURES (R)";"48,8157920";"2,5038080"
"201900005479";"23";"11";"2019";"11:57";"1";"93";"93045";"2";"3";"2";"6";"PARIS RUE DE";"48,8785455";"2,4246553"
"201900005480";"25";"11";"2019";"19:40";"5";"93";"93057";"1";"2";"2";"3";"BRIAND ( AV. ARISTIDE) 238 A 308";"48,9104540";"2,5115740"
"201900005481";"24";"11";"2019";"19:50";"5";"93";"93010";"2";"1";"1";"3";"AULNAY (ROUTE) DE 1 A 45 COTE IMPAIRE";"48,9081240";"2,4802030"
"201900005482";"24";"11";"2019";"10:30";"1";"92";"92072";"2";"1";"1";"2";"Rond Point des Bruyères";"48,8116305";"2,2114634"
"201900005483";"25";"11";"2019";"08:45";"1";"92";"92076";"2";"2";"1";"3";"BOULEVARD DE LA REPUBLIQUE";"48,8370576";"2,1492253"
"201900005484";"25";"11";"2019";"09:15";"1";"92";"92048";"2";"1";"1";"6";"CAPUCINS (RUE DES) N° 1 A 31";"48,8147900";"2,2284400"
"201900005485";"23";"11";"2019";"00:15";"5";"92";"92036";"2";"2";"2";"6";"BASSIN N°6 (ROUTE DU)";"48,9447104";"2,2952093"
"201900005486";"22";"11";"2019";"20:20";"5";"92";"92036";"2";"2";"1";"3";"ARGENTEUIL (AVENUE D')";"48,9356400";"2,2609200"
"201900005487";"25";"11";"2019";"12:10";"1";"92";"92012";"2";"1";"1";"6";"ANDRE MORIZET (AVENUE) 1/47 - 2/52";"48,8352487";"2,2408535"
"201900005488";"25";"11";"2019";"17:25";"5";"92";"92007";"2";"3";"2";"6";"LATERAL (CHEMIN)";"48,7977090";"2,2968800"
"201900005489";"24";"11";"2019";"00:20";"5";"92";"92002";"2";"1";"1";"6";"DIVISION LECLERC (53 A 217 - 58 A 186)";"48,7449514";"2,3033022"
"201900005490";"25";"11";"2019";"16:35";"2";"83";"83072";"1";"1";"1";"1";"N/A";"43,4773560";"6,3219450"
"201900005491";"5";"10";"2019";"02:15";"3";"38";"38425";"2";"1";"1";"6";"Rue de Narvick";"45,4100300";"4,7728900"
"201900005492";"24";"11";"2019";"20:00";"4";"31";"31467";"2";"6";"9";"3";"41 Rue de Fenouillet";"43,6878390";"1,4060070"
"201900005493";"26";"11";"2019";"07:45";"2";"60";"60395";"1";"1";"8";"7";"D927";"49,2554090";"2,1238140"
"201900005494";"25";"11";"2019";"08:00";"1";"54";"54514";"1";"1";"5";"1";"RD618";"49,5083470";"5,6398040"
"201900005495";"22";"11";"2019";"22:10";"3";"22";"22193";"1";"1";"3";"7";"Plestan";"48,4228030";" -2,4522130"
"201900005496";"26";"11";"2019";"07:50";"2";"60";"60176";"2";"1";"1";"6";"Rue Marie Rotsen";"49,2270920";"2,8882730"
"201900005497";"26";"11";"2019";"07:20";"5";"60";"60448";"2";"1";"2";"2";"23 Rue Louis Faussard";"49,1178230";"3,0644040"
"201900005498";"25";"11";"2019";"18:05";"5";"60";"60176";"2";"1";"2";"5";"Route de Compiegne";"49,2402870";"2,8819559"
"201900005499";"26";"7";"2019";"21:05";"2";"30";"30086";"1";"1";"1";"7";"Route de Saint-chaptes";"44,0013010";"4,2903810"
"201900005500";"6";"2";"2019";"08:05";"1";"80";"80131";"1";"1";"1";"2";"RD 934";"49,8423900";"2,4284600"
"201900005501";"21";"12";"2019";"10:35";"1";"972";"97209";"2";"6";"1";"3";"MARNE (BOULEVARD DE LA)";"14,6047000";" -61,0845000"
"201900005502";"8";"11";"2019";"11:50";"1";"77";"77307";"2";"1";"1";"3";"ROME ( RUE DE )";"48,8591040";"2,7584440"
"201900005503";"22";"12";"2019";"15:40";"1";"37";"37261";"2";"2";"1";"3";"CALAIS (RUE DE)";"47,4215898";"0,6860226"
"201900005504";"21";"5";"2019";"09:40";"1";"2A";"2A004";"2";"3";"1";"3";"Parking Géant";"41,9499180";"8,7749640"
"201900005505";"10";"8";"2019";"18:15";"1";"13";"13056";"1";"1";"1";"3";"ESTANDADOUS ALLEE DES";"43,4175800";"5,0584600"
"201900005506";"9";"11";"2019";"19:30";"5";"92";"92036";"2";"2";"1";"3";"CROIX DE VIGNES (RUE)";"48,9286590";"2,2995180"
"201900005507";"19";"10";"2019";"23:55";"3";"49";"49180";"2";"6";"2";"1";"Route de Saumur";"47,3704550";" -0,0987050"
"201900005508";"31";"12";"2019";"14:15";"1";"54";"54323";"2";"1";"1";"3";"RAYMOND POINCARE (AVENUE)";"49,5251800";"5,7737330"
"201900005509";"25";"12";"2019";"13:30";"1";"59";"59311";"1";"1";"1";"7";"57 Rue du Cheminet";"50,0688850";"3,4648350"
"201900005510";"23";"12";"2019";"17:20";"3";"58";"58218";"1";"1";"1";"6";"D2 - PR 0+5";"47,1811010";"3,3155510"
"201900005511";"13";"12";"2019";"00:50";"3";"54";"54265";"1";"1";"2";"3";"Autoroute 33";"48,6294900";"6,1800400"
"201900005512";"3";"9";"2019";"16:45";"1";"42";"42207";"2";"1";"1";"6";"FONSALA BOULEVARD";"45,4729300";"4,5298300"
"201900005513";"25";"12";"2019";"23:20";"3";"974";"97413";"1";"1";"1";"6";"N1";" -21,1926650";"55,2961690"
"201900005514";"23";"12";"2019";"07:20";"3";"28";"28164";"1";"1";"1";"1";"N154";"48,2376760";"1,7836580"
"201900005515";"5";"3";"2019";"17:00";"1";"17";"17086";"1";"2";"1";"3";"RN 141";"45,7455340";" -0,5733400"
"201900005516";"9";"1";"2019";"08:35";"5";"92";"92044";"2";"3";"1";"6";"ANA.FRANCE(RUE) 141+ ET 126 +";"48,8980242";"2,2796604"
"201900005517";"11";"12";"2019";"15:30";"1";"78";"78267";"2";"6";"7";"6";"RUE PIERRE ANDRE";"48,9910950";"1,8087820"
"201900005518";"31";"12";"2019";"20:40";"5";"13";"13001";"2";"5";"1";"3";"SAPORTA GASTON DE (RUE)";"43,5326670";"5,4463990"
"201900005519";"8";"8";"2019";"07:05";"1";"75";"75117";"2";"1";"1";"3";"BOULEVARD DE COURCELLES";"48,8798500";"2,3063940"
"201900005520";"17";"8";"2019";"20:30";"2";"75";"75110";"2";"3";"3";"3";"RUE DU FAUBOURG SAINT MARTIN";"48,8804013";"2,3643155"
"201900005521";"5";"11";"2019";"14:10";"1";"95";"95580";"1";"3";"1";"3";"D16";"49,0850740";"2,5517040"
"201900005522";"30";"11";"2019";"03:30";"5";"38";"38544";"2";"1";"1";"6";"RHONE(BOULEVARD DU)";"45,5362000";"4,8700000"
"201900005523";"23";"11";"2019";"20:15";"3";"36";"36202";"1";"1";"8";"4";"ANCIENNE ROUTE DE TOURS";"46,8324672";"1,6102963"
"201900005524";"11";"10";"2019";"09:45";"1";"36";"36044";"2";"1";"1";"6";"RUE DIEUDONNE COSTES";"46,8188900";"1,7177200"
"201900005525";"9";"12";"2019";"10:35";"1";"22";"22251";"2";"7";"1";"6";"Rue de Remelet";"48,5696521";" -2,8178322"
"201900005526";"20";"12";"2019";"22:00";"3";"37";"37096";"1";"1";"1";"7";"D140";"47,3451920";"0,9478900"
"201900005527";"23";"12";"2019";"10:45";"1";"50";"50129";"2";"3";"1";"2";"NORMANDIE (AVENUE DE)";"49,6269200";" -1,6345100"
"201900005528";"4";"5";"2019";"07:00";"1";"971";"97125";"1";"1";"1";"4";"D118";"16,2514390";" -61,2099950"
"201900005529";"20";"12";"2019";"08:02";"3";"19";"19101";"2";"4";"2";"6";"21 Avenue de Coulaud";"45,2483497";"1,7702606"
"201900005530";"4";"10";"2019";"16:30";"1";"42";"42071";"2";"2";"1";"6";"ETINES (BOULEVARD DES)";"46,0249170";"4,0903480"
"201900005531";"30";"7";"2019";"07:00";"2";"73";"73065";"2";"1";"1";"6";"Rue Rabelais";"45,5703720";"5,9039595"
"201900005532";"28";"4";"2019";"10:50";"1";"69";"69266";"2";"1";"2";"3";"LEON BLUM      (Rue)";"45,7642800";"4,9178100"
"201900005533";"19";"7";"2019";"12:50";"1";"73";"73065";"2";"6";"1";"6";"D991 RP Forum";"45,5920170";"5,9188031"
"201900005534";"17";"6";"2019";"10:42";"1";"6";"06029";"2";"1";"2";"6";"SOURCE (BOULEVARD DE LA)";"43,5462570";"7,0462980"
"201900005535";"20";"12";"2019";"09:30";"1";"84";"84007";"2";"1";"3";"6";"LAVARIN (Chemin du )";"43,9272720";"4,8045560"
"201900005536";"17";"12";"2019";"18:30";"5";"62";"62758";"2";"1";"2";"6";"SAINT OMER ( Route de )";"50,7257800";"1,6340500"
"201900005537";"6";"11";"2019";"08:35";"1";"6";"06030";"2";"1";"1";"6";"ROOSEVELT (AVENUE FRANKLIN)CANNET";"43,5747530";"6,9990140"
"201900005538";"18";"1";"2019";"07:00";"2";"92";"92044";"2";"3";"1";"6";"GABRIEL PERI(RUE) 1A23 ET 2A36";"48,8889303";"2,2905572"
"201900005539";"6";"10";"2019";"12:00";"1";"17";"17263";"1";"1";"2";"1";"RD 137";"45,4186360";" -0,5644440"
"201900005540";"24";"12";"2019";"13:30";"1";"8";"08363";"2";"1";"1";"6";"Avenue Danton";"49,9388850";"4,6392880"
"201900005541";"21";"12";"2019";"17:15";"1";"987";"98733";"2";"1";"1";"3";"PK 23.500 - Route Territoriale 1";" -17,6899310";" -149,5483490"
"201900005542";"14";"7";"2019";"10:30";"1";"73";"73191";"1";"1";"1";"2";"D921";"45,5992209";"5,7663530"
"201900005543";"29";"12";"2019";"01:20";"3";"33";"33392";"1";"1";"5";"1";"100 Lacoste";"44,5877280";" -0,2773940"
"201900005544";"22";"12";"2019";"17:48";"5";"1";"01165";"2";"1";"3";"6";"Grande Rue";"46,0700000";"4,8104990"
"201900005545";"2";"7";"2019";"15:45";"1";"73";"73065";"2";"1";"1";"6";"av des bernardines";"45,5667400";"5,9147640"
"201900005546";"1";"9";"2019";"06:25";"3";"37";"37266";"1";"1";"2";"4";"a10";"47,3172730";"0,6888790"
"201900005547";"6";"12";"2019";"18:20";"5";"51";"51250";"2";"1";"2";"7";"RUE HILDEVERT LEFEVRE";"49,3115874";"3,6796396"
"201900005548";"12";"12";"2019";"17:45";"3";"86";"86137";"2";"2";"3";"5";"16 Avenue de Ouagadougou";"47,0188140";"0,0913670"
"201900005549";"29";"12";"2019";"17:05";"2";"60";"60080";"1";"1";"1";"7";"D115";"49,2812592";"1,9294976"
"201900005550";"21";"12";"2019";"00:23";"3";"77";"77484";"1";"1";"1";"7";"A4";"48,9080545";"2,9439421"
"201900005551";"22";"5";"2019";"17:40";"1";"35";"35363";"2";"1";"1";"6";"N/A";"48,0103090";" -1,7008870"
"201900005552";"30";"11";"2019";"18:00";"3";"55";"55029";"2";"1";"1";"6";"VEEL ( RUE DE )";"48,7665500";"5,1505700"
"201900005553";"23";"12";"2019";"04:55";"3";"10";"10339";"1";"1";"1";"7";"D442";"48,4013570";"3,7701920"
"201900005554";"29";"12";"2019";"14:15";"1";"38";"38553";"2";"1";"1";"6";"87 Avenue des Pins";"45,6032500";"5,1467470"