"Num_Acc";"jour";"mois";"an";"hrmn";"lum";"dep";"com";"agg";"int";"atm";"col";"adr";"lat";"long"
"201900005555";"9";"10";"2019";"05:20";"4";"84";"84007";"2";"2";"1";"3";"PIERRE SEMARD (avenue)";"43,9339900";"4,8316200"
"201900005556";"25";"7";"2019";"09:10";"1";"75";"75117";"2";"2";"1";"3";"BOULEVARD BERTHIER";"48,8901166";"2,3038083"
"201900005557";"17";"10";"2019";"17:30";"2";"25";"25519";"1";"1";"3";"6";"CD 437";"47,2960400";"6,8034120"
"201900005558";"31";"12";"2019";"09:20";"1";"49";"49328";"1";"1";"5";"1";"VIEUX VIVY (ROUTE DU)";"47,3052600";" -0,0728600"
"201900005559";"16";"12";"2019";"17:10";"2";"35";"35236";"2";"3";"1";"7";"Boulevard Bonne Nouvelle";"47,6503640";" -2,0815600"
"201900005560";"27";"12";"2019";"18:18";"3";"39";"39063";"1";"1";"1";"7";"N/A";"46,5915670";"5,8390090"
"201900005561";"22";"12";"2019";"18:30";"3";"44";"44157";"1";"2";"2";"3";"L'Ardillais";"46,9421350";" -1,7309840"
"201900005562";"23";"12";"2019";"17:15";"2";"34";"34213";"1";"1";"1";"3";"RD613";"43,4743750";"3,6890120"
"201900005563";"22";"12";"2019";"16:50";"2";"13";"13035";"1";"1";"1";"1";"Chemin du Col de Melet";"43,6914360";"5,0179220"
"201900005564";"20";"12";"2019";"18:15";"3";"26";"26332";"1";"1";"9";"1";"A7";"45,2083090";"4,8716490"
"201900005565";"28";"12";"2019";"22:45";"5";"59";"59063";"2";"2";"1";"2";"75 Rue Victor Watremez";"50,1410560";"3,3814910"
"201900005566";"16";"11";"2019";"18:00";"3";"30";"30011";"1";"1";"1";"3";"ARAMON RUE D'";"43,9493000";"4,7881000"
"201900005567";"27";"9";"2019";"23:00";"5";"2";"02691";"2";"3";"1";"6";"BLUM (BD LEON)";"49,8409289";"3,2913145"
"201900005568";"6";"5";"2019";"15:15";"1";"92";"92040";"2";"1";"1";"6";"PDT ROOSEVELT (QUAI DU)";"48,8311485";"2,2619810"
"201900005569";"27";"9";"2019";"14:20";"1";"68";"68333";"2";"3";"2";"7";"Rue de la Vallée";"47,6190060";"7,2982120"
"201900005570";"2";"10";"2019";"18:20";"2";"62";"62194";"2";"1";"1";"6";"LATERALE ( RUE )";"50,4879040";"2,4894550"
"201900005571";"19";"12";"2019";"08:35";"2";"44";"44109";"2";"1";"1";"6";"COTY   ( BD PRESIDENT RENE)";"47,2086360";" -1,5863240"
"201900005572";"22";"11";"2019";"17:00";"1";"22";"22278";"2";"6";"1";"6";"MAZIER (ANTOINE)";"48,5140700";" -2,7424000"
"201900005573";"22";"1";"2019";"19:00";"5";"93";"93005";"2";"1";"1";"6";"MARC CHAGALL (BOULEVARD)";"48,9533000";"2,5027800"
"201900005574";"12";"12";"2019";"20:45";"5";"92";"92009";"2";"2";"1";"1";"EUROPE (AVENUE)";"48,9068300";"2,2614000"
"201900005575";"23";"12";"2019";"15:30";"1";"35";"35299";"2";"6";"1";"7";"Rue de Bellevue";"48,6364540";" -1,9058640"
"201900005576";"21";"12";"2019";"05:30";"3";"43";"43010";"1";"1";"2";"7";"D535";"45,0044920";"3,9499700"
"201900005577";"23";"12";"2019";"00:00";"3";"88";"88011";"1";"1";"2";"7";"26 Rue du Paquis";"48,1204490";"6,5332980"
"201900005578";"23";"8";"2019";"08:45";"1";"13";"13216";"2";"1";" -1";" -1";"chemin du littoral";"43,3482880";"5,3431690"
"201900005579";"21";"9";"2019";"11:55";"1";"78";"78498";"2";"1";"1";"7";"LEFEBVRE AV FERNAND";"48,9268300";"2,0470500"
"201900005580";"17";"9";"2019";"20:00";"2";"78";"78158";"2";"2";"1";"3";"KLEBER (RUE)";"48,8198000";"2,1348500"
"201900005581";"14";"3";"2019";"06:40";"5";"61";"61213";"2";"1";"1";"5";"rue Paris-Brest";"48,4754850";" -0,1432350"
"201900005582";"29";"5";"2019";"09:05";"1";"68";"68066";"1";"1";"1";"4";"BIRG (RUE DE LA)";"48,1068500";"7,3910500"
"201900005583";"1";"9";"2019";"13:00";"1";"2";"02691";"2";"1";"1";"6";"BLUM (BD LEON)";"49,8411561";"3,2922332"
"201900005584";"16";"12";"2019";"08:50";"1";"95";"95127";"2";"6";"1";"6";"CONSTELLATION (AVENUE DE LA)";"49,0510100";"2,0319000"
"201900005585";"10";"12";"2019";"15:40";"1";"80";"80001";"2";"1";"1";"6";"ROUVROY (de)";"50,1088200";"1,8060600"
"201900005586";"22";"12";"2019";"18:00";"5";"94";"94080";"2";"1";"1";"6";"FRANCE (R DE)";"48,8481949";"2,4500000"
"201900005587";"22";"12";"2019";"15:40";"1";"31";"31517";"2";"1";"1";"6";"Avenue Marcel Vidal";"43,3286680";"1,3289310"
"201900005588";"9";"12";"2019";"11:30";"1";"21";"21038";"2";"1";"1";"6";"RD 20B - PR 0+500 - 2 rue des Glacis";"47,1947720";"5,3941480"
"201900005589";"10";"12";"2019";"07:25";"3";"60";"60141";"2";"6";"1";"2";"Route Toudouze (Chemin)";"49,1872131";"2,4687646"
"201900005590";"25";"7";"2019";"09:40";"1";"75";"75118";"2";"2";"1";"3";"N/A";"48,9004050";"2,3702080"
"201900005591";"12";"7";"2019";"15:25";"1";"42";"42218";"2";"1";"1";"6";"GARIBALDI (PLACE)";"45,4488900";"4,4055900"
"201900005592";"18";"4";"2019";"15:10";"1";"92";"92044";"2";"2";"1";"6";"ANA. FRANCE(RUE)1A75 ET 2A72";"48,8888987";"2,2879362"
"201900005593";"27";"12";"2019";"19:01";"5";"63";"63113";"2";"2";"1";"6";"MOULIN (BD JEAN)";"45,7770800";"3,1177600"
"201900005594";"24";"12";"2019";"11:15";"1";"33";"33272";"1";"2";"2";"3";"Lieu Dit Jeanneau";"45,0682300";" -0,3699530"
"201900005595";"28";"12";"2019";"07:20";"2";"73";"73032";"1";"1";"9";"3";"N90";"45,6280990";"6,4445760"
"201900005596";"25";"12";"2019";"12:45";"1";"24";"24312";"1";"2";"1";"3";"Route des Cerfs";"45,1104310";"0,7746870"
"201900005597";"13";"1";"2019";"22:50";"4";"45";"45312";"1";"1";"2";"2";"D2007";"47,9150010";"2,7357670"
"201900005598";"25";"8";"2019";"01:45";"3";"65";"65369";"1";"1";"1";"7";"N/A";"43,2714300";"0,1646370"
"201900005599";"15";"11";"2019";"11:40";"1";"42";"42301";"1";"1";"4";"6";"D5";"45,5106030";"4,0481880"
"201900005600";"25";"7";"2019";"11:15";"1";"69";"69266";"2";"1";"1";"6";"RICHELIEU     (Rue)";"45,7605300";"4,8776000"
"201900005601";"22";"12";"2019";"18:55";"5";"37";"37208";"1";"1";"8";"1";"A10";"47,3581020";"0,7094760"
"201900005602";"20";"12";"2019";"22:40";"3";"14";"14719";"1";"1";"2";"6";"D131";"49,0242290";" -0,3101930"
"201900005603";"7";"11";"2019";"07:55";"1";"59";"59383";"1";"1";"3";"4";"AUTOROUTE A2";"50,3379715";"3,5410214"
"201900005604";"14";"9";"2019";"07:35";"2";"59";"59431";"2";"6";"1";"5";"HOUCKE (AVENUE JULES)";"50,6847500";"2,8421500"
"201900005605";"12";"9";"2019";"09:10";"1";"59";"59431";"1";"1";"1";"1";"CIGOGNES (RUE DES)";"50,6960160";"2,8400330"
"201900005606";"6";"9";"2019";"17:30";"1";"59";"59609";"1";"1";"1";"2";"AUTOROUTE A1";"50,5700000";"3,0800000"
"201900005607";"17";"12";"2019";"08:10";"2";"92";"92044";"2";"4";"1";"3";"VILLIERS(RUE DE)  88A140";"48,8962700";"2,2734100"
"201900005608";"9";"11";"2019";"09:05";"1";"92";"92002";"2";"4";"1";"3";"ARISTIDE BRIAND (AVENUE)";"48,7585308";"2,3070103"
"201900005609";"9";"11";"2019";"14:25";"1";"92";"92002";"1";"1";"1";"3";"AUTOROUTE A10";"48,7371471";"2,3162289"
"201900005610";"10";"12";"2019";"08:50";"1";"92";"92050";"2";"9";"1";"6";"JOFFRE MARECHAL AVENUE DU";"48,8852968";"2,1955329"
"201900005611";"15";"12";"2019";"00:10";"5";"92";"92035";"2";"1";"2";"6";"Murgers ( rue des )";"48,9035600";"2,2336900"
"201900005612";"14";"11";"2019";"11:00";"1";"92";"92002";"2";"2";"8";"6";"LEON BLUM (AVENUE)";"48,7584421";"2,3001653"
"201900005613";"11";"11";"2019";"16:05";"1";"92";"92002";"1";"1";"8";"4";"AUTOROUTE A10";"48,7338750";"2,3132352"
"201900005614";"29";"12";"2019";"18:09";"5";"27";"27278";"2";"1";"1";"5";"53 Rue Marie Curie";"48,9131070";"1,4359450"
"201900005615";"9";"12";"2019";"15:20";"1";"33";"33243";"2";"3";"2";"6";"1 Rue Abbé Lewden";"44,9139620";" -0,2303910"
"201900005616";"22";"12";"2019";"19:50";"5";"64";"64445";"2";"1";"2";"1";"RESISTANCE";"43,3033400";" -0,3756500"
"201900005617";"19";"12";"2019";"02:15";"5";"59";"59350";"2";"1";"1";"6";"DUNKERQUE AVENUE DE";"50,6339019";"3,0308302"
"201900005618";"22";"11";"2019";"14:10";"1";"92";"92004";"2";"1";"1";"5";"DOCTEUR DERVAUX  ( QUAI DU )";"48,9128540";"2,3042030"
"201900005619";"30";"12";"2019";"16:35";"1";"83";"83115";"2";"9";"1";"6";"Avenue du 8 Mai 1945";"43,3106680";"6,6333020"
"201900005620";"13";"11";"2019";"17:35";"5";"73";"73222";"2";"3";"1";"3";"EGLANTIERS (RUE DES)";"45,5745000";"5,9619400"
"201900005621";"27";"10";"2019";"18:30";"3";"92";"92004";"2";"1";"1";"6";"VOLTAIRE ( BD )";"48,9162840";"2,2899980"
"201900005622";"25";"11";"2019";"17:05";"2";"2";"02691";"2";"1";"1";"6";"GUISE (RUE DE)";"49,8406856";"3,3124584"
"201900005623";"22";"12";"2019";"19:00";"4";"93";"93031";"2";"2";"2";"3";"CLAUDE DEBUSSY";"48,9472390";"2,3428460"
"201900005624";"12";"11";"2019";"08:07";"1";"49";"49007";"2";"1";"1";"6";"BLANCHOIN BOULEVARD";"47,4484600";" -0,5388200"
"201900005625";"2";"8";"2019";"17:50";"1";"75";"75115";"2";"1";"1";"3";"RUE HENRY FARMAN";"48,8332290";"2,2702400"
"201900005626";"5";"11";"2019";"14:48";"1";"94";"94080";"2";"1";"1";"6";"CLEMENT VIENOT (R)";"48,8469200";"2,4515000"
"201900005627";"20";"12";"2019";"07:50";"5";"94";"94068";"2";"3";"2";"6";"HAVRE (R DU)";"48,7950000";"2,5070000"
"201900005628";"14";"11";"2019";"10:00";"1";"49";"49193";"2";"1";"1";"1";"14 Rue Pasteur";"47,1382330";" -0,8901880"
"201900005629";"7";"11";"2019";"23:10";"5";"59";"59646";"1";"1";"1";"2";"ROUTE DEPARTEMENTALE 656";"50,6888690";"3,1389580"
"201900005630";"7";"11";"2019";"07:05";"3";"59";"59196";"1";"1";"3";"7";"AUTOROUTE A25";"50,6378700";"2,9404400"
"201900005631";"12";"11";"2019";"14:22";"1";"94";"94034";"1";"1";"1";"2";"AUTOROUTE A86";"48,7617998";"2,3157978"
"201900005632";"11";"11";"2019";"03:50";"5";"94";"94021";"1";"1";"1";"1";"AUTOROUTE A6B";"48,8086970";"2,3481211"
"201900005633";"15";"9";"2019";"20:50";"3";"94";"94017";"1";"1";"1";"2";"A4";"48,8266000";"2,5183700"
"201900005634";"20";"12";"2019";"16:25";"1";"60";"60665";"1";"1";"1";"6";"EUROPE (AVENUE DE L')";"49,4095093";"2,7783760"
"201900005635";"27";"11";"2019";"16:50";"1";"30";"30028";"2";"1";"1";"6";"FRANCOISMITTERAND";"44,1727092";"4,6201141"
"201900005636";"19";"11";"2019";"18:00";"2";"9";"09122";"2";"1";"1";"6";"ESPAGNE (ROUTE D')";"42,9516100";"1,6244100"
"201900005637";"11";"10";"2019";"16:00";"1";"44";"44205";"2";"1";"1";"6";"2 Rue du Sacré-coeur";"47,4420330";" -1,4310110"
"201900005638";"23";"12";"2019";"13:45";"1";"59";"59009";"2";"1";"1";"7";"TOURNAI BOULEVARD DE";"50,6138800";"3,1325900"
"201900005639";"28";"12";"2019";"23:34";"5";"69";"69381";"2";"2";"1";"7";"ROGER VIOLI                         (R )";"45,7705300";"4,8372600"
"201900005640";"18";"12";"2019";"17:15";"3";"95";"95585";"2";"1";"1";"3";"BULLIER (RUE THEODORE)";"48,9911800";"2,3724600"
"201900005641";"19";"11";"2019";"18:18";"5";"73";"73008";"2";"3";"1";"6";"MARLIOZ AVENUE DE";"45,6829163";"5,9120407"
"201900005642";"29";"11";"2019";"15:00";"1";"59";"59648";"2";"2";"1";"7";"CLEMENCEAU RUE";"50,5990300";"3,0529100"
"201900005643";"13";"12";"2019";"18:10";"5";"51";"51649";"2";"9";"1";"6";"RUE DOMYNE DE VERZET";"48,7253749";"4,5873229"
"201900005644";"22";"8";"2019";"07:25";"1";"42";"42186";"2";"1";"1";"3";"EDOUARD VAILLANT RUE";"45,5239500";"4,6061700"
"201900005645";"6";"2";"2019";"10:54";"1";"73";"73100";"1";"1";"1";"3";"lieu dit les combes D916A";"45,5489977";"5,6748414"
"201900005646";"3";"7";"2019";"23:10";"2";"29";"29019";"2";"2";"1";"3";"KERELIE";"48,4105405";" -4,4957205"
"201900005647";"28";"12";"2019";"02:10";"5";"33";"33075";"2";"2";"1";"1";"AVE DU MEDOC / bretelle A630 échangeur 7";"44,8801900";" -0,6275500"
"201900005648";"17";"11";"2019";"23:30";"5";"33";"33039";"2";"5";"1";"3";"AVE MAL DE LATTRE DE TASSIGNY";"44,8027400";" -0,5459300"
"201900005649";"29";"10";"2019";"09:00";"1";"34";"34300";"1";"1";"1";"6";"A75";"43,3824950";"3,3074080"
"201900005650";"21";"12";"2019";"09:50";"1";"40";"40117";"1";"1";"1";"2";"Route d'Aire";"43,7748700";" -0,4036410"
"201900005651";"21";"12";"2019";"21:15";"3";"68";"68317";"1";"1";"3";"6";"D417";"48,0671590";"7,0698860"
"201900005652";"7";"12";"2019";"17:35";"3";"60";"60282";"2";"4";"8";"1";"Rue de Boran";"49,1840132";"2,4091008"
"201900005653";"22";"7";"2019";"17:10";"1";"59";"59350";"2";"1";"1";"6";"VAUBAN BOULEVARD N°2-18-1-39";"50,6353000";"3,0495000"
"201900005654";"21";"7";"2019";"00:00";"5";"59";"59350";"2";"2";"1";"5";"FAUBOURG D'ARRAS RUE";"50,6126170";"3,0619270"
"201900005655";"19";"7";"2019";"13:15";"1";"59";"59648";"2";"1";"1";"2";"VERDUN RUE DE";"50,5782300";"3,0329600"
"201900005656";"19";"7";"2019";"05:50";"1";"59";"59360";"2";"4";"1";"1";"PARE AMBROISE RUE";"50,6075100";"3,0215300"
"201900005657";"9";"7";"2019";"09:15";"1";"59";"59350";"1";"4";"1";"6";"Osacr lambret, Avenue";"50,6152335";"3,0358046"
"201900005658";"4";"7";"2019";"14:55";"1";"59";"59009";"2";"1";"1";"2";"FAIDHERBE RUE";"50,6436639";"3,1268432"
"201900005659";"2";"7";"2019";"01:20";"5";"59";"59350";"2";"2";"1";"6";"CORMONTAIGNE  METRO";"50,6261600";"3,0402800"
"201900005660";"24";"2";"2019";"02:10";"5";"16";"16154";"2";"1";"1";"6";"22 impasse d'Orléans";"45,6676870";"0,1702980"
"201900005661";"6";"8";"2019";"17:50";"1";"78";"78126";"2";"1";"3";"1";"GRANDE RUE (RUE)";"48,8500510";"2,1296300"
"201900005662";"1";"8";"2019";"11:45";"1";"78";"78269";"1";"1";"1";"3";"D 150";"48,6174100";"1,8163100"
"201900005663";"28";"11";"2019";"16:10";"1";"91";"91377";"2";"1";"1";"6";"DE GAULLE (AVENUE DU GENERAL)";"48,7312630";"2,2718278"
"201900005664";"27";"11";"2019";"17:15";"1";"87";"87085";"2";"1";"2";"3";"GIFFARD (RUE HENRI)";"45,8700900";"1,2694800"
"201900005665";"27";"11";"2019";"13:33";"1";"87";"87085";"1";"1";"2";"6";"CHASSAGNE (RUE JEAN)";"45,8125800";"1,2431200"
"201900005666";"28";"11";"2019";"08:50";"1";"71";"71309";"1";"1";"2";"1";"TOULON (ROUTE DE)";"46,7828500";"4,3907900"
"201900005667";"3";"6";"2019";"15:10";"1";"69";"69266";"2";"6";"8";"3";"ALBERT THOMAS    (Place)";"45,7597439";"4,8761111"
"201900005668";"28";"11";"2019";"09:32";"1";"63";"63032";"2";"1";"2";"2";"MONTANT (RUE DU)";"45,7538100";"3,0993600"
"201900005669";"28";"11";"2019";"07:35";"1";"63";"63113";"1";"2";"2";"6";"CANROBERT (RUE)";"45,7892600";"3,0627900"
"201900005670";"19";"11";"2019";"08:00";"2";"62";"62321";"1";"1";"9";"3";"RD 160E";"50,4360400";"3,0467900"
"201900005671";"27";"11";"2019";"07:55";"5";"44";"44162";"2";"1";"3";"6";"BOULEVARD DU MASSACRE";"47,2359200";" -1,5874000"
"201900005672";"9";"7";"2019";"17:37";"1";"29";"29019";"2";"1";"1";"1";"KERVERN AUGUSTE";"48,4029500";" -4,4887000"
"201900005673";"31";"8";"2019";"14:15";"1";"18";"18205";"2";"1";"1";"5";"RD 2076";"47,1209000";"2,3712600"
"201900005674";"28";"11";"2019";"10:06";"1";"17";"17300";"2";"2";"1";"3";"LORIENT   RUE DE";"46,1647700";" -1,1904800"
"201900005675";"26";"8";"2019";"17:00";"1";"17";"17300";"2";"2";"1";"3";"GUITON   AVENUE JEAN (9-165 et 4)";"46,1597500";" -1,1657300"
"201900005676";"7";"7";"2019";"17:45";"1";"56";"56121";"2";"1";"1";"7";"LECLERC ( BD GENERAL )";"47,7486400";" -3,3653800"
"201900005677";"7";"7";"2019";"12:23";"1";"54";"54578";"2";"3";"1";"5";"AIGUILLETTES  (BD 5A A 17A)";"48,6714800";"6,1563200"
"201900005678";"3";"7";"2019";"13:53";"1";"54";"54395";"2";"3";"1";"3";"LOBAU (BOULEVARD)";"48,6794100";"6,1989900"
"201900005679";"2";"7";"2019";"06:00";"1";"54";"54578";"2";"2";"1";"3";"CHAMPELLE (BD DE)";"48,6555900";"6,1083300"
"201900005680";"21";"6";"2019";"12:25";"1";"54";"54395";"2";"3";"1";"2";"BOUFFLERS (AV. DE 74";"48,6892100";"6,1615700"
"201900005681";"26";"6";"2019";"08:20";"1";"54";"54184";"2";"1";"1";"5";"RD 83";"48,7193300";"6,2402400"
"201900005682";"24";"6";"2019";"17:50";"1";"54";"54395";"2";"1";"1";"5";"STRASBOURG (AVENUE DE)";"48,6818400";"6,1924900"
"201900005683";"26";"6";"2019";"10:55";"1";"54";"54184";"1";"6";"1";"2";"RD83";"48,7107500";"6,2430300"
"201900005684";"2";"7";"2019";"17:20";"1";"54";"54274";"2";"1";"1";"7";"BIZET (RUE GEORGES)";"48,6735290";"6,2057060"
"201900005685";"7";"6";"2019";"16:25";"1";"54";"54395";"2";"3";"1";"3";"ARC ( RUE JEANNE D'N";"48,6851000";"6,1723200"
"201900005686";"22";"6";"2019";"19:20";"1";"54";"54304";"2";"1";"1";"3";"RESISTANCE (AV. DE LA -IMPAIR-)";"48,6946500";"6,1284100"
"201900005687";"18";"6";"2019";"07:30";"1";"54";"54395";"2";"2";"1";"7";"SENN (RUE DU RECTEUR)";"48,6835100";"6,1878000"
"201900005688";"26";"6";"2019";"11:31";"1";"54";"54395";"2";"2";"1";"7";"FAUBOURG DES TROIS MAISONS (RUE DU)";"48,7027700";"6,1751900"
"201900005689";"4";"6";"2019";"07:43";"1";"54";"54184";"2";"6";"1";"2";"BRIGACHTAL (AVENUE DE)";"48,7082400";"6,2435800"
"201900005690";"7";"7";"2019";"13:20";"1";"52";"52448";"2";"1";"1";"6";"ETATS UNIS (AVENUE DES) PAIR";"48,6359300";"4,9671400"
"201900005691";"5";"7";"2019";"18:08";"1";"52";"52121";"2";"2";"1";"3";"ROSTAND (RUE EDMOND)";"48,0992000";"5,1491600"
"201900005692";"6";"7";"2019";"17:45";"1";"49";"49328";"2";"1";"1";"1";"ROCADE N 347";"47,2595400";" -0,0973900"
"201900005693";"5";"7";"2019";"06:45";"4";"49";"49353";"2";"1";"1";"3";"JEAN JAURES RUE";"47,4428300";" -0,4959000"
"201900005694";"7";"7";"2019";"23:15";"5";"49";"49007";"2";"1";"1";"6";"POISSONNERIE";"47,4729300";" -0,5559700"
"201900005695";"6";"7";"2019";"20:50";"2";"49";"49015";"2";"1";"1";"7";"MENDES FRANCE AVENUE PIERRE";"47,5025000";" -0,5857500"
"201900005696";"5";"7";"2019";"20:13";"1";"47";"47201";"2";"1";"7";"6";"GAMBETTA (RUE)";"44,1993500";"0,5998400"
"201900005697";"8";"7";"2019";"13:10";"1";"45";"45147";"2";"1";"1";"3";"RUE DES FOSSES";"47,9253620";"1,9225670"
"201900005698";"6";"7";"2019";"20:30";"1";"45";"45068";"2";"1";"1";"7";"RUE DU GUE AUX BICHES";"48,0213930";"2,7246810"
"201900005699";"6";"7";"2019";"18:30";"1";"44";"44184";"2";"1";"1";"1";"rue henri gautier";"47,2789990";" -2,2048340"
"201900005700";"5";"7";"2019";"21:30";"1";"44";"44184";"2";"3";"1";"3";"RUE RENÉ GUILLOUZO / PLACE DU COMMERCE ";"47,2812000";" -2,2140600"
"201900005701";"6";"7";"2019";"13:50";"1";"41";"41295";"1";"1";"1";"2";"N/A";"47,5842800";"1,3648100"
"201900005702";"2";"7";"2019";"09:15";"1";"39";"39300";"2";"1";"1";"3";"BERCAILLE (RUE)";"46,6920260";"5,5588080"
"201900005703";"8";"7";"2019";"07:15";"1";"38";"38421";"2";"2";"1";"6";"GRIMAU (RUE J.)";"45,1858550";"5,7612710"
"201900005704";"8";"7";"2019";"15:55";"1";"37";"37261";"2";"9";"1";"2";"PROUDHON (AVENUE)";"47,3947333";"0,6704678"
"201900005705";"8";"7";"2019";"14:03";"1";"37";"37261";"2";"1";"1";"3";"BUFFON (RUE)";"47,3933953";"0,6906165"
"201900005706";"8";"7";"2019";"06:50";"1";"37";"37233";"2";"6";"1";"2";"DUCLOS (AVENUE JACQUES)";"47,3801100";"0,7269400"
"201900005707";"5";"7";"2019";"13:25";"1";"36";"36044";"2";"1";"1";"3";"191 AVENUE DE VERDUN";"46,7997277";"1,6976508"
"201900005708";"5";"7";"2019";"06:10";"2";"36";"36044";"2";"1";"1";"6";"57 RUE DE NOTZ";"46,8027432";"1,6881492"
"201900005709";"8";"7";"2019";"08:55";"1";"35";"35238";"2";"1";"1";"6";"YSER (BD DE L')";"48,0919900";" -1,6730600"
"201900005710";"7";"7";"2019";"18:20";"1";"35";"35238";"2";"2";"1";"3";"SAINT-HELIER";"48,1069100";" -1,6707500"
"201900005711";"7";"7";"2019";"17:10";"1";"35";"35238";"2";"4";"1";"6";"PERRIN (JEAN)";"48,0966400";" -1,7109800"
"201900005712";"8";"7";"2019";"13:59";"1";"34";"34172";"2";"3";"1";"1";"REINE HELENE D'ITALIE (AVENUE DE LA)";"43,6234300";"3,8919900"
"201900005713";"12";"6";"2019";"19:30";"1";"33";"33039";"2";"3";"1";"2";"RUE ALEXIS LABRO";"44,7923800";" -0,5611800"
"201900005714";"15";"6";"2019";"22:35";"5";"33";"33063";"2";"3";"1";"3";"GAUTIER (BD ANTOINE)";"44,8333500";" -0,5987500"
"201900005715";"28";"6";"2019";"16:35";"1";"33";"33063";"2";"1";"1";"6";"RUE CAPDEVILLE - autobus articulé percute cycliste en le doublant";"44,8438000";" -0,5871600"
"201900005716";"7";"7";"2019";"19:15";"1";"33";"33119";"2";"1";"1";"6";"RUE EDOUARD VAILLANT";"44,8564000";" -0,5340600"
"201900005717";"7";"7";"2019";"02:40";"5";"31";"31555";"2";"3";"1";"3";"BD DE L EMBOUCHURE";"43,6114300";"1,4199600"
"201900005718";"5";"7";"2019";"17:00";"1";"31";"31555";"2";"1";"1";"6";"AV CAMILLE PUJOL";"43,6017400";"1,4584400"
"201900005719";"13";"5";"2019";"17:35";"1";"29";"29019";"2";"1";"1";"1";"CHEVILLOTTE JEAN CHARLES";"48,3879000";" -4,4486400"
"201900005720";"5";"7";"2019";"21:15";"1";"29";"29019";"2";"1";"1";"1";"LE DANTEC FELIX (DE 39 ET 52 A FIN)";"48,4159400";" -4,4718600"
"201900005721";"8";"7";"2019";"11:03";"1";"26";"26281";"2";"1";"1";"6";"CARDONEL (RUE LOUIS LE)";"45,0538060";"5,0421770"
"201900005722";"5";"7";"2019";"15:30";"1";"22";"22106";"2";"1";"1";"6";"VERNE (RUE JULES)";"48,4965990";" -2,7294530"
"201900005723";"8";"7";"2019";"07:45";"1";"16";"16358";"1";"1";"1";"2";"293 route e St Jean d'Angely";"45,6837880";"0,1128200"
"201900005724";"8";"7";"2019";"17:35";"1";"14";"14118";"1";"1";"7";"2";"RN 814";"49,1958600";" -0,3957700"
"201900005725";"9";"7";"2019";"00:00";"3";"13";"13117";"2";"1";"1";"7";"ROUTE NATIONALE 113 - LA GARE";"43,4403700";"5,2494200"
"201900005726";"7";"7";"2019";"02:05";"5";"13";"13056";"2";"1";"1";"6";"TOURET DE VALLIER";"43,4268400";"5,0568800"
"201900005727";"8";"7";"2019";"20:00";"2";"13";"13070";"2";"3";"1";"6";"VOLTAIRE (BOULEVARD)";"43,2813300";"5,5160800"
"201900005728";"7";"7";"2019";"14:00";"1";"12";"12089";"2";"1";"1";"2";"AOUT (PLACE DU 10 )";"44,5584000";"2,2546700"
"201900005729";"6";"7";"2019";"03:36";"5";"11";"11262";"2";"1";"1";"6";"MER (AVENUE DE LA)";"43,1806200";"3,0363700"
"201900005730";"6";"7";"2019";"16:30";"1";"11";"11262";"2";"1";"1";"6";"FABRE (RUE GUSTAVE)";"43,1849500";"3,0031500"
"201900005731";"5";"7";"2019";"08:30";"1";"8";"08105";"2";"1";"1";"6";"ARCHES (AVENUE)";"49,7641700";"4,7194000"
"201900005732";"8";"7";"2019";"14:50";"1";"6";"06088";"2";"1";"1";"2";"CASSIN (BD RENE)";"43,6678350";"7,2094040"
"201900005733";"3";"5";"2019";"20:00";"1";"6";"06088";"2";"1";"1";"2";"TURIN (RTE DE)";"43,7204500";"7,2877200"
"201900005734";"23";"4";"2019";"19:07";"2";"6";"06088";"2";"2";"1";"3";"GRENOBLE (ROUTE DE)";"43,6707700";"7,2097600"
"201900005735";"7";"7";"2019";"18:25";"1";"3";"03185";"2";"1";"1";"2";"avenue de la République";"46,3472927";"2,5960145"
"201900005736";"7";"7";"2019";"20:00";"2";"75";"75112";"2";"1";"1";"6";"COURS DE VINCENNES";"48,8471150";"2,4066760"
"201900005737";"7";"7";"2019";"14:15";"1";"75";"75116";"2";"3";"1";"3";"AVENUE DE NEW YORK";"48,8633450";"2,2963290"
"201900005738";"6";"7";"2019";"21:05";"5";"75";"75118";"2";"1";"1";"3";"BOULEVARD DE ROCHECHOUART";"48,8834450";"2,3463250"
"201900005739";"8";"7";"2019";"13:00";"1";"75";"75120";"2";"6";"1";"6";"AVENUE DE LA PORTE DE VINCENNES";"48,8467850";"2,4151910"
"201900005740";"8";"7";"2019";"16:40";"1";"75";"75119";"2";"7";"1";"6";"PLACE DE LA PORTE DE PANTIN";"48,8894910";"2,3957870"
"201900005741";"8";"7";"2019";"22:20";"5";"75";"75117";"2";"2";"1";"3";"AVENUE DE WAGRAM";"48,8797160";"2,2993500"
"201900005742";"8";"7";"2019";"19:20";"1";"75";"75116";"2";"2";"1";"6";"BOULEVARD EXELMANS";"48,8415090";"2,2638560"
"201900005743";"7";"7";"2019";"21:10";"2";"75";"75108";"2";"7";"1";"1";"AVENUE MARCEAU";"48,8660690";"2,2996880"
"201900005744";"8";"7";"2019";"17:10";"1";"75";"75113";"2";"2";"1";"6";"RUE DE LA GLACIERE";"48,8264470";"2,3417990"
"201900005745";"8";"7";"2019";"17:00";"1";"75";"75112";"2";"3";"1";"3";"AVENUE DAUMESNIL";"48,8384420";"2,3987050"
"201900005746";"8";"7";"2019";"09:40";"1";"75";"75110";"2";"1";"1";"2";"RUE DE METZ";"48,8708420";"2,3539360"
"201900005747";"8";"7";"2019";"20:15";"1";"75";"75108";"2";"7";"1";"5";"AVENUE DES CHAMPS ELYSEES";"48,8677560";"2,3139680"