"Num_Acc";"jour";"mois";"an";"hrmn";"lum";"dep";"com";"agg";"int";"atm";"col";"adr";"lat";"long"
"201900005748";"8";"7";"2019";"10:50";"1";"75";"75117";"2";"2";"1";"3";"PLACE CHARLES FILLION";"48,8886330";"2,3156610"
"201900005749";"6";"7";"2019";"11:30";"1";"75";"75117";"2";"7";"1";"6";"PLACE GENERAL CATROUX";"48,8827620";"2,3090880"
"201900005750";"7";"7";"2019";"02:00";"5";"75";"75101";"2";"2";"1";"3";"QUAI FRANCOIS MITTERRAND";"48,8601810";"2,3332110"
"201900005751";"8";"7";"2019";"13:45";"1";"75";"75101";"2";"7";"1";"3";"PLACE VENDOME";"48,8678610";"2,3298500"
"201900005752";"7";"7";"2019";"03:50";"5";"75";"75101";"2";"1";"1";"6";"QUAI DU LOUVRE";"48,8589220";"2,3402620"
"201900005753";"8";"7";"2019";"20:45";"1";"94";"94003";"2";"1";"1";"3";"PAUL VAILLANT COUTURIER (AV)";"48,7986800";"2,3457600"
"201900005754";"7";"7";"2019";"15:30";"1";"94";"94033";"2";"6";"1";"3";"OLYMPIADES (AV DES)";"48,8540700";"2,4884700"
"201900005755";"7";"7";"2019";"02:15";"5";"94";"94054";"2";"1";"1";"6";"BAS MARIN (R DU)";"48,7480000";"2,3897000"
"201900005756";"8";"7";"2019";"17:25";"1";"93";"93073";"1";"1";"1";"2";"CHAPIT RE ( RUE DU)";"49,0027640";"2,5369100"
"201900005757";"8";"7";"2019";"18:00";"1";"93";"93072";"2";"3";"1";"3";"STALINGRAD (AVENUE DE) COTE DES N°51 AU";"48,9579400";"2,3969000"
"201900005758";"8";"7";"2019";"00:05";"5";"93";"93070";"2";"1";"1";"7";"ALBERT-DHALENNE (RUE)";"48,9116000";"2,3367000"
"201900005759";"8";"7";"2019";"12:25";"1";"93";"93066";"2";"3";"1";"1";"VAILLANT COUTURIER PAUL (AV) NR 2 A 110";"48,9314900";"2,3643000"
"201900005760";"8";"7";"2019";"08:30";"1";"93";"93039";"2";"1";"1";"6";"CHATELIER (QUAI DU )";"48,9197400";"2,3289000"
"201900005761";"25";"6";"2019";"18:50";"1";"93";"93055";"2";"1";"1";"2";"JEAN LOLIVE (AVENUE)(1/55 2/60)";"48,8911400";"2,4004600"
"201900005762";"8";"7";"2019";"10:45";"1";"93";"93051";"2";"1";"1";"6";"GEORGES MELIES";"48,8394600";"2,5397600"
"201900005763";"7";"7";"2019";"22:20";"5";"93";"93048";"2";"1";"1";"6";"HENRI BARBUSSE (BOULEVARD)";"48,8639100";"2,4443300"
"201900005764";"8";"7";"2019";"17:55";"1";"93";"93046";"2";"1";"1";"6";"ROSNY ALLEE DE";"48,9020400";"2,5115300"
"201900005765";"8";"7";"2019";"14:20";"1";"93";"93031";"2";"1";"1";"6";"LYAUTEY";"48,9652658";"2,2986916"
"201900005766";"8";"7";"2019";"13:30";"1";"93";"93010";"2";"1";"1";"6";"LEBAS (AV. JEAN)";"48,9129470";"2,4813570"
"201900005767";"8";"7";"2019";"12:15";"1";"92";"92073";"2";"2";"1";"3";"LOUCHEUR (BOULEVARD LOUIS)";"48,8595674";"2,2136019"
"201900005768";"5";"7";"2019";"16:00";"1";"92";"92025";"2";"1";"1";"3";"STALINGRAD (AV DE)";"48,9291288";"2,2684558"
"201900005769";"7";"7";"2019";"04:30";"3";"47";"47246";"1";"1";"1";"7";"route de saint hilaire";"44,2236410";"0,5167880"
"201900005770";"9";"7";"2019";"10:45";"1";"83";"83136";"2";"1";"3";"3";"Boulevard du 17 Août 1944";"43,4541280";"6,2989800"
"201900005771";"7";"7";"2019";"15:20";"1";"40";"40133";"2";"3";"1";"3";"Avenue de l'Océan";"43,5927270";" -1,4325930"
"201900005772";"9";"7";"2019";"14:40";"1";"6";"06161";"2";"9";"1";"1";"2507 (RD 6007)";"43,6272700";"7,1326820"
"201900005773";"8";"7";"2019";"17:10";"1";"22";"22070";"1";"1";"1";"7";"PR 89 +350";"48,5491445";" -3,1509841"
"201900005774";"8";"7";"2019";"15:05";"1";"38";"38383";"2";"3";"1";"2";"Chemin du Bouillât";"45,3859570";"5,6329110"
"201900005775";"8";"7";"2019";"15:00";"1";"57";"57089";"1";"1";"1";"7";"Route Départementale 35 P.R. 019+800";"49,0543880";"7,4879090"
"201900005776";"18";"6";"2019";"18:40";"1";"19";"19072";"1";"1";"1";"3";"D170";"45,2268750";"1,5231100"
"201900005777";"6";"7";"2019";"23:30";"3";"56";"56169";"1";"1";"1";"7";"Landredeau";"47,6805850";" -3,2476800"
"201900005778";"7";"7";"2019";"17:00";"1";"56";"56193";"2";"6";"1";"3";"Kerostin route de Port Louis";"47,7216230";" -3,3331300"
"201900005779";"9";"7";"2019";"11:15";"1";"56";"56168";"1";"1";"1";"6";"D768 Avenue de l'Océan";"47,5967490";" -3,1220350"
"201900005780";"9";"7";"2019";"17:00";"1";"79";"79079";"1";"1";"1";"1";"N/A";"46,9613670";" -0,8805820"
"201900005781";"9";"7";"2019";"13:15";"1";"2B";"2B150";"2";"3";"1";"6";"RT 30";"42,5753720";"8,8334810"
"201900005782";"9";"7";"2019";"14:35";"1";"2B";"2B166";"1";"1";"1";"1";" -";"42,5110360";"9,4417000"
"201900005783";"9";"7";"2019";"06:45";"1";"65";"65360";"2";"1";"1";"6";"RD97";"43,1040500";" -0,1126863"
"201900005784";"9";"7";"2019";"15:35";"1";"11";"11426";"1";"1";"1";"1";"d 620, PK 29 + 600";"43,2856200";"2,4397310"
"201900005785";"4";"7";"2019";"18:05";"1";"63";"63003";"2";"1";"1";"6";"10 Avenue Georges Clemenceau";"45,5511290";"3,7394860"
"201900005786";"6";"7";"2019";"19:00";"1";"61";"61369";"1";"1";"1";"6";"Le Four à Chaux";"48,6758800";" -0,6414360"
"201900005787";"8";"7";"2019";"18:25";"1";"12";"12171";"1";"1";"1";"6";"Route Dépatementale 901";"44,4965250";"2,4377910"
"201900005788";"8";"7";"2019";"17:10";"1";"47";"47011";"1";"2";"1";"3";"RD 656 et C 201";"44,3640350";"0,9743520"
"201900005789";"30";"6";"2019";"18:40";"1";"86";"86002";"1";"2";"1";"3";"RD 18";"46,7584750";"0,1605270"
"201900005790";"8";"7";"2019";"15:45";"1";"68";"68094";"2";"4";"1";"3";"Rue de hesingue";"47,5518730";"7,4491510"
"201900005791";"8";"7";"2019";"13:30";"1";"68";"68004";"2";"1";"1";"3";"11 Route de Thann";"47,6311360";"7,2364330"
"201900005792";"8";"7";"2019";"17:20";"1";"44";"44129";"1";"2";"1";"3";"Route des Moulins de la Grée";"47,4628330";" -2,1053030"
"201900005793";"8";"7";"2019";"04:15";"3";"44";"44182";"1";"1";"1";"7";"Rue de la Mouraudière du Sud";"47,1580320";" -2,1488090"
"201900005794";"5";"7";"2019";"14:30";"1";"35";"35097";"1";"1";"1";"1";"la boisselière";"48,0103380";" -1,2378270"
"201900005795";"7";"7";"2019";"16:20";"1";"35";"35361";"2";"3";"7";"3";"Rond-Point du Centre";"48,6028625";" -1,7748411"
"201900005796";"9";"7";"2019";"09:45";"1";"29";"29293";"2";"1";"7";"6";"24 Route de Pont Aven";"47,8548507";" -3,8498588"
"201900005797";"7";"7";"2019";"15:05";"1";"29";"29190";"1";"2";"1";"3";"D789";"48,3583020";" -4,7077280"
"201900005798";"8";"7";"2019";"13:15";"1";"70";"70221";"1";"1";"1";"7";"D127";"47,6421500";"6,6964410"
"201900005799";"8";"7";"2019";"06:20";"2";"72";"72051";"2";"1";"1";"2";"168 Rue Nationale";"47,8249740";"0,0732940"
"201900005800";"9";"7";"2019";"09:15";"1";"6";"06079";"2";"1";"1";"4";"26 Avenue Henri Clews";"43,5252250";"6,9438110"
"201900005801";"6";"7";"2019";"18:15";"1";"83";"83145";"2";"1";"1";"1";"route de brue auriac";"43,5957350";"5,9590036"
"201900005802";"17";"6";"2019";"17:30";"1";"83";"83051";"1";"1";"1";"6";"Route de Lorgues ";"43,4809300";"6,2657200"
"201900005803";"7";"7";"2019";"18:15";"1";"43";"43224";"2";"1";"1";"7";"Route de la Bâtie";"45,2376660";"4,2435230"
"201900005804";"6";"7";"2019";"19:10";"1";"43";"43012";"1";"1";"1";"3";"Avenue de Firminy";"45,3794160";"4,2210570"
"201900005805";"9";"7";"2019";"16:10";"1";"7";"07314";"1";"9";"1";"6";"bary";"44,8850660";"4,5871350"
"201900005806";"7";"7";"2019";"06:15";"2";"24";"24340";"1";"1";"1";"7";"ROUTE DES NEBOUTS";"44,8421000";"0,4359900"
"201900005807";"9";"7";"2019";"17:40";"1";"4";"04172";"1";"1";"1";"7";"RD 952";"43,8290193";"6,1386786"
"201900005808";"9";"7";"2019";"10:30";"1";"4";"04008";"1";"1";"3";"1";"RN 202";"43,9529380";"6,6848760"
"201900005809";"30";"6";"2019";"08:32";"1";"27";"27425";"2";"1";"1";"1";"lieu dit FEUGUEROLLES";"49,1437080";"0,7456130"
"201900005810";"9";"7";"2019";"02:30";"3";"87";"87151";"1";"1";"1";"7";"Mas de Roche";"45,7172970";"1,3198860"
"201900005811";"8";"7";"2019";"10:30";"1";"30";"30336";"1";"1";"1";"6";"Rd 986L";"43,8525830";"4,6267050"
"201900005812";"8";"7";"2019";"10:50";"1";"30";"30147";"1";"1";"1";"1";"AVENUE DE LA GARE";"44,0126630";"4,0500580"
"201900005813";"9";"7";"2019";"19:00";"1";"13";"13059";"1";"1";"1";"2";"a51";"43,6114140";"5,4975850"
"201900005814";"14";"6";"2019";"13:55";"1";"74";"74268";"2";"2";"1";"2";"181 Avenue d'Aix-Les-Bains (Seynod)";"45,8826450";"6,0970840"
"201900005815";"5";"7";"2019";"19:45";"5";"971";"97128";"2";"1";"1";"1";"Poirier";"16,2444750";" -61,3698680"
"201900005816";"8";"7";"2019";"17:30";"1";"977";"97701";"1";"1";"1";"7";"route de Lurin";"17,8950010";" -62,8396460"
"201900005817";"8";"7";"2019";"21:15";"5";"977";"97701";"2";"1";"1";"5";"ST JEAN AEROPORT";"17,9034780";" -62,8440140"
"201900005818";"5";"7";"2019";"09:30";"1";"77";"77317";"1";"1";"1";"3";"RD 227 PK 5+770";"48,5905700";"2,8929700"
"201900005819";"9";"7";"2019";"12:45";"1";"6";"06082";"1";"1";"3";"7";"RD26, PR 5+000";"43,9421828";"7,1229594"
"201900005820";"30";"5";"2019";"18:05";"1";"67";"67378";"2";"3";"1";"2";"49 Rue du Général Leclerc";"48,4682130";"7,7229330"
"201900005821";"9";"7";"2019";"10:15";"1";"38";"38135";"2";"1";"1";"6";"Montée du Fayard";"45,7757290";"5,3812220"
"201900005822";"23";"1";"2019";"11:00";"1";"38";"38111";"2";"1";"1";"2";"Rue de la République";"45,1205260";"5,6747340"
"201900005823";"9";"7";"2019";"14:00";"1";"31";"31004";"1";"1";"1";"1";"chemin des landes";"43,4469701";"1,5995340"
"201900005824";"9";"7";"2019";"07:15";"1";"85";"85226";"1";"1";"1";"2";"107 Route du Pissot";"46,7402000";" -1,9533800"
"201900005825";"9";"7";"2019";"05:25";"2";"61";"61382";"1";"1";"1";"1";"Le Bonnet";"48,4552280";" -0,0272940"
"201900005826";"9";"7";"2019";"10:20";"1";"14";"14047";"2";"2";"1";"3";"Boulevard du 6 Juin";"49,2755700";" -0,7160660"
"201900005827";"9";"7";"2019";"13:00";"1";"80";"80185";"1";"2";"1";"3";"Vaucourt";"49,7143750";"2,8381060"
"201900005828";"9";"7";"2019";"07:55";"1";"80";"80685";"2";"2";"1";"3";"Rue d'Amiens";"49,6986150";"2,7880560"
"201900005829";"8";"7";"2019";"15:15";"1";"33";"33162";"1";"1";"1";"2";"ROCADE A 630";"44,8640500";" -0,6543900"
"201900005830";"28";"6";"2019";"15:00";"1";"59";"59009";"1";"1";"1";"3";"ROUTE NATIONALE 227";"50,6198600";"3,1351600"
"201900005831";"8";"7";"2019";"19:10";"1";"91";"91521";"1";"1";"1";"7";"AUTOROUTE A6";"48,6384900";"2,3961400"
"201900005832";"8";"7";"2019";"16:30";"1";"91";"91161";"1";"1";"1";"3";"AUTOROUTE A6";"48,7093700";"2,3069700"
"201900005833";"8";"7";"2019";"08:30";"1";"92";"92072";"1";"1";"1";"3";"N118";"48,8270147";"2,2242259"
"201900005834";"7";"7";"2019";"19:40";"1";"95";"95154";"1";"1";"1";"6";"AUTOROUTE A1";"49,0432800";"2,5440200"
"201900005835";"7";"7";"2019";"01:50";"3";"95";"95678";"1";"1";"1";"2";"RN 184";"49,0751300";"2,2440300"
"201900005836";"6";"7";"2019";"23:45";"3";"93";"93005";"1";"1";"1";"6";"AUTOROUTE A3";"48,9394300";"2,4795700"
"201900005837";"8";"7";"2019";"16:30";"1";"94";"94022";"1";"1";"1";"2";"A86 EXT";"48,7768400";"2,4182900"
"201900005838";"8";"7";"2019";"13:25";"1";"77";"77449";"1";"1";"1";"2";"A4";"48,8336200";"2,7963800"
"201900005839";"7";"7";"2019";"23:35";"5";"94";"94018";"1";"1";"1";"6";"A4";"48,8217800";"2,3987000"
"201900005840";"7";"7";"2019";"07:30";"1";"94";"94073";"1";"1";"1";"6";"A86 EXT";"48,7667000";"2,3833000"
"201900005841";"7";"7";"2019";"05:00";"2";"94";"94015";"1";"1";"1";"4";"A4";"48,8293441";"2,5283662"
"201900005842";"6";"7";"2019";"16:45";"1";"94";"94046";"1";"1";"1";"3";"A86 EXT";"48,8000000";"2,4330000"
"201900005843";"7";"7";"2019";"19:20";"1";"91";"91434";"2";"2";"1";"3";"AVENIR (AVENUE DE L')";"48,6566400";"2,3539000"
"201900005844";"6";"7";"2019";"21:05";"2";"13";"13204";"2";"2";"1";"3";"MARÉCHAL JUIN (BOULEVARD)";"43,3093700";"5,4030100"
"201900005845";"6";"7";"2019";"02:10";"5";"13";"13204";"2";"1";"1";"2";"SAKAKINI (BOULEVARD)";"43,2995100";"5,4007700"
"201900005846";"19";"6";"2019";"12:45";"1";"13";"13047";"1";"1";"1";"6";"RN 569";"43,5329330";"4,9592160"
"201900005847";"7";"7";"2019";"12:15";"1";"94";"94075";"2";"2";"1";"5";"MARECHAL DE LATTRE DE TASSIGNY (AV)";"48,7275300";"2,5311000"
"201900005848";"7";"7";"2019";"04:40";"2";"976";"97611";"2";"7";"1";"6";"mamoudzou centre-Marché ( place du )";" -12,7787500";"45,2306300"
"201900005849";"7";"7";"2019";"05:25";"5";"974";"97416";"2";"1";"1";"3";"HUBERT DE LISLE(BOULEVARD)";" -21,3433925";"55,4675012"
"201900005850";"6";"7";"2019";"09:05";"1";"974";"97416";"2";"1";"1";"3";"LEBLOND 2 (RUE MARIUS ET ARY)";" -21,3354700";"55,4664000"
"201900005851";"7";"7";"2019";"15:30";"1";"69";"69387";"2";"2";"1";"3";"YVES FARGES                         (BD)";"45,7434100";"4,8342100"
"201900005852";"7";"7";"2019";"12:20";"1";"69";"69199";"2";"9";"1";"7";"LOUIS GIRARDET                      (R )";"45,7054986";"4,8554508"
"201900005853";"4";"7";"2019";"03:55";"5";"972";"97213";"1";"9";"9";"2";"AUTOROUTE A1";"14,6184800";" -61,0226200"
"201900005854";"7";"7";"2019";"09:50";"1";"972";"97209";"2";"1";"1";"2";"MARNE (BOULEVARD DE LA)";"14,6049900";" -61,0858000"
"201900005855";"6";"7";"2019";"12:40";"1";"69";"69381";"2";"2";"1";"7";"ST SEBASTIEN                        (MO)";"45,7727000";"4,8348000"
"201900005856";"6";"7";"2019";"18:00";"1";"69";"69382";"2";"2";"1";"3";"FERRANDIERE (DE LA)                 (R )";"45,7620602";"4,8341171"
"201900005857";"7";"7";"2019";"16:38";"1";"95";"95268";"2";"1";"1";"3";"AV DE STALINGRAD";"48,9590600";"2,4076200"
"201900005858";"7";"7";"2019";"06:50";"1";"95";"95306";"1";"1";"1";"1";"11ème AVENUE";"49,0094215";"2,1575227"
"201900005859";"7";"7";"2019";"16:20";"1";"91";"91589";"2";"6";"1";"3";"ARMEE LECLERC (AVENUE DE L')";"48,6904500";"2,3392900"
"201900005860";"7";"7";"2019";"11:15";"1";"91";"91589";"2";"1";"1";"2";"BRIAND (BOULEVARD ARISTIDE)";"48,6800000";"2,3480000"
"201900005861";"7";"7";"2019";"21:55";"5";"83";"83061";"2";"2";"1";"3";"RUE MARÉCHAL GALLIENI";"43,4253855";"6,7624658"
"201900005862";"6";"7";"2019";"17:10";"1";"83";"83061";"2";"1";"1";"3";"RUE ROGER LOUIS";"43,4253700";"6,7457400"
"201900005863";"4";"7";"2019";"19:54";"1";"80";"80001";"2";"1";"7";"6";"PASSAGE DES JACOBINS";"50,1051100";"1,8341000"
"201900005864";"7";"7";"2019";"15:50";"1";"77";"77372";"1";"1";"1";"6";"D934";"48,8781700";"2,6677300"
"201900005865";"7";"7";"2019";"20:30";"1";"69";"69282";"2";"1";"2";"6";"REPUBLIQUE (DE)   RD 517            (R )";"45,7601000";"5,0312500"
"201900005866";"7";"7";"2019";"14:05";"1";"69";"69266";"2";"1";"1";"7";"LEON BLUM      (Rue)";"45,7600909";"4,8989545"
"201900005867";"7";"7";"2019";"18:40";"1";"69";"69091";"2";"1";"1";"6";"MARCEL CACHIN ( R )";"45,5953439";"4,7657254"
"201900005868";"7";"7";"2019";"02:12";"5";"64";"64132";"2";"1";"1";"7";"COMMANDANT RENE MOUCHOTTE DU";"43,3029480";" -0,3205380"
"201900005869";"6";"7";"2019";"12:30";"1";"62";"62555";"2";"3";"1";"3";"LILLERS (CHEMIN DE )";"50,4979100";"2,5264300"
"201900005870";"14";"9";"2019";"16:00";"1";"18";"18216";"1";"1";"1";"7";"Route déparementle 925";"46,7656350";"2,1125770"
"201900005871";"18";"9";"2019";"20:45";"3";"10";"10404";"1";"1";"1";"6";"D67";"48,0406310";"4,5687590"
"201900005872";"8";"8";"2019";"16:35";"1";"7";"07023";"1";"1";"1";"1";"L'Extrade ";"44,5043380";"4,3863020"
"201900005873";"15";"9";"2019";"18:30";"1";"4";"04107";"1";"1";"1";"6";"RD 17";"43,9004544";"6,2904189"
"201900005874";"18";"9";"2019";"19:40";"2";"27";"27067";"1";"1";"1";"1";"D13";"49,3126260";"1,6691540"
"201900005875";"19";"9";"2019";"17:15";"1";"30";"30046";"1";"1";"7";"7";"D 8";"43,9739120";"4,1878190"
"201900005876";"16";"9";"2019";"16:50";"1";"88";"88465";"2";"1";"1";"6";"258 Rue de Lorraine (Thaon-les-Vosges)";"48,2649440";"6,4053510"
"201900005877";"19";"9";"2019";"17:15";"1";"80";"80793";"1";"1";"1";"7";"PK 138+600";"49,9923290";"2,1791610"
"201900005878";"19";"9";"2019";"15:03";"1";"45";"45028";"1";"1";"6";"2";"A10 PK 120+400";"47,8005350";"1,6146080"
"201900005879";"19";"9";"2019";"05:36";"3";"45";"45154";"1";"1";"1";"2";"A10 - PK 87+700 sens 1";"48,0032810";"1,8493980"
"201900005880";"18";"9";"2019";"22:25";"3";"974";"97415";"1";"3";"1";"7";"Voie Cannière";" -21,0676520";"55,2294610"
"201900005881";"18";"9";"2019";"21:45";"5";"974";"97418";"2";"6";"1";"7";"rond point de gillot";" -20,8966550";"55,5111670"
"201900005882";"17";"9";"2019";"19:30";"3";"972";"97224";"1";"1";"1";"5";"Nationale 4";"14,6740380";" -61,0174040"
"201900005883";"22";"7";"2019";"04:00";"3";"13";"13087";"1";"1";"1";"6";"Route Départementale 6";"43,4710580";"5,5888900"
"201900005884";"16";"9";"2019";"12:00";"1";"33";"33234";"2";"1";"1";"3";"RD113E1 chemin du port de l'homme";"44,7856810";" -0,5024250"
"201900005885";"8";"9";"2019";"16:45";"1";"91";"91041";"1";"1";"1";"2";"RN 20";"48,5620190";"2,2476530"
"201900005886";"19";"9";"2019";"10:00";"1";"66";"66017";"2";"1";"8";"6";"Rue Annibal";"42,7903640";"3,0340670"
"201900005887";"19";"9";"2019";"00:00";"3";"83";"83104";"1";"1";"1";"6";"RD3";"43,6519390";"5,7576230"
"201900005888";"17";"9";"2019";"20:38";"3";"39";"39009";"1";"1";"1";"5";"N/A";"46,8470020";"5,9163890"
"201900005889";"17";"9";"2019";"11:30";"1";"67";"67023";"1";"1";"2";"1";"D139";"48,7750946";"7,7263728"
"201900005890";"18";"9";"2019";"21:10";"3";"88";"88090";"1";"1";"1";"7";"Route d'Evaux";"48,3566200";"6,2952960"
"201900005891";"13";"9";"2019";"15:15";"1";"26";"26064";"1";"9";"7";"1";"RD 143 - Les Faucons";"44,9125198";"5,0551802"
"201900005892";"19";"7";"2019";"10:20";"1";"26";"26197";"1";"1";"1";"4";"D538";"44,9286660";"5,0228460"
"201900005893";"19";"9";"2019";"08:50";"1";"17";"17121";"1";"3";"1";"7";"D 735 Pk18+650";"46,1979400";" -1,4147940"
"201900005894";"19";"9";"2019";"15:45";"1";"60";"60317";"1";"3";"1";"3";"D12";"49,3323610";"2,3090870"
"201900005895";"15";"9";"2019";"12:00";"1";"13";"13055";"1";"1";"1";"5";"A507 sens Aubagne- Marseille";"43,3300000";"5,4000000"
"201900005896";"18";"9";"2019";"10:10";"1";"13";"13215";"1";"1";"1";"6";"A7-Sens Lyon vers Marseille";"43,3600400";"5,3619400"
"201900005897";"18";"9";"2019";"21:45";"3";"33";"33397";"1";"1";"1";"6";"AUTOROUTE A 10";"44,9023400";" -0,4934200"
"201900005898";"18";"9";"2019";"20:55";"5";"33";"33397";"1";"1";"1";"6";"AUTOROUTE A 10";"44,8980600";" -0,4952300"
"201900005899";"18";"9";"2019";"09:35";"1";"33";"33065";"1";"1";"1";"4";"ROUTE NATIONALE 230";"44,8135500";" -0,5225200"
"201900005900";"18";"9";"2019";"09:00";"1";"33";"33039";"1";"1";"1";"4";"A630 - voie sortie échangeur 20";"44,7985700";" -0,5370100"
"201900005901";"18";"9";"2019";"07:15";"2";"33";"33162";"1";"1";"1";"3";"ROCADE A 630";"44,8604600";" -0,6595800"
"201900005902";"15";"9";"2019";"12:05";"1";"59";"59202";"1";"1";"1";"4";"AUTOROUTE A25";"50,6772343";"2,8579742"
"201900005903";"2";"9";"2019";"16:35";"1";"59";"59159";"1";"1";"1";"5";"AUTOROUTE A16";"50,9700000";"2,2200000"
"201900005904";"18";"9";"2019";"18:45";"1";"91";"91161";"1";"1";"1";"2";"AUTOROUTE A126";"48,7111000";"2,2969600"
"201900005905";"18";"9";"2019";"17:36";"1";"94";"94034";"1";"1";"1";"2";"AUTOROUTE A6A";"48,7505401";"2,3290020"
"201900005906";"18";"9";"2019";"06:15";"3";"94";"94065";"1";"1";"1";"4";"AUTOROUTE A106";"48,7514000";"2,3546000"
"201900005907";"17";"9";"2019";"12:25";"1";"91";"91136";"1";"1";"1";"6";"AUTOROUTE A10";"48,7131770";"2,2815120"
"201900005908";"16";"9";"2019";"23:00";"5";"91";"91174";"1";"1";"1";"6";"RN 104";"48,6243800";"2,4689200"
"201900005909";"18";"9";"2019";"10:05";"1";"78";"78646";"1";"1";"1";"3";"RN12";"48,7898400";"2,1222100"
"201900005910";"17";"9";"2019";"18:40";"3";"78";"78423";"1";"1";"1";"6";"RN12";"48,7954340";"2,0461680"
"201900005911";"17";"9";"2019";"19:50";"1";"95";"95241";"1";"1";"1";"6";"RN 104";"49,0477700";"2,4630400"
"201900005912";"17";"9";"2019";"09:45";"1";"93";"93027";"1";"1";"1";"3";"AUTOROUTE A1";"48,9340600";"2,3875000"
"201900005913";"18";"9";"2019";"05:50";"3";"77";"77121";"1";"1";"1";"6";"A4";"48,8319432";"2,6733455"
"201900005914";"16";"9";"2019";"20:00";"1";"77";"77468";"1";"1";"1";"1";"A104";"48,8612380";"2,6673560"
"201900005915";"19";"6";"2019";"10:10";"5";"974";"97409";"2";"1";"1";"6";"Rue Roger Payet";" -20,8927000";"55,4898190"
"201900005916";"19";"6";"2019";"17:50";"1";"91";"91432";"2";"1";"1";"7";"GENERAL  LECLERC (RUE DU)";"48,7072200";"2,3308800"
"201900005917";"18";"6";"2019";"19:50";"1";"91";"91345";"2";"9";"1";"3";"PRESIDENT FRANCOIS MITTERAND";"48,6971900";"2,2951000"
"201900005918";"6";"6";"2019";"13:05";"1";"76";"76231";"2";"1";"1";"2";"RN 840 (RUE DU NEUBOURG)";"49,2796800";"1,0073400"
"201900005919";"16";"9";"2019";"13:25";"1";"45";"45284";"2";"1";"1";"6";"AV DENIS PAPIN";"47,9123860";"1,9471900"
"201900005920";"16";"9";"2019";"09:25";"1";"45";"45284";"2";"1";"1";"2";"AV DE VERDUN - Giratoire DIOR";"47,9241081";"1,9920721"
"201900005921";"19";"6";"2019";"18:45";"2";"37";"37261";"2";"1";"1";"6";"CURIE (RUE PIERRE ET MARIE)";"47,4286345";"0,6851494"
"201900005922";"16";"9";"2019";"16:00";"1";"34";"34172";"2";"1";"1";"3";"BRET (ROND-POINT PAUL-LOUIS)";"43,5765700";"3,8732000"
"201900005923";"17";"9";"2019";"16:55";"1";"29";"29232";"2";"1";"1";"6";"TERRE NOIRE RUE DE LA";"47,9978500";" -4,1261200"
"201900005924";"17";"9";"2019";"06:27";"2";"13";"13206";"2";"3";"1";"3";"TOULON (AVENUE DE)";"43,2850300";"5,3896900"
"201900005925";"16";"9";"2019";"13:25";"1";"13";"13201";"2";"1";"1";"6";"FLAMMARION (BOULEVARD)     1 A 65";"43,3042200";"5,3885200"
"201900005926";"12";"9";"2019";"13:15";"1";"13";"13047";"2";"6";"1";"3";"AFPA";"43,4907100";"4,9861300"
"201900005927";"16";"9";"2019";"14:57";"1";"987";"98735";"2";"2";"1";"3";"POMARE (BVD)";"17,3238000";"149,3437000"
"201900005928";"17";"9";"2019";"07:10";"1";"974";"97416";"2";"1";"1";"2";"RN2 (1)";" -21,3325100";"55,4805400"
"201900005929";"17";"9";"2019";"17:15";"1";"69";"69383";"2";"3";"1";"3";"AUBIGNY (D')                        (R )";"45,7613000";"4,8673800"
"201900005930";"17";"9";"2019";"16:10";"1";"69";"69199";"2";"1";"1";"6";"CARNOT                              (R )";"45,7081500";"4,8569800"
"201900005931";"17";"9";"2019";"06:05";"5";"69";"69387";"2";"2";"1";"6";"JEAN JAURES                         (AV)";"45,7360900";"4,8364600"
"201900005932";"17";"9";"2019";"17:40";"1";"69";"69385";"2";"1";"1";"2";"ANTIQUAILLE (DE L')                 (R )";"45,7582500";"4,8211000"
"201900005933";"11";"9";"2019";"05:12";"5";"95";"95280";"2";"6";"1";"6";"112 AV GEORGES BRASSENS";"49,0433000";"2,4612400"
"201900005934";"17";"9";"2019";"18:30";"1";"91";"91326";"2";"1";"7";"6";"PAUL MARAIS (RUE)";"48,6899090";"2,3769180"
"201900005935";"17";"9";"2019";"08:20";"1";"91";"91657";"2";"2";"1";"3";"HENRI DUVERNOIS (RUE)";"48,6960400";"2,4360700"
"201900005936";"17";"9";"2019";"11:00";"1";"91";"91174";"2";"9";"1";"3";"BRIAND(ALLEE ARISTIDE)";"48,6115700";"2,4771900"
"201900005937";"17";"9";"2019";"05:54";"5";"87";"87085";"2";"2";"1";"2";"BEAUBLANC (BOULEVARD DE)";"45,8479700";"1,2453300"
"201900005938";"13";"9";"2019";"12:00";"1";"83";"83062";"2";"1";"1";"6";"GANCE (AVENUE ABEL)";"43,1158600";"5,9859200"
"201900005939";"12";"9";"2019";"21:09";"5";"78";"78621";"2";"2";"1";"1";"NATIONALE 10 (ROUTE)";"48,7737600";"1,9938900"
"201900005940";"17";"9";"2019";"07:50";"1";"77";"77118";"2";"1";"1";"3";"8 MAI 1945 (RUE DU)";"48,9486000";"2,6792100"
"201900005941";"15";"9";"2019";"18:58";"1";"77";"77445";"2";"6";"7";"3";"D151 X AV DU CLOCHER";"48,5846400";"2,5817300"