"Num_Acc";"jour";"mois";"an";"hrmn";"lum";"dep";"com";"agg";"int";"atm";"col";"adr";"lat";"long"
"201900005942";"16";"9";"2019";"10:45";"1";"77";"77131";"2";"1";"7";"6";"D222-GAMBETTA (COUR)";"48,8149500";"3,0855000"
"201900005943";"14";"9";"2019";"18:30";"1";"76";"76165";"2";"1";"1";"3";"FAURE. RUE FELIX";"49,2879300";"1,0281900"
"201900005944";"13";"9";"2019";"17:51";"1";"72";"72181";"2";"1";"1";"3";"CORDELET LOUIS ( AV)";"48,0121100";"0,1885500"
"201900005945";"16";"9";"2019";"10:30";"1";"71";"71270";"2";"3";"1";"3";"EUROPE (RUE DE L')";"46,3004300";"4,8242600"
"201900005946";"16";"9";"2019";"19:45";"2";"71";"71270";"2";"1";"1";"3";"Rue de Flacé";"46,3109500";"4,8339700"
"201900005947";"16";"9";"2019";"11:30";"1";"69";"69290";"2";"3";"1";"3";"PORTE DES ALPES (DE LA) - BD URBAIN (BD)";"45,7188900";"4,9308500"
"201900005948";"17";"9";"2019";"13:45";"1";"68";"68066";"2";"9";"1";"3";"INGERSHEIM (ROUTE D')";"48,0845500";"7,3423900"
"201900005949";"16";"9";"2019";"16:55";"1";"68";"68066";"2";"1";"1";"2";"INGERSHEIM (ROUTE D')";"48,0851500";"7,3392200"
"201900005950";"16";"9";"2019";"22:00";"5";"67";"67482";"2";"3";"1";"3";"LANGUEDOC (RUE DU)";"48,5459140";"7,7569180"
"201900005951";"16";"9";"2019";"12:20";"1";"67";"67482";"2";"1";"1";"6";"ANVERS (BOULEVARD D )";"48,5830960";"7,7765010"
"201900005952";"15";"9";"2019";"21:50";"5";"67";"67482";"2";"1";"1";"1";"ROMAINS (ROUTE DES)";"48,5784600";"7,7086100"
"201900005953";"15";"9";"2019";"16:30";"1";"67";"67482";"2";"3";"1";"3";"ALBERT CALMETTE (RUE)";"48,5898720";"7,7093980"
"201900005954";"14";"9";"2019";"14:00";"1";"67";"67204";"1";"6";"1";"3";"TROIS MAIRES (RUE DES)";"48,6386780";"7,7809400"
"201900005955";"17";"9";"2019";"15:20";"1";"66";"66136";"2";"1";"1";"6";"2 Allée du souvenir";"42,6891900";"2,8932400"
"201900005956";"16";"9";"2019";"18:15";"1";"66";"66136";"2";"1";"1";"6";"VC";"42,6907200";"2,8911700"
"201900005957";"17";"9";"2019";"17:55";"1";"66";"66136";"2";"1";"1";"1";"FRANCE LIBRE (BOULEVARD DE LA)";"42,7012600";"2,8863700"
"201900005958";"17";"9";"2019";"20:49";"5";"65";"65286";"2";"3";"1";"3";"FOCH (AVENUE MARECHAL)";"43,0896884";" -0,0461690"
"201900005959";"17";"9";"2019";"14:05";"1";"64";"64445";"2";"3";"1";"3";"ALLEES DE MORLAAS DES";"43,3038000";" -0,3509000"
"201900005960";"17";"9";"2019";"07:55";"1";"64";"64445";"2";"1";"1";"4";"OLOF PALME";"43,3388900";" -0,3785900"
"201900005961";"16";"9";"2019";"19:45";"1";"64";"64335";"2";"1";"1";"3";"ANDRE MARIE AMPERE";"43,3152900";" -0,4299600"
"201900005962";"28";"8";"2019";"09:40";"1";"62";"62194";"2";"6";"1";"6";"CD 70";"50,4839200";"2,4748500"
"201900005963";"16";"9";"2019";"12:00";"1";"62";"62894";"1";"2";"1";"5";"C.D. 96e";"50,7464490";"1,6201830"
"201900005964";"8";"9";"2019";"20:05";"2";"59";"59009";"2";"1";"1";"4";"GUESDE JULES RUE";"50,6370100";"3,1177700"
"201900005965";"14";"9";"2019";"22:00";"5";"58";"58194";"2";"2";"1";"3";"FONTAINE D'ARGENT (PLACE)";"46,9921000";"3,1491000"
"201900005966";"17";"9";"2019";"13:50";"1";"56";"56162";"2";"6";"1";"3";"GIRATOIRE DE SOYE";"47,7409809";" -3,4063671"
"201900005967";"16";"9";"2019";"18:45";"1";"56";"56098";"1";"1";"1";"2";"RN 165 PR 96+505";"47,7779300";" -3,3563500"
"201900005968";"16";"9";"2019";"12:20";"1";"56";"56121";"2";"3";"1";"2";"BELGIQUE (RUE  DE )";"47,7597300";" -3,3814600"
"201900005969";"16";"9";"2019";"10:00";"1";"56";"56121";"2";"1";"1";"6";"Parking du CHBS";"47,7513900";" -3,3571200"
"201900005970";"16";"9";"2019";"09:15";"1";"56";"56121";"2";"3";"1";"6";"RODIN (RUE AUGUSTE)";"47,7532700";" -3,3721100"
"201900005971";"16";"9";"2019";"07:35";"1";"56";"56121";"2";"3";"1";"3";"Rue du Colonel Muller";"47,7623500";" -3,3906900"
"201900005972";"15";"9";"2019";"12:05";"1";"56";"56083";"1";"1";"1";"7";"VILLENEUVE ST-CARADEC (LIEU-DIT)";"47,8216200";" -3,2883800"
"201900005973";"17";"9";"2019";"18:25";"1";"54";"54395";"2";"9";"1";"7";"PINCHARD (AVENUE - OMBELLES)";"48,7035260";"6,1565200"
"201900005974";"7";"3";"2019";"13:00";"1";"54";"54395";"2";"4";"1";"7";"LECLERC (AV. DU GENE";"48,6818800";"6,1833900"
"201900005975";"5";"3";"2019";"09:36";"1";"54";"54184";"2";"1";"2";"3";"MOENCH (RUE CHRISTIAN)";"48,7002900";"6,2255100"
"201900005976";"6";"3";"2019";"15:00";"1";"54";"54395";"2";"1";"2";"1";"BOFFRAND (AVENUE)";"48,6815600";"6,1721010"
"201900005977";"5";"3";"2019";"07:44";"1";"54";"54526";"2";"5";"1";"4";"ONZE NOVEMBRE (RUE DU)";"48,6815500";"6,2159500"
"201900005978";"17";"9";"2019";"18:00";"1";"51";"51454";"2";"1";"7";"2";"AVENUE PAUL MARCHANDEAU";"49,2438800";"4,0270900"
"201900005979";"16";"9";"2019";"23:20";"5";"51";"51172";"2";"1";"1";"7";"AVENUE DU LANGUEDOC";"49,2186857";"4,0413137"
"201900005980";"16";"9";"2019";"20:25";"5";"51";"51454";"2";"2";"1";"3";"RUE GERBERT";"49,2509911";"4,0407788"
"201900005981";"16";"9";"2019";"10:19";"1";"49";"49007";"2";"1";"1";"7";"FULTON";"47,4637200";" -0,5566900"
"201900005982";"16";"9";"2019";"08:36";"1";"49";"49267";"2";"1";"1";"6";"FLANDRE";"47,4801400";" -0,4962000"
"201900005983";"15";"9";"2019";"14:22";"1";"49";"49007";"2";"1";"1";"2";"BON PASTEUR BOULEVARD";"47,4701200";" -0,5689500"
"201900005984";"14";"9";"2019";"08:47";"1";"49";"49007";"2";"1";"1";"3";"LIZE";"47,4900800";" -0,5661200"
"201900005985";"13";"9";"2019";"14:14";"1";"49";"49007";"2";"1";"1";"1";"LORRAINE PLACE";"47,4704700";" -0,5477000"
"201900005986";"6";"9";"2019";"10:45";"1";"44";"44132";"2";"2";"1";"3";"AVENUES POULIGOU / PETIT CANON ";"47,2490000";" -2,3080000"
"201900005987";"17";"9";"2019";"08:24";"1";"37";"37261";"2";"1";"1";"6";"ALOUETTE (AVENUE)";"47,3653124";"0,7033628"
"201900005988";"17";"9";"2019";"11:25";"1";"35";"35238";"2";"1";"1";"2";"SAINT-HELIER";"48,1071763";" -1,6712523"
"201900005989";"16";"9";"2019";"15:00";"1";"33";"33063";"2";"2";"7";"3";"Q. de Bacalan / Proximité R. Lucien Faure";"44,8601690";" -0,5541700"
"201900005990";"17";"9";"2019";"17:30";"1";"33";"33529";"1";"1";"1";"3";"EUROPE (RUE DE L')";"44,6175100";" -1,1237300"
"201900005991";"16";"9";"2019";"18:15";"1";"31";"31069";"2";"1";"1";"3";"GRENADE (ROUTE DE)";"43,6343100";"1,3912200"
"201900005992";"16";"9";"2019";"21:40";"5";"31";"31555";"2";"1";"1";"3";"ALL CHARLES DE FITTE";"43,5961300";"1,4320400"
"201900005993";"16";"9";"2019";"16:45";"1";"31";"31555";"2";"1";"1";"6";"SAINT EXUPERY (AV ANTOINE DE ) DU 2AU 23";"43,5851500";"1,4669500"
"201900005994";"16";"9";"2019";"12:00";"1";"30";"30189";"2";"1";"1";"4";"RANQUETTE (RUE)";"43,4921000";"4,2118900"
"201900005995";"17";"9";"2019";"12:30";"1";"28";"28229";"1";"1";"1";"1";"D939";"48,4654100";"1,4230600"
"201900005996";"16";"9";"2019";"11:30";"1";"17";"17306";"2";"2";"1";"3";"REGAZZONI (AVENUE CHARLES)";"45,6346400";" -1,0354600"
"201900005997";"16";"9";"2019";"12:00";"1";"14";"14366";"2";"1";"1";"6";"SAINTE ANNE (BOULEVARD)";"49,1438723";"0,2212983"
"201900005998";"17";"9";"2019";"11:21";"1";"14";"14333";"2";"1";"1";"7";"JEAN DE VIENNE (COURS)";"49,4128600";"0,2529400"
"201900005999";"17";"9";"2019";"17:10";"1";"13";"13206";"2";"2";"1";"3";"TROIS FRERES (RUE DES)";"43,2923000";"5,3834500"
"201900006000";"17";"9";"2019";"08:10";"1";"13";"13208";"2";"1";"1";"4";"PRADO (AVENUE DU)";"43,2754050";"5,3896310"
"201900006001";"17";"9";"2019";"08:00";"1";"13";"13208";"2";"1";"1";"3";"ANDRE ZENATTI (AVENUE)";"43,2458500";"5,3905500"
"201900006002";"17";"9";"2019";"07:50";"1";"13";"13209";"2";"3";"1";"3";"AVIATEUR LE BRIX (RUE)";"43,2598092";"5,4022777"
"201900006003";"17";"9";"2019";"07:00";"2";"13";"13005";"2";"1";"1";"3";"RN 96 (ROUTE NATIONALE )";"43,3062400";"5,5737000"
"201900006004";"16";"9";"2019";"12:10";"1";"13";"13005";"1";"3";"1";"3";"RD 43 C";"43,3015200";"5,5915300"
"201900006005";"16";"9";"2019";"15:10";"1";"10";"10387";"2";"1";"7";"2";"EDMOND MICHELET (RUE)";"48,2842172";"4,0601481"
"201900006006";"16";"9";"2019";"13:31";"1";"10";"10362";"2";"1";"1";"1";"MALADIERE (RUE DE LA)";"48,2931200";"4,0254000"
"201900006007";"17";"9";"2019";"13:55";"1";"6";"06088";"2";"2";"1";"3";"BAQUIS (AV.)";"43,7002950";"7,2622590"
"201900006008";"17";"9";"2019";"13:00";"1";"6";"06088";"2";"3";"1";"3";"QUAI DES ETATS UNIS";"43,6949250";"7,2769280"
"201900006009";"16";"9";"2019";"10:15";"1";"6";"06083";"2";"1";"1";"2";"VERDUN (AVENUE DE)";"43,7750410";"7,4956960"
"201900006010";"17";"9";"2019";"17:20";"1";"6";"06069";"2";"9";"1";"3";"PAGNOL (BOULEVARD MARCEL)";"43,6438890";"6,9473960"
"201900006011";"17";"9";"2019";"17:20";"1";"6";"06069";"1";"1";"1";"6";"PEGOMAS (ROUTE DE)";"43,6218100";"6,9251900"
"201900006012";"17";"9";"2019";"14:00";"1";"6";"06069";"2";"9";"1";"7";"PROVENCE (AVENUE DE)";"43,6543760";"6,9223000"
"201900006013";"16";"9";"2019";"18:25";"1";"6";"06123";"2";"9";"1";"3";"SAUVAIGO PIERRE AVENUE";"43,6627330";"7,1833850"
"201900006014";"16";"9";"2019";"19:30";"2";"5";"05061";"1";"1";"1";"7";"RD944";"44,6106100";"6,1263800"
"201900006015";"16";"9";"2019";"08:00";"1";"5";"05061";"2";"3";"1";"3";"MARECHAL FOCH ( AVENUE DU )";"44,5630200";"6,0862800"
"201900006016";"17";"9";"2019";"14:00";"1";"3";"03101";"2";"1";"1";"3";"rue Clément Ader";"46,3499933";"2,5799882"
"201900006017";"16";"9";"2019";"16:30";"1";"3";"03098";"2";"1";"1";"6";"rue de Stalingrad";"46,3598482";"2,6180381"
"201900006018";"16";"9";"2019";"17:45";"1";"1";"01283";"1";"1";"1";"3";"Route d'Echallon";"46,2326500";"5,7021400"
"201900006019";"15";"9";"2019";"03:10";"3";"93";"93053";"1";"1";"1";"6";"AUTOROUTE A86";"48,9008100";"2,4693200"
"201900006020";"16";"9";"2019";"15:20";"1";"75";"75118";"2";"1";"1";"2";"BD PERIPHERIQUE EXTERIEUR";"48,9009437";"2,3398626"
"201900006021";"17";"9";"2019";"19:00";"1";"75";"75106";"2";"1";"1";"3";"BOULEVARD SAINT GERMAIN";"48,8520937";"2,3393228"
"201900006022";"17";"9";"2019";"08:15";"1";"75";"75119";"2";"5";"1";"3";"RUE DAVID D ANGERS";"48,8813270";"2,3966890"
"201900006023";"17";"9";"2019";"14:30";"1";"75";"75117";"2";"1";"1";"3";"BOULEVARD DE COURCELLES";"48,8800911";"2,3075033"
"201900006024";"17";"9";"2019";"17:30";"1";"75";"75116";"2";"4";"1";"6";"ROUTE DU CHAMP D ENTRAINEMENT";"48,8744542";"2,2450430"
"201900006025";"16";"9";"2019";"08:35";"1";"75";"75115";"2";"1";"1";"3";"RUE DU LAOS";"48,8491750";"2,3012870"
"201900006026";"17";"9";"2019";"19:45";"2";"75";"75114";"2";"1";"1";"1";"RUE VERCINGETORIX";"48,8312642";"2,3090114"
"201900006027";"17";"9";"2019";"06:33";"2";"75";"75113";"2";"4";"1";"6";"AVENUE DE LA PORTE D ITALIE";"48,8176606";"2,3598960"
"201900006028";"17";"9";"2019";"16:35";"1";"75";"75112";"2";"1";"1";"7";"BOULEVARD DIDEROT";"48,8479050";"2,3915380"
"201900006029";"17";"9";"2019";"10:00";"1";"75";"75111";"2";"4";"1";"6";"AVENUE DE LA REPUBLIQUE";"48,8667540";"2,3667600"
"201900006030";"17";"9";"2019";"06:31";"2";"75";"75108";"2";"1";"1";"3";"RUE LA BOETIE";"48,8718810";"2,3084110"
"201900006031";"17";"9";"2019";"11:25";"1";"75";"75107";"2";"3";"8";"6";"RUE DE BABYLONE";"48,8517369";"2,3267355"
"201900006032";"17";"9";"2019";"13:50";"1";"75";"75102";"2";"7";"7";"3";"PLACE DE L OPERA";"48,8702554";"2,3324552"
"201900006033";"14";"9";"2019";"13:00";"1";"94";"94068";"2";"5";"1";"2";"GAMBETTA (AV)";"48,8015500";"2,4871900"
"201900006034";"17";"9";"2019";"13:00";"1";"94";"94015";"2";"9";"1";"2";"PASTEUR (BD)";"48,8363000";"2,5267500"
"201900006035";"17";"9";"2019";"20:35";"5";"94";"94022";"2";"3";"1";"3";"STALINGRAD (BD DE)";"48,7706920";"2,4013750"
"201900006036";"17";"9";"2019";"09:25";"1";"93";"93073";"1";"9";"1";"5";"CHAPIT RE ( RUE DU)";"49,0029890";"2,5368690"
"201900006037";"17";"9";"2019";"20:00";"2";"93";"93064";"2";"1";"1";"6";"BOIS DE NEUILLY (RUE DU)";"48,8729000";"2,5008000"
"201900006038";"17";"9";"2019";"16:55";"1";"93";"93064";"2";"2";"1";"6";"BLUM (RUE LEON)";"48,8857500";"2,4764200"
"201900006039";"17";"9";"2019";"18:40";"1";"93";"93051";"2";"3";"1";"1";"PAVE NEUF (AVENUE)";"48,8363000";"2,5627700"
"201900006040";"17";"9";"2019";"18:35";"1";"93";"93050";"2";"3";"1";"3";"JEAN STEPHAN (RUE)";"48,8665800";"2,5546400"
"201900006041";"16";"9";"2019";"21:20";"5";"93";"93045";"2";"1";"1";"3";"DECROS EUGENE BOULEVARD";"48,8815800";"2,4144000"
"201900006042";"16";"9";"2019";"08:00";"1";"93";"93006";"2";"1";"1";"6";"GAL DE GAULLE AV. DU";"48,8647000";"2,4171000"
"201900006043";"17";"9";"2019";"18:40";"1";"93";"93031";"2";"1";"1";"6";"GENERAL JULIEN (DU)";"48,9543000";"2,3119700"
"201900006044";"17";"9";"2019";"04:45";"5";"93";"93027";"2";"9";"1";"3";"CONVENTION (RUE DE LA)";"48,9272200";"2,3932700"
"201900006045";"17";"9";"2019";"08:00";"1";"93";"93001";"2";"1";"1";"3";"VALMY (RUE DE)";"48,9221690";"2,3802490"
"201900006046";"17";"9";"2019";"19:15";"1";"92";"92073";"2";"3";"1";"3";"TUILERIE (RUE DE LA)";"48,8624303";"2,2148931"
"201900006047";"16";"9";"2019";"12:35";"1";"92";"92072";"2";"1";"1";"7";"GRANDE RUE";"48,8220702";"2,2063202"
"201900006048";"17";"9";"2019";"18:30";"1";"92";"92040";"2";"3";"1";"1";"PROFESSEUR CALMETTE (AVENUE DU)";"48,8147600";"2,2719400"
"201900006049";"17";"9";"2019";"20:15";"1";"92";"92026";"2";"1";"2";"3";"VERDUN (BOULEVARD DE)";"48,8991320";"2,2619780"
"201900006050";"16";"9";"2019";"08:45";"1";"92";"92023";"2";"1";"8";"6";"BRETAGNE (RUE DE)";"48,7832300";"2,2432400"
"201900006051";"6";"2";"2019";"16:30";"1";"31";"31555";"2";"1";"1";"3";"AV DE L URSS";"43,5823200";"1,4487170"
"201900006052";"7";"2";"2019";"07:30";"3";"31";"31149";"2";"1";"1";"6";"AUCH (RUE D')";"43,6085870";"1,3401120"
"201900006053";"8";"2";"2019";"20:05";"5";"30";"30189";"2";"1";"1";"6";"KENNEDY (AVENUE)";"43,8263000";"4,3385000"
"201900006054";"10";"2";"2019";"17:20";"1";"29";"29232";"1";"3";"1";"1";"KEREQUELLOU CHEMIN DE";"47,9663500";" -4,0611000"
"201900006055";"9";"2";"2019";"20:15";"3";"29";"29232";"1";"1";"3";"7";"RN 165";"47,9809000";" -4,0132900"
"201900006056";"7";"2";"2019";"18:45";"5";"29";"29232";"2";"9";"2";"1";"GIRONDINS AVENUE DES";"47,9893294";" -4,1311968"
"201900006057";"7";"2";"2019";"12:10";"1";"29";"29019";"2";"2";"1";"2";"GUESDE JULES";"48,3945000";" -4,4716100"
"201900006058";"7";"2";"2019";"07:50";"2";"29";"29019";"2";"1";"2";"6";"KERGOAT";"48,4003200";" -4,5047600"
"201900006059";"6";"2";"2019";"15:55";"1";"28";"28085";"2";"9";"1";"3";"PROUST( avenue MARCEL)";"48,4506900";"1,5183300"
"201900006060";"9";"2";"2019";"23:00";"5";"27";"27681";"2";"1";"3";"3";"ROUEN (AVENUE DE)";"49,0964400";"1,4817700"
"201900006061";"7";"2";"2019";"10:00";"1";"27";"27375";"2";"2";"1";"3";"SALENGRO (RUE ROGER)";"49,2228200";"1,1644800"
"201900006062";"8";"2";"2019";"19:40";"3";"26";"26058";"1";"1";"1";"4";"RD2007";"44,9701200";"4,8852400"
"201900006063";"11";"2";"2019";"13:15";"1";"25";"25462";"2";"1";"4";"3";"BOULEVARD PASTEUR (DE 0 A 54)";"46,9044100";"6,3473700"
"201900006064";"9";"2";"2019";"13:05";"1";"25";"25204";"1";"1";"1";"2";"Jules Grévy";"46,9243500";"6,3382300"
"201900006065";"10";"2";"2019";"17:25";"1";"25";"25056";"2";"1";"2";"1";"DOLE RUE DE (sup 200)";"47,2263700";"5,9778500"
"201900006066";"9";"2";"2019";"19:50";"5";"25";"25056";"2";"1";"1";"3";"APOLLINAIRE RUE GUILLAUME";"47,2153400";"5,9442500"
"201900006067";"3";"2";"2019";"18:30";"1";"24";"24138";"2";"1";"1";"3";"AVENUE DU GENERAL GAULLE";"45,1851700";"0,6996800"
"201900006068";"7";"2";"2019";"20:45";"5";"24";"24037";"2";"2";"8";"1";"RUE DU DOCTEUR ROUX";"44,8616600";"0,4966300"
"201900006069";"8";"2";"2019";"12:37";"1";"22";"22278";"2";"1";"1";"1";"PARIS (DE)";"48,5056762";" -2,7445189"
"201900006070";"6";"2";"2019";"20:00";"3";"22";"22187";"1";"1";"1";"7";"VIADUC (RUE DU)";"48,5272800";" -2,7700100"
"201900006071";"11";"2";"2019";"09:15";"1";"19";"19031";"2";"2";"2";"2";"MIRABEAU (BOULEVARD) COTE NORD";"45,1642148";"1,5215153"
"201900006072";"9";"2";"2019";"04:40";"5";"17";"17300";"2";"3";"1";"6";"LACROIX   RUE MARIUS";"46,1763040";" -1,1384720"
"201900006073";"8";"2";"2019";"17:35";"1";"17";"17300";"2";"1";"1";"7";"SAINT-ELOI   RUE BASSE DE";"46,1646550";" -1,1359040"
"201900006074";"8";"2";"2019";"08:30";"1";"17";"17274";"1";"3";"1";"5";"Route de Belle Croix";"46,1672000";" -1,0922900"
"201900006075";"7";"2";"2019";"20:00";"3";"17";"17028";"1";"1";"1";"6";"Route de Varaize";"46,1406300";" -1,0969700"
"201900006076";"7";"2";"2019";"14:40";"1";"17";"17028";"2";"1";"1";"6";"GRASSET   AVENUE EDMOND";"46,1326720";" -1,1114210"
"201900006077";"8";"2";"2019";"18:10";"1";"17";"17299";"2";"1";"1";"6";"RUE DU COMMANDANT L'HERMINIER";"45,9479300";" -0,9709800"
"201900006078";"8";"2";"2019";"11:20";"1";"16";"16154";"2";"1";"1";"2";"route de Paris";"45,6706100";"0,1731300"
"201900006079";"7";"2";"2019";"11:21";"1";"14";"14338";"2";"1";"7";"6";"ALLIES (AVENUE DES)";"49,3014916";" -0,0785795"
"201900006080";"9";"2";"2019";"20:05";"5";"14";"14341";"2";"3";"2";"1";"RABIN (BOULEVARD YTHAK)";"49,1493690";" -0,3520428"
"201900006081";"9";"2";"2019";"20:40";"5";"14";"14118";"2";"2";"2";"2";"JUIN (BOULEVARD MARECHAL)";"49,2097750";" -0,3709220"
"201900006082";"8";"2";"2019";"18:10";"1";"14";"14327";"2";"1";"2";"3";"TSUKUBA (AVENUE DE)";"49,2140000";" -0,3520000"
"201900006083";"8";"2";"2019";"08:45";"1";"14";"14327";"2";"1";"1";"6";"BERLIN (AVENUE DE)";"49,2017000";" -0,3371000"
"201900006084";"7";"2";"2019";"09:45";"1";"14";"14118";"2";"1";"1";"6";"CLEMENCEAU (AVENUE GEORGES)";"49,1898700";" -0,3448100"
"201900006085";"8";"2";"2019";"20:10";"5";"13";"13103";"2";"1";"1";"3";"AVENUE DU 22 AOUT 1944";"43,6344700";"5,0781400"
"201900006086";"7";"2";"2019";"11:05";"1";"13";"13056";"2";"1";"1";"2";"ALSACE LORRAINE QUAI";"43,4037900";"5,0537800"
"201900006087";"11";"2";"2019";"23:10";"3";"13";"13210";"2";"1";"1";"6";"RABATAU (BOULEVARD)";"43,2788000";"5,3992700"
"201900006088";"11";"2";"2019";"14:30";"1";"13";"13208";"2";"9";"1";"3";"LOUIS BONNEFON (PLACE)";"43,2544710";"5,3822050"
"201900006089";"11";"2";"2019";"12:10";"1";"13";"13206";"2";"1";"1";"3";"LIEUTAUD (COURS)";"43,2923000";"5,3827400"
"201900006090";"10";"2";"2019";"12:00";"1";"13";"13211";"2";"3";"1";"3";"PARETTE (PLACE DE LA)";"43,2908800";"5,4264000"
"201900006091";"9";"2";"2019";"22:00";"5";"13";"13206";"2";"2";"1";"3";"MARENGO (RUE)";"43,2870000";"5,3850000"
"201900006092";"9";"2";"2019";"20:12";"5";"13";"13212";"2";"1";"1";"5";"SAINT JULIEN (AVENUE DE )";"43,3061950";"5,4197400"
"201900006093";"9";"2";"2019";"21:10";"5";"13";"13206";"2";"1";"1";"2";"LIEUTAUD (COURS)";"43,2882000";"5,3846400"
"201900006094";"9";"2";"2019";"14:40";"1";"13";"13204";"2";"1";"1";"6";"ALBE (RUE)";"43,3118760";"5,4051520"
"201900006095";"9";"2";"2019";"12:00";"1";"13";"13207";"2";"1";"1";"2";"Corniche John Fitzgérald Kennedy";"43,2788800";"5,3540600"
"201900006096";"8";"2";"2019";"22:30";"5";"13";"13204";"2";"1";"1";"2";"ALEX. FLEMING (BOULEVARD)";"43,3165710";"5,3971080"
"201900006097";"8";"2";"2019";"19:00";"5";"13";"13208";"2";"1";"1";"3";"MENDES FRANCE (AVENUE)";"43,2551760";"5,3763370"
"201900006098";"8";"2";"2019";"15:00";"1";"13";"13208";"2";"1";"1";"6";"MAZARGUES (AVENUE DE)";"43,2599700";"5,3939500"
"201900006099";"8";"2";"2019";"12:30";"1";"13";"13202";"2";"1";"1";"2";"BASSINS DE RADOUB (BOULEVARD DES)";"43,3252300";"5,3597600"
"201900006100";"8";"2";"2019";"13:30";"1";"13";"13212";"2";"1";"1";"7";"SAINT PIERRE (RUE)";"43,2916570";"5,4066220"
"201900006101";"8";"2";"2019";"14:00";"1";"13";"13206";"2";"1";"1";"6";"ESTRANGIN (PLACE)";"43,2902440";"5,3776150"
"201900006102";"8";"2";"2019";"07:50";"2";"13";"13209";"2";"1";"1";"3";"REGNY (TRAVERSE)";"43,2637660";"5,4192760"
"201900006103";"8";"2";"2019";"02:00";"5";"13";"13207";"2";"1";"1";"2";"Corniche John Fitzgérald Kennedy";"43,2689800";"5,3688800"
"201900006104";"7";"2";"2019";"19:15";"5";"13";"13201";"2";"1";"1";"2";"LÉON GAMBETTA (ALLEE)";"43,2990970";"5,3827730"
"201900006105";"7";"2";"2019";"17:30";"1";"13";"13201";"2";"1";"1";"6";"BELSUNCE (COURS)";"43,2981800";"5,3771300"
"201900006106";"7";"2";"2019";"15:50";"1";"13";"13214";"2";"1";"1";"3";"Min (avenue du)";"43,3400470";"5,3795090"
"201900006107";"7";"2";"2019";"13:50";"1";"13";"13205";"2";"2";"1";"6";"SAKAKINI (BOULEVARD)";"43,2936980";"5,4016840"
"201900006108";"7";"2";"2019";"04:50";"5";"13";"13208";"2";"2";"1";"6";"RABATAU (BOULEVARD)";"43,2754299";"5,3958951"
"201900006109";"5";"2";"2019";"19:40";"5";"13";"13202";"2";"1";"1";"3";"TOURETTE (QUAI DE LA)";"43,2986300";"5,3632000"
"201900006110";"3";"2";"2019";"12:10";"1";"13";"13028";"2";"1";"1";"3";"FONTSAINTE (AVENUE DE)";"43,1899300";"5,6361900"
"201900006111";"9";"2";"2019";"17:30";"2";"13";"13001";"2";"1";"1";"1";"RD 96";"43,4916030";"5,5245600"
"201900006112";"7";"2";"2019";"07:40";"1";"13";"13001";"1";"1";"1";"5";"RD 7";"43,5629910";"5,4077780"
"201900006113";"7";"2";"2019";"17:50";"1";"11";"11262";"2";"1";"1";"6";"CUXAC (ROUTE DE)";"43,1867820";"2,9988950"
"201900006114";"7";"2";"2019";"10:55";"1";"11";"11069";"2";"3";"1";"3";"STRASBOURG";"43,2148200";"2,3560700"
"201900006115";"6";"2";"2019";"13:50";"1";"11";"11069";"1";"1";"1";"4";"RD 6161 - Rocade Ouest";"43,2241000";"2,3276000"
"201900006116";"15";"1";"2019";"16:50";"1";"8";"08105";"2";"1";"1";"6";"MONTHERME";"49,7910230";"4,7144520"
"201900006117";"6";"2";"2019";"12:20";"1";"7";"07186";"2";"1";"1";"7";"CHOMERAC (AVENUE DE )  DU 33 AU 41";"44,7321800";"4,5979980"
"201900006118";"7";"2";"2019";"15:30";"1";"6";"06088";"2";"1";"1";"6";"ARMEE DU RHIN (PLACE)";"43,7074460";"7,2837900"
"201900006119";"7";"2";"2019";"13:00";"1";"6";"06088";"2";"9";"1";"6";"BISCARRA (RUE)";"43,7025600";"7,2682800"
"201900006120";"8";"2";"2019";"18:15";"5";"6";"06027";"2";"9";"1";"2";"PROMENADE DE L HIPPODROME";"43,6438900";"7,1446100"
"201900006121";"8";"2";"2019";"13:00";"1";"6";"06123";"2";"4";"1";"2";"LIBERATION AVENUE DE LA";"43,6695300";"7,1893700"
"201900006122";"8";"2";"2019";"17:43";"2";"5";"05061";"1";"1";"1";"7";"RAMBAUD ( ROUTE DE )";"44,5575000";"6,1185000"
"201900006123";"6";"2";"2019";"15:50";"1";"5";"05061";"2";"1";"1";"4";"JEAN JAURES ( AVENUE )";"44,5527500";"6,0720900"
"201900006124";"5";"2";"2019";"18:10";"2";"5";"05061";"2";"3";"1";"1";"RN 94";"44,5774800";"6,1209600"
"201900006125";"11";"2";"2019";"08:50";"1";"75";"75117";"2";"1";"8";"5";"BOULEVARD PERIPHERIQUE";"48,8858090";"2,2883020"
"201900006126";"10";"2";"2019";"00:35";"5";"75";"75120";"2";"1";"2";"2";"PORTE DE BAGNOLET";"48,8733170";"2,4120540"
"201900006127";"10";"2";"2019";"00:01";"5";"75";"75119";"2";"1";"3";"6";"PORTE DE LA VILLETTE";"48,9004680";"2,3875160"
"201900006128";"8";"2";"2019";"23:29";"5";"75";"75119";"2";"4";"2";"4";"BOULEVARD PERIPHERIQUE";"48,9002230";"2,3765950"
"201900006129";"8";"2";"2019";"19:20";"5";"75";"75119";"2";"1";"1";"2";"BOULEVARD PERIPHERIQUE";"48,8908990";"2,3958090"
"201900006130";"8";"2";"2019";"14:00";"1";"75";"75119";"2";"1";"8";"4";"BOULEVARD PERIPHERIQUE";"48,9004790";"2,3752800"
"201900006131";"7";"2";"2019";"11:00";"1";"75";"75120";"2";"1";"1";"3";"BOULEVARD PERIPHERIQUE";"48,8534840";"2,4143080"
"201900006132";"7";"2";"2019";"09:45";"1";"75";"75115";"2";"1";"1";"7";"BOULEVARD PERIPHERIQUE";"48,8273430";"2,2931980"
"201900006133";"6";"2";"2019";"08:30";"1";"75";"75116";"2";"4";"8";"2";"PORTE DE SAINT CLOUD";"48,8363450";"2,2567270"