"Num_Acc";"jour";"mois";"an";"hrmn";"lum";"dep";"com";"agg";"int";"atm";"col";"adr";"lat";"long"
"201900006134";"5";"2";"2019";"07:45";"2";"75";"75120";"2";"1";"1";"2";"PORTE DE MONTREUIL";"48,8527130";"2,4144640"
"201900006135";"11";"2";"2019";"09:15";"1";"75";"75115";"2";"1";"1";"2";"BOULEVARD PERIPHERIQUE";"48,8275960";"2,2918880"
"201900006136";"10";"2";"2019";"06:26";"5";"75";"75109";"2";"7";"2";"1";"PLACE D ESTIENNE D ORVES";"48,8765350";"2,3309540"
"201900006137";"9";"2";"2019";"22:14";"5";"75";"75116";"2";"2";"1";"3";"BOULEVARD SUCHET";"48,8530320";"2,2619810"
"201900006138";"7";"2";"2019";"12:26";"1";"75";"75108";"2";"7";"1";"3";"PLACE DE LA CONCORDE";"48,8666650";"2,3220210"
"201900006139";"6";"2";"2019";"13:20";"1";"75";"75113";"2";"1";"1";"3";"AVENUE D ITALIE";"48,8209280";"2,3589150"
"201900006140";"12";"2";"2019";"07:50";"1";"75";"75106";"2";"2";"1";"3";"RUE DE SEINE";"48,8514720";"2,3370570"
"201900006141";"10";"2";"2019";"15:55";"1";"75";"75106";"2";"1";"2";"2";"RUE SAINT PLACIDE";"48,8480720";"2,3259980"
"201900006142";"10";"2";"2019";"04:20";"5";"75";"75105";"2";"1";"2";"6";"BOULEVARD DE L HOPITAL";"48,8412960";"2,3627860"
"201900006143";"8";"2";"2019";"22:35";"5";"75";"75105";"2";"2";"2";"6";"QUAI SAINT BERNARD";"48,8494050";"2,3567840"
"201900006144";"11";"2";"2019";"22:50";"5";"75";"75120";"2";"3";"1";"3";"AVENUE DE LA PORTE DE BAGNOLET";"48,8647820";"2,4101150"
"201900006145";"11";"2";"2019";"17:00";"1";"75";"75120";"2";"3";"1";"6";"RUE JOUYE ROUVE";"48,8733990";"2,3825980"
"201900006146";"11";"2";"2019";"09:42";"1";"75";"75120";"2";"3";"1";"1";"RUE LOUIS LUMIERE";"48,8625850";"2,4109080"
"201900006147";"8";"2";"2019";"17:20";"1";"75";"75112";"2";"7";"1";"3";"AVENUE DE LA PORTE DE VINCENNES";"48,8464520";"2,4149920"
"201900006148";"10";"2";"2019";"00:36";"5";"75";"75119";"2";"7";"2";"6";"PLACE DE LA BATAILLE DE STALINGRAD";"48,8840550";"2,3688460"
"201900006149";"9";"2";"2019";"01:45";"5";"75";"75119";"2";"4";"2";"6";"RUE D AUBERVILLIERS";"48,8945050";"2,3705520"
"201900006150";"8";"2";"2019";"22:05";"5";"75";"75119";"2";"7";"3";"6";"PLACE DU COLONEL FABIEN";"48,8780370";"2,3706910"
"201900006151";"7";"2";"2019";"10:45";"1";"75";"75119";"2";"1";"1";"3";"BOULEVARD MACDONALD";"48,8988500";"2,3773060"
"201900006152";"11";"2";"2019";"08:45";"1";"75";"75118";"2";"1";"1";"6";"BOULEVARD DE ROCHECHOUART";"48,8824090";"2,3417700"
"201900006153";"8";"2";"2019";"23:00";"5";"75";"75118";"2";"5";"2";"6";"AVENUE DE LA PORTE DE SAINT OUEN";"48,8977310";"2,3290270"
"201900006154";"11";"2";"2019";"11:20";"1";"75";"75117";"2";"2";"1";"6";"AVENUE DES TERNES";"48,8786500";"2,2942140"
"201900006155";"9";"2";"2019";"13:20";"1";"75";"75117";"2";"7";"1";"3";"PLACE DU MARECHAL JUIN";"48,8850250";"2,2966250"
"201900006156";"7";"2";"2019";"11:50";"1";"75";"75117";"2";"5";"1";"3";"AVENUE DE LA PORTE D ASNIERES";"48,8922750";"2,3010170"
"201900006157";"12";"2";"2019";"19:30";"5";"75";"75116";"2";"7";"1";"6";"AVENUE VICTOR HUGO";"48,8729750";"2,2931280"
"201900006158";"9";"2";"2019";"18:30";"2";"75";"75116";"2";"7";"1";"3";"ROUTE DE SURESNES";"48,8685010";"2,2653320"
"201900006159";"8";"2";"2019";"11:35";"1";"75";"75116";"2";"1";"1";"2";"AVENUE DE NEW YORK";"48,8636850";"2,2977740"
"201900006160";"8";"2";"2019";"12:10";"1";"75";"75116";"2";"5";"8";"6";"RUE SINGER";"48,8561790";"2,2778650"
"201900006161";"12";"2";"2019";"11:00";"1";"75";"75115";"2";"1";"1";"3";"BOULEVARD DE VAUGIRARD";"48,8408240";"2,3163810"
"201900006162";"10";"2";"2019";"12:45";"1";"75";"75115";"2";"2";"8";"5";"RUE DE LOURMEL";"48,8481020";"2,2901760"
"201900006163";"7";"2";"2019";"21:15";"5";"75";"75115";"2";"2";"8";"6";"AVENUE FELIX FAURE";"48,8420820";"2,2903770"
"201900006164";"7";"2";"2019";"10:00";"1";"75";"75115";"2";"4";"1";"6";"RUE DE LA FEDERATION";"48,8527990";"2,2983400"
"201900006165";"6";"2";"2019";"12:15";"1";"75";"75115";"2";"3";"1";"6";"RUE DE LOURMEL";"48,8428270";"2,2861850"
"201900006166";"12";"2";"2019";"19:30";"5";"75";"75114";"2";"1";"1";"6";"BOULEVARD JOURDAN";"48,8195120";"2,3430980"
"201900006167";"10";"2";"2019";"10:40";"1";"75";"75114";"2";"2";"2";"6";"RUE DU FAUBOURG SAINT JACQUES";"48,8333270";"2,3361660"
"201900006168";"7";"2";"2019";"12:25";"1";"75";"75114";"2";"2";"1";"5";"AVENUE DU GENERAL LECLERC";"48,8300670";"2,3288170"
"201900006169";"7";"2";"2019";"11:30";"1";"75";"75114";"2";"4";"1";"7";"BOULEVARD RASPAIL";"48,8369180";"2,3314910"
"201900006170";"12";"2";"2019";"19:50";"5";"75";"75114";"2";"1";"1";"6";"RUE DE COULMIERS";"48,8252830";"2,3219620"
"201900006171";"12";"2";"2019";"11:55";"1";"75";"75113";"2";"3";"1";"6";"AVENUE DE FRANCE";"48,8269450";"2,3803010"
"201900006172";"11";"2";"2019";"19:00";"5";"75";"75113";"2";"3";"1";"3";"QUAI FRANCOIS MAURIAC";"48,8329760";"2,3787690"
"201900006173";"11";"2";"2019";"08:59";"1";"75";"75113";"2";"5";"1";"6";"RUE BOUSSINGAULT";"48,8252110";"2,3432360"
"201900006174";"10";"2";"2019";"00:30";"4";"75";"75105";"2";"7";"2";"3";"PLACE VALHUBERT";"48,8437120";"2,3645710"
"201900006175";"9";"2";"2019";"12:20";"1";"75";"75113";"2";"2";"1";"6";"BOULEVARD VINCENT AURIOL";"48,8327280";"2,3621790"
"201900006176";"9";"2";"2019";"02:25";"5";"75";"75113";"2";"1";"1";"7";"QUAI D AUSTERLITZ";"48,8400210";"2,3705010"
"201900006177";"8";"2";"2019";"08:40";"1";"75";"75113";"2";"1";"1";"3";"QUAI D AUSTERLITZ";"48,8431400";"2,3662210"
"201900006178";"7";"2";"2019";"07:50";"1";"75";"75113";"2";"2";"1";"7";"RUE DE LA POTERNE DES PEUPLIERS";"48,8175870";"2,3533760"
"201900006179";"12";"2";"2019";"15:55";"1";"75";"75120";"2";"4";"1";"2";"RUE GASNIER GUY";"48,8650200";"2,3941170"
"201900006180";"11";"2";"2019";"18:15";"5";"75";"75112";"2";"2";"1";"3";"BOULEVARD PONIATOWSKI";"48,8317040";"2,3979010"
"201900006181";"11";"2";"2019";"17:25";"2";"75";"75112";"2";"1";"1";"4";"BOULEVARD DIDEROT";"48,8466080";"2,3803650"
"201900006182";"10";"2";"2019";"19:20";"5";"75";"75112";"2";"7";"2";"7";"AVENUE DE SAINT MANDE";"48,8449970";"2,4019300"
"201900006183";"9";"2";"2019";"14:20";"1";"75";"75112";"2";"2";"1";"6";"AVENUE DAUMESNIL";"48,8411100";"2,3890350"
"201900006184";"8";"2";"2019";"17:20";"2";"75";"75112";"2";"1";"1";"2";"QUAI DE BERCY";"48,8323000";"2,3838510"
"201900006185";"8";"2";"2019";"22:02";"5";"75";"75111";"2";"2";"3";"6";"BOULEVARD DE BELLEVILLE";"48,8707410";"2,3781690"
"201900006186";"7";"2";"2019";"12:20";"1";"75";"75111";"2";"2";"1";"6";"RUE DE CHARONNE";"48,8551210";"2,3871440"
"201900006187";"11";"2";"2019";"10:45";"1";"75";"75110";"2";"2";"1";"7";"BOULEVARD DE MAGENTA";"48,8737680";"2,3583210"
"201900006188";"8";"2";"2019";"07:40";"2";"75";"75110";"2";"3";"1";"6";"RUE LA FAYETTE";"48,8797260";"2,3586700"
"201900006189";"12";"2";"2019";"18:45";"5";"75";"75109";"2";"7";"1";"6";"PLACE BLANCHE";"48,8836320";"2,3326270"
"201900006190";"12";"2";"2019";"13:52";"1";"75";"75109";"2";"4";"1";"3";"RUE LA FAYETTE";"48,8765630";"2,3465520"
"201900006191";"11";"2";"2019";"12:20";"1";"75";"75109";"2";"1";"1";"2";"BOULEVARD DE CLICHY";"48,8841300";"2,3289810"
"201900006192";"11";"2";"2019";"09:40";"1";"75";"75109";"2";"2";"8";"3";"BOULEVARD HAUSSMANN";"48,8726050";"2,3358080"
"201900006193";"6";"2";"2019";"13:23";"1";"75";"75109";"2";"2";"1";"6";"RUE SAINT LAZARE";"48,8761620";"2,3311120"
"201900006194";"9";"2";"2019";"15:23";"1";"75";"75108";"2";"3";"1";"3";"RUE FRANCOIS 1ER";"48,8680200";"2,3047070"
"201900006195";"8";"2";"2019";"21:35";"5";"75";"75108";"2";"1";"2";"3";"RUE DU COLISEE";"48,8712360";"2,3096440"
"201900006196";"9";"2";"2019";"20:30";"5";"75";"75107";"2";"2";"1";"4";"RUE DE VARENNE";"48,8534040";"2,3261950"
"201900006197";"8";"2";"2019";"02:00";"5";"75";"75107";"2";"2";"1";"6";"BOULEVARD SAINT GERMAIN";"48,8560510";"2,3258610"
"201900006198";"7";"2";"2019";"19:20";"5";"75";"75107";"2";"1";"2";"7";"QUAI D ORSAY";"48,8624910";"2,3059590"
"201900006199";"9";"2";"2019";"19:57";"5";"75";"75104";"2";"1";"1";"6";"RUE DU CLOITRE NOTRE DAME";"48,8534690";"2,3495920"
"201900006200";"8";"2";"2019";"16:55";"1";"75";"75104";"2";"1";"1";"6";"RUE DE RIVOLI";"48,8558660";"2,3583400"
"201900006201";"2";"2";"2019";"03:45";"5";"75";"75101";"2";"2";"3";"6";"RUE DE RIVOLI";"48,8598890";"2,3439890"
"201900006202";"7";"2";"2019";"12:15";"1";"75";"75101";"2";"2";"1";"6";"RUE DE ROHAN";"48,8627230";"2,3352520"
"201900006203";"12";"2";"2019";"08:40";"1";"94";"94077";"2";"1";"1";"1";"PAUL DOUMER (AV)";"48,7378575";"2,4237312"
"201900006204";"11";"2";"2019";"19:30";"5";"94";"94068";"2";"3";"1";"3";"BAC (AV DU)";"48,7938200";"2,5134300"
"201900006205";"12";"2";"2019";"12:45";"1";"94";"94043";"2";"1";"1";"6";"EUGENE THOMAS (AV)";"48,8097687";"2,3604437"
"201900006206";"12";"2";"2019";"12:10";"1";"94";"94073";"2";"1";"1";"6";"ROMAIN GARY (RUE)";"48,7649400";"2,3804800"
"201900006207";"8";"2";"2019";"16:15";"1";"94";"94073";"2";"1";"1";"6";"EDGAR QUINET (R)";"48,7677000";"2,3972400"
"201900006208";"12";"2";"2019";"16:40";"1";"94";"94033";"2";"2";"1";"1";"MARECHAL JOFFRE (AV DU)";"48,8532200";"2,4857500"
"201900006209";"7";"2";"2019";"19:45";"5";"94";"94033";"2";"3";"2";"1";"VERDUN (BD DE)";"48,8540300";"2,4693400"
"201900006210";"10";"2";"2019";"10:30";"1";"94";"94028";"2";"1";"2";"3";"PIERNE.(RUE GABRIEL)";"48,7864800";"2,4474400"
"201900006211";"8";"2";"2019";"16:14";"1";"94";"94079";"2";"9";"1";"6";"JEAN MONNET (BD)";"48,8255600";"2,5280700"
"201900006212";"7";"2";"2019";"22:50";"5";"94";"94060";"2";"1";"2";"3";"GENERAL DE GAULLE (R DU)";"48,7809000";"2,5733200"
"201900006213";"7";"2";"2019";"17:15";"1";"94";"94019";"2";"1";"1";"6";"BOILEAU (AV)";"48,8033500";"2,5500600"
"201900006214";"7";"2";"2019";"13:20";"1";"94";"94019";"2";"1";"1";"2";"PINCE VENT (AV DE)";"48,7954500";"2,5572600"
"201900006215";"8";"2";"2019";"00:10";"5";"93";"93078";"2";"1";"1";"6";"GARE (AVENUE DE LA)";"48,9456639";"2,5647497"
"201900006216";"10";"2";"2019";"20:00";"5";"93";"93072";"2";"2";"1";"5";"PARMENTIER (RUE) COTE N° PAIRS";"48,9683700";"2,3742100"
"201900006217";"7";"2";"2019";"09:05";"1";"93";"93066";"2";"1";"1";"3";"METALLURGIE (AVENUE)";"48,9090700";"2,3647900"
"201900006218";"25";"1";"2019";"03:45";"5";"93";"93031";"2";"1";"2";"2";"REPUBLIQUE (AVENUE)";"48,9515000";"2,3221700"
"201900006219";"11";"2";"2019";"22:50";"5";"93";"93064";"2";"9";"1";"6";"ALSACE-LORRAINE (BOULEVARD)";"48,8849000";"2,4817300"
"201900006220";"7";"2";"2019";"08:30";"1";"93";"93064";"2";"2";"8";"6";"GARDEBLED (RUE RICHARD)";"48,8751200";"2,4839800"
"201900006221";"7";"2";"2019";"10:43";"1";"93";"93050";"2";"4";"1";"3";"PAUL ET CAMILLE THOMOUX (RUE) COTE PAIR";"48,8738900";"2,5296700"
"201900006222";"12";"2";"2019";"12:30";"1";"93";"93053";"2";"1";"1";"6";"BAUDIN (RUE)";"48,9003000";"2,4361000"
"201900006223";"10";"2";"2019";"11:45";"1";"93";"93053";"2";"1";"3";"2";"PARIS (RUE DE)";"48,8990900";"2,4490000"
"201900006224";"8";"2";"2019";"06:45";"5";"93";"93053";"2";"3";"2";"3";"CARNOT (RUE) N° 51 A 97 BIS - 52 A 94";"48,8922400";"2,4604500"
"201900006225";"8";"2";"2019";"07:30";"5";"93";"93051";"2";"9";"1";"6";"PAVE NEUF (AVENUE)";"48,8405311";"2,5565101"
"201900006226";"8";"2";"2019";"15:30";"1";"93";"93050";"2";"1";"8";"6";"ARTOIS (RUE)";"48,8600000";"2,5300000"
"201900006227";"8";"2";"2019";"18:06";"2";"93";"93048";"2";"9";"1";"6";"GABRIEL PERI (AVENUE)";"48,8578000";"2,4385900"
"201900006228";"11";"2";"2019";"22:30";"5";"93";"93045";"2";"1";"1";"3";"PASTEUR AV.";"48,8761000";"2,4159740"
"201900006229";"8";"2";"2019";"17:03";"1";"93";"93032";"2";"1";"1";"6";"ARISTIDE BRIAND (RUE)";"48,8816400";"2,5344600"
"201900006230";"11";"2";"2019";"12:00";"1";"93";"93079";"2";"1";"8";"6";"SAINT LEU (ROUTE)";"48,9559200";"2,3325200"
"201900006231";"9";"2";"2019";"14:30";"1";"93";"93070";"2";"1";"1";"5";"VICTOR-HUGO (BD)";"48,9097100";"2,3301700"
"201900006232";"21";"3";"2019";"12:15";"1";"57";"57463";"2";"3";"1";"3";"FORT DE QUEULEU";"49,1020700";"6,2097500"
"201900006233";"21";"1";"2019";"18:28";"3";"57";"57227";"1";"9";"1";"7";"CD32";"49,1952400";"6,9406600"
"201900006234";"22";"3";"2019";"16:10";"1";"56";"56260";"2";"1";"1";"3";"FABRE (RUE GAL BARON)";"47,6544000";" -2,7205000"
"201900006235";"22";"3";"2019";"08:45";"1";"56";"56260";"2";"6";"1";"3";"ILES (GIRATOIRE DES)";"47,6532100";" -2,7835300"
"201900006236";"20";"3";"2019";"09:10";"1";"56";"56121";"2";"2";"1";"3";"KERMELO ( ET IMP. DE )";"47,7363500";" -3,3855100"
"201900006237";"21";"3";"2019";"18:25";"2";"54";"54395";"2";"1";"1";"6";"BROT (Rue Marcel)";"48,6812090";"6,2037920"
"201900006238";"21";"3";"2019";"19:40";"2";"54";"54357";"2";"1";"1";"6";"av Raymond Pinchard";"48,7049810";"6,1576590"
"201900006239";"21";"3";"2019";"06:20";"2";"54";"54395";"2";"1";"1";"7";"LECLERC (AV. DU GENE";"48,6692640";"6,1694610"
"201900006240";"20";"3";"2019";"18:32";"2";"54";"54357";"2";"1";"1";"7";"RABODEAU (RUE DU)";"48,7013450";"6,1313510"
"201900006241";"19";"3";"2019";"16:44";"1";"54";"54395";"2";"1";"1";"6";"LAMOUR (RUE JEAN)";"48,7005730";"6,1735510"
"201900006242";"23";"3";"2019";"11:15";"1";"54";"54329";"2";"1";"1";"7";"RUE D' ALSACE";"48,5906500";"6,5008100"
"201900006243";"22";"3";"2019";"20:45";"3";"53";"53130";"2";"1";"1";"7";"BRETAGNE ( AVENUE DE )";"48,0686460";" -0,8013830"
"201900006244";"21";"3";"2019";"19:55";"5";"51";"51454";"2";"2";"1";"5";"AVENUE DU GENERAL EISENHOWER";"49,2401800";"4,0098900"
"201900006245";"20";"3";"2019";"17:35";"1";"51";"51454";"2";"1";"1";"4";"AVENUE BREBANT";"49,2539800";"4,0177200"
"201900006246";"20";"3";"2019";"11:40";"1";"51";"51108";"2";"7";"1";"3";"RUE DE LA ROCHEFOUCAULD LIANCOURT";"48,9582900";"4,3588500"
"201900006247";"19";"3";"2019";"20:27";"5";"50";"50218";"2";"2";"1";"3";"VENDEENS (AV DES)";"48,8355740";" -1,5799300"
"201900006248";"19";"3";"2019";"09:00";"1";"50";"50602";"2";"1";"1";"1";"MARITIME (BOULEVARD)";"49,6476900";" -1,5922100"
"201900006249";"19";"3";"2019";"07:50";"1";"50";"50129";"2";"1";"1";"6";"VOSGES (RUE DES)";"49,6290500";" -1,6205200"
"201900006250";"20";"3";"2019";"14:05";"1";"49";"49328";"2";"1";"1";"6";"AULNES (RUE DES)";"47,2618100";" -0,0690300"
"201900006251";"19";"3";"2019";"19:40";"1";"49";"49328";"2";"1";"1";"1";"JOLY LETERME (BOULEVARD)";"47,2660200";" -0,0771800"
"201900006252";"20";"3";"2019";"19:15";"1";"49";"49099";"2";"6";"1";"6";"TREILLE (BOULEVARD DE LA )";"47,0593100";" -0,9042300"
"201900006253";"19";"3";"2019";"15:30";"1";"49";"49099";"2";"6";"1";"7";"CAILLERE (RUE DE LA)";"47,0578000";" -0,8828700"
"201900006254";"21";"3";"2019";"16:15";"1";"49";"49007";"2";"1";"1";"6";"BIRGE BOULEVARD";"47,4717400";" -0,5190300"
"201900006255";"21";"3";"2019";"07:55";"1";"49";"49007";"2";"1";"1";"7";"CHATEAU D'ORGEMONT RUE ET SQU";"47,4505300";" -0,5446000"
"201900006256";"19";"3";"2019";"08:25";"1";"49";"49246";"2";"1";"1";"2";"LOUET PONT";"47,4374000";" -0,5099100"
"201900006257";"22";"3";"2019";"18:38";"1";"47";"47001";"2";"3";"1";"3";"CALABET (QUAI DU DOCTEUR)";"44,2086000";"0,6166000"
"201900006258";"22";"3";"2019";"10:50";"1";"47";"47001";"2";"1";"1";"6";"HUGO (COURS VICTOR)";"44,2022600";"0,6214700"
"201900006259";"22";"3";"2019";"20:10";"5";"45";"45232";"2";"1";"1";"4";"AV DE SOLOGNE";"47,8667500";"1,9128500"
"201900006260";"23";"3";"2019";"01:03";"5";"45";"45234";"2";"9";"1";"3";"FG BANNIER - R DE JOIE";"47,9210900";"1,8980100"
"201900006261";"22";"3";"2019";"08:25";"1";"45";"45235";"1";"1";"5";"3";"ROUTE D'ORMES";"47,9395000";"1,7930500"
"201900006262";"21";"3";"2019";"16:50";"1";"45";"45285";"2";"1";"1";"3";"RUE DES DIX ARPENTS";"47,9077500";"1,8720500"
"201900006263";"21";"3";"2019";"10:30";"1";"45";"45232";"2";"2";"1";"3";"RUE DE GUYENNE - RUE DU ROUSSILLON";"47,8413220";"1,9167920"
"201900006264";"20";"3";"2019";"16:35";"1";"45";"45232";"2";"1";"1";"6";"RUE DE LA BEGERESSE";"47,8486000";"1,9126800"
"201900006265";"20";"3";"2019";"16:35";"1";"45";"45234";"2";"6";"1";"3";"AV DE CONCYR - ALLEE DES SAPINS";"47,8239850";"1,9323390"
"201900006266";"15";"3";"2019";"10:20";"1";"45";"45284";"2";"1";"1";"6";"BD DE LA SALLE";"47,9236850";"1,9957160"
"201900006267";"23";"3";"2019";"10:30";"1";"45";"45068";"2";"1";"1";"3";"D2007";"48,0155500";"2,7400400"
"201900006268";"21";"3";"2019";"12:30";"1";"44";"44184";"2";"1";"1";"6";"MICHEL ANGE (RUE)";"47,2641300";" -2,2673400"
"201900006269";"24";"3";"2019";"03:48";"5";"44";"44109";"2";"1";"1";"3";"RUE PAUL BELLAMY";"47,2230000";" -1,5571000"
"201900006270";"22";"3";"2019";"17:00";"1";"44";"44162";"2";"3";"1";"3";"BD DU MASSACRE/ AV. COURTELINE";"47,2362000";" -1,5872000"
"201900006271";"19";"3";"2019";"15:40";"1";"44";"44109";"2";"1";"1";"6";"COTE SAINT SEBASTIEN";"47,2003700";" -1,5343100"
"201900006272";"23";"3";"2019";"12:40";"1";"44";"44132";"2";"2";"1";"3";"AVENUES DE LA PLAGE / PORSON";"47,2627260";" -2,3422790"
"201900006273";"23";"3";"2019";"16:54";"1";"42";"42186";"2";"1";"1";"6";"FERRY RUE JULES";"45,5274400";"4,6126200"
"201900006274";"20";"3";"2019";"11:45";"1";"42";"42218";"2";"1";"1";"6";"PYAT FELIX";"45,4351700";"4,3814100"
"201900006275";"19";"3";"2019";"20:03";"5";"42";"42218";"2";"2";"1";"2";"BERGSON A PARTIR Nø 18-51";"45,4539800";"4,3830000"
"201900006276";"22";"3";"2019";"07:52";"1";"42";"42071";"2";"3";"1";"6";"LIBERATION (AVENUE DE LA)";"46,0212300";"4,0889800"
"201900006277";"22";"3";"2019";"06:00";"2";"42";"42187";"2";"3";"1";"1";"WILSON (RUE DU PRESIDENT )";"46,0609700";"4,0911900"
"201900006278";"23";"3";"2019";"21:45";"5";"42";"42183";"1";"1";"1";"3";"BERAUDIERE (RUE DE LA)";"45,4095400";"4,3750800"
"201900006279";"22";"3";"2019";"16:40";"1";"38";"38544";"2";"3";"1";"6";"ETIENNE REY(QUAI)";"45,5377700";"4,8725500"
"201900006280";"22";"3";"2019";"17:10";"1";"38";"38185";"2";"1";"1";"6";"BISTESI (RUE)";"45,1851000";"5,7317300"
"201900006281";"23";"3";"2019";"23:50";"5";"38";"38185";"2";"1";"1";"6";"MARECHAL JOFFRE (BOULEVARD)";"45,1824800";"5,7287500"
"201900006282";"24";"3";"2019";"12:20";"1";"38";"38053";"2";"1";"1";"3";"ALSACE LORRAINE";"45,5856850";"5,2674120"
"201900006283";"23";"3";"2019";"10:59";"1";"37";"37214";"2";"1";"1";"6";"DE GAULLE (BD CHARLES)";"47,4110400";"0,6765200"
"201900006284";"23";"3";"2019";"10:30";"1";"37";"37261";"2";"1";"1";"7";"HEURTELOUP (BOULEVARD)";"47,3908200";"0,6939300"
"201900006285";"22";"3";"2019";"18:30";"1";"37";"37233";"2";"1";"1";"7";"ANGUILLE (RUE ANDRE)";"47,3893946";"0,7280551"
"201900006286";"22";"3";"2019";"16:37";"1";"37";"37261";"2";"1";"1";"6";"SUEDE (RUE DE)";"47,4346510";"0,6902189"
"201900006287";"22";"3";"2019";"17:25";"1";"37";"37214";"2";"1";"1";"7";"EPINETTES (RUE DES)";"47,4176527";"0,6695768"
"201900006288";"22";"3";"2019";"08:15";"1";"37";"37261";"2";"1";"1";"6";"COLBERT (RUE)";"47,3956001";"0,6878789"
"201900006289";"22";"3";"2019";"07:35";"2";"37";"37261";"2";"2";"1";"3";"EIFFEL (AVENUE GUSTAVE)";"47,4356617";"0,6984666"
"201900006290";"21";"3";"2019";"07:55";"1";"37";"37122";"2";"3";"1";"3";"DOUZILLIERE (RUE DE LA)";"47,3403891";"0,6541688"
"201900006291";"20";"3";"2019";"19:40";"5";"37";"37261";"2";"1";"1";"6";"GUYNEMER (RUE GEORGES)";"47,3806690";"0,7044300"
"201900006292";"20";"3";"2019";"13:05";"1";"37";"37261";"2";"1";"1";"6";"BREL (RUE JACQUES)";"47,4332100";"0,6983400"
"201900006293";"22";"3";"2019";"18:40";"1";"36";"36202";"2";"1";"1";"3";"138 ROUTE DE CHATEAUROUX";"46,8148600";"1,6632200"
"201900006294";"24";"3";"2019";"05:55";"3";"35";"35238";"1";"1";"1";"7";"ROCADE 12-13";"48,1243400";" -1,7169200"
"201900006295";"23";"3";"2019";"11:45";"1";"35";"35281";"2";"3";"1";"3";"MARIN (RUE JEAN)";"48,0827700";" -1,7126600"
"201900006296";"23";"3";"2019";"06:15";"2";"35";"35238";"2";"2";"5";"3";"CHATEAUBRIAND (QUAI)";"48,1102200";" -1,6742300"
"201900006297";"21";"3";"2019";"06:25";"5";"35";"35051";"2";"6";"1";"3";"RENNES (RUE DE)";"48,1139700";" -1,6340000"
"201900006298";"20";"3";"2019";"08:05";"1";"35";"35278";"1";"1";"1";"2";"RD 137";"48,1835000";" -1,7201400"
"201900006299";"16";"3";"2019";"02:50";"5";"34";"34301";"2";"3";"1";"3";"JARLIN MONSEIGNEUR (RUE)";"43,4075400";"3,6685900"
"201900006300";"18";"3";"2019";"09:10";"1";"34";"34301";"1";"1";"1";"5";"RD2 Route de Balaruc";"43,4146040";"3,7005500"
"201900006301";"16";"3";"2019";"15:45";"1";"34";"34301";"2";"1";"1";"6";"HERRIOT EDOUARD (PLACE)";"43,3950800";"3,6777490"
"201900006302";"24";"3";"2019";"17:00";"1";"34";"34172";"2";"1";"1";"7";"DIACON (AVENUE EMILE)";"43,6283800";"3,8596800"
"201900006303";"22";"3";"2019";"13:10";"1";"34";"34172";"2";"2";"1";"3";"CENTRAYRARGUES (RUE DE)";"43,5948200";"3,8907700"
"201900006304";"22";"3";"2019";"06:05";"3";"34";"34129";"2";"1";"1";"7";"PALAVAS D986 (ROUTE DE)";"43,5608700";"3,8938100"
"201900006305";"21";"3";"2019";"08:25";"1";"34";"34172";"2";"1";"1";"7";"INDUSTRIE (RUE DE L')";"43,5862600";"3,8828300"
"201900006306";"19";"3";"2019";"17:20";"1";"34";"34172";"2";"1";"1";"3";"MAURIN (AVENUE DE";"43,5830200";"3,8720700"
"201900006307";"12";"3";"2019";"06:25";"1";"33";"33162";"2";"3";"1";"6";"RUE DES TULIPES";"44,8687400";" -0,6331000"
"201900006308";"18";"3";"2019";"13:05";"1";"33";"33119";"2";"3";"1";"3";"AVE H. DUBEDOUT / R.Pauline Kergomard";"44,8474600";" -0,5077700"
"201900006309";"22";"3";"2019";"19:35";"5";"33";"33529";"2";"1";"1";"2";"DE GAULLE (AVE CHARLES) 87 ET +";"44,6372600";" -1,1272300"
"201900006310";"24";"3";"2019";"17:50";"1";"32";"32013";"1";"1";"1";"3";"ROCADE (RN 124 OUEST)";"43,6602470";"0,6372950"
"201900006311";"19";"3";"2019";"12:15";"1";"32";"32013";"2";"1";"8";"7";"GAMBETTA (RUE)";"43,6478700";"0,5854500"
"201900006312";"25";"3";"2019";"09:15";"1";"31";"31555";"1";"1";"1";"3";"VA007495 A62";"43,6502000";"1,4319000"
"201900006313";"22";"3";"2019";"08:00";"1";"31";"31555";"2";"3";"1";"3";"BD DELTOUR";"43,5971000";"1,4730300"
"201900006314";"24";"3";"2019";"16:45";"1";"31";"31555";"2";"1";"1";"3";"CARNOT (BD LAZARE) DU 1AU 81";"43,6046900";"1,4494800"
"201900006315";"21";"3";"2019";"17:00";"1";"31";"31149";"2";"1";"1";"3";"EL PEY (CHEMIN D')";"43,6017500";"1,3147100"
"201900006316";"21";"3";"2019";"11:45";"1";"31";"31555";"2";"1";"1";"6";"BD DE STRASBOURG";"43,6101700";"1,4439300"
"201900006317";"21";"3";"2019";"12:07";"1";"31";"31555";"2";"1";"1";"6";"ALL DE BELLEFONTAINE";"43,5658100";"1,3992900"
"201900006318";"21";"3";"2019";"08:55";"1";"31";"31555";"2";"1";"1";"3";"RTE DE BAYONNE";"43,6090100";"1,3800700"
"201900006319";"21";"3";"2019";"09:20";"1";"31";"31557";"2";"1";"1";"3";"AURIOL (BD VINCENT)";"43,5878500";"1,3553400"
"201900006320";"20";"3";"2019";"17:00";"1";"31";"31555";"2";"6";"1";"3";"ROND POINT LEON LAJAUNIE";"43,5565100";"1,4061700"
"201900006321";"20";"3";"2019";"13:00";"1";"31";"31555";"2";"1";"1";"3";"RUE PAULIN TALABOT";"43,5643000";"1,3878200"
"201900006322";"20";"3";"2019";"09:02";"1";"31";"31069";"2";"3";"1";"3";"GASCOGNE (RUE DE)";"43,6274900";"1,3885100"
"201900006323";"23";"3";"2019";"05:10";"5";"30";"30189";"2";"1";"1";"6";"FOUR A CHAUX (ROND POINT)";"43,8138500";"4,3347400"
"201900006324";"19";"3";"2019";"18:30";"2";"30";"30007";"2";"1";"1";"3";"SILHOL (MONTEE)";"44,1255000";"4,0916000"