"Num_Acc";"jour";"mois";"an";"hrmn";"lum";"dep";"com";"agg";"int";"atm";"col";"adr";"lat";"long"
"201900006325";"25";"3";"2019";"09:00";"1";"29";"29232";"2";"3";"1";"3";"CAPRICORNE RUE DU";"47,9873300";" -4,0624600"
"201900006326";"22";"3";"2019";"09:25";"1";"29";"29232";"2";"1";"1";"3";"ERGUE ARMEL  ROND POINT D'";"47,9833400";" -4,0754400"
"201900006327";"19";"3";"2019";"19:17";"1";"29";"29051";"1";"1";"1";"3";"ROUTE d'ELLIANT";"47,9931934";" -4,0358502"
"201900006328";"25";"3";"2019";"17:20";"1";"29";"29019";"2";"6";"1";"2";"GAMBETTA (N°3 DORTOIR SNCF ET 66 A 90)";"48,3898000";" -4,4736000"
"201900006329";"24";"3";"2019";"05:54";"5";"29";"29019";"2";"1";"1";"6";"Rampe d'accès au port";"48,3829200";" -4,4877200"
"201900006330";"21";"3";"2019";"20:30";"2";"29";"29019";"2";"2";"1";"3";"DONNART MATHIEU (DE 42 ET 61 A FIN)";"48,3997500";" -4,4861600"
"201900006331";"21";"3";"2019";"11:00";"1";"29";"29019";"2";"1";"1";"6";"PERE RICARD";"48,3853300";" -4,5331800"
"201900006332";"18";"3";"2019";"13:26";"1";"29";"29019";"2";"1";"2";"2";"LE GORGEU (N°29 (TOTAL)-UBO(ALBERT 1ER )";"48,4084900";" -4,5120400"
"201900006333";"23";"3";"2019";"14:30";"1";"27";"27681";"2";"3";"1";"3";"LE TELLIER (RUE PIERRE)";"49,0929000";"1,4633000"
"201900006334";"23";"3";"2019";"00:05";"3";"27";"27681";"2";"1";"1";"6";"ROUTE DEPARTEMENTALE 313 Route de Magny";"49,0981000";"1,4969000"
"201900006335";"21";"3";"2019";"08:45";"1";"27";"27229";"2";"1";"1";"4";"NORMANDIE (BOULEVARD DE)";"49,0185700";"1,1418800"
"201900006336";"20";"3";"2019";"10:45";"1";"27";"27229";"2";"9";"1";"2";"SEMARD (RUE PIERRE)";"49,0166200";"1,1608930"
"201900006337";"23";"3";"2019";"18:50";"5";"25";"25056";"2";"3";"1";"1";"CHURCHILL BD WINSTON";"47,2503000";"6,0049300"
"201900006338";"22";"3";"2019";"23:50";"3";"22";"22215";"2";"1";"5";"2";"MERLET (RUE DE)";"48,4900098";" -2,8118166"
"201900006339";"22";"3";"2019";"19:45";"2";"22";"22106";"2";"1";"1";"7";"BREST (RUE DE)";"48,4987900";" -2,7250200"
"201900006340";"21";"3";"2019";"14:35";"1";"22";"22187";"2";"1";"1";"7";"RUE DU GENERAL DE GAULLE";"48,5411202";" -2,7711672"
"201900006341";"23";"3";"2019";"20:40";"3";"21";"21231";"1";"1";"1";"7";"CORCELLES (DE) (ROUTE)";"47,3049400";"4,9796600"
"201900006342";"23";"3";"2019";"12:30";"1";"19";"19031";"1";"3";"1";"2";"RIANT PORTAIL DU MIDI (AVENUE DU)";"45,1856400";"1,5390000"
"201900006343";"22";"3";"2019";"16:30";"1";"18";"18205";"2";"3";"1";"6";"PASTEUR (AVENUE)";"47,1032100";"2,3735700"
"201900006344";"25";"3";"2019";"19:09";"1";"17";"17300";"2";"2";"1";"3";"MARILLAC   AVENUE";"46,1407100";" -1,1626700"
"201900006345";"24";"3";"2019";"10:10";"1";"17";"17449";"1";"1";"1";"7";"GAULLE AVENUE DU GENERAL";"45,9474140";" -0,9080230"
"201900006346";"25";"3";"2019";"15:00";"1";"14";"14366";"1";"1";"1";"6";"N/A";"49,1560533";"0,2352729"
"201900006347";"25";"3";"2019";"21:55";"3";"14";"14243";"1";"1";"1";"6";"COTE DE GRACE (CHEMIN DE LA)";"49,4203168";"0,2248499"
"201900006348";"22";"3";"2019";"16:30";"1";"14";"14181";"1";"1";"1";"4";"ECHANGEUR N° 14 ( CORMELLES LE ROYAL )";"49,1518800";" -0,3168400"
"201900006349";"22";"3";"2019";"13:00";"1";"14";"14327";"2";"1";"1";"3";"PASTEUR (RUE LOUIS )";"49,2092100";" -0,3417900"
"201900006350";"22";"3";"2019";"12:30";"1";"14";"14118";"2";"9";"8";"6";"MOUNTBATTEN (AVENUE DE L'AMIRAL)";"49,1999600";" -0,3932000"
"201900006351";"22";"3";"2019";"10:20";"1";"14";"14301";"2";"1";"1";"3";"ANGLAIS (RUE DES)";"49,1690000";" -0,2830000"
"201900006352";"20";"3";"2019";"19:28";"5";"14";"14437";"2";"9";"1";"3";"RD N° 613";"49,1655600";" -0,3016400"
"201900006353";"19";"3";"2019";"21:38";"3";"13";"13039";"1";"1";"1";"7";"N/A";"43,4288150";"4,8503200"
"201900006354";"25";"3";"2019";"17:05";"1";"13";"13208";"2";"1";"1";"3";"MICHELET (BOULEVARD)";"43,2719100";"5,3915600"
"201900006355";"25";"3";"2019";"15:45";"1";"13";"13206";"2";"2";"1";"3";"GOUFFE (COURS)";"43,2861400";"5,3873100"
"201900006356";"25";"3";"2019";"14:30";"1";"13";"13206";"2";"3";"1";"3";"FRIEDLAND (RUE)";"43,2858910";"5,3899930"
"201900006357";"25";"3";"2019";"13:30";"1";"13";"13204";"2";"1";"1";"6";"FRANCOISE DUPARC (BOULEVARD)";"43,3046110";"5,4009280"
"201900006358";"25";"3";"2019";"12:45";"1";"13";"13206";"2";"1";"1";"3";"ARMENY (RUE D')";"43,2911400";"5,3805900"
"201900006359";"24";"3";"2019";"21:30";"5";"13";"13213";"2";"1";"1";"1";"ESCADRILLE NORMANDIE NIEMEN";"43,3395300";"5,4099800"
"201900006360";"24";"3";"2019";"13:45";"1";"13";"13211";"2";"6";"1";"3";"VALENTINE (ROUTE DE LA)";"43,2900850";"5,4763380"
"201900006361";"24";"3";"2019";"11:30";"1";"13";"13210";"2";"1";"1";"3";"ROMAIN ROLLAND (BOULEVARD)";"43,2754910";"5,4166760"
"201900006362";"23";"3";"2019";"22:45";"5";"13";"13201";"2";"1";"1";"2";"HEROS (RUE DES)";"43,3019000";"5,3836700"
"201900006363";"23";"3";"2019";"17:45";"1";"13";"13211";"2";"1";"1";"6";"BARASSE";"43,2847600";"5,4839720"
"201900006364";"23";"3";"2019";"16:15";"1";"13";"13209";"1";"1";"1";"6";"COL DE LA GINESTE D559";"43,2353600";"5,5109610"
"201900006365";"23";"3";"2019";"05:00";"2";"13";"13211";"2";"9";"1";"5";"BARASSE";"43,2862540";"5,4763560"
"201900006366";"23";"3";"2019";"03:00";"5";"13";"13206";"2";"1";"1";"7";"PIERRE PUGET (COURS)";"43,2905900";"5,3779500"
"201900006367";"22";"3";"2019";"16:40";"1";"13";"13203";"2";"9";"1";"3";"BD FERDINAND DE LESSEPS";"43,3199130";"5,3704120"
"201900006368";"22";"3";"2019";"18:30";"2";"13";"13216";"2";"1";"1";"6";"ANDRÉ ROUSSIN (AVENUE)";"43,3626000";"5,3406100"
"201900006369";"22";"3";"2019";"15:00";"1";"13";"13211";"2";"1";"1";"3";"SAINT MARCEL (BOULEVARD DE )";"43,2887800";"5,4602500"
"201900006370";"22";"3";"2019";"11:25";"1";"13";"13201";"2";"2";"1";"3";"ESPERANDIEU (RUE)";"43,3041600";"5,3926100"
"201900006371";"22";"3";"2019";"12:30";"1";"13";"13210";"2";"1";"1";"6";"SCHLOESING (BOULEVARD)";"43,2736610";"5,4006000"
"201900006372";"22";"3";"2019";"11:15";"1";"13";"13212";"2";"2";"1";"6";"ROSIERE (AVENUE DE LA)";"43,3075600";"5,4353000"
"201900006373";"22";"3";"2019";"00:42";"5";"13";"13201";"2";"1";"1";"6";"CANEBIERE    81 A FIN";"43,2989430";"5,3848620"
"201900006374";"21";"3";"2019";"23:27";"5";"13";"13207";"2";"1";"1";"5";"CORDERIE (BOULEVARD DE LA)";"43,2902500";"5,3684400"
"201900006375";"22";"3";"2019";"00:10";"5";"13";"13209";"2";"3";"1";"2";"AVIATEUR LE BRIX (RUE)";"43,2596300";"5,4017900"
"201900006376";"19";"3";"2019";"05:00";"4";"13";"13210";"2";"9";"1";"3";"FLORIAN ( ROND POINT)";"43,2851910";"5,4260380"
"201900006377";"21";"3";"2019";"18:00";"2";"13";"13208";"2";"1";"1";"1";"PRADO (AVENUE DU)";"43,2241400";"5,3903000"
"201900006378";"21";"3";"2019";"17:45";"1";"13";"13075";"2";"1";"1";"6";"PAUL SIRVENT (AVE)";"43,3400000";"5,4600000"
"201900006379";"21";"3";"2019";"12:58";"1";"13";"13207";"2";"3";"1";"3";"CHARLES LIVON (BOULEVARD)";"43,2922400";"5,3632400"
"201900006380";"21";"3";"2019";"11:50";"1";"13";"13210";"2";"3";"1";"3";"JEAN EUGENE CABASSUD (BOULEVARD)";"43,2853200";"5,4128200"
"201900006381";"21";"3";"2019";"08:20";"1";"13";"13207";"2";"1";"1";"2";"Corniche John Fitzgérald Kennedy";"43,2844700";"5,3497900"
"201900006382";"21";"3";"2019";"07:45";"2";"13";"13002";"1";"1";"1";"1";"ALLAUCH A PICHAURIS (CHEMIN)";"43,3696700";"5,5112100"
"201900006383";"21";"3";"2019";"00:10";"5";"13";"13208";"2";"6";"1";"6";"HENRI FRENAY (ROND-POINT)";"43,2543400";"5,3760000"
"201900006384";"20";"3";"2019";"18:45";"5";"13";"13212";"2";"1";"1";"3";"SAINT JULIEN (AVENUE DE )";"43,3065400";"5,4208800"
"201900006385";"10";"3";"2019";"19:45";"5";"13";"13214";"2";"9";"1";"6";"PLOMBIERES (BOULEVARD DES)";"43,3148000";"5,3880700"
"201900006386";"20";"3";"2019";"12:45";"1";"13";"13208";"2";"1";"1";"6";"SCHLOESING (BOULEVARD)";"43,2716300";"5,4016500"
"201900006387";"20";"3";"2019";"10:20";"1";"13";"13210";"2";"1";"1";"2";"SCHLOESING (BOULEVARD)";"43,2700000";"5,3900000"
"201900006388";"20";"3";"2019";"08:45";"1";"13";"13075";"2";"3";"1";"6";"FREDERIC MISTRAL (AVE)";"43,3508160";"5,4713740"
"201900006389";"19";"3";"2019";"10:35";"1";"13";"13211";"2";"1";"1";"2";"SAINT MARCEL (BOULEVARD DE )";"43,2885020";"5,4623940"
"201900006390";"19";"3";"2019";"05:35";"5";"13";"13209";"2";"1";"1";"3";"MICHELET (BOULEVARD)";"43,2615010";"5,3976110"
"201900006391";"19";"3";"2019";"08:00";"1";"13";"13201";"2";"2";"1";"1";"FLAMMARION (BOULEVARD)     1 A 65";"43,3048300";"5,3905200"
"201900006392";"18";"3";"2019";"18:20";"1";"13";"13212";"2";"9";"1";"5";"FERNANDEL (AVENUE)";"43,3122990";"5,4522650"
"201900006393";"25";"3";"2019";"09:00";"1";"13";"13063";"2";"2";"1";"3";"VOLTAIRES RUE";"43,5836200";"4,9993900"
"201900006394";"21";"3";"2019";"11:11";"1";"13";"13063";"2";"9";"1";"3";"DANIEL PAUL AVENUE";"43,5856100";"5,0100300"
"201900006395";"19";"3";"2019";"18:10";"1";"13";"13028";"2";"1";"1";"6";"RIPERT (AVENUE EMILE)";"43,1911100";"5,6177000"
"201900006396";"20";"3";"2019";"18:10";"1";"13";"13005";"2";"1";"1";"6";"RN 8";"43,2868766";"5,5850856"
"201900006397";"23";"3";"2019";"19:05";"2";"13";"13001";"2";"1";"1";"6";"SOLARI PHILIPPE (AV)";"43,5381500";"5,4439400"
"201900006398";"22";"3";"2019";"12:25";"1";"11";"11262";"1";"6";"1";"6";"RD 6009 NARBONNE - PERPIGNAN";"43,1448900";"2,9753500"
"201900006399";"24";"3";"2019";"19:10";"2";"10";"10081";"2";"2";"1";"1";"HELENE BOUCHER (RUE)";"48,3080000";"4,0401000"
"201900006400";"22";"3";"2019";"22:50";"5";"10";"10387";"2";"1";"1";"4";"CHOMEDEY DE MAISONNEUVE (AVE)";"48,3048200";"4,0721100"
"201900006401";"22";"3";"2019";"17:53";"1";"10";"10081";"2";"6";"1";"3";"JEAN MOULIN (RUE)";"48,3049800";"4,0267100"
"201900006402";"22";"3";"2019";"17:14";"1";"10";"10081";"2";"1";"1";"6";"ROCADE OUEST (RD 610)";"48,3049800";"4,0267100"
"201900006403";"22";"3";"2019";"10:40";"1";"10";"10357";"2";"1";"1";"1";"HENRI BARBUSSE (RUE)";"48,3014000";"4,1055000"
"201900006404";"21";"3";"2019";"10:04";"1";"10";"10387";"2";"1";"1";"6";"MARIE DE CHAMPAGNE (RUE)";"48,3047000";"4,0609000"
"201900006405";"21";"3";"2019";"17:55";"1";"10";"10081";"1";"9";"7";"5";"ROCADE EST (RD 610)";"48,3297000";"4,0467100"
"201900006406";"20";"3";"2019";"17:30";"1";"7";"07008";"2";"9";"1";"6";"D2 ( ROUTE DEPARTEMENTALE )";"44,7053900";"4,6502800"
"201900006407";"24";"3";"2019";"10:20";"1";"7";"07281";"2";"2";"1";"3";"DIMBERTON (RUE COLETTE)";"44,9407800";"4,8412700"
"201900006408";"27";"2";"2019";"09:00";"1";"7";"07019";"2";"1";"1";"6";"DELATTRE DE TASSIGNY(AVENUE)";"44,6070600";"4,3869140"
"201900006409";"21";"3";"2019";"12:05";"1";"7";"07019";"2";"1";"1";"6";"ROQUA(AVE DE)";"44,6245400";"4,3892400"
"201900006410";"22";"3";"2019";"19:00";"3";"6";"06088";"1";"1";"1";"1";"SAINT-ANTOINE (CH.)";"43,6986160";"7,2237280"
"201900006411";"22";"3";"2019";"18:25";"2";"6";"06088";"2";"1";"1";"3";"MADELEINE (BD DE LA)";"43,6921000";"7,2450000"
"201900006412";"22";"3";"2019";"16:50";"1";"6";"06088";"2";"1";"1";"6";"THAON-DE-REVEL (R.)";"43,7075285";"7,2853279"
"201900006413";"21";"3";"2019";"18:45";"2";"6";"06088";"2";"2";"1";"2";"MADELEINE (BD DE LA)";"43,7020710";"7,2364520"
"201900006414";"20";"3";"2019";"09:45";"1";"6";"06088";"2";"2";"1";"3";"EIFFEL (AV. GUSTAVE)";"43,7085600";"7,1924700"
"201900006415";"21";"4";"2019";"08:55";"1";"85";"85191";"2";"1";"1";"3";"RUE DU DOCTEUR BOUTELIER";"46,6843500";" -1,4399500"
"201900006416";"20";"4";"2019";"02:20";"5";"84";"84007";"2";"1";"1";"3";"MARSEILLE (Route)-MONTFAVET";"43,9240700";"4,8521600"
"201900006417";"20";"4";"2019";"11:00";"1";"30";"30011";"1";"1";"1";"3";"NATIONALE 100  (ROUTE)";"43,9498360";"4,7684280"
"201900006418";"26";"4";"2019";"22:20";"3";"83";"83090";"1";"1";"1";"7";"GORGES (ROUTE DES)";"43,1516607";"5,8471043"
"201900006419";"26";"4";"2019";"14:00";"1";"83";"83137";"2";"1";"1";"1";"BRIAND (AVE ARISTIDE)";"43,1226800";"5,8951800"
"201900006420";"22";"4";"2019";"22:20";"5";"83";"83137";"2";"3";"6";"1";"15EME CORPS (AVE DU)";"43,1285300";"5,9142700"
"201900006421";"22";"4";"2019";"15:00";"1";"83";"83137";"2";"9";"6";"6";"STRASBOURG (BD DE )";"43,1253100";"5,9308000"
"201900006422";"21";"4";"2019";"20:50";"3";"83";"83137";"2";"1";"1";"3";"MOULINS (AVE DES)";"43,1458800";"5,9122800"
"201900006423";"19";"4";"2019";"20:40";"2";"83";"83137";"2";"7";"1";"3";"FOCH (AVE DU MARECHAL)";"43,1262100";"5,9254800"
"201900006424";"23";"4";"2019";"09:00";"1";"83";"83126";"2";"3";"2";"6";"ANCIENS COMBATANTS D'INDOCHINE (AV DES)";"43,1050900";"5,8562400"
"201900006425";"21";"4";"2019";"12:00";"1";"83";"83123";"1";"1";"1";"2";"LANCON (CHEMIN)";"43,1602600";"5,7906200"
"201900006426";"28";"4";"2019";"06:15";"2";"83";"83034";"1";"1";"1";"6";"RUE DES 3 PINS";"43,1035731";"6,0551691"
"201900006427";"22";"4";"2019";"13:30";"1";"83";"83050";"2";"1";"1";"6";"DE GAULLE(AVENUE CHARLES)";"43,5240500";"6,4725300"
"201900006428";"25";"4";"2019";"12:30";"1";"82";"82121";"2";"9";"1";"3";"EUROPE (AVENUE DE L')";"43,9970200";"1,3351600"
"201900006429";"17";"4";"2019";"11:30";"1";"81";"81163";"1";"1";"6";"7";"RD 118";"43,4607700";"2,3477200"
"201900006430";"19";"4";"2019";"21:35";"5";"81";"81065";"2";"6";"1";"7";"LYAUTEY (BD.MARECHAL)";"43,6078100";"2,2568600"
"201900006431";"19";"4";"2019";"01:50";"5";"81";"81060";"2";"1";"1";"1";"RODEZ  (AVENUE DE)";"44,0561890";"2,1712334"
"201900006432";"24";"4";"2019";"00:40";"3";"81";"81257";"2";"1";"1";"7";"MONTPLAISIR ( ROUTE DE )";"43,9376000";"2,2059000"
"201900006433";"25";"4";"2019";"00:00";"5";"80";"80021";"2";"1";"1";"6";"21, MAIL ALBERT 1ER";"49,8889900";"2,2967100"
"201900006434";"24";"4";"2019";"12:10";"1";"80";"80021";"2";"1";"1";"6";"5, R D'ABBEVILLE";"49,9059200";"2,2709700"
"201900006435";"19";"4";"2019";"20:40";"2";"80";"80021";"2";"1";"1";"2";"5, R DEJEAN";"49,8917700";"2,3127900"
"201900006436";"20";"4";"2019";"09:55";"1";"80";"80021";"2";"1";"1";"2";"BD D'ALSACE LORRAINE ";"49,8924400";"2,3074400"
"201900006437";"18";"4";"2019";"13:05";"1";"80";"80489";"2";"3";"1";"3";"R DU GENERAL DE GAULLE ";"49,8669000";"2,3513800"
"201900006438";"17";"4";"2019";"20:05";"1";"80";"80021";"2";"1";"1";"3";"40, R JULES BARNI";"49,8891900";"2,3105300"
"201900006439";"1";"4";"2019";"18:50";"1";"78";"78126";"2";"1";"1";"6";"JONCHERE (AVENUE DE LA)";"48,8588300";"2,1458000"
"201900006440";"21";"4";"2019";"17:45";"1";"78";"78646";"2";"1";"1";"2";"PARIS (AVENUE DE)";"48,8020000";"2,1312000"
"201900006441";"18";"4";"2019";"18:55";"1";"78";"78646";"1";"1";"1";"3";"DIVISION LECLERC (RUE DE LA)";"48,8011100";"2,0802400"
"201900006442";"21";"4";"2019";"17:45";"1";"78";"78551";"1";"1";"7";"3";"ROUTE NATIONALE 13";"48,8887200";"2,0857100"
"201900006443";"18";"4";"2019";"23:10";"3";"78";"78674";"1";"1";"1";"1";"PARIS  CD 12 E (COTE DE)";"48,8213700";"2,0255100"
"201900006444";"20";"4";"2019";"17:15";"1";"78";"78643";"2";"6";"1";"2";"RD154";"48,9661300";"1,9910300"
"201900006445";"22";"4";"2019";"17:00";"1";"77";"77514";"1";"1";"1";"3";"D84C-JEAN MONNET (AVENUE)";"48,9385800";"2,6212500"
"201900006446";"11";"4";"2019";"17:35";"1";"77";"77431";"2";"8";"1";"3";"D607 - GARE (PLACE DE LA)";"48,2669400";"2,6872800"
"201900006447";"22";"4";"2019";"10:30";"1";"77";"77210";"1";"3";"1";"3";"D606 X D28A";"48,3612900";"2,8885700"
"201900006448";"22";"4";"2019";"13:30";"1";"77";"77445";"2";"3";"1";"3";"REGALLES (AVENUE DES)";"48,6028000";"2,5554000"
"201900006449";"26";"4";"2019";"16:15";"1";"77";"77085";"1";"2";"1";"1";"RD231";"48,8586000";"2,7513000"
"201900006450";"26";"4";"2019";"17:00";"1";"77";"77243";"2";"1";"1";"2";"D934 - GEORGES CLEMENCEAU  (AVENUE)";"48,8775160";"2,7250800"
"201900006451";"26";"4";"2019";"09:30";"1";"77";"77438";"2";"2";"1";"3";"PAUL HENRI SPAAK  (RUE   )";"48,8658180";"2,6733050"
"201900006452";"20";"4";"2019";"18:45";"1";"77";"77058";"2";"1";"7";"6";"GENERAL DE GAULLE  (AVENUE DU)";"48,8389242";"2,7187361"
"201900006453";"19";"4";"2019";"08:50";"1";"77";"77243";"2";"3";"1";"3";"GOUVERNES  (CHEMIN DE)";"48,8731300";"2,7003100"
"201900006454";"17";"4";"2019";"18:00";"1";"77";"77058";"2";"9";"1";"6";"EUROPE (AVENUE DE L' )";"48,8313700";"2,7124600"
"201900006455";"16";"4";"2019";"22:10";"3";"77";"77042";"1";"1";"2";"7";"GRIETS (RUE DES)";"48,8237000";"3,1289400"
"201900006456";"27";"4";"2019";"19:10";"1";"77";"77517";"1";"1";"2";"3";"CD34";"48,9126600";"2,6484300"
"201900006457";"26";"4";"2019";"16:05";"1";"76";"76474";"2";"1";"1";"6";"RD 927 (ROUTE DE DIEPPE)";"49,4938800";"1,0486100"
"201900006458";"26";"4";"2019";"06:25";"2";"76";"76484";"2";"1";"1";"1";"DAMBOURNEY. BOULEVARD ALEXANDRE";"49,3499900";"1,1090000"
"201900006459";"23";"4";"2019";"18:00";"1";"76";"76212";"2";"1";"1";"4";"RN 31 (ROUTE DE GOURNAY)";"49,4368500";"1,1422600"
"201900006460";"22";"4";"2019";"19:45";"1";"76";"76540";"1";"6";"1";"2";"MADAGASCAR. RUE DE";"49,4376181";"1,0671033"
"201900006461";"24";"3";"2019";"19:15";"3";"76";"76484";"1";"1";"1";"2";"CD 18E";"49,3467100";"1,0773900"
"201900006462";"17";"4";"2019";"10:50";"1";"76";"76540";"2";"2";"1";"3";"ROUTE DU HAVRE";"49,4506000";"1,0588000"
"201900006463";"25";"4";"2019";"15:35";"1";"76";"76351";"2";"1";"1";"2";"GRAVILLE (BD DE)";"49,4947300";"0,1474100"
"201900006464";"24";"4";"2019";"18:30";"1";"76";"76351";"1";"6";"1";"3";"SEIZIEME PORT (AVENUE DU)";"49,4829400";"0,1656000"
"201900006465";"23";"4";"2019";"17:50";"1";"76";"76351";"2";"1";"1";"3";"LENINGRAD (BD DE)";"49,4987268";"0,1587484"
"201900006466";"20";"4";"2019";"02:00";"5";"76";"76351";"2";"2";"1";"2";"PERE FLAVIGNY";"49,5119900";"0,1291400"
"201900006467";"20";"4";"2019";"20:15";"2";"76";"76351";"2";"1";"1";"3";"ARISTIDE BRIAND";"49,5004800";"0,1386800"
"201900006468";"20";"4";"2019";"13:45";"1";"76";"76305";"2";"1";"1";"3";"JACQUES DUCLOS";"49,5069700";"0,2281100"
"201900006469";"19";"4";"2019";"04:50";"3";"76";"76341";"1";"1";"1";"6";"RD 6015";"49,5135300";"0,1997800"
"201900006470";"23";"4";"2019";"15:05";"1";"76";"76217";"2";"1";"1";"6";"SAINT-JEAN";"49,9264300";"1,0796200"
"201900006471";"19";"4";"2019";"18:45";"1";"76";"76545";"2";"1";"1";"3";"BOURBON (COURS)";"49,9148900";"1,0939500"
"201900006472";"19";"4";"2019";"23:15";"3";"74";"74166";"1";"1";"1";"3";"DRANSE (AVENUE DE LA)";"46,3643790";"6,5159220"
"201900006473";"28";"4";"2019";"18:40";"1";"74";"74118";"2";"1";"2";"2";"LIBERATION (ROUTE DE LA)";"46,1805700";"6,2298400"
"201900006474";"26";"4";"2019";"15:15";"1";"74";"74012";"2";"1";"2";"6";"BASTIN (RUE ALFRED)";"46,1916417";"6,2381013"
"201900006475";"25";"4";"2019";"22:50";"5";"74";"74012";"2";"1";"3";"6";"PASTEUR (AVENUE)";"46,1931000";"6,2369800"
"201900006476";"18";"4";"2019";"09:50";"1";"74";"74012";"2";"3";"1";"3";"GELINE (RUE DE LA)";"46,1925400";"6,2452800"
"201900006477";"18";"4";"2019";"09:45";"1";"74";"74012";"2";"3";"1";"3";"VERDUN (AVENUE DE)";"46,1850000";"6,2420000"
"201900006478";"14";"4";"2019";"07:40";"1";"74";"74010";"2";"1";"1";"3";"CRAN (AVENUE DE)";"45,9061512";"6,1154469"
"201900006479";"18";"3";"2019";"13:55";"1";"73";"73065";"2";"2";"1";"3";"ONZE NOVEMBRE ( QUAI DU)";"45,5676242";"5,9378124"
"201900006480";"11";"4";"2019";"20:50";"5";"73";"73065";"2";"3";"1";"3";"D10 LANDIERS (AVENUE DES)";"45,5925679";"5,9022025"
"201900006481";"21";"2";"2019";"15:30";"1";"73";"73031";"1";"1";"1";"3";"VRU N201";"45,5722644";"5,9358491"
"201900006482";"20";"4";"2019";"18:30";"1";"73";"73065";"2";"1";"1";"3";"VERNIER (RUE DU DR)";"45,5761547";"5,9210132"
"201900006483";"16";"4";"2019";"16:47";"1";"73";"73011";"2";"2";"1";"3";"CHASSEURS ALPINS (AV.)C. VILLE VERS AV.J   D1212A";"45,6688160";"6,3906503"
"201900006484";"26";"4";"2019";"17:10";"1";"72";"72181";"2";"1";"1";"2";"BOLLEE (AV) N° IMP 1 A 63";"47,9958100";"0,2066300"
"201900006485";"24";"4";"2019";"12:22";"1";"72";"72003";"2";"3";"3";"3";"ANJOU (BD D')";"47,9657300";"0,1616700"
"201900006486";"23";"4";"2019";"17:00";"1";"72";"72181";"1";"1";"1";"3";"PATTON GENERAL RTE BAUGE A CHEMIN RONDE";"47,9999600";"0,1727800"
"201900006487";"23";"4";"2019";"08:50";"1";"72";"72181";"2";"3";"1";"3";"CHURCHILL WINSTON (BD) N° PAIRS DE 2 A 8";"47,9867200";"0,2109900"
"201900006488";"20";"4";"2019";"00:10";"3";"72";"72181";"2";"9";"1";"1";"Enceinte circuit des 24h00 du Mans";"47,9477900";"0,2102900"
"201900006489";"19";"4";"2019";"14:30";"1";"72";"72181";"2";"1";"1";"2";"BOLLEE (AV) N° IMP 65 A 199";"48,0017600";"0,2086900"
"201900006490";"18";"4";"2019";"13:45";"1";"72";"72181";"2";"3";"1";"2";"DUBIGNON (RUE)";"48,0065800";"0,2067300"
"201900006491";"17";"4";"2019";"08:00";"1";"72";"72003";"1";"3";"1";"6";"SAINT GEORGES (RTE DE)";"47,9748900";"0,1286400"
"201900006492";"27";"4";"2019";"12:30";"1";"71";"71040";"2";"1";"1";"6";"MONTCHANIN (ROUTE DE )";"46,7072000";"4,4261000"
"201900006493";"24";"4";"2019";"19:50";"1";"71";"71306";"2";"2";"1";"6";"GAITE (RUE DE LA)";"46,6929820";"4,3524530"
"201900006494";"21";"4";"2019";"15:25";"1";"71";"71153";"2";"2";"1";"3";"ALBERT 1ER (RUE)";"46,7915600";"4,4297100"
"201900006495";"24";"4";"2019";"17:50";"1";"71";"71076";"2";"1";"1";"6";"LYON (RUE DE )";"46,7802400";"4,8534300"
"201900006496";"18";"4";"2019";"11:05";"1";"71";"71475";"2";"1";"1";"2";"ROUTE NATIONALE 6";"46,7738200";"4,8450900"
"201900006497";"17";"4";"2019";"17:25";"1";"70";"70513";"1";"2";"1";"3";"RIVES DU LAC (AVENUE DES)";"47,6297400";"6,1215800"
"201900006498";"5";"4";"2019";"17:05";"1";"70";"70550";"1";"1";"1";"1";"R.D.10 E";"47,6381600";"6,1566500"
"201900006499";"22";"4";"2019";"16:15";"1";"69";"69256";"2";"1";"1";"1";"SALVADOR ALLENDE                    (AV)";"45,7892500";"4,9240000"
"201900006500";"21";"4";"2019";"08:05";"1";"69";"69290";"2";"7";"1";"6";"DOCTEUR GALLAVARDIN (DU)            (R )";"45,6908700";"4,9370500"
"201900006501";"16";"4";"2019";"09:10";"1";"69";"69266";"2";"3";"2";"3";"4 AOUT 1789    (Rue du)";"45,7646200";"4,8904600"
"201900006502";"19";"4";"2019";"07:20";"1";"69";"69282";"2";"3";"1";"6";"GARE (DE LA)                          (R";"45,7710000";"5,0000000"
"201900006503";"18";"4";"2019";"14:50";"1";"69";"69266";"2";"1";"1";"3";"CANAL    (Rue du)";"45,7694000";"4,9063000"
"201900006504";"18";"4";"2019";"21:20";"5";"69";"69013";"2";"6";"1";"3";"BERTHELOT (rue)";"45,9993000";"4,7329800"
"201900006505";"26";"4";"2019";"15:40";"1";"69";"69091";"2";"3";"1";"3";"DOCTEUR ROUX (DU) ( R )";"45,5974268";"4,7664352"
"201900006506";"24";"4";"2019";"12:00";"1";"69";"69091";"2";"1";"2";"3";"JULIAN GRIMAU ( R )";"45,5956100";"4,7676300"
"201900006507";"27";"4";"2019";"16:10";"1";"68";"68224";"2";"2";"8";"3";"MEYER (RUE ROBERT)";"47,7716300";"7,3140500"
"201900006508";"21";"4";"2019";"08:25";"1";"68";"68066";"2";"2";"1";"3";"POUDRIERE (RUE DE LA)";"48,0854490";"7,3308560"
"201900006509";"26";"4";"2019";"13:10";"1";"67";"67218";"2";"1";"2";"6";"RHIN (ROUTE DU)";"48,5309000";"7,7332500"
"201900006510";"26";"4";"2019";"11:25";"1";"67";"67482";"2";"1";"2";"6";"GENERAL KOENIG (QUAI DU)";"48,5751610";"7,7547640"
"201900006511";"26";"4";"2019";"09:00";"1";"67";"67218";"2";"1";"2";"2";"INDUSTRIE (RUE DE L )";"48,5300100";"7,7313600"
"201900006512";"24";"4";"2019";"12:30";"1";"67";"67482";"2";"3";"1";"3";"PROVENCE (RUE DE)";"48,5457800";"7,7582100"