"Num_Acc";"jour";"mois";"an";"hrmn";"lum";"dep";"com";"agg";"int";"atm";"col";"adr";"lat";"long"
"201900006513";"24";"4";"2019";"09:00";"1";"67";"67482";"2";"1";"1";"3";"RHIN TORTU (RUE DU)";"48,5424600";"7,7585100"
"201900006514";"23";"4";"2019";"18:45";"1";"67";"67482";"2";"1";"1";"3";"FEDERATION (ROUTE DE LA)";"48,5628900";"7,7439900"
"201900006515";"20";"4";"2019";"18:30";"1";"67";"67365";"2";"1";"1";"6";"ETTORE BUGATTI (RUE)";"48,5483190";"7,7006510"
"201900006516";"18";"4";"2019";"21:40";"5";"67";"67482";"2";"9";"1";"1";"JEAN GIRAUDOUX (RUE)";"48,5892200";"7,7025600"
"201900006517";"18";"4";"2019";"10:48";"1";"67";"67180";"2";"1";"1";"4";"REMPART (RUE DU)";"48,8129000";"7,7844000"
"201900006518";"22";"4";"2019";"13:00";"1";"66";"66136";"2";"2";"1";"3";"DIAZ (NARCISSE VIRGILE)";"42,7175400";"2,8893400"
"201900006519";"27";"4";"2019";"22:10";"5";"65";"65440";"2";"1";"1";"1";"FORGES (AVENUE DES)";"43,2411100";"0,0813300"
"201900006520";"26";"4";"2019";"14:51";"1";"65";"65251";"1";"1";"2";"1";"PIC (RUE DU )";"43,1986680";"0,0779180"
"201900006521";"26";"4";"2019";"15:41";"1";"64";"64260";"2";"2";"1";"3";"17 AVENUE DES MAGNOLIAS ";"43,3711300";" -1,7758600"
"201900006522";"21";"4";"2019";"00:35";"5";"64";"64545";"1";"1";"1";"1";"ROUTE DE SOCOA";"43,3855700";" -1,6930800"
"201900006523";"18";"4";"2019";"19:05";"1";"64";"64260";"2";"1";"1";"6";"LEKUEDER (RUE)";"43,3482000";" -1,7724300"
"201900006524";"24";"4";"2019";"10:00";"1";"64";"64445";"2";"9";"1";"3";"FRANCOIS MITTERAND";"43,3304047";" -0,3555918"
"201900006525";"23";"4";"2019";"18:55";"1";"64";"64445";"2";"6";"2";"3";"LEON BERARD";"43,3165100";" -0,3748100"
"201900006526";"23";"4";"2019";"16:00";"1";"64";"64445";"2";"1";"1";"6";"GAMBETTA";"43,2970300";" -0,3664100"
"201900006527";"19";"4";"2019";"23:40";"5";"64";"64129";"2";"2";"1";"1";"ROUTE DE BAYONNE ";"43,3022000";" -0,3963000"
"201900006528";"19";"4";"2019";"13:30";"1";"64";"64335";"1";"9";"1";"3";"CHEMIN SALIE";"43,3443248";" -0,4293362"
"201900006529";"21";"4";"2019";"15:55";"1";"64";"64122";"2";"1";"2";"3";"MADRID (RUE DE)";"43,4697040";" -1,5693831"
"201900006530";"16";"4";"2019";"14:49";"1";"64";"64125";"2";"1";"1";"2";"BAYONNE (AVENUE DE)";"43,4472800";" -1,5754100"
"201900006531";"24";"4";"2019";"16:50";"1";"64";"64024";"2";"1";"1";"6";"72 RUE DE HARDOY";"43,4928400";" -1,5038500"
"201900006532";"24";"4";"2019";"13:25";"1";"64";"64024";"2";"1";"8";"6";"MAIGNON (ROUTE DE)";"43,4783700";" -1,5047300"
"201900006533";"22";"4";"2019";"19:20";"1";"64";"64024";"2";"1";"1";"7";"BAYONNE (AVENUE DE)";"43,4827476";" -1,5048341"
"201900006534";"19";"4";"2019";"13:25";"1";"64";"64024";"2";"1";"1";"7";"AVENUE DE BAYONNE ";"43,4812005";" -1,5116040"
"201900006535";"19";"4";"2019";"10:35";"1";"64";"64335";"1";"9";"1";"3";"HIPPODROME DE L'";"43,3467813";" -0,4293031"
"201900006536";"23";"4";"2019";"11:10";"1";"62";"62737";"2";"1";"1";"6";"LAFONTAINE (RUE)";"50,4477200";"2,6847800"
"201900006537";"26";"4";"2019";"10:30";"1";"62";"62193";"2";"2";"1";"3";"ALBERT 1ER (PLACE)";"50,9474200";"1,8527800"
"201900006538";"18";"4";"2019";"07:35";"1";"62";"62160";"2";"2";"1";"3";"VOLTAIRE (Bld)";"50,7154180";"1,6089930"
"201900006539";"20";"4";"2019";"11:30";"1";"62";"62373";"2";"1";"1";"1";"SOURCE ( RUE  DE LA )";"50,5293200";"2,7521000"
"201900006540";"22";"4";"2019";"16:10";"1";"61";"61001";"2";"1";"1";"7";"REPUBLIQUE (BOULEVARD DE LA)";"48,4286190";"0,0942400"
"201900006541";"20";"4";"2019";"21:30";"3";"60";"60414";"1";"1";"1";"1";"RD 200 - ROND POINT PATHE";"49,2600190";"2,4535131"
"201900006542";"20";"4";"2019";"01:00";"5";"59";"59656";"1";"1";"1";"6";"LINSELLES (RUE DE)";"50,7528200";"3,0529400"
"201900006543";"12";"4";"2019";"09:45";"1";"59";"59526";"2";"1";"1";"6";"ROUTE DE CONDE";"50,4529047";"3,4563978"
"201900006544";"25";"4";"2019";"08:31";"1";"59";"59512";"2";"2";"1";"6";"BRAME (AVENUE JULES)";"50,6891000";"3,2015000"
"201900006545";"28";"4";"2019";"02:35";"5";"59";"59410";"2";"4";"2";"1";"ALSACE RUE D";"50,6430000";"3,1174000"
"201900006546";"27";"4";"2019";"17:55";"1";"59";"59560";"2";"1";"6";"6";"BOUVRY ROGER RUE";"50,5493500";"3,0290600"
"201900006547";"27";"4";"2019";"00:15";"5";"59";"59386";"2";"1";"1";"6";"YPRES RUE D";"50,6703100";"3,0524000"
"201900006548";"24";"4";"2019";"12:25";"1";"59";"59009";"2";"1";"1";"7";"PONT DE BOIS  METRO";"50,6256000";"3,1242000"
"201900006549";"19";"4";"2019";"20:35";"1";"59";"59368";"2";"1";"1";"3";"DOUMER PAUL RUE";"50,6502100";"3,0723400"
"201900006550";"19";"4";"2019";"01:30";"5";"59";"59328";"2";"5";"1";"3";"HIPPODROME AV DE L N°237 AU389";"50,6471500";"3,0262700"
"201900006551";"18";"4";"2019";"22:00";"5";"59";"59360";"2";"3";"1";"3";"GUESDE JULES RUE";"50,6142400";"3,0175200"
"201900006552";"18";"4";"2019";"13:50";"1";"59";"59350";"2";"9";"1";"6";"PEUPLE BELGE AVENUE DU";"50,6442500";"3,0613000"
"201900006553";"26";"3";"2019";"15:50";"1";"59";"59155";"2";"1";"1";"2";"FURNES - ROUTE";"51,0312400";"2,3916200"
"201900006554";"25";"4";"2019";"20:15";"1";"59";"59654";"2";"1";"1";"3";"HUGO (RUE VICTOR)";"50,3878300";"3,1189900"
"201900006555";"19";"4";"2019";"13:10";"1";"59";"59165";"2";"3";"7";"6";"JAURES (RUE JEAN)";"50,3803600";"3,0531200"
"201900006556";"18";"4";"2019";"16:30";"1";"59";"59178";"2";"1";"1";"6";"TOURNAI (ROUTE DE)";"50,4021426";"3,1201807"
"201900006557";"25";"4";"2019";"15:50";"1";"58";"58194";"2";"9";"1";"3";"PETIT MOUESSE";"46,9891100";"3,1713500"
"201900006558";"23";"4";"2019";"15:15";"1";"58";"58194";"2";"1";"1";"6";"MANTOUE (QUAI)";"46,9857200";"3,1589900"
"201900006559";"23";"4";"2019";"16:30";"1";"58";"58194";"2";"3";"1";"3";"COLBERT";"46,9961900";"3,1572300"
"201900006560";"16";"4";"2019";"12:50";"1";"58";"58194";"2";"6";"2";"6";"FRANCIS GARNIER";"46,9958700";"3,1780400"
"201900006561";"20";"4";"2019";"13:00";"1";"57";"57487";"1";"9";"1";"1";"RD 157 Bis";"49,0998022";"6,1161777"
"201900006562";"20";"4";"2019";"04:35";"5";"56";"56260";"2";"1";"1";"6";"CHURCHILL(RUE WINSTON)";"47,6395000";"2,7687200"
"201900006563";"26";"4";"2019";"08:20";"1";"56";"56121";"2";"2";"1";"7";"NORMANDIE ( BD ET IMP DE )";"47,7595700";" -3,3672700"
"201900006564";"25";"4";"2019";"17:13";"1";"56";"56098";"2";"6";"1";"2";"BILLOUX ( AV. FRANCOIS )";"47,7630200";" -3,3490100"
"201900006565";"25";"4";"2019";"16:01";"1";"56";"56121";"2";"6";"1";"3";"BIR-HAKEIM ( RD-PT )";"47,7393600";" -3,3802500"
"201900006566";"24";"4";"2019";"11:50";"1";"56";"56121";"2";"1";"1";"6";"FERRY ( PL. JULES )";"47,7465300";" -3,3649100"
"201900006567";"22";"4";"2019";"23:35";"3";"56";"56098";"1";"1";"1";"6";"RN 165";"47,7764700";" -3,3621000"
"201900006568";"20";"4";"2019";"03:00";"4";"56";"56098";"1";"1";"1";"2";"RN 165";"47,7771800";" -3,3595700"
"201900006569";"21";"10";"2019";"17:40";"1";"91";"91689";"1";"1";"8";"3";"AUTOROUTE A6";"48,7296600";"2,3144400"
"201900006570";"21";"10";"2019";"18:15";"1";"94";"94034";"1";"1";"1";"5";"AUTOROUTE A6B";"48,7547000";"2,3321000"
"201900006571";"21";"10";"2019";"13:00";"1";"94";"94076";"1";"1";"1";"4";"AUTOROUTE A6B";"48,7906500";"2,3446000"
"201900006572";"21";"10";"2019";"10:33";"1";"94";"94065";"1";"1";"2";"2";"AUTOROUTE A106";"48,7607000";"2,3401900"
"201900006573";"21";"10";"2019";"08:38";"1";"91";"91477";"1";"1";"2";"7";"AUTOROUTE A126";"48,7174900";"2,2623300"
"201900006574";"21";"10";"2019";"09:20";"1";"91";"91286";"1";"1";"8";"6";"AUTOROUTE A6";"48,6543230";"2,3802120"
"201900006575";"21";"10";"2019";"05:50";"3";"91";"91661";"1";"1";"2";"6";"RD 188 CHEVREUSE";"48,6965790";"2,2095360"
"201900006576";"20";"10";"2019";"18:40";"3";"91";"91661";"1";"1";"2";"2";"AUTOROUTE A10";"48,6877100";"2,2175100"
"201900006577";"21";"10";"2019";"08:50";"1";"78";"78551";"1";"1";"2";"7";"SE A14";"48,9058980";"2,0607810"
"201900006578";"21";"10";"2019";"08:10";"2";"92";"92025";"1";"1";"2";"6";"A86";"48,9331380";"2,2515170"
"201900006579";"21";"10";"2019";"03:56";"5";"92";"92036";"1";"1";"2";"6";"A86";"48,9357587";"2,2627865"
"201900006580";"20";"10";"2019";"14:00";"1";"78";"78043";"1";"1";"1";"2";"A12 W";"48,8413810";"2,1017790"
"201900006581";"21";"10";"2019";"11:00";"1";"93";"93053";"1";"1";"1";"5";"AUTOROUTE A3";"48,8975100";"2,4698000"
"201900006582";"19";"10";"2019";"19:30";"3";"93";"93013";"1";"1";"8";"4";"AUTOROUTE A1";"48,9402400";"2,4227700"
"201900006583";"19";"10";"2019";"13:00";"1";"93";"93027";"1";"1";"2";"6";"AUTOROUTE A86";"48,9286000";"2,4146600"
"201900006584";"20";"10";"2019";"01:20";"3";"95";"95582";"1";"1";"2";"6";"AUTOROUTE A115";"48,9833300";"2,2409100"
"201900006585";"20";"10";"2019";"00:10";"3";"93";"93078";"1";"1";"2";"6";"AUTOROUTE A104";"48,9607000";"2,5245500"
"201900006586";"20";"10";"2019";"00:40";"3";"93";"93027";"1";"1";"2";"6";"BDL";"48,9269300";"2,4034400"
"201900006587";"19";"10";"2019";"16:30";"1";"95";"95678";"1";"1";"1";"5";"RN 184";"49,0729800";"2,2287000"
"201900006588";"19";"10";"2019";"11:00";"1";"95";"95394";"1";"1";"1";"2";"AUTOROUTE A115";"49,0508100";"2,1816800"
"201900006589";"21";"10";"2019";"13:30";"1";"77";"77337";"1";"1";"1";"6";"A4";"48,8334520";"2,5932640"
"201900006590";"20";"10";"2019";"13:15";"1";"77";"77258";"1";"1";"5";"5";"A4.Y";"48,8298400";"2,6251600"
"201900006591";"20";"10";"2019";"16:25";"1";"974";"97416";"2";"1";"1";"7";"PECHE-CAVALE (IMPASSE)";" -21,3504200";"55,4842300"
"201900006592";"19";"10";"2019";"22:57";"5";"973";"97302";"2";"1";"1";"3";"MONTABO (ROUTE DE) 2";"4,9396911";" -52,3012573"
"201900006593";"20";"10";"2019";"17:10";"1";"69";"69387";"2";"3";"2";"2";"CHALLEMEL LACOUR                    (R )";"45,7295300";"4,8436400"
"201900006594";"20";"10";"2019";"01:40";"5";"69";"69386";"2";"1";"1";"2";"SEZE (DE)                           (R )";"45,7683000";"4,8477500"
"201900006595";"20";"10";"2019";"13:00";"1";"972";"97213";"1";"1";"1";"3";"DEPARTEMENTALE 28";"14,6255300";" -60,9728700"
"201900006596";"20";"10";"2019";"08:00";"1";"972";"97209";"2";"2";"1";"6";"PAPIN DUPONT (RUE)";"14,6068800";" -61,0681100"
"201900006597";"20";"10";"2019";"05:50";"1";"972";"97209";"2";"1";"1";"6";"DOROTHY (ROUTE DE)";"14,6124400";" -61,0447600"
"201900006598";"20";"10";"2019";"13:00";"1";"69";"69389";"2";"2";"2";"4";"BARTHELEMY BUYER                    (AV)";"45,7636300";"4,7956000"
"201900006599";"17";"10";"2019";"20:15";"5";"69";"69389";"2";"3";"2";"3";"ST CYR (DE)                         (R )";"45,7861200";"4,8079800"
"201900006600";"20";"10";"2019";"07:40";"1";"971";"97113";"1";"1";"8";"6";"Chemin de la BOUAYE";"16,2249900";" -61,4902900"
"201900006601";"21";"10";"2019";"00:25";"4";"2A";"2A004";"1";"6";"1";"6";"T21";"41,9274565";"8,7784417"
"201900006602";"20";"10";"2019";"20:00";"5";"95";"95219";"2";"6";"2";"2";"GENERAL LECLERC (RUE DU)";"48,9799179";"2,2703158"
"201900006603";"19";"10";"2019";"23:10";"5";"95";"95428";"2";"1";"2";"7";"VERDUN ( RUE DE)";"48,9963840";"2,3247170"
"201900006604";"20";"10";"2019";"18:45";"5";"91";"91589";"2";"3";"2";"2";"GRAND VAUX (RUE DE)";"48,6755940";"2,3359440"
"201900006605";"21";"10";"2019";"01:15";"5";"91";"91223";"2";"1";"2";"6";"SAINT MICHEL (BOULEVARD)";"48,4497200";"2,1716800"
"201900006606";"19";"10";"2019";"20:30";"5";"86";"86194";"2";"1";"1";"3";"11 NOVEMBRE (AVENUE DU)";"46,5671700";"0,3657900"
"201900006607";"20";"10";"2019";"14:20";"1";"69";"69271";"2";"3";"8";"3";"LYON (DE)                               ";"45,7387600";"4,9621100"
"201900006608";"20";"10";"2019";"10:45";"1";"69";"69266";"2";"1";"1";"6";"EMILE ZOLA     (Cours)";"45,7671400";"4,8924200"
"201900006609";"15";"10";"2019";"18:10";"1";"69";"69282";"2";"3";"8";"6";"REPUBLIQUE (DE)                     (R )";"45,7667600";"5,0020400"
"201900006610";"19";"10";"2019";"11:20";"1";"69";"69266";"2";"3";"2";"3";"TOLSTOI    (Cours)";"45,7601750";"4,8876600"
"201900006611";"20";"10";"2019";"02:35";"5";"68";"68297";"2";"2";"8";"3";"BALE ( AVE DE)WIRU JUSQUE RUE MULHOUSENR";"47,5829880";"7,5664960"
"201900006612";"20";"10";"2019";"20:07";"3";"64";"64545";"1";"1";"3";"7";"CORNICHE (ROUTE DE LA)";"43,3881679";" -1,7089837"
"201900006613";"20";"10";"2019";"18:40";"3";"64";"64545";"1";"1";"3";"7";"RD810";"43,3524524";" -1,7375700"
"201900006614";"20";"10";"2019";"19:15";"5";"64";"64102";"2";"3";"2";"3";"LACHEPAILLET (RUE DES REMPARTS)";"43,4906900";" -1,4788900"
"201900006615";"20";"10";"2019";"15:55";"1";"57";"57630";"2";"1";"8";"6";"IMLING (ROUTE D')";"48,7185774";"7,0327136"
"201900006616";"20";"10";"2019";"20:30";"5";"51";"51454";"2";"1";"2";"7";"RUE DE VESLE";"49,2512030";"4,0224251"
"201900006617";"20";"10";"2019";"16:10";"1";"51";"51454";"2";"1";"2";"2";"RUE BUIRETTE";"49,2539442";"4,0243672"
"201900006618";"20";"10";"2019";"20:15";"3";"37";"37122";"1";"1";"8";"7";"RD 37";"47,3435000";"0,6474000"
"201900006619";"20";"10";"2019";"16:15";"1";"37";"37261";"2";"1";"2";"6";"GANCE (BOULEVARD ABEL)";"47,4060171";"0,7219715"
"201900006620";"20";"10";"2019";"14:45";"1";"37";"37261";"2";"1";"8";"6";"RD 37";"47,3681000";"0,6543000"
"201900006621";"20";"10";"2019";"08:50";"1";"30";"30189";"1";"1";"2";"6";"UZES (ROUTE D')";"43,8741000";"4,3793000"
"201900006622";"19";"10";"2019";"19:20";"5";"30";"30189";"2";"5";"1";"3";"BRICONNET (RUE)";"43,4953000";"4,2142500"
"201900006623";"20";"10";"2019";"15:30";"1";"29";"29232";"1";"1";"1";"7";"BENODET ROUTE DE";"47,9702628";" -4,0861148"
"201900006624";"4";"10";"2019";"13:00";"1";"28";"28085";"2";"9";"8";"3";"SOUVENIR FRANCAIS (RUE DU)";"48,4463100";"1,5032000"
"201900006625";"20";"10";"2019";"01:58";"5";"25";"25056";"2";"3";"2";"6";"GAULLE BOULEVARD CHARLES";"47,2302900";"6,0115700"
"201900006626";"20";"10";"2019";"16:00";"1";"13";"13215";"2";"1";"2";"4";"CAP PINEDE (Avenue)";"43,3271700";"5,3592100"
"201900006627";"20";"10";"2019";"12:47";"1";"13";"13214";"2";"1";"1";"5";"MERLAN (AVENUE)";"43,3404254";"5,4075000"
"201900006628";"20";"10";"2019";"06:20";"5";"13";"13213";"2";"3";"1";"6";"CHEMIN DU MERLAN A LA ROSE ";"43,3304000";"5,4123000"
"201900006629";"20";"10";"2019";"05:55";"5";"13";"13215";"2";"1";"1";"6";"DE BEAUREGARD";"43,3677620";"5,3459591"
"201900006630";"20";"10";"2019";"00:20";"5";"13";"13203";"2";"2";"1";"3";"PLOMBIERES (BOULEVARD DES)";"43,3149100";"5,3878700"
"201900006631";"20";"10";"2019";"03:45";"3";"7";"07102";"1";"1";"8";"7";"Chemin des MULETS";"44,9337200";"4,8592400"
"201900006632";"20";"10";"2019";"16:00";"1";"6";"06069";"2";"1";"8";"7";"DUNANT (AVENUE HENRI)";"43,6456990";"6,9287200"
"201900006633";"20";"10";"2019";"16:50";"1";"75";"75120";"2";"1";"1";"2";"BD PERIPHERIQUE INTERIEUR";"48,8739650";"2,4112290"
"201900006634";"19";"10";"2019";"00:10";"5";"75";"75118";"2";"1";"1";"4";"BD PERIPHERIQUE INTERIEUR";"48,9010760";"2,3452730"
"201900006635";"18";"10";"2019";"18:00";"2";"75";"75119";"2";"4";"1";"4";"BD PERIPHERIQUE INTERIEUR";"48,8924325";"2,3953535"
"201900006636";"20";"10";"2019";"06:40";"5";"75";"75105";"2";"2";"2";"2";"RUE GAY LUSSAC";"48,8459585";"2,3412325"
"201900006637";"20";"10";"2019";"09:05";"1";"75";"75120";"2";"2";"3";"6";"RUE DES PYRENEES";"48,8675070";"2,3964180"
"201900006638";"14";"10";"2019";"13:00";"1";"75";"75116";"2";"7";"1";"7";"BOULEVARD LANNES";"48,8710745";"2,2752532"
"201900006639";"20";"10";"2019";"11:30";"1";"75";"75114";"2";"3";"2";"7";"RUE D ALESIA";"48,8319750";"2,3135625"
"201900006640";"19";"10";"2019";"21:10";"5";"75";"75113";"2";"3";"2";"6";"QUAI D AUSTERLITZ";"48,8430719";"2,3663333"
"201900006641";"20";"10";"2019";"03:14";"5";"75";"75112";"2";"3";"1";"1";"QUAI DE BERCY";"48,8383652";"2,3760779"
"201900006642";"20";"10";"2019";"05:40";"5";"75";"75109";"2";"3";"2";"6";"BOULEVARD HAUSSMANN";"48,8734171";"2,3297101"
"201900006643";"20";"10";"2019";"04:55";"5";"75";"75109";"2";"3";"3";"3";"BOULEVARD DE CLICHY";"48,8829755";"2,3348702"
"201900006644";"19";"10";"2019";"23:30";"5";"75";"75109";"2";"2";"2";"3";"RUE SAINT LAZARE";"48,8762730";"2,3318574"
"201900006645";"19";"10";"2019";"21:10";"5";"75";"75109";"2";"1";"2";"3";"BOULEVARD DE ROCHECHOUART";"48,8831798";"2,3463485"
"201900006646";"20";"10";"2019";"15:15";"1";"75";"75108";"2";"2";"2";"6";"RUE DU GENERAL FOY";"48,8778850";"2,3181552"
"201900006647";"20";"10";"2019";"09:20";"1";"75";"75104";"2";"2";"3";"3";"QUAI DE GESVRES";"48,8560682";"2,3506934"
"201900006648";"20";"10";"2019";"00:20";"5";"94";"94028";"2";"7";"2";"3";"ALYSES.(PLACE DES)";"48,7703500";"2,4614600"
"201900006649";"20";"10";"2019";"18:10";"2";"94";"94077";"2";"3";"2";"5";"REPUBLIQUE (AV DE LA)";"48,7316500";"2,4129100"
"201900006650";"20";"10";"2019";"13:00";"1";"94";"94017";"2";"1";"1";"2";"REPUBLIQUE (AV DE LA)";"48,8208097";"2,5109434"
"201900006651";"19";"10";"2019";"22:15";"5";"93";"93073";"2";"2";"2";"3";"SALENGRO (AVENUE ROGER)";"48,9428300";"2,5770100"
"201900006652";"20";"10";"2019";"13:50";"1";"93";"93062";"2";"2";"8";"3";"LIVRY (AVENUE DE)";"48,9027400";"2,5205400"
"201900006653";"20";"10";"2019";"05:05";"5";"93";"93074";"2";"3";"3";"3";"MEAUX RUE DE";"48,9379900";"2,5959700"
"201900006654";"20";"10";"2019";"18:00";"1";"93";"93014";"2";"1";"2";"3";"ETIENNE LAURENT (ALLEE)";"48,9032600";"2,5509700"
"201900006655";"20";"10";"2019";"07:45";"5";"93";"93005";"2";"9";"3";"6";"PAUL CEZANNE (RUE)";"48,9537800";"2,5062100"
"201900006656";"20";"10";"2019";"16:24";"1";"92";"92040";"2";"3";"2";"6";"AUGUSTE GERVAIS";"48,8226810";"2,2736770"
"201900006657";"19";"10";"2019";"21:15";"5";"92";"92004";"2";"1";"1";"6";"MOURINOUX ( RUE DES )";"48,9292000";"2,2744000"
"201900006658";"21";"10";"2019";"13:20";"1";"28";"28073";"1";"1";"1";"6";"A11";"48,4825150";"1,6453780"
"201900006659";"21";"10";"2019";"15:45";"1";"41";"41252";"1";"1";"1";"5";"A10";"47,6905310";"1,4307260"
"201900006660";"17";"10";"2019";"16:55";"1";"58";"58086";"1";"1";"8";"6";"A77";"47,3773210";"2,9230500"
"201900006661";"21";"10";"2019";"11:25";"1";"77";"77411";"1";"1";"8";"1";"D37";"48,8389900";"3,1485200"
"201900006662";"20";"10";"2019";"16:40";"1";"77";"77162";"1";"2";"2";"6";"D204 X HAMEAU DE SAUSSOY";"48,8764340";"3,1919330"
"201900006663";"21";"10";"2019";"13:50";"1";"51";"51507";"1";"1";"1";"6";"ROUTE DE CHALONS";"49,0869225";"4,8791357"
"201900006664";"20";"10";"2019";"11:20";"1";"56";"56222";"2";"2";"1";"3";"Rue de Rohan";"47,8450460";" -2,7282100"
"201900006665";"21";"10";"2019";"06:24";"3";"56";"56185";"1";"1";"1";"5";"Route Nationale N°165";"47,7886525";" -3,4370130"
"201900006666";"20";"10";"2019";"21:33";"3";"56";"56168";"1";"1";"1";"6";"17 Route de Carnac";"47,5947840";" -3,1044800"
"201900006667";"20";"10";"2019";"18:20";"2";"32";"32406";"1";"1";"1";"6";"D928";"43,6919050";"0,8320020"
"201900006668";"20";"10";"2019";"16:09";"1";"71";"71120";"2";"1";"3";"6";"8 Route de la Clayette";"46,2092890";"4,3181370"
"201900006669";"13";"10";"2019";"00:50";"3";"63";"63184";"1";"1";"1";"7";"Chemin de Chez Roffin";"46,0075340";"3,5587260"
"201900006670";"21";"10";"2019";"10:53";"1";"49";"49129";"1";"1";"8";"1";"Route d'Angers";"47,5099410";" -0,5152480"
"201900006671";"20";"10";"2019";"16:10";"1";"22";"22222";"2";"1";"2";"7";"rue rene cassin";"48,6698540";" -2,9293660"
"201900006672";"21";"10";"2019";"19:00";"2";"38";"38104";"2";"3";"2";"1";"1541 Route des Ternes";"45,5617950";"5,5965930"
"201900006673";"19";"10";"2019";"12:30";"1";"58";"58088";"1";"9";"1";"1";"D977";"47,0113520";"3,2008650"
"201900006674";"17";"10";"2019";"07:00";"2";"54";"54256";"1";"1";"8";"7";"D112";"48,5306200";"6,3100200"
"201900006675";"20";"10";"2019";"20:40";"3";"72";"72161";"1";"1";"2";"6";"Lieu Dit Planchemou";"47,7781820";"0,5428160"
"201900006676";"2";"10";"2019";"14:42";"1";"50";"50624";"2";"4";"1";"5";"2 Rue au Peley";"49,0799740";" -1,4794240"
"201900006677";"19";"10";"2019";"17:20";"1";"50";"50029";"1";"1";"1";"7";"La Lande";"48,6043080";" -0,8417700"
"201900006678";"17";"10";"2019";"16:50";"1";"64";"64547";"1";"1";"1";"1";"Chemin de Zokorrondo - RD 137";"43,4072362";" -1,4705459"
"201900006679";"20";"10";"2019";"21:20";"3";"10";"10373";"1";"1";"1";"6";"RN 77";"48,2047950";"3,9924020"
"201900006680";"21";"10";"2019";"08:30";"1";"36";"36214";"1";"1";"8";"6";"D26";"46,4493920";"2,0340210"
"201900006681";"21";"10";"2019";"14:25";"1";"16";"16002";"1";"1";"1";"6";"Ld Le Logis";"46,0695580";"0,1994870"
"201900006682";"21";"10";"2019";"12:30";"1";"27";"27398";"2";"1";"2";"1";"L'Ecoucherie";"49,0904440";"0,6584300"
"201900006683";"16";"10";"2019";"18:05";"1";"87";"87154";"1";"1";"8";"1";"Route de Bellac";"45,9233750";"0,9383860"
"201900006684";"21";"10";"2019";"14:15";"1";"38";"38212";"1";"1";"3";"6";"RD 1091";"45,0545290";"5,8431960"
"201900006685";"20";"10";"2019";"16:30";"1";"973";"97311";"2";"3";"1";"3";"22 Avenue Paul Castaing";"5,4749580";" -54,0233660"
"201900006686";"20";"10";"2019";"17:45";"1";"973";"97312";"2";"1";"1";"2";"Avenue Constantin Verderosa";"5,3782880";" -52,9589980"
"201900006687";"21";"10";"2019";"07:10";"1";"971";"97124";"2";"1";"1";"6";"Rue Louis Jouveau Dubreuil";"16,0211540";" -61,7058040"
"201900006688";"19";"10";"2019";"16:20";"1";"29";"29233";"2";"1";"1";"6";"32 Rue de la Forêt";"47,8598090";" -3,5574950"
"201900006689";"18";"9";"2019";"18:00";"1";"45";"45085";"2";"1";"7";"7";"route des Cacodeaux";"47,8176840";"2,8572890"
"201900006690";"16";"10";"2019";"16:00";"1";"66";"66217";"1";"1";"1";"1";"489 Le Reart";"42,5961630";"2,8297540"
"201900006691";"21";"10";"2019";"14:08";"1";"34";"34321";"1";"1";"2";"1";"N113";"43,6720030";"4,0519370"
"201900006692";"15";"10";"2019";"10:30";"1";"84";"84042";"1";"1";"2";"3";"D56";"43,7770150";"5,4307790"
"201900006693";"21";"10";"2019";"18:40";"2";"13";"13030";"1";"1";"3";"3";"RD8N";"43,2669570";"5,6581860"
"201900006694";"16";"10";"2019";"10:30";"1";"21";"21564";"1";"2";"1";"3";"D996";"47,1229470";"5,0991390"
"201900006695";"20";"10";"2019";"23:00";"3";"88";"88020";"1";"1";"2";"1";"D674";"48,4870750";"5,8537190"
"201900006696";"17";"10";"2019";"15:45";"1";"57";"57091";"1";"1";"3";"7";"D662 PK 43+600";"49,0996860";"7,1733500"
"201900006697";"20";"10";"2019";"19:30";"3";"74";"74044";"1";"1";"1";"1";"route départementale 1206";"46,1579130";"6,1748090"
"201900006698";"17";"10";"2019";"15:30";"1";"42";"42094";"2";"1";"3";"2";"rue de la LOIRE";"45,7430600";"4,2182240"
"201900006699";"21";"10";"2019";"14:30";"1";"1";"01262";"1";"1";"2";"6";"Chemin neuf";"45,9198120";"5,0258180"
"201900006700";"20";"10";"2019";"18:00";"1";"17";"17273";"2";"1";"2";"7";"78 Route de Préroux";"45,6251550";" -0,4809600"
"201900006701";"20";"10";"2019";"02:28";"3";"64";"64252";"2";"1";"2";"7";"Route du Somport";"43,1538089";" -0,5969622"
"201900006702";"19";"10";"2019";"09:30";"1";"47";"47326";"1";"1";"8";"7";"lieu-dit gazelle";"44,5130559";"0,2731390"
"201900006703";"21";"10";"2019";"07:15";"3";"85";"85071";"1";"1";"1";"3";"Rue de Saint-Gilles";"46,7541500";" -1,8640000"
"201900006704";"28";"6";"2019";"11:20";"1";"44";"44103";"2";"6";"1";"3";"Route de la Croix Chevalier/rue Jules Verne";"47,3301670";" -2,1347060"
"201900006705";"19";"10";"2019";"06:30";"5";"14";"14068";"1";"6";"1";"6";"Lieu Dit la Bijude";"49,2298400";" -0,3708970"