"Num_Acc";"jour";"mois";"an";"hrmn";"lum";"dep";"com";"agg";"int";"atm";"col";"adr";"lat";"long"
"201900006706";"17";"10";"2019";"21:45";"3";"35";"35316";"1";"1";"1";"7";"42 Pinelais";"47,7813240";" -1,6352470"
"201900006707";"15";"10";"2019";"21:30";"5";"60";"60141";"1";"2";"1";"5";"5 Avenue du Général Leclerc";"49,1823110";"2,4583650"
"201900006708";"21";"10";"2019";"17:35";"1";"80";"80561";"2";"1";"8";"3";"Avenue du Chemin Vert";"49,6501290";"2,5779530"
"201900006709";"20";"10";"2019";"16:30";"1";"13";"13022";"1";"1";"2";"6";"A50-Sens Toulon vers Aubagne";"43,2286140";"5,5837270"
"201900006710";"20";"10";"2019";"09:50";"1";"13";"13215";"2";"1";"1";"2";"A7-Sens Lyon vers Marseille";"43,3666170";"5,3606250"
"201900006711";"20";"10";"2019";"08:50";"1";"13";"13026";"1";"1";"1";"7";"A55-Sens Marseille vers Martigues";"43,3767867";"5,1734189"
"201900006712";"20";"10";"2019";"03:35";"5";"13";"13203";"1";"1";"1";"2";"A7-Sens Lyon vers Marseille";"43,3119347";"5,3761894"
"201900006713";"20";"10";"2019";"00:35";"3";"57";"57206";"1";"1";"1";"7";"Autoroute A30";"49,3112100";"6,1059200"
"201900006714";"10";"10";"2019";"16:47";"1";"57";"57474";"1";"1";"1";"4";"Autoroute A31";"49,2687200";"6,1753500"
"201900006715";"20";"10";"2019";"19:45";"5";"33";"33249";"1";"1";"2";"4";"ROUTE NATIONALE 230";"44,8778400";" -0,5090800"
"201900006716";"20";"10";"2019";"19:15";"5";"33";"33249";"1";"1";"2";"6";"Bretelle RN230-A630 vers Bordeaux";"44,8849500";" -0,5122300"
"201900006717";"20";"10";"2019";"14:15";"1";"33";"33249";"1";"1";"2";"6";"ROCADE A 630";"44,8845700";" -0,5105900"
"201900006718";"20";"10";"2019";"09:45";"1";"33";"33039";"1";"1";"2";"6";"ROCADE A 630";"44,7898900";" -0,5407100"
"201900006719";"20";"10";"2019";"03:55";"3";"33";"33039";"1";"1";"2";"6";"A631";"44,8034900";" -0,5330000"
"201900006720";"20";"10";"2019";"03:50";"3";"33";"33143";"1";"1";"2";"6";"AUTOROUTE A 10";"44,9580100";" -0,4482200"
"201900006721";"20";"10";"2019";"16:50";"1";"77";"77251";"1";"1";"1";"7";"AUTOROUTE A5A";"48,6176000";"2,5572400"
"201900006722";"20";"10";"2019";"16:15";"1";"91";"91340";"1";"1";"2";"2";"RN 104";"48,6087400";"2,4356600"
"201900006723";"20";"10";"2019";"15:25";"1";"91";"91521";"1";"1";"2";"4";"RN 104";"48,6338800";"2,4010900"
"201900006724";"20";"10";"2019";"13:45";"1";"91";"91136";"1";"1";"8";"7";"AUTOROUTE A10";"48,7128500";"2,2846800"
"201900006725";"20";"10";"2019";"14:15";"1";"91";"91340";"1";"1";"2";"7";"RN 104";"48,6090400";"2,4346600"
"201900006726";"19";"10";"2019";"20:10";"3";"91";"91161";"1";"1";"1";"4";"AUTOROUTE A6";"48,7076600";"2,3062300"
"201900006727";"20";"10";"2019";"16:10";"1";"92";"92062";"1";"1";"1";"6";"RN1014 W";"48,8880900";"2,2495800"
"201900006728";"19";"10";"2019";"14:47";"1";"78";"78640";"1";"1";"1";"5";"A86 INT";"48,7776100";"2,2210900"
"201900006729";"20";"10";"2019";"04:00";"3";"95";"95424";"1";"1";"2";"2";"AUTOROUTE A15";"48,9925900";"2,1875600"
"201900006730";"20";"10";"2019";"12:00";"1";"93";"93027";"1";"1";"2";"3";"BDL";"48,9329600";"2,4030100"
"201900006731";"20";"10";"2019";"06:00";"3";"95";"95277";"1";"1";"2";"4";"AUTOROUTE A104";"48,9723000";"2,4847500"
"201900006732";"20";"10";"2019";"04:50";"3";"93";"93027";"1";"1";"2";"6";"BDL";"48,9268500";"2,4027200"
"201900006733";"20";"10";"2019";"04:00";"3";"92";"92036";"1";"1";"2";"6";"AUTOROUTE A15";"48,9490040";"2,2807898"
"201900006734";"20";"10";"2019";"02:35";"3";"93";"93027";"1";"1";"2";"6";"AUTOROUTE A86";"48,9278700";"2,4095700"
"201900006735";"19";"10";"2019";"13:40";"1";"93";"93053";"1";"1";"2";"2";"AUTOROUTE A3";"48,8837800";"2,4667600"
"201900006736";"20";"10";"2019";"15:00";"1";"77";"77169";"1";"1";"1";"6";"RN104";"48,8230960";"2,6150940"
"201900006737";"20";"10";"2019";"06:00";"5";"94";"94073";"1";"1";"2";"7";"A86 EXT";"48,7703400";"2,3828400"
"201900006738";"19";"10";"2019";"01:13";"5";"13";"13205";"2";"3";"1";"3";"SAINT SAVOURNIN (RUE)";"43,2975197";"5,3874870"
"201900006739";"18";"10";"2019";"16:00";"1";"974";"97411";"2";"1";"1";"3";"RN2/111";" -20,8963130";"55,5043660"
"201900006740";"19";"10";"2019";"18:40";"5";"973";"97302";"2";"9";"1";"2";"FELIX EBOUE(ROCADE)";"4,9285851";" -52,3167873"
"201900006741";"19";"10";"2019";"05:40";"5";"69";"69387";"2";"2";"2";"3";"CLAUDE BERNARD                      (QU)";"45,7562500";"4,8403600"
"201900006742";"18";"10";"2019";"22:10";"5";"972";"97209";"2";"1";"1";"3";"NELSON MANDELA (BOULEVARD)";"14,6019000";" -61,0513000"
"201900006743";"19";"10";"2019";"16:30";"1";"69";"69202";"2";"5";"2";"2";"MARECHAL FOCH (DU)                  (AV)";"45,7439400";"4,7982200"
"201900006744";"19";"10";"2019";"05:00";"5";"69";"69385";"2";"1";"2";"6";"ST BARTHELEMY                       (MO)";"45,7626900";"4,8252300"
"201900006745";"15";"10";"2019";"20:00";"5";"69";"69384";"2";"2";"1";"3";"HENON                               (R )";"45,7795800";"4,8204400"
"201900006746";"19";"10";"2019";"19:25";"5";"95";"95585";"2";"1";"1";"6";"CHANTEREINE (AVENUE DE)";"48,9850396";"2,3753408"
"201900006747";"19";"10";"2019";"17:20";"1";"91";"91174";"2";"1";"1";"4";"JEAN JAURES (BOULEVARD)";"48,6128310";"2,4599520"
"201900006748";"19";"10";"2019";"19:15";"5";"88";"88160";"2";"1";"3";"6";"REMIREMONT (RUE DE)";"48,1600000";"6,4500000"
"201900006749";"19";"10";"2019";"01:00";"5";"81";"81004";"2";"1";"1";"6";"GILLE (PIERRE)";"43,9214900";"2,1851600"
"201900006750";"19";"10";"2019";"14:14";"1";"77";"77284";"2";"2";"2";"6";"D360 X RUE JABLINOT";"48,9552219";"2,8789330"
"201900006751";"18";"10";"2019";"17:45";"1";"77";"77284";"1";"2";"1";"4";"D603 X ALLEE DES PLATANES";"48,9572600";"2,9314100"
"201900006752";"18";"10";"2019";"12:00";"1";"77";"77284";"1";"1";"1";"5";"D405A";"48,9714600";"2,9086200"
"201900006753";"19";"10";"2019";"07:05";"5";"76";"76451";"2";"2";"2";"3";"MONT AUX MALADES. AVENUE DU";"49,4660100";"1,0709400"
"201900006754";"19";"10";"2019";"15:10";"1";"71";"71105";"2";"1";"2";"7";"GRANGE ST PIERRE (RUE DE LA)";"46,3096600";"4,8159400"
"201900006755";"18";"10";"2019";"08:50";"1";"71";"71540";"1";"1";"2";"2";"VIEUX SAULE (LE)";"46,7673400";"4,4507500"
"201900006756";"1";"6";"2019";"15:00";"1";"58";"58185";"1";"1";"1";"6";"RD 193";"47,1747160";"4,1223720"
"201900006757";"9";"6";"2019";"01:00";"3";"58";"58062";"2";"1";"1";"6";"rue Jean Sallonnyer";"47,0630426";"3,9354723"
"201900006758";"15";"6";"2019";"10:05";"1";"58";"58134";"2";"1";"1";"6";"Rue Daniel Petit";"46,9367250";"3,2557660"
"201900006759";"14";"6";"2019";"13:30";"1";"58";"58112";"1";"1";"1";"1";"Lieu-dit le petit moulin";"46,9659290";"3,3327450"
"201900006760";"2";"6";"2019";"17:25";"1";"58";"58278";"1";"1";"1";"6";"Route dépatementale 13";"46,9500600";"3,1983170"
"201900006761";"8";"6";"2019";"23:00";"3";"58";"58138";"1";"9";"1";"6";"D2076";"46,8053500";"3,0815870"
"201900006762";"8";"6";"2019";"14:50";"1";"66";"66181";"1";"1";"1";"1";"N/A";"42,4457700";"2,0160180"
"201900006763";"10";"6";"2019";"18:15";"1";"66";"66003";"2";"1";"1";"6";"26 Route de Céret";"42,4822011";"2,6856709"
"201900006764";"9";"6";"2019";"22:30";"3";"54";"54088";"1";"1";"8";"4";"RD 904  - PK 24+56";"48,7490660";"5,8643960"
"201900006765";"3";"6";"2019";"01:45";"3";"54";"54600";"1";"4";"1";"7";"D21";"48,6626650";"6,7003370"
"201900006766";"19";"6";"2019";"03:00";"3";"54";"54491";"1";"1";"1";"7";"D906";"49,3466640";"5,9119290"
"201900006767";"8";"6";"2019";"16:50";"1";"54";"54029";"2";"1";"6";"1";"Rue Lucien Michel";"49,3738230";"5,9012180"
"201900006768";"5";"6";"2019";"16:25";"1";"72";"72138";"1";"1";"1";"1";"RD338";"48,2709180";"0,1094340"
"201900006769";"10";"6";"2019";"15:39";"1";"72";"72080";"2";"1";"1";"6";"1 Rue des Petits Fourneaux";"48,1803240";"0,6648810"
"201900006770";"9";"6";"2019";"11:00";"1";"72";"72277";"1";"3";"1";"3";"intersection D7 / D80";"48,1498180";"0,5066030"
"201900006771";"11";"6";"2019";"16:37";"1";"72";"72134";"1";"1";"2";"1";"La Bretellerie";"47,7364280";"0,4396040"
"201900006772";"2";"6";"2019";"19:10";"1";"72";"72269";"2";"1";"1";"3";"53 Grande Rue";"47,9193580";"0,7452720"
"201900006773";"12";"6";"2019";"16:45";"1";"72";"72147";"2";"1";"8";"6";"3 Rue de la Gare";"48,1141690";"0,1917860"
"201900006774";"14";"6";"2019";"22:00";"2";"72";"72168";"2";"1";"1";"6";"D21";"47,9921960";" -0,1591300"
"201900006775";"9";"6";"2019";"23:08";"3";"6";"06150";"1";"1";"1";"2";"D 37";"43,7341690";"7,3961130"
"201900006776";"7";"6";"2019";"15:00";"1";"6";"06032";"2";"1";"1";"7";"M6098";"43,7218180";"7,4045720"
"201900006777";"28";"5";"2019";"19:55";"1";"6";"06150";"1";"1";"1";"7";"D37";"43,7452650";"7,4001281"
"201900006778";"16";"6";"2019";"20:55";"2";"6";"06162";"1";"1";"1";"7";"chemin de la pinet";"44,0620330";"7,6550220"
"201900006779";"7";"6";"2019";"09:15";"1";"6";"06105";"2";"9";"1";"6";"2500 Route de Grasse";"43,6621490";"7,0627457"
"201900006780";"3";"6";"2019";"07:35";"1";"6";"06105";"2";"1";"1";"3";"RD 2085 quartier des claps";"43,6664088";"7,0500959"
"201900006781";"4";"5";"2019";"12:35";"1";"6";"06112";"2";"9";"2";"3";"route de nice";"43,6739691";"7,0047599"
"201900006782";"12";"6";"2019";"17:20";"1";"6";"06079";"2";"1";"1";"3";"Avenue de Fréjus Paul Ricard";"43,5299371";"6,9288946"
"201900006783";"1";"6";"2019";"14:10";"1";"6";"06079";"2";"1";"1";"6";"787 avenue de cannes";"43,5445682";"6,9376197"
"201900006784";"3";"6";"2019";"18:50";"1";"14";"14431";"1";"2";"1";"3";"D40 / D232";"49,0685040";" -0,1303560"
"201900006785";"3";"6";"2019";"17:30";"1";"14";"14173";"1";"1";"1";"6";"D183";"49,0457530";" -0,1486160"
"201900006786";"6";"6";"2019";"18:00";"1";"14";"14005";"1";"9";"1";"7";"Les Pedouzes (Moult)";"49,1209100";" -0,1311750"
"201900006787";"2";"6";"2019";"15:05";"1";"14";"14057";"1";"9";"1";"3";"D613 ";"49,1335790";" -0,2267650"
"201900006788";"14";"6";"2019";"16:15";"1";"14";"14024";"1";"3";"1";"1";"ROUTE DE DIVES";"49,3083310";" -0,0212540"
"201900006789";"18";"6";"2019";"05:23";"2";"14";"14202";"1";"1";"1";"6";"PK 06 - D62";"49,3890070";"0,1371370"
"201900006790";"6";"6";"2019";"04:45";"3";"14";"14760";"1";"2";"1";"6";"Les Landes de Montbrocq";"49,0965110";" -0,6238080"
"201900006791";"15";"6";"2019";"19:10";"1";"14";"14716";"2";"2";"1";"3";"La Belle Épine";"49,1821540";" -0,7232260"
"201900006792";"5";"6";"2019";"18:15";"1";"5";"05046";"2";"1";"1";"7";"52 Boulevard Pasteur";"44,5654440";"6,4960000"
"201900006793";"2";"6";"2019";"17:08";"1";"5";"05164";"1";"1";"1";"3";"RD 954";"44,5229290";"6,3958190"
"201900006794";"5";"6";"2019";"06:40";"1";"5";"05017";"1";"4";"1";"4";"Quartier les Marais";"44,5687310";"6,1870780"
"201900006795";"14";"6";"2019";"17:35";"1";"5";"05059";"2";"1";"1";"1";"Berne";"44,5386690";"6,0211020"
"201900006796";"4";"6";"2019";"18:20";"1";"50";"50267";"1";"1";"1";"1";" -";"49,2284110";" -1,5341790"
"201900006797";"9";"6";"2019";"19:00";"1";"50";"50241";"1";"1";"1";"6";"rd24";"49,4558360";" -1,4416370"
"201900006798";"18";"6";"2019";"23:15";"3";"50";"50431";"1";"1";"8";"1";"D8";"49,1801690";" -1,2381110"
"201900006799";"19";"6";"2019";"17:30";"1";"90";"90042";"2";"8";"1";"1";"Bas Evette";"47,6824810";"6,8028770"
"201900006800";"2";"6";"2019";"09:05";"1";"83";"83084";"1";"1";"1";"6";"RD 13";"43,6295320";"6,0665500"
"201900006801";"16";"6";"2019";"15:00";"1";"9";"09189";"1";"1";"1";"1";"Route Nationale 20 - Pk 94+400";"42,6119240";"1,8196680"
"201900006802";"30";"5";"2019";"12:00";"1";"9";"09325";"1";"1";"1";"7";"D 613 PK 09+300";"42,7534620";"1,8387190"
"201900006803";"17";"6";"2019";"14:15";"1";"60";"60471";"2";"1";"1";"6";"42 avenue Jean jaurès";"49,5766373";"2,9922473"
"201900006804";"12";"6";"2019";"18:40";"1";"60";"60621";"1";"1";"1";"1";"RD54";"49,6986950";"2,8909990"
"201900006805";"15";"6";"2019";"18:05";"1";"60";"60156";"2";"1";"1";"3";"80 rue de la republique";"49,4414545";"2,8599389"
"201900006806";"1";"6";"2019";"20:40";"1";"60";"60537";"2";"1";"1";"6";"rue de paris";"49,5051110";"2,9157830"
"201900006807";"9";"6";"2019";"14:20";"1";"60";"60082";"1";"1";"1";"1";"d1001";"49,6860490";"2,2478260"
"201900006808";"8";"6";"2019";"19:31";"1";"60";"60122";"2";"4";"1";"6";"Rue de Songeons";"49,6191109";"1,7555984"
"201900006809";"20";"4";"2019";"18:00";"1";"60";"60286";"2";"1";"1";"6";"Rue Frédéric Petit";"49,6669870";"1,9367840"
"201900006810";"19";"6";"2019";"14:39";"1";"60";"60327";"2";"1";"1";"6";"Rue Saint-Michel";"49,3168600";"1,9726970"
"201900006811";"2";"6";"2019";"19:30";"1";"45";"45030";"2";"1";"1";"3";"15 Route d'Orléans";"48,0629190";"2,4175730"
"201900006812";"31";"5";"2019";"18:50";"1";"45";"45193";"1";"3";"1";"3";"RTE DE LA FERTE - RTE DE FARGES";"47,7491929";"1,9919506"
"201900006813";"13";"6";"2019";"16:15";"1";"64";"64420";"1";"1";"1";"1";"Route du Laus";"43,3301071";" -0,7222455"
"201900006814";"3";"6";"2019";"06:45";"1";"64";"64314";"1";"1";"1";"7";"RD933 - PK 62";"43,2261737";" -1,1092445"
"201900006815";"3";"6";"2019";"07:00";"1";"64";"64105";"2";"1";"1";"1";"départementale 123";"43,3632379";" -1,0908307"
"201900006816";"15";"6";"2019";"13:45";"1";"64";"64477";"1";"1";"1";"7";"Route de BANCA";"43,1642506";" -1,3575700"
"201900006817";"4";"6";"2019";"18:25";"1";"64";"64538";"1";"1";"1";"7";"route d'ASCARAT";"43,1656390";" -1,2497863"
"201900006818";"18";"6";"2019";"19:30";"1";"64";"64147";"2";"1";"1";"1";"Chemin ithuraldia";"43,4595160";" -1,3348140"
"201900006819";"16";"6";"2019";"19:30";"1";"64";"64256";"1";"1";"1";"3";"Rd 22 - quartier LARARTE - PK 26900";"43,3821272";" -1,2929456"
"201900006820";"9";"6";"2019";"13:15";"1";"64";"64094";"1";"1";"1";"1";"Borde Aroubers";"43,4745520";" -1,2048040"
"201900006821";"17";"6";"2019";"18:15";"1";"64";"64234";"1";"1";"1";"3";"RD 262";"43,5092138";" -0,4985025"
"201900006822";"16";"6";"2019";"17:30";"1";"64";"64339";"2";"1";"1";"7";"D 937";"43,1239734";" -0,2071070"
"201900006823";"5";"6";"2019";"18:50";"1";"64";"64524";"1";"1";"1";"7";"D943";"43,4339506";" -0,1788559"
"201900006824";"8";"6";"2019";"01:00";"3";"64";"64511";"1";"1";"1";"2";"départementale 834";"43,3981817";" -0,3730477"
"201900006825";"20";"6";"2019";"18:35";"1";"73";"73303";"2";"4";"1";"1";"rue Pasteur";"45,7468860";"6,4237460"
"201900006826";"8";"6";"2019";"20:45";"2";"73";"73241";"2";"2";"1";"1";"Allée du Parc / Rue des Colonnes";"45,6135294";"6,3183275"
"201900006827";"4";"6";"2019";"14:00";"1";"73";"73154";"2";"4";"1";"2";"D64 Route de Gemilly";"45,6664624";"6,3355604"
"201900006828";"31";"5";"2019";"08:50";"1";"73";"73124";"2";"1";"1";"6";"avenue Georges POMPIDO";"45,6552649";"6,3591436"
"201900006829";"18";"6";"2019";"17:50";"1";"73";"73151";"1";"1";"1";"7";"route de francin D2";"45,4978965";"6,0341909"
"201900006830";"18";"6";"2019";"10:00";"1";"73";"73229";"1";"1";"1";"1";"D1006";"45,4544130";"5,7711605"
"201900006831";"11";"6";"2019";"15:00";"1";"73";"73246";"1";"1";"3";"6";"D45";"45,4649256";"5,8210731"
"201900006832";"7";"6";"2019";"13:25";"1";"73";"73100";"1";"1";"1";"1";"D921e Le Cheval Blanc";"45,5311889";"5,7177732"
"201900006833";"10";"6";"2019";"06:00";"2";"73";"73300";"1";"6";"2";"6";"D1201 Route les Rives du Lac";"45,6628754";"5,8959703"
"201900006834";"2";"6";"2019";"14:55";"1";"73";"73128";"1";"1";"1";"6";"D1201 Route de l'Albanais";"45,7347448";"5,9221467"
"201900006835";"14";"6";"2019";"08:15";"1";"18";"18103";"1";"1";"1";"1";"Plaisance";"47,1078180";"1,8790100"
"201900006836";"16";"6";"2019";"19:30";"1";"18";"18095";"2";"1";"1";"6";"Grande Rue";"46,9676980";"2,8010270"
"201900006837";"6";"6";"2019";"10:15";"1";"18";"18289";"1";"2";"1";"3";"PR 041+000";"46,9517450";"2,5682970"
"201900006838";"3";"6";"2019";"13:00";"1";"18";"18180";"1";"6";"1";"2";"rd2076";"47,0194752";"2,4772198"
"201900006839";"8";"6";"2019";"17:40";"1";"18";"18016";"2";"1";"1";"7";"ruelle";"47,2150600";"2,5892400"
"201900006840";"3";"6";"2019";"15:45";"1";"43";"43051";"2";"1";"1";"6";"5 route du stade";"45,0601220";"4,2948010"
"201900006841";"16";"6";"2019";"16:30";"1";"43";"43020";"1";"2";"1";"2";"RD46";"45,3095740";"4,1129740"
"201900006842";"1";"6";"2019";"18:30";"1";"43";"43162";"1";"1";"1";"7";"Lingoustre";"45,2306100";"3,9995910"
"201900006843";"31";"5";"2019";"11:35";"1";"43";"43120";"1";"1";"1";"6";"RD5";"45,3875100";"3,2860790"
"201900006844";"1";"6";"2019";"16:25";"1";"43";"43164";"1";"1";"1";"6";"Orcignac";"45,2567700";"3,9581030"
"201900006845";"2";"6";"2019";"05:40";"2";"43";"43230";"1";"1";"1";"6";"Route de Vorey, LA PLAINE DE LA RIBEYRE";"45,1634300";"3,9306340"
"201900006846";"17";"6";"2019";"18:30";"1";"43";"43039";"1";"1";"7";"7";"Route du Stade";"44,9199000";"3,8710380"
"201900006847";"2";"6";"2019";"07:30";"1";"10";"10259";"1";"1";"1";"6";"Route de Nogent";"48,4748630";"3,4691130"
"201900006848";"1";"6";"2019";"10:55";"1";"10";"10140";"2";"4";"1";"1";"Route de Montfey";"48,0425470";"3,9051130"
"201900006849";"6";"5";"2019";"15:00";"1";"36";"36200";"1";"3";"1";"5";"Rue du Bélier";"46,5964670";"1,5260100"
"201900006850";"7";"6";"2019";"09:50";"1";"36";"36141";"1";"1";"3";"1";"RD 51";"46,5949640";"1,8602090"
"201900006851";"8";"6";"2019";"17:45";"1";"36";"36164";"1";"2";"1";"3";"L'EMBRANCHEMENT";"46,5144746";"1,9930747"
"201900006852";"16";"6";"2019";"05:30";"2";"36";"36088";"2";"1";"1";"6";"131 Avenue Charles de Gaulle";"46,9374290";"2,0054340"
"201900006853";"6";"6";"2019";"08:45";"1";"16";"16282";"1";"1";"1";"6";"Le Grand Taillis";"45,8115000";"0,3139000"
"201900006854";"15";"6";"2019";"13:38";"1";"16";"16148";"1";"1";"1";"3";"D117 - BIGNAC";"45,7908020";"0,0589010"
"201900006855";"13";"6";"2019";"17:20";"1";"16";"16216";"1";"1";"1";"6";"Rn 141";"45,6831700";" -0,0679200"
"201900006856";"13";"6";"2019";"21:17";"2";"16";"16274";"1";"2";"1";"3";"Ld Les Gouttes";"45,6994750";"0,4121910"
"201900006857";"18";"6";"2019";"10:30";"1";"7";"07269";"2";"1";"1";"6";"520 route du pont";"44,9350010";"4,3716680"
"201900006858";"7";"6";"2019";"02:35";"3";"7";"07050";"1";"1";"1";"6";"Plot des Vompdes Haut";"44,4141610";"4,1425640"
"201900006859";"4";"6";"2019";"09:30";"1";"7";"07050";"1";"1";"1";"1";"Les Bourdelles";"44,4155870";"4,1188530"
"201900006860";"2";"6";"2019";"18:45";"1";"7";"07237";"1";"1";"1";"7";"D120";"44,8287220";"4,6752210"
"201900006861";"1";"6";"2019";"17:15";"1";"53";"53246";"1";"1";"1";"6";"La Haie d'Annette";"48,4100120";" -0,1725700"
"201900006862";"10";"6";"2019";"15:13";"1";"53";"53258";"1";"1";"2";"1";"lieu dit la hersonnière";"47,8472060";" -1,0766120"
"201900006863";"12";"6";"2019";"23:00";"3";"53";"53103";"1";"1";"1";"2";"La Biochere";"48,1118500";" -0,9077760"
"201900006864";"17";"6";"2019";"15:45";"1";"21";"21525";"1";"1";"1";"2";"D906";"47,3930810";"4,1602240"
"201900006865";"22";"5";"2019";"07:10";"1";"21";"21525";"1";"2";"1";"3";"Hameau de chamont";"47,4120050";"4,1927110"
"201900006866";"18";"6";"2019";"05:40";"2";"21";"21279";"1";"1";"1";"6";"D 5";"47,7675760";"4,3589120"
"201900006867";"16";"6";"2019";"02:30";"3";"21";"21511";"1";"1";"1";"6";"RD 980";"47,7269600";"4,4593230"
"201900006868";"16";"6";"2019";"01:04";"3";"21";"21326";"1";"1";"1";"7";"D32D - PR 4+245";"47,6405450";"4,5995710"
"201900006869";"2";"6";"2019";"13:35";"1";"21";"21346";"2";"1";"1";"6";"1 Rue de l'Église";"47,8157090";"4,7920010"
"201900006870";"15";"6";"2019";"08:30";"1";"21";"21247";"1";"2";"1";"3";"D4";"47,5091760";"4,1766820"
"201900006871";"14";"6";"2019";"09:39";"1";"21";"21127";"1";"2";"1";"3";"D105";"47,4798170";"5,0834160"
"201900006872";"17";"6";"2019";"00:03";"4";"21";"21332";"2";"1";"1";"7";"18 Route de Beaune";"47,0064030";"5,0919290"
"201900006873";"13";"6";"2019";"20:30";"2";"21";"21427";"2";"1";"1";"6";"Rue derrière";"47,0617280";"4,6567290"
"201900006874";"7";"6";"2019";"07:31";"1";"21";"21461";"2";"2";"1";"6";"19 rue de la république";"46,9523260";"4,6341610"
"201900006875";"1";"6";"2019";"10:23";"1";"21";"21387";"1";"1";"1";"5";"D 973";"47,0077420";"4,9428730"
"201900006876";"1";"6";"2019";"06:50";"1";"21";"21428";"1";"1";"1";"6";"rd973";"46,9933270";"4,7764470"
"201900006877";"20";"5";"2019";"17:10";"1";"40";"40235";"1";"9";"2";"3";"626 Route de la Tuilerie";"43,7596840";" -0,8244700"
"201900006878";"3";"6";"2019";"20:00";"1";"40";"40282";"2";"6";"1";"6";"Avenue du Général de gaulle";"43,7709190";" -0,5697240"
"201900006879";"7";"6";"2019";"15:41";"1";"40";"40152";"1";"2";"1";"3";"D140";"43,9792370";" -1,0896590"
"201900006880";"14";"6";"2019";"10:41";"1";"40";"40132";"2";"9";"1";"1";"BOULEVARD DE L'OCÉAN";"43,5507422";" -0,9844780"
"201900006881";"14";"6";"2019";"17:30";"1";"40";"40224";"1";"1";"1";"1";"2480 Route de Mahoumic";"43,5747210";" -1,1167380"
"201900006882";"16";"6";"2019";"06:07";"1";"40";"40158";"1";"1";"1";"6";"CD 933 N";"44,0609610";" -0,0629190"
"201900006883";"7";"6";"2019";"17:45";"1";"40";"40265";"1";"2";"1";"3";"Route départementale 35";"43,9891360";" -0,1549030"
"201900006884";"31";"5";"2019";"17:45";"1";"40";"40081";"2";"1";"1";"1";"400 route de Marsan";"43,9880170";" -0,5302960"
"201900006885";"5";"6";"2019";"19:00";"1";"24";"24291";"2";"9";"2";"7";"Lacoste";"45,0568480";"1,1524300"
"201900006886";"20";"6";"2019";"07:45";"1";"24";"24067";"2";"3";"1";"1";"Avenue de la Libération";"44,9166000";"0,9262700"
"201900006887";"9";"6";"2019";"05:50";"2";"24";"24524";"1";"1";"2";"7";"peyrode";"44,9718200";"0,9436790"
"201900006888";"7";"6";"2019";"23:15";"3";"24";"24404";"1";"1";"1";"7";"la Faurie";"45,0319380";"0,8741450"
"201900006889";"29";"5";"2019";"07:20";"1";"24";"24353";"1";"1";"1";"7";"RD 939";"45,4883000";"0,3993500"
"201900006890";"3";"6";"2019";"16:00";"1";"24";"24451";"1";"9";"1";"6";"Les Hautes Roches";"45,5163900";"0,6492910"
"201900006891";"14";"6";"2019";"18:15";"1";"4";"04109";"1";"1";"1";"7";"RD 101 - Charmayon";"44,0746720";"5,9196170"
"201900006892";"6";"6";"2019";"17:00";"1";"4";"04065";"1";"1";"1";"7";"RD 951 - Bayard";"44,0603494";"5,8243521"
"201900006893";"2";"6";"2019";"16:10";"1";"4";"04088";"1";"3";"1";"3";"RD 4100 / VC La petite bastide";"43,9403633";"5,8203485"
"201900006894";"16";"6";"2019";"16:30";"1";"4";"04135";"1";"9";"1";"1";"RD 952";"43,8509190";"6,1745360"
"201900006895";"16";"6";"2019";"13:45";"1";"4";"04121";"2";"1";"1";"6";"RD 907 - Av Pierre Rose";"43,9946400";"6,1953180"
"201900006896";"16";"6";"2019";"15:40";"1";"4";"04108";"1";"3";"1";"2";"RN 85 / Ch de point triple";"44,0519750";"6,0230440"
"201900006897";"15";"6";"2019";"15:00";"1";"4";"04049";"2";"9";"1";"2";"RD 4096 - Av Jean Moulin";"44,0905846";"6,0089793"
"201900006898";"10";"6";"2019";"14:15";"1";"4";"04049";"2";"1";"1";"6";"Allée des érables";"44,1007460";"6,0099120"
"201900006899";"1";"6";"2019";"20:30";"1";"4";"04013";"1";"1";"1";"7";"RD 4085";"44,1309670";"5,9750110"
"201900006900";"17";"6";"2019";"16:34";"1";"4";"04094";"1";"1";"1";"1";"RD 8";"43,7513140";"5,8855220"
"201900006901";"8";"6";"2019";"20:30";"1";"4";"04113";"1";"1";"1";"2";"RD 900";"44,1143294";"6,2697188"
"201900006902";"26";"5";"2019";"04:10";"3";"85";"85234";"1";"1";"1";"6";"140 Route de Beauvoir";"46,8207200";" -2,0631200"
"201900006903";"31";"5";"2019";"19:07";"1";"85";"85277";"1";"1";"1";"7";"La Brunetière";"46,5004200";" -1,3561300"