"Num_Acc";"jour";"mois";"an";"hrmn";"lum";"dep";"com";"agg";"int";"atm";"col";"adr";"lat";"long"
"201900006904";"19";"6";"2019";"11:00";"1";"85";"85047";"2";"6";"1";"3";"Rue Carnot";"46,8510400";" -1,8896800"
"201900006905";"3";"6";"2019";"23:25";"3";"85";"85047";"1";"1";"1";"6";"Route de la Roche-Sur-Yon";"46,8309600";" -1,8126000"
"201900006906";"18";"5";"2019";"19:35";"1";"85";"85096";"1";"1";"1";"7";" Varnes";"46,9324500";" -1,8356300"
"201900006907";"9";"6";"2019";"19:15";"1";"85";"85090";"1";"1";"8";"3";"La Redonnière (La Flocellière)";"46,8253700";" -0,8587000"
"201900006908";"20";"6";"2019";"06:30";"1";"85";"85303";"1";"1";"2";"5";"D938 ter";"46,3866300";" -0,8746500"
"201900006909";"10";"6";"2019";"14:40";"1";"85";"85132";"1";"3";"1";"1";"Lieu-dit Saint-Roman";"46,3548800";" -0,8081100"
"201900006910";"2";"6";"2019";"10:40";"1";"85";"85303";"1";"1";"1";"7";"D25";"46,3759460";" -0,8803100"
"201900006911";"12";"6";"2019";"18:00";"1";"85";"85262";"2";"6";"1";"7";"D74";"46,9857500";" -1,5103600"
"201900006912";"4";"6";"2019";"10:25";"1";"85";"85008";"1";"1";"1";"6";"28 Rue du Pont Ravaud";"46,6417400";" -1,4477700"
"201900006913";"3";"6";"2019";"23:15";"3";"85";"85061";"2";"1";"1";"6";"10 Rue Napoléon";"46,5743500";" -1,2858800"
"201900006914";"1";"6";"2019";"13:50";"1";"85";"85160";"1";"1";"1";"6";"La Domangère";"46,6086900";" -1,4070400"
"201900006915";"13";"8";"2019";"15:35";"1";"26";"26072";"1";"1";"1";"6";"AUTOROUTE A7 PK 046+216";"45,1398265";"4,8919040"
"201900006916";"16";"6";"2019";"19:40";"1";"27";"27594";"1";"1";"1";"6";"le village";"49,2731480";"0,6228320"
"201900006917";"6";"6";"2019";"16:16";"1";"27";"27085";"1";"2";"1";"6";"La Cantellerie (Épreville-en-Roumois)";"49,3218290";"0,7632030"
"201900006918";"13";"8";"2019";"11:12";"1";"52";"52246";"1";"9";"1";"2";"RN 19";"47,8853900";"5,3185550"
"201900006919";"7";"6";"2019";"21:00";"3";"27";"27065";"1";"1";"2";"6";"Avenue du 46 Royal Marine";"49,3333950";"0,3502760"
"201900006920";"25";"7";"2019";"11:25";"1";"67";"67339";"2";"4";"7";"6";"13 rue du village";"48,9141600";"7,9223320"
"201900006921";"6";"6";"2019";"09:30";"1";"27";"27263";"1";"3";"1";"2";"intersection cote de beaumont et route de bérenguerie";"49,3828570";"0,5861610"
"201900006922";"4";"8";"2019";"10:40";"1";"67";"67526";"1";"3";"1";"3";"RD206 PK7";"48,4029070";"7,5662820"
"201900006923";"6";"6";"2019";"09:50";"1";"27";"27467";"2";"1";"1";"1";"Rue des Déportés";"49,3534990";"0,5206990"
"201900006924";"13";"8";"2019";"17:00";"1";"69";"69005";"2";"1";"1";"1";"Route d'Anse";"45,9296600";"4,7296750"
"201900006925";"7";"6";"2019";"11:15";"1";"27";"27059";"1";"1";"2";"5";"D14bis";"49,2974740";"1,6724800"
"201900006926";"11";"8";"2019";"18:40";"1";"81";"81140";"1";"1";"1";"6";"Enceinte Bonhoure, EN BONHOURE";"43,6637619";"1,8068258"
"201900006927";"4";"6";"2019";"21:45";"2";"27";"27246";"2";"1";"1";"6";"3 Rue du Général de Gaulle";"49,3592920";"1,3577640"
"201900006928";"9";"8";"2019";"17:20";"1";"31";"31188";"1";"1";"1";"1";"Route de Saint-Lys";"43,5678400";"1,1963110"
"201900006929";"16";"6";"2019";"03:40";"3";"27";"27398";"1";"1";"1";"6";"L'Ecoucherie";"49,0927000";"0,6491780"
"201900006930";"12";"6";"2019";"18:45";"1";"27";"27198";"2";"3";"1";"1";"rue de la gare";"48,8703260";"1,0750210"
"201900006931";"30";"6";"2019";"17:55";"1";"14";"14236";"1";"1";"1";"1";"Les Feugrais";"49,2282030";" -0,6653567"
"201900006932";"10";"8";"2019";"05:00";"3";"76";"76714";"1";"1";"1";"7";"RD 6015";"49,5540130";"0,4207430"
"201900006933";"12";"8";"2019";"12:30";"1";"80";"80561";"1";"1";"1";"1";"D935";"49,6599360";"2,5657540"
"201900006934";"12";"6";"2019";"15:05";"1";"28";"28352";"1";"1";"1";"5";"D4";"48,6248460";"1,6401960"
"201900006935";"3";"6";"2019";"08:30";"1";"28";"28227";"2";"6";"2";"2";"Avenue du Général de Gaulle";"48,5862670";"1,5870990"
"201900006936";"14";"6";"2019";"17:10";"1";"28";"28116";"1";"1";"1";"7";"RD 23";"48,4383330";"1,2357720"
"201900006937";"15";"6";"2019";"12:05";"1";"17";"17293";"1";"2";"1";"3";"Croisement RD208/RD208E1";"46,1413325";" -0,8055732"
"201900006938";"17";"6";"2019";"11:15";"1";"17";"17403";"1";"1";"1";"1";"le seuil";"45,4142410";" -0,4500180"
"201900006939";"2";"6";"2019";"11:30";"1";"17";"17192";"1";"9";"1";"7";"Rue des Alambics";"45,5635240";" -0,4123350"
"201900006940";"20";"6";"2019";"07:25";"1";"17";"17322";"1";"2";"1";"3";"RD 114";"46,2525790";" -0,8351470"
"201900006941";"13";"8";"2019";"00:20";"5";"59";"59249";"2";"4";"8";"6";"Rue du Maire Coppeaux";"50,0214479";"4,0621047"
"201900006942";"12";"6";"2019";"14:30";"1";"23";"23151";"1";"1";"1";"6";"D 4 - Angly";"46,0830850";"2,2941310"
"201900006943";"29";"7";"2019";"14:44";"1";"13";"13212";"1";"1";"1";"5";"A507 sens Marseille - Aubagne";"43,3103465";"5,4246980"
"201900006944";"18";"6";"2019";"15:55";"1";"87";"87036";"1";"1";"1";"6";"Negrelat";"45,7317380";"0,9494190"
"201900006945";"18";"6";"2019";"13:00";"1";"87";"87037";"1";"1";"1";"6";"Vimpère";"45,6619190";"0,8670420"
"201900006946";"9";"6";"2019";"19:30";"1";"13";"13202";"1";"1";"1";"3";"TVPCM-Sens Saint Victor vers Les Ports";"43,2909770";"5,3654491"
"201900006947";"5";"6";"2019";"08:50";"1";"87";"87060";"1";"1";"2";"1";"LA GARNAUDIE";"45,6357820";"0,9448270"
"201900006948";"2";"8";"2019";"14:15";"1";"69";"69081";"1";"1";"1";"3";"A6   449.510 A 451.640";"45,7753400";"4,7835400"
"201900006949";"15";"6";"2019";"17:55";"1";"87";"87131";"1";"1";"1";"6";"Chaumeix";"45,8779690";"0,8388470"
"201900006950";"8";"8";"2019";"18:05";"1";"69";"69259";"1";"1";"1";"2";"RD383   11.0044 A 11.460";"45,7260700";"4,8935700"
"201900006951";"9";"8";"2019";"21:35";"3";"59";"59386";"1";"1";"1";"6";"ROUTE DEPARTEMENTALE 652";"50,6830920";"3,0650240"
"201900006952";"16";"6";"2019";"10:50";"1";"87";"87154";"1";"1";"1";"3";"D941";"45,8849300";"0,8264120"
"201900006953";"11";"8";"2019";"05:20";"2";"59";"59560";"1";"1";"1";"4";"AUTOROUTE A1";"50,5447000";"3,0553800"
"201900006954";"22";"7";"2019";"06:45";"1";"62";"62393";"1";"1";"1";"2";"AUTOROUTE A16";"50,9334469";"1,9977612"
"201900006955";"10";"8";"2019";"04:17";"4";"94";"94065";"1";"1";"1";"6";"AUTOROUTE A106";"48,7558700";"2,3500100"
"201900006956";"11";"8";"2019";"13:00";"1";"974";"97416";"1";"9";"1";"1";"RIFOSTA (CHEMIN)";" -21,3434000";"55,4867000"
"201900006957";"10";"8";"2019";"12:40";"1";"973";"97302";"2";"1";"1";"3";"MANGO (ROUTE)";"4,9321446";" -52,3180533"
"201900006958";"11";"8";"2019";"22:50";"5";"69";"69199";"2";"2";"2";"3";"CARNOT                              (R )";"45,7080000";"4,8598200"
"201900006959";"11";"8";"2019";"03:55";"5";"69";"69259";"2";"1";"1";"6";"FRANCIS DE PRESSENSE                (AV)";"45,7148800";"4,8721600"
"201900006960";"10";"8";"2019";"17:45";"1";"95";"95063";"2";"2";"1";"1";"AV GABRIEL PERI";"48,9342207";"2,2091651"
"201900006961";"11";"8";"2019";"21:25";"2";"91";"91589";"2";"2";"1";"3";"PERI (AVENUE GABRIEL)";"48,6888900";"2,3562300"
"201900006962";"11";"8";"2019";"05:50";"5";"69";"69266";"2";"2";"1";"3";"POIZAT      (Rue)";"45,7582000";"4,8933000"
"201900006963";"11";"8";"2019";"16:30";"1";"64";"64483";"2";"1";"1";"2";"ITHURRALDE ANDRE (AVENUE)";"43,3957366";" -1,6471918"
"201900006964";"11";"8";"2019";"05:35";"5";"60";"60684";"1";"1";"1";"7";"RD 200_NORD";"49,2841500";"2,4871700"
"201900006965";"11";"8";"2019";"22:20";"5";"59";"59512";"2";"2";"1";"3";"DELORME (RUE PHILIBERT)";"50,6748300";"3,1788200"
"201900006966";"11";"8";"2019";"12:15";"1";"51";"51454";"2";"1";"1";"2";"RUE ALBERT THOMAS";"49,2396972";"4,0452639"
"201900006967";"11";"8";"2019";"01:00";"5";"44";"44162";"2";"1";"1";"3";"AVENUE DE LA BRANCHOIRE";"47,2179700";" -1,6104700"
"201900006968";"11";"8";"2019";"09:55";"1";"33";"33119";"2";"1";"2";"6";"AVE CARNOT";"44,8633200";" -0,5298200"
"201900006969";"11";"8";"2019";"15:00";"1";"27";"27351";"2";"1";"1";"1";"FRINGALE (RUE DE LA)";"49,2329200";"1,1701100"
"201900006970";"9";"8";"2019";"09:37";"1";"14";"14333";"2";"1";"2";"3";"BOURDET (RUE)";"49,4149800";"0,2322300"
"201900006971";"19";"7";"2019";"22:30";"5";"13";"13210";"2";"1";"1";"6";"RABATAU (BOULEVARD)";"43,2807600";"5,3995400"
"201900006972";"11";"8";"2019";"16:00";"1";"13";"13207";"2";"2";"1";"3";"PAPETY (RUE)";"43,2907500";"5,3574300"
"201900006973";"11";"8";"2019";"10:45";"1";"13";"13208";"2";"1";"1";"6";"PRADO (AVENUE DU)";"43,2818000";"5,3865000"
"201900006974";"11";"8";"2019";"10:00";"1";"13";"13205";"2";"1";"1";"4";"JEAN MOULIN (BOULEVARD)";"43,2885500";"5,4003800"
"201900006975";"10";"8";"2019";"12:00";"1";"13";"13063";"1";"1";"1";"3";"CALAMEAU CHEMIN DE";"43,5866600";"4,9851700"
"201900006976";"10";"8";"2019";"09:30";"1";"13";"13028";"2";"1";"1";"6";"FRANCE (BOULEVARD ANATOLE)";"43,1737500";"5,6103900"
"201900006977";"11";"8";"2019";"16:10";"1";"13";"13001";"1";"1";"1";"1";"BERRE (ROUTE DE)";"43,5371100";"5,3854200"
"201900006978";"9";"8";"2019";"09:50";"1";"12";"12089";"2";"1";"7";"6";"RAMADIER PAUL (AVENUE)";"44,5554400";"2,2581700"
"201900006979";"11";"8";"2019";"02:55";"3";"7";"07072";"1";"1";"1";"6";"CHASSAGNE (HAUT)";"44,7477700";"4,6088720"
"201900006980";"11";"8";"2019";"18:50";"1";"6";"06159";"1";"3";"1";"3";"BELLAVISTA (AVENUE)";"43,7099103";"7,3180558"
"201900006981";"11";"8";"2019";"05:30";"5";"6";"06083";"2";"6";"1";"3";"SOSPEL (AVENUE DE, N° 1 A 55)";"43,7764480";"7,4941120"
"201900006982";"11";"8";"2019";"18:45";"1";"75";"75120";"2";"7";"1";"2";"AVENUE GAMBETTA";"48,8650270";"2,3985980"
"201900006983";"11";"8";"2019";"16:15";"1";"75";"75119";"2";"1";"1";"3";"RUE REBEVAL";"48,8741190";"2,3762940"
"201900006984";"11";"8";"2019";"19:00";"1";"75";"75114";"2";"7";"1";"3";"BOULEVARD BRUNE";"48,8276717";"2,3051295"
"201900006985";"11";"8";"2019";"02:44";"5";"75";"75113";"2";"5";"1";"6";"BOULEVARD DE L HOPITAL";"48,8364540";"2,3591890"
"201900006986";"11";"8";"2019";"19:51";"1";"75";"75107";"2";"2";"1";"6";"AVENUE OCTAVE GREARD";"48,8566822";"2,2935514"
"201900006987";"11";"8";"2019";"22:50";"5";"75";"75101";"2";"1";"1";"1";"ALLEE ANDRE BRETON";"48,8623180";"2,3455450"
"201900006988";"11";"8";"2019";"01:05";"5";"93";"93053";"2";"3";"1";"3";"JEANNE D'ARC (PLACE)";"48,8901250";"2,4528360"
"201900006989";"11";"8";"2019";"04:46";"5";"93";"93051";"2";"6";"1";"6";"NEUILLY (PORTE)";"48,8433190";"2,5436740"
"201900006990";"11";"8";"2019";"16:40";"1";"93";"93046";"2";"3";"1";"5";"CONSUL GENERAL NORDLING AVENUE";"48,9100000";"2,5300000"
"201900006991";"12";"8";"2019";"15:36";"1";"65";"65049";"1";"1";"1";"3";"RD 5 lieu dit Bonneau";"43,4874056";"0,0870860"
"201900006992";"9";"8";"2019";"14:00";"1";"62";"62760";"1";"1";"1";"6";"Route Nationale";"50,6104730";"2,1064180"
"201900006993";"12";"8";"2019";"04:55";"3";"74";"74109";"1";"1";"5";"6";"A40";"46,0799981";"5,8427424"
"201900006994";"10";"8";"2019";"19:47";"2";"68";"68315";"1";"1";"1";"6";"RD431";"47,8641840";"7,1279070"
"201900006995";"10";"8";"2019";"17:10";"1";"33";"33552";"1";"1";"1";"6";"Départementale D214";"44,6494000";" -0,4257600"
"201900006996";"9";"8";"2019";"12:00";"1";"34";"34111";"2";"3";"1";"2";"avenue de nimes";"43,9382070";"3,7136620"
"201900006997";"12";"8";"2019";"13:00";"1";"22";"22354";"1";"1";"1";"6";"Route nationale 12, sens BREST-RENNES, PR99+150";"48,5697280";" -3,2746640"
"201900006998";"11";"8";"2019";"12:05";"1";"17";"17297";"1";"1";"3";"1";"pont ile de Ré";"46,1659240";" -1,2528950"
"201900006999";"12";"8";"2019";"08:40";"1";"1";"01160";"2";"9";"1";"7";"rue du Jura";"46,2580560";"6,1136230"
"201900007000";"11";"8";"2019";"15:30";"1";"44";"44197";"1";"3";"1";"3";"Le Haut Queneux";"47,7388420";" -1,5311031"
"201900007001";"12";"8";"2019";"00:10";"3";"41";"41255";"1";"1";"1";"6";"La Ronce";"47,7484040";"0,7726280"
"201900007002";"10";"8";"2019";"06:35";"3";"37";"37179";"1";"1";"1";"6";"A10 sens TOURS/PARIS à l'échangeur A10/A28";"47,4481500";"0,7424370"
"201900007003";"10";"8";"2019";"16:55";"1";"74";"74267";"2";"3";"7";"3";"1080 Route d'Albertville (Sévrier)";"45,8743815";"6,1414966"
"201900007004";"12";"8";"2019";"14:05";"1";"2B";"2B305";"2";"9";"1";"2";"Pietranera";"42,7201870";"9,4543710"
"201900007005";"11";"8";"2019";"14:55";"1";"80";"80585";"1";"1";"1";"7";"D930C";"49,7711030";"2,9386360"
"201900007006";"10";"8";"2019";"14:50";"1";"71";"71368";"1";"1";"1";"6";"Les Pelletiers";"47,0505450";"4,2945310"
"201900007007";"12";"8";"2019";"10:30";"1";"63";"63186";"2";"1";"1";"6";"Laschamps";"45,8839220";"2,6834390"
"201900007008";"11";"8";"2019";"16:35";"1";"68";"68041";"2";"1";"1";"7";"rue de l'étang";"47,8875030";"7,5471910"
"201900007009";"11";"8";"2019";"07:00";"1";"35";"35034";"2";"3";"1";"6";"Rue de la croi x bouessée";"48,5123712";" -1,6605537"
"201900007010";"10";"8";"2019";"11:30";"1";"31";"31470";"2";"1";"1";"6";"Village";"42,8066660";"0,5484170"
"201900007011";"11";"8";"2019";"22:00";"5";"2";"02318";"2";"1";"1";"7";"Rue Bernard Lefèvre";"49,5498090";"3,2856550"
"201900007012";"11";"8";"2019";"22:50";"3";"26";"26314";"1";"1";"1";"1";"Route de Tersanne";"45,2214290";"4,9928050"
"201900007013";"8";"8";"2019";"18:20";"1";"54";"54073";"1";"1";"1";"7";"D904";"48,6384180";"5,9056810"
"201900007014";"12";"8";"2019";"17:30";"1";"14";"14726";"1";"1";"1";"1";"LE COTENTIN (Chênedollé)";"48,8519200";" -0,6767000"
"201900007015";"10";"8";"2019";"19:10";"1";"14";"14522";"1";"1";"1";"7";"La Forge";"49,0791170";"0,2482020"
"201900007016";"11";"8";"2019";"14:49";"1";"73";"73096";"1";"1";"1";"1";"RD 11";"45,5411899";"6,0838412"
"201900007017";"10";"8";"2019";"18:10";"1";"43";"43152";"1";"6";"7";"3";"RN 102 - Le Collet";"45,0694500";"3,8589570"
"201900007018";"11";"8";"2019";"18:30";"1";"7";"07132";"1";"1";"1";"3";"volpilliare";"44,5315450";"4,3113920"
"201900007019";"10";"8";"2019";"15:50";"1";"21";"21472";"1";"1";"1";"6";"D27";"47,5668080";"5,2108190"
"201900007020";"11";"8";"2019";"16:10";"1";"40";"40282";"2";"6";"1";"3";"Rue du Castallet";"43,7536080";" -0,5707110"
"201900007021";"11";"8";"2019";"10:25";"1";"4";"04132";"1";"3";"1";"1";"RD 51 / RD 401";"44,0102750";"5,6163640"
"201900007022";"11";"8";"2019";"18:10";"1";"17";"17464";"1";"1";"1";"6";"RD 115";"46,0720410";" -0,5032050"
"201900007023";"12";"8";"2019";"08:45";"1";"17";"17084";"2";"2";"1";"3";"1 Route de Saint-Genis";"45,5110980";" -0,6367150"
"201900007024";"12";"8";"2019";"17:30";"1";"30";"30027";"1";"3";"1";"3";"Route de Lézan";"44,0623900";"4,0674740"
"201900007025";"12";"8";"2019";"05:30";"3";"48";"48103";"1";"1";"2";"7";"Route départementale 1";"44,5511180";"3,3431890"
"201900007026";"11";"8";"2019";"18:00";"1";"48";"48051";"2";"1";"1";"3";"RN 106 PR:006+500";"44,2451400";"3,9228710"
"201900007027";"12";"8";"2019";"16:40";"1";"67";"67212";"1";"1";"1";"7";"RD221";"48,5516930";"7,6515250"
"201900007028";"11";"8";"2019";"23:40";"3";"69";"69086";"1";"9";"2";"7";"A 89, bretelle de sortie N°36";"45,8460900";"4,6749950"
"201900007029";"11";"8";"2019";"23:29";"3";"69";"69050";"1";"1";"2";"6";"A89 pk 532.800";"45,8631200";"4,6361300"
"201900007030";"11";"8";"2019";"17:30";"1";"31";"31220";"1";"1";"1";"6";"A 66 - PK 16.400";"43,3209395";"1,6399401"
"201900007031";"11";"8";"2019";"16:05";"1";"38";"38005";"1";"1";"1";"7";"D526";"45,2081000";"6,0448700"
"201900007032";"9";"8";"2019";"23:40";"5";"971";"97103";"2";"1";"1";"1";"rue Firmin Raghoumandan";"16,2496080";" -61,5918550"
"201900007033";"12";"8";"2019";"07:00";"1";"60";"60024";"1";"1";"1";"2";"A1 Pk 67.800 sens Lille Paris";"49,4084690";"2,6937390"
"201900007034";"12";"8";"2019";"13:00";"1";"973";"97311";"2";"2";"1";"3";"avenue christophe colomb";"5,4930554";" -54,0314054"
"201900007035";"9";"8";"2019";"17:45";"1";"2A";"2A215";"1";"3";"1";"3";"RT40";"41,5023320";"9,0300980"
"201900007036";"10";"8";"2019";"18:00";"1";"5";"05134";"2";"4";"7";"3";"D38";"44,6508540";"6,5796360"
"201900007037";"8";"8";"2019";"12:10";"1";"4";"04226";"1";"1";"1";"6";"RD 902 Gorges du Bachelard";"44,3323640";"6,6139150"
"201900007038";"11";"8";"2019";"18:15";"1";"67";"67404";"1";"1";"3";"7";"RD243";"48,8979820";"7,9472760"
"201900007039";"10";"8";"2019";"19:20";"1";"88";"88090";"2";"2";"1";"6";"9 Rue des Olivettes";"48,3715810";"6,2916790"
"201900007040";"12";"8";"2019";"07:50";"1";"57";"57669";"2";"1";"1";"1";"D30";"49,1358110";"6,8809560"
"201900007041";"12";"8";"2019";"08:05";"1";"42";"42168";"1";"1";"2";"7";"RD62";"45,4408620";"4,6431090"
"201900007042";"9";"8";"2019";"23:49";"3";"1";"01160";"2";"1";"1";"7";"4 chemin du levant";"46,2591320";"6,1159832"
"201900007043";"12";"8";"2019";"10:10";"1";"17";"17283";"1";"1";"1";"2";"RD 732";"45,5766810";" -0,5304990"
"201900007044";"11";"8";"2019";"12:30";"1";"85";"85106";"1";"1";"1";"2";"D38";"46,9700100";" -2,2262400"
"201900007045";"11";"8";"2019";"17:00";"1";"44";"44176";"2";"3";"1";"1";"Rue Laennec";"47,3529810";" -2,1836760"
"201900007046";"10";"8";"2019";"14:00";"1";"22";"22143";"2";"1";"1";"7";"Lotissement la Vallée des Lys";"48,6010585";" -2,2856938"
"201900007047";"10";"8";"2019";"18:45";"1";"76";"76287";"1";"4";"1";"2";"Route de Montville";"49,5609240";"1,0321490"
"201900007048";"11";"8";"2019";"19:00";"1";"60";"60342";"1";"1";"1";"6";"D1016";"49,3112830";"2,4491850"
"201900007049";"10";"8";"2019";"06:15";"2";"59";"59524";"2";"1";"1";"7";"267 Rue de la Commune de Paris";"50,5685010";"2,8940490"
"201900007050";"10";"8";"2019";"20:00";"1";"13";"13033";"1";"1";"1";"6";"A55-Sens Marseille vers Martigues";"43,3893300";"5,1394300"
"201900007051";"11";"8";"2019";"05:15";"3";"13";"13070";"1";"1";"1";"2";"A50-Sens Aubagne vers Marseille";"43,2859861";"5,5689751"
"201900007052";"10";"8";"2019";"04:05";"3";"13";"13071";"1";"1";"1";"2";"A7-Sens Lyon vers Marseille";"43,4034500";"5,3102600"
"201900007053";"9";"8";"2019";"02:30";"3";"13";"13211";"1";"1";"1";"2";"A50-Sens Marseille vers Aubagne";"43,2886553";"5,4437310"
"201900007054";"30";"6";"2019";"18:00";"1";"69";"69199";"1";"1";"1";"3";"A7   7.000 A 8.630";"45,6836000";"4,8472400"
"201900007055";"11";"8";"2019";"04:00";"3";"33";"33080";"1";"1";"2";"6";"AUTOROUTE A 62";"44,7559000";" -0,5447100"
"201900007056";"11";"8";"2019";"06:57";"2";"91";"91161";"1";"1";"1";"6";"AUTOROUTE A6";"48,7057600";"2,3062000"
"201900007057";"8";"8";"2019";"17:10";"1";"93";"93063";"1";"1";"1";"3";"AUTOROUTE A3";"48,8762600";"2,4419900"
"201900007058";"9";"8";"2019";"16:05";"1";"77";"77175";"1";"9";"3";"6";"RN104";"48,6654200";"2,6129300"
"201900007059";"8";"8";"2019";"10:00";"1";"91";"91479";"2";"2";"1";"6";"MAURICE MOSER (RUE)";"48,7154700";"2,3630100"
"201900007060";"18";"6";"2019";"11:08";"1";"72";"72003";"2";"1";"1";"6";"19 MARS 1962 (AV)";"47,9561900";"0,1657100"
"201900007061";"18";"6";"2019";"07:40";"1";"72";"72181";"2";"1";"1";"3";"PADERBORN (AV) N° IMP 5 ET plus";"48,0097200";"0,2013400"
"201900007062";"6";"8";"2019";"16:45";"1";"71";"71153";"2";"1";"1";"2";"MARECHAL LECLERC (RUE)";"46,8067400";"4,4280800"
"201900007063";"7";"8";"2019";"11:45";"1";"69";"69264";"2";"1";"2";"6";"FERRY JULES  R";"45,9794000";"4,7347900"
"201900007064";"5";"8";"2019";"12:15";"1";"59";"59378";"2";"2";"1";"3";"MARNE AVENUE DE LA";"50,6794000";"3,1141600"
"201900007065";"10";"8";"2019";"14:50";"1";"50";"50218";"2";"1";"1";"3";"ROBINET (RUE)";"48,8341200";" -1,5791950"
"201900007066";"7";"8";"2019";"17:39";"1";"45";"45208";"2";"2";"1";"3";" FB DE LA CHAUSSEE - R DE L'EUROPE";"47,9980000";"2,7400000"
"201900007067";"6";"8";"2019";"18:10";"1";"45";"45338";"2";"3";"1";"3";"R TOURATIER - R DE LA GRIMBONNERIE";"47,9919800";"2,7071100"
"201900007068";"7";"8";"2019";"21:10";"3";"14";"14536";"2";"7";"1";"3";"QUATRE FRANCS (CARREFOUR DES)";"49,4092800";"0,2515900"
"201900007069";"8";"8";"2019";"20:50";"2";"13";"13204";"2";"1";"1";"6";"LIBERATION (BOULEVARD)";"43,3023600";"5,3955900"
"201900007070";"7";"8";"2019";"09:30";"1";"13";"13204";"2";"1";"1";"6";"CHUTES LAVI (AVENUE)";"43,3106000";"5,4007400"
"201900007071";"7";"8";"2019";"07:15";"1";"13";"13206";"2";"2";"1";"3";"ROME (PLACE DE)";"43,2911000";"5,3805000"
"201900007072";"8";"8";"2019";"09:45";"1";"94";"94080";"2";"9";"1";"3";"NOGENT (AV DE)";"48,8446000";"2,4395000"
"201900007073";"7";"8";"2019";"21:55";"5";"94";"94080";"2";"3";"1";"7";"MINIMES (AV DES)";"48,8412000";"2,4323000"
"201900007074";"1";"6";"2019";"16:50";"1";"93";"93062";"2";"1";"1";"3";"NORD (BOULEVARD DU)";"48,9020237";"2,5158655"
"201900007075";"31";"5";"2019";"10:58";"1";"93";"93077";"2";"2";"1";"3";"DE GAULLE (BOULEVARD DU GENERAL)";"48,8849400";"2,5195200"
"201900007076";"5";"8";"2019";"22:30";"5";"92";"92035";"2";"2";"1";"3";"Verdun 1916 ( avenue de )";"48,9055270";"2,2351260"
"201900007077";"8";"8";"2019";"16:50";"1";"92";"92025";"2";"1";"1";"3";"PAUL BERT (RUE)";"48,9283500";"2,2467610"
"201900007078";"8";"8";"2019";"10:30";"1";"13";"13023";"1";"1";"1";"7";"A50";"43,2085500";"5,6290600"
"201900007079";"6";"8";"2019";"14:00";"1";"95";"95241";"1";"1";"2";"7";"RN 104";"49,0457300";"2,4427800"
"201900007080";"8";"8";"2019";"16:50";"1";"988";"98818";"2";"3";"1";"3";"DALY (RUE ARNOLD)";" -22,2712800";"166,4746500"
"201900007081";"10";"8";"2019";"09:14";"1";"976";"97611";"2";"1";"1";"3";"cavani-Rond point du Stade";" -12,7844600";"45,2209800"
"201900007082";"7";"8";"2019";"16:30";"1";"976";"97611";"2";"1";"1";"6";"cavani-Selemani ( rue )";" -12,7870700";"45,2178900"
"201900007083";"7";"8";"2019";"11:30";"1";"976";"97611";"2";"1";"1";"6";"m'tsapere-Mosquée Maevantana (ruelle )";" -12,7891200";"45,2188000"
"201900007084";"7";"8";"2019";"13:30";"1";"976";"97611";"2";"3";"1";"3";"kaweni-SPPM ( rue de la )";" -12,7708100";"45,2221900"
"201900007085";"9";"8";"2019";"22:45";"5";"974";"97416";"2";"1";"1";"2";"ARCHAMBAUD (RUE)";" -21,3297900";"55,4800600"
"201900007086";"9";"8";"2019";"12:35";"1";"974";"97416";"1";"9";"1";"5";"RN 01";" -21,3434000";"55,4867000"
"201900007087";"7";"8";"2019";"09:30";"1";"974";"97416";"1";"1";"1";"7";"D28 LIGNE DES BAMBOUS";" -21,3022300";"55,4935900"
"201900007088";"9";"8";"2019";"07:17";"1";"974";"97411";"1";"1";"1";"1";"MONTAGNE (ROUTE DE LA)";" -20,8857800";"55,4388500"
"201900007089";"7";"8";"2019";"14:45";"1";"974";"97411";"1";"1";"1";"3";"LITTORAL (ROUTE 1 DU)";" -20,8818000";"55,3957000"
"201900007090";"7";"8";"2019";"13:50";"1";"974";"97411";"2";"9";"1";"6";"LECONTE DE LISLE (AVENUE)";" -20,8890000";"55,4770000"
"201900007091";"7";"8";"2019";"11:32";"1";"974";"97411";"2";"1";"1";"3";"HOARAU (VALLON)";" -20,8862160";"55,4762830"
"201900007092";"8";"8";"2019";"16:40";"1";"974";"97407";"2";"1";"1";"6";"ARAGON LOUIS(AVENUE)";" -20,9451400";"55,3001600"
"201900007093";"10";"8";"2019";"20:40";"5";"973";"97302";"2";"1";"1";"6";"MANDELA  (BOULEVARD)";"4,9416151";" -52,3270655"
"201900007094";"9";"8";"2019";"13:10";"1";"973";"97302";"2";"1";"1";"3";"FELIX EBOUE(ROCADE)";"4,9281041";" -52,3177528"
"201900007095";"9";"8";"2019";"12:40";"1";"973";"97302";"1";"1";"1";"3";"ROUTE NATIONALE 1";"4,9132780";" -52,3285085"
"201900007096";"8";"8";"2019";"13:15";"1";"973";"97302";"2";"1";"1";"3";"CATAYEE (JUSTIN)";"4,9271000";" -52,3246500"