"Num_Acc";"jour";"mois";"an";"hrmn";"lum";"dep";"com";"agg";"int";"atm";"col";"adr";"lat";"long"
"201900007097";"9";"8";"2019";"11:00";"1";"973";"97302";"2";"9";"1";"3";"MANDELA  (BOULEVARD)";"4,9404232";" -52,3267543"
"201900007098";"7";"8";"2019";"14:20";"1";"973";"97302";"1";"9";"1";"3";"ROUTE NATIONALE 3";"4,9017013";" -52,3120612"
"201900007099";"10";"8";"2019";"12:48";"1";"69";"69387";"2";"1";"1";"3";"DEBOURG                             (AV)";"45,7316200";"4,8269400"
"201900007100";"9";"8";"2019";"11:40";"1";"69";"69387";"2";"1";"1";"6";"BERTHELOT                           (AV)";"45,7420930";"4,8514100"
"201900007101";"9";"8";"2019";"11:25";"1";"69";"69387";"2";"3";"1";"3";"YVES FARGES                         (BD)";"45,7403400";"4,8317600"
"201900007102";"8";"8";"2019";"07:35";"1";"69";"69387";"2";"3";"1";"6";"GERLAND (DE)                        (R )";"45,7396700";"4,8404200"
"201900007103";"7";"8";"2019";"12:20";"1";"69";"69259";"2";"4";"2";"2";"FRANCIS DE PRESSENSE                (AV)";"45,7119700";"4,8747700"
"201900007104";"9";"8";"2019";"13:40";"1";"972";"97213";"1";"1";"1";"2";"AUTOROUTE A1";"14,6160000";" -61,0130000"
"201900007105";"8";"8";"2019";"19:14";"3";"972";"97213";"2";"1";"1";"5";"ROUTE NATIONALE 5";"15,0000000";"16,0000000"
"201900007106";"10";"8";"2019";"20:45";"2";"69";"69385";"2";"1";"1";"7";"CHEMIN NEUF (DU)                    (MO)";"45,7599000";"4,8244000"
"201900007107";"10";"8";"2019";"10:35";"1";"69";"69081";"2";"3";"1";"3";"FRANKLIN ROOSEVELT        AV";"45,7662600";"4,7692000"
"201900007108";"10";"8";"2019";"06:10";"2";"69";"69382";"2";"1";"3";"6";"JULES COURMONT                      (QU)";"45,7574700";"4,8370200"
"201900007109";"10";"8";"2019";"04:50";"5";"69";"69382";"2";"1";"3";"2";"DOCTEUR GAILLETON (DU)              (QU)";"45,7505400";"4,8321800"
"201900007110";"9";"8";"2019";"22:50";"5";"69";"69382";"2";"1";"2";"6";"DOCTEUR GAILLETON (DU)              (QU)";"45,7465300";"4,8286900"
"201900007111";"8";"8";"2019";"17:10";"1";"69";"69382";"2";"2";"1";"3";"VERDUN PERRACHE                     (VO)";"45,7484300";"4,8286800"
"201900007112";"8";"8";"2019";"18:40";"1";"69";"69286";"2";"2";"7";"3";"VICTOR HUGO                         (AV)";"45,8199600";"4,8870600"
"201900007113";"8";"8";"2019";"10:30";"1";"69";"69149";"2";"2";"1";"3";"FLEURY                              (R )";"45,7143700";"4,8097000"
"201900007114";"7";"8";"2019";"15:00";"1";"69";"69382";"2";"1";"8";"7";"RAMBAUD                             (QU)";"45,7494000";"4,8211000"
"201900007115";"7";"8";"2019";"12:00";"1";"69";"69389";"2";"2";"1";"3";"MAURICE BEJART                    (R)";"45,7884000";"4,7932000"
"201900007116";"9";"8";"2019";"21:10";"5";"971";"97113";"1";"9";"1";"7";"Morne Salines";"16,2110400";" -61,4414500"
"201900007117";"7";"8";"2019";"21:00";"5";"971";"97113";"2";"1";"1";"3";"BAS DU FORT";"16,2156300";" -61,5196000"
"201900007118";"24";"11";"2019";"17:00";"5";"83";"83070";"2";"1";"1";"7";"Quai Baptistin Pins";"43,1374230";"6,3742640"
"201900007119";"26";"11";"2019";"16:10";"1";"62";"62406";"1";"1";"2";"6";"D36";"50,1909580";"2,7941500"
"201900007120";"26";"11";"2019";"11:55";"1";"61";"61497";"1";"1";"3";"7";"A28";"48,4755740";"0,1235260"
"201900007121";"25";"11";"2019";"19:30";"3";"40";"40156";"1";"1";"1";"1";"Route du Muret";"44,3262970";" -0,8735060"
"201900007122";"4";"11";"2019";"07:15";"4";"19";"19010";"2";"1";"3";"6";"Avenue Henri IV";"45,0932161";"1,9388257"
"201900007123";"5";"11";"2019";"10:20";"1";"2A";"2A209";"1";"1";"3";"5";"T20";"42,0143310";"8,8882080"
"201900007124";"24";"11";"2019";"12:35";"1";"80";"80462";"2";"2";"1";"3";"26 Rue de la Libération";"50,1889690";"1,8266490"
"201900007125";"25";"11";"2019";"11:30";"1";"11";"11206";"2";"9";"1";"6";"Avenue Fabre d'Eglantine";"43,0518390";"2,2166100"
"201900007126";"26";"11";"2019";"16:34";"1";"71";"71073";"2";"4";"1";"3";"15 Avenue du General Leclerc";"46,9124740";"4,7531550"
"201900007127";"26";"11";"2019";"07:30";"2";"89";"89464";"1";"1";"2";"1";"13 Faubourg de l'Esperance";"48,0785290";"3,3001450"
"201900007128";"25";"11";"2019";"10:40";"1";"12";"12208";"1";"3";"1";"3";"D3";"43,9899230";"2,9352670"
"201900007129";"25";"11";"2019";"19:15";"3";"68";"68037";"1";"1";"5";"6";"Moulin de Biltzheim";"47,9688810";"7,3362570"
"201900007130";"25";"11";"2019";"09:57";"1";"22";"22004";"2";"6";"2";"6";"2 Rue de Gra Vur";"48,6262280";" -3,3015760"
"201900007131";"25";"11";"2019";"21:30";"3";"44";"44128";"1";"1";"8";"6";"D164";"47,5119230";" -1,8813700"
"201900007132";"16";"11";"2019";"01:20";"3";"29";"29171";"1";"1";"1";"1";"Lestrigiou";"47,8293301";" -4,3045892"
"201900007133";"24";"11";"2019";"23:00";"3";"2";"02124";"2";"1";"1";"7";"Rue des Ponts";"49,7504640";"3,3758580"
"201900007134";"25";"11";"2019";"14:00";"1";"2";"02290";"2";"2";"1";"3";"27 Aulnois";"49,0150450";"3,3756910"
"201900007135";"26";"11";"2019";"12:30";"1";"2";"02215";"1";"9";"2";"1";"18 Rue de Juvincourt";"49,4567150";"3,8489630"
"201900007136";"24";"11";"2019";"16:15";"1";"3";"03092";"1";"1";"7";"7";"l'érain - Le Bois Granger";"46,4381490";"3,1641767"
"201900007137";"25";"11";"2019";"11:00";"1";"1";"01199";"1";"1";"1";"6";"D12";"46,0308420";"5,4346630"
"201900007138";"26";"11";"2019";"16:00";"1";"70";"70176";"1";"9";"1";"6";"route des Crêtes";"47,8965840";"6,6600920"
"201900007139";"25";"11";"2019";"06:55";"1";"64";"64415";"1";"1";"9";"7";"184 Route de Bordeaux";"43,4298313";" -0,3344450"
"201900007140";"26";"11";"2019";"14:05";"1";"7";"07346";"1";"1";"1";"1";"Quartier Saint Alban";"44,4954490";"4,6461010"
"201900007141";"24";"11";"2019";"17:45";"3";"30";"30123";"1";"2";"1";"3";"N113";"43,6944960";"4,1680450"
"201900007142";"7";"11";"2019";"13:10";"1";"33";"33555";"2";"6";"1";"3";"Avenue de la Côte d'Argent";"44,6904400";" -0,8586900"
"201900007143";"25";"11";"2019";"18:00";"3";"51";"51324";"1";"1";"1";"4";"RN 4";"48,7271679";"3,8646255"
"201900007144";"24";"11";"2019";"19:20";"5";"987";"98733";"2";"1";"1";"1";"RT1 PK 19.100";" -17,6899310";" -149,5483490"
"201900007145";"26";"11";"2019";"15:05";"1";"974";"97402";"2";"1";"1";"3";"RN 2002";" -21,0001170";"55,6867040"
"201900007146";"25";"11";"2019";"19:30";"2";"974";"97408";"2";"9";"1";"1";"Avenue Raymond Verges";" -20,9333640";"55,3327960"
"201900007147";"26";"11";"2019";"08:45";"1";"45";"45210";"1";"2";"1";"1";"D 317 PR2 + 298";"47,8885134";"2,8485374"
"201900007148";"23";"11";"2019";"13:00";"1";"83";"83133";"1";"1";"3";"7";"L'Adrech de l'Olivier";"43,5876530";"6,8852200"
"201900007149";"24";"11";"2019";"11:15";"1";"13";"13074";"1";"1";"3";"6";"D96";"43,6450610";"5,5625080"
"201900007150";"26";"11";"2019";"06:35";"3";"71";"71235";"1";"4";"1";"1";"Route de Mâcon";"46,3339600";"4,7966120"
"201900007151";"25";"11";"2019";"18:15";"5";"67";"67130";"2";"9";"8";"6";"1 Route de Krafft";"48,4290760";"7,6622750"
"201900007152";"22";"11";"2019";"18:30";"2";"3";"03298";"2";"2";"1";"3";"26 rue Antoine Fayard";"46,3120431";"3,4041700"
"201900007153";"25";"11";"2019";"16:30";"1";"73";"73081";"1";"1";"1";"1";"RD911";"45,6758485";"6,1448266"
"201900007154";"25";"11";"2019";"15:50";"1";"26";"26235";"2";"3";"1";"3";"Av Mal Leclerc de Hauteclocque";"44,3790900";"4,7020420"
"201900007155";"26";"11";"2019";"07:35";"2";"69";"69204";"2";"3";"1";"1";"108 Avenue Georges Clémenceau";"45,6980000";"4,7946000"
"201900007156";"26";"11";"2019";"16:40";"1";"81";"81140";"2";"1";"7";"2";"249 Avenue de Cocagne";"43,7055490";"1,8007970"
"201900007157";"25";"11";"2019";"21:30";"3";"17";"17099";"1";"1";"1";"6";"route de corignac";"45,2571860";" -0,3741800"
"201900007158";"25";"11";"2019";"15:40";"1";"16";"16320";"1";"1";"8";"1";"N/A";"45,7485250";"0,0400830"
"201900007159";"25";"11";"2019";"18:15";"5";"33";"33273";"2";"3";"8";"3";"20 Avenue de Nauplie";"44,8450440";" -0,7949300"
"201900007160";"21";"11";"2019";"16:30";"1";"85";"85009";"1";"3";"2";"2";"D115";"46,4161200";" -0,8638800"
"201900007161";"26";"11";"2019";"17:45";"3";"76";"76289";"1";"1";"1";"1";"Rue de Caudebec";"49,5632520";"0,8259350"
"201900007162";"26";"11";"2019";"01:59";"3";"60";"60446";"1";"1";"2";"7";"N2 pk 08.000   sens paris soissons";"49,1313627";"2,7957221"
"201900007163";"25";"11";"2019";"09:35";"1";"13";"13071";"1";"1";"1";"2";"A7-Sens Lyon vers Marseille";"43,4069200";"5,3317800"
"201900007164";"25";"11";"2019";"10:00";"1";"13";"13117";"2";"1";"1";"4";"A7-Sens Lyon vers Marseille";"43,4447050";"5,2438670"
"201900007165";"24";"11";"2019";"23:45";"3";"13";"13210";"1";"1";"8";"6";"S10CD-Sens Aubagne vers Marseille";"43,2829462";"5,3934208"
"201900007166";"14";"11";"2019";"02:20";"3";"59";"59343";"1";"1";"1";"5";"AUTOROUTE A22";"50,6000000";"3,1100000"
"201900007167";"25";"11";"2019";"18:25";"5";"94";"94021";"1";"1";"2";"3";"AUTOROUTE A6A";"48,7626800";"2,3410900"
"201900007168";"25";"11";"2019";"07:49";"2";"91";"91692";"1";"1";"8";"2";"RN 118";"48,6843400";"2,1895310"
"201900007169";"25";"11";"2019";"06:57";"4";"94";"94065";"1";"1";"1";"2";"AUTOROUTE A106";"48,7532400";"2,3529400"
"201900007170";"23";"11";"2019";"19:15";"3";"93";"93066";"1";"1";"1";"3";"AUTOROUTE A1";"48,9087800";"2,3584100"
"201900007171";"23";"11";"2019";"14:40";"1";"93";"93027";"1";"1";"2";"6";"BDL";"48,9265300";"2,4031000"
"201900007172";"25";"11";"2019";"17:50";"3";"93";"93051";"1";"1";"1";"4";"A4";"48,8352100";"2,5701100"
"201900007173";"25";"11";"2019";"14:25";"1";"77";"77294";"1";"1";"1";"6";"A104";"48,9705100";"2,5708700"
"201900007174";"25";"11";"2019";"07:00";"3";"77";"77175";"1";"1";"8";"6";"RN104";"48,6680000";"2,6122000"
"201900007175";"24";"11";"2019";"09:15";"1";"94";"94052";"1";"1";"1";"2";"A4";"48,8265643";"2,4666023"
"201900007176";"24";"11";"2019";"04:50";"5";"94";"94018";"1";"9";"8";"4";"A4";"48,8250900";"2,3931000"
"201900007177";"23";"11";"2019";"12:40";"1";"974";"97409";"2";"9";"1";"2";"CAMBUSTON (rue de)";" -20,9325400";"55,6478700"
"201900007178";"24";"11";"2019";"21:30";"5";"69";"69383";"2";"3";"1";"3";"PINEL                               (BD)";"45,7521000";"4,8960000"
"201900007179";"25";"11";"2019";"00:00";"5";"972";"97213";"2";"9";"2";"6";"ROUTE DEPARTEMENTALE 14";"14,6175400";" -61,0211600"
"201900007180";"24";"11";"2019";"05:30";"5";"69";"69081";"2";"6";"2";"7";"BON PASTEUR (DU)                  AV";"45,7868000";"4,7769700"
"201900007181";"24";"11";"2019";"15:40";"1";"2A";"2A004";"2";"1";"1";"6";"VAZZIO HAUTS DU HLM";"41,9349880";"8,7877044"
"201900007182";"24";"11";"2019";"03:50";"3";"91";"91692";"1";"6";"5";"6";"CD35";"48,6755600";"2,1922900"
"201900007183";"24";"11";"2019";"15:25";"1";"91";"91027";"2";"1";"1";"2";"DUNANT (AVENUE HENRI)";"48,7104500";"2,3872000"
"201900007184";"22";"11";"2019";"16:34";"1";"91";"91425";"2";"1";"1";"4";"NATIONALE 20 (ROUTE)";"48,6431230";"2,2693880"
"201900007185";"24";"11";"2019";"06:40";"5";"78";"78551";"2";"2";"1";"3";"BERLIOZ (BD HECTOR)";"48,8938100";"2,0671200"
"201900007186";"24";"11";"2019";"14:40";"1";"77";"77292";"2";"2";"1";"3";"D404 X D139-MOULIGNON (RUE DE)";"48,9670993";"2,6988566"
"201900007187";"24";"11";"2019";"05:30";"5";"77";"77276";"2";"1";"1";"2";"JEAN SERVA (RUE)";"48,9388900";"2,8792900"
"201900007188";"25";"10";"2019";"11:00";"1";"68";"68066";"2";"2";"1";"6";"FRIBOURG (AVENUE DE)";"48,0695050";"7,3604640"
"201900007189";"24";"11";"2019";"20:00";"5";"64";"64102";"2";"1";"8";"7";"ARITXAGUE (ROUTE D')";"43,4731713";" -1,4898258"
"201900007190";"23";"11";"2019";"22:11";"5";"60";"60414";"2";"1";"1";"6";"REPUBLIQUE (RUE DE LA)";"49,2573804";"2,4293035"
"201900007191";"24";"11";"2019";"08:30";"2";"59";"59279";"2";"2";"5";"3";"LINSELLES (ROUTE DE)";"50,7796722";"3,1172258"
"201900007192";"24";"11";"2019";"03:35";"5";"51";"51454";"2";"1";"1";"7";"BOULEVARD DE LA PAIX";"49,2524677";"4,0414888"
"201900007193";"24";"11";"2019";"05:00";"5";"51";"51108";"2";"6";"1";"7";"PLACE MONSEIGNEUR TISSIER";"48,9575934";"4,3642155"
"201900007194";"23";"11";"2019";"18:50";"5";"44";"44162";"2";"1";"1";"3";"RUE DU MOULIN DE LA ROUSSELIERE";"47,2298000";" -1,6394000"
"201900007195";"24";"11";"2019";"17:16";"2";"37";"37261";"2";"1";"1";"6";"HUGO (RUE VICTOR)";"47,3854888";"0,6697764"
"201900007196";"24";"11";"2019";"18:35";"2";"35";"35238";"2";"1";"1";"2";"CUCILLE (AVENUE DE)";"48,1284500";" -1,6998200"
"201900007197";"23";"11";"2019";"23:00";"5";"33";"33063";"2";"9";"1";"6";"BRANDENBURG (BD ALBERT)";"44,8760800";" -0,5517500"
"201900007198";"23";"11";"2019";"16:45";"1";"13";"13215";"2";"6";"2";"2";"SAINT ANTOINE (AVENUE DE)";"43,3671910";"5,3565890"
"201900007199";"22";"11";"2019";"20:35";"5";"4";"04112";"2";"1";"3";"6";"Bd Charles De Gaulle";"43,8297500";"5,7876700"
"201900007200";"24";"11";"2019";"19:05";"5";"75";"75119";"2";"1";"1";"3";"BD PERIPHERIQUE EXTERIEUR";"48,8944880";"2,3950400"
"201900007201";"24";"11";"2019";"18:35";"5";"75";"75119";"2";"4";"1";"6";"SENTE DES DOREES";"48,8870250";"2,3937880"
"201900007202";"24";"11";"2019";"11:40";"1";"75";"75118";"2";"4";"1";"6";"RUE DU POTEAU";"48,8972230";"2,3379758"
"201900007203";"24";"11";"2019";"15:40";"1";"75";"75117";"2";"1";"1";"6";"RUE ANDRE BRECHET";"48,8989100";"2,3252740"
"201900007204";"24";"11";"2019";"21:40";"5";"75";"75116";"2";"1";"1";"2";"AVENUE DE NEW YORK";"48,8625580";"2,2939040"
"201900007205";"24";"11";"2019";"14:45";"1";"75";"75116";"2";"1";"1";"2";"ROUTE DE LA SEINE A LA BUTTE MORTEMART";"48,8517710";"2,2329500"
"201900007206";"24";"11";"2019";"01:50";"4";"75";"75112";"2";"1";"1";"6";"BOULEVARD PONIATOWSKI";"48,8320930";"2,3983090"
"201900007207";"24";"11";"2019";"18:15";"3";"75";"75111";"2";"1";"1";"6";"BOULEVARD VOLTAIRE";"48,8612390";"2,3743680"
"201900007208";"24";"11";"2019";"17:45";"2";"75";"75107";"2";"3";"1";"7";"RUE DE BELGRADE";"48,8554000";"2,3013700"
"201900007209";"24";"11";"2019";"18:05";"5";"75";"75107";"2";"2";"1";"3";"QUAI BRANLY";"48,8589683";"2,2933789"
"201900007210";"23";"11";"2019";"22:45";"5";"75";"75107";"2";"4";"1";"6";"BOULEVARD SAINT GERMAIN";"48,8569620";"2,3245940"
"201900007211";"23";"11";"2019";"09:50";"1";"75";"75107";"2";"4";"2";"3";"BOULEVARD RASPAIL";"48,8547145";"2,3259926"
"201900007212";"24";"11";"2019";"17:10";"2";"75";"75103";"2";"1";"1";"6";"PLACE DE LA REPUBLIQUE";"48,8667181";"2,3644606"
"201900007213";"23";"11";"2019";"21:15";"5";"75";"75102";"2";"3";"1";"3";"RUE DE CLERY";"48,8689464";"2,3494693"
"201900007214";"24";"11";"2019";"14:30";"1";"93";"93049";"2";"2";"1";"3";"COMMANDANT RAYNAL (RUE)";"48,8570590";"2,5014850"
"201900007215";"24";"11";"2019";"17:10";"1";"93";"93074";"2";"1";"1";"1";"MEAUX RUE DE";"48,9367255";"2,5846886"
"201900007216";"24";"11";"2019";"00:55";"5";"92";"92026";"2";"2";"1";"3";"VERDUN (DE 62 A FIN)";"48,9004100";"2,2607700"
"201900007217";"22";"11";"2019";"18:10";"5";"92";"92025";"2";"1";"2";"2";"PRÉSIDENT PAUL DOUMER (QUAI DU)";"48,9225780";"2,2633445"
"201900007218";"24";"11";"2019";"18:45";"3";"52";"52183";"1";"1";"1";"6";"D1";"48,2088800";"5,3741950"
"201900007219";"25";"11";"2019";"08:41";"1";"71";"71576";"1";"1";"1";"2";"A6, PK360+700 sens Paris Lyon";"46,5392431";"4,9193430"
"201900007220";"24";"11";"2019";"15:47";"1";"11";"11353";"1";"2";"1";"3";"chemin du vignoble";"43,2599330";"2,9152610"
"201900007221";"25";"11";"2019";"06:05";"3";"12";"12291";"1";"1";"1";"2";"A75";"44,1916170";"3,0595710"
"201900007222";"23";"11";"2019";"00:20";"5";"77";"77182";"1";"3";"2";"1";"D934 X VC";"48,7840504";"3,2848994"
"201900007223";"24";"11";"2019";"19:00";"3";"56";"56081";"1";"1";"3";"6";"D782";"48,0359760";" -3,6513750"
"201900007224";"24";"11";"2019";"22:20";"3";"79";"79171";"1";"6";"2";"6";"Giratoire de la Croix d'Ingand";"46,9988220";" -0,2848400"
"201900007225";"25";"11";"2019";"05:45";"3";"80";"80765";"1";"1";"1";"1";"D29";"50,0305740";"1,6845710"
"201900007226";"23";"11";"2019";"17:50";"2";"80";"80588";"1";"1";"1";"3";"D925";"50,1161720";"1,8917990"
"201900007227";"23";"11";"2019";"13:40";"1";"65";"65375";"2";"2";"3";"2";"5 Rue des Bourdalats";"43,3852440";"0,1517060"
"201900007228";"24";"11";"2019";"17:25";"2";"11";"11217";"1";"1";"1";"1";"D607";"43,2323940";"2,9259540"
"201900007229";"24";"11";"2019";"00:40";"3";"63";"63385";"1";"1";"8";"1";"route départementale 579";"45,8004620";"2,8425160"
"201900007230";"24";"11";"2019";"16:30";"1";"49";"49069";"1";"1";"8";"7";"D153";"47,2917650";" -1,2553630"
"201900007231";"22";"11";"2019";"11:58";"1";"25";"25240";"2";"3";"1";"1";"24 Rue du Tantillon";"47,0841060";"6,6299710"
"201900007232";"23";"11";"2019";"19:00";"5";"31";"31442";"1";"6";"3";"3";"carrefour RD 622 rd 12";"43,3426000";"1,4307170"
"201900007233";"23";"11";"2019";"09:07";"1";"38";"38002";"1";"1";"1";"7";"D280";"45,2663700";"5,9795600"
"201900007234";"25";"11";"2019";"05:15";"3";"2";"02018";"1";"1";"1";"7";"La Plaine Louiset";"49,4961440";"3,4378760"
"201900007235";"25";"11";"2019";"16:36";"1";"1";"01243";"1";"1";"1";"1";"Route Departementale 933";"46,0430340";"4,7602030"
"201900007236";"24";"11";"2019";"17:55";"3";"1";"01170";"1";"1";"2";"3";"132 Rue de Béard";"46,1826770";"5,5481630"
"201900007237";"25";"11";"2019";"14:10";"1";"45";"45045";"1";"2";"2";"3";"D144 - D30";"48,0881408";"2,2709969"
"201900007238";"22";"11";"2019";"17:10";"3";"36";"36129";"1";"1";"1";"2";"RD943";"46,6697100";"1,9184710"
"201900007239";"25";"11";"2019";"09:30";"1";"16";"16137";"1";"1";"2";"1";"N/A";"45,6049860";"0,4851590"
"201900007240";"24";"11";"2019";"19:50";"5";"17";"17322";"1";"1";"8";"1";"RD 206";"46,2715950";" -0,8298880"
"201900007241";"24";"11";"2019";"17:00";"2";"87";"87205";"1";"1";"2";"1";"D704";"45,7263750";"1,2581950"
"201900007242";"24";"11";"2019";"13:20";"1";"8";"08338";"1";"1";"1";"7";"D43";"49,4130160";"4,4932290"
"201900007243";"24";"11";"2019";"17:10";"3";"49";"49110";"1";"1";"8";"6";"A85";"47,5397560";" -0,3369243"
"201900007244";"28";"10";"2019";"07:25";"2";"38";"38495";"1";"9";"1";"6";"La Sône";"45,1240180";"5,2849520"
"201900007245";"23";"11";"2019";"17:20";"5";"42";"42279";"2";"6";"2";"1";"Avenue Mellet-mandard";"45,5033120";"4,2600080"
"201900007246";"24";"11";"2019";"16:45";"2";"74";"74159";"1";"1";"1";"3";"Route des Cologes";"45,9881890";"6,6318110"
"201900007247";"24";"10";"2019";"09:10";"1";"974";"97402";"1";"1";"1";"2";"N2";" -20,9863540";"55,6582080"
"201900007248";"23";"11";"2019";"02:30";"3";"971";"97118";"1";"1";"1";"6";"Route de Tourment Cesarion";"16,2058950";" -61,6043150"
"201900007249";"24";"11";"2019";"19:40";"3";"978";"97801";"2";"1";"1";"6";"Rue Lady Fish - Sandy Ground";"18,0621110";" -63,0936960"
"201900007250";"25";"11";"2019";"05:35";"5";"77";"77088";"2";"1";"1";"2";"D152-50 Avenue de Fontainebleau";"48,3209741";"2,5768902"
"201900007251";"25";"11";"2019";"11:45";"1";"95";"95170";"1";"1";"1";"1";"D28 PK/PR 1+450";"49,0394020";"1,9427820"
"201900007252";"24";"11";"2019";"21:30";"3";"95";"95535";"1";"1";"1";"3";"D28";"49,0658750";"1,9612580"
"201900007253";"4";"11";"2019";"18:00";"5";"91";"91207";"2";"1";"2";"6";"29 Grande Rue";"48,5806990";"2,2254610"
"201900007254";"25";"11";"2019";"09:30";"1";"78";"78068";"1";"3";"2";"3";"D52";"49,0356530";"1,4811680"
"201900007255";"24";"11";"2019";"19:35";"3";"34";"34294";"1";"1";"1";"5";"D34";"43,7126450";"4,1142190"
"201900007256";"25";"11";"2019";"14:50";"1";"89";"89480";"1";"1";"1";"5";"A5";"48,3610376";"3,1589802"
"201900007257";"25";"11";"2019";"17:30";"5";"88";"88483";"2";"1";"1";"3";"3 Rue des Forges";"48,1895900";"6,3706970"
"201900007258";"25";"11";"2019";"09:50";"1";"57";"57515";"2";"1";"1";"6";"71 Rue Foch";"49,0282720";"6,0514620"
"201900007259";"23";"11";"2019";"01:20";"3";"74";"74128";"1";"1";"1";"6";"Route des Vallées";"46,1517180";"6,3320250"
"201900007260";"14";"9";"2019";"20:12";"3";"73";"73089";"1";"1";"1";"7";"D204  Route du Grand Arc";"45,5340474";"6,1604312"
"201900007261";"25";"11";"2019";"10:00";"1";"73";"73213";"2";"1";"1";"6";"D9A Avenue Louis Armand";"45,5665446";"5,9700311"
"201900007262";"25";"11";"2019";"16:00";"1";"42";"42304";"2";"5";"1";"6";"226 Rue Duché";"45,5417550";"4,1859580"
"201900007263";"22";"11";"2019";"17:27";"2";"38";"38565";"1";"1";"1";"3";"D3";"45,2808650";"5,6242200"
"201900007264";"22";"11";"2019";"21:15";"5";"1";"01376";"2";"2";"1";"3";"9 Avenue des Ecoles";"45,8306090";"4,9763580"
"201900007265";"25";"11";"2019";"06:35";"3";"69";"69283";"1";"1";"1";"1";"Route de Valencin";"45,6462570";"4,9598300"
"201900007266";"25";"11";"2019";"18:00";"1";"9";"09107";"1";"1";"1";"1";"D12";"43,0348910";"1,7957440"
"201900007267";"21";"11";"2019";"17:45";"3";"86";"86115";"2";"1";"2";"6";"31 Avenue des Acacias";"46,7136230";"0,3867330"
"201900007268";"24";"11";"2019";"08:45";"1";"33";"33312";"1";"1";"2";"6";"Avenue de Labarde ex RD209 sens de circulation sud-nord";"44,9530890";" -0,5529330"
"201900007269";"23";"11";"2019";"12:35";"1";"50";"50294";"2";"1";"1";"3";"Le Haut de Tabarin";"49,5946600";" -1,6573350"
"201900007270";"25";"11";"2019";"00:00";"3";"50";"50411";"1";"1";"3";"7";"2 La Duree";"48,7242930";" -1,3071500"
"201900007271";"24";"11";"2019";"07:00";"3";"13";"13203";"1";"1";"2";"6";"A7-Sens Lyon vers Marseille";"43,3173310";"5,3771320"
"201900007272";"24";"11";"2019";"09:25";"1";"13";"13055";"1";"1";"2";"1";"A507 sens Aubagne- Marseille";"43,3248690";"5,4223800"
"201900007273";"23";"11";"2019";"10:50";"1";"13";"13081";"1";"1";"2";"7";"A7-Sens Marseille vers Lyon";"43,4929900";"5,2399550"
"201900007274";"24";"11";"2019";"01:56";"3";"91";"91161";"1";"1";"5";"5";"AUTOROUTE A6";"48,6956000";"2,3180700"
"201900007275";"24";"11";"2019";"16:05";"1";"92";"92036";"1";"1";"1";"2";"A86";"48,9360815";"2,2888092"
"201900007276";"24";"11";"2019";"08:05";"1";"78";"78545";"1";"1";"1";"6";"A12 Y";"48,8091110";"2,0544640"
"201900007277";"23";"11";"2019";"23:40";"5";"92";"92062";"2";"1";"1";"2";"GENERAL DE GAULLE (AVENUE)";"48,8890952";"2,2370940"
"201900007278";"24";"11";"2019";"19:30";"3";"93";"93064";"1";"1";"1";"2";"AUTOROUTE A86";"48,8791700";"2,4763600"
"201900007279";"24";"11";"2019";"05:25";"2";"988";"98818";"2";"2";"1";"3";"RUE G.CLEMENCEAU/REPUBLIQUE";" -22,2687343";"166,4414603"
"201900007280";"23";"11";"2019";"06:00";"2";"976";"97611";"2";"1";"1";"3";"doujani-Mosquée doujani ( rue )";" -12,7946300";"45,2164800"
"201900007281";"23";"11";"2019";"19:25";"1";"976";"97611";"2";"1";"1";"6";"m'tsapere-Pont (ruelle du )";" -12,7898900";"45,2204900"
"201900007282";"23";"11";"2019";"19:30";"5";"976";"97611";"2";"1";"8";"6";"doujani-Mosquée doujani ( rue )";" -12,7941600";"45,2149300"
"201900007283";"23";"11";"2019";"15:15";"1";"69";"69389";"2";"1";"2";"2";"PAUL SEDAILLIAN                     (QU)";"45,7970700";"4,8286100"
"201900007284";"22";"11";"2019";"17:15";"5";"2B";"2B120";"2";"1";"1";"4";"TOUTES RUES";"42,6586300";"9,4418300"
"201900007285";"23";"11";"2019";"17:50";"5";"91";"91421";"2";"9";"2";"3";"GENERAL LECLERC (RUE DU)";"48,7050600";"2,4613400"
"201900007286";"23";"11";"2019";"13:25";"1";"77";"77083";"2";"3";"1";"3";"TOUR (ALLEE DE LA)";"48,8481900";"2,5838900"
"201900007287";"23";"11";"2019";"14:55";"1";"71";"71306";"2";"1";"1";"2";"ROBESPIERRE (RUE)";"46,6656800";"4,3695300"