"Num_Acc";"jour";"mois";"an";"hrmn";"lum";"dep";"com";"agg";"int";"atm";"col";"adr";"lat";"long"
"201900007288";"22";"11";"2019";"14:40";"1";"71";"71076";"2";"1";"1";"1";"KENNEDY (AVENUE JOHN FITZGERALD)";"46,7965000";"4,8627000"
"201900007289";"22";"11";"2019";"15:30";"1";"69";"69275";"2";"6";"7";"6";"JEAN JAURES                         (AV)";"45,7710300";"4,9605300"
"201900007290";"21";"11";"2019";"18:57";"5";"68";"68066";"2";"1";"1";"3";"ROME (AVENUE DE)";"48,0753300";"7,3269900"
"201900007291";"23";"11";"2019";"15:30";"1";"64";"64445";"2";"3";"2";"5";"LOUP DU";"43,3064667";" -0,3566611"
"201900007292";"6";"7";"2019";"12:25";"1";"62";"62193";"2";"2";"1";"3";"DES JUSTES (BOULEVARD)";"50,9441500";"1,8982700"
"201900007293";"7";"7";"2019";"01:20";"5";"51";"51055";"2";"3";"1";"3";"CHEMIN DES BOUCHERS";"49,2710300";"4,0517900"
"201900007294";"6";"7";"2019";"06:10";"1";"50";"50502";"2";"1";"1";"7";"STRASBOURG (bld)";"49,0989800";" -1,0857400"
"201900007295";"8";"7";"2019";"00:45";"5";"45";"45147";"2";"3";"1";"6";"RUE MARCELIN BERTHELOT";"47,9198342";"1,9178317"
"201900007296";"7";"7";"2019";"11:35";"1";"45";"45147";"1";"1";"1";"7";"RN 60 ??????";"47,9338400";"1,9157700"
"201900007297";"26";"6";"2019";"02:12";"5";"45";"45338";"2";"9";"1";"7";"R DE LA LIBERATION";"47,9904800";"2,7081500"
"201900007298";"6";"7";"2019";"11:21";"1";"37";"37214";"2";"3";"1";"1";"CROIX CHIDAINE (RUE DE LA)";"47,4092861";"0,6451301"
"201900007299";"4";"7";"2019";"20:35";"1";"34";"34172";"2";"1";"1";"3";"LAVERUNE (ROUTE DE";"43,6033100";"3,8562900"
"201900007300";"7";"7";"2019";"13:31";"1";"17";"17300";"2";"1";"1";"1";"MIRABEAU   RUE";"46,1509900";" -1,1209300"
"201900007301";"7";"7";"2019";"17:00";"1";"13";"13207";"2";"1";"1";"6";"Corniche John Fitzgérald Kennedy";"43,2883565";"5,3530481"
"201900007302";"7";"7";"2019";"13:00";"1";"13";"13209";"2";"1";"1";"3";"CASSIS (ANCIEN CHEMIN DE)";"43,2597500";"5,4174800"
"201900007303";"7";"7";"2019";"12:00";"1";"13";"13212";"2";"4";"1";"1";"LA FOURRAGERE (AVENUE)";"43,2994390";"5,4302690"
"201900007304";"6";"7";"2019";"17:15";"1";"13";"13212";"2";"1";"1";"6";"ROUGEMONT (BOULEVARD)";"43,3082400";"5,4403600"
"201900007305";"7";"7";"2019";"18:15";"1";"13";"13070";"2";"9";"1";"6";"RESTANQUES (CHEMIN DES)";"43,2817700";"5,5062500"
"201900007306";"7";"7";"2019";"04:11";"5";"6";"06088";"2";"2";"1";"3";"CASSIN (BD RENE)";"43,6733800";"7,2254700"
"201900007307";"7";"7";"2019";"20:00";"1";"6";"06069";"2";"1";"1";"7";"ROTHSCHILD (BOULEVARD ALICE DE)";"43,6674900";"6,9347700"
"201900007308";"7";"7";"2019";"04:16";"5";"6";"06029";"2";"1";"1";"3";"LORRAINE (BOULEVARD DE)";"43,5529800";"7,0280900"
"201900007309";"7";"7";"2019";"16:35";"1";"75";"75112";"2";"1";"1";"3";"PORTE DE CHARENTON";"48,8296400";"2,4010760"
"201900007310";"6";"7";"2019";"18:20";"1";"75";"75117";"2";"1";"1";"3";"BOULEVARD PERIPHERIQUE";"48,8845780";"2,2863010"
"201900007311";"6";"7";"2019";"22:45";"5";"75";"75105";"2";"1";"1";"2";"RUE DU CARDINAL LEMOINE";"48,8469200";"2,3520830"
"201900007312";"7";"7";"2019";"20:18";"1";"75";"75120";"2";"1";"1";"6";"RUE DES PYRENEES";"48,8540380";"2,4057030"
"201900007313";"7";"7";"2019";"01:05";"5";"75";"75120";"2";"2";"1";"3";"AVENUE LEON GAUMONT";"48,8493270";"2,4162210"
"201900007314";"7";"7";"2019";"16:39";"1";"75";"75119";"2";"1";"1";"6";"RUE MANIN";"48,8830590";"2,3860850"
"201900007315";"6";"7";"2019";"21:25";"2";"75";"75118";"2";"1";"1";"6";"RUE BELLIARD";"48,8979330";"2,3519980"
"201900007316";"7";"7";"2019";"09:15";"1";"75";"75116";"2";"3";"1";"6";"AVENUE DE VERSAILLES";"48,8417410";"2,2669060"
"201900007317";"7";"7";"2019";"18:35";"1";"75";"75112";"2";"1";"1";"4";"ROUTE DE LA FALUERE";"48,8322970";"2,4417300"
"201900007318";"7";"7";"2019";"15:40";"1";"75";"75111";"2";"1";"1";"6";"BOULEVARD DE CHARONNE";"48,8532160";"2,3967820"
"201900007319";"7";"7";"2019";"19:55";"1";"75";"75107";"2";"2";"1";"3";"QUAI D ORSAY";"48,8625740";"2,3103960"
"201900007320";"7";"7";"2019";"02:50";"5";"75";"75104";"2";"2";"1";"6";"QUAI DE L HOTEL DE VILLE";"48,8559980";"2,3508890"
"201900007321";"7";"7";"2019";"20:45";"1";"75";"75104";"2";"2";"1";"6";"BOULEVARD MORLAND";"48,8474660";"2,3655320"
"201900007322";"6";"7";"2019";"07:00";"1";"94";"94068";"2";"1";"1";"5";"FOCH (AV)";"48,8017600";"2,4900000"
"201900007323";"7";"7";"2019";"04:15";"5";"94";"94070";"2";"1";"1";"6";"MANDRES (RTE DE)";"48,7196600";"2,5658900"
"201900007324";"7";"7";"2019";"20:05";"1";"93";"93072";"2";"1";"1";"3";"BOIS MOUSSAY (AVENUE DU)";"48,9558000";"2,3686000"
"201900007325";"7";"7";"2019";"14:45";"1";"93";"93079";"2";"1";"1";"3";"EDOUARD VAILLANT";"48,9629000";"2,3467700"
"201900007326";"7";"7";"2019";"21:30";"2";"93";"93029";"2";"3";"1";"3";"ANATOLE FRANCE";"48,9280000";"2,4519000"
"201900007327";"7";"7";"2019";"11:50";"1";"93";"93027";"2";"3";"1";"3";"17 octobre 1961";"48,9270200";"2,3793600"
"201900007328";"7";"7";"2019";"17:30";"1";"93";"93047";"2";"3";"1";"3";"JEAN JAURES (AVENUE)";"48,8982800";"2,5549000"
"201900007329";"7";"7";"2019";"16:30";"1";"93";"93010";"2";"1";"1";"1";"GUESDES (RUE JULES)";"48,9040210";"2,4746530"
"201900007330";"7";"7";"2019";"11:25";"1";"93";"93057";"2";"1";"1";"2";"HUGO (AV. VICTOR)";"48,9094500";"2,5151700"
"201900007331";"6";"7";"2019";"23:50";"5";"92";"92036";"2";"1";"1";"7";"BAS (RUE DES) (64 AU 76)";"48,9132757";"2,2974613"
"201900007332";"6";"7";"2019";"15:50";"1";"92";"92036";"2";"6";"1";"2";"MARCEL PAUL (AVENUE) (1/103)";"48,9369288";"2,3039439"
"201900007333";"5";"7";"2019";"19:00";"1";"92";"92036";"2";"1";"1";"3";"GRESILLONS (AVENUE DES) (141/215)";"48,9178500";"2,3084200"
"201900007334";"5";"7";"2019";"14:40";"1";"92";"92036";"2";"3";"1";"2";"ARGENTEUIL (AVENUE D')";"48,9391700";"2,2561900"
"201900007335";"6";"7";"2019";"20:10";"1";"2A";"2A249";"2";"1";"1";"6";"rue du collège";"41,6743040";"8,9006650"
"201900007336";"8";"7";"2019";"09:30";"1";"95";"95205";"1";"1";"1";"3";"RD 316";"49,0254640";"2,3870590"
"201900007337";"6";"7";"2019";"04:00";"3";"17";"17214";"1";"1";"1";"7";"N150";"45,7042580";" -0,7782650"
"201900007338";"6";"7";"2019";"15:30";"1";"95";"95487";"2";"1";"7";"6";"Avenue Jacques Vogt";"49,1559100";"2,2665050"
"201900007339";"26";"6";"2019";"01:04";"5";"31";"31044";"2";"1";"1";"6";"13 Rue Pierre Latecoère";"43,6095680";"1,4978470"
"201900007340";"8";"7";"2019";"06:50";"1";"28";"28211";"1";"1";"1";"3";"Rue du Clos des Abbés";"48,1474330";"1,2652560"
"201900007341";"8";"7";"2019";"01:15";"3";"67";"67115";"1";"1";"1";"7";"RD 81";"48,2975210";"7,4730050"
"201900007342";"6";"7";"2019";"08:30";"1";"27";"27507";"1";"2";"1";"1";"D 32";"48,9106970";"1,2535600"
"201900007343";"8";"7";"2019";"19:55";"1";"23";"23154";"1";"1";"1";"1";"RD4";"46,1619700";"2,0443630"
"201900007344";"8";"7";"2019";"14:15";"1";"64";"64410";"2";"9";"8";"6";"Avenue Henri IV";"43,3716215";" -0,6309174"
"201900007345";"7";"7";"2019";"19:40";"2";"12";"12057";"1";"2";"1";"3";"Lieu-dit La Pendarie";"44,1931400";"2,5275480"
"201900007346";"8";"7";"2019";"07:00";"1";"54";"54138";"1";"1";"1";"1";"D618";"49,5119980";"5,7226900"
"201900007347";"8";"7";"2019";"00:57";"3";"22";"22246";"1";"1";"1";"7";"RN 12 PR 45+500";"48,4769631";" -2,6127773"
"201900007348";"8";"7";"2019";"01:15";"3";"87";"87201";"1";"1";"1";"7";"RN 141 PK 46 SENS SAINT JUNIEN LIMOGES";"45,8653600";"1,1268740"
"201900007349";"8";"7";"2019";"07:10";"1";"974";"97410";"1";"1";"1";"5";"RN 2";" -21,0249960";"55,7019820"
"201900007350";"7";"7";"2019";"11:29";"1";"34";"34259";"1";"1";"1";"6";"Autoroute A 750 Pk 11+600";"43,6326770";"3,7465080"
"201900007351";"7";"7";"2019";"20:10";"1";"74";"74156";"1";"1";"1";"3";"Route de Thonon";"46,2883240";"6,4215200"
"201900007352";"2";"7";"2019";"11:30";"1";"83";"83116";"2";"6";"1";"6";"chemin d'aix";"43,4554850";"5,8497310"
"201900007353";"2";"7";"2019";"12:20";"1";"19";"19213";"1";"3";"1";"5";"Les Fontbelles";"45,3814970";"1,6696640"
"201900007354";"7";"7";"2019";"20:20";"1";"74";"74208";"2";"3";"1";"6";"rue Salavador Allende";"45,9272581";"6,7196964"
"201900007355";"7";"7";"2019";"15:20";"1";"74";"74303";"1";"1";"1";"7";"2275 Route d'Aviernoz";"45,9625960";"6,2151720"
"201900007356";"8";"7";"2019";"15:35";"1";"79";"79277";"1";"1";"1";"2";"N/A";"47,0845340";" -0,1737430"
"201900007357";"6";"7";"2019";"22:30";"2";"80";"80443";"2";"1";"1";"6";"Rue du Commandant Eard";"49,8448180";"1,8529350"
"201900007358";"7";"7";"2019";"21:25";"1";"82";"82149";"1";"1";"1";"7";"D820";"44,1110810";"1,4735230"
"201900007359";"7";"7";"2019";"22:20";"5";"81";"81084";"2";"2";"1";"3";"Avenue du Bernazobre";"43,5001050";"2,2109880"
"201900007360";"8";"7";"2019";"07:00";"1";"71";"71535";"1";"1";"1";"1";"D978 - Route de CHATAU CHINON";"47,0138410";"4,2334800"
"201900007361";"8";"7";"2019";"12:30";"1";"76";"76394";"1";"1";"1";"7";"D14";"49,9733560";"1,5349560"
"201900007362";"7";"7";"2019";"20:30";"2";"42";"42264";"1";"1";"8";"6";"D11";"45,6077180";"4,3754230"
"201900007363";"8";"7";"2019";"13:10";"1";"42";"42312";"2";"2";"1";"3";"Route Départementale 3";"45,4153070";"4,0827700"
"201900007364";"7";"7";"2019";"18:10";"1";"42";"42159";"1";"1";"1";"7";"Route Départementale 1089";"45,8492950";"3,7370350"
"201900007365";"7";"7";"2019";"08:00";"1";"42";"42313";"1";"1";"1";"1";"Route de Montverdun";"45,7297900";"4,0231300"
"201900007366";"4";"7";"2019";"16:55";"1";"29";"29140";"1";"1";"1";"5";"Gorre Menez";"48,4028450";" -4,3177330"
"201900007367";"7";"7";"2019";"10:45";"1";"35";"35360";"2";"1";"9";"3";"Boulevard Pierre Landais";"48,1205740";" -1,2064820"
"201900007368";"7";"7";"2019";"17:40";"1";"31";"31570";"1";"1";"1";"1";"d2";"43,4617910";"1,8190140"
"201900007369";"8";"7";"2019";"08:15";"1";"1";"01094";"1";"1";"1";"6";"4297 Route de Mantenay";"46,4298800";"5,0323370"
"201900007370";"8";"7";"2019";"14:30";"1";"26";"26108";"2";"1";"1";"2";"554 Les Seterées";"44,7366920";"5,0318330"
"201900007371";"8";"7";"2019";"16:20";"1";"58";"58153";"1";"1";"1";"7";"rd 6";"47,2988690";"3,7543180"
"201900007372";"8";"7";"2019";"12:45";"1";"72";"72184";"1";"1";"1";"7";"RD 21 PR 2.9";"47,9813960";" -0,1993850"
"201900007373";"7";"7";"2019";"16:25";"1";"14";"14546";"1";"1";"7";"6";"Rue Marine";"49,0092280";" -0,1813390"
"201900007374";"8";"7";"2019";"06:45";"1";"50";"50079";"1";"1";"1";"1";"Hameau Fouquet";"49,5459110";" -1,6728010"
"201900007375";"8";"7";"2019";"07:30";"1";"36";"36043";"1";"1";"1";"1";"Jarlay";"46,5330190";"1,9413610"
"201900007376";"7";"7";"2019";"18:20";"1";"53";"53079";"1";"1";"1";"7";"Rue de Normandie";"48,4620890";" -0,7293480"
"201900007377";"8";"7";"2019";"09:25";"1";"21";"21073";"1";"3";"1";"1";"d 980";"47,4373310";"4,3110610"
"201900007378";"7";"7";"2019";"16:45";"1";"4";"04189";"1";"1";"1";"1";"RD 952";"43,7605000";"5,9231770"
"201900007379";"8";"7";"2019";"11:15";"1";"85";"85020";"2";"1";"1";"6";"Chemin de Gate Bourse";"46,3663500";" -0,5995500"
"201900007380";"7";"7";"2019";"15:30";"1";"28";"28322";"1";"1";"1";"6";"D 939";"48,7120120";"0,9875700"
"201900007381";"7";"7";"2019";"18:45";"1";"17";"17267";"1";"1";"1";"6";"Route nationale 11 - PK 17+600";"46,2262330";" -0,9158190"
"201900007382";"7";"7";"2019";"08:45";"1";"87";"87040";"1";"1";"7";"1";"Puy Chat";"45,7155740";"1,5934510"
"201900007383";"6";"7";"2019";"18:10";"1";"52";"52450";"2";"2";"1";"1";"place sainte anne - courcelles sur aujon";"47,8941810";"5,0932920"
"201900007384";"7";"7";"2019";"15:00";"1";"52";"52083";"1";"1";"1";"6";"RD125C";"47,7403170";"5,5325420"
"201900007385";"7";"7";"2019";"04:20";"3";"88";"88081";"2";"1";"1";"6";"La Haitroye";"47,8810520";"6,8540340"
"201900007386";"8";"7";"2019";"01:30";"3";"31";"31117";"1";"1";"1";"3";"A68 PK012+500";"43,6724300";"1,5590330"
"201900007387";"5";"7";"2019";"09:00";"2";"35";"35206";"1";"1";"7";"1";"la croix fleurie";"48,0522310";" -1,6649600"
"201900007388";"5";"7";"2019";"08:50";"1";"31";"31506";"2";"6";"1";"3";"Route de Cayras";"43,5669380";"1,5388410"
"201900007389";"5";"7";"2019";"19:20";"1";"38";"38400";"1";"1";"1";"2";"AUTOROUTE A 48 PK 77+500";"45,3382700";"5,5775070"
"201900007390";"8";"7";"2019";"13:55";"1";"975";"97501";"2";"1";"1";"3";"10 rue des iles de la madeleine";"46,9631043";" -56,3364905"
"201900007391";"7";"7";"2019";"22:30";"3";"988";"98826";"1";"1";"1";"6";"V.U.4";" -20,2208600";"164,0766200"
"201900007392";"24";"6";"2019";"09:30";"1";"974";"97415";"1";"1";"1";"1";"route du théatre";" -21,0470060";"55,2335810"
"201900007393";"7";"7";"2019";"11:15";"1";"971";"97111";"2";"1";"1";"7";"66 Impasse Hibiscus";"16,2702450";" -61,8059540"
"201900007394";"6";"7";"2019";"15:45";"1";"45";"45082";"2";"3";"1";"6";"GRANDE RUE - R 8 mai 1945";"47,8632459";"2,2225892"
"201900007395";"8";"7";"2019";"03:00";"3";"66";"66168";"1";"1";"1";"6";"N/A";"42,5562900";"2,9562700"
"201900007396";"7";"7";"2019";"22:45";"3";"83";"83016";"1";"1";"1";"3";"1835 Route de Toulon à Marseille";"43,1821190";"5,8222750"
"201900007397";"7";"7";"2019";"16:35";"1";"6";"06048";"2";"1";"1";"6";"479 chemin de la roseyre";"43,7827550";"7,3355600"
"201900007398";"8";"7";"2019";"05:10";"2";"13";"13081";"1";"1";"1";"1";"D21";"43,4920860";"5,2041670"
"201900007399";"7";"7";"2019";"14:50";"1";"13";"13100";"1";"1";"1";"6";"CD99";"43,7843820";"4,8891000"
"201900007400";"2";"7";"2019";"20:00";"1";"26";"26252";"1";"1";"1";"2";"A7 , pk76.700";"44,8789910";"4,8658410"
"201900007401";"5";"7";"2019";"07:46";"1";"74";"74243";"2";"1";"1";"3";"8 Route d'Annemasse";"46,1422572";"6,0933007"
"201900007402";"8";"7";"2019";"14:40";"1";"1";"01012";"1";"9";"1";"7";"départmentale 8";"46,0135810";"5,5257290"
"201900007403";"23";"6";"2019";"14:00";"1";"69";"69068";"2";"1";"1";"5";"Quai Jean Moulin";"45,8447700";"4,8321180"
"201900007404";"8";"7";"2019";"09:30";"1";"29";"29103";"2";"1";"1";"6";"Rue Gaston de l'Hôpital";"48,4606990";" -4,2646800"
"201900007405";"7";"7";"2019";"11:55";"1";"60";"60685";"2";"1";"1";"6";"Rue de la Gare";"49,3714010";"2,2231380"
"201900007406";"6";"7";"2019";"07:50";"1";"59";"59357";"1";"1";"1";"7";"D649";"50,2842090";"3,8780330"
"201900007407";"5";"7";"2019";"17:15";"1";"13";"13216";"1";"1";"1";"2";"A55-Sens Marseille vers Martigues";"43,3650330";"5,3392300"
"201900007408";"6";"7";"2019";"00:10";"5";"69";"69199";"1";"1";"1";"3";"A7   7.000 A 8.630";"45,6901100";"4,8457600"
"201900007409";"6";"7";"2019";"20:00";"1";"95";"95424";"1";"1";"1";"3";"AUTOROUTE A15";"48,9911000";"2,1925100"
"201900007410";"7";"7";"2019";"16:45";"1";"77";"77294";"1";"1";"1";"4";"A104";"48,9800000";"2,6100000"
"201900007411";"7";"7";"2019";"04:20";"3";"94";"94073";"1";"1";"1";"6";"A86 EXT";"48,7682360";"2,3788704"
"201900007412";"26";"5";"2019";"22:30";"3";"91";"91228";"2";"3";"1";"3";"CURIE( RUE PIERRE ET MARIE)";"48,6324400";"2,4321700"
"201900007413";"4";"7";"2019";"17:20";"1";"91";"91021";"2";"3";"1";"7";"JUSTICE (RUE DE LA)";"48,5795900";"2,2400760"
"201900007414";"18";"6";"2019";"18:20";"1";"91";"91103";"2";"1";"1";"2";"BLUM LEON (RUE)";"48,6176500";"2,3023900"
"201900007415";"18";"6";"2019";"19:00";"1";"82";"82121";"2";"1";"1";"3";"BORDEAUX (AVENUE DE)";"44,0253960";"1,3319570"
"201900007416";"4";"7";"2019";"15:30";"1";"76";"76552";"2";"3";"1";"3";"REINE ELISABETH";"49,5027000";"0,0866000"
"201900007417";"4";"7";"2019";"18:00";"1";"71";"71040";"2";"1";"1";"7";"BOIS CLAIR (RUE DU)";"46,6989800";"4,3792600"
"201900007418";"5";"7";"2019";"00:00";"5";"63";"63113";"2";"1";"1";"3";"COTE BLATIN (BD)";"45,7680000";"3,0865900"
"201900007419";"4";"7";"2019";"12:25";"1";"63";"63113";"2";"9";"1";"3";"NEYRON (RUE)";"45,7797200";"3,0893100"
"201900007420";"3";"7";"2019";"11:25";"1";"63";"63113";"2";"1";"1";"3";"SABLON (COURS)";"45,7744100";"3,0900000"
"201900007421";"4";"7";"2019";"10:23";"1";"63";"63113";"2";"9";"1";"3";"JOUHAUX (BD LEON)";"45,7984900";"3,1143000"
"201900007422";"2";"7";"2019";"09:03";"1";"63";"63113";"2";"9";"1";"4";"CHARCOT (BD)";"45,7947100";"3,0825900"
"201900007423";"22";"6";"2019";"14:50";"1";"62";"62724";"1";"1";"1";"1";"RD 40";"50,3960000";"2,9050000"
"201900007424";"2";"7";"2019";"14:50";"1";"51";"51454";"2";"2";"1";"3";"RUE DES CAPUCINS";"49,2513000";"4,0296800"
"201900007425";"4";"7";"2019";"17:20";"1";"45";"45147";"2";"1";"1";"3";"RUE DES FOSSES";"47,9341000";"1,9291000"
"201900007426";"4";"7";"2019";"10:05";"1";"45";"45234";"2";"4";"1";"3";"PONT JOFFRE - AV DE TREVISE";"47,8944830";"1,8956870"
"201900007427";"4";"7";"2019";"07:20";"1";"45";"45147";"2";"2";"1";"3";"R M BERTHELOT - R M SANGNIER";"47,9214800";"1,9144700"
"201900007428";"6";"7";"2019";"03:20";"5";"13";"13202";"2";"2";"1";"3";"HOZIER (RUE D')";"43,3053640";"5,3693650"
"201900007429";"5";"7";"2019";"15:05";"1";"13";"13206";"2";"2";"1";"6";"BRETEUIL (RUE)";"43,2885500";"5,3764800"
"201900007430";"5";"7";"2019";"09:00";"1";"13";"13207";"2";"1";"1";"6";"PIERRE PUGET (COURS)";"43,2900600";"5,3738440"
"201900007431";"4";"7";"2019";"11:45";"1";"13";"13206";"2";"3";"1";"5";"BAILLE (BOULEVARD)";"43,2866400";"5,3862800"
"201900007432";"3";"7";"2019";"23:30";"5";"13";"13204";"2";"1";"1";"4";"FRANCOISE DUPARC (BOULEVARD)";"43,3057000";"5,4009400"
"201900007433";"3";"7";"2019";"08:50";"1";"13";"13204";"2";"1";"1";"2";"BLANCARDE (BOULEVARD)";"43,3030090";"5,4017760"
"201900007434";"18";"3";"2019";"19:30";"2";"75";"75113";"2";"1";"1";"6";"BOULEVARD PERIPHERIQUE";"48,8200040";"2,3742250"
"201900007435";"5";"7";"2019";"17:00";"1";"94";"94021";"1";"1";"1";"2";"AUTOROUTE A6A";"48,7635000";"2,3418000"
"201900007436";"5";"7";"2019";"19:20";"5";"988";"98818";"2";"3";"3";"7";"COTE DE L'AMIRAL HALSEY/A. BARRAU";" -22,2823100";"166,4432400"
"201900007437";"14";"5";"2019";"10:50";"1";"988";"98818";"2";"1";"1";"2";"AMPERE (RUE)";" -22,2315912";"166,4487478"
"201900007438";"5";"7";"2019";"19:35";"3";"976";"97611";"2";"9";"1";"6";"kaweni-Mangrove (route de la)";" -12,7652100";"45,2252400"
"201900007439";"4";"7";"2019";"12:15";"1";"976";"97611";"2";"1";"1";"6";"kaweni-Centrale (rue)";" -12,7660860";"45,2249870"
"201900007440";"4";"7";"2019";"08:40";"1";"976";"97611";"2";"1";"1";"7";"kaweni-Mangrove (route de la)";" -12,7652750";"45,2251540"
"201900007441";"4";"7";"2019";"11:30";"1";"974";"97416";"1";"9";"1";"2";"GAULLE (RUE DU GENERAL DE)";" -21,2901070";"55,4654840"
"201900007442";"6";"7";"2019";"13:50";"1";"974";"97411";"2";"1";"1";"6";"ANJOU (RUE DE L')";" -20,9018400";"55,4907200"
"201900007443";"5";"7";"2019";"05:00";"5";"974";"97411";"2";"1";"1";"2";"GARROS (ROLAND)";" -20,8815600";"55,4554400"
"201900007444";"4";"7";"2019";"14:35";"1";"974";"97411";"2";"1";"1";"6";"GANDHI (BOULEVARD DU MAHATMA)";" -20,9091300";"55,4825300"
"201900007445";"4";"7";"2019";"13:45";"1";"974";"97411";"2";"3";"1";"3";"MACE (BOULEVARD GABRIEL)";" -20,8726300";"55,4489600"
"201900007446";"4";"7";"2019";"08:10";"1";"974";"97411";"2";"1";"1";"6";"RUISSEAU BLANC (CHEMIN DU)";" -20,8948890";"55,4122934"
"201900007447";"5";"7";"2019";"16:40";"1";"974";"97407";"2";"2";"1";"6";"FERRY (RUE)";" -20,9356460";"55,2966700"
"201900007448";"3";"7";"2019";"18:15";"3";"974";"97407";"1";"9";"1";"6";"ROUTE DU SACRE COEUR";" -20,9562000";"55,3124000"
"201900007449";"5";"7";"2019";"19:10";"3";"973";"97302";"2";"1";"1";"2";"FAUBOURG L'ABRI (CITE)";"4,9363347";" -52,3222589"
"201900007450";"4";"7";"2019";"18:15";"2";"973";"97302";"2";"1";"1";"3";"ZEPHIR (ROCADE)";"4,9359285";" -52,3076677"
"201900007451";"6";"7";"2019";"21:10";"3";"69";"69387";"2";"9";"2";"2";"CHAMBAUD DE LA BRUYERE              (BD)";"45,7225392";"4,8423086"
"201900007452";"6";"7";"2019";"21:20";"5";"69";"69259";"2";"1";"8";"2";"IRENE JOLIOT CURIE                  (BD)";"45,7114600";"4,8814400"
"201900007453";"6";"7";"2019";"13:10";"1";"69";"69388";"2";"1";"1";"7";"ETATS UNIS (DES)                    (BD)";"45,7301100";"4,8671700"
"201900007454";"6";"7";"2019";"08:00";"1";"69";"69259";"2";"2";"1";"3";"ROMAIN ROLLAND                      (R )";"45,7011400";"4,8788300"
"201900007455";"4";"7";"2019";"18:00";"1";"69";"69386";"2";"9";"1";"7";"MARECHAL FOCH (DU)                  (AV)";"45,7692133";"4,8437698"
"201900007456";"5";"7";"2019";"07:15";"1";"69";"69386";"2";"3";"1";"1";"GENERAL SARRAIL (DU)                (QU)";"45,7670400";"4,8413200"
"201900007457";"4";"7";"2019";"21:25";"2";"69";"69259";"2";"1";"1";"1";"JODINO (DE)                         (BD)";"45,6912700";"4,8836200"
"201900007458";"4";"7";"2019";"15:30";"1";"69";"69259";"2";"9";"1";"2";"AMBROISE CROIZAT                    (BD)";"45,7054981";"4,8874684"
"201900007459";"4";"7";"2019";"08:10";"1";"972";"97213";"1";"1";"3";"3";"MORNE PITAULT (ROUTE DE)";"14,0000000";" -60,9674900"
"201900007460";"6";"7";"2019";"05:20";"2";"972";"97209";"2";"2";"1";"6";"Bretelle sortie A1";"14,6144400";" -61,0511900"
"201900007461";"5";"7";"2019";"01:30";"5";"69";"69149";"2";"2";"1";"2";"GRANDE RUE                          (GR)";"45,7168500";"4,8096200"
"201900007462";"4";"7";"2019";"14:35";"1";"69";"69389";"2";"1";"1";"5";"PLATEAU (DU)                        (AV)";"45,7851997";"4,7949098"
"201900007463";"5";"7";"2019";"12:05";"1";"2B";"2B033";"2";"1";"1";"6";"TOUTES RUES";"42,7051200";"9,4537800"
"201900007464";"5";"7";"2019";"02:50";"5";"2B";"2B033";"2";"1";"1";"7";"CHANOINE LESCHI - RUE";"42,7000000";"9,4500000"
"201900007465";"4";"7";"2019";"21:15";"3";"2B";"2B037";"1";"1";"1";"2";"TOUTES RUES";"42,5967800";"9,4388800"
"201900007466";"6";"7";"2019";"19:45";"1";"2A";"2A004";"2";"9";"1";"1";"BENIELLI NONCE RUE";"41,9174166";"8,7265922"
"201900007467";"4";"7";"2019";"08:50";"1";"2A";"2A004";"2";"9";"1";"1";"DIAMANT I RCE AV EUGENE MACCHINI";"41,9179478";"8,7370519"
"201900007468";"4";"7";"2019";"20:45";"1";"95";"95539";"2";"3";"1";"3";"RUE JEAN MONNET";"49,0123333";"2,3519238"
"201900007469";"3";"7";"2019";"16:25";"1";"95";"95598";"2";"1";"1";"6";"BEAUSEJOUR   AVENUE";"48,9756800";"2,3012300"
"201900007470";"6";"7";"2019";"21:40";"1";"95";"95450";"2";"3";"1";"3";"ERAGNY (RUE D')";"49,0150200";"2,0706200"
"201900007471";"27";"11";"2019";"17:15";"5";"13";"13202";"2";"1";"1";"6";"MARCEAU (PLACE)";"43,3050800";"5,3729000"
"201900007472";"27";"11";"2019";"11:00";"1";"13";"13212";"2";"3";"1";"6";"FERNAND NEGRO (BOULEVARD)";"43,3133700";"5,4093400"
"201900007473";"27";"11";"2019";"07:25";"2";"13";"13201";"2";"1";"2";"6";"BELGES (QUAI DES)";"43,2948580";"5,3744190"
"201900007474";"27";"11";"2019";"07:50";"1";"6";"06123";"2";"1";"3";"2";"PUGETS ROUTE DES";"43,6947930";"7,1830680"
"201900007475";"28";"11";"2019";"07:50";"1";"973";"97302";"2";"1";"1";"3";"MONTABO (ROUTE DE) 1";"4,9400070";" -52,3015670"
"201900007476";"28";"11";"2019";"21:20";"5";"69";"69387";"2";"2";"1";"3";"GUILLOTIERE (DE LA)                 (GR)";"45,7510000";"4,8482000"
"201900007477";"28";"11";"2019";"15:30";"1";"69";"69259";"2";"4";"1";"6";"IRENE JOLIOT CURIE                  (BD)";"45,7183400";"4,8763100"
"201900007478";"18";"11";"2019";"10:55";"1";"95";"95277";"2";"6";"2";"3";"ROND POINT DE LA RESISTANCE";"48,9945761";"2,4515283"
"201900007479";"28";"11";"2019";"06:50";"5";"91";"91657";"2";"1";"2";"6";"TOURELLE (AVENUE DE LA )";"48,6903500";"2,4393000"