"Num_Acc";"jour";"mois";"an";"hrmn";"lum";"dep";"com";"agg";"int";"atm";"col";"adr";"lat";"long"
"201900007480";"28";"10";"2019";"05:20";"5";"91";"91114";"2";"9";"1";"6";"ROUTE NATIONALE 6";"48,6829350";"2,4907240"
"201900007481";"27";"11";"2019";"18:06";"3";"91";"91479";"2";"1";"1";"3";"RN7";"48,7266000";"2,3692000"
"201900007482";"27";"11";"2019";"18:57";"5";"87";"87085";"2";"2";"2";"6";"PALISSY (RUE BERNARD)";"45,8328400";"1,2519200"
"201900007483";"27";"11";"2019";"15:20";"1";"87";"87114";"2";"1";"2";"2";"DE-GAULLE (AVENUE DU GENERAL-)";"45,8332600";"1,3018000"
"201900007484";"27";"11";"2019";"11:58";"1";"87";"87050";"2";"1";"2";"3";"PASCAUD (RUE DU DOCTEUR)";"45,8798500";"1,2376400"
"201900007485";"25";"11";"2019";"16:35";"1";"78";"78686";"2";"1";"1";"3";"GASTON BOISSIER (AVENUE)";"48,7994000";"2,1737300"
"201900007486";"28";"11";"2019";"07:30";"3";"78";"78551";"1";"1";"2";"1";"RD 308";"48,9393400";"2,0729900"
"201900007487";"27";"11";"2019";"18:40";"3";"78";"78551";"1";"1";"8";"3";"RD 190";"48,9118200";"2,0719600"
"201900007488";"27";"11";"2019";"16:35";"1";"72";"72181";"2";"3";"1";"3";"CUGNOT NICOLAS (BD)";"47,9925200";"0,2254500"
"201900007489";"28";"11";"2019";"22:15";"5";"69";"69256";"2";"9";"1";"3";"BOLHEN   (DE)                        (AV";"45,7653000";"4,9235000"
"201900007490";"28";"11";"2019";"07:45";"1";"69";"69275";"2";"1";"2";"6";"VERNEYRES (DES)                     (CH)";"45,7585600";"4,9600300"
"201900007491";"27";"11";"2019";"12:40";"1";"69";"69282";"2";"1";"1";"6";"REPUBLIQUE (DE)                     (R )";"45,7667400";"4,9981800"
"201900007492";"28";"11";"2019";"18:30";"5";"69";"69115";"2";"1";"1";"4";"ANSE (route d')";"45,9709900";"4,7168500"
"201900007493";"27";"11";"2019";"20:56";"3";"57";"57283";"1";"1";"3";"6";"CD 112 F";"49,2481300";"6,1454400"
"201900007494";"27";"11";"2019";"20:30";"5";"56";"56098";"2";"3";"2";"3";"BILLOUX ( AV. FRANCOIS )";"47,7650900";" -3,3518600"
"201900007495";"27";"11";"2019";"17:55";"5";"56";"56098";"1";"1";"2";"2";"RN 165 (PATINOIRE)";"47,7781100";" -3,3543300"
"201900007496";"27";"11";"2019";"18:32";"2";"49";"49007";"2";"1";"1";"6";"MOULIN BOULEVARD";"47,4917000";" -0,5610800"
"201900007497";"26";"11";"2019";"19:45";"3";"44";"44184";"2";"3";"3";"6";"RUES MENDES FRANCE / JOLLINIER";"47,2736990";" -2,2147470"
"201900007498";"28";"11";"2019";"13:55";"1";"44";"44109";"2";"1";"1";"1";"AVENUE DE LA PETITE BARATTE";"47,2508900";" -1,5249900"
"201900007499";"28";"11";"2019";"01:05";"3";"35";"35281";"2";"2";"1";"2";"MIVOIE (ROUTE DE)";"48,0690731";" -1,7034553"
"201900007500";"22";"11";"2019";"14:10";"1";"33";"33063";"2";"9";"2";"3";"BD ALIENOR D'AQUITAINE";"44,8757600";" -0,5644800"
"201900007501";"26";"11";"2019";"19:20";"5";"33";"33063";"2";"3";"1";"3";"SOMME (CRS DE LA)";"44,8300600";" -0,5724600"
"201900007502";"28";"11";"2019";"09:46";"1";"31";"31555";"1";"1";"1";"5";"VA007306 A64";"43,5684700";"1,4197200"
"201900007503";"27";"11";"2019";"20:30";"3";"31";"31555";"2";"1";"2";"3";"RTE DE LABEGE";"43,5587000";"1,5032700"
"201900007504";"27";"11";"2019";"19:20";"5";"31";"31555";"2";"2";"1";"3";"AV JULES JULIEN";"43,5765500";"1,4509700"
"201900007505";"28";"11";"2019";"07:49";"1";"30";"30189";"2";"2";"1";"3";"ECLUSE (PLACE OU RUE)";"43,8391500";"4,3657700"
"201900007506";"28";"11";"2019";"18:30";"5";"27";"27681";"2";"1";"2";"6";"BOURBON PENTHIEVRE (RUE)";"49,0936000";"1,4867000"
"201900007507";"27";"11";"2019";"19:45";"5";"22";"22113";"2";"1";"3";"1";"PLACENN AR GUER (RUE DE)";"48,7446090";" -3,4531980"
"201900007508";"28";"11";"2019";"17:43";"5";"17";"17300";"2";"1";"1";"6";"MISSY   RUE DE";"46,1608800";" -1,1706700"
"201900007509";"28";"11";"2019";"20:30";"5";"13";"13208";"2";"1";"1";"3";"MICHELET (BOULEVARD)";"43,2612270";"5,3976970"
"201900007510";"28";"11";"2019";"06:00";"5";"13";"13209";"2";"3";"1";"6";"SAINTE MARGUERITE (BOULEVARD)";"43,2686800";"5,4041600"
"201900007511";"27";"11";"2019";"12:55";"1";"6";"06088";"2";"2";"1";"6";"RISSO (BD)";"43,7013540";"7,2790630"
"201900007512";"28";"11";"2019";"16:50";"1";"976";"97611";"1";"1";"1";"3";"passamanty-Vahibé ( route )";" -12,7930400";"45,1884300"
"201900007513";"26";"12";"2019";"09:25";"1";"79";"79329";"2";"1";"1";"3";"16 avenue Emile Zola";"46,9863700";" -0,2109540"
"201900007514";"17";"12";"2019";"19:50";"5";"64";"64445";"2";"9";"2";"6";"NAPOLEON BONAPARTE";"43,2927190";" -0,3691960"
"201900007515";"24";"12";"2019";"18:15";"3";"62";"62907";"2";"2";"3";"3";"SCHUMANN (BD )";"50,4725400";"3,0163900"
"201900007516";"24";"12";"2019";"17:30";"5";"42";"42207";"2";"1";"8";"3";"DE GAULLE RUE DU GENERAL";"45,4668130";"4,5197480"
"201900007517";"21";"12";"2019";"15:25";"1";"17";"17449";"2";"3";"3";"3";"GAULLE AVENUE DU GENERAL";"45,9453800";" -0,8968500"
"201900007518";"26";"12";"2019";"08:22";"5";"29";"29259";"2";"2";"1";"6";"Rue du Reseau Centurie OCM";"48,6872897";" -3,9868934"
"201900007519";"4";"12";"2019";"12:05";"1";"6";"06085";"2";"1";"1";"3";"250 Chemin de Font Graissan";"43,5821890";"7,0106760"
"201900007520";"12";"12";"2019";"17:20";"5";"69";"69283";"2";"9";"1";"2";"Route d'Heyrieux";"45,6739500";"4,9731400"
"201900007521";"21";"12";"2019";"22:40";"4";"91";"91161";"1";"1";"2";"6";"AUTOROUTE A6";"48,6962900";"2,3166300"
"201900007522";"28";"11";"2019";"18:40";"5";"91";"91691";"2";"1";"1";"6";"GABRIEL PERI(RUE) DU N°4 AU N°69";"48,7076600";"2,4879500"
"201900007523";"15";"12";"2019";"04:52";"5";"87";"87085";"2";"1";"1";"6";"SAINT MAURICE (BOULEVARD)";"45,8303600";"1,2677000"
"201900007524";"30";"11";"2019";"19:32";"2";"87";"87050";"2";"1";"2";"1";"BUXEROLLES (ROUTE DE)";"45,8754800";"1,2494200"
"201900007525";"19";"9";"2019";"18:10";"1";"78";"78646";"2";"6";"1";"6";"SAINT ANTOINE (BOULEVARD)";"48,8154200";"2,1284200"
"201900007526";"23";"9";"2019";"15:40";"1";"78";"78490";"2";"1";"1";"4";"SAINT GERMAIN (AVENUE DE)";"48,8273900";"1,9634120"
"201900007527";"8";"11";"2019";"09:30";"1";"73";"73065";"1";"1";"1";"2";"N201";"45,5846066";"5,9082850"
"201900007528";"28";"11";"2019";"17:45";"5";"71";"71153";"2";"2";"2";"3";"ALBERT 1ER (RUE)";"46,7950400";"4,4250800"
"201900007529";"15";"9";"2019";"00:20";"4";"69";"69266";"2";"1";"1";"3";"GENAS    (Route de)";"45,7517800";"4,9039300"
"201900007530";"1";"12";"2019";"06:30";"5";"69";"69266";"2";"2";"3";"3";"EMILE ZOLA     (Cours)";"45,7676000";"4,8897000"
"201900007531";"2";"12";"2019";"18:00";"3";"69";"69092";"1";"2";"1";"5";"TARARE (route de)";"45,9810700";"4,6937700"
"201900007532";"2";"12";"2019";"11:36";"1";"63";"63113";"2";"1";"2";"6";"LIMOUSIN (AVENUE DU)";"45,7897009";"3,0607401"
"201900007533";"2";"12";"2019";"15:04";"1";"63";"63113";"2";"1";"2";"1";"MICHEL ANGE";"45,7606900";"3,1318900"
"201900007534";"27";"11";"2019";"17:20";"5";"54";"54265";"1";"1";"2";"2";"RD 570";"48,6354450";"6,1818110"
"201900007535";"29";"11";"2019";"22:15";"3";"49";"49328";"2";"1";"2";"6";"THOUET (RIVES DU)";"47,2514000";" -0,0820400"
"201900007536";"3";"12";"2019";"08:00";"1";"45";"45234";"2";"3";"1";"3";"BD MARIE STUART -R D'AMBERT";"47,9084905";"1,9382799"
"201900007537";"2";"12";"2019";"07:33";"5";"45";"45302";"2";"6";"1";"6";"PLACE DU VILPOT";"47,9321854";"1,8889993"
"201900007538";"28";"11";"2019";"17:48";"3";"45";"45234";"2";"1";"2";"3";"RUE AUGUSTE RENOIR";"47,8250000";"1,9319000"
"201900007539";"27";"11";"2019";"21:15";"4";"38";"38185";"2";"1";"1";"6";"AVENUE DE L'EUROPE";"45,1588600";"5,7331800"
"201900007540";"14";"11";"2019";"22:35";"5";"33";"33522";"2";"1";"1";"3";"CRS DE LA LIBERATION";"44,8010800";" -0,5948900"
"201900007541";"1";"12";"2019";"06:43";"5";"30";"30189";"2";"1";"3";"1";"FRANCAIS LIBRES (BD)";"43,8399000";"4,3195000"
"201900007542";"21";"8";"2019";"11:05";"1";"29";"29019";"2";"9";"1";"1";"KERGOAT";"48,4010000";" -4,5034700"
"201900007543";"16";"8";"2019";"15:40";"1";"29";"29019";"2";"2";"1";"3";"LYON (DE 1 A 33 ET 2 A 28)";"48,3872700";" -4,4860600"
"201900007544";"13";"12";"2019";"13:50";"1";"22";"22360";"1";"1";"1";"3";"ROCHERS (RUE DES)";"48,4745880";" -2,7506390"
"201900007545";"2";"12";"2019";"16:35";"1";"18";"18279";"2";"2";"1";"3";"PUITS BERTEAU (DE LA RUE A.RIBAUD RUE DE";"47,2365510";"2,0757570"
"201900007546";"3";"10";"2019";"00:35";"5";"17";"17300";"2";"2";"1";"3";"VILLENEUVE   RUE";"46,1617500";" -1,1466900"
"201900007547";"3";"12";"2019";"16:25";"2";"14";"14699";"2";"2";"1";"6";"MARAIS (CHEMIN DU)";"49,3509300";"0,0927600"
"201900007548";"1";"12";"2019";"23:00";"5";"13";"13206";"2";"2";"1";"4";"BAILLE (BOULEVARD)";"43,2864700";"5,3857100"
"201900007549";"2";"12";"2019";"08:40";"2";"13";"13047";"1";"1";"7";"2";"D.5";"43,4429000";"5,0286800"
"201900007550";"3";"12";"2019";"19:50";"5";"973";"97302";"2";"7";"1";"3";"PLACE DU COQ";"4,9359000";" -52,3345700"
"201900007551";"2";"12";"2019";"23:40";"5";"973";"97302";"1";"1";"1";"6";"ROUTE NATIONALE 1";"4,9189968";" -52,3308098"
"201900007552";"16";"12";"2019";"20:50";"5";"69";"69259";"2";"1";"1";"6";"PINEL                               (BD)";"45,7226400";"4,8873200"
"201900007553";"16";"12";"2019";"21:25";"5";"69";"69387";"2";"1";"1";"7";"CLAUDE BERNARD                      (QU)";"45,7526500";"4,8375500"
"201900007554";"16";"12";"2019";"07:25";"5";"69";"69387";"2";"1";"1";"6";"GERLAND (DE)                        (R )";"45,7391200";"4,8403000"
"201900007555";"3";"12";"2019";"20:35";"5";"69";"69383";"2";"1";"1";"2";"LACASSAGNE                          (AV)";"45,7531900";"4,8689500"
"201900007556";"3";"12";"2019";"22:00";"5";"69";"69259";"2";"3";"1";"3";"AUGUSTE BLANQUI                     (R )";"45,7017400";"4,8745000"
"201900007557";"2";"12";"2019";"15:30";"1";"69";"69383";"2";"1";"1";"6";"MARECHAL DE SAXE                    (AV)";"45,7559300";"4,8465900"
"201900007558";"16";"12";"2019";"13:10";"1";"972";"97213";"2";"1";"1";"3";"Z I LA JAMBETTE";"14,6167000";" -61,0363400"
"201900007559";"30";"11";"2019";"00:50";"5";"69";"69034";"2";"4";"2";"6";"BELLEVUE                            (QU)";"45,7881000";"4,8636000"
"201900007560";"3";"12";"2019";"17:20";"5";"69";"69034";"2";"2";"1";"3";"RAYMOND POINCARE                    (PT)";"45,7910000";"4,8604200"
"201900007561";"14";"12";"2019";"18:30";"5";"971";"97113";"2";"1";"1";"7";"GENERAL DE GAULLE (AVENUE)";"16,2057800";" -61,4889000"
"201900007562";"1";"12";"2019";"09:10";"1";"971";"97113";"2";"1";"1";"1";"GENERAL DE GAULLE (AVENUE)";"16,2061100";" -61,4966200"
"201900007563";"1";"12";"2019";"06:35";"1";"971";"97101";"1";"1";"1";"3";"DUGAZON";"16,2517460";" -61,5188540"
"201900007564";"3";"12";"2019";"14:15";"1";"2A";"2A004";"2";"6";"1";"3";"CAMPI LOUIS BD";"41,9448700";"8,7582700"
"201900007565";"2";"12";"2019";"10:45";"1";"2A";"2A004";"2";"3";"1";"3";"LORETTO CHEMIN";"41,9306000";"8,7320000"
"201900007566";"1";"12";"2019";"23:15";"5";"95";"95539";"2";"1";"1";"3";"DEUX PILIERS (RUE DES)";"48,9980300";"2,3666300"
"201900007567";"2";"12";"2019";"13:45";"1";"95";"95277";"2";"1";"1";"6";"route deparementale 370";"48,9744700";"2,4603100"
"201900007568";"3";"12";"2019";"18:30";"5";"91";"91589";"2";"3";"1";"2";"BRIAND (BOULEVARD ARISTIDE)";"48,6915000";"2,3572000"
"201900007569";"2";"12";"2019";"13:55";"1";"91";"91064";"2";"1";"1";"6";"GISY (ROUTE, JUSQU'A BUROSPACE)";"48,7659100";"2,2189900"
"201900007570";"2";"12";"2019";"18:15";"5";"91";"91691";"2";"6";"1";"6";"GABRIEL PERI(RUE) DU N°124 AU N°183";"48,7105300";"2,4887100"
"201900007571";"16";"12";"2019";"08:30";"5";"91";"91286";"2";"1";"3";"6";"EMILE ALLIAUD (AVENUE)";"48,6478000";"2,3700000"
"201900007572";"2";"12";"2019";"18:15";"5";"91";"91223";"2";"1";"1";"6";"MAI 1945 (AVENUE DU 8)";"48,4377500";"2,1626300"
"201900007573";"15";"12";"2019";"19:10";"5";"91";"91657";"2";"3";"2";"3";"PIERRE BROSSOLETTE (RUE)";"48,7024000";"2,4395100"
"201900007574";"16";"12";"2019";"18:00";"2";"91";"91174";"2";"6";"1";"2";"MAINTENANT(RUE PAUL)";"48,6114700";"2,4532500"
"201900007575";"15";"12";"2019";"21:50";"5";"91";"91174";"2";"2";"2";"3";"CHEVALIER SAINT JEAN";"48,6070340";"2,4775530"
"201900007576";"16";"12";"2019";"07:30";"2";"91";"91479";"2";"6";"2";"6";"VERDUN (AVENUE)";"48,7055900";"2,3546800"
"201900007577";"29";"11";"2019";"17:45";"5";"91";"91021";"2";"1";"2";"7";"VERDUN (AVENUE DE)";"48,5815030";"2,2421040"
"201900007578";"15";"12";"2019";"13:37";"1";"87";"87085";"2";"1";"2";"3";"COMTE (RUE AUGUSTE)";"45,8731600";"1,2688400"
"201900007579";"2";"12";"2019";"09:40";"1";"87";"87085";"2";"1";"1";"2";"TUILIERES (RUE DES)";"45,8495800";"1,2500900"
"201900007580";"1";"12";"2019";"04:38";"5";"87";"87085";"2";"1";"2";"6";"RANSON (RUE LOUIS CASIMIR)";"45,8263100";"1,2439900"
"201900007581";"29";"11";"2019";"18:17";"2";"87";"87114";"2";"1";"2";"6";"CARNOT (AVENUE PRESIDENT-SADI-)";"45,8296400";"1,2972100"
"201900007582";"14";"12";"2019";"18:55";"5";"86";"86194";"2";"1";"3";"3";"PONT ACHARD (BOULEVARD)";"46,5787353";"0,3317843"
"201900007583";"2";"12";"2019";"17:20";"5";"86";"86194";"2";"1";"1";"2";"GRAND CERF (BOULEVARD DU)";"46,5866800";"0,3389800"
"201900007584";"2";"12";"2019";"16:45";"1";"86";"86194";"2";"3";"1";"3";"FAUBOURG PONT NEUF (RUE DU)";"46,5773907";"0,3518627"
"201900007585";"22";"11";"2019";"22:30";"5";"86";"86194";"2";"1";"2";"6";"ANDRE MALRAUX (VOIE)";"46,5873600";"0,3500400"
"201900007586";"25";"11";"2019";"09:25";"1";"30";"30351";"2";"9";"1";"6";"GARE AVENUE DE LA";"43,9563390";"4,7923740"
"201900007587";"2";"12";"2019";"22:30";"3";"83";"83144";"1";"1";"9";"6";"RD46 (CHEMIN)";"43,1625500";"5,9489200"
"201900007588";"3";"12";"2019";"16:35";"1";"83";"83137";"2";"1";"1";"2";"BRIAND (AVE ARISTIDE)";"43,1205200";"5,8887500"
"201900007589";"2";"12";"2019";"08:50";"1";"83";"83062";"2";"1";"1";"7";"DUCLOS (AVENUE JACQUES)";"43,1204830";"6,0110700"
"201900007590";"30";"11";"2019";"21:50";"5";"83";"83062";"2";"3";"2";"3";"FABRI DE PEIRESC (AVENUE)";"43,1412960";"6,0300090"
"201900007591";"3";"12";"2019";"13:05";"1";"83";"83126";"2";"1";"1";"7";"MONT DES OISEAUX (LE )";"43,0973100";"5,8949800"
"201900007592";"30";"11";"2019";"19:40";"5";"80";"80021";"2";"1";"1";"3";"PAUL CLAUDEL (AVENUE)";"49,8770800";"2,2824800"
"201900007593";"1";"12";"2019";"23:15";"5";"80";"80021";"2";"1";"1";"6";"LEMERCHIER (RUE)";"49,8849100";"2,2993400"
"201900007594";"28";"11";"2019";"08:00";"5";"79";"79191";"2";"1";"2";"6";"254 bis route d'Aiffres";"46,3118600";" -0,4472200"
"201900007595";"3";"12";"2019";"10:20";"5";"78";"78401";"2";"2";"1";"6";"QUAI ALBERT JOLY";"49,0044680";"1,9097170"
"201900007596";"2";"12";"2019";"07:50";"5";"78";"78401";"2";"2";"1";"6";"ALBERT JOZON (RUE)";"49,0044000";"1,9068000"
"201900007597";"14";"12";"2019";"18:15";"3";"78";"78361";"2";"1";"1";"6";"AVENUE DU GENERAL DE GAULLE";"48,9963900";"1,6810800"
"201900007598";"3";"12";"2019";"20:50";"5";"77";"77284";"2";"2";"8";"6";"D603 X D360-RUE JEAN BUREAU";"48,9575985";"2,8759039"
"201900007599";"14";"12";"2019";"10:00";"1";"77";"77085";"2";"2";"1";"6";"D5B X MOULIN BOURCIER (ROUTE DU )";"48,8562100";"2,7390500"
"201900007600";"12";"12";"2019";"12:35";"1";"77";"77111";"2";"9";"2";"3";"HERGE ( AVENUE) X RUE HADDOCK";"48,8589300";"2,7753600"
"201900007601";"1";"12";"2019";"16:35";"1";"76";"76429";"2";"1";"1";"3";"DARNETAL. ROUTE DE";"49,4177000";"1,1464400"
"201900007602";"15";"12";"2019";"01:25";"5";"76";"76351";"1";"1";"2";"6";"CHRISTOPHE COLOMB (AVENUE)";"49,4772900";"0,1434500"
"201900007603";"15";"12";"2019";"09:00";"2";"76";"76447";"2";"6";"1";"3";"BELLE ETOILE";"49,5480600";"0,1683500"
"201900007604";"30";"11";"2019";"03:05";"5";"76";"76351";"2";"2";"1";"3";"BOIS AU COQ (RUE)";"49,5110200";"0,1286800"
"201900007605";"16";"12";"2019";"07:45";"2";"69";"69290";"2";"1";"1";"2";"ST BONNET DE MURE (DE)              (CH)";"45,6922400";"4,9656100"
"201900007606";"16";"12";"2019";"17:20";"2";"68";"68224";"2";"2";"1";"7";"ORAN (QUAI D')";"47,7384990";"7,3347000"
"201900007607";"13";"12";"2019";"17:20";"5";"67";"67482";"2";"3";"8";"6";"JESUITES (RUE DES)";"48,5347800";"7,7693300"
"201900007608";"29";"11";"2019";"19:10";"5";"67";"67482";"2";"1";"1";"6";"HORACE (RUE)";"48,5815300";"7,7000400"
"201900007609";"16";"12";"2019";"10:54";"1";"66";"66136";"2";"1";"1";"2";"LOUIS TORCATIS (ROND-POINT)";"42,7030300";"2,8783100"
"201900007610";"14";"12";"2019";"22:06";"3";"66";"66136";"2";"1";"1";"3";"JULIEN PANCHOT (AVENUE)";"42,6852000";"2,8670000"
"201900007611";"2";"12";"2019";"08:57";"1";"66";"66136";"2";"1";"1";"4";"Départementale 914";"42,6591790";"2,9238480"
"201900007612";"1";"12";"2019";"07:19";"2";"66";"66136";"2";"1";"2";"3";"Départementale  617";"42,7117930";"2,9239550"
"201900007613";"2";"12";"2019";"07:45";"2";"66";"66136";"2";"1";"1";"6";"DESNOYE (BOULEVARD DR. JOSEPH)";"42,7112000";"2,8871800"
"201900007614";"1";"12";"2019";"06:00";"4";"66";"66136";"1";"1";"1";"6";"Départementale  617";"42,7109390";"2,9712770"
"201900007615";"1";"12";"2019";"16:45";"1";"66";"66136";"2";"3";"1";"6";"DALBIEZ (AVENUE VICTOR)";"42,6841800";"2,8821400"
"201900007616";"3";"12";"2019";"12:35";"1";"64";"64102";"2";"9";"1";"2";"LOEB (AVENUE DE L'INTERNE JACQUES)";"43,4791569";" -1,4843129"
"201900007617";"3";"12";"2019";"12:30";"1";"64";"64102";"2";"3";"1";"3";"SOULT (AVENUE MARECHAL)";"43,4836210";" -1,5008891"
"201900007618";"8";"12";"2019";"01:10";"5";"63";"63113";"2";"1";"1";"6";"KENNEDY (BD J.F.)";"45,7965400";"3,1231500"
"201900007619";"13";"12";"2019";"20:20";"5";"63";"63113";"2";"1";"1";"6";"DE GAULLE (BD CHARLES)";"45,7723500";"3,0828500"
"201900007620";"1";"12";"2019";"11:05";"1";"63";"63113";"1";"1";"2";"1";"RM772";"45,8074300";"3,1507400"
"201900007621";"2";"12";"2019";"18:15";"5";"60";"60057";"2";"2";"1";"6";"PONTOISE (RUE DE)";"49,4132000";"2,0896800"
"201900007622";"16";"12";"2019";"18:00";"5";"59";"59599";"2";"1";"2";"6";"ROUSSEL (PLACE CHARLES ET ALBERT)";"50,7214800";"3,1586200"
"201900007623";"3";"12";"2019";"15:30";"1";"59";"59599";"2";"2";"1";"3";"FAIDHERBE (RUE )";"50,7177830";"3,1591550"
"201900007624";"1";"12";"2019";"04:20";"5";"57";"57757";"2";"1";"1";"6";"MOSELLE (RUE DE LA)";"49,3618800";"6,1842600"
"201900007625";"14";"12";"2019";"02:40";"3";"56";"56121";"2";"1";"2";"6";"DESSERTE PORTUAIRE (RN 465)";"47,7515400";" -3,3870700"
"201900007626";"2";"12";"2019";"13:09";"1";"54";"54395";"2";"1";"1";"7";"REPUBLIQUE (PLACE DE)";"48,6888700";"6,1765400"
"201900007627";"2";"12";"2019";"07:55";"1";"54";"54357";"2";"1";"8";"1";"PINCHARD (RUE RAYMOND LIMITE NCY)";"48,7090800";"6,1606600"
"201900007628";"16";"12";"2019";"12:40";"1";"51";"51454";"2";"1";"1";"2";"BOULEVARD POMMERY";"49,2465945";"4,0508916"
"201900007629";"3";"12";"2019";"21:15";"5";"51";"51454";"2";"1";"5";"7";"ALLEE DU VIGNOBLE";"49,2192135";"4,0140087"
"201900007630";"3";"12";"2019";"07:45";"5";"51";"51454";"2";"1";"1";"7";"RUE DU DOCTEUR BIENFAIT";"49,2487717";"4,0129735"
"201900007631";"2";"12";"2019";"07:20";"5";"51";"51454";"2";"1";"9";"1";"RUE HENRI MIDOL";"49,2637708";"4,0075486"
"201900007632";"15";"12";"2019";"11:00";"1";"49";"49007";"2";"1";"2";"7";"DE LATTRE DE TASSIGNY";"47,4488000";" -0,5383600"
"201900007633";"15";"12";"2019";"10:28";"1";"49";"49007";"2";"1";"2";"7";"LETANDUERE";"47,4547000";" -0,5535000"
"201900007634";"14";"12";"2019";"02:00";"5";"49";"49007";"2";"1";"2";"3";"IMBACH PLACE";"47,4742600";" -0,5487300"
"201900007635";"13";"12";"2019";"12:30";"1";"49";"49007";"2";"1";"1";"1";"ECCE HOMO BOULEVARD";"47,4647000";" -0,5648700"
"201900007636";"13";"12";"2019";"10:51";"1";"49";"49007";"2";"1";"1";"3";"FONTENEAU";"47,4586600";" -0,5429300"
"201900007637";"30";"11";"2019";"13:32";"1";"49";"49015";"2";"1";"1";"6";"MESNARD AVENUE DU COMMANDANT";"47,4846600";" -0,5844700"
"201900007638";"30";"11";"2019";"15:40";"1";"49";"49246";"2";"1";"1";"1";"PASTEUR";"47,4380500";" -0,5269500"
"201900007639";"29";"11";"2019";"18:17";"5";"49";"49007";"2";"1";"1";"5";"COUBERTIN BOULEVARD";"47,4601000";" -0,5327300"
"201900007640";"29";"11";"2019";"13:43";"1";"49";"49007";"2";"1";"1";"6";"RAMON BOULEVARD";"47,4879700";" -0,5428200"
"201900007641";"29";"11";"2019";"12:42";"1";"49";"49007";"2";"1";"1";"3";"VOLNEY";"47,4618000";" -0,5415600"
"201900007642";"16";"12";"2019";"20:15";"5";"45";"45232";"2";"1";"1";"6";"AV DU LOIRET";"47,8721800";"1,9043000"
"201900007643";"14";"12";"2019";"20:07";"5";"44";"44184";"2";"1";"3";"6";"PARMENTIER (RUE ANTOINE) 110 AU 142  ";"47,2639078";" -2,2265940"
"201900007644";"14";"9";"2019";"14:25";"1";"22";"22306";"1";"3";"7";"1";"D78";"48,3760900";" -1,9513430"
"201900007645";"8";"9";"2019";"10:15";"1";"12";"12168";"2";"9";"1";"3";"Place du Claux";"44,0223650";"3,3020440"
"201900007646";"14";"9";"2019";"11:30";"1";"2A";"2A266";"1";"1";"1";"6";"D4";"42,0807650";"8,9130240"
"201900007647";"16";"9";"2019";"18:45";"1";"38";"38425";"2";"6";"1";"3";"Rond Point des Pyramides";"45,3912000";"4,7763300"
"201900007648";"15";"9";"2019";"14:47";"1";"41";"41109";"2";"1";"1";"6";"Villeruche";"47,6671840";"1,1717210"
"201900007649";"18";"9";"2019";"06:15";"4";"62";"62502";"1";"6";"1";"7";"d945";"50,6143590";"2,6891180"
"201900007650";"9";"8";"2019";"07:05";"2";"67";"67437";"1";"1";"1";"3";"D 1004";"48,7484700";"7,3457270"
"201900007651";"18";"9";"2019";"05:40";"3";"25";"25020";"1";"9";"1";"4";"A36 - PK 052.000 -  SENS BEAUNE-MULHOUSE";"47,4872130";"6,8115830"
"201900007652";"11";"9";"2019";"18:00";"1";"51";"51507";"2";"2";"1";"3";"RD 3 / RD 982E2";"49,0873422";"4,8822757"
"201900007653";"17";"9";"2019";"03:45";"3";"19";"19123";"2";"9";"1";"6";"Rue des villas";"45,1586720";"1,5661130"
"201900007654";"18";"9";"2019";"09:00";"1";"79";"79196";"1";"1";"1";"7";"53 Route de la Porte du Parc";"46,9588120";" -0,0896930"
"201900007655";"18";"9";"2019";"07:40";"1";"82";"82024";"1";"1";"1";"1";"D7";"44,1939400";"0,9723570"
"201900007656";"17";"9";"2019";"19:05";"1";"32";"32160";"1";"1";"1";"6";"d634 LIEU DIT ENTIAU";"43,5854680";"1,0494710"
"201900007657";"10";"9";"2019";"15:20";"1";"11";"11351";"1";"1";"2";"1";"cd 611";"43,1082140";"2,7144240"
"201900007658";"18";"9";"2019";"09:00";"1";"12";"12208";"2";"1";"1";"6";"88 Avenue Lucien Galtier";"43,9572010";"2,8753570"
"201900007659";"11";"9";"2019";"19:45";"2";"12";"12090";"1";"2";"7";"3";"Saint-Joseph (Druelle)";"44,3687170";"2,5301180"
"201900007660";"17";"9";"2019";"18:50";"1";"41";"41161";"1";"1";"1";"3";"Route de Brinon Beuvron";"47,5875300";"2,0620500"
"201900007661";"18";"9";"2019";"07:25";"1";"39";"39049";"1";"2";"1";"3";"N/A";"46,8595850";"5,6083570"
"201900007662";"18";"9";"2019";"17:15";"1";"38";"38249";"2";"1";"1";"7";"Route de la Doux";"45,2259560";"5,8110310"
"201900007663";"18";"9";"2019";"18:40";"1";"2";"02215";"2";"9";"7";"2";"12 Rue de Craonne";"49,4617180";"3,8189900"
"201900007664";"18";"9";"2019";"11:10";"1";"70";"70038";"1";"1";"1";"7";"route communale 202 , 1km  700m après sortie AUTHOISON direction RN57";"47,4951729";"6,1208163"
"201900007665";"18";"9";"2019";"05:00";"5";"26";"26113";"2";"4";"1";"6";"Route du Col du Rousset";"44,7608730";"5,3601200"
"201900007666";"18";"9";"2019";"17:50";"1";"72";"72253";"1";"1";"1";"1";"D 23";"47,9189940";"0,0794150"