"Num_Acc";"jour";"mois";"an";"hrmn";"lum";"dep";"com";"agg";"int";"atm";"col";"adr";"lat";"long"
"201900007667";"17";"9";"2019";"18:10";"2";"72";"72168";"1";"1";"1";"6";"La Promenade";"48,0208510";" -0,1490240"
"201900007668";"14";"9";"2019";"19:30";"2";"6";"06016";"1";"1";"1";"7";"D28";"44,0928320";"6,9931770"
"201900007669";"17";"9";"2019";"12:50";"1";"60";"60318";"2";"3";"1";"3";"25 Grande Rue";"49,3454380";"2,6421950"
"201900007670";"18";"9";"2019";"18:15";"1";"64";"64133";"2";"1";"1";"7";"Rue du Bois";"43,2250943";" -0,2548725"
"201900007671";"17";"9";"2019";"17:41";"1";"28";"28426";"1";"2";"1";"7";"D132";"48,2312400";"1,7445990"
"201900007672";"15";"9";"2019";"04:45";"3";"37";"37015";"1";"1";"1";"7";"01 chemin de la dauvernerie";"47,3168337";"0,8591957"
"201900007673";"18";"9";"2019";"07:28";"1";"37";"37018";"1";"4";"1";"3";"115 Route des Vallées";"47,3670770";"0,6382930"
"201900007674";"18";"9";"2019";"14:20";"1";"49";"49109";"1";"1";"1";"1";"RD 960";"47,1293560";" -0,6219310"
"201900007675";"17";"9";"2019";"20:13";"5";"69";"69244";"2";"9";"1";"3";"Avenue de la République";"45,7639000";"4,7795400"
"201900007676";"17";"9";"2019";"19:40";"3";"973";"97311";"1";"1";"1";"6";"Avenue Jean Galmot";"5,5557445";" -53,9301870"
"201900007677";"18";"9";"2019";"16:35";"1";"77";"77415";"1";"1";"1";"6";"D603";"48,9593500";"3,0000200"
"201900007678";"4";"9";"2019";"19:15";"1";"91";"91249";"2";"3";"1";"2";"D988 - lieu dit malassis";"48,6289450";"2,0461780"
"201900007679";"17";"9";"2019";"18:00";"1";"6";"06092";"1";"3";"1";"1";"D21";"43,7664150";"7,3365770"
"201900007680";"18";"9";"2019";"07:15";"2";"89";"89438";"1";"1";"1";"1";"D965";"47,8082694";"3,6765306"
"201900007681";"17";"9";"2019";"22:45";"3";"71";"71588";"1";"1";"1";"2";"RN 79 PK 5+300";"46,4665440";"4,0513210"
"201900007682";"18";"9";"2019";"07:20";"2";"3";"03253";"1";"1";"1";"6";"N/A";"46,4816759";"3,6521868"
"201900007683";"17";"9";"2019";"17:15";"1";"42";"42211";"2";"6";"1";"3";"Rue de la Becque";"45,5293780";"4,2335760"
"201900007684";"18";"9";"2019";"09:00";"1";"17";"17421";"2";"1";"1";"3";"RD 1";"45,6788590";" -0,9309810"
"201900007685";"17";"9";"2019";"15:00";"1";"17";"17121";"1";"1";"1";"3";"13 Route d'Ars";"46,2019250";" -1,4490580"
"201900007686";"18";"9";"2019";"11:35";"1";"59";"59398";"2";"2";"1";"3";"rue nationale";"50,5109210";"3,1217770"
"201900007687";"18";"9";"2019";"08:25";"1";"59";"59034";"2";"1";"1";"3";"D549";"50,5419470";"3,0690340"
"201900007688";"17";"9";"2019";"19:15";"1";"13";"13070";"1";"1";"1";"6";"A50-Sens Aubagne vers Marseille";"43,2852260";"5,5163400"
"201900007689";"16";"9";"2019";"10:13";"1";"13";"13117";"1";"1";"1";"4";"A7-Sens Lyon vers Marseille";"43,4547740";"5,2365990"
"201900007690";"16";"9";"2019";"09:00";"1";"13";"13117";"1";"1";"1";"4";"A7-Sens Lyon vers Marseille";"43,4784049";"5,2389944"
"201900007691";"16";"9";"2019";"07:20";"1";"13";"13211";"1";"1";"1";"2";"A50-Sens Aubagne vers Marseille";"43,2942467";"5,4589806"
"201900007692";"14";"9";"2019";"23:15";"3";"69";"69029";"1";"1";"1";"2";"A43   0.550 A 3.353";"45,7262800";"4,9177600"
"201900007693";"13";"9";"2019";"17:45";"1";"69";"69256";"1";"1";"1";"3";"A42     0.560 A 4.020";"45,7942800";"4,9235300"
"201900007694";"17";"9";"2019";"06:30";"5";"33";"33063";"1";"1";"1";"2";"ROCADE A 630";"44,8836600";" -0,5560500"
"201900007695";"6";"9";"2019";"07:45";"1";"59";"59560";"1";"1";"1";"3";"AUTOROUTE A1";"50,5300000";"3,0500000"
"201900007696";"10";"9";"2019";"07:55";"1";"59";"59143";"1";"1";"1";"3";"AUTOROUTE A25";"50,6552760";"2,9090650"
"201900007697";"15";"9";"2019";"17:30";"1";"62";"62186";"1";"1";"1";"6";"AUTOROUTE A21";"50,4347190";"2,7139450"
"201900007698";"15";"9";"2019";"02:40";"3";"59";"59646";"1";"1";"1";"6";"ROUTE NATIONALE 356";"50,6659340";"3,1142720"
"201900007699";"17";"9";"2019";"17:00";"1";"94";"94034";"1";"1";"1";"2";"AUTOROUTE A86";"48,7596500";"2,3222700"
"201900007700";"17";"9";"2019";"10:45";"1";"94";"94034";"1";"1";"1";"2";"AUTOROUTE A86";"48,7591000";"2,3240000"
"201900007701";"17";"9";"2019";"09:15";"1";"92";"92025";"1";"1";"2";"6";"A86";"48,9318215";"2,2466000"
"201900007702";"17";"9";"2019";"08:25";"1";"78";"78043";"1";"1";"8";"3";"A12 W";"48,8297360";"2,0807110"
"201900007703";"17";"9";"2019";"19:50";"1";"93";"93053";"1";"1";"1";"3";"AUTOROUTE A3";"48,8941200";"2,4716700"
"201900007704";"16";"9";"2019";"18:20";"1";"95";"95572";"1";"1";"1";"2";"AUTOROUTE A15";"49,0329900";"2,1080700"
"201900007705";"16";"9";"2019";"11:00";"1";"93";"93005";"1";"1";"1";"2";"AUTOROUTE A3";"48,9655500";"2,4746900"
"201900007706";"16";"9";"2019";"07:50";"2";"93";"93064";"1";"1";"1";"2";"AUTOROUTE A86";"48,8783400";"2,4768800"
"201900007707";"16";"9";"2019";"08:00";"1";"93";"93006";"1";"1";"1";"2";"AUTOROUTE A3";"48,8656700";"2,4204200"
"201900007708";"15";"9";"2019";"06:30";"5";"93";"93007";"1";"1";"1";"4";"AUTOROUTE A3";"48,9372920";"2,4802110"
"201900007709";"15";"9";"2019";"20:35";"3";"77";"77384";"1";"1";"1";"2";"A5";"48,5929800";"2,6421580"
"201900007710";"20";"6";"2019";"00:00";"5";"69";"69266";"2";"1";"1";"6";"RACINE          (Rue)";"45,7657300";"4,8781400"
"201900007711";"19";"6";"2019";"15:13";"1";"69";"69388";"2";"2";"1";"6";"ETATS UNIS (DES)                    (BD)";"45,7350300";"4,8631500"
"201900007712";"19";"6";"2019";"08:45";"1";"69";"69388";"2";"2";"1";"4";"FRERES LUMIERE (DES)                (AV)";"45,7447800";"4,8681900"
"201900007713";"10";"9";"2019";"15:08";"1";"54";"54547";"2";"1";"1";"6";"OPALINSKA (RUE CATHERINE)";"48,6667940";"6,1942760"
"201900007714";"11";"9";"2019";"17:45";"1";"54";"54526";"2";"1";"1";"6";"POTIER (RUE EUGENE)";"48,6879610";"6,2165580"
"201900007715";"6";"9";"2019";"08:45";"1";"54";"54395";"2";"1";"1";"7";"LAXOU (Rue de)";"48,6863370";"6,1655540"
"201900007716";"14";"9";"2019";"09:45";"1";"38";"38185";"2";"1";"1";"6";"MALHERBE (AVENUE)";"45,1704500";"5,7391800"
"201900007717";"9";"9";"2019";"12:00";"1";"13";"13047";"2";"1";"1";"6";"MARTIGUES ROUTE DE";"43,4724870";"4,9983910"
"201900007718";"18";"6";"2019";"09:00";"1";"5";"05061";"2";"1";"1";"4";"EYSSAGNIERES ( ROUTE DES )";"44,5543000";"6,0549100"
"201900007719";"16";"9";"2019";"21:05";"5";"976";"97611";"2";"6";"1";"2";"kaweni-SPPM ( rue de la )";" -12,7710300";"45,2236100"
"201900007720";"16";"9";"2019";"20:45";"5";"974";"97416";"1";"1";"1";"2";"RN02";" -21,3332100";"55,4825700"
"201900007721";"16";"9";"2019";"07:45";"1";"973";"97302";"2";"9";"1";"3";"RABAN (ROUTE DE)";"4,9339617";" -52,3135686"
"201900007722";"16";"9";"2019";"13:45";"1";"69";"69387";"2";"9";"1";"6";"GERLAND (DE)                        (R )";"45,7356600";"4,8395800"
"201900007723";"16";"9";"2019";"15:25";"1";"69";"69034";"2";"2";"1";"3";"VERNAY (DU)                         (MO)";"45,8099000";"4,8573200"
"201900007724";"16";"9";"2019";"21:50";"3";"2B";"2B120";"1";"1";"1";"7";"11 - RT";"42,6407800";"9,4400000"
"201900007725";"16";"9";"2019";"13:50";"1";"2A";"2A004";"2";"1";"1";"7";"NAPOLEON III AVENUE PAIR";"41,9240700";"8,7352500"
"201900007726";"16";"9";"2019";"09:50";"1";"91";"91326";"2";"3";"1";"6";"PIVER (RUE)";"48,6886220";"2,3714030"
"201900007727";"15";"9";"2019";"10:45";"1";"91";"91223";"2";"1";"1";"7";"R.N.20";"48,3978900";"2,1185800"
"201900007728";"16";"9";"2019";"07:46";"1";"91";"91103";"2";"6";"1";"3";"DE GAULLE   (AVENUE DU GENERAL)";"48,6080000";"2,3190000"
"201900007729";"13";"9";"2019";"12:02";"1";"80";"80021";"2";"1";"1";"2";"FRANKLIN ROOSEVELT (RUE)";"49,9178400";"2,2941200"
"201900007730";"15";"9";"2019";"23:00";"5";"77";"77390";"2";"8";"1";"3";"D21 X VOIE FERREE (PN)";"48,7910400";"2,6644800"
"201900007731";"15";"9";"2019";"12:00";"1";"76";"76540";"2";"1";"1";"6";"BELGES. BOULEVARD DES";"49,4452200";"1,0859700"
"201900007732";"14";"9";"2019";"14:30";"1";"76";"76157";"2";"1";"1";"2";"CD 51 (RUE DU CANAL)";"49,4568300";"1,0440800"
"201900007733";"14";"9";"2019";"02:45";"5";"76";"76474";"2";"1";"1";"6";"RN 27 (ROUTE DE DIEPPE)";"49,4962200";"1,0485600"
"201900007734";"13";"9";"2019";"08:10";"1";"76";"76451";"2";"1";"2";"5";"SIEGFRIED. BOULEVARD ANDRE";"49,4589300";"1,0679800"
"201900007735";"15";"9";"2019";"18:10";"1";"76";"76341";"2";"3";"1";"6";"RESISTANCE (AVENUE DE LA)";"49,5047600";"0,1974800"
"201900007736";"15";"9";"2019";"07:30";"2";"74";"74005";"1";"1";"1";"3";"SENEVULAZ (AVENUE DE)";"46,3428900";"6,4640600"
"201900007737";"16";"9";"2019";"11:15";"1";"71";"71153";"2";"1";"1";"2";"MARCEAU (RUE)";"46,8011954";"4,4448280"
"201900007738";"13";"9";"2019";"16:15";"1";"71";"71153";"2";"1";"1";"7";"PRES (RUE DES)";"46,8113700";"4,4499000"
"201900007739";"16";"9";"2019";"10:35";"1";"71";"71076";"2";"1";"1";"6";"ANDRE (RUE DU LIEUTENANT)";"46,7970900";"4,8505860"
"201900007740";"16";"9";"2019";"16:30";"1";"69";"69256";"2";"7";"1";"3";"GILBERT BOISSIER                    (PL)";"45,7860500";"4,9269400"
"201900007741";"13";"9";"2019";"22:45";"5";"67";"67482";"2";"3";"1";"3";"RATHSAMHAUSEN (RUE DE)";"48,5683110";"7,7622360"
"201900007742";"13";"9";"2019";"17:00";"1";"66";"66136";"2";"1";"1";"6";"82 Av Victor Dalbiez";"42,6865600";"2,8819000"
"201900007743";"15";"9";"2019";"05:25";"3";"66";"66136";"2";"1";"1";"6";"Bd de le  france libre";"42,7043600";"2,8975400"
"201900007744";"13";"9";"2019";"16:25";"1";"66";"66136";"2";"1";"1";"6";"PAYRA (PLACE JEAN)";"42,6982700";"2,8890300"
"201900007745";"14";"9";"2019";"16:25";"1";"64";"64102";"2";"1";"1";"6";"SOULT (AVENUE MARECHAL)";"43,4858112";" -1,4909038"
"201900007746";"6";"9";"2019";"07:45";"1";"62";"62427";"2";"1";"1";"7";"ROBIAUD (R PHILIBERT)";"50,4185000";"2,9649000"
"201900007747";"16";"9";"2019";"23:30";"5";"59";"59350";"2";"9";"1";"3";"ASIE RUE DE L";"50,6045500";"3,0527100"
"201900007748";"14";"9";"2019";"00:30";"5";"59";"59178";"2";"1";"1";"6";"LILLE (PONT DE)";"50,3792800";"3,0913000"
"201900007749";"14";"9";"2019";"19:19";"1";"57";"57019";"1";"1";"1";"7";"CD181";"49,2287572";"6,0603708"
"201900007750";"9";"9";"2019";"15:26";"1";"57";"57019";"2";"1";"1";"6";"CHATEAU DE MERTEN (RUE)";"49,2514036";"6,1303121"
"201900007751";"16";"9";"2019";"20:15";"5";"54";"54395";"2";"1";"1";"6";"TOMBLAINE (RUE DE)";"48,6871470";"6,2029030"
"201900007752";"16";"9";"2019";"10:10";"1";"54";"54257";"2";"1";"1";"7";"GRANDE RUE";"48,6527000";"6,1918100"
"201900007753";"16";"9";"2019";"07:50";"2";"51";"51454";"2";"6";"1";"1";"BOULEVARD VAL DE VESLE";"49,2301771";"4,0720817"
"201900007754";"15";"9";"2019";"19:00";"1";"51";"51454";"2";"1";"1";"2";"RUE ALBERT THOMAS";"49,2310275";"4,0484588"
"201900007755";"14";"9";"2019";"20:00";"2";"51";"51108";"2";"3";"1";"3";"RUE DU CAMP D'ATTILA";"48,9656497";"4,3742652"
"201900007756";"14";"9";"2019";"03:05";"5";"50";"50129";"2";"1";"1";"7";"BARBUSSE (RUE HENRI)";"49,6106800";" -1,6588000"
"201900007757";"13";"9";"2019";"17:25";"1";"49";"49246";"2";"1";"1";"4";"DAVID D'ANGERS";"47,4336100";" -0,5314200"
"201900007758";"16";"9";"2019";"08:15";"1";"44";"44109";"2";"1";"1";"3";"BOULEVARD JOLIOT CURIE";"47,1940000";" -1,5313600"
"201900007759";"16";"9";"2019";"09:05";"1";"43";"43157";"2";"1";"1";"6";"BREUIL (PLACE DU)";"45,0418900";"3,8826700"
"201900007760";"16";"9";"2019";"17:05";"1";"42";"42044";"2";"1";"1";"2";"JACKSON (RUE JAMES)";"45,3988000";"4,3383000"
"201900007761";"14";"9";"2019";"12:30";"1";"41";"41047";"2";"2";"1";"3";"RD 2152";"47,6031590";"1,3495640"
"201900007762";"11";"9";"2019";"20:05";"1";"40";"40281";"2";"9";"1";"3";"LECLERC (CTRE CIAL)";"43,8654000";" -0,4807800"
"201900007763";"16";"9";"2019";"22:40";"5";"35";"35281";"2";"2";"1";"1";"MERMOZ (BD JEAN)";"48,0963390";" -1,6925990"
"201900007764";"16";"9";"2019";"15:47";"1";"35";"35238";"2";"9";"1";"3";"LORIENT (DE)";"48,1068200";" -1,7280000"
"201900007765";"7";"9";"2019";"03:45";"1";"33";"33119";"2";"9";"1";"1";"RUE PAULINE KERGOMARD";"44,8482200";" -0,5077900"
"201900007766";"14";"9";"2019";"18:35";"1";"33";"33075";"2";"3";"1";"5";"AVE DE LA JALLE NOIRE";"44,8916500";" -0,6134800"
"201900007767";"15";"9";"2019";"11:00";"1";"33";"33069";"2";"2";"1";"6";"WILSON (BD DU PRESIDENT)";"44,8532000";" -0,5940500"
"201900007768";"16";"9";"2019";"00:55";"5";"31";"31555";"2";"2";"1";"3";"AV PAUL SEJOURNE";"43,6074700";"1,4282500"
"201900007769";"14";"9";"2019";"05:35";"5";"31";"31555";"1";"1";"1";"6";"3 COLOMIERS EST (A624)";"43,6469100";"1,4577500"
"201900007770";"15";"9";"2019";"14:35";"1";"29";"29019";"2";"1";"1";"1";"ROBESPIERRE (DE 1 A 31 ET 2 A 24)";"48,4140900";" -4,4915400"
"201900007771";"15";"9";"2019";"17:15";"1";"25";"25056";"2";"1";"1";"6";"PIEMONT RUE DU";"47,2216900";"5,9613200"
"201900007772";"15";"9";"2019";"16:30";"1";"22";"22278";"1";"1";"1";"2";"LIGNERIES (DES)";"48,5254200";" -2,7370300"
"201900007773";"16";"9";"2019";"14:30";"1";"17";"17415";"2";"9";"1";"1";"SAINT PIERRE RUE";"45,7448400";" -0,6313700"
"201900007774";"16";"9";"2019";"17:20";"1";"17";"17299";"2";"1";"1";"6";"HUIT MAI 1945 AVENUE DU";"45,9614010";" -0,9697430"
"201900007775";"16";"9";"2019";"06:45";"2";"13";"13211";"2";"1";"1";"2";"RTE D' ALLAUCH";"43,3112000";"5,4996600"
"201900007776";"16";"9";"2019";"08:35";"1";"10";"10081";"2";"1";"1";"6";"GENERAL SARRAIL (AVE)";"48,3075700";"4,0430200"
"201900007777";"15";"9";"2019";"17:57";"1";"10";"10387";"2";"1";"1";"1";"ST DOMINIQUE (MAIL)";"48,2949200";"4,0816000"
"201900007778";"15";"9";"2019";"16:44";"1";"10";"10333";"2";"1";"1";"6";"ECHENILLY (RUE)";"48,2738800";"4,0398000"
"201900007779";"30";"8";"2019";"22:50";"3";"7";"07281";"1";"1";"1";"6";"C.D.533";"44,9346500";"4,8151900"
"201900007780";"13";"9";"2019";"16:00";"1";"7";"07116";"1";"1";"1";"1";"N/A";"44,6382000";"4,3745000"
"201900007781";"15";"9";"2019";"01:00";"5";"6";"06088";"2";"1";"1";"1";"PENETRANTE DU PAILLON";"43,7312200";"7,2859800"
"201900007782";"16";"9";"2019";"19:00";"1";"6";"06069";"2";"1";"1";"2";"HALTE (ROND-POINT)";"43,6414550";"6,9115970"
"201900007783";"16";"9";"2019";"10:56";"1";"6";"06069";"2";"1";"1";"7";"DRAGUIGNAN (ROUTE DE) - D2562-";"43,6452560";"6,9028960"
"201900007784";"16";"9";"2019";"09:55";"1";"6";"06069";"2";"1";"1";"2";"CARNOT (BOULEVARD ET TRAVERSE)";"43,6548340";"6,9213780"
"201900007785";"16";"9";"2019";"10:20";"1";"75";"75118";"2";"1";"1";"4";"BD PERIPHERIQUE EXTERIEUR";"48,9009420";"2,3575530"
"201900007786";"16";"9";"2019";"10:00";"1";"75";"75112";"2";"1";"1";"3";"BD PERIPHERIQUE EXTERIEUR";"48,8325420";"2,4061090"
"201900007787";"16";"9";"2019";"09:25";"1";"75";"75116";"2";"1";"1";"4";"BD PERIPHERIQUE INTERIEUR";"48,8593849";"2,2628401"
"201900007788";"14";"9";"2019";"12:35";"1";"75";"75119";"2";"1";"1";"2";"BD PERIPHERIQUE EXTERIEUR";"48,9006060";"2,3739330"
"201900007789";"16";"9";"2019";"18:34";"1";"75";"75118";"2";"2";"1";"3";"RUE ORDENER";"48,8902513";"2,3599153"
"201900007790";"16";"9";"2019";"21:05";"5";"75";"75120";"2";"2";"1";"3";"RUE HAXO";"48,8759964";"2,4025526"
"201900007791";"16";"9";"2019";"19:50";"5";"75";"75120";"2";"3";"1";"6";"RUE DES PRAIRIES";"48,8624140";"2,4034529"
"201900007792";"16";"9";"2019";"14:45";"1";"75";"75120";"2";"1";"1";"6";"RUE DES PYRENEES";"48,8587524";"2,4026179"
"201900007793";"16";"9";"2019";"22:55";"5";"75";"75110";"2";"3";"1";"6";"QUAI DE JEMMAPES";"48,8717023";"2,3653881"
"201900007794";"16";"9";"2019";"18:30";"2";"75";"75118";"2";"4";"1";"3";"RUE CHAMPIONNET";"48,8934708";"2,3294319"
"201900007795";"15";"9";"2019";"17:10";"1";"75";"75116";"2";"3";"1";"3";"RUE POUSSIN";"48,8488709";"2,2651765"
"201900007796";"16";"9";"2019";"09:45";"1";"75";"75115";"2";"2";"1";"3";"BOULEVARD PASTEUR";"48,8428714";"2,3123891"
"201900007797";"16";"9";"2019";"18:20";"1";"75";"75111";"2";"2";"1";"6";"BOULEVARD RICHARD LENOIR";"48,8640025";"2,3706871"
"201900007798";"16";"9";"2019";"13:25";"1";"75";"75111";"2";"1";"1";"6";"RUE LEON FROT";"48,8546430";"2,3875430"
"201900007799";"16";"9";"2019";"16:00";"1";"75";"75110";"2";"4";"1";"6";"AVENUE CLAUDE VELLEFAUX";"48,8771774";"2,3702974"
"201900007800";"16";"9";"2019";"01:25";"5";"75";"75102";"2";"4";"1";"3";"BOULEVARD SAINT DENIS";"48,8696083";"2,3530032"
"201900007801";"16";"9";"2019";"21:25";"5";"94";"94077";"2";"1";"1";"2";"LE FOLL (AV)";"48,7293100";"2,4291300"
"201900007802";"16";"9";"2019";"12:55";"1";"94";"94021";"2";"1";"1";"3";"RUE PAUL HOCHART";"48,7784400";"2,3647200"
"201900007803";"16";"9";"2019";"08:40";"1";"94";"94021";"2";"1";"1";"2";"GENERAL DE GAULLE (AV DU)";"48,7715200";"2,3478000"
"201900007804";"16";"9";"2019";"08:30";"1";"94";"94011";"2";"1";"1";"4";"BOISSY.(AVENUE DE)";"48,7613100";"2,4967700"
"201900007805";"14";"9";"2019";"19:54";"1";"94";"94053";"2";"3";"1";"3";"CONDORCET (R)";"48,7746000";"2,5495000"
"201900007806";"15";"9";"2019";"18:10";"1";"94";"94018";"2";"3";"1";"3";"PONT DE CHARENTON";"48,8100000";"2,4100000"
"201900007807";"16";"9";"2019";"10:00";"1";"94";"94017";"2";"9";"1";"3";"GENERAL DE GAULLE (AV DU)";"48,8274700";"2,5094300"
"201900007808";"16";"9";"2019";"00:30";"3";"93";"93013";"2";"1";"1";"1";"LINDBERGH (CARREFOUR)";"48,9407900";"2,4231500"
"201900007809";"16";"9";"2019";"00:20";"5";"93";"93001";"2";"3";"1";"3";"JEAN JAURES (AVE)  215 =>";"48,9162300";"2,4056400"
"201900007810";"16";"9";"2019";"18:44";"1";"92";"92075";"2";"1";"1";"3";"LARMEROUX (RUE)";"48,8166590";"2,2804230"
"201900007811";"16";"9";"2019";"09:30";"1";"92";"92020";"2";"1";"1";"3";"STALINGRAD BOULEVARD";"48,8048200";"2,2875800"
"201900007812";"14";"9";"2019";"02:25";"5";"92";"92036";"2";"1";"1";"7";"PRINCIPALE DU PORT (ROUTE) (1/17)";"48,9412000";"2,2963600"
"201900007813";"13";"9";"2019";"00:00";"5";"92";"92004";"2";"3";"1";"3";"AULAGNIER ( QUAI )";"48,9131091";"2,3070405"
"201900007814";"16";"9";"2019";"22:00";"5";"92";"92002";"2";"2";"1";"3";"PRESIDENT KENNEDY (2 A 48)";"48,7362318";"2,2917628"
"201900007815";"16";"9";"2019";"15:35";"1";"92";"92002";"2";"1";"1";"6";"CHATENAY (RUE DE)";"48,7589000";"2,2910000"
"201900007816";"15";"9";"2019";"16:40";"1";"14";"14741";"1";"1";"1";"1";"Route de Saint-Laurent, LE HAUT DU VEY";"48,9124510";" -0,4515900"
"201900007817";"13";"9";"2019";"12:00";"1";"71";"71492";"1";"3";"7";"3";"D84";"46,5686140";"4,6210550"
"201900007818";"16";"9";"2019";"22:30";"3";"40";"40004";"1";"1";"1";"1";"Route de Capbreton";"43,6533720";" -1,3808510"
"201900007819";"17";"9";"2019";"15:50";"1";"26";"26169";"1";"1";"1";"4";"A7 - Pk 126+500 - S/N";"44,4652000";"4,7622000"
"201900007820";"17";"9";"2019";"08:15";"1";"38";"38362";"1";"1";"1";"6";"Route de Miribel";"45,4093980";"5,6728860"
"201900007821";"17";"9";"2019";"06:00";"3";"50";"50059";"1";"1";"1";"7";"RN 13 Sens Cherbourg Caen";"49,3725970";" -1,2913500"
"201900007822";"15";"9";"2019";"10:25";"1";"34";"34114";"1";"1";"1";"6";"A750 PK 27+680";"43,6416290";"3,5701360"
"201900007823";"9";"2";"2019";"00:20";"3";"93";"93039";"2";"3";"2";"3";"EPINAY (AVENUE DU PONT D' )";"48,9503700";"2,3068200"
"201900007824";"10";"2";"2019";"04:45";"5";"93";"93027";"2";"6";"2";"6";"JAURES (AVENUE JEAN)";"48,9208400";"2,4103090"
"201900007825";"10";"2";"2019";"21:50";"5";"93";"93057";"2";"1";"2";"2";"BRIAND ( AV. ARISTIDE) 238 A 308";"48,9109200";"2,5159900"
"201900007826";"10";"2";"2019";"10:30";"1";"93";"93057";"2";"1";"2";"6";"JAURES (AV. JEAN) 118 A FIN";"48,9073200";"2,4969900"
"201900007827";"8";"2";"2019";"16:00";"1";"93";"93010";"2";"1";"2";"6";"BARBUSSE (AV. HENRI) DE 77 A 113 COTE IM";"48,9013301";"2,4892235"
"201900007828";"10";"2";"2019";"01:46";"5";"93";"93007";"2";"1";"2";"3";"""PAUL VAILLANT COUTURIER (AVENUE """"DU 13";"48,9264600";"2,4693400"
"201900007829";"9";"2";"2019";"19:20";"5";"93";"93005";"2";"9";"1";"6";"ANDRE CITROEN (BOULEVARD)";"48,9606500";"2,4893900"
"201900007830";"11";"2";"2019";"13:20";"1";"92";"92064";"2";"1";"1";"2";"MONT VALERIEN";"48,8590600";"2,2137200"
"201900007831";"7";"2";"2019";"23:15";"5";"92";"92064";"2";"1";"1";"6";"GENERAL LECLERC";"48,8415695";"2,2070998"
"201900007832";"7";"2";"2019";"10:10";"1";"92";"92012";"2";"1";"2";"5";"ANDRE MORIZET (AVENUE) - 49/FIN - 54/FIN";"48,8404720";"2,2289828"
"201900007833";"12";"2";"2019";"14:35";"1";"92";"92051";"2";"1";"1";"6";"LOUIS-PHILIPPE (RUE )";"48,8835000";"2,2806000"
"201900007834";"12";"2";"2019";"11:00";"1";"92";"92051";"2";"2";"1";"6";"ROULE (AVENUE DU, N° 29 A 91 ET 30 A 86)";"48,8818500";"2,2802500"
"201900007835";"11";"2";"2019";"19:35";"5";"92";"92051";"2";"1";"1";"2";"GENERAL LECLERC (BOULEVARD DU, N° 1 A 27";"48,8919400";"2,2662200"
"201900007836";"9";"2";"2019";"14:40";"1";"92";"92051";"2";"1";"1";"2";"CHARLES DE GAULLE (AVENUE, N°27 A 129)";"48,8820141";"2,2688548"
"201900007837";"6";"2";"2019";"21:10";"5";"92";"92050";"2";"1";"3";"3";"GARENNE RUE DE LA";"48,9000600";"2,2297400"
"201900007838";"8";"2";"2019";"23:15";"5";"92";"92020";"2";"2";"2";"6";"EXUPERY AVENUE SAINT/  PARIS AVENUE DE N°2 A82";"48,8094100";"2,2982900"
"201900007839";"10";"2";"2019";"01:40";"5";"92";"92048";"2";"5";"2";"3";"GENERAL LECLERC (PLACE DU)";"48,8178655";"2,2301294"
"201900007840";"7";"2";"2019";"17:15";"1";"92";"92044";"2";"2";"1";"6";"ED.VAILLANT(RUE) 37A45 ET 36A48";"48,8936100";"2,2911300"
"201900007841";"11";"2";"2019";"21:06";"5";"92";"92040";"2";"1";"1";"6";"STALINGRAD (QUAI DE)";"48,8231838";"2,2546186"
"201900007842";"8";"2";"2019";"22:47";"5";"92";"92026";"2";"3";"2";"3";"EUROPE ( AVENUE DE L' )";"48,9064800";"2,2594900"
"201900007843";"7";"2";"2019";"16:55";"2";"92";"92024";"2";"2";"1";"3";"RUE DU 08 MAI 1945";"48,8982124";"2,3101565"
"201900007844";"11";"2";"2019";"09:30";"1";"92";"92023";"2";"6";"1";"3";"DOCTEUR CALMETTE (AVENUE DU)";"48,8114100";"2,2702700"
"201900007845";"11";"9";"2019";"19:30";"2";"92";"92012";"2";"1";"1";"6";"COURS DE L'ILE SEGUIN";"48,8279700";"2,2352600"
"201900007846";"8";"2";"2019";"09:30";"1";"49";"49244";"2";"1";"2";"6";"55 rue des mauges, LA POMMERAYE";"47,3501820";" -0,8569200"
"201900007847";"10";"2";"2019";"06:40";"2";"47";"47223";"1";"1";"2";"1";"LAS SAGNE";"44,6534090";"0,7336880"
"201900007848";"6";"2";"2019";"09:50";"1";"95";"95395";"1";"1";"5";"6";"RD 316";"49,0552220";"2,4020280"
"201900007849";"10";"2";"2019";"00:50";"5";"60";"60107";"2";"1";"3";"6";"Rue des Marais";"49,3570360";"2,4355460"
"201900007850";"13";"2";"2019";"17:50";"1";"17";"17413";"1";"1";"1";"3";"D203";"46,0760010";" -1,0524790"
"201900007851";"8";"2";"2019";"21:35";"3";"41";"41194";"1";"1";"2";"1";"CD922 - PK 31 + 500";"47,3706980";"1,7384520"
"201900007852";"8";"2";"2019";"07:30";"2";"68";"68043";"1";"1";"8";"1";"Rte départementale 44";"47,8557590";"7,2504170"
"201900007853";"10";"2";"2019";"10:22";"1";"68";"68112";"2";"1";"1";"7";"03 RUE DE LA RÉPUBLIQUE";"47,9066560";"7,2145520"
"201900007854";"10";"2";"2019";"14:25";"1";"71";"71155";"1";"1";"2";"7";"lieu dit ""Velleray""";"46,7489800";"3,7389150"
"201900007855";"11";"2";"2019";"23:55";"3";"86";"86050";"1";"1";"1";"7";"Route de Vauvert, lieu dit l'Héraudière";"46,6441860";" -0,0475640"
"201900007856";"9";"2";"2019";"15:15";"1";"40";"40133";"2";"1";"1";"6";"avenue Charles de Gaulle";"43,5941100";" -1,4252800"
"201900007857";"11";"2";"2019";"18:30";"2";"33";"33352";"1";"3";"1";"3";"Avenue Ernest becquet";"44,5876970";" -0,0532100"