"Num_Acc";"jour";"mois";"an";"hrmn";"lum";"dep";"com";"agg";"int";"atm";"col";"adr";"lat";"long"
"201900007858";"8";"2";"2019";"16:40";"1";"41";"41142";"1";"1";"1";"6";"RD 766";"47,6055000";"1,1535860"
"201900007859";"13";"2";"2019";"16:32";"1";"31";"31573";"1";"1";"1";"6";"Les Espos";"43,6671200";"1,6894690"
"201900007860";"12";"2";"2019";"00:25";"3";"28";"28269";"1";"1";"1";"2";"A10";"48,4065130";"1,5009590"
"201900007861";"10";"2";"2019";"07:45";"1";"974";"97422";"2";"1";"1";"2";"rue hubert delisle";" -21,2630260";"55,5066880"
"201900007862";"13";"2";"2019";"06:40";"1";"972";"97221";"1";"1";"1";"6";"Quartier Terrier";"14,5325790";" -60,9329920"
"201900007863";"10";"2";"2019";"05:20";"3";"63";"63171";"1";"1";"1";"6";"CD 227";"46,0538673";"2,7945681"
"201900007864";"11";"2";"2019";"10:00";"1";"52";"52422";"1";"1";"4";"2";"PK210+700 - Autoroute A5";"48,0295040";"5,0859833"
"201900007865";"10";"2";"2019";"19:30";"3";"52";"52207";"1";"1";"6";"2";"A31, pk 133+500";"47,9591200";"5,4512130"
"201900007866";"9";"2";"2019";"20:00";"3";"1";"01250";"1";"1";"1";"2";"CD936";"45,9896090";"4,7999500"
"201900007867";"9";"2";"2019";"19:50";"3";"1";"01238";"1";"2";"1";"2";"RD 933";"45,9103690";"4,8160490"
"201900007868";"11";"2";"2019";"13:35";"1";"64";"64548";"1";"1";"1";"1";"D49";"43,4696940";" -0,5023070"
"201900007869";"7";"2";"2019";"17:55";"3";"21";"21002";"1";"1";"1";"6";"A38 - PR 18";"47,3026880";"4,7660580"
"201900007870";"7";"2";"2019";"17:35";"1";"35";"35012";"1";"3";"1";"3";"la roche signolet";"47,8227450";" -1,7192020"
"201900007871";"11";"2";"2019";"16:45";"1";"974";"97410";"2";"1";"1";"6";"144 route Nationale 2 - Ste Anne";" -21,0800440";"55,7447150"
"201900007872";"8";"2";"2019";"18:30";"5";"1";"01033";"2";"1";"1";"6";"65 rue de la République";"46,1065350";"5,8233350"
"201900007873";"11";"2";"2019";"10:10";"1";"83";"83019";"1";"1";"1";"6";"RD 98";"43,2005200";"6,4119680"
"201900007874";"10";"2";"2019";"15:00";"1";"978";"97801";"2";"1";"1";"3";"route de l'espérance";"18,1027830";" -63,0478020"
"201900007875";"9";"2";"2019";"12:03";"1";"44";"44113";"1";"1";"1";"6";"N 137";"47,5711530";" -1,6323950"
"201900007876";"31";"1";"2019";"07:30";"2";"34";"34123";"2";"1";"1";"5";"N109 - PR 7+200";"43,6273960";"3,7830270"
"201900007877";"8";"2";"2019";"10:10";"1";"30";"30312";"1";"1";"1";"1";"D980";"44,0337712";"4,7943839"
"201900007878";"9";"2";"2019";"17:10";"1";"30";"30295";"1";"1";"1";"6";"route de Jol D125";"44,0493330";"4,4246860"
"201900007879";"11";"2";"2019";"10:00";"1";"22";"22239";"1";"2";"1";"3";"D 766 / D 90";"48,3423970";" -2,1044960"
"201900007880";"9";"2";"2019";"17:50";"3";"22";"22348";"1";"1";"3";"7";"D19";"48,3560450";" -2,2224490"
"201900007881";"11";"2";"2019";"18:20";"3";"62";"62805";"1";"1";"1";"1";"RD 77";"50,4529490";"2,3633260"
"201900007882";"6";"2";"2019";"03:30";"3";"30";"30092";"1";"1";"1";"6";"RD 6086";"44,0894503";"4,5960786"
"201900007883";"6";"2";"2019";"14:50";"1";"34";"34095";"2";"3";"1";"1";"RD 613 intersection D5E7";"43,5233510";"3,7358240"
"201900007884";"8";"2";"2019";"21:00";"3";"61";"61464";"1";"1";"3";"5";"A28 PK 178+000";"48,5959900";"0,1914230"
"201900007885";"10";"2";"2019";"16:30";"1";"27";"27547";"1";"1";"4";"1";"A 28 sens 1 PK 232.100";"49,0324880";"0,4427620"
"201900007886";"8";"2";"2019";"23:57";"3";"27";"27463";"1";"1";"6";"7";"autoroute A28 - PK 251+100 Sens Alençon-Rouen";"49,1485680";"0,6067020"
"201900007887";"8";"2";"2019";"16:50";"1";"83";"83057";"1";"1";"1";"2";" RD N7";"43,3745440";"6,2002980"
"201900007888";"12";"2";"2019";"02:30";"3";"57";"57038";"1";"1";"9";"1";"RD16";"49,4515020";"5,9524320"
"201900007889";"5";"2";"2019";"16:54";"1";"57";"57106";"2";"1";"7";"6";"07 rue de sarrelouis";"49,2903290";"6,5357980"
"201900007890";"8";"2";"2019";"13:00";"1";"51";"51261";"1";"3";"1";"5";"RD 74";"49,3190938";"4,0731553"
"201900007891";"4";"2";"2019";"14:35";"1";"51";"51200";"1";"6";"1";"7";"RD 10";"49,0089617";"3,9500705"
"201900007892";"9";"2";"2019";"08:50";"1";"59";"59261";"2";"1";"1";"6";"74 rue roland rouleau";"50,0574530";"4,0822780"
"201900007893";"8";"2";"2019";"17:00";"1";"56";"56170";"1";"1";"3";"6";"RD 790 Gornoec";"48,1374330";" -3,3996950"
"201900007894";"10";"2";"2019";"16:50";"1";"56";"56010";"1";"1";"7";"7";"Baud RN 24 PR73+344";"47,8850390";" -3,0391160"
"201900007895";"7";"2";"2019";"09:55";"1";"56";"56178";"2";"1";"7";"6";"RUE ALBERT DE MUN";"48,0521130";" -2,9593210"
"201900007896";"9";"2";"2019";"14:30";"1";"56";"56036";"1";"1";"1";"1";"RD 769 Kergohal";"47,8171950";" -3,3356690"
"201900007897";"11";"2";"2019";"14:30";"1";"56";"56251";"2";"6";"1";"3";"Allée du Landy";"47,6317500";" -2,6624160"
"201900007898";"9";"2";"2019";"20:30";"3";"56";"56240";"1";"1";"3";"6";"Le Rangouët";"47,5374040";" -2,7058990"
"201900007899";"12";"1";"2019";"13:30";"1";"56";"56153";"1";"1";"1";"7";"RD 20 Le Pont de l'Etier";"47,5943000";" -2,2963700"
"201900007900";"31";"1";"2019";"18:45";"2";"56";"56158";"1";"3";"1";"6";"rue Camille Claudel";"47,6782810";" -2,8013540"
"201900007901";"12";"2";"2019";"16:40";"1";"74";"74088";"1";"6";"1";"6";"D1201";"46,0471864";"6,0905001"
"201900007902";"12";"2";"2019";"22:15";"5";"74";"74223";"2";"1";"9";"6";"RD 4 - Route du fer a cheval";"46,0932391";"6,6411868"
"201900007903";"7";"2";"2019";"11:00";"1";"77";"77026";"1";"1";"1";"6";"RD 403";"48,6149900";"3,3828400"
"201900007904";"13";"2";"2019";"10:25";"1";"76";"76719";"2";"1";"7";"6";"rue André FIQUET";"49,7438780";"0,5114340"
"201900007905";"4";"2";"2019";"08:25";"2";"76";"76357";"1";"1";"2";"1";"D925";"49,5984820";"0,2711900"
"201900007906";"8";"2";"2019";"20:40";"3";"79";"79185";"2";"1";"8";"6";"53 rue du Moulin à Vent";"46,2922860";" -0,2720730"
"201900007907";"12";"2";"2019";"15:56";"1";"80";"80743";"1";"1";"1";"7";"rue de Cappy";"49,9424590";"2,7536350"
"201900007908";"12";"2";"2019";"15:30";"1";"80";"80373";"2";"1";"1";"6";"37 rue charles DE GAULLE";"49,9849830";"1,5586410"
"201900007909";"7";"2";"2019";"21:45";"3";"82";"82076";"1";"1";"1";"6";"route de lamothe capdeville";"44,0822860";"1,3567910"
"201900007910";"9";"2";"2019";"15:40";"1";"65";"65444";"1";"1";"1";"7";"D26";"43,0405438";"0,5597642"
"201900007911";"9";"2";"2019";"06:45";"3";"65";"65184";"1";"1";"1";"6";"""Lieu dit La Losse"" D939 PK 20+900";"43,1837010";"0,4007880"
"201900007912";"7";"2";"2019";"12:40";"1";"69";"69169";"1";"1";"1";"4";"D313 - Les quatres vents";"45,9810860";"4,3739990"
"201900007913";"10";"2";"2019";"05:30";"3";"11";"11262";"1";"6";"1";"6";"rond point de Ricardelle";"43,1613710";"3,0575230"
"201900007914";"9";"2";"2019";"03:00";"3";"11";"11018";"1";"1";"5";"6";"Lieu-dit l'Auberge";"43,2112170";"2,1963060"
"201900007915";"12";"2";"2019";"17:12";"1";"71";"71419";"2";"1";"1";"3";"43 place du marché";"46,7529960";"5,2415990"
"201900007916";"9";"2";"2019";"10:15";"1";"71";"71157";"1";"1";"8";"1";"Avenue René Cassin";"46,5004770";"5,3870910"
"201900007917";"13";"2";"2019";"09:15";"1";"71";"71310";"2";"1";"1";"6";"Avenue des Mouettes";"46,7385070";"4,4750680"
"201900007918";"9";"2";"2019";"09:55";"1";"89";"89169";"2";"1";"1";"1";"21 route de DiJon";"47,9500600";"3,8793900"
"201900007919";"13";"2";"2019";"08:20";"1";"63";"63131";"1";"1";"1";"7";"LIEU-DIT BOGROS";"45,8626945";"3,3643663"
"201900007920";"9";"2";"2019";"23:45";"3";"63";"63271";"1";"1";"2";"2";"D906";"45,9290930";"3,4978640"
"201900007921";"3";"2";"2019";"18:15";"4";"61";"61184";"2";"3";"1";"3";"lieu dit le bourg GAUVILLE RD 12";"48,8283090";"0,5554420"
"201900007922";"8";"2";"2019";"01:00";"3";"55";"55344";"1";"1";"1";"7";"N/A";"48,5260790";"5,6922210"
"201900007923";"12";"2";"2019";"07:30";"2";"55";"55093";"1";"1";"5";"7";"D908 PR35.8";"48,9178820";"5,6783150"
"201900007924";"10";"2";"2019";"01:30";"3";"55";"55229";"1";"1";"2";"7";"RD 964 - PK 49+200 sens croissant";"48,8590480";"5,5224460"
"201900007925";"10";"2";"2019";"12:31";"1";"12";"12021";"1";"1";"2";"7";"RD905A PK9+80 - Vabre-Tizac";"44,2805900";"2,1668270"
"201900007926";"12";"2";"2019";"18:55";"3";"12";"12043";"1";"1";"1";"1";"la crouzette - ceignac";"44,2800810";"2,5106390"
"201900007927";"10";"2";"2019";"14:20";"1";"46";"46181";"1";"1";"2";"3";"rd 802";"44,6660270";"1,6806970"
"201900007928";"9";"2";"2019";"15:20";"1";"41";"41151";"1";"1";"8";"7";"D62, route de Chaumont/Loire";"47,3763880";"1,2046580"
"201900007929";"8";"2";"2019";"20:00";"3";"86";"86235";"1";"1";"2";"5";"La Grange Carree";"46,3837990";"0,4645170"
"201900007930";"8";"2";"2019";"16:10";"1";"34";"34201";"1";"1";"1";"7";"D20 PK 22,700.";"43,4298490";"2,9724190"
"201900007931";"10";"2";"2019";"11:00";"1";"68";"68305";"2";"1";"1";"2";"9, rue d'Altkirch";"47,5404510";"7,1766390"
"201900007932";"6";"2";"2019";"16:25";"1";"68";"68068";"2";"1";"7";"7";"rue de belfort 23";"47,6311000";"7,1132680"
"201900007933";"11";"2";"2019";"16:25";"1";"68";"68303";"1";"1";"1";"1";"D16";"47,6143310";"7,3047940"
"201900007934";"12";"2";"2019";"10:10";"1";"22";"22266";"2";"1";"1";"6";"place de la république";"48,2359689";" -3,3173804"
"201900007935";"10";"2";"2019";"14:06";"1";"22";"22346";"1";"1";"1";"1";"l'épine du bas bourg";"48,3689571";" -2,6229387"
"201900007936";"8";"2";"2019";"12:00";"1";"22";"22184";"2";"1";"2";"3";"la gare de moncontour";"48,3545160";" -2,6420271"
"201900007937";"8";"1";"2019";"02:50";"4";"22";"22219";"1";"1";"1";"7";"RD 768";"48,2712056";" -2,7081315"
"201900007938";"12";"2";"2019";"16:50";"1";"22";"22183";"1";"3";"1";"1";"Les Livaudières d'En Bas (La Ferrière, Les Moulins)";"48,1266620";" -2,6452440"
"201900007939";"10";"2";"2019";"08:40";"2";"44";"44175";"1";"1";"2";"7";"RD47 - LIEU DIT LA BONNE FONTAINE";"47,4056710";" -2,2973000"
"201900007940";"9";"2";"2019";"06:40";"3";"44";"44072";"1";"1";"1";"6";"D 774 PK 25+350";"47,4558509";" -2,3149910"
"201900007941";"8";"2";"2019";"11:10";"1";"44";"44049";"2";"1";"1";"6";"Avenue de la Pierre Longue";"47,2856250";" -2,5177450"
"201900007942";"8";"2";"2019";"07:00";"3";"44";"44128";"1";"4";"2";"1";"lieu dit la montagne - le dresny";"47,5630500";" -1,9263100"
"201900007943";"6";"2";"2019";"04:30";"3";"44";"44205";"1";"1";"2";"7";"La Gicquelière";"47,4372150";" -1,3848050"
"201900007944";"9";"2";"2019";"21:10";"3";"29";"29213";"1";"1";"3";"6";"D35";"48,5906331";" -4,1109243"
"201900007945";"12";"2";"2019";"11:15";"1";"29";"29113";"2";"1";"1";"6";"place Tanguy Prigent";"48,6466260";" -3,7165170"
"201900007946";"8";"2";"2019";"19:08";"3";"29";"29027";"1";"1";"2";"6";"Lieu-dit KERADENNEC";"48,2043912";" -3,8256773"
"201900007947";"9";"2";"2019";"18:00";"2";"29";"29056";"2";"1";"3";"7";"route de runal";"48,4303300";" -4,3151450"
"201900007948";"8";"2";"2019";"11:50";"1";"31";"31455";"2";"6";"1";"3";"Rond point des Huguenots";"43,2533610";"1,2005930"
"201900007949";"9";"2";"2019";"15:30";"1";"31";"31107";"2";"1";"1";"5";"Route de l'arize";"43,2921140";"1,2165390"
"201900007950";"9";"2";"2019";"16:45";"1";"38";"38139";"1";"1";"1";"6";"D16";"45,7386200";"5,4665700"
"201900007951";"6";"2";"2019";"11:40";"1";"38";"38022";"2";"1";"1";"1";"Route du Dauphiné";"45,6355600";"5,5214400"
"201900007952";"9";"2";"2019";"12:40";"1";"2";"02071";"2";"1";"1";"6";"chemin du verleux";"49,4136830";"3,1499950"
"201900007953";"8";"2";"2019";"19:45";"3";"2";"02453";"1";"1";"1";"3";"D103";"49,3826632";"3,7356379"
"201900007954";"13";"2";"2019";"17:50";"1";"2";"02046";"1";"2";"1";"5";"Lieu dit maison blanche RN2";"49,6275200";"3,6763950"
"201900007955";"9";"2";"2019";"10:35";"1";"84";"84089";"2";"1";"1";"6";"boulevard jean guigues";"43,6833120";"5,5351030"
"201900007956";"7";"2";"2019";"16:00";"1";"3";"03214";"1";"1";"1";"6";"N/A";"46,4308734";"3,0450064"
"201900007957";"9";"2";"2019";"18:40";"3";"15";"15092";"1";"1";"1";"6";"D49";"45,4232920";"2,5366680"
"201900007958";"9";"2";"2019";"21:30";"5";"1";"01415";"2";"1";"1";"6";"CD 992 lieu dit AMEZIEU";"45,8720830";"5,7074550"
"201900007959";"13";"2";"2019";"10:15";"1";"1";"01040";"1";"1";"1";"7";"D26 - La tronchay";"46,3573740";"5,0532630"
"201900007960";"9";"2";"2019";"05:00";"3";"70";"70311";"1";"1";"2";"7";"RN57";"47,8279720";"6,3995500"
"201900007961";"8";"2";"2019";"17:15";"1";"70";"70150";"1";"2";"1";"3";"Lieu dit ""Chenevrey Gare""";"47,2789620";"5,7170720"
"201900007962";"8";"2";"2019";"10:00";"1";"70";"70198";"2";"1";"1";"6";"19 rue Bernard Louvot";"47,5616980";"5,6780770"
"201900007963";"12";"2";"2019";"13:40";"1";"26";"26108";"1";"1";"1";"4";"Route de Montelimar -Quartier les Blaches";"44,7186410";"5,0117610"
"201900007964";"13";"2";"2019";"15:40";"1";"58";"58095";"1";"1";"1";"2";"route des feuillats";"46,7930560";"3,5085170"
"201900007965";"12";"2";"2019";"16:39";"1";"72";"72382";"1";"1";"1";"3";"lieu dit l'écotay";"47,9359170";"0,4737010"
"201900007966";"12";"2";"2019";"17:30";"1";"72";"72169";"1";"1";"1";"1";"C4";"47,9474050";"0,0799810"
"201900007967";"11";"2";"2019";"07:40";"1";"72";"72346";"2";"1";"2";"3";"3 rue du Faubourg St Michel";"47,8898480";"0,0322540"
"201900007968";"13";"2";"2019";"08:30";"1";"6";"06113";"1";"1";"1";"1";"D22";"43,7940630";"7,4567960"
"201900007969";"11";"2";"2019";"18:20";"2";"14";"14425";"1";"4";"1";"6";"La Croix Blanche";"49,0971390";"0,1234100"
"201900007970";"10";"2";"2019";"18:00";"2";"50";"50215";"1";"1";"4";"3";"D 650 PK 76 +300";"49,1059421";" -1,5962791"
"201900007971";"13";"2";"2019";"17:35";"1";"50";"50391";"2";"1";"1";"6";"D977 - Rue de la Rivière";"48,5838990";" -1,0909640"
"201900007972";"10";"2";"2019";"15:45";"1";"45";"45130";"1";"2";"2";"3";"RD 951";"47,7883480";"1,7140530"
"201900007973";"9";"2";"2019";"08:40";"1";"64";"64142";"1";"1";"1";"1";"PK 25+050";"43,3978160";" -0,4610460"
"201900007974";"10";"2";"2019";"00:20";"3";"18";"18129";"2";"3";"1";"6";"D34";"46,9725690";"2,4095090"
"201900007975";"13";"2";"2019";"08:00";"1";"43";"43141";"2";"1";"1";"6";"Le Faubourg St Claude";"45,1866860";"4,3214360"
"201900007976";"6";"2";"2019";"14:10";"1";"43";"43112";"2";"1";"1";"6";"Place Aristide BRIAND";"45,0999190";"3,4950450"
"201900007977";"10";"2";"2019";"11:35";"1";"10";"10254";"1";"2";"6";"3";"Route départementale 97";"48,5795350";"3,5176890"
"201900007978";"12";"2";"2019";"14:45";"1";"10";"10028";"1";"1";"1";"7";"D34";"47,9831000";"4,1728480"
"201900007979";"7";"2";"2019";"22:55";"3";"36";"36110";"1";"1";"1";"7";"RD 42A";"46,5752019";"1,7042734"
"201900007980";"7";"2";"2019";"13:30";"1";"36";"36005";"1";"1";"1";"1";"N/A";"46,7718518";"1,7903054"
"201900007981";"9";"2";"2019";"08:30";"1";"16";"16044";"1";"1";"2";"1";"RD 197";"46,0264200";"0,2522070"
"201900007982";"7";"2";"2019";"19:55";"3";"7";"07001";"2";"1";"1";"6";"RD 578";"44,8918200";"4,3983340"
"201900007983";"9";"2";"2019";"07:20";"3";"53";"53147";"2";"2";"8";"3";"rue du 130ème RI";"48,3043690";" -0,6191160"
"201900007984";"11";"2";"2019";"08:36";"1";"53";"53084";"2";"6";"1";"3";"promenade Charles de Gaulle";"47,8470260";" -0,9482380"
"201900007985";"8";"2";"2019";"11:50";"1";"40";"40089";"2";"1";"1";"2";"D 18 - 511 ROUTE DE MUGRON";"43,6916100";" -0,6497180"
"201900007986";"8";"2";"2019";"15:05";"1";"40";"40001";"1";"1";"1";"6";"avenue de Bordeaux";"43,7325940";" -0,2669400"
"201900007987";"11";"2";"2019";"04:30";"5";"40";"40317";"2";"1";"1";"6";"avenue du Général de Gaulle";"43,6884180";" -1,3334250"
"201900007988";"9";"2";"2019";"06:30";"3";"24";"24002";"1";"1";"1";"1";"le lyonnet";"45,2489720";"0,7380900"
"201900007989";"8";"2";"2019";"06:40";"3";"24";"24328";"1";"1";"5";"6";"Les brégères";"45,6135000";"0,7033000"
"201900007990";"7";"2";"2019";"18:45";"3";"4";"04200";"1";"1";"1";"1";"RD 4";"44,1471460";"5,9813560"
"201900007991";"10";"2";"2019";"03:15";"5";"85";"85020";"2";"6";"2";"6";"Route de Niort";"46,3708000";" -0,5768300"
"201900007992";"12";"2";"2019";"08:30";"2";"85";"85027";"1";"1";"1";"7";"LA BASSE VILNIERE";"46,9518300";" -1,3705200"
"201900007993";"11";"2";"2019";"18:20";"3";"85";"85084";"1";"1";"1";"7";"Le Plessis Cosson";"46,7553100";" -1,2192600"
"201900007994";"18";"1";"2019";"16:00";"1";"85";"85266";"1";"1";"1";"6";"Le Joblin";"46,7409900";" -0,9749000"
"201900007995";"8";"2";"2019";"23:50";"3";"27";"27595";"1";"2";"2";"1";"Intersection RD80 - Chemin de la mésangère";"49,2637160";"0,8864970"
"201900007996";"9";"2";"2019";"16:15";"1";"27";"27622";"1";"1";"8";"7";"RD 46";"49,1216530";"0,7219820"
"201900007997";"12";"2";"2019";"09:10";"1";"28";"28280";"1";"1";"1";"6";"N/A";"48,3231965";"0,8213553"
"201900007998";"12";"2";"2019";"18:05";"2";"28";"28188";"1";"1";"1";"1";"D910 - sens PARIS - CHARTRES";"48,4976470";"1,7048160"
"201900007999";"10";"2";"2019";"17:00";"2";"28";"28099";"1";"1";"2";"6";"345-3";"48,4290830";"1,1730940"
"201900008000";"8";"2";"2019";"06:45";"3";"17";"17177";"1";"2";"1";"3";"RD 131";"45,9305290";" -0,2514730"
"201900008001";"11";"2";"2019";"17:55";"1";"17";"17225";"2";"2";"1";"3";"Rue Léon Nicolle";"45,7236960";" -1,1438630"
"201900008002";"6";"2";"2019";"14:15";"1";"17";"17409";"1";"3";"1";"3";"route de Saujon - D14";"45,6803360";" -0,9911540"
"201900008003";"7";"2";"2019";"16:20";"1";"87";"87077";"1";"9";"1";"3";"Les quatres routes";"45,6309570";"1,2307830"
"201900008004";"11";"2";"2019";"18:00";"2";"37";"37216";"1";"1";"1";"1";"9 bis vallée de Courtineau";"47,1380350";"0,6225900"
"201900008005";"8";"2";"2019";"09:05";"1";"37";"37274";"1";"1";"1";"6";"Lieu dit le Moulin Boureau";"47,6405223";"0,5391943"
"201900008006";"10";"2";"2019";"03:00";"3";"30";"30186";"1";"1";"1";"6";"route de boissières";"43,7874870";"4,2318140"
"201900008007";"20";"3";"2019";"16:50";"1";"6";"06083";"2";"6";"1";"6";"POMPIDOU (ESPLANADE GEORGES)";"43,7718000";"7,4923000"
"201900008008";"23";"3";"2019";"21:40";"5";"6";"06069";"2";"1";"1";"3";"CANNES (ROUTE DE)  -RD 6085-";"43,6303808";"6,9587113"
"201900008009";"23";"3";"2019";"16:50";"1";"6";"06069";"2";"1";"1";"2";"MISTRAL (AVENUE ET PLACE FREDERIC)";"43,6419600";"6,9133000"
"201900008010";"22";"3";"2019";"12:20";"1";"6";"06069";"2";"1";"1";"3";"ROUQUIER (BOULEVARD EMMANUEL)";"43,6437900";"6,9418400"
"201900008011";"22";"3";"2019";"18:45";"1";"6";"06030";"2";"1";"1";"6";"SADI CARNOT (BOULEVARD)";"43,5662600";"7,0165000"
"201900008012";"22";"3";"2019";"11:50";"1";"6";"06029";"2";"1";"1";"1";"REPUBLIQUE (BOULEVARD DE LA)";"43,5577269";"7,0223072"
"201900008013";"25";"3";"2019";"12:00";"1";"6";"06027";"2";"1";"1";"3";"CANNES AVENUE DE (RN7)";"43,6539300";"7,1474000"
"201900008014";"21";"3";"2019";"17:00";"1";"6";"06123";"2";"1";"1";"3";"VESPINS ROUTE DES";"43,6603419";"7,1814618"
"201900008015";"21";"3";"2019";"15:00";"1";"6";"06123";"1";"1";"1";"1";"ST JEANNET ROUTE DE";"43,6938700";"7,1763200"
"201900008016";"18";"3";"2019";"09:00";"1";"6";"06123";"2";"9";"1";"2";"PUGETS AVENUE DES";"43,6780700";"7,1887200"
"201900008017";"24";"3";"2019";"16:05";"1";"5";"05061";"2";"1";"1";"1";"BELLEVUE (BOULEVARD)";"44,5618200";"6,0931700"
"201900008018";"23";"3";"2019";"11:50";"1";"5";"05061";"2";"1";"1";"2";"EYSSAGNIERES ( ROUTE DES )";"44,5568300";"6,0550600"
"201900008019";"19";"3";"2019";"11:15";"1";"3";"03023";"2";"1";"1";"6";"30 rue Gabriel Ramin";"46,1157058";"3,4073292"
"201900008020";"19";"3";"2019";"19:32";"1";"3";"03023";"2";"2";"1";"3";"avenue des Acacias";"46,1091934";"3,4105062"
"201900008021";"19";"3";"2019";"14:15";"1";"2";"02738";"2";"2";"1";"3";"RAYMOND POINCARE";"49,6555300";"3,3144000"
"201900008022";"26";"3";"2019";"00:10";"5";"2";"02408";"2";"1";"1";"6";"PREVERT (PLACE JACQUES)";"49,5502800";"3,6185100"
"201900008023";"24";"3";"2019";"16:20";"1";"2";"02408";"2";"9";"1";"3";"MANOISE (RUE DE)";"49,5741800";"3,6426700"
"201900008024";"25";"3";"2019";"21:00";"5";"75";"75117";"2";"4";"1";"3";"PORTE DES TERNES";"48,8845320";"2,2858570"
"201900008025";"25";"3";"2019";"11:10";"1";"75";"75116";"2";"1";"1";"3";"PORTE DE PASSY";"48,8577300";"2,2596800"
"201900008026";"23";"3";"2019";"18:35";"2";"75";"75118";"2";"1";"1";"6";"PORTE D AUBERVILLIERS";"48,9006820";"2,3670730"
"201900008027";"22";"3";"2019";"19:20";"5";"75";"75117";"2";"1";"1";"4";"PORTE D ASNIERES";"48,8931720";"2,3035210"
"201900008028";"22";"3";"2019";"12:30";"1";"75";"75116";"2";"4";"1";"2";"ECHANGEUR SAINT CLOUD";"48,8393440";"2,2542090"
"201900008029";"22";"3";"2019";"10:20";"1";"75";"75114";"2";"1";"1";"6";"PORTE DE CHATILLON";"48,8217520";"2,3179320"
"201900008030";"22";"3";"2019";"08:55";"1";"75";"75116";"2";"1";"1";"2";"PORTE DE SAINT CLOUD";"48,8355390";"2,2586700"
"201900008031";"21";"3";"2019";"09:50";"1";"75";"75113";"2";"1";"1";"2";"PORTE D ITALIE";"48,8187970";"2,3705670"
"201900008032";"20";"3";"2019";"11:40";"1";"75";"75117";"2";"1";"1";"4";"PORTE D ASNIERES";"48,8892370";"2,2961540"
"201900008033";"20";"3";"2019";"08:50";"1";"75";"75117";"2";"1";"1";"6";"BOULEVARD PERIPHERIQUE";"48,8871510";"2,2900740"
"201900008034";"20";"3";"2019";"08:45";"1";"75";"75115";"2";"1";"1";"2";"QUAI D ISSY LES MOULINEAUX";"48,8349270";"2,2667730"
"201900008035";"14";"3";"2019";"20:15";"5";"75";"75113";"2";"1";"8";"3";"PORTE D IVRY";"48,8191970";"2,3717930"
"201900008036";"23";"3";"2019";"17:55";"2";"75";"75106";"2";"1";"1";"3";"BOULEVARD SAINT GERMAIN";"48,8519100";"2,3410500"
"201900008037";"21";"3";"2019";"08:40";"1";"75";"75116";"2";"3";"1";"7";"AVENUE DU PRESIDENT KENNEDY";"48,8579240";"2,2879290"
"201900008038";"20";"3";"2019";"17:05";"1";"75";"75101";"2";"1";"1";"3";"RUE CAMBON";"48,8665230";"2,3254650"
"201900008039";"20";"3";"2019";"09:54";"1";"75";"75112";"2";"2";"1";"6";"AVENUE LEDRU ROLLIN";"48,8486470";"2,3725570"
"201900008040";"22";"3";"2019";"12:50";"1";"75";"75106";"2";"1";"1";"2";"BOULEVARD DU MONTPARNASSE";"48,8463030";"2,3176280"
"201900008041";"25";"3";"2019";"20:40";"5";"75";"75120";"2";"2";"1";"3";"RUE DES PYRENEES";"48,8632890";"2,3997040"
"201900008042";"25";"3";"2019";"09:55";"1";"75";"75120";"2";"1";"1";"3";"AVENUE GAMBETTA";"48,8636490";"2,3905260"
"201900008043";"23";"3";"2019";"16:20";"1";"75";"75120";"2";"3";"1";"3";"BOULEVARD DE BELLEVILLE";"48,8695630";"2,3799840"
"201900008044";"22";"3";"2019";"21:40";"5";"75";"75120";"2";"7";"1";"6";"COURS DE VINCENNES";"48,8471780";"2,4112750"
"201900008045";"21";"3";"2019";"22:40";"5";"75";"75120";"2";"2";"1";"6";"RUE SAINT BLAISE";"48,8577510";"2,4075780"
"201900008046";"21";"3";"2019";"20:20";"5";"75";"75120";"2";"3";"1";"6";"RUE DE LA CROIX SAINT SIMON";"48,8555330";"2,4097250"
"201900008047";"21";"3";"2019";"13:10";"1";"75";"75120";"2";"4";"1";"6";"RUE BELGRAND";"48,8646110";"2,4059820"
"201900008048";"25";"3";"2019";"17:45";"1";"75";"75119";"2";"3";"1";"3";"AVENUE JEAN JAURES";"48,8851800";"2,3793760"
"201900008049";"25";"3";"2019";"15:15";"1";"75";"75119";"2";"2";"1";"3";"AVENUE SIMON BOLIVAR";"48,8755820";"2,3818730"
"201900008050";"25";"3";"2019";"09:50";"1";"75";"75119";"2";"2";"1";"3";"RUE DE CRIMEE";"48,8849880";"2,3832710"
"201900008051";"23";"3";"2019";"02:20";"5";"75";"75119";"2";"1";"1";"6";"AVENUE CORENTIN CARIOU";"48,8950280";"2,3826320"
"201900008052";"22";"3";"2019";"14:53";"1";"75";"75119";"2";"3";"1";"6";"RUE DU GENERAL BRUNET";"48,8800130";"2,3901790"