"Num_Acc";"jour";"mois";"an";"hrmn";"lum";"dep";"com";"agg";"int";"atm";"col";"adr";"lat";"long"
"201900008053";"21";"3";"2019";"13:50";"1";"75";"75119";"2";"3";"1";"3";"AVENUE CORENTIN CARIOU";"48,8951300";"2,3827530"
"201900008054";"21";"3";"2019";"11:20";"1";"75";"75119";"2";"2";"1";"6";"RUE DE CRIMEE";"48,8859800";"2,3821550"
"201900008055";"22";"3";"2019";"09:55";"1";"75";"75118";"2";"1";"1";"3";"BOULEVARD DE LA CHAPELLE";"48,8842410";"2,3549660"
"201900008056";"20";"3";"2019";"20:30";"5";"75";"75118";"2";"2";"1";"3";"RUE HERMEL";"48,8924080";"2,3449890"
"201900008057";"20";"3";"2019";"11:30";"1";"75";"75118";"2";"2";"1";"3";"RUE RAMEY";"48,8908230";"2,3452900"
"201900008058";"25";"3";"2019";"05:55";"2";"75";"75118";"2";"2";"1";"6";"AVENUE DE CLICHY";"48,8858190";"2,3263760"
"201900008059";"21";"3";"2019";"08:45";"1";"75";"75117";"2";"2";"1";"6";"RUE DE PRONY";"48,8828320";"2,3030030"
"201900008060";"20";"3";"2019";"10:15";"1";"75";"75117";"2";"5";"1";"6";"RUE DE COURCELLES";"48,8791550";"2,3031440"
"201900008061";"20";"3";"2019";"07:00";"2";"75";"75117";"2";"3";"1";"3";"BOULEVARD MALESHERBES";"48,8896060";"2,3040410"
"201900008062";"25";"3";"2019";"10:30";"1";"75";"75116";"2";"2";"1";"3";"RUE MOLITOR";"48,8452700";"2,2604740"
"201900008063";"24";"3";"2019";"15:25";"1";"75";"75116";"2";"1";"1";"6";"ROUTE DE SEVRES A NEUILLY";"48,8606650";"2,2373190"
"201900008064";"24";"3";"2019";"16:15";"1";"75";"75116";"2";"7";"1";"2";"PLACE DE LA PORTE MAILLOT";"48,8773730";"2,2813620"
"201900008065";"23";"3";"2019";"16:20";"1";"75";"75116";"2";"1";"1";"3";"BOULEVARD DE L AMIRAL BRUIX";"48,8761940";"2,2820860"
"201900008066";"22";"3";"2019";"20:30";"5";"75";"75116";"2";"2";"1";"6";"AVENUE KLEBER";"48,8668220";"2,2899880"
"201900008067";"22";"3";"2019";"17:30";"1";"75";"75116";"2";"1";"1";"4";"QUAI LOUIS BLERIOT";"48,8458390";"2,2731710"
"201900008068";"22";"3";"2019";"14:45";"1";"75";"75116";"2";"3";"1";"6";"AVENUE PAUL DOUMER";"48,8599130";"2,2797310"
"201900008069";"22";"3";"2019";"14:15";"1";"75";"75116";"2";"2";"1";"6";"RUE JEAN BOLOGNE";"48,8577380";"2,2799170"
"201900008070";"21";"3";"2019";"20:00";"5";"75";"75116";"2";"2";"1";"6";"AVENUE DU PRESIDENT KENNEDY";"48,8516390";"2,2789730"
"201900008071";"21";"3";"2019";"08:30";"1";"75";"75116";"2";"3";"1";"2";"BOULEVARD LANNES";"48,8688440";"2,2735050"
"201900008072";"21";"3";"2019";"00:01";"5";"75";"75116";"2";"1";"1";"6";"ALLEE DE LONGCHAMP";"48,8740850";"2,2687560"
"201900008073";"20";"3";"2019";"22:06";"5";"75";"75116";"2";"2";"1";"6";"ROUTE DE SURESNES";"48,8650390";"2,2344540"
"201900008074";"22";"3";"2019";"13:40";"1";"75";"75115";"2";"1";"1";"6";"RUE BRANCION";"48,8344810";"2,3049680"
"201900008075";"21";"3";"2019";"20:45";"5";"75";"75115";"2";"3";"1";"3";"RUE CASTAGNARY";"48,8306880";"2,3063030"
"201900008076";"20";"3";"2019";"14:20";"1";"75";"75115";"2";"1";"1";"3";"AVENUE DE LA PORTE DE LA PLAINE";"48,8301810";"2,2922970"
"201900008077";"25";"3";"2019";"08:10";"1";"75";"75114";"2";"1";"1";"3";"RUE RAYMOND LOSSERAND";"48,8283680";"2,3067470"
"201900008078";"22";"3";"2019";"20:10";"5";"75";"75115";"2";"1";"1";"2";"RUE LECOURBE";"48,8389080";"2,2906110"
"201900008079";"20";"3";"2019";"08:00";"1";"75";"75114";"2";"1";"1";"3";"BOULEVARD SAINT JACQUES";"48,8325760";"2,3389150"
"201900008080";"19";"3";"2019";"10:35";"1";"75";"75114";"2";"7";"1";"2";"AVENUE DU COLONEL HENRI ROL TANGUY";"48,8336960";"2,3319240"
"201900008081";"24";"3";"2019";"19:30";"5";"75";"75113";"2";"1";"1";"6";"RUE DE TOLBIAC";"48,8267800";"2,3647710"
"201900008082";"24";"3";"2019";"19:00";"2";"75";"75113";"2";"2";"1";"3";"QUAI D AUSTERLITZ";"48,8419190";"2,3678690"
"201900008083";"22";"3";"2019";"10:40";"1";"75";"75113";"2";"8";"1";"3";"RUE DE TOLBIAC";"48,8259890";"2,3536510"
"201900008084";"22";"3";"2019";"05:15";"5";"75";"75113";"2";"3";"1";"6";"QUAI D IVRY";"48,8263300";"2,3869420"
"201900008085";"22";"3";"2019";"00:30";"5";"75";"75113";"2";"7";"1";"3";"AVENUE DE CHOISY";"48,8307730";"2,3563200"
"201900008086";"6";"3";"2019";"19:50";"2";"75";"75113";"2";"3";"2";"6";"AVENUE DE CHOISY";"48,8290460";"2,3576940"
"201900008087";"25";"3";"2019";"17:50";"1";"75";"75112";"2";"1";"1";"3";"ROUTE DE CEINTURE DU LAC DAUMESNIL";"48,8322660";"2,4156180"
"201900008088";"24";"3";"2019";"17:43";"1";"75";"75112";"2";"2";"1";"3";"PLACE EDOUARD RENARD";"48,8353610";"2,4066000"
"201900008089";"24";"3";"2019";"23:05";"5";"75";"75112";"2";"2";"1";"3";"RUE DE REUILLY";"48,8442090";"2,3902740"
"201900008090";"25";"3";"2019";"21:20";"5";"75";"75111";"2";"1";"1";"3";"AVENUE PHILIPPE AUGUSTE";"48,8513330";"2,3940930"
"201900008091";"22";"3";"2019";"11:20";"1";"75";"75110";"2";"1";"1";"7";"BOULEVARD DE BELLEVILLE";"48,8842900";"2,3638500"
"201900008092";"25";"3";"2019";"13:45";"1";"75";"75110";"2";"3";"7";"3";"RUE DE L AQUEDUC";"48,8840990";"2,3673380"
"201900008093";"25";"3";"2019";"03:00";"5";"75";"75102";"2";"2";"1";"3";"BOULEVARD DE STRASBOURG";"48,8693270";"2,3542430"
"201900008094";"23";"3";"2019";"16:25";"1";"75";"75110";"2";"1";"1";"6";"AVENUE CLAUDE VELLEFAUX";"48,8724710";"2,3697730"
"201900008095";"21";"3";"2019";"08:00";"1";"75";"75110";"2";"3";"1";"6";"BOULEVARD DE MAGENTA";"48,8806250";"2,3521530"
"201900008096";"23";"3";"2019";"18:50";"2";"75";"75109";"2";"5";"1";"6";"RUE DROUOT";"48,8719900";"2,3400320"
"201900008097";"21";"3";"2019";"20:17";"5";"75";"75102";"2";"1";"1";"6";"BOULEVARD POISSONNIERE";"48,8711920";"2,3448190"
"201900008098";"21";"3";"2019";"15:45";"1";"75";"75108";"2";"2";"1";"3";"BOULEVARD HAUSSMANN";"48,8737810";"2,3270200"
"201900008099";"21";"3";"2019";"15:05";"1";"75";"75109";"2";"2";"1";"3";"BOULEVARD MONTMARTRE";"48,8719860";"2,3400390"
"201900008100";"21";"3";"2019";"11:19";"1";"75";"75109";"2";"1";"1";"3";"RUE DE CHATEAUDUN";"48,8763090";"2,3334540"
"201900008101";"25";"3";"2019";"14:30";"1";"75";"75108";"2";"1";"1";"2";"SOUTERRAIN COURS LA REINE";"48,8647240";"2,3097150"
"201900008102";"25";"3";"2019";"09:10";"1";"75";"75108";"2";"2";"1";"3";"AVENUE DES CHAMPS ELYSEES";"48,8714550";"2,3023500"
"201900008103";"22";"3";"2019";"15:15";"1";"75";"75108";"2";"4";"1";"6";"VOIE GEORGES POMPIDOU";"48,8646340";"2,3070840"
"201900008104";"22";"3";"2019";"07:06";"1";"75";"75108";"2";"1";"1";"3";"BOULEVARD MALESHERBES";"48,8781220";"2,3158690"
"201900008105";"21";"3";"2019";"11:10";"1";"75";"75108";"2";"1";"1";"6";"RUE DE MIROMESNIL";"48,8795690";"2,3154640"
"201900008106";"20";"3";"2019";"13:10";"1";"75";"75117";"2";"5";"1";"3";"BOULEVARD DE COURCELLES";"48,8811780";"2,3153390"
"201900008107";"25";"3";"2019";"19:35";"5";"75";"75107";"2";"1";"1";"3";"RUE DE SEVRES";"48,8493950";"2,3224150"
"201900008108";"25";"3";"2019";"11:45";"1";"75";"75107";"2";"1";"1";"6";"RUE DE LILLE";"48,8580190";"2,3313950"
"201900008109";"21";"3";"2019";"19:50";"5";"75";"75107";"2";"3";"1";"2";"QUAI D ORSAY";"48,8624800";"2,3054170"
"201900008110";"22";"3";"2019";"20:50";"5";"75";"75101";"2";"1";"1";"6";"RUE DU LOUVRE";"48,8621060";"2,3414250"
"201900008111";"20";"3";"2019";"12:35";"1";"75";"75104";"2";"1";"1";"7";"RUE DE TURENNE";"48,8557910";"2,3638280"
"201900008112";"20";"3";"2019";"09:10";"1";"75";"75104";"2";"4";"1";"1";"VOIE GEORGES POMPIDOU";"48,8535610";"2,3565050"
"201900008113";"21";"3";"2019";"23:05";"5";"75";"75102";"2";"1";"1";"2";"RUE MONTMARTRE";"48,8706090";"2,3427590"
"201900008114";"22";"3";"2019";"20:15";"5";"75";"75102";"2";"1";"1";"6";"RUE MONTMARTRE";"48,8703620";"2,3426850"
"201900008115";"22";"3";"2019";"19:30";"5";"94";"94068";"2";"2";"1";"2";"RABELAIS (BD)";"48,8063800";"2,4793700"
"201900008116";"22";"3";"2019";"18:30";"1";"94";"94068";"2";"1";"1";"2";"WINSTON CHURCHILL (QU)";"48,8009500";"2,5220900"
"201900008117";"21";"3";"2019";"02:40";"5";"94";"94068";"2";"1";"1";"6";"BELLECHASSE (BD DE)";"48,7930000";"2,4950000"
"201900008118";"20";"3";"2019";"17:35";"1";"94";"94068";"2";"1";"1";"3";"FOUR (R DU)";"48,8115600";"2,4706300"
"201900008119";"20";"3";"2019";"09:00";"1";"94";"94068";"2";"2";"1";"3";"DENFERT ROCHEREAU (AV)";"48,7872900";"2,5055300"
"201900008120";"20";"3";"2019";"08:40";"1";"94";"94068";"2";"4";"1";"6";"REPUBLIQUE (AV DE LA)";"48,8025500";"2,4860400"
"201900008121";"25";"1";"2019";"18:35";"5";"94";"94068";"2";"1";"2";"6";"GOUVERNEUR GENERAL BINGER (AV DU)";"48,8000000";"2,4800000"
"201900008122";"25";"3";"2019";"07:20";"1";"94";"94052";"2";"3";"1";"6";"STRASBOURG (BD DE)";"48,8373461";"2,4769644"
"201900008123";"21";"3";"2019";"18:50";"1";"94";"94003";"2";"1";"1";"6";"PAUL SIGNAC (R)";"48,8016200";"2,3299300"
"201900008124";"21";"3";"2019";"20:00";"5";"94";"94016";"2";"1";"1";"7";"PRESIDENT WILSON (AV DU)";"48,7922800";"2,3291300"
"201900008125";"21";"3";"2019";"17:00";"1";"94";"94041";"2";"1";"1";"6";"MARCEL HARTMANN (R)";"48,8064200";"2,3856900"
"201900008126";"21";"3";"2019";"09:05";"1";"94";"94041";"2";"1";"1";"1";"HENRI MARTIN (R)";"48,8066200";"2,3742000"
"201900008127";"21";"3";"2019";"20:00";"5";"94";"94073";"2";"1";"1";"7";"FONTAINEBLEAU (AV DE)";"48,7622000";"2,3685000"
"201900008128";"20";"3";"2019";"08:20";"1";"94";"94073";"2";"9";"1";"3";"REGNAULT LEROY (R)";"48,7627200";"2,3915120"
"201900008129";"21";"3";"2019";"07:55";"1";"94";"94033";"2";"3";"1";"6";"NEUILLY (AV DE)";"48,8475000";"2,4880000"
"201900008130";"21";"3";"2019";"18:30";"5";"94";"94011";"2";"1";"1";"5";"PORT AUTONOME.";"48,7800000";"2,4900000"
"201900008131";"21";"3";"2019";"08:35";"1";"94";"94028";"2";"9";"1";"1";"KENNEDY.(BOULEVARD JOHN)";"48,7749400";"2,4636700"
"201900008132";"25";"3";"2019";"17:15";"1";"94";"94060";"2";"1";"1";"2";"GENERAL LECLERC (R DU)";"48,7850000";"2,5800000"
"201900008133";"22";"3";"2019";"19:50";"5";"94";"94079";"2";"1";"1";"7";"JEAN JAURES (R)";"48,8272900";"2,5306100"
"201900008134";"22";"3";"2019";"13:55";"1";"94";"94059";"2";"2";"1";"3";"MAURICE BERTEAUX (AV)";"48,8102400";"2,5665200"
"201900008135";"21";"3";"2019";"19:30";"5";"94";"94019";"2";"1";"1";"6";"PONT (R DU)";"48,7902100";"2,5241400"
"201900008136";"21";"3";"2019";"20:35";"5";"94";"94079";"2";"1";"1";"3";"FRIEDBERG (BD DE)";"48,8321000";"2,5423500"
"201900008137";"20";"3";"2019";"20:15";"5";"94";"94018";"2";"1";"9";"6";"GRAVELLE (AV DE)";"48,8265000";"2,4075000"
"201900008138";"22";"3";"2019";"02:45";"5";"94";"94017";"2";"1";"1";"7";"BERNAU (R DE)";"48,8168480";"2,5339940"
"201900008139";"23";"3";"2019";"15:40";"1";"94";"94075";"1";"1";"1";"2";"MARECHAL DE LATTRE DE TASSIGNY (AV)";"48,7273409";"2,5319409"
"201900008140";"23";"3";"2019";"21:30";"5";"93";"93078";"2";"2";"1";"3";"CLEMENCEAU (AVENUE GEORGES)";"48,9581500";"2,5584300"
"201900008141";"20";"3";"2019";"13:20";"1";"93";"93078";"2";"1";"1";"6";"BALLANGER (BD ROBERT)";"48,9543800";"2,5354300"
"201900008142";"24";"3";"2019";"11:05";"1";"93";"93005";"2";"3";"1";"6";"BONDY (ROUTE DE)";"48,9279760";"2,4924340"
"201900008143";"22";"3";"2019";"22:15";"3";"93";"93071";"2";"9";"1";"7";"HENRI BECQUEREL (RUE)";"48,9453380";"2,5274840"
"201900008144";"25";"3";"2019";"16:40";"1";"93";"93066";"2";"1";"1";"6";"FAURE FELIX (BOULEVARD)";"48,9389080";"2,3607970"
"201900008145";"25";"3";"2019";"09:03";"1";"93";"93066";"2";"2";"1";"5";"GENERAL DE GAULLE";"48,9257700";"2,3646600"
"201900008146";"24";"3";"2019";"16:00";"1";"93";"93066";"2";"1";"1";"3";"LIBERATION RD14 (BOULEVARD)";"48,9272100";"2,3416100"
"201900008147";"25";"3";"2019";"18:52";"2";"93";"93064";"2";"1";"1";"6";"LISBONNE (RUE DE)";"48,8815630";"2,4700220"
"201900008148";"20";"3";"2019";"12:30";"1";"93";"93062";"2";"1";"1";"6";"RESISTANCE (AVENUE DE LA)";"48,8943700";"2,5135100"
"201900008149";"23";"3";"2019";"08:15";"1";"93";"93055";"2";"1";"5";"3";"CARTIER BRESSON DU 1/39.2/44";"48,9032600";"2,3957600"
"201900008150";"22";"3";"2019";"22:33";"5";"93";"93055";"2";"2";"1";"6";"JEAN LOLIVE (AVENUE)(1/55 2/60)";"48,8912000";"2,4028200"
"201900008151";"21";"3";"2019";"14:45";"1";"93";"93053";"2";"1";"1";"2";"VAILLANT COUTURIER (RUE)";"48,8923900";"2,4418100"
"201900008152";"26";"1";"2019";"18:30";"5";"93";"93053";"2";"9";"2";"3";"PARIS (RUE DE)";"48,9009980";"2,4558520"
"201900008153";"22";"3";"2019";"14:35";"1";"93";"93051";"2";"1";"1";"2";"MONT D'EST (BD)";"48,8387200";"2,5428200"
"201900008154";"21";"3";"2019";"16:50";"1";"93";"93051";"2";"6";"1";"3";"VICTOR BASCH (AVENUE)";"48,8413300";"2,5596600"
"201900008155";"25";"3";"2019";"16:00";"1";"93";"93050";"2";"1";"1";"6";"HENRI BARBUSSE (PLACE) MONUMENT AUX MORT";"48,8577900";"2,5260300"
"201900008156";"22";"3";"2019";"16:45";"1";"93";"93050";"2";"1";"1";"3";"PAUL ET CAMILLE THOMOUX (RUE) COTE PAIR";"48,8715700";"2,5294500"
"201900008157";"22";"3";"2019";"16:45";"1";"93";"93050";"2";"1";"1";"3";"LOUIS VANNINI (RUE)";"48,8652700";"2,5212000"
"201900008158";"22";"3";"2019";"11:15";"1";"93";"93050";"2";"2";"1";"5";"ARISTIDE BRIAND (BOULEBARD)";"48,8588900";"2,5205300"
"201900008159";"21";"3";"2019";"21:10";"5";"93";"93048";"2";"1";"1";"4";"PARIS (RUE DE)";"48,8563260";"2,4263290"
"201900008160";"21";"3";"2019";"17:20";"1";"93";"93046";"2";"6";"1";"6";"EUROPE BOULEVARD DE L'";"48,9267500";"2,5509800"
"201900008161";"21";"3";"2019";"11:35";"1";"93";"93046";"2";"1";"1";"6";"HENRI BARBUSSE ALLEE";"48,9577700";"2,5730000"
"201900008162";"20";"3";"2019";"12:45";"1";"93";"93046";"2";"1";"1";"3";"VAUBAN AVENUE";"48,9171500";"2,5225200"
"201900008163";"20";"3";"2019";"08:20";"1";"93";"93006";"2";"1";"1";"1";"REPUBLIQUE AVENUE DE LA";"48,8633280";"2,4146260"
"201900008164";"17";"4";"2019";"16:00";"1";"93";"93032";"2";"1";"1";"6";"SAINTE CLOTHILDE  (AVENUE)";"48,8762600";"2,5688800"
"201900008165";"16";"4";"2019";"19:20";"2";"93";"93032";"2";"1";"1";"6";"JEAN JAURES (AVENUE)";"48,8836100";"2,5293600"
"201900008166";"21";"3";"2019";"08:37";"2";"93";"93032";"2";"1";"1";"6";"ROSES   (AVENUE DES)";"48,8951610";"2,5437630"
"201900008167";"21";"3";"2019";"17:50";"1";"93";"93031";"2";"9";"1";"3";"DIX HUIT JUIN 1940 (AVENUE DU)";"48,9529790";"2,3073880"
"201900008168";"20";"3";"2019";"20:26";"5";"93";"93031";"2";"1";"1";"2";"PARIS (RUE DE)";"48,9547800";"2,3074700"
"201900008169";"20";"3";"2019";"17:40";"1";"93";"93031";"2";"9";"1";"3";"JEAN JAURES (AVENUE)";"48,9567720";"2,3203490"
"201900008170";"20";"3";"2019";"11:45";"1";"93";"93031";"2";"1";"1";"3";"DE LATTRE DE TASSIGNY (1 A 51)";"48,9594600";"2,3015400"
"201900008171";"24";"3";"2019";"18:15";"2";"93";"93008";"2";"1";"1";"6";"BARBUSSE (AVENUE HENRI) A30";"48,9123300";"2,4358300"
"201900008172";"21";"3";"2019";"05:45";"5";"93";"93029";"2";"1";"1";"3";"MARCEAU (AVENUE) N° 29-FIN";"48,9302400";"2,4314000"
"201900008173";"24";"3";"2019";"14:55";"1";"93";"93027";"2";"2";"1";"3";"PASTEUR (BOULEVARD) DE 40 A +";"48,9280400";"2,3853900"
"201900008174";"23";"3";"2019";"22:20";"5";"93";"93030";"2";"1";"1";"2";"CROIZAT (AVENUE AMBROISE)";"48,9544300";"2,4162600"
"201900008175";"23";"3";"2019";"18:30";"1";"93";"93013";"2";"7";"1";"3";"LECLERC (AVENU DE LA DIVISION)";"48,9371400";"2,4281500"
"201900008176";"21";"3";"2019";"18:45";"5";"93";"93030";"2";"2";"1";"6";"LARIVIERE (RUE LOUIS)";"48,9528000";"2,4165000"
"201900008177";"20";"3";"2019";"16:20";"1";"93";"93027";"2";"1";"1";"6";"PASTEUR (BOULEVARD) DE 1 A 39";"48,9230000";"2,3820400"
"201900008178";"14";"2";"2019";"17:30";"2";"93";"93047";"2";"1";"1";"2";"HARDY  (BOULEVARD)";"48,9061900";"2,5680800"
"201900008179";"25";"3";"2019";"22:05";"5";"93";"93010";"2";"2";"1";"3";"GALLIENI (AV.) DE 1 A 109";"48,9070260";"2,4885470"
"201900008180";"22";"3";"2019";"08:10";"1";"93";"93057";"2";"1";"5";"6";"BRIAND ( AV. ARISTIDE) 31 A 91";"48,9089700";"2,5006100"
"201900008181";"21";"3";"2019";"17:55";"1";"93";"93057";"2";"2";"1";"2";"BRIAND (AV. ARISTIDE) 2 A 132";"48,9077700";"2,4940400"
"201900008182";"21";"3";"2019";"11:15";"1";"93";"93057";"2";"6";"1";"2";"BRACKEY ( CAR.)";"48,9000000";"2,5000000"
"201900008183";"21";"3";"2019";"09:35";"1";"93";"93057";"2";"9";"1";"3";"BRIAND ( AV. ARISTIDE) 1 A29";"48,9079770";"2,4940730"
"201900008184";"20";"3";"2019";"08:10";"1";"93";"93010";"2";"1";"1";"6";"GALLIENI (AV.) DE 2 A 96";"48,9039400";"2,4717500"
"201900008185";"24";"3";"2019";"18:40";"1";"93";"93007";"2";"2";"1";"3";"PROFESSEUR LANGEVIN (RUE DU)";"48,9436300";"2,4592200"
"201900008186";"21";"3";"2019";"15:00";"1";"93";"93007";"2";"1";"1";"2";"DIVISION LECLERC (AVENUE)";"48,9450690";"2,4623040"
"201900008187";"24";"3";"2019";"22:30";"5";"93";"93005";"2";"9";"1";"3";"DROITS DE LHOMME (CARREFOUR DES)";"48,9294400";"2,4808300"
"201900008188";"23";"3";"2019";"19:50";"5";"93";"93005";"2";"2";"1";"6";"GEORGES BRAQUE (BOULEVARD)";"48,9367500";"2,4841200"
"201900008189";"22";"3";"2019";"06:55";"2";"93";"93005";"2";"1";"5";"2";"PIERRE JOUHET (AVENUE)";"48,9227600";"2,5049040"
"201900008190";"20";"3";"2019";"13:05";"1";"93";"93005";"2";"1";"1";"6";"MITRY [CD115] (ROUTE DE)";"48,9494300";"2,5192000"
"201900008191";"25";"3";"2019";"19:45";"5";"93";"93001";"2";"1";"1";"4";"VICTOR HUGO (AVE)  => 120";"48,9081960";"2,3775968"
"201900008192";"24";"3";"2019";"17:00";"1";"93";"93066";"2";"3";"1";"2";"CASANOVA DANIELLE NR 2 A 50 ET 1 A 19";"48,9239200";"2,3689400"
"201900008193";"25";"3";"2019";"18:35";"1";"92";"92075";"2";"3";"1";"5";"PAIX (AVENUE DE LA)/ LARMEROUX (RUE)";"48,8147975";"2,2780737"
"201900008194";"19";"3";"2019";"21:18";"5";"92";"92075";"2";"1";"1";"3";"RAYMOND MARCHERON (RUE)";"48,8182900";"2,2850800"
"201900008195";"11";"1";"2019";"15:05";"1";"92";"92075";"2";"1";"2";"3";"PIERRE BROSSOLETTE (AVENUE)";"48,8124500";"2,3009000"
"201900008196";"21";"3";"2019";"08:45";"1";"92";"92073";"2";"6";"1";"6";"JAURES (AVENUE JEAN)";"48,8625942";"2,2105599"
"201900008197";"25";"3";"2019";"12:25";"1";"92";"92022";"2";"1";"1";"3";"SALENGRO (AVENUE ROGER)";"48,8097564";"2,1896507"
"201900008198";"24";"3";"2019";"23:10";"5";"92";"92022";"2";"1";"1";"3";"SALENGRO (AVENUE ROGER)";"48,8091575";"2,1884251"
"201900008199";"22";"3";"2019";"07:15";"1";"92";"92022";"2";"1";"1";"6";"SALENGRO (AVENUE ROGER)";"48,8077510";"2,1864838"
"201900008200";"22";"3";"2019";"08:10";"1";"92";"92072";"2";"1";"1";"6";"VILLE D'AVRAY (RUE DE )";"48,8259672";"2,1993249"
"201900008201";"13";"2";"2019";"13:30";"1";"92";"92072";"2";"1";"1";"2";"GRANDE RUE";"48,8217109";"2,2046203"
"201900008202";"19";"10";"2019";"16:00";"1";"71";"71445";"2";"3";"2";"3";"GRANDE RUE";"46,7729569";"4,8929834"
"201900008203";"19";"10";"2019";"19:15";"5";"69";"69275";"2";"3";"2";"6";"MICHEL SERVET                       (R )";"45,7595300";"4,9690800"
"201900008204";"12";"10";"2019";"16:30";"1";"68";"68166";"2";"6";"1";"3";"GUEBWILLER (RUE DE)";"47,7900500";"7,3156100"
"201900008205";"19";"10";"2019";"19:00";"1";"64";"64140";"2";"1";"1";"7";"LASSALLE (RUE GEORGES)";"43,5281000";" -1,4920500"
"201900008206";"19";"10";"2019";"05:30";"2";"59";"59350";"2";"9";"2";"6";"DUNKERQUE AVENUE DE";"50,6454161";"3,0115896"
"201900008207";"2";"10";"2019";"12:00";"1";"59";"59350";"2";"1";"1";"6";"MONTEBELLO BOULEVARD N° RESTE";"50,6190800";"3,0494600"
"201900008208";"19";"10";"2019";"09:00";"1";"51";"51454";"2";"1";"2";"7";"RUE DES POISSONNIERS";"49,2532800";"4,0241800"
"201900008209";"19";"10";"2019";"22:50";"5";"45";"45147";"2";"1";"2";"3";"364 RUE DU FAUBOURG BANNIER";"47,9308700";"1,8955300"
"201900008210";"19";"10";"2019";"23:10";"5";"45";"45004";"2";"6";"3";"3";"R DE L' EUROPE - R J MONNET";"47,9780981";"2,7293180"
"201900008211";"19";"10";"2019";"15:20";"1";"44";"44109";"2";"1";"1";"2";"BOULEVARD DES TRIBUNES";"47,2501900";" -1,5688700"
"201900008212";"19";"10";"2019";"07:15";"4";"44";"44143";"2";"1";"8";"6";"PONT DES 3 CONTINENTS";"47,1977100";" -1,5618700"
"201900008213";"19";"10";"2019";"15:35";"1";"43";"43157";"2";"1";"1";"3";"MONTREDON (ROUTE DE)";"45,0543000";"3,9016200"
"201900008214";"19";"10";"2019";"21:25";"5";"37";"37261";"2";"6";"2";"2";"GANCE (BOULEVARD ABEL)";"47,4103036";"0,7203702"
"201900008215";"19";"10";"2019";"20:20";"5";"35";"35238";"2";"2";"1";"5";"PATTON (AVENUE DU GENERAL SIR GEORGES)";"48,1353800";" -1,6595400"
"201900008216";"19";"10";"2019";"15:50";"1";"35";"35238";"2";"2";"1";"7";"FREVILLE (AVENUE HENRI)";"48,0867130";" -1,6752722"
"201900008217";"19";"10";"2019";"02:03";"5";"34";"34172";"2";"1";"1";"6";"LIBERTE (AVENUE DE LA";"43,6083100";"3,8622900"
"201900008218";"19";"10";"2019";"16:55";"1";"33";"33192";"2";"1";"1";"3";"RTE DE LEOGNAN";"44,7516500";" -0,6162500"
"201900008219";"19";"10";"2019";"12:55";"1";"33";"33522";"2";"1";"1";"3";"RUE PACARIS";"44,7981500";" -0,5817500"
"201900008220";"19";"10";"2019";"19:51";"3";"33";"33009";"2";"1";"2";"6";"D217E1 (Av.Theophile Gautier)";"44,6461000";" -1,1901000"
"201900008221";"19";"10";"2019";"11:30";"1";"33";"33529";"2";"1";"2";"7";"BISCAROSSE (AVE DE) JUSQU'A DUNE";"44,6040200";" -1,1984000"
"201900008222";"19";"10";"2019";"14:35";"1";"32";"32013";"1";"1";"1";"7";"SAINTES (CHEMIN DE)";"43,6375600";"0,5660300"
"201900008223";"19";"10";"2019";"05:40";"5";"32";"32013";"2";"1";"1";"7";"LIBERATION (PLACE DE LA)";"43,6468000";"0,5834300"
"201900008224";"18";"10";"2019";"13:17";"1";"29";"29232";"1";"1";"2";"2";"BENODET ROUTE DE";"47,9427000";" -4,0726800"
"201900008225";"18";"10";"2019";"13:05";"1";"22";"22113";"2";"6";"1";"3";"AIGUILLON (QUAI D')";"48,7322400";" -3,4618300"
"201900008226";"19";"10";"2019";"03:00";"5";"13";"13208";"2";"1";"1";"6";"MICHELET (BOULEVARD)";"43,2658100";"5,3948000"
"201900008227";"19";"10";"2019";"02:10";"5";"13";"13206";"2";"7";"1";"3";"LAFON (RUE)";"43,2914560";"5,3816030"
"201900008228";"18";"10";"2019";"19:30";"2";"13";"13204";"2";"1";"1";"4";"ALEX. FLEMING (BOULEVARD)";"43,3144000";"5,4042800"
"201900008229";"19";"10";"2019";"21:40";"5";"10";"10387";"2";"1";"2";"2";"EDOUARD HERRIOT (RUE)";"48,2740000";"4,0806000"
"201900008230";"19";"10";"2019";"13:59";"1";"75";"75106";"2";"1";"1";"6";"BOULEVARD DU MONTPARNASSE";"48,8432235";"2,3261134"
"201900008231";"18";"10";"2019";"11:10";"1";"75";"75106";"2";"2";"7";"6";"RUE D ASSAS";"48,8503877";"2,3277044"
"201900008232";"19";"10";"2019";"09:45";"1";"75";"75120";"2";"2";"8";"3";"COURS DE VINCENNES";"48,8474750";"2,4064190"
"201900008233";"19";"10";"2019";"05:10";"5";"75";"75119";"2";"7";"2";"6";"PLACE AUGUSTE BARON";"48,9006334";"2,3870286"
"201900008234";"19";"10";"2019";"09:14";"2";"75";"75118";"2";"3";"8";"6";"RUE MARX DORMOY";"48,8890515";"2,3599021"
"201900008235";"18";"10";"2019";"13:50";"1";"75";"75115";"2";"1";"1";"3";"QUAI D ISSY LES MOULINEAUX";"48,8347933";"2,2689116"
"201900008236";"19";"10";"2019";"17:35";"1";"75";"75114";"2";"4";"1";"6";"AVENUE DU MAINE";"48,8314570";"2,3254260"
"201900008237";"19";"10";"2019";"16:30";"1";"75";"75105";"2";"4";"1";"2";"BOULEVARD DE L HOPITAL";"48,8399870";"2,3617600"
"201900008238";"19";"10";"2019";"17:15";"1";"75";"75110";"2";"2";"1";"6";"RUE BEAUREPAIRE";"48,8693256";"2,3633875"
"201900008239";"19";"10";"2019";"12:20";"1";"75";"75109";"2";"2";"2";"3";"RUE LA FAYETTE";"48,8752985";"2,3417180"
"201900008240";"19";"10";"2019";"10:39";"1";"75";"75102";"2";"3";"8";"2";"BOULEVARD MONTMARTRE";"48,8717238";"2,3416146"