"Num_Acc";"jour";"mois";"an";"hrmn";"lum";"dep";"com";"agg";"int";"atm";"col";"adr";"lat";"long"
"201900008241";"19";"10";"2019";"04:30";"5";"75";"75108";"2";"7";"2";"6";"AVENUE DES CHAMPS ELYSEES";"48,8690502";"2,3098896"
"201900008242";"18";"10";"2019";"11:00";"1";"75";"75107";"2";"1";"8";"6";"BOULEVARD SAINT GERMAIN";"48,8620574";"2,3197755"
"201900008243";"19";"10";"2019";"16:15";"1";"94";"94068";"2";"1";"8";"2";"BAC (AV DU)";"48,7962500";"2,5070100"
"201900008244";"19";"10";"2019";"19:00";"5";"94";"94058";"2";"1";"1";"6";"LEDRU ROLLIN (AV)";"48,8460700";"2,5069600"
"201900008245";"18";"10";"2019";"13:15";"1";"94";"94058";"2";"1";"1";"3";"HUIT MAI 1945 (AV DU)";"48,8518500";"2,5112500"
"201900008246";"19";"10";"2019";"02:10";"5";"92";"92046";"2";"1";"2";"2";"PIERRE BROSSOLETTE";"48,8169360";"2,3067770"
"201900008247";"19";"10";"2019";"08:40";"1";"92";"92072";"2";"1";"2";"3";"LECLERC (AVENUE DE LA DIVISION)";"48,8256956";"2,2196266"
"201900008248";"19";"10";"2019";"15:35";"1";"92";"92012";"2";"1";"1";"6";"PAUL BERT (RUE)";"48,8350400";"2,2392800"
"201900008249";"19";"10";"2019";"20:15";"3";"91";"91613";"1";"1";"2";"1";"D 113";"48,3801330";"1,9925540"
"201900008250";"20";"10";"2019";"15:56";"1";"71";"71497";"1";"1";"3";"7";"autoroute A40";"46,3480850";"4,8295760"
"201900008251";"19";"10";"2019";"13:00";"1";"972";"97201";"2";"9";"1";"6";"Lotissement la Falaise";"14,8293970";" -61,1084060"
"201900008252";"19";"10";"2019";"01:30";"3";"972";"97204";"1";"1";"1";"1";"Boulevard du Bord de Mer";"14,7207430";" -61,1820760"
"201900008253";"20";"10";"2019";"16:40";"1";"62";"62252";"2";"1";"1";"6";"130, rue du Pont maudit";"50,5821990";"2,7078150"
"201900008254";"19";"10";"2019";"16:30";"1";"35";"35014";"1";"1";"1";"6";"Bais";"48,0371640";" -1,2830160"
"201900008255";"19";"10";"2019";"10:10";"1";"87";"87146";"1";"1";"8";"3";"A20 PK 216.450";"45,5921050";"1,4583150"
"201900008256";"19";"10";"2019";"20:03";"3";"25";"25370";"1";"1";"3";"6";"A36 PR 59+150";"47,4475330";"6,7445640"
"201900008257";"18";"10";"2019";"17:20";"1";"57";"57414";"2";"1";"1";"1";"57 Rue du Général Leclerc";"48,6695770";"6,9967900"
"201900008258";"20";"10";"2019";"02:45";"3";"57";"57736";"1";"1";"3";"7";"Route de Bouzonville";"49,1797945";"6,3232836"
"201900008259";"18";"10";"2019";"21:45";"3";"19";"19063";"1";"9";"1";"6";"Grauliere";"45,1460276";"1,5758587"
"201900008260";"20";"10";"2019";"01:00";"3";"74";"74183";"2";"1";"1";"6";"Route de Vivier";"46,1361270";"6,5154450"
"201900008261";"20";"10";"2019";"02:25";"3";"78";"78281";"1";"1";"2";"6";"D158";"48,9257500";"1,7769790"
"201900008262";"19";"10";"2019";"22:30";"3";"79";"79216";"2";"1";"2";"2";"90 Rue de Niort";"46,2630350";" -0,3592820"
"201900008263";"19";"10";"2019";"16:05";"1";"2A";"2A271";"2";"1";"1";"3";"T22";"41,9556030";"8,7968950"
"201900008264";"20";"10";"2019";"05:30";"5";"2B";"2B343";"2";"1";"1";"6";"T10";"42,4901610";"9,4786550"
"201900008265";"19";"10";"2019";"18:30";"2";"81";"81230";"1";"1";"1";"7";"N88";"44,0478659";"2,2109697"
"201900008266";"19";"10";"2019";"18:04";"1";"11";"11263";"1";"1";"1";"6";"D117";"42,8910510";"2,1209030"
"201900008267";"19";"10";"2019";"20:10";"5";"71";"71156";"2";"1";"3";"6";"1093 Route de Bissy la Maconnaise";"46,4969520";"4,7937620"
"201900008268";"20";"10";"2019";"11:40";"1";"61";"61116";"1";"1";"3";"5";"D923";"48,3751070";"0,8868790"
"201900008269";"20";"10";"2019";"02:50";"3";"49";"49176";"1";"1";"3";"6";"CD 775";"47,6695680";" -0,8022610"
"201900008270";"20";"10";"2019";"09:50";"1";"34";"34250";"2";"1";"3";"6";"D908";"43,5337120";"2,8584430"
"201900008271";"20";"10";"2019";"11:50";"1";"22";"22166";"2";"2";"1";"3";"Rue de Lannion";"48,8067452";" -3,3058119"
"201900008272";"20";"10";"2019";"08:00";"1";"39";"39013";"1";"1";"8";"6";"N/A";"46,9137220";"5,7698950"
"201900008273";"20";"10";"2019";"16:25";"1";"31";"31206";"1";"1";"1";"6";"D25";"43,2318040";"1,4438310"
"201900008274";"19";"10";"2019";"20:00";"5";"70";"70292";"1";"1";"3";"6";"Rue de la Tuilerie";"47,8420680";"5,8962460"
"201900008275";"10";"10";"2019";"10:10";"1";"64";"64499";"1";"1";"1";"1";"Chemin du Padu";"43,4661520";" -0,9413930"
"201900008276";"20";"10";"2019";"15:30";"1";"64";"64405";"2";"1";"1";"7";"20 Rue de l'Ayguelongue";"43,3258750";" -0,3043660"
"201900008277";"19";"10";"2019";"19:55";"5";"73";"73297";"1";"1";"1";"1";"Rue du Bois de l'Ile";"45,6377711";"6,3296692"
"201900008278";"20";"10";"2019";"12:20";"1";"53";"53096";"1";"3";"1";"3";"Le Bouquet de la Rue";"48,2849110";" -0,9561610"
"201900008279";"20";"10";"2019";"06:00";"3";"21";"21060";"1";"1";"1";"6";"D104";"47,3569130";"5,2800070"
"201900008280";"20";"10";"2019";"01:40";"3";"40";"40067";"1";"1";"2";"7";"Route de Tartas D14";"43,8441490";" -0,8029050"
"201900008281";"18";"10";"2019";"19:30";"5";"27";"27214";"1";"1";"1";"5";"8 Rue Nationale";"49,2989360";"1,4586100"
"201900008282";"19";"10";"2019";"11:05";"1";"30";"30212";"2";"1";"1";"6";"D6101";"43,9415980";"4,5728720"
"201900008283";"17";"10";"2019";"06:30";"2";"52";"52299";"1";"1";"1";"7";"D16";"48,3946692";"5,2435829"
"201900008284";"20";"10";"2019";"07:00";"3";"95";"95353";"1";"1";"2";"7";"Route Nationale 1";"49,0873100";"2,3112010"
"201900008285";"20";"10";"2019";"15:05";"1";"60";"60138";"1";"1";"1";"2";"A1";"49,2172340";"2,6298210"
"201900008286";"16";"10";"2019";"20:00";"3";"974";"97415";"1";"1";"1";"6";"Chemin de Ligne";" -21,0770420";"55,2778110"
"201900008287";"18";"10";"2019";"19:45";"3";"973";"97310";"1";"1";"1";"1";"Route de Montagne Cacao";"4,5748100";" -52,4606341"
"201900008288";"18";"10";"2019";"16:30";"1";"971";"97115";"2";"3";"3";"3";"Route de Brefort";"16,2641730";" -61,6431110"
"201900008289";"20";"10";"2019";"10:20";"1";"978";"97801";"2";"4";"1";"3";"rue de Hollance, Marigot";"18,0669220";" -63,0836640"
"201900008290";"20";"10";"2019";"17:30";"1";"33";"33214";"2";"1";"8";"6";"53 Avenue Plantey";"45,0025110";" -1,1871550"
"201900008291";"20";"10";"2019";"02:25";"3";"95";"95213";"1";"1";"1";"6";"CD 22";"49,1174590";"2,0521310"
"201900008292";"19";"10";"2019";"04:45";"4";"91";"91405";"2";"3";"2";"6";"36 Rue Saint-pierre";"48,4018480";"2,4602570"
"201900008293";"19";"10";"2019";"20:20";"3";"11";"11192";"1";"1";"1";"7";"départementale 28";"43,2975980";"2,0588260"
"201900008294";"19";"10";"2019";"19:00";"5";"84";"84003";"2";"9";"1";"6";"Rue des Oliviers";"43,8825960";"5,3852270"
"201900008295";"19";"10";"2019";"12:30";"1";"83";"83088";"1";"1";"2";"6";"N/A";"43,3133070";"5,9995370"
"201900008296";"17";"10";"2019";"19:55";"3";"26";"26124";"1";"1";"2";"6";"Autoroute A7 PK 83+980, sens Sud/Nord";"44,8140000";"4,8563000"
"201900008297";"18";"10";"2019";"18:30";"1";"21";"21106";"2";"6";"1";"3";"RD 31C- PR 0+800 - Rue Principale";"47,2389510";"5,1147690"
"201900008298";"20";"10";"2019";"17:30";"1";"38";"38365";"1";"1";"1";"6";"Route des Hormins";"45,7759000";"5,3432700"
"201900008299";"20";"10";"2019";"00:00";"3";"1";"01202";"1";"1";"2";"6";"D40a";"45,8888650";"5,3328270"
"201900008300";"20";"10";"2019";"08:15";"1";"50";"50230";"1";"1";"1";"6";"1 Hameau Baquesne";"49,5702980";" -1,6627860"
"201900008301";"19";"10";"2019";"16:20";"1";"22";"22070";"2";"1";"1";"6";"Route de Corlay";"48,5542670";" -3,1498600"
"201900008302";"20";"10";"2019";"11:45";"1";"27";"27412";"1";"4";"2";"3";"D81";"49,2201570";"1,0924130"
"201900008303";"20";"10";"2019";"18:00";"2";"76";"76753";"1";"1";"2";"1";"route départementale 6015";"49,3372970";"1,1523230"
"201900008304";"18";"10";"2019";"17:10";"1";"13";"13117";"1";"1";"1";"2";"A7-Sens Marseille vers Lyon";"43,4413700";"5,2478900"
"201900008305";"18";"10";"2019";"16:45";"1";"13";"13055";"1";"1";"1";"2";"A507 sens Marseille - Aubagne";"43,2910420";"5,4243190"
"201900008306";"5";"8";"2019";"05:00";"5";"13";"13203";"2";"9";"1";"6";"A557-Liaison A7 Marseille-A55 Marseille";"43,3202870";"5,3723490"
"201900008307";"19";"10";"2019";"13:10";"1";"78";"78640";"1";"1";"1";"3";"A86 INT";"48,7776100";"2,2210900"
"201900008308";"18";"10";"2019";"23:55";"3";"93";"93007";"1";"1";"1";"4";"AUTOROUTE A1";"48,9548400";"2,4575200"
"201900008309";"18";"10";"2019";"19:30";"3";"92";"92036";"1";"1";"1";"3";"A86";"48,9374230";"2,3170925"
"201900008310";"18";"10";"2019";"14:20";"1";"95";"95127";"1";"1";"1";"4";"AUTOROUTE A15";"49,0458400";"2,0742700"
"201900008311";"19";"10";"2019";"17:30";"1";"94";"94018";"1";"1";"1";"2";"A4";"48,8172370";"2,4310272"
"201900008312";"19";"10";"2019";"17:30";"1";"77";"77517";"1";"1";"1";"3";"A104.EXT";"48,9079300";"2,6385900"
"201900008313";"17";"10";"2019";"07:20";"5";"86";"86194";"2";"1";"3";"3";"PARIS (AVENUE DE)";"46,6004373";"0,3397822"
"201900008314";"17";"10";"2019";"15:35";"1";"63";"63164";"2";"1";"3";"7";"GUESDE (RUE JULES)";"45,8194167";"3,1412945"
"201900008315";"17";"10";"2019";"16:45";"1";"34";"34172";"2";"3";"1";"3";"SOULAS (AVENUE DU PERE";"43,6195300";"3,8606000"
"201900008316";"17";"10";"2019";"17:12";"1";"13";"13204";"2";"3";"1";"6";"CHAVE (BOULEVARD)";"43,2957472";"5,3978462"
"201900008317";"17";"10";"2019";"16:30";"1";"13";"13205";"2";"1";"1";"6";"SAKAKINI (BOULEVARD)";"43,2951800";"5,4009500"
"201900008318";"17";"10";"2019";"22:15";"5";"93";"93055";"2";"1";"1";"3";"JEAN JAURES (AVENUE)(130 AU 172)";"48,9099947";"2,3989604"
"201900008319";"16";"10";"2019";"18:16";"1";"92";"92072";"2";"1";"2";"6";"VILLE D'AVRAY (RUE DE )";"48,8258422";"2,2034992"
"201900008320";"18";"10";"2019";"13:30";"1";"13";"13055";"1";"1";"8";"7";"A507 sens Marseille - Aubagne";"43,3401050";"5,3764970"
"201900008321";"16";"10";"2019";"23:40";"3";"95";"95582";"1";"1";"1";"6";"AUTOROUTE A115";"48,9750800";"2,2414900"
"201900008322";"16";"10";"2019";"18:15";"1";"93";"93053";"1";"1";"2";"6";"AUTOROUTE A103";"48,8872800";"2,4738500"
"201900008323";"18";"10";"2019";"12:00";"1";"988";"98818";"2";"3";"1";"3";"RUE HENRI SCHMIDT/DES JARDINS DE SAINTE MARIE";" -22,2761300";"166,4590400"
"201900008324";"18";"10";"2019";"14:20";"1";"976";"97611";"2";"1";"2";"6";"kaweni-Grande Traverse (rue de la)";" -12,7748200";"45,2247500"
"201900008325";"18";"10";"2019";"17:00";"1";"69";"69259";"2";"3";"2";"2";"JULES GUESDE                        (AV)";"45,7166200";"4,8879300"
"201900008326";"18";"10";"2019";"16:30";"1";"69";"69383";"2";"1";"2";"6";"LAFAYETTE                           (CO)";"45,7637300";"4,8677800"
"201900008327";"18";"10";"2019";"16:05";"1";"69";"69199";"2";"7";"3";"6";"ARISTIDE BRIAND                     (AV)";"45,7061100";"4,8598900"
"201900008328";"18";"10";"2019";"15:00";"1";"69";"69387";"2";"2";"2";"3";"ANVERS (D')                         (R )";"45,7502200";"4,8433100"
"201900008329";"18";"10";"2019";"08:05";"1";"69";"69382";"2";"9";"8";"3";"BAYARD                              (CO)";"45,7446000";"4,8196000"
"201900008330";"18";"10";"2019";"08:23";"1";"91";"91223";"1";"1";"2";"6";"R.N.20";"48,4157200";"2,1301900"
"201900008331";"18";"10";"2019";"14:50";"1";"91";"91201";"2";"3";"1";"3";"HENRI BARBUSSE(BOULEVARD)";"48,6930000";"2,4130000"
"201900008332";"18";"10";"2019";"08:45";"1";"91";"91174";"2";"3";"8";"6";"COMBES MARNES(BOULEVARD)";"48,6030400";"2,4630000"
"201900008333";"18";"10";"2019";"07:54";"1";"91";"91103";"2";"6";"1";"2";"CD 19";"48,5878000";"2,3072600"
"201900008334";"17";"10";"2019";"21:14";"3";"87";"87050";"1";"1";"2";"6";"RN520 (COUZEIX)";"45,8918400";"1,2158800"
"201900008335";"18";"10";"2019";"10:24";"1";"87";"87085";"2";"6";"2";"6";"21 AOUT 1944 (BD DU)";"45,8081900";"1,2633400"
"201900008336";"18";"10";"2019";"08:00";"2";"86";"86194";"2";"1";"2";"3";"PARIS (AVENUE DE)";"46,5818000";"0,3375000"
"201900008337";"18";"10";"2019";"17:45";"1";"83";"83137";"2";"1";"8";"3";"MOULINS (AVE DES DE 328 A FIN";"43,1516200";"5,9148600"
"201900008338";"18";"10";"2019";"14:10";"1";"81";"81004";"1";"1";"1";"6";"CORDES (RTE DE)";"43,9510335";"2,1173063"
"201900008339";"17";"10";"2019";"17:10";"1";"80";"80021";"2";"1";"1";"6";"SAINT QUENTIN (BOULEVARD)";"49,8793100";"2,2995400"
"201900008340";"16";"10";"2019";"18:15";"1";"78";"78646";"2";"2";"2";"6";"PARIS (AVENUE DE)";"48,8001600";"2,1375000"
"201900008341";"18";"10";"2019";"18:57";"5";"78";"78238";"1";"1";"1";"1";"CD 14";"48,9791690";"1,8865060"
"201900008342";"18";"10";"2019";"02:00";"4";"77";"77067";"2";"1";"9";"1";"D82-GRANDE (RUE )";"48,5543387";"2,5791609"
"201900008343";"17";"10";"2019";"20:00";"5";"77";"77122";"2";"2";"1";"3";"VICTOR HUGO(AVENUE)";"48,6664700";"2,5448400"
"201900008344";"17";"10";"2019";"14:10";"1";"76";"76540";"2";"2";"1";"3";"HAVRE. ROUTE DU";"49,4527000";"1,0566200"
"201900008345";"17";"10";"2019";"18:45";"1";"76";"76410";"2";"1";"2";"3";"REPUBLIQUE. RUE DE LA";"49,4745900";"1,0421300"
"201900008346";"18";"10";"2019";"12:50";"1";"72";"72181";"2";"6";"1";"3";"GENESLAY FELIX (AV) N° IMP 265 A 383";"47,9717700";"0,2054600"
"201900008347";"18";"10";"2019";"10:30";"1";"72";"72181";"2";"3";"1";"3";"Robert Jarry (Bd)";"47,9961900";"0,1931300"
"201900008348";"18";"10";"2019";"12:10";"1";"71";"71040";"2";"1";"8";"7";"RN 70 - PR39+800";"46,7014700";"4,4120900"
"201900008349";"17";"10";"2019";"16:55";"1";"71";"71270";"2";"1";"2";"3";"GAULLE (AVENUE DU GENERAL DE)";"46,3259800";"4,8406800"
"201900008350";"15";"10";"2019";"16:35";"1";"70";"70550";"2";"1";"2";"3";"COUBERTIN (RUE PIERRE DE)";"47,6221900";"6,1666900"
"201900008351";"18";"10";"2019";"19:10";"5";"69";"69029";"2";"1";"2";"6";"DROITS DE L'HOMME (DES)             (BD)";"45,7365800";"4,9341800"
"201900008352";"16";"10";"2019";"10:00";"1";"69";"69266";"2";"3";"1";"3";"FREDERIC FAYS      (Rue)";"45,7646300";"4,9030100"
"201900008353";"18";"10";"2019";"09:45";"1";"67";"67482";"2";"1";"1";"3";"MITTELHAUSBERGEN (ROUTE DE)";"48,5929700";"7,7225700"
"201900008354";"17";"10";"2019";"22:10";"5";"67";"67482";"2";"3";"2";"3";"GENERAL KOENIG (QUAI DU)";"48,5752700";"7,7548600"
"201900008355";"17";"10";"2019";"18:45";"5";"67";"67482";"2";"1";"2";"2";"COLMAR (AVENUE DE)";"48,5564810";"7,7470260"
"201900008356";"18";"10";"2019";"00:35";"3";"66";"66136";"2";"1";"1";"6";"ANCIEN CHEMIN DE BOMPAS CHEMIN DIT DE L'";"42,7211400";"2,9114400"
"201900008357";"18";"10";"2019";"09:00";"1";"64";"64445";"2";"1";"2";"6";"EUROPE DE L'";"43,3294354";" -0,3535686"
"201900008358";"18";"10";"2019";"07:45";"1";"64";"64445";"2";"1";"1";"4";"LYAUTEY";"43,3076000";" -0,3643000"
"201900008359";"17";"10";"2019";"18:00";"1";"64";"64348";"2";"6";"1";"3";"EUROPE DE L'";"43,3210178";" -0,3918444"
"201900008360";"17";"10";"2019";"20:00";"5";"59";"59009";"2";"1";"2";"6";"LIBERTE RUE DE LA";"50,6274700";"3,1442800"
"201900008361";"17";"10";"2019";"17:50";"1";"57";"57672";"2";"1";"2";"6";"JEANNE D'ARC (BOULEVARD)";"49,3559000";"6,1594000"
"201900008362";"17";"10";"2019";"11:15";"1";"57";"57463";"2";"1";"1";"6";"AU BLE (RUE)";"49,1194200";"6,1736100"
"201900008363";"14";"10";"2019";"15:22";"1";"57";"57751";"1";"1";"1";"2";"ROMBAS (RUE DE )";"49,1678200";"6,1534300"
"201900008364";"18";"10";"2019";"15:20";"1";"54";"54395";"2";"1";"1";"7";"CARMES (RUE DES)";"48,6919200";"6,1802310"
"201900008365";"18";"10";"2019";"17:45";"1";"53";"53201";"1";"6";"1";"3";"RD 900 VERS RENNES";"48,0763000";" -0,8419500"
"201900008366";"18";"10";"2019";"22:05";"5";"51";"51454";"2";"1";"1";"3";"RUE DU COLONNEL FABIEN";"49,2498811";"4,0188359"
"201900008367";"18";"10";"2019";"08:50";"1";"50";"50502";"2";"1";"2";"1";"VILLEDIEU";"49,1110800";" -1,1027100"
"201900008368";"16";"10";"2019";"07:50";"5";"50";"50129";"2";"2";"3";"6";"CARNOT (AVENUE)";"49,6336430";" -1,6172900"
"201900008369";"18";"10";"2019";"07:50";"5";"49";"49099";"2";"3";"2";"6";"CHOUTEAU (BOULEVARD GUY)";"47,0668600";" -0,8936700"
"201900008370";"18";"10";"2019";"00:00";"3";"49";"49353";"2";"1";"1";"6";"RECLUS";"47,4507000";" -0,4927000"
"201900008371";"17";"10";"2019";"19:34";"5";"49";"49007";"2";"1";"1";"6";"BEAUREPAIRE";"47,4757900";" -0,5607400"
"201900008372";"18";"10";"2019";"22:05";"5";"44";"44114";"2";"6";"3";"6";"ROUTE DE VANNES/AVENUE MORLIERE ";"47,2466540";" -1,6040220"
"201900008373";"18";"10";"2019";"08:10";"1";"42";"42189";"1";"1";"1";"3";"RD 201";"45,4236029";"4,3645438"
"201900008374";"18";"10";"2019";"09:30";"1";"37";"37261";"2";"1";"1";"6";"ALOUETTE (AVENUE)";"47,3629200";"0,6968500"
"201900008375";"17";"10";"2019";"12:15";"1";"37";"37214";"2";"1";"8";"7";"RD 37";"47,3968677";"0,6476569"
"201900008376";"18";"4";"2019";"14:10";"1";"56";"56098";"2";"1";"1";"6";"MAURIAC (RUE  FRANCOIS )";"47,7659500";" -3,3493500"
"201900008377";"18";"4";"2019";"10:50";"1";"56";"56121";"2";"1";"1";"2";"BELGIQUE (RUE  DE )";"47,7606900";" -3,3848500"
"201900008378";"16";"4";"2019";"10:50";"1";"56";"56083";"2";"6";"1";"3";"JAURES ( AV. JEAN )";"47,8020600";" -3,2787700"
"201900008379";"29";"4";"2019";"19:10";"1";"55";"55545";"2";"1";"1";"7";"SAINT PAUL ( PLACE )";"49,1645000";"5,3842000"
"201900008380";"20";"4";"2019";"05:30";"3";"55";"55545";"2";"1";"1";"7";"BASTIEN LEPAGE";"49,1535000";"5,3892600"
"201900008381";"18";"4";"2019";"16:03";"1";"54";"54542";"1";"1";"1";"5";"RD 613";"49,2083400";"5,9165000"
"201900008382";"23";"4";"2019";"18:50";"1";"52";"52121";"2";"1";"1";"3";"MOULIN NEUF ( Z.A.C. )";"48,1237000";"5,1495000"
"201900008383";"23";"4";"2019";"14:15";"1";"51";"51454";"2";"2";"1";"4";"RUE EMILE ZOLA";"49,2677028";"4,0267333"
"201900008384";"20";"4";"2019";"10:00";"1";"51";"51454";"2";"2";"1";"7";"AVENUE GEORGES CLEMENCEAU";"49,2505900";"4,0524700"
"201900008385";"18";"4";"2019";"19:40";"1";"51";"51454";"2";"4";"1";"1";"RUE EMILE ZOLA";"49,2698100";"4,0258400"
"201900008386";"24";"4";"2019";"17:17";"1";"50";"50129";"2";"1";"1";"6";"VOSGES (RUE DES)";"49,6276200";" -1,6215600"
"201900008387";"24";"4";"2019";"12:30";"1";"50";"50129";"2";"3";"2";"3";"NORMANDIE (AVENUE DE)";"49,6267900";" -1,6343400"
"201900008388";"23";"4";"2019";"11:40";"1";"50";"50173";"2";"2";"1";"7";"PAIX (RUE DE LA)";"49,6504200";" -1,6514100"
"201900008389";"17";"4";"2019";"11:50";"1";"50";"50203";"1";"6";"1";"2";"MALRAUX (ROND POINT ANDRE)";"49,5992800";" -1,5970800"
"201900008390";"25";"4";"2019";"19:00";"1";"49";"49099";"2";"1";"1";"3";"LORRAINE (RUE DE)";"47,0598000";" -0,8684400"
"201900008391";"19";"4";"2019";"22:20";"3";"49";"49099";"1";"1";"1";"7";"SAINT ANTOINE (RUE DE )";"47,0465300";" -0,9206700"
"201900008392";"24";"4";"2019";"07:54";"2";"49";"49246";"2";"1";"2";"3";"PERRINS CHEMIN ET VILLAGE";"47,4427500";" -0,5238500"
"201900008393";"24";"4";"2019";"08:41";"1";"49";"49007";"2";"1";"1";"6";"BEAUSSIER BOULEVARD";"47,4686700";" -0,6013100"
"201900008394";"24";"4";"2019";"07:00";"2";"49";"49007";"2";"1";"1";"2";"TURPIN DE CRISSE AVENUE";"47,4653300";" -0,5545600"
"201900008395";"23";"4";"2019";"08:54";"1";"49";"49007";"2";"1";"1";"3";"MIMOSAS";"47,4813800";" -0,5234400"
"201900008396";"23";"4";"2019";"08:21";"1";"49";"49007";"2";"1";"1";"4";"JOXE AVENUE";"47,4840300";" -0,5414500"
"201900008397";"21";"4";"2019";"23:04";"3";"49";"49353";"2";"1";"1";"6";"PASTEUR";"47,4455700";" -0,4660100"
"201900008398";"19";"4";"2019";"13:48";"1";"49";"49246";"2";"1";"1";"2";"HUIT MAI AVENUE";"47,4357800";" -0,5199400"
"201900008399";"22";"4";"2019";"16:23";"1";"49";"49246";"2";"1";"1";"7";"BOUTIN DES VIGNES";"47,4377700";" -0,5282900"
"201900008400";"19";"4";"2019";"12:46";"1";"49";"49007";"2";"1";"1";"3";"BOISNET RUE";"47,4740500";" -0,5544700"
"201900008401";"19";"4";"2019";"23:05";"3";"49";"49007";"2";"1";"1";"2";"ATLANTIQUE  AVENUE DE L'";"47,4686700";" -0,5646400"
"201900008402";"18";"4";"2019";"13:50";"1";"49";"49353";"2";"1";"1";"3";"AUBINIERE CHEMIN";"47,4531600";" -0,4863300"
"201900008403";"18";"4";"2019";"15:06";"1";"49";"49007";"2";"1";"1";"2";"BEDIER BOULEVARD";"47,4510300";" -0,5492500"
"201900008404";"18";"4";"2019";"19:45";"1";"49";"49246";"2";"1";"1";"6";"BELLE POULE LEVEE";"47,4241700";" -0,4989400"
"201900008405";"17";"4";"2019";"08:15";"1";"49";"49353";"2";"1";"1";"4";"A87N";"47,4555300";" -0,5157800"
"201900008406";"17";"4";"2019";"16:09";"1";"49";"49007";"2";"1";"1";"6";"PATTON AVENUE";"47,4737400";" -0,5836200"
"201900008407";"17";"4";"2019";"01:25";"5";"49";"49007";"2";"1";"1";"3";"BRISSAC";"47,4602400";" -0,5472600"
"201900008408";"17";"4";"2019";"12:40";"1";"47";"47323";"2";"9";"1";"3";"BIAS (AVENUE DE)";"44,4103920";"0,6959770"
"201900008409";"24";"4";"2019";"17:15";"1";"47";"47031";"2";"1";"1";"3";"Allée Larroumet et Lagarde";"44,1769900";"0,6248400"
"201900008410";"20";"4";"2019";"17:30";"1";"46";"46156";"1";"1";"1";"2";"GRAND'RUE";"44,4716660";"1,4786510"
"201900008411";"25";"4";"2019";"17:25";"1";"45";"45285";"2";"1";"2";"6";"chemin de Chaingy";"47,9020000";"1,8600000"
"201900008412";"24";"4";"2019";"09:52";"1";"45";"45285";"2";"3";"1";"3";"RUE PAUL DOUMER - RUE DE LA BATE";"47,9083370";"1,8772450"
"201900008413";"23";"4";"2019";"11:45";"1";"45";"45234";"2";"5";"1";"6";"163 FB ST VINCENT - BD MARIE STUART";"47,9125953";"1,9156518"
"201900008414";"20";"4";"2019";"12:20";"1";"45";"45075";"2";"1";"1";"7";"RUE DES HAUTS";"47,8872300";"1,8355400"
"201900008415";"19";"4";"2019";"19:25";"1";"45";"45147";"2";"1";"1";"1";"RUE JULES FERRY";"47,9375200";"1,9041900"
"201900008416";"18";"4";"2019";"18:12";"1";"45";"45286";"2";"3";"1";"3";"AV GASTON GALLOUX - RUE DEMAY";"47,8852813";"1,9244270"
"201900008417";"27";"4";"2019";"14:50";"1";"45";"45004";"2";"1";"8";"2";"AVENUE D'ANTIBES";"47,9778900";"2,7331600"
"201900008418";"25";"4";"2019";"13:25";"1";"45";"45004";"2";"6";"2";"6";"RUE DE L'EUROPE";"47,9778009";"2,7292065"
"201900008419";"24";"4";"2019";"19:45";"1";"45";"45208";"2";"3";"1";"3";"RUE DU 23 AOUT 1944 - AV LOUIS PHILIPPON";"48,0040500";"2,7246300"
"201900008420";"21";"4";"2019";"13:30";"1";"45";"45068";"2";"1";"1";"7";"10 RUE LUCIE AUBRAC";"48,0165400";"2,7043500"
"201900008421";"20";"4";"2019";"13:15";"1";"45";"45208";"2";"2";"1";"3";"RUE EMILE DECOURT";"47,9982800";"2,7463800"
"201900008422";"24";"4";"2019";"17:00";"1";"44";"44184";"2";"2";"1";"3";"RUES DE LA PAIX ET DES ARTS / MAINE";"47,2767800";" -2,2111620"
"201900008423";"24";"4";"2019";"15:20";"1";"44";"44184";"2";"1";"1";"3";"LEFERME (BOULEVARD PAUL)";"47,2794500";" -2,2027400"
"201900008424";"22";"4";"2019";"19:27";"1";"44";"44184";"2";"1";"1";"6";"LE DÉLÉZIR (RUE JOSEPH)";"47,2412800";" -2,2814000"
"201900008425";"19";"4";"2019";"21:50";"5";"44";"44184";"2";"1";"1";"3";"PRISE D'EAU (AVENUE DE LA)";"47,2790000";" -2,1972600"
"201900008426";"28";"4";"2019";"18:30";"2";"44";"44109";"2";"3";"2";"2";"BD DES ANGLAIS / RUE J.L. GIRAUDET";"47,2241700";" -1,5843000"
"201900008427";"26";"4";"2019";"22:38";"5";"44";"44109";"2";"1";"1";"6";"RUE DE STRASBOURG";"47,2168690";" -1,5520030"
"201900008428";"25";"4";"2019";"13:45";"1";"44";"44109";"2";"1";"1";"3";"BOULEVARD MARTIN LUTHER KING";"47,2561600";" -1,5544700"
"201900008429";"11";"4";"2019";"21:00";"5";"44";"44109";"2";"3";"1";"3";"RUES DE LA BASINERIE / LAVERAN";"47,2384700";" -1,5179900"
"201900008430";"20";"4";"2019";"12:35";"1";"44";"44162";"1";"1";"1";"3";"ROUTE DE VANNES";"47,2566900";" -1,6389000"