"Num_Acc";"jour";"mois";"an";"hrmn";"lum";"dep";"com";"agg";"int";"atm";"col";"adr";"lat";"long"
"201900008431";"16";"4";"2019";"12:24";"1";"44";"44055";"2";"6";"1";"2";"FLORALIES ( AVENUE DES )";"47,2911575";" -2,3955613"
"201900008432";"26";"4";"2019";"16:00";"1";"43";"43041";"2";"1";"2";"6";"DUPUY (AVENUE CHARLES)";"45,0503000";"3,9133000"
"201900008433";"27";"4";"2019";"08:05";"1";"42";"42187";"2";"2";"2";"3";"BELGIQUE (BOULEVARD DE )";"46,0459000";"4,0745500"
"201900008434";"20";"4";"2019";"11:25";"1";"42";"42184";"2";"3";"1";"1";"FOCH MARECHAL (RUE)";"46,0401300";"4,0317700"
"201900008435";"18";"4";"2019";"09:30";"1";"42";"42095";"2";"2";"1";"3";"VOLTAIRE (RUE)";"45,3897800";"4,2895100"
"201900008436";"23";"4";"2019";"18:30";"1";"39";"39198";"2";"1";"1";"7";"JOUHAUX (AVENUE LEON) N° PAIRS";"47,0845500";"5,4754700"
"201900008437";"18";"4";"2019";"20:55";"1";"38";"38544";"2";"3";"1";"1";"ROBESPIERRE(RUE)";"45,5231217";"4,8755673"
"201900008438";"25";"4";"2019";"11:35";"1";"38";"38185";"2";"1";"1";"6";"FRANCE (QUAI DE)";"45,1933800";"5,7200000"
"201900008439";"23";"4";"2019";"22:20";"5";"38";"38185";"2";"2";"1";"3";"RUE LÉON JOUHAUX";"45,1805000";"5,7441500"
"201900008440";"23";"4";"2019";"12:30";"1";"38";"38185";"2";"1";"1";"6";"PASSAGE COURS BERRIAT";"45,1886800";"5,7150900"
"201900008441";"28";"4";"2019";"18:15";"1";"37";"37261";"2";"2";"1";"3";"TONNELLE (BOULEVARD)";"47,3910000";"0,6680000"
"201900008442";"28";"4";"2019";"12:50";"1";"37";"37261";"2";"1";"1";"2";"MAGINOT (AV. ANDRE)";"47,4190166";"0,6929056"
"201900008443";"26";"4";"2019";"06:07";"5";"37";"37122";"2";"6";"1";"6";"JEAN JAURES";"47,3467600";"0,6504000"
"201900008444";"25";"4";"2019";"16:25";"1";"37";"37261";"2";"3";"3";"3";"FLORENCE (AVENUE DE)";"47,3757200";"0,7340300"
"201900008445";"25";"4";"2019";"14:30";"1";"37";"37261";"2";"1";"1";"7";"DESCARTES (RUE)";"47,3925119";"0,6828719"
"201900008446";"25";"4";"2019";"09:44";"1";"37";"37214";"2";"1";"1";"2";"DE GAULLE (BD CHARLES)";"47,4300000";"0,6430000"
"201900008447";"24";"4";"2019";"18:00";"1";"37";"37261";"2";"3";"8";"1";"SAINT PAUL (PLACE)";"47,3800000";"0,6955500"
"201900008448";"24";"4";"2019";"16:30";"1";"37";"37261";"2";"1";"8";"6";"ALOUETTE (AVENUE)";"47,3628200";"0,6967600"
"201900008449";"24";"4";"2019";"09:25";"1";"37";"37122";"2";"1";"2";"3";"RABELAIS (RUE)";"47,3507700";"0,6610300"
"201900008450";"24";"4";"2019";"08:05";"1";"37";"37233";"2";"1";"2";"7";"POMPIDOU (AVENUE GEORGES)";"47,3753619";"0,7155349"
"201900008451";"23";"4";"2019";"21:15";"2";"37";"37122";"2";"1";"1";"7";"JAURES (BOULEVARD JEAN)";"47,3477000";"0,6558700"
"201900008452";"23";"4";"2019";"08:30";"1";"37";"37261";"2";"1";"1";"3";"VICTOIRE (RUE DE LA)";"47,3958760";"0,6770561"
"201900008453";"22";"4";"2019";"12:50";"1";"37";"37261";"2";"7";"1";"3";"DE LATTRE DE TASSIGNY (BOULEVARD DE)";"47,3830505";"0,6963226"
"201900008454";"19";"4";"2019";"08:24";"1";"37";"37261";"2";"1";"1";"3";"TRANCHEE (PLACE DE LA)";"47,4088222";"0,6808298"
"201900008455";"18";"4";"2019";"14:20";"1";"37";"37261";"2";"1";"1";"2";"LOUIS XI (BOULEVARD)";"47,3743300";"0,6731100"
"201900008456";"18";"4";"2019";"09:00";"1";"37";"37261";"2";"1";"1";"7";"DEVILDE (RUE)";"47,4105297";"0,6917979"
"201900008457";"18";"4";"2019";"07:35";"1";"37";"37233";"2";"1";"1";"1";"COLOMBIER (RUE DU)";"47,3835600";"0,7457300"
"201900008458";"18";"4";"2019";"07:45";"1";"37";"37261";"2";"1";"1";"2";"SAVONNIERES (ROUTE DE)";"47,3699500";"0,6732400"
"201900008459";"24";"4";"2019";"17:02";"1";"36";"36159";"1";"1";"1";"2";"ROUTE DE VARENNES";"46,7720800";"1,7344000"
"201900008460";"17";"4";"2019";"15:30";"1";"36";"36044";"2";"1";"1";"6";"105 RUE DE NOTZ";"46,8014600";"1,6855700"
"201900008461";"28";"4";"2019";"19:00";"1";"35";"35238";"1";"1";"3";"2";"PORTE DE CLEUNAY";"48,1042200";" -1,7168200"
"201900008462";"28";"4";"2019";"18:27";"1";"35";"35238";"2";"2";"2";"3";"ARMORIQUE (BD D')";"48,1313400";" -1,6726400"
"201900008463";"26";"4";"2019";"16:10";"1";"35";"35051";"1";"9";"2";"4";"EST (ROCADE)";"48,1098200";" -1,5916000"
"201900008464";"26";"4";"2019";"12:15";"1";"35";"35238";"2";"7";"1";"6";"CHATEAUGIRON (DE)";"48,1002680";" -1,6497460"
"201900008465";"26";"4";"2019";"09:10";"1";"35";"35238";"2";"3";"1";"3";"PLANCHES (DES)";"48,0994900";" -1,6713400"
"201900008466";"25";"4";"2019";"18:30";"1";"35";"35238";"2";"3";"1";"3";"PAVIE (AUGUSTE)";"48,1040000";" -1,6361000"
"201900008467";"24";"4";"2019";"17:30";"1";"35";"35278";"1";"1";"3";"4";"RD 137";"48,1828600";" -1,7202900"
"201900008468";"23";"4";"2019";"16:30";"1";"35";"35238";"2";"1";"1";"2";"GROS MALHON (AVENUE)";"48,1271700";" -1,6832000"
"201900008469";"23";"4";"2019";"12:15";"1";"35";"35238";"2";"9";"2";"6";"JANVIER (AVENUE JEAN)";"48,1091700";" -1,6738750"
"201900008470";"23";"4";"2019";"08:50";"1";"35";"35238";"2";"6";"1";"2";"VALLES (JULES)";"48,1050470";" -1,7081100"
"201900008471";"21";"4";"2019";"16:00";"1";"35";"35238";"1";"1";"1";"2";"RN136";"48,0816700";" -1,6764700"
"201900008472";"20";"4";"2019";"12:20";"1";"35";"35238";"2";"1";"1";"2";"ESPAGNE (D')";"48,0866600";" -1,6730980"
"201900008473";"20";"4";"2019";"05:20";"5";"35";"35238";"2";"1";"1";"6";"LIBERTE (BD DE LA)";"48,1085000";" -1,6841000"
"201900008474";"19";"4";"2019";"08:50";"1";"35";"35238";"2";"1";"1";"6";"MITTERAND (MAIL FRANCOIS)";"48,1083500";" -1,6939480"
"201900008475";"18";"4";"2019";"17:45";"1";"35";"35238";"1";"1";"1";"4";"RN136";"48,1199270";" -1,7200260"
"201900008476";"17";"4";"2019";"08:00";"1";"35";"35238";"2";"1";"1";"6";"NANTES (DE)";"48,0949610";" -1,6900840"
"201900008477";"25";"4";"2019";"02:10";"5";"34";"34172";"2";"2";"6";"3";"JUSTICE DE CASTELNAU (AVENUE DE LA)";"43,6260700";"3,8823100"
"201900008478";"21";"4";"2019";"20:15";"2";"34";"34172";"2";"9";"1";"3";"PRES D'ARENES (AVENUE DES)";"43,5918900";"3,8811500"
"201900008479";"21";"4";"2019";"08:20";"1";"34";"34172";"2";"3";"1";"2";"RIMBAUD (RUE PAUL)";"43,6193700";"3,8488200"
"201900008480";"17";"4";"2019";"13:55";"1";"34";"34172";"2";"1";"1";"2";"GANGES (ROUTE DE";"43,6435800";"3,8445000"
"201900008481";"19";"4";"2019";"18:03";"1";"34";"34172";"2";"1";"1";"6";"LODEVE (AVENUE DE";"43,6146000";"3,8357500"
"201900008482";"18";"4";"2019";"09:40";"1";"34";"34172";"2";"2";"1";"2";"FLAHAULT (AVENUE CHARLES";"43,6237900";"3,8620100"
"201900008483";"24";"4";"2019";"15:00";"1";"34";"34336";"2";"1";"1";"3";"BEREGOVOY (AVENUE PIERRE)";"43,3225700";"3,2677800"
"201900008484";"27";"4";"2019";"15:25";"1";"34";"34003";"2";"1";"6";"7";"MEDITERRANEENNE (C10 A C12";"43,3175700";"3,4644500"
"201900008485";"18";"4";"2019";"21:05";"5";"34";"34003";"1";"1";"1";"7";"RD612";"43,2953400";"3,5031100"
"201900008486";"19";"4";"2019";"06:30";"5";"33";"33063";"2";"2";"1";"1";"CRS DE LA LIBERATION";"44,8328800";" -0,5818200"
"201900008487";"22";"4";"2019";"22:05";"5";"33";"33063";"2";"2";"1";"1";"BD DU PDT FRANKLIN ROOSEVELT";"44,8148000";" -0,5726700"
"201900008488";"23";"4";"2019";"17:05";"1";"33";"33063";"2";"1";"1";"3";"QUAI DE BRIENNE";"44,8232100";" -0,5433800"
"201900008489";"20";"4";"2019";"18:40";"1";"33";"33063";"2";"3";"1";"6";"PONT Jacques CHABAN DELMAS sens BACALAN vers BRAZZA";"44,8561100";" -0,5495900"
"201900008490";"20";"4";"2019";"06:35";"2";"33";"33063";"2";"2";"1";"3";"QUAI DE BACALAN";"44,8603500";" -0,5539600"
"201900008491";"18";"4";"2019";"22:15";"5";"33";"33063";"2";"3";"1";"6";"QUAI RICHELIEU (place Quinconces vers place Bir Hakeim)";"44,8398100";" -0,5685600"
"201900008492";"13";"4";"2019";"09:13";"1";"33";"33522";"2";"2";"1";"3";"RUE BOURGES";"44,8154400";" -0,5790300"
"201900008493";"17";"4";"2019";"17:00";"1";"33";"33063";"2";"2";"8";"3";"AVE DE LA REPUBLIQUE CAUD / bande cyclable fin av république";"44,8386000";" -0,6153400"
"201900008494";"12";"4";"2019";"08:45";"1";"33";"33063";"2";"1";"1";"3";"RUE DE BREZETS";"44,8234400";" -0,5713000"
"201900008495";"9";"3";"2019";"10:40";"1";"33";"33063";"2";"3";"1";"6";"RUE DE TAUZIA";"44,8277600";" -0,5565300"
"201900008496";"10";"4";"2019";"13:25";"1";"33";"33522";"2";"1";"1";"6";"AVE DE THOUARS - Piéton traverse sans regarder en courant derrière un bus des n° pairs vers n° impairs.";"44,7922500";" -0,5914500"
"201900008497";"22";"4";"2019";"11:20";"1";"33";"33009";"2";"3";"1";"3";"D217E1 / Av.du Golf";"44,6450900";" -1,1777300"
"201900008498";"21";"4";"2019";"14:59";"1";"33";"33529";"2";"1";"1";"1";"BD DU PYLA";"44,6313200";" -1,1562940"
"201900008499";"18";"4";"2019";"14:10";"1";"33";"33529";"2";"3";"1";"3";"SAINT-EXUPERY (AVE)";"44,6179400";" -1,1385600"
"201900008500";"10";"4";"2019";"17:40";"1";"33";"33529";"2";"9";"1";"3";"Av.Denis Papin";"44,6076500";" -1,1253600"
"201900008501";"19";"4";"2019";"17:40";"1";"32";"32013";"2";"2";"1";"3";"YSER (AVENUE DE L')";"43,6557930";"0,5966110"
"201900008502";"19";"4";"2019";"16:20";"1";"32";"32013";"1";"9";"1";"7";"EUGENE SUE";"43,6447400";"0,5901400"
"201900008503";"24";"4";"2019";"10:40";"1";"31";"31555";"1";"1";"1";"3";"VA007331 A620";"43,6057400";"1,4043600"
"201900008504";"23";"4";"2019";"09:19";"1";"31";"31555";"2";"1";"1";"6";"ARCOLE (BD D) DU 1AU 79";"43,6107900";"1,4422500"
"201900008505";"20";"4";"2019";"19:35";"5";"31";"31555";"2";"1";"1";"6";"RUE SAINT ANTOINE DU T";"43,6030900";"1,4473300"
"201900008506";"20";"4";"2019";"11:30";"1";"31";"31555";"2";"3";"1";"3";"BD PIERRE PAUL RIQUET";"43,6050700";"1,4566000"
"201900008507";"19";"4";"2019";"19:35";"1";"31";"31555";"1";"1";"1";"5";"VA007331 A620";"43,6073600";"1,4083100"
"201900008508";"22";"4";"2019";"22:50";"3";"31";"31555";"2";"1";"6";"1";"AV CRAMPEL";"43,5838000";"1,4512300"
"201900008509";"19";"4";"2019";"17:40";"1";"31";"31555";"2";"1";"1";"4";"AV DE GRANDE BRETAGNE";"43,6054200";"1,4030700"
"201900008510";"19";"4";"2019";"16:30";"1";"31";"31555";"1";"1";"1";"4";"VA007331 A620";"43,6064500";"1,4058000"
"201900008511";"18";"4";"2019";"06:00";"5";"31";"31483";"2";"6";"1";"3";"BOUERY ANDRE (AVENUE)";"43,0952900";"0,7365300"
"201900008512";"25";"4";"2019";"14:05";"1";"30";"30189";"2";"2";"8";"3";"BOURDALOUE (RUE)";"43,8323000";"4,3617000"
"201900008513";"24";"4";"2019";"10:25";"1";"30";"30189";"2";"4";"2";"3";"11 NOVEMBRE 1918 (SQUARE OU RUE)";"43,8346000";"4,3610000"
"201900008514";"23";"4";"2019";"22:30";"5";"30";"30189";"2";"1";"1";"4";"GAMBETTA (BD)";"43,8404400";"4,3589000"
"201900008515";"22";"4";"2019";"00:12";"5";"30";"30189";"2";"2";"1";"3";"MONTPELLIER (ROUTE DE)";"43,8111500";"4,3302800"
"201900008516";"18";"4";"2019";"15:35";"1";"30";"30189";"2";"6";"1";"5";"VERDUN (RUE)";"43,8303300";"4,3518900"
"201900008517";"19";"4";"2019";"19:40";"1";"30";"30028";"2";"1";"1";"3";"ROUTE D'AVIGNON";"44,1573960";"4,6346247"
"201900008518";"27";"4";"2019";"14:28";"1";"29";"29051";"2";"6";"1";"7";"PEN CARN ROND POINT";"48,0125200";" -4,0138000"
"201900008519";"27";"4";"2019";"17:30";"1";"29";"29232";"2";"1";"2";"7";"LENDU ROUTE DU";"47,9344000";" -4,0685000"
"201900008520";"26";"4";"2019";"16:55";"1";"29";"29232";"2";"1";"8";"6";"GARE AVENUE DE LA";"47,9945645";" -4,0944073"
"201900008521";"24";"4";"2019";"18:50";"1";"29";"29232";"1";"1";"1";"4";"RN 165";"47,9891378";" -4,0323579"
"201900008522";"24";"4";"2019";"12:20";"1";"29";"29232";"2";"1";"2";"6";"FRUGY RUE DU";"47,9877573";" -4,1083906"
"201900008523";"23";"4";"2019";"11:00";"1";"29";"29039";"2";"6";"7";"2";"KERVINIOU ( ROND POINT DE )";"47,8625000";" -3,8896000"
"201900008524";"28";"4";"2019";"11:00";"1";"29";"29019";"2";"3";"1";"6";"EUROPE (DE 58 A 166 ET 99 A 129)";"48,4131557";" -4,4912449"
"201900008525";"20";"4";"2019";"08:58";"1";"29";"29019";"2";"6";"1";"5";"SPERNOT (ROND POINT)";"48,4129847";" -4,5075889"
"201900008526";"11";"4";"2019";"17:45";"1";"29";"29019";"2";"1";"1";"3";"VILLENEUVE (RUE)";"48,4097400";" -4,4644200"
"201900008527";"23";"4";"2019";"08:45";"1";"29";"29019";"2";"1";"1";"1";"DUVAL MARCELLIN (DE 22 A 78 ET 29 A 121)";"48,4205423";" -4,4869022"
"201900008528";"26";"4";"2019";"13:30";"1";"28";"28134";"2";"9";"8";"6";"LIEVRE D'OR (RUE DU)";"48,7366900";"1,3889200"
"201900008529";"20";"4";"2019";"19:10";"1";"28";"28134";"1";"1";"1";"7";"PROD'HOMME (RUE EMILE)";"48,7483900";"1,3409000"
"201900008530";"21";"4";"2019";"17:15";"1";"28";"28332";"2";"9";"1";"6";"Moronval (rue des hauts de)";"48,7284200";"1,3923300"
"201900008531";"18";"4";"2019";"20:05";"1";"28";"28404";"2";"1";"1";"6";"DELIBES (RUE LEO)";"48,7163200";"1,3639400"
"201900008532";"19";"4";"2019";"19:10";"1";"27";"27681";"2";"9";"1";"7";"RENAISSANCE (RUE DE LA)";"49,0787800";"1,4820100"
"201900008533";"19";"4";"2019";"16:25";"1";"27";"27681";"1";"1";"1";"3";"RELIGIEUSES (CHEMIN)";"49,0732300";"1,4687800"
"201900008534";"18";"4";"2019";"11:55";"1";"27";"27681";"1";"1";"1";"1";"QUEUE D'HAYE (RUE DE LA )";"49,1257000";"1,5325000"
"201900008535";"18";"4";"2019";"15:55";"1";"27";"27701";"1";"1";"1";"5";"RD6015";"49,2559400";"1,1705600"
"201900008536";"18";"4";"2019";"09:45";"1";"26";"26252";"2";"3";"1";"3";"MOLOISE BENJAMIN RUE";"44,8893600";"4,8799100"
"201900008537";"23";"4";"2019";"17:50";"1";"26";"26057";"2";"9";"1";"4";"RD 538";"45,0038350";"5,0360900"
"201900008538";"23";"4";"2019";"09:30";"1";"26";"26281";"2";"9";"2";"6";"LIBERATION (BOULEVARD DE LA)";"45,0479700";"5,0474000"
"201900008539";"25";"4";"2019";"15:55";"1";"26";"26198";"2";"1";"6";"2";"GOURNIER (Avenue de)";"44,5336300";"4,7338500"
"201900008540";"10";"3";"2019";"06:30";"5";"26";"26198";"2";"6";"1";"2";"MARSEILLE (Route de )";"44,5334760";"4,7458040"
"201900008541";"19";"4";"2019";"23:30";"3";"26";"26198";"2";"1";"1";"7";"VALENCE (Route de)";"44,5884100";"4,7516100"
"201900008542";"27";"4";"2019";"13:00";"1";"25";"25204";"2";"1";"2";"1";"Vuillecin  (rue de )";"46,9242200";"6,3380700"
"201900008543";"3";"4";"2019";"11:05";"1";"22";"22106";"2";"2";"1";"6";"MORIN (RUE MATHURIN)";"48,4944100";" -2,7142800"
"201900008544";"3";"4";"2019";"17:00";"1";"22";"22278";"2";"1";"1";"2";"RIBOT (THEODULE)";"48,5170800";" -2,7778200"
"201900008545";"2";"4";"2019";"19:35";"1";"22";"22187";"2";"6";"1";"3";" rue de la ville houard";"48,5381490";" -2,7323260"
"201900008546";"25";"4";"2019";"04:50";"5";"21";"21231";"2";"1";"2";"3";"AUGUSTE MORIN GACON (PLACE)";"47,3388800";"5,0634600"
"201900008547";"25";"4";"2019";"15:00";"1";"19";"19031";"2";"1";"1";"6";"DELESSERT (RUE BENJAMIN)";"45,1620900";"1,5363600"
"201900008548";"24";"4";"2019";"17:05";"1";"18";"18279";"2";"9";"1";"2";"RN 20 NORD (TRAVERSEE DE LA FORET)";"47,2530400";"2,0602300"
"201900008549";"19";"4";"2019";"02:45";"5";"18";"18033";"2";"1";"1";"7";"DUN-SUR-AURON (AV DE)";"47,0605800";"2,4239300"
"201900008550";"17";"4";"2019";"22:22";"4";"18";"18205";"1";"6";"1";"3";"PORTE DE VIERZON (ROCADE)";"47,1262500";"2,3391800"
"201900008551";"26";"4";"2019";"15:55";"1";"17";"17306";"2";"1";"1";"6";"ALBERT 1ER (BD)";"45,6261030";" -1,0225570"
"201900008552";"24";"4";"2019";"12:05";"1";"17";"17306";"2";"1";"8";"3";"AMPERE";"45,6309000";" -0,9983000"
"201900008553";"17";"4";"2019";"10:54";"1";"17";"17306";"2";"3";"1";"5";"LAMY (BD FRANCK)";"45,6279500";" -1,0160700"
"201900008554";"26";"4";"2019";"02:30";"5";"17";"17300";"2";"1";"2";"6";"REMPART  CHEMIN DU";"46,1649700";" -1,1554300"
"201900008555";"23";"4";"2019";"16:40";"1";"17";"17300";"2";"1";"1";"4";"JOFFRE   BOULEVARD (27-77 et 2-1)";"46,1598661";" -1,1411525"
"201900008556";"20";"4";"2019";"19:00";"1";"17";"17300";"2";"6";"1";"3";"MOULIN   AVENUE JEAN";"46,1517900";" -1,1396800"
"201900008557";"22";"4";"2019";"19:00";"1";"17";"17449";"2";"1";"1";"3";"AUNIS AVENUE D'";"45,9486000";" -0,9156290"
"201900008558";"8";"6";"2019";"18:55";"1";"87";"87074";"1";"1";"1";"7";"RC17";"46,3570490";"1,3842750"
"201900008559";"13";"6";"2019";"19:30";"1";"87";"87119";"1";"1";"1";"3";"Chez Barbotte";"45,6931260";"1,3428460"
"201900008560";"6";"6";"2019";"07:47";"1";"37";"37254";"2";"3";"7";"6";"Montouvrin (Tauxigny)";"47,1886230";"0,8433100"
"201900008561";"2";"6";"2019";"03:40";"3";"37";"37257";"2";"4";"1";"6";"rue du plessis";"47,2246000";"0,5767090"
"201900008562";"19";"6";"2019";"19:30";"1";"37";"37273";"1";"3";"1";"1";"D142";"47,3902040";"0,7874340"
"201900008563";"17";"6";"2019";"13:35";"1";"37";"37156";"1";"1";"1";"1";"RD751";"47,3971190";"0,8890360"
"201900008564";"14";"6";"2019";"20:45";"1";"37";"37156";"1";"1";"1";"7";"Rue des Rocheroux";"47,3928160";"0,8932370"
"201900008565";"2";"6";"2019";"04:45";"2";"37";"37156";"1";"6";"1";"7";"D140";"47,3679067";"0,8311123"
"201900008566";"31";"5";"2019";"09:45";"1";"37";"37270";"1";"1";"1";"3";"DÉPARTEMENTALE 46";"47,4212455";"0,8425577"
"201900008567";"7";"6";"2019";"16:53";"1";"37";"37002";"1";"1";"2";"6";"les landes";"47,4668510";"0,4192200"
"201900008568";"30";"5";"2019";"18:15";"1";"30";"30003";"1";"6";"1";"2";"RD 62";"43,5601280";"4,1522630"
"201900008569";"16";"6";"2019";"18:00";"1";"30";"30341";"1";"1";"1";"3";"D6572";"43,6925640";"4,2748750"
"201900008570";"7";"6";"2019";"17:30";"1";"30";"30033";"2";"1";"2";"6";"Rue de la Chicanette";"43,7197060";"4,3189300"
"201900008571";"14";"6";"2019";"14:20";"1";"30";"30017";"1";"1";"1";"6";"d999";"43,9743440";"3,4618610"
"201900008572";"17";"6";"2019";"14:45";"1";"30";"30166";"1";"1";"1";"1";"D 264";"43,8908370";"4,5626850"
"201900008573";"2";"6";"2019";"20:30";"4";"30";"30089";"2";"1";"1";"6";"rd 968 L";"43,8519970";"4,6055430"
"201900008574";"19";"6";"2019";"20:55";"1";"30";"30177";"1";"1";"1";"6";"Route d'Uzès";"44,0919270";"4,1846640"
"201900008575";"8";"6";"2019";"09:35";"1";"30";"30227";"1";"1";"1";"2";"Chemin des 4 Vents";"44,2442670";"4,1831140"
"201900008576";"5";"6";"2019";"15:50";"1";"30";"30223";"2";"3";"1";"6";"ROUTE DÉPARTEMENTALE 16";"44,1775790";"4,1511980"
"201900008577";"6";"6";"2019";"12:55";"1";"30";"30269";"1";"1";"1";"7";"DEPARTEMENTAE 907";"44,1041250";"3,8856080"
"201900008578";"18";"6";"2019";"18:41";"1";"48";"48140";"1";"4";"1";"7";"Pradels";"44,7891890";"3,2858640"
"201900008579";"10";"6";"2019";"15:20";"1";"48";"48009";"1";"1";"8";"6";"Beauregard (Fau-de-Peyre)";"44,7191550";"3,2152260"
"201900008580";"16";"6";"2019";"02:15";"3";"48";"48091";"1";"1";"5";"7";"D 52";"44,6233090";"3,0699780"
"201900008581";"16";"6";"2019";"07:30";"1";"48";"48100";"1";"1";"1";"6";"Pr 25+050";"44,5903420";"3,6989260"
"201900008582";"3";"6";"2019";"17:35";"1";"8";"08116";"2";"1";"1";"6";"RD 977 PK 027 +300";"49,5146450";"4,7693660"
"201900008583";"2";"6";"2019";"00:50";"3";"8";"08220";"1";"1";"1";"6";"PK 2+244 CD 980";"49,3030860";"4,3994850"
"201900008584";"2";"6";"2019";"14:40";"1";"8";"08122";"1";"2";"1";"3";"RD8051";"50,1221160";"4,7929370"
"201900008585";"3";"6";"2019";"14:10";"1";"88";"88438";"2";"1";"7";"6";"14 Route de Rambervillers";"48,3246810";"6,8225230"
"201900008586";"31";"5";"2019";"16:50";"1";"88";"88032";"1";"1";"1";"7";"rue de la petite cote";"48,2501610";"7,0630040"
"201900008587";"1";"6";"2019";"23:40";"3";"88";"88237";"1";"1";"1";"1";"RD6";"48,2281950";"6,2948810"
"201900008588";"9";"6";"2019";"15:40";"1";"88";"88327";"2";"1";"1";"3";"30 Rue de l'Église";"48,3065260";"6,3844460"
"201900008589";"31";"5";"2019";"14:43";"1";"88";"88465";"2";"1";"1";"1";"6 Avenue Pierre de Coubertin (Thaon-les-Vosges)";"48,2487610";"6,4277050"
"201900008590";"19";"6";"2019";"09:05";"1";"68";"68252";"2";"2";"1";"1";"Rue des 7 Nains - Intersection rue Malbrought";"48,1600210";"7,3697990"
"201900008591";"7";"6";"2019";"21:00";"2";"68";"68375";"2";"1";"1";"6";"2 Allée de la doller";"47,8136430";"7,2395980"
"201900008592";"20";"4";"2019";"19:30";"2";"95";"95039";"2";"1";"1";"2";"46 rue de pontoise";"49,0695540";"2,1384710"
"201900008593";"12";"6";"2019";"20:48";"1";"33";"33420";"1";"1";"1";"1";"RD670E5";"44,8619360";" -0,1321150"
"201900008594";"12";"6";"2019";"11:45";"1";"33";"33052";"1";"1";"3";"2";"A89";"44,9641100";" -0,2402700"
"201900008595";"7";"6";"2019";"16:45";"1";"33";"33261";"1";"2";"1";"3";"RD121/RD122";"44,9817670";" -0,0907660"
"201900008596";"15";"6";"2019";"13:50";"1";"78";"78356";"1";"1";"1";"6";"Route Départementale 91";"48,7429960";"2,0198590"
"201900008597";"16";"6";"2019";"06:30";"2";"68";"68234";"1";"1";"2";"6";"A35 PK 79-500";"47,9519230";"7,3666070"
"201900008598";"9";"6";"2019";"01:40";"5";"973";"97307";"2";"2";"1";"2";"RN 2 PK 01";"4,8840540";" -52,3358010"
"201900008599";"2";"6";"2019";"01:00";"3";"973";"97307";"1";"1";"3";"1";"Route de Rochambeau";"4,8361020";" -52,3454740"
"201900008600";"5";"5";"2019";"00:15";"3";"24";"24461";"1";"1";"1";"7";"Pourcaud";"44,9359270";"0,1827130"
"201900008601";"4";"6";"2019";"05:45";"2";"45";"45332";"1";"1";"1";"7";"AUTOROUTE 77 - PK 039+600";"47,8941160";"2,6821350"
"201900008602";"7";"6";"2019";"06:50";"1";"80";"80724";"1";"1";"1";"6";"AUTOROUTE A29 PK 183";"49,8500590";"2,2329980"
"201900008603";"28";"5";"2019";"10:00";"1";"67";"67506";"2";"1";"7";"7";"CD263";"48,6580950";"7,7216060"
"201900008604";"3";"6";"2019";"07:50";"1";"40";"40152";"1";"1";"1";"2";"A63 PK 108+200";"43,9408570";" -1,0863190"
"201900008605";"7";"6";"2019";"13:37";"1";"3";"03021";"1";"1";"1";"6";"N/A";"46,1163761";"3,1265185"
"201900008606";"15";"6";"2019";"11:30";"1";"13";"13051";"1";"1";"1";"6";"D19";"43,5922450";"5,1270450"
"201900008607";"6";"6";"2019";"17:39";"1";"13";"13069";"1";"1";"1";"6";"D15";"43,6254440";"5,1490980"
"201900008608";"5";"6";"2019";"09:30";"1";"1";"01067";"1";"1";"1";"7";"A40";"46,1166955";"5,4910665"
"201900008609";"14";"6";"2019";"20:15";"1";"34";"34337";"1";"1";"1";"7";"D185";"43,5394910";"3,8886550"
"201900008610";"13";"6";"2019";"13:45";"1";"88";"88095";"1";"1";"1";"2";"A31 PK187+600 vers NANCY";"48,3132910";"5,8546760"
"201900008611";"10";"6";"2019";"07:00";"2";"88";"88390";"1";"1";"1";"7";"A.31 PK 162+300 vers Nancy";"48,1489580";"5,6900520"
"201900008612";"31";"5";"2019";"11:50";"1";"35";"35210";"2";"9";"1";"6";"Avenue Pinault";"48,1478700";" -1,7824270"
"201900008613";"9";"6";"2019";"17:20";"1";"9";"09020";"1";"1";"1";"6";"RD 16";"42,7217560";"2,0778800"
"201900008614";"1";"6";"2019";"19:00";"1";"9";"09020";"1";"1";"1";"7";"Pk 22+620";"42,7221820";"2,0780320"
"201900008615";"9";"6";"2019";"11:55";"1";"95";"95430";"1";"1";"1";"2";"RN 1";"49,0702190";"2,3255670"
"201900008616";"2";"6";"2019";"10:05";"1";"95";"95678";"1";"1";"1";"6";"RN 184";"49,0731150";"2,2353370"
"201900008617";"16";"6";"2019";"20:25";"1";"1";"01038";"1";"1";"1";"2";"Autoroute A 39";"46,3079326";"5,2583854"
"201900008618";"1";"6";"2019";"11:19";"1";"1";"01069";"1";"1";"1";"6";"A.40-PK 152+100";"46,1105861";"5,2919763"
"201900008619";"11";"6";"2019";"11:20";"1";"69";"69044";"2";"1";"1";"6";"place sainte luce";"45,7806985";"4,7400266"
"201900008620";"18";"6";"2019";"17:40";"1";"6";"06152";"2";"9";"1";"3";"Route de Biot";"43,6424830";"7,0352010"
"201900008621";"11";"6";"2019";"11:00";"1";"6";"06018";"2";"1";"1";"3";"chemin de la romaine";"43,6283340";"7,0945280"
"201900008622";"14";"6";"2019";"09:00";"1";"69";"69299";"1";"1";"2";"2";"Autoroute A432";"45,7107650";"5,0992140"
"201900008623";"6";"6";"2019";"16:30";"1";"1";"01290";"1";"9";"1";"2";"A42";"45,8607580";"5,1811180"