"Num_Acc";"jour";"mois";"an";"hrmn";"lum";"dep";"com";"agg";"int";"atm";"col";"adr";"lat";"long"
"201900008624";"17";"6";"2019";"12:50";"1";"74";"74219";"1";"1";"1";"6";"Route Départemenale 241";"45,8373930";"6,0975250"
"201900008625";"30";"5";"2019";"10:50";"1";"6";"06085";"2";"1";"1";"6";"Avenue de Tournamy";"43,5974890";"6,9864960"
"201900008626";"11";"6";"2019";"05:38";"2";"68";"68301";"1";"1";"2";"2";"AUTOROUTE A35 - PK 111+600";"47,6852260";"7,4541140"
"201900008627";"4";"6";"2019";"04:30";"2";"68";"68300";"1";"1";"1";"7";"Autoroute A36 bretelle d'insetion 21";"47,7857560";"7,4163750"
"201900008628";"14";"6";"2019";"14:15";"1";"69";"69086";"1";"1";"8";"6";"autoroute A89";"45,8433205";"4,6743661"
"201900008629";"10";"6";"2019";"19:30";"1";"69";"69086";"1";"1";"2";"6";"A89";"45,8359780";"4,6516800"
"201900008630";"20";"6";"2019";"14:20";"1";"31";"31220";"1";"1";"1";"7";"a 66";"43,2933880";"1,6785220"
"201900008631";"17";"6";"2019";"16:56";"1";"31";"31451";"2";"6";"1";"3";"d622";"43,4579150";"2,0032970"
"201900008632";"3";"6";"2019";"09:41";"1";"55";"55122";"2";"3";"1";"3";"RD 958";"48,7637220";"5,5976340"
"201900008633";"12";"6";"2019";"01:45";"3";"72";"72080";"1";"1";"1";"6";"Autoroute A11 PK 134.500";"48,1718180";"0,6576440"
"201900008634";"4";"6";"2019";"02:15";"4";"47";"47046";"1";"1";"1";"6";"A62- PK 82.525. SENS TOULOUSE /BORDEAUX";"44,3702220";"0,2391800"
"201900008635";"6";"6";"2019";"00:10";"5";"74";"74081";"2";"1";"2";"6";"992 Avenue des Glières";"46,0722390";"6,5682250"
"201900008636";"22";"5";"2019";"11:15";"1";"74";"74081";"2";"1";"1";"6";"place du Crétet";"46,0569740";"6,5807410"
"201900008637";"20";"6";"2019";"08:05";"1";"66";"66172";"2";"1";"1";"3";"28 Avenue Général de Gaulle";"42,7083680";"2,8426080"
"201900008638";"12";"6";"2019";"17:05";"1";"6";"06161";"1";"1";"1";"3";"A8 chaussée Sud direction Nice";"43,6275280";"7,1164330"
"201900008639";"8";"6";"2019";"15:00";"1";"13";"13001";"1";"1";"1";"3";"Autoroute A8 13090";"43,5126680";"5,4660550"
"201900008640";"6";"6";"2019";"08:30";"1";"13";"13109";"1";"1";"1";"2";"autoroute A8";"43,5095870";"5,4986070"
"201900008641";"2";"6";"2019";"13:20";"1";"13";"13025";"1";"1";"1";"3";"Autoroute A8 PK 28+700 Sens LYON - NICE";"43,4832190";"5,5385390"
"201900008642";"9";"6";"2019";"17:35";"1";"6";"06088";"1";"1";"1";"2";"A8 - pk 186+400 sud";"43,6714460";"7,2014560"
"201900008643";"2";"6";"2019";"01:00";"5";"6";"06113";"1";"1";"1";"6";"Autoroute A8 Pk 219+150, chaussée sud";"43,7926951";"7,4752589"
"201900008644";"15";"6";"2019";"21:00";"1";"2";"02168";"1";"1";"1";"3";"AUTOROUTE A4, sens PARIS-REIMS au PK084+600";"49,0777400";"3,3865660"
"201900008645";"9";"6";"2019";"16:36";"1";"976";"97603";"1";"1";"1";"7";"Sakouli RN3";" -12,9116833";"45,1928884"
"201900008646";"7";"6";"2019";"00:00";"5";"976";"97606";"2";"1";"1";"7";"CD 5 M RAMADOUDOU";" -12,9315290";"45,1524200"
"201900008647";"17";"6";"2019";"18:05";"1";"37";"37045";"1";"2";"1";"3";"RD 750";"47,0216840";"0,6094420"
"201900008648";"3";"6";"2019";"16:43";"1";"37";"37049";"1";"1";"1";"1";"d 943";"47,1553390";"0,9962633"
"201900008649";"3";"6";"2019";"19:35";"1";"17";"17038";"1";"1";"1";"7";"RN 10";"45,1984900";" -0,3054500"
"201900008650";"18";"6";"2019";"23:20";"3";"57";"57227";"1";"1";"1";"6";"Autoroute A320 au point kilometrique 10.500";"49,1876310";"6,9214040"
"201900008651";"2";"6";"2019";"13:00";"1";"38";"38005";"2";"1";"1";"6";"D 526";"45,1272100";"6,0357100"
"201900008652";"1";"6";"2019";"10:15";"1";"38";"38237";"1";"1";"1";"1";"Route départementale 1091";"45,0500630";"6,1419860"
"201900008653";"1";"6";"2019";"17:00";"1";"38";"38052";"1";"1";"1";"7";"Route Départementale 1091";"45,0549930";"6,0291200"
"201900008654";"3";"6";"2019";"14:55";"1";"7";"07152";"1";"6";"1";"5";"N/A";"45,0460010";"4,8299950"
"201900008655";"15";"6";"2019";"14:20";"1";"91";"91085";"1";"1";"1";"3";"Avenue de Paris";"48,5540650";"2,2212610"
"201900008656";"19";"6";"2019";"14:25";"1";"51";"51418";"1";"1";"1";"3";"A4";"49,2380630";"3,9692199"
"201900008657";"2";"6";"2019";"14:30";"1";"51";"51183";"1";"1";"1";"7";"A26";"49,3178088";"3,9881893"
"201900008658";"31";"5";"2019";"17:00";"1";"64";"64483";"1";"1";"1";"7";"A63 PK190+300";"43,4123734";" -1,6153971"
"201900008659";"31";"5";"2019";"15:00";"1";"64";"64407";"1";"1";"1";"3";"A 64 PK4";"43,4571903";" -1,4174697"
"201900008660";"17";"6";"2019";"13:30";"1";"34";"34032";"1";"1";"1";"6";"autoroute A9 pk 157 sens 2";"43,3446540";"3,3201810"
"201900008661";"17";"6";"2019";"08:10";"1";"34";"34154";"1";"1";"1";"4";"autoroute A 709";"43,6194832";"3,9523208"
"201900008662";"4";"6";"2019";"17:55";"1";"34";"34135";"1";"1";"1";"6";"A9 - PK 173.300";"43,2626690";"3,1719450"
"201900008663";"2";"6";"2019";"16:45";"1";"69";"69043";"2";"6";"1";"3";"Boulevard Philippe Reydllet";"45,7079060";"4,7474220"
"201900008664";"17";"6";"2019";"08:30";"1";"22";"22158";"1";"1";"1";"1";"Rn 164 PR 63+190";"48,2162730";" -3,0039100"
"201900008665";"14";"6";"2019";"17:10";"1";"21";"21263";"1";"1";"1";"6";"a311 sens Beaue/Djon";"47,2452640";"5,0284200"
"201900008666";"16";"6";"2019";"07:25";"2";"28";"28311";"1";"1";"1";"6";"A10 PK 64+100";"48,2131560";"1,8472530"
"201900008667";"16";"6";"2019";"13:49";"1";"28";"28303";"1";"1";"1";"7";"A10 PK 76";"48,1024360";"1,8515980"
"201900008668";"3";"6";"2019";"05:12";"2";"45";"45006";"1";"1";"1";"7";"A 71 PK 110+700";"47,8011452";"1,8506008"
"201900008669";"3";"6";"2019";"15:05";"1";"28";"28199";"1";"1";"1";"6";"autoroute A10";"48,1970338";"1,8515630"
"201900008670";"17";"6";"2019";"04:30";"3";"11";"11262";"1";"1";"1";"4";"pk 187.730";"43,1795190";"3,0414800"
"201900008671";"13";"6";"2019";"16:35";"1";"30";"30189";"1";"1";"1";"5";"Autoroute A9 la Catalane";"43,8065310";"4,3345460"
"201900008672";"7";"6";"2019";"17:55";"1";"34";"34340";"1";"1";"1";"2";"Autoroute A9 - PK 76+800";"43,7336650";"4,1392660"
"201900008673";"10";"6";"2019";"15:40";"1";"971";"97103";"1";"1";"1";"7";"Route de Calvaire Chapelle";"16,2337650";" -61,6315940"
"201900008674";"13";"5";"2019";"15:30";"1";"971";"97103";"1";"1";"1";"3";"ZAC DE BEAUSOLEIL";"16,2496080";" -61,5918550"
"201900008675";"7";"6";"2019";"16:05";"1";"74";"74264";"1";"1";"1";"1";"Bretelle d'accès A 40 numéro 18";"46,0680334";"6,5553570"
"201900008676";"1";"6";"2019";"16:30";"1";"74";"74159";"1";"1";"1";"6";"autoroute A40";"46,0289060";"6,6144730"
"201900008677";"7";"6";"2019";"13:00";"1";"976";"97605";"2";"1";"1";"1";"CCD16";" -12,8209000";"45,1137880"
"201900008678";"3";"6";"2019";"17:30";"1";"95";"95250";"2";"1";"1";"1";"Avenue Debussy";"49,0975578";"2,5084060"
"201900008679";"12";"6";"2019";"15:59";"1";"68";"68118";"2";"1";"1";"6";"Avenue du Général de Gaulle";"47,7292320";"7,4179570"
"201900008680";"19";"6";"2019";"14:36";"1";"38";"38053";"1";"1";"1";"3";"A 43";"45,5975300";"5,2770700"
"201900008681";"6";"6";"2019";"15:17";"1";"38";"38537";"1";"1";"1";"2";"Autoroute 43 PK 022+500";"45,6367570";"5,1426490"
"201900008682";"4";"6";"2019";"17:12";"1";"38";"38530";"1";"1";"1";"2";"A43, Pk 027+000";"45,6275140";"5,1709690"
"201900008683";"31";"5";"2019";"22:25";"3";"38";"38348";"1";"1";"1";"2";"A43 pk 040+500";"45,5883880";"5,3168500"
"201900008684";"20";"6";"2019";"03:28";"3";"59";"59010";"1";"1";"1";"6";"Echangeur A26/A2 direction PARIS";"50,1455670";"3,1272060"
"201900008685";"17";"6";"2019";"08:30";"1";"69";"69019";"1";"1";"1";"7";"Autoroute A6 - PK 413- sens Paris Lyon";"46,0969574";"4,7475365"
"201900008686";"2";"6";"2019";"11:45";"1";"76";"76705";"1";"1";"1";"3";"A 13 PK 110.020";"49,3284590";"1,0889370"
"201900008687";"17";"6";"2019";"19:55";"1";"84";"84091";"1";"1";"1";"2";"Autoroute A7 Pk 161.400 sens 2";"44,1784450";"4,7552470"
"201900008688";"14";"6";"2019";"02:20";"3";"13";"13112";"1";"1";"1";"5";"Autoroute A.7, PK 251+800, sens Nord/Sud";"43,5168080";"5,2298490"
"201900008689";"3";"6";"2019";"10:45";"1";"13";"13032";"1";"1";"1";"5";"Autoroute A8 pk 011+100 sens sud/nord";"43,5383570";"5,3465400"
"201900008690";"12";"6";"2019";"02:00";"3";"62";"62728";"1";"1";"1";"7";"A26";"50,2419700";"3,0588060"
"201900008691";"6";"6";"2019";"10:50";"1";"62";"62081";"1";"1";"1";"2";"A26";"50,2240750";"3,0790330"
"201900008692";"2";"6";"2019";"15:15";"1";"77";"77001";"1";"1";"1";"6";"Autoroute A6";"48,3690720";"2,5645420"
"201900008693";"11";"6";"2019";"17:45";"1";"60";"60142";"1";"1";"1";"3";"route de plailly 60520";"49,1296050";"2,5394760"
"201900008694";"4";"6";"2019";"10:00";"1";"60";"60494";"1";"1";"1";"7";"PLAILLY";"49,1052110";"2,5728240"
"201900008695";"2";"6";"2019";"19:20";"1";"33";"33005";"2";"3";"1";"3";"boulevard du maréchal juin";"44,7334200";" -1,0785200"
"201900008696";"11";"6";"2019";"15:45";"1";"28";"28169";"1";"1";"1";"5";"Autoroute 10, PK 037+300, sens Province-Paris";"48,4452080";"1,9094690"
"201900008697";"9";"6";"2019";"01:50";"3";"11";"11202";"1";"1";"1";"3";"D627";"42,8928010";"3,0481560"
"201900008698";"16";"6";"2019";"22:30";"3";"988";"98820";"2";"3";"1";"6";"Tribu du OUASSADIEU";" -20,6460700";"166,5389300"
"201900008699";"9";"6";"2019";"14:35";"1";"988";"98830";"1";"1";"1";"7";"RPN 2 - tribu de Tiwaka";" -20,8760800";"165,2435700"
"201900008700";"2";"6";"2019";"06:00";"3";"988";"98822";"1";"1";"1";"6";"Tribu de Tié";" -20,9068970";"165,3001060"
"201900008701";"9";"6";"2019";"22:00";"3";"988";"98827";"1";"1";"1";"6";"Poya Nord Lieu-dit ""Foret Français""";" -21,3270300";"165,0985200"
"201900008702";"7";"6";"2019";"07:00";"1";"988";"98826";"1";"1";"1";"1";"route RPN 1 - lieu dit Malabou";" -20,2945610";"164,1315720"
"201900008703";"1";"6";"2019";"01:00";"3";"988";"98826";"1";"1";"1";"6";"Tribu de TIABET";" -20,1238500";"164,0246600"
"201900008704";"9";"6";"2019";"23:20";"3";"988";"98803";"1";"1";"1";"6";"RT1 - PK 186,5 - entrée de l'OCEF";" -21,4795340";"165,3692260"
"201900008705";"31";"5";"2019";"23:30";"3";"988";"98832";"1";"3";"1";"6";"Tribu de Touaourou";" -22,1871600";"166,9721990"
"201900008706";"3";"6";"2019";"01:30";"3";"988";"98804";"2";"3";"1";"6";"village";" -21,5212500";"165,9670500"
"201900008707";"8";"6";"2019";"15:25";"1";"988";"98802";"1";"1";"1";"1";"RT1 sortie nord";" -21,8551180";"165,9968380"
"201900008708";"8";"6";"2019";"14:30";"1";"988";"98813";"1";"3";"1";"3";"RT1/RM16";" -21,7367600";"165,8347500"
"201900008709";"8";"6";"2019";"23:45";"5";"974";"97421";"2";"3";"1";"6";"Rue du Général de Gaulle";" -21,0646480";"55,5207930"
"201900008710";"3";"6";"2019";"04:30";"3";"974";"97419";"1";"1";"2";"1";"RN2 Grand Brulé";" -21,1277140";"55,7921910"
"201900008711";"17";"6";"2019";"06:25";"2";"974";"97402";"2";"1";"1";"6";"rue des caramboles";" -20,9920600";"55,6812840"
"201900008712";"16";"6";"2019";"20:25";"5";"974";"97402";"2";"1";"1";"6";"25 Chemin Castaingt";" -21,0002010";"55,6958620"
"201900008713";"14";"6";"2019";"13:20";"1";"973";"97305";"1";"1";"1";"5";"PK 23 - RN1";"4,9906114";" -52,4493742"
"201900008714";"7";"6";"2019";"21:15";"3";"973";"97313";"1";"1";"3";"2";"CD5 - PK26";"4,9262656";" -52,5099278"
"201900008715";"1";"6";"2019";"19:50";"5";"973";"97305";"2";"2";"3";"3";"Avenue Léopold Heder";"5,0127056";" -52,4749192"
"201900008716";"7";"6";"2019";"19:15";"5";"971";"97116";"2";"1";"1";"6";"RN6, richeval, face station service";"16,3394050";" -61,4565380"
"201900008717";"30";"5";"2019";"21:45";"3";"971";"97116";"1";"1";"2";"1";"GENSOLIN - RN5";"16,3235540";" -61,4712040"
"201900008718";"5";"6";"2019";"12:40";"1";"971";"97128";"2";"1";"1";"5";"fond thézan";"16,2173820";" -61,4206050"
"201900008719";"3";"5";"2019";"17:15";"1";"971";"97117";"1";"3";"1";"3";"RD 123, desvarieux";"16,3527711";" -61,4228849"
"201900008720";"17";"6";"2019";"04:00";"3";"977";"97701";"2";"1";"1";"6";"L'OASIS";"43,8340990";"5,9766350"
"201900008721";"6";"6";"2019";"14:45";"1";"971";"97106";"1";"1";"1";"7";"Malendure";"16,1774790";" -61,7781020"
"201900008722";"9";"6";"2019";"16:00";"1";"972";"97230";"2";"1";"1";"2";"Route de la Caravelle";"14,7573890";" -60,9218680"
"201900008723";"13";"6";"2019";"15:29";"1";"13";"13088";"2";"2";"1";"3";"RD 568";"43,3680950";"5,2510110"
"201900008724";"8";"6";"2019";"15:00";"1";"37";"37079";"1";"3";"1";"3";"D976";"47,3229020";"1,0269990"
"201900008725";"31";"5";"2019";"19:20";"1";"37";"37201";"1";"6";"1";"2";"Route de Richelieu";"47,1357024";"0,2922279"
"201900008726";"12";"6";"2019";"18:30";"1";"37";"37060";"1";"1";"8";"7";"RD 80";"47,4317393";"1,0631039"
"201900008727";"13";"6";"2019";"05:10";"2";"45";"45191";"2";"1";"1";"6";"79 Rue de la République";"48,2939180";"2,4104290"
"201900008728";"3";"6";"2019";"15:00";"1";"45";"45278";"1";"3";"1";"6";"D41 - D56";"47,8188999";"2,8357568"
"201900008729";"16";"6";"2019";"09:00";"1";"45";"45039";"2";"1";"1";"3";"10, route de sully";"47,7952241";"2,3813604"
"201900008730";"4";"6";"2019";"08:10";"1";"45";"45042";"1";"1";"1";"7";"D952 - PK29+600";"47,7991170";"2,4303600"
"201900008731";"9";"6";"2019";"14:00";"1";"45";"45291";"2";"1";"1";"7";"R DU TROMPE SOURIS";"47,6564100";"2,6667130"
"201900008732";"31";"5";"2019";"08:50";"1";"45";"45096";"1";"2";"1";"1";"D44 - D56";"47,7718160";"2,6072210"
"201900008733";"14";"6";"2019";"22:15";"5";"45";"45173";"2";"1";"3";"1";"18 Route d'Orléans";"47,8627177";"2,1130752"
"201900008734";"14";"6";"2019";"07:50";"1";"77";"77089";"1";"1";"1";"5";"D12";"48,5149600";"2,9637000"
"201900008735";"10";"6";"2019";"15:00";"1";"77";"77273";"1";"1";"2";"6";"route nationale 330";"49,0502510";"2,7688130"
"201900008736";"9";"6";"2019";"09:00";"1";"77";"77437";"2";"2";"1";"3";"D9 X RUE DE L'INTE";"49,0357400";"2,7959800"
"201900008737";"13";"6";"2019";"08:05";"1";"77";"77171";"2";"1";"1";"6";"D5-Rue Louis Braille";"48,8976761";"2,8076823"
"201900008738";"12";"6";"2019";"19:35";"1";"77";"77153";"1";"1";"1";"4";"ROUTE NATIONBALE 2";"49,0544880";"2,6995796"
"201900008739";"5";"6";"2019";"07:35";"1";"77";"77392";"1";"1";"2";"6";"nationale 2, pk 157, sens povince-Paris";"49,0753200";"2,7216400"
"201900008740";"7";"6";"2019";"14:25";"1";"77";"77168";"1";"9";"1";"1";"D30 X RUE DU LOING";"48,1681100";"2,8938100"
"201900008741";"30";"5";"2019";"05:00";"2";"77";"77192";"1";"1";"1";"7";"RN 36";"48,6978500";"2,8244300"
"201900008742";"16";"6";"2019";"15:00";"1";"77";"77440";"1";"3";"1";"3";"D21 X CHEMIN DE PERREUSE";"48,9432100";"3,0883500"
"201900008743";"15";"6";"2019";"03:25";"5";"77";"77415";"2";"2";"3";"1";"D603 X RUE DU GAL DE GAULLE";"48,9516358";"3,0164486"
"201900008744";"18";"6";"2019";"15:00";"1";"77";"77142";"2";"3";"1";"5";"D934 X D406 Av Ensoleillée";"48,8632900";"2,8836100"
"201900008745";"14";"6";"2019";"19:15";"2";"77";"77317";"1";"1";"1";"7";"D 215";"48,6001900";"2,8704700"
"201900008746";"6";"8";"2019";"23:45";"5";"971";"97113";"1";"4";"1";"3";"RN4 - SECTION RIVIERA";"16,1338000";"61,2937600"
"201900008747";"7";"8";"2019";"19:50";"1";"95";"95585";"2";"1";"1";"6";"PAINLEVE (ALLEE PAUL)";"48,9767700";"2,3864100"
"201900008748";"7";"8";"2019";"12:30";"1";"91";"91549";"2";"1";"1";"6";"CORBEIL (ROUTE DE)";"48,6314200";"2,3376700"
"201900008749";"9";"8";"2019";"14:00";"1";"91";"91692";"2";"1";"3";"6";"AUBRAC (AVENUE DE L')";"48,6778090";"2,1707270"
"201900008750";"9";"8";"2019";"15:30";"1";"91";"91434";"2";"3";"3";"3";"JARDINET (AVENUE DU)";"48,6520500";"2,3513600"
"201900008751";"7";"8";"2019";"17:00";"1";"91";"91223";"1";"1";"1";"3";"R.N.20";"48,4202300";"2,1497000"
"201900008752";"6";"8";"2019";"17:48";"1";"87";"87085";"2";"1";"1";"2";"BORIE (BOULEVARD DE LA)";"45,8353600";"1,2271200"
"201900008753";"2";"8";"2019";"05:45";"5";"86";"86194";"2";"2";"1";"3";"CHASSEIGNE (BOULEVARD)";"46,5884400";"0,3478600"
"201900008754";"7";"8";"2019";"11:50";"1";"83";"83009";"2";"3";"1";"5";"ROUTE DE BANDOL";"43,1301000";"5,7825000"
"201900008755";"7";"8";"2019";"09:10";"1";"80";"80632";"2";"1";"1";"3";"R BERNARD RISBOURG";"49,8757200";"2,2555300"
"201900008756";"7";"8";"2019";"00:00";"5";"80";"80379";"2";"1";"1";"6";"RD 1029 (ROUTE DE ST QUENTIN)";"49,8678890";"2,3833340"
"201900008757";"6";"8";"2019";"20:50";"1";"80";"80164";"2";"1";"1";"6";"route de CORBIE";"49,8932123";"2,3532091"
"201900008758";"6";"8";"2019";"16:25";"1";"79";"79191";"2";"3";"1";"6";"37 avenue du Maréchal De Lattre de Tassigny";"46,3306600";" -0,4704300"
"201900008759";"24";"7";"2019";"17:30";"1";"78";"78238";"2";"1";"1";"2";"CD 14";"48,9634520";"1,8623490"
"201900008760";"7";"8";"2019";"09:55";"1";"78";"78440";"2";"1";"1";"2";"VERNEUIL (ROUTE DE)";"48,9953790";"1,9326300"
"201900008761";"2";"8";"2019";"13:30";"1";"78";"78423";"2";"1";"1";"6";"PRES (AVENUE DES)";"48,7872000";"2,0453200"
"201900008762";"8";"8";"2019";"11:00";"1";"77";"77514";"2";"6";"1";"3";"D84C X BRET.D603-JEAN MONNET (AVENUE)";"48,9405000";"2,6243000"
"201900008763";"8";"8";"2019";"21:30";"2";"77";"77319";"1";"1";"1";"1";"DEPARTEMENTALE 231";"48,5830400";"3,2391500"
"201900008764";"10";"8";"2019";"17:30";"1";"77";"77390";"2";"1";"1";"3";"PREMIERE AVENUE";"48,7901900";"2,6552900"
"201900008765";"8";"8";"2019";"15:20";"1";"77";"77284";"2";"1";"1";"6";"D603-HUGO (QUAI VICTOR)";"48,9578960";"2,8775660"
"201900008766";"7";"8";"2019";"08:35";"1";"76";"76351";"2";"3";"1";"3";"LESUEUR (RUE)";"49,4948000";"0,1228900"
"201900008767";"7";"8";"2019";"04:35";"3";"76";"76481";"1";"1";"1";"7";"rd 940";"49,5425000";"0,1047000"
"201900008768";"10";"8";"2019";"17:40";"1";"74";"74012";"2";"1";"1";"5";"EUROPE (AVENUE DE L')";"46,1795000";"6,2360200"
"201900008769";"6";"8";"2019";"04:30";"5";"74";"74012";"2";"1";"1";"7";"ETREMBIERES (ROUTE D')";"46,1850449";"6,2303994"
"201900008770";"6";"8";"2019";"09:55";"1";"74";"74012";"2";"2";"1";"2";"AMOUREUX (RUE DES)";"46,1908329";"6,2361509"
"201900008771";"8";"8";"2019";"10:10";"1";"74";"74010";"2";"1";"1";"6";"GARE (RUE DE LA)(SECTEUR 120)";"45,8998000";"6,1216000"
"201900008772";"9";"8";"2019";"19:10";"1";"71";"71040";"2";"1";"1";"3";"CHAMP PAGNOT (RUE DU)";"46,6987100";"4,3607100"
"201900008773";"4";"8";"2019";"19:10";"1";"69";"69256";"2";"1";"1";"2";"8 MAI 1945 (DU)                     (AV)";"45,7883600";"4,9051200"
"201900008774";"6";"8";"2019";"17:20";"1";"69";"69290";"2";"1";"1";"3";"GRENOBLE (DE)  -  RN 6              (RO)";"45,7036300";"4,9343000"
"201900008775";"7";"8";"2019";"06:55";"1";"69";"69256";"2";"3";"3";"3";"MARCEL CACHIN                       (AV)";"45,7808300";"4,9452000"
"201900008776";"8";"8";"2019";"10:45";"1";"69";"69264";"2";"2";"1";"6";"BERTHIER  PIERRE   R";"45,9871400";"4,7212800"
"201900008777";"9";"8";"2019";"08:55";"1";"69";"69091";"2";"4";"1";"3";"ROBICHON MALGONTIER (QUAI) ";"45,5810000";"4,7784100"
"201900008778";"8";"8";"2019";"16:35";"1";"67";"67482";"2";"1";"1";"2";"AUBERGE DE JEUNESSE (RUE DE L )";"48,5745400";"7,7180400"
"201900008779";"7";"8";"2019";"20:20";"1";"67";"67218";"2";"3";"2";"3";"LYON (RTE DE)";"48,5311900";"7,7140300"
"201900008780";"6";"8";"2019";"08:06";"1";"67";"67482";"2";"1";"1";"3";"SAUER (RUE DE LA)";"48,6124990";"7,7724060"
"201900008781";"6";"8";"2019";"08:00";"1";"67";"67482";"1";"3";"1";"3";"RHEINFELD (RUE DE)";"48,5245500";"7,7813600"
"201900008782";"5";"8";"2019";"19:23";"1";"67";"67482";"2";"1";"1";"6";"BRANTOME (RUE)";"48,5471900";"7,7684800"
"201900008783";"3";"8";"2019";"17:20";"1";"67";"67482";"2";"1";"1";"6";"VIRGILE (RUE)";"48,5811200";"7,6974200"
"201900008784";"2";"8";"2019";"16:10";"1";"67";"67218";"1";"1";"1";"2";"ALFRED KASTLER (RUE)";"48,5454630";"7,7294700"
"201900008785";"7";"8";"2019";"17:30";"1";"66";"66136";"2";"3";"1";"3";"ESCARGUEL (COURS LAZARE)";"42,6985600";"2,8874400"
"201900008786";"9";"8";"2019";"16:30";"1";"64";"64249";"1";"3";"1";"3";"GETARIA(AVENUE)";"43,4211366";" -1,6056034"
"201900008787";"9";"8";"2019";"08:10";"1";"64";"64545";"1";"1";"1";"1";"RD810";"43,3528497";" -1,7371123"
"201900008788";"9";"8";"2019";"00:45";"3";"64";"64545";"1";"1";"1";"2";"RD810";"43,3589443";" -1,7310815"
"201900008789";"7";"8";"2019";"18:20";"1";"64";"64483";"2";"1";"1";"1";"ERROMARDIE (CHEMIN D')";"43,3978100";" -1,6439800"
"201900008790";"10";"8";"2019";"15:35";"1";"64";"64445";"2";"2";"1";"3";"NOGUE";"43,2992800";" -0,3712600"
"201900008791";"9";"8";"2019";"13:10";"1";"64";"64445";"2";"9";"1";"3";"ALSACE LORRAINE D'";"43,3043160";" -0,3672963"
"201900008792";"9";"8";"2019";"11:00";"1";"64";"64445";"2";"1";"1";"3";"ALSACE LORRAINE D'";"43,3056600";" -0,3759100"
"201900008793";"9";"8";"2019";"07:55";"1";"64";"64129";"2";"1";"1";"2";"BAYONNE DE";"43,2993700";" -0,3913700"
"201900008794";"8";"8";"2019";"17:05";"1";"64";"64102";"2";"3";"1";"3";"COURLIS";"43,4927000";" -1,4920000"
"201900008795";"6";"8";"2019";"10:25";"1";"64";"64024";"2";"1";"1";"7";"BAYONNE (AVENUE DE)";"43,4815207";" -1,5106926"
"201900008796";"5";"8";"2019";"12:40";"1";"64";"64024";"2";"6";"1";"6";"BAHINOS (ROND POINT DE)";"43,4940813";" -1,5189540"
"201900008797";"9";"8";"2019";"10:45";"1";"63";"63113";"2";"6";"1";"6";"PASTEUR (BD)";"45,7735000";"3,0754700"
"201900008798";"9";"8";"2019";"08:20";"1";"63";"63113";"2";"1";"1";"3";"JOUHAUX (BD LEON)";"45,7998100";"3,1119900"
"201900008799";"6";"8";"2019";"13:05";"1";"63";"63113";"2";"1";"1";"3";"CLOS FOUR (RUE DU)";"45,7893500";"3,1039600"
"201900008800";"8";"8";"2019";"04:50";"3";"62";"62194";"1";"1";"1";"6";"CD 70";"50,4904543";"2,4820036"
"201900008801";"4";"8";"2019";"16:15";"1";"62";"62194";"2";"1";"1";"5";"BRUNEHAUT ( CHAUSSEE ) CD 341";"50,4862180";"2,4704650"
"201900008802";"26";"7";"2019";"16:00";"1";"62";"62510";"2";"6";"1";"3";"LECLERC (AV DU MARECHAL)";"50,4229300";"2,7772000"
"201900008803";"7";"8";"2019";"22:35";"5";"62";"62848";"2";"1";"1";"6";"VIRIQUE (Jules)";"50,5069102";"2,6405193"
"201900008804";"9";"8";"2019";"01:55";"5";"60";"60175";"2";"6";"1";"3";"RD 1016 PIERRE BLANCHE";"49,2457400";"2,4748500"
"201900008805";"10";"8";"2019";"02:45";"5";"59";"59599";"2";"2";"1";"6";"FOREST (CHAUSSEE FERNAND)";"50,7379200";"3,1609800"
"201900008806";"8";"8";"2019";"11:15";"1";"59";"59426";"2";"2";"1";"6";"BAILLY (RUE)";"50,7453200";"3,1548100"
"201900008807";"8";"8";"2019";"09:20";"1";"59";"59599";"2";"1";"1";"3";"COLBERT (RUE)";"50,7369330";"3,1804390"
"201900008808";"7";"8";"2019";"17:15";"1";"59";"59599";"2";"1";"1";"5";"CURIE (CHAUSSEE PIERRE)";"50,7341350";"3,1804770"
"201900008809";"6";"8";"2019";"17:05";"1";"59";"59512";"2";"3";"1";"6";"SAINT ANTOINE (RUE)";"50,6948800";"3,1772800"
"201900008810";"7";"8";"2019";"03:10";"5";"59";"59410";"2";"1";"1";"6";"PASTEUR RUE";"50,6482900";"3,1037300"
"201900008811";"10";"8";"2019";"13:45";"1";"59";"59043";"2";"1";"1";"2";"LILLE (ROUTE DE)";"50,7272500";"2,7544500"
"201900008812";"9";"8";"2019";"08:14";"1";"57";"57672";"2";"1";"1";"6";"COURONNE (RUE DE LA)";"49,3536500";"6,1762830"
"201900008813";"7";"8";"2019";"19:12";"1";"57";"57757";"2";"1";"1";"6";"GRAND'RUE";"49,3600000";"6,1878200"
"201900008814";"6";"8";"2019";"01:35";"3";"57";"57666";"1";"1";"1";"7";"VERDUN (ROUTE DE)";"49,3374817";"6,1340955"
"201900008815";"8";"8";"2019";"09:10";"1";"56";"56083";"1";"1";"1";"6";"RN 165";"47,7920200";" -3,3103200"
"201900008816";"7";"8";"2019";"21:15";"1";"56";"56121";"2";"3";"1";"7";"LECLERC ( BD GENERAL )";"47,7488900";" -3,3656300"