"Num_Acc";"jour";"mois";"an";"hrmn";"lum";"dep";"com";"agg";"int";"atm";"col";"adr";"lat";"long"
"201900008817";"7";"8";"2019";"10:40";"1";"56";"56121";"2";"2";"1";"6";"BOVE ( COURS DE LA )";"47,7458900";" -3,3601600"
"201900008818";"4";"8";"2019";"20:40";"1";"56";"56098";"2";"2";"1";"3";"SCRIBE (Rue  Augustin )";"47,7684000";" -3,3560900"
"201900008819";"9";"8";"2019";"12:05";"1";"51";"51454";"2";"4";"1";"3";"RUE DE COURCELLES";"49,2620417";"4,0181028"
"201900008820";"8";"8";"2019";"19:23";"1";"51";"51454";"2";"1";"1";"3";"AVENUE JEAN JAURES";"49,2610300";"4,0494400"
"201900008821";"7";"8";"2019";"17:50";"1";"51";"51454";"2";"1";"1";"3";"AVENUE DU GENERAL DE GAULLE";"49,2457600";"4,0179400"
"201900008822";"1";"8";"2019";"10:20";"1";"50";"50165";"2";"1";"1";"6";"COUTANCES (ROUTE DE)";"48,8435960";" -1,5872710"
"201900008823";"7";"8";"2019";"16:45";"1";"50";"50416";"1";"4";"1";"2";"CD 901";"49,6491500";" -1,7172700"
"201900008824";"6";"8";"2019";"16:55";"1";"50";"50129";"2";"4";"1";"3";"BARBUSSE (RUE HENRI)";"49,6221800";" -1,6477800"
"201900008825";"5";"8";"2019";"14:40";"1";"50";"50129";"2";"6";"1";"3";"THEMIS (ROND POINT DE)";"49,6341000";" -1,6143400"
"201900008826";"8";"8";"2019";"16:00";"1";"49";"49007";"2";"1";"1";"2";"GAIN ( LOUIS)";"47,4686000";" -0,5391900"
"201900008827";"6";"8";"2019";"18:30";"1";"49";"49007";"2";"1";"1";"6";"FOCH BOULEVARD";"47,4695500";" -0,5485900"
"201900008828";"6";"8";"2019";"16:51";"1";"49";"49007";"2";"1";"1";"3";"GAIN ( LOUIS)";"47,4699300";" -0,5424200"
"201900008829";"7";"8";"2019";"08:45";"1";"44";"44109";"2";"1";"1";"1";"BRANDT ( PONT WILLY )";"47,2106200";" -1,5356900"
"201900008830";"2";"8";"2019";"11:20";"1";"43";"43157";"2";"1";"1";"5";"VAL-VERT (AVENUE DU)";"45,0287900";"3,8825000"
"201900008831";"8";"8";"2019";"10:00";"1";"42";"42095";"2";"3";"1";"3";"RASPAIL (RUE)";"45,3906000";"4,2898000"
"201900008832";"10";"8";"2019";"23:05";"5";"37";"37261";"2";"4";"1";"3";"STENDHAL (AVENUE)";"47,3687200";"0,7172100"
"201900008833";"10";"8";"2019";"18:45";"1";"37";"37208";"2";"2";"1";"3";"DE GAULLE (AV. DU GAL)";"47,3567300";"0,7317500"
"201900008834";"10";"8";"2019";"05:10";"2";"37";"37261";"2";"1";"1";"6";"BELLINI (RUE)";"47,3669100";"0,7098600"
"201900008835";"9";"8";"2019";"11:50";"1";"37";"37261";"2";"1";"1";"2";"CHURCHILL (BOULEVARD WINSTON)";"47,3734000";"0,6870500"
"201900008836";"8";"8";"2019";"23:20";"5";"37";"37214";"2";"2";"1";"3";"BERGSON (RUE HENRI)";"47,4130100";"0,6672100"
"201900008837";"7";"8";"2019";"20:45";"1";"37";"37261";"2";"2";"1";"6";"MALRAUX (QUAI ANDRE)";"47,3975100";"0,6996200"
"201900008838";"9";"8";"2019";"08:00";"2";"35";"35055";"1";"1";"3";"7";"173 RD";"48,0825400";" -1,6400300"
"201900008839";"7";"8";"2019";"19:40";"1";"35";"35238";"2";"1";"1";"6";"CANADA (AVENUE DU)";"48,0849100";" -1,6830900"
"201900008840";"9";"8";"2019";"01:15";"5";"34";"34172";"2";"9";"1";"3";"DUBOUT (AVENUE ALBERT)";"43,5969618";"3,8805347"
"201900008841";"7";"8";"2019";"16:00";"1";"34";"34172";"2";"1";"1";"6";"PALAVAS (AVENUE DE)";"43,5900100";"3,8902200"
"201900008842";"7";"8";"2019";"15:18";"1";"33";"33096";"2";"1";"1";"6";"AVE DES GRIFFONS";"44,8873800";" -0,5172300"
"201900008843";"7";"8";"2019";"17:45";"1";"33";"33550";"2";"1";"1";"3";"RTE DE TOULOUSE";"44,7822300";" -0,5659600"
"201900008844";"7";"8";"2019";"13:45";"1";"33";"33063";"2";"3";"1";"3";"R. Elisée Reclus / R. Dufau";"44,8372690";" -0,5806040"
"201900008845";"7";"8";"2019";"08:30";"1";"33";"33063";"2";"3";"1";"3";"CRS MARECHAL GALLIENI";"44,8245500";" -0,5907700"
"201900008846";"9";"8";"2019";"11:35";"1";"33";"33009";"2";"6";"1";"3";"ROOSEVELT (PL. F.D.)";"44,6601600";" -1,1682000"
"201900008847";"7";"8";"2019";"17:30";"1";"33";"33529";"2";"1";"1";"6";"ROUSSET (RUE OVIDE)";"44,6426000";" -1,1466000"
"201900008848";"8";"8";"2019";"19:30";"1";"32";"32013";"2";"1";"1";"3";"VOLTAIRE";"43,6460500";"0,5941600"
"201900008849";"8";"8";"2019";"15:52";"1";"31";"31555";"2";"1";"1";"3";"RTE DE SEYSSES";"43,5748700";"1,4202900"
"201900008850";"7";"8";"2019";"10:10";"1";"31";"31555";"1";"9";"1";"3";"RTE D AGDE";"43,6276500";"1,4794900"
"201900008851";"6";"8";"2019";"13:00";"1";"31";"31555";"2";"2";"1";"3";"RUE DE PERIOLE";"43,6184530";"1,4624170"
"201900008852";"10";"8";"2019";"17:51";"1";"30";"30189";"2";"4";"1";"1";"FONTAMPLE (CHEMIN)";"43,8220100";"4,3261200"
"201900008853";"10";"8";"2019";"06:15";"2";"30";"30189";"2";"1";"1";"3";"KENNEDY (AVENUE)";"43,8197000";"4,3205000"
"201900008854";"9";"8";"2019";"10:40";"1";"30";"30189";"2";"2";"1";"3";"MAS DE CHEYLON";"43,8048500";"4,3369600"
"201900008855";"9";"8";"2019";"21:05";"5";"30";"30007";"1";"1";"1";"6";"BAGNOLS (ROUTE DE)";"44,1302100";"4,1073600"
"201900008856";"7";"8";"2019";"12:20";"1";"30";"30007";"2";"2";"1";"3";"TRESPEAUX (CHEMIN DE)";"44,1170200";"4,1070400"
"201900008857";"8";"8";"2019";"16:00";"1";"29";"29232";"1";"1";"8";"2";"BENODET ROUTE DE";"47,9709500";" -4,0863800"
"201900008858";"8";"8";"2019";"16:45";"1";"29";"29232";"2";"1";"2";"6";"DOUARNENEZ ROUTE DE";"47,9991785";" -4,1150855"
"201900008859";"7";"8";"2019";"10:00";"1";"29";"29051";"2";"3";"1";"7";"BALES François Place";"47,9965566";" -4,0266392"
"201900008860";"7";"8";"2019";"18:04";"1";"29";"29232";"1";"6";"1";"7";"MORBIHAN AVENUE DU";"47,9797209";" -4,0792234"
"201900008861";"6";"8";"2019";"15:38";"1";"29";"29232";"1";"1";"1";"7";"RN 165";"48,0304021";" -4,0853112"
"201900008862";"9";"8";"2019";"17:50";"1";"29";"29039";"2";"9";"1";"3";"LEGENDRE ( RUE DU PROFESSEUR)";"47,8767000";" -3,9150300"
"201900008863";"10";"8";"2019";"23:25";"5";"29";"29019";"2";"6";"1";"2";"ALBERT 1ER";"48,3975400";" -4,4891000"
"201900008864";"9";"8";"2019";"15:30";"1";"27";"27681";"2";"9";"8";"3";"GAMILLY (RUE DE)";"49,0900500";"1,4870530"
"201900008865";"9";"8";"2019";"15:40";"1";"27";"27229";"2";"1";"1";"1";"BOIS DES COMMUNES (RUE DU)";"49,0432200";"1,1721900"
"201900008866";"7";"8";"2019";"16:45";"1";"26";"26058";"2";"1";"1";"6";"JAURES AVENUE JEAN";"44,9401700";"4,8955900"
"201900008867";"25";"7";"2019";"15:08";"1";"26";"26198";"2";"1";"1";"6";"THEATRE (PLace du)";"44,5567450";"4,7474590"
"201900008868";"18";"6";"2019";"17:10";"1";"26";"26198";"2";"1";"1";"6";"MARSEILLE (Route de )";"44,5365930";"4,7462000"
"201900008869";"6";"8";"2019";"23:12";"5";"24";"24037";"2";"1";"1";"6";"BARGIRONNETTE (RUE DE LA)";"44,8583900";"0,4844800"
"201900008870";"2";"8";"2019";"11:45";"1";"22";"22106";"2";"3";"1";"3";"GREVES (Rue des)";"48,4991800";" -2,6909000"
"201900008871";"8";"8";"2019";"09:35";"1";"22";"22113";"2";"1";"8";"2";"SAINT MARC (RUE DE)";"48,7338500";" -3,4424500"
"201900008872";"4";"8";"2019";"15:20";"1";"22";"22113";"2";"1";"1";"1";"POMPIDOU (RUE GEORGES)";"48,7333300";" -3,4659700"
"201900008873";"9";"8";"2019";"23:15";"5";"17";"17306";"2";"1";"1";"6";"155 avenue de PONTAILLAC";"45,6250230";" -1,0474150"
"201900008874";"10";"8";"2019";"14:06";"1";"17";"17028";"2";"1";"1";"6";"PLAGE   ROUTE DE LA";"46,1268200";" -1,1276200"
"201900008875";"9";"8";"2019";"23:35";"5";"17";"17300";"2";"1";"1";"7";"MOULIN   AVENUE JEAN";"46,1524400";" -1,1394900"
"201900008876";"9";"8";"2019";"20:10";"1";"17";"17300";"2";"2";"1";"3";"ONZE NOVEMBRE 1918   AVENUE DU";"46,1770000";" -1,1520000"
"201900008877";"6";"8";"2019";"18:00";"1";"15";"15014";"2";"1";"1";"3";"GAULLE (AVENUE CHARLES DE)";"44,9105100";"2,4261700"
"201900008878";"5";"8";"2019";"09:20";"1";"15";"15014";"2";"1";"1";"1";"GAULLE (AVENUE CHARLES DE)";"44,9081000";"2,4218000"
"201900008879";"4";"8";"2019";"08:00";"1";"15";"15014";"2";"1";"1";"6";"DELZONS (RUE DU PRESIDENT)";"44,9306000";"2,4423000"
"201900008880";"9";"8";"2019";"18:15";"1";"14";"14333";"2";"1";"1";"2";"JEAN DE VIENNE (COURS)";"49,4146700";"0,2466800"
"201900008881";"7";"8";"2019";"11:55";"1";"14";"14333";"2";"1";"1";"7";"LABRADOR (AVENUE DU)";"49,3992100";"0,2322300"
"201900008882";"10";"8";"2019";"05:40";"4";"14";"14181";"2";"1";"1";"2";"VALLEE SECHE (ECHANGEUR N°15)";"49,1514000";" -0,3172000"
"201900008883";"9";"8";"2019";"17:42";"4";"14";"14181";"2";"1";"1";"2";"VALLEE SECHE (ECHANGEUR N°15)";"49,1514000";" -0,3172000"
"201900008884";"8";"8";"2019";"17:25";"1";"14";"14301";"1";"1";"1";"1";"PREVERT (RUE JACQUES)";"49,1720700";" -0,2935500"
"201900008885";"8";"8";"2019";"16:30";"1";"14";"14118";"2";"1";"1";"3";"BOURGOGNE (RUE DE)";"49,1942900";" -0,3979700"
"201900008886";"7";"8";"2019";"17:45";"1";"13";"13043";"2";"1";"1";"4";"ROVE (AV DU )";"43,3839800";"5,2195100"
"201900008887";"7";"8";"2019";"17:30";"1";"13";"13071";"2";"9";"1";"3";"ROUTE NATIONALE 113 - AGAVON";"43,4166700";"5,2807200"
"201900008888";"4";"8";"2019";"20:30";"1";"30";"30032";"1";"1";"1";"1";"saint gilles route de D38";"43,7929450";"4,5863330"
"201900008889";"8";"7";"2019";"16:40";"1";"30";"30032";"2";"1";"1";"1";"AV DES CHARMILLES";"43,8180065";"4,6158189"
"201900008890";"7";"7";"2019";"09:20";"1";"30";"30032";"1";"1";"1";"1";"saint gilles route de D38";"43,7929270";"4,5862870"
"201900008891";"10";"8";"2019";"21:09";"5";"13";"13208";"2";"3";"1";"6";"RABATAU (BOULEVARD)";"43,2754410";"5,3959310"
"201900008892";"10";"8";"2019";"20:45";"2";"13";"13002";"2";"6";"1";"3";"GENERAL MONTSABERT (AVENUE DU)";"43,3561000";"5,4867000"
"201900008893";"10";"8";"2019";"17:45";"1";"13";"13202";"2";"2";"1";"3";"PARIS (BOULEVARD DE)";"43,3137800";"5,3680660"
"201900008894";"9";"8";"2019";"22:17";"5";"13";"13202";"2";"9";"1";"6";"EVECHE (RUE DE L')";"43,2978000";"5,3658500"
"201900008895";"9";"8";"2019";"19:45";"1";"13";"13208";"2";"1";"1";"1";"ANDRE ZENATTI (AVENUE)";"43,2468160";"5,3836070"
"201900008896";"9";"8";"2019";"17:00";"1";"13";"13203";"2";"1";"1";"1";"FÉLIX PYAT (RUE)";"43,3185193";"5,3748906"
"201900008897";"9";"8";"2019";"16:00";"1";"13";"13203";"2";"1";"1";"3";"EDOUARD CREMIEUX (RUE)";"43,3177092";"5,3721660"
"201900008898";"8";"8";"2019";"17:45";"1";"13";"13211";"2";"1";"1";"6";"SAINT MENET (AVENUE DE)";"43,2870000";"5,5070000"
"201900008899";"8";"8";"2019";"12:30";"1";"13";"13203";"2";"2";"1";"3";"STRASBOURG (BOULEVARD)";"43,3090480";"5,3784060"
"201900008900";"7";"8";"2019";"17:00";"1";"13";"13210";"2";"2";"1";"3";"FLORIAN ( ROND POINT)";"43,2848620";"5,4254150"
"201900008901";"8";"8";"2019";"09:45";"1";"13";"13212";"2";"3";"1";"6";"SAINT JULIEN (AVENUE DE )";"43,3044390";"5,4145520"
"201900008902";"7";"8";"2019";"13:15";"1";"13";"13210";"2";"1";"1";"3";"EUROPE (ROND POINT DE L')";"43,2829520";"5,3927240"
"201900008903";"8";"8";"2019";"00:00";"3";"11";"11069";"1";"1";"2";"6";"RD118";"43,2377990";"2,3730170"
"201900008904";"10";"8";"2019";"15:40";"1";"10";"10325";"2";"3";"1";"7";"VICTOR HUGO (RUE)";"48,2672900";"4,0628700"
"201900008905";"7";"8";"2019";"11:18";"1";"10";"10321";"2";"3";"8";"3";"GENERAL LECLERC (RUE DU)";"48,2915300";"4,0344400"
"201900008906";"9";"8";"2019";"22:20";"3";"7";"07281";"1";"1";"1";"6";"TASSINI (AVENUE VICTOR)";"44,9470540";"4,8331260"
"201900008907";"8";"8";"2019";"22:19";"5";"6";"06088";"2";"2";"1";"3";"NOTRE-DAME (AV.)";"43,7041300";"7,2684700"
"201900008908";"8";"8";"2019";"20:40";"2";"6";"06088";"2";"1";"1";"3";"CARLONE (BD)";"43,6937010";"7,2427130"
"201900008909";"7";"8";"2019";"10:00";"1";"6";"06088";"2";"1";"1";"7";"CIMIEZ (BD) A PARTIR DU 16-17";"43,7128374";"7,2715276"
"201900008910";"10";"8";"2019";"17:35";"1";"6";"06027";"2";"9";"1";"1";"NICE AVENUE DE (RN7)";"43,6561669";"7,1548861"
"201900008911";"8";"8";"2019";"20:40";"5";"6";"06027";"2";"1";"1";"1";"TILLEULS ALLEE DES";"43,6605800";"7,1522500"
"201900008912";"6";"8";"2019";"00:00";"3";"6";"06027";"2";"1";"1";"5";"SOUTINE RUE";"43,6657920";"7,1526810"
"201900008913";"7";"8";"2019";"02:00";"5";"6";"06155";"1";"1";"1";"7";"RD6007";"43,5510940";"7,0569750"
"201900008914";"7";"8";"2019";"09:00";"1";"5";"05023";"2";"1";"1";"1";"SOIE (RUE DE LA)";"44,8941400";"6,6353800"
"201900008915";"9";"8";"2019";"09:35";"1";"75";"75116";"2";"1";"2";"7";"ECH MAILLOT";"48,8779324";"2,2797999"
"201900008916";"8";"8";"2019";"19:20";"1";"75";"75114";"2";"1";"1";"3";"BD PERIPHERIQUE EXTERIEUR";"48,8242920";"2,3063700"
"201900008917";"8";"8";"2019";"12:20";"1";"75";"75112";"2";"1";"7";"6";"BD PERIPHERIQUE EXTERIEUR";"48,8449330";"2,4142600"
"201900008918";"8";"8";"2019";"09:15";"1";"75";"75112";"2";"1";"1";"6";"BD PERIPHERIQUE INTERIEUR";"48,8296390";"2,4010760"
"201900008919";"7";"8";"2019";"20:30";"1";"75";"75114";"2";"4";"1";"2";"ECHANGEUR CHATILLON";"48,8209476";"2,3217389"
"201900008920";"7";"8";"2019";"12:53";"1";"75";"75116";"2";"1";"1";"6";"BD PERIPHERIQUE EXTERIEUR";"48,8649780";"2,2674270"
"201900008921";"8";"8";"2019";"23:38";"5";"75";"75120";"2";"1";"1";"6";"BOULEVARD DE BELLEVILLE";"48,8688999";"2,3808280"
"201900008922";"7";"8";"2019";"18:25";"1";"75";"75114";"2";"4";"1";"6";"ECHANGEUR CHATILLON";"48,8205744";"2,3242230"
"201900008923";"8";"8";"2019";"22:20";"5";"75";"75105";"2";"7";"1";"6";"RUE MOUFFETARD";"48,8443968";"2,3492616"
"201900008924";"23";"11";"2019";"01:15";"3";"64";"64140";"2";"1";"2";"7";"BOULEVARD JACQUES DUCLOS";"43,5269347";" -1,4640513"
"201900008925";"22";"11";"2019";"18:20";"2";"60";"60057";"2";"1";"1";"3";"BLAISE PASCAL  (AVENUE)";"49,4161400";"2,1103200"
"201900008926";"23";"11";"2019";"23:45";"5";"59";"59512";"2";"1";"1";"6";"NATIONS UNIES (AVENUE DES)";"50,6943210";"3,1831130"
"201900008927";"23";"11";"2019";"08:30";"1";"51";"51454";"2";"2";"2";"3";"127 RUE DE NEUFCHATEL";"49,2763980";"4,0268680"
"201900008928";"23";"11";"2019";"13:55";"1";"45";"45284";"2";"6";"8";"7";"AV CHARLES PEGUY";"47,9049643";"1,9451570"
"201900008929";"23";"11";"2019";"12:49";"1";"45";"45234";"2";"1";"1";"7";"AV DE SOLOGNE";"47,8331900";"1,9180100"
"201900008930";"22";"11";"2019";"18:35";"5";"44";"44055";"2";"1";"3";"6";"OCÉAN ( BOULEVARD DE L' )";"47,2785600";" -2,3734400"
"201900008931";"23";"11";"2019";"08:50";"1";"42";"42187";"2";"1";"2";"7";"CLERMONT (RUE DE )";"46,0302900";"4,0668000"
"201900008932";"23";"11";"2019";"17:00";"5";"38";"38185";"2";"1";"2";"4";"RUE COMMANDANT DE REYNIÈS";"45,1802900";"5,7197400"
"201900008933";"23";"11";"2019";"10:15";"1";"38";"38185";"2";"2";"1";"6";"LIBERATION (COURS)        1 A 15";"45,1698400";"5,7128700"
"201900008934";"23";"11";"2019";"08:50";"1";"38";"38185";"2";"2";"1";"6";"BOULEVARD MARÉCHAL LECLERC";"45,1938800";"5,7358200"
"201900008935";"23";"11";"2019";"10:15";"1";"37";"37261";"2";"2";"8";"3";"DANIEL MAYER";"47,4189043";"0,7065479"
"201900008936";"23";"11";"2019";"07:50";"1";"37";"37195";"2";"1";"8";"6";"PROUDHON (AVENUE)";"47,3938101";"0,6646729"
"201900008937";"23";"11";"2019";"20:10";"5";"35";"35238";"2";"9";"2";"6";"GALICIE (SQUARE DE)";"48,0877300";" -1,6524900"
"201900008938";"23";"11";"2019";"09:15";"1";"35";"35238";"1";"1";"8";"6";"R.N. 136";"48,1390700";" -1,6993200"
"201900008939";"23";"11";"2019";"06:30";"5";"35";"35238";"2";"2";"1";"1";"VOLNEY (BD)";"48,1218600";" -1,6626800"
"201900008940";"23";"11";"2019";"21:35";"5";"34";"34172";"2";"6";"3";"3";"COLOMB (PLACE CHRISTOPHE)";"43,6061001";"3,8989742"
"201900008941";"23";"11";"2019";"19:05";"3";"34";"34172";"2";"1";"2";"2";"LIBERTE (AVENUE DE LA";"43,6093400";"3,8380800"
"201900008942";"23";"11";"2019";"17:46";"5";"34";"34172";"2";"1";"1";"2";"MENDES FRANCE (AVENUE PRESIDENT PIERRE";"43,6081200";"3,9260700"
"201900008943";"23";"11";"2019";"16:50";"2";"34";"34172";"2";"9";"1";"3";"GOSSEC (RUE FRANCOIS-JOSEPH)";"43,5751200";"3,8597400"
"201900008944";"23";"11";"2019";"04:50";"3";"32";"32013";"2";"1";"9";"6";"CORPS FRANC POMMIES (AVENUE DU)";"43,6267000";"0,5783000"
"201900008945";"20";"11";"2019";"18:15";"5";"25";"25388";"2";"4";"1";"6";"carrefour de l'Etuve et des Alliés";"47,5118900";"6,7996800"
"201900008946";"23";"11";"2019";"17:20";"5";"13";"13213";"2";"1";"2";"6";"CHEMIN DU MERLAN A LA ROSE ";"43,3301600";"5,4127900"
"201900008947";"23";"11";"2019";"15:50";"1";"13";"13204";"2";"3";"2";"3";"FRANÇOISE DUPARC (BOULEVARD)";"43,3019000";"5,4003000"
"201900008948";"23";"11";"2019";"06:45";"5";"13";"13209";"2";"1";"3";"3";"SCHLOESING (BOULEVARD)";"43,2727200";"5,4008600"
"201900008949";"23";"11";"2019";"09:54";"1";"10";"10387";"2";"1";"8";"6";"GENERAL SARRAIL (RUE DU)";"48,3131200";"4,0634800"
"201900008950";"22";"11";"2019";"11:47";"1";"10";"10362";"2";"3";"1";"1";"VOIE DE CORPS (CHEMIN)";"48,2906800";"4,0198400"
"201900008951";"22";"11";"2019";"20:40";"5";"6";"06012";"2";"4";"3";"1";"CORNICHE (MOYENNE, N° 1 A 2015)";"43,7460590";"7,4259930"
"201900008952";"21";"11";"2019";"09:50";"1";"75";"75112";"2";"1";"1";"4";"BD PERIPHERIQUE EXTERIEUR";"48,8280740";"2,3962980"
"201900008953";"22";"11";"2019";"19:17";"5";"75";"75115";"2";"1";"1";"4";"PONT DU GARIGLIANO";"48,8392210";"2,2686180"
"201900008954";"23";"11";"2019";"12:00";"1";"75";"75118";"2";"3";"8";"3";"RUE DE L EVANGILE";"48,8958069";"2,3712783"
"201900008955";"23";"11";"2019";"09:55";"1";"75";"75116";"2";"3";"2";"6";"RUE POUSSIN";"48,8488376";"2,2647379"
"201900008956";"23";"11";"2019";"09:30";"1";"75";"75115";"2";"4";"2";"6";"RUE DE LA CONVENTION";"48,8370086";"2,2971457"
"201900008957";"22";"11";"2019";"22:40";"3";"75";"75115";"2";"1";"2";"2";"QUAI D ISSY LES MOULINEAUX";"48,8363130";"2,2673142"
"201900008958";"23";"11";"2019";"19:15";"5";"75";"75114";"2";"4";"1";"3";"BOULEVARD RASPAIL";"48,8414885";"2,3297742"
"201900008959";"23";"11";"2019";"22:15";"5";"75";"75111";"2";"4";"1";"6";"AVENUE DE LA REPUBLIQUE";"48,8666337";"2,3673250"
"201900008960";"23";"11";"2019";"21:20";"5";"75";"75111";"2";"4";"1";"3";"AVENUE DE LA REPUBLIQUE";"48,8656422";"2,3725686"
"201900008961";"23";"11";"2019";"17:15";"2";"75";"75110";"2";"2";"1";"6";"RUE DE L AQUEDUC";"48,8820952";"2,3633909"
"201900008962";"23";"11";"2019";"13:40";"1";"75";"75110";"2";"2";"8";"3";"BOULEVARD DE MAGENTA";"48,8749130";"2,3573020"
"201900008963";"23";"11";"2019";"03:55";"5";"75";"75101";"2";"1";"2";"7";"RUE DE RIVOLI";"48,8634430";"2,3330360"
"201900008964";"23";"11";"2019";"10:00";"1";"94";"94068";"2";"2";"2";"3";"FOCH (AV)";"48,7994300";"2,4990000"
"201900008965";"23";"11";"2019";"14:50";"1";"94";"94028";"2";"9";"8";"3";"CHOISY(ROUTE DE)";"48,7883800";"2,4512400"
"201900008966";"23";"11";"2019";"17:55";"5";"94";"94019";"2";"1";"8";"6";"CHAMPLAIN (AV)";"48,7900000";"2,5500000"
"201900008967";"23";"11";"2019";"17:46";"5";"94";"94055";"2";"6";"1";"2";"CUVETTE DE CHAMPLAIN";"48,7916500";"2,5559400"
"201900008968";"22";"11";"2019";"22:20";"3";"94";"94048";"2";"1";"2";"7";"MAROLLES A GRANDE PATTE D'OIE (CHE)";"48,7500000";"2,5571000"
"201900008969";"22";"11";"2019";"09:30";"1";"94";"94002";"2";"1";"2";"6";"BLANQUI (QU)";"48,8120000";"2,4109200"
"201900008970";"23";"11";"2019";"15:40";"1";"93";"93073";"1";"1";"2";"7";"CHAPIT RE ( RUE DU)";"49,0051000";"2,5577200"
"201900008971";"5";"11";"2019";"22:45";"5";"93";"93066";"2";"2";"1";"4";"ELUARD PAUL NR 2 A 36 ET 1 A 49";"48,9394380";"2,3450339"
"201900008972";"22";"11";"2019";"23:40";"5";"93";"93077";"2";"2";"2";"3";"GRANDE RUE";"48,8825200";"2,5249100"
"201900008973";"23";"11";"2019";"12:35";"1";"93";"93048";"2";"2";"3";"3";"ROSNY (RUE DE)";"48,8618400";"2,4465300"
"201900008974";"23";"11";"2019";"06:33";"5";"93";"93010";"2";"1";"2";"6";"BONDY (PONT)";"48,9050790";"2,4701600"
"201900008975";"23";"11";"2019";"15:45";"1";"92";"92075";"2";"2";"1";"3";"PIERRE BROSSOLETTE (AVENUE)";"48,8168900";"2,3036100"
"201900008976";"23";"11";"2019";"13:10";"1";"92";"92050";"2";"3";"2";"3";"FUSILLES DE LA RESISTANCE RUE DES";"48,8805700";"2,2202100"
"201900008977";"22";"11";"2019";"12:00";"1";"52";"52088";"1";"1";"1";"7";"Rue Principale";"48,4049680";"4,7465350"
"201900008978";"23";"11";"2019";"22:01";"3";"1";"01421";"1";"1";"2";"1";"D1504";"45,9248570";"5,4048580"
"201900008979";"23";"11";"2019";"18:26";"5";"81";"81311";"2";"3";"3";"3";"2 Rue des Bons Enfants";"43,7267240";"2,1924260"
"201900008980";"24";"11";"2019";"17:42";"3";"41";"41232";"1";"1";"2";"4";"A71";"47,4521400";"2,0046020"
"201900008981";"22";"11";"2019";"15:24";"1";"51";"51559";"2";"1";"7";"7";"PLACE DE L'HOTEL DE VILLE";"49,1308669";"4,5305350"
"201900008982";"22";"11";"2019";"18:00";"3";"57";"57625";"1";"1";"1";"5";"D38";"48,7794330";"6,4839760"
"201900008983";"11";"7";"2019";"11:40";"1";"56";"56010";"2";"1";"1";"3";"Rue de Kerentree";"47,8781630";" -3,0045580"
"201900008984";"24";"11";"2019";"03:00";"3";"74";"74134";"1";"1";"1";"7";"Route des Grandes Alpes";"46,1724920";"6,6803910"
"201900008985";"24";"11";"2019";"17:45";"3";"80";"80396";"1";"1";"1";"6";"D938";"50,2357710";"1,9951390"
"201900008986";"24";"11";"2019";"13:50";"1";"65";"65088";"1";"1";"1";"3";"D632";"43,2916360";"0,5757700"
"201900008987";"24";"11";"2019";"10:20";"1";"61";"61038";"2";"7";"1";"6";"Place de la République (Parking)";"48,3763920";"0,5603360"
"201900008988";"23";"11";"2019";"14:00";"1";"46";"46328";"1";"1";"1";"6";"D19";"44,3744840";"1,7386530"
"201900008989";"23";"11";"2019";"16:18";"1";"39";"39293";"1";"1";"1";"6";"N/A";"46,4684620";"5,8354730"
"201900008990";"24";"11";"2019";"10:50";"1";"25";"25112";"2";"3";"1";"3";"Route de Belfort";"47,2644840";"6,0662280"
"201900008991";"19";"11";"2019";"15:30";"1";"44";"44166";"2";"1";"2";"6";"Place de la liberté";"47,1958670";" -1,7246164"
"201900008992";"22";"11";"2019";"10:20";"1";"44";"44003";"2";"1";"1";"3";"Rue Francois Rene Chateaubriand";"47,3780650";" -1,1818150"
"201900008993";"23";"11";"2019";"16:00";"1";"31";"31034";"1";"1";"3";"7";"D33h";"43,1724430";"0,8921030"
"201900008994";"23";"11";"2019";"21:15";"3";"2";"02776";"1";"1";"1";"7";"D28";"50,0011293";"3,1876786"
"201900008995";"23";"11";"2019";"09:30";"1";"3";"03289";"1";"1";"2";"6";"L'Ardillat - route de Chavroches";"46,3668339";"3,5322641"
"201900008996";"24";"11";"2019";"17:19";"3";"70";"70162";"1";"1";"1";"1";"N19 - PR 46+350";"47,6257270";"6,2160650"
"201900008997";"23";"11";"2019";"23:50";"3";"58";"58295";"1";"1";"2";"1";"Lieu-dit ""LA ROCHE""";"47,3406370";"2,8882960"
"201900008998";"23";"11";"2019";"16:00";"1";"72";"72246";"1";"1";"2";"3";"D19";"48,1557570";"0,4817690"
"201900008999";"22";"11";"2019";"23:20";"5";"72";"72065";"1";"1";"3";"2";"Rue Platon";"48,0250120";"0,1684500"
"201900009000";"23";"11";"2019";"20:00";"3";"72";"72346";"1";"1";"2";"4";"D23";"47,8846990";"0,0351050"
"201900009001";"24";"11";"2019";"08:00";"2";"14";"14512";"1";"1";"1";"7";"Route de Pontécoulant";"48,8759860";" -0,5949800"
"201900009002";"23";"11";"2019";"07:10";"3";"9";"09332";"1";"1";"1";"6";"Mounic et le Cazal";"43,0797800";"1,6374830"
"201900009003";"23";"11";"2019";"21:10";"3";"60";"60109";"1";"1";"1";"7";"D124";"49,6592760";"1,8915410"
"201900009004";"24";"11";"2019";"03:50";"3";"16";"16177";"1";"1";"1";"6";"Ld Chez Dejoyeux";"45,5300720";" -0,0599960"
"201900009005";"24";"11";"2019";"06:09";"3";"85";"85172";"1";"1";"1";"6";"D753";"46,8268500";" -1,9512800"
"201900009006";"22";"11";"2019";"18:15";"3";"973";"97307";"2";"9";"1";"3";"5 Rue d'Ebene";"4,8860160";" -52,3368360"
"201900009007";"23";"11";"2019";"20:15";"5";"973";"97309";"2";"2";"1";"3";"Route de Montjoly (rd1)";"4,9133710";" -52,2732660"