"Num_Acc";"jour";"mois";"an";"hrmn";"lum";"dep";"com";"agg";"int";"atm";"col";"adr";"lat";"long"
"201900009008";"23";"11";"2019";"16:00";"1";"973";"97309";"2";"3";"1";"3";"Rue Cannelier";"4,8931990";" -52,2873170"
"201900009009";"24";"11";"2019";"02:15";"3";"33";"33122";"1";"1";"1";"3";"A63 - PK015.150";"44,6953500";" -0,7655900"
"201900009010";"23";"11";"2019";"00:40";"3";"60";"60172";"1";"1";"2";"7";"D1016";"49,1445990";"2,4404730"
"201900009011";"24";"11";"2019";"01:10";"3";"978";"97801";"1";"1";"1";"6";"240 rue des Terres Basses";"18,0612390";" -63,1350560"
"201900009012";"24";"11";"2019";"08:15";"1";"977";"97701";"2";"4";"1";"1";"rt46 - morne tourterelle";"17,8947700";" -62,8352910"
"201900009013";"21";"11";"2019";"22:00";"5";"77";"77393";"1";"2";"1";"3";"D201 X D2-Rue de Vilpré";"48,6772900";"2,9699500"
"201900009014";"23";"11";"2019";"18:00";"3";"84";"84047";"1";"1";"2";"5";"D101";"43,9159600";"5,3510630"
"201900009015";"11";"11";"2019";"00:55";"3";"88";"88175";"2";"1";"1";"6";"Chemins des Senseaux";"48,2156250";"6,5880240"
"201900009016";"24";"11";"2019";"16:49";"1";"69";"69242";"1";"1";"1";"6";"47 Route de Villeneuve";"46,1320800";"4,7588200"
"201900009017";"24";"11";"2019";"11:45";"1";"31";"31291";"2";"1";"7";"6";"5 Avenue de Clairefontaine";"43,5959690";"1,2350040"
"201900009018";"24";"11";"2019";"18:10";"3";"79";"79088";"1";"1";"1";"6";"N/A";"46,8071560";" -0,3807670"
"201900009019";"24";"11";"2019";"10:25";"1";"14";"14258";"2";"1";"1";"1";"14 Rue Porte Philippe Jean";"48,8950190";" -0,2034520"
"201900009020";"23";"11";"2019";"05:00";"3";"13";"13005";"1";"1";"3";"7";"A501-sens Marseille vers Pont de l'Etoil";"43,3020976";"5,5673126"
"201900009021";"23";"11";"2019";"08:30";"1";"13";"13026";"1";"1";"2";"6";"A55-Sens Martigues vers Marseille";"43,4017600";"5,1058300"
"201900009022";"23";"11";"2019";"08:45";"1";"13";"13001";"1";"1";"3";"4";"A51-Sens Marseille vers Aix en Provence";"43,5108840";"5,4191530"
"201900009023";"23";"11";"2019";"04:00";"3";"13";"13211";"1";"1";"3";"7";"A50-Sens Aubagne vers Marseille";"43,2927247";"5,4776451"
"201900009024";"9";"11";"2019";"02:45";"3";"13";"13071";"1";"1";"1";"7";"A7-Sens Lyon vers Marseille";"43,4027400";"5,3454200"
"201900009025";"23";"11";"2019";"00:30";"3";"67";"67152";"1";"9";"1";"6";"Route Nationale 83";"48,5176960";"7,6991770"
"201900009026";"18";"11";"2019";"11:01";"1";"67";"67482";"1";"1";"1";"5";"R.N. 353";"48,4957500";"7,7554200"
"201900009027";"23";"11";"2019";"16:05";"1";"33";"33318";"1";"1";"3";"3";"ROCADE A 630";"44,8120100";" -0,6720600"
"201900009028";"23";"11";"2019";"04:05";"4";"92";"92002";"1";"1";"2";"6";"AUTOROUTE A86";"48,7605635";"2,2834503"
"201900009029";"22";"11";"2019";"21:41";"5";"94";"94034";"1";"1";"2";"4";"AUTOROUTE A86";"48,7558100";"2,3422700"
"201900009030";"23";"11";"2019";"14:59";"1";"78";"78640";"1";"1";"2";"6";"A86 INT";"48,7775270";"2,2216910"
"201900009031";"22";"11";"2019";"09:42";"1";"78";"78402";"1";"1";"1";"3";"A13";"48,9640300";"1,7755550"
"201900009032";"23";"11";"2019";"21:30";"3";"92";"92078";"1";"1";"1";"4";"AUTOROUTE A86";"48,9310479";"2,3236674"
"201900009033";"23";"11";"2019";"08:30";"1";"95";"95572";"1";"1";"2";"6";"AUTOROUTE A15";"49,0333300";"2,1114600"
"201900009034";"23";"11";"2019";"09:40";"1";"93";"93066";"1";"1";"3";"6";"AUTOROUTE A1";"48,9308000";"2,3689700"
"201900009035";"22";"11";"2019";"09:30";"1";"95";"95277";"1";"1";"1";"5";"RD 170 ";"48,9777500";"2,4644200"
"201900009036";"23";"11";"2019";"15:30";"1";"77";"77294";"1";"1";"1";"2";"A104";"48,9732600";"2,5774400"
"201900009037";"22";"11";"2019";"21:00";"3";"75";"75112";"1";"1";"1";"7";"A4";"48,8179681";"2,4556620"
"201900009038";"8";"10";"2019";"08:55";"1";"83";"83129";"2";"9";"1";"3";"CLAUDE POMPIDOU";"43,0935000";"5,8449100"
"201900009039";"22";"11";"2019";"12:28";"1";"63";"63113";"2";"3";"1";"2";"AUGER (RUE)";"45,7841300";"3,1092000"
"201900009040";"21";"11";"2019";"09:01";"1";"63";"63113";"1";"1";"1";"6";"BLERIOT (AVENUE LOUIS)";"45,7961700";"3,1468500"
"201900009041";"13";"11";"2019";"18:35";"3";"62";"62510";"2";"1";"2";"6";"CARPENTIER (R GEORGES)";"50,4180000";"2,7630000"
"201900009042";"5";"10";"2019";"15:10";"1";"62";"62510";"2";"1";"1";"4";"LECLERC (AV. DU MARECHAL)";"50,4221600";"2,7721500"
"201900009043";"26";"10";"2019";"15:30";"1";"59";"59183";"2";"2";"1";"3";"EUROPE - BOULEVARD";"51,0506300";"2,4093800"
"201900009044";"20";"11";"2019";"09:30";"1";"59";"59569";"2";"6";"1";"3";"RD 500";"50,3687800";"3,1206300"
"201900009045";"10";"9";"2019";"08:10";"1";"55";"55545";"2";"3";"1";"3";"ANTHOUARD  ( D' )";"49,1570000";"5,3838000"
"201900009046";"21";"11";"2019";"21:15";"5";"45";"45147";"2";"2";"2";"3";"R DE VERDUN - R J GUESDE";"47,9344895";"1,9054722"
"201900009047";"19";"11";"2019";"20:45";"5";"34";"34172";"2";"1";"1";"6";"UNIVERSITE (RUE DE L')";"43,6141961";"3,8773267"
"201900009048";"22";"11";"2019";"06:25";"5";"13";"13201";"2";"2";"2";"3";"LIBERATION (BOULEVARD)  1 A 65";"43,2990500";"5,3855800"
"201900009049";"22";"11";"2019";"05:15";"2";"974";"97411";"2";"9";"1";"3";"DODU 1 (RUE JULIETTE)";" -20,8777870";"55,4510600"
"201900009050";"22";"11";"2019";"07:45";"1";"974";"97409";"2";"1";"1";"1";"PATELIN (chemin)";" -20,9729700";"55,6865700"
"201900009051";"22";"11";"2019";"03:10";"5";"69";"69388";"2";"1";"2";"6";"GABRIEL SARRAZIN                    (R )";"45,7391400";"4,8788400"
"201900009052";"22";"11";"2019";"07:30";"2";"69";"69383";"2";"2";"2";"6";"LACASSAGNE                          (AV)";"45,7569500";"4,8624800"
"201900009053";"22";"11";"2019";"11:20";"1";"972";"97213";"2";"6";"1";"3";"ROUTE DEPARTEMENTALE 14";"14,6216730";" -61,0076280"
"201900009054";"22";"11";"2019";"19:20";"5";"69";"69286";"2";"1";"1";"4";"ROUTE DE STRASBOURG                 (RO)";"45,8207900";"4,8971500"
"201900009055";"22";"11";"2019";"11:00";"1";"69";"69286";"2";"1";"1";"6";"ROUTE DE STRASBOURG D 483           (RO)";"45,8158800";"4,8901200"
"201900009056";"21";"11";"2019";"18:20";"5";"69";"69286";"2";"1";"2";"4";"ROUTE DE GENEVE                     (RO)";"45,8067700";"4,8895300"
"201900009057";"22";"11";"2019";"09:39";"1";"2B";"2B120";"2";"1";"1";"3";"11 - RT";"42,6608000";"9,4421000"
"201900009058";"22";"11";"2019";"07:45";"1";"2A";"2A004";"2";"5";"8";"3";"LORETTO CHEMIN";"41,9332900";"8,7236800"
"201900009059";"22";"11";"2019";"09:40";"1";"91";"91589";"2";"1";"1";"3";"PERVENCHES (RUE DES)";"48,6900150";"2,3543750"
"201900009060";"20";"11";"2019";"11:30";"1";"91";"91161";"2";"1";"1";"6";"PIERRE BROSSOLETTE (AVENUE)";"48,6995800";"2,3114400"
"201900009061";"21";"11";"2019";"09:30";"1";"91";"91223";"2";"2";"1";"6";"PONT SAINT JEAN (RUE DU)";"48,4356230";"2,1521960"
"201900009062";"21";"11";"2019";"17:57";"2";"87";"87085";"2";"1";"2";"6";"MONTJOVIS (AVENUE)";"45,8368000";"1,2496500"
"201900009063";"21";"11";"2019";"07:33";"2";"86";"86041";"1";"1";"1";"4";"RN 147 BUXEROLLES";"46,6090908";"0,3914523"
"201900009064";"22";"11";"2019";"18:00";"5";"83";"83137";"2";"1";"3";"6";"GROIGNARD (AVE)";"43,1472000";"5,9023000"
"201900009065";"22";"11";"2019";"16:45";"5";"83";"83144";"2";"1";"3";"6";"D.I.C. (AVE DE LA 9EME)";"43,1395400";"5,9826600"
"201900009066";"20";"11";"2019";"07:40";"5";"80";"80021";"2";"1";"1";"6";"GENERAL FRERE (RUE DU)";"49,9064100";"2,3037300"
"201900009067";"21";"11";"2019";"18:10";"2";"78";"78092";"2";"1";"1";"2";"TOURGUENIEF YVAN (RUE   )";"48,8680800";"2,1464860"
"201900009068";"21";"11";"2019";"17:05";"5";"78";"78517";"2";"1";"2";"3";"N/A";"48,6260920";"1,8224920"
"201900009069";"21";"11";"2019";"11:00";"1";"78";"78220";"2";"1";"1";"6";"BOURBONNERIE (RUE DE LA)";"48,7165180";"1,8936720"
"201900009070";"22";"11";"2019";"19:20";"5";"78";"78624";"1";"1";"1";"4";"RD1";"48,9685990";"2,0113150"
"201900009071";"20";"11";"2019";"14:40";"1";"77";"77468";"2";"1";"1";"6";"PARIS (RUE DE)";"48,8502500";"2,6476600"
"201900009072";"20";"11";"2019";"14:05";"1";"77";"77468";"2";"3";"1";"6";"LINGENFELD (AVENUE DE)";"48,8504700";"2,6493800"
"201900009073";"21";"11";"2019";"19:20";"4";"76";"76575";"1";"1";"1";"3";"ROUSSEAU. RUE JEAN JACQUES";"49,3811200";"1,1097500"
"201900009074";"22";"11";"2019";"14:15";"1";"72";"72181";"2";"1";"1";"6";"Robert Jarry (Bd)";"47,9970500";"0,1895200"
"201900009075";"20";"11";"2019";"18:25";"5";"71";"71076";"2";"1";"5";"3";"HERRIOT (AVENUE EDOUARD)";"46,7996400";"4,8684000"
"201900009076";"22";"11";"2019";"15:40";"1";"69";"69266";"2";"3";"1";"6";"SCHMIDT        (Rue)";"45,7777400";"4,8743600"
"201900009077";"21";"11";"2019";"20:35";"4";"69";"69266";"2";"1";"2";"2";"LAURENT BONNEVAY    (Boulevard)";"45,7851500";"4,8695000"
"201900009078";"21";"11";"2019";"22:35";"5";"69";"69256";"2";"1";"3";"6";"BOLHEN   (DE)                        (AV";"45,7665400";"4,9303000"
"201900009079";"20";"11";"2019";"07:10";"2";"69";"69290";"2";"3";"1";"6";"ANATOLE FRANCE                      (R )";"45,6908100";"4,9369000"
"201900009080";"21";"11";"2019";"10:55";"1";"69";"69091";"2";"1";"1";"6";"ANNE FRANCK ( R )";"45,6028400";"4,7633400"
"201900009081";"29";"10";"2019";"12:14";"1";"68";"68066";"2";"1";"1";"5";"ST JOSEPH (RUE)";"48,0000000";"7,3569790"
"201900009082";"22";"11";"2019";"04:50";"5";"67";"67482";"2";"1";"1";"3";"MARCHE GARE (RUE DU)";"48,5964000";"7,7387700"
"201900009083";"20";"11";"2019";"18:02";"2";"66";"66136";"2";"1";"1";"3";"VIELLEDENT (JEAN)";"42,6948700";"2,9010500"
"201900009084";"22";"11";"2019";"18:35";"4";"64";"64348";"2";"1";"8";"6";"EUROPE DE L'";"43,3168318";" -0,3949307"
"201900009085";"22";"11";"2019";"11:35";"1";"64";"64445";"2";"1";"8";"6";"PASTEUR";"43,3019580";" -0,3715559"
"201900009086";"21";"11";"2019";"18:10";"5";"64";"64445";"2";"3";"1";"1";"LARRIBAU";"43,3147000";" -0,3244000"
"201900009087";"1";"11";"2019";"05:00";"5";"64";"64122";"2";"1";"2";"6";"BAB(BOULEVARD)";"43,4681853";" -1,5420630"
"201900009088";"21";"11";"2019";"14:25";"1";"64";"64024";"2";"1";"1";"7";"BUTTE AUX CAILLES (ROND POINT DE LA)";"43,4969930";" -1,5097400"
"201900009089";"20";"11";"2019";"10:30";"1";"64";"64102";"2";"6";"1";"3";"ALSACE LORRAINE (BOULEVARD)";"43,4917000";" -1,4639100"
"201900009090";"21";"11";"2019";"14:00";"1";"63";"63164";"2";"3";"1";"3";"Bois ( Allée Claude )";"45,8276891";"3,1525873"
"201900009091";"22";"11";"2019";"13:40";"1";"59";"59599";"2";"1";"1";"3";"DUCHATELET (RUE DU LT-COLONEL JOSEPH)";"50,7323300";"3,1887600"
"201900009092";"21";"11";"2019";"07:35";"5";"59";"59178";"2";"6";"1";"2";"HERILLIER (PLACE L')";"50,3630300";"3,0780800"
"201900009093";"18";"11";"2019";"13:20";"1";"58";"58194";"2";"3";"1";"3";"MARECHAL JUIN";"47,0055000";"3,1533000"
"201900009094";"22";"11";"2019";"17:00";"1";"54";"54395";"2";"1";"1";"7";"LEBRUN (RUE ALBERT)";"48,6858000";"6,1908000"
"201900009095";"22";"11";"2019";"14:00";"1";"54";"54184";"2";"1";"1";"2";"BRIGACHTAL (AVENUE DE)";"48,7048470";"6,2336790"
"201900009096";"22";"11";"2019";"21:30";"5";"51";"51454";"2";"6";"3";"2";"CHEMIN DE SAINT LEONARD";"49,2249228";"4,0968149"
"201900009097";"22";"11";"2019";"17:35";"5";"51";"51573";"2";"3";"1";"3";"RUE PAUL VAILLANT COUTURIER";"49,2475616";"4,0041721"
"201900009098";"22";"11";"2019";"14:20";"1";"51";"51454";"2";"3";"7";"7";"AVENUE JEAN JAURES";"49,2616441";"4,0510169"
"201900009099";"21";"11";"2019";"13:10";"1";"50";"50129";"2";"1";"2";"6";"POINCARE (AVENUE HENRI)";"49,6299900";" -1,6054800"
"201900009100";"18";"11";"2019";"19:45";"5";"50";"50173";"2";"2";"8";"3";"SALINE (BOULEVARD DE LA)";"49,6539500";" -1,6491300"
"201900009101";"17";"11";"2019";"04:27";"5";"50";"50203";"1";"1";"1";"6";"NATIONALE 13";"49,6002630";" -1,5974920"
"201900009102";"17";"11";"2019";"18:05";"3";"50";"50129";"1";"1";"3";"4";"BARBUSSE (RUE HENRI)";"49,6160600";" -1,6536800"
"201900009103";"22";"11";"2019";"09:45";"1";"45";"45234";"2";"7";"1";"2";"PL DU CHAMPS ST MARC";"47,9064000";"1,9219200"
"201900009104";"22";"11";"2019";"08:05";"2";"45";"45234";"2";"3";"8";"3";"R A SAVARY - R ST FIACRE";"47,8905900";"1,9099800"
"201900009105";"22";"11";"2019";"07:55";"5";"45";"45234";"2";"1";"1";"1";"RUE DU NECOTIN - COLLEGE J ROSTAND";"47,9171656";"1,9375136"
"201900009106";"17";"9";"2019";"11:00";"1";"44";"44109";"2";"1";"1";"3";"BOULEVARD DES BELGES";"47,2352500";" -1,5454300"
"201900009107";"5";"7";"2019";"14:10";"1";"91";"91027";"2";"3";"1";"3";"MORANGIS (AVENUE DE)";"48,7055630";"2,3595990"
"201900009108";"1";"7";"2019";"14:50";"1";"91";"91228";"2";"2";"1";"2";"EUROPE (BD) N° PAIRS";"48,6304600";"2,4310700"
"201900009109";"4";"7";"2019";"07:20";"1";"91";"91433";"2";"1";"1";"2";"R.N.20";"48,4704800";"2,1854000"
"201900009110";"4";"7";"2019";"20:11";"1";"87";"87085";"2";"1";"1";"3";"BEL AIR (BOULEVARD DE)";"45,8208800";"1,2469000"
"201900009111";"4";"7";"2019";"12:09";"1";"87";"87050";"1";"1";"1";"6";"RD7";"45,9104100";"1,2247600"
"201900009112";"3";"7";"2019";"09:12";"1";"87";"87085";"2";"1";"1";"2";"DUSSOUBS (PLACE DENIS)";"45,8328600";"1,2556800"
"201900009113";"5";"7";"2019";"16:20";"1";"86";"86194";"2";"2";"1";"3";"TIERS ETAT (COURS DU)";"46,5951800";"0,3824600"
"201900009114";"3";"7";"2019";"15:55";"1";"86";"86194";"2";"9";"1";"6";"8 MAI 1945 (AVENUE DU)";"46,5543300";"0,3091400"
"201900009115";"2";"7";"2019";"15:10";"1";"85";"85194";"2";"1";"1";"6";" COURS JOSEPH DUPONT ";"46,4978200";" -1,7793500"
"201900009116";"5";"7";"2019";"07:20";"1";"83";"83137";"2";"1";"1";"2";"LE BELLEGOU (AVE EDOUARD)";"43,1193600";"5,9391700"
"201900009117";"4";"7";"2019";"14:00";"1";"83";"83137";"2";"1";"1";"6";"CAMUS (AVE ALBERT)";"43,1302500";"5,8818900"
"201900009118";"5";"7";"2019";"22:26";"5";"83";"83126";"2";"3";"1";"3";"MOUISSEQUES (PLACE DES)";"43,1017700";"5,8944700"
"201900009119";"4";"7";"2019";"22:15";"5";"83";"83118";"2";"1";"1";"1";"BOULEVARD DE L'ASPÉ";"43,4455400";"6,8120800"
"201900009120";"5";"7";"2019";"14:15";"1";"82";"82121";"2";"3";"1";"3";"LANIS (CHEMIN DE)";"44,0297400";"1,3306700"
"201900009121";"5";"7";"2019";"05:55";"1";"82";"82121";"1";"1";"1";"1";"SAINT-NAUPHARY D 999 (ROUTE DE)";"43,9926300";"1,3887600"
"201900009122";"3";"7";"2019";"16:40";"1";"82";"82121";"2";"1";"1";"3";"MOULIN N 20 (AVENUE JEAN)";"44,0256200";"1,3655600"
"201900009123";"3";"7";"2019";"17:30";"1";"80";"80021";"2";"1";"1";"6";"R DU GENERAL LECLERC";"49,8942800";"2,2930500"
"201900009124";"5";"7";"2019";"15:05";"1";"79";"79329";"2";"2";"1";"6";"Boulevard de la Libération";"46,9925200";" -0,2171500"
"201900009125";"3";"7";"2019";"19:30";"1";"78";"78396";"2";"3";"1";"6";"PROCESSION (RUE DE LA)";"48,9435000";"2,1300900"
"201900009126";"6";"7";"2019";"23:31";"5";"77";"77468";"1";"1";"1";"7";"D199 - ROUTE DE LA MARNE";"48,8459600";"2,6444300"
"201900009127";"4";"7";"2019";"12:05";"1";"77";"77083";"2";"3";"1";"3";"FLANDRES DUNKERQUE 1940 (RUE)";"48,8494407";"2,5824209"
"201900009128";"4";"7";"2019";"22:20";"5";"77";"77305";"2";"6";"1";"6";"D403 X D133-TOURNEBRIDE (GIRATOIRE DE)";"48,3988313";"2,9781252"
"201900009129";"5";"7";"2019";"05:20";"2";"77";"77326";"2";"2";"1";"3";"D346 X D50";"48,5778675";"2,5637552"
"201900009130";"5";"7";"2019";"02:15";"5";"77";"77288";"2";"1";"1";"2";"D39-PASTEUR (QUAI)";"48,5378900";"2,6580300"
"201900009131";"4";"7";"2019";"07:28";"1";"77";"77285";"2";"4";"1";"6";"BOIS GUYOT (RUE DU)";"48,5379408";"2,6227704"
"201900009132";"4";"7";"2019";"18:10";"1";"77";"77284";"2";"1";"1";"6";"ARIANE (ALLEE)";"48,9543600";"2,9070100"
"201900009133";"3";"7";"2019";"09:05";"1";"77";"77243";"2";"2";"1";"5";"D231 X RUE LOUIS BLERIOT";"48,8747800";"2,7231400"
"201900009134";"5";"7";"2019";"08:45";"1";"76";"76498";"2";"2";"1";"3";"DOCTEUR CHARCOT. RUE DU";"49,4298900";"1,0644000"
"201900009135";"5";"7";"2019";"11:20";"1";"76";"76351";"2";"1";"1";"6";"AUGUSTE BLANQUI (PONT)";"49,4998000";"0,1624000"
"201900009136";"4";"7";"2019";"07:45";"1";"76";"76305";"1";"2";"1";"6";"BREQUE (Route de la)";"49,4877800";"0,1962100"
"201900009137";"3";"7";"2019";"13:30";"1";"76";"76447";"2";"1";"1";"6";"4 SAISONS (RUE DES )";"49,5352200";"0,1855100"
"201900009138";"5";"7";"2019";"15:13";"1";"76";"76217";"2";"1";"1";"6";"GAMBETTA (AVENUE)";"49,9151800";"1,0747700"
"201900009139";"4";"7";"2019";"17:00";"1";"74";"74305";"2";"9";"1";"3";"HENON (RUE ALBERT)";"46,2035500";"6,2376100"
"201900009140";"5";"7";"2019";"11:25";"1";"72";"72181";"2";"1";"1";"3";"BREGUET LOUIS (RUE)";"47,9763500";"0,1672600"
"201900009141";"3";"7";"2019";"17:00";"1";"72";"72181";"1";"1";"1";"3";"Boulevard Henri FRENAY";"48,0156400";"0,2405300"
"201900009142";"4";"7";"2019";"23:20";"3";"71";"71540";"1";"1";"1";"3";"HUIT MAI (AVENUE DU)";"46,7738200";"4,4475300"
"201900009143";"4";"7";"2019";"06:00";"1";"71";"71153";"2";"6";"1";"3";"HARFLEUR (ROND POINT D')";"46,7945200";"4,4485500"
"201900009144";"5";"7";"2019";"17:45";"1";"69";"69282";"2";"8";"1";"6";"JEAN JAURES                         (R )";"45,7699652";"5,0126624"
"201900009145";"5";"7";"2019";"17:45";"1";"69";"69256";"2";"3";"1";"6";"EUGENE HENAFF                       (R )";"45,7745200";"4,9268400"
"201900009146";"5";"7";"2019";"08:05";"1";"69";"69266";"2";"5";"1";"3";"LOUIS BRAILLE     (Rue)";"45,7617000";"4,8820400"
"201900009147";"5";"7";"2019";"15:20";"1";"69";"69264";"2";"2";"1";"3";"FERRY JULES  R";"45,9822495";"4,7350211"
"201900009148";"3";"7";"2019";"08:10";"1";"69";"69091";"2";"2";"1";"3";"VICTOR HUGO ( R )";"45,5884000";"4,7710000"
"201900009149";"6";"7";"2019";"09:30";"1";"68";"68224";"2";"1";"1";"7";"STOESSEL (BOULEVARD CHARLES)";"47,7413100";"7,3221000"
"201900009150";"4";"7";"2019";"12:20";"1";"68";"68066";"2";"9";"7";"3";"REY (AVENUE JOSEPH)";"48,0957300";"7,3777600"
"201900009151";"4";"7";"2019";"17:30";"1";"67";"67482";"2";"3";"1";"3";"PORTE DE L HOPITAL (RUE DE LA)";"48,5768250";"7,7497180"
"201900009152";"4";"7";"2019";"12:20";"1";"67";"67218";"2";"1";"1";"6";"LYON (RTE DE)";"48,5297570";"7,7113330"
"201900009153";"3";"7";"2019";"19:15";"1";"67";"67043";"2";"1";"1";"2";"ROBERTSAU (RUE DE LA)";"48,6129600";"7,7648040"
"201900009154";"3";"7";"2019";"14:25";"1";"67";"67482";"2";"1";"1";"4";"HERRENSCHMIDT (AVENUE)";"48,5966200";"7,7497290"
"201900009155";"3";"7";"2019";"16:52";"1";"66";"66136";"2";"1";"1";"2";"BRIAND BOULEVARD ARISTIDE";"42,6944900";"2,9014500"
"201900009156";"5";"7";"2019";"23:00";"5";"64";"64445";"2";"2";"1";"3";"GENERAL DE GAULLE DU";"43,3018100";" -0,3562200"
"201900009157";"5";"7";"2019";"08:25";"1";"64";"64102";"2";"1";"1";"6";"RESPLANDY (AVENUE DU CAPITAINE)";"43,4892034";" -1,4664348"
"201900009158";"17";"4";"2019";"22:15";"5";"62";"62643";"2";"5";"1";"3";"MASURETTES ( Rue des )";"50,7032800";"1,5950300"
"201900009159";"5";"7";"2019";"16:50";"1";"62";"62035";"1";"4";"1";"6";"CAMUS ( RUE ALBERT )";"50,5314750";"2,6101330"
"201900009160";"27";"6";"2019";"18:45";"1";"62";"62863";"1";"1";"9";"7";"CD 167 E2";"50,5278008";"2,7764463"
"201900009161";"4";"7";"2019";"14:50";"1";"60";"60175";"2";"3";"7";"6";"ALLENDE (BOULEVARD SALVADOR)";"49,2512300";"2,4760800"
"201900009162";"3";"7";"2019";"20:40";"2";"60";"60159";"2";"1";"1";"7";"JUSTICE (DE LA)";"49,4094300";"2,8221800"
"201900009163";"23";"6";"2019";"09:00";"1";"59";"59392";"2";"9";"1";"3";"JEAN JAURES (AVENUE)";"50,2818320";"3,9530740"
"201900009164";"5";"7";"2019";"04:00";"2";"59";"59009";"1";"1";"1";"6";"BREUCQ BOULEVARD DU";"50,6382500";"3,1432400"
"201900009165";"28";"6";"2019";"22:15";"1";"59";"59153";"2";"1";"1";"6";"LORETTE (RUE DE  )";"50,4491400";"3,5904500"
"201900009166";"4";"7";"2019";"01:20";"5";"59";"59206";"2";"1";"1";"1";"PICASSO (RUE PABLO)";"50,1822900";"3,2736700"
"201900009167";"3";"7";"2019";"13:45";"1";"58";"58194";"2";"1";"1";"6";"MONTAPINS";"46,9753000";"3,1296000"
"201900009168";"4";"6";"2019";"16:56";"1";"57";"57332";"2";"1";"7";"2";"Route départementale 603";"49,1243900";"6,7734600"
"201900009169";"2";"7";"2019";"11:25";"1";"56";"56260";"2";"3";"1";"6";"LEGRAND(RUE ALAIN)";"47,6582200";" -2,7549100"
"201900009170";"29";"6";"2019";"08:30";"1";"56";"56260";"2";"4";"1";"3";"GUILLAUDOT (BD DU GAL MAURICE)";"47,6670500";" -2,7448200"
"201900009171";"29";"6";"2019";"00:15";"3";"54";"54395";"2";"1";"1";"3";"VINGTIEME CORPS (AVENUE DU)";"48,6969960";"6,1978950"
"201900009172";"5";"6";"2019";"21:49";"2";"54";"54395";"2";"1";"1";"3";"THEURIET (RUE ANDRE)";"48,6940890";"6,1380210"
"201900009173";"4";"7";"2019";"08:40";"1";"53";"53130";"2";"2";"7";"6";"AVESNIERES ( PONT D' )";"48,0592000";" -0,7628400"
"201900009174";"3";"7";"2019";"17:40";"1";"52";"52121";"2";"1";"1";"2";"21EME RIC (RUE DU)";"48,1094500";"5,1367000"
"201900009175";"6";"7";"2019";"23:00";"5";"51";"51454";"2";"4";"1";"7";"RUE DE ROUEN";"49,2322889";"4,0198750"
"201900009176";"5";"7";"2019";"15:30";"1";"51";"51454";"2";"1";"1";"3";"BOULEVARD DU GENERAL LECLERC";"49,2545100";"4,0225900"
"201900009177";"14";"6";"2019";"13:35";"1";"51";"51108";"2";"3";"1";"7";"RUE COSME CLAUSE";"48,9557250";"4,3575667"
"201900009178";"4";"7";"2019";"19:00";"1";"50";"50502";"2";"1";"1";"6";"CROIX CANUET";"49,1135470";" -1,0988380"
"201900009179";"1";"7";"2019";"13:58";"1";"50";"50602";"2";"2";"1";"1";"POMMIERS (RUE DES)";"49,6332970";" -1,5826670"
"201900009180";"1";"7";"2019";"11:55";"1";"50";"50129";"2";"1";"1";"4";"PARIS (AVENUE DE)";"49,6319900";" -1,6176100"
"201900009181";"4";"7";"2019";"11:12";"1";"49";"49007";"2";"1";"1";"6";"SAINT JACQUES";"47,4738000";" -0,5694000"
"201900009182";"4";"7";"2019";"06:55";"1";"49";"49007";"2";"1";"1";"3";"VISITATION PLACE";"47,4666500";" -0,5568000"
"201900009183";"2";"7";"2019";"18:00";"1";"49";"49007";"2";"1";"1";"6";"ARNAULD ( HENRI) BOULEVARD";"47,4735400";" -0,5614000"
"201900009184";"3";"7";"2019";"20:10";"1";"49";"49007";"2";"1";"1";"7";"CHATENAY AVENUE VICTOR";"47,4822000";" -0,5219000"
"201900009185";"4";"7";"2019";"02:50";"4";"49";"49007";"2";"1";"1";"6";"GUICHARD";"47,4517300";" -0,5492900"
"201900009186";"4";"7";"2019";"10:05";"1";"47";"47201";"1";"6";"1";"6";"MARNE (AV. DE LA)";"44,1943000";"0,6037000"
"201900009187";"6";"7";"2019";"16:35";"1";"45";"45234";"1";"6";"1";"7";"AV DES DROITS DE L'HOMME - R G EIFFEL";"47,9238780";"1,9403600"
"201900009188";"6";"7";"2019";"11:45";"1";"45";"45284";"2";"1";"1";"7";"BD DE LA SALLE";"47,9236800";"1,9956900"
"201900009189";"5";"7";"2019";"17:57";"1";"45";"45302";"2";"1";"1";"3";"RUE DE LA PELLETERIE";"47,9470100";"1,8662700"
"201900009190";"5";"7";"2019";"15:00";"1";"45";"45232";"2";"2";"1";"3";"R DE CHAMPAGNE - R D'ALSACE";"47,8412630";"1,9185180"
"201900009191";"5";"7";"2019";"15:45";"1";"45";"45208";"2";"1";"1";"6";"RUE DE LA QUINTAINE";"48,0038906";"2,7329524"
"201900009192";"4";"7";"2019";"11:40";"1";"44";"44184";"1";"4";"1";"5";"RD 492 / BD NEYMAN";"47,2766164";" -2,2482915"
"201900009193";"3";"7";"2019";"08:20";"1";"44";"44184";"2";"1";"1";"6";"TRIGNAC (RUE DE)";"47,2903000";" -2,1948000"
"201900009194";"6";"7";"2019";"12:00";"1";"44";"44009";"1";"9";"1";"2";"N/A";"47,2191100";" -1,4760700"
"201900009195";"5";"7";"2019";"20:50";"1";"44";"44109";"2";"6";"1";"3";"BD ALEXANDRE MILLERAND/RUE RONDEAU";"47,2079000";" -1,5301000"