"Num_Acc";"jour";"mois";"an";"hrmn";"lum";"dep";"com";"agg";"int";"atm";"col";"adr";"lat";"long"
"201900009196";"18";"6";"2019";"00:52";"5";"44";"44109";"2";"1";"1";"1";"RUE CHARLES PERRON";"47,2249560";" -1,6019460"
"201900009197";"28";"6";"2019";"21:00";"1";"44";"44109";"2";"6";"1";"3";"BOULEVARD DU PETIT PORT";"47,2434700";" -1,5565300"
"201900009198";"4";"7";"2019";"06:55";"2";"44";"44162";"2";"9";"1";"2";"BOULEVARD CHARLES DE GAULLE";"47,2181600";" -1,6459200"
"201900009199";"5";"7";"2019";"21:00";"1";"42";"42053";"2";"1";"1";"1";"LONGES ROUTE DE";"45,5310100";"4,6309000"
"201900009200";"4";"7";"2019";"12:30";"1";"42";"42187";"2";"2";"1";"3";"OUDAN (RUE DE L')";"46,0521000";"4,0858600"
"201900009201";"3";"7";"2019";"15:00";"1";"42";"42127";"2";"1";"1";"5";"EST ( ROCADE)";"46,0646000";"4,0579800"
"201900009202";"5";"7";"2019";"17:15";"1";"38";"38544";"2";"3";"1";"6";"ROBESPIERRE(RUE)";"45,5106700";"4,8568100"
"201900009203";"6";"7";"2019";"19:10";"1";"38";"38185";"1";"1";"1";"6";"ILE VERTE (PONT DE L' )";"45,2001900";"5,7409000"
"201900009204";"5";"7";"2019";"22:15";"5";"38";"38185";"2";"2";"1";"3";"LEON JOUHAUX (RUE)";"45,1773700";"5,7430000"
"201900009205";"5";"7";"2019";"16:00";"1";"38";"38185";"2";"9";"1";"3";"AVENUE ALSACE LORRAINE";"45,1897000";"5,7187000"
"201900009206";"3";"7";"2019";"19:20";"1";"38";"38053";"2";"3";"1";"3";"MARRONNIERS (AV)";"45,5921490";"5,2634339"
"201900009207";"6";"7";"2019";"19:30";"1";"37";"37261";"2";"3";"1";"3";"A10";"47,3927159";"0,7055181"
"201900009208";"6";"7";"2019";"12:50";"1";"37";"37122";"2";"1";"1";"7";"RD 86 DE MONTS à TOURS";"47,3191900";"0,6596500"
"201900009209";"5";"7";"2019";"08:40";"1";"37";"37261";"2";"1";"1";"6";"LUZARCHES (RUE VICTOR)";"47,3787416";"0,6914111"
"201900009210";"4";"7";"2019";"21:50";"2";"37";"37195";"2";"1";"1";"1";"SAINT-GENOUPH (ROUTE DE)";"47,3798000";"0,6138300"
"201900009211";"4";"7";"2019";"08:25";"1";"37";"37261";"2";"1";"1";"2";"BREL (RUE JACQUES)";"47,4336200";"0,7009600"
"201900009212";"2";"7";"2019";"15:50";"1";"36";"36044";"2";"1";"1";"6";"166 AVENUE DE LA CHATRE";"46,8064348";"1,7096970"
"201900009213";"28";"6";"2019";"10:05";"1";"36";"36063";"2";"1";"1";"2";"11 Avenue du Général de Gaulle";"46,8252300";"1,6995200"
"201900009214";"27";"6";"2019";"17:08";"1";"36";"36044";"2";"1";"1";"3";"368 AVENUE DE LA CHATRE";"46,7995319";"1,7244713"
"201900009215";"5";"7";"2019";"13:30";"1";"35";"35238";"2";"3";"1";"3";"LORIENT (DE)";"48,1070220";" -1,7238330"
"201900009216";"5";"7";"2019";"13:10";"1";"35";"35281";"1";"1";"7";"2";"MIVOIE (ROUTE DE)";"48,0700100";" -1,7103700"
"201900009217";"5";"7";"2019";"12:36";"1";"35";"35238";"2";"1";"1";"2";"DESGREES (BD PAUL HUTIN)";"48,0914600";" -1,6424000"
"201900009218";"5";"7";"2019";"11:40";"1";"35";"35238";"2";"1";"1";"6";"BRILHAC (DE)";"48,1117520";" -1,6792920"
"201900009219";"5";"6";"2019";"20:15";"1";"35";"35238";"2";"2";"3";"3";"TROIS CROIX (BD DES)";"48,1270880";" -1,6864860"
"201900009220";"4";"7";"2019";"14:25";"1";"35";"35278";"1";"9";"1";"6";"BROCELIANDE (RUE DE)";"48,1611300";" -1,6882600"
"201900009221";"4";"7";"2019";"19:15";"1";"34";"34172";"2";"2";"1";"3";"VILLENEUVE-ANGOULEME (AVENUE DE";"43,5979600";"3,8711100"
"201900009222";"4";"7";"2019";"19:35";"1";"34";"34172";"2";"9";"1";"3";"MOULARES (CHEMIN DE";"43,5979310";"3,8931390"
"201900009223";"4";"7";"2019";"17:00";"1";"34";"34172";"2";"1";"1";"7";"FOUCAULT (ALLEE LEON)";"43,6153500";"3,9128000"
"201900009224";"4";"7";"2019";"14:55";"1";"34";"34172";"2";"2";"1";"3";"NOBEL (RUE ALFRED)";"43,6135900";"3,9120200"
"201900009225";"3";"7";"2019";"19:30";"1";"34";"34172";"2";"1";"1";"3";"PIREE (AVENUE DU)";"43,6074300";"3,8966700"
"201900009226";"7";"7";"2019";"02:10";"5";"33";"33063";"2";"3";"1";"1";"Crs de l'Yser / R. Bergeon";"44,8294800";" -0,5681950"
"201900009227";"6";"7";"2019";"10:45";"1";"33";"33063";"2";"1";"1";"6";"BRANDENBURG (BD ALBERT)";"44,8757700";" -0,5474800"
"201900009228";"5";"7";"2019";"14:00";"1";"33";"33075";"2";"2";"1";"2";"RUE MAJOLAN";"44,8890600";" -0,6248600"
"201900009229";"5";"7";"2019";"08:30";"1";"33";"33069";"2";"3";"1";"6";"RUE DES ECUS";"44,8697400";" -0,6064500"
"201900009230";"5";"7";"2019";"01:50";"5";"33";"33063";"2";"1";"1";"6";"336 AVE DU MAL DE LATTRE DE TASSIGNY CAUD - Piéton traverse des n° pairs vers impairs et revient sur ses pas ...";"44,8583500";" -0,6238800"
"201900009231";"4";"7";"2019";"20:00";"1";"33";"33318";"2";"3";"1";"3";"AVE DE MADRAN";"44,8052200";" -0,6535900"
"201900009232";"4";"7";"2019";"13:45";"1";"33";"33063";"2";"2";"1";"2";"R. Judaïque / R. Charles Marionneau";"44,8412050";" -0,5867170"
"201900009233";"4";"7";"2019";"12:15";"1";"33";"33281";"2";"1";"1";"2";"RUE DE BEAUDESERT";"44,8429600";" -0,6929900"
"201900009234";"13";"6";"2019";"22:20";"2";"33";"33281";"2";"1";"1";"3";"DASSAULT (AVE MARCEL)";"44,8435300";" -0,6729300"
"201900009235";"4";"7";"2019";"13:05";"1";"33";"33063";"2";"3";"1";"6";"R. de Pessac / R. de Budos";"44,8267990";" -0,5871130"
"201900009236";"4";"7";"2019";"08:05";"1";"33";"33069";"2";"6";"1";"3";"RUE GEORGES LAFONT";"44,8682700";" -0,5982400"
"201900009237";"3";"7";"2019";"16:45";"1";"33";"33039";"2";"2";"1";"3";"ALBERT 1ER (BD )";"44,8128500";" -0,5614100"
"201900009238";"3";"7";"2019";"12:10";"1";"33";"33119";"2";"1";"1";"6";"PCE MARTYRS DE LA RESISTANCE";"44,8618500";" -0,5174800"
"201900009239";"19";"6";"2019";"15:30";"1";"33";"33065";"1";"6";"1";"3";"Chem de la Matte / Roc N230 E22 Bretelle de sortie";"44,8103500";" -0,5199900"
"201900009240";"5";"7";"2019";"11:20";"1";"31";"31555";"1";"1";"1";"3";"VA007306 A64";"43,5650900";"1,4183800"
"201900009241";"5";"7";"2019";"02:05";"5";"31";"31555";"2";"1";"1";"6";"CHE DE LAPUJADE";"43,6209200";"1,4532100"
"201900009242";"4";"7";"2019";"13:20";"1";"31";"31555";"2";"1";"1";"5";"BD SILVIO TRENTIN";"43,6251500";"1,4302100"
"201900009243";"4";"7";"2019";"07:00";"1";"31";"31149";"2";"2";"1";"3";"AL NOBLE (CHEMIN D')";"43,6025200";"1,3450700"
"201900009244";"3";"7";"2019";"18:17";"1";"31";"31069";"2";"1";"1";"6";"ARAGON (MAIL LOUIS)";"43,6445300";"1,3782600"
"201900009245";"3";"7";"2019";"19:25";"1";"31";"31555";"2";"1";"2";"6";"RUE DE LIMAYRAC";"43,5933000";"1,4740100"
"201900009246";"5";"7";"2019";"03:00";"5";"30";"30189";"2";"1";"1";"6";"PUCCINI (RUE)";"43,8234600";"4,3373600"
"201900009247";"4";"7";"2019";"17:05";"1";"30";"30007";"2";"1";"1";"2";"ANDUZE (AVE)";"44,1038300";"4,0821900"
"201900009248";"6";"7";"2019";"00:35";"3";"29";"29232";"1";"9";"1";"3";"POULGUINAN BOULEVARD DE";"47,9840734";" -4,1156601"
"201900009249";"5";"7";"2019";"17:34";"1";"29";"29232";"2";"1";"1";"4";"TY BOS AVENUE DE";"47,9718100";" -4,0643500"
"201900009250";"4";"7";"2019";"12:45";"1";"29";"29232";"2";"1";"1";"2";"BREST RUE DE";"47,9976400";" -4,0985100"
"201900009251";"4";"7";"2019";"18:35";"1";"29";"29232";"2";"1";"1";"3";"LOCMARIA ALLEE DE";"47,9927100";" -4,1069500"
"201900009252";"4";"7";"2019";"19:00";"1";"29";"29019";"2";"1";"1";"2";"EUROPE (DE 13 A 15)";"48,4129700";" -4,5014900"
"201900009253";"3";"7";"2019";"16:20";"1";"29";"29019";"2";"1";"9";"7";"MELOU GEORGES (DE 1 A 63 ET 2 A 56)";"48,3975900";" -4,4629900"
"201900009254";"25";"6";"2019";"17:50";"1";"28";"28209";"1";"1";"7";"5";"RN 1154";"48,4969000";"1,4688900"
"201900009255";"5";"7";"2019";"22:40";"5";"25";"25462";"2";"1";"1";"2";"GRANGES DES";"46,8965000";"6,3437000"
"201900009256";"5";"7";"2019";"01:31";"5";"25";"25056";"2";"1";"1";"6";"RN 273 - PR 0+50 - CHURCHILL BD WINSTON";"47,2538000";"6,0161000"
"201900009257";"3";"7";"2019";"12:08";"1";"19";"19272";"2";"1";"7";"7";"Charles de Gaulle (Av)";"45,2672600";"1,7713300"
"201900009258";"4";"7";"2019";"23:45";"5";"19";"19031";"2";"1";"1";"2";"LATREILLE (RUE)";"45,1591184";"1,5022871"
"201900009259";"4";"7";"2019";"08:40";"1";"19";"19031";"2";"2";"1";"6";"POMPIDOU (AVENUE GEORGES)";"45,1575800";"1,5403900"
"201900009260";"5";"7";"2019";"01:12";"5";"18";"18279";"2";"1";"1";"6";"PASTEUR ( RUE )";"47,2189400";"2,0902800"
"201900009261";"5";"7";"2019";"12:40";"1";"17";"17380";"2";"6";"1";"1";"REPUBLIQUE (AVENUE DE LA)";"45,6444100";" -1,0912900"
"201900009262";"6";"7";"2019";"11:35";"1";"17";"17200";"2";"1";"1";"6";"AV DU RECTEUR P.MOISY";"46,1734700";" -1,1681300"
"201900009263";"6";"7";"2019";"07:40";"1";"17";"17300";"2";"1";"1";"3";"LAVENUE   RUE RAYMOND";"46,1730300";" -1,2199700"
"201900009264";"6";"7";"2019";"07:00";"1";"17";"17300";"2";"2";"1";"3";"REMPART  CHEMIN DU";"46,1584000";" -1,1576500"
"201900009265";"5";"7";"2019";"11:00";"1";"17";"17200";"2";"1";"1";"2";"RN237 PK2+500";"46,1805910";" -1,1484800"
"201900009266";"4";"7";"2019";"17:00";"1";"17";"17200";"2";"2";"1";"3";"HUIT MAI 1945   AVENUE DU";"46,1861600";" -1,1509900"
"201900009267";"4";"7";"2019";"12:20";"1";"17";"17274";"2";"9";"1";"2";"LANGEVIN   AVENUE PAUL";"46,1619800";" -1,0934800"
"201900009268";"6";"7";"2019";"00:20";"3";"14";"14366";"2";"1";"1";"6";"EDOUARD BRANLY (RUE)";"49,1462100";"0,2629100"
"201900009269";"5";"7";"2019";"09:35";"1";"14";"14366";"2";"6";"1";"6";"SAINTE THERESE (AVENUE)";"49,1434300";"0,2293600"
"201900009270";"4";"7";"2019";"16:10";"1";"14";"14366";"2";"1";"1";"3";"BLAISE PASCAL (RUE)";"49,1670900";"0,2178100"
"201900009271";"4";"7";"2019";"17:15";"1";"14";"14243";"1";"1";"1";"7";"CD 579";"49,3753800";"0,2066400"
"201900009272";"5";"7";"2019";"08:45";"1";"14";"14225";"2";"1";"1";"2";"HASTINGS (RUE D')";"49,2869700";"0,0987700"
"201900009273";"4";"7";"2019";"07:40";"1";"14";"14118";"2";"6";"1";"3";"DEBARQUEMENT (ROND POINT DU )";"49,2028300";" -0,3919700"
"201900009274";"4";"7";"2019";"08:45";"1";"14";"14242";"2";"1";"1";"3";"RD N° 7 (DE CAEN A DOUVRES )";"49,2243700";" -0,3687800"
"201900009275";"4";"7";"2019";"08:30";"1";"13";"13117";"2";"1";"1";"6";"GELU  ( AVENUE VICTOR )";"43,4438050";"5,2458850"
"201900009276";"6";"7";"2019";"13:10";"1";"13";"13209";"2";"1";"1";"3";"LÉON LACHAMP (ROUTE)";"43,2488040";"5,4420170"
"201900009277";"6";"7";"2019";"04:50";"5";"13";"13208";"2";"6";"1";"2";"LOUIS BONNEFON (PLACE)";"43,2540100";"5,3820200"
"201900009278";"6";"7";"2019";"04:30";"5";"13";"13208";"2";"1";"1";"6";"RABATAU (BOULEVARD)";"43,2765500";"5,3977800"
"201900009279";"5";"7";"2019";"21:40";"1";"13";"13204";"2";"1";"1";"3";"ALEX. FLEMING (BOULEVARD)";"43,3149400";"5,3886600"
"201900009280";"13";"12";"2019";"12:25";"1";"44";"44184";"2";"1";"1";"6";"ALBERT I (BOULEVARD) DU 01 AU 10";"47,2650000";" -2,2250000"
"201900009281";"27";"11";"2019";"17:05";"2";"44";"44184";"2";"1";"2";"6";"RD 492 DU RP EINSTEIN AU RP SARRELOUIS";"47,2659700";" -2,2559500"
"201900009282";"2";"12";"2019";"09:29";"1";"44";"44162";"1";"1";"1";"4";"PERIPHERIQUE";"47,2004100";" -1,6188800"
"201900009283";"16";"12";"2019";"07:05";"5";"37";"37261";"2";"1";"2";"3";"RN 76 - Route de St Avertin";"47,3653316";"0,7128561"
"201900009284";"2";"12";"2019";"11:50";"1";"37";"37261";"2";"1";"1";"6";"CHOPIN (RUE)";"47,4124900";"0,7018700"
"201900009285";"1";"12";"2019";"20:20";"5";"37";"37261";"2";"6";"1";"6";"MONOD (ROND-POINT JACQUES)";"47,3946308";"0,6952286"
"201900009286";"16";"12";"2019";"19:15";"5";"35";"35238";"2";"3";"3";"6";"GERARD (MICHEL)";"48,0893800";" -1,6422500"
"201900009287";"16";"12";"2019";"14:04";"1";"35";"35238";"2";"9";"2";"6";"MOINE (LOUIS ET RENE)";"48,0920110";" -1,6819870"
"201900009288";"16";"12";"2019";"07:40";"5";"35";"35238";"2";"6";"2";"6";"POINCARE (BD RAYMOND)";"48,1213000";" -1,6543900"
"201900009289";"3";"12";"2019";"17:55";"5";"35";"35238";"2";"3";"1";"3";"MITTERAND (MAIL FRANCOIS)";"48,1091000";" -1,6907000"
"201900009290";"3";"12";"2019";"08:20";"2";"35";"35189";"1";"1";"1";"3";"RN136";"48,1485600";" -1,6993700"
"201900009291";"3";"12";"2019";"08:10";"2";"35";"35238";"2";"1";"8";"6";"MOTTE BRULON (DE LA)";"48,1267500";" -1,6698900"
"201900009292";"2";"12";"2019";"08:45";"1";"35";"35278";"2";"1";"1";"2";"OUESSANT (RUE D')";"48,1573800";" -1,6883500"
"201900009293";"15";"11";"2019";"19:40";"5";"33";"33063";"2";"1";"1";"1";"RUE AMEDEE SAINT-GERMAIN";"44,8176200";" -0,5642600"
"201900009294";"15";"12";"2019";"18:50";"3";"31";"31555";"2";"1";"1";"3";"RUE MONTMORENCY";"43,6131000";"1,4289000"
"201900009295";"13";"12";"2019";"18:55";"3";"31";"31555";"2";"1";"3";"6";"RUE DU FAUBOURG BONNEFOY";"43,6177300";"1,4551700"
"201900009296";"13";"12";"2019";"08:05";"1";"31";"31555";"2";"1";"3";"2";"RUE LOUIS PLANA";"43,6192000";"1,4695500"
"201900009297";"13";"12";"2019";"08:00";"2";"31";"31555";"2";"1";"3";"6";"RUE OLYMPE DE GOUGES ";"43,6422300";"1,4465100"
"201900009298";"2";"12";"2019";"17:30";"3";"31";"31555";"2";"1";"1";"3";"SAINT MICHEL (GRANDE RUE) DU 2AU 175";"43,5872200";"1,4467700"
"201900009299";"2";"12";"2019";"14:49";"1";"31";"31555";"2";"2";"1";"3";"VERDIER (ALL FORAIN FRANCOIS) DU 3AU 29";"43,6003300";"1,4522350"
"201900009300";"1";"12";"2019";"13:00";"1";"31";"31555";"1";"1";"1";"3";"ECHANGEUR SESQUIERES (A62-A620)";"43,6481700";"1,4231300"
"201900009301";"29";"11";"2019";"20:05";"5";"31";"31555";"2";"1";"1";"3";"RTE DE REVEL";"43,5750200";"1,4895300"
"201900009302";"2";"12";"2019";"08:00";"5";"29";"29232";"2";"1";"1";"6";"BLUM  LEON RUE";"47,9880000";" -4,0863100"
"201900009303";"1";"12";"2019";"06:40";"3";"29";"29232";"1";"1";"1";"6";"CNO";"48,0151820";" -4,1188135"
"201900009304";"13";"11";"2019";"14:30";"1";"28";"28220";"2";"1";"1";"6";"LIBERTE (RUE DE LA)";"48,4271600";"1,4710600"
"201900009305";"3";"12";"2019";"14:25";"1";"26";"26198";"2";"1";"7";"6";"JAURES (Avenue Jean)";"44,5500200";"4,7471700"
"201900009306";"2";"12";"2019";"23:38";"5";"25";"25056";"2";"9";"1";"6";"PIEMONT RUE DU";"47,2218500";"5,9638200"
"201900009307";"30";"11";"2019";"12:10";"1";"25";"25056";"2";"2";"7";"6";"CHASNOT RUE DU";"47,2544000";"6,0280500"
"201900009308";"13";"12";"2019";"12:45";"1";"19";"19031";"2";"6";"2";"3";"RIVET (AVENUE JEAN CHARLES)";"45,1483600";"1,4897000"
"201900009309";"30";"11";"2019";"21:00";"3";"16";"16102";"2";"1";"3";"7";"rue de BOUTIERS";"45,7011400";" -0,3324200"
"201900009310";"16";"12";"2019";"16:30";"1";"14";"14118";"2";"1";"1";"3";"NOVEMBRE (RUE DU 11)";"49,1780300";" -0,3580000"
"201900009311";"2";"12";"2019";"08:36";"2";"14";"14118";"2";"1";"1";"6";"LONG BOUET (RUE DU)";"49,1956300";" -0,3391800"
"201900009312";"3";"12";"2019";"16:15";"1";"13";"13071";"1";"1";"1";"3";"D 6";"43,4111640";"5,3298840"
"201900009313";"14";"12";"2019";"15:55";"1";"13";"13056";"2";"1";"1";"4";"CD 5 (Route d'Istres)";"43,4304000";"5,0469000"
"201900009314";"30";"11";"2019";"10:47";"1";"13";"13077";"2";"1";"1";"6";"SALENGRO ROGER (avenue)";"43,4070700";"4,9862200"
"201900009315";"16";"12";"2019";"21:50";"4";"13";"13208";"2";"3";"1";"3";"MAZARGUES (AVENUE DE)";"43,2572600";"5,3941300"
"201900009316";"16";"12";"2019";"12:05";"1";"13";"13215";"2";"1";"1";"3";"LYON (RUE DE)";"43,3424370";"5,3597680"
"201900009317";"13";"6";"2019";"18:50";"1";"13";"13216";"2";"9";"1";"3";"ESTAQUE PLAGE";"43,3597200";"5,3164000"
"201900009318";"2";"12";"2019";"18:00";"5";"13";"13209";"2";"3";"1";"3";"MAZARGUES (AVENUE DE)";"43,2592620";"5,3941490"
"201900009319";"2";"12";"2019";"17:30";"5";"13";"13212";"2";"1";"1";"6";"EDOUARD ESTAUNIE (SQUARE)";"43,3203220";"5,4319690"
"201900009320";"27";"11";"2019";"14:30";"1";"13";"13212";"2";"1";"1";"3";"24 AVRIL 15 (AVENUE DU)";"43,3081000";"5,4353000"
"201900009321";"16";"12";"2019";"15:30";"1";"13";"13005";"1";"3";"1";"3";"DOUARD (AVENUE DU)";"43,2864300";"5,5955000"
"201900009322";"29";"11";"2019";"17:50";"5";"11";"11262";"2";"1";"1";"4";"RD 6009 NARBONNE - PERPIGNAN";"43,1771000";"2,9943400"
"201900009323";"30";"11";"2019";"11:00";"1";"11";"11262";"2";"1";"1";"6";"RD 6009 NARBONNE - PERPIGNAN";"43,1451800";"2,9759000"
"201900009324";"29";"11";"2019";"08:00";"1";"11";"11262";"2";"1";"1";"2";"RD 6009 NARBONNE - PERPIGNAN";"43,1572000";"2,9816600"
"201900009325";"16";"12";"2019";"18:44";"5";"10";"10333";"2";"1";"1";"6";"AUXERRE (ROUTE)";"48,2734600";"4,0568400"
"201900009326";"15";"12";"2019";"16:05";"1";"7";"07070";"1";"1";"1";"7";"PEYROUSSES (CH. DE)";"44,9605000";"4,8520900"
"201900009327";"3";"12";"2019";"17:15";"2";"6";"06069";"2";"1";"1";"2";"DRAGUIGNAN (ROUTE DE) - D2562-";"43,6439650";"6,9029010"
"201900009328";"2";"12";"2019";"18:00";"5";"6";"06069";"2";"3";"1";"3";"CHENES (CHEMIN DES)";"43,6408320";"6,9171780"
"201900009329";"15";"12";"2019";"13:25";"1";"5";"05061";"2";"1";"1";"7";"EMBRUN ( AVENUE D')";"44,5684600";"6,0996800"
"201900009330";"16";"12";"2019";"19:45";"5";"3";"03098";"2";"3";"1";"3";"avenue du 4 septembre";"46,3552304";"2,6150577"
"201900009331";"2";"12";"2019";"17:53";"3";"1";"01289";"1";"1";"1";"2";"LENT ( ROUTE DE )";"46,1748530";"5,2321838"
"201900009332";"21";"12";"2019";"02:20";"5";"75";"75116";"2";"1";"1";"7";"BD PERIPHERIQUE INTERIEUR";"48,8563061";"2,2575113"
"201900009333";"10";"12";"2019";"18:30";"5";"74";"74268";"2";"3";"1";"3";"21 Boulevard de Costa de Beauregard";"45,8822340";"6,0997880"
"201900009334";"19";"4";"2019";"14:45";"1";"92";"92004";"2";"1";"1";"3";"ARGENTEUIL AV D'";"48,9159234";"2,2824991"
"201900009335";"21";"12";"2019";"23:30";"5";"75";"75119";"2";"1";"2";"7";"QUAI DE LA LOIRE";"48,8874390";"2,3790280"
"201900009336";"31";"12";"2019";"20:30";"5";"93";"93031";"2";"3";"1";"3";"GEORGES PICOT (RUE)";"48,9488100";"2,3404200"
"201900009337";"7";"12";"2019";"19:25";"5";"37";"37208";"1";"1";"1";"6";"A10";"47,3731180";"0,7153150"
"201900009338";"23";"12";"2019";"17:40";"2";"18";"18016";"1";"1";"1";"1";"D46";"47,2097678";"2,5863720"
"201900009339";"28";"11";"2019";"18:00";"3";"37";"37273";"2";"2";"8";"3";"Avenue Jeanne d'Arc";"47,3952050";"0,7727950"
"201900009340";"22";"3";"2019";"17:00";"1";"84";"84080";"1";"1";"1";"6";"BEAULIEU ALLEE DE";"44,0189300";"4,9666200"
"201900009341";"7";"12";"2019";"16:50";"1";"91";"91521";"2";"1";"1";"6";"PROVENCE (RUE DE)";"48,6472900";"2,4175700"
"201900009342";"18";"12";"2019";"07:45";"5";"78";"78126";"2";"1";"1";"3";"MOULIN JEAN (AVENUE)";"48,8548100";"2,1377150"
"201900009343";"11";"12";"2019";"15:40";"1";"73";"73008";"2";"3";"2";"6";"Rue du casino / Av des fleurs";"45,6894487";"5,9134575"
"201900009344";"30";"12";"2019";"16:40";"1";"64";"64260";"2";"1";"1";"3";"BEHOBIE (RUE DE)";"43,3495900";" -1,7775400"
"201900009345";"13";"12";"2019";"16:30";"1";"63";"63063";"2";"1";"1";"6";"PERCHES (COURS DES)";"45,8307842";"3,0983502"
"201900009346";"4";"12";"2019";"18:30";"5";"62";"62895";"2";"2";"1";"3";"BASLY (R EMILE)";"50,4060000";"2,8500000"
"201900009347";"20";"12";"2019";"07:15";"5";"62";"62033";"2";"2";"3";"6";"BROSSOLETTE (R PIERRE)";"50,4635800";"2,8800200"
"201900009348";"2";"12";"2019";"12:55";"1";"44";"44184";"2";"2";"1";"3";" RUE DU CDT GÂTÉ / BD MERMOZ";"47,2770080";" -2,2275080"
"201900009349";"2";"12";"2019";"11:15";"1";"29";"29019";"2";"2";"1";"3";"RAVEL MAURICE";"48,4125024";" -4,4911478"
"201900009350";"22";"12";"2019";"20:05";"5";"94";"94002";"2";"1";"1";"6";"BLANQUI (QU)";"48,8046300";"2,4117200"
"201900009351";"17";"12";"2019";"09:25";"1";"92";"92044";"2";"1";"2";"3";"P.V.COUTURIER(RUE)1A39 ET2A26";"48,8936352";"2,2774922"
"201900009352";"14";"2";"2019";"20:30";"2";"33";"33243";"2";"1";"1";"2";"Avenue de la Roudet";"44,9333500";" -0,2416600"
"201900009353";"24";"12";"2019";"23:30";"5";"1";"01263";"1";"6";"1";"6";"D933 - PK54+500";"46,0871716";"4,7683045"
"201900009354";"14";"12";"2019";"11:15";"1";"45";"45130";"2";"1";"1";"3";"Rue Francis Carret";"47,7953237";"1,7113202"
"201900009355";"10";"12";"2019";"17:25";"2";"978";"97801";"1";"1";"1";"5";"RN7";"18,0512370";" -63,0860360"
"201900009356";"18";"12";"2019";"18:45";"5";"6";"06128";"1";"1";"1";"5";"Chemin des Blaquieres";"43,6844330";"7,1294370"
"201900009357";"29";"12";"2019";"17:50";"5";"73";"73054";"2";"1";"1";"6";"D220 Route d'Hauteville";"45,6103453";"6,7644525"
"201900009358";"29";"11";"2019";"17:29";"2";"44";"44215";"2";"1";"1";"3";"Rue de la Maladrie";"47,1843680";" -1,4859950"
"201900009359";"29";"12";"2019";"04:15";"3";"27";"27097";"1";"6";"1";"7";"D313";"49,2063180";"1,3854560"
"201900009360";"16";"12";"2019";"01:54";"5";"2B";"2B033";"2";"6";"1";"6";"11 - RT";"42,6592249";"9,4418961"
"201900009361";"30";"11";"2019";"01:10";"5";"84";"84031";"2";"1";"1";"6";"SAINT ROCH AVENUE";"44,0842400";"5,0705800"
"201900009362";"21";"12";"2019";"14:26";"1";"84";"84031";"2";"1";"1";"3";"ROGIER BOULEVARD ALFRED";"44,0568159";"5,0510199"
"201900009363";"3";"9";"2019";"10:00";"1";"83";"83061";"2";"1";"1";"3";"AVENUE DE LA CORNICHE D'AZUR";"43,2305780";"6,4323582"
"201900009364";"21";"12";"2019";"18:45";"5";"59";"59178";"2";"1";"2";"1";"TOURNAI (ROUTE DE)";"50,4019900";"3,1197200"
"201900009365";"21";"12";"2019";"11:45";"1";"7";"07102";"2";"1";"1";"7";"STE EULALIE (PLACE)";"44,9313600";"4,8565400"
"201900009366";"19";"12";"2019";"10:50";"1";"75";"75119";"2";"1";"2";"3";"RUE DES BOIS";"48,8786010";"2,4005450"
"201900009367";"19";"10";"2019";"15:35";"1";"84";"84031";"2";"3";"1";"1";"PASTEUR BOULEVARD";"44,0457600";"5,0463600"
"201900009368";"1";"12";"2019";"20:25";"5";"974";"97409";"1";"2";"1";"3";"LETCHIS(RUE)";" -20,9728800";"55,6568100"
"201900009369";"28";"12";"2019";"02:50";"5";"974";"97407";"2";"1";"1";"7";"ROUEN(RUE)";" -20,9382600";"55,2946100"
"201900009370";"24";"11";"2019";"04:45";"5";"89";"89342";"1";"1";"1";"1";"D606";"48,2484689";"3,2487720"
"201900009371";"15";"12";"2019";"18:50";"5";"89";"89236";"2";"1";"2";"6";"RUE DU CHATEAU";"48,1753500";"3,3125800"
"201900009372";"31";"12";"2019";"15:15";"1";"69";"69096";"2";"2";"1";"4";"LIBERTE (DE LA) (AV)";"45,6099500";"4,7837200"
"201900009373";"2";"12";"2019";"20:53";"5";"64";"64445";"2";"2";"2";"6";"ALSACE LORRAINE D'";"43,3044900";" -0,3681900"
"201900009374";"24";"12";"2019";"15:55";"1";"62";"62724";"2";"1";"2";"1";"CD 46";"50,4060312";"2,9144079"
"201900009375";"24";"11";"2019";"01:10";"5";"62";"62133";"2";"3";"1";"3";"BARBUSSE (R HENRI )";"50,4122900";"2,9117800"
"201900009376";"1";"12";"2019";"12:05";"1";"57";"57508";"2";"1";"2";"6";"MOSELLE (RUE DE LA)";"49,3434000";"6,0446500"
"201900009377";"8";"12";"2019";"04:32";"3";"57";"57591";"1";"1";"1";"5";"CD181";"49,2396900";"6,1032700"
"201900009378";"21";"12";"2019";"15:41";"2";"54";"54483";"2";"1";"1";"7";"RD71";"48,6282740";"6,2964180"
"201900009379";"30";"12";"2019";"17:10";"1";"33";"33063";"2";"1";"1";"3";"QUAI DE BRAZZA";"44,8578500";" -0,5463500"
"201900009380";"19";"12";"2019";"07:50";"5";"30";"30007";"2";"1";"1";"7";"BOISSIER DE SAUVAGE (quai)";"44,1271800";"4,0769900"
"201900009381";"24";"12";"2019";"17:00";"5";"2";"02408";"2";"1";"2";"6";"CHRIST (RUE FERNAND)";"49,5700800";"3,6071200"
"201900009382";"31";"12";"2019";"13:00";"1";"92";"92078";"2";"1";"1";"2";"HAUT DE LA NOUE (RUE)";"48,9331300";"2,3268000"
"201900009383";"22";"12";"2019";"17:40";"3";"85";"85097";"1";"1";"3";"3";"autoroute A.87";"46,9285100";" -1,0167600"
"201900009384";"15";"12";"2019";"02:50";"5";"987";"98715";"2";"6";"1";"3";"PK 2 rond point météo france";" -17,5461110";" -149,5832230"