"Num_Acc";"jour";"mois";"an";"hrmn";"lum";"dep";"com";"agg";"int";"atm";"col";"adr";"lat";"long"
"201900009385";"31";"12";"2019";"08:52";"1";"94";"94021";"1";"1";"1";"3";"AUTOROUTE A6B";"48,7607600";"2,3393500"
"201900009386";"12";"9";"2019";"17:25";"1";"42";"42218";"2";"1";"1";"6";"rue du monteil";"45,4495730";"4,4055000"
"201900009387";"8";"2";"2019";"08:20";"1";"73";"73008";"2";"1";"2";"6";"16 rue de la Chaudanne";"45,6907633";"5,9138739"
"201900009388";"12";"9";"2019";"12:00";"1";"84";"84031";"1";"1";"1";"5";"SAINT GENS CHEMIN DE";"44,0319800";"5,0457400"
"201900009389";"16";"8";"2019";"18:00";"1";"84";"84031";"2";"9";"1";"6";"MISTRAL AVENUE FREDERIC";"44,0508800";"5,0414800"
"201900009390";"16";"9";"2019";"10:10";"1";"84";"84031";"1";"1";"1";"1";"EUROPE AVENUE DE L'";"44,0599818";"5,0411296"
"201900009391";"14";"8";"2019";"20:50";"5";"84";"84031";"2";"1";"1";"1";"MISTRAL AVENUE FREDERIC";"44,0501620";"5,0392167"
"201900009392";"27";"8";"2019";"16:25";"1";"84";"84031";"2";"3";"1";"6";"MONT VENTOUX AVENUE DU";"44,0558840";"5,0536373"
"201900009393";"5";"4";"2019";"08:20";"1";"74";"74172";"2";"3";"1";"3";"PETITE-RIVE (ROUTE DE)";"46,4054060";"6,6369180"
"201900009394";"27";"9";"2019";"14:25";"1";"92";"92004";"2";"1";"1";"3";"PONT D'ASNIERES";"48,9041500";"2,2887900"
"201900009395";"30";"12";"2019";"12:50";"1";"84";"84007";"2";"1";"1";"2";"C.De GAULLE (Rocade)";"43,9283400";"4,8091100"
"201900009396";"5";"12";"2019";"08:05";"2";"62";"62628";"2";"6";"5";"6";"Départementale 262";"50,4294610";"2,8663963"
"201900009397";"18";"12";"2019";"20:35";"5";"59";"59512";"2";"2";"8";"3";"NATIONS UNIES (AVENUE DES)";"50,6971200";"3,1658500"
"201900009398";"3";"12";"2019";"18:30";"3";"59";"59646";"2";"1";"1";"6";"TRIEZ (RUE DU)";"50,6851537";"3,1297302"
"201900009399";"23";"12";"2019";"17:40";"5";"54";"54280";"2";"1";"3";"7";"FRANCHEPRE (RUE DE)";"49,2248680";"6,0142640"
"201900009400";"22";"12";"2019";"15:50";"1";"33";"33069";"2";"1";"2";"3";"AVE PRESIDENT ROBERT SCHUMAN";"44,8578600";" -0,5961500"
"201900009401";"20";"12";"2019";"08:10";"2";"33";"33069";"2";"2";"2";"6";"AV.VICTOR HUGO";"44,8639000";" -0,5904800"
"201900009402";"16";"12";"2019";"18:05";"2";"33";"33281";"2";"1";"1";"6";"AVE DE SAINT-MEDARD - Vélo traverse des n°pairs vers n°impairs sur passage piéton";"44,8625300";" -0,6476000"
"201900009403";"6";"12";"2019";"08:00";"2";"33";"33069";"2";"2";"1";"6";"AVE DE TIVOLI";"44,8572700";" -0,5912300"
"201900009404";"5";"12";"2019";"08:20";"5";"33";"33522";"2";"2";"1";"6";"AVE DE THOUARS";"44,7973800";" -0,5921600"
"201900009405";"26";"12";"2019";"06:25";"5";"29";"29019";"2";"6";"1";"6";"ACCES AU PORT  (RAMPE D')";"48,3829261";" -4,4877340"
"201900009406";"25";"12";"2019";"18:00";"2";"24";"24322";"1";"2";"1";"6";"JARDINIERS ( RUE DES)";"45,1855200";"0,7340800"
"201900009407";"19";"12";"2019";"19:40";"3";"24";"24037";"1";"1";"1";"1";"RN 21";"44,8414000";"0,5341000"
"201900009408";"22";"12";"2019";"17:55";"5";"75";"75106";"2";"1";"1";"6";"PLACE SAINT SULPICE";"48,8515270";"2,3378290"
"201900009409";"16";"12";"2019";"16:30";"1";"41";"41094";"1";"2";"2";"3";"Rue du Bois de Mont";"47,4261930";"1,4214220"
"201900009410";"22";"12";"2019";"22:15";"3";"64";"64483";"1";"1";"6";"7";"A 63 - pk 190+100 - sens Espagne / France";"43,4130966";" -1,6143181"
"201900009411";"5";"12";"2019";"05:00";"1";"988";"98802";"1";"1";"1";"6";"R.T.1";" -21,9196250";"166,1261580"
"201900009412";"17";"11";"2019";"09:45";"1";"988";"98802";"1";"1";"1";"7";"R.T.1";" -21,8453400";"165,9184700"
"201900009413";"3";"11";"2019";"05:00";"1";"988";"98802";"1";"1";"1";"1";"R.T.1";" -21,8585230";"166,0259660"
"201900009414";"8";"12";"2019";"14:30";"1";"13";"13119";"2";"1";"1";"4";"avenue du mail";"43,2548830";"5,5634680"
"201900009415";"20";"12";"2019";"20:15";"5";"33";"33019";"2";"3";"2";"1";"39 Allée Ernest de Boissière";"44,6848360";" -1,0171020"
"201900009416";"26";"10";"2019";"11:20";"1";"2";"02296";"1";"2";"1";"1";"D32";"49,8180840";"3,1643170"
"201900009417";"3";"12";"2019";"17:00";"2";"1";"01354";"1";"1";"1";"5";"D884";"46,2385450";"6,0319980"
"201900009418";"30";"11";"2019";"16:30";"1";"1";"01360";"1";"4";"1";"3";"D984";"46,2145420";"5,9712990"
"201900009419";"13";"12";"2019";"07:24";"2";"63";"63368";"1";"1";"1";"1";"D14";"45,6979220";"3,3365050"
"201900009420";"23";"12";"2019";"11:35";"1";"82";"82052";"1";"1";"2";"2";"A62";"43,9987070";"1,2272960"
"201900009421";"31";"12";"2019";"18:05";"3";"74";"74094";"1";"1";"5";"6";"Route de Thonon";"46,1864560";"6,2974030"
"201900009422";"18";"10";"2019";"09:35";"1";"85";"85279";"1";"1";"1";"3";"D6";"46,7963000";" -1,4088600"
"201900009423";"19";"10";"2019";"14:32";"5";"94";"94034";"1";"1";"3";"2";"AUTOROUTE A86";"48,7584000";"2,3258000"
"201900009424";"19";"12";"2019";"19:50";"5";"69";"69389";"2";"1";"1";"6";"ANDREI SAKHAROV                     (AV)";"45,7878300";"4,7995800"
"201900009425";"19";"12";"2019";"18:30";"5";"69";"69264";"2";"1";"6";"6";"PASQUIER PIERRE  BD";"45,9884300";"4,7316300"
"201900009426";"31";"12";"2019";"21:00";"5";"29";"29019";"2";"1";"2";"6";"FOCH MARECHAL";"48,3948000";" -4,4882400"
"201900009427";"31";"12";"2019";"17:00";"2";"94";"94067";"2";"3";"1";"6";"GENERAL DE GAULLE (AV DU)";"48,8444450";"2,4175870"
"201900009428";"24";"11";"2019";"17:20";"3";"7";"07264";"1";"1";"8";"6";"Chemin de Pontbrillant";"44,3372992";"4,6419958"
"201900009429";"2";"5";"2019";"17:45";"1";"59";"59014";"2";"3";"2";"3";"LAURENT (COUR) - 289 AV A FRANCE";"50,3777129";"3,4968116"
"201900009430";"26";"11";"2019";"08:30";"1";"972";"97209";"2";"1";"1";"1";"MOUTTE (ROUTE DE)";"14,6187500";" -61,0559100"
"201900009431";"31";"12";"2019";"23:00";"5";"95";"95018";"2";"3";"1";"3";"BELIN (RUE AG)";"48,9470840";"2,2468204"
"201900009432";"13";"12";"2019";"17:30";"5";"89";"89387";"2";"1";"1";"6";"VERDUN (5 BOULEVARD DE)";"48,2048500";"3,2861600"
"201900009433";"28";"11";"2019";"19:00";"3";"30";"30351";"1";"1";"1";"3";"MISTRAL BOULEVARD FREDERIC";"43,9822777";"4,8052257"
"201900009434";"9";"11";"2019";"18:00";"2";"84";"84007";"2";"9";"1";"3";"MISTRAL7  (Parking C.Commercial)";"43,9201900";"4,8657400"
"201900009435";"9";"11";"2019";"19:40";"5";"77";"77404";"2";"3";"1";"3";"D403 X RUE J. GRIVEAU";"48,5291300";"3,2538700"
"201900009436";"22";"12";"2019";"17:50";"5";"59";"59017";"2";"3";"1";"5";"BLUM  (AVENUE LEON)";"50,6941300";"2,8873200"
"201900009437";"30";"12";"2019";"18:10";"5";"57";"57672";"2";"1";"1";"6";"CASTELNAU (RUE DE)";"49,3522000";"6,1602600"
"201900009438";"28";"12";"2019";"17:45";"5";"53";"53201";"2";"6";"1";"6";"PARIS ( AVENUE DE )";"48,0689080";" -0,8080060"
"201900009439";"27";"12";"2019";"11:10";"1";"33";"33281";"2";"1";"7";"6";"AVE PIERRE MENDES FRANCE";"44,8202800";" -0,6348600"
"201900009440";"18";"10";"2019";"07:00";"1";"33";"33281";"1";"2";"1";"3";"AVE MARCEL DASSAULT";"44,8457500";" -0,7252900"
"201900009441";"28";"12";"2019";"18:10";"5";"11";"11069";"2";"1";"1";"7";"MARECHAL FOCH -AVENUE-";"43,2171871";"2,3519885"
"201900009442";"23";"11";"2019";"23:00";"3";"11";"11069";"2";"1";"3";"7";"MINERVOISE -ROUTE-";"43,2179000";"2,3537000"
"201900009443";"2";"12";"2019";"13:44";"1";"11";"11069";"2";"1";"1";"6";"MUSSET ALFRED-DE -ET IMPASSE-";"43,2224067";"2,3451863"
"201900009444";"2";"12";"2019";"23:20";"5";"93";"93008";"2";"3";"2";"3";"VALLES (RUE JULES)";"48,9100000";"2,4700000"
"201900009445";"1";"12";"2019";"19:00";"3";"987";"98745";"1";"9";"1";"7";"route de Patio";" -16,6308330";" -151,5040280"
"201900009446";"29";"12";"2019";"19:50";"5";"973";"97305";"1";"3";"1";"3";"Village Kamuyneh";"4,9898540";" -52,4489480"
"201900009447";"31";"12";"2019";"15:00";"1";"13";"13022";"2";"3";"1";"2";"Chemin du Plan d'Olive";"43,2349310";"5,5516900"
"201900009448";"20";"12";"2019";"17:45";"2";"13";"13071";"1";"1";"1";"4";"A7-Sens Marseille vers Lyon";"43,4123900";"5,2821000"
"201900009449";"23";"12";"2019";"14:00";"1";"1";"01043";"1";"1";"2";"7";"A432N 9.900 A 11.118";"45,8444300";"5,0154140"
"201900009450";"31";"12";"2019";"20:15";"3";"93";"93078";"1";"1";"8";"5";"AUTOROUTE A104";"48,9592100";"2,5361100"
"201900009451";"31";"12";"2019";"16:20";"1";"79";"79191";"2";"2";"8";"7";"Boulevard de l'Atlantique";"46,3162160";" -0,4768600"
"201900009452";"18";"12";"2019";"15:45";"1";"76";"76351";"2";"3";"1";"7";"ARISTIDE BRIAND";"49,5002300";"0,1348000"
"201900009453";"31";"12";"2019";"17:30";"5";"71";"71270";"2";"1";"5";"2";"LYON (ROUTE DE)";"46,2882500";"4,8108900"
"201900009454";"31";"12";"2019";"10:08";"1";"36";"36044";"2";"1";"1";"6";"10 RUE HENRI DUNANT";"46,8060250";"1,7138316"
"201900009455";"25";"12";"2019";"17:36";"1";"36";"36044";"2";"1";"1";"6";"RUE HENRI DUNANT";"46,8060250";"1,7138316"
"201900009456";"26";"12";"2019";"09:00";"1";"34";"34301";"2";"1";"1";"3";"EAUX BLANCHES (ZONE INDUSTRIELLE DES)";"43,4194000";"3,7133100"
"201900009457";"30";"12";"2019";"13:05";"1";"27";"27306";"2";"9";"1";"3";"CONCORDE (RUE)";"49,0103230";"1,1772720"
"201900009458";"30";"12";"2019";"14:45";"1";"22";"22113";"2";"1";"1";"7";"CORDIERS (RUE DES)";"48,7303744";" -3,4491938"
"201900009459";"20";"12";"2019";"23:34";"5";"75";"75116";"2";"1";"1";"4";"BD PERIPHERIQUE INTERIEUR";"48,8681400";"2,2700000"
"201900009460";"31";"12";"2019";"05:43";"5";"75";"75110";"2";"3";"1";"6";"RUE DU FAUBOURG SAINT MARTIN";"48,8792390";"2,3628810"
"201900009461";"24";"12";"2019";"20:20";"5";"94";"94081";"2";"3";"1";"3";"GROUPE MANOUCHIAN (AV DU)";"48,7881000";"2,4064000"
"201900009462";"31";"12";"2019";"23:15";"5";"94";"94081";"2";"3";"1";"3";"YOURI GAGARINE (AV)";"48,7861090";"2,3918740"
"201900009463";"31";"12";"2019";"08:20";"1";"93";"93074";"2";"1";"7";"6";"Route Nationale 3";"48,9336000";"2,5865600"
"201900009464";"3";"12";"2019";"07:05";"5";"81";"81311";"1";"6";"5";"6";"D612 - LABOURIOUNE";"43,7337940";"2,1864130"
"201900009465";"4";"12";"2019";"15:34";"2";"38";"38205";"1";"1";"1";"1";"Route de la Croix Perrin";"45,1282570";"5,5773350"
"201900009466";"25";"8";"2019";"11:25";"1";"34";"34076";"1";"1";"1";"6";"A75";"43,6607260";"3,4412830"
"201900009467";"25";"8";"2019";"11:21";"1";"34";"34076";"1";"1";"1";"6";"A75";"43,6468780";"3,4494150"
"201900009468";"17";"9";"2019";"18:30";"1";"62";"62869";"1";"1";"1";"1";"rue de Dainville";"50,2461580";"2,7213490"
"201900009469";"17";"9";"2019";"13:10";"1";"91";"91534";"1";"1";"1";"1";"D36";"48,7292120";"2,1659860"
"201900009470";"17";"9";"2019";"17:10";"1";"77";"77218";"1";"3";"1";"2";"D411 X D59A";"48,4304048";"3,3165053"
"201900009471";"16";"9";"2019";"09:30";"1";"82";"82025";"1";"1";"1";"3";"chemin de pastenc";"43,9483650";"1,3233410"
"201900009472";"17";"9";"2019";"16:30";"1";"81";"81308";"1";"1";"1";"6";"le coustil";"44,0122350";"2,3595880"
"201900009473";"15";"9";"2019";"15:40";"1";"63";"63066";"1";"2";"1";"3";"Avenue des Acacias";"45,8642280";"3,6399650"
"201900009474";"15";"9";"2019";"18:30";"1";"49";"49347";"1";"2";"1";"3";"D68 lieu dit Champagne";"47,6263310";" -0,4509560"
"201900009475";"17";"9";"2019";"09:00";"1";"47";"47185";"1";"1";"1";"6";"le pont du dor ";"44,4508550";"0,9653110"
"201900009476";"17";"9";"2019";"17:05";"1";"2";"02339";"2";"1";"1";"7";"2 Rue de la Prairie";"49,0943220";"3,1815210"
"201900009477";"16";"9";"2019";"16:45";"1";"15";"15246";"2";"1";"1";"6";"Route Départementale 678";"45,2666980";"2,6030330"
"201900009478";"14";"9";"2019";"21:00";"3";"1";"01357";"1";"1";"1";"1";"LA VOUTE";"46,1691940";"5,7211480"
"201900009479";"15";"9";"2019";"19:30";"2";"54";"54561";"1";"1";"1";"7";"RD22";"48,4487010";"6,4536310"
"201900009480";"16";"9";"2019";"20:30";"3";"54";"54029";"1";"1";"1";"7";"Route de Serrouville";"49,3720660";"5,8954730"
"201900009481";"17";"9";"2019";"17:50";"1";"72";"72265";"1";"2";"1";"3";"D25";"48,2281430";"0,3436780"
"201900009482";"15";"9";"2019";"00:30";"3";"14";"14326";"1";"1";"1";"6";"Les Bruyères Morin";"49,1746700";"0,2759890"
"201900009483";"15";"9";"2019";"16:45";"1";"14";"14342";"1";"1";"1";"6";"Route du Hameau Fontaine";"49,3107480";" -1,0850800"
"201900009484";"17";"9";"2019";"15:30";"1";"50";"50486";"1";"1";"1";"7";"La Roquelle";"49,4078370";" -1,6246020"
"201900009485";"14";"9";"2019";"20:20";"3";"18";"18180";"1";"1";"1";"6";"Vauroux";"47,0179390";"2,4441420"
"201900009486";"16";"9";"2019";"13:30";"1";"36";"36088";"2";"2";"1";"3";"RUE FERDINAND DE LESSEPS/RUE BASSE ST DENIS";"46,9599830";"1,9884280"
"201900009487";"17";"9";"2019";"10:55";"1";"17";"17248";"1";"1";"7";"2";"RD 730";"45,5122901";" -0,7564175"
"201900009488";"16";"9";"2019";"16:15";"1";"88";"88487";"1";"1";"1";"1";"30 Route du Girmont";"47,9483340";"6,5265860"
"201900009489";"17";"9";"2019";"00:00";"5";"69";"69244";"2";"1";"1";"2";"Avenue Charles de Gaulle";"45,7577800";"4,7742300"
"201900009490";"16";"9";"2019";"09:10";"1";"78";"78466";"1";"3";"1";"1";"route de 40 sous";"48,9284980";"1,9812300"
"201900009491";"6";"9";"2019";"13:40";"1";"44";"44163";"1";"1";"1";"7";"autoroute A11 PK 302.000";"47,4282370";" -0,9170600"
"201900009492";"16";"9";"2019";"20:10";"3";"973";"97361";"1";"1";"1";"6";"CD 9 PK 23";"5,6484654";" -53,8648295"
"201900009493";"17";"9";"2019";"10:39";"1";"77";"77315";"2";"9";"1";"6";"D239-57 Avenue du Marechal Foch";"48,8936591";"2,8220620"
"201900009494";"16";"9";"2019";"23:40";"3";"2A";"2A288";"2";"1";"1";"7";"route du stade";"41,5454900";"9,1830380"
"201900009495";"17";"9";"2019";"20:15";"3";"84";"84138";"2";"1";"1";"6";"D 976";"44,3675250";"4,9780740"
"201900009496";"15";"9";"2019";"15:10";"1";"83";"83119";"2";"1";"1";"6";"Avenue Augustin Grangeon";"43,2687900";"6,6410020"
"201900009497";"16";"9";"2019";"15:35";"1";"88";"88398";"1";"1";"1";"7";"D420";"48,2736170";"6,8419250"
"201900009498";"17";"9";"2019";"11:30";"1";"57";"57206";"1";"1";"1";"1";"rue descartes";"49,2990490";"6,1086830"
"201900009499";"16";"9";"2019";"20:00";"3";"38";"38565";"1";"1";"1";"2";"Avenue de Juin 1940";"45,3024540";"5,6264950"
"201900009500";"17";"9";"2019";"20:35";"5";"26";"26084";"2";"6";"1";"3";"Avenue de Valence";"45,0151520";"4,9385910"
"201900009501";"10";"9";"2019";"12:35";"1";"69";"69074";"1";"2";"1";"3";"D19/D44";"46,0084100";"4,6368640"
"201900009502";"5";"8";"2019";"11:55";"1";"9";"09160";"2";"1";"1";"2";"37 Avenue Alsace Lorraine 09300";"42,9398690";"1,8540710"
"201900009503";"14";"9";"2019";"11:00";"1";"33";"33448";"1";"1";"1";"2";"D1113";"44,7219950";" -0,5259930"
"201900009504";"13";"9";"2019";"18:15";"1";"53";"53001";"1";"2";"1";"3";"la blinière";"48,0359620";" -0,8975870"
"201900009505";"31";"8";"2019";"17:15";"1";"22";"22246";"1";"3";"2";"3";"Jamet";"48,4749513";" -2,6053700"
"201900009506";"17";"9";"2019";"16:00";"1";"80";"80685";"1";"2";"1";"1";"D1017 / D1930";"49,7022230";"2,8084190"
"201900009507";"16";"9";"2019";"09:15";"1";"13";"13015";"1";"1";"1";"4";"A51-Sens Marseille vers Aix en Provence";"43,4899600";"5,4075900"
"201900009508";"7";"9";"2019";"06:00";"3";"62";"62498";"1";"1";"8";"6";"AUTOROUTE A21";"50,4337690";"2,8485060"
"201900009509";"5";"9";"2019";"07:45";"1";"59";"59278";"1";"1";"1";"7";"ROUTE NATIONALE 41";"50,6000000";"2,9400000"
"201900009510";"28";"8";"2019";"16:30";"1";"59";"59143";"1";"1";"1";"7";"AUTOROUTE A25";"50,6568441";"2,9043013"
"201900009511";"16";"9";"2019";"15:20";"1";"91";"91570";"1";"1";"1";"5";"RN 104";"48,6264000";"2,3089000"
"201900009512";"15";"9";"2019";"19:10";"1";"91";"91687";"1";"1";"1";"7";"AUTOROUTE A6";"48,6651100";"2,3634500"
"201900009513";"16";"9";"2019";"17:10";"1";"92";"92050";"1";"9";"1";"3";"A86";"48,9023306";"2,2039946"
"201900009514";"15";"9";"2019";"19:16";"1";"78";"78043";"1";"1";"1";"4";"A12 W";"48,8359120";"2,0883830"
"201900009515";"15";"9";"2019";"18:15";"1";"78";"78640";"1";"1";"1";"2";"A86 INT";"48,7773160";"2,2237320"
"201900009516";"15";"9";"2019";"16:14";"1";"78";"78640";"1";"1";"1";"4";"A86 EXT";"48,7779300";"2,2146100"
"201900009517";"16";"9";"2019";"07:30";"1";"94";"94046";"1";"1";"1";"2";"A86 EXT";"48,7990300";"2,4455500"
"201900009518";"15";"9";"2019";"21:10";"3";"77";"77449";"1";"1";"1";"3";"A4";"48,8332410";"2,7916320"
"201900009519";"15";"9";"2019";"09:50";"1";"976";"97611";"2";"1";"1";"2";"kaweni-Mangrove (route de la)";" -12,7759300";"45,2256900"
"201900009520";"15";"9";"2019";"14:00";"1";"69";"69388";"2";"2";"1";"1";"PAUL SANTY                          (AV)";"45,7264900";"4,8795600"
"201900009521";"15";"9";"2019";"04:08";"5";"69";"69383";"2";"2";"1";"3";"GARIBALDI                           (R )";"45,7620900";"4,8518400"
"201900009522";"11";"9";"2019";"01:05";"5";"69";"69387";"2";"1";"1";"6";"YVES FARGES                         (BD)";"45,7429400";"4,8338900"
"201900009523";"15";"9";"2019";"19:00";"5";"972";"97209";"1";"1";"3";"3";"CHATEAUBOEUF (ROUTE DE)";"14,6260000";" -61,0404100"
"201900009524";"15";"9";"2019";"17:10";"1";"69";"69389";"2";"1";"1";"5";"DUCHERE (DE LA)                     (BD)";"45,7769100";"4,7949500"
"201900009525";"14";"9";"2019";"15:05";"1";"69";"69286";"2";"1";"1";"6";"JULES MICHELET                      (R )";"45,8154500";"4,8907100"
"201900009526";"15";"9";"2019";"16:20";"1";"2A";"2A004";"1";"1";"1";"1";"ILES SANGUINAIRES ROUTE DES";"41,9064325";"8,6685862"
"201900009527";"15";"9";"2019";"01:30";"5";"95";"95268";"2";"3";"1";"2";"AV DE STALINGRAD";"48,9599646";"2,3992945"
"201900009528";"15";"9";"2019";"09:55";"1";"95";"95018";"2";"1";"1";"6";"ALLEMANE (BOULEVARD JEAN)";"48,9506119";"2,2536813"
"201900009529";"15";"9";"2019";"21:20";"5";"91";"91286";"2";"1";"1";"2";"ROUTE NATIONALE 7";"48,6658700";"2,3973500"
"201900009530";"14";"9";"2019";"20:15";"5";"90";"90010";"2";"1";"1";"1";"MICHELET (RUE)";"47,6352940";"6,8524180"
"201900009531";"13";"9";"2019";"15:10";"1";"83";"83009";"2";"9";"1";"6";"LIBERATION (BOULEVARD DE LA)";"43,1394340";"5,7672180"
"201900009532";"15";"9";"2019";"05:30";"5";"83";"83050";"2";"3";"1";"6";"FOCH(BOULEVARD DU MARECHAL)";"43,5392300";"6,4630500"
"201900009533";"13";"9";"2019";"19:55";"2";"81";"81244";"2";"2";"1";"3";"PARC (AVENUE DU)";"44,0475440";"2,1333200"
"201900009534";"15";"9";"2019";"10:50";"1";"77";"77258";"2";"1";"1";"7";"MAISON ROUGE (RUE DE LA)";"48,8336300";"2,6293800"
"201900009535";"15";"9";"2019";"22:50";"5";"77";"77152";"2";"1";"1";"6";"D376-THIBAULT(RUE DES FRERES)";"48,5308562";"2,6398784"
"201900009536";"14";"9";"2019";"22:10";"3";"77";"77438";"1";"1";"1";"2";"D934";"48,8668100";"2,6751900"
"201900009537";"15";"9";"2019";"11:45";"1";"64";"64545";"2";"1";"1";"3";"GARRATTIKI (IMPASSE)";"43,3750980";" -1,6786783"
"201900009538";"15";"9";"2019";"15:35";"1";"64";"64445";"2";"1";"1";"3";"MONTARDON DE";"43,3262800";" -0,3684300"
"201900009539";"15";"9";"2019";"08:57";"1";"64";"64348";"2";"6";"1";"3";"EUROPE DE L'";"43,3210100";" -0,3917600"
"201900009540";"15";"9";"2019";"01:45";"5";"64";"64041";"2";"1";"1";"7";"MATACHOT";"43,2813264";" -0,3344377"
"201900009541";"15";"9";"2019";"15:15";"1";"60";"60057";"2";"2";"1";"6";"MANDELA NELSON (AVENUE)";"49,4317662";"2,0699886"
"201900009542";"15";"9";"2019";"17:15";"1";"59";"59098";"1";"1";"1";"3";"LYS ( BOULEVARD DE LA )";"50,7552460";"3,0608640"
"201900009543";"15";"9";"2019";"06:10";"5";"59";"59378";"2";"2";"1";"6";"BONPAIN RUE DE L'ABBE";"50,6561200";"3,0900700"
"201900009544";"15";"9";"2019";"00:20";"5";"37";"37261";"2";"2";"1";"3";"RICHER (RUE FRANCOIS)";"47,3833948";"0,6661831"
"201900009545";"15";"9";"2019";"23:06";"5";"35";"35238";"2";"2";"1";"3";"JOFFRE ( DU MARECHAL)";"48,1093600";" -1,6777800"
"201900009546";"15";"9";"2019";"14:49";"1";"35";"35238";"2";"3";"7";"3";"FREVILLE (AVENUE HENRI)";"48,0837100";" -1,6751900"
"201900009547";"15";"9";"2019";"02:40";"3";"35";"35051";"1";"1";"1";"7";"PORTE DE LA RIGOURDIERE";"48,1149800";" -1,5699000"
"201900009548";"14";"9";"2019";"23:00";"5";"25";"25031";"2";"1";"1";"6";"JALESIE (RUE DE LA)";"47,4874200";"6,8427000"
"201900009549";"13";"9";"2019";"14:00";"1";"17";"17333";"1";"1";"1";"1";"RD 140";"45,6138400";" -0,9673400"
"201900009550";"15";"9";"2019";"15:20";"1";"14";"14333";"2";"1";"1";"4";"CD513";"49,4252900";"0,2271100"
"201900009551";"15";"9";"2019";"14:30";"1";"13";"13215";"2";"1";"1";"5";"VISTE (AVENUE DE LA)";"43,3542700";"5,3571600"
"201900009552";"15";"9";"2019";"08:45";"1";"13";"13207";"2";"3";"1";"1";"RAMPE SAINT MAURICE";"43,2894670";"5,3640480"
"201900009553";"15";"9";"2019";"06:03";"2";"13";"13214";"2";"1";"1";"6";"CAPITAINE GEZE (BOULEVARD)";"43,3302100";"5,3701500"
"201900009554";"14";"9";"2019";"20:53";"5";"13";"13202";"2";"2";"1";"3";"PARIS (BOULEVARD DE)";"43,3062000";"5,3722600"
"201900009555";"14";"9";"2019";"19:15";"1";"7";"07102";"2";"1";"1";"2";"MISTRAL (PONT FREDERIC)";"44,9328600";"4,8801800"
"201900009556";"15";"9";"2019";"15:30";"1";"6";"06029";"2";"3";"1";"3";"BORDE (AVENUE DE LA)";"43,5665270";"6,9647990"
"201900009557";"15";"9";"2019";"01:50";"5";"6";"06123";"2";"9";"1";"5";"BORD DE MER RN 98";"43,6568270";"7,1806130"
"201900009558";"14";"9";"2019";"17:00";"1";"6";"06123";"2";"6";"1";"3";"POMPIDOU GEORGES BOULEVARD";"43,6684070";"7,1952800"
"201900009559";"14";"9";"2019";"19:45";"1";"4";"04070";"1";"1";"1";"1";"RD 12";"44,0556043";"6,1720285"
"201900009560";"13";"9";"2019";"13:30";"1";"75";"75114";"2";"1";"1";"4";"BD PERIPHERIQUE EXTERIEUR";"48,8189755";"2,3303713"
"201900009561";"15";"9";"2019";"14:30";"1";"75";"75118";"2";"1";"1";"3";"RUE ORDENER";"48,8919584";"2,3474028"
"201900009562";"14";"9";"2019";"12:35";"1";"75";"75119";"2";"3";"1";"6";"AVENUE DE LA PORTE D AUBERVILLIERS";"48,8998452";"2,3702727"
"201900009563";"15";"9";"2019";"11:45";"1";"75";"75107";"2";"2";"1";"6";"RUE DU BAC";"48,8561610";"2,3259880"
"201900009564";"13";"9";"2019";"22:30";"5";"75";"75115";"2";"2";"1";"1";"RUE DE LA CROIX NIVERT";"48,8386040";"2,2894160"
"201900009565";"15";"9";"2019";"19:15";"1";"75";"75113";"2";"1";"1";"3";"BOULEVARD AUGUSTE BLANQUI";"48,8298000";"2,3511210"
"201900009566";"15";"9";"2019";"17:30";"1";"75";"75112";"2";"1";"7";"3";"BOULEVARD PONIATOWSKI";"48,8290016";"2,3894991"
"201900009567";"15";"9";"2019";"04:00";"5";"75";"75112";"2";"1";"1";"2";"QUAI DE LA RAPEE";"48,8442277";"2,3685501"
"201900009568";"15";"9";"2019";"05:55";"5";"75";"75108";"2";"2";"1";"3";"RUE LA BOETIE";"48,8739200";"2,3158940"
"201900009569";"15";"9";"2019";"16:20";"1";"75";"75102";"2";"4";"1";"6";"AVENUE DE L OPERA";"48,8677659";"2,3335560"
"201900009570";"15";"9";"2019";"06:39";"5";"75";"75102";"2";"2";"1";"6";"RUE GRENETA";"48,8653576";"2,3487162"
"201900009571";"14";"9";"2019";"15:05";"1";"94";"94074";"2";"6";"1";"2";"JULIEN DURANTON (avenue)";"48,7528000";"2,4544900"
"201900009572";"15";"9";"2019";"22:30";"5";"94";"94076";"2";"3";"1";"3";"JEAN JAURES (R)";"48,7908400";"2,3665600"
"201900009573";"15";"9";"2019";"03:00";"5";"94";"94076";"2";"1";"1";"6";"REPUBLIQUE (AV DE LA)";"48,7884900";"2,3641100"
"201900009574";"15";"9";"2019";"10:30";"1";"93";"93059";"2";"3";"1";"3";"LAENNEC (AVENUE)";"48,9621800";"2,3720100"
"201900009575";"14";"9";"2019";"19:15";"2";"93";"93049";"2";"2";"1";"3";"MARECHAL FOCH (AVENUE) PL J.MERMOZ->2 CO";"48,8625200";"2,5039800"
"201900009576";"14";"9";"2019";"16:45";"1";"93";"93031";"2";"2";"1";"6";"MARNE (AVENUE DE LA)";"48,9500000";"2,3200000"