"Num_Acc";"jour";"mois";"an";"hrmn";"lum";"dep";"com";"agg";"int";"atm";"col";"adr";"lat";"long"
"201900009577";"15";"9";"2019";"10:00";"1";"92";"92073";"2";"1";"1";"6";"DUCLAUX (RUE EMILE)";"48,8781400";"2,2361500"
"201900009578";"15";"9";"2019";"11:30";"1";"92";"92012";"2";"1";"1";"2";"QUATRE SEPTEMBRE (QUAI DU)";"48,8454619";"2,2267542"
"201900009579";"15";"9";"2019";"16:00";"1";"49";"49092";"1";"2";"1";"2";"La Jolinière (Cossé-d'Anjou)";"47,1762510";" -0,6777800"
"201900009580";"16";"9";"2019";"12:20";"1";"974";"97412";"2";"1";"1";"3";"36 Rue Marcel Pagnol";" -21,3788520";"55,6600720"
"201900009581";"15";"9";"2019";"14:15";"1";"972";"97221";"1";"1";"1";"6";"D8";"14,5092530";" -60,9581800"
"201900009582";"15";"9";"2019";"13:50";"1";"60";"60257";"2";"3";"1";"1";"Rue de Beauvais";"49,2557721";"1,9820058"
"201900009583";"15";"9";"2019";"19:15";"1";"46";"46070";"1";"1";"1";"1";"RD 149";"44,3484110";"1,4868140"
"201900009584";"15";"9";"2019";"19:00";"1";"74";"74019";"1";"1";"1";"7";"Route de l'Aiglière";"45,9376320";"6,1409220"
"201900009585";"16";"9";"2019";"08:30";"1";"38";"38368";"1";"4";"1";"1";"D 520";"45,3864800";"5,5266300"
"201900009586";"16";"9";"2019";"20:55";"3";"974";"97413";"1";"1";"1";"6";"Rn1";" -21,2154310";"55,2959160"
"201900009587";"15";"9";"2019";"17:30";"1";"62";"62184";"1";"2";"1";"1";"RD14";"50,2060600";"3,0405750"
"201900009588";"10";"9";"2019";"12:00";"1";"77";"77359";"2";"9";"1";"6";"1 Square des Sablons";"48,4813280";"2,5483840"
"201900009589";"16";"9";"2019";"08:15";"2";"51";"51370";"2";"3";"1";"5";"RUE BASSE";"49,1294817";"4,8883641"
"201900009590";"7";"9";"2019";"13:50";"1";"56";"56168";"1";"4";"1";"3";"Kerhellegant";"47,6101951";" -3,1250791"
"201900009591";"16";"9";"2019";"17:15";"1";"77";"77246";"1";"1";"1";"7";"D74, PK8+300";"48,5544300";"3,4064800"
"201900009592";"15";"9";"2019";"20:05";"2";"67";"67234";"1";"1";"1";"6";"Route départementale 1061";"48,9574050";"7,0559010"
"201900009593";"16";"9";"2019";"16:00";"1";"76";"76536";"1";"1";"1";"6";"229 Route de Darnétal";"49,4585800";"1,1656270"
"201900009594";"14";"7";"2019";"21:30";"5";"2A";"2A130";"2";"1";"1";"6";"D55 20128 GROSSETO-PRUGNA";"41,8861030";"8,7961230"
"201900009595";"9";"9";"2019";"20:40";"3";"2B";"2B150";"2";"3";"1";"3";"RT30";"42,5703940";"8,8306270"
"201900009596";"15";"9";"2019";"18:45";"2";"80";"80308";"2";"2";"7";"6";"RUE GAMBETTA";"50,0589330";"1,5974470"
"201900009597";"15";"9";"2019";"21:00";"5";"65";"65258";"2";"1";"1";"2";"rue des résistants";"43,1144020";"0,3840930"
"201900009598";"15";"9";"2019";"19:00";"1";"33";"33303";"1";"1";"1";"6";"Départementale 121";"44,8347100";" -0,2803900"
"201900009599";"15";"9";"2019";"19:00";"2";"71";"71463";"1";"1";"1";"6";"Le Montet";"46,2365870";"4,2604960"
"201900009600";"16";"9";"2019";"07:50";"1";"63";"63400";"1";"6";"1";"3";"RP D 906 D434";"46,0532425";"3,4513043"
"201900009601";"14";"9";"2019";"16:30";"1";"42";"42138";"1";"1";"1";"7";"La Ratte";"45,6469210";"4,3591320"
"201900009602";"14";"9";"2019";"18:10";"1";"46";"46128";"2";"1";"1";"3";"Place Clément BROUQUI";"44,7821520";"1,7306570"
"201900009603";"16";"9";"2019";"19:00";"1";"47";"47306";"1";"1";"1";"1";"La Bausse";"44,3755144";"0,4829935"
"201900009604";"14";"9";"2019";"17:40";"1";"47";"47142";"1";"1";"9";"1";"D111";"44,6383350";"0,4499260"
"201900009605";"16";"9";"2019";"06:30";"5";"47";"47051";"2";"6";"1";"6";"Siailles RD 813";"44,1811850";"0,6732790"
"201900009606";"16";"9";"2019";"09:44";"1";"29";"29045";"1";"1";"1";"1";"Le Roual";"48,4184140";" -4,2548950"
"201900009607";"9";"9";"2019";"20:45";"3";"39";"39197";"2";"1";"1";"1";"N/A";"46,5131190";"5,3934420"
"201900009608";"30";"8";"2019";"20:48";"2";"44";"44192";"2";"6";"1";"1";"Rue des Jardins de la Miraudais";"47,2564030";" -2,0110240"
"201900009609";"15";"9";"2019";"15:20";"1";"35";"35230";"1";"6";"1";"3";"La Maladrerie";"48,4626840";" -1,2673360"
"201900009610";"15";"9";"2019";"12:00";"1";"31";"31120";"1";"1";"1";"7";"RD 42";"43,6526380";"1,1497260"
"201900009611";"14";"9";"2019";"11:25";"1";"38";"38189";"2";"1";"1";"6";"Avenue de la République";"45,6301170";"5,0637610"
"201900009612";"15";"9";"2019";"18:30";"1";"3";"03220";"1";"1";"1";"7";"Chemin de la Gueunaune";"46,1280252";"3,1209932"
"201900009613";"16";"9";"2019";"08:20";"1";"15";"15156";"1";"1";"1";"5";"D920";"44,8169050";"2,4879280"
"201900009614";"15";"9";"2019";"13:20";"1";"1";"01152";"1";"1";"1";"7";"D13";"46,2383970";"5,7527280"
"201900009615";"15";"9";"2019";"09:50";"1";"26";"26063";"1";"1";"1";"3";"route d'eygaliers, RD 72";"44,2485760";"5,2635330"
"201900009616";"15";"9";"2019";"22:10";"5";"58";"58095";"2";"1";"1";"1";"50 Route de Moulins";"46,8259820";"3,4532450"
"201900009617";"15";"9";"2019";"18:00";"1";"90";"90006";"1";"1";"1";"1";"RD 12 - PK 18+900";"47,7419910";"6,7993520"
"201900009618";"15";"9";"2019";"15:00";"1";"90";"90065";"1";"1";"1";"6";"Route du Ballon d'Alsace";"47,7803930";"6,8339180"
"201900009619";"15";"9";"2019";"12:10";"1";"83";"83046";"1";"1";"1";"7";"RD13 - PK 22+700";"43,5341590";"6,1462760"
"201900009620";"15";"9";"2019";"19:05";"2";"60";"60509";"1";"6";"1";"6";"D200";"49,3242500";"2,6041530"
"201900009621";"16";"9";"2019";"12:30";"1";"64";"64495";"2";"1";"1";"6";"Rue Karrika";"43,3538560";" -1,5500950"
"201900009622";"12";"9";"2019";"19:00";"1";"18";"18247";"2";"1";"1";"3";"Route de bourges";"47,0444850";"2,5624600"
"201900009623";"16";"9";"2019";"16:45";"1";"10";"10175";"1";"1";"1";"6";"D35";"48,5135130";"4,3838130"
"201900009624";"16";"9";"2019";"13:09";"1";"21";"21251";"1";"1";"1";"1";"RD981 PK 22";"47,1920640";"4,5342960"
"201900009625";"8";"8";"2019";"19:30";"1";"24";"24455";"1";"1";"1";"2";"Lieu dit les Garennes Est 24600";"45,2131690";"0,3453190"
"201900009626";"15";"9";"2019";"16:30";"1";"4";"04035";"1";"1";"1";"7";"RD 8 Le Grand Logisson";"43,8920280";"6,0688890"
"201900009627";"16";"9";"2019";"17:20";"1";"85";"85046";"2";"3";"1";"6";"Rue des Frères Payraudeau";"46,6726820";" -1,2965500"
"201900009628";"15";"9";"2019";"05:00";"4";"27";"27593";"2";"1";"1";"6";"Route de Brionne";"49,2497590";"0,9579220"
"201900009629";"15";"9";"2019";"19:48";"2";"27";"27108";"1";"2";"1";"3";"Rue de la Petite Vitesse";"48,7661510";"0,8026640"
"201900009630";"13";"9";"2019";"14:45";"1";"28";"28280";"1";"9";"1";"1";"L'Être - D955";"48,3291290";"0,7979060"
"201900009631";"13";"9";"2019";"19:10";"1";"87";"87126";"1";"1";"1";"6";"Chemin de Pierre Blanche";"45,8098900";"0,8136230"
"201900009632";"16";"9";"2019";"15:30";"1";"48";"48027";"1";"1";"1";"7";"Mirandol (Chasseradès)";"44,5540260";"3,7900990"
"201900009633";"16";"9";"2019";"00:30";"3";"1";"01290";"1";"1";"1";"6";"Villieu-Loyes-Mollon";"45,8632960";"5,1819290"
"201900009634";"16";"9";"2019";"15:56";"2";"68";"68297";"1";"1";"1";"7";"Cite Douaniere";"47,5772630";"7,5596010"
"201900009635";"15";"9";"2019";"20:45";"3";"91";"91085";"2";"1";"1";"6";"Avenue de Paris";"48,5485180";"2,2169370"
"201900009636";"23";"8";"2019";"18:00";"1";"95";"95250";"2";"1";"1";"6";"D922";"49,0971120";"2,5057130"
"201900009637";"16";"9";"2019";"04:45";"3";"27";"27336";"1";"1";"1";"6";"autoroue A13 pk 70.700 sens Paris-Province";"49,0661420";"1,4171760"
"201900009638";"16";"9";"2019";"12:45";"1";"974";"97415";"2";"3";"1";"3";"RUE SAINT LOUIS";" -21,0000420";"55,2818070"
"201900009639";"15";"9";"2019";"16:00";"1";"973";"97306";"1";"1";"1";"7";"Avenue Marie Eudore Beauvin";"5,5373570";" -53,5118520"
"201900009640";"16";"9";"2019";"07:20";"1";"971";"97129";"2";"1";"2";"1";"RD 18 DUZER";"16,3424120";" -61,7378060"
"201900009641";"15";"9";"2019";"05:50";"5";"13";"13088";"1";"1";"1";"1";"rn 568";"43,3546360";"5,2809820"
"201900009642";"14";"9";"2019";"20:10";"5";"11";"11315";"2";"5";"1";"3";"Départemantale 206";"43,2806240";"2,5847330"
"201900009643";"15";"9";"2019";"16:28";"1";"4";"04152";"1";"1";"1";"6";"RD 06 Lieu dit La Royère";"43,8003270";"5,7025566"
"201900009644";"12";"9";"2019";"15:00";"1";"13";"13014";"2";"6";"1";"2";"Rond point de la cave coopérative";"43,4948320";"5,1545530"
"201900009645";"16";"9";"2019";"07:50";"1";"89";"89257";"2";"3";"1";"3";"54 avenue Edouard Branly";"47,9673034";"3,5294452"
"201900009646";"15";"9";"2019";"23:00";"5";"8";"08316";"1";"1";"1";"6";"32 Rue de l'Ardenne";"49,8089480";"4,8017150"
"201900009647";"14";"9";"2019";"05:45";"3";"68";"68294";"1";"1";"1";"6";"4 les halles";"48,2560040";"7,1987560"
"201900009648";"16";"9";"2019";"07:30";"1";"68";"68231";"2";"5";"1";"4";"Intersection départementales 1bis -  468 Carrefour Lieu dit Vin";"48,0137750";"7,5330990"
"201900009649";"15";"9";"2019";"16:00";"1";"68";"68329";"1";"1";"1";"6";"D417";"48,0613520";"7,0466960"
"201900009650";"16";"9";"2019";"07:25";"1";"74";"74082";"2";"1";"1";"6";"Route de la croisette";"46,1398290";"6,1599870"
"201900009651";"22";"3";"2019";"10:00";"1";"92";"92076";"2";"1";"1";"2";"JARDY";"48,8249200";"2,1512000"
"201900009652";"22";"3";"2019";"08:36";"1";"92";"92064";"2";"1";"1";"3";"MARCEL DASSAULT";"48,8549400";"2,2228140"
"201900009653";"21";"3";"2019";"16:55";"1";"92";"92064";"2";"2";"1";"6";"BUZENVAL";"48,8494000";"2,2109700"
"201900009654";"25";"3";"2019";"07:15";"1";"92";"92063";"2";"3";"1";"6";"FOUILLEUSE (AVENUE DE)";"48,8614400";"2,1996300"
"201900009655";"22";"3";"2019";"16:20";"1";"92";"92063";"2";"3";"1";"2";"REPUBLIQUE (AVENUE DE LA)";"48,8833700";"2,1710500"
"201900009656";"22";"3";"2019";"09:00";"1";"92";"92063";"2";"3";"1";"3";"CARREY DE BELLEMARE (RUE DU GENERAL)";"48,8660200";"2,1868600"
"201900009657";"21";"3";"2019";"20:40";"5";"92";"92063";"2";"2";"1";"3";"MONT VALERIEN (AVENUE DU)";"48,8690700";"2,2040100"
"201900009658";"20";"3";"2019";"08:55";"1";"92";"92062";"2";"6";"1";"3";"GENERAL DE GAULLE (Avenue)";"48,8854370";"2,2279290"
"201900009659";"25";"3";"2019";"14:25";"1";"92";"92051";"2";"1";"1";"2";"CHARLES DE GAULLE (AVENUE, N° 18 A 116)";"48,8810800";"2,2722800"
"201900009660";"22";"3";"2019";"19:56";"3";"92";"92051";"2";"2";"1";"5";"JEAN MERMOZ (BOULEVARD, N° 1 A 3 ET 2 A";"48,8853100";"2,2700500"
"201900009661";"25";"3";"2019";"10:12";"1";"92";"92050";"2";"1";"1";"2";"PICASSO PABLO AVENUE";"48,8890300";"2,2294400"
"201900009662";"23";"3";"2019";"15:50";"1";"92";"92050";"2";"1";"1";"6";"PICASSO PABLO AVENUE";"48,8902860";"2,2182450"
"201900009663";"22";"3";"2019";"10:55";"1";"92";"92050";"2";"1";"8";"3";"VAILLANT COUTURIER PAUL RUE";"48,8833300";"2,2038540"
"201900009664";"21";"3";"2019";"08:05";"1";"92";"92050";"2";"1";"1";"6";"STALINGRAD RUE DE";"48,8936040";"2,1969650"
"201900009665";"18";"2";"2019";"08:30";"1";"92";"92050";"2";"1";"1";"3";"COMMUNE DE PARIS AVENUE DE LA";"48,9029700";"2,2040000"
"201900009666";"12";"2";"2019";"14:00";"1";"92";"92050";"2";"3";"1";"6";"JOFFRE MARECHAL AVENUE DU";"48,8853739";"2,1958715"
"201900009667";"23";"3";"2019";"13:45";"1";"92";"92049";"2";"2";"1";"4";"BARBES RUE";"48,8170613";"2,3314334"
"201900009668";"21";"3";"2019";"10:42";"1";"92";"92048";"2";"1";"1";"6";"FOSSES (AVENUE DES)";"48,8085900";"2,2470900"
"201900009669";"21";"1";"2019";"08:15";"1";"92";"92048";"2";"1";"1";"6";"MARECHAL LECLERC (AVENUE DU)";"48,7878100";"2,2226390"
"201900009670";"19";"2";"2019";"15:40";"1";"92";"92044";"2";"2";"1";"2";"PDT WILSON(RUE)23A49 ET 26A52";"48,8905620";"2,2917374"
"201900009671";"20";"3";"2019";"13:20";"1";"92";"92044";"2";"9";"1";"3";"LEVALLOIS( PONT DE)";"48,8988801";"2,2789120"
"201900009672";"22";"3";"2019";"17:50";"1";"92";"92040";"2";"6";"1";"3";"VERDUN (AVENUE DE) DU 152 AU 226";"48,9179200";"2,2485200"
"201900009673";"25";"2";"2019";"09:10";"1";"92";"92035";"2";"1";"1";"1";"République ( boulevard de la )";"48,9072957";"2,2412616"
"201900009674";"21";"3";"2019";"20:45";"5";"92";"92035";"2";"1";"1";"3";"République ( boulevard de la )";"48,9073000";"2,2417500"
"201900009675";"25";"3";"2019";"13:50";"1";"92";"92026";"2";"3";"1";"3";"PRÉSIDENT PAUL DOUMER (QUAI DU)";"48,8901059";"2,2562481"
"201900009676";"25";"3";"2019";"13:50";"1";"92";"92026";"2";"9";"1";"6";"CHARRAS";"48,8948670";"2,2499990"
"201900009677";"22";"3";"2019";"20:30";"5";"92";"92026";"2";"1";"1";"3";"CARLE HEBERT";"48,8940200";"2,2549400"
"201900009678";"22";"3";"2019";"15:00";"1";"92";"92026";"2";"1";"1";"5";"PRÉSIDENT PAUL DOUMER (QUAI DU)";"48,8921990";"2,2588904"
"201900009679";"21";"3";"2019";"09:45";"1";"92";"92026";"2";"1";"1";"3";"MARECHAL JOFFRE (QUAI DU)";"48,8974017";"2,2661093"
"201900009680";"19";"3";"2019";"08:40";"1";"92";"92026";"2";"1";"1";"3";"MARECHAL JOFFRE (QUAI DU)";"48,8983051";"2,2685928"
"201900009681";"19";"3";"2019";"16:20";"1";"92";"92025";"2";"1";"1";"1";"PAUL BERT (RUE)";"48,9301047";"2,2456577"
"201900009682";"25";"3";"2019";"07:00";"1";"92";"92024";"2";"1";"1";"6";"RUE DU 08 MAI 1945";"48,8981100";"2,3102500"
"201900009683";"21";"3";"2019";"18:10";"1";"92";"92023";"2";"3";"1";"3";"POMMIERS (RUE DES)";"48,7919552";"2,2676846"
"201900009684";"21";"3";"2019";"06:30";"2";"92";"92060";"2";"3";"1";"3";"RESISTANCE (AVENUE DE LA) (RD 75)";"48,7834973";"2,2781517"
"201900009685";"21";"3";"2019";"08:50";"1";"92";"92060";"2";"1";"1";"2";"RESISTANCE (AVENUE DE LA) (RD 75)";"48,7833041";"2,2758213"
"201900009686";"24";"3";"2019";"20:40";"5";"92";"92012";"2";"1";"1";"3";"GENERAL LECLERC (AVENUE DU) 1/33 - 2/58";"48,8335139";"2,2428724"
"201900009687";"21";"3";"2019";"09:10";"1";"92";"92007";"2";"3";"9";"3";"PETIT (AVENUE ALBERT) N° 28 A FIN";"48,7955580";"2,3142560"
"201900009688";"23";"3";"2019";"17:00";"1";"92";"92004";"2";"1";"1";"6";"LAURENT-CELY  ( AVENUE )";"48,9236836";"2,3053643"
"201900009689";"20";"3";"2019";"20:00";"5";"92";"92004";"2";"1";"1";"2";"GRESILLONS ( AVENUE DES  )";"48,9129529";"2,2970475"
"201900009690";"23";"3";"2019";"19:26";"5";"80";"80776";"2";"1";"5";"1";"Route de Léalvillers";"50,0519760";"2,5325820"
"201900009691";"22";"3";"2019";"14:40";"1";"80";"80016";"2";"1";"1";"2";"Route d'Aveluy";"50,0135740";"2,6523660"
"201900009692";"21";"3";"2019";"10:45";"1";"50";"50493";"1";"3";"1";"5";"L'Hermitière";"48,8366810";" -1,4676230"
"201900009693";"22";"3";"2019";"08:35";"1";"24";"24543";"1";"1";"1";"2";"Gabillou";"45,0393000";"0,3795500"
"201900009694";"24";"3";"2019";"14:45";"1";"16";"16050";"1";"3";"7";"3";"LD La Combe de Jean Delande";"45,5754500";" -0,1476290"
"201900009695";"23";"3";"2019";"12:15";"1";"41";"41110";"1";"1";"1";"1";"Port Martin (Langon)";"47,2760450";"1,8264600"
"201900009696";"20";"3";"2019";"17:20";"1";"33";"33138";"2";"6";"1";"2";"Zone Industrielle Eygreteau, ZI EYGRETEAU";"45,0384170";" -0,1032010"
"201900009697";"17";"3";"2019";"21:37";"3";"33";"33418";"1";"1";"1";"6";"lieu dit L'auvergne";"44,5997600";" -0,0024300"
"201900009698";"20";"3";"2019";"17:15";"1";"41";"41055";"1";"1";"1";"1";"Départemental 952";"47,5281600";"1,2602340"
"201900009699";"23";"3";"2019";"16:50";"1";"42";"42145";"2";"1";"1";"7";"Chez Desvernay";"46,0354500";"4,2450380"
"201900009700";"24";"3";"2019";"13:30";"1";"81";"81266";"1";"1";"1";"7";"RD 112";"43,6456820";"1,9850970"
"201900009701";"22";"3";"2019";"20:15";"3";"28";"28330";"1";"1";"1";"7";"Villeloup (Ozoir-le-Breuil)";"48,0210240";"1,4834370"
"201900009702";"26";"3";"2019";"10:00";"1";"5";"05079";"2";"1";"1";"6";"Route de Grenoble";"44,9760000";"6,5096950"
"201900009703";"25";"3";"2019";"07:15";"1";"974";"97412";"1";"1";"2";"1";"ROUTE NATIONAL 2";" -21,2921540";"55,6474590"
"201900009704";"18";"2";"2019";"11:30";"1";"35";"35342";"1";"1";"1";"6";"D83 - PK 18.000";"48,4368670";" -1,6900960"
"201900009705";"22";"3";"2019";"12:20";"1";"28";"28068";"1";"2";"1";"3";"Rue de Dreux";"48,5618330";"1,4405860"
"201900009706";"24";"3";"2019";"13:50";"1";"12";"12216";"2";"1";"1";"3";"Rue des Ginestes";"44,5165360";"2,8205720"
"201900009707";"18";"3";"2019";"18:45";"3";"21";"21559";"1";"1";"4";"5";"A38";"47,2976670";"4,8088800"
"201900009708";"23";"3";"2019";"20:00";"3";"35";"35235";"1";"1";"1";"6";"Route Départementale 95 PR33+350";"47,8715650";" -1,2300810"
"201900009709";"13";"3";"2019";"19:20";"5";"1";"01354";"1";"6";"2";"3";"rond point de france";"46,2393990";"6,0342890"
"201900009710";"24";"3";"2019";"09:40";"1";"35";"35253";"1";"1";"1";"4";"Autoroute A84";"48,2553910";" -1,4219870"
"201900009711";"22";"3";"2019";"18:10";"1";"22";"22084";"1";"1";"1";"5";"RN 12 PR 19";"48,3625790";" -2,3210820"
"201900009712";"24";"3";"2019";"16:30";"1";"974";"97414";"2";"1";"1";"7";"Avenue de Toulouse";" -21,2882760";"55,3984190"
"201900009713";"21";"3";"2019";"15:15";"1";"41";"41091";"1";"1";"1";"2";"A10";"47,6161010";"1,2926960"
"201900009714";"26";"3";"2019";"12:25";"1";"60";"60176";"2";"1";"1";"3";"Avenue de Levallois Perret";"49,2228750";"2,8772450"
"201900009715";"23";"3";"2019";"18:01";"1";"44";"44111";"1";"3";"1";"3";"Alaska";"47,3881913";" -1,7147272"
"201900009716";"17";"3";"2019";"22:15";"3";"63";"63178";"1";"1";"1";"2";"Autoroute A75 sens Sud/Nord PK 029.350";"45,5623790";"3,2607690"
"201900009717";"21";"3";"2019";"08:00";"1";"66";"66021";"2";"1";"1";"3";"Avenue François Cassagnes";"42,7317600";"2,9300800"
"201900009718";"25";"3";"2019";"11:20";"1";"30";"30034";"2";"7";"1";"6";"parking des arènes";"43,7555300";"4,5148990"
"201900009719";"25";"3";"2019";"18:00";"1";"57";"57031";"2";"1";"1";"1";"Route d'Aubigny";"49,0939490";"6,2701930"
"201900009720";"21";"3";"2019";"12:20";"1";"57";"57534";"2";"3";"1";"1";"rue du ruisseau saint pierre";"49,0703260";"6,2319600"
"201900009721";"26";"3";"2019";"18:50";"1";"62";"62268";"2";"1";"1";"3";"rue des écoles";"50,6673830";"1,8336410"
"201900009722";"22";"3";"2019";"08:40";"1";"51";"51436";"1";"1";"1";"7";"RN 44";"48,8680496";"4,4811108"
"201900009723";"23";"3";"2019";"20:00";"5";"59";"59118";"2";"1";"1";"6";"95 Rue des Frères Desjardin";"50,0321770";"3,4635510"
"201900009724";"19";"3";"2019";"14:35";"1";"59";"59384";"2";"1";"7";"1";"Grand rue";"50,1349160";"3,7645730"
"201900009725";"25";"3";"2019";"11:10";"1";"19";"19234";"1";"1";"1";"1";"LA CROIX DE FER";"45,3084970";"1,5624250"
"201900009726";"24";"3";"2019";"16:55";"1";"95";"95527";"2";"6";"1";"3";"Avenue du Bois de la Pie";"48,9932780";"2,5175280"
"201900009727";"25";"3";"2019";"09:25";"1";"56";"56122";"1";"1";"1";"6";"D13";"48,0068000";" -2,3931100"
"201900009728";"25";"3";"2019";"19:00";"1";"56";"56036";"2";"1";"1";"1";"rue des muguets";"47,8075680";" -3,3411180"
"201900009729";"23";"3";"2019";"14:55";"1";"56";"56053";"1";"1";"1";"3";"Le Halinier";"47,6954410";" -2,5516030"
"201900009730";"23";"3";"2019";"20:43";"3";"56";"56004";"1";"1";"1";"7";"La Corne du Cerf";"47,5361860";" -2,4047240"
"201900009731";"22";"3";"2019";"19:15";"5";"74";"74284";"2";"1";"1";"6";"route départementale 907";"46,1376620";"6,4356980"
"201900009732";"22";"3";"2019";"14:45";"1";"74";"74104";"1";"1";"1";"2";"Route d'Albertville";"45,7718940";"6,2408290"
"201900009733";"23";"3";"2019";"18:10";"1";"77";"77133";"1";"9";"1";"7";"RD18";"48,4134800";"3,0763700"
"201900009734";"23";"3";"2019";"18:45";"2";"77";"77020";"1";"2";"1";"3";"N4 X D75A";"48,6925870";"3,1860500"
"201900009735";"25";"3";"2019";"16:45";"1";"67";"67029";"1";"1";"1";"1";"Wolsthof";"48,8922270";"7,1316470"
"201900009736";"23";"3";"2019";"11:45";"1";"76";"76307";"2";"1";"1";"7";"Rue Gaston Delahais";"49,6380060";"0,2183970"
"201900009737";"24";"3";"2019";"14:30";"1";"76";"76179";"2";"1";"1";"6";"Avenue du parc";"49,5920000";"1,0990000"
"201900009738";"22";"3";"2019";"20:15";"3";"76";"76038";"1";"1";"5";"7";"D53";"49,5836540";"1,1345130"
"201900009739";"23";"3";"2019";"20:15";"3";"76";"76517";"1";"1";"2";"3";"694 Route de Dieppe";"49,5167900";"1,1395130"
"201900009740";"22";"3";"2019";"12:25";"1";"80";"80635";"1";"1";"1";"6";"départmentale 183  pont remy";"50,0792970";"1,9242640"
"201900009741";"22";"3";"2019";"08:35";"2";"80";"80142";"1";"1";"5";"1";"D211";"49,8864610";"2,0558220"
"201900009742";"26";"3";"2019";"09:58";"1";"82";"82096";"2";"6";"7";"6";"Route de Montauban";"44,0325180";"1,2193150"
"201900009743";"25";"3";"2019";"18:24";"1";"82";"82019";"1";"3";"1";"5";"3886-3936 Route des 2 Mers";"44,0920830";"1,0090050"
"201900009744";"24";"3";"2019";"17:30";"1";"82";"82025";"1";"2";"1";"3";"Route de Montbartier - Intersection avec Route de Lacourt";"43,9684610";"1,3208520"
"201900009745";"23";"3";"2019";"16:08";"1";"65";"65080";"2";"1";"1";"3";"38 Rue du Pic du Midi";"43,1520360";"0,0243990"
"201900009746";"21";"3";"2019";"15:45";"1";"33";"33546";"1";"2";"1";"3";"RD936 / VC PONTET (VIGNONET EGLISE)";"44,8446400";" -0,1617400"
"201900009747";"23";"3";"2019";"16:00";"1";"11";"11170";"2";"6";"1";"6";"Boulevard de la Corderie";"43,1045330";"3,0918010"
"201900009748";"23";"3";"2019";"14:00";"1";"71";"71261";"1";"1";"1";"6";"Rue de la Chènevière";"46,5938310";"5,0007330"
"201900009749";"22";"3";"2019";"08:15";"1";"71";"71558";"1";"1";"1";"1";"PK 49+500";"46,5074920";"5,2456840"
"201900009750";"17";"3";"2019";"17:50";"1";"89";"89460";"1";"1";"4";"2";"Route Départementale 103";"48,3118930";"3,0506110"
"201900009751";"25";"3";"2019";"10:45";"1";"89";"89379";"2";"1";"1";"3";"RD954";"47,4959120";"4,0860230"
"201900009752";"21";"3";"2019";"11:05";"1";"63";"63341";"1";"1";"1";"3";"CD 56, Pk 2+700";"45,5205110";"3,7140100"
"201900009753";"24";"3";"2019";"14:30";"1";"63";"63239";"1";"1";"1";"1";"RD 14";"45,6804896";"3,3516240"
"201900009754";"24";"3";"2019";"04:10";"3";"61";"61024";"1";"1";"1";"6";"Le Buisson";"48,6655740";" -0,5491900"
"201900009755";"25";"3";"2019";"11:15";"1";"61";"61389";"2";"2";"1";"3";"carrefour grande rue - rue abbé FERET DESHAMPS";"48,7142070";"0,4291550"
"201900009756";"23";"3";"2019";"12:00";"1";"55";"55008";"1";"1";"1";"3";"D618";"49,2453140";"5,6680050"
"201900009757";"23";"3";"2019";"14:20";"1";"12";"12052";"2";"1";"1";"2";"Rue de la République";"44,5765230";"2,0781900"
"201900009758";"26";"3";"2019";"15:20";"1";"12";"12043";"1";"1";"1";"7";"Le Puech Del Rey";"44,2632540";"2,5571170"
"201900009759";"24";"3";"2019";"06:21";"2";"42";"42288";"1";"1";"1";"6";"Le Montcel RD20";"45,7687210";"4,0009860"
"201900009760";"24";"2";"2019";"20:00";"3";"29";"29270";"1";"3";"1";"7";"Lieu-dit Trévarn";"48,3806087";" -4,2456365"
"201900009761";"19";"3";"2019";"07:20";"2";"34";"34114";"2";"1";"1";"1";"Route de Montpellier";"43,6494670";"3,5564850"
"201900009762";"25";"3";"2019";"14:40";"1";"34";"34079";"2";"3";"1";"1";"8 Avenue Paul Valéry";"43,6331970";"3,4317340"
"201900009763";"22";"3";"2019";"16:00";"1";"34";"34036";"1";"1";"1";"2";"Cartels";"43,6849380";"3,3637990"
"201900009764";"22";"3";"2019";"08:35";"1";"68";"68195";"1";"1";"1";"2";"Rue du Général de Gaulle";"47,7574860";"7,2953690"
"201900009765";"23";"3";"2019";"12:00";"1";"68";"68134";"1";"1";"1";"1";"Route d'Eguisheim";"48,0316020";"7,3118710"
"201900009766";"22";"3";"2019";"15:55";"1";"22";"22228";"1";"1";"1";"3";"Beg Ar Menez";"48,5587250";" -3,4653160"
"201900009767";"25";"3";"2019";"10:00";"1";"44";"44158";"1";"1";"1";"7";"la marsillere";"47,2534160";" -1,7130780"
"201900009768";"26";"3";"2019";"08:10";"1";"35";"35068";"1";"6";"1";"7";"Boulevard Laennec";"48,0993410";" -1,4008570"