"Num_Acc";"jour";"mois";"an";"hrmn";"lum";"dep";"com";"agg";"int";"atm";"col";"adr";"lat";"long"
"201900009769";"22";"3";"2019";"08:35";"2";"35";"35223";"1";"1";"5";"1";"La Gendrotais";"48,0296580";" -2,0534670"
"201900009770";"22";"3";"2019";"17:45";"1";"29";"29236";"2";"3";"1";"3";"Rue Mélanie Rouat";"47,8446790";" -3,6932610"
"201900009771";"15";"3";"2019";"12:30";"1";"29";"29260";"2";"2";"8";"3";"Voie Romaine";"48,4278562";" -4,6287391"
"201900009772";"23";"3";"2019";"09:50";"1";"31";"31188";"1";"6";"1";"6";"avenue claude chappe - route de saint lys";"43,5378730";"1,1872130"
"201900009773";"21";"3";"2019";"18:20";"2";"31";"31252";"1";"1";"1";"7";"Chemin de la Cahuzière";"43,7422000";"1,4504140"
"201900009774";"25";"3";"2019";"17:07";"1";"2";"02478";"2";"3";"1";"3";"Rue des Champs Druant";"49,5166540";"3,5039720"
"201900009775";"14";"2";"2019";"19:40";"5";"2";"02173";"2";"1";"1";"6";"rue André Ternynck";"49,6255250";"3,2128010"
"201900009776";"23";"3";"2019";"15:50";"1";"3";"03062";"1";"1";"7";"1";"N/A";"46,1856628";"3,1778821"
"201900009777";"24";"3";"2019";"22:50";"3";"3";"03182";"1";"1";"1";"7";"N/A";"46,1020891";"3,2448222"
"201900009778";"24";"3";"2019";"19:15";"2";"3";"03060";"2";"1";"1";"6";"rue des Martoulets";"46,1698533";"3,3934724"
"201900009779";"26";"3";"2019";"16:45";"1";"3";"03052";"1";"1";"1";"1";"Chemin du Bois de la Motte";"46,3269443";"2,6980232"
"201900009780";"24";"3";"2019";"20:10";"3";"3";"03155";"1";"1";"1";"7";"Les Bruyères de Forêt";"46,7197022";"2,9547867"
"201900009781";"25";"3";"2019";"19:30";"5";"26";"26324";"2";"3";"1";"3";"Chemin des Goumoux";"44,3500480";"4,7800940"
"201900009782";"23";"3";"2019";"10:30";"1";"26";"26113";"2";"1";"1";"6";"92 Rue Camille Buffardel";"44,7535920";"5,3724250"
"201900009783";"23";"3";"2019";"17:10";"1";"58";"58289";"1";"2";"1";"3";"Les Chapuis";"46,7599650";"3,8260790"
"201900009784";"16";"3";"2019";"15:20";"1";"58";"58057";"1";"1";"1";"7";"Chaume";"46,7438480";"3,1211760"
"201900009785";"24";"3";"2019";"15:30";"1";"54";"54049";"1";"1";"1";"2";"Route de Baslieux";"49,4431620";"5,7355890"
"201900009786";"24";"3";"2019";"15:15";"1";"6";"06105";"2";"3";"1";"3";"Chemin de la Gorgue";"43,6643877";"7,0662810"
"201900009787";"22";"3";"2019";"11:45";"1";"14";"14514";"2";"1";"1";"6";"Rue Saint-Michel";"49,2860081";"0,1850796"
"201900009788";"21";"3";"2019";"16:00";"1";"14";"14143";"1";"1";"1";"1";"MESNIL LEVRAU";"49,0941540";" -0,7700910"
"201900009789";"25";"3";"2019";"08:15";"1";"14";"14172";"1";"2";"1";"3";"Escurès";"49,3272990";" -0,7571890"
"201900009790";"20";"3";"2019";"14:30";"1";"90";"90015";"1";"1";"1";"6";"Route de Montbéliard";"47,5982970";"6,8595200"
"201900009791";"22";"3";"2019";"07:15";"2";"60";"60560";"1";"1";"5";"7";"Rue du Vignet";"49,2388630";"2,7343370"
"201900009792";"22";"3";"2019";"17:15";"1";"60";"60192";"2";"2";"1";"6";"Grande Rue";"49,5854070";"2,9037880"
"201900009793";"26";"3";"2019";"08:52";"1";"60";"60438";"1";"5";"1";"3";"route départementale d335";"49,4771960";"3,0613520"
"201900009794";"25";"3";"2019";"22:40";"3";"73";"73124";"1";"1";"1";"6";"RN90";"45,6537058";"6,3584675"
"201900009795";"20";"3";"2019";"16:00";"1";"36";"36220";"1";"1";"1";"3";"Rue du Commandant Nandillon";"46,6207300";"1,4699130"
"201900009796";"20";"3";"2019";"14:00";"1";"36";"36121";"2";"1";"1";"1";"Route d'Issoudun";"46,8372050";"1,9559790"
"201900009797";"21";"3";"2019";"11:30";"1";"16";"16149";"1";"2";"1";"3";"la Chapelle";"45,8551443";"0,5657396"
"201900009798";"17";"2";"2019";"16:30";"1";"7";"07007";"1";"1";"1";"7";"La Rouveure";"44,9519740";"4,7139480"
"201900009799";"25";"3";"2019";"18:00";"2";"7";"07143";"1";"1";"9";"6";"RD 86";"45,3383600";"4,7580580"
"201900009800";"23";"3";"2019";"15:10";"1";"7";"07328";"1";"1";"1";"6";"Picourel";"44,3613040";"4,3664200"
"201900009801";"19";"3";"2019";"13:40";"1";"7";"07181";"2";"1";"1";"1";"RD 104 - route de loriol";"44,7563460";"4,7550750"
"201900009802";"22";"3";"2019";"23:30";"3";"53";"53190";"1";"1";"1";"7";"les basses frogeries";"48,3915900";" -0,3882130"
"201900009803";"21";"3";"2019";"11:35";"1";"53";"53147";"2";"9";"1";"1";"485 Rue de Grinhard";"48,2959700";" -0,6078550"
"201900009804";"26";"3";"2019";"16:45";"1";"21";"21638";"1";"1";"1";"1";"Route départementale 974";"47,5089590";"5,1702710"
"201900009805";"23";"3";"2019";"17:30";"1";"21";"21049";"1";"4";"1";"1";"Rue du Vau";"47,6101170";"4,9627640"
"201900009806";"20";"3";"2019";"18:40";"1";"40";"40289";"1";"1";"7";"1";"Route du Tursan";"43,7007630";" -0,4751600"
"201900009807";"24";"3";"2019";"07:58";"2";"40";"40217";"1";"1";"1";"6";"Route de Sanguinet";"44,3923160";" -1,0755690"
"201900009808";"25";"3";"2019";"12:40";"1";"24";"24577";"1";"1";"1";"1";"lieu dit la fournerie";"44,8455000";"1,1748500"
"201900009809";"25";"3";"2019";"17:25";"1";"24";"24286";"1";"2";"1";"3";"les places";"45,2655300";"0,4910390"
"201900009810";"24";"3";"2019";"13:10";"1";"4";"04204";"1";"1";"1";"6";"D4085 - Le moulin";"43,9154110";"6,4090260"
"201900009811";"24";"3";"2019";"14:00";"1";"85";"85018";"1";"9";"1";"1";"Le Brin";"46,9025200";" -2,0586800"
"201900009812";"21";"3";"2019";"15:05";"1";"85";"85114";"2";"1";"1";"6";"Parking SUPERU";"46,4228400";" -1,5744500"
"201900009813";"22";"3";"2019";"21:40";"3";"85";"85086";"2";"1";"1";"6";"44 Rue de l'Ambruzière";"46,8830300";" -1,7131000"
"201900009814";"23";"3";"2019";"10:00";"1";"27";"27265";"1";"1";"1";"7";"D55";"48,7918040";"0,8376450"
"201900009815";"22";"3";"2019";"05:30";"5";"28";"28105";"2";"1";"5";"6";"1 Rue Firmin Gillot";"48,3240850";"1,0638470"
"201900009816";"24";"3";"2019";"14:30";"1";"28";"28057";"1";"1";"1";"1";"Route Nationale";"48,2521190";"1,4115110"
"201900009817";"23";"3";"2019";"19:40";"3";"28";"28367";"1";"1";"1";"7";"Rue Charles Péguy";"48,1376640";"1,9037490"
"201900009818";"21";"3";"2019";"19:15";"5";"28";"28386";"1";"1";"1";"6";"Fontaine de Moulu, FON DE MOULU";"48,5696570";"1,2936470"
"201900009819";"25";"3";"2019";"18:30";"1";"17";"17147";"2";"1";"1";"6";"Rue des Hortensias";"45,8437700";" -0,5001450"
"201900009820";"26";"3";"2019";"17:20";"1";"17";"17256";"1";"1";"1";"1";"CD 129";"45,8586260";" -0,4619560"
"201900009821";"25";"3";"2019";"15:15";"1";"87";"87063";"1";"1";"1";"7";"Le  Maupa";"45,7672390";"1,4055020"
"201900009822";"22";"3";"2019";"19:50";"5";"37";"37273";"2";"1";"1";"7";"Rue Champmesle";"47,3906400";"0,7687610"
"201900009823";"23";"3";"2019";"06:15";"3";"37";"37167";"1";"1";"1";"6";"La Ferriere";"47,5358100";"0,5108870"
"201900009824";"22";"3";"2019";"22:35";"3";"30";"30223";"1";"1";"1";"7";"RD 904";"44,2063440";"4,1417210"
"201900009825";"22";"3";"2019";"17:00";"1";"48";"48140";"2";"1";"1";"6";"100 Rue Théophile Roussel";"44,8023690";"3,2756960"
"201900009826";"25";"3";"2019";"14:20";"1";"8";"08168";"1";"1";"2";"7";"Route départementale 52";"49,5796480";"5,2350200"
"201900009827";"26";"3";"2019";"08:20";"1";"10";"10159";"1";"1";"1";"6";"Autoroute A5";"48,1721740";"4,3557470"
"201900009828";"22";"3";"2019";"14:00";"1";"10";"10426";"1";"1";"1";"6";"A5";"48,1203000";"4,7888840"
"201900009829";"23";"3";"2019";"10:30";"1";"31";"31358";"1";"1";"1";"6";"Autoroute A68";"43,7349750";"1,5816280"
"201900009830";"21";"3";"2019";"07:00";"1";"67";"67156";"1";"1";"1";"2";"Autoroute A35 PK247+300";"48,6740788";"7,7526367"
"201900009831";"21";"3";"2019";"21:30";"3";"38";"38095";"1";"9";"1";"6";"Autoroute A 49";"45,1430510";"5,2828140"
"201900009832";"24";"3";"2019";"07:00";"2";"67";"67506";"1";"1";"1";"6";"D226";"48,6645300";"7,7456380"
"201900009833";"20";"3";"2019";"01:20";"3";"18";"18141";"1";"1";"1";"2";"A71 PK 197.800";"47,1109960";"2,2034050"
"201900009834";"24";"3";"2019";"15:45";"1";"69";"69244";"2";"1";"1";"2";"Route de Paris";"45,7655200";"4,7668600"
"201900009835";"21";"3";"2019";"18:35";"2";"91";"91649";"1";"9";"1";"3";"RD 31";"48,5539010";"2,3444070"
"201900009836";"21";"3";"2019";"10:50";"1";"33";"33284";"1";"1";"1";"2";"Autoroute A 63";"44,6491000";" -0,8365600"
"201900009837";"19";"3";"2019";"07:45";"1";"33";"33284";"1";"1";"1";"2";"AUTOROUTE A63   PR 021.500";"44,6588300";" -0,8268100"
"201900009838";"23";"3";"2019";"08:10";"1";"74";"74081";"1";"1";"1";"1";"Route Blanche";"46,0585290";"6,5688790"
"201900009839";"23";"3";"2019";"15:15";"1";"6";"06085";"1";"1";"1";"4";"A8 pk 167.100 Sud";"43,5858880";"7,0295510"
"201900009840";"22";"3";"2019";"17:50";"1";"38";"38052";"1";"1";"1";"7";"D 211 entre irage 20 et 21";"45,0692150";"6,0408220"
"201900009841";"18";"3";"2019";"06:45";"2";"64";"64407";"1";"1";"1";"7";"Autoroute A64";"43,4531647";" -1,3924377"
"201900009842";"23";"3";"2019";"14:10";"1";"68";"68278";"2";"1";"1";"6";"Rue du 20 Novembre";"47,7504170";"7,4133810"
"201900009843";"24";"3";"2019";"04:45";"5";"987";"98725";"2";"3";"1";"3";"PK 9.400 C/Mont";" -17,5565100";" -149,4750400"
"201900009844";"23";"2";"2019";"04:10";"5";"975";"97502";"2";"1";"8";"6";"R DE PARIS";"46,7815650";" -56,1752630"
"201900009845";"8";"2";"2019";"22:15";"5";"30";"30075";"1";"9";"1";"6";"RD40";"43,8225496";"4,2666676"
"201900009846";"10";"2";"2019";"14:00";"1";"30";"30341";"1";"2";"1";"3";"intersection D6572 et D779 - GALLICIAN";"43,6540910";"4,2955830"
"201900009847";"11";"2";"2019";"16:55";"1";"30";"30170";"1";"1";"1";"1";"LIEU DIT LASFONS";"43,9713990";"3,5535770"
"201900009848";"11";"2";"2019";"15:45";"1";"48";"48140";"1";"1";"2";"6";"D64 - PK 0+600";"44,8161870";"3,2603990"
"201900009849";"13";"2";"2019";"14:00";"1";"8";"08302";"1";"1";"1";"7";"D31 route de Thilay";"49,8838940";"4,7564960"
"201900009850";"9";"2";"2019";"07:50";"1";"987";"98734";"1";"1";"1";"1";"Pk 36+800 RT1";" -17,7212520";" -149,4966380"
"201900009851";"9";"2";"2019";"08:30";"1";"33";"33191";"1";"1";"2";"6";"A89 PK 054.000";"45,0011400";"0,0333000"
"201900009852";"6";"2";"2019";"17:30";"1";"973";"97307";"2";"1";"2";"3";"carrefour avenue guy malidor et de la rue Clément ader";"4,8357759";" -52,3482286"
"201900009853";"10";"2";"2019";"15:20";"1";"45";"45060";"1";"9";"4";"3";"A77";"47,7436569";"2,7264087"
"201900009854";"11";"2";"2019";"21:30";"3";"31";"31261";"1";"1";"2";"6";"A64 - Sens BAYONNE - TOULOUSE - PK 250+050";"43,2950790";"1,1748880"
"201900009855";"4";"2";"2019";"21:00";"3";"30";"30344";"1";"1";"1";"2";"D1";"43,7492001";"4,2078429"
"201900009856";"8";"2";"2019";"16:50";"1";"31";"31022";"1";"1";"1";"6";"A62 PK221.000";"43,6791960";"1,4145360"
"201900009857";"5";"2";"2019";"15:40";"1";"1";"01266";"2";"2";"1";"3";"N/A";"46,3405460";"5,1275630"
"201900009858";"9";"2";"2019";"15:20";"1";"6";"06152";"1";"1";"1";"6";"RD 98";"43,6156150";"7,0364090"
"201900009859";"9";"2";"2019";"18:50";"5";"42";"42279";"2";"6";"1";"3";"D12";"45,5179420";"4,2641630"
"201900009860";"10";"2";"2019";"20:30";"3";"1";"01290";"1";"1";"2";"6";"Autoroute A42";"45,8774950";"5,2052760"
"201900009861";"10";"2";"2019";"20:50";"3";"1";"01290";"1";"1";"2";"2";"Autoroute A 42";"45,8774950";"5,2052760"
"201900009862";"12";"2";"2019";"18:45";"5";"78";"78466";"2";"2";"1";"3";"ROUTE DES QUARANTE SOUS";"48,9268500";"1,9865990"
"201900009863";"13";"2";"2019";"17:30";"1";"44";"44163";"1";"1";"1";"5";"autoroute a11 - pk 310.500 - st herblon";"47,4200780";" -1,1093500"
"201900009864";"8";"2";"2019";"22:55";"3";"69";"69086";"1";"1";"1";"6";"A 89 sortie 36 Arb pk 1.400 direction de L'Arbresle";"45,8529000";"4,6655100"
"201900009865";"12";"2";"2019";"14:40";"1";"13";"13001";"1";"1";"1";"2";"Autoroute A8, PK 18+600 sens NICE-LYON";"43,5183480";"5,4297490"
"201900009866";"12";"2";"2019";"15:55";"1";"13";"13001";"1";"1";"1";"2";"A8, PK 19+300";"43,5150340";"5,4346200"
"201900009867";"1";"2";"2019";"16:00";"1";"9";"09219";"2";"1";"1";"6";"Chemin Vicinal N°1 - AUGISTROU";"42,9355600";"0,9450960"
"201900009868";"8";"2";"2019";"06:50";"3";"57";"57695";"1";"1";"2";"6";"autoroute A4, sens PARIS / STRASBOURG";"49,1406020";"6,4645410"
"201900009869";"8";"2";"2019";"00:28";"1";"38";"38052";"2";"9";"1";"2";"CAMILLE JOUFFRAY(PLACE)";"45,1165345";"5,9869621"
"201900009870";"6";"2";"2019";"06:35";"3";"45";"45344";"1";"1";"1";"2";"A10 PK 119+450 SENS PARIS PROVINCE";"47,7974290";"1,6110360"
"201900009871";"13";"2";"2019";"13:00";"1";"38";"38449";"1";"6";"1";"3";"D1006";"45,6519080";"5,1191270"
"201900009872";"9";"2";"2019";"08:15";"1";"27";"27353";"1";"1";"8";"7";"RN 154 PK36 +500 vers EVREUX";"49,0950740";"1,1885860"
"201900009873";"12";"2";"2019";"12:05";"1";"13";"13103";"1";"1";"1";"2";"Autoroute A.54, Pk 59+600, sens SALON DE PCE / ARLES";"43,6396110";"4,9585370"
"201900009874";"9";"2";"2019";"06:50";"3";"13";"13076";"1";"1";"1";"5";"A7 PK 210+600 sens sud nord";"43,8304690";"5,0134660"
"201900009875";"10";"2";"2019";"20:45";"3";"51";"51483";"1";"1";"3";"5";"A26";"48,9776368";"4,2867316"
"201900009876";"12";"2";"2019";"13:00";"1";"33";"33229";"1";"1";"1";"6";"Blagon - PR 32+200";"44,7797800";" -0,9656700"
"201900009877";"18";"1";"2019";"13:50";"1";"33";"33005";"2";"3";"1";"3";"RD 215E1 (boulevard du page)";"44,7616000";" -1,0724100"
"201900009878";"10";"2";"2019";"20:50";"3";"28";"28169";"1";"1";"1";"2";"A10";"48,4335970";"1,9047930"
"201900009879";"8";"2";"2019";"23:03";"5";"987";"98714";"2";"9";"1";"3";"Vaitape - quartier Tiipoto";" -16,4988880";" -145,7382180"
"201900009880";"10";"2";"2019";"03:30";"3";"987";"98729";"1";"1";"1";"6";"PK 10+800 PIHAENA-PAOPAO";" -17,5127390";" -149,8560360"
"201900009881";"10";"2";"2019";"19:30";"3";"987";"98722";"2";"1";"1";"3";"PK 25";" -17,5668330";" -149,3290090"
"201900009882";"11";"2";"2019";"20:15";"3";"988";"98814";"1";"1";"1";"1";"JOZIP";" -20,9445200";"167,3596400"
"201900009883";"9";"2";"2019";"05:00";"2";"988";"98831";"1";"3";"1";"2";"RT1";" -20,8889300";"164,6754100"
"201900009884";"10";"2";"2019";"13:00";"1";"974";"97422";"2";"4";"1";"1";"Rue du Père Favron";" -21,2248720";"55,5584290"
"201900009885";"13";"2";"2019";"16:14";"1";"974";"97415";"1";"1";"7";"6";"route du théâtre";" -21,0366350";"55,3101670"
"201900009886";"8";"2";"2019";"15:10";"1";"974";"97402";"2";"3";"1";"3";"chemin bras panon";" -21,0302460";"55,6145480"
"201900009887";"11";"2";"2019";"17:45";"1";"973";"97306";"1";"1";"1";"6";"pk 182,5 RN1";"5,5381215";" -53,5062933"
"201900009888";"9";"2";"2019";"12:45";"1";"973";"97311";"1";"1";"1";"1";"route de saint jean";"5,4398047";" -54,0378320"
"201900009889";"8";"2";"2019";"08:45";"1";"973";"97312";"1";"1";"1";"3";"RN1 - PK 110+300";"5,3462575";" -52,9347897"
"201900009890";"7";"2";"2019";"15:30";"1";"973";"97304";"1";"1";"1";"2";"RN 1 Pont de kourou";"5,1497600";" -52,6715040"
"201900009891";"11";"2";"2019";"15:30";"1";"971";"97122";"2";"1";"1";"6";"64 rue Rémy NAINSOUTA";"16,4150680";" -61,5236210"
"201900009892";"11";"2";"2019";"20:15";"3";"971";"97118";"1";"1";"1";"6";"RN1";"16,2054830";" -61,6046160"
"201900009893";"11";"2";"2019";"09:15";"1";"77";"77196";"2";"2";"8";"3";"D54 X D54A";"48,9403300";"2,7428500"
"201900009894";"12";"2";"2019";"13:00";"1";"77";"77265";"2";"9";"1";"3";"chemin de l'usine";"48,9589830";"3,1846480"
"201900009895";"7";"2";"2019";"12:55";"1";"95";"95241";"2";"1";"1";"6";"20 rue Maitre Renault";"49,0500560";"2,4517810"
"201900009896";"13";"2";"2019";"18:45";"5";"91";"91315";"1";"9";"1";"3";"RD31";"48,5085880";"2,3550650"
"201900009897";"10";"2";"2019";"11:10";"1";"78";"78262";"1";"1";"3";"2";"PK 45,5 nationale 12";"48,8017180";"1,8057210"
"201900009898";"10";"2";"2019";"16:15";"1";"78";"78668";"1";"2";"3";"3";"route départementale 113";"49,0248350";"1,5215740"
"201900009899";"10";"2";"2019";"00:50";"3";"78";"78089";"1";"1";"2";"7";"Autoroute A13 PK 057.250 sens Province -> Paris";"49,0207630";"1,5707240"
"201900009900";"10";"2";"2019";"05:15";"3";"66";"66065";"1";"1";"1";"3";"RD914";"42,6100440";"2,9849860"
"201900009901";"11";"2";"2019";"17:45";"3";"66";"66182";"1";"1";"1";"3";"N/A";"42,7318600";"3,0133760"
"201900009902";"8";"2";"2019";"15:50";"1";"48";"48198";"2";"1";"1";"6";"22 rue de Palhères_Collège Odilon Barrot";"44,4405360";"3,9270410"
"201900009903";"5";"2";"2019";"17:30";"1";"30";"30132";"2";"1";"1";"5";"rue Pasteur";"44,2109150";"4,0278450"
"201900009904";"8";"2";"2019";"05:40";"5";"34";"34023";"2";"3";"1";"6";"D2 route de SETE";"43,4475750";"3,6931020"
"201900009905";"7";"2";"2019";"20:10";"3";"34";"34023";"1";"1";"1";"1";"RD600";"43,4555060";"3,7034300"
"201900009906";"10";"2";"2019";"14:15";"1";"84";"84150";"1";"1";"1";"6";"d161";"44,3067890";"4,9091060"
"201900009907";"10";"2";"2019";"16:00";"1";"84";"84068";"1";"1";"1";"3";"Combe de Lourmarin";"43,7845450";"5,3460340"
"201900009908";"12";"2";"2019";"18:45";"5";"83";"83107";"2";"1";"1";"5";"N/A";"43,3608270";"6,7167310"
"201900009909";"8";"2";"2019";"22:00";"1";"83";"83107";"1";"1";"1";"6";" RD N7";"43,4611250";"6,6363150"
"201900009910";"13";"2";"2019";"08:20";"1";"83";"83023";"1";"1";"1";"6";"direction BRIGNOLES";"43,4014860";"6,0442210"
"201900009911";"9";"2";"2019";"08:40";"1";"83";"83023";"1";"1";"1";"1";" RD N7";"43,4036070";"6,0079490"
"201900009912";"7";"2";"2019";"22:01";"3";"6";"06075";"1";"1";"1";"6";"Route M19";"43,8294470";"7,2563550"
"201900009913";"26";"1";"2019";"20:00";"3";"13";"13097";"1";"3";"1";"1";"D27";"43,6658490";"4,7983770"
"201900009914";"31";"1";"2019";"21:35";"3";"13";"13110";"1";"1";"1";"6";"D12";"43,4664790";"5,6818340"
"201900009915";"31";"1";"2019";"21:35";"3";"13";"13110";"1";"1";"1";"6";"RD12";"43,4661210";"5,6818130"
"201900009916";"12";"2";"2019";"10:00";"1";"89";"89257";"2";"2";"5";"3";"rue Dupré Luxembourg";"47,9639795";"3,5233123"
"201900009917";"6";"2";"2019";"08:10";"2";"21";"21292";"1";"1";"5";"4";"RD905";"47,2313010";"5,2337420"
"201900009918";"12";"2";"2019";"16:40";"1";"10";"10006";"2";"1";"1";"2";"13 bis route de brienne";"48,5351180";"4,1504710"
"201900009919";"12";"2";"2019";"16:58";"1";"67";"67519";"2";"1";"1";"6";"16 rue de la Foret";"48,6586500";"7,8454040"
"201900009920";"10";"2";"2019";"10:35";"1";"67";"67378";"1";"1";"8";"7";"RD 222";"48,4716230";"7,7117590"
"201900009921";"12";"2";"2019";"16:55";"1";"74";"74220";"1";"3";"1";"1";"intersection route de Viaison - route d'Annemasse";"46,1596700";"6,2426430"
"201900009922";"8";"2";"2019";"17:50";"2";"74";"74229";"1";"1";"8";"2";"D 1206";"46,2325320";"6,3160860"
"201900009923";"11";"2";"2019";"08:15";"1";"74";"74201";"2";"1";"8";"6";"chemin neuf";"46,1185710";"6,1098560"
"201900009924";"8";"2";"2019";"15:08";"1";"74";"74016";"1";"1";"1";"2";"Route D1206";"46,1394500";"6,1272540"
"201900009925";"7";"2";"2019";"16:00";"1";"74";"74080";"1";"1";"1";"6";"Rte des confins";"45,9056130";"6,4367040"
"201900009926";"9";"2";"2019";"00:45";"3";"73";"73248";"1";"1";"1";"5";"RD926";"45,2641956";"6,3289105"
"201900009927";"9";"2";"2019";"08:30";"1";"73";"73150";"1";"1";"4";"6";"RD 221";"45,5145101";"6,6792896"
"201900009928";"7";"2";"2019";"17:10";"2";"42";"42323";"2";"2";"2";"4";"RD 1082";"45,5621510";"4,2768780"
"201900009929";"8";"2";"2019";"07:10";"2";"38";"38449";"1";"1";"9";"6";"D 75";"45,6254800";"5,0894000"
"201900009930";"7";"2";"2019";"19:15";"3";"44";"44035";"1";"1";"1";"6";"rue de l'Europe";"47,2858430";" -1,5461560"
"201900009931";"1";"2";"2019";"14:30";"1";"26";"26347";"2";"1";"2";"3";"rue emile friole";"45,0712610";"4,8384840"
"201900009932";"28";"1";"2019";"18:50";"3";"1";"01105";"1";"3";"1";"6";"Route de Saint-André de Corcy";"45,9342240";"4,9028040"
"201900009933";"12";"2";"2019";"16:50";"2";"1";"01185";"2";"2";"7";"5";"avenue de la liberté";"45,9747004";"5,5958637"
"201900009934";"11";"2";"2019";"19:45";"3";"69";"69065";"1";"1";"1";"6";"751 lieu dit Chassagne";"46,1437200";"4,7266500"
"201900009935";"1";"2";"2019";"18:40";"5";"69";"69206";"2";"9";"1";"6";"Rue des Vernailles";"46,0572000";"4,7208900"
"201900009936";"11";"2";"2019";"00:50";"5";"65";"65059";"1";"1";"2";"6";"37 bis avenue maquis de Payolle";"43,0513818";"0,1578501"
"201900009937";"8";"2";"2019";"09:50";"1";"9";"09261";"2";"1";"1";"6";"05 avenue des évadés de France";"42,9808900";"1,1508490"
"201900009938";"7";"2";"2019";"17:00";"1";"87";"87156";"2";"1";"1";"6";"Route de Rouveix";"45,8315760";"1,3764050"
"201900009939";"9";"2";"2019";"07:50";"1";"17";"17184";"1";"1";"1";"6";"D 733";"45,7754240";" -0,9361560"
"201900009940";"12";"2";"2019";"16:20";"1";"17";"17243";"1";"9";"1";"1";"Route de Montendre";"45,2421490";" -0,2709320"
"201900009941";"9";"2";"2019";"07:30";"2";"86";"86163";"1";"1";"1";"1";"RD 3";"46,6417340";"0,4924330"
"201900009942";"12";"2";"2019";"08:45";"1";"64";"64126";"2";"1";"1";"1";"rue des Lilas";"43,1700150";" -0,6079880"
"201900009943";"12";"2";"2019";"10:30";"1";"64";"64422";"2";"6";"1";"6";"BEAUVALLON";"43,1969000";" -0,6027520"
"201900009944";"12";"2";"2019";"14:30";"1";"47";"47157";"1";"2";"1";"3";"lieu dit Phenix";"44,5113910";"0,2003660"
"201900009945";"10";"2";"2019";"18:45";"3";"33";"33293";"2";"1";"2";"6";"78 route de Sorbède";"44,8953560";" -0,4168590"
"201900009946";"9";"2";"2019";"16:45";"1";"33";"33100";"1";"1";"1";"6";"RD137";"45,1269500";" -0,6160000"
"201900009947";"9";"2";"2019";"16:15";"1";"33";"33519";"2";"6";"1";"3";"Av de Soulac/Av de la Dame Blanche";"44,9091640";" -0,6689480"
"201900009948";"12";"2";"2019";"17:30";"1";"33";"33051";"2";"3";"1";"2";"Avenue de la cote d'argent";"44,6310200";" -0,9831000"
"201900009949";"11";"2";"2019";"14:40";"1";"85";"85126";"1";"3";"1";"3";"D206";"46,4767500";" -0,8722700"
"201900009950";"10";"2";"2019";"09:30";"1";"49";"49021";"2";"1";"1";"6";"rue d'alsace";"47,4405680";" -0,2161680"
"201900009951";"5";"2";"2019";"16:35";"1";"44";"44172";"2";"1";"1";"1";"D337";"47,2609570";" -1,4874110"
"201900009952";"11";"2";"2019";"17:57";"1";"22";"22324";"1";"6";"1";"7";"route départementale D 788";"48,7864460";" -3,4475910"
"201900009953";"7";"2";"2019";"14:40";"1";"22";"22176";"1";"1";"1";"6";"Le Pesle Hinault";"48,4358781";" -2,7282677"
"201900009954";"8";"2";"2019";"16:30";"1";"27";"27016";"1";"1";"1";"2";"Route départementale 125";"49,2481970";"1,4583200"
"201900009955";"8";"2";"2019";"07:25";"2";"76";"76563";"2";"1";"1";"1";"RD 6015";"49,5207590";"0,3082880"
"201900009956";"8";"2";"2019";"13:55";"5";"60";"60341";"1";"1";"2";"2";"D943";"49,0978048";"2,7380652"
"201900009957";"8";"2";"2019";"21:30";"5";"60";"60139";"1";"2";"2";"2";"D923";"49,1824497";"2,2346119"
"201900009958";"8";"2";"2019";"10:30";"1";"62";"62014";"2";"1";"1";"6";"rue du fort gassion";"50,6417760";"2,3978680"
"201900009959";"8";"2";"2019";"20:30";"3";"62";"62894";"1";"1";"3";"6";"Autoroute A16 sens BOULOGNE-CALAIS";"50,7629690";"1,6362590"
"201900009960";"8";"2";"2019";"11:00";"1";"59";"59363";"1";"1";"6";"3";"D934";"50,2129370";"3,6412780"
"201900009961";"8";"2";"2019";"21:15";"3";"59";"59285";"1";"1";"3";"6";"rue de Villers D45";"50,2473810";"3,4121650"
"201900009962";"11";"2";"2019";"18:55";"3";"59";"59611";"1";"1";"1";"2";"rue d'ypres";"50,6984610";"3,0150710"
"201900009963";"8";"2";"2019";"07:30";"5";"59";"59497";"2";"1";"2";"6";"ROUTE D'HAZEBROUCK";"50,7293210";"2,3741410"