"Num_Acc";"jour";"mois";"an";"hrmn";"lum";"dep";"com";"agg";"int";"atm";"col";"adr";"lat";"long"
"201900009964";"12";"2";"2019";"21:30";"3";"13";"13081";"1";"1";"1";"2";"A7-Sens Lyon vers Marseille";"43,4832800";"5,2407100"
"201900009965";"11";"2";"2019";"12:40";"1";"13";"13001";"1";"1";"1";"4";"A51-Sens Marseille vers Aix en Provence";"43,5110600";"5,4198800"
"201900009966";"3";"2";"2019";"20:00";"3";"13";"13071";"1";"1";"1";"2";"A7-Sens Lyon vers Marseille";"43,4034840";"5,3086730"
"201900009967";"15";"1";"2019";"18:45";"5";"13";"13055";"1";"1";"1";"4";"A507 sens Aubagne- Marseille";"43,3310000";"5,3800000"
"201900009968";"9";"2";"2019";"07:00";"5";"13";"13214";"1";"1";"1";"7";"A7-Sens Marseille vers Lyon";"43,3409700";"5,3763400"
"201900009969";"8";"2";"2019";"20:00";"3";"13";"13019";"1";"1";"1";"3";"A51-Sens Aix en Provence vers Marseille";"43,4260770";"5,3789640"
"201900009970";"1";"2";"2019";"11:30";"1";"13";"13055";"1";"1";"2";"7";"A507 sens Marseille - Aubagne";"43,3388830";"5,3769880"
"201900009971";"7";"2";"2019";"17:50";"2";"13";"13015";"1";"1";"1";"5";"A51-Sens Aix en Provence vers Marseille";"43,3772500";"5,3578600"
"201900009972";"5";"2";"2019";"16:40";"1";"13";"13211";"1";"1";"1";"7";"A50-Sens Marseille vers Aubagne";"43,2941300";"5,4692230"
"201900009973";"6";"2";"2019";"17:30";"1";"13";"13215";"1";"1";"1";"2";"A7-Sens Lyon vers Marseille";"43,4048500";"5,3593200"
"201900009974";"1";"2";"2019";"12:00";"1";"13";"13202";"2";"1";"1";"6";"TVPCD-Sens Les Ports vers Saint Victor";"43,4048500";"5,3593200"
"201900009975";"7";"2";"2019";"09:40";"1";"13";"13106";"1";"1";"1";"4";"A51-Sens Aix en Provence vers Marseille";"43,4011100";"5,3547200"
"201900009976";"7";"2";"2019";"08:45";"1";"13";"13211";"2";"1";"1";"3";"A50-Sens Aubagne vers Marseille";"43,2886200";"5,4982900"
"201900009977";"5";"2";"2019";"23:25";"3";"13";"13019";"1";"1";"1";"6";"A51-Sens Aix en Provence vers Marseille";"43,4181500";"5,3658100"
"201900009978";"9";"2";"2019";"11:15";"1";"69";"69290";"1";"1";"1";"2";"A43   3.865 A 9.894";"45,7083600";"4,9543400"
"201900009979";"9";"2";"2019";"10:20";"1";"69";"69029";"1";"1";"1";"2";"RD383   7.640 A 11.044";"45,7356000";"4,9019000"
"201900009980";"8";"2";"2019";"07:50";"1";"69";"69290";"1";"1";"1";"2";"A43   3.865 A 9.894";"45,7149100";"4,9434800"
"201900009981";"6";"2";"2019";"16:50";"1";"69";"69290";"1";"1";"1";"2";"RN346   38.960 A 40.883";"45,7034400";"4,9663900"
"201900009982";"10";"2";"2019";"05:54";"3";"42";"42207";"1";"1";"1";"7";"RN88 CROISSANT";"45,4662000";"4,4971500"
"201900009983";"7";"2";"2019";"08:00";"1";"57";"57452";"1";"9";"2";"3";"Autoroute A31";"49,1488000";"6,1840000"
"201900009984";"5";"2";"2019";"21:30";"3";"57";"57303";"1";"1";"1";"7";"Autoroute A31";"49,2039900";"6,1754200"
"201900009985";"10";"2";"2019";"21:25";"3";"33";"33090";"1";"1";"1";"4";"AUTOROUTE A 63";"44,7706800";" -0,6615500"
"201900009986";"8";"2";"2019";"15:35";"1";"33";"33063";"1";"1";"1";"3";"ROCADE A 630";"44,8824500";" -0,5505900"
"201900009987";"7";"2";"2019";"22:30";"5";"33";"33550";"1";"1";"1";"6";"ROCADE A 630";"44,7825500";" -0,5869700"
"201900009988";"3";"2";"2019";"05:58";"2";"59";"59560";"1";"1";"1";"5";"AUTOROUTE A1";"50,5397100";"3,0523100"
"201900009989";"7";"2";"2019";"16:10";"1";"62";"62766";"1";"1";"1";"4";"AUTOROUTE A16";"50,9440000";"2,0960500"
"201900009990";"11";"2";"2019";"19:45";"3";"94";"94003";"1";"1";"1";"6";"AUTOROUTE A6A";"48,8081000";"2,3408000"
"201900009991";"11";"2";"2019";"15:00";"1";"94";"94034";"1";"1";"1";"4";"AUTOROUTE A86";"48,7592200";"2,3232800"
"201900009992";"11";"2";"2019";"09:40";"1";"91";"91589";"1";"1";"1";"5";"AUTOROUTE A6";"48,6802070";"2,3324330"
"201900009993";"10";"2";"2019";"15:46";"1";"91";"91182";"1";"1";"1";"6";"RN 104";"48,6362000";"2,4026500"
"201900009994";"10";"2";"2019";"14:30";"1";"91";"91161";"1";"1";"1";"2";"AUTOROUTE A6";"48,7204000";"2,3110000"
"201900009995";"10";"2";"2019";"05:50";"3";"91";"91521";"1";"1";"2";"2";"AUTOROUTE A6";"48,6324780";"2,4055280"
"201900009996";"9";"2";"2019";"19:20";"5";"94";"94034";"1";"1";"1";"7";"AUTOROUTE A86";"48,7584000";"2,3382300"
"201900009997";"9";"2";"2019";"12:35";"1";"92";"92019";"1";"1";"1";"2";"RN 385 Extèrieure";"48,7598321";"2,2759088"
"201900009998";"9";"2";"2019";"06:15";"3";"91";"91136";"1";"1";"1";"2";"RN20";"48,7038670";"2,2863020"
"201900009999";"9";"2";"2019";"06:55";"3";"91";"91174";"1";"1";"8";"5";"RN 104";"48,6179830";"2,4570370"
"201900010000";"8";"2";"2019";"13:45";"1";"91";"91182";"1";"1";"8";"3";"RN 104";"48,6252400";"2,4180600"
"201900010001";"6";"2";"2019";"22:50";"3";"91";"91549";"1";"9";"2";"6";"RN 104";"48,6266100";"2,3451200"
"201900010002";"6";"2";"2019";"10:00";"1";"91";"91377";"1";"1";"1";"2";"AUTOROUTE A10";"48,7187300";"2,2927400"
"201900010003";"6";"2";"2019";"06:45";"3";"91";"91179";"1";"1";"1";"3";"AUTOROUTE A6";"48,5615000";"2,4830300"
"201900010004";"12";"2";"2019";"13:20";"1";"92";"92036";"1";"1";"1";"2";"A86";"48,9346949";"2,2688270"
"201900010005";"8";"2";"2019";"20:50";"3";"78";"78217";"1";"1";"3";"1";"A13";"48,9653000";"1,8143000"
"201900010006";"7";"2";"2019";"17:05";"1";"78";"78073";"1";"1";"1";"2";"A12 Y";"48,8015900";"2,0467960"
"201900010007";"7";"2";"2019";"12:00";"1";"92";"92048";"1";"1";"1";"4";"N118";"48,8078409";"2,2121143"
"201900010008";"7";"2";"2019";"11:35";"1";"78";"78640";"1";"1";"1";"6";"A86 INT";"48,7799450";"2,1890390"
"201900010009";"7";"2";"2019";"08:20";"1";"78";"78126";"1";"1";"1";"3";"A13";"48,8362270";"2,1287240"
"201900010010";"6";"2";"2019";"18:35";"3";"92";"92048";"1";"1";"2";"3";"N118";"48,7878117";"2,2219668"
"201900010011";"11";"2";"2019";"13:50";"1";"93";"93010";"1";"1";"1";"3";"AUTOROUTE A3";"48,9079500";"2,4730100"
"201900010012";"11";"2";"2019";"09:10";"1";"93";"93007";"1";"1";"1";"2";"AUTOROUTE A3";"48,9233000";"2,4804900"
"201900010013";"10";"2";"2019";"14:00";"1";"93";"93027";"1";"1";"2";"6";"AUTOROUTE A86";"48,9283100";"2,4121600"
"201900010014";"10";"2";"2019";"17:40";"1";"92";"92036";"1";"1";"2";"6";"AUTOROUTE A15";"48,9374377";"2,2940606"
"201900010015";"10";"2";"2019";"17:45";"3";"95";"95028";"1";"1";"3";"6";"RN 104";"49,0599800";"2,3550500"
"201900010016";"10";"2";"2019";"13:45";"1";"93";"93010";"1";"1";"2";"5";"AUTOROUTE A3";"48,8911300";"2,4733600"
"201900010017";"10";"2";"2019";"09:15";"1";"95";"95042";"1";"1";"2";"6";"RN 104";"49,0593400";"2,3048500"
"201900010018";"10";"2";"2019";"07:15";"3";"93";"93010";"1";"1";"2";"4";"AUTOROUTE A3";"48,8889700";"2,4737500"
"201900010019";"10";"2";"2019";"07:40";"3";"95";"95488";"1";"1";"3";"2";"AUTOROUTE A15";"49,0232100";"2,1342100"
"201900010020";"9";"2";"2019";"08:10";"1";"93";"93048";"1";"1";"1";"3";"AUTOROUTE A86";"48,8667000";"2,4816400"
"201900010021";"8";"2";"2019";"19:00";"3";"95";"95241";"1";"1";"1";"3";"RN 104";"49,0534800";"2,4262800"
"201900010022";"9";"2";"2019";"05:45";"3";"95";"95219";"1";"1";"2";"6";"AUTOROUTE A115";"48,9893700";"2,2438300"
"201900010023";"8";"2";"2019";"15:39";"1";"95";"95678";"1";"1";"1";"2";"RN 184";"49,0643500";"2,2140800"
"201900010024";"8";"2";"2019";"21:00";"3";"93";"93066";"1";"1";"1";"6";"AUTOROUTE A1";"48,9281500";"2,3579800"
"201900010025";"8";"2";"2019";"14:45";"1";"95";"95572";"1";"1";"2";"6";"RN 184";"49,0329000";"2,1092900"
"201900010026";"7";"2";"2019";"19:45";"3";"95";"95018";"1";"1";"1";"2";"AUTOROUTE A15";"48,9540900";"2,2790100"
"201900010027";"7";"2";"2019";"18:00";"2";"93";"93007";"1";"1";"1";"4";"AUTOROUTE A3";"48,9330500";"2,4807400"
"201900010028";"7";"2";"2019";"17:14";"1";"95";"95488";"1";"1";"1";"3";"AUTOROUTE A15";"49,0253100";"2,1315100"
"201900010029";"7";"2";"2019";"10:30";"1";"93";"93078";"1";"1";"1";"4";"AUTOROUTE A104";"48,9708900";"2,4998500"
"201900010030";"7";"2";"2019";"09:25";"1";"93";"93005";"1";"1";"2";"2";"AUTOROUTE A3";"48,9312500";"2,4809600"
"201900010031";"10";"2";"2019";"12:00";"1";"77";"77053";"1";"1";"2";"6";"RN104";"48,6729300";"2,6113400"
"201900010032";"9";"2";"2019";"17:05";"1";"77";"77294";"1";"1";"1";"7";"A104";"48,9534500";"2,6281000"
"201900010033";"9";"2";"2019";"07:50";"2";"77";"77258";"1";"1";"2";"6";"A4.W";"48,8316900";"2,6456600"
"201900010034";"8";"2";"2019";"19:15";"3";"94";"94069";"1";"1";"1";"2";"A4";"48,8081000";"2,4113300"
"201900010035";"8";"2";"2019";"02:40";"3";"77";"77053";"1";"1";"1";"7";"RN104";"48,6755600";"2,6105100"
"201900010036";"8";"2";"2019";"02:45";"3";"77";"77449";"1";"1";"2";"2";"A4";"48,8334110";"2,7955190"
"201900010037";"7";"2";"2019";"21:00";"5";"94";"94073";"1";"1";"1";"6";"A86 EXT";"48,7733300";"2,3960400"
"201900010038";"18";"10";"2019";"17:20";"1";"35";"35238";"1";"1";"2";"7";"RN 136";"48,1206800";" -1,7203300"
"201900010039";"18";"10";"2019";"17:55";"2";"35";"35281";"2";"2";"2";"3";"MENDES FRANCE (BD PIERRE)";"48,0963294";" -1,6926213"
"201900010040";"18";"10";"2019";"11:30";"1";"35";"35051";"2";"2";"1";"3";"BRAY (RUE DE)";"48,1054000";" -1,6290000"
"201900010041";"16";"10";"2019";"13:35";"1";"34";"34032";"2";"1";"1";"3";"FOUCAULT JEAN (AV)";"43,3310500";"3,2627800"
"201900010042";"18";"10";"2019";"21:50";"5";"33";"33318";"2";"2";"1";"3";"PCE DU GENERAL DE GAULLE";"44,7994600";" -0,6631300"
"201900010043";"18";"10";"2019";"14:15";"1";"33";"33069";"2";"6";"1";"1";"VOIE LIAISON LAMARTINE PRESSENCE";"44,8635800";" -0,6063100"
"201900010044";"17";"10";"2019";"21:20";"5";"33";"33063";"2";"1";"1";"6";"CARTHY CAUD (RUE MAC)";"44,8397000";" -0,6209200"
"201900010045";"17";"10";"2019";"09:00";"1";"33";"33039";"2";"2";"3";"1";"BD JEAN-JACQUES BOSC";"44,8171000";" -0,5484400"
"201900010046";"17";"10";"2019";"08:15";"1";"31";"31069";"2";"6";"1";"3";"ANDROMEDE (AV)";"43,6553300";"1,3653600"
"201900010047";"18";"10";"2019";"13:12";"1";"29";"29232";"2";"1";"1";"3";"BREST ROUTE DE";"47,9982191";" -4,0950412"
"201900010048";"18";"10";"2019";"20:20";"5";"29";"29019";"2";"6";"1";"3";"PAULET GENERAL (173 ET 206 A FIN)";"48,4124400";" -4,4758800"
"201900010049";"18";"10";"2019";"15:03";"1";"29";"29019";"2";"1";"1";"2";"MONTAIGNE (DE 39 A 111 ET 32 A 96)";"48,4045900";" -4,4791300"
"201900010050";"18";"10";"2019";"10:20";"1";"26";"26198";"2";"1";"2";"6";"CATALINS (Chemin des )";"44,5672700";"4,7575200"
"201900010051";"18";"10";"2019";"07:50";"2";"25";"25462";"2";"2";"1";"7";"SAINT ETIENNE FAUBOURG";"46,9002000";"6,3610280"
"201900010052";"18";"10";"2019";"11:20";"1";"24";"24053";"1";"1";"8";"1";"VINCI (RUE LEONARD DE)";"45,1876000";"0,7822500"
"201900010053";"18";"10";"2019";"14:14";"1";"21";"21231";"2";"2";"1";"3";"CHEVREUL (RUE)";"47,3089350";"5,0378390"
"201900010054";"18";"10";"2019";"22:10";"5";"17";"17300";"2";"2";"2";"1";"GUITON   AVENUE JEAN (9-165 et 4)";"46,1597100";" -1,1657600"
"201900010055";"18";"10";"2019";"14:50";"1";"15";"15014";"1";"1";"2";"1";"BRIAND (AVENUE ARISTIDE)";"44,9161000";"2,4562000"
"201900010056";"18";"10";"2019";"16:15";"1";"14";"14118";"2";"1";"8";"2";"DELIVRANDE (RUE DE LA)";"49,1817100";" -0,3636600"
"201900010057";"18";"10";"2019";"14:30";"1";"13";"13117";"2";"9";"1";"3";"PADOVANI ( AVE )";"43,4392400";"5,2556300"
"201900010058";"18";"10";"2019";"21:10";"5";"13";"13206";"2";"3";"1";"2";"PARADIS (RUE)";"43,2877080";"5,3702210"
"201900010059";"18";"10";"2019";"16:45";"1";"13";"13208";"2";"3";"1";"3";"PRADO (AVENUE DU)";"43,2741200";"5,3904900"
"201900010060";"18";"10";"2019";"17:55";"1";"13";"13211";"1";"1";"1";"6";"RTE D' ALLAUCH";"43,3103900";"5,4999400"
"201900010061";"18";"10";"2019";"14:15";"1";"13";"13214";"2";"1";"1";"6";"SAINTE MARTHE (chemin)";"43,3311800";"5,3890900"
"201900010062";"18";"10";"2019";"13:50";"1";"13";"13202";"2";"1";"1";"3";"DAMES (BOULEVARD DES)";"43,3020000";"5,3723000"
"201900010063";"17";"10";"2019";"17:20";"1";"10";"10325";"2";"1";"2";"2";"PASTEUR (RUE)";"48,2629079";"4,0808737"
"201900010064";"18";"10";"2019";"15:47";"1";"10";"10387";"2";"1";"8";"6";"PREMIER RAM (RUE DU)";"48,2957900";"4,0735300"
"201900010065";"18";"10";"2019";"08:30";"1";"10";"10387";"2";"3";"2";"3";"LOMBARDS (AVENUE)";"48,2690000";"4,0846000"
"201900010066";"18";"10";"2019";"19:00";"4";"6";"06088";"2";"2";"3";"6";"DEROULEDE (RUE PAUL)";"43,7009210";"7,2666100"
"201900010067";"18";"10";"2019";"10:05";"1";"6";"06088";"2";"2";"1";"3";"SOLA (BD PIERRE)";"43,7064280";"7,2885170"
"201900010068";"18";"10";"2019";"08:00";"1";"6";"06088";"2";"2";"1";"6";"BEAL (RUE DU)";"43,7010220";"7,2887380"
"201900010069";"18";"10";"2019";"21:40";"3";"6";"06027";"1";"1";"2";"3";"GAUDE AVENUE DE LA";"43,6991660";"7,1494710"
"201900010070";"18";"10";"2019";"06:30";"5";"6";"06027";"2";"1";"1";"3";"NICE AVENUE DE (RN7)";"43,6595750";"7,1691540"
"201900010071";"18";"10";"2019";"08:10";"1";"75";"75119";"2";"1";"2";"3";"BD PERIPHERIQUE EXTERIEUR";"48,8936100";"2,3952870"
"201900010072";"17";"10";"2019";"09:30";"1";"75";"75116";"2";"1";"1";"3";"BD PERIPHERIQUE EXTERIEUR";"48,8705970";"2,2723520"
"201900010073";"16";"10";"2019";"21:53";"5";"75";"75113";"2";"1";"2";"6";"BD PERIPHERIQUE EXTERIEUR";"48,8182630";"2,3694570"
"201900010074";"18";"10";"2019";"06:55";"5";"75";"75120";"2";"2";"3";"3";"RUE D AVRON";"48,8527034";"2,4061050"
"201900010075";"18";"10";"2019";"17:41";"1";"75";"75119";"2";"1";"1";"3";"AVENUE DE FLANDRE";"48,8904340";"2,3766974"
"201900010076";"18";"10";"2019";"08:25";"1";"75";"75119";"2";"2";"2";"3";"AVENUE DE FLANDRE";"48,8923245";"2,3791355"
"201900010077";"18";"10";"2019";"16:15";"1";"75";"75118";"2";"1";"1";"6";"RUE DU MONT CENIS";"48,8964117";"2,3464813"
"201900010078";"18";"10";"2019";"08:15";"1";"75";"75116";"2";"2";"2";"3";"ALLEE DE LA REINE MARGUERITE";"48,8585665";"2,2448764"
"201900010079";"17";"10";"2019";"20:15";"5";"75";"75116";"2";"3";"1";"3";"AVENUE DU PRESIDENT KENNEDY";"48,8526800";"2,2806470"
"201900010080";"17";"10";"2019";"15:55";"1";"75";"75116";"2";"2";"1";"3";"RUE MAURICE BOURDET";"48,8513469";"2,2784853"
"201900010081";"18";"10";"2019";"18:30";"2";"75";"75111";"2";"1";"1";"3";"BOULEVARD VOLTAIRE";"48,8550120";"2,3848330"
"201900010082";"18";"10";"2019";"13:25";"1";"75";"75108";"2";"4";"1";"2";"RUE DES SAUSSAIES";"48,8713480";"2,3177690"
"201900010083";"18";"10";"2019";"01:05";"5";"75";"75108";"2";"1";"1";"4";"VOIE GEORGES POMPIDOU";"48,8647728";"2,3096445"
"201900010084";"18";"10";"2019";"21:00";"5";"75";"75107";"2";"2";"1";"3";"QUAI D ORSAY";"48,8625492";"2,3104058"
"201900010085";"18";"10";"2019";"15:20";"1";"75";"75107";"2";"3";"7";"3";"QUAI BRANLY";"48,8605574";"2,2956089"
"201900010086";"18";"10";"2019";"09:25";"1";"75";"75107";"2";"1";"8";"7";"PONT D IENA";"48,8596880";"2,2922480"
"201900010087";"16";"10";"2019";"19:55";"5";"75";"75104";"2";"3";"2";"3";"BOULEVARD DE SEBASTOPOL";"48,8612120";"2,3497250"
"201900010088";"18";"10";"2019";"09:20";"1";"75";"75104";"2";"2";"8";"3";"QUAI DE L HOTEL DE VILLE";"48,8533352";"2,3578248"
"201900010089";"18";"10";"2019";"08:40";"1";"94";"94067";"2";"1";"2";"6";"GAMBETTA (AV)";"48,8438000";"2,4188000"
"201900010090";"17";"10";"2019";"19:50";"5";"94";"94068";"2";"2";"1";"3";"ALMA (AV DE L)";"48,7848000";"2,4953000"
"201900010091";"18";"10";"2019";"15:15";"1";"94";"94016";"2";"1";"1";"6";"DIVISION LECLERC (AV DE LA)";"48,7869300";"2,3302200"
"201900010092";"18";"10";"2019";"13:15";"1";"94";"94037";"2";"3";"1";"3";"PAUL VAILLANT COUTURIER (AV)";"48,8164800";"2,3380100"
"201900010093";"18";"10";"2019";"12:40";"1";"94";"94041";"2";"2";"1";"3";"GASTON MONMOUSSEAU (R)";"48,8030000";"2,3828000"
"201900010094";"18";"10";"2019";"19:15";"5";"94";"94038";"2";"1";"1";"6";"PAUL HOCHART (R)";"48,7765500";"2,3591000"
"201900010095";"18";"10";"2019";"13:55";"1";"94";"94028";"2";"1";"1";"6";"FALKIRK(RUE)";"48,7722000";"2,4581000"
"201900010096";"18";"10";"2019";"16:15";"1";"94";"94037";"2";"1";"1";"3";"PAUL VAILLANT COUTURIER (AV)";"48,8164800";"2,3380100"
"201900010097";"18";"10";"2019";"12:15";"1";"94";"94071";"2";"1";"1";"7";"OLIVIER D ORMESSON (AV)";"48,7810600";"2,5143900"
"201900010098";"18";"10";"2019";"02:30";"5";"93";"93064";"2";"1";"1";"3";"ALSACE-LORRAINE (BOULEVARD)";"48,8839130";"2,4883447"
"201900010099";"17";"10";"2019";"23:50";"5";"93";"93064";"2";"2";"1";"3";"ALSACE-LORRAINE (BOULEVARD)";"48,8866500";"2,4719300"
"201900010100";"18";"10";"2019";"14:35";"1";"93";"93053";"2";"1";"8";"5";"GABRIEL PERI (BLD)";"48,8798100";"2,4640900"
"201900010101";"17";"10";"2019";"10:50";"1";"93";"93053";"2";"2";"1";"3";"NEUILLY (RUE DE) N° 4 A ... - N° 9 A ...";"48,8854700";"2,4619100"
"201900010102";"18";"10";"2019";"14:40";"1";"93";"93032";"2";"1";"1";"3";"ABBESSES  (CHEMIN D'ACCES AUX)";"48,8700000";"2,5600000"
"201900010103";"18";"10";"2019";"01:36";"5";"93";"93046";"2";"2";"1";"3";"ARISTIDE BRIAND AVENUE";"48,9105500";"2,5121600"
"201900010104";"7";"10";"2019";"03:15";"5";"93";"93030";"2";"1";"1";"3";"HUIT-MAI-1945 (AVENUE DU)";"48,9491060";"2,4385720"
"201900010105";"18";"10";"2019";"20:30";"5";"93";"93066";"2";"9";"1";"2";"STADE DE FRANCE (AVENUE DU)";"48,9191030";"2,3618390"
"201900010106";"18";"10";"2019";"10:55";"1";"93";"93001";"2";"2";"1";"6";"NOYERS (RUE DES)  => 17/22";"48,9162131";"2,3816225"
"201900010107";"17";"10";"2019";"09:30";"1";"92";"92064";"2";"1";"2";"3";"MARCEL DASSAULT";"48,8546953";"2,2227534"
"201900010108";"18";"10";"2019";"09:30";"1";"92";"92051";"2";"2";"1";"6";"BINEAU (BOULEVARD, N°53 A 131 ET 52 A 13";"48,8880000";"2,2750000"
"201900010109";"17";"10";"2019";"20:00";"5";"92";"92048";"2";"1";"8";"6";"PARIS (RUE DE) N° 1 A 15BIS";"48,8167700";"2,2478500"
"201900010110";"17";"10";"2019";"19:10";"5";"92";"92036";"2";"1";"1";"6";"GRESILLONS (AVENUE DES) (141/215)";"48,9144000";"2,3001500"
"201900010111";"17";"10";"2019";"13:00";"1";"92";"92025";"2";"1";"1";"2";"VALMY (BD DE)";"48,9289861";"2,2544775"
"201900010112";"16";"10";"2019";"07:50";"2";"92";"92024";"2";"1";"2";"2";"CLICHY (PONT DE)";"48,9099036";"2,2993568"
"201900010113";"17";"10";"2019";"08:50";"1";"92";"92009";"2";"3";"1";"3";"JEAN JAURES ( RUE )";"48,9125700";"2,2620600"
"201900010114";"17";"10";"2019";"17:10";"1";"17";"17315";"1";"1";"8";"1";"RD 108";"46,1369070";" -0,9165670"
"201900010115";"18";"10";"2019";"10:20";"1";"33";"33088";"2";"1";"1";"5";"21 rue de la République";"45,0153100";" -0,0411100"
"201900010116";"11";"10";"2019";"18:00";"1";"34";"34243";"1";"1";"1";"1";"D986";"43,9043350";"3,7379890"
"201900010117";"17";"10";"2019";"19:00";"1";"22";"22206";"1";"1";"1";"2";"N/A";"48,5303680";" -2,9591060"
"201900010118";"16";"10";"2019";"17:50";"1";"84";"84099";"1";"2";"1";"3";"Chemin du Moulin d'Oise";"43,8608300";"5,1342010"
"201900010119";"19";"10";"2019";"09:35";"1";"87";"87133";"1";"1";"8";"7";"A20 - PK 139.144 - Direction PARIS";"46,1892160";"1,3824990"
"201900010120";"13";"10";"2019";"12:00";"1";"30";"30290";"1";"3";"1";"6";"Route de Pont";"44,2618080";"4,6026300"
"201900010121";"19";"10";"2019";"11:55";"1";"62";"62428";"1";"1";"1";"1";"D5";"50,2187350";"2,8461960"
"201900010122";"18";"10";"2019";"18:00";"1";"19";"19023";"1";"1";"1";"6";"Route de beaulieu";"45,1200940";"1,6825970"
"201900010123";"18";"10";"2019";"15:55";"1";"79";"79257";"1";"1";"1";"1";"D101";"46,2338860";" -0,6884280"
"201900010124";"19";"10";"2019";"02:10";"3";"2B";"2B050";"1";"1";"1";"6";"T30";"42,5521710";"8,7743640"
"201900010125";"18";"10";"2019";"18:45";"2";"33";"33185";"1";"1";"1";"5";"D1089";"44,8698200";" -0,2645700"
"201900010126";"19";"10";"2019";"17:20";"1";"69";"69063";"1";"1";"9";"3";"Quai d'Illhaeusern";"45,8181530";"4,8535660"
"201900010127";"19";"10";"2019";"14:00";"1";"71";"71132";"1";"1";"2";"1";"rue du 11 novembre 1918";"46,6149140";"4,2897650"
"201900010128";"19";"10";"2019";"11:30";"1";"63";"63321";"1";"1";"8";"7";"D14";"45,5891943";"3,2787037"
"201900010129";"19";"10";"2019";"04:30";"3";"63";"63054";"1";"1";"2";"6";"D909";"45,4972180";"3,2536560"
"201900010130";"18";"10";"2019";"12:00";"1";"55";"55404";"1";"4";"2";"3";"33 Rue du Moulin";"48,9048090";"5,3289730"
"201900010131";"19";"10";"2019";"11:25";"1";"42";"42131";"1";"1";"1";"1";"Chemin de la Goutte Dine";"46,1765040";"4,2432970"
"201900010132";"10";"9";"2019";"21:56";"3";"46";"46088";"1";"1";"1";"2";"Rue de la Prade";"44,4792100";"1,3499230"
"201900010133";"19";"10";"2019";"08:30";"1";"47";"47174";"1";"1";"1";"1";"Pissette";"44,0586710";"0,3715890"
"201900010134";"15";"10";"2019";"00:30";"3";"47";"47095";"1";"1";"3";"6";"Benezit";"44,4229582";"0,2960129"
"201900010135";"9";"10";"2019";"11:10";"1";"22";"22018";"1";"1";"1";"7";"Kernevez";"48,6558630";" -3,2273610"
"201900010136";"16";"10";"2019";"12:50";"1";"25";"25212";"2";"5";"1";"1";"Rue de Châtillon";"47,2840370";"5,9928640"
"201900010137";"19";"10";"2019";"12:20";"1";"44";"44091";"1";"1";"8";"6";"Lieu dit la colle";"47,6065430";" -1,6832950"
"201900010138";"18";"10";"2019";"09:25";"1";"29";"29215";"2";"1";"1";"6";"1050 Lieu Dit Scantourec";"47,9795010";" -4,4327300"
"201900010139";"19";"10";"2019";"03:00";"4";"31";"31481";"1";"1";"1";"6";"D53b";"43,4959600";"1,1401400"
"201900010140";"17";"10";"2019";"08:50";"1";"31";"31261";"2";"1";"7";"1";"D626b";"43,3037255";"1,1623840"
"201900010141";"18";"10";"2019";"20:00";"3";"38";"38311";"1";"1";"2";"1";"Montee Chambourriere";"45,3505300";"5,0962070"
"201900010142";"17";"10";"2019";"21:25";"3";"38";"38226";"1";"1";"1";"6";"Route de Charvet";"44,8375600";"5,7582000"
"201900010143";"17";"10";"2019";"00:15";"3";"58";"58059";"2";"1";"1";"7";"120 Avenue du Marechal Leclerc";"47,1905440";"3,0154540"
"201900010144";"19";"10";"2019";"17:50";"1";"14";"14241";"2";"1";"1";"6";"D71";"49,0745590";" -0,6272800"
"201900010145";"19";"10";"2019";"12:00";"1";"64";"64199";"2";"1";"1";"1";"chemin pacheras";"43,5671250";" -0,1741660"
"201900010146";"19";"10";"2019";"00:30";"3";"10";"10056";"1";"1";"1";"6";"D48";"48,3754760";"4,2563680"
"201900010147";"17";"10";"2019";"22:10";"4";"36";"36128";"1";"1";"2";"5";"Route Nationale 151 PK60+500";"46,8502580";"1,7594930"
"201900010148";"3";"10";"2019";"12:15";"1";"7";"07110";"2";"9";"1";"3";"Chemin des Hameaux d'Auzon";"44,4794600";"4,2294850"
"201900010149";"16";"10";"2019";"19:00";"3";"37";"37149";"1";"1";"2";"6";"Diard";"47,6206939";"0,7224578"
"201900010150";"18";"10";"2019";"20:48";"3";"49";"49127";"1";"1";"8";"2";"A11";"47,6385360";" -0,2744440"
"201900010151";"18";"10";"2019";"22:55";"3";"1";"01067";"1";"1";"3";"7";"A40";"46,1134540";"5,4880280"
"201900010152";"18";"10";"2019";"15:50";"1";"69";"69244";"2";"1";"2";"1";"230 Avenue Charles de Gaulle";"45,7522100";"4,7628100"
"201900010153";"18";"10";"2019";"05:15";"3";"69";"69112";"1";"1";"8";"6";"Lentilly (Embranchement d'autoroute)";"45,8234500";"4,6870700"
"201900010154";"18";"10";"2019";"08:30";"1";"69";"69086";"1";"1";"8";"7";"A 89";"45,8413600";"4,6392500"
"201900010155";"17";"10";"2019";"08:40";"1";"987";"98715";"2";"3";"1";"2";"Rt1 - Pk 6,600";" -17,5845220";" -149,5685780"
"201900010156";"18";"10";"2019";"18:45";"3";"6";"06079";"1";"1";"2";"7";"A8 chaussée Sud";"43,5555250";"6,9459580"
"201900010157";"19";"10";"2019";"14:04";"1";"45";"45302";"1";"1";"8";"3";"A10  - BRETELLE Sortie Orleans Nord";"47,9507430";"1,8473390"