"Num_Acc";"jour";"mois";"an";"hrmn";"lum";"dep";"com";"agg";"int";"atm";"col";"adr";"lat";"long"
"201900010158";"19";"10";"2019";"09:45";"1";"988";"98824";"2";"1";"1";"7";"R.P.N.10";" -20,3677810";"164,5623890"
"201900010159";"19";"10";"2019";"10:40";"1";"988";"98813";"1";"1";"1";"3";"rt1 village - niveau aire de repos de taiche";" -21,7547800";"165,8400600"
"201900010160";"18";"10";"2019";"21:30";"3";"973";"97311";"1";"1";"1";"3";"RN1";"5,4896162";" -54,0023435"
"201900010161";"18";"10";"2019";"05:30";"2";"971";"97129";"1";"1";"2";"1";"RN2 pont de la Ramée";"16,3040220";" -61,7027810"
"201900010162";"18";"10";"2019";"16:45";"1";"971";"97107";"1";"1";"2";"1";"1312 Boulevard de Bananier";"16,0478230";" -61,5910670"
"201900010163";"19";"10";"2019";"05:00";"3";"33";"33503";"2";"1";"2";"6";"RD5E3 Avenue de l'Ocean";"44,9251420";" -0,9876990"
"201900010164";"18";"10";"2019";"18:00";"1";"37";"37011";"1";"9";"1";"5";"D7";"47,2252120";"0,1744080"
"201900010165";"19";"10";"2019";"11:50";"1";"77";"77308";"1";"1";"2";"3";"D41";"49,0379500";"2,7380400"
"201900010166";"19";"10";"2019";"08:05";"1";"11";"11198";"1";"1";"8";"7";"D111";"43,3045160";"2,4964990"
"201900010167";"19";"10";"2019";"17:50";"1";"34";"34199";"1";"3";"8";"3";"D39";"43,4411750";"3,3951220"
"201900010168";"18";"10";"2019";"17:15";"1";"13";"13022";"2";"1";"1";"3";"rd 5559 route de MARSEILLE";"43,2248850";"5,5425470"
"201900010169";"18";"10";"2019";"09:19";"1";"26";"26002";"1";"1";"8";"4";"A7 - PK 036.000";"45,2411040";"4,8430840"
"201900010170";"19";"10";"2019";"05:30";"5";"68";"68174";"2";"1";"3";"7";"9 b Rue du Rhin";"47,6823020";"7,3930650"
"201900010171";"19";"10";"2019";"15:55";"1";"57";"57256";"1";"1";"2";"6";"D603";"49,1176445";"6,0384709"
"201900010172";"17";"10";"2019";"09:45";"1";"73";"73157";"2";"1";"8";"6";"D1006  8 Place Sommeiller";"45,1935510";"6,6583753"
"201900010173";"18";"10";"2019";"12:00";"1";"81";"81092";"1";"1";"1";"5";"D49";"43,6982540";"1,8737530"
"201900010174";"19";"10";"2019";"03:00";"5";"40";"40184";"2";"2";"1";"6";"11 Avenue Maurice Martin";"44,2141830";" -1,2959340"
"201900010175";"19";"10";"2019";"12:35";"1";"33";"33326";"1";"1";"1";"1";"RD 137";"45,3163760";" -0,5763970"
"201900010176";"18";"10";"2019";"13:05";"1";"35";"35257";"2";"3";"1";"6";"26 Rue de Fougeres";"48,4096580";" -1,3640140"
"201900010177";"18";"10";"2019";"04:15";"3";"60";"60138";"1";"1";"9";"2";"D1330";"49,2196800";"2,5956982"
"201900010178";"13";"10";"2019";"05:30";"3";"13";"13215";"1";"1";"2";"7";"A55-Sens Marseille vers Martigues";"43,3293100";"5,3561500"
"201900010179";"18";"10";"2019";"08:02";"1";"94";"94003";"1";"1";"2";"3";"AUTOROUTE A6B";"48,8031729";"2,3417937"
"201900010180";"18";"10";"2019";"04:05";"5";"94";"94076";"1";"1";"1";"7";"AUTOROUTE A6A";"48,7913300";"2,3441500"
"201900010181";"17";"10";"2019";"07:50";"1";"78";"78133";"1";"1";"2";"3";"A13";"48,8926970";"2,0084870"
"201900010182";"18";"10";"2019";"15:50";"1";"95";"95256";"1";"1";"1";"7";"RN 184";"49,0556300";"2,2032700"
"201900010183";"18";"10";"2019";"13:15";"1";"93";"93007";"1";"1";"1";"4";"AUTOROUTE A3";"48,9200000";"2,4793100"
"201900010184";"18";"10";"2019";"16:15";"1";"93";"93027";"1";"1";"1";"5";"AUTOROUTE A1";"48,9372200";"2,4106200"
"201900010185";"18";"10";"2019";"12:15";"1";"93";"93010";"1";"1";"1";"2";"AUTOROUTE A3";"48,8902400";"2,4735500"
"201900010186";"18";"10";"2019";"09:40";"1";"93";"93027";"1";"1";"1";"2";"AUTOROUTE A86";"48,9256800";"2,3963800"
"201900010187";"18";"10";"2019";"09:45";"1";"93";"93006";"1";"1";"1";"2";"AUTOROUTE A3";"48,8698900";"2,4303800"
"201900010188";"17";"10";"2019";"15:25";"1";"95";"95678";"1";"1";"1";"4";"RN 184";"49,0594200";"2,2107600"
"201900010189";"17";"10";"2019";"13:35";"1";"93";"93007";"1";"1";"2";"5";"AUTOROUTE A3";"48,9208300";"2,4796700"
"201900010190";"17";"10";"2019";"07:00";"4";"93";"93066";"1";"1";"2";"2";"AUTOROUTE A1";"48,9247500";"2,3571500"
"201900010191";"17";"10";"2019";"06:20";"3";"95";"95582";"1";"1";"2";"6";"RD 170";"48,9625000";"2,2633400"
"201900010192";"15";"10";"2019";"23:02";"5";"94";"94028";"1";"1";"1";"4";"A86 EXT";"48,8030108";"2,4483130"
"201900010193";"16";"10";"2019";"09:15";"1";"976";"97611";"2";"1";"1";"7";"kaweni-SPPM ( rue de la )";" -12,7699400";"45,2238600"
"201900010194";"16";"10";"2019";"08:20";"1";"976";"97611";"2";"1";"1";"2";"cavani-Manguiers (rue des)";" -12,7845700";"45,2241000"
"201900010195";"16";"10";"2019";"16:35";"1";"42";"42218";"2";"1";"1";"6";"UNIVERSITE (DE L')";"45,4201800";"4,4251700"
"201900010196";"17";"10";"2019";"16:18";"1";"29";"29039";"1";"1";"1";"7";"RN165 (VE)";"47,9288000";" -3,9006900"
"201900010197";"17";"10";"2019";"05:15";"4";"13";"13207";"2";"3";"1";"6";"PAPON (RUE)";"43,2818510";"5,3542250"
"201900010198";"16";"10";"2019";"15:30";"1";"94";"94060";"2";"1";"1";"5";"ARMAND PEUGEOT (R)";"48,7824004";"2,5695417"
"201900010199";"16";"10";"2019";"19:30";"5";"988";"98818";"2";"3";"1";"3";"ROUTE DE L'ANSE VATA/RUE DU PASTEUR DELORD";" -22,2894200";"166,4474600"
"201900010200";"17";"10";"2019";"15:20";"1";"974";"97411";"2";"3";"1";"3";"TOPAZES(ALLEE DES)";" -20,8966000";"55,4450000"
"201900010201";"17";"10";"2019";"16:15";"1";"69";"69387";"2";"1";"2";"6";"CAPITAINE ROBERT CLUZAN (DU)        (R )";"45,7501000";"4,8410000"
"201900010202";"17";"10";"2019";"18:00";"2";"69";"69259";"2";"1";"2";"2";"PROFESSEUR ROUX (DU)                (R )";"45,7250800";"4,8582900"
"201900010203";"17";"10";"2019";"03:20";"5";"69";"69276";"2";"1";"1";"6";"MARRONNIERS (DES)                    AL";"45,6697800";"4,8583100"
"201900010204";"17";"10";"2019";"15:35";"1";"972";"97209";"1";"1";"2";"6";"MARNE (BOULEVARD DE LA)";"14,6056200";" -61,0879400"
"201900010205";"17";"10";"2019";"18:10";"2";"69";"69389";"2";"1";"1";"4";"DUCHERE (DE LA)                     (BD)";"45,7785400";"4,7954000"
"201900010206";"17";"10";"2019";"14:00";"1";"69";"69202";"2";"2";"1";"3";"COMMANDANT CHARCOT (DU)             (R )";"45,7495900";"4,7956800"
"201900010207";"17";"10";"2019";"08:00";"1";"95";"95063";"2";"2";"1";"3";"RUE AMBROISE PARE";"48,9303372";"2,2025632"
"201900010208";"15";"10";"2019";"18:22";"1";"91";"91477";"2";"1";"1";"3";"BERTEAUX (RUE MAURICE)";"48,7184520";"2,2416730"
"201900010209";"16";"10";"2019";"18:50";"1";"88";"88209";"2";"2";"1";"3";"PLAINE (REU DE LA)";"48,1937000";"6,4433000"
"201900010210";"17";"10";"2019";"06:35";"5";"78";"78586";"2";"6";"2";"6";"PONTOISE";"48,9495500";"2,2058800"
"201900010211";"17";"10";"2019";"15:50";"1";"77";"77186";"2";"1";"1";"2";"SAINT MERRY (RUE)";"48,4094800";"2,6996300"
"201900010212";"15";"10";"2019";"15:58";"1";"76";"76402";"2";"2";"1";"6";" (ROUTE DE DIEPPE)";"49,5283600";"1,0416800"
"201900010213";"16";"10";"2019";"15:13";"1";"76";"76351";"2";"2";"2";"2";"VERDUN (RUE DE)";"49,5022552";"0,1869219"
"201900010214";"17";"10";"2019";"16:25";"1";"76";"76217";"2";"2";"1";"1";"REPUBLIQUE (AVENUE DE LA)";"49,9246000";"1,1037000"
"201900010215";"17";"10";"2019";"19:37";"5";"74";"74093";"2";"1";"2";"3";"CROISEE (DE LA)";"45,8955490";"6,1121450"
"201900010216";"17";"10";"2019";"12:15";"1";"71";"71153";"2";"1";"3";"7";"CHANZY (RUE DE)";"46,7990800";"4,4400800"
"201900010217";"17";"10";"2019";"21:35";"5";"69";"69275";"2";"1";"9";"7";"SULLY                               (R )";"45,7676300";"4,9746500"
"201900010218";"17";"10";"2019";"22:15";"5";"69";"69266";"2";"2";"8";"6";"LEON BLUM      (Rue)";"45,7606000";"4,9055700"
"201900010219";"17";"10";"2019";"14:50";"1";"69";"69290";"2";"1";"1";"6";"COLETTE                             (R )";"45,6899700";"4,9423900"
"201900010220";"16";"10";"2019";"15:45";"1";"67";"67482";"2";"2";"1";"3";"ALTKIRCH (RUE D )";"48,5622900";"7,7734800"
"201900010221";"16";"10";"2019";"14:35";"1";"67";"67482";"2";"1";"7";"6";"SCHIRMECK (ROUTE DE)";"48,5661700";"7,7081600"
"201900010222";"16";"10";"2019";"13:55";"1";"67";"67482";"2";"1";"1";"2";"RHIN (AVENUE DU)";"48,5727200";"7,7939000"
"201900010223";"24";"4";"2019";"17:00";"1";"14";"14699";"2";"2";"1";"6";"CD 677";"49,3401728";"0,1030979"
"201900010224";"20";"4";"2019";"17:50";"1";"14";"14220";"2";"1";"1";"3";"AGUSTE-DECAENS (RUE)";"49,3587200";"0,0858200"
"201900010225";"24";"4";"2019";"16:00";"1";"14";"14366";"2";"1";"2";"6";"REPUBLIQUE (PLACE DE LA )";"49,1440000";"0,2250000"
"201900010226";"25";"4";"2019";"20:33";"1";"14";"14333";"2";"4";"1";"1";"PRES (RUE DES)";"49,4190000";"0,2310000"
"201900010227";"25";"4";"2019";"10:10";"1";"14";"14118";"2";"2";"1";"3";"NASHVILLE (RUE DE)";"49,2013800";" -0,3860000"
"201900010228";"18";"4";"2019";"11:59";"1";"14";"14437";"1";"1";"1";"2";"PERIPHERIQUE NORD (BOULEVARD)";"49,1712100";" -0,3050000"
"201900010229";"26";"4";"2019";"14:00";"1";"13";"13054";"2";"1";"1";"6";"DONAT PETTENATI (RUE )";"43,4157800";"5,2143400"
"201900010230";"25";"4";"2019";"02:00";"3";"13";"13108";"1";"1";"1";"6";"route des Saintes Maries de la Mer";"43,5917310";"4,4667280"
"201900010231";"28";"4";"2019";"09:30";"1";"13";"13204";"2";"2";"1";"6";"CHARTREUX (AVENUE DES)";"43,3029300";"5,3972100"
"201900010232";"28";"4";"2019";"08:30";"1";"13";"13212";"2";"1";"1";"3";"CAILLOLS (AVENUE DES)";"43,3038700";"5,4262400"
"201900010233";"27";"4";"2019";"16:25";"1";"13";"13208";"2";"1";"1";"7";"DAVID (ROND-POINT)";"43,2619080";"5,3747900"
"201900010234";"27";"4";"2019";"18:15";"1";"13";"13203";"2";"1";"1";"6";"FÉLIX PYAT (RUE)";"43,3146500";"5,3755500"
"201900010235";"27";"4";"2019";"17:30";"1";"13";"13205";"2";"1";"1";"6";"CHAVE (BOULEVARD)";"43,2955300";"5,3976200"
"201900010236";"27";"4";"2019";"18:50";"1";"13";"13214";"2";"3";"1";"6";"PLOMBIERES (BOULEVARD DES)";"43,3176700";"5,3881100"
"201900010237";"27";"4";"2019";"08:40";"1";"13";"13209";"2";"1";"1";"6";"GASTON RAMON (BOULEVARD)";"43,2671600";"5,3969400"
"201900010238";"27";"4";"2019";"02:30";"5";"13";"13211";"2";"1";"1";"6";"CARTONNERIE (BOULEVARD DE LA )";"43,2906470";"5,4627470"
"201900010239";"27";"4";"2019";"01:20";"5";"13";"13214";"2";"2";"1";"6";"GUYNEMER (PLACE)";"43,3497000";"5,4077500"
"201900010240";"26";"4";"2019";"20:30";"2";"13";"13209";"2";"2";"1";"6";"SAINTE MARGUERITE (BOULEVARD)";"43,2688700";"5,4037400"
"201900010241";"26";"4";"2019";"18:20";"1";"13";"13075";"2";"2";"1";"3";"FRÉDÉRIC CHEVILLON (AVENUE)";"43,3475000";"5,4638000"
"201900010242";"25";"4";"2019";"16:10";"1";"13";"13211";"2";"3";"1";"3";"BARASSE";"43,2835900";"5,4859300"
"201900010243";"26";"4";"2019";"11:00";"1";"13";"13206";"2";"3";"1";"6";"TOULON (AVENUE DE)";"43,2851400";"5,3895600"
"201900010244";"26";"4";"2019";"01:40";"5";"13";"13201";"2";"1";"1";"6";"GARIBALDI (BOULEVARD) N° IMPAIRS";"43,2967700";"5,3810700"
"201900010245";"25";"4";"2019";"22:30";"5";"13";"13211";"2";"6";"3";"6";"JEAN LOMBARD (AVENUE)";"43,2893100";"5,4379200"
"201900010246";"5";"6";"2019";"16:40";"1";"77";"77217";"1";"1";"2";"5";"D 471 - PK 20";"48,6789230";"2,6873602"
"201900010247";"25";"4";"2019";"21:50";"5";"13";"13210";"2";"3";"2";"3";"TIMONE (AVENUE DE LA)";"43,2856390";"5,4015920"
"201900010248";"25";"4";"2019";"18:15";"1";"13";"13204";"2";"1";"1";"6";"FRANÇOISE DUPARC (BOULEVARD)";"43,3012200";"5,4008500"
"201900010249";"1";"6";"2019";"15:00";"1";"95";"95169";"1";"1";"1";"3";"Route départementale 43";"49,1187697";"1,8870789"
"201900010250";"25";"4";"2019";"13:30";"1";"13";"13210";"2";"3";"1";"2";"ANTOINE DEL BELLO (RUE)";"43,2831200";"5,4118200"
"201900010251";"1";"6";"2019";"05:36";"2";"95";"95610";"1";"1";"1";"6";"D14";"49,0901728";"1,9133718"
"201900010252";"25";"4";"2019";"08:15";"1";"13";"13210";"2";"1";"1";"3";"ACIERIES (BOULEVARD DES)";"43,2700000";"5,4000000"
"201900010253";"31";"5";"2019";"17:10";"1";"91";"91156";"2";"1";"1";"5";"D449";"48,5588060";"2,2664390"
"201900010254";"24";"4";"2019";"15:10";"1";"13";"13213";"2";"1";"1";"6";"ALBERT EINSTEIN (RUE)";"43,3444000";"5,4467000"
"201900010255";"12";"6";"2019";"07:25";"1";"91";"91593";"2";"1";"1";"6";"route de paris";"48,5400000";"2,0820860"
"201900010256";"24";"4";"2019";"12:35";"1";"13";"13205";"2";"2";"2";"6";"JEAN MOULIN (BOULEVARD)";"43,2869100";"5,3996700"
"201900010257";"18";"6";"2019";"21:20";"1";"91";"91226";"1";"1";"1";"7";"RN 20 -C SENS PROVINCE-PARIS";"48,4956560";"2,2003610"
"201900010258";"23";"4";"2019";"11:50";"1";"13";"13214";"2";"6";"2";"3";"JEAN QUEILLAU (RUE)";"43,3372351";"5,3856558"
"201900010259";"1";"6";"2019";"16:40";"1";"91";"91463";"2";"1";"1";"3";"Grande Rue";"48,3839670";"2,4741190"
"201900010260";"23";"4";"2019";"10:25";"1";"13";"13201";"2";"3";"2";"1";"LÉON GAMBETTA (ALLEE)";"43,2991100";"5,3818300"
"201900010261";"6";"6";"2019";"17:35";"1";"78";"78321";"1";"1";"1";"3";"D912";"48,7976000";"1,9207670"
"201900010262";"22";"4";"2019";"13:40";"1";"13";"13201";"2";"1";"1";"6";"LÉON GAMBETTA (ALLEE)";"43,2993700";"5,3824800"
"201900010263";"12";"6";"2019";"09:00";"1";"78";"78575";"2";"1";"1";"1";"Chemin de Coubertin 78470";"48,7033460";"2,0696830"
"201900010264";"22";"4";"2019";"08:00";"1";"13";"13214";"2";"1";"1";"6";"AVENUE RAIMU";"43,3349100";"5,3984300"
"201900010265";"31";"5";"2019";"14:45";"1";"78";"78263";"2";"2";"1";"3";"Rue de Laverdy";"48,7734580";"1,6728400"
"201900010266";"21";"4";"2019";"20:00";"1";"13";"13215";"2";"1";"1";"6";"SAINT ANTOINE (AVENUE DE)";"43,3692300";"5,3558500"
"201900010267";"12";"6";"2019";"18:30";"1";"78";"78107";"1";"1";"2";"6";"Route Départementale 110";"48,9464280";"1,5461150"
"201900010268";"7";"6";"2019";"11:35";"1";"2B";"2B335";"1";"3";"1";"6";"Carrefour RT10 AVEC LA ROUTE DE LA CHAPELLE SANTA CRISTINA";"42,3365870";"9,5358350"
"201900010269";"21";"4";"2019";"19:17";"2";"13";"13214";"2";"1";"1";"3";"CAMP LONG (TRAVERSE)";"43,3411000";"5,0670000"
"201900010270";"8";"6";"2019";"14:35";"1";"2B";"2B087";"1";"1";"1";"7";"Prunete";"42,3225950";"9,5393320"
"201900010271";"21";"4";"2019";"18:30";"1";"13";"13208";"2";"1";"1";"2";"PRADO (AVENUE DU)";"43,2720500";"5,3908400"
"201900010272";"7";"6";"2019";"17:15";"1";"2B";"2B303";"1";"1";"1";"7";"RT10, lieu-dit Dispensa";"42,2943490";"9,5466920"
"201900010273";"21";"4";"2019";"04:15";"5";"13";"13203";"2";"2";"1";"3";"ROGER SALENGRO (AVENUE)";"43,3145200";"5,3705000"
"201900010274";"16";"6";"2019";"14:45";"1";"2B";"2B205";"1";"1";"1";"7";"Canale";"42,6947380";"9,3443030"
"201900010275";"21";"4";"2019";"04:30";"5";"13";"13208";"2";"1";"1";"6";"COMMANDANT ROLLAND";"43,2694000";"5,3814000"
"201900010276";"14";"6";"2019";"15:30";"1";"2B";"2B314";"1";"1";"1";"6";"D81";"42,6617130";"9,2382380"
"201900010277";"21";"4";"2019";"00:19";"5";"13";"13207";"2";"9";"2";"2";"RIVE NEUVE (QUAI)";"43,2929790";"5,3692240"
"201900010278";"20";"4";"2019";"13:09";"1";"13";"13210";"2";"3";"1";"3";"CAPELETTE (AVENUE DE LA)";"43,2836000";"5,3997900"
"201900010279";"12";"6";"2019";"03:00";"3";"2B";"2B109";"1";"1";"1";"7";"Route départementale 80, marines de Farinole";"42,7379040";"9,3451940"
"201900010280";"19";"4";"2019";"22:38";"5";"13";"13216";"1";"1";"1";"2";"LITTORAL (CHEMIN DU)";"43,3537900";"5,3310400"
"201900010281";"9";"6";"2019";"16:05";"1";"2B";"2B185";"2";"1";"1";"6";"lumio";"42,6604030";"9,3174810"
"201900010282";"19";"4";"2019";"23:10";"5";"13";"13208";"2";"1";"1";"3";"MADRAGUE DE MONTREDON (AVE DE LA) ";"43,2364321";"5,3621945"
"201900010283";"1";"6";"2019";"17:20";"1";"2B";"2B187";"2";"1";"1";"1";"RD 80 Marines de Negru";"42,7614690";"9,3432950"
"201900010284";"19";"4";"2019";"13:00";"1";"13";"13215";"2";"6";"1";"3";"CAP JANET (CHEMIN)";"43,3399800";"5,3459000"
"201900010285";"19";"4";"2019";"17:40";"1";"13";"13209";"2";"1";"1";"2";"SAINTE MARGUERITE (BOULEVARD)";"43,2600000";"5,4100000"
"201900010286";"1";"6";"2019";"13:30";"1";"2B";"2B205";"2";"1";"1";"6";"rd 81";"42,6982550";"9,3538090"
"201900010287";"14";"6";"2019";"20:15";"1";"2B";"2B355";"1";"1";"2";"6";"lieu-dit ""FUNTANONE""";"42,5178600";"9,4003190"
"201900010288";"19";"4";"2019";"14:05";"1";"13";"13201";"2";"3";"1";"3";"RIVE NEUVE (QUAI DE)";"43,2916400";"5,3718300"
"201900010289";"15";"6";"2019";"15:40";"1";"2B";"2B042";"2";"1";"1";"6";"Avenue de Borgo";"42,5610380";"9,4410990"
"201900010290";"19";"4";"2019";"14:30";"1";"13";"13211";"2";"1";"1";"2";"AIR BEL (AVENUE)";"43,2897060";"5,4293930"
"201900010291";"17";"6";"2019";"07:30";"1";"2A";"2A247";"2";"1";"7";"6";"rue Jean JAURES";"41,5879001";"9,2762439"
"201900010292";"19";"4";"2019";"10:50";"1";"13";"13203";"2";"1";"1";"3";"ROGER SALENGRO (AVENUE)";"43,3153590";"5,3700110"
"201900010293";"7";"6";"2019";"14:20";"1";"2A";"2A247";"2";"6";"1";"3";"Avenue de Bastia";"41,6001100";"9,2759390"
"201900010294";"19";"4";"2019";"08:40";"1";"13";"13213";"2";"3";"1";"3";"CHEMIN DU MERLAN A LA ROSE ";"43,3291400";"5,4155500"
"201900010295";"4";"6";"2019";"08:05";"1";"2A";"2A247";"2";"1";"1";"6";"Quai de Syracuse";"41,5999650";"9,2717970"
"201900010296";"18";"4";"2019";"23:50";"5";"13";"13211";"2";"1";"1";"1";"AUDIENCE (RUE DE L')";"43,2974800";"5,4841900"
"201900010297";"13";"6";"2019";"12:30";"1";"66";"66165";"1";"1";"1";"1";"RN116  PR 28+600";"42,6467370";"2,5648630"
"201900010298";"18";"4";"2019";"19:20";"2";"13";"13211";"2";"1";"1";"2";"CAMOINS (AVENUE DES)";"43,2960200";"5,4895400"
"201900010299";"9";"6";"2019";"05:45";"2";"66";"66214";"1";"1";"1";"1";"D900";"42,5478560";"2,8545560"
"201900010300";"18";"4";"2019";"17:20";"1";"13";"13214";"2";"1";"1";"2";"ALEX ANSALDI (RUE)";"43,3335100";"5,4028170"
"201900010301";"9";"6";"2019";"16:35";"1";"66";"66129";"1";"1";"1";"1";"D8";"42,5870160";"2,9193880"
"201900010302";"20";"4";"2019";"15:35";"1";"13";"13098";"1";"1";"1";"6";"GALLIFFET IMPASSE";"43,4506154";"5,0154881"
"201900010303";"7";"6";"2019";"19:15";"1";"66";"66227";"1";"1";"1";"7";"Route Départementale 914";"42,6453840";"2,9305150"
"201900010304";"22";"4";"2019";"12:15";"1";"13";"13028";"2";"1";"1";"1";"BODIN (AVENUE EMILE)";"43,1999800";"5,5891700"
"201900010305";"19";"6";"2019";"17:20";"1";"48";"48198";"2";"1";"1";"1";"Avenue de la Gare";"44,4392620";"3,9216350"
"201900010306";"23";"4";"2019";"07:30";"1";"13";"13005";"2";"1";"8";"5";"NAPOLLON (ROUTE DE)";"43,3083000";"5,5760000"
"201900010307";"17";"4";"2019";"20:42";"5";"13";"13005";"2";"2";"1";"4";"VERDUN (AVENUE DE)";"43,2892400";"5,5727100"
"201900010308";"12";"6";"2019";"15:30";"1";"30";"30139";"1";"1";"1";"7";"D 986";"44,1349699";"3,4044179"
"201900010309";"12";"6";"2019";"21:00";"2";"30";"30080";"1";"1";"1";"6";"RD906";"44,2973050";"3,9783480"
"201900010310";"26";"4";"2019";"07:35";"1";"13";"13001";"2";"3";"1";"1";"ROSTOLANE (AV DE LA)";"43,5826890";"5,4233870"
"201900010311";"18";"6";"2019";"12:20";"1";"34";"34157";"1";"3";"1";"3";"RD 51";"43,4136401";"3,5446854"
"201900010312";"23";"4";"2019";"23:30";"5";"13";"13001";"2";"1";"1";"3";"COSTE JEAN PAUL (AV )";"43,5137900";"5,4592600"
"201900010313";"18";"4";"2019";"08:45";"1";"13";"13001";"2";"3";"1";"6";"ALPILLES (RUE DES)";"43,5167630";"5,4357100"
"201900010314";"5";"6";"2019";"08:45";"1";"34";"34143";"1";"3";"7";"2";"Route de Villeveyrac";"43,4568948";"3,6105155"
"201900010315";"10";"6";"2019";"18:30";"1";"34";"34329";"1";"9";"2";"7";"D64";"43,2927629";"3,2198730"
"201900010316";"20";"6";"2019";"07:15";"1";"34";"34009";"2";"1";"2";"1";"Route de Valros";"43,4691168";"3,3406055"
"201900010317";"7";"6";"2019";"17:30";"1";"34";"34103";"1";"1";"2";"1";"Route de Cabrières";"43,5474890";"3,3800370"
"201900010318";"2";"6";"2019";"20:00";"1";"34";"34183";"1";"1";"1";"1";"CD609";"43,2875619";"3,1110486"
"201900010319";"18";"4";"2019";"16:50";"1";"12";"12202";"2";"1";"1";"7";"JEAN XXIII (RUE)";"44,3592200";"2,5848500"
"201900010320";"8";"6";"2019";"18:00";"1";"34";"34240";"1";"1";"1";"7";"Lieu dit La crouzette";"43,6372810";"3,9751830"
"201900010321";"19";"4";"2019";"13:30";"1";"12";"12145";"2";"1";"1";"6";"BEAU SOLEIL";"44,0940700";"3,0645700"
"201900010322";"17";"6";"2019";"17:00";"1";"34";"34145";"2";"1";"1";"6";"route de sommières";"43,6892820";"4,1322110"
"201900010323";"25";"4";"2019";"13:50";"1";"12";"12083";"1";"3";"3";"3";"D11";"44,5222800";"2,3101800"
"201900010324";"9";"6";"2019";"05:15";"2";"34";"34151";"1";"1";"1";"1";"ROUTE DE LA MER";"43,5854990";"4,1044180"
"201900010325";"23";"4";"2019";"11:35";"1";"12";"12089";"2";"6";"1";"6";"GENDARMERIE (ROND-POINT DE LA)";"44,5611200";"2,2543400"
"201900010326";"14";"6";"2019";"07:15";"2";"84";"84019";"2";"6";"2";"3";"Avenue Jean Giono";"44,2852270";"4,7509280"
"201900010327";"22";"4";"2019";"14:55";"1";"11";"11262";"2";"6";"1";"3";"MARCORIGNAN (ROUTE DE)";"43,1894200";"2,9851000"
"201900010328";"16";"6";"2019";"19:10";"1";"84";"84003";"1";"1";"1";"1";"Route de Rustrel";"43,8946350";"5,4300590"
"201900010329";"17";"4";"2019";"14:10";"1";"11";"11262";"2";"1";"1";"7";"NORE (RUE DU PIC DE)";"43,1836600";"2,9712600"
"201900010330";"10";"6";"2019";"14:15";"1";"84";"84092";"2";"1";"1";"7";"avenue louis braille";"43,9631940";"4,8591770"
"201900010331";"17";"4";"2019";"18:40";"2";"11";"11069";"2";"1";"1";"2";"LECLERC AV. DU GENERAL PAIRS ...116";"43,2088000";"2,3692600"
"201900010332";"9";"6";"2019";"23:50";"5";"83";"83112";"2";"9";"1";"3";"Allée des Pins";"43,1770720";"5,6918760"
"201900010333";"23";"4";"2019";"15:15";"1";"11";"11069";"2";"3";"1";"3";"VARSOVIE -BD-";"43,2148400";"2,3473300"
"201900010334";"10";"6";"2019";"21:00";"2";"83";"83019";"2";"1";"1";"7";"100 Boulevard du Mont des Roses";"43,1439700";"6,3374550"
"201900010335";"18";"4";"2019";"17:35";"1";"11";"11069";"1";"3";"1";"3";"Rue Juliette Costeplane";"43,2067000";"2,3112900"
"201900010336";"19";"6";"2019";"09:15";"1";"83";"83035";"1";"1";"1";"2";"N/A";"43,2028100";"5,7757450"
"201900010337";"26";"4";"2019";"16:54";"1";"10";"10387";"2";"2";"1";"1";"MARCELIN BERTHELOT (RUE)";"48,3073800";"4,0818800"
"201900010338";"26";"4";"2019";"12:50";"1";"10";"10387";"2";"1";"1";"6";"EDOUARD HERRIOT (RUE)";"48,2740300";"4,0806500"
"201900010339";"14";"3";"2019";"19:07";"3";"10";"10343";"2";"1";"1";"3";"DIJON (RUE DE)";"48,2682700";"4,0883800"
"201900010340";"26";"4";"2019";"08:22";"1";"10";"10325";"2";"2";"1";"3";"AUXERRE (ROUTE )";"48,2649600";"4,0410000"
"201900010341";"24";"4";"2019";"21:46";"5";"10";"10387";"2";"3";"1";"6";"ANATOLE FRANCE (RUE)";"48,2803000";"4,0688500"
"201900010342";"3";"6";"2019";"12:00";"1";"83";"83035";"1";"1";"1";"6";"D226, montée du chaeau";"43,2028100";"5,7757450"
"201900010343";"12";"3";"2019";"20:30";"5";"10";"10387";"2";"3";"3";"6";"CHARMILLES (MAIL DES)";"48,2966900";"4,0857700"
"201900010344";"19";"6";"2019";"09:50";"1";"83";"83065";"2";"1";"1";"2";"RD 98";"43,2634810";"6,6106960"
"201900010345";"23";"4";"2019";"10:35";"1";"10";"10387";"2";"1";"1";"6";"PREIZE (RUE DE)";"48,3126700";"4,0629700"
"201900010346";"12";"6";"2019";"02:45";"5";"83";"83065";"1";"1";"1";"1";"N/A";"43,2622290";"6,6034700"
"201900010347";"23";"4";"2019";"09:36";"1";"10";"10387";"2";"1";"1";"6";"RAVELIN (RUE)";"48,2968500";"4,0652100"
"201900010348";"29";"5";"2019";"01:30";"5";"83";"83119";"2";"1";"1";"2";"Avenue du Quinze Août 1944";"43,2675990";"6,6314650"
"201900010349";"22";"4";"2019";"15:50";"1";"10";"10362";"2";"1";"1";"2";"HENRI BARBUSSE (RUE)";"48,2912000";"4,0349000"