"Num_Acc";"jour";"mois";"an";"hrmn";"lum";"dep";"com";"agg";"int";"atm";"col";"adr";"lat";"long"
"201900010350";"21";"4";"2019";"18:39";"1";"10";"10387";"2";"1";"1";"6";"CHAPITRE (RUE)";"48,3058800";"4,0816800"
"201900010351";"10";"6";"2019";"11:35";"1";"83";"83115";"1";"1";"1";"1";"Route du Muy";"43,1483840";"6,4004520"
"201900010352";"20";"4";"2019";"13:23";"1";"10";"10333";"2";"1";"7";"5";"ROCADE OUEST (RD 610)";"48,2800405";"4,0404336"
"201900010353";"19";"4";"2019";"15:22";"1";"10";"10297";"2";"1";"1";"3";"JEAN JAURES (RUE)";"48,3221311";"4,0988874"
"201900010354";"19";"4";"2019";"11:00";"1";"10";"10387";"2";"1";"1";"6";"AMBROISE COTTET (RUE)";"48,3000400";"4,0654000"
"201900010355";"27";"4";"2019";"13:50";"1";"7";"07281";"1";"1";"8";"5";"C.D.533";"44,9431200";"4,7858900"
"201900010356";"25";"4";"2019";"11:50";"1";"6";"06088";"2";"1";"1";"3";"TZAREWITCH (BD DU)";"43,7026750";"7,2556570"
"201900010357";"4";"6";"2019";"17:30";"1";"83";"83115";"2";"9";"1";"1";"RD559";"43,3135446";"6,6696399"
"201900010358";"21";"4";"2019";"20:52";"5";"6";"06088";"2";"1";"1";"6";"ANGLAIS PLAGE (N°1 AU 43)";"43,6947500";"7,2625600"
"201900010359";"18";"6";"2019";"07:25";"1";"83";"83042";"1";"1";"1";"3";"2449 Route de la Mole";"43,2355720";"6,5240140"
"201900010360";"24";"4";"2019";"07:11";"1";"6";"06088";"2";"3";"2";"1";"CARABACEL (BD)";"43,7035000";"7,2760000"
"201900010361";"23";"4";"2019";"11:20";"1";"6";"06088";"2";"2";"3";"6";"VILLE (R. GEORGES)";"43,7041475";"7,2841512"
"201900010362";"8";"6";"2019";"03:00";"5";"83";"83042";"1";"6";"1";"7";"FONT MOURIER";"43,2579340";"6,5625660"
"201900010363";"20";"4";"2019";"11:00";"1";"6";"06088";"2";"9";"1";"3";"GROSSO (JUSQU'AU N° 58-77)";"43,7046000";"7,2547000"
"201900010364";"20";"6";"2019";"06:40";"1";"83";"83099";"2";"1";"1";"1";"Route de la Bouverie";"43,4943340";"6,6537190"
"201900010365";"5";"6";"2019";"08:40";"1";"83";"83064";"1";"1";"1";"6";"Allée Jean Aicard";"43,3318680";"6,0586960"
"201900010366";"1";"6";"2019";"15:30";"1";"83";"83151";"1";"1";"1";"3";"route de brignoles";"43,4340570";"6,1414650"
"201900010367";"15";"6";"2019";"18:45";"1";"83";"83081";"1";"1";"1";"3";"D 562";"43,6049400";"6,7699980"
"201900010368";"25";"4";"2019";"14:05";"1";"6";"06012";"2";"3";"1";"7";"MONEGHETTI (BOULEVARD DES)";"43,7388837";"7,4159536"
"201900010369";"21";"4";"2019";"01:27";"5";"6";"06104";"2";"1";"1";"7";"VERDUN (AVENUE DE, N° 131 ET +)";"43,7609891";"7,4708614"
"201900010370";"17";"4";"2019";"12:16";"1";"6";"06104";"2";"1";"1";"3";"SCHUMANN (PROMENADE ROBERT)";"43,7613252";"7,4841785"
"201900010371";"5";"6";"2019";"17:20";"1";"83";"83117";"1";"1";"1";"3";"D56";"43,5662240";"6,6911770"
"201900010372";"23";"4";"2019";"09:00";"1";"6";"06069";"2";"1";"2";"4";"CHENES (CHEMIN DES)";"43,6407900";"6,9107987"
"201900010373";"16";"6";"2019";"14:00";"1";"6";"06147";"1";"1";"1";"3";"Avenue du Haut-Pays";"43,7699939";"7,2794398"
"201900010374";"23";"4";"2019";"04:35";"3";"6";"06069";"1";"1";"2";"7";"Pénétrante";"43,6369484";"6,9416521"
"201900010375";"10";"6";"2019";"13:15";"1";"6";"06147";"1";"1";"1";"6";"Avenue du Canton de Levens";"43,7990040";"7,2764220"
"201900010376";"17";"6";"2019";"09:05";"1";"6";"06019";"2";"9";"1";"6";"Pont de Peille";"43,7686310";"7,3317160"
"201900010377";"18";"4";"2019";"14:00";"1";"6";"06069";"2";"1";"1";"7";"Route de PLASCASSIER";"43,6520782";"6,9574215"
"201900010378";"16";"6";"2019";"15:10";"1";"5";"05177";"2";"1";"1";"3";"Saint-Marcellin";"44,6080960";"6,6885450"
"201900010379";"23";"4";"2019";"12:35";"1";"6";"06029";"2";"1";"2";"3";"PICAUD (AVENUE DU DOCTEUR)";"43,5507000";"6,9978000"
"201900010380";"26";"4";"2019";"09:00";"1";"6";"06123";"2";"1";"1";"6";"DE GAULLE GENERAL AVENUE";"43,6660472";"7,1930328"
"201900010381";"13";"6";"2019";"11:40";"1";"5";"05136";"1";"9";"1";"2";"Route Nationale 94";"44,7171510";"6,5964360"
"201900010382";"20";"4";"2019";"10:30";"1";"6";"06027";"2";"1";"1";"3";"CANNES AVENUE DE (RN7)";"43,6498627";"7,1407807"
"201900010383";"8";"6";"2019";"10:55";"1";"5";"05065";"2";"1";"1";"2";"D902A";"44,6555680";"6,6540870"
"201900010384";"19";"4";"2019";"17:25";"1";"6";"06027";"2";"1";"1";"6";"GARE AVENUE DE LA";"43,6545542";"7,1453120"
"201900010385";"8";"6";"2019";"14:20";"1";"5";"05151";"1";"1";"1";"1";"RD4";"44,8292110";"6,5714930"
"201900010386";"4";"6";"2019";"11:30";"1";"5";"05014";"1";"1";"1";"7";"Roche Coupée";"44,2684949";"5,7625276"
"201900010387";"25";"4";"2019";"19:35";"1";"5";"05061";"2";"3";"8";"7";"SAGNIERES ( RUE DES )";"44,5489500";"6,0619500"
"201900010388";"10";"6";"2019";"15:10";"1";"4";"04039";"1";"1";"1";"6";"RD 952";"43,8142420";"6,4382830"
"201900010389";"17";"4";"2019";"18:30";"1";"5";"05061";"1";"2";"1";"3";"D 45";"44,5130000";"6,0557000"
"201900010390";"9";"6";"2019";"10:55";"1";"4";"04039";"1";"1";"8";"6";"RD 102";"43,8052742";"6,5068629"
"201900010391";"25";"4";"2019";"12:30";"1";"3";"03310";"2";"2";"3";"6";"boulevard John Kennedy";"46,1202975";"3,4200856"
"201900010392";"17";"6";"2019";"13:00";"1";"4";"04019";"2";"2";"1";"1";"RD 900 / RD 902";"44,3849710";"6,6487190"
"201900010393";"24";"4";"2019";"16:45";"1";"3";"03310";"2";"1";"1";"6";"allée des Ailes";"46,1436810";"3,4129373"
"201900010394";"6";"6";"2019";"17:35";"1";"4";"04086";"1";"2";"7";"5";"RD900 / Carrefour de la Fabrique";"44,3928680";"6,6869570"
"201900010395";"18";"4";"2019";"18:35";"1";"3";"03185";"2";"2";"1";"3";"61 avenue John Kennedy";"46,3326472";"2,6088734"
"201900010396";"6";"6";"2019";"06:00";"1";"13";"13034";"1";"1";"1";"3";"CD 99";"43,7863380";"4,9387980"
"201900010397";"16";"4";"2019";"15:00";"1";"2";"02408";"1";"1";"1";"3";"RD 1044";"49,5717000";"3,5869400"
"201900010398";"22";"5";"2019";"15:40";"1";"13";"13014";"2";"9";"1";"3";"Port Albert Samson";"43,4721480";"5,1674710"
"201900010399";"23";"4";"2019";"22:10";"3";"2";"02408";"1";"1";"1";"6";"RN2";"49,5464900";"3,6131300"
"201900010400";"15";"4";"2019";"19:35";"1";"1";"01283";"2";"1";"1";"3";"CHATEAU (RUE DU)";"46,2552511";"5,6577230"
"201900010401";"1";"6";"2019";"04:58";"3";"13";"13007";"1";"1";"1";"5";"Route Nationale 560";"43,3704780";"5,6630370"
"201900010402";"28";"4";"2019";"09:10";"1";"75";"75116";"2";"1";"1";"6";"PORTE MAILLOT";"48,8776550";"2,2803440"
"201900010403";"8";"6";"2019";"10:00";"1";"13";"13073";"1";"3";"1";"1";"intersection D 908 - D 8";"43,4017520";"5,5648040"
"201900010404";"26";"4";"2019";"18:30";"1";"75";"75115";"2";"1";"1";"5";"PORTE BRANCION";"48,8263760";"2,2970130"
"201900010405";"8";"6";"2019";"11:20";"1";"13";"13022";"1";"4";"1";"3";"D 559";"43,2188610";"5,5807630"
"201900010406";"26";"4";"2019";"08:30";"1";"75";"75116";"2";"4";"1";"3";"ECHANGEUR MAILLOT";"48,8772130";"2,2791490"
"201900010407";"24";"4";"2019";"23:25";"5";"75";"75118";"2";"4";"1";"3";"PORTE DE LA CHAPELLE";"48,9008940";"2,3639480"
"201900010408";"23";"4";"2019";"20:40";"2";"75";"75114";"2";"4";"1";"2";"BOULEVARD PERIPHERIQUE";"48,8219050";"2,3167530"
"201900010409";"23";"4";"2019";"18:30";"1";"75";"75117";"2";"1";"1";"4";"BOULEVARD PERIPHERIQUE";"48,8826120";"2,2834970"
"201900010410";"23";"4";"2019";"08:45";"1";"75";"75115";"2";"1";"1";"3";"BOULEVARD PERIPHERIQUE";"48,8256230";"2,3009650"
"201900010411";"17";"6";"2019";"16:15";"1";"13";"13030";"1";"1";"1";"7";"D8N PR 056+600";"43,2682780";"5,6750110"
"201900010412";"22";"4";"2019";"20:10";"2";"75";"75114";"2";"1";"1";"3";"BOULEVARD PERIPHERIQUE";"48,8223710";"2,3155390"
"201900010413";"9";"6";"2019";"08:45";"1";"13";"13097";"1";"1";"1";"6";"Route Nationale 568";"43,5811713";"4,7682873"
"201900010414";"19";"6";"2019";"12:30";"1";"13";"13004";"1";"1";"1";"1";"d570 route des Saintes maries de la Mer";"43,6270310";"4,5298170"
"201900010415";"22";"4";"2019";"06:30";"5";"75";"75116";"2";"1";"1";"6";"BOULEVARD PERIPHERIQUE";"48,8620140";"2,2643930"
"201900010416";"21";"4";"2019";"11:40";"1";"75";"75118";"2";"4";"1";"2";"BOULEVARD PERIPHERIQUE";"48,9008900";"2,3639460"
"201900010417";"19";"4";"2019";"20:15";"1";"75";"75119";"2";"1";"1";"2";"BD PERIPHERIQUE EXTERIEUR";"48,9006110";"2,3740090"
"201900010418";"30";"5";"2019";"10:30";"1";"13";"13110";"1";"1";"1";"3";"2767 Route de Pourrières";"43,4696370";"5,7088870"
"201900010419";"19";"4";"2019";"18:40";"1";"75";"75116";"2";"1";"1";"3";"PORTE D AUTEUIL";"48,8449630";"2,2549850"
"201900010420";"11";"6";"2019";"19:00";"2";"13";"13060";"1";"1";"2";"1";"D7n";"43,5050650";"5,5075970"
"201900010421";"19";"4";"2019";"09:00";"1";"75";"75116";"2";"1";"1";"3";"PORTE D AUTEUIL";"48,8481120";"2,2533830"
"201900010422";"17";"6";"2019";"04:05";"3";"26";"26252";"1";"1";"1";"6";"A7, N-S, PK 076+.500";"44,8826620";"4,8671490"
"201900010423";"18";"4";"2019";"17:45";"3";"75";"75116";"2";"4";"1";"7";"BOULEVARD PERIPHERIQUE";"48,8579940";"2,2602460"
"201900010424";"23";"4";"2019";"13:07";"1";"75";"75109";"2";"3";"1";"6";"BOULEVARD HAUSSMANN";"48,8736010";"2,3283410"
"201900010425";"14";"6";"2019";"12:07";"1";"26";"26165";"1";"1";"1";"3";"A7 PK 087.050 SENS NORD-SUD";"44,7720280";"4,8429370"
"201900010426";"22";"4";"2019";"21:00";"5";"75";"75118";"2";"1";"1";"6";"BOULEVARD NEY";"48,8986300";"2,3649400"
"201900010427";"22";"4";"2019";"06:35";"2";"75";"75116";"2";"1";"1";"6";"BOULEVARD PERIPHERIQUE";"48,8620140";"2,2643930"
"201900010428";"19";"6";"2019";"14:20";"1";"38";"38114";"2";"1";"1";"2";"Route de vareze";"45,4164700";"4,7780100"
"201900010429";"22";"4";"2019";"02:19";"5";"75";"75104";"2";"1";"1";"7";"QUAI HENRI IV";"48,8493930";"2,3618060"
"201900010430";"21";"4";"2019";"01:38";"5";"75";"75117";"2";"3";"1";"3";"BOULEVARD DU BOIS LE PRETRE";"48,8997970";"2,3189580"
"201900010431";"8";"6";"2019";"07:30";"1";"70";"70018";"2";"1";"1";"5";"5 Route de Vesoul";"47,4421440";"5,6157790"
"201900010432";"20";"4";"2019";"14:28";"1";"75";"75106";"2";"2";"1";"3";"RUE DE TOURNON";"48,8514690";"2,3370600"
"201900010433";"19";"4";"2019";"15:30";"1";"75";"75118";"2";"4";"1";"3";"PORTE DE LA CHAPELLE";"48,9010950";"2,3551620"
"201900010434";"10";"6";"2019";"16:30";"1";"25";"25313";"1";"1";"3";"1";"LA CERAMIQUE";"47,3644600";"6,4456490"
"201900010435";"19";"4";"2019";"09:27";"5";"75";"75112";"2";"1";"1";"6";"PORTE DE CHARENTON";"48,8319340";"2,4050920"
"201900010436";"17";"4";"2019";"13:30";"1";"75";"75119";"2";"3";"1";"3";"AVENUE DE LA PORTE DU PRE SAINT GERVAIS";"48,8797400";"2,4015270"
"201900010437";"12";"6";"2019";"19:45";"1";"25";"25446";"1";"2";"1";"3";"D 50";"47,2816020";"6,3852880"
"201900010438";"17";"4";"2019";"09:29";"1";"75";"75120";"2";"2";"1";"3";"RUE DES PYRENEES";"48,8514980";"2,4062830"
"201900010439";"19";"6";"2019";"13:42";"1";"25";"25057";"2";"3";"1";"6";"Rue Berthelot";"47,5345530";"6,8050230"
"201900010440";"26";"4";"2019";"00:38";"5";"75";"75106";"2";"2";"1";"1";"RUE DE RENNES";"48,8479200";"2,3277660"
"201900010441";"14";"6";"2019";"11:38";"1";"89";"89257";"2";"1";"1";"6";"rue claude debussy migennes";"47,9687293";"3,5045596"
"201900010442";"24";"4";"2019";"18:40";"1";"75";"75106";"2";"2";"8";"7";"BOULEVARD SAINT MICHEL";"48,8503580";"2,3425890"
"201900010443";"9";"6";"2019";"15:39";"1";"89";"89035";"1";"2";"1";"2";"D 84";"48,0395235";"3,6071423"
"201900010444";"23";"4";"2019";"17:10";"1";"75";"75105";"2";"5";"1";"2";"QUAI SAINT BERNARD";"48,8494080";"2,3567900"
"201900010445";"7";"6";"2019";"17:40";"1";"89";"89257";"2";"3";"1";"3";"D177";"47,9583670";"3,5040470"
"201900010446";"3";"6";"2019";"19:45";"2";"89";"89257";"2";"1";"1";"3";"Avenue Jean Jacques Rousseau";"47,9629156";"3,5240774"
"201900010447";"19";"4";"2019";"17:30";"1";"75";"75106";"2";"1";"1";"3";"RUE SAINTE BEUVE";"48,8441410";"2,3296890"
"201900010448";"19";"4";"2019";"14:55";"1";"75";"75105";"2";"2";"1";"6";"BOULEVARD SAINT GERMAIN";"48,8494420";"2,3544550"
"201900010449";"5";"6";"2019";"10:10";"1";"89";"89080";"1";"1";"2";"6";"BRETELLE B5A";"48,2671040";"3,2937180"
"201900010450";"18";"4";"2019";"11:20";"1";"75";"75106";"2";"5";"1";"3";"BOULEVARD SAINT MICHEL";"48,8503620";"2,3425910"
"201900010451";"15";"6";"2019";"15:10";"1";"89";"89024";"1";"1";"1";"2";"A6 - PR 159+0";"47,8424128";"3,6120826"
"201900010452";"17";"4";"2019";"12:15";"1";"75";"75106";"2";"3";"1";"6";"RUE DE RENNES";"48,8502780";"2,3299450"
"201900010453";"28";"4";"2019";"14:45";"1";"75";"75120";"2";"2";"2";"6";"RUE D AVRON";"48,8518580";"2,4013740"
"201900010454";"3";"6";"2019";"15:00";"1";"89";"89438";"1";"9";"1";"4";"A6";"47,7997876";"3,6485285"
"201900010455";"27";"4";"2019";"14:30";"1";"75";"75120";"2";"1";"2";"6";"ECHANGEUR BAGNOLET";"48,8669890";"2,4136040"
"201900010456";"5";"6";"2019";"05:40";"2";"71";"71342";"2";"1";"1";"6";"14 Route de Saint-Yan";"46,4498210";"4,1097180"
"201900010457";"27";"4";"2019";"05:10";"5";"75";"75120";"2";"3";"1";"6";"RUE DE MENILMONTANT";"48,8679270";"2,3866170"
"201900010458";"30";"5";"2019";"10:15";"1";"71";"71385";"2";"1";"1";"6";"D486T";"46,2432360";"4,7382520"
"201900010459";"26";"4";"2019";"16:45";"1";"75";"75120";"2";"3";"1";"7";"RUE DE MENILMONTANT";"48,8702310";"2,3972570"
"201900010460";"25";"4";"2019";"14:25";"1";"75";"75120";"2";"1";"8";"6";"RUE D AVRON";"48,8517780";"2,4009320"
"201900010461";"31";"5";"2019";"17:30";"1";"71";"71090";"1";"2";"1";"3";"Route de Juliénas";"46,2238510";"4,7455050"
"201900010462";"25";"4";"2019";"08:20";"1";"75";"75120";"2";"3";"2";"6";"AVENUE GAMBETTA";"48,8639460";"2,3916450"
"201900010463";"24";"4";"2019";"19:20";"1";"75";"75120";"2";"2";"1";"6";"RUE DES GRANDS CHAMPS";"48,8516620";"2,4069980"
"201900010464";"24";"4";"2019";"17:00";"1";"75";"75120";"2";"4";"2";"3";"RUE PIXERECOURT";"48,8714780";"2,3956600"
"201900010465";"22";"4";"2019";"19:00";"2";"75";"75120";"2";"1";"1";"6";"AVENUE DU PROFESSEUR ANDRE LEMIERE";"48,8560230";"2,4150450"
"201900010466";"19";"6";"2019";"18:10";"1";"71";"71360";"1";"2";"2";"2";"D17";"46,3221280";"4,7672840"
"201900010467";"20";"4";"2019";"23:00";"5";"75";"75120";"2";"2";"1";"3";"AVENUE IBSEN";"48,8656540";"2,4118880"
"201900010468";"16";"6";"2019";"08:35";"1";"21";"21194";"2";"1";"1";"6";"RD 974";"47,0872150";"4,9050000"
"201900010469";"6";"6";"2019";"15:10";"1";"52";"52205";"1";"1";"1";"6";"RD107";"48,0219130";"5,1538670"
"201900010470";"19";"4";"2019";"21:20";"5";"75";"75120";"2";"2";"1";"6";"RUE BELGRAND";"48,8646830";"2,4041480"
"201900010471";"17";"6";"2019";"14:30";"1";"8";"08076";"1";"1";"1";"7";"A.34";"49,6945373";"4,6817663"
"201900010472";"27";"4";"2019";"21:05";"5";"75";"75119";"2";"3";"1";"3";"AVENUE DE FLANDRE";"48,8911330";"2,3775690"
"201900010473";"5";"6";"2019";"09:40";"1";"8";"08194";"1";"1";"1";"3";"A34";"49,6983480";"4,9041630"
"201900010474";"25";"4";"2019";"19:40";"1";"75";"75119";"2";"2";"1";"6";"BOULEVARD DE LA VILLETTE";"48,8738250";"2,3751100"
"201900010475";"2";"6";"2019";"14:00";"1";"68";"68262";"1";"1";"1";"1";"route des cretes";"47,9100410";"7,0497320"
"201900010476";"22";"4";"2019";"17:20";"1";"75";"75119";"2";"3";"1";"3";"RUE LALLY TOLLENDAL";"48,8828500";"2,3745430"
"201900010477";"22";"4";"2019";"15:57";"1";"75";"75119";"2";"1";"1";"6";"BOULEVARD DE LA VILLETTE";"48,8755820";"2,3731130"
"201900010478";"3";"6";"2019";"13:55";"1";"68";"68309";"1";"1";"1";"7";"Route départementale 19 bis";"47,6692940";"7,4587910"
"201900010479";"19";"6";"2019";"17:45";"1";"68";"68294";"1";"1";"1";"3";"RN59";"48,2579810";"7,2233060"
"201900010480";"19";"4";"2019";"18:50";"1";"75";"75119";"2";"2";"1";"3";"AVENUE JEAN JAURES";"48,8859840";"2,3821510"
"201900010481";"1";"6";"2019";"10:50";"1";"68";"68231";"2";"1";"1";"2";"Place d'Armes";"48,0179950";"7,5280440"
"201900010482";"18";"4";"2019";"18:35";"1";"75";"75119";"2";"2";"1";"3";"BOULEVARD D INDOCHINE";"48,8862880";"2,3962930"
"201900010483";"15";"6";"2019";"15:50";"1";"68";"68226";"2";"1";"1";"7";"Rue de la République";"48,0390890";"7,1412090"
"201900010484";"18";"4";"2019";"09:48";"1";"75";"75119";"2";"1";"1";"3";"RUE RIQUET";"48,8889850";"2,3724190"
"201900010485";"8";"6";"2019";"17:00";"1";"67";"67474";"2";"1";"1";"7";"2 Rue de Strasbourg";"48,9343210";"7,8829030"
"201900010486";"28";"4";"2019";"12:50";"1";"75";"75118";"2";"2";"2";"3";"RUE CAULAINCOURT";"48,8875080";"2,3333760"
"201900010487";"1";"6";"2019";"14:15";"1";"67";"67226";"1";"1";"7";"5";"RD1004";"48,6032690";"7,6118280"
"201900010488";"28";"4";"2019";"01:15";"5";"75";"75118";"2";"2";"2";"3";"RUE ORDENER";"48,8902710";"2,3599180"
"201900010489";"31";"5";"2019";"20:30";"1";"67";"67519";"2";"3";"1";"3";"23 Rue du Général Leclerc";"48,6573360";"7,8294660"
"201900010490";"26";"4";"2019";"12:40";"1";"75";"75118";"2";"1";"1";"3";"BOULEVARD NEY";"48,8976890";"2,3349310"
"201900010491";"28";"5";"2019";"06:25";"2";"67";"67067";"1";"1";"1";"3";"CD 30 PK 29+300";"48,7145820";"7,6901590"
"201900010492";"5";"6";"2019";"16:35";"1";"67";"67122";"1";"1";"1";"2";"rd224";"48,6256260";"7,3034110"
"201900010493";"25";"4";"2019";"22:50";"3";"75";"75118";"2";"3";"1";"3";"RUE DES POISSONNIERS";"48,8923380";"2,3521920"
"201900010494";"23";"4";"2019";"09:33";"1";"75";"75118";"2";"1";"1";"2";"BOULEVARD ORNANO";"48,8941550";"2,3475410"
"201900010495";"5";"6";"2019";"17:25";"1";"67";"67397";"1";"1";"1";"3";"CD20";"48,3099510";"7,6985170"
"201900010496";"17";"6";"2019";"22:55";"3";"88";"88044";"1";"1";"1";"6";"D74";"48,3072390";"5,6655910"
"201900010497";"18";"4";"2019";"13:10";"1";"75";"75118";"2";"2";"1";"3";"BOULEVARD BARBES";"48,8915440";"2,3496220"
"201900010498";"13";"4";"2019";"16:40";"1";"75";"75118";"2";"1";"1";"2";"BOULEVARD PERIPHERIQUE";"48,9008960";"2,3440140"
"201900010499";"27";"4";"2019";"17:30";"1";"75";"75117";"2";"3";"2";"3";"RUE GUSTAVE CHARPENTIER";"48,8806340";"2,2810700"
"201900010500";"26";"4";"2019";"10:50";"1";"75";"75117";"2";"4";"1";"3";"BOULEVARD DU FORT DE VAUX";"48,8918290";"2,3015830"
"201900010501";"25";"4";"2019";"19:25";"1";"75";"75117";"2";"1";"1";"3";"BOULEVARD DE REIMS";"48,8911240";"2,2992230"
"201900010502";"25";"4";"2019";"11:45";"1";"75";"75117";"2";"7";"1";"2";"AVENUE PAUL ADAM";"48,8873060";"2,2978350"
"201900010503";"9";"6";"2019";"18:45";"1";"55";"55169";"2";"3";"1";"3";"rue basse";"49,5262500";"5,4593090"
"201900010504";"16";"6";"2019";"14:30";"1";"55";"55258";"1";"1";"1";"6";"D908 Cornieville";"48,7665930";"5,7257800"
"201900010505";"22";"4";"2019";"23:05";"5";"75";"75117";"2";"4";"1";"3";"RUE GUTTIN";"48,8949080";"2,3153000"
"201900010506";"22";"4";"2019";"09:50";"1";"75";"75117";"2";"1";"1";"3";"AVENUE DE LA PORTE DE CHAMPERRET";"48,8862560";"2,2868660"
"201900010507";"1";"6";"2019";"20:05";"1";"54";"54215";"2";"6";"7";"7";"RD657";"48,7458470";"6,1515870"
"201900010508";"20";"4";"2019";"20:50";"5";"75";"75117";"2";"4";"1";"3";"RUE ANDRE BRECHET";"48,8989400";"2,3263790"
"201900010509";"9";"6";"2019";"19:30";"1";"57";"57413";"1";"1";"1";"5";"3 les trois maisons";"49,1141860";"6,6661640"
"201900010510";"20";"4";"2019";"12:00";"1";"75";"75108";"2";"2";"1";"3";"RUE MARBEUF";"48,8672400";"2,3019400"
"201900010511";"18";"4";"2019";"20:35";"2";"75";"75117";"2";"1";"1";"6";"RUE ANDRE BRECHET";"48,8989630";"2,3275930"
"201900010512";"18";"4";"2019";"19:10";"1";"75";"75117";"2";"1";"1";"3";"AVENUE NIEL";"48,8825610";"2,2962050"
"201900010513";"5";"6";"2019";"10:10";"1";"57";"57296";"2";"1";"1";"6";"Rue de la Gare";"49,2231210";"6,6181130"
"201900010514";"18";"4";"2019";"18:30";"1";"75";"75117";"2";"1";"1";"2";"BOULEVARD DE REIMS";"48,8884260";"2,2960320"
"201900010515";"12";"6";"2019";"12:10";"1";"57";"57645";"2";"1";"1";"6";"Voie Romaine";"49,1943550";"6,1501030"
"201900010516";"26";"4";"2019";"17:05";"1";"75";"75116";"2";"2";"1";"3";"AVENUE DU PRESIDENT WILSON";"48,8651100";"2,2988940"
"201900010517";"30";"5";"2019";"07:35";"1";"3";"03298";"2";"1";"1";"6";"6 avenue de la gare";"46,3171284";"3,3932936"
"201900010518";"26";"4";"2019";"15:40";"1";"75";"75116";"2";"2";"1";"3";"ALLEE DE LA REINE MARGUERITE";"48,8585650";"2,2448830"
"201900010519";"25";"4";"2019";"17:00";"1";"75";"75116";"2";"3";"1";"6";"AVENUE PAUL DOUMER";"48,8599060";"2,2797220"
"201900010520";"16";"6";"2019";"17:45";"1";"3";"03139";"1";"1";"1";"7";"N/A";"45,9958264";"3,7301121"
"201900010521";"24";"4";"2019";"16:35";"1";"75";"75116";"2";"3";"1";"2";"BOULEVARD SUCHET";"48,8508930";"2,2605170"
"201900010522";"23";"4";"2019";"12:30";"1";"75";"75116";"2";"2";"1";"6";"AVENUE MARCEAU";"48,8709410";"2,2975070"
"201900010523";"2";"6";"2019";"17:00";"1";"3";"03165";"2";"2";"1";"3";"77 rue de Ferrières";"46,0664520";"3,6571802"
"201900010524";"23";"4";"2019";"18:20";"1";"75";"75116";"2";"1";"1";"3";"AVENUE KLEBER";"48,8654610";"2,2890100"
"201900010525";"3";"6";"2019";"05:34";"2";"3";"03286";"1";"1";"1";"6";"N/A";"46,5250905";"3,3501771"
"201900010526";"22";"4";"2019";"18:00";"1";"75";"75116";"2";"2";"1";"3";"BOULEVARD SUCHET";"48,8573610";"2,2646690"
"201900010527";"1";"6";"2019";"19:00";"1";"3";"03190";"2";"1";"1";"2";"avenue de la Libération";"46,5596062";"3,3169593"
"201900010528";"22";"4";"2019";"15:00";"1";"75";"75116";"2";"2";"1";"3";"AVENUE VICTOR HUGO";"48,8711630";"2,2888560"
"201900010529";"22";"4";"2019";"11:15";"1";"75";"75116";"2";"7";"1";"3";"PLACE VICTOR HUGO";"48,8695260";"2,2855640"
"201900010530";"22";"4";"2019";"01:30";"5";"75";"75116";"2";"1";"1";"6";"BOULEVARD MURAT";"48,8433940";"2,2565690"
"201900010531";"21";"4";"2019";"16:15";"1";"75";"75116";"2";"1";"1";"6";"AVENUE GEORGES MANDEL";"48,8637310";"2,2809850"
"201900010532";"21";"4";"2019";"16:22";"1";"75";"75116";"2";"7";"1";"6";"PLACE DU TROCADERO ET DU 11 NOVEMBRE";"48,8625370";"2,2868240"
"201900010533";"21";"4";"2019";"10:50";"1";"75";"75116";"2";"7";"1";"6";"PLACE DE LA PORTE DE SAINT CLOUD";"48,8382850";"2,2565020"
"201900010534";"18";"4";"2019";"20:20";"1";"75";"75116";"2";"1";"1";"3";"ROUTE DES TRIBUNES";"48,8610240";"2,2299220"
"201900010535";"19";"4";"2019";"15:30";"1";"75";"75116";"2";"1";"1";"3";"AVENUE KLEBER";"48,8658460";"2,2892920"
"201900010536";"17";"4";"2019";"11:00";"1";"75";"75116";"2";"3";"1";"6";"BOULEVARD MURAT";"48,8444190";"2,2570860"
"201900010537";"17";"4";"2019";"17:25";"1";"75";"75116";"2";"1";"1";"4";"ALLEE DU BORD DE L EAU";"48,8707340";"2,2400770"
"201900010538";"19";"6";"2019";"18:30";"1";"63";"63254";"1";"2";"7";"3";"Carrefour D2 - D764";"45,8167169";"3,0561411"
"201900010539";"14";"6";"2019";"15:20";"1";"74";"74249";"2";"4";"1";"1";"Roseires";"46,3803200";"6,6583540"
"201900010540";"9";"6";"2019";"01:50";"3";"74";"74166";"1";"1";"1";"1";"Route de Thonon";"46,3761180";"6,5281830"
"201900010541";"16";"6";"2019";"18:20";"1";"74";"74262";"1";"1";"1";"1";"Route de l'Arve";"46,1243270";"6,3287200"
"201900010542";"13";"6";"2019";"16:50";"1";"74";"74153";"2";"1";"7";"6";"1158 route de milly";"46,1813547";"6,3293288"
"201900010543";"3";"6";"2019";"16:30";"1";"74";"74185";"1";"1";"1";"6";"Route des 3 Lacs";"46,1565665";"6,2011052"
"201900010544";"16";"6";"2019";"14:10";"1";"74";"74250";"1";"1";"1";"1";"D 12";"46,0444050";"6,3783090"
"201900010545";"7";"6";"2019";"14:27";"1";"74";"74122";"2";"1";"1";"2";"Route de Contamine";"46,1207960";"6,3568880"
"201900010546";"28";"4";"2019";"02:45";"5";"75";"75115";"2";"2";"1";"6";"BOULEVARD GARIBALDI";"48,8457500";"2,3095310"