"Num_Acc";"jour";"mois";"an";"hrmn";"lum";"dep";"com";"agg";"int";"atm";"col";"adr";"lat";"long"
"201900010547";"7";"6";"2019";"14:00";"1";"74";"74280";"1";"1";"1";"2";"La Vacherie";"45,9013986";"6,3532401"
"201900010548";"27";"4";"2019";"10:45";"1";"75";"75115";"2";"2";"1";"6";"RUE SAINT CHARLES";"48,8434430";"2,2827430"
"201900010549";"16";"6";"2019";"16:50";"1";"73";"73026";"1";"1";"1";"6";"D006";"45,2099387";"6,7205497"
"201900010550";"11";"6";"2019";"11:00";"1";"73";"73290";"1";"1";"2";"6";"D1006 Route Napoléon Bonaparte (Bramans)";"45,2272641";"6,7748747"
"201900010551";"19";"6";"2019";"18:00";"1";"73";"73306";"1";"1";"1";"3";"RD 902";"45,1001682";"6,4288464"
"201900010552";"6";"6";"2019";"16:40";"1";"73";"73248";"2";"2";"1";"6";"D926  462 Avenue Henri Falcoz";"45,2766464";"6,3522369"
"201900010553";"1";"6";"2019";"11:30";"1";"73";"73034";"1";"4";"1";"3";"D218A  3350 route d'areches";"45,7017794";"6,5671175"
"201900010554";"17";"6";"2019";"02:00";"3";"38";"38449";"2";"1";"1";"6";"lieu dit le charpenay -route d'heyrieu";"45,6319620";"5,1103630"
"201900010555";"13";"6";"2019";"08:15";"1";"38";"38087";"2";"5";"1";"3";"Rue Copernic";"45,5776000";"4,8002000"
"201900010556";"13";"6";"2019";"07:40";"1";"38";"38487";"1";"1";"1";"2";"Route de Chasse";"45,5589410";"4,8243190"
"201900010557";"2";"6";"2019";"07:15";"1";"69";"69297";"1";"1";"1";"1";"Route de Communay";"45,5892620";"4,8042510"
"201900010558";"13";"6";"2019";"16:40";"1";"38";"38509";"2";"1";"1";"7";"rue danielle mitterand";"45,5687200";"5,4448450"
"201900010559";"5";"6";"2019";"17:15";"1";"38";"38250";"1";"2";"1";"6";"PK 11.994, RD143";"45,6147800";"5,4322270"
"201900010560";"8";"6";"2019";"19:00";"1";"38";"38138";"2";"1";"1";"2";"route de genas";"45,7238890";"5,2335180"
"201900010561";"13";"6";"2019";"16:50";"1";"38";"38382";"2";"1";"1";"6";"Avenue de la monta";"45,2302590";"5,6833740"
"201900010562";"6";"6";"2019";"16:30";"1";"38";"38111";"2";"1";"1";"3";"Route de Comboire";"45,1374610";"5,6726070"
"201900010563";"1";"6";"2019";"10:00";"1";"38";"38317";"2";"1";"1";"6";"Place du 8 Mai 1945";"45,1234450";"5,6978180"
"201900010564";"7";"6";"2019";"19:15";"1";"26";"26380";"1";"2";"1";"3";"Nationale 7";"45,1057140";"4,8292860"
"201900010565";"22";"4";"2019";"03:30";"3";"26";"26271";"1";"1";"1";"2";"Avenue des cevennes";"45,0115920";"4,8467770"
"201900010566";"10";"6";"2019";"10:55";"1";"26";"26059";"1";"1";"5";"6";"chemin de la jacine";"44,9400130";"5,2634730"
"201900010567";"8";"6";"2019";"16:45";"1";"26";"26023";"1";"1";"1";"7";"route du col";"44,9561980";"5,1405880"
"201900010568";"10";"6";"2019";"15:10";"1";"26";"26168";"1";"1";"2";"1";"RD 1075";"44,7143980";"5,6768560"
"201900010569";"17";"6";"2019";"19:30";"1";"26";"26315";"2";"1";"1";"7";"Route du Buëch";"45,0210340";"5,4444040"
"201900010570";"2";"6";"2019";"19:25";"1";"26";"26197";"1";"2";"1";"1";"RD 119";"44,9358290";"5,0238330"
"201900010571";"19";"6";"2019";"15:30";"1";"7";"07272";"1";"3";"1";"2";"d579";"44,5164730";"4,3964310"
"201900010572";"19";"6";"2019";"09:25";"1";"7";"07264";"1";"1";"1";"3";"RD 86";"44,3215800";"4,6258140"
"201900010573";"8";"6";"2019";"08:30";"1";"1";"01049";"2";"1";"7";"2";"917 Route Nationale";"45,8450318";"5,0360769"
"201900010574";"30";"5";"2019";"20:30";"1";"1";"01276";"1";"1";"1";"6";"D61";"45,8270650";"5,0709330"
"201900010575";"11";"5";"2019";"11:30";"1";"1";"01027";"2";"1";"1";"1";"Rue du Stade";"45,8319320";"5,1093430"
"201900010576";"19";"6";"2019";"11:25";"1";"1";"01249";"2";"3";"1";"6";"1064 Grande rue";"45,8243520";"4,9537250"
"201900010577";"8";"6";"2019";"15:45";"1";"1";"01249";"2";"4";"7";"1";"1586 Grande Rue";"45,8262190";"4,9597440"
"201900010578";"29";"5";"2019";"21:45";"5";"1";"01255";"2";"1";"1";"1";"Route de Serrières";"45,7958060";"5,4592750"
"201900010579";"13";"6";"2019";"20:30";"2";"69";"69243";"2";"1";"1";"6";"route de Valsonne";"45,9036390";"4,4321630"
"201900010580";"12";"6";"2019";"18:30";"1";"69";"69019";"2";"6";"1";"2";"D37d";"46,1055730";"4,7513040"
"201900010581";"14";"6";"2019";"07:30";"1";"69";"69019";"1";"1";"2";"1";"Rue de la Grange Berchet";"46,1027550";"4,7264270"
"201900010582";"11";"6";"2019";"20:10";"1";"69";"69206";"2";"9";"2";"6";"Avenue Léon Foillard";"46,0581350";"4,7223090"
"201900010583";"17";"6";"2019";"16:15";"1";"69";"69296";"1";"1";"1";"1";"Rue du Rhône";"45,6439880";"4,8236970"
"201900010584";"9";"6";"2019";"01:00";"5";"69";"69291";"2";"9";"2";"1";"Avenue burago di molgora";"45,6333960";"4,8598580"
"201900010585";"4";"6";"2019";"19:30";"1";"69";"69291";"2";"1";"1";"6";"Rue de Selins";"45,6298850";"4,8545690"
"201900010586";"12";"6";"2019";"18:15";"1";"69";"69238";"2";"2";"1";"1";"Avenue Emmanuel Clément";"45,6356020";"4,4600740"
"201900010587";"7";"5";"2019";"16:20";"1";"69";"69014";"2";"2";"1";"3";"lieu-dit-la-treve";"45,6792500";"4,4790100"
"201900010588";"14";"6";"2019";"08:15";"1";"69";"69263";"1";"1";"3";"7";"Le Melay";"45,8291140";"4,4122660"
"201900010589";"7";"6";"2019";"17:55";"1";"69";"69032";"2";"9";"1";"3";"170 Route de Lyon";"45,8491648";"4,5814213"
"201900010590";"2";"6";"2019";"15:50";"1";"69";"69086";"2";"1";"1";"1";"RN7";"45,8392764";"4,6242946"
"201900010591";"9";"6";"2019";"13:00";"1";"69";"69163";"1";"1";"2";"1";"394 Lieu dit GRAND VESSIEUX";"45,9133460";"4,7765840"
"201900010592";"2";"6";"2019";"11:10";"1";"1";"01248";"1";"6";"1";"3";"D38";"45,8828390";"4,8837350"
"201900010593";"17";"6";"2019";"09:30";"1";"69";"69089";"2";"9";"1";"6";"rue de la poste";"45,7380000";"4,7720000"
"201900010594";"19";"6";"2019";"19:05";"1";"81";"81099";"2";"6";"1";"3";"Rond-Point Taillefer";"43,8984540";"1,8861200"
"201900010595";"2";"6";"2019";"18:00";"1";"81";"81187";"1";"1";"1";"7";"Uyo";"43,7073090";"2,0112110"
"201900010596";"13";"6";"2019";"12:20";"1";"46";"46221";"1";"1";"1";"7";"D 840";"44,6367110";"2,0186450"
"201900010597";"18";"6";"2019";"11:15";"1";"32";"32201";"1";"1";"1";"6";"Les Chenes";"43,5718980";"0,6109010"
"201900010598";"14";"6";"2019";"22:00";"5";"31";"31395";"2";"6";"1";"6";"50 avenue Jacques DOUZANS";"43,4677850";"1,3298800"
"201900010599";"2";"6";"2019";"05:43";"5";"31";"31421";"2";"1";"1";"6";"RD56";"43,4792020";"1,3831860"
"201900010600";"17";"6";"2019";"08:00";"1";"31";"31291";"1";"1";"1";"5";"Rn 124";"43,5898050";"1,2731300"
"201900010601";"15";"6";"2019";"08:50";"1";"79";"79049";"2";"6";"1";"3";"Avenue d'Angers";"46,8460040";" -0,4822410"
"201900010602";"14";"6";"2019";"22:00";"3";"79";"79049";"1";"1";"1";"6";"Route de Boismé";"46,8266420";" -0,4856530"
"201900010603";"7";"8";"2019";"21:00";"2";"75";"75105";"2";"2";"1";"6";"QUAI DE LA TOURNELLE";"48,8511324";"2,3513039"
"201900010604";"6";"8";"2019";"16:40";"1";"75";"75105";"2";"5";"2";"6";"BOULEVARD SAINT GERMAIN";"48,8498708";"2,3494470"
"201900010605";"8";"8";"2019";"16:30";"1";"75";"75120";"2";"4";"1";"6";"RUE BELGRAND";"48,8646091";"2,4059791"
"201900010606";"7";"8";"2019";"19:15";"1";"75";"75120";"2";"3";"1";"6";"RUE DES CENDRIERS";"48,8651840";"2,3852000"
"201900010607";"7";"8";"2019";"01:50";"5";"75";"75120";"2";"5";"1";"3";"AVENUE GAMBETTA";"48,8683330";"2,4014110"
"201900010608";"8";"8";"2019";"08:55";"1";"75";"75119";"2";"4";"1";"3";"AVENUE JEAN JAURES";"48,8830526";"2,3714871"
"201900010609";"7";"8";"2019";"18:10";"1";"75";"75119";"2";"3";"1";"2";"AVENUE JEAN JAURES";"48,8851037";"2,3787689"
"201900010610";"9";"8";"2019";"11:50";"1";"75";"75117";"2";"2";"8";"3";"BOULEVARD NEY";"48,8976429";"2,3289889"
"201900010611";"8";"8";"2019";"21:00";"3";"75";"75118";"2";"2";"1";"3";"RUE DAMREMONT";"48,8905420";"2,3342940"
"201900010612";"10";"8";"2019";"19:30";"1";"75";"75108";"2";"5";"1";"3";"BOULEVARD DE COURCELLES";"48,8791319";"2,3031324"
"201900010613";"10";"8";"2019";"16:00";"1";"75";"75117";"2";"3";"1";"3";"RUE DE ROME";"48,8846510";"2,3178600"
"201900010614";"9";"8";"2019";"15:15";"1";"75";"75117";"2";"2";"1";"2";"RUE DE ROME";"48,8856710";"2,3168240"
"201900010615";"8";"8";"2019";"14:15";"1";"75";"75117";"2";"2";"1";"3";"RUE DE TOCQUEVILLE";"48,8832730";"2,3127012"
"201900010616";"6";"8";"2019";"16:45";"1";"75";"75117";"2";"2";"3";"6";"RUE FOURCROY";"48,8813140";"2,2985420"
"201900010617";"6";"8";"2019";"14:10";"1";"75";"75117";"2";"7";"3";"7";"BOULEVARD BERTHIER";"48,8872293";"2,2979795"
"201900010618";"10";"8";"2019";"13:45";"1";"75";"75116";"2";"2";"1";"3";"RUE DE LA TOUR";"48,8602469";"2,2810632"
"201900010619";"9";"8";"2019";"12:00";"1";"75";"75116";"2";"2";"1";"6";"AVENUE KLEBER";"48,8668109";"2,2899574"
"201900010620";"9";"8";"2019";"16:00";"1";"75";"75116";"2";"2";"1";"3";"AVENUE DU PRESIDENT WILSON";"48,8639172";"2,2905046"
"201900010621";"8";"8";"2019";"14:40";"1";"75";"75116";"2";"2";"1";"6";"RUE DU RANELAGH";"48,8553764";"2,2708923"
"201900010622";"7";"8";"2019";"11:40";"1";"75";"75116";"2";"4";"1";"3";"AVENUE D IENA";"48,8717238";"2,2953842"
"201900010623";"10";"8";"2019";"19:00";"1";"75";"75114";"2";"1";"1";"4";"RUE RAYMOND LOSSERAND";"48,8341180";"2,3184100"
"201900010624";"10";"8";"2019";"15:25";"1";"75";"75113";"2";"1";"1";"3";"RUE BOBILLOT";"48,8289260";"2,3533820"
"201900010625";"10";"8";"2019";"09:20";"1";"75";"75113";"2";"9";"1";"3";"AVENUE D ITALIE";"48,8277745";"2,3567873"
"201900010626";"31";"5";"2019";"02:30";"5";"75";"75113";"2";"4";"1";"6";"AVENUE D IVRY";"48,8256700";"2,3610320"
"201900010627";"10";"8";"2019";"14:40";"1";"75";"75112";"2";"3";"1";"3";"BOULEVARD SOULT";"48,8373405";"2,4081570"
"201900010628";"10";"8";"2019";"08:55";"1";"75";"75112";"2";"2";"1";"3";"AVENUE DAUMESNIL";"48,8442518";"2,3814681"
"201900010629";"8";"8";"2019";"16:40";"1";"75";"75112";"2";"3";"1";"6";"BOULEVARD DE BERCY";"48,8399573";"2,3823235"
"201900010630";"7";"8";"2019";"16:00";"1";"75";"75112";"2";"2";"1";"3";"QUAI DE LA RAPEE";"48,8434380";"2,3707240"
"201900010631";"7";"8";"2019";"14:15";"1";"75";"75112";"2";"3";"1";"3";"BOULEVARD DE BERCY";"48,8399583";"2,3823174"
"201900010632";"7";"8";"2019";"17:10";"1";"75";"75111";"2";"3";"1";"6";"BOULEVARD RICHARD LENOIR";"48,8600775";"2,3725909"
"201900010633";"7";"8";"2019";"12:35";"1";"75";"75111";"2";"3";"1";"3";"BOULEVARD RICHARD LENOIR";"48,8570380";"2,3712390"
"201900010634";"10";"8";"2019";"03:20";"5";"75";"75110";"2";"3";"1";"3";"QUAI DE VALMY";"48,8792570";"2,3667410"
"201900010635";"8";"8";"2019";"18:45";"1";"75";"75110";"2";"2";"1";"3";"PLACE DE LA REPUBLIQUE";"48,8685117";"2,3629993"
"201900010636";"10";"8";"2019";"12:30";"1";"75";"75109";"2";"2";"1";"3";"RUE DE PROVENCE";"48,8742349";"2,3352668"
"201900010637";"7";"8";"2019";"18:40";"1";"75";"75109";"2";"2";"1";"6";"BOULEVARD HAUSSMANN";"48,8723849";"2,3374237"
"201900010638";"6";"8";"2019";"18:10";"1";"75";"75109";"2";"2";"2";"6";"RUE DE PROVENCE";"48,8741926";"2,3371750"
"201900010639";"9";"8";"2019";"07:30";"1";"75";"75108";"2";"1";"8";"6";"RUE DE SAINT PETERSBOURG";"48,8803760";"2,3245040"
"201900010640";"7";"8";"2019";"20:30";"1";"75";"75108";"2";"2";"1";"3";"RUE DE ROME";"48,8787420";"2,3222670"
"201900010641";"8";"8";"2019";"21:40";"5";"75";"75104";"2";"2";"1";"3";"RUE SAINT ANTOINE";"48,8537457";"2,3656708"
"201900010642";"9";"8";"2019";"17:44";"1";"75";"75101";"2";"3";"8";"5";"RUE DU LOUVRE";"48,8630541";"2,3418656"
"201900010643";"8";"8";"2019";"15:30";"1";"75";"75101";"2";"1";"1";"3";"RUE DE RICHELIEU";"48,8650535";"2,3365206"
"201900010644";"8";"8";"2019";"13:35";"1";"94";"94081";"2";"1";"1";"6";"BEL AIR (R DU)";"48,7816100";"2,4048900"
"201900010645";"8";"8";"2019";"02:35";"5";"94";"94018";"2";"1";"1";"6";"GRAVELLE (AV DE)";"48,8295692";"2,4022602"
"201900010646";"8";"8";"2019";"13:10";"1";"94";"94074";"2";"1";"1";"1";"theodule jourdain";"48,7704200";"2,4471800"
"201900010647";"7";"8";"2019";"15:45";"1";"94";"94001";"2";"1";"1";"7";"BOIS (allée du)";"48,7247040";"2,4123400"
"201900010648";"8";"8";"2019";"21:20";"5";"94";"94058";"2";"1";"1";"6";"LEDRU ROLLIN (AV)";"48,8425500";"2,5023700"
"201900010649";"6";"8";"2019";"09:45";"1";"94";"94042";"2";"1";"1";"6";"JOYEUSE (AV)";"48,8195900";"2,4771300"
"201900010650";"8";"8";"2019";"17:50";"1";"94";"94046";"2";"1";"1";"3";"FERNAND SAGUET (QU)";"48,8159878";"2,4207119"
"201900010651";"9";"8";"2019";"14:55";"1";"94";"94076";"2";"1";"3";"6";"MOULIN DE SAQUET (R DU)";"48,7909100";"2,3667900"
"201900010652";"7";"8";"2019";"06:40";"2";"94";"94073";"2";"1";"1";"6";"GEORGES HALGOULT (R)";"48,7628300";"2,4011300"
"201900010653";"9";"8";"2019";"15:35";"1";"94";"94028";"2";"3";"2";"6";"GAULLE(AVENUE DU GENERAL DE)";"48,7900000";"2,4400000"
"201900010654";"8";"8";"2019";"20:40";"1";"94";"94078";"2";"2";"1";"1";"ANATOLE FRANCE (AV)";"48,7449000";"2,4525000"
"201900010655";"8";"8";"2019";"12:50";"1";"94";"94011";"2";"3";"1";"3";"GRANDE ALLEE";"48,7684900";"2,4941700"
"201900010656";"7";"8";"2019";"15:00";"1";"94";"94028";"2";"1";"1";"1";"SAVAR.(RUE JULIETTE)";"48,7795800";"2,4657600"
"201900010657";"6";"8";"2019";"18:00";"1";"94";"94028";"2";"1";"1";"6";"POMPADOUR(ROUTE DE LA)";"48,7669000";"2,4710800"
"201900010658";"9";"8";"2019";"15:35";"1";"94";"94054";"2";"2";"2";"3";"PAIX (AV DE LA)";"48,7502900";"2,3993700"
"201900010659";"9";"8";"2019";"17:15";"1";"94";"94079";"2";"1";"2";"6";"CLAUDE TROTIN (R)";"48,8280900";"2,5431800"
"201900010660";"7";"8";"2019";"01:40";"5";"94";"94018";"2";"2";"1";"1";"PARIS (R DE)";"48,8277400";"2,4040300"
"201900010661";"10";"8";"2019";"20:10";"1";"93";"93078";"2";"1";"1";"2";"BALLANGER (BD ROBERT)";"48,9558800";"2,5402100"
"201900010662";"7";"8";"2019";"08:50";"1";"93";"93049";"2";"1";"1";"3";"JEAN MERMOZ (PLACE)";"48,8611600";"2,5087100"
"201900010663";"9";"8";"2019";"20:30";"2";"93";"93048";"2";"2";"1";"3";"PASTEUR S2  (AVENUE)";"48,8708729";"2,4311154"
"201900010664";"8";"8";"2019";"07:00";"1";"93";"93048";"2";"3";"1";"3";"ROSNY (RUE DE)";"48,8678000";"2,4587000"
"201900010665";"10";"8";"2019";"14:45";"1";"93";"93046";"2";"5";"1";"6";"ARISTIDE BRIAND AVENUE";"48,9114000";"2,5168600"
"201900010666";"9";"8";"2019";"22:10";"5";"93";"93046";"2";"1";"1";"6";"EST ALLEE DE L'";"48,9328346";"2,5610768"
"201900010667";"6";"8";"2019";"22:42";"5";"93";"93031";"2";"1";"1";"6";"DE LATTRE DE TASSIGNY (1 A 51)";"48,9569800";"2,3106100"
"201900010668";"5";"8";"2019";"15:25";"1";"93";"93029";"2";"1";"1";"6";"HENRI BARBUSSE (AVE) N°126-280";"48,9191000";"2,4500000"
"201900010669";"8";"8";"2019";"15:15";"1";"93";"93057";"2";"1";"1";"3";"BRIAND (AV. ARISTIDE) 2 A 132";"48,9083400";"2,4981900"
"201900010670";"9";"8";"2019";"18:10";"1";"93";"93008";"2";"1";"2";"2";"PARIS (RUE DE)";"48,9002793";"2,4511838"
"201900010671";"8";"8";"2019";"04:45";"3";"93";"93008";"1";"6";"1";"2";"VAILLANT COUTURIER (AVENUE PAUL)";"48,9054960";"2,4697470"
"201900010672";"8";"8";"2019";"18:00";"1";"93";"93008";"2";"3";"1";"1";"GRANDE DENISE (RUE DE LA)";"48,9128200";"2,4679700"
"201900010673";"8";"8";"2019";"02:00";"5";"93";"93005";"2";"1";"1";"3";"LOUIS ARMAND (CARREFOUR)";"48,9549900";"2,4792200"
"201900010674";"7";"8";"2019";"17:45";"1";"93";"93005";"2";"1";"1";"3";"GEORGES BRAQUE (BOULEVARD)";"48,9523000";"2,4845700"
"201900010675";"1";"7";"2019";"14:40";"1";"93";"93005";"2";"9";"1";"3";"MAXIMILIEN ROBESPIERRE (RUE)";"48,9482820";"2,5021320"
"201900010676";"7";"8";"2019";"15:15";"1";"93";"93001";"2";"2";"1";"3";"PRESIDENT ROOSEVELT (AVENUE DU)";"48,9193500";"2,3782800"
"201900010677";"8";"8";"2019";"15:37";"1";"92";"92073";"2";"1";"1";"1";"SELLIER (BOULEVARD HENRI)";"48,8681210";"2,2246530"
"201900010678";"8";"8";"2019";"20:40";"2";"92";"92076";"2";"3";"1";"3";"REPUBLIQUE";"48,8377300";"2,1614800"
"201900010679";"10";"8";"2019";"20:55";"2";"92";"92050";"2";"1";"1";"2";"GARE RUE DE LA";"48,8959350";"2,1984870"
"201900010680";"6";"8";"2019";"10:50";"1";"92";"92050";"2";"1";"1";"6";"JOILIOT CURIE F. ET IRENE AVENUE N°IMPAI";"48,8924760";"2,2097090"
"201900010681";"10";"8";"2019";"20:40";"2";"92";"92020";"2";"2";"1";"3";"VERDUN AVENUE DE N°1 A 45";"48,8024400";"2,2862600"
"201900010682";"7";"8";"2019";"14:30";"1";"92";"92048";"2";"1";"1";"6";"MARECHAL JUIN (AVENUE DU)";"48,7872600";"2,2184600"
"201900010683";"1";"8";"2019";"22:35";"5";"92";"92026";"2";"2";"1";"3";"CHARRAS";"48,8942210";"2,2486950"
"201900010684";"8";"8";"2019";"19:10";"1";"92";"92025";"2";"3";"1";"3";"PAUL BERT (RUE)";"48,9273604";"2,2470206"
"201900010685";"8";"8";"2019";"21:20";"5";"92";"92023";"2";"2";"1";"2";"GENERAL DE GAULLE (AV DU) N°130 A 340 ET";"48,7863718";"2,2539708"
"201900010686";"8";"8";"2019";"17:20";"1";"92";"92019";"2";"4";"1";"3";"DIVISION LECLERC (AVENUE DE LA)";"48,7691900";"2,2502100"
"201900010687";"10";"8";"2019";"10:10";"1";"92";"92012";"2";"1";"1";"3";"MARCEL SEMBAT (PLACE)";"48,8336139";"2,2435788"
"201900010688";"8";"8";"2019";"23:25";"5";"92";"92007";"2";"3";"1";"3";"SUISSES (VOIE DES)";"48,8015000";"2,3003000"
"201900010689";"7";"8";"2019";"19:40";"4";"92";"92004";"2";"1";"1";"6";"DOCTEUR DERVAUX  ( QUAI DU )";"48,9095000";"2,2940170"
"201900010690";"7";"8";"2019";"07:58";"3";"47";"47048";"1";"1";"2";"6";"RN21";"44,5248110";"0,6236470"
"201900010691";"5";"8";"2019";"14:00";"1";"35";"35258";"1";"1";"1";"1";"C5 - route les iffs - tinténiac";"48,3069970";" -1,8603630"
"201900010692";"9";"8";"2019";"20:15";"2";"2A";"2A272";"1";"1";"1";"6";"T40";"41,6445260";"8,9584070"
"201900010693";"7";"8";"2019";"18:15";"1";"87";"87002";"2";"6";"1";"3";"Rond-point de l'Europe";"45,9573970";"1,3989170"
"201900010694";"9";"8";"2019";"17:00";"1";"1";"01424";"1";"2";"1";"3";"D38";"45,8748320";"4,9760040"
"201900010695";"8";"8";"2019";"18:15";"1";"1";"01248";"2";"1";"1";"6";"Rue Principale";"45,8953990";"4,9281820"
"201900010696";"9";"8";"2019";"15:45";"1";"38";"38448";"1";"1";"1";"7";"Route d'Auberives";"45,4355300";"4,8014500"
"201900010697";"10";"8";"2019";"13:30";"1";"41";"41031";"1";"1";"1";"7";"25 Route de Seur";"47,5141910";"1,3521590"
"201900010698";"11";"8";"2019";"11:05";"1";"33";"33007";"1";"1";"2";"1";"D1113";"44,6702700";" -0,3918200"
"201900010699";"10";"8";"2019";"10:50";"1";"49";"49174";"1";"3";"1";"3";"CD 323";"47,6557380";" -0,2546500"
"201900010700";"8";"8";"2019";"11:50";"1";"17";"17425";"1";"3";"1";"3";"RD 730";"45,6061450";" -0,9557360"
"201900010701";"9";"8";"2019";"08:10";"2";"49";"49092";"1";"1";"2";"7";"Route départementale 84";"47,2095300";" -0,6757680"
"201900010702";"8";"8";"2019";"18:30";"1";"74";"74238";"1";"3";"1";"5";"Route des Grandes Alpes";"46,2404351";"6,6487692"
"201900010703";"10";"8";"2019";"19:30";"1";"76";"76071";"1";"1";"1";"7";"Rue du 31 Août 1944";"49,9163000";"1,2483680"
"201900010704";"10";"8";"2019";"20:45";"2";"76";"76743";"1";"9";"1";"7";"a 150";"49,5426646";"0,9279907"
"201900010705";"6";"8";"2019";"13:30";"1";"57";"57266";"1";"9";"1";"6";"D22";"48,7819360";"6,6979430"
"201900010706";"9";"8";"2019";"09:00";"1";"68";"68146";"1";"6";"7";"2";"Route de Strasbourg";"48,1198870";"7,3683310"
"201900010707";"9";"8";"2019";"19:45";"1";"28";"28132";"1";"2";"1";"3";"Rue de Châteaudun";"48,0953430";"1,3712770"
"201900010708";"10";"8";"2019";"12:00";"1";"974";"97412";"1";"1";"1";"1";"rn2";" -21,3739030";"55,6979570"
"201900010709";"7";"8";"2019";"19:20";"1";"62";"62634";"2";"1";"1";"6";"Rue du Courgain";"50,9258920";"2,0321270"
"201900010710";"26";"7";"2019";"16:00";"1";"84";"84029";"1";"1";"1";"3";"Chemin du Plan de Dieu";"44,1715510";"4,8951510"
"201900010711";"6";"8";"2019";"12:25";"1";"63";"63264";"1";"1";"1";"7";"cd555";"45,6927360";"2,8353810"
"201900010712";"7";"8";"2019";"16:00";"1";"52";"52384";"1";"1";"1";"2";"a31 pk 104+550";"47,8208760";"5,2248010"
"201900010713";"10";"8";"2019";"11:05";"1";"67";"67478";"2";"2";"1";"7";"Rue du Maréchal Leclerc";"48,7708100";"7,4117310"
"201900010714";"10";"8";"2019";"21:00";"2";"22";"22097";"1";"1";"1";"7";"RN 176 PR023+000";"48,4263851";" -2,1879165"
"201900010715";"10";"8";"2019";"16:05";"1";"74";"74257";"1";"1";"1";"7";"Route Départementale 1508";"46,0106030";"5,9983050"
"201900010716";"8";"8";"2019";"18:30";"1";"38";"38362";"1";"1";"1";"3";"Route de la Maladière";"45,3888100";"5,6640200"
"201900010717";"10";"8";"2019";"02:30";"3";"62";"62571";"2";"1";"2";"1";"Rue Camille Delacroix";"50,4579220";"1,6029780"
"201900010718";"7";"8";"2019";"18:30";"1";"62";"62571";"2";"1";"1";"3";"Rue Auguste Biblocq";"50,4485900";"1,6156930"
"201900010719";"8";"8";"2019";"03:47";"3";"34";"34114";"1";"1";"1";"6";"A750";"43,6478330";"3,5459540"
"201900010720";"9";"8";"2019";"18:10";"1";"30";"30288";"2";"9";"1";"6";"N86 PR010+380";"44,1999400";"4,6258940"
"201900010721";"8";"8";"2019";"12:40";"1";"83";"83131";"1";"1";"1";"5";"RD 554";"43,2051270";"6,0244100"
"201900010722";"3";"8";"2019";"17:30";"1";"62";"62477";"2";"3";"1";"3";"Angle rue de BERLES et Rue de TILLOY";"50,3147210";"2,5316780"
"201900010723";"17";"7";"2019";"17:55";"1";"62";"62752";"1";"4";"8";"1";"Route de Valencendre";"50,4852190";"1,6926120"
"201900010724";"8";"8";"2019";"15:45";"1";"62";"62770";"1";"1";"9";"1";"ROUTE DEPARTEMENTALE 937";"50,6217660";"2,5443340"
"201900010725";"10";"8";"2019";"16:45";"1";"62";"62426";"2";"1";"1";"6";"Rue Saint-Martin";"50,2370860";"2,8605030"
"201900010726";"9";"8";"2019";"04:00";"3";"74";"74106";"1";"1";"1";"7";"RD246";"46,2996140";"6,4672940"
"201900010727";"6";"8";"2019";"18:29";"1";"74";"74263";"2";"3";"2";"5";"Avenue de Bonnatrait";"46,3332389";"6,3865160"
"201900010728";"8";"8";"2019";"21:20";"2";"83";"83120";"2";"1";"1";"1";"26 rue jean jaurès";"43,3840780";"5,7065910"
"201900010729";"9";"8";"2019";"16:30";"1";"83";"83116";"1";"1";"1";"3";"D83";"43,4526390";"5,8607130"
"201900010730";"2";"8";"2019";"23:15";"3";"30";"30034";"1";"1";"1";"6";"rd163 Route de Jonquières";"43,7678610";"4,5156150"
"201900010731";"9";"8";"2019";"14:40";"1";"57";"57746";"2";"1";"1";"6";"rue principale";"49,0264310";"7,0360310"
"201900010732";"11";"8";"2019";"10:40";"1";"57";"57089";"2";"6";"1";"2";"Place Général Bizot";"49,0559540";"7,4339460"
"201900010733";"7";"8";"2019";"11:55";"1";"57";"57167";"2";"1";"1";"7";"Rue Principale";"49,3066770";"6,4089110"
"201900010734";"10";"8";"2019";"01:50";"3";"59";"59223";"1";"1";"1";"1";"CD 964 Le grand debout";"50,0958590";"3,7354040"
"201900010735";"7";"8";"2019";"21:10";"2";"19";"19105";"1";"1";"1";"6";"Bois la Cave";"45,1259560";"1,6610430"
"201900010736";"10";"8";"2019";"15:15";"1";"56";"56244";"1";"1";"1";"3";"Les Prescles";"47,8192690";" -2,4821440"
"201900010737";"8";"7";"2019";"14:00";"1";"56";"56090";"1";"1";"1";"7";"Bugoz Izel";"47,8894040";" -3,2285510"
"201900010738";"7";"8";"2019";"14:50";"1";"56";"56137";"1";"1";"1";"6";"Kerherne";"47,7459900";" -2,6703000"
"201900010739";"11";"8";"2019";"17:10";"1";"74";"74233";"1";"1";"3";"1";"1076 Route d'Annecy";"45,8078640";"5,9824930"
"201900010740";"9";"8";"2019";"16:00";"1";"74";"74148";"1";"1";"1";"3";"D912";"45,7876370";"6,1337281"
"201900010741";"8";"8";"2019";"18:30";"1";"77";"77051";"2";"3";"1";"3";"D412 X RUE FOSSES DE LA TOUR";"48,4160100";"3,2347900"
"201900010742";"8";"8";"2019";"15:30";"1";"67";"67281";"1";"3";"1";"3";"RD20";"48,1471680";"7,5787500"