"Num_Acc";"jour";"mois";"an";"hrmn";"lum";"dep";"com";"agg";"int";"atm";"col";"adr";"lat";"long"
"201900010743";"8";"8";"2019";"09:35";"1";"79";"79195";"1";"1";"1";"3";"N/A";"46,9178400";" -0,5704110"
"201900010744";"9";"8";"2019";"18:20";"1";"2A";"2A362";"2";"9";"1";"3";"route de pinarello, ste lucie de porto-vecchio";"41,6990460";"9,3512770"
"201900010745";"9";"8";"2019";"11:50";"1";"2A";"2A269";"2";"1";"1";"3";"RT 10";"41,8561940";"9,3992840"
"201900010746";"8";"8";"2019";"14:50";"1";"2B";"2B283";"1";"1";"2";"6";"PUNTA";"41,8971410";"9,3584220"
"201900010747";"11";"8";"2019";"04:30";"3";"2B";"2B164";"1";"1";"1";"6";"D46";"42,3854060";"9,4013380"
"201900010748";"7";"8";"2019";"09:30";"1";"2B";"2B309";"1";"1";"1";"3";"Route Figarella";"42,7428130";"9,4594020"
"201900010749";"11";"8";"2019";"02:30";"3";"80";"80008";"2";"1";"1";"6";"223 Rue de Feuquières";"50,0408050";"1,5955630"
"201900010750";"8";"8";"2019";"08:20";"1";"65";"65442";"1";"1";"1";"4";"rd 632";"43,2954990";"0,6244500"
"201900010751";"7";"8";"2019";"19:30";"1";"33";"33534";"1";"3";"1";"3";"D240 / D10E6";"44,7136200";" -0,3966800"
"201900010752";"8";"8";"2019";"11:30";"1";"32";"32119";"2";"1";"1";"6";"17 PLACE DE LA LIBERTE";"43,8604430";"0,1003790"
"201900010753";"10";"8";"2019";"16:25";"1";"32";"32080";"1";"1";"1";"3";"Le Macon";"43,9800080";"0,4530830"
"201900010754";"11";"8";"2019";"02:20";"3";"32";"32433";"1";"1";"1";"6";"RD12";"43,4333770";"0,7287040"
"201900010755";"10";"8";"2019";"07:50";"1";"11";"11170";"2";"1";"7";"6";"Boulevard du Pech Maynaud";"43,1110950";"3,1017010"
"201900010756";"10";"8";"2019";"21:20";"5";"11";"11129";"2";"8";"1";"6";"Rue Condorcet";"42,9361390";"2,2211290"
"201900010757";"8";"8";"2019";"17:20";"1";"71";"71230";"2";"1";"1";"3";"Rue du 8 Mai";"46,5976830";"4,0515190"
"201900010758";"8";"8";"2019";"12:00";"1";"63";"63125";"2";"3";"1";"1";"Avenue Henri Pourat / av Lachamp";"45,7538700";"3,5432930"
"201900010759";"7";"8";"2019";"18:00";"1";"61";"61491";"1";"1";"1";"1";"Le Coudray (Bivilliers)";"48,5649140";"0,6174680"
"201900010760";"9";"8";"2019";"21:00";"3";"61";"61167";"1";"2";"6";"3";"Lieu dit le chalet, ANCEINS";"48,8772960";"0,4903311"
"201900010761";"6";"8";"2019";"22:00";"3";"61";"61007";"1";"1";"2";"6";"La blanchardière";"48,8045670";" -0,5379450"
"201900010762";"10";"8";"2019";"21:00";"2";"61";"61028";"1";"1";"1";"6";"La Guillaumiere";"48,8115940";" -0,2581650"
"201900010763";"10";"8";"2019";"11:30";"1";"55";"55537";"1";"2";"1";"5";"D24";"49,2094400";"5,4857200"
"201900010764";"8";"8";"2019";"17:25";"1";"55";"55533";"1";"1";"1";"3";"Route Départementale 964";"48,6001750";"5,6691100"
"201900010765";"9";"8";"2019";"19:15";"1";"42";"42076";"1";"1";"2";"7";"lieu dit les tissières";"45,9109140";"3,9379860"
"201900010766";"10";"8";"2019";"15:50";"1";"42";"42267";"1";"3";"1";"6";"Rue Magellan";"46,1522800";"4,1221080"
"201900010767";"9";"8";"2019";"22:45";"3";"42";"42215";"1";"1";"1";"3";"D4";"46,1701290";"4,2055100"
"201900010768";"4";"8";"2019";"16:25";"1";"42";"42241";"1";"1";"1";"7";"lieu dit la gare";"45,8866710";"4,1254840"
"201900010769";"3";"8";"2019";"10:40";"1";"46";"46089";"1";"1";"1";"7";"Le Trejet";"44,5158450";"1,0785820"
"201900010770";"6";"8";"2019";"21:00";"1";"29";"29189";"1";"1";"1";"7";"Le coteau";"48,3822780";" -4,3334740"
"201900010771";"11";"8";"2019";"16:05";"1";"86";"86053";"2";"1";"1";"6";"rue des Obiers - Le rochereau";"46,7056190";"0,1277590"
"201900010772";"8";"8";"2019";"08:10";"2";"86";"86235";"2";"5";"7";"3";"D167";"46,3824810";"0,4127390"
"201900010773";"11";"8";"2019";"06:40";"2";"34";"34313";"2";"1";"1";"6";"RD32-PK36100-les areniés";"43,5682750";"3,4815590"
"201900010774";"15";"7";"2019";"18:50";"1";"22";"22055";"2";"6";"7";"2";"RUE DU GUESCLIN";"48,6442450";" -2,8338470"
"201900010775";"8";"8";"2019";"15:00";"1";"39";"39227";"1";"1";"1";"6";"N/A";"46,6406250";"6,0267210"
"201900010776";"31";"7";"2019";"16:30";"1";"44";"44049";"2";"3";"1";"3";"Avenue des Mabons";"47,2923400";" -2,5218440"
"201900010777";"10";"8";"2019";"19:50";"2";"44";"44131";"1";"1";"1";"2";"route départementale 751";"47,1119370";" -2,0256520"
"201900010778";"8";"8";"2019";"17:30";"1";"29";"29212";"1";"1";"2";"6";"D38";"48,4100610";" -4,6224903"
"201900010779";"8";"8";"2019";"09:45";"1";"31";"31406";"2";"3";"1";"3";"Rue du Château";"43,2024490";"1,0691640"
"201900010780";"9";"8";"2019";"15:10";"1";"38";"38035";"1";"1";"1";"1";"Route de Charantonnay";"45,5329100";"5,0903700"
"201900010781";"9";"8";"2019";"15:12";"1";"38";"38027";"1";"1";"7";"2";"D 1090";"45,4415800";"6,0034200"
"201900010782";"7";"8";"2019";"17:15";"1";"38";"38249";"2";"6";"1";"3";"Route de la Doux";"45,2234200";"5,8146200"
"201900010783";"9";"8";"2019";"18:15";"1";"13";"13045";"1";"1";"1";"3";"route d'avignon";"43,8807690";"4,7763610"
"201900010784";"8";"8";"2019";"16:35";"1";"13";"13017";"1";"1";"1";"3";"D35";"43,8561760";"4,6835460"
"201900010785";"10";"8";"2019";"23:15";"3";"2";"02650";"2";"1";"1";"7";"13 Route de la Capelle";"50,0209790";"3,9778080"
"201900010786";"11";"8";"2019";"19:05";"1";"2";"02306";"1";"1";"1";"7";"Départemental 12";"49,7413050";"3,5523480"
"201900010787";"10";"8";"2019";"02:00";"3";"2";"02287";"1";"1";"1";"7";"route départementle 1";"49,7733900";"3,2828170"
"201900010788";"6";"8";"2019";"15:00";"1";"84";"84020";"1";"1";"1";"3";"cd 36";"43,8449230";"5,2863470"
"201900010789";"8";"8";"2019";"14:30";"1";"15";"15003";"1";"1";"1";"3";"lieu dit lavigne";"45,1757600";"2,3250920"
"201900010790";"9";"8";"2019";"17:30";"1";"15";"15122";"2";"1";"1";"3";"Rue de la Martinelle";"44,7103930";"2,2003050"
"201900010791";"9";"8";"2019";"09:15";"1";"1";"01296";"1";"9";"1";"1";"Le Charnay";"46,4045770";"5,2410280"
"201900010792";"8";"8";"2019";"19:45";"1";"70";"70097";"1";"1";"1";"7";"Voie communale entre BRIAUCOURT et ABELCOURT";"47,8149470";"6,2577590"
"201900010793";"11";"8";"2019";"09:00";"1";"70";"70103";"1";"1";"1";"7";"D18";"47,8134620";"6,4706420"
"201900010794";"5";"7";"2019";"17:45";"1";"13";"13211";"2";"1";"1";"3";"SABLIERE (ROUTE DE LA)";"43,2931800";"5,4775200"
"201900010795";"5";"7";"2019";"16:45";"1";"13";"13211";"2";"1";"1";"3";"VALBARELLE (CHEMIN DE LA)";"43,2876360";"5,4486730"
"201900010796";"5";"7";"2019";"14:35";"1";"13";"13208";"2";"1";"1";"6";"ROUET (RUE DU)";"43,2760500";"5,3952900"
"201900010797";"4";"7";"2019";"23:30";"5";"13";"13208";"2";"1";"1";"2";"MADRAGUE DE MONTREDON (AVE DE LA) ";"43,2368900";"5,3628900"
"201900010798";"4";"7";"2019";"22:30";"5";"13";"13212";"2";"1";"1";"3";"VERRERIE (rond point)";"43,3003000";"5,4771000"
"201900010799";"4";"7";"2019";"18:40";"1";"13";"13208";"2";"1";"1";"3";"MICHELET (BOULEVARD)";"43,2613130";"5,3976320"
"201900010800";"4";"7";"2019";"15:00";"1";"13";"13214";"2";"1";"1";"6";"ST JOSEPH A STE MARTHE (chemin)";"43,3400000";"5,3800000"
"201900010801";"4";"7";"2019";"09:15";"1";"13";"13206";"2";"1";"1";"5";"NOTRE DAME (PLACE)";"43,2916900";"5,3841700"
"201900010802";"28";"6";"2019";"18:45";"1";"13";"13208";"2";"1";"1";"1";"MAZARGUES (AVENUE DE)";"43,2590100";"5,3943000"
"201900010803";"3";"7";"2019";"18:15";"1";"13";"13202";"2";"1";"1";"6";"BAUSSENQUE (RUE)";"43,2990370";"5,3668640"
"201900010804";"25";"6";"2019";"07:45";"1";"13";"13001";"1";"1";"1";"3";"MARSEILLE (ROUTE DE )";"43,4730900";"5,4100700"
"201900010805";"3";"7";"2019";"18:20";"1";"11";"11262";"2";"1";"1";"2";"RATACAS (ZI)";"43,1700600";"2,9816400"
"201900010806";"2";"7";"2019";"14:10";"1";"11";"11262";"2";"1";"1";"6";"AUGE (BOULEVARD DU DR LEON)";"43,1858100";"3,0001100"
"201900010807";"6";"7";"2019";"20:20";"1";"10";"10362";"2";"3";"1";"6";"ROCADE OUEST (RD 610)";"48,2916478";"4,0356926"
"201900010808";"5";"7";"2019";"13:16";"1";"10";"10333";"2";"1";"7";"7";"ADOLPHE THIERS (RUE DE)";"48,2844200";"4,0654600"
"201900010809";"4";"7";"2019";"23:36";"5";"8";"08105";"2";"1";"1";"3";"FERROUL";"49,7479600";"4,7244800"
"201900010810";"2";"7";"2019";"09:50";"1";"6";"06088";"2";"2";"1";"6";"DELOYE (RUE GUSTAVE)";"43,7007700";"7,2689100"
"201900010811";"24";"6";"2019";"11:00";"1";"6";"06104";"2";"1";"1";"6";"SCHUMANN (PROMENADE ROBERT)";"43,7610791";"7,4840355"
"201900010812";"4";"7";"2019";"18:37";"1";"6";"06069";"2";"1";"1";"7";"POMPIDOU (AVENUE GEORGES) -RD 6085";"43,6458400";"6,9392600"
"201900010813";"5";"7";"2019";"12:55";"1";"6";"06027";"2";"2";"1";"6";"NICE AVENUE DE (RN7)";"43,6558400";"7,1539400"
"201900010814";"5";"7";"2019";"12:49";"1";"6";"06123";"2";"2";"7";"2";"BORD DE MER RN 98";"43,6570400";"7,1810000"
"201900010815";"4";"7";"2019";"10:19";"1";"6";"06004";"2";"1";"1";"6";"COUTELLIER CH.";"43,6024800";"7,0917700"
"201900010816";"4";"7";"2019";"16:35";"1";"5";"05061";"2";"1";"2";"1";"JUSTICE ( ROUTE DE  LA )";"44,5657500";"6,1026300"
"201900010817";"4";"7";"2019";"10:55";"1";"5";"05061";"2";"1";"1";"7";"COMMANDANT DUMONT ( AVENUE)";"44,5686600";"6,0833200"
"201900010818";"1";"7";"2019";"10:20";"1";"5";"05023";"2";"1";"1";"7";"BERMOND GONNET (RUE)";"44,8896400";"6,6303200"
"201900010819";"4";"7";"2019";"14:40";"1";"1";"01283";"2";"1";"1";"6";"NORMANDIE NIEMEN (AVENUE)";"46,2577100";"5,6442400"
"201900010820";"5";"7";"2019";"16:51";"1";"1";"01053";"2";"5";"1";"5";"EUROPE ( CARREFOUR DE L";"46,2079071";"5,2363935"
"201900010821";"3";"7";"2019";"10:00";"1";"1";"01053";"2";"1";"1";"3";"BROU ( BD N°65 B A FIN)";"46,1935560";"5,2394780"
"201900010822";"5";"7";"2019";"16:05";"1";"75";"75118";"2";"1";"1";"4";"BD PERIPHERIQUE INTERIEUR";"48,9010130";"2,3494070"
"201900010823";"5";"7";"2019";"15:10";"1";"75";"75113";"2";"1";"1";"3";"PORTE D ITALIE";"48,8186670";"2,3706690"
"201900010824";"5";"7";"2019";"09:00";"1";"75";"75118";"2";"1";"1";"3";"PORTE DE CLIGNANCOURT";"48,9012080";"2,3534760"
"201900010825";"4";"7";"2019";"20:30";"1";"75";"75117";"2";"1";"1";"6";"PORTE D ASNIERES";"48,8915170";"2,3003890"
"201900010826";"4";"7";"2019";"18:40";"1";"75";"75120";"2";"1";"1";"3";"PORTE DES LILAS";"48,8731820";"2,4119050"
"201900010827";"4";"7";"2019";"09:35";"1";"75";"75114";"2";"1";"1";"6";"PORTE DE CHATILLON";"48,8232400";"2,3116500"
"201900010828";"3";"7";"2019";"18:00";"1";"75";"75117";"2";"1";"1";"7";"PORTE DE CLICHY";"48,8974680";"2,3122690"
"201900010829";"3";"7";"2019";"09:25";"1";"75";"75118";"2";"1";"1";"2";"PORTE DE LA CHAPELLE";"48,9007280";"2,3629690"
"201900010830";"3";"7";"2019";"08:10";"1";"75";"75118";"2";"1";"1";"4";"PORTE DE CLIGNANCOURT";"48,9011340";"2,3480110"
"201900010831";"5";"7";"2019";"17:16";"1";"75";"75114";"2";"1";"1";"3";"BOULEVARD PERIPHERIQUE EXTERIEUR SUD";"48,8191330";"2,3295960"
"201900010832";"4";"7";"2019";"17:28";"1";"75";"75119";"2";"4";"7";"6";"RUE DAVID D ANGERS";"48,8827200";"2,3898990"
"201900010833";"3";"7";"2019";"09:35";"1";"75";"75112";"2";"4";"1";"3";"BOULEVARD PERIPHERIQUE";"48,8420220";"2,4135990"
"201900010834";"5";"7";"2019";"20:40";"1";"75";"75105";"2";"1";"1";"6";"QUAI SAINT BERNARD";"48,8478520";"2,3594760"
"201900010835";"5";"7";"2019";"10:55";"1";"75";"75106";"2";"7";"1";"6";"BOULEVARD SAINT GERMAIN";"48,8524780";"2,3387390"
"201900010836";"5";"7";"2019";"09:05";"1";"75";"75106";"2";"1";"1";"4";"BOULEVARD SAINT MICHEL";"48,8411350";"2,3374030"
"201900010837";"4";"7";"2019";"17:35";"1";"75";"75106";"2";"2";"1";"6";"BOULEVARD DU MONTPARNASSE";"48,8468690";"2,3167580"
"201900010838";"4";"7";"2019";"17:45";"1";"75";"75106";"2";"2";"1";"3";"BOULEVARD RASPAIL";"48,8430160";"2,3291900"
"201900010839";"5";"7";"2019";"11:10";"1";"75";"75120";"2";"2";"1";"6";"RUE DE LA CROIX SAINT SIMON";"48,8555310";"2,4097230"
"201900010840";"4";"7";"2019";"14:36";"1";"75";"75120";"2";"1";"1";"1";"AVENUE GAMBETTA";"48,8669950";"2,4003440"
"201900010841";"3";"7";"2019";"13:15";"1";"75";"75120";"2";"2";"1";"6";"RUE DES COURONNES";"48,8702120";"2,3844470"
"201900010842";"4";"7";"2019";"02:30";"5";"75";"75120";"2";"3";"1";"3";"AVENUE GAMBETTA";"48,8641060";"2,3922180"
"201900010843";"5";"7";"2019";"10:10";"1";"75";"75119";"2";"3";"1";"6";"AVENUE JEAN JAURES";"48,8831030";"2,3714780"
"201900010844";"4";"7";"2019";"14:23";"1";"75";"75119";"2";"3";"1";"2";"RUE DE BELLEVILLE";"48,8725340";"2,3785450"
"201900010845";"3";"7";"2019";"23:00";"5";"75";"75119";"2";"7";"1";"6";"AVENUE DE FLANDRE";"48,8944300";"2,3814970"
"201900010846";"5";"7";"2019";"19:20";"1";"75";"75118";"2";"1";"1";"6";"RUE ORDENER";"48,8902840";"2,3591790"
"201900010847";"5";"7";"2019";"15:20";"1";"75";"75118";"2";"2";"1";"6";"AVENUE DE CLICHY";"48,8858340";"2,3263710"
"201900010848";"3";"7";"2019";"08:13";"1";"75";"75118";"2";"7";"1";"4";"RUE DE LA CHAPELLE";"48,8902370";"2,3599140"
"201900010849";"6";"7";"2019";"16:15";"1";"75";"75117";"2";"1";"1";"6";"RUE LA CONDAMINE";"48,8874310";"2,3237080"
"201900010850";"5";"7";"2019";"18:00";"1";"75";"75117";"2";"4";"1";"3";"AVENUE MAC MAHON";"48,8766180";"2,2946150"
"201900010851";"5";"7";"2019";"17:10";"1";"75";"75117";"2";"7";"1";"6";"BOULEVARD BERTHIER";"48,8872110";"2,2979670"
"201900010852";"5";"7";"2019";"08:45";"1";"75";"75117";"2";"3";"1";"6";"RUE BAYEN";"48,8831490";"2,2904820"
"201900010853";"6";"7";"2019";"06:20";"2";"75";"75116";"2";"1";"1";"3";"BOULEVARD D AUTEUIL";"48,8454470";"2,2540390"
"201900010854";"5";"7";"2019";"17:30";"1";"75";"75116";"2";"2";"1";"6";"ALLEE DE LONGCHAMP";"48,8725260";"2,2644340"
"201900010855";"4";"7";"2019";"21:00";"1";"75";"75116";"2";"7";"1";"3";"PLACE CHARLES DE GAULLE";"48,8740370";"2,2941950"
"201900010856";"4";"7";"2019";"13:20";"1";"75";"75116";"2";"3";"1";"6";"RUE AGAR";"48,8513730";"2,2738420"
"201900010857";"5";"7";"2019";"02:00";"4";"75";"75116";"2";"1";"1";"1";"VOIE GEORGES POMPIDOU";"48,8514770";"2,2798320"
"201900010858";"4";"7";"2019";"20:15";"1";"75";"75116";"2";"1";"1";"2";"RUE CHARDON LAGACHE";"48,8448070";"2,2664610"
"201900010859";"4";"7";"2019";"17:30";"1";"75";"75116";"2";"7";"1";"3";"PLACE CHARLES DE GAULLE";"48,8737340";"2,2941320"
"201900010860";"6";"7";"2019";"21:15";"2";"75";"75115";"2";"7";"1";"3";"PLACE SAINT CHARLES";"48,8467630";"2,2856650"
"201900010861";"6";"7";"2019";"20:45";"2";"75";"75115";"2";"1";"7";"6";"BOULEVARD GARIBALDI";"48,8466370";"2,3064120"
"201900010862";"6";"7";"2019";"18:45";"1";"75";"75114";"2";"2";"1";"3";"RUE D ALESIA";"48,8305130";"2,3192940"
"201900010863";"5";"7";"2019";"08:50";"1";"75";"75115";"2";"2";"1";"6";"RUE DE VAUGIRARD";"48,8373940";"2,2967260"
"201900010864";"5";"7";"2019";"18:00";"1";"75";"75114";"2";"3";"1";"3";"BOULEVARD JOURDAN";"48,8195990";"2,3419280"
"201900010865";"4";"7";"2019";"08:45";"1";"75";"75114";"2";"2";"1";"6";"RUE D ALESIA";"48,8292910";"2,3226550"
"201900010866";"5";"7";"2019";"23:45";"5";"75";"75113";"2";"4";"1";"3";"BOULEVARD MASSENA";"48,8226700";"2,3728430"
"201900010867";"5";"7";"2019";"20:00";"1";"75";"75113";"2";"2";"1";"3";"BOULEVARD ARAGO";"48,8350110";"2,3450400"
"201900010868";"4";"7";"2019";"17:00";"1";"75";"75113";"2";"1";"1";"6";"QUAI D AUSTERLITZ";"48,8395280";"2,3711820"
"201900010869";"4";"7";"2019";"09:40";"1";"75";"75112";"2";"1";"1";"3";"BOULEVARD SOULT";"48,8374830";"2,4080160"
"201900010870";"5";"7";"2019";"12:45";"1";"75";"75111";"2";"2";"1";"3";"AVENUE DE LA REPUBLIQUE";"48,8659980";"2,3706800"
"201900010871";"4";"7";"2019";"20:20";"1";"75";"75111";"2";"2";"1";"3";"BOULEVARD VOLTAIRE";"48,8587070";"2,3785250"
"201900010872";"4";"7";"2019";"09:10";"1";"75";"75104";"2";"2";"1";"3";"BOULEVARD BEAUMARCHAIS";"48,8540250";"2,3689330"
"201900010873";"3";"7";"2019";"04:50";"5";"75";"75111";"2";"2";"1";"3";"RUE DU CHEMIN VERT";"48,8603140";"2,3786850"
"201900010874";"6";"7";"2019";"14:50";"1";"75";"75110";"2";"5";"1";"3";"BOULEVARD DE MAGENTA";"48,8785250";"2,3540400"
"201900010875";"2";"7";"2019";"14:35";"1";"75";"75109";"2";"1";"1";"3";"RUE LA FAYETTE";"48,8732280";"2,3338920"
"201900010876";"6";"7";"2019";"15:00";"1";"75";"75108";"2";"3";"1";"2";"AVENUE DES CHAMPS ELYSEES";"48,8710910";"2,3034780"
"201900010877";"5";"7";"2019";"17:55";"1";"75";"75116";"2";"7";"7";"3";"PLACE CHARLES DE GAULLE";"48,8731550";"2,2951500"
"201900010878";"5";"7";"2019";"00:40";"4";"75";"75107";"2";"1";"1";"3";"BOULEVARD DES INVALIDES";"48,8546680";"2,3147890"
"201900010879";"4";"7";"2019";"17:25";"1";"75";"75107";"2";"3";"1";"1";"QUAI D ORSAY";"48,8628650";"2,3151850"
"201900010880";"5";"7";"2019";"19:33";"1";"75";"75104";"2";"1";"1";"3";"QUAI HENRI IV";"48,8480450";"2,3637840"
"201900010881";"5";"7";"2019";"13:30";"1";"75";"75103";"2";"2";"1";"3";"RUE SAINT MARTIN";"48,8684360";"2,3553150"
"201900010882";"4";"7";"2019";"19:45";"1";"75";"75102";"2";"1";"1";"6";"BOULEVARD DES CAPUCINES";"48,8708830";"2,3336530"
"201900010883";"6";"7";"2019";"18:40";"1";"94";"94081";"2";"1";"1";"6";"SEINE (R DE)";"48,7963100";"2,4087200"
"201900010884";"4";"7";"2019";"11:45";"1";"94";"94081";"2";"2";"1";"1";"EDOUARD TREMBLAY (R)";"48,7810000";"2,3720000"
"201900010885";"4";"7";"2019";"18:25";"1";"94";"94080";"2";"4";"9";"6";"DIDEROT (R)";"48,8497400";"2,4543800"
"201900010886";"5";"7";"2019";"18:00";"1";"94";"94074";"2";"1";"1";"6";"RU DE GIRONDE (AV DU)";"48,7420000";"2,4660000"
"201900010887";"5";"7";"2019";"13:00";"1";"94";"94074";"2";"2";"1";"6";"RU DE GIRONDE (AV DU)";"48,7420000";"2,4660000"
"201900010888";"4";"7";"2019";"17:48";"1";"94";"94078";"2";"3";"1";"3";"WINSTON CHURCHILL (AV)";"48,7536100";"2,4505900"
"201900010889";"2";"7";"2019";"19:30";"1";"94";"94068";"2";"2";"1";"3";"ALMA (AV DE L)";"48,7860100";"2,4955700"
"201900010890";"5";"7";"2019";"09:00";"1";"94";"94052";"2";"1";"1";"6";"LATTRE DE TASSIGNY (AV DE)";"48,8361000";"2,4828000"
"201900010891";"2";"7";"2019";"07:30";"1";"94";"94052";"2";"1";"7";"6";"CARNOT (R)";"48,8340800";"2,4833100"
"201900010892";"5";"7";"2019";"08:25";"1";"94";"94046";"2";"1";"1";"6";"REPUBLIQUE (AV DE LA)";"48,8001000";"2,4283000"
"201900010893";"5";"7";"2019";"09:25";"1";"94";"94076";"2";"1";"1";"1";"HENRI BARBUSSE (R)";"48,8030500";"2,3653800"
"201900010894";"4";"7";"2019";"17:30";"1";"94";"94003";"2";"1";"1";"6";"PAUL VAILLANT COUTURIER (AV)";"48,8006290";"2,3416140"
"201900010895";"3";"7";"2019";"23:20";"5";"94";"94043";"2";"9";"1";"3";"FONTAINEBLEAU (AV DE)";"48,8157000";"2,3608000"
"201900010896";"3";"7";"2019";"21:30";"1";"94";"94003";"2";"1";"1";"2";"JEAN JAURES (AV)";"48,8100000";"2,3388000"
"201900010897";"4";"7";"2019";"23:35";"5";"94";"94041";"2";"1";"1";"3";"PAUL VAILLANT COUTURIER (BD)";"48,8166700";"2,3997100"
"201900010898";"6";"7";"2019";"20:00";"1";"94";"94065";"1";"1";"1";"7";"RN 186";"48,7533000";"2,3591000"
"201900010899";"6";"7";"2019";"13:00";"1";"94";"94021";"2";"9";"1";"7";"STALINGRAD (AV DE)";"48,7676900";"2,3679100"
"201900010900";"5";"7";"2019";"10:35";"1";"94";"94034";"2";"3";"1";"3";"PAUL VAILLANT COUTURIER (AV)";"48,7610200";"2,3169700"
"201900010901";"4";"7";"2019";"19:45";"2";"94";"94034";"2";"1";"1";"7";"CERISAIE (AV DE LA)";"48,7520500";"2,3313200"
"201900010902";"3";"7";"2019";"22:50";"5";"94";"94073";"2";"1";"1";"1";"RENE PANHARD (AV)";"48,7639900";"2,3950900"
"201900010903";"4";"7";"2019";"09:45";"1";"94";"94033";"2";"1";"1";"2";"RABELAIS (AV)";"48,8521869";"2,4769840"
"201900010904";"4";"7";"2019";"08:45";"1";"94";"94033";"2";"2";"1";"6";"MAURICE COUDERCHET (R)";"48,8453100";"2,4682200"
"201900010905";"6";"7";"2019";"19:00";"1";"94";"94011";"2";"6";"1";"7";"MOULIN BATEAU.(RUE DU)";"48,7796000";"2,5051100"
"201900010906";"3";"7";"2019";"13:15";"1";"94";"94011";"1";"1";"1";"1";"STAINS(ROUTE DE)";"48,7769100";"2,4904500"
"201900010907";"5";"7";"2019";"18:20";"1";"94";"94022";"2";"1";"1";"6";"CHOISY (QU DE)";"48,7625700";"2,4148500"
"201900010908";"5";"7";"2019";"07:10";"1";"94";"94022";"2";"1";"1";"6";"JEAN JAURES (R)";"48,7652100";"2,4080000"
"201900010909";"3";"7";"2019";"14:00";"1";"94";"94079";"2";"3";"1";"3";"GENERAL GALLIENI (RUE DU)";"48,8252100";"2,5406400"
"201900010910";"6";"7";"2019";"19:15";"1";"94";"94004";"2";"1";"1";"6";"LOUISE CHENU (R)";"48,7400000";"2,5000000"
"201900010911";"3";"7";"2019";"20:20";"1";"94";"94002";"2";"1";"1";"2";"MARCEL BOURDARIAS (R)";"48,8093100";"2,4209800"
"201900010912";"6";"7";"2019";"17:30";"1";"93";"93078";"2";"1";"1";"3";"NATIONS (AVENUE DES)";"48,9744780";"2,5140080"
"201900010913";"5";"7";"2019";"08:50";"1";"93";"93078";"2";"2";"1";"3";"PEUPLIERS (AVENUE DES)";"48,9507750";"2,5440520"
"201900010914";"4";"7";"2019";"16:45";"1";"93";"93072";"2";"1";"1";"3";"MAXIME GORKI (BOULEVARD) DES N°1 AU 87";"48,9513400";"2,3853300"
"201900010915";"6";"7";"2019";"16:50";"1";"93";"93070";"2";"1";"1";"1";"VICTOR-HUGO (BD)";"48,9100000";"2,3200000"
"201900010916";"5";"7";"2019";"14:30";"1";"93";"93070";"2";"1";"1";"1";"JEAN-JAURES (BD)";"48,9143000";"2,3366000"
"201900010917";"5";"7";"2019";"14:40";"1";"93";"93039";"2";"2";"1";"3";"MARINE (QUAI DE LA )";"48,9505000";"2,3068700"
"201900010918";"5";"7";"2019";"13:40";"1";"93";"93066";"2";"1";"1";"5";"FRANCE ANATOLE (BOULEVARD) NR AUTRES";"48,9223530";"2,3462170"
"201900010919";"3";"7";"2019";"22:00";"5";"93";"93066";"2";"1";"1";"2";"""PERI GABRIEL, NR 2  A 114 ET 1 A 133""";"48,9402000";"2,3566000"
"201900010920";"3";"7";"2019";"21:00";"1";"93";"93066";"2";"3";"1";"6";"RU DE MONTFORT (CHEMIN)";"48,9278700";"2,3681100"
"201900010921";"5";"7";"2019";"14:00";"1";"93";"93055";"2";"1";"1";"6";"JEAN JAURES (AVENUE) (178/204)";"48,9081373";"2,3969373"
"201900010922";"4";"7";"2019";"13:28";"1";"93";"93051";"2";"9";"1";"3";"JULES FERRY (NR PAIRS )";"48,8456300";"2,5727300"
"201900010923";"5";"7";"2019";"11:00";"1";"93";"93049";"2";"6";"1";"6";"STALINGRAD (PLACE)";"48,8728400";"2,5107500"
"201900010924";"4";"7";"2019";"14:24";"1";"93";"93048";"2";"1";"7";"6";"ROCHES (RUE DES)";"48,8726830";"2,4627990"
"201900010925";"4";"7";"2019";"10:30";"1";"93";"93046";"2";"2";"1";"3";"CESAR COLLAVERI AVENUE";"48,9211500";"2,5379800"
"201900010926";"4";"7";"2019";"06:50";"1";"93";"93046";"2";"1";"1";"5";"LIBERATION PLACE DE LA";"48,9223920";"2,5436320"
"201900010927";"6";"7";"2019";"15:16";"1";"93";"93045";"2";"9";"7";"6";"DECROS EUGENE BOULEVARD";"48,8795400";"2,4122000"
"201900010928";"4";"7";"2019";"14:10";"1";"93";"93006";"2";"3";"1";"2";"LIBERTE RUE DE LA";"48,8594500";"2,4218000"
"201900010929";"6";"7";"2019";"17:00";"1";"93";"93032";"2";"1";"1";"3";"MONTFERMEIL   (ALLEE DE)";"48,8992400";"2,5394400"
"201900010930";"5";"7";"2019";"09:25";"1";"93";"93030";"2";"1";"1";"2";"HUIT-MAI-1945 (AVENUE DU)";"48,9523060";"2,4415720"
"201900010931";"4";"7";"2019";"22:28";"5";"93";"93027";"2";"1";"1";"2";"CACHIN (AVENUE MARCEL)";"48,9264000";"2,3966900"
"201900010932";"3";"7";"2019";"07:15";"1";"93";"93027";"1";"9";"1";"6";"SALENGRO (AVENUE ROGER)";"48,9417800";"2,3908000"
"201900010933";"6";"7";"2019";"15:00";"1";"93";"93014";"2";"2";"1";"1";"GAGNY (ALLEE DE)";"48,9093600";"2,5500200"
"201900010934";"4";"7";"2019";"09:00";"1";"93";"93047";"2";"2";"1";"3";"JEAN JAURES (AVENUE)";"48,8985900";"2,5503800"
"201900010935";"6";"7";"2019";"06:10";"1";"93";"93008";"2";"1";"1";"3";"JAURES (AVENUE JEAN)";"48,9020430";"2,4407310"
"201900010936";"4";"7";"2019";"17:00";"1";"93";"93008";"2";"1";"1";"2";"PARIS (RUE DE)";"48,9021100";"2,4599000"