"Num_Acc";"jour";"mois";"an";"hrmn";"lum";"dep";"com";"agg";"int";"atm";"col";"adr";"lat";"long"
"201900010937";"6";"7";"2019";"20:10";"2";"93";"93007";"2";"1";"7";"6";"""PAUL VAILLANT COUTURIER (AVENUE """"DU 13";"48,9244500";"2,4635200"
"201900010938";"5";"7";"2019";"11:30";"1";"93";"93007";"2";"3";"1";"3";"""PAUL VAILLANT COUTURIER (AVENUE """"DU 01";"48,9284000";"2,4700000"
"201900010939";"5";"7";"2019";"19:00";"1";"93";"93005";"2";"9";"1";"3";"CHARLES DE GAULLE [CD115] (AVENUE)";"48,9307100";"2,4833300"
"201900010940";"6";"7";"2019";"20:50";"1";"93";"93001";"2";"1";"1";"3";"ANATOLE FRANCE (BLD) PAIR";"48,9187800";"2,3823800"
"201900010941";"6";"7";"2019";"16:00";"1";"93";"93001";"2";"1";"1";"2";"LUCIEN LEFRANC (QUAI)";"48,9113700";"2,3735200"
"201900010942";"5";"7";"2019";"19:00";"1";"93";"93001";"2";"1";"1";"2";"JEAN JAURES  (AVE)  157 A 213";"48,9095940";"2,3984150"
"201900010943";"3";"7";"2019";"09:40";"1";"93";"93001";"2";"1";"1";"3";"VICTOR HUGO (AVE)  131 A 165";"48,9168678";"2,3818272"
"201900010944";"6";"7";"2019";"20:30";"1";"92";"92077";"2";"1";"1";"1";"MARNES (RUE DE)";"48,8301030";"2,1802560"
"201900010945";"4";"7";"2019";"21:45";"2";"92";"92077";"2";"3";"1";"1";"MARNES (RUE DE)";"48,8276369";"2,1844871"
"201900010946";"6";"7";"2019";"00:50";"4";"92";"92064";"2";"1";"1";"6";"CARNOT";"48,8416741";"2,2225584"
"201900010947";"5";"7";"2019";"17:15";"1";"92";"92047";"2";"1";"1";"6";"RAYMOND POINCARE";"48,8382290";"2,1746535"
"201900010948";"5";"7";"2019";"11:15";"1";"92";"92064";"2";"2";"7";"3";"REPUBLIQUE";"48,8580976";"2,2109038"
"201900010949";"4";"7";"2019";"19:45";"1";"92";"92062";"2";"1";"1";"2";"POMPIDOU (AV GEORGES) N°2 A 18";"48,8747200";"2,2343400"
"201900010950";"6";"7";"2019";"22:50";"5";"92";"92051";"2";"1";"8";"2";"PERRONET (AVENUE)";"48,8849400";"2,2762500"
"201900010951";"4";"7";"2019";"23:00";"5";"92";"92051";"2";"1";"1";"2";"CHARLES DE GAULLE (AVENUE,N°118 A 192 +";"48,8850000";"2,2603000"
"201900010952";"6";"7";"2019";"04:30";"5";"92";"92050";"2";"3";"1";"6";"REPUBLIQUE AVENUE DE LA";"48,9074500";"2,2128500"
"201900010953";"5";"7";"2019";"15:30";"1";"92";"92062";"2";"2";"1";"5";"BERGERES (RD-PT DES) DU 111 AU 115";"48,8852039";"2,2262858"
"201900010954";"5";"7";"2019";"08:40";"1";"92";"92049";"2";"9";"1";"6";"DORMOY AVENUE MARX N°102 A FIN";"48,8106300";"2,3081300"
"201900010955";"4";"7";"2019";"09:50";"1";"92";"92049";"2";"1";"1";"3";"BROSSOLETTE AVENUE PIERRE";"48,8156500";"2,3051000"
"201900010956";"3";"7";"2019";"09:45";"1";"92";"92049";"2";"2";"1";"3";"BRIAND AVENUE ARISTIDE N°1 A 129";"48,8178100";"2,3257400"
"201900010957";"5";"7";"2019";"18:00";"1";"92";"92048";"2";"1";"1";"3";"MORANE SAULNIER (AVENUE)";"48,7864100";"2,2233400"
"201900010958";"4";"7";"2019";"07:30";"1";"92";"92044";"2";"2";"1";"2";"PARC (RUE DU) 2A16 ET 1A13";"48,8976768";"2,2839694"
"201900010959";"4";"7";"2019";"17:00";"1";"92";"92040";"2";"1";"1";"1";"GALLIENI (BOULEVARD)";"48,8271700";"2,2676200"
"201900010960";"5";"7";"2019";"07:00";"1";"92";"92035";"2";"3";"1";"6";"Belgique ( Place de )";"48,9067400";"2,2392300"
"201900010961";"4";"7";"2019";"07:40";"1";"92";"92035";"2";"9";"1";"6";"Pierre Brossolette ( rue )";"48,9034300";"2,2526900"
"201900010962";"6";"7";"2019";"18:40";"1";"92";"92026";"2";"3";"1";"3";"RAYMOND RIDEL ( DE 104 A FIN )";"48,9023000";"2,2431600"
"201900010963";"5";"7";"2019";"15:00";"1";"92";"92024";"2";"1";"1";"2";"VICTOR HUGO (BD)";"48,9003668";"2,3152092"
"201900010964";"5";"7";"2019";"13:50";"1";"92";"92023";"2";"2";"1";"3";"GENERAL DE GAULLE (AVENUE DU)";"48,7834432";"2,2466278"
"201900010965";"2";"7";"2019";"07:50";"1";"92";"92023";"2";"6";"1";"3";"EUGENE BEAUJARD (CARREFOUR)";"48,7897300";"2,2527300"
"201900010966";"5";"7";"2019";"20:40";"1";"92";"92071";"2";"1";"1";"6";"AVENUE JEAN PERRIN";"48,7848400";"2,2994800"
"201900010967";"6";"7";"2019";"11:20";"2";"92";"92012";"2";"2";"1";"6";"BELLEVUE (RUE DE) ";"48,8354000";"2,2307000"
"201900010968";"5";"7";"2019";"18:50";"5";"92";"92012";"2";"3";"1";"1";"REPUBLIQUE AVENUE DE LA";"48,8338019";"2,2437293"
"201900010969";"5";"7";"2019";"11:00";"1";"92";"92012";"2";"1";"2";"7";"SILLY (RUE DE) 1/87 - 2/88";"48,8417000";"2,2312100"
"201900010970";"5";"7";"2019";"09:50";"1";"92";"92012";"2";"1";"1";"3";"REINE (ROUTE DE LA) 82/FIN - 107TER/FIN";"48,8405668";"2,2306213"
"201900010971";"5";"7";"2019";"01:25";"5";"92";"92002";"2";"1";"1";"6";"RAYMON ARON (AVENUE)";"48,7678272";"2,3106054"
"201900010972";"4";"7";"2019";"19:25";"1";"60";"60286";"2";"3";"7";"3";"rue du général leclerc";"49,6661451";"1,9399687"
"201900010973";"4";"7";"2019";"20:10";"2";"47";"47060";"1";"1";"7";"6";"Rites";"44,1180196";"0,7461992"
"201900010974";"6";"7";"2019";"06:15";"1";"54";"54462";"1";"1";"1";"7";"RD1";"48,5785880";"6,3494480"
"201900010975";"6";"7";"2019";"08:20";"1";"14";"14427";"1";"1";"1";"6";"le bateau";"48,8574880";" -0,3978320"
"201900010976";"5";"7";"2019";"12:30";"1";"24";"24372";"2";"1";"1";"6";"Boulevard Pierre Mallebay";"45,1490000";"0,5273600"
"201900010977";"4";"7";"2019";"22:30";"3";"86";"86195";"1";"1";"1";"7";"D910";"46,9953760";"0,5961390"
"201900010978";"7";"7";"2019";"18:00";"1";"1";"01004";"1";"1";"1";"3";"1075";"45,9697660";"5,3401630"
"201900010979";"3";"7";"2019";"16:30";"1";"17";"17262";"1";"1";"1";"1";"D728";"45,7436960";" -0,7258770"
"201900010980";"6";"7";"2019";"16:40";"1";"76";"76517";"1";"1";"1";"6";"Autoroute A28";"49,5334742";"1,2186402"
"201900010981";"23";"6";"2019";"09:20";"1";"84";"84001";"1";"1";"1";"1";"Avenue des Valayans";"43,9943770";"4,9569060"
"201900010982";"4";"7";"2019";"10:40";"1";"36";"36235";"1";"2";"1";"3";"intersection RD960 et RD128";"47,1394601";"1,4914686"
"201900010983";"5";"7";"2019";"15:31";"1";"68";"68007";"1";"6";"1";"7";"départementale 415";"48,0666000";"7,4172770"
"201900010984";"5";"7";"2019";"23:30";"3";"974";"97404";"1";"1";"1";"7";"D17 E";" -21,2347220";"55,3729290"
"201900010985";"6";"7";"2019";"15:25";"1";"26";"26337";"1";"1";"1";"4";"autoroute A7";"44,7172720";"4,7852870"
"201900010986";"6";"7";"2019";"02:35";"3";"23";"23245";"1";"1";"1";"1";"Route nationale 145, PR 41+900 sens la Souterraine/Guéret";"46,1860270";"1,8281980"
"201900010987";"7";"7";"2019";"02:50";"3";"54";"54067";"1";"1";"1";"7";"D18";"49,4364960";"5,6945800"
"201900010988";"4";"7";"2019";"23:15";"3";"1";"01419";"1";"1";"1";"6";"Chemin de Pré Jacquet";"46,2295270";"5,9942590"
"201900010989";"22";"11";"2019";"23:30";"5";"37";"37261";"2";"3";"2";"3";"PROUDHON (AVENUE)";"47,3948200";"0,6712900"
"201900010990";"22";"11";"2019";"19:15";"5";"37";"37208";"2";"3";"2";"6";"CANGE (RUE DE)";"47,3657596";"0,7548861"
"201900010991";"22";"11";"2019";"08:00";"2";"37";"37261";"2";"1";"1";"6";"ROUGE (RUE JACQUES-MARIE)";"47,3837709";"0,6971952"
"201900010992";"22";"11";"2019";"08:05";"1";"37";"37261";"2";"1";"1";"6";"TRANCHEE (AVENUE DE LA)";"47,4080000";"0,6814200"
"201900010993";"21";"11";"2019";"12:18";"1";"37";"37261";"2";"2";"2";"3";"DELAROCHE (RUE)";"47,4210753";"0,6803017"
"201900010994";"21";"11";"2019";"18:00";"3";"37";"37122";"2";"1";"2";"6";"DOUZILLIERE (RUE DE LA)";"47,3443200";"0,6556900"
"201900010995";"21";"11";"2019";"08:58";"2";"36";"36063";"1";"1";"1";"2";"AVENUE DE BLOIS/ANGLE ROUTE DE VILLERS";"46,8392935";"1,6756940"
"201900010996";"23";"11";"2019";"00:20";"5";"34";"34172";"2";"4";"1";"1";"LA BLOTTIERE (RUE)";"43,6111600";"3,8720300"
"201900010997";"22";"11";"2019";"16:40";"5";"34";"34172";"2";"1";"2";"2";"RAYMOND DUGRAND (AVENUE)";"43,6006800";"3,9018300"
"201900010998";"22";"11";"2019";"09:26";"1";"33";"33318";"2";"2";"2";"3";"RUE DE CHENEVIERE";"44,8018800";" -0,6283700"
"201900010999";"21";"11";"2019";"22:30";"5";"33";"33063";"2";"3";"8";"3";"RUE LUCIEN FAURE";"44,8617000";" -0,5552700"
"201900011000";"21";"11";"2019";"12:40";"1";"33";"33119";"2";"2";"3";"3";"FOCH (RUE DU MARECHAL)";"44,8552100";" -0,5321400"
"201900011001";"22";"11";"2019";"14:17";"1";"32";"32013";"1";"1";"1";"4";"ROCADE (RN 124 OUEST)";"43,6654600";"0,5697200"
"201900011002";"21";"11";"2019";"21:00";"5";"31";"31555";"2";"1";"1";"3";"AV DES ARENES ROMAINES";"43,6082800";"1,3973900"
"201900011003";"22";"11";"2019";"16:35";"1";"31";"31344";"2";"6";"8";"2";"ASPET (ROUTE)";"43,0934400";"0,7540100"
"201900011004";"21";"11";"2019";"09:35";"1";"29";"29039";"1";"1";"1";"7";"RN165 (VE)";"47,9226000";" -3,8911000"
"201900011005";"22";"11";"2019";"20:50";"5";"29";"29019";"2";"1";"3";"6";"PRIGENT TANGUY (RP CARREFOUR A RUE MESNO";"48,3975700";" -4,5308400"
"201900011006";"22";"11";"2019";"18:00";"2";"28";"28085";"2";"1";"8";"6";"GORD A LAUNAY (CHEMIN DU)";"48,4325500";"1,4928500"
"201900011007";"15";"11";"2019";"20:00";"3";"27";"27701";"1";"1";"2";"6";"Route de Seine";"49,2705800";"1,2383000"
"201900011008";"22";"11";"2019";"12:50";"1";"18";"18279";"2";"3";"1";"3";"VAILLANT (AVENUE EDOUARD)";"47,2353789";"2,0609788"
"201900011009";"22";"11";"2019";"11:00";"1";"17";"17415";"2";"1";"1";"3";"REVERSEAUX 2 A 46 ET 1 ET 1BIS COURS";"45,7471060";" -0,6373320"
"201900011010";"22";"11";"2019";"18:13";"5";"17";"17291";"1";"1";"2";"2";"RN 11";"46,1743900";" -1,1127160"
"201900011011";"22";"11";"2019";"12:47";"1";"17";"17300";"2";"3";"1";"3";"SARTRE   AVENUE JEAN-PAUL";"46,1568100";" -1,1237800"
"201900011012";"22";"11";"2019";"08:50";"1";"17";"17291";"2";"1";"1";"7";"RN 11";"46,1753200";" -1,1095580"
"201900011013";"22";"11";"2019";"23:00";"5";"14";"14437";"2";"3";"2";"4";"PARIS (ROUTE DE)";"49,1648060";" -0,3087880"
"201900011014";"22";"11";"2019";"12:05";"1";"14";"14327";"2";"1";"1";"7";"GRANDE CAVEE (AVENUE DE LA)";"49,2000000";" -0,3438100"
"201900011015";"22";"11";"2019";"11:00";"1";"14";"14327";"2";"1";"1";"3";"LION CD60 (ROUTE DE)";"49,2019100";" -0,3534300"
"201900011016";"22";"11";"2019";"16:30";"5";"13";"13211";"2";"1";"3";"3";"MIRELLE LAUZE (BOULEVARD)";"43,2800000";"5,4300000"
"201900011017";"22";"11";"2019";"19:00";"5";"13";"13216";"2";"9";"3";"6";"HENRI BARNIER (BOULEVARD)";"43,3679610";"5,3442220"
"201900011018";"22";"11";"2019";"17:25";"2";"13";"13204";"2";"1";"2";"3";"CHARTREUX (AVENUE DES)";"43,3085500";"5,4040300"
"201900011019";"22";"11";"2019";"11:10";"1";"13";"13205";"2";"2";"1";"3";"VERTUS (RUE DES)";"43,2909400";"5,3921400"
"201900011020";"22";"11";"2019";"11:15";"1";"13";"13211";"2";"9";"1";"3";"COMMANDANT DE ROBIEN (RUE)";"43,2903400";"5,4955400"
"201900011021";"22";"11";"2019";"09:30";"1";"13";"13205";"2";"1";"1";"6";"BRIFFAUT (RUE)";"43,2947270";"5,3957670"
"201900011022";"22";"11";"2019";"09:00";"1";"13";"13209";"2";"1";"1";"2";"MARÉCHAL DE LATTRE (AVENUE)";"43,2459520";"5,4184340"
"201900011023";"22";"11";"2019";"07:15";"2";"13";"13005";"2";"3";"8";"3";"GRAND PIN VERT (CHEMIN DU)";"43,3153200";"5,5618700"
"201900011024";"22";"11";"2019";"16:45";"2";"10";"10387";"2";"1";"1";"6";"MARGUERITE FLAVIEN BUFFARD (AVENUE)";"48,3039000";"4,0615500"
"201900011025";"20";"11";"2019";"11:00";"1";"7";"07102";"2";"1";"1";"6";"Avenue Georges CLEMENCEAU";"44,9321900";"4,8727300"
"201900011026";"22";"11";"2019";"03:17";"5";"6";"06088";"2";"1";"2";"6";"ANGLAIS (DU N° 1 AU N° 43)";"43,6948760";"7,2653650"
"201900011027";"22";"11";"2019";"17:20";"3";"6";"06069";"2";"1";"3";"6";"VICTOR HUGO  (BD)";"43,6496520";"6,9177810"
"201900011028";"22";"11";"2019";"05:20";"5";"6";"06069";"2";"1";"2";"1";"DRAGUIGNAN (ROUTE DE) - D2562-";"43,6447530";"6,8932940"
"201900011029";"21";"11";"2019";"10:24";"1";"6";"06004";"2";"1";"2";"6";"NOVEMBRE 11 AVE";"43,5900000";"7,1243000"
"201900011030";"21";"11";"2019";"18:30";"5";"5";"05061";"2";"1";"1";"7";"LADOUCETTE ( COURS )";"44,5619100";"6,0835800"
"201900011031";"21";"11";"2019";"17:15";"5";"5";"05061";"2";"6";"1";"4";"FAUVINS ( ROUTE  DES )";"44,5640350";"6,0935480"
"201900011032";"22";"11";"2019";"08:30";"1";"3";"03185";"2";"2";"1";"3";"avenue John F Kennedy";"46,3326285";"2,6088727"
"201900011033";"22";"11";"2019";"16:45";"1";"75";"75118";"2";"1";"1";"7";"BD PERIPHERIQUE INTERIEUR";"48,9006612";"2,3657831"
"201900011034";"21";"11";"2019";"08:30";"1";"75";"75114";"2";"1";"1";"3";"BD PERIPHERIQUE INTERIEUR";"48,8229450";"2,3129510"
"201900011035";"21";"11";"2019";"18:43";"5";"75";"75115";"2";"3";"2";"6";"BOULEVARD DU MONTPARNASSE";"48,8447020";"2,3212190"
"201900011036";"21";"11";"2019";"20:40";"5";"75";"75106";"2";"7";"1";"6";"PLACE SAINT MICHEL";"48,8537523";"2,3442794"
"201900011037";"21";"11";"2019";"15:10";"1";"75";"75106";"2";"2";"1";"3";"BOULEVARD SAINT GERMAIN";"48,8528950";"2,3370020"
"201900011038";"22";"11";"2019";"17:00";"5";"75";"75119";"2";"1";"1";"3";"AVENUE JEAN JAURES";"48,8844620";"2,3766360"
"201900011039";"22";"11";"2019";"03:40";"5";"75";"75118";"2";"2";"1";"2";"BOULEVARD DE ROCHECHOUART";"48,8835480";"2,3469870"
"201900011040";"21";"11";"2019";"22:45";"5";"75";"75118";"2";"1";"2";"6";"RUE DU POTEAU";"48,8931240";"2,3431630"
"201900011041";"21";"11";"2019";"20:40";"5";"75";"75117";"2";"2";"1";"3";"BOULEVARD PEREIRE";"48,8873882";"2,3139579"
"201900011042";"21";"11";"2019";"22:40";"5";"75";"75116";"2";"1";"1";"6";"ROUTE DE LA PTE DAUPHINE A LA PTE DES SA";"48,8742289";"2,2714786"
"201900011043";"21";"11";"2019";"08:50";"1";"75";"75116";"2";"7";"1";"7";"RUE MIRABEAU";"48,8453107";"2,2669441"
"201900011044";"22";"11";"2019";"13:45";"1";"75";"75115";"2";"2";"1";"6";"RUE DE LA CONVENTION";"48,8372308";"2,2964428"
"201900011045";"22";"11";"2019";"08:45";"1";"75";"75115";"2";"7";"1";"3";"PLACE DES INSURGES DE VARSOVIE";"48,8274005";"2,2921603"
"201900011046";"22";"11";"2019";"18:30";"5";"75";"75113";"2";"1";"1";"3";"RUE JACQUES DESTREE";"48,8171914";"2,3543353"
"201900011047";"22";"11";"2019";"09:58";"1";"75";"75113";"2";"1";"1";"6";"RUE DE LA GLACIERE";"48,8372530";"2,3454430"
"201900011048";"22";"11";"2019";"22:25";"5";"75";"75109";"2";"7";"1";"6";"RUE DES MARTYRS";"48,8807720";"2,3402140"
"201900011049";"22";"11";"2019";"15:15";"1";"75";"75109";"2";"3";"1";"6";"RUE DE MONTHOLON";"48,8765700";"2,3461103"
"201900011050";"22";"11";"2019";"15:00";"1";"75";"75108";"2";"1";"1";"7";"COURS ALBERT 1ER";"48,8648232";"2,3059758"
"201900011051";"21";"11";"2019";"16:40";"2";"75";"75101";"2";"7";"2";"3";"PLACE DU PALAIS ROYAL";"48,8624400";"2,3362630"
"201900011052";"22";"11";"2019";"15:00";"1";"94";"94081";"2";"1";"1";"3";"COLONEL FABIEN (AV DU)";"48,7833400";"2,3599700"
"201900011053";"19";"11";"2019";"20:30";"5";"94";"94067";"2";"9";"1";"6";"GENERAL DE GAULLE (AV DU)";"48,8398600";"2,4174800"
"201900011054";"21";"11";"2019";"19:30";"1";"94";"94028";"2";"2";"1";"6";"POMPADOUR(ROUTE DE LA)";"48,8105300";"2,4762400"
"201900011055";"21";"11";"2019";"08:40";"1";"94";"94042";"2";"2";"1";"3";"EUROPE (BD DE L)";"48,8148900";"2,4632100"
"201900011056";"22";"11";"2019";"17:50";"2";"94";"94046";"2";"1";"1";"6";"GENERAL KOENIG (R DU)";"48,8028400";"2,4415700"
"201900011057";"22";"11";"2019";"18:10";"5";"94";"94016";"2";"3";"1";"1";"PONT ROYAL (AV DU)";"48,7900000";"2,3200000"
"201900011058";"22";"11";"2019";"13:00";"1";"94";"94076";"2";"2";"1";"3";"MAXIME GORKI (BD)";"48,7927500";"2,3692700"
"201900011059";"21";"11";"2019";"18:50";"5";"94";"94016";"2";"2";"2";"1";"LEON BLUM (AV)";"48,7850900";"2,3381600"
"201900011060";"19";"11";"2019";"18:35";"5";"94";"94016";"2";"3";"1";"7";"CARNOT (AV)";"48,7984300";"2,3270900"
"201900011061";"22";"11";"2019";"11:30";"1";"94";"94034";"2";"9";"1";"2";"STALINGRAD (AV DE)";"48,7583500";"2,3299100"
"201900011062";"21";"11";"2019";"08:20";"1";"94";"94073";"2";"1";"1";"3";"TILLEULS (AV DES)";"48,7513000";"2,4031500"
"201900011063";"22";"11";"2019";"18:45";"5";"94";"94028";"2";"9";"1";"1";"AVET.(RUE PAUL FRANCOIS)";"48,7948000";"2,4639000"
"201900011064";"22";"11";"2019";"10:25";"1";"94";"94028";"2";"2";"1";"3";"TASSIGNY(AVE DU MARECHAL DE LATTRE DE";"48,7963000";"2,4578000"
"201900011065";"22";"11";"2019";"08:10";"1";"94";"94028";"2";"1";"1";"6";"POMPADOUR(ROUTE DE LA)";"48,7735000";"2,4432400"
"201900011066";"22";"11";"2019";"10:25";"1";"94";"94071";"2";"1";"1";"3";"PIERRE SEMARD (R)";"48,7698000";"2,5166400"
"201900011067";"21";"11";"2019";"18:45";"5";"93";"93066";"2";"1";"1";"5";"CACHIN MARCEL (AVENUE)";"48,9422100";"2,3651400"
"201900011068";"22";"11";"2019";"17:50";"5";"93";"93064";"2";"1";"1";"6";"ALSACE-LORRAINE (BOULEVARD)";"48,8844200";"2,4851800"
"201900011069";"21";"11";"2019";"16:10";"1";"93";"93055";"2";"1";"8";"6";"ANATOLE FRANCE (AVENUE)";"48,8945100";"2,4251000"
"201900011070";"22";"11";"2019";"16:30";"1";"93";"93053";"2";"6";"1";"6";"REPUBLIQUE (BLD DE LA) N°";"48,8960000";"2,4610100"
"201900011071";"20";"11";"2019";"07:45";"2";"93";"93053";"2";"1";"1";"6";"ANATOLE FRANCE (RUE)";"48,8854300";"2,4433800"
"201900011072";"21";"11";"2019";"19:15";"3";"93";"93050";"2";"9";"2";"1";"PAUL ET CAMILLE THOMOUX (RUE) COTE PAIR";"48,8709602";"2,5291624"
"201900011073";"22";"11";"2019";"21:30";"5";"93";"93046";"2";"3";"1";"3";"ARISTIDE BRIAND AVENUE";"48,9152500";"2,5286000"
"201900011074";"21";"11";"2019";"09:05";"1";"93";"93032";"2";"3";"1";"3";"MARRONNIERS   (AVENUE DES)";"48,8719374";"2,5592231"
"201900011075";"22";"11";"2019";"11:40";"1";"93";"93005";"2";"6";"1";"6";"GEORGES BRAQUE (BOULEVARD)";"48,9594730";"2,4761840"
"201900011076";"21";"11";"2019";"18:15";"5";"92";"92076";"2";"1";"2";"6";"LA CELLE SAINT CLOUD";"48,8468540";"2,1657670"
"201900011077";"22";"11";"2019";"08:45";"1";"92";"92062";"2";"1";"1";"1";"BAS-ROGERS (RUE DES) N° 2 AU 38";"48,8797970";"2,2342710"
"201900011078";"22";"11";"2019";"19:15";"5";"92";"92051";"2";"3";"1";"3";"MONTROSIER (RUE)";"48,8823300";"2,2804100"
"201900011079";"22";"11";"2019";"14:20";"1";"92";"92051";"2";"5";"1";"3";"CHATEAU (BOULEVARD DU)";"48,8932000";"2,2763900"
"201900011080";"21";"11";"2019";"16:50";"5";"92";"92051";"2";"1";"1";"3";"BINEAU (BOULEVARD, N°133 A 217 ET 134 A";"48,8953200";"2,2674000"
"201900011081";"20";"11";"2019";"18:15";"5";"92";"92050";"2";"2";"1";"3";"PREMIER MAI RUE DU";"48,9075752";"2,2122269"
"201900011082";"21";"11";"2019";"18:45";"2";"92";"92024";"2";"3";"2";"3";"JEAN JAURES (BD) DE 47 A 109)   (56 A 14";"48,9036800";"2,3029900"
"201900011083";"22";"11";"2019";"10:40";"1";"92";"92012";"2";"1";"1";"6";"PAUL BERT (RUE)";"48,8339400";"2,2396900"
"201900011084";"22";"11";"2019";"18:40";"3";"35";"35135";"1";"1";"3";"6";"RD 70";"48,2664890";" -1,9536710"
"201900011085";"22";"11";"2019";"11:40";"1";"81";"81074";"1";"1";"1";"1";"Route des Templiers";"43,9232278";"2,2197820"
"201900011086";"23";"11";"2019";"16:20";"1";"10";"10344";"2";"3";"1";"3";"66 Rue de Cervet";"48,2415630";"4,0805570"
"201900011087";"23";"11";"2019";"02:30";"3";"28";"28012";"1";"4";"2";"7";"Le Moulin des Granges";"48,1187570";"1,0971040"
"201900011088";"21";"11";"2019";"17:00";"4";"60";"60196";"1";"1";"1";"2";"D927";"49,3052256";"2,0871208"
"201900011089";"23";"11";"2019";"10:10";"1";"41";"41161";"1";"1";"2";"2";"A71-PK148+700";"47,4883340";"2,0075910"
"201900011090";"23";"11";"2019";"04:30";"3";"36";"36150";"1";"1";"2";"6";"A20 - PK111+850 sens 1";"46,4229510";"1,4719570"
"201900011091";"22";"11";"2019";"00:30";"3";"51";"51238";"1";"3";"1";"6";"RD 37";"48,8755237";"3,8754340"
"201900011092";"22";"11";"2019";"17:00";"1";"74";"74189";"1";"1";"8";"1";"Route de Cluses";"46,0575741";"6,5027905"
"201900011093";"23";"11";"2019";"11:40";"1";"76";"76712";"1";"1";"2";"1";"D34";"49,5510860";"0,5681520"
"201900011094";"23";"11";"2019";"10:10";"1";"69";"69066";"2";"3";"8";"3";"4 Rue de Lyon";"46,0997000";"4,3161430"
"201900011095";"22";"11";"2019";"16:40";"1";"71";"71493";"1";"1";"1";"3";"D973";"46,9620640";"4,5542370"
"201900011096";"22";"11";"2019";"20:17";"3";"89";"89367";"1";"1";"1";"6";"D85";"47,6244840";"3,2590150"
"201900011097";"22";"11";"2019";"06:50";"3";"63";"63317";"1";"1";"1";"7";"D91 PK 7+600";"45,9791160";"3,3158840"
"201900011098";"23";"11";"2019";"12:40";"1";"61";"61366";"1";"1";"2";"1";"Lieu Dit le Grand Chennerault";"48,9452310";"0,3904110"
"201900011099";"22";"11";"2019";"09:10";"1";"49";"49018";"1";"1";"1";"2";"Lieu Dit le Motais";"47,5525680";" -0,1850090"
"201900011100";"23";"11";"2019";"09:30";"1";"44";"44211";"1";"1";"8";"7";"D33";"47,3648670";" -2,4771460"
"201900011101";"22";"11";"2019";"23:10";"3";"44";"44217";"1";"1";"8";"6";"Vigneux-de-Bretagne";"47,3165780";" -1,7713460"
"201900011102";"23";"11";"2019";"05:55";"3";"29";"29171";"1";"1";"2";"7";"Prad Ar 'Hastell";"47,8282020";" -4,3058360"
"201900011103";"21";"11";"2019";"17:35";"5";"31";"31451";"2";"2";"1";"3";"Avenue Alexandre Monoury";"43,4577570";"2,0097610"
"201900011104";"21";"11";"2019";"17:40";"3";"3";"03154";"1";"1";"1";"7";"N/A";"46,3752014";"3,9789673"
"201900011105";"22";"11";"2019";"07:30";"1";"70";"70055";"1";"1";"1";"5";"Baudoncourt";"47,7709940";"6,3500710"
"201900011106";"22";"11";"2019";"13:57";"1";"26";"26124";"1";"1";"1";"1";"320 Route des Basseaux";"44,8458920";"4,8776630"
"201900011107";"22";"11";"2019";"17:45";"3";"58";"58055";"1";"1";"9";"1";"D981";"46,8302250";"3,5055490"
"201900011108";"23";"11";"2019";"01:00";"3";"14";"14522";"1";"1";"2";"6";"D64";"49,0770580";"0,2440710"
"201900011109";"20";"11";"2019";"07:30";"2";"14";"14057";"1";"1";"8";"3";"Lieu Dit la Perquette";"49,1307920";" -0,2205750"
"201900011110";"22";"11";"2019";"19:00";"3";"60";"60348";"1";"1";"8";"2";"Route de Montdidier";"49,5743043";"2,9661612"
"201900011111";"23";"11";"2019";"14:55";"1";"60";"60647";"1";"1";"2";"7";"N31";"49,4061080";"2,9488360"
"201900011112";"22";"11";"2019";"20:20";"3";"10";"10106";"1";"1";"1";"6";"D951";"48,4584010";"3,4088170"
"201900011113";"23";"11";"2019";"01:15";"5";"21";"21618";"2";"1";"8";"6";"5 Rue de Gray";"47,3562040";"5,4385980"
"201900011114";"22";"11";"2019";"19:20";"3";"37";"37226";"1";"1";"3";"2";"Bellevue";"47,0911370";"0,6105150"
"201900011115";"22";"11";"2019";"19:30";"3";"978";"97801";"1";"1";"1";"1";"RN7, MONT VERNON 2";"18,0960590";" -63,0356150"
"201900011116";"22";"11";"2019";"15:00";"1";"13";"13051";"1";"1";"2";"7";"D19";"43,5861370";"5,1823840"
"201900011117";"22";"11";"2019";"07:36";"1";"973";"97309";"2";"1";"1";"5";"Route de Montjoly";"4,9248640";" -52,2853410"
"201900011118";"21";"11";"2019";"16:30";"1";"987";"98719";"1";"1";"2";"6";"Traversière du Belvédère - Coté Districts";" -23,1167550";" -134,9712460"
"201900011119";"6";"3";"2019";"15:00";"1";"987";"98750";"1";"1";"1";"5";"PK 4.800 district de Avera";" -16,8374680";" -151,4031660"
"201900011120";"24";"11";"2019";"02:41";"3";"988";"98808";"1";"1";"1";"6";"R.T.3";" -21,1929850";"165,5504750"
"201900011121";"24";"11";"2019";"00:30";"3";"988";"98804";"1";"1";"1";"6";"R.P.N.3";" -21,5416200";"166,0043300"
"201900011122";"21";"11";"2019";"09:30";"1";"974";"97415";"2";"3";"1";"3";"Che Carrosse";" -21,0540100";"55,2293650"
"201900011123";"22";"11";"2019";"23:30";"3";"34";"34164";"1";"1";"3";"6";"D21";"43,7444420";"3,9592760"
"201900011124";"5";"11";"2019";"17:26";"3";"67";"67301";"1";"1";"2";"6";"D144";"48,7584490";"7,6530960"
"201900011125";"22";"11";"2019";"09:00";"1";"88";"88026";"2";"1";"1";"6";"Route de Vaudéville";"48,2137310";"6,5652920"