"Num_Acc";"jour";"mois";"an";"hrmn";"lum";"dep";"com";"agg";"int";"atm";"col";"adr";"lat";"long"
"201900011126";"23";"11";"2019";"08:25";"1";"74";"74127";"1";"1";"1";"1";"D902";"46,3359780";"6,5748460"
"201900011127";"23";"11";"2019";"17:40";"5";"42";"42147";"1";"1";"2";"6";"1 Allée Jean Premier du Forez";"45,5957900";"4,0843760"
"201900011128";"23";"11";"2019";"11:30";"1";"42";"42180";"1";"1";"2";"6";"D101";"45,5910380";"4,1221580"
"201900011129";"21";"11";"2019";"08:20";"2";"44";"44209";"1";"2";"2";"3";"Rue Notre Dame";"47,3386520";" -1,6359260"
"201900011130";"22";"11";"2019";"11:10";"1";"26";"26235";"2";"1";"8";"3";"Av I et Frederic Joliot Curie";"44,3743240";"4,6976490"
"201900011131";"22";"11";"2019";"23:50";"5";"69";"69160";"1";"1";"1";"6";"d337";"46,1648000";"4,4474570"
"201900011132";"23";"11";"2019";"01:30";"3";"49";"49301";"1";"1";"3";"6";"Lieu Dit la Petitiere";"47,0454420";" -1,1035010"
"201900011133";"22";"11";"2019";"18:10";"5";"49";"49021";"1";"1";"2";"6";"Route de Brion";"47,4402400";" -0,2018150"
"201900011134";"22";"11";"2019";"17:55";"5";"29";"29042";"2";"1";"2";"6";"Boulevard de la France Libre";"48,2341420";" -4,4983120"
"201900011135";"23";"11";"2019";"10:40";"1";"59";"59229";"1";"1";"1";"1";"Rue de Rocquigny";"50,0389350";"4,0174210"
"201900011136";"22";"11";"2019";"01:19";"5";"59";"59044";"2";"1";"2";"6";"33 Rue de Camphin";"50,6045460";"3,2526910"
"201900011137";"22";"11";"2019";"15:40";"1";"59";"59051";"2";"3";"1";"3";"1 Rue de Lens";"50,5307490";"2,8024140"
"201900011138";"21";"11";"2019";"19:40";"5";"13";"13055";"2";"1";"2";"7";"A507 sens Aubagne- Marseille";"43,2868061";"5,4251119"
"201900011139";"21";"11";"2019";"14:15";"1";"13";"13055";"1";"1";"3";"2";"A55-Sens Martigues vers Marseille";"43,3459400";"5,3454950"
"201900011140";"21";"11";"2019";"09:40";"1";"69";"69382";"1";"1";"1";"4";"A6   455.000 A 455.614";"45,7505900";"4,8234100"
"201900011141";"22";"11";"2019";"07:50";"1";"91";"91363";"1";"1";"1";"6";"AUTOROUTE A10";"48,6592000";"2,1849000"
"201900011142";"21";"11";"2019";"17:30";"3";"91";"91553";"1";"1";"2";"6";"RN 104";"48,6298100";"2,4843630"
"201900011143";"22";"11";"2019";"17:15";"3";"78";"78090";"1";"1";"1";"6";"A13";"48,9703240";"1,9079850"
"201900011144";"22";"11";"2019";"08:15";"1";"93";"93064";"1";"1";"1";"3";"AUTOROUTE A103";"48,8861700";"2,4856700"
"201900011145";"21";"11";"2019";"18:50";"4";"95";"95488";"1";"1";"2";"2";"AUTOROUTE A15";"49,0148700";"2,1458100"
"201900011146";"21";"11";"2019";"18:00";"3";"93";"93064";"1";"1";"2";"3";"AUTOROUTE A86";"48,8767700";"2,4776900"
"201900011147";"22";"11";"2019";"13:15";"1";"94";"94011";"1";"1";"1";"4";"RN406.W";"48,7606000";"2,4885000"
"201900011148";"22";"11";"2019";"11:05";"1";"94";"94033";"1";"1";"1";"4";"A86.INT";"48,8599600";"2,4854000"
"201900011149";"22";"11";"2019";"06:50";"3";"77";"77141";"1";"1";"1";"6";"A4";"48,8472800";"2,8320100"
"201900011150";"22";"11";"2019";"00:45";"3";"77";"77053";"1";"1";"1";"2";"RN104";"48,6737160";"2,6110130"
"201900011151";"21";"11";"2019";"21:20";"3";"77";"77053";"1";"1";"1";"5";"RN104";"48,6843880";"2,5991850"
"201900011152";"6";"11";"2019";"04:20";"3";"94";"94069";"1";"1";"2";"3";"A4";"48,8174421";"2,4144238"
"201900011153";"19";"11";"2019";"19:20";"3";"91";"91228";"1";"9";"1";"3";"LEMEL (SQUARE NATHALIE)";"48,6202200";"2,4472800"
"201900011154";"20";"11";"2019";"15:40";"1";"71";"71040";"2";"2";"5";"3";"BIZOTS (ROUTE DES)";"46,6733590";"4,3800040"
"201900011155";"21";"11";"2019";"08:30";"2";"69";"69264";"2";"1";"5";"2";"RENAN ERNEST  R";"45,9922100";"4,7071200"
"201900011156";"20";"11";"2019";"12:07";"1";"63";"63113";"2";"1";"1";"6";"CARNOT (AVENUE)";"45,7762700";"3,0925900"
"201900011157";"4";"11";"2019";"18:40";"5";"51";"51454";"2";"1";"2";"7";"AVENUE BREBANT";"49,2591100";"4,0095700"
"201900011158";"19";"11";"2019";"18:00";"3";"22";"22360";"1";"1";"1";"4";"RN12";"48,4843820";" -2,7057200"
"201900011159";"8";"10";"2019";"08:30";"1";"22";"22278";"2";"1";"1";"3";"ATLANTIQUE (BD) N°58/71 A FIN";"48,5190680";" -2,7927976"
"201900011160";"20";"11";"2019";"10:50";"1";"13";"13206";"2";"1";"1";"6";"ITALIE (RUE D')";"43,2903000";"5,3818600"
"201900011161";"20";"11";"2019";"15:35";"1";"92";"92049";"2";"1";"1";"7";"BASCH RUE VICTOR";"48,8113590";"2,3199470"
"201900011162";"21";"11";"2019";"10:30";"1";"988";"98818";"2";"3";"1";"6";"TARAGNAT (RUE)";" -22,2751579";"166,4565879"
"201900011163";"20";"11";"2019";"13:46";"1";"988";"98818";"2";"1";"1";"6";"VE1";" -22,2422223";"166,4586371"
"201900011164";"21";"11";"2019";"12:45";"1";"976";"97611";"2";"4";"1";"1";"kaweni-Grande Traverse (rue de la)";" -12,7704300";"45,2254200"
"201900011165";"21";"11";"2019";"07:25";"1";"976";"97611";"2";"1";"1";"3";"tsoundzou-Stara (rue)";" -12,8051000";"45,2102700"
"201900011166";"20";"11";"2019";"12:25";"1";"974";"97416";"2";"1";"1";"2";"LORION (RUE LUC)";" -21,3346565";"55,4709792"
"201900011167";"21";"11";"2019";"07:06";"1";"974";"97411";"1";"9";"1";"2";"QUATRE VOIES GILLOT (ROUTE A)";" -20,8861904";"55,4939505"
"201900011168";"19";"11";"2019";"07:25";"1";"974";"97411";"2";"1";"1";"1";"MONTAGNE (ROUTE DE LA)";" -20,8875500";"55,4407200"
"201900011169";"21";"11";"2019";"06:50";"1";"973";"97302";"1";"6";"1";"3";"MARINGOUINS (ROND-POINT)";"4,9077195";" -52,3225486"
"201900011170";"21";"11";"2019";"07:25";"2";"69";"69383";"2";"2";"1";"3";"DOCTEUR LONG (DU)                   (CO)";"45,7510000";"4,8891300"
"201900011171";"21";"11";"2019";"07:30";"2";"69";"69388";"2";"2";"1";"6";"ALBERT THOMAS                       (CO)";"45,7443900";"4,8745600"
"201900011172";"20";"11";"2019";"17:54";"2";"972";"97209";"2";"1";"1";"2";"CLUNY (ROUTE DE)";"14,6152800";" -61,0826000"
"201900011173";"20";"11";"2019";"16:00";"1";"972";"97209";"2";"2";"1";"3";"ROBESPIERRE (RUE)";"14,6097400";" -61,0696200"
"201900011174";"19";"11";"2019";"11:25";"1";"972";"97209";"2";"1";"1";"4";"RD 41 (ROCADE)";"14,6149800";" -61,0532100"
"201900011175";"19";"11";"2019";"13:20";"1";"972";"97209";"2";"1";"1";"6";"CHATEAUBOEUF (ROUTE DE)";"14,6204000";" -61,0435000"
"201900011176";"21";"11";"2019";"17:55";"5";"69";"69389";"2";"1";"2";"6";"BALMONT (DE)                        (BD)";"45,7892000";"4,7996000"
"201900011177";"20";"11";"2019";"16:30";"1";"69";"69152";"2";"1";"1";"3";"MURIERS (DES)                       (CH)";"45,6952300";"4,8275300"
"201900011178";"21";"11";"2019";"03:40";"4";"971";"97113";"1";"1";"1";"3";"RN4 - SECTION RIVIERA";"16,2168100";" -61,4818000"
"201900011179";"20";"12";"2019";"17:50";"3";"62";"62477";"1";"3";"2";"1";"D75";"50,3164830";"2,5491370"
"201900011180";"31";"12";"2019";"19:50";"3";"61";"61070";"1";"1";"8";"1";"D911";"48,8167130";" -0,6029940"
"201900011181";"30";"12";"2019";"15:00";"1";"38";"38269";"2";"1";"1";"6";"D115c";"44,9237900";"5,7852600"
"201900011182";"31";"12";"2019";"21:00";"5";"973";"97307";"1";"3";"1";"3";"Route Nationale 2";"4,8461772";" -52,3339963"
"201900011183";"29";"12";"2019";"19:00";"5";"91";"91386";"2";"5";"1";"1";"Route de Chevannes";"48,5508900";"2,4378440"
"201900011184";"31";"12";"2019";"14:30";"1";"22";"22098";"2";"1";"5";"1";"Rue de Saint-glen";"48,4273920";" -2,5388350"
"201900011185";"31";"12";"2019";"15:00";"1";"93";"93066";"1";"1";"1";"4";"AUTOROUTE A1";"48,9299400";"2,3635600"
"201900011186";"30";"12";"2019";"15:00";"1";"93";"93066";"1";"1";"1";"3";"AUTOROUTE A86";"48,9228900";"2,3442300"
"201900011187";"9";"10";"2019";"17:10";"1";"2A";"2A004";"2";"1";"1";"1";"RANUCCHIETTU CHEMIN DE";"41,9507059";"8,7663606"
"201900011188";"15";"8";"2019";"23:50";"5";"73";"73065";"2";"6";"1";"2";"D991 ROPS DANIEL (AVENUE)";"45,5991700";"5,9155100"
"201900011189";"20";"7";"2019";"13:52";"1";"75";"75105";"2";"2";"1";"2";"RUE SAINT JACQUES";"48,8502089";"2,3452202"
"201900011190";"20";"7";"2019";"09:15";"1";"75";"75101";"2";"2";"1";"6";"RUE SAINT HONORE";"48,8654699";"2,3308128"
"201900011191";"7";"12";"2019";"16:05";"1";"94";"94042";"2";"1";"1";"6";"GENERAL GALLIENI (AV DU)";"48,8200000";"2,4815000"
"201900011192";"5";"12";"2019";"12:00";"1";"94";"94042";"2";"1";"1";"6";"MARECHAL LECLERC (BD DU)";"48,8166000";"2,4675200"
"201900011193";"4";"12";"2019";"14:50";"1";"94";"94042";"2";"2";"1";"1";"GENERAL GALLIENI (AV DU)";"48,8199823";"2,4772821"
"201900011194";"2";"12";"2019";"16:50";"1";"94";"94041";"2";"1";"1";"2";"BARBES (R)";"48,8168700";"2,3712800"
"201900011195";"18";"12";"2019";"11:25";"1";"94";"94021";"2";"9";"1";"2";"GEORGES GUYNEMER (AV)";"48,7605300";"2,3415500"
"201900011196";"11";"12";"2019";"07:30";"2";"94";"94073";"2";"1";"2";"2";"VERSAILLES (AV DE)";"48,7585000";"2,3926300"
"201900011197";"7";"12";"2019";"11:20";"1";"94";"94021";"2";"1";"1";"6";"11 novembre 1918 (Rue)";"48,7631900";"2,3611600"
"201900011198";"5";"12";"2019";"07:30";"5";"94";"94073";"2";"9";"1";"2";"BAS MARIN (R DU)";"48,7563800";"2,3854700"
"201900011199";"16";"12";"2019";"16:15";"1";"94";"94028";"2";"3";"1";"3";"PETITES HAYES.(AVENUE DES)";"48,7878000";"2,4370000"
"201900011200";"23";"5";"2019";"17:10";"1";"94";"94028";"2";"1";"1";"2";"GAULLE(AVENUE DU GENERAL DE)";"48,7939200";"2,4468400"
"201900011201";"18";"12";"2019";"15:40";"1";"94";"94079";"2";"1";"1";"6";"JEAN MONNET (BD)";"48,7402470";"2,4465944"
"201900011202";"14";"12";"2019";"18:05";"5";"94";"94060";"2";"4";"1";"3";"GOURNAY (CHE DE)";"48,7889600";"2,5846600"
"201900011203";"3";"12";"2019";"22:20";"3";"94";"94075";"2";"1";"1";"6";"MARECHAL DE LATTRE DE TASSIGNY (AV)";"48,7275000";"2,5302000"
"201900011204";"17";"12";"2019";"16:20";"2";"92";"92050";"2";"2";"2";"3";"PONS NOEL RUE";"48,9040931";"2,2191525"
"201900011205";"9";"12";"2019";"08:46";"1";"92";"92050";"2";"1";"3";"6";"PICASSO PABLO AVENUE";"48,8905600";"2,2347400"
"201900011206";"10";"11";"2019";"20:05";"3";"92";"92050";"2";"5";"8";"6";"SEINE BOULEVARD DE";"48,8967200";"2,1960500"
"201900011207";"14";"11";"2019";"19:50";"5";"92";"92014";"2";"2";"1";"3";"GENERAL LECLERC (AV.) (1 A 55BIS - 2 A 4";"48,7824601";"2,3165969"
"201900011208";"14";"10";"2019";"08:40";"1";"2";"02491";"1";"9";"1";"1";"4 Rue de la Gare";"49,7943860";"3,6313870"
"201900011209";"15";"10";"2019";"21:25";"3";"2";"02303";"1";"9";"2";"1";"D1044";"49,8767850";"3,2686600"
"201900011210";"13";"10";"2019";"06:30";"2";"70";"70058";"1";"1";"1";"7";"Rue des Ecoles";"47,4956070";"5,6622430"
"201900011211";"15";"10";"2019";"09:00";"1";"59";"59646";"1";"1";"2";"2";"ROUTE NATIONALE 356";"50,6658810";"3,1143163"
"201900011212";"16";"10";"2019";"13:25";"1";"92";"92002";"1";"1";"2";"2";"AUTOROUTE A10";"48,7343456";"2,3144657"
"201900011213";"8";"10";"2019";"00:55";"5";"92";"92062";"1";"1";"1";"6";"A14";"48,8875076";"2,2514892"
"201900011214";"5";"12";"2019";"05:50";"3";"92";"92036";"1";"1";"5";"2";"AUTOROUTE A15";"48,9459038";"2,2832526"
"201900011215";"9";"12";"2019";"12:10";"1";"988";"98818";"2";"2";"1";"3";"AVENUE DE LA VICTOIRE H. LAFLEUR/RUE DE SEBASTOPOL";" -22,2745920";"166,4437348"
"201900011216";"16";"12";"2019";"08:50";"1";"976";"97611";"1";"1";"1";"1";"passamanty-Vahibé ( route )";" -12,7932200";"45,1924300"
"201900011217";"17";"12";"2019";"21:40";"3";"974";"97416";"1";"1";"1";"7";"DUMESGNIL (CHEMIN)";" -21,2794400";"55,4696000"
"201900011218";"15";"12";"2019";"08:50";"1";"974";"97416";"1";"1";"1";"2";"RN1 (ROUTE NATIONALE)";" -21,3116800";"55,4359400"
"201900011219";"17";"12";"2019";"14:30";"1";"974";"97407";"1";"1";"1";"2";"ROUTE NATIONALE N° 1";" -20,9523000";"55,3189000"
"201900011220";"18";"12";"2019";"17:30";"2";"69";"69388";"2";"3";"1";"3";"PAUL SANTY                          (AV)";"45,7316100";"4,8739000"
"201900011221";"18";"12";"2019";"14:30";"1";"69";"69386";"2";"2";"1";"6";"GARIBALDI                           (R )";"45,7693000";"4,8503900"
"201900011222";"18";"12";"2019";"10:45";"1";"69";"69383";"2";"1";"1";"3";"PART DIEU      (DE LA)             (R )";"45,7598800";"4,8517400"
"201900011223";"17";"12";"2019";"15:30";"1";"69";"69259";"2";"1";"1";"3";"AMBROISE CROIZAT                    (BD)";"45,7048800";"4,8876200"
"201900011224";"17";"12";"2019";"07:15";"5";"69";"69387";"2";"1";"1";"6";"CLAUDE BERNARD                      (QU)";"45,7527400";"4,8376300"
"201900011225";"18";"12";"2019";"16:55";"1";"91";"91174";"2";"9";"1";"3";"08 MAI 1945 (AVENUE)";"48,6110250";"2,4546500"
"201900011226";"17";"12";"2019";"14:00";"1";"91";"91174";"2";"1";"1";"1";"JEAN COCTEAU (RUE)";"48,6075000";"2,4477200"
"201900011227";"17";"12";"2019";"18:35";"5";"91";"91027";"2";"9";"2";"3";"MITTERAND (AVENUE FRANCOIS) N° 2 A 110";"48,7058500";"2,3714000"
"201900011228";"14";"12";"2019";"18:50";"5";"86";"86066";"2";"1";"3";"6";"MOULIN (AVENUE JEAN)";"46,7993700";"0,5369400"
"201900011229";"18";"12";"2019";"15:00";"1";"82";"82121";"2";"4";"1";"2";"MAYENNE (AVENUE)";"44,0153000";"1,3436220"
"201900011230";"17";"12";"2019";"17:00";"5";"80";"80021";"2";"2";"2";"6";"VICTOR HUGO (RUE)";"49,8929400";"2,3022800"
"201900011231";"16";"12";"2019";"18:25";"5";"80";"80489";"2";"1";"1";"2";"HENRI BARBUSSE (RUE)";"49,8725300";"2,3526000"
"201900011232";"13";"12";"2019";"17:45";"5";"79";"79191";"2";"3";"2";"6";"268 route d'Aiffres";"46,3107900";" -0,4458500"
"201900011233";"17";"12";"2019";"12:10";"1";"78";"78646";"2";"2";"1";"3";"PARIS (AVENUE DE)";"48,8017800";"2,1316600"
"201900011234";"15";"12";"2019";"21:10";"5";"78";"78646";"2";"1";"1";"1";"VERGENNES (RUE DE)";"48,7977200";"2,1375900"
"201900011235";"17";"12";"2019";"09:00";"1";"76";"76540";"2";"1";"1";"3";"NEUFCHATEL. ROUTE DE";"49,4546702";"1,1056495"
"201900011236";"16";"12";"2019";"07:40";"5";"76";"76366";"2";"1";"1";"6";"11 NOVEMBRE. RUE DU";"49,5215500";"1,0333400"
"201900011237";"13";"12";"2019";"23:00";"5";"76";"76351";"2";"3";"2";"3";"MARECHAL JOFFRE (RUE)";"49,4999611";"0,1276892"
"201900011238";"13";"12";"2019";"17:45";"3";"76";"76447";"1";"1";"2";"2";"RD 489";"49,5402813";"0,2109128"
"201900011239";"16";"12";"2019";"00:00";"5";"74";"74218";"1";"1";"1";"6";"GOLF (BOULEVARD DU)";"46,3878000";"6,5565000"
"201900011240";"8";"12";"2019";"05:20";"2";"73";"73065";"2";"3";"1";"3";"D991 / Rue des bois";"45,6038384";"5,9127901"
"201900011241";"16";"11";"2019";"15:10";"1";"73";"73087";"2";"1";"1";"6";"DERRIERE LES MURS (RUE DE)";"45,5605658";"5,8968077"
"201900011242";"16";"12";"2019";"17:27";"5";"72";"72181";"2";"1";"1";"6";"BUDAPEST (RUE DE)";"48,0194657";"0,2064034"
"201900011243";"17";"12";"2019";"00:34";"5";"69";"69115";"2";"1";"1";"6";"AULAS (rue Michel)";"45,9748000";"4,7156100"
"201900011244";"17";"12";"2019";"17:00";"5";"68";"68066";"2";"3";"1";"6";"SCHWENDI (RUE)";"48,0752900";"7,3631200"
"201900011245";"18";"12";"2019";"11:54";"1";"67";"67180";"1";"9";"1";"6";"RHIN (ROUTE DU)";"48,8022000";"7,8359800"
"201900011246";"17";"12";"2019";"17:30";"1";"66";"66136";"2";"1";"1";"6";"ALBERT MARCELLIN";"42,6899900";"2,8921500"
"201900011247";"17";"12";"2019";"13:16";"1";"66";"66136";"2";"1";"1";"6";"MERMOZ (AVENUE JEAN)";"42,6964400";"2,9084000"
"201900011248";"18";"12";"2019";"14:15";"1";"64";"64260";"1";"1";"1";"3";"BEHOBIE (ROUTE DE)";"43,3496000";" -1,7746000"
"201900011249";"17";"12";"2019";"08:35";"1";"64";"64102";"2";"1";"8";"6";"GAUDEUL (RUE DU DOCTEUR BERNARD)";"43,4796092";" -1,5020686"
"201900011250";"2";"12";"2019";"07:45";"2";"64";"64102";"2";"1";"2";"7";"RESPLANDY (AVENUE DU CAPITAINE)";"43,4838416";" -1,4522132"
"201900011251";"14";"12";"2019";"18:42";"3";"63";"63063";"1";"1";"1";"7";"VERTE (RUE)";"45,8382300";"3,1226000"
"201900011252";"10";"11";"2019";"22:00";"2";"62";"62666";"2";"1";"1";"3";"VENDIN (RTE DE)";"50,4689510";"2,8741050"
"201900011253";"17";"12";"2019";"10:10";"1";"59";"59352";"2";"1";"8";"1";"TOURCOING (RUE DE)";"50,7390100";"3,0816300"
"201900011254";"18";"12";"2019";"13:40";"1";"59";"59017";"2";"1";"1";"6";"FUSILLES (RUE DES )";"50,6923100";"2,8798400"
"201900011255";"16";"12";"2019";"20:20";"5";"57";"57463";"2";"1";"1";"6";"GENERAL METMAN (RUE DU)";"49,1202200";"6,2141900"
"201900011256";"28";"11";"2019";"07:30";"2";"57";"57463";"2";"1";"3";"6";"WILSON (RUE )";"49,1262900";"6,1761600"
"201900011257";"18";"12";"2019";"14:00";"1";"56";"56260";"2";"4";"8";"1";"ARRADON(RUE JEROME D')";"47,6556600";" -2,7714000"
"201900011258";"17";"12";"2019";"13:55";"1";"56";"56121";"2";"3";"1";"6";"ROHAN ( Q DE )";"47,7450300";" -3,3609900"
"201900011259";"16";"12";"2019";"18:30";"3";"56";"56098";"2";"4";"2";"3";"KERHERVY (LIEU DIT)";"47,7666600";" -3,3080700"
"201900011260";"15";"12";"2019";"14:25";"1";"56";"56083";"2";"3";"1";"3";"VAILLANT ( AV. EDOUARD )";"47,8192500";" -3,2531400"
"201900011261";"13";"12";"2019";"21:15";"5";"54";"54300";"2";"1";"1";"2";"GALTIER (RUE LUCIEN)";"48,6627820";"6,2201590"
"201900011262";"17";"12";"2019";"17:00";"5";"54";"54395";"2";"1";"1";"7";"QUATRE EGLISES (RUE DES RESTE N°)";"48,6860240";"6,1845820"
"201900011263";"16";"12";"2019";"08:00";"2";"54";"54300";"2";"1";"8";"3";"PATTON (RUE DU GENERAL)";"48,6545570";"6,2323810"
"201900011264";"16";"12";"2019";"15:50";"1";"54";"54323";"2";"1";"1";"1";"METZ (RUE DE)";"49,5129650";"5,7625670"
"201900011265";"16";"12";"2019";"18:10";"2";"52";"52121";"2";"1";"1";"3";"GAGARINE (RUE YOURI)";"48,1046800";"5,1476000"
"201900011266";"18";"12";"2019";"17:50";"5";"51";"51454";"2";"1";"1";"7";"RUE DU DOCTEUR ROBERT CREUZAT";"49,2887635";"4,0230188"
"201900011267";"17";"12";"2019";"18:10";"5";"47";"47323";"2";"3";"2";"3";"30 GRELOT(RUE DE)";"44,4225000";"0,7045700"
"201900011268";"17";"12";"2019";"20:00";"5";"45";"45234";"2";"2";"1";"3";"R R ROLLAND - R L SEDAR SENGHOR";"47,8387700";"1,9305500"
"201900011269";"13";"12";"2019";"17:28";"5";"41";"41018";"2";"1";"2";"6";"113 MAUNOURY (AVENUE DE MARECHAL)";"47,5981940";"1,3439690"
"201900011270";"15";"12";"2019";"17:30";"3";"37";"37261";"2";"1";"2";"3";"LUYNES (ALLEE DE)";"47,3822838";"0,6993662"
"201900011271";"17";"12";"2019";"01:40";"5";"35";"35238";"2";"1";"2";"6";"VERN (DE)";"48,0959100";" -1,6516300"
"201900011272";"16";"12";"2019";"19:30";"5";"34";"34172";"2";"1";"1";"6";"MOULINS (AVENUE DES";"43,6277116";"3,8400650"
"201900011273";"13";"12";"2019";"08:00";"5";"31";"31555";"2";"1";"3";"6";"AV DE REYNERIE";"43,5709000";"1,4053600"
"201900011274";"17";"12";"2019";"18:00";"5";"31";"31555";"2";"2";"1";"3";"QU DE TOUNIS";"43,5996410";"1,4405510"
"201900011275";"13";"12";"2019";"17:35";"4";"31";"31555";"2";"1";"3";"6";"ALL CHARLES DE FITTE";"43,5993300";"1,4295600"
"201900011276";"15";"12";"2019";"00:56";"5";"31";"31555";"2";"1";"1";"1";"RUE RAYMOND IV";"43,6124700";"1,4514800"
"201900011277";"13";"12";"2019";"16:16";"1";"31";"31555";"2";"1";"2";"3";"RTE DE NARBONNE";"43,5670000";"1,4583400"
"201900011278";"13";"12";"2019";"10:40";"1";"31";"31555";"2";"1";"3";"3";"ALL DES DEMOISELLES";"43,5897740";"1,4553920"
"201900011279";"18";"12";"2019";"07:40";"2";"30";"30189";"2";"3";"1";"3";"CROIX DE VAUVERT (CHEMIN)";"43,8198000";"4,3467000"
"201900011280";"17";"12";"2019";"07:50";"3";"29";"29232";"1";"1";"1";"4";"CNO";"48,0097282";" -4,1227773"
"201900011281";"16";"12";"2019";"18:00";"5";"29";"29232";"1";"6";"2";"3";"TOUL SABLE  ROND POINT DE";"47,9732612";" -4,0875094"
"201900011282";"16";"12";"2019";"17:25";"5";"29";"29232";"2";"3";"2";"3";"PONT L'ABBE RUE DE";"47,9905474";" -4,1130645"
"201900011283";"16";"12";"2019";"06:50";"3";"26";"26362";"2";"1";"1";"6";"MONTELIER ROUTE DE (104)";"44,9382400";"4,9397900"
"201900011284";"17";"12";"2019";"18:40";"5";"22";"22360";"2";"1";"2";"6";"SEGUIN (RUE MARC)";"48,4893900";" -2,7220300"
"201900011285";"16";"12";"2019";"08:15";"3";"22";"22187";"1";"1";"2";"1";"MOTTAIS";"48,5378200";" -2,8271000"
"201900011286";"29";"11";"2019";"18:05";"3";"22";"22278";"1";"1";"1";"4";"RN12";"48,5058610";" -2,7339720"
"201900011287";"12";"12";"2019";"08:20";"1";"19";"19031";"2";"1";"1";"4";"MOULIN (BOULEVARD JEAN) COTE POMPIERS";"45,1629000";"1,5017200"
"201900011288";"18";"12";"2019";"10:10";"1";"17";"17300";"2";"1";"1";"2";"CORSAIRES   AVENUE DES (125)";"46,1729400";" -1,1614900"
"201900011289";"17";"12";"2019";"18:15";"5";"17";"17300";"2";"1";"2";"3";"WILSON   AVENUE DU PRESIDENT";"46,1595090";" -1,1885460"
"201900011290";"17";"12";"2019";"07:40";"3";"17";"17274";"1";"3";"1";"5";"RD 108";"46,1671272";" -1,0909081"
"201900011291";"18";"12";"2019";"07:50";"2";"14";"14118";"1";"1";"1";"6";"COTE DE NACRE(AVENUE)";"49,2058400";" -0,3613300"
"201900011292";"18";"12";"2019";"12:55";"1";"13";"13209";"1";"1";"1";"5";"LÉON LACHAMP (ROUTE)";"43,2489790";"5,4424300"
"201900011293";"17";"12";"2019";"17:55";"5";"13";"13213";"2";"1";"1";"4";"JEAN PAUL SARTRE (AVENUE)";"43,3180930";"5,4127560"
"201900011294";"16";"12";"2019";"17:00";"2";"13";"13214";"2";"1";"1";"3";"ANATOLE DE LA FORGE (BOULEVARD)";"43,3393800";"5,3911000"
"201900011295";"17";"12";"2019";"14:30";"1";"13";"13001";"2";"9";"1";"3";"DE LATTRE DE TASSIGNY (AV)";"43,5383920";"5,4340010"
"201900011296";"17";"12";"2019";"17:58";"5";"10";"10343";"2";"1";"3";"6";"DIJON (RUE DE)";"48,2755900";"4,0836800"
"201900011297";"18";"12";"2019";"17:30";"3";"6";"06083";"2";"1";"2";"6";"COTY (COURS RENE, SENS MONT/MER)";"43,7734180";"7,4902640"
"201900011298";"18";"12";"2019";"12:15";"1";"6";"06069";"1";"1";"1";"3";"TASSIGNY (AVENUE DELATTRE)RD 6085";"43,6490900";"6,9317500"
"201900011299";"17";"12";"2019";"10:35";"1";"6";"06155";"2";"6";"1";"3";"LIBERTE AV.DE LA";"43,5633780";"7,0672020"
"201900011300";"17";"12";"2019";"09:15";"1";"5";"05061";"1";"1";"1";"7";"LUYE ( ROUTE DE LA )";"44,5226400";"6,0596900"
"201900011301";"16";"12";"2019";"02:00";"5";"75";"75112";"2";"4";"1";"6";"BD PERIPHERIQUE EXTERIEUR";"48,8299008";"2,4017399"
"201900011302";"15";"12";"2019";"13:30";"1";"75";"75116";"2";"1";"1";"2";"BD PERIPHERIQUE EXTERIEUR";"48,8752280";"2,2765120"
"201900011303";"18";"12";"2019";"03:11";"5";"75";"75112";"2";"1";"1";"6";"QUAI DE LA RAPEE";"48,8434379";"2,3701943"
"201900011304";"17";"12";"2019";"17:45";"5";"75";"75106";"2";"2";"1";"3";"BOULEVARD SAINT GERMAIN";"48,8544771";"2,3304654"
"201900011305";"16";"12";"2019";"21:30";"2";"75";"75105";"2";"4";"1";"6";"BOULEVARD DE L HOPITAL";"48,8431850";"2,3641370"
"201900011306";"18";"12";"2019";"19:00";"5";"75";"75120";"2";"5";"1";"6";"AVENUE GAMBETTA";"48,8770750";"2,4064240"
"201900011307";"17";"12";"2019";"13:10";"1";"75";"75119";"2";"1";"1";"6";"AVENUE JEAN JAURES";"48,8838732";"2,3743719"
"201900011308";"16";"12";"2019";"20:50";"5";"75";"75118";"2";"1";"1";"3";"RUE ORDENER";"48,8913070";"2,3509990"
"201900011309";"17";"12";"2019";"20:30";"5";"75";"75117";"2";"2";"1";"6";"AVENUE DE LA PORTE DE CHAMPERRET";"48,8864099";"2,2855608"
"201900011310";"16";"12";"2019";"20:50";"5";"75";"75117";"2";"1";"1";"3";"BOULEVARD MALESHERBES";"48,8848090";"2,3077140"
"201900011311";"17";"12";"2019";"16:15";"1";"75";"75116";"2";"1";"2";"6";"RUE DE LA POMPE";"48,8696621";"2,2823882"
"201900011312";"17";"12";"2019";"06:00";"5";"75";"75116";"2";"2";"1";"6";"AVENUE DE L HIPPODROME";"48,8623009";"2,2383142"
"201900011313";"18";"12";"2019";"18:00";"5";"75";"75115";"2";"2";"1";"3";"QUAI DE GRENELLE";"48,8506480";"2,2840400"