"Num_Acc";"jour";"mois";"an";"hrmn";"lum";"dep";"com";"agg";"int";"atm";"col";"adr";"lat";"long"
"201900011314";"16";"12";"2019";"17:50";"2";"75";"75115";"2";"1";"1";"2";"RUE CASTAGNARY";"48,8328900";"2,3084630"
"201900011315";"18";"12";"2019";"16:40";"2";"75";"75114";"2";"1";"1";"7";"RUE D ALESIA";"48,8294096";"2,3223617"
"201900011316";"16";"12";"2019";"16:13";"1";"75";"75114";"2";"1";"2";"6";"RUE DE L OUEST";"48,8363370";"2,3198320"
"201900011317";"18";"12";"2019";"17:35";"1";"75";"75113";"2";"4";"1";"6";"AVENUE DE LA PORTE D IVRY";"48,8197130";"2,3729290"
"201900011318";"18";"12";"2019";"12:45";"1";"75";"75113";"2";"1";"1";"3";"AVENUE PIERRE DE COUBERTIN";"48,8179806";"2,3441970"
"201900011319";"17";"12";"2019";"23:40";"5";"75";"75113";"2";"3";"1";"6";"AVENUE DES GOBELINS";"48,8349060";"2,3531770"
"201900011320";"17";"12";"2019";"09:03";"1";"75";"75113";"2";"3";"1";"3";"BOULEVARD KELLERMANN";"48,8209896";"2,3506273"
"201900011321";"18";"12";"2019";"07:15";"2";"75";"75112";"2";"1";"1";"3";"QUAI DE LA RAPEE";"48,8393467";"2,3753120"
"201900011322";"18";"12";"2019";"16:25";"1";"75";"75111";"2";"2";"1";"1";"BOULEVARD VOLTAIRE";"48,8597420";"2,3768770"
"201900011323";"18";"12";"2019";"22:45";"5";"75";"75110";"2";"5";"1";"6";"BOULEVARD DE DENAIN";"48,8785220";"2,3540680"
"201900011324";"17";"12";"2019";"11:15";"1";"75";"75110";"2";"1";"1";"6";"BOULEVARD DE STRASBOURG";"48,8708985";"2,3551433"
"201900011325";"18";"12";"2019";"08:30";"1";"75";"75109";"2";"2";"1";"6";"RUE DROUOT";"48,8728760";"2,3404310"
"201900011326";"18";"12";"2019";"20:20";"5";"75";"75108";"2";"3";"1";"6";"RUE D AMSTERDAM";"48,8787140";"2,3269770"
"201900011327";"18";"12";"2019";"19:10";"5";"75";"75108";"2";"2";"1";"3";"BOULEVARD DES BATIGNOLLES";"48,8819900";"2,3205300"
"201900011328";"18";"12";"2019";"17:35";"5";"75";"75108";"2";"4";"1";"6";"AVENUE DES CHAMPS ELYSEES";"48,8661051";"2,3191237"
"201900011329";"18";"12";"2019";"16:10";"1";"75";"75108";"2";"4";"1";"6";"AVENUE MONTAIGNE";"48,8676120";"2,3077190"
"201900011330";"18";"12";"2019";"13:50";"1";"75";"75117";"2";"5";"1";"3";"BOULEVARD DE COURCELLES";"48,8791530";"2,3030841"
"201900011331";"18";"12";"2019";"10:50";"1";"75";"75108";"2";"1";"1";"3";"RUE DE ROME";"48,8762990";"2,3235440"
"201900011332";"18";"12";"2019";"10:00";"1";"75";"75108";"2";"6";"1";"3";"ROND POINT CHAMPS ELYSEES MARCEL DASSAUL";"48,8682920";"2,3101760"
"201900011333";"17";"12";"2019";"14:45";"1";"75";"75108";"2";"2";"1";"3";"AVENUE MARCEAU";"48,8685611";"2,2989106"
"201900011334";"17";"12";"2019";"14:45";"1";"75";"75108";"2";"2";"8";"3";"AVENUE MATIGNON";"48,8717480";"2,3141720"
"201900011335";"18";"12";"2019";"20:00";"5";"75";"75107";"2";"7";"1";"2";"ROND POINT DU BLEUET DE FRANCE";"48,8588564";"2,3129869"
"201900011336";"18";"12";"2019";"17:10";"5";"75";"75107";"2";"2";"1";"3";"BOULEVARD SAINT GERMAIN";"48,8599960";"2,3216880"
"201900011337";"17";"12";"2019";"16:00";"1";"75";"75107";"2";"1";"8";"6";"RUE DE CONSTANTINE";"48,8583530";"2,3146440"
"201900011338";"17";"12";"2019";"07:25";"5";"75";"75107";"2";"2";"1";"6";"PONT ALEXANDRE III";"48,8628230";"2,3134575"
"201900011339";"18";"12";"2019";"20:20";"5";"75";"75104";"2";"3";"1";"7";"QUAI DES CELESTINS";"48,8523600";"2,3604890"
"201900011340";"17";"12";"2019";"19:45";"5";"75";"75104";"2";"1";"1";"6";"QUAI DES CELESTINS";"48,8531360";"2,3583140"
"201900011341";"18";"12";"2019";"07:20";"5";"94";"94081";"2";"1";"1";"6";"EDOUARD TREMBLAY (R)";"48,7805000";"2,3705000"
"201900011342";"17";"12";"2019";"05:50";"5";"94";"94081";"2";"1";"1";"3";"GROUPE MANOUCHIAN (AV DU)";"48,7915000";"2,4040900"
"201900011343";"17";"12";"2019";"12:50";"1";"94";"94080";"2";"1";"1";"6";"ANTOINE QUINSON (AV)";"48,8471600";"2,4289400"
"201900011344";"17";"12";"2019";"08:00";"1";"94";"94067";"2";"1";"2";"6";"GENERAL DE GAULLE (AV DU)";"48,8395000";"2,4175100"
"201900011345";"18";"12";"2019";"14:40";"1";"94";"94078";"2";"1";"1";"4";"PARIS (R DE)";"48,7404450";"2,4467360"
"201900011346";"18";"12";"2019";"12:10";"1";"94";"94065";"2";"1";"1";"6";"BOULEVARD CIRCULAIRE ( M.I.N.)";"48,7550600";"2,3641200"
"201900011347";"18";"12";"2019";"07:55";"2";"94";"94065";"2";"1";"1";"2";"CHARLES LINDBERGH (AV)";"48,7563000";"2,3460200"
"201900011348";"17";"12";"2019";"19:05";"5";"94";"94073";"2";"3";"2";"3";"RENE PANHARD (AV)";"48,7635800";"2,3986300"
"201900011349";"12";"12";"2019";"17:05";"2";"94";"94073";"2";"1";"3";"6";"PAUL VAILLANT COUTURIER (R)";"48,7631300";"2,3935900"
"201900011350";"18";"12";"2019";"09:00";"1";"94";"94033";"2";"2";"1";"3";"PEPINIERE (AV DE LA)";"48,8444700";"2,4507800"
"201900011351";"17";"12";"2019";"15:35";"1";"94";"94028";"2";"1";"1";"3";"FOCH(AVENUE DU MARECHAL)";"48,7817900";"2,4375500"
"201900011352";"18";"12";"2019";"15:45";"1";"94";"94047";"2";"1";"1";"3";"CHANT DE L'ALOUETTE (R)";"48,7095000";"2,5488500"
"201900011353";"18";"12";"2019";"08:13";"2";"94";"94071";"2";"1";"8";"6";"CHARLES DE GAULLE (R)";"48,7678000";"2,5295300"
"201900011354";"17";"12";"2019";"17:30";"3";"94";"94070";"2";"1";"2";"6";"PARIS (RTE DE)";"48,7162900";"2,5728700"
"201900011355";"2";"12";"2019";"05:18";"5";"93";"93066";"2";"5";"1";"3";"LAMAZE DOCTEUR";"48,9344353";"2,3589878"
"201900011356";"18";"12";"2019";"05:50";"5";"93";"93066";"2";"2";"1";"6";"STADE DE FRANCE (AVENUE DU)";"48,9211000";"2,3615900"
"201900011357";"18";"12";"2019";"21:05";"5";"93";"93064";"2";"1";"1";"2";"PERI (BOULEVARD GABRIEL) 39 / 44 - FIN";"48,8779300";"2,4741400"
"201900011358";"17";"12";"2019";"08:25";"1";"93";"93062";"2";"1";"1";"2";"LIVRY (AVENUE DE)";"48,9013700";"2,5193400"
"201900011359";"17";"12";"2019";"10:10";"1";"93";"93063";"2";"1";"1";"3";"VERDUN AVENUE DE";"48,8828640";"2,4356270"
"201900011360";"16";"12";"2019";"13:00";"1";"93";"93027";"2";"1";"2";"6";"VAILLANT-COUTURIER (AVENUE PAUL)";"48,9216000";"2,4112700"
"201900011361";"16";"12";"2019";"08:30";"1";"93";"93013";"2";"9";"3";"3";"EUROPE (AVENUE DE L'°";"48,9431330";"2,4325080"
"201900011362";"15";"9";"2019";"17:50";"1";"73";"73181";"2";"1";"1";"6";"181 rue des cocinelles";"45,4812290";"6,5312070"
"201900011363";"11";"9";"2019";"09:00";"1";"44";"44035";"2";"1";"1";"7";"rue de l'Europe";"47,2855550";" -1,5503350"
"201900011364";"15";"9";"2019";"15:30";"1";"26";"26016";"1";"1";"1";"6";"D94";"44,3840810";"5,1733720"
"201900011365";"14";"9";"2019";"07:20";"2";"33";"33374";"1";"1";"1";"6";"D132 E1";"45,2481520";" -0,5594030"
"201900011366";"16";"9";"2019";"07:27";"1";"33";"33555";"2";"1";"1";"6";"Boulevard des Girondins Perte de contrôle sur bordure TPC et mort du motard sur glissière bois en accotement environ 55m plus loin";"44,7110500";" -0,8189700"
"201900011367";"14";"9";"2019";"20:00";"1";"29";"29087";"1";"1";"1";"7";"Kersantec";"48,0461770";" -4,2512690"
"201900011368";"21";"7";"2019";"10:30";"1";"62";"62543";"1";"2";"1";"6";"Rue d'Enguinegatte";"50,6163720";"2,3039590"
"201900011369";"15";"9";"2019";"19:00";"1";"62";"62806";"1";"1";"1";"7";"D940 - PR 66";"50,8747010";"1,6589400"
"201900011370";"15";"9";"2019";"17:45";"1";"59";"59283";"1";"1";"7";"3";"2 Rue des Ecoles";"50,2571787";"3,8502326"
"201900011371";"10";"9";"2019";"18:20";"1";"59";"59139";"2";"6";"1";"3";"Rue de Saint-Quentin";"50,1181180";"3,4110270"
"201900011372";"6";"9";"2019";"15:30";"1";"13";"13211";"1";"1";"1";"2";"A50-Sens Marseille vers Aubagne";"43,1931890";"5,6691370"
"201900011373";"13";"9";"2019";"16:25";"1";"67";"67482";"1";"1";"1";"5";"Autoroute A.35";"48,5890590";"7,7304310"
"201900011374";"15";"9";"2019";"19:05";"1";"91";"91549";"1";"1";"1";"5";"RN 104";"48,6261000";"2,3417000"
"201900011375";"15";"9";"2019";"16:40";"1";"91";"91468";"1";"1";"1";"2";"AUTOROUTE A6";"48,5731000";"2,4678000"
"201900011376";"15";"9";"2019";"19:30";"1";"95";"95212";"1";"1";"1";"2";"AUTOROUTE A1";"49,0242000";"2,5358900"
"201900011377";"15";"9";"2019";"07:00";"1";"77";"77121";"1";"1";"1";"4";"A4";"48,8321400";"2,6700800"
"201900011378";"13";"9";"2019";"17:50";"1";"63";"63113";"2";"1";"1";"1";"LIMOUSIN (AVENUE DU)";"45,7874000";"3,0652600"
"201900011379";"13";"9";"2019";"15:25";"1";"63";"63014";"2";"1";"1";"3";"COURNON (AVENUE DE)";"45,7557500";"3,1482100"
"201900011380";"15";"9";"2019";"02:10";"5";"988";"98818";"2";"3";"2";"6";"PROMENADE ROGER LAROQUE/ANSE-VATA";" -22,3029400";"166,4451700"
"201900011381";"14";"9";"2019";"06:54";"1";"976";"97611";"2";"6";"1";"1";"kaweni-Nossi bé (impasse )";" -12,7757700";"45,2245100"
"201900011382";"14";"9";"2019";"03:00";"5";"972";"97213";"1";"6";"1";"6";"ROUTE NATIONALE 1";"14,6493600";" -60,9747200"
"201900011383";"12";"9";"2019";"19:01";"1";"69";"69286";"2";"7";"1";"3";"FLEURY SALIGNAT                     (R )";"45,8214000";"4,8960200"
"201900011384";"28";"8";"2019";"07:59";"1";"95";"95428";"2";"9";"1";"3";"DOMONT";"49,0008000";"2,3203300"
"201900011385";"14";"9";"2019";"06:05";"5";"95";"95427";"2";"1";"1";"1";"EPINAY (RUE D')";"48,9499296";"2,2706957"
"201900011386";"13";"9";"2019";"12:30";"1";"91";"91345";"2";"1";"1";"6";"CANAL (RUE DU)";"48,6955600";"2,2893200"
"201900011387";"14";"9";"2019";"04:50";"5";"91";"91552";"2";"2";"1";"3";"MESNIL (RUE DU)";"48,6017500";"2,2751400"
"201900011388";"13";"9";"2019";"21:55";"2";"91";"91021";"2";"9";"1";"7";"GIRAULT ERNEST (BOULEVARD)";"48,5928200";"2,2457900"
"201900011389";"14";"9";"2019";"02:20";"3";"77";"77450";"1";"1";"1";"7";"N19";"48,7052156";"2,5923183"
"201900011390";"14";"9";"2019";"15:55";"1";"69";"69266";"2";"3";"1";"3";"4 AOUT 1789    (Rue du)";"45,7646000";"4,8904600"
"201900011391";"14";"9";"2019";"13:55";"1";"64";"64260";"2";"9";"1";"3";"BAIE DE CHINGOUDY";"43,3652128";" -1,7697483"
"201900011392";"14";"9";"2019";"16:30";"1";"64";"64269";"2";"1";"1";"3";"TARBES DE";"43,3002400";" -0,3105200"
"201900011393";"14";"9";"2019";"05:05";"3";"64";"64129";"2";"1";"1";"1";"EUROPE DE L'";"43,3086996";" -0,3966723"
"201900011394";"14";"9";"2019";"15:52";"1";"60";"60057";"2";"1";"1";"6";"TILLE (RUE DE)";"49,4524700";"2,0873900"
"201900011395";"14";"9";"2019";"06:20";"3";"59";"59426";"1";"1";"1";"6";"RISQUONS TOUT (ROUTE DU)";"50,7581400";"3,1690400"
"201900011396";"14";"9";"2019";"16:00";"1";"59";"59512";"2";"2";"1";"5";"MOTTE (AVENUE ALFRED)";"50,6716600";"3,1896100"
"201900011397";"14";"9";"2019";"21:30";"5";"59";"59286";"2";"1";"1";"3";"CARNOT SADI RUE";"50,6113900";"2,9943700"
"201900011398";"14";"9";"2019";"11:00";"1";"54";"54339";"2";"1";"1";"2";"LECLERC (AVENUE ET IMPASSE DU GENERAL)";"48,7161100";"6,1845600"
"201900011399";"14";"9";"2019";"15:13";"1";"51";"51454";"2";"1";"1";"2";"AVENUE EDMOND MICHELET";"49,2203100";"4,0348600"
"201900011400";"14";"9";"2019";"15:40";"1";"50";"50532";"2";"1";"1";"1";"MAIRIE (RUE DE LA)";"48,8142000";" -1,5678000"
"201900011401";"14";"9";"2019";"16:50";"1";"45";"45302";"2";"1";"1";"6";"149 ALLEE DES POMMIERS";"47,9421800";"1,8909700"
"201900011402";"14";"9";"2019";"09:00";"1";"45";"45075";"2";"3";"1";"3";"RTE D'ORLEANS - RUE DU GAIGNEAU";"47,8930822";"1,8478691"
"201900011403";"14";"9";"2019";"18:45";"1";"44";"44162";"1";"1";"1";"5";"BOULEVARD PROFESSEUR JACQUES MONOD";"47,2452000";" -1,6352900"
"201900011404";"14";"9";"2019";"04:00";"5";"44";"44109";"2";"1";"1";"6";"BOULEVARD ROBERT SCHUMAN";"47,2388000";" -1,5708600"
"201900011405";"14";"9";"2019";"10:55";"1";"38";"38151";"2";"1";"1";"4";"A.480";"45,1541500";"5,6983800"
"201900011406";"13";"9";"2019";"08:10";"1";"37";"37214";"2";"1";"1";"2";"MENARDIERE (RUE DE LA)";"47,4198900";"0,6638500"
"201900011407";"14";"9";"2019";"21:28";"3";"35";"35238";"1";"1";"1";"5";"ROCADE 11-12";"48,0816004";" -1,6490815"
"201900011408";"14";"9";"2019";"17:15";"1";"34";"34172";"2";"3";"1";"7";"LODEVE (ROUTE DE)";"43,6147200";"3,8298200"
"201900011409";"14";"9";"2019";"23:00";"5";"33";"33039";"2";"3";"1";"3";"QUAI DU PRESIDENT WILSON";"44,8192200";" -0,5385700"
"201900011410";"14";"9";"2019";"05:20";"5";"32";"32013";"2";"1";"1";"6";"PESSAN (ROUTE DE)";"43,6403600";"0,5972300"
"201900011411";"12";"9";"2019";"17:40";"1";"29";"29232";"1";"1";"1";"4";"MORBIHAN AVENUE DU";"47,9779900";" -4,0230300"
"201900011412";"14";"9";"2019";"06:00";"3";"29";"29019";"2";"1";"1";"7";"SEMARD PIERRE";"48,3890000";" -4,4699000"
"201900011413";"13";"9";"2019";"20:15";"2";"28";"28404";"2";"9";"1";"3";"FONTAINE (AVENUE JEAN DE LA)";"48,7273900";"1,3399800"
"201900011414";"14";"9";"2019";"15:10";"1";"14";"14220";"2";"1";"1";"6";"MARINE (QUAI DE LA )";"49,3612100";"0,0803600"
"201900011415";"13";"9";"2019";"12:30";"1";"14";"14333";"1";"9";"2";"6";"MANUEL (COURS ALBERT)";"49,4091200";"0,2250200"
"201900011416";"14";"9";"2019";"17:39";"1";"13";"13209";"2";"1";"1";"3";"ROMAIN ROLLAND (BOULEVARD)";"43,2742463";"5,4147236"
"201900011417";"14";"9";"2019";"10:30";"1";"13";"13212";"2";"6";"1";"2";"TROIS LUCS (PLACE)";"43,3125200";"5,4650300"
"201900011418";"14";"9";"2019";"20:22";"5";"10";"10387";"2";"2";"1";"3";"GENERAL LECLERC (RUE DU)";"48,3080000";"4,0560000"
"201900011419";"14";"9";"2019";"09:31";"1";"10";"10357";"2";"1";"1";"2";"ROCADE SUD";"48,2882100";"4,1570400"
"201900011420";"13";"9";"2019";"16:45";"1";"6";"06069";"2";"1";"1";"3";"ORME (CHEMIN DE L')";"43,6505600";"6,9448110"
"201900011421";"13";"9";"2019";"15:35";"1";"6";"06069";"2";"3";"1";"1";"PLAN (ROUTE DU) -D304-";"43,6469800";"6,9534800"
"201900011422";"13";"9";"2019";"13:40";"1";"6";"06069";"2";"1";"1";"5";"DRAGUIGNAN (ROUTE DE) - D2562-";"43,6450800";"6,8957040"
"201900011423";"14";"9";"2019";"22:30";"5";"6";"06004";"2";"1";"1";"5";"NICE(RN.7) AV.ET RTE DE";"43,6087180";"7,1247430"
"201900011424";"14";"9";"2019";"13:50";"1";"2";"02408";"2";"1";"1";"1";"BOURDAN (RUE PIERRE)";"49,5743682";"3,6469853"
"201900011425";"14";"9";"2019";"14:07";"1";"1";"01053";"2";"1";"1";"3";"BLERIOT (PLACE LOUIS )";"46,2112739";"5,2326152"
"201900011426";"14";"9";"2019";"19:10";"2";"75";"75119";"2";"1";"1";"7";"BD PERIPHERIQUE EXTERIEUR";"48,8936086";"2,3952590"
"201900011427";"14";"9";"2019";"17:45";"1";"75";"75112";"2";"1";"1";"2";"BD PERIPHERIQUE EXTERIEUR";"48,8301710";"2,4021880"
"201900011428";"14";"9";"2019";"14:15";"1";"75";"75117";"2";"1";"1";"4";"BD PERIPHERIQUE INTERIEUR";"48,8919880";"2,3014590"
"201900011429";"13";"9";"2019";"17:20";"1";"75";"75118";"2";"1";"1";"4";"BD PERIPHERIQUE EXTERIEUR";"48,9007640";"2,3302420"
"201900011430";"13";"9";"2019";"07:00";"1";"75";"75117";"2";"1";"1";"2";"BD PERIPHERIQUE INTERIEUR";"48,8892370";"2,2961540"
"201900011431";"14";"9";"2019";"20:30";"5";"75";"75112";"2";"1";"1";"6";"COURS DE VINCENNES";"48,8470710";"2,4107510"
"201900011432";"14";"9";"2019";"00:50";"5";"75";"75116";"2";"1";"1";"3";"ALLEE DE LONGCHAMP";"48,8694360";"2,2558610"
"201900011433";"14";"9";"2019";"16:40";"1";"75";"75113";"2";"3";"1";"2";"BOULEVARD KELLERMANN";"48,8206610";"2,3494500"
"201900011434";"13";"9";"2019";"22:30";"5";"75";"75112";"2";"1";"1";"4";"BOULEVARD DIDEROT";"48,8466820";"2,3809380"
"201900011435";"13";"9";"2019";"10:20";"1";"75";"75103";"2";"1";"1";"6";"RUE DU VERTBOIS";"48,8668150";"2,3589970"
"201900011436";"14";"9";"2019";"20:00";"5";"75";"75101";"2";"1";"1";"6";"RUE DU PONT NEUF";"48,8604725";"2,3444512"
"201900011437";"14";"9";"2019";"10:40";"1";"94";"94080";"2";"1";"1";"3";"FRANCE (R DE)";"48,8489200";"2,4548500"
"201900011438";"14";"9";"2019";"20:05";"2";"94";"94041";"2";"1";"1";"6";"LOUIS FABLET (R)";"48,8094200";"2,3855800"
"201900011439";"13";"9";"2019";"09:00";"1";"94";"94044";"2";"1";"1";"6";"VALENTON (AV DE)";"48,7437000";"2,5042000"
"201900011440";"14";"9";"2019";"16:10";"1";"93";"93073";"2";"1";"1";"3";"BLUM (RUE LEON)";"48,9475400";"2,5670900"
"201900011441";"14";"9";"2019";"17:05";"1";"93";"93072";"2";"3";"1";"6";"ARISTIDE BRIAND (AVENUE) COTE DES N°1A87";"48,9608100";"2,3816100"
"201900011442";"14";"9";"2019";"16:15";"1";"93";"93071";"2";"3";"1";"3";"DOCTEUR SCHAFFNER (AVENUE DU)";"48,9364100";"2,5135000"
"201900011443";"14";"9";"2019";"08:50";"1";"93";"93039";"2";"1";"1";"6";"SEINE (QUAI DE )";"48,9352420";"2,3409610"
"201900011444";"14";"9";"2019";"18:35";"1";"93";"93064";"2";"1";"1";"6";"QUATRIEME ZOUAVES (RUE DU)";"48,8729910";"2,4797150"
"201900011445";"14";"9";"2019";"14:30";"1";"93";"93051";"2";"3";"1";"3";"MICHEL GOUTIER (NR PAIRS)";"48,8465000";"2,5713800"
"201900011446";"11";"9";"2019";"14:45";"1";"93";"93051";"2";"1";"1";"1";"MEDERIC (AVENUE)";"48,8294450";"2,5723800"
"201900011447";"14";"9";"2019";"18:13";"1";"93";"93029";"2";"1";"1";"6";"HENRI BARBUSSE (AVE) N°2-124";"48,9180100";"2,4477800"
"201900011448";"14";"9";"2019";"18:09";"1";"93";"93013";"2";"3";"1";"3";"QUINET (RUE EDGAR)";"48,9345300";"2,4292200"
"201900011449";"13";"9";"2019";"18:15";"1";"93";"93047";"2";"1";"1";"2";"HARDY  (BOULEVARD)";"48,9066200";"2,5709100"
"201900011450";"14";"9";"2019";"21:30";"3";"93";"93057";"2";"1";"1";"3";"BRIAND (AV. ARISTIDE) 2 A 132";"48,9083000";"2,4977000"
"201900011451";"14";"9";"2019";"00:20";"5";"93";"93010";"2";"9";"1";"3";"GALLIENI (AV.) DE 1 A 109";"48,9067384";"2,4869120"
"201900011452";"14";"9";"2019";"18:40";"1";"93";"93005";"1";"1";"1";"6";"PARINOR";"48,9566400";"2,4765400"
"201900011453";"13";"9";"2019";"21:20";"5";"92";"92046";"2";"3";"1";"2";"Charles de gaulle";"48,8211900";"2,2970400"
"201900011454";"14";"9";"2019";"09:19";"1";"92";"92020";"2";"2";"1";"6";"ESTIENNE D'ORVES RUE D'";"48,7997100";"2,2859200"
"201900011455";"15";"9";"2019";"01:35";"3";"22";"22209";"1";"1";"9";"6";"la belle noé";"48,5677260";" -2,1274690"
"201900011456";"14";"9";"2019";"10:25";"1";"71";"71227";"1";"1";"1";"2";"Longve";"46,6860910";"3,9219070"
"201900011457";"14";"9";"2019";"17:52";"1";"33";"33138";"2";"3";"1";"3";"RD674 / RD674E4";"45,0446370";" -0,1217240"
"201900011458";"14";"9";"2019";"03:15";"3";"45";"45247";"1";"1";"1";"6";"D2060 - PK 33 + 400";"47,9882880";"2,6653360"
"201900011459";"14";"9";"2019";"23:15";"3";"49";"49092";"1";"1";"1";"1";"D149";"47,2423460";" -0,7659760"
"201900011460";"15";"9";"2019";"18:25";"1";"76";"76235";"2";"3";"7";"3";"72 rue des canadiens";"49,8971767";"1,2596041"
"201900011461";"15";"9";"2019";"03:45";"5";"31";"31273";"2";"1";"1";"6";"18 Route de Barranquet";"43,6933380";"1,5113990"
"201900011462";"15";"9";"2019";"09:10";"1";"83";"83073";"1";"1";"1";"2";"N/A";"43,4028025";"6,2819016"
"201900011463";"14";"9";"2019";"14:35";"1";"972";"97223";"1";"6";"1";"3";"RD 6 intersection lotissement carreau";"14,5561640";" -60,9451770"
"201900011464";"15";"9";"2019";"02:10";"3";"26";"26337";"1";"1";"1";"6";"AUTOROUTE A7 - PK 97 - sens NORD/SUD";"44,7034090";"4,7990220"
"201900011465";"13";"9";"2019";"07:35";"2";"67";"67236";"1";"1";"7";"4";"route départementale 31";"48,6941410";"7,5798130"
"201900011466";"15";"9";"2019";"09:25";"1";"6";"06130";"1";"1";"1";"3";"PK 27+200 Route Departementale 6085";"43,7150330";"6,8553260"
"201900011467";"14";"9";"2019";"23:00";"3";"51";"51492";"1";"1";"1";"1";"RD 440";"48,5631269";"3,7797701"
"201900011468";"14";"9";"2019";"02:45";"3";"56";"56075";"1";"1";"1";"7";"La Peignardais";"47,9524360";" -2,1051960"
"201900011469";"14";"9";"2019";"05:50";"3";"89";"89439";"1";"1";"1";"1";"Rn77";"47,9739700";"3,7307690"
"201900011470";"14";"9";"2019";"17:30";"1";"63";"63397";"1";"1";"1";"7";"CD 922 PK 5+500";"45,6022460";"2,6957980"
"201900011471";"14";"9";"2019";"14:00";"1";"61";"61508";"1";"1";"1";"6";"Route d'Orbec, D16";"48,9342490";"0,2120140"
"201900011472";"14";"9";"2019";"09:40";"1";"42";"42206";"1";"3";"1";"3";"La Cartala";"45,5333940";"4,3199120"
"201900011473";"13";"9";"2019";"12:10";"1";"47";"47004";"1";"1";"1";"7";"D251";"44,3144180";"0,3725060"
"201900011474";"14";"9";"2019";"20:30";"3";"39";"39478";"1";"1";"1";"2";"N/A";"46,3781290";"5,8103020"
"201900011475";"13";"9";"2019";"18:25";"2";"44";"44194";"2";"3";"7";"1";"1 RUE DE L'ORANGERIE 44880";"47,2614260";" -1,6818780"
"201900011476";"14";"9";"2019";"04:40";"3";"35";"35243";"1";"6";"1";"6";"ROND POINT RN 12 / RD 18";"48,3426510";" -1,2927210"
"201900011477";"15";"9";"2019";"17:00";"1";"38";"38523";"1";"3";"1";"2";"Route de Champ Moyet";"45,2098100";"5,3524400"
"201900011478";"15";"9";"2019";"05:50";"2";"38";"38093";"2";"1";"1";"6";"La Grande Charrière";"45,3165200";"5,2299600"
"201900011479";"15";"9";"2019";"16:15";"1";"38";"38431";"1";"9";"1";"3";"Route de Saint-Pancrasse";"45,2599460";"5,8455350"
"201900011480";"14";"9";"2019";"19:30";"1";"15";"15134";"2";"1";"1";"7";"D920";"44,7120290";"2,5020170"
"201900011481";"15";"9";"2019";"06:50";"2";"72";"72071";"2";"1";"1";"6";"123 route des fontaines";"47,6828320";"0,3995240"
"201900011482";"15";"9";"2019";"17:24";"1";"72";"72363";"1";"1";"1";"1";"le vichampe";"48,1172370";"0,5006730"
"201900011483";"15";"9";"2019";"10:00";"1";"5";"05148";"1";"1";"1";"7";"D14";"44,6507470";"6,0914620"
"201900011484";"15";"9";"2019";"06:15";"3";"64";"64313";"1";"1";"1";"7";"D508";"43,2653079";" -1,1117313"
"201900011485";"15";"9";"2019";"12:24";"1";"18";"18045";"1";"1";"1";"7";"RD34";"46,8712560";"2,6605010"
"201900011486";"15";"9";"2019";"06:30";"2";"36";"36150";"1";"1";"1";"6";"La Rauderie";"46,4405925";"1,4434898"
"201900011487";"15";"9";"2019";"09:10";"1";"16";"16086";"2";"2";"1";"3";"20 Route de Pressignac";"45,8505020";"0,7604840"
"201900011488";"14";"9";"2019";"19:30";"2";"16";"16220";"1";"2";"1";"3";"Ld Les Fougères";"45,7098060";" -0,1632290"
"201900011489";"15";"9";"2019";"14:40";"1";"16";"16028";"2";"1";"1";"6";"1 Boulevard Gambetta";"45,4709860";" -0,1531830"
"201900011490";"14";"9";"2019";"21:45";"5";"53";"53104";"2";"1";"1";"1";"63-65 rue de la Divison LECLERC";"47,8542770";" -0,6073770"
"201900011491";"15";"9";"2019";"18:15";"1";"27";"27417";"1";"2";"1";"1";"D316";"49,3665660";"1,5649980"
"201900011492";"15";"9";"2019";"15:27";"1";"30";"30133";"2";"1";"1";"6";"Quai Colbert";"43,5362710";"4,1354400"
"201900011493";"15";"9";"2019";"12:16";"1";"48";"48146";"1";"1";"1";"6";"RD986";"44,3664110";"3,4105260"
"201900011494";"15";"9";"2019";"07:00";"1";"988";"98805";"1";"1";"1";"5";"Route du barrage";" -22,1336600";"166,5132500"
"201900011495";"14";"9";"2019";"22:30";"3";"38";"38249";"1";"1";"1";"2";"A 41 Sud p 005.70";"45,2228270";"5,8217390"
"201900011496";"14";"9";"2019";"22:50";"3";"18";"18038";"1";"1";"1";"6";"A71 - PK 241.050";"46,7789910";"2,4086350"
"201900011497";"13";"9";"2019";"17:34";"1";"44";"44030";"2";"2";"1";"3";"rue des fossés blancs / rue de la lande ""mayun""";"47,4434360";" -2,2588020"
"201900011498";"15";"9";"2019";"07:45";"1";"988";"98802";"1";"1";"1";"6";"RT1";" -21,8880460";"166,0713350"
"201900011499";"15";"9";"2019";"11:20";"1";"973";"97304";"2";"9";"1";"2";"avenue de France";"5,1688040";" -52,6461550"
"201900011500";"14";"9";"2019";"13:45";"1";"971";"97128";"1";"1";"1";"5";"Chateaubrun";"16,2534200";" -61,3540170"
"201900011501";"14";"9";"2019";"14:30";"1";"2B";"2B314";"1";"1";"1";"6";"RD 81";"42,6566320";"9,2524430"
"201900011502";"14";"9";"2019";"17:40";"1";"2B";"2B350";"2";"3";"1";"3";"Lieu Dit Funtanone -RT 20-";"42,5108930";"9,3861300"
"201900011503";"15";"9";"2019";"13:45";"1";"34";"34102";"1";"1";"2";"1";"D 109";"43,8042080";"3,9242320"