"Num_Acc";"jour";"mois";"an";"hrmn";"lum";"dep";"com";"agg";"int";"atm";"col";"adr";"lat";"long"
"201900011504";"15";"9";"2019";"04:30";"5";"34";"34344";"1";"1";"1";"6";"Avenue du Grand Travers";"43,5583830";"4,0554080"
"201900011505";"15";"9";"2019";"20:35";"3";"84";"84063";"1";"1";"1";"3";"N86";"44,2605340";"4,6625280"
"201900011506";"14";"9";"2019";"14:15";"1";"83";"83107";"1";"1";"1";"3";"route nationale 7";"43,4450240";"6,6385910"
"201900011507";"15";"9";"2019";"13:15";"1";"83";"83081";"1";"1";"1";"1";"RD 37";"43,5878150";"6,7922500"
"201900011508";"15";"9";"2019";"15:20";"1";"5";"05063";"1";"1";"1";"7";"RD1091";"45,0375260";"6,2337160"
"201900011509";"14";"9";"2019";"12:00";"1";"5";"05126";"2";"1";"1";"1";"rue de l'église";"44,3939870";"5,4728140"
"201900011510";"13";"9";"2019";"19:00";"1";"13";"13076";"1";"4";"1";"3";"Intersection chemin du moulin du plan / D7N";"43,8007850";"5,0052930"
"201900011511";"10";"9";"2019";"08:20";"1";"67";"67551";"2";"3";"1";"1";"Route de Wasselonne";"48,5915160";"7,6719870"
"201900011512";"15";"9";"2019";"10:20";"1";"55";"55169";"2";"1";"1";"7";"30 Avenue Victor Hugo";"49,5273070";"5,4620860"
"201900011513";"15";"9";"2019";"05:28";"3";"42";"42285";"1";"1";"1";"7";"Les Baraillons";"45,5747290";"4,1475420"
"201900011514";"15";"9";"2019";"11:30";"1";"42";"42179";"2";"1";"1";"6";"Route du Château d'Eau";"45,6623970";"4,0259830"
"201900011515";"8";"8";"2019";"08:55";"1";"69";"69273";"2";"2";"1";"6";"Rue Jean Macé";"45,6593800";"4,9024000"
"201900011516";"14";"9";"2019";"05:00";"3";"86";"86274";"1";"1";"1";"6";"Route départementale 347";"47,0361640";"0,0440310"
"201900011517";"15";"9";"2019";"02:15";"5";"14";"14354";"2";"1";"1";"6";"Rue du Général Leclerc";"49,3257450";" -0,3726980"
"201900011518";"14";"9";"2019";"20:15";"5";"62";"62170";"2";"1";"1";"6";"Rue de Lucheux";"50,4252640";"2,6658110"
"201900011519";"14";"9";"2019";"20:30";"3";"59";"59584";"1";"1";"1";"6";"105 Route de Mons";"50,3337950";"3,8713110"
"201900011520";"15";"9";"2019";"00:30";"3";"59";"59357";"1";"3";"1";"6";"Rue de Bavay";"50,2959580";"3,8467700"
"201900011521";"13";"9";"2019";"23:24";"3";"69";"69290";"1";"1";"1";"2";"A46S   40.883 A 43.680";"45,6947100";"4,9697300"
"201900011522";"9";"9";"2019";"07:32";"2";"67";"67482";"1";"1";"1";"4";"Autoroute A.351";"48,5872900";"7,7130100"
"201900011523";"14";"9";"2019";"16:00";"1";"91";"91161";"1";"1";"1";"2";"AUTOROUTE A6";"48,6961600";"2,3169600"
"201900011524";"14";"9";"2019";"14:20";"1";"94";"94034";"1";"1";"1";"2";"AUTOROUTE A86";"48,7613000";"2,3156000"
"201900011525";"13";"9";"2019";"19:30";"1";"92";"92050";"1";"1";"1";"2";"A86";"48,9028245";"2,2048938"
"201900011526";"13";"9";"2019";"15:36";"1";"78";"78291";"1";"1";"1";"4";"A13";"48,9652780";"1,7561770"
"201900011527";"14";"9";"2019";"15:30";"1";"93";"93030";"1";"1";"1";"4";"AUTOROUTE A1";"48,9397577";"2,4194524"
"201900011528";"14";"9";"2019";"06:45";"5";"93";"93066";"1";"1";"1";"2";"AUTOROUTE A1";"48,9195700";"2,3574800"
"201900011529";"14";"9";"2019";"05:00";"5";"93";"93063";"1";"1";"1";"2";"AUTOROUTE A3";"48,8783700";"2,4464900"
"201900011530";"14";"9";"2019";"02:30";"3";"93";"93053";"1";"1";"1";"5";"AUTOROUTE A3";"48,8800600";"2,4503300"
"201900011531";"14";"9";"2019";"03:00";"3";"95";"95277";"1";"1";"1";"6";"AUTOROUTE A3";"48,9735744";"2,4859564"
"201900011532";"13";"9";"2019";"19:30";"1";"95";"95277";"1";"1";"1";"2";"AUTOROUTE A3";"48,9731700";"2,4864600"
"201900011533";"13";"9";"2019";"15:00";"1";"93";"93078";"1";"1";"1";"3";"AUTOROUTE A104";"48,9628400";"2,5488400"
"201900011534";"14";"9";"2019";"15:40";"1";"75";"75112";"1";"1";"1";"4";"A4";"48,8226755";"2,4628931"
"201900011535";"14";"9";"2019";"12:35";"1";"77";"77337";"1";"1";"1";"7";"BRET. N104 VERS A4 EST";"48,8298200";"2,6225800"
"201900011536";"13";"9";"2019";"19:40";"2";"94";"94018";"1";"1";"1";"7";"A4";"48,8195012";"2,4046529"
"201900011537";"12";"9";"2019";"18:30";"1";"77";"77169";"1";"1";"1";"2";"RN104";"48,8129400";"2,6284000"
"201900011538";"12";"9";"2019";"17:28";"1";"82";"82121";"2";"1";"1";"6";"MOULIN (avenue jean )";"44,0313700";"1,3706800"
"201900011539";"19";"6";"2019";"09:40";"1";"77";"77215";"2";"1";"1";"6";"FONTAINE (RUE DE LA)";"48,7395570";"2,7402980"
"201900011540";"19";"7";"2019";"19:37";"1";"73";"73008";"2";"4";"1";"2";"PORT AUX FILLES BOULEVARD DU";"45,6962745";"5,8909159"
"201900011541";"26";"3";"2019";"06:00";"1";"988";"98817";"2";"3";"1";"1";"RP1/RUE DE L'AMBROUA";" -22,2645100";"166,6175140"
"201900011542";"22";"3";"2019";"07:35";"1";"974";"97424";"2";"1";"1";"1";"27 Chemin Terre Fine";" -21,1558230";"55,4359180"
"201900011543";"26";"3";"2019";"15:00";"1";"974";"97418";"1";"1";"1";"2";"RN2";" -20,9030680";"55,5423040"
"201900011544";"24";"3";"2019";"00:15";"3";"971";"97112";"1";"1";"1";"6";"section murat";"15,8752570";" -61,3030690"
"201900011545";"21";"3";"2019";"11:45";"1";"971";"97131";"2";"1";"1";"7";"Pain de Sucre";"15,8624410";" -61,5915700"
"201900011546";"25";"3";"2019";"10:30";"1";"971";"97106";"1";"1";"1";"7";"Route de la Traversée";"16,1387490";" -61,7493170"
"201900011547";"25";"3";"2019";"19:30";"5";"37";"37003";"1";"6";"1";"7";"Boulevard Saint-Denis Hors";"47,3934600";"1,0027770"
"201900011548";"24";"3";"2019";"22:00";"5";"77";"77231";"2";"1";"1";"1";"D17 -3 Cour des Tilleuls";"48,9998200";"3,0067100"
"201900011549";"22";"2";"2019";"05:30";"3";"77";"77343";"1";"1";"5";"6";"RD 3";"49,0180100";"3,0443900"
"201900011550";"8";"2";"2019";"22:34";"3";"77";"77050";"2";"1";"3";"6";"D43 - rue César";"48,1523730";"2,8315220"
"201900011551";"20";"3";"2019";"17:50";"1";"77";"77451";"1";"2";"1";"3";"D21";"48,9274800";"3,0735430"
"201900011552";"21";"3";"2019";"14:59";"1";"77";"77217";"1";"3";"1";"3";"D471 X VC7 CH. DES BOIS";"48,6940100";"2,6942500"
"201900011553";"24";"3";"2019";"23:00";"5";"91";"91376";"1";"6";"1";"7";"route Départementale 19";"48,5782840";"2,2983370"
"201900011554";"26";"3";"2019";"07:50";"1";"78";"78089";"2";"1";"1";"6";"Chemin de la Forêt";"49,0320570";"1,5770520"
"201900011555";"22";"3";"2019";"18:30";"2";"2B";"2B057";"1";"1";"1";"6";"Piedocello";"42,2584930";"9,5248170"
"201900011556";"25";"3";"2019";"14:45";"1";"2B";"2B169";"2";"6";"1";"6";"Ponte Leccia";"42,4620690";"9,2061800"
"201900011557";"25";"3";"2019";"18:15";"1";"2A";"2A247";"1";"1";"1";"1";"Route de Muratello";"41,5945010";"9,2549530"
"201900011558";"24";"3";"2019";"20:00";"3";"66";"66182";"1";"1";"1";"7";"D11";"42,7204500";"3,0160200"
"201900011559";"24";"3";"2019";"13:40";"1";"66";"66037";"1";"1";"7";"6";"Route de Saint-Cyprien";"42,6712430";"3,0332000"
"201900011560";"24";"3";"2019";"18:45";"2";"34";"34157";"1";"1";"1";"6";"CD 5";"43,4585090";"3,5938630"
"201900011561";"24";"3";"2019";"03:00";"3";"34";"34052";"1";"1";"1";"6";"d16";"43,3427350";"3,0394780"
"201900011562";"23";"3";"2019";"17:15";"1";"84";"84150";"2";"1";"1";"7";"Route de Richerenches";"44,3406980";"4,9234110"
"201900011563";"25";"3";"2019";"15:30";"1";"84";"84054";"1";"1";"1";"4";"Route de Cavaillon";"43,8762060";"5,0392400"
"201900011564";"24";"3";"2019";"13:30";"1";"5";"05178";"1";"1";"1";"7";"Jousserand";"44,3770270";"5,8849740"
"201900011565";"22";"3";"2019";"18:15";"1";"4";"04152";"2";"1";"1";"7";"Route de la Bastide";"43,8215960";"5,7520220"
"201900011566";"23";"2";"2019";"18:20";"1";"13";"13081";"1";"1";"1";"2";"Route Départementale 21";"43,4934310";"5,2122760"
"201900011567";"23";"3";"2019";"11:00";"1";"13";"13007";"1";"1";"1";"5";"Départementale 560";"43,3730720";"5,6691110"
"201900011568";"23";"3";"2019";"20:00";"3";"13";"13097";"1";"9";"1";"3";"RN 568";"43,5945600";"4,7611260"
"201900011569";"20";"3";"2019";"20:40";"3";"13";"13066";"1";"1";"1";"6";"Route de Cabannes Cd 24";"43,8806020";"4,9262770"
"201900011570";"26";"3";"2019";"16:00";"1";"70";"70279";"2";"1";"1";"6";"avenue jean jaures";"47,4370690";"5,5971620"
"201900011571";"26";"3";"2019";"03:50";"3";"89";"89341";"1";"1";"1";"7";"A6 - PK 177.000";"47,7283253";"3,7467609"
"201900011572";"26";"3";"2019";"04:15";"3";"89";"89341";"1";"1";"1";"4";"autoroute A6";"47,7190562";"3,7602277"
"201900011573";"25";"3";"2019";"09:25";"1";"21";"21261";"1";"1";"1";"5";"RD905";"47,2615860";"5,1387390"
"201900011574";"24";"3";"2019";"19:11";"4";"21";"21535";"1";"3";"1";"3";"CD104";"47,3645960";"5,0765500"
"201900011575";"24";"3";"2019";"16:10";"1";"8";"08237";"1";"1";"1";"6";"ROUTE DEPARTMENTAL 13";"49,8274250";"4,7742050"
"201900011576";"23";"3";"2019";"12:10";"1";"68";"68063";"2";"2";"1";"3";"10 rue de la ferme";"47,7933580";"7,1733490"
"201900011577";"15";"3";"2019";"07:40";"1";"68";"68174";"2";"2";"1";"3";"rue Acklin";"47,6832870";"7,3878280"
"201900011578";"24";"3";"2019";"20:20";"3";"68";"68298";"1";"1";"1";"6";"RD 459";"48,2491920";"7,1597410"
"201900011579";"24";"3";"2019";"05:30";"2";"67";"67118";"2";"3";"1";"3";"rue de wolfisheim";"48,5845350";"7,6781970"
"201900011580";"12";"3";"2019";"15:00";"1";"67";"67336";"1";"1";"1";"1";"D788";"48,4479400";"7,6748800"
"201900011581";"23";"3";"2019";"04:20";"3";"88";"88483";"1";"1";"1";"1";"Route Départementale 166";"48,1948360";"6,3992950"
"201900011582";"22";"3";"2019";"23:15";"3";"74";"74003";"1";"1";"1";"7";"Route du Col de Bluffy";"45,8876925";"6,2256914"
"201900011583";"16";"3";"2019";"10:45";"1";"38";"38507";"1";"1";"1";"4";"Route de Crémieu";"45,7507660";"5,1934010"
"201900011584";"21";"3";"2019";"18:00";"1";"38";"38474";"2";"1";"1";"4";"Avenue de Romans";"45,2008100";"5,6686000"
"201900011585";"25";"3";"2019";"20:20";"2";"26";"26071";"1";"1";"1";"7";"D532";"45,0514690";"4,9393730"
"201900011586";"26";"3";"2019";"16:45";"1";"69";"69009";"1";"3";"1";"3";"route de lachassagne";"45,9284500";"4,7042200"
"201900011587";"24";"3";"2019";"18:30";"2";"69";"69067";"1";"1";"1";"6";"Départementale 50";"45,7454710";"4,6061580"
"201900011588";"24";"3";"2019";"17:10";"1";"69";"69030";"1";"1";"1";"6";"LIEU DIT LE PITAVAL";"45,7622240";"4,4812450"
"201900011589";"21";"3";"2019";"16:00";"1";"69";"69068";"2";"1";"1";"2";"Rue Gabriel Péri";"45,8504000";"4,8328590"
"201900011590";"20";"3";"2019";"07:50";"1";"69";"69072";"2";"1";"1";"3";"Route de Limonest";"45,8238100";"4,7555200"
"201900011591";"21";"3";"2019";"15:00";"1";"69";"69089";"2";"1";"1";"3";"22 B Avenue de la Table de Pierre";"45,7474260";"4,7566780"
"201900011592";"26";"3";"2019";"09:50";"1";"81";"81140";"1";"1";"1";"6";"L'Aride";"43,6731170";"1,7336620"
"201900011593";"22";"2";"2019";"12:00";"1";"65";"65198";"1";"1";"1";"3";"Route des Palomières";"43,0582360";"0,1851590"
"201900011594";"24";"3";"2019";"00:00";"3";"31";"31395";"1";"1";"1";"3";"Route de Rieumes";"43,4656100";"1,2757130"
"201900011595";"15";"3";"2019";"07:15";"2";"17";"17354";"1";"2";"2";"3";"RD 137";"45,6101530";" -0,5611100"
"201900011596";"21";"3";"2019";"16:00";"1";"17";"17036";"1";"2";"1";"2";"INTERSECTION RD 125 / RD 238";"45,8820030";" -0,9911750"
"201900011597";"23";"3";"2019";"14:45";"1";"16";"16355";"2";"2";"1";"3";"Rue de Vaujompe";"45,7572374";" -0,3827938"
"201900011598";"3";"3";"2019";"21:55";"5";"33";"33444";"2";"2";"1";"3";"RD1113/VC route de St André";"44,5755800";" -0,1615300"
"201900011599";"21";"3";"2019";"10:31";"1";"33";"33143";"1";"2";"1";"3";"avenue de Paris";"44,9670940";" -0,4549500"
"201900011600";"23";"3";"2019";"19:00";"2";"33";"33422";"1";"6";"1";"6";"RD 106 - rnd point dex clochettes";"44,7929500";" -0,8758720"
"201900011601";"23";"3";"2019";"19:20";"2";"22";"22081";"2";"3";"1";"1";"Rue de Bel Orient";"48,5128111";" -2,6682626"
"201900011602";"25";"3";"2019";"17:15";"1";"35";"35241";"1";"6";"1";"3";"D266";"48,6136970";" -2,0574100"
"201900011603";"26";"3";"2019";"13:45";"1";"35";"35236";"2";"1";"1";"6";"Boulevard Bonne Nouvelle";"47,6507060";" -2,0799920"
"201900011604";"18";"3";"2019";"10:48";"1";"76";"76057";"2";"9";"7";"6";"Rue Saint-Hélier";"49,5449670";"0,9572390"
"201900011605";"24";"3";"2019";"11:20";"1";"76";"76283";"1";"3";"1";"2";"Route de pommereval - RD 915";"49,7331160";"1,3267310"
"201900011606";"22";"3";"2019";"20:30";"5";"76";"76647";"2";"2";"5";"1";"Avenue Maréchal de Lattre de Tassigny";"49,5327110";"0,3543100"
"201900011607";"23";"3";"2019";"17:50";"1";"59";"59604";"2";"1";"1";"3";"35 Rue de la Sotière";"50,1086980";"3,4711850"
"201900011608";"20";"3";"2019";"13:00";"1";"13";"13085";"1";"1";"1";"6";"A50-Sens Toulon vers Aubagne";"43,2485490";"5,5964420"
"201900011609";"24";"3";"2019";"19:02";"5";"13";"13211";"1";"1";"1";"4";"A50-Sens Marseille vers Aubagne";"43,2850000";"5,4244000"
"201900011610";"23";"3";"2019";"22:40";"3";"13";"13005";"1";"1";"1";"7";"A52-Sens Toulon vers Pont de l'Etoile";"43,2831500";"5,5848300"
"201900011611";"23";"3";"2019";"19:30";"3";"13";"13071";"1";"1";"1";"5";"A7-Sens Marseille vers Lyon";"43,4034870";"5,3093940"
"201900011612";"23";"3";"2019";"15:20";"1";"13";"13211";"1";"1";"1";"2";"A50-Sens Marseille vers Aubagne";"43,2919870";"5,4806130"
"201900011613";"22";"3";"2019";"18:00";"1";"13";"13071";"1";"1";"1";"4";"A7-Sens Marseille vers Lyon";"43,4034790";"5,3091590"
"201900011614";"21";"3";"2019";"19:30";"5";"13";"13210";"2";"1";"1";"4";"A50-Sens Marseille vers Aubagne";"43,2834500";"5,3983600"
"201900011615";"21";"3";"2019";"17:00";"1";"13";"13001";"1";"1";"1";"7";"A51-Sens Aix en Provence vers Marseille";"43,5112500";"5,4194500"
"201900011616";"20";"3";"2019";"17:50";"1";"13";"13019";"1";"1";"1";"5";"A51-Sens Marseille vers Aix en Provence";"43,4421100";"5,3962930"
"201900011617";"20";"3";"2019";"17:50";"1";"13";"13019";"2";"1";"1";"6";"A51-Sens Marseille vers Aix en Provence";"43,4230560";"5,3732220"
"201900011618";"20";"3";"2019";"18:15";"1";"13";"13028";"1";"1";"1";"3";"A50-Sens Toulon vers Aubagne";"43,2087900";"5,5878200"
"201900011619";"20";"3";"2019";"16:01";"5";"13";"13210";"1";"1";"1";"2";"Tunnel Prado Carénage";"43,2844800";"5,3773700"
"201900011620";"17";"3";"2019";"15:05";"1";"83";"83090";"1";"1";"1";"2";"N/A";"43,1265500";"5,8913100"
"201900011621";"24";"3";"2019";"03:25";"5";"69";"69199";"1";"1";"1";"2";"RD383   14.250 A 18.000";"45,7002100";"4,8456400"
"201900011622";"23";"3";"2019";"05:25";"3";"69";"69297";"1";"1";"1";"2";"A7   15.770 A 20.110";"45,6022200";"4,7969000"
"201900011623";"22";"3";"2019";"04:55";"4";"69";"69297";"1";"1";"1";"2";"A7   15.770 A 20.110";"45,6227700";"4,8141600"
"201900011624";"22";"3";"2019";"20:30";"3";"69";"69275";"1";"1";"1";"2";"RN346   29.300 A 34.350";"45,7656900";"4,9851100"
"201900011625";"20";"3";"2019";"12:30";"1";"69";"69277";"1";"1";"1";"2";"RN346   36.215 A 38.000";"45,7361100";"4,9822300"
"201900011626";"23";"3";"2019";"21:07";"5";"33";"33096";"1";"9";"1";"2";"AUTOROUTE A10";"44,8921800";" -0,5009400"
"201900011627";"22";"3";"2019";"17:05";"1";"33";"33397";"1";"1";"1";"2";"AUTOROUTE A10";"44,8942000";" -0,4984400"
"201900011628";"20";"3";"2019";"18:15";"1";"33";"33397";"1";"1";"1";"6";"AUTOROUTE A 10";"44,9175200";" -0,4770200"
"201900011629";"24";"3";"2019";"18:30";"1";"94";"94034";"1";"1";"1";"4";"AUTOROUTE A86";"48,7588200";"2,3248800"
"201900011630";"23";"3";"2019";"10:45";"1";"91";"91216";"1";"1";"1";"5";"AUTOROUTE A6";"48,6862100";"2,3266100"
"201900011631";"22";"3";"2019";"17:40";"1";"94";"94037";"1";"1";"1";"5";"AUTOROUTE A6B";"48,8082000";"2,3476300"
"201900011632";"22";"3";"2019";"07:45";"1";"77";"77251";"1";"1";"1";"2";"RN 104";"48,6323000";"2,5300000"
"201900011633";"21";"3";"2019";"17:30";"1";"94";"94034";"1";"1";"1";"2";"AUTOROUTE A86";"48,7592300";"2,3231700"
"201900011634";"21";"3";"2019";"14:40";"1";"94";"94034";"1";"1";"1";"2";"AUTOROUTE A86";"48,7619130";"2,3148537"
"201900011635";"21";"3";"2019";"09:00";"1";"91";"91340";"1";"1";"1";"3";"AUTOROUTE A6";"48,6019760";"2,4384100"
"201900011636";"21";"3";"2019";"08:50";"1";"91";"91064";"1";"9";"1";"3";"RD 444";"48,7468000";"2,2192000"
"201900011637";"20";"3";"2019";"20:30";"3";"91";"91179";"1";"1";"1";"2";"AUTOROUTE A6";"48,5546000";"2,4928000"
"201900011638";"20";"3";"2019";"00:50";"5";"94";"94076";"1";"1";"1";"2";"AUTOROUTE A6B";"48,7900000";"2,3400000"
"201900011639";"24";"3";"2019";"05:30";"5";"78";"78140";"1";"1";"1";"6";"A13";"48,9642360";"1,9257860"
"201900011640";"24";"3";"2019";"03:47";"5";"92";"92050";"1";"1";"1";"6";"A14";"48,8974198";"2,2203856"
"201900011641";"23";"3";"2019";"22:45";"3";"78";"78043";"1";"1";"1";"2";"A12 W";"48,8254500";"2,0752630"
"201900011642";"22";"3";"2019";"09:15";"1";"78";"78490";"1";"1";"8";"3";"RN12 EXT";"48,8010750";"1,9415300"
"201900011643";"22";"3";"2019";"08:00";"1";"78";"78466";"1";"1";"5";"4";"A13";"48,9282070";"1,9902880"
"201900011644";"22";"3";"2019";"07:55";"5";"92";"92050";"1";"1";"1";"3";"A14";"48,8995676";"2,2119671"
"201900011645";"20";"3";"2019";"19:10";"2";"78";"78640";"1";"1";"1";"2";"N118";"48,7813470";"2,2227930"
"201900011646";"20";"3";"2019";"17:40";"1";"75";"75116";"1";"1";"1";"5";"A13Y";"48,8484100";"2,2469320"
"201900011647";"24";"3";"2019";"17:15";"3";"93";"93064";"2";"1";"1";"6";"AUTOROUTE A3";"48,8674400";"2,4818600"
"201900011648";"24";"3";"2019";"05:35";"3";"93";"93006";"2";"1";"1";"6";"AUTOROUTE A3";"48,8654400";"2,4202700"
"201900011649";"22";"3";"2019";"22:30";"3";"95";"95582";"1";"1";"1";"3";"AUTOROUTE A15";"48,9630600";"2,2657800"
"201900011650";"22";"3";"2019";"19:20";"2";"95";"95500";"1";"1";"1";"2";"AUTOROUTE A15";"49,0369000";"2,0927600"
"201900011651";"22";"3";"2019";"18:00";"1";"93";"93006";"1";"1";"1";"5";"AUTOROUTE A3";"48,8655900";"2,4190000"
"201900011652";"21";"3";"2019";"20:15";"3";"95";"95042";"1";"1";"1";"6";"RN 104";"49,0567200";"2,2881400"
"201900011653";"21";"3";"2019";"16:30";"1";"95";"95212";"1";"1";"1";"2";"AUTOROUTE A1";"49,0276000";"2,5376000"
"201900011654";"21";"3";"2019";"17:50";"1";"93";"93001";"1";"1";"7";"4";"AUTOROUTE A86";"48,9215900";"2,3680600"
"201900011655";"21";"3";"2019";"15:15";"1";"93";"93048";"1";"1";"1";"5";"AUTOROUTE A86";"48,8658100";"2,4817000"
"201900011656";"21";"3";"2019";"10:45";"1";"93";"93013";"1";"1";"1";"2";"AUTOROUTE A1";"48,9402700";"2,4227300"
"201900011657";"21";"3";"2019";"09:45";"1";"93";"93005";"1";"1";"1";"5";"AUTOROUTE A1";"48,9643700";"2,4738100"
"201900011658";"19";"3";"2019";"18:35";"1";"93";"93066";"1";"1";"1";"5";"AUTOROUTE A86";"48,9227900";"2,3464000"
"201900011659";"19";"3";"2019";"13:45";"1";"93";"93066";"1";"1";"1";"4";"AUTOROUTE A1";"48,9193600";"2,3575400"
"201900011660";"19";"3";"2019";"12:25";"1";"60";"60631";"1";"1";"1";"4";"AUTOROUTE A1";"49,1559800";"2,5905900"
"201900011661";"19";"3";"2019";"10:45";"1";"93";"93066";"1";"1";"1";"4";"AUTOROUTE A86";"48,9229300";"2,3450500"
"201900011662";"18";"3";"2019";"17:00";"1";"95";"95241";"1";"1";"2";"3";"RN 104";"49,0456000";"2,4466000"
"201900011663";"25";"3";"2019";"10:00";"1";"94";"94018";"1";"1";"1";"2";"A4";"48,8242800";"2,3943300"
"201900011664";"25";"3";"2019";"08:30";"1";"94";"94028";"1";"1";"1";"3";"RN406.Y";"48,7779600";"2,4423500"
"201900011665";"25";"3";"2019";"05:00";"5";"94";"94017";"1";"1";"1";"7";"A4";"48,8281700";"2,5071900"
"201900011666";"24";"3";"2019";"17:25";"1";"94";"94018";"1";"1";"1";"2";"A4";"48,8243300";"2,3941600"
"201900011667";"23";"3";"2019";"23:45";"3";"77";"77055";"1";"1";"1";"2";"A104.INT";"48,9021794";"2,6496945"
"201900011668";"23";"3";"2019";"22:30";"3";"77";"77438";"1";"1";"1";"5";"A104";"48,8700400";"2,6707400"
"201900011669";"23";"3";"2019";"12:00";"1";"94";"94017";"1";"1";"1";"2";"A4";"48,8266000";"2,5167000"
"201900011670";"23";"3";"2019";"09:50";"1";"94";"94065";"1";"1";"1";"2";"A86 INT";"48,7540800";"2,3508000"
"201900011671";"23";"3";"2019";"03:00";"5";"94";"94079";"1";"9";"1";"2";"A4";"48,8304389";"2,5296045"
"201900011672";"22";"3";"2019";"23:55";"3";"77";"77372";"1";"1";"1";"6";"A104";"48,8755370";"2,6690230"
"201900011673";"22";"3";"2019";"22:00";"3";"77";"77450";"1";"1";"1";"3";"RN104";"48,7071200";"2,5986200"
"201900011674";"22";"3";"2019";"20:30";"5";"94";"94069";"1";"1";"1";"7";"A4";"48,8174000";"2,4374000"
"201900011675";"21";"3";"2019";"17:50";"1";"77";"77517";"1";"1";"1";"4";"A104.INT";"48,9041284";"2,6447990"
"201900011676";"21";"3";"2019";"17:45";"1";"77";"77083";"1";"1";"1";"3";"A4.W";"48,8336500";"2,5923000"
"201900011677";"20";"3";"2019";"03:00";"5";"94";"94018";"1";"1";"1";"6";"A4";"48,8182040";"2,4109760"
"201900011678";"19";"3";"2019";"12:20";"1";"77";"77468";"1";"1";"1";"3";"A104";"48,8468100";"2,6622700"
"201900011679";"19";"3";"2019";"10:30";"1";"94";"94018";"1";"1";"1";"5";"A4";"48,8204000";"2,4021800"
"201900011680";"18";"3";"2019";"19:54";"3";"77";"77169";"1";"1";"1";"4";"A4.Y";"48,8320136";"2,5998243"
"201900011681";"12";"3";"2019";"20:25";"5";"76";"76457";"2";"1";"1";"3";"DEPARTEMENTALE 3";"49,3418200";"0,9667700"
"201900011682";"12";"3";"2019";"09:13";"1";"54";"54526";"2";"1";"1";"6";"POTIER (RUE EUGENE)";"48,6855480";"6,2189780"
"201900011683";"19";"3";"2019";"07:50";"1";"11";"11069";"1";"3";"2";"5";"ROCADE SUD RD 6161";"43,1931800";"2,3360500"
"201900011684";"9";"1";"2019";"17:30";"1";"94";"94054";"2";"1";"2";"3";"CHARLES TILLON (route)";"48,7419000";"2,3863500"
"201900011685";"4";"1";"2019";"19:50";"5";"94";"94065";"2";"1";"1";"3";"FONTAINEBLEAU (AV DE)";"48,7462653";"2,3666096"
"201900011686";"10";"2";"2019";"21:25";"5";"93";"93066";"2";"1";"2";"6";"WILSON (AVENUE DU PRESIDENT)";"48,9084000";"2,3579000"
"201900011687";"5";"2";"2019";"11:00";"1";"93";"93066";"2";"1";"1";"3";"PLEYEL";"48,9186900";"2,3453100"
"201900011688";"7";"2";"2019";"13:50";"1";"92";"92050";"2";"2";"1";"3";"FONTENELLES RUE DES";"48,8866700";"2,2206100"
"201900011689";"19";"3";"2019";"19:30";"5";"976";"97611";"2";"1";"1";"7";"cavani-Cavani (route de)";" -12,7803200";"45,2242100"
"201900011690";"18";"3";"2019";"17:20";"1";"974";"97416";"1";"1";"2";"4";"Route Nationale 3";" -21,3309000";"55,4674000"
"201900011691";"19";"3";"2019";"23:35";"5";"974";"97407";"2";"1";"1";"6";"VERDUN(BOULEVARD)";" -20,9393000";"55,2958300"
"201900011692";"19";"3";"2019";"16:30";"1";"69";"69387";"2";"2";"1";"1";"BERTHELOT                           (AV)";"45,7482100";"4,8436700"
"201900011693";"19";"3";"2019";"15:30";"1";"69";"69259";"2";"1";"1";"3";"CLOS VERGER (DU)                    (R )";"45,7181900";"4,8921500"
"201900011694";"17";"3";"2019";"20:35";"5";"972";"97213";"1";"1";"1";"4";"AUTOROUTE A1";"14,6154650";" -61,0139200"
"201900011695";"19";"3";"2019";"08:00";"1";"972";"97209";"2";"9";"1";"3";"CHATEAUBOEUF (ROUTE DE)";"14,6164400";" -61,0494900"
"201900011696";"18";"3";"2019";"22:00";"4";"972";"97209";"2";"1";"1";"2";"RD 41 (ROCADE)";"14,6123300";" -61,0768900"
"201900011697";"18";"3";"2019";"19:25";"5";"69";"69034";"2";"1";"1";"3";"STRASBOURG (DE)                     (RO)";"45,7920900";"4,8675000"
"201900011698";"18";"3";"2019";"11:05";"1";"69";"69385";"2";"3";"1";"5";"GEORGES MARTIN WITKOWSKI            (R )";"45,7465100";"4,7883100"
"201900011699";"18";"3";"2019";"19:15";"5";"69";"69385";"2";"1";"1";"5";"CHEMIN NEUF (DU)                    (MO)";"45,7619200";"4,8257500"
"201900011700";"18";"3";"2019";"09:27";"1";"2B";"2B037";"1";"1";"1";"2";"TOUTES RUES";"42,6280550";"9,4374740"