"Num_Acc";"jour";"mois";"an";"hrmn";"lum";"dep";"com";"agg";"int";"atm";"col";"adr";"lat";"long"
"201900011701";"19";"3";"2019";"14:30";"1";"91";"91432";"2";"1";"1";"2";"MEUNIERS (ALLEE DES)";"48,7036860";"2,3518730"
"201900011702";"18";"3";"2019";"08:20";"1";"91";"91432";"2";"2";"7";"3";"COUR DE FRANCE (AVENUE DE LA)";"48,6961020";"2,3302610"
"201900011703";"18";"3";"2019";"18:40";"2";"91";"91645";"2";"1";"2";"6";"MARIUS HUE (RUE)";"48,7461900";"2,2840600"
"201900011704";"19";"3";"2019";"07:35";"1";"91";"91174";"2";"1";"1";"2";"08 MAI 1945 (AVENUE)";"48,6108700";"2,4577600"
"201900011705";"18";"3";"2019";"16:09";"1";"91";"91425";"2";"1";"1";"6";"MARCHE (PLACE DU)";"48,6390000";"2,2710000"
"201900011706";"18";"3";"2019";"21:30";"5";"87";"87085";"2";"6";"2";"6";"VALOINE (BOULEVARD DE LA)";"45,8038800";"1,2916300"
"201900011707";"15";"3";"2019";"17:44";"1";"87";"87065";"1";"1";"2";"4";"PLAISANCE (RUE DE)";"45,7915900";"1,2928200"
"201900011708";"18";"3";"2019";"16:50";"1";"86";"86041";"2";"1";"1";"3";"SAINTE CROIX (RUE)";"46,6000539";"0,3520533"
"201900011709";"18";"3";"2019";"14:51";"1";"83";"83126";"1";"1";"1";"6";"LISBONNE (RUE DE)";"43,1074000";"5,8536500"
"201900011710";"18";"3";"2019";"08:00";"1";"80";"80021";"2";"1";"1";"6";"178, BD DE BAPAUME";"49,8808780";"2,3130280"
"201900011711";"18";"3";"2019";"16:25";"1";"76";"76540";"2";"1";"1";"2";"BRIAND. AVENUE ARISTIDE";"49,4361400";"1,1013200"
"201900011712";"18";"3";"2019";"09:00";"1";"76";"76481";"1";"1";"1";"6";"GOLF (CHEMIN DU)";"49,5664000";"0,1372000"
"201900011713";"18";"3";"2019";"08:42";"1";"76";"76351";"2";"2";"1";"5";"CAVEE VERTE (RUE DE LA)";"49,5054700";"0,1147400"
"201900011714";"16";"3";"2019";"16:00";"1";"76";"76447";"2";"1";"1";"6";"PIERRE MENDES FRANCE";"49,5278900";"0,1837700"
"201900011715";"19";"3";"2019";"23:00";"5";"74";"74012";"2";"1";"1";"7";"ETREMBIERES (ROUTE D')";"46,1855500";"6,2305800"
"201900011716";"19";"3";"2019";"06:21";"2";"74";"74133";"2";"1";"1";"6";"GENEVE (RUE DE)";"46,1921200";"6,2078000"
"201900011717";"12";"3";"2019";"14:55";"1";"74";"74010";"2";"1";"1";"5";"BROGNY (AVENUE DE) (SECTEUR 410)";"45,9328400";"6,1279400"
"201900011718";"19";"3";"2019";"18:11";"1";"72";"72181";"2";"1";"1";"2";"LAIGNE RUE DE N° PAIRS 206 A 258";"47,9708100";"0,2108300"
"201900011719";"18";"3";"2019";"09:20";"1";"72";"72181";"2";"1";"1";"1";"WILBUR WRIGHT (RUE)";"48,0081700";"0,1978900"
"201900011720";"19";"3";"2019";"10:15";"1";"68";"68224";"2";"1";"1";"6";"FRANKLIN (RUE)";"47,7606600";"7,3326100"
"201900011721";"18";"3";"2019";"21:45";"5";"67";"67482";"2";"1";"1";"6";"FORET NOIRE (AVENUE DE LA)";"48,5844050";"7,7697170"
"201900011722";"17";"3";"2019";"23:25";"5";"67";"67482";"2";"3";"1";"3";"CLEMENCEAU (BOULEVARD)";"48,5905460";"7,7446480"
"201900011723";"16";"3";"2019";"14:50";"1";"67";"67482";"2";"1";"1";"6";"FRANÇOIS MITTERRAND (AVENUE)";"48,5876500";"7,6978300"
"201900011724";"15";"3";"2019";"08:30";"1";"67";"67482";"2";"1";"3";"3";"ALFRED KASTLER (RUE)";"48,5734600";"7,7709600"
"201900011725";"19";"3";"2019";"08:50";"1";"64";"64445";"2";"4";"2";"3";"BUROS DE";"43,3272600";" -0,3409400"
"201900011726";"18";"3";"2019";"07:55";"1";"64";"64445";"2";"2";"1";"3";"PAIX";"43,3123310";" -0,3267575"
"201900011727";"16";"3";"2019";"12:15";"1";"57";"57672";"2";"1";"1";"2";"BEL AIR (ALLEE) - PAIR";"49,3654800";"6,1516300"
"201900011728";"7";"2";"2019";"17:35";"3";"77";"77146";"1";"1";"1";"4";"A4.Y";"48,8320619";"2,6522927"
"201900011729";"7";"2";"2019";"09:50";"1";"94";"94022";"1";"1";"1";"4";"A86 INT";"48,7767742";"2,4188671"
"201900011730";"7";"2";"2019";"08:40";"1";"94";"94033";"1";"1";"1";"3";"A86.EXT";"48,8503112";"2,4908354"
"201900011731";"7";"2";"2019";"06:30";"3";"94";"94028";"1";"1";"2";"6";"RN406.W";"48,7755494";"2,4437552"
"201900011732";"6";"2";"2019";"20:00";"5";"94";"94052";"1";"1";"2";"4";"A86 INT";"48,8465000";"2,4916000"
"201900011733";"5";"2";"2019";"10:20";"1";"49";"49007";"1";"1";"2";"6";"auriol";"47,4984600";" -0,5654500"
"201900011734";"16";"1";"2019";"14:00";"1";"45";"45208";"2";"1";"1";"2";"RUE DE CROWBOROUGH";"47,9967130";"2,7427420"
"201900011735";"8";"1";"2019";"07:55";"2";"45";"45338";"1";"1";"2";"7";"RUE DE LA MANCHE";"47,9960320";"2,6827670"
"201900011736";"6";"2";"2019";"08:30";"1";"21";"21231";"2";"1";"1";"2";"CARNOT (BOULEVARD)";"47,3181800";"5,0465900"
"201900011737";"2";"2";"2019";"19:00";"5";"6";"06027";"2";"2";"2";"6";"BIR HAKEIM RUE";"43,6576270";"7,1510010"
"201900011738";"6";"2";"2019";"13:07";"1";"94";"94004";"2";"1";"8";"2";"GENERAL LECLERC (AV)";"48,7457200";"2,5110800"
"201900011739";"7";"2";"2019";"11:30";"1";"988";"98818";"2";"1";"1";"6";"AVENUE JAMES COOK";" -22,2684100";"166,4257600"
"201900011740";"6";"2";"2019";"14:50";"1";"988";"98818";"2";"3";"1";"3";"IMPASSE BALARD/BAIE DES DAMES";" -22,2456200";"166,4477200"
"201900011741";"6";"2";"2019";"12:10";"1";"988";"98818";"2";"2";"1";"3";"H.SCHMIDT/CHARLEROI";" -22,2757600";"166,4595900"
"201900011742";"6";"2";"2019";"06:40";"1";"976";"97611";"2";"9";"1";"3";"m'tsapere-Nationale 2 (route)";" -12,7912600";"45,2221700"
"201900011743";"6";"2";"2019";"16:10";"1";"974";"97416";"2";"1";"1";"6";"HUBERT DE LISLE(BOULEVARD)<";" -21,3432333";"55,4672563"
"201900011744";"6";"2";"2019";"17:35";"2";"69";"69199";"2";"2";"1";"3";"YVES FARGE                          (BD)";"45,6886400";"4,8617100"
"201900011745";"6";"2";"2019";"16:00";"1";"69";"69383";"2";"1";"1";"3";"LACASSAGNE                          (AV)";"45,7488400";"4,8780300"
"201900011746";"6";"2";"2019";"05:40";"3";"972";"97213";"2";"1";"1";"6";"ROUTE DEPARTEMENTALE 3";"14,6062280";" -60,9986700"
"201900011747";"5";"2";"2019";"17:10";"1";"972";"97209";"2";"6";"1";"6";"THELUS LERO (BOULEVARD)";"14,6022900";" -61,0745300"
"201900011748";"29";"1";"2019";"09:20";"1";"972";"97209";"1";"6";"1";"3";"RN9";"14,6115800";" -61,0427000"
"201900011749";"6";"2";"2019";"09:45";"1";"69";"69382";"2";"1";"1";"2";"PERRACHE                            (QU)";"45,7332000";"4,8180400"
"201900011750";"5";"2";"2019";"09:45";"1";"69";"69381";"2";"1";"1";"6";"CROIX ROUSSE (DE LA)                (BD)";"45,7731200";"4,8217100"
"201900011751";"2";"2";"2019";"22:40";"3";"971";"97101";"1";"1";"1";"3";"PERRIN (SECTEUR)";"16,2897100";" -61,5114400"
"201900011752";"5";"2";"2019";"20:05";"5";"91";"91589";"2";"6";"1";"6";"PERI (AVENUE GABRIEL)";"48,6879300";"2,3575400"
"201900011753";"6";"2";"2019";"08:20";"1";"91";"91691";"2";"1";"2";"6";"MARC SANGNIERI(RUE)";"48,7144000";"2,4895000"
"201900011754";"6";"2";"2019";"07:50";"2";"91";"91687";"2";"4";"1";"3";"FRANCOEUR (RUE)";"48,6718400";"2,3789800"
"201900011755";"5";"2";"2019";"09:12";"1";"80";"80725";"2";"1";"1";"2";"ALBERT CAMUS (RUE)";"49,8711200";"2,2604800"
"201900011756";"7";"2";"2019";"00:05";"5";"78";"78498";"2";"2";"9";"3";"CASTILLE AV BLANCHE DE";"48,9264500";"2,0386000"
"201900011757";"5";"2";"2019";"11:35";"1";"77";"77514";"2";"2";"1";"6";"D84A2 X AV. KLEBER";"48,9497700";"2,6036900"
"201900011758";"5";"2";"2019";"17:25";"1";"77";"77083";"2";"2";"1";"3";"BOIS DE GRACE (BOULEVARD DU)";"48,8473900";"2,5854300"
"201900011759";"1";"2";"2019";"14:10";"1";"74";"74298";"2";"1";"4";"7";"IMPASSE DU CLOS JUNON";"46,1866800";"6,2630600"
"201900011760";"30";"1";"2019";"10:41";"1";"74";"74133";"2";"1";"2";"7";"GENEVE (RUE DE)";"46,1920200";"6,2083400"
"201900011761";"5";"2";"2019";"09:57";"1";"72";"72181";"2";"1";"2";"6";"OYON ALEXANDRE (BD)";"47,9950000";"0,1870500"
"201900011762";"6";"2";"2019";"07:00";"5";"71";"71105";"2";"6";"1";"6";"VIEUX TEMPLE (RUE DU)";"46,3050400";"4,8021600"
"201900011763";"6";"2";"2019";"14:05";"1";"64";"64445";"2";"1";"1";"2";"BOUL. OLOF PALME";"43,3360292";" -0,3638632"
"201900011764";"5";"2";"2019";"18:30";"5";"64";"64102";"2";"1";"2";"7";"TOUR DE SAULT (RUE)";"43,4882700";" -1,4760100"
"201900011765";"5";"2";"2019";"08:40";"1";"64";"64024";"2";"6";"2";"7";"SOULT (AVENUE MARECHAL)";"43,4832982";" -1,5020736"
"201900011766";"15";"1";"2019";"18:25";"2";"62";"62215";"2";"1";"1";"6";"MEURCHIN (RTE DE)";"50,4981440";"2,9455860"
"201900011767";"17";"1";"2019";"06:10";"2";"62";"62215";"2";"1";"2";"7";"EVRARD (R FLORENT )";"50,4862300";"2,9509900"
"201900011768";"6";"2";"2019";"10:35";"1";"62";"62193";"2";"2";"2";"6";"DE MADRID";"50,9585600";"1,8553100"
"201900011769";"5";"2";"2019";"18:25";"5";"62";"62160";"2";"1";"1";"6";"GRANDE RUE";"50,7242300";"1,6088900"
"201900011770";"6";"2";"2019";"22:40";"5";"59";"59009";"2";"3";"2";"6";"FUSILLES RUE DES DU N°9 AU N° 121";"50,6195300";"3,1404300"
"201900011771";"6";"2";"2019";"13:15";"1";"59";"59350";"2";"3";"2";"3";"MOULINS PAVE DU";"50,6187500";"3,1203600"
"201900011772";"5";"2";"2019";"23:50";"5";"59";"59585";"2";"1";"1";"7";"DE GAULLE RUE DU GENERAL";"50,5730340";"3,0470030"
"201900011773";"6";"2";"2019";"17:15";"1";"53";"53130";"2";"1";"2";"6";"FALUERES ( CHEMIN DES )";"48,0664700";" -0,7435000"
"201900011774";"1";"2";"2019";"21:45";"5";"50";"50129";"2";"2";"1";"3";"VAL DE SAIRE (RUE DU)";"49,6392200";" -1,6053200"
"201900011775";"5";"2";"2019";"08:00";"1";"49";"49328";"2";"6";"2";"3";"WEYGAND (ROND-POINT)";"47,2643100";" -0,0917000"
"201900011776";"5";"2";"2019";"09:05";"1";"49";"49007";"1";"1";"2";"6";"ESTIENNE D'ORVES BOULEVARD";"47,4599800";" -0,5192200"
"201900011777";"5";"2";"2019";"19:50";"5";"44";"44109";"2";"1";"2";"3";"COTE SAINT SEBASTIEN";"47,1992200";" -1,5373600"
"201900011778";"4";"2";"2019";"11:00";"1";"39";"39198";"2";"1";"1";"6";"MACHARD (RUE JULES)";"47,0947570";"5,4844090"
"201900011779";"6";"2";"2019";"23:15";"3";"37";"37195";"2";"1";"1";"6";"RD 37";"47,3804000";"0,6494900"
"201900011780";"5";"2";"2019";"17:48";"2";"36";"36044";"2";"1";"1";"3";"AVENUE DU PONT NEUF";"46,8140183";"1,6847452"
"201900011781";"5";"2";"2019";"13:28";"1";"36";"36044";"1";"1";"1";"3";"64 RUE DES MADRONS";"46,7975500";"1,6607600"
"201900011782";"6";"2";"2019";"18:40";"2";"35";"35238";"2";"7";"2";"6";"SAINT-MELAINE (PLACE)";"48,1145700";" -1,6738900"
"201900011783";"6";"2";"2019";"16:50";"1";"34";"34172";"2";"1";"1";"3";"BART (RUE JEAN)";"43,6255800";"3,8376400"
"201900011784";"31";"1";"2019";"18:58";"5";"33";"33039";"2";"1";"2";"6";"AVE LENINE";"44,7980500";" -0,5522000"
"201900011785";"1";"2";"2019";"08:30";"1";"33";"33069";"2";"4";"3";"3";"BD PIERRE 1ER  et Cyclo arrivait du Bd Godard";"44,8593200";" -0,5894700"
"201900011786";"5";"2";"2019";"14:20";"1";"31";"31555";"1";"1";"2";"3";"ECHANGEUR SESQUIERES (A62-A620)";"43,6475200";"1,4217200"
"201900011787";"5";"2";"2019";"09:00";"1";"31";"31069";"1";"1";"3";"3";"FIL D'ARIANE (RD902)";"43,6444700";"1,3679700"
"201900011788";"5";"2";"2019";"14:15";"1";"31";"31483";"2";"6";"2";"3";"FOURNIER (PLACE )";"43,1125910";"0,7142320"
"201900011789";"5";"2";"2019";"17:30";"1";"31";"31565";"1";"1";"2";"5";"D 8";"43,0950500";"0,6975500"
"201900011790";"5";"2";"2019";"17:00";"2";"28";"28110";"2";"1";"1";"3";"DIX HUIT AOUT";"48,4273800";"1,5074500"
"201900011791";"6";"2";"2019";"13:48";"1";"17";"17300";"2";"2";"8";"3";"GUIARDES   AVENUE DES";"46,1695100";" -1,1869800"
"201900011792";"6";"2";"2019";"12:15";"1";"13";"13210";"2";"9";"1";"5";"JEAN MOULIN (BOULEVARD)";"43,2868560";"5,3999700"
"201900011793";"6";"2";"2019";"10:40";"1";"13";"13206";"2";"1";"1";"2";"BAILLE (BOULEVARD)";"43,2866300";"5,3863000"
"201900011794";"5";"2";"2019";"11:15";"1";"13";"13215";"2";"1";"1";"2";"SAINT ANTOINE (AVENUE DE)";"43,3683500";"5,3566100"
"201900011795";"5";"2";"2019";"11:20";"1";"13";"13212";"2";"1";"1";"6";"CHARLES KADDOUZ (RUE)";"43,3098800";"5,4268400"
"201900011796";"6";"2";"2019";"10:25";"1";"13";"13005";"2";"1";"1";"6";"GARLABAN (AVENUE DU)";"43,3008400";"5,5703700"
"201900011797";"6";"2";"2019";"13:20";"1";"13";"13001";"2";"2";"1";"3";"BROSSOLETTE PIERRE (AV)";"43,5192560";"5,4428120"
"201900011798";"5";"2";"2019";"19:09";"5";"10";"10387";"2";"9";"1";"2";"GEORGES POMPIDOU (RUE)";"48,2889900";"4,0843400"
"201900011799";"5";"2";"2019";"15:10";"1";"6";"06088";"1";"1";"1";"3";"VOIE RAPIDE";"43,6934000";"7,2449000"
"201900011800";"6";"2";"2019";"14:45";"1";"6";"06069";"1";"1";"1";"6";"BELLEVUE (BOULEVARD)";"43,6669700";"6,9278100"
"201900011801";"5";"2";"2019";"15:45";"1";"75";"75103";"2";"1";"1";"6";"RUE DU GRENIER SAINT LAZARE";"48,8628260";"2,3534730"
"201900011802";"6";"2";"2019";"14:08";"1";"75";"75117";"2";"3";"1";"3";"RUE DES DAMES";"48,8847860";"2,3247810"
"201900011803";"5";"2";"2019";"11:00";"1";"75";"75116";"2";"7";"1";"7";"PLACE DE LA PORTE MAILLOT";"48,8773720";"2,2813630"
"201900011804";"7";"1";"2019";"20:50";"5";"75";"75116";"2";"2";"8";"7";"AVENUE MARCEAU";"48,8685340";"2,2989040"
"201900011805";"6";"2";"2019";"15:30";"1";"75";"75115";"2";"3";"1";"3";"RUE SAINT CHARLES";"48,8428530";"2,2822400"
"201900011806";"6";"2";"2019";"10:00";"1";"75";"75115";"2";"3";"8";"4";"RUE LOUIS ARMAND";"48,8326840";"2,2789100"
"201900011807";"6";"2";"2019";"18:25";"5";"75";"75113";"2";"5";"1";"6";"RUE DAVIEL";"48,8279060";"2,3456140"
"201900011808";"6";"2";"2019";"16:30";"2";"75";"75113";"2";"1";"8";"6";"RUE DE TOLBIAC";"48,8268410";"2,3652090"
"201900011809";"5";"2";"2019";"22:25";"5";"75";"75112";"2";"2";"1";"3";"RUE DE BERCY";"48,8421130";"2,3764210"
"201900011810";"6";"2";"2019";"14:15";"1";"75";"75111";"2";"3";"1";"3";"RUE DE LA ROQUETTE";"48,8592030";"2,3862260"
"201900011811";"6";"2";"2019";"10:00";"1";"75";"75110";"2";"2";"1";"3";"RUE D ABBEVILLE";"48,8779080";"2,3516070"
"201900011812";"5";"2";"2019";"10:00";"1";"75";"75109";"2";"3";"1";"3";"RUE MAYRAN";"48,8764700";"2,3461810"
"201900011813";"6";"2";"2019";"17:00";"1";"75";"75108";"2";"2";"1";"3";"RUE DU BOCCADOR";"48,8672380";"2,3019450"
"201900011814";"6";"2";"2019";"16:40";"1";"75";"75108";"2";"2";"8";"6";"AVENUE DES CHAMPS ELYSEES";"48,8731360";"2,2970620"
"201900011815";"4";"2";"2019";"18:30";"5";"75";"75103";"2";"3";"2";"6";"RUE DU VERTBOIS";"48,8664130";"2,3603190"
"201900011816";"6";"2";"2019";"06:30";"5";"94";"94041";"2";"2";"1";"3";"AMEDEE HUON (R)";"48,8046100";"2,3868800"
"201900011817";"6";"2";"2019";"18:15";"3";"94";"94038";"2";"1";"1";"1";"ROGER SALENGRO (R)";"48,7674300";"2,3251500"
"201900011818";"6";"2";"2019";"16:00";"1";"94";"94060";"1";"1";"1";"3";"CHAMPLAIN (CUVETTE DE)";"48,7892000";"2,5653000"
"201900011819";"6";"2";"2019";"22:00";"5";"93";"93014";"2";"1";"2";"1";"MONTFERMEIL (ALLEE DE)";"48,8992500";"2,5417200"
"201900011820";"6";"2";"2019";"13:00";"1";"92";"92046";"2";"1";"1";"3";"ETIENNE DOLET (RUE)";"48,8141780";"2,3000170"
"201900011821";"6";"2";"2019";"17:10";"1";"37";"37063";"1";"3";"8";"6";"RD 910, PR5 +900";"47,5854803";"0,8977895"
"201900011822";"6";"2";"2019";"20:00";"3";"60";"60130";"1";"1";"3";"1";"RN 31";"49,3793030";"2,5184520"
"201900011823";"6";"2";"2019";"17:30";"1";"31";"31445";"2";"1";"1";"6";"16 le mail";"43,5838060";"1,5290060"
"201900011824";"6";"2";"2019";"20:40";"3";"60";"60395";"1";"1";"2";"2";"ROUTE DÉPARTEMENTALE 121";"49,2452510";"2,1353840"
"201900011825";"4";"2";"2019";"07:25";"3";"35";"35139";"1";"1";"3";"4";"route nationale 137";"47,9888950";" -1,6954720"
"201900011826";"7";"2";"2019";"02:35";"3";"22";"22304";"1";"1";"2";"7";"rn 12 pr 079+0500";"48,5366264";" -3,0257163"
"201900011827";"6";"2";"2019";"16:55";"1";"59";"59418";"2";"1";"2";"6";"Rue du Fort";"50,4986850";"3,4495100"
"201900011828";"7";"2";"2019";"08:20";"1";"2B";"2B096";"2";"1";"7";"6";"route du calvaire";"42,3008350";"9,1532560"
"201900011829";"27";"1";"2019";"21:15";"3";"65";"65248";"2";"3";"2";"6";"D943";"43,4537890";" -0,0190200"
"201900011830";"7";"2";"2019";"07:30";"2";"89";"89226";"2";"1";"3";"3";"2 rue Saint Vincent";"47,8619490";"3,7264830"
"201900011831";"7";"2";"2019";"09:15";"1";"63";"63022";"1";"1";"1";"7";"D710 Pk 4+300";"45,4473000";"3,2991250"
"201900011832";"6";"2";"2019";"00:15";"4";"29";"29239";"2";"1";"2";"7";"rue Jeanne d'Arc";"48,7245340";" -3,9741640"
"201900011833";"6";"2";"2019";"19:00";"5";"1";"01254";"1";"6";"9";"6";"cd 1075/ chemin de ravary";"46,1578561";"5,2725515"
"201900011834";"7";"2";"2019";"09:00";"1";"70";"70160";"1";"1";"2";"6";"RD 9 lieu-dit ""le moulin de la Cude""";"47,5929980";"6,7093940"
"201900011835";"6";"2";"2019";"19:20";"3";"58";"58280";"1";"1";"1";"7";"RD981";"46,8405290";"3,4283440"
"201900011836";"6";"2";"2019";"16:50";"1";"6";"06105";"1";"1";"1";"3";"Route départementale 6";"43,6743140";"7,0529670"
"201900011837";"6";"2";"2019";"12:00";"1";"14";"14198";"1";"1";"2";"6";"D276";"49,2438790";" -0,0042490"
"201900011838";"7";"2";"2019";"13:00";"1";"64";"64256";"2";"6";"2";"3";" giratoire Leclerc, intersection D622/ avenue Charles de Gaulle";"43,3855990";" -1,3133920"
"201900011839";"7";"2";"2019";"18:20";"3";"16";"16378";"2";"1";"1";"5";"lieu dit Chauffour";"46,0642200";"0,2317180"
"201900011840";"7";"2";"2019";"09:30";"1";"16";"16145";"1";"1";"2";"2";"N/A";"45,6964358";" -0,1136409"
"201900011841";"7";"2";"2019";"11:50";"1";"87";"87030";"1";"2";"1";"3";"route départementale 675";"45,8574400";"0,8768400"
"201900011842";"1";"2";"2019";"06:45";"5";"6";"06085";"1";"1";"3";"6";"1997 route de la roquette";"43,6024700";"6,9593000"
"201900011843";"7";"2";"2019";"12:50";"1";"6";"06085";"1";"1";"1";"3";"autoroute A8, point kilométrique 162+300 Nord";"43,5607710";"6,9682960"
"201900011844";"6";"2";"2019";"10:45";"1";"987";"98733";"2";"1";"1";"1";"PK 27 RT1";" -17,6487620";" -149,6022210"
"201900011845";"7";"2";"2019";"12:40";"1";"988";"98831";"1";"1";"1";"2";"RT1";" -20,9238700";"164,6774400"
"201900011846";"4";"2";"2019";"02:50";"3";"41";"41252";"1";"1";"1";"7";"lieu dit la grenouillère";"47,6891870";"1,4915340"
"201900011847";"7";"2";"2019";"15:45";"1";"77";"77175";"1";"1";"1";"7";"Route départementale 48";"48,6494200";"2,6514200"
"201900011848";"7";"2";"2019";"11:30";"1";"66";"66227";"1";"1";"1";"2";"RD914";"42,6466700";"2,9294200"
"201900011849";"5";"2";"2019";"17:30";"2";"34";"34285";"1";"1";"1";"1";"D131";"43,5177720";"3,5167250"
"201900011850";"4";"2";"2019";"17:29";"2";"38";"38445";"1";"1";"1";"6";"Route de Grenoble";"45,0493500";"5,7547700"
"201900011851";"7";"2";"2019";"17:10";"2";"38";"38442";"1";"1";"4";"1";"Route du col";"45,3019300";"5,7710500"
"201900011852";"7";"2";"2019";"07:45";"1";"1";"01313";"1";"1";"5";"1";"avenue senateur albert fouilloux";"46,2721770";"6,0717160"
"201900011853";"6";"2";"2019";"23:20";"3";"79";"79038";"2";"1";"9";"6";"D139";"46,7703280";" -0,4329570"
"201900011854";"6";"2";"2019";"16:30";"1";"24";"24028";"1";"1";"2";"1";"les drals";"44,7782040";"0,7663500"
"201900011855";"28";"1";"2019";"07:05";"2";"13";"13215";"1";"1";"1";"4";"A7-Sens Marseille vers Lyon";"43,3416920";"5,3765330"
"201900011856";"6";"2";"2019";"08:05";"2";"33";"33039";"1";"1";"5";"3";"ROUTE NATIONALE 230";"44,8039180";" -0,5325450"
"201900011857";"6";"2";"2019";"18:25";"5";"92";"92050";"1";"1";"1";"5";"A14";"48,8988178";"2,2156740"
"201900011858";"5";"2";"2019";"20:00";"4";"78";"78124";"1";"1";"1";"2";"A14";"48,9132330";"2,1643090"
"201900011859";"5";"2";"2019";"23:20";"3";"93";"93063";"1";"1";"1";"2";"AUTOROUTE A3";"48,8779300";"2,4461200"
"201900011860";"4";"2";"2019";"20:50";"3";"95";"95042";"1";"1";"1";"6";"RN 104";"49,0582900";"2,3010100"
"201900011861";"6";"2";"2019";"08:45";"1";"94";"94069";"1";"1";"2";"3";"A4";"48,8176200";"2,4394300"
"201900011862";"30";"1";"2019";"18:30";"5";"81";"81018";"2";"1";"3";"3";"LESCURE ( AVENUE DE )";"43,9544300";"2,2069100"
"201900011863";"1";"2";"2019";"08:55";"1";"49";"49007";"2";"1";"1";"6";"PAJOTIN";"47,4643600";" -0,5314600"
"201900011864";"2";"2";"2019";"15:35";"1";"41";"41018";"1";"1";"2";"7";"CAP CINE (ROND POINT)";"47,6108800";"1,3390400"
"201900011865";"4";"2";"2019";"15:05";"1";"22";"22278";"2";"1";"1";"6";"CLEMENCEAU (BD)";"48,5066259";" -2,7609909"
"201900011866";"5";"2";"2019";"13:25";"1";"988";"98818";"2";"2";"1";"4";"AVENUE DE LA VICTOIRE H. LAFLEUR/LE SCOUR";" -22,2744300";"166,4455500"
"201900011867";"5";"2";"2019";"09:00";"1";"976";"97611";"2";"1";"1";"7";"mamoudzou centre-Mariazé (rue du )";" -12,7778700";"45,2305800"
"201900011868";"4";"2";"2019";"06:40";"1";"976";"97611";"2";"1";"1";"2";"mgombani-Mahabou (rond point)";" -12,7825000";"45,2349600"
"201900011869";"3";"2";"2019";"17:50";"1";"976";"97611";"2";"1";"1";"6";"kaweni-Mahabourini ( rue )";" -12,7726000";"45,2212800"
"201900011870";"31";"1";"2019";"15:40";"1";"974";"97409";"2";"1";"1";"6";"ZELMAR(ALLEE)";" -20,9474961";"55,6494266"
"201900011871";"31";"1";"2019";"23:20";"5";"974";"97407";"2";"1";"1";"6";"Rue Jacques Duclos - Riv des galets";" -20,9593400";"55,3148400"
"201900011872";"16";"1";"2019";"18:35";"2";"974";"97407";"2";"1";"1";"7";"Allée Mahatma Gandhi";" -20,9378000";"55,3021400"
"201900011873";"5";"2";"2019";"15:45";"1";"69";"69259";"2";"1";"1";"1";"VIENNE (DE)                         (RO)";"45,7179900";"4,8546000"
"201900011874";"5";"2";"2019";"13:30";"1";"69";"69388";"2";"1";"1";"6";"LAENNEC                             (R )";"45,7377000";"4,8851400"
"201900011875";"5";"2";"2019";"07:40";"1";"69";"69388";"2";"3";"1";"2";"PAUL SANTY                          (AV)";"45,7256400";"4,8809900"
"201900011876";"4";"2";"2019";"13:45";"1";"69";"69388";"2";"2";"1";"3";"LAENNEC                             (R )";"45,7380700";"4,8844700"
"201900011877";"4";"2";"2019";"10:45";"1";"69";"69259";"2";"1";"1";"6";"GABRIEL FAURE                       (R )";"45,6965500";"4,8741100"
"201900011878";"4";"2";"2019";"09:10";"1";"69";"69259";"2";"4";"1";"3";"CHARLES DE GAULLE                   (AV)";"45,7151100";"4,8955400"
"201900011879";"4";"2";"2019";"16:10";"1";"972";"97209";"2";"1";"1";"6";"GODISSARD (BOULEVARD)";"14,6332100";" -61,0688000"
"201900011880";"5";"2";"2019";"22:00";"5";"69";"69384";"2";"1";"1";"3";"CROIX-ROUSSE (DE LA)                (BD)";"45,7733200";"4,8223400"
"201900011881";"4";"2";"2019";"16:25";"1";"69";"69034";"1";"1";"1";"6";"STRASBOURG (DE)                     (RO)";"45,7928000";"4,8703000"
"201900011882";"4";"2";"2019";"14:20";"1";"69";"69382";"2";"1";"1";"2";"CHARLEMAGNE                         (CO)";"45,7422700";"4,8205700"
"201900011883";"4";"2";"2019";"15:45";"1";"69";"69384";"2";"9";"1";"2";"CROIX-ROUSSE (GRANDE RUE DE LA)     (GR)";"45,7818800";"4,8326400"
"201900011884";"4";"2";"2019";"10:10";"1";"69";"69382";"2";"1";"1";"3";"CONDE (DE)                          (R )";"45,7513000";"4,8295500"
"201900011885";"4";"2";"2019";"20:10";"5";"95";"95585";"2";"7";"2";"6";"STALINGRAD (PLACE DE)";"48,9961500";"2,3769900"
"201900011886";"4";"2";"2019";"08:35";"1";"95";"95219";"2";"3";"1";"3";"NADINE (RUE)";"48,9853800";"2,2595800"
"201900011887";"5";"2";"2019";"21:20";"3";"95";"95127";"2";"1";"1";"2";"RN 14 (PROLONGEMENT A15)";"49,0585500";"2,0316800"
"201900011888";"4";"2";"2019";"19:24";"5";"95";"95572";"2";"1";"1";"6";"GENERAL DE GAULLE (AVENUE DU)";"49,0459300";"2,1063800"
"201900011889";"4";"2";"2019";"18:05";"5";"95";"95127";"2";"1";"2";"6";"NORD (AVENUE DU)";"49,0436400";"2,0581500"
"201900011890";"4";"2";"2019";"19:41";"5";"95";"95063";"2";"1";"1";"3";"PL LENINE";"48,9226300";"2,2174400"