"Num_Acc";"jour";"mois";"an";"hrmn";"lum";"dep";"com";"agg";"int";"atm";"col";"adr";"lat";"long"
"201900011891";"5";"2";"2019";"19:38";"5";"91";"91477";"2";"1";"1";"6";"LECLERC (AVENUE DU GENERAL)";"48,7039600";"2,2327600"
"201900011892";"4";"2";"2019";"07:40";"2";"91";"91687";"2";"2";"1";"6";"BRETAGNE (AVENUE DE)";"48,6714900";"2,3651700"
"201900011893";"4";"2";"2019";"07:48";"5";"87";"87085";"2";"1";"1";"6";"PARBELLE (PLACE PAUL)";"45,8201600";"1,2659900"
"201900011894";"30";"1";"2019";"01:50";"3";"84";"84007";"2";"6";"1";"1";"LAVARIN (Chemin du )";"43,9213000";"4,8030100"
"201900011895";"9";"1";"2019";"14:54";"1";"84";"84007";"2";"1";"1";"6";"EISENHOWER (Avenue)";"43,9389100";"4,7972400"
"201900011896";"2";"2";"2019";"17:40";"3";"83";"83100";"2";"3";"1";"6";"RD12";"43,2861690";"6,1341090"
"201900011897";"5";"2";"2019";"09:35";"1";"82";"82121";"2";"6";"2";"2";"giratoire bouyer";"44,0333450";"1,3751630"
"201900011898";"4";"2";"2019";"13:05";"1";"82";"82121";"1";"6";"2";"1";"avenue de Bordeaux";"44,0369720";"1,3102050"
"201900011899";"5";"2";"2019";"23:10";"5";"81";"81004";"2";"1";"5";"4";"POMPIDOU (LICES GEORGES)";"43,9286580";"2,1477830"
"201900011900";"4";"2";"2019";"17:55";"5";"80";"80021";"2";"1";"2";"6";"15, ALL LE CHEVALIER";"49,8741800";"2,3133400"
"201900011901";"2";"2";"2019";"09:45";"1";"80";"80021";"2";"1";"1";"6";"11, R SAINT GERMAIN";"49,8962600";"2,2963400"
"201900011902";"1";"2";"2019";"08:25";"1";"80";"80021";"2";"1";"2";"6";"49, R DES OTAGES";"49,8888100";"2,3029900"
"201900011903";"4";"2";"2019";"22:50";"3";"77";"77118";"1";"1";"1";"6";"N3 X BRETELLE INSERTION";"48,9448000";"2,6758400"
"201900011904";"16";"10";"2019";"12:30";"1";"67";"67482";"2";"1";"1";"6";"SALLUSTE (RUE)";"48,5831600";"7,6977600"
"201900011905";"16";"10";"2019";"14:00";"1";"66";"66136";"2";"1";"1";"6";"GAUGUIN (AVENUE PAUL)";"42,7140100";"2,8946000"
"201900011906";"17";"10";"2019";"08:00";"3";"64";"64483";"2";"1";"2";"3";"CHANTACO (AVENUE DE )";"43,3825734";" -1,6479845"
"201900011907";"17";"10";"2019";"09:20";"1";"64";"64348";"2";"1";"2";"6";"ANDRE MARIE AMPERE";"43,3117280";" -0,4257970"
"201900011908";"17";"10";"2019";"07:45";"5";"64";"64445";"2";"1";"3";"3";"ALFRED NOBEL";"43,3146172";" -0,3164878"
"201900011909";"16";"10";"2019";"16:45";"1";"64";"64445";"2";"9";"1";"2";"EUROPE DE L'";"43,3291700";" -0,3525600"
"201900011910";"17";"10";"2019";"16:20";"1";"64";"64102";"2";"1";"1";"6";"DUVERGIER DE HAURANNE (AVENUE)";"43,4817167";" -1,4655725"
"201900011911";"17";"10";"2019";"14:00";"1";"64";"64024";"2";"1";"1";"3";"BERNAIN (AVENUE EUGENE)";"43,4853700";" -1,5129400"
"201900011912";"17";"10";"2019";"08:47";"1";"64";"64024";"2";"6";"2";"3";"CESTAC (ROND POINT ELISE)";"43,4946759";" -1,5279807"
"201900011913";"13";"10";"2019";"13:05";"1";"62";"62040";"1";"3";"1";"3";"LOBEL (CHEMIN DU......)";"50,7191440";"2,3241020"
"201900011914";"16";"10";"2019";"19:55";"2";"62";"62119";"2";"2";"2";"3";"SAINT OMER (  RUE DE )";"50,5155200";"2,6350100"
"201900011915";"17";"10";"2019";"07:00";"5";"62";"62004";"2";"6";"2";"6";"BUCQUOY ( ROUTE DE )";"50,2687700";"2,7742500"
"201900011916";"14";"10";"2019";"10:20";"1";"61";"61391";"2";"9";"8";"6";"LE TREMBLAY (LIEU-DIT)";"48,7525300";" -0,5753200"
"201900011917";"11";"10";"2019";"16:00";"1";"61";"61006";"2";"1";"1";"2";"PATY (RUE DU) A PARTIR N° 14 ET N° 5";"48,7422000";" -0,0153000"
"201900011918";"17";"10";"2019";"17:30";"1";"60";"60159";"2";"1";"1";"1";"CLOS DES ROSES (QUAI DU)";"49,4126701";"2,8083524"
"201900011919";"17";"10";"2019";"17:30";"1";"59";"59599";"2";"1";"1";"4";"YSER (RUE DE L')";"50,7481000";"3,1802800"
"201900011920";"29";"9";"2019";"10:55";"1";"59";"59410";"2";"2";"1";"3";"JAURES JEAN  RUE";"50,6423204";"3,1033963"
"201900011921";"15";"10";"2019";"17:50";"1";"56";"56098";"2";"3";"2";"3";"TRUDAINE (RUE  DANIEL )";"47,7762600";" -3,3387400"
"201900011922";"15";"10";"2019";"07:10";"2";"54";"54395";"2";"1";"1";"7";"CHANZY (RUE DE)";"48,6905920";"6,1776380"
"201900011923";"14";"10";"2019";"20:00";"5";"54";"54498";"2";"1";"1";"7";"RD 674";"48,7185430";"6,2625950"
"201900011924";"16";"10";"2019";"15:40";"1";"54";"54184";"2";"1";"7";"7";"BRIGACHTAL (AVENUE DE)";"48,7014700";"6,2254400"
"201900011925";"17";"10";"2019";"08:20";"1";"51";"51454";"2";"3";"2";"7";"AVENUE DU GENERAL DE GAULLE";"49,2493694";"4,0255083"
"201900011926";"17";"10";"2019";"05:20";"3";"50";"50502";"1";"1";"8";"6";"TIQUERIE (lieu dit La)";"49,0968300";" -1,0583800"
"201900011927";"16";"10";"2019";"09:30";"2";"50";"50173";"2";"3";"2";"2";"BRANLY (RUE EDOUARD)";"49,6450000";" -1,6477800"
"201900011928";"16";"10";"2019";"20:50";"5";"50";"50203";"1";"1";"8";"6";"VALLEE DE QUINCAMPOI0X";"49,6156700";" -1,6414500"
"201900011929";"16";"10";"2019";"14:15";"1";"50";"50602";"1";"1";"2";"4";"VAL CANU (RUE DU)";"49,6386700";" -1,5438800"
"201900011930";"16";"10";"2019";"12:05";"1";"50";"50602";"2";"1";"2";"1";"MARITIME (BOULEVARD)";"49,6468500";" -1,5937600"
"201900011931";"16";"10";"2019";"18:43";"1";"49";"49246";"2";"1";"8";"3";"PORTE PERRIERE CHEMIN";"47,4393000";" -0,5092000"
"201900011932";"16";"10";"2019";"15:45";"1";"49";"49007";"2";"1";"2";"3";"GAIN ( LOUIS)";"47,4680100";" -0,5373400"
"201900011933";"17";"10";"2019";"09:00";"1";"42";"42095";"2";"1";"7";"6";"ABATTOIR (PLACE DE L')";"45,3967290";"4,2906520"
"201900011934";"16";"10";"2019";"16:20";"1";"41";"41018";"1";"1";"3";"3";"RD 956";"47,5939800";"1,3538600"
"201900011935";"17";"10";"2019";"20:50";"5";"37";"37233";"2";"1";"2";"6";"STALINGRAD (AVENUE)";"47,3903200";"0,7357200"
"201900011936";"17";"10";"2019";"15:20";"1";"37";"37233";"2";"1";"1";"6";"LABOURDE (RUE JEANNE)";"47,3936552";"0,7419205"
"201900011937";"17";"10";"2019";"08:54";"1";"37";"37208";"2";"1";"2";"6";"CORMERY (RUE DE)";"47,3413757";"0,7375833"
"201900011938";"17";"10";"2019";"07:58";"5";"37";"37261";"2";"1";"2";"6";"BAUGE (RUE MICHEL)";"47,3816162";"0,6694880"
"201900011939";"17";"10";"2019";"07:05";"5";"37";"37233";"2";"6";"2";"6";"JAURES (BOULEVARD JEAN)";"47,3949815";"0,7261247"
"201900011940";"17";"10";"2019";"18:15";"1";"34";"34172";"2";"9";"1";"6";"LIBERTE (AVENUE DE LA";"43,6047300";"3,8649500"
"201900011941";"17";"10";"2019";"07:50";"5";"34";"34172";"2";"1";"1";"1";"FONT CARRADE (RUE DE)";"43,6080300";"3,8542700"
"201900011942";"16";"10";"2019";"12:15";"1";"34";"34172";"2";"9";"1";"1";"LODEVE (AVENUE DE";"43,6137000";"3,8392300"
"201900011943";"15";"10";"2019";"12:43";"1";"34";"34032";"2";"1";"1";"6";"SIX NATIONS (ROND POINT DES)";"43,3339200";"3,2501900"
"201900011944";"16";"10";"2019";"18:50";"1";"33";"33069";"2";"2";"2";"3";"RUE COUDOL";"44,8660400";" -0,5991400"
"201900011945";"16";"10";"2019";"14:00";"1";"33";"33281";"2";"1";"2";"6";"AVE DE LA SOMME";"44,8330900";" -0,6521400"
"201900011946";"16";"10";"2019";"07:30";"2";"33";"33281";"2";"2";"1";"1";"AVE PIERRE MENDES FRANCE";"44,8359800";" -0,6410500"
"201900011947";"16";"10";"2019";"07:40";"2";"33";"33039";"2";"3";"1";"3";"AVE ALEXIS CAPELLE";"44,8141100";" -0,5489300"
"201900011948";"16";"10";"2019";"08:10";"2";"33";"33281";"2";"1";"1";"3";"42 AV DU CHUT";"44,8487700";" -0,6635400"
"201900011949";"15";"10";"2019";"18:00";"2";"33";"33063";"2";"1";"1";"4";"PONT Jacques CHABAN DELMAS";"44,8582800";" -0,5517500"
"201900011950";"17";"10";"2019";"06:55";"5";"33";"33009";"2";"6";"2";"6";"AV de la Libération";"44,6538600";" -1,1589700"
"201900011951";"16";"10";"2019";"19:24";"4";"31";"31044";"1";"1";"1";"4";"VA007553 A61";"43,5973800";"1,4925700"
"201900011952";"16";"10";"2019";"00:00";"5";"31";"31555";"2";"1";"1";"2";"AV DE MURET";"43,5855600";"1,4285500"
"201900011953";"17";"10";"2019";"10:00";"1";"29";"29232";"2";"1";"1";"6";"TOURBIE PLACE DE LA";"47,9988300";" -4,1025100"
"201900011954";"17";"10";"2019";"06:55";"3";"29";"29051";"1";"1";"2";"7";"CORAY ROUTE DE";"48,0270979";" -3,9708817"
"201900011955";"17";"10";"2019";"08:55";"1";"27";"27229";"2";"2";"8";"3";"PASSOT (RUE)";"49,0264050";"1,1572060"
"201900011956";"10";"10";"2019";"17:20";"1";"18";"18213";"2";"3";"1";"1";"JAURES (RUE JEAN)";"47,0980000";"2,4685000"
"201900011957";"17";"10";"2019";"06:30";"3";"17";"17274";"1";"1";"3";"2";"D108";"46,1610316";" -1,0833131"
"201900011958";"17";"10";"2019";"16:20";"1";"14";"14118";"2";"1";"8";"3";"VENDEUVRE (QUAI)";"49,1804400";" -0,3505600"
"201900011959";"16";"10";"2019";"19:40";"3";"13";"13056";"2";"1";"1";"5";"MOULET AVENUE CHARLES";"43,4096980";"5,0218520"
"201900011960";"17";"10";"2019";"22:56";"5";"13";"13209";"2";"1";"1";"7";"MARTHELINE (AVENUE DE LA)";"43,2454200";"5,4007100"
"201900011961";"17";"10";"2019";"07:30";"2";"13";"13211";"2";"1";"1";"6";"MIRELLE LAUZE (BOULEVARD)";"43,2868540";"5,4314030"
"201900011962";"17";"10";"2019";"12:00";"1";"10";"10325";"2";"1";"2";"6";"LOUIS FRANCOIS ARMAND (RUE)";"48,2663400";"4,0723970"
"201900011963";"16";"10";"2019";"14:43";"1";"10";"10325";"2";"9";"1";"1";"DOCTEUR SCHWEITZER (RUE DU)";"48,2680800";"4,0824300"
"201900011964";"17";"10";"2019";"19:20";"5";"7";"07019";"2";"1";"3";"6";"BOISVIGNAL (AVENUE)";"44,6180600";"4,3936800"
"201900011965";"17";"10";"2019";"13:00";"1";"6";"06088";"2";"1";"1";"6";"AUGUSTA (AV. ANTONIA)";"43,7232060";"7,2847920"
"201900011966";"17";"10";"2019";"16:00";"1";"6";"06069";"2";"1";"8";"2";"DUNANT (AVENUE HENRI)";"43,6437770";"6,9304680"
"201900011967";"15";"10";"2019";"07:40";"2";"5";"05023";"2";"1";"3";"6";"LIBERATION (AVENUE DE LA)";"44,9005300";"6,6406900"
"201900011968";"15";"10";"2019";"11:55";"1";"1";"01283";"2";"1";"2";"6";"BELMONT";"46,2604400";"5,6613300"
"201900011969";"17";"10";"2019";"13:20";"1";"75";"75106";"2";"3";"1";"6";"BOULEVARD DU MONTPARNASSE";"48,8415541";"2,3311383"
"201900011970";"16";"10";"2019";"17:55";"1";"75";"75108";"2";"7";"2";"2";"PLACE DE LA CONCORDE";"48,8666657";"2,3220102"
"201900011971";"17";"10";"2019";"18:00";"1";"75";"75106";"2";"4";"8";"6";"BOULEVARD SAINT MICHEL";"48,8469218";"2,3406054"
"201900011972";"17";"10";"2019";"22:50";"5";"75";"75111";"2";"2";"1";"3";"BOULEVARD DE BELLEVILLE";"48,8689320";"2,3804671"
"201900011973";"17";"10";"2019";"18:30";"1";"75";"75120";"2";"3";"1";"3";"BOULEVARD DAVOUT";"48,8479425";"2,4113542"
"201900011974";"17";"10";"2019";"17:50";"1";"75";"75120";"2";"1";"1";"3";"RUE DES HAIES";"48,8535636";"2,4018775"
"201900011975";"17";"10";"2019";"14:40";"1";"75";"75117";"2";"1";"8";"6";"AVENUE DE CLICHY";"48,8842288";"2,3271042"
"201900011976";"17";"10";"2019";"08:30";"1";"75";"75108";"2";"4";"2";"7";"BOULEVARD DES BATIGNOLLES";"48,8832641";"2,3267412"
"201900011977";"16";"10";"2019";"13:45";"1";"75";"75117";"2";"1";"8";"6";"BOULEVARD DE REIMS";"48,8909510";"2,3002750"
"201900011978";"16";"10";"2019";"17:25";"1";"75";"75116";"2";"1";"2";"3";"AVENUE KLEBER";"48,8707365";"2,2928039"
"201900011979";"17";"10";"2019";"09:20";"1";"75";"75115";"2";"1";"1";"6";"RUE CAUCHY";"48,8421794";"2,2782850"
"201900011980";"17";"10";"2019";"16:45";"1";"75";"75114";"2";"1";"1";"6";"RUE D ALESIA";"48,8280290";"2,3261990"
"201900011981";"17";"10";"2019";"20:10";"5";"75";"75113";"2";"4";"2";"6";"BOULEVARD DE L HOPITAL";"48,8386703";"2,3608478"
"201900011982";"17";"10";"2019";"12:25";"1";"75";"75113";"2";"1";"1";"7";"BOULEVARD VINCENT AURIOL";"48,8309610";"2,3568667"
"201900011983";"16";"10";"2019";"23:10";"5";"75";"75113";"2";"3";"2";"6";"QUAI D AUSTERLITZ";"48,8383317";"2,3727992"
"201900011984";"17";"10";"2019";"20:35";"5";"75";"75112";"2";"3";"2";"3";"BOULEVARD DIDEROT";"48,8456767";"2,3726355"
"201900011985";"17";"10";"2019";"10:00";"1";"75";"75111";"2";"3";"8";"7";"RUE DU CHEMIN VERT";"48,8581329";"2,3719445"
"201900011986";"17";"10";"2019";"06:15";"2";"75";"75111";"2";"5";"2";"3";"AVENUE DE LA REPUBLIQUE";"48,8640072";"2,3811984"
"201900011987";"16";"10";"2019";"10:05";"1";"75";"75111";"2";"1";"2";"3";"AVENUE DE LA REPUBLIQUE";"48,8648771";"2,3765928"
"201900011988";"17";"10";"2019";"22:45";"5";"75";"75110";"2";"2";"1";"2";"RUE LA FAYETTE";"48,8785320";"2,3540472"
"201900011989";"17";"10";"2019";"13:53";"1";"75";"75108";"2";"7";"1";"4";"PLACE SAINT AUGUSTIN";"48,8756215";"2,3189494"
"201900011990";"17";"10";"2019";"18:30";"2";"75";"75102";"2";"2";"8";"3";"RUE DE TURBIGO";"48,8641035";"2,3501137"
"201900011991";"17";"10";"2019";"12:45";"1";"75";"75104";"2";"2";"1";"3";"QUAI D ORLEANS";"48,8511358";"2,3559247"
"201900011992";"17";"10";"2019";"12:45";"1";"75";"75101";"2";"2";"1";"6";"RUE SAINT HONORE";"48,8645701";"2,3326997"
"201900011993";"17";"10";"2019";"18:30";"5";"75";"75102";"2";"1";"1";"6";"RUE SAINT AUGUSTIN";"48,8688810";"2,3348960"
"201900011994";"17";"10";"2019";"12:20";"1";"94";"94074";"2";"2";"2";"6";"CHAMP SAINT-JULIEN (AV DU)";"48,7492000";"2,4552200"
"201900011995";"17";"10";"2019";"16:45";"1";"94";"94042";"2";"1";"1";"6";"GENERAL GALLIENI (AV DU)";"48,8199000";"2,4789600"
"201900011996";"17";"10";"2019";"09:20";"1";"94";"94058";"2";"1";"1";"6";"JEAN D ESTIENNE D ORVES (R)";"48,8388200";"2,4994600"
"201900011997";"17";"10";"2019";"07:30";"2";"94";"94041";"2";"1";"2";"3";"VERDUN (AV DE)";"48,8160000";"2,3670000"
"201900011998";"17";"10";"2019";"12:00";"1";"94";"94075";"2";"1";"2";"3";"MARECHAL DELATTRE DE TASSIGNY (AV)";"48,7275100";"2,5311000"
"201900011999";"17";"10";"2019";"08:10";"2";"93";"93072";"2";"1";"2";"2";"MAXIME GORKI (BOULEVARD) DES N°1 AU 87";"48,9541900";"2,3839000"
"201900012000";"17";"10";"2019";"10:30";"1";"93";"93070";"2";"1";"2";"3";"JEAN-JAURES (BD)";"48,9139400";"2,3362400"
"201900012001";"17";"10";"2019";"17:20";"1";"93";"93066";"2";"1";"1";"6";"ROLLAND ROMAIN (AVENUE)";"48,9399300";"2,3837600"
"201900012002";"16";"10";"2019";"23:50";"5";"93";"93053";"2";"1";"2";"2";"BREMENT (RUE DE) 109 A 235 - 110 A ...";"48,8882554";"2,4596536"
"201900012003";"17";"10";"2019";"20:00";"5";"93";"93048";"2";"2";"1";"3";"SERGENT BOBILLOT (RUE DU)";"48,8537000";"2,4331400"
"201900012004";"17";"10";"2019";"08:55";"1";"93";"93045";"2";"4";"2";"3";"JAURES BD JEAN";"48,8860500";"2,4267900"
"201900012005";"17";"10";"2019";"14:05";"1";"93";"93031";"2";"1";"1";"6";"CDT LOUIS BOUCHET (AV)";"48,9544400";"2,3176800"
"201900012006";"17";"10";"2019";"14:51";"1";"93";"93057";"2";"9";"1";"3";"HUGO (AV. VICTOR)";"48,9088000";"2,5165300"
"201900012007";"17";"10";"2019";"15:40";"1";"93";"93007";"2";"9";"2";"6";"DOCTEUR CALMETTE (RUE DU)";"48,9407020";"2,4739210"
"201900012008";"17";"10";"2019";"05:29";"5";"93";"93005";"2";"1";"1";"2";"SALVADOR ALLENDE (COURS)";"48,9540600";"2,5085900"
"201900012009";"13";"10";"2019";"16:50";"1";"92";"92073";"2";"3";"1";"7";"BAS ROGERS (RUE DES)";"48,8797800";"2,2338800"
"201900012010";"16";"10";"2019";"18:00";"1";"92";"92063";"2";"6";"2";"2";"CARREY DE BELLEMARE (RUE DU GENERAL)";"48,8633000";"2,1908000"
"201900012011";"18";"9";"2019";"07:20";"1";"6";"06031";"2";"1";"1";"7";"Chemin du Collet Begude";"43,7729830";"7,3323190"
"201900012012";"18";"10";"2019";"15:35";"1";"41";"41052";"1";"1";"1";"6";"Lieu-dit ""l'ormeau buis""";"47,4869520";"1,3571580"
"201900012013";"15";"10";"2019";"13:50";"1";"31";"31446";"2";"1";"1";"6";"Avenue Tolosane";"43,5513230";"1,4699160"
"201900012014";"16";"10";"2019";"15:55";"1";"83";"83019";"2";"1";"1";"1";"Boulevard du Soléil";"43,1493930";"6,3428930"
"201900012015";"18";"10";"2019";"07:45";"2";"41";"41259";"1";"3";"2";"3";"D917";"47,7714330";"0,9698780"
"201900012016";"17";"10";"2019";"10:00";"1";"51";"51027";"1";"1";"2";"1";"RD 3";"49,0304203";"4,6750375"
"201900012017";"17";"10";"2019";"22:50";"5";"2A";"2A271";"1";"1";"1";"4";"T20";"41,9756940";"8,8260400"
"201900012018";"17";"10";"2019";"19:05";"2";"11";"11438";"1";"1";"1";"1";"D4";"43,2229970";"2,0866780"
"201900012019";"15";"10";"2019";"07:55";"2";"12";"12238";"1";"1";"2";"7";"D29";"44,2440270";"2,9358030"
"201900012020";"18";"10";"2019";"16:30";"1";"47";"47004";"1";"1";"1";"6";"D666";"44,3233799";"0,3707063"
"201900012021";"14";"10";"2019";"20:00";"3";"86";"86271";"1";"1";"3";"7";"Lieu Dit le Fourchaud";"46,7985930";"0,2411200"
"201900012022";"17";"10";"2019";"19:15";"5";"68";"68201";"2";"1";"3";"1";"Rue du Général de Gaulle";"47,7729862";"7,0011690"
"201900012023";"18";"10";"2019";"16:40";"1";"29";"29236";"1";"1";"1";"1";"Pont du Guilly";"47,8221360";" -3,6517510"
"201900012024";"17";"10";"2019";"16:15";"1";"38";"38359";"1";"1";"8";"7";"D27C";"45,1750500";"5,2139400"
"201900012025";"15";"10";"2019";"10:00";"1";"3";"03126";"2";"6";"2";"2";"48 avenue de Saint-Yorre";"46,0794007";"3,4414360"
"201900012026";"16";"10";"2019";"15:00";"2";"26";"26210";"1";"1";"7";"2";"D67";"45,1999560";"5,1205620"
"201900012027";"18";"10";"2019";"09:50";"1";"6";"06010";"1";"1";"1";"7";"Route de Gourdon";"43,7005770";"6,9665730"
"201900012028";"18";"10";"2019";"13:45";"1";"24";"24156";"1";"1";"2";"6";"La Gélie Sud";"45,0388980";"0,8925560"
"201900012029";"17";"10";"2019";"16:15";"1";"87";"87150";"1";"1";"8";"2";"Route des Vergnolles";"45,6405750";"1,1495650"
"201900012030";"10";"9";"2019";"18:00";"1";"987";"98715";"2";"3";"1";"4";"RT1 pk 4.200";" -17,5845220";" -149,5685780"
"201900012031";"18";"10";"2019";"07:57";"1";"57";"57433";"1";"9";"2";"4";"autoroute A4";"49,2083010";"6,1542510"
"201900012032";"19";"10";"2019";"03:00";"5";"988";"98817";"2";"1";"1";"6";"route du Sud";" -22,2244090";"166,5028430"
"201900012033";"17";"10";"2019";"14:45";"1";"971";"97128";"1";"1";"1";"3";"Maudette";"16,2327520";" -61,4213990"
"201900012034";"17";"10";"2019";"13:20";"1";"971";"97125";"1";"1";"1";"2";"N5";"16,2770110";" -61,2851750"
"201900012035";"18";"10";"2019";"11:30";"1";"2B";"2B148";"1";"1";"1";"1";"RT 20 - LD PARATELLA - PK 131+740";"42,5372790";"9,4695090"
"201900012036";"16";"10";"2019";"08:35";"1";"13";"13086";"2";"1";"1";"1";"D96";"43,3359960";"5,6011050"
"201900012037";"3";"10";"2019";"05:55";"3";"13";"13110";"1";"3";"1";"3";"1655 Route de Gardanne";"43,4585990";"5,6525440"
"201900012038";"18";"10";"2019";"17:05";"1";"10";"10095";"1";"1";"1";"6";"D677";"48,5575580";"4,1465770"
"201900012039";"16";"10";"2019";"14:00";"1";"67";"67080";"1";"2";"1";"3";"2 Rue Principale";"48,5619500";"7,5300630"
"201900012040";"17";"10";"2019";"12:10";"1";"57";"57474";"2";"1";"2";"6";"Rue de l'Eglise";"49,2634300";"6,1717330"
"201900012041";"17";"10";"2019";"21:00";"3";"9";"09244";"1";"9";"1";"2";"CD 119 rieucros";"43,0758250";"1,7779010"
"201900012042";"17";"10";"2019";"23:00";"3";"72";"72084";"1";"1";"1";"6";"Lieu Dit les Belles Ouvrieres";"47,7033650";" -0,0289080"
"201900012043";"14";"10";"2019";"10:15";"1";"29";"29124";"2";"1";"2";"6";"7 Rue Jeanne d'Arc";"48,5704560";" -4,3235490"
"201900012044";"18";"10";"2019";"11:05";"1";"22";"22282";"2";"1";"7";"1";"Boulevard de Penthièvre";"48,6217360";" -2,2649600"
"201900012045";"18";"10";"2019";"10:30";"1";"27";"27016";"2";"1";"1";"6";"Avenue de la République";"49,2451500";"1,4105830"
"201900012046";"18";"10";"2019";"00:50";"3";"80";"80124";"1";"1";"1";"7";"Rue de Cayeux";"50,1184840";"1,5259660"
"201900012047";"17";"10";"2019";"19:45";"3";"62";"62589";"1";"1";"3";"2";"2 Rue Mal Leclerc de Hauteclocque";"50,3783140";"2,8126960"
"201900012048";"18";"10";"2019";"09:00";"1";"59";"59036";"2";"3";"3";"6";"32 Rue du Marechal Joffre";"50,1237500";"3,9310060"
"201900012049";"16";"10";"2019";"19:15";"2";"13";"13071";"1";"1";"1";"2";"A7-Sens Lyon vers Marseille";"43,4034630";"5,3093210"
"201900012050";"17";"10";"2019";"09:35";"1";"13";"13211";"1";"1";"1";"3";"A50-Sens Aubagne vers Marseille";"43,2917539";"5,4825121"
"201900012051";"17";"10";"2019";"06:50";"5";"33";"33249";"1";"1";"2";"3";"A630 - VU A change de file à droite et provoque la chute de la moto B qui freine en urgence";"44,8796600";" -0,5262000"
"201900012052";"17";"10";"2019";"06:10";"3";"33";"33122";"1";"1";"2";"4";"AUTOROUTE A 63";"44,7464700";" -0,7008500"
"201900012053";"17";"10";"2019";"05:10";"3";"33";"33122";"1";"1";"2";"6";"AUTOROUTE A 63";"44,7470500";" -0,6997700"
"201900012054";"17";"10";"2019";"08:20";"1";"91";"91521";"1";"1";"2";"3";"AUTOROUTE A6";"48,6407000";"2,3942000"
"201900012055";"17";"10";"2019";"07:50";"1";"91";"91471";"1";"1";"2";"3";"RN 118";"48,7118000";"2,1848000"
"201900012056";"17";"10";"2019";"03:00";"3";"77";"77495";"1";"1";"1";"6";"A5A - A5B (BRETELLE VERS N105)";"48,5898200";"2,6370200"
"201900012057";"16";"10";"2019";"20:35";"5";"94";"94003";"1";"1";"2";"7";"AUTOROUTE A6B";"48,8096000";"2,3436000"
"201900012058";"17";"10";"2019";"16:40";"1";"78";"78455";"1";"1";"1";"5";"A13";"48,8517070";"2,0656680"
"201900012059";"16";"10";"2019";"19:20";"5";"92";"92050";"1";"1";"2";"3";"A86";"48,9016925";"2,2029281"
"201900012060";"17";"10";"2019";"08:30";"1";"93";"93029";"1";"1";"1";"5";"AUTOROUTE A86";"48,9191200";"2,4285300"
"201900012061";"17";"10";"2019";"19:50";"5";"94";"94052";"1";"1";"1";"2";"A86 INT";"48,8335000";"2,4929000"
"201900012062";"17";"10";"2019";"13:00";"1";"77";"77337";"1";"1";"2";"6";"RN104";"48,8273000";"2,6173000"
"201900012063";"17";"10";"2019";"08:15";"2";"77";"77258";"1";"1";"2";"5";"A4";"48,8317988";"2,6465700"
"201900012064";"11";"7";"2019";"15:46";"1";"31";"31035";"2";"3";"1";"3";"N/A";"43,5277000";"1,4904000"
"201900012065";"15";"10";"2019";"10:30";"1";"76";"76351";"2";"2";"1";"3";"FRANCOIS 1ER (BD)";"49,4872000";"0,1035000"
"201900012066";"15";"10";"2019";"07:10";"5";"45";"45234";"2";"1";"2";"6";"RUE HENRI POINCARE";"47,8279000";"1,9318000"
"201900012067";"16";"10";"2019";"15:50";"1";"14";"14699";"2";"9";"2";"7";"ROY (CHEMIN DU)";"49,3494971";"0,0951487"
"201900012068";"16";"10";"2019";"14:55";"1";"976";"97611";"2";"1";"1";"6";"m'tsapere-Nationale 2 (route)";" -12,8059900";"45,2088100"
"201900012069";"11";"10";"2019";"10:40";"1";"974";"97416";"2";"1";"1";"2";"PERE MAITRE(RUE DU)";" -21,2839900";"55,4665700"
"201900012070";"16";"10";"2019";"17:00";"1";"973";"97302";"2";"1";"1";"6";"REPUBLIQUE (BD DE LA)";"4,9385046";" -52,3211593"
"201900012071";"16";"10";"2019";"17:00";"1";"69";"69387";"2";"2";"1";"3";"UNIVERSITE (DE L')                  (R )";"45,7487100";"4,8428200"
"201900012072";"16";"10";"2019";"10:25";"1";"69";"69383";"2";"1";"1";"3";"FREDERIC MISTRAL                    (R )";"45,7560000";"4,8761900"
"201900012073";"15";"10";"2019";"12:30";"1";"972";"97213";"1";"1";"1";"3";"AUTOROUTE A1";"14,6038180";" -61,0022240"
"201900012074";"16";"10";"2019";"14:40";"1";"972";"97209";"1";"1";"1";"2";"RD 41 (ROCADE)";"14,6144100";" -61,0612600"
"201900012075";"16";"10";"2019";"20:50";"5";"69";"69389";"2";"1";"1";"4";"BOURGOGNE (DE)                      (R )";"45,7767000";"4,8041500"
"201900012076";"16";"10";"2019";"13:10";"1";"69";"69034";"2";"4";"1";"2";"CREPIEUX (DE)                       (CH)";"45,8016700";"4,8666000"
"201900012077";"15";"10";"2019";"17:15";"1";"69";"69385";"2";"1";"3";"6";"MENIVAL (DE)                        (AV)";"45,7553200";"4,7883500"
"201900012078";"15";"10";"2019";"16:35";"1";"69";"69385";"2";"1";"8";"7";"CHEMIN NEUF (DU)                    (MO)";"45,7612800";"4,8251600"
"201900012079";"16";"10";"2019";"09:10";"1";"2B";"2B120";"2";"1";"1";"6";"VILLAGE (Route du) D364";"42,6552000";"9,4365000"