"Num_Acc";"jour";"mois";"an";"hrmn";"lum";"dep";"com";"agg";"int";"atm";"col";"adr";"lat";"long"
"201900012080";"16";"10";"2019";"16:30";"1";"2A";"2A004";"1";"3";"1";"2";"CALVI  ROUTE";"41,9585100";"8,7806600"
"201900012081";"15";"10";"2019";"20:40";"5";"2A";"2A004";"2";"3";"1";"1";"1ER CONSUL RCE RUE CANDIA";"41,9346361";"8,7455110"
"201900012082";"16";"10";"2019";"17:55";"1";"95";"95197";"2";"1";"2";"3";"BRUYERE (RUE DE BRUYERE)";"48,9654100";"2,3196500"
"201900012083";"9";"10";"2019";"18:25";"1";"95";"95127";"2";"1";"1";"6";"CENTAURE (AVENUE DU)";"49,0507000";"2,0411900"
"201900012084";"13";"10";"2019";"21:40";"5";"91";"91471";"2";"1";"1";"7";"LAMARTINE (RUE)";"48,7027600";"2,1968100"
"201900012085";"15";"10";"2019";"09:45";"1";"91";"91223";"1";"1";"1";"7";"R.N.20";"48,3873500";"2,1018100"
"201900012086";"16";"10";"2019";"07:55";"2";"91";"91201";"2";"1";"2";"4";"HENRI BARBUSSE(BOULEVARD)";"48,6703620";"2,4142610"
"201900012087";"25";"4";"2019";"15:30";"1";"75";"75115";"2";"3";"1";"6";"RUE DE VAUGIRARD";"48,8337090";"2,2898970"
"201900012088";"24";"4";"2019";"13:35";"1";"75";"75115";"2";"2";"1";"6";"BOULEVARD DE GRENELLE";"48,8527230";"2,2907520"
"201900012089";"24";"4";"2019";"11:30";"1";"75";"75115";"2";"1";"8";"6";"QUAI ANDRE CITROEN";"48,8469860";"2,2788210"
"201900012090";"21";"4";"2019";"13:45";"1";"75";"75115";"2";"1";"1";"7";"BOULEVARD GENERAL MARTIAL VALIN";"48,8374580";"2,2730810"
"201900012091";"18";"4";"2019";"19:00";"1";"75";"75115";"2";"1";"1";"3";"RUE LACRETELLE";"48,8329550";"2,2919710"
"201900012092";"17";"4";"2019";"14:20";"1";"75";"75115";"2";"2";"1";"6";"RUE VASCO DE GAMA";"48,8379020";"2,2817740"
"201900012093";"24";"4";"2019";"10:00";"1";"75";"75114";"2";"3";"8";"3";"AVENUE REILLE";"48,8244720";"2,3383510"
"201900012094";"23";"4";"2019";"00:45";"5";"75";"75105";"2";"1";"1";"6";"BOULEVARD SAINT MICHEL";"48,8456930";"2,3399390"
"201900012095";"19";"4";"2019";"20:50";"5";"75";"75113";"2";"2";"1";"6";"PONT DE TOLBIAC";"48,8322340";"2,3797700"
"201900012096";"19";"4";"2019";"15:08";"1";"75";"75114";"2";"4";"1";"3";"BOULEVARD ROMAIN ROLLAND";"48,8223170";"2,3142070"
"201900012097";"19";"4";"2019";"08:55";"1";"75";"75114";"2";"2";"1";"3";"AVENUE DU GENERAL LECLERC";"48,8332240";"2,3315160"
"201900012098";"17";"4";"2019";"22:00";"5";"75";"75114";"2";"2";"1";"3";"BOULEVARD ROMAIN ROLLAND";"48,8208070";"2,3210620"
"201900012099";"27";"4";"2019";"18:10";"1";"75";"75113";"2";"1";"1";"3";"AVENUE DE CHOISY";"48,8287610";"2,3579170"
"201900012100";"27";"4";"2019";"12:48";"1";"75";"75113";"2";"3";"1";"3";"QUAI PANHARD ET LEVASSOR";"48,8281010";"2,3848740"
"201900012101";"27";"4";"2019";"06:25";"5";"75";"75113";"2";"1";"2";"6";"AVENUE D ITALIE";"48,8248240";"2,3576960"
"201900012102";"25";"4";"2019";"17:00";"1";"75";"75113";"2";"2";"1";"3";"BOULEVARD DE L HOPITAL";"48,8332590";"2,3568340"
"201900012103";"24";"4";"2019";"18:15";"1";"75";"75113";"2";"2";"1";"3";"AVENUE DES GOBELINS";"48,8358440";"2,3525130"
"201900012104";"24";"4";"2019";"17:58";"1";"75";"75113";"2";"2";"1";"6";"RUE DE TOLBIAC";"48,8270070";"2,3664890"
"201900012105";"24";"4";"2019";"11:00";"1";"75";"75113";"2";"1";"1";"6";"BOULEVARD SAINT MARCEL";"48,8391440";"2,3593720"
"201900012106";"21";"4";"2019";"05:15";"5";"75";"75113";"2";"1";"1";"6";"BOULEVARD DE L HOPITAL";"48,8430280";"2,3642270"
"201900012107";"20";"4";"2019";"19:30";"1";"75";"75113";"2";"3";"1";"3";"QUAI PANHARD ET LEVASSOR";"48,8306520";"2,3817540"
"201900012108";"20";"4";"2019";"00:15";"3";"75";"75113";"2";"1";"1";"2";"PONT CHARLES DE GAULLE";"48,8424550";"2,3688840"
"201900012109";"19";"4";"2019";"12:30";"1";"75";"75113";"2";"1";"1";"3";"AVENUE DE CHOISY";"48,8304020";"2,3566090"
"201900012110";"19";"4";"2019";"09:40";"1";"75";"75113";"2";"1";"1";"2";"BOULEVARD MASSENA";"48,8234680";"2,3747400"
"201900012111";"18";"4";"2019";"15:45";"1";"75";"75113";"2";"1";"1";"3";"RUE DE TOLBIAC";"48,8288930";"2,3736940"
"201900012112";"18";"4";"2019";"05:45";"5";"75";"75113";"2";"1";"1";"6";"RUE DE LA GLACIERE";"48,8291850";"2,3433110"
"201900012113";"25";"4";"2019";"19:50";"1";"75";"75112";"2";"2";"1";"3";"RUE DE CHARENTON";"48,8464450";"2,3789420"
"201900012114";"25";"4";"2019";"13:15";"1";"75";"75112";"2";"1";"1";"6";"RUE DE LA LANCETTE";"48,8372980";"2,3922080"
"201900012115";"25";"4";"2019";"01:20";"5";"75";"75112";"2";"3";"2";"3";"RUE DE REUILLY";"48,8469060";"2,3871360"
"201900012116";"23";"4";"2019";"07:50";"1";"75";"75111";"2";"3";"1";"3";"RUE DU FAUBOURG SAINT ANTOINE";"48,8510330";"2,3772330"
"201900012117";"20";"4";"2019";"01:00";"5";"75";"75112";"2";"2";"1";"5";"QUAI DE LA RAPEE";"48,8458530";"2,3676340"
"201900012118";"19";"4";"2019";"11:50";"1";"75";"75112";"2";"1";"1";"6";"RUE DE REUILLY";"48,8457060";"2,3884920"
"201900012119";"18";"4";"2019";"21:30";"5";"75";"75112";"2";"1";"1";"3";"AVENUE DAUMESNIL";"48,8451990";"2,3796680"
"201900012120";"17";"4";"2019";"11:50";"1";"75";"75112";"2";"3";"1";"6";"RUE DE LYON";"48,8514340";"2,3699000"
"201900012121";"28";"4";"2019";"03:20";"5";"75";"75111";"2";"1";"1";"6";"RUE DU FAUBOURG SAINT ANTOINE";"48,8502320";"2,3835610"
"201900012122";"25";"4";"2019";"08:00";"1";"75";"75111";"2";"3";"2";"2";"RUE JEAN PIERRE TIMBAUD";"48,8684020";"2,3795520"
"201900012123";"23";"4";"2019";"08:45";"1";"75";"75111";"2";"3";"1";"6";"BOULEVARD JULES FERRY";"48,8686640";"2,3670650"
"201900012124";"22";"4";"2019";"20:45";"2";"75";"75111";"2";"3";"1";"3";"RUE DE LA ROQUETTE";"48,8598370";"2,3887550"
"201900012125";"22";"4";"2019";"01:00";"5";"75";"75111";"2";"2";"1";"6";"RUE FAIDHERBE";"48,8504720";"2,3844500"
"201900012126";"20";"4";"2019";"18:50";"1";"75";"75111";"2";"2";"1";"6";"RUE DES BLUETS";"48,8640080";"2,3811980"
"201900012127";"19";"4";"2019";"16:20";"1";"75";"75111";"2";"2";"1";"3";"BOULEVARD JULES FERRY";"48,8686630";"2,3670600"
"201900012128";"19";"4";"2019";"06:45";"2";"75";"75111";"2";"2";"1";"6";"BOULEVARD JULES FERRY";"48,8686630";"2,3670600"
"201900012129";"18";"4";"2019";"16:30";"1";"75";"75111";"2";"3";"1";"6";"IMPASSE MORLET";"48,8508230";"2,3956290"
"201900012130";"18";"4";"2019";"15:35";"1";"75";"75111";"2";"2";"1";"3";"RUE SEDAINE";"48,8579340";"2,3769990"
"201900012131";"18";"4";"2019";"14:25";"1";"75";"75111";"2";"3";"1";"6";"RUE DE CRUSSOL";"48,8643390";"2,3686750"
"201900012132";"23";"4";"2019";"12:10";"1";"75";"75110";"2";"2";"1";"3";"RUE LA FAYETTE";"48,8813340";"2,3647550"
"201900012133";"22";"4";"2019";"17:00";"1";"75";"75110";"2";"1";"1";"6";"RUE DU FAUBOURG SAINT DENIS";"48,8808240";"2,3578780"
"201900012134";"19";"4";"2019";"13:30";"1";"75";"75110";"2";"3";"1";"3";"RUE LA FAYETTE";"48,8825170";"2,3692510"
"201900012135";"18";"4";"2019";"00:02";"5";"75";"75110";"2";"1";"1";"6";"BOULEVARD DE MAGENTA";"48,8688340";"2,3627430"
"201900012136";"23";"4";"2019";"22:37";"5";"75";"75109";"2";"4";"1";"6";"RUE DU FAUBOURG MONTMARTRE";"48,8730440";"2,3430580"
"201900012137";"22";"4";"2019";"20:33";"1";"75";"75109";"2";"7";"1";"3";"PLACE BLANCHE";"48,8836200";"2,3324020"
"201900012138";"28";"4";"2019";"14:00";"1";"75";"75117";"2";"2";"2";"7";"BOULEVARD MALESHERBES";"48,8808520";"2,3125490"
"201900012139";"26";"4";"2019";"11:25";"1";"75";"75117";"2";"2";"1";"3";"BOULEVARD DE COURCELLES";"48,8805020";"2,3094720"
"201900012140";"25";"4";"2019";"19:40";"1";"75";"75108";"2";"4";"1";"3";"COURS LA REINE";"48,8648670";"2,3182350"
"201900012141";"25";"4";"2019";"04:45";"5";"75";"75108";"2";"1";"2";"6";"BOULEVARD MALESHERBES";"48,8799310";"2,3136740"
"201900012142";"21";"4";"2019";"17:30";"1";"75";"75108";"2";"7";"1";"6";"PLACE CLEMENCEAU";"48,8677390";"2,3139890"
"201900012143";"21";"4";"2019";"02:10";"3";"75";"75108";"2";"3";"1";"6";"AVENUE EDWARD TUCK";"48,8659740";"2,3156320"
"201900012144";"19";"4";"2019";"07:00";"1";"75";"75108";"2";"7";"1";"2";"PLACE DE LA CONCORDE";"48,8668750";"2,3211810"
"201900012145";"26";"4";"2019";"10:30";"1";"75";"75107";"2";"2";"1";"3";"BOULEVARD DES INVALIDES";"48,8494970";"2,3152990"
"201900012146";"26";"4";"2019";"08:40";"1";"75";"75107";"2";"2";"1";"3";"RUE D ESTREES";"48,8515740";"2,3117400"
"201900012147";"25";"4";"2019";"13:30";"1";"75";"75107";"2";"2";"8";"3";"AVENUE DE LA MOTTE PICQUET";"48,8572800";"2,3099630"
"201900012148";"18";"4";"2019";"08:45";"1";"75";"75107";"2";"1";"1";"7";"SOUTERRAIN BRANLY";"48,8591900";"2,2932590"
"201900012149";"17";"4";"2019";"10:45";"1";"75";"75107";"2";"3";"1";"3";"BOULEVARD DES INVALIDES";"48,8561500";"2,3150140"
"201900012150";"27";"4";"2019";"19:20";"1";"75";"75104";"2";"2";"8";"6";"RUE DE RIVOLI";"48,8578870";"2,3501980"
"201900012151";"19";"4";"2019";"16:15";"1";"75";"75104";"2";"2";"1";"6";"RUE DE LOBAU";"48,8569500";"2,3537180"
"201900012152";"19";"4";"2019";"14:00";"1";"75";"75104";"2";"2";"1";"2";"QUAI DE GESVRES";"48,8567130";"2,3489260"
"201900012153";"27";"4";"2019";"21:30";"5";"75";"75103";"2";"1";"1";"5";"BOULEVARD SAINT MARTIN";"48,8684410";"2,3590490"
"201900012154";"27";"4";"2019";"08:40";"1";"75";"75103";"2";"3";"1";"3";"BOULEVARD BEAUMARCHAIS";"48,8609890";"2,3672500"
"201900012155";"25";"4";"2019";"16:05";"1";"75";"75103";"2";"1";"1";"3";"RUE DE TURBIGO";"48,8647010";"2,3527090"
"201900012156";"24";"4";"2019";"01:45";"5";"75";"75103";"2";"7";"1";"6";"PLACE DE LA REPUBLIQUE";"48,8666020";"2,3646720"
"201900012157";"20";"4";"2019";"04:00";"5";"75";"75101";"2";"2";"1";"1";"RUE ETIENNE MARCEL";"48,8652870";"2,3430850"
"201900012158";"18";"4";"2019";"16:45";"1";"75";"75103";"2";"2";"1";"6";"RUE REAUMUR";"48,8659610";"2,3537780"
"201900012159";"18";"4";"2019";"02:12";"5";"75";"75103";"2";"1";"1";"6";"BOULEVARD SAINT MARTIN";"48,8683520";"2,3596420"
"201900012160";"24";"4";"2019";"17:40";"1";"75";"75102";"2";"2";"2";"6";"RUE DE CLERY";"48,8677580";"2,3454780"
"201900012161";"19";"4";"2019";"10:00";"1";"75";"75101";"2";"2";"1";"3";"RUE DANIELLE CASANOVA";"48,8683160";"2,3302880"
"201900012162";"18";"4";"2019";"13:05";"1";"75";"75103";"2";"3";"1";"6";"RUE BEAUBOURG";"48,8617460";"2,3537800"
"201900012163";"26";"4";"2019";"08:50";"1";"75";"75101";"2";"2";"1";"7";"RUE DE RIVOLI";"48,8639880";"2,3313520"
"201900012164";"25";"4";"2019";"08:25";"1";"75";"75101";"2";"2";"1";"3";"RUE DE L AMIRAL DE COLIGNY";"48,8609130";"2,3408490"
"201900012165";"25";"4";"2019";"04:40";"3";"75";"75101";"2";"7";"2";"6";"PLACE ANDRE MALRAUX";"48,8638310";"2,3342260"
"201900012166";"23";"4";"2019";"17:45";"1";"75";"75101";"2";"1";"1";"6";"QUAI DU LOUVRE";"48,8587300";"2,3412620"
"201900012167";"26";"4";"2019";"17:15";"1";"94";"94081";"2";"3";"1";"3";"HENRI BARBUSSE (AV)";"48,7928500";"2,3927300"
"201900012168";"24";"4";"2019";"06:45";"1";"94";"94081";"2";"4";"1";"3";"PRESIDENT SALVADOR ALLENDE (AV DU)";"48,7955600";"2,4070300"
"201900012169";"23";"4";"2019";"00:50";"5";"94";"94081";"2";"1";"1";"6";"EDOUARD TREMBLAY (R)";"48,7843900";"2,3760100"
"201900012170";"19";"4";"2019";"20:50";"2";"94";"94081";"2";"2";"1";"3";"CHOISY (R DE)";"48,7877100";"2,3981400"
"201900012171";"18";"4";"2019";"15:45";"1";"94";"94081";"2";"1";"1";"3";"PAUL VAILLANT COUTURIER (AV)";"48,7928715";"2,3954631"
"201900012172";"23";"4";"2019";"18:10";"1";"94";"94067";"2";"1";"1";"6";"MINIMES (AV DES)";"48,8417300";"2,4260900"
"201900012173";"20";"4";"2019";"13:50";"1";"94";"94080";"2";"1";"1";"3";"NOGENT (AV DE)";"48,8445617";"2,4400699"
"201900012174";"19";"4";"2019";"14:00";"1";"94";"94067";"2";"3";"1";"1";"GENERAL DE GAULLE (AV DU)";"48,8454800";"2,4175100"
"201900012175";"27";"4";"2019";"23:40";"5";"94";"94074";"2";"1";"1";"6";"HENRI BARBUSSE (AV)";"48,7703200";"2,4405200"
"201900012176";"22";"4";"2019";"12:55";"1";"94";"94078";"2";"1";"1";"1";"HENRI SELLIER (R)";"48,7311300";"2,4482100"
"201900012177";"21";"4";"2019";"07:05";"1";"94";"94074";"2";"1";"1";"6";"FONTAINE SAINT-MARTIN (R DE LA)";"48,7357300";"2,4719900"
"201900012178";"24";"4";"2019";"23:30";"5";"94";"94068";"2";"2";"2";"3";"FOUR (R DU)";"48,8111000";"2,4694000"
"201900012179";"23";"4";"2019";"21:45";"5";"94";"94068";"2";"1";"1";"3";"BAC (AV DU)";"48,7944000";"2,5116000"
"201900012180";"23";"4";"2019";"17:30";"1";"94";"94068";"2";"1";"1";"6";"RONSARD (AV)";"48,8084600";"2,4680700"
"201900012181";"20";"4";"2019";"05:10";"5";"94";"94068";"2";"1";"1";"6";"JEAN JAURES (AV)";"48,7939600";"2,4772100"
"201900012182";"19";"4";"2019";"14:40";"1";"94";"94068";"2";"1";"1";"2";"BAC (AV DU)";"48,7963000";"2,5068000"
"201900012183";"25";"4";"2019";"23:10";"5";"94";"94058";"2";"2";"1";"1";"ONZE NOVEMBRE (AV DU)";"48,8468000";"2,4968200"
"201900012184";"21";"4";"2019";"21:30";"5";"94";"94015";"2";"1";"1";"3";"GENERAL LECLERC (AV)";"48,8313300";"2,5198500"
"201900012185";"18";"4";"2019";"09:40";"1";"94";"94058";"2";"2";"1";"3";"GENERAL DE GAULLE (AV DU)";"48,8390620";"2,5086440"
"201900012186";"17";"4";"2019";"23:30";"5";"94";"94052";"2";"2";"1";"5";"JACQUES KABLE (R)";"48,8354800";"2,4938100"
"201900012187";"27";"4";"2019";"21:00";"5";"94";"94046";"2";"3";"2";"3";"RUE GUE AUX AUROCHS";"48,8144200";"2,4237700"
"201900012188";"23";"4";"2019";"09:50";"1";"94";"94046";"2";"2";"1";"3";"GAMBETTA (AV)";"48,8100500";"2,4400700"
"201900012189";"19";"4";"2019";"12:45";"1";"94";"94046";"2";"2";"1";"5";"LIEUTENANT DE VAISSEAU D'ESTIENNE D'ORVE";"48,8132000";"2,4312600"
"201900012190";"17";"4";"2019";"08:10";"1";"94";"94046";"2";"1";"1";"3";"REPUBLIQUE (AV DE LA)";"48,8047800";"2,4385100"
"201900012191";"26";"4";"2019";"23:15";"5";"94";"94076";"2";"3";"1";"6";"RENE THIBERT (R)";"48,8052000";"2,3620000"
"201900012192";"21";"4";"2019";"20:40";"4";"94";"94076";"2";"1";"1";"7";"CHEVILLY (R DE)";"48,7865000";"2,3543000"
"201900012193";"26";"4";"2019";"05:55";"5";"94";"94034";"2";"1";"1";"3";"PEPINIERES (AV DES)";"48,7675000";"2,3513000"
"201900012194";"19";"4";"2019";"19:00";"1";"94";"94076";"2";"1";"1";"6";"LOUIS ARAGON (AV)";"48,7886720";"2,3709110"
"201900012195";"19";"4";"2019";"07:30";"1";"94";"94076";"2";"3";"1";"3";"PRESIDENT ALLENDE (AV DU)";"48,7966200";"2,3507600"
"201900012196";"19";"4";"2019";"08:30";"1";"94";"94076";"2";"1";"1";"6";"PARIS (AV DE)";"48,8072851";"2,3630208"
"201900012197";"19";"4";"2019";"07:40";"1";"94";"94076";"2";"9";"1";"6";"DAUPHIN (R)";"48,8057000";"2,3637900"
"201900012198";"26";"4";"2019";"19:10";"1";"94";"94041";"2";"1";"1";"2";"ROBESPIERRE (R)";"48,8092100";"2,3855000"
"201900012199";"26";"4";"2019";"10:30";"1";"94";"94041";"2";"3";"1";"6";"VERDUN (AV DE)";"48,8156300";"2,3680400"
"201900012200";"25";"4";"2019";"20:15";"1";"94";"94041";"2";"1";"1";"2";"GEORGES GOSNAT (AV)";"48,8115500";"2,3848900"
"201900012201";"23";"4";"2019";"23:27";"5";"94";"94041";"2";"1";"1";"6";"CARNOT (R)";"48,8085100";"2,3687100"
"201900012202";"22";"4";"2019";"00:40";"5";"94";"94041";"2";"9";"1";"6";"JEAN LE GALLEU (R)";"48,8110000";"2,3798000"
"201900012203";"19";"4";"2019";"16:05";"1";"94";"94041";"2";"1";"1";"2";"GEORGES GOSNAT (AV)";"48,8153100";"2,3921800"
"201900012204";"26";"4";"2019";"05:55";"5";"94";"94065";"2";"3";"1";"3";"PEPINIERES Av (MIN DE RUNGIS)";"48,7675000";"2,3513000"
"201900012205";"22";"4";"2019";"07:25";"2";"94";"94038";"2";"1";"1";"6";"ARISTIDE BRIAND (AV)";"48,7816200";"2,3345000"
"201900012206";"19";"4";"2019";"17:30";"1";"94";"94073";"2";"1";"1";"1";"DOCTEUR MARIE (R DU)";"48,7462600";"2,3739600"
"201900012207";"19";"4";"2019";"16:45";"1";"94";"94021";"2";"1";"1";"6";"ADJUDANT CHEF DERICBOURG (R DE L)";"48,7736660";"2,3551460"
"201900012208";"28";"4";"2019";"07:25";"2";"94";"94033";"2";"1";"1";"6";"ROGER SALENGRO (R)";"48,8506800";"2,4883400"
"201900012209";"23";"4";"2019";"18:07";"1";"94";"94033";"2";"4";"1";"7";"REPUBLIQUE (AV DE LA)";"48,8520000";"2,4600000"
"201900012210";"27";"4";"2019";"12:45";"1";"94";"94028";"2";"1";"1";"6";"POMPADOUR(CARREFOUR)";"48,7743250";"2,4388350"
"201900012211";"25";"4";"2019";"12:30";"1";"94";"94028";"2";"1";"2";"3";"CASALIS.(AVE DU DR PAUL)";"48,7802400";"2,4720400"
"201900012212";"24";"4";"2019";"18:00";"1";"94";"94028";"2";"9";"2";"2";"PARIS.(RUE DE)";"48,7939000";"2,4610000"
"201900012213";"20";"4";"2019";"15:15";"1";"94";"94028";"2";"1";"1";"7";"FOCH(AVENUE DU MARECHAL)";"48,7850400";"2,4363900"
"201900012214";"20";"4";"2019";"16:00";"1";"94";"94028";"2";"1";"1";"6";"CHOISY(ROUTE DE)";"48,7901800";"2,4527100"
"201900012215";"19";"4";"2019";"12:15";"1";"94";"94028";"2";"1";"1";"6";"POMPADOUR(ROUTE DE LA)";"48,7667670";"2,4716150"
"201900012216";"17";"4";"2019";"22:25";"5";"94";"94011";"1";"2";"1";"5";"RN 406";"48,7581965";"2,4802813"
"201900012217";"27";"4";"2019";"18:55";"1";"94";"94022";"2";"1";"2";"3";"LUGO (AV DE)";"48,7733100";"2,4093200"
"201900012218";"26";"4";"2019";"17:24";"1";"94";"94022";"2";"1";"1";"6";"DOCTEUR ROUX (R DU)";"48,7707800";"2,4020800"
"201900012219";"24";"4";"2019";"23:40";"5";"94";"94022";"2";"2";"2";"6";"ALLIES (BD DES)";"48,7645400";"2,4055600"
"201900012220";"24";"4";"2019";"12:15";"1";"94";"94054";"2";"9";"1";"6";"LANCES (R DES)";"48,7507207";"2,3900492"
"201900012221";"26";"4";"2019";"22:00";"5";"94";"94055";"2";"1";"1";"3";"OLIVIER D ORMESSON (AV)";"48,7843500";"2,5371400"
"201900012222";"22";"4";"2019";"15:50";"1";"94";"94019";"2";"1";"1";"3";"AUGUSTE COMTE (R)";"48,8020827";"2,5477199"
"201900012223";"21";"4";"2019";"18:10";"1";"94";"94060";"2";"2";"1";"3";"MARECHAL HORTIER (AV DU)";"48,7912800";"2,5776400"
"201900012224";"20";"4";"2019";"18:30";"1";"94";"94079";"2";"1";"1";"2";"STRASBOURG (BD DE)";"48,8237000";"2,5448200"
"201900012225";"19";"4";"2019";"09:00";"1";"94";"94055";"2";"1";"1";"6";"AMBOILE (R D)";"48,7861400";"2,5308500"
"201900012226";"18";"4";"2019";"09:00";"1";"94";"94079";"2";"1";"1";"2";"ANDRE ROUY (R)";"48,8226380";"2,5515040"
"201900012227";"25";"4";"2019";"10:15";"1";"94";"94017";"2";"1";"2";"3";"STALINGRAD (BD DE)";"48,8227900";"2,4974000"
"201900012228";"20";"4";"2019";"17:10";"1";"94";"94017";"2";"1";"1";"6";"LENINE (PL)";"48,8119800";"2,5111000"
"201900012229";"19";"4";"2019";"13:45";"1";"94";"94017";"2";"1";"1";"6";"LOUIS TALAMONI (R)";"48,8131600";"2,5129900"
"201900012230";"26";"4";"2019";"14:00";"1";"94";"94071";"2";"1";"1";"2";"LESIGNY (RTE DE)";"48,7612200";"2,5485400"
"201900012231";"23";"4";"2019";"12:51";"1";"94";"94004";"2";"1";"1";"6";"GENERAL LECLERC (AV)";"48,7537800";"2,5065700"
"201900012232";"19";"4";"2019";"13:40";"1";"94";"94004";"2";"1";"1";"2";"CHARLES DE GAULLE (AV)";"48,7530000";"2,4990600"
"201900012233";"26";"4";"2019";"12:45";"1";"94";"94002";"2";"1";"1";"6";"BLANQUI (QU)";"48,8062400";"2,4115600"
"201900012234";"22";"4";"2019";"20:50";"1";"94";"94002";"2";"1";"1";"3";"BEETHOVEN (COUR)";"48,7913100";"2,4305200"
"201900012235";"27";"4";"2019";"10:30";"1";"93";"93073";"1";"1";"1";"2";"CHAPIT RE ( RUE DU)";"48,9966200";"2,5190900"
"201900012236";"23";"4";"2019";"17:50";"1";"93";"93073";"2";"1";"1";"6";"PARC (AVENUE DU)";"48,9546400";"2,5702900"
"201900012237";"18";"4";"2019";"20:55";"5";"93";"93073";"2";"6";"1";"2";"CHAPIT RE ( RUE DU)";"49,0027770";"2,5369100"
"201900012238";"28";"4";"2019";"20:35";"1";"93";"93071";"2";"1";"1";"1";"AULNAY (RUE D')";"48,9398900";"2,5165010"
"201900012239";"25";"4";"2019";"19:40";"1";"93";"93071";"2";"1";"1";"6";"PIERRE CURIE (AVENUE)";"48,9333000";"2,5333000"
"201900012240";"25";"4";"2019";"22:40";"5";"93";"93070";"2";"6";"8";"2";"PONT (PL DU)";"48,9183000";"2,3293000"
"201900012241";"26";"4";"2019";"16:15";"1";"93";"93066";"2";"1";"1";"6";"THOREZ MAURICE NR 2 A 10";"48,9400300";"2,3452100"
"201900012242";"23";"4";"2019";"11:34";"1";"93";"93066";"2";"1";"1";"3";"WILSON (AVENUE DU PRESIDENT)";"48,9128200";"2,3584900"
"201900012243";"23";"4";"2019";"08:30";"1";"93";"93066";"2";"2";"1";"3";"FRANCE ANATOLE (BOULEVARD) NR AUTRES";"48,9254700";"2,3566900"
"201900012244";"20";"4";"2019";"12:30";"1";"93";"93039";"2";"1";"1";"6";"MECHIN";"48,9357660";"2,3396070"
"201900012245";"19";"4";"2019";"17:35";"1";"93";"93066";"2";"2";"1";"3";"ORNANO (BOULEVARD)";"48,9141400";"2,3443900"
"201900012246";"16";"4";"2019";"08:20";"1";"93";"93066";"2";"1";"1";"6";"ROLLAND ROMAIN (AVENUE)";"48,9371860";"2,3729050"
"201900012247";"28";"4";"2019";"14:40";"1";"93";"93064";"2";"1";"2";"6";"STRASBOURG (RUE DE)";"48,8668600";"2,4954300"
"201900012248";"25";"4";"2019";"14:20";"1";"93";"93064";"2";"2";"1";"3";"LECLERC (RUE DU GENERAL)";"48,8713500";"2,4864000"
"201900012249";"22";"4";"2019";"19:05";"1";"93";"93064";"2";"1";"1";"4";"HOFFMANN (RUE PHILIBERT)";"48,8799400";"2,4853400"
"201900012250";"22";"4";"2019";"13:20";"1";"93";"93077";"2";"2";"1";"6";"LECLERC (AVENUE DU GENERAL)";"48,8856800";"2,5118400"
"201900012251";"24";"4";"2019";"22:10";"5";"93";"93055";"2";"1";"1";"6";"EGLISE (PLACE)";"48,8927100";"2,4137600"
"201900012252";"20";"4";"2019";"16:00";"1";"93";"93055";"2";"1";"1";"6";"EDOUARD VAILLANT DU 2/38.";"48,8973700";"2,3997200"
"201900012253";"17";"4";"2019";"19:27";"1";"93";"93055";"2";"3";"1";"6";"HONORE";"48,9034500";"2,3942300"
"201900012254";"20";"4";"2019";"11:00";"1";"93";"93053";"2";"9";"1";"6";"DECOUVERTES (PLACE DES)";"48,8908000";"2,4558000"
"201900012255";"22";"4";"2019";"18:25";"1";"93";"93051";"2";"9";"1";"2";"PAVE NEUF (AVENUE)";"48,8378400";"2,5618000"
"201900012256";"20";"4";"2019";"05:00";"5";"93";"93051";"2";"9";"2";"6";"RU DE NESLE (BOULEVARD)";"48,8345000";"2,5832000"
"201900012257";"28";"4";"2019";"13:20";"1";"93";"93049";"2";"4";"2";"1";"NORD (AVENUE)";"48,8700000";"2,5200000"
"201900012258";"26";"4";"2019";"18:30";"1";"93";"93050";"2";"2";"1";"3";"ABEL TUFFIER (RUE)";"48,8577800";"2,5387000"
"201900012259";"25";"4";"2019";"19:10";"1";"93";"93049";"2";"2";"1";"6";"GEORGES CLEMENCEAU (AVENUE) 1-2 AU 45-50";"48,8644800";"2,5106300"
"201900012260";"18";"4";"2019";"14:25";"1";"93";"93050";"2";"1";"1";"2";"GENERAL DE GAULLE (AVENUE)";"48,8567680";"2,5301400"
"201900012261";"27";"4";"2019";"19:00";"1";"93";"93048";"2";"1";"2";"6";"CLOS FRANCAIS (RUE DES)";"48,8656710";"2,4322540"
"201900012262";"27";"4";"2019";"15:00";"1";"93";"93074";"2";"9";"1";"5";"MONTAUBAN RUE DE";"48,9314350";"2,5738940"
"201900012263";"24";"4";"2019";"23:50";"5";"93";"93074";"2";"2";"2";"1";"MEAUX RUE DE";"48,9356100";"2,5747500"
"201900012264";"24";"4";"2019";"22:50";"3";"93";"93074";"1";"1";"2";"6";"Route Nationale 3";"48,9341400";"2,5835800"
"201900012265";"21";"4";"2019";"14:20";"1";"93";"93046";"2";"1";"1";"6";"LEO LAGRANGE AVENUE";"48,9209710";"2,5187350"
"201900012266";"19";"4";"2019";"17:20";"1";"93";"93046";"2";"2";"1";"6";"EGLISE RUE DE L'";"48,9213200";"2,5470100"
"201900012267";"27";"4";"2019";"20:30";"1";"93";"93061";"2";"2";"8";"6";"JAURES AVENUE JEAN";"48,8860000";"2,4070000"
"201900012268";"20";"4";"2019";"20:00";"2";"93";"93006";"2";"2";"1";"3";"STALINGRAD AV.";"48,8710000";"2,4309000"
"201900012269";"21";"4";"2019";"04:30";"3";"93";"93032";"2";"1";"1";"5";"JEAN JAURES (AVENUE)";"48,8829600";"2,5267600"
"201900012270";"25";"4";"2019";"18:00";"1";"93";"93031";"2";"1";"1";"6";"FOCH (BOULEVARD)";"48,9464870";"2,3343010"
"201900012271";"24";"4";"2019";"18:50";"1";"93";"93031";"2";"1";"1";"3";"JOFFRE (AVENUE)";"48,9603240";"2,2979770"