"Num_Acc";"jour";"mois";"an";"hrmn";"lum";"dep";"com";"agg";"int";"atm";"col";"adr";"lat";"long"
"201900012272";"19";"4";"2019";"21:35";"5";"93";"93059";"2";"1";"1";"6";"JEAN MERMOZ (BOULEVARD) N°59AU185 ET 76A";"48,9728800";"2,3662900"
"201900012273";"19";"4";"2019";"17:15";"1";"93";"93031";"2";"9";"7";"6";"REPUBLIQUE (AVENUE)";"48,9499800";"2,3284000"
"201900012274";"20";"4";"2019";"23:50";"5";"93";"93029";"2";"1";"1";"3";"HENRI BARBUSSE (AVE) N°126-280";"48,9225600";"2,4567600"
"201900012275";"27";"4";"2019";"18:35";"1";"93";"93027";"2";"6";"3";"3";"BARBUSSE (AVENUE HENRI)";"48,9320500";"2,3987400"
"201900012276";"27";"4";"2019";"15:50";"1";"93";"93027";"2";"1";"1";"5";"VAILLANT-COUTURIER (AVENUE PAUL)";"48,9189400";"2,4089200"
"201900012277";"25";"4";"2019";"15:20";"1";"93";"93027";"2";"1";"1";"6";"SAINT-JUST (RUE)";"48,9267800";"2,3809500"
"201900012278";"24";"4";"2019";"12:20";"1";"93";"93027";"2";"1";"1";"3";"REPUBLIQUE (AVENUE DE LA)";"48,9303300";"2,3921700"
"201900012279";"10";"8";"2019";"06:30";"2";"70";"70413";"2";"1";"2";"6";"3 Rue du Général Brosset";"47,7305950";"6,7307890"
"201900012280";"9";"8";"2019";"10:20";"1";"70";"70111";"1";"1";"1";"1";"rn 19";"47,6483950";"6,3009320"
"201900012281";"10";"8";"2019";"17:15";"1";"26";"26276";"1";"9";"1";"2";"Route de Nyons";"44,4727110";"5,0266050"
"201900012282";"9";"8";"2019";"10:30";"1";"26";"26040";"1";"1";"1";"7";"D93, PK 95";"44,5529070";"5,5912180"
"201900012283";"8";"8";"2019";"19:20";"1";"66";"66179";"1";"1";"1";"6";"VC";"42,3648140";"2,5999680"
"201900012284";"7";"8";"2019";"22:15";"3";"66";"66049";"1";"1";"1";"6";"RD 115";"42,5053010";"2,7657080"
"201900012285";"7";"8";"2019";"19:15";"1";"54";"54260";"1";"1";"1";"7";"lieu dit les grenouilles";"48,5664410";"6,4992750"
"201900012286";"30";"7";"2019";"22:15";"3";"54";"54588";"1";"1";"1";"6";"chemin saint anne";"48,5836840";"6,4710600"
"201900012287";"11";"8";"2019";"10:50";"1";"6";"06073";"1";"1";"1";"7";"RM2205";"44,1737524";"7,0797665"
"201900012288";"11";"8";"2019";"11:00";"1";"6";"06150";"2";"1";"1";"3";"9 Route de Menton";"43,7469790";"7,4014240"
"201900012289";"10";"8";"2019";"14:30";"1";"14";"14621";"1";"1";"1";"7";"RD47";"49,0346120";"0,3401480"
"201900012290";"11";"8";"2019";"16:00";"1";"5";"05106";"1";"1";"1";"1";"N94";"44,5297250";"6,3334029"
"201900012291";"11";"8";"2019";"10:00";"1";"5";"05029";"1";"1";"1";"2";"D944";"44,6426140";"6,1660220"
"201900012292";"9";"8";"2019";"15:30";"1";"5";"05170";"1";"1";"1";"1";"D942";"44,4499390";"6,0370020"
"201900012293";"10";"8";"2019";"16:20";"1";"50";"50400";"1";"1";"1";"6";"Bernaville";"49,3872990";" -1,3984430"
"201900012294";"8";"8";"2019";"11:30";"1";"50";"50410";"1";"1";"1";"7";"les millardièrs";"48,5634190";" -1,5158730"
"201900012295";"9";"8";"2019";"16:00";"1";"50";"50436";"1";"1";"8";"1";"La Monnerais (Fontenay)";"48,6272573";" -1,0190059"
"201900012296";"11";"8";"2019";"01:10";"3";"50";"50046";"1";"1";"1";"7";"La Croix Rouge";"49,1386750";" -0,9622930"
"201900012297";"10";"8";"2019";"18:45";"1";"50";"50446";"1";"2";"1";"3";"Impasse Balleroy";"49,1398960";" -1,0053590"
"201900012298";"9";"8";"2019";"17:30";"1";"83";"83121";"1";"1";"1";"2";"Route de Sillans";"43,5705300";"6,2243710"
"201900012299";"9";"8";"2019";"11:00";"1";"9";"09264";"1";"3";"1";"3";"Route Départementale 624";"43,0278560";"1,6150000"
"201900012300";"9";"8";"2019";"09:30";"1";"9";"09296";"1";"1";"1";"2";"ROUTE NATIONALE 20";"42,7984520";"1,6616800"
"201900012301";"9";"8";"2019";"09:10";"1";"64";"64160";"2";"1";"1";"2";"Avenue de l'Ursuya";"43,3604473";" -1,3826789"
"201900012302";"9";"8";"2019";"20:00";"1";"18";"18028";"1";"1";"1";"6";"L'Ermitage";"47,1017860";"2,3252880"
"201900012303";"9";"8";"2019";"14:15";"1";"18";"18281";"2";"1";"1";"6";"RD2076";"47,2035600";"2,1696870"
"201900012304";"3";"8";"2019";"13:30";"1";"43";"43087";"1";"1";"1";"7";"CD23  lieu dit gounier";"45,2150430";"4,3440670"
"201900012305";"8";"8";"2019";"17:30";"1";"43";"43159";"1";"1";"1";"1";"La détourbe";"45,1717800";"4,2851720"
"201900012306";"9";"8";"2019";"16:50";"1";"43";"43132";"1";"1";"1";"3";"RD 56";"45,1201330";"3,5277900"
"201900012307";"10";"8";"2019";"20:35";"1";"10";"10323";"2";"1";"1";"7";"La Garenne Saint-Jacques";"48,5084730";"3,7600830"
"201900012308";"10";"8";"2019";"18:38";"1";"10";"10140";"1";"1";"1";"1";"RN77";"48,1047600";"3,8957100"
"201900012309";"11";"8";"2019";"14:45";"1";"7";"07301";"1";"1";"1";"3";"N/A";"45,0737387";"4,6750147"
"201900012310";"10";"8";"2019";"13:40";"1";"7";"07338";"1";"1";"1";"6";"D2";"44,8877400";"4,6363710"
"201900012311";"1";"8";"2019";"08:00";"1";"24";"24179";"1";"1";"1";"7";"route de PAZAYAC";"45,1160000";"1,3967600"
"201900012312";"9";"8";"2019";"15:50";"1";"24";"24330";"1";"1";"1";"7";"D45";"45,0347890";"1,0391750"
"201900012313";"7";"8";"2019";"10:50";"1";"24";"24074";"1";"1";"2";"5";"foncabrol";"44,8624500";"1,3459370"
"201900012314";"11";"8";"2019";"17:30";"1";"4";"04123";"1";"1";"1";"1";"RD 4075 Pont du canal";"44,2557850";"5,8713920"
"201900012315";"8";"8";"2019";"16:15";"1";"4";"04049";"2";"1";"1";"5";"RD 4096 Le Barrasson";"44,0786656";"5,9942034"
"201900012316";"10";"8";"2019";"21:15";"2";"85";"85051";"1";"1";"1";"7";"D 31";"46,6590340";" -0,9942540"
"201900012317";"9";"8";"2019";"15:30";"1";"27";"27051";"1";"1";"1";"6";"Rue du Val Saint-Martin";"49,0593370";"0,7476300"
"201900012318";"8";"8";"2019";"18:30";"1";"28";"28014";"1";"1";"1";"6";"D928";"48,6582510";"1,3024250"
"201900012319";"10";"8";"2019";"14:15";"1";"28";"28324";"1";"4";"1";"6";"Rue des Creaux";"48,5073890";"1,2566500"
"201900012320";"6";"8";"2019";"17:30";"1";"17";"17385";"2";"7";"1";"6";"2 Route des Mirouelles";"45,9445860";" -1,3164150"
"201900012321";"10";"8";"2019";"10:45";"1";"30";"30062";"1";"1";"1";"5";"route départementale 40";"43,7767600";"4,1839990"
"201900012322";"11";"8";"2019";"11:46";"1";"48";"48056";"1";"3";"8";"3";"D808 intersection avec Chemin de Rocherousse";"44,5022110";"3,3605110"
"201900012323";"10";"8";"2019";"01:20";"3";"52";"52227";"1";"1";"1";"6";"RD 108";"48,1816733";"5,6398702"
"201900012324";"5";"8";"2019";"15:26";"1";"88";"88327";"1";"1";"1";"2";"route nationale 57, PK 16";"48,3042670";"6,3714960"
"201900012325";"2";"8";"2019";"11:11";"1";"24";"24194";"1";"1";"1";"1";"Gaspard";"44,8376000";"0,3191800"
"201900012326";"10";"8";"2019";"04:40";"3";"72";"72160";"1";"1";"1";"7";"Autoroute 28, PK 062+000";"47,7197570";"0,3437960"
"201900012327";"8";"8";"2019";"13:45";"1";"24";"24152";"1";"1";"1";"1";"Turnac";"44,8161220";"1,2647830"
"201900012328";"19";"7";"2019";"17:30";"1";"24";"24575";"1";"9";"1";"1";"route départemntale D 50";"44,7902000";"1,1246900"
"201900012329";"8";"8";"2019";"15:15";"1";"35";"35352";"1";"6";"1";"3";"Le Pâtis Fraux";"48,0445200";" -1,6081410"
"201900012330";"6";"8";"2019";"05:15";"3";"13";"13113";"1";"1";"1";"7";"A51";"43,5905340";"5,4804400"
"201900012331";"10";"8";"2019";"20:20";"2";"42";"42020";"1";"1";"1";"2";"A 72 PK 109";"45,6114860";"4,2066580"
"201900012332";"9";"8";"2019";"22:30";"3";"1";"01422";"1";"1";"3";"6";"A40";"46,1259987";"5,2829734"
"201900012333";"10";"8";"2019";"07:45";"1";"973";"97309";"1";"1";"1";"3";"Route Départementale 23";"4,8922944";" -52,2894555"
"201900012334";"10";"8";"2019";"11:43";"1";"33";"33284";"1";"1";"1";"2";"A63 pk 20+8205";"44,6633600";" -0,8212300"
"201900012335";"9";"8";"2019";"18:30";"1";"33";"33284";"1";"9";"1";"2";"Autoroute a660 pk 004.200";"44,6253200";" -0,8830200"
"201900012336";"9";"8";"2019";"09:15";"1";"13";"13001";"1";"1";"1";"5";"A8, PK 018.00, sens nord";"43,5138420";"5,4362040"
"201900012337";"10";"8";"2019";"01:10";"3";"2";"02290";"1";"1";"1";"7";"Autoroute A4 PK 77+800 sens REIMS/ PARIS";"49,0514480";"3,3114590"
"201900012338";"7";"8";"2019";"11:30";"1";"14";"14301";"1";"1";"1";"4";"autoroute A13 PK221+100 vers CAEN";"49,1810680";" -0,2827700"
"201900012339";"22";"5";"2019";"00:05";"3";"38";"38508";"1";"1";"1";"2";"A48 - PK 050.400 SENS SUD";"45,5198610";"5,3995530"
"201900012340";"11";"8";"2019";"08:45";"1";"45";"45313";"1";"1";"1";"6";"A10 Pk 081+600";"48,0529623";"1,8423437"
"201900012341";"10";"8";"2019";"15:20";"1";"45";"45067";"1";"1";"1";"6";"Autoroute A10, point kilométrique 102+800";"47,8974400";"1,7893579"
"201900012342";"11";"8";"2019";"12:00";"1";"60";"60369";"1";"1";"1";"6";"A1 PK57+600 SENS LILLE VERS PARIS";"49,3176999";"2,6863849"
"201900012343";"19";"7";"2019";"14:00";"1";"2B";"2B342";"1";"1";"1";"5";"RT 10";"41,9295230";"9,3916600"
"201900012344";"5";"6";"2019";"14:50";"1";"987";"98733";"2";"1";"1";"3";"PK 20.500";" -17,6793760";" -149,5876860"
"201900012345";"8";"8";"2019";"22:30";"3";"988";"98832";"1";"1";"1";"6";"RP3 - POINTE AU ACCACIAS";" -22,1529019";"166,8375367"
"201900012346";"7";"8";"2019";"13:45";"1";"973";"97312";"1";"1";"1";"3";"RN1 pk 117+500";"5,3808454";" -52,9798293"
"201900012347";"10";"8";"2019";"22:40";"3";"971";"97122";"1";"1";"1";"7";"Goguette";"16,4458480";" -61,5154770"
"201900012348";"7";"8";"2019";"16:00";"1";"971";"97129";"1";"1";"3";"1";"N2 AU NIVEAU PLAGE DE MANBIA";"16,3444560";" -61,7181600"
"201900012349";"9";"8";"2019";"02:40";"3";"33";"33527";"1";"1";"1";"6";"3 Rue de Balanos";"44,6204100";" -1,0115500"
"201900012350";"10";"8";"2019";"17:30";"1";"33";"33203";"1";"2";"1";"3";"RD101/RD205/RD3E2 Lagunan";"45,1995500";" -0,9445500"
"201900012351";"11";"8";"2019";"17:30";"1";"37";"37027";"1";"1";"1";"3";"RD 976, PK 6";"47,3175200";"1,0240910"
"201900012352";"5";"8";"2019";"07:30";"2";"37";"37004";"2";"1";"1";"6";"27 Rue de la Gautraie";"47,1324900";"0,3099870"
"201900012353";"10";"8";"2019";"18:40";"1";"45";"45085";"2";"3";"1";"3";"FB de Montargis - CHEMIN DES ECORCES";"47,8346690";"2,8414560"
"201900012354";"2";"8";"2019";"22:25";"5";"91";"91659";"2";"1";"1";"3";"4 avenue de la gare";"48,5919720";"2,4567040"
"201900012355";"29";"7";"2019";"16:00";"1";"2A";"2A247";"2";"1";"1";"4";"82 Avenue de Bastia";"41,6066880";"9,2777410"
"201900012356";"9";"8";"2019";"03:45";"1";"66";"66008";"1";"1";"1";"6";"RD618";"42,5511040";"2,9978240"
"201900012357";"15";"7";"2019";"03:30";"3";"66";"66227";"1";"1";"1";"6";"D914";"42,6511100";"2,9273600"
"201900012358";"10";"8";"2019";"07:50";"1";"66";"66037";"2";"6";"1";"3";"Avenue des Hauts de Canet";"42,7010100";"3,0096800"
"201900012359";"9";"8";"2019";"18:45";"1";"66";"66037";"1";"1";"1";"3";"RD 81a";"42,6693600";"3,0331200"
"201900012360";"6";"8";"2019";"11:10";"1";"66";"66037";"2";"1";"1";"3";"avenue jean moulin";"42,7052000";"3,0060950"
"201900012361";"9";"8";"2019";"10:35";"1";"34";"34344";"2";"1";"1";"3";"Avenue de Melgueil";"43,5604980";"4,0880440"
"201900012362";"9";"8";"2019";"08:25";"1";"84";"84003";"2";"4";"1";"3";"Avenue du Viaduc";"43,8854550";"5,3809110"
"201900012363";"10";"8";"2019";"16:15";"1";"83";"83115";"1";"1";"1";"3";"Saut du Loup";"43,1556150";"6,4532390"
"201900012364";"11";"8";"2019";"00:57";"5";"83";"83068";"1";"9";"1";"1";"cd 559 camping des mures";"43,2729040";"6,5208210"
"201900012365";"9";"8";"2019";"17:10";"1";"83";"83068";"1";"1";"1";"3";"Route du Littoral";"43,2835400";"6,5912370"
"201900012366";"13";"7";"2019";"17:35";"1";"83";"83042";"2";"1";"1";"6";"Route départementale 98 A- face à Géant CASINO";"43,2628880";"6,5831980"
"201900012367";"11";"8";"2019";"12:40";"1";"83";"83106";"1";"1";"1";"7";"Les Gravetes";"43,3013780";"6,0635890"
"201900012368";"9";"8";"2019";"14:20";"1";"4";"04148";"1";"1";"1";"3";"RD 4085";"43,8049820";"6,5949890"
"201900012369";"6";"8";"2019";"17:50";"1";"4";"04226";"1";"1";"1";"7";"RD 908";"44,3277896";"6,6001792"
"201900012370";"9";"8";"2019";"00:05";"3";"13";"13034";"1";"1";"1";"3";"Route d'Orgon";"43,7620350";"4,9617800"
"201900012371";"8";"8";"2019";"20:10";"1";"13";"13109";"1";"1";"1";"3";"R7N";"43,5082640";"5,5072330"
"201900012372";"7";"8";"2019";"22:00";"3";"38";"38468";"1";"1";"1";"2";"Autoroute A7-PK20+100 sens Sud/Nord";"45,3438200";"4,8077320"
"201900012373";"8";"8";"2019";"10:40";"1";"70";"70310";"2";"9";"1";"6";"44 Rue Carnot";"47,6811190";"6,4993040"
"201900012374";"9";"8";"2019";"21:08";"2";"89";"89055";"1";"1";"1";"2";"Route de Saint-Florentin rd 943";"47,9985290";"3,6454740"
"201900012375";"9";"8";"2019";"17:40";"1";"71";"71342";"2";"6";"1";"1";"boulevard du champ bossu";"46,4652590";"4,1162200"
"201900012376";"8";"8";"2019";"06:40";"2";"71";"71588";"1";"1";"1";"6";"RN 79 PK 6+450";"46,4654750";"4,0622480"
"201900012377";"10";"8";"2019";"16:10";"1";"71";"71176";"1";"1";"1";"3";"RD 979";"46,4748150";"4,0127230"
"201900012378";"10";"8";"2019";"16:24";"1";"71";"71440";"1";"1";"1";"3";"Le Buis";"46,9190930";"4,0903040"
"201900012379";"8";"8";"2019";"14:37";"1";"71";"71250";"1";"4";"1";"7";"Impasse en Bouton";"46,3900010";"4,8042130"
"201900012380";"7";"8";"2019";"18:30";"1";"52";"52269";"2";"1";"1";"3";"Avenue du 21e R I";"47,8487260";"5,3336830"
"201900012381";"9";"8";"2019";"19:25";"2";"68";"68351";"1";"6";"1";"7";"Rond point D415 - D52";"48,0169470";"7,5718520"
"201900012382";"8";"8";"2019";"11:30";"1";"68";"68329";"2";"1";"1";"7";"Route de la Schlucht";"48,0540750";"7,1006020"
"201900012383";"7";"8";"2019";"19:50";"1";"67";"67098";"1";"1";"1";"7";"CD 392 67190 DINSHEIM SUR BRUCHE";"48,5391350";"7,4023360"
"201900012384";"6";"8";"2019";"02:45";"3";"67";"67130";"2";"1";"1";"6";"3 Route de Lyon";"48,4206210";"7,6385430"
"201900012385";"9";"8";"2019";"22:30";"3";"55";"55128";"1";"1";"1";"6";"rd998";"48,9378190";"5,2348890"
"201900012386";"9";"8";"2019";"12:50";"1";"57";"57683";"2";"1";"1";"1";"rue de la gare";"49,3023640";"6,1542820"
"201900012387";"5";"8";"2019";"00:17";"3";"57";"57242";"2";"9";"1";"7";"Zone Artisanale Les Brequettes";"49,2707420";"6,1248520"
"201900012388";"10";"8";"2019";"10:15";"1";"3";"03137";"1";"3";"1";"3";"N/A";"46,2718221";"3,4813356"
"201900012389";"7";"8";"2019";"18:45";"1";"74";"74136";"1";"1";"1";"7";"Route du Chinaillon";"45,9425181";"6,4241953"
"201900012390";"18";"7";"2019";"18:15";"1";"38";"38316";"2";"2";"1";"1";"1 rue de la république";"45,7505840";"5,1727970"
"201900012391";"10";"8";"2019";"02:28";"3";"38";"38059";"1";"1";"1";"7";"Route d'Uriage";"45,1147500";"5,7941600"
"201900012392";"8";"8";"2019";"12:05";"1";"38";"38317";"1";"1";"1";"2";"RN 85";"45,1229660";"5,6980920"
"201900012393";"10";"8";"2019";"14:30";"1";"26";"26059";"1";"1";"1";"7";"DPR 33 76";"44,9640520";"5,2704480"
"201900012394";"9";"8";"2019";"09:30";"1";"7";"07178";"2";"1";"1";"6";"Rue de la fontaine";"44,6658910";"4,2893030"
"201900012395";"9";"8";"2019";"06:45";"1";"1";"01049";"2";"2";"1";"3";"RD 1084";"45,8436150";"5,0307790"
"201900012396";"8";"8";"2019";"16:25";"1";"69";"69024";"1";"1";"1";"2";"RD 120";"45,9459500";"4,5814400"
"201900012397";"9";"8";"2019";"16:45";"1";"69";"69120";"1";"1";"1";"7";"1665 route de Saint laurent de chamousset";"45,7805800";"4,4408050"
"201900012398";"8";"8";"2019";"08:30";"1";"69";"69278";"2";"1";"1";"3";"rue ampère";"45,8942400";"4,8202200"
"201900012399";"9";"8";"2019";"18:00";"1";"81";"81011";"1";"3";"1";"5";"D87";"43,7411960";"1,8215200"
"201900012400";"11";"8";"2019";"15:40";"1";"46";"46070";"1";"1";"1";"2";"A20 PK 373+500";"44,3496100";"1,4989620"
"201900012401";"9";"8";"2019";"21:15";"5";"9";"09194";"2";"2";"1";"3";"rue victor hugo";"43,0895540";"1,8761350"
"201900012402";"8";"8";"2019";"08:20";"1";"79";"79184";"2";"1";"1";"6";"Route de Saint-Maixent";"46,3702460";" -0,1183610"
"201900012403";"7";"8";"2019";"08:30";"1";"17";"17089";"1";"1";"1";"7";"Route de Burie";"45,7623063";" -0,5323219"
"201900012404";"8";"8";"2019";"04:50";"3";"86";"86274";"1";"1";"1";"7";"Route de Thouars - RD 39 - PK 9";"47,0509180";"0,0053640"
"201900012405";"10";"8";"2019";"12:10";"1";"86";"86163";"1";"1";"1";"6";"RD 20";"46,6424860";"0,4743440"
"201900012406";"9";"8";"2019";"09:35";"1";"64";"64067";"2";"2";"1";"3";"5 Route de Pau";"43,2543467";" -0,2973434"
"201900012407";"8";"8";"2019";"19:20";"1";"40";"40283";"2";"1";"1";"1";"Route du Preau";"43,7513100";" -0,9948710"
"201900012408";"7";"8";"2019";"19:05";"1";"33";"33415";"1";"1";"1";"3";"Rue des Genêts";"45,0146640";" -0,4444200"
"201900012409";"7";"8";"2019";"18:30";"1";"85";"85071";"1";"1";"1";"2";"Les Brosses";"46,7720900";" -1,8747300"
"201900012410";"8";"8";"2019";"18:55";"1";"85";"85178";"1";"1";"7";"1";"La Guilletière";"46,7838500";" -1,5412600"
"201900012411";"9";"8";"2019";"07:20";"2";"49";"49023";"1";"1";"2";"6";"LA MAISON NEUVE (La Chapelle-du-Genêt)";"47,1842330";" -1,0276960"
"201900012412";"10";"8";"2019";"17:10";"1";"44";"44195";"1";"6";"1";"3";"Départementale 3";"47,3660730";" -1,9417900"
"201900012413";"10";"8";"2019";"19:45";"1";"44";"44168";"2";"1";"1";"7";"Rue de Pendille";"47,3852618";" -2,2039268"
"201900012414";"9";"8";"2019";"07:46";"2";"50";"50489";"1";"1";"2";"1";"Les Monts";"48,7371230";" -1,3468370"
"201900012415";"2";"8";"2019";"00:20";"3";"22";"22143";"1";"3";"1";"3";"Ville Samson";"48,6047640";" -2,2828090"
"201900012416";"10";"8";"2019";"05:20";"3";"22";"22155";"2";"1";"1";"7";"Rue de Bel-Air";"48,2350358";" -2,7371823"
"201900012417";"8";"8";"2019";"15:50";"1";"27";"27190";"1";"1";"1";"1";"route de martinville";"49,0242290";"1,3407650"
"201900012418";"8";"8";"2019";"18:15";"1";"76";"76099";"1";"3";"1";"3";"Route du Manoir";"49,5482640";"0,8542750"
"201900012419";"10";"8";"2019";"10:40";"1";"60";"60139";"2";"3";"1";"6";"Rue Alfred Rouze";"49,1628348";"2,2566306"
"201900012420";"9";"8";"2019";"11:35";"1";"2";"02521";"1";"1";"2";"1";"D1003";"49,0134500";"3,1828670"
"201900012421";"10";"8";"2019";"03:45";"3";"62";"62604";"1";"2";"2";"3";"Route Départementale 940";"50,6248670";"1,6379330"
"201900012422";"11";"8";"2019";"08:00";"1";"59";"59218";"1";"1";"1";"7";"route départemental 965";"50,0549170";"3,9230730"
"201900012423";"7";"8";"2019";"15:22";"1";"59";"59320";"1";"1";"1";"7";"haemau de halpegarbe";"50,5605610";"2,8309190"
"201900012424";"10";"8";"2019";"05:20";"3";"13";"13026";"1";"1";"1";"6";"A55-Sens Marseille vers Martigues";"43,3732700";"5,1852400"
"201900012425";"9";"8";"2019";"18:30";"1";"13";"13055";"1";"1";"1";"5";"A507 sens Marseille - Aubagne";"43,2899800";"5,4243900"
"201900012426";"9";"8";"2019";"11:15";"1";"13";"13211";"1";"1";"1";"5";"A50-Sens Marseille vers Aubagne";"43,2869640";"5,4360000"
"201900012427";"1";"8";"2019";"09:00";"1";"69";"69389";"1";"1";"1";"2";"A6   451.790 A 453.400";"45,7702600";"4,7922800"
"201900012428";"6";"8";"2019";"15:30";"1";"69";"69116";"1";"1";"8";"7";"A89 543.943 A 544.593 CLERM/LYON";"45,8350900";"4,7489400"
"201900012429";"4";"8";"2019";"08:05";"1";"69";"69259";"1";"1";"1";"2";"RD383   11.750 A 14.250";"45,7223300";"4,8879800"
"201900012430";"9";"8";"2019";"05:30";"3";"54";"54557";"1";"1";"1";"2";"Autoroute 31";"48,6921900";"6,0597700"
"201900012431";"7";"8";"2019";"19:10";"1";"67";"67482";"1";"1";"1";"6";" Route Nationale 2350";"48,5924630";"7,7410710"
"201900012432";"2";"8";"2019";"08:25";"1";"67";"67218";"1";"1";"1";"2";"Autoroute A.35";"48,5493980";"7,7306500"
"201900012433";"10";"8";"2019";"07:45";"1";"33";"33366";"1";"1";"1";"6";"AUTOROUTE A 10";"44,9802040";" -0,4302440"
"201900012434";"8";"8";"2019";"22:45";"3";"33";"33550";"1";"1";"1";"2";"ROCADE A 630";"44,7822100";" -0,5841700"
"201900012435";"7";"8";"2019";"08:45";"1";"33";"33065";"1";"1";"1";"5";"ROUTE NATIONALE 230";"44,8105000";" -0,5234200"
"201900012436";"17";"7";"2019";"10:10";"1";"59";"59606";"1";"1";"1";"2";"AUTOROUTE A2";"50,3393382";"3,4989738"
"201900012437";"15";"7";"2019";"12:20";"1";"62";"62193";"1";"1";"1";"2";"AUTOROUTE A16";"50,9368092";"1,8569625"
"201900012438";"17";"7";"2019";"08:40";"1";"59";"59507";"1";"1";"1";"2";"AUTOROUTE A1";"50,6106300";"3,0916300"
"201900012439";"4";"8";"2019";"18:00";"1";"59";"59043";"1";"1";"1";"2";"AUTOROUTE A25";"50,7252200";"2,7286100"
"201900012440";"10";"8";"2019";"13:30";"1";"91";"91377";"1";"1";"1";"4";"AUTOROUTE A10";"48,7287350";"2,3056710"
"201900012441";"9";"8";"2019";"15:10";"1";"91";"91216";"1";"1";"3";"4";"AUTOROUTE A6";"48,6824900";"2,3297000"
"201900012442";"8";"8";"2019";"09:10";"1";"94";"94021";"1";"1";"1";"2";"AUTOROUTE A6B";"48,7698400";"2,3456800"
"201900012443";"7";"8";"2019";"20:20";"1";"91";"91161";"1";"1";"1";"2";"AUTOROUTE A6";"48,6973000";"2,3151300"
"201900012444";"6";"8";"2019";"18:00";"1";"91";"91216";"1";"1";"2";"2";"AUTOROUTE A6";"48,6811500";"2,3305200"
"201900012445";"10";"8";"2019";"07:28";"2";"78";"78117";"1";"1";"1";"6";"RN12";"48,7873900";"2,1464200"
"201900012446";"9";"8";"2019";"23:30";"3";"92";"92060";"1";"1";"1";"6";"RN385";"48,7758447";"2,2379834"
"201900012447";"9";"8";"2019";"15:41";"1";"78";"78418";"1";"1";"2";"2";"A14";"48,9138100";"2,1588800"
"201900012448";"9";"8";"2019";"12:20";"1";"92";"92036";"1";"1";"1";"2";"A86";"48,9348756";"2,2826856"
"201900012449";"7";"8";"2019";"23:15";"3";"92";"92050";"1";"1";"1";"7";"A86";"48,9049094";"2,2082592"
"201900012450";"7";"8";"2019";"18:45";"1";"92";"92072";"1";"1";"1";"2";"N118";"48,8168830";"2,2156532"
"201900012451";"7";"8";"2019";"04:12";"3";"78";"78291";"1";"1";"1";"6";"A13";"48,9712000";"1,7323000"
"201900012452";"6";"8";"2019";"22:30";"3";"78";"78090";"1";"1";"1";"2";"A13";"48,9705830";"1,8863270"
"201900012453";"9";"8";"2019";"14:20";"1";"93";"93027";"1";"1";"3";"3";"AUTOROUTE A86";"48,9284300";"2,4126200"
"201900012454";"9";"8";"2019";"10:25";"1";"95";"95582";"1";"1";"2";"6";"AUTOROUTE A15";"48,9751700";"2,2427800"
"201900012455";"7";"8";"2019";"14:48";"1";"95";"95394";"1";"1";"1";"2";"RN 184";"49,0511600";"2,1500700"
"201900012456";"7";"8";"2019";"15:35";"1";"95";"95572";"1";"1";"1";"6";"AUTOROUTE A15";"49,0346700";"2,1002300"
"201900012457";"7";"8";"2019";"13:00";"1";"93";"93053";"1";"1";"1";"5";"AUTOROUTE A3";"48,8946200";"2,4713400"
"201900012458";"6";"8";"2019";"19:00";"1";"93";"93006";"1";"1";"1";"2";"AUTOROUTE A3";"48,8698900";"2,4303800"
"201900012459";"6";"8";"2019";"15:30";"1";"92";"92036";"1";"1";"2";"7";"AUTOROUTE A15";"48,9394261";"2,2960071"
"201900012460";"6";"8";"2019";"12:30";"1";"93";"93005";"1";"1";"1";"4";"RN 2";"48,9548800";"2,5104300"
"201900012461";"9";"8";"2019";"18:30";"1";"77";"77337";"1";"9";"8";"5";"A4";"48,8298000";"2,6244000"
"201900012462";"9";"8";"2019";"13:00";"1";"77";"77337";"1";"1";"1";"6";"RN104";"48,8304900";"2,6196120"
"201900012463";"9";"8";"2019";"13:00";"1";"77";"77122";"1";"1";"2";"6";"RN104";"48,6465490";"2,5934600"
"201900012464";"9";"8";"2019";"12:30";"1";"94";"94018";"1";"1";"1";"4";"A4";"48,8254000";"2,3922000"
"201900012465";"8";"8";"2019";"08:40";"1";"77";"77169";"1";"1";"1";"3";"RN104";"48,8149000";"2,6255000"
"201900012466";"7";"8";"2019";"19:10";"1";"94";"94033";"1";"1";"1";"3";"A86.INT";"48,8495000";"2,4905000"
"201900012467";"12";"6";"2019";"17:30";"1";"79";"79020";"1";"1";"1";"1";"Viré";"46,4508550";" -0,2948290"
"201900012468";"13";"6";"2019";"20:25";"1";"17";"17421";"2";"3";"8";"3";"Route de Saintes";"45,6798220";" -0,9124360"
"201900012469";"2";"6";"2019";"10:05";"1";"17";"17086";"2";"3";"1";"1";"rue des jonquilles";"45,7414460";" -0,5580900"