"Num_Acc";"jour";"mois";"an";"hrmn";"lum";"dep";"com";"agg";"int";"atm";"col";"adr";"lat";"long"
"201900012470";"17";"6";"2019";"15:19";"1";"17";"17452";"1";"1";"1";"6";"RD 25";"45,7893130";" -1,2053660"
"201900012471";"10";"6";"2019";"19:07";"1";"17";"17429";"1";"2";"1";"6";"Le Griffet";"45,9124970";" -1,0037280"
"201900012472";"13";"6";"2019";"07:05";"1";"17";"17351";"1";"1";"8";"1";"RD 728";"45,7851380";" -1,0177610"
"201900012473";"11";"6";"2019";"16:35";"1";"17";"17265";"1";"1";"2";"1";"D131";"45,7510390";" -0,9797000"
"201900012474";"10";"6";"2019";"19:00";"1";"86";"86255";"1";"1";"1";"5";"Le Chaffaud";"46,1581950";"0,3399870"
"201900012475";"16";"6";"2019";"19:30";"1";"86";"86286";"1";"1";"1";"7";"La Mirauderie";"46,8615000";"0,2220870"
"201900012476";"5";"6";"2019";"06:45";"2";"86";"86095";"1";"1";"1";"6";"RD 910 lieu dit Longève";"46,7148880";"0,4149920"
"201900012477";"4";"6";"2019";"17:20";"1";"86";"86163";"2";"1";"1";"6";"lieu dit Tronc";"46,6221740";"0,4434990"
"201900012478";"31";"5";"2019";"19:30";"1";"64";"64177";"1";"1";"1";"3";"route d'Arthez de béarn";"43,4797661";" -0,7116245"
"201900012479";"9";"6";"2019";"13:35";"1";"64";"64067";"1";"1";"1";"7";"RD 938";"43,2620286";" -0,2921352"
"201900012480";"16";"6";"2019";"19:50";"1";"40";"40244";"2";"3";"1";"2";"departementale 13";"43,6795840";" -1,1572900"
"201900012481";"17";"6";"2019";"17:50";"1";"33";"33322";"2";"1";"1";"6";"RD 211 Allée des Bruyères";"44,9687930";" -0,6446700"
"201900012482";"13";"6";"2019";"14:50";"1";"33";"33322";"2";"3";"1";"3";"Route de Soulac / Allée de Sénéjac";"44,9574700";" -0,7072900"
"201900012483";"13";"6";"2019";"06:40";"2";"33";"33183";"1";"1";"1";"2";"RN 10";"45,0574700";" -0,4027900"
"201900012484";"9";"6";"2019";"16:39";"1";"33";"33029";"1";"4";"1";"6";"RD 108";"44,5962710";" -0,7541320"
"201900012485";"2";"6";"2019";"20:00";"1";"85";"85161";"1";"1";"1";"6";"La Giraudière";"46,5903900";" -1,5116200"
"201900012486";"13";"6";"2019";"21:15";"2";"72";"72264";"2";"9";"1";"6";"avenue joel le theule";"47,8398870";" -0,3349980"
"201900012487";"8";"6";"2019";"20:15";"1";"72";"72167";"1";"1";"1";"7";"Lieu-dit Les Bois";"47,7917820";" -0,2517750"
"201900012488";"1";"6";"2019";"14:40";"1";"72";"72154";"2";"6";"1";"6";"avenue Oberkirchen";"47,7020410";" -0,0533650"
"201900012489";"1";"6";"2019";"10:40";"1";"53";"53026";"1";"2";"1";"3";"Lieu dit la hard";"47,9773740";" -0,9475730"
"201900012490";"6";"6";"2019";"18:00";"1";"44";"44215";"2";"2";"1";"3";"89 Route de la Gare";"47,1806711";" -1,4752989"
"201900012491";"6";"6";"2019";"08:15";"1";"44";"44026";"2";"3";"1";"3";"rue de la touteliere";"47,2962780";" -1,4936420"
"201900012492";"30";"5";"2019";"22:00";"3";"50";"50601";"1";"1";"1";"6";"Le Pavé (Giéville)";"49,0195860";" -0,9637310"
"201900012493";"7";"6";"2019";"11:30";"1";"50";"50298";"1";"1";"8";"6";"Le Varimesnil";"49,2676240";" -1,2752810"
"201900012494";"16";"6";"2019";"14:45";"1";"29";"29064";"1";"3";"1";"3";"Lidinoc";"48,6277820";" -4,2988410"
"201900012495";"12";"6";"2019";"22:15";"3";"29";"29224";"1";"1";"1";"7";"D43 - Lieu-dit ''Ty coat''";"48,0286730";" -4,2989700"
"201900012496";"10";"6";"2019";"07:15";"1";"29";"29169";"1";"1";"2";"7";"Bel Air";"48,0596020";" -4,1526920"
"201900012497";"15";"6";"2019";"18:30";"1";"22";"22143";"1";"1";"1";"1";"Ville Samson";"48,6047590";" -2,2826730"
"201900012498";"17";"5";"2019";"07:40";"1";"22";"22213";"1";"1";"1";"1";"LES VAUX SAINT-CYR";"48,5474411";" -2,0050360"
"201900012499";"6";"6";"2019";"13:15";"1";"22";"22171";"1";"1";"2";"1";"D 700 - PR 35,300";"48,3956487";" -2,8286051"
"201900012500";"7";"6";"2019";"11:15";"1";"22";"22136";"2";"1";"3";"1";"Rue Jean le Cam";"48,1907405";" -2,7715502"
"201900012501";"31";"5";"2019";"15:05";"1";"22";"22136";"2";"9";"1";"3";"Rue Jean le Cam";"48,1922680";" -2,7630520"
"201900012502";"21";"5";"2019";"16:30";"1";"35";"35253";"1";"2";"1";"3";"Lande d'Ouée";"48,2680420";" -1,4467000"
"201900012503";"9";"6";"2019";"08:10";"1";"35";"35240";"2";"1";"1";"6";"2 Rue des Chardonnerets";"48,0956292";" -1,8025903"
"201900012504";"20";"6";"2019";"05:20";"2";"27";"27599";"1";"1";"2";"6";"RD6015 PR 13.600";"49,1507540";"1,3789380"
"201900012505";"6";"6";"2019";"09:20";"1";"27";"27003";"1";"1";"1";"3";"Rue du Neubourg";"49,1696200";"1,1682660"
"201900012506";"2";"5";"2019";"09:37";"1";"27";"27335";"2";"1";"2";"6";"Rue de l'Ancienne Poste";"49,1413350";"1,1887060"
"201900012507";"10";"6";"2019";"16:55";"1";"27";"27082";"1";"1";"1";"7";"RD830";"48,9981210";"1,0299060"
"201900012508";"1";"6";"2019";"20:00";"1";"27";"27082";"2";"1";"1";"7";"Cativet";"48,9999440";"1,0549620"
"201900012509";"11";"6";"2019";"07:35";"1";"76";"76057";"2";"3";"1";"3";"Rue du 11 Novembre";"49,5344560";"0,9583104"
"201900012510";"14";"2";"2019";"09:30";"1";"76";"76203";"1";"1";"1";"1";"Route de Freville";"49,5924600";"0,8463790"
"201900012511";"20";"6";"2019";"15:40";"1";"76";"76659";"1";"1";"1";"1";"D982";"49,5190000";"0,7638000"
"201900012512";"1";"6";"2019";"21:50";"2";"76";"76269";"1";"1";"1";"6";"les tronquets";"49,6746685";"1,4278579"
"201900012513";"12";"6";"2019";"10:04";"1";"60";"60341";"1";"6";"1";"3";"Rue de Mareuil";"49,0850467";"2,7566725"
"201900012514";"2";"6";"2019";"00:05";"3";"60";"60446";"1";"1";"1";"7";"C6";"49,1343287";"2,8027582"
"201900012515";"1";"6";"2019";"09:20";"1";"60";"60446";"1";"9";"1";"1";"nanteuil le haudouin";"49,1472800";"2,8091170"
"201900012516";"18";"6";"2019";"14:45";"1";"60";"60589";"1";"6";"1";"6";"RD 1016";"49,2211660";"2,4669520"
"201900012517";"15";"6";"2019";"12:01";"1";"57";"57245";"1";"1";"1";"2";"RD 62";"49,4274260";"6,2896130"
"201900012518";"16";"6";"2019";"15:00";"1";"60";"60469";"1";"1";"1";"7";"CD 46";"49,2795730";"2,2236640"
"201900012519";"8";"6";"2019";"20:15";"1";"2";"02381";"2";"3";"1";"1";"103 rue de VERVINS";"49,9182900";"4,0818080"
"201900012520";"2";"6";"2019";"16:55";"1";"62";"62235";"2";"9";"1";"6";"Rue des buissons";"50,6536590";"1,6320730"
"201900012521";"2";"6";"2019";"16:00";"1";"62";"62899";"1";"1";"1";"3";"D244";"50,8891590";"1,6939590"
"201900012522";"9";"6";"2019";"22:45";"3";"59";"59283";"1";"1";"1";"7";"rd961";"50,2487530";"3,8307620"
"201900012523";"14";"6";"2019";"17:00";"1";"59";"59449";"2";"3";"1";"2";"2 bis rue de l'église";"50,4742670";"3,2430125"
"201900012524";"11";"6";"2019";"13:00";"1";"59";"59228";"1";"1";"1";"1";"RD621";"50,3365970";"3,0876170"
"201900012525";"7";"6";"2019";"02:40";"5";"59";"59409";"2";"1";"1";"6";"rue Voltaire";"50,3041230";"3,2069380"
"201900012526";"15";"6";"2019";"18:15";"1";"59";"59269";"1";"1";"1";"3";"D 16";"50,0502880";"3,1332360"
"201900012527";"9";"6";"2019";"09:45";"1";"59";"59050";"1";"3";"1";"6";"33 Route Nationale";"50,1544673";"3,9545920"
"201900012528";"22";"5";"2019";"20:45";"1";"59";"59400";"1";"1";"1";"7";"Rue d'Aire";"50,6390770";"2,5988310"
"201900012529";"16";"6";"2019";"17:30";"1";"59";"59084";"2";"1";"1";"7";"Rue de Boëseghem";"50,6866780";"2,4157110"
"201900012530";"14";"6";"2019";"14:00";"1";"59";"59524";"2";"1";"1";"1";"Rue Jean Jaurès";"50,5570480";"2,9091530"
"201900012531";"19";"6";"2019";"16:50";"1";"13";"13071";"1";"1";"1";"4";"A7-Sens Marseille vers Lyon";"43,4163300";"5,2766800"
"201900012532";"19";"6";"2019";"13:45";"1";"13";"13028";"1";"1";"1";"2";"A50-Sens Aubagne vers Toulon";"43,2064520";"5,6313610"
"201900012533";"17";"6";"2019";"10:00";"1";"13";"13202";"1";"1";"1";"2";"Tunnel Joliette Marseille vers Aubagne";"43,2931690";"5,3647750"
"201900012534";"15";"6";"2019";"20:15";"1";"13";"13106";"1";"1";"1";"2";"A51-Sens Aix en Provence vers Marseille";"43,4021200";"5,3555260"
"201900012535";"14";"6";"2019";"14:10";"1";"13";"13211";"1";"1";"1";"7";"A50-Sens Marseille vers Aubagne";"43,2919700";"5,4800400"
"201900012536";"11";"6";"2019";"08:00";"1";"13";"13071";"1";"1";"1";"2";"A7-Sens Lyon vers Marseille";"43,4071620";"5,2896610"
"201900012537";"13";"6";"2019";"14:00";"1";"13";"13215";"1";"1";"1";"3";"A55-Sens Martigues vers Marseille";"43,3446718";"5,3466134"
"201900012538";"12";"6";"2019";"17:50";"1";"13";"13019";"1";"9";"1";"2";"A51-Sens Marseille vers Aix en Provence";"43,4269530";"5,3828660"
"201900012539";"12";"6";"2019";"04:38";"3";"13";"13215";"1";"1";"1";"7";"A55-Sens Marseille vers Martigues";"43,3417520";"5,3482800"
"201900012540";"12";"6";"2019";"14:00";"1";"13";"13071";"1";"1";"1";"5";"A7-Sens Lyon vers Marseille";"43,4120000";"5,2822000"
"201900012541";"12";"6";"2019";"07:30";"1";"13";"13056";"2";"1";"1";"4";"A55-Sens Martigues vers Marseille";"43,4025400";"5,0421900"
"201900012542";"11";"6";"2019";"20:10";"1";"13";"13215";"1";"1";"2";"4";"A55-Sens Marseille vers Martigues";"43,3289410";"5,3563050"
"201900012543";"10";"6";"2019";"13:50";"1";"13";"13117";"1";"1";"1";"7";"A7-Sens Marseille vers Lyon";"43,4569550";"5,2359890"
"201900012544";"4";"6";"2019";"18:45";"1";"13";"13117";"1";"1";"1";"4";"A7-Sens Marseille vers Lyon";"43,4350640";"5,2548640"
"201900012545";"4";"6";"2019";"16:45";"1";"13";"13071";"1";"1";"1";"2";"A7-Sens Lyon vers Marseille";"43,4137900";"5,2797000"
"201900012546";"7";"6";"2019";"23:42";"5";"13";"13206";"2";"1";"1";"7";"Tunnel Prado Carénage";"43,2826100";"5,3936970"
"201900012547";"6";"6";"2019";"21:30";"3";"13";"13117";"1";"1";"1";"2";"A7-Sens Lyon vers Marseille";"43,4129440";"5,2807770"
"201900012548";"6";"6";"2019";"19:40";"1";"13";"13071";"1";"1";"1";"2";"A7-Sens Lyon vers Marseille";"43,4049900";"5,3180800"
"201900012549";"6";"6";"2019";"19:02";"1";"13";"13019";"1";"1";"1";"2";"A51-Sens Aix en Provence vers Marseille";"43,4210950";"5,3692450"
"201900012550";"5";"6";"2019";"09:50";"1";"13";"13071";"1";"9";"1";"4";"A51-Sens Aix en Provence vers Marseille";"43,4169600";"5,3652100"
"201900012551";"3";"6";"2019";"17:10";"1";"13";"13215";"1";"1";"1";"2";"A7-Sens Marseille vers Lyon";"43,4569550";"5,2359890"
"201900012552";"29";"5";"2019";"16:00";"1";"13";"13055";"1";"1";"1";"4";"A507 sens Marseille - Aubagne";"43,3298930";"5,4027330"
"201900012553";"2";"6";"2019";"01:50";"5";"13";"13202";"2";"9";"1";"2";"TVPCM-Sens Saint Victor vers Les Ports";"43,2926193";"5,3654497"
"201900012554";"30";"5";"2019";"07:50";"1";"13";"13106";"1";"1";"1";"6";"A517 G- Liaison A7 vers A51";"43,4025200";"5,3557200"
"201900012555";"18";"6";"2019";"18:00";"1";"83";"83062";"1";"1";"1";"2";"A57";"43,1434000";"6,0142000"
"201900012556";"18";"6";"2019";"08:30";"1";"83";"83123";"1";"1";"1";"2";"A50";"43,1293100";"5,8168300"
"201900012557";"17";"6";"2019";"11:45";"1";"83";"83137";"1";"1";"1";"3";"A50";"43,1250600";"5,9062500"
"201900012558";"13";"6";"2019";"18:20";"1";"83";"83062";"1";"1";"1";"4";"A57";"43,1434000";"6,0142000"
"201900012559";"8";"6";"2019";"02:10";"3";"83";"83047";"1";"1";"1";"2";"A570";"43,1345800";"6,0471600"
"201900012560";"31";"5";"2019";"16:50";"1";"83";"83123";"1";"1";"1";"3";"N/A";"43,1293100";"5,8168300"
"201900012561";"29";"5";"2019";"12:30";"1";"83";"83144";"1";"1";"1";"2";"A57";"43,1334900";"5,9847600"
"201900012562";"8";"6";"2019";"15:10";"1";"38";"38544";"2";"1";"1";"7";"RD1407   0.000 A 2.331";"45,5295000";"4,8738000"
"201900012563";"18";"6";"2019";"10:40";"1";"69";"69005";"1";"1";"1";"6";"A46N   0.000 A 2.930";"45,9283569";"4,7448650"
"201900012564";"17";"6";"2019";"16:25";"1";"69";"69294";"1";"1";"1";"2";"A7   13.970 A 15.270";"45,6377000";"4,8233000"
"201900012565";"14";"6";"2019";"04:40";"5";"69";"69266";"1";"1";"1";"6";"RD383   1.165 A 1.893";"45,7681800";"4,9039600"
"201900012566";"15";"6";"2019";"21:45";"3";"38";"38544";"2";"1";"1";"4";"RN7   5.180 A 10.000";"45,5274750";"4,8733800"
"201900012567";"15";"6";"2019";"03:10";"5";"69";"69199";"1";"1";"3";"6";"RD383   14.250 A 18.000";"45,7166002";"4,8507329"
"201900012568";"14";"6";"2019";"12:50";"1";"69";"69275";"1";"1";"2";"1";"RN346   29.300 A 34.350";"45,7770000";"4,9755000"
"201900012569";"13";"6";"2019";"22:50";"4";"69";"69199";"1";"1";"1";"5";"A7   7.000 A 8.630";"45,6909400";"4,8455900"
"201900012570";"8";"6";"2019";"12:40";"1";"69";"69081";"1";"1";"1";"2";"A6   448.490 A 449.450";"45,7977500";"4,7768500"
"201900012571";"6";"6";"2019";"06:20";"2";"69";"69283";"1";"1";"1";"5";"A46S   43.680 A 47.880";"45,6728162";"4,9447913"
"201900012572";"5";"6";"2019";"00:10";"5";"69";"69029";"1";"1";"1";"1";"RD383   7.640 A 11.044";"45,7439180";"4,9061090"
"201900012573";"4";"6";"2019";"16:00";"1";"69";"69117";"1";"1";"1";"2";"A6   439.400 A 442.500";"45,8799400";"4,7394300"
"201900012574";"28";"5";"2019";"19:30";"1";"69";"69029";"1";"9";"1";"7";"RD383   7.640 A 11.044";"45,7297700";"4,8991800"
"201900012575";"31";"5";"2019";"20:12";"1";"69";"69259";"1";"1";"1";"2";"RD383   11.0044 A 11.460";"45,7232100";"4,8898900"
"201900012576";"30";"5";"2019";"19:25";"1";"1";"01275";"1";"1";"1";"5";"A42   4.353 A 5.760   GEN/LYON";"45,8110730";"4,9380090"
"201900012577";"25";"5";"2019";"19:45";"2";"69";"69296";"1";"1";"1";"2";"A7   10.992 A 13.970";"45,6549000";"4,8389000"
"201900012578";"15";"6";"2019";"12:50";"1";"42";"42186";"1";"1";"1";"5";"A47";"45,5349783";"4,6284208"
"201900012579";"8";"6";"2019";"05:30";"3";"69";"69252";"1";"1";"1";"6";"A47";"45,5442939";"4,6670686"
"201900012580";"24";"5";"2019";"17:30";"1";"42";"42218";"1";"1";"1";"4";"RN88";"45,4325900";"4,4170800"
"201900012581";"5";"6";"2019";"08:45";"1";"57";"57269";"1";"1";"1";"2";"Autoroute A31";"49,2945556";"6,1799298"
"201900012582";"31";"5";"2019";"15:30";"1";"57";"57582";"1";"1";"1";"6";"Autoroute A31";"49,2824700";"6,1723700"
"201900012583";"29";"5";"2019";"23:25";"3";"54";"54304";"1";"1";"1";"1";"A33";"48,6713400";"6,1219900"
"201900012584";"13";"6";"2019";"18:00";"1";"67";"67482";"1";"1";"1";"4";"Autoroute A.35";"48,5915400";"7,7356900"
"201900012585";"6";"6";"2019";"19:05";"1";"67";"67471";"1";"1";"1";"2";"Autoroute A4";"48,6324400";"7,7241700"
"201900012586";"18";"6";"2019";"12:40";"1";"33";"33039";"1";"1";"1";"3";"RN230";"44,8047400";" -0,5316000"
"201900012587";"16";"6";"2019";"19:45";"1";"33";"33249";"1";"1";"1";"4";"A630 sur VG avec VG et VC neutralisées par croix rouge du portique";"44,8791980";" -0,5334220"
"201900012588";"12";"6";"2019";"10:50";"1";"33";"33013";"1";"1";"2";"4";"ROUTE NATIONALE 230";"44,8663330";" -0,5038920"
"201900012589";"11";"6";"2019";"17:30";"1";"33";"33096";"1";"1";"2";"4";"AUTOROUTE A 10";"44,8891800";" -0,5041100"
"201900012590";"11";"6";"2019";"09:26";"1";"33";"33318";"1";"1";"2";"7";"AUTOROUTE A 63";"44,7897500";" -0,6239300"
"201900012591";"11";"6";"2019";"01:20";"5";"33";"33487";"1";"1";"2";"6";"AUTOROUTE A 10";"44,9492900";" -0,4638200"
"201900012592";"7";"6";"2019";"21:35";"2";"33";"33063";"1";"1";"1";"6";"ROCADE A 630";"44,8870200";" -0,5694800"
"201900012593";"7";"6";"2019";"15:50";"1";"33";"33090";"1";"1";"3";"5";"AUTOROUTE A 63";"44,7763800";" -0,6482800"
"201900012594";"7";"6";"2019";"17:10";"1";"33";"33550";"1";"1";"1";"3";"AUTOROUTE A 62";"44,7602900";" -0,5467500"
"201900012595";"7";"6";"2019";"01:00";"3";"33";"33063";"1";"1";"1";"2";"ROCADE A 630";"44,8876300";" -0,5779700"
"201900012596";"3";"6";"2019";"18:15";"1";"33";"33075";"1";"1";"1";"5";"ROCADE A 630";"44,8835400";" -0,6224500"
"201900012597";"2";"6";"2019";"19:05";"1";"33";"33122";"1";"1";"1";"2";"AUTOROUTE A 63";"44,7458600";" -0,7018300"
"201900012598";"2";"6";"2019";"00:20";"5";"33";"33550";"1";"1";"1";"5";"ROCADE A 630";"44,7854400";" -0,5418100"
"201900012599";"1";"6";"2019";"11:55";"1";"33";"33550";"1";"1";"1";"5";"ROCADE A 630";"44,7778400";" -0,5642600"
"201900012600";"30";"5";"2019";"11:30";"1";"33";"33143";"1";"1";"1";"4";"AUTOROUTE A 10";"44,9713800";" -0,4352800"
"201900012601";"25";"5";"2019";"04:00";"3";"59";"59288";"1";"1";"1";"2";"AUTOROUTE A2";"50,3222500";"3,4270000"
"201900012602";"19";"6";"2019";"08:45";"1";"91";"91286";"1";"1";"1";"5";"AUTOROUTE A6";"48,6468000";"2,3891000"
"201900012603";"18";"6";"2019";"18:00";"1";"91";"91521";"1";"1";"1";"3";"RN 104";"48,6378000";"2,3997000"
"201900012604";"18";"6";"2019";"07:00";"1";"94";"94021";"1";"1";"1";"5";"AUTOROUTE A106";"48,7682600";"2,3454500"
"201900012605";"17";"6";"2019";"17:15";"1";"91";"91216";"1";"1";"1";"4";"AUTOROUTE A6";"48,6817000";"2,3302000"
"201900012606";"17";"6";"2019";"13:30";"1";"91";"91661";"1";"1";"1";"3";"AUTOROUTE A10";"48,6982000";"2,2421000"
"201900012607";"17";"6";"2019";"14:00";"1";"91";"91235";"1";"1";"1";"2";"RN 104";"48,6246000";"2,3729000"
"201900012608";"17";"6";"2019";"12:10";"1";"91";"91363";"1";"1";"1";"6";"RN 104";"48,6351410";"2,2145940"
"201900012609";"16";"6";"2019";"20:32";"1";"91";"91617";"1";"1";"1";"7";"RN 104";"48,6317230";"2,5049420"
"201900012610";"16";"6";"2019";"22:00";"2";"91";"91553";"1";"1";"1";"2";"RN 104";"48,6316100";"2,4942200"
"201900012611";"16";"6";"2019";"19:13";"1";"91";"91136";"1";"1";"1";"2";"AUTOROUTE A126";"48,7136500";"2,2777700"
"201900012612";"16";"6";"2019";"18:00";"1";"92";"92002";"1";"1";"1";"4";"AUTOROUTE A86";"48,7607045";"2,2857282"
"201900012613";"16";"6";"2019";"16:45";"1";"91";"91589";"1";"1";"1";"3";"AUTOROUTE A6";"48,6738780";"2,3428830"
"201900012614";"16";"6";"2019";"15:06";"1";"91";"91689";"1";"1";"1";"4";"AUTOROUTE A6";"48,7267290";"2,3133380"
"201900012615";"16";"6";"2019";"11:15";"1";"94";"94034";"1";"1";"1";"7";"AUTOROUTE A6A";"48,7576024";"2,3358009"
"201900012616";"16";"6";"2019";"12:10";"1";"91";"91589";"1";"1";"8";"2";"AUTOROUTE A6";"48,6726900";"2,3441500"
"201900012617";"15";"6";"2019";"13:40";"1";"91";"91216";"1";"1";"1";"2";"AUTOROUTE A6";"48,6850800";"2,3275300"
"201900012618";"15";"6";"2019";"12:30";"1";"91";"91161";"1";"1";"1";"2";"AUTOROUTE A126";"48,7106100";"2,3001200"
"201900012619";"15";"6";"2019";"06:10";"2";"91";"91434";"1";"1";"1";"3";"AUTOROUTE A6";"48,6692000";"2,3508000"
"201900012620";"14";"6";"2019";"11:10";"1";"94";"94003";"1";"1";"1";"7";"AUTOROUTE A6A";"48,8105000";"2,3380000"
"201900012621";"14";"6";"2019";"09:50";"1";"94";"94034";"1";"1";"1";"4";"AUTOROUTE A86";"48,7567000";"2,3321000"
"201900012622";"12";"6";"2019";"19:30";"1";"91";"91589";"1";"1";"1";"3";"AUTOROUTE A6";"48,6783000";"2,3357000"
"201900012623";"12";"6";"2019";"15:30";"1";"94";"94038";"1";"1";"8";"2";"AUTOROUTE A6A";"48,7833000";"2,3470000"
"201900012624";"11";"6";"2019";"19:40";"1";"91";"91136";"1";"1";"2";"7";"AUTOROUTE A10";"48,7144410";"2,2733340"
"201900012625";"11";"6";"2019";"12:00";"1";"94";"94038";"1";"1";"1";"2";"AUTOROUTE A6A";"48,7816000";"2,3468600"
"201900012626";"10";"6";"2019";"17:55";"1";"91";"91468";"1";"1";"1";"2";"AUTOROUTE A6";"48,5724400";"2,4678000"
"201900012627";"10";"6";"2019";"13:43";"1";"91";"91689";"1";"1";"1";"2";"AUTOROUTE A6";"48,7280000";"2,3140000"
"201900012628";"10";"6";"2019";"10:48";"2";"92";"92078";"1";"1";"3";"6";"AUTOROUTE A86";"48,9283560";"2,3315773"
"201900012629";"10";"6";"2019";"03:30";"3";"91";"91377";"1";"1";"2";"2";"AUTOROUTE A10";"48,7229500";"2,2968800"
"201900012630";"9";"6";"2019";"18:20";"1";"94";"94038";"1";"1";"1";"2";"AUTOROUTE A6A";"48,7774000";"2,3459100"
"201900012631";"9";"6";"2019";"11:20";"1";"92";"92002";"1";"1";"2";"2";"AUTOROUTE A86";"48,7636018";"2,3084261"
"201900012632";"9";"6";"2019";"12:35";"1";"91";"91182";"1";"1";"2";"7";"RN 104";"48,6313700";"2,4071200"
"201900012633";"9";"6";"2019";"00:25";"3";"94";"94038";"1";"1";"1";"6";"AUTOROUTE A6A";"48,7794500";"2,3464300"
"201900012634";"8";"6";"2019";"16:10";"1";"91";"91345";"1";"1";"1";"4";"AUTOROUTE A6";"48,6812100";"2,3309500"
"201900012635";"8";"6";"2019";"14:50";"1";"91";"91521";"1";"1";"1";"6";"RN 449";"48,6344800";"2,4069500"
"201900012636";"8";"6";"2019";"13:15";"1";"91";"91689";"1";"1";"1";"2";"AUTOROUTE A6";"48,7314000";"2,3152000"
"201900012637";"7";"6";"2019";"17:45";"1";"91";"91689";"1";"1";"2";"2";"AUTOROUTE A6A";"48,7461200";"2,3248500"
"201900012638";"7";"6";"2019";"15:35";"1";"91";"91689";"1";"1";"1";"5";"AUTOROUTE A6";"48,7382000";"2,3178500"
"201900012639";"7";"6";"2019";"02:02";"3";"91";"91521";"1";"1";"1";"2";"AUTOROUTE A6";"48,6356110";"2,4010800"
"201900012640";"6";"6";"2019";"10:00";"1";"91";"91286";"1";"1";"1";"5";"AUTOROUTE A6";"48,6525300";"2,3820900"
"201900012641";"6";"6";"2019";"06:20";"2";"94";"94076";"1";"1";"8";"2";"AUTOROUTE A6B";"48,7935700";"2,3452200"
"201900012642";"6";"6";"2019";"01:20";"4";"92";"92002";"1";"1";"8";"6";"AUTOROUTE A86";"48,7629372";"2,3114848"
"201900012643";"5";"6";"2019";"18:25";"1";"91";"91216";"1";"1";"3";"4";"AUTOROUTE A6";"48,6858000";"2,3269000"
"201900012644";"5";"6";"2019";"17:05";"1";"91";"91617";"1";"9";"3";"3";"RN6 PROVINCE / RN104 INT";"48,6391610";"2,5351770"
"201900012645";"5";"6";"2019";"14:45";"1";"94";"94034";"1";"1";"1";"2";"AUTOROUTE A86";"48,7588000";"2,3247000"
"201900012646";"4";"6";"2019";"08:33";"1";"94";"94034";"1";"1";"1";"6";"AUTOROUTE A86";"48,7586200";"2,3358900"
"201900012647";"4";"7";"2019";"13:40";"1";"22";"22213";"1";"1";"1";"2";"N 9176, Pk : 01+0070, sens de circulation ST-MALO vers DINAN";"48,5354666";" -2,0098586"
"201900012648";"6";"7";"2019";"20:40";"1";"38";"38239";"1";"1";"1";"2";"D1092";"45,3342120";"5,5577010"
"201900012649";"6";"7";"2019";"17:15";"1";"83";"83049";"1";"1";"1";"6";"N/A";"43,2789330";"6,0732660"
"201900012650";"5";"7";"2019";"21:00";"2";"26";"26341";"1";"1";"1";"2";"route départementale 800";"45,1332980";"4,8090630"
"201900012651";"30";"6";"2019";"16:57";"1";"34";"34123";"1";"1";"1";"6";"RN 109 PR9+500";"43,6293450";"3,7719250"
"201900012652";"7";"7";"2019";"13:15";"1";"22";"22240";"1";"1";"1";"7";"LE MOTTAY";"48,2283380";" -2,2466780"
"201900012653";"10";"6";"2019";"01:50";"4";"61";"61310";"1";"1";"3";"1";"Autoroute A28";"48,7030770";"0,2451120"
"201900012654";"7";"7";"2019";"15:30";"1";"27";"27095";"1";"1";"1";"7";"Autoroute A28 PK 268.100";"49,2228170";"0,7766420"
"201900012655";"28";"6";"2019";"14:00";"1";"57";"57535";"2";"1";"7";"2";"D662";"49,0486825";"7,2962096"
"201900012656";"2";"7";"2019";"17:40";"1";"51";"51555";"2";"1";"7";"2";"RN 4";"48,7356426";"4,3105954"
"201900012657";"5";"7";"2019";"00:30";"3";"51";"51599";"1";"1";"1";"1";"RD 944";"49,0897363";"4,2746697"
"201900012658";"7";"7";"2019";"04:00";"3";"59";"59074";"1";"1";"1";"7";"départementale 115";"50,0867330";"3,4410940"
"201900012659";"7";"7";"2019";"11:50";"1";"56";"56006";"1";"2";"1";"3";"Rohallaire";"47,8920090";" -2,3022640"
"201900012660";"7";"7";"2019";"16:45";"1";"56";"56130";"1";"1";"1";"1";"Kernours RD170";"47,7383600";" -3,2692400"
"201900012661";"6";"7";"2019";"12:25";"1";"56";"56248";"2";"1";"1";"6";"Rue des Farfadets";"47,5830010";" -2,6266830"
"201900012662";"4";"7";"2019";"15:00";"1";"56";"56028";"1";"2";"1";"3";"Le Four Bourdin";"47,6618809";" -2,2635540"
"201900012663";"5";"7";"2019";"17:50";"1";"74";"74131";"2";"1";"1";"3";"D992";"46,0252330";"5,9462360"
"201900012664";"7";"7";"2019";"08:50";"1";"74";"74276";"2";"1";"1";"7";"701, sous le rocher";"46,1127470";"6,5739180"
"201900012665";"7";"7";"2019";"01:20";"5";"74";"74104";"1";"1";"1";"1";"RD 1508";"45,7779446";"6,2328960"
"201900012666";"7";"7";"2019";"15:30";"2";"77";"77246";"1";"1";"1";"6";"D74";"48,5572800";"3,3851000"