"Num_Acc";"jour";"mois";"an";"hrmn";"lum";"dep";"com";"agg";"int";"atm";"col";"adr";"lat";"long"
"201900012667";"5";"7";"2019";"16:20";"1";"76";"76597";"1";"1";"1";"3";"Rd 149";"49,7512601";"0,8789053"
"201900012668";"6";"7";"2019";"18:15";"1";"76";"76242";"1";"2";"7";"3";"PK 004 + 900";"49,4490858";"1,7259103"
"201900012669";"6";"7";"2019";"05:23";"2";"79";"79056";"1";"1";"1";"1";"N/A";"47,0347850";" -0,1992000"
"201900012670";"3";"7";"2019";"15:45";"1";"79";"79351";"2";"2";"1";"3";"Route de Niort";"46,4073220";" -0,5358160"
"201900012671";"5";"7";"2019";"17:30";"1";"79";"79241";"1";"1";"1";"5";"N/A";"46,4585130";" -0,3777630"
"201900012672";"6";"7";"2019";"20:30";"1";"33";"33348";"1";"2";"1";"7";"CD1215";"45,3583300";" -1,0024100"
"201900012673";"5";"7";"2019";"01:15";"3";"69";"69063";"2";"1";"1";"7";"Quai d'Illhaeusern";"45,8241835";"4,8540426"
"201900012674";"5";"7";"2019";"21:00";"2";"81";"81289";"1";"1";"1";"6";"LA PARIE";"43,5409340";"2,1303600"
"201900012675";"5";"7";"2019";"15:20";"1";"81";"81136";"1";"1";"1";"1";"Rd 964 PK1+500";"44,0209328";"1,6727623"
"201900012676";"5";"7";"2019";"18:00";"1";"71";"71015";"1";"1";"1";"7";"RD 298 Route d'Épinac";"46,9480560";"4,4334750"
"201900012677";"5";"7";"2019";"18:25";"1";"89";"89460";"1";"2";"1";"3";"Route de Misy - PK 38";"48,3516861";"3,0828720"
"201900012678";"5";"7";"2019";"07:00";"1";"89";"89267";"1";"5";"7";"3";"RD 957";"47,5498890";"4,0553120"
"201900012679";"5";"7";"2019";"12:31";"1";"61";"61189";"1";"1";"1";"6";"Lieu dit la rue";"48,7631410";" -0,2064270"
"201900012680";"6";"7";"2019";"04:00";"3";"61";"61156";"1";"1";"1";"6";"Montperroux";"48,5301410";"0,2727710"
"201900012681";"7";"7";"2019";"01:30";"3";"55";"55310";"1";"1";"1";"7";"RD30B - PK 3";"49,5173470";"5,1556050"
"201900012682";"4";"7";"2019";"09:40";"1";"49";"49337";"2";"3";"1";"3";"29 Route de l'Étang";"47,5714860";" -0,4273510"
"201900012683";"4";"7";"2019";"15:15";"1";"46";"46074";"1";"1";"1";"1";"Route départementale 97, lieu duit Quinsou";"44,9847710";"1,6638140"
"201900012684";"1";"7";"2019";"15:20";"1";"47";"47002";"1";"1";"1";"3";"poussac ouest";"44,4898430";"0,3459800"
"201900012685";"4";"7";"2019";"14:45";"1";"41";"41209";"2";"3";"1";"3";"37 Route de Haie de Champ";"47,8537870";"1,0878940"
"201900012686";"7";"7";"2019";"13:15";"1";"41";"41285";"1";"1";"1";"1";"Lieu dit bellevue";"47,6168580";"1,7119190"
"201900012687";"6";"7";"2019";"05:00";"2";"41";"41132";"1";"1";"1";"7";"25 Rue de Sologne";"47,3308471";"1,4644318"
"201900012688";"6";"7";"2019";"00:30";"3";"86";"86014";"1";"2";"1";"3";"carrefour entre la D749 et la rue du marchais";"46,7506480";"0,5547140"
"201900012689";"7";"7";"2019";"04:10";"3";"34";"34210";"1";"1";"1";"6";"RD 2";"43,5839090";"3,5099480"
"201900012690";"5";"7";"2019";"18:20";"1";"68";"68082";"2";"4";"1";"3";"16 Rue du 6 Fevrier";"47,8714290";"7,3518330"
"201900012691";"5";"7";"2019";"08:20";"1";"68";"68258";"2";"1";"1";"7";"Rue d'Ensisheim";"47,8366830";"7,3061100"
"201900012692";"2";"7";"2019";"22:25";"3";"68";"68082";"1";"1";"1";"1";"RD2";"47,8705950";"7,3686900"
"201900012693";"6";"7";"2019";"16:30";"1";"22";"22220";"1";"1";"1";"1";"N164";"48,2442740";" -3,2397950"
"201900012694";"7";"7";"2019";"15:45";"1";"39";"39259";"1";"1";"1";"1";"N/A";"46,9982600";"5,8399280"
"201900012695";"5";"7";"2019";"06:30";"2";"25";"25442";"2";"2";"5";"1";"D46";"46,8529750";"6,3340690"
"201900012696";"5";"7";"2019";"05:30";"2";"25";"25157";"1";"1";"5";"6";"reculée";"46,8611480";"6,3583750"
"201900012697";"5";"7";"2019";"20:15";"1";"25";"25256";"1";"1";"1";"6";"Le Nid du Crot";"47,1981730";"6,7820360"
"201900012698";"3";"7";"2019";"17:45";"1";"44";"44102";"1";"1";"1";"6";"RUE GRANDS FIEFS";"47,0584230";" -1,4897540"
"201900012699";"6";"7";"2019";"15:20";"1";"44";"44187";"1";"4";"1";"1";"Hucheloup";"47,1943680";" -2,0513590"
"201900012700";"6";"7";"2019";"08:40";"1";"44";"44182";"1";"1";"1";"7";"Route Bleue";"47,1730030";" -2,1444420"
"201900012701";"4";"7";"2019";"14:30";"1";"35";"35246";"1";"1";"7";"3";"La Haie";"48,5348200";" -1,7999470"
"201900012702";"25";"6";"2019";"18:00";"1";"35";"35297";"2";"3";"1";"6";"Rue de Gaël";"48,1872440";" -2,1910950"
"201900012703";"5";"7";"2019";"20:00";"2";"29";"29193";"1";"3";"1";"3";"Frosven";"48,5632470";" -4,0553580"
"201900012704";"4";"7";"2019";"18:44";"1";"29";"29260";"1";"1";"7";"3";"Ker Ar Valy";"48,4218310";" -4,6233890"
"201900012705";"27";"6";"2019";"14:15";"1";"29";"29235";"2";"1";"1";"7";"Rue Robert Schuman";"48,3977660";" -4,4072600"
"201900012706";"7";"7";"2019";"07:15";"1";"31";"31440";"1";"1";"1";"7";"La Peyrère";"43,1522500";"0,8676830"
"201900012707";"7";"7";"2019";"06:40";"2";"31";"31175";"1";"1";"1";"6";"D 817 - sens circulation ST GAUDENS - TOULOUSE";"43,1128510";"0,8011350"
"201900012708";"4";"7";"2019";"21:00";"1";"31";"31341";"2";"1";"1";"7";"route de la cote rouge";"43,7373030";"1,3098910"
"201900012709";"5";"7";"2019";"18:30";"1";"38";"38136";"1";"1";"1";"1";"route départementale 53";"45,5382790";"5,2191200"
"201900012710";"4";"7";"2019";"07:10";"1";"38";"38517";"1";"1";"7";"5";"RD 1092 PK 38+700";"45,2908010";"5,4829230"
"201900012711";"6";"7";"2019";"10:10";"1";"2";"02489";"1";"2";"1";"3";"D7";"49,5642000";"3,5517070"
"201900012712";"4";"7";"2019";"18:20";"2";"3";"03182";"1";"2";"7";"3";"N/A";"46,1035194";"3,2607358"
"201900012713";"13";"6";"2019";"16:50";"1";"3";"03084";"1";"3";"1";"3";"Malléchère";"46,5107697";"2,8148745"
"201900012714";"5";"7";"2019";"10:50";"1";"15";"15003";"1";"1";"1";"2";"CD 681";"45,1868030";"2,3108130"
"201900012715";"7";"7";"2019";"06:00";"2";"70";"70447";"2";"1";"8";"6";"20 Rue du Card";"47,4239630";"6,0658080"
"201900012716";"4";"7";"2019";"08:00";"1";"70";"70203";"1";"1";"1";"3";"D78";"47,5863910";"6,1824230"
"201900012717";"7";"7";"2019";"16:30";"1";"26";"26095";"1";"1";"2";"2";"139 route de Montelimar";"44,6099440";"4,9176600"
"201900012718";"6";"7";"2019";"08:20";"1";"26";"26113";"2";"3";"1";"6";"49 Rue Camille Buffardel";"44,7543260";"5,3709600"
"201900012719";"4";"7";"2019";"19:35";"1";"26";"26166";"1";"1";"1";"6";"Chemin des Archipuits";"44,7506320";"4,7850730"
"201900012720";"6";"7";"2019";"12:00";"1";"58";"58216";"1";"1";"1";"6";"D42";"47,3387290";"3,7624670"
"201900012721";"4";"7";"2019";"16:22";"1";"58";"58097";"1";"1";"7";"6";"moulins du pérat 58";"46,9162150";"3,5391190"
"201900012722";"6";"7";"2019";"15:00";"1";"54";"54594";"1";"1";"1";"7";"D 28 C";"48,9804500";"5,8625510"
"201900012723";"5";"7";"2019";"13:15";"1";"54";"54152";"2";"1";"1";"7";"9 Route de Dombasle";"48,5664200";"6,3862670"
"201900012724";"6";"7";"2019";"20:00";"1";"72";"72179";"1";"1";"1";"2";"La Croix du Châtelet";"47,8029530";" -0,1103570"
"201900012725";"6";"7";"2019";"09:30";"1";"6";"06151";"1";"1";"1";"7";"M2565";"43,9100860";"7,2592770"
"201900012726";"23";"6";"2019";"14:20";"1";"6";"06032";"2";"1";"1";"3";"Avenue Prince Rainier III de Monaco";"43,7242495";"7,4038824"
"201900012727";"5";"7";"2019";"14:08";"1";"6";"06138";"2";"1";"1";"7";"1 Boulevard de la Corniche d'Or";"43,5069260";"6,9421530"
"201900012728";"4";"7";"2019";"18:55";"1";"14";"14319";"1";"6";"1";"7";"Rue des Frères Chappe";"49,1535480";" -0,3067040"
"201900012729";"5";"7";"2019";"23:35";"3";"14";"14372";"1";"1";"1";"2";"RD9";"49,0969500";" -0,7945370"
"201900012730";"6";"7";"2019";"13:55";"1";"5";"05084";"1";"1";"1";"1";"SARUCHET";"44,5518180";"6,2493640"
"201900012731";"4";"7";"2019";"12:15";"1";"50";"50321";"1";"2";"1";"3";"Croisement RD88 - RD191";"49,1422200";" -1,0772850"
"201900012732";"7";"7";"2019";"09:50";"1";"60";"60636";"1";"1";"1";"7";"D 932";"49,4874850";"2,8723740"
"201900012733";"1";"7";"2019";"19:00";"2";"64";"64495";"1";"1";"1";"7";"D4";"43,3197351";" -1,5408548"
"201900012734";"7";"7";"2019";"03:00";"5";"18";"18109";"2";"1";"8";"7";"22 Rue de l'Église";"47,3027090";"2,5262860"
"201900012735";"26";"6";"2019";"06:43";"2";"18";"18223";"1";"1";"1";"6";"La Rose";"47,1872590";"2,3840500"
"201900012736";"6";"7";"2019";"21:30";"2";"43";"43150";"1";"1";"1";"6";"l'herm";"45,1003950";"4,0387300"
"201900012737";"4";"7";"2019";"17:00";"1";"43";"43158";"2";"4";"1";"1";"RD 152";"45,0738520";"4,0989620"
"201900012738";"5";"7";"2019";"20:10";"1";"10";"10323";"2";"1";"1";"7";"Avenue Jules Jacquemin";"48,5206980";"3,7346850"
"201900012739";"5";"7";"2019";"11:45";"1";"10";"10420";"2";"1";"1";"6";"8 Grande Rue Montrobert";"48,6002160";"3,5530110"
"201900012740";"5";"7";"2019";"20:35";"1";"7";"07349";"1";"3";"1";"3";"les cabanes";"44,7825110";"4,7671130"
"201900012741";"6";"7";"2019";"12:35";"1";"53";"53100";"1";"1";"7";"7";"La Guyardière";"48,4878220";" -0,9670000"
"201900012742";"5";"7";"2019";"19:20";"1";"53";"53062";"2";"3";"1";"3";"8-10 Avenue Ambroise Paré";"47,8230150";" -0,7106580"
"201900012743";"6";"7";"2019";"18:10";"1";"40";"40031";"1";"1";"1";"6";"1112 Route de Lesgor";"43,8294500";" -0,8705100"
"201900012744";"6";"7";"2019";"21:10";"1";"24";"24352";"2";"2";"1";"3";"Avenue Guy de Larigaudie";"45,2408140";"0,3452740"
"201900012745";"6";"7";"2019";"12:50";"1";"24";"24214";"1";"1";"1";"7";"D93";"45,5523150";"0,5419360"
"201900012746";"5";"7";"2019";"11:50";"1";"27";"27377";"1";"1";"1";"6";"Route Départementale 6";"49,3822000";"1,5189490"
"201900012747";"6";"7";"2019";"10:15";"1";"27";"27095";"1";"5";"1";"3";"Intersection RD39 / RD26 / route du buhot";"49,2052910";"0,7846770"
"201900012748";"5";"7";"2019";"13:20";"1";"27";"27266";"1";"1";"7";"5";"Rd 438";"49,1754420";"0,7002520"
"201900012749";"6";"7";"2019";"16:30";"1";"27";"27390";"2";"1";"1";"6";"Rue de la Croix Saint-Jacques";"48,8127780";"1,2156980"
"201900012750";"7";"7";"2019";"00:10";"3";"28";"28120";"1";"3";"1";"3";"RD 939 Lieu dit La Houdière";"48,6717210";"1,0983780"
"201900012751";"6";"7";"2019";"18:30";"1";"37";"37234";"1";"1";"1";"7";"d31";"47,2237690";"1,0299280"
"201900012752";"6";"7";"2019";"14:45";"1";"30";"30310";"1";"1";"1";"7";"Château de l'Hom";"44,1085360";"3,7787850"
"201900012753";"6";"7";"2019";"11:30";"1";"30";"30280";"1";"1";"1";"3";"D110";"43,9344440";"3,6533280"
"201900012754";"13";"6";"2019";"08:45";"1";"30";"30272";"2";"1";"1";"7";"CD 999";"43,9642390";"3,6878030"
"201900012755";"4";"7";"2019";"05:30";"2";"30";"30216";"1";"1";"1";"6";"route départmentale 162";"44,2769530";"4,0862760"
"201900012756";"6";"7";"2019";"03:45";"5";"30";"30098";"2";"1";"1";"6";"RD6110";"43,8845970";"4,0977390"
"201900012757";"6";"7";"2019";"00:05";"3";"48";"48001";"1";"1";"1";"6";"D65";"44,8714560";"3,1309180"
"201900012758";"4";"7";"2019";"17:25";"1";"52";"52169";"1";"1";"1";"6";"départementale  4";"48,4782320";"5,0096369"
"201900012759";"6";"7";"2019";"10:20";"1";"52";"52060";"2";"1";"1";"6";"Rue du Théâtre";"47,9510650";"5,7474460"
"201900012760";"4";"7";"2019";"08:20";"1";"88";"88346";"2";"1";"1";"6";"Rue Suzanne Goeppel";"48,4059230";"6,9979120"
"201900012761";"4";"5";"2019";"14:05";"1";"88";"88075";"1";"1";"4";"2";"41 Rue du Hohneck";"48,0047800";"6,8898020"
"201900012762";"6";"7";"2019";"05:15";"2";"88";"88079";"1";"1";"1";"1";"D165";"48,2069490";"5,8341620"
"201900012763";"5";"7";"2019";"21:40";"5";"88";"88011";"2";"1";"1";"6";"Rue de Remiremont";"48,1169750";"6,5345270"
"201900012764";"27";"6";"2019";"20:45";"1";"76";"76660";"1";"9";"1";"6";"A131";"49,4865650";"0,3152570"
"201900012765";"28";"4";"2019";"02:00";"3";"60";"60461";"1";"1";"1";"6";"Autoroute A16";"49,4452494";"2,1513033"
"201900012766";"4";"7";"2019";"12:00";"1";"63";"63082";"1";"1";"1";"2";"Autoroute A71";"46,0702533";"3,1195164"
"201900012767";"6";"7";"2019";"11:40";"1";"3";"03175";"1";"1";"1";"3";"N/A";"46,2438523";"3,0913862"
"201900012768";"6";"7";"2019";"05:45";"2";"95";"95353";"1";"1";"1";"6";"Route nationale 1";"49,0774100";"2,3195400"
"201900012769";"6";"7";"2019";"13:20";"1";"1";"01451";"1";"1";"8";"3";"A40 - PK 169+300";"46,2511750";"5,2590740"
"201900012770";"3";"7";"2019";"08:10";"1";"974";"97415";"2";"3";"1";"3";"Rue Etienne regnault";" -20,9775990";"55,3287410"
"201900012771";"4";"7";"2019";"17:05";"1";"974";"97415";"1";"1";"1";"7";"3 Chemin de la Giroday";" -20,9974930";"55,3299150"
"201900012772";"6";"7";"2019";"04:27";"3";"67";"67481";"1";"1";"1";"6";"Autoroute A35";"48,3778810";"7,4798840"
"201900012773";"4";"7";"2019";"10:40";"1";"67";"67084";"1";"1";"1";"4";"A35 PK435.100";"48,3237400";"7,4273400"
"201900012774";"7";"7";"2019";"14:15";"1";"82";"82033";"1";"1";"7";"2";"A62";"44,0461000";"1,0735000"
"201900012775";"6";"7";"2019";"23:30";"3";"69";"69112";"1";"1";"1";"3";"PK 537.000";"45,8335041";"4,6860157"
"201900012776";"7";"7";"2019";"11:20";"1";"33";"33498";"1";"1";"1";"5";"A63 _ pk033.550";"44,5564600";" -0,8317300"
"201900012777";"6";"7";"2019";"23:00";"5";"74";"74081";"2";"6";"1";"6";"Avenue Georges Clemenceau";"46,0681255";"6,5707848"
"201900012778";"5";"7";"2019";"10:35";"1";"38";"38550";"1";"1";"1";"1";"D221 B";"45,0883370";"6,0355000"
"201900012779";"1";"6";"2019";"12:15";"1";"38";"38191";"1";"1";"1";"7";"Route du col de sarenne";"45,0821210";"6,0585710"
"201900012780";"4";"7";"2019";"16:45";"1";"38";"38053";"1";"1";"1";"2";"A43, PK 033+100";"45,6025390";"5,2598890"
"201900012781";"4";"7";"2019";"18:06";"1";"64";"64124";"1";"1";"1";"6";"D918, PR46+500";"43,2588400";" -1,3194570"
"201900012782";"30";"6";"2019";"13:10";"1";"69";"69242";"1";"1";"1";"7";"A6";"46,1387560";"4,7671540"
"201900012783";"5";"7";"2019";"18:00";"1";"84";"84081";"1";"1";"1";"5";"autoroute A7 pk 197+400 sens 2";"43,9047060";"4,9122960"
"201900012784";"5";"7";"2019";"17:16";"1";"62";"62476";"1";"9";"1";"1";"autoroute A1";"50,3558910";"2,9549860"
"201900012785";"2";"7";"2019";"14:00";"1";"60";"60505";"1";"1";"1";"2";"RD1017";"49,1493010";"2,5455510"
"201900012786";"5";"7";"2019";"08:00";"1";"988";"98814";"2";"1";"1";"6";"RT 2 - Tribu de Qanono";" -20,9059400";"167,2539400"
"201900012787";"2";"7";"2019";"09:15";"1";"971";"97119";"2";"1";"1";"1";"Rue Félix Eboué";"16,3804870";" -61,4870920"
"201900012788";"5";"7";"2019";"00:39";"5";"21";"21515";"2";"2";"1";"5";"Avenue de l'Université";"47,3134550";"5,0938420"
"201900012789";"4";"7";"2019";"18:45";"1";"33";"33199";"1";"3";"1";"3";"Avenue de Cesarée";"44,6090430";" -1,0741520"
"201900012790";"5";"7";"2019";"15:10";"1";"29";"29234";"1";"3";"1";"1";"Kergamp";"47,8386064";" -3,5043206"
"201900012791";"6";"7";"2019";"19:50";"1";"33";"33070";"2";"1";"1";"7";"Chemin de la Noune";"45,0436060";" -0,9337540"
"201900012792";"6";"7";"2019";"18:15";"1";"28";"28375";"1";"1";"1";"7";"D147.5";"48,7683770";"1,4842190"
"201900012793";"5";"7";"2019";"01:20";"3";"45";"45212";"1";"1";"1";"6";"RD 317 - 1+600";"47,8978380";"2,8367830"
"201900012794";"5";"7";"2019";"11:45";"1";"45";"45173";"2";"1";"7";"6";"16 BD JEANNE D'ARC";"47,8676120";"2,1223680"
"201900012795";"5";"7";"2019";"19:40";"1";"77";"77387";"1";"2";"7";"1";"Intersection D225 X D120";"48,2276035";"2,8418036"
"201900012796";"6";"7";"2019";"19:15";"1";"77";"77031";"1";"2";"1";"3";"Intersection D49, D201";"48,6726700";"2,9597700"
"201900012797";"4";"7";"2019";"09:00";"1";"77";"77508";"1";"1";"1";"3";"RD 21";"48,8177800";"2,8612200"
"201900012798";"4";"7";"2019";"18:35";"1";"77";"77142";"1";"1";"1";"1";"D21";"48,8659610";"2,9544610"
"201900012799";"5";"7";"2019";"17:55";"1";"77";"77470";"2";"1";"1";"1";"15 Rue de la Libération";"48,7387170";"2,7743520"
"201900012800";"4";"7";"2019";"20:00";"2";"77";"77470";"2";"3";"1";"2";"Boulevard Isaac Pereire";"48,7402650";"2,7586050"
"201900012801";"6";"7";"2019";"13:30";"1";"77";"77381";"1";"2";"1";"4";"RD 201- RD215";"48,6216529";"2,9727584"
"201900012802";"4";"7";"2019";"13:00";"1";"95";"95351";"1";"1";"1";"7";"D137";"49,0352360";"2,5056980"
"201900012803";"5";"7";"2019";"10:20";"1";"78";"78623";"2";"1";"1";"3";"Rue du Général Charles de Gaulle";"48,7772160";"1,8772920"
"201900012804";"5";"7";"2019";"16:45";"1";"2B";"2B355";"1";"1";"1";"1";"RT20";"42,5190780";"9,4005120"
"201900012805";"4";"7";"2019";"23:05";"5";"34";"34023";"2";"1";"1";"1";"Avenue du Port";"43,4406420";"3,6815030"
"201900012806";"4";"7";"2019";"15:30";"1";"84";"84019";"2";"2";"1";"3";"Avenue Salvador Allende";"44,2883730";"4,7539480"
"201900012807";"5";"7";"2019";"12:05";"1";"84";"84092";"1";"1";"1";"5";"Route Touristique des Bords du Rhône";"43,9684230";"4,8551190"
"201900012808";"30";"6";"2019";"00:00";"5";"84";"84092";"2";"1";"1";"3";"RD 907";"43,9750240";"4,8580080"
"201900012809";"16";"6";"2019";"12:15";"1";"83";"83035";"1";"1";"7";"1";"Route des Garrigues";"43,2549000";"5,7457900"
"201900012810";"4";"7";"2019";"17:30";"1";"83";"83101";"1";"1";"1";"6";"Route de l'EPI";"43,2219770";"6,6539720"
"201900012811";"7";"7";"2019";"12:45";"1";"4";"04019";"2";"1";"1";"6";"RD 902 Av Émile Aubert";"44,3838120";"6,6419030"
"201900012812";"6";"7";"2019";"14:47";"1";"13";"13107";"2";"1";"1";"7";"Route de Siege";"43,4304150";"5,4250580"
"201900012813";"3";"7";"2019";"20:00";"1";"70";"70026";"2";"1";"1";"6";"31 rue de la Gendarmerie";"47,4580890";"5,5818410"
"201900012814";"5";"7";"2019";"07:13";"1";"89";"89037";"1";"1";"1";"3";"D943";"47,9704160";"3,3437705"
"201900012815";"4";"7";"2019";"21:00";"2";"71";"71562";"1";"1";"1";"6";"la couture";"46,4132470";"4,3097550"
"201900012816";"4";"7";"2019";"11:40";"1";"71";"71176";"2";"3";"1";"3";"Route des Sables";"46,4997830";"4,0127660"
"201900012817";"6";"7";"2019";"15:17";"1";"71";"71512";"2";"3";"1";"1";"Route de Gigny";"46,6388910";"4,8739610"
"201900012818";"6";"7";"2019";"05:20";"3";"71";"71099";"1";"1";"1";"7";"RD 86";"46,3937450";"4,8218080"
"201900012819";"3";"7";"2019";"22:34";"5";"21";"21319";"2";"1";"1";"6";"20 Rue d'Amont";"47,1705360";"5,1408190"
"201900012820";"7";"7";"2019";"04:00";"3";"68";"68171";"1";"1";"3";"7";"RD27";"47,9474310";"6,9668940"
"201900012821";"4";"7";"2019";"20:00";"1";"88";"88247";"1";"1";"1";"4";"RN 57";"48,2693750";"6,3846600"
"201900012822";"5";"7";"2019";"09:05";"1";"57";"57303";"1";"6";"1";"6";"RN 52";"49,2186790";"6,1890080"
"201900012823";"6";"7";"2019";"16:43";"1";"3";"03270";"1";"1";"1";"2";"N/A";"46,3493285";"2,9512477"
"201900012824";"6";"7";"2019";"19:00";"1";"63";"63417";"1";"1";"2";"6";"D943";"45,8311770";"3,0442930"
"201900012825";"6";"7";"2019";"15:25";"1";"74";"74226";"2";"3";"1";"1";"Curseille";"46,1932120";"6,3874810"
"201900012826";"5";"7";"2019";"10:50";"1";"73";"73203";"1";"1";"1";"6";"RD 1006";"45,3156058";"6,3332310"
"201900012827";"5";"7";"2019";"15:45";"1";"38";"38449";"1";"1";"1";"3";"D124";"45,6561680";"5,1335680"
"201900012828";"6";"7";"2019";"17:20";"1";"38";"38468";"1";"1";"1";"4";"Route nationale 7";"45,3290470";"4,8064520"
"201900012829";"7";"6";"2019";"15:45";"1";"38";"38468";"2";"1";"1";"6";"ROUTE NATIONALE 7";"45,3426130";"4,8040200"
"201900012830";"5";"7";"2019";"10:31";"1";"26";"26235";"1";"1";"1";"1";"Route Nationale 7";"44,3298470";"4,6872200"
"201900012831";"21";"11";"2019";"17:56";"5";"2A";"2A004";"2";"1";"3";"6";"BONAPARTE LUCIEN  COURS";"41,9125800";"8,7235400"
"201900012832";"21";"11";"2019";"09:20";"1";"91";"91589";"2";"1";"1";"2";"COURTELINE (RUE)";"48,6792000";"2,3463000"
"201900012833";"21";"11";"2019";"17:10";"5";"91";"91345";"2";"9";"2";"6";"templiers (rue des )";"48,6840000";"2,3145470"
"201900012834";"21";"11";"2019";"19:00";"5";"91";"91027";"2";"9";"2";"6";"DIX HUIT AVRIL (AVENUE DU)";"48,7046700";"2,3915600"
"201900012835";"21";"11";"2019";"08:55";"1";"91";"91103";"2";"1";"1";"7";"FLANDRE (RUE DE)";"48,5948600";"2,3027800"
"201900012836";"19";"11";"2019";"21:03";"5";"87";"87085";"2";"1";"1";"3";"TANNERIES (RUE DES)";"45,8300800";"1,2631200"
"201900012837";"21";"11";"2019";"13:45";"1";"86";"86194";"2";"1";"1";"6";"CONCORDE (BOULEVARD DE LA)";"46,5656100";"0,3483300"
"201900012838";"19";"11";"2019";"17:00";"1";"84";"84007";"1";"2";"1";"5";"LYON (route de )";"43,9548500";"4,8381790"
"201900012839";"21";"11";"2019";"07:30";"2";"81";"81033";"2";"9";"5";"3";"ALBI (AV. D' )";"44,0247275";"2,1552675"
"201900012840";"19";"11";"2019";"18:30";"5";"80";"80021";"2";"1";"1";"6";"WINSTON CHURCHILL (RUE)";"49,9079600";"2,3038700"
"201900012841";"21";"11";"2019";"18:08";"5";"78";"78440";"2";"1";"2";"3";"PIERRE CURIE (RUE)";"48,9948480";"1,9288180"
"201900012842";"19";"11";"2019";"15:22";"1";"77";"77210";"1";"3";"1";"1";"D606 X D28A";"48,3612903";"2,8885700"
"201900012843";"20";"11";"2019";"19:00";"2";"76";"76540";"2";"1";"1";"6";"RAFFETOT. RUE";"49,4509900";"1,0835000"
"201900012844";"21";"11";"2019";"16:10";"1";"69";"69271";"2";"1";"1";"6";"EUROPE (DE L')                          ";"45,7386700";"4,9364100"
"201900012845";"21";"11";"2019";"12:30";"1";"69";"69290";"1";"2";"1";"3";"PORTE DES ALPES (DE LA) - BD URBAIN (BD)";"45,7168300";"4,9280600"
"201900012846";"21";"11";"2019";"08:30";"1";"69";"69290";"2";"3";"1";"6";"ANDRE CHENIER                       (R )";"45,6977000";"4,9570000"
"201900012847";"20";"11";"2019";"07:20";"2";"67";"67482";"2";"1";"5";"3";"PLAINE DES BOUCHERS (RUE DE LA)";"48,5615100";"7,7384300"
"201900012848";"21";"11";"2019";"09:10";"1";"66";"66136";"2";"2";"1";"3";"COQUELICOTS (DES)";"42,7049900";"2,9019500"
"201900012849";"20";"11";"2019";"17:20";"1";"66";"66136";"1";"1";"1";"2";"R D 900";"42,6757600";"2,8666000"
"201900012850";"22";"11";"2019";"23:35";"5";"64";"64102";"2";"1";"1";"7";"FLOQUET (RUE CHARLES)";"43,4913422";" -1,4625451"
"201900012851";"20";"11";"2019";"16:15";"1";"64";"64102";"2";"9";"1";"7";"BEYRIS (GIRATOIRE)";"43,4782000";" -1,4921300"
"201900012852";"16";"11";"2019";"22:05";"5";"63";"63014";"2";"1";"1";"2";"PASTEUR (RUE)";"45,7592800";"3,1029300"
"201900012853";"21";"11";"2019";"20:00";"5";"59";"59279";"2";"2";"1";"3";"MARTEL (RUE DES FRERES MARTEL PROLONGEE)";"50,7800000";"3,1300000"
"201900012854";"30";"9";"2019";"18:20";"1";"59";"59009";"2";"1";"1";"6";"BOIS AVENUE DU PONT DE";"50,6253000";"3,1267000"
"201900012855";"20";"11";"2019";"17:40";"5";"54";"54395";"2";"7";"1";"7";"REPUBLIQUE (PLACE DE)";"48,6887240";"6,1764080"
"201900012856";"20";"11";"2019";"17:10";"5";"54";"54304";"2";"1";"1";"3";"POINCARE (RUE RAYMOND)";"48,6805510";"6,1551880"
"201900012857";"20";"11";"2019";"13:30";"1";"54";"54547";"2";"1";"8";"2";"LECLERC (AV. DU GENERAL 26 A 172)";"48,6604220";"6,1620910"
"201900012858";"19";"11";"2019";"18:25";"5";"50";"50129";"2";"1";"1";"2";"PARIS (AVENUE DE)";"49,6265700";" -1,6173500"
"201900012859";"18";"11";"2019";"14:00";"1";"50";"50602";"2";"6";"1";"3";"BROSSOLETTE (RUE PIERRE)";"49,6348000";" -1,5922000"
"201900012860";"21";"11";"2019";"13:50";"1";"44";"44184";"2";"8";"2";"3";"LESNAIS (ROUTE DE)";"47,2925290";" -2,2330640"
"201900012861";"21";"11";"2019";"08:00";"2";"44";"44184";"2";"2";"3";"3";"AVENUES LAGRANGE / MITTERRAND";"47,2693000";" -2,2284000"
"201900012862";"18";"11";"2019";"18:25";"2";"44";"44184";"2";"2";"1";"3";"RUES MOZART / VOLTAIRE";"47,2670000";" -2,2359000"
"201900012863";"20";"11";"2019";"12:15";"1";"41";"41047";"2";"1";"1";"6";"RD 2152";"47,6136100";"1,3614900"
"201900012864";"19";"11";"2019";"15:55";"1";"33";"33249";"2";"3";"1";"3";"AVE DE LA RESISTANCE";"44,8776200";" -0,5186300"