"Num_Acc";"jour";"mois";"an";"hrmn";"lum";"dep";"com";"agg";"int";"atm";"col";"adr";"lat";"long"
"201900012865";"20";"11";"2019";"19:30";"5";"30";"30007";"2";"1";"1";"6";"GUESDE (AVE JULES)";"44,1199600";"4,0791900"
"201900012866";"21";"11";"2019";"18:07";"2";"28";"28110";"1";"4";"8";"3";"BERNARD (RUE CLAUDE)";"48,4117300";"1,5079700"
"201900012867";"20";"11";"2019";"17:55";"5";"15";"15014";"2";"1";"1";"6";"GAMBETTA (AVENUE)";"44,9275170";"2,4454940"
"201900012868";"21";"11";"2019";"17:38";"5";"14";"14536";"2";"1";"2";"6";"BOURG (RUE DU)";"49,4074100";"0,2670700"
"201900012869";"21";"11";"2019";"15:20";"1";"13";"13214";"2";"1";"2";"6";"MORETTI (BOULEVARD)";"43,3264000";"5,3752000"
"201900012870";"21";"11";"2019";"13:30";"1";"13";"13210";"2";"9";"8";"3";"LAZER (BOULEVARD)";"43,2778800";"5,4056600"
"201900012871";"20";"11";"2019";"10:30";"1";"13";"13206";"2";"1";"1";"3";"DELPHES (AVENUE DE)";"43,2843000";"5,3880500"
"201900012872";"21";"11";"2019";"13:31";"1";"10";"10387";"2";"2";"1";"3";"PIERRE BROSSOLETTE (RUE)";"48,2865600";"4,0775400"
"201900012873";"20";"11";"2019";"08:29";"1";"10";"10333";"2";"1";"1";"3";"AUXERRE (ROUTE)";"48,2768300";"4,0659800"
"201900012874";"21";"11";"2019";"07:55";"2";"9";"09122";"2";"1";"1";"3";"ESPAGNE (ROUTE D')";"42,9468950";"1,6269220"
"201900012875";"21";"11";"2019";"19:30";"5";"1";"01053";"2";"9";"2";"1";"MACON ( AVENUE DE - IMPAIRS)";"46,2089400";"5,2204100"
"201900012876";"20";"11";"2019";"16:15";"1";"75";"75116";"2";"1";"1";"3";"BD PERIPHERIQUE INTERIEUR";"48,8612633";"2,2641925"
"201900012877";"20";"11";"2019";"09:00";"1";"75";"75113";"2";"1";"1";"4";"BD PERIPHERIQUE EXTERIEUR";"48,8172000";"2,3662520"
"201900012878";"20";"11";"2019";"09:30";"1";"75";"75107";"2";"3";"1";"6";"RUE DE VARENNE";"48,8557060";"2,3168930"
"201900012879";"21";"11";"2019";"18:15";"5";"75";"75119";"2";"1";"2";"6";"RUE DE CRIMEE";"48,8909960";"2,3763970"
"201900012880";"20";"11";"2019";"22:45";"5";"75";"75119";"2";"1";"1";"6";"BOULEVARD MACDONALD";"48,8966550";"2,3930400"
"201900012881";"21";"11";"2019";"19:50";"5";"75";"75117";"2";"2";"1";"6";"AVENUE DE WAGRAM";"48,8815624";"2,3007047"
"201900012882";"21";"11";"2019";"18:10";"5";"75";"75116";"2";"2";"2";"3";"AVENUE DE LA GRANDE ARMEE";"48,8762631";"2,2872018"
"201900012883";"21";"11";"2019";"14:30";"1";"75";"75116";"2";"1";"1";"1";"ROUTE DES TRIBUNES";"48,8549610";"2,2287960"
"201900012884";"21";"11";"2019";"09:30";"1";"75";"75117";"2";"2";"1";"6";"AVENUE DES TERNES";"48,8786491";"2,2942171"
"201900012885";"20";"11";"2019";"17:55";"5";"75";"75116";"2";"1";"1";"3";"AVENUE PRUDHON";"48,8590970";"2,2692080"
"201900012886";"20";"11";"2019";"09:20";"1";"75";"75116";"2";"3";"1";"2";"BOULEVARD DE L AMIRAL BRUIX";"48,8748530";"2,2787620"
"201900012887";"19";"11";"2019";"18:45";"5";"75";"75116";"2";"1";"1";"6";"ROUTE DE LA PTE DAUPHINE A LA PTE DES SA";"48,8727870";"2,2732230"
"201900012888";"19";"11";"2019";"15:20";"1";"75";"75116";"2";"2";"1";"3";"AVENUE KLEBER";"48,8690230";"2,2915800"
"201900012889";"20";"11";"2019";"16:15";"1";"75";"75115";"2";"4";"1";"3";"RUE BRANCION";"48,8296830";"2,3017580"
"201900012890";"19";"11";"2019";"12:00";"1";"75";"75115";"2";"3";"1";"3";"RUE EMERIAU";"48,8487229";"2,2852167"
"201900012891";"21";"11";"2019";"15:30";"1";"75";"75105";"2";"3";"1";"6";"BOULEVARD DE PORT ROYAL";"48,8383927";"2,3420915"
"201900012892";"20";"11";"2019";"17:50";"3";"75";"75114";"2";"2";"1";"3";"AVENUE DU DOCTEUR LANNELONGUE";"48,8182036";"2,3327150"
"201900012893";"21";"11";"2019";"11:50";"1";"75";"75113";"2";"3";"1";"6";"BOULEVARD MASSENA";"48,8201323";"2,3646375"
"201900012894";"21";"11";"2019";"10:23";"1";"75";"75113";"2";"2";"1";"3";"BOULEVARD AUGUSTE BLANQUI";"48,8311050";"2,3442410"
"201900012895";"20";"11";"2019";"19:30";"5";"75";"75112";"2";"2";"1";"3";"BOULEVARD DE REUILLY";"48,8389329";"2,3892712"
"201900012896";"16";"11";"2019";"02:45";"5";"75";"75104";"2";"3";"2";"7";"BOULEVARD DE SEBASTOPOL";"48,8612210";"2,3497546"
"201900012897";"21";"11";"2019";"15:10";"1";"75";"75102";"2";"7";"1";"6";"PLACE DES VICTOIRES";"48,8658480";"2,3414670"
"201900012898";"20";"11";"2019";"14:45";"1";"75";"75104";"2";"1";"1";"6";"RUE SAINT ANTOINE";"48,8549055";"2,3620813"
"201900012899";"21";"11";"2019";"18:05";"3";"94";"94078";"2";"1";"2";"6";"CLEMENT ADER (R)";"48,7270100";"2,4500000"
"201900012900";"20";"11";"2019";"06:50";"2";"94";"94068";"2";"9";"1";"7";"MARNE (BD DE LA)";"48,7876259";"2,5178996"
"201900012901";"20";"11";"2019";"15:40";"1";"94";"94076";"2";"1";"1";"6";"COLONEL FABIEN (AV)";"48,7800000";"2,3700000"
"201900012902";"18";"11";"2019";"12:25";"1";"94";"94043";"2";"1";"2";"6";"DANTON (R)";"48,8099700";"2,3609000"
"201900012903";"18";"11";"2019";"10:20";"1";"94";"94076";"2";"1";"8";"7";"SAINT ROCH (R)";"48,7931400";"2,3685100"
"201900012904";"21";"11";"2019";"10:10";"1";"94";"94073";"2";"3";"1";"3";"LUXEMBOURG (AV DU)";"48,7543500";"2,3753500"
"201900012905";"21";"11";"2019";"08:10";"1";"94";"94004";"2";"9";"1";"6";"GARE (BD DE LA)";"48,7536400";"2,5057400"
"201900012906";"19";"11";"2019";"21:10";"5";"94";"94002";"2";"1";"1";"2";"JEAN BAPTISTE PREUX (ALL)";"48,7769900";"2,4192600"
"201900012907";"21";"11";"2019";"12:30";"1";"93";"93072";"2";"1";"1";"3";"GASTON MONMOUSSEAU (AVENUE)";"48,9490300";"2,3903700"
"201900012908";"21";"11";"2019";"08:33";"1";"93";"93072";"2";"1";"1";"6";"PIERRE JEAN DE BERANGER (SQUARE)";"48,9492200";"2,3769600"
"201900012909";"20";"11";"2019";"11:30";"1";"93";"93066";"2";"3";"1";"3";"FRANCE ANATOLE (BOULEVARD) NR AUTRES";"48,9295300";"2,3505000"
"201900012910";"21";"11";"2019";"19:55";"5";"93";"93051";"2";"3";"8";"2";"DOCTEUR SUREAU";"48,8457300";"2,5494000"
"201900012911";"21";"11";"2019";"16:30";"2";"93";"93048";"2";"2";"1";"3";"RESISTANCE S3 (AVENUE DE LA)";"48,8692000";"2,4329000"
"201900012912";"21";"11";"2019";"17:35";"5";"93";"93046";"2";"1";"1";"3";"KENNEDY AVENUE DU PRESIDENT";"48,9156200";"2,5333000"
"201900012913";"19";"11";"2019";"07:40";"2";"93";"93031";"2";"3";"1";"3";"DE LATTRE DE TASSIGNY (1 A 51)";"48,9573600";"2,3100200"
"201900012914";"21";"11";"2019";"09:40";"1";"93";"93029";"2";"1";"1";"6";"PAUL VAILLANT COUTURIER (BD)";"48,9230400";"2,4465800"
"201900012915";"21";"11";"2019";"08:05";"1";"93";"93008";"2";"1";"1";"6";"GROSLAY (CHEMIN DE) ";"48,9074600";"2,4713400"
"201900012916";"21";"11";"2019";"09:50";"1";"92";"92062";"2";"9";"1";"4";"PDT WILSON (Avenue)";"48,8871050";"2,2319310"
"201900012917";"20";"11";"2019";"18:10";"2";"92";"92062";"2";"1";"1";"3";"DE DION BOUTON (QUAI) DU 29 AU 65";"48,8856000";"2,2442500"
"201900012918";"21";"11";"2019";"12:30";"1";"92";"92051";"2";"3";"1";"1";"MAILLOT (BOULEVARD)";"48,8785000";"2,2743800"
"201900012919";"21";"11";"2019";"10:08";"1";"92";"92051";"2";"9";"1";"3";"BINEAU (BOULEVARD, N°53 A 131 ET 52 A 13";"48,8887900";"2,2738400"
"201900012920";"20";"11";"2019";"11:25";"1";"92";"92050";"2";"1";"1";"6";"DOUCET ANDRE RUE";"48,9000300";"2,1952700"
"201900012921";"21";"11";"2019";"18:10";"5";"92";"92048";"2";"3";"2";"3";"BANES (RUE) N° 3 A 19";"48,8076500";"2,2422400"
"201900012922";"27";"6";"2019";"16:40";"1";"92";"92044";"2";"2";"1";"3";"CHARLES PASQUA (QUAI) 32 A 58 / PONT DE LEVALLOIS";"48,8989955";"2,2787034"
"201900012923";"20";"11";"2019";"23:20";"5";"92";"92019";"2";"1";"1";"3";"DIVISION LECLERC (AVENUE DE LA)";"48,7640300";"2,2708100"
"201900012924";"12";"11";"2019";"22:05";"5";"92";"92004";"2";"3";"1";"3";"GRANDE RUE CHARLES DE GAULLE";"48,9048900";"2,2879200"
"201900012925";"22";"11";"2019";"18:00";"3";"60";"60388";"1";"1";"1";"6";"D150";"49,5373940";"1,9082940"
"201900012926";"20";"11";"2019";"16:10";"1";"54";"54266";"1";"1";"2";"7";"D50";"48,5141240";"6,1018690"
"201900012927";"22";"11";"2019";"15:50";"1";"6";"06149";"2";"1";"1";"7";"19 Boulevard Général de Gaulle";"43,7419310";"7,3115630"
"201900012928";"28";"10";"2019";"17:00";"1";"22";"22368";"2";"3";"3";"3";"12 Rue de Dinard";"48,5605796";" -2,0611722"
"201900012929";"25";"9";"2019";"07:54";"1";"86";"86082";"1";"6";"2";"3";"Valence-en-Poitou";"46,3592770";"0,2006830"
"201900012930";"20";"11";"2019";"08:55";"1";"54";"54151";"1";"1";"1";"7";"RD17A";"49,4811480";"5,7286560"
"201900012931";"8";"11";"2019";"14:30";"1";"87";"87019";"1";"1";"3";"6";"Autoroute A20 - PK 194.450 - sens TOULOUSE / LIMOGES";"45,7465190";"1,3402660"
"201900012932";"20";"11";"2019";"11:55";"1";"6";"06126";"1";"3";"8";"7";"M6202";"43,8104660";"7,1912560"
"201900012933";"21";"11";"2019";"20:55";"5";"1";"01033";"2";"1";"2";"6";"9 Avenue Mal de Lattre de Tassigny (Châtillon-en-Michaille)";"46,1277770";"5,8109880"
"201900012934";"22";"11";"2019";"19:05";"3";"79";"79150";"1";"1";"2";"1";"N/A";"46,1424010";"0,2140250"
"201900012935";"22";"11";"2019";"13:10";"1";"71";"71004";"1";"2";"1";"3";"Route de Dole";"46,8080520";"4,9482270"
"201900012936";"22";"11";"2019";"08:45";"1";"47";"47165";"1";"1";"1";"2";"À Carreau";"44,5002060";"0,0016310"
"201900012937";"22";"11";"2019";"12:15";"1";"62";"62214";"1";"1";"8";"6";"Impasse du Chateau du Houret";"50,6538530";"1,7180020"
"201900012938";"22";"11";"2019";"17:00";"5";"76";"76163";"2";"1";"1";"2";"Rue Saint Clair";"49,5129916";"1,3308048"
"201900012939";"22";"11";"2019";"04:00";"3";"79";"79198";"1";"1";"2";"6";"Lieu-dit Semoussais";"46,0720510";" -0,1656400"
"201900012940";"21";"11";"2019";"23:50";"3";"82";"82093";"2";"1";"8";"6";"D928";"43,9286180";"1,0772530"
"201900012941";"22";"11";"2019";"17:20";"3";"63";"63271";"1";"1";"1";"6";"les charbonniers/portail st épuration";"45,9364153";"3,4853214"
"201900012942";"22";"11";"2019";"10:30";"1";"63";"63031";"1";"2";"1";"3";"Route de Saint-germain";"45,4459390";"3,2701560"
"201900012943";"22";"11";"2019";"02:00";"3";"12";"12119";"1";"1";"1";"7";"D541";"44,6825740";"2,8298130"
"201900012944";"20";"11";"2019";"09:50";"1";"46";"46251";"2";"2";"1";"6";"Place de la République";"44,8595070";"1,8916260"
"201900012945";"21";"11";"2019";"17:30";"2";"41";"41280";"2";"2";"2";"5";"Avenue de Verdun";"47,2928820";"1,7694140"
"201900012946";"22";"11";"2019";"16:30";"1";"68";"68195";"2";"1";"1";"6";"28 Rue de Morschwiller";"47,7566100";"7,2746610"
"201900012947";"21";"11";"2019";"16:30";"1";"39";"39081";"1";"1";"1";"4";"N/A";"46,8812220";"5,7192580"
"201900012948";"21";"11";"2019";"12:45";"1";"44";"44183";"1";"1";"2";"6";"D33";"47,4037700";" -2,4016750"
"201900012949";"17";"11";"2019";"22:00";"5";"35";"35184";"2";"1";"1";"3";"Rue du Général de Gaulle";"48,2005930";" -2,0467560"
"201900012950";"6";"9";"2019";"15:45";"1";"29";"29117";"1";"1";"1";"7";"Lieu-dit Kerarlin";"48,5809080";" -4,5226871"
"201900012951";"22";"11";"2019";"17:20";"2";"31";"31135";"1";"2";"1";"6";"Chemin des Vignes";"43,2276800";"1,0832180"
"201900012952";"22";"11";"2019";"06:40";"2";"31";"31202";"2";"6";"1";"6";"Rue Pierre Contrasty";"43,8404720";"1,3882060"
"201900012953";"21";"11";"2019";"22:30";"5";"58";"58131";"2";"1";"1";"6";"Grande Rue";"47,0842340";"3,1927270"
"201900012954";"21";"11";"2019";"11:30";"1";"58";"58051";"1";"1";"1";"6";"N7";"46,9286330";"3,1597500"
"201900012955";"14";"11";"2019";"19:40";"3";"66";"66074";"1";"1";"1";"1";"Le Mas";"42,6287410";"2,4527900"
"201900012956";"22";"11";"2019";"13:30";"1";"72";"72149";"1";"1";"1";"3";"Lieu Dit les Mortiers";"48,0054780";" -0,2198770"
"201900012957";"22";"11";"2019";"10:10";"1";"50";"50394";"2";"1";"1";"6";"Boulevard du 8 Juin 1944";"49,1887520";" -1,4035710"
"201900012958";"22";"11";"2019";"14:25";"1";"90";"90041";"1";"4";"1";"3";"Rue de Rougemont";"47,7190280";"6,9315050"
"201900012959";"21";"11";"2019";"15:39";"1";"10";"10254";"1";"2";"1";"3";"Intersection RD76 - RD97";"48,5838470";"3,5166230"
"201900012960";"20";"11";"2019";"09:15";"1";"36";"36088";"2";"1";"1";"6";"Avenue du Colombier";"46,9485740";"2,0074080"
"201900012961";"22";"11";"2019";"05:50";"3";"53";"53062";"2";"1";"3";"6";"Rue Félix Rigot";"47,8289870";" -0,6998180"
"201900012962";"22";"11";"2019";"04:20";"3";"28";"28327";"1";"1";"1";"6";"D13";"48,1922570";"0,8300380"
"201900012963";"21";"11";"2019";"18:00";"5";"52";"52250";"2";"3";"1";"3";"Avenue de Lorraine";"48,4450930";"5,1499310"
"201900012964";"21";"11";"2019";"06:30";"2";"88";"88124";"2";"1";"1";"6";"673 Rue du 8 Mai 1945";"48,0837690";"6,0543300"
"201900012965";"21";"11";"2019";"17:30";"2";"49";"49188";"1";"1";"2";"6";"Gare de péage - Autoroute A11";"47,5667730";" -0,3278530"
"201900012966";"21";"11";"2019";"11:05";"1";"6";"06152";"1";"1";"8";"7";"Route des Macarons";"43,6345640";"7,0500750"
"201900012967";"22";"11";"2019";"16:00";"1";"39";"39526";"1";"1";"1";"1";"N/A";"47,0384520";"5,4148470"
"201900012968";"21";"11";"2019";"23:40";"5";"82";"82119";"1";"1";"1";"7";"A20";"44,2302520";"1,5324250"
"201900012969";"19";"11";"2019";"14:15";"1";"13";"13001";"1";"1";"1";"2";"A8 PK 21+600 DIRECTION LYON";"43,5128470";"5,4894330"
"201900012970";"21";"11";"2019";"18:00";"3";"77";"77071";"1";"1";"2";"6";"Autoroute A77, PK 002.000 direction PARIS";"48,2075900";"2,7741165"
"201900012971";"21";"11";"2019";"23:30";"3";"987";"98714";"2";"1";"1";"1";"Vaitape";" -16,4954170";" -151,7388890"
"201900012972";"18";"11";"2019";"16:35";"1";"987";"98714";"2";"1";"1";"6";"VAITAPE";" -16,4954170";" -151,7388890"
"201900012973";"22";"11";"2019";"21:10";"3";"988";"98819";"1";"1";"1";"1";"Route de Ouahonne";" -20,4205460";"164,4107470"
"201900012974";"14";"11";"2019";"11:20";"1";"971";"97125";"1";"2";"1";"3";"St Jacques";"16,2762290";" -61,3072980"
"201900012975";"22";"11";"2019";"17:40";"3";"45";"45082";"2";"1";"1";"3";"Route d'Orléans";"47,8606840";"2,1912740"
"201900012976";"22";"11";"2019";"08:40";"1";"77";"77322";"1";"1";"1";"3";"D26A";"49,0582270";"2,5862570"
"201900012977";"20";"11";"2019";"06:42";"3";"77";"77225";"1";"1";"5";"3";"D228-Rue de Meaux";"48,8797020";"2,9746050"
"201900012978";"22";"11";"2019";"04:40";"3";"2B";"2B220";"1";"1";"9";"6";"RT 20 lieu dit Taverne";"42,4455370";"9,1858770"
"201900012979";"22";"11";"2019";"08:20";"1";"38";"38247";"2";"1";"1";"6";"Rue des Pivolles";"45,8089480";"5,4001910"
"201900012980";"21";"11";"2019";"12:00";"1";"17";"17432";"2";"2";"1";"3";"Route des Casses";"45,2902064";" -0,4188189"
"201900012981";"18";"11";"2019";"09:00";"1";"33";"33056";"2";"2";"2";"3";"79 Rue de Saint Ahon";"44,9276030";" -0,6351430"
"201900012982";"21";"11";"2019";"23:50";"3";"33";"33498";"1";"1";"1";"6";"Route de Badet";"44,5396020";" -0,8466150"
"201900012983";"21";"11";"2019";"18:20";"5";"53";"53094";"1";"9";"2";"5";"D910";"47,9985130";" -0,7341540"
"201900012984";"21";"11";"2019";"13:44";"1";"29";"29042";"1";"1";"1";"1";"Lotissement de Kerdanvez";"48,2480667";" -4,4437140"
"201900012985";"21";"11";"2019";"17:15";"5";"35";"35221";"2";"1";"3";"3";"Rue de Rennes";"47,8749380";" -1,6784670"
"201900012986";"18";"11";"2019";"07:40";"2";"76";"76475";"2";"2";"1";"6";"Route de Paris";"49,4012970";"1,1651460"
"201900012987";"22";"11";"2019";"10:30";"1";"60";"60282";"2";"3";"1";"1";"15 Rue de Chantilly";"49,1879460";"2,4237200"
"201900012988";"22";"11";"2019";"15:50";"1";"60";"60317";"1";"3";"1";"3";"81 Moulin d'Hondainville";"49,3330532";"2,3066279"
"201900012989";"21";"11";"2019";"16:30";"1";"13";"13202";"1";"1";"2";"2";"A55-Sens Martigues vers Marseille";"43,3978290";"5,0750990"
"201900012990";"21";"11";"2019";"16:40";"1";"13";"13215";"2";"1";"3";"7";"A55-Sens Martigues vers Marseille";"43,3462910";"5,3452730"
"201900012991";"20";"11";"2019";"16:45";"2";"13";"13028";"1";"1";"1";"7";"A50-Sens Toulon vers Aubagne";"43,2082000";"5,5858000"
"201900012992";"15";"11";"2019";"11:23";"1";"67";"67389";"1";"1";"8";"2";"Autoroute A.4";"48,6465100";"7,7349400"
"201900012993";"21";"11";"2019";"00:15";"5";"33";"33039";"1";"1";"3";"6";"ROCADE A 630";"44,8025200";" -0,5323200"
"201900012994";"21";"11";"2019";"18:28";"3";"94";"94021";"1";"1";"2";"4";"AUTOROUTE A6A";"48,7661000";"2,3435000"
"201900012995";"20";"11";"2019";"16:40";"1";"93";"93008";"1";"1";"1";"3";"AUTOROUTE A86";"48,9093300";"2,4469900"
"201900012996";"20";"11";"2019";"15:00";"1";"93";"93073";"1";"1";"1";"3";"AUTOROUTE A104";"48,9685100";"2,5655100"
"201900012997";"20";"11";"2019";"13:45";"1";"93";"93078";"1";"1";"1";"5";"AUTOROUTE A104";"48,9617700";"2,5450600"
"201900012998";"21";"11";"2019";"19:00";"3";"77";"77146";"1";"1";"2";"4";"A4.Y";"48,8322985";"2,6568341"
"201900012999";"20";"11";"2019";"08:40";"1";"77";"77438";"1";"1";"8";"2";"A104";"48,8724000";"2,6702000"
"201900013000";"17";"11";"2019";"17:50";"5";"971";"97113";"2";"1";"1";"6";"MONTAUBAN (SECTEUR)";"16,2099500";" -61,5002500"
"201900013001";"20";"11";"2019";"20:10";"5";"91";"91027";"2";"2";"1";"3";"MITTERAND (AVENUE FRANCOIS) N° 112 A 188";"48,7161600";"2,3708600"
"201900013002";"15";"11";"2019";"21:20";"4";"22";"22278";"2";"2";"1";"3";"CORNEILLE COTE IMPAIR";"48,5120280";" -2,7451050"
"201900013003";"14";"2";"2019";"16:25";"1";"11";"11262";"2";"3";"1";"3";"FRANCE (AVENUE ANATOLE)";"43,1846500";"2,9948400"
"201900013004";"15";"7";"2019";"05:15";"5";"75";"75107";"2";"7";"1";"3";"PLACE DE LA RESISTANCE";"48,8623150";"2,3019620"
"201900013005";"17";"11";"2019";"23:55";"5";"92";"92020";"2";"1";"1";"6";"VERDUN AVENUE DE AUTRES N°";"48,8055019";"2,2909802"
"201900013006";"26";"10";"2019";"00:40";"1";"92";"92025";"2";"4";"1";"3";"PIERRE EXPERT (RUE)";"48,9150072";"2,2280252"
"201900013007";"31";"8";"2019";"12:25";"1";"11";"11178";"1";"2";"1";"3";"d6113";"43,3429180";"1,8628950"
"201900013008";"16";"11";"2019";"05:50";"3";"33";"33318";"1";"1";"3";"6";"Bretelle qui relie A630 sens décroissant à l'A63 sens croissant";"44,7869600";" -0,6286900"
"201900013009";"16";"12";"2019";"08:21";"2";"93";"93027";"2";"2";"2";"6";"JOLLOIS (RUE)";"48,9217300";"2,3834700"
"201900013010";"18";"12";"2019";"15:30";"1";"93";"93007";"2";"1";"1";"6";"ALBERT EINSTEIN (AVENUE)";"48,9430350";"2,4738062"
"201900013011";"18";"12";"2019";"12:30";"1";"93";"93001";"2";"3";"1";"3";"GARDINOUX (RUE DES)";"48,9068100";"2,3668700"
"201900013012";"17";"12";"2019";"20:00";"5";"93";"93070";"2";"1";"1";"6";"MICHELET (AVE) : DU 1 AU 103";"48,9063200";"2,3443500"
"201900013013";"17";"12";"2019";"08:50";"1";"93";"93001";"2";"2";"1";"3";"BORDIER (RUE)  12/13 =>";"48,9030000";"2,3830000"
"201900013014";"18";"12";"2019";"14:20";"1";"92";"92078";"2";"1";"1";"2";"HAUT DE LA NOUE (RUE)";"48,9331300";"2,3268000"
"201900013015";"16";"12";"2019";"18:40";"5";"92";"92073";"2";"9";"9";"5";"PONT DE SURESNES";"48,8668561";"2,2296086"
"201900013016";"18";"12";"2019";"10:00";"1";"92";"92064";"2";"1";"1";"7";"ROUTE DE PARIS A VERSAILLES";"48,8365401";"2,2024906"
"201900013017";"17";"12";"2019";"16:10";"2";"92";"92064";"2";"2";"2";"3";"MARECHAL JUIN";"48,8403816";"2,2220922"
"201900013018";"16";"12";"2019";"23:25";"5";"92";"92050";"2";"1";"1";"3";"LENINE VLADIMIR ILITCH AVENUE";"48,8878946";"2,1891441"
"201900013019";"16";"12";"2019";"08:10";"1";"92";"92036";"2";"3";"1";"3";"GRESILLONS (AVENUE DES) (141/215)";"48,9145600";"2,3004900"
"201900013020";"18";"12";"2019";"15:55";"1";"92";"92026";"2";"1";"1";"3";"DEFENSE (BD DE LA)";"48,8964324";"2,2318353"
"201900013021";"17";"12";"2019";"17:15";"5";"92";"92023";"2";"1";"2";"1";"CHATILLON (RUE DE)";"48,8014900";"2,2772600"
"201900013022";"17";"12";"2019";"17:45";"5";"9";"09164";"2";"1";"1";"6";"119 Lieu Dit Ribat";"43,0003410";"1,2338020"
"201900013023";"18";"12";"2019";"19:20";"3";"44";"44118";"1";"3";"1";"7";"D878";"47,4960570";" -1,1741020"
"201900013024";"15";"12";"2019";"15:30";"1";"14";"14764";"2";"1";"1";"6";"2 Rue de la Libération";"48,8738590";" -0,4099000"
"201900013025";"19";"12";"2019";"12:05";"3";"66";"66144";"1";"1";"2";"7";"D39";"42,6443850";"2,8834250"
"201900013026";"19";"12";"2019";"09:15";"1";"60";"60234";"1";"2";"8";"3";"D916";"49,4043920";"2,4202920"
"201900013027";"19";"12";"2019";"11:30";"1";"22";"22304";"1";"1";"3";"1";"lieu dit kerdern";"48,5531365";" -3,0285870"
"201900013028";"19";"12";"2019";"12:35";"1";"974";"97412";"2";"1";"1";"6";"60 Rue Charles Baudelaire";" -21,3803540";"55,6508690"
"201900013029";"18";"12";"2019";"10:55";"1";"64";"64057";"1";"1";"1";"7";"D946";"43,4711139";" -0,6153862"
"201900013030";"18";"12";"2019";"13:45";"1";"72";"72124";"2";"1";"1";"3";"Rue du Docteur Estrabaud";"47,8274700";"0,2769820"
"201900013031";"13";"12";"2019";"10:25";"1";"63";"63289";"1";"1";"4";"2";"D204";"45,7306502";"2,6994134"
"201900013032";"18";"12";"2019";"16:15";"1";"62";"62181";"2";"2";"1";"3";"Rue Dierville";"50,1388010";"2,7092950"
"201900013033";"15";"12";"2019";"18:30";"3";"56";"56180";"1";"1";"2";"1";"La Pierre RD772";"47,9126370";" -2,2253430"
"201900013034";"19";"12";"2019";"15:30";"2";"80";"80227";"1";"1";"1";"6";"D901";"49,8043380";"1,9691110"
"201900013035";"17";"12";"2019";"18:15";"3";"69";"69169";"1";"1";"1";"2";"D13";"45,9750100";"4,3999900"
"201900013036";"19";"12";"2019";"14:00";"1";"81";"81101";"2";"1";"1";"7";"RD 988";"44,0090680";"2,1610300"
"201900013037";"19";"12";"2019";"10:35";"1";"63";"63306";"1";"1";"1";"1";"D1";"45,7215174";"3,2241422"
"201900013038";"18";"12";"2019";"11:50";"1";"61";"61345";"2";"1";"1";"6";"2 Rue de l'Huisne";"48,4255920";"0,7671360"
"201900013039";"17";"12";"2019";"16:45";"2";"61";"61176";"1";"3";"2";"6";"D16";"48,6169740";" -0,0602530"
"201900013040";"19";"12";"2019";"07:30";"2";"68";"68068";"2";"1";"5";"6";"13 rue de CERNAY";"47,6316410";"7,1206690"
"201900013041";"17";"12";"2019";"21:30";"3";"39";"39331";"1";"1";"1";"6";"N/A";"46,8023100";"6,1493010"
"201900013042";"17";"12";"2019";"07:10";"5";"2";"02037";"2";"1";"1";"6";"60 Rue de Chambry";"49,6090540";"3,6149460"
"201900013043";"18";"12";"2019";"18:15";"5";"50";"50391";"2";"1";"1";"3";"Rue des Mousquetaires";"48,5827580";" -1,0884170"
"201900013044";"17";"12";"2019";"15:50";"1";"60";"60647";"2";"1";"1";"3";"Route de Reims";"49,4019910";"2,9917970"
"201900013045";"18";"12";"2019";"17:50";"3";"64";"64152";"1";"1";"1";"1";"430 Route de Saint-castin";"43,3592525";" -0,3107375"
"201900013046";"17";"12";"2019";"17:40";"3";"18";"18005";"1";"1";"3";"7";"D79";"47,1691510";"2,2159500"
"201900013047";"17";"12";"2019";"21:25";"3";"36";"36064";"1";"1";"2";"6";"Domaine du Bois du Pin (Corps de ferme)";"46,8151427";"1,8191224"
"201900013048";"17";"12";"2019";"18:55";"3";"16";"16143";"1";"1";"1";"6";"D674";"45,5277270";"0,1761680"
"201900013049";"17";"12";"2019";"15:45";"1";"24";"24067";"2";"1";"8";"6";"Rue du Jardin Public";"44,9186400";"0,9252440"
"201900013050";"17";"12";"2019";"18:25";"3";"30";"30248";"1";"1";"8";"5";"D982";"43,9843190";"4,2681200"
"201900013051";"17";"12";"2019";"16:40";"1";"35";"35206";"1";"6";"1";"3";"rue lavoisier";"48,0398760";" -1,6837130"
"201900013052";"17";"12";"2019";"18:47";"5";"35";"35210";"2";"1";"8";"6";"5 Rue du Docteur Léon";"48,1494150";" -1,7889870"
"201900013053";"18";"12";"2019";"15:00";"1";"973";"97309";"2";"1";"1";"2";"Route de Montjoly";"4,9245840";" -52,2848920"
"201900013054";"10";"12";"2019";"15:20";"1";"74";"74268";"2";"9";"7";"6";"38, Boulevard de Costa de Beauregard";"45,8798440";"6,0981740"