"Num_Acc";"jour";"mois";"an";"hrmn";"lum";"dep";"com";"agg";"int";"atm";"col";"adr";"lat";"long"
"201900013055";"18";"12";"2019";"11:45";"1";"17";"17052";"1";"1";"1";"2";"A10";"45,3128940";" -0,5588020"
"201900013056";"18";"12";"2019";"18:26";"3";"31";"31145";"1";"1";"1";"6";"1965 Chemin d'Espalmade";"43,2909760";"1,5356870"
"201900013057";"18";"12";"2019";"01:45";"3";"83";"83133";"1";"1";"1";"6";"N/A";"43,5377800";"6,8456580"
"201900013058";"19";"12";"2019";"16:15";"1";"74";"74133";"1";"1";"1";"2";"A411";"46,1858260";"6,2085780"
"201900013059";"14";"12";"2019";"14:55";"1";"974";"97423";"2";"1";"3";"7";"Route du Touring Hotel";" -21,1082040";"55,2946710"
"201900013060";"18";"12";"2019";"00:09";"3";"978";"97801";"1";"1";"1";"7";"RN7";"18,0553990";" -63,0855850"
"201900013061";"18";"12";"2019";"07:45";"2";"37";"37003";"1";"3";"1";"1";"Boulevard Saint-denis-hors";"47,4143820";"1,0181236"
"201900013062";"19";"12";"2019";"07:05";"2";"77";"77300";"1";"1";"2";"7";"D19";"48,9333700";"2,9903500"
"201900013063";"17";"12";"2019";"20:30";"5";"91";"91461";"2";"9";"1";"3";"route de limours";"48,6038250";"2,2216610"
"201900013064";"17";"12";"2019";"18:45";"5";"91";"91405";"2";"1";"1";"6";"Boulevard du Maréchal Lyautey";"48,4045230";"2,4681320"
"201900013065";"19";"12";"2019";"00:00";"3";"34";"34227";"1";"1";"1";"6";"D610";"43,7357500";"4,0491160"
"201900013066";"18";"12";"2019";"17:25";"5";"13";"13022";"2";"6";"1";"6";"23 Avenue Jules Ferry";"43,2184080";"5,5393010"
"201900013067";"18";"12";"2019";"09:30";"1";"13";"13110";"1";"1";"1";"1";"D6E - Pk2";"43,4643690";"5,7030020"
"201900013068";"17";"12";"2019";"18:51";"3";"89";"89013";"1";"1";"3";"2";"N/A";"47,8558240";"3,5438290"
"201900013069";"19";"12";"2019";"09:45";"1";"38";"38449";"2";"9";"1";"2";"Tharabie (Arrêt de bus)";"45,6472470";"5,1019950"
"201900013070";"17";"12";"2019";"17:35";"5";"9";"09331";"1";"6";"1";"6";"21 Chemin des Pres";"43,1845170";"1,6098390"
"201900013071";"18";"12";"2019";"18:50";"3";"31";"31384";"1";"2";"1";"1";"D16";"43,4810600";"1,5729670"
"201900013072";"19";"12";"2019";"03:50";"5";"33";"33237";"1";"2";"8";"3";"Manhot";"44,5058610";" -0,3461180"
"201900013073";"18";"12";"2019";"15:00";"1";"22";"22273";"1";"1";"2";"7";"L'Hôtellerie Abraham";"48,5698210";" -2,4780670"
"201900013074";"19";"12";"2019";"05:40";"3";"27";"27410";"1";"1";"1";"1";"Route Nationale 13";"49,0138950";"1,2456620"
"201900013075";"18";"12";"2019";"17:45";"3";"76";"76475";"1";"1";"2";"1";"190 Rue de Pitres";"49,3943100";"1,1720210"
"201900013076";"18";"12";"2019";"02:50";"3";"62";"62609";"1";"1";"1";"7";"D937";"50,3715740";"2,7421950"
"201900013077";"18";"12";"2019";"14:35";"1";"59";"59063";"1";"1";"7";"5";"Rue Victor Watremez";"50,1429440";"3,3732320"
"201900013078";"13";"12";"2019";"05:30";"3";"13";"13071";"1";"1";"2";"7";"A55 - Sens Marseille vers Martigues";"43,3990077";"5,2900177"
"201900013079";"11";"12";"2019";"01:40";"3";"13";"13001";"1";"1";"1";"2";"A51-Sens Aix en Provence vers Marseille";"43,5164830";"5,4282030"
"201900013080";"18";"12";"2019";"01:20";"3";"69";"69290";"1";"1";"1";"2";"A43   3.865 A 9.894";"45,7032400";"4,9662000"
"201900013081";"18";"12";"2019";"16:20";"1";"33";"33075";"1";"1";"1";"4";"ROCADE A 630";"44,8890800";" -0,5971200"
"201900013082";"18";"12";"2019";"17:30";"1";"33";"33249";"1";"1";"1";"2";"ROCADE A 630";"44,8817500";" -0,5228600"
"201900013083";"17";"12";"2019";"13:05";"1";"33";"33167";"1";"1";"1";"6";"ROUTE NATIONALE 230";"44,8209700";" -0,5178500"
"201900013084";"17";"12";"2019";"22:35";"3";"59";"59507";"1";"1";"1";"4";"AUTOROUTE A1";"50,6000000";"3,0900000"
"201900013085";"18";"12";"2019";"20:45";"3";"91";"91477";"1";"1";"1";"2";"AUTOROUTE A126";"48,7212200";"2,2522900"
"201900013086";"18";"12";"2019";"16:25";"1";"91";"91589";"1";"1";"1";"7";"AUTOROUTE A6";"48,6787200";"2,3351700"
"201900013087";"18";"12";"2019";"17:38";"3";"91";"91340";"1";"1";"1";"4";"RN 104";"48,6097780";"2,4414930"
"201900013088";"18";"12";"2019";"13:00";"1";"91";"91687";"1";"1";"1";"2";"AUTOROUTE A6";"48,6604500";"2,3719400"
"201900013089";"16";"12";"2019";"20:25";"3";"91";"91174";"1";"1";"1";"3";"RN 104";"48,6130100";"2,4507900"
"201900013090";"17";"12";"2019";"08:50";"1";"95";"95018";"1";"1";"1";"3";"AUTOROUTE A15";"48,9597000";"2,2719000"
"201900013091";"17";"12";"2019";"05:50";"4";"95";"95582";"1";"1";"1";"3";"AUTOROUTE A15";"48,9699100";"2,2497300"
"201900013092";"16";"12";"2019";"18:15";"3";"95";"95212";"1";"1";"1";"2";"AUTOROUTE A1";"49,0301600";"2,5389000"
"201900013093";"17";"12";"2019";"13:05";"1";"94";"94042";"1";"1";"1";"4";"A4";"48,8278600";"2,4710500"
"201900013094";"14";"12";"2019";"22:50";"5";"94";"94069";"1";"1";"2";"4";"A4";"48,8172803";"2,4288456"
"201900013095";"18";"10";"2019";"15:00";"1";"2";"02381";"2";"2";"1";"3";"24 Rue Thiers";"49,9209600";"4,0804440"
"201900013096";"30";"12";"2019";"11:40";"1";"974";"97416";"1";"1";"2";"6";"ENTRE DEUX(route de l')";" -21,3020300";"55,4323100"
"201900013097";"31";"12";"2019";"07:30";"2";"69";"69385";"2";"1";"1";"2";"PETIT COLLEGE (DU)                  (PL)";"45,7635600";"4,8276100"
"201900013098";"31";"12";"2019";"07:45";"1";"2B";"2B037";"1";"3";"1";"3";"TOUTES RUES";"42,5959300";"9,4421300"
"201900013099";"31";"12";"2019";"13:35";"1";"91";"91027";"2";"1";"1";"5";"MITTERAND (AVENUE FRANCOIS) N° 2 A 110";"48,7022300";"2,3717100"
"201900013100";"31";"12";"2019";"12:10";"1";"77";"77040";"2";"1";"1";"6";"BEAUSSE(AVENUE DU CHEVALIER DE)";"48,5259100";"2,5788000"
"201900013101";"31";"12";"2019";"08:40";"1";"62";"62108";"2";"6";"1";"6";"VILLES JUMELEES";"50,4111100";"1,5943800"
"201900013102";"31";"12";"2019";"15:10";"1";"37";"37122";"2";"1";"5";"6";"CHINON (BOULEVARD DE)";"47,3524895";"0,6883621"
"201900013103";"31";"12";"2019";"21:00";"3";"17";"17291";"1";"1";"1";"2";"RN 11";"46,1788746";" -1,0977530"
"201900013104";"23";"12";"2019";"11:15";"1";"13";"13208";"2";"1";"1";"7";"PRADO (AVENUE DU)";"43,2819000";"5,3856000"
"201900013105";"18";"12";"2019";"16:35";"1";"988";"98812";"1";"1";"1";"6";"R.P.N.8";" -20,5344430";"164,2511230"
"201900013106";"10";"12";"2019";"08:00";"2";"29";"29095";"1";"1";"2";"2";"N12";"48,4634560";" -4,3497760"
"201900013107";"31";"12";"2019";"16:40";"2";"59";"59594";"2";"1";"8";"6";"Rue Jean Baptiste Lebas";"50,4841910";"3,4554720"
"201900013108";"19";"12";"2019";"19:10";"3";"82";"82149";"2";"1";"1";"7";"Chemin de Marieu";"44,1190070";"1,4946810"
"201900013109";"31";"12";"2019";"19:25";"5";"49";"49218";"2";"1";"2";"3";"Allee de l'Ecusson";"47,2651830";" -1,0408390"
"201900013110";"7";"12";"2019";"09:11";"1";"47";"47167";"1";"1";"1";"3";"Bacala";"44,0802220";"0,2780900"
"201900013111";"17";"12";"2019";"17:45";"2";"15";"15258";"2";"6";"1";"6";"Avenue Max Mabit Fournier";"44,9773530";"2,6201460"
"201900013112";"18";"12";"2019";"18:05";"5";"85";"85084";"2";"6";"1";"6";"Rue des Sables";"46,7682800";" -1,2329600"
"201900013113";"31";"12";"2019";"00:50";"4";"68";"68294";"1";"1";"5";"6";"N59";"48,2595870";"7,2314310"
"201900013114";"31";"12";"2019";"20:55";"3";"54";"54019";"1";"1";"8";"7";"D104";"48,8217040";"5,8315447"
"201900013115";"19";"12";"2019";"14:00";"1";"73";"73155";"1";"1";"1";"7";"D211 Route de la Fruitiere";"45,6392427";"5,9335673"
"201900013116";"30";"12";"2019";"17:30";"2";"85";"85106";"1";"2";"1";"3";"Rue du Petit Franc";"46,9676200";" -2,2565600"
"201900013117";"4";"12";"2019";"15:34";"1";"60";"60612";"1";"9";"1";"6";"Chaussée Brunehaut";"49,2070290";"2,5973710"
"201900013118";"31";"12";"2019";"21:40";"3";"91";"91136";"1";"1";"1";"3";"RD 188";"48,7106900";"2,2632700"
"201900013119";"31";"12";"2019";"23:30";"3";"91";"91645";"1";"1";"1";"2";"RN 385 INT";"48,7599200";"2,2630400"
"201900013120";"8";"10";"2019";"11:43";"1";"91";"91692";"2";"1";"2";"6";"CHAMPS LASNIERS (AVENUE)";"48,6855020";"2,1698840"
"201900013121";"31";"12";"2019";"13:00";"1";"972";"97209";"2";"1";"1";"3";"RD 41 (ROCADE)";"14,6143400";" -61,0499400"
"201900013122";"20";"12";"2019";"18:14";"2";"972";"97209";"2";"1";"1";"6";"PAUL NARDAL (AVENUE)";"14,6097180";" -61,0733680"
"201900013123";"30";"12";"2019";"12:50";"1";"972";"97209";"2";"1";"1";"3";"RELIGIEUSES (ROUTE DES)";"14,6157690";" -61,0585000"
"201900013124";"31";"12";"2019";"18:37";"5";"972";"97209";"2";"3";"1";"3";"RELIGIEUSES (ROUTE DES)";"14,6144900";" -61,0591600"
"201900013125";"31";"12";"2019";"16:00";"1";"69";"69034";"2";"9";"5";"3";"JEAN PETIT                          (CH)";"45,8055300";"4,8589500"
"201900013126";"30";"12";"2019";"21:40";"5";"971";"97101";"1";"1";"1";"2";"RN1 ROCADE DE CHAUVEL";"16,2362600";" -61,5231400"
"201900013127";"28";"12";"2019";"16:25";"1";"95";"95210";"2";"3";"1";"3";"MALLEVILLE (RUE DE)";"48,9670000";"2,3046500"
"201900013128";"30";"12";"2019";"18:30";"5";"91";"91223";"2";"1";"1";"6";"LIBECCIO (RUE DU)";"48,4351200";"2,1410200"
"201900013129";"31";"12";"2019";"12:47";"1";"87";"87065";"2";"1";"1";"2";"VALIN (AVENUE MARTIAL)";"45,8146500";"1,3176400"
"201900013130";"28";"12";"2019";"15:12";"1";"87";"87048";"2";"2";"1";"3";"VERSANAS (LIEU DIT)";"45,7849120";"1,2336010"
"201900013131";"29";"12";"2019";"19:47";"2";"87";"87085";"2";"2";"1";"3";"CARNOT (PLACE SADI)";"45,8402200";"1,2577700"
"201900013132";"30";"12";"2019";"09:50";"1";"83";"83069";"2";"3";"1";"7";"THOMAS (AVENUE AMBROISE)";"43,1126000";"6,1330100"
"201900013133";"30";"12";"2019";"02:30";"3";"78";"78646";"1";"1";"1";"6";"SAINT CYR (ROUTE DE)";"48,8021000";"2,1156100"
"201900013134";"27";"12";"2019";"17:00";"5";"78";"78646";"2";"2";"1";"5";"MARECHAL FOCH (RUE DU)";"48,8118200";"2,1352200"
"201900013135";"31";"12";"2019";"11:10";"1";"77";"77533";"2";"1";"1";"6";"CENTRE COMMERCIAL-HERICY (ROUTE D')";"48,4327800";"2,7531300"
"201900013136";"30";"12";"2019";"14:25";"1";"76";"76270";"1";"1";"1";"2";"LOUIS LUMIERE";"49,5566000";"0,1258000"
"201900013137";"27";"12";"2019";"17:00";"1";"76";"76351";"2";"1";"1";"3";"MARECHAL JOFFRE (RUE)";"49,4999800";"0,1274900"
"201900013138";"30";"12";"2019";"16:55";"1";"72";"72181";"2";"1";"1";"6";"MONTHEARD (RUE DE)";"47,9970800";"0,2172600"
"201900013139";"29";"12";"2019";"17:00";"1";"72";"72181";"2";"6";"1";"3";"RHIN ET DANUBE (AV) N° PAIRS 194 A 338";"48,0284200";"0,1803700"
"201900013140";"16";"12";"2019";"19:00";"5";"67";"67482";"2";"1";"1";"3";"MULLENHEIM (QUAI)";"48,5862200";"7,7604000"
"201900013141";"16";"12";"2019";"13:50";"1";"67";"67482";"2";"3";"1";"3";"HOCHFELDEN (RUE DE)";"48,6028900";"7,7217000"
"201900013142";"16";"12";"2019";"09:07";"1";"67";"67482";"2";"1";"1";"3";"ETOILE (PLACE DE L )";"48,5732790";"7,7539300"
"201900013143";"16";"12";"2019";"07:45";"2";"67";"67482";"2";"1";"1";"6";"WANTZENAU (RTE DE LA)";"48,6053500";"7,7780400"
"201900013144";"15";"12";"2019";"23:38";"5";"67";"67482";"2";"3";"2";"3";"ABBE LEMIRE (RUE DE L )";"48,5806490";"7,7231705"
"201900013145";"17";"12";"2019";"20:55";"5";"64";"64335";"2";"3";"1";"3";"JOSEPH CUGNOT";"43,3191400";" -0,4311500"
"201900013146";"29";"12";"2019";"10:46";"1";"63";"63113";"2";"1";"5";"6";"BLANZAT (RUE DE)";"45,7959800";"3,0854400"
"201900013147";"30";"12";"2019";"11:40";"1";"62";"62617";"2";"2";"7";"6";"ROUTE NATIONALE (CD 937)";"50,4813130";"2,6612230"
"201900013148";"12";"12";"2019";"18:30";"5";"62";"62427";"2";"1";"2";"6";"PERI (BD GABRIEL)";"50,2510100";"2,5639600"
"201900013149";"31";"12";"2019";"18:15";"5";"59";"59599";"2";"1";"1";"3";"PAPIN (CHAUSSEE DENIS)";"50,7305300";"3,1398200"
"201900013150";"31";"12";"2019";"22:20";"5";"59";"59512";"2";"1";"1";"6";"NATIONS UNIES (AVENUE DES)";"50,6959400";"3,1686300"
"201900013151";"28";"12";"2019";"02:45";"5";"54";"54498";"2";"1";"1";"6";"SAINT LAMBERT (RUE)";"48,7161220";"6,2645760"
"201900013152";"29";"12";"2019";"19:20";"2";"54";"54395";"1";"1";"1";"7";"COLLIGNON (Avenue et Pont)";"48,6884170";"6,2001630"
"201900013153";"30";"12";"2019";"16:10";"1";"54";"54184";"2";"6";"1";"7";"BRIGACHTAL (AVENUE DE)";"48,7080260";"6,2431140"
"201900013154";"30";"12";"2019";"15:55";"1";"49";"49007";"2";"1";"1";"1";"RONCERAY BOULEVARD";"47,4747500";" -0,5597800"
"201900013155";"3";"12";"2019";"13:02";"1";"42";"42186";"2";"1";"1";"6";"FLEURDELIX QUAI";"45,5288470";"4,6173050"
"201900013156";"28";"12";"2019";"18:30";"5";"38";"38169";"2";"3";"1";"6";"BERTHOIN (RUE J.)";"45,1988500";"5,6822300"
"201900013157";"31";"12";"2019";"17:10";"3";"37";"37261";"2";"1";"1";"2";"WAGNER (BOULEVARD RICHARD)";"47,3739900";"0,6954700"
"201900013158";"23";"12";"2019";"12:20";"1";"34";"34108";"2";"1";"1";"3";"RESISTANCE (AVENUE DE LA)";"43,4517100";"3,7587400"
"201900013159";"19";"12";"2019";"21:00";"3";"34";"34301";"2";"1";"2";"1";"LECLERC PHILIPPE MARECHAL (PROMENADE)";"43,3926700";"3,6909900"
"201900013160";"30";"12";"2019";"19:05";"5";"34";"34172";"2";"9";"1";"6";"CASTELNAU JUSTICE DE";"43,6267644";"3,8894220"
"201900013161";"24";"12";"2019";"16:45";"1";"34";"34172";"2";"1";"1";"4";"CARRIEU (RUE MARIUS)";"43,6172475";"3,8427052"
"201900013162";"30";"12";"2019";"09:40";"1";"34";"34129";"2";"1";"1";"6";"CENTRE COMMERCIAL CARREFOUR";"43,5827496";"3,9273173"
"201900013163";"18";"12";"2019";"17:05";"1";"33";"33200";"2";"3";"1";"6";"AVE DE MAGUDAS";"44,8608000";" -0,6921500"
"201900013164";"17";"12";"2019";"10:00";"1";"33";"33039";"2";"1";"1";"6";"Parking centre commercial rives d'Arcins";"44,7948300";" -0,5317800"
"201900013165";"31";"12";"2019";"00:20";"5";"33";"33550";"2";"1";"1";"6";"AVE PIERRE PROUDHON";"44,7842600";" -0,5860600"
"201900013166";"31";"12";"2019";"11:30";"1";"31";"31555";"2";"1";"1";"3";"BD FLORENCE ARTHAUD";"43,6519400";"1,4579400"
"201900013167";"29";"12";"2019";"05:15";"4";"31";"31555";"1";"1";"1";"6";"VA008482 A624";"43,6055500";"1,4039000"
"201900013168";"28";"12";"2019";"23:00";"5";"31";"31557";"2";"1";"1";"6";"FRERES HIGOUNENG (ALL DES)";"43,5889000";"1,3390000"
"201900013169";"31";"12";"2019";"14:45";"1";"29";"29232";"2";"6";"2";"2";"LOC' H ROUTE DU";"48,0102658";" -4,0956701"
"201900013170";"28";"12";"2019";"23:56";"5";"27";"27229";"2";"4";"1";"3";"QUATORZE JUILLET (BOULEVARD)";"49,0150700";"1,1701500"
"201900013171";"30";"12";"2019";"11:32";"1";"22";"22187";"2";"1";"1";"2";"RD786";"48,5504916";" -2,7986767"
"201900013172";"23";"12";"2019";"09:05";"1";"22";"22106";"1";"1";"1";"2";"RN12";"48,5040448";" -2,7315370"
"201900013173";"31";"12";"2019";"15:27";"1";"17";"17300";"2";"2";"1";"3";"GRANDES GUIARDES   AVENUE DES";"46,1695400";" -1,1870000"
"201900013174";"31";"12";"2019";"11:15";"1";"14";"14699";"2";"1";"1";"6";"PEUPLIERS (RUE DES)";"49,3459700";"0,0978700"
"201900013175";"21";"12";"2019";"19:00";"3";"30";"30032";"1";"2";"1";"3";"saint gilles route de D38";"43,8014960";"4,6145560"
"201900013176";"19";"12";"2019";"10:30";"1";"30";"30032";"1";"1";"1";"7";"FOURQUES ROUTE DE";"43,7727500";"4,6209700"
"201900013177";"31";"12";"2019";"21:35";"5";"13";"13205";"2";"1";"1";"3";"JEAN MOULIN (BOULEVARD)";"43,2893000";"5,4002600"
"201900013178";"31";"12";"2019";"17:00";"2";"13";"13208";"2";"1";"1";"7";"PRADO (AVENUE DU)";"43,2737000";"5,3906000"
"201900013179";"30";"12";"2019";"10:12";"1";"13";"13201";"2";"1";"1";"6";"MARCHE CAPUCINS (RUE)";"43,2963000";"5,3802100"
"201900013180";"27";"12";"2019";"13:50";"1";"5";"05061";"2";"6";"1";"7";"FRANCOIS MITTERAND (AVENUE)";"44,5453300";"6,0629000"
"201900013181";"30";"12";"2019";"16:00";"1";"1";"01283";"2";"1";"1";"6";"CRETIN (RUE ANDRE)";"46,2675830";"5,6508350"
"201900013182";"31";"12";"2019";"16:05";"1";"75";"75114";"2";"4";"1";"6";"BD PERIPHERIQUE INTERIEUR";"48,8190550";"2,3304420"
"201900013183";"31";"12";"2019";"17:00";"2";"75";"75120";"2";"2";"8";"6";"AVENUE DE LA PORTE DE MONTREUIL";"48,8535260";"2,4107860"
"201900013184";"31";"12";"2019";"16:50";"1";"75";"75119";"2";"1";"1";"6";"AVENUE DE LA PORTE DE LA VILLETTE";"48,8995210";"2,3875790"
"201900013185";"31";"12";"2019";"17:20";"5";"75";"75117";"2";"2";"1";"3";"BOULEVARD GOUVION SAINT CYR";"48,8830860";"2,2874950"
"201900013186";"31";"12";"2019";"10:45";"1";"75";"75117";"2";"1";"1";"3";"AVENUE DE VILLIERS";"48,8846122";"2,2998601"
"201900013187";"31";"12";"2019";"17:50";"5";"75";"75116";"2";"1";"1";"3";"AVENUE FOCH";"48,8732580";"2,2898340"
"201900013188";"31";"12";"2019";"17:30";"5";"75";"75107";"2";"1";"1";"7";"PONT DE LA CONCORDE";"48,8631440";"2,3194130"
"201900013189";"31";"12";"2019";"12:00";"1";"75";"75115";"2";"5";"1";"6";"RUE VIALA";"48,8507210";"2,2923550"
"201900013190";"12";"9";"2019";"17:05";"1";"69";"69264";"2";"3";"1";"3";"BRAUN THEODORE  AV";"45,9798600";"4,7394500"
"201900013191";"12";"9";"2019";"09:30";"1";"63";"63308";"2";"1";"1";"6";"ROMEUF (BOULEVARD DOCTEUR JEAN-BAPTISTE)";"45,7632304";"3,0493370"
"201900013192";"11";"9";"2019";"16:04";"1";"63";"63113";"2";"1";"1";"6";"MOINIER (RUE ANDRE)";"45,7805100";"3,0842400"
"201900013193";"11";"9";"2019";"17:14";"1";"63";"63113";"2";"1";"1";"6";"MICHELIN (AVENUE EDOUARD)";"45,7804227";"3,1121963"
"201900013194";"10";"9";"2019";"16:30";"1";"63";"63113";"2";"1";"1";"2";"SABLON (COURS)";"45,7735900";"3,0900100"
"201900013195";"20";"7";"2019";"18:48";"1";"30";"30007";"2";"2";"1";"1";"PERI (PLACE GABRIEL)";"44,1210710";"4,0785300"
"201900013196";"12";"9";"2019";"13:00";"1";"22";"22106";"2";"1";"1";"3";"VERNE (RUE JULES)";"48,4955960";" -2,7294781"
"201900013197";"11";"9";"2019";"11:50";"1";"92";"92035";"2";"1";"1";"7";"Général de Gaulle  ( avenue du )";"48,9126700";"2,2537000"
"201900013198";"12";"9";"2019";"21:15";"5";"60";"60138";"1";"1";"1";"6";"AUTOROUTE A1";"49,2154400";"2,6276500"
"201900013199";"10";"7";"2019";"09:30";"1";"93";"93064";"1";"1";"1";"2";"AUTOROUTE A86";"48,8766700";"2,4779400"
"201900013200";"14";"9";"2019";"03:50";"5";"988";"98818";"2";"1";"1";"7";"RUE JULES GARNIER";" -22,2890600";"166,4410200"
"201900013201";"13";"9";"2019";"09:20";"1";"988";"98818";"2";"2";"1";"3";"ROUTE DU PORT DESPOINTES/BD EXTERIEUR";" -22,2761100";"166,4492000"
"201900013202";"13";"9";"2019";"07:20";"1";"976";"97611";"2";"1";"1";"3";"m'tsapere-Nationale 2 (route)";" -12,7916700";"45,2217800"
"201900013203";"13";"9";"2019";"12:05";"1";"974";"97416";"1";"2";"1";"3";"DIAGONAL (CHEMIN) (2)";" -21,3027200";"55,4723400"
"201900013204";"13";"9";"2019";"06:30";"1";"974";"97416";"2";"1";"1";"6";"PASTEUR (RUE)";" -21,2845700";"55,4710300"
"201900013205";"13";"9";"2019";"16:30";"1";"974";"97411";"2";"4";"1";"3";"Boulevard du Chaudron";" -20,8987200";"55,4965500"
"201900013206";"12";"9";"2019";"14:50";"1";"974";"97411";"2";"1";"1";"6";"LECONTE DE LISLE (AVENUE)";" -20,8927000";"55,4833000"
"201900013207";"13";"9";"2019";"20:50";"5";"974";"97407";"2";"1";"1";"1";"TAMATAVE (BOULEVARD)";" -20,9303600";"55,3073900"
"201900013208";"13";"9";"2019";"18:40";"5";"974";"97407";"1";"3";"1";"3";"MONDON (AVENUE)";" -20,9339000";"55,3062000"
"201900013209";"12";"9";"2019";"23:30";"3";"974";"97407";"2";"6";"1";"6";"BOUVET (AVENUE)";" -20,9530000";"55,2946000"
"201900013210";"5";"9";"2019";"11:50";"1";"69";"69387";"2";"1";"1";"7";"GERLAND (DE)                        (R )";"45,7303000";"4,8381000"
"201900013211";"13";"9";"2019";"07:25";"1";"69";"69388";"2";"2";"1";"3";"PINEL                               (BD)";"45,7389500";"4,8922100"
"201900013212";"13";"9";"2019";"13:15";"1";"972";"97209";"1";"1";"1";"4";"AUTOROUTE (A1)";"14,6165100";" -61,0488900"
"201900013213";"13";"9";"2019";"02:03";"3";"972";"97209";"2";"1";"2";"7";"RD 41 (ROCADE)";"14,6096000";" -61,0685600"
"201900013214";"13";"9";"2019";"18:15";"1";"69";"69389";"2";"1";"1";"2";"COMMERCE (DU)                       (QU)";"45,7849800";"4,8128300"
"201900013215";"13";"9";"2019";"15:05";"1";"69";"69385";"2";"4";"1";"3";"CHOULANS (DE)                       (CH)";"45,7518600";"4,8166000"
"201900013216";"13";"9";"2019";"10:25";"1";"69";"69034";"2";"1";"1";"6";"PIERRE TERRASSE                     (AV)";"45,7989000";"4,8483500"
"201900013217";"13";"9";"2019";"08:30";"1";"69";"69152";"2";"2";"7";"6";"JULES GUESDE                        (R )";"45,6976500";"4,8249200"
"201900013218";"13";"9";"2019";"08:55";"1";"69";"69389";"2";"2";"7";"6";"GORGE DE LOUP                       (R )";"45,7694070";"4,8009400"
"201900013219";"12";"9";"2019";"11:25";"1";"69";"69385";"2";"3";"1";"3";"KITCHENER MARCHAND                  (PT)";"45,7517000";"4,8215800"
"201900013220";"13";"9";"2019";"19:00";"1";"2B";"2B037";"1";"1";"1";"4";"TOUTES RUES";"42,5955100";"9,4387800"
"201900013221";"12";"9";"2019";"13:30";"1";"971";"97101";"2";"9";"1";"6";"BOULEVARD DES HEROS";"16,2431300";" -61,5308000"
"201900013222";"11";"9";"2019";"19:00";"5";"971";"97101";"2";"1";"1";"1";"Frédéric JALTON";"16,2785388";" -61,4987612"
"201900013223";"13";"9";"2019";"19:50";"5";"2A";"2A004";"2";"3";"1";"3";"AVENUE DU DOCTEUR NOEL FRANCHINI";"41,9382000";"8,7544000"
"201900013224";"8";"4";"2019";"12:30";"1";"95";"95585";"2";"1";"1";"6";"MOZART (RESIDENCE)";"48,9883300";"2,3785500"
"201900013225";"11";"9";"2019";"19:20";"1";"91";"91657";"2";"3";"1";"3";"JULES VERNE (RUE)";"48,6979800";"2,4396400"
"201900013226";"13";"9";"2019";"14:22";"1";"90";"90099";"2";"1";"1";"2";"TURENNE (RUE DE)";"47,6684000";"6,8418900"
"201900013227";"13";"9";"2019";"10:00";"1";"88";"88413";"2";"1";"1";"6";"Rue SAINT CHARLES";"48,2879000";"6,9538300"
"201900013228";"12";"9";"2019";"11:55";"1";"88";"88413";"2";"2";"1";"3";"RUE DES 3 VILLES";"48,2887300";"6,9440400"
"201900013229";"13";"9";"2019";"11:20";"1";"86";"86194";"2";"1";"1";"4";"ROCADE EST (RD 162)";"46,5630500";"0,3442700"
"201900013230";"12";"9";"2019";"21:20";"4";"85";"85194";"2";"1";"1";"3";"AVENUE D'AQUITAINE ";"46,4941700";" -1,7653100"
"201900013231";"13";"9";"2019";"07:55";"1";"85";"85191";"2";"6";"1";"3";"ROND POINT DU 5 PRAIRIAL AN XII";"46,6647300";" -1,4237500"
"201900013232";"11";"9";"2019";"00:05";"3";"30";"30011";"1";"1";"1";"7";"ARAMON ROUTE D'";"43,9455700";"4,7922700"
"201900013233";"10";"9";"2019";"08:30";"1";"84";"84007";"1";"9";"2";"5";"MARSEILLE (Route)-MONTFAVET";"43,9106900";"4,8833500"
"201900013234";"6";"9";"2019";"17:30";"1";"83";"83069";"2";"1";"1";"3";"TOULON RD 554 (AVENUE DE)";"43,1230000";"6,1159000"
"201900013235";"12";"9";"2019";"16:40";"1";"80";"80021";"2";"3";"1";"3";"ROGER MARTIN DU GARD (RUE)";"49,9151100";"2,3027600"
"201900013236";"12";"9";"2019";"18:00";"1";"80";"80021";"2";"1";"1";"6";"JULES BARNI (RUE)";"49,8865700";"2,3173300"
"201900013237";"13";"9";"2019";"16:07";"1";"78";"78440";"2";"6";"1";"6";"BUGATTI  (PARC)";"48,9811500";"1,9122000"
"201900013238";"12";"9";"2019";"12:45";"1";"76";"76681";"2";"3";"1";"3";"LECHEVALLIER. RUE MARCEL";"49,4055400";"1,0797900"
"201900013239";"12";"9";"2019";"06:05";"5";"76";"76498";"2";"1";"1";"6";"GAULLE. BOULEVARD CHARLES DE";"49,4199400";"1,0613800"
"201900013240";"11";"9";"2019";"19:30";"1";"76";"76540";"2";"2";"1";"3";"BELGES. BOULEVARD DES";"49,4422000";"1,0838100"
"201900013241";"11";"9";"2019";"18:40";"1";"76";"76540";"2";"3";"1";"3";"YSER. BOULEVARD DE L'";"49,4479500";"1,1020000"
"201900013242";"13";"9";"2019";"12:15";"1";"76";"76351";"2";"6";"2";"7";"MARCEAU (RUE)";"49,4910000";"0,1335000"
"201900013243";"13";"9";"2019";"08:42";"1";"72";"72181";"2";"1";"1";"3";"DEGRE (RUE DE) N° PAIRS DE 2 A 78";"48,0149400";"0,1847800"