"Num_Acc";"jour";"mois";"an";"hrmn";"lum";"dep";"com";"agg";"int";"atm";"col";"adr";"lat";"long"
"201900013244";"12";"9";"2019";"18:05";"1";"71";"71153";"2";"4";"7";"1";"ANEMONES (RUE DES)";"46,8097900";"4,4312200"
"201900013245";"12";"9";"2019";"15:33";"1";"71";"71076";"2";"1";"1";"2";"Rond Point de Bourgogne";"46,7880800";"4,8649800"
"201900013246";"12";"9";"2019";"12:15";"1";"71";"71076";"2";"1";"1";"3";"PONT DE BOURGOGNE (AVENUE DU)";"46,7874500";"4,8659200"
"201900013247";"12";"9";"2019";"16:10";"1";"69";"69275";"2";"1";"1";"6";"JEAN JAURES                         (AV)";"45,7713500";"4,9661600"
"201900013248";"12";"9";"2019";"17:00";"1";"69";"69029";"2";"1";"1";"6";"GENAS (DE)                          (RO)";"45,7499500";"4,9119400"
"201900013249";"12";"9";"2019";"14:05";"1";"68";"68166";"2";"6";"1";"3";"RICHWILLER (RUE DE)";"47,7890150";"7,3123820"
"201900013250";"12";"9";"2019";"18:10";"1";"67";"67482";"2";"1";"1";"6";"GENERAL DE GAULLE (AVENUE DU)";"48,5785900";"7,7695900"
"201900013251";"12";"9";"2019";"14:05";"1";"66";"66136";"2";"1";"1";"6";"MAS-PALEGRY (CHEMIN DU)";"42,6598700";"2,8856600"
"201900013252";"12";"9";"2019";"12:00";"1";"64";"64445";"2";"1";"1";"4";"HAUTERIVE";"43,3237500";" -0,3508600"
"201900013253";"11";"9";"2019";"14:30";"1";"64";"64335";"2";"1";"1";"6";"EUROPE DE L'";"43,3332900";" -0,4536500"
"201900013254";"12";"9";"2019";"16:40";"1";"64";"64125";"2";"1";"1";"7";"ESPAGNE (AVENUE D')";"43,4290600";" -1,6008300"
"201900013255";"11";"9";"2019";"21:05";"5";"63";"63032";"2";"1";"1";"6";"LIONDARDS (RUE DES)";"45,7597000";"3,0877500"
"201900013256";"27";"8";"2019";"22:10";"5";"62";"62563";"2";"6";"1";"3";"BERTHELOT (R)";"50,4715800";"2,7144900"
"201900013257";"6";"9";"2019";"16:00";"1";"61";"61006";"2";"1";"1";"1";"SEMARD (PLACE PIERRE)";"48,7381000";" -0,0248300"
"201900013258";"13";"9";"2019";"18:45";"1";"61";"61397";"2";"1";"1";"2";"CHAUVIGNY (RUE DE)";"48,4182900";"0,0725590"
"201900013259";"13";"9";"2019";"22:15";"5";"59";"59599";"2";"1";"1";"6";"GAMBETTA (BOULEVARD)";"50,7104600";"3,1595470"
"201900013260";"11";"9";"2019";"07:00";"2";"58";"58194";"2";"1";"1";"2";"EDME LABORDE";"46,9963000";"3,1894000"
"201900013261";"13";"9";"2019";"15:05";"1";"57";"57463";"2";"1";"1";"6";"PARIS (RUE DE )";"49,1248800";"6,1645500"
"201900013262";"11";"9";"2019";"15:40";"1";"56";"56121";"2";"2";"1";"1";"MARNE ( AV DE LA )";"47,7427700";" -3,3683500"
"201900013263";"3";"3";"2019";"10:30";"1";"54";"54274";"2";"3";"1";"3";"SAINT SAENS (RUE CAMILLE)";"48,6727300";"6,2090500"
"201900013264";"1";"3";"2019";"16:45";"1";"54";"54526";"2";"1";"1";"7";"LAGRANGE (RUE LEO)";"48,6797650";"6,2206690"
"201900013265";"25";"2";"2019";"17:50";"1";"54";"54025";"2";"1";"1";"1";"SCHWEITZER (RUE ALBERT)";"48,6599180";"6,2718490"
"201900013266";"11";"2";"2019";"18:15";"5";"54";"54395";"2";"2";"1";"3";"MOUILLERON (RUE GABRIEL)";"48,6832600";"6,1662100"
"201900013267";"13";"9";"2019";"08:10";"1";"54";"54395";"2";"1";"1";"7";"RAVINELLE (RUE DE LA)";"48,6941910";"6,1734570"
"201900013268";"10";"2";"2019";"20:40";"5";"54";"54395";"2";"2";"3";"3";"AUSTRASIE (BOULEVARD)";"48,6899900";"6,2028400"
"201900013269";"13";"9";"2019";"15:20";"1";"51";"51454";"2";"6";"1";"3";"AVENUE PAUL MARCHANDEAU";"49,2421400";"4,0243900"
"201900013270";"13";"9";"2019";"08:05";"1";"51";"51172";"1";"1";"1";"2";"ROUTE DE LOUVOIS";"49,2093566";"4,0509638"
"201900013271";"10";"9";"2019";"07:15";"5";"50";"50602";"2";"2";"1";"3";"COTENTIN (BOULEVARD DU)";"49,6401600";" -1,5728900"
"201900013272";"12";"9";"2019";"22:25";"4";"49";"49007";"2";"1";"1";"7";"BARATERIE";"47,4494000";" -0,5247800"
"201900013273";"12";"9";"2019";"21:50";"5";"49";"49007";"2";"1";"1";"5";"FREMUR";"47,4622000";" -0,5591000"
"201900013274";"11";"9";"2019";"11:55";"1";"47";"47201";"2";"4";"1";"3";"PYRENEES (AVENUE DES)";"44,1791600";"0,6052100"
"201900013275";"13";"9";"2019";"07:30";"1";"45";"45208";"2";"1";"1";"6";"28 RUE JEAN JAURES";"47,9933368";"2,7323639"
"201900013276";"13";"9";"2019";"23:50";"5";"44";"44109";"2";"2";"1";"3";"RUE MONZIE / BOULEVARD GENERAL DE GAULLE";"47,2064100";" -1,5393300"
"201900013277";"13";"9";"2019";"11:55";"1";"44";"44162";"2";"9";"1";"3";"ROUTE DE VANNES";"47,2444500";" -1,5999200"
"201900013278";"13";"9";"2019";"11:30";"1";"44";"44190";"2";"1";"1";"6";"RUE HENRI MAINGUET";"47,2060700";" -1,5046300"
"201900013279";"13";"9";"2019";"09:00";"1";"44";"44109";"2";"3";"1";"3";"BD ORION / RUE CHARLES LEBOURG";"47,2337100";" -1,5606500"
"201900013280";"22";"8";"2019";"16:14";"1";"40";"40192";"2";"1";"1";"3";"ROZANOFF(AV DU COL. K.W.)";"43,9014800";" -0,5045300"
"201900013281";"11";"9";"2019";"20:20";"5";"38";"38563";"2";"3";"1";"3";"D592";"45,3612900";"5,5906800"
"201900013282";"13";"9";"2019";"09:20";"1";"38";"38169";"2";"2";"1";"3";"CURIE (BOULEVARD J.)";"45,1976300";"5,6932800"
"201900013283";"13";"9";"2019";"21:10";"5";"37";"37122";"2";"1";"1";"6";"VERDUN (RUE DE)";"47,3475500";"0,6652900"
"201900013284";"12";"9";"2019";"22:40";"5";"35";"35288";"2";"6";"1";"6";"JUIN MARECHAL  (AVENUE)";"48,6491400";" -1,9769500"
"201900013285";"13";"9";"2019";"23:41";"5";"35";"35238";"2";"2";"1";"3";"GUILLOUX (LOUIS)";"48,1121000";" -1,7021000"
"201900013286";"13";"9";"2019";"15:20";"1";"35";"35238";"2";"1";"1";"3";"LE GUILLOUX (HENRI)";"48,1165900";" -1,6965200"
"201900013287";"13";"9";"2019";"14:20";"1";"35";"35238";"2";"1";"1";"3";"ARMORIQUE (BD D')";"48,1305500";" -1,6694800"
"201900013288";"13";"9";"2019";"08:30";"1";"35";"35238";"2";"1";"1";"6";"CHURCHILL (AVENUE SIR WINSTON)";"48,1189300";" -1,7082900"
"201900013289";"13";"9";"2019";"01:13";"5";"35";"35281";"2";"6";"1";"2";"DODIN (AVENUE ROGER)";"48,0782400";" -1,7127700"
"201900013290";"13";"9";"2019";"19:35";"1";"33";"33167";"2";"1";"1";"2";"AVE JEAN ALFONSEA";"44,8270000";" -0,5251000"
"201900013291";"13";"9";"2019";"17:15";"1";"33";"33063";"2";"2";"1";"3";"R. de la Croix de Seguey / Bd Pierre 1er";"44,8538420";" -0,5933700"
"201900013292";"13";"9";"2019";"14:30";"1";"33";"33281";"2";"1";"1";"4";"AVE FRANCOIS MITTERRAND";"44,8174900";" -0,6732300"
"201900013293";"13";"9";"2019";"13:00";"1";"33";"33192";"2";"1";"1";"3";"CRS DU GENERAL DE GAULLE";"44,7810600";" -0,6084300"
"201900013294";"11";"9";"2019";"14:10";"1";"33";"33063";"2";"3";"1";"3";"Crs de Verdun / Crs de Gourgues";"44,8471280";" -0,5766510"
"201900013295";"13";"9";"2019";"08:05";"1";"33";"33318";"2";"1";"1";"3";"JAURES (AVE JEAN)";"44,8181800";" -0,6035800"
"201900013296";"12";"9";"2019";"22:00";"5";"33";"33063";"2";"2";"1";"3";"CRS DU MEDOC / Rue STE PHILOMENE";"44,8573400";" -0,5657500"
"201900013297";"12";"9";"2019";"17:50";"1";"33";"33318";"2";"1";"1";"3";"AVE DU HAUT LEVEQUE";"44,7849300";" -0,6535900"
"201900013298";"12";"9";"2019";"12:00";"1";"33";"33162";"2";"1";"1";"7";"AVE RENE ANTOUNE";"44,8667700";" -0,6535900"
"201900013299";"12";"9";"2019";"10:00";"1";"33";"33162";"1";"1";"1";"2";"D1215";"44,8758800";" -0,6605800"
"201900013300";"13";"9";"2019";"08:20";"1";"31";"31555";"1";"1";"7";"7";"ECHANGEUR ST MARTIN (A624-RD901)";"43,6097200";"1,3841400"
"201900013301";"13";"9";"2019";"00:06";"5";"31";"31069";"1";"1";"1";"7";"FIL D'ARIANE (RD902)";"43,6580600";"1,3638600"
"201900013302";"12";"9";"2019";"17:28";"1";"31";"31555";"2";"3";"1";"3";"RUE PIERRETTE LOUIN";"43,6289200";"1,4499900"
"201900013303";"12";"9";"2019";"16:15";"1";"31";"31555";"2";"1";"1";"6";"AV LOUIS BAZERQUE";"43,5769700";"1,3949400"
"201900013304";"12";"9";"2019";"08:40";"1";"31";"31149";"1";"1";"1";"3";"RN124";"43,6067100";"1,3284600"
"201900013305";"12";"9";"2019";"07:50";"1";"31";"31149";"2";"3";"1";"3";"SALVETAT (CHEMIN DE LA)";"43,5990800";"1,2954800"
"201900013306";"13";"9";"2019";"10:50";"1";"29";"29232";"2";"1";"1";"7";"POULGUINAN PONT DE";"47,9837891";" -4,1176651"
"201900013307";"13";"9";"2019";"08:48";"1";"25";"25056";"2";"1";"1";"3";"MONTARMOTS CHEMIN DES";"47,2635100";"6,0274600"
"201900013308";"13";"9";"2019";"02:38";"5";"25";"25056";"2";"1";"1";"6";"FLEMING BOULEVARD";"47,2290500";"5,9658600"
"201900013309";"12";"9";"2019";"23:15";"5";"25";"25056";"2";"1";"1";"6";"VELOTTE RUE DE";"47,2260900";"6,0095500"
"201900013310";"12";"9";"2019";"21:25";"5";"22";"22187";"2";"1";"1";"3";"HERZOGENRATH (PONT DE )";"48,5339100";" -2,7582600"
"201900013311";"12";"9";"2019";"14:30";"1";"19";"19031";"2";"1";"1";"3";"GERMAIN (BOULEVARD DU COLONEL)";"45,1560300";"1,5243900"
"201900013312";"13";"9";"2019";"08:35";"1";"17";"17300";"2";"1";"1";"3";"DAUPHINE  AVENUE DE LA PORTE";"46,1688800";" -1,1501000"
"201900013313";"13";"9";"2019";"07:25";"2";"16";"16358";"1";"2";"1";"1";"Rte de  SAINT-JEAN-D'ANGELY";"45,7022470";"0,0937660"
"201900013314";"13";"9";"2019";"20:40";"2";"14";"14118";"2";"1";"1";"1";"JUIN (BOULEVARD MARECHAL)";"49,2105800";" -0,3678100"
"201900013315";"13";"9";"2019";"09:40";"1";"13";"13103";"2";"1";"1";"6";"BOULEVARD JOLY - VICTOR";"43,6386580";"5,0953090"
"201900013316";"13";"9";"2019";"18:30";"1";"13";"13209";"2";"1";"1";"6";"MAZARGUES (AVENUE DE)";"43,2595520";"5,3941100"
"201900013317";"13";"9";"2019";"12:30";"1";"13";"13209";"2";"1";"1";"7";"MARÉCHAL DE LATTRE (AVENUE)";"43,2461400";"5,4177640"
"201900013318";"13";"9";"2019";"08:45";"1";"13";"13208";"2";"1";"1";"2";"JEAN MERMOZ (RUE)";"43,2734400";"5,3872100"
"201900013319";"12";"9";"2019";"14:30";"1";"13";"13075";"2";"1";"1";"1";"FREDERIC MISTRAL (AVE)";"43,3400000";"5,4600000"
"201900013320";"12";"9";"2019";"11:30";"1";"13";"13206";"2";"1";"1";"6";"ROUX DE BRI (RUE)";"43,2898200";"5,3753800"
"201900013321";"13";"9";"2019";"20:05";"5";"13";"13005";"2";"1";"1";"3";" (CAMP MAJOR)";"43,2870989";"5,5193848"
"201900013322";"13";"9";"2019";"12:00";"1";"13";"13001";"2";"2";"1";"3";"GARDANNE (ROUTE DE )";"43,4801560";"5,4232360"
"201900013323";"18";"8";"2019";"23:20";"3";"11";"11069";"1";"1";"1";"1";"FAJEOLLE -ROUTE DE LA-";"43,2205000";"2,3805000"
"201900013324";"12";"9";"2019";"16:45";"1";"10";"10387";"2";"3";"1";"3";"MAURICE BOUCHOR (RUE)";"48,3020000";"4,0390000"
"201900013325";"13";"9";"2019";"16:55";"1";"7";"07008";"1";"1";"1";"2";"N/A";"44,7114300";"4,6386700"
"201900013326";"12";"9";"2019";"09:00";"1";"6";"06069";"2";"4";"1";"3";"DRAGONNIERE (CHEMIN DE LA)";"43,6795880";"6,9572830"
"201900013327";"13";"9";"2019";"13:50";"1";"6";"06027";"2";"1";"1";"5";"GRASSE AVENUE DE";"43,6588840";"7,1384090"
"201900013328";"12";"9";"2019";"10:35";"1";"6";"06027";"2";"1";"1";"2";"PLAGE BOULEVARD DE LA";"43,6562970";"7,1630050"
"201900013329";"13";"9";"2019";"19:20";"2";"75";"75113";"2";"4";"1";"3";"BD PERIPHERIQUE INTERIEUR";"48,8166201";"2,3644644"
"201900013330";"13";"9";"2019";"15:00";"1";"75";"75112";"2";"1";"1";"3";"BD PERIPHERIQUE EXTERIEUR";"48,8325420";"2,4061090"
"201900013331";"6";"9";"2019";"06:00";"5";"75";"75112";"2";"1";"1";"6";"BD PERIPHERIQUE EXTERIEUR";"48,8464810";"2,4145710"
"201900013332";"12";"9";"2019";"23:30";"5";"75";"75105";"2";"3";"1";"3";"BOULEVARD SAINT GERMAIN";"48,8498685";"2,3494443"
"201900013333";"13";"9";"2019";"08:30";"1";"75";"75120";"2";"4";"1";"3";"RUE DES FOUGERES";"48,8712234";"2,4106896"
"201900013334";"13";"9";"2019";"08:20";"1";"75";"75120";"2";"1";"8";"1";"AVENUE GAMBETTA";"48,8642975";"2,3930598"
"201900013335";"13";"9";"2019";"20:55";"5";"75";"75118";"2";"2";"8";"3";"AVENUE DE LA PORTE DE SAINT OUEN";"48,8977296";"2,3290245"
"201900013336";"13";"9";"2019";"17:20";"1";"75";"75117";"2";"1";"1";"3";"AVENUE DE LA GRANDE ARMEE";"48,8751275";"2,2908103"
"201900013337";"13";"9";"2019";"15:15";"1";"75";"75117";"2";"1";"1";"6";"RUE DE ROME";"48,8871533";"2,3146161"
"201900013338";"13";"9";"2019";"11:50";"1";"75";"75108";"2";"1";"1";"6";"AVENUE MARCEAU";"48,8715692";"2,2969888"
"201900013339";"12";"9";"2019";"16:00";"1";"75";"75116";"2";"7";"1";"2";"AVENUE DE LA GRANDE ARMEE";"48,8761110";"2,2871080"
"201900013340";"13";"9";"2019";"17:30";"1";"75";"75107";"2";"2";"1";"3";"AVENUE DE SUFFREN";"48,8546350";"2,2954969"
"201900013341";"13";"9";"2019";"16:00";"1";"75";"75115";"2";"1";"1";"6";"BOULEVARD VICTOR";"48,8357470";"2,2798870"
"201900013342";"13";"9";"2019";"09:35";"1";"75";"75115";"2";"1";"1";"6";"BOULEVARD VICTOR";"48,8352060";"2,2816935"
"201900013343";"12";"9";"2019";"16:40";"1";"75";"75114";"2";"4";"1";"3";"AVENUE DU MAINE";"48,8385610";"2,3226080"
"201900013344";"13";"9";"2019";"14:20";"1";"75";"75113";"2";"2";"1";"3";"RUE NEUVE TOLBIAC";"48,8310510";"2,3775760"
"201900013345";"13";"9";"2019";"16:00";"1";"75";"75111";"2";"1";"1";"3";"BOULEVARD DE MENILMONTANT";"48,8613330";"2,3880390"
"201900013346";"13";"9";"2019";"11:45";"1";"75";"75111";"2";"4";"1";"6";"BOULEVARD VOLTAIRE";"48,8573638";"2,3808514"
"201900013347";"13";"9";"2019";"20:00";"5";"75";"75109";"2";"2";"1";"2";"RUE DE LA CHAUSSEE D ANTIN";"48,8752590";"2,3322910"
"201900013348";"13";"9";"2019";"20:14";"5";"75";"75109";"2";"3";"1";"3";"BOULEVARD DE CLICHY";"48,8841020";"2,3308170"
"201900013349";"13";"9";"2019";"12:25";"1";"75";"75109";"2";"4";"1";"6";"RUE DES MARTYRS";"48,8767716";"2,3392458"
"201900013350";"12";"9";"2019";"17:24";"1";"75";"75108";"2";"3";"1";"3";"PLACE CLEMENCEAU";"48,8677391";"2,3139901"
"201900013351";"12";"9";"2019";"22:49";"5";"75";"75107";"2";"3";"1";"6";"QUAI BRANLY";"48,8578090";"2,2917200"
"201900013352";"13";"9";"2019";"17:00";"1";"75";"75102";"2";"3";"1";"6";"BOULEVARD DE SEBASTOPOL";"48,8681870";"2,3536220"
"201900013353";"12";"9";"2019";"19:45";"5";"75";"75104";"2";"1";"1";"3";"BOULEVARD DE SEBASTOPOL";"48,8609600";"2,3495750"
"201900013354";"13";"9";"2019";"22:00";"5";"94";"94081";"2";"1";"1";"2";"PAUL VAILLANT COUTURIER (AV)";"48,7948700";"2,3971800"
"201900013355";"13";"9";"2019";"13:22";"1";"94";"94078";"2";"1";"1";"2";"PARIS (R DE)";"48,7407010";"2,4467390"
"201900013356";"12";"9";"2019";"13:50";"1";"94";"94074";"2";"1";"1";"3";"FONTAINE SAINT-MARTIN (R DE LA)";"48,7286100";"2,4727900"
"201900013357";"13";"9";"2019";"10:30";"1";"94";"94068";"2";"2";"1";"3";"VERDUN (AV DE)";"48,8026333";"2,5115513"
"201900013358";"13";"9";"2019";"17:00";"1";"94";"94015";"2";"1";"1";"6";"FELIX FAURE (R)";"48,8350000";"2,5192400"
"201900013359";"12";"9";"2019";"10:30";"1";"94";"94042";"2";"1";"1";"3";"PARIS (R DE)";"48,8161400";"2,4688800"
"201900013360";"13";"9";"2019";"06:15";"5";"94";"94046";"2";"1";"1";"1";"GENERAL LECLERC - CAR DE LA RESISTANCE (";"48,8161400";"2,4198900"
"201900013361";"13";"9";"2019";"17:50";"1";"94";"94033";"2";"1";"1";"1";"ROGER SALENGRO (R)";"48,8514800";"2,4870400"
"201900013362";"13";"9";"2019";"18:10";"1";"94";"94011";"2";"2";"1";"6";"GROSS(RUE AUGUSTE)";"48,7738400";"2,4873900"
"201900013363";"11";"9";"2019";"17:30";"1";"94";"94028";"2";"1";"1";"6";"MITTERAND (Rue François)";"48,7690000";"2,4649000"
"201900013364";"13";"9";"2019";"08:45";"1";"93";"93078";"2";"1";"1";"3";"CHEMIN DEPARTEMENTAL";"48,9750000";"2,5098800"
"201900013365";"13";"9";"2019";"08:30";"1";"93";"93072";"2";"1";"1";"6";"LOUIS BORDES (RUE)";"48,9541800";"2,3873100"
"201900013366";"25";"2";"2019";"18:20";"1";"56";"56260";"2";"6";"1";"6";"KERLANN (GIRATOIRE DE)";"47,6601500";" -2,7905360"
"201900013367";"18";"3";"2019";"11:20";"1";"49";"49328";"2";"1";"1";"2";"RENAULT (BOULEVARD LOUIS)";"47,2520825";" -0,0823109"
"201900013368";"18";"3";"2019";"06:10";"5";"45";"45004";"1";"1";"8";"7";"AV DU DOCTEUR SCHWEITZER";"48,0018000";"2,7746900"
"201900013369";"12";"3";"2019";"23:30";"5";"44";"44109";"2";"1";"1";"2";"RUE FRERE LOUIS";"47,1931800";" -1,5366000"
"201900013370";"19";"3";"2019";"15:10";"1";"42";"42095";"2";"1";"1";"6";"LAPRAT (RUE)";"45,3871000";"4,2888800"
"201900013371";"16";"3";"2019";"12:25";"1";"40";"40192";"2";"3";"1";"3";"34EME R.I. (BOULEVARD DU)";"43,8854000";" -0,5008500"
"201900013372";"19";"3";"2019";"05:21";"5";"38";"38544";"2";"4";"1";"3";"PAJOT(QUAI)";"45,5282000";"4,8740000"
"201900013373";"19";"3";"2019";"13:45";"1";"35";"35238";"2";"1";"1";"6";"KENNEDY (COURS JOHN-FITZGERALD)";"48,1213100";" -1,7049100"
"201900013374";"18";"3";"2019";"19:55";"3";"35";"35055";"2";"1";"2";"2";"BREILLOU (RUE DU)";"48,0969400";" -1,6198100"
"201900013375";"2";"3";"2019";"18:00";"1";"34";"34003";"2";"6";"1";"6";"SETE ( ROUTE)";"43,3082000";"3,4917000"
"201900013376";"15";"3";"2019";"17:20";"1";"33";"33063";"2";"1";"2";"6";"229 RUE D'ORNANO - station Chaban Delmas jusqu'à station Pellegrin";"44,8315600";" -0,5980200"
"201900013377";"18";"3";"2019";"16:10";"1";"31";"31555";"2";"1";"1";"6";"BD DU MARECHAL JUIN";"43,5893500";"1,4407300"
"201900013378";"16";"3";"2019";"12:38";"1";"31";"31555";"1";"1";"1";"5";"VA007539 LA ROSERAIE A61 Sortie 15";"43,6262000";"1,4796300"
"201900013379";"19";"3";"2019";"08:40";"1";"30";"30189";"2";"1";"1";"6";"TALABOT (BOULEVARD)";"43,8354000";"4,3694000"
"201900013380";"16";"3";"2019";"17:20";"1";"27";"27375";"2";"1";"1";"6";"SAINT HILDEVERT (RUE)";"49,2292772";"1,1743340"
"201900013381";"18";"3";"2019";"18:45";"1";"19";"19031";"2";"2";"1";"2";"MAILLARD (AVENUE)";"45,1654500";"1,5372900"
"201900013382";"13";"3";"2019";"17:10";"1";"18";"18033";"2";"1";"2";"6";"AVENIR (BOULEVARD DE)";"47,0831700";"2,3845100"
"201900013383";"16";"3";"2019";"19:10";"3";"13";"13108";"1";"1";"1";"3";"RD 99 ROUTE DE SAINT REMY";"43,8020280";"4,6665130"
"201900013384";"19";"3";"2019";"15:45";"1";"13";"13214";"2";"1";"1";"2";"SAINTE MARTHE (chemin)";"43,3223740";"5,3894150"
"201900013385";"19";"3";"2019";"15:40";"1";"13";"13202";"2";"1";"1";"5";"ROGER SALENGRO (AVENUE)";"43,3156700";"5,3697900"
"201900013386";"19";"3";"2019";"09:00";"1";"13";"13212";"2";"3";"7";"6";"NORMA (AVENUE)";"43,3180500";"5,4312300"
"201900013387";"18";"3";"2019";"23:40";"5";"13";"13216";"1";"1";"1";"3";"ROVE (ROUTE DU)";"43,3572000";"5,1530100"
"201900013388";"19";"3";"2019";"20:45";"5";"13";"13005";"2";"1";"1";"7";"CD 2 (CAMP MAJOR)";"43,2937600";"5,5566900"
"201900013389";"14";"3";"2019";"16:55";"1";"11";"11262";"2";"3";"1";"6";"TOURNAL (AVENUE PAUL)";"43,1836100";"3,0145000"
"201900013390";"13";"2";"2019";"21:03";"3";"11";"11262";"1";"1";"1";"6";"RD 6009 NARBONNE - PERPIGNAN";"43,1805660";"2,9674500"
"201900013391";"15";"3";"2019";"11:20";"1";"11";"11262";"2";"1";"1";"6";"RD 6009 NARBONNE - PERPIGNAN";"43,1570950";"2,9817420"
"201900013392";"16";"3";"2019";"17:15";"1";"11";"11262";"2";"1";"1";"2";"BORDEAUX (AVENUE DE)";"43,1814000";"2,9765700"
"201900013393";"19";"3";"2019";"13:30";"1";"6";"06123";"2";"3";"1";"3";"AMADIEU AVENUE PIERRE";"43,6655900";"7,1849700"
"201900013394";"16";"3";"2019";"11:33";"1";"5";"05061";"2";"1";"1";"3";"EMBRUN ( AVENUE D')";"44,5688300";"6,1006900"
"201900013395";"18";"3";"2019";"21:10";"5";"75";"75112";"2";"3";"1";"2";"ECHANGEUR BERCY";"48,8268670";"2,3896700"
"201900013396";"19";"3";"2019";"08:00";"1";"75";"75118";"2";"2";"1";"6";"BOULEVARD ORNANO";"48,8978730";"2,3443180"
"201900013397";"19";"3";"2019";"18:30";"1";"75";"75105";"2";"1";"1";"4";"RUE GAY LUSSAC";"48,8451080";"2,3416470"
"201900013398";"19";"3";"2019";"15:00";"1";"75";"75120";"2";"1";"1";"3";"RUE DES ORTEAUX";"48,8556260";"2,4089130"
"201900013399";"19";"3";"2019";"18:50";"2";"75";"75119";"2";"2";"1";"6";"RUE DE L INSPECTEUR ALLES";"48,8789570";"2,3980620"
"201900013400";"19";"3";"2019";"13:41";"1";"75";"75119";"2";"1";"1";"7";"RUE CURIAL";"48,8908020";"2,3720010"
"201900013401";"19";"3";"2019";"16:45";"1";"75";"75118";"2";"2";"1";"3";"RUE ORDENER";"48,8915620";"2,3495910"
"201900013402";"19";"3";"2019";"08:25";"1";"75";"75116";"2";"3";"1";"6";"AVENUE KLEBER";"48,8661420";"2,2895000"
"201900013403";"18";"3";"2019";"11:35";"1";"75";"75116";"2";"4";"1";"3";"AVENUE EDOUARD VAILLANT";"48,8366580";"2,2551040"
"201900013404";"19";"3";"2019";"17:20";"1";"75";"75115";"2";"1";"1";"3";"RUE DE LA CONVENTION";"48,8416760";"2,2866060"
"201900013405";"19";"3";"2019";"11:55";"1";"75";"75115";"2";"3";"1";"6";"RUE BARGUE";"48,8376750";"2,3094010"
"201900013406";"18";"3";"2019";"22:40";"5";"75";"75115";"2";"2";"1";"6";"AVENUE EMILE ZOLA";"48,8469450";"2,2936150"
"201900013407";"18";"3";"2019";"12:15";"1";"75";"75115";"2";"2";"1";"6";"RUE ROBERT DE FLERS";"48,8493720";"2,2838540"
"201900013408";"19";"3";"2019";"22:00";"5";"75";"75114";"2";"2";"1";"3";"RUE D ALESIA";"48,8274660";"2,3348630"
"201900013409";"19";"3";"2019";"09:40";"1";"75";"75114";"2";"2";"1";"2";"RUE DES PLANTES";"48,8248900";"2,3183970"
"201900013410";"19";"3";"2019";"18:14";"2";"75";"75113";"2";"1";"1";"7";"RUE DUNOIS";"48,8300550";"2,3708570"
"201900013411";"19";"3";"2019";"10:30";"1";"75";"75112";"2";"1";"1";"2";"BOULEVARD PONIATOWSKI";"48,8309490";"2,3960470"
"201900013412";"18";"3";"2019";"00:01";"5";"75";"75101";"2";"7";"1";"3";"PONT AU CHANGE";"48,8572420";"2,3471130"
"201900013413";"19";"3";"2019";"16:55";"1";"75";"75108";"2";"3";"1";"6";"AVENUE MARCEAU";"48,8661430";"2,2998420"
"201900013414";"19";"3";"2019";"09:10";"1";"75";"75108";"2";"7";"1";"3";"PLACE DE L ALMA";"48,8643880";"2,3018000"
"201900013415";"19";"3";"2019";"09:00";"1";"75";"75108";"2";"2";"1";"3";"RUE DE LISBONNE";"48,8778810";"2,3181650"
"201900013416";"19";"3";"2019";"07:30";"1";"75";"75108";"2";"3";"1";"6";"RUE DE CASTELLANE";"48,8723530";"2,3249060"
"201900013417";"18";"3";"2019";"12:00";"1";"75";"75108";"2";"2";"1";"6";"RUE DU FAUBOURG SAINT HONORE";"48,8687900";"2,3218460"
"201900013418";"19";"3";"2019";"11:30";"1";"75";"75101";"2";"7";"1";"3";"QUAI FRANCOIS MITTERRAND";"48,8600890";"2,3335110"
"201900013419";"16";"3";"2019";"16:40";"1";"94";"94081";"2";"1";"1";"7";"ABBE ROGER DERRY (AV DE L)";"48,7907900";"2,3934900"
"201900013420";"19";"3";"2019";"00:50";"5";"94";"94074";"2";"3";"1";"2";"HENRI BARBUSSE (AV)";"48,7646720";"2,4418390"
"201900013421";"14";"2";"2019";"14:40";"1";"94";"94077";"2";"1";"1";"3";"VAL D ABLON (AV DU)";"48,7280200";"2,4342400"
"201900013422";"19";"3";"2019";"09:15";"1";"94";"94003";"2";"3";"1";"3";"ARISTIDE BRIAND (AV)";"48,8024800";"2,3244000"
"201900013423";"19";"3";"2019";"19:30";"5";"94";"94034";"2";"1";"1";"3";"STALINGRAD (AV DE)";"48,7590200";"2,3305800"
"201900013424";"19";"3";"2019";"17:45";"1";"94";"94017";"2";"1";"1";"2";"HUIT MAI 1945 (AV DU)";"48,8082716";"2,5391970"
"201900013425";"19";"3";"2019";"12:00";"1";"93";"93066";"2";"3";"1";"3";"STADE DE FRANCE (AVENUE DU)";"48,9195970";"2,3616980"
"201900013426";"19";"3";"2019";"10:20";"1";"93";"93066";"2";"1";"1";"7";"GORKI MAXIME";"48,9375600";"2,3886000"
"201900013427";"17";"3";"2019";"23:50";"5";"93";"93053";"2";"1";"1";"1";"GABRIEL PERI (BLD)";"48,8797400";"2,4649500"
"201900013428";"19";"3";"2019";"23:20";"5";"93";"93032";"2";"3";"1";"6";"JULES GUESDES  (RUE,A PARTIR 98, COTE IM";"48,8769500";"2,5492000"
"201900013429";"19";"3";"2019";"06:40";"1";"93";"93007";"2";"1";"1";"2";"""HENRI BARBUSSE (AVENUE """"DU 01 AU 80"""")";"48,9363500";"2,4579000"
"201900013430";"18";"3";"2019";"13:20";"1";"93";"93001";"2";"1";"1";"6";"REPUBLIQUE (AVE DE LA ) => NO 41/50";"48,9108000";"2,3850000"
"201900013431";"19";"3";"2019";"15:47";"1";"92";"92073";"2";"2";"1";"3";"PAIX (PLACE DE LA)";"48,8644000";"2,2049000"