"Num_Acc";"jour";"mois";"an";"hrmn";"lum";"dep";"com";"agg";"int";"atm";"col";"adr";"lat";"long"
"201900013432";"4";"2";"2019";"09:50";"1";"92";"92073";"2";"3";"1";"3";"SELLIER (BOULEVARD HENRI)";"48,8683258";"2,2229517"
"201900013433";"18";"3";"2019";"22:24";"5";"92";"92036";"2";"2";"1";"3";"GABRIEL PERI (AVENUE) (136/164)";"48,9219337";"2,2948348"
"201900013434";"18";"3";"2019";"17:55";"1";"92";"92036";"2";"4";"1";"6";"GABRIEL PERI (AVENUE) (147/177)";"48,9244803";"2,2945806"
"201900013435";"8";"2";"2019";"09:25";"1";"92";"92026";"2";"6";"1";"3";"EDITH CAVELL (DE 47 A FIN)";"48,9036700";"2,2677400"
"201900013436";"19";"3";"2019";"09:10";"5";"92";"92075";"2";"1";"1";"6";"RAYMOND MARCHERON (RUE)";"48,8182900";"2,2850800"
"201900013437";"24";"1";"2019";"21:15";"5";"92";"92025";"2";"2";"2";"3";"AUDRA (AV)";"48,9276670";"2,2537110"
"201900013438";"19";"3";"2019";"12:26";"1";"92";"92012";"2";"1";"1";"2";"THIERS (RUE) 2/82 BIS - COTE PAIR";"48,8357700";"2,2491100"
"201900013439";"19";"3";"2019";"11:40";"1";"92";"92009";"2";"1";"1";"4";"BOIS COLOMBES ( RUE DE )";"48,9072600";"2,2658400"
"201900013440";"20";"3";"2019";"17:40";"1";"52";"52206";"1";"3";"1";"3";"Rd 384";"48,5185480";"4,8094010"
"201900013441";"20";"3";"2019";"04:00";"5";"31";"31418";"2";"1";"1";"6";"rd66";"43,6296600";"1,5389930"
"201900013442";"18";"3";"2019";"15:30";"1";"26";"26339";"1";"1";"1";"3";"AUTOROUTE A7";"44,6132300";"4,7927700"
"201900013443";"7";"3";"2019";"07:58";"2";"1";"01398";"2";"2";"8";"3";"D904";"46,0007990";"4,8470620"
"201900013444";"16";"3";"2019";"18:05";"2";"1";"01347";"1";"6";"1";"3";"D933";"45,9552530";"4,7549460"
"201900013445";"19";"3";"2019";"12:10";"1";"6";"06137";"1";"1";"1";"7";"RD 4";"43,6559840";"6,8514460"
"201900013446";"16";"3";"2019";"15:09";"1";"6";"06033";"2";"1";"1";"3";"1027 Route de la ginestière";"43,7824440";"7,1812010"
"201900013447";"17";"3";"2019";"10:00";"1";"50";"50087";"1";"1";"4";"6";"RN 13 - PR 47.880 - SENS CHERBOURG / CAEN";"49,5649260";" -1,5697400"
"201900013448";"20";"3";"2019";"11:45";"1";"56";"56013";"2";"6";"1";"7";"Rue Général de Gaulle";"47,6757380";" -3,1681570"
"201900013449";"18";"3";"2019";"01:00";"3";"65";"65007";"1";"1";"2";"6";"RD935";"43,3155732";"0,0691175"
"201900013450";"19";"3";"2019";"18:00";"1";"33";"33289";"1";"1";"1";"3";"lieu dit douat - D 234";"44,6443500";"0,1039600"
"201900013451";"14";"3";"2019";"08:55";"1";"61";"61294";"2";"2";"1";"3";"grande rue";"48,6391530";"0,0800900"
"201900013452";"19";"3";"2019";"13:00";"1";"42";"42302";"2";"3";"1";"3";"avenue anthony barralon";"45,4856350";"4,4495170"
"201900013453";"20";"3";"2019";"07:45";"1";"29";"29160";"1";"1";"2";"1";"Kerstrat";"48,5014520";" -4,4432434"
"201900013454";"20";"3";"2019";"18:37";"1";"2";"02543";"1";"1";"1";"6";"départementale 4";"49,1652280";"3,2496220"
"201900013455";"19";"3";"2019";"23:00";"3";"2";"02601";"1";"1";"1";"1";"D 966";"49,3970190";"4,0399750"
"201900013456";"20";"3";"2019";"06:53";"2";"1";"01199";"1";"5";"1";"3";"D1084 - Les Brotteaux";"46,0581950";"5,3860820"
"201900013457";"11";"3";"2019";"17:30";"1";"72";"72320";"1";"1";"1";"5";"RD 338";"48,0582540";"0,1745800"
"201900013458";"20";"3";"2019";"17:50";"1";"14";"14578";"1";"1";"1";"3";"Chemin de la Mue";"49,3636385";"0,1957020"
"201900013459";"6";"3";"2019";"19:45";"3";"60";"60686";"1";"2";"1";"4";"D92";"49,2057811";"2,3886366"
"201900013460";"19";"3";"2019";"14:15";"1";"45";"45175";"2";"6";"1";"3";"intersection RD15-RD7";"47,7495150";"1,8122340"
"201900013461";"19";"3";"2019";"14:30";"1";"18";"18281";"1";"1";"1";"7";"D30, route de Foecy";"47,1884620";"2,1703850"
"201900013462";"19";"3";"2019";"20:35";"3";"18";"18049";"1";"1";"1";"1";"Lieu-dit les grenouilles";"47,1605660";"3,0087220"
"201900013463";"20";"3";"2019";"13:47";"1";"4";"04138";"1";"1";"1";"1";"RD 4100";"43,9381313";"5,8252591"
"201900013464";"20";"3";"2019";"11:43";"1";"973";"97307";"1";"3";"1";"5";"Route de Stoupan";"4,7845117";" -52,3484105"
"201900013465";"19";"3";"2019";"16:46";"1";"17";"17038";"1";"1";"1";"4";"RN 10";"45,1940890";" -0,3101500"
"201900013466";"19";"3";"2019";"07:30";"2";"86";"86174";"1";"1";"5";"1";"Entre Bretelle sortie A10 Chatellerault Sud et D910";"46,7750270";"0,5111230"
"201900013467";"19";"3";"2019";"12:15";"1";"971";"97103";"1";"1";"1";"2";"boulevard mahatma ghandi jarry  rn 10";"16,2491820";" -61,5903250"
"201900013468";"19";"3";"2019";"23:50";"3";"27";"27091";"1";"1";"1";"3";"autoroute  A 13 PK 129.800 vers Caen";"49,3637980";"0,8354090"
"201900013469";"20";"3";"2019";"15:00";"1";"988";"98809";"1";"3";"1";"5";"tribu de Youati - RM 3";" -22,6420000";"167,4933100"
"201900013470";"20";"3";"2019";"08:38";"1";"13";"13030";"1";"1";"1";"1";"N/A";"43,2663880";"5,7319290"
"201900013471";"19";"3";"2019";"20:00";"3";"68";"68028";"1";"1";"1";"1";"Route de Sélestat";"48,2078370";"7,3791120"
"201900013472";"20";"3";"2019";"03:00";"3";"55";"55351";"1";"1";"1";"6";"D981";"49,5221810";"5,3905240"
"201900013473";"20";"3";"2019";"13:05";"1";"74";"74220";"1";"1";"1";"6";"route d'annemasse";"46,1388810";"6,2703340"
"201900013474";"20";"3";"2019";"14:45";"1";"16";"16355";"1";"1";"1";"1";"Ldv La Fosse des Canes";"45,7586062";" -0,4379457"
"201900013475";"20";"3";"2019";"12:45";"1";"44";"44215";"2";"1";"1";"3";"Boulevard Auguste Priou";"47,1813700";" -1,5061800"
"201900013476";"19";"3";"2019";"12:05";"1";"62";"62318";"2";"1";"1";"2";"boulevard billet";"50,5173080";"1,6400020"
"201900013477";"18";"3";"2019";"16:30";"1";"13";"13071";"1";"1";"1";"2";"A51-Sens Aix en Provence vers Marseille";"43,4659400";"5,4068600"
"201900013478";"18";"3";"2019";"15:00";"1";"13";"13211";"1";"1";"1";"3";"Sens Marseille vers Aubagne";"43,2918900";"5,4802000"
"201900013479";"19";"3";"2019";"08:30";"1";"69";"69266";"1";"1";"1";"5";"RD383   3.750 A 7.640";"45,7837500";"4,8942700"
"201900013480";"19";"3";"2019";"22:10";"3";"33";"33318";"1";"1";"1";"3";"AUTOROUTE A 63";"44,7838900";" -0,6311700"
"201900013481";"19";"3";"2019";"13:45";"1";"33";"33550";"1";"1";"1";"4";"AUTOROUTE A 62";"44,7642800";" -0,5489100"
"201900013482";"19";"3";"2019";"09:20";"1";"78";"78466";"1";"1";"1";"2";"A13";"48,9346600";"1,9663500"
"201900013483";"19";"3";"2019";"08:55";"1";"78";"78043";"1";"1";"1";"6";"A12 W";"48,8409400";"2,0976630"
"201900013484";"19";"3";"2019";"07:10";"1";"78";"78646";"1";"1";"1";"2";"A13";"48,7899210";"2,1224580"
"201900013485";"19";"3";"2019";"03:04";"3";"78";"78402";"1";"1";"1";"4";"A13";"48,9639000";"1,7913000"
"201900013486";"17";"3";"2019";"09:10";"1";"95";"95018";"1";"1";"1";"6";"AUTOROUTE A15";"48,9566500";"2,2746000"
"201900013487";"18";"3";"2019";"10:40";"1";"95";"95212";"1";"1";"1";"6";"RN 104";"49,0326400";"2,5424600"
"201900013488";"18";"3";"2019";"09:10";"1";"93";"93039";"1";"1";"1";"2";"AUTOROUTE A86";"48,9268500";"2,3361400"
"201900013489";"18";"3";"2019";"08:12";"1";"95";"95018";"1";"1";"1";"6";"AUTOROUTE A15";"48,9567900";"2,2745400"
"201900013490";"19";"3";"2019";"17:15";"1";"94";"94028";"1";"1";"1";"2";"RN406.W";"48,7586710";"2,4818690"
"201900013491";"19";"3";"2019";"09:30";"1";"77";"77121";"1";"1";"1";"6";"A4";"48,8312676";"2,6849262"
"201900013492";"18";"3";"2019";"08:30";"1";"91";"91027";"2";"2";"1";"1";"VOIE VERTE (RUE DE LA)";"48,6996720";"2,3599090"
"201900013493";"11";"1";"2019";"22:15";"5";"87";"87050";"2";"1";"2";"6";"LIMOGES (AVENUE DE)";"45,8633200";"1,2380900"
"201900013494";"15";"3";"2019";"07:40";"1";"71";"71040";"1";"1";"1";"6";"RN 70 (ROUTE EXPRESS)";"46,7011000";"4,4122000"
"201900013495";"14";"3";"2019";"13:40";"1";"41";"41018";"2";"1";"1";"1";"BERGEVIN (RUE)";"47,5833400";"1,3433100"
"201900013496";"18";"1";"2019";"18:30";"5";"94";"94080";"2";"1";"1";"6";"PARIS (AV DE)";"48,8452900";"2,4308200"
"201900013497";"15";"3";"2019";"17:30";"1";"93";"93006";"1";"1";"1";"2";"AUTOROUTE A3";"48,8677700";"2,4278400"
"201900013498";"19";"3";"2019";"07:20";"1";"988";"98818";"2";"6";"1";"3";"GASPARD (RUE HENRI)/E. PENTECOST";" -22,2871200";"166,4550300"
"201900013499";"18";"3";"2019";"16:10";"1";"988";"98818";"1";"1";"1";"5";"VE1";" -22,2306300";"166,4575700"
"201900013500";"13";"3";"2019";"17:25";"1";"974";"97407";"2";"1";"1";"4";"MASCAREIGNES(BOULEVARD)";" -20,9388251";"55,3085834"
"201900013501";"17";"3";"2019";"19:00";"5";"972";"97213";"1";"1";"1";"5";"AUTOROUTE A1";"14,6149320";" -61,0131820"
"201900013502";"18";"3";"2019";"15:10";"1";"972";"97209";"1";"1";"1";"4";"SOLEIL LEVANT (BOULEVARD DU)";"14,6260500";" -61,0392300"
"201900013503";"17";"3";"2019";"21:00";"3";"972";"97209";"1";"1";"1";"2";"RN9";"14,6039300";" -61,0430500"
"201900013504";"15";"3";"2019";"15:06";"1";"69";"69034";"2";"1";"1";"3";"FORTS (DES)                         (MO)";"45,7944800";"4,8301700"
"201900013505";"18";"3";"2019";"08:20";"1";"69";"69389";"2";"1";"1";"2";"SIDOINE APPOLINAIRE                 (AV)";"45,7639600";"4,8033900"
"201900013506";"17";"3";"2019";"01:27";"5";"971";"97101";"2";"1";"1";"7";"MORNE LACROSSE";"16,2276756";" -61,5312135"
"201900013507";"18";"3";"2019";"10:55";"1";"91";"91201";"2";"9";"1";"2";"HENRI BARBUSSE(BOULEVARD)";"48,6790440";"2,4101790"
"201900013508";"17";"3";"2019";"19:11";"5";"91";"91021";"2";"1";"2";"6";"VOLTAIRE (BOULEVARD)";"48,5898900";"2,2525500"
"201900013509";"15";"3";"2019";"17:16";"1";"87";"87085";"2";"2";"2";"3";"BORIE (BOULEVARD DE LA)";"45,8350700";"1,2271800"
"201900013510";"16";"3";"2019";"12:14";"1";"87";"87085";"2";"1";"1";"6";"VARDELLE (RUE MARCEL)";"45,8415100";"1,2332700"
"201900013511";"18";"3";"2019";"00:40";"3";"30";"30011";"1";"1";"1";"6";"RD 6100";"43,9479087";"4,7762900"
"201900013512";"18";"3";"2019";"17:10";"1";"83";"83137";"2";"6";"1";"6";"BONAPARTE (ROND POINT DU GENERAL)";"43,1178200";"5,9365000"
"201900013513";"15";"3";"2019";"18:15";"2";"80";"80021";"2";"1";"6";"3";"67, R JULES BARNI";"49,8889900";"2,3112800"
"201900013514";"16";"3";"2019";"08:00";"1";"77";"77337";"2";"1";"1";"6";"D10P-PIERRE CARLE (BOULEVARD)";"48,8556800";"2,6226900"
"201900013515";"16";"3";"2019";"22:10";"3";"76";"76351";"2";"9";"1";"3";"GRAND HAMEAU (Avenue du )";"49,5230600";"0,1097500"
"201900013516";"18";"3";"2019";"16:50";"1";"74";"74012";"2";"1";"1";"3";"FAUCIGNY (RUE DU)";"46,1941900";"6,2400600"
"201900013517";"17";"3";"2019";"10:00";"1";"71";"71153";"2";"1";"1";"6";"MARECHAL LECLERC (RUE)";"46,8066400";"4,4279600"
"201900013518";"15";"3";"2019";"17:20";"1";"66";"66136";"2";"1";"1";"6";"BELFORT AVENUE DE";"42,6871500";"2,8814830"
"201900013519";"18";"3";"2019";"16:00";"1";"64";"64335";"2";"1";"1";"4";"SANTOS-DUMONT";"43,3218800";" -0,4217400"
"201900013520";"15";"3";"2019";"23:00";"5";"64";"64024";"2";"3";"1";"3";"MER (BOULEVARD DE LA)";"43,4935600";" -1,5455300"
"201900013521";"6";"3";"2019";"18:20";"3";"59";"59609";"1";"1";"3";"4";"SECLIN RUE DE";"50,5733200";"3,0698700"
"201900013522";"16";"3";"2019";"19:00";"1";"54";"54395";"2";"3";"1";"7";"FRIOT (RUE ET ROND POINT DU DOCTEUR)";"48,6930600";"6,1435800"
"201900013523";"18";"3";"2019";"18:25";"2";"45";"45302";"2";"9";"2";"5";"RUE NATIONALE 20";"47,9439400";"1,8925900"
"201900013524";"12";"3";"2019";"12:54";"1";"45";"45208";"2";"1";"1";"6";"PLACE DE LA REPUBLIQUE";"47,9957500";"2,7332600"
"201900013525";"2";"2";"2019";"18:30";"2";"42";"42218";"1";"1";"4";"2";"VIVIE PAUL DE";"45,4023900";"4,4044800"
"201900013526";"16";"3";"2019";"02:34";"5";"38";"38185";"2";"2";"1";"3";"COURS JEAN JAURÈS";"45,1858000";"5,7184100"
"201900013527";"16";"3";"2019";"14:30";"1";"36";"36202";"2";"1";"1";"6";"87 AVENUE D'OCCITANIE";"46,7826800";"1,6549200"
"201900013528";"15";"3";"2019";"10:55";"1";"36";"36202";"2";"6";"1";"6";"AVENUE D'OCCITANIE";"46,7888800";"1,6606900"
"201900013529";"18";"3";"2019";"14:45";"1";"35";"35238";"2";"1";"2";"6";"MARBAUDAIS (DE LA)";"48,1247700";" -1,6646100"
"201900013530";"17";"3";"2019";"23:05";"3";"35";"35051";"1";"1";"1";"7";"EST (ROCADE)";"48,1452400";" -1,6188800"
"201900013531";"14";"3";"2019";"20:40";"5";"33";"33039";"2";"3";"2";"4";"Ex A631 coté fleuve - aux feux tourne à gauche vers R.J.Pauly - sens Bègles vers Bordeaux  ";"44,8192900";" -0,5383700"
"201900013532";"18";"3";"2019";"18:08";"2";"32";"32013";"2";"7";"1";"7";"BARON (CHEMIN DE)";"43,6536100";"0,5771200"
"201900013533";"18";"3";"2019";"08:05";"1";"31";"31069";"2";"1";"1";"3";"VINCI (AV LEONARD DE)";"43,6399100";"1,3770700"
"201900013534";"17";"3";"2019";"16:00";"1";"31";"31555";"1";"1";"1";"2";"VA007331 A620";"43,6415200";"1,4216800"
"201900013535";"16";"3";"2019";"07:00";"2";"31";"31555";"2";"1";"1";"7";"140 RUE DU FAUBOURG BONNEFOY";"43,6242300";"1,4588200"
"201900013536";"16";"3";"2019";"06:20";"2";"31";"31555";"2";"1";"1";"2";"BD DE STRASBOURG";"43,6096600";"1,4443500"
"201900013537";"15";"3";"2019";"18:20";"1";"30";"30189";"2";"1";"1";"2";"DAYAN GEORGES (AVENUE)";"43,8219000";"4,3446000"
"201900013538";"18";"3";"2019";"20:10";"3";"29";"29232";"1";"1";"2";"7";"LE GUENNEC LOUIS BOULEVARD";"47,9801817";" -4,1076583"
"201900013539";"18";"3";"2019";"13:45";"1";"25";"25462";"2";"3";"1";"6";"CLEMENCEAU (GEORGES)";"46,9030800";"6,3513400"
"201900013540";"4";"2";"2019";"08:20";"1";"76";"76565";"2";"3";"1";"3";"VERTUS (CHEMIN DES)";"49,8950300";"1,0743300"
"201900013541";"5";"2";"2019";"11:23";"1";"74";"74012";"2";"3";"1";"2";"THONON (ROUTE DE)";"46,1933700";"6,2556470"
"201900013542";"1";"2";"2019";"07:10";"5";"74";"74133";"2";"1";"3";"3";"CHATELET (RUE DU)";"46,1902800";"6,2119300"
"201900013543";"5";"2";"2019";"09:11";"1";"74";"74010";"2";"1";"1";"3";"FINS (SECTEUR 420)";"45,9144200";"6,1224500"
"201900013544";"3";"2";"2019";"14:50";"1";"72";"72181";"2";"1";"1";"6";"WASHINGTON GEORGES (PL)";"47,9953400";"0,2030000"
"201900013545";"4";"2";"2019";"20:20";"3";"71";"71270";"2";"1";"1";"6";"HERRIOT (AVENUE EDOUARD)";"46,2959600";"4,8213500"
"201900013546";"3";"2";"2019";"13:00";"1";"67";"67267";"2";"2";"1";"5";"MOLKENBRONN (RUE DU)";"48,5642700";"7,6947800"
"201900013547";"1";"2";"2019";"20:37";"5";"67";"67482";"2";"3";"2";"6";"SCHOEPFLIN (QUAI)";"48,5865800";"7,7468800"
"201900013548";"4";"2";"2019";"20:24";"1";"66";"66136";"2";"1";"1";"2";"KENNEDY (BD JOHN-FITZGERALD)";"42,6870000";"2,9067000"
"201900013549";"4";"2";"2019";"15:09";"1";"66";"66136";"2";"1";"1";"3";"ALBERT MARCELLIN";"42,6888900";"2,8938030"
"201900013550";"4";"2";"2019";"11:30";"1";"66";"66136";"2";"1";"1";"6";"KENNEDY (BD JOHN-FITZGERALD)";"42,6901600";"2,9021100"
"201900013551";"2";"2";"2019";"12:15";"1";"66";"66136";"2";"1";"1";"6";"CASSANYES (PLACE JOSEPH)";"42,6970600";"2,9021800"
"201900013552";"2";"2";"2019";"02:05";"5";"65";"65440";"2";"1";"1";"6";"MASSEY (RUE)";"43,2359134";"0,0741406"
"201900013553";"4";"2";"2019";"19:20";"1";"64";"64101";"2";"1";"2";"7";"rue de l'estibette";"43,2042400";" -0,2589650"
"201900013554";"4";"2";"2019";"10:45";"1";"64";"64445";"2";"1";"7";"6";"JEAN REVEIL";"43,3015800";" -0,3670400"
"201900013555";"1";"2";"2019";"15:15";"1";"64";"64102";"2";"6";"8";"3";"AQUITAINE  (Rond Point d')";"43,4868438";" -1,4688621"
"201900013556";"4";"1";"2019";"19:10";"5";"62";"62464";"2";"1";"2";"3";"SALENGRO (R ROGER)";"50,4931700";"2,8092100"
"201900013557";"21";"1";"2019";"16:00";"1";"62";"62386";"2";"1";"1";"6";"GUESDE (R JULES)";"50,4484867";"2,7448694"
"201900013558";"5";"2";"2019";"07:45";"1";"59";"59599";"2";"1";"1";"3";"PAPIN (CHAUSSEE DENIS)";"50,7322000";"3,1423000"
"201900013559";"17";"1";"2019";"08:05";"5";"59";"59367";"2";"1";"2";"6";"CAVROIS (RUE)";"50,6697600";"3,2041700"
"201900013560";"7";"1";"2019";"14:40";"1";"59";"59350";"2";"1";"1";"4";"MITTERIE RUE DE LA";"50,6488500";"2,9961500"
"201900013561";"18";"1";"2019";"20:00";"5";"59";"59350";"2";"1";"2";"4";"D 651";"50,6375400";"3,0788900"
"201900013562";"4";"2";"2019";"10:30";"1";"59";"59234";"2";"1";"1";"6";"CENTRE COMMERCIAL CARREFOUR";"50,3994700";"3,0473500"
"201900013563";"1";"2";"2019";"20:00";"5";"58";"58194";"2";"6";"2";"3";"PIERRE DE COUBERTIN";"46,9929000";"3,1676000"
"201900013564";"4";"2";"2019";"13:45";"1";"56";"56121";"2";"1";"1";"6";"BERLIOZ (RUE  HECTOR )";"47,7626000";" -3,3761600"
"201900013565";"4";"2";"2019";"08:40";"2";"56";"56121";"2";"3";"2";"3";"LEPINE (RUE  PROFESSEUR )";"47,7450300";" -3,3900500"
"201900013566";"4";"2";"2019";"07:15";"5";"56";"56121";"1";"1";"3";"6";"MARQUET (RUE  MARY )";"47,7584800";" -3,3849200"
"201900013567";"3";"2";"2019";"16:10";"1";"56";"56083";"1";"6";"1";"2";"LOCOYARNE ( R-P DE )";"47,7911300";" -3,2765000"
"201900013568";"2";"2";"2019";"18:40";"5";"56";"56121";"2";"1";"2";"6";"Rue François le Brise";"47,7443400";" -3,3634400"
"201900013569";"1";"2";"2019";"20:25";"5";"56";"56098";"2";"1";"2";"3";"KESLER-DEVILLERS ( AV. )";"47,7680600";" -3,3428900"
"201900013570";"3";"2";"2019";"18:00";"2";"55";"55545";"1";"1";"1";"1";"ARGONNE ( ROUTE DE L' )";"49,1501600";"5,3485800"
"201900013571";"25";"4";"2019";"15:00";"1";"54";"54431";"2";"3";"1";"7";"SAINT-LAURENT (RUE)";"48,9039300";"6,0534800"
"201900013572";"5";"2";"2019";"15:45";"1";"51";"51454";"2";"7";"1";"2";"BOULEVARD POMMERY";"49,2445622";"4,0498956"
"201900013573";"2";"2";"2019";"11:27";"1";"51";"51108";"2";"1";"1";"7";"RUE PRIEUR DE LA MARNE";"48,9556925";"4,3653081"
"201900013574";"4";"2";"2019";"18:00";"2";"50";"50129";"2";"1";"1";"6";"LECLERC (RUE DU MARECHAL))";"49,6357000";" -1,6342880"
"201900013575";"3";"2";"2019";"15:20";"1";"50";"50129";"2";"3";"1";"2";"SCHMITT (AVENUE RENE)";"49,6334200";" -1,6487400"
"201900013576";"2";"2";"2019";"14:45";"1";"50";"50203";"2";"1";"1";"6";"DAURAT (IMPASSE DIDIER)";"49,6175800";" -1,6057000"
"201900013577";"3";"2";"2019";"19:30";"2";"49";"49007";"1";"1";"1";"4";"VOIE DES BERGES";"47,4706100";" -0,5613100"
"201900013578";"1";"2";"2019";"15:00";"1";"49";"49007";"1";"1";"1";"7";"RD 323";"47,4683200";" -0,5652600"
"201900013579";"4";"2";"2019";"19:15";"5";"45";"45234";"2";"6";"1";"3";"ROUTE D'OLIVET";"47,8815000";"1,9034300"
"201900013580";"4";"2";"2019";"16:55";"1";"45";"45147";"2";"1";"1";"5";"BD DE LAMBALLE";"47,9227600";"1,9194800"
"201900013581";"4";"2";"2019";"12:19";"1";"45";"45298";"2";"1";"8";"6";"RUE GASTON DEFFIE";"47,8925800";"1,8715400"
"201900013582";"4";"2";"2019";"08:20";"2";"44";"44109";"2";"1";"2";"3";"BOULEVARD DE LA BEAUJOIRE";"47,2594300";" -1,5109100"
"201900013583";"3";"2";"2019";"07:50";"3";"41";"41295";"2";"1";"1";"1";"D951";"47,6068200";"1,3773900"
"201900013584";"5";"2";"2019";"21:30";"5";"38";"38516";"2";"2";"1";"5";"GRANDE RUE";"45,2052000";"5,7385800"
"201900013585";"5";"2";"2019";"21:00";"5";"37";"37261";"2";"2";"2";"3";"MIRABEAU (PONT)";"47,3978300";"0,6994200"
"201900013586";"5";"2";"2019";"18:30";"2";"37";"37261";"2";"1";"2";"7";"CHAUTEMPS (AVENUE CAMILLE)";"47,3799600";"0,7266700"
"201900013587";"5";"2";"2019";"18:15";"3";"37";"37261";"2";"1";"2";"6";"ALOUETTE (AVENUE)";"47,3628900";"0,6966200"
"201900013588";"5";"2";"2019";"08:05";"2";"37";"37122";"2";"1";"2";"6";"CHINON (BOULEVARD DE)";"47,3551600";"0,6970700"
"201900013589";"5";"2";"2019";"09:15";"1";"37";"37261";"2";"2";"9";"6";"BELLANGER (RUE)";"47,3870000";"0,7050000"
"201900013590";"4";"2";"2019";"16:25";"1";"37";"37261";"2";"1";"2";"6";"CHAUTEMPS (AVENUE CAMILLE)";"47,3778900";"0,7272000"
"201900013591";"4";"2";"2019";"15:20";"1";"37";"37261";"2";"2";"2";"6";"LAPONNERAYE (RUE)";"47,3841800";"0,6891300"
"201900013592";"2";"2";"2019";"12:00";"1";"36";"36044";"2";"1";"1";"2";"40 AVENUE D'ARGENTON";"46,8063700";"1,6754700"
"201900013593";"5";"2";"2019";"02:00";"5";"35";"35238";"2";"7";"1";"6";"NITSCH (CARREFOUR GEORGES)";"48,1019200";" -1,6841200"
"201900013594";"4";"2";"2019";"12:15";"1";"34";"34172";"2";"1";"1";"6";"RAVAZ (AVENUE DU PROFESSEUR LOUIS";"43,6227670";"3,8449380"
"201900013595";"2";"2";"2019";"21:24";"3";"34";"34032";"1";"1";"8";"5";"ROUTE DEPARTEMENTALE 612";"43,3651940";"3,2322060"
"201900013596";"1";"2";"2019";"07:30";"2";"34";"34032";"2";"1";"2";"6";"FOUR A CHAUX (BD DU)";"43,3520300";"3,2118200"
"201900013597";"29";"1";"2019";"07:30";"2";"33";"33192";"2";"1";"1";"6";"AVE SAINT-GERY";"44,7796200";" -0,6086400"
"201900013598";"30";"1";"2019";"08:05";"1";"33";"33281";"2";"6";"1";"6";"AVE DE L'YSER";"44,8411800";" -0,6511300"
"201900013599";"4";"2";"2019";"18:20";"3";"31";"31555";"1";"1";"2";"4";"2 LA CRABE (A 624)";"43,6095000";"1,3708200"
"201900013600";"2";"2";"2019";"14:55";"1";"31";"31149";"2";"3";"2";"3";"BRUNAUD (AVENUE YVES)";"43,6152300";"1,3456800"
"201900013601";"3";"2";"2019";"11:20";"1";"31";"31555";"1";"1";"1";"3";"24 EMPALOT  (PERIPH OUEST A620)";"43,5728300";"1,4372400"
"201900013602";"1";"2";"2019";"20:00";"3";"31";"31555";"2";"1";"1";"3";"GRANDE BRETAGNE (AV DE) DU 39AU 306";"43,5985700";"1,4183200"
"201900013603";"4";"2";"2019";"17:20";"1";"28";"28085";"2";"1";"1";"6";"SOURS (RUE DE)";"48,4391000";"1,5143300"
"201900013604";"4";"2";"2019";"10:20";"1";"25";"25056";"2";"1";"1";"5";"GRAY ROUTE DE";"47,2441920";"5,9872910"
"201900013605";"5";"2";"2019";"07:35";"3";"24";"24322";"2";"1";"2";"7";"RUE PIERRE SEMARD";"45,1944100";"0,7044500"
"201900013606";"4";"2";"2019";"16:02";"1";"23";"23096";"2";"2";"8";"6";"CHARLES DE GAULLE (AVENUE)";"46,1697867";"1,8744016"
"201900013607";"2";"2";"2019";"10:15";"1";"18";"18205";"2";"1";"1";"6";"VERDINS (RUE DES)";"47,1062000";"2,3738900"
"201900013608";"5";"2";"2019";"13:20";"1";"17";"17300";"2";"2";"2";"6";"JOURDAN   RUE";"46,1642200";" -1,1604500"
"201900013609";"5";"2";"2019";"07:40";"5";"17";"17300";"2";"1";"5";"6";"REPUBLIQUE   BOULEVARD DE LA";"46,1383400";" -1,1533400"
"201900013610";"4";"2";"2019";"18:50";"5";"17";"17300";"2";"1";"2";"6";"JOFFRE   BOULEVARD (27-77 et 2-1)";"46,1587800";" -1,1418770"
"201900013611";"4";"2";"2019";"19:00";"5";"17";"17300";"2";"1";"2";"3";"QUATORZE JUILLET   AVENUE DU";"46,1533000";" -1,1296400"
"201900013612";"4";"2";"2019";"08:00";"2";"17";"17291";"2";"3";"1";"3";"JUSTICES  RUE DU MOULIN DES";"46,1702200";" -1,1210700"
"201900013613";"4";"2";"2019";"00:00";"3";"14";"14327";"2";"1";"1";"6";"PERIPHERIQUE (BOULEVARD)";"49,2013700";" -0,3498000"
"201900013614";"2";"2";"2019";"23:30";"3";"30";"30032";"2";"3";"9";"3";"SAINT GILLES ROUTE DE";"43,8009700";"4,6130100"
"201900013615";"5";"2";"2019";"20:44";"5";"13";"13207";"2";"1";"1";"6";"ENDOUME (RUE D')";"43,2861180";"5,3604490"
"201900013616";"5";"2";"2019";"18:10";"5";"13";"13208";"2";"9";"1";"3";"PRADO (AVENUE DU)";"43,2600000";"5,3800000"
"201900013617";"5";"2";"2019";"11:35";"1";"13";"13201";"2";"6";"1";"2";"SADI CARNOT (PLACE )";"43,2995300";"5,3715500"
"201900013618";"4";"2";"2019";"22:25";"5";"13";"13207";"2";"1";"1";"1";"Corniche John Fitzgérald Kennedy";"43,2765060";"5,3582210"
"201900013619";"4";"2";"2019";"19:30";"5";"13";"13203";"2";"3";"1";"6";"GUICHARD (RUE)";"43,3153830";"5,3760570"
"201900013620";"4";"2";"2019";"18:25";"5";"13";"13201";"2";"1";"1";"4";"DUGOMMIER (BOULEVARD)     1 A 29";"43,2982000";"5,3809400"
"201900013621";"4";"2";"2019";"15:30";"1";"13";"13214";"2";"1";"1";"1";"ROLAND DORGELES (BOULEVARD)";"43,3473650";"5,3782750"
"201900013622";"4";"2";"2019";"13:30";"1";"13";"13210";"2";"1";"1";"2";"ROMAIN ROLLAND (BOULEVARD)";"43,2749320";"5,4157250"