"Num_Acc";"jour";"mois";"an";"hrmn";"lum";"dep";"com";"agg";"int";"atm";"col";"adr";"lat";"long"
"201900013623";"4";"2";"2019";"14:15";"1";"13";"13205";"2";"6";"1";"3";"DOCTEUR LÉON IMBERT (PLACE)";"43,2943000";"5,3980900"
"201900013624";"4";"2";"2019";"12:50";"1";"13";"13209";"2";"1";"1";"2";"MICHELET (BOULEVARD)";"43,2587000";"5,3992000"
"201900013625";"4";"2";"2019";"11:30";"1";"13";"13212";"2";"1";"1";"3";"BOISERAIE (RUE)";"43,2952100";"5,4229100"
"201900013626";"4";"2";"2019";"16:05";"1";"13";"13001";"2";"3";"1";"3";"D'ORVES ESTIENNE (ALLEE D')";"43,5222100";"5,4208800"
"201900013627";"5";"2";"2019";"15:06";"1";"10";"10343";"2";"3";"7";"6";"GENTILLY (RUE)";"48,2739600";"4,0972300"
"201900013628";"4";"2";"2019";"07:48";"2";"10";"10387";"2";"1";"1";"6";"COMTES DE CHAMPAGNE (QUAI DES)";"48,3000958";"4,0764950"
"201900013629";"4";"2";"2019";"06:58";"5";"10";"10325";"2";"6";"1";"3";"EGALITE (RUE DE L')";"48,2688300";"4,0620800"
"201900013630";"4";"2";"2019";"18:14";"5";"6";"06088";"2";"1";"1";"6";"CESSOLE (BD DE) (A PARTIR DU 101-114)";"43,7221400";"7,2507630"
"201900013631";"4";"2";"2019";"15:25";"1";"6";"06069";"1";"1";"1";"3";"PEGOMAS (ROUTE DE)";"43,6256700";"6,9275700"
"201900013632";"3";"2";"2019";"18:40";"5";"6";"06027";"2";"1";"1";"3";"DONAT AVENUE DOCTEUR MAURICE";"43,6609900";"7,1453600"
"201900013633";"3";"2";"2019";"18:50";"3";"5";"05061";"2";"1";"1";"1";"MALCOMBE ( ROUTE DE )";"44,5573690";"6,0435050"
"201900013634";"1";"2";"2019";"14:00";"1";"5";"05061";"2";"3";"3";"3";"JEAN JAURES ( AVENUE )";"44,5559300";"6,0758200"
"201900013635";"1";"2";"2019";"10:30";"1";"5";"05061";"1";"1";"3";"7";"ROUTE DE RAMBAUD";"44,5593900";"6,1124500"
"201900013636";"5";"2";"2019";"16:20";"1";"1";"01344";"1";"1";"1";"2";"BRESSE (AVENUE DE)";"46,2080680";"5,2013540"
"201900013637";"4";"2";"2019";"19:25";"4";"75";"75120";"2";"1";"1";"6";"PORTE DE MONTREUIL";"48,8590330";"2,4141100"
"201900013638";"4";"2";"2019";"16:45";"1";"75";"75118";"2";"1";"1";"2";"PORTE DE CLIGNANCOURT";"48,9009350";"2,3385420"
"201900013639";"18";"1";"2019";"08:30";"1";"75";"75120";"2";"1";"1";"3";"BOULEVARD PERIPHERIQUE";"48,8527130";"2,4144640"
"201900013640";"5";"2";"2019";"18:40";"5";"75";"75116";"2";"1";"1";"3";"AVENUE KLEBER";"48,8707310";"2,2928400"
"201900013641";"5";"2";"2019";"09:02";"1";"75";"75106";"2";"3";"1";"6";"BOULEVARD DU MONTPARNASSE";"48,8415510";"2,3311690"
"201900013642";"3";"2";"2019";"14:57";"1";"75";"75107";"2";"2";"1";"6";"AVENUE DU MARECHAL GALLIENI";"48,8599500";"2,3130980"
"201900013643";"4";"2";"2019";"11:15";"1";"75";"75105";"2";"3";"1";"6";"BOULEVARD DE PORT ROYAL";"48,8392470";"2,3383550"
"201900013644";"4";"2";"2019";"20:15";"5";"75";"75119";"2";"5";"1";"6";"RUE DE L OURCQ";"48,8938020";"2,3733200"
"201900013645";"4";"2";"2019";"13:50";"1";"75";"75119";"2";"1";"8";"2";"AVENUE DE LA PORTE DE LA VILLETTE";"48,8990770";"2,3867410"
"201900013646";"5";"2";"2019";"02:15";"5";"75";"75118";"2";"7";"1";"3";"RUE DU MONT CENIS";"48,8960410";"2,3462820"
"201900013647";"4";"2";"2019";"17:20";"2";"75";"75118";"2";"3";"2";"6";"BOULEVARD BARBES";"48,8842300";"2,3494700"
"201900013648";"4";"2";"2019";"14:30";"1";"75";"75118";"2";"3";"1";"3";"BOULEVARD ORNANO";"48,8927100";"2,3487490"
"201900013649";"3";"2";"2019";"20:20";"3";"75";"75118";"2";"1";"1";"6";"AVENUE DE SAINT OUEN";"48,8894490";"2,3262420"
"201900013650";"4";"2";"2019";"13:30";"1";"75";"75117";"2";"1";"1";"6";"BOULEVARD DE DOUAUMONT";"48,8956660";"2,3071200"
"201900013651";"5";"2";"2019";"19:30";"5";"75";"75116";"2";"2";"1";"2";"ROUTE DE SURESNES";"48,8650370";"2,2344440"
"201900013652";"5";"2";"2019";"10:25";"1";"75";"75116";"2";"1";"1";"6";"RUE MESNIL";"48,8682560";"2,2844010"
"201900013653";"3";"2";"2019";"02:55";"5";"75";"75116";"2";"2";"1";"3";"ALLEE DE LONGCHAMP";"48,8634700";"2,2393860"
"201900013654";"5";"2";"2019";"20:00";"5";"75";"75115";"2";"1";"1";"2";"RUE DE LA CONVENTION";"48,8386280";"2,2933620"
"201900013655";"4";"2";"2019";"14:30";"1";"75";"75115";"2";"3";"1";"6";"RUE VIOLET";"48,8457170";"2,2913940"
"201900013656";"4";"2";"2019";"20:30";"5";"75";"75107";"2";"3";"1";"3";"BOULEVARD DES INVALIDES";"48,8562120";"2,3148280"
"201900013657";"5";"2";"2019";"09:40";"1";"75";"75112";"2";"1";"1";"7";"RUE VAN GOGH";"48,8440290";"2,3719520"
"201900013658";"5";"2";"2019";"10:05";"1";"75";"75112";"2";"1";"1";"3";"RUE DE CHARENTON";"48,8383970";"2,3898840"
"201900013659";"5";"2";"2019";"16:00";"1";"75";"75111";"2";"1";"1";"3";"BOULEVARD VOLTAIRE";"48,8513220";"2,3909920"
"201900013660";"5";"2";"2019";"10:45";"1";"75";"75111";"2";"1";"8";"3";"BOULEVARD VOLTAIRE";"48,8653630";"2,3674350"
"201900013661";"4";"2";"2019";"20:50";"5";"75";"75111";"2";"2";"1";"7";"RUE AMELOT";"48,8595430";"2,3681840"
"201900013662";"5";"2";"2019";"16:25";"1";"75";"75110";"2";"1";"1";"6";"BOULEVARD DE MAGENTA";"48,8788940";"2,3537380"
"201900013663";"4";"2";"2019";"14:15";"1";"75";"75110";"2";"3";"8";"6";"IMPASSE BOUTRON";"48,8774320";"2,3613550"
"201900013664";"4";"2";"2019";"17:45";"2";"75";"75108";"2";"2";"2";"6";"AVENUE MATIGNON";"48,8726040";"2,3147640"
"201900013665";"4";"2";"2019";"08:23";"2";"75";"75107";"2";"7";"1";"7";"ROND POINT DU BLEUET DE FRANCE";"48,8584320";"2,3133560"
"201900013666";"4";"2";"2019";"08:20";"2";"75";"75107";"2";"7";"1";"7";"ROND POINT DU BLEUET DE FRANCE";"48,8584320";"2,3133560"
"201900013667";"4";"2";"2019";"18:50";"5";"94";"94074";"2";"1";"1";"6";"HENRI BARBUSSE (AV)";"48,7700000";"2,4400000"
"201900013668";"5";"2";"2019";"16:50";"1";"94";"94046";"2";"1";"1";"6";"GENERAL LECLERC (AV DU)";"48,8100000";"2,4279700"
"201900013669";"4";"2";"2019";"08:30";"1";"94";"94021";"2";"1";"1";"2";"CITE (AV DE LA)";"48,7595400";"2,3655000"
"201900013670";"2";"2";"2019";"10:45";"1";"94";"94017";"2";"2";"2";"3";"JEAN JAURES (R)";"48,8157400";"2,5040200"
"201900013671";"4";"2";"2019";"17:10";"1";"94";"94071";"2";"3";"2";"6";"CLOS DE VILLE (R DU)";"48,7662400";"2,5208300"
"201900013672";"4";"2";"2019";"07:00";"3";"93";"93073";"2";"1";"1";"6";"VAILLANT (BOULEVARD CHARLES)";"48,9479600";"2,5893300"
"201900013673";"4";"2";"2019";"19:10";"5";"93";"93045";"2";"2";"1";"1";"JUIN AVENUE DU MARECHAL";"48,8804920";"2,4218600"
"201900013674";"5";"2";"2019";"07:30";"5";"93";"93031";"2";"3";"1";"3";"REPUBLIQUE (AVENUE)";"48,9480620";"2,3387380"
"201900013675";"4";"2";"2019";"08:40";"1";"93";"93057";"2";"3";"1";"4";"CALMANOVIC (AL. LOUIS)";"48,9092900";"2,5032800"
"201900013676";"5";"2";"2019";"09:03";"1";"92";"92073";"2";"9";"1";"3";"FUSILLES DE LA RESISTANCE 1940-1945 (ROU";"48,8790490";"2,2178810"
"201900013677";"4";"2";"2019";"14:00";"1";"92";"92062";"2";"1";"2";"2";"JEAN MOULIN (AVENUE)";"48,8890000";"2,2412100"
"201900013678";"3";"2";"2019";"17:30";"1";"92";"92024";"2";"1";"1";"2";"VICTOR HUGO (BD)";"48,8994031";"2,3136479"
"201900013679";"1";"2";"2019";"20:20";"5";"92";"92024";"2";"2";"3";"3";"CLICHY (QUAI DE) DE (8 A 60)";"48,9082817";"2,2998753"
"201900013680";"4";"2";"2019";"07:25";"5";"92";"92012";"2";"3";"1";"3";"BELLEVUE (RUE DE) 1/71BIS - 2/72";"48,8411000";"2,2302900"
"201900013681";"6";"2";"2019";"07:15";"2";"69";"69280";"2";"1";"5";"1";"ROUTE DE PUSIGNAN";"45,8000600";"5,0844900"
"201900013682";"4";"2";"2019";"17:10";"1";"11";"11203";"2";"1";"1";"2";"AVENUE LEO LAGRANGE";"43,1903590";"2,7547220"
"201900013683";"1";"2";"2019";"15:10";"1";"22";"22180";"1";"1";"1";"7";"RN 176";"48,4273526";" -2,2257749"
"201900013684";"5";"2";"2019";"21:00";"5";"971";"97109";"2";"1";"1";"6";"RN 1";"16,0054060";" -61,6797270"
"201900013685";"4";"2";"2019";"18:30";"3";"62";"62221";"1";"1";"9";"2";"D77";"50,3826000";"2,4658548"
"201900013686";"5";"2";"2019";"23:50";"5";"29";"29189";"2";"6";"2";"6";"Rue du dispensaire";"48,3755010";" -4,3677630"
"201900013687";"5";"2";"2019";"19:35";"3";"57";"57089";"1";"1";"1";"6";"Route Départementale 962";"49,0601166";"7,4344182"
"201900013688";"6";"2";"2019";"15:30";"1";"59";"59331";"1";"1";"1";"3";"Route de Guise";"50,1102890";"3,6927830"
"201900013689";"1";"2";"2019";"14:38";"1";"79";"79172";"1";"1";"1";"6";"N/A";"46,5608340";" -0,3037600"
"201900013690";"5";"2";"2019";"19:05";"5";"80";"80096";"2";"1";"1";"1";"rue de bas";"50,0782260";"1,5054580"
"201900013691";"5";"2";"2019";"10:00";"1";"80";"80373";"2";"1";"1";"1";"69 rue charles de gaulle";"49,9856330";"1,5574200"
"201900013692";"1";"2";"2019";"19:00";"3";"63";"63233";"1";"1";"1";"3";"Départementale 2144";"46,1888640";"2,7935210"
"201900013693";"30";"1";"2019";"12:15";"1";"49";"49125";"2";"2";"1";"3";"route de montreuil - DOUE LA FONTAINE";"47,1898290";" -0,2686260"
"201900013694";"5";"2";"2019";"12:15";"1";"42";"42052";"1";"1";"1";"1";"RD 487";"46,1713030";"4,1918470"
"201900013695";"5";"2";"2019";"08:10";"2";"34";"34074";"1";"1";"1";"6";"RD14 PK46+600";"43,4489910";"3,0506290"
"201900013696";"6";"2";"2019";"11:55";"1";"68";"68374";"1";"1";"1";"1";"Rte départementale D417";"48,0645070";"7,2449440"
"201900013697";"5";"2";"2019";"08:25";"2";"44";"44102";"1";"1";"2";"1";"la jaunaie";"47,0657641";" -1,4716772"
"201900013698";"3";"2";"2019";"15:35";"1";"35";"35327";"1";"1";"1";"2";"RN 157 PK 31+980";"48,1020680";" -1,4482530"
"201900013699";"4";"2";"2019";"08:10";"5";"29";"29196";"2";"7";"2";"6";"rue Paotr Térouré";"48,5269940";" -4,6121350"
"201900013700";"5";"2";"2019";"12:40";"1";"29";"29075";"2";"9";"1";"6";"85 rue Anne de Bretagne";"48,4362700";" -4,4061600"
"201900013701";"4";"2";"2019";"19:15";"1";"38";"38130";"2";"9";"1";"2";"CAMILLE JOUFFRAY(PLACE)";"45,3531770";"5,2648410"
"201900013702";"5";"2";"2019";"16:25";"1";"38";"38126";"2";"1";"1";"6";"avenue du cèdre";"45,2085580";"5,7544690"
"201900013703";"5";"2";"2019";"15:40";"1";"2";"02238";"1";"1";"7";"1";"D1044";"49,5966320";"3,5274220"
"201900013704";"6";"2";"2019";"07:00";"2";"70";"70117";"1";"1";"9";"7";"RN 19 rue de belfort";"47,6468800";"6,7745580"
"201900013705";"5";"2";"2019";"23:15";"3";"58";"58195";"1";"1";"1";"6";"ROUTE DÉPARTEMENTALE 30";"46,7533340";"3,7228120"
"201900013706";"5";"2";"2019";"10:00";"1";"54";"54069";"1";"1";"1";"2";"D906 entre pk35 et pk36";"49,3887910";"5,9183960"
"201900013707";"12";"1";"2019";"08:15";"1";"54";"54069";"1";"1";"8";"6";"RD 906";"49,3886440";"5,9179610"
"201900013708";"4";"2";"2019";"07:45";"1";"6";"06059";"2";"1";"1";"7";"861 Boulevard Maréchal Leclerc";"43,7333610";"7,3546680"
"201900013709";"6";"2";"2019";"10:30";"1";"5";"05179";"2";"9";"1";"6";"route de Gap";"44,5360810";"5,8312230"
"201900013710";"6";"2";"2019";"17:00";"1";"60";"60423";"1";"1";"1";"6";"D66";"49,4973150";"2,9115490"
"201900013711";"15";"10";"2019";"18:20";"1";"91";"91114";"2";"1";"8";"6";"GRANDE RUE";"48,6980000";"2,5035000"
"201900013712";"12";"10";"2019";"05:30";"3";"89";"89236";"1";"1";"1";"1";"D 606";"48,1783100";"3,2982700"
"201900013713";"15";"10";"2019";"13:19";"1";"87";"87050";"1";"1";"2";"6";"LIMOGES (AVENUE DE)";"45,8587900";"1,2422400"
"201900013714";"15";"10";"2019";"13:35";"1";"80";"80021";"2";"1";"1";"6";"VERRIER LEBEL (RUE)";"49,9019400";"2,2742800"
"201900013715";"15";"10";"2019";"18:00";"1";"80";"80021";"1";"1";"1";"6";"ROCADE NORD EST RN 25";"49,9274300";"2,3048700"
"201900013716";"15";"10";"2019";"18:10";"1";"79";"79081";"2";"1";"2";"2";"72 rues des Combes";"46,3559800";" -0,3805600"
"201900013717";"14";"10";"2019";"09:00";"5";"78";"78126";"1";"1";"1";"1";"CD 14";"48,8467530";"2,1354860"
"201900013718";"10";"10";"2019";"08:30";"1";"77";"77251";"2";"6";"2";"6";"PARIS (RUE DE)";"48,6272600";"2,5573200"
"201900013719";"16";"10";"2019";"05:23";"5";"76";"76681";"1";"1";"2";"2";"INDUSTRIEL. BOULEVARD (CD 18E)";"49,4203100";"1,1070400"
"201900013720";"16";"10";"2019";"14:50";"1";"74";"74012";"2";"1";"1";"3";"ILE DE FRANCE (RUE DE L')";"46,1904100";"6,2482100"
"201900013721";"16";"10";"2019";"14:39";"1";"74";"74010";"2";"1";"1";"6";"FIER (BOULEVARD DU))";"45,9180440";"6,1173610"
"201900013722";"16";"10";"2019";"07:00";"4";"69";"69256";"2";"1";"1";"3";"MARIUS GROSSO                       (R )";"45,7635900";"4,9339600"
"201900013723";"14";"10";"2019";"20:50";"5";"69";"69290";"2";"1";"1";"3";"JULES FERRY                         (R )";"45,6957800";"4,9475000"
"201900013724";"15";"10";"2019";"19:20";"5";"67";"67204";"2";"3";"3";"3";"REPUBLIQUE (RUE DE LA)";"48,6266680";"7,7538960"
"201900013725";"15";"10";"2019";"22:00";"5";"67";"67482";"2";"1";"1";"6";"ANCIENNE GARE (RUE DE L )";"48,5876110";"7,7405250"
"201900013726";"15";"10";"2019";"20:45";"5";"67";"67482";"2";"1";"3";"6";"ETOILE (PLACE DE L )";"48,5720200";"7,7502700"
"201900013727";"15";"10";"2019";"19:00";"5";"67";"67482";"2";"3";"3";"6";"SCHIRMECK (ROUTE DE)";"48,5672300";"7,7087500"
"201900013728";"15";"10";"2019";"18:35";"2";"67";"67482";"2";"1";"2";"3";"ROMAINS (ROUTE DES)";"48,5788830";"7,7114800"
"201900013729";"15";"10";"2019";"19:15";"1";"66";"66136";"2";"1";"1";"6";"N/A";"42,6867147";"2,9074080"
"201900013730";"15";"10";"2019";"16:30";"1";"66";"66136";"2";"1";"1";"6";"ALDUY (Paul)";"42,6847100";"2,9018400"
"201900013731";"16";"10";"2019";"17:45";"1";"64";"64024";"2";"9";"1";"3";"ADOUR (AVENUE DE L')";"43,5041700";" -1,4951300"
"201900013732";"16";"10";"2019";"13:00";"1";"64";"64102";"2";"9";"1";"3";"HENRI DE NAVARRE (AVENUE)";"43,5085000";" -1,4442000"
"201900013733";"15";"10";"2019";"18:07";"1";"63";"63113";"2";"1";"1";"2";"PAULINES (AVENUE DES)";"45,7763200";"3,0980800"
"201900013734";"27";"8";"2019";"14:30";"1";"62";"62249";"2";"1";"1";"7";"PRESSENCE (R FRANCIS DE)";"50,4166130";"3,0177750"
"201900013735";"15";"10";"2019";"15:50";"1";"62";"62178";"2";"6";"1";"3";"LAMENDIN ( ARTHUR )";"50,4825350";"2,5422030"
"201900013736";"9";"9";"2019";"12:40";"1";"58";"58194";"2";"1";"1";"6";"BERNARD PALISSY";"46,9849000";"3,1764000"
"201900013737";"16";"10";"2019";"16:05";"1";"56";"56260";"2";"1";"2";"6";"SAINT-SYMPHORIEN(AVENUE)";"47,6616800";" -2,7549400"
"201900013738";"15";"10";"2019";"21:00";"5";"54";"54578";"2";"2";"2";"3";"AIGUILLETTES  (BD 5 A 73-2 A 94)";"48,6703410";"6,1585140"
"201900013739";"15";"10";"2019";"14:28";"1";"52";"52121";"2";"1";"1";"2";"BAROTTE (BOULEVARD)";"48,1150200";"5,1413600"
"201900013740";"16";"10";"2019";"20:30";"5";"51";"51454";"2";"2";"2";"2";"BOULEVARD DU GENERAL LECLERC";"49,2573198";"4,0257922"
"201900013741";"15";"10";"2019";"11:35";"1";"49";"49007";"2";"1";"2";"3";"BIRGE BOULEVARD";"47,4708998";" -0,5191483"
"201900013742";"15";"10";"2019";"07:43";"2";"49";"49246";"2";"1";"8";"7";"A87N";"47,4356800";" -0,5086500"
"201900013743";"16";"10";"2019";"17:10";"1";"45";"45286";"2";"3";"2";"3";"R DU BALLON - R DU CLOS DE CHAMPEAU";"47,8904017";"1,9151130"
"201900013744";"15";"10";"2019";"11:55";"1";"45";"45302";"1";"1";"2";"3";"ROUTE D'ORMES";"47,9619633";"1,8852711"
"201900013745";"16";"10";"2019";"18:40";"1";"44";"44143";"2";"6";"8";"3";"RUES CAMILLE CLAUDEL / LA GALARNIERE";"47,1691500";" -1,5512400"
"201900013746";"16";"10";"2019";"13:35";"1";"44";"44162";"2";"1";"2";"6";"BOULEVARD SALVADOR ALLENDE";"47,2177300";" -1,6137100"
"201900013747";"16";"10";"2019";"08:10";"1";"42";"42183";"2";"1";"1";"6";"ROMEAS (RUE JEAN)";"45,4062600";"4,3688000"
"201900013748";"16";"10";"2019";"08:25";"1";"38";"38563";"2";"6";"1";"2";"DENFERT ROCHEREAU (BOULEVARD)/KOFLER (BOULEVARD E.)";"45,3613300";"5,5986500"
"201900013749";"15";"10";"2019";"17:10";"1";"37";"37261";"2";"1";"1";"3";"DASSAULT (AVENUE MARCEL)";"47,3803022";"0,6656709"
"201900013750";"16";"10";"2019";"16:10";"1";"35";"35238";"2";"9";"3";"3";"FREVILLE (AVENUE HENRI)";"48,0836600";" -1,6744800"
"201900013751";"16";"10";"2019";"13:00";"1";"35";"35051";"2";"6";"2";"6";"DEZERSEUL (BOULEVARD DE)";"48,1188859";" -1,5990546"
"201900013752";"16";"10";"2019";"17:25";"1";"34";"34172";"2";"6";"1";"3";"MONDIAL 98 (AVENUE DU)";"43,6041900";"3,9125200"
"201900013753";"14";"10";"2019";"10:30";"1";"34";"34336";"2";"9";"1";"7";"MEDITERRANEE (ROND POINT DE LA)";"43,3214600";"3,2922000"
"201900013754";"15";"10";"2019";"20:15";"5";"33";"33162";"2";"2";"2";"3";"RUE DE LA POMPE AU BRETEIL";"44,8853600";" -0,6410100"
"201900013755";"14";"10";"2019";"15:45";"1";"31";"31555";"2";"1";"2";"6";"RUE LOUIS PLANA";"43,6194400";"1,4692400"
"201900013756";"16";"10";"2019";"17:20";"1";"14";"14118";"2";"2";"2";"3";"GRINGOIRE (RUE PIERRE)";"49,1726900";" -0,3408800"
"201900013757";"16";"10";"2019";"09:00";"1";"14";"14118";"2";"1";"2";"7";"RN 814";"49,1949000";" -0,3351600"
"201900013758";"16";"10";"2019";"02:25";"5";"14";"14341";"2";"1";"1";"7";"ROCQUANCOURT (RUE DE)";"49,1869000";" -0,3792300"
"201900013759";"16";"10";"2019";"18:10";"2";"13";"13215";"2";"1";"1";"6";"SAINT LOUIS (AVENUE DE)";"43,3496300";"5,3587000"
"201900013760";"15";"10";"2019";"05:00";"3";"13";"13004";"1";"1";"6";"7";"RTE N570 AVIGNON STES MARIES";"43,6899300";"4,6439400"
"201900013761";"14";"10";"2019";"20:25";"3";"11";"11262";"1";"1";"3";"6";"RD 6009 NARBONNE - BEZIERS";"43,1807300";"2,9674100"
"201900013762";"16";"10";"2019";"08:30";"1";"7";"07281";"2";"1";"8";"6";"MALET (RUE FERNINAND)";"44,9436200";"4,8411900"
"201900013763";"15";"10";"2019";"17:25";"1";"5";"05061";"2";"1";"1";"2";"JEAN JAURES ( AVENUE )";"44,5504600";"6,0692800"
"201900013764";"16";"10";"2019";"18:30";"2";"75";"75119";"2";"1";"1";"4";"BD PERIPHERIQUE INTERIEUR";"48,8891316";"2,3963191"
"201900013765";"16";"10";"2019";"18:30";"2";"75";"75112";"2";"1";"2";"4";"BD PERIPHERIQUE INTERIEUR";"48,8281780";"2,3961360"
"201900013766";"16";"10";"2019";"08:00";"1";"75";"75112";"2";"4";"2";"4";"BD PERIPHERIQUE INTERIEUR";"48,8359939";"2,4120216"
"201900013767";"15";"10";"2019";"17:00";"1";"75";"75119";"2";"1";"1";"2";"BD PERIPHERIQUE INTERIEUR";"48,8820440";"2,4014770"
"201900013768";"15";"10";"2019";"10:30";"1";"75";"75112";"2";"4";"1";"2";"ECHANGEUR BERCY";"48,8277160";"2,3945246"
"201900013769";"16";"10";"2019";"07:20";"2";"75";"75114";"2";"4";"1";"6";"AVENUE DU MAINE";"48,8350120";"2,3239377"
"201900013770";"16";"10";"2019";"14:30";"1";"75";"75119";"2";"3";"2";"6";"RUE DE NANTES";"48,8930291";"2,3800882"
"201900013771";"16";"10";"2019";"17:30";"1";"75";"75117";"2";"3";"2";"3";"AVENUE DE SAINT OUEN";"48,8958690";"2,3284400"
"201900013772";"16";"10";"2019";"15:15";"1";"75";"75110";"2";"1";"2";"6";"BOULEVARD DE LA CHAPELLE";"48,8836710";"2,3503830"
"201900013773";"16";"10";"2019";"13:20";"1";"75";"75108";"2";"2";"2";"7";"PONT DES INVALIDES";"48,8642675";"2,3103668"
"201900013774";"16";"10";"2019";"10:30";"1";"75";"75101";"2";"2";"2";"6";"RUE SAINTE ANNE";"48,8662392";"2,3355013"
"201900013775";"16";"10";"2019";"12:20";"1";"94";"94065";"1";"1";"2";"4";"RN 186";"48,7534200";"2,3572600"
"201900013776";"15";"10";"2019";"17:20";"1";"94";"94022";"2";"1";"1";"6";"ALLIES (BD DES)";"48,7659000";"2,4047000"
"201900013777";"16";"10";"2019";"18:15";"2";"94";"94017";"2";"2";"2";"3";"PAUL VENZAC (AV)";"48,8100000";"2,5572800"
"201900013778";"15";"10";"2019";"19:30";"5";"93";"93078";"2";"1";"1";"3";"BALLANGER (BD ROBERT)";"48,9589000";"2,5493000"
"201900013779";"16";"10";"2019";"04:30";"5";"93";"93066";"2";"3";"2";"3";"SEMAT ROGER";"48,9470700";"2,3574000"
"201900013780";"15";"10";"2019";"15:05";"1";"93";"93066";"2";"1";"1";"3";"WILSON (AVENUE DU PRESIDENT)";"48,9069727";"2,3579457"
"201900013781";"15";"10";"2019";"19:40";"5";"93";"93062";"2";"4";"1";"3";"EST (BOULEVARD DE L')";"48,8987300";"2,5267400"
"201900013782";"16";"10";"2019";"15:35";"1";"93";"93051";"2";"3";"2";"6";"JULES FERRY (NR PAIRS )";"48,8462900";"2,5736000"
"201900013783";"16";"10";"2019";"19:00";"5";"93";"93031";"2";"1";"2";"6";"DIX HUIT JUIN 1940 (AVENUE DU)";"48,9525800";"2,3073200"
"201900013784";"16";"10";"2019";"17:30";"1";"93";"93079";"2";"1";"2";"1";"JEAN JAURES (AV)";"48,9640600";"2,3484600"
"201900013785";"16";"10";"2019";"08:35";"1";"93";"93007";"2";"1";"2";"3";"ALBERT EINSTEIN (AVENUE)";"48,9480100";"2,4671300"
"201900013786";"16";"10";"2019";"21:00";"5";"92";"92073";"2";"1";"2";"1";"BERNARD (AVENUE DU PROFESSEUR LEON)";"48,8705500";"2,2178800"
"201900013787";"16";"10";"2019";"18:20";"5";"92";"92040";"2";"1";"2";"6";"GALLIENI (BOULEVARD)";"48,8269090";"2,2676480"
"201900013788";"15";"10";"2019";"17:10";"1";"92";"92035";"2";"5";"8";"6";"National ( boulevard )";"48,9067208";"2,2388298"
"201900013789";"16";"10";"2019";"11:15";"1";"92";"92026";"2";"1";"1";"2";"BOULEVARD CIRCULAIRE";"48,8900000";"2,2500000"
"201900013790";"16";"10";"2019";"18:40";"2";"92";"92012";"2";"2";"2";"6";"GAMBETTA (RUE)";"48,8445000";"2,2405600"
"201900013791";"15";"10";"2019";"23:50";"5";"92";"92012";"2";"1";"1";"3";"PIERRE GRENIER (AVENUE)";"48,8309450";"2,2522620"
"201900013792";"13";"10";"2019";"08:15";"1";"27";"27193";"1";"1";"1";"6";"D68";"48,8666560";"1,3814860"
"201900013793";"20";"9";"2019";"21:30";"3";"79";"79063";"1";"1";"1";"6";"Le Marchais Maupetit (Cersay)";"47,0599520";" -0,3691160"
"201900013794";"16";"10";"2019";"16:00";"1";"33";"33437";"1";"2";"1";"3";"D936 / Chemin de Pillebois";"44,8547870";" -0,0733000"
"201900013795";"17";"10";"2019";"03:20";"3";"61";"61507";"1";"1";"5";"1";"N 12";"48,5547310";"0,5944770"
"201900013796";"15";"10";"2019";"10:15";"1";"22";"22091";"1";"3";"3";"1";"Kerbellec";"48,6238810";" -3,1913530"
"201900013797";"16";"10";"2019";"11:20";"1";"15";"15056";"1";"1";"1";"6";"D59";"44,9616250";"2,3585590"
"201900013798";"16";"10";"2019";"11:20";"1";"8";"08503";"1";"1";"3";"6";"D951";"49,6730080";"4,6554150"
"201900013799";"16";"10";"2019";"22:50";"3";"974";"97415";"1";"1";"1";"2";"N1a";" -21,0330870";"55,2505970"
"201900013800";"16";"10";"2019";"15:30";"1";"971";"97115";"2";"1";"1";"6";"Route de Brefort";"16,2658260";" -61,6415280"
"201900013801";"16";"10";"2019";"23:00";"3";"8";"08488";"1";"1";"3";"6";"A34";"49,7291770";"4,8114660"
"201900013802";"15";"10";"2019";"18:08";"2";"38";"38188";"1";"4";"2";"3";"51 Chemin de l'Abreuvoir";"45,1438650";"5,8032310"
"201900013803";"12";"10";"2019";"19:05";"3";"13";"13005";"1";"1";"1";"2";"A50-Sens Aubagne vers Marseille";"43,2831100";"5,5768000"
"201900013804";"15";"10";"2019";"16:00";"1";"83";"83112";"1";"1";"1";"2";"A50";"43,1970500";"5,7065700"
"201900013805";"13";"10";"2019";"20:00";"5";"42";"42218";"1";"1";"1";"7";"A72";"45,4638700";"4,3823400"
"201900013806";"15";"10";"2019";"20:20";"3";"67";"67447";"1";"1";"2";"5";"Autoroute A.4";"48,6111166";"7,7269656"
"201900013807";"16";"10";"2019";"17:15";"1";"33";"33013";"1";"1";"1";"2";"RN230 - éch24 - véhicule B arrêté au feu rouge de régulation";"44,8442000";" -0,5014100"
"201900013808";"16";"10";"2019";"17:20";"1";"91";"91363";"1";"1";"2";"5";"RN 104";"48,6534000";"2,1789000"
"201900013809";"16";"10";"2019";"11:00";"1";"94";"94021";"1";"1";"2";"2";"AUTOROUTE A6A";"48,7683500";"2,3446500"
"201900013810";"16";"10";"2019";"09:06";"1";"91";"91064";"1";"1";"2";"7";"RD 444";"48,7469700";"2,2193400"
"201900013811";"16";"10";"2019";"08:10";"1";"91";"91471";"1";"1";"2";"3";"RN 118";"48,6905300";"2,1918500"
"201900013812";"16";"10";"2019";"02:23";"5";"92";"92012";"1";"1";"2";"6";"A13";"48,8485308";"2,2278019"