"Num_Acc";"jour";"mois";"an";"hrmn";"lum";"dep";"com";"agg";"int";"atm";"col";"adr";"lat";"long"
"201900013813";"16";"10";"2019";"16:45";"1";"93";"93048";"1";"1";"2";"3";"AUTOROUTE A3";"48,8705200";"2,4313200"
"201900013814";"16";"10";"2019";"09:50";"1";"95";"95572";"1";"1";"2";"6";"AUTOROUTE A15";"49,0320100";"2,1068900"
"201900013815";"15";"10";"2019";"22:30";"3";"60";"60631";"1";"1";"1";"3";"AUTOROUTE A1";"49,1640400";"2,5983100"
"201900013816";"15";"10";"2019";"19:40";"3";"93";"93005";"1";"1";"1";"2";"AUTOROUTE A3";"48,9589200";"2,4733800"
"201900013817";"15";"10";"2019";"13:13";"1";"95";"95127";"1";"1";"1";"3";"AUTOROUTE A15";"49,0465100";"2,0733800"
"201900013818";"9";"10";"2019";"20:30";"3";"95";"95527";"1";"1";"1";"6";"AUTOROUTE A1";"49,0103500";"2,5288200"
"201900013819";"16";"10";"2019";"09:00";"1";"94";"94033";"1";"1";"1";"4";"A86.EXT";"48,8608820";"2,4842772"
"201900013820";"16";"10";"2019";"07:00";"5";"94";"94065";"1";"1";"2";"4";"A86 INT";"48,7535000";"2,3636000"
"201900013821";"14";"10";"2019";"09:10";"1";"69";"69259";"2";"2";"1";"3";"FRANCIS DE PRESSENSE                (AV)";"45,7273900";"4,8620400"
"201900013822";"14";"10";"2019";"06:50";"1";"972";"97209";"2";"1";"2";"7";"BALATA (ROUTE DE)";"14,6207500";" -61,0699600"
"201900013823";"13";"10";"2019";"16:30";"1";"77";"77186";"1";"2";"1";"3";"RD148 carrefour DIANE à SORQUES";"48,3766000";"2,7396000"
"201900013824";"20";"9";"2019";"08:05";"1";"73";"73029";"2";"3";"1";"2";"D1006  CHALLES (ROUTE DE)";"45,5700561";"5,9467213"
"201900013825";"6";"9";"2019";"08:05";"1";"73";"73065";"2";"1";"1";"2";"DESFRANCOIS (AVENUE DU DOCTEUR)";"45,5687457";"5,9286014"
"201900013826";"14";"10";"2019";"20:30";"5";"63";"63113";"2";"4";"8";"3";"LAFAYETTE (BD)";"45,7721059";"3,0985299"
"201900013827";"12";"10";"2019";"18:56";"1";"63";"63308";"2";"9";"1";"3";"BREUIL (CHEMIN DU)";"45,7654800";"3,0422300"
"201900013828";"11";"10";"2019";"11:04";"1";"63";"63113";"2";"1";"1";"6";"JACOBINS (RUE DES)";"45,7813261";"3,0938159"
"201900013829";"10";"10";"2019";"12:55";"1";"63";"63113";"2";"1";"1";"3";"DUMAS (BD J.BAPTISTE)";"45,7839600";"3,0940500"
"201900013830";"10";"10";"2019";"08:54";"1";"63";"63113";"2";"1";"1";"6";"CRISTAL (AVENUE ERNEST)";"45,7586200";"3,1453900"
"201900013831";"9";"10";"2019";"10:50";"1";"63";"63113";"2";"1";"1";"6";"DUMAS (BD J.BAPTISTE)";"45,7863700";"3,0917800"
"201900013832";"19";"9";"2019";"17:30";"1";"62";"62215";"2";"3";"1";"3";"anne frank";"50,4960000";"2,9630000"
"201900013833";"11";"10";"2019";"09:50";"1";"45";"45234";"2";"1";"1";"3";"AV DE LA LIBERATION";"47,9195600";"1,9022400"
"201900013834";"14";"10";"2019";"10:10";"1";"27";"27229";"2";"2";"1";"3";"CARNOT (RUE)";"49,0291260";"1,1797240"
"201900013835";"10";"10";"2019";"10:10";"1";"25";"25036";"1";"1";"2";"7";"RD673";"47,2127500";"5,9369900"
"201900013836";"13";"10";"2019";"23:10";"5";"13";"13206";"2";"1";"1";"6";"LIEUTAUD (COURS)";"43,2932600";"5,3823100"
"201900013837";"13";"10";"2019";"16:30";"1";"13";"13201";"2";"1";"1";"6";"LIEUTAUD (COURS)      2 A 52";"43,2950730";"5,3817220"
"201900013838";"10";"10";"2019";"00:20";"5";"13";"13202";"2";"1";"1";"6";"TOURETTE (QUAI DE LA)";"43,2980210";"5,3631800"
"201900013839";"23";"8";"2019";"09:35";"1";"11";"11069";"1";"1";"1";"3";"RD 6161 - Rocade Ouest";"43,2002000";"2,3258000"
"201900013840";"14";"10";"2019";"07:45";"1";"10";"10343";"2";"9";"1";"2";"BOIS DORIEUX (RUE)";"48,2812390";"4,1003224"
"201900013841";"11";"10";"2019";"15:35";"1";"988";"98818";"2";"1";"1";"1";"RUE TEYSSANDIER DE LAUBAREDE";" -22,2623400";"166,4499500"
"201900013842";"14";"10";"2019";"06:25";"1";"976";"97611";"2";"1";"1";"2";"kaweni-Massakini (rue)";" -12,7598400";"45,2272900"
"201900013843";"15";"10";"2019";"17:30";"1";"974";"97416";"2";"9";"1";"6";"PERE MAITRE(RUE DU)";" -21,2859700";"55,4695900"
"201900013844";"14";"10";"2019";"20:35";"3";"974";"97416";"1";"1";"1";"5";"RN2 (1)";" -21,3346100";"55,4860100"
"201900013845";"5";"10";"2019";"10:00";"1";"974";"97416";"1";"3";"1";"1";"LENORMAND(CHEMIN)";" -21,2812600";"55,4376000"
"201900013846";"15";"10";"2019";"13:55";"1";"974";"97411";"2";"1";"2";"7";"LECLERC (DU MARECHAL)";" -20,8811700";"55,4589100"
"201900013847";"10";"10";"2019";"18:10";"5";"974";"97411";"2";"1";"1";"6";"REPUBLIQUE (RUE DE LA)";" -20,8798700";"55,4464800"
"201900013848";"10";"10";"2019";"09:58";"1";"974";"97411";"2";"1";"1";"2";"COCTEAU (JEAN)";" -20,8900500";"55,4672200"
"201900013849";"11";"10";"2019";"16:46";"1";"973";"97302";"2";"1";"1";"6";"ROUTE NATIONALE 3";"4,9047157";" -52,3186541"
"201900013850";"11";"10";"2019";"08:20";"1";"973";"97302";"2";"1";"8";"6";"EOLE (RESIDENCE) RTE DE BADUEL";"4,9285263";" -52,2938517"
"201900013851";"11";"10";"2019";"07:00";"1";"973";"97302";"2";"6";"8";"3";"BADUEL (ROUTE DE)";"4,9331066";" -52,3096418"
"201900013852";"15";"10";"2019";"07:55";"1";"69";"69388";"2";"1";"3";"6";"GENERAL FRERE (DU)                  (AV)";"45,7309700";"4,8772400"
"201900013853";"15";"10";"2019";"07:40";"2";"69";"69383";"2";"3";"3";"6";"FEUILLAT                            (R )";"45,7518100";"4,8765500"
"201900013854";"15";"10";"2019";"09:00";"2";"69";"69387";"2";"2";"3";"6";"JEAN JAURES                         (AV)";"45,7381800";"4,8376700"
"201900013855";"12";"10";"2019";"02:00";"5";"69";"69387";"2";"2";"1";"7";"DEBOURG                             (AV)";"45,7314800";"4,8278600"
"201900013856";"11";"10";"2019";"17:10";"1";"69";"69388";"2";"9";"1";"4";"PIERRE DELORE                       (R )";"45,7314000";"4,8593800"
"201900013857";"11";"10";"2019";"12:45";"1";"69";"69387";"2";"2";"1";"3";"CREUZET                             (R )";"45,7508800";"4,8467000"
"201900013858";"11";"10";"2019";"08:31";"1";"69";"69383";"2";"2";"1";"3";"LACASSAGNE                          (AV)";"45,7544500";"4,8666400"
"201900013859";"11";"10";"2019";"07:55";"1";"69";"69383";"2";"1";"1";"3";"CLAUDIUS PIONCHON                   (R )";"45,7609200";"4,8708500"
"201900013860";"10";"10";"2019";"10:25";"1";"69";"69386";"2";"2";"1";"6";"BROTTEAUX (DES)                     (BD)";"45,7661300";"4,8569500"
"201900013861";"11";"10";"2019";"14:35";"1";"972";"97213";"2";"1";"1";"2";"ROUTE NATIONALE 1";"14,6226000";" -60,9898900"
"201900013862";"10";"10";"2019";"17:28";"2";"972";"97213";"1";"1";"1";"1";"ROUTE DEPARTEMENTALE 15";"14,6161800";" -61,0052800"
"201900013863";"10";"10";"2019";"14:48";"1";"972";"97213";"2";"1";"1";"7";"ROUTE NATIONALE 1";"14,6188000";" -61,0035000"
"201900013864";"14";"10";"2019";"17:25";"2";"972";"97209";"2";"1";"1";"6";"ANDRE ALIKER (RUE)";"14,6079400";" -61,0715200"
"201900013865";"11";"10";"2019";"15:20";"1";"972";"97209";"1";"1";"1";"2";"AUTOROUTE (A1)";"14,6180900";" -61,0388100"
"201900013866";"15";"10";"2019";"21:10";"5";"69";"69389";"2";"1";"1";"2";"SERGENT MICHEL BERTHET (DU)         (R )";"45,7682900";"4,8054200"
"201900013867";"28";"9";"2019";"22:00";"5";"69";"69034";"2";"3";"1";"3";"GEORGES CLEMENCEAU                  (QU)";"45,7921000";"4,8243000"
"201900013868";"14";"10";"2019";"22:05";"1";"69";"69381";"2";"1";"1";"2";"JARDIN DES PLANTES (R)";"45,7696400";"4,8295000"
"201900013869";"14";"10";"2019";"10:10";"1";"69";"69202";"2";"1";"1";"6";"BARON DU MARAIS (DU)                (BD)";"45,7347400";"4,8045500"
"201900013870";"11";"10";"2019";"23:48";"5";"69";"69385";"2";"1";"1";"1";"ROMAIN ROLLAND                      (QU)";"45,7635500";"4,8289800"
"201900013871";"11";"10";"2019";"10:10";"1";"69";"69034";"2";"1";"1";"3";"BARTHELEMY THIMONNIER               (AV)";"45,8048000";"4,8671600"
"201900013872";"11";"10";"2019";"16:25";"1";"2B";"2B033";"2";"9";"1";"1";"ROUTE ROYALE";"42,6748100";"9,4351000"
"201900013873";"10";"10";"2019";"15:05";"1";"2B";"2B033";"2";"1";"1";"3";"11 - RT";"42,6751000";"9,4440000"
"201900013874";"15";"10";"2019";"20:00";"5";"2A";"2A004";"2";"1";"1";"2";"MARECHAL JUIN AVENUE";"41,9377000";"8,7508500"
"201900013875";"6";"10";"2019";"17:00";"1";"95";"95680";"2";"3";"1";"6";"FAIDHERBE (RUE)";"49,0052000";"2,3888600"
"201900013876";"11";"10";"2019";"18:58";"2";"95";"95176";"2";"1";"8";"6";"SARRAIL (RUE DU GENERAL)";"48,9700000";"2,1891000"
"201900013877";"14";"10";"2019";"18:30";"1";"91";"91687";"2";"1";"1";"3";"SAVIGNY (RUE DE)";"48,6839600";"2,3785200"
"201900013878";"13";"10";"2019";"01:40";"5";"91";"91223";"2";"1";"1";"3";"RD 191";"48,4333400";"2,1807300"
"201900013879";"11";"10";"2019";"18:55";"2";"91";"91215";"2";"1";"1";"6";"CHARLES GOUNOD (AVENUE)";"48,6965000";"2,5236000"
"201900013880";"15";"10";"2019";"04:10";"3";"91";"91103";"1";"1";"2";"7";"CD 19";"48,5788000";"2,3008600"
"201900013881";"14";"10";"2019";"19:00";"5";"91";"91425";"2";"2";"2";"6";"ORLEANS (ROUTE D')";"48,6515500";"2,2727300"
"201900013882";"10";"10";"2019";"09:00";"1";"91";"91425";"2";"1";"1";"1";"TEMPLIERS (ROUTE DES)";"48,6480500";"2,2570700"
"201900013883";"10";"10";"2019";"12:00";"1";"88";"88413";"2";"2";"1";"3";"RUE DES 3 VILLES";"48,2887305";"6,9440085"
"201900013884";"14";"10";"2019";"11:20";"1";"87";"87085";"1";"1";"1";"6";"Georges GUINGOUIN(rue)";"45,8985100";"1,2950600"
"201900013885";"11";"10";"2019";"09:43";"1";"87";"87085";"2";"1";"1";"3";"GAMBETTA (BOULEVARD)";"45,8280600";"1,2570100"
"201900013886";"12";"10";"2019";"10:17";"1";"87";"87085";"2";"2";"2";"3";"RUBEN (AVENUE ERNEST)";"45,8235600";"1,2511400"
"201900013887";"14";"10";"2019";"20:45";"3";"86";"86194";"1";"1";"2";"6";"ROCADE OUEST (RD 910)";"46,5680100";"0,3084700"
"201900013888";"10";"10";"2019";"15:45";"1";"86";"86158";"1";"2";"1";"3";"SAINT NICOLAS (ROUTE DE)";"46,6101780";"0,2944410"
"201900013889";"11";"10";"2019";"13:56";"1";"86";"86194";"2";"1";"1";"3";"FAUBOURG PONT NEUF (RUE DU)";"46,5730000";"0,3562000"
"201900013890";"21";"4";"2019";"22:50";"5";"93";"93027";"2";"1";"1";"2";"VAILLANT-COUTURIER (AVENUE PAUL)";"48,9244180";"2,4145990"
"201900013891";"27";"4";"2019";"20:19";"1";"93";"93047";"2";"9";"1";"3";"JEAN JAURES (AVENUE)";"48,8986000";"2,5497200"
"201900013892";"26";"4";"2019";"17:00";"1";"93";"93047";"2";"2";"1";"3";"GABRIEL PERI  (AVENUE)";"48,8931660";"2,5525420"
"201900013893";"24";"4";"2019";"18:20";"1";"93";"93057";"2";"1";"1";"3";"BRIAND ( AV. ARISTIDE) 134 A 212";"48,9115400";"2,5198200"
"201900013894";"22";"4";"2019";"22:15";"5";"93";"93010";"2";"1";"1";"6";"ROUSSEAU (RUE JEAN-JACQUES)";"48,9106490";"2,4755260"
"201900013895";"21";"4";"2019";"01:25";"5";"93";"93010";"2";"5";"1";"3";"GALLIENI (AV.) DE 177 A 211";"48,9071300";"2,4887300"
"201900013896";"18";"4";"2019";"12:35";"1";"93";"93057";"2";"2";"1";"1";"HUGO (AV. VICTOR)";"48,9105540";"2,5125960"
"201900013897";"27";"4";"2019";"00:30";"5";"93";"93053";"2";"2";"1";"3";"VAILLANT COUTURIER (RUE)";"48,8906100";"2,4516700"
"201900013898";"25";"4";"2019";"14:05";"1";"93";"93008";"2";"1";"8";"1";"JAURES (AVENUE JEAN)";"48,9052000";"2,4394000"
"201900013899";"21";"4";"2019";"10:50";"1";"93";"93008";"2";"3";"1";"3";"GROSLAY (CHEMIN DE) D20";"48,9090075";"2,4729310"
"201900013900";"19";"4";"2019";"15:15";"1";"93";"93008";"2";"1";"1";"3";"JAURES (AVENUE JEAN)";"48,9050000";"2,4380000"
"201900013901";"18";"4";"2019";"08:00";"2";"93";"93008";"2";"1";"1";"6";"ROLLAND (RUE ROMAIN)";"48,9150600";"2,4260900"
"201900013902";"28";"4";"2019";"18:00";"1";"93";"93007";"2";"9";"1";"3";"8 MAI 45 (AVENUE DU 1 AU 182)";"48,9422100";"2,4326900"
"201900013903";"21";"4";"2019";"17:48";"1";"93";"93007";"2";"9";"1";"3";"CASANOVA (AVENUE)";"48,9230600";"2,4735200"
"201900013904";"22";"4";"2019";"19:30";"1";"93";"93007";"2";"1";"1";"6";"""PAUL VAILLANT COUTURIER (AVENUE """"DU 01";"48,9270270";"2,4725110"
"201900013905";"20";"4";"2019";"22:30";"5";"93";"93005";"2";"6";"1";"5";"ROBERT SCHUMAN (CARREFOUR)";"48,9489400";"2,5156500"
"201900013906";"26";"4";"2019";"08:25";"1";"93";"93001";"2";"1";"1";"6";"MOTTE (RUE DE LA)";"48,9114900";"2,3977200"
"201900013907";"13";"3";"2019";"14:35";"1";"93";"93001";"2";"1";"1";"6";"LEOPOLD RECHOSSIERE (RUE)  => 13/50";"48,9147100";"2,3875900"
"201900013908";"19";"4";"2019";"16:00";"1";"92";"92046";"2";"1";"1";"6";"GABRIEL PERI";"48,8195259";"2,3059247"
"201900013909";"24";"4";"2019";"18:25";"1";"92";"92073";"2";"2";"1";"3";"SELLIER (BOULEVARD HENRI)";"48,8678805";"2,2258432"
"201900013910";"20";"4";"2019";"08:40";"1";"92";"92073";"2";"1";"1";"6";"WASHINGTON (BOULEVARD)";"48,8760500";"2,2175600"
"201900013911";"24";"4";"2019";"21:20";"5";"92";"92072";"2";"9";"8";"3";"SAINT CLOUD (RUE DE)";"48,8344639";"2,2222465"
"201900013912";"23";"4";"2019";"15:05";"1";"92";"92022";"2";"1";"1";"6";"SALENGRO (AVENUE ROGER)";"48,8188460";"2,1982341"
"201900013913";"26";"4";"2019";"15:50";"1";"92";"92064";"2";"1";"1";"4";"CARNOT";"48,8470641";"2,2237879"
"201900013914";"22";"4";"2019";"16:00";"1";"92";"92033";"2";"1";"1";"6";"HENRI REGNAULT";"48,8480100";"2,1899100"
"201900013915";"18";"4";"2019";"17:05";"1";"92";"92064";"2";"1";"1";"6";"MARECHAL FOCH";"48,8478500";"2,2066600"
"201900013916";"18";"4";"2019";"08:00";"1";"92";"92064";"2";"1";"1";"3";"REPUBLIQUE";"48,8513422";"2,2130956"
"201900013917";"25";"4";"2019";"07:50";"1";"92";"92063";"2";"1";"1";"3";"DRIANT (RUE DU LIEUTENANT COLONEL)";"48,8762200";"2,2007300"
"201900013918";"22";"4";"2019";"17:50";"1";"92";"92063";"2";"1";"1";"6";"COLMAR (AVENUE DE)";"48,8871511";"2,1791255"
"201900013919";"17";"4";"2019";"14:19";"1";"92";"92063";"2";"3";"1";"3";"DOUMER (AVENUE PAUL) EST";"48,8787624";"2,1773317"
"201900013920";"25";"4";"2019";"23:50";"5";"92";"92062";"2";"2";"1";"3";"WALLACE (BD RICHARD) DU 2 AU 28 ET DU 1";"48,8788700";"2,2418800"
"201900013921";"25";"4";"2019";"17:30";"1";"92";"92062";"2";"3";"1";"6";"GENERAL DE GAULLE (AV) DU 63 AU 107";"48,8863170";"2,2307510"
"201900013922";"24";"4";"2019";"13:00";"1";"92";"92062";"2";"1";"1";"6";"PDT WILSON (Avenue)";"48,8852500";"2,2246200"
"201900013923";"17";"4";"2019";"06:45";"2";"92";"92051";"2";"1";"1";"4";"GENERAL KOENIG (BOULEVARD DU)";"48,8800000";"2,2544000"
"201900013924";"25";"4";"2019";"09:20";"1";"92";"92050";"2";"1";"1";"6";"GRANDS PRES RUE DES";"48,9103100";"2,2145700"
"201900013925";"23";"4";"2019";"22:30";"5";"92";"92050";"2";"2";"1";"2";"CLEMENCEAU GEORGES AVENUE N°IMPAIR";"48,8867900";"2,2053000"
"201900013926";"21";"4";"2019";"20:52";"5";"92";"92050";"2";"1";"1";"3";"ARAGO FRANCOIS AVENUE";"48,9008780";"2,2246710"
"201900013927";"16";"4";"2019";"09:30";"1";"92";"92050";"2";"1";"8";"6";"CLEMENCEAU GEORGES AVENUE N° PAIR";"48,8857900";"2,2139100"
"201900013928";"27";"4";"2019";"17:50";"1";"92";"92020";"2";"1";"2";"7";"PARIS AVENUE DE N°84 A FIN";"48,8101658";"2,2987320"
"201900013929";"25";"4";"2019";"22:20";"5";"92";"92049";"2";"1";"1";"2";"BRIAND AVENUE ARISTIDE N°1 A 129";"48,8128700";"2,3257800"
"201900013930";"22";"4";"2019";"19:00";"1";"92";"92040";"2";"7";"1";"3";"RESISTANCE (PLACE DE LA)";"48,8209700";"2,2504200"
"201900013931";"18";"4";"2019";"08:20";"1";"92";"92040";"2";"7";"1";"3";"BARA";"48,8335900";"2,2671000"
"201900013932";"26";"4";"2019";"13:25";"1";"92";"92036";"2";"1";"1";"3";"PRINCIPALE DU PORT (ROUTE) (19/+)";"48,9385400";"2,2795500"
"201900013933";"24";"4";"2019";"16:15";"1";"92";"92036";"2";"1";"1";"3";"PRINCIPALE DU PORT (ROUTE) (1/17)";"48,9357500";"2,2674800"
"201900013934";"24";"4";"2019";"08:00";"1";"92";"92036";"2";"1";"1";"2";"PETITS MARAIS (CHEMIN DES)";"48,9461900";"2,3030400"
"201900013935";"23";"4";"2019";"16:43";"1";"92";"92036";"2";"1";"1";"6";"GENERAL DE GAULLE (AVENUE) (PAIRS)";"48,9338131";"2,3137339"
"201900013936";"23";"4";"2019";"12:30";"1";"92";"92036";"2";"1";"1";"3";"PRINCIPALE DU PORT (ROUTE) (1/17)";"48,9373200";"2,2783900"
"201900013937";"21";"4";"2019";"14:40";"1";"92";"92036";"2";"1";"1";"6";"GABRIEL PERI (AVENUE) (60/134)";"48,9248137";"2,2945112"
"201900013938";"24";"4";"2019";"11:10";"1";"92";"92026";"2";"3";"1";"6";"CAPITAINE GUYNEMER";"48,8975737";"2,2476164"
"201900013939";"20";"4";"2019";"14:15";"1";"92";"92026";"2";"1";"1";"3";"RÉPUBLIQUE ( DE 65 A FIN )";"48,9019700";"2,2526600"
"201900013940";"19";"4";"2019";"20:44";"5";"92";"92026";"2";"1";"1";"6";"VERDUN (DE 01 A 61)";"48,9003812";"2,2608159"
"201900013941";"20";"4";"2019";"01:25";"5";"92";"92025";"2";"1";"1";"2";"HENRI BARBUSSE (AV)";"48,9170790";"2,2527340"
"201900013942";"25";"4";"2019";"18:20";"1";"92";"92024";"2";"2";"1";"3";"JEAN JAURES (BD) DE (111 A 159)";"48,9082962";"2,2998566"
"201900013943";"24";"4";"2019";"15:15";"1";"92";"92023";"1";"1";"1";"6";"PAVE BLANC (ROUTE DU) N°1 A 135";"48,7869200";"2,2378000"
"201900013944";"18";"4";"2019";"18:00";"1";"92";"92023";"2";"3";"1";"3";"PIERRE FRANQUET (RUE)";"48,7998000";"2,2675600"
"201900013945";"26";"4";"2019";"14:30";"1";"92";"92012";"2";"1";"1";"6";"CHARLES DE GAULLE (AVENUE) COTE IMPAIR";"48,8484300";"2,2372200"
"201900013946";"24";"4";"2019";"20:10";"2";"92";"92012";"2";"9";"7";"6";"REINE (ROUTE DE LA) 1/37- 6/80";"48,8394966";"2,2423498"
"201900013947";"24";"4";"2019";"13:00";"1";"92";"92012";"2";"1";"1";"3";"VICTOR HUGO (AVENUE) 49/FIN - 60/FIN";"48,8347600";"2,2443000"
"201900013948";"22";"4";"2019";"18:40";"1";"92";"92012";"2";"1";"1";"6";"SILLY (RUE DE) 89/FIN - 90/FIN";"48,8349500";"2,2328000"
"201900013949";"26";"4";"2019";"19:00";"1";"92";"92007";"2";"1";"7";"2";"VERDUN (RUE DE) N° IMPAIRS";"48,8019000";"2,3175000"
"201900013950";"24";"4";"2019";"07:40";"2";"92";"92007";"2";"3";"8";"3";"SUISSES (VOIE DES)";"48,8015700";"2,3003200"
"201900013951";"22";"4";"2019";"09:20";"1";"92";"92007";"2";"9";"1";"6";"DORMOY (AVENUE MARX)";"48,8103000";"2,3124000"
"201900013952";"20";"4";"2019";"20:17";"1";"92";"92024";"2";"2";"1";"3";"JEAN JAURES (BD) DE (111 A 159)";"48,9083000";"2,2999000"
"201900013953";"24";"4";"2019";"09:50";"1";"92";"92004";"2";"1";"1";"3";"VOLTAIRE ( BD )";"48,9152359";"2,2934730"
"201900013954";"6";"4";"2019";"21:15";"5";"92";"92004";"2";"2";"1";"3";"ARGENTEUIL AV D'";"48,9196949";"2,2799807"
"201900013955";"18";"4";"2019";"09:00";"1";"92";"92004";"2";"1";"1";"2";"AULAGNIER ( QUAI )";"48,9149947";"2,3129837"
"201900013956";"22";"4";"2019";"05:40";"2";"92";"92002";"2";"1";"1";"6";"DIVISION LECLERC (53 A 217 - 58 A 186)";"48,7446845";"2,3033070"
"201900013957";"25";"4";"2019";"18:55";"1";"60";"60435";"1";"1";"7";"7";"D150";"49,5863719";"1,8617591"
"201900013958";"19";"4";"2019";"13:30";"1";"37";"37194";"1";"9";"1";"1";"RD 5";"47,4636160";"0,9260730"
"201900013959";"27";"4";"2019";"15:45";"1";"54";"54247";"1";"1";"1";"7";"RD 35";"48,4971920";"6,0713560"
"201900013960";"27";"3";"2019";"14:16";"1";"62";"62204";"2";"1";"1";"6";"249 rue Daniel ranger";"50,3974893";"1,8772896"
"201900013961";"23";"4";"2019";"09:25";"1";"86";"86015";"1";"1";"2";"1";"4 Route de Confolens";"46,1143240";"0,6559840"
"201900013962";"17";"4";"2019";"18:02";"1";"86";"86289";"1";"1";"1";"6";"Route départementale 10";"46,2219360";"0,6483880"
"201900013963";"27";"4";"2019";"09:40";"1";"2A";"2A048";"1";"1";"1";"3";"D 81";"42,0215520";"8,7365990"
"201900013964";"21";"4";"2019";"13:00";"1";"2A";"2A212";"1";"1";"1";"5";"Calanques de PIANA";"42,2604757";"8,6819382"
"201900013965";"24";"3";"2019";"15:15";"1";"2A";"2A048";"1";"1";"1";"7";"rd81";"42,0323865";"8,7644253"
"201900013966";"20";"4";"2019";"18:24";"1";"1";"01052";"1";"1";"1";"6";"Route départementale 2";"46,0392210";"4,9937710"
"201900013967";"23";"4";"2019";"16:40";"1";"62";"62053";"1";"2";"1";"3";"D158";"50,6006610";"2,1307950"
"201900013968";"29";"4";"2019";"16:30";"1";"24";"24236";"1";"1";"1";"7";"La Font de l'Auche";"45,1936580";"0,5747020"
"201900013969";"28";"4";"2019";"16:15";"1";"24";"24295";"2";"1";"1";"7";"4 Rue du Ver à Soie";"45,1534420";"0,5630590"
"201900013970";"21";"4";"2019";"23:30";"3";"83";"83134";"1";"1";"1";"7";"Route de Lorgues";"43,4597260";"6,4186610"
"201900013971";"24";"4";"2019";"16:40";"1";"86";"86265";"1";"1";"1";"1";"R42";"46,8509790";"0,3815610"
"201900013972";"19";"4";"2019";"20:00";"1";"86";"86081";"1";"1";"1";"1";"Route d'Ouzilly";"46,7702060";"0,3946720"
"201900013973";"29";"4";"2019";"01:42";"3";"67";"67103";"1";"1";"5";"7";"DEPARTEMENTALE 133";"48,8096830";"7,4219480"
"201900013974";"20";"4";"2019";"15:00";"1";"67";"67265";"1";"1";"1";"1";"Départementale 181";"48,9209050";"7,4795550"
"201900013975";"20";"4";"2019";"17:39";"1";"6";"06060";"2";"1";"1";"1";"1319 Route du Mont-Chauve";"43,7620390";"7,2606400"
"201900013976";"21";"4";"2019";"14:30";"1";"73";"73073";"1";"1";"1";"6";"D18 Portout";"45,8090571";"5,8155091"
"201900013977";"30";"4";"2019";"12:00";"1";"16";"16248";"1";"1";"1";"6";"Le Coudret";"45,9218420";" -0,0173590"
"201900013978";"18";"4";"2019";"14:10";"1";"74";"74182";"1";"1";"1";"5";"A41";"45,9193040";"6,1020190"
"201900013979";"9";"4";"2019";"14:26";"1";"69";"69277";"1";"1";"1";"3";"rd29";"45,7190350";"5,0606330"
"201900013980";"21";"4";"2019";"17:00";"1";"49";"49127";"1";"1";"1";"7";"RD59";"47,6510980";" -0,2473000"
"201900013981";"25";"4";"2019";"21:33";"5";"17";"17404";"1";"1";"8";"6";"65 Route de Saint-Simon";"45,6129970";" -0,6860850"
"201900013982";"22";"4";"2019";"17:45";"1";"74";"74030";"1";"9";"1";"6";"Route du Lac";"46,2833560";"6,6162430"
"201900013983";"20";"4";"2019";"16:00";"1";"36";"36026";"1";"1";"1";"3";"Route de Levroux";"46,9583360";"1,7249310"
"201900013984";"26";"4";"2019";"18:50";"1";"31";"31282";"2";"1";"1";"3";"chemin de virebent";"43,6737850";"1,4564870"
"201900013985";"20";"4";"2019";"05:55";"2";"76";"76227";"1";"1";"1";"6";"Autoroute A29 pk 81 + 100 sens AMIENS - LE HAVRE";"49,6633880";"0,9259870"
"201900013986";"25";"4";"2019";"16:37";"1";"81";"81132";"1";"1";"1";"7";"Le Treil";"43,6370400";"2,0284250"
"201900013987";"26";"4";"2019";"17:15";"1";"81";"81097";"1";"1";"2";"6";"RD13 PK55+300";"43,8572400";"2,2346080"
"201900013988";"25";"4";"2019";"08:15";"1";"81";"81147";"1";"1";"8";"1";"Puech Auriol";"43,8157100";"2,1790710"
"201900013989";"24";"4";"2019";"04:10";"3";"28";"28361";"1";"1";"1";"6";"A11 PK037+800 sens PRO -> PARIS";"48,5111670";"1,7606710"
"201900013990";"29";"4";"2019";"08:20";"1";"71";"71270";"1";"1";"8";"6";"A40";"46,3512990";"4,8267760"
"201900013991";"25";"4";"2019";"06:45";"3";"10";"10263";"1";"1";"2";"7";"d31";"48,2541470";"3,7705090"
"201900013992";"12";"4";"2019";"19:30";"4";"974";"97422";"2";"1";"1";"3";"65 Rue Marius et Ary Leblond";" -21,2781660";"55,5242590"
"201900013993";"28";"4";"2019";"15:10";"1";"974";"97405";"2";"1";"1";"7";"Rue Paul Demange";" -21,3383810";"55,5663470"
"201900013994";"27";"4";"2019";"19:50";"5";"974";"97405";"2";"1";"1";"7";"49 rue verger Hemer";" -21,3320880";"55,5651090"
"201900013995";"26";"4";"2019";"23:20";"5";"974";"97412";"2";"1";"1";"6";"Chemin Eliodore Fontaine";" -21,3729940";"55,5951650"
"201900013996";"19";"4";"2019";"21:20";"3";"83";"83085";"1";"6";"1";"7";"La Maurette";"43,4926340";"6,5658020"
"201900013997";"29";"4";"2019";"14:15";"1";"62";"62155";"1";"1";"1";"7";"Route de Quercamps";"50,7718980";"2,0359520"
"201900013998";"22";"4";"2019";"13:00";"1";"63";"63048";"1";"1";"1";"5";"RD2089";"45,6500330";"2,6098710"
"201900013999";"28";"4";"2019";"11:00";"1";"63";"63354";"2";"1";"2";"6";"Rue Joliot Curie";"46,0258490";"2,8195920"