"Num_Acc";"jour";"mois";"an";"hrmn";"lum";"dep";"com";"agg";"int";"atm";"col";"adr";"lat";"long"
"201900014000";"24";"4";"2019";"16:55";"1";"60";"60012";"2";"6";"8";"2";"Rue de Méru";"49,2567680";"2,1587230"
"201900014001";"19";"4";"2019";"19:00";"1";"60";"60370";"1";"1";"1";"2";"D927";"49,2666780";"2,1157683"
"201900014002";"24";"4";"2019";"16:55";"1";"28";"28278";"1";"1";"1";"1";"D 910";"48,4633960";"1,5868850"
"201900014003";"23";"4";"2019";"17:00";"1";"86";"86261";"1";"1";"1";"6";"route de Chauvigny";"46,5610143";"0,4376097"
"201900014004";"24";"4";"2019";"13:40";"1";"21";"21214";"1";"1";"2";"6";"A6 PK 277+200 sens PARIS vers LYON";"47,1860120";"4,6764110"
"201900014005";"21";"4";"2019";"16:45";"1";"21";"21642";"1";"1";"1";"7";"A6";"47,4923310";"4,1302050"
"201900014006";"22";"4";"2019";"16:15";"1";"62";"62706";"1";"9";"7";"2";"Rue du Grand Chemin";"50,5860280";"2,7670760"
"201900014007";"17";"4";"2019";"22:20";"3";"35";"35311";"1";"1";"1";"7";"Les Madries";"47,8412180";" -2,0265980"
"201900014008";"19";"4";"2019";"18:00";"1";"67";"67202";"1";"1";"1";"2";"RD25";"48,7392740";"7,5631190"
"201900014009";"18";"4";"2019";"07:00";"1";"67";"67478";"1";"1";"1";"1";"D1404";"48,7693880";"7,4120260"
"201900014010";"19";"4";"2019";"12:40";"1";"54";"54314";"2";"2";"1";"7";"Rue de la Carrière";"49,5146450";"5,7399850"
"201900014011";"25";"4";"2019";"00:50";"5";"1";"01354";"2";"3";"1";"6";"rue de gex";"46,2432730";"6,0207160"
"201900014012";"23";"3";"2019";"06:05";"3";"29";"29026";"1";"1";"5";"1";"Route Nationale 165 - PR: 076+500";"48,2132700";" -4,0500380"
"201900014013";"20";"4";"2019";"06:00";"3";"22";"22004";"1";"1";"1";"6";"RD 767 PR 36+000";"48,6176230";" -3,2927399"
"201900014014";"19";"4";"2019";"10:05";"1";"22";"22004";"1";"1";"1";"7";"rd 767 pr40+500";"48,6447379";" -3,3269863"
"201900014015";"25";"4";"2019";"19:00";"1";"74";"74112";"2";"1";"8";"2";"RD 1201";"45,9353640";"6,1214170"
"201900014016";"19";"4";"2019";"19:10";"1";"42";"42199";"2";"2";"1";"3";"RUE DE LA BERNARDE";"46,0315440";"3,9295800"
"201900014017";"19";"4";"2019";"12:00";"1";"42";"42182";"2";"1";"1";"6";"rue des rivières";"46,0485080";"3,9236630"
"201900014018";"22";"4";"2019";"21:15";"5";"91";"91666";"1";"1";"1";"7";"Avenue de l'Oceanie";"48,6855280";"2,2080640"
"201900014019";"25";"4";"2019";"18:45";"1";"41";"41208";"1";"1";"1";"2";"A10";"47,5811980";"1,0680770"
"201900014020";"23";"4";"2019";"07:40";"1";"41";"41018";"1";"1";"1";"6";"Autooute A10 - PK 150.300 - SENS 1";"47,6178560";"1,3255720"
"201900014021";"10";"4";"2019";"10:00";"1";"59";"59278";"2";"1";"1";"3";"53 rue du général de Gaulle";"50,6127240";"2,9590960"
"201900014022";"20";"4";"2019";"18:25";"1";"62";"62016";"1";"2";"2";"3";"Chemin départemental 317";"50,4227490";"1,6827150"
"201900014023";"21";"4";"2019";"08:25";"1";"26";"26341";"2";"1";"8";"6";"Route Nationale 7";"45,1318600";"4,8179240"
"201900014024";"21";"4";"2019";"05:50";"3";"42";"42083";"1";"1";"1";"6";"Route de Givors";"45,5566010";"4,6831000"
"201900014025";"27";"4";"2019";"02:52";"3";"72";"72124";"2";"1";"2";"6";"10 Route de Tours";"47,8272160";"0,2808100"
"201900014026";"20";"4";"2019";"10:45";"1";"978";"97801";"2";"1";"1";"2";"Rue Richardson";"18,0687470";" -63,0810930"
"201900014027";"27";"4";"2019";"19:05";"1";"50";"50599";"1";"1";"1";"3";"Les Jouannes";"49,5846000";" -1,5933430"
"201900014028";"23";"4";"2019";"08:05";"1";"34";"34036";"1";"1";"2";"6";"A75 PK 279+200";"43,6948080";"3,3427800"
"201900014029";"25";"4";"2019";"19:00";"1";"12";"12145";"1";"1";"4";"3";"Autoroute A75 - PR 230.300 -";"44,0284290";"3,1022830"
"201900014030";"23";"4";"2019";"14:45";"1";"30";"30278";"1";"1";"1";"1";"RN 580";"44,0579120";"4,7097410"
"201900014031";"20";"4";"2019";"08:12";"1";"30";"30254";"1";"1";"1";"1";"D 980 PK 25+400";"44,0585060";"4,7422000"
"201900014032";"29";"4";"2019";"18:50";"1";"22";"22020";"1";"9";"1";"7";"LE PONT DU BREUIL";"48,2932860";" -2,2817610"
"201900014033";"28";"4";"2019";"01:30";"3";"23";"23244";"1";"1";"1";"6";"Montrignat";"46,3055070";"1,7376250"
"201900014034";"26";"4";"2019";"16:00";"1";"83";"83130";"2";"1";"1";"2";"Avenue des félibres";"43,2037620";"6,0443730"
"201900014035";"20";"4";"2019";"15:13";"1";"21";"21611";"1";"1";"1";"7";"D977bis";"47,2939190";"4,6985340"
"201900014036";"20";"4";"2019";"14:15";"1";"37";"37187";"1";"1";"1";"2";"Autoroute A10 - PK 252";"47,0166985";"0,5617053"
"201900014037";"15";"4";"2019";"10:25";"1";"62";"62513";"1";"6";"1";"6";"RD 941";"50,2820970";"2,2514950"
"201900014038";"28";"4";"2019";"14:32";"1";"62";"62820";"1";"1";"8";"3";"chemin communal";"50,3742600";"2,5118410"
"201900014039";"21";"4";"2019";"20:30";"2";"62";"62227";"1";"1";"1";"6";"Rue des Arrouaises";"50,5234428";"1,8698493"
"201900014040";"24";"3";"2019";"02:50";"3";"62";"62638";"1";"1";"1";"6";"chemin du canal";"50,2515170";"3,0977660"
"201900014041";"27";"4";"2019";"16:10";"1";"77";"77287";"2";"1";"1";"6";"D108-Rue Albert Bertin";"48,7871270";"3,4219000"
"201900014042";"21";"4";"2019";"17:30";"1";"37";"37166";"1";"1";"1";"2";"A10";"47,5091470";"0,8912250"
"201900014043";"20";"4";"2019";"18:40";"1";"59";"59335";"2";"9";"1";"1";"Route de Tournai";"50,4699620";"3,4272790"
"201900014044";"18";"4";"2019";"21:30";"3";"59";"59238";"1";"1";"1";"6";"rue de la breliere";"50,5067391";"3,4664680"
"201900014045";"19";"4";"2019";"15:44";"1";"74";"74105";"2";"1";"1";"6";"105 avenue du thonon";"46,3099102";"6,3139468"
"201900014046";"27";"4";"2019";"18:20";"1";"83";"83140";"1";"1";"1";"2";"route nationale 7 tourves";"43,4078610";"5,9717520"
"201900014047";"28";"4";"2019";"00:30";"3";"83";"83097";"1";"1";"6";"1";"N/A";"43,4817000";"5,7517650"
"201900014048";"17";"4";"2019";"18:05";"1";"35";"35173";"1";"2";"1";"5";"la garbotais";"48,2168300";" -1,7276470"
"201900014049";"22";"4";"2019";"08:00";"1";"57";"57565";"1";"1";"1";"6";"Départemenate 326 r";"49,4935740";"5,9188530"
"201900014050";"21";"4";"2019";"16:05";"1";"57";"57529";"1";"1";"1";"6";"CD59";"49,4361470";"6,0155880"
"201900014051";"21";"4";"2019";"12:55";"1";"57";"57022";"2";"1";"1";"6";"169 rue haute bise";"49,3942050";"6,0494690"
"201900014052";"28";"4";"2019";"02:40";"3";"57";"57738";"1";"1";"2";"6";"D162 d PK 3+100";"49,1439250";"7,4530190"
"201900014053";"28";"4";"2019";"04:15";"3";"57";"57260";"1";"9";"2";"7";"Rd 31 bis";"49,1490900";"7,0178990"
"201900014054";"19";"4";"2019";"17:00";"1";"57";"57742";"1";"1";"1";"7";"D96";"48,6430970";"7,1376980"
"201900014055";"19";"4";"2019";"17:40";"1";"57";"57321";"1";"1";"1";"4";"Route Départmentale 96 D";"48,6862510";"7,0640760"
"201900014056";"21";"4";"2019";"16:10";"1";"57";"57296";"2";"1";"1";"7";"chemin communal";"49,2203250";"6,5822860"
"201900014057";"27";"4";"2019";"19:20";"1";"4";"04102";"1";"1";"1";"7";"RD 954 - Pont du pellegrin";"44,4535850";"6,3866780"
"201900014058";"22";"4";"2019";"13:50";"1";"95";"95352";"2";"1";"7";"6";"13 Rue Charles de Gaulle";"49,1121500";"2,4220570"
"201900014059";"20";"4";"2019";"19:00";"1";"62";"62777";"2";"1";"1";"6";"13 route naionale";"50,0702630";"2,7795250"
"201900014060";"25";"4";"2019";"17:40";"1";"51";"51293";"1";"1";"2";"1";"RD 20";"49,3308440";"4,2475460"
"201900014061";"29";"4";"2019";"14:00";"1";"51";"51002";"2";"4";"1";"3";"RD 11";"49,0060236";"3,8529678"
"201900014062";"20";"4";"2019";"18:00";"1";"51";"51007";"2";"1";"1";"3";"BOULEVARD DES FOSSES DE RONDE";"49,0781346";"4,1739712"
"201900014063";"20";"4";"2019";"05:25";"3";"51";"51409";"1";"1";"1";"7";"RD 977";"48,8741381";"4,2834465"
"201900014064";"28";"4";"2019";"06:30";"1";"59";"59583";"1";"1";"2";"6";"CD 962";"50,1305970";"3,8180480"
"201900014065";"30";"4";"2019";"10:40";"1";"19";"19288";"1";"3";"1";"3";"ceyrat";"45,2893550";"1,4111100"
"201900014066";"17";"4";"2019";"17:30";"1";"19";"19246";"1";"1";"1";"3";"D148";"45,1996980";"1,4661210"
"201900014067";"20";"4";"2019";"17:15";"1";"19";"19143";"1";"9";"3";"6";"Route Départementale 1089";"45,3535330";"1,9782880"
"201900014068";"21";"4";"2019";"23:00";"3";"56";"56229";"1";"1";"1";"7";"lieu-dit RIEUX";"47,7549110";" -2,2943670"
"201900014069";"21";"4";"2019";"14:30";"1";"56";"56249";"2";"1";"1";"6";"21 Avenue du Porhoet";"47,9589520";" -2,4395060"
"201900014070";"5";"4";"2019";"17:26";"1";"56";"56090";"1";"1";"1";"5";"Kerguero";"47,8575520";" -3,2373270"
"201900014071";"19";"4";"2019";"15:20";"1";"56";"56168";"2";"8";"1";"2";"Rue de la Gare";"47,6040700";" -3,1189880"
"201900014072";"27";"4";"2019";"15:25";"1";"56";"56221";"2";"1";"1";"6";"Le Temple";"47,6810120";" -2,1918660"
"201900014073";"21";"4";"2019";"07:00";"1";"56";"56239";"1";"1";"1";"6";"Lande du Calvaire";"47,6928100";" -2,1428400"
"201900014074";"20";"4";"2019";"10:45";"1";"59";"59516";"1";"1";"1";"3";"Route de Watten";"50,8150290";"2,3553070"
"201900014075";"21";"4";"2019";"19:30";"1";"74";"74208";"1";"1";"1";"1";"Avenue René Raffort Deruttet";"45,9244311";"6,6696370"
"201900014076";"28";"4";"2019";"16:40";"1";"74";"74269";"1";"1";"2";"5";"Route de Geneve";"45,9735240";"5,8375960"
"201900014077";"23";"4";"2019";"06:00";"2";"74";"74065";"1";"1";"1";"1";"Route de Saint-Julien-En-Genevois";"46,0295980";"5,9505490"
"201900014078";"10";"4";"2019";"14:00";"1";"74";"74183";"1";"1";"1";"6";"RD907";"46,1191950";"6,5497350"
"201900014079";"19";"4";"2019";"18:20";"1";"74";"74275";"2";"1";"1";"6";"D909A";"45,8058690";"6,2322070"
"201900014080";"8";"5";"2019";"15:00";"1";"73";"73008";"2";"3";"1";"6";"Rue du casino";"45,6894593";"5,9134545"
"201900014081";"2";"8";"2019";"12:25";"1";"66";"66136";"2";"1";"1";"6";"KENNEDY (BD JOHN-FITZGERALD)";"42,6866600";"2,9066200"
"201900014082";"29";"7";"2019";"17:30";"1";"63";"63070";"2";"2";"1";"6";"WILSON/Brunmurol";"45,7334900";"3,0639600"
"201900014083";"2";"8";"2019";"09:00";"1";"63";"63014";"2";"9";"1";"3";"PASTEUR (RUE)";"45,7574200";"3,1063900"
"201900014084";"4";"8";"2019";"13:15";"1";"45";"45147";"2";"1";"1";"6";"RUE CONDORCET";"47,9267000";"1,9272000"
"201900014085";"14";"7";"2019";"06:40";"1";"28";"28220";"2";"6";"1";"6";"AVENUE DE LA REPUBLIQUE";"48,4192300";"1,4666100"
"201900014086";"4";"8";"2019";"12:50";"1";"13";"13204";"2";"3";"1";"3";"FRANCOISE DUPARC (BOULEVARD)";"43,3017410";"5,4006430"
"201900014087";"3";"8";"2019";"18:25";"1";"13";"13206";"2";"1";"1";"6";"ROME (RUE DE)";"43,2904000";"5,3812000"
"201900014088";"5";"8";"2019";"18:30";"1";"93";"93057";"2";"1";"1";"6";"HUGO (AV. VICTOR)";"48,9093000";"2,5154000"
"201900014089";"6";"8";"2019";"08:40";"1";"92";"92020";"2";"1";"1";"6";"MERMOZ RUE JEAN";"48,8091900";"2,2915700"
"201900014090";"20";"5";"2019";"16:50";"1";"14";"14286";"1";"1";"1";"1";"Autoroute A29";"49,3696750";"0,2235280"
"201900014091";"5";"8";"2019";"15:30";"1";"13";"13211";"1";"1";"1";"3";"A50-Sens Marseille vers Aubagne";"43,2867400";"5,4349000"
"201900014092";"4";"8";"2019";"05:00";"3";"93";"93013";"1";"1";"1";"3";"AUTOROUTE A1";"48,9414600";"2,4288300"
"201900014093";"6";"8";"2019";"14:30";"1";"988";"98818";"2";"3";"1";"3";"IEKAWE (RUE JACQUES)";" -22,2484100";"166,4637900"
"201900014094";"5";"8";"2019";"15:12";"1";"988";"98818";"2";"3";"8";"6";"RUE LAVOISIER/RUE REAUMUR";" -22,2399382";"166,4445180"
"201900014095";"4";"8";"2019";"21:38";"5";"988";"98818";"1";"1";"1";"7";"ROUTE PROVINCIALE DU NORMANDIE";" -22,2493125";"166,4519745"
"201900014096";"4";"8";"2019";"23:25";"5";"976";"97611";"2";"1";"1";"6";"cavani-Cavani (route de)";" -12,7828000";"45,2209400"
"201900014097";"6";"8";"2019";"16:40";"1";"974";"97416";"1";"9";"1";"2";"RN 01";" -21,3284009";"55,4521133"
"201900014098";"6";"8";"2019";"08:55";"1";"974";"97416";"2";"1";"1";"6";"HUBERT (RUE JOSEPH)";" -21,3324100";"55,4736100"
"201900014099";"5";"8";"2019";"06:20";"2";"974";"97416";"2";"9";"1";"3";"BANK (BOULEVARD)";" -21,3301200";"55,4721100"
"201900014100";"5";"8";"2019";"08:30";"1";"974";"97411";"2";"1";"1";"2";"LANCASTEL (BOULEVARD)";" -20,8828100";"55,4644400"
"201900014101";"4";"8";"2019";"00:20";"5";"973";"97302";"2";"3";"1";"6";"EBOUE (ROCADE FELIX)";"4,9359713";" -52,3077214"
"201900014102";"4";"8";"2019";"16:00";"1";"973";"97302";"2";"1";"1";"6";"14 ET 22 JUIN 1962";"4,9340900";" -52,3271620"
"201900014103";"6";"8";"2019";"21:05";"5";"69";"69199";"2";"1";"1";"6";"ARISTIDE BRIAND                     (AV)";"45,7068000";"4,8598700"
"201900014104";"6";"8";"2019";"17:55";"1";"69";"69387";"2";"1";"3";"2";"VIENNE (DE)                         (RO)";"45,7448400";"4,8492800"
"201900014105";"5";"8";"2019";"12:50";"1";"69";"69386";"2";"1";"1";"6";"INKERMANN (D')                      (R )";"45,7644300";"4,8657800"
"201900014106";"5";"8";"2019";"06:00";"2";"69";"69386";"2";"1";"1";"6";"CHARLES DE GAULLE                   (QU)";"45,7773900";"4,8443200"
"201900014107";"5";"8";"2019";"11:05";"1";"972";"97213";"2";"1";"1";"4";"AUTOROUTE A1";"14,5974280";" -60,9933300"
"201900014108";"6";"8";"2019";"17:30";"1";"69";"69149";"2";"1";"3";"3";"GRANDE RUE                          (GR)";"45,7187400";"4,8102900"
"201900014109";"6";"8";"2019";"16:30";"1";"69";"69034";"2";"1";"8";"6";"GEORGES CLEMENCEAU                  (QU)";"45,8152000";"4,8523200"
"201900014110";"6";"8";"2019";"13:10";"1";"69";"69381";"2";"2";"1";"3";"CROIX ROUSSE (DE LA)                (BD)";"45,7739900";"4,8271600"
"201900014111";"6";"8";"2019";"15:27";"1";"2B";"2B120";"2";"1";"1";"2";"LAGUNE (Route de la) D107";"42,6470500";"9,4538000"
"201900014112";"5";"8";"2019";"07:55";"1";"2B";"2B037";"2";"1";"1";"6";"MARANA (ROUTE)";"42,6139500";"9,4801600"
"201900014113";"3";"8";"2019";"02:45";"5";"971";"97101";"1";"9";"1";"3";"JEAN  IGNACE (RUE) ";"16,2499900";" -61,5195510"
"201900014114";"5";"8";"2019";"15:10";"1";"2A";"2A004";"2";"1";"1";"2";"SARTENE ANCIENNE ROUTE";"41,9295328";"8,7732617"
"201900014115";"3";"8";"2019";"19:30";"1";"91";"91521";"2";"1";"1";"2";"MONTHLERY (CHEMIN DE)";"48,6434900";"2,4014800"
"201900014116";"5";"8";"2019";"14:16";"1";"87";"87085";"2";"1";"1";"6";"ALLENDE (QUAI SALVADOR)";"45,8178600";"1,2549000"
"201900014117";"1";"8";"2019";"17:43";"1";"87";"87085";"1";"1";"1";"3";"42 GROSSEREIX (ROUTE DES)";"45,8943900";"1,2888200"
"201900014118";"3";"8";"2019";"04:33";"5";"87";"87085";"2";"2";"1";"3";"VIGENAL (BOULEVARD DU)";"45,8484300";"1,2454800"
"201900014119";"5";"8";"2019";"22:40";"3";"83";"83137";"2";"1";"1";"3";"15EME CORPS (AVE DU)";"43,1283800";"5,9164000"
"201900014120";"5";"8";"2019";"18:20";"1";"83";"83137";"2";"1";"1";"4";"LE CHATELIER (AVE ANDRE)";"43,1395730";"5,8975100"
"201900014121";"5";"8";"2019";"11:25";"1";"83";"83129";"2";"1";"1";"2";"MER (AVENUE DE LA) N° PAIRS";"43,0972900";"5,8297300"
"201900014122";"6";"8";"2019";"06:00";"2";"83";"83009";"2";"9";"1";"6";"RAIMU (RUE)";"43,1352900";"5,7509200"
"201900014123";"6";"8";"2019";"10:15";"1";"82";"82121";"1";"2";"1";"3";"FERRIE (CHEMIN DE)";"44,0308240";"1,3994690"
"201900014124";"4";"8";"2019";"15:10";"1";"79";"79191";"2";"1";"1";"2";"Rue du 14 juillet";"46,3223400";" -0,4571100"
"201900014125";"2";"8";"2019";"19:25";"1";"77";"77114";"2";"1";"1";"2";"D216-CHARLES PATHE (RUE)";"48,7275326";"2,6706003"
"201900014126";"5";"8";"2019";"16:06";"1";"76";"76351";"2";"3";"1";"6";"BAYARD";"49,5068500";"0,0946000"
"201900014127";"5";"8";"2019";"17:05";"1";"74";"74298";"2";"1";"1";"7";"TANINGES (ROUTE DE )";"46,1899200";"6,2617700"
"201900014128";"29";"7";"2019";"01:39";"5";"74";"74133";"2";"1";"1";"3";"CHATEAU D'EAU (RUE DU)";"46,1829000";"6,2090000"
"201900014129";"3";"8";"2019";"19:00";"1";"72";"72181";"2";"6";"1";"3";"BONNETABLE STOC (RTE)";"48,0175400";"0,2185100"
"201900014130";"5";"8";"2019";"20:15";"1";"71";"71306";"2";"1";"1";"7";"RN 70 (ROUTE EXPRESS)";"46,6876690";"4,3608000"
"201900014131";"4";"8";"2019";"11:50";"1";"71";"71306";"2";"1";"1";"5";"METZ (RUE DE)";"46,6668900";"4,3717900"
"201900014132";"5";"8";"2019";"18:50";"1";"69";"69275";"2";"1";"1";"1";"GREBES (DES)                        (CH)";"45,7768200";"4,9733300"
"201900014133";"3";"8";"2019";"10:56";"1";"69";"69290";"2";"1";"1";"1";"AVIATION (DE L')                    (R )";"45,7214200";"4,9339000"
"201900014134";"1";"8";"2019";"18:44";"1";"68";"68066";"2";"2";"1";"3";"POINCARE (AVENUE RAYMOND)";"48,0713500";"7,3497600"
"201900014135";"1";"8";"2019";"11:56";"1";"68";"68066";"2";"2";"1";"2";"LOGELBACH ( RUE DU)";"48,0833000";"7,3403200"
"201900014136";"3";"8";"2019";"04:55";"5";"67";"67482";"2";"1";"1";"6";"FRANCOIS EPAILLY (RUE)";"48,5721500";"7,7933300"
"201900014137";"2";"8";"2019";"22:15";"5";"67";"67482";"2";"1";"1";"6";"COLMAR (AVENUE DE)";"48,5528140";"7,7438430"
"201900014138";"6";"8";"2019";"11:40";"1";"64";"64545";"1";"1";"8";"2";"BRETELLE DE SOCOA RD 913 (BRETELLE)";"43,3749131";" -1,6855584"
"201900014139";"5";"8";"2019";"12:30";"1";"64";"64260";"2";"1";"8";"2";"PELLOT (RUE)";"43,3598000";" -1,7717800"
"201900014140";"5";"8";"2019";"17:37";"1";"64";"64445";"2";"3";"1";"3";"RECTEUR JEAN SARRAILH";"43,3081300";" -0,3764800"
"201900014141";"4";"8";"2019";"06:35";"5";"64";"64129";"2";"1";"1";"6";"FARADAY";"43,3013600";" -0,4052900"
"201900014142";"6";"8";"2019";"02:31";"5";"64";"64102";"2";"1";"1";"7";"PONT MAYOU";"43,4924100";" -1,4740800"
"201900014143";"4";"8";"2019";"18:40";"1";"64";"64024";"2";"1";"1";"7";"GUYNEMER (AVENUE)";"43,4978648";" -1,5386164"
"201900014144";"22";"6";"2019";"11:40";"1";"62";"62274";"2";"3";"1";"6";"HOCHE (R )";"50,4340200";"2,9976500"
"201900014145";"2";"8";"2019";"19:10";"1";"59";"59512";"2";"1";"1";"3";"BRAME (AVENUE JULES)";"50,6865560";"3,2039920"
"201900014146";"5";"8";"2019";"15:20";"1";"59";"59350";"2";"1";"9";"6";"GARE PLACE DE LA";"50,6435200";"3,0116800"
"201900014147";"2";"8";"2019";"17:40";"1";"59";"59654";"2";"1";"1";"2";"SANCHEZ (RUE MICHEL)";"50,3809300";"3,1205700"
"201900014148";"3";"8";"2019";"10:00";"1";"58";"58194";"2";"1";"1";"2";"BERNARD PALISSY";"46,9875400";"3,1685100"
"201900014149";"2";"8";"2019";"16:10";"1";"58";"58194";"2";"3";"1";"6";"TREIZIEME DE LIGNE";"46,9922900";"3,1450200"
"201900014150";"5";"8";"2019";"09:45";"1";"57";"57672";"2";"1";"1";"5";"ROBERT SCHUMANN (BOULEVARD)";"49,3551900";"6,1710800"
"201900014151";"3";"8";"2019";"12:45";"1";"56";"56121";"2";"1";"1";"2";"BELGIQUE (RUE  DE )";"47,7618200";" -3,3889600"
"201900014152";"3";"8";"2019";"03:00";"4";"56";"56121";"2";"1";"1";"6";"Rampe de l'Amiral";"47,7457700";" -3,3527300"
"201900014153";"29";"7";"2019";"14:10";"1";"54";"54149";"2";"3";"1";"6";"NATIONALE (ROUTE)";"49,4303400";"5,9299200"
"201900014154";"4";"8";"2019";"20:45";"1";"54";"54395";"2";"3";"1";"7";"POINCARE (RUE RAYMOND 31-32 A FIN)";"48,6891400";"6,1689600"
"201900014155";"5";"8";"2019";"18:45";"1";"51";"51055";"2";"1";"1";"2";"BOULEVARD DES TONDEURS";"49,2858886";"4,0286907"
"201900014156";"3";"8";"2019";"15:15";"1";"49";"49328";"2";"1";"1";"2";"DE GAULLE (AVENUE DU GENERAL)";"47,2643400";" -0,0729000"
"201900014157";"5";"8";"2019";"18:30";"1";"49";"49099";"2";"1";"1";"2";"ANGERS (AVENUE D' )";"47,0744311";" -0,8424140"
"201900014158";"5";"8";"2019";"19:10";"1";"49";"49099";"2";"1";"1";"2";"RONTARDIERE (BOULEVARD DE LA)";"47,0564100";" -0,8580000"
"201900014159";"2";"8";"2019";"16:00";"1";"49";"49099";"2";"2";"1";"3";"BIZET (AVENUE GEORGES)";"47,0477300";" -0,8878400"
"201900014160";"3";"8";"2019";"13:30";"1";"49";"49246";"2";"1";"1";"2";"GALLIENI AVENUE";"47,4348600";" -0,5238600"
"201900014161";"2";"8";"2019";"10:30";"1";"49";"49007";"2";"1";"1";"6";"CAMUS BOULEVARD";"47,4823600";" -0,5745900"
"201900014162";"4";"8";"2019";"20:00";"1";"49";"49007";"2";"1";"1";"3";"CHALETS CHEMIN";"47,4923800";" -0,5640500"
"201900014163";"27";"7";"2019";"15:15";"1";"46";"46224";"1";"1";"2";"7";"D8";"44,4815300";"1,3913600"
"201900014164";"6";"8";"2019";"19:45";"1";"45";"45234";"2";"1";"1";"4";"BD DE VERDUN";"47,9067800";"1,9032300"
"201900014165";"4";"8";"2019";"18:15";"1";"42";"42044";"1";"1";"1";"3";"MALAFOLIE -(RUE DE LA)";"45,3937600";"4,2989800"
"201900014166";"3";"8";"2019";"09:00";"1";"41";"41018";"2";"2";"1";"3";"VENDOME (AVENUE DE)";"47,6001900";"1,3197000"
"201900014167";"3";"8";"2019";"10:30";"1";"41";"41018";"2";"1";"1";"5";"CHATEAUDUN (AVENUE DE)";"47,6127400";"1,3278100"
"201900014168";"3";"8";"2019";"19:05";"1";"39";"39300";"2";"1";"1";"3";"PYMONT (CHEMIN DE)";"46,6800000";"5,5554500"
"201900014169";"5";"8";"2019";"22:28";"5";"38";"38185";"2";"1";"1";"6";"Boulevard Joseph Vallier";"45,1800800";"5,7140100"
"201900014170";"5";"8";"2019";"20:00";"1";"37";"37261";"2";"1";"1";"1";"DASSAULT (AVENUE MARCEL)";"47,3635100";"0,6799000"
"201900014171";"5";"8";"2019";"14:55";"1";"37";"37261";"2";"1";"1";"6";"BOYER (RUE LEON)";"47,3909671";"0,6737293"
"201900014172";"5";"8";"2019";"08:39";"1";"37";"37261";"2";"2";"1";"6";"MALRAUX (QUAI ANDRE)";"47,3970000";"0,6920000"
"201900014173";"4";"8";"2019";"18:15";"1";"35";"35353";"1";"1";"1";"7";"N/A";"48,1241000";" -1,7390000"
"201900014174";"6";"8";"2019";"08:45";"1";"34";"34172";"2";"1";"1";"1";"ALCO (ROND-POINT D')";"43,6243640";"3,8365041"
"201900014175";"5";"8";"2019";"13:45";"1";"34";"34172";"1";"1";"1";"4";"MENDES FRANCE (AVENUE PRESIDENT PIERRE";"43,6076700";"3,9230000"
"201900014176";"5";"8";"2019";"08:50";"1";"34";"34172";"2";"1";"1";"2";"MONDIAL 98 (AVENUE DU)";"43,6027400";"3,9045100"
"201900014177";"5";"8";"2019";"01:45";"5";"34";"34172";"2";"2";"1";"6";"PAVELET (AVENUE DU COLONEL)";"43,5824000";"3,8632000"
"201900014178";"4";"8";"2019";"00:00";"5";"34";"34172";"2";"3";"1";"3";"CLEMENCEAU (AVENUE GEORGES)";"43,6032755";"3,8719712"
"201900014179";"6";"8";"2019";"03:55";"5";"33";"33063";"2";"1";"1";"7";"RUE MALBEC";"44,8231800";" -0,5667000"
"201900014180";"5";"8";"2019";"18:35";"1";"33";"33013";"2";"1";"1";"1";"AVE DU TECHENEY";"44,8716200";" -0,4762900"
"201900014181";"5";"8";"2019";"12:00";"1";"33";"33318";"2";"2";"1";"3";"LEVEQUE (AVE DU HAUT)";"44,7906800";" -0,6574800"
"201900014182";"5";"8";"2019";"08:50";"1";"33";"33069";"2";"2";"9";"2";"Bd Pierre 1er / Av de Tivoli (Le Bouscat)";"44,8570620";" -0,5911490"
"201900014183";"4";"8";"2019";"21:05";"1";"33";"33550";"2";"2";"1";"3";"CHEM DE CAMPARIAN";"44,7767300";" -0,5704500"
"201900014184";"4";"8";"2019";"01:00";"5";"33";"33529";"1";"1";"1";"1";"AERODROME (AVE DE L')";"44,6043600";" -1,1260100"
"201900014185";"5";"8";"2019";"12:45";"1";"33";"33009";"2";"2";"1";"3";"RAPP (AVE)";"44,6583500";" -1,1803600"
"201900014186";"5";"8";"2019";"17:30";"1";"29";"29051";"1";"1";"1";"7";"RN 165";"48,0012200";" -4,0518700"
"201900014187";"5";"8";"2019";"07:35";"1";"29";"29232";"2";"6";"2";"6";"ROSPORDEN ROUTE DE";"47,9910005";" -4,0727027"
"201900014188";"5";"8";"2019";"23:00";"5";"27";"27681";"2";"1";"1";"6";"PETIT VAL (CHEMIN DU)";"49,0759800";"1,5077380"
"201900014189";"5";"8";"2019";"09:30";"1";"27";"27681";"2";"1";"1";"4";"JAURES (BOULEVARD JAURES)";"49,0945000";"1,4676000"
"201900014190";"5";"8";"2019";"18:10";"1";"26";"26198";"2";"2";"1";"3";"FORTUNEAU (Chemin de)";"44,5393100";"4,7317500"
"201900014191";"4";"8";"2019";"10:35";"1";"26";"26198";"2";"6";"1";"3";"ALLAN (Route d')";"44,5371410";"4,7643370"