"Num_Acc";"jour";"mois";"an";"hrmn";"lum";"dep";"com";"agg";"int";"atm";"col";"adr";"lat";"long"
"201900014192";"2";"8";"2019";"05:45";"2";"25";"25539";"2";"9";"1";"1";"BERNE (RUE DE)";"47,4544060";"6,8753330"
"201900014193";"5";"8";"2019";"00:25";"5";"25";"25056";"2";"5";"2";"7";"LANGUEDOC RUE DU";"47,2197000";"5,9654000"
"201900014194";"3";"8";"2019";"08:40";"1";"17";"17306";"2";"9";"1";"3";"CLEMENCEAU  GEORGES (BD)";"45,6275000";" -1,0201000"
"201900014195";"3";"8";"2019";"12:15";"1";"17";"17291";"1";"1";"1";"7";"RN 237";"46,1790740";" -1,1292760"
"201900014196";"3";"8";"2019";"12:00";"1";"17";"17299";"2";"6";"1";"3";"VERCORS BD DU";"45,9481980";" -0,9674090"
"201900014197";"5";"8";"2019";"07:20";"1";"16";"16102";"2";"2";"1";"3";"Avue Victor Hugo";"45,6899600";" -0,3193600"
"201900014198";"3";"8";"2019";"16:30";"1";"14";"14715";"2";"1";"1";"6";"JOHN FITZGERALD KENNEDY (AVENUE)";"49,3703400";"0,1033700"
"201900014199";"6";"8";"2019";"17:25";"1";"14";"14366";"2";"1";"1";"2";"LOUIS PASTEUR (BOULEVARD)";"49,1426600";"0,2238400"
"201900014200";"5";"8";"2019";"07:30";"1";"14";"14366";"2";"1";"1";"1";"JEAN XXIII (AVENUE)";"49,1424600";"0,2478640"
"201900014201";"6";"8";"2019";"02:05";"5";"14";"14243";"2";"1";"1";"6";"HOUSSAUE (AVENUE CHARLES)";"49,3972300";"0,2126900"
"201900014202";"6";"8";"2019";"11:00";"1";"14";"14587";"1";"1";"1";"7";"RN N° 13 ( DE ST GERMAIN A  ROTS)";"49,1912900";" -0,4211000"
"201900014203";"5";"8";"2019";"17:40";"1";"13";"13102";"2";"1";"1";"2";"ROBERT FERRISSE (BD )";"43,4196380";"5,2409160"
"201900014204";"6";"8";"2019";"11:15";"1";"13";"13075";"2";"1";"1";"3";"LOUIS PASTEUR (AVE)";"43,3565150";"5,4666130"
"201900014205";"6";"8";"2019";"06:55";"1";"13";"13215";"1";"9";"1";"3";"LITTORAL (CHEMIN DU)";"43,3450660";"5,3459540"
"201900014206";"6";"8";"2019";"08:40";"1";"13";"13206";"2";"3";"1";"3";"PARADIS (RUE)";"43,2844400";"5,3805800"
"201900014207";"4";"8";"2019";"21:45";"5";"13";"13207";"2";"3";"1";"3";"CHARLES LIVON (BOULEVARD)";"43,2922600";"5,3630600"
"201900014208";"4";"8";"2019";"12:55";"1";"13";"13215";"2";"3";"1";"6";"131, SAINT LOUIS (AVENUE DE)";"43,3477440";"5,3589900"
"201900014209";"4";"8";"2019";"11:00";"1";"13";"13207";"2";"1";"1";"3";"Corniche John Fitzgérald Kennedy";"43,2861716";"5,3511757"
"201900014210";"4";"8";"2019";"03:15";"5";"13";"13211";"2";"1";"1";"6";"SABLIERE (ROUTE DE LA)";"43,2930000";"5,4790000"
"201900014211";"4";"8";"2019";"07:15";"1";"13";"13208";"2";"1";"1";"3";"ROUET (RUE DU)";"43,2765023";"5,3943783"
"201900014212";"4";"8";"2019";"19:30";"1";"13";"13047";"1";"1";"1";"7";"SAINT CHAMAS ROUTE DE";"43,5360190";"5,0121640"
"201900014213";"6";"8";"2019";"00:10";"5";"13";"13028";"2";"1";"1";"3";"GASSION (AVENUE FERNAND )";"43,1827800";"5,6053900"
"201900014214";"4";"8";"2019";"21:15";"2";"13";"13028";"2";"1";"1";"1";"SEVERIERS (CHEMIN DES)";"43,2026200";"5,6157400"
"201900014215";"4";"8";"2019";"21:45";"5";"11";"11069";"2";"1";"1";"7";"BLERIOT LOUIS";"43,2262200";"2,3380280"
"201900014216";"6";"8";"2019";"19:20";"1";"10";"10387";"2";"1";"7";"6";"EUROPE (RUE DE)";"48,3055000";"4,0923000"
"201900014217";"3";"8";"2019";"12:05";"1";"7";"07102";"2";"6";"1";"7";"CURIE (>RUE PIERRE)[N° AU N°]";"44,9384060";"4,8820650"
"201900014218";"4";"8";"2019";"10:00";"1";"7";"07116";"1";"1";"1";"1";"102 ( ROUTE NATIONALE )";"44,6409500";"4,3704090"
"201900014219";"6";"8";"2019";"06:50";"1";"6";"06088";"2";"6";"1";"3";"GRAVIER (AV.)";"43,7242600";"7,2594900"
"201900014220";"5";"8";"2019";"21:36";"2";"6";"06088";"2";"2";"1";"3";"PHOCEENS (AV. DES)";"43,6952000";"7,2691100"
"201900014221";"6";"8";"2019";"14:50";"1";"6";"06069";"2";"1";"1";"7";"PEGOMAS (ROUTE DE)";"43,6431950";"6,9381220"
"201900014222";"5";"8";"2019";"13:40";"1";"6";"06069";"2";"1";"1";"7";"POMPIDOU (AVENUE GEORGES) -RD 6085";"43,6473020";"6,9366140"
"201900014223";"4";"8";"2019";"09:45";"1";"6";"06069";"2";"1";"1";"5";"SAINT LAURENT (AVENUE)";"43,6798627";"6,9578299"
"201900014224";"4";"8";"2019";"12:00";"1";"5";"05061";"2";"4";"1";"3";"CHAMPS FORAIN ( CHEMIN DE )";"44,5805700";"6,1106600"
"201900014225";"2";"8";"2019";"18:30";"1";"5";"05061";"1";"1";"1";"3";"VEYNES ( ROUTE DE )";"44,5576600";"6,0534800"
"201900014226";"4";"8";"2019";"13:15";"1";"5";"05023";"2";"1";"1";"3";"PROVENCE (AVENUE DE)";"44,8985000";"6,6287000"
"201900014227";"5";"8";"2019";"17:45";"1";"3";"03001";"1";"1";"1";"3";"route d'Hauterive";"46,0966629";"3,4329619"
"201900014228";"4";"8";"2019";"15:20";"1";"3";"03095";"2";"1";"1";"1";"allée Mesdames";"46,1346139";"3,4458895"
"201900014229";"30";"7";"2019";"09:30";"1";"3";"03095";"2";"1";"1";"6";"route de Paris";"46,1390227";"3,4564168"
"201900014230";"6";"8";"2019";"06:50";"5";"75";"75115";"2";"1";"1";"6";"RUE ERNEST RENAN";"48,8437370";"2,3096450"
"201900014231";"6";"8";"2019";"05:06";"2";"75";"75114";"2";"3";"1";"6";"AVENUE DU GENERAL LECLERC";"48,8239542";"2,3257182"
"201900014232";"5";"8";"2019";"20:44";"2";"75";"75101";"2";"1";"1";"7";"QUAI DES TUILERIES";"48,8630797";"2,3232082"
"201900014233";"3";"8";"2019";"11:40";"1";"75";"75114";"2";"4";"1";"3";"BD PERIPHERIQUE EXTERIEUR";"48,8240344";"2,3074749"
"201900014234";"6";"8";"2019";"16:30";"1";"75";"75119";"2";"7";"3";"3";"AVENUE DE LA PORTE DES LILAS";"48,8777771";"2,4081677"
"201900014235";"5";"8";"2019";"10:40";"1";"75";"75120";"2";"2";"1";"3";"RUE PAGANINI";"48,8513042";"2,4118916"
"201900014236";"4";"8";"2019";"20:30";"1";"75";"75120";"2";"2";"1";"3";"BOULEVARD DE BELLEVILLE";"48,8701060";"2,3793180"
"201900014237";"4";"8";"2019";"17:30";"1";"75";"75119";"2";"1";"1";"3";"AVENUE CORENTIN CARIOU";"48,8954010";"2,3830680"
"201900014238";"4";"8";"2019";"15:15";"1";"75";"75119";"2";"3";"1";"2";"RUE DE CRIMEE";"48,8885521";"2,3791984"
"201900014239";"6";"8";"2019";"00:01";"5";"75";"75118";"2";"1";"1";"3";"BOULEVARD ORNANO";"48,8972268";"2,3449615"
"201900014240";"6";"8";"2019";"00:10";"5";"75";"75117";"2";"2";"1";"3";"AVENUE DE CLICHY";"48,8943012";"2,3137646"
"201900014241";"4";"8";"2019";"16:10";"1";"75";"75117";"2";"1";"1";"3";"AVENUE DE WAGRAM";"48,8866000";"2,3043730"
"201900014242";"5";"8";"2019";"05:40";"5";"75";"75117";"2";"7";"1";"3";"RUE DU CAPORAL PEUGEOT";"48,8879509";"2,2885627"
"201900014243";"6";"8";"2019";"10:28";"1";"75";"75114";"2";"2";"1";"3";"AVENUE DE LA PORTE D ORLEANS";"48,8219189";"2,3253840"
"201900014244";"5";"8";"2019";"14:40";"1";"75";"75114";"2";"2";"1";"6";"RUE VERCINGETORIX";"48,8331710";"2,3120850"
"201900014245";"4";"8";"2019";"19:35";"1";"75";"75114";"2";"1";"1";"6";"BOULEVARD BRUNE";"48,8239930";"2,3223370"
"201900014246";"5";"8";"2019";"18:45";"1";"75";"75113";"2";"3";"1";"3";"QUAI D IVRY";"48,8251187";"2,3887378"
"201900014247";"6";"8";"2019";"12:25";"1";"75";"75112";"2";"3";"1";"6";"RUE DU SERGENT BAUCHAT";"48,8442104";"2,3902695"
"201900014248";"5";"8";"2019";"20:45";"2";"75";"75112";"2";"7";"1";"6";"PLACE EDOUARD RENARD";"48,8353618";"2,4065982"
"201900014249";"5";"8";"2019";"08:50";"1";"75";"75112";"2";"1";"1";"6";"SOUTERRAIN VAN GOGH";"48,8437780";"2,3712140"
"201900014250";"4";"8";"2019";"16:40";"1";"75";"75112";"2";"2";"1";"3";"AVENUE DAUMESNIL";"48,8479750";"2,3739470"
"201900014251";"3";"8";"2019";"22:15";"5";"75";"75112";"2";"2";"1";"7";"RUE DE CHARENTON";"48,8466160";"2,3787590"
"201900014252";"6";"8";"2019";"08:30";"1";"75";"75111";"2";"2";"1";"3";"RUE DE CHARONNE";"48,8557651";"2,3913253"
"201900014253";"5";"8";"2019";"12:50";"1";"75";"75111";"2";"2";"1";"3";"AVENUE PARMENTIER";"48,8670010";"2,3732210"
"201900014254";"2";"6";"2019";"22:32";"3";"91";"91471";"1";"1";"1";"2";"RN 118";"48,7144900";"2,1754100"
"201900014255";"2";"6";"2019";"17:30";"1";"91";"91340";"1";"1";"1";"4";"RN 104";"48,6094100";"2,4408500"
"201900014256";"2";"6";"2019";"14:50";"1";"94";"94034";"1";"1";"1";"3";"AUTOROUTE A6A";"48,7593100";"2,3377300"
"201900014257";"1";"6";"2019";"07:40";"1";"91";"91216";"1";"1";"1";"7";"AUTOROUTE A6";"48,6828000";"2,3295000"
"201900014258";"1";"6";"2019";"13:20";"1";"91";"91589";"1";"1";"1";"2";"AUTOROUTE A6";"48,6738000";"2,3428300"
"201900014259";"1";"6";"2019";"11:42";"1";"91";"91064";"1";"1";"1";"7";"RN 118";"48,7487000";"2,2171000"
"201900014260";"30";"5";"2019";"20:00";"1";"94";"94037";"1";"1";"1";"2";"AUTOROUTE A6B";"48,8102000";"2,3496000"
"201900014261";"30";"5";"2019";"17:30";"1";"77";"77251";"1";"1";"1";"3";"AUTOROUTE A5A";"48,6308439";"2,5361090"
"201900014262";"30";"5";"2019";"20:50";"1";"91";"91689";"1";"1";"1";"2";"AUTOROUTE A6B";"48,7416900";"2,3197900"
"201900014263";"19";"6";"2019";"17:15";"1";"78";"78402";"1";"1";"1";"3";"A13";"48,9647600";"1,7673660"
"201900014264";"19";"6";"2019";"06:50";"1";"92";"92012";"1";"1";"1";"5";"A13";"48,8482211";"2,2377536"
"201900014265";"18";"6";"2019";"22:45";"5";"92";"92062";"1";"1";"1";"7";"AUTOROUTE A15";"48,8876200";"2,2511900"
"201900014266";"18";"6";"2019";"08:19";"1";"92";"92012";"1";"1";"1";"6";"A13";"48,8484378";"2,2411358"
"201900014267";"18";"6";"2019";"08:23";"1";"92";"92036";"1";"1";"1";"4";"A86";"48,9361128";"2,2878626"
"201900014268";"17";"6";"2019";"09:36";"1";"78";"78090";"1";"1";"1";"4";"A13";"48,9703000";"1,8977000"
"201900014269";"16";"6";"2019";"18:40";"1";"78";"78238";"1";"1";"1";"6";"A13";"48,9706600";"1,8779900"
"201900014270";"16";"6";"2019";"17:10";"1";"78";"78672";"1";"1";"1";"4";"A13";"48,9295000";"1,9845000"
"201900014271";"16";"6";"2019";"16:40";"1";"78";"78291";"1";"1";"1";"4";"A13";"48,9653000";"1,7569000"
"201900014272";"16";"6";"2019";"06:25";"1";"92";"92047";"1";"1";"1";"7";"A13";"48,8359887";"2,1822133"
"201900014273";"15";"6";"2019";"22:45";"4";"78";"78043";"1";"1";"1";"7";"A12 W";"48,8269800";"2,0773900"
"201900014274";"14";"6";"2019";"17:40";"1";"78";"78165";"1";"1";"1";"2";"RN12 INT";"48,7992950";"1,9887840"
"201900014275";"12";"6";"2019";"17:50";"1";"78";"78640";"1";"1";"2";"2";"A86 EXT";"48,7773460";"2,2235190"
"201900014276";"12";"6";"2019";"08:59";"1";"78";"78551";"1";"1";"1";"2";"SE A14";"48,9066420";"2,0543790"
"201900014277";"12";"6";"2019";"08:50";"1";"78";"78206";"1";"1";"1";"3";"A13";"48,9573430";"1,9349060"
"201900014278";"11";"6";"2019";"18:05";"1";"78";"78531";"1";"1";"3";"3";"A13";"48,9878830";"1,6595670"
"201900014279";"11";"6";"2019";"13:30";"1";"78";"78118";"1";"1";"1";"4";"A13";"48,9858540";"1,6699920"
"201900014280";"11";"6";"2019";"12:10";"1";"78";"78571";"1";"1";"1";"6";"A13";"48,8685070";"2,0314740"
"201900014281";"10";"6";"2019";"08:45";"1";"78";"78206";"1";"1";"1";"2";"A13";"48,9680140";"1,9194240"
"201900014282";"11";"6";"2019";"07:30";"1";"92";"92050";"1";"1";"1";"3";"AUTOROUTE A86";"48,9171649";"2,2221215"
"201900014283";"9";"6";"2019";"14:30";"1";"92";"92062";"1";"1";"1";"6";"RN1014 W";"48,8918460";"2,2390152"
"201900014284";"8";"6";"2019";"22:55";"3";"78";"78073";"1";"1";"1";"5";"N12Y";"48,7969710";"2,0218450"
"201900014285";"8";"6";"2019";"13:20";"1";"78";"78455";"1";"1";"1";"2";"A13";"48,8609150";"2,0466230"
"201900014286";"8";"6";"2019";"11:00";"1";"92";"92047";"1";"1";"1";"2";"A13";"48,8358096";"2,1808319"
"201900014287";"8";"6";"2019";"03:00";"3";"78";"78423";"1";"1";"1";"6";"N12W";"48,7954400";"2,0467800"
"201900014288";"5";"6";"2019";"12:45";"3";"92";"92036";"1";"1";"2";"6";"AUTOROUTE A15";"48,9366061";"2,2912502"
"201900014289";"5";"6";"2019";"10:00";"1";"78";"78291";"1";"1";"1";"6";"A13";"48,9652600";"1,7573700"
"201900014290";"4";"6";"2019";"19:50";"1";"92";"92036";"1";"1";"1";"6";"A86";"48,9337029";"2,2768363"
"201900014291";"3";"6";"2019";"17:45";"1";"78";"78362";"1";"1";"1";"4";"A13";"48,9782700";"1,7100700"
"201900014292";"3";"6";"2019";"08:00";"1";"92";"92050";"1";"1";"1";"2";"A86";"48,8934827";"2,1888582"
"201900014293";"1";"6";"2019";"21:35";"2";"78";"78090";"1";"1";"1";"5";"A13";"48,9703240";"1,9068750"
"201900014294";"31";"5";"2019";"10:15";"1";"78";"78455";"1";"1";"1";"2";"A13";"48,8616800";"2,0451700"
"201900014295";"19";"6";"2019";"08:50";"1";"93";"93064";"1";"1";"1";"2";"AUTOROUTE A86";"48,8620000";"2,4833700"
"201900014296";"19";"6";"2019";"08:40";"1";"95";"95351";"1";"1";"2";"7";"RN 104";"49,0392400";"2,4836600"
"201900014297";"18";"6";"2019";"19:20";"1";"95";"95218";"1";"1";"1";"3";"AUTOROUTE A15";"49,0361800";"2,0952800"
"201900014298";"18";"6";"2019";"13:50";"1";"93";"93029";"1";"1";"1";"2";"AUTOROUTE A86";"48,9260800";"2,4224300"
"201900014299";"18";"6";"2019";"09:30";"1";"93";"93064";"1";"1";"1";"2";"AUTOROUTE A86";"48,8808100";"2,4752600"
"201900014300";"17";"6";"2019";"13:00";"1";"93";"93007";"1";"1";"1";"4";"AUTOROUTE A3";"48,9189600";"2,4786300"
"201900014301";"18";"6";"2019";"02:00";"5";"93";"93066";"1";"1";"1";"2";"AUTOROUTE A1";"48,9129900";"2,3577900"
"201900014302";"17";"6";"2019";"14:50";"1";"93";"93027";"1";"1";"1";"3";"AUTOROUTE A86";"48,9277300";"2,4098300"
"201900014303";"17";"6";"2019";"12:15";"1";"93";"93007";"1";"1";"1";"3";"AUTOROUTE A3";"48,9250500";"2,4810600"
"201900014304";"17";"6";"2019";"10:20";"1";"93";"93064";"1";"1";"1";"3";"AUTOROUTE A86";"48,8718700";"2,4815600"
"201900014305";"17";"6";"2019";"08:35";"1";"92";"92036";"1";"1";"1";"3";"A15";"48,9344032";"2,2568905"
"201900014306";"17";"6";"2019";"07:45";"1";"95";"95241";"1";"1";"1";"7";"RN 104";"49,0459700";"2,4429700"
"201900014307";"16";"6";"2019";"19:56";"1";"95";"95572";"1";"9";"1";"6";"AUTOROUTE A15";"49,0312100";"2,1200300"
"201900014308";"16";"6";"2019";"23:45";"4";"93";"93048";"1";"1";"1";"2";"AUTOROUTE A86";"48,8628300";"2,4829700"
"201900014309";"16";"6";"2019";"19:05";"1";"95";"95154";"1";"1";"1";"4";"AUTOROUTE A1";"49,0354300";"2,5407900"
"201900014310";"16";"6";"2019";"18:30";"1";"95";"95277";"1";"1";"1";"2";"AUTOROUTE A3";"48,9731800";"2,4864900"
"201900014311";"16";"6";"2019";"10:50";"1";"60";"60612";"1";"1";"1";"6";"AUTOROUTE A1";"49,1780600";"2,6036600"
"201900014312";"15";"6";"2019";"09:35";"1";"95";"95607";"1";"1";"1";"7";"AUTOROUTE A115";"49,0371200";"2,1940900"
"201900014313";"15";"6";"2019";"20:00";"2";"95";"95028";"1";"1";"1";"7";"RN 104";"49,0611600";"2,3585200"
"201900014314";"15";"6";"2019";"10:00";"1";"95";"95395";"1";"1";"1";"6";"RN 104";"49,0681400";"2,3932100"
"201900014315";"15";"6";"2019";"12:00";"1";"60";"60494";"1";"1";"1";"2";"AUTOROUTE A1";"49,1315500";"2,5605500"
"201900014316";"15";"6";"2019";"07:00";"1";"95";"95256";"1";"1";"1";"6";"RN 184";"49,0570200";"2,2066900"
"201900014317";"15";"6";"2019";"01:15";"3";"93";"93005";"1";"1";"2";"3";"AUTOROUTE A3";"48,9285900";"2,4814900"
"201900014318";"14";"6";"2019";"17:10";"1";"93";"93066";"1";"1";"1";"2";"AUTOROUTE A1";"48,9193600";"2,3575400"
"201900014319";"14";"6";"2019";"14:45";"1";"93";"93010";"1";"1";"1";"3";"AUTOROUTE A3";"48,8997300";"2,4693900"
"201900014320";"14";"6";"2019";"15:15";"1";"93";"93007";"1";"1";"1";"5";"AUTOROUTE A3";"48,9198200";"2,4790300"
"201900014321";"14";"6";"2019";"08:15";"1";"93";"93030";"1";"1";"1";"5";"AUTOROUTE A1";"48,9396400";"2,4209400"
"201900014322";"13";"6";"2019";"19:15";"1";"93";"93073";"1";"1";"1";"7";"AUTOROUTE A104";"48,9663600";"2,5594800"
"201900014323";"13";"6";"2019";"18:45";"1";"93";"93027";"1";"1";"1";"2";"AUTOROUTE A86";"48,9240500";"2,3873400"
"201900014324";"13";"6";"2019";"16:00";"1";"95";"95241";"1";"1";"1";"6";"RN 104";"49,0477600";"2,4643900"
"201900014325";"12";"6";"2019";"21:45";"2";"93";"93027";"1";"1";"1";"6";"BDL";"48,9271000";"2,4034300"
"201900014326";"12";"6";"2019";"19:50";"1";"93";"93005";"1";"1";"1";"2";"AUTOROUTE A3";"48,9601600";"2,4735100"
"201900014327";"12";"6";"2019";"20:15";"1";"93";"93005";"1";"1";"2";"3";"AUTOROUTE A3";"48,9566300";"2,4731600"
"201900014328";"12";"6";"2019";"15:55";"1";"93";"93066";"1";"1";"1";"2";"AUTOROUTE A1";"48,9244700";"2,3569100"
"201900014329";"12";"6";"2019";"08:10";"1";"93";"93053";"1";"1";"1";"3";"AUTOROUTE A3";"48,8868900";"2,4738700"
"201900014330";"11";"6";"2019";"22:00";"2";"92";"92078";"1";"1";"3";"6";"AUTOROUTE A86";"48,9283600";"2,3316000"
"201900014331";"11";"6";"2019";"20:10";"1";"95";"95252";"1";"1";"2";"7";"AUTOROUTE A15";"48,9764300";"2,2362400"
"201900014332";"11";"6";"2019";"19:20";"1";"95";"95018";"1";"1";"1";"3";"AUTOROUTE A15";"48,9613800";"2,2689800"
"201900014333";"11";"6";"2019";"17:20";"1";"95";"95277";"1";"1";"1";"7";"AUTOROUTE A104";"48,9734500";"2,4856900"
"201900014334";"11";"6";"2019";"17:15";"1";"95";"95351";"1";"1";"1";"5";"RN 104";"49,0280800";"2,5055600"
"201900014335";"10";"6";"2019";"21:50";"2";"60";"60631";"1";"1";"1";"7";"AUTOROUTE A1";"49,1447300";"2,5764100"
"201900014336";"10";"6";"2019";"16:45";"1";"95";"95018";"1";"1";"1";"5";"AUTOROUTE A15";"48,9602942";"2,2706571"
"201900014337";"10";"6";"2019";"00:35";"3";"93";"93027";"1";"1";"1";"7";"AUTOROUTE A86";"48,9220300";"2,3783500"
"201900014338";"9";"6";"2019";"18:40";"1";"95";"95678";"1";"1";"1";"3";"RN 184";"49,0594000";"2,2107900"
"201900014339";"9";"6";"2019";"06:00";"2";"95";"95277";"1";"1";"1";"6";"RD 170 B6 ";"48,9737500";"2,4852700"
"201900014340";"8";"6";"2019";"19:05";"1";"95";"95018";"1";"1";"1";"2";"AUTOROUTE A15";"48,9505400";"2,2799700"
"201900014341";"8";"6";"2019";"11:25";"1";"95";"95582";"1";"1";"1";"2";"AUTOROUTE A15";"48,9654200";"2,2599100"
"201900014342";"7";"6";"2019";"22:20";"3";"95";"95572";"1";"1";"6";"6";"RN 184";"49,0333400";"2,1111200"
"201900014343";"7";"6";"2019";"15:00";"1";"93";"93007";"1";"1";"1";"4";"AUTOROUTE A1";"48,9492500";"2,4467500"
"201900014344";"7";"6";"2019";"10:45";"1";"93";"93006";"1";"1";"2";"3";"AUTOROUTE A3";"48,8661560";"2,4223060"
"201900014345";"7";"6";"2019";"08:55";"1";"95";"95365";"1";"1";"1";"2";"RN 104";"49,0656900";"2,4064300"
"201900014346";"6";"6";"2019";"22:00";"2";"93";"93066";"1";"1";"1";"2";"AUTOROUTE A1";"48,9102900";"2,3579800"
"201900014347";"6";"6";"2019";"22:05";"2";"93";"93006";"1";"1";"1";"5";"AUTOROUTE A3";"48,8662200";"2,4226900"
"201900014348";"6";"6";"2019";"19:00";"1";"93";"93008";"1";"1";"1";"4";"AUTOROUTE A86";"48,9089800";"2,4482700"
"201900014349";"6";"6";"2019";"16:30";"1";"93";"93053";"1";"1";"1";"5";"AUTOROUTE A86";"48,8993800";"2,4692700"
"201900014350";"6";"6";"2019";"12:35";"1";"92";"92036";"1";"1";"1";"2";"AUTOROUTE A86";"48,9385347";"2,3118508"
"201900014351";"6";"6";"2019";"06:20";"2";"95";"95394";"1";"1";"1";"2";"AUTOROUTE A115";"49,0516100";"2,1822800"
"201900014352";"6";"6";"2019";"03:50";"1";"92";"92002";"1";"1";"8";"7";"AUTOROUTE A86";"48,7624450";"2,3132730"
"201900014353";"6";"6";"2019";"06:00";"2";"95";"95277";"1";"1";"2";"3";"AUTOROUTE A104";"48,9730400";"2,4852100"
"201900014354";"5";"6";"2019";"23:15";"3";"95";"95582";"1";"1";"2";"2";"AUTOROUTE A15";"48,9654000";"2,2599000"
"201900014355";"5";"6";"2019";"16:30";"1";"93";"93078";"1";"1";"2";"4";"AUTOROUTE A104";"48,9632400";"2,5500500"
"201900014356";"19";"5";"2019";"17:35";"1";"93";"93005";"1";"1";"2";"6";"AUTOROUTE A3";"48,9516700";"2,4740500"
"201900014357";"4";"6";"2019";"20:25";"1";"93";"93001";"1";"1";"1";"4";"AUTOROUTE A86";"48,9217000";"2,3776700"
"201900014358";"2";"6";"2019";"15:45";"1";"93";"93013";"1";"1";"1";"4";"AUTOROUTE A1";"48,9408400";"2,4261300"
"201900014359";"1";"6";"2019";"20:30";"1";"93";"93010";"1";"1";"1";"2";"AUTOROUTE A3";"48,8889300";"2,4737600"
"201900014360";"2";"6";"2019";"15:00";"1";"93";"93007";"1";"1";"1";"4";"AUTOROUTE A1";"48,9481000";"2,4446300"
"201900014361";"1";"6";"2019";"00:30";"3";"95";"95018";"1";"1";"1";"2";"AUTOROUTE A15";"48,9626500";"2,2663500"
"201900014362";"31";"5";"2019";"20:15";"1";"93";"93027";"1";"1";"1";"3";"AUTOROUTE A86";"48,9244300";"2,3885200"
"201900014363";"31";"5";"2019";"19:45";"1";"92";"92036";"1";"1";"1";"2";"AUTOROUTE A86";"48,9386418";"2,3106695"
"201900014364";"31";"5";"2019";"11:00";"1";"93";"93006";"1";"1";"1";"3";"AUTOROUTE A3";"48,8648500";"2,4162200"
"201900014365";"31";"5";"2019";"05:45";"2";"93";"93007";"1";"1";"1";"6";"AUTOROUTE A1";"48,9548400";"2,4575000"
"201900014366";"31";"5";"2019";"01:30";"3";"95";"95018";"1";"1";"1";"6";"AUTOROUTE A15";"48,9609000";"2,2701400"
"201900014367";"30";"5";"2019";"23:50";"3";"92";"92036";"1";"1";"1";"6";"AUTOROUTE A15";"48,9472905";"2,2818682"
"201900014368";"30";"5";"2019";"16:20";"1";"95";"95212";"1";"1";"1";"2";"RN 104";"49,0259300";"2,5361300"
"201900014369";"29";"5";"2019";"16:30";"1";"93";"93027";"1";"1";"1";"3";"AUTOROUTE A1";"48,9339000";"2,3887400"
"201900014370";"30";"5";"2019";"04:15";"3";"95";"95241";"1";"1";"1";"6";"RN 104";"49,0490600";"2,4328500"
"201900014371";"29";"5";"2019";"21:30";"2";"93";"93010";"1";"1";"1";"5";"AUTOROUTE A3";"48,8889300";"2,4737600"
"201900014372";"19";"6";"2019";"19:15";"1";"94";"94011";"1";"1";"1";"3";"RN406.Y";"48,7615000";"2,4943000"
"201900014373";"19";"6";"2019";"05:10";"3";"77";"77373";"1";"1";"1";"2";"RN104";"48,7834616";"2,6163400"
"201900014374";"18";"6";"2019";"15:41";"1";"77";"77258";"1";"1";"1";"4";"A4.W";"48,8307681";"2,6340252"
"201900014375";"18";"6";"2019";"08:00";"1";"77";"77294";"1";"1";"1";"2";"A104";"48,9653200";"2,6087600"
"201900014376";"17";"6";"2019";"18:35";"1";"94";"94017";"1";"1";"1";"3";"A4";"48,8277791";"2,5049725"
"201900014377";"17";"6";"2019";"15:45";"1";"94";"94033";"1";"1";"1";"2";"A86.INT";"48,8503112";"2,4908354"
"201900014378";"17";"6";"2019";"14:40";"1";"77";"77384";"1";"1";"1";"3";"A5b";"48,6081851";"2,6330409"
"201900014379";"17";"6";"2019";"08:20";"1";"93";"93051";"1";"1";"1";"6";"A4";"48,8357500";"2,5665100"
"201900014380";"16";"6";"2019";"03:28";"3";"77";"77294";"1";"1";"1";"6";"A104";"48,9633102";"2,6134753"
"201900014381";"15";"6";"2019";"16:30";"1";"94";"94028";"1";"1";"1";"2";"A86 EXT";"48,7761000";"2,4304700"
"201900014382";"15";"6";"2019";"05:10";"5";"77";"77169";"1";"1";"2";"6";"RN104";"48,8180000";"2,6181600"
"201900014383";"14";"6";"2019";"08:55";"1";"94";"94052";"1";"1";"1";"3";"A86 INT";"48,8435041";"2,4924919"
"201900014384";"13";"6";"2019";"22:00";"2";"94";"94028";"1";"1";"1";"2";"A86 EXT";"48,7845000";"2,4406000"
"201900014385";"13";"6";"2019";"19:30";"1";"94";"94079";"1";"1";"1";"6";"A4";"48,8269700";"2,5415800"
"201900014386";"13";"6";"2019";"10:15";"1";"94";"94073";"1";"1";"1";"5";"A86 INT";"48,7659639";"2,3789339"
"201900014387";"13";"6";"2019";"10:15";"1";"77";"77372";"1";"1";"1";"4";"A104";"48,8800390";"2,6678650"
"201900014388";"12";"6";"2019";"18:30";"1";"94";"94028";"1";"1";"2";"1";"A86 EXT";"48,7903600";"2,4555700"
"201900014389";"12";"6";"2019";"17:20";"1";"94";"94069";"1";"1";"3";"2";"A4";"48,8173679";"2,4407191"
"201900014390";"12";"6";"2019";"16:15";"1";"94";"94017";"1";"1";"2";"2";"A4";"48,8302009";"2,4957670"
"201900014391";"12";"6";"2019";"08:15";"1";"93";"93051";"1";"1";"1";"3";"A4";"48,8368200";"2,5460100"
"201900014392";"10";"6";"2019";"19:50";"1";"77";"77121";"1";"1";"1";"6";"A104";"48,8326800";"2,6630200"
"201900014393";"10";"6";"2019";"20:15";"1";"77";"77055";"1";"1";"1";"2";"A104";"48,9005500";"2,6528600"
"201900014394";"10";"6";"2019";"16:15";"1";"94";"94073";"1";"1";"1";"4";"A86 EXT";"48,7542676";"2,3814083"
"201900014395";"10";"6";"2019";"00:05";"5";"94";"94042";"1";"1";"1";"6";"A4";"48,8277000";"2,4712400"
"201900014396";"9";"6";"2019";"01:20";"3";"94";"94022";"1";"1";"1";"2";"A86 EXT";"48,7762216";"2,4317032"