"Num_Acc";"jour";"mois";"an";"hrmn";"lum";"dep";"com";"agg";"int";"atm";"col";"adr";"lat";"long"
"201900014397";"9";"6";"2019";"02:40";"3";"94";"94022";"1";"1";"1";"5";"A86 INT";"48,7766829";"2,4189139"
"201900014398";"8";"6";"2019";"16:00";"1";"77";"77514";"1";"1";"1";"2";"A104";"48,9353100";"2,6280700"
"201900014399";"7";"6";"2019";"17:20";"1";"94";"94081";"1";"1";"1";"4";"A86 INT";"48,7740400";"2,4051900"
"201900014400";"6";"6";"2019";"17:30";"1";"94";"94022";"1";"1";"1";"4";"A86 EXT";"48,7766236";"2,4189640"
"201900014401";"6";"6";"2019";"16:00";"1";"94";"94028";"1";"1";"1";"2";"A86 EXT";"48,7809100";"2,4412200"
"201900014402";"6";"6";"2019";"12:05";"1";"94";"94015";"1";"1";"1";"2";"A4";"48,8329583";"2,5336831"
"201900014403";"6";"6";"2019";"08:50";"1";"77";"77294";"1";"1";"1";"4";"A104";"48,9596501";"2,6212039"
"201900014404";"5";"6";"2019";"18:10";"1";"77";"77468";"1";"1";"3";"1";"A104";"48,8509916";"2,6617681"
"201900014405";"5";"6";"2019";"17:16";"1";"77";"77121";"1";"1";"2";"4";"A4";"48,8317680";"2,6736695"
"201900014406";"5";"6";"2019";"14:25";"1";"94";"94022";"1";"1";"3";"7";"A86 EXT";"48,7733797";"2,4009127"
"201900014407";"5";"6";"2019";"09:45";"1";"94";"94017";"1";"1";"1";"3";"A4";"48,8280945";"2,5033698"
"201900014408";"4";"6";"2019";"11:30";"1";"77";"77122";"1";"1";"1";"4";"RN104";"48,6469320";"2,5772650"
"201900014409";"4";"6";"2019";"09:30";"1";"94";"94033";"1";"1";"1";"2";"A86.EXT";"48,8496000";"2,4911000"
"201900014410";"3";"6";"2019";"18:25";"1";"93";"93051";"1";"1";"1";"2";"A4";"48,8364600";"2,5427000"
"201900014411";"2";"6";"2019";"06:55";"1";"77";"77053";"1";"1";"1";"7";"RN104";"48,6927900";"2,5950500"
"201900014412";"1";"6";"2019";"20:56";"2";"77";"77468";"1";"1";"1";"3";"A104";"48,8477206";"2,6620244"
"201900014413";"31";"5";"2019";"17:30";"1";"94";"94022";"1";"1";"1";"4";"A86 EXT";"48,7761100";"2,4244800"
"201900014414";"31";"5";"2019";"07:40";"1";"94";"94052";"1";"1";"1";"6";"A86 INT";"48,8401980";"2,4930026"
"201900014415";"7";"5";"2019";"06:40";"1";"94";"94073";"1";"1";"1";"3";"A86 EXT";"48,7659639";"2,3789339"
"201900014416";"13";"5";"2019";"06:55";"1";"972";"97213";"1";"1";"1";"1";"ROUTE DEPARTEMENTALE 3";"14,6339560";" -60,9918000"
"201900014417";"22";"5";"2019";"14:00";"1";"69";"69034";"2";"9";"1";"3";"GENERAL DE GAULLE                   (AV)";"45,8085500";"4,8565500"
"201900014418";"3";"5";"2019";"09:05";"1";"69";"69384";"2";"9";"1";"1";"CROIX-ROUSSE (DE LA)                (BD)";"45,7766500";"4,8373400"
"201900014419";"1";"5";"2019";"17:32";"1";"91";"91692";"1";"1";"1";"3";"OCEANIE (AVENUE DE L')";"48,6801600";"2,2011600"
"201900014420";"20";"5";"2019";"17:45";"1";"91";"91191";"2";"1";"1";"6";"François Mitterrand (Avenue)";"48,7217400";"2,4692200"
"201900014421";"20";"5";"2019";"13:25";"1";"91";"91421";"2";"1";"1";"2";"MARECHAL FOCH (AVENUE DU)";"48,7082800";"2,4637000"
"201900014422";"22";"5";"2019";"08:20";"1";"91";"91377";"2";"6";"1";"6";"BASCH (RUE VICTOR)";"48,7294680";"2,2697830"
"201900014423";"27";"5";"2019";"11:00";"1";"91";"91434";"2";"3";"8";"3";"CORBEIL (ROUTE DE)";"48,6545040";"2,3383170"
"201900014424";"21";"5";"2019";"12:20";"1";"91";"91687";"2";"2";"1";"3";"LOUIS LABONNE (RUE)";"48,6780400";"2,3710000"
"201900014425";"12";"5";"2019";"18:45";"1";"91";"91434";"2";"2";"1";"4";"CORBEIL (ROUTE DE)";"48,6571400";"2,3392200"
"201900014426";"11";"5";"2019";"18:30";"1";"91";"91326";"2";"1";"2";"6";"HENRI BARBUSSE (AVENUE)";"48,6945800";"2,3655600"
"201900014427";"6";"5";"2019";"07:35";"1";"91";"91286";"2";"9";"7";"6";"EMILE ALLIAUD (AVENUE)";"48,6480530";"2,3714090"
"201900014428";"6";"5";"2019";"06:15";"2";"91";"91326";"2";"1";"1";"7";"COUR DE FRANCE (AVENUE DE LA)";"48,6931080";"2,3707640"
"201900014429";"27";"5";"2019";"11:55";"1";"91";"91027";"2";"2";"1";"3";"MITTERAND (AVENUE FRANCOIS) N° 112 A 188";"48,7161300";"2,3709100"
"201900014430";"15";"5";"2019";"08:35";"1";"91";"91027";"2";"1";"1";"2";"MITTERAND (AVENUE FRANCOIS) N° 112 A 188";"48,7095000";"2,3714400"
"201900014431";"3";"5";"2019";"22:00";"5";"86";"86194";"2";"1";"1";"2";"ROCADE OUEST (RD 910)";"46,6077100";"0,3403200"
"201900014432";"7";"7";"2019";"09:00";"1";"7";"07348";"2";"1";"1";"1";"Rue Grande Rue";"44,5484640";"4,4162820"
"201900014433";"30";"6";"2019";"13:30";"1";"69";"69024";"1";"1";"1";"1";"RD385 - les plaines - St Laurent d'oingt";"45,9198020";"4,5845050"
"201900014434";"4";"7";"2019";"07:15";"2";"69";"69228";"2";"3";"1";"3";"cd342";"45,5579576";"4,6409416"
"201900014435";"7";"7";"2019";"17:20";"1";"69";"69263";"1";"1";"1";"1";"Le Signy";"45,8178956";"4,3838752"
"201900014436";"7";"7";"2019";"11:50";"1";"69";"69030";"2";"1";"7";"7";"Lieu-dit la grand croix";"45,7603380";"4,4885490"
"201900014437";"5";"7";"2019";"10:50";"1";"69";"69099";"1";"3";"1";"3";"956 Route de Virigneux";"45,7081219";"4,3884806"
"201900014438";"4";"7";"2019";"20:30";"1";"9";"09132";"1";"1";"1";"7";"Malportel - D430";"43,1727410";"1,7336570"
"201900014439";"5";"7";"2019";"19:00";"1";"9";"09045";"1";"9";"1";"3";"CD 618";"42,8712550";"1,5664570"
"201900014440";"5";"7";"2019";"19:00";"1";"16";"16304";"1";"1";"1";"5";"31 Route de Nercillac";"45,6958590";" -0,2699160"
"201900014441";"6";"7";"2019";"13:05";"1";"33";"33357";"1";"3";"1";"3";"D222 / VC Larame";"44,5288040";" -0,2588710"
"201900014442";"5";"7";"2019";"10:25";"1";"33";"33435";"1";"6";"7";"3";"Rond point du viaduc";"44,5635750";" -0,2440830"
"201900014443";"6";"7";"2019";"09:36";"1";"33";"33227";"2";"1";"1";"3";"RD932E2 : Boulevard Pierre Lagorce";"44,5439800";" -0,2577000"
"201900014444";"6";"7";"2019";"16:15";"1";"33";"33003";"2";"1";"1";"3";"65 Avenue de Jourdane";"44,9387300";" -0,5199300"
"201900014445";"7";"7";"2019";"02:00";"3";"33";"33422";"2";"6";"1";"6";"Avenue de Bordeaux";"44,8096800";" -0,7840800"
"201900014446";"2";"7";"2019";"22:10";"3";"33";"33051";"1";"1";"1";"1";"biard";"44,6763100";" -0,8859720"
"201900014447";"4";"7";"2019";"20:20";"1";"50";"50597";"2";"1";"1";"6";"Le Montier";"48,7095050";" -1,2656960"
"201900014448";"5";"7";"2019";"18:15";"1";"14";"14047";"2";"1";"1";"3";"Route de Vaux-Sur-Aure";"49,2870580";" -0,7036400"
"201900014449";"6";"7";"2019";"15:55";"1";"27";"27472";"2";"3";"1";"1";"Rue de la Garenne";"49,0294490";"0,9575720"
"201900014450";"4";"7";"2019";"17:00";"1";"60";"60060";"1";"3";"1";"5";"d105";"49,1853870";"2,2003400"
"201900014451";"5";"7";"2019";"15:00";"1";"60";"60575";"1";"1";"1";"7";"CD 46";"49,2849900";"2,2096630"
"201900014452";"7";"7";"2019";"19:24";"2";"60";"60542";"2";"2";"1";"3";"D12";"49,4049981";"2,1822620"
"201900014453";"4";"7";"2019";"18:00";"1";"62";"62235";"1";"1";"1";"5";"RD940";"50,6569680";"1,6415700"
"201900014454";"5";"7";"2019";"21:10";"1";"13";"13055";"1";"1";"1";"7";"A507 sens Aubagne- Marseille";"43,3269300";"5,4201500"
"201900014455";"5";"7";"2019";"17:18";"1";"13";"13210";"1";"1";"1";"2";"Sens Marseille vers Aubagne";"43,2858330";"5,4289530"
"201900014456";"27";"6";"2019";"20:00";"1";"13";"13210";"1";"9";"1";"3";"A50-Sens Marseille vers Aubagne";"43,2862577";"5,4322511"
"201900014457";"4";"7";"2019";"17:20";"1";"13";"13055";"1";"1";"1";"2";"A507 sens Marseille - Aubagne";"43,3298700";"5,4019700"
"201900014458";"3";"7";"2019";"18:21";"1";"83";"83144";"1";"1";"1";"2";"A57";"43,1334900";"5,9847600"
"201900014459";"4";"7";"2019";"08:39";"1";"69";"69152";"1";"1";"1";"4";"A7  005.756  A  007.000";"45,6948700";"4,8417300"
"201900014460";"14";"6";"2019";"01:15";"4";"69";"69271";"1";"1";"1";"7";"RD302   0.000 A 0.400";"45,7495500";"4,9890400"
"201900014461";"3";"7";"2019";"02:50";"3";"57";"57412";"1";"1";"1";"1";"Autoroute A31";"49,1116334";"6,1591083"
"201900014462";"8";"6";"2019";"11:50";"1";"54";"54072";"1";"1";"1";"3";"Autoroute 31";"48,8530480";"6,0889250"
"201900014463";"4";"7";"2019";"18:55";"1";"33";"33281";"1";"1";"1";"4";"ROCADE A 630";"44,8489700";" -0,6683300"
"201900014464";"3";"7";"2019";"19:15";"1";"33";"33192";"1";"1";"1";"3";"ROCADE A 630";"44,7854600";" -0,5940000"
"201900014465";"4";"7";"2019";"21:03";"1";"91";"91471";"1";"1";"1";"7";"RN 118";"48,6938900";"2,1918300"
"201900014466";"4";"7";"2019";"13:30";"1";"91";"91340";"1";"1";"1";"5";"AUTOROUTE A6";"48,6022500";"2,4392000"
"201900014467";"4";"7";"2019";"08:53";"1";"91";"91345";"1";"1";"1";"3";"AUTOROUTE A6";"48,6880000";"2,3251400"
"201900014468";"3";"7";"2019";"17:30";"1";"91";"91689";"1";"1";"1";"4";"AUTOROUTE A6";"48,7246500";"2,3125200"
"201900014469";"3";"7";"2019";"16:20";"1";"91";"91689";"1";"1";"1";"2";"AUTOROUTE A6B";"48,7404200";"2,3206600"
"201900014470";"6";"7";"2019";"16:00";"1";"78";"78158";"1";"1";"1";"6";"A13";"48,8316200";"2,1421800"
"201900014471";"5";"7";"2019";"17:40";"1";"78";"78090";"1";"1";"1";"4";"A13";"48,9705790";"1,8875550"
"201900014472";"5";"7";"2019";"16:01";"1";"92";"92036";"1";"1";"1";"4";"A86";"48,9353843";"2,2610647"
"201900014473";"5";"7";"2019";"12:55";"1";"78";"78043";"1";"1";"1";"2";"A12 W";"48,8343540";"2,0865560"
"201900014474";"5";"7";"2019";"08:56";"1";"92";"92026";"1";"1";"1";"6";"RN192";"48,8921200";"2,2383900"
"201900014475";"4";"7";"2019";"17:30";"1";"78";"78646";"1";"1";"1";"4";"RN12";"48,7925800";"2,0876000"
"201900014476";"4";"7";"2019";"13:53";"1";"92";"92072";"1";"1";"1";"6";"N118";"48,8238986";"2,2217292"
"201900014477";"4";"7";"2019";"13:40";"1";"92";"92036";"1";"1";"1";"6";"A86";"48,9340923";"2,2717237"
"201900014478";"4";"7";"2019";"08:00";"1";"92";"92050";"1";"1";"1";"2";"A86";"48,9180545";"2,2229206"
"201900014479";"3";"7";"2019";"19:55";"1";"78";"78640";"1";"1";"1";"5";"A86 EXT";"48,7779310";"2,2160200"
"201900014480";"6";"7";"2019";"18:50";"1";"95";"95028";"1";"1";"1";"6";"RN 104";"49,0606500";"2,3474600"
"201900014481";"6";"7";"2019";"12:30";"1";"95";"95500";"1";"1";"1";"2";"AUTOROUTE A15";"49,0361200";"2,0952700"
"201900014482";"6";"7";"2019";"09:10";"1";"92";"92078";"1";"1";"1";"4";"AUTOROUTE A86";"48,9292054";"2,3296613"
"201900014483";"6";"7";"2019";"01:30";"3";"95";"95277";"1";"1";"1";"2";"AUTOROUTE A3";"48,9686100";"2,4791000"
"201900014484";"5";"7";"2019";"19:42";"1";"93";"93005";"1";"1";"1";"5";"AUTOROUTE A3";"48,9516700";"2,4740500"
"201900014485";"11";"6";"2019";"20:30";"1";"93";"93064";"1";"1";"3";"2";"AUTOROUTE A86";"48,8825600";"2,4717200"
"201900014486";"5";"7";"2019";"09:40";"1";"93";"93027";"1";"1";"1";"3";"AUTOROUTE A1";"48,9371500";"2,3886200"
"201900014487";"5";"7";"2019";"00:50";"3";"95";"95277";"1";"1";"1";"6";"AUTOROUTE A3";"48,9733300";"2,4862500"
"201900014488";"4";"7";"2019";"19:00";"1";"95";"95527";"1";"1";"1";"4";"AUTOROUTE A1";"48,9862200";"2,5065800"
"201900014489";"4";"7";"2019";"13:55";"1";"95";"95572";"1";"1";"1";"5";"RN 184";"49,0496000";"2,1404100"
"201900014490";"4";"7";"2019";"16:25";"1";"93";"93064";"1";"1";"1";"4";"AUTOROUTE A86";"48,8787700";"2,4765400"
"201900014491";"3";"7";"2019";"21:50";"2";"93";"93064";"1";"1";"1";"6";"AUTOROUTE A103";"48,8867400";"2,4800800"
"201900014492";"3";"7";"2019";"19:00";"1";"95";"95277";"1";"1";"1";"4";"RD 170 ";"48,9781100";"2,4551000"
"201900014493";"3";"7";"2019";"18:10";"1";"93";"93008";"1";"1";"1";"5";"AUTOROUTE A86";"48,9116200";"2,4396100"
"201900014494";"3";"7";"2019";"17:30";"1";"93";"93066";"1";"1";"1";"5";"AUTOROUTE A1";"48,9290000";"2,3596500"
"201900014495";"3";"7";"2019";"15:50";"1";"92";"92036";"1";"1";"1";"5";"AUTOROUTE A86";"48,9390170";"2,3067689"
"201900014496";"3";"7";"2019";"05:45";"2";"95";"95678";"1";"1";"1";"6";"RN 184";"49,0650600";"2,2144900"
"201900014497";"5";"7";"2019";"17:00";"1";"94";"94079";"1";"1";"1";"3";"A4";"48,8300000";"2,5300000"
"201900014498";"4";"7";"2019";"09:00";"1";"94";"94069";"1";"1";"1";"2";"A4";"48,8176000";"2,4204000"
"201900014499";"2";"7";"2019";"08:00";"1";"77";"77121";"1";"1";"1";"6";"A104";"48,8313910";"2,6636480"
"201900014500";"2";"7";"2019";"18:50";"1";"63";"63113";"2";"9";"1";"3";"ALSACE (RUE D')";"45,7807758";"3,0967729"
"201900014501";"2";"7";"2019";"10:40";"1";"51";"51454";"2";"6";"7";"3";"AVENUE PAUL MARCHANDEAU";"49,2422200";"4,0245000"
"201900014502";"1";"7";"2019";"08:42";"1";"41";"41018";"2";"1";"1";"3";"METAIRIES (RUE DES)";"47,5773500";"1,3396400"
"201900014503";"2";"7";"2019";"17:20";"1";"13";"13201";"2";"2";"1";"3";"SAINT LOUIS (COURS)";"43,2964320";"5,3778290"
"201900014504";"2";"7";"2019";"12:30";"1";"13";"13207";"2";"1";"1";"3";"CHARLES LIVON (BOULEVARD)";"43,2926230";"5,3597560"
"201900014505";"20";"6";"2019";"00:10";"5";"13";"13215";"2";"3";"1";"6";"VISTE (AVENUE DE LA)";"43,3656730";"5,3568690"
"201900014506";"19";"6";"2019";"22:50";"5";"13";"13214";"2";"1";"1";"6";"DANIEL CASANOVA (BOULEVARD)";"43,3262000";"5,3745800"
"201900014507";"3";"7";"2019";"16:50";"1";"976";"97611";"2";"1";"1";"3";"m'tsapere-Nationale 2 (route)";" -12,7928663";"45,2201717"
"201900014508";"3";"7";"2019";"14:55";"1";"976";"97611";"2";"1";"1";"6";"m'tsapere-Maeventana (rue)";" -12,7888500";"45,2207300"
"201900014509";"3";"7";"2019";"08:05";"1";"974";"97411";"2";"1";"1";"3";"RUISSEAU BLANC (CHEMIN DU)";" -20,8913900";"55,4179300"
"201900014510";"3";"7";"2019";"15:00";"1";"973";"97302";"2";"1";"1";"3";"RENOVATION URBAINE (CITE)";"4,9341541";" -52,3287392"
"201900014511";"3";"7";"2019";"08:10";"1";"973";"97302";"2";"1";"1";"3";"VICTOR (LOTISSEMENT)";"4,9296300";" -52,3119200"
"201900014512";"3";"7";"2019";"07:35";"1";"973";"97302";"2";"3";"1";"3";"TROUBIRAN (CHEMIN DE)";"4,9269817";" -52,3034620"
"201900014513";"3";"7";"2019";"21:00";"2";"69";"69388";"2";"6";"1";"7";"ROCKEFELLER                         (AV)";"45,7426488";"4,8790070"
"201900014514";"3";"7";"2019";"15:40";"1";"69";"69259";"2";"2";"1";"3";"MARTYRS DE LA RESISTANCE (DES)      (AV)";"45,6940000";"4,8750600"
"201900014515";"3";"7";"2019";"14:30";"1";"69";"69387";"2";"3";"1";"2";"JABOULAY                            (R )";"45,7494173";"4,8352391"
"201900014516";"2";"7";"2019";"13:30";"1";"69";"69382";"2";"2";"1";"7";"CHARLEMAGNE                         (CO)";"45,7397200";"4,8183300"
"201900014517";"2";"7";"2019";"12:05";"1";"69";"69381";"2";"1";"1";"3";"ALGERIE (D')                        (R )";"45,7672000";"4,8309900"
"201900014518";"3";"7";"2019";"10:35";"1";"2A";"2A004";"2";"1";"1";"6";"CAMPI LOUIS BD";"41,9420514";"8,7493912"
"201900014519";"2";"7";"2019";"11:15";"1";"2A";"2A004";"1";"1";"1";"3";"SARTENE ANCIENNE ROUTE";"41,9295309";"8,7730922"
"201900014520";"2";"7";"2019";"17:30";"1";"95";"95203";"2";"1";"1";"3";"PARIS (AVENUE DE)";"48,9915600";"2,2868400"
"201900014521";"3";"7";"2019";"17:00";"1";"91";"91657";"2";"2";"1";"3";"MAURICE MARION";"48,7046900";"2,4315800"
"201900014522";"2";"7";"2019";"09:48";"1";"87";"87113";"1";"1";"1";"6";"MITTERRAND (AVENUE FRANCOIS)";"45,8719900";"1,3368300"
"201900014523";"2";"7";"2019";"17:15";"1";"83";"83061";"2";"3";"1";"6";"RUE PERDIGAU";"43,4219900";"6,7438300"
"201900014524";"2";"7";"2019";"18:15";"1";"82";"82121";"2";"1";"1";"3";"ITALIE (AVENUE D')";"43,9816750";"1,3298120"
"201900014525";"15";"6";"2019";"16:10";"1";"78";"78158";"2";"1";"1";"6";"VERDUN (AVENUE DE )";"48,8353530";"2,1317590"
"201900014526";"17";"6";"2019";"16:25";"1";"78";"78092";"2";"1";"1";"3";"CLEMENCEAU GEORGES (QUAI)";"48,8676890";"2,1415730"
"201900014527";"28";"6";"2019";"17:15";"1";"78";"78498";"2";"1";"1";"6";"MALADRERIE AV DE LA";"48,9200200";"2,0303300"
"201900014528";"2";"7";"2019";"09:35";"1";"77";"77468";"2";"2";"1";"1";"LACS (COURS DES)";"48,8387606";"2,6490664"
"201900014529";"29";"6";"2019";"13:50";"1";"76";"76498";"2";"1";"1";"1";"CANADIENS. AVENUE DES";"49,4127300";"1,0728600"
"201900014530";"2";"7";"2019";"15:00";"1";"76";"76540";"2";"2";"1";"3";"DARNETAL. ROUTE DE";"49,4414500";"1,1204000"
"201900014531";"2";"7";"2019";"08:30";"1";"76";"76451";"2";"1";"1";"6";"MONT AUX MALADES. AVENUE DU";"49,4641500";"1,0739500"
"201900014532";"2";"7";"2019";"15:15";"1";"72";"72181";"2";"6";"1";"1";"MONTHEARD (RUE DE)";"47,9946600";"0,2161800"
"201900014533";"3";"7";"2019";"20:05";"1";"69";"69290";"2";"2";"1";"1";"DAUPHINE (DU)                       (R )";"45,7119400";"4,9204600"
"201900014534";"3";"7";"2019";"14:00";"1";"69";"69092";"2";"2";"1";"3";"THIZY  RUE DE";"45,9890000";"4,7085000"
"201900014535";"3";"7";"2019";"06:20";"2";"67";"67482";"2";"1";"7";"6";"WINTER (RUE CHARLES)";"48,5673200";"7,7302700"
"201900014536";"2";"7";"2019";"11:10";"1";"67";"67218";"2";"1";"1";"4";"CEINTURE (RUE DE LA)";"48,5274440";"7,7185080"
"201900014537";"2";"7";"2019";"11:06";"1";"66";"66136";"1";"1";"1";"7";"CANET DE";"42,7078800";"2,9592800"
"201900014538";"1";"7";"2019";"15:10";"1";"64";"64122";"2";"1";"1";"3";"EDOUARD VII (AVENUE)";"43,4828600";" -1,5588000"
"201900014539";"2";"7";"2019";"11:10";"1";"60";"60382";"2";"6";"1";"6";"BEAUVAIS (DE)";"49,4186000";"2,8163900"
"201900014540";"3";"7";"2019";"16:25";"1";"59";"59599";"2";"1";"1";"6";"GUERRE (RUE FIN DE LA)";"50,7300644";"3,1416654"
"201900014541";"3";"7";"2019";"23:30";"5";"59";"59350";"2";"3";"1";"3";"ESPLANADE FACADE";"50,6421100";"3,0536000"
"201900014542";"3";"7";"2019";"14:15";"1";"59";"59350";"2";"1";"1";"1";"MOSELLE BOULEVARD ° DE 1000 - 6000 INCL";"50,6284300";"3,0324200"
"201900014543";"3";"7";"2019";"19:00";"1";"59";"59153";"1";"1";"1";"6";"BONSECOURS (ROUTE DE )";"50,4752839";"3,5988969"
"201900014544";"2";"7";"2019";"20:00";"1";"57";"57463";"2";"1";"1";"3";"AMPHITHEATRE (AVENUE DE L')";"49,1114100";"6,1849700"
"201900014545";"3";"7";"2019";"15:20";"1";"56";"56121";"2";"3";"1";"6";"Rue du Comte Henri de Turenne";"47,7496530";" -3,3597260"
"201900014546";"2";"7";"2019";"10:35";"1";"56";"56083";"2";"1";"1";"6";"LIBERATION ( AV. DE LA )";"47,8042300";" -3,2751300"
"201900014547";"3";"7";"2019";"18:06";"1";"51";"51573";"2";"1";"1";"4";"AVENUE SARAH BERNHARDT";"49,2480300";"3,9782000"
"201900014548";"3";"7";"2019";"13:20";"1";"51";"51454";"2";"4";"1";"3";"BOULEVARD SAINT MARCEAUX";"49,2555200";"4,0463700"
"201900014549";"3";"7";"2019";"15:30";"1";"50";"50147";"2";"1";"1";"2";"DIVISION LECLERC";"49,0658700";" -1,4319700"
"201900014550";"1";"7";"2019";"08:25";"1";"50";"50416";"2";"2";"1";"3";"CD 901";"49,6444600";" -1,7298500"
"201900014551";"29";"6";"2019";"22:00";"2";"50";"50203";"1";"1";"1";"6";"VENTE (ROUTE DE LA)";"49,6071400";" -1,5732900"
"201900014552";"28";"6";"2019";"19:50";"1";"50";"50602";"2";"1";"1";"1";"ROOSEVELT (RUE FRANKLIN)";"49,6309900";" -1,5946900"
"201900014553";"3";"7";"2019";"14:40";"1";"47";"47027";"1";"1";"1";"1";"RD 911";"44,4022000";"0,6717400"
"201900014554";"3";"7";"2019";"15:00";"1";"45";"45234";"2";"1";"1";"6";"AVENUE DE CONCYR";"47,8199983";"1,9299131"
"201900014555";"3";"7";"2019";"09:00";"1";"45";"45208";"2";"2";"1";"3";"R SERMON - R CARNOT";"48,0038200";"2,7388600"
"201900014556";"3";"7";"2019";"12:00";"1";"44";"44162";"2";"1";"1";"6";"BOULEVARD CHARLES DE GAULLE";"47,2233000";" -1,6126700"
"201900014557";"17";"4";"2019";"15:45";"1";"44";"44109";"2";"1";"1";"6";"RUE SAMUEL DE CHAMPLAIN";"47,2595700";" -1,5741000"
"201900014558";"5";"5";"2019";"17:10";"1";"44";"44109";"2";"1";"1";"6";"HUGO ( BD VICTOR )";"47,2011800";" -1,5460100"
"201900014559";"2";"7";"2019";"23:55";"5";"41";"41018";"2";"1";"1";"2";"LATTRE DE TASSIGNY (QUAI DU MARECHAL DE)";"47,5872200";"1,3376000"
"201900014560";"3";"7";"2019";"14:33";"1";"37";"37122";"2";"1";"1";"1";"DOUZILLIERE (RUE DE LA)";"47,3390000";"0,6530000"
"201900014561";"3";"7";"2019";"23:40";"5";"35";"35238";"2";"1";"1";"6";"CLEMENCEAU (BD GEORGES)";"48,0939600";" -1,6781400"
"201900014562";"31";"5";"2019";"01:10";"5";"35";"35238";"2";"1";"1";"7";"FORCES FRANCAISES DE L'ONU (ROND POINT)";"48,0901700";" -1,6818100"
"201900014563";"3";"7";"2019";"10:20";"1";"35";"35334";"1";"1";"1";"2";"NORMANDIE (PORTE DE)";"48,1456000";" -1,5909000"
"201900014564";"3";"7";"2019";"08:25";"1";"35";"35055";"1";"1";"7";"4";"ROCADE 1-2";"48,0955190";" -1,6208210"
"201900014565";"2";"7";"2019";"19:30";"1";"35";"35238";"2";"1";"1";"1";"LAMENNAIS (QUAI)";"48,1099000";" -1,6835600"
"201900014566";"2";"7";"2019";"07:35";"1";"34";"34172";"2";"1";"1";"7";"VENDEMIAIRE (RUE)";"43,6041100";"3,8986800"
"201900014567";"25";"6";"2019";"17:00";"1";"33";"33522";"2";"3";"1";"3";"RUE JEAN RACINE";"44,7945200";" -0,5829600"
"201900014568";"1";"7";"2019";"19:10";"1";"29";"29151";"1";"1";"1";"3";"OREE DU BOIS (RUE DE L')";"48,5839100";" -3,8037500"
"201900014569";"3";"7";"2019";"13:30";"1";"22";"22187";"2";"1";"1";"6";"AVENUE DU TREGOR";"48,5633570";" -2,7560290"
"201900014570";"2";"7";"2019";"20:00";"1";"19";"19272";"1";"1";"1";"7";"Route du Puy des Echelles";"45,2713600";"1,7518000"
"201900014571";"3";"7";"2019";"19:20";"1";"14";"14327";"2";"2";"1";"3";"GRANDE CAVEE (AVENUE DE LA)";"49,2026500";" -0,3369600"
"201900014572";"3";"7";"2019";"14:00";"1";"14";"14118";"2";"6";"1";"1";"MARILLAC (PLACE LOUISE DE)";"49,1617000";" -0,3574500"
"201900014573";"3";"7";"2019";"08:35";"1";"14";"14301";"2";"1";"1";"6";"ROUEN (ROUTE DE)";"49,1726500";" -0,2789500"
"201900014574";"2";"7";"2019";"08:38";"1";"14";"14118";"2";"1";"1";"7";"WEYGAND (BOULEVARD DU GENERAL)";"49,1922400";" -0,3749500"
"201900014575";"3";"7";"2019";"11:45";"1";"13";"13117";"2";"5";"1";"3";"LONDRES (AVENUE DE)";"43,4273040";"5,2356810"
"201900014576";"2";"7";"2019";"17:30";"1";"13";"13071";"1";"1";"1";"3";"CHEMIN DEPARTEMENTAL 6 (OUEST)";"43,4131800";"5,3404900"
"201900014577";"3";"7";"2019";"18:15";"1";"13";"13203";"2";"2";"1";"1";"STRASBOURG (BOULEVARD)";"43,3074680";"5,3757780"
"201900014578";"3";"7";"2019";"18:15";"1";"13";"13208";"2";"1";"1";"3";"PONSON RAPHAEL RUE";"43,2654000";"5,3857000"
"201900014579";"2";"7";"2019";"16:15";"1";"13";"13205";"2";"3";"7";"3";"VITALIS (RUE)";"43,2930000";"5,3930000"
"201900014580";"3";"7";"2019";"09:00";"1";"13";"13211";"2";"1";"1";"3";"NOEL COLL (AVENUE)";"43,2841240";"5,4441310"
"201900014581";"3";"7";"2019";"01:00";"5";"13";"13204";"2";"3";"1";"6";"FRANÇOISE DUPARC (BOULEVARD)";"43,3180300";"5,3742200"
"201900014582";"3";"7";"2019";"21:40";"5";"13";"13001";"2";"1";"2";"3";"BON PASTEUR (RUE DU)";"43,5309500";"5,4455100"
"201900014583";"2";"7";"2019";"18:45";"1";"10";"10387";"2";"1";"1";"6";"PASTEUR (RUE)";"48,3026200";"4,0617400"
"201900014584";"1";"7";"2019";"14:40";"1";"10";"10387";"2";"2";"1";"3";"DAMPIERRE (QUAI)";"48,2988800";"4,0777700"
"201900014585";"2";"7";"2019";"19:41";"1";"10";"10081";"2";"2";"1";"5";"JEAN MOULIN (RUE)";"48,3058300";"4,0288900"
"201900014586";"2";"7";"2019";"14:24";"1";"10";"10387";"2";"7";"1";"6";"ROBERT SCHUMANN (RUE)";"48,3070600";"4,0953400"
"201900014587";"29";"6";"2019";"17:00";"1";"7";"07325";"1";"1";"1";"6";"RD 578 BIS";"44,6382160";"4,3893810"
"201900014588";"2";"7";"2019";"14:45";"1";"5";"05061";"2";"1";"1";"6";"TRAUNSTEIN (AVENUE DE)";"44,5422400";"6,0604000"
"201900014589";"3";"7";"2019";"09:44";"1";"75";"75116";"2";"2";"1";"3";"AVENUE DU MARECHAL MAUNOURY";"48,8576960";"2,2635630"
"201900014590";"2";"7";"2019";"16:30";"1";"75";"75114";"2";"1";"1";"6";"RUE RAYMOND LOSSERAND";"48,8347600";"2,3196780"
"201900014591";"1";"7";"2019";"03:42";"5";"75";"75119";"2";"3";"1";"3";"RUE JACQUES DUCHESNE";"48,8987780";"2,3741330"