"Num_Acc";"jour";"mois";"an";"hrmn";"lum";"dep";"com";"agg";"int";"atm";"col";"adr";"lat";"long"
"201900014592";"2";"7";"2019";"16:27";"1";"75";"75105";"2";"2";"1";"2";"RUE CLAUDE BERNARD";"48,8402630";"2,3460920"
"201900014593";"30";"6";"2019";"21:00";"1";"75";"75106";"2";"7";"1";"3";"PLACE MICHEL DEBRE";"48,8520770";"2,3298470"
"201900014594";"3";"7";"2019";"18:00";"1";"75";"75120";"2";"4";"1";"3";"AVENUE GAMBETTA";"48,8675000";"2,4006980"
"201900014595";"3";"7";"2019";"18:20";"1";"75";"75118";"2";"2";"1";"6";"RUE ORDENER";"48,8928810";"2,3419490"
"201900014596";"2";"7";"2019";"17:59";"1";"75";"75118";"2";"2";"1";"6";"RUE CHAMPIONNET";"48,8957450";"2,3395490"
"201900014597";"3";"7";"2019";"12:49";"1";"75";"75117";"2";"7";"1";"2";"PLACE DU MARECHAL JUIN";"48,8851050";"2,2978850"
"201900014598";"3";"7";"2019";"01:20";"5";"75";"75116";"2";"1";"1";"7";"VOIE GEORGES POMPIDOU";"48,8450900";"2,2727560"
"201900014599";"2";"7";"2019";"09:40";"1";"75";"75116";"2";"1";"1";"3";"QUAI LOUIS BLERIOT";"48,8422020";"2,2697010"
"201900014600";"3";"7";"2019";"10:25";"1";"75";"75115";"2";"1";"1";"2";"BOULEVARD LEFEBVRE";"48,8325610";"2,2887420"
"201900014601";"2";"7";"2019";"17:00";"1";"75";"75114";"2";"1";"1";"3";"RUE DAREAU";"48,8309770";"2,3369350"
"201900014602";"3";"7";"2019";"19:15";"1";"75";"75107";"2";"2";"7";"3";"AVENUE DU MARECHAL GALLIENI";"48,8610430";"2,3132380"
"201900014603";"3";"7";"2019";"01:40";"5";"75";"75107";"2";"2";"1";"6";"QUAI D ORSAY";"48,8625970";"2,3104280"
"201900014604";"2";"7";"2019";"12:30";"1";"75";"75101";"2";"1";"1";"3";"QUAI DES TUILERIES";"48,8618910";"2,3270070"
"201900014605";"2";"7";"2019";"13:50";"1";"94";"94081";"2";"9";"1";"3";"PRESIDENT SALVADOR ALLENDE (AV DU)";"48,7961100";"2,4149000"
"201900014606";"2";"7";"2019";"11:35";"1";"94";"94081";"2";"1";"7";"6";"MOULIN DE SAQUET (AV DU)";"48,7919700";"2,3849900"
"201900014607";"3";"7";"2019";"01:20";"5";"94";"94076";"2";"1";"1";"7";"RENE THIBERT (R)";"48,8038600";"2,3593400"
"201900014608";"3";"7";"2019";"06:45";"1";"94";"94041";"2";"1";"1";"5";"GEORGES GOSNAT (AV)";"48,8141700";"2,3894800"
"201900014609";"2";"7";"2019";"11:50";"1";"94";"94041";"2";"2";"1";"6";"LOUIS BERTRAND (R)";"48,8170000";"2,3795000"
"201900014610";"3";"7";"2019";"07:55";"1";"94";"94017";"2";"1";"1";"3";"ALEXANDRE FOURNY (R)";"48,8100000";"2,5200000"
"201900014611";"18";"11";"2019";"21:05";"3";"92";"92036";"1";"1";"1";"6";"AUTOROUTE A15";"48,9388523";"2,2943740"
"201900014612";"18";"11";"2019";"17:30";"3";"95";"95527";"1";"1";"2";"5";"RN 104";"49,0271900";"2,5105100"
"201900014613";"21";"11";"2019";"01:15";"5";"976";"97611";"1";"9";"1";"6";"kaweni-Europe (avenue)";" -12,7713790";"45,2241050"
"201900014614";"20";"11";"2019";"09:05";"1";"976";"97611";"2";"1";"1";"6";"doujani-Mosquée doujani ( rue )";" -12,7922400";"45,2181600"
"201900014615";"20";"11";"2019";"11:50";"1";"974";"97409";"2";"9";"1";"3";"DE LA GARE(RUE)";" -20,9596800";"55,6537200"
"201900014616";"20";"11";"2019";"09:20";"1";"973";"97302";"2";"1";"1";"5";"MONTABO (ROUTE DE) 2";"4,9376600";" -52,2985100"
"201900014617";"20";"11";"2019";"21:55";"5";"69";"69388";"2";"2";"1";"7";"JEAN MERMOZ                         (AV)";"45,7304790";"4,8876000"
"201900014618";"20";"11";"2019";"17:40";"5";"69";"69387";"2";"2";"1";"6";"GUILLOTIERE (DE LA)                 (GR)";"45,7490800";"4,8534800"
"201900014619";"20";"11";"2019";"08:45";"1";"972";"97213";"1";"1";"1";"5";"ROUTE NATIONALE 6";"14,5934600";" -60,9837800"
"201900014620";"19";"11";"2019";"11:05";"1";"972";"97209";"2";"9";"1";"2";"RENE MARAN (RUE)";"14,6135300";" -61,0545900"
"201900014621";"20";"11";"2019";"15:42";"1";"69";"69081";"2";"6";"1";"6";"PEROLLIER (DU)                          ";"45,7866900";"4,7830400"
"201900014622";"20";"11";"2019";"09:45";"1";"69";"69034";"2";"1";"1";"3";"TARENTAISE (DE LA)                  (R )";"45,7844500";"4,8242300"
"201900014623";"19";"11";"2019";"11:09";"1";"69";"69202";"2";"1";"1";"6";"FRANCOIS FOREST                      (R )";"45,7437700";"4,7857200"
"201900014624";"20";"11";"2019";"10:00";"1";"2A";"2A004";"2";"1";"1";"6";"MARECHAL JUIN AVENUE";"41,9419000";"8,7498000"
"201900014625";"19";"8";"2019";"11:40";"1";"91";"91692";"2";"3";"1";"6";"GATINAIS ( ALLEE DU)";"48,6826380";"2,1685010"
"201900014626";"20";"11";"2019";"15:55";"1";"91";"91191";"2";"9";"1";"3";"REMONTERU (RUE)";"48,7212000";"2,4585000"
"201900014627";"20";"11";"2019";"07:12";"5";"91";"91103";"2";"3";"1";"3";"BABIN (RUE DU DOCTEUR)";"48,5988100";"2,2910700"
"201900014628";"19";"11";"2019";"15:20";"1";"91";"91347";"2";"2";"1";"1";"TEMPLIERS (ROUTE DES)";"48,6462100";"2,2779800"
"201900014629";"19";"11";"2019";"13:52";"1";"87";"87085";"2";"1";"1";"6";"TRESAGUET (RUE DE)";"45,8445800";"1,2310500"
"201900014630";"19";"11";"2019";"19:20";"5";"83";"83009";"2";"9";"2";"6";"DE GAULLE (QUAI CHARLES)";"43,1354200";"5,7540400"
"201900014631";"20";"11";"2019";"18:35";"1";"81";"81004";"2";"1";"1";"6";"VALMY (BD) DU N° 116 AU N° 134";"43,9260400";"2,1528300"
"201900014632";"19";"11";"2019";"13:40";"1";"80";"80021";"2";"1";"1";"6";"CHARLES DE FOUCAULD (RUE)";"49,8894810";"2,3069690"
"201900014633";"18";"11";"2019";"14:40";"1";"80";"80021";"2";"1";"1";"3";"QUATORZE JUILLET 1789 (AVENUE DU)";"49,8759500";"2,2826100"
"201900014634";"20";"11";"2019";"18:45";"5";"77";"77186";"1";"4";"1";"3";"D606 X D142";"48,4838300";"2,6658200"
"201900014635";"19";"11";"2019";"17:30";"5";"76";"76259";"2";"1";"1";"6";"DE LATTRE DE TASSIGNY";"49,7542100";"0,3781700"
"201900014636";"20";"11";"2019";"11:50";"1";"76";"76217";"2";"1";"1";"7";"CHANZY (GENERAL)";"49,9131100";"1,0822100"
"201900014637";"19";"11";"2019";"10:00";"1";"74";"74133";"2";"1";"1";"6";"GENEVE (RUE DE)";"46,1914800";"6,2125100"
"201900014638";"4";"11";"2019";"18:23";"3";"74";"74298";"1";"1";"2";"6";"BONNEVILLE (ROUTE DE )";"46,1721306";"6,2518816"
"201900014639";"19";"11";"2019";"19:15";"5";"67";"67482";"2";"1";"1";"6";"DANTE (AVENUE)";"48,5907400";"7,7023500"
"201900014640";"19";"11";"2019";"17:50";"5";"67";"67482";"2";"3";"1";"3";"SCHIRMECK (ROUTE DE)";"48,5720900";"7,7140600"
"201900014641";"20";"11";"2019";"13:11";"1";"66";"66136";"2";"1";"1";"3";"JULIEN PANCHOT (AVENUE)";"42,6770200";"2,8476900"
"201900014642";"20";"11";"2019";"17:50";"5";"65";"65440";"2";"1";"1";"6";"MOUSIS (RUE FRANCOIS)";"43,2308960";"0,0819890"
"201900014643";"20";"11";"2019";"07:05";"5";"65";"65440";"2";"1";"1";"6";"8 bis JOFFRE (AVENUE DU MARECHAL)";"43,2395620";"0,0726630"
"201900014644";"19";"11";"2019";"18:50";"5";"64";"64445";"2";"1";"1";"6";"JEAN MERMOZ";"43,3065400";" -0,3763200"
"201900014645";"19";"11";"2019";"10:15";"1";"64";"64122";"2";"1";"1";"3";"PRINGLE (RUE)";"43,4788500";" -1,5527900"
"201900014646";"17";"11";"2019";"06:00";"5";"64";"64122";"2";"1";"2";"6";"CHAPELET (RUE)";"43,4615500";" -1,5449600"
"201900014647";"20";"11";"2019";"18:40";"5";"62";"62617";"2";"3";"1";"3";"ROUTE NATIONALE (CD 937)";"50,4647900";"2,6749500"
"201900014648";"8";"10";"2019";"15:05";"1";"62";"62570";"1";"1";"1";"6";"D 262";"50,4001418";"2,8803928"
"201900014649";"20";"11";"2019";"18:30";"2";"60";"60057";"2";"1";"1";"6";"BRIAND ARISTIDE (BOULEVARD)";"49,4265719";"2,0832336"
"201900014650";"20";"11";"2019";"17:45";"2";"60";"60057";"2";"1";"1";"6";"TILLOY (RUE DU) - AVENUE DU 8 MAI";"49,4424934";"2,0982547"
"201900014651";"19";"11";"2019";"19:35";"3";"56";"56162";"1";"1";"1";"1";"D 163";"47,7601900";" -3,4236300"
"201900014652";"20";"11";"2019";"18:00";"5";"54";"54578";"2";"1";"1";"7";"VANDOEUVRE (RUE DE)";"48,6632642";"6,1551220"
"201900014653";"19";"11";"2019";"08:33";"1";"54";"54395";"2";"2";"1";"3";"HAXO (RUE DU GENERAL)";"48,6763300";"6,1707000"
"201900014654";"19";"11";"2019";"18:20";"5";"54";"54578";"2";"5";"1";"7";"BAUDRICOURT (BD DE)";"48,6731420";"6,1644650"
"201900014655";"19";"11";"2019";"16:40";"2";"54";"54547";"2";"3";"1";"2";"HOLLANDE (RUE DE)";"48,6642590";"6,1844210"
"201900014656";"19";"11";"2019";"08:30";"1";"54";"54395";"2";"1";"1";"3";"VOIRIN (RUE DES FRERES)";"48,6769810";"6,1707920"
"201900014657";"20";"11";"2019";"21:30";"5";"51";"51454";"2";"3";"1";"3";"BOULEVARD LUNDY";"49,2612371";"4,0306847"
"201900014658";"19";"11";"2019";"13:25";"1";"50";"50602";"2";"6";"1";"3";"EST (BOULEVARD DE L')";"49,6365400";" -1,5959500"
"201900014659";"18";"11";"2019";"17:20";"2";"47";"47323";"1";"1";"1";"5";"R.D.911(ROUTE DE SAINTSYLVESTRE)";"44,4077000";"0,7478600"
"201900014660";"20";"11";"2019";"17:44";"5";"45";"45286";"2";"1";"1";"3";"RUE DU GENERAL DE GAULLE";"47,8910802";"1,9210049"
"201900014661";"18";"11";"2019";"11:20";"1";"44";"44184";"2";"1";"1";"3";"COMMANDO (PLACE DU)";"47,2717900";" -2,2047540"
"201900014662";"20";"11";"2019";"20:45";"5";"44";"44162";"1";"1";"2";"2";"PERIPHERIQUE";"47,2434700";" -1,6226200"
"201900014663";"29";"10";"2019";"19:20";"5";"40";"40192";"2";"1";"2";"3";"FOCH (AV DU MARECHAL)";"43,8976800";" -0,4886800"
"201900014664";"18";"11";"2019";"13:22";"1";"39";"39300";"2";"1";"1";"1";"238 Rue des Violettes";"46,6764080";"5,5724580"
"201900014665";"20";"11";"2019";"21:05";"5";"37";"37261";"2";"1";"1";"6";"DANIEL MAYER";"47,4188300";"0,7042200"
"201900014666";"20";"11";"2019";"19:20";"3";"37";"37261";"2";"1";"1";"6";"PLAT D'ETAIN (RUE DU)";"47,3837800";"0,6728400"
"201900014667";"19";"11";"2019";"09:00";"1";"36";"36044";"2";"1";"1";"6";"RUE TRAVERSIERE";"46,8118300";"1,6893600"
"201900014668";"15";"11";"2019";"22:26";"5";"36";"36063";"1";"6";"9";"6";"ROND POINT DU FREESBEE";"46,8522600";"1,7006900"
"201900014669";"17";"11";"2019";"14:45";"1";"31";"31555";"1";"1";"1";"4";"VA007331 A620";"43,5605800";"1,4938100"
"201900014670";"15";"11";"2019";"20:20";"5";"31";"31149";"2";"1";"3";"6";"BD GENERAL DE GAULLE";"43,6100400";"1,3281900"
"201900014671";"20";"11";"2019";"11:00";"1";"27";"27681";"2";"6";"1";"3";"JAURES (BOULEVARD JAURES)";"49,0963400";"1,4637400"
"201900014672";"20";"11";"2019";"11:25";"1";"24";"24037";"2";"1";"1";"3";"DOUMER (AVENUE PAUL)";"44,8423000";"0,4804000"
"201900014673";"9";"11";"2019";"12:25";"1";"22";"22106";"2";"1";"2";"1";"LANDELLE (RUE DE LA)";"48,4925200";" -2,7220680"
"201900014674";"19";"11";"2019";"07:50";"1";"19";"19031";"2";"2";"1";"3";"MICHELET (AVENUE EDMOND)";"45,1506600";"1,5317200"
"201900014675";"19";"11";"2019";"14:30";"1";"17";"17291";"2";"2";"1";"6";"JUSTICES  RUE DU MOULIN DES";"46,1723300";" -1,1244100"
"201900014676";"19";"11";"2019";"11:45";"1";"15";"15014";"2";"6";"1";"3";"PREVERT (RUE JACQUES)";"44,9173070";"2,4222710"
"201900014677";"20";"11";"2019";"16:30";"1";"13";"13117";"2";"1";"1";"1";"EUROPE (AVENUE DE L')";"43,4319700";"5,2486300"
"201900014678";"20";"11";"2019";"15:10";"1";"13";"13213";"2";"3";"1";"3";"SAINT PAUL (AVENUE)";"43,3284020";"5,4052420"
"201900014679";"19";"11";"2019";"16:01";"2";"13";"13203";"2";"1";"2";"3";"ROGER SALENGRO (AVENUE)";"43,3195479";"5,3674344"
"201900014680";"20";"11";"2019";"12:15";"1";"13";"13211";"2";"1";"1";"2";"LOUIS REGIS (RUE)";"43,2893020";"5,4967450"
"201900014681";"19";"11";"2019";"10:30";"1";"13";"13209";"2";"3";"1";"1";"MICHELET (BOULEVARD)";"43,2682560";"5,3937030"
"201900014682";"18";"11";"2019";"18:20";"5";"13";"13214";"2";"9";"1";"3";"SAINTE MARTHE (chemin)";"43,3266430";"5,3878030"
"201900014683";"20";"11";"2019";"07:36";"2";"10";"10387";"2";"1";"5";"6";"GEORGES POMPIDOU (RUE)";"48,2961400";"4,0943100"
"201900014684";"19";"11";"2019";"14:35";"1";"5";"05061";"2";"1";"7";"7";"FOREST D'ENTRAIS ( RUE  DU )";"44,5658200";"6,0869300"
"201900014685";"20";"11";"2019";"13:00";"1";"2";"02408";"2";"1";"1";"3";"WINSTON CHURCHILL (RUE)";"49,5673400";"3,6359700"
"201900014686";"20";"11";"2019";"16:25";"1";"75";"75105";"2";"3";"1";"2";"QUAI DE MONTEBELLO";"48,8519320";"2,3492090"
"201900014687";"19";"11";"2019";"23:37";"5";"75";"75105";"2";"2";"1";"3";"RUE SAINT JACQUES";"48,8473540";"2,3436540"
"201900014688";"20";"11";"2019";"17:45";"2";"75";"75119";"2";"1";"1";"7";"RUE AUGUSTIN THIERRY";"48,8761276";"2,3937024"
"201900014689";"19";"11";"2019";"11:00";"1";"75";"75117";"2";"1";"1";"7";"RUE CARDINET";"48,8882980";"2,3153630"
"201900014690";"19";"11";"2019";"21:10";"5";"75";"75117";"2";"1";"1";"3";"AVENUE DE VILLIERS";"48,8843580";"2,3019090"
"201900014691";"19";"11";"2019";"19:28";"5";"75";"75116";"2";"2";"1";"3";"AVENUE KLEBER";"48,8724340";"2,2940630"
"201900014692";"19";"11";"2019";"17:00";"5";"75";"75116";"2";"7";"1";"3";"PLACE DE LA PORTE DE SAINT CLOUD";"48,8374605";"2,2569019"
"201900014693";"19";"11";"2019";"23:05";"5";"75";"75112";"2";"4";"1";"3";"AVENUE DE NOGENT   VINCENNES";"48,8442930";"2,4422750"
"201900014694";"18";"11";"2019";"14:40";"1";"75";"75107";"2";"1";"2";"5";"BOULEVARD DES INVALIDES";"48,8546590";"2,3148510"
"201900014695";"20";"11";"2019";"12:00";"1";"75";"75101";"2";"2";"1";"3";"RUE ETIENNE MARCEL";"48,8641945";"2,3476020"
"201900014696";"20";"11";"2019";"17:05";"5";"94";"94078";"2";"1";"1";"6";"PIERRE SEMARD (PL)";"48,7305610";"2,4468580"
"201900014697";"19";"11";"2019";"18:00";"5";"94";"94068";"2";"1";"1";"3";"GENERAL LECLERC (AV DU)";"48,8066230";"2,4969020"
"201900014698";"19";"11";"2019";"14:00";"1";"94";"94068";"2";"1";"1";"7";"CHAMPIGNY - PONT DE CHAMPIGNY (BD DE)";"48,8100000";"2,5100000"
"201900014699";"20";"11";"2019";"17:40";"5";"94";"94033";"2";"9";"1";"3";"CHARLES GARCIA (AV)";"48,8533500";"2,4826900"
"201900014700";"20";"11";"2019";"21:40";"5";"94";"94028";"2";"1";"8";"3";"FRANCE LIBRE(AVENUE DE LA)";"48,7813000";"2,4549700"
"201900014701";"20";"11";"2019";"20:00";"5";"94";"94079";"2";"6";"1";"6";"JEAN JAURES (R)";"48,8275400";"2,5279100"
"201900014702";"18";"11";"2019";"18:50";"5";"94";"94002";"2";"3";"2";"1";"BLANQUI (QU)";"48,8094900";"2,4102100"
"201900014703";"20";"11";"2019";"08:05";"1";"93";"93049";"2";"1";"1";"6";"GALLIENI (BOULEVARD)";"48,8532960";"2,5155500"
"201900014704";"20";"11";"2019";"16:30";"1";"93";"93046";"2";"1";"1";"6";"JULES GUESDES AVENUE";"48,9110400";"2,5110600"
"201900014705";"20";"11";"2019";"08:04";"1";"93";"93046";"2";"9";"1";"6";"VAUBAN AVENUE";"48,9139500";"2,5194900"
"201900014706";"20";"11";"2019";"21:15";"5";"93";"93027";"2";"1";"1";"6";"VAILLANT-COUTURIER (AVENUE PAUL)";"48,9213000";"2,4112000"
"201900014707";"20";"11";"2019";"12:45";"1";"93";"93007";"2";"3";"1";"3";"EMILE PALADHILE (RUE)";"48,9380000";"2,4680000"
"201900014708";"20";"11";"2019";"04:26";"5";"92";"92050";"2";"1";"1";"6";"PICASSO PABLO AVENUE";"48,8901200";"2,2192130"
"201900014709";"20";"11";"2019";"18:20";"5";"92";"92049";"2";"2";"1";"3";"RACINE RUE AUTRES N°";"48,8123610";"2,3142480"
"201900014710";"15";"11";"2019";"18:00";"5";"92";"92036";"2";"2";"3";"3";"MOULIN DE CAGE (QUAI DU)";"48,9210300";"2,3252000"
"201900014711";"18";"11";"2019";"10:20";"1";"92";"92025";"2";"1";"2";"3";"STALINGRAD (AV DE)";"48,9304050";"2,2675210"
"201900014712";"20";"11";"2019";"11:50";"1";"92";"92004";"2";"1";"1";"3";"AULAGNIER ( QUAI )";"48,9143178";"2,3107450"
"201900014713";"21";"11";"2019";"09:20";"1";"10";"10115";"2";"1";"1";"6";"Rue Claude Bertrand";"48,3297100";"4,1284240"
"201900014714";"21";"11";"2019";"12:45";"1";"972";"97232";"1";"1";"1";"2";"Ravine Plate";"14,5638690";" -60,8567280"
"201900014715";"21";"11";"2019";"10:30";"1";"62";"62038";"2";"1";"1";"3";"Avenue des Tilleuls";"50,8515010";"1,9814740"
"201900014716";"21";"11";"2019";"07:20";"2";"14";"14061";"1";"1";"9";"2";"A84";"49,0162640";" -0,8485910"
"201900014717";"20";"11";"2019";"17:30";"2";"58";"58238";"1";"9";"1";"6";"A77";"47,0059860";"3,2044970"
"201900014718";"21";"11";"2019";"08:26";"1";"12";"12145";"1";"1";"1";"2";"A75";"44,1198460";"3,0294880"
"201900014719";"16";"11";"2019";"14:45";"1";"77";"77432";"1";"1";"1";"6";"D934 - 23 Rue de Villars";"48,7885936";"3,2349027"
"201900014720";"20";"11";"2019";"08:00";"2";"56";"56067";"1";"1";"1";"5";"Kerroz";"47,7764590";" -2,8888110"
"201900014721";"20";"11";"2019";"16:40";"1";"79";"79290";"1";"1";"1";"6";"N/A";"46,4158800";" -0,5921900"
"201900014722";"21";"11";"2019";"07:00";"3";"80";"80834";"1";"6";"5";"6";"42 Rue de l'Avenir";"50,0666950";"1,5126050"
"201900014723";"21";"11";"2019";"07:45";"2";"32";"32132";"1";"1";"1";"2";"Rue de la 1ere Armee Francaise Rhin et Danube";"43,8487760";"0,6761540"
"201900014724";"18";"11";"2019";"19:00";"3";"61";"61457";"1";"1";"1";"7";"Lieu Dit les brousettes";"48,7894850";"0,5205480"
"201900014725";"21";"11";"2019";"09:30";"1";"49";"49365";"1";"1";"2";"1";"D170";"47,1652420";" -0,3256420"
"201900014726";"20";"11";"2019";"08:15";"2";"68";"68135";"1";"1";"5";"4";"D105";"47,5808000";"7,5300260"
"201900014727";"21";"11";"2019";"07:38";"2";"14";"14726";"1";"1";"5";"1";"D56";"48,8775030";" -0,7087920"
"201900014728";"21";"11";"2019";"18:20";"3";"50";"50266";"1";"1";"2";"2";"La Tavelliere";"48,9373520";" -1,3526250"
"201900014729";"20";"11";"2019";"23:20";"3";"83";"83121";"1";"1";"1";"6";"Route de Sillans";"43,5721930";"6,1993090"
"201900014730";"21";"11";"2019";"08:37";"1";"45";"45019";"1";"1";"1";"1";"D104 PR3+980";"47,8593910";"1,6038560"
"201900014731";"20";"11";"2019";"13:30";"1";"10";"10316";"1";"1";"1";"6";"rd 441";"48,5355000";"3,9889390"
"201900014732";"19";"11";"2019";"08:15";"1";"16";"16245";"1";"1";"1";"6";"Ld Les Grandes Forets";"45,8650010";"0,5026690"
"201900014733";"21";"11";"2019";"16:00";"1";"16";"16074";"1";"1";"2";"6";"La Croix Joseph";"45,4371240";" -0,0798760"
"201900014734";"19";"11";"2019";"23:30";"3";"16";"16143";"1";"1";"1";"6";"N/A";"45,5133580";"0,1957430"
"201900014735";"20";"11";"2019";"17:10";"1";"24";"24571";"1";"1";"1";"7";"Route de Peyrefond";"45,0265730";"0,7060770"
"201900014736";"21";"10";"2019";"13:25";"1";"85";"85047";"2";"1";"1";"6";"Rue des Sables";"46,8385900";" -1,8742300"
"201900014737";"20";"11";"2019";"15:30";"1";"27";"27051";"1";"1";"1";"6";"D 133 PK 17";"49,0821670";"0,7873700"
"201900014738";"21";"11";"2019";"20:00";"3";"48";"48166";"1";"1";"2";"6";"N106";"44,3045880";"3,6594540"
"201900014739";"20";"11";"2019";"17:55";"3";"88";"88250";"1";"1";"5";"2";"Route de Cheniménil";"48,1196580";"6,5749690"
"201900014740";"21";"11";"2019";"11:10";"1";"30";"30333";"1";"1";"1";"1";"N113";"43,7534246";"4,2736476"
"201900014741";"18";"11";"2019";"08:00";"1";"31";"31066";"2";"1";"1";"6";"D71";"43,8116450";"1,5716930"
"201900014742";"18";"11";"2019";"19:50";"5";"974";"97415";"2";"1";"1";"1";"41 Rue Louis Desjardin";" -20,9834640";"55,3341270"
"201900014743";"20";"11";"2019";"07:50";"1";"973";"97309";"2";"2";"1";"1";"Route de Montjoly";"4,9226330";" -52,2818550"
"201900014744";"26";"1";"2019";"18:35";"5";"69";"69244";"2";"1";"1";"3";"5 AVENUE DE LA RÉPUBLIQUE";"45,7641400";"4,7841070"
"201900014745";"20";"11";"2019";"06:15";"3";"79";"79109";"1";"1";"1";"6";"N/A";"46,4037210";" -0,3838300"
"201900014746";"20";"11";"2019";"20:15";"3";"63";"63193";"1";"1";"1";"3";"A711";"45,7742370";"3,1754360"
"201900014747";"20";"11";"2019";"17:00";"1";"11";"11262";"1";"1";"1";"6";"a61 - pk 375+000";"43,1543470";"2,9561450"
"201900014748";"21";"11";"2019";"06:50";"1";"974";"97417";"2";"1";"1";"3";"66 Route Nationale 2 Baril";" -21,3688970";"55,7294100"
"201900014749";"19";"11";"2019";"17:45";"1";"974";"97415";"1";"3";"2";"1";"141 Rue Raphael Barquisseau";" -21,0410120";"55,2686720"
"201900014750";"21";"11";"2019";"10:55";"1";"974";"97420";"1";"1";"7";"2";"Route Nationale 2";" -20,9222910";"55,6267510"
"201900014751";"15";"11";"2019";"18:10";"5";"34";"34344";"2";"9";"1";"6";"Rue Frederic Mistral";"43,5589760";"4,0881210"
"201900014752";"21";"11";"2019";"12:45";"1";"83";"83035";"1";"1";"2";"3";"Montée du Vieux Camp";"43,2563320";"5,7497690"
"201900014753";"21";"11";"2019";"12:50";"1";"8";"08328";"2";"1";"1";"1";"118 Rue Jean Jaurès";"49,8160240";"4,7552780"
"201900014754";"20";"11";"2019";"17:00";"5";"88";"88321";"2";"2";"1";"3";"70 Avenue de la Division Leclerc";"48,3635800";"5,6929010"
"201900014755";"11";"10";"2019";"17:15";"1";"73";"73053";"2";"6";"1";"3";"D925";"45,5515220";"6,2086321"
"201900014756";"20";"11";"2019";"13:45";"1";"1";"01376";"2";"2";"1";"3";"21 Rue du Tronfou";"45,8365440";"4,9828590"
"201900014757";"21";"11";"2019";"14:00";"1";"81";"81105";"2";"1";"1";"5";"19 Avenue de l'Amiral Jaures";"43,7637240";"1,9924710"
"201900014758";"21";"11";"2019";"08:05";"3";"85";"85222";"2";"1";"8";"6";"3 Boulevard Georges Pompidou";"46,7016000";" -1,9391900"
"201900014759";"20";"11";"2019";"07:45";"2";"49";"49294";"1";"1";"1";"1";"D963";"47,4709990";" -0,6917110"
"201900014760";"21";"11";"2019";"17:00";"3";"80";"80311";"1";"1";"1";"1";"D41";"49,6776760";"2,5828990"
"201900014761";"21";"11";"2019";"10:55";"1";"62";"62589";"2";"2";"5";"3";"intersection CD 341 / CD49";"50,3451430";"2,6943180"
"201900014762";"20";"11";"2019";"12:30";"1";"13";"13055";"1";"1";"1";"7";"A507 sens Aubagne- Marseille";"43,3301102";"5,4005903"
"201900014763";"20";"11";"2019";"09:00";"1";"13";"13211";"1";"1";"1";"7";"A50-Sens Aubagne vers Marseille";"43,2932100";"5,4755800"
"201900014764";"20";"11";"2019";"19:05";"4";"33";"33318";"1";"1";"1";"2";"ROCADE A 630";"44,7882800";" -0,6417000"
"201900014765";"19";"11";"2019";"21:35";"3";"59";"59491";"1";"1";"1";"5";"AUTOROUTE A23";"50,3865604";"3,4583598"
"201900014766";"20";"11";"2019";"05:55";"3";"91";"91340";"1";"1";"1";"4";"RN 104";"48,6089200";"2,4383500"
"201900014767";"19";"11";"2019";"14:47";"1";"91";"91235";"1";"1";"1";"6";"RN 104";"48,6238200";"2,3720200"
"201900014768";"19";"11";"2019";"15:30";"1";"94";"94034";"1";"1";"1";"6";"AUTOROUTE A6B";"48,7538300";"2,3317300"
"201900014769";"20";"11";"2019";"21:15";"3";"78";"78043";"1";"1";"1";"2";"A13Y";"48,8466380";"2,0809570"
"201900014770";"19";"11";"2019";"19:15";"5";"92";"92036";"1";"1";"1";"6";"A86";"48,9351833";"2,2664444"
"201900014771";"19";"11";"2019";"17:44";"3";"78";"78545";"1";"1";"1";"4";"A12 Y";"48,8151300";"2,0617300"
"201900014772";"20";"11";"2019";"01:45";"3";"95";"95277";"1";"1";"1";"6";"AUTOROUTE A3";"48,9775300";"2,4928200"
"201900014773";"20";"11";"2019";"14:45";"1";"94";"94033";"1";"1";"1";"2";"A86.EXT";"48,8537600";"2,4898900"
"201900014774";"19";"11";"2019";"16:40";"1";"94";"94046";"1";"1";"1";"3";"A86 INT";"48,8049900";"2,4487400"
"201900014775";"15";"6";"2019";"01:00";"3";"77";"77210";"1";"1";"2";"6";"RD 605";"48,4309500";"2,9018600"
"201900014776";"31";"10";"2019";"18:40";"2";"62";"62617";"2";"1";"2";"3";"CASTELNAU (BD DU GENERAL)";"50,4638200";"2,6722800"
"201900014777";"19";"11";"2019";"08:10";"1";"45";"45285";"2";"3";"1";"1";"R C BEAUHAIRE - R J JAURES";"47,9140817";"1,8711895"
"201900014778";"30";"10";"2019";"16:20";"1";"22";"22360";"2";"1";"2";"2";"RD700";"48,4901900";" -2,7632500"
"201900014779";"18";"11";"2019";"21:05";"5";"13";"13202";"2";"2";"1";"3";"PEYSSONNEL (RUE)";"43,3153800";"5,3681300"
"201900014780";"19";"11";"2019";"10:40";"1";"973";"97302";"2";"9";"1";"7";"MADELEINE (ROUTE DE LA)";"4,9087000";" -52,3218500"
"201900014781";"19";"11";"2019";"09:00";"1";"973";"97302";"2";"1";"1";"2";"MONT LUCAS 1 (CITE)";"4,9260711";" -52,2998217"