"Num_Acc";"jour";"mois";"an";"hrmn";"lum";"dep";"com";"agg";"int";"atm";"col";"adr";"lat";"long"
"201900014782";"19";"11";"2019";"22:00";"5";"69";"69383";"2";"1";"1";"7";"PROFESSEUR ROCHAIX (DU)             (R )";"45,7441300";"4,8770600"
"201900014783";"19";"11";"2019";"10:15";"1";"69";"69386";"2";"1";"1";"6";"MARECHAL DE SAXE                    (R )";"45,7669500";"4,8442600"
"201900014784";"19";"11";"2019";"08:15";"1";"69";"69388";"2";"2";"8";"3";"HENRI PENSIER                       (R )";"45,7451400";"4,8628600"
"201900014785";"19";"11";"2019";"13:10";"1";"972";"97209";"2";"9";"1";"3";"GEORGES GRATIANT (AVENUE)";"14,6124200";" -61,0408200"
"201900014786";"19";"11";"2019";"10:14";"1";"972";"97209";"1";"1";"1";"3";"GEORGES GRATIANT (AVENUE)";"14,6125300";" -61,0408800"
"201900014787";"19";"11";"2019";"11:30";"1";"2A";"2A004";"2";"3";"2";"3";"CAMPI LOUIS BD";"41,9427800";"8,7522000"
"201900014788";"31";"12";"2019";"09:20";"1";"75";"75115";"2";"2";"1";"3";"RUE DE LA CONVENTION";"48,8372260";"2,2964430"
"201900014789";"31";"12";"2019";"08:15";"2";"75";"75115";"2";"3";"1";"6";"QUAI ANDRE CITROEN";"48,8484280";"2,2809290"
"201900014790";"30";"12";"2019";"23:25";"3";"75";"75115";"2";"2";"1";"5";"RUE BRANCION";"48,8347190";"2,3051710"
"201900014791";"31";"12";"2019";"16:10";"1";"75";"75114";"2";"3";"1";"3";"AVENUE DU GENERAL LECLERC";"48,8239625";"2,3257203"
"201900014792";"31";"12";"2019";"19:10";"5";"75";"75112";"2";"1";"1";"6";"PONT D AUSTERLITZ";"48,8451780";"2,3664270"
"201900014793";"30";"12";"2019";"12:00";"1";"75";"75112";"2";"1";"1";"6";"CITE MOYNET";"48,8438327";"2,3867013"
"201900014794";"29";"12";"2019";"13:10";"1";"75";"75112";"2";"2";"1";"6";"AVENUE DU TRONE";"48,8480930";"2,3991290"
"201900014795";"31";"12";"2019";"10:25";"1";"75";"75111";"2";"4";"1";"3";"BOULEVARD VOLTAIRE";"48,8573630";"2,3808900"
"201900014796";"31";"12";"2019";"11:55";"1";"75";"75110";"2";"1";"1";"6";"RUE DU FAUBOURG POISSONNIERE";"48,8768990";"2,3488100"
"201900014797";"31";"12";"2019";"09:45";"1";"75";"75103";"2";"3";"1";"2";"RUE RAMBUTEAU";"48,8602895";"2,3563087"
"201900014798";"31";"12";"2019";"08:45";"1";"75";"75111";"2";"3";"1";"3";"BOULEVARD DU TEMPLE";"48,8646570";"2,3658100"
"201900014799";"31";"12";"2019";"13:05";"1";"94";"94068";"2";"2";"1";"3";"MESNIL (AV DU)";"48,7981300";"2,5168500"
"201900014800";"31";"12";"2019";"11:00";"1";"94";"94068";"2";"3";"1";"3";"BARBES (AV)";"48,7950500";"2,4903800"
"201900014801";"30";"12";"2019";"22:30";"5";"94";"94042";"2";"9";"1";"3";"JEAN MERMOZ (R)";"48,8200000";"2,4670000"
"201900014802";"29";"12";"2019";"22:20";"5";"94";"94041";"2";"1";"1";"1";"MARCEL BOYER (QU)";"48,8233590";"2,3912920"
"201900014803";"31";"12";"2019";"21:00";"5";"94";"94021";"2";"1";"1";"6";"STALINGRAD (AV DE)";"48,7655800";"2,3681200"
"201900014804";"31";"12";"2019";"14:38";"1";"94";"94033";"2";"2";"1";"3";"COMMANDANT JEAN DUHAIL (R DU)";"48,8436908";"2,4661609"
"201900014805";"31";"12";"2019";"13:45";"1";"93";"93077";"2";"3";"1";"3";"ROSNY (AVENUE DE)";"48,8852800";"2,5038700"
"201900014806";"31";"12";"2019";"11:30";"1";"93";"93048";"2";"1";"1";"6";"GALLILEE (RUE)";"48,8606050";"2,4482250"
"201900014807";"31";"12";"2019";"12:15";"1";"93";"93006";"2";"1";"7";"6";"MARCEL ETIENNE RUE";"48,8572070";"2,4229830"
"201900014808";"31";"12";"2019";"17:30";"5";"92";"92049";"2";"1";"1";"6";"BROSSOLETTE AVENUE PIERRE";"48,8193400";"2,3101500"
"201900014809";"31";"12";"2019";"16:55";"2";"92";"92048";"2";"3";"1";"6";"CHARLES LIOT (RUE)";"48,8107700";"2,2367100"
"201900014810";"30";"12";"2019";"23:00";"5";"92";"92036";"2";"3";"1";"2";"ARGENTEUIL (AVENUE D')";"48,9392933";"2,2560959"
"201900014811";"30";"12";"2019";"17:50";"1";"92";"92035";"2";"2";"1";"3";"République ( boulevard de la )";"48,9054500";"2,2550800"
"201900014812";"30";"12";"2019";"11:55";"1";"92";"92025";"2";"2";"1";"6";"VALMY (BD DE)";"48,9276580";"2,2536880"
"201900014813";"31";"12";"2019";"16:15";"1";"92";"92024";"2";"6";"1";"3";"EUROPE (ALLEES DE)";"48,9107130";"2,3061047"
"201900014814";"29";"12";"2019";"05:15";"3";"49";"49045";"1";"1";"9";"7";"D85";"47,3508070";"0,0743940"
"201900014815";"30";"12";"2019";"17:00";"2";"31";"31470";"1";"1";"1";"7";"Ravi";"42,7431360";"0,6015300"
"201900014816";"31";"12";"2019";"18:00";"3";"38";"38029";"2";"1";"1";"1";"Rue des Canuts";"45,5802200";"5,5232800"
"201900014817";"31";"12";"2019";"16:58";"1";"30";"30167";"1";"1";"1";"3";"D51";"44,2624890";"4,1584340"
"201900014818";"29";"12";"2019";"20:30";"5";"987";"98745";"2";"3";"1";"6";"Haamene";" -16,6308330";" -151,5040280"
"201900014819";"31";"12";"2019";"16:15";"1";"33";"33199";"2";"1";"1";"3";"4 Av du Mal de Lattre de Tassigny";"44,6394260";" -1,1185060"
"201900014820";"31";"12";"2019";"14:10";"1";"78";"78349";"1";"1";"1";"3";"D149";"48,5617480";"1,9873930"
"201900014821";"31";"12";"2019";"09:30";"1";"34";"34164";"2";"2";"1";"1";"D21";"43,7491170";"3,9587360"
"201900014822";"31";"12";"2019";"17:50";"3";"83";"83099";"2";"1";"1";"6";"Les Salles";"43,4415880";"6,7053030"
"201900014823";"31";"12";"2019";"10:40";"1";"13";"13042";"2";"1";"1";"6";"7 Avenue de Verdun";"43,2951760";"5,6264310"
"201900014824";"31";"12";"2019";"17:30";"5";"52";"52269";"2";"1";"1";"6";"Avenue Jean Ernest Darbot";"47,8638200";"5,3303110"
"201900014825";"31";"12";"2019";"12:50";"1";"87";"87161";"2";"1";"1";"2";"Rue Louis Valadas";"45,8409900";"1,4930820"
"201900014826";"31";"12";"2019";"15:00";"1";"29";"29256";"1";"1";"2";"7";"D887";"48,2252080";" -4,2652380"
"201900014827";"31";"12";"2019";"06:25";"5";"13";"13210";"1";"1";"1";"6";"A50-Sens Marseille vers Aubagne";"43,2859640";"5,4307030"
"201900014828";"31";"12";"2019";"00:29";"3";"13";"13211";"2";"1";"1";"6";"A50-Sens Marseille vers Aubagne";"43,2880402";"5,4419727"
"201900014829";"30";"12";"2019";"22:05";"3";"13";"13210";"2";"1";"1";"2";"A50-Sens Marseille vers Aubagne";"43,2844926";"5,4139155"
"201900014830";"28";"12";"2019";"20:30";"3";"54";"54578";"1";"1";"1";"7";"Autoroute 33";"48,6642300";"6,1238400"
"201900014831";"31";"12";"2019";"17:15";"2";"91";"91363";"1";"1";"1";"6";"RN 104";"48,6319400";"2,2266300"
"201900014832";"30";"12";"2019";"17:40";"3";"92";"92064";"1";"1";"1";"6";"A13";"48,8370911";"2,1873104"
"201900014833";"30";"12";"2019";"11:45";"1";"95";"95572";"1";"1";"1";"6";"AUTOROUTE A15";"49,0320600";"2,1067300"
"201900014834";"30";"12";"2019";"04:55";"5";"93";"93066";"1";"1";"1";"3";"AUTOROUTE A1";"48,9034000";"2,3588300"
"201900014835";"30";"12";"2019";"06:15";"3";"93";"93007";"1";"1";"1";"5";"AUTOROUTE A1";"48,9492600";"2,4467600"
"201900014836";"28";"12";"2019";"13:30";"1";"95";"95572";"1";"1";"1";"2";"AUTOROUTE A15";"49,0350200";"2,0989400"
"201900014837";"16";"12";"2019";"16:00";"1";"93";"93010";"1";"1";"8";"6";"AUTOROUTE A3";"48,9048700";"2,4713300"
"201900014838";"29";"12";"2019";"19:45";"5";"94";"94073";"1";"1";"1";"4";"A86 INT";"48,7699089";"2,3807489"
"201900014839";"29";"12";"2019";"00:40";"3";"94";"94017";"1";"1";"1";"4";"A4";"48,8280945";"2,5033698"
"201900014840";"17";"12";"2019";"18:00";"5";"77";"77169";"1";"1";"1";"2";"RN104";"48,8154260";"2,6241290"
"201900014841";"1";"10";"2019";"11:00";"1";"73";"73008";"2";"1";"1";"3";"D991 MARLIOZ AVENUE DE";"45,6757954";"5,9088265"
"201900014842";"30";"12";"2019";"08:25";"1";"93";"93055";"2";"1";"8";"3";"GENERAL LECLERC(AVE DU)(43/87 ET 78/120)";"48,9005600";"2,4110300"
"201900014843";"30";"12";"2019";"05:00";"5";"93";"93055";"2";"1";"1";"6";"GENERAL LECLERC(AVE DU)(43/87 ET 78/120)";"48,8998000";"2,4095000"
"201900014844";"29";"12";"2019";"18:45";"2";"974";"97416";"2";"1";"3";"6";"BOEUF(CHEMIN)";" -21,2973600";"55,4558700"
"201900014845";"30";"12";"2019";"15:55";"1";"973";"97307";"2";"9";"1";"3";"ROUTE NATIONALE II";"4,8902900";" -52,3333360"
"201900014846";"19";"12";"2019";"09:50";"1";"95";"95427";"2";"1";"2";"1";"GARE (AVENUE DE LA)";"48,9747500";"2,3414600"
"201900014847";"29";"12";"2019";"16:49";"1";"87";"87085";"2";"1";"1";"2";"VIGENAL (BOULEVARD DU)";"45,8498300";"1,2476600"
"201900014848";"28";"12";"2019";"06:42";"5";"87";"87085";"2";"1";"1";"6";"LARREY (AVENUE DOMINIQUE)";"45,8139700";"1,2417500"
"201900014849";"2";"12";"2019";"14:10";"1";"86";"86194";"2";"1";"1";"6";"PHILIPPE LE BEL (PLACE)";"46,5748000";"0,3778000"
"201900014850";"28";"12";"2019";"17:25";"2";"83";"83123";"2";"9";"1";"6";"JOHN KENNEDY (SQUARE)";"43,1150000";"5,8050000"
"201900014851";"26";"12";"2019";"10:35";"1";"83";"83061";"2";"1";"1";"6";"RUE DU DOCTEUR DONNADIEU";"43,2559000";"6,4518000"
"201900014852";"27";"12";"2019";"21:50";"5";"80";"80379";"2";"1";"1";"6";"PHILEAS FOGG (AVENUE)";"49,8652300";"2,3789800"
"201900014853";"30";"12";"2019";"12:20";"1";"78";"78624";"1";"1";"1";"7";"POISSY AVENUE DE";"48,9564200";"2,0192900"
"201900014854";"29";"12";"2019";"18:38";"3";"78";"78005";"1";"1";"1";"3";"RD 30";"48,9727700";"2,0767200"
"201900014855";"30";"12";"2019";"19:10";"5";"77";"77475";"2";"1";"1";"6";"D17 - DE GAULLE (RUE GAL)";"48,9602000";"2,9480900"
"201900014856";"9";"12";"2019";"08:45";"4";"76";"76231";"2";"1";"2";"6";"SOLFERINO. RUE DE";"49,2897930";"1,0110784"
"201900014857";"13";"12";"2019";"12:10";"1";"76";"76575";"2";"2";"1";"7";"LENINE. BOULEVARD";"49,3811559";"1,1096569"
"201900014858";"28";"12";"2019";"07:50";"2";"76";"76481";"2";"1";"1";"6";"RD 940";"49,5780900";"0,1221500"
"201900014859";"17";"12";"2019";"07:50";"2";"69";"69282";"2";"1";"1";"6";"HENRI LEBRUN                        (R )";"45,7672300";"4,9972000"
"201900014860";"30";"12";"2019";"13:00";"1";"69";"69266";"2";"3";"1";"3";"TOLSTOI    (Cours)";"45,7599100";"4,8889600"
"201900014861";"15";"12";"2019";"13:30";"1";"67";"67267";"2";"1";"2";"6";"ALFRED KASTLER (RUE)";"48,5487700";"7,6838500"
"201900014862";"14";"12";"2019";"17:25";"5";"67";"67447";"2";"3";"1";"3";"GENERAL DE GAULLE (ROUTE DU)";"48,6081200";"7,7351600"
"201900014863";"14";"12";"2019";"16:30";"2";"67";"67447";"2";"1";"1";"3";"BRETAGNE (RUE DE)";"48,6082762";"7,7677574"
"201900014864";"13";"12";"2019";"19:30";"5";"67";"67482";"2";"1";"1";"6";"OBERHAUSBERGEN (ROUTE D )";"48,5951200";"7,7099200"
"201900014865";"13";"12";"2019";"08:10";"2";"67";"67482";"2";"3";"3";"3";"RHIN (ROUTE DU)";"48,5725500";"7,7659500"
"201900014866";"27";"11";"2019";"15:55";"1";"64";"64445";"2";"3";"1";"3";"LEON BLUM";"43,3153200";" -0,3324100"
"201900014867";"29";"12";"2019";"21:50";"5";"64";"64122";"2";"1";"1";"6";"BAB(BOULEVARD)";"43,4824080";" -1,5402750"
"201900014868";"30";"12";"2019";"14:20";"1";"64";"64102";"2";"1";"1";"2";"SOULT (AVENUE MARECHAL)";"43,4839100";" -1,5000700"
"201900014869";"18";"11";"2019";"19:00";"2";"62";"62895";"1";"1";"1";"6";"RN 47";"50,4868660";"2,8362320"
"201900014870";"28";"12";"2019";"08:30";"2";"62";"62863";"1";"1";"1";"7";"CD941";"50,5161700";"2,7697800"
"201900014871";"30";"12";"2019";"17:20";"3";"60";"60159";"2";"1";"1";"6";"CAPUCINS (DES)";"49,4143465";"2,8216749"
"201900014872";"28";"11";"2019";"20:10";"5";"59";"59350";"2";"1";"1";"6";"HUGO VICTOR RUE";"50,6209500";"3,0956800"
"201900014873";"16";"12";"2019";"07:55";"2";"58";"58194";"2";"3";"1";"2";"MARECHAL JUIN";"47,0055800";"3,1533400"
"201900014874";"16";"12";"2019";"14:45";"1";"57";"57606";"1";"3";"1";"2";"CD 72 (ROUTE DE PORCELETTE)";"49,1374600";"6,6788200"
"201900014875";"28";"12";"2019";"16:15";"1";"54";"54184";"2";"6";"1";"7";"BRIGACHTAL (AVENUE DE)";"48,7080010";"6,2434470"
"201900014876";"30";"12";"2019";"20:55";"5";"51";"51454";"2";"3";"1";"3";"RUE PIERRE MAITRE";"49,2630435";"4,0018303"
"201900014877";"28";"12";"2019";"22:35";"5";"44";"44184";"2";"2";"1";"3";"RUE MENDES FRANCE / AVENUE DE BEARN";"47,2727200";" -2,2173900"
"201900014878";"30";"12";"2019";"10:00";"1";"38";"38151";"2";"1";"1";"6";"ETATS GENERAUX (AVENUE DES)";"45,1564400";"5,7187200"
"201900014879";"30";"12";"2019";"21:50";"5";"37";"37261";"2";"2";"5";"3";"JOLIVET (RUE)";"47,3865248";"0,7071161"
"201900014880";"13";"12";"2019";"20:05";"5";"34";"34172";"2";"1";"1";"7";"GAMBETTA (COURS)";"43,6086400";"3,8675400"
"201900014881";"16";"12";"2019";"07:50";"5";"33";"33063";"2";"2";"1";"6";"BD DU PDT FRANKLIN ROOSEVELT";"44,8148600";" -0,5727200"
"201900014882";"16";"12";"2019";"07:05";"5";"33";"33119";"2";"2";"1";"6";"CRS VICTOR HUGO";"44,8551300";" -0,5322000"
"201900014883";"29";"12";"2019";"14:15";"1";"31";"31555";"2";"1";"1";"3";"RUE YVAN LACASSAGNE";"43,5903400";"1,4231800"
"201900014884";"29";"12";"2019";"13:55";"1";"31";"31555";"2";"1";"1";"3";"AV DE CASTRES";"43,6001500";"1,4779400"
"201900014885";"30";"12";"2019";"14:10";"1";"31";"31483";"2";"1";"1";"7";"SCHUMANN ROBERT (RUE)";"43,1117800";"0,7186400"
"201900014886";"2";"12";"2019";"12:40";"1";"27";"27562";"2";"6";"1";"3";"DE GAULLE (BOULEVARD)";"49,0956200";"1,4599100"
"201900014887";"28";"12";"2019";"20:10";"5";"21";"21231";"2";"1";"1";"3";"ALBERT PREMIER (AVENUE)";"47,3220800";"5,0288200"
"201900014888";"27";"12";"2019";"11:30";"1";"21";"21166";"2";"6";"1";"7";"BERNARD    PALISSY (BOULEVARD)";"47,2817400";"5,0170200"
"201900014889";"30";"12";"2019";"17:45";"2";"17";"17291";"2";"3";"1";"6";"QUATORZE JUILLET   RUE DU";"46,1745700";" -1,1170700"
"201900014890";"30";"12";"2019";"14:53";"1";"17";"17300";"2";"2";"1";"6";"ROBESPIERRE   AVENUE";"46,1521600";" -1,1239500"
"201900014891";"18";"12";"2019";"08:50";"1";"17";"17300";"2";"2";"1";"6";"COLIGNY   AVENUE";"46,1630520";" -1,1651540"
"201900014892";"30";"12";"2019";"10:15";"1";"17";"17299";"2";"6";"7";"3";"BEGON ROND POINT ET RUE";"45,9429640";" -0,9601650"
"201900014893";"30";"12";"2019";"07:50";"5";"17";"17299";"2";"1";"1";"6";"LA FAYETTE RUE";"45,9352200";" -0,9645100"
"201900014894";"29";"12";"2019";"20:25";"5";"14";"14333";"2";"1";"1";"6";"VASES (RUE DES)";"49,4179676";"0,2393136"
"201900014895";"30";"12";"2019";"14:55";"1";"13";"13056";"2";"1";"1";"5";"DIX NEUF MARS 1962 BOULEVARD DU";"43,4211400";"5,0361400"
"201900014896";"2";"12";"2019";"15:00";"1";"13";"13039";"1";"1";"1";"6";"RN 544";"43,4417855";"4,9136138"
"201900014897";"30";"12";"2019";"18:15";"3";"13";"13210";"2";"1";"1";"2";"ROMAIN ROLLAND (BOULEVARD)";"43,2750770";"5,4158040"
"201900014898";"30";"12";"2019";"15:35";"1";"13";"13211";"2";"1";"1";"2";"ST MENET ACCATES (CHEMIN)";"43,2973000";"5,4956000"
"201900014899";"28";"11";"2019";"11:48";"1";"13";"13204";"2";"1";"1";"6";"CHUTES LAVI (AVENUE)";"43,3112000";"5,3964800"
"201900014900";"27";"12";"2019";"19:30";"5";"11";"11262";"2";"1";"1";"6";"LECLERC (AVENUE DU GENERAL)";"43,1793300";"2,9959500"
"201900014901";"30";"12";"2019";"13:30";"1";"6";"06123";"2";"1";"1";"7";"PUGETS MOYENNE CORNICHE DES";"43,7034870";"7,1742780"
"201900014902";"30";"12";"2019";"20:00";"5";"75";"75113";"2";"1";"1";"4";"BD PERIPHERIQUE INTERIEUR";"48,8257910";"2,3865890"
"201900014903";"30";"12";"2019";"18:00";"5";"75";"75118";"2";"1";"1";"2";"BD PERIPHERIQUE EXTERIEUR";"48,9008470";"2,3344370"
"201900014904";"29";"12";"2019";"21:30";"5";"75";"75120";"2";"4";"1";"3";"ECHANGEUR MONTREUIL";"48,8514320";"2,4151160"
"201900014905";"30";"12";"2019";"17:30";"5";"75";"75120";"2";"3";"1";"3";"RUE LEON FRAPIE";"48,8733550";"2,4102650"
"201900014906";"30";"12";"2019";"14:15";"1";"75";"75119";"2";"1";"1";"6";"RUE DE BELLEVILLE";"48,8753370";"2,3898430"
"201900014907";"30";"12";"2019";"20:30";"5";"75";"75119";"2";"1";"1";"6";"AVENUE DE FLANDRE";"48,8894520";"2,3754820"
"201900014908";"30";"12";"2019";"17:30";"5";"75";"75119";"2";"1";"1";"3";"BOULEVARD DE LA VILLETTE";"48,8726770";"2,3764100"
"201900014909";"30";"12";"2019";"09:10";"1";"75";"75115";"2";"1";"1";"3";"RUE DE LA PORTE D ISSY";"48,8326491";"2,2814197"
"201900014910";"22";"12";"2019";"11:10";"1";"75";"75114";"2";"4";"1";"3";"BOULEVARD EDGAR QUINET";"48,8415440";"2,3235390"
"201900014911";"30";"12";"2019";"18:35";"5";"75";"75111";"2";"2";"1";"6";"RUE BASFROI";"48,8557030";"2,3787060"
"201900014912";"30";"12";"2019";"14:12";"1";"75";"75108";"2";"7";"1";"3";"PLACE CLEMENCEAU";"48,8677870";"2,3138510"
"201900014913";"30";"12";"2019";"12:27";"1";"75";"75108";"2";"5";"1";"3";"RUE DE ROME";"48,8794830";"2,3218490"
"201900014914";"30";"12";"2019";"20:30";"5";"75";"75110";"2";"3";"1";"3";"BOULEVARD DE BONNE NOUVELLE";"48,8696850";"2,3526620"
"201900014915";"29";"12";"2019";"18:00";"5";"94";"94052";"2";"3";"1";"3";"STALINGRAD (RTE DE)";"48,8418400";"2,4799700"
"201900014916";"30";"12";"2019";"10:00";"1";"94";"94058";"2";"5";"1";"6";"ALSACE LORRAINE (BD D)";"48,8492100";"2,4962900"
"201900014917";"29";"12";"2019";"22:20";"5";"94";"94058";"2";"1";"1";"6";"PIERRE BROSSOLETTE (AV)";"48,8342500";"2,5151600"
"201900014918";"30";"12";"2019";"20:00";"5";"94";"94076";"2";"2";"1";"3";"PARIS (AV DE)";"48,8057200";"2,3636800"
"201900014919";"30";"12";"2019";"17:25";"2";"94";"94076";"2";"1";"1";"6";"CHEVILLY (R DE)";"48,7814100";"2,3554800"
"201900014920";"30";"12";"2019";"15:30";"1";"94";"94011";"2";"1";"1";"6";"CHOISY.(AVENUE DE)";"48,7697900";"2,4754200"
"201900014921";"29";"12";"2019";"15:15";"1";"94";"94028";"2";"3";"1";"3";"BOEUFS(CHEMIN DES)";"48,7725000";"2,4355000"
"201900014922";"30";"12";"2019";"09:12";"2";"93";"93031";"2";"3";"1";"3";"REPUBLIQUE (AVENUE)";"48,9498200";"2,3315300"
"201900014923";"30";"12";"2019";"18:25";"2";"93";"93057";"2";"1";"1";"3";"CASANOVA (AL. DANIELLE) 1 A 98";"48,9076500";"2,4950200"
"201900014924";"30";"12";"2019";"08:20";"5";"93";"93057";"2";"9";"1";"6";"MONTYON (AL.) 1 A 74";"48,9129040";"2,5067150"
"201900014925";"30";"12";"2019";"07:55";"1";"92";"92036";"2";"2";"1";"6";"LAURENT CELY (AVENUE) (145/329)";"48,9221816";"2,3061382"
"201900014926";"30";"12";"2019";"21:25";"5";"92";"92007";"2";"5";"1";"3";"BRIAND (AVENUE ARISTIDE) N° 162 A 300";"48,7904400";"2,3194100"
"201900014927";"27";"12";"2019";"14:00";"1";"80";"80493";"1";"1";"1";"6";"D938";"50,0890840";"2,5057990"
"201900014928";"30";"12";"2019";"14:25";"1";"37";"37009";"1";"3";"1";"3";"Route d'Amboise";"47,5196980";"0,9955420"
"201900014929";"31";"12";"2019";"00:30";"3";"972";"97210";"1";"1";"1";"6";"Vapeur";"14,6274580";" -60,9139860"
"201900014930";"30";"12";"2019";"16:00";"1";"23";"23206";"1";"1";"1";"6";"7 Villebrier";"46,1733720";"1,9422780"
"201900014931";"30";"12";"2019";"11:30";"1";"62";"62338";"1";"2";"1";"1";"39 Rue du Quesne";"50,6427440";"2,8197620"
"201900014932";"30";"12";"2019";"10:55";"1";"6";"06033";"2";"3";"1";"1";"853 Route de la Zone Artisanale";"43,7721580";"7,2049090"
"201900014933";"8";"11";"2019";"17:20";"1";"974";"97413";"2";"3";"1";"3";"Rue Adrien Lagourgue";" -21,2229172";"55,3146081"
"201900014934";"31";"12";"2019";"16:40";"2";"67";"67059";"1";"1";"1";"1";"D1420";"48,3873780";"7,1438650"
"201900014935";"31";"12";"2019";"11:00";"1";"76";"76483";"1";"1";"1";"6";"Route du Manoir";"49,7209860";"0,6834930"
"201900014936";"31";"12";"2019";"06:30";"3";"32";"32155";"1";"1";"1";"7";"PK011+330";"43,7855130";" -0,2120450"
"201900014937";"27";"12";"2019";"14:30";"1";"63";"63170";"1";"2";"3";"5";"D941";"45,8374110";"2,7301090"
"201900014938";"30";"12";"2019";"16:05";"1";"46";"46038";"1";"1";"1";"3";"Avenue Charles de Gaulle";"44,9219440";"1,8294960"
"201900014939";"20";"12";"2019";"11:00";"1";"29";"29160";"1";"1";"1";"1";"ZA de Penhoat (Zone industrielle)";"48,4610778";" -4,4491763"
"201900014940";"30";"12";"2019";"22:30";"3";"2";"02298";"2";"1";"9";"7";"Route de Wassigny";"49,9961870";"3,6541540"
"201900014941";"31";"12";"2019";"08:15";"2";"2";"02270";"1";"1";"9";"3";"57 Rue de la Croix Saint Claude";"49,7870960";"3,1329250"
"201900014942";"31";"12";"2019";"08:50";"2";"72";"72180";"1";"1";"5";"6";"Route de Suré";"48,3567980";"0,3767570"
"201900014943";"30";"12";"2019";"17:45";"5";"14";"14570";"1";"1";"1";"3";"D519";"49,0776590";"0,3215280"
"201900014944";"30";"12";"2019";"22:45";"4";"18";"18271";"1";"1";"1";"7";"Route de Bourges";"47,1434490";"2,3940440"
"201900014945";"9";"12";"2019";"09:50";"1";"21";"21272";"1";"2";"2";"3";"Rue d'Aisy";"47,4116850";"4,2745080"
"201900014946";"31";"12";"2019";"10:30";"1";"87";"87060";"1";"1";"1";"1";"Fayollas";"45,6216020";"0,9828280"
"201900014947";"30";"12";"2019";"09:05";"1";"30";"30033";"1";"1";"1";"7";"D197 PK 7+250";"43,7002720";"4,3283560"
"201900014948";"30";"12";"2019";"17:25";"3";"8";"08107";"1";"1";"8";"1";"Ferme de Pargny";"49,5102701";"4,2151558"
"201900014949";"30";"12";"2019";"17:10";"2";"88";"88075";"2";"1";"8";"3";"78 Rue du Hohneck";"48,0025020";"6,9089480"
"201900014950";"31";"12";"2019";"10:22";"1";"64";"64238";"1";"1";"1";"2";"A64";"43,2348988";" -0,0850560"
"201900014951";"30";"12";"2019";"20:10";"3";"13";"13059";"1";"1";"1";"6";"A51 PK 37+200";"43,6586150";"5,5189490"
"201900014952";"31";"12";"2019";"07:00";"3";"30";"30189";"1";"4";"1";"2";"Rue Clovis";"43,8076850";"4,3548410"
"201900014953";"30";"12";"2019";"15:51";"1";"971";"97103";"1";"1";"1";"3";"ZAC de Beausoleil";"16,2553160";" -61,5987660"
"201900014954";"31";"12";"2019";"12:00";"1";"988";"98819";"1";"1";"1";"6";"R.P.N.7";" -20,3864470";"164,4137840"
"201900014955";"13";"10";"2019";"06:20";"1";"988";"98802";"2";"1";"1";"6";"R.T.1";" -21,8689140";"166,0491030"
"201900014956";"12";"12";"2019";"17:26";"1";"973";"97304";"1";"1";"1";"1";"Pk 58 + 600 RN 1";"5,1542679";" -52,6897992"
"201900014957";"31";"12";"2019";"13:45";"1";"973";"97305";"1";"1";"1";"1";"RN1 - PK13+500";"4,9265560";" -52,3919770"
"201900014958";"19";"12";"2019";"15:00";"1";"971";"97117";"1";"4";"1";"3";"Durival";"16,3502430";" -61,4203580"
"201900014959";"31";"12";"2019";"12:00";"1";"972";"97230";"1";"9";"1";"3";"N1";"14,7306220";" -60,9654810"
"201900014960";"25";"10";"2019";"23:40";"5";"91";"91249";"2";"4";"1";"1";"7 Rue de l'Eglise";"48,6286610";"2,0988930"
"201900014961";"31";"12";"2019";"15:35";"1";"66";"66088";"2";"1";"7";"6";"129 Avenue Pasteur";"42,6741810";"2,6251600"
"201900014962";"31";"12";"2019";"15:30";"1";"6";"06019";"1";"1";"1";"6";"Route Departementale 2204";"43,7915450";"7,3488940"
"201900014963";"31";"12";"2019";"12:40";"1";"38";"38158";"2";"1";"1";"6";"18 rue frédéric chopin";"45,1539440";"5,7489910"
"201900014964";"27";"12";"2019";"19:35";"3";"69";"69039";"1";"1";"8";"6";"Route départementale 385";"45,9771000";"4,5080900"
"201900014965";"28";"12";"2019";"11:30";"1";"35";"35136";"2";"9";"1";"3";"Rue du Moulin";"47,9586870";" -1,5080760"
"201900014966";"30";"12";"2019";"15:45";"1";"27";"27275";"2";"4";"1";"6";"12 Rue Jean-moulin";"49,1616080";"1,3365100"
"201900014967";"31";"12";"2019";"08:30";"1";"59";"59620";"1";"3";"8";"1";"D47";"50,2889180";"3,1772620"
"201900014968";"20";"12";"2019";"07:45";"3";"83";"83137";"1";"1";"3";"7";"A57";"43,1213200";"5,9533100"
"201900014969";"29";"12";"2019";"23:25";"3";"69";"69275";"1";"1";"1";"6";"RN346   29.300 A 34.350";"45,7785900";"4,9633400"
"201900014970";"22";"12";"2019";"03:45";"3";"69";"69297";"1";"1";"8";"6";"A7   15.770 A 20.110";"45,6054700";"4,8000800"
"201900014971";"28";"12";"2019";"00:50";"3";"59";"59491";"1";"1";"1";"6";"AUTOROUTE A23";"50,4025320";"3,4451380"
"201900014972";"30";"12";"2019";"20:15";"5";"94";"94038";"1";"1";"1";"2";"AUTOROUTE A6A";"48,7724500";"2,3457700"