"Num_Acc";"jour";"mois";"an";"hrmn";"lum";"dep";"com";"agg";"int";"atm";"col";"adr";"lat";"long"
"201900014973";"17";"3";"2019";"14:20";"1";"13";"13039";"2";"1";"1";"6";"POMPIDOU GEORGES (avenue)";"43,4525100";"4,9400500"
"201900014974";"18";"3";"2019";"20:05";"5";"13";"13205";"2";"1";"1";"7";"JEAN MOULIN (BOULEVARD)";"43,2875300";"5,4002100"
"201900014975";"18";"3";"2019";"20:25";"5";"13";"13215";"2";"1";"1";"6";"LYON (RUE DE)";"43,3335500";"5,3641100"
"201900014976";"18";"3";"2019";"19:15";"5";"13";"13209";"2";"3";"1";"3";"ROMAIN ROLLAND (BOULEVARD)";"43,2730550";"5,4120360"
"201900014977";"18";"3";"2019";"16:00";"1";"13";"13213";"2";"1";"1";"2";"ALPHONSE DAUDET (RUE)";"43,3195600";"5,4089900"
"201900014978";"18";"3";"2019";"11:50";"1";"13";"13210";"2";"1";"1";"6";"CAPELETTE (AVENUE DE LA)";"43,2827600";"5,4024200"
"201900014979";"17";"3";"2019";"07:45";"1";"13";"13005";"2";"6";"1";"3";"CD 2 (CAMP MAJOR)";"43,2800000";"5,5400000"
"201900014980";"15";"3";"2019";"15:25";"1";"11";"11262";"2";"3";"1";"2";"PLAGES (CARREFOUR DES)";"43,1827700";"3,0166300"
"201900014981";"25";"2";"2019";"18:30";"5";"6";"06104";"2";"1";"1";"3";"FRANCE (AVENUE DE)";"43,7531900";"7,4453700"
"201900014982";"15";"3";"2019";"12:00";"1";"6";"06004";"2";"1";"1";"6";"QUATRE CHEMINS CH.DES";"43,6030800";"7,1143000"
"201900014983";"18";"3";"2019";"20:05";"5";"1";"01053";"2";"2";"1";"1";"BROU ( BD N°68 A 182 PAIR)";"46,1958100";"5,2371800"
"201900014984";"18";"3";"2019";"19:20";"5";"75";"75115";"2";"4";"1";"4";"BOULEVARD PERIPHERIQUE";"48,8260630";"2,2989120"
"201900014985";"17";"3";"2019";"13:20";"1";"75";"75119";"2";"1";"2";"3";"AVENUE DE FLANDRE";"48,8913700";"2,3775250"
"201900014986";"18";"3";"2019";"16:10";"1";"75";"75118";"2";"3";"1";"3";"RUE D AUBERVILLIERS";"48,8957960";"2,3712650"
"201900014987";"18";"3";"2019";"13:10";"1";"75";"75117";"2";"5";"1";"3";"AVENUE DE WAGRAM";"48,8809870";"2,3002800"
"201900014988";"17";"3";"2019";"15:40";"1";"75";"75116";"2";"1";"1";"6";"AVENUE EDOUARD VAILLANT";"48,8367030";"2,2548350"
"201900014989";"18";"3";"2019";"20:10";"5";"75";"75114";"2";"2";"1";"3";"RUE VERCINGETORIX";"48,8327400";"2,3115370"
"201900014990";"18";"3";"2019";"10:05";"1";"75";"75107";"2";"3";"8";"2";"QUAI D ORSAY";"48,8625380";"2,3092120"
"201900014991";"18";"3";"2019";"10:30";"1";"75";"75111";"2";"3";"1";"6";"RUE JEAN PIERRE TIMBAUD";"48,8669330";"2,3745420"
"201900014992";"18";"3";"2019";"17:50";"1";"75";"75110";"2";"7";"1";"3";"BOULEVARD DE MAGENTA";"48,8685170";"2,3630150"
"201900014993";"18";"3";"2019";"17:50";"1";"75";"75108";"2";"7";"1";"4";"RUE TRONCHET";"48,8708230";"2,3250580"
"201900014994";"18";"3";"2019";"16:30";"1";"75";"75107";"2";"2";"1";"3";"RUE DU BAC";"48,8527450";"2,3236750"
"201900014995";"18";"3";"2019";"09:15";"1";"75";"75115";"2";"3";"7";"6";"RUE DE LA CONVENTION";"48,8383510";"2,2939600"
"201900014996";"18";"3";"2019";"13:00";"1";"75";"75104";"2";"2";"1";"6";"RUE DE RIVOLI";"48,8569140";"2,3538930"
"201900014997";"16";"3";"2019";"14:15";"1";"75";"75103";"2";"1";"1";"6";"RUE NOTRE DAME DE NAZARETH";"48,8669540";"2,3617080"
"201900014998";"18";"3";"2019";"17:20";"1";"75";"75103";"2";"1";"1";"3";"RUE DE BRETAGNE";"48,8630020";"2,3623030"
"201900014999";"17";"3";"2019";"21:30";"5";"94";"94081";"2";"2";"2";"3";"ROUGET DE L ISLE (AV)";"48,7829200";"2,3942800"
"201900015000";"18";"3";"2019";"11:20";"1";"94";"94041";"2";"1";"1";"6";"VERDUN (AV DE)";"48,8159700";"2,3676600"
"201900015001";"4";"1";"2019";"19:30";"3";"94";"94073";"2";"1";"1";"6";"MARECHAL DE LATTRE DE TASSIGNY (AV DU)";"48,7616400";"2,4962400"
"201900015002";"14";"1";"2019";"21:15";"5";"94";"94034";"2";"1";"1";"3";"REPUBLIQUE (AV DE LA)";"48,7584000";"2,3201900"
"201900015003";"14";"1";"2019";"12:25";"1";"94";"94038";"2";"2";"1";"3";"LARROUMES (AV)";"48,7761600";"2,3304300"
"201900015004";"7";"1";"2019";"09:35";"1";"94";"94065";"2";"1";"1";"2";"CHARLES LINDBERGH (AV)";"48,7574600";"2,3446300"
"201900015005";"4";"1";"2019";"20:30";"5";"94";"94065";"2";"1";"1";"2";"Rue des transports";"48,7500000";"2,3681600"
"201900015006";"18";"3";"2019";"15:20";"1";"94";"94017";"2";"1";"1";"1";"JEAN JAURES (R)";"48,8154400";"2,5051400"
"201900015007";"18";"3";"2019";"08:20";"1";"94";"94017";"2";"1";"1";"6";"MUSSELBURGH (R DE)";"48,8100000";"2,5100000"
"201900015008";"18";"3";"2019";"08:45";"1";"94";"94071";"2";"1";"8";"4";"NOISEAU (R DE)";"48,7736500";"2,5305800"
"201900015009";"18";"3";"2019";"15:15";"1";"93";"93078";"2";"1";"1";"6";"BALLANGER (BD ROBERT)";"48,9544500";"2,5357100"
"201900015010";"18";"3";"2019";"16:30";"1";"93";"93051";"2";"9";"1";"6";"HAUTS ROSEAUX";"48,8450300";"2,5776800"
"201900015011";"17";"3";"2019";"01:50";"5";"93";"93029";"2";"1";"1";"3";"AUGUSTE BLANQUI";"48,9202600";"2,4579600"
"201900015012";"18";"3";"2019";"17:00";"1";"93";"93030";"2";"2";"1";"6";"DE GAULLE (AVENUE DU GENERAL)";"48,9496080";"2,4148700"
"201900015013";"17";"3";"2019";"09:30";"1";"93";"93030";"2";"1";"1";"6";"HUIT-MAI-1945 (AVENUE DU)";"48,9538600";"2,4451600"
"201900015014";"18";"3";"2019";"08:45";"1";"93";"93010";"2";"1";"1";"6";"VAILLANT (RUE EDOUARD) 24 A 96";"48,8961750";"2,4804041"
"201900015015";"18";"3";"2019";"08:57";"1";"93";"93007";"2";"2";"1";"6";"PASTEUR (AVENUE)";"48,9396500";"2,4718700"
"201900015016";"18";"3";"2019";"07:40";"1";"93";"93005";"2";"9";"1";"3";"MARCEL SEMBAT (RUE)";"48,9356600";"2,4868700"
"201900015017";"2";"3";"2019";"10:50";"1";"92";"92078";"2";"9";"1";"6";"MOULIN CAGE (QUAI)";"48,9244461";"2,3294986"
"201900015018";"18";"3";"2019";"08:10";"1";"92";"92063";"2";"3";"1";"7";"DOUMER (AVENUE PAUL) NORD";"48,8830514";"2,1894854"
"201900015019";"16";"3";"2019";"20:00";"5";"92";"92063";"2";"1";"1";"2";"DOUMER (AVENUE PAUL) EST";"48,8835984";"2,1908158"
"201900015020";"11";"1";"2019";"14:00";"1";"92";"92048";"2";"1";"2";"1";"TRIVAUX (AVENUE DE) N° 1";"48,7895336";"2,2343836"
"201900015021";"18";"3";"2019";"12:20";"1";"92";"92040";"2";"6";"1";"2";"FRERES VOISIN (BOULEVARD DES)";"48,8279400";"2,2734300"
"201900015022";"15";"3";"2019";"21:30";"5";"92";"92025";"1";"1";"1";"1";"HENRI BARBUSSE (AV)";"48,9177860";"2,2526660"
"201900015023";"16";"3";"2019";"20:45";"5";"92";"92024";"2";"3";"1";"3";"GENERAL LECLERC (BD DU) DE (61 A 9)";"48,9038000";"2,3122000"
"201900015024";"14";"3";"2019";"19:45";"5";"92";"92023";"2";"1";"2";"6";"PORTE DE TRIVAUX (RUE DE) N°57 A 197 ET";"48,7869354";"2,2457388"
"201900015025";"16";"3";"2019";"17:50";"1";"14";"14656";"2";"1";"6";"6";"D562";"48,9351600";" -0,5086340"
"201900015026";"19";"3";"2019";"11:30";"1";"52";"52017";"1";"3";"1";"1";"PK32 D6";"47,9382740";"5,0147350"
"201900015027";"19";"3";"2019";"19:00";"3";"974";"97405";"2";"1";"1";"3";"Rue Paul Demange";" -21,3320880";"55,5651090"
"201900015028";"19";"3";"2019";"23:20";"3";"974";"97414";"2";"1";"1";"7";"Chemin Bancoul";" -21,2876330";"55,4266910"
"201900015029";"18";"3";"2019";"08:07";"1";"83";"83049";"1";"1";"1";"2";"N/A";"43,2442120";"6,0954960"
"201900015030";"18";"3";"2019";"07:30";"1";"83";"83116";"2";"1";"1";"6";"1710 Route de Marseille";"43,4526390";"5,8607130"
"201900015031";"19";"3";"2019";"08:12";"1";"2B";"2B251";"1";"1";"1";"6";"route de l'ancienne voie ferrée";"42,0263740";"9,3661040"
"201900015032";"19";"3";"2019";"17:20";"1";"33";"33344";"1";"1";"1";"6";"lieu dit Fourcat";"44,8060500";" -0,0442100"
"201900015033";"18";"3";"2019";"15:00";"1";"76";"76711";"2";"9";"1";"3";"quai Cadi Sarnot";"50,0599390";"1,3759870"
"201900015034";"18";"3";"2019";"22:00";"3";"12";"12195";"1";"1";"2";"1";"ST PIERRE DE REBOURGUIL";"43,8781250";"2,7986020"
"201900015035";"18";"3";"2019";"17:00";"1";"46";"46339";"1";"1";"8";"1";"CD 940";"44,8291380";"1,8583430"
"201900015036";"18";"3";"2019";"10:30";"1";"41";"41198";"2";"1";"1";"6";"17 avenue du Blanc";"47,2639160";"1,3622220"
"201900015037";"19";"3";"2019";"08:08";"1";"41";"41094";"1";"1";"1";"1";"Route de Blois";"47,4570000";"1,4253940"
"201900015038";"19";"3";"2019";"17:50";"1";"2";"02483";"1";"1";"1";"7";"D57 - PR 11+200";"49,7920380";"3,3683050"
"201900015039";"18";"3";"2019";"21:30";"3";"1";"01314";"1";"1";"1";"6";"Rd 93";"46,0044810";"5,2836800"
"201900015040";"19";"3";"2019";"04:15";"3";"54";"54491";"1";"1";"9";"7";"RD156";"49,3632060";"5,9257050"
"201900015041";"18";"3";"2019";"20:10";"5";"6";"06079";"2";"1";"1";"7";"route de Fréjus";"43,5265333";"6,9259532"
"201900015042";"16";"2";"2019";"10:20";"1";"14";"14570";"1";"2";"7";"3";"RD 519 - PK croissant 12.050";"49,0742044";"0,3250548"
"201900015043";"19";"3";"2019";"11:55";"1";"50";"50364";"1";"1";"1";"1";"la chasserie, CD 68";"49,1517150";" -1,4508860"
"201900015044";"18";"3";"2019";"08:35";"1";"50";"50551";"1";"2";"1";"3";"D900 et D347";"49,3652790";" -1,5321160"
"201900015045";"18";"3";"2019";"19:30";"3";"73";"73017";"2";"1";"1";"6";"D12B Lieu-dit Pierre Grosse";"45,5059336";"5,9580766"
"201900015046";"18";"3";"2019";"18:15";"2";"21";"21435";"2";"3";"2";"7";"Rue du moulin";"47,9009210";"4,5529320"
"201900015047";"18";"3";"2019";"18:00";"1";"24";"24222";"2";"2";"8";"3";"rue de picou";"44,8680360";"0,3719630"
"201900015048";"18";"3";"2019";"08:45";"1";"23";"23023";"1";"2";"1";"3";"RD100";"46,2061970";"2,0851550"
"201900015049";"19";"3";"2019";"17:00";"1";"87";"87110";"1";"2";"1";"3";"intersection de la RD03-RD09";"45,9249150";"1,0439600"
"201900015050";"19";"3";"2019";"04:25";"3";"46";"46304";"1";"1";"8";"6";"AUTOROUTE A20 PK 327.957 SENS PARIS/TOULOUSE";"44,7037080";"1,5728080"
"201900015051";"19";"3";"2019";"14:08";"1";"26";"26088";"1";"9";"1";"6";"A49";"45,0237650";"5,0811460"
"201900015052";"19";"3";"2019";"10:45";"1";"67";"67065";"1";"3";"1";"3";"CD45";"48,5709538";"7,5834201"
"201900015053";"18";"3";"2019";"12:50";"1";"1";"01087";"1";"1";"8";"7";"Autoroute A40";"46,1686030";"5,6918830"
"201900015054";"17";"3";"2019";"06:35";"2";"35";"35210";"1";"1";"1";"6";"Rn 12 pk 69";"48,1452210";" -1,7835010"
"201900015055";"19";"3";"2019";"08:43";"1";"77";"77239";"1";"1";"1";"5";"RN4";"48,6918018";"3,1623907"
"201900015056";"15";"3";"2019";"12:15";"1";"38";"38253";"1";"1";"1";"6";"D 213";"45,0321300";"6,1244000"
"201900015057";"13";"3";"2019";"16:30";"1";"6";"06088";"1";"1";"1";"4";"A8";"43,7224150";"7,2220480"
"201900015058";"19";"3";"2019";"04:43";"3";"73";"73191";"1";"4";"1";"6";"A43, PK 78.050, sens lyon-chambéry";"45,5666994";"5,7888957"
"201900015059";"18";"3";"2019";"11:29";"1";"17";"17440";"1";"1";"1";"2";"A 10";"45,9463310";" -0,5571070"
"201900015060";"18";"3";"2019";"12:30";"1";"77";"77216";"1";"1";"1";"4";"Autoroute A6  point kilométrique 68+800";"48,2954400";"2,6725200"
"201900015061";"18";"3";"2019";"16:45";"1";"51";"51147";"1";"1";"1";"7";"A4";"49,0271594";"4,5180145"
"201900015062";"18";"3";"2019";"18:45";"1";"973";"97306";"1";"1";"1";"6";"cd 8 pk 18";"5,6054792";" -53,6566258"
"201900015063";"16";"3";"2019";"19:45";"3";"34";"34024";"1";"1";"1";"7";"D129";"43,4628720";"3,6847810"
"201900015064";"18";"3";"2019";"17:40";"1";"71";"71325";"1";"1";"1";"6";"RD 238";"46,4941390";"3,9635430"
"201900015065";"18";"3";"2019";"06:45";"2";"57";"57578";"1";"1";"1";"7";"D103B";"49,0865810";"5,9978900"
"201900015066";"8";"3";"2019";"17:28";"1";"73";"73328";"1";"6";"1";"7";"RD 1201 - Rond Point des Quatre Chemins";"45,6479796";"5,8928918"
"201900015067";"19";"3";"2019";"16:42";"1";"33";"33324";"1";"1";"1";"1";"D936 - PR 48 +500";"44,8279600";"0,2129400"
"201900015068";"19";"3";"2019";"03:00";"3";"49";"49301";"1";"1";"5";"6";"D753 - La Colonne - TORFOU";"47,0329881";" -1,0904495"
"201900015069";"18";"3";"2019";"05:42";"5";"13";"13055";"1";"1";"1";"6";"A507 sens Marseille - Aubagne";"43,2970000";"5,4247000"
"201900015070";"18";"3";"2019";"09:30";"1";"33";"33039";"1";"1";"1";"3";"ROCADE A 630";"44,7995500";" -0,5361000"
"201900015071";"12";"3";"2019";"16:05";"1";"62";"62624";"1";"1";"1";"2";"AUTOROUTE A1";"50,4204400";"2,9854500"
"201900015072";"2";"3";"2019";"00:15";"3";"59";"59043";"1";"1";"1";"6";"AUTOROUTE A25";"50,7255600";"2,7278100"
"201900015073";"18";"3";"2019";"10:10";"1";"91";"91589";"1";"1";"1";"4";"AUTOROUTE A6";"48,6796000";"2,3332300"
"201900015074";"18";"3";"2019";"09:15";"1";"91";"91377";"1";"1";"1";"2";"AUTOROUTE A10";"48,7175000";"2,2917300"
"201900015075";"18";"3";"2019";"08:25";"1";"91";"91377";"1";"1";"1";"4";"AUTOROUTE A10";"48,7158730";"2,2905510"
"201900015076";"17";"3";"2019";"12:40";"1";"94";"94038";"1";"1";"1";"2";"AUTOROUTE A6A";"48,7786900";"2,3466300"
"201900015077";"18";"3";"2019";"09:00";"1";"93";"93078";"1";"1";"1";"4";"AUTOROUTE A104";"48,9676700";"2,5100700"
"201900015078";"17";"3";"2019";"19:30";"2";"93";"93007";"1";"1";"1";"3";"AUTOROUTE A3";"48,9348300";"2,4804400"
"201900015079";"17";"3";"2019";"19:00";"3";"95";"95424";"1";"1";"1";"6";"AUTOROUTE A15";"48,9890800";"2,1991800"
"201900015080";"17";"3";"2019";"17:00";"1";"93";"93010";"1";"1";"1";"4";"AUTOROUTE A3";"48,9053700";"2,4718900"
"201900015081";"17";"3";"2019";"12:30";"1";"93";"93005";"1";"1";"1";"6";"AUTOROUTE A3";"48,9642900";"2,4739000"
"201900015082";"17";"3";"2019";"12:30";"1";"93";"93066";"1";"1";"2";"4";"AUTOROUTE A1";"48,9049300";"2,3584500"
"201900015083";"16";"3";"2019";"23:10";"5";"93";"93078";"2";"9";"1";"3";"CLEMENCEAU (AVENUE GEORGES)";"48,9582000";"2,5582000"
"201900015084";"17";"3";"2019";"19:10";"5";"988";"98818";"2";"1";"1";"5";"GERVOLINO (RUE MARCEL)";" -22,2545500";"166,4716200"
"201900015085";"17";"3";"2019";"05:50";"5";"974";"97411";"1";"1";"1";"6";"CHAUDRON  (BLD 1 DU)";" -20,8879100";"55,4900100"
"201900015086";"16";"3";"2019";"17:00";"1";"974";"97411";"2";"1";"1";"3";"SOURCE (CHEMIN DE LA)";" -20,9211800";"55,4849100"
"201900015087";"16";"3";"2019";"17:55";"1";"974";"97411";"2";"1";"1";"1";"MACE (ROUTE GABRIEL)";" -20,9144200";"55,4950300"
"201900015088";"16";"3";"2019";"02:15";"5";"69";"69142";"2";"5";"1";"3";"LIBERATION (DE LA)                  (QU)";"45,7294400";"4,8158900"
"201900015089";"17";"3";"2019";"21:18";"5";"2B";"2B033";"2";"1";"1";"1";"VEZZANI - RUE CESAR";"42,6910000";"9,4485000"
"201900015090";"16";"3";"2019";"18:50";"2";"2B";"2B033";"2";"6";"1";"6";"ST NICOLAS - VOIE RAPIDE";"42,6990462";"9,4520392"
"201900015091";"16";"3";"2019";"18:15";"1";"77";"77418";"1";"1";"1";"1";"CD 106";"48,5387300";"3,2496900"
"201900015092";"17";"3";"2019";"15:07";"1";"69";"69275";"2";"2";"3";"3";"JEAN JAURES                         (AV)";"45,7678600";"4,9365500"
"201900015093";"17";"3";"2019";"14:00";"1";"59";"59508";"2";"3";"8";"3";"DRONCKAERT (RUE DU)";"50,7482500";"3,1392300"
"201900015094";"16";"3";"2019";"18:20";"1";"57";"57630";"2";"3";"1";"3";"STOCK (RUE DU MAIRE EMILE)";"48,7433400";"7,0515000"
"201900015095";"16";"3";"2019";"09:15";"1";"56";"56260";"2";"1";"8";"7";"AOUT 1944(RUE DU 4)";"47,6824400";" -2,7653400"
"201900015096";"16";"3";"2019";"10:00";"1";"50";"50218";"2";"6";"1";"6";"ARISTIDE BRIAND (AVENUE)";"48,8379300";" -1,5848000"
"201900015097";"17";"3";"2019";"18:15";"2";"45";"45147";"2";"2";"8";"3";"R M BERTHELOT - R DE VERDUN";"47,9338500";"1,9169700"
"201900015098";"17";"3";"2019";"18:15";"1";"45";"45234";"2";"1";"1";"3";"FAUBOURG SAINT JEAN";"47,9067135";"1,8888915"
"201900015099";"17";"3";"2019";"23:10";"3";"37";"37122";"2";"1";"1";"6";"RD 37";"47,3462600";"0,6462200"
"201900015100";"17";"3";"2019";"08:25";"1";"37";"37122";"2";"1";"8";"6";"RD 37";"47,3441700";"0,6461100"
"201900015101";"17";"3";"2019";"15:20";"1";"34";"34172";"2";"1";"1";"7";"FLAHAULT (AVENUE CHARLES";"43,6247452";"3,8614208"
"201900015102";"15";"3";"2019";"09:00";"1";"34";"34172";"2";"6";"1";"3";"FRANKLIN (ROND-POINT BENJAMIN)";"43,6189400";"3,9135800"
"201900015103";"17";"3";"2019";"17:30";"1";"29";"29039";"2";"1";"8";"7";"CERISIERS (RUE DES)";"47,8809856";" -3,9177310"
"201900015104";"17";"3";"2019";"18:00";"1";"17";"17300";"2";"1";"1";"2";"VERDUN   PLACE DE";"46,1629300";" -1,1533300"
"201900015105";"17";"3";"2019";"22:00";"4";"13";"13214";"2";"3";"1";"3";"Louis VILLECROZE (Bld)";"43,3194200";"5,3920300"
"201900015106";"17";"3";"2019";"20:00";"3";"13";"13212";"2";"1";"1";"6";"CAILLOLS (AVENUE DES)";"43,3038920";"5,4360880"
"201900015107";"17";"3";"2019";"17:00";"1";"13";"13208";"2";"1";"1";"2";"pointe rouge (ave)";"43,2451300";"5,3729400"
"201900015108";"16";"3";"2019";"10:50";"1";"13";"13215";"2";"1";"1";"6";"BOSPHORE (BOULEVARD DU)";"43,3704900";"5,3636400"
"201900015109";"16";"3";"2019";"09:50";"1";"13";"13063";"2";"1";"1";"4";"NORD AVENUE DU";"43,5968330";"5,0053960"
"201900015110";"16";"3";"2019";"10:15";"1";"13";"13005";"2";"1";"1";"6";"BROSSOLETTE (AVENUE PIERRE)";"43,2855000";"5,5539000"
"201900015111";"17";"3";"2019";"15:33";"1";"10";"10387";"2";"1";"1";"6";"MISSION (RUE DE LA)";"48,2875000";"4,0735000"
"201900015112";"17";"3";"2019";"13:55";"1";"6";"06069";"2";"1";"1";"3";"PAOUTE (ROUTE ET TRAVERSE DE LA)";"43,6332200";"6,9576000"
"201900015113";"15";"3";"2019";"13:42";"1";"1";"01283";"2";"1";"2";"6";"NORMANDIE NIEMEN (AVENUE)";"46,2568800";"5,6466400"
"201900015114";"17";"3";"2019";"19:35";"5";"75";"75120";"2";"1";"2";"6";"AVENUE GAMBETTA";"48,8635320";"2,3900420"
"201900015115";"17";"3";"2019";"21:15";"5";"75";"75118";"2";"3";"1";"6";"BOULEVARD DE CLICHY";"48,8846780";"2,3294200"
"201900015116";"17";"3";"2019";"20:15";"5";"75";"75117";"2";"1";"1";"6";"AVENUE DE SAINT OUEN";"48,8966860";"2,3286850"
"201900015117";"17";"3";"2019";"19:40";"5";"75";"75117";"2";"2";"1";"6";"PLACE DE LA PORTE DE CHAMPERRET";"48,8857820";"2,2907050"
"201900015118";"17";"3";"2019";"21:20";"5";"75";"75112";"2";"3";"2";"3";"RUE DES PIROGUES DE BERCY";"48,8330670";"2,3874530"
"201900015119";"17";"3";"2019";"03:05";"5";"75";"75112";"2";"1";"1";"6";"RUE ABEL";"48,8476930";"2,3755680"
"201900015120";"17";"3";"2019";"10:10";"1";"75";"75111";"2";"2";"1";"3";"BOULEVARD VOLTAIRE";"48,8546960";"2,3853200"
"201900015121";"17";"3";"2019";"02:30";"5";"75";"75107";"2";"1";"1";"6";"BOULEVARD SAINT GERMAIN";"48,8618380";"2,3199550"
"201900015122";"16";"3";"2019";"22:30";"5";"75";"75114";"2";"4";"1";"3";"RUE JULIA BARTET";"48,8274130";"2,3049930"
"201900015123";"17";"3";"2019";"19:40";"5";"94";"94074";"2";"1";"2";"3";"CHAMP SAINT-JULIEN (AV DU)";"48,7495400";"2,4549400"
"201900015124";"17";"3";"2019";"06:40";"5";"94";"94041";"2";"1";"2";"6";"MAURICE GUNSBOURG (R)";"48,8119000";"2,4038400"
"201900015125";"17";"3";"2019";"13:30";"1";"93";"93071";"2";"1";"2";"2";"PEUPLIERS (ALLEE DES)";"48,9299760";"2,5155130"
"201900015126";"17";"3";"2019";"12:30";"1";"93";"93071";"2";"1";"2";"6";"MANOUCHIAN (ALLEE)";"48,9333000";"2,5333000"
"201900015127";"17";"3";"2019";"10:15";"1";"93";"93050";"2";"1";"1";"6";"GENERAL DE GAULLE (AVENUE)";"48,8584600";"2,5345600"
"201900015128";"17";"3";"2019";"14:35";"1";"93";"93048";"2";"1";"1";"6";"BOISSIERE (BOULEVARD DE LA)";"48,8770000";"2,4641100"
"201900015129";"17";"3";"2019";"12:55";"1";"93";"93010";"2";"1";"1";"7";"ALPY (RUE HENRI)";"48,9009400";"2,4887300"
"201900015130";"17";"3";"2019";"12:40";"1";"92";"92022";"2";"1";"1";"5";"PAVE DES GARDES (ROUTE DU)";"48,8076100";"2,1908500"
"201900015131";"18";"3";"2019";"12:15";"1";"973";"97353";"2";"1";"1";"6";"Rue Maurice Gougis";"3,6395620";" -54,0286660"
"201900015132";"16";"3";"2019";"16:55";"1";"68";"68331";"2";"1";"1";"6";"160 grand rue";"48,0547560";"7,4110190"
"201900015133";"17";"3";"2019";"19:26";"3";"28";"28205";"1";"3";"3";"3";"927";"48,0699270";"1,2176190"
"201900015134";"9";"3";"2019";"19:30";"5";"974";"97412";"2";"1";"1";"6";"Rue Hubert Delisle";" -21,3465110";"55,6031440"
"201900015135";"18";"3";"2019";"00:05";"3";"83";"83004";"1";"1";"6";"1";"N/A";"43,4580070";"6,5195440"
"201900015136";"18";"3";"2019";"14:35";"1";"71";"71118";"1";"1";"1";"2";"A6 PK 331+050 sens Lyon Paris";"46,7932610";"4,8219160"
"201900015137";"15";"3";"2019";"13:45";"1";"38";"38528";"1";"1";"2";"1";"Route d'Uriage";"45,0886100";"5,7900170"
"201900015138";"17";"3";"2019";"18:30";"2";"59";"59570";"2";"3";"8";"7";"INTERSECTION ROUTE ROUTE DE BIERNE et CD110, route de CROCHTE";"50,9515366";"2,4231027"
"201900015139";"18";"3";"2019";"14:15";"1";"26";"26325";"2";"1";"1";"3";"6 avenue du docteur lucien steinberg";"45,2946700";"4,8128090"
"201900015140";"18";"3";"2019";"00:45";"3";"62";"62306";"1";"1";"2";"2";"RN 917";"50,1519640";"2,8284440"
"201900015141";"18";"3";"2019";"13:30";"1";"34";"34095";"1";"1";"1";"4";"rd 613";"43,5342450";"3,7543030"
"201900015142";"9";"3";"2019";"17:15";"1";"51";"51507";"2";"2";"1";"5";"RD 3 / RD 982E2";"49,0873454";"4,8823007"
"201900015143";"17";"3";"2019";"10:45";"1";"76";"76260";"1";"1";"8";"1";"D930 - Route de Gerberoy";"49,4879730";"1,7510790"
"201900015144";"18";"3";"2019";"07:35";"1";"76";"76648";"2";"7";"1";"7";"place maintenon";"49,6728170";"1,2832690"
"201900015145";"17";"3";"2019";"11:45";"1";"79";"79156";"1";"2";"2";"3";"N/A";"46,7622990";" -0,2211900"
"201900015146";"17";"3";"2019";"16:15";"1";"11";"11262";"1";"1";"1";"6";"D168";"43,1751100";"3,1085900"
"201900015147";"18";"3";"2019";"08:45";"1";"49";"49129";"1";"1";"1";"1";"lieu-dit la plesse - RD94";"47,5220890";" -0,5102000"
"201900015148";"18";"3";"2019";"16:00";"1";"42";"42154";"1";"4";"1";"3";"la rivière";"45,8412010";"4,2378160"
"201900015149";"17";"3";"2019";"18:15";"3";"25";"25338";"1";"1";"4";"7";"D 135";"47,0682150";"5,9938840"
"201900015150";"17";"3";"2019";"22:35";"3";"35";"35023";"1";"1";"1";"4";"RN 12 Pk 81+300";"48,1818290";" -1,9322450"
"201900015151";"17";"3";"2019";"06:30";"2";"29";"29216";"1";"1";"2";"7";"D785";"47,9422908";" -4,1817913"
"201900015152";"18";"3";"2019";"07:30";"1";"31";"31091";"2";"1";"1";"6";"37 avenue de Toulouse";"43,7246950";"1,4105770"
"201900015153";"17";"3";"2019";"18:45";"1";"1";"01420";"2";"1";"1";"1";"Avenue du port";"46,1665920";"4,7930980"
"201900015154";"16";"3";"2019";"09:30";"1";"66";"66003";"2";"1";"7";"7";"Boulevard de la petite provence";"42,4744800";"2,6702700"
"201900015155";"17";"3";"2019";"19:10";"2";"14";"14431";"1";"2";"2";"2";"LES BARBITOTS";"49,0483550";" -0,1109580"
"201900015156";"18";"3";"2019";"16:45";"1";"5";"05123";"1";"1";"1";"2";"RD 994 - PK 54+100";"44,5618590";"5,9334050"
"201900015157";"8";"3";"2019";"17:20";"1";"45";"45224";"1";"1";"3";"6";"177 rue de saint germain";"48,0892950";"2,0403940"
"201900015158";"17";"3";"2019";"19:30";"3";"18";"18165";"1";"1";"1";"5";"RD 926";"47,3021950";"2,2295910"
"201900015159";"17";"3";"2019";"13:50";"1";"16";"16220";"1";"1";"1";"1";"Route de Luchac";"45,7090355";" -0,1762583"
"201900015160";"16";"1";"2019";"16:15";"1";"40";"40197";"1";"1";"1";"6";"RD 325";"44,0176670";" -0,8943330"
"201900015161";"18";"3";"2019";"13:40";"1";"40";"40051";"1";"1";"1";"6";"departementale 1";"43,8849450";" -0,3711010"
"201900015162";"19";"9";"2019";"18:35";"2";"93";"93070";"2";"9";"1";"6";"JEAN-HENRI-FABRE(RUE)";"48,9011760";"2,3386440"
"201900015163";"11";"9";"2019";"08:20";"1";"93";"93070";"2";"1";"8";"3";"MICHELET(AV):N°1AU 103";"48,9093380";"2,3442110"
"201900015164";"13";"9";"2019";"05:43";"5";"93";"93062";"2";"1";"1";"6";"THIERS (AVENUE)";"48,9004200";"2,5144500"
"201900015165";"11";"9";"2019";"16:30";"1";"93";"93055";"2";"1";"1";"2";"CHEMIN DE FER (DU)";"48,8993428";"2,3937814"