"Num_Acc";"jour";"mois";"an";"hrmn";"lum";"dep";"com";"agg";"int";"atm";"col";"adr";"lat";"long"
"201900015166";"13";"9";"2019";"18:45";"2";"93";"93048";"2";"1";"1";"6";"PIERRE BROSSOLETTE (AVENUE)";"48,8641700";"2,4798730"
"201900015167";"13";"9";"2019";"13:35";"1";"93";"93048";"2";"3";"1";"3";"DOCTEUR SCHAFFNER (AVENUE DU)";"48,8532430";"2,4235500"
"201900015168";"12";"9";"2019";"22:45";"5";"93";"93046";"2";"1";"1";"6";"ARISTIDE BRIAND AVENUE";"48,9115600";"2,5188300"
"201900015169";"12";"9";"2019";"22:35";"5";"93";"93045";"2";"4";"1";"3";"PARIS RUE DE";"48,8810200";"2,4201800"
"201900015170";"12";"9";"2019";"20:30";"5";"93";"93045";"2";"1";"1";"3";"PASTEUR AV.";"48,8771300";"2,4119200"
"201900015171";"13";"9";"2019";"19:30";"1";"93";"93079";"2";"1";"1";"2";"JEAN BAPTISTE CLEMENT";"48,9596800";"2,3425500"
"201900015172";"13";"9";"2019";"23:05";"5";"93";"93007";"2";"3";"1";"1";"BLES D'OR (RUE DES)";"48,9205600";"2,4667100"
"201900015173";"13";"9";"2019";"19:20";"2";"93";"93005";"2";"1";"1";"6";"MAURICE UTRILLO (RUE)";"48,9541730";"2,5038900"
"201900015174";"13";"9";"2019";"00:50";"5";"93";"93005";"2";"1";"1";"2";"JEAN CHARCOT [CD115] (RUE)";"48,9337100";"2,4905300"
"201900015175";"13";"9";"2019";"06:30";"2";"93";"93001";"2";"1";"1";"6";"VICTOR HUGO (AVE)  => N° 129";"48,9069300";"2,3759700"
"201900015176";"13";"9";"2019";"14:54";"1";"92";"92064";"2";"3";"1";"3";"REPUBLIQUE";"48,8579330";"2,2108070"
"201900015177";"13";"9";"2019";"22:50";"5";"92";"92040";"2";"1";"1";"6";"CITEAUX (ALLEE DES)";"48,8229600";"2,2673000"
"201900015178";"13";"9";"2019";"17:10";"1";"92";"92024";"2";"1";"1";"2";"CLICHY (QUAI DE) DE (104 A 202)";"48,9076770";"2,2980344"
"201900015179";"13";"9";"2019";"16:20";"1";"92";"92024";"2";"4";"1";"3";"ASNIERES (ROUTE D')";"48,9013800";"2,2917700"
"201900015180";"13";"9";"2019";"12:25";"1";"92";"92002";"2";"6";"1";"3";"AUBEPINE (RUE DE L')";"48,7407690";"2,3123523"
"201900015181";"13";"9";"2019";"05:30";"3";"22";"22035";"1";"1";"1";"7";"Fautrel";"48,4375935";" -1,9517058"
"201900015182";"13";"9";"2019";"15:08";"1";"22";"22026";"1";"3";"1";"3";"D12-D78";"48,3892960";" -2,0425390"
"201900015183";"14";"9";"2019";"07:30";"1";"976";"97610";"1";"1";"1";"1";"Longoni";" -12,7360160";"45,1585990"
"201900015184";"14";"9";"2019";"06:30";"2";"86";"86046";"2";"1";"1";"6";"61 Rue de Bretagne";"46,7760200";"0,5302800"
"201900015185";"13";"9";"2019";"19:25";"1";"86";"86092";"1";"1";"1";"7";"Lieu Dit la Croix de Pierre";"46,9408390";"0,5927050"
"201900015186";"14";"9";"2019";"07:00";"2";"66";"66136";"1";"1";"1";"2";"autoroute A9 PK247+500";"42,7328219";"2,8818790"
"201900015187";"14";"9";"2019";"15:30";"1";"83";"83062";"1";"1";"1";"2";"N/A";"43,1491141";"6,0351049"
"201900015188";"13";"9";"2019";"14:15";"1";"40";"40238";"1";"1";"1";"6";"A65";"43,8644960";" -0,3574320"
"201900015189";"8";"9";"2019";"17:45";"1";"35";"35289";"1";"1";"1";"6";"route menant aux carrières";"47,8825120";" -1,7844240"
"201900015190";"14";"9";"2019";"16:20";"1";"22";"22116";"1";"1";"1";"3";"RN12 PR80+880";"48,5361341";" -3,0347046"
"201900015191";"14";"9";"2019";"16:55";"1";"6";"06095";"2";"1";"1";"6";"51 Avenue de Boutiny";"43,6418470";"6,8793670"
"201900015192";"14";"9";"2019";"18:30";"1";"72";"72124";"1";"1";"1";"3";"route du MANS";"47,8410500";"0,2620630"
"201900015193";"14";"9";"2019";"17:20";"1";"12";"12077";"1";"1";"1";"7";"A 75 pk 246+207";"43,9351990";"3,2299710"
"201900015194";"14";"9";"2019";"17:00";"1";"83";"83057";"1";"1";"1";"6";"D39";"43,3687060";"6,2205850"
"201900015195";"13";"9";"2019";"16:20";"1";"56";"56186";"2";"1";"1";"2";"6 Boulevard Louison Bobet";"47,4751150";" -3,1022910"
"201900015196";"14";"9";"2019";"18:20";"1";"56";"56214";"1";"2";"7";"5";"RD198 Rte de SARZEAU";"47,5074900";" -2,8137700"
"201900015197";"13";"9";"2019";"17:40";"1";"74";"74234";"1";"1";"1";"1";"Route des Esserieux";"45,7662113";"6,3062431"
"201900015198";"13";"9";"2019";"19:20";"1";"80";"80795";"1";"1";"1";"6";"D159";"50,0266250";"2,0930190"
"201900015199";"13";"9";"2019";"15:20";"1";"81";"81124";"1";"1";"1";"7";"D607";"43,7280990";"2,6895110"
"201900015200";"14";"9";"2019";"19:10";"1";"32";"32095";"1";"1";"1";"6";"D7";"43,9409650";"0,4322440"
"201900015201";"14";"9";"2019";"11:00";"1";"89";"89201";"2";"3";"1";"3";"Rue de Seignelay";"47,9016183";"3,6196428"
"201900015202";"14";"9";"2019";"09:15";"1";"61";"61230";"1";"1";"1";"2";"86 Lieu Dit la Hardelliere";"48,5874210";"0,8214290"
"201900015203";"14";"9";"2019";"10:40";"1";"42";"42329";"1";"1";"1";"6";"D1082";"45,3167568";"4,5241276"
"201900015204";"14";"9";"2019";"15:15";"1";"68";"68192";"2";"1";"1";"2";"141 Rue de Belfort";"47,6315470";"7,0639690"
"201900015205";"13";"9";"2019";"13:05";"1";"39";"39491";"2";"1";"1";"6";"6 Grande Rue (Saint-Lupicin)";"46,3988940";"5,7931850"
"201900015206";"14";"9";"2019";"17:45";"1";"29";"29274";"1";"1";"1";"3";"Kergall";"48,0155980";" -3,7397380"
"201900015207";"14";"9";"2019";"18:00";"1";"38";"38543";"1";"1";"1";"5";"Route de la Chartreuse";"45,6518910";"5,4842910"
"201900015208";"13";"9";"2019";"17:35";"1";"3";"03052";"1";"1";"1";"3";"N/A";"46,3215483";"2,7218905"
"201900015209";"13";"9";"2019";"18:30";"1";"72";"72013";"2";"1";"1";"1";"rue du  08  mai 1945";"47,6906530";"0,2666630"
"201900015210";"13";"9";"2019";"12:05";"1";"6";"06153";"2";"3";"7";"1";"Quartier le Revanti";"44,0655620";"7,1930890"
"201900015211";"14";"9";"2019";"13:45";"1";"14";"14494";"1";"1";"1";"1";"D27";"49,2575170";" -0,1088280"
"201900015212";"14";"9";"2019";"18:31";"1";"50";"50144";"1";"1";"1";"6";"Route départementale 33";"48,7767620";" -1,0875780"
"201900015213";"13";"9";"2019";"19:15";"1";"60";"60173";"2";"4";"1";"2";"Rue Henri Heurteur";"49,2542720";"2,4021420"
"201900015214";"14";"9";"2019";"15:34";"1";"16";"16055";"1";"3";"1";"7";"Les Grands Chemins";"45,6194110";"0,3234280"
"201900015215";"13";"9";"2019";"18:00";"1";"53";"53243";"1";"1";"1";"7";"D30";"48,1406930";" -0,9285950"
"201900015216";"13";"9";"2019";"16:15";"1";"27";"27420";"1";"2";"1";"3";"D3";"49,2555810";"1,5624010"
"201900015217";"13";"9";"2019";"14:50";"1";"27";"27049";"2";"9";"1";"7";"Rue des Haies Vives (Beaumesnil)";"49,0108740";"0,7004090"
"201900015218";"13";"9";"2019";"18:05";"1";"87";"87030";"1";"1";"1";"7";"RD 675";"45,8524560";"0,8645100"
"201900015219";"11";"9";"2019";"07:45";"2";"30";"30247";"2";"1";"1";"6";"D 51";"44,2343850";"4,2517260"
"201900015220";"13";"9";"2019";"17:15";"1";"30";"30268";"1";"1";"1";"1";"D59 PR8+300";"44,2384330";"4,1262900"
"201900015221";"14";"9";"2019";"09:45";"1";"68";"68321";"2";"9";"1";"3";"20 Rue Marie Louise";"47,8277970";"7,2673970"
"201900015222";"11";"9";"2019";"08:30";"1";"13";"13051";"1";"1";"1";"3";"Route Nationale 113";"43,5729860";"5,1513780"
"201900015223";"14";"9";"2019";"08:40";"1";"69";"69044";"2";"1";"1";"6";"42 Route de Sain-bel";"45,7724000";"4,7388840"
"201900015224";"13";"9";"2019";"21:34";"3";"79";"79276";"1";"1";"1";"2";"N/A";"46,3837400";" -0,2052220"
"201900015225";"14";"9";"2019";"12:45";"1";"6";"06027";"1";"1";"1";"5";"A8 PK 182+000 NORD";"43,6605080";"7,1592390"
"201900015226";"13";"9";"2019";"19:30";"1";"17";"17449";"1";"9";"1";"7";"Autoroute A 837 - bretelle de sortie n°33";"45,9563864";" -0,8857358"
"201900015227";"14";"9";"2019";"16:00";"1";"13";"13037";"1";"1";"1";"3";"Autoroute A7 - PK 245.600 - sens Lyon/Marseille";"43,5635490";"5,2268450"
"201900015228";"13";"9";"2019";"21:15";"3";"28";"28415";"1";"1";"1";"6";"D140";"48,6657480";"1,4410360"
"201900015229";"13";"9";"2019";"15:40";"1";"77";"77266";"1";"2";"1";"3";" D40 X D107";"48,4500300";"2,8596000"
"201900015230";"13";"9";"2019";"16:25";"1";"34";"34027";"1";"2";"1";"3";"Mas d'Arcay";"43,7325370";"4,0096560"
"201900015231";"14";"9";"2019";"08:20";"1";"89";"89029";"2";"1";"1";"7";"D164";"47,9245493";"3,5167630"
"201900015232";"13";"9";"2019";"15:30";"1";"21";"21173";"1";"2";"1";"3";"A31";"47,0492150";"4,8542200"
"201900015233";"14";"9";"2019";"13:00";"1";"73";"73034";"1";"1";"1";"3";"D218B plan des loups";"45,7326365";"6,5610154"
"201900015234";"10";"9";"2019";"18:10";"1";"38";"38537";"2";"1";"1";"3";"avenue de lesdiguiere";"45,6367570";"5,1426490"
"201900015235";"13";"9";"2019";"16:28";"1";"65";"65123";"1";"1";"1";"3";"Route du Col du Tourmalet RD 918 km 55";"42,9551080";"0,2279670"
"201900015236";"13";"9";"2019";"17:50";"1";"33";"33104";"2";"1";"1";"3";"Route d'Avensan";"45,0289230";" -0,7868300"
"201900015237";"7";"9";"2019";"11:15";"1";"76";"76610";"2";"1";"1";"3";"1307 Rue du Mont Asselin";"49,6184900";"0,7876950"
"201900015238";"14";"9";"2019";"11:45";"1";"60";"60103";"1";"1";"1";"6";"RN 31";"49,4143297";"2,2683973"
"201900015239";"13";"9";"2019";"08:15";"1";"69";"69290";"1";"1";"1";"6";"A43   3.865 A 9.894";"45,6973000";"4,9776000"
"201900015240";"13";"9";"2019";"00:45";"4";"69";"69204";"2";"1";"1";"2";"A450   1.740 A 5.100";"45,6829100";"4,8017600"
"201900015241";"11";"9";"2019";"19:20";"2";"62";"62907";"1";"1";"1";"5";"AUTOROUTE A1";"50,4748230";"2,9791400"
"201900015242";"13";"9";"2019";"19:37";"1";"94";"94034";"1";"1";"1";"4";"AUTOROUTE A86";"48,7617700";"2,3152100"
"201900015243";"13";"9";"2019";"17:00";"1";"91";"91589";"1";"1";"1";"4";"AUTOROUTE A6";"48,6768600";"2,3389600"
"201900015244";"12";"9";"2019";"23:25";"4";"78";"78640";"1";"1";"1";"2";"N118";"48,7782000";"2,2222000"
"201900015245";"13";"9";"2019";"17:15";"1";"95";"95306";"1";"1";"1";"3";"AUTOROUTE A15";"49,0050900";"2,1661400"
"201900015246";"13";"9";"2019";"14:30";"1";"93";"93013";"1";"9";"1";"5";"AUTOROUTE A1";"48,9402700";"2,4227600"
"201900015247";"13";"9";"2019";"11:10";"1";"93";"93008";"1";"1";"1";"2";"AUTOROUTE A86";"48,9114600";"2,4404500"
"201900015248";"13";"9";"2019";"08:20";"1";"93";"93008";"1";"1";"1";"5";"AUTOROUTE A86";"48,9118900";"2,4392300"
"201900015249";"12";"9";"2019";"16:30";"1";"95";"95394";"1";"1";"1";"7";"RN 184";"49,0524700";"2,1595000"
"201900015250";"12";"9";"2019";"02:30";"3";"95";"95252";"1";"1";"1";"3";"AUTOROUTE A15";"48,9862000";"2,2117700"
"201900015251";"13";"9";"2019";"08:50";"1";"75";"75112";"1";"1";"1";"3";"A4";"48,8204670";"2,4605920"
"201900015252";"12";"9";"2019";"09:09";"1";"76";"76351";"2";"1";"1";"6";"BOIS AU COQ (AVENUE)";"49,5115500";"0,1276800"
"201900015253";"4";"6";"2019";"09:15";"1";"73";"73008";"2";"1";"1";"6";"D1201 LATTRE DE TASSIGNY BD";"45,6945960";"5,9024336"
"201900015254";"11";"9";"2019";"08:45";"1";"69";"69264";"2";"1";"1";"2";"GARE PLACE DE LA";"45,9847100";"4,7205700"
"201900015255";"2";"9";"2019";"21:15";"5";"63";"63113";"2";"1";"1";"6";"SOLAYER (RUE DU)";"45,8094800";"3,1063800"
"201900015256";"9";"9";"2019";"10:10";"1";"63";"63113";"2";"2";"1";"6";"SABLON (COURS)";"45,7734800";"3,0900000"
"201900015257";"11";"9";"2019";"16:15";"1";"63";"63113";"2";"2";"1";"3";"CHARME (RUE DE LA)";"45,8079245";"3,1289153"
"201900015258";"11";"9";"2019";"17:50";"1";"63";"63070";"2";"4";"1";"3";"WILSON (AVENUE)";"45,7335800";"3,0639700"
"201900015259";"10";"9";"2019";"17:47";"1";"63";"63113";"2";"1";"1";"5";"QUINET (BD EDGAR)";"45,8048500";"3,1225300"
"201900015260";"10";"9";"2019";"16:11";"1";"63";"63113";"2";"6";"1";"3";"RECLUS (AVENUE ELISEE)";"45,7877117";"3,1397499"
"201900015261";"9";"9";"2019";"15:52";"1";"63";"63113";"2";"1";"1";"2";"ORADOU (RUE DE L')";"45,7650800";"3,1229400"
"201900015262";"10";"9";"2019";"08:18";"1";"63";"63032";"1";"1";"1";"2";"RD 2089";"45,7400400";"3,1221600"
"201900015263";"12";"9";"2019";"00:00";"5";"13";"13207";"2";"9";"1";"6";"Corniche John Fitzgérald Kennedy";"43,2765090";"5,3581200"
"201900015264";"11";"9";"2019";"19:45";"1";"13";"13202";"2";"2";"1";"6";"MIRABEAU (BOULEVARD)";"43,3137900";"5,3680000"
"201900015265";"9";"9";"2019";"13:58";"1";"93";"93055";"2";"1";"1";"6";"GABRIELLE JOSSERAND";"48,9034200";"2,3940800"
"201900015266";"10";"9";"2019";"14:20";"1";"92";"92035";"2";"5";"1";"3";"National ( boulevard )";"48,9022319";"2,2394970"
"201900015267";"12";"9";"2019";"06:10";"1";"974";"97411";"2";"1";"1";"6";"CHAUDRON  (BLD 1 DU)";" -20,8872300";"55,4895300"
"201900015268";"11";"9";"2019";"22:00";"5";"974";"97409";"2";"9";"3";"3";"MASCAREIGNES (Avenue des)";" -20,9420066";"55,6474245"
"201900015269";"12";"9";"2019";"16:35";"1";"973";"97302";"2";"9";"1";"3";"BADUEL (ROUTE DE)";"4,9313536";" -52,3065949"
"201900015270";"11";"9";"2019";"12:05";"1";"973";"97302";"2";"1";"1";"3";"BADUEL (ROUTE DE)";"4,9341755";" -52,3109722"
"201900015271";"12";"9";"2019";"09:00";"1";"69";"69388";"2";"2";"1";"3";"FRERES LUMIERE (DES)                (AV)";"45,7446600";"4,8683400"
"201900015272";"12";"9";"2019";"08:00";"1";"69";"69388";"2";"3";"1";"6";"MARYSE BASTIE                       (R )";"45,7413100";"4,8741900"
"201900015273";"12";"9";"2019";"07:00";"5";"69";"69382";"2";"5";"1";"3";"JULES COURMONT                      (QU)";"45,7635700";"4,8384700"
"201900015274";"3";"9";"2019";"19:30";"1";"91";"91589";"2";"1";"1";"4";"DE GAULLE  (AVENUE CHARLES)";"48,6784970";"2,3468710"
"201900015275";"12";"9";"2019";"17:45";"1";"91";"91549";"2";"9";"1";"3";"JACQUES DUCLOS (AVENUE)";"48,6345520";"2,3425890"
"201900015276";"12";"9";"2019";"16:55";"1";"91";"91477";"2";"1";"1";"7";"MAURICE BERTEAUX (RUE)";"48,7184170";"2,2417430"
"201900015277";"11";"9";"2019";"14:54";"1";"91";"91223";"2";"9";"1";"1";"DE GAULLE (AVENUE CHARLES)";"48,4278600";"2,1572400"
"201900015278";"11";"9";"2019";"11:45";"1";"91";"91103";"2";"6";"1";"7";"MAISON NEUVE (AVENUE DE LA)";"48,5875260";"2,3067180"
"201900015279";"9";"9";"2019";"16:00";"1";"89";"89387";"2";"3";"1";"5";"INDUSTRIE (RUE DE L')";"48,2085273";"3,2685711"
"201900015280";"6";"9";"2019";"10:25";"1";"89";"89338";"2";"6";"1";"6";"HENRI VINCENOT (RUE)";"48,2216373";"3,2880088"
"201900015281";"11";"9";"2019";"14:00";"1";"87";"87085";"2";"1";"1";"3";"PUY PONCHET (RUE DU)";"45,8549700";"1,2851800"
"201900015282";"19";"6";"2019";"08:30";"1";"78";"78621";"2";"1";"1";"6";"DIDEROT (AVENUE DENIS)";"48,7948500";"1,9831300"
"201900015283";"9";"9";"2019";"06:30";"2";"77";"77053";"2";"3";"1";"6";"SAINT LAZARE (RUE)";"48,6950800";"2,6039800"
"201900015284";"12";"9";"2019";"08:55";"1";"77";"77122";"2";"6";"1";"6";"D57 X AV DE LA REPUBLIQUE";"48,6657400";"2,5504400"
"201900015285";"11";"9";"2019";"11:30";"1";"74";"74218";"2";"4";"1";"3";"MAXIMA (RUE DE)";"46,3900000";"6,5400000"
"201900015286";"10";"9";"2019";"23:10";"5";"74";"74012";"2";"1";"1";"3";"ETREMBIERES (ROUTE D')";"46,1895200";"6,2330400"
"201900015287";"11";"9";"2019";"18:00";"1";"71";"71306";"2";"4";"1";"6";"ROGER SALENGRO (AVENUE)";"46,6667400";"4,3588200"
"201900015288";"12";"9";"2019";"08:30";"1";"69";"69266";"2";"1";"7";"6";"8 MAI 1945   (Rue du)";"45,7742000";"4,8941000"
"201900015289";"12";"9";"2019";"08:10";"1";"69";"69266";"2";"1";"1";"6";"LIGNE DE L'EST      (Chemin)";"45,7577580";"4,9061250"
"201900015290";"11";"9";"2019";"21:30";"5";"69";"69256";"2";"1";"1";"5";"GENAS (DE)                          (RO)";"45,7457600";"4,9278600"
"201900015291";"11";"9";"2019";"09:50";"1";"68";"68149";"2";"1";"1";"7";"ABATTOIR ( RUE DE )";"47,5921870";"7,5861610"
"201900015292";"12";"9";"2019";"07:51";"1";"67";"67482";"2";"1";"1";"2";"SCHIRMECK (ROUTE DE)";"48,5737750";"7,7225260"
"201900015293";"12";"9";"2019";"11:40";"1";"64";"64132";"2";"1";"1";"6";"GEORGES CLEMENCEAU";"43,2913900";" -0,3578500"
"201900015294";"12";"9";"2019";"09:50";"1";"59";"59508";"2";"3";"1";"1";"DRONCKAERT (RUE DU)";"50,7392400";"3,1305100"
"201900015295";"9";"9";"2019";"13:45";"1";"57";"57672";"2";"1";"1";"6";"REPUBLIQUE (PLACE DE LA)";"49,3560700";"6,1639700"
"201900015296";"8";"2";"2019";"15:40";"1";"54";"54578";"2";"2";"1";"6";"CLEMENCEAU (RUE GEORGES)";"48,6762860";"6,1538960"
"201900015297";"28";"2";"2019";"19:50";"5";"54";"54547";"2";"2";"2";"3";"VAUCOULEURS (RUE DE) AU DELA DU N°90";"48,6735600";"6,1832300"
"201900015298";"28";"2";"2019";"18:30";"5";"54";"54395";"2";"1";"1";"2";"LIBERATION (AVENUE DE LA)";"48,6954400";"6,1399300"
"201900015299";"12";"9";"2019";"10:40";"1";"54";"54304";"2";"1";"1";"3";"RESISTANCE (AV. DE LA -PAIR-)";"48,6947020";"6,1267390"
"201900015300";"25";"2";"2019";"16:40";"1";"54";"54395";"2";"1";"1";"3";"SAINT GEORGES (RUE)";"48,6919800";"6,1863270"
"201900015301";"21";"2";"2019";"16:10";"1";"54";"54526";"2";"3";"1";"7";"CAMELINAT (RUE)";"48,6880200";"6,2073900"
"201900015302";"17";"2";"2019";"19:05";"5";"54";"54526";"2";"1";"1";"3";"MILLENAIRE (Rond Point An 2000)";"48,6842910";"6,2216960"
"201900015303";"13";"2";"2019";"12:20";"1";"54";"54395";"2";"1";"1";"5";"rue de Laxou";"48,6862000";"6,1627000"
"201900015304";"7";"2";"2019";"18:07";"5";"54";"54395";"2";"1";"1";"7";"METZ (RUE DE)";"48,7007200";"6,1721000"
"201900015305";"12";"9";"2019";"08:15";"1";"54";"54395";"2";"2";"1";"2";"VERDUN (rue de)";"48,6971400";"6,1705500"
"201900015306";"12";"9";"2019";"07:10";"2";"51";"51454";"2";"1";"1";"2";"AVENUE DE CHAMPAGNE";"49,2349730";"4,0412747"
"201900015307";"10";"9";"2019";"08:50";"1";"51";"51108";"2";"2";"1";"7";"AVENUE PIERRE SEMARD";"48,9443340";"4,3430260"
"201900015308";"12";"9";"2019";"11:25";"1";"50";"50129";"2";"2";"1";"3";"GAMBETTA (RUE)";"49,6381700";" -1,6252200"
"201900015309";"12";"9";"2019";"07:55";"1";"50";"50416";"2";"1";"8";"3";"CLAIRES (RUE DES)";"49,6599100";" -1,6924000"
"201900015310";"10";"9";"2019";"05:25";"5";"50";"50173";"2";"1";"1";"6";"VAL DE LA CRESPINIERE (rue)";"49,6377800";" -1,6521800"
"201900015311";"10";"9";"2019";"10:12";"1";"50";"50129";"2";"1";"1";"2";"FOURCHES (RUE DES)";"49,6428600";" -1,6443400"
"201900015312";"11";"9";"2019";"14:58";"1";"49";"49007";"2";"1";"1";"6";"FOCH BOULEVARD";"47,4678000";" -0,5510000"
"201900015313";"11";"9";"2019";"11:24";"1";"49";"49015";"2";"1";"1";"7";"ROSES RUE DES";"47,5004000";" -0,5882000"
"201900015314";"11";"9";"2019";"08:00";"1";"49";"49007";"2";"1";"1";"6";"DAGUENET";"47,4763900";" -0,5150900"
"201900015315";"10";"9";"2019";"18:03";"1";"49";"49007";"2";"1";"1";"6";"CHATEAU D'ORGEMONT RUE ET SQU";"47,4446900";" -0,5407700"
"201900015316";"6";"9";"2019";"20:50";"2";"47";"47001";"2";"1";"1";"6";"JAURES (AV. JEAN)";"44,1994160";"0,6357660"
"201900015317";"12";"9";"2019";"14:45";"1";"44";"44109";"2";"6";"1";"3";"ROND-POINT DE RENNES";"47,2333000";" -1,5658000"
"201900015318";"8";"8";"2019";"18:09";"1";"44";"44114";"2";"1";"1";"6";"AVENUE CLAUDE ANTOINE PECCOT";"47,2560000";" -1,6196000"
"201900015319";"12";"9";"2019";"07:15";"2";"44";"44172";"1";"1";"1";"3";"PERIPHERIQUE EST";"47,2492400";" -1,5064400"
"201900015320";"12";"9";"2019";"19:15";"1";"38";"38544";"2";"1";"1";"6";"JEAN MOULIN(RUE)";"45,5094441";"4,8576450"
"201900015321";"11";"9";"2019";"18:30";"1";"34";"34172";"2";"1";"1";"3";"CASTELLE (RUE DE LA)";"43,5787300";"3,8689200"
"201900015322";"10";"9";"2019";"20:45";"5";"34";"34003";"2";"1";"2";"6";"SERGENTS (I14 A K17";"43,2849000";"3,5050800"
"201900015323";"11";"9";"2019";"23:30";"5";"33";"33063";"2";"5";"1";"3";"Av Général Leclerc/Av Maréchal de Lattre de Tassigny/R.St Amand/Av de Verdun/R. Godard";"44,8553040";" -0,6139790"
"201900015324";"11";"9";"2019";"22:00";"5";"33";"33039";"2";"6";"1";"6";"RUE GUSTAVE EIFFEL";"44,7962700";" -0,5341900"
"201900015325";"11";"9";"2019";"10:45";"1";"31";"31555";"2";"1";"1";"3";"RTE DE LAUNAGUET";"43,6352500";"1,4381600"
"201900015326";"12";"9";"2019";"20:35";"5";"27";"27229";"2";"1";"1";"2";"GAMBETTA (BOULEVARD)";"49,0193330";"1,1526210"
"201900015327";"12";"9";"2019";"18:40";"1";"25";"25056";"2";"1";"1";"3";"FAURE AVENUE EDGAR";"47,2443700";"6,0205800"
"201900015328";"11";"9";"2019";"17:50";"1";"22";"22215";"1";"1";"1";"4";"PONT NOIR (RUE DU)";"48,4873800";" -2,8269900"
"201900015329";"11";"9";"2019";"12:20";"1";"14";"14333";"2";"1";"1";"7";"SOREL (PLACE ALBERT)";"49,4169400";"0,2302500"
"201900015330";"12";"9";"2019";"10:39";"1";"14";"14118";"2";"1";"1";"7";"SEULLES  (RUE DE LA)";"49,1704500";" -0,3381000"
"201900015331";"12";"9";"2019";"20:32";"5";"13";"13103";"2";"9";"1";"5";"CHEMIN SAINT JEAN-RD 68E";"43,6261800";"5,1077500"
"201900015332";"7";"9";"2019";"02:20";"5";"13";"13077";"2";"1";"1";"6";"GROUPE MANOUCHIAN (avenue du)";"43,4113300";"4,9939500"
"201900015333";"12";"9";"2019";"23:30";"5";"13";"13209";"2";"9";"1";"6";"MICHELET (BOULEVARD)";"43,2513700";"5,4033100"
"201900015334";"12";"9";"2019";"09:20";"1";"13";"13216";"2";"1";"1";"6";"GRAWITZ (Bd)";"43,3564700";"5,3431200"
"201900015335";"11";"9";"2019";"11:30";"1";"13";"13210";"2";"3";"1";"3";"VERRERIE  (TRAVERSE DE LA)";"43,2797630";"5,4184070"
"201900015336";"19";"6";"2019";"02:51";"5";"13";"13204";"2";"1";"1";"6";"ALEX. FLEMING (BOULEVARD)";"43,3166490";"5,3984020"
"201900015337";"5";"9";"2019";"17:50";"1";"11";"11262";"2";"3";"1";"3";"CLAPE (RUE DE LA)";"43,1846300";"3,0098900"
"201900015338";"12";"9";"2019";"07:30";"1";"6";"06159";"2";"2";"1";"3";"LEOPOLD II (AVENUE)";"43,7098970";"7,3180770"
"201900015339";"12";"9";"2019";"10:20";"1";"75";"75119";"2";"1";"1";"2";"BD PERIPHERIQUE EXTERIEUR";"48,8900690";"2,3962740"
"201900015340";"12";"9";"2019";"07:30";"1";"75";"75118";"2";"1";"1";"2";"BD PERIPHERIQUE EXTERIEUR";"48,9012080";"2,3534760"
"201900015341";"12";"9";"2019";"00:01";"5";"75";"75117";"2";"4";"1";"6";"ECH MAILLOT";"48,8817304";"2,2828446"
"201900015342";"11";"9";"2019";"09:15";"1";"75";"75116";"2";"4";"1";"3";"BD PERIPHERIQUE INTERIEUR";"48,8739738";"2,2756451"
"201900015343";"11";"9";"2019";"08:30";"1";"75";"75117";"2";"1";"1";"7";"BD PERIPHERIQUE INTERIEUR";"48,8851930";"2,2873020"
"201900015344";"11";"9";"2019";"21:00";"5";"75";"75120";"2";"5";"1";"6";"BOULEVARD MORTIER";"48,8770260";"2,4065210"
"201900015345";"12";"9";"2019";"19:05";"1";"75";"75119";"2";"1";"1";"2";"PLACE SKANDERBEG";"48,9007004";"2,3715851"
"201900015346";"24";"1";"2019";"18:55";"5";"64";"64547";"2";"1";"2";"7";"Route du fronton - Quartier Arrantz";"43,4198630";" -1,4812280"
"201900015347";"5";"2";"2019";"13:45";"1";"64";"64101";"2";"1";"2";"7";"rue de l'estibette";"43,2086107";" -0,2606281"
"201900015348";"4";"2";"2019";"18:15";"2";"53";"53193";"1";"1";"1";"4";"RD 154";"47,8969968";" -0,6344675"
"201900015349";"5";"2";"2019";"13:50";"1";"21";"21094";"1";"1";"7";"1";"ROUTE DE LUX";"47,5004730";"5,2935800"
"201900015350";"6";"2";"2019";"07:45";"2";"40";"40275";"1";"1";"5";"5";"RD 824 PK 22+900";"43,8012416";" -0,4504395"
"201900015351";"6";"2";"2019";"18:40";"2";"27";"27224";"1";"1";"2";"1";"RD24";"49,1392630";"0,8720760"
"201900015352";"4";"2";"2019";"10:15";"1";"17";"17177";"1";"2";"1";"3";"RD 131";"45,9305370";" -0,2514300"
"201900015353";"4";"2";"2019";"16:20";"1";"17";"17382";"1";"1";"2";"2";"RN 11";"46,1998364";" -0,7079449"
"201900015354";"5";"2";"2019";"10:50";"1";"17";"17250";"1";"1";"2";"6";"RD 137 - PK 19";"45,4987880";" -0,5648790"
"201900015355";"6";"2";"2019";"07:55";"2";"37";"37156";"2";"9";"8";"6";"zone commerciale LES COTEAUX";"47,3843470";"0,8273500"
"201900015356";"5";"2";"2019";"20:43";"3";"68";"68228";"1";"1";"1";"2";"a35 pk 81+550";"47,9427710";"7,3628340"