"Num_Acc";"jour";"mois";"an";"hrmn";"lum";"dep";"com";"agg";"int";"atm";"col";"adr";"lat";"long"
"201900015357";"4";"2";"2019";"19:00";"2";"42";"42174";"1";"1";"1";"5";"A72 pk 97+500";"45,7429800";"4,1782000"
"201900015358";"5";"2";"2019";"18:25";"5";"74";"74081";"2";"1";"1";"1";"340 avenue André Gaillard";"46,0734470";"6,5634680"
"201900015359";"5";"2";"2019";"17:26";"1";"64";"64510";"1";"1";"2";"1";"D933";"43,5670618";" -0,6623546"
"201900015360";"3";"2";"2019";"21:05";"3";"83";"83133";"1";"1";"1";"3";"Autoroute A8 pk 149 sud";"43,5364690";"6,8618340"
"201900015361";"6";"2";"2019";"09:50";"1";"27";"27002";"1";"2";"1";"3";"Route Nationale 12 - PK 010.500";"48,7746280";"1,1055840"
"201900015362";"5";"2";"2019";"12:00";"1";"21";"21475";"1";"1";"1";"6";"Autoroute A36";"47,0395130";"5,2079190"
"201900015363";"3";"2";"2019";"21:00";"3";"30";"30156";"1";"1";"1";"2";"Autoroute A9 - PK 47+100 - Sens NIMES/ORANGE";"43,8527984";"4,4228869"
"201900015364";"6";"2";"2019";"12:50";"1";"51";"51074";"2";"1";"1";"7";"RD 20";"49,3654161";"4,1573970"
"201900015365";"4";"2";"2019";"00:25";"3";"91";"91319";"1";"1";"1";"6";"AUTOROUTE A10";"48,6421200";"2,1569150"
"201900015366";"6";"2";"2019";"07:50";"1";"974";"97415";"1";"1";"1";"3";"RN1";" -20,9892190";"55,2898400"
"201900015367";"5";"2";"2019";"09:40";"1";"974";"97415";"2";"2";"1";"3";"chaussée royale";" -21,0055300";"55,2795950"
"201900015368";"4";"2";"2019";"12:15";"1";"29";"29233";"2";"1";"2";"6";"rue de mellac";"47,8738838";" -3,5500699"
"201900015369";"5";"2";"2019";"23:30";"3";"77";"77196";"1";"1";"5";"6";"RN3";"48,9483200";"2,7441700"
"201900015370";"6";"2";"2019";"11:30";"1";"11";"11076";"1";"1";"1";"6";"RD6113 - PK 88.772";"43,3175800";"1,9675100"
"201900015371";"26";"1";"2019";"23:35";"3";"34";"34058";"1";"1";"1";"1";"RD 610";"43,6845300";"3,9946900"
"201900015372";"18";"1";"2019";"13:55";"1";"34";"34256";"1";"3";"1";"1";"Lieu dit le bérange";"43,6962400";"4,0141550"
"201900015373";"4";"2";"2019";"12:25";"1";"83";"83119";"2";"1";"1";"3";"N/A";"43,2675750";"6,6305220"
"201900015374";"5";"2";"2019";"21:50";"5";"4";"04034";"2";"1";"1";"6";"RD 4B";"43,9257360";"5,8924100"
"201900015375";"13";"1";"2019";"18:45";"3";"13";"13062";"1";"1";"1";"3";"487 route de simiane";"43,4243540";"5,4750250"
"201900015376";"5";"2";"2019";"17:30";"5";"71";"71176";"2";"1";"1";"6";"Rue Nationale - place de l'église";"46,4809550";"3,9780450"
"201900015377";"6";"2";"2019";"15:30";"1";"58";"58160";"1";"1";"1";"7";"22 LIEU DIT LA SANGSUE";"46,9957550";"3,1195060"
"201900015378";"3";"2";"2019";"21:00";"3";"8";"08101";"1";"1";"1";"5";"RN58 - PK.006.000";"49,7327552";"5,0175226"
"201900015379";"5";"2";"2019";"18:30";"5";"67";"67010";"1";"1";"1";"1";"6 ROUTE DU HOHWALD";"48,3954440";"7,4026380"
"201900015380";"5";"2";"2019";"13:45";"1";"67";"67067";"2";"1";"1";"6";"10 Rue du Gal DE GAULLE";"48,7320670";"7,7089160"
"201900015381";"3";"2";"2019";"05:30";"3";"54";"54377";"1";"1";"2";"6";"Route Départemntale 935";"48,5168250";"6,7994490"
"201900015382";"25";"1";"2019";"18:17";"2";"73";"73077";"2";"1";"1";"6";"D86 - Montgirod";"45,5922223";"6,7374862"
"201900015383";"4";"2";"2019";"14:20";"1";"38";"38344";"2";"1";"1";"6";"Rue Frédéric Mistral";"45,3714800";"4,8103990"
"201900015384";"6";"2";"2019";"07:35";"2";"69";"69163";"1";"1";"1";"6";"Chemin de la sale";"45,9090600";"4,7935300"
"201900015385";"4";"2";"2019";"08:00";"1";"81";"81105";"2";"1";"1";"6";"Avenue des tulipes";"43,7656550";"1,9977900"
"201900015386";"4";"2";"2019";"23:00";"3";"81";"81043";"1";"1";"2";"6";"route départementale 39";"43,7748060";"1,9320881"
"201900015387";"5";"2";"2019";"22:00";"3";"50";"50099";"1";"1";"1";"6";"RD 974 SAINT HILAIRE PETITVILLE";"49,3035050";" -1,1956890"
"201900015388";"5";"2";"2019";"11:55";"1";"14";"14669";"1";"1";"1";"6";"D88";"48,9949160";" -0,1285210"
"201900015389";"5";"2";"2019";"08:25";"1";"14";"14258";"2";"2";"1";"1";"avenue de la libération";"48,8953900";" -0,1987618"
"201900015390";"3";"2";"2019";"16:25";"1";"27";"27175";"1";"3";"7";"2";"RD 316";"49,2723990";"1,4555140"
"201900015391";"5";"2";"2019";"19:15";"3";"13";"13215";"1";"9";"1";"4";"A7-Sens Lyon vers Marseille";"43,3768100";"5,3586300"
"201900015392";"4";"2";"2019";"17:00";"1";"13";"13071";"1";"1";"1";"2";"A7-Sens Lyon vers Marseille";"43,4586000";"5,3241000"
"201900015393";"4";"2";"2019";"13:50";"1";"69";"69029";"1";"9";"1";"5";"RD383   7.640 A 11.044";"45,7434900";"4,9057000"
"201900015394";"4";"2";"2019";"15:30";"1";"69";"69297";"1";"1";"1";"6";"A7   15.770 A 20.110";"45,6251800";"4,8152900"
"201900015395";"5";"2";"2019";"08:55";"1";"33";"33013";"1";"1";"3";"4";"ROUTE NATIONALE 230";"44,8509900";" -0,5042800"
"201900015396";"5";"2";"2019";"07:50";"3";"33";"33122";"1";"1";"3";"3";"AUTOROUTE A 63";"44,7415900";" -0,7092900"
"201900015397";"4";"2";"2019";"02:50";"3";"91";"91659";"1";"1";"1";"7";"AUTOROUTE A6";"48,5916000";"2,4455100"
"201900015398";"5";"2";"2019";"08:55";"1";"78";"78551";"1";"1";"1";"2";"SE A14";"48,9060300";"2,0560600"
"201900015399";"4";"2";"2019";"06:40";"3";"78";"78217";"1";"1";"1";"6";"A13";"48,9634440";"1,8295680"
"201900015400";"4";"2";"2019";"06:50";"3";"95";"95641";"1";"1";"1";"2";"AUTOROUTE A1";"49,0641400";"2,5523200"
"201900015401";"5";"2";"2019";"14:20";"1";"94";"94017";"1";"1";"1";"4";"A4";"48,8276200";"2,5055500"
"201900015402";"15";"1";"2019";"10:30";"1";"71";"71306";"1";"1";"1";"7";"ANATOLE FRANCE (RUE)";"46,6908900";"4,3520000"
"201900015403";"15";"1";"2019";"08:40";"1";"71";"71306";"2";"3";"1";"6";"GREUZE (RUE)";"46,6724856";"4,3726134"
"201900015404";"15";"1";"2019";"15:40";"1";"49";"49328";"2";"1";"7";"6";"DE GAULLE (AVENUE DU GENERAL)";"47,2646000";" -0,0726600"
"201900015405";"14";"1";"2019";"22:15";"4";"93";"93064";"1";"1";"2";"2";"AUTOROUTE A86";"48,8842900";"2,4695700"
"201900015406";"16";"1";"2019";"07:10";"2";"69";"69387";"2";"1";"1";"6";"BERTHELOT                           (AV)";"45,7412800";"4,8545100"
"201900015407";"16";"1";"2019";"14:17";"1";"972";"97209";"2";"1";"1";"6";"LIBERTE (RUE DE LA)";"14,6044400";" -61,0680000"
"201900015408";"16";"1";"2019";"06:20";"1";"972";"97209";"2";"2";"1";"7";"GENERAL DE GAULLE (BLD DU)";"14,6077400";" -61,0691000"
"201900015409";"16";"1";"2019";"12:10";"1";"69";"69381";"2";"1";"1";"6";"REPUBLIQUE (DE LA)                  (R )";"45,7672800";"4,8360200"
"201900015410";"16";"1";"2019";"10:30";"1";"69";"69034";"2";"3";"1";"6";"ALEXANDER FLEMING                   (AV)";"45,7951100";"4,8475300"
"201900015411";"16";"1";"2019";"08:00";"5";"91";"91687";"2";"2";"1";"6";"BRETAGNE (AVENUE DE)";"48,6714610";"2,3653400"
"201900015412";"15";"1";"2019";"07:30";"3";"91";"91223";"1";"1";"1";"6";"SABLIERE (RUE DE LA)   ZI";"48,4497700";"2,1535000"
"201900015413";"15";"1";"2019";"22:25";"5";"91";"91347";"2";"1";"1";"3";"MOULIN A VENT (IMPASSE DU)";"48,6447640";"2,2806970"
"201900015414";"14";"1";"2019";"16:55";"1";"87";"87085";"2";"6";"1";"4";"CARNOT (PLACE SADI)";"45,8401800";"1,2578400"
"201900015415";"15";"1";"2019";"19:45";"5";"85";"85194";"2";"3";"1";"3";"RUE DE LA BAUDUERE ";"46,5012400";" -1,7820700"
"201900015416";"15";"1";"2019";"12:20";"1";"83";"83144";"2";"1";"1";"4";"BROSSOLETTE (AVE PIERRE)";"43,1373255";"5,9874684"
"201900015417";"13";"1";"2019";"00:00";"5";"83";"83069";"2";"1";"1";"7";"AGREVE  (AVENUE JEAN)";"43,0820100";"6,1529400"
"201900015418";"15";"1";"2019";"18:30";"5";"80";"80131";"2";"6";"1";"3";"BD MICHEL STROGOFF ";"49,8662500";"2,3685400"
"201900015419";"16";"1";"2019";"12:55";"1";"78";"78311";"2";"1";"1";"6";"HOCHE (RUE)";"48,9258950";"2,1861030"
"201900015420";"15";"1";"2019";"16:30";"1";"66";"66136";"2";"1";"1";"6";"LANGUEDOC (AVENUE DU CD 88)";"42,7227300";"2,8866000"
"201900015421";"15";"1";"2019";"17:15";"1";"56";"56083";"1";"1";"1";"4";"Avenue des Frères Lumière";"47,7971500";" -3,2628000"
"201900015422";"4";"1";"2019";"01:16";"5";"54";"54395";"2";"1";"1";"6";"MIRECOURT (ROUTE DE)";"48,6732560";"6,1940750"
"201900015423";"14";"1";"2019";"11:45";"1";"54";"54395";"2";"2";"1";"7";"HAXO (RUE DU GENERAL)";"48,6766800";"6,1720700"
"201900015424";"14";"1";"2019";"08:40";"1";"52";"52121";"2";"1";"2";"1";"RD 619";"48,0931823";"5,1456034"
"201900015425";"15";"1";"2019";"15:20";"1";"49";"49328";"2";"2";"1";"3";"ROUSSEAU (RUE WALDECK)";"47,2631700";" -0,0714800"
"201900015426";"16";"1";"2019";"08:40";"1";"45";"45234";"2";"2";"1";"6";"RUE DE BELLEBAT";"47,9108400";"1,9192100"
"201900015427";"16";"1";"2019";"13:05";"1";"42";"42316";"2";"3";"1";"3";"RD 3";"45,3953120";"4,2631510"
"201900015428";"15";"1";"2019";"16:11";"1";"35";"35278";"2";"6";"1";"6";"ETANG DU DIABLE  (LIEU DIT)";"48,1382450";" -1,6848440"
"201900015429";"15";"1";"2019";"20:05";"3";"31";"31555";"2";"1";"1";"6";"45 ROUTE D'ESPAGNE";"43,5634300";"1,4254100"
"201900015430";"14";"1";"2019";"19:42";"5";"29";"29232";"2";"6";"1";"6";"COSQUER RUE DU";"48,0013200";" -4,1109400"
"201900015431";"15";"1";"2019";"07:40";"2";"21";"21231";"2";"1";"1";"6";"AUXONNE (D') (RUE)";"47,3099000";"5,0543300"
"201900015432";"16";"1";"2019";"16:45";"1";"13";"13210";"2";"1";"1";"3";"GABRIEL MARIE  (RUE)";"43,2845700";"5,4017300"
"201900015433";"16";"1";"2019";"13:45";"1";"13";"13211";"2";"6";"1";"3";"SAINT MENET (AVENUE DE)";"43,2899940";"5,4765600"
"201900015434";"16";"1";"2019";"02:20";"5";"13";"13213";"2";"1";"1";"6";"MAURELLE (RUE DE LA)";"43,3179100";"5,3743700"
"201900015435";"15";"1";"2019";"17:00";"1";"11";"11262";"2";"1";"1";"6";"SEMBAT (BOULEVARD MARCEL)";"43,1887500";"3,0068800"
"201900015436";"16";"1";"2019";"13:30";"1";"6";"06088";"2";"4";"8";"6";"MONT-GROS (CH. DU)";"43,7175290";"7,2953850"
"201900015437";"15";"1";"2019";"07:45";"1";"6";"06083";"2";"1";"7";"3";"FLORETTE";"43,7669200";"7,4859500"
"201900015438";"15";"1";"2019";"19:19";"2";"75";"75115";"2";"2";"1";"6";"RUE DE VOUILLE";"48,8347250";"2,3051870"
"201900015439";"15";"1";"2019";"16:45";"1";"75";"75116";"2";"4";"1";"3";"VOIE GEORGES POMPIDOU";"48,8415520";"2,2692860"
"201900015440";"15";"1";"2019";"16:55";"1";"75";"75116";"2";"7";"1";"3";"PLACE DE LA PORTE MAILLOT";"48,8770240";"2,2824200"
"201900015441";"16";"1";"2019";"08:30";"2";"75";"75114";"2";"7";"1";"1";"AVENUE DU GENERAL LECLERC";"48,8277940";"2,3267960"
"201900015442";"16";"1";"2019";"13:20";"1";"75";"75112";"2";"1";"1";"3";"AVENUE DAUMESNIL";"48,8425960";"2,3850760"
"201900015443";"16";"1";"2019";"14:50";"1";"75";"75102";"2";"2";"1";"3";"BOULEVARD SAINT DENIS";"48,8693260";"2,3542440"
"201900015444";"16";"1";"2019";"11:50";"1";"75";"75109";"2";"1";"1";"2";"RUE DE CHATEAUDUN";"48,8763090";"2,3334650"
"201900015445";"16";"1";"2019";"02:28";"5";"75";"75108";"2";"7";"1";"3";"PLACE CHARLES DE GAULLE";"48,8733030";"2,2955490"
"201900015446";"16";"1";"2019";"10:00";"1";"93";"93078";"2";"1";"1";"3";"NATIONS (AVENUE DES)";"48,9713100";"2,5051200"
"201900015447";"16";"1";"2019";"12:50";"1";"93";"93064";"2";"1";"1";"3";"ALSACE-LORRAINE (BOULEVARD)";"48,8834900";"2,4880800"
"201900015448";"16";"1";"2019";"17:25";"5";"93";"93027";"2";"1";"1";"3";"LENINE (AVENUE)";"48,9203500";"2,4115800"
"201900015449";"14";"1";"2019";"09:44";"1";"93";"93013";"2";"1";"8";"3";"LECLERC (AVENU DE LA DIVISION)";"48,9331200";"2,4238500"
"201900015450";"13";"1";"2019";"06:40";"5";"17";"17112";"2";"1";"1";"6";"50 rue du Logis";"45,7402630";" -0,7476130"
"201900015451";"17";"1";"2019";"06:35";"3";"81";"81209";"2";"1";"2";"3";"D65";"43,5108298";"2,3895745"
"201900015452";"15";"1";"2019";"16:10";"1";"12";"12169";"2";"1";"1";"6";"Boulevard Justin BUISSOU";"44,1984140";"2,3409430"
"201900015453";"16";"1";"2019";"21:15";"5";"58";"58002";"2";"1";"2";"3";"route de COSNE";"47,4536700";"3,0603750"
"201900015454";"16";"1";"2019";"15:35";"1";"38";"38566";"1";"1";"1";"3";"route des Rivoires";"45,3245800";"5,5292300"
"201900015455";"16";"1";"2019";"19:15";"3";"62";"62649";"1";"1";"2";"3";"rue de Famechon";"50,1466370";"2,4752410"
"201900015456";"17";"1";"2019";"15:20";"1";"47";"47195";"2";"1";"2";"6";"quai lusignan";"44,1370330";"0,3414030"
"201900015457";"14";"1";"2019";"03:49";"5";"44";"44154";"1";"1";"1";"7";"D 213 pont de ST NAZAIRE cote ST BREVIN LES PINS";"47,2690487";" -2,1620321"
"201900015458";"10";"1";"2019";"19:30";"5";"31";"31316";"1";"3";"1";"3";"Départementale 125";"42,9222280";"0,6486390"
"201900015459";"16";"1";"2019";"09:25";"1";"43";"43124";"2";"1";"7";"6";"01 Route du Puy";"45,0858800";"3,7501300"
"201900015460";"17";"1";"2019";"11:30";"1";"21";"21425";"2";"1";"2";"6";"D980, rue voltaire";"47,6261760";"4,3400010"
"201900015461";"17";"1";"2019";"12:00";"1";"2B";"2B335";"1";"3";"1";"2";"RT10 - SENS SUD-NORD";"42,3364160";"9,5359500"
"201900015462";"17";"1";"2019";"18:50";"3";"83";"83023";"1";"1";"1";"6";"Route Théodore Linari";"43,4233021";"6,1180033"
"201900015463";"17";"1";"2019";"19:00";"3";"5";"05139";"1";"1";"1";"7";"giers le courtil";"44,7013530";"5,9270530"
"201900015464";"9";"1";"2019";"10:00";"1";"73";"73284";"1";"1";"4";"7";"RD117";"45,4571376";"6,5114988"
"201900015465";"16";"1";"2019";"16:40";"1";"26";"26064";"1";"6";"1";"3";"départementale 68 - rond point dit de la fusée";"44,9026000";"5,0081000"
"201900015466";"9";"1";"2019";"11:25";"1";"1";"01376";"2";"1";"7";"6";"39 ROUTE DE GENÈVE";"45,8289320";"4,9764540"
"201900015467";"17";"1";"2019";"08:15";"2";"59";"59124";"2";"1";"2";"6";"Place de l'église";"50,5950740";"3,2581570"
"201900015468";"16";"1";"2019";"16:41";"1";"78";"78206";"1";"1";"1";"7";"A13";"48,9487000";"1,9452000"
"201900015469";"16";"1";"2019";"08:30";"1";"92";"92062";"1";"1";"1";"3";"RN1014 W";"48,8897611";"2,2441988"
"201900015470";"4";"1";"2019";"10:35";"1";"62";"62771";"2";"1";"1";"6";"DE GAULLE (R DU GAL)";"50,4197629";"2,8863761"
"201900015471";"7";"1";"2019";"15:08";"1";"42";"42218";"2";"1";"1";"6";"BERGSON A PARTIR Nø 18-51";"45,4569200";"4,3821400"
"201900015472";"30";"1";"2019";"12:15";"1";"14";"14118";"2";"7";"2";"3";"LETELLIER (PLACE JEAN)";"49,1841100";" -0,3631400"
"201900015473";"31";"1";"2019";"08:05";"1";"11";"11069";"2";"1";"1";"2";"VAUCANSON JACQUES";"43,2120280";"2,3078130"
"201900015474";"2";"2";"2019";"15:00";"1";"94";"94070";"1";"1";"2";"5";"PARIS (RTE DE)";"48,7250800";"2,5570600"
"201900015475";"30";"1";"2019";"23:00";"3";"93";"93027";"1";"1";"1";"6";"AUTOROUTE A1";"48,9337300";"2,3846600"
"201900015476";"30";"1";"2019";"13:45";"1";"93";"93005";"1";"1";"4";"2";"AUTOROUTE A3";"48,9679500";"2,4795100"
"201900015477";"4";"2";"2019";"10:45";"1";"988";"98818";"2";"9";"1";"6";"ANSE-VATA (ROUTE DE L')";" -22,2919500";"166,4480300"
"201900015478";"3";"2";"2019";"23:00";"5";"988";"98818";"2";"3";"1";"6";"PROMENADE ROGER LAROQUE/ROUTE DE L'AQUARIUM";" -22,3004900";"166,4380900"
"201900015479";"31";"1";"2019";"21:20";"5";"988";"98818";"2";"3";"1";"3";"RUE JACQUES IEKAWE/RP1";" -22,2239900";"166,4810600"
"201900015480";"31";"1";"2019";"07:10";"1";"976";"97611";"2";"1";"1";"6";"kaweni-GEOLE (la)";" -12,7645400";"45,2254700"
"201900015481";"3";"2";"2019";"14:20";"1";"974";"97416";"2";"1";"1";"1";"AMIRAL LACAZE(RUE)";" -21,3496100";"55,4842000"
"201900015482";"3";"2";"2019";"06:05";"1";"974";"97416";"1";"1";"1";"7";"RN1 (ROUTE NATIONALE)";" -21,3181700";"55,4452300"
"201900015483";"2";"2";"2019";"12:00";"1";"974";"97416";"2";"1";"1";"6";"BONS ENFANTS (RUE DES)";" -21,3393400";"55,4723500"
"201900015484";"31";"1";"2019";"17:05";"1";"974";"97416";"1";"9";"1";"3";"ANCIENNE RN 1";" -21,3083615";"55,4319549"
"201900015485";"30";"1";"2019";"11:05";"1";"974";"97409";"2";"1";"1";"3";"Rue Rocade Sud";" -20,9730990";"55,6514490"
"201900015486";"3";"2";"2019";"19:20";"5";"973";"97302";"2";"6";"1";"3";"MADELEINE (ROUTE DE LA)";"4,9369787";" -52,3259765"
"201900015487";"1";"2";"2019";"08:25";"1";"973";"97302";"2";"1";"1";"1";"MONTABO (ROUTE DE) 2";"4,9426000";" -52,3056000"
"201900015488";"3";"2";"2019";"15:13";"1";"69";"69386";"2";"1";"1";"6";"CREQUI (DE)                         (R )";"45,7710200";"4,8457400"
"201900015489";"3";"2";"2019";"05:04";"5";"69";"69386";"2";"1";"2";"6";"MARECHAL FOCH (DU)                  (AV)";"45,7730800";"4,8429600"
"201900015490";"2";"2";"2019";"22:10";"5";"69";"69383";"2";"1";"2";"6";"MARIUS AUDIN                        (R )";"45,7579700";"4,8420900"
"201900015491";"2";"2";"2019";"13:15";"1";"69";"69259";"2";"3";"8";"3";"ALBERT EINSTEIN                     (R )";"45,7002200";"4,8763400"
"201900015492";"1";"2";"2019";"07:40";"4";"69";"69388";"2";"1";"3";"6";"AMBROISE PARE                       (BD)";"45,7370600";"4,8840600"
"201900015493";"31";"1";"2019";"22:45";"5";"69";"69387";"2";"1";"8";"6";"LECLERC                             (AV)";"45,7358000";"4,8238000"
"201900015494";"31";"1";"2019";"21:40";"5";"69";"69259";"2";"2";"1";"3";"MARCEL CACHIN                       (AV)";"45,6939800";"4,8750700"
"201900015495";"31";"1";"2019";"21:15";"5";"69";"69383";"2";"2";"1";"3";"FERDINAND BUISSON                   (R )";"45,7503100";"4,8912800"
"201900015496";"31";"1";"2019";"15:00";"1";"69";"69386";"2";"2";"2";"3";"DUGUESCLIN  (R)";"45,7745200";"4,8462500"
"201900015497";"31";"1";"2019";"08:50";"1";"69";"69386";"2";"2";"1";"3";"MARECHAL FOCH (DU)                  (AV)";"45,7688600";"4,8438400"
"201900015498";"1";"2";"2019";"12:10";"1";"972";"97213";"1";"3";"1";"3";"DU ROCHER (CHEMIN)";"14,6483300";" -60,9885200"
"201900015499";"2";"2";"2019";"02:00";"5";"972";"97209";"2";"1";"2";"7";"REPUBLIQUE (RUE DE LA )";"14,6049000";" -61,0705700"
"201900015500";"31";"1";"2019";"19:50";"5";"972";"97209";"2";"1";"1";"3";"LEONA GABRIEL (AVENUE)";"14,6130000";" -61,0483000"
"201900015501";"31";"1";"2019";"06:20";"1";"972";"97209";"2";"2";"1";"3";"FELIX EBOUE (RUE)";"14,6048200";" -61,0678000"
"201900015502";"2";"2";"2019";"04:30";"5";"69";"69081";"2";"9";"1";"6";"VALVERT                                 ";"45,7709000";"4,7880000"
"201900015503";"1";"2";"2019";"15:10";"1";"69";"69381";"2";"1";"2";"6";"LUCIEN SPORTISSE                    (R )";"45,7704600";"4,8291300"
"201900015504";"1";"2";"2019";"13:40";"1";"69";"69385";"2";"1";"2";"4";"CHAMPVERT (DE)                      (R )";"45,7631700";"4,7952600"
"201900015505";"1";"2";"2019";"08:25";"1";"69";"69202";"2";"1";"2";"6";"AQUEDUC DE BEAUNANT (DE L')         (AV)";"45,7242900";"4,7795200"
"201900015506";"1";"2";"2019";"07:30";"4";"69";"69149";"2";"1";"2";"6";"GRANDE RUE                          (GR)";"45,7120600";"4,8028100"
"201900015507";"29";"1";"2019";"12:45";"1";"69";"69286";"2";"1";"1";"6";"COMBATTANTS EN AFN 1952-1962 (DES)  (AV)";"45,8152100";"4,8935300"
"201900015508";"3";"2";"2019";"17:25";"3";"2B";"2B033";"1";"2";"2";"3";"LES CAPUCINS";"42,6890400";"9,4454700"
"201900015509";"2";"2";"2019";"12:12";"1";"2B";"2B033";"2";"1";"1";"6";"GAUDIN - BLD AUGUSTE";"42,6946200";"9,4483900"
"201900015510";"1";"2";"2019";"12:35";"1";"2B";"2B120";"2";"1";"1";"2";"11 - RT";"42,6494100";"9,4405300"
"201900015511";"31";"1";"2019";"15:00";"1";"2B";"2B033";"2";"6";"1";"3";"IMPERIALE - ROUTE";"42,3957600";"9,2621600"
"201900015512";"2";"2";"2019";"02:05";"3";"971";"97101";"1";"1";"2";"1";"ROUTE DE BOULIQUI";"16,2578179";" -61,4547595"
"201900015513";"1";"2";"2019";"18:30";"5";"2A";"2A004";"2";"1";"3";"6";"BONAPARTE CHARLES  BD";"41,9338000";"8,7456700"
"201900015514";"1";"2";"2019";"14:00";"1";"2A";"2A004";"2";"1";"3";"1";"KENNEDY AV PRESIDENT";"41,9311550";"8,7352572"
"201900015515";"1";"2";"2019";"19:15";"3";"95";"95268";"2";"1";"3";"6";"AV DU GENERAL DE GAULLE";"48,9731400";"2,4001000"
"201900015516";"31";"1";"2019";"19:00";"5";"95";"95268";"2";"2";"2";"6";"RUE COLONEL FABIEN";"48,9718000";"2,3911000"
"201900015517";"31";"1";"2019";"18:11";"5";"95";"95268";"2";"1";"2";"6";"AV DE STALINGRAD";"48,9726200";"2,4168400"
"201900015518";"18";"1";"2019";"19:00";"5";"95";"95585";"2";"3";"1";"6";"DIVISION LECLERC (AVENUE DE LA)";"48,9887400";"2,3731200"
"201900015519";"1";"2";"2019";"17:38";"5";"95";"95018";"2";"1";"2";"6";"RESISTANCE (BOULEVARD DE LA)";"48,9519000";"2,2194000"
"201900015520";"3";"2";"2019";"05:55";"5";"91";"91432";"2";"3";"1";"3";"DE GAULLE  (AVENUE CHARLES)";"48,7054200";"2,3463500"
"201900015521";"31";"1";"2019";"16:00";"1";"91";"91589";"2";"2";"4";"3";"UTRILLO (RUE MAURICE)";"48,6742770";"2,3384010"
"201900015522";"2";"2";"2019";"13:40";"1";"91";"91687";"2";"3";"8";"3";"GRANDE BORNE (AVENUE DE LA)";"48,6547800";"2,3722900"
"201900015523";"1";"2";"2019";"07:30";"5";"91";"91228";"2";"1";"2";"7";"MARECHAL DE LATTRE DE TASSIGNY (BD)";"48,6257700";"2,4500000"
"201900015524";"30";"1";"2019";"10:30";"1";"91";"91433";"1";"1";"1";"7";"RD 191";"48,4492200";"2,2302300"
"201900015525";"2";"2";"2019";"09:55";"1";"88";"88160";"2";"1";"1";"6";"RENAN (RUE ERNEST-)";"48,1868200";"6,4645900"
"201900015526";"1";"2";"2019";"18:05";"5";"88";"88160";"2";"1";"2";"6";"SAINT-MICHEL (RUE)";"48,1774000";"6,4569000"
"201900015527";"29";"1";"2019";"16:35";"1";"88";"88160";"2";"1";"1";"6";"JEUXEY (RTE DE)";"48,1931300";"6,4532800"
"201900015528";"31";"1";"2019";"15:10";"1";"87";"87085";"2";"1";"2";"6";"GARIBALDI (AVENUE)";"45,8352000";"1,2606600"
"201900015529";"24";"1";"2019";"17:30";"1";"86";"86066";"2";"3";"1";"6";"BRANLY (RUE)";"46,8021800";"0,5430500"
"201900015530";"14";"10";"2019";"20:05";"5";"83";"83144";"2";"4";"1";"3";"VALGORA";"43,1427200";"6,0124600"
"201900015531";"12";"7";"2019";"20:30";"2";"83";"83126";"2";"1";"1";"6";"CURET (AV LOUIS)";"43,1027500";"5,8817900"
"201900015532";"14";"10";"2019";"11:55";"1";"83";"83009";"2";"9";"1";"6";"LUCIEN ARTAUD (PLACE)";"43,1371400";"5,7602400"
"201900015533";"14";"10";"2019";"07:00";"5";"82";"82121";"2";"1";"1";"1";"TOULOUSE (AVENUE DE)";"44,0054200";"1,3417600"
"201900015534";"11";"10";"2019";"09:20";"1";"81";"81060";"2";"7";"1";"6";"MALROUX (BD AUGUSTIN)";"44,0490300";"2,1521500"
"201900015535";"12";"10";"2019";"12:15";"1";"80";"80021";"2";"1";"1";"2";"RUE DES QUATRE SOUFFLES";"49,8778000";"2,2776300"
"201900015536";"10";"10";"2019";"22:40";"5";"80";"80021";"2";"1";"1";"3";"ABBEVILLE (RUE D')";"49,9112400";"2,2549200"
"201900015537";"10";"10";"2019";"07:50";"5";"79";"79191";"2";"3";"8";"7";"40 rue de Bellune";"46,3248500";" -0,4498400"
"201900015538";"9";"10";"2019";"12:50";"1";"79";"79081";"2";"1";"8";"2";"Route de Paris";"46,3432200";" -0,3787900"
"201900015539";"11";"10";"2019";"10:50";"1";"78";"78551";"2";"1";"1";"6";"VIEIL ABREUVOIR  (DU)";"48,8960400";"2,0942600"
"201900015540";"10";"10";"2019";"08:00";"1";"78";"78517";"2";"1";"1";"6";"GROUSSAY (RUE DE)";"48,6546300";"1,8208400"
"201900015541";"11";"10";"2019";"10:30";"1";"77";"77373";"2";"1";"8";"6";"LOUIS ARAGON (FORUM)";"48,7996100";"2,6085400"
"201900015542";"11";"10";"2019";"12:00";"1";"77";"77384";"1";"1";"1";"6";"D305";"48,6001711";"2,6276336"
"201900015543";"11";"10";"2019";"10:20";"1";"77";"77067";"1";"3";"2";"2";"D306 X RUE SAINT PERES";"48,5831204";"2,6086436"
"201900015544";"13";"10";"2019";"17:10";"1";"77";"77394";"2";"3";"1";"2";"D636 X CHEMIN DES 3 NOYERS";"48,5581410";"2,6781060"
"201900015545";"11";"10";"2019";"12:22";"1";"77";"77285";"2";"1";"1";"6";"PARKING C.C. PLEIN CIEL";"48,5483000";"2,6440000"