"Num_Acc";"jour";"mois";"an";"hrmn";"lum";"dep";"com";"agg";"int";"atm";"col";"adr";"lat";"long"
"201900015546";"13";"10";"2019";"09:30";"1";"76";"76351";"2";"3";"1";"6";"VALLEE (RUE DE LA)";"49,4977200";"0,1596500"
"201900015547";"12";"10";"2019";"17:04";"1";"76";"76351";"2";"2";"1";"3";"MARC BLOCH";"49,5190800";"0,1198200"
"201900015548";"12";"10";"2019";"00:50";"5";"74";"74281";"2";"2";"1";"3";"CLOS BANDERET (AVENUE DU)";"46,3722000";"6,4863000"
"201900015549";"15";"10";"2019";"18:56";"5";"74";"74012";"2";"2";"2";"6";"FLORISSANT (AVENUE)";"46,1961700";"6,2421200"
"201900015550";"15";"10";"2019";"08:50";"2";"74";"74012";"2";"1";"1";"5";"MENDES FRANCE (AVENUE PIERRE)";"46,1876600";"6,2231800"
"201900015551";"12";"10";"2019";"18:00";"1";"74";"74012";"2";"1";"1";"6";"PARC (RUE DU)";"46,1936400";"6,2289400"
"201900015552";"6";"10";"2019";"13:50";"1";"73";"73065";"2";"4";"1";"3";"D1  MOTTE SERVOLEX (AVENUE DE LA)";"45,5781580";"5,8955439"
"201900015553";"15";"10";"2019";"15:20";"1";"71";"71076";"2";"1";"2";"1";"ALLENDE (AVENUE SALVADOR)";"46,8061300";"4,8564300"
"201900015554";"11";"10";"2019";"19:33";"5";"71";"71076";"2";"1";"1";"1";"PARIS (AVENUE DE)";"46,8067300";"4,8443000"
"201900015555";"15";"10";"2019";"22:30";"5";"69";"69266";"2";"1";"1";"1";"GABRIEL PERI (R)              (AV)";"45,7736300";"4,8672200"
"201900015556";"15";"10";"2019";"20:05";"5";"69";"69282";"2";"1";"8";"3";"LUCIEN BUISSON                      (AV)";"45,7645500";"4,9992800"
"201900015557";"15";"10";"2019";"10:00";"1";"69";"69275";"2";"3";"3";"6";"JULES VERNE                         (IM)";"45,7712300";"4,9645400"
"201900015558";"14";"10";"2019";"19:40";"5";"69";"69266";"2";"2";"1";"2";"ANTONIN PERRIN     (Rue)";"45,7581200";"4,8851900"
"201900015559";"13";"10";"2019";"06:35";"5";"69";"69290";"2";"3";"1";"3";"EGALITE (DE L')                     (R )";"45,6896500";"4,9466300"
"201900015560";"14";"10";"2019";"12:20";"1";"69";"69275";"2";"8";"1";"3";"PAUL BERT                           (R )";"45,7690300";"4,9511700"
"201900015561";"14";"10";"2019";"12:30";"1";"69";"69266";"2";"2";"1";"6";"ROGER SALENGRO     (Avenue)";"45,7763600";"4,8730400"
"201900015562";"11";"10";"2019";"22:50";"5";"69";"69256";"2";"2";"1";"6";"MARIUS GROSSO                       (R )";"45,7627000";"4,9293700"
"201900015563";"11";"10";"2019";"07:45";"2";"69";"69266";"2";"6";"1";"3";"ALBERT THOMAS    (Place)";"45,7639300";"4,8740500"
"201900015564";"11";"10";"2019";"06:20";"5";"69";"69029";"2";"1";"1";"5";"GENAS (DE)                          (RO)";"45,7495900";"4,9132500"
"201900015565";"14";"10";"2019";"09:00";"1";"69";"69264";"2";"9";"1";"6";"GARE PLACE DE LA";"45,9799990";"4,7199999"
"201900015566";"14";"10";"2019";"13:45";"1";"67";"67365";"2";"1";"1";"3";"MULHOUSE (RUE DE)";"48,5385400";"7,7138600"
"201900015567";"14";"10";"2019";"10:50";"1";"67";"67482";"2";"3";"1";"3";"FRERES EBERTS (RUE DES)";"48,5547000";"7,7395500"
"201900015568";"14";"10";"2019";"13:30";"1";"67";"67482";"2";"1";"1";"2";"JACQUES KABLE (RUE)";"48,5935140";"7,7555320"
"201900015569";"13";"10";"2019";"16:30";"1";"67";"67482";"2";"1";"1";"6";"OBERHAUSBERGEN (ROUTE D )";"48,6002200";"7,6995400"
"201900015570";"13";"10";"2019";"15:55";"1";"67";"67482";"2";"1";"1";"1";"BELGES (QUAI DES)";"48,5814720";"7,7823410"
"201900015571";"13";"10";"2019";"15:00";"1";"67";"67482";"2";"1";"1";"2";"BOUSSINGAULT (RUE)";"48,5907350";"7,7822330"
"201900015572";"12";"10";"2019";"19:05";"5";"67";"67482";"2";"3";"2";"3";"CANONNIERS (RUE DES)";"48,5543320";"7,7637530"
"201900015573";"12";"10";"2019";"19:00";"5";"67";"67482";"2";"1";"2";"6";"PAUL DOPFF (RUE) ";"48,5559300";"7,7716500"
"201900015574";"11";"10";"2019";"20:05";"5";"67";"67482";"2";"1";"1";"6";"MARAIS KAGENECK (RUE DU)";"48,5866280";"7,7387480"
"201900015575";"11";"10";"2019";"17:45";"1";"67";"67482";"2";"1";"2";"6";"ALTENHEIM (ROUTE D )";"48,5362600";"7,7710900"
"201900015576";"11";"10";"2019";"17:40";"1";"67";"67482";"2";"1";"1";"1";"RHIN (AVENUE DU)";"48,5726900";"7,7939600"
"201900015577";"11";"10";"2019";"11:30";"1";"67";"67482";"2";"2";"1";"2";"VICTOR SCHOELCHER (AVENUE)";"48,5865800";"7,7561900"
"201900015578";"11";"10";"2019";"10:30";"1";"67";"67447";"2";"3";"1";"3";"BISCHWILLER (ROUTE DE)";"48,5994440";"7,7428090"
"201900015579";"15";"10";"2019";"08:30";"1";"66";"66136";"1";"1";"1";"2";"R D 900";"42,6780400";"2,8812600"
"201900015580";"14";"10";"2019";"14:40";"1";"66";"66136";"2";"3";"1";"3";"BRIAND BOULEVARD ARISTIDE";"42,6953000";"2,9022200"
"201900015581";"14";"10";"2019";"10:43";"1";"66";"66136";"2";"1";"1";"6";"DALBIEZ (AVENUE VICTOR)";"42,6856500";"2,8821200"
"201900015582";"14";"10";"2019";"09:30";"1";"66";"66136";"2";"1";"1";"6";"FOCH (MARECHAL)";"42,6935100";"2,8885800"
"201900015583";"13";"10";"2019";"06:55";"5";"66";"66136";"2";"1";"1";"2";"ESCARGUEL (COURS LAZARE)";"42,6985400";"2,8873500"
"201900015584";"13";"10";"2019";"17:30";"1";"66";"66136";"1";"1";"1";"6";"cours Palmarole ";"42,7025100";"2,8954500"
"201900015585";"15";"10";"2019";"11:35";"1";"64";"64445";"2";"1";"2";"2";"FRANCOIS MITTERAND";"43,3304900";" -0,3555400"
"201900015586";"13";"10";"2019";"06:45";"5";"64";"64122";"2";"1";"1";"7";"MARECHAL LECLERC(BD DU)";"43,4829985";" -1,5644055"
"201900015587";"15";"10";"2019";"16:55";"2";"64";"64024";"2";"1";"7";"2";"SAINT PEE (ROUTE DE)";"43,4554556";" -1,5102552"
"201900015588";"15";"10";"2019";"13:30";"1";"64";"64102";"2";"1";"8";"6";"CASTAGNET Julien";"43,5021658";" -1,4804949"
"201900015589";"15";"10";"2019";"12:45";"1";"64";"64024";"2";"1";"2";"6";"BAYONNE (AVENUE DE)";"43,4823853";" -1,5065518"
"201900015590";"13";"10";"2019";"09:00";"1";"64";"64140";"2";"1";"1";"1";"FOIX (AV LOUIS DE)";"43,5259447";" -1,4937239"
"201900015591";"11";"10";"2019";"20:45";"5";"64";"64024";"2";"1";"1";"3";"PITOYS (ROUTE DE)";"43,4635844";" -1,5164729"
"201900015592";"10";"10";"2019";"08:00";"2";"64";"64102";"2";"1";"1";"2";"BOUFFLERS (ALLEES)";"43,4930700";" -1,4726300"
"201900015593";"11";"10";"2019";"16:15";"1";"63";"63063";"2";"1";"1";"6";"GRILLON (RUE DU)";"45,8294668";"3,0984081"
"201900015594";"15";"10";"2019";"08:30";"1";"63";"63113";"2";"1";"1";"6";"SOUS LES VIGNES (RUE)";"45,7994700";"3,1051500"
"201900015595";"10";"10";"2019";"18:45";"1";"63";"63113";"2";"2";"1";"6";"BLUM (AVENUE LEON)";"45,7719898";"3,0937224"
"201900015596";"10";"10";"2019";"15:43";"1";"62";"62826";"2";"4";"1";"3";"TREPIED (AVENUE DE)";"50,5104100";"1,6195600"
"201900015597";"11";"10";"2019";"08:00";"1";"62";"62244";"2";"1";"2";"6";"DE PICARDIE (rue)";"50,9303200";"1,8881900"
"201900015598";"9";"10";"2019";"07:40";"2";"62";"62400";"2";"1";"8";"2";"LIBERATION ( DE LA )";"50,4809100";"2,4762300"
"201900015599";"10";"10";"2019";"16:40";"1";"62";"62126";"2";"3";"1";"6";"GALLOT ( RUE LEON )";"50,5299700";"2,6856000"
"201900015600";"4";"10";"2019";"20:40";"5";"62";"62108";"2";"2";"1";"3";"IMPERATRICE";"50,4060800";"1,5734300"
"201900015601";"11";"10";"2019";"10:55";"1";"60";"60159";"2";"3";"1";"6";"GUYNEMER (COURS)";"49,4196500";"2,8240700"
"201900015602";"11";"10";"2019";"10:55";"1";"59";"59152";"2";"1";"1";"3";"LECLERC (AVENUE DU GENERAL)";"50,7617400";"3,0083200"
"201900015603";"15";"10";"2019";"08:40";"1";"59";"59646";"2";"1";"1";"6";"Francois Mitterand (Rue)";"50,6863540";"3,1253655"
"201900015604";"15";"10";"2019";"08:45";"1";"59";"59350";"2";"2";"9";"3";"MASSENA RUE N°66 et 96-101 et 125";"50,6313300";"3,0547800"
"201900015605";"14";"10";"2019";"10:05";"1";"59";"59350";"2";"3";"1";"6";"LYDERIC RUE";"50,6302500";"3,0663700"
"201900015606";"11";"10";"2019";"05:10";"4";"59";"59350";"2";"9";"1";"6";"D 651";"50,6311400";"3,0822000"
"201900015607";"10";"10";"2019";"16:10";"1";"59";"59368";"2";"1";"1";"6";"DE GAULLE RUE DU GENERAL";"50,6548800";"3,0736330"
"201900015608";"11";"10";"2019";"07:40";"1";"57";"57463";"2";"1";"1";"6";"ANDRE MALRAUX (AVENUE)";"49,1036312";"6,1796674"
"201900015609";"15";"10";"2019";"08:00";"5";"56";"56162";"2";"1";"2";"6";"DUPUY DE LOME (RUE)";"47,7436700";" -3,4005900"
"201900015610";"12";"10";"2019";"10:30";"1";"56";"56121";"2";"1";"2";"7";"ORADOUR SUR GLANE ( BD D')";"47,7544600";" -3,3713200"
"201900015611";"11";"10";"2019";"15:10";"1";"56";"56083";"2";"1";"1";"2";"PONT-NEUF ( QUAI DU )";"47,8038900";" -3,2802500"
"201900015612";"13";"10";"2019";"08:24";"5";"56";"56121";"2";"6";"1";"6";"KERLIN (RUE  DE )";"47,7472400";" -3,3765000"
"201900015613";"11";"10";"2019";"07:40";"5";"56";"56121";"2";"3";"1";"6";"KERJULAUDE ( RUE DE )";"47,7426300";" -3,3845600"
"201900015614";"11";"10";"2019";"11:10";"1";"56";"56083";"2";"1";"1";"1";"VERNE ( rue Jules)";"47,8120400";" -3,2724800"
"201900015615";"11";"10";"2019";"09:35";"1";"56";"56107";"2";"1";"1";"6";"Quélisoy RD 29";"47,7195500";" -3,3830900"
"201900015616";"7";"10";"2019";"10:45";"1";"55";"55042";"2";"1";"1";"7";"DUGNY ( ROUTE DE)";"49,1316300";"5,4002500"
"201900015617";"15";"10";"2019";"15:55";"1";"54";"54395";"2";"4";"8";"3";"BRIAND (RUE ARISTIDE)";"48,6820600";"6,1649000"
"201900015618";"9";"10";"2019";"13:10";"1";"54";"54395";"2";"1";"1";"3";"AUSTRASIE (BOULEVARD)";"48,6882850";"6,2048340"
"201900015619";"11";"10";"2019";"00:11";"5";"54";"54395";"2";"1";"1";"6";"PROUVE (RUE JEAN)";"48,6854700";"6,1726900"
"201900015620";"14";"10";"2019";"15:40";"1";"54";"54395";"2";"2";"1";"3";"VERDUN (rue de)";"48,6963000";"6,1672000"
"201900015621";"11";"10";"2019";"17:45";"1";"54";"54395";"2";"3";"1";"3";"AUXONNE (RUE D')";"48,7001800";"6,1667900"
"201900015622";"11";"10";"2019";"17:00";"1";"54";"54547";"2";"1";"1";"7";"MALINES (RUE DE)";"48,6640400";"6,1736400"
"201900015623";"11";"10";"2019";"07:15";"2";"54";"54357";"2";"1";"2";"3";"PATTON (AV. DU GENERAL)";"48,7064400";"6,1619300"
"201900015624";"11";"10";"2019";"20:55";"3";"54";"54254";"1";"1";"1";"7";"RD196";"49,5119400";"5,8139100"
"201900015625";"13";"10";"2019";"19:00";"1";"52";"52121";"2";"1";"1";"1";"RD 619";"48,1162541";"5,1413602"
"201900015626";"12";"10";"2019";"12:15";"1";"52";"52121";"2";"1";"1";"2";"REPUBLIQUE (AVENUE)";"48,0987600";"5,1452100"
"201900015627";"14";"10";"2019";"17:18";"1";"51";"51454";"2";"1";"1";"6";"RUE DE VESLE";"49,2539348";"4,0300863"
"201900015628";"13";"10";"2019";"04:08";"5";"51";"51454";"2";"1";"1";"7";"AVENUE DU GENERAL BONAPARTE";"49,2274417";"4,0115361"
"201900015629";"11";"10";"2019";"07:43";"1";"51";"51454";"1";"1";"1";"2";"AVENUE NICEPHORE NIEPCE";"49,2284823";"4,0673886"
"201900015630";"10";"10";"2019";"23:00";"5";"51";"51454";"2";"1";"1";"7";"BOULEVARD LOUIS BARTHOU";"49,2329100";"4,0321600"
"201900015631";"14";"10";"2019";"19:50";"5";"50";"50218";"2";"1";"2";"6";"CAPITAINE LIHOU (VOIE DU)";"48,8338200";" -1,6098500"
"201900015632";"11";"10";"2019";"17:35";"1";"50";"50602";"2";"1";"8";"7";"CAPLAIN (RUE DU)";"49,6447100";" -1,5766600"
"201900015633";"13";"10";"2019";"10:37";"1";"50";"50129";"2";"3";"2";"3";"BRIE (RUE DE)";"49,6275000";" -1,6310200"
"201900015634";"11";"10";"2019";"11:00";"1";"50";"50129";"2";"2";"8";"3";"SIMON (RUE)";"49,6346400";" -1,6270700"
"201900015635";"10";"10";"2019";"07:30";"2";"50";"50173";"2";"1";"1";"3";"SALINE (BOULEVARD DE LA)";"49,6577300";" -1,6658900"
"201900015636";"9";"10";"2019";"13:05";"1";"50";"50173";"2";"1";"2";"6";"TOURVILLE (AVENUE DE)";"49,6504500";" -1,6494000"
"201900015637";"14";"10";"2019";"13:13";"1";"49";"49007";"2";"1";"1";"3";"ROMANERIE BOULEVARD";"47,4862500";" -0,5142000"
"201900015638";"11";"10";"2019";"23:58";"5";"49";"49007";"2";"1";"1";"7";"JEAN XXIII AVENUE";"47,4474100";" -0,5619300"
"201900015639";"11";"10";"2019";"18:25";"1";"49";"49007";"2";"1";"1";"2";"DEUX CROIX BOULEVARD";"47,4790100";" -0,5282800"
"201900015640";"11";"10";"2019";"14:34";"1";"49";"49007";"2";"1";"1";"6";"CHAUMIN BOULEVARD";"47,4505800";" -0,5560700"
"201900015641";"11";"10";"2019";"10:56";"1";"49";"49007";"2";"1";"1";"3";"LANDEMAURE RUE ET SQUARE";"47,4482900";" -0,5503300"
"201900015642";"10";"10";"2019";"21:10";"2";"49";"49007";"2";"1";"1";"7";"TRISTAN SQUARE";"47,4685700";" -0,5983400"
"201900015643";"10";"10";"2019";"16:49";"1";"49";"49007";"2";"1";"1";"3";"BOUCHEMAINE ROUTE";"47,4539200";" -0,5686500"
"201900015644";"16";"9";"2019";"18:06";"1";"49";"49353";"2";"1";"1";"7";"BELLINIERE RUE";"47,4561000";" -0,5118000"
"201900015645";"10";"10";"2019";"11:50";"1";"47";"47215";"1";"1";"1";"6";"COMPTE (lieudit)";"44,3640000";"0,7222000"
"201900015646";"11";"10";"2019";"20:08";"5";"45";"45147";"2";"2";"1";"3";"R DU 19 MARS 1962 - R L MICHEL";"47,9412787";"1,9066758"
"201900015647";"11";"10";"2019";"18:50";"1";"45";"45302";"2";"1";"1";"6";"RUE DES FRERES LUMIERE";"47,9640331";"1,8871902"
"201900015648";"16";"10";"2019";"01:12";"5";"44";"44109";"2";"2";"3";"1";"RUE PAUL BELLAMY";"47,2289300";" -1,5622100"
"201900015649";"10";"10";"2019";"17:50";"1";"44";"44162";"2";"1";"1";"1";"RUE JEAN JAURES";"47,2196600";" -1,6147600"
"201900015650";"14";"10";"2019";"21:15";"5";"44";"44109";"2";"1";"1";"1";"RUE DE FLEURUS";"47,2120800";" -1,5423700"
"201900015651";"28";"9";"2019";"09:40";"1";"43";"43046";"2";"1";"1";"6";"CHAMPS-ELYSEES (AVENUE DES)";"45,0522800";"3,8973500"
"201900015652";"15";"10";"2019";"17:25";"1";"42";"42187";"2";"9";"2";"2";"MACE (RUE JEAN)";"46,0396300";"4,0744700"
"201900015653";"11";"10";"2019";"07:45";"2";"38";"38185";"2";"2";"1";"3";"BRENIER (RUE C.)";"45,1917600";"5,7184300"
"201900015654";"11";"10";"2019";"15:15";"1";"38";"38053";"2";"3";"1";"3";"JOLIOT CURIE";"45,5889400";"5,2613400"
"201900015655";"15";"10";"2019";"07:45";"2";"37";"37261";"2";"1";"2";"2";"GRAMMONT (AVENUE DE)";"47,3648500";"0,6990200"
"201900015656";"14";"10";"2019";"07:55";"2";"37";"37122";"2";"6";"1";"2";"JAURES (BOULEVARD JEAN)";"47,3489532";"0,6653111"
"201900015657";"11";"10";"2019";"19:50";"5";"37";"37214";"2";"1";"1";"6";"LOIRE (QUAI DE LA)";"47,3992200";"0,6739900"
"201900015658";"11";"10";"2019";"17:10";"1";"37";"37261";"2";"9";"1";"6";"SUEDE (RUE DE)";"47,4313200";"0,6787600"
"201900015659";"11";"10";"2019";"07:25";"5";"37";"37261";"2";"1";"1";"7";"VAILLANT (RUE EDOUARD)";"47,3897214";"0,6947958"
"201900015660";"14";"10";"2019";"19:10";"2";"35";"35238";"2";"1";"1";"6";"MAGINOT (AVENUE SERGENT)";"48,1100800";" -1,6598700"
"201900015661";"14";"10";"2019";"12:00";"1";"35";"35238";"2";"2";"8";"3";"LANJUINAIS ( JEAN DENIS)";"48,1086800";" -1,6819600"
"201900015662";"11";"10";"2019";"11:50";"1";"35";"35238";"2";"3";"1";"3";"LORIENT (DE)";"48,1069540";" -1,7259400"
"201900015663";"11";"10";"2019";"08:45";"1";"35";"35238";"2";"2";"2";"3";"JUGAN (JEANNE)";"48,1156800";" -1,6486500"
"201900015664";"10";"10";"2019";"21:45";"3";"35";"35238";"1";"1";"1";"2";"ROCADE 8-9";"48,0812500";" -1,6626500"
"201900015665";"14";"10";"2019";"22:40";"5";"34";"34172";"2";"2";"2";"1";"MENDE (ROUTE DE)";"43,6268600";"3,8698300"
"201900015666";"11";"10";"2019";"16:30";"1";"34";"34172";"2";"1";"1";"6";"SOPHORAS (ALLEE DES)";"43,6008600";"3,8681400"
"201900015667";"10";"10";"2019";"10:35";"1";"34";"34172";"2";"9";"1";"2";"RECAMBALE (AVENUE DE LA)";"43,6009300";"3,8400100"
"201900015668";"11";"10";"2019";"08:30";"1";"34";"34172";"2";"3";"1";"3";"ROQUETURIERE (RUE DE LA)";"43,6305300";"3,8854900"
"201900015669";"10";"10";"2019";"08:15";"1";"34";"34172";"2";"2";"1";"3";"LODEVE (ROUTE DE)";"43,6153700";"3,8203100"
"201900015670";"9";"10";"2019";"17:00";"1";"34";"34032";"2";"1";"1";"7";"DE GAULLE GENERAL (PLACE)";"43,3448900";"3,2181400"
"201900015671";"14";"10";"2019";"15:20";"1";"33";"33063";"2";"2";"1";"6";"BEGLES (RUE DE)";"44,8152900";" -0,5653500"
"201900015672";"11";"10";"2019";"19:00";"5";"33";"33318";"2";"1";"1";"1";"ALL DES GLYCINES";"44,7927300";" -0,6282800"
"201900015673";"13";"10";"2019";"18:00";"1";"33";"33063";"2";"1";"1";"6";"CRS JULES LADOUMEGUE";"44,8979600";" -0,5712100"
"201900015674";"13";"10";"2019";"07:00";"5";"33";"33281";"2";"3";"1";"3";"ALL DES CONVIVIALES";"44,8266700";" -0,6216200"
"201900015675";"5";"10";"2019";"10:40";"1";"33";"33063";"2";"3";"1";"3";"AVE DES QUARANTE JOURNAUX";"44,8788900";" -0,5684390"
"201900015676";"10";"10";"2019";"17:08";"1";"33";"33550";"2";"2";"1";"1";"LEOGNAN (RTE DE)";"44,7706100";" -0,5781300"
"201900015677";"10";"10";"2019";"13:45";"1";"33";"33063";"2";"2";"1";"2";"BD JEAN-JACQUES BOSC";"44,8154100";" -0,5517200"
"201900015678";"10";"10";"2019";"08:00";"2";"33";"33063";"2";"3";"5";"3";"AV LABARDE / IMP NOEL";"44,8843200";" -0,5500700"
"201900015679";"9";"10";"2019";"11:45";"1";"33";"33318";"2";"2";"1";"5";"AVE PASTEUR";"44,7991900";" -0,6631800"
"201900015680";"13";"10";"2019";"16:30";"1";"33";"33529";"2";"2";"1";"1";"D218 / Av. des Hortensias";"44,6364100";" -1,2023500"
"201900015681";"12";"10";"2019";"17:30";"1";"31";"31149";"2";"1";"1";"7";"GILET (RUE)";"43,6116900";"1,3395100"
"201900015682";"13";"10";"2019";"01:40";"5";"31";"31069";"1";"1";"1";"6";"A621";"43,6306600";"1,3819900"
"201900015683";"12";"10";"2019";"20:10";"5";"31";"31555";"2";"1";"1";"3";"RUE SIMONE BOUDET";"43,6315500";"1,4625900"
"201900015684";"12";"10";"2019";"15:50";"1";"31";"31555";"2";"1";"1";"6";"RTE DE NARBONNE";"43,5715000";"1,4537700"
"201900015685";"12";"10";"2019";"12:30";"1";"31";"31555";"1";"1";"1";"2";"VA007331 A620";"43,5741800";"1,4393600"
"201900015686";"10";"10";"2019";"20:43";"3";"31";"31555";"1";"1";"1";"6";"RTE DE BLAGNAC";"43,6224800";"1,4051200"
"201900015687";"10";"10";"2019";"16:10";"1";"31";"31555";"2";"3";"1";"3";"AV DE GRANDE BRETAGNE";"43,6006000";"1,4137500"
"201900015688";"11";"10";"2019";"11:30";"1";"30";"30189";"2";"1";"1";"3";"VINCENT ELOY (RUE)";"43,8243000";"4,3436000"
"201900015689";"15";"10";"2019";"08:48";"1";"29";"29019";"2";"1";"1";"6";"KERVERN AUGUSTE";"48,4003300";" -4,4889200"
"201900015690";"8";"10";"2019";"10:34";"1";"29";"29019";"2";"2";"1";"3";"BERLIOZ HECTOR";"48,4105200";" -4,4957200"
"201900015691";"13";"10";"2019";"19:20";"2";"29";"29019";"2";"2";"1";"3";"VAUBAN (22 ET 25 A FIN ET PLACE)";"48,3857200";" -4,5011700"
"201900015692";"13";"10";"2019";"14:15";"1";"29";"29019";"2";"2";"1";"2";"ROBESPIERRE (DE 33 A 107 ET 26 A 94)";"48,4073300";" -4,4897600"
"201900015693";"12";"10";"2019";"17:45";"1";"29";"29019";"2";"6";"2";"3";"VILLENEUVE (RUE)";"48,4114000";" -4,4571200"
"201900015694";"31";"10";"2019";"17:50";"5";"26";"26362";"2";"3";"1";"6";"PAPIN RUE DENIS (304)";"44,9273800";"4,8924800"
"201900015695";"11";"10";"2019";"08:00";"1";"26";"26198";"1";"1";"1";"6";"GOURNIER (Avenue de)";"44,5327200";"4,7372200"
"201900015696";"14";"10";"2019";"17:25";"1";"25";"25056";"2";"1";"1";"3";"DIDEROT BOULEVARD";"47,2476100";"6,0367300"
"201900015697";"10";"10";"2019";"19:00";"3";"22";"22360";"2";"1";"1";"2";"SAINT-RIVILY (RUE DE)";"48,4889280";" -2,7578800"
"201900015698";"3";"9";"2019";"14:00";"1";"17";"17306";"2";"6";"1";"3";"RD 25";"45,6393300";" -1,0252500"
"201900015699";"14";"10";"2019";"13:50";"1";"17";"17300";"2";"2";"1";"1";"BRIAND   AVENUE ARISTIDE";"46,1673680";" -1,1638590"
"201900015700";"13";"10";"2019";"01:15";"5";"17";"17300";"2";"2";"2";"3";"JOFFRE   BOULEVARD (27-77 et 2-1)";"46,1579200";" -1,1423200"
"201900015701";"11";"10";"2019";"17:20";"1";"17";"17300";"2";"2";"1";"3";"REPUBLIQUE   BOULEVARD DE LA";"46,1409900";" -1,1412800"
"201900015702";"11";"10";"2019";"09:13";"1";"17";"17274";"1";"3";"1";"3";"Route de Belle Croix";"46,1671900";" -1,0923400"
"201900015703";"14";"10";"2019";"14:42";"1";"14";"14557";"1";"1";"1";"4";"C.D. 27";"49,3275700";"0,0847500"
"201900015704";"15";"10";"2019";"08:00";"2";"14";"14327";"2";"1";"1";"6";"BELLES PORTES (BOULEVARD DES)";"49,1976100";" -0,3326700"
"201900015705";"11";"10";"2019";"07:30";"2";"14";"14341";"2";"2";"1";"1";"FALAISE (ROUTE DE)";"49,1547300";" -0,3440700"
"201900015706";"14";"10";"2019";"07:50";"1";"13";"13117";"2";"1";"1";"6";"PIGNES ( CHEMIN DES )";"43,4268300";"5,2793900"
"201900015707";"20";"9";"2019";"23:30";"5";"13";"13056";"2";"1";"1";"3";"BARQUIOU CHEMIN DU";"43,3645700";"5,0837800"
"201900015708";"15";"10";"2019";"20:30";"5";"13";"13215";"2";"6";"1";"3";"1ER ARMEE F (ROND-POINT)";"43,3735300";"5,3545400"
"201900015709";"19";"4";"2019";"06:00";"2";"74";"74167";"1";"1";"1";"5";"MOULIN DE MARLENS (Marlens)";"45,7654280";"6,3570870"
"201900015710";"20";"4";"2019";"14:30";"1";"78";"78076";"1";"1";"1";"7";"D166 entrée BOISSETS";"48,8609820";"1,5927210"
"201900015711";"26";"4";"2019";"06:10";"2";"67";"67090";"1";"1";"2";"6";"RD468";"48,2838560";"7,6557520"
"201900015712";"29";"3";"2019";"20:05";"2";"67";"67369";"1";"1";"1";"7";"rue des Dahlias";"48,8615710";"7,2366130"
"201900015713";"26";"4";"2019";"23:25";"3";"76";"76488";"1";"2";"2";"1";"CD 925";"49,7842940";"0,6097860"
"201900015714";"26";"4";"2019";"10:40";"1";"76";"76594";"1";"1";"1";"1";"Route Départementale 90";"49,5106000";"1,0203000"
"201900015715";"19";"4";"2019";"17:40";"1";"76";"76067";"1";"1";"1";"1";"RN31";"49,4658740";"1,6282120"
"201900015716";"20";"4";"2019";"14:00";"1";"76";"76070";"1";"1";"1";"7";"Route d'Auffay";"49,7112450";"1,2041670"
"201900015717";"29";"4";"2019";"18:55";"2";"76";"76452";"2";"4";"1";"6";"N/A";"49,5475960";"1,0742920"
"201900015718";"23";"4";"2019";"18:05";"1";"76";"76517";"1";"2";"1";"3";"4779 route de neufchatel";"49,5350360";"1,2121250"
"201900015719";"23";"4";"2019";"10:00";"1";"76";"76177";"1";"1";"1";"2";"route de cailly";"49,5961460";"1,1982420"
"201900015720";"23";"4";"2019";"14:00";"1";"79";"79080";"1";"1";"1";"6";"RN 149";"46,6723120";" -0,2576600"
"201900015721";"23";"4";"2019";"12:26";"1";"79";"79203";"1";"2";"1";"5";"lieu-dit laire";"46,9751180";" -0,0642370"
"201900015722";"19";"4";"2019";"12:30";"1";"79";"79210";"1";"1";"1";"7";"N/A";"46,8925710";" -0,6532900"
"201900015723";"27";"4";"2019";"21:15";"3";"2B";"2B096";"1";"1";"1";"6";"RT50 - Lieu Dit Lergie";"42,2959200";"9,1790570"
"201900015724";"26";"4";"2019";"18:58";"1";"60";"60102";"1";"1";"1";"7";"Route des Ageux";"49,3068257";"2,5546217"
"201900015725";"28";"4";"2019";"06:58";"2";"80";"80144";"2";"1";"3";"7";"rue de l'église";"49,7178990";"3,0964140"
"201900015726";"26";"4";"2019";"16:40";"1";"80";"80002";"2";"1";"1";"2";"rue de cappy";"49,8394770";"2,8208060"
"201900015727";"19";"4";"2019";"15:45";"1";"80";"80680";"1";"2";"7";"3";"Croisement Route d'HERLEVILLE et RD 337";"49,8312660";"2,7238440"
"201900015728";"21";"4";"2019";"15:45";"1";"80";"80240";"2";"1";"1";"6";"RD937";"49,9222510";"2,9652160"
"201900015729";"21";"4";"2019";"16:50";"1";"80";"80742";"1";"1";"7";"3";"DÉPARTEMENTALE 216";"50,0617130";"2,0838030"
"201900015730";"18";"4";"2019";"16:15";"1";"80";"80070";"1";"1";"1";"7";"D31";"50,0773820";"2,3686750"
"201900015731";"28";"4";"2019";"09:05";"1";"80";"80340";"1";"1";"2";"2";"route départementale 315 - PK 14";"49,7470960";"1,8143220"
"201900015732";"23";"4";"2019";"13:10";"1";"80";"80485";"1";"1";"1";"6";"Départementale 8";"49,7683870";"2,1689040"
"201900015733";"20";"4";"2019";"18:10";"1";"80";"80543";"1";"2";"1";"3";"Route départementale 96";"49,9444980";"1,9267620"
"201900015734";"24";"4";"2019";"18:50";"1";"80";"80212";"2";"1";"2";"6";"rue Edouar Hautcoeur";"49,9086830";"2,5061960"