"Num_Acc";"jour";"mois";"an";"hrmn";"lum";"dep";"com";"agg";"int";"atm";"col";"adr";"lat";"long"
"201900015735";"20";"4";"2019";"14:30";"1";"80";"80036";"1";"1";"1";"1";"Route Départementale 1029 PK 54+310";"49,8696983";"2,4644136"
"201900015736";"19";"4";"2019";"15:20";"1";"82";"82134";"2";"6";"1";"3";"Rond point du cllège Fragonnard";"44,0745410";"1,5296350"
"201900015737";"18";"4";"2019";"16:17";"1";"82";"82037";"2";"1";"1";"1";"54 rue Jean Moulin";"44,1505850";"1,5320600"
"201900015738";"27";"4";"2019";"11:40";"1";"41";"41185";"1";"9";"1";"2";"Autoroute A85 point kilométrique 174+800";"47,3374500";"1,6478960"
"201900015739";"21";"4";"2019";"15:50";"1";"41";"41132";"1";"1";"7";"3";"Autoroute A85, PK 161.650";"47,3245200";"1,4782620"
"201900015740";"25";"4";"2019";"01:00";"3";"65";"65260";"2";"1";"1";"6";"Route de lalanne Trie";"43,3227007";"0,3380206"
"201900015741";"29";"4";"2019";"19:50";"2";"33";"33459";"2";"3";"7";"3";"D936 / D936E5";"44,8558900";" -0,1198600"
"201900015742";"22";"4";"2019";"17:15";"1";"33";"33514";"2";"1";"1";"1";"Route des lacs";"45,4971100";" -1,1205600"
"201900015743";"19";"4";"2019";"12:15";"1";"33";"33544";"1";"1";"1";"6";"D1215";"45,5472060";" -1,0739160"
"201900015744";"15";"4";"2019";"08:10";"1";"33";"33140";"2";"1";"1";"2";"Avenue de la Croix Blanche";"44,7778100";" -0,3562700"
"201900015745";"22";"4";"2019";"16:45";"1";"81";"81206";"1";"1";"1";"2";"Courgnac";"44,1070540";"1,7176600"
"201900015746";"21";"4";"2019";"08:00";"1";"32";"32208";"1";"1";"1";"7";"RN 21";"43,9212000";"0,6239050"
"201900015747";"26";"4";"2019";"12:10";"1";"11";"11170";"2";"1";"1";"6";"D32";"43,1097340";"3,0921010"
"201900015748";"20";"4";"2019";"14:00";"1";"11";"11418";"1";"1";"1";"7";"CD 218";"43,2350520";"2,0396210"
"201900015749";"23";"3";"2019";"14:30";"1";"11";"11268";"1";"1";"1";"5";"CD 119";"43,1542540";"1,9787890"
"201900015750";"21";"4";"2019";"13:45";"1";"71";"71205";"1";"1";"1";"6";"bas de charnay";"46,7263550";"5,3479520"
"201900015751";"24";"4";"2019";"18:11";"1";"71";"71034";"1";"2";"7";"3";"D981";"46,7289580";"4,7096060"
"201900015752";"19";"4";"2019";"12:10";"1";"71";"71374";"1";"1";"1";"6";"D981 - Lieu dit les Marguerons";"46,7398340";"4,7123100"
"201900015753";"21";"4";"2019";"08:20";"1";"71";"71190";"2";"1";"1";"6";"5 rue du 19 mars 1962 71360";"46,9899730";"4,5214800"
"201900015754";"12";"4";"2019";"22:50";"5";"89";"89051";"2";"2";"1";"3";"Route de Villeneuve Sur Yonne";"48,0968620";"3,3798060"
"201900015755";"28";"4";"2019";"14:20";"1";"89";"89255";"1";"1";"2";"1";"Route de la Cour Notre-Dame";"48,3040531";"3,2304215"
"201900015756";"25";"4";"2019";"09:50";"1";"89";"89086";"1";"1";"3";"1";"RD 943 -CHEVILLON";"47,9306550";"3,1795410"
"201900015757";"24";"4";"2019";"09:33";"1";"89";"89167";"1";"2";"2";"3";"Route d'Aillant";"47,8709172";"3,4361089"
"201900015758";"23";"4";"2019";"11:00";"1";"89";"89194";"1";"1";"1";"7";"RD 86";"47,6726412";"3,9932942"
"201900015759";"19";"4";"2019";"00:45";"3";"89";"89025";"1";"1";"1";"6";"D.606";"47,4972924";"3,9632481"
"201900015760";"29";"4";"2019";"07:50";"1";"89";"89034";"1";"1";"1";"2";"D965";"47,8233688";"3,7550503"
"201900015761";"22";"4";"2019";"10:35";"1";"63";"63283";"1";"1";"1";"6";"Rue de Niederwerth";"45,8731106";"2,6757934"
"201900015762";"26";"4";"2019";"18:20";"1";"63";"63089";"2";"1";"1";"2";"16 Route d'Entraigues";"45,8706450";"3,2227610"
"201900015763";"28";"4";"2019";"08:30";"1";"61";"61151";"2";"1";"1";"6";"Le Bourg";"48,7184210";"0,5789980"
"201900015764";"20";"4";"2019";"02:30";"3";"61";"61487";"1";"2";"1";"6";"lieu dit la rairie";"48,5315620";" -0,6540310"
"201900015765";"23";"4";"2019";"01:40";"5";"55";"55320";"2";"3";"1";"6";"D26";"49,0901770";"5,6848600"
"201900015766";"21";"4";"2019";"18:35";"1";"49";"49045";"1";"1";"1";"7";"Route des Gresardières";"47,3431384";"0,0688626"
"201900015767";"20";"4";"2019";"18:00";"1";"49";"49323";"1";"1";"1";"2";"D52";"47,5196770";" -0,4719640"
"201900015768";"20";"4";"2019";"19:15";"1";"12";"12025";"2";"7";"1";"6";"Place de l'église";"43,8166110";"2,7547210"
"201900015769";"24";"4";"2019";"10:50";"1";"12";"12120";"1";"2";"1";"3";"lieu-dit Grèzes";"44,3676890";"2,8514660"
"201900015770";"20";"4";"2019";"14:35";"1";"12";"12090";"1";"1";"1";"1";"RD 994";"44,3747260";"2,4592060"
"201900015771";"26";"4";"2019";"13:10";"1";"42";"42177";"2";"2";"8";"3";"rue du 11 novembre 1918";"46,1434490";"4,1107640"
"201900015772";"20";"4";"2019";"20:00";"1";"46";"46271";"1";"1";"1";"6";"LE CLAUX";"44,8775730";"1,8649920"
"201900015773";"28";"4";"2019";"15:15";"1";"46";"46268";"1";"1";"1";"2";"Bouziès Bas (Saint-Géry)";"44,4885430";"1,6318820"
"201900015774";"20";"4";"2019";"12:15";"1";"46";"46073";"1";"1";"1";"6";"lieu dit mas de vergne";"44,3987720";"1,6307830"
"201900015775";"29";"4";"2019";"09:45";"1";"47";"47280";"1";"1";"1";"4";"Saint-Marcel";"44,4077021";"0,8256350"
"201900015776";"24";"4";"2019";"18:24";"1";"47";"47185";"1";"1";"1";"5";"D102";"44,4638540";"0,9536240"
"201900015777";"20";"4";"2019";"13:55";"1";"47";"47185";"1";"1";"1";"3";"cd 911";"44,4878613";"0,9806731"
"201900015778";"20";"4";"2019";"16:25";"1";"47";"47312";"1";"1";"1";"6";"CD 18";"44,3909820";"0,9987500"
"201900015779";"19";"4";"2019";"04:00";"3";"41";"41073";"1";"1";"1";"1";"Les Allets";"47,8915210";"1,0474350"
"201900015780";"28";"4";"2019";"10:30";"1";"41";"41241";"1";"1";"1";"7";"la blanchardière";"47,4150130";"1,9177790"
"201900015781";"22";"4";"2019";"05:56";"3";"41";"41232";"1";"1";"1";"7";"D724";"47,4121940";"2,0385480"
"201900015782";"5";"4";"2019";"14:30";"1";"41";"41296";"1";"2";"1";"3";"la pinaudière";"47,6269590";"2,1062930"
"201900015783";"20";"4";"2019";"10:55";"1";"41";"41285";"1";"1";"1";"3";"Bellevue";"47,6005860";"1,7554520"
"201900015784";"21";"4";"2019";"07:40";"1";"29";"29189";"1";"6";"1";"7";"Boulevard Filliger";"48,3819056";" -4,3781590"
"201900015785";"23";"3";"2019";"19:55";"3";"86";"86213";"1";"1";"1";"6";"D26";"46,4269740";"0,0390370"
"201900015786";"24";"4";"2019";"15:13";"1";"34";"34250";"1";"1";"1";"1";"RD 908 - PK 10+950";"43,5393510";"2,8595640"
"201900015787";"18";"4";"2019";"15:00";"1";"34";"34187";"1";"1";"1";"6";"D908";"43,5573980";"2,9224620"
"201900015788";"27";"4";"2019";"05:00";"3";"34";"34223";"1";"2";"1";"6";"PK 12+500 - D154";"43,4518070";"3,1885320"
"201900015789";"20";"4";"2019";"04:50";"3";"68";"68361";"1";"1";"1";"6";"Rte départementale 466";"47,8039440";"6,9513590"
"201900015790";"17";"4";"2019";"16:15";"1";"68";"68042";"2";"1";"1";"7";"Rue du Moulin";"47,6038280";"7,4894920"
"201900015791";"31";"3";"2019";"16:30";"1";"68";"68168";"1";"1";"1";"6";"Rue d'Altkirch";"47,5729550";"7,3939680"
"201900015792";"19";"4";"2019";"18:50";"1";"22";"22034";"1";"1";"1";"1";"Komanant Kelven";"48,6919880";" -3,3470190"
"201900015793";"25";"4";"2019";"17:25";"1";"22";"22265";"1";"1";"8";"1";"Croas Diben";"48,7571440";" -3,3990540"
"201900015794";"21";"4";"2019";"17:20";"1";"22";"22338";"1";"1";"1";"1";"pen pont";"48,6267780";" -3,1421417"
"201900015795";"18";"4";"2019";"15:45";"1";"22";"22232";"1";"2";"1";"3";"La Ville Quinio";"48,6441030";" -2,8772020"
"201900015796";"20";"4";"2019";"21:05";"5";"39";"39470";"2";"1";"1";"3";"1405 Route Blanche";"46,4773570";"6,0648680"
"201900015797";"22";"4";"2019";"05:30";"3";"39";"39476";"1";"1";"1";"6";"N/A";"47,0085760";"5,3638310"
"201900015798";"29";"4";"2019";"07:55";"1";"25";"25036";"2";"3";"1";"6";"4 grande rue";"47,2013040";"5,9635770"
"201900015799";"25";"4";"2019";"19:25";"1";"25";"25418";"1";"1";"2";"3";"Rd464 PR 7+300";"47,2435840";"6,1623580"
"201900015800";"26";"4";"2019";"16:30";"1";"44";"44188";"1";"1";"1";"3";"15 le verger";"47,0250930";" -1,6411150"
"201900015801";"25";"4";"2019";"22:15";"3";"44";"44169";"1";"1";"2";"2";"RD 37";"47,2526010";" -1,3766420"
"201900015802";"19";"4";"2019";"11:35";"1";"44";"44131";"2";"9";"1";"3";"Zone Commerciales des Gentelleries";"47,1117690";" -2,0720760"
"201900015803";"19";"4";"2019";"14:05";"1";"44";"44056";"1";"3";"1";"3";"La Ridelais";"47,4164630";" -1,8266320"
"201900015804";"29";"3";"2019";"02:23";"3";"35";"35137";"1";"1";"1";"6";"Les Quatre Vents";"48,3152170";" -1,1739520"
"201900015805";"18";"4";"2019";"17:40";"1";"29";"29293";"2";"9";"1";"6";"Route de Pont Aven";"47,8550470";" -3,8509900"
"201900015806";"19";"4";"2019";"17:00";"1";"29";"29027";"2";"1";"1";"6";"53 Rue du Général de Gaulle";"48,1900120";" -3,8187460"
"201900015807";"22";"4";"2019";"11:30";"1";"29";"29089";"1";"1";"1";"1";"Kerjezequel";"48,2641050";" -3,6101770"
"201900015808";"26";"4";"2019";"11:50";"1";"29";"29119";"1";"1";"1";"4";"Camp de Lanrenap";"48,4554762";" -4,6262875"
"201900015809";"19";"4";"2019";"11:50";"1";"29";"29178";"1";"3";"1";"5";"Avenue de Portsall";"48,5465210";" -4,6850940"
"201900015810";"21";"4";"2019";"06:25";"2";"29";"29075";"1";"1";"1";"6";"lieu dit le relais D712";"48,4355000";" -4,3720000"
"201900015811";"19";"4";"2019";"13:30";"1";"29";"29061";"1";"1";"1";"6";"E. Leclerc porte de Gouesnou";"48,4291790";" -4,4699450"
"201900015812";"28";"4";"2019";"01:50";"3";"31";"31007";"1";"1";"1";"6";"La Plane";"43,3655840";"0,9411560"
"201900015813";"27";"4";"2019";"01:00";"3";"31";"31033";"2";"1";"1";"7";"89 Route de Capens";"43,3475400";"1,4509070"
"201900015814";"31";"3";"2019";"16:15";"1";"38";"38195";"2";"2";"1";"3";"RD 1532";"45,1484490";"5,3761370"
"201900015815";"22";"4";"2019";"17:00";"1";"38";"38075";"1";"1";"1";"1";"RD 1090";"45,4691520";"5,9912010"
"201900015816";"20";"4";"2019";"10:37";"1";"38";"38511";"1";"2";"7";"5";"Rue du Charmillon";"45,3572410";"5,9471600"
"201900015817";"20";"4";"2019";"18:50";"1";"38";"38397";"2";"3";"1";"2";"chemin du pré diot";"45,2380599";"5,8324900"
"201900015818";"12";"4";"2019";"11:30";"1";"38";"38229";"2";"1";"1";"6";"rue des aiguniards";"45,2083810";"5,7786950"
"201900015819";"28";"4";"2019";"22:00";"5";"38";"38063";"1";"1";"1";"6";"Route de Bramafan";"45,4213200";"5,4513100"
"201900015820";"19";"4";"2019";"23:00";"3";"2";"02648";"2";"1";"1";"6";"Rue du Général Saint-Hilaire";"49,7926960";"3,4535460"
"201900015821";"25";"4";"2019";"22:35";"3";"2";"02358";"1";"2";"1";"3";"D960";"49,9421650";"3,5180200"
"201900015822";"21";"4";"2019";"00:40";"5";"2";"02694";"2";"1";"1";"6";"13 Rue de Clastres";"49,7441960";"3,1905280"
"201900015823";"22";"4";"2019";"04:25";"5";"2";"02114";"2";"1";"1";"7";"72AB avenue de chateau-thierry";"49,0449020";"3,4194070"
"201900015824";"20";"4";"2019";"09:50";"1";"2";"02150";"1";"1";"1";"3";"D 967";"49,4560970";"3,6708590"
"201900015825";"20";"4";"2019";"18:00";"1";"2";"02680";"1";"2";"1";"3";"D7";"49,5823610";"3,4103410"
"201900015826";"24";"4";"2019";"07:25";"1";"2";"02294";"1";"6";"1";"3";"D65";"49,5101190";"3,5716620"
"201900015827";"19";"4";"2019";"00:50";"3";"3";"03240";"1";"1";"1";"6";"Les Quatre Vents";"46,4056643";"3,6805406"
"201900015828";"23";"4";"2019";"20:17";"1";"3";"03118";"1";"1";"2";"7";"route de Saint-Priest";"46,0812126";"3,1781084"
"201900015829";"21";"4";"2019";"15:05";"1";"3";"03082";"2";"1";"1";"3";"65 avenue des Rémorets";"46,2753719";"2,7378053"
"201900015830";"26";"4";"2019";"18:15";"1";"3";"03193";"1";"1";"3";"6";"Le Bouet";"46,4827343";"2,6173263"
"201900015831";"22";"4";"2019";"16:40";"1";"3";"03048";"2";"1";"1";"7";"rue de la Croix Verte";"46,6215581";"2,8206823"
"201900015832";"20";"4";"2019";"16:08";"1";"3";"03158";"1";"1";"1";"7";"N/A";"46,4983482";"2,7129063"
"201900015833";"22";"4";"2019";"09:00";"1";"3";"03155";"2";"1";"1";"6";"41 faubourg des Porcelainiers";"46,7219211";"2,9358923"
"201900015834";"26";"4";"2019";"06:50";"2";"15";"15104";"1";"1";"2";"7";"Le Pont d'Amont";"44,7566350";"2,2754290"
"201900015835";"19";"4";"2019";"16:45";"1";"1";"01056";"1";"1";"1";"6";"RD 12";"46,0335160";"5,4446190"
"201900015836";"18";"4";"2019";"16:32";"1";"1";"01179";"2";"9";"1";"3";"Route de Saint-Laurent";"46,2665340";"4,8369120"
"201900015837";"23";"4";"2019";"07:55";"1";"1";"01163";"1";"1";"1";"7";"Route de Saint-Amour";"46,3913770";"5,2039060"
"201900015838";"27";"4";"2019";"15:30";"1";"1";"01457";"1";"1";"2";"7";"Route de Namary";"46,2093300";"5,0129320"
"201900015839";"26";"4";"2019";"14:30";"1";"1";"01408";"1";"1";"1";"7";"Route de Grand Corent";"46,2249810";"5,4201680"
"201900015840";"19";"4";"2019";"10:48";"1";"85";"85017";"1";"1";"1";"7";"6A 87 PK 077+600";"46,8975300";" -1,0693000"
"201900015841";"29";"4";"2019";"01:25";"3";"70";"70245";"1";"1";"1";"6";"route départementale 83";"47,9062650";"6,4519950"
"201900015842";"22";"4";"2019";"03:15";"3";"70";"70021";"1";"1";"1";"7";"Rue de la Forêt";"47,6558470";"6,5984230"
"201900015843";"21";"4";"2019";"16:50";"1";"70";"70092";"2";"2";"1";"3";"D21";"47,2608040";"5,6397720"
"201900015844";"28";"4";"2019";"00:10";"3";"70";"70566";"1";"2";"1";"6";"croisement D6/D434";"47,7251410";"6,1042080"
"201900015845";"21";"4";"2019";"19:30";"1";"70";"70427";"2";"2";"1";"1";"Rue du Vaux";"47,7492040";"5,9990410"
"201900015846";"24";"3";"2019";"03:15";"3";"26";"26229";"1";"1";"1";"1";"Route de Buis";"44,2458410";"5,2302350"
"201900015847";"17";"4";"2019";"17:15";"1";"26";"26272";"1";"1";"1";"1";"RD4";"44,4931810";"4,8752170"
"201900015848";"20";"4";"2019";"11:00";"1";"26";"26056";"1";"1";"1";"7";"route de NYONS RD 70";"44,5715740";"5,1573850"
"201900015849";"29";"4";"2019";"09:25";"1";"58";"58278";"1";"1";"1";"6";"lieu dit la bonne femme";"46,9635790";"3,1815160"
"201900015850";"20";"4";"2019";"13:00";"1";"58";"58046";"2";"1";"1";"6";"16 Quai Antoine Lacharme";"46,8681030";"3,6440850"
"201900015851";"18";"4";"2019";"16:20";"1";"66";"66071";"2";"1";"1";"6";"Avenue du Docteur Cartade";"42,7714940";"2,6953840"
"201900015852";"20";"4";"2019";"19:30";"1";"66";"66193";"2";"1";"1";"6";"nationale 116";"42,5681840";"2,3218020"
"201900015853";"21";"4";"2019";"17:40";"1";"66";"66053";"1";"1";"1";"7";"VC";"42,5265430";"3,0587340"
"201900015854";"24";"4";"2019";"16:34";"1";"66";"66206";"1";"1";"1";"6";"D115";"42,4100181";"2,5131344"
"201900015855";"28";"4";"2019";"02:45";"3";"54";"54316";"1";"1";"1";"6";"RD958";"48,8890800";"5,9323750"
"201900015856";"22";"3";"2019";"17:15";"1";"54";"54523";"1";"1";"1";"1";"Route départementale 974";"48,5724690";"5,9610210"
"201900015857";"27";"4";"2019";"16:25";"1";"54";"54059";"1";"2";"1";"3";"Rue de Nomeny";"48,8395900";"6,1640750"
"201900015858";"19";"4";"2019";"10:15";"1";"72";"72312";"1";"1";"1";"7";"La Galopinière";"47,9554930";" -0,1223730"
"201900015859";"26";"4";"2019";"19:45";"2";"72";"72161";"1";"1";"2";"7";"le haut du tertre";"47,7570460";"0,5812470"
"201900015860";"29";"4";"2019";"12:30";"1";"6";"06127";"2";"3";"1";"3";"M2565";"44,0685019";"7,2552587"
"201900015861";"30";"4";"2019";"15:22";"1";"6";"06032";"2";"1";"1";"2";"Avenue Prince Rainier III de Monaco";"43,7259820";"7,3962850"
"201900015862";"26";"4";"2019";"12:35";"1";"6";"06059";"2";"1";"1";"6";"24 avenue de la liberté";"43,7270400";"7,3600590"
"201900015863";"27";"4";"2019";"13:45";"1";"6";"06062";"1";"1";"1";"7";"RD6204 PK 019+850";"44,0026961";"7,5536370"
"201900015864";"23";"4";"2019";"16:08";"1";"6";"06038";"2";"1";"3";"2";"383 - 303 RD2085";"43,6742650";"6,9736800"
"201900015865";"8";"3";"2019";"06:35";"2";"6";"06049";"1";"1";"1";"7";"route des gorges";"43,7423720";"7,0082380"
"201900015866";"20";"4";"2019";"23:05";"5";"6";"06007";"1";"1";"1";"7";"1219 Route de Grasse";"43,6171090";"6,9215790"
"201900015867";"28";"4";"2019";"08:27";"1";"14";"14277";"2";"2";"1";"3";"rue des castors";"49,0881110";" -0,3482590"
"201900015868";"26";"4";"2019";"19:40";"2";"14";"14287";"1";"6";"1";"3";"RD613";"49,1361109";" -0,2312980"
"201900015869";"21";"4";"2019";"18:40";"1";"14";"14016";"2";"6";"1";"3";"rond point - rd675- rd 45";"49,2551960";"0,0555540"
"201900015870";"22";"4";"2019";"10:15";"1";"14";"14563";"1";"1";"1";"7";"Route départementae 140";"49,3334220";"0,2661480"
"201900015871";"27";"4";"2019";"09:35";"1";"14";"14716";"1";"3";"1";"3";"Route départementale 67 - Lieu-dit l'Espagne";"49,1913050";" -0,7214620"
"201900015872";"25";"4";"2019";"16:50";"1";"14";"14298";"1";"1";"2";"1";"D199A";"49,3718480";" -1,0806540"
"201900015873";"25";"4";"2019";"09:51";"1";"14";"14004";"2";"1";"7";"3";"RD613";"49,3355160";" -0,9160400"
"201900015874";"17";"4";"2019";"10:50";"1";"14";"14342";"2";"1";"1";"6";"Place de l'hotel de ville";"49,3197180";" -1,1016500"
"201900015875";"19";"4";"2019";"04:00";"3";"14";"14256";"2";"1";"1";"6";"Lieu-dit la ville";"49,3216070";" -0,7982830"
"201900015876";"19";"4";"2019";"20:15";"1";"14";"14543";"2";"1";"1";"5";"route de caen";"49,2004400";" -0,4802670"
"201900015877";"28";"4";"2019";"05:15";"3";"5";"05156";"1";"9";"1";"7";"route de la madeleine";"44,5474480";"6,4996950"
"201900015878";"26";"4";"2019";"12:14";"1";"5";"05046";"2";"2";"1";"7";"avenue général Nicolas";"44,5663650";"6,4951520"
"201900015879";"22";"4";"2019";"17:45";"1";"5";"05179";"2";"1";"8";"3";"1760 Route de Gap";"44,5400610";"5,8400160"
"201900015880";"20";"4";"2019";"09:50";"1";"50";"50549";"1";"1";"1";"5";"La Besnastrerie";"48,8433610";" -1,4196220"
"201900015881";"20";"4";"2019";"14:10";"1";"50";"50484";"1";"1";"1";"3";"La Beduaudière";"48,5359720";" -1,1711100"
"201900015882";"20";"4";"2019";"15:45";"1";"50";"50582";"1";"1";"1";"1";"Le Moulin Foulon";"48,7174030";" -0,9117280"
"201900015883";"20";"4";"2019";"16:20";"1";"90";"90065";"1";"1";"1";"6";"rd465";"47,7982870";"6,8393930"
"201900015884";"18";"4";"2019";"15:15";"1";"90";"90065";"1";"1";"1";"6";"Pk 11+200";"47,7604090";"6,8137150"
"201900015885";"27";"4";"2019";"05:00";"3";"90";"90023";"1";"1";"3";"1";"d465";"47,6996590";"6,8349720"
"201900015886";"28";"4";"2019";"09:40";"1";"83";"83040";"1";"1";"1";"1";"N/A";"43,7892150";"6,6351580"
"201900015887";"23";"3";"2019";"15:45";"1";"83";"83139";"1";"1";"1";"1";"N/A";"43,5942490";"6,2912340"
"201900015888";"28";"4";"2019";"11:20";"1";"83";"83025";"1";"1";"1";"7";"D 560";"43,5243850";"5,9787880"
"201900015889";"28";"4";"2019";"05:35";"3";"9";"09268";"1";"1";"8";"7";"Rue du Mauberme";"42,9950620";"1,1406210"
"201900015890";"18";"4";"2019";"17:55";"1";"60";"60509";"2";"2";"1";"3";"N/A";"49,3042166";"2,6043410"
"201900015891";"20";"3";"2019";"12:20";"1";"60";"60441";"1";"1";"1";"5";"RN 31 entre PK69 et PK 70";"49,4037500";"2,6317040"
"201900015892";"21";"4";"2019";"20:00";"2";"60";"60328";"1";"4";"1";"3";"D149 X D11";"49,5289147";"2,0998824"
"201900015893";"23";"4";"2019";"08:10";"1";"60";"60155";"2";"9";"1";"3";"Rue du Château";"49,2589490";"2,3325410"
"201900015894";"26";"4";"2019";"18:00";"1";"60";"60405";"1";"1";"8";"7";"route communale du tour de ville";"49,6679570";"1,8165470"
"201900015895";"28";"4";"2019";"11:10";"1";"60";"60477";"2";"1";"2";"6";"1042 route de la vallée";"49,4202730";"1,9132160"
"201900015896";"22";"4";"2019";"12:45";"1";"45";"45097";"1";"2";"1";"3";"rd35 - Rte de Montcorbon";"48,0011294";"2,9696855"
"201900015897";"5";"8";"2019";"20:55";"2";"75";"75110";"2";"2";"1";"3";"QUAI DE VALMY";"48,8728857";"2,3637204"
"201900015898";"5";"8";"2019";"11:15";"1";"75";"75110";"2";"3";"1";"2";"RUE DE LANCRY";"48,8725499";"2,3632908"
"201900015899";"6";"8";"2019";"12:10";"1";"75";"75103";"2";"9";"1";"2";"RUE DES ARCHIVES";"48,8618457";"2,3589218"
"201900015900";"3";"8";"2019";"21:30";"1";"75";"75108";"2";"1";"1";"6";"AVENUE WINSTON CHURCHILL";"48,8665584";"2,3138890"
"201900015901";"1";"8";"2019";"16:35";"1";"75";"75104";"2";"2";"1";"2";"BOULEVARD HENRI IV";"48,8522040";"2,3659620"
"201900015902";"5";"8";"2019";"18:40";"1";"94";"94081";"2";"1";"1";"6";"MARRONNIER (ALL DU)";"48,7860000";"2,3880000"
"201900015903";"5";"8";"2019";"01:55";"5";"94";"94081";"2";"2";"1";"3";"ROUGET DE L ISLE (AV)";"48,7828000";"2,3940900"
"201900015904";"6";"8";"2019";"18:00";"1";"94";"94074";"2";"6";"1";"3";"ETIENNE DOLET (R)";"48,7453400";"2,4639200"
"201900015905";"5";"8";"2019";"08:47";"1";"94";"94078";"2";"9";"1";"6";"HUIT MAI 1945 (AV DU)";"48,7278300";"2,4456100"
"201900015906";"3";"8";"2019";"16:25";"1";"94";"94046";"2";"2";"1";"3";"GEORGES MEDERIC (R)";"48,7998004";"2,4375690"
"201900015907";"5";"8";"2019";"15:30";"1";"94";"94016";"2";"1";"1";"6";"DIVISION LECLERC (AV DE LA)";"48,7893800";"2,3313900"
"201900015908";"4";"8";"2019";"15:35";"1";"94";"94038";"2";"1";"1";"7";"CHALAIS (R DE)";"48,7732500";"2,3309800"
"201900015909";"5";"8";"2019";"21:10";"5";"94";"94011";"2";"1";"1";"2";"BOISSY.(AVENUE DE)";"48,7639600";"2,4930900"
"201900015910";"4";"8";"2019";"02:35";"5";"94";"94022";"2";"2";"1";"2";"RONDU (AV)";"48,7584500";"2,4130500"
"201900015911";"5";"8";"2019";"18:20";"1";"94";"94079";"2";"1";"1";"2";"MONTRICHARD (AV)";"48,8305700";"2,5488900"
"201900015912";"6";"8";"2019";"18:40";"1";"94";"94044";"2";"1";"8";"4";"GENERAL LECLERC (AV DU)";"48,7456100";"2,5110100"
"201900015913";"5";"8";"2019";"19:00";"1";"94";"94071";"2";"3";"1";"3";"ARAGO (R)";"48,7756800";"2,5111500"
"201900015914";"6";"8";"2019";"02:50";"5";"94";"94078";"2";"3";"1";"6";"ANATOLE FRANCE PROLONGEE (AV)";"48,7467900";"2,4527900"
"201900015915";"5";"8";"2019";"09:50";"1";"94";"94002";"2";"3";"1";"3";"EMILE ZOLA (R)";"48,7997400";"2,4261700"
"201900015916";"6";"8";"2019";"18:20";"1";"93";"93066";"2";"1";"2";"1";"LENINE (AVENUE) NR 2 A 26";"48,9403300";"2,3678200"
"201900015917";"5";"8";"2019";"21:00";"1";"93";"93066";"2";"1";"1";"6";"""SEMBAT MARCEL (BD), NR 2 A 66 ET 1 A 47";"48,9319650";"2,3531910"
"201900015918";"6";"8";"2019";"11:20";"1";"93";"93066";"2";"9";"8";"2";"LENINE (AVENUE) NR 2 A 26";"48,9452000";"2,3602000"
"201900015919";"5";"8";"2019";"16:30";"1";"93";"93066";"2";"1";"1";"2";"""STALINGRAD (AVENUE), NR 88 A 114 BIS""";"48,9465300";"2,3705700"
"201900015920";"5";"8";"2019";"18:00";"1";"93";"93051";"2";"2";"1";"1";"FEDERICO GARCIA LORCA (MAIL)";"48,8388200";"2,5569100"
"201900015921";"6";"8";"2019";"16:15";"1";"93";"93048";"2";"5";"3";"3";"RIGONDES (RUE DES)";"48,8708400";"2,4308900"
"201900015922";"5";"8";"2019";"21:50";"5";"93";"93006";"2";"1";"1";"3";"CARNOT RUE SADI";"48,8721470";"2,4214800"
"201900015923";"4";"8";"2019";"22:00";"5";"93";"93006";"2";"3";"1";"3";"STALINGRAD AV.";"48,8710586";"2,4311661"
"201900015924";"4";"8";"2019";"17:30";"1";"93";"93031";"2";"2";"1";"3";"REPUBLIQUE (AVENUE)";"48,9500800";"2,3284600"
"201900015925";"6";"8";"2019";"11:35";"1";"93";"93029";"2";"1";"1";"6";"ARTHUR FONTAINE";"48,9197100";"2,4558000"
"201900015926";"6";"8";"2019";"10:30";"1";"93";"93008";"2";"1";"1";"1";"JAURES (AVENUE JEAN)";"48,9021000";"2,4405300"
"201900015927";"5";"8";"2019";"20:00";"1";"93";"93008";"2";"1";"1";"3";"ELUARD (AVENUE PAUL)";"48,9077712";"2,4443634"
"201900015928";"5";"8";"2019";"19:50";"1";"93";"93007";"2";"2";"1";"1";"""DESCARTES (AVENUE """"DU 43AU 180"""")Z2""";"48,9413400";"2,4643600"
"201900015929";"3";"8";"2019";"23:40";"5";"93";"93007";"2";"4";"1";"3";"PASTEUR (AVENUE)";"48,9404000";"2,4704900"
"201900015930";"4";"8";"2019";"12:55";"1";"92";"92046";"2";"2";"1";"3";"GABRIEL PERI";"48,8195570";"2,3061392"