"Num_Acc";"jour";"mois";"an";"hrmn";"lum";"dep";"com";"agg";"int";"atm";"col";"adr";"lat";"long"
"201900015931";"4";"8";"2019";"17:00";"1";"92";"92077";"2";"1";"1";"6";"SEVRES (RUE DE)";"48,8263000";"2,1926700"
"201900015932";"6";"8";"2019";"11:05";"1";"92";"92062";"2";"3";"1";"1";"LAFARGUES (RUE PAUL)";"48,8854000";"2,2473000"
"201900015933";"4";"8";"2019";"17:15";"1";"92";"92062";"2";"1";"1";"6";"POUEY (RUE LOUIS) N° 1 A 9";"48,8885700";"2,2359700"
"201900015934";"5";"8";"2019";"15:10";"1";"92";"92044";"2";"3";"1";"3";"MARJOLIN (RUE) 1A13 ET 2A20";"48,8963700";"2,2914900"
"201900015935";"4";"8";"2019";"09:05";"1";"92";"92035";"2";"3";"1";"3";"République ( boulevard de la )";"48,9069363";"2,2440309"
"201900015936";"6";"8";"2019";"09:05";"1";"92";"92026";"2";"2";"1";"1";"COLOMBES";"48,8967700";"2,2564100"
"201900015937";"2";"8";"2019";"23:44";"3";"22";"22197";"1";"1";"1";"2";"RN 137, PK 99 + 400";"48,5208470";" -1,9150050"
"201900015938";"2";"8";"2019";"14:00";"1";"63";"63307";"2";"1";"1";"3";"RD2089";"45,7419220";"3,1062310"
"201900015939";"4";"8";"2019";"10:10";"1";"37";"37116";"1";"1";"1";"3";"RD 47";"47,6736720";"0,7612990"
"201900015940";"3";"8";"2019";"16:25";"1";"47";"47044";"1";"1";"1";"6";"Lasto Ounos";"44,6734500";"0,5793660"
"201900015941";"4";"8";"2019";"17:10";"1";"62";"62550";"2";"6";"1";"3";"Rd 349";"50,3714410";"2,0292140"
"201900015942";"7";"8";"2019";"14:15";"1";"2A";"2A272";"2";"3";"1";"3";"T40";"41,6720840";"8,9095270"
"201900015943";"6";"8";"2019";"07:55";"1";"2A";"2A272";"1";"3";"1";"6";"D268";"41,6428100";"8,9574200"
"201900015944";"12";"7";"2019";"22:45";"5";"26";"26174";"2";"1";"1";"6";"D538";"45,1460500";"5,0347330"
"201900015945";"20";"7";"2019";"19:30";"1";"24";"24309";"2";"2";"1";"1";"Avenue de Bordeaux";"45,0936920";"0,4727240"
"201900015946";"3";"8";"2019";"18:45";"1";"38";"38336";"2";"3";"1";"3";"N 7";"45,4893300";"4,8287600"
"201900015947";"5";"8";"2019";"10:15";"1";"6";"06114";"1";"2";"1";"3";"Route de Levens";"43,7487643";"7,2855004"
"201900015948";"5";"8";"2019";"09:25";"1";"74";"74268";"1";"1";"1";"2";"A 41 PR 127+340";"45,8886036";"6,0839036"
"201900015949";"4";"8";"2019";"18:45";"1";"22";"22182";"2";"1";"1";"7";"RUE DU CHEMIN VERT";"48,5517148";" -2,9492439"
"201900015950";"3";"8";"2019";"16:20";"1";"41";"41031";"2";"1";"1";"1";"D77 - Ornay";"47,5191830";"1,3631980"
"201900015951";"4";"8";"2019";"18:25";"1";"45";"45334";"1";"1";"1";"7";"RD 88, pk 09+610";"47,8734311";"2,4385414"
"201900015952";"5";"8";"2019";"06:05";"3";"33";"33221";"1";"1";"1";"2";"La Noëlle";"44,5642200";"0,0434410"
"201900015953";"1";"8";"2019";"12:00";"1";"34";"34115";"1";"1";"1";"1";"D25";"43,9325500";"3,6684030"
"201900015954";"4";"8";"2019";"21:30";"2";"18";"18243";"1";"1";"1";"6";"D926";"47,4996380";"2,7601720"
"201900015955";"3";"8";"2019";"19:40";"1";"84";"84069";"2";"1";"1";"6";"Cours des Isnards";"44,1744670";"5,1327560"
"201900015956";"2";"8";"2019";"17:30";"1";"31";"31113";"2";"3";"1";"3";"Impasse des Genêts";"43,5185810";"1,5071050"
"201900015957";"5";"8";"2019";"04:13";"3";"28";"28269";"1";"1";"1";"2";"Autoroute A11 PK 62+500 sens Province/PARIS";"48,3977740";"1,4971910"
"201900015958";"5";"8";"2019";"16:20";"1";"974";"97422";"1";"1";"1";"6";"244 Rue des Flamboyants";" -21,2740920";"55,4975240"
"201900015959";"7";"8";"2019";"16:30";"1";"974";"97412";"1";"1";"1";"3";"178 Rue Marcel Pagnol";" -21,3711680";"55,6734370"
"201900015960";"4";"8";"2019";"02:45";"4";"972";"97212";"1";"1";"1";"7";"D1";"14,7010420";" -60,9838440"
"201900015961";"7";"8";"2019";"05:05";"2";"972";"97207";"1";"1";"2";"6";"ROUTE DEPARTEMENTALE 5";"14,5709930";" -60,9602400"
"201900015962";"4";"8";"2019";"18:10";"1";"62";"62662";"1";"1";"1";"1";"route de garvelines";"50,8399430";"2,0830950"
"201900015963";"5";"8";"2019";"19:05";"1";"1";"01446";"2";"2";"2";"3";"100 Route de Villefranche";"46,0210130";"4,8362190"
"201900015964";"4";"8";"2019";"10:40";"1";"1";"01353";"2";"3";"1";"1";"545 Rue du Marry";"45,9674540";"4,8033593"
"201900015965";"6";"8";"2019";"21:06";"5";"68";"68300";"2";"1";"3";"3";"Avenue du Général de Gaulle";"47,7759350";"7,3792030"
"201900015966";"27";"7";"2019";"14:20";"1";"21";"21128";"1";"1";"2";"6";"A6";"47,2789630";"4,5100970"
"201900015967";"4";"8";"2019";"18:15";"1";"83";"83100";"1";"1";"1";"3";"La Basse Ruol RN97";"43,2629200";"6,1114370"
"201900015968";"7";"8";"2019";"13:44";"1";"1";"01354";"1";"1";"8";"3";"D35A PR000+25";"46,2527910";"6,0441820"
"201900015969";"5";"8";"2019";"11:20";"1";"1";"01354";"1";"1";"1";"7";"d884";"46,2391880";"6,0325870"
"201900015970";"5";"8";"2019";"18:45";"1";"72";"72008";"2";"1";"1";"3";"Boulevard Pierre Lefaucheux";"47,9403590";"0,1847830"
"201900015971";"2";"8";"2019";"08:45";"1";"44";"44076";"1";"1";"1";"1";"rd29";"47,6323760";" -1,6020550"
"201900015972";"7";"8";"2019";"06:15";"2";"15";"15207";"1";"1";"3";"7";"A 75, PK 77, sens Nord/Sud";"45,1746080";"3,1685260"
"201900015973";"7";"8";"2019";"15:35";"1";"71";"71462";"1";"3";"1";"5";"D673 - PR 16+400";"46,8543100";"5,0247990"
"201900015974";"20";"7";"2019";"18:56";"1";"87";"87001";"2";"1";"1";"1";"Saint-Gerald";"45,7957390";"1,1357740"
"201900015975";"5";"8";"2019";"12:05";"1";"77";"77240";"1";"3";"1";"3";"D934 X D66B";"48,7849428";"3,2719572"
"201900015976";"5";"8";"2019";"16:00";"1";"40";"40246";"1";"1";"1";"6";"route de commensacq";"44,1474410";" -0,7402080"
"201900015977";"2";"8";"2019";"03:15";"3";"40";"40156";"1";"1";"1";"7";"RD10E";"44,3090520";" -0,8740050"
"201900015978";"4";"8";"2019";"17:20";"1";"57";"57001";"1";"1";"1";"6";"ROUTE D'ABONCURT - D918";"49,2636576";"6,3460475"
"201900015979";"3";"8";"2019";"17:37";"1";"57";"57541";"1";"1";"1";"1";"D662";"48,9971850";"7,5087230"
"201900015980";"3";"8";"2019";"18:50";"1";"57";"57028";"1";"6";"1";"7";"Rue de Chailly Rugy";"49,2097630";"6,2103380"
"201900015981";"6";"8";"2019";"16:11";"1";"4";"04205";"1";"1";"1";"3";"RD 900 Chantemerle";"44,3340210";"6,3886950"
"201900015982";"1";"8";"2019";"11:40";"1";"89";"89411";"2";"4";"1";"2";"rue la grève";"48,1657480";"3,4195030"
"201900015983";"4";"8";"2019";"08:00";"1";"56";"56035";"1";"1";"1";"1";"Le Gueffro RD 8";"47,8437140";" -2,3239580"
"201900015984";"6";"8";"2019";"09:20";"1";"56";"56034";"1";"1";"2";"1";"Route de Pen Er Lann";"47,5974290";" -3,0841620"
"201900015985";"7";"8";"2019";"08:00";"1";"74";"74267";"2";"1";"2";"3";"RD 1508 en face du 295 Route de Piron (Sévrier)";"45,8434770";"6,1511630"
"201900015986";"6";"8";"2019";"10:35";"1";"67";"67281";"1";"3";"1";"3";"Intersection CD10 et CD20";"48,1471690";"7,5787640"
"201900015987";"6";"8";"2019";"19:00";"1";"76";"76493";"1";"3";"1";"7";"Route départementale 79 76460 PALUEL";"49,8506950";"0,6455770"
"201900015988";"6";"8";"2019";"09:50";"1";"76";"76752";"2";"1";"1";"6";"Rue Jacques Ferny";"49,6683930";"0,8976150"
"201900015989";"24";"7";"2019";"19:41";"1";"76";"76531";"1";"2";"1";"3";"Route des Forrières";"49,6710540";"0,7184480"
"201900015990";"5";"8";"2019";"19:45";"1";"79";"79003";"2";"3";"1";"3";"Route de Niort";"46,2985100";" -0,4273910"
"201900015991";"4";"8";"2019";"11:50";"1";"79";"79059";"1";"2";"1";"7";"N/A";"46,5479380";" -0,6018200"
"201900015992";"7";"8";"2019";"15:40";"1";"60";"60036";"1";"3";"1";"1";"route de picardie, D75";"49,3904495";"2,5781367"
"201900015993";"5";"8";"2019";"13:15";"1";"80";"80801";"1";"1";"1";"1";"RD 1029";"49,8757820";"2,8701560"
"201900015994";"5";"8";"2019";"13:40";"1";"82";"82094";"1";"1";"1";"7";"Tayssou";"44,2363850";"1,1418220"
"201900015995";"16";"6";"2019";"17:10";"1";"65";"65032";"1";"1";"1";"5";"D918";"42,9613080";" -0,2459580"
"201900015996";"3";"8";"2019";"18:00";"1";"33";"33236";"2";"1";"1";"1";"9 Avenue du Couchant";"44,7233900";" -1,2053300"
"201900015997";"10";"7";"2019";"17:00";"1";"32";"32115";"1";"1";"1";"6";"La Parisienne";"43,7712620";"0,1290830"
"201900015998";"7";"8";"2019";"14:35";"1";"71";"71221";"1";"1";"1";"1";"La Maison DiEU";"46,7638090";"4,7381610"
"201900015999";"3";"8";"2019";"06:30";"1";"71";"71591";"1";"1";"1";"6";"Route départementale 933 a";"46,4487120";"4,8899580"
"201900016000";"5";"8";"2019";"21:10";"5";"89";"89198";"2";"1";"1";"6";"23 Rue de l'Île Chamond";"47,8622680";"3,5590190"
"201900016001";"5";"8";"2019";"18:25";"1";"63";"63418";"1";"1";"7";"3";"D223";"45,7774310";"3,4921380"
"201900016002";"6";"8";"2019";"00:15";"3";"63";"63391";"1";"1";"1";"7";"RD2144";"46,1029960";"2,9388720"
"201900016003";"6";"8";"2019";"14:45";"1";"61";"61418";"1";"2";"2";"3";"Rue de Reno";"48,5126740";"0,6439670"
"201900016004";"6";"8";"2019";"19:00";"1";"55";"55063";"2";"1";"1";"7";"28 Rue Fernand Legay";"49,2939360";"5,7381690"
"201900016005";"4";"8";"2019";"01:00";"3";"49";"49221";"1";"2";"1";"3";"L'Oisellerie";"47,4564350";"0,0160070"
"201900016006";"2";"8";"2019";"21:00";"2";"49";"49069";"2";"2";"1";"3";"Rue d'Anjou";"47,3449900";" -1,1577640"
"201900016007";"4";"8";"2019";"00:30";"3";"49";"49029";"1";"1";"1";"7";"Les Châtaigniers (Blaison-Gohier)";"47,3960640";" -0,3803300"
"201900016008";"2";"8";"2019";"19:00";"1";"42";"42081";"1";"8";"1";"1";"route de bellegarde";"45,6200410";"4,2695080"
"201900016009";"7";"8";"2019";"09:00";"1";"46";"46144";"1";"1";"8";"6";"D23";"44,8436940";"1,5572330"
"201900016010";"3";"8";"2019";"17:10";"1";"46";"46145";"1";"1";"1";"6";"Peyrefiche Nord";"44,9388100";"1,4978570"
"201900016011";"7";"8";"2019";"17:10";"1";"41";"41092";"1";"9";"7";"6";"DÉPARTEMENTALE D7";"47,4470550";"1,3424480"
"201900016012";"7";"8";"2019";"16:45";"1";"34";"34101";"1";"1";"1";"6";"D28";"43,3823350";"3,4637680"
"201900016013";"3";"8";"2019";"16:56";"1";"68";"68338";"2";"1";"1";"1";"2 Quai du Docteur Joseph Pfleger";"48,0862130";"7,2783530"
"201900016014";"6";"8";"2019";"05:00";"3";"22";"22055";"2";"1";"1";"7";"cd 786";"48,6331780";" -2,8237880"
"201900016015";"6";"8";"2019";"23:25";"3";"25";"25321";"1";"1";"5";"6";"Lieu dit grivet";"47,0831600";"6,6861840"
"201900016016";"2";"8";"2019";"23:45";"3";"25";"25524";"1";"1";"1";"6";"Entre écluse 21 et 22, chemin de halage";"47,4486390";"6,6593240"
"201900016017";"4";"8";"2019";"15:00";"1";"35";"35078";"2";"1";"1";"5";"La Laronnière";"48,6046960";" -1,7486770"
"201900016018";"6";"8";"2019";"15:20";"1";"35";"35179";"1";"1";"1";"6";"La Mettrie";"48,5498720";" -1,8967640"
"201900016019";"29";"7";"2019";"15:40";"1";"29";"29028";"1";"1";"1";"7";"Rue de Langroas";"48,0474590";" -4,6466270"
"201900016020";"6";"8";"2019";"18:10";"1";"13";"13045";"1";"1";"1";"1";"RD 28";"43,8512980";"4,7856520"
"201900016021";"7";"8";"2019";"17:50";"1";"2";"02305";"1";"1";"3";"6";"route du chateau fere en tardenois";"49,2205070";"3,5279080"
"201900016022";"7";"8";"2019";"09:25";"1";"84";"84009";"1";"6";"1";"2";"D 946";"43,7852190";"5,6259150"
"201900016023";"4";"8";"2019";"19:00";"1";"1";"01151";"1";"3";"1";"3";"Intersection RD984 et RD17";"46,0490810";"5,3220310"
"201900016024";"6";"8";"2019";"10:35";"1";"1";"01038";"1";"1";"1";"2";"Route des Blancs";"46,3055440";"5,2497830"
"201900016025";"3";"8";"2019";"06:00";"2";"70";"70530";"2";"1";"5";"7";"Départementale 9";"47,5438640";"6,5550560"
"201900016026";"4";"8";"2019";"18:10";"1";"70";"70199";"1";"1";"1";"7";"RN19";"47,6279800";"6,2339840"
"201900016027";"5";"8";"2019";"04:50";"3";"26";"26213";"1";"1";"1";"3";"Route de Saint-Sorlin";"45,2885340";"4,9841680"
"201900016028";"5";"8";"2019";"22:15";"3";"26";"26165";"1";"1";"1";"2";"Route de Montgros";"44,7746440";"4,8244260"
"201900016029";"7";"8";"2019";"03:45";"3";"58";"58306";"1";"1";"1";"7";"Le Champ de la Vigne";"46,8609570";"3,5576480"
"201900016030";"4";"8";"2019";"17:45";"1";"72";"72081";"1";"1";"1";"6";"D323";"48,1921100";"0,6823240"
"201900016031";"5";"8";"2019";"15:15";"1";"6";"06151";"1";"1";"1";"7";"D132";"43,8818050";"7,2330990"
"201900016032";"31";"5";"2019";"11:00";"1";"6";"06105";"2";"3";"1";"3";"Intersection RD07 et chemin du puits";"43,6805130";"7,0317770"
"201900016033";"7";"8";"2019";"16:45";"1";"6";"06079";"2";"3";"1";"3";"1625 avenue de Fréjus";"43,5269560";"6,9267310"
"201900016034";"5";"8";"2019";"17:10";"1";"6";"06090";"2";"1";"1";"7";"84 Avenue de Cannes";"43,5914420";"6,9306440"
"201900016035";"7";"8";"2019";"16:13";"1";"50";"50551";"2";"1";"7";"2";"Rue du Onze Novembre";"49,3835410";" -1,5404420"
"201900016036";"5";"8";"2019";"13:20";"1";"90";"90058";"2";"1";"1";"1";"Rue Général Charles de Gaulle";"47,7175630";"7,0276410"
"201900016037";"6";"8";"2019";"00:35";"3";"90";"90097";"1";"1";"3";"1";"N1019 PR 6+650";"47,5820020";"6,8710210"
"201900016038";"6";"8";"2019";"15:35";"1";"9";"09032";"1";"1";"1";"7";"RN 20, PK84+000";"42,6883370";"1,8242430"
"201900016039";"5";"8";"2019";"19:00";"2";"60";"60477";"1";"1";"8";"3";"Route de la vallée";"49,4192684";"1,9056115"
"201900016040";"4";"8";"2019";"17:20";"1";"64";"64528";"1";"1";"1";"7";"Route départementale 22";"43,2248626";" -1,1845523"
"201900016041";"5";"8";"2019";"14:15";"1";"73";"73022";"1";"1";"1";"3";"D921  3059 Route du Lac";"45,5177331";"5,7676229"
"201900016042";"5";"8";"2019";"18:00";"1";"18";"18011";"1";"1";"1";"6";"route d'argent";"47,5760530";"2,4631750"
"201900016043";"5";"8";"2019";"11:45";"1";"43";"43268";"1";"1";"1";"5";"RN 88 - PK 33+45";"45,1409120";"4,1046700"
"201900016044";"7";"8";"2019";"14:35";"1";"36";"36005";"1";"1";"1";"1";"Route départmentale 943";"46,7244650";"1,8545910"
"201900016045";"5";"8";"2019";"01:30";"3";"7";"07346";"1";"1";"1";"1";"RD 86 - PK : 114.900";"44,4473630";"4,6844560"
"201900016046";"4";"8";"2019";"17:50";"1";"21";"21434";"1";"1";"1";"7";"RD980";"47,3122240";"4,2658820"
"201900016047";"24";"6";"2019";"12:15";"1";"40";"40150";"2";"6";"1";"2";"Avenue Loys Labeque";"43,8717600";" -1,2998320"
"201900016048";"4";"8";"2019";"15:20";"1";"24";"24197";"1";"1";"7";"7";"laboule";"44,9135330";"0,4447760"
"201900016049";"5";"8";"2019";"14:35";"1";"4";"04123";"1";"2";"1";"4";"RD 4075 / RD 24 La Clapisse";"44,2535180";"5,8759940"
"201900016050";"7";"8";"2019";"13:35";"1";"85";"85288";"1";"3";"1";"3";"Avenue de l'Atlantique";"46,4621100";" -1,6533400"
"201900016051";"6";"8";"2019";"18:00";"1";"85";"85047";"1";"1";"1";"7";"Route d'Apremont";"46,8250800";" -1,8445600"
"201900016052";"4";"8";"2019";"14:30";"1";"87";"87204";"1";"1";"1";"3";"La Bastide";"45,7583000";"0,7276000"
"201900016053";"6";"8";"2019";"05:35";"3";"37";"37250";"1";"1";"1";"3";"Rue Nungesser et Coli";"47,2579890";"0,6944580"
"201900016054";"31";"7";"2019";"12:35";"1";"37";"37159";"2";"1";"1";"1";"4 Rue de la Résidence Beaumer";"47,2795020";"0,6440830"
"201900016055";"7";"9";"2019";"08:30";"1";"37";"37097";"1";"2";"2";"1";"Malicorne";"47,1768310";"0,8604760"
"201900016056";"7";"8";"2019";"10:25";"1";"30";"30133";"2";"1";"1";"6";"Route des Marines";"43,5110010";"4,1304980"
"201900016057";"6";"8";"2019";"18:45";"1";"30";"30059";"1";"2";"1";"3";"route de marsillargues";"43,6728800";"4,2214750"
"201900016058";"1";"8";"2019";"15:20";"1";"30";"30341";"1";"3";"1";"1";"D135";"43,6940300";"4,2522780"
"201900016059";"5";"8";"2019";"16:00";"1";"30";"30266";"1";"1";"1";"7";"Chemin de Galinier";"44,2718510";"4,3172300"
"201900016060";"5";"8";"2019";"01:20";"3";"8";"08424";"1";"1";"1";"6";"Route Départementale 6";"49,4875459";"4,9809617"
"201900016061";"4";"8";"2019";"18:30";"1";"17";"17116";"1";"1";"1";"6";"A10 sens BORDEAUX/PARIS";"45,4119160";" -0,6014900"
"201900016062";"30";"7";"2019";"18:00";"1";"13";"13001";"1";"1";"1";"2";"Autoroute A8";"43,5117850";"5,4500590"
"201900016063";"5";"8";"2019";"13:20";"1";"49";"49308";"1";"1";"1";"6";"A87N, bretelle A";"47,3993700";" -0,5149000"
"201900016064";"5";"8";"2019";"17:30";"1";"63";"63413";"1";"1";"1";"5";"A75 pk 015+450";"45,6479330";"3,1776100"
"201900016065";"6";"8";"2019";"20:47";"2";"33";"33474";"1";"1";"1";"6";"A62";"44,6590350";" -0,4542280"
"201900016066";"3";"8";"2019";"13:00";"1";"13";"13011";"1";"1";"1";"6";"Chemin du Gaudre";"43,7540420";"4,7820260"
"201900016067";"5";"8";"2019";"12:08";"1";"68";"68278";"2";"1";"1";"6";"87 Rue Wilson";"47,7514070";"7,3902640"
"201900016068";"5";"8";"2019";"17:40";"1";"69";"69077";"1";"1";"1";"3";"autoroute A6 PK 404.500";"46,1708400";"4,7703960"
"201900016069";"5";"8";"2019";"17:50";"1";"60";"60142";"2";"1";"1";"3";"509 rue de Paris";"49,1261063";"2,5335538"
"201900016070";"5";"8";"2019";"05:00";"3";"988";"98831";"1";"1";"1";"1";"RT1 - PROXIMITÉ DE POUNLOCH";" -20,8724800";"164,6359900"
"201900016071";"3";"8";"2019";"16:55";"1";"971";"97118";"2";"2";"1";"3";"Chemin de Prise d'Eau";"16,2076850";" -61,6517190"
"201900016072";"7";"8";"2019";"16:26";"1";"33";"33097";"1";"3";"1";"1";"D3";"45,0275250";" -1,0628010"
"201900016073";"5";"8";"2019";"17:00";"1";"33";"33097";"1";"1";"1";"3";"Route de Hourtin";"45,0878200";" -1,0459500"
"201900016074";"5";"8";"2019";"21:25";"2";"37";"37163";"1";"1";"1";"6";"CD 952 - PK 10 + 600 hauteur du lieu dit 'La Moutonnerie'";"47,4115901";"0,9565144"
"201900016075";"7";"8";"2019";"08:45";"1";"77";"77420";"1";"1";"1";"2";"D404";"49,0427700";"2,6814200"
"201900016076";"7";"8";"2019";"11:30";"1";"77";"77238";"1";"1";"1";"2";"route départementale 402";"48,9112888";"3,1156228"
"201900016077";"23";"7";"2019";"18:00";"1";"91";"91338";"1";"2";"1";"3";"intersection D988 - D838";"48,6377410";"2,0618760"
"201900016078";"5";"8";"2019";"20:15";"1";"91";"91315";"1";"9";"1";"3";"Route de Bouray";"48,5135270";"2,3243440"
"201900016079";"2";"8";"2019";"18:30";"1";"91";"91405";"1";"3";"1";"3";"Route Departementale 837";"48,4007090";"2,4663030"
"201900016080";"4";"8";"2019";"23:15";"3";"2B";"2B350";"1";"1";"1";"5";"LIEU DIT FUNTANONE";"42,5229530";"9,4092560"
"201900016081";"6";"8";"2019";"00:15";"3";"66";"66037";"1";"1";"1";"5";"D81A ";"42,6685920";"3,0331140"
"201900016082";"6";"8";"2019";"18:15";"1";"34";"34058";"2";"1";"1";"1";"Route de Fontmarie";"43,6927190";"3,9990890"
"201900016083";"4";"8";"2019";"10:05";"1";"83";"83063";"1";"1";"1";"3";"Le Safranier";"43,3269670";"6,4717790"
"201900016084";"6";"8";"2019";"15:00";"1";"6";"06122";"2";"9";"1";"2";"145 rm 18";"43,7494837";"7,1462008"
"201900016085";"7";"8";"2019";"17:05";"1";"4";"04039";"1";"1";"1";"6";"RD 952";"43,8355590";"6,4857260"
"201900016086";"3";"7";"2019";"14:21";"1";"93";"93078";"2";"1";"1";"2";"CLEMENCEAU (AVENUE GEORGES)";"48,9614500";"2,5549300"
"201900016087";"2";"7";"2019";"23:45";"5";"93";"93073";"2";"6";"1";"6";"NATIONS (AVENUE DES)";"48,9791900";"2,5177500"
"201900016088";"2";"7";"2019";"14:40";"1";"93";"93070";"2";"1";"7";"6";"DIDEROT(RUE)";"48,9111340";"2,3342370"
"201900016089";"1";"7";"2019";"09:20";"1";"93";"93066";"2";"9";"1";"2";"FRANCE ANATOLE (BOULEVARD) NR AUTRES";"48,9257100";"2,3501900"
"201900016090";"3";"7";"2019";"16:54";"1";"93";"93077";"2";"1";"1";"3";"GRANDE RUE";"48,8827690";"2,5154660"
"201900016091";"3";"7";"2019";"20:15";"1";"93";"93051";"2";"6";"1";"3";"PAVE NEUF (AVENUE)";"48,8403800";"2,5597000"
"201900016092";"3";"7";"2019";"07:30";"1";"93";"93049";"2";"2";"1";"6";"JEAN MERMOZ (PLACE)";"48,8613450";"2,5091340"
"201900016093";"3";"7";"2019";"15:30";"1";"93";"93006";"2";"2";"1";"3";"GAL DE GAULLE AV. DU";"48,8623490";"2,4161470"
"201900016094";"2";"7";"2019";"17:20";"1";"93";"93063";"2";"1";"1";"6";"REPUBLIQUE RUE DE LA";"48,8805000";"2,4355000"
"201900016095";"3";"7";"2019";"07:00";"1";"93";"93031";"2";"1";"1";"4";"DE LATTRE DE TASSIGNY (1 A 51)";"48,9577300";"2,3095600"
"201900016096";"3";"7";"2019";"19:00";"1";"93";"93029";"2";"1";"1";"6";"HOCHE";"48,9284900";"2,4303800"
"201900016097";"3";"7";"2019";"14:15";"1";"93";"93029";"2";"1";"1";"6";"CHARLES GIDE";"48,9165100";"2,4444800"
"201900016098";"3";"7";"2019";"20:35";"2";"93";"93008";"2";"3";"1";"3";"REPUBLIQUE (RUE DE LA)";"48,9064700";"2,4381200"
"201900016099";"3";"7";"2019";"19:30";"1";"93";"93005";"2";"9";"1";"6";"PREFET CHALEIL (CD44) (RUE DU)";"48,9400100";"2,5038500"
"201900016100";"3";"7";"2019";"17:00";"1";"93";"93005";"2";"2";"1";"3";"ROME (RUE DE)";"48,9199410";"2,4893960"
"201900016101";"3";"7";"2019";"08:45";"1";"92";"92012";"2";"2";"1";"3";"ANDRE MORIZET (AVENUE)";"48,8354597";"2,2392690"
"201900016102";"1";"7";"2019";"13:40";"1";"92";"92063";"2";"1";"1";"3";"DIX-HUIT JUIN 1940 (AVENUE DU) EST";"48,8684300";"2,1902300"
"201900016103";"3";"7";"2019";"20:37";"1";"92";"92062";"2";"9";"1";"5";"DE DION BOUTON (QUAI) DU 29 AU 65";"48,8838200";"2,2495300"
"201900016104";"3";"7";"2019";"13:00";"2";"92";"92051";"2";"1";"1";"6";"CHARLES DE GAULLE (AVENUE,N°118 A 192 +";"48,8818900";"2,2687200"
"201900016105";"3";"7";"2019";"16:00";"1";"92";"92050";"2";"1";"1";"3";"GARENNE RUE DE LA";"48,8996690";"2,2279750"
"201900016106";"2";"7";"2019";"09:40";"1";"92";"92020";"2";"9";"1";"3";"CHARTRES RUE DE";"48,7984700";"2,2944800"
"201900016107";"3";"7";"2019";"14:10";"1";"92";"92044";"2";"2";"1";"6";"PDT WILSON(RUE)51A75 ET 54A74";"48,8929481";"2,2895778"
"201900016108";"3";"7";"2019";"09:10";"1";"92";"92012";"2";"1";"1";"3";"AGUESSEAU (RUE D') 91/FIN - 84/FIN";"48,8390200";"2,2373900"
"201900016109";"3";"7";"2019";"08:50";"1";"92";"92012";"2";"1";"1";"2";"EDOUARD VAILLANT (AVENUE) 57/FIN - 58/FI";"48,8350900";"2,2483400"
"201900016110";"3";"7";"2019";"20:35";"2";"92";"92004";"2";"1";"1";"6";"ARGENTEUIL AV D'";"48,9246289";"2,2749301"
"201900016111";"3";"7";"2019";"17:35";"1";"22";"22021";"1";"3";"7";"3";"Pd 793 2 CD 793";"48,4126740";" -2,1104210"
"201900016112";"3";"7";"2019";"14:45";"1";"60";"60590";"2";"1";"1";"7";"Rue du Moulin des Forges";"49,5319178";"1,9976718"
"201900016113";"4";"7";"2019";"18:30";"1";"50";"50493";"1";"2";"1";"3";"L'Hermitière";"48,8366100";" -1,4635890"
"201900016114";"4";"7";"2019";"16:45";"1";"76";"76054";"1";"1";"1";"1";"RD149";"49,9104830";"1,3182550"
"201900016115";"3";"7";"2019";"17:45";"1";"51";"51585";"1";"1";"7";"7";"ROUTE DE CERSEUIL";"49,0777540";"3,7166930"
"201900016116";"4";"7";"2019";"07:40";"1";"88";"88115";"1";"3";"1";"3";"8 Route du Plafond";"48,1650900";"6,8981010"
"201900016117";"3";"7";"2019";"16:40";"1";"1";"01446";"1";"1";"1";"2";"Chambert";"46,0265040";"4,8978790"
"201900016118";"2";"7";"2019";"19:30";"1";"1";"01419";"2";"2";"1";"3";"Rue de la Crotte du Moulin";"46,2264160";"5,9701200"
"201900016119";"8";"6";"2019";"12:30";"1";"74";"74179";"1";"3";"1";"4";"625 B Route de Bellegarde";"45,9894938";"6,0136396"
"201900016120";"3";"7";"2019";"22:45";"3";"42";"42003";"1";"1";"1";"7";"D8";"46,0992310";"3,9111430"
"201900016121";"3";"7";"2019";"15:45";"1";"14";"14124";"1";"1";"1";"6";"RN 13 - pk 117+400";"49,3384970";" -1,0099190"
"201900016122";"5";"6";"2019";"15:45";"1";"62";"62473";"2";"1";"2";"7";"73, rue Edmond Mille";"50,6232030";"2,4554410"
"201900016123";"4";"6";"2019";"19:00";"1";"56";"56166";"1";"1";"1";"7";"RD2 Kerhuio";"47,9282860";" -3,2985130"
"201900016124";"4";"6";"2019";"14:35";"1";"2A";"2A330";"1";"1";"1";"5";"Route territoriale 20";"42,0595544";"8,9600796"
"201900016125";"4";"7";"2019";"13:20";"1";"80";"80573";"1";"1";"1";"6";"le coq gaulois";"49,7800410";"1,8247550"
"201900016126";"4";"7";"2019";"03:00";"3";"80";"80738";"1";"1";"1";"7";"RD936";"49,9572080";"2,0382910"