"Num_Acc";"jour";"mois";"an";"hrmn";"lum";"dep";"com";"agg";"int";"atm";"col";"adr";"lat";"long"
"201900016127";"1";"6";"2019";"19:15";"1";"33";"33123";"2";"1";"1";"3";"677 Avenue du Maréchal de Lattre de Tassigny";"45,0909800";" -0,4251500"
"201900016128";"4";"7";"2019";"19:00";"1";"32";"32204";"2";"3";"1";"3";"Au village";"43,7608550";"0,5134580"
"201900016129";"4";"7";"2019";"12:00";"1";"63";"63243";"1";"1";"1";"6";"La Lubière";"46,1512540";"2,8999260"
"201900016130";"4";"7";"2019";"10:45";"1";"63";"63236";"1";"3";"1";"3";"D996/voie usine embouteillage";"45,5913830";"2,7719520"
"201900016131";"3";"7";"2019";"16:15";"1";"55";"55364";"1";"1";"1";"1";"route départementale 964 PK16+900";"49,4383100";"5,2058160"
"201900016132";"2";"7";"2019";"05:26";"5";"49";"49323";"2";"3";"1";"6";"Route de Paris (Saint-Sylvain-d'Anjou)";"47,4948360";" -0,4977460"
"201900016133";"3";"7";"2019";"10:00";"1";"68";"68150";"1";"1";"1";"7";"Route des Cinq Châteaux";"48,0404670";"7,2690410"
"201900016134";"30";"6";"2019";"11:50";"1";"44";"44088";"1";"1";"1";"7";"La bimboire";"47,0979660";" -1,3930710"
"201900016135";"4";"7";"2019";"13:25";"1";"3";"03257";"2";"1";"1";"3";"24 rue des vignes";"46,2461897";"3,6394402"
"201900016136";"4";"7";"2019";"00:15";"3";"15";"15266";"1";"4";"1";"6";"Route Nationale 122";"44,9224150";"2,5119520"
"201900016137";"3";"7";"2019";"18:24";"1";"6";"06059";"2";"1";"1";"7";"1864 Avenue Raymond Poincaré";"43,7216360";"7,3783280"
"201900016138";"4";"7";"2019";"19:30";"1";"14";"14731";"1";"1";"7";"6";"route départementale 118";"49,3031410";"0,0519280"
"201900016139";"5";"6";"2019";"05:00";"3";"5";"05056";"1";"1";"1";"7";"D13 - PK 003.000";"44,6235950";"6,1595830"
"201900016140";"4";"7";"2019";"00:20";"3";"50";"50349";"1";"1";"1";"6";"RD 20";"49,0066520";" -1,5182200"
"201900016141";"2";"7";"2019";"16:25";"1";"50";"50219";"1";"1";"1";"2";"Route du Gros Frêne";"49,0653210";" -1,4673860"
"201900016142";"4";"7";"2019";"08:30";"1";"83";"83032";"1";"1";"1";"1";"N/A";"43,4709010";"6,2007590"
"201900016143";"3";"7";"2019";"13:40";"1";"53";"53097";"2";"6";"1";"6";"Boulevard du Maréchal Juin";"48,1568020";" -0,4122460"
"201900016144";"3";"7";"2019";"18:20";"1";"21";"21519";"2";"1";"1";"6";"Rue General Roussel";"47,7809690";"4,8573160"
"201900016145";"4";"7";"2019";"13:50";"1";"28";"28226";"1";"1";"1";"1";"D20";"48,6307040";"1,1372590"
"201900016146";"3";"7";"2019";"19:50";"1";"72";"72308";"1";"1";"1";"6";"A28, PK 154+400";"48,4154030";"0,1113200"
"201900016147";"1";"6";"2019";"11:35";"1";"33";"33122";"1";"1";"1";"4";"AVENUE SAINT JACQUES DE COMPSTELLE";"44,7038100";" -0,7031000"
"201900016148";"2";"7";"2019";"21:15";"1";"72";"72320";"1";"1";"1";"6";"A11  PK+173";"48,0493040";"0,1631860"
"201900016149";"30";"6";"2019";"17:30";"1";"973";"97303";"1";"1";"1";"2";"Route Nationale 1";"5,4839991";" -53,2779408"
"201900016150";"30";"6";"2019";"18:25";"1";"77";"77349";"2";"1";"1";"6";"D13-19 Rue Gérard de Nerval";"49,0757221";"2,6752644"
"201900016151";"4";"7";"2019";"09:30";"1";"77";"77035";"1";"1";"1";"6";"D28-route de cheroy";"48,2099100";"2,9920700"
"201900016152";"4";"7";"2019";"01:20";"3";"77";"77211";"1";"1";"1";"6";"D619";"48,5866700";"2,9295400"
"201900016153";"5";"6";"2019";"11:10";"1";"71";"71512";"1";"1";"1";"7";"D18 11.300";"46,6479360";"4,8906660"
"201900016154";"3";"7";"2019";"15:20";"1";"58";"58117";"2";"1";"2";"5";"54 quai de loire";"47,0195040";"3,0789260"
"201900016155";"4";"7";"2019";"15:15";"1";"3";"03174";"1";"1";"1";"3";"Les Vaux";"46,1046399";"3,5310975"
"201900016156";"4";"7";"2019";"16:00";"1";"38";"38374";"1";"1";"1";"7";"Lieu dit Laval R54F";"45,6332110";"5,3646570"
"201900016157";"3";"7";"2019";"12:49";"1";"38";"38449";"1";"2";"1";"3";"Boulevard de la Noirée";"45,6423600";"5,1061300"
"201900016158";"3";"7";"2019";"09:30";"1";"19";"19098";"1";"1";"1";"7";"Le Trieux";"45,1832000";"1,8142720"
"201900016159";"31";"5";"2019";"17:40";"1";"17";"17225";"2";"3";"1";"3";"allée des gannes";"45,6941620";" -1,1736560"
"201900016160";"3";"7";"2019";"22:15";"2";"17";"17121";"2";"9";"1";"3";"10 Rue de la Parée";"46,1983340";" -1,4262600"
"201900016161";"4";"7";"2019";"08:40";"1";"33";"33268";"2";"1";"1";"4";"Avenue de la 5e République (Cantenac)";"45,0284300";" -0,6531200"
"201900016162";"4";"7";"2019";"12:35";"1";"72";"72336";"2";"1";"7";"3";"Avenue Jean Monnet";"47,8320400";" -0,3010660"
"201900016163";"4";"7";"2019";"16:00";"1";"27";"27191";"2";"1";"1";"2";"16 Rue de Pacy (Fontaine-Heudebourg)";"49,1271770";"1,2149190"
"201900016164";"3";"7";"2019";"21:00";"1";"59";"59315";"1";"1";"1";"6";"rue des rocs";"50,3233790";"3,7936620"
"201900016165";"4";"7";"2019";"11:00";"1";"59";"59268";"1";"8";"1";"3";"rue du grand chemin";"50,6353680";"2,7376410"
"201900016166";"30";"6";"2019";"15:15";"1";"69";"69033";"1";"1";"1";"2";"A46N   17.210 A 18.490";"45,8692600";"4,9048500"
"201900016167";"3";"7";"2019";"03:28";"3";"69";"69116";"1";"1";"1";"7";"A6   447.390 A 447.520";"45,8031474";"4,7713207"
"201900016168";"3";"7";"2019";"11:15";"1";"91";"91377";"1";"1";"1";"2";"RD 188";"48,7227000";"2,2761200"
"201900016169";"3";"7";"2019";"09:55";"1";"94";"94034";"1";"1";"1";"2";"AUTOROUTE A86";"48,7619177";"2,3146442"
"201900016170";"2";"7";"2019";"22:20";"2";"91";"91064";"1";"1";"1";"7";"RN 118";"48,7628600";"2,2285600"
"201900016171";"3";"7";"2019";"17:00";"1";"92";"92063";"1";"1";"1";"6";"A86";"48,8709803";"2,1570784"
"201900016172";"3";"7";"2019";"00:05";"4";"78";"78140";"1";"1";"1";"2";"A13";"48,9642000";"1,9256000"
"201900016173";"2";"7";"2019";"19:30";"1";"78";"78362";"1";"1";"1";"2";"A13";"48,9719040";"1,7313860"
"201900016174";"3";"7";"2019";"20:00";"1";"94";"94052";"1";"1";"1";"2";"A86 INT";"48,8452300";"2,4919100"
"201900016175";"3";"7";"2019";"19:10";"1";"77";"77438";"1";"1";"1";"4";"A104";"48,8697000";"2,6709000"
"201900016176";"3";"7";"2019";"15:30";"1";"77";"77372";"1";"1";"1";"6";"A104";"48,8750900";"2,6693600"
"201900016177";"3";"7";"2019";"07:15";"1";"94";"94017";"1";"1";"1";"2";"A4";"48,8277000";"2,5060000"
"201900016178";"1";"7";"2019";"18:20";"1";"94";"94028";"1";"1";"1";"7";"A86 EXT";"48,7823000";"2,4395000"
"201900016179";"1";"7";"2019";"13:30";"1";"77";"77258";"1";"1";"1";"4";"A4.W";"48,8308269";"2,6374857"
"201900016180";"2";"7";"2019";"11:00";"1";"91";"91286";"2";"9";"1";"3";"EMILE ALLIAUD (AVENUE)";"48,6474950";"2,3672300"
"201900016181";"30";"6";"2019";"15:52";"1";"87";"87085";"1";"1";"1";"6";"AUTOROUTE A20";"45,8096600";"1,2977700"
"201900016182";"1";"7";"2019";"19:39";"1";"63";"63113";"2";"1";"1";"6";"JAUDE PLACE DE)";"45,7771233";"3,0815499"
"201900016183";"1";"7";"2019";"08:00";"1";"63";"63113";"2";"9";"1";"6";"AGRICULTURE (AVENUE DE L')";"45,7792806";"3,1236029"
"201900016184";"30";"6";"2019";"15:45";"1";"63";"63113";"2";"1";"1";"3";"REPUBLIQUE (AVENUE DE LA)";"45,7875500";"3,1057400"
"201900016185";"29";"6";"2019";"13:45";"1";"63";"63014";"2";"1";"1";"6";"INDUSTRIE (RUE DE L')";"45,7550805";"3,1377765"
"201900016186";"1";"7";"2019";"12:30";"1";"13";"13206";"2";"1";"1";"6";"PARADIS (RUE)";"43,2904160";"5,3780630"
"201900016187";"1";"7";"2019";"12:55";"1";"94";"94067";"2";"3";"1";"3";"PARIS (av. de)";"48,8459030";"2,4237030"
"201900016188";"6";"6";"2019";"17:20";"1";"94";"94003";"2";"1";"1";"7";"ARDENNAY (R DE L)";"48,8036300";"2,3353000"
"201900016189";"1";"7";"2019";"07:30";"1";"94";"94079";"2";"1";"1";"3";"ANDRE ROUY (R)";"48,8224100";"2,5532600"
"201900016190";"2";"7";"2019";"07:40";"1";"91";"91161";"1";"1";"1";"3";"AUTOROUTE A6";"48,6979000";"2,3180000"
"201900016191";"2";"7";"2019";"17:17";"1";"988";"98818";"2";"1";"1";"1";"RUE DE LA BOUDEUSE";" -22,2797900";"166,4777800"
"201900016192";"2";"7";"2019";"19:45";"5";"976";"97611";"2";"1";"1";"7";"m'tsapere-Mosquée Maevantana (ruelle )";" -12,7758700";"45,2252800"
"201900016193";"1";"7";"2019";"13:00";"1";"976";"97610";"2";"1";"1";"6";"Hauts Vallons - Majicavo ( rue des)";" -12,7552800";"45,2329000"
"201900016194";"2";"7";"2019";"08:20";"1";"974";"97407";"2";"1";"1";"3";"ROND POINT DES DANSEUSES";" -20,9503000";"55,3023000"
"201900016195";"3";"7";"2019";"00:20";"5";"69";"69387";"2";"1";"1";"7";"LECLERC                             (AV)";"45,7478100";"4,8330800"
"201900016196";"2";"7";"2019";"22:05";"5";"69";"69387";"2";"1";"1";"6";"JEAN JAURES                         (AV)";"45,7477600";"4,8433500"
"201900016197";"2";"7";"2019";"22:55";"1";"69";"69276";"2";"2";"1";"3";"VIENNE (DE)                             ";"45,6639500";"4,8577000"
"201900016198";"2";"7";"2019";"08:40";"1";"69";"69383";"2";"5";"1";"3";"FELIX FAURE                         (AV)";"45,7546451";"4,8675007"
"201900016199";"2";"7";"2019";"08:50";"1";"69";"69387";"2";"3";"1";"3";"GAMBETTA                            (CO)";"45,7499500";"4,8582700"
"201900016200";"2";"7";"2019";"06:10";"2";"69";"69386";"2";"2";"1";"3";"EMERAUDES (DES)                     (R )";"45,7690700";"4,8605300"
"201900016201";"2";"7";"2019";"19:00";"1";"69";"69256";"2";"1";"1";"7";"GRANDCLEMENT                        (AV)";"45,7699317";"4,9159642"
"201900016202";"2";"7";"2019";"06:45";"1";"69";"69384";"2";"7";"1";"7";"HERBOUVILLE (D')                    (CO)";"45,7737900";"4,8383500"
"201900016203";"2";"7";"2019";"09:25";"1";"2A";"2A004";"2";"1";"1";"3";"BONAPARTE LUCIEN  COURS";"41,9118000";"8,7224400"
"201900016204";"2";"7";"2019";"19:15";"1";"91";"91434";"2";"3";"1";"7";"MARCEAU (RUE)";"48,6659000";"2,3447000"
"201900016205";"2";"7";"2019";"08:50";"1";"91";"91333";"1";"3";"1";"3";"PRES D'AULNAY (CHEMIN DES)";"48,6079300";"2,2629100"
"201900016206";"27";"6";"2019";"21:35";"1";"89";"89024";"2";"3";"1";"3";"BOURNEIL (RUE DE) N° PAIRS";"47,7883700";"3,5672500"
"201900016207";"30";"6";"2019";"22:55";"5";"87";"87085";"2";"1";"1";"1";"HALEVY (RUE)";"45,8562000";"1,2591700"
"201900016208";"30";"6";"2019";"20:45";"1";"87";"87085";"2";"2";"1";"3";"BORIE (BOULEVARD DE LA)";"45,8345100";"1,2259200"
"201900016209";"1";"7";"2019";"16:25";"1";"84";"84007";"1";"1";"1";"3";"Félicien FLORENT (Rue)";"43,9170400";"4,8888200"
"201900016210";"2";"7";"2019";"10:05";"1";"83";"83137";"2";"1";"1";"6";"STRASBOURG (BD DE )";"43,1258500";"5,9305200"
"201900016211";"3";"7";"2019";"00:40";"3";"81";"81004";"2";"1";"1";"7";"ROCADE RN88 SUD";"43,9127685";"2,1268622"
"201900016212";"1";"7";"2019";"17:45";"1";"80";"80489";"2";"1";"1";"3";"8, AV ZAC DE L'ARC";"49,8696600";"2,3711600"
"201900016213";"2";"7";"2019";"13:20";"1";"77";"77514";"2";"1";"1";"2";"D105-VILLEVAUDE (ROUTE DE)";"48,9366600";"2,6235500"
"201900016214";"1";"7";"2019";"10:45";"1";"77";"77085";"1";"3";"1";"5";"D231 X RUE NAPOLEON";"48,8677531";"2,7354219"
"201900016215";"1";"7";"2019";"18:51";"1";"76";"76351";"2";"2";"1";"6";"DEMIDOFF (RUE)";"49,4975300";"0,1340900"
"201900016216";"2";"7";"2019";"00:35";"5";"76";"76481";"2";"3";"1";"6";" FELIX FAURE (RUE )";"49,5550616";"0,1161328"
"201900016217";"29";"6";"2019";"23:10";"5";"76";"76351";"2";"1";"1";"6";"HUIT MAI 1945 (AVENUE DU)";"49,5166200";"0,1680500"
"201900016218";"29";"6";"2019";"09:05";"1";"76";"76341";"1";"1";"1";"6";"RD 6382";"49,5243600";"0,1819900"
"201900016219";"30";"6";"2019";"00:15";"5";"76";"76351";"2";"2";"1";"2";"VERDUN (RUE DE)";"49,5022600";"0,1602600"
"201900016220";"1";"7";"2019";"17:19";"1";"72";"72181";"2";"1";"1";"4";"MAC JEAN (AV) N° PAIRS 308 ET plus";"47,9770200";"0,2322900"
"201900016221";"2";"7";"2019";"18:05";"1";"69";"69256";"2";"1";"1";"7";"SEPT CHEMINS (DES)                  (R )";"45,7468400";"4,9313900"
"201900016222";"2";"7";"2019";"18:25";"1";"69";"69256";"2";"3";"1";"3";"ALFRED BERAUD                       (R )";"45,7729900";"4,9194900"
"201900016223";"1";"7";"2019";"16:30";"1";"67";"67447";"2";"1";"1";"3";"BISCHWILLER (ROUTE DE)";"48,5992800";"7,7427600"
"201900016224";"28";"6";"2019";"22:40";"5";"67";"67482";"2";"1";"1";"6";"GERLINDE (RUE)";"48,5819600";"7,7127700"
"201900016225";"1";"7";"2019";"14:39";"1";"66";"66136";"2";"1";"1";"3";"TURIN ( RUE DE )";"42,6898700";"2,8566700"
"201900016226";"1";"7";"2019";"23:00";"5";"66";"66136";"2";"1";"1";"1";"GAULLE (AVENUE GENERAL DE)";"42,6968600";"2,8820400"
"201900016227";"1";"7";"2019";"09:05";"1";"66";"66136";"2";"1";"1";"6";"WILSON (BOULEVARD THOMAS)";"42,7018700";"2,8955300"
"201900016228";"2";"7";"2019";"17:30";"1";"64";"64483";"2";"1";"1";"3";"CHANTACO (AVENUE DE )";"43,3825395";" -1,6483494"
"201900016229";"19";"6";"2019";"12:25";"1";"64";"64483";"2";"1";"1";"2";"GAULLE (PONT CHARLES DE)";"43,3852748";" -1,6632512"
"201900016230";"2";"7";"2019";"10:41";"1";"63";"63113";"2";"1";"1";"6";"LIMOUSIN (AVENUE DU)";"45,7895500";"3,0628700"
"201900016231";"2";"7";"2019";"12:25";"1";"63";"63113";"2";"1";"1";"6";"MABRUT (RUE ADRIEN)";"45,8129493";"3,1218033"
"201900016232";"2";"7";"2019";"08:45";"1";"61";"61006";"2";"3";"1";"3";"PARIS (AVENUE DE) N° 13";"48,7489440";" -0,0119120"
"201900016233";"2";"7";"2019";"07:15";"1";"59";"59646";"2";"3";"1";"3";"COUTURE (RUE DE LA)";"50,6534025";"3,1250578"
"201900016234";"28";"6";"2019";"23:50";"3";"56";"56162";"1";"1";"1";"6";"RD 152 Kerscouët";"47,7101300";" -3,4356800"
"201900016235";"2";"7";"2019";"21:32";"2";"51";"51055";"2";"1";"1";"7";"PLACE MAURICE GABERTHON";"49,2857469";"4,0276192"
"201900016236";"2";"7";"2019";"18:10";"1";"51";"51454";"1";"1";"1";"2";"AVENUE DE CHAMPAGNE";"49,2315084";"4,0356518"
"201900016237";"1";"7";"2019";"18:35";"1";"50";"50502";"2";"6";"1";"3";"HAVIN";"49,1148700";" -1,0917300"
"201900016238";"29";"6";"2019";"00:00";"5";"50";"50602";"1";"1";"1";"7";"VAL CANU (RUE DU)";"49,6414200";" -1,5372300"
"201900016239";"1";"7";"2019";"16:54";"1";"49";"49007";"2";"1";"1";"6";"SAUMUROISE IMPASSE ET RUE";"47,4585600";" -0,5344700"
"201900016240";"1";"7";"2019";"11:44";"1";"49";"49246";"2";"1";"1";"7";"GAULLE RUE CHARLES DE";"47,4247800";" -0,5253800"
"201900016241";"29";"6";"2019";"23:05";"2";"49";"49007";"2";"1";"1";"6";"GARE PLACE";"47,4654600";" -0,5567000"
"201900016242";"29";"6";"2019";"05:15";"5";"49";"49015";"2";"1";"1";"6";"CROIX CADEAU Z.I.";"47,5181500";" -0,6078400"
"201900016243";"29";"6";"2019";"00:35";"5";"49";"49246";"2";"1";"1";"6";"PERRINS CHEMIN ET VILLAGE";"47,4414600";" -0,5098000"
"201900016244";"28";"6";"2019";"11:36";"1";"49";"49353";"2";"1";"1";"6";"JEAN JAURES RUE";"47,4454100";" -0,5034200"
"201900016245";"19";"6";"2019";"02:54";"5";"49";"49007";"2";"1";"1";"6";"BAUDRIERE";"47,4719300";" -0,5564900"
"201900016246";"2";"7";"2019";"14:10";"1";"45";"45004";"2";"1";"1";"6";"769 RUE DES BLEUETS";"47,9863559";"2,7295755"
"201900016247";"2";"7";"2019";"16:30";"1";"44";"44184";"2";"2";"1";"1";"BD MERMOZ / RUE GATE";"47,2769600";" -2,2274700"
"201900016248";"28";"6";"2019";"19:10";"1";"44";"44184";"2";"2";"1";"6";"RUES BROODCOORENS / NOISETIERS";"47,2610000";" -2,2562000"
"201900016249";"30";"6";"2019";"05:58";"2";"44";"44109";"2";"1";"1";"6";"BOULEVARD DE CARDIFF";"47,1985600";" -1,5863600"
"201900016250";"2";"7";"2019";"19:18";"1";"37";"37261";"2";"1";"1";"6";"RANJARD (RUE ROBERT)";"47,3816345";"0,7007574"
"201900016251";"2";"7";"2019";"18:20";"1";"37";"37261";"2";"1";"1";"6";"PORTILLON (QUAI DE)";"47,4010000";"0,6830000"
"201900016252";"2";"7";"2019";"14:21";"1";"37";"37261";"2";"1";"1";"2";"DE LATTRE DE TASSIGNY (BOULEVARD DE)";"47,3812737";"0,6970442"
"201900016253";"2";"7";"2019";"08:35";"1";"37";"37122";"2";"1";"1";"2";"VERDUN (RUE DE)";"47,3479400";"0,6652300"
"201900016254";"2";"7";"2019";"07:55";"1";"35";"35055";"1";"6";"1";"5";"VOIE DE LA LIBERTE";"48,0777878";" -1,6323478"
"201900016255";"2";"7";"2019";"18:00";"1";"34";"34129";"1";"1";"1";"4";"PALAVAS D986 (ROUTE DE)";"43,5420500";"3,8967900"
"201900016256";"2";"7";"2019";"16:00";"1";"34";"34172";"2";"2";"1";"2";"DESMOULINS (RUE CAMILLE)";"43,6339600";"3,8432400"
"201900016257";"1";"7";"2019";"07:40";"1";"34";"34172";"2";"2";"1";"3";"VIEILLE POSTE (RUE DE LA";"43,6161500";"3,9103500"
"201900016258";"17";"6";"2019";"16:55";"1";"34";"34032";"2";"1";"1";"3";"LAZARE JOSEPH (AV)";"43,3245000";"3,2464000"
"201900016259";"28";"6";"2019";"20:25";"1";"33";"33063";"2";"2";"1";"3";"CRS DU RACCORDEMENT";"44,8646600";" -0,5637600"
"201900016260";"1";"7";"2019";"12:25";"1";"33";"33063";"2";"1";"1";"2";"SOUYS (QUAI DE LA)";"44,8282800";" -0,5400300"
"201900016261";"2";"7";"2019";"20:00";"1";"32";"32013";"2";"1";"1";"6";"MARNE (AVENUE DE LA)";"43,6489400";"0,5954100"
"201900016262";"30";"6";"2019";"21:15";"1";"31";"31555";"2";"1";"1";"3";"AV DE LARDENNE";"43,5929200";"1,3893200"
"201900016263";"2";"7";"2019";"11:35";"1";"30";"30189";"2";"2";"1";"3";"MAS DE CHEYLON";"43,8050000";"4,3368000"
"201900016264";"1";"7";"2019";"15:20";"1";"29";"29232";"2";"1";"1";"4";"BREST ROUTE DE";"48,0111800";" -4,0797200"
"201900016265";"4";"5";"2019";"17:19";"1";"79";"79081";"1";"1";"1";"7";"Route de Paris";"46,3411100";" -0,3908600"
"201900016266";"14";"1";"2019";"06:50";"5";"76";"76322";"2";"3";"1";"3";"BROSSOLETTE. BOULEVARD PIERRE";"49,4174800";"1,0348900"
"201900016267";"16";"5";"2019";"06:40";"2";"74";"74298";"2";"1";"1";"3";"BONNEVILLE (ROUTE DE )";"46,1725670";"6,2512670"
"201900016268";"19";"4";"2019";"16:30";"1";"74";"74093";"2";"1";"1";"7";"SAINT-JOSEPH (CHEMIN)";"45,9001000";"6,1083000"
"201900016269";"18";"5";"2019";"19:20";"1";"73";"73065";"2";"1";"1";"6";"LAURIER (RUE DU)";"45,5665055";"5,9275156"
"201900016270";"30";"4";"2019";"13:15";"1";"73";"73065";"2";"2";"1";"2";"D1006 REPOS (AVENUE DU)";"45,5759530";"5,9070349"
"201900016271";"26";"5";"2019";"11:20";"1";"71";"71306";"2";"1";"1";"6";"PETIT BOIS (RUE DU)";"46,6806200";"4,3771400"
"201900016272";"23";"5";"2019";"19:30";"1";"71";"71306";"2";"1";"1";"6";"VERNOIS (ROUTE DU )";"46,6599600";"4,3648900"
"201900016273";"22";"5";"2019";"12:20";"1";"71";"71306";"2";"1";"1";"3";"MARECHAL LECLERC (AVENUE DU)";"46,6812100";"4,3704900"
"201900016274";"15";"5";"2019";"08:30";"1";"71";"71306";"2";"1";"1";"3";"COUDRAIE (RUE DE LA)";"46,6915000";"4,3530600"
"201900016275";"2";"5";"2019";"10:15";"1";"71";"71540";"2";"2";"2";"3";"BOURGOGNE (AVENUE DE)";"46,7840600";"4,4330300"
"201900016276";"16";"5";"2019";"11:00";"1";"71";"71076";"2";"1";"1";"6";"BEAUNE (PLACE DE )";"46,7851600";"4,8554400"
"201900016277";"27";"5";"2019";"07:35";"1";"69";"69264";"2";"1";"1";"6";"BERNAND ETIENNE ( boulvard) ";"45,9850251";"4,7151464"
"201900016278";"4";"5";"2019";"09:50";"1";"69";"69264";"2";"1";"1";"7";"EUROPE L'  AV DE";"45,9921814";"4,7422957"
"201900016279";"14";"5";"2019";"10:04";"1";"64";"64445";"2";"6";"1";"3";"ALLEES DE MORLAAS DES";"43,3077400";" -0,3391500"
"201900016280";"16";"3";"2019";"09:50";"1";"62";"62498";"2";"3";"1";"6";"FOSSE 11 (AV. DE LA)";"50,4422670";"2,7896090"
"201900016281";"1";"5";"2019";"14:15";"1";"62";"62498";"2";"1";"1";"3";"BETHUNE (RTE DE)";"50,4357600";"2,8169000"
"201900016282";"21";"4";"2019";"15:50";"1";"62";"62250";"2";"9";"1";"3";"JAURES (R JEAN)";"50,4572700";"2,9463600"
"201900016283";"10";"4";"2019";"16:30";"1";"62";"62133";"2";"9";"1";"3";"REPUBLIQUE (AV. DE LA)";"50,4199300";"2,9045300"
"201900016284";"8";"2";"2019";"21:30";"5";"59";"59383";"2";"3";"1";"5";"CAMELINAT (RUE)";"50,3365300";"3,5274200"
"201900016285";"15";"3";"2019";"19:05";"1";"59";"59606";"2";"1";"1";"2";"POILUS (RUE DES)";"50,3515400";"3,5158600"
"201900016286";"27";"4";"2019";"06:00";"5";"57";"57463";"2";"1";"1";"6";"NEY (AVENUE )";"49,1154400";"6,1719000"
"201900016287";"16";"5";"2019";"14:02";"1";"51";"51454";"2";"1";"1";"2";"BOULEVARD MARCELLIN BERTHELOT";"49,2699238";"4,0697136"
"201900016288";"13";"5";"2019";"10:50";"1";"51";"51454";"2";"2";"1";"1";"PLACE LUTON";"49,2700900";"4,0253700"
"201900016289";"1";"5";"2019";"08:40";"1";"50";"50218";"1";"1";"1";"7";"VILLEDIEU LES POELES (ROUTE)";"48,8375670";" -1,5433140"
"201900016290";"29";"4";"2019";"08:35";"1";"50";"50165";"2";"1";"1";"6";"COUTANCES (ROUTE DE)";"48,8442920";" -1,5857890"
"201900016291";"13";"5";"2019";"20:10";"1";"49";"49267";"2";"1";"1";"2";"A87N";"47,4652600";" -0,5165400"
"201900016292";"10";"5";"2019";"10:26";"1";"49";"49353";"2";"1";"2";"7";"RECLUS";"47,4516600";" -0,5052800"
"201900016293";"9";"5";"2019";"12:58";"1";"49";"49267";"2";"1";"1";"6";"PEGUY";"47,4696604";" -0,4881030"
"201900016294";"24";"3";"2019";"03:58";"5";"44";"44109";"2";"9";"1";"6";"BOULEVARD GUSTAVE ROCH";"47,2040100";" -1,5512100"
"201900016295";"8";"5";"2019";"09:30";"1";"42";"42207";"2";"1";"8";"6";"VERNE JULES RUE";"45,4751670";"4,5260240"
"201900016296";"9";"5";"2019";"14:55";"1";"41";"41295";"2";"1";"1";"7";"D951";"47,5816700";"1,3665500"
"201900016297";"24";"5";"2019";"13:55";"1";"38";"38318";"2";"1";"1";"6";"GILBERT OLLIER(RUE)";"45,5326900";"4,9123800"
"201900016298";"20";"5";"2019";"08:45";"1";"38";"38544";"1";"1";"1";"3";"GUILLEMOTTES(RUE DES)";"45,5449500";"4,8881600"
"201900016299";"14";"5";"2019";"09:30";"1";"37";"37214";"2";"2";"1";"3";"REPUBLIQUE (AVENUE DE LA)";"47,4041909";"0,6683061"
"201900016300";"16";"5";"2019";"17:10";"1";"34";"34172";"2";"1";"1";"7";"DURAND (RUE)";"43,6057700";"3,8769800"
"201900016301";"30";"4";"2019";"19:00";"1";"33";"33529";"2";"1";"1";"3";"Av.GAL DE GAULLE";"44,6372600";" -1,1262700"
"201900016302";"12";"5";"2019";"03:07";"3";"29";"29232";"2";"1";"1";"6";"BENODET ROUTE DE";"47,9760702";" -4,0925248"
"201900016303";"28";"5";"2019";"16:50";"1";"27";"27229";"2";"9";"1";"6";"JANIN (BOULEVARD JULES)";"49,0262000";"1,1580000"
"201900016304";"13";"5";"2019";"08:55";"1";"22";"22278";"2";"1";"1";"3";"ARMOR (AV. D') COTE IMPAIR";"48,5122720";" -2,7541940"
"201900016305";"8";"5";"2019";"18:00";"1";"22";"22360";"2";"1";"1";"6";"SEGUIN (RUE MARC)";"48,4889190";" -2,7222950"
"201900016306";"26";"4";"2019";"13:00";"1";"22";"22278";"2";"3";"1";"3";"PRADAL (CHARLES)";"48,5002000";" -2,7511600"
"201900016307";"3";"5";"2019";"23:50";"5";"18";"18033";"2";"2";"1";"3";"BILLANT (RUE LOUIS)";"47,1043300";"2,3989400"
"201900016308";"29";"5";"2019";"17:55";"1";"17";"17300";"2";"6";"1";"6";"RAVEL   RUE MAURICE";"46,1640900";" -1,1256900"
"201900016309";"26";"5";"2019";"04:45";"3";"17";"17300";"2";"1";"1";"6";"REMPARTS   CHEMIN DES";"46,1648300";" -1,1557300"
"201900016310";"11";"5";"2019";"17:02";"1";"17";"17300";"2";"3";"1";"3";"NORMANDIN   RUE EMILE";"46,1504640";" -1,1460640"
"201900016311";"14";"5";"2019";"10:45";"1";"14";"14220";"2";"9";"7";"3";"GENERAL LECLERC (RUE)";"49,3552600";"0,0644500"
"201900016312";"10";"5";"2019";"14:40";"1";"14";"14699";"2";"1";"8";"4";"HONFLEUR (ROUTE D'HONFLEUR)";"49,3472600";"0,1108600"
"201900016313";"7";"5";"2019";"16:00";"1";"14";"14701";"1";"1";"1";"1";"CD 275";"49,2982800";"0,0811400"
"201900016314";"22";"5";"2019";"11:50";"1";"13";"13056";"1";"1";"1";"4";"RN 568";"43,4134000";"5,0115900"
"201900016315";"28";"5";"2019";"17:45";"1";"13";"13202";"2";"1";"1";"3";"JOLIETTE (QUAI DE LA)";"43,3021600";"5,3643600"
"201900016316";"23";"5";"2019";"01:00";"5";"13";"13201";"2";"3";"1";"3";"LIBERTE (BOULEVARD DE LA)";"43,3008400";"5,3810000"
"201900016317";"19";"5";"2019";"00:30";"5";"13";"13201";"2";"3";"1";"3";"MONTRICHER (BOULEVARD)";"43,3053000";"5,3934000"