"Num_Acc";"jour";"mois";"an";"hrmn";"lum";"dep";"com";"agg";"int";"atm";"col";"adr";"lat";"long"
"201900016318";"16";"5";"2019";"13:25";"1";"13";"13204";"2";"2";"1";"3";"BLANCARDE (BOULEVARD)";"43,3033460";"5,4043260"
"201900016319";"15";"5";"2019";"22:38";"5";"13";"13206";"2";"2";"1";"3";"PARADIS (RUE)";"43,2880000";"5,3791000"
"201900016320";"15";"5";"2019";"07:00";"1";"13";"13205";"2";"1";"1";"2";"JEAN MOULIN (BOULEVARD)";"43,2919300";"5,4007200"
"201900016321";"15";"5";"2019";"05:51";"2";"13";"13207";"2";"1";"1";"7";"CHARLES LIVON (BOULEVARD)";"43,2919600";"5,3583300"
"201900016322";"12";"5";"2019";"03:20";"5";"13";"13207";"2";"2";"1";"3";"SAINTE (RUE)";"43,2912100";"5,3693200"
"201900016323";"7";"5";"2019";"09:10";"1";"13";"13202";"2";"3";"1";"3";"PEYSSONNEL (RUE)";"43,3136000";"5,3716000"
"201900016324";"21";"5";"2019";"13:00";"1";"13";"13047";"2";"3";"1";"1";"GARLABAN RUE DU";"43,5275030";"4,9739080"
"201900016325";"16";"5";"2019";"08:25";"1";"10";"10362";"2";"3";"1";"6";"NUNGESSER (RUE)";"48,2917798";"4,0361994"
"201900016326";"16";"5";"2019";"07:56";"1";"10";"10387";"2";"9";"1";"2";"GAMBETTA (RUE)";"48,3003300";"4,0746800"
"201900016327";"15";"5";"2019";"13:25";"1";"10";"10333";"1";"1";"1";"2";"ROCADE OUEST (RD 610)";"48,2708373";"4,0494517"
"201900016328";"25";"5";"2019";"11:30";"1";"7";"07316";"1";"1";"1";"7";"NIMES (ROUTE DE)";"44,8795900";"4,8483500"
"201900016329";"21";"5";"2019";"16:35";"1";"7";"07281";"2";"6";"1";"6";"Carrefour de la LIBERATION";"44,9454200";"4,8473200"
"201900016330";"21";"5";"2019";"09:22";"1";"7";"07070";"2";"3";"1";"3";"COLONNEL ROUSSET (AVENUE DU)";"44,9587600";"4,8474100"
"201900016331";"30";"4";"2019";"08:47";"1";"7";"07102";"2";"3";"1";"3";"LANGUEDOC (Rue du)";"44,9276600";"4,8621800"
"201900016332";"28";"4";"2019";"15:10";"1";"7";"07281";"1";"1";"1";"7";"C.D.533";"44,9363050";"4,7912000"
"201900016333";"31";"3";"2019";"18:00";"1";"7";"07102";"1";"6";"1";"2";"PONT DES LONES";"44,9204400";"4,8626300"
"201900016334";"14";"3";"2019";"08:15";"1";"2";"02722";"2";"6";"2";"6";"MAIL ( ROND POINT DU )";"49,3843000";"3,3295600"
"201900016335";"22";"5";"2019";"18:40";"1";"94";"94017";"2";"1";"1";"6";"LOUIS TALAMONI (R)";"48,8132000";"2,5127700"
"201900016336";"21";"5";"2019";"09:45";"1";"94";"94017";"2";"1";"1";"6";"REPUBLIQUE (AV DE LA)";"48,8210529";"2,5108998"
"201900016337";"22";"4";"2019";"16:30";"1";"94";"94017";"2";"1";"1";"3";"ONZE NOVEMBRE 1918 (AV DU)";"48,8097000";"2,5375700"
"201900016338";"17";"5";"2019";"17:20";"1";"94";"94044";"2";"1";"1";"5";"GENERAL LECLERC (AV DU)";"48,7468100";"2,5102200"
"201900016339";"7";"5";"2019";"13:45";"1";"94";"94071";"2";"1";"1";"1";"GRAND VAL (R DU)";"48,7758900";"2,5208600"
"201900016340";"3";"5";"2019";"08:20";"1";"94";"94004";"2";"1";"1";"6";"GENERAL LECLERC (AV DU)";"48,7509800";"2,5072800"
"201900016341";"3";"5";"2019";"06:00";"5";"94";"94044";"2";"1";"1";"6";"VIEUX LOUVRE (R DU)";"48,7441100";"2,4816900"
"201900016342";"20";"5";"2019";"01:56";"5";"94";"94002";"2";"1";"1";"3";"VAILLANT COUTURIER (R)";"48,8143500";"2,4152720"
"201900016343";"31";"1";"2019";"19:00";"5";"93";"93070";"2";"1";"2";"3";"JEAN-JAURES (BD)";"48,9135700";"2,3357800"
"201900016344";"28";"5";"2019";"17:10";"1";"93";"93055";"2";"1";"1";"6";"JEAN LOLIVE (AVENUE)(75/105.88/106)";"48,8924800";"2,4094600"
"201900016345";"20";"5";"2019";"21:35";"5";"93";"93053";"2";"1";"1";"6";"PARC (RUE DU)";"48,8876900";"2,4466200"
"201900016346";"20";"5";"2019";"13:00";"1";"92";"92072";"2";"1";"8";"6";"GRANDE RUE";"48,8262384";"2,2187636"
"201900016347";"15";"5";"2019";"19:10";"1";"92";"92049";"2";"1";"1";"3";"JAURES PLACE JEAN";"48,8162300";"2,3116200"
"201900016348";"5";"5";"2019";"15:00";"1";"92";"92049";"2";"2";"2";"3";"HENRY RUE DES FRERES";"48,8112090";"2,3184076"
"201900016349";"28";"4";"2019";"19:25";"1";"92";"92049";"2";"2";"3";"3";"GINOUX AVENUE HENRI AUTRES N°";"48,8112000";"2,3184000"
"201900016350";"27";"4";"2019";"23:50";"5";"92";"92049";"2";"1";"2";"2";"BRIAND AVENUE ARISTIDE N°2 A 114";"48,8177900";"2,3253900"
"201900016351";"2";"3";"2019";"11:15";"1";"92";"92044";"2";"1";"1";"2";"ALSACE (RUE) N°1 A 17 ET 2 A 18";"48,8900552";"2,2928407"
"201900016352";"4";"5";"2019";"20:35";"2";"92";"92025";"2";"1";"2";"3";"CHARLES DE GAULLE (BD)";"48,9244000";"2,2630000"
"201900016353";"18";"5";"2019";"14:45";"1";"92";"92009";"2";"3";"1";"6";"VICTOR HUGO ( RUE )";"48,9169100";"2,2730233"
"201900016354";"13";"2";"2019";"17:05";"1";"92";"92004";"2";"1";"1";"3";"VOLTAIRE ( BD )";"48,9173008";"2,2866284"
"201900016355";"7";"2";"2019";"19:30";"1";"92";"92004";"2";"1";"1";"6";"GRANDE RUE CHARLES DE GAULLE";"48,9063686";"2,2861691"
"201900016356";"31";"1";"2019";"21:50";"5";"92";"92009";"2";"3";"3";"3";"PAUL DEROULEDE ( RUE )";"48,9142533";"2,2628780"
"201900016357";"28";"4";"2019";"09:00";"1";"92";"92004";"2";"3";"1";"3";"GRESILLONS ( AVENUE DES  )";"48,9151049";"2,3017269"
"201900016358";"9";"3";"2019";"19:38";"5";"92";"92004";"2";"3";"1";"6";"MOURINOUX ( RUE DES )";"48,9292058";"2,2744956"
"201900016359";"27";"5";"2019";"09:40";"1";"33";"33162";"1";"1";"1";"7";"ROCADE A 630";"44,8784600";" -0,6301300"
"201900016360";"28";"5";"2019";"04:50";"3";"95";"95424";"1";"1";"1";"6";"AUTOROUTE A15";"48,9922600";"2,1889200"
"201900016361";"20";"5";"2019";"09:40";"1";"95";"95018";"1";"1";"2";"2";"AUTOROUTE A15";"48,9496900";"2,2805200"
"201900016362";"20";"5";"2019";"06:30";"2";"93";"93005";"1";"1";"2";"7";"AUTOROUTE A3";"48,9616900";"2,4674300"
"201900016363";"20";"5";"2019";"07:45";"1";"95";"95582";"1";"1";"2";"6";"AUTOROUTE A15";"48,9759800";"2,2388700"
"201900016364";"20";"5";"2019";"02:20";"3";"95";"95582";"1";"1";"2";"6";"RD 170";"48,9625100";"2,2634600"
"201900016365";"19";"5";"2019";"21:45";"3";"93";"93053";"1";"1";"2";"6";"AUTOROUTE A103";"48,8874200";"2,4732600"
"201900016366";"19";"5";"2019";"07:30";"1";"93";"93064";"1";"1";"2";"6";"AUTOROUTE A86";"48,8841400";"2,4716200"
"201900016367";"18";"5";"2019";"23:50";"3";"95";"95580";"1";"1";"1";"2";"AUTOROUTE A1";"49,0928700";"2,5505800"
"201900016368";"18";"5";"2019";"22:40";"3";"95";"95394";"1";"1";"3";"6";"RN 184";"49,0531100";"2,1689400"
"201900016369";"29";"5";"2019";"16:35";"1";"988";"98818";"1";"1";"1";"3";"IEKAWE (RUE JACQUES)";" -22,2259000";"166,4807500"
"201900016370";"26";"5";"2019";"10:17";"1";"988";"98818";"2";"2";"1";"6";"RUE SEBASTOPOL/A. BRUN";" -22,2767067";"166,4439172"
"201900016371";"25";"5";"2019";"14:00";"1";"988";"98818";"2";"1";"1";"7";"RUE JULES FERRY";" -22,2749200";"166,4386500"
"201900016372";"24";"5";"2019";"15:05";"1";"988";"98818";"2";"2";"1";"3";"ROUTE DU PORT DESPOINTES/RUE STRASBOURG";" -22,2786400";"166,4510700"
"201900016373";"24";"5";"2019";"06:30";"1";"988";"98818";"2";"3";"2";"2";"RUE P. ARTIGUE/RUE J. HARBULOT";" -22,2563400";"166,4647700"
"201900016374";"21";"5";"2019";"07:55";"1";"988";"98818";"2";"3";"1";"3";"RUE JULES GARNIER";" -22,2905000";"166,4400000"
"201900016375";"18";"5";"2019";"21:10";"5";"988";"98818";"2";"1";"1";"5";"VOIE DE DEGAGEMENT EST";" -22,2789600";"166,4620700"
"201900016376";"14";"5";"2019";"17:50";"5";"988";"98818";"2";"3";"1";"6";"RUE TARAGNAT";" -22,2711270";"166,4524788"
"201900016377";"14";"5";"2019";"07:10";"1";"988";"98818";"2";"1";"2";"2";"RUE PALASETE SAKO";" -22,2260346";"166,4894825"
"201900016378";"13";"5";"2019";"20:30";"5";"988";"98818";"2";"3";"1";"6";"ANSE VATA/KERVISTIN";" -22,2947600";"166,4456500"
"201900016379";"11";"5";"2019";"18:45";"5";"988";"98818";"2";"1";"1";"2";"RUE DU 18 JUIN";" -22,2769100";"166,4685100"
"201900016380";"11";"5";"2019";"00:28";"5";"988";"98818";"2";"2";"1";"3";"RUE P. BOUTONNET/ROUTE DE L'ANSE-VATA";" -22,2963500";"166,4451100"
"201900016381";"10";"5";"2019";"21:28";"5";"988";"98818";"2";"1";"1";"3";"IEKAWE (RUE JACQUES)";" -22,2319000";"166,4799000"
"201900016382";"10";"5";"2019";"19:15";"5";"988";"98818";"2";"1";"1";"3";"IEKAWE (RUE JACQUES)";" -22,2474589";"166,4668071"
"201900016383";"10";"5";"2019";"18:25";"5";"988";"98818";"2";"1";"1";"6";"ROUTE DE LA BAIE DES DAMES";" -22,2354700";"166,4440000"
"201900016384";"10";"5";"2019";"15:00";"1";"988";"98818";"2";"1";"1";"6";"RUE DES TOURS";" -22,2724000";"166,4657000"
"201900016385";"10";"5";"2019";"13:30";"1";"988";"98818";"2";"1";"1";"7";"SEBASTOPOL (RUE DE)";" -22,2760600";"166,4438900"
"201900016386";"6";"5";"2019";"19:45";"5";"988";"98818";"2";"2";"1";"3";"RUE JACQUES IEKAWE";" -22,2252100";"166,4808900"
"201900016387";"6";"5";"2019";"08:05";"1";"988";"98818";"2";"1";"1";"6";"ROUTE DU PORT DESPOINTES";" -22,2833500";"166,4534700"
"201900016388";"6";"5";"2019";"08:30";"1";"988";"98818";"2";"1";"1";"6";"PROMENADE ROGER LAROQUE";" -22,3017500";"166,4358000"
"201900016389";"5";"5";"2019";"12:35";"1";"988";"98818";"2";"1";"1";"5";"PROMENADE PIERRE VERNIER";" -22,2928500";"166,4592400"
"201900016390";"3";"5";"2019";"21:00";"2";"988";"98818";"2";"9";"1";"5";"RUE AUGUSTE BRUN/SEBASTOPOL";" -22,2763270";"166,4438970"
"201900016391";"2";"5";"2019";"04:45";"5";"988";"98818";"1";"1";"1";"6";"RUE ARMAND OHLEN";" -22,2506100";"166,4637000"
"201900016392";"1";"5";"2019";"09:05";"1";"988";"98818";"2";"3";"2";"3";"RUE TINDALE/RUE JULES GARNIER";" -22,2899200";"166,4426700"
"201900016393";"2";"5";"2019";"18:18";"5";"987";"98736";"2";"9";"1";"1";"ARIIPAEA POMARE (AV)";" -17,5336630";" -149,5470470"
"201900016394";"18";"5";"2019";"19:30";"5";"976";"97611";"2";"1";"1";"2";"kaweni-SPPM ( rue de la )";" -12,7709402";"45,2226625"
"201900016395";"10";"5";"2019";"10:25";"1";"976";"97611";"2";"1";"1";"3";"kaweni-Caserne ( rue de la )";" -12,7755520";"45,2236630"
"201900016396";"10";"5";"2019";"07:20";"1";"976";"97611";"2";"1";"1";"5";"kaweni-Mangrove (route de la)";" -12,7758300";"45,2268200"
"201900016397";"7";"5";"2019";"06:10";"1";"976";"97611";"1";"1";"1";"3";"m'tsapere-Nationale 2 (route)";" -12,7924200";"45,2206600"
"201900016398";"1";"5";"2019";"05:35";"2";"976";"97611";"2";"9";"1";"3";"mamoudzou centre-Internat (rue de l')";" -12,7848200";"45,2288400"
"201900016399";"29";"4";"2019";"15:20";"1";"976";"97611";"2";"1";"1";"6";"mamoudzou centre-RP Passot quai colas (R";" -12,7764000";"45,2310000"
"201900016400";"27";"5";"2019";"14:50";"5";"974";"97416";"2";"3";"1";"6";"Chemin Badamier";" -21,3135830";"55,4566960"
"201900016401";"27";"5";"2019";"06:00";"2";"974";"97416";"2";"6";"1";"3";"Bd Hubert de Lisle";" -21,3434700";"55,4680600"
"201900016402";"23";"5";"2019";"12:00";"2";"974";"97416";"2";"9";"1";"3";"Route de Saint François";" -20,9140700";"55,4607600"
"201900016403";"13";"5";"2019";"18:00";"2";"974";"97416";"1";"1";"1";"4";"RN2";" -21,3421600";"55,4952400"
"201900016404";"7";"5";"2019";"16:55";"2";"974";"97416";"1";"1";"1";"4";"RN1 (ROUTE NATIONALE)";" -21,3323000";"55,4584000"
"201900016405";"7";"5";"2019";"18:15";"2";"974";"97416";"2";"3";"1";"3";"D28 LIGNE DES BAMBOUS";" -21,2989000";"55,4939000"
"201900016406";"6";"5";"2019";"06:15";"2";"974";"97416";"2";"1";"1";"6";"Boulevard Bank";" -21,3318400";"55,4785900"
"201900016407";"1";"5";"2019";"16:45";"1";"974";"97416";"1";"1";"1";"7";"CONCESSION CONDE(CHEMIN)";" -21,3165695";"55,4910743"
"201900016408";"30";"4";"2019";"13:15";"1";"974";"97416";"1";"1";"1";"2";"Allée de la Zone";" -21,3205500";"55,4743400"
"201900016409";"30";"4";"2019";"08:00";"1";"974";"97416";"1";"2";"1";"3";"Route Gabriel Macé";" -21,2939000";"55,5108000"
"201900016410";"29";"4";"2019";"08:00";"1";"974";"97416";"2";"6";"2";"7";"HUBERT DE LISLE(BOULEVARD)";" -21,3387500";"55,4584900"
"201900016411";"28";"5";"2019";"18:20";"5";"974";"97411";"2";"1";"1";"3";"LECLERC (DU MARECHAL)";" -20,8839400";"55,4639500"
"201900016412";"28";"5";"2019";"13:00";"1";"974";"97411";"2";"1";"1";"6";"Rue François de Mahy";" -20,8989570";"55,4845510"
"201900016413";"27";"5";"2019";"19:20";"5";"974";"97411";"2";"1";"1";"4";"JAURES (BOULEVARD JEAN)";" -20,8963800";"55,4739300"
"201900016414";"12";"11";"2019";"19:45";"5";"91";"91477";"2";"3";"2";"6";"FRANCE (RUE ANATOLE)";"48,7184000";"2,2458000"
"201900016415";"19";"11";"2019";"11:30";"1";"91";"91286";"2";"1";"1";"1";"PREMIERE ARMEE (AVENUE)";"48,6571220";"2,3986130"
"201900016416";"19";"11";"2019";"06:40";"5";"91";"91425";"2";"1";"1";"6";"ORLEANS (ROUTE D')";"48,6436400";"2,2696080"
"201900016417";"18";"11";"2019";"19:00";"5";"91";"91021";"2";"1";"2";"7";"VOLTAIRE (BOULEVARD)";"48,5884600";"2,2519400"
"201900016418";"18";"11";"2019";"17:45";"1";"87";"87085";"1";"1";"1";"2";"AUTOROUTE A20";"45,8936900";"1,2936700"
"201900016419";"19";"11";"2019";"10:00";"1";"85";"85191";"2";"9";"1";"3";"PONT RUE DU";"46,6678400";" -1,4345700"
"201900016420";"18";"11";"2019";"09:20";"1";"85";"85191";"2";"1";"1";"2";"RUE DU MARECHAL JUIN";"46,6628100";" -1,4228000"
"201900016421";"30";"10";"2019";"10:20";"1";"83";"83126";"2";"2";"1";"6";"PETIN (AV HENRI)";"43,1029500";"5,8742700"
"201900016422";"15";"11";"2019";"17:10";"2";"82";"82121";"2";"1";"3";"6";"SARRAIL (16 RUE DU GENERAL)";"44,0152000";"1,3478700"
"201900016423";"15";"11";"2019";"15:15";"1";"80";"80261";"2";"1";"3";"4";"N/A";"49,8373140";"2,2688410"
"201900016424";"15";"11";"2019";"17:30";"3";"80";"80021";"1";"1";"2";"2";"ROCADE NORD EST RN 25";"49,8980490";"2,3727950"
"201900016425";"19";"11";"2019";"08:20";"1";"77";"77294";"2";"2";"1";"2";"LILAS (AVENUE DES)";"48,9553678";"2,6067612"
"201900016426";"16";"11";"2019";"19:55";"3";"76";"76305";"2";"9";"1";"3";"RD 6015";"49,5160300";"0,2386900"
"201900016427";"19";"11";"2019";"16:00";"1";"74";"74010";"2";"1";"1";"6";"PRESIDENT FAVRE";"45,9028100";"6,1263400"
"201900016428";"17";"11";"2019";"11:10";"1";"72";"72181";"2";"1";"1";"3";"PADERBORN (AV) N° IMP 5 ET plus";"48,0099900";"0,2015100"
"201900016429";"19";"11";"2019";"17:45";"5";"69";"69256";"2";"1";"1";"3";"PAUL MARCELLIN                      (AV)";"45,7741900";"4,9323700"
"201900016430";"18";"11";"2019";"18:05";"2";"69";"69271";"2";"1";"1";"2";"JEAN MERMOZ                             ";"45,7429900";"4,9384200"
"201900016431";"18";"11";"2019";"19:30";"5";"67";"67482";"2";"3";"1";"3";"MONTAGNE VERTE (RUE DE LA)";"48,5703300";"7,7381600"
"201900016432";"19";"11";"2019";"12:50";"1";"64";"64445";"2";"1";"1";"7";"ALSACE LORRAINE D'";"43,3055025";" -0,3748063"
"201900016433";"18";"11";"2019";"17:40";"3";"64";"64348";"1";"1";"1";"2";"EUROPE DE L'";"43,3223500";" -0,3902900"
"201900016434";"19";"11";"2019";"15:00";"1";"64";"64102";"2";"1";"1";"1";"AVRIL (AVENUE DU 14)";"43,5027612";" -1,4631273"
"201900016435";"25";"10";"2019";"05:30";"2";"62";"62624";"2";"1";"1";"3";"REPUBLIQUE (AVE DE LA )";"50,4135300";"2,9886000"
"201900016436";"18";"11";"2019";"07:15";"5";"62";"62643";"1";"1";"1";"6";"EUROPE ( rue de l' )";"50,7070073";"1,6040622"
"201900016437";"19";"11";"2019";"15:00";"1";"62";"62108";"2";"3";"1";"3";"PLAINE RANDON";"50,4076830";"1,5737700"
"201900016438";"10";"11";"2019";"17:40";"5";"59";"59350";"2";"1";"1";"6";"HOOVER AVENUE DU PRESIDENT";"50,6308200";"3,0774600"
"201900016439";"25";"10";"2019";"14:15";"1";"59";"59560";"2";"1";"1";"6";"HENTGES JOSEPH BOULEVARD";"50,5512900";"3,0305800"
"201900016440";"19";"11";"2019";"18:15";"3";"59";"59588";"1";"1";"1";"6";"32EME DI";"51,0298870";"2,4362560"
"201900016441";"18";"11";"2019";"20:35";"3";"56";"56260";"1";"1";"1";"6";"RN 165 -SENS LORIENT / NANTES";"47,6614600";" -2,7101400"
"201900016442";"18";"11";"2019";"10:10";"1";"56";"56121";"2";"6";"1";"6";"TOULLEC (RUE  FRANCOIS )";"47,7332900";" -3,3847300"
"201900016443";"17";"11";"2019";"21:40";"5";"56";"56121";"2";"3";"1";"1";"LE SAMEDY (RUE  CHARLES )";"47,7527100";" -3,3606500"
"201900016444";"15";"11";"2019";"19:50";"5";"56";"56107";"2";"1";"1";"7";"DUQUESNE (RUE ABRAHAM)";"47,7045400";" -3,3926400"
"201900016445";"18";"11";"2019";"06:58";"2";"54";"54395";"2";"1";"2";"7";"POINCARE (RUE RAYMOND 1-29-2-30)";"48,6896630";"6,1706320"
"201900016446";"18";"11";"2019";"11:35";"1";"54";"54357";"2";"4";"2";"7";"METZ (ROUTE DE)";"48,7075220";"6,1665160"
"201900016447";"18";"11";"2019";"10:40";"1";"54";"54395";"2";"3";"2";"1";"PARE (RUE AMBROISE)";"48,7057380";"6,1403360"
"201900016448";"18";"11";"2019";"08:15";"1";"54";"54547";"2";"2";"3";"7";"LISBONNE (RUE DE)";"48,6614000";"6,1692000"
"201900016449";"19";"11";"2019";"11:40";"1";"53";"53130";"2";"1";"1";"6";"DANIEL ( BOULEVARD LUCIEN )";"48,0538600";" -0,7963100"
"201900016450";"19";"11";"2019";"07:30";"2";"51";"51454";"2";"2";"8";"3";"RUE DE LA GARENNE";"49,2442435";"4,0072898"
"201900016451";"18";"11";"2019";"11:50";"1";"51";"51573";"2";"1";"2";"1";"CHEMIN DES FEMMES";"49,2432488";"3,9888266"
"201900016452";"19";"9";"2019";"16:00";"1";"50";"50147";"2";"1";"1";"3";"JEAN FRANCOIS MILLET";"49,0546400";" -1,4306200"
"201900016453";"18";"11";"2019";"14:50";"1";"50";"50173";"2";"2";"1";"1";"ARAGO (RUE)";"49,6533400";" -1,6633500"
"201900016454";"18";"11";"2019";"15:50";"1";"49";"49353";"2";"1";"1";"3";"RIOTTEAU";"47,4408000";" -0,4985000"
"201900016455";"18";"11";"2019";"22:14";"4";"41";"41018";"2";"1";"1";"3";"BOULLE (RUE ANDRE)";"47,6064200";"1,3276400"
"201900016456";"19";"11";"2019";"14:05";"1";"37";"37122";"2";"1";"1";"6";"MALRAUX (ALLEE)";"47,3470800";"0,6448600"
"201900016457";"18";"11";"2019";"17:40";"5";"35";"35238";"2";"5";"1";"3";"TILLON (AVENUE CHARLES)";"48,1245960";" -1,7030980"
"201900016458";"18";"11";"2019";"17:20";"1";"33";"33063";"2";"1";"1";"6";"RUE PELLEPORT";"44,8231500";" -0,5601700"
"201900016459";"18";"11";"2019";"07:30";"2";"33";"33162";"2";"2";"1";"3";"AVE DU MEDOC";"44,8801500";" -0,6276900"
"201900016460";"19";"11";"2019";"17:30";"2";"33";"33529";"2";"3";"1";"3";"D112 / Av.Chantebois";"44,6134700";" -1,1351400"
"201900016461";"19";"11";"2019";"10:05";"1";"33";"33529";"2";"1";"1";"2";"13 R. DU PORT";"44,6338800";" -1,1446600"
"201900016462";"19";"11";"2019";"01:25";"5";"31";"31555";"2";"1";"1";"7";"AV JEAN RIEUX";"43,5975600";"1,4588800"
"201900016463";"18";"11";"2019";"17:40";"5";"31";"31555";"2";"1";"1";"3";"EISENHOWER (AVENUE DU GENERAL)";"43,5491900";"1,4193500"
"201900016464";"18";"11";"2019";"16:50";"1";"31";"31555";"2";"9";"1";"6";"AV DE FRONTON";"43,6363700";"1,4333700"
"201900016465";"19";"11";"2019";"06:05";"3";"29";"29232";"2";"6";"1";"3";"EAU BLANCHE  ROND POINT DE L'";"47,9902100";" -4,0736000"
"201900016466";"19";"11";"2019";"09:00";"1";"26";"26057";"2";"1";"1";"2";"ALPES PROVENCE (BOULEVARD)";"45,0382400";"5,0553300"
"201900016467";"18";"11";"2019";"15:10";"1";"19";"19031";"2";"3";"1";"6";"VAUJOUR (RUE COLONEL)";"45,1594400";"1,5002300"
"201900016468";"18";"11";"2019";"16:15";"1";"17";"17306";"2";"1";"1";"2";"AMPERE";"45,6306600";" -1,0051800"
"201900016469";"19";"11";"2019";"08:20";"2";"17";"17028";"2";"6";"1";"3";"REPUBLIQUE   BOULEVARD DE LA";"46,1397900";" -1,1452000"
"201900016470";"14";"11";"2019";"17:32";"4";"12";"12202";"2";"1";"2";"6";"SAINT PIERRE (ROUTE DE)";"44,3575840";"2,5567600"
"201900016471";"19";"11";"2019";"12:20";"1";"11";"11069";"2";"3";"1";"3";"GERMAIN PIERRE";"43,2141000";"2,3581000"
"201900016472";"19";"11";"2019";"11:17";"1";"9";"09122";"1";"6";"1";"2";"ESPAGNE (ROUTE D')";"42,9486900";"1,6259800"
"201900016473";"19";"11";"2019";"13:15";"1";"2";"02408";"2";"2";"1";"3";"LAVOISIER (RUE)";"49,5631670";"3,6444240"
"201900016474";"19";"11";"2019";"18:00";"3";"75";"75115";"2";"1";"1";"3";"BD PERIPHERIQUE EXTERIEUR";"48,8275960";"2,2918880"
"201900016475";"19";"11";"2019";"10:50";"1";"75";"75117";"2";"1";"1";"4";"BD PERIPHERIQUE INTERIEUR";"48,8809920";"2,2823330"
"201900016476";"19";"11";"2019";"18:30";"5";"75";"75119";"2";"2";"1";"3";"RUE DU CHEMIN DE FER";"48,8997863";"2,3879449"
"201900016477";"19";"11";"2019";"16:20";"1";"75";"75118";"2";"7";"1";"1";"RUE CHAMPIONNET";"48,8958350";"2,3458360"
"201900016478";"19";"11";"2019";"12:00";"1";"75";"75118";"2";"4";"1";"3";"IMPASSE MARTEAU";"48,9016137";"2,3594695"
"201900016479";"19";"11";"2019";"11:50";"1";"75";"75117";"2";"2";"1";"6";"RUE DE PRONY";"48,8832750";"2,3019470"
"201900016480";"18";"11";"2019";"16:40";"5";"75";"75116";"2";"5";"2";"6";"AVENUE KLEBER";"48,8650110";"2,2887020"
"201900016481";"19";"11";"2019";"19:15";"5";"75";"75113";"2";"1";"1";"3";"RUE DU CHEVALERET";"48,8269130";"2,3776520"
"201900016482";"19";"11";"2019";"08:50";"1";"75";"75113";"2";"1";"1";"2";"RUE NATIONALE";"48,8274695";"2,3662098"
"201900016483";"19";"11";"2019";"17:00";"5";"75";"75108";"2";"4";"1";"6";"RUE DU FAUBOURG SAINT HONORE";"48,8758180";"2,3033470"
"201900016484";"19";"11";"2019";"17:45";"5";"94";"94078";"2";"3";"1";"3";"WINSTON CHURCHILL (AV)";"48,7542900";"2,4475900"
"201900016485";"18";"11";"2019";"17:35";"5";"94";"94068";"2";"3";"2";"6";"GAMBETTA (AV)";"48,7979000";"2,4913000"
"201900016486";"17";"11";"2019";"05:00";"5";"94";"94068";"2";"1";"1";"6";"ANGLAIS (PROM DES)";"48,7906000";"2,5206000"
"201900016487";"19";"11";"2019";"17:40";"5";"94";"94046";"2";"1";"1";"6";"DANIELLE CASANOVA (R)";"48,8095200";"2,4587700"
"201900016488";"19";"11";"2019";"12:30";"1";"94";"94003";"2";"1";"1";"6";"LAPLACE (AV)";"48,8071800";"2,3353600"
"201900016489";"19";"11";"2019";"07:30";"5";"94";"94081";"2";"9";"8";"3";"JEAN JAURES (AV)";"48,7948500";"2,4038200"
"201900016490";"19";"11";"2019";"13:00";"1";"94";"94034";"2";"1";"1";"2";"CERISAIE (AV DE LA)";"48,7532000";"2,3279100"
"201900016491";"19";"11";"2019";"18:10";"5";"94";"94033";"2";"6";"1";"6";"REPUBLIQUE (AV DE LA)";"48,8497200";"2,4565000"
"201900016492";"19";"11";"2019";"09:10";"1";"94";"94081";"2";"3";"1";"3";"HENRI DE VILMORIN (R)";"48,7927000";"2,3888000"
"201900016493";"18";"11";"2019";"23:00";"5";"94";"94017";"2";"2";"2";"3";"LOUIS TALAMONI (R)";"48,8135400";"2,5111900"
"201900016494";"19";"11";"2019";"18:25";"5";"94";"94075";"2";"1";"1";"6";"REVEILLON (R DE)";"48,7221300";"2,5338500"
"201900016495";"19";"11";"2019";"21:40";"5";"93";"93078";"2";"1";"1";"1";"BALLANGER (BD ROBERT)";"48,9550000";"2,5380400"
"201900016496";"19";"11";"2019";"18:00";"5";"93";"93073";"2";"2";"1";"3";"BARBUSSE (RUE HENRI)";"48,9632000";"2,5700000"
"201900016497";"19";"11";"2019";"22:45";"5";"93";"93071";"2";"1";"1";"2";"ROGER LE MANER (RUE)";"48,9388470";"2,5273410"
"201900016498";"18";"11";"2019";"18:30";"5";"93";"93070";"2";"1";"2";"6";"BATELIERS (RUE DES)";"48,9130000";"2,3250000"
"201900016499";"19";"11";"2019";"18:30";"5";"93";"93077";"2";"3";"1";"6";"BEAUSIRE (RUE)";"48,8798800";"2,5156700"
"201900016500";"18";"11";"2019";"16:20";"1";"93";"93048";"2";"1";"8";"6";"GALLILEE (RUE)";"48,8606300";"2,4482000"
"201900016501";"19";"11";"2019";"16:30";"1";"93";"93061";"2";"2";"8";"3";"BELVEDERE AVENUE DU";"48,8804000";"2,4083000"
"201900016502";"18";"11";"2019";"18:00";"3";"93";"93031";"2";"1";"2";"6";"NANCY (RUE DE)";"48,9565800";"2,2999000"
"201900016503";"19";"11";"2019";"17:46";"5";"92";"92050";"2";"1";"1";"1";"ARRAS RUE D'";"48,9000140";"2,2262120"
"201900016504";"18";"11";"2019";"16:15";"5";"92";"92050";"2";"1";"8";"1";"THOREZ MAURICE RUE";"48,8919600";"2,1956700"
"201900016505";"19";"11";"2019";"18:05";"5";"92";"92040";"2";"2";"1";"1";"GOUVERNEUR GAL EBOUE DU 02 AU 64";"48,8247200";"2,2653400"