"Num_Acc";"jour";"mois";"an";"hrmn";"lum";"dep";"com";"agg";"int";"atm";"col";"adr";"lat";"long"
"201900016506";"19";"11";"2019";"21:20";"5";"92";"92023";"2";"1";"1";"1";"CLAUDE TREBIGNAUD (AVENUE) BOIS S102";"48,7881600";"2,2529600"
"201900016507";"7";"11";"2019";"17:15";"1";"92";"92004";"2";"1";"1";"3";"DOCTEUR DERVAUX  ( QUAI DU )";"48,9047660";"2,2867598"
"201900016508";"20";"11";"2019";"07:00";"2";"67";"67061";"1";"1";"1";"6";"rd6";"48,7966541";"7,4314601"
"201900016509";"20";"11";"2019";"07:12";"2";"69";"69299";"1";"1";"1";"1";"D29";"45,6960790";"5,0915320"
"201900016510";"20";"11";"2019";"05:40";"2";"972";"97214";"2";"9";"1";"6";"Lotissement Seguineau";"14,8328870";" -61,0426430"
"201900016511";"20";"11";"2019";"10:20";"1";"88";"88218";"1";"1";"1";"1";"route de Bruyères";"48,1732180";"6,7718650"
"201900016512";"16";"11";"2019";"19:50";"3";"973";"97311";"2";"1";"1";"3";"D11";"5,4714609";" -54,0461200"
"201900016513";"26";"9";"2019";"06:45";"3";"34";"34076";"1";"1";"1";"4";"A75";"43,6443620";"3,4479560"
"201900016514";"9";"11";"2019";"13:50";"1";"37";"37208";"1";"1";"1";"2";"A10";"47,3686130";"0,7152930"
"201900016515";"19";"11";"2019";"17:00";"2";"83";"83057";"1";"1";"2";"3";"Route de Besse";"43,3667310";"6,2081800"
"201900016516";"19";"11";"2019";"15:20";"1";"2B";"2B319";"1";"1";"1";"3";"Figareto";"42,4243830";"9,5277670"
"201900016517";"19";"11";"2019";"19:30";"5";"71";"71367";"1";"3";"1";"2";"Route de LOUHANS";"46,6431980";"5,2971090"
"201900016518";"19";"11";"2019";"17:30";"5";"89";"89007";"1";"1";"1";"6";"D39";"47,5221110";"3,4730720"
"201900016519";"24";"10";"2019";"16:30";"1";"41";"41237";"1";"2";"8";"3";"Route de Soings";"47,4058910";"1,4843526"
"201900016520";"19";"11";"2019";"10:40";"1";"22";"22319";"2";"1";"1";"1";"Route de Plouzelambre";"48,6821850";" -3,5573260"
"201900016521";"19";"11";"2019";"19:10";"3";"29";"29029";"1";"1";"2";"7";"N164";"48,2434450";" -3,6641080"
"201900016522";"19";"11";"2019";"17:50";"5";"38";"38315";"2";"1";"1";"6";"34 Avenue de la Folatière";"45,5366410";"5,6589630"
"201900016523";"16";"11";"2019";"16:20";"1";"14";"14275";"1";"1";"2";"7";"cd170";"49,2822150";" -0,4535630"
"201900016524";"16";"11";"2019";"23:20";"3";"60";"60030";"1";"1";"1";"6";"D927";"49,3493895";"2,0968254"
"201900016525";"20";"11";"2019";"13:00";"1";"16";"16002";"1";"1";"1";"7";"Lieu Dit la Clie";"46,0678030";"0,1999200"
"201900016526";"19";"11";"2019";"10:00";"1";"21";"21530";"1";"1";"1";"6";"D905";"47,6546830";"4,2554530"
"201900016527";"19";"11";"2019";"12:05";"1";"27";"27227";"1";"2";"1";"3";"D89";"49,3680540";"0,6310560"
"201900016528";"20";"11";"2019";"15:10";"1";"27";"27056";"2";"2";"1";"3";"Rue Louis Gillain";"49,0945980";"0,5996010"
"201900016529";"20";"11";"2019";"07:50";"2";"27";"27565";"1";"2";"1";"3";"D23";"48,8846740";"0,8668490"
"201900016530";"19";"11";"2019";"18:20";"5";"87";"87154";"2";"3";"8";"7";"26 Avenue Sadi Carnot";"45,8846350";"0,8943740"
"201900016531";"7";"11";"2019";"18:40";"5";"88";"88327";"2";"3";"1";"3";"Rue de l'Eglise";"48,3070860";"6,3835020"
"201900016532";"19";"11";"2019";"17:50";"3";"71";"71177";"1";"1";"1";"5";"A39";"46,4904180";"5,3123640"
"201900016533";"20";"11";"2019";"17:20";"2";"31";"31349";"1";"1";"1";"4";"A64 - PK 239+700 - sens Toulouse-Tarbes";"43,2310556";"1,0650676"
"201900016534";"12";"10";"2019";"13:25";"1";"74";"74010";"2";"1";"1";"2";"Avenue de Periaz (Seynod)";"45,8762660";"6,0893590"
"201900016535";"20";"11";"2019";"12:15";"1";"68";"68386";"2";"1";"1";"6";"2 Rue du Monastère";"47,7205440";"7,3889490"
"201900016536";"18";"11";"2019";"18:45";"3";"987";"98729";"2";"1";"1";"6";"RT 91";" -17,4816530";" -149,7997100"
"201900016537";"20";"11";"2019";"17:30";"5";"77";"77327";"2";"2";"1";"6";"D619 X D419 X D56";"48,5619100";"3,0132300"
"201900016538";"19";"11";"2019";"16:17";"1";"2B";"2B169";"2";"1";"2";"4";"T20";"42,4597620";"9,2075370"
"201900016539";"20";"11";"2019";"10:10";"1";"34";"34209";"2";"2";"7";"6";"10 Rue de la Bergerie";"43,3030799";"3,3350855"
"201900016540";"19";"11";"2019";"17:30";"5";"83";"83016";"2";"6";"2";"2";"rond-point georges pompidou";"43,1956910";"5,8064820"
"201900016541";"19";"11";"2019";"10:42";"1";"10";"10021";"1";"1";"1";"6";"D107";"48,4457380";"4,2958740"
"201900016542";"19";"11";"2019";"15:30";"1";"82";"82050";"1";"1";"1";"5";"D30";"44,0988000";"0,7899450"
"201900016543";"19";"11";"2019";"23:15";"3";"31";"31291";"1";"1";"1";"1";"N124";"43,5892610";"1,2724430"
"201900016544";"19";"11";"2019";"17:25";"2";"40";"40244";"1";"1";"1";"7";"route départementale 824";"43,7039280";" -1,1763130"
"201900016545";"20";"11";"2019";"03:00";"1";"44";"44179";"1";"1";"7";"6";"La Noisetterie";"47,3427382";" -1,4686848"
"201900016546";"20";"11";"2019";"01:15";"3";"61";"61467";"1";"1";"1";"6";"Lieu Dit le Sourtoir";"48,4810580";"0,1527040"
"201900016547";"19";"11";"2019";"18:35";"5";"50";"50025";"2";"1";"1";"3";"D973";"48,6900110";" -1,3623740"
"201900016548";"20";"11";"2019";"09:09";"1";"60";"60619";"1";"1";"1";"4";"N2";"49,1121780";"2,7704070"
"201900016549";"19";"11";"2019";"17:10";"2";"13";"13210";"1";"1";"1";"2";"A50-Sens Aubagne vers Marseille";"43,2846900";"5,4160400"
"201900016550";"14";"11";"2019";"15:20";"1";"13";"13071";"1";"1";"3";"2";"A51-Sens Marseille vers Aix en Provence";"43,4153700";"5,3650500"
"201900016551";"19";"11";"2019";"06:50";"1";"13";"13071";"1";"1";"1";"2";"A7-Sens Marseille vers Lyon";"43,4094211";"5,2859325"
"201900016552";"18";"11";"2019";"18:30";"5";"13";"13215";"2";"1";"1";"2";"A7-Sens Lyon vers Marseille";"43,3681343";"5,3607745"
"201900016553";"18";"11";"2019";"18:00";"5";"13";"13055";"1";"1";"1";"2";"A507 sens Marseille - Aubagne";"43,3298900";"5,3938960"
"201900016554";"15";"11";"2019";"20:20";"3";"83";"83137";"1";"1";"2";"5";"A57";"43,1213200";"5,9533100"
"201900016555";"13";"11";"2019";"18:00";"4";"67";"67482";"1";"1";"8";"2";"N.4 Contournement Sud";"48,5734300";"7,7298300"
"201900016556";"19";"11";"2019";"20:25";"3";"33";"33448";"1";"1";"1";"2";"AUTOROUTE A 62";"44,7009300";" -0,5023500"
"201900016557";"19";"11";"2019";"18:05";"3";"91";"91347";"1";"1";"1";"2";"RN 104";"48,6223220";"2,2847730"
"201900016558";"19";"11";"2019";"14:56";"1";"91";"91689";"1";"1";"1";"7";"AUTOROUTE A6";"48,7411000";"2,3208300"
"201900016559";"19";"11";"2019";"08:50";"1";"92";"92019";"1";"1";"1";"2";"RN 385";"48,7611180";"2,2957343"
"201900016560";"19";"11";"2019";"07:30";"2";"91";"91471";"1";"1";"1";"5";"RN 118";"48,7119800";"2,1836900"
"201900016561";"18";"11";"2019";"18:15";"4";"91";"91363";"1";"1";"2";"3";"RN 104";"48,6476500";"2,1884000"
"201900016562";"19";"11";"2019";"13:48";"1";"92";"92050";"1";"1";"1";"6";"A14";"48,9012071";"2,2054649"
"201900016563";"19";"11";"2019";"07:40";"1";"92";"92076";"1";"1";"1";"2";"A13";"48,8322585";"2,1532242"
"201900016564";"19";"11";"2019";"06:30";"3";"78";"78158";"1";"1";"1";"6";"A13";"48,8348200";"2,1322550"
"201900016565";"19";"11";"2019";"02:40";"3";"78";"78455";"1";"1";"1";"6";"A13";"48,8565400";"2,0554600"
"201900016566";"18";"11";"2019";"22:50";"3";"78";"78640";"1";"1";"1";"6";"A86 INT";"48,7774200";"2,2229300"
"201900016567";"19";"11";"2019";"14:00";"1";"77";"77514";"1";"1";"1";"6";"A104";"48,9406000";"2,6284000"
"201900016568";"19";"11";"2019";"12:45";"1";"94";"94018";"1";"1";"1";"4";"A4";"48,8186000";"2,4093000"
"201900016569";"19";"11";"2019";"11:00";"1";"94";"94018";"1";"1";"1";"3";"A4";"48,8176000";"2,4165000"
"201900016570";"19";"11";"2019";"08:10";"2";"77";"77517";"1";"1";"1";"4";"A104";"48,8989661";"2,6563804"
"201900016571";"25";"7";"2019";"15:50";"1";"79";"79191";"2";"1";"9";"6";"Boulevard Pierre Mendès-France";"46,3258300";" -0,4132500"
"201900016572";"17";"11";"2019";"13:36";"1";"95";"95277";"2";"1";"1";"6";"BELLE ETOILE (RUE DE LA)";"48,9776000";"2,5002000"
"201900016573";"4";"11";"2019";"07:45";"2";"77";"77186";"1";"2";"2";"3";"D409 X D301";"48,4136200";"2,6441300"
"201900016574";"17";"11";"2019";"10:15";"1";"71";"71306";"2";"1";"1";"3";"SEMARD (RUE DE)";"46,6707100";"4,3785100"
"201900016575";"16";"11";"2019";"12:51";"1";"63";"63113";"2";"1";"1";"3";"BALLAINVILLIERS (RUE)";"45,7742998";"3,0868398"
"201900016576";"8";"7";"2019";"11:10";"1";"62";"62510";"2";"1";"1";"1";"CRACOVIE (R DE )";"50,4185000";"2,7800000"
"201900016577";"13";"11";"2019";"09:30";"1";"25";"25580";"2";"3";"1";"3";"OEHMICHEN (RUE)";"47,4728900";"6,8364200"
"201900016578";"17";"11";"2019";"12:30";"1";"13";"13207";"2";"1";"1";"4";"Corniche John Fitzgérald Kennedy";"43,2720000";"5,3630000"
"201900016579";"17";"11";"2019";"11:30";"1";"13";"13202";"2";"3";"1";"3";"PARIS (BOULEVARD DE)";"43,3151000";"5,3672700"
"201900016580";"16";"11";"2019";"19:35";"5";"92";"92020";"2";"1";"1";"6";"PARIS AVENUE DE N° IMPAIRS";"48,8066035";"2,2929179"
"201900016581";"17";"11";"2019";"20:00";"3";"974";"97409";"1";"9";"2";"6";"RN2 SENS ST BENOIT ST DENIS";" -20,9411600";"55,6451200"
"201900016582";"18";"11";"2019";"21:43";"3";"974";"97416";"1";"9";"1";"2";"RN2 (2)";" -21,3407900";"55,4939000"
"201900016583";"17";"11";"2019";"21:35";"5";"973";"97302";"2";"6";"1";"1";"BADUEL (ROUTE DE)";"4,9271848";" -52,2900510"
"201900016584";"18";"11";"2019";"18:45";"3";"69";"69387";"2";"2";"1";"3";"TONY GARNIER                        (AV)";"45,7266300";"4,8269300"
"201900016585";"18";"11";"2019";"14:35";"1";"69";"69259";"2";"1";"1";"3";"CHARLES DE GAULLE                   (AV)";"45,7150300";"4,8955700"
"201900016586";"18";"11";"2019";"09:50";"1";"69";"69259";"2";"9";"1";"2";"CLUZEL (DU)                         (CH)";"45,7014300";"4,8734300"
"201900016587";"17";"11";"2019";"02:40";"5";"972";"97213";"1";"1";"1";"6";"ROUTE NATIONALE 5";"14,5961000";" -60,9880000"
"201900016588";"18";"11";"2019";"18:42";"5";"69";"69149";"2";"2";"1";"3";"GRANDE RUE                          (GR)";"45,7211200";"4,8110900"
"201900016589";"30";"12";"2019";"04:45";"3";"94";"94003";"1";"1";"1";"6";"AUTOROUTE A6A";"48,8037800";"2,3418800"
"201900016590";"29";"12";"2019";"22:55";"4";"94";"94034";"1";"1";"1";"7";"AUTOROUTE A86";"48,7589100";"2,3372400"
"201900016591";"30";"12";"2019";"21:10";"4";"78";"78640";"2";"1";"1";"6";"N118";"48,7776000";"2,2230000"
"201900016592";"30";"12";"2019";"14:35";"1";"92";"92036";"1";"1";"1";"2";"A86";"48,9345912";"2,2684578"
"201900016593";"29";"12";"2019";"16:00";"1";"95";"95582";"1";"1";"1";"3";" A15";"48,9706400";"2,2489500"
"201900016594";"29";"12";"2019";"06:15";"4";"93";"93005";"1";"1";"1";"2";"AUTOROUTE A3";"48,9655400";"2,4747100"
"201900016595";"29";"12";"2019";"06:20";"3";"93";"93005";"1";"1";"1";"3";"AUTOROUTE A3";"48,9655400";"2,4747100"
"201900016596";"29";"12";"2019";"01:15";"4";"93";"93066";"1";"1";"1";"2";"AUTOROUTE A86";"48,9262700";"2,3372100"
"201900016597";"25";"10";"2019";"07:25";"2";"2";"02032";"2";"1";"1";"3";"38 Rue Saint Nicolas";"49,7739750";"3,1157800"
"201900016598";"29";"12";"2019";"23:00";"5";"69";"69386";"2";"2";"1";"3";"DUQUESNE                            (R )";"45,7729000";"4,8474000"
"201900016599";"29";"12";"2019";"16:20";"1";"69";"69388";"2";"1";"1";"3";"ETATS UNIS (DES)                    (BD)";"45,7329600";"4,8649400"
"201900016600";"28";"12";"2019";"11:20";"1";"83";"83069";"2";"1";"1";"2";"OLBIA  (VOIE)";"43,1170200";"6,1432800"
"201900016601";"28";"12";"2019";"22:15";"5";"69";"69275";"2";"1";"1";"2";"JEAN JAURES                         (AV)";"45,7705300";"4,9570900"
"201900016602";"27";"12";"2019";"19:35";"5";"69";"69266";"2";"1";"1";"6";"PIERRE BARATIN     (Rue)";"45,7633900";"4,9004300"
"201900016603";"28";"12";"2019";"09:00";"1";"65";"65286";"2";"1";"1";"6";"MARCADAL (PLACE)";"43,0953900";" -0,0462700"
"201900016604";"29";"12";"2019";"15:10";"1";"59";"59599";"2";"2";"1";"3";"ROOSEVELT (RUE FRANKLIN)";"50,7275230";"3,1636200"
"201900016605";"28";"12";"2019";"19:20";"3";"54";"54469";"1";"1";"1";"2";"RD135";"49,1546200";"6,0015500"
"201900016606";"29";"12";"2019";"21:25";"5";"50";"50218";"2";"7";"1";"3";"PORT (RUE DU)";"48,8357700";" -1,6046600"
"201900016607";"29";"12";"2019";"18:30";"2";"45";"45235";"2";"1";"1";"3";"133 RUE NATIONALE";"47,9414800";"1,8197100"
"201900016608";"29";"12";"2019";"11:45";"1";"44";"44162";"2";"1";"1";"6";"RUE DE L'AQUITAINE";"47,2102456";" -1,6160620"
"201900016609";"29";"12";"2019";"17:07";"1";"37";"37261";"2";"1";"8";"1";"PARCAY (RUE DE)";"47,4120296";"0,7255268"
"201900016610";"29";"12";"2019";"07:25";"5";"37";"37214";"2";"1";"1";"6";"CROIX PERIGOURD (RUE DE LA)";"47,4145780";"0,6578796"
"201900016611";"29";"12";"2019";"12:26";"1";"35";"35238";"2";"2";"7";"6";"LEROUX (BD OSCAR)";"48,0915510";" -1,6674590"
"201900016612";"29";"12";"2019";"12:50";"1";"13";"13206";"2";"3";"8";"5";"ROME (RUE DE)";"43,2911730";"5,3807260"
"201900016613";"28";"12";"2019";"15:30";"1";"13";"13213";"2";"1";"1";"2";"OLIVES (AVENUE DES)";"43,3259890";"5,4400780"
"201900016614";"29";"12";"2019";"01:10";"5";"13";"13213";"2";"2";"1";"4";"ALPHONSE DAUDET (RUE)";"43,3190463";"5,4081947"
"201900016615";"18";"12";"2019";"17:15";"2";"13";"13201";"2";"2";"1";"3";"VOLTAIRE    PAIRS (BOULEVARD)";"43,3019860";"5,3797100"
"201900016616";"30";"7";"2019";"22:40";"3";"7";"07331";"2";"1";"1";"2";"ISSOUX (QUARTIER)";"44,6526900";"4,3251800"
"201900016617";"28";"12";"2019";"14:15";"1";"3";"03185";"1";"1";"1";"1";"N/A";"46,3405292";"2,6318739"
"201900016618";"28";"12";"2019";"21:20";"5";"75";"75116";"2";"1";"1";"3";"BD PERIPHERIQUE INTERIEUR";"48,8532091";"2,2532487"
"201900016619";"28";"12";"2019";"12:40";"1";"75";"75120";"2";"1";"1";"2";"BD PERIPHERIQUE INTERIEUR";"48,8572541";"2,4139988"
"201900016620";"28";"12";"2019";"11:45";"1";"75";"75119";"2";"1";"1";"7";"BD PERIPHERIQUE INTERIEUR";"48,9001880";"2,3770934"
"201900016621";"28";"12";"2019";"11:30";"1";"75";"75114";"2";"1";"1";"2";"BD PERIPHERIQUE INTERIEUR";"48,8218623";"2,3174286"
"201900016622";"29";"12";"2019";"14:27";"1";"75";"75120";"2";"7";"1";"6";"PLACE GAMBETTA";"48,8650670";"2,3983220"
"201900016623";"29";"12";"2019";"00:01";"5";"75";"75120";"2";"7";"1";"6";"PLACE DE LA PORTE DE BAGNOLET";"48,8647638";"2,4088824"
"201900016624";"29";"12";"2019";"16:00";"1";"75";"75119";"2";"5";"1";"3";"RUE DE L OURCQ";"48,8893670";"2,3836947"
"201900016625";"29";"12";"2019";"06:20";"5";"75";"75119";"2";"2";"1";"6";"AVENUE DE FLANDRE";"48,8843830";"2,3691950"
"201900016626";"29";"12";"2019";"21:15";"5";"75";"75118";"2";"2";"1";"6";"RUE CUSTINE";"48,8888130";"2,3465570"
"201900016627";"29";"12";"2019";"17:20";"5";"75";"75118";"2";"2";"1";"3";"BOULEVARD BARBES";"48,8905060";"2,3496100"
"201900016628";"29";"12";"2019";"04:55";"3";"75";"75116";"2";"7";"1";"6";"AVENUE DE LA GRANDE ARMEE";"48,8744216";"2,2929945"
"201900016629";"28";"12";"2019";"21:35";"5";"75";"75117";"2";"2";"1";"3";"AVENUE DE LA PORTE DE CHAMPERRET";"48,8860010";"2,2890800"
"201900016630";"29";"12";"2019";"06:18";"5";"75";"75116";"2";"2";"1";"6";"AVENUE FOCH";"48,8726850";"2,2845720"
"201900016631";"29";"12";"2019";"10:15";"1";"75";"75115";"2";"2";"1";"6";"RUE DE VAUGIRARD";"48,8414870";"2,3079500"
"201900016632";"29";"12";"2019";"08:07";"5";"75";"75114";"2";"4";"1";"6";"AVENUE DU MAINE";"48,8314670";"2,3253790"
"201900016633";"29";"12";"2019";"04:20";"5";"75";"75113";"2";"6";"1";"6";"PORTE D ITALIE";"48,8164520";"2,3602930"
"201900016634";"29";"12";"2019";"15:25";"1";"75";"75112";"2";"1";"1";"2";"BOULEVARD DIDEROT";"48,8463520";"2,3780790"
"201900016635";"29";"12";"2019";"08:50";"2";"75";"75103";"2";"3";"1";"3";"BOULEVARD SAINT DENIS";"48,8691100";"2,3551830"
"201900016636";"29";"12";"2019";"06:45";"5";"94";"94078";"2";"1";"1";"2";"PARIS (rue de )";"48,7389000";"2,4467000"
"201900016637";"28";"12";"2019";"22:05";"5";"94";"94074";"2";"1";"1";"6";"FONTAINE SAINT-MARTIN (R DE LA)";"48,7300000";"2,4700000"
"201900016638";"29";"12";"2019";"17:30";"5";"94";"94016";"2";"2";"1";"3";"PRESIDENT WILSON (AV DU)";"48,7968200";"2,3311700"
"201900016639";"29";"12";"2019";"06:05";"5";"94";"94043";"2";"1";"1";"7";"GENERAL LECLERC (R DU)";"48,8141500";"2,3598100"
"201900016640";"29";"12";"2019";"08:00";"2";"93";"93048";"2";"1";"1";"3";"CHANZY (BOULEVARD)";"48,8585930";"2,4296930"
"201900016641";"29";"12";"2019";"00:40";"5";"93";"93027";"2";"1";"1";"1";"PASTEUR (BOULEVARD) DE 1 A 39";"48,9225300";"2,3836500"
"201900016642";"29";"12";"2019";"20:50";"5";"93";"93001";"2";"1";"1";"3";"REPUBLIQUE (AVE DE LA ) => NO 41/50";"48,9108900";"2,3850800"
"201900016643";"29";"12";"2019";"16:00";"1";"93";"93001";"2";"3";"1";"6";"HENRI BARBUSSE (RUE) => 95/102";"48,9107000";"2,3912300"
"201900016644";"30";"12";"2019";"06:30";"5";"31";"31044";"2";"1";"1";"6";"7 Avenue Georges Pompidou";"43,6298400";"1,4856280"
"201900016645";"18";"12";"2019";"17:20";"5";"10";"10381";"2";"3";"1";"6";"Rue des Sports";"48,2750420";"3,9763900"
"201900016646";"28";"12";"2019";"15:45";"1";"972";"97232";"1";"1";"1";"1";"N6";"14,5653500";" -60,8576600"
"201900016647";"29";"12";"2019";"01:10";"3";"972";"97210";"1";"1";"1";"6";"D6";"14,5953670";" -60,9134200"
"201900016648";"30";"12";"2019";"09:50";"1";"60";"60162";"1";"1";"7";"7";"D927";"49,2799262";"2,0979202"
"201900016649";"28";"12";"2019";"00:40";"5";"54";"54067";"2";"3";"1";"7";"19 Rue du Général de Gaulle";"49,4329110";"5,6892140"
"201900016650";"17";"12";"2019";"09:30";"1";"1";"01360";"1";"1";"1";"2";"D884";"46,2043780";"5,9682880"
"201900016651";"30";"12";"2019";"08:50";"1";"22";"22339";"1";"1";"5";"7";"Taden";"48,4788880";" -2,0446960"
"201900016652";"30";"12";"2019";"08:35";"2";"22";"22259";"1";"1";"9";"2";"N176";"48,4471728";" -2,0958077"
"201900016653";"30";"12";"2019";"14:10";"1";"50";"50363";"1";"1";"1";"3";"Rue de la Libération";"48,9782810";" -1,1608420"
"201900016654";"18";"12";"2019";"13:10";"1";"2B";"2B143";"1";"1";"2";"3";"T10";"42,2318090";"9,5447020"
"201900016655";"29";"12";"2019";"13:00";"1";"62";"62536";"1";"2";"1";"3";"D77";"50,3881190";"2,4583730"
"201900016656";"29";"12";"2019";"14:50";"1";"62";"62512";"1";"2";"1";"3";"21 Chaussee Brunehaut";"50,5720970";"2,3505430"
"201900016657";"29";"12";"2019";"02:30";"3";"35";"35173";"1";"1";"1";"5";"D137";"48,1915450";" -1,7223230"
"201900016658";"29";"12";"2019";"02:00";"3";"51";"51391";"1";"1";"1";"1";"RN 31";"49,2704892";"3,9051598"
"201900016659";"30";"12";"2019";"09:45";"1";"59";"59074";"2";"1";"7";"2";"rue Jules Guesde";"50,0927550";"3,4395340"
"201900016660";"26";"12";"2019";"18:50";"5";"74";"74011";"2";"1";"1";"6";"Avenue des Carrés (Cran-Gevrier)";"45,9147950";"6,1463140"
"201900016661";"30";"12";"2019";"16:45";"1";"76";"76421";"1";"1";"1";"3";"D81";"49,5302940";"0,4682290"
"201900016662";"30";"12";"2019";"05:10";"3";"79";"79119";"1";"1";"1";"6";"Lieu-dit la Limouziniere";"46,5504730";" -0,4885500"
"201900016663";"30";"12";"2019";"07:50";"1";"2A";"2A017";"1";"1";"1";"1";"D81";"41,9904920";"8,7687210"
"201900016664";"27";"12";"2019";"17:20";"3";"2B";"2B050";"2";"1";"1";"3";"D81";"42,5636940";"8,7420920"
"201900016665";"30";"12";"2019";"10:20";"1";"82";"82066";"1";"1";"7";"6";"La Penardiere";"43,9874380";"1,5245290"
"201900016666";"30";"12";"2019";"09:40";"2";"65";"65007";"1";"1";"7";"2";"D835";"43,3124800";"0,0668940"
"201900016667";"30";"12";"2019";"14:30";"1";"71";"71111";"1";"1";"1";"6";"D60";"46,5978850";"4,1215210"
"201900016668";"29";"12";"2019";"14:15";"1";"49";"49307";"1";"1";"1";"7";"25 Rue Rd 347 (Corné)";"47,4743540";" -0,3378670"
"201900016669";"28";"12";"2019";"10:15";"1";"49";"49323";"2";"6";"1";"3";"Avenue de la Francaiserie";"47,5206610";" -0,4664620"
"201900016670";"29";"12";"2019";"17:15";"2";"12";"12043";"1";"4";"1";"1";"Lieu-dit Magrin";"44,2530440";"2,5413800"
"201900016671";"30";"12";"2019";"16:24";"1";"1";"01034";"1";"6";"1";"3";"Montee du Pigeonnier";"45,7580360";"5,7059120"
"201900016672";"24";"12";"2019";"20:30";"3";"68";"68152";"1";"9";"1";"6";"110 Route de Mulhouse";"47,6834190";"7,2763930"
"201900016673";"30";"12";"2019";"04:23";"3";"22";"22046";"1";"1";"1";"6";"D792";"48,3219650";" -2,4949940"
"201900016674";"30";"12";"2019";"15:12";"1";"39";"39286";"1";"1";"1";"6";"N/A";"46,3932550";"5,7843490"
"201900016675";"11";"10";"2019";"07:35";"1";"44";"44101";"2";"1";"1";"3";"Rue du Bac";"47,1937480";" -1,6784610"
"201900016676";"29";"12";"2019";"15:05";"1";"70";"70165";"2";"2";"1";"3";"N19 PR 18+600 - 2 Rue de la Combe";"47,7090050";"5,8941580"
"201900016677";"30";"12";"2019";"11:42";"1";"72";"72179";"2";"6";"1";"6";"3 RUE DU MARECHAL JOFFRE";"47,8140570";" -0,0805250"
"201900016678";"28";"12";"2019";"11:30";"1";"40";"40001";"2";"1";"1";"6";"D834";"43,7001910";" -0,2696140"
"201900016679";"13";"12";"2019";"11:45";"1";"24";"24291";"1";"1";"2";"6";"Lieu Dit les Castines";"45,0510270";"1,1464860"
"201900016680";"23";"12";"2019";"00:40";"3";"52";"52328";"1";"1";"3";"6";"D460";"47,9049020";"5,7373400"
"201900016681";"29";"12";"2019";"17:30";"5";"38";"38485";"2";"1";"1";"6";"23 Rue Roger Barbe";"45,1803570";"5,6958460"
"201900016682";"30";"12";"2019";"13:00";"1";"69";"69206";"1";"1";"1";"2";"Autoroute A6";"46,0842700";"4,7431400"
"201900016683";"30";"12";"2019";"09:35";"1";"78";"78263";"1";"1";"1";"6";"104 Chemin des Dames";"48,7866130";"1,6887990"
"201900016684";"29";"12";"2019";"14:25";"1";"48";"48004";"1";"1";"1";"7";"D 901";"44,4786530";"3,8633350"
"201900016685";"30";"12";"2019";"07:00";"3";"10";"10269";"1";"1";"1";"6";"D31";"48,5145080";"4,1096910"
"201900016686";"15";"12";"2019";"17:15";"2";"38";"38236";"1";"1";"1";"7";"Route de Vilette";"45,4106100";"5,7031700"
"201900016687";"28";"12";"2019";"18:05";"5";"69";"69143";"2";"1";"1";"6";"1 Rue Pollet";"45,8764300";"4,8432500"
"201900016688";"30";"12";"2019";"01:55";"5";"49";"49193";"2";"1";"1";"6";"50 Rue du Parc";"47,1371780";" -0,8974440"
"201900016689";"29";"12";"2019";"16:20";"1";"22";"22210";"2";"3";"7";"4";"Rue F et Irene Joliot Curie";"48,8018720";" -3,0300080"
"201900016690";"29";"12";"2019";"20:45";"3";"62";"62356";"1";"1";"1";"1";"D57";"50,4387070";"2,6092170"
"201900016691";"29";"12";"2019";"18:40";"3";"13";"13106";"1";"1";"1";"4";"A51-Sens Aix en Provence vers Marseille";"43,4031300";"5,3567500"
"201900016692";"13";"12";"2019";"19:13";"2";"13";"13216";"1";"1";"2";"3";"A55-Sens Martigues vers Marseille";"43,3473000";"5,3449100"
"201900016693";"29";"12";"2019";"07:05";"3";"13";"13001";"1";"1";"1";"6";"A51-Sens Aix en Provence vers Marseille";"43,4881530";"5,4075180"
"201900016694";"28";"12";"2019";"20:35";"3";"13";"13019";"1";"1";"1";"2";"A51-Sens Marseille vers Aix en Provence";"43,4148200";"5,3649600"
"201900016695";"28";"12";"2019";"09:28";"1";"13";"13071";"1";"1";"1";"4";"A7-Sens Lyon vers Marseille";"43,4122000";"5,2817900"
"201900016696";"27";"12";"2019";"20:30";"3";"13";"13081";"1";"1";"1";"6";"A7-Sens Lyon vers Marseille";"43,4934600";"5,2397100"
"201900016697";"29";"12";"2019";"15:45";"1";"33";"33075";"1";"1";"1";"6";"A630 échangeur 5";"44,8892700";" -0,6030500"
"201900016698";"29";"12";"2019";"18:00";"3";"91";"91661";"1";"1";"1";"4";"AUTOROUTE A10";"48,7038030";"2,2489910"
"201900016699";"29";"12";"2019";"08:30";"1";"91";"91161";"1";"1";"1";"7";"AUTOROUTE A6";"48,6943350";"2,3196440"