"Num_Acc";"jour";"mois";"an";"hrmn";"lum";"dep";"com";"agg";"int";"atm";"col";"adr";"lat";"long"
"201900016700";"29";"11";"2019";"13:30";"1";"92";"92050";"1";"1";"1";"6";"A14";"48,8930364";"2,2347586"
"201900016701";"28";"12";"2019";"11:30";"1";"94";"94046";"1";"1";"1";"2";"A86 INT";"48,8098900";"2,4489100"
"201900016702";"27";"12";"2019";"18:55";"3";"77";"77121";"1";"1";"1";"5";"A4";"48,8315100";"2,6808800"
"201900016703";"27";"12";"2019";"16:17";"1";"77";"77169";"1";"1";"1";"4";"RN104";"48,8299290";"2,6190480"
"201900016704";"27";"12";"2019";"20:28";"5";"69";"69034";"2";"1";"8";"6";"VIADUC JOSEPH PICOT                     ";"45,7908600";"4,8703000"
"201900016705";"26";"12";"2019";"17:43";"1";"971";"97120";"2";"2";"1";"3";"COMMANDANT MORTENOL (RUE DU)";"16,2398500";" -61,5321570"
"201900016706";"23";"12";"2019";"20:05";"3";"91";"91477";"1";"1";"1";"6";"MARNIERES (rue des)";"48,7224400";"2,2231000"
"201900016707";"21";"12";"2019";"11:00";"1";"83";"83069";"2";"9";"7";"6";"PERRON (AVENUE JEAN JACQUES)";"43,1196510";"6,1274840"
"201900016708";"28";"12";"2019";"06:50";"3";"77";"77294";"1";"1";"1";"2";"ROUTE NATIONALE 2";"48,9866700";"2,6078800"
"201900016709";"27";"12";"2019";"18:00";"5";"76";"76429";"2";"1";"1";"6";"DUPRE. RUE MARCEL";"49,4047000";"1,1486800"
"201900016710";"28";"12";"2019";"17:10";"5";"74";"74012";"2";"1";"1";"6";"BRIAND (RUE ARISITIDE)";"46,1938900";"6,2402600"
"201900016711";"27";"12";"2019";"16:00";"1";"74";"74008";"2";"1";"1";"1";"GENEVE (RUE DE)";"46,1921500";"6,2222300"
"201900016712";"28";"12";"2019";"15:40";"1";"64";"64483";"2";"1";"1";"4";"ITHURRALDE ANDRE (AVENUE)";"43,4000600";" -1,6395800"
"201900016713";"28";"12";"2019";"17:05";"1";"64";"64249";"2";"1";"1";"3";"GETARIA(AVENUE)";"43,4211349";" -1,6056086"
"201900016714";"28";"12";"2019";"18:22";"5";"64";"64102";"2";"1";"1";"7";"PAULMY (AVENUE DES ALLEES)";"43,4936100";" -1,4795700"
"201900016715";"20";"12";"2019";"16:34";"1";"63";"63113";"2";"1";"1";"6";"BERGOUGNAN (AVENUE RAYMOND)";"45,7842900";"3,0677800"
"201900016716";"27";"12";"2019";"18:00";"5";"59";"59017";"2";"2";"1";"3";"DEPORTES (RUE DES)";"50,6861500";"2,8928200"
"201900016717";"28";"12";"2019";"16:16";"1";"54";"54184";"2";"1";"1";"7";"RD 674";"48,7080600";"6,2431300"
"201900016718";"28";"12";"2019";"16:15";"1";"54";"54025";"2";"1";"1";"3";"SAINTE MARGUERITE (AVENUE)";"48,6632000";"6,2377000"
"201900016719";"27";"12";"2019";"19:15";"5";"54";"54323";"2";"1";"1";"7";"ALBERT LABRO (RUE)";"49,5145150";"5,7690040"
"201900016720";"28";"12";"2019";"03:50";"5";"51";"51454";"2";"2";"1";"3";"AVENUE DE LAON";"49,2701258";"4,0222774"
"201900016721";"27";"12";"2019";"18:30";"5";"45";"45234";"2";"2";"1";"6";"R DE LA MOUILLERE - R DES ROSES";"47,8860700";"1,9074500"
"201900016722";"28";"12";"2019";"18:20";"5";"37";"37261";"2";"1";"1";"3";"MALRAUX (QUAI ANDRE)";"47,3972179";"0,6889359"
"201900016723";"28";"12";"2019";"14:25";"1";"34";"34172";"2";"3";"1";"3";"MAURIN (AVENUE DE";"43,5916600";"3,8736900"
"201900016724";"28";"12";"2019";"14:45";"2";"34";"34172";"2";"9";"1";"2";"DUBOUT (AVENUE ALBERT)";"43,5969900";"3,8780700"
"201900016725";"28";"12";"2019";"14:35";"1";"34";"34172";"2";"3";"1";"3";"RAVAZ (AVENUE DU PROFESSEUR LOUIS";"43,6209980";"3,8488250"
"201900016726";"28";"12";"2019";"15:15";"1";"33";"33162";"2";"1";"1";"6";"AVE DU TAILLAN-MEDOC";"44,8884000";" -0,6608900"
"201900016727";"28";"12";"2019";"14:00";"1";"33";"33063";"2";"2";"9";"3";"BD ANTOINE GAUTIER";"44,8332400";" -0,5986100"
"201900016728";"28";"12";"2019";"22:30";"5";"30";"30007";"2";"1";"1";"1";"RESCA (PONT DE)";"44,1267000";"4,0725600"
"201900016729";"28";"12";"2019";"08:45";"1";"13";"13207";"2";"1";"1";"2";"CORDERIE (BOULEVARD DE LA)";"43,2903390";"5,3690790"
"201900016730";"26";"12";"2019";"13:20";"1";"12";"12202";"2";"1";"1";"6";"DOCTEUR LOUIS BONNEFOUS (40 AVENUE DU)";"44,3460520";"2,5785610"
"201900016731";"28";"12";"2019";"14:42";"1";"10";"10333";"2";"6";"1";"3";"CHARLES DE REFUGE (RUE)";"48,2825741";"4,0547812"
"201900016732";"29";"12";"2019";"00:24";"3";"6";"06123";"2";"1";"1";"1";"FAHNESTOCK G. CORNICHE";"43,6748500";"7,1845530"
"201900016733";"28";"12";"2019";"00:28";"5";"6";"06027";"2";"1";"1";"6";"PLAGE BOULEVARD DE LA";"43,6565150";"7,1637880"
"201900016734";"28";"12";"2019";"15:10";"2";"75";"75116";"2";"1";"8";"6";"RUE DE L ANNONCIATION";"48,8570650";"2,2786910"
"201900016735";"27";"12";"2019";"13:15";"1";"75";"75116";"2";"3";"1";"3";"AVENUE DE LA PORTE D AUTEUIL";"48,8479830";"2,2512100"
"201900016736";"27";"12";"2019";"04:20";"5";"75";"75114";"2";"3";"2";"6";"AVENUE PAUL VAILLANT COUTURIER";"48,8169850";"2,3321490"
"201900016737";"28";"12";"2019";"17:40";"5";"75";"75113";"2";"3";"1";"3";"RUE DARMESTETER";"48,8234000";"2,3750320"
"201900016738";"17";"12";"2019";"21:55";"5";"75";"75113";"2";"4";"1";"3";"AVENUE DE LA PORTE D IVRY";"48,8197256";"2,3729087"
"201900016739";"28";"12";"2019";"12:30";"1";"75";"75110";"2";"7";"8";"3";"PLACE DE LA BATAILLE DE STALINGRAD";"48,8829830";"2,3695560"
"201900016740";"28";"12";"2019";"00:01";"5";"75";"75110";"2";"1";"1";"3";"BOULEVARD DE MAGENTA";"48,8728590";"2,3591280"
"201900016741";"27";"12";"2019";"15:30";"1";"75";"75110";"2";"1";"1";"6";"RUE LA FAYETTE";"48,8776175";"2,3505059"
"201900016742";"28";"12";"2019";"03:50";"5";"75";"75109";"2";"1";"1";"7";"RUE JEAN BAPTISTE PIGALLE";"48,8801160";"2,3346050"
"201900016743";"28";"12";"2019";"15:40";"1";"94";"94076";"2";"4";"8";"3";"STALINGRAD (AV DE)";"48,7827600";"2,3670200"
"201900016744";"28";"12";"2019";"12:35";"1";"94";"94022";"2";"1";"1";"3";"YVONNE MARCAILLOUX (AV)";"48,7682140";"2,4079605"
"201900016745";"28";"12";"2019";"12:20";"1";"93";"93070";"2";"1";"1";"6";"MICHELET (AVE) : DU 1 AU 103";"48,9063200";"2,3443500"
"201900016746";"28";"12";"2019";"21:45";"5";"93";"93066";"2";"1";"1";"6";"""GUESDE JULES (BOULEVARD), NR 7 A 53""";"48,9362410";"2,3499990"
"201900016747";"28";"12";"2019";"09:33";"1";"93";"93053";"2";"1";"8";"2";"PARIS (RUE DE)";"48,9018100";"2,4596800"
"201900016748";"28";"12";"2019";"17:45";"5";"93";"93051";"2";"3";"1";"6";"PAUL SERELLE";"48,8289600";"2,5681200"
"201900016749";"28";"12";"2019";"07:00";"3";"93";"93013";"2";"6";"8";"6";"LINDBERGH (CARREFOUR)";"48,9423400";"2,4300100"
"201900016750";"27";"12";"2019";"21:15";"5";"92";"92050";"2";"1";"1";"6";"ARAGO FRANCOIS AVENUE";"48,9008910";"2,2246590"
"201900016751";"28";"12";"2019";"02:40";"5";"92";"92026";"2";"1";"1";"6";"MARECHAL JOFFRE (QUAI DU)";"48,8991200";"2,2710000"
"201900016752";"29";"12";"2019";"11:25";"1";"2B";"2B121";"1";"1";"1";"1";"Fontanaccia";"42,4147120";"8,6677730"
"201900016753";"22";"11";"2019";"19:15";"3";"1";"01353";"1";"4";"1";"3";"D28f";"45,9571841";"4,8017697"
"201900016754";"29";"12";"2019";"16:15";"1";"79";"79062";"2";"3";"1";"3";"10 rue du Général Catroux";"46,8212470";" -0,6558610"
"201900016755";"29";"12";"2019";"12:35";"1";"79";"79162";"2";"1";"1";"3";"33 avenue du Marais Poitevin";"46,3111440";" -0,5280800"
"201900016756";"28";"12";"2019";"23:00";"3";"2B";"2B195";"1";"1";"8";"7";"Ortiporio";"42,4638260";"9,3470070"
"201900016757";"29";"12";"2019";"02:30";"5";"2B";"2B207";"1";"2";"1";"6";"RT 10 ZAC de FOLELLI";"42,4594380";"9,4997460"
"201900016758";"28";"12";"2019";"20:00";"3";"49";"49135";"1";"2";"1";"3";"Lieu Dit le Bas Dollan";"47,5624580";" -0,5854310"
"201900016759";"28";"12";"2019";"22:40";"3";"31";"31304";"1";"1";"1";"6";"D826";"43,5810000";"1,7950620"
"201900016760";"28";"12";"2019";"23:45";"5";"72";"72300";"1";"1";"1";"2";"Chemin du Bourray";"48,0350010";"0,3692770"
"201900016761";"29";"12";"2019";"03:55";"5";"6";"06059";"2";"1";"1";"6";"2000 Avenue Raymond Poincaré";"43,7221760";"7,3795490"
"201900016762";"28";"12";"2019";"13:00";"1";"73";"73270";"2";"6";"1";"6";"D101 Montée des Platanes";"45,5646870";"6,1539630"
"201900016763";"29";"12";"2019";"14:10";"1";"16";"16286";"2";"6";"1";"3";"N/A";"45,7790140";" -0,0631340"
"201900016764";"28";"12";"2019";"13:50";"1";"7";"07338";"1";"2";"1";"6";"Marsannoux";"44,8982940";"4,6798600"
"201900016765";"28";"12";"2019";"20:25";"5";"7";"07349";"2";"1";"1";"1";"RD 86 F";"44,7992310";"4,7853460"
"201900016766";"18";"12";"2019";"15:30";"1";"27";"27056";"2";"9";"1";"3";"Boulevard Dubus";"49,0876410";"0,5991960"
"201900016767";"26";"12";"2019";"16:28";"1";"27";"27481";"1";"1";"1";"7";"N12";"48,7252060";"0,8971050"
"201900016768";"29";"12";"2019";"18:20";"5";"17";"17385";"2";"3";"1";"3";"Route des Allées";"45,9430860";" -1,3016580"
"201900016769";"28";"12";"2019";"15:54";"1";"87";"87051";"1";"1";"1";"6";"D43";"45,6508060";"1,6110530"
"201900016770";"29";"12";"2019";"04:45";"3";"34";"34240";"1";"1";"1";"7";"A709";"43,6293170";"3,9662540"
"201900016771";"29";"12";"2019";"07:35";"3";"34";"34157";"1";"1";"1";"5";"A9";"43,4512000";"3,5953710"
"201900016772";"28";"12";"2019";"18:55";"4";"38";"38064";"1";"1";"1";"2";"A43";"45,5627620";"5,3711430"
"201900016773";"28";"12";"2019";"20:40";"3";"988";"98817";"1";"3";"3";"6";"ROUTE DU VALLON DORE/RUE LOUIS THEODORE BERARD";" -22,2505670";"166,5660690"
"201900016774";"16";"3";"2019";"16:55";"1";"24";"24058";"1";"1";"1";"7";"Route départementale 20 - Grandes Terres";"45,2741000";"0,2501600"
"201900016775";"18";"3";"2019";"14:45";"1";"85";"85262";"1";"1";"1";"6";"LIEU-DIT ""PINFAUX""";"46,9481200";" -1,5121400"
"201900016776";"17";"3";"2019";"17:40";"2";"27";"27578";"1";"2";"3";"1";"D51 - D 23 - DAME MARIE";"48,8013470";"0,9959350"
"201900016777";"18";"3";"2019";"08:15";"1";"13";"13044";"1";"1";"1";"4";"Rn569";"43,6130629";"5,0118764"
"201900016778";"17";"3";"2019";"18:30";"1";"1";"01451";"1";"1";"2";"6";"autoroute A40 PK 170+100";"46,2551590";"5,2516310"
"201900016779";"14";"3";"2019";"00:35";"3";"974";"97415";"1";"1";"1";"6";"Route de savannah -Chemin le Lycée ST PAUL IV- RD4";" -20,9809600";"55,3155720"
"201900016780";"16";"3";"2019";"20:35";"5";"973";"97309";"2";"9";"1";"1";"Avenue Gaston Monnerville";"4,8875600";" -52,2821350"
"201900016781";"8";"3";"2019";"16:20";"1";"6";"06152";"2";"1";"1";"1";"2905 ROUTE DES DOLINES";"43,6235900";"7,0451400"
"201900016782";"17";"3";"2019";"05:00";"3";"6";"06083";"1";"1";"1";"6";"A8 PK 219+600 sens Sud";"43,7967160";"7,4798890"
"201900016783";"18";"3";"2019";"13:07";"1";"7";"07313";"1";"1";"1";"3";"RD820";"45,3115100";"4,7661150"
"201900016784";"18";"3";"2019";"08:20";"1";"13";"13081";"1";"1";"1";"2";"Autoroute A7, PK 253+800, sens N/S";"43,4980420";"5,2388610"
"201900016785";"18";"3";"2019";"08:05";"1";"13";"13105";"1";"1";"1";"3";"A7";"43,7484620";"5,0852240"
"201900016786";"18";"3";"2019";"08:45";"1";"45";"45265";"1";"1";"1";"3";"A6 PK 97+200";"48,1327920";"2,9383780"
"201900016787";"17";"3";"2019";"18:10";"1";"69";"69007";"2";"1";"1";"1";"RD 386 - ROUTE DE LA ROCHE";"45,4913660";"4,8163580"
"201900016788";"17";"3";"2019";"12:00";"1";"973";"97304";"1";"1";"1";"6";"RN1 PK 83+200";"5,1536068";" -52,8607178"
"201900016789";"17";"3";"2019";"17:00";"1";"77";"77415";"1";"1";"3";"7";"Route Départementale 603";"48,9593600";"3,0000100"
"201900016790";"13";"3";"2019";"16:20";"1";"78";"78472";"1";"5";"1";"1";"RN191";"48,4838060";"1,8485560"
"201900016791";"18";"3";"2019";"17:20";"1";"66";"66212";"2";"1";"1";"6";"rue jean GIONO";"42,7561960";"2,9964380"
"201900016792";"17";"3";"2019";"22:30";"3";"83";"83035";"1";"1";"1";"1";"Avenue des cigales";"43,1932190";"5,7922130"
"201900016793";"15";"3";"2019";"15:45";"1";"83";"83023";"1";"1";"1";"6";" RD N7";"43,4124380";"6,0770870"
"201900016794";"16";"3";"2019";"17:15";"1";"13";"13042";"1";"1";"1";"3";"PK 28 - RD2 - Col de l'Espigoulier";"43,3130100";"5,6682730"
"201900016795";"16";"3";"2019";"20:00";"5";"71";"71176";"2";"1";"1";"2";"8 rue victo hugo";"46,4905650";"3,9977510"
"201900016796";"15";"3";"2019";"07:45";"1";"68";"68036";"1";"1";"2";"7";"RD468";"48,0465570";"7,5383520"
"201900016797";"17";"3";"2019";"16:20";"1";"54";"54217";"1";"1";"4";"2";"RN 59, sens BACCARAT / LUNÉVILLE, PK 22+0600";"48,4717330";"6,7257520"
"201900016798";"15";"3";"2019";"23:00";"3";"38";"38487";"1";"3";"1";"3";"RN7";"45,5693960";"4,8579650"
"201900016799";"17";"3";"2019";"22:30";"3";"38";"38068";"1";"1";"1";"5";"N 85";"45,0921500";"5,7234000"
"201900016800";"18";"3";"2019";"08:40";"1";"38";"38565";"1";"1";"1";"3";"3345 avenue du 11 novembre";"45,2697360";"5,6529310"
"201900016801";"14";"3";"2019";"10:45";"1";"33";"33243";"2";"2";"1";"3";"avenue de l'Épinette";"44,9077430";" -0,2180530"
"201900016802";"17";"3";"2019";"04:20";"5";"33";"33243";"2";"1";"1";"6";"FACE AU N° 181 AVENUE GEORGES POMPIDOU";"44,9432300";" -0,2310200"
"201900016803";"18";"3";"2019";"13:40";"1";"50";"50531";"1";"2";"1";"2";"rue de la Jarrière";"48,6672340";" -1,2665500"
"201900016804";"14";"3";"2019";"21:02";"5";"35";"35066";"1";"4";"1";"3";"D34 LE Champ rond";"48,0405670";" -1,6895490"
"201900016805";"11";"3";"2019";"20:22";"5";"60";"60589";"2";"6";"1";"6";"rue des montagnards";"49,2381530";"2,4694480"
"201900016806";"17";"3";"2019";"19:30";"3";"59";"59400";"2";"1";"2";"1";"106 ROUTE D'ESTAIRES";"50,6423150";"2,6591160"
"201900016807";"16";"3";"2019";"16:05";"1";"13";"13211";"1";"1";"1";"4";"A50-Sens Marseille vers Aubagne";"43,2943200";"5,4597800"
"201900016808";"16";"3";"2019";"16:20";"1";"13";"13071";"1";"1";"1";"2";"A51-Sens Marseille vers Aix en Provence";"43,4073200";"5,3626000"
"201900016809";"16";"3";"2019";"10:55";"1";"13";"13106";"2";"1";"1";"5";"A51-Sens Marseille vers Aix en Provence";"43,4047350";"5,3594940"
"201900016810";"17";"3";"2019";"05:36";"3";"69";"69296";"1";"1";"1";"1";"A7   10.992 A 13.970";"45,6552600";"4,8393900"
"201900016811";"26";"2";"2019";"15:30";"1";"67";"67365";"1";"1";"1";"2";"Autoroute A.35";"48,5385390";"7,7181740"
"201900016812";"17";"3";"2019";"16:54";"1";"91";"91521";"1";"1";"1";"5";"RN 441";"48,6359100";"2,4010400"
"201900016813";"17";"3";"2019";"09:00";"1";"91";"91645";"1";"1";"2";"7";"RN 385 Extèrieure";"48,7601100";"2,2678300"
"201900016814";"17";"3";"2019";"01:25";"3";"94";"94021";"1";"1";"1";"6";"AUTOROUTE A6B";"48,7717000";"2,3451100"
"201900016815";"16";"3";"2019";"23:15";"3";"94";"94034";"1";"1";"1";"2";"AUTOROUTE A86";"48,7535882";"2,3584204"
"201900016816";"17";"3";"2019";"13:15";"1";"92";"92064";"1";"1";"1";"6";"A13";"48,8394365";"2,1964831"
"201900016817";"16";"3";"2019";"18:29";"1";"78";"78073";"1";"1";"1";"7";"N12Y";"48,7992120";"1,9956730"
"201900016818";"21";"2";"2019";"17:30";"1";"95";"95203";"2";"1";"1";"6";"PARIS (AVENUE DE)";"48,9913233";"2,2879404"
"201900016819";"4";"1";"2019";"18:11";"2";"87";"87085";"2";"1";"1";"6";"63 DE-LATTRE-DE-TASSIGNY (AVENUE DU MARECHAL)";"45,8249900";"1,2749400"
"201900016820";"14";"3";"2019";"06:20";"2";"74";"74305";"2";"3";"8";"3";"VOIRONS (RUE DES)";"46,2025100";"6,2558400"
"201900016821";"14";"3";"2019";"19:45";"1";"71";"71306";"2";"1";"1";"3";"COUDRAIE (RUE DE LA)";"46,6920572";"4,3504158"
"201900016822";"13";"3";"2019";"17:15";"1";"71";"71306";"2";"1";"1";"3";"MOULINS (QUAI DE)";"46,6645700";"4,3511400"
"201900016823";"12";"3";"2019";"02:40";"5";"64";"64445";"2";"1";"1";"7";"CHAMPETIER DE RIBES";"43,3036400";" -0,3781600"
"201900016824";"12";"3";"2019";"10:40";"1";"62";"62753";"2";"1";"1";"6";"rue Laurent Gers";"50,2985930";"2,8025870"
"201900016825";"5";"2";"2019";"18:00";"1";"44";"44109";"2";"1";"1";"6";"BOULEVARD DE LA PRAIRIE AU DUC";"47,2049300";" -1,5585000"
"201900016826";"12";"3";"2019";"21:00";"5";"38";"38544";"2";"3";"1";"3";"SERPAIZE(RUE)";"45,5200000";"4,8800000"
"201900016827";"13";"3";"2019";"08:40";"1";"37";"37214";"2";"2";"1";"3";"BORDIERS (RUE DES)";"47,4280200";"0,6725800"
"201900016828";"14";"3";"2019";"02:15";"5";"11";"11069";"2";"1";"2";"6";"DAVILLA -PLACE-";"43,2125600";"2,3454100"
"201900016829";"14";"2";"2019";"19:50";"3";"94";"94017";"2";"1";"1";"6";"MAURICE THOREZ (AV)";"48,8104700";"2,5351100"
"201900016830";"13";"2";"2019";"09:05";"1";"94";"94017";"2";"1";"1";"6";"ROGER SALENGRO (AV)";"48,8194600";"2,4867100"
"201900016831";"12";"2";"2019";"16:15";"1";"94";"94017";"2";"1";"1";"2";"FELIX FAURE (R)";"48,8082500";"2,5552400"
"201900016832";"6";"2";"2019";"07:45";"2";"94";"94017";"2";"1";"8";"1";"STALINGRAD (BD DE)";"48,8177000";"2,5063000"
"201900016833";"22";"1";"2019";"22:55";"5";"94";"94017";"2";"9";"4";"6";"GENERAL DE GAULLE (AV DU)";"48,8239000";"2,4976300"
"201900016834";"31";"1";"2019";"22:00";"3";"94";"94017";"2";"2";"8";"3";"GENERAL DE GAULLE (AV DU)";"48,8200200";"2,4841900"
"201900016835";"27";"1";"2019";"02:05";"5";"94";"94017";"2";"9";"2";"3";"GENERAL DE GAULLE (AV DU)";"48,8003400";"2,4839200"
"201900016836";"21";"1";"2019";"20:15";"3";"94";"94017";"2";"1";"1";"3";"Pont de Nogent";"48,8300000";"2,4900000"
"201900016837";"19";"1";"2019";"21:40";"5";"94";"94017";"2";"9";"2";"1";"EUGENE VARLIN (R)";"48,8260900";"2,5212100"
"201900016838";"18";"1";"2019";"15:15";"1";"94";"94017";"2";"2";"1";"3";"GENERAL LAMBERT (R DU)";"48,8090000";"2,5550000"
"201900016839";"18";"1";"2019";"06:45";"5";"94";"94017";"2";"1";"8";"5";"François Mittérrand (avenue)";"48,8160000";"2,5120000"
"201900016840";"16";"1";"2019";"10:20";"1";"94";"94017";"2";"3";"1";"3";"REPUBLIQUE (AV DE LA)";"48,8247100";"2,5099900"
"201900016841";"14";"1";"2019";"10:20";"1";"94";"94017";"2";"1";"1";"3";"GENERAL DE GAULLE (AV DU)";"48,8215403";"2,4893204"
"201900016842";"10";"1";"2019";"11:30";"1";"94";"94017";"2";"1";"2";"6";"JACQUES SOLOMON (R)";"48,8058200";"2,5487000"
"201900016843";"10";"1";"2019";"19:20";"5";"94";"94017";"2";"9";"1";"6";"MAURICE THOREZ (AV)";"48,7998380";"2,5338330"
"201900016844";"7";"1";"2019";"08:50";"1";"94";"94017";"2";"1";"8";"6";"REPUBLIQUE (AV DE LA)";"48,8248000";"2,5099000"
"201900016845";"7";"1";"2019";"08:25";"1";"94";"94017";"2";"2";"1";"6";"MARIE (AV)";"48,8170900";"2,5523300"
"201900016846";"5";"1";"2019";"16:20";"1";"94";"94017";"2";"9";"8";"6";"GENERAL DE GAULLE (AV DU)";"48,8232600";"2,4949600"
"201900016847";"10";"2";"2019";"16:35";"1";"94";"94002";"2";"3";"2";"3";"EMILE ZOLA (R)";"48,7997200";"2,4260600"
"201900016848";"27";"1";"2019";"16:00";"1";"94";"94002";"2";"3";"3";"7";"JEAN BAPTISTE PREUX (ALL)";"48,7770100";"2,4193200"
"201900016849";"25";"1";"2019";"14:20";"1";"94";"94002";"2";"1";"1";"6";"LATERAL (CHE)";"48,8119000";"2,4194000"
"201900016850";"15";"1";"2019";"08:30";"2";"94";"94002";"2";"9";"8";"3";"TOULON (R DE)";"48,7876300";"2,4289200"
"201900016851";"15";"1";"2019";"08:45";"1";"92";"92078";"2";"1";"1";"3";"VERDUN (AVENUE) (PAIRS 92 ET PLUS)";"48,9349710";"2,3257550"
"201900016852";"13";"3";"2019";"18:30";"1";"93";"93006";"1";"1";"1";"7";"AUTOROUTE A3";"48,8658100";"2,4217300"
"201900016853";"13";"3";"2019";"08:10";"1";"95";"95252";"1";"1";"1";"2";"AUTOROUTE A15";"48,9763300";"2,2360300"
"201900016854";"13";"3";"2019";"08:55";"1";"93";"93027";"1";"1";"1";"2";"AUTOROUTE A86";"48,9258400";"2,3977300"
"201900016855";"13";"3";"2019";"06:10";"3";"95";"95028";"1";"1";"1";"6";"RN 104";"49,0625500";"2,3370400"
"201900016856";"16";"3";"2019";"07:50";"1";"988";"98818";"2";"1";"1";"7";"ROUTE DE LA BAIE DES DAMES";" -22,2330600";"166,4339900"
"201900016857";"16";"3";"2019";"04:32";"5";"988";"98818";"1";"1";"1";"6";"VE1";" -22,2248400";"166,4656800"
"201900016858";"15";"3";"2019";"05:55";"1";"976";"97611";"2";"1";"1";"1";"passamanty-Canavibe (rue)";" -12,8019300";"45,2147100"
"201900016859";"15";"3";"2019";"09:20";"1";"974";"97416";"2";"1";"1";"6";"Bd Notre dame de la Trinité";" -20,8927200";"55,4642600"
"201900016860";"15";"3";"2019";"15:10";"1";"974";"97411";"2";"1";"2";"3";"NOTRE DAME DE LA TRINITE (BOULEVARD)";" -20,8927200";"55,4642600"
"201900016861";"15";"3";"2019";"10:00";"1";"974";"97411";"2";"2";"1";"3";"TESSAN (RUE)";" -20,8942200";"55,4790600"
"201900016862";"16";"3";"2019";"18:30";"2";"69";"69387";"2";"1";"1";"6";"GAMBETTA                            (CO)";"45,7554300";"4,8425300"
"201900016863";"16";"3";"2019";"14:46";"1";"69";"69386";"2";"1";"1";"6";"MARECHAL DE SAXE                    (R )";"45,7671300";"4,8442300"
"201900016864";"16";"3";"2019";"08:20";"1";"69";"69388";"2";"3";"1";"3";"ETATS UNIS (DES)                    (BD)";"45,7391000";"4,8597700"
"201900016865";"15";"3";"2019";"19:30";"2";"69";"69388";"2";"1";"1";"6";"ANDRE LATARJET                      (PL)";"45,7296000";"4,8860800"
"201900016866";"15";"3";"2019";"15:05";"1";"69";"69387";"2";"1";"1";"2";"ST JEAN DE DIEU                     (R )";"45,7286800";"4,8456800"
"201900016867";"15";"3";"2019";"15:05";"1";"69";"69387";"2";"1";"1";"6";"GARIBALDI                           (R )";"45,7488200";"4,8531800"
"201900016868";"15";"3";"2019";"14:15";"1";"69";"69383";"2";"1";"8";"6";"GAMBETTA                            (CO)";"45,7505800";"4,8566100"
"201900016869";"5";"3";"2019";"21:00";"5";"69";"69259";"2";"1";"1";"2";"VIVIANI                             (AV)";"45,7253000";"4,8681300"
"201900016870";"5";"3";"2019";"20:52";"5";"69";"69388";"2";"1";"1";"3";"CHALLEMEL LACOUR                    (R )";"45,7293500";"4,8499200"
"201900016871";"14";"3";"2019";"16:50";"1";"69";"69386";"2";"2";"2";"6";"VITTON                              (CO)";"45,7694600";"4,8523200"
"201900016872";"14";"3";"2019";"16:40";"1";"69";"69388";"2";"3";"2";"6";"ST ROMAIN                           (R )";"45,7403700";"4,8676200"
"201900016873";"14";"3";"2019";"09:45";"1";"69";"69383";"2";"1";"1";"6";"MARIUS VIVIER MERLE                 (BD)";"45,7585800";"4,8582200"
"201900016874";"16";"3";"2019";"13:40";"1";"972";"97213";"2";"6";"1";"5";"ROUTE DEPARTEMENTALE 3";"14,6197150";" -60,9944100"
"201900016875";"14";"3";"2019";"01:25";"5";"972";"97213";"1";"1";"1";"7";"BOIS CARRE (RUE DU)";"14,6251200";" -60,9922500"
"201900016876";"15";"3";"2019";"15:34";"1";"972";"97209";"1";"1";"1";"3";"POINTE SABLE (ROUTE DE)";"14,5995000";" -61,0502600"
"201900016877";"15";"3";"2019";"14:55";"1";"972";"97209";"2";"1";"1";"6";"REPUBLIQUE (RUE DE LA )";"14,6070500";" -61,0693200"
"201900016878";"15";"3";"2019";"02:15";"3";"972";"97209";"2";"1";"1";"7";"AUTOROUTE (A1)";"14,6152300";" -61,0451900"
"201900016879";"14";"3";"2019";"18:30";"5";"69";"69152";"2";"1";"2";"6";"HENRI BARBUSSE                      (R )";"45,6974400";"4,8212500"
"201900016880";"14";"3";"2019";"20:30";"5";"69";"69389";"2";"1";"2";"3";"GARE D'EAU (DE LA)                  (QU)";"45,7805500";"4,8089300"
"201900016881";"14";"3";"2019";"17:45";"1";"69";"69389";"2";"1";"3";"6";"BALMONT (DE)                        (BD)";"45,7888300";"4,8003900"
"201900016882";"14";"3";"2019";"08:30";"1";"69";"69385";"2";"1";"1";"7";"FARGES (DES)                        (R )";"45,7570300";"4,8210900"
"201900016883";"14";"3";"2019";"06:35";"2";"69";"69385";"2";"2";"1";"2";"FRANCOIS GENIN                      (R )";"45,7563600";"4,7969700"
"201900016884";"15";"3";"2019";"17:25";"1";"971";"97113";"2";"1";"1";"3";"MONTAUBAN (SECTEUR)";"16,2149100";" -61,5008000"
"201900016885";"14";"3";"2019";"07:50";"1";"971";"97113";"1";"1";"1";"6";"RN4-ROND POINT SAINT FELIX";"16,2071900";" -61,4549700"