"Num_Acc";"jour";"mois";"an";"hrmn";"lum";"dep";"com";"agg";"int";"atm";"col";"adr";"lat";"long"
"201900016886";"10";"3";"2019";"03:44";"5";"971";"97113";"2";"1";"1";"6";"PONT DE POUCET";"16,2091952";" -61,4712551"
"201900016887";"15";"3";"2019";"12:15";"1";"2A";"2A004";"2";"1";"8";"3";"BONAPARTE CHARLES  BD";"41,9324200";"8,7413300"
"201900016888";"8";"3";"2019";"15:45";"1";"95";"95197";"2";"1";"1";"6";"GARE (RUE DE LA)";"48,9754600";"2,3335700"
"201900016889";"16";"3";"2019";"17:40";"1";"95";"95063";"2";"9";"1";"6";"RUE ALPHONSE CORNAILLE";"48,9375300";"2,2067700"
"201900016890";"15";"3";"2019";"22:30";"5";"91";"91326";"2";"1";"1";"5";"GAMBETTA (QUAI)";"48,6913900";"2,3775600"
"201900016891";"15";"3";"2019";"23:10";"5";"91";"91228";"2";"2";"1";"1";"MONSEIGNEUR ROMERO (COURS)N°IMPAIR";"48,6287700";"2,4276700"
"201900016892";"15";"3";"2019";"22:00";"5";"91";"91228";"2";"9";"1";"3";"FRANCE (BD) N°PAIRS";"48,6266700";"2,4415700"
"201900016893";"11";"3";"2019";"20:05";"5";"91";"91228";"2";"1";"1";"6";"CHAMPS ELYSEES (BD)N°1A EUROPE";"48,6343600";"2,4253800"
"201900016894";"16";"3";"2019";"17:32";"1";"91";"91223";"2";"9";"1";"6";"LYS (RUE DES)";"48,4393500";"2,1397600"
"201900016895";"16";"3";"2019";"13:55";"1";"91";"91174";"2";"1";"1";"3";"SEINE(RUE DE)";"48,6160700";"2,4760700"
"201900016896";"14";"3";"2019";"15:15";"1";"87";"87085";"2";"3";"2";"6";"PERRIN (RUE FRANCOIS)";"45,8289000";"1,2433900"
"201900016897";"13";"3";"2019";"20:10";"5";"87";"87085";"2";"1";"1";"6";"LIBERATION (AVENUE DE LA)";"45,8341300";"1,2598200"
"201900016898";"13";"3";"2019";"14:50";"1";"85";"85191";"2";"1";"1";"6";"BOULEVARD DES ETATS UNISSECTEUR 103)";"46,6649600";" -1,4222500"
"201900016899";"27";"1";"2019";"10:15";"1";"84";"84031";"2";"1";"1";"6";"VINGT CINQ AOUT 1944 PLACE DU";"44,0524200";"5,0473100"
"201900016900";"10";"3";"2019";"07:30";"2";"84";"84007";"2";"1";"1";"6";"SAINT ROCH (Boulevard)";"43,9425400";"4,8053900"
"201900016901";"13";"3";"2019";"18:00";"1";"83";"83137";"2";"1";"1";"6";"PRUNEAU (AVE GENERAL)";"43,1213040";"5,9557490"
"201900016902";"12";"3";"2019";"20:15";"5";"83";"83126";"2";"1";"1";"3";"PETIN (AV HENRI)";"43,1041000";"5,8748100"
"201900016903";"14";"3";"2019";"16:10";"1";"83";"83129";"1";"4";"1";"3";"COURRENS (CH DE)";"43,0737000";"5,8282100"
"201900016904";"13";"3";"2019";"08:15";"1";"83";"83050";"1";"3";"1";"3";"RD 54";"43,5240600";"6,5257300"
"201900016905";"12";"3";"2019";"16:30";"1";"83";"83050";"2";"1";"1";"6";"BROSSOLETTE(AVENUE  PIERRE)";"43,5334579";"6,4532715"
"201900016906";"15";"3";"2019";"14:00";"1";"82";"82121";"2";"1";"1";"6";"POULT (QUAI ADOLPHE)";"44,0119900";"1,3466800"
"201900016907";"13";"3";"2019";"14:50";"1";"80";"80725";"2";"1";"2";"6";"N/A";"49,8716600";"2,2571800"
"201900016908";"11";"3";"2019";"08:21";"1";"80";"80021";"2";"1";"1";"6";"QUATORZE JUILLET 1789 (AVENUE DU)";"49,8788800";"2,2832400"
"201900016909";"14";"3";"2019";"18:30";"3";"77";"77123";"1";"1";"3";"6";"CD 212";"48,9977400";"2,6429900"
"201900016910";"15";"3";"2019";"22:20";"3";"77";"77114";"1";"2";"1";"3";"D471 X D216";"48,7347024";"2,7008933"
"201900016911";"16";"3";"2019";"22:00";"5";"77";"77438";"2";"9";"1";"6";"EUGENE BOUDIN  (RUE   )";"48,8660512";"2,6764476"
"201900016912";"13";"3";"2019";"11:02";"1";"77";"77243";"2";"2";"1";"6";"GOUVERNES  (CHEMIN DE)";"48,8698992";"2,7009180"
"201900016913";"14";"3";"2019";"08:10";"1";"76";"76681";"2";"1";"3";"7";"GARIBALDI. RUE";"49,4186000";"1,0911000"
"201900016914";"14";"3";"2019";"07:30";"2";"76";"76451";"2";"1";"3";"7";"MONT AUX MALADES. AVENUE DU";"49,4575200";"1,0827100"
"201900016915";"13";"3";"2019";"14:30";"1";"76";"76498";"2";"3";"1";"6";"PREVERT. AVENUE JACQUES";"49,4279200";"1,0629000"
"201900016916";"13";"3";"2019";"15:00";"1";"76";"76681";"2";"1";"1";"2";"CITE THUILLIER. RUE";"49,4073500";"1,0998400"
"201900016917";"13";"3";"2019";"10:00";"1";"76";"76351";"2";"2";"1";"7";"BERNARDIN DE SAINT PIERRE";"49,4900000";"0,1053000"
"201900016918";"15";"3";"2019";"07:30";"1";"72";"72181";"2";"2";"1";"3";"BASTIE MARYSE (RUE)";"47,9681600";"0,2058200"
"201900016919";"13";"3";"2019";"07:45";"1";"71";"71076";"2";"1";"2";"6";"MONNOT (AVENUE)";"46,7889020";"4,8605380"
"201900016920";"14";"3";"2019";"22:55";"5";"69";"69266";"2";"1";"2";"3";"EMILE ZOLA     (Cours)";"45,7697900";"4,8778500"
"201900016921";"13";"3";"2019";"17:45";"1";"67";"67482";"2";"1";"2";"6";"22 NOVEMBRE (RUE DU)";"48,5828880";"7,7407980"
"201900016922";"13";"3";"2019";"08:30";"1";"67";"67204";"1";"1";"1";"1";"FONTAINE (RUE DE LA)";"48,6247640";"7,7384190"
"201900016923";"15";"3";"2019";"07:40";"1";"66";"66136";"2";"1";"1";"6";" (Bd FELIX mercarder";"42,6930000";"2,8911000"
"201900016924";"14";"3";"2019";"10:10";"1";"66";"66136";"2";"1";"1";"3";"FAUCEILLE (CHEMIN DE LA)";"42,6697085";"2,8979831"
"201900016925";"13";"3";"2019";"17:47";"1";"66";"66136";"1";"1";"1";"3";"RD 617";"42,7094780";"2,9147620"
"201900016926";"15";"3";"2019";"15:25";"1";"65";"65440";"2";"6";"1";"3";"DEBUSSY (BOULEVARD CLAUDE)";"43,2210000";"0,0612000"
"201900016927";"14";"3";"2019";"11:00";"1";"64";"64483";"2";"1";"2";"3";"CHANTACO (AVENUE DE )";"43,3826182";" -1,6480012"
"201900016928";"15";"3";"2019";"15:41";"1";"64";"64445";"2";"1";"1";"6";"LAUSSAT DE";"43,3023260";" -0,3710590"
"201900016929";"14";"3";"2019";"15:30";"1";"62";"62276";"1";"1";"1";"1";"cd 941";"50,5219100";"2,8302300"
"201900016930";"13";"3";"2019";"19:40";"5";"60";"60159";"2";"2";"1";"6";"SAINT-JOSEPH (Rue)";"49,4091100";"2,8199400"
"201900016931";"16";"3";"2019";"11:30";"1";"59";"59560";"2";"1";"1";"1";"ARTISANS RUE DES";"50,5526600";"3,0526000"
"201900016932";"15";"3";"2019";"00:50";"5";"59";"59350";"2";"7";"8";"3";"SEBASTOPOL PLACE N°1 - 11";"50,6289900";"3,0589500"
"201900016933";"14";"3";"2019";"23:55";"4";"56";"56121";"1";"1";"2";"6";"RN 465";"47,7646100";" -3,3795700"
"201900016934";"14";"3";"2019";"12:45";"1";"56";"56121";"2";"2";"1";"3";"FREBAULT (RUE  DU GENERAL )";"47,7401300";" -3,3752500"
"201900016935";"13";"3";"2019";"17:35";"1";"56";"56121";"2";"1";"1";"6";"Place Pierre Guéguen";"47,7501100";" -3,3723700"
"201900016936";"14";"3";"2019";"19:15";"5";"51";"51573";"2";"1";"1";"7";"RUE NICOLAS APPERT";"49,2409306";"3,9910472"
"201900016937";"15";"3";"2019";"17:20";"1";"50";"50165";"2";"3";"6";"3";"MOULIN (RUE DU)";"48,8451000";" -1,5768900"
"201900016938";"14";"3";"2019";"12:15";"1";"50";"50602";"2";"2";"1";"3";"CITES (RUE DES)";"49,6384100";" -1,5856400"
"201900016939";"14";"3";"2019";"07:35";"1";"50";"50129";"1";"3";"2";"6";"BUCAILLE (RUE DE LA)";"49,6413700";" -1,6319400"
"201900016940";"13";"3";"2019";"13:45";"1";"50";"50129";"2";"1";"6";"3";"CURIE (RUE JOLIOT)";"49,6293200";" -1,6416000"
"201900016941";"30";"1";"2019";"12:09";"1";"87";"87085";"2";"2";"1";"3";"CARMES (PLACE DES)";"45,8301700";"1,2503400"
"201900016942";"30";"1";"2019";"08:38";"2";"87";"87050";"2";"1";"4";"6";"LANDOU (Route du)";"45,8633600";"1,2088100"
"201900016943";"31";"1";"2019";"09:40";"1";"83";"83069";"2";"1";"1";"3";"TOULON (VIEUX CHEMIN DE)";"43,1239000";"6,0960200"
"201900016944";"28";"1";"2019";"18:10";"5";"83";"83050";"2";"4";"1";"3";"KENNEDY(BOULEVARD JOHN)";"43,5356100";"6,4745500"
"201900016945";"1";"2";"2019";"01:25";"5";"81";"81065";"2";"1";"2";"7";"MERIGONDE (RUE)";"43,6018416";"2,2526404"
"201900016946";"29";"1";"2019";"17:40";"2";"78";"78126";"2";"1";"8";"6";"DE GAULLE CHARLES (AVENUE)";"48,8462100";"2,1350600"
"201900016947";"3";"2";"2019";"22:40";"5";"77";"77514";"1";"1";"1";"6";"D603";"48,9403300";"2,6252000"
"201900016948";"3";"2";"2019";"01:15";"3";"77";"77294";"1";"1";"2";"2";"RN 2";"48,9803700";"2,5935200"
"201900016949";"29";"1";"2019";"19:10";"5";"77";"77350";"2";"9";"4";"6";"AUGUSTE HUDIER (RUE)";"48,7634600";"2,6753400"
"201900016950";"2";"2";"2019";"03:50";"3";"77";"77335";"1";"1";"3";"2";"RN3 (ROUTE NATIONALE)";"48,9588800";"2,8351500"
"201900016951";"1";"2";"2019";"23:35";"5";"77";"77284";"2";"2";"2";"6";"D360 X RUE JABLINOT-CORNILLON (RUE)";"48,9550100";"2,8791600"
"201900016952";"1";"2";"2019";"20:45";"5";"77";"77284";"2";"5";"3";"6";"D603 X PINTEVILLE (COURS)";"48,9593200";"2,8736200"
"201900016953";"2";"2";"2019";"20:35";"5";"77";"77438";"2";"9";"1";"6";"LAMARTINE  (RUE   )";"48,8680500";"2,6784700"
"201900016954";"1";"2";"2019";"08:11";"3";"77";"77372";"1";"3";"8";"2";"D934 X RUE VILLEVAUDE";"48,8814100";"2,6611300"
"201900016955";"29";"1";"2019";"21:00";"5";"76";"76540";"2";"1";"1";"6";"LA FAYETTE. RUE";"49,4327200";"1,0897200"
"201900016956";"31";"1";"2019";"20:15";"5";"76";"76351";"2";"3";"4";"6";"FORTINS (DES)";"49,5141900";"0,1576700"
"201900016957";"30";"1";"2019";"18:00";"2";"76";"76341";"2";"1";"1";"2";"OUDALLE (ROUTE D')";"49,5034500";"0,2064100"
"201900016958";"1";"2";"2019";"18:30";"5";"76";"76217";"2";"1";"1";"6";"GRANDE RUE DU POLLET";"49,9274000";"1,0871700"
"201900016959";"29";"1";"2019";"10:30";"1";"74";"74012";"2";"6";"1";"6";"SALEVE (RUE DU)";"46,1927200";"6,2287700"
"201900016960";"8";"1";"2019";"08:15";"2";"73";"73065";"2";"1";"1";"6";"LECLERC (AVENUE DU MAL)";"45,5702613";"5,9166106"
"201900016961";"1";"2";"2019";"08:00";"2";"71";"71040";"1";"1";"1";"7";"RN 70 PR 36+400 (ROUTE EXPRESS)";"46,6917700";"4,3734500"
"201900016962";"31";"1";"2019";"16:06";"1";"71";"71059";"2";"1";"2";"6";"COUCHES (ROUTE DE)";"46,8069700";"4,4631000"
"201900016963";"1";"2";"2019";"22:25";"5";"71";"71076";"2";"1";"1";"6";"56 EME RI  (RUE)";"46,7920500";"4,8521100"
"201900016964";"1";"2";"2019";"18:30";"2";"71";"71445";"2";"1";"1";"1";"VARENNE (RUE DE LA)";"46,7783400";"4,8951000"
"201900016965";"31";"1";"2019";"17:00";"1";"71";"71118";"2";"1";"3";"2";"GIVRY (ROUTE)";"46,7839200";"4,7987600"
"201900016966";"1";"2";"2019";"14:50";"1";"69";"69256";"2";"1";"8";"6";"FERME (DE LA)                       (CH)";"45,7866100";"4,9114300"
"201900016967";"1";"2";"2019";"10:00";"1";"69";"69256";"2";"3";"2";"6";"MAURICE AUDIN                       (R )";"45,7790300";"4,9222000"
"201900016968";"31";"1";"2019";"11:55";"1";"69";"69256";"2";"2";"1";"3";"SALVADOR ALLENDE                    (AV)";"45,7806800";"4,9233500"
"201900016969";"31";"1";"2019";"06:45";"5";"69";"69029";"2";"2";"1";"3";"GENAS (DE)                          (RO)";"45,7510000";"4,9078300"
"201900016970";"16";"1";"2019";"20:31";"5";"68";"68297";"2";"1";"1";"3";"MULHOUSE ( RUE DE)JUSQUE CIMETIERE DU 1";"47,5931400";"7,5555700"
"201900016971";"31";"1";"2019";"12:57";"1";"67";"67482";"2";"3";"1";"3";"HOCHFELDEN (RUE DE)";"48,5982500";"7,7258400"
"201900016972";"30";"1";"2019";"13:00";"1";"67";"67482";"2";"1";"6";"6";"PRESIDENT WILSON (BOULEVARD)";"48,5867900";"7,7374400"
"201900016973";"30";"1";"2019";"12:23";"1";"65";"65440";"2";"1";"3";"6";"LASSALLE (RUE GEORGES)";"43,2352660";"0,0676360"
"201900016974";"3";"2";"2019";"06:30";"3";"64";"64545";"1";"1";"4";"7";"RD810";"43,3619580";" -1,7169947"
"201900016975";"30";"1";"2019";"12:50";"1";"64";"64445";"2";"2";"2";"3";"LILAS DES";"43,3131000";" -0,3412000"
"201900016976";"30";"1";"2019";"11:20";"1";"62";"62160";"2";"1";"1";"6";"PERCIER ET FONTAINE (Ave)";"50,7406490";"1,6138369"
"201900016977";"26";"1";"2019";"19:25";"5";"62";"62160";"2";"2";"8";"3";"COLONNE (Rue de la )";"50,7356300";"1,6137100"
"201900016978";"2";"2";"2019";"22:10";"5";"62";"62626";"2";"9";"2";"6";"CD 943";"50,4864100";"2,7210600"
"201900016979";"29";"1";"2019";"15:30";"1";"59";"59599";"2";"1";"8";"4";"LILLE (RUE DE)";"50,7223900";"3,1549300"
"201900016980";"3";"2";"2019";"23:00";"5";"59";"59512";"2";"1";"1";"3";"LANNOY (RUE DE )";"50,6860300";"3,1869000"
"201900016981";"2";"2";"2019";"23:30";"5";"59";"59512";"2";"3";"2";"1";"PIERRE DE ROUBAIX (RUE)";"50,6885000";"3,1887000"
"201900016982";"30";"1";"2019";"13:35";"1";"59";"59183";"2";"2";"8";"6";"SALENGRO ROGER";"51,0308791";"2,3459970"
"201900016983";"30";"1";"2019";"12:10";"1";"56";"56260";"2";"1";"2";"3";"12 rue Winston Churchill";"47,6487700";" -2,7704200"
"201900016984";"1";"2";"2019";"08:55";"1";"56";"56121";"2";"1";"1";"2";"SAINT-CHRISTOPHE ( PONT )";"47,7607300";" -3,3651000"
"201900016985";"30";"1";"2019";"08:30";"1";"56";"56083";"1";"1";"3";"5";"MANE EL CULF (LIEU-DIT)";"47,8197200";" -3,2956000"
"201900016986";"31";"1";"2019";"19:00";"5";"52";"52448";"2";"1";"4";"3";"REPUBLIQUE (AVE DE LA) N° 51A LA FIN";"48,6375300";"4,9421500"
"201900016987";"31";"1";"2019";"03:30";"5";"51";"51454";"2";"1";"1";"6";"BOULEVARD CHARLES ARNOULD";"49,2656731";"4,0129738"
"201900016988";"28";"1";"2019";"13:55";"1";"50";"50416";"2";"2";"1";"1";"HAGUE (BOULEVARD DE LA)";"49,6650000";" -1,6864000"
"201900016989";"31";"1";"2019";"07:45";"2";"49";"49328";"2";"1";"1";"6";"JOUANNEAULT (RUE ALBERT)";"47,2644300";" -0,0732700"
"201900016990";"31";"1";"2019";"11:15";"1";"49";"49007";"2";"1";"2";"3";"LETANDUERE";"47,4571100";" -0,5540400"
"201900016991";"31";"1";"2019";"14:13";"1";"49";"49007";"2";"1";"1";"7";"AYRAULT";"47,4770400";" -0,5528100"
"201900016992";"30";"1";"2019";"08:35";"2";"49";"49007";"2";"6";"1";"7";"DE LATTRE DE TASSIGNY";"47,4482200";" -0,5380600"
"201900016993";"30";"1";"2019";"19:35";"5";"49";"49246";"1";"1";"8";"1";"MOULIN MARCILLE CHEMIN";"47,4326900";" -0,5015100"
"201900016994";"30";"1";"2019";"12:00";"1";"49";"49007";"2";"2";"1";"3";"BELFORT";"47,4777400";" -0,5399700"
"201900016995";"28";"1";"2019";"13:10";"1";"49";"49007";"2";"2";"1";"3";"BIRGE BOULEVARD";"47,4705600";" -0,5190200"
"201900016996";"3";"2";"2019";"20:35";"5";"45";"45284";"2";"1";"1";"4";"AVENUE PIERRE ET MARIE CURIE";"47,9082600";"1,9781600"
"201900016997";"2";"2";"2019";"12:55";"1";"44";"44109";"2";"1";"1";"6";"RUE ALEXANDRE DUMAS";"47,2226700";" -1,5720780"
"201900016998";"31";"1";"2019";"19:50";"1";"44";"44162";"2";"1";"1";"3";"AVENUE DE L'ANGEVINIERE";"47,2459500";" -1,6161500"
"201900016999";"2";"2";"2019";"11:20";"1";"42";"42207";"2";"1";"4";"6";"LIBERATION  AVENUE  DE LA";"45,4738100";"4,5143900"
"201900017000";"31";"1";"2019";"15:35";"1";"42";"42186";"2";"1";"2";"6";"DRIVON RUE CLAUDE";"45,5269950";"4,6118960"
"201900017001";"22";"1";"2019";"02:38";"3";"42";"42189";"1";"1";"1";"6";"BRAILLE LOUIS (BOULEVARD)";"45,4148900";"4,3046300"
"201900017002";"31";"1";"2019";"08:45";"1";"42";"42187";"2";"1";"1";"6";"THOMAS (RUE ALBERT)";"46,0466700";"4,0743600"
"201900017003";"1";"2";"2019";"12:30";"1";"42";"42316";"1";"1";"2";"1";"CHENIER (RUE ANDRE)";"45,4064090";"4,2722570"
"201900017004";"1";"2";"2019";"22:20";"5";"41";"41269";"2";"1";"2";"6";"DE GAULLE (RUE DU GENERAL)";"47,7918300";"1,0656700"
"201900017005";"31";"1";"2019";"18:25";"5";"41";"41018";"1";"1";"2";"5";"RD 956";"47,5942200";"1,3535100"
"201900017006";"2";"2";"2019";"17:20";"1";"38";"38544";"1";"1";"3";"6";"Route de chasse";"45,5438100";"4,8450300"
"201900017007";"31";"1";"2019";"19:40";"5";"38";"38544";"2";"3";"8";"3";"GENERAL LECLERC(AV)";"45,5028700";"4,8531100"
"201900017008";"25";"1";"2019";"15:50";"1";"38";"38544";"2";"9";"1";"3";"BERTHELOT(AV)";"45,5346400";"4,8726100"
"201900017009";"2";"2";"2019";"08:20";"2";"37";"37122";"1";"1";"1";"6";"RD 37";"47,3409018";"0,6526231"
"201900017010";"30";"1";"2019";"17:55";"4";"37";"37122";"2";"1";"2";"4";"BOULEVARD PERIPHERIQUE N 585";"47,3461700";"0,6462800"
"201900017011";"1";"2";"2019";"22:35";"1";"37";"37261";"2";"1";"1";"2";"DANIEL MAYER";"47,4188500";"0,6986200"
"201900017012";"1";"2";"2019";"19:20";"5";"37";"37261";"2";"2";"2";"6";"PREUILLY (BOULEVARD)";"47,3934200";"0,6718500"
"201900017013";"31";"1";"2019";"21:50";"5";"37";"37261";"2";"1";"8";"7";"LAMARTINE (RUE)";"47,3922069";"0,6705522"
"201900017014";"2";"2";"2019";"21:40";"5";"35";"35278";"2";"9";"2";"6";"GAULLE (RUE DU GAL DE)";"48,1471000";" -1,6862000"
"201900017015";"2";"2";"2019";"11:45";"1";"35";"35278";"2";"1";"1";"2";"ROUTE DE SAINT-MALO";"48,1373600";" -1,6935900"
"201900017016";"1";"2";"2019";"22:50";"5";"35";"35238";"2";"4";"2";"3";"SAINT-JEAN BAPTISTE DE LA SALLE";"48,1147000";" -1,7010000"
"201900017017";"1";"2";"2019";"23:00";"5";"35";"35238";"2";"7";"2";"6";"LICES (PLACE DES)";"48,1132700";" -1,6831100"
"201900017018";"1";"2";"2019";"18:20";"5";"35";"35238";"2";"3";"1";"3";"VILLEBOIS MAREUIL (BD)";"48,1091200";" -1,6548870"
"201900017019";"31";"1";"2019";"13:35";"1";"35";"35278";"2";"6";"3";"6";"AUGE DE PIERRE (LIEU DIT)";"48,1350130";" -1,6936030"
"201900017020";"2";"2";"2019";"12:00";"1";"34";"34172";"2";"2";"2";"3";"TOULOUSE (AVENUE DE";"43,5973300";"3,8642200"
"201900017021";"2";"2";"2019";"10:30";"1";"34";"34172";"2";"3";"2";"3";"MAS ARGELLIERS (AVENUE DU)";"43,5833400";"3,8874400"
"201900017022";"2";"2";"2019";"19:14";"5";"34";"34172";"2";"2";"2";"3";"ANTIGONE (BOULEVARD D')";"43,6089800";"3,8907700"
"201900017023";"1";"2";"2019";"19:40";"5";"34";"34172";"2";"6";"2";"3";"COLOMB (PLACE CHRISTOPHE)";"43,6060800";"3,8987000"
"201900017024";"1";"2";"2019";"16:50";"1";"34";"34172";"2";"3";"8";"6";"CLEMENTVILLE (RUE DE)";"43,6141500";"3,8510800"
"201900017025";"1";"2";"2019";"14:08";"1";"34";"34172";"2";"2";"1";"3";"CASTELLE (RUE DE LA)";"43,5797700";"3,8690600"
"201900017026";"1";"2";"2019";"09:20";"1";"34";"34172";"2";"2";"1";"3";"8 MAI 1945 (PLACE DU)";"43,6009200";"3,8681000"
"201900017027";"1";"2";"2019";"05:05";"5";"34";"34172";"2";"1";"2";"6";"SAINT LOUIS (RUE)";"43,6102300";"3,8667800"
"201900017028";"31";"1";"2019";"21:20";"5";"34";"34172";"2";"3";"1";"6";"ARC (RUE JEANNE D')";"43,6075800";"3,8847660"
"201900017029";"31";"1";"2019";"13:30";"1";"34";"34172";"1";"1";"1";"6";"PARGUEL (AVENUE ABBE PAUL";"43,6330950";"3,8602820"
"201900017030";"28";"1";"2019";"13:45";"1";"33";"33063";"2";"1";"1";"6";"23 CRS DU CHAPEAU ROUGE - piétonne traverse coté n° impairs vers pairs.";"44,8424200";" -0,5726600"
"201900017031";"25";"1";"2019";"09:05";"1";"33";"33069";"2";"1";"2";"6";"20 PCE GAMBETTA - piéton traverse entre 2 voitures stationnées du coté façade vers coté église.";"44,8653100";" -0,6000900"
"201900017032";"22";"1";"2019";"08:00";"1";"33";"33281";"2";"2";"2";"3";"AVE DES EYQUEMS";"44,8279300";" -0,6461500"
"201900017033";"9";"1";"2019";"08:30";"2";"33";"33063";"2";"2";"1";"1";"BD ALBERT 1ER";"44,8134700";" -0,5646500"
"201900017034";"8";"1";"2019";"20:45";"5";"33";"33063";"2";"2";"1";"1";"RUE DE CURSOL";"44,8347700";" -0,5783400"
"201900017035";"24";"1";"2019";"13:40";"1";"33";"33039";"2";"2";"1";"3";"RUE CALIXTE CAMELLE";"44,8087900";" -0,5422600"
"201900017036";"31";"1";"2019";"12:10";"1";"31";"31555";"2";"1";"2";"2";"ARCOLE (BD D) DU 2AU 76";"43,6112300";"1,4414600"
"201900017037";"31";"1";"2019";"17:40";"2";"31";"31555";"2";"1";"8";"6";"RUE DU GEN ALBERT D AMADE";"43,6416700";"1,4600800"
"201900017038";"31";"1";"2019";"08:30";"1";"31";"31557";"2";"2";"2";"3";"PINSONS (RUE DES)";"43,5899300";"1,3134010"
"201900017039";"30";"1";"2019";"14:40";"1";"31";"31555";"1";"1";"2";"6";"CHE DE GABARDIE";"43,6300900";"1,4833300"
"201900017040";"30";"1";"2019";"11:25";"1";"31";"31555";"2";"1";"1";"6";"SAINT MICHEL (GRANDE RUE) DU 2AU 175";"43,5860700";"1,4470500"
"201900017041";"1";"2";"2019";"16:45";"1";"30";"30189";"2";"1";"2";"3";"BEAUCAIRE (RUE)";"43,8381800";"4,3750000"
"201900017042";"1";"2";"2019";"16:10";"1";"30";"30189";"2";"1";"8";"1";"BARON (RUE)";"43,8684600";"4,4056500"
"201900017043";"30";"1";"2019";"17:00";"2";"30";"30189";"2";"2";"8";"3";"MONNET JEAN (COURS)";"43,8160000";"4,3482000"
"201900017044";"3";"2";"2019";"13:30";"1";"29";"29232";"2";"3";"1";"3";"AMIRAL DE KERGUELEN BOULEVARD";"47,9954400";" -4,0981800"
"201900017045";"30";"1";"2019";"19:10";"5";"29";"29232";"2";"3";"2";"6";"Pont du Théâtre";"47,9951700";" -4,0978500"
"201900017046";"30";"1";"2019";"07:58";"5";"29";"29232";"2";"6";"2";"6";"JUSTICES CHEMIN DES";"47,9921600";" -4,1191700"
"201900017047";"30";"1";"2019";"11:42";"1";"29";"29039";"1";"1";"2";"7";"KERGUERES (Route de)";"47,8989700";" -3,9401600"
"201900017048";"31";"1";"2019";"13:35";"1";"29";"29019";"2";"1";"3";"6";"DOCTEUR LE NOBLE";"48,3922400";" -4,4860800"
"201900017049";"1";"2";"2019";"17:00";"1";"28";"28085";"2";"9";"2";"3";"BOURGNEUF (RUE DU)";"48,4638248";"1,4812692"
"201900017050";"2";"2";"2019";"18:20";"5";"25";"25462";"2";"1";"2";"1";"ARMEE DE L'EST (AVENUE DE L')";"46,8976800";"6,3627300"
"201900017051";"29";"1";"2019";"17:54";"5";"24";"24322";"2";"1";"3";"6";"BOULEVARD MONTAIGNE";"45,1864100";"0,7207400"
"201900017052";"29";"1";"2019";"10:45";"1";"22";"22278";"2";"4";"1";"3";"MOLIERE";"48,5115248";" -2,7500957"
"201900017053";"29";"1";"2019";"17:05";"1";"22";"22278";"2";"1";"2";"6";"CORNOUAILLE (DE)";"48,5173850";" -2,7896849"
"201900017054";"10";"1";"2019";"13:47";"1";"22";"22187";"2";"1";"1";"2";"RUE DE LA PRUNELLE";"48,5345899";" -2,7523733"
"201900017055";"31";"1";"2019";"18:40";"5";"19";"19031";"2";"3";"1";"3";"BONJOUR (RUE GUY)";"45,1522900";"1,5255900"
"201900017056";"30";"1";"2019";"14:20";"1";"18";"18033";"2";"1";"1";"2";"BARBES (RUE)";"47,0774200";"2,3901200"
"201900017057";"2";"2";"2019";"20:45";"5";"17";"17300";"2";"2";"1";"3";"DENFERT-ROCHEREAU   AVENUE (59)";"46,1642700";" -1,2027700"
"201900017058";"31";"1";"2019";"16:50";"1";"17";"17300";"2";"6";"1";"6";"REPUBLIQUE   BOULEVARD DE LA";"46,1418800";" -1,1401480"
"201900017059";"3";"2";"2019";"20:00";"5";"17";"17299";"2";"1";"1";"6";"AUDRY DE PUYRAVAULT RUE";"45,9373390";" -0,9630210"
"201900017060";"2";"2";"2019";"12:00";"1";"14";"14366";"2";"1";"2";"3";"SIX JUIN (AVENUE DU)";"49,1437522";"0,2199626"
"201900017061";"1";"2";"2019";"19:05";"3";"14";"14327";"2";"1";"1";"6";"BELLES PORTES (BOULEVARD DES)";"49,1980000";" -0,3304000"
"201900017062";"1";"2";"2019";"07:45";"5";"14";"14118";"2";"1";"1";"6";"JUIN (BOULEVARD MARECHAL)";"49,2107576";" -0,3647935"
"201900017063";"31";"1";"2019";"10:40";"1";"14";"14118";"2";"1";"8";"6";"BAYEUX (RUE DU143 IMPAIR . 160 PAIR";"49,1843000";" -0,3929800"
"201900017064";"3";"2";"2019";"19:00";"5";"13";"13214";"2";"3";"1";"3";"SAINT JOSEPH (CHEMIN DE)";"43,3435550";"5,3853150"
"201900017065";"2";"2";"2019";"22:00";"5";"13";"13208";"2";"1";"2";"2";"TURCAT MERY ALLÉE (ALLEE)";"43,2805800";"5,3878000"
"201900017066";"2";"2";"2019";"21:30";"5";"13";"13214";"2";"9";"2";"3";"CLAUDE MONET (avenue)";"43,3253000";"5,3940200"
"201900017067";"2";"2";"2019";"20:00";"5";"13";"13212";"2";"2";"2";"3";"SAINT BARNABE (AVENUE DE)";"43,3042900";"5,4130300"
"201900017068";"2";"2";"2019";"20:15";"5";"13";"13210";"2";"3";"2";"3";"CAPELETTE (AVENUE DE LA)";"43,2795900";"5,4106100"
"201900017069";"10";"1";"2019";"00:00";"5";"13";"13208";"2";"1";"6";"6";"OUTRE MER (AVE)";"43,2391000";"5,3630400"
"201900017070";"2";"2";"2019";"18:20";"5";"13";"13202";"2";"2";"1";"3";"REPUBLIQUE (RUE DE LA)";"43,2969200";"5,3735800"
"201900017071";"2";"2";"2019";"10:40";"1";"13";"13214";"2";"1";"8";"1";"SAINTE MARTHE (chemin)";"43,3319400";"5,3881400"
"201900017072";"1";"2";"2019";"20:20";"5";"13";"13211";"2";"1";"1";"1";"SAINT MARCEL (BOULEVARD DE )";"43,2876600";"5,4647500"
"201900017073";"1";"2";"2019";"19:30";"5";"13";"13209";"2";"1";"1";"6";"GILLIBERT (BOULEVARD)";"43,2646700";"5,4080000"
"201900017074";"1";"2";"2019";"20:30";"5";"13";"13213";"2";"1";"1";"4";"JEAN PAUL SARTRE (AVENUE)";"43,3276300";"5,4258800"