"Num_Acc";"jour";"mois";"an";"hrmn";"lum";"dep";"com";"agg";"int";"atm";"col";"adr";"lat";"long"
"201900017075";"1";"2";"2019";"01:36";"5";"13";"13202";"2";"2";"1";"2";"CHANTERAC (RUE DE)";"43,3123600";"5,3685600"
"201900017076";"31";"1";"2019";"23:40";"5";"13";"13208";"2";"3";"1";"3";"JULES CANTINI (AVENUE)";"43,2815600";"5,3916400"
"201900017077";"31";"1";"2019";"21:00";"5";"13";"13211";"2";"3";"2";"2";"RTE D' ALLAUCH";"43,3100330";"5,5001870"
"201900017078";"31";"1";"2019";"07:20";"1";"13";"13210";"2";"1";"1";"3";"BONNEFOY (RUE)";"43,2800000";"5,4000000"
"201900017079";"1";"2";"2019";"12:30";"1";"13";"13001";"2";"1";"2";"2";"PIGONNET (AV DU)";"43,5182300";"5,4400400"
"201900017080";"1";"2";"2019";"06:03";"5";"11";"11262";"2";"3";"1";"3";"KENNEDY (AVENUE DU PRESIDENT)";"43,1834000";"3,0144400"
"201900017081";"31";"1";"2019";"17:25";"1";"11";"11262";"2";"6";"2";"6";"ESPAGNE (AVENUE D')";"43,1683500";"2,9883400"
"201900017082";"2";"2";"2019";"10:13";"1";"10";"10297";"2";"1";"8";"3";"JEAN JAURES (RUE)";"48,3157600";"4,0979800"
"201900017083";"1";"2";"2019";"10:30";"1";"10";"10343";"2";"1";"1";"3";"DIJON (RUE DE)";"48,2732000";"4,0853000"
"201900017084";"1";"2";"2019";"12:28";"1";"10";"10081";"2";"1";"1";"6";"NECKARBISCHOFSHEIM (CD)";"48,3103000";"4,0276000"
"201900017085";"1";"2";"2019";"08:20";"1";"10";"10362";"2";"1";"1";"3";"GENERAL LECLERC (RUE DU)";"48,2921000";"4,0400000"
"201900017086";"31";"1";"2019";"19:37";"3";"10";"10060";"1";"1";"4";"4";"ROCADE SUD (RD 610)";"48,2511100";"4,1126000"
"201900017087";"31";"1";"2019";"17:15";"2";"10";"10387";"2";"1";"2";"3";"CHOMEDEY DE MAISONNEUVE (AVE)";"48,3030900";"4,0737300"
"201900017088";"30";"1";"2019";"11:56";"1";"10";"10343";"2";"2";"1";"3";"GARE (RUE DE LA)";"48,2671100";"4,0892400"
"201900017089";"30";"1";"2019";"11:30";"1";"9";"09122";"1";"1";"4";"1";"D17";"42,9592110";"1,5800250"
"201900017090";"3";"2";"2019";"12:45";"1";"6";"06069";"2";"2";"1";"3";"SAINT EXUPERY (AVENUE ANTOINE DE)";"43,6622000";"6,9342000"
"201900017091";"2";"2";"2019";"16:30";"1";"6";"06069";"2";"1";"2";"7";"DRAGUIGNAN (ROUTE DE) - D2562-";"43,6451200";"6,9030000"
"201900017092";"1";"2";"2019";"19:20";"5";"6";"06123";"2";"9";"2";"6";"DE GAULLE GENERAL AVENUE";"43,6696330";"7,1913820"
"201900017093";"1";"2";"2019";"19:25";"3";"1";"01053";"1";"1";"2";"1";"D117A";"46,2288390";"5,2264860"
"201900017094";"3";"2";"2019";"02:51";"5";"75";"75114";"2";"4";"1";"6";"ECHANGEUR ORLEANS";"48,8193300";"2,3286230"
"201900017095";"1";"2";"2019";"19:40";"5";"75";"75116";"2";"1";"2";"4";"PORTE DAUPHINE";"48,8705970";"2,2723520"
"201900017096";"1";"2";"2019";"17:30";"2";"75";"75113";"2";"1";"2";"7";"BD PERIPHERIQUE EXTERIEUR";"48,8168800";"2,3483260"
"201900017097";"1";"2";"2019";"06:00";"5";"75";"75114";"2";"4";"1";"6";"ECHANGEUR ORLEANS";"48,8193300";"2,3286260"
"201900017098";"31";"1";"2019";"10:15";"1";"75";"75119";"2";"1";"2";"4";"BOULEVARD PERIPHERIQUE";"48,9003270";"2,3793670"
"201900017099";"31";"1";"2019";"00:01";"5";"75";"75116";"2";"4";"1";"4";"BOULEVARD PERIPHERIQUE";"48,8393370";"2,2542090"
"201900017100";"30";"1";"2019";"16:55";"2";"75";"75113";"2";"4";"1";"3";"BOULEVARD PERIPHERIQUE";"48,8249350";"2,3844200"
"201900017101";"26";"1";"2019";"04:50";"5";"75";"75112";"2";"1";"2";"2";"BOULEVARD PERIPHERIQUE";"48,8331910";"2,4069460"
"201900017102";"2";"2";"2019";"10:59";"1";"75";"75108";"2";"2";"8";"6";"BOULEVARD DES BATIGNOLLES";"48,8819980";"2,3205030"
"201900017103";"2";"2";"2019";"05:57";"5";"75";"75111";"2";"2";"1";"3";"AVENUE LEDRU ROLLIN";"48,8532770";"2,3772900"
"201900017104";"1";"2";"2019";"18:34";"5";"75";"75103";"2";"3";"2";"6";"RUE DE BRETAGNE";"48,8636980";"2,3610840"
"201900017105";"1";"2";"2019";"04:49";"5";"75";"75105";"2";"3";"1";"6";"BOULEVARD SAINT MICHEL";"48,8476830";"2,3410520"
"201900017106";"12";"9";"2019";"11:36";"1";"75";"75118";"2";"2";"1";"6";"RUE RIQUET";"48,8896940";"2,3681224"
"201900017107";"11";"9";"2019";"22:15";"5";"75";"75119";"2";"2";"1";"3";"RUE DES BOIS";"48,8782516";"2,3979177"
"201900017108";"12";"9";"2019";"10:10";"1";"75";"75118";"2";"4";"1";"7";"BOULEVARD DE ROCHECHOUART";"48,8837123";"2,3482469"
"201900017109";"12";"9";"2019";"07:50";"1";"75";"75118";"2";"4";"1";"6";"BOULEVARD NEY";"48,8978439";"2,3426467"
"201900017110";"12";"9";"2019";"15:50";"1";"75";"75117";"2";"1";"1";"3";"RUE DE PRONY";"48,8807109";"2,3080211"
"201900017111";"12";"9";"2019";"19:45";"1";"75";"75116";"2";"1";"1";"3";"ROUTE DES TRIBUNES";"48,8640370";"2,2342370"
"201900017112";"11";"9";"2019";"20:51";"5";"75";"75116";"2";"2";"1";"6";"RUE DE LONGCHAMP";"48,8684300";"2,2747290"
"201900017113";"11";"9";"2019";"23:40";"5";"75";"75114";"2";"4";"1";"6";"AVENUE DU MAINE";"48,8350470";"2,3239810"
"201900017114";"11";"9";"2019";"22:25";"4";"75";"75113";"2";"3";"1";"3";"AVENUE D ITALIE";"48,8227806";"2,3583363"
"201900017115";"11";"9";"2019";"08:40";"1";"75";"75112";"2";"2";"8";"3";"RUE DE LYON";"48,8479690";"2,3714440"
"201900017116";"12";"9";"2019";"19:20";"2";"75";"75111";"2";"1";"1";"6";"RUE DE VAUCOULEURS";"48,8686408";"2,3778923"
"201900017117";"12";"9";"2019";"09:10";"1";"75";"75111";"2";"3";"1";"3";"RUE DE LA ROQUETTE";"48,8587052";"2,3843364"
"201900017118";"12";"9";"2019";"09:40";"1";"75";"75107";"2";"3";"1";"3";"AVENUE BOSQUET";"48,8598198";"2,3028583"
"201900017119";"11";"9";"2019";"19:05";"1";"75";"75101";"2";"3";"1";"3";"QUAI FRANCOIS MITTERRAND";"48,8589888";"2,3398505"
"201900017120";"12";"9";"2019";"20:45";"5";"94";"94067";"2";"1";"1";"6";"GALLIENI (AV)";"48,8465600";"2,4173100"
"201900017121";"12";"9";"2019";"16:00";"1";"94";"94043";"2";"1";"1";"6";"VERDUN (R DE)";"48,8071500";"2,3629900"
"201900017122";"11";"9";"2019";"00:12";"5";"94";"94041";"2";"1";"1";"7";"AUGUSTE DESHAIES (QU)";"48,8165000";"2,4074000"
"201900017123";"12";"9";"2019";"09:40";"1";"94";"94073";"2";"9";"1";"3";"LUXEMBOURG (AV DU)";"48,7536000";"2,3754700"
"201900017124";"12";"9";"2019";"16:50";"1";"94";"94054";"2";"2";"1";"3";"MARCEL CACHIN (AV)";"48,7501600";"2,4131300"
"201900017125";"12";"9";"2019";"09:30";"1";"94";"94017";"2";"3";"8";"3";"STALINGRAD (BD DE)";"48,8244750";"2,4960240"
"201900017126";"12";"9";"2019";"10:50";"1";"93";"93078";"2";"1";"1";"6";"BALLANGER (BD ROBERT)";"48,9576000";"2,5453900"
"201900017127";"12";"9";"2019";"07:00";"1";"93";"93051";"2";"6";"1";"6";"NEUILLY (PORTE)";"48,8434000";"2,5441300"
"201900017128";"12";"9";"2019";"08:20";"1";"93";"93049";"2";"3";"1";"3";"GEORGES CLEMENCEAU (AVENUE) 47-54 AU 93-";"48,8683360";"2,5076980"
"201900017129";"12";"9";"2019";"16:15";"1";"93";"93048";"2";"9";"1";"6";"EMILE BEAUFILS (RUE)";"48,8776000";"2,4600000"
"201900017130";"12";"9";"2019";"18:50";"1";"93";"93046";"2";"9";"1";"3";"JEAN MOULIN BOULEVARD";"48,9107000";"2,5124000"
"201900017131";"12";"9";"2019";"17:55";"1";"93";"93079";"2";"4";"1";"1";"ROGER SALENGRO";"48,9630300";"2,3438500"
"201900017132";"12";"9";"2019";"00:25";"5";"93";"93007";"2";"3";"1";"1";"""DESCARTES (AVENUE """"DU 43AU 180"""")Z2""";"48,9500600";"2,4594500"
"201900017133";"10";"9";"2019";"17:15";"1";"92";"92075";"2";"1";"1";"6";"VICTOR BASCH (AVENUE)";"48,8190100";"2,2923500"
"201900017134";"11";"9";"2019";"15:30";"1";"92";"92072";"2";"9";"1";"3";"MANUFACTURE NATIONALE (PLACE DE LA)";"48,8291817";"2,2242023"
"201900017135";"12";"9";"2019";"19:50";"2";"92";"92062";"2";"1";"1";"2";"PUTEAUX (PONT DE)";"48,8773700";"2,2438100"
"201900017136";"12";"9";"2019";"19:40";"2";"92";"92026";"2";"1";"1";"6";"VERDUN (DE 01 A 61)";"48,8988100";"2,2624800"
"201900017137";"12";"9";"2019";"14:00";"1";"92";"92004";"2";"3";"1";"6";"CHATEAU ( RUE DU )";"48,9097300";"2,2928500"
"201900017138";"11";"9";"2019";"15:40";"1";"86";"86187";"2";"9";"1";"3";"Rue la Grand-Rue";"46,5765650";"0,7769200"
"201900017139";"12";"9";"2019";"07:00";"2";"37";"37125";"1";"2";"5";"3";"RD114";"47,0794930";"0,3482370"
"201900017140";"11";"9";"2019";"21:05";"5";"86";"86297";"2";"1";"1";"6";"Rue du Petit Bois";"46,6029270";"0,2820780"
"201900017141";"13";"9";"2019";"15:25";"1";"6";"06161";"2";"4";"1";"3";"route du bord de mer";"43,6345170";"7,1351440"
"201900017142";"14";"9";"2019";"01:00";"3";"988";"98810";"1";"1";"1";"6";"RT1";" -20,7247790";"164,4347590"
"201900017143";"26";"8";"2019";"17:30";"1";"972";"97221";"1";"1";"1";"2";"Petit Bourg";"14,5460080";" -60,9744880"
"201900017144";"11";"9";"2019";"12:20";"1";"84";"84037";"1";"1";"1";"6";"2 B Chemin de l'Arnesque";"44,0585950";"4,8150640"
"201900017145";"12";"9";"2019";"16:45";"1";"62";"62491";"2";"1";"1";"3";"33 Rue du 11 Novembre";"50,6290450";"2,7706520"
"201900017146";"10";"9";"2019";"18:23";"1";"17";"17414";"1";"1";"1";"4";"RD 105";"46,2096570";" -1,1360360"
"201900017147";"11";"9";"2019";"12:15";"1";"59";"59202";"2";"1";"1";"1";"rue du bac";"50,6754560";"2,8474790"
"201900017148";"11";"9";"2019";"16:50";"1";"50";"50546";"1";"1";"1";"7";"39 Rue des Communes";"49,0516460";" -1,0638960"
"201900017149";"13";"9";"2019";"11:12";"1";"3";"03286";"1";"4";"1";"3";"N/A";"46,4964017";"3,3632237"
"201900017150";"10";"9";"2019";"15:17";"1";"51";"51629";"2";"1";"1";"7";"18 RUE DE LA FERME";"49,1695640";"4,0200350"
"201900017151";"13";"9";"2019";"17:30";"1";"77";"77032";"1";"1";"1";"7";"D55 - PK 34 + 480";"48,7121600";"3,2393200"
"201900017152";"20";"8";"2019";"12:15";"1";"2A";"2A271";"2";"1";"1";"3";"D1";"41,9584270";"8,8032900"
"201900017153";"11";"9";"2019";"12:00";"1";"33";"33491";"1";"1";"1";"7";"Lieu dit l'Enclos";"44,6258330";"0,1155710"
"201900017154";"13";"9";"2019";"14:25";"1";"69";"69248";"1";"9";"1";"6";"D308";"46,0242000";"4,3094400"
"201900017155";"12";"9";"2019";"19:00";"1";"11";"11152";"1";"1";"1";"7";"D611";"43,0530190";"2,8173520"
"201900017156";"13";"9";"2019";"08:00";"1";"71";"71332";"1";"1";"1";"2";"Route de Vergennes";"46,6333950";"4,9742760"
"201900017157";"12";"9";"2019";"18:45";"1";"63";"63281";"1";"1";"1";"6";"Chotard";"46,1192880";"2,7090490"
"201900017158";"12";"9";"2019";"20:55";"3";"42";"42136";"1";"1";"1";"3";"RD 8";"45,7180160";"4,0289030"
"201900017159";"12";"9";"2019";"12:25";"1";"47";"47325";"1";"1";"1";"2";"bourdieu";"44,3619270";"0,2716240"
"201900017160";"12";"9";"2019";"09:10";"1";"86";"86154";"1";"4";"5";"7";"RD18 / RD725";"46,8003850";"0,0993060"
"201900017161";"13";"9";"2019";"04:45";"3";"34";"34310";"1";"1";"1";"6";"D 154 E1";"43,4065690";"3,1766880"
"201900017162";"12";"9";"2019";"17:15";"1";"68";"68384";"2";"2";"7";"3";"1 Rue de Flaxlanden";"47,6981600";"7,3054760"
"201900017163";"27";"7";"2019";"11:50";"1";"29";"29235";"2";"6";"1";"3";"Boulevard Léopold Maissin";"48,3950874";" -4,4084914"
"201900017164";"12";"9";"2019";"08:15";"1";"31";"31187";"1";"1";"1";"2";"Route de Seysses";"43,5250790";"1,2704330"
"201900017165";"9";"9";"2019";"11:00";"1";"38";"38517";"2";"2";"1";"6";"Rue de la République";"45,2979000";"5,4833000"
"201900017166";"12";"9";"2019";"12:45";"1";"54";"54528";"1";"1";"1";"4";"RN 4";"48,6490940";"5,8632810"
"201900017167";"13";"9";"2019";"13:10";"1";"72";"72215";"1";"1";"7";"3";"D311";"48,3762640";"0,2445460"
"201900017168";"13";"9";"2019";"18:00";"1";"73";"73007";"1";"1";"1";"5";"D1090";"45,5719168";"6,2307793"
"201900017169";"13";"9";"2019";"00:00";"5";"7";"07347";"1";"1";"1";"6";"Petit Vignère";"45,2078930";"4,5652380"
"201900017170";"13";"9";"2019";"16:00";"1";"7";"07027";"2";"1";"7";"1";"Le Pont";"44,8249336";"4,7999473"
"201900017171";"12";"9";"2019";"13:45";"1";"21";"21603";"1";"3";"1";"3";"D970";"47,4839550";"4,3592120"
"201900017172";"13";"9";"2019";"10:45";"1";"4";"04135";"1";"1";"1";"7";"RD 952";"43,8327270";"6,2223540"
"201900017173";"12";"9";"2019";"14:40";"1";"4";"04049";"2";"1";"1";"6";"Av du Jas";"44,0781790";"6,0025520"
"201900017174";"10";"9";"2019";"20:10";"3";"27";"27228";"1";"3";"1";"3";"les baudoins";"49,3585170";"0,6854890"
"201900017175";"13";"9";"2019";"00:37";"3";"17";"17067";"1";"1";"1";"6";"le breuil";"45,8142197";" -0,2664650"
"201900017176";"13";"9";"2019";"08:40";"1";"17";"17024";"1";"2";"1";"1";"RD 950";"46,0196750";" -0,3596740"
"201900017177";"12";"9";"2019";"17:45";"1";"37";"37018";"1";"1";"1";"7";"BOIS JOLI";"47,3100294";"0,5765548"
"201900017178";"30";"8";"2019";"12:30";"1";"30";"30249";"1";"5";"1";"3";"Croisement D40 et D40c";"43,8084200";"4,2266570"
"201900017179";"13";"9";"2019";"07:00";"1";"88";"88221";"1";"1";"1";"6";"RD 40 D";"48,0576660";"6,1757050"
"201900017180";"13";"9";"2019";"08:35";"1";"67";"67471";"2";"1";"7";"6";"13 Rue des Ormes";"48,6348820";"7,7395970"
"201900017181";"13";"9";"2019";"08:30";"1";"13";"13109";"1";"1";"1";"4";"A8 PK022.400 sens NICE-LYON";"43,5119500";"5,4952570"
"201900017182";"10";"9";"2019";"20:35";"5";"6";"06088";"1";"1";"1";"4";"AUTOROUTE A8 PK 197.400 SENS SUD";"43,7348050";"7,2456750"
"201900017183";"6";"9";"2019";"16:30";"1";"6";"06088";"1";"1";"1";"7";"A8 pk185+700 sens CANNES-NICE";"43,6685650";"7,1989870"
"201900017184";"13";"9";"2019";"07:15";"1";"976";"97609";"1";"1";"1";"3";"CD4";" -12,9717210";"45,1110060"
"201900017185";"13";"9";"2019";"09:45";"1";"37";"37173";"1";"2";"1";"3";"Intersection RD 775 - RD 12";"47,1817807";"1,3239641"
"201900017186";"13";"9";"2019";"01:15";"3";"95";"95604";"2";"1";"1";"6";"Rue d'Enfresne";"49,0953278";"2,5467969"
"201900017187";"12";"9";"2019";"18:28";"1";"51";"51147";"1";"1";"1";"7";"A4";"49,0274275";"4,5018995"
"201900017188";"12";"9";"2019";"07:52";"2";"51";"51545";"1";"1";"1";"7";"AIRE DE SOMMESOUS";"48,7299200";"4,2299080"
"201900017189";"12";"9";"2019";"18:00";"1";"973";"97311";"2";"3";"1";"3";"Avenue Paul Castaing";"5,4858373";" -54,0163141"
"201900017190";"12";"9";"2019";"09:30";"1";"33";"33203";"1";"1";"1";"6";"Route départementale 3";"45,1193000";" -1,0454600"
"201900017191";"13";"9";"2019";"13:00";"1";"83";"83107";"1";"1";"1";"3";"1342 Corniche des Issambres";"43,3451720";"6,7100030"
"201900017192";"13";"9";"2019";"09:25";"1";"83";"83023";"1";"1";"1";"1";"DN7";"43,4157970";"6,0546410"
"201900017193";"12";"9";"2019";"20:25";"3";"5";"05021";"1";"1";"1";"7";"D 21";"44,4055540";"5,7428170"
"201900017194";"12";"9";"2019";"21:30";"3";"5";"05166";"1";"8";"1";"7";"Les Aumiers";"44,4098900";"5,7269300"
"201900017195";"13";"9";"2019";"09:20";"1";"5";"05070";"1";"1";"1";"1";"Route de Grenoble";"44,3215960";"5,8028990"
"201900017196";"12";"9";"2019";"13:20";"1";"4";"04106";"1";"1";"1";"6";"RD 12";"43,9573464";"5,8669240"
"201900017197";"11";"9";"2019";"16:00";"1";"68";"68311";"1";"1";"1";"7";"D27";"47,9948370";"7,0632880"
"201900017198";"13";"9";"2019";"06:15";"3";"74";"74094";"2";"1";"1";"1";"Route de la Bergue";"46,1807680";"6,2931430"
"201900017199";"13";"9";"2019";"18:00";"1";"74";"74160";"1";"1";"1";"7";"Route du Col de Merdassier";"45,8707690";"6,4171470"
"201900017200";"12";"9";"2019";"12:00";"1";"74";"74080";"2";"6";"1";"3";"Route du Col des Aravis";"45,9059420";"6,4306550"
"201900017201";"12";"9";"2019";"08:10";"1";"69";"69121";"2";"9";"1";"6";"322 chemin de la roue";"45,8541000";"4,6858000"
"201900017202";"12";"9";"2019";"19:10";"1";"69";"69143";"2";"1";"1";"2";"8 Avenue Auguste Wissel";"45,8774700";"4,8441900"
"201900017203";"7";"9";"2019";"01:20";"3";"81";"81225";"1";"6";"1";"6";"Cornebouc";"43,9184720";"1,9408830"
"201900017204";"13";"9";"2019";"08:32";"1";"33";"33240";"1";"2";"1";"2";"Route de Soulac";"45,2767880";" -0,9158160"
"201900017205";"13";"9";"2019";"02:40";"3";"85";"85226";"1";"6";"1";"6";"Rond-pont des Colverts";"46,7446560";" -1,9614080"
"201900017206";"13";"9";"2019";"08:45";"1";"85";"85016";"2";"3";"1";"2";"rue de nantes";"46,6790100";" -1,6102100"
"201900017207";"5";"9";"2019";"23:20";"3";"49";"49035";"1";"1";"1";"1";"départementale 111";"47,4218930";" -0,6114920"
"201900017208";"13";"9";"2019";"11:55";"1";"50";"50594";"1";"3";"2";"3";"Route départementale 22";"49,5986130";" -1,7310230"
"201900017209";"12";"9";"2019";"08:20";"1";"83";"83137";"1";"1";"1";"4";"A50 Accès Tunnel Tube Nord";"43,1209300";"5,9435000"
"201900017210";"11";"9";"2019";"00:35";"4";"69";"69296";"1";"1";"1";"6";"A7   10.992 A 13.970";"45,6599800";"4,8415800"
"201900017211";"12";"9";"2019";"17:20";"1";"67";"67551";"1";"1";"1";"2";"Autoroute A351";"48,5934470";"7,6718860"
"201900017212";"7";"9";"2019";"12:40";"1";"94";"94003";"1";"1";"2";"2";"AUTOROUTE A6B";"48,8012700";"2,3435400"
"201900017213";"12";"9";"2019";"07:10";"1";"92";"92036";"1";"1";"1";"3";"A86";"48,9374822";"2,2957151"
"201900017214";"12";"9";"2019";"06:30";"2";"92";"92050";"1";"1";"1";"3";"A86";"48,9162808";"2,2212937"
"201900017215";"12";"9";"2019";"00:30";"4";"93";"93053";"1";"1";"1";"4";"AUTOROUTE A3";"48,8929874";"2,4724559"
"201900017216";"11";"9";"2019";"18:15";"1";"93";"93066";"1";"1";"1";"2";"AUTOROUTE A1";"48,9279600";"2,3574900"
"201900017217";"7";"9";"2019";"07:00";"2";"93";"93078";"1";"1";"1";"3";"AUTOROUTE A104";"48,9584200";"2,5335100"
"201900017218";"11";"9";"2019";"07:20";"2";"95";"95582";"2";"1";"1";"3";"AUTOROUTE A15";"48,9691800";"2,2505100"
"201900017219";"12";"9";"2019";"18:30";"1";"94";"94017";"1";"1";"1";"3";"A4";"48,8287400";"2,4777700"
"201900017220";"9";"9";"2019";"18:30";"1";"93";"93051";"1";"1";"1";"5";"A4";"48,8363000";"2,5420000"
"201900017221";"10";"9";"2019";"15:40";"1";"974";"97411";"2";"1";"1";"2";"GAULLE (DU GENERAL DE)";" -20,8856400";"55,4642100"
"201900017222";"10";"9";"2019";"21:15";"5";"76";"76351";"2";"2";"1";"7";"ACACIAS (DES)";"49,5091700";"0,1409100"
"201900017223";"10";"9";"2019";"08:00";"1";"92";"92072";"2";"2";"1";"6";"TROYON (RUE)";"48,8264161";"2,2259875"
"201900017224";"10";"9";"2019";"17:30";"1";"92";"92020";"2";"3";"1";"6";"BERANGER RUE";"48,8064030";"2,2807240"
"201900017225";"11";"9";"2019";"16:35";"1";"13";"13211";"1";"1";"1";"2";"A50-Sens Marseille vers Aubagne";"43,2934642";"5,4568103"
"201900017226";"8";"9";"2019";"03:55";"3";"38";"38087";"1";"1";"1";"5";"A7   20.110 A 22.950";"45,5673800";"4,8166600"
"201900017227";"8";"9";"2019";"13:45";"1";"95";"95527";"1";"1";"1";"3";"AUTOROUTE A3";"48,9934700";"2,5159000"
"201900017228";"12";"9";"2019";"06:50";"1";"988";"98818";"2";"1";"2";"7";"RUE ARNOLD DALY";" -22,2669100";"166,4712500"
"201900017229";"11";"9";"2019";"16:30";"1";"988";"98818";"2";"3";"1";"6";"RUE DU SAINT PIERRE/RUE DU SAINT ANTOINE";" -22,2367200";"166,4166600"
"201900017230";"11";"9";"2019";"14:50";"1";"988";"98818";"2";"6";"1";"7";"ROND POINT IEKAWE";" -22,2456300";"166,4683800"
"201900017231";"11";"9";"2019";"07:25";"1";"974";"97416";"2";"3";"1";"3";"HIPPOLYTE  PIOT (RUE)";" -21,3011729";"55,4574216"
"201900017232";"10";"9";"2019";"18:10";"2";"974";"97411";"2";"1";"1";"7";"CLEMENCEAU (RUE GEORGES)";" -20,8953900";"55,4645300"
"201900017233";"11";"9";"2019";"21:10";"5";"69";"69383";"2";"1";"1";"7";"SERVIENT                            (R )";"45,7611000";"4,8559400"
"201900017234";"11";"9";"2019";"04:40";"5";"69";"69259";"2";"1";"1";"3";"EMILE ZOLA                          (R )";"45,7019500";"4,8821800"
"201900017235";"11";"9";"2019";"18:55";"1";"69";"69387";"2";"9";"1";"3";"VIVIER (DU)                         (R )";"45,7416400";"4,8482300"
"201900017236";"11";"9";"2019";"17:00";"1";"69";"69259";"2";"1";"1";"2";"AMBROISE CROIZAT                    (BD)";"45,6997300";"4,8878100"
"201900017237";"10";"9";"2019";"16:15";"1";"69";"69383";"2";"3";"1";"6";"CREQUI (DE)                         (R )";"45,7595400";"4,8467400"
"201900017238";"11";"9";"2019";"10:45";"1";"69";"69383";"2";"2";"1";"3";"MARECHAL DE SAXE                    (AV)";"45,7616000";"4,8453800"
"201900017239";"11";"9";"2019";"10:55";"1";"69";"69388";"2";"1";"7";"6";"VIENNE (DE)                         (RO)";"45,7303500";"4,8536600"
"201900017240";"11";"9";"2019";"10:15";"1";"69";"69388";"2";"2";"1";"3";"JEAN SARRAZIN                       (R )";"45,7329400";"4,8688200"
"201900017241";"7";"9";"2019";"23:37";"5";"972";"97213";"1";"1";"1";"6";"ROUTE DEPARTEMENTALE 3";"14,6275700";" -60,9893100"
"201900017242";"8";"9";"2019";"04:26";"3";"972";"97213";"1";"1";"1";"1";"ROUTE DEPARTEMENTALE 3";"14,6395000";" -60,9918500"
"201900017243";"11";"9";"2019";"17:30";"1";"69";"69382";"2";"2";"1";"6";"BAYARD                              (CO)";"45,7445900";"4,8195200"
"201900017244";"11";"9";"2019";"15:00";"1";"69";"69034";"2";"1";"1";"7";"ORANGERIE (DE L')                   (R )";"45,7825700";"4,8404400"
"201900017245";"5";"9";"2019";"18:45";"1";"69";"69382";"2";"1";"1";"7";"MULATIERE (DE LA)                   (PT)";"45,7318800";"4,8164900"
"201900017246";"11";"9";"2019";"08:30";"1";"69";"69382";"2";"3";"1";"6";"SUCHET                              (CO)";"45,7460200";"4,8259500"
"201900017247";"11";"9";"2019";"15:00";"1";"2B";"2B120";"2";"1";"1";"2";"VILLAGE (Route du) D364";"42,6550500";"9,4369900"
"201900017248";"11";"9";"2019";"13:24";"1";"91";"91477";"2";"1";"1";"2";"GUTEMBERG (RUE)";"48,7088000";"2,2554600"
"201900017249";"11";"9";"2019";"15:30";"1";"91";"91691";"2";"1";"1";"3";"GABRIEL PERI(RUE) DU N°70 AU N°122";"48,7065500";"2,4880700"
"201900017250";"11";"9";"2019";"18:00";"1";"91";"91687";"2";"2";"1";"1";"GENERAL DE GAULLE (AVENUE DU)";"48,6757810";"2,3854300"
"201900017251";"11";"9";"2019";"13:41";"1";"91";"91433";"2";"1";"1";"1";"BLANCHE (ROUTE)";"48,4342700";"2,1843300"
"201900017252";"11";"9";"2019";"19:05";"2";"91";"91114";"2";"1";"1";"3";"VILLECRESNES (RUE)";"48,7074000";"2,5161000"
"201900017253";"11";"9";"2019";"13:30";"1";"91";"91514";"1";"1";"1";"3";"ROUTE NATIONALE 6";"48,6608040";"2,5176320"
"201900017254";"9";"9";"2019";"12:55";"1";"87";"87085";"2";"1";"1";"3";"CASSEAUX (AVE DES) (VC)";"45,8356700";"1,2751900"
"201900017255";"7";"9";"2019";"21:35";"3";"86";"86214";"2";"1";"1";"6";"ROCADE SUD EST (RD 162)";"46,5600010";"0,3402022"
"201900017256";"11";"9";"2019";"13:25";"1";"83";"83144";"2";"1";"1";"3";"11 NOVEMBRE 1918 (AVE DU)";"43,1389640";"5,9949110"
"201900017257";"7";"9";"2019";"10:35";"1";"83";"83098";"2";"1";"1";"6";"FLAMENC (PLACE PAUL)";"43,1065100";"6,0221980"
"201900017258";"10";"9";"2019";"19:15";"1";"80";"80021";"2";"3";"1";"3";"SAINT PIERRE (CHAUSSEE)";"49,9026700";"2,3033000"
"201900017259";"11";"9";"2019";"13:15";"1";"78";"78638";"2";"1";"1";"3";"PARIS (AVENUE DE)";"48,9976470";"1,9812710"
"201900017260";"12";"9";"2019";"01:15";"5";"78";"78172";"1";"3";"1";"2";"RN 184";"49,0022000";"2,0813100"
"201900017261";"10";"9";"2019";"08:31";"1";"76";"76402";"2";"1";"1";"2";"PELLERIN. RUE GEORGES";"49,5281600";"1,0390700"
"201900017262";"11";"9";"2019";"00:05";"5";"76";"76351";"2";"6";"1";"3";"ROUGET DE LISLE (AVENUE) ";"49,5055700";"0,1429300"
"201900017263";"10";"9";"2019";"10:20";"1";"76";"76351";"2";"2";"1";"6";"FREDERIC BELLANGER";"49,4956000";"0,0966800"
"201900017264";"11";"9";"2019";"08:00";"1";"74";"74012";"2";"1";"1";"1";"BRIAND (RUE ARISITIDE)";"46,1924600";"6,2394800"
"201900017265";"6";"9";"2019";"07:25";"2";"71";"71270";"2";"1";"1";"3";"Av.P.et M. Curie/route de Bioux";"46,3006000";"4,8187200"
"201900017266";"11";"9";"2019";"21:25";"5";"69";"69256";"2";"1";"1";"3";"ERNEST RENAN                        (R )";"45,7851500";"4,9104000"