"Num_Acc";"jour";"mois";"an";"hrmn";"lum";"dep";"com";"agg";"int";"atm";"col";"adr";"lat";"long"
"201900017267";"6";"9";"2019";"07:40";"1";"69";"69256";"2";"3";"1";"3";"RAIL (DU)                           (R )";"45,7611000";"4,9231200"
"201900017268";"9";"9";"2019";"15:30";"1";"69";"69264";"1";"1";"1";"3";"FRANS ROUTE DE";"45,9840000";"4,7475600"
"201900017269";"8";"9";"2019";"16:40";"1";"67";"67482";"2";"1";"2";"1";"EXTENWOERTH (RUE DE L )";"48,5590330";"7,7535830"
"201900017270";"11";"9";"2019";"15:18";"1";"66";"66136";"2";"1";"1";"2";"R D 900 A";"42,7068400";"2,8823100"
"201900017271";"10";"9";"2019";"17:29";"1";"66";"66136";"2";"1";"1";"6";"REMBRANDT";"42,7299000";"2,8905100"
"201900017272";"11";"9";"2019";"18:35";"1";"64";"64445";"2";"2";"1";"3";"LIVRON DE";"43,3024000";" -0,3793400"
"201900017273";"9";"9";"2019";"07:30";"1";"62";"62263";"1";"1";"1";"1";"RN 25";"50,2628000";"2,6992300"
"201900017274";"1";"9";"2019";"04:30";"5";"60";"60057";"2";"1";"1";"6";"MONTAIGNE (AVENUE)";"49,4099155";"2,1102146"
"201900017275";"10";"9";"2019";"19:30";"1";"59";"59143";"2";"1";"1";"6";"BEAUCHAMP  (RUE LEON )";"50,6781800";"2,8781300"
"201900017276";"7";"9";"2019";"00:15";"5";"58";"58194";"2";"2";"1";"3";"CARNOT (PLACE)";"46,9885000";"3,1573000"
"201900017277";"10";"9";"2019";"19:20";"1";"56";"56107";"2";"1";"1";"4";"RD 29";"47,7266900";" -3,3838400"
"201900017278";"10";"9";"2019";"08:15";"1";"56";"56083";"2";"1";"1";"6";"JOFFRE (RUE  DU MARECHAL )";"47,8076683";" -3,2713294"
"201900017279";"11";"9";"2019";"09:30";"1";"51";"51454";"2";"1";"1";"3";"AVENUE D'EPERNAY";"49,2423600";"4,0125000"
"201900017280";"5";"9";"2019";"10:50";"1";"51";"51454";"2";"3";"1";"6";"RUE COGNACQ JAY";"49,2318400";"4,0190200"
"201900017281";"10";"9";"2019";"12:00";"1";"51";"51454";"2";"1";"1";"1";"BOULEVARD SAINT MARCEAUX";"49,2522424";"4,0438949"
"201900017282";"10";"9";"2019";"19:25";"1";"50";"50129";"2";"2";"1";"3";"BRIAND (AVENUE)";"49,6395200";" -1,6162400"
"201900017283";"10";"9";"2019";"07:26";"2";"49";"49246";"2";"1";"1";"3";"GALLIENI AVENUE";"47,4377200";" -0,5103200"
"201900017284";"10";"9";"2019";"09:31";"1";"49";"49007";"2";"1";"1";"3";"VAL DE LOIRE";"47,4483000";" -0,5116500"
"201900017285";"9";"9";"2019";"12:16";"1";"49";"49007";"2";"1";"1";"1";"DESCAZEAUX BOULEVARD";"47,4755700";" -0,5638200"
"201900017286";"11";"9";"2019";"15:05";"1";"45";"45284";"2";"3";"1";"3";"AV C PEGUY - R DU PONT BORDEAU";"47,9064300";"1,9545800"
"201900017287";"11";"9";"2019";"16:10";"1";"44";"44162";"2";"6";"1";"3";"PLACE OCEANE/RUE COOK";"47,2244500";" -1,6291800"
"201900017288";"11";"9";"2019";"20:21";"2";"42";"42044";"2";"3";"1";"3";"LANGEVIN (RUE PAUL)";"45,3926500";"4,3212100"
"201900017289";"10";"9";"2019";"18:30";"1";"38";"38151";"2";"1";"1";"3";"COURS JEAN JAURÈS";"45,1513000";"5,7066000"
"201900017290";"11";"9";"2019";"09:55";"1";"35";"35051";"2";"6";"1";"3";"RENNES (RUE DE)";"48,1141380";" -1,6212360"
"201900017291";"14";"10";"2019";"11:40";"1";"13";"13002";"2";"1";"1";"1";"ETIENNE CUCCA-CD908 (AVENUE)";"43,3600000";"5,4940630"
"201900017292";"14";"10";"2019";"17:00";"1";"13";"13206";"2";"2";"1";"6";"DOCTEUR JEAN FIOLLE (RUE DU)";"43,2848340";"5,3818400"
"201900017293";"14";"10";"2019";"16:30";"1";"13";"13212";"2";"1";"1";"3";"GAZELLES (ALLEE DES)";"43,2970000";"5,4344800"
"201900017294";"14";"10";"2019";"15:15";"1";"13";"13210";"2";"1";"1";"3";"JEAN EUGENE CABASSUD (BOULEVARD)";"43,2864000";"5,4127000"
"201900017295";"14";"10";"2019";"08:20";"1";"13";"13210";"2";"1";"1";"3";"TOULON (AVENUE DE)";"43,2841740";"5,3960180"
"201900017296";"14";"10";"2019";"08:15";"1";"13";"13208";"2";"1";"1";"6";"MADRAGUE DE MONTREDON (AVE DE LA) ";"43,2374200";"5,3637500"
"201900017297";"11";"10";"2019";"21:15";"5";"13";"13211";"2";"1";"1";"4";"MIRELLE LAUZE (BOULEVARD)";"43,2892680";"5,4364480"
"201900017298";"11";"10";"2019";"17:30";"1";"13";"13001";"2";"1";"1";"6";"POINCARE (AV)";"43,5397100";"5,4475700"
"201900017299";"9";"10";"2019";"21:00";"5";"11";"11262";"2";"6";"1";"3";"MARAUSSAN (BOULEVARD DE)";"43,1756800";"2,9973000"
"201900017300";"11";"10";"2019";"17:45";"1";"10";"10333";"2";"9";"7";"3";"CHARLES DE REFUGE (RUE)";"48,2815500";"4,0528100"
"201900017301";"10";"10";"2019";"16:24";"1";"10";"10362";"2";"9";"1";"3";"LAMARTINE (RUE)";"48,3013800";"4,0364300"
"201900017302";"11";"10";"2019";"17:00";"1";"7";"07316";"1";"1";"1";"4";"LONES (PONT DES)";"44,9104390";"4,8635320"
"201900017303";"15";"10";"2019";"17:30";"1";"6";"06088";"2";"2";"1";"3";"VERNIER (R.)";"43,7073480";"7,2624470"
"201900017304";"14";"10";"2019";"17:00";"1";"6";"06069";"2";"6";"1";"6";"BELLAUDIERE (SQUARE BELLAUD DE LA)";"43,6573510";"6,9239040"
"201900017305";"11";"10";"2019";"09:00";"1";"6";"06069";"2";"1";"1";"1";"BASSES RIBES (CHEMIN DES)";"43,6456430";"6,9116120"
"201900017306";"11";"10";"2019";"13:25";"1";"6";"06029";"2";"1";"1";"6";"HUGO (RUE VICTOR)(BOCCA)";"43,5681700";"6,9670100"
"201900017307";"11";"10";"2019";"18:20";"1";"6";"06123";"2";"1";"1";"2";"VESPINS ROUTE DES";"43,6599900";"7,1838400"
"201900017308";"6";"10";"2019";"12:25";"1";"6";"06004";"2";"1";"1";"3";"NICE(RN.7) AV.ET RTE DE";"43,5968290";"7,1200470"
"201900017309";"11";"10";"2019";"17:10";"1";"5";"05061";"2";"3";"1";"3";"Bernard GIVAUDAN (Avenue) D900B";"44,5415800";"6,0646500"
"201900017310";"15";"10";"2019";"11:55";"1";"3";"03185";"2";"4";"8";"1";"rue Marcel Sembat";"46,3415100";"2,5960885"
"201900017311";"11";"10";"2019";"08:35";"1";"1";"01289";"2";"1";"1";"4";"LYON (AVE DE) JUSQ' N";"46,1896900";"5,2107900"
"201900017312";"15";"10";"2019";"22:45";"5";"92";"92004";"2";"9";"2";"3";"DOCTEUR DERVAUX  ( QUAI DU )";"48,9112250";"2,2983975"
"201900017313";"13";"10";"2019";"19:20";"5";"75";"75114";"2";"4";"1";"6";"BOULEVARD RASPAIL";"48,8394130";"2,3305339"
"201900017314";"14";"10";"2019";"22:12";"5";"75";"75106";"2";"5";"3";"6";"BOULEVARD SAINT GERMAIN";"48,8531693";"2,3358636"
"201900017315";"14";"10";"2019";"11:25";"1";"75";"75105";"2";"2";"1";"6";"BOULEVARD SAINT MICHEL";"48,8513930";"2,3431720"
"201900017316";"15";"10";"2019";"14:58";"1";"75";"75119";"2";"3";"1";"6";"AVENUE SIMON BOLIVAR";"48,8764333";"2,3768599"
"201900017317";"15";"10";"2019";"18:30";"2";"75";"75116";"2";"1";"8";"6";"ALLEE DU BORD DE L EAU";"48,8738540";"2,2444190"
"201900017318";"14";"10";"2019";"19:50";"2";"75";"75108";"2";"1";"2";"5";"COURS ALBERT 1ER";"48,8647494";"2,3083785"
"201900017319";"15";"10";"2019";"18:45";"5";"75";"75106";"2";"2";"8";"6";"BOULEVARD DU MONTPARNASSE";"48,8420832";"2,3295391"
"201900017320";"15";"10";"2019";"18:20";"2";"75";"75111";"2";"2";"1";"6";"AVENUE LEDRU ROLLIN";"48,8532778";"2,3772949"
"201900017321";"15";"10";"2019";"13:50";"1";"75";"75110";"2";"3";"1";"4";"BOULEVARD DE STRASBOURG";"48,8706220";"2,3549620"
"201900017322";"14";"10";"2019";"09:10";"1";"75";"75110";"2";"1";"1";"3";"BOULEVARD DE MAGENTA";"48,8821744";"2,3507755"
"201900017323";"14";"10";"2019";"21:30";"5";"75";"75109";"2";"4";"2";"3";"RUE AUBER";"48,8721721";"2,3299012"
"201900017324";"14";"10";"2019";"21:40";"5";"75";"75104";"2";"4";"2";"6";"BOULEVARD BOURDON";"48,8529250";"2,3684070"
"201900017325";"15";"10";"2019";"00:02";"5";"75";"75104";"2";"2";"2";"6";"RUE DE RIVOLI";"48,8578940";"2,3502200"
"201900017326";"15";"10";"2019";"16:05";"1";"75";"75103";"2";"3";"8";"3";"RUE DE TURENNE";"48,8574700";"2,3644200"
"201900017327";"15";"10";"2019";"16:30";"1";"94";"94077";"2";"3";"1";"3";"GUY MOCQUET (R)";"48,7294900";"2,4222300"
"201900017328";"15";"10";"2019";"19:40";"2";"94";"94021";"2";"1";"1";"2";"BOULEVARD CIRCULAIRE";"48,7589000";"2,3485000"
"201900017329";"15";"10";"2019";"22:15";"5";"94";"94022";"2";"1";"1";"2";"NEWBURN (AV DE)";"48,7536000";"2,4124000"
"201900017330";"12";"10";"2019";"23:10";"5";"94";"94055";"2";"2";"1";"2";"PINCE VENT - CAR DE PINCE-VENT (AV DE)";"48,7898600";"2,5499900"
"201900017331";"15";"10";"2019";"16:35";"1";"94";"94017";"2";"1";"1";"6";"GENERAL DE GAULLE (AV DU)";"48,8200300";"2,4838500"
"201900017332";"15";"10";"2019";"17:30";"1";"93";"93059";"2";"1";"1";"6";"AUDENET (RUE)";"48,9687600";"2,3676500"
"201900017333";"14";"10";"2019";"22:40";"5";"93";"93064";"2";"1";"2";"6";"KENNEDY (AVENUE DU PRESIDENT)";"48,8792310";"2,4910670"
"201900017334";"14";"10";"2019";"09:55";"1";"93";"93064";"2";"3";"1";"3";"PERI (BOULEVARD GABRIEL)  0 - 37 / 42";"48,8775500";"2,4857600"
"201900017335";"15";"10";"2019";"05:38";"5";"93";"93077";"2";"3";"2";"3";"GRANDE RUE";"48,8800000";"2,5100000"
"201900017336";"14";"10";"2019";"16:20";"1";"93";"93053";"2";"9";"1";"3";"GENERAL DE GAULLE (ROND POINT DU)";"48,8880000";"2,4580000"
"201900017337";"15";"10";"2019";"15:20";"1";"93";"93048";"2";"3";"1";"3";"PIERRE DE MONTREUIL (RUE)";"48,8629170";"2,4578530"
"201900017338";"15";"10";"2019";"08:10";"2";"93";"93027";"2";"1";"8";"6";"LENINE (AVENUE)";"48,9200500";"2,4120200"
"201900017339";"15";"10";"2019";"20:09";"5";"92";"92046";"2";"3";"8";"6";"GABRIEL PERI";"48,8192000";"2,2958500"
"201900017340";"14";"10";"2019";"12:00";"1";"92";"92063";"2";"3";"1";"2";"DIX-HUIT JUIN 1940 (AVENUE DU) EST";"48,8686800";"2,1887000"
"201900017341";"15";"10";"2019";"18:28";"1";"92";"92062";"2";"2";"1";"3";"DE DION BOUTON (QUAI) DU 29 AU 65";"48,8855491";"2,2511996"
"201900017342";"12";"10";"2019";"20:35";"5";"92";"92050";"2";"4";"1";"2";"PREMIER MAI RUE DU";"48,9162097";"2,2206920"
"201900017343";"14";"10";"2019";"08:35";"1";"92";"92050";"2";"2";"1";"3";"NATIONAL BOULEVARD";"48,8885140";"2,1839670"
"201900017344";"14";"10";"2019";"19:05";"2";"92";"92035";"2";"1";"8";"3";"Général de Gaulle  ( avenue du )";"48,9100100";"2,2549600"
"201900017345";"12";"10";"2019";"10:35";"1";"92";"92025";"2";"1";"1";"1";"PRESIDENT SALVADOR ALLENDE (RUE DU)";"48,9220900";"2,2423680"
"201900017346";"15";"10";"2019";"06:30";"5";"92";"92007";"2";"1";"1";"6";"PORT GALAND (RUE DU)";"48,7882600";"2,3179900"
"201900017347";"10";"10";"2019";"14:20";"1";"44";"44032";"1";"1";"1";"2";"La Chapelle-Heulin";"47,1587060";" -1,3418800"
"201900017348";"17";"9";"2019";"08:15";"1";"83";"83049";"1";"2";"1";"5";"580 Chemin du Collet de Blanc";"43,2442470";"6,0954590"
"201900017349";"17";"8";"2019";"16:30";"1";"19";"19004";"1";"1";"1";"7";"Le Murel";"45,1412115";"1,8681309"
"201900017350";"16";"10";"2019";"06:30";"3";"56";"56031";"1";"1";"3";"7";"Penvern Camors";"47,8052500";" -3,0104340"
"201900017351";"15";"10";"2019";"05:30";"5";"67";"67020";"1";"1";"1";"7";"RD 1420";"48,4798350";"7,2334130"
"201900017352";"15";"10";"2019";"20:55";"3";"79";"79079";"1";"1";"1";"5";"RN249";"46,9264280";" -0,7142420"
"201900017353";"15";"10";"2019";"15:18";"1";"2B";"2B050";"1";"1";"2";"2";"Christophe Colomb";"42,5518710";"8,7734850"
"201900017354";"16";"10";"2019";"07:10";"1";"2B";"2B319";"1";"1";"1";"2";"Fiume d'Olmo";"42,4247830";"9,5277350"
"201900017355";"15";"10";"2019";"18:35";"1";"11";"11103";"1";"1";"1";"6";"D118";"42,9393270";"2,2437490"
"201900017356";"15";"10";"2019";"19:30";"3";"71";"71148";"1";"3";"1";"3";"D83";"46,1846300";"4,2615900"
"201900017357";"16";"10";"2019";"14:10";"1";"63";"63107";"1";"1";"1";"2";"D84";"45,8564760";"3,2622230"
"201900017358";"16";"10";"2019";"19:00";"1";"12";"12206";"1";"1";"1";"7";"D994";"44,4350600";"2,2614940"
"201900017359";"15";"10";"2019";"19:30";"3";"12";"12044";"1";"4";"1";"1";"D902";"43,8332400";"2,8696860"
"201900017360";"15";"10";"2019";"14:50";"1";"31";"31372";"1";"1";"1";"6";"D21";"43,0905410";"0,8850020"
"201900017361";"5";"9";"2019";"20:00";"1";"31";"31135";"2";"4";"1";"3";"58 Rue du Docteur Vaillant";"43,2045040";"1,0776930"
"201900017362";"14";"10";"2019";"15:25";"1";"15";"15094";"1";"1";"1";"6";"Caissiol";"44,9761210";"2,1989230"
"201900017363";"14";"10";"2019";"20:10";"5";"1";"01165";"2";"3";"1";"1";"Avenue du Marquet";"46,0814309";"4,7690139"
"201900017364";"16";"10";"2019";"17:30";"1";"26";"26166";"1";"3";"1";"5";"route nationale 7";"44,7638700";"4,8392200"
"201900017365";"15";"10";"2019";"04:00";"3";"58";"58021";"1";"1";"3";"7";"Lieu Dit les Echameaux";"46,7819920";"3,1840640"
"201900017366";"16";"10";"2019";"06:45";"3";"66";"66096";"1";"1";"1";"6";"D17";"42,7644620";"2,6682740"
"201900017367";"16";"10";"2019";"16:00";"1";"72";"72381";"2";"7";"2";"6";"2 Place de l'Eglise";"47,9286900";"0,0717370"
"201900017368";"5";"9";"2019";"08:30";"1";"6";"06079";"2";"1";"1";"7";"Avenue de Cannes";"43,5452960";"6,9380280"
"201900017369";"15";"10";"2019";"19:00";"1";"64";"64495";"1";"1";"1";"7";"Quartier Cherchebruit";"43,3215657";" -1,5504670"
"201900017370";"15";"10";"2019";"19:50";"3";"73";"73043";"1";"1";"8";"1";"D1201 Route d'Annecy";"45,7432185";"5,9221301"
"201900017371";"6";"10";"2019";"16:00";"1";"37";"37062";"2";"2";"1";"3";"avenue du général leclerc";"47,5489500";"0,3188610"
"201900017372";"15";"10";"2019";"17:15";"1";"37";"37050";"2";"4";"1";"2";"36 Route de Bordeaux";"47,3489750";"0,7010020"
"201900017373";"12";"10";"2019";"19:45";"3";"30";"30004";"1";"6";"1";"3";"D6313";"43,7054167";"4,1918482"
"201900017374";"15";"10";"2019";"18:25";"1";"30";"30224";"1";"3";"8";"3";"intersection RD124 / RD22";"43,9191250";"4,2367210"
"201900017375";"1";"6";"2019";"06:20";"2";"987";"98734";"2";"1";"1";"3";"PK 33+100";" -17,7220420";" -149,4948370"
"201900017376";"26";"5";"2019";"18:20";"5";"987";"98752";"2";"1";"1";"3";"PK 54+800";" -17,7214910";" -149,4052030"
"201900017377";"16";"10";"2019";"13:00";"1";"973";"97309";"2";"1";"1";"3";"Route Departementale 2";"4,9073150";" -52,2728650"
"201900017378";"15";"10";"2019";"20:00";"4";"31";"31506";"2";"1";"1";"3";"38 Avenue de Gameville";"43,5531020";"1,5332330"
"201900017379";"16";"10";"2019";"07:20";"3";"33";"33155";"1";"1";"8";"6";"A65 PK 23+800";"44,3421500";" -0,2210000"
"201900017380";"16";"10";"2019";"14:10";"1";"69";"69244";"2";"1";"1";"3";"122 Rue Joliot Curie";"45,7546000";"4,7811000"
"201900017381";"15";"10";"2019";"21:45";"3";"27";"27701";"1";"1";"2";"2";"A13";"49,2379600";"1,1985860"
"201900017382";"15";"10";"2019";"20:05";"3";"974";"97408";"1";"1";"1";"6";"17 Rue Paul Eluard";" -20,9315860";"55,3312350"
"201900017383";"15";"10";"2019";"18:54";"2";"44";"44020";"1";"2";"2";"3";"D751";"47,1574800";" -1,6316240"
"201900017384";"15";"10";"2019";"18:00";"1";"77";"77420";"2";"2";"1";"3";"D41 X RUE GAMBETTA";"49,0374290";"2,6965330"
"201900017385";"15";"10";"2019";"11:25";"1";"2B";"2B093";"1";"1";"2";"2";"D151";"42,6187840";"8,9013690"
"201900017386";"15";"10";"2019";"18:30";"1";"84";"84003";"2";"1";"1";"6";"Quai de la Liberté";"43,8770410";"5,3961100"
"201900017387";"15";"10";"2019";"07:10";"5";"83";"83017";"2";"1";"2";"6";"30 Rue Republique";"43,2453210";"6,0003110"
"201900017388";"14";"10";"2019";"16:45";"1";"6";"06157";"2";"3";"1";"7";"427 Chemin de Vosgelades";"43,7151580";"7,1298930"
"201900017389";"11";"10";"2019";"11:40";"1";"67";"67263";"2";"3";"1";"3";"10 Rue des Ecoles";"49,0028620";"7,7937890"
"201900017390";"15";"10";"2019";"21:00";"3";"33";"33279";"1";"6";"1";"6";"RN 524";"44,5161630";" -0,2393500"
"201900017391";"15";"10";"2019";"15:15";"1";"33";"33389";"1";"1";"1";"6";"La 1000 Peines";"45,3197300";" -0,7072310"
"201900017392";"16";"10";"2019";"07:30";"5";"27";"27469";"2";"1";"2";"6";"9 Rue du Général de Gaulle";"49,3036030";"1,1543720"
"201900017393";"16";"10";"2019";"08:29";"2";"27";"27348";"2";"6";"2";"7";"Rue de Lyons";"49,3192920";"1,1575690"
"201900017394";"16";"10";"2019";"07:45";"2";"60";"60065";"2";"4";"3";"1";"Rue de Beauvais";"49,3486280";"2,2196090"
"201900017395";"14";"10";"2019";"18:40";"5";"13";"13203";"1";"1";"1";"6";"A7-Sens Marseille vers Lyon";"43,3072470";"5,3754380"
"201900017396";"13";"10";"2019";"21:11";"3";"67";"67482";"1";"1";"1";"2";"Autoroute A.35";"48,5606485";"7,7334230"
"201900017397";"15";"10";"2019";"09:55";"1";"33";"33039";"1";"1";"2";"4";"ROCADE A 631";"44,8035400";" -0,5327100"
"201900017398";"15";"10";"2019";"08:50";"1";"33";"33550";"1";"1";"3";"4";"ROCADE A 630";"44,7811600";" -0,5808300"
"201900017399";"15";"10";"2019";"08:50";"1";"33";"33075";"1";"1";"3";"3";"ROCADE A 630";"44,8890500";" -0,6179900"
"201900017400";"15";"10";"2019";"05:45";"4";"33";"33143";"1";"1";"3";"5";"AUTOROUTE A 10";"44,9621300";" -0,4430900"
"201900017401";"15";"10";"2019";"09:55";"1";"91";"91659";"1";"1";"8";"6";"AUTOROUTE A6";"48,5935200";"2,4434600"
"201900017402";"15";"10";"2019";"08:53";"1";"94";"94076";"1";"1";"2";"3";"AUTOROUTE A6B";"48,7918400";"2,3447500"
"201900017403";"15";"10";"2019";"10:50";"1";"92";"92023";"1";"1";"1";"6";"RN385";"48,7760964";"2,2293850"
"201900017404";"15";"10";"2019";"14:30";"1";"93";"93005";"1";"1";"1";"2";"AUTOROUTE A3";"48,9416545";"2,4786092"
"201900017405";"14";"10";"2019";"07:45";"2";"92";"92049";"2";"2";"1";"3";"BROSSOLETTE AVENUE PIERRE";"48,8198490";"2,3107594"
"201900017406";"13";"10";"2019";"18:00";"1";"92";"92049";"2";"1";"1";"6";"BRIAND (AVENUE ARISTIDE)";"48,8174500";"2,3254900"
"201900017407";"13";"10";"2019";"20:25";"5";"75";"75114";"2";"1";"1";"6";"BD PERIPHERIQUE INTERIEUR";"48,8229480";"2,3129510"
"201900017408";"12";"10";"2019";"22:30";"5";"75";"75117";"2";"4";"1";"7";"ECHANGEUR CLICHY";"48,8975375";"2,3130295"
"201900017409";"3";"10";"2019";"21:50";"5";"75";"75118";"2";"1";"1";"2";"BD PERIPHERIQUE INTERIEUR";"48,9010410";"2,3507640"
"201900017410";"14";"10";"2019";"15:00";"1";"75";"75117";"2";"2";"1";"4";"AVENUE DE LA PORTE D ASNIERES";"48,8911012";"2,3026342"
"201900017411";"14";"10";"2019";"15:00";"1";"75";"75116";"2";"4";"1";"6";"AVENUE DE LA GRANDE ARMEE";"48,8768811";"2,2852658"
"201900017412";"14";"10";"2019";"08:35";"1";"75";"75117";"2";"1";"1";"6";"BOULEVARD BESSIERES";"48,8946862";"2,3147500"
"201900017413";"14";"10";"2019";"08:00";"1";"75";"75114";"2";"1";"1";"3";"AVENUE MAURICE D OCAGNE";"48,8246070";"2,3140480"
"201900017414";"13";"10";"2019";"19:35";"3";"75";"75112";"2";"7";"1";"3";"PLACE DE LA NATION";"48,8481121";"2,3974756"
"201900017415";"14";"10";"2019";"12:10";"1";"75";"75111";"2";"1";"1";"3";"BOULEVARD DE CHARONNE";"48,8572158";"2,3928520"
"201900017416";"14";"10";"2019";"10:20";"1";"75";"75111";"2";"1";"1";"3";"AVENUE DE LA REPUBLIQUE";"48,8649650";"2,3762410"
"201900017417";"13";"10";"2019";"19:00";"2";"75";"75108";"2";"7";"1";"7";"COURS LA REINE";"48,8649659";"2,3193682"
"201900017418";"14";"10";"2019";"10:15";"1";"75";"75107";"2";"3";"1";"2";"BOULEVARD DES INVALIDES";"48,8482957";"2,3157714"
"201900017419";"13";"10";"2019";"22:22";"3";"75";"75104";"2";"3";"1";"7";"QUAI DES CELESTINS";"48,8529145";"2,3589864"
"201900017420";"14";"10";"2019";"07:40";"2";"94";"94076";"2";"3";"1";"3";"MAXIME GORKI (BD)";"48,7927400";"2,3692800"
"201900017421";"13";"10";"2019";"22:25";"5";"94";"94038";"2";"2";"1";"5";"PAUL VAILLANT COUTURIER (BD)";"48,7822000";"2,3412000"
"201900017422";"12";"10";"2019";"20:05";"4";"94";"94022";"2";"3";"1";"3";"NEWBURN (AV DE)";"48,7575300";"2,4099300"
"201900017423";"14";"10";"2019";"14:05";"1";"94";"94069";"2";"1";"1";"3";"REPUBLIQUE (QU DE LA)";"48,8178000";"2,4218000"
"201900017424";"14";"10";"2019";"21:05";"5";"93";"93072";"2";"9";"1";"6";"GUILLAUME APPOLINAIRE (RUE)";"48,9519060";"2,3765610"
"201900017425";"14";"10";"2019";"16:50";"1";"93";"93070";"2";"1";"1";"1";"ROSIERS(DES) : APRES 61";"48,9137968";"2,3298365"
"201900017426";"14";"10";"2019";"19:45";"3";"93";"93077";"2";"9";"2";"4";"FOSSE AUX BERGERS (RUE DE LA)";"48,8849200";"2,4954100"
"201900017427";"13";"10";"2019";"23:50";"5";"93";"93077";"2";"1";"1";"2";"FALLAY (RUE JEAN)";"48,8936700";"2,5021400"
"201900017428";"14";"10";"2019";"13:10";"1";"93";"93046";"2";"1";"1";"6";"LIBERATION PLACE DE LA";"48,9223920";"2,5436320"
"201900017429";"14";"10";"2019";"14:15";"1";"92";"92075";"2";"3";"1";"2";"JEAN BLEUZEN (RUE)";"48,8241200";"2,2980700"
"201900017430";"14";"10";"2019";"19:55";"1";"92";"92073";"2";"3";"1";"6";"ROOSVELT (AVENUE FRANKLIN)";"48,8717900";"2,2217100"
"201900017431";"14";"10";"2019";"20:00";"3";"92";"92051";"2";"1";"2";"6";"INKERMANN (BOULEVARD D')";"48,8862460";"2,2746540"
"201900017432";"14";"10";"2019";"14:40";"1";"92";"92026";"2";"3";"1";"3";"VERDUN (DE 62 A FIN)";"48,9030100";"2,2582000"
"201900017433";"14";"10";"2019";"10:39";"1";"92";"92026";"2";"1";"1";"3";"PAUL DOUMER";"48,8953400";"2,2622600"
"201900017434";"13";"10";"2019";"01:50";"5";"92";"92025";"2";"2";"1";"3";"CHARLES DE GAULLE (BD)";"48,9139800";"2,2298480"
"201900017435";"14";"10";"2019";"17:58";"1";"65";"65407";"1";"3";"1";"5";"42 Route de Sainte Barbe";"43,0224320";"0,5915680"
"201900017436";"14";"10";"2019";"10:00";"1";"17";"17285";"1";"1";"1";"7";"14 Rue de Port à Clou";"45,8112340";" -0,6506330"
"201900017437";"14";"10";"2019";"18:00";"1";"973";"97353";"2";"1";"1";"7";"Route de Sophie";"3,6454822";" -54,0276999"
"201900017438";"15";"10";"2019";"02:50";"5";"1";"01143";"2";"6";"1";"6";"Avenue de Genève";"46,3520800";"6,1417700"
"201900017439";"15";"10";"2019";"14:45";"1";"41";"41252";"1";"1";"1";"3";"A10";"47,7055210";"1,4534610"
"201900017440";"13";"10";"2019";"18:40";"2";"43";"43120";"1";"1";"1";"2";"A75, pk 51+000, sens Sud/Nord";"45,3803810";"3,2818730"
"201900017441";"15";"10";"2019";"05:00";"3";"71";"71004";"1";"1";"3";"3";"D673";"46,8104760";"4,9522500"
"201900017442";"12";"10";"2019";"18:30";"2";"19";"19102";"1";"1";"1";"7";"La gane toupie";"45,3741110";"2,1804480"
"201900017443";"14";"10";"2019";"07:50";"2";"81";"81024";"1";"1";"1";"1";"D999";"43,9130700";"1,5583030"
"201900017444";"15";"10";"2019";"11:02";"1";"1";"01012";"1";"1";"3";"1";"D8";"46,0028610";"5,5383950"
"201900017445";"11";"10";"2019";"15:05";"1";"39";"39355";"1";"2";"1";"3";"N/A";"46,9491020";"5,7574700"
"201900017446";"14";"10";"2019";"03:55";"3";"44";"44072";"1";"1";"1";"3";"D33";"47,4607030";" -2,3732530"
"201900017447";"14";"10";"2019";"15:25";"1";"35";"35049";"2";"6";"2";"3";"Boulevard d'Armor";"48,6789300";" -1,8620480"
"201900017448";"14";"10";"2019";"16:55";"1";"29";"29302";"1";"1";"9";"7";"milh ar palud";"48,2676900";" -4,0797250"
"201900017449";"14";"10";"2019";"18:45";"1";"31";"31002";"1";"1";"1";"6";"Chemin de Laborie";"43,3480090";"1,6270080"
"201900017450";"4";"10";"2019";"08:20";"1";"38";"38249";"2";"3";"1";"3";"Chemin de la Laurelle";"45,2248400";"5,8082000"
"201900017451";"15";"10";"2019";"03:20";"3";"1";"01066";"1";"1";"1";"6";"D1504";"45,8539070";"5,5428962"
"201900017452";"14";"10";"2019";"11:55";"1";"54";"54327";"1";"3";"1";"1";"D904 PK 26+300";"48,7331530";"5,8661530"
"201900017453";"14";"10";"2019";"17:10";"1";"6";"06079";"2";"1";"1";"2";"avenue des anciens combattants";"43,5497580";"6,9421330"
"201900017454";"15";"10";"2019";"07:45";"2";"5";"05017";"2";"3";"3";"3";"Avenue Francois Mitterrand";"44,5647564";"6,1984831"
"201900017455";"14";"10";"2019";"22:30";"3";"50";"50243";"1";"1";"1";"6";"D650";"49,0332480";" -1,5229190"
"201900017456";"15";"10";"2019";"07:45";"2";"21";"21317";"2";"1";"2";"6";"Avenue Carnot";"47,5223060";"5,1172550"
"201900017457";"14";"10";"2019";"10:30";"1";"4";"04178";"1";"1";"1";"1";"RD 951";"44,0467390";"5,7997440"
"201900017458";"15";"10";"2019";"18:15";"2";"30";"30341";"2";"1";"1";"6";"Rue Victor Hugo";"43,6925220";"4,2748820"