"Num_Acc";"jour";"mois";"an";"hrmn";"lum";"dep";"com";"agg";"int";"atm";"col";"adr";"lat";"long"
"201900017459";"14";"10";"2019";"14:30";"1";"68";"68375";"1";"6";"1";"7";"RD2";"47,8079290";"7,2244510"
"201900017460";"14";"10";"2019";"18:30";"1";"45";"45115";"1";"1";"1";"2";"A19 PK 33+300 sens 1";"48,0444838";"3,0420735"
"201900017461";"15";"10";"2019";"08:15";"1";"69";"69244";"2";"1";"3";"6";"2 bis honore espelette";"45,7623000";"4,7600600"
"201900017462";"14";"10";"2019";"15:30";"1";"6";"06018";"2";"1";"1";"1";"Chemin Neuf";"43,6277520";"7,0935050"
"201900017463";"11";"10";"2019";"12:50";"1";"6";"06152";"2";"4";"1";"6";"rue gambetta";"43,6416200";"7,0077860"
"201900017464";"13";"10";"2019";"16:35";"1";"74";"74064";"1";"1";"1";"7";"710 Route de Marignier";"46,0868400";"6,5600760"
"201900017465";"30";"9";"2019";"17:10";"1";"38";"38449";"1";"1";"1";"4";"RD 75";"45,6499580";"5,1148350"
"201900017466";"12";"10";"2019";"06:37";"3";"59";"59244";"1";"1";"1";"3";"A2";"50,1688890";"3,1777590"
"201900017467";"15";"10";"2019";"08:35";"2";"13";"13037";"1";"9";"2";"2";"Autoroute A7";"43,5617300";"5,2280030"
"201900017468";"13";"10";"2019";"17:30";"1";"987";"98729";"1";"1";"1";"6";"TIAIA PK 2,7 C/MONT";"31,0529340";" -53,7890630"
"201900017469";"15";"10";"2019";"10:50";"1";"988";"98822";"1";"1";"1";"6";"TRIBU D'INA";" -20,9443400";"165,3556700"
"201900017470";"13";"10";"2019";"20:55";"3";"971";"97118";"1";"1";"1";"3";"D 23";"16,1973340";" -61,6382940"
"201900017471";"15";"10";"2019";"07:00";"3";"91";"91319";"1";"3";"8";"1";"Départementale 24";"48,6443660";"2,1640120"
"201900017472";"14";"10";"2019";"18:30";"3";"2B";"2B307";"1";"1";"5";"7";"Bonaldo";"42,3784470";"9,4852590"
"201900017473";"15";"10";"2019";"19:15";"3";"89";"89289";"1";"1";"1";"1";"D955";"47,9473750";"3,3692680"
"201900017474";"14";"10";"2019";"17:15";"1";"89";"89037";"1";"1";"1";"1";"D606";"47,9771590";"3,3490900"
"201900017475";"15";"10";"2019";"14:30";"1";"71";"71439";"1";"1";"3";"3";"RN 79 PK013.100";"46,4727610";"4,1322860"
"201900017476";"27";"4";"2019";"00:10";"5";"45";"45269";"2";"3";"1";"6";"39 Route Nationale";"47,8587120";"1,7537359"
"201900017477";"18";"4";"2019";"18:00";"1";"64";"64493";"2";"1";"1";"4";"AVENUE ST JAMES";"43,3257601";" -1,0275489"
"201900017478";"24";"4";"2019";"15:10";"1";"64";"64093";"1";"1";"6";"7";"route de chéraute";"43,1888187";" -0,7932359"
"201900017479";"22";"4";"2019";"15:25";"1";"64";"64148";"2";"1";"1";"2";"place de la mairie";"43,1266424";" -0,3041451"
"201900017480";"23";"4";"2019";"22:30";"3";"64";"64438";"1";"1";"1";"7";"Chemin de la Moulère";"43,3407317";" -0,2279340"
"201900017481";"22";"4";"2019";"12:00";"1";"73";"73212";"1";"1";"1";"6";"D72";"45,5282286";"6,3179500"
"201900017482";"18";"4";"2019";"10:00";"1";"73";"73007";"1";"1";"1";"7";"D925";"45,5875220";"6,2797674"
"201900017483";"28";"4";"2019";"15:30";"1";"73";"73096";"1";"1";"2";"6";"D201 Route de la Combe de Savoie";"45,5289481";"6,0949803"
"201900017484";"20";"4";"2019";"16:30";"1";"73";"73236";"1";"1";"1";"6";"D43";"45,5971456";"5,6641741"
"201900017485";"27";"4";"2019";"16:00";"1";"73";"73010";"1";"1";"2";"6";"D991B  SAINT GERMAIN LA CHAMBOTTE";"45,7782994";"5,8796858"
"201900017486";"24";"4";"2019";"07:13";"1";"18";"18122";"1";"1";"8";"6";"RD 35";"46,9261940";"2,2952040"
"201900017487";"25";"4";"2019";"12:15";"1";"18";"18152";"1";"1";"8";"1";"La Soulaine";"46,7879570";"2,2432760"
"201900017488";"17";"4";"2019";"08:10";"1";"18";"18216";"1";"1";"1";"6";"Les Bailledets";"46,6992320";"2,1421460"
"201900017489";"22";"4";"2019";"08:55";"1";"43";"43141";"2";"3";"1";"3";"Rue des Petits Communaux";"45,1879870";"4,3240540"
"201900017490";"28";"4";"2019";"20:08";"1";"43";"43011";"1";"1";"1";"7";"Aubazaguet";"45,1433190";"3,4369270"
"201900017491";"18";"4";"2019";"18:00";"1";"10";"10316";"1";"3";"7";"3";"Rheges";"48,5476800";"3,9985690"
"201900017492";"20";"4";"2019";"05:20";"2";"10";"10259";"1";"1";"1";"6";"Route de Bray";"48,4679970";"3,4460280"
"201900017493";"26";"4";"2019";"18:40";"2";"36";"36172";"2";"1";"2";"6";"N/A";"46,6300100";"1,3873510"
"201900017494";"21";"4";"2019";"07:45";"1";"36";"36142";"2";"1";"1";"6";"3 Rue de Chezeauneuf";"46,8277150";"1,5581910"
"201900017495";"27";"4";"2019";"13:30";"1";"16";"16011";"1";"1";"1";"2";"Ld Montseraud";"45,7717140";"0,2011880"
"201900017496";"22";"4";"2019";"16:30";"1";"16";"16100";"1";"2";"1";"3";"carrefour RD166 et RD59";"45,9407510";"0,6448050"
"201900017497";"18";"4";"2019";"18:00";"1";"16";"16387";"2";"4";"1";"3";"Intersection RD 90 et RD22";"45,6794260";" -0,1193610"
"201900017498";"27";"4";"2019";"04:00";"3";"16";"16338";"1";"1";"3";"2";"N/A";"45,4991270";" -0,1235750"
"201900017499";"28";"4";"2019";"17:45";"1";"7";"07257";"1";"1";"1";"6";"Départementale 21";"44,8750470";"4,6950670"
"201900017500";"25";"4";"2019";"17:50";"2";"7";"07094";"1";"1";"2";"7";"715 Route de Blanchard, lieu dit Le petit Garait";"44,8847300";"4,7236610"
"201900017501";"23";"4";"2019";"13:10";"1";"53";"53225";"2";"9";"1";"6";"13 Rue d'Andouille";"48,2058760";" -0,8246950"
"201900017502";"22";"4";"2019";"15:25";"1";"21";"21047";"1";"1";"1";"1";"D4H PK005+020";"47,5329060";"4,2135350"
"201900017503";"22";"4";"2019";"16:15";"1";"21";"21212";"2";"3";"1";"6";"Rue Jean REOME";"47,6116440";"4,3100030"
"201900017504";"21";"4";"2019";"10:45";"1";"21";"21496";"1";"1";"1";"5";"D 959";"47,3015010";"5,4457780"
"201900017505";"20";"4";"2019";"19:00";"1";"21";"21360";"1";"1";"1";"7";"D 970";"47,0872370";"4,6857020"
"201900017506";"20";"4";"2019";"19:10";"1";"40";"40243";"1";"1";"1";"6";"D27 ROUTE DE BOOS";"43,9280340";" -0,9382760"
"201900017507";"24";"4";"2019";"09:15";"1";"40";"40037";"1";"6";"1";"3";"RD933S";"43,8458980";" -0,5246410"
"201900017508";"29";"4";"2019";"18:30";"1";"40";"40312";"2";"1";"1";"5";"Boulevard Jacques Duclos";"43,5370330";" -1,4609060"
"201900017509";"26";"4";"2019";"17:20";"1";"40";"40312";"1";"1";"1";"2";"avenue du 1er mai";"43,5523300";" -1,4650690"
"201900017510";"19";"4";"2019";"22:00";"3";"24";"24180";"1";"1";"1";"7";"montchapeix";"45,6016830";"0,9412860"
"201900017511";"20";"4";"2019";"18:50";"1";"24";"24064";"1";"6";"1";"7";"D939, rond-point Nord";"45,3780000";"0,6422600"
"201900017512";"26";"4";"2019";"11:00";"1";"24";"24026";"1";"1";"1";"1";"La Gare (Milhac-d'Auberoche)";"45,1271980";"0,9175110"
"201900017513";"29";"4";"2019";"07:40";"1";"4";"04209";"1";"1";"1";"7";"RD 946";"44,1726320";"5,9131220"
"201900017514";"27";"4";"2019";"05:00";"3";"4";"04045";"1";"1";"1";"6";"La Viguiere";"43,8502620";"5,5623580"
"201900017515";"20";"4";"2019";"14:30";"1";"4";"04172";"1";"1";"1";"1";"RD 952";"43,8222770";"6,1193570"
"201900017516";"28";"4";"2019";"15:05";"1";"4";"04055";"1";"1";"1";"1";"RN 85";"43,9731090";"6,3118760"
"201900017517";"28";"4";"2019";"07:00";"2";"4";"04013";"1";"1";"1";"6";"RN 85";"44,1201230";"5,9882080"
"201900017518";"26";"4";"2019";"19:40";"1";"4";"04145";"1";"1";"8";"6";"RD 4085";"44,1440410";"5,9641320"
"201900017519";"24";"4";"2019";"16:50";"1";"85";"85234";"2";"6";"1";"3";"Avenue Valentin";"46,7840300";" -2,0363200"
"201900017520";"21";"4";"2019";"18:50";"1";"85";"85221";"1";"1";"1";"3";"Le Marais Moreau";"46,9430800";" -1,9589000"
"201900017521";"20";"4";"2019";"22:00";"5";"85";"85221";"2";"1";"1";"6";"Rue de la Ramée";"46,9043500";" -1,9949000"
"201900017522";"18";"4";"2019";"21:55";"3";"85";"85172";"1";"1";"1";"1";"Route de Saint-Jean de Monts";"46,8149000";" -2,0029400"
"201900017523";"20";"4";"2019";"09:45";"1";"85";"85047";"2";"6";"1";"3";"Boulevard Viaud Grand Marais";"46,8508000";" -1,8758200"
"201900017524";"20";"4";"2019";"22:40";"3";"85";"85282";"1";"3";"1";"3";"D960B";"46,7313800";" -0,9931400"
"201900017525";"19";"4";"2019";"12:15";"1";"27";"27246";"1";"1";"1";"3";"RD 6014 PK 029.200";"49,3549670";"1,3611710"
"201900017526";"22";"4";"2019";"11:35";"1";"27";"27001";"2";"1";"1";"6";"rue de la pie";"49,1597350";"0,6955090"
"201900017527";"17";"4";"2019";"04:33";"3";"27";"27252";"1";"1";"5";"6";"D613";"49,1456520";"0,4631220"
"201900017528";"18";"4";"2019";"16:52";"1";"28";"28280";"1";"1";"1";"2";"D923";"48,3092660";"0,8064890"
"201900017529";"18";"4";"2019";"23:05";"4";"28";"28239";"1";"1";"1";"6";"RN 154";"48,6760150";"1,3830150"
"201900017530";"26";"4";"2019";"23:30";"5";"28";"28351";"1";"1";"1";"6";"Le val";"48,6044610";"1,2079840"
"201900017531";"19";"4";"2019";"12:00";"1";"23";"23053";"2";"1";"1";"6";"Le Chassaing";"45,9409170";"2,4667850"
"201900017532";"22";"4";"2019";"20:20";"1";"23";"23185";"1";"1";"1";"6";"RD 997 - lieu dit Les Dauvières";"46,1499345";"2,2078228"
"201900017533";"29";"4";"2019";"09:50";"1";"87";"87162";"1";"9";"1";"7";"intersection D32 47 A3";"45,8759230";"1,0308510"
"201900017534";"28";"4";"2019";"02:30";"3";"37";"37218";"1";"1";"1";"6";"lieu-dit les bois farraud";"46,9924437";"1,0368278"
"201900017535";"16";"4";"2019";"13:00";"1";"37";"37113";"1";"1";"1";"1";"la groitière";"46,9136700";"0,8060920"
"201900017536";"22";"4";"2019";"18:05";"1";"37";"37173";"1";"1";"1";"6";"d760";"47,1342408";"1,2856310"
"201900017537";"27";"4";"2019";"14:15";"1";"37";"37139";"1";"1";"1";"1";"Lieu dit ""Le bas chemin""";"47,3791537";"0,5657730"
"201900017538";"26";"4";"2019";"12:10";"1";"30";"30006";"1";"1";"1";"7";"D265";"43,6674940";"4,1832270"
"201900017539";"23";"4";"2019";"14:15";"1";"30";"30341";"1";"1";"2";"1";"D6572";"43,6641720";"4,2833910"
"201900017540";"29";"4";"2019";"18:35";"1";"30";"30317";"1";"1";"1";"6";"départemntale 205";"43,9033460";"4,5436520"
"201900017541";"29";"4";"2019";"02:30";"3";"30";"30336";"1";"4";"1";"6";"D2b";"43,8525830";"4,6267050"
"201900017542";"28";"4";"2019";"20:33";"2";"30";"30046";"2";"1";"1";"7";"RD 8, PR 000+750";"43,9751940";"4,2009180"
"201900017543";"19";"4";"2019";"17:45";"1";"30";"30008";"2";"1";"1";"7";"RD 16";"44,1854490";"4,2271390"
"201900017544";"27";"4";"2019";"04:30";"3";"30";"30223";"1";"1";"1";"7";"RD 904 PK 15 + 600";"44,1781890";"4,1494300"
"201900017545";"18";"4";"2019";"19:50";"1";"30";"30042";"1";"1";"1";"3";"Route de Ribaute";"44,0494180";"4,0306040"
"201900017546";"21";"4";"2019";"14:22";"1";"48";"48094";"1";"1";"2";"3";"Soulages (Saint-Georges-de-Lévéjac, Massegros-Causses-Gorges)";"44,3210350";"3,2134230"
"201900017547";"18";"4";"2019";"12:20";"1";"52";"52250";"2";"4";"1";"7";"Place de la Grève";"48,4412398";"5,1413870"
"201900017548";"18";"4";"2019";"12:20";"1";"88";"88372";"2";"4";"1";"3";"place de la république";"48,4081770";"6,8447890"
"201900017549";"17";"2";"2019";"12:45";"1";"88";"88372";"2";"3";"1";"3";"rue pasteur";"48,4049140";"6,8404590"
"201900017550";"13";"2";"2019";"15:00";"1";"88";"88144";"1";"1";"1";"6";"Le Moulin";"48,2495690";"6,0742750"
"201900017551";"27";"4";"2019";"18:10";"1";"88";"88069";"1";"1";"1";"1";"RD39A";"48,2494040";"6,3025630"
"201900017552";"22";"4";"2019";"09:00";"1";"95";"95392";"2";"1";"1";"3";"Avenue Victor Hugo";"49,0757460";"2,2022280"
"201900017553";"20";"4";"2019";"16:15";"1";"973";"97307";"1";"1";"1";"6";"Chemin de la Levée";"4,9012523";" -52,3499608"
"201900017554";"21";"4";"2019";"15:45";"1";"76";"76305";"1";"1";"1";"7";"AUTOROUTE A131- PK 31+200";"49,4952094";"0,2477694"
"201900017555";"29";"4";"2019";"14:43";"1";"31";"31334";"1";"1";"1";"2";"PK 263.400 A64";"43,3882650";"1,2844590"
"201900017556";"24";"4";"2019";"16:30";"1";"31";"31117";"1";"1";"1";"6";"D20";"43,7001430";"1,5441410"
"201900017557";"26";"4";"2019";"01:30";"3";"13";"13113";"1";"1";"8";"7";"Route de la Croix de Pierre";"43,5863700";"5,4891540"
"201900017558";"19";"4";"2019";"10:55";"1";"13";"13080";"1";"1";"1";"3";"Route de Saint-Canadet";"43,6220060";"5,4616350"
"201900017559";"20";"4";"2019";"08:55";"1";"3";"03031";"1";"1";"1";"6";"N/A";"46,3898614";"2,7166408"
"201900017560";"20";"4";"2019";"16:00";"1";"67";"67108";"2";"3";"7";"3";"route de schirmeck";"48,5263510";"7,5965990"
"201900017561";"28";"4";"2019";"09:25";"1";"1";"01087";"1";"1";"4";"5";"A40 PK 113.400 sens M/G";"46,1696540";"5,6905890"
"201900017562";"28";"4";"2019";"09:20";"1";"1";"01087";"1";"1";"4";"4";"A 40";"46,1663940";"5,6735270"
"201900017563";"15";"4";"2019";"07:55";"1";"34";"34337";"2";"1";"7";"6";"Chemin de la Mort aux Ânes";"43,5336560";"3,8674180"
"201900017564";"21";"3";"2019";"16:00";"1";"84";"84014";"1";"1";"1";"2";"A51 PK 060.800";"43,7366500";"5,7518080"
"201900017565";"23";"3";"2019";"12:10";"1";"78";"78233";"2";"1";"1";"6";"Domaine de la Pommeraie";"48,8725080";"1,9720420"
"201900017566";"29";"4";"2019";"07:25";"1";"973";"97302";"1";"3";"1";"3";"Carrefour Cabassou";"4,9059065";" -52,3048844"
"201900017567";"20";"4";"2019";"04:30";"3";"973";"97309";"1";"1";"1";"7";"Route de la Matourienne";"4,8855590";" -52,2875147"
"201900017568";"27";"4";"2019";"11:45";"1";"34";"34116";"2";"1";"1";"6";"route de Montpellier";"43,6468930";"3,8018320"
"201900017569";"21";"4";"2019";"14:30";"1";"42";"42042";"1";"1";"1";"1";"D 108 lie dit les trats";"45,4572550";"4,2228380"
"201900017570";"21";"4";"2019";"14:25";"1";"42";"42042";"1";"1";"1";"3";"Cessieux";"45,4617710";"4,2288030"
"201900017571";"18";"4";"2019";"20:49";"2";"37";"37027";"1";"1";"1";"1";"d976";"47,3201530";"0,9727000"
"201900017572";"28";"4";"2019";"01:07";"3";"67";"67108";"1";"1";"1";"2";"A352";"48,5233340";"7,5960350"
"201900017573";"22";"4";"2019";"13:22";"1";"67";"67021";"1";"1";"1";"6";"A35";"48,3968760";"7,4758930"
"201900017574";"20";"4";"2019";"17:00";"1";"33";"33122";"2";"1";"1";"6";"Parc de MONSALUT";"44,7657550";" -0,7041670"
"201900017575";"25";"4";"2019";"18:00";"1";"78";"78466";"2";"1";"1";"1";"rond point des qarante sous";"48,9235230";"1,9969160"
"201900017576";"25";"4";"2019";"16:40";"1";"53";"53262";"1";"1";"6";"7";"A 81- PK 226.900";"48,0612410";" -0,5208310"
"201900017577";"21";"3";"2019";"09:10";"1";"53";"53097";"2";"6";"1";"6";"Boulevard maréchal LECLERC";"48,1571890";" -0,4120960"
"201900017578";"22";"4";"2019";"19:50";"2";"72";"72045";"1";"1";"1";"7";"autouroute A81";"48,0198180";" -0,0462090"
"201900017579";"25";"4";"2019";"18:15";"2";"69";"69112";"1";"1";"3";"6";"A 89 sortie 37";"45,8261980";"4,6865390"
"201900017580";"22";"4";"2019";"19:15";"1";"69";"69112";"1";"1";"1";"7";"A89 pk 536.700";"45,8355172";"4,6848106"
"201900017581";"26";"4";"2019";"14:58";"1";"33";"33498";"1";"1";"8";"6";"Autoroute A 63, PR 034";"44,5523300";" -0,8319700"
"201900017582";"24";"4";"2019";"08:30";"1";"72";"72363";"1";"1";"2";"6";"Autoroute A11 PK 143+700  sens PARIS - PROVINCE";"48,1135130";"0,5128210"
"201900017583";"19";"4";"2019";"08:40";"1";"13";"13001";"1";"1";"1";"4";"autoroute A8 sens nord pk 018+500";"43,5160610";"5,4333110"
"201900017584";"25";"4";"2019";"16:30";"1";"53";"53204";"1";"1";"7";"3";"RD 176";"48,4786130";" -0,2771440"
"201900017585";"29";"4";"2019";"06:45";"1";"57";"57333";"1";"1";"7";"2";"RN 4 P 024+700";"48,7488680";"7,1335350"
"201900017586";"14";"4";"2019";"14:45";"1";"6";"06149";"1";"1";"4";"7";"A8 PK 206.700 SUD";"43,7453620";"7,3639370"
"201900017587";"23";"4";"2019";"19:40";"3";"976";"97613";"1";"1";"2";"7";"Chembenyoumba";" -12,7633020";"45,0782690"
"201900017588";"23";"4";"2019";"14:00";"1";"976";"97613";"1";"9";"1";"7";"CCD1 PK:020.400";" -12,7550500";"45,0946900"
"201900017589";"19";"4";"2019";"14:30";"1";"86";"86005";"1";"1";"1";"5";"RD 347 PR 38+200";"46,9497090";"0,1102930"
"201900017590";"24";"4";"2019";"14:53";"1";"7";"07265";"1";"1";"1";"1";"D 306";"45,2911000";"4,6413700"
"201900017591";"26";"4";"2019";"13:30";"1";"51";"51437";"1";"1";"1";"6";"A4";"49,2183290";"3,8084212"
"201900017592";"26";"4";"2019";"09:05";"1";"51";"51282";"1";"1";"1";"7";"A4";"49,2427152";"3,9126955"
"201900017593";"21";"4";"2019";"19:15";"1";"64";"64545";"1";"1";"1";"7";"Autoroute A63 - Point Kilométrique 197+800 - sens Espagne/France";"43,3712424";" -1,6780575"
"201900017594";"19";"4";"2019";"09:45";"1";"14";"14301";"1";"1";"1";"4";"A13";"49,1674275";" -0,2767879"
"201900017595";"11";"4";"2019";"12:40";"1";"14";"14534";"1";"1";"1";"2";"autoroute A13, PK 186.200, sens PARIS - CAEN";"49,2688070";"0,1727130"
"201900017596";"23";"4";"2019";"13:10";"1";"55";"55385";"1";"1";"1";"6";"Autoroute A4";"49,0983120";"5,3007740"
"201900017597";"29";"4";"2019";"19:20";"1";"13";"13114";"1";"1";"1";"1";"4000 Route de Roquefavour";"43,5189300";"5,3016900"
"201900017598";"26";"4";"2019";"03:30";"3";"28";"28002";"1";"1";"8";"7";"Autoroute A10 PK 065.666";"48,1972530";"1,8516730"
"201900017599";"19";"4";"2019";"17:45";"1";"45";"45317";"1";"1";"1";"3";"A10 point kilomètrique 125+500";"47,7689155";"1,5708832"
"201900017600";"25";"4";"2019";"04:40";"3";"971";"97103";"1";"9";"1";"6";"route nationale 1";"16,2545480";" -61,5560360"
"201900017601";"23";"4";"2019";"14:30";"1";"27";"27102";"1";"1";"1";"2";"Autoroute A13";"49,3686620";"0,7778000"
"201900017602";"27";"4";"2019";"17:30";"1";"13";"13103";"1";"1";"1";"4";"A54, PK 71+300, sens ARLES / SALON-DE-PROVENCE";"43,6274430";"5,1112840"
"201900017603";"22";"4";"2019";"11:45";"1";"13";"13067";"1";"1";"1";"2";"Autoroute A.7 PK 216+400 sens Marseille Lyon";"43,7813460";"5,0537240"
"201900017604";"15";"4";"2019";"18:00";"1";"13";"13051";"1";"1";"1";"3";"Autoroute A.7, ses Sud/Nord, PK 244+500";"43,5720530";"5,2150430"
"201900017605";"26";"4";"2019";"12:10";"1";"51";"51409";"1";"1";"1";"2";"A26";"48,8747642";"4,2890839"
"201900017606";"29";"4";"2019";"05:10";"5";"975";"97502";"2";"1";"1";"6";"Route de la Pérouse";"46,7698850";" -56,1814030"
"201900017607";"20";"4";"2019";"18:45";"3";"988";"98808";"1";"1";"1";"6";"Nessa Kouya";" -21,2900800";"165,5342000"
"201900017608";"26";"4";"2019";"16:30";"1";"988";"98817";"2";"1";"2";"2";"Avenue des Deux Baies";" -22,2247270";"166,5103210"
"201900017609";"28";"4";"2019";"03:45";"3";"988";"98821";"1";"1";"1";"6";"RM4 ou Route de Tongouin";" -22,1275600";"166,2237320"
"201900017610";"19";"4";"2019";"22:45";"5";"988";"98821";"1";"1";"2";"6";"RT1";" -22,1576310";"166,3776700"
"201900017611";"20";"4";"2019";"16:45";"1";"986";"98613";"1";"3";"1";"3";"RT2-Aoha";" -13,2859320";" -176,2331450"
"201900017612";"22";"4";"2019";"14:50";"1";"974";"97423";"1";"1";"1";"7";"route forestière du Maido";" -21,0962420";"55,3390670"
"201900017613";"21";"3";"2019";"04:30";"3";"974";"97415";"1";"1";"1";"1";"RN.1A LA SALINE LES BAINS";" -21,0971630";"55,2467990"
"201900017614";"23";"3";"2019";"23:50";"3";"974";"97415";"1";"1";"1";"6";"Route Nationale 1";" -20,9755350";"55,2976540"
"201900017615";"26";"4";"2019";"18:00";"2";"974";"97418";"1";"1";"1";"1";"Chemin de Lagrange";" -20,9352670";"55,5315230"
"201900017616";"28";"4";"2019";"22:40";"3";"971";"97125";"1";"1";"1";"7";"RN 5";"16,2722330";" -61,2824330"
"201900017617";"22";"4";"2019";"03:50";"3";"971";"97116";"1";"1";"1";"6";"Richeval";"16,3534750";" -61,4560430"
"201900017618";"26";"4";"2019";"10:50";"1";"971";"97117";"2";"1";"8";"3";"Boulevard Lucette Michaux Chevry";"16,3356650";" -61,3616710"
"201900017619";"22";"3";"2019";"15:30";"1";"971";"97117";"1";"1";"1";"3";"intersection RN5 et route de neron";"16,3352940";" -61,3958400"
"201900017620";"30";"4";"2019";"08:30";"1";"977";"97701";"1";"1";"1";"3";"D209 - Rte de marigot";"43,8340990";"5,9766350"
"201900017621";"31";"3";"2019";"01:30";"3";"977";"97701";"2";"1";"1";"6";"Marigot";"17,9099510";" -62,8131470"
"201900017622";"17";"4";"2019";"11:10";"1";"971";"97107";"1";"3";"1";"3";"Route de Routhiers";"16,0389390";" -61,5850360"
"201900017623";"21";"4";"2019";"03:43";"3";"971";"97111";"1";"1";"1";"7";"Allée Guyonneau Gadet";"16,3205880";" -61,7866370"
"201900017624";"21";"4";"2019";"16:20";"1";"29";"29005";"1";"1";"7";"7";"Kerveadou";"47,8483880";" -3,6110760"
"201900017625";"31";"3";"2019";"21:45";"3";"29";"29297";"1";"1";"1";"1";"Kerlavarec";"47,9184321";" -3,5164940"
"201900017626";"27";"4";"2019";"16:05";"1";"37";"37003";"2";"1";"1";"2";"38 Quai du Général de Gaulle";"47,4106820";"0,9752050"
"201900017627";"24";"4";"2019";"12:45";"1";"45";"45082";"2";"1";"1";"2";"30 Rue du Morvant";"47,8628814";"2,2321586"
"201900017628";"28";"4";"2019";"14:50";"1";"77";"77023";"1";"1";"2";"6";"RD97";"49,0117900";"2,8676500"
"201900017629";"25";"4";"2019";"16:15";"1";"77";"77273";"1";"1";"1";"6";"D401";"49,0503500";"2,7365200"
"201900017630";"27";"4";"2019";"13:55";"1";"77";"77157";"1";"3";"2";"1";"D401 X BRET. ACCES A4";"49,0143500";"3,1574200"
"201900017631";"21";"4";"2019";"21:45";"3";"77";"77196";"1";"1";"1";"3";"Route Nationale 3";"48,9475270";"2,7277920"
"201900017632";"27";"4";"2019";"15:40";"1";"77";"77392";"1";"1";"1";"1";"D401 PK 11.5";"49,0539541";"2,7205522"
"201900017633";"24";"4";"2019";"16:20";"1";"77";"77339";"1";"1";"8";"1";"CD16 pk  23+300";"48,3921640";"2,4882220"
"201900017634";"27";"4";"2019";"00:15";"5";"77";"77352";"1";"1";"1";"1";"Départementale 48";"48,6603910";"2,7891820"
"201900017635";"29";"4";"2019";"18:35";"1";"91";"91319";"1";"1";"1";"6";"D3";"48,6327610";"2,1770830"
"201900017636";"27";"4";"2019";"16:00";"1";"91";"91546";"1";"3";"2";"6";"D27";"48,5726670";"2,0244940"
"201900017637";"21";"4";"2019";"08:05";"1";"91";"91017";"1";"1";"1";"6";"D132";"48,6070150";"2,0507150"
"201900017638";"13";"4";"2019";"04:10";"3";"91";"91132";"1";"1";"1";"7";"RN 20";"48,5154580";"2,2160090"
"201900017639";"23";"4";"2019";"20:00";"2";"91";"91121";"2";"3";"1";"3";"1 Rue du Petit Gironville";"48,3602220";"2,3879640"
"201900017640";"27";"4";"2019";"19:25";"1";"78";"78265";"1";"1";"2";"3";"Route de Boissy";"48,8246390";"1,7844030"
"201900017641";"19";"4";"2019";"07:06";"1";"78";"78062";"1";"1";"1";"7";"D 11 PK20";"48,8398160";"1,8466950"
"201900017642";"28";"4";"2019";"07:15";"1";"2B";"2B057";"2";"1";"1";"6";"Campitello";"42,2476440";"9,5456950"
"201900017643";"27";"4";"2019";"15:20";"1";"2B";"2B109";"1";"1";"1";"6";"Ghiandarile";"42,7298740";"9,3458270"
"201900017644";"24";"4";"2019";"18:00";"1";"2B";"2B314";"1";"1";"1";"7";"piste saleccia";"42,6634640";"9,2031970"
"201900017645";"30";"4";"2019";"10:55";"1";"2B";"2B042";"2";"1";"1";"2";"Avenue de BORGO";"42,5626350";"9,4410770"
"201900017646";"26";"4";"2019";"12:55";"1";"66";"66196";"1";"1";"1";"6";"VC";"42,5493100";"2,9580330"
"201900017647";"26";"4";"2019";"17:35";"1";"66";"66226";"1";"1";"6";"6";"rd2";"42,5900865";"2,8494387"
"201900017648";"25";"4";"2019";"18:55";"1";"66";"66065";"2";"3";"1";"3";"Rue Franklin";"42,6000060";"2,9707950"
"201900017649";"27";"4";"2019";"21:25";"3";"30";"30258";"1";"2";"1";"3";"RD 42";"43,6960160";"4,4250980"
"201900017650";"24";"4";"2019";"09:45";"1";"34";"34113";"2";"3";"1";"7";"Avenue de Béziers";"43,4975809";"3,7120522"
"201900017651";"19";"4";"2019";"18:15";"1";"34";"34154";"1";"3";"1";"3";"D24";"43,6190910";"3,9636990"
"201900017652";"17";"4";"2019";"16:30";"1";"34";"34154";"2";"9";"1";"3";"Boulevard de la République";"43,6171950";"4,0110940"
"201900017653";"28";"4";"2019";"11:00";"1";"34";"34145";"2";"3";"1";"6";"rue Tivoli";"43,6742157";"4,1292849"
"201900017654";"24";"4";"2019";"16:13";"1";"34";"34327";"2";"3";"1";"3";"7 Avenue de Montpellier";"43,6538330";"3,9667400"