"Num_Acc";"jour";"mois";"an";"hrmn";"lum";"dep";"com";"agg";"int";"atm";"col";"adr";"lat";"long"
"201900017655";"27";"4";"2019";"04:40";"3";"84";"84078";"1";"1";"1";"6";"RD26";"44,2443960";"4,7253130"
"201900017656";"22";"4";"2019";"18:30";"1";"84";"84067";"1";"1";"1";"7";"route de sarrians";"44,0738780";"5,0010880"
"201900017657";"23";"3";"2019";"18:10";"1";"84";"84095";"1";"6";"1";"2";"RD 27";"43,7550650";"5,3649250"
"201900017658";"21";"3";"2019";"07:45";"1";"84";"84026";"1";"1";"1";"3";"RD 973, PR 40";"43,7339520";"5,3687660"
"201900017659";"24";"4";"2019";"09:05";"1";"84";"84145";"1";"1";"3";"7";"D111";"43,9233020";"5,3979700"
"201900017660";"24";"4";"2019";"13:40";"1";"84";"84129";"2";"1";"1";"2";"161 Avenue du Griffon";"44,0117440";"4,8749410"
"201900017661";"28";"1";"2019";"07:20";"2";"84";"84092";"2";"6";"1";"6";"avenue de la république";"43,9619280";"4,8583620"
"201900017662";"28";"4";"2019";"18:00";"1";"83";"83107";"2";"1";"1";"7";"Route de Marchandise";"43,4642830";"6,6364030"
"201900017663";"20";"4";"2019";"09:40";"1";"83";"83064";"1";"2";"1";"3";"RD81";"43,3233960";"6,0394220"
"201900017664";"20";"4";"2019";"17:35";"1";"83";"83023";"2";"1";"1";"3";"Route de Nice";"43,4058840";"6,0732550"
"201900017665";"5";"8";"2019";"19:00";"1";"4";"04096";"1";"1";"1";"1";"Col de la bonette";"44,3425080";"6,7955330"
"201900017666";"12";"7";"2019";"16:35";"1";"13";"13053";"2";"7";"1";"6";"Lotissement la Mignoniere";"43,7306650";"5,1727820"
"201900017667";"3";"8";"2019";"12:00";"1";"13";"13016";"1";"1";"1";"7";"31 RD 45 E Le Pigeonnier";"43,4067840";"5,6097420"
"201900017668";"5";"8";"2019";"12:00";"1";"13";"13097";"1";"1";"1";"6";"Route Nationale 568";"43,4952245";"4,8753358"
"201900017669";"6";"8";"2019";"11:30";"1";"71";"71510";"2";"2";"1";"3";"Route de Sarry";"46,2676820";"4,0963640"
"201900017670";"5";"8";"2019";"13:00";"1";"71";"71525";"1";"1";"1";"1";"RN79";"46,3665510";"4,6812480"
"201900017671";"3";"8";"2019";"10:40";"1";"52";"52315";"1";"1";"1";"6";"RD 619";"48,0242380";"5,2325520"
"201900017672";"5";"8";"2019";"19:35";"1";"8";"08081";"2";"1";"1";"6";"12 Place de la République";"49,8512350";"4,7665450"
"201900017673";"5";"8";"2019";"10:20";"1";"68";"68063";"1";"1";"1";"1";"voie verte";"47,8065340";"7,2003630"
"201900017674";"4";"8";"2019";"10:20";"1";"68";"68296";"1";"1";"1";"7";"d48.1";"48,2590910";"7,3004030"
"201900017675";"4";"8";"2019";"15:30";"1";"67";"67131";"2";"1";"1";"3";"Rue de la 1ère Division Blindée";"48,4864152";"7,7150883"
"201900017676";"31";"7";"2019";"15:40";"1";"55";"55258";"1";"1";"1";"7";"RD 958 PK 11";"48,7934160";"5,6716200"
"201900017677";"5";"8";"2019";"19:00";"1";"57";"57474";"2";"3";"1";"6";"112 Rue d'Amnéville";"49,2627190";"6,1546360"
"201900017678";"6";"8";"2019";"17:00";"1";"73";"73213";"2";"1";"1";"6";"44 rue de la parpillette";"45,5704210";"5,9524520"
"201900017679";"6";"8";"2019";"20:20";"2";"38";"38054";"1";"1";"2";"3";"D1075";"45,7959800";"5,4024900"
"201900017680";"6";"8";"2019";"07:45";"1";"38";"38553";"2";"1";"1";"1";"Boulevard de Villefontaine";"45,6149000";"5,1499400"
"201900017681";"20";"4";"2019";"22:10";"3";"69";"69171";"1";"1";"1";"1";"D389";"45,8041240";"4,5922970"
"201900017682";"5";"8";"2019";"10:00";"1";"31";"31249";"1";"1";"1";"6";"D38";"43,4746700";"1,6558280"
"201900017683";"28";"7";"2019";"15:40";"1";"19";"19207";"1";"1";"1";"7";"RD 9";"45,2733150";"1,6341210"
"201900017684";"6";"8";"2019";"06:40";"2";"17";"17161";"1";"1";"1";"1";"RD 735";"46,1811990";" -1,3183840"
"201900017685";"3";"8";"2019";"07:00";"1";"44";"44089";"1";"1";"1";"6";"Le Boistuaud";"47,3394810";" -1,8693090"
"201900017686";"3";"8";"2019";"11:15";"1";"14";"14658";"2";"9";"1";"1";"rue de la gare";"48,8399150";" -1,0482470"
"201900017687";"3";"8";"2019";"02:05";"5";"35";"35236";"2";"1";"1";"6";"68 Rue Saint-Michel";"47,6556370";" -2,0714480"
"201900017688";"4";"8";"2019";"14:30";"1";"57";"57764";"1";"1";"7";"7";"chemin rural";"49,4706850";"6,1147440"
"201900017689";"6";"8";"2019";"18:45";"1";"2";"02221";"1";"1";"2";"6";"ferme de paris d1003";"49,0363290";"3,2526480"
"201900017690";"4";"8";"2019";"10:32";"1";"62";"62443";"1";"1";"1";"1";"D 65";"50,4461780";"2,6471410"
"201900017691";"6";"8";"2019";"14:15";"1";"59";"59268";"2";"1";"1";"6";"Rue de verdun";"50,6375290";"2,7135330"
"201900017692";"4";"8";"2019";"17:45";"1";"59";"59268";"1";"1";"1";"1";"Rue de béthune";"50,6375290";"2,7135330"
"201900017693";"6";"8";"2019";"08:17";"1";"13";"13001";"1";"1";"1";"3";"A51-Sens Marseille vers Aix en Provence";"43,5029595";"5,4081658"
"201900017694";"6";"8";"2019";"07:15";"1";"13";"13022";"1";"1";"1";"7";"A50-Sens Toulon vers Aubagne";"43,2369100";"5,5905100"
"201900017695";"5";"8";"2019";"14:25";"1";"13";"13211";"1";"1";"1";"2";"A50-Sens Marseille vers Aubagne";"43,2939900";"5,4585900"
"201900017696";"4";"8";"2019";"09:02";"1";"13";"13211";"1";"1";"1";"3";"A50-Sens Aubagne vers Marseille";"43,2948040";"5,4650040"
"201900017697";"4";"8";"2019";"07:40";"1";"13";"13033";"1";"1";"1";"2";"A55-Sens Marseille vers Martigues";"43,3805600";"5,2152800"
"201900017698";"4";"8";"2019";"00:15";"3";"13";"13019";"1";"1";"1";"3";"A51-Sens Marseille vers Aix en Provence";"43,4390300";"5,3964100"
"201900017699";"5";"8";"2019";"23:45";"3";"83";"83112";"1";"1";"1";"2";"A50";"43,1970500";"5,7065700"
"201900017700";"12";"7";"2019";"18:40";"1";"69";"69152";"1";"1";"1";"4";"A7  005.756  A  007.000";"45,7054300";"4,8326100"
"201900017701";"5";"8";"2019";"13:30";"1";"54";"54090";"1";"1";"1";"2";"Autoroute 31";"48,7479600";"6,1557300"
"201900017702";"6";"8";"2019";"22:00";"3";"33";"33063";"1";"1";"1";"5";"ROCADE A 630";"44,8872000";" -0,5709500"
"201900017703";"6";"8";"2019";"22:00";"3";"33";"33063";"1";"1";"1";"2";"ROCADE A 630";"44,8872000";" -0,5709500"
"201900017704";"6";"8";"2019";"00:05";"5";"33";"33487";"1";"1";"1";"2";"AUTOROUTE A 10";"44,9474800";" -0,4644700"
"201900017705";"4";"8";"2019";"11:50";"1";"33";"33192";"1";"1";"1";"5";"ROCADE A 630";"44,7901800";" -0,6113900"
"201900017706";"3";"8";"2019";"00:50";"3";"59";"59378";"1";"1";"1";"4";"ROUTE NATIONALE 356";"50,6552824";"3,1085193"
"201900017707";"6";"8";"2019";"17:50";"1";"94";"94034";"1";"1";"2";"3";"AUTOROUTE A86";"48,7598263";"2,3217191"
"201900017708";"6";"8";"2019";"13:57";"1";"91";"91471";"1";"1";"8";"2";"RN 118";"48,6934800";"2,1926840"
"201900017709";"5";"8";"2019";"21:10";"5";"94";"94037";"1";"1";"1";"6";"AUTOROUTE A6B";"48,8145900";"2,3556000"
"201900017710";"5";"8";"2019";"15:00";"1";"91";"91617";"1";"1";"1";"4";"RN 104";"48,6322990";"2,5315830"
"201900017711";"5";"8";"2019";"13:00";"1";"91";"91377";"1";"1";"1";"4";"AUTOROUTE A10";"48,7279000";"2,3045000"
"201900017712";"5";"8";"2019";"08:55";"1";"91";"91179";"1";"1";"1";"6";"AUTOROUTE A6";"48,5603200";"2,4845800"
"201900017713";"5";"8";"2019";"16:45";"1";"78";"78206";"1";"1";"1";"6";"A13";"48,9540730";"1,9391660"
"201900017714";"5";"8";"2019";"06:25";"1";"78";"78640";"1";"1";"1";"6";"A86 INT";"48,7784970";"2,2089510"
"201900017715";"5";"8";"2019";"02:00";"3";"78";"78498";"1";"1";"1";"6";"A13";"48,9172880";"2,0055000"
"201900017716";"4";"8";"2019";"22:30";"3";"78";"78291";"1";"1";"1";"4";"A13";"48,9653690";"1,7556350"
"201900017717";"5";"8";"2019";"18:45";"1";"95";"95018";"1";"1";"1";"2";"AUTOROUTE A15";"48,9624100";"2,2664600"
"201900017718";"4";"8";"2019";"04:20";"3";"93";"93010";"1";"1";"1";"7";"AUTOROUTE A3";"48,9045000";"2,4710000"
"201900017719";"8";"7";"2019";"09:00";"1";"86";"86066";"2";"1";"1";"2";"CHEVALIER DE TERNAY (RUE DU)";"46,8269000";"0,5637400"
"201900017720";"18";"7";"2019";"12:05";"1";"73";"73065";"2";"2";"1";"3";"MONTMELIAN (FAUBOURG)";"45,5673610";"5,9376556"
"201900017721";"1";"8";"2019";"10:45";"1";"71";"71306";"2";"2";"1";"3";"CHATEAU (RUE DU )";"46,6767600";"4,3700700"
"201900017722";"19";"6";"2019";"10:31";"1";"66";"66136";"2";"1";"1";"6";"SULLY (MAXIMILIEN DE)";"42,6976900";"2,8893600"
"201900017723";"2";"8";"2019";"11:00";"1";"63";"63113";"2";"2";"1";"6";"JAURES (BD JEAN)";"45,7687000";"3,0782600"
"201900017724";"1";"8";"2019";"17:30";"1";"63";"63113";"2";"2";"1";"3";"ORADOU (RUE DE L')";"45,7641900";"3,1259500"
"201900017725";"19";"7";"2019";"17:20";"1";"62";"62065";"2";"2";"1";"3";"ROMAIN ROLLAND";"50,3990500";"2,8352700"
"201900017726";"1";"8";"2019";"10:05";"1";"59";"59273";"2";"1";"1";"3";"BROSSOLETTE (RUE PIERRE)";"50,9999300";"2,1133500"
"201900017727";"22";"7";"2019";"14:20";"1";"54";"54395";"2";"2";"1";"7";"SAINT GEORGES (RUE)";"48,6923700";"6,1869700"
"201900017728";"30";"7";"2019";"17:40";"1";"51";"51454";"2";"1";"1";"4";"RUE LENA BERNSTEIN";"49,2364500";"4,0855900"
"201900017729";"31";"7";"2019";"22:50";"5";"49";"49007";"2";"1";"1";"3";"FOCH BOULEVARD";"47,4713900";" -0,5471000"
"201900017730";"27";"7";"2019";"20:00";"2";"42";"42218";"1";"9";"2";"3";"BORIE";"45,4219900";"4,3668300"
"201900017731";"31";"7";"2019";"12:30";"1";"34";"34172";"2";"3";"1";"1";"ROQUETURIERE (RUE DE LA)";"43,6273600";"3,8888400"
"201900017732";"31";"7";"2019";"20:15";"1";"13";"13201";"2";"2";"1";"6";"STALINGRAD (SQUARE)";"43,2991739";"5,3852715"
"201900017733";"31";"7";"2019";"16:57";"1";"13";"13202";"2";"1";"1";"6";"DAMES (BOULEVARD DES)";"43,3018700";"5,3722300"
"201900017734";"29";"7";"2019";"19:00";"1";"13";"13211";"2";"1";"1";"2";"SAINT MENET (MONTEE)";"43,2936963";"5,4934892"
"201900017735";"29";"6";"2019";"00:25";"5";"92";"92024";"2";"3";"1";"3";"JEAN JAURES (BD) DE (111 A 159)";"48,9062617";"2,3011957"
"201900017736";"11";"7";"2019";"01:05";"5";"33";"33063";"1";"1";"1";"2";"ROCADE A 630";"44,8838900";" -0,5572700"
"201900017737";"31";"7";"2019";"19:48";"1";"93";"93005";"1";"1";"1";"3";"AUTOROUTE A3";"48,9526500";"2,4740100"
"201900017738";"31";"7";"2019";"18:50";"1";"92";"92050";"1";"1";"1";"6";"A86";"48,9153775";"2,2204523"
"201900017739";"30";"7";"2019";"20:50";"2";"93";"93007";"1";"1";"1";"2";"AUTOROUTE A3";"48,9233500";"2,4805000"
"201900017740";"30";"7";"2019";"17:10";"1";"92";"92036";"1";"1";"1";"6";"AUTOROUTE A15";"48,9413920";"2,2911995"
"201900017741";"30";"7";"2019";"14:55";"1";"95";"95582";"1";"1";"1";"3";"AUTOROUTE A115";"48,9834000";"2,2408800"
"201900017742";"29";"7";"2019";"18:30";"1";"93";"93078";"2";"1";"1";"4";"AUTOROUTE A104";"48,9624500";"2,5476000"
"201900017743";"1";"8";"2019";"10:45";"1";"988";"98818";"2";"3";"1";"3";"RUE ARMAND OHLEN";" -22,2506232";"166,4636689"
"201900017744";"1";"8";"2019";"10:32";"1";"988";"98818";"2";"3";"1";"3";"BD EXTERIEUR - RUE AUG. MERCIER/METZ";" -22,2773600";"166,4490000"
"201900017745";"2";"8";"2019";"11:35";"1";"976";"97611";"2";"1";"1";"7";"kaweni-Centrale EDM (rue de la )";" -12,7754700";"45,2225000"
"201900017746";"1";"8";"2019";"16:40";"1";"976";"97611";"2";"6";"1";"3";"kaweni-Europe (avenue)";" -12,7713200";"45,2237200"
"201900017747";"3";"8";"2019";"16:40";"1";"974";"97416";"1";"3";"7";"3";"RECHERCHANT(RUE ADRIEN)";" -21,2921800";"55,4869700"
"201900017748";"2";"8";"2019";"14:00";"1";"974";"97416";"1";"1";"1";"1";"RN3 (ANCIENNE ROUTE)";" -21,2968600";"55,5042400"
"201900017749";"1";"8";"2019";"02:00";"5";"974";"97416";"2";"1";"1";"6";"SAVANE (CHEMIN DE LA)";" -21,2970000";"55,4490800"
"201900017750";"31";"7";"2019";"18:36";"5";"974";"97411";"2";"1";"1";"3";"Chemin de l'Ilet à Quinquina";" -20,9170200";"55,5095600"
"201900017751";"31";"7";"2019";"10:39";"1";"974";"97411";"2";"1";"1";"2";"LECONTE DE LISLE (AVENUE)";" -20,8930000";"55,4842000"
"201900017752";"16";"6";"2019";"13:27";"1";"974";"97411";"2";"1";"1";"3";"DORET 1 (BOULEVARD)";" -20,8905000";"55,4615000"
"201900017753";"3";"8";"2019";"08:50";"1";"973";"97302";"2";"3";"1";"7";"BRADIN (GONTRAN) CITE ANATOLE";"4,9387825";" -52,3176563"
"201900017754";"2";"8";"2019";"19:45";"1";"69";"69387";"2";"1";"1";"6";"CLAUDE BERNARD                      (QU)";"45,7557400";"4,8399900"
"201900017755";"24";"6";"2019";"10:05";"1";"69";"69388";"2";"2";"1";"3";"HENRI BARBUSSE                      (R )";"45,7296400";"4,8538700"
"201900017756";"2";"8";"2019";"17:30";"1";"69";"69276";"1";"3";"1";"1";"BROTTEAUX (DES)                         ";"45,6617400";"4,8446700"
"201900017757";"2";"8";"2019";"13:40";"1";"69";"69387";"2";"2";"1";"3";"SALOMON REINACH                     (R )";"45,7502200";"4,8433500"
"201900017758";"3";"8";"2019";"15:20";"1";"972";"97209";"1";"1";"2";"3";"REDOUTE (ROUTE DE LA)";"14,6447400";" -61,0533100"
"201900017759";"2";"8";"2019";"15:50";"1";"69";"69081";"2";"1";"1";"6";"EDOUARD AYNARD                 AV";"45,7751200";"4,7787600"
"201900017760";"31";"7";"2019";"11:40";"1";"69";"69286";"2";"3";"1";"3";"CAPITAINE JULIEN (DU)               (R )";"45,8234800";"4,8934800"
"201900017761";"31";"7";"2019";"11:05";"1";"69";"69149";"2";"1";"1";"2";"GRANDE RUE                          (GR)";"45,7149200";"4,8077300"
"201900017762";"1";"8";"2019";"12:07";"1";"2B";"2B033";"2";"1";"1";"2";"AV DE LA LIBERATION";"42,6849400";"9,4450000"
"201900017763";"2";"8";"2019";"13:18";"1";"971";"97105";"2";"9";"2";"3";"CHARLES DE GAULLE (BD DU GENERAL)";"15,9954100";" -61,7316810"
"201900017764";"1";"8";"2019";"11:35";"1";"971";"97105";"2";"1";"1";"3";"PAUL LACAVE (AVENUE )";"15,9957800";" -61,7166000"
"201900017765";"2";"8";"2019";"22:25";"5";"2A";"2A004";"2";"2";"1";"6";"NAPOLEON COURS AVANT BEVERINI";"41,9323200";"8,7405200"
"201900017766";"30";"7";"2019";"08:00";"1";"91";"91228";"2";"2";"1";"6";"GENERAL PATTON (AVENUE DU)";"48,6334200";"2,4527300"
"201900017767";"2";"8";"2019";"19:20";"1";"91";"91201";"2";"2";"1";"3";"HENRI BARBUSSE(BOULEVARD)";"48,6742400";"2,4120700"
"201900017768";"1";"8";"2019";"22:05";"5";"91";"91027";"2";"6";"1";"3";"DUNANT (AVENUE HENRI)";"48,7218900";"2,4048000"
"201900017769";"20";"7";"2019";"05:55";"2";"88";"88413";"2";"3";"1";"5";"Madeleine   ( Rue de la )";"48,2868300";"6,9414700"
"201900017770";"31";"7";"2019";"14:04";"1";"87";"87075";"1";"1";"1";"3";"MERIGNAC (AVENUE DE)";"45,7971800";"1,1867900"
"201900017771";"2";"8";"2019";"18:25";"1";"83";"83062";"2";"1";"1";"7";"SANDRO (AVENUE CHARLES)";"43,1280000";"6,0129500"
"201900017772";"3";"8";"2019";"16:00";"1";"82";"82121";"2";"3";"7";"3";"MONTRICOUX D 115 (ROUTE DE)";"44,0327380";"1,4107830"
"201900017773";"1";"8";"2019";"17:35";"1";"80";"80021";"2";"1";"1";"7";"R VICTORINE AUTIER";"49,8745000";"2,3355300"
"201900017774";"25";"7";"2019";"13:10";"1";"78";"78498";"2";"7";"1";"6";"POMPIDOU PLACE GEORGES";"48,9328910";"2,0413220"
"201900017775";"2";"8";"2019";"08:05";"1";"76";"76319";"1";"1";"1";"3";"CD 13";"49,3677300";"1,0148200"
"201900017776";"1";"8";"2019";"22:15";"2";"76";"76540";"1";"1";"1";"5";"ROCADE Nord-Est";"49,4389400";"1,1150500"
"201900017777";"31";"7";"2019";"15:25";"1";"76";"76351";"2";"1";"1";"2";"ARISTIDE BRIAND";"49,5002500";"0,1355700"
"201900017778";"30";"7";"2019";"15:30";"1";"76";"76351";"2";"1";"1";"6";"ARISTIDE BRIAND";"49,5003300";"0,1354000"
"201900017779";"3";"8";"2019";"14:25";"1";"76";"76217";"2";"1";"1";"2";"DUQUESNE (QUAI)";"49,9255300";"1,0803400"
"201900017780";"29";"7";"2019";"09:05";"1";"74";"74010";"2";"6";"1";"3";"LYCEE (BOULEVARD DU)(BROGNY A PARMELAN)";"45,9061200";"6,1305900"
"201900017781";"21";"7";"2019";"11:45";"1";"73";"73065";"2";"1";"1";"6";"D991 ROPS DANIEL (AVENUE)";"45,5911583";"5,9194554"
"201900017782";"3";"8";"2019";"20:00";"1";"72";"72181";"2";"2";"1";"3";"DEMORIEUX PT DE FER AU PT DE CHEM DE FER";"48,0010100";"0,1909200"
"201900017783";"3";"8";"2019";"11:25";"1";"72";"72181";"2";"1";"1";"3";"RUBILLARD AV N° PAIRS 118 ET >";"48,0122200";"0,1815600"
"201900017784";"2";"8";"2019";"11:35";"1";"72";"72181";"2";"3";"1";"3";"MOLIERE - ENTRE ROCADE ET MONTHEARD";"47,9950100";"0,2227400"
"201900017785";"3";"8";"2019";"07:25";"1";"71";"71040";"2";"1";"1";"7";"ROMPOIS (RUE DES)";"46,6880000";"4,3826970"
"201900017786";"1";"8";"2019";"18:35";"1";"71";"71306";"2";"3";"1";"3";"PLESSIS (BOULEVARD DU)";"46,6775200";"4,3785000"
"201900017787";"3";"8";"2019";"13:25";"1";"71";"71153";"2";"1";"1";"6";"FRANCE (RUE ANATOLE)";"46,8050800";"4,4351800"
"201900017788";"31";"7";"2019";"07:52";"1";"69";"69290";"2";"1";"1";"2";"PORTE DES ALPES (DE LA) - BD URBAIN (BD)";"45,7049700";"4,9156200"
"201900017789";"2";"8";"2019";"04:50";"2";"67";"67447";"2";"1";"1";"7";"PIERRE MENDES FRANCE (AVENUE)";"48,6075900";"7,7626500"
"201900017790";"31";"7";"2019";"17:00";"1";"67";"67218";"2";"1";"1";"2";"MUGUET (RUE DU)";"48,5461260";"7,7332500"
"201900017791";"31";"7";"2019";"14:10";"1";"67";"67218";"1";"3";"1";"2";"NEUHOF (ROUTE DE)";"48,5374030";"7,7465650"
"201900017792";"31";"7";"2019";"18:15";"1";"67";"67482";"2";"1";"1";"6";"MURHOF (QUAI DU)";"48,5695720";"7,7131040"
"201900017793";"1";"8";"2019";"15:14";"1";"66";"66136";"2";"2";"1";"3";"ANCIEN CHAMP DE MARS AVENUE DE L'";"42,7052000";"2,8899500"
"201900017794";"3";"8";"2019";"18:17";"1";"64";"64260";"2";"3";"1";"3";"LECLERC (BOULEVARD DU GENERAL)";"43,3687676";" -1,7711437"
"201900017795";"1";"8";"2019";"16:40";"1";"64";"64260";"2";"1";"1";"2";"BAIE DE CHINGUDY (AVENUE DE LA)";"43,3691770";" -1,7725030"
"201900017796";"3";"8";"2019";"08:10";"1";"64";"64348";"1";"1";"7";"6";"ERCKMAN CHATRIAN";"43,3259800";" -0,3871400"
"201900017797";"2";"8";"2019";"10:15";"1";"64";"64445";"2";"1";"1";"6";"ALSACE LORRAINE D'";"43,3028800";" -0,3626200"
"201900017798";"31";"7";"2019";"07:55";"1";"64";"64445";"2";"6";"1";"3";"YITZHAK RABIN";"43,3062388";" -0,3337402"
"201900017799";"31";"7";"2019";"17:35";"1";"64";"64024";"2";"1";"1";"6";"RAYON VERT (AVENUE DU)";"43,5013600";" -1,5390600"
"201900017800";"2";"8";"2019";"17:50";"1";"62";"62548";"1";"1";"1";"6";"JEAN BART (rue)";"50,9761500";"1,9495600"
"201900017801";"1";"8";"2019";"07:50";"2";"62";"62108";"2";"9";"1";"3";"SAINT JOSSE";"50,4156100";"1,5956700"
"201900017802";"3";"8";"2019";"03:00";"5";"59";"59410";"2";"2";"1";"3";"COTY RENE AVENUE";"50,6393300";"3,1140400"
"201900017803";"2";"8";"2019";"18:20";"1";"59";"59009";"2";"1";"1";"2";"SAINT GHISLAIN ROND POINT";"50,6520200";"3,1274400"
"201900017804";"3";"8";"2019";"00:00";"5";"57";"57630";"2";"1";"1";"6";"CLEMENCEAU (AV)";"48,7329200";"7,0567500"
"201900017805";"29";"7";"2019";"16:20";"1";"57";"57630";"2";"1";"7";"6";"BERRICHONS ET NIVERNAIS";"48,7324000";"7,0590000"
"201900017806";"31";"7";"2019";"01:12";"5";"56";"56260";"1";"1";"1";"6";"Route de Tréffléan RD 104";"47,6598370";" -2,6954390"
"201900017807";"31";"7";"2019";"16:50";"1";"56";"56098";"2";"1";"1";"7";"DIDEROT (RUE  DENIS )";"47,7744600";" -3,3468500"
"201900017808";"30";"7";"2019";"11:20";"1";"56";"56121";"2";"1";"1";"6";"COSMAO-DUMANOIR ( BD )";"47,7541600";" -3,3667100"
"201900017809";"22";"7";"2019";"15:21";"1";"54";"54547";"2";"1";"1";"3";"PALISSY (RUE BERNARD)";"48,6542600";"6,1775000"
"201900017810";"30";"7";"2019";"17:50";"1";"54";"54304";"2";"3";"1";"7";"EUROPE (AVENUE DE L')";"48,6795100";"6,1458300"
"201900017811";"11";"7";"2019";"07:56";"1";"54";"54482";"2";"1";"1";"3";"MARIN (VIADUC LOUIS)";"48,7033700";"6,1941240"
"201900017812";"14";"5";"2019";"18:15";"1";"54";"54357";"2";"1";"1";"7";"REPUBLIQUE (RUE DE LA)";"48,7134000";"6,1568400"
"201900017813";"30";"7";"2019";"07:20";"1";"54";"54025";"2";"1";"1";"2";"SAINT PHLIN (RUE DU FAUBOURG)";"48,6539340";"6,2667280"
"201900017814";"1";"8";"2019";"17:00";"1";"54";"54304";"2";"2";"1";"3";"RESISTANCE (AV. DE LA -PAIR-)";"48,6949500";"6,1381600"
"201900017815";"25";"7";"2019";"12:15";"1";"54";"54395";"2";"1";"1";"7";"PONTS (RUE DES 2 A 3";"48,6868830";"6,1829650"
"201900017816";"1";"8";"2019";"08:20";"1";"54";"54395";"2";"2";"1";"3";"TOMBLAINE (RUE DE)";"48,6867439";"6,2010849"
"201900017817";"25";"7";"2019";"13:15";"1";"54";"54197";"2";"1";"1";"2";"CHAMP MOYEN (RUE DU)";"48,6170290";"6,2071540"
"201900017818";"3";"8";"2019";"11:45";"1";"51";"51454";"2";"1";"1";"1";"BOULEVARD FOCH";"49,2602700";"4,0297400"
"201900017819";"1";"8";"2019";"13:40";"1";"51";"51108";"2";"1";"1";"3";"AVENUE DU PRESIDENT ROOSEVELT";"48,9439338";"4,3885423"
"201900017820";"31";"7";"2019";"08:20";"1";"49";"49007";"2";"1";"1";"7";"PONTS DE CE";"47,4509100";" -0,5374200"
"201900017821";"1";"8";"2019";"13:50";"1";"47";"47031";"1";"1";"8";"5";"RD 813 (nouvelle rocade)";"44,1732196";"0,6702183"
"201900017822";"31";"7";"2019";"19:45";"1";"45";"45234";"2";"2";"1";"3";"R ROYALE - R PERREIRA";"47,8990454";"1,9041713"
"201900017823";"3";"8";"2019";"00:17";"5";"45";"45234";"2";"5";"1";"3";"AV ROGER SECRETAIN - R B MOUILLERE";"47,8795860";"1,9087845"
"201900017824";"2";"8";"2019";"14:00";"1";"45";"45234";"2";"1";"1";"7";"PONT DU M JOFFRE";"47,8954970";"1,8955091"
"201900017825";"1";"8";"2019";"18:00";"1";"45";"45232";"2";"6";"1";"6";"RUE DE LA BERGERESSE";"47,8457160";"1,9187200"
"201900017826";"1";"8";"2019";"16:15";"1";"44";"44143";"2";"1";"1";"6";"RUE CHARLES RIVIERE";"47,1700100";" -1,5428300"
"201900017827";"1";"8";"2019";"06:40";"2";"41";"41018";"2";"1";"1";"7";"SCHUMAN (ALLEE ROBERT)";"47,6051800";"1,3282400"
"201900017828";"4";"8";"2019";"00:30";"5";"38";"38185";"2";"1";"1";"6";"GAMBETTA (BOULEVARD)       20-31 A 41-32";"45,1862330";"5,7245900"
"201900017829";"1";"8";"2019";"01:20";"3";"38";"38382";"1";"1";"1";"2";"A48";"45,2213600";"5,6723000"
"201900017830";"1";"8";"2019";"01:30";"5";"37";"37261";"2";"6";"1";"6";"TANNEURS (RUE DES)";"47,3963800";"0,6840000"
"201900017831";"1";"8";"2019";"19:00";"1";"35";"35281";"2";"1";"1";"3";"NANTES (DE)";"48,0923080";" -1,6916060"
"201900017832";"1";"8";"2019";"18:20";"1";"35";"35238";"2";"1";"1";"4";"VALLES (JULES)";"48,1040250";" -1,7113420"
"201900017833";"2";"8";"2019";"14:50";"1";"35";"35238";"2";"3";"1";"3";"ALMA (DE L')";"48,0974004";" -1,6751284"
"201900017834";"2";"8";"2019";"09:55";"1";"35";"35055";"1";"9";"1";"3";"173 RD";"48,0809730";" -1,6374890"
"201900017835";"2";"8";"2019";"09:39";"1";"35";"35238";"2";"6";"1";"2";"SAINT-BRIEUC (DE)";"48,1177400";" -1,7140600"
"201900017836";"9";"7";"2019";"17:09";"1";"34";"34108";"2";"1";"1";"6";"RESISTANCE (AVENUE DE LA)";"43,4527100";"3,7594000"
"201900017837";"3";"8";"2019";"15:20";"1";"34";"34172";"1";"1";"1";"6";"JOUHAUX (AVENUE LEON)";"43,5939600";"3,8205400"
"201900017838";"2";"8";"2019";"20:00";"1";"34";"34172";"2";"6";"1";"3";"BRET (ROND POINT PAUL LOUIS)";"43,5769900";"3,8736700"
"201900017839";"2";"8";"2019";"15:00";"1";"34";"34172";"2";"1";"1";"4";"LIBERTE (AVENUE DE LA";"43,6090400";"3,8561800"
"201900017840";"2";"8";"2019";"09:55";"1";"34";"34172";"2";"1";"1";"3";"RHODES (RUE DE)";"43,6087721";"3,8967407"
"201900017841";"3";"8";"2019";"02:35";"5";"33";"33063";"2";"3";"1";"3";"Crs Victor Hugo / R. Buhan";"44,8352050";" -0,5701940"
"201900017842";"2";"8";"2019";"23:25";"5";"33";"33063";"2";"1";"1";"3";"LABARDE (AVE DE)";"44,8976100";" -0,5515500"
"201900017843";"2";"7";"2019";"07:08";"1";"29";"29051";"2";"1";"7";"6";"ROUILLEN AVENUE";"47,9976815";" -4,0586516"
"201900017844";"25";"6";"2019";"19:40";"1";"29";"29151";"2";"1";"1";"7";"LEGRAND (RUE ALBERT)";"48,5833300";" -3,8333300"
"201900017845";"28";"6";"2019";"18:25";"1";"29";"29019";"2";"6";"1";"3";"CHATEAU (DE 1 A 35 ET 2 A 32)";"48,3871968";" -4,4860815"