"Num_Acc";"jour";"mois";"an";"hrmn";"lum";"dep";"com";"agg";"int";"atm";"col";"adr";"lat";"long"
"201900017846";"2";"7";"2019";"10:50";"1";"27";"27681";"2";"3";"1";"6";"ROUEN (AVENUE DE)";"49,0980000";"1,4770000"
"201900017847";"2";"7";"2019";"07:55";"1";"27";"27299";"2";"1";"1";"1";"BRIAND (AVENUE ARISTIDE)";"49,0535680";"1,1664000"
"201900017848";"3";"7";"2019";"01:10";"5";"26";"26057";"2";"1";"1";"7";"ALPES PROVENCE (BOULEVARD)";"45,0313490";"5,0474180"
"201900017849";"1";"7";"2019";"14:00";"1";"25";"25056";"2";"2";"1";"3";"BELFORT RUE DE (inf144)";"47,2491000";"6,0312600"
"201900017850";"1";"7";"2019";"10:45";"1";"14";"14101";"1";"1";"1";"5";"WOODBURY (AVENUE DE )";"49,1740800";" -0,4284500"
"201900017851";"2";"7";"2019";"14:25";"1";"13";"13213";"2";"2";"1";"3";"ALBERT EINSTEIN (RUE)";"43,3434900";"5,4462400"
"201900017852";"2";"7";"2019";"00:25";"5";"13";"13212";"2";"1";"1";"2";"ALL DE LA GRANDE BASTIDE CAZAULX";"43,2988400";"5,4367400"
"201900017853";"1";"7";"2019";"09:00";"1";"13";"13202";"2";"1";"1";"3";"PARIS (BOULEVARD DE)";"43,3000000";"5,3700000"
"201900017854";"1";"7";"2019";"18:40";"1";"7";"07102";"2";"2";"1";"3";"MONTGOLFIER (RUE)";"44,9357800";"4,8739000"
"201900017855";"2";"7";"2019";"16:00";"1";"6";"06088";"2";"1";"1";"3";"ROQUEBILLIERE (R. DE)";"43,7059580";"7,2847900"
"201900017856";"2";"7";"2019";"12:35";"1";"6";"06069";"2";"3";"1";"2";"ONZE NOVEMBRE (RUE DU)";"43,6612800";"6,9227800"
"201900017857";"2";"7";"2019";"11:50";"1";"6";"06069";"2";"9";"1";"2";"PROVENCE (AVENUE DE)";"43,6568060";"6,9270880"
"201900017858";"2";"7";"2019";"12:30";"1";"6";"06123";"2";"1";"1";"6";"JOUHAUD EDMOND ESPLANADE";"43,6782244";"7,1907704"
"201900017859";"1";"7";"2019";"09:15";"1";"5";"05061";"2";"5";"1";"2";"FRANCOIS MITTERAND (AVENUE)";"44,5425899";"6,0595500"
"201900017860";"1";"7";"2019";"11:45";"1";"1";"01451";"1";"1";"1";"3";"STRASBOURG (ROUTE DE)";"46,2242900";"5,2525400"
"201900017861";"29";"6";"2019";"11:30";"1";"75";"75115";"2";"3";"1";"4";"PORTE DE SEVRES";"48,8347780";"2,2742420"
"201900017862";"29";"6";"2019";"10:30";"1";"75";"75118";"2";"1";"1";"7";"PORTE DE SAINT OUEN";"48,9009090";"2,3371680"
"201900017863";"2";"7";"2019";"15:23";"1";"75";"75107";"2";"2";"1";"3";"QUAI D ORSAY";"48,8625750";"2,3104060"
"201900017864";"2";"7";"2019";"18:10";"1";"75";"75106";"2";"2";"1";"6";"BOULEVARD SAINT MICHEL";"48,8527570";"2,3438050"
"201900017865";"2";"7";"2019";"16:55";"1";"75";"75120";"2";"2";"1";"6";"RUE DES PYRENEES";"48,8666740";"2,3971300"
"201900017866";"2";"7";"2019";"14:10";"1";"75";"75120";"2";"2";"1";"3";"RUE VITRUVE";"48,8581300";"2,4046450"
"201900017867";"2";"7";"2019";"06:15";"1";"75";"75118";"2";"1";"1";"1";"RUE RIQUET";"48,8899000";"2,3644220"
"201900017868";"2";"7";"2019";"20:15";"1";"75";"75117";"2";"2";"1";"6";"BOULEVARD BERTHIER";"48,8880420";"2,2997090"
"201900017869";"2";"7";"2019";"09:20";"1";"75";"75117";"2";"2";"1";"6";"AVENUE DE LA PORTE DE CHAMPERRET";"48,8864130";"2,2856320"
"201900017870";"2";"7";"2019";"15:00";"1";"75";"75116";"2";"2";"1";"3";"AVENUE KLEBER";"48,8650110";"2,2886910"
"201900017871";"2";"7";"2019";"09:10";"1";"75";"75116";"2";"2";"1";"6";"RUE MOLITOR";"48,8451840";"2,2641950"
"201900017872";"1";"7";"2019";"21:45";"5";"75";"75116";"2";"2";"1";"3";"AVENUE BUGEAUD";"48,8713880";"2,2775640"
"201900017873";"2";"7";"2019";"12:30";"1";"75";"75115";"2";"1";"1";"3";"RUE DU DOCTEUR FINLAY";"48,8510700";"2,2916640"
"201900017874";"2";"7";"2019";"09:00";"1";"75";"75115";"2";"1";"1";"3";"QUAI ANDRE CITROEN";"48,8470810";"2,2784230"
"201900017875";"2";"7";"2019";"08:30";"1";"75";"75115";"2";"4";"1";"3";"RUE CASTAGNARY";"48,8299880";"2,3056070"
"201900017876";"2";"7";"2019";"14:35";"1";"75";"75114";"2";"1";"7";"7";"AVENUE DU GENERAL LECLERC";"48,8267010";"2,3263510"
"201900017877";"2";"7";"2019";"11:30";"1";"75";"75110";"2";"1";"1";"2";"RUE LA FAYETTE";"48,8823490";"2,3686780"
"201900017878";"2";"7";"2019";"08:40";"1";"75";"75109";"2";"3";"1";"6";"BOULEVARD DE ROCHECHOUART";"48,8823250";"2,3419960"
"201900017879";"2";"7";"2019";"16:15";"1";"75";"75108";"2";"2";"1";"3";"BOULEVARD HAUSSMANN";"48,8749920";"2,3091820"
"201900017880";"2";"7";"2019";"15:55";"1";"75";"75108";"2";"2";"1";"3";"AVENUE MARCEAU";"48,8685270";"2,2989280"
"201900017881";"2";"7";"2019";"18:00";"1";"75";"75102";"2";"2";"1";"4";"RUE REAUMUR";"48,8675800";"2,3463800"
"201900017882";"2";"7";"2019";"20:10";"1";"94";"94067";"2";"1";"1";"7";"JEANNE D'ARC (R)";"48,8369700";"2,4202700"
"201900017883";"29";"6";"2019";"23:00";"5";"94";"94046";"2";"9";"1";"7";"RUE GUE AUX AUROCHS";"48,8155400";"2,4241100"
"201900017884";"28";"6";"2019";"23:10";"5";"94";"94043";"2";"1";"1";"6";"FONTAINEBLEAU (AV DE)";"48,8117461";"2,3617302"
"201900017885";"2";"7";"2019";"12:30";"1";"94";"94003";"2";"1";"1";"3";"GENERAL MALLERET JOINVILLE (AV DU)";"48,8044300";"2,3434100"
"201900017886";"2";"7";"2019";"16:45";"1";"94";"94021";"2";"1";"1";"3";"STALINGRAD (AV DE)";"48,7638100";"2,3683200"
"201900017887";"2";"7";"2019";"18:45";"1";"94";"94033";"2";"9";"1";"6";"JEAN ZAY (R)";"48,8567700";"2,4839100"
"201900017888";"2";"7";"2019";"18:35";"1";"94";"94028";"2";"1";"1";"6";"LAFERRIERE(AVENUE)";"48,7995200";"2,4544600"
"201900017889";"1";"7";"2019";"22:25";"1";"94";"94018";"2";"1";"7";"7";"LIBERTE (AV DE LA)";"48,8233400";"2,4040400"
"201900017890";"2";"7";"2019";"08:45";"1";"94";"94071";"2";"1";"1";"4";"NOISEAU (R DE)";"48,7732100";"2,5299100"
"201900017891";"1";"7";"2019";"21:30";"1";"94";"94004";"2";"2";"1";"3";"GENERAL LECLERC (AV DU)";"48,7549670";"2,5051990"
"201900017892";"2";"7";"2019";"18:29";"1";"93";"93073";"2";"1";"1";"3";"CHAPIT RE ( RUE DU)";"49,0027108";"2,5313294"
"201900017893";"2";"7";"2019";"17:30";"1";"93";"93073";"2";"1";"1";"6";"CHAPIT RE ( RUE DU)";"49,0064000";"2,5595700"
"201900017894";"2";"7";"2019";"18:10";"1";"93";"93078";"2";"1";"1";"2";"BALLANGER (BD ROBERT)";"48,9606800";"2,5549200"
"201900017895";"2";"7";"2019";"20:35";"1";"93";"93059";"2";"1";"1";"3";"LAENNEC (AVENUE)";"48,9620200";"2,3701600"
"201900017896";"2";"7";"2019";"08:52";"1";"93";"93053";"2";"2";"1";"3";"PARC (RUE DU)";"48,8918700";"2,4447800"
"201900017897";"1";"7";"2019";"19:00";"1";"93";"93053";"2";"3";"1";"1";"CONDORCET (RUE)";"48,8897180";"2,4554550"
"201900017898";"1";"7";"2019";"12:40";"1";"93";"93053";"2";"3";"1";"3";"VAILLANT COUTURIER (RUE)";"48,8906780";"2,4514690"
"201900017899";"2";"7";"2019";"07:11";"1";"93";"93051";"2";"2";"1";"3";"BEAUJOLAIS (AVENUE)";"48,8257900";"2,5671300"
"201900017900";"2";"7";"2019";"15:35";"1";"93";"93049";"2";"2";"7";"3";"PAUL VAILLANT COUTURIER (RUE)";"48,8600000";"2,5000000"
"201900017901";"2";"7";"2019";"17:45";"1";"93";"93050";"2";"1";"1";"6";"TURGOT (AVENUE)";"48,8700000";"2,5500000"
"201900017902";"1";"7";"2019";"16:16";"1";"93";"93061";"2";"1";"1";"6";"BELVEDERE AVENUE DU";"48,8803000";"2,4103300"
"201900017903";"2";"7";"2019";"07:30";"1";"93";"93014";"2";"1";"1";"2";"GAGNY (ALLEE DE)";"48,9104200";"2,5496000"
"201900017904";"1";"7";"2019";"10:55";"1";"93";"93007";"2";"2";"1";"3";"JULIEN GRIMAU (RUE)";"48,9410900";"2,4588300"
"201900017905";"2";"7";"2019";"15:00";"1";"93";"93001";"2";"3";"1";"6";"FIRMIN GEMIER (RUE)";"48,9095270";"2,3821230"
"201900017906";"30";"6";"2019";"17:40";"1";"92";"92063";"2";"1";"1";"6";"DUNANT (RUE HENRI)";"48,8642800";"2,1921000"
"201900017907";"2";"7";"2019";"19:05";"1";"92";"92050";"2";"5";"1";"3";"VAILLANT COUTURIER PAUL RUE";"48,8816260";"2,2052990"
"201900017908";"2";"7";"2019";"14:30";"1";"92";"92040";"2";"3";"1";"3";"GOUVERNEUR GAL EBOUE DU 09 AU 65 BIS";"48,8246000";"2,2651800"
"201900017909";"1";"7";"2019";"20:10";"5";"976";"97610";"2";"1";"1";"7";"Mosquée de vendredi";" -12,7413730";"45,1827420"
"201900017910";"2";"7";"2019";"16:00";"1";"37";"37175";"2";"1";"1";"7";"D4 ; PK 6+100";"47,5528834";"0,7474165"
"201900017911";"1";"7";"2019";"15:49";"1";"38";"38238";"1";"1";"7";"1";"D 502";"45,5039300";"4,9971300"
"201900017912";"18";"6";"2019";"09:00";"1";"74";"74268";"1";"9";"1";"4";"Autoroute A41";"45,8328220";"6,0464650"
"201900017913";"27";"6";"2019";"17:15";"1";"95";"95313";"2";"1";"1";"6";"2 Grande Rue";"49,1128510";"2,2134270"
"201900017914";"30";"6";"2019";"16:10";"1";"21";"21021";"1";"1";"1";"2";"A31 PK45+000";"47,3235380";"5,1702600"
"201900017915";"2";"7";"2019";"18:00";"1";"63";"63001";"2";"2";"1";"3";"Boulevard de la Nation";"46,0178355";"3,2006991"
"201900017916";"2";"7";"2019";"19:30";"1";"57";"57224";"2";"1";"1";"1";"Avenue Foch";"49,0730390";"6,6891610"
"201900017917";"3";"7";"2019";"11:20";"1";"974";"97414";"1";"1";"1";"2";"RN1";" -21,2923840";"55,4077210"
"201900017918";"16";"6";"2019";"11:35";"1";"6";"06130";"1";"1";"1";"6";"Route D6085";"43,7086983";"6,8300816"
"201900017919";"2";"7";"2019";"11:26";"1";"60";"60479";"2";"1";"1";"6";"12 Rue Louis Nadal";"49,1960470";"2,8385580"
"201900017920";"3";"7";"2019";"11:35";"1";"36";"36200";"1";"1";"1";"6";"Autoroute A20";"46,6160700";"1,5385900"
"201900017921";"2";"7";"2019";"16:45";"1";"22";"22084";"2";"1";"1";"7";"Rue du Poudouvre (Jugon-les-Lacs)";"48,4083159";" -2,3202525"
"201900017922";"3";"7";"2019";"00:10";"5";"83";"83054";"2";"1";"1";"7";"618 Route Nationale 97";"43,1578510";"6,0403970"
"201900017923";"29";"6";"2019";"13:00";"1";"37";"37153";"1";"1";"1";"3";"A10 barrière de péage";"47,4903095";"0,8194720"
"201900017924";"2";"7";"2019";"10:50";"1";"56";"56184";"2";"1";"7";"2";"Avenue des Bruyères";"47,6625700";" -2,4407600"
"201900017925";"3";"7";"2019";"14:55";"1";"74";"74228";"1";"1";"1";"2";"D 1201";"46,0705389";"6,0798468"
"201900017926";"3";"7";"2019";"18:30";"1";"76";"76196";"2";"3";"1";"3";"Route de Vergetot";"49,6410000";"0,2670000"
"201900017927";"3";"7";"2019";"10:25";"1";"76";"76593";"1";"1";"7";"6";"Route du Petit Bec";"49,5802550";"0,4416380"
"201900017928";"3";"7";"2019";"08:50";"1";"80";"80814";"2";"1";"1";"6";"38 Rue de Warvillers";"49,7946980";"2,6924120"
"201900017929";"3";"7";"2019";"09:42";"1";"80";"80582";"1";"1";"1";"3";"cd 38";"49,8083400";"2,1067620"
"201900017930";"3";"7";"2019";"15:05";"1";"65";"65372";"1";"1";"1";"1";"D935";"43,3491680";"0,0713370"
"201900017931";"3";"7";"2019";"01:40";"3";"71";"71120";"2";"5";"1";"6";"Avenue du Château";"46,2031800";"4,3388560"
"201900017932";"2";"7";"2019";"07:45";"1";"63";"63185";"1";"1";"7";"1";"RD 123, PK 12+500";"45,4832130";"3,3265480"
"201900017933";"3";"7";"2019";"10:45";"1";"12";"12052";"2";"3";"1";"1";"Boulevard Paul Ramadier";"44,5712870";"2,0736960"
"201900017934";"2";"7";"2019";"10:40";"1";"68";"68046";"1";"1";"7";"7";"rd 14 b4";"47,8016740";"7,0373080"
"201900017935";"3";"7";"2019";"11:45";"1";"25";"25248";"1";"1";"1";"2";"route départementale 437";"47,1945100";"6,7338900"
"201900017936";"2";"7";"2019";"08:00";"1";"44";"44152";"1";"9";"1";"2";"la bodinais";"47,4377300";" -2,0715500"
"201900017937";"24";"5";"2019";"16:10";"1";"29";"29146";"1";"3";"1";"3";"KERHUIDET";"47,9225020";" -3,8147760"
"201900017938";"2";"7";"2019";"18:40";"1";"29";"29061";"1";"9";"1";"7";"Départementale 112";"48,4332349";" -4,4633884"
"201900017939";"3";"7";"2019";"09:15";"1";"2";"02188";"1";"9";"1";"3";"DEPARTEMENTALE D 1029";"49,9397830";"3,7468410"
"201900017940";"3";"7";"2019";"08:20";"1";"3";"03180";"1";"1";"1";"1";"N/A";"46,5244836";"3,4926761"
"201900017941";"3";"7";"2019";"11:24";"1";"6";"06151";"1";"1";"1";"7";"M6202";"43,9099780";"7,1935310"
"201900017942";"2";"7";"2019";"17:10";"1";"6";"06105";"1";"1";"1";"7";"Route de la Colle-Sur-Loup";"43,6873783";"7,0667839"
"201900017943";"2";"7";"2019";"23:10";"3";"45";"45095";"1";"1";"1";"5";"route de neuville";"48,0706440";"2,1215250"
"201900017944";"2";"7";"2019";"20:30";"2";"64";"64476";"1";"1";"1";"1";"Route de Saint-Esteben";"43,3436970";" -1,2211370"
"201900017945";"30";"6";"2019";"01:50";"3";"40";"40183";"1";"1";"1";"6";"RD322";"43,6477320";" -0,9712460"
"201900017946";"30";"6";"2019";"10:20";"1";"85";"85031";"1";"1";"1";"7";"Le Caillou Blanc";"46,7716100";" -0,9150400"
"201900017947";"29";"6";"2019";"06:30";"2";"17";"17337";"2";"1";"1";"7";"567 Avenue de la Durandière";"45,9966370";" -1,3214870"
"201900017948";"7";"6";"2019";"22:50";"3";"17";"17167";"1";"1";"1";"6";"Grand Pineau";"45,1945570";" -0,1415570"
"201900017949";"2";"7";"2019";"19:05";"1";"17";"17325";"1";"1";"1";"1";"La Combe à Ramée";"45,4196980";" -0,7059420"
"201900017950";"2";"7";"2019";"20:40";"2";"17";"17208";"1";"1";"1";"6";"RN 11";"46,2190750";" -0,9731200"
"201900017951";"26";"6";"2019";"13:50";"1";"37";"37016";"2";"3";"1";"3";"Chemin du Chesneau";"47,2056897";"0,9694791"
"201900017952";"3";"7";"2019";"08:30";"1";"48";"48075";"2";"1";"1";"1";"1 route neuve";"44,3702550";"3,5349140"
"201900017953";"2";"7";"2019";"15:30";"1";"52";"52093";"2";"1";"1";"1";"10 Rue Château du Mont";"47,8037950";"5,4243480"
"201900017954";"2";"7";"2019";"14:00";"1";"67";"67212";"2";"6";"1";"7";"Rue de l'Église";"48,5590210";"7,6366970"
"201900017955";"2";"7";"2019";"21:05";"1";"69";"69027";"2";"1";"1";"7";"6 Montée de la Côte";"45,6768890";"4,7495700"
"201900017956";"3";"7";"2019";"06:19";"2";"13";"13051";"1";"1";"1";"2";"A7 PK240+200 sens sud nord";"43,5942800";"5,1741440"
"201900017957";"28";"6";"2019";"11:35";"1";"973";"97311";"2";"2";"1";"3";"rue malraux";"5,4783815";" -54,0297747"
"201900017958";"1";"7";"2019";"08:43";"1";"77";"77142";"1";"4";"1";"4";"D934 X RUE DE LIBERNON";"48,8498500";"2,9360000"
"201900017959";"3";"7";"2019";"17:20";"1";"2B";"2B148";"1";"6";"7";"3";"STRADA DI A CANONICA";"42,5428760";"9,5160290"
"201900017960";"2";"7";"2019";"18:25";"1";"2A";"2A247";"2";"1";"1";"3";"avenue de Bastia";"41,6073300";"9,2779990"
"201900017961";"3";"7";"2019";"14:50";"1";"66";"66037";"1";"1";"1";"1";"Avenue de Saint-Nazaire";"42,6788740";"2,9928570"
"201900017962";"2";"7";"2019";"20:00";"1";"83";"83053";"2";"1";"1";"3";"Route de Toulon";"43,1679180";"5,8286910"
"201900017963";"3";"7";"2019";"10:35";"1";"83";"83042";"1";"1";"7";"1";"intersection RD98 et RD558 carrefour de la pipe";"43,2451810";"6,5339630"
"201900017964";"2";"7";"2019";"17:15";"1";"83";"83088";"1";"2";"1";"3";"Chemin Terre Rouge";"43,3119640";"6,0506710"
"201900017965";"2";"7";"2019";"18:35";"1";"68";"68353";"1";"1";"1";"2";"D 19B";"47,6309750";"7,3458020"
"201900017966";"2";"7";"2019";"08:20";"1";"67";"67348";"2";"2";"1";"3";"29 Chemin des Aulnes";"48,4634680";"7,4316370"
"201900017967";"30";"6";"2019";"23:30";"5";"74";"74243";"2";"1";"1";"2";"Route d'Annecy";"46,1371701";"6,0788236"
"201900017968";"3";"7";"2019";"15:18";"1";"38";"38298";"2";"6";"1";"3";"Rue du Bois Pilon";"45,3726000";"4,7963700"
"201900017969";"3";"7";"2019";"01:45";"3";"69";"69003";"1";"1";"1";"3";"16 Quai Général de Gaulle";"45,8664635";"4,8343701"
"201900017970";"27";"6";"2019";"20:20";"2";"9";"09242";"1";"1";"1";"7";"d10 PK2";"42,9386590";"1,8251730"
"201900017971";"2";"7";"2019";"08:30";"1";"50";"50601";"1";"6";"7";"3";"RN 174";"48,9785910";" -0,9527230"
"201900017972";"2";"7";"2019";"21:30";"2";"35";"35326";"1";"1";"1";"6";"LE CLOS RIBAULT";"48,3364300";" -1,5816530"
"201900017973";"2";"7";"2019";"07:05";"1";"76";"76743";"2";"3";"7";"3";"Route de Duclair";"49,5290612";"0,9345619"
"201900017974";"3";"7";"2019";"19:00";"1";"2";"02186";"1";"1";"1";"7";"D86";"48,9743240";"3,3457320"
"201900017975";"2";"7";"2019";"18:10";"1";"13";"13071";"1";"1";"1";"3";"A7-Sens Marseille vers Lyon";"43,4219420";"5,2683290"
"201900017976";"2";"7";"2019";"09:30";"1";"69";"69272";"1";"1";"1";"4";"A46S   57.400 A 61.010";"45,5926100";"4,8428500"
"201900017977";"21";"6";"2019";"08:08";"1";"67";"67471";"1";"1";"1";"7";"Autoroute A.4";"48,6387297";"7,7283189"
"201900017978";"22";"6";"2019";"09:55";"1";"62";"62634";"1";"1";"1";"6";"AUTOROUTE A16";"50,9317900";"2,0186400"
"201900017979";"2";"7";"2019";"14:50";"1";"94";"94037";"1";"1";"1";"2";"AUTOROUTE A6B";"48,8126400";"2,3537000"
"201900017980";"2";"7";"2019";"12:30";"1";"92";"92002";"1";"1";"1";"2";"AUTOROUTE A86";"48,7608721";"2,2940397"
"201900017981";"2";"7";"2019";"09:10";"1";"91";"91182";"1";"1";"1";"5";"RN 104";"48,6156940";"2,4297460"
"201900017982";"2";"7";"2019";"17:55";"1";"92";"92064";"1";"1";"1";"5";"A13";"48,8397445";"2,2019982"
"201900017983";"2";"7";"2019";"17:20";"1";"93";"93005";"1";"1";"1";"3";"AUTOROUTE A3";"48,9638100";"2,4739400"
"201900017984";"2";"7";"2019";"13:30";"1";"93";"93007";"1";"1";"1";"2";"AUTOROUTE A3";"48,9233000";"2,4804900"
"201900017985";"2";"7";"2019";"07:40";"1";"95";"95582";"1";"1";"1";"3";"AUTOROUTE A15";"48,9699000";"2,2497100"
"201900017986";"1";"7";"2019";"20:05";"1";"93";"93053";"1";"1";"1";"3";"AUTOROUTE A3";"48,8937100";"2,4722300"
"201900017987";"1";"7";"2019";"19:00";"1";"93";"93005";"1";"1";"1";"3";"AUTOROUTE A3";"48,9552100";"2,4732600"
"201900017988";"1";"7";"2019";"16:00";"1";"93";"93053";"1";"1";"1";"3";"AUTOROUTE A86";"48,8859300";"2,4726100"
"201900017989";"1";"7";"2019";"07:20";"1";"93";"93053";"1";"1";"1";"2";"AUTOROUTE A3";"48,8871400";"2,4737100"
"201900017990";"30";"6";"2019";"20:20";"1";"93";"93005";"1";"1";"1";"3";"AUTOROUTE A1";"48,9689400";"2,4804200"
"201900017991";"2";"7";"2019";"14:10";"1";"94";"94028";"1";"1";"1";"2";"A86 EXT";"48,7766000";"2,4334000"
"201900017992";"2";"7";"2019";"12:50";"1";"94";"94046";"1";"1";"1";"2";"A86 EXT";"48,7965600";"2,4435900"
"201900017993";"2";"7";"2019";"09:50";"1";"94";"94069";"1";"1";"1";"2";"A4";"48,8176000";"2,4349200"
"201900017994";"2";"7";"2019";"08:30";"1";"94";"94073";"1";"1";"1";"2";"A86 EXT";"48,7730000";"2,3993600"
"201900017995";"1";"7";"2019";"12:45";"1";"77";"77373";"1";"1";"1";"2";"RN104";"48,7825408";"2,6163568"
"201900017996";"4";"6";"2019";"11:05";"1";"75";"75119";"2";"2";"2";"6";"AVENUE CORENTIN CARIOU";"48,8958390";"2,3835910"
"201900017997";"4";"6";"2019";"20:40";"1";"75";"75115";"2";"2";"1";"3";"RUE VICTOR DURUY";"48,8367500";"2,2995270"
"201900017998";"3";"6";"2019";"21:00";"2";"75";"75114";"2";"2";"1";"2";"RUE VERCINGETORIX";"48,8345000";"2,3137000"
"201900017999";"4";"6";"2019";"18:20";"1";"75";"75111";"2";"3";"8";"7";"IMPASSE DE MONT LOUIS";"48,8581560";"2,3881240"
"201900018000";"4";"6";"2019";"09:10";"1";"75";"75111";"2";"2";"2";"6";"BOULEVARD VOLTAIRE";"48,8651810";"2,3677300"
"201900018001";"4";"6";"2019";"19:00";"1";"75";"75108";"2";"2";"8";"2";"BOULEVARD HAUSSMANN";"48,8743550";"2,3227330"
"201900018002";"4";"6";"2019";"14:40";"1";"75";"75104";"2";"2";"1";"7";"PONT DE SULLY";"48,8508240";"2,3614290"
"201900018003";"3";"6";"2019";"23:45";"5";"94";"94028";"2";"3";"1";"6";"ARCOS.(RUE RENE)";"48,7779100";"2,4649300"
"201900018004";"3";"6";"2019";"07:10";"1";"94";"94041";"2";"1";"1";"3";"MARCEL BOYER (QU)";"48,8240000";"2,3900000"
"201900018005";"4";"6";"2019";"07:23";"1";"94";"94073";"2";"3";"2";"3";"JEAN JAURES (R)";"48,7665400";"2,3934200"
"201900018006";"3";"6";"2019";"04:20";"3";"93";"93064";"2";"1";"1";"6";"FERRY (RUE JULES)";"48,8756600";"2,4774400"
"201900018007";"4";"6";"2019";"13:30";"1";"93";"93064";"2";"1";"1";"3";"LISBONNE (RUE DE)";"48,8787400";"2,4754700"
"201900018008";"4";"6";"2019";"06:20";"1";"93";"93015";"2";"6";"1";"6";"JAURES RUE JEAN";"48,9144900";"2,5677500"
"201900018009";"3";"6";"2019";"17:25";"1";"93";"93027";"2";"1";"1";"3";"SALENGRO (AVENUE ROGER)";"48,9357171";"2,3830944"
"201900018010";"4";"6";"2019";"14:55";"1";"93";"93007";"2";"5";"1";"3";"PASTEUR (AVENUE)";"48,9338080";"2,4771806"
"201900018011";"4";"6";"2019";"09:53";"1";"92";"92046";"2";"1";"2";"6";"GABRIEL PERI";"48,8192990";"2,3038820"
"201900018012";"4";"6";"2019";"11:25";"1";"92";"92012";"2";"1";"1";"3";"GENERAL LECLERC (AVENUE DU) 35/FIN - 60/";"48,8308327";"2,2342965"
"201900018013";"4";"6";"2019";"09:45";"1";"92";"92012";"2";"2";"1";"4";"YVES KERMEN (RUE) 3/49 - 2/38";"48,8308002";"2,2347605"
"201900018014";"22";"6";"2019";"06:03";"2";"63";"63032";"1";"1";"1";"7";"AUBIERE (ROUTE D')";"45,7483100";"3,0944800"
"201900018015";"30";"6";"2019";"11:50";"1";"45";"45232";"2";"6";"1";"3";"GIRATOIRE D2271 - D15";"47,8403710";"1,8771379"
"201900018016";"1";"7";"2019";"00:48";"5";"45";"45147";"2";"1";"8";"6";"RUE PIERRE SEMARD";"47,9321100";"1,9042300"
"201900018017";"30";"6";"2019";"11:15";"1";"45";"45284";"2";"1";"1";"1";"AV P ET M CURIE";"47,9081841";"1,9782268"
"201900018018";"1";"7";"2019";"09:10";"1";"41";"41212";"2";"1";"1";"2";"NATIONALE (ROUTE)";"47,5694600";"1,3609600"
"201900018019";"29";"6";"2019";"10:30";"1";"41";"41295";"2";"3";"1";"3";"CHARLES DE GAULLE (AVENUE)";"47,5834300";"1,3724400"
"201900018020";"29";"6";"2019";"11:30";"1";"22";"22360";"1";"1";"1";"2";"RD700";"48,4900300";" -2,7632700"
"201900018021";"29";"6";"2019";"08:10";"1";"7";"07102";"2";"2";"1";"3";"MONTGOLFIER (RUE)";"44,9333800";"4,8737300"
"201900018022";"1";"7";"2019";"08:00";"1";"93";"93055";"2";"1";"1";"3";"GENERAL LECLERC(AVE DU)(43/87 ET 78/120)";"48,8979200";"2,4040400"
"201900018023";"1";"7";"2019";"16:55";"1";"988";"98818";"2";"9";"1";"6";"AVENUE BONAPARTE";" -22,2328500";"166,4678900"
"201900018024";"1";"7";"2019";"16:20";"1";"988";"98818";"2";"6";"1";"6";"ROUTE DE LA BAIE DES DAMES/FERNAND FOREST";" -22,2393300";"166,4480400"
"201900018025";"1";"7";"2019";"14:45";"1";"69";"69387";"2";"2";"1";"3";"DEBOURG                             (AV)";"45,7308482";"4,8352623"
"201900018026";"1";"7";"2019";"08:45";"1";"69";"69149";"2";"1";"1";"6";"PROFESSEUR CALMETTE (DU)            (R )";"45,7104700";"4,8134500"
"201900018027";"1";"7";"2019";"07:40";"1";"69";"69389";"2";"1";"1";"3";"PROFESSEUR PATEL (DU)               (R )";"45,7663800";"4,7896100"
"201900018028";"28";"6";"2019";"12:23";"1";"2B";"2B033";"2";"2";"1";"3";"SAINT VICTOR -SQUARE";"42,7025900";"9,4521100"
"201900018029";"1";"7";"2019";"15:08";"1";"971";"97101";"1";"1";"1";"2";"PERRIN (SECTEUR)";"16,2713800";" -61,5114700"
"201900018030";"30";"6";"2019";"06:50";"1";"2A";"2A004";"2";"1";"1";"1";"NAPOLEON COURS APRES BEVERINI";"41,9313790";"8,7399644"
"201900018031";"1";"7";"2019";"22:10";"2";"91";"91589";"2";"1";"1";"1";"CURIE (RUE PIERRE)";"48,6852020";"2,3517630"
"201900018032";"30";"6";"2019";"12:10";"1";"91";"91027";"2";"4";"1";"3";"FRANCOIS MITTERRAND (AVENUE)";"48,7167700";"2,3710400"
"201900018033";"26";"5";"2019";"18:10";"2";"974";"97411";"1";"1";"1";"4";"Route du Littoral";" -20,8879000";"55,3894000"
"201900018034";"24";"5";"2019";"07:35";"2";"974";"97411";"2";"1";"1";"6";"SAINT-FRANCOIS (ROUTE DE)";" -20,9140700";"55,4607600"
"201900018035";"23";"5";"2019";"15:45";"1";"974";"97411";"2";"3";"1";"1";"DODU 1 (RUE JULIETTE)";" -20,8742800";"55,4501000"
"201900018036";"23";"5";"2019";"15:15";"1";"974";"97411";"2";"1";"1";"6";"LECLERC (DU MARECHAL)";" -20,8837000";"55,4644000"
"201900018037";"22";"5";"2019";"10:30";"1";"974";"97411";"2";"3";"1";"3";"JAURES (BOULEVARD JEAN)";" -20,8888100";"55,4487500"
"201900018038";"19";"5";"2019";"16:35";"1";"974";"97411";"2";"1";"1";"3";"RIVIERE DES PLUIES (ROUTE DE LA)";" -20,9024300";"55,5031900"
"201900018039";"18";"5";"2019";"18:30";"3";"974";"97411";"1";"1";"1";"6";"COLORADO (CHEMIN DU)";" -20,9065500";"55,4248500"