"Num_Acc";"jour";"mois";"an";"hrmn";"lum";"dep";"com";"agg";"int";"atm";"col";"adr";"lat";"long"
"201900018040";"17";"5";"2019";"19:50";"2";"974";"97411";"2";"1";"1";"6";"Boulevard Jean Jaurès";" -20,8898900";"55,4528700"
"201900018041";"17";"5";"2019";"17:45";"2";"974";"97411";"2";"1";"1";"2";"JAURES (BOULEVARD JEAN)";" -20,8902200";"55,4602800"
"201900018042";"16";"5";"2019";"13:30";"1";"974";"97411";"2";"3";"1";"3";"MACE (BOULEVARD GABRIEL)";" -20,8753300";"55,4454700"
"201900018043";"16";"5";"2019";"09:20";"1";"974";"97411";"1";"1";"1";"6";"Route de la Rivière des pluies";" -20,9024300";"55,5031900"
"201900018044";"15";"5";"2019";"12:30";"1";"974";"97411";"2";"1";"1";"5";"JAURES (BOULEVARD JEAN)";" -20,8989300";"55,4779600"
"201900018045";"14";"5";"2019";"11:30";"1";"974";"97411";"2";"1";"1";"1";"MONTAGNE (ROUTE DE LA)";" -20,8862100";"55,4371900"
"201900018046";"7";"5";"2019";"19:05";"1";"974";"97411";"2";"1";"1";"6";"Avenue du maréchal de Tassigny";" -20,8882800";"55,4741100"
"201900018047";"7";"5";"2019";"17:40";"1";"974";"97411";"2";"1";"1";"6";"Rue Ambroise Croizat";" -20,9897760";"55,4887600"
"201900018048";"7";"5";"2019";"05:50";"1";"974";"97411";"2";"1";"1";"6";"Rue Malartic";" -20,8864500";"55,4520500"
"201900018049";"3";"5";"2019";"09:15";"1";"974";"97411";"2";"3";"1";"3";"JAURES (BOULEVARD JEAN)";" -20,8898700";"55,4644800"
"201900018050";"30";"4";"2019";"15:05";"1";"974";"97411";"2";"1";"1";"2";"Boulevard Lancastel";" -20,8790500";"55,4588900"
"201900018051";"30";"4";"2019";"10:15";"1";"974";"97411";"2";"1";"1";"3";"MACE (ROUTE GABRIEL)";" -20,9102800";"55,5016900"
"201900018052";"7";"5";"2019";"09:30";"1";"974";"97409";"2";"2";"2";"2";"Chemin Pente Sassy";" -20,9648700";"55,6591730"
"201900018053";"6";"5";"2019";"12:50";"1";"974";"97409";"2";"2";"1";"3";"Rue des Longanis";" -20,9729100";"55,6568500"
"201900018054";"4";"5";"2019";"09:15";"1";"974";"97409";"2";"1";"1";"6";"RN2 Sens Ste Suzanne St Benoit";" -20,9436400";"55,6491000"
"201900018055";"26";"5";"2019";"13:10";"1";"974";"97407";"2";"3";"1";"3";"DUSSAC(RUE)";" -20,9403800";"55,3030600"
"201900018056";"25";"5";"2019";"04:00";"5";"974";"97407";"2";"1";"1";"6";"Avenue du 20 décembre 1948";" -20,9379800";"55,2985400"
"201900018057";"19";"5";"2019";"17:20";"1";"974";"97407";"2";"1";"1";"4";"Avenue Politzer";" -20,9455800";"55,2930600"
"201900018058";"13";"5";"2019";"13:20";"1";"974";"97407";"2";"9";"1";"3";"PASTEUR(AVENUE)";" -20,9492100";"55,2927800"
"201900018059";"12";"5";"2019";"13:20";"1";"974";"97407";"2";"1";"1";"6";"Route de la Montagne";" -20,8862100";"55,4371900"
"201900018060";"8";"5";"2019";"15:20";"2";"974";"97407";"1";"2";"1";"2";"Rue Ambroise Croisat";" -20,9418600";"55,2885000"
"201900018061";"3";"5";"2019";"07:20";"1";"974";"97407";"2";"1";"1";"6";"14 JUILLET 1789(AVENUE DU)";" -20,9330100";"55,2934700"
"201900018062";"2";"5";"2019";"19:05";"5";"974";"97407";"2";"2";"1";"3";"FERRY (RUE)";" -20,9351000";"55,2988200"
"201900018063";"2";"5";"2019";"05:00";"5";"974";"97407";"2";"9";"1";"3";"Avenue du 20 décembre 1948";" -20,9424900";"55,2977900"
"201900018064";"1";"5";"2019";"20:30";"3";"974";"97407";"1";"1";"1";"6";"Route Nationale 1";" -20,9321800";"55,3311100"
"201900018065";"30";"4";"2019";"11:45";"1";"974";"97407";"2";"1";"1";"6";"Avenue Lénine";" -20,9416900";"55,3008100"
"201900018066";"24";"4";"2019";"21:53";"3";"974";"97407";"2";"1";"1";"7";"20 DECEMBRE 1948(AVENUE DU)";" -20,9401200";"55,2981300"
"201900018067";"29";"4";"2019";"17:20";"1";"974";"97407";"1";"1";"1";"3";"ROUTE NATIONALE N° 1";" -20,9532000";"55,3154000"
"201900018068";"29";"5";"2019";"11:05";"1";"973";"97302";"2";"9";"1";"6";"HEDER (place)";"4,9408989";" -52,3340392"
"201900018069";"27";"5";"2019";"15:00";"1";"973";"97302";"1";"1";"1";"3";"COLLERY (ZONE INDUSTRIELLE)";"4,9057633";" -52,3254776"
"201900018070";"25";"5";"2019";"10:35";"1";"973";"97302";"2";"1";"1";"3";"MONTABO (ROUTE DE) 1";"4,9427695";" -52,3060584"
"201900018071";"23";"5";"2019";"07:00";"1";"973";"97302";"2";"2";"1";"3";"CABASSOU (ROUTE DE)";"4,9192100";" -52,3176192"
"201900018072";"19";"5";"2019";"20:50";"4";"973";"97302";"2";"1";"1";"6";"HENRI QUINTRIE(RUE)";"4,9325935";" -52,3332346"
"201900018073";"19";"5";"2019";"15:30";"1";"973";"97302";"1";"2";"1";"3";"FELIX EBOUE(ROCADE)";"4,9295578";" -52,3151350"
"201900018074";"18";"5";"2019";"11:45";"1";"973";"97302";"1";"1";"1";"6";"BARRAT (DU DOCTEUR)";"4,9375319";" -52,3283208"
"201900018075";"17";"5";"2019";"13:01";"1";"973";"97302";"2";"2";"1";"3";"DE GAULLE (AVENUE)";"4,9395521";" -52,3285031"
"201900018076";"17";"5";"2019";"08:22";"1";"973";"97302";"2";"1";"1";"4";"TIGRE (ROUTE DU)";"4,9204506";" -52,3210573"
"201900018077";"15";"5";"2019";"20:50";"5";"973";"97302";"2";"1";"1";"1";"MADELEINE (ROUTE DE LA)";"4,9315674";" -52,3265505"
"201900018078";"15";"5";"2019";"18:30";"2";"973";"97302";"2";"9";"2";"3";"BADUEL (ROUTE DE)";"4,9286386";" -52,2944069"
"201900018079";"14";"5";"2019";"18:08";"1";"973";"97302";"2";"1";"1";"5";"MADELEINE (ROUTE DE LA)";"4,9158969";" -52,3212934"
"201900018080";"13";"5";"2019";"19:40";"5";"973";"97302";"1";"1";"1";"3";"MADELEINE (ROUTE DE LA)";"4,9092695";" -52,3216581"
"201900018081";"13";"5";"2019";"08:30";"1";"973";"97302";"2";"1";"1";"2";"BADUEL (ROUTE DE)";"4,9347100";" -52,3118091"
"201900018082";"11";"5";"2019";"10:30";"1";"973";"97302";"1";"3";"2";"6";"TIGRE (ROUTE DU)";"4,9174362";" -52,3129034"
"201900018083";"9";"5";"2019";"16:10";"1";"973";"97302";"2";"1";"2";"2";"EAU-LISETTE (CITE)";"4,9298037";" -52,3208535"
"201900018084";"30";"5";"2019";"02:20";"5";"69";"69383";"2";"1";"1";"2";"BONNEL (DE)                         (R )";"45,7624200";"4,8557800"
"201900018085";"29";"5";"2019";"21:40";"5";"69";"69259";"2";"1";"1";"5";"VIENNE (DE)                         (RO)";"45,7215600";"4,8543500"
"201900018086";"29";"5";"2019";"15:30";"1";"69";"69383";"2";"2";"1";"3";"CHATEAU (DU)                        (AV)";"45,7485800";"4,8837500"
"201900018087";"29";"5";"2019";"01:20";"5";"69";"69259";"2";"2";"1";"3";"CHARLES DE GAULLE                   (AV)";"45,7174700";"4,8915600"
"201900018088";"28";"5";"2019";"20:30";"1";"69";"69387";"2";"1";"1";"6";"MARCEL MERIEUX                      (R )";"45,7306000";"4,8300900"
"201900018089";"28";"5";"2019";"17:00";"1";"69";"69383";"2";"1";"1";"6";"FELIX FAURE                         (AV)";"45,7542267";"4,8639574"
"201900018090";"28";"5";"2019";"15:10";"1";"69";"69388";"2";"1";"1";"6";"PAUL CAZENEUVE                      (R )";"45,7317900";"4,8604300"
"201900018091";"28";"5";"2019";"11:35";"1";"69";"69386";"2";"1";"1";"3";"FRANKLIN ROOSEVELT                  (CO)";"45,7691100";"4,8494500"
"201900018092";"27";"5";"2019";"17:55";"1";"69";"69199";"2";"1";"1";"4";"YVES FARGE                          (BD)";"45,6946499";"4,8594224"
"201900018093";"27";"5";"2019";"11:45";"1";"69";"69259";"2";"1";"1";"6";"PAUL BERT                           (R )";"45,7002575";"4,8853862"
"201900018094";"26";"5";"2019";"17:45";"1";"69";"69383";"2";"1";"1";"3";"GEORGES POMPIDOU                    (R )";"45,7593300";"4,8691300"
"201900018095";"25";"5";"2019";"21:15";"5";"69";"69199";"1";"1";"2";"3";"FRERES PERRET                       (AV)";"45,6940000";"4,8450000"
"201900018096";"25";"5";"2019";"20:20";"2";"69";"69387";"2";"2";"1";"5";"UNIVERSITE (DE L')                  (R )";"45,7492500";"4,8419500"
"201900018097";"25";"5";"2019";"19:20";"1";"69";"69383";"2";"2";"1";"3";"BONNEL (DE)                         (R )";"45,7616200";"4,8453400"
"201900018098";"25";"5";"2019";"17:20";"1";"69";"69386";"2";"1";"1";"6";"LAFAYETTE                           (CO)";"45,7636560";"4,8545730"
"201900018099";"25";"5";"2019";"10:40";"1";"69";"69383";"2";"2";"1";"3";"TRARIEUX                            (R )";"45,7454200";"4,8877000"
"201900018100";"25";"5";"2019";"01:40";"5";"69";"69387";"2";"1";"1";"7";"GAMBETTA                            (CO)";"45,7539040";"4,8470003"
"201900018101";"24";"5";"2019";"04:10";"5";"69";"69383";"2";"1";"1";"7";"LACASSAGNE                          (AV)";"45,7565600";"4,8632820"
"201900018102";"24";"5";"2019";"19:05";"1";"69";"69199";"2";"3";"1";"3";"PAUL VAILLANT COUTURIER             (R )";"45,7095300";"4,8619400"
"201900018103";"24";"5";"2019";"16:10";"1";"69";"69259";"2";"3";"1";"3";"OSCHATZ (D')                        (AV)";"45,6952100";"4,8802800"
"201900018104";"24";"5";"2019";"12:00";"1";"69";"69388";"2";"2";"1";"3";"ALBERT THOMAS                       (CO)";"45,7469700";"4,8670700"
"201900018105";"24";"5";"2019";"08:45";"1";"69";"69383";"2";"1";"1";"5";"GARIBALDI                           (R )";"45,7583716";"4,8524380"
"201900018106";"23";"5";"2019";"21:30";"5";"69";"69383";"2";"1";"1";"7";"ETIENNE RICHERAND                   (R )";"45,7615769";"4,8665480"
"201900018107";"23";"5";"2019";"14:30";"1";"69";"69387";"2";"1";"1";"6";"GUILLOTIERE (DE LA)                 (GR)";"45,7526300";"4,8458300"
"201900018108";"23";"5";"2019";"16:00";"1";"69";"69387";"2";"2";"1";"3";"MONTESQUIEU                         (R )";"45,7513400";"4,8449400"
"201900018109";"23";"5";"2019";"10:00";"1";"69";"69387";"2";"1";"1";"6";"BERTHELOT                           (AV)";"45,7414500";"4,8535200"
"201900018110";"22";"5";"2019";"17:35";"1";"69";"69388";"2";"9";"1";"6";"PROFESSEUR BEAUVISAGE (DU)          (R )";"45,7297100";"4,8686700"
"201900018111";"22";"5";"2019";"15:35";"1";"69";"69259";"2";"1";"1";"3";"VIENNE (DE)                         (RO)";"45,7318547";"4,8535055"
"201900018112";"22";"5";"2019";"14:15";"1";"69";"69259";"2";"2";"1";"3";"PARILLY (DE)                        (BD)";"45,7177100";"4,9092500"
"201900018113";"21";"5";"2019";"10:20";"1";"69";"69383";"2";"2";"1";"6";"FELIX FAURE                         (AV)";"45,7528813";"4,8534606"
"201900018114";"21";"5";"2019";"06:20";"2";"69";"69259";"1";"6";"1";"7";"JODINO (DE)                         (BD)";"45,6876400";"4,8852900"
"201900018115";"18";"5";"2019";"20:20";"1";"69";"69388";"2";"3";"2";"6";"PROFESSEUR JOSEPH NICOLAS (DU)      (R )";"45,7313100";"4,8798100"
"201900018116";"20";"5";"2019";"08:30";"1";"69";"69387";"2";"1";"1";"6";"LECLERC                             (AV)";"45,7442724";"4,8303424"
"201900018117";"20";"5";"2019";"01:40";"5";"69";"69259";"2";"3";"1";"3";"CHARLES DE GAULLE                   (AV)";"45,7173200";"4,8915400"
"201900018118";"19";"5";"2019";"02:45";"5";"69";"69387";"2";"2";"2";"3";"TONY GARNIER                        (AV)";"45,7299500";"4,8239300"
"201900018119";"18";"5";"2019";"19:15";"1";"69";"69259";"2";"9";"2";"6";"LENINE                              (BD)";"45,6911826";"4,8657256"
"201900018120";"18";"5";"2019";"04:30";"5";"69";"69387";"2";"2";"2";"3";"JEAN JAURES                         (AV)";"45,7381100";"4,8377800"
"201900018121";"16";"5";"2019";"12:20";"1";"69";"69259";"2";"1";"1";"2";"LOUIS JOUVET                        (R )";"45,7140820";"4,8774865"
"201900018122";"16";"5";"2019";"22:10";"5";"69";"69387";"2";"2";"1";"3";"JEAN JAURES                         (AV)";"45,7427100";"4,8402600"
"201900018123";"16";"5";"2019";"13:10";"1";"69";"69386";"2";"1";"1";"1";"GARIBALDI                           (R )";"45,7685200";"4,8505500"
"201900018124";"15";"5";"2019";"18:45";"1";"69";"69388";"2";"1";"1";"6";"ST HIPPOLYTE                        (R )";"45,7466100";"4,8640900"
"201900018125";"15";"5";"2019";"15:17";"1";"69";"69387";"2";"1";"1";"6";"BERTHELOT                           (AV)";"45,7434800";"4,8472100"
"201900018126";"15";"5";"2019";"11:50";"1";"69";"69259";"2";"1";"1";"3";"MARCEL SEMBAT                       (BD)";"45,7133500";"4,8773500"
"201900018127";"14";"5";"2019";"21:45";"5";"69";"69388";"2";"2";"1";"1";"FRERES LUMIERE (DES)                (AV)";"45,7433200";"4,8742600"
"201900018128";"14";"5";"2019";"21:10";"5";"69";"69387";"2";"1";"1";"6";"AGUESSEAU (D')                      (R )";"45,7546200";"4,8396200"
"201900018129";"14";"5";"2019";"08:00";"1";"69";"69388";"2";"3";"1";"3";"ALBERT THOMAS                       (CO)";"45,7443600";"4,8745500"
"201900018130";"13";"5";"2019";"23:55";"5";"69";"69387";"2";"2";"1";"3";"VIENNE (DE)                         (RO)";"45,7423613";"4,8506751"
"201900018131";"10";"5";"2019";"13:55";"1";"69";"69386";"2";"2";"1";"3";"BUGEAUD                             (R )";"45,7658290";"4,8425406"
"201900018132";"12";"5";"2019";"20:25";"2";"69";"69383";"2";"2";"1";"3";"CHATEAU (DU)                        (AV)";"45,7485800";"4,8837500"
"201900018133";"12";"5";"2019";"17:20";"1";"69";"69383";"2";"2";"1";"3";"PENSIONNAT (DU)                     (R )";"45,7549800";"4,8560400"
"201900018134";"11";"5";"2019";"23:40";"5";"69";"69199";"2";"1";"2";"2";"CARNOT                              (R )";"45,7080500";"4,8587200"
"201900018135";"10";"5";"2019";"19:40";"1";"69";"69383";"2";"1";"1";"3";"GEORGES POMPIDOU                    (R )";"45,7593862";"4,8685648"
"201900018136";"10";"5";"2019";"12:50";"1";"69";"69383";"2";"2";"1";"2";"CHATEAU (DU)                        (AV)";"45,7485800";"4,8837500"
"201900018137";"10";"5";"2019";"08:00";"1";"69";"69387";"2";"2";"1";"2";"CLAUDE BERNARD                      (QU)";"45,7519200";"4,8369000"
"201900018138";"9";"5";"2019";"19:35";"1";"69";"69386";"2";"1";"2";"3";"DUQUESNE                            (R )";"45,7724700";"4,8415800"
"201900018139";"9";"5";"2019";"10:40";"1";"69";"69386";"2";"2";"1";"3";"DUQUESNE                            (R )";"45,7725600";"4,8430100"
"201900018140";"8";"5";"2019";"20:15";"1";"69";"69386";"2";"2";"2";"5";"GERMAIN                             (R )";"45,7652424";"4,8679608"
"201900018141";"9";"5";"2019";"07:40";"1";"69";"69386";"2";"2";"1";"3";"STALINGRAD (DE)                     (BD)";"45,7700500";"4,8584800"
"201900018142";"8";"5";"2019";"05:10";"5";"69";"69386";"2";"1";"2";"6";"GRANDE BRETAGNE (DE)                (AV)";"45,7767102";"4,8441929"
"201900018143";"7";"5";"2019";"18:30";"1";"69";"69383";"2";"1";"1";"3";"FELIX FAURE                         (AV)";"45,7548500";"4,8689900"
"201900018144";"6";"5";"2019";"21:50";"5";"69";"69383";"2";"2";"1";"7";"DUGUESCLIN                          (R )";"45,7568171";"4,8496431"
"201900018145";"6";"5";"2019";"16:40";"1";"69";"69199";"2";"1";"1";"6";"YVES FARGE                          (BD)";"45,6979100";"4,8579400"
"201900018146";"6";"5";"2019";"13:00";"1";"69";"69388";"2";"1";"1";"1";"STEPHANE COIGNET                    (R )";"45,7263700";"4,8745600"
"201900018147";"5";"5";"2019";"15:45";"1";"69";"69383";"2";"2";"8";"3";"VILLEROY                            (R )";"45,7562000";"4,8461700"
"201900018148";"4";"5";"2019";"14:40";"1";"69";"69387";"2";"2";"8";"3";"MARSEILLE (DE)                      (R )";"45,7460600";"4,8362300"
"201900018149";"3";"5";"2019";"15:52";"1";"69";"69383";"2";"1";"1";"6";"MONCEY                              (R )";"45,7556500";"4,8438600"
"201900018150";"3";"5";"2019";"13:22";"1";"69";"69383";"2";"1";"1";"3";"VICTOR AUGAGNEUR                    (QU)";"45,7630102";"4,8413582"
"201900018151";"2";"5";"2019";"21:50";"5";"69";"69386";"2";"2";"1";"3";"CREQUI (DE)                         (R )";"45,7669900";"4,8463900"
"201900018152";"2";"5";"2019";"18:10";"1";"69";"69259";"2";"1";"1";"6";"SAVOIES (DES)                       (AL)";"45,7169300";"4,8590500"
"201900018153";"2";"5";"2019";"16:47";"1";"69";"69199";"2";"1";"1";"6";"JEAN JAURES                         (AV)";"45,7128100";"4,8549800"
"201900018154";"2";"5";"2019";"16:50";"1";"69";"69387";"2";"9";"1";"6";"GUILLOTIERE (DE LA)                 (GR)";"45,7488800";"4,8536400"
"201900018155";"2";"5";"2019";"07:45";"1";"69";"69386";"2";"1";"1";"3";"JULIETTE RECAMIER                   (R )";"45,7658739";"4,8557049"
"201900018156";"1";"5";"2019";"22:20";"5";"69";"69383";"2";"9";"1";"6";"VICTOR AUGAGNEUR                    (QU)";"45,7566974";"4,8405880"
"201900018157";"1";"5";"2019";"16:50";"1";"69";"69388";"2";"2";"1";"1";"AMBROISE COURTOIS                   (PL)";"45,7456000";"4,8712700"
"201900018158";"1";"5";"2019";"15:30";"1";"69";"69259";"2";"1";"1";"6";"CHARLES DE GAULLE                   (AV)";"45,7166300";"4,8931500"
"201900018159";"1";"5";"2019";"00:05";"5";"69";"69388";"2";"1";"1";"7";"VIVIANI                             (AV)";"45,7251100";"4,8689800"
"201900018160";"30";"4";"2019";"23:30";"5";"69";"69259";"2";"3";"1";"1";"IRENE JOLIOT CURIE                  (BD)";"45,7182700";"4,8759600"
"201900018161";"30";"4";"2019";"20:20";"1";"69";"69387";"2";"2";"1";"3";"JEAN MARIE CHAVANT                  (R )";"45,7522400";"4,8472200"
"201900018162";"30";"4";"2019";"16:40";"1";"69";"69388";"2";"1";"1";"6";"BERTHELOT                           (AV)";"45,7365200";"4,8692200"
"201900018163";"30";"4";"2019";"14:35";"1";"69";"69386";"2";"2";"1";"6";"DUQUESNE                            (R )";"45,7725100";"4,8429200"
"201900018164";"30";"4";"2019";"12:00";"1";"69";"69383";"2";"2";"1";"3";"LAFAYETTE                           (CO)";"45,7637700";"4,8611500"
"201900018165";"30";"4";"2019";"08:45";"1";"69";"69387";"2";"1";"1";"6";"VICTORIEN SARDOU                    (R )";"45,7400000";"4,8500000"
"201900018166";"30";"4";"2019";"07:40";"1";"69";"69383";"2";"2";"1";"1";"ALBERT THOMAS                       (CO)";"45,7435755";"4,8769721"
"201900018167";"29";"4";"2019";"16:15";"1";"69";"69387";"1";"1";"1";"2";"VIENNE (DE)                         (RO)";"45,7404800";"4,8515500"
"201900018168";"25";"5";"2019";"17:20";"1";"972";"97213";"1";"1";"1";"6";"ROUTE DEPARTEMENTALE 14";"14,6205360";" -61,0208100"
"201900018169";"17";"5";"2019";"19:55";"1";"972";"97213";"1";"3";"1";"3";"ROUTE DEPARTEMENTALE 3";"14,6400000";" -60,9920000"
"201900018170";"10";"5";"2019";"20:20";"3";"972";"97213";"2";"1";"1";"6";"ROUTE DEPARTEMENTALE 14";"14,6251860";" -61,0185060"
"201900018171";"9";"5";"2019";"10:00";"1";"972";"97213";"2";"1";"1";"3";"ROUTE DEPARTEMENTALE 13";"14,6266980";" -61,0082020"
"201900018172";"8";"5";"2019";"21:50";"3";"972";"97213";"1";"1";"1";"2";"ROUTE NATIONALE 1";"14,6325400";" -60,9777300"
"201900018173";"7";"5";"2019";"22:40";"5";"972";"97213";"1";"1";"1";"2";"AUTOROUTE A1";"14,6180400";" -61,0288300"
"201900018174";"7";"5";"2019";"18:15";"5";"972";"97213";"1";"9";"1";"3";"VIEUX CHEMIN CALIFORNIE (RUE DU)";"14,6198030";" -61,0322380"
"201900018175";"6";"5";"2019";"12:05";"1";"972";"97213";"2";"1";"1";"2";"ROUTE DEPARTEMENTALE 14";"14,6207600";" -61,0205200"
"201900018176";"7";"5";"2019";"05:45";"1";"972";"97213";"2";"1";"1";"6";"ROUTE DEPARTEMENTALE 15";"14,6110110";" -61,0044690"
"201900018177";"29";"4";"2019";"15:12";"1";"972";"97213";"2";"3";"1";"3";"24 MARS 1961 (RUE DU)";"14,6154200";" -61,0008700"
"201900018178";"29";"4";"2019";"11:30";"1";"972";"97213";"1";"9";"1";"6";"ROUTE NATIONALE 5";"14,5960170";" -60,9882480"
"201900018179";"29";"5";"2019";"10:40";"1";"972";"97209";"1";"1";"1";"2";"Bretelle sortie A1";"14,6145500";" -61,0497300"
"201900018180";"27";"5";"2019";"08:45";"1";"972";"97209";"2";"1";"1";"6";"CHATEAUBOEUF (ROUTE DE)";"14,6202500";" -61,0435000"
"201900018181";"24";"5";"2019";"09:10";"1";"972";"97209";"2";"3";"1";"2";"LEOPOLD BISSOL (BOULEVARD)";"14,6154090";" -61,0724710"
"201900018182";"23";"5";"2019";"17:00";"2";"972";"97209";"2";"9";"1";"6";"SUD DEBRIANT (BOULEVARD HUGUES";"14,6263200";" -61,0682300"
"201900018183";"20";"5";"2019";"15:25";"1";"972";"97209";"2";"1";"1";"5";"ENTRAIDE (ROUTE DE L')";"14,6237650";" -61,0551840"
"201900018184";"20";"5";"2019";"14:00";"1";"972";"97209";"2";"1";"1";"6";"FRANCOIS ARAGO (RUE)";"14,6074100";" -61,0724100"
"201900018185";"19";"5";"2019";"22:25";"5";"972";"97209";"2";"1";"1";"7";"RN9";"14,5993200";" -61,0507000"
"201900018186";"14";"5";"2019";"15:45";"1";"972";"97209";"1";"1";"1";"2";"BALATA (ROUTE DE)";"14,6223400";" -61,0721600"
"201900018187";"11";"5";"2019";"08:15";"1";"972";"97209";"2";"3";"1";"6";"LAMARTINE (RUE)";"14,6064200";" -61,0730700"
"201900018188";"11";"5";"2019";"00:30";"5";"972";"97209";"2";"1";"1";"6";"JEAN JAURES (AVENUE)";"14,6107900";" -61,0709800"
"201900018189";"9";"5";"2019";"07:40";"1";"972";"97209";"2";"1";"1";"6";"SOLEIL LEVANT (BOULEVARD DU)";"14,6223000";" -61,0390000"
"201900018190";"7";"5";"2019";"15:50";"1";"972";"97209";"1";"1";"1";"2";"AUTOROUTE (A1)";"14,6182820";" -61,0373770"
"201900018191";"7";"5";"2019";"09:35";"1";"972";"97209";"1";"1";"1";"6";"BALATA (ROUTE DE)";"14,6353800";" -61,0726000"
"201900018192";"5";"5";"2019";"03:00";"4";"972";"97209";"2";"1";"1";"6";"POINTE DES NEGRES RD53 (BOULEVARD)";"14,6056670";" -61,0873260"
"201900018193";"30";"4";"2019";"11:50";"1";"972";"97209";"2";"3";"1";"6";"FONTANE (CHEMIN DE LA)";"14,6360000";" -61,0706900"
"201900018194";"29";"4";"2019";"15:20";"1";"972";"97209";"2";"6";"1";"3";"BISHOP (Avenue Maurice)";"14,6127200";" -61,0529100"
"201900018195";"25";"4";"2019";"14:10";"1";"972";"97209";"1";"3";"1";"1";"SOLEIL LEVANT (BOULEVARD DU)";"14,6260800";" -61,0389700"
"201900018196";"29";"5";"2019";"08:55";"1";"69";"69389";"2";"3";"1";"3";"COMMERCE (DU)                       (QU)";"45,7841000";"4,8121000"
"201900018197";"29";"5";"2019";"02:20";"5";"69";"69382";"2";"1";"1";"1";"ST ANTOINE                          (QU)";"45,7616844";"4,8316387"
"201900018198";"28";"5";"2019";"14:15";"1";"69";"69381";"2";"1";"1";"3";"ANDRE LASSAGNE                      (QU)";"45,7715000";"4,8383700"
"201900018199";"27";"5";"2019";"15:10";"1";"69";"69081";"2";"1";"1";"6";"GUY DE COLLONGUE    AV";"45,7824600";"4,7663600"
"201900018200";"27";"5";"2019";"12:55";"1";"69";"69382";"2";"2";"1";"3";"JEAN MOULIN                         (QU)";"45,7661762";"4,8381187"
"201900018201";"26";"5";"2019";"19:18";"1";"69";"69081";"2";"1";"1";"2";"SOURCES (DES)                       (AV)";"45,7921500";"4,7829000"
"201900018202";"25";"5";"2019";"18:45";"1";"69";"69034";"2";"1";"1";"6";"NOBERTO GOMES MOREIRA               (CH)";"45,7876500";"4,8611000"
"201900018203";"26";"5";"2019";"13:30";"1";"69";"69389";"2";"1";"1";"6";"MARIETTON                           (R )";"45,7756000";"4,8035800"
"201900018204";"25";"5";"2019";"11:20";"1";"69";"69389";"2";"5";"7";"3";"MONT D'OR (DU)                      (R )";"45,7750000";"4,8070000"
"201900018205";"23";"5";"2019";"18:35";"1";"69";"69382";"2";"3";"1";"3";"DELANDINE                           (R )";"45,7400000";"4,8200000"
"201900018206";"23";"5";"2019";"22:55";"5";"69";"69382";"2";"1";"1";"3";"SUCHET                              (CO)";"45,7459183";"4,8260316"
"201900018207";"23";"5";"2019";"18:00";"1";"69";"69389";"2";"1";"1";"6";"ST CYR (DE)                         (R )";"45,7888800";"4,8076000"
"201900018208";"23";"5";"2019";"13:30";"1";"69";"69034";"2";"3";"1";"3";"ST CLAIR (DE)                       (GR)";"45,7912400";"4,8607600"
"201900018209";"22";"5";"2019";"12:30";"1";"69";"69384";"2";"3";"1";"6";"CANUTS (DES)                        (BD)";"45,7752000";"4,8301900"
"201900018210";"21";"5";"2019";"16:10";"1";"69";"69385";"2";"1";"1";"6";"GARENNE (DE LA)                     (R )";"45,7507000";"4,7731000"