"Num_Acc";"jour";"mois";"an";"hrmn";"lum";"dep";"com";"agg";"int";"atm";"col";"adr";"lat";"long"
"201900018211";"21";"5";"2019";"13:45";"1";"69";"69149";"2";"7";"1";"1";"JEAN JAURES                         (AV)";"45,7142100";"4,8194000"
"201900018212";"21";"5";"2019";"08:40";"1";"69";"69149";"2";"1";"1";"6";"PIERRE SEMARD                       (R )";"45,7138184";"4,8158598"
"201900018213";"20";"5";"2019";"23:00";"5";"69";"69382";"2";"1";"1";"6";"TILSITT                             (QU)";"45,7547300";"4,8258800"
"201900018214";"18";"5";"2019";"19:30";"1";"69";"69286";"2";"1";"2";"3";"MERCIERES (DES)                     (R )";"45,8153000";"4,8735700"
"201900018215";"18";"5";"2019";"10:15";"1";"69";"69382";"2";"1";"1";"2";"BELLECOUR                           (PL)";"45,7570000";"4,8305500"
"201900018216";"17";"5";"2019";"20:35";"2";"69";"69389";"2";"2";"2";"3";"PIERRE TERMIER                      (R )";"45,8054700";"4,8379200"
"201900018217";"15";"5";"2019";"12:40";"1";"69";"69382";"2";"1";"1";"2";"GASPARIN                            (R )";"45,7584000";"4,8331300"
"201900018218";"16";"5";"2019";"07:23";"1";"69";"69385";"2";"2";"1";"3";"JOLIOT CURIE                        (R )";"45,7530000";"4,7732000"
"201900018219";"16";"5";"2019";"12:00";"1";"69";"69286";"2";"1";"1";"3";"HIPPODROME (DE L')                  (AV)";"45,8137000";"4,8821000"
"201900018220";"18";"11";"2019";"17:55";"5";"69";"69389";"2";"9";"1";"6";"ABBE PIERRE                        (PL)";"45,7859700";"4,7966100"
"201900018221";"18";"11";"2019";"16:30";"1";"69";"69152";"2";"1";"1";"3";"EUROPE (DE L')                      (BD)";"45,6941200";"4,8272600"
"201900018222";"18";"11";"2019";"12:15";"1";"2B";"2B033";"2";"1";"2";"2";"SAMPIERO CORSO - AV";"42,6765637";"9,4442887"
"201900018223";"17";"11";"2019";"04:10";"5";"971";"97101";"1";"1";"1";"2";"RN1-  HAUTEUR DE SORTIE LAURICISQUE";"16,2533000";" -61,5437200"
"201900018224";"18";"11";"2019";"14:20";"1";"2A";"2A004";"2";"1";"2";"1";"T21";"41,9299000";"8,7578000"
"201900018225";"18";"11";"2019";"18:30";"5";"95";"95127";"2";"1";"2";"6";"EMBELLIE (AVENUE DE L')";"49,0462800";"2,0291700"
"201900018226";"18";"11";"2019";"17:20";"5";"91";"91589";"2";"3";"2";"3";"FROMENTEAU (AVENUE)";"48,6885280";"2,3688830"
"201900018227";"18";"11";"2019";"07:50";"2";"88";"88160";"2";"2";"4";"6";"BRIAND (RUE ARISTIDE-)";"48,1730000";"6,4511000"
"201900018228";"16";"11";"2019";"20:23";"5";"87";"87085";"2";"6";"3";"7";"EUROPE (CARREFOUR DE L')";"45,8613300";"1,2751700"
"201900018229";"14";"11";"2019";"11:15";"1";"84";"84087";"2";"2";"3";"6";"DALADIER (BD EDOUARD)";"44,1375800";"4,8108700"
"201900018230";"15";"11";"2019";"09:30";"1";"83";"83129";"2";"9";"1";"3";"MAJOR ROBINSON (ROND POINT)";"43,0946200";"5,8336400"
"201900018231";"16";"11";"2019";"18:30";"3";"83";"83009";"1";"1";"1";"4";"BEAUSSET (ROUTE DU)";"43,1588000";"5,7651000"
"201900018232";"15";"11";"2019";"18:30";"5";"80";"80021";"1";"1";"2";"6";"SAINT MAURICE (RUE)";"49,9042200";"2,2883200"
"201900018233";"16";"11";"2019";"22:30";"5";"76";"76351";"2";"2";"1";"3";"REPUBLIQUE (COURS DE LA)";"49,4997400";"0,1299200"
"201900018234";"15";"11";"2019";"15:45";"1";"76";"76447";"2";"3";"1";"6";"PRESIDENT WILSON";"49,5430000";"0,1819000"
"201900018235";"17";"11";"2019";"05:00";"5";"76";"76351";"1";"1";"1";"6";"CHRISTOPHE COLOMB (AVENUE)";"49,4810000";"0,1506000"
"201900018236";"17";"11";"2019";"10:25";"1";"76";"76447";"1";"1";"1";"6";"RD 489";"49,5337400";"0,1889300"
"201900018237";"18";"11";"2019";"07:45";"1";"69";"69029";"2";"1";"1";"6";"FRANKLIN ROOSEVELT                  (AV)";"45,7371000";"4,8982000"
"201900018238";"17";"11";"2019";"21:10";"5";"67";"67482";"2";"1";"2";"1";"MATHIAS GRUNEWALD (RUE)";"48,5665100";"7,7232300"
"201900018239";"16";"11";"2019";"18:20";"5";"67";"67482";"2";"1";"1";"6";"HECHNER (RUE)";"48,6126360";"7,7758130"
"201900018240";"16";"11";"2019";"23:15";"5";"67";"67482";"2";"3";"1";"3";"SCHIRMECK (ROUTE DE)";"48,5656190";"7,7073350"
"201900018241";"15";"11";"2019";"17:34";"1";"66";"66136";"2";"1";"1";"3";"CLEMENCEAU (BOULEVARD)";"42,7009350";"2,8921420"
"201900018242";"15";"11";"2019";"18:54";"5";"66";"66136";"2";"1";"1";"6";"BALEARES ROND POINT ET CITE DES";"42,6885500";"2,8950900"
"201900018243";"18";"11";"2019";"16:10";"1";"64";"64445";"2";"1";"1";"6";"MARECHAL LECLERC DU";"43,3051300";" -0,3401600"
"201900018244";"18";"11";"2019";"19:35";"5";"60";"60159";"2";"1";"2";"1";"Départementale 1131";"49,3919440";"2,7972765"
"201900018245";"24";"10";"2019";"20:30";"5";"59";"59017";"2";"2";"2";"6";"EUROPE  (AVENUE DE L')";"50,6913400";"2,8729100"
"201900018246";"15";"11";"2019";"19:10";"5";"58";"58194";"2";"1";"2";"6";"REPUBLIQUE (BOULEVARD)";"46,9915000";"3,1703000"
"201900018247";"15";"11";"2019";"16:00";"1";"56";"56083";"2";"6";"1";"3";"GARDELOUPE ( R-P DE LA )";"47,8059500";" -3,2598800"
"201900018248";"17";"11";"2019";"12:00";"1";"54";"54357";"2";"2";"2";"3";"REPUBLIQUE (RUE DE LA)";"48,7108210";"6,1472030"
"201900018249";"16";"11";"2019";"17:20";"2";"54";"54382";"2";"1";"1";"7";"JEAN MOULIN (RUE)";"49,5459750";"5,7808190"
"201900018250";"18";"11";"2019";"17:40";"5";"51";"51454";"2";"1";"2";"7";"BOULEVARD CHARLES ARNOULD";"49,2668700";"4,0161500"
"201900018251";"13";"11";"2019";"20:40";"5";"50";"50218";"2";"2";"3";"2";"MATIGNON (AV DES)";"48,8361830";" -1,5706580"
"201900018252";"15";"11";"2019";"11:05";"1";"50";"50129";"2";"1";"1";"2";"LEMONNIER (AVENUE AMIRAL)";"49,6345000";" -1,6108000"
"201900018253";"15";"11";"2019";"15:27";"1";"49";"49007";"2";"1";"2";"2";"MOULIN PONT ET PLACE";"47,4891000";" -0,5460900"
"201900018254";"15";"11";"2019";"11:01";"1";"49";"49007";"2";"1";"1";"6";"LAVOISIER BOULEVARD";"47,4799257";" -0,6008569"
"201900018255";"15";"11";"2019";"20:37";"5";"49";"49267";"2";"1";"2";"7";"MONTAIGNE AVENUE";"47,4662800";" -0,5164100"
"201900018256";"15";"11";"2019";"17:55";"5";"49";"49353";"2";"1";"3";"6";"REPUBLIQUE AVENUE";"47,4464000";" -0,4974100"
"201900018257";"18";"11";"2019";"17:00";"2";"46";"46042";"2";"9";"1";"4";"Départementale 820";"44,4667230";"1,4265410"
"201900018258";"18";"11";"2019";"21:20";"5";"44";"44109";"2";"6";"1";"3";"ROND-POINT DE RENNES (BELLAMY/LELASSEUR)";"47,2331500";" -1,5658300"
"201900018259";"18";"11";"2019";"18:15";"5";"35";"35238";"2";"2";"1";"3";"DUPARC (RUE POULLAIN)";"48,1086000";" -1,6819000"
"201900018260";"18";"11";"2019";"12:35";"1";"35";"35278";"1";"1";"1";"5";"GUE MARY  (LIEU DIT)";"48,1558319";" -1,7002590"
"201900018261";"5";"11";"2019";"19:00";"5";"33";"33063";"2";"2";"2";"5";"ALBERT 1ER (BD )";"44,8146900";" -0,5723600"
"201900018262";"18";"11";"2019";"07:35";"1";"31";"31157";"2";"1";"1";"6";"CHE DE TUCAUT";"43,5536100";"1,3748600"
"201900018263";"16";"11";"2019";"13:15";"1";"31";"31555";"2";"1";"1";"6";"CHE DE GABARDIE";"43,6303100";"1,4823100"
"201900018264";"16";"11";"2019";"00:55";"5";"31";"31555";"2";"1";"2";"7";"PL SAINT ETIENNE";"43,5999500";"1,4491000"
"201900018265";"18";"11";"2019";"14:30";"1";"29";"29039";"1";"2";"1";"3";"LANRIEC ( RUE DE )";"47,8691886";" -3,8960068"
"201900018266";"18";"11";"2019";"12:30";"1";"29";"29019";"1";"1";"1";"4";"RN 12";"48,4193000";" -4,4783000"
"201900018267";"18";"11";"2019";"12:45";"1";"29";"29019";"2";"1";"1";"2";"TARENTE";"48,4029700";" -4,5076100"
"201900018268";"15";"11";"2019";"21:40";"5";"19";"19031";"1";"3";"1";"3";"RIBOT (AVENUE)";"45,1647200";"1,5132000"
"201900018269";"15";"11";"2019";"13:40";"1";"19";"19031";"2";"1";"1";"3";"CHAMPOLLION (RUE)";"45,1690100";"1,5440300"
"201900018270";"18";"11";"2019";"08:00";"2";"19";"19031";"2";"1";"1";"6";"DORMOY (BOULEVARD MARX)";"45,1676500";"1,5410100"
"201900018271";"15";"11";"2019";"07:35";"2";"19";"19031";"2";"1";"1";"4";"GOUDOUX (RUE JEAN)";"45,1560900";"1,5043000"
"201900018272";"14";"11";"2019";"17:20";"1";"19";"19031";"2";"1";"2";"2";"BLANC (BOULEVARD LOUIS)";"45,1553800";"1,5259500"
"201900018273";"18";"11";"2019";"18:10";"5";"17";"17300";"2";"6";"1";"3";"DENFERT-ROCHEREAU   AVENUE (15)";"46,1646100";" -1,1977900"
"201900018274";"19";"11";"2019";"00:50";"5";"13";"13208";"2";"1";"1";"2";"SCHLOESING (BOULEVARD)";"43,2769200";"5,4062300"
"201900018275";"18";"11";"2019";"18:00";"5";"13";"13208";"2";"1";"1";"3";"ALAIN SAVARY (ROND-POINT)";"43,2724940";"5,3913260"
"201900018276";"18";"11";"2019";"14:10";"1";"13";"13210";"2";"1";"1";"1";"TIMONE (AVENUE DE LA)";"43,2862900";"5,4070600"
"201900018277";"17";"11";"2019";"19:50";"5";"11";"11262";"2";"1";"1";"6";"GAMBETTA (BOULEVARD)";"43,1830500";"3,0078400"
"201900018278";"16";"11";"2019";"11:07";"1";"11";"11262";"2";"3";"1";"3";"NADIERE PLAN DE LA)";"43,1845700";"2,9830600"
"201900018279";"17";"11";"2019";"12:03";"1";"10";"10387";"2";"1";"5";"3";"COMTE HENRI( RUE)";"48,2970400";"4,0796500"
"201900018280";"18";"11";"2019";"09:30";"1";"6";"06088";"2";"1";"1";"2";"TURIN (RTE DE)";"43,7322200";"7,2906300"
"201900018281";"17";"11";"2019";"16:00";"1";"6";"06069";"2";"1";"1";"1";"PAOUTE (ROUTE ET TRAVERSE DE LA)";"43,6329790";"6,9576000"
"201900018282";"17";"11";"2019";"15:25";"1";"5";"05061";"2";"1";"1";"6";"SAGNIERES ( RUE DES )";"44,5503600";"6,0664100"
"201900018283";"18";"11";"2019";"07:48";"2";"2";"02408";"2";"1";"1";"6";"WINSTON CHURCHILL (RUE)";"49,5694400";"3,6371900"
"201900018284";"18";"11";"2019";"13:30";"1";"1";"01053";"2";"2";"1";"2";"MONTHOLON (RUE) IMPAIR";"46,1967802";"5,2104407"
"201900018285";"18";"11";"2019";"08:00";"1";"75";"75118";"2";"1";"1";"2";"BD PERIPHERIQUE INTERIEUR";"48,9010410";"2,3507640"
"201900018286";"17";"11";"2019";"14:45";"1";"75";"75116";"2";"2";"1";"6";"ALLEE DE LONGCHAMP";"48,8635502";"2,2390223"
"201900018287";"17";"11";"2019";"03:35";"5";"75";"75110";"2";"2";"1";"3";"BOULEVARD DE STRASBOURG";"48,8748112";"2,3573878"
"201900018288";"18";"11";"2019";"09:45";"1";"75";"75114";"2";"1";"1";"6";"AVENUE DENFERT ROCHEREAU";"48,8367380";"2,3346850"
"201900018289";"18";"11";"2019";"17:40";"5";"75";"75113";"2";"4";"1";"3";"PORTE D ITALIE";"48,8157619";"2,3607078"
"201900018290";"18";"11";"2019";"12:45";"1";"75";"75113";"2";"3";"8";"6";"RUE DE LA MAISON BLANCHE";"48,8261605";"2,3586391"
"201900018291";"18";"11";"2019";"23:50";"5";"75";"75113";"2";"3";"1";"2";"QUAI PANHARD ET LEVASSOR";"48,8280850";"2,3849040"
"201900018292";"17";"11";"2019";"22:30";"5";"75";"75111";"2";"2";"1";"7";"BOULEVARD RICHARD LENOIR";"48,8642080";"2,3711970"
"201900018293";"18";"11";"2019";"20:00";"5";"75";"75110";"2";"5";"2";"2";"BOULEVARD DE MAGENTA";"48,8804952";"2,3522800"
"201900018294";"18";"11";"2019";"17:30";"5";"75";"75110";"2";"1";"2";"7";"BOULEVARD DE LA VILLETTE";"48,8727348";"2,3760498"
"201900018295";"18";"11";"2019";"12:50";"1";"75";"75108";"2";"1";"2";"6";"RUE LA BOETIE";"48,8735081";"2,3134857"
"201900018296";"18";"11";"2019";"16:55";"2";"75";"75104";"2";"2";"2";"6";"PONT DE SULLY";"48,8508088";"2,3614322"
"201900018297";"17";"11";"2019";"18:10";"5";"94";"94081";"2";"1";"1";"6";"LEON GEFFROY (R)";"48,7800000";"2,4100000"
"201900018298";"17";"11";"2019";"04:00";"4";"94";"94081";"2";"1";"1";"6";"JULES GUESDE (QU)";"48,7838500";"2,4182100"
"201900018299";"18";"11";"2019";"17:00";"4";"94";"94078";"2";"4";"2";"2";"L'APPEL DU DIX-HUIT JUIN 1940 (AV DE)";"48,7582000";"2,4434400"
"201900018300";"18";"11";"2019";"17:50";"5";"94";"94076";"2";"1";"2";"6";"SAINTE COLOMBE (R)";"48,7802600";"2,3607100"
"201900018301";"17";"11";"2019";"15:40";"1";"94";"94043";"2";"1";"1";"3";"FONTAINEBLEAU (AV DE)";"48,8153900";"2,3603200"
"201900018302";"17";"11";"2019";"12:25";"1";"94";"94037";"2";"9";"1";"3";"PAUL VAILLANT COUTURIER (AV)";"48,8166848";"2,3348938"
"201900018303";"17";"11";"2019";"00:45";"3";"94";"94037";"2";"9";"1";"1";"GALLIENI (AV)";"48,8170539";"2,3532017"
"201900018304";"18";"11";"2019";"17:45";"5";"94";"94038";"2";"1";"2";"3";"CHARLES GIDE (R)";"48,7665300";"2,3305600"
"201900018305";"16";"11";"2019";"21:15";"5";"94";"94028";"2";"2";"1";"2";"UTRILLO(RUE MAURICE)";"48,7823400";"2,4600300"
"201900018306";"18";"11";"2019";"15:00";"1";"93";"93073";"2";"1";"2";"6";"CHAPIT RE ( RUE DU)";"49,0035700";"2,5584300"
"201900018307";"18";"11";"2019";"07:00";"2";"93";"93059";"2";"3";"1";"3";"PARMENTIER (RUE) COTE N° IMPAIRS";"48,9696650";"2,3746860"
"201900018308";"18";"11";"2019";"10:50";"1";"93";"93077";"2";"9";"2";"6";"ROSNY (AVENUE DE)";"48,8848300";"2,5066200"
"201900018309";"18";"11";"2019";"14:50";"1";"93";"93055";"2";"2";"2";"3";"JEAN LOLIVE (AVENUE)(107/135 ET 108/132)";"48,8924100";"2,4098400"
"201900018310";"18";"11";"2019";"18:10";"5";"93";"93048";"2";"1";"2";"6";"ROSNY (RUE DE)";"48,8631800";"2,4489700"
"201900018311";"18";"11";"2019";"17:00";"1";"93";"93046";"2";"9";"2";"3";"LUCIE AUBRAC ALLEE";"48,9332000";"2,5437000"
"201900018312";"18";"11";"2019";"08:15";"1";"93";"93008";"2";"2";"1";"3";"PARIS (RUE DE)";"48,8985000";"2,4420000"
"201900018313";"18";"11";"2019";"18:05";"5";"92";"92064";"2";"9";"2";"3";"PORTE JAUNE";"48,8490058";"2,2009799"
"201900018314";"18";"11";"2019";"18:05";"5";"92";"92020";"2";"1";"2";"2";"LIBERTE BOULEVARD DE LA N° PAIRS";"48,8021975";"2,2917995"
"201900018315";"18";"11";"2019";"16:15";"1";"92";"92048";"2";"1";"1";"6";"MARECHAL JUIN (AVENUE DU)";"48,7885700";"2,2136400"
"201900018316";"18";"11";"2019";"18:05";"5";"92";"92024";"2";"3";"2";"6";"BAC D'ASNIERE (RUE DU)";"48,9028520";"2,2911160"
"201900018317";"18";"11";"2019";"09:05";"1";"92";"92012";"2";"1";"1";"5";"ANATOLE FRANCE (BOULEVARD) 5/FIN";"48,8502300";"2,2382680"
"201900018318";"18";"11";"2019";"15:00";"2";"92";"92007";"2";"9";"2";"3";"BRIAND (AVENUE ARISTIDE) N° 2 A 98";"48,8034250";"2,3245860"
"201900018319";"12";"11";"2019";"09:45";"1";"12";"12260";"1";"1";"1";"1";"D999";"43,9890430";"3,3731120"
"201900018320";"19";"11";"2019";"18:15";"5";"51";"51649";"2";"1";"1";"7";"14 FAUBOURG LEON BOURGEOIS";"48,7229840";"4,5909496"
"201900018321";"17";"11";"2019";"01:30";"3";"69";"69285";"2";"1";"1";"2";"86 Route Nationale";"45,7582200";"5,0663900"
"201900018322";"18";"11";"2019";"17:22";"2";"972";"97216";"2";"1";"1";"6";"38 Rue Principale";"14,8178170";" -61,0260510"
"201900018323";"19";"11";"2019";"14:30";"1";"972";"97218";"1";"1";"1";"1";"Nationale 3";"14,7943640";" -61,1364350"
"201900018324";"19";"11";"2019";"12:30";"1";"60";"60395";"2";"1";"1";"6";"13 Rue Jean Jaurés";"49,2343100";"2,1319970"
"201900018325";"19";"11";"2019";"10:00";"1";"83";"83100";"1";"1";"2";"5";"Chemin de Trénon";"43,2897890";"6,1457720"
"201900018326";"19";"11";"2019";"09:00";"1";"59";"59067";"2";"3";"7";"6";"Place Henri Billiaert";"50,9685620";"2,4326480"
"201900018327";"18";"11";"2019";"20:45";"3";"44";"44051";"1";"1";"1";"6";"N137";"47,6567920";" -1,6743970"
"201900018328";"18";"11";"2019";"04:10";"3";"36";"36134";"1";"1";"1";"6";"A20";"46,3986620";"1,4538560"
"201900018329";"19";"11";"2019";"09:43";"1";"41";"41259";"1";"1";"5";"1";"D917";"47,7763000";"0,9850380"
"201900018330";"18";"11";"2019";"18:15";"3";"34";"34270";"1";"1";"1";"6";"D132";"43,5857640";"3,8398600"
"201900018331";"17";"10";"2019";"23:10";"5";"69";"69046";"2";"1";"2";"6";"418 Route de Saint Abdon";"45,6577500";"4,7941890"
"201900018332";"18";"11";"2019";"18:40";"3";"74";"74043";"1";"1";"1";"6";"619 Avenue du Saleve";"46,2606271";"6,3500347"
"201900018333";"18";"11";"2019";"17:43";"5";"57";"57106";"2";"1";"3";"6";"Rue de Sarrelouis";"49,2917870";"6,5391320"
"201900018334";"11";"11";"2019";"18:10";"3";"57";"57554";"1";"9";"3";"3";"D913";"49,0179530";"6,2028710"
"201900018335";"19";"11";"2019";"07:15";"2";"79";"79091";"1";"1";"5";"6";"N/A";"46,8335020";" -0,6123900"
"201900018336";"18";"11";"2019";"11:40";"1";"60";"60102";"2";"1";"8";"1";"Rue de la Libération";"49,3014930";"2,5351550"
"201900018337";"18";"11";"2019";"17:45";"3";"89";"89279";"1";"1";"2";"2";"D956";"47,6917800";"4,0110280"
"201900018338";"18";"11";"2019";"17:30";"5";"76";"76255";"2";"3";"1";"6";"Boulevard Faidherbe";"50,0508900";"1,4229570"
"201900018339";"17";"11";"2019";"00:45";"3";"61";"61167";"1";"1";"1";"2";"D14";"48,8389720";"0,4948910"
"201900018340";"19";"11";"2019";"17:45";"3";"12";"12254";"1";"1";"1";"6";"D901";"44,4583890";"2,4700210"
"201900018341";"18";"11";"2019";"10:45";"1";"42";"42323";"2";"1";"1";"6";"48 Avenue d'Andrézieux";"45,5563340";"4,2850430"
"201900018342";"17";"11";"2019";"18:30";"3";"86";"86253";"1";"1";"8";"6";"Sanxay";"46,4971870";" -0,0322130"
"201900018343";"18";"11";"2019";"14:15";"1";"22";"22158";"1";"2";"8";"3";"N164";"48,2031030";" -2,9657900"
"201900018344";"19";"11";"2019";"10:15";"1";"38";"38182";"2";"1";"1";"6";"Route de Chartreuse";"45,3980840";"5,4285360"
"201900018345";"17";"11";"2019";"06:30";"3";"3";"03145";"1";"1";"2";"7";"Les pièces longues";"46,2816106";"2,5386995"
"201900018346";"19";"11";"2019";"05:30";"3";"72";"72144";"1";"1";"5";"7";"D14";"48,1319250";"0,7855350"
"201900018347";"19";"11";"2019";"06:31";"2";"90";"90007";"1";"1";"8";"1";"Banvillars";"47,5925520";"6,7999960"
"201900018348";"8";"11";"2019";"09:30";"1";"45";"45029";"1";"3";"2";"3";"D951 PR6 + 880 - CH DE RONDE";"47,5592000";"2,7875950"
"201900018349";"18";"11";"2019";"08:55";"1";"64";"64547";"1";"1";"2";"6";"D3";"43,3888604";" -1,5087096"
"201900018350";"18";"11";"2019";"17:45";"3";"64";"64488";"1";"2";"1";"3";"Route de Lembeye";"43,3950635";" -0,2108369"
"201900018351";"17";"11";"2019";"17:00";"2";"43";"43042";"1";"1";"8";"7";"D31";"44,9039970";"3,8075500"
"201900018352";"18";"11";"2019";"16:39";"1";"38";"38481";"1";"9";"1";"6";"A43";"45,5690920";"5,3385320"
"201900018353";"18";"11";"2019";"17:35";"3";"38";"38053";"1";"1";"1";"2";"A43";"45,6075380";"5,2343330"
"201900018354";"19";"11";"2019";"14:00";"1";"34";"34163";"1";"3";"1";"3";"D619";"43,6308280";"3,7013180"
"201900018355";"19";"11";"2019";"13:45";"1";"974";"97418";"1";"1";"1";"6";"D61";" -20,9157370";"55,5365800"
"201900018356";"18";"11";"2019";"23:40";"3";"45";"45082";"1";"1";"9";"6";"D2060 PR69+0";"47,8878157";"2,2539604"
"201900018357";"18";"11";"2019";"18:15";"5";"34";"34145";"2";"1";"1";"6";"487 Avenue du General de Gaulle";"43,6788831";"4,1433075"
"201900018358";"19";"11";"2019";"17:05";"3";"83";"83117";"1";"1";"2";"6";"1228 Chemin des Sacquetons";"43,5890590";"6,6808310"
"201900018359";"19";"11";"2019";"11:15";"1";"6";"06157";"2";"1";"1";"7";"Avenue Colonel Meyère";"43,7218080";"7,1145110"
"201900018360";"18";"11";"2019";"21:15";"3";"13";"13072";"1";"1";"1";"6";"23 Rue du Chene de Louiset";"43,4482910";"5,5997150"
"201900018361";"6";"10";"2019";"15:55";"1";"38";"38072";"1";"1";"2";"6";"Route de Grenoble";"45,3171800";"4,8312500"
"201900018362";"19";"11";"2019";"19:00";"3";"60";"60671";"1";"1";"1";"6";"D330a";"49,1579310";"2,7619820"
"201900018363";"19";"11";"2019";"06:20";"5";"59";"59139";"2";"1";"9";"7";"18, rue JACQUARD";"50,1218170";"3,4184300"
"201900018364";"13";"11";"2019";"16:45";"1";"13";"13055";"1";"1";"1";"2";"A507 sens Aubagne- Marseille";"43,2917230";"5,4245040"
"201900018365";"8";"11";"2019";"18:20";"3";"13";"13202";"1";"1";"1";"4";"A55-Sens Marseille vers Martigues";"43,3157921";"5,3649698"
"201900018366";"18";"11";"2019";"14:30";"1";"69";"69271";"1";"1";"1";"3";"RN346   34.850 A 36.215";"45,7528100";"4,9854000"
"201900018367";"18";"11";"2019";"08:40";"1";"33";"33281";"1";"1";"1";"3";"ROCADE A 630";"44,8340100";" -0,6766300"
"201900018368";"18";"11";"2019";"07:25";"5";"33";"33065";"1";"1";"1";"3";"ROUTE NATIONALE 230";"44,8113700";" -0,5223600"
"201900018369";"18";"11";"2019";"18:53";"5";"94";"94037";"1";"1";"2";"3";"AUTOROUTE A6A";"48,8156900";"2,3365800"
"201900018370";"18";"11";"2019";"14:20";"1";"91";"91521";"1";"1";"2";"6";"RN 104";"48,6361980";"2,4024400"
"201900018371";"18";"11";"2019";"00:50";"5";"94";"94037";"1";"1";"1";"7";"AUTOROUTE A6B";"48,8157600";"2,3563300"
"201900018372";"18";"11";"2019";"14:35";"1";"78";"78217";"1";"1";"2";"3";"A13";"48,9652700";"1,8163100"
"201900018373";"18";"11";"2019";"07:00";"3";"78";"78090";"1";"1";"2";"4";"A13";"48,9704100";"1,9018200"
"201900018374";"17";"11";"2019";"19:03";"3";"95";"95241";"1";"1";"1";"2";"RN 104";"49,0475400";"2,4670600"
"201900018375";"17";"11";"2019";"14:00";"1";"93";"93048";"1";"1";"1";"4";"AUTOROUTE A86";"48,8725000";"2,4477500"
"201900018376";"17";"11";"2019";"07:00";"4";"93";"93053";"1";"1";"1";"4";"AUTOROUTE A3";"48,8824200";"2,4562700"
"201900018377";"17";"11";"2019";"07:10";"3";"93";"93053";"1";"1";"1";"2";"AUTOROUTE A3";"48,8829300";"2,4574100"
"201900018378";"16";"11";"2019";"19:00";"3";"93";"93010";"1";"1";"1";"2";"AUTOROUTE A3";"48,9147300";"2,4776300"
"201900018379";"16";"11";"2019";"18:00";"3";"93";"93048";"1";"1";"1";"2";"AUTOROUTE A86";"48,8642300";"2,4822500"
"201900018380";"18";"11";"2019";"10:30";"1";"94";"94073";"1";"1";"1";"7";"A86 INT";"48,7708000";"2,3873000"
"201900018381";"10";"3";"2019";"17:40";"1";"12";"12146";"1";"1";"2";"7";"FLAVIN (ROUTE DE)";"44,3324100";"2,5878100"
"201900018382";"16";"11";"2019";"13:30";"1";"30";"30189";"2";"1";"1";"2";"UZES (ANCIENNE ROUTE D')";"43,8588100";"4,3788600"
"201900018383";"15";"11";"2019";"11:50";"1";"974";"97416";"2";"1";"1";"4";"PARADIS (LIGNE) (1)";" -21,3014000";"55,4577400"
"201900018384";"17";"11";"2019";"04:15";"5";"69";"69383";"2";"1";"5";"7";"RICHARD VITTON                      (CO)";"45,7539100";"4,8873300"
"201900018385";"17";"11";"2019";"12:40";"1";"69";"69388";"2";"2";"1";"3";"PIERRE DELORE                       (R )";"45,7355300";"4,8565600"
"201900018386";"17";"11";"2019";"02:15";"3";"69";"69384";"2";"1";"5";"6";"CANUTS (DES)                        (BD)";"45,7810700";"4,8277600"
"201900018387";"15";"11";"2019";"09:15";"1";"95";"95585";"2";"1";"2";"6";"KOENIG (AVENUNE PIERRE)";"48,9805200";"2,3894100"
"201900018388";"17";"11";"2019";"17:00";"2";"91";"91471";"2";"1";"1";"6";"NICOLAS APPERT (RUE)";"48,7125900";"2,1749670"
"201900018389";"15";"11";"2019";"18:00";"3";"91";"91339";"2";"1";"4";"2";"RN 20";"48,6350000";"2,2660000"
"201900018390";"15";"11";"2019";"17:25";"4";"91";"91347";"2";"3";"3";"7";"PARIS (RUE DE)";"48,6430000";"2,2900000"
"201900018391";"15";"11";"2019";"16:00";"1";"91";"91021";"2";"1";"4";"7";"DIVISION LECLERC (AVENUE DE LA)";"48,5960000";"2,2460000"
"201900018392";"17";"11";"2019";"15:45";"1";"83";"83061";"2";"3";"1";"3";"AVENUE DE PROVENCE";"43,4269720";"6,7525520"
"201900018393";"16";"11";"2019";"06:00";"5";"82";"82121";"2";"3";"1";"3";"DELCASSE (RUE)";"44,0202450";"1,3543870"
"201900018394";"16";"11";"2019";"10:00";"1";"74";"74305";"2";"1";"8";"3";"TOURNELLES (RUE DES)";"46,1987247";"6,2442670"
"201900018395";"17";"11";"2019";"18:40";"5";"69";"69091";"2";"9";"1";"2";"ROSENBERG (Q)";"45,5805700";"4,7790200"
"201900018396";"16";"11";"2019";"23:45";"5";"65";"65440";"2";"1";"2";"6";"FORGES (AVENUE DES)";"43,2411630";"0,0781890"
"201900018397";"17";"11";"2019";"20:15";"5";"64";"64024";"2";"1";"3";"6";"BAB (BOULEVARD DU)";"43,4944101";" -1,5179668"
"201900018398";"17";"11";"2019";"14:25";"1";"64";"64102";"2";"9";"2";"7";"PIECE NOYEE (ROND POINT DE LA)";"43,4988800";" -1,4816500"
"201900018399";"17";"11";"2019";"07:25";"5";"59";"59350";"2";"1";"1";"1";"RAMADIER PAUL RUE";"50,6483200";"3,0619700"