"Num_Acc";"jour";"mois";"an";"hrmn";"lum";"dep";"com";"agg";"int";"atm";"col";"adr";"lat";"long"
"201900018400";"14";"11";"2019";"16:35";"1";"54";"54542";"1";"1";"8";"3";"RD613";"49,2183630";"5,9282580"
"201900018401";"16";"11";"2019";"18:15";"3";"45";"45284";"2";"1";"1";"6";"RUE DES LONGUES ALLEES";"47,9048017";"1,9702195"
"201900018402";"16";"11";"2019";"21:50";"3";"45";"45004";"2";"1";"8";"3";"98 AV D'ANTIBES";"47,9863423";"2,7325975"
"201900018403";"16";"11";"2019";"11:35";"1";"45";"45068";"2";"1";"1";"2";"AV DU G DE GAULLE";"48,0073400";"2,7402300"
"201900018404";"17";"11";"2019";"18:30";"5";"37";"37261";"2";"2";"1";"6";"BUFFON (RUE)";"47,3937351";"0,6904098"
"201900018405";"13";"3";"2019";"14:20";"1";"50";"50129";"2";"3";"6";"2";"NORMANDIE (AVENUE DE)";"49,6267900";" -1,6344900"
"201900018406";"14";"3";"2019";"10:10";"1";"49";"49007";"1";"1";"1";"6";"ATLANTIQUE  AVENUE DE L'";"47,4697500";" -0,5997900"
"201900018407";"13";"3";"2019";"10:30";"1";"49";"49007";"2";"1";"1";"4";"ROI RENE BOULEVARD";"47,4670600";" -0,5547300"
"201900018408";"13";"3";"2019";"12:10";"1";"47";"47001";"2";"1";"2";"6";"33 avenue du general de gaulle";"44,2038840";"0,6117349"
"201900018409";"11";"3";"2019";"14:40";"1";"47";"47032";"2";"3";"1";"3";"NOGUES (avenue du)";"44,1913604";"0,6509695"
"201900018410";"16";"3";"2019";"14:20";"1";"45";"45234";"2";"1";"1";"2";"ROND POINT BOTANIC";"47,9245800";"1,9397500"
"201900018411";"15";"3";"2019";"13:34";"1";"45";"45004";"2";"1";"8";"4";"1336 AVENUE D'ANTIBES";"47,9750810";"2,7334320"
"201900018412";"16";"3";"2019";"21:55";"1";"44";"44109";"2";"5";"1";"3";"PLACE DELORME";"47,2150680";" -1,5636340"
"201900018413";"15";"3";"2019";"13:30";"1";"44";"44162";"2";"1";"1";"6";"RUE DU DANUBE";"47,2432000";" -1,6132900"
"201900018414";"12";"3";"2019";"20:05";"2";"44";"44109";"2";"1";"1";"4";"BOULEVARD DE LA LIBERTE";"47,2066700";" -1,5875800"
"201900018415";"11";"3";"2019";"20:34";"5";"44";"44109";"2";"6";"1";"3";"BDS ROBERT SCHUMAN / AMERICAINS";"47,2359593";" -1,5681507"
"201900018416";"10";"3";"2019";"03:00";"3";"44";"44109";"2";"1";"1";"2";"BOULEVARD DE STALINGRAD";"47,2195300";" -1,5345100"
"201900018417";"24";"2";"2019";"10:40";"1";"44";"44055";"2";"2";"1";"3";"ROUTES BAS BRIVIN / KERQUESSAUD";"47,3002700";" -2,3860500"
"201900018418";"8";"2";"2019";"18:50";"5";"42";"42218";"2";"1";"1";"6";"JANIN JULES (BD) A PARTIR DES Nø 57-48";"45,4486900";"4,3904400"
"201900018419";"18";"2";"2019";"16:55";"1";"42";"42218";"2";"1";"1";"6";"CLERMONT EMILE";"45,4199730";"4,4085990"
"201900018420";"15";"3";"2019";"09:40";"1";"38";"38151";"2";"1";"2";"5";"A.480";"45,1496100";"5,6970000"
"201900018421";"15";"3";"2019";"16:40";"1";"37";"37208";"2";"1";"1";"6";"LAC (AVENUE DU)";"47,3658700";"0,7177200"
"201900018422";"14";"3";"2019";"16:55";"1";"37";"37122";"2";"1";"6";"6";"NICOLLE (RUE CHARLES)";"47,3430000";"0,6648000"
"201900018423";"16";"3";"2019";"20:10";"5";"35";"35238";"2";"3";"1";"3";"PATTON (AVENUE DU GENERAL SIR GEORGES)";"48,1260050";" -1,6656970"
"201900018424";"15";"3";"2019";"14:55";"1";"35";"35238";"2";"1";"1";"6";"VERDUN (BD DE)";"48,1168000";" -1,6907100"
"201900018425";"14";"3";"2019";"12:40";"1";"35";"35278";"2";"6";"1";"6";"ETANG DU DIABLE (RUE DE L')";"48,1378500";" -1,6859100"
"201900018426";"14";"3";"2019";"16:00";"1";"35";"35051";"2";"1";"8";"2";"METAIRIES (BOULEVARD DES)";"48,1197600";" -1,5991300"
"201900018427";"13";"3";"2019";"12:35";"1";"35";"35115";"2";"4";"1";"6";"GROSLAY (BD DE DU N°25 AU 43)";"48,3465900";" -1,1823100"
"201900018428";"16";"3";"2019";"18:20";"2";"34";"34172";"2";"1";"1";"3";"EL ALAMEIN (AVENUE D')";"43,5793100";"3,8699700"
"201900018429";"16";"3";"2019";"21:45";"5";"32";"32013";"2";"1";"1";"7";"ETIGNY (RUE D')";"43,6456000";"0,5824400"
"201900018430";"14";"3";"2019";"22:00";"5";"31";"31555";"2";"6";"1";"3";"AV LARRIEU THIBAUD";"43,5543900";"1,4050800"
"201900018431";"12";"3";"2019";"23:20";"3";"31";"31555";"1";"1";"1";"4";"VA007331 A620";"43,6071500";"1,4075300"
"201900018432";"12";"2";"2019";"17:25";"1";"31";"31483";"2";"1";"7";"6";"ENCORE (BOULEVAR D')";"43,1148600";"0,7318000"
"201900018433";"15";"3";"2019";"16:10";"1";"30";"30189";"2";"6";"1";"3";"ROND POINT DES NATIONS UNIES";"43,8200000";"4,3580000"
"201900018434";"15";"3";"2019";"09:30";"1";"30";"30189";"2";"1";"1";"2";"FRANCAIS LIBRES (BD)";"43,8319190";"4,3226010"
"201900018435";"16";"3";"2019";"21:15";"3";"29";"29232";"2";"1";"3";"1";"LOC' H ROUTE DU";"48,0115000";" -4,0908900"
"201900018436";"9";"3";"2019";"19:10";"5";"29";"29232";"2";"9";"1";"3";"LEBON PHILIPPE  ROND POINT";"47,9948879";" -4,0733153"
"201900018437";"16";"3";"2019";"14:55";"1";"29";"29019";"2";"6";"1";"3";"FOCH MARECHAL";"48,3919600";" -4,4871900"
"201900018438";"14";"3";"2019";"23:00";"3";"29";"29019";"2";"6";"3";"3";"LE GORGEU (SANS N° ENTRE RUE KERGOAT ET";"48,4020200";" -4,5022900"
"201900018439";"14";"3";"2019";"16:00";"1";"29";"29019";"2";"1";"1";"2";"PORTZMOGUER";"48,3936700";" -4,4957600"
"201900018440";"14";"3";"2019";"19:53";"5";"29";"29019";"2";"6";"2";"3";"CHATEAU (DE 37 A 55 ET 34 A 50)";"48,3862800";" -4,4873100"
"201900018441";"10";"3";"2019";"18:30";"2";"28";"28085";"2";"3";"1";"3";"QUINTINE Jean-Baptiste (rue)";"48,4615079";"1,4926834"
"201900018442";"14";"3";"2019";"08:45";"1";"28";"28085";"2";"2";"1";"3";"CHAUVEAU LAGARDE (RUE)";"48,4435100";"1,4763000"
"201900018443";"11";"3";"2019";"18:30";"1";"22";"22278";"2";"1";"1";"2";"ROCHE-GAUTIER (DE LA)";"48,4926192";" -2,7535481"
"201900018444";"13";"3";"2019";"15:50";"1";"21";"21231";"2";"3";"8";"6";"CHANOINE KIR (BOULEVARD)";"47,3207290";"5,0093400"
"201900018445";"15";"3";"2019";"06:45";"2";"21";"21054";"2";"3";"2";"5";"CHALLANGES (ROUTE DE)";"47,0189400";"4,8490000"
"201900018446";"16";"3";"2019";"04:45";"5";"18";"18033";"2";"1";"2";"3";"SAINT-MICHEL (ROUTE DE)";"47,1020300";"2,4176000"
"201900018447";"16";"3";"2019";"16:55";"1";"17";"17300";"2";"3";"1";"7";"DAUPHINE   AVENUE DE LA PORTE";"46,1668500";" -1,1506500"
"201900018448";"15";"3";"2019";"20:40";"3";"17";"17291";"1";"1";"2";"7";"RN237 PK 0+766";"46,1773600";" -1,1265200"
"201900018449";"14";"3";"2019";"22:15";"5";"17";"17300";"2";"2";"2";"3";"LECLERC   AVENUE DU GENERAL";"46,1631200";" -1,1651400"
"201900018450";"14";"3";"2019";"20:10";"5";"17";"17300";"2";"9";"6";"6";"DAME HILAIRE   COURS";"46,1681270";" -1,1745490"
"201900018451";"14";"3";"2019";"11:00";"1";"17";"17300";"2";"2";"1";"3";"ONZE NOVEMBRE 1918   AVENUE DU";"46,1733800";" -1,1503500"
"201900018452";"15";"3";"2019";"20:35";"4";"14";"14271";"1";"1";"1";"2";"RN814";"49,1542400";" -0,4207000"
"201900018453";"15";"3";"2019";"18:20";"1";"13";"13019";"2";"1";"1";"6";"AVENUE DES ROMARINS";"43,4617900";"5,3564300"
"201900018454";"16";"3";"2019";"20:10";"5";"13";"13215";"2";"6";"1";"3";"HENRI BARNIER (BOULEVARD)";"43,3669840";"5,3436460"
"201900018455";"16";"3";"2019";"19:00";"5";"13";"13204";"2";"1";"1";"6";"MARÉCHAL FOCH (AVENUE)";"43,3011200";"5,3986800"
"201900018456";"16";"3";"2019";"16:00";"1";"13";"13208";"2";"1";"1";"6";"pointe rouge (ave)";"43,2476400";"5,3744400"
"201900018457";"16";"3";"2019";"16:00";"1";"13";"13207";"2";"2";"1";"3";"CORSE (AVENUE DE LA)";"43,2894800";"5,3574800"
"201900018458";"16";"3";"2019";"15:50";"1";"13";"13210";"2";"1";"1";"3";"BONNEFOY (RUE)";"43,2864400";"5,3755400"
"201900018459";"16";"3";"2019";"14:00";"1";"13";"13216";"2";"3";"1";"3";"ALBIN MEYLAN (RUE)";"43,3639000";"5,3413100"
"201900018460";"16";"3";"2019";"11:50";"1";"13";"13210";"2";"1";"1";"2";"BARNIERE (BOULEVARD)";"43,2814640";"5,4071680"
"201900018461";"16";"3";"2019";"10:45";"1";"13";"13216";"2";"1";"1";"2";"RABELAIS (RUE)";"43,3603070";"5,3302510"
"201900018462";"15";"3";"2019";"19:45";"5";"13";"13206";"2";"2";"1";"5";"PIERRE PUGET (COURS)";"43,2899100";"5,3726700"
"201900018463";"15";"3";"2019";"21:30";"5";"13";"13204";"2";"1";"1";"3";"FRANÇOISE DUPARC (BOULEVARD)";"43,3060500";"5,4008200"
"201900018464";"15";"3";"2019";"21:05";"5";"13";"13208";"2";"1";"1";"3";"MAZARGUES (AVENUE DE)";"43,2589700";"5,3941400"
"201900018465";"15";"3";"2019";"19:00";"5";"13";"13215";"2";"1";"1";"1";"HENRI BEYLE (RUE)";"43,3522700";"5,3608400"
"201900018466";"14";"3";"2019";"17:50";"2";"13";"13211";"2";"1";"1";"6";"JEAN LOMBARD (AVENUE)";"43,2891630";"5,4319970"
"201900018467";"15";"3";"2019";"14:45";"1";"13";"13207";"2";"1";"1";"6";"RIVE NEUVE (QUAI)";"43,2934900";"5,3716700"
"201900018468";"15";"3";"2019";"11:58";"1";"13";"13206";"2";"9";"1";"3";"ROME (RUE DE)";"43,2886800";"5,3821700"
"201900018469";"15";"3";"2019";"10:30";"1";"13";"13208";"2";"7";"1";"6";"PARADIS (RUE)";"43,2791000";"5,3830800"
"201900018470";"15";"3";"2019";"05:50";"5";"13";"13209";"2";"1";"1";"2";"MICHELET (BOULEVARD)";"43,2500000";"5,3900000"
"201900018471";"15";"3";"2019";"01:43";"5";"13";"13201";"2";"1";"1";"6";"TROIS MAGES (RUE DES)";"43,2948500";"5,3842900"
"201900018472";"14";"3";"2019";"21:00";"5";"13";"13206";"2";"2";"1";"3";"LIEUTAUD (COURS)";"43,2874500";"5,3849500"
"201900018473";"14";"3";"2019";"19:45";"5";"13";"13213";"2";"9";"1";"7";"CROIX ROUGE (AVENUE)";"43,3301000";"5,4292000"
"201900018474";"14";"3";"2019";"16:00";"1";"13";"13207";"2";"1";"1";"5";"Corniche John Fitzgérald Kennedy";"43,2755500";"5,3598800"
"201900018475";"14";"3";"2019";"15:00";"1";"13";"13208";"2";"1";"1";"3";"PRADO (AVENUE DU)";"43,2727400";"5,3913600"
"201900018476";"14";"3";"2019";"12:45";"1";"13";"13002";"2";"1";"1";"1";"GENERAL LECLERC (AVENUE DU)";"43,3419200";"5,4859800"
"201900018477";"14";"3";"2019";"07:30";"1";"13";"13208";"2";"1";"1";"6";" MIREILLE JOURDAN-BARRY (BD)";"43,2459000";"5,3741200"
"201900018478";"14";"3";"2019";"08:15";"1";"13";"13202";"2";"1";"1";"3";"ANTHOINE (RUE D')";"43,3164800";"5,3684300"
"201900018479";"14";"3";"2019";"02:12";"5";"13";"13211";"2";"1";"1";"3";"ADRIEN LEGROS (ROND POINT)";"43,2910000";"5,4720000"
"201900018480";"15";"3";"2019";"18:35";"2";"13";"13070";"2";"1";"7";"6";"ANTONETTI (AVENUE)";"43,2869700";"5,5138400"
"201900018481";"14";"3";"2019";"07:20";"1";"13";"13001";"2";"9";"1";"3";"MOURET HENRI (AV)";"43,5212090";"5,4358990"
"201900018482";"16";"3";"2019";"19:30";"5";"10";"10387";"2";"1";"1";"6";"GEORGES POMPIDOU (RUE)";"48,2926442";"4,0899603"
"201900018483";"15";"3";"2019";"05:25";"5";"10";"10387";"2";"2";"2";"6";"PREIZE (RUE DE)";"48,3018000";"4,0735000"
"201900018484";"14";"3";"2019";"20:55";"4";"6";"06088";"2";"7";"1";"1";"FRANKLIN (PL.)";"43,6996000";"7,2563000"
"201900018485";"14";"3";"2019";"19:30";"5";"6";"06088";"2";"9";"1";"6";"DIABLES BLEUS (AV. DES)";"43,7082700";"7,2903500"
"201900018486";"14";"3";"2019";"16:25";"1";"6";"06069";"2";"9";"1";"3";"ORME (CHEMIN DE L')";"43,6518300";"6,9444600"
"201900018487";"15";"3";"2019";"19:00";"2";"6";"06123";"2";"1";"1";"3";"VESPINS ROUTE DES";"43,6606470";"7,1782560"
"201900018488";"15";"3";"2019";"09:50";"1";"6";"06123";"2";"1";"1";"3";"MOSCHETTI RUE";"43,6688000";"7,1893000"
"201900018489";"14";"3";"2019";"19:02";"5";"5";"05061";"2";"1";"3";"6";"STADE ( RUE  DU )";"44,5475300";"6,0682500"
"201900018490";"15";"3";"2019";"11:30";"1";"3";"03185";"2";"6";"1";"6";"avenue des Guineberts";"46,3369385";"2,5873500"
"201900018491";"15";"3";"2019";"18:20";"1";"75";"75116";"2";"1";"1";"3";"BOULEVARD PERIPHERIQUE";"48,8673430";"2,2693660"
"201900018492";"15";"3";"2019";"10:45";"1";"75";"75114";"2";"4";"1";"3";"BOULEVARD PERIPHERIQUE";"48,8165910";"2,3425120"
"201900018493";"15";"3";"2019";"07:45";"1";"75";"75114";"2";"1";"1";"3";"BOULEVARD PERIPHERIQUE";"48,8225610";"2,3141690"
"201900018494";"15";"3";"2019";"06:20";"5";"75";"75117";"2";"4";"8";"6";"BOULEVARD PERIPHERIQUE";"48,8975890";"2,3130880"
"201900018495";"14";"3";"2019";"19:00";"5";"75";"75118";"2";"1";"2";"3";"BOULEVARD PERIPHERIQUE";"48,9008020";"2,3698070"
"201900018496";"14";"3";"2019";"14:20";"1";"75";"75117";"2";"1";"2";"2";"PORTE DE SAINT OUEN";"48,8996850";"2,3196400"
"201900018497";"14";"3";"2019";"12:30";"1";"75";"75117";"2";"1";"2";"2";"PORTE MAILLOT";"48,8826120";"2,2834970"
"201900018498";"13";"3";"2019";"17:45";"2";"75";"75116";"2";"1";"1";"4";"ECHANGEUR MUETTE";"48,8642390";"2,2666410"
"201900018499";"13";"3";"2019";"09:20";"1";"75";"75116";"2";"1";"1";"2";"ECHANGEUR MUETTE";"48,8601640";"2,2635540"
"201900018500";"15";"3";"2019";"17:35";"1";"75";"75115";"2";"2";"1";"3";"BOULEVARD VICTOR";"48,8360140";"2,2782150"
"201900018501";"14";"3";"2019";"06:50";"5";"75";"75113";"2";"3";"2";"3";"BOULEVARD DE L HOPITAL";"48,8388730";"2,3610040"
"201900018502";"15";"3";"2019";"16:30";"1";"75";"75106";"2";"2";"1";"6";"RUE VAVIN";"48,8439780";"2,3306070"
"201900018503";"16";"3";"2019";"15:50";"1";"75";"75120";"2";"3";"1";"3";"RUE DE MENILMONTANT";"48,8679280";"2,3866170"
"201900018504";"15";"3";"2019";"13:30";"1";"75";"75120";"2";"2";"1";"3";"RUE DE LA CHINE";"48,8665260";"2,3998960"
"201900018505";"14";"3";"2019";"07:30";"1";"75";"75120";"2";"2";"2";"6";"RUE DES PYRENEES";"48,8699470";"2,3945360"
"201900018506";"16";"3";"2019";"07:20";"2";"75";"75119";"2";"1";"1";"6";"PASSAGE WATTIEAUX";"48,8943740";"2,3745800"
"201900018507";"15";"3";"2019";"14:00";"1";"75";"75119";"2";"3";"1";"6";"RUE CURIAL";"48,8920610";"2,3725580"
"201900018508";"14";"3";"2019";"18:00";"5";"75";"75119";"2";"1";"2";"6";"BOULEVARD MACDONALD";"48,8965700";"2,3931000"
"201900018509";"14";"3";"2019";"09:30";"1";"75";"75119";"2";"6";"2";"6";"PLACE SKANDERBEG";"48,9009520";"2,3703290"
"201900018510";"16";"3";"2019";"15:15";"1";"75";"75118";"2";"4";"1";"3";"AVENUE DE LA PORTE DE SAINT OUEN";"48,9004760";"2,3301770"
"201900018511";"14";"3";"2019";"16:20";"1";"75";"75118";"2";"3";"2";"3";"RUE DES POISSONNIERS";"48,8926520";"2,3523540"
"201900018512";"15";"3";"2019";"16:55";"1";"75";"75117";"2";"2";"1";"2";"BOULEVARD DES BATIGNOLLES";"48,8822180";"2,3203450"
"201900018513";"14";"3";"2019";"23:50";"5";"75";"75117";"2";"2";"2";"3";"AVENUE DE SAINT OUEN";"48,8957660";"2,3283690"
"201900018514";"14";"3";"2019";"19:30";"5";"75";"75117";"2";"1";"2";"6";"AVENUE NIEL";"48,8793840";"2,2945720"
"201900018515";"14";"3";"2019";"03:50";"5";"75";"75116";"2";"2";"2";"6";"AVENUE DU MAHATMA GANDHI";"48,8758440";"2,2622090"
"201900018516";"15";"3";"2019";"17:08";"1";"75";"75115";"2";"7";"1";"3";"BOULEVARD PASTEUR";"48,8445470";"2,3115540"
"201900018517";"14";"3";"2019";"19:25";"5";"75";"75115";"2";"1";"2";"3";"RUE DE SEVRES";"48,8455200";"2,3123510"
"201900018518";"14";"3";"2019";"21:55";"5";"75";"75114";"2";"2";"8";"3";"RUE FROIDEVAUX";"48,8360190";"2,3276350"
"201900018519";"14";"3";"2019";"09:00";"1";"75";"75114";"2";"1";"2";"3";"RUE VERCINGETORIX";"48,8346060";"2,3140320"
"201900018520";"13";"3";"2019";"08:00";"1";"75";"75114";"2";"3";"1";"6";"RUE EMILE DEUTSCH DE LA MEURTHE";"48,8219890";"2,3347270"
"201900018521";"14";"3";"2019";"14:00";"2";"75";"75113";"2";"3";"2";"3";"RUE DE BELLIEVRE";"48,8383300";"2,3727990"
"201900018522";"14";"3";"2019";"08:58";"1";"75";"75113";"2";"7";"2";"7";"PLACE D ITALIE";"48,8311430";"2,3561330"
"201900018523";"15";"3";"2019";"17:50";"1";"75";"75112";"2";"1";"8";"6";"RUE DE CHARENTON";"48,8481000";"2,3764310"
"201900018524";"14";"3";"2019";"03:20";"5";"75";"75112";"2";"3";"1";"6";"ROUTE DE CEINTURE DU LAC DAUMESNIL";"48,8288230";"2,4196840"
"201900018525";"16";"3";"2019";"09:00";"1";"75";"75111";"2";"7";"1";"7";"BOULEVARD VOLTAIRE";"48,8490920";"2,3947340"
"201900018526";"15";"3";"2019";"10:15";"1";"75";"75103";"2";"1";"1";"3";"BOULEVARD DES FILLES DU CALVAIRE";"48,8621110";"2,3669770"
"201900018527";"15";"3";"2019";"16:28";"1";"75";"75110";"2";"2";"1";"6";"RUE DU FAUBOURG SAINT MARTIN";"48,8816060";"2,3657670"
"201900018528";"14";"3";"2019";"20:30";"5";"75";"75110";"2";"2";"2";"6";"AVENUE CLAUDE VELLEFAUX";"48,8752230";"2,3703220"
"201900018529";"15";"3";"2019";"20:35";"5";"75";"75109";"2";"2";"1";"6";"RUE MEYERBEER";"48,8722140";"2,3328190"
"201900018530";"14";"3";"2019";"14:00";"1";"75";"75108";"2";"7";"2";"3";"PLACE DE LA CONCORDE";"48,8666630";"2,3220160"
"201900018531";"14";"3";"2019";"13:40";"1";"75";"75108";"2";"2";"2";"7";"AVENUE GEORGE V";"48,8709770";"2,3009090"
"201900018532";"14";"3";"2019";"11:00";"1";"75";"75108";"2";"7";"2";"3";"PLACE DE LA CONCORDE";"48,8666630";"2,3220160"
"201900018533";"14";"3";"2019";"11:25";"1";"75";"75108";"2";"4";"2";"3";"AVENUE DE FRIEDLAND";"48,8744030";"2,3010630"
"201900018534";"14";"3";"2019";"09:20";"1";"75";"75108";"2";"2";"2";"6";"BOULEVARD HAUSSMANN";"48,8750340";"2,3091930"
"201900018535";"16";"3";"2019";"14:00";"1";"75";"75107";"2";"3";"1";"3";"RUE SAINT DOMINIQUE";"48,8597310";"2,3078380"
"201900018536";"15";"3";"2019";"05:20";"5";"75";"75107";"2";"2";"8";"6";"BOULEVARD SAINT GERMAIN";"48,8599950";"2,3217040"
"201900018537";"13";"3";"2019";"10:20";"1";"75";"75107";"2";"2";"1";"2";"BOULEVARD RASPAIL";"48,8534000";"2,3263820"
"201900018538";"16";"3";"2019";"18:05";"1";"75";"75102";"2";"2";"1";"6";"RUE DE LA LUNE";"48,8699490";"2,3486130"
"201900018539";"16";"3";"2019";"00:25";"5";"75";"75104";"2";"2";"1";"6";"RUE DE RIVOLI";"48,8578880";"2,3501960"
"201900018540";"15";"3";"2019";"12:45";"1";"75";"75104";"2";"1";"8";"6";"RUE DE LA CITE";"48,8541910";"2,3474620"
"201900018541";"14";"3";"2019";"13:35";"1";"75";"75104";"2";"1";"2";"6";"PONT DE SULLY";"48,8505640";"2,3605420"
"201900018542";"14";"3";"2019";"09:15";"1";"75";"75103";"2";"2";"2";"7";"BOULEVARD DE SEBASTOPOL";"48,8634080";"2,3509470"
"201900018543";"14";"3";"2019";"16:10";"1";"94";"94081";"2";"1";"2";"6";"REPUBLIQUE (AV DE LA)";"48,8009000";"2,3990000"
"201900018544";"16";"3";"2019";"02:00";"5";"94";"94067";"2";"1";"1";"2";"DAUMESNIL (AV)";"48,8346100";"2,4186500"
"201900018545";"15";"3";"2019";"12:00";"1";"94";"94080";"2";"1";"1";"4";"MINIMES (AV DES)";"48,8415000";"2,4283400"
"201900018546";"16";"3";"2019";"10:20";"1";"94";"94078";"2";"1";"8";"2";"ANATOLE FRANCE (AV)";"48,7463700";"2,4526700"
"201900018547";"14";"3";"2019";"15:10";"1";"94";"94074";"1";"1";"2";"2";"FONTAINE SAINT-MARTIN (R DE LA)";"48,7282000";"2,4727800"
"201900018548";"14";"3";"2019";"16:50";"1";"94";"94074";"2";"2";"2";"6";"JULIEN DURANTON (avenue)";"48,7654100";"2,4476900"
"201900018549";"16";"3";"2019";"14:30";"1";"94";"94068";"2";"1";"1";"3";"BOURDIGNON (R)";"48,7994200";"2,4742900"
"201900018550";"15";"3";"2019";"16:30";"1";"94";"94068";"2";"3";"1";"3";"TROIS YVONNE (R DES)";"48,7869600";"2,4899100"
"201900018551";"15";"3";"2019";"08:45";"1";"94";"94058";"2";"1";"1";"6";"PIERRE BROSSOLETTE (AV)";"48,8345235";"2,5105940"
"201900018552";"14";"3";"2019";"08:25";"1";"94";"94052";"2";"3";"2";"3";"STRASBOURG (BD DE)";"48,8390700";"2,4795000"
"201900018553";"14";"3";"2019";"20:30";"5";"94";"94076";"2";"1";"2";"3";"REPUBLIQUE (AV DE LA)";"48,7884600";"2,3622400"
"201900018554";"13";"3";"2019";"21:45";"5";"94";"94037";"2";"1";"1";"3";"PASTEUR (AV)";"48,8115000";"2,3416000"
"201900018555";"13";"3";"2019";"00:07";"5";"94";"94076";"2";"2";"1";"1";"LOUIS ARAGON (AV)";"48,7885800";"2,3753400"
"201900018556";"14";"3";"2019";"16:15";"1";"94";"94041";"2";"1";"2";"5";"WESTERMEYER (R)";"48,8185000";"2,3959000"
"201900018557";"23";"1";"2019";"13:50";"1";"94";"94041";"2";"3";"8";"3";"MOISE (R)";"48,8180100";"2,4017300"
"201900018558";"18";"1";"2019";"13:00";"1";"94";"94073";"2";"3";"1";"3";"ALOUETTES (R DES)";"48,7470000";"2,3600000"
"201900018559";"17";"1";"2019";"14:15";"1";"94";"94038";"2";"3";"2";"7";"PAUL HOCHART (R)";"48,7780000";"2,3640000"
"201900018560";"17";"1";"2019";"04:30";"5";"94";"94073";"2";"9";"2";"2";"FONTAINEBLEAU - CAR BELLE EPINE (AV DE)";"48,7546400";"2,3686300"
"201900018561";"16";"1";"2019";"15:20";"1";"94";"94038";"2";"3";"8";"7";"JARDINS (R DES)";"48,7800800";"2,3351400"
"201900018562";"15";"3";"2019";"07:45";"1";"94";"94033";"2";"2";"2";"3";"PEPINIERE (AV DE LA)";"48,8445600";"2,4508300"
"201900018563";"14";"3";"2019";"11:00";"1";"94";"94054";"2";"1";"2";"5";"BAS MARIN (R DU)";"48,7541300";"2,3863900"
"201900018564";"14";"3";"2019";"02:07";"5";"94";"94053";"2";"1";"1";"1";"GENERAL DE GAULLE (R DU)";"48,7771370";"2,5404248"
"201900018565";"14";"3";"2019";"12:15";"1";"93";"93078";"2";"6";"2";"2";"CLEMENCEAU (AVENUE GEORGES)";"48,9555800";"2,5608600"
"201900018566";"14";"3";"2019";"06:15";"2";"93";"93073";"2";"1";"3";"6";"ROISSY (ROUTE DE)";"48,9805200";"2,5555080"
"201900018567";"14";"3";"2019";"20:45";"5";"93";"93027";"2";"1";"2";"3";"VAILLANT-COUTURIER (AVENUE PAUL)";"48,9246500";"2,4151500"
"201900018568";"14";"3";"2019";"17:00";"1";"93";"93066";"2";"1";"2";"6";"COMMUNE DE PARIS (BOULEVARD)";"48,9362300";"2,3643500"
"201900018569";"16";"3";"2019";"18:50";"2";"93";"93055";"2";"1";"1";"6";"EDOUARD VAILLANT DU 1 A FIN.";"48,8973200";"2,3997100"
"201900018570";"15";"3";"2019";"14:59";"1";"93";"93053";"2";"1";"1";"2";"GEORGES CLEMENCEAU (AVENUE)";"48,8939000";"2,4641000"
"201900018571";"13";"3";"2019";"22:30";"5";"93";"93048";"2";"1";"1";"6";"CHANZY (BOULEVARD)";"48,8592100";"2,4258600"
"201900018572";"16";"3";"2019";"15:39";"1";"93";"93006";"2";"1";"1";"2";"MITTERRAND FRANCOIS RUE";"48,8773200";"2,4229150"
"201900018573";"14";"3";"2019";"13:00";"1";"93";"93045";"2";"2";"2";"6";"JUIN AVENUE DU MARECHAL";"48,8791250";"2,4221850"
"201900018574";"15";"3";"2019";"15:50";"1";"93";"93031";"2";"3";"1";"3";"REPUBLIQUE (AVENUE)";"48,9501800";"2,3284400"
"201900018575";"14";"3";"2019";"17:23";"1";"93";"93031";"2";"1";"2";"1";"SAINT LEU (ROUTE DE) 1 à 157";"48,9531400";"2,3373700"
"201900018576";"15";"3";"2019";"22:20";"5";"93";"93029";"2";"3";"1";"6";"ANATOLE FRANCE";"48,9304600";"2,4548400"
"201900018577";"14";"3";"2019";"08:33";"1";"93";"93029";"2";"2";"2";"3";"ALBERT DAVID";"48,9196500";"2,4708600"
"201900018578";"14";"3";"2019";"08:30";"1";"93";"93027";"2";"6";"3";"6";"HUIT-MAI-1945 (PLACE DU)";"48,9200000";"2,4100000"
"201900018579";"16";"3";"2019";"23:30";"5";"93";"93014";"2";"2";"1";"6";"GAGNY (ALLEE DE)";"48,8990300";"2,5466200"
"201900018580";"16";"3";"2019";"14:35";"1";"93";"93047";"2";"2";"7";"3";"NOTRE DAMES DES ANGES  (ALLEE)";"48,9004500";"2,5562400"
"201900018581";"14";"3";"2019";"19:55";"5";"93";"93010";"2";"3";"2";"3";"ROSNY (AV. DE)";"48,9020700";"2,4708000"
"201900018582";"16";"3";"2019";"14:00";"1";"93";"93008";"2";"1";"1";"3";"VIGNES (CHEMIN DES)";"48,9008654";"2,4265923"
"201900018583";"14";"3";"2019";"20:15";"5";"93";"93001";"2";"4";"2";"6";"PRESIDENT ROOSEVELT (AVENUE DU)";"48,9170420";"2,3797130"
"201900018584";"14";"3";"2019";"09:30";"1";"93";"93001";"2";"1";"2";"3";"PONT BLANC.CHARLES TILLON (RUE) =>72";"48,9168000";"2,3928000"
"201900018585";"15";"3";"2019";"10:55";"1";"92";"92078";"2";"9";"1";"3";"JEAN JAURES (RUE) (N° IMPAIRS)";"48,9329799";"2,3252459"
"201900018586";"16";"3";"2019";"12:40";"1";"92";"92046";"2";"3";"1";"3";"GABRIEL PERI";"48,8192580";"2,3015120"
"201900018587";"12";"3";"2019";"06:00";"2";"92";"92046";"2";"2";"1";"3";"GABRIEL PERI";"48,9195900";"2,3061800"
"201900018588";"15";"3";"2019";"18:30";"2";"92";"92072";"2";"1";"8";"6";"JARDIES (RUE RIOCREUX DES)";"48,8266100";"2,2003300"