"Num_Acc";"jour";"mois";"an";"hrmn";"lum";"dep";"com";"agg";"int";"atm";"col";"adr";"lat";"long"
"201900018589";"15";"3";"2019";"22:15";"5";"92";"92062";"2";"1";"1";"1";"REPUBLIQUE (RUE DE LA) DU 157 AU 175";"48,8838200";"2,2334000"
"201900018590";"15";"3";"2019";"09:50";"1";"92";"92062";"2";"3";"1";"3";"DE DION BOUTON (QUAI) DU 29 AU 65";"48,8855600";"2,2511600"
"201900018591";"14";"3";"2019";"21:30";"3";"92";"92062";"2";"2";"2";"3";"KUPKA (RUE FRANCK) TOUR";"48,8909847";"2,2311419"
"201900018592";"16";"3";"2019";"21:40";"5";"92";"92050";"2";"1";"1";"3";"REPUBLIQUE AVENUE DE LA";"48,9053460";"2,2097140"
"201900018593";"16";"3";"2019";"13:00";"1";"92";"92050";"2";"1";"1";"6";"REPUBLIQUE AVENUE DE LA";"48,9122900";"2,2240500"
"201900018594";"13";"3";"2019";"09:15";"1";"92";"92050";"2";"1";"1";"2";"BOUVETS BOULEVARD DES";"48,8979500";"2,2207200"
"201900018595";"11";"2";"2019";"12:10";"1";"92";"92050";"2";"1";"1";"6";"PICASSO PABLO AVENUE";"48,8886400";"2,2161300"
"201900018596";"28";"1";"2019";"10:15";"1";"92";"92050";"2";"9";"1";"6";"STALINGRAD RUE DE";"48,8931240";"2,1979140"
"201900018597";"29";"12";"2019";"00:15";"5";"976";"97615";"2";"4";"8";"6";"16 Route Nationale 4";" -12,7948630";"45,2729190"
"201900018598";"29";"12";"2019";"17:30";"5";"33";"33333";"2";"1";"5";"7";"45 Avenue du Bassin d'Arcachon";"44,8674500";" -1,0897230"
"201900018599";"29";"12";"2019";"13:20";"1";"5";"05173";"1";"3";"1";"3";"Rourebeau";"44,3050083";"5,8932289"
"201900018600";"11";"12";"2019";"14:45";"1";"21";"21701";"1";"1";"3";"7";"d 905";"47,1660300";"5,4025190"
"201900018601";"28";"12";"2019";"13:50";"1";"54";"54214";"2";"3";"1";"7";"40 Rue Saint-martin";"48,5648610";"6,1278020"
"201900018602";"29";"12";"2019";"15:15";"1";"57";"57631";"1";"1";"1";"6";"N61";"49,1004980";"7,0310480"
"201900018603";"5";"11";"2019";"18:05";"3";"7";"07107";"2";"9";"1";"1";"rue de molle";"44,6361440";"4,2547180"
"201900018604";"29";"12";"2019";"15:30";"1";"69";"69257";"2";"1";"1";"1";"D49e";"46,0513800";"4,5837300"
"201900018605";"20";"12";"2019";"19:50";"5";"65";"65059";"2";"1";"2";"1";"Route du Mesnil";"43,0825680";"0,1645910"
"201900018606";"17";"12";"2019";"11:05";"1";"33";"33519";"2";"1";"1";"6";"97 Avenue de Soulac";"44,9077590";" -0,6689710"
"201900018607";"28";"12";"2019";"17:30";"3";"27";"27287";"1";"1";"5";"7";"35 Le Bois des Fortieres";"48,9839920";"0,9876030"
"201900018608";"27";"12";"2019";"16:10";"1";"13";"13055";"1";"1";"1";"2";"A507 sens Marseille - Aubagne";"43,3095200";"5,4249040"
"201900018609";"23";"12";"2019";"18:30";"5";"38";"38544";"2";"1";"1";"3";"RD1407   0.000 A 2.331";"45,5273451";"4,8733458"
"201900018610";"28";"12";"2019";"13:30";"1";"75";"75116";"1";"1";"1";"2";"A13Y";"48,8483096";"2,2446871"
"201900018611";"27";"12";"2019";"21:25";"3";"95";"95582";"1";"1";"1";"5";"AUTOROUTE A15";"48,9699400";"2,2500100"
"201900018612";"28";"12";"2019";"21:40";"3";"94";"94028";"1";"1";"1";"4";"A86 INT";"48,7872564";"2,4400075"
"201900018613";"28";"12";"2019";"17:00";"2";"94";"94042";"1";"1";"1";"2";"A4";"48,8100000";"2,4600000"
"201900018614";"22";"12";"2019";"11:00";"1";"94";"94080";"2";"1";"2";"2";"PARIS (AV DE)";"48,8463900";"2,4192400"
"201900018615";"27";"12";"2019";"10:10";"1";"92";"92012";"2";"6";"2";"3";"ANCIENS COMBATTANT (ROND - POINT DES)";"48,8481900";"2,2418200"
"201900018616";"26";"12";"2019";"16:10";"2";"92";"92012";"2";"1";"8";"6";"YVES KERMEN (RUE) 51/FIN - 40/FIN";"48,8286800";"2,2380700"
"201900018617";"27";"12";"2019";"11:00";"1";"988";"98818";"2";"1";"1";"4";"BRETELLE SLN - VDO";" -22,2529766";"166,4492601"
"201900018618";"25";"12";"2019";"07:40";"1";"974";"97411";"1";"1";"2";"1";"Route de la Montagne";" -20,9172500";"55,4065200"
"201900018619";"27";"12";"2019";"19:35";"5";"973";"97302";"2";"3";"1";"3";"SAINT ANTOINE (CHEMIN)";"4,9289220";" -52,2999390"
"201900018620";"27";"12";"2019";"18:04";"2";"973";"97302";"2";"1";"1";"3";"RABAN (ROUTE DE)";"4,9344000";" -52,3138640"
"201900018621";"27";"12";"2019";"14:30";"1";"973";"97302";"1";"1";"1";"2";"ROUTE NATIONALE 1";"4,9182430";" -52,3309380"
"201900018622";"27";"12";"2019";"18:00";"5";"69";"69259";"2";"2";"8";"3";"REPUBLIQUE (DE LA)                  (AV)";"45,7058800";"4,8766500"
"201900018623";"27";"12";"2019";"06:45";"5";"69";"69383";"2";"1";"2";"6";"ALBERT THOMAS                       (CO)";"45,7434800";"4,8772900"
"201900018624";"16";"12";"2019";"19:15";"5";"972";"97213";"2";"1";"2";"6";"ROUTE DEPARTEMENTALE 3";"14,6173400";" -60,9950000"
"201900018625";"16";"12";"2019";"18:00";"3";"972";"97213";"1";"1";"2";"6";"ROUTE DEPARTEMENTALE 15";"14,6246400";" -61,0068900"
"201900018626";"3";"12";"2019";"15:50";"1";"2B";"2B033";"2";"1";"1";"6";"ROUTE ROYALE";"42,6792000";"9,4298000"
"201900018627";"27";"12";"2019";"13:09";"1";"971";"97113";"2";"1";"1";"7";"Morne Salines";"16,2136719";" -61,4395595"
"201900018628";"27";"12";"2019";"10:40";"1";"971";"97101";"2";"1";"1";"5";"BOULEVARD DES HEROS";"16,2396700";" -61,5271900"
"201900018629";"27";"12";"2019";"08:05";"1";"971";"97113";"1";"1";"1";"5";"SECTION COCOYER";"16,2415300";" -61,4880500"
"201900018630";"27";"11";"2019";"13:35";"1";"2A";"2A004";"2";"3";"1";"3";"T22";"41,9533600";"8,7893700"
"201900018631";"15";"12";"2019";"19:50";"5";"91";"91228";"2";"2";"3";"3";"CROIZAT (RUE AMBROISE)";"48,6248400";"2,4268600"
"201900018632";"10";"12";"2019";"03:00";"5";"86";"86194";"2";"1";"2";"6";"FAUBOURG PONT NEUF (RUE DU)";"46,5770200";"0,3523028"
"201900018633";"22";"11";"2019";"16:25";"1";"86";"86194";"2";"1";"1";"6";"RENE CASSIN (BOULEVARD)";"46,5759000";"0,3764400"
"201900018634";"26";"12";"2019";"20:05";"5";"78";"78646";"2";"2";"1";"5";"PARIS (AVENUE DE)";"48,7983400";"2,1536800"
"201900018635";"27";"12";"2019";"09:50";"1";"78";"78517";"2";"1";"1";"6";"CHASLES (RUE)";"48,6430590";"1,8261680"
"201900018636";"27";"12";"2019";"18:20";"5";"77";"77438";"1";"1";"1";"2";"D934";"48,8663000";"2,6875000"
"201900018637";"26";"12";"2019";"20:30";"5";"76";"76231";"2";"1";"2";"6";"GARE. RUE DE LA";"49,2814200";"1,0072600"
"201900018638";"27";"12";"2019";"11:20";"1";"66";"66136";"2";"1";"1";"6";"GUYNEMER (AVENUE GEORGES)";"42,6867100";"2,9074000"
"201900018639";"27";"12";"2019";"01:10";"5";"65";"65440";"2";"2";"1";"4";"ALSACE LORRAINE (AVENUE)";"43,2397000";"0,0738200"
"201900018640";"26";"12";"2019";"14:00";"1";"64";"64483";"2";"1";"1";"3";"THIERS ADOLPHE (BOULEVARD)";"43,3946670";" -1,6600137"
"201900018641";"27";"12";"2019";"10:30";"1";"64";"64284";"2";"1";"1";"2";"CORPS FRANC POMMIES";"43,2925842";" -0,3959878"
"201900018642";"25";"12";"2019";"11:45";"1";"64";"64445";"2";"2";"1";"3";"JEAN MERMOZ";"43,3080900";" -0,3765100"
"201900018643";"27";"12";"2019";"05:30";"5";"64";"64122";"2";"1";"1";"7";"MARCEL DASSAULT (BD)";"43,4711702";" -1,5360582"
"201900018644";"24";"12";"2019";"17:30";"5";"57";"57672";"2";"1";"1";"7";"HORTICULTEURS (RUE DES)";"49,3527600";"6,1459300"
"201900018645";"26";"12";"2019";"14:10";"1";"56";"56121";"2";"3";"1";"2";"FRANCHET- D'ESPEREY ( BD )";"47,7534300";" -3,3658300"
"201900018646";"25";"12";"2019";"19:34";"3";"54";"54575";"1";"1";"8";"7";"RD26B";"49,4771300";"5,8562500"
"201900018647";"27";"12";"2019";"21:15";"5";"54";"54395";"2";"2";"2";"1";"OUDINOT (RUE DU MAL)";"48,6748900";"6,1806000"
"201900018648";"19";"12";"2019";"10:52";"1";"54";"54395";"2";"6";"1";"2";"Marcel BROT (Rue et Rond-Point )";"48,6774900";"6,2054870"
"201900018649";"26";"12";"2019";"10:00";"1";"54";"54304";"2";"1";"1";"1";"RESISTANCE (AV. DE LA -IMPAIR-)";"48,6945200";"6,1285000"
"201900018650";"22";"12";"2019";"12:00";"1";"54";"54547";"2";"1";"1";"7";"AMSTERDAM  (RUE D')";"48,6607000";"6,1826000"
"201900018651";"26";"12";"2019";"10:25";"1";"50";"50602";"2";"2";"2";"3";"ARTISANS (RUE DES)";"49,6382800";" -1,5857000"
"201900018652";"27";"12";"2019";"03:41";"3";"42";"42071";"2";"1";"1";"6";"LIBERATION (AVENUE DE LA)";"46,0117700";"4,0948600"
"201900018653";"27";"12";"2019";"10:45";"1";"41";"41018";"2";"3";"2";"3";"VENDOME (AVENUE DE)";"47,6002300";"1,3198000"
"201900018654";"2";"12";"2019";"08:10";"2";"40";"40281";"1";"1";"1";"4";"ROCADE SUD RD 824";"43,8658800";" -0,4999400"
"201900018655";"27";"12";"2019";"18:10";"5";"38";"38563";"2";"2";"1";"6";"TERREAUX (RUE DES)";"45,3661260";"5,5938500"
"201900018656";"27";"12";"2019";"16:35";"1";"37";"37261";"2";"1";"2";"7";"MIRABEAU (PONT)";"47,3995976";"0,7003734"
"201900018657";"27";"12";"2019";"05:45";"5";"37";"37261";"2";"1";"1";"6";"ROYER (BD JEAN)";"47,3809458";"0,6855297"
"201900018658";"26";"12";"2019";"19:20";"5";"33";"33162";"2";"2";"1";"3";"AVE DU MEDOC / Bretelle échangeur 7 A630";"44,8801400";" -0,6276800"
"201900018659";"18";"12";"2019";"10:05";"1";"33";"33318";"2";"1";"1";"6";"RUE DE L'HORLOGE";"44,7910090";" -0,6329000"
"201900018660";"26";"12";"2019";"20:05";"5";"29";"29232";"2";"1";"1";"3";"DUPLEIX BOULEVARD";"47,9946300";" -4,1018800"
"201900018661";"26";"12";"2019";"16:00";"1";"27";"27306";"2";"2";"1";"3";"CONCORDE (RUE)";"49,0104200";"1,1771800"
"201900018662";"27";"12";"2019";"19:25";"4";"21";"21166";"2";"2";"2";"3";"RD 122 - PR 2+200 - MARSANNAY (DE) (RUE)";"47,2943470";"5,0107130"
"201900018663";"26";"12";"2019";"07:55";"5";"14";"14715";"2";"1";"2";"6";"HAUTPOUL (BOULEVARD)";"49,3615800";"0,0863200"
"201900018664";"27";"12";"2019";"17:50";"1";"14";"14118";"2";"1";"1";"6";"VENDEUVRE (QUAI)";"49,1829000";" -0,3547100"
"201900018665";"27";"12";"2019";"15:55";"1";"14";"14383";"2";"6";"2";"7";"RD 212 B ( RUE FENITON )";"49,1613500";" -0,3990000"
"201900018666";"26";"12";"2019";"12:40";"1";"13";"13106";"2";"4";"1";"3";"8 MAI 1945 (AVENUE DU)";"43,4105440";"5,3723110"
"201900018667";"27";"12";"2019";"19:30";"5";"13";"13202";"2";"1";"1";"3";"ROBERT SCHUMANN (AVENUE)";"43,3018521";"5,3662258"
"201900018668";"27";"12";"2019";"16:30";"1";"13";"13210";"2";"1";"1";"6";"PONT DE VIVAUX (BOULEVARD)";"43,2810170";"5,4221874"
"201900018669";"27";"12";"2019";"05:53";"5";"10";"10362";"2";"1";"1";"7";"CHANTELOUP (CD)";"48,2999300";"4,0381200"
"201900018670";"27";"12";"2019";"15:45";"1";"7";"07231";"1";"6";"1";"4";"D579";"44,5939500";"4,3915700"
"201900018671";"17";"12";"2019";"16:44";"2";"75";"75101";"2";"2";"1";"6";"RUE DE RIVOLI";"48,8598836";"2,3439936"
"201900018672";"26";"12";"2019";"19:00";"5";"75";"75116";"2";"2";"1";"6";"RUE D AUTEUIL";"48,8475670";"2,2663190"
"201900018673";"16";"12";"2019";"00:40";"3";"75";"75115";"2";"2";"1";"3";"RUE DE VOUILLE";"48,8335428";"2,3091936"
"201900018674";"26";"12";"2019";"07:10";"5";"75";"75114";"2";"1";"1";"3";"BOULEVARD JOURDAN";"48,8196464";"2,3419298"
"201900018675";"27";"12";"2019";"05:50";"5";"75";"75113";"2";"1";"2";"2";"AVENUE DE LA PORTE D IVRY";"48,8212619";"2,3697853"
"201900018676";"27";"12";"2019";"01:03";"5";"75";"75113";"2";"7";"2";"6";"PLACE D ITALIE";"48,8318750";"2,3553010"
"201900018677";"27";"12";"2019";"10:30";"1";"75";"75110";"2";"1";"1";"3";"RUE DU FAUBOURG SAINT MARTIN";"48,8703220";"2,3563400"
"201900018678";"27";"12";"2019";"15:20";"1";"75";"75108";"2";"2";"1";"6";"RUE PASQUIER";"48,8715040";"2,3231041"
"201900018679";"27";"12";"2019";"16:15";"1";"75";"75107";"2";"1";"8";"7";"PORT DES INVALIDES";"48,8631420";"2,3147870"
"201900018680";"27";"12";"2019";"07:22";"5";"75";"75107";"2";"2";"1";"3";"QUAI D ORSAY";"48,8625800";"2,3104010"
"201900018681";"26";"12";"2019";"23:00";"5";"75";"75103";"2";"4";"3";"3";"BOULEVARD BEAUMARCHAIS";"48,8609920";"2,3672480"
"201900018682";"27";"12";"2019";"17:55";"5";"75";"75104";"2";"1";"1";"6";"RUE DE LA COUTELLERIE";"48,8574290";"2,3506380"
"201900018683";"27";"12";"2019";"17:10";"5";"94";"94052";"2";"2";"1";"2";"STRASBOURG (BD DE)";"48,8401000";"2,4812000"
"201900018684";"26";"12";"2019";"10:50";"1";"94";"94003";"2";"1";"1";"3";"ARISTIDE BRIAND (AV)";"48,8058700";"2,3259150"
"201900018685";"26";"12";"2019";"21:40";"5";"94";"94079";"2";"3";"3";"3";"ANDRE MAGINOT (R)";"48,8251700";"2,5407100"
"201900018686";"26";"12";"2019";"18:00";"5";"93";"93073";"1";"9";"2";"6";"CHAPIT RE ( RUE DU)";"48,9799500";"2,5572100"
"201900018687";"27";"12";"2019";"07:15";"2";"93";"93070";"2";"3";"1";"1";"ROSIERS(DES) :N° 1 AU 59";"48,9100000";"2,3300000"
"201900018688";"5";"12";"2019";"22:30";"5";"93";"93066";"2";"2";"1";"3";"""LANDY RD 20, NR IMPAIRS 1 A 144""";"48,9154400";"2,3617900"
"201900018689";"27";"12";"2019";"08:35";"2";"93";"93048";"2";"3";"8";"6";"DESIRE PREAUX (RUE)";"48,8561600";"2,4255000"
"201900018690";"27";"12";"2019";"15:00";"1";"93";"93031";"2";"1";"8";"5";"JEAN JAURES (AVENUE)";"48,9571160";"2,3210450"
"201900018691";"27";"12";"2019";"12:30";"1";"93";"93047";"2";"1";"1";"2";"JEAN MERMOZ   (PLACE)";"48,9019020";"2,5716690"
"201900018692";"27";"12";"2019";"15:55";"1";"93";"93007";"2";"3";"1";"6";"ARISTIDE BRIAND (AVENUE COTE PAIRS)";"48,9460000";"2,4542600"
"201900018693";"27";"12";"2019";"19:15";"5";"93";"93005";"2";"6";"1";"3";"LOUIS ARMAND (CARREFOUR)";"48,9552400";"2,4805800"
"201900018694";"27";"12";"2019";"13:00";"1";"93";"93005";"2";"1";"1";"5";"SUZANNE LENGLEN (AVENUE)";"48,9503700";"2,5149700"
"201900018695";"27";"12";"2019";"18:48";"5";"92";"92051";"2";"1";"1";"3";"ACHILLE PERETTI (AVENUE,  N° 98 A 166 ET";"48,8851000";"2,2661400"
"201900018696";"27";"12";"2019";"21:00";"5";"92";"92050";"2";"4";"1";"2";"BOULEVARD DE LA DEFENSE";"48,8986678";"2,2211499"
"201900018697";"27";"12";"2019";"06:35";"5";"92";"92044";"2";"3";"9";"3";"VIC. HUGO(RUE)091A113 ET 112A146";"48,8967997";"2,2957056"
"201900018698";"27";"12";"2019";"19:45";"5";"92";"92012";"2";"1";"8";"6";"PARIS (RUE DE) 97BIS/FIN - 116/FIN";"48,8414800";"2,2328300"
"201900018699";"28";"12";"2019";"16:25";"1";"1";"01004";"1";"1";"1";"7";"D1504";"45,9336480";"5,3818770"
"201900018700";"24";"12";"2019";"16:30";"1";"17";"17420";"2";"1";"1";"6";"Intermarché (Supermarché)";"46,0842050";" -1,0736210"
"201900018701";"28";"12";"2019";"01:15";"3";"49";"49220";"1";"1";"1";"6";"D52";"47,7047710";" -0,4242620"
"201900018702";"28";"12";"2019";"02:00";"5";"41";"41276";"2";"6";"1";"6";"Route de Châteaudun";"47,6237720";"1,3266780"
"201900018703";"28";"12";"2019";"18:15";"1";"974";"97414";"1";"1";"7";"6";"76 Chemin Kerveguen";" -21,2811360";"55,4322130"
"201900018704";"23";"12";"2019";"17:45";"3";"34";"34163";"1";"1";"1";"6";"A750";"43,6323120";"3,7236450"
"201900018705";"19";"12";"2019";"16:45";"1";"56";"56158";"1";"3";"1";"2";"Route de Plescop";"47,7002150";" -2,7882600"
"201900018706";"28";"12";"2019";"12:15";"1";"2B";"2B150";"1";"3";"1";"7";"Croisement de la RT30 et de la RD71";"42,5831530";"8,8318280"
"201900018707";"19";"12";"2019";"09:29";"1";"2B";"2B319";"2";"1";"8";"2";"Figareto";"42,4165730";"9,5293650"
"201900018708";"27";"12";"2019";"20:30";"3";"11";"11153";"1";"1";"1";"7";"D119";"43,1937077";"2,0963286"
"201900018709";"28";"12";"2019";"10:45";"1";"89";"89449";"1";"2";"1";"3";"D606";"48,3320530";"3,0980450"
"201900018710";"28";"12";"2019";"13:30";"1";"63";"63066";"1";"3";"1";"1";"Avenue des Acacias";"45,8642350";"3,6399660"
"201900018711";"24";"12";"2019";"17:38";"3";"61";"61484";"1";"2";"1";"3";"Lieu Dit Queux";"48,2529570";"0,6974450"
"201900018712";"28";"12";"2019";"03:20";"3";"61";"61063";"2";"1";"5";"6";"Route de Domfront";"48,6940700";" -0,3740910"
"201900018713";"27";"12";"2019";"20:30";"3";"49";"49112";"1";"1";"2";"3";"D347";"47,1845030";" -0,1313450"
"201900018714";"26";"12";"2019";"21:00";"3";"22";"22251";"1";"1";"1";"7";"Rue de la Croix Pinaud";"48,5509580";" -2,8515980"
"201900018715";"27";"12";"2019";"18:15";"3";"39";"39177";"1";"1";"1";"6";"Ancienne commune de Mirebel";"46,6944060";"5,7098810"
"201900018716";"17";"12";"2019";"17:40";"3";"44";"44169";"1";"1";"2";"3";"Route du Lac";"47,2534890";" -1,3778430"
"201900018717";"27";"12";"2019";"08:45";"2";"35";"35224";"1";"1";"2";"6";"17 rue de dinan";"48,5144330";" -1,8579390"
"201900018718";"28";"12";"2019";"06:10";"3";"35";"35111";"1";"1";"1";"6";"D798";"48,4996717";" -1,2978766"
"201900018719";"28";"12";"2019";"13:00";"1";"38";"38181";"2";"3";"1";"3";"Route des Iles";"45,3449900";"5,9762700"
"201900018720";"27";"12";"2019";"14:20";"1";"15";"15250";"1";"1";"2";"6";"D15";"45,3367690";"2,5356970"
"201900018721";"27";"12";"2019";"17:45";"3";"26";"26365";"1";"1";"1";"1";"Chemin de Cheville";"44,7595610";"5,0187900"
"201900018722";"23";"12";"2019";"11:51";"1";"60";"60612";"1";"1";"1";"4";"D1330";"49,2231700";"2,5737180"
"201900018723";"26";"12";"2019";"16:15";"1";"18";"18127";"1";"1";"1";"1";"Champ de saint-thibault";"46,7573010";"2,2133640"
"201900018724";"28";"12";"2019";"17:10";"2";"18";"18003";"2";"1";"1";"3";"Route de Bourges";"47,1958150";"2,5674580"
"201900018725";"27";"12";"2019";"21:15";"3";"16";"16198";"1";"1";"1";"6";"N/A";"45,5138950";"0,2640370"
"201900018726";"28";"12";"2019";"10:30";"1";"24";"24547";"1";"1";"1";"2";"Le Couquet";"45,1099000";"1,3087100"
"201900018727";"27";"12";"2019";"21:20";"3";"37";"37085";"1";"1";"1";"6";"D83";"47,2240570";"0,8582610"
"201900018728";"26";"12";"2019";"09:45";"1";"37";"37231";"1";"4";"7";"2";"D938";"47,6036925";"0,5170493"
"201900018729";"28";"12";"2019";"06:30";"3";"52";"52167";"1";"1";"1";"6";"D674";"48,1784060";"5,2347060"
"201900018730";"28";"12";"2019";"10:50";"1";"76";"76169";"1";"1";"1";"3";"A 131 . PK 017.500";"49,4886460";"0,4300120"
"201900018731";"27";"12";"2019";"15:03";"1";"47";"47078";"1";"1";"1";"2";"A 62";"44,2970670";"0,2610980"
"201900018732";"28";"12";"2019";"08:20";"2";"73";"73010";"1";"1";"8";"5";"A41";"45,7859610";"5,9656620"
"201900018733";"28";"12";"2019";"08:17";"1";"30";"30189";"1";"1";"1";"6";"A9";"43,8279960";"4,3918020"
"201900018734";"28";"12";"2019";"11:20";"1";"13";"13051";"1";"1";"1";"4";"A7";"43,6220950";"5,1340720"
"201900018735";"27";"12";"2019";"22:30";"5";"971";"97110";"2";"1";"1";"6";"Rue Philippe Pain";"16,3035130";" -61,0708760"
"201900018736";"27";"12";"2019";"11:45";"1";"71";"71192";"1";"1";"1";"6";"D994";"46,8845760";"4,1865340"
"201900018737";"1";"12";"2019";"09:30";"1";"69";"69227";"1";"1";"2";"3";"Route de Lyon";"45,6633800";"4,5791700"
"201900018738";"28";"12";"2019";"00:40";"3";"86";"86220";"1";"1";"1";"6";"2 rue de l'erable";"46,1184230";"0,2804650"
"201900018739";"4";"12";"2019";"21:10";"3";"14";"14228";"1";"6";"5";"6";"D221";"49,2756500";" -0,3784230"
"201900018740";"27";"12";"2019";"23:20";"3";"60";"60138";"1";"1";"1";"1";"D932a";"49,2246370";"2,6146190"
"201900018741";"26";"12";"2019";"18:45";"3";"13";"13071";"1";"1";"1";"7";"A51-Sens Aix en Provence vers Marseille";"43,4067400";"5,3619200"
"201900018742";"22";"12";"2019";"12:15";"1";"13";"13206";"1";"1";"1";"2";"Tunnel Prado Carénage";"43,2846450";"5,3794170"
"201900018743";"26";"12";"2019";"20:20";"5";"13";"13117";"1";"1";"1";"5";"A7-Sens Marseille vers Lyon";"43,4166276";"5,2761138"
"201900018744";"11";"12";"2019";"16:30";"2";"69";"69029";"1";"1";"2";"5";"A43   3.353 A 3.865";"45,7234041";"4,9285065"
"201900018745";"27";"12";"2019";"18:20";"5";"33";"33397";"1";"1";"1";"2";"AUTOROUTE A 10";"44,9193700";" -0,4761500"
"201900018746";"26";"12";"2019";"01:35";"3";"62";"62624";"1";"1";"1";"4";"AUTOROUTE A21";"50,4274130";"3,0001690"
"201900018747";"27";"12";"2019";"15:45";"1";"91";"91521";"1";"1";"1";"2";"AUTOROUTE A6";"48,6390000";"2,3968000"
"201900018748";"27";"12";"2019";"16:00";"1";"91";"91161";"1";"1";"1";"2";"AUTOROUTE A6";"48,7180000";"2,3103000"
"201900018749";"27";"12";"2019";"13:45";"1";"91";"91064";"1";"1";"1";"4";"RN 118";"48,7493000";"2,2106000"
"201900018750";"27";"12";"2019";"04:05";"3";"91";"91589";"1";"1";"3";"6";"AUTOROUTE A6";"48,6791010";"2,3342000"
"201900018751";"26";"12";"2019";"23:20";"3";"91";"91521";"1";"1";"2";"7";"RN 104";"48,6251800";"2,3957820"
"201900018752";"27";"12";"2019";"07:55";"2";"92";"92025";"1";"1";"8";"6";"A86";"48,9274239";"2,2374159"
"201900018753";"25";"12";"2019";"18:10";"3";"92";"92036";"1";"1";"1";"6";"A86";"48,9348442";"2,2672637"
"201900018754";"27";"12";"2019";"22:15";"3";"95";"95582";"1";"1";"1";"6";"AUTOROUTE A15";"48,9641500";"2,2635500"
"201900018755";"27";"12";"2019";"05:50";"5";"95";"95212";"1";"1";"1";"6";"AUTOROUTE A1";"49,0335400";"2,5406400"
"201900018756";"27";"12";"2019";"07:00";"3";"95";"95394";"1";"1";"2";"6";"AUTOROUTE A115";"49,0500100";"2,1814600"
"201900018757";"26";"12";"2019";"23:50";"3";"95";"95527";"1";"1";"3";"6";"AUTOROUTE A1";"49,0005200";"2,5222800"
"201900018758";"26";"12";"2019";"17:45";"3";"95";"95582";"1";"1";"2";"2";"AUTOROUTE A15";"48,9661400";"2,2571700"
"201900018759";"26";"12";"2019";"17:40";"3";"95";"95607";"1";"1";"2";"2";"AUTOROUTE A115";"49,0158200";"2,2155500"
"201900018760";"26";"12";"2019";"15:15";"1";"93";"93005";"1";"1";"1";"5";"AUTOROUTE A1";"48,9607100";"2,4679200"
"201900018761";"26";"12";"2019";"14:00";"1";"95";"95277";"1";"1";"8";"2";"AUTOROUTE A1";"48,9795500";"2,4967400"
"201900018762";"25";"12";"2019";"17:45";"5";"93";"93066";"1";"1";"1";"5";"AUTOROUTE A1";"48,9189900";"2,3572900"
"201900018763";"25";"12";"2019";"13:00";"1";"93";"93013";"1";"1";"1";"4";"AUTOROUTE A1";"48,9407030";"2,4254730"
"201900018764";"27";"12";"2019";"14:15";"1";"94";"94028";"1";"1";"8";"2";"A86 INT";"48,7780400";"2,4388600"
"201900018765";"24";"12";"2019";"19:00";"1";"974";"97409";"1";"1";"1";"3";"DU CENTRE(CHEMIN)";" -20,9428000";"55,6488900"
"201900018766";"23";"12";"2019";"16:15";"1";"974";"97409";"1";"1";"1";"1";"DU PONT (RUE)";" -20,9768100";"55,6434000"
"201900018767";"26";"12";"2019";"19:20";"5";"69";"69259";"2";"2";"1";"3";"CHARLES DE GAULLE                   (AV)";"45,7175000";"4,8916000"
"201900018768";"26";"12";"2019";"06:20";"5";"69";"69259";"2";"2";"5";"6";"AMBROISE CROIZAT                    (BD)";"45,6969000";"4,8876000"
"201900018769";"26";"12";"2019";"08:15";"1";"69";"69386";"2";"2";"1";"3";"THIERS                              (AV)";"45,7663100";"4,8616800"
"201900018770";"30";"1";"2019";"21:00";"5";"75";"75111";"2";"1";"1";"6";"BOULEVARD BEAUMARCHAIS";"48,8567730";"2,3682660"
"201900018771";"1";"2";"2019";"22:10";"5";"75";"75106";"2";"3";"2";"6";"RUE DU FOUR";"48,8528940";"2,3350520"
"201900018772";"2";"2";"2019";"14:25";"1";"75";"75120";"2";"4";"8";"6";"RUE D EUPATORIA";"48,8690320";"2,3882240"
"201900018773";"2";"2";"2019";"02:25";"5";"75";"75120";"2";"2";"3";"3";"COURS DE VINCENNES";"48,8475480";"2,4063140"
"201900018774";"1";"2";"2019";"19:00";"5";"75";"75120";"2";"3";"2";"6";"AVENUE GAMBETTA";"48,8640940";"2,3922660"
"201900018775";"31";"1";"2019";"08:15";"5";"75";"75120";"2";"3";"1";"2";"RUE DE TLEMCEN";"48,8645910";"2,3872770"
"201900018776";"2";"2";"2019";"21:40";"5";"75";"75119";"2";"7";"2";"4";"PLACE AUGUSTE BARON";"48,8999010";"2,3875820"
"201900018777";"1";"2";"2019";"14:30";"1";"75";"75119";"2";"1";"8";"6";"RUE TANDOU";"48,8865990";"2,3807200"
"201900018778";"31";"1";"2019";"11:20";"1";"75";"75119";"2";"2";"1";"3";"AVENUE DU BELVEDERE";"48,8804590";"2,4083260"
"201900018779";"31";"1";"2019";"10:15";"1";"75";"75119";"2";"3";"1";"7";"RUE GOUBET";"48,8840260";"2,3904630"
"201900018780";"3";"2";"2019";"16:50";"1";"75";"75118";"2";"1";"1";"3";"AVENUE DE LA PORTE DE CLIGNANCOURT";"48,8986080";"2,3441840"