"Num_Acc";"jour";"mois";"an";"hrmn";"lum";"dep";"com";"agg";"int";"atm";"col";"adr";"lat";"long"
"201900018781";"3";"2";"2019";"00:01";"5";"75";"75118";"2";"5";"1";"2";"RUE VAUVENARGUES";"48,8941470";"2,3327750"
"201900018782";"2";"2";"2019";"16:40";"1";"75";"75118";"2";"3";"1";"6";"AVENUE DE LA PORTE DE CLIGNANCOURT";"48,9005080";"2,3443870"
"201900018783";"1";"2";"2019";"14:25";"1";"75";"75118";"2";"2";"1";"3";"BOULEVARD DE CLICHY";"48,8821480";"2,3396440"
"201900018784";"3";"2";"2019";"20:15";"5";"75";"75116";"2";"1";"1";"2";"AVENUE DE VERSAILLES";"48,8423130";"2,2681080"
"201900018785";"3";"2";"2019";"08:15";"2";"75";"75116";"2";"1";"1";"6";"AVENUE DE LA GRANDE ARMEE";"48,8761760";"2,2874750"
"201900018786";"31";"1";"2019";"19:00";"5";"75";"75118";"2";"4";"2";"6";"AVENUE DE SAINT OUEN";"48,8895690";"2,3262920"
"201900018787";"2";"2";"2019";"19:50";"5";"75";"75116";"2";"1";"1";"6";"BOULEVARD EXELMANS";"48,8410860";"2,2642420"
"201900018788";"2";"2";"2019";"17:30";"1";"75";"75116";"2";"1";"1";"3";"AVENUE KLEBER";"48,8658630";"2,2892950"
"201900018789";"1";"2";"2019";"16:30";"1";"75";"75116";"2";"3";"2";"6";"RUE DE PASSY";"48,8582950";"2,2831170"
"201900018790";"1";"2";"2019";"12:40";"1";"75";"75116";"2";"2";"1";"6";"RUE BENJAMIN FRANKLIN";"48,8619080";"2,2861410"
"201900018791";"1";"2";"2019";"10:30";"1";"75";"75116";"2";"2";"8";"6";"RUE DE LONGCHAMP";"48,8681460";"2,2755010"
"201900018792";"31";"1";"2019";"21:30";"5";"75";"75116";"2";"7";"2";"3";"PLACE VICTOR HUGO";"48,8695620";"2,2850920"
"201900018793";"31";"1";"2019";"19:28";"5";"75";"75116";"2";"4";"3";"6";"BOULEVARD MURAT";"48,8370100";"2,2602900"
"201900018794";"31";"1";"2019";"19:00";"5";"75";"75116";"2";"2";"2";"6";"BOULEVARD MURAT";"48,8453500";"2,2575546"
"201900018795";"29";"1";"2019";"21:50";"5";"75";"75116";"2";"3";"4";"6";"BOULEVARD SUCHET";"48,8505340";"2,2602840"
"201900018796";"29";"1";"2019";"21:00";"5";"75";"75116";"2";"2";"4";"6";"CHAUSSEE LA MUETTE";"48,8581690";"2,2743430"
"201900018797";"3";"2";"2019";"16:00";"1";"75";"75115";"2";"1";"1";"2";"RUE DE L ABBE GROULT";"48,8431490";"2,2935090"
"201900018798";"1";"2";"2019";"18:15";"5";"75";"75115";"2";"3";"2";"6";"AVENUE FELIX FAURE";"48,8407420";"2,2870240"
"201900018799";"1";"2";"2019";"10:20";"1";"75";"75115";"2";"3";"1";"6";"RUE DOMBASLE";"48,8368960";"2,2957820"
"201900018800";"31";"1";"2019";"15:00";"1";"75";"75115";"2";"3";"1";"3";"AVENUE DE LA PORTE DE SEVRES";"48,8346070";"2,2774070"
"201900018801";"30";"1";"2019";"17:05";"1";"75";"75115";"2";"2";"1";"6";"BOULEVARD VICTOR";"48,8344500";"2,2840580"
"201900018802";"1";"2";"2019";"12:20";"1";"75";"75114";"2";"3";"1";"3";"BOULEVARD RASPAIL";"48,8377900";"2,3311680"
"201900018803";"2";"2";"2019";"05:13";"5";"75";"75114";"2";"2";"2";"6";"BOULEVARD SAINT JACQUES";"48,8330200";"2,3359810"
"201900018804";"1";"2";"2019";"19:10";"5";"75";"75114";"2";"2";"2";"6";"RUE GIORDANO BRUNO";"48,8261800";"2,3195830"
"201900018805";"31";"1";"2019";"20:55";"5";"75";"75114";"2";"7";"2";"6";"PLACE DENFERT ROCHEREAU";"48,8344850";"2,3326300"
"201900018806";"31";"1";"2019";"19:15";"5";"75";"75114";"2";"2";"3";"6";"BOULEVARD BRUNE";"48,8246440";"2,3195290"
"201900018807";"3";"2";"2019";"19:15";"5";"75";"75113";"2";"4";"1";"6";"BOULEVARD DE L HOPITAL";"48,8332590";"2,3568360"
"201900018808";"1";"2";"2019";"15:00";"1";"75";"75113";"2";"2";"1";"6";"AVENUE DES GOBELINS";"48,8358450";"2,3525170"
"201900018809";"1";"2";"2019";"00:35";"5";"75";"75113";"2";"1";"1";"6";"RUE BOBILLOT";"48,8229630";"2,3474650"
"201900018810";"31";"1";"2019";"20:10";"5";"75";"75113";"2";"1";"1";"6";"RUE DE TOLBIAC";"48,8287740";"2,3734880"
"201900018811";"1";"2";"2019";"19:15";"5";"75";"75111";"2";"2";"2";"6";"RUE DU FAUBOURG SAINT ANTOINE";"48,8500850";"2,3847030"
"201900018812";"31";"1";"2019";"18:50";"1";"75";"75111";"2";"1";"2";"3";"BOULEVARD VOLTAIRE";"48,8526450";"2,3887670"
"201900018813";"31";"1";"2019";"10:30";"1";"75";"75108";"2";"1";"1";"3";"RUE DE COURCELLES";"48,8783960";"2,3045700"
"201900018814";"3";"2";"2019";"14:50";"1";"75";"75107";"2";"4";"1";"3";"BOULEVARD RASPAIL";"48,8546800";"2,3260030"
"201900018815";"1";"2";"2019";"11:30";"1";"75";"75107";"2";"2";"1";"3";"RUE DU BAC";"48,8595520";"2,3292860"
"201900018816";"1";"2";"2019";"08:00";"1";"75";"75107";"2";"2";"1";"2";"QUAI D ORSAY";"48,8624260";"2,3015960"
"201900018817";"1";"2";"2019";"08:45";"1";"75";"75103";"2";"1";"1";"5";"RUE REAUMUR";"48,8656820";"2,3550630"
"201900018818";"31";"1";"2019";"09:00";"1";"75";"75102";"2";"3";"1";"6";"RUE DE RICHELIEU";"48,8696380";"2,3389160"
"201900018819";"2";"2";"2019";"23:45";"5";"75";"75101";"2";"2";"8";"7";"QUAI FRANCOIS MITTERRAND";"48,8601260";"2,3333510"
"201900018820";"31";"1";"2019";"10:05";"1";"75";"75102";"2";"2";"1";"6";"RUE DES PETITS CHAMPS";"48,8666440";"2,3373780"
"201900018821";"1";"2";"2019";"10:45";"1";"94";"94068";"2";"2";"1";"3";"MAHIEU (AV)";"48,8086820";"2,4796160"
"201900018822";"30";"1";"2019";"20:00";"5";"94";"94046";"2";"2";"2";"6";"NORMANDIE (R DE)";"48,8115400";"2,4347100"
"201900018823";"2";"2";"2019";"05:30";"5";"94";"94041";"2";"1";"2";"6";"MAURICE THOREZ (AV)";"48,8160600";"2,3769300"
"201900018824";"31";"1";"2019";"06:50";"5";"94";"94021";"2";"1";"9";"6";"BERRY (R DU)";"48,7754100";"2,3633200"
"201900018825";"1";"2";"2019";"14:30";"1";"94";"94022";"2";"3";"1";"3";"LEON BLUM (R)";"48,7574654";"2,4120014"
"201900018826";"3";"2";"2019";"18:10";"2";"94";"94055";"2";"1";"1";"4";"PROVINS (RTE DE)";"48,7956000";"2,5502300"
"201900018827";"1";"2";"2019";"19:45";"5";"94";"94019";"2";"1";"2";"6";"ARISTIDE BRIAND (R)";"48,7924000";"2,5327000"
"201900018828";"31";"1";"2019";"16:30";"1";"94";"94018";"2";"4";"2";"3";"CARRIERES (QU DES)";"48,8200600";"2,4039800"
"201900018829";"1";"2";"2019";"12:00";"1";"94";"94004";"2";"1";"1";"2";"GENERAL LECLERC (AV)";"48,7494000";"2,5083000"
"201900018830";"31";"1";"2019";"15:30";"1";"94";"94044";"2";"9";"8";"6";"VALENTON (AV DE)";"48,7428000";"2,5004000"
"201900018831";"31";"1";"2019";"15:40";"1";"93";"93073";"2";"2";"1";"3";"PETITS PONTS (ROUTE DES)";"48,9622170";"2,5592720"
"201900018832";"1";"2";"2019";"18:45";"5";"93";"93059";"2";"1";"2";"2";"JULES CHATENAY (RUE)";"48,9713400";"2,3701700"
"201900018833";"1";"2";"2019";"16:45";"1";"93";"93072";"2";"1";"1";"6";"LOUIS BORDES (RUE)";"48,9555000";"2,3841600"
"201900018834";"30";"1";"2019";"11:35";"1";"93";"93070";"2";"1";"2";"3";"MICHELET (AVE) : DU 1 AU 103";"48,9063200";"2,3443500"
"201900018835";"2";"2";"2019";"10:30";"1";"93";"93051";"2";"1";"1";"6";"CLOSEAU (ALLEE)";"48,8363200";"2,5766200"
"201900018836";"1";"2";"2019";"08:30";"1";"93";"93074";"2";"1";"1";"6";"COUBRON RUE DE";"48,9300000";"2,5688000"
"201900018837";"31";"1";"2019";"13:35";"1";"93";"93074";"2";"2";"1";"6";"MEAUX RUE DE";"48,9346030";"2,5663840"
"201900018838";"1";"2";"2019";"09:40";"1";"93";"93045";"2";"9";"1";"2";"DECROS EUGENE BOULEVARD";"48,8830383";"2,4159622"
"201900018839";"1";"2";"2019";"08:58";"1";"93";"93031";"2";"3";"1";"6";"REPUBLIQUE (AVENUE)";"48,9485600";"2,3360500"
"201900018840";"31";"1";"2019";"08:15";"2";"93";"93031";"2";"3";"1";"6";"JEAN JAURES (AVENUE)";"48,9570800";"2,3213900"
"201900018841";"1";"2";"2019";"08:15";"1";"93";"93029";"2";"9";"1";"6";"GRANDE CEINTURE (PLACE DE LA)";"48,9302260";"2,4240600"
"201900018842";"31";"1";"2019";"07:15";"5";"93";"93014";"2";"3";"2";"6";"FREDERIC LADRETTE (ALLEE)";"48,9056800";"2,5425700"
"201900018843";"1";"2";"2019";"18:26";"5";"93";"93057";"2";"1";"2";"4";"BRIAND ( AV. ARISTIDE) 238 A 308";"48,9114900";"2,5188200"
"201900018844";"1";"2";"2019";"12:55";"1";"93";"93010";"2";"1";"1";"6";"AULNAY (ROUTE) COTE PAIRE DE 2 A FIN";"48,9082690";"2,4801040"
"201900018845";"2";"2";"2019";"20:30";"5";"93";"93008";"2";"3";"2";"2";"VAILLANT COUTURIER (AVENUE PAUL)";"48,9100000";"2,4400000"
"201900018846";"3";"2";"2019";"00:19";"5";"93";"93013";"2";"1";"2";"2";"VAILLANT (RUE EDOUARD)";"48,9377500";"2,4288900"
"201900018847";"23";"1";"2019";"17:40";"5";"93";"93007";"2";"2";"2";"3";"DE LA REPUBLIQUE (AVENUE)";"48,9350200";"2,4705200"
"201900018848";"1";"2";"2019";"18:45";"5";"93";"93001";"2";"5";"2";"6";"LANDY (RUE DU) => 16/23";"48,9152100";"2,3739200"
"201900018849";"31";"1";"2019";"09:10";"1";"92";"92064";"2";"1";"1";"7";"PASTEUR";"48,8406400";"2,2000900"
"201900018850";"1";"2";"2019";"18:00";"5";"92";"92040";"2";"3";"2";"6";"MEUDON (DE)";"48,8185300";"2,2459800"
"201900018851";"31";"1";"2019";"09:25";"1";"92";"92026";"2";"1";"8";"2";"PRESIDENT KRUGER";"48,8982700";"2,2550300"
"201900018852";"30";"1";"2019";"18:45";"1";"92";"92025";"2";"1";"1";"1";"MENELOTTE > 52 (AV)";"48,9283820";"2,2595980"
"201900018853";"3";"2";"2019";"07:34";"2";"92";"92012";"2";"9";"1";"3";"MARCEL SEMBAT (PLACE)";"48,8336800";"2,2434900"
"201900018854";"1";"2";"2019";"19:15";"5";"92";"92002";"2";"6";"2";"6";"BOIS DE VERRIERES (AVENUE DU)";"48,7544298";"2,2934584"
"201900018855";"3";"2";"2019";"07:15";"3";"63";"63026";"1";"1";"4";"1";"RD 2089";"45,6932433";"2,9951030"
"201900018856";"1";"2";"2019";"23:45";"3";"976";"97610";"1";"1";"1";"1";"RN1";" -12,7364340";"45,2087680"
"201900018857";"1";"2";"2019";"19:15";"3";"38";"38336";"1";"1";"1";"4";"N 7";"45,4625800";"4,8263700"
"201900018858";"31";"1";"2019";"23:00";"3";"86";"86128";"1";"1";"2";"6";"D757 PK 10 + 700";"46,8465890";"0,3241250"
"201900018859";"2";"2";"2019";"11:30";"1";"95";"95313";"2";"1";"1";"6";"46 bis grande rue";"49,1121180";"2,2189060"
"201900018860";"4";"2";"2019";"18:05";"3";"33";"33030";"1";"1";"3";"1";"D1113";"44,6175800";" -0,3219300"
"201900018861";"3";"2";"2019";"02:05";"3";"34";"34243";"1";"1";"8";"7";"RD 108";"43,8981040";"3,7508960"
"201900018862";"1";"2";"2019";"19:40";"3";"988";"98810";"1";"3";"3";"2";"troulala";" -20,6467200";"164,3582600"
"201900018863";"1";"2";"2019";"20:50";"3";"974";"97405";"2";"1";"3";"6";"D31";" -21,3453120";"55,5614940"
"201900018864";"1";"2";"2019";"12:30";"1";"11";"11393";"1";"1";"1";"6";"RD 611";"43,2617980";"2,7376800"
"201900018865";"31";"1";"2019";"19:20";"3";"83";"83048";"2";"1";"3";"1";"RD559";"43,2028750";"6,5631630"
"201900018866";"2";"2";"2019";"01:30";"3";"83";"83100";"2";"1";"1";"6";"RD12";"43,2861690";"6,1341090"
"201900018867";"3";"2";"2019";"19:20";"3";"79";"79313";"2";"1";"1";"7";"23 route de saint jacques";"46,2664070";" -0,0897900"
"201900018868";"2";"2";"2019";"09:45";"1";"72";"72008";"2";"1";"3";"6";"rue de la gare";"47,9292230";"0,1896490"
"201900018869";"4";"2";"2019";"13:30";"1";"66";"66141";"2";"1";"1";"3";"RD76";"42,7351500";"2,9047800"
"201900018870";"31";"1";"2019";"17:25";"2";"66";"66050";"1";"1";"1";"7";"RD 83";"42,7774100";"2,9461300"
"201900018871";"1";"2";"2019";"17:15";"2";"74";"74293";"1";"1";"4";"1";"route des voirons lieu dit les bois brulés";"46,2692179";"6,2799328"
"201900018872";"1";"2";"2019";"15:00";"1";"83";"83031";"2";"1";"3";"1";"D17";"43,0909900";"5,8357200"
"201900018873";"3";"2";"2019";"14:30";"1";"62";"62205";"1";"2";"7";"3";"D942";"50,7183000";"2,3258780"
"201900018874";"1";"2";"2019";"10:00";"1";"57";"57155";"2";"6";"4";"3";"Avenue de la Libération - D603";"49,1089280";"6,4047200"
"201900018875";"31";"1";"2019";"08:45";"1";"51";"51422";"1";"1";"1";"5";"RD 980";"49,2207896";"3,9392246"
"201900018876";"3";"2";"2019";"01:50";"3";"56";"56174";"1";"1";"9";"6";"RN 24 - PK 61+200, Keridel";"47,8954980";" -2,9043460"
"201900018877";"2";"2";"2019";"03:45";"3";"56";"56243";"1";"1";"2";"6";"Route de Nantes RD779bis";"47,6491630";" -2,7105150"
"201900018878";"30";"1";"2019";"18:30";"3";"56";"56120";"1";"1";"1";"1";"Le Reste";"47,7461100";" -2,7406200"
"201900018879";"1";"2";"2019";"13:20";"1";"79";"79309";"2";"4";"8";"7";"la Cayenne";"46,6020230";" -0,5619490"
"201900018880";"4";"2";"2019";"04:00";"3";"80";"80737";"1";"9";"8";"6";"pk 12 D917";"50,0261700";"3,0372550"
"201900018881";"3";"2";"2019";"12:30";"1";"80";"80740";"1";"2";"1";"3";"Intersection D14 PK 7+900 - route communale sans numéro";"49,7156340";"2,3992660"
"201900018882";"2";"2";"2019";"14:25";"1";"81";"81171";"1";"1";"2";"1";"RD 15";"43,8426680";"1,8948680"
"201900018883";"28";"1";"2019";"10:15";"1";"81";"81197";"1";"1";"2";"1";"RD.25 - PK.23+450";"44,0066030";"1,9953200"
"201900018884";"30";"1";"2019";"17:20";"1";"32";"32148";"1";"1";"1";"6";"N 124";"43,6172760";"0,9264110"
"201900018885";"3";"2";"2019";"06:45";"2";"71";"71190";"1";"1";"8";"6";"Lieu-dit LA FORGE - Avenue Maréchal De Lattre de Tassigny - D973";"46,9743370";"4,4940350"
"201900018886";"1";"2";"2019";"05:30";"3";"89";"89003";"2";"4";"1";"1";"CD.89";"47,9167570";"3,3322930"
"201900018887";"3";"2";"2019";"10:35";"1";"63";"63089";"2";"1";"2";"6";"3 route d'ennezat";"45,8698785";"3,2209091"
"201900018888";"4";"2";"2019";"13:20";"1";"63";"63022";"2";"1";"1";"6";"1 Rue Germinal";"45,4441870";"3,3062690"
"201900018889";"2";"2";"2019";"16:00";"1";"63";"63282";"1";"1";"2";"1";"RD 978 - PK 13+800";"45,6310880";"3,1554412"
"201900018890";"1";"2";"2019";"12:20";"1";"61";"61439";"1";"1";"1";"1";"la guerguere";"48,5068160";" -0,3428290"
"201900018891";"3";"2";"2019";"02:50";"3";"61";"61339";"1";"1";"1";"6";"route départementale 909 - Les rotours";"48,7818160";" -0,2483040"
"201900018892";"3";"2";"2019";"07:00";"2";"49";"49065";"1";"1";"1";"7";"les monceaux - SOEURDRES";"47,7427004";" -0,5571251"
"201900018893";"3";"2";"2019";"22:15";"3";"49";"49003";"1";"1";"1";"7";"D761";"47,2518860";" -0,3301720"
"201900018894";"1";"2";"2019";"10:00";"1";"49";"49323";"1";"3";"1";"3";"CD 323 / CD 117";"47,5038100";" -0,4806200"
"201900018895";"2";"2";"2019";"01:30";"3";"42";"42097";"1";"1";"5";"6";"RD 1082";"45,5078410";"4,3031540"
"201900018896";"2";"2";"2019";"18:15";"3";"46";"46145";"1";"3";"2";"3";"RD 820 - Route 2x2 voies";"44,9303420";"1,4947840"
"201900018897";"2";"2";"2019";"19:05";"3";"46";"46307";"1";"1";"2";"6";"D811";"44,4941250";"1,0441760"
"201900018898";"3";"2";"2019";"05:00";"3";"47";"47278";"1";"1";"1";"6";"Grandes vignes";"44,7067350";"0,2446670"
"201900018899";"3";"2";"2019";"16:10";"1";"34";"34076";"1";"1";"6";"7";"D 908";"43,6440210";"3,4493510"
"201900018900";"4";"2";"2019";"17:30";"1";"22";"22250";"2";"1";"1";"6";"33 rue de l'éperonnerie";"48,6962380";" -3,1659240"
"201900018901";"1";"2";"2019";"14:43";"1";"22";"22062";"1";"1";"8";"7";"RN 164";"48,1987790";" -2,4808220"
"201900018902";"1";"2";"2019";"12:38";"1";"22";"22046";"2";"1";"2";"1";"18 rue du calvaire - Plessala";"48,2747753";" -2,6259219"
"201900018903";"2";"2";"2019";"00:30";"3";"39";"39146";"1";"1";"2";"6";"N/A";"46,6656350";"5,5042450"
"201900018904";"2";"2";"2019";"13:30";"1";"44";"44118";"1";"1";"1";"6";"RD 22 la meslière";"47,4852460";" -1,2395340"
"201900018905";"26";"1";"2019";"12:20";"1";"44";"44158";"1";"1";"1";"3";"intersection le Bois Alix -La Chauvelais RD 17";"47,2827230";" -1,8020980"
"201900018906";"31";"1";"2019";"19:00";"5";"35";"35360";"2";"1";"2";"6";"Rue de Redon";"48,1112980";" -1,2128380"
"201900018907";"3";"2";"2019";"00:30";"3";"35";"35186";"1";"1";"1";"6";"l'échalet";"48,5872320";" -1,7785410"
"201900018908";"28";"1";"2019";"21:10";"3";"35";"35040";"1";"1";"1";"6";"RD 30";"48,1302850";" -1,9275480"
"201900018909";"3";"2";"2019";"19:10";"3";"29";"29023";"2";"1";"1";"6";"RUE DUQUESNE";"48,6670803";" -3,9139091"
"201900018910";"3";"2";"2019";"11:45";"1";"31";"31187";"2";"1";"1";"7";"avenue du 19 mars 1962";"43,5332060";"1,2306260"
"201900018911";"4";"2";"2019";"17:10";"1";"38";"38500";"1";"1";"8";"4";"RD 1092 - PK 23+700 - PK 23+600";"45,1872710";"5,3846312"
"201900018912";"25";"1";"2019";"08:15";"1";"38";"38150";"1";"1";"1";"3";"D11K";"45,2096600";"5,8407180"
"201900018913";"1";"2";"2019";"10:10";"1";"2";"02810";"2";"1";"8";"6";"41 ROUTE DE VIVIERES";"49,2631680";"3,0990860"
"201900018914";"2";"2";"2019";"01:19";"3";"3";"03289";"1";"1";"1";"6";"les Ébauchys";"46,3557281";"3,5183764"
"201900018915";"31";"1";"2019";"16:50";"1";"1";"01364";"2";"1";"2";"7";"Les Allys";"46,4178230";"5,0630670"
"201900018916";"31";"1";"2019";"23:15";"3";"1";"01412";"1";"1";"2";"7";"D2";"46,1802250";"4,9620910"
"201900018917";"31";"1";"2019";"07:30";"2";"70";"70313";"1";"1";"4";"6";"N19";"47,6410660";"6,6127460"
"201900018918";"3";"2";"2019";"11:15";"1";"70";"70482";"1";"2";"1";"3";"RN 19 PK 25+400";"47,6939310";"5,9782320"
"201900018919";"2";"2";"2019";"21:26";"3";"26";"26115";"1";"1";"4";"6";"80 chemin des porteronds";"44,7141810";"4,9876960"
"201900018920";"1";"2";"2019";"06:00";"3";"54";"54316";"1";"1";"4";"3";"RD 958 - font des quatre vaux";"48,8897780";"5,9299510"
"201900018921";"4";"2";"2019";"07:45";"2";"72";"72024";"1";"1";"1";"6";"FONTAINE LES POMMIERS";"48,0836460";"0,1519840"
"201900018922";"1";"2";"2019";"19:15";"3";"14";"14431";"2";"1";"2";"1";"rue jean jaures";"49,0765558";" -0,0642511"
"201900018923";"3";"2";"2019";"21:15";"3";"5";"05054";"1";"1";"1";"7";"RN85 lieu dit bonnette";"44,6665510";"6,0807070"
"201900018924";"1";"2";"2019";"12:30";"1";"50";"50012";"1";"1";"1";"4";"D900 angoville sur ay";"49,2514240";" -1,5371520"
"201900018925";"3";"2";"2019";"01:10";"3";"60";"60019";"1";"1";"8";"6";"D935 ";"49,4902835";"2,7400368"
"201900018926";"31";"1";"2019";"23:30";"5";"60";"60030";"2";"3";"4";"6";"rue de Beauvais";"49,3465490";"2,0964548"
"201900018927";"1";"2";"2019";"15:30";"1";"45";"45313";"1";"1";"2";"2";"Route de Patay";"48,0560450";"1,7660140"
"201900018928";"31";"1";"2019";"17:00";"1";"64";"64040";"1";"1";"8";"7";"RD 241";"43,0539280";" -0,6772300"
"201900018929";"3";"2";"2019";"07:00";"5";"64";"64466";"1";"6";"1";"6";"route départementale 23";"43,3482689";" -0,8815094"
"201900018930";"3";"2";"2019";"17:30";"1";"64";"64472";"1";"1";"1";"6";"22 route de buros";"43,3648473";" -0,3043320"
"201900018931";"2";"2";"2019";"10:45";"1";"73";"73162";"1";"1";"8";"1";"RD 1090";"45,6016671";"6,2786469"
"201900018932";"1";"2";"2019";"18:00";"3";"73";"73039";"1";"1";"3";"1";"Rte Saint Genix RD 916A";"45,5601120";"5,6760162"
"201900018933";"3";"2";"2019";"15:30";"1";"18";"18235";"2";"1";"1";"6";"6 route de st germain du puy";"47,1319410";"2,5381690"
"201900018934";"2";"2";"2019";"20:00";"3";"7";"07289";"2";"3";"1";"3";"cd 259";"44,6224320";"4,4258690"
"201900018935";"2";"2";"2019";"23:25";"3";"53";"53147";"1";"1";"1";"6";"D225";"48,2933630";" -0,6278290"
"201900018936";"31";"1";"2019";"21:00";"3";"53";"53029";"2";"1";"8";"6";"rue du port Ringeard";"47,8092330";" -0,5443220"
"201900018937";"4";"2";"2019";"07:15";"2";"21";"21560";"1";"1";"1";"1";"route départementale 15";"47,2539500";"4,2372040"
"201900018938";"1";"2";"2019";"19:20";"3";"40";"40103";"1";"1";"3";"2";"Route du Marsan";"43,9499870";" -0,3697600"
"201900018939";"2";"2";"2019";"07:50";"1";"4";"04081";"1";"1";"2";"7";"RD82";"43,7534750";"5,9702780"
"201900018940";"2";"2";"2019";"20:45";"3";"85";"85182";"1";"1";"1";"6";"LE BANCHEREAU";"46,7880100";" -0,8302100"
"201900018941";"4";"2";"2019";"18:55";"5";"28";"28046";"2";"1";"2";"6";"place de la gare";"48,6864990";"0,8909670"
"201900018942";"2";"2";"2019";"23:40";"3";"23";"23097";"1";"1";"4";"7";"RD 990";"46,0532879";"2,1936228"
"201900018943";"3";"2";"2019";"18:45";"3";"23";"23174";"1";"1";"1";"6";"lieu dit la garde";"46,2847037";"2,2975964"
"201900018944";"4";"2";"2019";"08:50";"1";"30";"30306";"1";"1";"7";"3";"departementale 35";"43,8221187";"4,0518517"
"201900018945";"2";"2";"2019";"12:20";"1";"30";"30059";"1";"1";"2";"1";"Chemin de marsillargues";"43,6744540";"4,2286400"
"201900018946";"2";"2";"2019";"14:10";"1";"30";"30165";"1";"3";"2";"1";"CD 981";"44,0970771";"4,1493487"
"201900018947";"31";"1";"2019";"07:25";"1";"30";"30098";"1";"1";"1";"1";"RD6110";"43,8910550";"4,0989379"
"201900018948";"1";"2";"2019";"04:30";"5";"987";"98734";"1";"2";"2";"1";"RT1 PK 34 + 200";" -17,7212520";" -149,4966380"
"201900018949";"1";"2";"2019";"11:00";"1";"24";"24335";"1";"3";"1";"3";"Avenue de BORDEAUX RD936E2";"44,8436810";"0,1970250"
"201900018950";"2";"2";"2019";"17:20";"1";"31";"31390";"1";"1";"2";"6";"A64 PK 188.800 sens Toulouse / Bayonne";"43,0972430";"0,5615050"
"201900018951";"2";"2";"2019";"09:30";"1";"13";"13050";"1";"1";"4";"1";"D15";"43,6480290";"5,2119160"
"201900018952";"1";"2";"2019";"13:45";"1";"4";"04200";"1";"1";"3";"6";"A 51";"44,1571560";"5,9634770"
"201900018953";"2";"2";"2019";"18:30";"5";"38";"38193";"2";"1";"3";"6";"boulevard de l'isle d'abeau";"45,6148500";"5,2249300"
"201900018954";"30";"1";"2019";"18:20";"1";"973";"97309";"2";"1";"1";"3";"avenue cyprien gildon";"4,9117500";" -52,2808020"
"201900018955";"28";"1";"2019";"08:30";"1";"34";"34082";"1";"3";"1";"3";"D127";"43,6643080";"3,7568440"
"201900018956";"3";"2";"2019";"06:15";"3";"44";"44028";"1";"1";"1";"7";"autoroute A11 pk 328+400";"47,3456360";" -1,3656920"
"201900018957";"10";"9";"2019";"17:45";"1";"35";"35238";"2";"2";"1";"3";"VITRE (BLD DE)";"48,1157200";" -1,6483800"
"201900018958";"12";"9";"2019";"00:10";"5";"33";"33522";"2";"3";"2";"2";"CRS DE LA LIBERATION";"44,7981800";" -0,6000300"
"201900018959";"5";"9";"2019";"12:10";"1";"33";"33281";"2";"2";"1";"6";"AVE ARISTIDE BRIAND";"44,8253900";" -0,6182600"
"201900018960";"10";"9";"2019";"09:20";"1";"33";"33075";"1";"1";"2";"2";"AVE DES 4 PONTS";"44,8961100";" -0,6149800"
"201900018961";"10";"9";"2019";"20:07";"5";"33";"33039";"2";"1";"1";"1";"RUE LOUIS BLERIOT";"44,8029100";" -0,5314100"
"201900018962";"8";"9";"2019";"05:25";"5";"33";"33063";"2";"3";"1";"3";"AVE THIERS";"44,8423500";" -0,5561400"
"201900018963";"10";"9";"2019";"14:00";"1";"31";"31555";"2";"1";"1";"6";"RUE RAYMOND CORRAZE";"43,5808400";"1,4858600"
"201900018964";"10";"9";"2019";"09:35";"1";"31";"31555";"2";"1";"1";"7";"AV DES ETATS UNIS";"43,6404800";"1,4290400"
"201900018965";"6";"9";"2019";"16:30";"1";"31";"31555";"2";"1";"1";"3";"PONT NEUF";"43,5996900";"1,4409100"
"201900018966";"11";"9";"2019";"17:15";"1";"30";"30189";"2";"2";"1";"3";"DION BOUTON (COURS)";"43,8115000";"4,3392000"
"201900018967";"10";"9";"2019";"11:15";"1";"27";"27554";"2";"1";"1";"4";"ROUEN (AVENUE DE)";"49,1320700";"1,4281800"
"201900018968";"10";"9";"2019";"12:15";"1";"26";"26362";"2";"1";"1";"6";"FAVENTINES RUE";"44,9132200";"4,9138800"
"201900018969";"11";"9";"2019";"18:05";"1";"17";"17200";"1";"1";"1";"2";"RN 237";"46,1781600";" -1,1585600"
"201900018970";"11";"9";"2019";"16:00";"1";"17";"17300";"2";"2";"1";"3";"JOFFRE   BOULEVARD (79 et 18)";"46,1579700";" -1,1423500"
"201900018971";"11";"9";"2019";"17:30";"1";"13";"13208";"2";"1";"1";"6";"PARADIS (RUE)";"43,2736000";"5,3851700"
"201900018972";"11";"9";"2019";"12:55";"1";"13";"13204";"2";"3";"1";"3";"SAINT JUST (AVENUE DE)";"43,3156210";"5,4037300"
"201900018973";"10";"9";"2019";"11:00";"1";"13";"13215";"2";"1";"1";"4";"CAP PINEDE (Avenue)";"43,3273708";"5,3597778"
"201900018974";"10";"9";"2019";"23:00";"5";"13";"13214";"2";"2";"1";"2";"CAPITAINE GEZE (BOULEVARD)";"43,3314000";"5,3768440"
"201900018975";"10";"9";"2019";"15:25";"1";"13";"13215";"2";"1";"2";"4";"CAP PINEDE (Avenue)";"43,3274200";"5,3603500"