"Num_Acc";"jour";"mois";"an";"hrmn";"lum";"dep";"com";"agg";"int";"atm";"col";"adr";"lat";"long"
"201900018976";"11";"9";"2019";"21:00";"3";"13";"13047";"1";"1";"1";"6";"RD 569";"43,5417091";"4,9734702"
"201900018977";"11";"9";"2019";"15:15";"1";"13";"13047";"2";"6";"1";"6";"EDOUARD GUIZONNIER BOULEVARD";"43,5107330";"4,9882220"
"201900018978";"11";"9";"2019";"14:25";"1";"13";"13005";"2";"3";"1";"6";"PERI (AVENUE GABRIEL)";"43,2946700";"5,5698200"
"201900018979";"11";"9";"2019";"16:30";"1";"10";"10387";"2";"9";"1";"3";"GENERAL LECLERC (RUE DU)";"48,3108000";"4,0520000"
"201900018980";"11";"9";"2019";"18:00";"1";"6";"06083";"2";"1";"1";"4";"MUNET (RUE DES SOEURS)";"43,7748300";"7,4930100"
"201900018981";"6";"9";"2019";"08:20";"1";"3";"03013";"2";"1";"1";"1";"avenue des Isles";"46,5774985";"3,3164245"
"201900018982";"11";"9";"2019";"10:47";"1";"75";"75112";"2";"2";"1";"3";"BOULEVARD PONIATOWSKI";"48,8292491";"2,3903762"
"201900018983";"10";"9";"2019";"09:00";"1";"75";"75105";"2";"1";"1";"3";"RUE BUFFON";"48,8420510";"2,3593690"
"201900018984";"11";"9";"2019";"21:00";"5";"75";"75120";"2";"1";"1";"1";"RUE HAXO";"48,8748490";"2,4030570"
"201900018985";"11";"9";"2019";"10:30";"1";"75";"75120";"2";"1";"1";"6";"RUE VITRUVE";"48,8570200";"2,4029505"
"201900018986";"11";"9";"2019";"18:00";"1";"75";"75118";"2";"1";"1";"3";"RUE MARCADET";"48,8904430";"2,3520050"
"201900018987";"11";"9";"2019";"16:16";"1";"75";"75119";"2";"2";"1";"3";"RUE D AUBERVILLIERS";"48,8855430";"2,3658050"
"201900018988";"11";"9";"2019";"19:50";"5";"75";"75117";"2";"2";"1";"3";"AVENUE DE LA GRANDE ARMEE";"48,8746070";"2,2931130"
"201900018989";"11";"9";"2019";"01:17";"5";"75";"75117";"2";"2";"1";"6";"AVENUE DE WAGRAM";"48,8832779";"2,3019596"
"201900018990";"11";"9";"2019";"07:54";"1";"75";"75113";"2";"2";"8";"2";"BOULEVARD DE L HOPITAL";"48,8331756";"2,3567641"
"201900018991";"11";"9";"2019";"17:40";"1";"75";"75112";"2";"1";"1";"3";"AVENUE DAUMESNIL";"48,8335532";"2,4147756"
"201900018992";"11";"9";"2019";"12:20";"1";"75";"75112";"2";"3";"1";"6";"AVENUE CHARLES DE FOUCAULD";"48,8333363";"2,4057122"
"201900018993";"10";"9";"2019";"23:54";"5";"75";"75111";"2";"1";"1";"3";"BOULEVARD VOLTAIRE";"48,8592250";"2,3777310"
"201900018994";"11";"9";"2019";"12:56";"1";"75";"75107";"2";"3";"1";"3";"QUAI BRANLY";"48,8574977";"2,2910211"
"201900018995";"11";"9";"2019";"09:00";"1";"75";"75104";"2";"2";"8";"6";"PONT DE SULLY";"48,8508089";"2,3614436"
"201900018996";"10";"9";"2019";"11:40";"1";"94";"94058";"2";"3";"1";"6";"PARCLAIRS (R DES)";"48,8359800";"2,4998300"
"201900018997";"10";"9";"2019";"17:40";"1";"94";"94016";"2";"9";"1";"1";"PRESIDENT WILSON (AV DU)";"48,7915630";"2,3283470"
"201900018998";"11";"9";"2019";"18:50";"1";"94";"94073";"2";"1";"1";"6";"ERNEST HEMINGWAY (R)";"48,7564000";"2,3927000"
"201900018999";"11";"9";"2019";"17:10";"1";"94";"94017";"2";"1";"1";"6";"CHARLES FLOQUET (R)";"48,8178900";"2,4822700"
"201900019000";"11";"9";"2019";"18:00";"1";"94";"94004";"2";"1";"1";"6";"MAROLLES (R DE)";"48,7527900";"2,5258300"
"201900019001";"11";"9";"2019";"22:00";"5";"93";"93073";"2";"1";"1";"6";"RESISTANCE (RUE DE LA)";"48,9497200";"2,5649600"
"201900019002";"10";"9";"2019";"14:00";"1";"93";"93078";"2";"1";"1";"6";"DUCLOS (RUE JACQUES)";"48,9580870";"2,5498940"
"201900019003";"11";"9";"2019";"12:20";"1";"93";"93074";"2";"1";"1";"7";"MEAUX RUE DE";"48,9365600";"2,5826000"
"201900019004";"11";"9";"2019";"21:05";"5";"93";"93061";"2";"1";"1";"6";"JAURES PLACE JEAN";"48,8840000";"2,4070000"
"201900019005";"10";"9";"2019";"22:20";"5";"93";"93061";"2";"2";"1";"1";"PERI GABRIEL RUE";"48,8867650";"2,4075920"
"201900019006";"11";"9";"2019";"17:10";"1";"93";"93030";"2";"1";"1";"2";"CROIZAT (AVENUE AMBROISE)";"48,9578600";"2,4159300"
"201900019007";"11";"9";"2019";"21:00";"5";"93";"93057";"2";"1";"1";"1";"WILSON (AV. DU PRESIDENT) 120 A FIN";"48,9029100";"2,5083100"
"201900019008";"11";"9";"2019";"17:17";"1";"92";"92048";"2";"1";"1";"7";"CHARLES DESVERGNES (RUE)";"48,8179900";"2,2319300"
"201900019009";"11";"9";"2019";"07:45";"2";"92";"92026";"2";"3";"1";"6";"COLOMBES";"48,8949700";"2,2529800"
"201900019010";"9";"9";"2019";"13:00";"1";"2A";"2A276";"1";"3";"1";"3";"D757";"41,7270050";"8,8280410"
"201900019011";"9";"9";"2019";"16:30";"1";"68";"68315";"2";"1";"1";"2";"Rue du Vieil Armand";"47,8816970";"7,2291160"
"201900019012";"10";"9";"2019";"11:40";"1";"23";"23132";"1";"1";"1";"3";"Voie communale, lieu-dit Les Chaumes";"46,1206290";"1,7161660"
"201900019013";"11";"9";"2019";"07:55";"1";"46";"46262";"1";"3";"1";"3";"vidal";"44,3024220";"1,2301680"
"201900019014";"11";"9";"2019";"22:20";"3";"44";"44066";"1";"1";"1";"2";"RN137";"47,3625677";" -1,6549702"
"201900019015";"6";"9";"2019";"14:55";"1";"30";"30334";"1";"2";"1";"3";"Route de Saint-Ambroix";"44,0459990";"4,4050570"
"201900019016";"12";"9";"2019";"11:50";"1";"77";"77069";"1";"1";"1";"7";"D115";"48,4768000";"2,6370700"
"201900019017";"11";"9";"2019";"09:00";"1";"79";"79202";"2";"1";"1";"6";"Avenue du 114e Régiment d'Infanterie";"46,6451520";" -0,2520210"
"201900019018";"12";"9";"2019";"02:50";"5";"2B";"2B251";"2";"6";"1";"6";"Migliacciaro";"41,9992790";"9,4027540"
"201900019019";"11";"9";"2019";"20:45";"2";"81";"81288";"1";"1";"1";"2";"Pont Crouzet";"43,4517140";"2,0507790"
"201900019020";"11";"9";"2019";"16:00";"1";"32";"32159";"1";"1";"1";"6";"Route de l'Isle de Noe";"43,5730020";"0,4382100"
"201900019021";"7";"9";"2019";"16:50";"1";"32";"32160";"2";"1";"1";"2";"5 TER Rue Charles Bacque";"43,6122660";"1,0786850"
"201900019022";"11";"9";"2019";"22:30";"3";"89";"89155";"1";"3";"1";"1";"D 606";"47,7243880";"3,6067320"
"201900019023";"11";"9";"2019";"06:45";"2";"49";"49022";"1";"1";"1";"3";"rd 54 lieu dit le breuil";"47,3272031";" -0,6252283"
"201900019024";"12";"8";"2019";"17:30";"1";"49";"49308";"1";"1";"3";"1";"D127";"47,3694390";" -0,4940670"
"201900019025";"12";"9";"2019";"13:50";"1";"47";"47310";"2";"1";"1";"3";"Boulevard Max Dormoy";"44,3875240";"0,3172580"
"201900019026";"12";"9";"2019";"10:55";"1";"39";"39478";"2";"1";"1";"6";"33 Rue du Pré";"46,3892000";"5,8643350"
"201900019027";"12";"9";"2019";"09:00";"1";"39";"39269";"1";"1";"1";"1";"N/A";"46,3837970";"5,7121510"
"201900019028";"11";"9";"2019";"12:30";"1";"44";"44036";"1";"1";"1";"3";"Le Bois du Parc";"47,7227630";" -1,3476240"
"201900019029";"11";"9";"2019";"00:05";"3";"2";"02355";"2";"1";"1";"7";"Rue Voltaire";"49,8848500";"3,2275530"
"201900019030";"11";"9";"2019";"21:01";"3";"3";"03076";"1";"1";"1";"1";"N/A";"46,5892639";"3,3988789"
"201900019031";"12";"9";"2019";"08:30";"1";"15";"15205";"1";"1";"7";"1";"D680 - PK 28+700";"45,1352510";"2,4791610"
"201900019032";"12";"9";"2019";"12:20";"1";"15";"15179";"1";"1";"1";"7";"D 922";"45,0933670";"2,4084580"
"201900019033";"12";"9";"2019";"10:00";"1";"43";"43087";"2";"1";"1";"6";"28 RUE DU 11 NOVEMBRE";"45,2150430";"4,3440670"
"201900019034";"12";"9";"2019";"17:30";"1";"21";"21012";"1";"1";"1";"1";"RD 980";"47,8110080";"4,5320710"
"201900019035";"12";"9";"2019";"04:30";"5";"21";"21568";"2";"1";"1";"6";"Rue de l'Étang";"47,6347960";"4,3022140"
"201900019036";"11";"9";"2019";"22:15";"5";"4";"04049";"2";"1";"1";"6";"RN 85";"44,0926360";"6,0089870"
"201900019037";"11";"9";"2019";"20:45";"3";"27";"27109";"1";"1";"1";"2";"D133";"49,1031880";"0,8256070"
"201900019038";"11";"9";"2019";"21:15";"3";"37";"37047";"1";"1";"1";"6";"la gélinière";"47,5082142";"0,6720504"
"201900019039";"18";"6";"2019";"08:20";"1";"30";"30133";"2";"3";"1";"6";"Rue des Lamparos";"43,5366805";"4,1353038"
"201900019040";"12";"9";"2019";"09:30";"1";"48";"48065";"1";"1";"1";"1";"RD996";"44,2021780";"3,5070940"
"201900019041";"21";"8";"2019";"12:25";"1";"973";"97307";"1";"1";"1";"1";"PK 13";"4,8039699";" -52,3762894"
"201900019042";"11";"9";"2019";"17:30";"1";"1";"01274";"1";"3";"1";"3";"route de geneve";"46,1595920";"5,6517720"
"201900019043";"11";"9";"2019";"17:35";"1";"6";"06018";"1";"1";"1";"2";"Route des Lucioles";"43,6170310";"7,0607280"
"201900019044";"11";"9";"2019";"15:48";"1";"86";"86027";"1";"1";"1";"4";"autoroute A10 PK 306.600";"46,5885110";"0,2987990"
"201900019045";"23";"8";"2019";"07:20";"1";"86";"86115";"1";"1";"1";"2";"Autoroute A10 Marigny Brizay (Marigny-Brizay)";"46,7260970";"0,3914960"
"201900019046";"12";"9";"2019";"16:00";"1";"38";"38485";"1";"1";"1";"3";"151 Route de Saint-Nizier";"45,1697460";"5,6722520"
"201900019047";"28";"8";"2019";"05:40";"2";"976";"97617";"2";"1";"1";"6";"CCD1 Combani";" -12,7920590";"45,1330000"
"201900019048";"10";"9";"2019";"14:00";"1";"971";"97106";"2";"9";"1";"5";"Rue de la Rocade";"16,0921080";" -61,7684680"
"201900019049";"10";"9";"2019";"13:10";"1";"45";"45122";"1";"2";"1";"3";"D953 PK6+250";"47,7378170";"2,5141920"
"201900019050";"12";"9";"2019";"08:30";"1";"95";"95054";"1";"1";"1";"3";"RD 43";"49,1510440";"1,8847160"
"201900019051";"9";"9";"2019";"21:45";"3";"78";"78140";"1";"3";"1";"1";"Avenue de la porte du May / D43";"48,9627830";"1,9242770"
"201900019052";"12";"9";"2019";"19:45";"2";"2A";"2A247";"1";"1";"1";"1";"Route de l'Ospedale";"41,6532480";"9,2054500"
"201900019053";"11";"9";"2019";"18:40";"1";"30";"30206";"1";"1";"1";"7";"Route de Cabrières";"43,9103950";"4,4364060"
"201900019054";"11";"9";"2019";"16:15";"1";"34";"34157";"2";"1";"7";"6";"Rue des Adieux";"43,4263170";"3,6032890"
"201900019055";"12";"9";"2019";"08:25";"1";"6";"06011";"2";"1";"1";"6";"1 Rue du 8 Mai 1945";"43,7083760";"7,3319960"
"201900019056";"12";"9";"2019";"18:40";"1";"5";"05070";"1";"1";"1";"7";"Route d'Arzeliers";"44,3392820";"5,8070510"
"201900019057";"12";"9";"2019";"17:50";"1";"70";"70018";"1";"1";"1";"7";"D 13 PK2";"47,4475610";"5,6461090"
"201900019058";"11";"9";"2019";"19:50";"2";"71";"71325";"2";"1";"7";"6";"Route du Bas de la Motte";"46,4921240";"3,9596690"
"201900019059";"12";"9";"2019";"07:00";"2";"10";"10269";"1";"1";"1";"6";"RD 31";"48,4902810";"4,0744570"
"201900019060";"4";"9";"2019";"08:35";"1";"38";"38381";"1";"4";"1";"3";"route de lyon";"45,5550100";"5,4818630"
"201900019061";"12";"9";"2019";"08:30";"1";"38";"38415";"1";"3";"1";"3";"chemin de la blancherie";"45,6348510";"5,2237650"
"201900019062";"11";"9";"2019";"12:26";"1";"38";"38474";"2";"3";"1";"1";"Avenue de Valence";"45,2078510";"5,6625710"
"201900019063";"11";"9";"2019";"08:00";"1";"22";"22223";"1";"1";"1";"1";"D8";"48,5929913";" -3,1767311"
"201900019064";"1";"9";"2019";"20:38";"3";"35";"35019";"1";"1";"1";"6";"D155";"48,4671890";" -1,5250540"
"201900019065";"11";"9";"2019";"19:45";"2";"80";"80669";"1";"1";"1";"7";"rd 930";"49,7221450";"2,8513560"
"201900019066";"13";"8";"2019";"03:00";"3";"59";"59395";"1";"1";"1";"7";"L'Arbre de Guise";"50,0492220";"3,6025730"
"201900019067";"8";"9";"2019";"17:00";"1";"59";"59281";"2";"1";"8";"6";"14 rue Roger Salengro";"50,5396540";"2,8760010"
"201900019068";"11";"9";"2019";"17:10";"1";"13";"13211";"1";"1";"1";"2";"A50-Sens Marseille vers Aubagne";"43,2931613";"5,4559937"
"201900019069";"7";"9";"2019";"12:30";"1";"94";"94003";"1";"1";"1";"2";"AUTOROUTE A6B";"48,8012700";"2,3435400"
"201900019070";"10";"9";"2019";"19:00";"1";"91";"91286";"1";"1";"1";"4";"AUTOROUTE A6";"48,6556000";"2,3786000"
"201900019071";"11";"9";"2019";"14:00";"1";"92";"92050";"1";"1";"1";"2";"A86";"48,9023576";"2,2040419"
"201900019072";"11";"9";"2019";"08:45";"1";"78";"78208";"1";"1";"1";"3";"RN12 EXT";"48,8004100";"1,9722080"
"201900019073";"10";"9";"2019";"22:00";"5";"92";"92050";"1";"1";"1";"2";"A86";"48,9144079";"2,2192668"
"201900019074";"10";"9";"2019";"18:50";"5";"92";"92050";"1";"9";"1";"3";"A86";"48,8988336";"2,1992693"
"201900019075";"10";"9";"2019";"17:20";"1";"92";"92036";"1";"1";"1";"5";"A86";"48,9356245";"2,2854273"
"201900019076";"10";"9";"2019";"15:55";"1";"92";"92025";"1";"9";"1";"4";"A86";"48,9324074";"2,2485268"
"201900019077";"7";"9";"2019";"18:45";"1";"93";"93005";"1";"1";"1";"2";"AUTOROUTE A3";"48,9464300";"2,4762200"
"201900019078";"9";"9";"2019";"05:10";"5";"69";"69387";"2";"2";"1";"2";"BERTHELOT                           (AV)";"45,7467700";"4,8367600"
"201900019079";"19";"6";"2019";"14:30";"1";"62";"62193";"2";"1";"1";"3";"ROGER SALENGRO (AVENUE)";"50,9457000";"1,8227000"
"201900019080";"9";"9";"2019";"17:55";"1";"45";"45234";"2";"2";"1";"4";"AV DU PARC FLORAL - R L DE VINCI";"47,8462400";"1,9410400"
"201900019081";"9";"9";"2019";"18:23";"1";"45";"45234";"2";"1";"1";"4";"QUAI DE PRAGUE";"47,8947773";"1,9031275"
"201900019082";"9";"9";"2019";"07:50";"1";"45";"45298";"2";"1";"1";"4";"PONT DE L'EUROPE";"47,8933233";"1,8762337"
"201900019083";"9";"9";"2019";"15:00";"1";"13";"13204";"2";"3";"1";"3";"SAINT JUST (AVENUE DE)";"43,3140400";"5,4027800"
"201900019084";"9";"9";"2019";"21:40";"5";"92";"92049";"2";"1";"1";"6";"REPUBLIQUE AVENUE DE LA N°81 A FIN";"48,8149038";"2,3173637"
"201900019085";"9";"9";"2019";"09:00";"1";"92";"92049";"2";"1";"1";"7";"ETATS UNIS PLACE DES";"48,8174800";"2,3156900"
"201900019086";"8";"9";"2019";"14:50";"1";"92";"92049";"2";"1";"1";"6";"REPUBLIQUE AVENUE DE LA N°81 A FIN";"48,8152010";"2,3175720"
"201900019087";"10";"9";"2019";"20:30";"3";"976";"97611";"2";"1";"1";"2";"m'tsapere-Nationale 2 (route)";" -12,7985900";"45,2156800"
"201900019088";"10";"9";"2019";"07:50";"1";"976";"97611";"2";"1";"1";"3";"cavani-Rond point du Stade";" -12,7837300";"45,2226600"
"201900019089";"5";"9";"2019";"14:05";"1";"974";"97416";"1";"1";"1";"1";"ISAUTIER (AVENUE CHARLES)";" -21,3139800";"55,4561300"
"201900019090";"8";"9";"2019";"13:15";"1";"973";"97302";"2";"1";"1";"3";"CATAYEE (JUSTIN)";"4,9287800";" -52,3254300"
"201900019091";"11";"9";"2019";"01:50";"5";"69";"69387";"2";"1";"1";"6";"BERTHELOT                           (AV)";"45,7430300";"4,8486200"
"201900019092";"10";"9";"2019";"21:30";"5";"69";"69387";"2";"2";"1";"3";"MARSEILLE (DE)                      (R )";"45,7491900";"4,8384200"
"201900019093";"10";"9";"2019";"15:08";"1";"69";"69383";"2";"2";"1";"3";"GARIBALDI                           (R )";"45,7547000";"4,8530600"
"201900019094";"10";"9";"2019";"13:45";"1";"69";"69388";"2";"1";"1";"6";"ANTOINE LUMIERE                     (R )";"45,7431900";"4,8699400"
"201900019095";"10";"9";"2019";"10:00";"1";"69";"69386";"2";"1";"1";"3";"VERGUIN                             (AV)";"45,7727000";"4,8565600"
"201900019096";"10";"9";"2019";"17:55";"1";"69";"69286";"2";"4";"1";"1";"BIEVRE (DE LA)                      (R )";"45,8266200";"4,8916100"
"201900019097";"9";"9";"2019";"08:00";"1";"69";"69382";"2";"2";"1";"3";"JULES COURMONT                      (QU)";"45,7601700";"4,8379500"
"201900019098";"9";"9";"2019";"08:20";"1";"95";"95127";"2";"3";"1";"3";"TROIS FONTAINES (AVENUE DES)";"49,0374100";"2,0758200"
"201900019099";"10";"9";"2019";"22:30";"5";"91";"91286";"2";"1";"1";"1";"ENCLOS (RUE DES)";"48,6539390";"2,3756860"
"201900019100";"10";"9";"2019";"13:50";"1";"91";"91326";"2";"3";"1";"6";"CAMILLE FLAMMARION (RUE)";"48,6929100";"2,3707840"
"201900019101";"9";"9";"2019";"07:30";"2";"91";"91521";"2";"3";"1";"6";"REMY (RUE ALBERT)";"48,6560700";"2,4088300"
"201900019102";"10";"9";"2019";"08:50";"1";"91";"91339";"2";"1";"1";"2";"BENOIST ROBERT (AVENUE)";"48,6354300";"2,2662900"
"201900019103";"9";"9";"2019";"11:16";"1";"87";"87085";"2";"1";"1";"2";"SCHUMAN (BOULEVARD ROBERT)";"45,8555300";"1,2669300"
"201900019104";"10";"9";"2019";"22:50";"5";"83";"83137";"2";"1";"1";"3";"BRIAND (AVE ARISTIDE)";"43,1264720";"5,8996720"
"201900019105";"8";"9";"2019";"23:30";"5";"83";"83090";"1";"1";"1";"1";"SANARY (ROUTE DE)";"43,1257230";"5,8326410"
"201900019106";"4";"9";"2019";"09:50";"1";"83";"83069";"2";"6";"1";"3";"ARROMANCHES ( ROND POINT D' )";"43,0827022";"6,1501063"
"201900019107";"10";"9";"2019";"13:40";"1";"77";"77118";"2";"1";"1";"4";"D34-PASTEUR (AVENUE)";"48,9400900";"2,6783400"
"201900019108";"7";"9";"2019";"07:20";"1";"76";"76351";"2";"1";"1";"6";"DOCTEUR PIASCEKI";"49,4944900";"0,1422300"
"201900019109";"9";"9";"2019";"19:45";"5";"74";"74012";"2";"3";"1";"3";"VERDUN (AVENUE DE)";"46,1853700";"6,2421400"
"201900019110";"9";"9";"2019";"21:23";"5";"72";"72095";"2";"1";"2";"7";"LONDRES (RUE DE)";"48,0215500";"0,2096200"
"201900019111";"9";"9";"2019";"17:42";"1";"72";"72181";"2";"1";"2";"2";"JAURES CHURCHILL (ECHANGEUR)";"47,9871800";"0,2085800"
"201900019112";"6";"9";"2019";"11:50";"1";"71";"71270";"2";"1";"1";"6";"HERRIOT (AVENUE EDOUARD)";"46,2969700";"4,8234300"
"201900019113";"10";"9";"2019";"08:25";"1";"69";"69271";"2";"3";"8";"6";"ROBERDIERES (DES)                 R";"45,7471500";"4,9626000"
"201900019114";"6";"9";"2019";"20:50";"5";"69";"69029";"2";"2";"1";"3";"PIERRE MENDES FRANCE                (AV)";"45,7177600";"4,9092600"
"201900019115";"9";"9";"2019";"17:00";"1";"67";"67482";"2";"3";"8";"3";"ROTHAU (RUE DE)";"48,5788310";"7,7285080"
"201900019116";"9";"9";"2019";"12:05";"1";"67";"67482";"2";"1";"1";"6";"COLMAR (AVENUE DE)";"48,5490880";"7,7413270"
"201900019117";"3";"9";"2019";"13:02";"1";"67";"67462";"2";"2";"1";"3";"PECHEURS (QUAI DES)";"48,2560500";"7,4530900"
"201900019118";"10";"9";"2019";"14:10";"1";"64";"64132";"2";"9";"7";"6";"VICTOR HUGO";"43,2921296";" -0,3478857"
"201900019119";"9";"9";"2019";"13:39";"1";"64";"64125";"2";"1";"1";"6";"PLATEAU (AVENUE DU)";"43,4455000";" -1,5834500"
"201900019120";"10";"9";"2019";"08:10";"1";"63";"63124";"2";"1";"1";"2";"AUBIERE (AV. D')";"45,7464800";"3,1635500"
"201900019121";"6";"9";"2019";"08:30";"1";"59";"59343";"2";"1";"1";"2";"FAIDHERBE RUE";"50,5910500";"3,1173000"
"201900019122";"10";"9";"2019";"13:55";"1";"56";"56260";"2";"6";"1";"2";"TOHANNIC(GIRATOIRE DE)";"47,6444300";" -2,7440600"
"201900019123";"6";"9";"2019";"08:56";"1";"56";"56121";"2";"1";"7";"3";"SCORFF ( BD DU )";"47,7628700";" -3,3668700"
"201900019124";"9";"9";"2019";"09:15";"1";"56";"56083";"2";"1";"1";"2";"ALLENDE (Av. Pt. Salvador)";"47,8066600";" -3,2587200"
"201900019125";"7";"9";"2019";"02:40";"5";"56";"56121";"2";"3";"1";"3";"CHAZELLES ( COURS LOUIS  DE )";"47,7558800";" -3,3638700"
"201900019126";"7";"2";"2019";"16:25";"1";"54";"54547";"2";"3";"1";"7";"BRIAND (RUE ARISTIDE)";"48,6705500";"6,1789400"
"201900019127";"7";"2";"2019";"08:25";"1";"54";"54300";"2";"1";"2";"7";"rue Robert Damery";"48,6592350";"6,2229180"
"201900019128";"4";"2";"2019";"09:55";"1";"54";"54547";"2";"1";"1";"1";"AIGUILLETTES (BD 1 A 3)";"48,6671720";"6,1649120"
"201900019129";"1";"2";"2019";"18:15";"5";"54";"54395";"2";"1";"3";"7";"GUYNEMER (RUE DU CAPITAINE)";"48,6999120";"6,1426270"
"201900019130";"10";"9";"2019";"11:25";"1";"54";"54526";"2";"1";"1";"1";"MILLENAIRE (BOULEVARD DU)";"48,6797800";"6,2120000"
"201900019131";"29";"1";"2019";"09:05";"1";"54";"54357";"2";"1";"1";"3";"MADON (RUE DU)";"48,7008550";"6,1353020"
"201900019132";"10";"9";"2019";"17:55";"1";"51";"51454";"2";"6";"1";"3";"BOULEVARD DIEU LUMIERE";"49,2409300";"4,0440400"
"201900019133";"14";"10";"2019";"17:10";"1";"68";"68028";"1";"1";"1";"7";"RD1 Bis";"48,2008720";"7,3401090"
"201900019134";"13";"10";"2019";"11:22";"1";"69";"69093";"1";"3";"1";"2";"lieu-dit Montgrand";"46,0448100";"4,4572800"
"201900019135";"13";"10";"2019";"14:45";"1";"33";"33029";"1";"1";"1";"1";"Avenue d'Haureuils";"44,5750500";" -0,7255900"
"201900019136";"15";"10";"2019";"18:40";"5";"59";"59042";"2";"1";"1";"6";"rue nationale";"50,5436880";"3,2667650"
"201900019137";"1";"10";"2019";"08:20";"1";"69";"69273";"1";"9";"1";"2";"BUS (RD301)   4.470 A 7.000";"45,6807800";"4,8916800"
"201900019138";"11";"10";"2019";"17:43";"1";"67";"67204";"1";"1";"1";"4";"Autoroute A.4";"48,6224483";"7,7260905"
"201900019139";"14";"10";"2019";"15:34";"1";"94";"94021";"1";"1";"1";"2";"AUTOROUTE A106";"48,7632800";"2,3439400"
"201900019140";"14";"10";"2019";"12:45";"1";"94";"94038";"1";"1";"1";"4";"AUTOROUTE A6B";"48,7842700";"2,3470000"
"201900019141";"14";"10";"2019";"17:50";"1";"78";"78291";"1";"1";"1";"3";"A13";"48,9670000";"1,7471000"
"201900019142";"14";"10";"2019";"15:15";"1";"92";"92062";"1";"1";"1";"6";"RN1013";"48,8898872";"2,2386426"
"201900019143";"14";"10";"2019";"06:50";"3";"78";"78208";"1";"1";"1";"2";"RN12 EXT";"48,8004970";"1,9749930"
"201900019144";"13";"10";"2019";"07:15";"2";"78";"78043";"1";"1";"1";"2";"A13";"48,8502510";"2,0687790"
"201900019145";"13";"10";"2019";"03:45";"3";"78";"78466";"1";"1";"1";"6";"A13";"48,9204510";"2,0042080"
"201900019146";"14";"10";"2019";"21:30";"3";"95";"95582";"1";"9";"2";"3";"AUTOROUTE A115";"48,9751500";"2,2413700"
"201900019147";"14";"10";"2019";"18:00";"1";"92";"92036";"1";"1";"1";"2";"AUTOROUTE A86";"48,9351324";"2,3197684"
"201900019148";"14";"10";"2019";"10:00";"1";"93";"93053";"1";"1";"1";"5";"AUTOROUTE A3";"48,8957500";"2,4705300"
"201900019149";"14";"10";"2019";"10:00";"1";"93";"93027";"1";"1";"1";"3";"AUTOROUTE A86";"48,9256800";"2,3963700"
"201900019150";"14";"10";"2019";"08:15";"1";"95";"95572";"1";"1";"1";"2";"RN 184";"49,0350900";"2,1150300"
"201900019151";"13";"10";"2019";"06:30";"3";"95";"95252";"1";"1";"1";"6";"AUTOROUTE A15";"48,9826600";"2,2204400"
"201900019152";"12";"10";"2019";"20:00";"3";"95";"95500";"1";"1";"1";"4";"AUTOROUTE A15";"49,0378600";"2,0888800"
"201900019153";"14";"10";"2019";"14:15";"1";"94";"94046";"1";"1";"1";"3";"A86 EXT";"48,8040866";"2,4486362"
"201900019154";"14";"10";"2019";"12:50";"1";"75";"75112";"1";"1";"1";"3";"A4";"48,8179680";"2,4556620"
"201900019155";"14";"10";"2019";"09:40";"1";"77";"77251";"1";"1";"1";"3";"RN104";"48,6267000";"2,5389000"
"201900019156";"13";"10";"2019";"21:40";"2";"77";"77122";"1";"1";"1";"6";"RN104";"48,6456300";"2,5516300"
"201900019157";"12";"10";"2019";"10:35";"1";"93";"93005";"2";"1";"1";"5";"JEAN MONET (CARREFOUR)";"48,9547900";"2,5101800"
"201900019158";"13";"10";"2019";"09:15";"1";"974";"97411";"1";"1";"8";"1";"LITTORAL (ROUTE 2 DU)";" -20,8811080";"55,3949162"
"201900019159";"8";"10";"2019";"17:50";"1";"973";"97302";"2";"1";"1";"1";"BARRAT (DU DOCTEUR)";"4,9373769";" -52,3289752"
"201900019160";"13";"10";"2019";"11:35";"1";"69";"69388";"2";"3";"1";"2";"PAUL SANTY                          (AV)";"45,7353900";"4,8702300"
"201900019161";"12";"10";"2019";"08:55";"1";"972";"97209";"2";"1";"1";"6";"ALLEGRE (BOULEVARD)";"14,6072600";" -61,0728400"
"201900019162";"13";"10";"2019";"16:13";"1";"2B";"2B033";"1";"1";"1";"3";"IMPERIALE - ROUTE";"42,6731600";"9,4372000"
"201900019163";"13";"10";"2019";"07:20";"5";"95";"95585";"2";"1";"1";"2";"DIVISION LECLERC (AVENUE DE LA)";"48,9791810";"2,3685010"
"201900019164";"12";"10";"2019";"03:00";"5";"95";"95176";"2";"1";"1";"6";"92 BVD GEORGES CLEMENCEAU";"48,9758200";"2,1859700"
"201900019165";"13";"10";"2019";"19:10";"5";"91";"91421";"2";"1";"8";"3";"JEAN JAURES (AVENUE)";"48,7158700";"2,4468000"
"201900019166";"13";"10";"2019";"12:30";"1";"91";"91174";"2";"3";"1";"6";"ROBINSON (RUE)";"48,6057400";"2,4647900"
"201900019167";"11";"10";"2019";"15:59";"1";"88";"88413";"2";"7";"1";"6";"Place DE GAULLE";"48,2895600";"6,9499200"
"201900019168";"13";"10";"2019";"01:25";"3";"83";"83069";"1";"1";"1";"6";"SAINT LAZARE ( CHEMIN )";"43,1177100";"6,1662200"