"Num_Acc";"jour";"mois";"an";"hrmn";"lum";"dep";"com";"agg";"int";"atm";"col";"adr";"lat";"long"
"201900019169";"13";"10";"2019";"22:00";"3";"77";"77332";"1";"1";"1";"7";"D9-THIEUX (RUE DE)";"49,0088100";"2,6821400"
"201900019170";"12";"10";"2019";"22:16";"5";"76";"76259";"2";"1";"9";"7";"COUTURIER ( RUE GUSTAVE)";"49,7538600";"0,3851400"
"201900019171";"12";"10";"2019";"16:10";"1";"74";"74012";"2";"9";"1";"3";"VERDUN (AVENUE DE)";"46,1847400";"6,2418000"
"201900019172";"13";"10";"2019";"19:45";"5";"71";"71076";"2";"2";"1";"3";"MICHELET (RUE)";"46,7830100";"4,8473900"
"201900019173";"13";"10";"2019";"04:50";"5";"69";"69266";"2";"1";"1";"2";"LAURENT BONNEVAY    (Boulevard)";"45,7846500";"4,8652000"
"201900019174";"9";"10";"2019";"18:06";"1";"69";"69290";"2";"3";"1";"4";"JULES VERNE                         (R )";"45,7012200";"4,9794500"
"201900019175";"11";"10";"2019";"13:30";"1";"65";"65440";"2";"1";"1";"6";"BARERE (AVENUE BERTRAND)";"43,2370960";"0,0714210"
"201900019176";"13";"10";"2019";"23:00";"5";"64";"64102";"2";"1";"1";"7";"PAULMY (AVENUE DES ALLEES)";"43,4937931";" -1,4796076"
"201900019177";"9";"10";"2019";"16:00";"1";"62";"62525";"2";"4";"1";"3";"BRUYERES (RTE DES...N°97et+ ET 66 et+ )";"50,7326000";"2,2517200"
"201900019178";"13";"10";"2019";"06:25";"5";"62";"62617";"2";"9";"1";"6";"LAC (AVENUE DU)";"50,4725600";"2,6800500"
"201900019179";"13";"10";"2019";"00:45";"5";"62";"62758";"2";"1";"8";"6";"ORME ( Rue de l')";"50,7123000";"1,6292000"
"201900019180";"12";"10";"2019";"20:05";"5";"62";"62863";"2";"3";"1";"3";"MARAIS ( RUE DU )";"50,5461000";"2,7860800"
"201900019181";"13";"10";"2019";"00:34";"5";"59";"59360";"2";"1";"1";"2";"BAZINGHIEN RUE DU";"50,6193970";"3,0185620"
"201900019182";"13";"10";"2019";"16:20";"1";"59";"59378";"2";"2";"1";"3";"REPUBLIQUE AV DE LA (N°834-920)";"50,6619249";"3,0963045"
"201900019183";"12";"10";"2019";"08:45";"1";"59";"59346";"2";"3";"1";"3";"R.D. 48";"50,6179800";"3,1155200"
"201900019184";"13";"10";"2019";"05:00";"3";"42";"42316";"2";"1";"1";"3";"KENNEDY (RUE DU PRESIDENT)";"45,3991970";"4,2590060"
"201900019185";"13";"10";"2019";"13:23";"1";"37";"37261";"2";"1";"1";"6";"TONNELLE (BOULEVARD)";"47,3840346";"0,6682116"
"201900019186";"13";"10";"2019";"01:30";"3";"27";"27375";"1";"1";"1";"6";"HAYE MALHERBE (ROUTE DE LA)";"49,2163700";"1,1552999"
"201900019187";"13";"10";"2019";"09:55";"1";"25";"25462";"2";"1";"7";"6";"ZARAUTZ (PLACE)";"46,9115700";"6,3509000"
"201900019188";"12";"10";"2019";"15:10";"1";"13";"13216";"2";"1";"1";"2";"ALBIN MEYLAN (RUE)";"43,3642900";"5,3409600"
"201900019189";"13";"10";"2019";"05:50";"5";"13";"13211";"2";"1";"1";"2";"FRANCOIS CHARNIGNY (AVENUE)";"43,2937310";"5,4835200"
"201900019190";"9";"10";"2019";"17:15";"1";"13";"13005";"2";"9";"1";"7";"COURONNE DES PINS (AVENUE DE LA)";"43,2780900";"5,5542000"
"201900019191";"13";"10";"2019";"20:50";"3";"12";"12305";"1";"1";"1";"3";"PIMPEU LIEU-DIT";"44,5630000";"2,2142000"
"201900019192";"13";"10";"2019";"18:00";"1";"10";"10357";"1";"1";"1";"2";"R.N. 19";"48,2900000";"4,1392000"
"201900019193";"13";"10";"2019";"17:22";"1";"10";"10387";"2";"2";"1";"3";"SIMART (RUE)";"48,3034800";"4,0808100"
"201900019194";"13";"10";"2019";"18:20";"2";"6";"06088";"2";"1";"1";"3";"PAPE JEAN XXIII (BD)";"43,7134420";"7,2944800"
"201900019195";"13";"10";"2019";"11:00";"1";"6";"06088";"2";"1";"1";"2";"ANGLAIS (DU N° 265 AU N° 350)";"43,6794930";"7,2302570"
"201900019196";"12";"10";"2019";"11:22";"1";"6";"06083";"2";"1";"1";"1";"GORBIO (ROUTE DE)";"43,7721010";"7,4782650"
"201900019197";"12";"10";"2019";"14:50";"1";"2";"02157";"1";"1";"1";"2";"RD 51";"49,6034338";"3,6799399"
"201900019198";"13";"10";"2019";"18:50";"1";"75";"75118";"2";"1";"8";"3";"BD PERIPHERIQUE EXTERIEUR";"48,9008440";"2,3670720"
"201900019199";"13";"10";"2019";"18:05";"1";"75";"75119";"2";"1";"1";"1";"RUE MANIN";"48,8809430";"2,3801500"
"201900019200";"13";"10";"2019";"20:30";"5";"75";"75117";"2";"2";"1";"3";"AVENUE DE VILLIERS";"48,8832820";"2,3072650"
"201900019201";"12";"10";"2019";"13:00";"1";"75";"75117";"2";"2";"1";"3";"AVENUE DE WAGRAM";"48,8803378";"2,2998199"
"201900019202";"13";"10";"2019";"07:30";"2";"75";"75116";"2";"2";"1";"5";"AVENUE FOCH";"48,8731470";"2,2844560"
"201900019203";"13";"10";"2019";"13:05";"1";"75";"75105";"2";"7";"1";"3";"PLACE VALHUBERT";"48,8442357";"2,3647731"
"201900019204";"13";"10";"2019";"21:15";"5";"75";"75112";"2";"3";"1";"6";"BOULEVARD DIDEROT";"48,8471489";"2,3849941"
"201900019205";"13";"10";"2019";"18:40";"2";"75";"75108";"2";"7";"2";"7";"COURS LA REINE";"48,8649406";"2,3193222"
"201900019206";"12";"10";"2019";"12:15";"1";"75";"75108";"2";"4";"1";"3";"AVENUE GEORGE V";"48,8661490";"2,3013630"
"201900019207";"13";"10";"2019";"20:00";"5";"75";"75109";"2";"3";"1";"7";"RUE SAINT LAZARE";"48,8757067";"2,3277750"
"201900019208";"13";"10";"2019";"15:55";"1";"94";"94080";"2";"9";"1";"3";"JULES MASSENET (R)";"48,8496000";"2,4532000"
"201900019209";"13";"10";"2019";"05:15";"3";"94";"94019";"2";"1";"1";"7";"L'HIPPODROME (AV DE)";"48,8006600";"2,5719800"
"201900019210";"13";"10";"2019";"21:30";"5";"94";"94017";"2";"2";"1";"2";"ALLIES (BD DES)";"48,8293680";"2,4934750"
"201900019211";"13";"10";"2019";"14:30";"1";"93";"93064";"2";"2";"1";"3";"LAENNEC (RUE)";"48,8811500";"2,4951900"
"201900019212";"13";"10";"2019";"12:30";"1";"93";"93077";"2";"2";"1";"3";"AULNAY (BOULEVARD D') 1-127 ET 2-104";"48,8962800";"2,5054500"
"201900019213";"13";"10";"2019";"20:39";"5";"93";"93033";"2";"9";"1";"3";"GUY MOCQUET (BOULEVARD)";"48,8620100";"2,5835200"
"201900019214";"13";"10";"2019";"18:15";"1";"93";"93048";"2";"1";"2";"6";"SERGENT BOBILLOT (RUE DU)";"48,8548000";"2,4339000"
"201900019215";"13";"10";"2019";"01:19";"5";"93";"93005";"2";"9";"1";"3";"MARC CHAGALL (BOULEVARD)";"48,9544764";"2,5109267"
"201900019216";"13";"10";"2019";"15:10";"1";"92";"92051";"2";"1";"1";"3";"BINEAU (BOULEVARD, N°133 A 217 ET 134 A";"48,8937000";"2,2673000"
"201900019217";"13";"10";"2019";"20:00";"3";"92";"92062";"2";"1";"1";"2";"RUE PIERRE GAUDIN";"48,8874000";"2,2448000"
"201900019218";"13";"10";"2019";"12:30";"1";"92";"92012";"2";"1";"1";"6";"MARECHAL DE LATTRE DE TASSIGNY (AVENUE)";"48,8408600";"2,2269200"
"201900019219";"12";"10";"2019";"23:25";"3";"49";"49244";"1";"1";"1";"2";"La Fuie (La Pommeraye)";"47,3708950";" -0,8587600"
"201900019220";"13";"10";"2019";"22:30";"5";"91";"91016";"2";"2";"1";"3";"Avenue du Général de Gaulle";"48,3154440";"1,9994160"
"201900019221";"20";"9";"2019";"13:20";"1";"95";"95313";"2";"1";"1";"6";"Rue Nouvelle";"49,1100990";"2,2116690"
"201900019222";"13";"10";"2019";"15:49";"1";"68";"68005";"1";"1";"1";"7";"Ammerschwihr";"48,1154020";"7,2379910"
"201900019223";"13";"10";"2019";"11:50";"1";"84";"84029";"2";"1";"1";"6";"Rue de l'Eglise";"44,1648550";"4,8742780"
"201900019224";"14";"10";"2019";"01:00";"3";"71";"71555";"1";"1";"1";"5";"A6 PR 341";"46,6985722";"4,8428464"
"201900019225";"13";"10";"2019";"18:00";"1";"38";"38337";"2";"4";"1";"3";"Rue de l'Hopital";"45,3534200";"5,5015500"
"201900019226";"14";"10";"2019";"21:00";"3";"60";"60069";"1";"1";"6";"2";"d922";"49,1536815";"2,9411431"
"201900019227";"5";"9";"2019";"16:20";"1";"37";"37261";"1";"4";"1";"4";"Autoroute A10 entrée 20 vers BORDEAUX";"47,4078838";"0,7206023"
"201900019228";"14";"10";"2019";"09:45";"1";"35";"35251";"1";"2";"8";"3";"Les Ecrannes";"48,2611260";" -1,5810540"
"201900019229";"14";"10";"2019";"11:20";"1";"89";"89172";"1";"1";"1";"7";"départementale 40";"48,2290040";"3,3836925"
"201900019230";"12";"9";"2019";"16:00";"1";"51";"51075";"1";"1";"1";"2";"RD 30";"49,3439562";"4,0867779"
"201900019231";"13";"10";"2019";"18:00";"2";"78";"78234";"1";"1";"3";"6";"2 Route de Dammartin";"48,9334820";"1,6264700"
"201900019232";"14";"10";"2019";"06:50";"3";"33";"33488";"1";"3";"1";"3";"D670";"44,7969050";" -0,1247930"
"201900019233";"11";"10";"2019";"17:40";"1";"32";"32132";"2";"1";"1";"1";"34 Avenue Clément Fayat";"43,8528810";"0,6542730"
"201900019234";"13";"10";"2019";"02:30";"3";"11";"11378";"1";"1";"1";"6";"D114";"43,0890110";"2,5189470"
"201900019235";"14";"10";"2019";"08:00";"1";"71";"71368";"1";"1";"1";"6";"Les Pelletiers";"47,0522040";"4,2961370"
"201900019236";"6";"10";"2019";"11:10";"1";"89";"89460";"2";"2";"2";"4";"D103/D156";"48,3352507";"3,0641141"
"201900019237";"12";"10";"2019";"18:15";"1";"49";"49125";"1";"1";"1";"6";"RD 159";"47,2161320";" -0,3337530"
"201900019238";"10";"10";"2019";"20:10";"2";"47";"47095";"1";"1";"1";"7";"Groussat";"44,4302610";"0,2851500"
"201900019239";"29";"9";"2019";"09:30";"1";"34";"34114";"2";"1";"1";"6";"Boulevard de l'Esplanade";"43,6530650";"3,5527400"
"201900019240";"7";"9";"2019";"19:30";"1";"34";"34096";"1";"1";"1";"2";"Faugeres D909";"43,5845200";"3,1672250"
"201900019241";"1";"10";"2019";"21:45";"3";"68";"68126";"2";"1";"3";"6";"Rue de Buschwiller";"47,5601770";"7,5147420"
"201900019242";"13";"10";"2019";"13:00";"1";"39";"39126";"1";"3";"1";"3";"N/A";"46,5931410";"5,9562990"
"201900019243";"13";"10";"2019";"07:25";"3";"29";"29259";"1";"1";"2";"6";"1 Venelle Saint-roch";"48,6775650";" -3,9861730"
"201900019244";"13";"10";"2019";"20:05";"3";"2";"02581";"1";"3";"1";"5";"Paars";"49,3186710";"3,6020660"
"201900019245";"13";"10";"2019";"18:54";"1";"3";"03118";"1";"1";"1";"3";"N/A";"46,1004560";"3,2264977"
"201900019246";"11";"10";"2019";"08:50";"1";"1";"01320";"2";"1";"7";"3";"223 Route de Bourg";"46,2990850";"4,8806070"
"201900019247";"13";"10";"2019";"15:00";"1";"54";"54567";"1";"1";"1";"7";"route départementale D22";"48,4596960";"6,3647030"
"201900019248";"22";"9";"2019";"15:00";"1";"72";"72150";"1";"1";"1";"7";"Les Petites Forges";"48,0990690";"0,2411630"
"201900019249";"12";"10";"2019";"11:00";"1";"6";"06136";"1";"1";"1";"6";"rd2204";"43,8593820";"7,4277780"
"201900019250";"13";"10";"2019";"15:45";"1";"14";"14400";"1";"1";"2";"6";"D12";"49,2879090";" -0,5929840"
"201900019251";"14";"10";"2019";"08:50";"1";"50";"50484";"2";"1";"2";"1";"Route de Saint-James";"48,5703810";" -1,0959530"
"201900019252";"14";"10";"2019";"10:30";"1";"45";"45323";"2";"1";"1";"6";"2 RTE IMPERIALE - D965";"47,5800550";"2,9079475"
"201900019253";"12";"10";"2019";"17:10";"1";"64";"64060";"2";"1";"1";"2";"D146 - PR 1+900";"43,3073107";" -0,4749942"
"201900019254";"14";"10";"2019";"18:15";"1";"73";"73070";"1";"1";"1";"7";"Chemin des Chancrins";"45,6371485";"5,6781394"
"201900019255";"13";"10";"2019";"16:45";"1";"43";"43240";"1";"1";"1";"6";"Rue de la Croix";"45,2510990";"3,9968880"
"201900019256";"14";"10";"2019";"14:25";"1";"7";"07172";"1";"1";"1";"7";"Peaugres";"45,2854700";"4,7315240"
"201900019257";"13";"10";"2019";"15:00";"1";"24";"24412";"1";"1";"1";"7";"D64";"44,9967530";"1,2533890"
"201900019258";"11";"10";"2019";"20:00";"3";"24";"24311";"1";"1";"1";"1";"D707";"45,5195940";"0,6994790"
"201900019259";"14";"10";"2019";"07:30";"2";"24";"24480";"1";"1";"1";"7";"La chassagne";"45,0763680";"0,6187980"
"201900019260";"13";"10";"2019";"18:45";"1";"27";"27346";"2";"5";"2";"6";"d20";"49,2990550";"1,3521590"
"201900019261";"13";"10";"2019";"23:10";"3";"37";"37167";"1";"1";"1";"6";"La Barberaie";"47,5455840";"0,5029050"
"201900019262";"14";"10";"2019";"07:45";"1";"52";"52524";"1";"3";"7";"3";"N67";"48,2699470";"5,1169600"
"201900019263";"14";"10";"2019";"13:43";"1";"73";"73002";"1";"1";"1";"2";"A43 PK 134.900";"45,5276603";"6,3087245"
"201900019264";"14";"10";"2019";"07:30";"1";"13";"13113";"1";"1";"1";"4";"A51";"43,5739810";"5,4699610"
"201900019265";"14";"10";"2019";"08:34";"1";"1";"01355";"1";"2";"7";"3";"D47";"46,2672070";"5,0059850"
"201900019266";"14";"10";"2019";"14:17";"1";"1";"01363";"1";"3";"1";"3";"D1084";"46,0387600";"5,3526730"
"201900019267";"12";"10";"2019";"18:15";"5";"971";"97103";"2";"1";"1";"3";"Rue Georges Sheikboudhou, TERRAIN CHALDER";"16,2415740";" -61,5974860"
"201900019268";"18";"8";"2019";"06:50";"1";"971";"97103";"1";"1";"1";"5";"RN 1 - LA JAILLE";"16,2542910";" -61,5515940"
"201900019269";"11";"10";"2019";"21:40";"3";"27";"27102";"1";"1";"1";"3";"A13";"49,3699900";"0,7593460"
"201900019270";"13";"10";"2019";"19:30";"3";"987";"98725";"1";"1";"1";"7";"pk 13 C/mer orofara";" -17,5625910";" -149,4760510"
"201900019271";"14";"10";"2019";"20:00";"5";"976";"97608";"1";"1";"1";"3";"Boulevard des Crabes";" -12,7864300";"45,2621540"
"201900019272";"13";"10";"2019";"12:50";"1";"77";"77183";"2";"6";"1";"3";"D402 X D204 X D407";"48,9427750";"3,1275545"
"201900019273";"13";"10";"2019";"15:40";"1";"78";"78125";"1";"1";"1";"1";"Route de Clairefontaine";"48,6335400";"1,9344140"
"201900019274";"14";"10";"2019";"14:00";"1";"2B";"2B083";"1";"1";"1";"6";"D84";"42,3749920";"9,1170010"
"201900019275";"11";"10";"2019";"06:45";"3";"13";"13014";"2";"1";"8";"6";"219 Impasse de l'Aviation";"43,4762331";"5,1700908"
"201900019276";"14";"10";"2019";"07:30";"1";"38";"38539";"1";"1";"1";"1";"D1075";"45,8603240";"5,3899880"
"201900019277";"14";"10";"2019";"14:45";"1";"38";"38562";"1";"1";"1";"1";"RN 91";"45,0672417";"5,7621896"
"201900019278";"14";"10";"2019";"15:30";"1";"38";"38412";"2";"2";"1";"4";"Avenue Victor Hugo";"45,3880700";"5,7281400"
"201900019279";"9";"10";"2019";"08:45";"1";"17";"17360";"2";"4";"3";"3";"rue du 11 novembre";"46,1546500";" -1,3238480"
"201900019280";"8";"10";"2019";"18:35";"1";"86";"86137";"1";"6";"1";"3";"Les Landes";"47,0017420";"0,0689220"
"201900019281";"13";"10";"2019";"07:45";"3";"33";"33498";"1";"1";"1";"2";"70 Route de Caplanne";"44,5522800";" -0,9211600"
"201900019282";"12";"10";"2019";"20:45";"3";"53";"53175";"1";"1";"1";"5";"D103";"48,0224390";" -0,6675230"
"201900019283";"13";"10";"2019";"22:15";"3";"60";"60103";"1";"1";"1";"5";"route nationale 31";"49,4184790";"2,2517950"
"201900019284";"14";"10";"2019";"15:38";"1";"80";"80293";"1";"3";"1";"6";"D135";"49,6611100";"2,6179410"
"201900019285";"14";"10";"2019";"19:30";"3";"62";"62746";"1";"1";"3";"6";"RD 119";"50,6580160";"1,6050160"
"201900019286";"13";"10";"2019";"14:25";"1";"13";"13085";"1";"1";"1";"2";"A50-Sens Toulon vers Aubagne";"43,1932600";"5,6699400"
"201900019287";"18";"9";"2019";"08:30";"1";"69";"69297";"1";"1";"1";"2";"A47";"45,5891800";"4,7781300"
"201900019288";"13";"10";"2019";"07:00";"3";"33";"33090";"1";"1";"1";"2";"AUTOROUTE A 63";"44,7691400";" -0,6648900"
"201900019289";"13";"10";"2019";"04:20";"5";"91";"91689";"1";"1";"1";"2";"AUTOROUTE A6B";"48,7446900";"2,3229400"
"201900019290";"13";"10";"2019";"02:30";"3";"78";"78291";"1";"1";"1";"7";"A13";"48,9655020";"1,7585150"
"201900019291";"13";"10";"2019";"09:15";"1";"93";"93027";"1";"1";"1";"2";"AUTOROUTE A86";"48,9260300";"2,3990600"
"201900019292";"7";"10";"2019";"16:10";"1";"93";"93005";"1";"1";"1";"4";"AUTOROUTE A1";"48,9624600";"2,4710500"
"201900019293";"13";"10";"2019";"19:55";"5";"77";"77514";"1";"1";"8";"2";"A104";"48,9496993";"2,6287152"
"201900019294";"11";"10";"2019";"17:45";"1";"63";"63014";"2";"1";"1";"3";"COURNON (AVENUE DE)";"45,7545700";"3,1428000"
"201900019295";"12";"10";"2019";"14:00";"1";"974";"97416";"2";"1";"1";"6";"RN3 (ANCIENNE ROUTE)";" -21,3007800";"55,5018200"
"201900019296";"12";"10";"2019";"15:40";"1";"974";"97411";"2";"2";"1";"3";"JAURES (BLD 1 JEAN)";" -20,8888400";"55,4487700"
"201900019297";"12";"10";"2019";"08:25";"1";"973";"97302";"2";"1";"1";"6";"MERE THERESA (rue)";"4,9214566";" -52,3126208"
"201900019298";"12";"10";"2019";"14:00";"1";"69";"69387";"2";"2";"1";"3";"GUILLOTIERE (DE LA)                 (GR)";"45,7530400";"4,8450700"
"201900019299";"12";"10";"2019";"11:50";"1";"69";"69387";"2";"1";"1";"1";"LORTET                              (R )";"45,7429800";"4,8354400"
"201900019300";"11";"10";"2019";"20:40";"5";"972";"97213";"1";"6";"1";"3";"ROUTE DEPARTEMENTALE 3";"14,6194500";" -60,9942200"
"201900019301";"12";"10";"2019";"08:00";"1";"972";"97209";"2";"1";"1";"3";"RD 41 (ROCADE)";"14,6154800";" -61,0610400"
"201900019302";"12";"10";"2019";"17:30";"1";"69";"69389";"2";"1";"8";"2";"PAUL SEDAILLIAN                     (QU)";"45,7945100";"4,8237500"
"201900019303";"11";"10";"2019";"12:05";"1";"69";"69081";"2";"9";"1";"6";"JEAN MARIE VIANNEY              CH";"45,7869000";"4,7830800"
"201900019304";"12";"10";"2019";"11:50";"1";"971";"97113";"2";"1";"1";"3";"RN4 - SECTION RIVIERA";"16,2105600";" -61,4730600"
"201900019305";"12";"10";"2019";"13:15";"1";"91";"91174";"2";"3";"1";"2";"LAFAYETTE ( RUE)";"48,6150500";"2,4704100"
"201900019306";"12";"10";"2019";"23:21";"5";"83";"83137";"2";"2";"1";"3";"BRIAND (AVE ARISTIDE DE 1 A 1219";"43,1256000";"5,8971000"
"201900019307";"11";"10";"2019";"17:35";"1";"71";"71497";"2";"6";"1";"3";"Rond-point de la Madone";"46,3363300";"4,8450900"
"201900019308";"13";"10";"2019";"00:10";"5";"59";"59508";"2";"1";"1";"6";"LILLE (RUE DE)LATERALE A DRONCKAERT";"50,7673000";"3,1213000"
"201900019309";"12";"10";"2019";"09:34";"1";"56";"56083";"2";"1";"2";"7";"LIBERATION ( AV. DE LA )";"47,8044400";" -3,2773500"
"201900019310";"12";"10";"2019";"21:00";"5";"54";"54395";"2";"5";"1";"3";"PAINLEVE (PLACE PAUL)";"48,6823300";"6,1661800"
"201900019311";"12";"10";"2019";"13:50";"1";"54";"54395";"2";"5";"1";"3";"SAINTE CATHERINE (QUAI)";"48,6955000";"6,1901000"
"201900019312";"12";"10";"2019";"21:35";"5";"44";"44109";"2";"1";"1";"7";"ROUTE DE SAINTE LUCE";"47,2317400";" -1,5224600"
"201900019313";"12";"10";"2019";"21:00";"5";"37";"37122";"2";"4";"1";"2";"MARTYRS (RUE DES)";"47,3532300";"0,6656100"
"201900019314";"12";"10";"2019";"14:54";"1";"37";"37261";"2";"2";"1";"2";"ROND POINT EMMAUS";"47,4302063";"0,7044567"
"201900019315";"11";"10";"2019";"12:08";"1";"37";"37122";"2";"1";"1";"6";"RD 37";"47,3499768";"0,6460840"
"201900019316";"11";"10";"2019";"10:46";"1";"37";"37261";"2";"3";"1";"2";"ROYER (BD JEAN)";"47,3797745";"0,6916864"
"201900019317";"12";"10";"2019";"08:10";"1";"35";"35238";"2";"1";"1";"3";"MARTENOT";"48,1124200";" -1,6735100"
"201900019318";"20";"4";"2019";"17:45";"1";"83";"83008";"1";"1";"1";"7";"Maupas";"43,5513420";"6,6990810"
"201900019319";"20";"4";"2019";"13:45";"1";"83";"83055";"1";"1";"1";"7";"N/A";"43,6229070";"6,6938538"
"201900019320";"20";"4";"2019";"14:10";"1";"6";"06122";"1";"1";"1";"1";"route de vence";"43,7462770";"7,1350590"
"201900019321";"19";"4";"2019";"11:35";"1";"6";"06157";"1";"9";"9";"7";"1325 Route de Saint-Jeannet";"43,7344240";"7,1225430"
"201900019322";"22";"4";"2019";"16:15";"1";"6";"06147";"1";"1";"1";"3";"1807 Route de Levens";"43,8137335";"7,2655664"
"201900019323";"26";"4";"2019";"17:50";"1";"4";"04063";"1";"1";"1";"1";"RD 4096";"43,7708410";"5,7619140"
"201900019324";"21";"4";"2019";"16:20";"1";"4";"04039";"1";"1";"1";"1";"RD 4085";"43,8596380";"6,4928290"
"201900019325";"19";"4";"2019";"11:30";"1";"4";"04039";"1";"1";"1";"7";"RD 4085";"43,8385150";"6,5455290"
"201900019326";"29";"4";"2019";"20:39";"3";"4";"04195";"2";"1";"1";"6";"RD 9";"44,3916560";"6,6241930"
"201900019327";"29";"4";"2019";"13:50";"1";"13";"13067";"2";"1";"6";"1";"Avenue de la Victoire";"43,7891690";"5,0449690"
"201900019328";"26";"4";"2019";"16:15";"1";"13";"13053";"2";"6";"1";"3";"avenue de craponne";"43,7302150";"5,1677710"
"201900019329";"4";"4";"2019";"22:00";"3";"13";"13014";"1";"6";"1";"2";"route departementale 113";"43,5266180";"5,1962990"
"201900019330";"20";"4";"2019";"12:20";"1";"13";"13030";"1";"1";"1";"3";"RD8N";"43,2671530";"5,7277970"
"201900019331";"23";"4";"2019";"01:10";"3";"13";"13100";"1";"1";"2";"6";"RD99 PK11+952";"43,7843820";"4,8944210"
"201900019332";"20";"4";"2019";"12:15";"1";"13";"13004";"2";"1";"1";"1";"D453 - route de la Crau";"43,6455730";"4,7137470"
"201900019333";"9";"2";"2019";"23:15";"5";"13";"13062";"2";"1";"1";"3";"route du puit Gérard";"43,4128560";"5,5043520"
"201900019334";"25";"4";"2019";"08:55";"1";"13";"13111";"1";"1";"8";"1";"RD11";"43,5605480";"5,6225680"
"201900019335";"21";"4";"2019";"08:50";"1";"26";"26072";"1";"1";"1";"6";"Autoroute A7, PK 51.400, sens N/S";"45,0992740";"4,8782420"
"201900019336";"21";"4";"2019";"20:15";"2";"89";"89067";"2";"2";"1";"7";"3 Rue du Moulin d'En Haut";"47,9916123";"3,3415286"
"201900019337";"20";"4";"2019";"10:35";"1";"71";"71512";"2";"1";"1";"6";"27 route de chalon";"46,6490220";"4,8711180"
"201900019338";"19";"4";"2019";"15:35";"1";"71";"71555";"2";"1";"1";"3";"RN6";"46,7119450";"4,8647450"
"201900019339";"21";"4";"2019";"18:20";"1";"10";"10314";"1";"1";"7";"7";"route départementale 56 - lieu dit Romaine""";"48,5160640";"4,3199660"
"201900019340";"30";"4";"2019";"14:55";"1";"8";"08328";"2";"1";"7";"6";"64 Rue Chanzy";"49,8175480";"4,7437590"
"201900019341";"26";"4";"2019";"14:00";"1";"68";"68342";"1";"1";"1";"6";"RD 83";"47,8129680";"7,1962770"
"201900019342";"18";"4";"2019";"23:10";"3";"68";"68198";"1";"1";"1";"2";"D21 II";"47,6338860";"7,4017780"
"201900019343";"27";"4";"2019";"14:30";"1";"68";"68383";"1";"1";"2";"6";"Route départementale";"48,1687660";"7,3150610"
"201900019344";"26";"4";"2019";"17:30";"1";"67";"67520";"2";"3";"1";"6";"Place du Général Leclerc";"48,6372140";"7,4474860"
"201900019345";"20";"4";"2019";"12:45";"1";"67";"67411";"1";"1";"1";"3";"route de mollkich";"48,4960850";"7,4690070"
"201900019346";"28";"4";"2019";"19:50";"1";"67";"67169";"2";"1";"1";"6";"17 Rue de Bischwiller";"48,7546870";"7,8154600"
"201900019347";"25";"4";"2019";"07:45";"1";"67";"67348";"2";"3";"1";"6";"Rue des Bonnes Gens";"48,4659180";"7,4948240"
"201900019348";"23";"4";"2019";"08:40";"1";"67";"67028";"2";"3";"1";"3";"Rue de Strasbourg";"48,3757010";"7,6018290"
"201900019349";"19";"4";"2019";"15:45";"1";"88";"88531";"1";"1";"1";"2";"D 417 pk 043.850";"48,0536790";"7,0034580"
"201900019350";"19";"4";"2019";"12:40";"1";"88";"88196";"1";"1";"1";"6";"rd 417";"48,0845210";"6,9099890"
"201900019351";"19";"4";"2019";"17:10";"1";"55";"55454";"1";"1";"1";"7";"PK26";"48,7140510";"5,4465500"
"201900019352";"26";"4";"2019";"21:45";"3";"55";"55541";"1";"1";"1";"6";"RD 116";"48,8317660";"5,2076180"
"201900019353";"23";"4";"2019";"09:55";"1";"54";"54150";"2";"6";"1";"7";"Place de la Libération";"48,7901920";"6,1430870"
"201900019354";"21";"4";"2019";"10:55";"1";"57";"57659";"2";"1";"1";"5";"rue de forbach";"49,1915260";"6,9656230"
"201900019355";"21";"4";"2019";"16:50";"1";"57";"57017";"2";"2";"1";"1";"GRANDE RUE";"49,1687360";"6,0494260"
"201900019356";"20";"4";"2019";"00:15";"5";"57";"57620";"2";"2";"1";"3";"Rue d'Ars";"49,1899760";"6,0009480"
"201900019357";"20";"4";"2019";"16:18";"1";"3";"03290";"1";"1";"2";"1";"Les Saules";"46,6165655";"3,3365692"
"201900019358";"19";"4";"2019";"02:20";"3";"63";"63470";"1";"1";"1";"7";"Rue de Chatelguyon";"45,8849900";"3,0456240"
"201900019359";"20";"4";"2019";"13:30";"1";"74";"74185";"2";"3";"1";"2";"RD15";"46,1661980";"6,2383720"
"201900019360";"25";"4";"2019";"08:05";"1";"74";"74031";"1";"1";"1";"2";"D1201";"46,0966740";"6,1038670"
"201900019361";"24";"3";"2019";"12:57";"1";"74";"74243";"1";"1";"1";"2";"ROUTE DÉPARTEMENTALE 1206";"46,1368920";"6,0672150"
"201900019362";"22";"4";"2019";"15:50";"1";"73";"73150";"1";"1";"1";"1";"D224";"45,5162910";"6,6813754"