"Num_Acc";"jour";"mois";"an";"hrmn";"lum";"dep";"com";"agg";"int";"atm";"col";"adr";"lat";"long"
"201900019363";"26";"4";"2019";"11:50";"1";"42";"42324";"1";"1";"1";"4";"Rue de l'Étang Nicolas";"45,5552590";"4,2312040"
"201900019364";"26";"4";"2019";"10:20";"1";"42";"42012";"1";"1";"1";"6";"lieu dit la molle";"45,5974080";"3,9849560"
"201900019365";"22";"4";"2019";"16:30";"1";"38";"38468";"1";"1";"1";"2";"N 7";"45,3327100";"4,8057800"
"201900019366";"21";"4";"2019";"09:40";"1";"38";"38320";"1";"1";"1";"6";"RD1075";"45,8585160";"5,3929490"
"201900019367";"26";"4";"2019";"18:45";"1";"38";"38276";"2";"1";"1";"6";"RD 1085";"45,5560490";"5,3062260"
"201900019368";"19";"4";"2019";"15:15";"1";"38";"38474";"2";"1";"1";"2";"D1532";"45,2048740";"5,6638190"
"201900019369";"30";"4";"2019";"06:50";"2";"26";"26170";"1";"3";"1";"2";"Route Départementale 68";"44,9172790";"4,9474010"
"201900019370";"26";"4";"2019";"13:30";"1";"7";"07245";"1";"1";"8";"6";"route départementale 532";"45,0705620";"4,7791160"
"201900019371";"23";"4";"2019";"13:00";"1";"7";"07264";"1";"1";"8";"5";"RD 86";"44,3373210";"4,6419930"
"201900019372";"17";"4";"2019";"12:10";"1";"1";"01142";"2";"1";"1";"7";"94 Rue de Balan";"45,8502270";"5,0776300"
"201900019373";"23";"4";"2019";"05:55";"2";"1";"01435";"1";"1";"1";"1";"Route de Maconnex";"46,3001785";"6,0946242"
"201900019374";"20";"4";"2019";"11:05";"1";"1";"01065";"2";"3";"1";"6";"Route de Buesle";"46,1989940";"5,1561410"
"201900019375";"22";"4";"2019";"16:20";"1";"69";"69019";"1";"1";"1";"6";"route départementale 18";"46,1432110";"4,7033830"
"201900019376";"30";"4";"2019";"15:45";"1";"69";"69020";"1";"3";"1";"3";"CD 385";"45,8617140";"4,6652310"
"201900019377";"25";"4";"2019";"08:50";"1";"69";"69020";"1";"1";"6";"1";"route buissonnière";"45,8611160";"4,6660040"
"201900019378";"30";"4";"2019";"15:00";"1";"69";"69136";"1";"1";"1";"6";"D 386";"45,6242280";"4,7628000"
"201900019379";"20";"4";"2019";"13:30";"1";"69";"69131";"1";"1";"1";"7";"Route des Granges";"45,6978550";"4,6732630"
"201900019380";"20";"4";"2019";"00:30";"3";"69";"69201";"2";"1";"1";"6";"Boulevard du Val d'Argent";"45,7050780";"4,4670850"
"201900019381";"23";"4";"2019";"08:45";"1";"69";"69289";"1";"1";"2";"3";"Chemin des taches";"45,6450137";"5,0378891"
"201900019382";"19";"4";"2019";"14:15";"1";"69";"69288";"1";"1";"1";"1";"D29";"45,6991060";"5,0679720"
"201900019383";"26";"4";"2019";"02:15";"5";"69";"69068";"2";"1";"3";"6";"Quai Jean Moulin";"45,8447700";"4,8321180"
"201900019384";"26";"4";"2019";"08:40";"1";"69";"69085";"1";"1";"1";"2";"Route de Lyon";"45,8543990";"4,8391950"
"201900019385";"19";"4";"2019";"20:05";"2";"69";"69194";"2";"9";"1";"1";"110 Rocade des Monts-D'Or";"45,8199730";"4,8103850"
"201900019386";"19";"4";"2019";"17:00";"1";"69";"69127";"1";"1";"1";"1";"Chemin des Terres d'Or";"45,7826410";"4,7179430"
"201900019387";"22";"4";"2019";"11:30";"1";"81";"81039";"1";"2";"1";"6";"La Millotte";"43,7660990";"1,9093730"
"201900019388";"20";"4";"2019";"11:50";"1";"46";"46151";"1";"1";"1";"6";"A20, PK338.930";"44,6342300";"1,5250170"
"201900019389";"20";"4";"2019";"05:15";"3";"9";"09282";"1";"1";"1";"6";"1076 route d'espagne";"43,2310390";"1,5941200"
"201900019390";"14";"4";"2019";"14:30";"1";"9";"09293";"2";"1";"1";"7";"RD 17 lieu dit la Mouline";"42,9672500";"1,5217150"
"201900019391";"24";"4";"2019";"19:20";"1";"79";"79049";"2";"3";"2";"3";"Boulevard de la Caillère";"46,8000480";" -0,5130110"
"201900019392";"28";"4";"2019";"06:00";"3";"17";"17141";"2";"1";"8";"6";"Rue de la Charente";"45,7004190";" -0,4924890"
"201900019393";"19";"4";"2019";"21:35";"2";"17";"17141";"2";"1";"1";"6";"rue de charente";"45,6975620";" -0,4852020"
"201900019394";"21";"4";"2019";"08:00";"1";"64";"64217";"1";"1";"1";"7";"RD 24";"43,1907530";" -0,6904179"
"201900019395";"30";"4";"2019";"19:10";"1";"64";"64324";"1";"1";"1";"3";"D34, PR 12+992";"43,2462684";" -0,4921707"
"201900019396";"20";"4";"2019";"11:15";"1";"24";"24260";"1";"1";"1";"1";"Le Banconnau";"44,8756450";"0,7896500"
"201900019397";"28";"4";"2019";"17:50";"1";"24";"24257";"1";"1";"1";"7";"laroque";"44,7013000";"0,8984100"
"201900019398";"20";"4";"2019";"14:35";"1";"33";"33393";"1";"1";"1";"6";"Route de Paris";"44,9840100";" -0,2085000"
"201900019399";"26";"4";"2019";"19:15";"1";"33";"33293";"1";"1";"1";"6";"RN89 - Sortie 4 - Sens BORDEAUX- - LIBOURNE";"44,8775900";" -0,4105500"
"201900019400";"19";"4";"2019";"08:10";"1";"49";"49193";"1";"1";"1";"2";"RD 15 lieu dit les sources";"47,1562840";" -0,8943580"
"201900019401";"23";"3";"2019";"14:45";"1";"44";"44210";"1";"3";"1";"3";"Allée Emmanuel Caux";"47,3066207";" -2,2172470"
"201900019402";"26";"4";"2019";"18:59";"1";"61";"61341";"1";"1";"1";"1";"Route départementale 26";"48,5087790";"0,0660470"
"201900019403";"20";"4";"2019";"12:30";"1";"61";"61234";"1";"6";"1";"6";"intersection D1/N12";"48,4475000";"0,0378940"
"201900019404";"25";"4";"2019";"09:40";"1";"50";"50294";"1";"1";"1";"1";"RD 900";"49,5940520";" -1,6569550"
"201900019405";"28";"3";"2019";"12:15";"1";"50";"50025";"1";"1";"1";"6";"le tertre quesnoy";"48,6656990";" -1,3447990"
"201900019406";"26";"4";"2019";"19:30";"1";"56";"56046";"2";"6";"2";"3";"Rue de l'Europe (Crach)";"47,6656670";" -3,0234360"
"201900019407";"26";"4";"2019";"16:35";"1";"29";"29280";"1";"2";"1";"3";"Tal Ar Groas";"48,2369470";" -4,3591600"
"201900019408";"19";"4";"2019";"23:15";"4";"22";"22282";"2";"6";"1";"6";" la Croix aux Merles";"48,5826016";" -2,2342758"
"201900019409";"18";"4";"2019";"15:50";"1";"22";"22259";"2";"1";"1";"7";"Route de Dinan";"48,4496350";" -2,0788240"
"201900019410";"18";"4";"2019";"18:36";"1";"22";"22021";"2";"1";"1";"6";"Route de Broons";"48,3883270";" -2,1306660"
"201900019411";"15";"4";"2019";"15:05";"1";"22";"22059";"2";"6";"1";"3";"Rue de la Porte Boscher";"48,4273710";" -2,9128860"
"201900019412";"26";"4";"2019";"13:45";"1";"22";"22389";"1";"1";"2";"3";"les villes tanets";"48,4548142";" -2,7040701"
"201900019413";"18";"4";"2019";"14:45";"1";"35";"35256";"2";"3";"1";"3";"Rue du Buot";"48,6211570";" -2,1316760"
"201900019414";"22";"4";"2019";"00:30";"3";"35";"35031";"1";"1";"1";"7";"rallion";"48,1836060";" -1,4775150"
"201900019415";"19";"4";"2019";"08:00";"1";"27";"27469";"1";"1";"1";"7";"D79";"49,2804410";"1,1336550"
"201900019416";"18";"4";"2019";"15:55";"1";"27";"27016";"1";"1";"1";"1";"RD316 - PR 32";"49,2632200";"1,4497910"
"201900019417";"23";"3";"2019";"08:10";"2";"27";"27270";"2";"1";"1";"6";"RD 1 - PK 28+200";"49,2938080";"1,4035280"
"201900019418";"20";"4";"2019";"07:10";"1";"27";"27123";"1";"1";"1";"1";"Route Nationale 13";"49,0119720";"1,3133420"
"201900019419";"26";"4";"2019";"18:10";"1";"27";"27165";"2";"6";"1";"1";"Rue François Mittérrand conches";"48,9523610";"0,9461570"
"201900019420";"25";"4";"2019";"05:50";"3";"76";"76295";"1";"3";"3";"1";"D156";"49,6266449";"1,6267943"
"201900019421";"24";"4";"2019";"08:10";"1";"76";"76276";"2";"1";"2";"7";"20 Rue du Chant des Oiseaux";"49,6098170";"1,5478010"
"201900019422";"26";"4";"2019";"11:19";"1";"60";"60139";"2";"3";"1";"6";"10 Rue Pierre Wolf";"49,1656800";"2,2435680"
"201900019423";"21";"4";"2019";"18:50";"1";"60";"60398";"1";"1";"1";"3";"intersection rue des quatre rainettes et RD 4";"49,1631078";"2,2810522"
"201900019424";"22";"4";"2019";"18:40";"1";"60";"60491";"2";"1";"1";"6";"47 Rue Soeur Aurélie";"49,3439990";"2,9663280"
"201900019425";"19";"4";"2019";"04:45";"3";"60";"60674";"1";"1";"1";"6";"route nationale 31";"49,4099428";"2,9346060"
"201900019426";"30";"3";"2019";"16:45";"1";"60";"60674";"1";"2";"1";"2";"D973";"49,3736850";"2,9246240"
"201900019427";"27";"4";"2019";"18:22";"1";"60";"60439";"2";"1";"1";"6";"Rue gambetta";"49,3184449";"2,3194402"
"201900019428";"19";"4";"2019";"08:15";"1";"2";"02798";"1";"1";"1";"2";"La Bouloy";"48,8967766";"3,4184142"
"201900019429";"22";"4";"2019";"03:00";"3";"80";"80576";"2";"1";"1";"7";"Rue du Vieux Château";"49,7234550";"2,9507970"
"201900019430";"25";"4";"2019";"09:30";"1";"80";"80759";"1";"1";"1";"2";"A1 PK 93+100 SENS P/L";"49,6430770";"2,7592700"
"201900019431";"24";"4";"2019";"14:42";"1";"80";"80002";"1";"1";"1";"2";"A1 PK 118+880 sens PARIS/LILLE";"49,8549860";"2,8330440"
"201900019432";"23";"3";"2019";"10:10";"1";"62";"62889";"1";"9";"1";"7";"825 Rue du Flegard";"50,7721160";"1,7398140"
"201900019433";"28";"4";"2019";"12:15";"1";"62";"62861";"1";"1";"2";"2";"Route départementale 46E2";"50,3730760";"2,8327950"
"201900019434";"28";"4";"2019";"23:30";"3";"59";"59481";"1";"2";"5";"3";"Rue Berlandois";"50,2651097";"3,6513109"
"201900019435";"23";"4";"2019";"08:45";"1";"59";"59029";"2";"4";"1";"3";"Rue des Martyrs";"50,4772562";"3,2133508"
"201900019436";"9";"4";"2019";"13:35";"1";"59";"59192";"2";"3";"1";"3";"rue d'azincourt";"50,3176110";"3,2720990"
"201900019437";"28";"4";"2019";"21:55";"3";"59";"59643";"1";"1";"1";"1";"ROUTE DE COMINES";"50,7459860";"2,9532480"
"201900019438";"18";"4";"2019";"11:15";"1";"59";"59054";"2";"3";"1";"3";"Route de Saint-Omer";"50,7840840";"2,4555850"
"201900019439";"20";"4";"2019";"13:20";"1";"59";"59320";"1";"1";"1";"2";"rn41";"50,5481650";"2,8243950"
"201900019440";"27";"4";"2019";"15:00";"1";"13";"13214";"2";"1";"1";"2";"A507 sens Marseille - Aubagne";"43,3298000";"5,4033000"
"201900019441";"28";"4";"2019";"00:35";"3";"13";"13071";"1";"1";"1";"2";"A51-Sens Aix en Provence vers Marseille";"43,4134423";"5,3644411"
"201900019442";"27";"4";"2019";"04:20";"3";"13";"13001";"1";"1";"8";"6";"A51-Sens Marseille vers Aix en Provence";"43,5105450";"5,4179680"
"201900019443";"26";"4";"2019";"18:05";"1";"13";"13106";"1";"1";"1";"2";"A7-Sens Lyon vers Marseille";"43,4037600";"5,3128500"
"201900019444";"26";"4";"2019";"15:50";"1";"13";"13212";"1";"1";"1";"3";"A507 sens Marseille - Aubagne";"43,2959300";"5,4244030"
"201900019445";"25";"4";"2019";"23:45";"3";"13";"13005";"1";"1";"2";"6";"A50 - Sens Aubagne vers Marseille";"43,2755600";"5,5881700"
"201900019446";"25";"4";"2019";"17:30";"1";"13";"13071";"1";"1";"1";"2";"A7-Sens Marseille vers Lyon";"43,4152700";"5,2777500"
"201900019447";"25";"4";"2019";"17:09";"1";"13";"13026";"1";"1";"1";"3";"A55-Sens Martigues vers Marseille";"43,3976200";"5,1216300"
"201900019448";"25";"4";"2019";"09:30";"1";"13";"13215";"1";"1";"1";"4";"A7-Sens Marseille vers Lyon";"43,3593200";"5,3625800"
"201900019449";"24";"4";"2019";"23:05";"3";"13";"13056";"1";"1";"1";"6";"A55-Sens Marseille vers Martigues";"43,3995800";"5,0930900"
"201900019450";"24";"4";"2019";"12:00";"1";"13";"13071";"1";"1";"2";"4";"A7-Sens Marseille vers Lyon";"43,4778900";"5,2389700"
"201900019451";"24";"4";"2019";"07:45";"1";"13";"13081";"1";"1";"2";"2";"A7-Sens Lyon vers Marseille";"43,4778900";"5,2389700"
"201900019452";"20";"4";"2019";"23:00";"3";"13";"13071";"2";"9";"1";"3";"A7-Sens Lyon vers Marseille";"43,4036400";"5,3122900"
"201900019453";"20";"4";"2019";"22:25";"3";"13";"13106";"1";"9";"1";"3";"A51-Sens Marseille vers Aix en Provence";"43,4033200";"5,3574900"
"201900019454";"19";"4";"2019";"14:05";"1";"13";"13214";"2";"1";"1";"2";"A7-Sens Lyon vers Marseille";"43,3288290";"5,3779380"
"201900019455";"19";"4";"2019";"14:10";"1";"13";"13088";"1";"1";"1";"6";"A55-Sens Martigues vers Marseille";"43,3858600";"5,2402300"
"201900019456";"24";"4";"2019";"02:25";"3";"83";"83069";"1";"1";"1";"6";"Bretelle Sortie La Recense";"43,1152310";"6,1144500"
"201900019457";"23";"4";"2019";"09:25";"1";"83";"83062";"1";"1";"2";"3";"N/A";"43,1434000";"6,0142000"
"201900019458";"27";"4";"2019";"02:00";"3";"69";"69256";"1";"1";"1";"1";"A42     0.560 A 4.020";"45,8005720";"4,9273108"
"201900019459";"19";"4";"2019";"16:15";"1";"69";"69029";"1";"1";"1";"4";"RD383   7.640 A 11.044";"45,7413900";"4,9053200"
"201900019460";"25";"4";"2019";"18:45";"1";"69";"69272";"1";"1";"2";"3";"A46S   57.400 A 61.010";"45,6014105";"4,8568000"
"201900019461";"21";"4";"2019";"12:15";"1";"69";"69081";"1";"1";"1";"4";"A6   449.510 A 451.640";"45,7752400";"4,7837000"
"201900019462";"16";"4";"2019";"06:40";"2";"69";"69276";"1";"1";"8";"6";"BUS (RD301)   0.000 A 2.800";"45,6801200";"4,8465000"
"201900019463";"21";"4";"2019";"01:00";"4";"69";"69081";"1";"1";"1";"5";"A6   449.510 A 451.640";"45,7819300";"4,7818100"
"201900019464";"9";"4";"2019";"18:00";"1";"69";"69040";"1";"1";"1";"2";"A6   447.520 A 448.490";"45,8026700";"4,7715700"
"201900019465";"18";"4";"2019";"17:22";"1";"69";"69382";"1";"1";"1";"2";"A7   0.000 A 2.278";"45,7437009";"4,8264152"
"201900019466";"12";"4";"2019";"06:22";"5";"69";"69034";"1";"1";"1";"6";"BPNL   37.781 A 41.124";"45,7858300";"4,8482500"
"201900019467";"24";"4";"2019";"09:55";"1";"57";"57757";"1";"1";"1";"2";"Autoroute A31";"49,3447800";"6,1780000"
"201900019468";"19";"4";"2019";"18:45";"1";"57";"57356";"1";"1";"1";"2";"Autoroute A31";"49,4441600";"6,1187800"
"201900019469";"23";"4";"2019";"18:34";"1";"67";"67482";"1";"1";"1";"2";"Autoroute A.35";"48,5696300";"7,7314900"
"201900019470";"18";"4";"2019";"17:03";"1";"67";"67152";"1";"1";"1";"2";"Route Nationale 83";"48,5251200";"7,6954200"
"201900019471";"23";"4";"2019";"17:10";"1";"33";"33192";"1";"1";"3";"2";"AUTOROUTE A 63";"44,7801100";" -0,6390900"
"201900019472";"23";"4";"2019";"03:15";"3";"33";"33122";"1";"1";"1";"6";"AUTOROUTE A 63 ";"44,7356200";" -0,7186200"
"201900019473";"22";"4";"2019";"17:35";"1";"33";"33448";"1";"1";"1";"6";"AUTOROUTE A 62";"44,7146200";" -0,5176000"
"201900019474";"20";"4";"2019";"11:40";"1";"33";"33162";"1";"1";"1";"4";"ROCADE A 630";"44,8711300";" -0,6423400"
"201900019475";"27";"4";"2019";"20:50";"2";"91";"91521";"1";"1";"1";"7";"RN 104";"48,6290400";"2,4006600"
"201900019476";"27";"4";"2019";"19:00";"1";"91";"91471";"1";"1";"2";"2";"RN 118";"48,6976000";"2,1921500"
"201900019477";"27";"4";"2019";"13:00";"1";"91";"91340";"1";"1";"1";"2";"AUTOROUTE A6";"48,6068000";"2,4353000"
"201900019478";"27";"4";"2019";"12:20";"1";"91";"91340";"1";"1";"8";"3";"AUTOROUTE A6";"48,6052000";"2,4360000"
"201900019479";"26";"4";"2019";"15:35";"1";"94";"94038";"1";"1";"1";"3";"AUTOROUTE A6B";"48,7738900";"2,3461500"
"201900019480";"26";"4";"2019";"15:30";"1";"91";"91161";"1";"1";"1";"2";"AUTOROUTE A6";"48,7066000";"2,3058100"
"201900019481";"26";"4";"2019";"12:15";"1";"91";"91471";"1";"9";"1";"5";"RD 188 CHEVREUSE";"48,6943890";"2,1953820"
"201900019482";"25";"4";"2019";"10:03";"1";"91";"91161";"1";"1";"8";"4";"AUTOROUTE A126";"48,7115100";"2,2932700"
"201900019483";"24";"4";"2019";"08:40";"1";"91";"91136";"1";"1";"8";"5";"AUTOROUTE A126";"48,7122600";"2,2878500"
"201900019484";"24";"4";"2019";"07:30";"1";"91";"91340";"1";"1";"8";"4";"AUTOROUTE A6";"48,6005500";"2,4392800"
"201900019485";"23";"4";"2019";"10:45";"1";"91";"91037";"1";"1";"1";"7";"AUTOROUTE A6";"48,5363800";"2,4995100"
"201900019486";"22";"4";"2019";"09:30";"1";"91";"91468";"1";"1";"1";"7";"AUTOROUTE A6";"48,5759200";"2,4654500"
"201900019487";"21";"4";"2019";"12:30";"3";"94";"94037";"1";"1";"1";"6";"AUTOROUTE A6A";"48,8154000";"2,3447000"
"201900019488";"21";"4";"2019";"07:55";"1";"94";"94003";"1";"1";"1";"2";"AUTOROUTE A6A";"48,8114000";"2,3374000"
"201900019489";"21";"4";"2019";"01:54";"3";"91";"91086";"1";"1";"1";"2";"RN 104";"48,6247800";"2,3796500"
"201900019490";"20";"4";"2019";"11:15";"1";"92";"92019";"1";"1";"1";"7";"RN 385 INT";"48,7765078";"2,2348160"
"201900019491";"20";"4";"2019";"10:00";"1";"94";"94034";"1";"1";"1";"6";"AUTOROUTE A6B";"48,7528000";"2,3309000"
"201900019492";"19";"4";"2019";"23:55";"5";"91";"91377";"2";"9";"1";"3";"RN20";"48,7194470";"2,2990050"
"201900019493";"19";"4";"2019";"17:30";"1";"91";"91589";"1";"1";"1";"4";"AUTOROUTE A6";"48,6759400";"2,3401800"
"201900019494";"19";"4";"2019";"13:25";"1";"91";"91689";"1";"1";"1";"2";"AUTOROUTE A6A";"48,7457200";"2,3239400"
"201900019495";"19";"4";"2019";"06:45";"1";"91";"91064";"1";"1";"1";"7";"RN 118";"48,7651900";"2,2297000"
"201900019496";"30";"6";"2019";"18:24";"1";"91";"91021";"2";"6";"1";"7";"VERDUN (AVENUE DE)";"48,5861800";"2,2441500"
"201900019497";"28";"6";"2019";"18:19";"1";"91";"91021";"2";"1";"1";"7";"DIVISION LECLERC (AVENUE DE LA)";"48,5971120";"2,2458400"
"201900019498";"30";"6";"2019";"12:02";"1";"85";"85194";"2";"1";"1";"6";"BOULEVARD DU VENDEE GLOBE ";"46,5055400";" -1,7899200"
"201900019499";"25";"6";"2019";"17:20";"1";"84";"84007";"1";"1";"1";"2";"MONTFAVET (Route)";"43,9400500";"4,8334500"
"201900019500";"1";"7";"2019";"08:25";"1";"83";"83137";"2";"9";"1";"6";"15EME CORPS (AVE DU)";"43,1285000";"5,9156000"
"201900019501";"1";"7";"2019";"17:00";"1";"83";"83129";"2";"9";"1";"6";"CABRY (BD DE)";"43,1140200";"5,8115000"
"201900019502";"1";"7";"2019";"18:45";"1";"82";"82033";"2";"1";"1";"6";"RIOU TORD VC 3 BIS (CHEMIN DU) ";"44,0741800";"1,1322600"
"201900019503";"1";"7";"2019";"17:50";"1";"81";"81004";"2";"1";"1";"3";"Rue François ARAGO";"43,9292447";"2,1992639"
"201900019504";"28";"6";"2019";"16:15";"1";"80";"80021";"2";"1";"1";"6";"R LEO LAGRANGE";"49,9105420";"2,3118920"
"201900019505";"28";"6";"2019";"18:35";"1";"80";"80021";"2";"1";"1";"2";"171, BD BEAUVILLE ";"49,8988200";"2,3124000"
"201900019506";"28";"6";"2019";"14:10";"1";"80";"80489";"2";"1";"1";"3";"39, R HENRI BARBUSSE";"49,8722700";"2,3532400"
"201900019507";"28";"6";"2019";"19:35";"1";"80";"80021";"2";"2";"1";"3";"2, BD D'ALSACE LORRAINE ";"49,8923300";"2,3076700"
"201900019508";"29";"6";"2019";"20:35";"1";"80";"80021";"2";"1";"1";"6";"FRANCS MURIERS (RUE DES)";"49,8969300";"2,3002400"
"201900019509";"28";"6";"2019";"11:59";"1";"80";"80021";"2";"1";"1";"6";"AV DU GENERAL DE GAULLE ";"49,9060300";"2,3014800"
"201900019510";"27";"6";"2019";"19:40";"1";"80";"80021";"2";"1";"1";"3";"22, R DES AUGUSTINS ";"49,8948100";"2,3058300"
"201900019511";"28";"6";"2019";"15:50";"1";"77";"77462";"2";"1";"1";"1";"CLOSMES (RUE)";"49,0123100";"2,6693100"
"201900019512";"29";"6";"2019";"20:10";"1";"76";"76351";"2";"1";"1";"6";"GEORGES BRAQUE (RUE)";"49,4952100";"0,1038900"
"201900019513";"30";"6";"2019";"13:20";"1";"71";"71270";"2";"2";"1";"3";"Inters Pont St Laurent-Quai J. Jaurès";"46,3053700";"4,8356100"
"201900019514";"1";"7";"2019";"11:50";"1";"69";"69275";"2";"9";"1";"3";"WILSON                              (R )";"45,7657003";"4,9436681"
"201900019515";"9";"6";"2019";"01:58";"3";"69";"69091";"2";"9";"1";"2";"JEAN LIGONNET ( R )";"45,5949923";"4,7698420"
"201900019516";"30";"6";"2019";"15:25";"1";"69";"69091";"2";"2";"1";"1";"SEMARD (PIERRE) ( R )";"45,5846000";"4,7661600"
"201900019517";"29";"6";"2019";"21:15";"2";"67";"67482";"2";"3";"1";"5";"DANUBE (PONT DU)";"48,5740390";"7,7712630"
"201900019518";"28";"6";"2019";"23:15";"5";"67";"67482";"2";"3";"1";"6";"SCHIRMECK (ROUTE DE)";"48,5728220";"7,7164080"
"201900019519";"9";"6";"2019";"09:25";"1";"59";"59009";"2";"1";"1";"2";"FUSILLES RUE DES DU N°116 A FIN";"50,6101300";"3,1636200"
"201900019520";"30";"6";"2019";"16:40";"1";"59";"59350";"2";"1";"7";"3";"DUNKERQUE AVENUE DE";"50,6444400";"2,9751500"
"201900019521";"1";"7";"2019";"08:55";"1";"59";"59017";"2";"1";"1";"3";"EUROPE  (AVENUE DE L')";"50,6913400";"2,8730200"
"201900019522";"1";"7";"2019";"13:55";"1";"57";"57672";"2";"1";"1";"6";"GENERAL MANGIN (RUE)";"49,3568609";"6,1612192"
"201900019523";"28";"6";"2019";"17:25";"1";"57";"57508";"2";"1";"1";"6";"GARE (RUE DE LA)";"49,3417100";"6,0456400"
"201900019524";"30";"6";"2019";"13:38";"1";"57";"57283";"2";"1";"1";"6";"WILSON (RUE DU PRESIDENT)";"49,2466500";"6,1557100"
"201900019525";"1";"7";"2019";"15:20";"1";"56";"56260";"2";"1";"1";"2";"POMPIDOU(AVENUE GEORGES)";"47,6636800";" -2,7666300"
"201900019526";"29";"6";"2019";"00:10";"5";"54";"54270";"2";"1";"1";"7";"PASTEUR (RUE)";"49,4916900";"5,8678600"
"201900019527";"1";"7";"2019";"10:45";"1";"54";"54431";"2";"1";"1";"7";"DUROC (PLACE)";"48,9025200";"6,0543900"
"201900019528";"1";"7";"2019";"23:00";"5";"51";"51454";"2";"3";"1";"7";"RUE SAINT THIERRY";"49,2738600";"4,0103800"
"201900019529";"30";"6";"2019";"12:20";"1";"51";"51055";"2";"1";"1";"7";"RUE NEUVE";"49,2850381";"4,0573267"
"201900019530";"30";"6";"2019";"22:15";"5";"49";"49007";"2";"1";"1";"6";"ROI DE POLOGNE QUAI";"47,4963000";" -0,5621800"
"201900019531";"30";"6";"2019";"21:03";"1";"45";"45147";"2";"1";"1";"1";"RUE DE LA GROUETTE";"47,9354300";"1,9054900"
"201900019532";"29";"6";"2019";"11:45";"1";"45";"45004";"2";"1";"1";"1";"RUE DE LA COOPERATIVE";"47,9718129";"2,7519890"
"201900019533";"23";"6";"2019";"14:55";"1";"40";"40192";"2";"1";"1";"3";"JUIN (V DU MARECHAL)";"43,9058400";" -0,4735100"
"201900019534";"1";"7";"2019";"17:10";"1";"37";"37261";"2";"1";"1";"3";"BORDIERS (RUE DES)";"47,4239000";"0,6727100"
"201900019535";"1";"7";"2019";"15:00";"1";"37";"37261";"2";"1";"1";"4";"DASSAULT (AVENUE MARCEL)";"47,3647500";"0,6757600"
"201900019536";"30";"6";"2019";"17:05";"1";"35";"35281";"1";"1";"1";"7";"PORTE DE ST NAZAIRE";"48,0922580";" -1,7077340"
"201900019537";"19";"6";"2019";"15:45";"1";"34";"34172";"2";"1";"1";"3";"AGATHOIS (RUE DE L')";"43,6337179";"3,8246897"
"201900019538";"1";"7";"2019";"17:45";"1";"33";"33063";"2";"1";"1";"2";"BD DU PRESIDENT WILSON";"44,8459700";" -0,5985500"
"201900019539";"30";"6";"2019";"17:15";"1";"33";"33119";"2";"3";"1";"3";"AVE JEAN JAURES";"44,8557700";" -0,5347800"
"201900019540";"30";"6";"2019";"14:40";"1";"33";"33522";"2";"2";"1";"3";"RUE DE TREMEUGE";"44,8025100";" -0,5871200"
"201900019541";"30";"6";"2019";"04:30";"5";"31";"31555";"2";"1";"1";"3";"MATABIAU (BD) DU 1AU 75";"43,6158500";"1,4374100"
"201900019542";"1";"7";"2019";"08:07";"1";"29";"29019";"2";"6";"1";"3";"LOUPPE ALBERT (DE 1 A 69 ET 2 A 62)";"48,4047670";" -4,4771195"
"201900019543";"30";"6";"2019";"07:00";"1";"29";"29019";"2";"3";"1";"1";"KANT";"48,3946400";" -4,5193000"
"201900019544";"1";"7";"2019";"09:46";"1";"28";"28229";"1";"1";"1";"1";"RN 1154";"48,4520400";"1,4459500"
"201900019545";"27";"6";"2019";"10:20";"1";"26";"26252";"2";"1";"7";"6";"DELAUNE ALLEE AUGUSTE";"44,8749700";"4,8785400"
"201900019546";"1";"7";"2019";"19:30";"1";"21";"21231";"2";"1";"1";"6";"CHAMPOLLION (AVENUE)";"47,3347500";"5,0662300"
"201900019547";"30";"6";"2019";"04:30";"5";"21";"21231";"2";"7";"1";"6";"REPUBLIQUE (DE LA) (PLACE)";"47,3261900";"5,0454200"
"201900019548";"30";"6";"2019";"18:15";"1";"19";"19275";"1";"2";"7";"3";"BUSSIERTAS (RUE DE)";"45,5652300";"2,3172900"
"201900019549";"30";"6";"2019";"21:00";"1";"17";"17300";"2";"6";"1";"3";"SARTRE   AVENUE JEAN-PAUL";"46,1531200";" -1,1151300"
"201900019550";"1";"7";"2019";"09:00";"1";"17";"17200";"2";"1";"1";"2";"L'HERMITAGE";"46,1796400";" -1,1542800"
"201900019551";"1";"7";"2019";"17:30";"1";"14";"14220";"2";"1";"1";"6";"AGUSTE-DECAENS (RUE)";"49,3568924";"0,0870870"
"201900019552";"30";"6";"2019";"17:20";"1";"14";"14220";"2";"9";"7";"1";"REPUBLIQUE (AVENUE DE LA)";"49,3567600";"0,0724400"
"201900019553";"1";"7";"2019";"14:00";"1";"14";"14333";"2";"9";"1";"3";"RENOUF (RUE EMILE)";"49,4144100";"0,2437700"
"201900019554";"1";"7";"2019";"21:34";"1";"14";"14118";"2";"2";"1";"3";"JUIN (BOULEVARD MARECHAL)";"49,2103400";" -0,3674200"
"201900019555";"1";"7";"2019";"17:38";"1";"14";"14118";"2";"2";"1";"3";"DETOLLE (BOULEVARD ANDRE)";"49,1833600";" -0,3871200"