"Num_Acc";"jour";"mois";"an";"hrmn";"lum";"dep";"com";"agg";"int";"atm";"col";"adr";"lat";"long"
"201900019556";"30";"6";"2019";"16:30";"1";"14";"14125";"1";"1";"1";"5";"RD N° 07 ( DE  CAEN A DOUVRES )";"49,2264000";" -0,3697500"
"201900019557";"1";"7";"2019";"17:20";"1";"13";"13075";"2";"1";"1";"3";"7EME TIRAILLEUR (AVE)";"43,3460380";"5,4677140"
"201900019558";"1";"7";"2019";"10:00";"1";"13";"13211";"2";"1";"1";"3";"VALBARELLE (BOULEVARD DE LA )";"43,2876520";"5,4486520"
"201900019559";"1";"7";"2019";"10:40";"1";"13";"13209";"2";"1";"1";"3";"RABUTIN CHA (RUE)";"43,2622340";"5,4005990"
"201900019560";"1";"7";"2019";"14:30";"1";"13";"13047";"2";"9";"7";"3";"CAPEAU  CHEMIN DE";"43,5078600";"4,9675200"
"201900019561";"1";"7";"2019";"01:15";"5";"13";"13004";"2";"1";"1";"6";"QUAI DE LA ROQUETTE";"43,6769560";"4,6212120"
"201900019562";"1";"7";"2019";"00:20";"3";"13";"13001";"1";"1";"1";"6";"BERRE (ROUTE DE)";"43,5358670";"5,4014012"
"201900019563";"29";"6";"2019";"11:25";"1";"11";"11262";"2";"1";"1";"6";"MISTRAL (BOULEVARD FREDERIC)";"43,1850710";"3,0005610"
"201900019564";"1";"7";"2019";"07:10";"1";"10";"10333";"2";"1";"2";"6";"ABBAYE DE MONTIER LA CELLE (RUE DE)";"48,2853299";"4,0539309"
"201900019565";"30";"6";"2019";"08:08";"1";"10";"10387";"2";"1";"1";"7";"MOINES (RUE AUX)";"48,3066000";"4,0888000"
"201900019566";"1";"7";"2019";"17:40";"1";"6";"06088";"2";"1";"1";"6";"CASSIN (BD RENE)";"43,6663640";"7,2052330"
"201900019567";"29";"6";"2019";"17:03";"1";"6";"06104";"2";"1";"1";"6";"PEGLION (RUE ANTOINE)";"43,7741800";"7,4732800"
"201900019568";"1";"7";"2019";"16:20";"1";"6";"06029";"2";"1";"1";"1";"REPUBLIQUE (BOULEVARD DE LA)";"43,5608000";"7,0214000"
"201900019569";"30";"6";"2019";"03:50";"3";"5";"05061";"2";"3";"1";"7";"CLAIRIERE (CHEMIN DE)";"44,5664000";"6,0580700"
"201900019570";"28";"6";"2019";"12:00";"1";"4";"04112";"2";"6";"1";"6";"RD 907 RP Mc Donald's";"43,8199000";"5,7942600"
"201900019571";"1";"7";"2019";"17:15";"1";"75";"75119";"2";"4";"1";"2";"PORTE DE PANTIN";"48,8923730";"2,3954110"
"201900019572";"1";"7";"2019";"10:21";"1";"75";"75114";"2";"4";"1";"6";"RUE MAURICE RIPOCHE";"48,8327180";"2,3248820"
"201900019573";"29";"6";"2019";"21:20";"5";"75";"75115";"2";"2";"1";"3";"RUE DE LA CONVENTION";"48,8392570";"2,2919850"
"201900019574";"29";"6";"2019";"10:30";"1";"75";"75114";"2";"1";"1";"7";"RUE PERNETY";"48,8327910";"2,3200180"
"201900019575";"1";"7";"2019";"08:25";"1";"75";"75120";"2";"2";"1";"3";"RUE JULIEN LACROIX";"48,8719030";"2,3827300"
"201900019576";"1";"7";"2019";"17:00";"1";"75";"75119";"2";"2";"1";"6";"RUE DES BOIS";"48,8782530";"2,3979120"
"201900019577";"1";"7";"2019";"09:30";"1";"75";"75119";"2";"3";"1";"2";"RUE JEAN MENANS";"48,8811700";"2,3787600"
"201900019578";"1";"7";"2019";"12:15";"1";"75";"75117";"2";"3";"1";"1";"AVENUE DE LA PORTE D ASNIERES";"48,8910400";"2,3025310"
"201900019579";"1";"7";"2019";"18:30";"1";"75";"75116";"2";"3";"1";"3";"AVENUE DE NEW YORK";"48,8640940";"2,2994740"
"201900019580";"1";"7";"2019";"09:50";"1";"75";"75116";"2";"3";"1";"6";"AVENUE THEOPHILE GAUTIER";"48,8511900";"2,2751190"
"201900019581";"1";"7";"2019";"03:50";"4";"75";"75116";"2";"2";"1";"6";"PLACE DE LA PORTE D AUTEUIL";"48,8481260";"2,2587040"
"201900019582";"1";"7";"2019";"09:00";"1";"75";"75114";"2";"1";"1";"3";"BOULEVARD ADOLPHE PINARD";"48,8226160";"2,3128630"
"201900019583";"1";"7";"2019";"23:10";"5";"75";"75113";"2";"1";"1";"7";"RUE DE RUNGIS";"48,8218850";"2,3448210"
"201900019584";"1";"7";"2019";"10:50";"1";"75";"75113";"2";"3";"1";"6";"BOULEVARD KELLERMANN";"48,8202580";"2,3479570"
"201900019585";"1";"7";"2019";"07:20";"2";"75";"75112";"2";"3";"7";"3";"AVENUE DAUMESNIL";"48,8399390";"2,4321440"
"201900019586";"1";"7";"2019";"19:35";"1";"75";"75111";"2";"2";"1";"3";"RUE DE NEMOURS";"48,8656640";"2,3724290"
"201900019587";"1";"7";"2019";"16:20";"1";"75";"75110";"2";"2";"1";"6";"RUE SAINT MAUR";"48,8717930";"2,3719900"
"201900019588";"1";"7";"2019";"18:30";"1";"75";"75104";"2";"2";"1";"2";"BOULEVARD DE SEBASTOPOL";"48,8600630";"2,3490820"
"201900019589";"1";"7";"2019";"19:10";"1";"94";"94078";"2";"9";"1";"3";"ROLAND GARROS (R)";"48,7500000";"2,4500000"
"201900019590";"29";"6";"2019";"10:00";"1";"94";"94068";"2";"1";"1";"6";"BARATTE CHOLET (R)";"48,7980200";"2,4858400"
"201900019591";"30";"6";"2019";"22:45";"5";"94";"94019";"2";"1";"1";"1";"CROIX SAINT VINCENT (CHE DE LA)";"48,7900000";"2,5300000"
"201900019592";"1";"7";"2019";"17:00";"1";"93";"93073";"1";"1";"1";"2";"CHAPIT RE ( RUE DU)";"49,0025410";"2,5369340"
"201900019593";"1";"7";"2019";"19:25";"1";"93";"93064";"2";"3";"1";"6";"QUATRIEME ZOUAVES (RUE DU)";"48,8738300";"2,4818200"
"201900019594";"29";"6";"2019";"17:41";"1";"93";"93077";"2";"2";"1";"3";"NOISY (ROUTE DE) JUSQU'AU 45 ET 50";"48,8840000";"2,5000500"
"201900019595";"1";"7";"2019";"17:10";"1";"93";"93050";"2";"1";"1";"6";"ONZE NOVEMBRE (RUE)";"48,8631200";"2,5263800"
"201900019596";"1";"7";"2019";"08:28";"1";"93";"93049";"2";"2";"1";"6";"GALLIENI (BOULEVARD)";"48,8527900";"2,5129800"
"201900019597";"1";"7";"2019";"19:20";"1";"93";"93048";"2";"1";"1";"2";"CHANZY (BOULEVARD)";"48,8585800";"2,4336400"
"201900019598";"1";"7";"2019";"08:30";"1";"93";"93048";"2";"3";"1";"3";"PARIS (RUE DE)";"48,8547200";"2,4175200"
"201900019599";"30";"6";"2019";"17:55";"1";"93";"93061";"2";"1";"1";"6";"JOINEAU ANDRE RUE";"48,8854000";"2,4038000"
"201900019600";"1";"7";"2019";"16:50";"1";"93";"93001";"2";"9";"1";"6";"HENRI BARBUSSE (RUE) => 95/102";"48,9088430";"2,3905800"
"201900019601";"1";"7";"2019";"08:40";"1";"92";"92036";"2";"1";"1";"4";"BAS (RUE DES) (64 AU 76)";"48,9187445";"2,2906399"
"201900019602";"1";"7";"2019";"20:20";"1";"80";"80171";"1";"1";"1";"2";"autouroute A16";"50,1207260";"1,8621440"
"201900019603";"28";"6";"2019";"17:45";"1";"68";"68156";"1";"1";"1";"7";"D83";"47,8995340";"7,2591700"
"201900019604";"30";"6";"2019";"09:45";"1";"68";"68178";"1";"1";"1";"7";"RD 430";"47,9400800";"7,1484900"
"201900019605";"1";"7";"2019";"09:50";"1";"17";"17015";"1";"2";"1";"1";"Liboulas";"45,5572280";" -0,8794230"
"201900019606";"24";"6";"2019";"09:30";"1";"31";"31022";"2";"1";"1";"6";"37 Route de Fronton";"43,6623330";"1,4310900"
"201900019607";"1";"7";"2019";"18:35";"1";"68";"68295";"1";"3";"1";"3";"Rue de Neuf Brisach";"48,0058360";"7,3878880"
"201900019608";"1";"7";"2019";"17:30";"1";"29";"29053";"1";"1";"1";"7";"RN 165";"48,2967703";" -4,1702478"
"201900019609";"1";"7";"2019";"16:35";"1";"19";"19072";"1";"1";"1";"2";"A20 - PR 260+430 - sens PARIS/TOULOUSE";"45,2543990";"1,5419520"
"201900019610";"2";"7";"2019";"16:30";"1";"50";"50048";"1";"1";"1";"3";"a84 - PR 196+300";"48,8697760";" -1,1743170"
"201900019611";"1";"7";"2019";"16:40";"1";"56";"56185";"2";"1";"1";"6";"52 rue jean JAURES";"47,7866350";" -3,4159090"
"201900019612";"30";"6";"2019";"12:50";"1";"56";"56248";"1";"2";"1";"5";"La Pointe";"47,5706670";" -2,6438280"
"201900019613";"1";"7";"2019";"08:12";"1";"56";"56157";"1";"1";"1";"1";"lieu-dit PLOUGOUARIN";"47,7690800";" -2,6439000"
"201900019614";"1";"7";"2019";"18:40";"1";"60";"60562";"1";"1";"1";"3";"rd 59";"49,3534640";"2,5315500"
"201900019615";"1";"7";"2019";"23:50";"3";"33";"33545";"1";"1";"1";"1";"LARTIGA";"45,2378100";" -0,8866400"
"201900019616";"2";"7";"2019";"11:30";"1";"81";"81289";"2";"1";"1";"6";"Grand-Rue";"43,5552520";"2,1161660"
"201900019617";"2";"7";"2019";"12:30";"1";"89";"89042";"1";"2";"1";"3";"RD103Y";"47,6010020";"4,2077500"
"201900019618";"27";"6";"2019";"21:00";"1";"49";"49065";"1";"1";"1";"2";"LES ROUILLERES (Contigné)";"47,7155560";" -0,5294050"
"201900019619";"29";"6";"2019";"09:00";"1";"68";"68384";"2";"1";"1";"7";"Chm de Galgen";"47,6705370";"7,3181470"
"201900019620";"1";"7";"2019";"17:30";"1";"35";"35018";"1";"3";"1";"2";"la grande garenne";"48,4474730";" -1,1385660"
"201900019621";"1";"7";"2019";"11:35";"1";"38";"38198";"1";"2";"1";"3";"Déviation Route Départementale 519";"45,3401850";"4,9493750"
"201900019622";"28";"6";"2019";"18:50";"1";"38";"38547";"2";"9";"1";"6";"Rue des Adieux";"45,2413650";"5,8901230"
"201900019623";"2";"7";"2019";"08:10";"1";"85";"85109";"1";"1";"1";"7";"N/A";"46,8775000";" -1,1121600"
"201900019624";"1";"7";"2019";"17:30";"1";"14";"14085";"1";"1";"1";"6";"1667 Route de Pont l'Évêque";"49,2781650";"0,3182210"
"201900019625";"9";"6";"2019";"16:05";"1";"5";"05106";"1";"1";"7";"3";"RN 94 - PK 94 +630";"44,5269220";"6,3576450"
"201900019626";"2";"7";"2019";"08:00";"1";"73";"73123";"1";"1";"1";"7";"D909 la caillière";"45,8663185";"6,4932442"
"201900019627";"30";"6";"2019";"15:00";"1";"43";"43130";"1";"1";"1";"1";"D15";"45,0304670";"4,2060790"
"201900019628";"8";"6";"2019";"06:15";"1";"43";"43084";"1";"1";"1";"6";"Vge de Tarreyre";"44,9796730";"3,8586360"
"201900019629";"2";"7";"2019";"15:20";"1";"10";"10089";"1";"1";"1";"5";"rd619";"48,4992390";"3,8229940"
"201900019630";"2";"7";"2019";"15:40";"1";"36";"36186";"1";"1";"1";"3";"LE CHENE";"46,6536367";"2,0982415"
"201900019631";"21";"6";"2019";"02:45";"3";"40";"40284";"2";"3";"3";"3";"RN 810";"43,6696510";" -1,2778290"
"201900019632";"30";"6";"2019";"14:45";"1";"85";"85307";"2";"1";"1";"2";"route de la tranche";"46,3405500";" -1,3392700"
"201900019633";"2";"7";"2019";"17:43";"1";"85";"85031";"1";"1";"1";"1";"La Croisée de la Pantière";"46,7755500";" -0,9633500"
"201900019634";"1";"7";"2019";"15:25";"1";"27";"27116";"1";"3";"1";"6";"Rue de Valleville";"49,1676830";"0,7241190"
"201900019635";"1";"7";"2019";"18:40";"1";"28";"28280";"1";"1";"1";"1";"Pitre";"48,3021070";"0,8145400"
"201900019636";"2";"7";"2019";"16:30";"1";"8";"08219";"1";"1";"1";"1";"RD 11";"49,5881616";"4,2968130"
"201900019637";"1";"7";"2019";"14:45";"1";"88";"88426";"1";"1";"1";"6";"rue du ballon d'Alsace";"47,8366570";"6,8346080"
"201900019638";"1";"7";"2019";"11:40";"1";"974";"97415";"2";"3";"1";"3";"Rue Gabriel Martin";" -20,9780300";"55,3240520"
"201900019639";"1";"7";"2019";"17:08";"1";"973";"97309";"2";"6";"1";"2";"rond-point de remire (  boulangerie savoureux gateau)";"4,8870350";" -52,2760686"
"201900019640";"29";"6";"2019";"12:00";"1";"33";"33122";"1";"1";"1";"4";"Avenue Saint-Jacques de Compostelle";"44,7025680";" -0,7042640"
"201900019641";"1";"7";"2019";"15:35";"1";"17";"17323";"2";"1";"1";"1";"23 Rue d'Antiochat";"46,0385280";" -1,3793840"
"201900019642";"2";"7";"2019";"14:05";"1";"41";"41136";"2";"1";"1";"6";"17 place de la halle";"47,7040060";"1,5067630"
"201900019643";"1";"7";"2019";"18:15";"1";"45";"45252";"2";"3";"1";"3";"Route de Puiseaux";"48,1769780";"2,2631730"
"201900019644";"2";"7";"2019";"12:23";"1";"45";"45082";"2";"1";"1";"2";"Avenue du Gatinais";"47,8730080";"2,2269080"
"201900019645";"2";"7";"2019";"16:50";"1";"77";"77448";"1";"3";"1";"5";"D603 X RUE DU HAINAULT";"48,9446700";"3,1109600"
"201900019646";"1";"7";"2019";"18:24";"1";"95";"95509";"2";"1";"1";"2";"RUE DE PUISEUX";"49,0569610";"2,4984060"
"201900019647";"2";"7";"2019";"09:00";"1";"84";"84138";"2";"1";"1";"6";"Route de Baume de Transit";"44,3766890";"4,9771840"
"201900019648";"2";"7";"2019";"14:00";"1";"67";"67012";"2";"1";"1";"1";"Rue de Stundwiller";"48,9305710";"7,9854600"
"201900019649";"30";"6";"2019";"17:00";"1";"63";"63383";"1";"3";"1";"2";"D978";"45,5350775";"2,9751384"
"201900019650";"2";"7";"2019";"14:15";"1";"74";"74027";"1";"1";"1";"1";"D909";"45,8963410";"6,2759560"
"201900019651";"30";"6";"2019";"11:15";"1";"42";"42046";"1";"1";"1";"3";"ROUTE DÉPARTEMENTALE 5";"45,6377470";"4,0680410"
"201900019652";"29";"6";"2019";"17:30";"1";"38";"38277";"1";"1";"1";"7";"D 529";"45,0061400";"5,7007600"
"201900019653";"1";"7";"2019";"01:45";"5";"38";"38562";"2";"6";"1";"7";"route napoleon";"45,0779340";"5,7709420"
"201900019654";"1";"7";"2019";"07:00";"1";"69";"69131";"1";"1";"1";"3";"Avenue de l'Ouest Lyonnais";"45,7031300";"4,6960700"
"201900019655";"1";"7";"2019";"16:50";"1";"69";"69238";"2";"1";"1";"7";"8 Boulevard de la Bardière";"45,6297490";"4,4610350"
"201900019656";"1";"7";"2019";"13:30";"1";"79";"79038";"1";"1";"1";"6";"N/A";"46,7905430";" -0,3863890"
"201900019657";"1";"7";"2019";"18:50";"1";"16";"16019";"1";"1";"1";"3";"Ld Les Petits Bois";"45,7093670";"0,0782770"
"201900019658";"1";"7";"2019";"16:30";"1";"85";"85268";"1";"1";"1";"1";"D6";"46,6941900";" -1,8102100"
"201900019659";"1";"7";"2019";"17:10";"1";"22";"22277";"1";"1";"7";"2";"Le Quartier d'en Bas";"48,4013210";" -2,8923080"
"201900019660";"2";"7";"2019";"09:10";"1";"35";"35107";"1";"1";"1";"6";"les landelles";"48,2444430";" -1,5238850"
"201900019661";"1";"7";"2019";"14:00";"1";"13";"13055";"1";"1";"1";"2";"A507 sens Aubagne- Marseille";"43,2858750";"5,4285175"
"201900019662";"1";"7";"2019";"08:00";"1";"33";"33249";"1";"1";"1";"2";"AUTOROUTE A 10";"44,8878500";" -0,5054600"
"201900019663";"1";"7";"2019";"09:05";"1";"94";"94016";"1";"1";"1";"3";"AUTOROUTE A6A";"48,7986560";"2,3430807"
"201900019664";"30";"6";"2019";"00:44";"3";"91";"91661";"1";"1";"1";"2";"AUTOROUTE A10";"48,6962320";"2,2363510"
"201900019665";"29";"6";"2019";"19:00";"1";"92";"92002";"1";"1";"1";"4";"AUTOROUTE A86";"48,7603581";"2,2887529"
"201900019666";"1";"7";"2019";"14:32";"1";"78";"78402";"1";"1";"1";"7";"A13";"48,9638440";"1,7890800"
"201900019667";"1";"7";"2019";"08:13";"1";"78";"78043";"1";"1";"1";"4";"A12 Y";"48,8413140";"2,1023380"
"201900019668";"1";"7";"2019";"07:45";"1";"78";"78043";"1";"1";"1";"2";"A13W";"48,8451500";"2,0866490"
"201900019669";"1";"7";"2019";"04:25";"2";"78";"78043";"1";"1";"1";"2";"A12 W";"48,8259930";"2,0758500"
"201900019670";"29";"6";"2019";"20:15";"1";"78";"78640";"1";"1";"1";"5";"A86 INT";"48,7785680";"2,2069830"
"201900019671";"30";"6";"2019";"15:50";"1";"92";"92036";"1";"1";"1";"3";"AUTOROUTE A15";"48,9383979";"2,2940326"
"201900019672";"29";"6";"2019";"12:20";"1";"93";"93053";"1";"1";"1";"5";"AUTOROUTE A3";"48,8871300";"2,4737100"
"201900019673";"30";"6";"2019";"04:00";"3";"95";"95394";"1";"1";"1";"2";"RN 184";"49,0516900";"2,1527300"
"201900019674";"1";"7";"2019";"17:20";"1";"94";"94073";"1";"1";"1";"2";"A86 INT";"48,7595000";"2,3837000"
"201900019675";"1";"7";"2019";"17:15";"1";"75";"75112";"1";"1";"1";"2";"A4";"48,8204670";"2,4605920"
"201900019676";"1";"8";"2019";"23:25";"5";"33";"33249";"2";"9";"1";"1";"AVE DE PARIS";"44,8779300";" -0,5108900"
"201900019677";"1";"8";"2019";"20:15";"1";"33";"33063";"2";"4";"2";"3";"Crs Aristide Briand / R. Villedieu";"44,8312560";" -0,5747210"
"201900019678";"1";"8";"2019";"16:00";"1";"33";"33063";"2";"1";"1";"6";"BD MARECHAL LECLERC";"44,8304200";" -0,5968200"
"201900019679";"1";"8";"2019";"18:35";"1";"33";"33529";"2";"6";"8";"3";"D112 / R.Jean de Grailly";"44,6267200";" -1,1415600"
"201900019680";"31";"7";"2019";"03:00";"5";"33";"33529";"2";"1";"1";"3";"71 BD DE L'OCEAN";"44,6328900";" -1,2025100"
"201900019681";"2";"8";"2019";"08:55";"1";"32";"32013";"2";"1";"1";"7";"YSER (AVENUE DE L')";"43,6496100";"0,5936100"
"201900019682";"31";"7";"2019";"08:45";"1";"31";"31149";"2";"1";"1";"3";"RD PT TERRE ENVOL";"43,6133550";"1,3070420"
"201900019683";"1";"8";"2019";"21:20";"5";"30";"30007";"2";"1";"1";"2";"MONGE (AVENUE)";"44,1482716";"4,0995219"
"201900019684";"3";"8";"2019";"03:50";"3";"29";"29232";"1";"1";"1";"7";"KEREQUELLOU CHEMIN DE";"47,9533900";" -4,0725100"
"201900019685";"3";"8";"2019";"00:20";"5";"29";"29232";"2";"2";"1";"3";"OISEAUX AVENUE DES";"47,9924509";" -4,1233651"
"201900019686";"31";"7";"2019";"16:50";"1";"29";"29232";"2";"1";"1";"7";"PARC DES SPORTS DE LUDUGRIS RUE DU";"47,9811872";" -4,1202003"
"201900019687";"1";"8";"2019";"05:10";"5";"29";"29151";"2";"1";"1";"7";"KERNEGUES (AVENUE DE)";"48,5714200";" -3,8257500"
"201900019688";"1";"8";"2019";"08:03";"1";"29";"29254";"1";"1";"1";"7";"LANNUGUY (LIEU DIT)";"48,6065721";" -3,8539291"
"201900019689";"26";"7";"2019";"10:30";"1";"29";"29039";"2";"3";"1";"6";"DUMONT D'URVILLE (RUE)";"47,8704800";" -3,9212000"
"201900019690";"1";"8";"2019";"09:35";"1";"29";"29039";"2";"6";"7";"3";"TREGUNC ( RUE DE )";"47,8698300";" -3,9061500"
"201900019691";"25";"7";"2019";"22:41";"5";"29";"29019";"2";"6";"1";"1";"MAISSIN";"48,3900000";" -4,5035000"
"201900019692";"1";"8";"2019";"17:45";"1";"28";"28229";"1";"1";"1";"7";"SERESVILLE";"48,4669000";"1,4289500"
"201900019693";"2";"8";"2019";"12:15";"1";"27";"27229";"2";"1";"1";"3";"BOUIN (RUE JEAN)";"49,0235300";"1,1248200"
"201900019694";"1";"8";"2019";"18:55";"1";"26";"26362";"1";"2";"1";"3";"ALIXAN ROUTE RD 171 chemin de Thodure";"44,9557470";"4,9575720"
"201900019695";"2";"8";"2019";"03:30";"5";"26";"26198";"2";"1";"1";"6";"EUROPE (Boulevard de l')";"44,5425500";"4,7538100"
"201900019696";"2";"8";"2019";"18:30";"3";"25";"25524";"1";"1";"1";"6";"Entre écluse 21 et 22, chemin de halage";"47,4486390";"6,6593240"
"201900019697";"1";"8";"2019";"21:30";"5";"25";"25056";"2";"2";"1";"1";"ARMEE FRANCAISE PL. DE LA 1ERE";"47,2424700";"6,0294820"
"201900019698";"2";"8";"2019";"11:10";"1";"19";"19031";"2";"1";"1";"2";"ZOLA (AVENUE EMILE)";"45,1563000";"1,5263100"
"201900019699";"3";"8";"2019";"19:30";"1";"17";"17028";"2";"3";"1";"3";"GRASSET   AVENUE EDMOND";"46,1316600";" -1,1035700"
"201900019700";"2";"8";"2019";"05:00";"3";"17";"17028";"2";"1";"1";"6";"59 avenue ROGER SALENGRO";"46,1398900";" -1,1317900"
"201900019701";"2";"8";"2019";"08:45";"1";"17";"17449";"2";"6";"1";"3";"EGLISE RUE DE L'";"45,9442150";" -0,8928960"
"201900019702";"1";"8";"2019";"12:50";"1";"14";"14333";"2";"1";"1";"7";"SEINE (QUAI EN )";"49,4279500";"0,2540200"
"201900019703";"2";"8";"2019";"04:10";"5";"14";"14118";"2";"1";"1";"6";"PIERRE MENDES FRANCE (AVENUE)";"49,1785488";" -0,3444466"
"201900019704";"2";"8";"2019";"14:35";"1";"14";"14181";"2";"1";"1";"3";"LEDUC (RUE ARTHUR)";"49,1500500";" -0,3187100"
"201900019705";"3";"8";"2019";"16:15";"1";"13";"13206";"2";"1";"1";"2";"PIERRE PUGET (COURS)";"43,2902600";"5,3754500"
"201900019706";"3";"8";"2019";"05:05";"3";"13";"13209";"2";"1";"1";"6";"COL DE LA GINESTE D559";"43,2469600";"5,4523500"
"201900019707";"3";"8";"2019";"06:10";"1";"13";"13213";"2";"1";"1";"1";"NICOLAS APPERT (RUE)";"43,3397400";"5,4176600"
"201900019708";"2";"8";"2019";"20:44";"2";"13";"13201";"2";"3";"1";"3";"REPUBLIQUE (RUE DE LA)     2 A 42";"43,2981700";"5,3726000"
"201900019709";"2";"8";"2019";"15:00";"1";"13";"13203";"2";"2";"1";"3";"LECCIA (BOULEVARD)";"43,3125100";"5,3887610"
"201900019710";"2";"8";"2019";"03:35";"5";"13";"13207";"2";"1";"1";"6";"Corniche John Fitzgérald Kennedy";"43,2788800";"5,3538600"
"201900019711";"2";"8";"2019";"01:00";"5";"13";"13210";"2";"3";"1";"3";"RABATAU (BOULEVARD)";"43,2809500";"5,3993500"
"201900019712";"2";"8";"2019";"00:35";"5";"13";"13211";"2";"3";"1";"3";"SAINT LOUP (BOULEVARD DE)";"43,2856700";"5,4421000"
"201900019713";"1";"8";"2019";"21:50";"5";"13";"13211";"2";"3";"1";"6";"ELLEON (AVENUE)";"43,2855600";"5,4421000"
"201900019714";"31";"7";"2019";"15:35";"1";"13";"13002";"2";"1";"1";"3";"7 RMENT DE TIRAILLEURS ALGERIENS (AVENUE";"43,3383000";"5,4672600"
"201900019715";"31";"7";"2019";"07:30";"1";"13";"13204";"2";"1";"1";"4";"ALEX. FLEMING (BOULEVARD)";"43,3138800";"5,4055700"
"201900019716";"31";"7";"2019";"13:35";"1";"12";"12174";"2";"1";"1";"6";"CASSAGNETTES (RUE DE )";"44,3375000";"2,5552000"
"201900019717";"26";"7";"2019";"22:10";"5";"11";"11262";"2";"1";"1";"6";"HUGO (QUAI ET PASSERELLE VICTOR)";"43,1810220";"3,0089940"
"201900019718";"3";"8";"2019";"00:08";"5";"10";"10387";"2";"1";"1";"6";"GERARD MILLOT (RUE)";"48,3040000";"4,0640000"
"201900019719";"1";"8";"2019";"05:06";"5";"10";"10333";"2";"9";"1";"3";"MARECHAL LECLERC (RUE DU)";"48,2770000";"4,0499000"
"201900019720";"31";"7";"2019";"15:41";"1";"10";"10387";"2";"1";"8";"2";"PREIZE (RUE DE)";"48,3063200";"4,0694700"
"201900019721";"3";"8";"2019";"08:40";"1";"6";"06088";"2";"1";"1";"3";"SAQUIER (CH. DE)";"43,7474611";"7,2065244"
"201900019722";"2";"8";"2019";"00:52";"5";"6";"06088";"2";"9";"1";"3";"TURIN (RTE DE)";"43,7265200";"7,2861750"
"201900019723";"3";"8";"2019";"09:40";"1";"6";"06069";"2";"1";"1";"4";"MARIGARDE (ROUTE DE LA)";"43,6541600";"6,9434400"
"201900019724";"1";"8";"2019";"07:45";"1";"6";"06069";"2";"1";"1";"1";"SIDI BRAHIM (AVENUE)";"43,6457300";"6,9401500"
"201900019725";"2";"8";"2019";"15:12";"1";"6";"06027";"2";"1";"1";"3";"BOUCHER RUE HELENE";"43,6591234";"7,1463277"
"201900019726";"1";"8";"2019";"18:00";"1";"6";"06027";"2";"1";"1";"2";"PLAGE BOULEVARD DE LA";"43,6515946";"7,1533074"
"201900019727";"1";"8";"2019";"14:30";"1";"6";"06027";"2";"1";"1";"2";"PLAGE BOULEVARD DE LA";"43,6566440";"7,1749120"
"201900019728";"30";"7";"2019";"14:30";"1";"5";"05061";"2";"1";"1";"6";"VEYNES ( ROUTE DE )";"44,5574600";"6,0580400"
"201900019729";"2";"8";"2019";"17:10";"1";"4";"04112";"2";"6";"1";"2";"Av Georges Pompidou";"43,8271000";"5,7815700"
"201900019730";"1";"8";"2019";"12:16";"1";"3";"03190";"2";"1";"1";"3";"avenue du Général de Gaulle";"46,5709444";"3,3240589"
"201900019731";"3";"8";"2019";"15:00";"1";"75";"75115";"2";"4";"1";"3";"BD PERIPHERIQUE EXTERIEUR";"48,8349924";"2,2729951"
"201900019732";"2";"8";"2019";"17:30";"1";"75";"75120";"2";"1";"1";"6";"BD PERIPHERIQUE INTERIEUR";"48,8651530";"2,4132150"
"201900019733";"1";"8";"2019";"16:55";"1";"75";"75115";"2";"1";"1";"3";"BD PERIPHERIQUE EXTERIEUR";"48,8314065";"2,2828375"
"201900019734";"31";"7";"2019";"13:00";"1";"75";"75112";"2";"4";"1";"7";"ECHANGEUR BERCY";"48,8268139";"2,3904759"
"201900019735";"1";"8";"2019";"00:56";"5";"75";"75115";"2";"4";"1";"6";"BD PERIPHERIQUE EXTERIEUR SUD";"48,8349149";"2,2735560"
"201900019736";"2";"8";"2019";"02:36";"5";"75";"75105";"2";"3";"1";"6";"BOULEVARD DE L HOPITAL";"48,8403353";"2,3619967"
"201900019737";"3";"8";"2019";"00:08";"5";"75";"75119";"2";"2";"1";"3";"BOULEVARD DE LA VILLETTE";"48,8721169";"2,3770365"
"201900019738";"3";"8";"2019";"17:20";"1";"75";"75118";"2";"1";"1";"6";"RUE ORDENER";"48,8913420";"2,3508200"
"201900019739";"3";"8";"2019";"15:40";"1";"75";"75119";"2";"1";"1";"2";"RUE D AUBERVILLIERS";"48,8975450";"2,3705320"
"201900019740";"2";"8";"2019";"12:30";"1";"75";"75118";"2";"7";"7";"6";"BOULEVARD ORNANO";"48,8960418";"2,3459619"
"201900019741";"3";"8";"2019";"13:08";"1";"75";"75117";"2";"3";"1";"2";"AVENUE DE LA GRANDE ARMEE";"48,8768881";"2,2852904"
"201900019742";"31";"7";"2019";"18:10";"1";"75";"75116";"2";"2";"1";"7";"CARREFOUR DES CASCADES";"48,8584120";"2,2587820"
"201900019743";"31";"7";"2019";"18:00";"1";"75";"75116";"2";"1";"1";"2";"AVENUE DE NEW YORK";"48,8595500";"2,2900390"
"201900019744";"2";"8";"2019";"10:15";"1";"75";"75115";"2";"1";"1";"4";"QUAI D ISSY LES MOULINEAUX";"48,8352596";"2,2661142"
"201900019745";"1";"8";"2019";"19:00";"1";"75";"75113";"2";"2";"1";"2";"PONT DE TOLBIAC";"48,8322420";"2,3798030"
"201900019746";"2";"8";"2019";"18:10";"1";"75";"75112";"2";"2";"1";"3";"AVENUE DE SAINT MAURICE";"48,8242405";"2,4199743"
"201900019747";"1";"8";"2019";"18:15";"1";"75";"75112";"2";"1";"1";"3";"RUE DE PICPUS";"48,8461110";"2,3946230"