"Num_Acc";"jour";"mois";"an";"hrmn";"lum";"dep";"com";"agg";"int";"atm";"col";"adr";"lat";"long"
"201900019748";"1";"8";"2019";"16:15";"1";"75";"75111";"2";"2";"1";"6";"AVENUE PARMENTIER";"48,8668830";"2,3733660"
"201900019749";"3";"8";"2019";"08:40";"1";"75";"75109";"2";"3";"1";"6";"BOULEVARD DE CLICHY";"48,8841015";"2,3308168"
"201900019750";"3";"8";"2019";"04:00";"5";"75";"75109";"2";"1";"1";"6";"BOULEVARD DE ROCHECHOUART";"48,8825240";"2,3431380"
"201900019751";"2";"8";"2019";"12:50";"1";"75";"75109";"2";"4";"1";"2";"BOULEVARD HAUSSMANN";"48,8726065";"2,3358008"
"201900019752";"25";"7";"2019";"10:00";"1";"75";"75109";"2";"2";"7";"6";"RUE DU FAUBOURG POISSONNIERE";"48,8740180";"2,3478930"
"201900019753";"2";"8";"2019";"12:50";"1";"75";"75108";"2";"7";"1";"4";"PLACE DE LA CONCORDE";"48,8658700";"2,3198960"
"201900019754";"1";"8";"2019";"17:31";"1";"75";"75108";"2";"1";"1";"3";"AVENUE GEORGE V";"48,8706310";"2,3009490"
"201900019755";"31";"7";"2019";"23:10";"4";"75";"75108";"2";"7";"1";"6";"PLACE DE LA CONCORDE";"48,8653175";"2,3215554"
"201900019756";"2";"8";"2019";"14:50";"1";"75";"75103";"2";"2";"1";"6";"RUE SAINT GILLES";"48,8577195";"2,3673733"
"201900019757";"3";"8";"2019";"15:25";"1";"75";"75104";"2";"2";"1";"6";"RUE DE TURENNE";"48,8564423";"2,3642761"
"201900019758";"1";"8";"2019";"16:00";"1";"75";"75101";"2";"3";"1";"4";"QUAI DE LA MEGISSERIE";"48,8579990";"2,3444140"
"201900019759";"1";"8";"2019";"19:40";"1";"94";"94081";"2";"9";"1";"1";"JEAN JAURES (AV)";"48,7938530";"2,3990220"
"201900019760";"3";"8";"2019";"17:55";"1";"94";"94080";"2";"1";"1";"6";"FRANCE (R DE)";"48,8479000";"2,4465600"
"201900019761";"1";"8";"2019";"08:20";"1";"94";"94068";"2";"2";"1";"3";"DIDIER (AV)";"48,7974800";"2,5087500"
"201900019762";"1";"8";"2019";"16:40";"1";"94";"94042";"2";"1";"1";"3";"GENERAL GALLIENI (AV DU)";"48,8201200";"2,4813200"
"201900019763";"31";"7";"2019";"21:00";"2";"94";"94042";"2";"3";"1";"1";"GENERAL GALLIENI (AV DU)";"48,8201300";"2,4802500"
"201900019764";"2";"8";"2019";"18:25";"1";"94";"94046";"2";"1";"1";"2";"REPUBLIQUE (AV DE LA)";"48,8019000";"2,4327100"
"201900019765";"2";"8";"2019";"18:50";"1";"94";"94046";"2";"3";"1";"3";"REPUBLIQUE (AV DE LA)";"48,8067000";"2,4442200"
"201900019766";"1";"8";"2019";"13:34";"1";"94";"94046";"2";"1";"1";"3";"FOCH (AV)";"48,8154000";"2,4322200"
"201900019767";"29";"7";"2019";"10:51";"1";"94";"94003";"2";"2";"1";"1";"DIVISION DU GENERAL LECLERC (R DE LA)";"48,8046900";"2,3378200"
"201900019768";"1";"8";"2019";"17:45";"1";"94";"94041";"2";"1";"1";"3";"PAUL VAILLANT COUTURIER (BD)";"48,8190500";"2,3966600"
"201900019769";"1";"8";"2019";"22:30";"5";"94";"94038";"2";"3";"1";"3";"FLOUQUET (AV)";"48,7695128";"2,3217095"
"201900019770";"2";"8";"2019";"05:15";"5";"94";"94028";"2";"3";"9";"7";"PETITES HAYES.(AVENUE DES)";"48,7879500";"2,4395000"
"201900019771";"3";"8";"2019";"19:25";"1";"94";"94022";"2";"9";"1";"2";"YVONNE MARCAILLOUX (AV)";"48,7682100";"2,4079900"
"201900019772";"1";"8";"2019";"10:00";"1";"94";"94059";"2";"1";"1";"1";"JEAN KIFFER (AV)";"48,8061800";"2,5761300"
"201900019773";"1";"8";"2019";"11:30";"1";"94";"94018";"2";"1";"1";"3";"GRAVELLE (AV DE)";"48,8246300";"2,4145100"
"201900019774";"1";"8";"2019";"22:45";"5";"94";"94002";"2";"2";"1";"3";"EMILE ZOLA (R)";"48,7987900";"2,4274000"
"201900019775";"1";"8";"2019";"19:00";"1";"93";"93072";"2";"3";"1";"3";"ARISTIDE BRIAND (AVENUE) COTE DES N°1A87";"48,9581000";"2,3822000"
"201900019776";"3";"8";"2019";"22:30";"5";"93";"93071";"2";"2";"1";"1";"JEAN MOULIN (AVENUE)";"48,9335080";"2,5161470"
"201900019777";"2";"8";"2019";"01:20";"5";"93";"93046";"2";"9";"1";"6";"JEAN JAURES BOULEVARD";"48,9171000";"2,5296000"
"201900019778";"1";"8";"2019";"22:30";"5";"93";"93071";"2";"3";"1";"3";"SAVIGNY (CHEMIN DE)";"48,9461700";"2,5154400"
"201900019779";"1";"8";"2019";"08:20";"1";"93";"93071";"2";"9";"1";"2";"AULNAY (RUE D')";"48,9398900";"2,5165010"
"201900019780";"31";"7";"2019";"21:50";"3";"93";"93066";"2";"1";"1";"6";"WILSON (AVENUE DU PRESIDENT)";"48,9024400";"2,3591424"
"201900019781";"1";"8";"2019";"22:00";"5";"93";"93064";"2";"1";"1";"6";"ALSACE-LORRAINE (BOULEVARD)";"48,8826300";"2,4927100"
"201900019782";"2";"8";"2019";"13:25";"1";"93";"93077";"2";"1";"1";"6";"LECLERC (AVENUE DU GENERAL)";"48,8862600";"2,5104200"
"201900019783";"2";"8";"2019";"21:45";"5";"93";"93055";"2";"3";"1";"5";"JEAN LOLIVE (AVENUE)(137/FIN ET 134/FIN)";"48,8939800";"2,4175400"
"201900019784";"3";"8";"2019";"18:00";"1";"93";"93048";"2";"7";"1";"6";"HENRI BARBUSSE (BOULEVARD)";"48,8650300";"2,4434700"
"201900019785";"2";"8";"2019";"19:15";"1";"93";"93048";"2";"1";"1";"6";"LAGNY (RUE DE)";"48,8494000";"2,4180900"
"201900019786";"2";"8";"2019";"03:15";"5";"93";"93046";"2";"6";"1";"6";"MARX DORMOY BOULEVARD";"48,9059200";"2,5234100"
"201900019787";"2";"8";"2019";"13:45";"1";"93";"93006";"2";"2";"1";"3";"RASPAIL AVENUE";"48,8762700";"2,4259400"
"201900019788";"31";"7";"2019";"23:10";"5";"93";"93032";"2";"3";"1";"3";"JEAN JAURES (AVENUE)";"48,8832690";"2,5283910"
"201900019789";"3";"8";"2019";"12:38";"1";"93";"93031";"2";"3";"1";"3";"ENGHIEN (AV D')";"48,9633500";"2,2974300"
"201900019790";"2";"8";"2019";"08:05";"1";"93";"93079";"2";"3";"1";"3";"DIVISION LECLERC (AV)";"48,9499500";"2,3424800"
"201900019791";"1";"8";"2019";"08:26";"1";"93";"93001";"2";"2";"1";"1";"SAINT DENIS (RUE DE)";"48,9231228";"2,3702572"
"201900019792";"31";"7";"2019";"12:50";"1";"93";"93027";"2";"1";"1";"6";"SAINT-DENIS (RUE DE)";"48,9303800";"2,3831800"
"201900019793";"3";"8";"2019";"20:50";"1";"93";"93047";"2";"1";"1";"3";"GABRIEL PERI  (AVENUE)";"48,8919550";"2,5523410"
"201900019794";"1";"8";"2019";"16:00";"1";"93";"93047";"2";"9";"1";"2";"EUROPE (BOULEVARD DE L')";"48,8954600";"2,5734700"
"201900019795";"2";"8";"2019";"14:00";"1";"93";"93010";"2";"1";"1";"7";"MOULIN (AV. JEAN) COTE IMPAIRS";"48,9124910";"2,4790120"
"201900019796";"2";"8";"2019";"09:30";"1";"92";"92050";"2";"2";"1";"3";"VAILLANT COUTURIER PAUL IMPASSE";"48,8808943";"2,2060569"
"201900019797";"1";"8";"2019";"22:20";"5";"92";"92050";"2";"2";"1";"3";"REPUBLIQUE AVENUE DE LA";"48,8973029";"2,1975637"
"201900019798";"2";"8";"2019";"18:40";"1";"92";"92020";"2";"1";"1";"7";"MERMOZ RUE JEAN";"48,8091900";"2,2915700"
"201900019799";"2";"8";"2019";"03:25";"5";"92";"92040";"2";"1";"1";"7";"FRERES VOISIN (BOULEVARD DES)";"48,8277400";"2,2724000"
"201900019800";"2";"8";"2019";"19:25";"1";"92";"92035";"2";"1";"1";"3";"Général de Gaulle  ( avenue du )";"48,9125800";"2,2538000"
"201900019801";"2";"8";"2019";"10:30";"1";"92";"92035";"2";"3";"1";"6";"Foch ( avenue )";"48,9111100";"2,2545100"
"201900019802";"1";"8";"2019";"19:18";"1";"92";"92026";"2";"6";"1";"3";"CHARRAS";"48,8939320";"2,2489790"
"201900019803";"31";"7";"2019";"21:30";"5";"92";"92026";"2";"1";"1";"3";"MARCEAU";"48,9009600";"2,2444100"
"201900019804";"2";"8";"2019";"08:50";"1";"92";"92049";"2";"1";"1";"6";"CARNOT RUE SADI";"48,8174700";"2,3202200"
"201900019805";"31";"7";"2019";"18:00";"1";"92";"92025";"2";"1";"1";"2";"AGENT SARRE (AV DE L')";"48,9244000";"2,2630000"
"201900019806";"30";"7";"2019";"10:18";"1";"92";"92025";"2";"6";"1";"2";"CHARLES DE GAULLE (BD)";"48,9140970";"2,2297270"
"201900019807";"1";"8";"2019";"11:55";"1";"92";"92007";"2";"9";"1";"6";"VAILLANT-COUTURIER (AVENU PAUL)";"48,7945500";"2,3165700"
"201900019808";"1";"8";"2019";"14:50";"1";"92";"92004";"2";"1";"1";"6";"PIERRE BROSSOLETTE";"48,9110039";"2,2922855"
"201900019809";"2";"8";"2019";"22:50";"5";"92";"92002";"2";"2";"1";"4";"ARMAND GUILLEBAUD (AVENUE)";"48,7460243";"2,3141992"
"201900019810";"2";"8";"2019";"17:20";"1";"92";"92002";"2";"9";"1";"2";"MAURICE LABROUSSE (RUE)";"48,7545000";"2,2988600"
"201900019811";"2";"8";"2019";"18:10";"1";"63";"63345";"2";"1";"1";"7";"2 Route de Beaune";"45,7405440";"2,9654580"
"201900019812";"3";"8";"2019";"12:00";"1";"37";"37255";"1";"3";"1";"2";"D760";"47,1278740";"0,3834600"
"201900019813";"2";"8";"2019";"13:20";"1";"38";"38403";"1";"1";"1";"6";"D526";"44,8795760";"5,7877490"
"201900019814";"2";"8";"2019";"08:20";"1";"54";"54374";"1";"1";"1";"6";"RD 674";"48,7648700";"6,4214240"
"201900019815";"4";"8";"2019";"11:05";"1";"8";"08001";"2";"1";"1";"7";"Rue des 3 Châteaux";"49,5005100";"4,3445130"
"201900019816";"1";"8";"2019";"15:45";"1";"8";"08362";"1";"3";"1";"3";"D8051A";"49,5149370";"4,3887750"
"201900019817";"2";"8";"2019";"16:40";"1";"87";"87183";"1";"1";"1";"7";"La Crouzille";"45,9898220";"1,3282980"
"201900019818";"4";"8";"2019";"02:00";"3";"26";"26258";"1";"1";"1";"6";"CHEMIN DES PINS, D6";"44,6278590";"4,9729560"
"201900019819";"1";"8";"2019";"13:20";"1";"38";"38160";"1";"1";"1";"7";"Le Plan";"45,4841600";"5,0121700"
"201900019820";"2";"8";"2019";"23:35";"5";"1";"01004";"2";"1";"1";"2";"80 Rue Alexandre Berard";"45,9653550";"5,3554510"
"201900019821";"3";"8";"2019";"17:50";"1";"80";"80692";"1";"1";"1";"7";"A.16 PK 177+950";"50,1641270";"1,7652840"
"201900019822";"2";"8";"2019";"17:01";"1";"67";"67347";"1";"1";"7";"1";"D919";"48,8494050";"7,5239800"
"201900019823";"31";"7";"2019";"12:00";"1";"67";"67372";"1";"1";"1";"1";"Route de Strasbourg - RD 419";"48,8354240";"7,6155130"
"201900019824";"2";"8";"2019";"18:50";"1";"6";"06161";"1";"1";"1";"3";"Route du Bord de Mer";"43,6185500";"7,1298230"
"201900019825";"3";"8";"2019";"09:30";"1";"36";"36191";"1";"1";"7";"2";"RD 34 - PK 28+800";"47,0741120";"1,7857070"
"201900019826";"2";"8";"2019";"17:45";"1";"31";"31352";"1";"3";"1";"3";"D66";"43,6333780";"1,5568520"
"201900019827";"20";"7";"2019";"22:50";"3";"57";"57434";"1";"1";"1";"6";"D955";"48,7183040";"6,7747930"
"201900019828";"2";"8";"2019";"16:10";"1";"28";"28141";"1";"1";"1";"2";"Autoroute Océane-A11";"48,3380300";"1,4012970"
"201900019829";"1";"8";"2019";"17:15";"1";"68";"68162";"1";"6";"1";"2";"CD1 Bis";"48,1330330";"7,3180290"
"201900019830";"31";"7";"2019";"19:50";"1";"67";"67143";"1";"1";"1";"7";"Route départemental 155";"48,3267910";"7,2708550"
"201900019831";"31";"7";"2019";"14:15";"1";"972";"97217";"1";"1";"1";"1";"RN5 - Pointe Borgnèse";"14,4508410";" -60,8959530"
"201900019832";"2";"8";"2019";"09:30";"1";"972";"97205";"2";"1";"1";"2";"RN2";"14,6425670";" -61,1366440"
"201900019833";"30";"7";"2019";"16:20";"1";"62";"62038";"2";"7";"1";"6";"Place du Général de Saint-Just";"50,8540840";"1,9777250"
"201900019834";"3";"8";"2019";"02:50";"3";"27";"27355";"1";"1";"1";"6";"La Malmaison";"48,8914930";"1,4305650"
"201900019835";"1";"8";"2019";"18:10";"1";"35";"35172";"1";"1";"1";"6";"La Ville Eude";"48,4220940";" -1,8113340"
"201900019836";"29";"7";"2019";"10:00";"1";"84";"84061";"2";"3";"1";"3";"RD 65";"44,2271280";"4,8502920"
"201900019837";"2";"8";"2019";"17:25";"1";"74";"74182";"2";"9";"1";"6";"Avenue Aimé Césaire";"45,9171840";"6,0912480"
"201900019838";"3";"8";"2019";"23:00";"3";"42";"42284";"1";"1";"1";"5";"route nationale 7";"46,0977140";"3,9852790"
"201900019839";"28";"7";"2019";"15:30";"1";"59";"59278";"1";"1";"1";"2";"nationale 41 PK 13 +800";"50,6020430";"2,9426120"
"201900019840";"2";"8";"2019";"21:45";"5";"83";"83070";"2";"1";"1";"3";"avenue vincent auriol";"43,1373440";"6,3674980"
"201900019841";"2";"8";"2019";"14:00";"1";"48";"48005";"1";"1";"1";"7";"A75,PK 151+400";"44,6060800";"3,2571110"
"201900019842";"2";"8";"2019";"14:34";"1";"12";"12270";"1";"1";"1";"7";"A75 PK 197+570";"44,2632390";"3,0737120"
"201900019843";"2";"8";"2019";"19:45";"1";"12";"12115";"1";"1";"1";"7";"A75 PK 242+300";"43,9668850";"3,2099040"
"201900019844";"2";"8";"2019";"10:58";"1";"30";"30221";"1";"1";"1";"5";"d 976 - route d'orange";"44,0509590";"4,7784110"
"201900019845";"2";"8";"2019";"15:00";"1";"30";"30288";"1";"1";"1";"1";"Route Nationale 86";"44,1991846";"4,6254131"
"201900019846";"4";"8";"2019";"17:35";"1";"83";"83131";"1";"1";"1";"6";"RD 554, PK 91+300";"43,2051270";"6,0244100"
"201900019847";"4";"8";"2019";"02:35";"3";"62";"62779";"1";"1";"1";"6";"RD 1";"50,1102420";"2,4419540"
"201900019848";"1";"8";"2019";"16:45";"1";"62";"62779";"1";"1";"1";"1";"D938";"50,1203370";"2,4315040"
"201900019849";"3";"8";"2019";"13:30";"1";"77";"77314";"1";"3";"1";"1";"D215 X RUE PRIMEFOSSE";"48,8287998";"3,4237387"
"201900019850";"1";"8";"2019";"09:45";"1";"83";"83097";"1";"1";"1";"5";"CD23 - PK18";"43,5273570";"5,7356180"
"201900019851";"2";"8";"2019";"15:05";"1";"19";"19255";"1";"3";"1";"2";"Route de la Gare";"45,3706798";"1,7003600"
"201900019852";"3";"8";"2019";"02:00";"3";"56";"56128";"1";"1";"1";"6";"La Villeneuve";"47,9831220";" -3,0814090"
"201900019853";"4";"8";"2019";"15:45";"1";"74";"74215";"2";"1";"1";"1";"Route de Megève";"45,8395320";"6,5775610"
"201900019854";"4";"8";"2019";"12:40";"1";"74";"74236";"1";"1";"1";"3";"intersection D909 et D43 (route de cupelin)";"45,8913900";"6,7107130"
"201900019855";"4";"8";"2019";"19:50";"1";"77";"77347";"1";"1";"1";"6";"D412";"48,4420660";"3,2349376"
"201900019856";"4";"8";"2019";"11:40";"1";"67";"67276";"2";"4";"1";"1";"1 Rue des Biancons";"48,5226150";"7,2905780"
"201900019857";"3";"8";"2019";"10:30";"1";"76";"76123";"1";"1";"1";"7";"Route de Dieppe";"49,5401610";"1,1483530"
"201900019858";"14";"5";"2019";"10:18";"1";"69";"69382";"2";"9";"1";"3";"CHARLEMAGNE                         (CO)";"45,7390800";"4,8175200"
"201900019859";"13";"5";"2019";"12:30";"1";"69";"69381";"1";"3";"1";"3";"ANNONCIADE (DE L')                  (R )";"45,7694981";"4,8252327"
"201900019860";"13";"5";"2019";"15:40";"1";"69";"69034";"2";"1";"1";"2";"CANUTS (DES)                        (BD)";"45,7838000";"4,8309200"
"201900019861";"13";"5";"2019";"09:46";"1";"69";"69389";"2";"2";"1";"3";"LAURE DIEBOLD                       (R )";"45,7777600";"4,8015100"
"201900019862";"12";"5";"2019";"19:20";"1";"69";"69034";"2";"1";"1";"6";"PERIPHERIQUE NORD                   (BD)";"45,7881000";"4,8638000"
"201900019863";"11";"5";"2019";"18:40";"1";"69";"69384";"2";"1";"1";"2";"JOSEPH GILLET                       (QU)";"45,7799900";"4,8116500"
"201900019864";"11";"5";"2019";"08:30";"1";"69";"69142";"2";"1";"2";"2";"MULATIERE (DE LA)                   (PT)";"45,7286877";"4,8153931"
"201900019865";"10";"5";"2019";"14:45";"1";"69";"69389";"2";"1";"1";"5";"LOUIS BOUQUET                       (R )";"45,7968000";"4,8196300"
"201900019866";"10";"5";"2019";"14:00";"1";"69";"69034";"2";"1";"1";"3";"GENERAL DE GAULLE                   (AV)";"45,8127700";"4,8601200"
"201900019867";"9";"5";"2019";"10:30";"1";"69";"69382";"2";"1";"1";"5";"VERDUN PERRACHE                     (VO)";"45,7488300";"4,8259400"
"201900019868";"8";"5";"2019";"02:45";"5";"69";"69149";"2";"9";"2";"7";"EMILE ZOLA                          (BD)";"45,7212400";"4,7964500"
"201900019869";"7";"5";"2019";"16:20";"1";"69";"69389";"2";"1";"1";"2";"MOUILLARD                           (R )";"45,7842600";"4,8036200"
"201900019870";"7";"5";"2019";"14:10";"1";"69";"69389";"2";"1";"1";"7";"PIERRE AUDRY                        (R )";"45,7658600";"4,8055400"
"201900019871";"6";"5";"2019";"14:40";"1";"69";"69389";"2";"1";"1";"4";"DUMAS DE LOIRE                      (PL)";"45,7730600";"4,8054300"
"201900019872";"6";"5";"2019";"13:55";"1";"69";"69384";"2";"9";"1";"3";"YPRES (D')                          (R )";"45,7829789";"4,8180504"
"201900019873";"4";"5";"2019";"23:35";"5";"69";"69382";"2";"2";"8";"3";"SAINT EXUPERY                       (R )";"45,7574200";"4,8289100"
"201900019874";"3";"5";"2019";"17:50";"1";"69";"69385";"2";"4";"1";"3";"CHOULANS (DE)                       (CH)";"45,7519400";"4,8166800"
"201900019875";"2";"5";"2019";"18:00";"1";"69";"69081";"2";"1";"1";"3";"GUY DE COLLONGUE    AV";"45,7797867";"4,7695239"
"201900019876";"2";"5";"2019";"19:00";"1";"69";"69382";"2";"1";"1";"6";"CHARLEMAGNE                         (CO)";"45,7423400";"4,8204500"
"201900019877";"2";"5";"2019";"13:30";"1";"69";"69385";"2";"3";"1";"6";"PIERRE VALDO                        (R )";"45,7506200";"4,7888900"
"201900019878";"2";"5";"2019";"08:20";"1";"69";"69384";"2";"3";"1";"3";"CROIX-ROUSSE (DE LA)                (BD)";"45,7725300";"4,8198700"
"201900019879";"30";"4";"2019";"20:00";"2";"69";"69389";"2";"9";"1";"3";"GARE D'EAU (DE LA)                  (QU)";"45,7805000";"4,8090500"
"201900019880";"30";"4";"2019";"08:40";"1";"69";"69384";"2";"1";"1";"1";"JOSEPH GILLET                       (QU)";"45,7876529";"4,8180276"
"201900019881";"30";"4";"2019";"08:20";"1";"69";"69382";"2";"1";"1";"2";"DOCTEUR GAILLETON (DU)              (QU)";"45,7515000";"4,8325000"
"201900019882";"29";"4";"2019";"17:00";"1";"69";"69081";"2";"1";"1";"2";"PONTET ET CRASES (DE)          CH";"45,7875500";"4,7692400"
"201900019883";"29";"4";"2019";"13:10";"1";"69";"69389";"2";"1";"1";"6";"MARIETTON                           (R )";"45,7736400";"4,7925900"
"201900019884";"28";"4";"2019";"10:30";"1";"69";"69385";"2";"1";"2";"6";"CHOULANS (DE)                       (CH)";"45,7541500";"4,8187200"
"201900019885";"27";"5";"2019";"08:30";"1";"2B";"2B033";"2";"1";"2";"2";"ST FLORENT-ANCIENNE RT DE";"42,6873100";"9,4288800"
"201900019886";"21";"5";"2019";"17:10";"1";"2B";"2B033";"2";"1";"1";"6";"PAOLI DU NR 1 A 20 - BLD";"42,6963000";"9,4477000"
"201900019887";"21";"5";"2019";"13:20";"1";"2B";"2B033";"1";"1";"1";"6";"ST FLORENT-ANCIENNE RT DE";"42,6792000";"9,4020000"
"201900019888";"21";"5";"2019";"11:55";"1";"2B";"2B033";"2";"1";"1";"2";"11 - RT";"42,6658100";"9,4427900"
"201900019889";"20";"5";"2019";"12:30";"1";"2B";"2B033";"2";"1";"1";"2";"VEZZANI - RUE CESAR";"42,6869400";"9,4454200"
"201900019890";"20";"5";"2019";"08:00";"1";"2B";"2B033";"2";"3";"1";"3";"FRANCOIS VITTORI";"42,6769300";"9,4386900"
"201900019891";"12";"5";"2019";"18:30";"1";"2B";"2B033";"2";"9";"1";"2";"TOUTES RUES";"42,6994000";"9,4519000"
"201900019892";"7";"5";"2019";"13:44";"1";"2B";"2B037";"1";"1";"1";"3";"11 - RT";"42,6220000";"9,4389000"
"201900019893";"29";"5";"2019";"08:46";"1";"971";"97113";"1";"1";"1";"1";"SECTION LEROUX";"16,2402300";" -61,4808300"
"201900019894";"26";"5";"2019";"15:25";"1";"971";"97101";"1";"3";"1";"3";"PAPIN";"16,2791300";" -61,4607000"
"201900019895";"11";"5";"2019";"11:09";"1";"971";"97113";"2";"1";"1";"6";"SECTION MARE-GAILLARD";"16,2178506";" -61,4367230"
"201900019896";"9";"5";"2019";"19:40";"5";"971";"97101";"1";"1";"1";"2";"RN1 ROCADE DE CHAUVEL";"16,2399400";" -61,5228100"
"201900019897";"8";"5";"2019";"22:20";"5";"971";"97101";"1";"1";"1";"1";"DUGAZON DE BOURGOGNE (ZONE)";"16,2586800";" -61,5103140"
"201900019898";"7";"5";"2019";"17:05";"1";"971";"97101";"1";"9";"1";"6";"CHAUVEL";"16,2395300";" -61,5224100"
"201900019899";"6";"5";"2019";"15:19";"1";"971";"97113";"2";"1";"1";"1";"SECTION MOREAU";"16,2400000";" -61,4700000"
"201900019900";"1";"5";"2019";"19:30";"5";"971";"97113";"1";"1";"1";"2";"BEAUMANOIR (SECTEUR)";"16,2151540";" -61,4385642"
"201900019901";"21";"4";"2019";"07:54";"1";"971";"97101";"1";"6";"1";"3";"RN05";"16,2614981";" -61,5000177"
"201900019902";"1";"5";"2019";"18:40";"2";"971";"97101";"1";"1";"1";"1";"BOISRIPEAUX";"16,2773920";" -61,5025010"
"201900019903";"28";"4";"2019";"12:30";"1";"971";"97113";"1";"4";"1";"1";"SECTION COCOYER";"16,2408500";" -61,4958900"
"201900019904";"28";"5";"2019";"19:05";"1";"2A";"2A004";"1";"1";"1";"5";"T20";"41,9371300";"8,8036100"
"201900019905";"22";"5";"2019";"13:00";"1";"2A";"2A004";"2";"2";"1";"3";"CAMPI LOUIS BD";"41,9427300";"8,7520200"
"201900019906";"24";"5";"2019";"21:53";"5";"2A";"2A004";"2";"1";"1";"1";"CAMPI LOUIS BD";"41,9432500";"8,7534100"
"201900019907";"24";"5";"2019";"08:55";"1";"2A";"2A004";"2";"1";"1";"3";"PRINCE IMPERIAL COURS";"41,9341300";"8,7486900"
"201900019908";"22";"5";"2019";"16:15";"1";"2A";"2A004";"2";"1";"1";"6";"PIETRI FRANCOIS RUE";"41,9351513";"8,7500921"
"201900019909";"21";"5";"2019";"18:40";"1";"2A";"2A004";"2";"1";"1";"3";"BONAPARTE CHARLES  BD";"41,9332600";"8,7435400"
"201900019910";"21";"5";"2019";"13:10";"1";"2A";"2A004";"2";"1";"1";"2";"ALBERT 1ER BD";"41,9119400";"8,7226300"
"201900019911";"21";"5";"2019";"09:27";"1";"2A";"2A004";"2";"6";"1";"3";"ILES SANGUINAIRES ROUTE DES";"41,9086163";"8,7020913"
"201900019912";"20";"5";"2019";"09:00";"1";"2A";"2A004";"2";"4";"1";"3";"T21";"41,9335700";"8,7544200"
"201900019913";"16";"5";"2019";"17:04";"1";"2A";"2A004";"2";"1";"1";"6";"CAMPI LOUIS BD";"41,9425500";"8,7515200"
"201900019914";"16";"5";"2019";"17:20";"1";"2A";"2A004";"2";"1";"1";"2";"MEZZAVIA ROUTE DE";"41,9525900";"8,7847000"
"201900019915";"11";"5";"2019";"10:44";"1";"2A";"2A004";"1";"1";"1";"3";"T21";"41,9269600";"8,7855400"
"201900019916";"12";"5";"2019";"09:10";"1";"2A";"2A004";"2";"3";"1";"3";"BONAPARTE LUCIEN  COURS";"41,9105984";"8,7216565"
"201900019917";"7";"5";"2019";"00:26";"5";"2A";"2A004";"2";"1";"1";"2";"NAPOLEON COURS AVANT BEVERINI";"41,9236950";"8,7377629"
"201900019918";"6";"5";"2019";"13:55";"1";"2A";"2A004";"2";"9";"1";"3";"PIETRI FRANCOIS RUE";"41,9352100";"8,7473800"
"201900019919";"6";"5";"2019";"10:29";"1";"2A";"2A004";"2";"1";"1";"2";"BIANCAMARIA COLONEL ET CAPITAINE AVE";"41,9331652";"8,7372796"
"201900019920";"30";"4";"2019";"19:00";"1";"2A";"2A004";"2";"3";"1";"2";"GEORGES POMPIDOU AVENUE";"41,9335516";"8,7543256"
"201900019921";"30";"4";"2019";"10:05";"1";"2A";"2A004";"2";"1";"1";"5";"ROUTE DU STILETTO";"41,9453300";"8,7602400"
"201900019922";"26";"5";"2019";"01:45";"5";"95";"95268";"2";"1";"1";"6";"AV DES MORILLONS";"48,9663400";"2,4013900"
"201900019923";"24";"5";"2019";"13:55";"1";"95";"95585";"2";"1";"1";"6";"BVD ALBERT CAMUS";"48,9767300";"2,3708100"
"201900019924";"20";"5";"2019";"07:40";"1";"95";"95585";"2";"1";"2";"6";"BOIVIN (RUE)";"49,0011700";"2,3795300"
"201900019925";"22";"3";"2019";"09:20";"2";"95";"95585";"2";"1";"1";"6";"GARGES (ROUTE DE)";"48,9861500";"2,3802300"
"201900019926";"13";"5";"2019";"14:25";"1";"95";"95585";"2";"1";"1";"3";"BAUVES (RUE DES)";"48,9932200";"2,3829900"
"201900019927";"27";"5";"2019";"16:49";"1";"95";"95051";"2";"1";"1";"6";"EGALITE (AVENUE)";"49,0171500";"2,1843800"
"201900019928";"20";"5";"2019";"21:45";"1";"95";"95582";"2";"6";"1";"2";"RUE DE L'ERMITAGE";"48,9792623";"2,2373847"
"201900019929";"18";"5";"2019";"18:40";"1";"95";"95424";"2";"3";"1";"3";"FORTUNÉ CHARLOT(RUE)";"48,9902800";"2,1842200"
"201900019930";"17";"5";"2019";"14:00";"1";"95";"95219";"2";"1";"1";"3";"SYNDICAT (RUE DU)";"48,9957600";"2,2514800"
"201900019931";"17";"5";"2019";"08:40";"1";"95";"95424";"2";"1";"1";"6";"GÉNÉRAL DE GAULLE(RUE DU)";"48,9967500";"2,1946100"
"201900019932";"8";"5";"2019";"13:45";"1";"95";"95424";"2";"1";"2";"6";"FRANCES(AVENUE DES)";"48,9956174";"2,2016131"
"201900019933";"28";"5";"2019";"12:50";"1";"95";"95427";"2";"3";"1";"3";"JULES FERRY (RUE)";"48,9648000";"2,3403000"
"201900019934";"14";"5";"2019";"10:45";"1";"95";"95288";"2";"1";"1";"2";"CALAIS (ROUTE DE)";"48,9802700";"2,3634800"
"201900019935";"16";"5";"2019";"09:10";"1";"95";"95428";"2";"1";"1";"2";"GRETRY";"48,9900900";"2,3242700"
"201900019936";"15";"5";"2019";"18:40";"1";"95";"95210";"2";"1";"1";"6";"CEINTURE (AVENUE DE)";"48,9753300";"2,3015600"
"201900019937";"25";"4";"2019";"15:30";"1";"95";"95210";"2";"1";"1";"3";"MALLEVILLE (RUE DE)";"48,9675800";"2,3054200"