"Num_Acc";"jour";"mois";"an";"hrmn";"lum";"dep";"com";"agg";"int";"atm";"col";"adr";"lat";"long"
"201900019938";"10";"5";"2019";"21:00";"1";"95";"95014";"1";"1";"2";"2";"CROIX BLANCHE   ROUTE DE LA";"49,0116000";"2,3047800"
"201900019939";"15";"4";"2019";"11:00";"1";"95";"95598";"2";"1";"1";"6";"JEAN  MERMOZ   RUE";"48,9817400";"2,3060000"
"201900019940";"9";"5";"2019";"08:05";"1";"95";"95369";"2";"1";"3";"6";"EAUBONNE     RUE D'";"49,0052800";"2,2880900"
"201900019941";"4";"5";"2019";"14:15";"1";"95";"95210";"2";"1";"2";"3";"DEPART (RUE DU)";"48,9743200";"2,3081500"
"201900019942";"1";"5";"2019";"08:50";"1";"95";"95428";"2";"2";"1";"3";"CHARLES DE GAULLE  AVENUE";"48,9825000";"2,3236400"
"201900019943";"29";"4";"2019";"23:27";"5";"95";"95427";"2";"9";"1";"6";"SABLONS (RUE DES)";"48,9594400";"2,3339300"
"201900019944";"29";"5";"2019";"21:30";"1";"95";"95572";"2";"3";"1";"3";"PARIS (AVENUE DE) ";"49,0400800";"2,1152100"
"201900019945";"28";"5";"2019";"08:30";"1";"95";"95218";"1";"1";"2";"3";"JACQUES DUCLOS (BOULEVARD)";"49,0205769";"2,0997834"
"201900019946";"4";"5";"2019";"21:10";"2";"95";"95127";"2";"9";"1";"3";"ERKRATH (BOULEVARD D')";"49,0513100";"2,0109500"
"201900019947";"5";"5";"2019";"06:55";"1";"95";"95127";"2";"1";"1";"6";"MOULIN A VENT (BOULEVARD DU)";"49,0505263";"2,0236118"
"201900019948";"29";"5";"2019";"16:35";"1";"95";"95063";"2";"1";"1";"3";"RUE ROUGET DE LISLE";"48,9343505";"2,2096778"
"201900019949";"22";"5";"2019";"20:45";"2";"95";"95018";"2";"3";"1";"5";"GUILLOT (BOULEVARD MARCEAU)";"48,9551011";"2,2526783"
"201900019950";"20";"5";"2019";"11:25";"1";"95";"95176";"2";"3";"1";"5";"JOFFRE (BOULEVARD)";"48,9634900";"2,2008700"
"201900019951";"16";"5";"2019";"08:31";"1";"95";"95063";"2";"1";"1";"6";"PL LENINE";"48,9236700";"2,2176900"
"201900019952";"14";"5";"2019";"15:00";"1";"95";"95063";"2";"1";"1";"6";"PL LENINE";"48,9236800";"2,2177500"
"201900019953";"23";"5";"2019";"16:45";"1";"91";"91589";"2";"3";"1";"3";"ALLEMANE (RUE JEAN)";"48,6853300";"2,3420500"
"201900019954";"21";"5";"2019";"16:25";"1";"91";"91432";"2";"9";"1";"3";"COUR DE FRANCE (AVENUE DE LA)";"48,6956800";"2,3317000"
"201900019955";"23";"5";"2019";"20:08";"1";"91";"91477";"2";"6";"1";"2";"ALLIES (AVENUE DES)";"48,7261020";"2,2461340"
"201900019956";"23";"5";"2019";"14:07";"1";"91";"91064";"2";"3";"1";"3";"PETIT BIEVRES (RUE DU)";"48,7507700";"2,2123300"
"201900019957";"17";"5";"2019";"21:00";"2";"91";"91645";"2";"1";"1";"3";"BOIS (VOIE DU)";"48,7545000";"2,2693000"
"201900019958";"17";"5";"2019";"17:05";"1";"91";"91064";"1";"1";"1";"2";"JOUY (ROUTE DE)";"48,7521490";"2,2058560"
"201900019959";"17";"5";"2019";"17:30";"1";"91";"91645";"2";"3";"1";"3";"AMBLAINVILLIERS (RUE D')";"48,7434190";"2,2563950"
"201900019960";"10";"5";"2019";"10:30";"1";"91";"91064";"1";"9";"1";"3";"FAVREUSE (ROUTE DE)";"48,7440700";"2,1888500"
"201900019961";"6";"5";"2019";"18:15";"1";"91";"91692";"2";"3";"1";"3";"TROPIQUES (AVENUE DES)";"48,6845560";"2,1967150"
"201900019962";"5";"5";"2019";"19:20";"1";"91";"91477";"2";"1";"1";"3";"VIALA (BOULEVARD)";"48,7129000";"2,2412000"
"201900019963";"25";"5";"2019";"03:40";"3";"91";"91691";"1";"6";"1";"7";"GOURGAUD(AVENUE)EN FORET";"48,7295100";"2,4993100"
"201900019964";"13";"5";"2019";"13:55";"1";"91";"91421";"2";"3";"1";"3";"MARECHAL FOCH (AVENUE DU)";"48,7087000";"2,4640000"
"201900019965";"13";"5";"2019";"09:30";"1";"91";"91421";"2";"3";"1";"6";"REPUBLIQUE (AVENUE DE LA)";"48,7038200";"2,4611000"
"201900019966";"10";"5";"2019";"04:20";"5";"91";"91421";"2";"9";"1";"7";"CHARLES DE GAULLE (AVENUE)";"48,6936500";"2,4485300"
"201900019967";"6";"5";"2019";"18:25";"1";"91";"91377";"2";"1";"1";"6";"BASCH (RUE VICTOR)";"48,7291690";"2,2698860"
"201900019968";"30";"4";"2019";"16:55";"1";"91";"91377";"2";"1";"1";"6";"PARIS (RUE DE)";"48,7270000";"2,2725000"
"201900019969";"18";"5";"2019";"19:42";"1";"91";"91161";"2";"1";"1";"6";"FRANCOIS MOUTHON (RUE)";"48,7038000";"2,3167800"
"201900019970";"26";"5";"2019";"13:25";"1";"91";"91286";"2";"3";"1";"1";"PLESSIS (CHEMIN DU)";"48,6517000";"2,3847100"
"201900019971";"17";"5";"2019";"00:10";"5";"91";"91687";"2";"1";"1";"2";"GENERAL DE GAULLE (AVENUE DU)";"48,6817200";"2,3788300"
"201900019972";"15";"5";"2019";"17:30";"1";"91";"91434";"2";"1";"1";"6";"BOULEAUX (IMPAIRS DU 115 AU 147) (AVENUE";"48,6539570";"2,3637200"
"201900019973";"8";"5";"2019";"18:15";"1";"91";"91434";"2";"6";"3";"7";"MONTLHERY (RUE DE)";"48,6610350";"2,3446110"
"201900019974";"5";"5";"2019";"13:15";"1";"91";"91434";"2";"1";"8";"4";"CORBEIL (ROUTE DE)";"48,6590500";"2,3399850"
"201900019975";"5";"5";"2019";"04:20";"5";"91";"91687";"2";"1";"1";"2";"GABRIEL PERI (AVENUE)";"48,6773080";"2,3711900"
"201900019976";"20";"5";"2019";"08:05";"1";"91";"91521";"2";"1";"2";"6";"CHAMPS (AVENUE DES)";"48,6482700";"2,4191100"
"201900019977";"12";"5";"2019";"14:12";"1";"91";"91228";"2";"1";"1";"3";"INTERNATIONALE (RUE DE L')";"48,6177500";"2,4441200"
"201900019978";"10";"5";"2019";"16:15";"1";"91";"91228";"2";"1";"1";"4";"RN7";"48,6286800";"2,4412400"
"201900019979";"21";"5";"2019";"10:00";"2";"91";"91223";"2";"1";"1";"3";"SAINT MICHEL (BOULEVARD)";"48,4497860";"2,1717500"
"201900019980";"20";"5";"2019";"08:45";"1";"91";"91223";"1";"1";"2";"2";"RUE DU LT COLONEL ARNAUD BELTRAME";"48,4465200";"2,1379200"
"201900019981";"17";"5";"2019";"09:35";"1";"91";"91223";"2";"3";"1";"6";"COMTE (RUE AU)";"48,4336000";"2,1655600"
"201900019982";"16";"5";"2019";"18:23";"1";"91";"91223";"1";"1";"1";"7";"RUE DU LT COLONEL ARNAUD BELTRAME";"48,4482810";"2,1391000"
"201900019983";"15";"5";"2019";"19:15";"1";"91";"91223";"2";"3";"1";"5";"R.N.20";"48,4334800";"2,1685800"
"201900019984";"15";"5";"2019";"17:30";"1";"91";"91223";"1";"1";"1";"7";"R.N.20";"48,4273100";"2,1530400"
"201900019985";"11";"5";"2019";"11:55";"1";"91";"91433";"1";"6";"1";"7";"R.N. 20";"48,4586300";"2,1765900"
"201900019986";"27";"5";"2019";"16:50";"1";"91";"91657";"2";"1";"1";"6";"CONCORDE (AVENUE)";"48,7033000";"2,4264360"
"201900019987";"24";"5";"2019";"09:25";"1";"91";"91201";"2";"2";"1";"7";"rue Charles Mory";"48,6834900";"2,4321500"
"201900019988";"20";"5";"2019";"13:15";"1";"91";"91228";"2";"2";"1";"3";"bd des Champs Elysées";"48,6407500";"2,4284100"
"201900019989";"22";"5";"2019";"16:00";"1";"91";"91174";"2";"9";"1";"6";"DOCTEUR VIGNE(RUE DU)";"48,6112900";"2,4749500"
"201900019990";"5";"5";"2019";"23:45";"5";"91";"91174";"2";"1";"1";"2";"JOHN KENNEDY (BOULEVARD)";"48,5860000";"2,4769000"
"201900019991";"21";"5";"2019";"11:10";"1";"91";"91097";"2";"6";"1";"3";"JEAN MOULIN (AVENUE)";"48,6833770";"2,5322980"
"201900019992";"20";"5";"2019";"19:00";"1";"91";"91114";"2";"1";"1";"3";"PIERRE PROST (AVENUE)";"48,6949500";"2,5021100"
"201900019993";"24";"5";"2019";"16:55";"1";"91";"91027";"2";"1";"1";"6";"DIX NEUF MARS 1962 (PLACE DU)";"48,7134000";"2,3960000"
"201900019994";"18";"5";"2019";"13:15";"1";"91";"91027";"2";"1";"1";"2";"MITTERAND (AVENUE FRANCOIS) N° 112 A 188";"48,7127900";"2,3713400"
"201900019995";"16";"5";"2019";"12:55";"1";"91";"91479";"1";"9";"7";"1";"FONTAINEBLEAU (ROUTE DE)";"48,7342300";"2,3664190"
"201900019996";"27";"5";"2019";"18:00";"1";"91";"91103";"2";"6";"1";"3";"DE GAULLE (ROND POINT DU GENERAL)";"48,6057200";"2,3176800"
"201900019997";"23";"5";"2019";"16:40";"1";"91";"91021";"2";"1";"1";"2";"VERDUN (AVENUE DE)";"48,5860000";"2,2450000"
"201900019998";"21";"5";"2019";"10:50";"1";"91";"91021";"2";"9";"1";"2";"SAINT DENIS (RUE)";"48,5863790";"2,2555550"
"201900019999";"20";"5";"2019";"17:35";"1";"91";"91339";"2";"1";"1";"3";"RN 20";"48,6268900";"2,2631600"
"201900020000";"20";"5";"2019";"10:25";"1";"91";"91457";"2";"1";"2";"7";"FERTE ALAIS (ROUTE DE LA)";"48,5790000";"2,2570000"
"201900020001";"17";"5";"2019";"14:27";"1";"91";"91021";"2";"1";"1";"3";"RN 20";"48,6009920";"2,2468820"
"201900020002";"14";"5";"2019";"09:10";"1";"91";"91552";"2";"1";"1";"6";"BOUCHER HELENE (RUE)";"48,5906600";"2,2888900"
"201900020003";"14";"5";"2019";"06:15";"2";"91";"91339";"2";"1";"1";"4";"RN 20";"48,6227000";"2,2604800"
"201900020004";"12";"5";"2019";"12:40";"1";"91";"91339";"2";"1";"1";"4";"RN 20";"48,6350400";"2,2664000"
"201900020005";"12";"5";"2019";"02:08";"5";"91";"91552";"2";"1";"1";"7";"NATIONALE 20 (ROUTE)";"48,6065500";"2,2486700"
"201900020006";"11";"5";"2019";"18:40";"1";"91";"91339";"2";"1";"1";"2";"BENOIST ROBERT (AVENUE)";"48,6362000";"2,2665400"
"201900020007";"10";"5";"2019";"14:50";"1";"91";"91021";"2";"9";"1";"7";"HOCHE (AVENUE)";"48,5900000";"2,2550000"
"201900020008";"4";"5";"2019";"12:40";"1";"91";"91425";"2";"6";"2";"7";"BOURGUIGNONS (RUE DES)";"48,6474590";"2,2751400"
"201900020009";"29";"4";"2019";"17:25";"1";"91";"91103";"2";"1";"1";"7";"DOUARD HENRI (RUE)";"48,6115200";"2,3149400"
"201900020010";"8";"5";"2019";"18:00";"1";"90";"90010";"2";"2";"2";"3";"AUXELLES (VIA D')";"47,6404100";"6,8375200"
"201900020011";"9";"5";"2019";"12:10";"1";"90";"90099";"1";"1";"2";"5";"RD5 - PR0+900";"47,6677187";"6,8542457"
"201900020012";"27";"5";"2019";"10:00";"1";"89";"89387";"2";"1";"2";"3";"GENERAL DE GAULLE (RUE DU)";"48,1939900";"3,2835800"
"201900020013";"19";"5";"2019";"15:20";"1";"89";"89024";"2";"2";"1";"3";"MONTARDOINS (RUE DES)";"47,7885000";"3,5774300"
"201900020014";"21";"5";"2019";"13:15";"1";"88";"88413";"1";"1";"2";"6";"Route Forestière de la Bure";"48,3218100";"6,9446500"
"201900020015";"14";"5";"2019";"07:50";"1";"88";"88413";"2";"1";"7";"6";"Foucharupt ( Rue de )";"48,2822700";"6,9512800"
"201900020016";"22";"5";"2019";"16:00";"1";"88";"88160";"2";"1";"1";"6";"JEUXEY (RTE DE)";"48,1930600";"6,4532100"
"201900020017";"4";"5";"2019";"01:41";"5";"88";"88160";"2";"1";"1";"6";"NANCY (RUE DE)";"48,1798560";"6,4454450"
"201900020018";"1";"5";"2019";"01:15";"3";"88";"88160";"1";"1";"1";"7";"GERARDMER (route de)";"48,1761800";"6,5046700"
"201900020019";"29";"5";"2019";"12:04";"1";"87";"87085";"2";"6";"1";"7";"MENDES-FRANCE ( Rond point Pierre)";"45,8892100";"1,2807300"
"201900020020";"28";"5";"2019";"16:20";"1";"87";"87085";"2";"1";"2";"3";"BLANC LOUIS (BOULEVARD)";"45,8286100";"1,2617800"
"201900020021";"27";"5";"2019";"17:02";"1";"87";"87085";"2";"3";"3";"3";"BABYLONE (RUE DE)";"45,8198300";"1,2668300"
"201900020022";"23";"5";"2019";"18:45";"1";"87";"87085";"2";"1";"1";"7";"CONDORCET (RUE)";"45,8458600";"1,2694800"
"201900020023";"23";"5";"2019";"07:57";"1";"87";"87085";"2";"2";"1";"3";"BENEDICTINS (AVENUE DES)";"45,8326500";"1,2665600"
"201900020024";"22";"5";"2019";"08:14";"2";"87";"87085";"2";"3";"1";"6";"BOURNEVILLE (RUE DE)";"45,8187200";"1,2411700"
"201900020025";"17";"5";"2019";"17:52";"1";"87";"87085";"2";"1";"2";"6";"PERRIN (RUE FRANCOIS)";"45,8246900";"1,2277900"
"201900020026";"16";"10";"2019";"21:20";"4";"35";"35238";"2";"1";"1";"6";"JANVIER (AVENUE JEAN)";"48,1055900";" -1,6728700"
"201900020027";"17";"11";"2019";"18:00";"2";"35";"35051";"1";"1";"8";"6";"A84";"48,1496559";" -1,5990311"
"201900020028";"17";"11";"2019";"04:15";"5";"35";"35238";"2";"1";"5";"6";"ANTRAIN (D') DE 43 ET 80 A FIN";"48,1206400";" -1,6720900"
"201900020029";"18";"11";"2019";"01:20";"5";"33";"33063";"2";"2";"1";"3";"ALBERT 1ER (BD )";"44,8133700";" -0,5646000"
"201900020030";"14";"11";"2019";"18:55";"5";"33";"33162";"2";"1";"2";"4";"AVE DU TAILLAN-MEDOC";"44,8744400";" -0,6365500"
"201900020031";"17";"11";"2019";"23:40";"5";"32";"32013";"2";"2";"2";"6";"CORPS FRANC POMMIES (AVENUE DU)";"43,6293000";"0,5800200"
"201900020032";"15";"11";"2019";"12:10";"1";"22";"22113";"2";"1";"2";"2";"KRA DOUAR (RUE DE)";"48,7401500";" -3,4632700"
"201900020033";"17";"11";"2019";"19:20";"5";"17";"17300";"2";"1";"1";"3";"SARTRE   AVENUE JEAN-PAUL";"46,1561300";" -1,1314000"
"201900020034";"17";"11";"2019";"15:00";"1";"14";"14118";"2";"1";"1";"2";"COTY (AVENUE DU PRESIDENT)";"49,1920000";" -0,3937000"
"201900020035";"17";"11";"2019";"18:45";"5";"13";"13211";"2";"1";"1";"6";"SAINT MARCEL (BOULEVARD DE )";"43,2886810";"5,4619180"
"201900020036";"17";"11";"2019";"17:20";"2";"75";"75116";"2";"1";"1";"3";"BD PERIPHERIQUE EXTERIEUR";"48,8721120";"2,2738190"
"201900020037";"16";"11";"2019";"22:40";"5";"75";"75119";"2";"3";"1";"6";"RUE DU MAROC";"48,8868180";"2,3685010"
"201900020038";"17";"11";"2019";"21:00";"5";"75";"75118";"2";"1";"1";"3";"PORTE DE LA CHAPELLE";"48,8996362";"2,3586580"
"201900020039";"17";"11";"2019";"19:00";"5";"75";"75109";"2";"5";"1";"6";"RUE DE ROCHECHOUART";"48,8783244";"2,3450084"
"201900020040";"17";"11";"2019";"03:10";"5";"75";"75107";"2";"2";"1";"6";"QUAI BRANLY";"48,8606493";"2,2954774"
"201900020041";"17";"11";"2019";"18:10";"5";"94";"94041";"2";"1";"1";"6";"COLONEL FABIEN (BD DU)";"48,8145500";"2,4039300"
"201900020042";"17";"11";"2019";"00:05";"5";"94";"94078";"2";"1";"1";"2";"PARIS (R DE)";"48,7398800";"2,4466000"
"201900020043";"16";"11";"2019";"05:00";"5";"93";"93066";"2";"1";"1";"3";"ELUARD PAUL - AUTRES";"48,9400000";"2,3450000"
"201900020044";"16";"11";"2019";"22:15";"3";"93";"93077";"2";"3";"1";"3";"ROSNY (AVENUE DE)";"48,8846800";"2,5072300"
"201900020045";"17";"11";"2019";"19:10";"5";"93";"93050";"2";"4";"1";"6";"PAUL ET CAMILLE THOMOUX (RUE) COTE PAIR";"48,8739700";"2,5298300"
"201900020046";"17";"11";"2019";"13:35";"1";"93";"93027";"2";"2";"1";"3";"PASTEUR (BOULEVARD) DE 40 A +";"48,9251100";"2,3844000"
"201900020047";"17";"11";"2019";"00:00";"5";"93";"93057";"2";"5";"1";"1";"BRIAND ( AV. ARISTIDE) 238 A 308";"48,9100000";"2,5100000"
"201900020048";"17";"11";"2019";"14:45";"1";"93";"93008";"2";"1";"1";"2";"BARBUSSE (AVENUE HENRI) A30";"48,9100000";"2,4300000"
"201900020049";"17";"11";"2019";"01:00";"5";"92";"92002";"2";"3";"1";"6";"PYRENEES (BOULEVARD DES)";"48,7360948";"2,2816268"
"201900020050";"16";"11";"2019";"23:00";"3";"28";"28103";"1";"1";"1";"2";"La Germinerie";"48,0081380";"1,2583150"
"201900020051";"16";"11";"2019";"07:41";"3";"28";"28103";"2";"8";"1";"6";"D35";"48,0058080";"1,2502130"
"201900020052";"26";"10";"2019";"12:45";"1";"972";"97227";"2";"9";"1";"3";"D7";"14,4654680";" -60,9351780"
"201900020053";"12";"11";"2019";"06:50";"5";"26";"26337";"1";"1";"1";"4";"autoroute A7 PK 096+600";"44,7224790";"4,7861780"
"201900020054";"18";"11";"2019";"07:28";"2";"57";"57224";"2";"1";"2";"6";"12 Avenue Foch";"49,0711880";"6,6869300"
"201900020055";"15";"11";"2019";"15:30";"5";"44";"44076";"2";"1";"2";"6";"Place des Centaures";"47,6315990";" -1,5876620"
"201900020056";"18";"11";"2019";"10:25";"1";"56";"56257";"1";"2";"1";"1";"D793";"48,0964260";" -2,5352670"
"201900020057";"8";"11";"2019";"08:00";"1";"56";"56003";"2";"9";"9";"1";"5 Route de Doaren Bras";"47,6340373";" -2,8255105"
"201900020058";"18";"11";"2019";"16:15";"1";"74";"74074";"1";"1";"1";"1";"Route de 16 Aout 1944";"46,1095450";"5,9172840"
"201900020059";"17";"11";"2019";"20:30";"3";"49";"49069";"1";"1";"1";"6";"D17";"47,2833230";" -1,1514000"
"201900020060";"17";"11";"2019";"21:09";"3";"44";"44175";"1";"1";"1";"1";"Tremelu";"47,3620350";" -2,3669111"
"201900020061";"15";"11";"2019";"16:30";"2";"29";"29239";"1";"3";"1";"6";"Roscoff";"48,7051020";" -3,9860730"
"201900020062";"14";"11";"2019";"06:30";"2";"3";"03112";"2";"1";"1";"2";"route de Vichy";"46,2191087";"3,2270261"
"201900020063";"17";"11";"2019";"20:30";"3";"3";"03118";"2";"1";"1";"6";"109 Grande Rue";"46,0981598";"3,1981577"
"201900020064";"17";"11";"2019";"06:30";"5";"1";"01232";"1";"3";"1";"3";"Les Grands Cours";"46,3053810";"5,2360500"
"201900020065";"17";"11";"2019";"10:35";"1";"70";"70143";"1";"1";"1";"6";"D46";"47,7945390";"5,7750890"
"201900020066";"18";"11";"2019";"18:05";"3";"50";"50446";"1";"2";"1";"1";"La Boulaye";"49,1206500";" -1,0285490"
"201900020067";"18";"11";"2019";"08:55";"1";"24";"24353";"1";"1";"1";"1";"D12";"45,4628240";"0,3902320"
"201900020068";"18";"11";"2019";"06:15";"2";"4";"04132";"1";"1";"1";"7";"RD 51";"43,9937360";"5,6010670"
"201900020069";"2";"11";"2019";"01:19";"3";"28";"28367";"1";"1";"2";"1";"D954";"48,1462502";"1,8466391"
"201900020070";"18";"11";"2019";"18:00";"3";"87";"87045";"1";"1";"1";"6";"Les Boisgilles";"45,9807240";"1,0242070"
"201900020071";"18";"11";"2019";"06:10";"3";"42";"42295";"1";"1";"2";"6";"Autoroute 89 PK 457.900";"45,8565880";"3,8228440"
"201900020072";"18";"11";"2019";"11:45";"1";"77";"77183";"1";"3";"2";"6";" D402 X RUE DES MOULINS";"48,9501200";"3,1359600"
"201900020073";"15";"11";"2019";"19:00";"3";"13";"13001";"1";"1";"1";"4";"122 Avenue Gaston Berger";"43,5118200";"5,4479770"
"201900020074";"15";"11";"2019";"14:25";"1";"77";"77165";"2";"2";"1";"3";"D213 X D227-2 Route de Villefermoy";"48,5035310";"2,8641410"
"201900020075";"15";"11";"2019";"17:30";"5";"95";"95580";"2";"1";"2";"6";"Rue de Paris";"49,0923360";"2,5664210"
"201900020076";"12";"11";"2019";"08:30";"1";"38";"38530";"1";"1";"5";"4";"A43";"45,6215960";"5,1824100"
"201900020077";"18";"11";"2019";"07:00";"5";"33";"33005";"2";"2";"1";"6";"Boulevard de la République (carrefour à feux inopérant / signalisation par panneaux applicable)";"44,7362030";" -1,0871880"
"201900020078";"17";"11";"2019";"17:20";"1";"973";"97311";"1";"1";"1";"3";"Avenue Christophe Colomb";"5,4632373";" -54,0426707"
"201900020079";"6";"11";"2019";"18:00";"3";"2A";"2A247";"1";"1";"3";"7";"Route de l'Ospedale";"41,6532973";"9,2075260"
"201900020080";"16";"11";"2019";"16:40";"1";"11";"11266";"2";"3";"1";"3";"262 Rue Emile Zola";"43,0185810";"3,0480060"
"201900020081";"18";"11";"2019";"14:40";"1";"84";"84064";"1";"1";"1";"3";"RN7";"44,3140190";"4,6860240"
"201900020082";"6";"11";"2019";"20:45";"3";"84";"84003";"1";"1";"1";"6";"D223";"43,8964930";"5,3833330"
"201900020083";"17";"11";"2019";"20:00";"5";"83";"83070";"2";"1";"1";"6";"Avenue du Président Vincent Auriol";"43,1312850";"6,3630850"
"201900020084";"18";"11";"2019";"07:20";"4";"70";"70279";"2";"1";"2";"6";"Avenue Revon";"47,4420800";"5,5905370"
"201900020085";"14";"11";"2019";"17:30";"5";"67";"67131";"2";"1";"1";"6";"38 Rue de la 1ere Division Blindee";"48,4875180";"7,7154070"
"201900020086";"18";"11";"2019";"10:30";"1";"73";"73054";"2";"2";"7";"6";"378 Avenue Maréchal Leclerc";"45,6154740";"6,7692100"
"201900020087";"18";"11";"2019";"06:00";"5";"38";"38507";"2";"1";"1";"6";"RD517 38230";"45,7516510";"5,1995770"
"201900020088";"18";"11";"2019";"04:55";"3";"1";"01264";"1";"1";"1";"6";"2243 Route de Trevoux";"46,1877910";"5,1184450"
"201900020089";"17";"11";"2019";"12:15";"1";"35";"35242";"1";"1";"1";"6";"D211";"48,3778510";" -1,5267890"
"201900020090";"18";"11";"2019";"05:40";"5";"60";"60342";"2";"1";"1";"6";"342 Rue de la République";"49,2940560";"2,4435370"
"201900020091";"17";"11";"2019";"13:08";"1";"2";"02574";"1";"1";"1";"2";"102 Rue de Paris";"49,8639750";"3,9950690"
"201900020092";"16";"11";"2019";"02:45";"5";"59";"59321";"2";"1";"1";"7";"D643";"50,1209460";"3,4683570"
"201900020093";"17";"11";"2019";"13:11";"1";"13";"13019";"1";"1";"1";"5";"A51-Sens Marseille vers Aix en Provence";"43,4252100";"5,3769500"
"201900020094";"16";"11";"2019";"10:05";"1";"13";"13071";"1";"1";"1";"3";"A51-Sens Marseille vers Aix en Provence";"43,4147998";"5,3649018"
"201900020095";"16";"11";"2019";"08:00";"1";"13";"13211";"1";"1";"1";"3";"A50-Sens Aubagne vers Marseille";"43,2870200";"5,4356700"
"201900020096";"16";"11";"2019";"07:15";"2";"13";"13215";"1";"1";"1";"2";"A7-Sens Marseille vers Lyon";"43,3541160";"5,3644580"
"201900020097";"6";"11";"2019";"07:45";"1";"13";"13206";"1";"1";"1";"2";"Tunnel Prado Carénage";"43,2897708";"5,3698263"
"201900020098";"17";"11";"2019";"15:02";"1";"33";"33318";"1";"1";"2";"7";"AUTOROUTE A 63";"44,7887300";" -0,6230900"
"201900020099";"17";"11";"2019";"03:37";"5";"33";"33249";"1";"1";"5";"2";"ROUTE NATIONALE 230";"44,8742200";" -0,5072600"
"201900020100";"16";"11";"2019";"12:10";"1";"94";"94028";"1";"1";"1";"6";"A86 EXT";"48,7833000";"2,4667000"
"201900020101";"15";"11";"2019";"14:20";"1";"61";"61001";"2";"1";"2";"6";"JEAN MANTELET (AVENUE)";"48,4181500";"0,0981300"
"201900020102";"15";"11";"2019";"19:25";"3";"30";"30189";"1";"1";"1";"7";"UZES (ROUTE D')";"43,9042187";"4,3933526"
"201900020103";"15";"11";"2019";"20:30";"5";"988";"98818";"2";"3";"1";"2";"RUE A. OHLEN/RUE J.M. DE HEREDIA";" -22,2624600";"166,4632100"
"201900020104";"15";"11";"2019";"21:00";"5";"973";"97302";"2";"1";"1";"1";"GRANT (CITE)";"4,9461210";" -52,3081679"
"201900020105";"16";"11";"2019";"01:00";"5";"973";"97302";"2";"6";"1";"6";"MADELEINE (ROUTE DE LA)";"4,9247400";" -52,3234000"
"201900020106";"16";"11";"2019";"18:50";"2";"972";"97209";"2";"1";"1";"6";"PROFESSEUR RAYMOND GARCIN (RUE DU)";"14,6124200";" -61,0786700"
"201900020107";"16";"11";"2019";"14:20";"1";"972";"97209";"1";"1";"1";"4";"AUTOROUTE (A1)";"14,6168800";" -61,0420100"
"201900020108";"16";"11";"2019";"06:10";"1";"972";"97209";"1";"1";"1";"7";"ENTRAIDE (ROUTE DE L')";"14,6188900";" -61,0566300"
"201900020109";"15";"11";"2019";"21:40";"5";"972";"97209";"2";"4";"1";"7";"EDOUARD JEANNE (RUE)";"14,6032600";" -61,0549500"
"201900020110";"16";"11";"2019";"21:55";"5";"69";"69382";"2";"1";"1";"2";"DOCTEUR GAILLETON (DU)              (QU)";"45,7537800";"4,8344000"
"201900020111";"16";"11";"2019";"14:45";"1";"2A";"2A004";"2";"6";"8";"3";"T21";"41,9277001";"8,7969724"
"201900020112";"16";"11";"2019";"16:50";"1";"91";"91377";"2";"6";"1";"2";"DIX-NEUF MARS 1962 (ROND POINT DU)";"48,7375400";"2,2725500"
"201900020113";"16";"11";"2019";"13:00";"1";"91";"91223";"2";"1";"1";"3";"CHARPENTIER (AVENUE THEODORE)";"48,4296900";"2,1532100"
"201900020114";"16";"11";"2019";"01:25";"5";"91";"91027";"2";"2";"2";"3";"MITTERAND (AVENUE FRANCOIS) N° 112 A 188";"48,7160000";"2,3710000"
"201900020115";"15";"11";"2019";"16:15";"1";"78";"78396";"2";"1";"3";"6";"POISSY (AVENUE DE)";"48,9433200";"2,1287200"
"201900020116";"16";"11";"2019";"17:40";"3";"78";"78005";"2";"1";"1";"7";"PORTE DE FROMAINVILLE";"48,9717000";"2,1738000"
"201900020117";"16";"11";"2019";"16:30";"1";"77";"77482";"2";"1";"9";"1";"D605";"48,3667600";"2,9572900"
"201900020118";"15";"11";"2019";"19:30";"5";"77";"77152";"1";"2";"2";"5";"D142 X D64-BOURGOGNE(ROUTE DE)";"48,4971037";"2,6339446"
"201900020119";"16";"11";"2019";"06:15";"3";"71";"71540";"1";"9";"9";"7";"R.N.80";"46,7669300";"4,4496500"
"201900020120";"16";"11";"2019";"19:10";"5";"69";"69029";"2";"2";"1";"2";"GENAS (DE)                          (RO)";"45,7472300";"4,9233200"
"201900020121";"16";"11";"2019";"21:05";"5";"64";"64024";"2";"1";"2";"7";"HUIT MAI (RUE DU)";"43,4622000";" -1,4959000"
"201900020122";"16";"11";"2019";"12:30";"1";"54";"54257";"2";"1";"1";"1";"COTEAU (RUE DU)";"48,6458110";"6,1855470"
"201900020123";"16";"11";"2019";"21:40";"3";"51";"51454";"1";"1";"1";"3";"BOULEVARD DES TONDEURS";"49,2830575";"3,9944152"
"201900020124";"15";"11";"2019";"20:45";"5";"45";"45232";"2";"2";"2";"6";"AV DE SOLOGNE - AV DE VERDUN";"47,8681900";"1,9122700"
"201900020125";"16";"11";"2019";"19:50";"5";"44";"44109";"2";"6";"1";"3";"BERLIN/PICASSO";"47,2161800";" -1,5339000"