"Num_Acc";"jour";"mois";"an";"hrmn";"lum";"dep";"com";"agg";"int";"atm";"col";"adr";"lat";"long"
"201900020126";"16";"11";"2019";"11:10";"1";"44";"44109";"2";"1";"8";"2";"ROUTE DE PARIS";"47,2555200";" -1,5103000"
"201900020127";"16";"11";"2019";"09:40";"1";"42";"42071";"2";"1";"7";"6";"LIBERATION (AVENUE DE LA)";"46,0313800";"4,0826000"
"201900020128";"16";"11";"2019";"15:30";"1";"37";"37261";"2";"1";"2";"6";"ALOUETTE (AVENUE)";"47,3630555";"0,6976723"
"201900020129";"16";"11";"2019";"05:17";"5";"37";"37261";"2";"3";"2";"7";"RN 76 - Route de St Avertin";"47,3648569";"0,7089062"
"201900020130";"16";"11";"2019";"11:15";"1";"35";"35238";"1";"1";"1";"6";"RN136";"48,1252460";" -1,7180030"
"201900020131";"16";"11";"2019";"20:55";"5";"34";"34172";"2";"1";"1";"6";"TANNEURS (QUAI DES)";"43,6156889";"3,8764679"
"201900020132";"15";"11";"2019";"12:00";"1";"34";"34172";"2";"1";"1";"2";"LIBERTE (AVENUE DE LA";"43,6107100";"3,8319700"
"201900020133";"16";"11";"2019";"11:40";"1";"33";"33063";"2";"1";"3";"6";"PCE DE L'EUROPE";"44,8602300";" -0,5802800"
"201900020134";"16";"11";"2019";"18:30";"3";"33";"33529";"1";"1";"3";"1";"RD1250";"44,6341000";" -1,1554800"
"201900020135";"18";"11";"2019";"15:32";"1";"31";"31483";"2";"1";"2";"6";"ENCORE (BOULEVAR D')";"43,1160000";"0,7360000"
"201900020136";"16";"11";"2019";"18:22";"5";"29";"29019";"2";"1";"2";"4";"EUROPE (DE 13 A 15)";"48,4156800";" -4,4739900"
"201900020137";"16";"11";"2019";"09:25";"1";"27";"27229";"2";"1";"8";"6";"FOCH (AVENUE DU MARECHAL)";"49,0234800";"1,1347100"
"201900020138";"16";"11";"2019";"15:56";"1";"17";"17300";"2";"9";"8";"3";"MESCHINET DE RICHEMOND   RUE";"46,1604400";" -1,1925500"
"201900020139";"16";"11";"2019";"09:55";"1";"17";"17300";"2";"6";"2";"2";"COGNEHORS   BOULEVARD DE (1-95))";"46,1673600";" -1,1399300"
"201900020140";"16";"11";"2019";"00:47";"5";"13";"13039";"1";"1";"2";"6";"ROUTE NATIONALE 568";"43,4584100";"4,9232300"
"201900020141";"16";"11";"2019";"22:05";"5";"13";"13212";"2";"2";"1";"3";"SAINT BARNABE (AVENUE DE)";"43,3042000";"5,4130000"
"201900020142";"16";"11";"2019";"15:30";"1";"13";"13201";"2";"1";"1";"2";"BERNEX (RUE)    IMPAIRS";"43,3011600";"5,3879110"
"201900020143";"15";"11";"2019";"11:00";"1";"13";"13028";"2";"1";"1";"6";"CROZET (AVENUE LOUIS )";"43,1767000";"5,6026100"
"201900020144";"16";"11";"2019";"05:40";"5";"6";"06088";"2";"1";"2";"7";"ANGLAIS (DU N° 114 AU N° 263)";"43,6820830";"7,2326840"
"201900020145";"14";"11";"2019";"01:38";"5";"75";"75119";"2";"1";"3";"2";"BD PERIPHERIQUE EXTERIEUR";"48,8936100";"2,3952870"
"201900020146";"16";"11";"2019";"03:20";"5";"75";"75119";"2";"1";"1";"4";"AVENUE CORENTIN CARIOU";"48,8954850";"2,3831820"
"201900020147";"16";"11";"2019";"09:15";"1";"75";"75118";"2";"7";"8";"3";"BOULEVARD ORNANO";"48,8960277";"2,3459888"
"201900020148";"16";"11";"2019";"00:15";"5";"75";"75116";"2";"3";"2";"6";"AVENUE DE VERSAILLES";"48,8391997";"2,2614837"
"201900020149";"14";"11";"2019";"20:40";"5";"75";"75116";"2";"3";"1";"6";"BOULEVARD LANNES";"48,8668830";"2,2718400"
"201900020150";"14";"11";"2019";"23:00";"5";"75";"75115";"2";"3";"2";"7";"RUE LECOURBE";"48,8374050";"2,2850600"
"201900020151";"15";"11";"2019";"19:00";"5";"75";"75111";"2";"3";"2";"6";"RUE DE CHARONNE";"48,8539260";"2,3820270"
"201900020152";"16";"11";"2019";"20:40";"3";"75";"75107";"2";"5";"1";"6";"BOULEVARD SAINT GERMAIN";"48,8560540";"2,3259473"
"201900020153";"16";"11";"2019";"20:00";"5";"75";"75107";"2";"2";"1";"6";"RUE MALAR";"48,8616939";"2,3054635"
"201900020154";"16";"11";"2019";"10:50";"1";"94";"94046";"2";"1";"8";"6";"GENERAL LECLERC (AV DU)";"48,8115100";"2,4299600"
"201900020155";"15";"11";"2019";"15:35";"1";"94";"94073";"2";"9";"2";"6";"ALOUETTES (R DES)";"48,7973680";"2,4333520"
"201900020156";"16";"11";"2019";"08:15";"2";"94";"94076";"2";"1";"2";"3";"MAXIME GORKI (BD)";"48,7890700";"2,3682300"
"201900020157";"16";"11";"2019";"15:00";"1";"94";"94033";"2";"1";"1";"6";"RABELAIS (AV)";"48,8522600";"2,4776340"
"201900020158";"16";"11";"2019";"09:35";"1";"94";"94079";"2";"1";"1";"1";"ANDRE ROUY (R)";"48,8209700";"2,5560300"
"201900020159";"16";"11";"2019";"06:50";"5";"93";"93066";"2";"2";"2";"6";"ORNANO (BOULEVARD)";"48,9141200";"2,3442900"
"201900020160";"16";"11";"2019";"18:00";"5";"93";"93053";"2";"1";"1";"5";"STAINS (ROUTE DE)";"48,9043880";"2,4703440"
"201900020161";"15";"11";"2019";"13:50";"1";"93";"93032";"2";"1";"3";"3";"DAHLIAS    (AVENUE DES)";"48,8925600";"2,5430000"
"201900020162";"16";"11";"2019";"20:55";"5";"93";"93029";"2";"9";"1";"6";"BOIS DE GROSLAY (DES)";"48,9200000";"2,4400000"
"201900020163";"16";"11";"2019";"10:00";"1";"93";"93029";"2";"3";"1";"6";"MARCEAU (AVENUE) N° 29-FIN";"48,9288700";"2,4347200"
"201900020164";"16";"11";"2019";"07:15";"5";"93";"93047";"2";"3";"2";"3";"EUROPE (BOULEVARD DE L')";"48,8965300";"2,5650900"
"201900020165";"16";"11";"2019";"16:26";"1";"93";"93010";"2";"9";"1";"6";"ALPY (RUE HENRI)";"48,8999240";"2,4881000"
"201900020166";"16";"11";"2019";"19:25";"5";"93";"93001";"2";"1";"1";"6";"PONT BLANC.CHARLES TILLON (RUE) =>72";"48,9180000";"2,3930000"
"201900020167";"16";"11";"2019";"20:20";"5";"92";"92075";"2";"9";"8";"3";"LARMEROUX (RUE)";"48,8171600";"2,2818600"
"201900020168";"16";"11";"2019";"18:55";"5";"92";"92022";"2";"1";"1";"6";"SALENGRO (AVENUE ROGER)";"48,8136313";"2,1923381"
"201900020169";"15";"11";"2019";"09:45";"1";"92";"92050";"2";"2";"3";"3";"PONS NOEL RUE";"48,9040912";"2,2191533"
"201900020170";"15";"11";"2019";"22:25";"3";"92";"92020";"2";"1";"2";"2";"JAURES AVENUE JEAN";"48,8048200";"2,3033000"
"201900020171";"15";"11";"2019";"23:35";"5";"92";"92049";"2";"1";"2";"7";"BROSSOLETTE AVENUE PIERRE";"48,8122868";"2,3010224"
"201900020172";"15";"11";"2019";"23:10";"5";"92";"92012";"2";"1";"2";"6";"PIERRE GRENIER (AVENUE)";"48,8342900";"2,2546100"
"201900020173";"16";"11";"2019";"01:15";"5";"92";"92014";"2";"2";"1";"4";"GENERAL LECLERC (AV.) (1 A 55BIS - 2 A 4";"48,7880144";"2,3186165"
"201900020174";"16";"11";"2019";"09:10";"1";"42";"42162";"1";"1";"1";"3";"RD 53 - Le Rallet";"46,0017360";"4,0048650"
"201900020175";"17";"11";"2019";"14:20";"1";"83";"83019";"1";"1";"1";"1";"Route du Dom";"43,1643960";"6,3246000"
"201900020176";"16";"11";"2019";"19:00";"5";"30";"30124";"2";"9";"1";"6";"rue de l'école";"44,3071870";"4,4722300"
"201900020177";"16";"11";"2019";"14:25";"1";"34";"34309";"1";"9";"1";"3";"Avenue de Montpellier";"43,6731900";"3,9141040"
"201900020178";"16";"11";"2019";"21:20";"3";"74";"74005";"1";"1";"8";"6";"D903";"46,3366052";"6,4551526"
"201900020179";"16";"11";"2019";"12:55";"1";"57";"57004";"1";"1";"1";"1";"Route de Marthille";"48,9157420";"6,5890090"
"201900020180";"17";"11";"2019";"23:55";"3";"60";"60102";"1";"1";"2";"6";"route départementale 200";"49,3084570";"2,5416250"
"201900020181";"17";"11";"2019";"02:45";"3";"80";"80410";"1";"1";"2";"1";"Rue de Péronne";"49,7571010";"3,0607410"
"201900020182";"16";"11";"2019";"23:30";"3";"11";"11437";"1";"1";"2";"6";"8 Voie Romaine";"43,2403550";"2,2345000"
"201900020183";"17";"11";"2019";"01:45";"3";"63";"63404";"1";"9";"2";"7";"D713";"45,5937260";"3,2246030"
"201900020184";"16";"11";"2019";"09:00";"1";"61";"61385";"1";"1";"1";"7";"D13";"48,7970440";"0,3224880"
"201900020185";"17";"11";"2019";"01:00";"3";"44";"44200";"1";"1";"5";"6";"départementale 163";"47,8161280";" -1,4694250"
"201900020186";"15";"11";"2019";"17:20";"1";"29";"29243";"2";"1";"1";"1";"80 av de Quimper";"48,1891210";" -4,0916522"
"201900020187";"17";"11";"2019";"07:49";"2";"31";"31202";"1";"1";"8";"7";"Chemin de Combes";"43,8725780";"1,3880730"
"201900020188";"15";"11";"2019";"03:15";"3";"14";"14723";"1";"3";"3";"6";"69 Route de Dives";"49,2308910";"0,1012590"
"201900020189";"16";"11";"2019";"16:00";"1";"9";"09264";"1";"1";"8";"7";"D624";"43,0292210";"1,6160030"
"201900020190";"15";"11";"2019";"07:40";"2";"45";"45145";"2";"6";"2";"6";"BD de la Brèche";"48,0863372";"2,7883212"
"201900020191";"15";"11";"2019";"07:45";"1";"64";"64519";"2";"1";"2";"6";"Rue de la Vallée d'Ossau";"43,3776845";" -0,3811816"
"201900020192";"16";"11";"2019";"19:20";"3";"16";"16120";"1";"1";"2";"6";"D939";"45,5989480";"0,2686970"
"201900020193";"16";"11";"2019";"19:10";"3";"24";"24130";"1";"1";"2";"7";"D62";"45,1044580";"1,2572840"
"201900020194";"17";"11";"2019";"00:25";"3";"17";"17332";"1";"1";"1";"6";"Garreau";"45,4804450";" -0,4836360"
"201900020195";"16";"11";"2019";"20:25";"3";"88";"88332";"1";"1";"5";"3";"D18";"48,2048970";"5,9268710"
"201900020196";"11";"11";"2019";"12:25";"1";"39";"39030";"1";"1";"1";"6";"N/A";"47,1384210";"5,5074040"
"201900020197";"11";"11";"2019";"16:30";"1";"69";"69043";"2";"4";"1";"2";"Avenue de Verdun";"45,7201600";"4,7593700"
"201900020198";"17";"11";"2019";"06:30";"1";"971";"97114";"2";"1";"1";"3";"D33";"16,1366240";" -61,5747950"
"201900020199";"16";"11";"2019";"05:40";"5";"44";"44020";"2";"1";"2";"6";"Place des Centaures";"47,1584140";" -1,5976670"
"201900020200";"15";"11";"2019";"17:35";"5";"30";"30206";"2";"1";"1";"6";"Route de Nimes";"43,9029900";"4,4209780"
"201900020201";"16";"11";"2019";"16:20";"1";"34";"34244";"1";"1";"1";"1";"D106";"43,6760070";"4,0247610"
"201900020202";"16";"11";"2019";"13:15";"1";"54";"54352";"1";"2";"1";"3";"D92";"48,6483570";"6,0794080"
"201900020203";"16";"11";"2019";"15:45";"1";"42";"42201";"1";"1";"4";"1";"Route du Tracol";"45,3461240";"4,6592720"
"201900020204";"17";"11";"2019";"10:35";"1";"38";"38170";"2";"1";"1";"3";"4574 Avenue du 11 Novembre";"45,2588920";"5,6591050"
"201900020205";"16";"11";"2019";"16:30";"1";"31";"31291";"1";"1";"2";"6";"D24";"43,5948670";"1,2806560"
"201900020206";"16";"11";"2019";"23:20";"3";"33";"33474";"2";"1";"9";"1";"Lieu dit BIGARD D109E2 - PR renseigné au vu coordonnées GPS renseignées par GN";"44,6679640";" -0,4940210"
"201900020207";"17";"11";"2019";"15:45";"1";"60";"60103";"2";"1";"2";"6";"Rue de Trye";"49,4048810";"2,2584630"
"201900020208";"15";"11";"2019";"23:40";"3";"13";"13026";"1";"1";"3";"2";"A55-Sens Marseille vers Martigues";"43,4026432";"5,1077765"
"201900020209";"16";"11";"2019";"03:40";"3";"13";"13005";"1";"1";"3";"7";"A50-Sens Aubagne vers Marseille";"43,2867824";"5,5664960"
"201900020210";"15";"11";"2019";"08:10";"1";"13";"13033";"1";"1";"2";"2";"A55-Sens Martigues vers Marseille";"43,3799340";"5,2194230"
"201900020211";"15";"11";"2019";"06:10";"3";"13";"13216";"2";"1";"2";"7";"A55-Sens Marseille vers Martigues";"43,3397876";"5,3485283"
"201900020212";"15";"11";"2019";"07:45";"1";"13";"13005";"1";"1";"1";"5";"A50 - Sens Aubagne vers Marseille";"43,2839000";"5,5851000"
"201900020213";"15";"11";"2019";"23:15";"3";"42";"42183";"1";"1";"5";"5";"RN88";"45,4016000";"4,3705000"
"201900020214";"16";"11";"2019";"10:45";"1";"33";"33039";"1";"1";"8";"4";"ROCADE A 630";"44,7955300";" -0,5389900"
"201900020215";"16";"11";"2019";"18:50";"3";"91";"91161";"1";"1";"1";"4";"AUTOROUTE A6";"48,6955600";"2,3179000"
"201900020216";"16";"11";"2019";"13:00";"1";"92";"92025";"1";"1";"1";"4";"A86";"48,9273991";"2,2373651"
"201900020217";"15";"11";"2019";"21:10";"5";"92";"92050";"1";"1";"2";"6";"A14";"48,8950961";"2,2281505"
"201900020218";"15";"11";"2019";"18:40";"5";"78";"78140";"1";"1";"1";"2";"A13";"48,9662700";"1,9227570"
"201900020219";"7";"1";"2019";"10:40";"1";"92";"92050";"2";"9";"1";"6";"CLEMENCEAU GEORGES AVENUE N° PAIR";"48,8858091";"2,2178571"
"201900020220";"16";"3";"2019";"10:55";"1";"92";"92049";"2";"3";"1";"3";"BARBES RUE";"48,8170700";"2,3314300"
"201900020221";"15";"3";"2019";"16:45";"1";"92";"92020";"2";"1";"8";"2";"GAY-LUSSAC RUE N° IMPAIRS";"48,8053700";"2,2806400"
"201900020222";"12";"3";"2019";"17:50";"2";"92";"92035";"2";"9";"2";"3";"Europe ( rond point de l' )";"48,9052100";"2,2557000"
"201900020223";"15";"3";"2019";"18:52";"5";"92";"92026";"2";"2";"1";"3";"VERDUN (DE 01 A 61)";"48,9004200";"2,2607900"
"201900020224";"5";"2";"2019";"07:30";"1";"92";"92025";"2";"1";"1";"3";"CHARLES DE GAULLE (BD)";"48,9244000";"2,2630000"
"201900020225";"12";"3";"2019";"12:50";"1";"92";"92024";"2";"2";"1";"3";"MARTRE DE (4 A 54)";"48,9008938";"2,3080328"
"201900020226";"12";"3";"2019";"08:30";"1";"92";"92024";"2";"1";"1";"6";"DAGOBERT (RUE)";"48,9040300";"2,3041860"
"201900020227";"8";"3";"2019";"20:45";"5";"92";"92024";"2";"1";"1";"3";"HENRI BARBUSSE (RUE) DE (73 A 139)";"48,9004000";"2,3068900"
"201900020228";"15";"3";"2019";"16:30";"1";"92";"92012";"2";"1";"1";"3";"SILLY (RUE DE) 1/87 - 2/88";"48,8360000";"2,2323700"
"201900020229";"18";"1";"2019";"08:45";"1";"92";"92012";"2";"1";"8";"6";"PONT DE SEVRES (ROND POINT DU)";"48,8298767";"2,2307485"
"201900020230";"15";"3";"2019";"17:35";"1";"92";"92007";"2";"9";"1";"3";"DE GAULLE (AVENUE CHARLES)";"48,7977110";"2,2968850"
"201900020231";"15";"3";"2019";"14:30";"1";"92";"92014";"2";"3";"1";"6";"PORT GALAND (RUE DU)/ GENERAL LECLERC (AV.) (57 A 135 - 50 A 1";"48,7880278";"2,3186230"
"201900020232";"15";"3";"2019";"15:32";"1";"92";"92002";"2";"3";"1";"6";"ARISTIDE BRIAND (AVENUE)";"48,7604077";"2,3077540"
"201900020233";"16";"3";"2019";"10:45";"1";"12";"12300";"1";"1";"8";"6";"RD922";"44,3313440";"2,0312580"
"201900020234";"16";"3";"2019";"16:30";"1";"83";"83003";"1";"1";"1";"6";" RD 49 - PK 3+400";"43,6060370";"6,3813940"
"201900020235";"16";"3";"2019";"12:50";"1";"52";"52535";"1";"3";"8";"3";"RD65";"48,1070780";"5,0761310"
"201900020236";"15";"3";"2019";"13:35";"1";"7";"07167";"1";"1";"8";"3";"RD 120, PR 016.200";"44,8105660";"4,6326210"
"201900020237";"13";"3";"2019";"05:30";"2";"972";"97203";"1";"1";"1";"1";"D10";"14,8674520";" -61,1277660"
"201900020238";"27";"2";"2019";"06:11";"5";"68";"68253";"1";"3";"1";"3";"route départementale 52";"47,7895800";"7,5220270"
"201900020239";"13";"3";"2019";"12:59";"1";"62";"62654";"2";"3";"6";"3";"route de calais";"50,9152990";"1,7841810"
"201900020240";"17";"3";"2019";"06:15";"2";"38";"38084";"1";"1";"1";"7";"RD1085";"45,3419800";"5,5262870"
"201900020241";"15";"3";"2019";"20:30";"5";"26";"26094";"2";"1";"1";"6";"35 route du pilon";"45,1806900";"4,9298410"
"201900020242";"15";"3";"2019";"18:45";"3";"978";"97801";"2";"1";"1";"1";"rue ground dove";"17,8532900";" -63,3251960"
"201900020243";"15";"3";"2019";"19:25";"3";"85";"85017";"1";"1";"2";"1";"D23";"46,9081400";" -1,1056000"
"201900020244";"15";"3";"2019";"21:45";"5";"50";"50393";"2";"1";"1";"3";"Place cardinal grente";"48,9167780";" -1,1900390"
"201900020245";"17";"3";"2019";"14:50";"1";"61";"61464";"1";"1";"4";"4";"A 28 pk 177.650";"48,5955490";"0,1908660"
"201900020246";"17";"3";"2019";"15:00";"1";"61";"61464";"1";"1";"4";"7";"Autoroute A28";"48,6248240";"0,1928090"
"201900020247";"15";"3";"2019";"11:40";"1";"57";"57038";"1";"1";"3";"1";"RD16";"49,4379610";"5,9485540"
"201900020248";"15";"3";"2019";"08:30";"1";"56";"56179";"1";"1";"1";"1";"Route de Kermérien";"47,8062930";" -3,4046540"
"201900020249";"15";"3";"2019";"17:40";"2";"74";"74075";"1";"1";"2";"6";"Route de Serasson";"45,9998390";"5,9630380"
"201900020250";"28";"2";"2019";"18:45";"1";"33";"33036";"1";"1";"1";"1";"chemin des princes";"44,4447920";" -0,2406050"
"201900020251";"16";"3";"2019";"16:26";"1";"81";"81220";"1";"1";"1";"2";"Loustalneou";"43,8359150";"1,7518090"
"201900020252";"16";"3";"2019";"04:45";"3";"32";"32119";"1";"1";"1";"6";"lieu dit st amand";"43,8488880";"0,1293710"
"201900020253";"14";"3";"2019";"16:50";"1";"71";"71194";"1";"1";"2";"7";"route départementale 155";"46,8433620";"4,8040410"
"201900020254";"16";"3";"2019";"07:40";"1";"71";"71373";"1";"1";"1";"2";"PK 17+800 RD 975";"46,5123730";"5,0489540"
"201900020255";"17";"3";"2019";"16:20";"1";"71";"71073";"1";"1";"1";"1";"ROUTE DE GIVRY";"46,8884600";"4,7523280"
"201900020256";"14";"3";"2019";"12:10";"1";"71";"71543";"2";"1";"2";"1";"Lieu-dit En Baraban - route MONTPLAISIR";"46,5779520";"4,9027900"
"201900020257";"14";"3";"2019";"19:30";"3";"89";"89449";"1";"2";"2";"3";"D606";"48,3320423";"3,0980940"
"201900020258";"16";"3";"2019";"20:10";"3";"63";"63118";"1";"3";"1";"3";"RD 941";"45,8591873";"2,5827839"
"201900020259";"15";"3";"2019";"00:00";"3";"49";"49176";"1";"1";"1";"6";"lieu-dit ""la Plançonnière""";"47,6203776";" -0,7357074"
"201900020260";"16";"3";"2019";"18:45";"1";"12";"12286";"1";"1";"1";"5";"RD 999 PK 69+500";"43,9270180";"2,8215690"
"201900020261";"15";"3";"2019";"15:16";"1";"1";"01034";"1";"3";"2";"3";"avenue du 19 mars 1962";"45,7457400";"5,6812760"
"201900020262";"16";"3";"2019";"15:45";"1";"42";"42276";"1";"1";"1";"6";"Le Vernois";"45,9716600";"3,7176580"
"201900020263";"15";"3";"2019";"21:15";"5";"47";"47252";"2";"6";"1";"6";"D911 L";"44,3972570";"0,5889960"
"201900020264";"15";"3";"2019";"17:30";"1";"47";"47265";"2";"4";"1";"6";"D133";"44,4891518";"0,6017898"
"201900020265";"16";"3";"2019";"17:40";"2";"39";"39439";"2";"4";"1";"3";"N/A";"46,9803440";"5,8108290"
"201900020266";"15";"3";"2019";"19:10";"5";"25";"25315";"2";"1";"1";"6";"avenue du Maréchal de Lattre de Tassigny";"47,4497780";"6,5809230"
"201900020267";"16";"3";"2019";"23:01";"3";"35";"35098";"1";"1";"1";"1";"D57";"47,7521410";" -1,7017690"
"201900020268";"15";"3";"2019";"18:00";"1";"29";"29272";"1";"3";"8";"1";"Résidence du Bois de Pleuven";"47,9544150";" -3,9559030"
"201900020269";"16";"3";"2019";"20:30";"3";"29";"29193";"1";"1";"3";"5";"D 69";"48,5522083";" -4,0585628"
"201900020270";"15";"3";"2019";"08:10";"1";"29";"29201";"2";"1";"8";"7";"565 rue de Kerhornou";"48,4055332";" -4,7650386"
"201900020271";"16";"3";"2019";"17:15";"1";"31";"31424";"2";"1";"1";"6";"22 rue de Taure";"43,5651920";"1,2960420"
"201900020272";"16";"3";"2019";"00:30";"3";"31";"31407";"1";"1";"1";"6";"17 Route des Crêtes";"43,7432050";"1,5636250"
"201900020273";"17";"3";"2019";"07:15";"1";"38";"38211";"2";"1";"1";"1";"D518";"45,4583800";"5,1786300"
"201900020274";"15";"3";"2019";"09:30";"1";"38";"38315";"2";"3";"2";"3";"chemin de Clermont";"45,5378130";"5,6407960"
"201900020275";"16";"3";"2019";"18:15";"1";"84";"84051";"1";"1";"1";"6";"d900";"43,8632610";"5,2428780"
"201900020276";"15";"3";"2019";"12:50";"1";"3";"03297";"2";"1";"1";"6";"13 route de Nassigny";"46,5328542";"2,6086136"
"201900020277";"16";"3";"2019";"19:20";"3";"1";"01229";"1";"3";"1";"1";"Chemin de Chez Callet";"46,3342670";"5,1590690"
"201900020278";"16";"3";"2019";"15:53";"1";"1";"01319";"1";"1";"1";"5";"Chapollard";"46,0995140";"4,9310280"
"201900020279";"15";"3";"2019";"11:50";"1";"1";"01457";"1";"1";"2";"1";"Route de Neuville les Dames";"46,1918940";"4,9965070"
"201900020280";"15";"3";"2019";"21:30";"3";"70";"70245";"2";"1";"1";"6";"avenue des chavannes";"47,8872750";"6,3878580"
"201900020281";"16";"3";"2019";"03:00";"3";"26";"26118";"1";"1";"1";"6";"1523 Route de Lapeyrouse Mornay";"45,3109020";"4,9456200"
"201900020282";"14";"3";"2019";"19:20";"5";"54";"54157";"2";"1";"3";"7";"35, Avenue du Général De Gaulle";"48,8428670";"6,0692430"
"201900020283";"16";"3";"2019";"16:50";"1";"72";"72180";"2";"1";"1";"6";"Avenue Louis Legros";"48,3500610";"0,3793590"
"201900020284";"5";"3";"2019";"06:30";"2";"6";"06032";"2";"1";"1";"3";"64 avenue du trois septembre";"43,7223220";"7,4055980"
"201900020285";"16";"3";"2019";"18:00";"1";"50";"50049";"1";"1";"1";"7";"ROUTE DE LA FORET -D 130";"49,3853710";" -1,6385980"
"201900020286";"15";"3";"2019";"08:00";"1";"50";"50049";"1";"1";"1";"6";"route de saint sauveur";"49,3743490";" -1,5974420"
"201900020287";"16";"3";"2019";"14:00";"1";"83";"83002";"1";"1";"1";"3";"N/A";"43,7765270";"6,2214100"
"201900020288";"13";"3";"2019";"22:30";"5";"60";"60456";"2";"2";"1";"3";"137 rue de Paris";"49,4805654";"2,5787188"
"201900020289";"16";"3";"2019";"22:10";"3";"45";"45300";"2";"6";"1";"6";"R CASIMIR TOLLET";"47,8439900";"2,0340990"
"201900020290";"17";"3";"2019";"13:00";"1";"73";"73216";"1";"1";"1";"6";"Lac de Rognaix";"45,5807487";"6,4546741"
"201900020291";"17";"3";"2019";"09:00";"1";"73";"73154";"1";"1";"1";"6";"D104 route du Crozet";"45,6867519";"6,3680461"
"201900020292";"16";"3";"2019";"01:15";"5";"18";"18197";"2";"1";"8";"6";"193 avenue de Meillant";"46,7385170";"2,5019250"
"201900020293";"14";"3";"2019";"15:20";"1";"43";"43010";"1";"1";"1";"2";"Route du Puy";"45,0088990";"3,9501960"
"201900020294";"16";"3";"2019";"16:10";"1";"10";"10013";"1";"3";"1";"2";"RD 25";"48,1840070";"4,0546300"
"201900020295";"16";"3";"2019";"20:55";"5";"16";"16085";"2";"3";"1";"6";"route d'Yvrac";"45,8193800";"0,4483784"
"201900020296";"14";"3";"2019";"09:05";"1";"16";"16245";"1";"3";"1";"5";"Lieu-dit La Bauche";"45,8786750";"0,5007480"
"201900020297";"16";"3";"2019";"18:15";"1";"7";"07212";"1";"1";"1";"6";"RD 9, PK12+300";"45,0922930";"4,3955610"
"201900020298";"15";"3";"2019";"12:25";"1";"40";"40312";"1";"1";"2";"1";"D85";"43,5296440";" -1,4209520"
"201900020299";"15";"3";"2019";"13:01";"1";"4";"04170";"1";"1";"1";"1";"RD10";"43,9164350";"6,8206600"
"201900020300";"16";"3";"2019";"19:00";"2";"85";"85288";"2";"1";"1";"3";"63 Avenue des Sables";"46,4671400";" -1,6263300"
"201900020301";"16";"3";"2019";"17:55";"1";"27";"27515";"1";"1";"1";"1";"route départementale 34";"49,0472650";"0,6829030"
"201900020302";"15";"3";"2019";"14:00";"1";"17";"17347";"2";"3";"1";"3";"117 Faubourg D'Aunis";"45,9500440";" -0,5312730"
"201900020303";"16";"3";"2019";"17:30";"1";"17";"17032";"1";"1";"1";"6";"RD 266";"46,0441250";" -0,9732810"
"201900020304";"17";"3";"2019";"07:30";"2";"37";"37002";"1";"1";"1";"6";"bois de la motte - départementale 3";"47,4645730";"0,4242190"
"201900020305";"12";"3";"2019";"11:00";"1";"30";"30089";"1";"3";"1";"3";"Intersection D2 - D 986L";"43,8418290";"4,6190720"
"201900020306";"15";"3";"2019";"22:30";"3";"38";"38565";"1";"1";"2";"1";"A49 PR 0+800";"45,2970100";"5,6200300"
"201900020307";"16";"3";"2019";"18:40";"2";"13";"13051";"1";"3";"1";"1";"D15";"43,6135180";"5,1387020"
"201900020308";"15";"3";"2019";"18:30";"2";"13";"13051";"1";"2";"1";"1";"D10";"43,5465150";"5,1486760"
"201900020309";"16";"3";"2019";"05:30";"3";"973";"97309";"2";"1";"1";"2";"la matourienne";"4,8788038";" -52,2956085"
"201900020310";"16";"3";"2019";"01:50";"5";"6";"06152";"2";"1";"1";"6";"Route de Cannes";"43,6295850";"6,9998410"
"201900020311";"15";"3";"2019";"17:09";"1";"9";"09185";"1";"1";"1";"6";"AUTOROUTE A66 - 27+600 - Sens PAMIERS/TOULOUSE";"43,2277120";"1,6387630"
"201900020312";"13";"3";"2019";"17:50";"5";"6";"06088";"1";"1";"1";"3";"A8, PK 199+000 sens NORD";"43,7319210";"7,2765720"
"201900020313";"15";"3";"2019";"06:15";"2";"971";"97103";"2";"1";"1";"6";"c16";"16,2723500";" -61,5808810"
"201900020314";"15";"3";"2019";"19:45";"3";"28";"28092";"1";"1";"6";"1";"Autoroute 10";"48,3438060";"1,8693760"
"201900020315";"22";"1";"2019";"18:45";"3";"988";"98802";"1";"1";"1";"6";"RT1 SENS LA FOA / BOULOUPARIS - PK 86+100";" -21,8579100";"165,9482400"
"201900020316";"17";"3";"2019";"12:45";"1";"974";"97417";"2";"1";"1";"3";"Route Nationale 2 Mare Longue";" -21,3647740";"55,7525170"
"201900020317";"14";"3";"2019";"18:00";"1";"974";"97415";"1";"1";"7";"4";"Route Nationale 1";" -21,0158020";"55,2646950"
"201900020318";"15";"3";"2019";"00:10";"3";"971";"97128";"2";"1";"1";"1";"CD 114 route de douville";"16,2479970";" -61,3695040"