"Num_Acc";"jour";"mois";"an";"hrmn";"lum";"dep";"com";"agg";"int";"atm";"col";"adr";"lat";"long"
"201900020319";"12";"3";"2019";"11:40";"1";"971";"97111";"1";"4";"1";"6";"RN2 PINAUD";"16,3112140";" -61,7807310"
"201900020320";"17";"3";"2019";"06:20";"2";"972";"97230";"1";"1";"1";"1";"route nationale 1, PK 25 + 100 la Crique";"14,7404530";" -60,9761830"
"201900020321";"17";"3";"2019";"05:15";"5";"13";"13033";"2";"2";"1";"6";"Avenue de la Cote Bleue";"43,3572810";"5,2067280"
"201900020322";"15";"3";"2019";"13:00";"1";"28";"28062";"1";"2";"1";"7";"échangeur D21 / RN 12";"48,7598030";"1,5151730"
"201900020323";"16";"3";"2019";"18:50";"1";"18";"18207";"2";"1";"1";"6";"Rue du commerce";"46,9924190";"2,2473790"
"201900020324";"15";"3";"2019";"15:25";"1";"77";"77248";"1";"1";"1";"7";"D89";"48,9193400";"2,7929900"
"201900020325";"14";"3";"2019";"16:15";"2";"78";"78087";"1";"1";"3";"7";"D988";"48,6131610";"2,0242800"
"201900020326";"13";"3";"2019";"13:30";"1";"2B";"2B042";"1";"1";"1";"6";"Chemin communal - Route des Vallons";"42,5617970";"9,4289540"
"201900020327";"13";"3";"2019";"16:45";"1";"66";"66017";"2";"6";"1";"6";"rue du capcir";"42,8300550";"3,0365680"
"201900020328";"14";"3";"2019";"12:00";"1";"34";"34327";"1";"1";"1";"3";"route de bannières";"43,6625890";"3,9652940"
"201900020329";"17";"3";"2019";"05:20";"3";"84";"84078";"1";"1";"1";"6";"Lieu dit les Massanes, route de BOLLENE";"44,2467480";"4,7296690"
"201900020330";"17";"3";"2019";"15:50";"1";"83";"83107";"1";"1";"1";"6";"Route Departementale 8";"43,3802810";"6,6746190"
"201900020331";"15";"3";"2019";"21:45";"5";"68";"68051";"2";"1";"2";"7";"12 rue de la gare";"48,0268490";"7,1018620"
"201900020332";"14";"3";"2019";"15:39";"1";"67";"67151";"1";"1";"2";"6";"départementale 468";"48,7039170";"7,8910000"
"201900020333";"16";"3";"2019";"13:55";"1";"74";"74056";"1";"9";"1";"7";"Tunnel des Montets";"45,9215070";"6,8684770"
"201900020334";"15";"3";"2019";"15:00";"1";"73";"73285";"1";"1";"1";"1";"D902, lieu-dit Le Breuil";"45,6170714";"6,8156679"
"201900020335";"15";"3";"2019";"20:32";"3";"73";"73006";"1";"1";"2";"3";"N90 - PR61";"45,5457601";"6,6157820"
"201900020336";"16";"3";"2019";"18:24";"3";"73";"73257";"1";"1";"1";"1";"RD117";"45,3309377";"6,5317051"
"201900020337";"17";"3";"2019";"02:45";"3";"38";"38401";"2";"9";"1";"6";"Route de la Bourbre";"45,5620300";"5,4303000"
"201900020338";"12";"3";"2019";"15:00";"1";"26";"26235";"2";"1";"1";"6";"Boulevard Raoul Dautry";"44,3772790";"4,6957610"
"201900020339";"15";"3";"2019";"17:56";"2";"1";"01275";"2";"1";"1";"6";"157 bis route de Geneve";"45,8100050";"4,9247410"
"201900020340";"16";"3";"2019";"16:15";"1";"69";"69160";"1";"1";"1";"5";"D337 lieu-dit chansaye";"46,1649700";"4,4689150"
"201900020341";"17";"3";"2019";"05:45";"3";"69";"69145";"1";"1";"1";"6";"826 route de Beaujeu";"46,1000300";"4,6431500"
"201900020342";"15";"3";"2019";"18:40";"2";"69";"69032";"1";"1";"2";"6";"Route nationale 7";"45,8508900";"4,5802900"
"201900020343";"15";"3";"2019";"06:25";"2";"81";"81043";"1";"1";"1";"7";"CD 39 - Route de Peyrens - PK 3+700";"43,7757270";"1,9312760"
"201900020344";"16";"3";"2019";"18:00";"1";"17";"17400";"2";"8";"1";"3";"rue des 4 routes";"45,6963790";" -0,5279050"
"201900020345";"16";"3";"2019";"01:30";"3";"16";"16163";"1";"1";"2";"1";"Ld Champ Farchaud";"45,6710970";"0,0221330"
"201900020346";"15";"3";"2019";"23:15";"3";"47";"47110";"1";"1";"1";"6";"les nones";"44,4672280";"0,2451100"
"201900020347";"14";"3";"2019";"20:30";"3";"33";"33435";"1";"6";"2";"7";"Rond point du Viaduc";"44,5637300";" -0,2435900"
"201900020348";"15";"3";"2019";"00:05";"3";"33";"33049";"1";"1";"1";"2";"RN89";"44,8788300";" -0,3786200"
"201900020349";"15";"3";"2019";"19:35";"5";"22";"22143";"2";"1";"1";"7";"20 rue colonel le coq";"48,5975095";" -2,2866486"
"201900020350";"17";"3";"2019";"02:45";"3";"22";"22273";"1";"1";"2";"7";"la ville cochard";"48,5686230";" -2,4987150"
"201900020351";"16";"3";"2019";"05:35";"3";"60";"60446";"1";"1";"1";"7";"Route nationale 2";"49,1423258";"2,8003234"
"201900020352";"6";"3";"2019";"12:40";"1";"60";"60141";"2";"3";"1";"6";"avenue du général Leclerc";"49,1824598";"2,4583505"
"201900020353";"15";"3";"2019";"08:15";"2";"80";"80049";"1";"1";"6";"1";"D 923";"49,6250660";"2,5546500"
"201900020354";"14";"3";"2019";"17:05";"1";"59";"59455";"1";"2";"1";"3";"D49";"50,2453770";"3,2503300"
"201900020355";"12";"3";"2019";"08:00";"1";"13";"13033";"1";"1";"1";"2";"A55-Sens Marseille vers Martigues";"43,3780530";"5,2033580"
"201900020356";"15";"3";"2019";"08:15";"1";"13";"13202";"2";"1";"1";"4";"A55-Sens Marseille vers Martigues";"43,3103170";"5,3668730"
"201900020357";"14";"3";"2019";"08:00";"1";"13";"13202";"2";"1";"1";"2";"A55-Sens Martigues vers Marseille";"43,3095840";"5,3662080"
"201900020358";"13";"3";"2019";"15:55";"1";"13";"13211";"1";"1";"1";"4";"A50-Sens Marseille vers Aubagne";"43,2889030";"5,4433610"
"201900020359";"13";"3";"2019";"07:40";"1";"83";"83137";"1";"1";"1";"5";"A50 Sortie Tunnel Tube Sud";"43,1219475";"5,9553840"
"201900020360";"9";"3";"2019";"15:25";"1";"69";"69297";"1";"1";"1";"3";"A47   0.000  A 1.657";"45,5884800";"4,7927000"
"201900020361";"28";"2";"2019";"08:26";"1";"67";"67218";"1";"1";"1";"3";"Autoroute A35";"48,5314430";"7,6955900"
"201900020362";"16";"3";"2019";"17:40";"1";"91";"91235";"1";"1";"1";"4";"RN 104";"48,6270700";"2,3537500"
"201900020363";"16";"3";"2019";"17:00";"1";"94";"94065";"1";"1";"1";"2";"AUTOROUTE A86";"48,7561900";"2,3329200"
"201900020364";"15";"3";"2019";"17:10";"1";"91";"91377";"1";"1";"1";"2";"AUTOROUTE A10";"48,7177300";"2,2919100"
"201900020365";"15";"3";"2019";"15:30";"1";"91";"91363";"1";"1";"1";"7";"RN 104";"48,6677710";"2,1917490"
"201900020366";"15";"3";"2019";"09:55";"1";"91";"91432";"1";"1";"8";"2";"AUTOROUTE A6";"48,6934000";"2,3204000"
"201900020367";"14";"3";"2019";"23:50";"5";"94";"94076";"1";"1";"2";"2";"AUTOROUTE A6B";"48,7915000";"2,3440000"
"201900020368";"14";"3";"2019";"21:10";"3";"91";"91064";"1";"1";"2";"3";"RN 118";"48,7652000";"2,2297000"
"201900020369";"15";"3";"2019";"08:20";"1";"92";"92050";"1";"1";"1";"5";"A86";"48,9044150";"2,2078900"
"201900020370";"14";"3";"2019";"09:31";"1";"92";"92051";"1";"1";"2";"5";"RN13";"48,8847939";"2,2600905"
"201900020371";"13";"3";"2019";"22:00";"1";"78";"78640";"1";"1";"1";"6";"A12 W";"48,7714400";"2,2280660"
"201900020372";"13";"3";"2019";"19:26";"3";"92";"92048";"1";"1";"1";"3";"N118";"48,7865207";"2,2225208"
"201900020373";"12";"3";"2019";"20:15";"3";"92";"92048";"1";"1";"2";"3";"N118";"48,7876232";"2,2222208"
"201900020374";"15";"3";"2019";"16:00";"1";"95";"95607";"1";"1";"1";"5";"AUTOROUTE A115";"49,0294900";"2,2019100"
"201900020375";"15";"3";"2019";"17:45";"1";"95";"95582";"1";"1";"1";"7";"RD 170";"48,9642500";"2,2682800"
"201900020376";"16";"3";"2019";"10:50";"1";"77";"77146";"1";"1";"1";"6";"A4.Y";"48,8313200";"2,6429200"
"201900020377";"15";"3";"2019";"20:00";"3";"77";"77450";"1";"1";"1";"2";"RN104";"48,7192000";"2,5988000"
"201900020378";"15";"3";"2019";"09:00";"1";"77";"77059";"1";"1";"1";"2";"A104";"48,8420900";"2,6635100"
"201900020379";"11";"3";"2019";"12:25";"1";"71";"71076";"2";"3";"2";"1";"MONNOT (AVENUE)";"46,7888743";"4,8606073"
"201900020380";"11";"3";"2019";"18:40";"5";"38";"38185";"2";"1";"2";"3";"RUE LIEUTENANT CHABAL";"45,1710100";"5,7237300"
"201900020381";"12";"3";"2019";"11:45";"1";"11";"11069";"1";"1";"1";"6";"COLBERT";"43,2276500";"2,3263400"
"201900020382";"9";"3";"2019";"16:25";"1";"11";"11069";"2";"1";"1";"6";"GOUT HENRI -AV. N° IMPAIRS A PARTIR DU N";"43,2110400";"2,3362900"
"201900020383";"1";"2";"2019";"11:10";"1";"92";"92050";"2";"6";"1";"3";"MANSARD JULES BOULEVARD";"48,8977287";"2,2123792"
"201900020384";"14";"3";"2019";"08:30";"1";"988";"98818";"2";"1";"2";"7";"9 RUE DE PAPEETE";" -22,2464900";"166,4441500"
"201900020385";"12";"3";"2019";"12:00";"1";"974";"97407";"1";"1";"1";"3";"ROUTE DU SACRE COEUR";" -20,9516900";"55,3047800"
"201900020386";"13";"3";"2019";"19:30";"5";"973";"97302";"1";"1";"1";"3";"ZEPHIR (ROCADE)";"4,9216906";" -52,3283315"
"201900020387";"13";"3";"2019";"17:10";"1";"973";"97302";"2";"1";"1";"6";"BADUEL (ROUTE DE)";"4,9289592";" -52,3008013"
"201900020388";"13";"3";"2019";"08:30";"1";"69";"69388";"2";"1";"1";"2";"EPARGNE (DE L')                     (R )";"45,7422200";"4,8586300"
"201900020389";"11";"3";"2019";"06:20";"1";"972";"97213";"2";"1";"1";"4";"AUTOROUTE A1";"14,6180800";" -61,0351400"
"201900020390";"13";"3";"2019";"09:10";"1";"972";"97209";"2";"1";"1";"2";"ERNEST DEPROGE (RUE)";"14,6032200";" -61,0700700"
"201900020391";"12";"3";"2019";"20:50";"4";"972";"97209";"1";"1";"1";"7";"AUTOROUTE (A1)";"14,6141700";" -61,0512100"
"201900020392";"13";"3";"2019";"13:35";"1";"69";"69381";"2";"9";"8";"6";"JEAN MOULIN                         (QU)";"45,7680700";"4,8378600"
"201900020393";"13";"3";"2019";"13:20";"1";"91";"91433";"2";"1";"1";"6";"MALADRERIE (RUE DE LA)     CD17";"48,4494600";"2,1878800"
"201900020394";"13";"3";"2019";"19:00";"5";"91";"91201";"2";"3";"1";"1";"HENRI BARBUSSE(BOULEVARD)";"48,6831670";"2,4081490"
"201900020395";"13";"3";"2019";"19:30";"5";"91";"91174";"2";"1";"1";"6";"MARECHAL DE LATTRE DE TASSIGNY(rue du)";"48,6066200";"2,4674100"
"201900020396";"13";"3";"2019";"17:10";"1";"78";"78138";"2";"1";"2";"6";"DE GAULLE (AVENUE CHARLES)";"48,9705100";"2,0280100"
"201900020397";"13";"3";"2019";"19:05";"3";"74";"74012";"2";"1";"1";"4";"THONON (ROUTE DE)";"46,1984613";"6,2696877"
"201900020398";"12";"3";"2019";"07:20";"1";"74";"74012";"2";"3";"1";"3";"ARVE (QUAI D')";"46,1853170";"6,2258860"
"201900020399";"12";"3";"2019";"16:50";"1";"72";"72181";"2";"1";"3";"3";"MESSIAEN OLIVIER (AV) PAIRS";"48,0153700";"0,1558000"
"201900020400";"13";"3";"2019";"13:05";"1";"69";"69266";"2";"2";"2";"3";"PASCAL      (Rue)";"45,7596200";"4,8743000"
"201900020401";"26";"12";"2019";"14:35";"1";"972";"97213";"2";"9";"1";"4";"PLACE D'ARMES";"14,6202000";" -60,9930000"
"201900020402";"23";"12";"2019";"10:45";"1";"972";"97213";"2";"1";"1";"1";"BALLEUR (CHEMIN RURAL N°19 DE)";"14,6510000";" -61,0150000"
"201900020403";"14";"12";"2019";"23:51";"3";"972";"97213";"1";"1";"1";"2";"ROUTE NATIONALE 1";"14,6545000";" -60,9733000"
"201900020404";"24";"12";"2019";"20:45";"5";"972";"97209";"2";"9";"1";"3";"POINTE DES SABLES (BOULEVARD DE LA)";"14,6028000";" -61,0425700"
"201900020405";"25";"12";"2019";"22:25";"5";"972";"97209";"2";"1";"1";"2";"AUTOROUTE (A1)";"14,3652000";" -61,2585000"
"201900020406";"24";"12";"2019";"21:35";"5";"972";"97209";"2";"1";"1";"2";"MARNE (BOULEVARD DE LA)";"14,6047800";"61,0870400"
"201900020407";"26";"12";"2019";"23:04";"5";"69";"69142";"2";"1";"1";"4";"STEPHANE DECHANT                    (R )";"45,7244300";"4,8130800"
"201900020408";"1";"12";"2019";"05:15";"5";"971";"97113";"2";"1";"1";"1";"BAS DU FORT";"16,2167600";" -61,5187200"
"201900020409";"26";"12";"2019";"09:40";"1";"2A";"2A004";"2";"1";"1";"6";"1ER CONSUL RCE RUE CANDIA";"41,9344000";"8,7455000"
"201900020410";"24";"12";"2019";"19:30";"5";"2A";"2A004";"2";"6";"1";"3";"T21";"41,9295900";"8,7613200"
"201900020411";"26";"12";"2019";"17:00";"5";"91";"91326";"2";"1";"2";"6";"COUR DE FRANCE (AVENUE DE LA)";"48,6877000";"2,3718800"
"201900020412";"26";"12";"2019";"21:35";"5";"88";"88413";"2";"3";"2";"1";"Ortimont  ( rue d' )";"48,2970000";"6,9354000"
"201900020413";"21";"12";"2019";"16:50";"1";"83";"83061";"2";"1";"1";"6";"RDN7";"43,4377000";"6,7179000"
"201900020414";"25";"12";"2019";"17:15";"2";"80";"80021";"2";"1";"1";"3";"GENERAL LECLERC (RUE DU )";"49,8962100";"2,2940300"
"201900020415";"24";"12";"2019";"18:57";"5";"80";"80021";"2";"1";"1";"3";"ELBEUF (RUE D')";"49,8883300";"2,2711500"
"201900020416";"26";"12";"2019";"17:40";"5";"79";"79259";"2";"1";"1";"6";"2 route de Bressuire";"46,9629820";" -0,2102600"
"201900020417";"17";"12";"2019";"18:55";"5";"77";"77083";"2";"2";"2";"6";"BOIS DE GRACE (BOULEVARD DU)";"48,8475000";"2,5855900"
"201900020418";"16";"12";"2019";"11:35";"1";"77";"77058";"2";"6";"8";"3";"D35 X D406-LAGNY (BOULEVARD DE)";"48,8329300";"2,7060000"
"201900020419";"16";"12";"2019";"08:20";"2";"77";"77243";"2";"1";"2";"6";"D231-RAYMOND POINCARE  (AVENUE)";"48,8764200";"2,7215800"
"201900020420";"25";"12";"2019";"18:35";"5";"72";"72181";"2";"1";"1";"1";"RENOIR (RUE)";"47,9728600";"0,2147000"
"201900020421";"24";"12";"2019";"09:15";"1";"71";"71306";"2";"2";"1";"3";"11 NOVEMBRE 1918 (RUE DU)";"46,6757130";"4,3667860"
"201900020422";"24";"12";"2019";"19:45";"3";"66";"66136";"2";"1";"1";"4";"R D 900";"42,7352100";"2,8841700"
"201900020423";"2";"12";"2019";"16:56";"2";"64";"64483";"2";"1";"3";"6";"AXULAR (RUE)";"43,3869311";" -1,6565198"
"201900020424";"24";"12";"2019";"16:00";"1";"63";"63014";"2";"1";"1";"4";"CRISTAL (AVENUE ERNEST)";"45,7602700";"3,1364300"
"201900020425";"23";"12";"2019";"20:48";"3";"62";"62427";"2";"1";"1";"6";"DOUAI (R DE)";"50,2313300";"2,5835100"
"201900020426";"25";"12";"2019";"10:00";"1";"62";"62667";"2";"2";"7";"3";"LIBERTE ( Bld de la )";"50,7100000";"1,5860000"
"201900020427";"26";"12";"2019";"17:50";"5";"61";"61391";"2";"1";"2";"6";"VASSY (RUE DE)";"48,7573840";" -0,5754900"
"201900020428";"26";"12";"2019";"15:15";"1";"59";"59350";"2";"1";"2";"2";"LAMBRET OSCAR AVENUE";"50,6158800";"3,0366600"
"201900020429";"26";"12";"2019";"15:35";"1";"51";"51454";"2";"1";"1";"3";"BOULEVARD POMMERY";"49,2521254";"4,0535307"
"201900020430";"25";"12";"2019";"01:25";"5";"49";"49353";"2";"1";"1";"3";"JEAN JAURES RUE";"47,4437500";" -0,4981400"
"201900020431";"24";"12";"2019";"16:19";"1";"49";"49007";"2";"1";"1";"3";"FAURE QUAI";"47,4825538";" -0,5495793"
"201900020432";"24";"12";"2019";"11:34";"1";"49";"49007";"2";"1";"1";"7";"MONTAIGNE AVENUE";"47,4658100";" -0,5202200"
"201900020433";"24";"12";"2019";"14:30";"1";"45";"45004";"2";"1";"1";"1";"RUE DU DOCTEUR SCHWEITZER";"47,9994717";"2,7542930"
"201900020434";"26";"12";"2019";"17:30";"5";"37";"37261";"2";"2";"1";"6";"DANIEL MAYER";"47,4188000";"0,6838000"
"201900020435";"26";"12";"2019";"06:45";"3";"37";"37233";"2";"1";"1";"6";"VAILLANT COUTURIER (RUE PAUL)";"47,3935900";"0,7145400"
"201900020436";"25";"12";"2019";"12:40";"1";"35";"35238";"2";"2";"1";"3";"PATTON (AVENUE DU GENERAL SIR GEORGES)";"48,1352670";" -1,6595770"
"201900020437";"25";"12";"2019";"18:00";"5";"35";"35238";"2";"9";"1";"2";"CLEUNAY (BD DE)";"48,1019500";" -1,6958000"
"201900020438";"16";"12";"2019";"18:00";"5";"35";"35115";"2";"6";"2";"6";"COINTAT (BD MICHEL)";"48,3469290";" -1,1874930"
"201900020439";"17";"12";"2019";"20:05";"5";"33";"33063";"2";"2";"1";"3";"CRS DE LA SOMME";"44,8270800";" -0,5724600"
"201900020440";"16";"12";"2019";"09:23";"1";"33";"33063";"2";"1";"1";"3";"AVE DE LA REPUBLIQUE CAUD - Moto circule dans voie bus";"44,8394870";" -0,6087500"
"201900020441";"24";"12";"2019";"18:45";"5";"31";"31555";"2";"1";"1";"6";"AV JEAN CHAUBET";"43,6009000";"1,4680600"
"201900020442";"24";"12";"2019";"12:20";"1";"31";"31555";"2";"1";"1";"3";"RUE DE PERIOLE";"43,6163600";"1,4570700"
"201900020443";"25";"12";"2019";"19:21";"5";"30";"30189";"2";"9";"1";"7";"CARREAU DE LANES (CHEMIN)";"43,8201900";"4,3202800"
"201900020444";"25";"12";"2019";"17:10";"2";"14";"14715";"1";"1";"1";"7";"AGUESSEAU (ROUTE D')";"49,3613400";"0,0906600"
"201900020445";"24";"12";"2019";"12:30";"1";"14";"14220";"2";"2";"1";"3";"GENERAL LECLERC (RUE)";"49,3570000";"0,0700000"
"201900020446";"26";"12";"2019";"21:15";"5";"13";"13207";"2";"2";"1";"3";"CHARLES LIVON (BOULEVARD)";"43,2922240";"5,3631440"
"201900020447";"26";"12";"2019";"07:15";"2";"13";"13213";"2";"2";"1";"5";"ROSE (AVENUE DE LA)";"43,3264720";"5,4213660"
"201900020448";"26";"12";"2019";"09:20";"1";"13";"13203";"2";"2";"1";"3";"CAMILLE PELLETAN (AVENUE)";"43,3077200";"5,3738800"
"201900020449";"24";"12";"2019";"17:20";"2";"11";"11262";"2";"6";"1";"3";"ESPAGNE (AVENUE D')";"43,1708700";"2,9900400"
"201900020450";"22";"12";"2019";"20:30";"3";"3";"03095";"2";"1";"1";"6";"route de Ferrières";"46,1248551";"3,4736672"
"201900020451";"26";"12";"2019";"18:53";"5";"3";"03185";"2";"3";"1";"3";"avenue de la République";"46,3441311";"2,5993235"
"201900020452";"26";"12";"2019";"07:00";"5";"75";"75106";"2";"3";"1";"3";"BOULEVARD SAINT MICHEL";"48,8417520";"2,3377540"
"201900020453";"26";"12";"2019";"15:35";"1";"75";"75120";"2";"1";"1";"3";"BOULEVARD DE MENILMONTANT";"48,8618569";"2,3880330"
"201900020454";"26";"12";"2019";"10:10";"1";"75";"75117";"2";"4";"2";"7";"AVENUE DE LA PORTE DE CLICHY";"48,8969517";"2,3103851"
"201900020455";"26";"12";"2019";"20:45";"5";"75";"75116";"2";"3";"3";"2";"RUE DAUMIER";"48,8396580";"2,2629210"
"201900020456";"17";"12";"2019";"09:45";"1";"75";"75116";"2";"1";"1";"3";"BOULEVARD SUCHET";"48,8589064";"2,2656566"
"201900020457";"26";"12";"2019";"18:10";"5";"75";"75115";"2";"4";"1";"3";"AVENUE DE LA PORTE BRANCION";"48,8258665";"2,3002184"
"201900020458";"26";"12";"2019";"15:55";"1";"75";"75115";"2";"3";"1";"6";"RUE DE LOURMEL";"48,8496180";"2,2914570"
"201900020459";"26";"12";"2019";"14:35";"1";"75";"75114";"2";"3";"1";"6";"AVENUE DU GENERAL LECLERC";"48,8239590";"2,3257220"
"201900020460";"26";"12";"2019";"20:20";"5";"75";"75112";"2";"3";"2";"6";"RUE DE LYON";"48,8491860";"2,3708690"
"201900020461";"26";"12";"2019";"18:30";"5";"75";"75112";"2";"2";"1";"2";"BOULEVARD DIDEROT";"48,8476060";"2,3890680"
"201900020462";"22";"12";"2019";"06:00";"5";"75";"75112";"2";"7";"2";"6";"PLACE DE LA BASTILLE";"48,8531650";"2,3702140"
"201900020463";"22";"12";"2019";"00:30";"5";"75";"75112";"2";"7";"2";"6";"RUE DE RAMBOUILLET";"48,8448230";"2,3829500"
"201900020464";"26";"12";"2019";"07:40";"5";"75";"75109";"2";"7";"1";"2";"BOULEVARD HAUSSMANN";"48,8731770";"2,3315020"
"201900020465";"25";"12";"2019";"14:00";"1";"75";"75104";"2";"2";"1";"3";"RUE SAINT LOUIS EN L ILE";"48,8512811";"2,3581051"
"201900020466";"26";"12";"2019";"15:00";"1";"75";"75104";"2";"1";"1";"6";"VOIE GEORGES POMPIDOU";"48,8566020";"2,3486310"
"201900020467";"26";"12";"2019";"14:35";"1";"75";"75104";"2";"3";"1";"7";"QUAI DE L HOTEL DE VILLE";"48,8549340";"2,3535260"
"201900020468";"26";"12";"2019";"18:00";"5";"93";"93078";"2";"9";"2";"6";"DAMBEL (AVENUE EMILE)";"48,9530000";"2,5490000"
"201900020469";"26";"12";"2019";"00:25";"5";"93";"93066";"2";"3";"1";"3";"MOULIN JEAN (AVENUE) NR 2 A 8 ET 1 A 11";"48,9399040";"2,3628130"
"201900020470";"26";"12";"2019";"17:20";"2";"93";"93046";"2";"2";"2";"3";"JEAN BAPTISTE CLEMENT RUE";"48,9125500";"2,5349800"
"201900020471";"25";"12";"2019";"12:08";"1";"93";"93079";"2";"2";"1";"1";"DIVISION LECLERC (AV)";"48,9515700";"2,3429000"
"201900020472";"26";"12";"2019";"21:00";"5";"93";"93008";"2";"4";"2";"3";"CAMIER (RUE RENE)";"48,9095500";"2,4520600"
"201900020473";"26";"12";"2019";"07:45";"5";"93";"93001";"2";"2";"1";"3";"ANATOLE FRANCE  (BLD) IMPAIR";"48,9162900";"2,3815900"
"201900020474";"24";"12";"2019";"14:30";"1";"92";"92036";"2";"1";"1";"2";"PIERRE DE COUBERTIN (BOULEVARD) (PORT ->";"48,9349100";"2,2803400"
"201900020475";"24";"12";"2019";"11:20";"1";"92";"92036";"2";"2";"1";"2";"LAURENT CELY (AVENUE) (1/143)";"48,9219700";"2,3061500"
"201900020476";"23";"12";"2019";"21:15";"5";"92";"92036";"2";"1";"1";"6";"BAS (RUE DES) (64 AU 76)";"48,9222376";"2,2865564"
"201900020477";"26";"12";"2019";"18:30";"5";"92";"92004";"2";"1";"1";"5";"ARGENTEUIL N° 176 A 388";"48,9255800";"2,2742900"
"201900020478";"26";"12";"2019";"15:35";"1";"2";"02643";"2";"1";"1";"1";"35 Rue de Mainville";"49,3913280";"3,1616780"
"201900020479";"27";"12";"2019";"13:50";"1";"9";"09061";"1";"1";"1";"3";"Lieu Dit les Mances";"43,1104470";"1,3708870"
"201900020480";"26";"12";"2019";"13:00";"1";"6";"06044";"2";"1";"1";"1";"518 Chemin des Caillades";"43,6725570";"7,1153120"
"201900020481";"25";"12";"2019";"11:31";"1";"25";"25156";"1";"9";"2";"2";"A36 - pk 81.600";"47,3899450";"6,5072020"
"201900020482";"27";"12";"2019";"09:15";"1";"50";"50639";"1";"1";"2";"6";"A84";"48,8165080";" -1,2527020"
"201900020483";"27";"12";"2019";"06:25";"5";"57";"57155";"2";"1";"3";"6";"13 Avenue Charles de Gaulle";"49,1087790";"6,4078620"
"201900020484";"25";"12";"2019";"01:30";"3";"91";"91617";"1";"1";"2";"2";"Route Nationale 6";"48,6425300";"2,5350590"
"201900020485";"26";"12";"2019";"09:15";"1";"74";"74173";"2";"1";"1";"6";"D309A La Livraz - route de la Cote 2000";"45,8362780";"6,6413790"
"201900020486";"18";"12";"2019";"16:20";"1";"67";"67421";"2";"1";"1";"6";"4 rue de l'eglise";"48,3478930";"7,1068950"
"201900020487";"26";"12";"2019";"19:05";"3";"80";"80136";"1";"1";"3";"7";"D329";"49,9532870";"2,7160110"
"201900020488";"25";"12";"2019";"23:00";"3";"80";"80015";"1";"2";"1";"3";"D917";"49,9761860";"2,9946190"
"201900020489";"26";"12";"2019";"14:20";"1";"49";"49002";"1";"2";"1";"3";"131 Route du Petit Moulin";"47,3142760";"0,0023870"
"201900020490";"27";"12";"2019";"17:10";"3";"41";"41097";"1";"1";"1";"1";"Le Grand Luc";"47,2949980";"1,6957950"
"201900020491";"27";"12";"2019";"05:40";"3";"34";"34237";"1";"1";"1";"6";"93 Avenue de Pezenas";"43,4995030";"3,3235140"
"201900020492";"10";"12";"2019";"14:05";"1";"68";"68320";"2";"2";"1";"3";"Rue de Thann (Spechbach-le-Bas)";"47,6800290";"7,2174520"
"201900020493";"22";"12";"2019";"17:14";"1";"35";"35040";"1";"9";"3";"6";"Route des Echanges";"48,1301710";" -1,9354440"
"201900020494";"26";"12";"2019";"20:45";"4";"1";"01227";"1";"1";"2";"1";"D1504";"45,7764650";"5,7130380"
"201900020495";"26";"12";"2019";"14:32";"1";"66";"66167";"1";"1";"1";"1";"RN 116";"42,4676570";"2,0340420"
"201900020496";"26";"12";"2019";"15:15";"1";"45";"45146";"1";"1";"1";"1";"D2020";"47,6738310";"1,9701250"
"201900020497";"27";"12";"2019";"10:35";"1";"64";"64371";"2";"6";"1";"2";"Avenue de l'Hippodrome";"43,2239478";" -0,8866080"
"201900020498";"20";"12";"2019";"16:45";"5";"73";"73121";"2";"3";"3";"6";"D69  Rue des Tilleuls";"45,6321658";"6,3143423"
"201900020499";"26";"12";"2019";"08:30";"1";"16";"16175";"1";"1";"1";"6";"Ld Le Plantis";"45,5349790";" -0,0502810"
"201900020500";"23";"12";"2019";"18:45";"3";"24";"24527";"2";"1";"2";"7";"Avenue Sylvain Bordas";"45,2745340";"0,9181980"
"201900020501";"25";"12";"2019";"11:15";"1";"24";"24137";"1";"2";"1";"3";"D73";"45,3324410";"0,9568080"
"201900020502";"26";"12";"2019";"13:15";"1";"4";"04149";"2";"2";"1";"3";"RD 4096 / RD 4A";"44,0445240";"5,9547470"
"201900020503";"27";"12";"2019";"16:50";"1";"3";"03220";"1";"1";"1";"3";"N/A";"46,1546104";"3,1204238"
"201900020504";"20";"12";"2019";"20:30";"3";"13";"13063";"1";"1";"1";"5";"Avenue du 8 Mai 1945";"43,6059420";"5,0092520"
"201900020505";"26";"12";"2019";"17:30";"3";"42";"42066";"1";"1";"1";"6";"A72";"45,7373090";"4,1815530"
"201900020506";"27";"12";"2019";"19:20";"3";"26";"26295";"1";"1";"2";"2";"d51";"45,1773470";"4,8319790"
"201900020507";"27";"12";"2019";"10:00";"1";"34";"34157";"1";"1";"1";"6";"A9";"43,4362440";"3,5661020"
"201900020508";"27";"12";"2019";"13:15";"1";"974";"97408";"2";"4";"1";"2";"Rue Henri Madore";" -20,9318210";"55,3593070"