"Num_Acc";"jour";"mois";"an";"hrmn";"lum";"dep";"com";"agg";"int";"atm";"col";"adr";"lat";"long"
"201900020509";"26";"12";"2019";"20:30";"3";"973";"97305";"1";"1";"1";"1";"N1";"4,9845960";" -52,4462650"
"201900020510";"28";"11";"2019";"18:10";"3";"971";"97125";"1";"1";"1";"5";"N5";"16,2858580";" -61,2877390"
"201900020511";"24";"12";"2019";"17:45";"3";"971";"97119";"1";"1";"1";"3";"Rue les Mangles Gélas";"16,3971820";" -61,4518150"
"201900020512";"19";"12";"2019";"18:45";"3";"971";"97119";"1";"3";"1";"3";"Impasse des Manguiers";"16,3906670";" -61,4542670"
"201900020513";"23";"12";"2019";"18:20";"3";"29";"29230";"1";"1";"2";"7";"D49";"47,9763980";" -3,5426280"
"201900020514";"26";"12";"2019";"17:20";"3";"2A";"2A247";"1";"1";"1";"3";"D859";"41,5666690";"9,2540200"
"201900020515";"27";"12";"2019";"20:10";"3";"34";"34151";"1";"1";"1";"2";"D34";"43,6656780";"4,1601170"
"201900020516";"26";"12";"2019";"14:55";"1";"83";"83112";"2";"1";"1";"7";"Avenue d'Arquier";"43,1784530";"5,7101580"
"201900020517";"23";"12";"2019";"10:30";"1";"57";"57659";"2";"1";"2";"6";"26 Rue Nationale Breme d'Or";"49,2034010";"6,9529450"
"201900020518";"27";"12";"2019";"09:03";"1";"73";"73187";"1";"1";"4";"1";"La Léchère";"45,4926877";"6,4600212"
"201900020519";"26";"12";"2019";"19:10";"3";"69";"69077";"1";"2";"9";"3";"D109";"46,1458600";"4,7630400"
"201900020520";"27";"12";"2019";"05:30";"3";"17";"17395";"1";"1";"1";"1";"21 Chemin du Coran";"45,7277980";" -0,5139750"
"201900020521";"26";"12";"2019";"22:45";"3";"85";"85097";"2";"1";"1";"1";"D6";"46,9379900";" -1,0748400"
"201900020522";"27";"12";"2019";"14:50";"1";"14";"14228";"1";"1";"1";"6";"1 Rue Jean Perrin";"49,2745180";" -0,3785990"
"201900020523";"25";"12";"2019";"20:28";"3";"13";"13071";"1";"1";"1";"6";"A55 - Sens Marseille vers Martigues";"43,3721540";"5,3206980"
"201900020524";"26";"12";"2019";"12:50";"1";"91";"91339";"1";"1";"1";"2";"RN 104";"48,6227400";"2,2699400"
"201900020525";"26";"12";"2019";"14:40";"1";"92";"92036";"1";"1";"1";"4";"AUTOROUTE A15";"48,9396358";"2,2945247"
"201900020526";"26";"12";"2019";"03:40";"3";"93";"93078";"1";"1";"1";"6";"AUTOROUTE A104";"48,9586400";"2,5270400"
"201900020527";"25";"12";"2019";"06:00";"3";"95";"95277";"1";"1";"1";"6";"AUTOROUTE A104";"48,9723100";"2,4847800"
"201900020528";"24";"12";"2019";"19:15";"3";"93";"93053";"1";"1";"1";"2";"AUTOROUTE A86";"48,8990600";"2,4697600"
"201900020529";"24";"12";"2019";"13:45";"1";"93";"93006";"1";"1";"1";"2";"AUTOROUTE A3";"48,8690800";"2,4293900"
"201900020530";"26";"12";"2019";"18:30";"1";"94";"94073";"1";"1";"1";"2";"A86 EXT";"48,8033200";"2,4482200"
"201900020531";"26";"12";"2019";"14:15";"1";"94";"94018";"1";"1";"1";"2";"A4";"48,8188100";"2,4088500"
"201900020532";"26";"12";"2019";"04:10";"3";"77";"77438";"1";"1";"1";"1";"A104";"48,8660006";"2,6697830"
"201900020533";"24";"12";"2019";"10:05";"1";"973";"97302";"1";"1";"1";"6";"ROUTE NATIONALE 1";"4,9144660";" -52,3292470"
"201900020534";"24";"12";"2019";"02:40";"5";"972";"97209";"1";"9";"1";"6";"AUTOROUTE (A1)";"14,6308100";" -61,0419100"
"201900020535";"25";"12";"2019";"05:05";"5";"2B";"2B033";"2";"1";"1";"1";"CHANOINE LESCHI - RUE";"42,7062200";"9,4530600"
"201900020536";"25";"12";"2019";"06:42";"1";"971";"97101";"2";"1";"1";"2";"RN5-BOISRIPEAUX";"16,2633800";" -61,5132200"
"201900020537";"24";"12";"2019";"15:00";"1";"79";"79300";"1";"2";"7";"3";"N/A";"46,9996500";" -0,2327500"
"201900020538";"25";"12";"2019";"18:30";"3";"77";"77462";"1";"9";"2";"2";"ROUTE NATIONALE 2";"49,0051890";"2,6449500"
"201900020539";"24";"12";"2019";"11:40";"1";"77";"77243";"2";"9";"1";"6";"TANNEURS  (RUE DES  )";"48,8790000";"2,7031800"
"201900020540";"24";"12";"2019";"19:58";"5";"68";"68224";"1";"1";"2";"4";"AUTOROUTE A 36";"47,7657200";"7,3326000"
"201900020541";"23";"12";"2019";"17:33";"5";"67";"67462";"2";"9";"2";"3";"COLMAR (ROUTE DE)";"48,2504700";"7,4380000"
"201900020542";"16";"12";"2019";"18:45";"5";"57";"57630";"2";"3";"9";"6";"CLEMENCEAU (AV)";"48,7327700";"7,0546700"
"201900020543";"24";"12";"2019";"20:20";"5";"34";"34172";"2";"3";"1";"3";"EUROPE (AVENUE DE L')";"43,6374710";"3,8226450"
"201900020544";"22";"12";"2019";"09:00";"1";"13";"13117";"1";"1";"1";"6";"AEROPORT(ZONE DE L')";"43,4430180";"5,2357300"
"201900020545";"25";"12";"2019";"19:40";"5";"13";"13202";"2";"1";"1";"6";"BASSINS DE RADOUB (BOULEVARD DES)";"43,3238900";"5,3608730"
"201900020546";"25";"12";"2019";"21:30";"5";"13";"13210";"2";"9";"1";"3";"FLORIAN ( ROND POINT)";"43,2817043";"5,4275304"
"201900020547";"25";"12";"2019";"11:40";"1";"13";"13210";"2";"9";"1";"3";"JEAN MOULIN (BOULEVARD)";"43,2817760";"5,3993100"
"201900020548";"25";"12";"2019";"03:40";"5";"13";"13205";"2";"2";"1";"3";"SAKAKINI (BOULEVARD)";"43,2937000";"5,4015600"
"201900020549";"23";"12";"2019";"09:00";"1";"13";"13206";"2";"1";"1";"2";"PARADIS (RUE)";"43,2823100";"5,3813900"
"201900020550";"24";"12";"2019";"15:45";"1";"13";"13001";"2";"1";"1";"3";"GAMBETTA (COURS)";"43,5211250";"5,4589720"
"201900020551";"25";"12";"2019";"23:30";"3";"6";"06027";"2";"1";"1";"6";"PROMENADE DE L HIPPODROME";"43,6471000";"7,1479060"
"201900020552";"23";"12";"2019";"14:00";"1";"75";"75120";"2";"1";"1";"3";"BD PERIPHERIQUE INTERIEUR";"48,8731820";"2,4119050"
"201900020553";"25";"12";"2019";"14:10";"1";"75";"75117";"2";"1";"8";"2";"AVENUE DE LA PORTE DE CLICHY";"48,8949203";"2,3124290"
"201900020554";"25";"12";"2019";"06:40";"5";"94";"94004";"2";"1";"1";"4";"GENERAL LECLERC (AV DU)";"48,7513000";"2,5068000"
"201900020555";"25";"12";"2019";"07:45";"5";"93";"93053";"2";"1";"1";"1";"GABRIEL PERI (BLD)";"48,8787000";"2,4578700"
"201900020556";"25";"12";"2019";"17:55";"5";"93";"93014";"2";"1";"1";"2";"JEAN MOULIN (AVENUE)";"48,9091700";"2,5537100"
"201900020557";"25";"12";"2019";"00:00";"5";"93";"93007";"2";"4";"2";"3";"""PAUL VAILLANT COUTURIER (AVENUE """"DU 01";"48,9238900";"2,4627500"
"201900020558";"25";"12";"2019";"19:57";"5";"92";"92075";"2";"1";"1";"3";"PIERRE BROSSOLETTE (AVENUE)";"48,8162139";"2,3058054"
"201900020559";"25";"12";"2019";"01:55";"5";"92";"92075";"2";"1";"1";"6";"RAYMOND MARCHERON (RUE)";"48,8193500";"2,2875000"
"201900020560";"25";"12";"2019";"15:20";"1";"92";"92064";"2";"2";"1";"3";"CARNOT";"48,8465800";"2,2236500"
"201900020561";"25";"12";"2019";"05:00";"5";"92";"92051";"2";"1";"2";"1";"MAILLOT (BOULEVARD)";"48,8782500";"2,2762200"
"201900020562";"25";"12";"2019";"13:35";"1";"92";"92023";"2";"6";"1";"7";"EUGENE BEAUJARD (CARREFOUR)";"48,7897300";"2,2529000"
"201900020563";"25";"12";"2019";"16:37";"1";"92";"92019";"2";"3";"1";"3";"VIGNES (GRANDE VOIE DES)";"48,7659400";"2,2856600"
"201900020564";"25";"12";"2019";"11:50";"1";"17";"17045";"1";"2";"1";"2";"D137";"45,8511630";" -0,8239340"
"201900020565";"5";"12";"2019";"16:40";"1";"40";"40004";"2";"4";"7";"3";"Route de la Tuilerie";"43,6614560";" -1,3723450"
"201900020566";"25";"12";"2019";"18:00";"2";"31";"31410";"1";"1";"1";"6";"30 Chemin de la Serre";"43,7111720";"1,4481070"
"201900020567";"25";"12";"2019";"17:35";"3";"83";"83099";"1";"1";"1";"2";"N/A";"43,4673170";"6,6645590"
"201900020568";"2";"12";"2019";"18:45";"2";"974";"97404";"1";"1";"1";"6";"N1";" -21,2687310";"55,3403330"
"201900020569";"21";"12";"2019";"15:00";"1";"972";"97206";"1";"1";"1";"7";"D7";"14,4876990";" -61,0501050"
"201900020570";"26";"12";"2019";"01:15";"3";"83";"83048";"2";"1";"1";"6";"16 Avenue de Neptune";"43,1987280";"6,5553080"
"201900020571";"18";"12";"2019";"02:15";"3";"35";"35363";"1";"9";"2";"6";"Pont-Péan";"48,0192690";" -1,6912400"
"201900020572";"26";"12";"2019";"07:45";"1";"974";"97414";"2";"1";"1";"3";"Route Nat 5 Riviere St Louis";" -21,2155910";"55,4537370"
"201900020573";"12";"12";"2019";"10:05";"1";"1";"01033";"1";"1";"4";"5";"D1084";"46,1621640";"5,7720100"
"201900020574";"26";"12";"2019";"19:30";"3";"72";"72047";"1";"1";"2";"6";"Lieu Dit Charbonneau";"47,9031200";"0,3149920"
"201900020575";"26";"12";"2019";"07:55";"1";"50";"50025";"1";"1";"1";"6";"62 Rue Chanoine Berenger";"48,6861190";" -1,3743480"
"201900020576";"25";"12";"2019";"13:10";"1";"30";"30221";"1";"1";"2";"6";"RD 6580";"44,0451790";"4,7652700"
"201900020577";"25";"12";"2019";"17:45";"2";"91";"91435";"1";"1";"8";"6";"Route de Villededon";"48,5843510";"2,5091060"
"201900020578";"26";"12";"2019";"14:45";"1";"74";"74255";"1";"1";"1";"6";"D256";"45,8739210";"5,9656450"
"201900020579";"25";"12";"2019";"10:15";"1";"2A";"2A085";"1";"2";"1";"3";"T40";"41,9196420";"8,8944800"
"201900020580";"15";"12";"2019";"01:00";"3";"31";"31056";"2";"1";"1";"6";"Boulevard de l'Europe";"43,6662520";"1,3606770"
"201900020581";"25";"12";"2019";"17:30";"3";"61";"61487";"1";"1";"1";"6";"La Houardiere";"48,5405410";" -0,6798670"
"201900020582";"25";"12";"2019";"11:00";"1";"61";"61339";"1";"1";"7";"3";"Le Bois Paye Noel";"48,7236090";" -0,2621800"
"201900020583";"26";"12";"2019";"17:30";"3";"55";"55463";"1";"1";"2";"4";"Route de Commercy";"48,8849710";"5,5351690"
"201900020584";"23";"12";"2019";"11:00";"1";"12";"12257";"1";"1";"2";"6";"D922";"44,5457660";"2,0279700"
"201900020585";"24";"12";"2019";"13:45";"1";"12";"12208";"1";"1";"3";"7";"D993";"43,9793470";"2,9177360"
"201900020586";"20";"12";"2019";"07:40";"4";"46";"46038";"2";"1";"2";"6";"114 Avenue de la République";"44,9178030";"1,8394310"
"201900020587";"24";"12";"2019";"18:00";"3";"34";"34126";"1";"1";"2";"6";"D908";"43,5917630";"3,1032110"
"201900020588";"26";"12";"2019";"05:15";"3";"68";"68342";"1";"1";"5";"6";"D26.1";"47,6262450";"7,1034940"
"201900020589";"1";"12";"2019";"01:20";"3";"31";"31452";"1";"1";"2";"6";"8 Labragere";"43,0767620";"0,7588570"
"201900020590";"2";"2";"2019";"15:15";"1";"72";"72031";"1";"1";"1";"7";"A11";"48,0782020";"0,4828480"
"201900020591";"1";"2";"2019";"08:10";"2";"74";"74081";"2";"2";"4";"6";"avenue de la sardagne";"46,0753250";"6,5516250"
"201900020592";"3";"2";"2019";"07:00";"1";"976";"97606";"1";"9";"2";"6";"village de MIRERENI";" -12,9028040";"45,1498590"
"201900020593";"2";"2";"2019";"02:15";"3";"63";"63193";"1";"1";"1";"1";"A711 PK 003+300";"45,7784920";"3,1857620"
"201900020594";"1";"2";"2019";"22:35";"3";"86";"86050";"1";"1";"2";"1";"RN 149 PK 025.380";"46,6608290";"0,0182890"
"201900020595";"2";"2";"2019";"10:10";"1";"13";"13118";"1";"1";"4";"6";"Autoroute A8, PK 002+000, sens Sud/Nord";"43,5536430";"5,2574620"
"201900020596";"2";"2";"2019";"10:10";"1";"13";"13118";"1";"1";"4";"5";"autoroute A8, pk 002+000, sens sud/nord";"43,5515310";"5,2412150"
"201900020597";"31";"1";"2019";"18:50";"5";"987";"98725";"2";"1";"2";"3";"PK 10.5, RT2";" -17,5129340";" -149,5021050"
"201900020598";"30";"1";"2019";"20:00";"3";"987";"98723";"2";"9";"1";"6";"vallée de atuona";" -9,8029760";" -139,0417296"
"201900020599";"1";"2";"2019";"07:15";"1";"988";"98808";"1";"1";"1";"1";"tribu de medaouya";" -21,2911500";"165,5134500"
"201900020600";"2";"2";"2019";"13:10";"1";"973";"97311";"2";"1";"1";"6";"gaston Monnerville";"5,4975200";" -54,0243640"
"201900020601";"27";"1";"2019";"19:15";"3";"971";"97125";"1";"1";"1";"6";"Route de Pombiray - BRAGELOGNE";"16,2716150";" -61,3001520"
"201900020602";"2";"2";"2019";"02:45";"5";"971";"97118";"1";"6";"2";"6";"Ront-point de Montébello";"16,1935810";" -61,6066860"
"201900020603";"2";"2";"2019";"19:55";"5";"33";"33085";"1";"3";"1";"3";"Route des Deux Ponts, RD10";"44,7748200";" -0,4929400"
"201900020604";"2";"2";"2019";"22:45";"3";"37";"37003";"1";"4";"1";"3";"D751- D31";"47,4245585";"1,0119568"
"201900020605";"2";"2";"2019";"23:40";"5";"77";"77183";"2";"1";"2";"1";"D402 - RUE DE CONDÉ";"48,9449900";"3,1298900"
"201900020606";"1";"2";"2019";"18:30";"3";"95";"95295";"1";"1";"2";"6";"ROUTE DEPARTEMENTALE 14";"49,1201710";"1,8600650"
"201900020607";"3";"2";"2019";"03:00";"3";"66";"66069";"1";"1";"6";"7";"D18 MONTPINS";"42,7869300";"2,8325100"
"201900020608";"2";"2";"2019";"06:00";"5";"66";"66037";"1";"1";"6";"2";"VOIE DE LA MÉDITÉRANNÉE";"42,7012760";"3,0179270"
"201900020609";"4";"2";"2019";"12:00";"1";"11";"11322";"1";"1";"1";"5";"RD 6009, PK 34+950 G";"42,9953660";"2,9702640"
"201900020610";"4";"2";"2019";"15:00";"1";"11";"11216";"1";"1";"1";"6";"RD 19";"43,1142360";"2,1802570"
"201900020611";"1";"2";"2019";"15:30";"1";"34";"34145";"1";"1";"1";"3";"RD 34";"43,7034660";"4,1223160"
"201900020612";"1";"2";"2019";"14:45";"1";"34";"34327";"2";"1";"2";"3";"RD 613";"43,6607030";"3,9626080"
"201900020613";"23";"1";"2019";"07:15";"2";"83";"83099";"2";"1";"1";"3";"RDN7";"43,4529806";"6,6913892"
"201900020614";"2";"2";"2019";"06:15";"5";"89";"89085";"2";"1";"2";"6";"37 rue du Pont";"47,9449040";"3,4937870"
"201900020615";"11";"1";"2019";"15:00";"1";"89";"89257";"2";"3";"2";"3";"01 avenue jean jaurès";"47,9648520";"3,5226285"
"201900020616";"1";"2";"2019";"16:55";"1";"58";"58214";"1";"1";"2";"3";"D 8";"47,0621970";"3,0962270"
"201900020617";"31";"1";"2019";"18:26";"5";"21";"21481";"2";"2";"2";"3";"CD 974";"47,2685900";"5,0001700"
"201900020618";"1";"2";"2019";"22:00";"5";"21";"21639";"1";"1";"1";"6";"route de dijon";"47,1956540";"5,3778390"
"201900020619";"1";"2";"2019";"23:10";"3";"67";"67237";"1";"1";"1";"1";"RD468";"48,6795010";"7,8548660"
"201900020620";"3";"2";"2019";"15:30";"1";"67";"67300";"1";"1";"1";"5";"D422";"48,5463650";"7,5195360"
"201900020621";"2";"2";"2019";"06:58";"2";"67";"67233";"1";"1";"1";"6";"RD 213";"48,3828100";"7,5606660"
"201900020622";"3";"2";"2019";"19:50";"3";"55";"55389";"1";"1";"1";"7";"D 20";"49,0189600";"5,1642400"
"201900020623";"2";"2";"2019";"00:20";"3";"57";"57160";"1";"1";"2";"7";"RD 55 G";"49,2243610";"6,6860130"
"201900020624";"1";"2";"2019";"08:00";"1";"3";"03207";"1";"1";"1";"3";"N/A";"46,4988368";"3,7916726"
"201900020625";"1";"2";"2019";"19:19";"3";"38";"38558";"1";"1";"2";"1";"D36";"45,5853500";"4,9134100"
"201900020626";"1";"2";"2019";"11:30";"1";"38";"38535";"1";"1";"3";"6";"RD 65 PK 11 + 530";"45,7725890";"5,2582350"
"201900020627";"27";"1";"2019";"15:55";"1";"38";"38068";"1";"1";"2";"1";"D 64 - ROUTE DE CHAMPAGNIER";"45,1314800";"5,7173500"
"201900020628";"29";"1";"2019";"06:50";"5";"1";"01249";"2";"1";"9";"6";"parking gare SNCF, route de Strasbourg";"45,8745740";"4,9109910"
"201900020629";"3";"2";"2019";"03:00";"3";"46";"46105";"1";"1";"1";"6";"Autoroute A20 - PK 368+600";"44,3888340";"1,5159910"
"201900020630";"2";"2";"2019";"05:30";"3";"32";"32300";"1";"1";"2";"2";"CD 929";"43,5504120";"0,6103010"
"201900020631";"1";"2";"2019";"18:12";"2";"31";"31433";"1";"1";"1";"1";"Route de lacroix-falgarde";"43,5179440";"1,4181830"
"201900020632";"4";"2";"2019";"17:15";"1";"79";"79049";"1";"1";"3";"4";"RD 748";"46,8007950";" -0,4817950"
"201900020633";"1";"2";"2019";"23:30";"3";"16";"16291";"1";"1";"1";"3";"Ld Les Chéniasses";"45,6880000";"0,2184600"
"201900020634";"3";"2";"2019";"19:10";"5";"33";"33322";"2";"3";"1";"3";"route de soulac - D1-";"44,9574700";" -0,7073500"
"201900020635";"1";"2";"2019";"19:55";"3";"33";"33412";"1";"1";"1";"2";"Saint Gaux";"45,2532000";" -0,8984000"
"201900020636";"30";"1";"2019";"14:30";"1";"85";"85243";"2";"6";"3";"3";"Rond-Point du Noyau de la Terre";"46,6036200";" -1,8299600"
"201900020637";"1";"2";"2019";"18:00";"5";"72";"72264";"2";"1";"1";"1";"route du mans";"47,8391230";" -0,3168300"
"201900020638";"1";"2";"2019";"18:30";"3";"53";"53168";"1";"1";"3";"6";"Le PAULT";"47,9774790";" -0,7859300"
"201900020639";"2";"2";"2019";"14:30";"1";"44";"44047";"2";"1";"1";"6";"Rue de la garotais";"47,2121280";" -1,6818710"
"201900020640";"3";"2";"2019";"15:50";"1";"50";"50139";"1";"1";"1";"2";"route de ST lo";"49,0896560";" -1,0440130"
"201900020641";"1";"2";"2019";"18:15";"3";"14";"14252";"1";"1";"1";"2";"N158";"48,9935180";" -0,2537540"
"201900020642";"1";"2";"2019";"10:30";"1";"35";"35127";"1";"1";"2";"6";"le pont du canut";"47,9438660";" -1,8323180"
"201900020643";"1";"2";"2019";"06:15";"3";"35";"35152";"1";"1";"1";"6";"le bignon";"48,1808030";" -1,5158070"
"201900020644";"30";"1";"2019";"07:40";"5";"35";"35047";"2";"6";"1";"3";"Rond-point Avenue de Ker lann";"48,0542990";" -1,7357800"
"201900020645";"30";"1";"2019";"18:40";"3";"35";"35066";"1";"9";"2";"1";"cd34";"48,0404120";" -1,6880770"
"201900020646";"1";"2";"2019";"09:00";"1";"27";"27168";"2";"1";"9";"6";"15 route d'Amfreville sous les Monts";"49,2559100";"1,2704100"
"201900020647";"4";"2";"2019";"20:30";"3";"27";"27408";"1";"2";"9";"3";"Intersection D4 - D117";"49,1876710";"1,5012340"
"201900020648";"31";"1";"2019";"21:20";"5";"27";"27016";"2";"1";"1";"6";"avenue de la République";"49,2437920";"1,4047880"
"201900020649";"4";"2";"2019";"07:30";"2";"27";"27602";"2";"1";"1";"6";"Rue du Général De Gaulle";"49,0066730";"1,0784300"
"201900020650";"29";"1";"2019";"19:00";"5";"60";"60139";"2";"3";"4";"6";"RUE FRANCOIS TRUFFAUT";"49,1582970";"2,2584690"
"201900020651";"3";"2";"2019";"12:30";"1";"80";"80646";"1";"1";"1";"2";"Autoroute PK 110.200 Sens LILLE/PARIS";"49,7927740";"2,8083210"
"201900020652";"2";"2";"2019";"08:50";"2";"80";"80430";"1";"1";"1";"6";"A1 pk 126.700";"49,9267550";"2,8517510"
"201900020653";"3";"2";"2019";"07:35";"2";"13";"13055";"1";"1";"1";"7";"A507 sens Marseille - Aubagne";"43,3000000";"5,4250000"
"201900020654";"3";"2";"2019";"00:40";"3";"13";"13022";"1";"1";"1";"6";"A50-Sens Aubagne vers Toulon";"43,2262900";"5,5824200"
"201900020655";"1";"2";"2019";"16:00";"1";"13";"13202";"2";"4";"1";"5";"TVPCM-Sens Saint Victor vers Les Ports";"43,2920800";"5,3656700"
"201900020656";"1";"2";"2019";"16:20";"1";"13";"13055";"1";"1";"2";"7";"A507 sens Aubagne- Marseille";"43,3291460";"5,4150030"
"201900020657";"2";"2";"2019";"02:48";"3";"13";"13117";"1";"1";"1";"2";"A7-Sens Marseille vers Lyon";"43,4390030";"5,2507900"
"201900020658";"28";"1";"2019";"09:50";"1";"13";"13055";"2";"1";"1";"5";"A507 sens Aubagne- Marseille";"43,3032490";"5,4256730"
"201900020659";"1";"2";"2019";"02:35";"3";"13";"13106";"1";"1";"1";"6";"A51-Sens Marseille vers Aix en Provence";"43,4028400";"5,3566600"
"201900020660";"31";"1";"2019";"16:05";"1";"13";"13001";"1";"4";"1";"5";"A51-Sens Aix en Provence vers Marseille";"43,5149200";"5,4252100"
"201900020661";"31";"1";"2019";"10:15";"1";"13";"13210";"1";"1";"1";"4";"A50-Sens Aubagne vers Marseille";"43,2834000";"5,4295300"
"201900020662";"31";"1";"2019";"08:45";"1";"13";"13215";"1";"1";"1";"7";"A55-Sens Marseille vers Martigues";"43,3327300";"5,5543100"
"201900020663";"31";"1";"2019";"07:50";"1";"13";"13215";"1";"1";"1";"4";"A55-Sens Marseille vers Martigues";"43,3314050";"5,3543670"
"201900020664";"31";"1";"2019";"07:30";"2";"13";"13215";"1";"1";"1";"2";"A55-Sens Marseille vers Martigues";"43,3329000";"5,3541800"
"201900020665";"30";"1";"2019";"16:13";"1";"83";"83069";"1";"1";"1";"2";"RN98";"43,1255654";"6,0918877"
"201900020666";"30";"1";"2019";"19:05";"3";"69";"69277";"1";"1";"1";"4";"RN346   36.215 A 38.000";"45,7413500";"4,9866400"
"201900020667";"26";"1";"2019";"14:15";"1";"69";"69081";"1";"9";"1";"6";"BPNL   34.000 A 34.614";"45,7713700";"4,7877800"
"201900020668";"30";"1";"2019";"18:35";"3";"67";"67482";"1";"1";"1";"4";"Autoroute A.351";"48,5875000";"7,7110400"
"201900020669";"3";"2";"2019";"17:15";"1";"33";"33122";"1";"1";"1";"2";"AUTOROUTE A 63";"44,7443800";" -0,7043900"
"201900020670";"3";"2";"2019";"13:55";"1";"33";"33075";"1";"1";"1";"3";"ROCADE A 630";"44,8877300";" -0,5796300"
"201900020671";"1";"2";"2019";"14:10";"1";"33";"33063";"1";"1";"3";"4";"ROCADE A 630";"44,8803400";" -0,5385000"
"201900020672";"1";"2";"2019";"08:20";"1";"33";"33249";"1";"1";"2";"2";"ROUTE NATIONALE 230";"44,8708600";" -0,5052600"
"201900020673";"31";"1";"2019";"09:00";"1";"33";"33487";"1";"1";"1";"2";"AUTOROUTE A 10";"44,9386800";" -0,4669400"
"201900020674";"29";"1";"2019";"20:30";"3";"33";"33003";"1";"1";"2";"3";"AUTOROUTE A 10";"44,9286800";" -0,4702700"
"201900020675";"16";"1";"2019";"09:55";"1";"33";"33065";"1";"1";"1";"5";"RN230 échangeur 22";"44,8097400";" -0,5245100"
"201900020676";"2";"2";"2019";"07:40";"3";"91";"91689";"1";"1";"1";"4";"AUTOROUTE A6A";"48,7388000";"2,3186000"
"201900020677";"2";"2";"2019";"02:15";"3";"91";"91645";"1";"1";"2";"7";"RN 385 Extèrieure";"48,7603700";"2,2554000"
"201900020678";"1";"2";"2019";"23:50";"3";"91";"91645";"1";"9";"3";"6";"RN 385 Extèrieure";"48,7601500";"2,2562800"
"201900020679";"1";"2";"2019";"07:10";"5";"94";"94038";"1";"1";"1";"4";"AUTOROUTE A6A";"48,7720000";"2,3457000"
"201900020680";"31";"1";"2019";"16:00";"1";"91";"91179";"1";"1";"1";"6";"AUTOROUTE A6";"48,5598000";"2,4853000"
"201900020681";"31";"1";"2019";"02:15";"3";"91";"91064";"1";"1";"5";"7";"RN 118";"48,7500840";"2,2213560"
"201900020682";"30";"1";"2019";"16:50";"1";"94";"94034";"1";"1";"2";"3";"AUTOROUTE A86";"48,7616000";"2,3161200"
"201900020683";"30";"1";"2019";"11:15";"1";"91";"91363";"1";"1";"1";"5";"RN 104";"48,6620520";"2,1867890"
"201900020684";"29";"1";"2019";"14:40";"1";"94";"94065";"1";"1";"1";"3";"AUTOROUTE A86";"48,7549500";"2,3463300"
"201900020685";"2";"2";"2019";"14:05";"1";"78";"78322";"1";"1";"1";"6";"RN12 EXT";"48,7816260";"2,1664270"
"201900020686";"2";"2";"2019";"10:00";"1";"78";"78524";"1";"1";"1";"2";"A13";"48,8416000";"2,1029600"
"201900020687";"1";"2";"2019";"11:40";"1";"92";"92064";"1";"1";"1";"2";"A13";"48,8385903";"2,1922207"
"201900020688";"31";"1";"2019";"18:30";"3";"78";"78571";"1";"1";"4";"5";"A13";"48,8652750";"2,0375150"
"201900020689";"31";"1";"2019";"18:30";"5";"78";"78402";"1";"1";"3";"3";"A13";"48,9644690";"1,7985530"
"201900020690";"31";"1";"2019";"07:40";"2";"92";"92050";"1";"1";"1";"6";"A86";"48,9196078";"2,2243611"
"201900020691";"2";"2";"2019";"20:30";"3";"93";"93066";"1";"1";"1";"6";"AUTOROUTE A86";"48,9229300";"2,3450500"
"201900020692";"1";"2";"2019";"19:50";"3";"95";"95154";"1";"1";"2";"2";"AUTOROUTE A1";"49,0449600";"2,5450800"
"201900020693";"2";"2";"2019";"08:00";"5";"95";"95607";"1";"1";"2";"6";"AUTOROUTE A115";"49,0269300";"2,2047600"
"201900020694";"2";"2";"2019";"05:30";"3";"93";"93027";"1";"1";"2";"6";"AUTOROUTE A1";"48,9344700";"2,3976200"
"201900020695";"1";"2";"2019";"23:50";"4";"95";"95582";"1";"1";"3";"6";"AUTOROUTE A15";"48,9762000";"2,2373000"
"201900020696";"1";"2";"2019";"16:00";"1";"93";"93007";"1";"1";"1";"3";"AUTOROUTE A1";"48,9486100";"2,4459500"
"201900020697";"1";"2";"2019";"08:20";"1";"95";"95582";"1";"1";"1";"4";"AUTOROUTE A15";"48,9657100";"2,2583700"
"201900020698";"31";"1";"2019";"07:40";"3";"93";"93066";"1";"1";"1";"3";"AUTOROUTE A1";"48,9331700";"2,3764800"
"201900020699";"2";"2";"2019";"17:50";"1";"94";"94046";"1";"1";"1";"4";"A86 EXT";"48,8019000";"2,4408000"
"201900020700";"2";"2";"2019";"14:50";"1";"94";"94017";"1";"1";"1";"3";"A4";"48,8298100";"2,4978600"
"201900020701";"2";"2";"2019";"03:25";"5";"94";"94042";"1";"1";"3";"6";"A4";"48,8285400";"2,4762400"
"201900020702";"1";"2";"2019";"11:40";"1";"94";"94017";"1";"1";"1";"4";"A4";"48,8200000";"2,4900000"
"201900020703";"1";"2";"2019";"08:40";"1";"77";"77514";"1";"1";"1";"7";"A104";"48,9426600";"2,6285300"
"201900020704";"31";"1";"2019";"12:15";"1";"94";"94046";"1";"1";"1";"2";"A86 EXT";"48,8090700";"2,4491200"