"Num_Acc";"jour";"mois";"an";"hrmn";"lum";"dep";"com";"agg";"int";"atm";"col";"adr";"lat";"long"
"201900020705";"31";"1";"2019";"09:30";"1";"94";"94028";"1";"1";"1";"2";"RN406.Y";"48,7574380";"2,4738610"
"201900020706";"31";"1";"2019";"09:25";"1";"77";"77450";"1";"1";"1";"6";"RN104";"48,7119900";"2,5996500"
"201900020707";"30";"1";"2019";"13:45";"1";"77";"77337";"1";"1";"1";"6";"RN104";"48,8298850";"2,6190590"
"201900020708";"29";"1";"2019";"16:25";"1";"86";"86194";"2";"1";"3";"2";"PAILLERIE (RUE DE LA)";"46,5532800";"0,3097300"
"201900020709";"28";"1";"2019";"09:40";"1";"86";"86194";"2";"2";"2";"6";"JOHN KENNEDY (AVENUE)";"46,5893852";"0,3599585"
"201900020710";"19";"1";"2019";"07:00";"5";"76";"76484";"1";"6";"1";"6";"CD 18E";"49,3461300";"1,0772100"
"201900020711";"28";"1";"2019";"08:40";"1";"71";"71306";"2";"2";"1";"3";"ETANG (RUE DE L')";"46,6912600";"4,3498030"
"201900020712";"28";"1";"2019";"13:15";"1";"71";"71076";"2";"1";"1";"7";"LUMIERE (RUE DES FRERES)";"46,8002500";"4,8735300"
"201900020713";"29";"1";"2019";"08:20";"1";"71";"71076";"2";"1";"1";"6";"PARIS (AVENUE DE)";"46,7879900";"4,8499200"
"201900020714";"28";"1";"2019";"09:23";"1";"92";"92023";"2";"1";"1";"6";"HENRI BARBUSSE (AVENUE)";"48,8143763";"2,2577258"
"201900020715";"30";"1";"2019";"19:20";"5";"94";"94003";"1";"1";"2";"7";"AUTOROUTE A6A";"48,8105100";"2,3380100"
"201900020716";"27";"1";"2019";"15:10";"1";"92";"92036";"1";"1";"2";"6";"AUTOROUTE A15";"48,9370571";"2,2947477"
"201900020717";"30";"1";"2019";"08:50";"1";"988";"98818";"2";"6";"3";"7";"ROUTE STRATEGIQUE - RUE PAUL CACOT";" -22,2636800";"166,4497500"
"201900020718";"29";"1";"2019";"17:15";"1";"988";"98818";"1";"1";"3";"6";"VE1 SENS NORD/SUD";" -22,2492900";"166,4508500"
"201900020719";"30";"1";"2019";"14:35";"1";"974";"97411";"2";"1";"1";"5";"MACE (BOULEVARD GABRIEL)";" -20,8727400";"55,4483400"
"201900020720";"30";"1";"2019";"11:45";"1";"973";"97302";"2";"1";"1";"3";"BADUEL (ROUTE DE)";"4,9402041";" -52,3197377"
"201900020721";"29";"1";"2019";"13:50";"1";"973";"97302";"2";"1";"1";"6";"BRUTUS (CITE)";"4,9344293";" -52,3176040"
"201900020722";"29";"1";"2019";"06:30";"2";"973";"97309";"1";"1";"2";"3";"RD24";"4,9006537";" -52,3097062"
"201900020723";"30";"1";"2019";"21:00";"5";"69";"69383";"2";"1";"1";"6";"ALBERT THOMAS                       (CO)";"45,7480000";"4,8642300"
"201900020724";"30";"1";"2019";"19:45";"5";"69";"69386";"2";"2";"1";"3";"VITTON                              (CO)";"45,7694700";"4,8523600"
"201900020725";"29";"1";"2019";"10:57";"1";"69";"69383";"2";"1";"1";"6";"GAMBETTA                            (CO)";"45,7557000";"4,8419900"
"201900020726";"29";"1";"2019";"13:00";"1";"972";"97213";"2";"1";"1";"6";"GEORGES GRATIANT";"14,6180000";" -60,9922020"
"201900020727";"29";"1";"2019";"11:23";"1";"972";"97213";"1";"6";"1";"3";"MAHAULT";"14,6186400";" -61,0046000"
"201900020728";"29";"1";"2019";"19:15";"3";"972";"97209";"2";"1";"1";"1";"DILLON (AVENUE DE) EX RUE 15";"14,6082000";" -61,0454000"
"201900020729";"30";"1";"2019";"11:40";"1";"972";"97209";"1";"1";"1";"5";"RD 41 (ROCADE)";"14,6137300";" -61,0760200"
"201900020730";"30";"1";"2019";"07:15";"1";"972";"97209";"1";"1";"1";"4";"AUTOROUTE (A1)";"14,6156500";" -61,0442200"
"201900020731";"29";"1";"2019";"18:00";"2";"972";"97209";"2";"1";"2";"6";"GENERAL DE GAULLE (BLD DU)";"14,6077600";" -61,0712600"
"201900020732";"28";"1";"2019";"08:00";"1";"972";"97209";"2";"3";"1";"3";"JACQUES ROUMAIN (AVENUE)";"14,6085700";" -61,0467500"
"201900020733";"30";"1";"2019";"17:30";"2";"69";"69389";"2";"1";"1";"6";"SIDOINE APPOLINAIRE                 (AV)";"45,7732900";"4,7953200"
"201900020734";"30";"1";"2019";"17:25";"2";"69";"69385";"2";"1";"1";"6";"JOLIOT CURIE                        (R )";"45,7546500";"4,7877600"
"201900020735";"30";"1";"2019";"08:30";"1";"69";"69202";"2";"1";"1";"3";"COMMANDANT CHARCOT (DU)             (R )";"45,7508600";"4,8005000"
"201900020736";"30";"1";"2019";"05:05";"5";"69";"69382";"2";"2";"2";"2";"JULES COURMONT                      (QU)";"45,7635600";"4,8384400"
"201900020737";"29";"1";"2019";"14:20";"1";"69";"69389";"2";"1";"1";"7";"AUTOROUTE A6                        (XX)";"45,7658700";"4,7984300"
"201900020738";"29";"1";"2019";"09:00";"1";"69";"69384";"2";"2";"1";"3";"HENON                               (R )";"45,7796200";"4,8205300"
"201900020739";"29";"1";"2019";"07:40";"5";"69";"69389";"2";"1";"1";"6";"ST CYR (DE)                         (R )";"45,7860800";"4,8079400"
"201900020740";"30";"1";"2019";"12:05";"1";"2B";"2B033";"2";"1";"2";"7";"PAOLI DU NR 1 A 20 - BLD";"42,6959000";"9,4470000"
"201900020741";"30";"1";"2019";"14:00";"1";"95";"95268";"1";"1";"1";"4";"rue de la fontaine plamond";"48,9671800";"2,4182700"
"201900020742";"14";"1";"2019";"09:23";"1";"95";"95210";"2";"2";"1";"6";"COTTE (BOULEVARD)";"48,9642000";"2,3133000"
"201900020743";"30";"1";"2019";"17:00";"1";"91";"91432";"2";"6";"8";"6";"FONTAINE (PLACE GABRIEL)";"48,7069800";"2,3286700"
"201900020744";"29";"1";"2019";"20:30";"5";"91";"91589";"2";"2";"4";"3";"BRIAND (BOULEVARD ARISTIDE)";"48,6887900";"2,3590200"
"201900020745";"29";"1";"2019";"17:08";"1";"91";"91421";"2";"1";"8";"6";"CHARLES DE GAULLE (AVENUE)";"48,6962600";"2,4559800"
"201900020746";"30";"1";"2019";"18:30";"5";"91";"91687";"2";"1";"2";"1";"DUPARCHY (RUE)";"48,6701600";"2,3655300"
"201900020747";"29";"1";"2019";"15:45";"1";"91";"91326";"2";"1";"2";"7";"MONTAINS (RUE DES)";"48,6904700";"2,3863100"
"201900020748";"29";"1";"2019";"07:24";"5";"91";"91223";"1";"9";"1";"2";"R.N.20";"48,4361600";"2,1699600"
"201900020749";"28";"1";"2019";"08:15";"5";"91";"78469";"1";"1";"1";"7";"SACLAS (ROUTE DE)";"48,4038480";"2,1405830"
"201900020750";"29";"1";"2019";"16:45";"1";"91";"91174";"2";"2";"1";"3";"NAGIS(RUE DE)";"48,6047340";"2,4777740"
"201900020751";"28";"1";"2019";"10:39";"1";"91";"91103";"2";"2";"1";"2";"BASTIE MARYSE (AVENUE)";"48,6003000";"2,3096400"
"201900020752";"26";"1";"2019";"18:07";"5";"90";"90010";"2";"3";"1";"6";"FRANCE (FAUBOURG DE)";"47,6348000";"6,8536600"
"201900020753";"29";"1";"2019";"17:30";"2";"86";"86194";"2";"1";"2";"7";"RECTEUR PINEAU (AVENUE DU)";"46,7150100";"0,3724400"
"201900020754";"29";"1";"2019";"05:12";"5";"83";"83144";"2";"1";"1";"2";"BLANC (BD DR EUGENE)";"43,1372300";"5,9978200"
"201900020755";"28";"1";"2019";"16:50";"1";"83";"83050";"2";"1";"1";"3";"BOUALAM(ROND POINT BACHAGA)";"43,5368700";"6,4532100"
"201900020756";"9";"1";"2019";"14:25";"1";"77";"77374";"1";"6";"1";"2";"D471 X D21";"48,7964900";"2,7137100"
"201900020757";"24";"1";"2019";"18:51";"3";"77";"77251";"2";"9";"1";"4";"PARIS (RUE DE)";"48,6280000";"2,5550000"
"201900020758";"27";"1";"2019";"03:30";"5";"76";"76640";"2";"1";"1";"7";"LOUVIERS. RUE DE";"49,2710400";"1,0422200"
"201900020759";"23";"1";"2019";"16:53";"2";"76";"76178";"2";"1";"1";"6";"TOURVILLE. ROUTE DE (CD 7)";"49,3064200";"1,0267700"
"201900020760";"29";"1";"2019";"12:20";"1";"76";"76681";"2";"3";"1";"3";"4 MARES. GRANDE RUE DE";"49,4037700";"1,1033800"
"201900020761";"29";"1";"2019";"08:05";"5";"76";"76540";"2";"1";"1";"7";"DUPUIS. RUE ALBERT";"49,4542400";"1,1275100"
"201900020762";"30";"1";"2019";"02:20";"5";"76";"76351";"2";"3";"1";"6";"HOTEL DE VILLE (PLACE DE)";"49,4923600";"0,1092300"
"201900020763";"29";"1";"2019";"11:40";"1";"76";"76447";"2";"3";"1";"6";"BONVOISIN";"49,5455600";"0,1921700"
"201900020764";"29";"1";"2019";"09:05";"1";"76";"76351";"2";"2";"2";"1";"CAVEE VERTE (RUE DE LA)";"49,5021100";"0,1034900"
"201900020765";"29";"1";"2019";"18:30";"5";"72";"72181";"2";"1";"2";"1";"BOLLEE (AV) N° IMP 65 A 199";"47,9999100";"0,2124300"
"201900020766";"23";"1";"2019";"14:50";"1";"72";"72181";"2";"2";"1";"6";"CUGNOT NICOLAS (BD)";"47,9857900";"0,2249200"
"201900020767";"19";"1";"2019";"18:00";"5";"70";"70550";"2";"1";"1";"3";"BRIAND (RUE ARISTIDE)";"47,6266700";"6,1656900"
"201900020768";"29";"1";"2019";"11:30";"1";"67";"67482";"2";"3";"1";"3";"ILL (RUE DE L )";"48,6134000";"7,7705900"
"201900020769";"30";"1";"2019";"08:20";"2";"64";"64483";"2";"1";"3";"6";"VERDUN (AVENUE DE)";"43,3861840";" -1,6616720"
"201900020770";"27";"1";"2019";"21:40";"5";"62";"62457";"2";"1";"1";"1";"MITRY (RUE DU GENARAL)";"50,4614630";"2,5553820"
"201900020771";"21";"1";"2019";"08:15";"2";"59";"59360";"2";"3";"8";"6";"NOTRE DAME DE GRACE RUE";"50,6107100";"3,0129600"
"201900020772";"30";"1";"2019";"05:30";"5";"59";"59043";"2";"1";"4";"7";"FOULONS (RUE DES )";"50,7420700";"2,7300700"
"201900020773";"30";"1";"2019";"16:30";"1";"57";"57606";"1";"1";"4";"1";"ALTMAYER (RUE DES GENERAUX)";"49,1508010";"6,7609250"
"201900020774";"12";"10";"2019";"19:30";"5";"34";"34172";"2";"2";"1";"3";"ASSAS (AVENUE D')";"43,6127800";"3,8675100"
"201900020775";"12";"10";"2019";"04:00";"5";"34";"34172";"2";"1";"2";"7";"NERUDA (AVENUE PABLO)";"43,6163800";"3,8202400"
"201900020776";"13";"10";"2019";"01:05";"5";"33";"33063";"2";"3";"8";"3";"BD MARECHAL LECLERC";"44,8298800";" -0,5960400"
"201900020777";"12";"10";"2019";"15:00";"1";"33";"33063";"2";"4";"1";"2";"75  BD ALBERT 1ER";"44,8139900";" -0,5682700"
"201900020778";"12";"10";"2019";"10:35";"1";"29";"29019";"2";"1";"2";"2";"TARENTE";"48,4030100";" -4,5063700"
"201900020779";"12";"10";"2019";"04:53";"5";"26";"26362";"2";"3";"1";"3";"KENNEDY BD JOHN FITZGERALD (102)";"44,9385000";"4,9177000"
"201900020780";"12";"10";"2019";"11:40";"1";"25";"25462";"2";"1";"1";"7";"LIBERATION DE LA (DU 22 A LA FIN)";"46,9118400";"6,3405300"
"201900020781";"11";"10";"2019";"07:55";"5";"22";"22113";"2";"1";"2";"3";"CORDIERS (RUE DES)";"48,7316600";" -3,4444600"
"201900020782";"12";"10";"2019";"17:05";"1";"17";"17300";"2";"1";"1";"2";"ROBINET   AVENUE LEOPOLD";"46,1663500";" -1,1368000"
"201900020783";"13";"10";"2019";"00:00";"5";"13";"13208";"2";"1";"1";"2";"SCHLOESING (BOULEVARD)";"43,2771084";"5,3990942"
"201900020784";"12";"10";"2019";"21:40";"5";"13";"13210";"2";"6";"1";"4";"FLORIAN ( ROND POINT)";"43,2850600";"5,4252200"
"201900020785";"12";"10";"2019";"18:45";"4";"13";"13215";"2";"1";"1";"1";"GAFFAREL (RUE)";"43,3492910";"5,3594460"
"201900020786";"12";"10";"2019";"17:30";"1";"13";"13209";"2";"1";"1";"3";"MORGIOU (chemin de )";"43,2357700";"5,4104910"
"201900020787";"12";"10";"2019";"15:43";"1";"13";"13201";"2";"1";"1";"6";"PARADIS (RUE)       1 A 47";"43,2929800";"5,3770300"
"201900020788";"12";"10";"2019";"15:36";"1";"13";"13207";"2";"1";"1";"6";"CHARLES LIVON (BOULEVARD)";"43,2922554";"5,3632432"
"201900020789";"12";"10";"2019";"12:50";"1";"13";"13213";"2";"1";"1";"1";"PALAMA (CHEMIN DE)";"43,3679100";"5,4421400"
"201900020790";"12";"10";"2019";"10:30";"1";"13";"13213";"2";"3";"1";"6";"CHUTES LAVIE (BOULEVARD)";"43,3158080";"5,3988930"
"201900020791";"12";"10";"2019";"10:00";"1";"13";"13215";"2";"1";"1";"6";"AVENUE DU VALLON D'OL";"43,3853000";"5,3630260"
"201900020792";"12";"10";"2019";"09:50";"1";"13";"13204";"2";"1";"1";"7";"CASSINI (BOULEVARD)";"43,3065601";"5,3949684"
"201900020793";"11";"10";"2019";"21:20";"5";"13";"13210";"2";"1";"1";"6";"VERDILLON (RUE)";"43,2758700";"5,4229100"
"201900020794";"13";"10";"2019";"00:25";"3";"13";"13063";"1";"1";"1";"7";"CALAMEAU CHEMIN DE";"43,5840830";"4,9928430"
"201900020795";"12";"10";"2019";"12:40";"1";"13";"13047";"1";"1";"1";"6";"RD 569";"43,5645900";"4,9845600"
"201900020796";"7";"10";"2019";"19:30";"3";"13";"13047";"1";"1";"1";"7";"RD 569";"43,5684200";"4,9871800"
"201900020797";"12";"10";"2019";"23:20";"3";"6";"06069";"2";"1";"1";"7";"Route de PLASCASSIER";"43,6535300";"6,9468600"
"201900020798";"12";"10";"2019";"08:40";"1";"1";"01289";"1";"2";"1";"3";"LENT (ROUTE DE)";"46,1648800";"5,2206800"
"201900020799";"11";"10";"2019";"09:00";"1";"75";"75114";"2";"4";"1";"3";"BD PERIPHERIQUE INTERIEUR ";"48,8209600";"2,3215676"
"201900020800";"11";"10";"2019";"20:25";"5";"75";"75114";"2";"1";"1";"7";"BD PERIPHERIQUE INTERIEUR";"48,8194041";"2,3287888"
"201900020801";"12";"10";"2019";"00:48";"5";"75";"75106";"2";"2";"1";"6";"RUE BONAPARTE";"48,8544790";"2,3336496"
"201900020802";"12";"10";"2019";"20:30";"5";"75";"75120";"2";"1";"1";"3";"AVENUE GAMBETTA";"48,8634768";"2,3898371"
"201900020803";"12";"10";"2019";"18:40";"1";"75";"75118";"2";"5";"1";"3";"BOULEVARD DE CLICHY";"48,8846276";"2,3296470"
"201900020804";"11";"10";"2019";"13:40";"1";"75";"75118";"2";"4";"1";"2";"ECHANGEUR AUBERVILLIERS";"48,9009061";"2,3669100"
"201900020805";"12";"10";"2019";"03:45";"5";"75";"75117";"2";"2";"1";"3";"RUE BROCHANT";"48,8889385";"2,3179473"
"201900020806";"9";"10";"2019";"22:45";"5";"75";"75115";"2";"2";"1";"3";"RUE DE LA CONVENTION";"48,8460829";"2,2769410"
"201900020807";"12";"10";"2019";"18:05";"1";"75";"75112";"2";"1";"1";"3";"PONT D AUSTERLITZ";"48,8450718";"2,3663880"
"201900020808";"12";"10";"2019";"02:30";"5";"75";"75105";"2";"4";"1";"2";"BOULEVARD SAINT MARCEL";"48,8399839";"2,3617504"
"201900020809";"12";"10";"2019";"16:25";"1";"75";"75111";"2";"3";"1";"3";"BOULEVARD VOLTAIRE";"48,8506220";"2,3921578"
"201900020810";"11";"10";"2019";"23:00";"5";"75";"75102";"2";"3";"1";"3";"BOULEVARD DE BONNE NOUVELLE";"48,8704443";"2,3491157"
"201900020811";"12";"10";"2019";"19:05";"5";"94";"94067";"2";"1";"1";"1";"GALLIENI (AV)";"48,8468287";"2,4165089"
"201900020812";"11";"10";"2019";"21:35";"5";"94";"94074";"2";"1";"1";"3";"HENRI BARBUSSE (AV)";"48,7645400";"2,4417400"
"201900020813";"12";"10";"2019";"09:25";"1";"94";"94068";"2";"2";"1";"3";"FOCH (AV)";"48,7994000";"2,4989800"
"201900020814";"12";"10";"2019";"14:10";"1";"93";"93078";"2";"1";"1";"6";"KENNEDY (BOULEVARD DU PRESIDENT)";"48,9574600";"2,5425900"
"201900020815";"11";"10";"2019";"23:15";"3";"93";"93051";"2";"1";"1";"6";"RU DE NESLE (BOULEVARD)";"48,8372090";"2,5823670"
"201900020816";"13";"10";"2019";"22:35";"5";"93";"93046";"2";"9";"1";"6";"ROGER SALENGRO BOULEVARD";"48,9130812";"2,5299150"
"201900020817";"12";"10";"2019";"11:30";"1";"93";"93046";"2";"1";"1";"6";"SAINT CLAUDE RUE";"48,9212420";"2,5447700"
"201900020818";"12";"10";"2019";"13:10";"1";"93";"93031";"2";"1";"1";"5";"MARNE (AVENUE DE LA)";"48,9578900";"2,3256000"
"201900020819";"12";"10";"2019";"12:15";"1";"92";"92078";"2";"1";"1";"6";"GALLIENI (BD) (109 A 141)";"48,9292510";"2,3317680"
"201900020820";"10";"10";"2019";"17:00";"1";"92";"92050";"2";"9";"1";"3";"FRACHON BENOIT AVENUE";"48,8960730";"2,1948320"
"201900020821";"12";"10";"2019";"12:20";"1";"92";"92062";"2";"1";"1";"7";"PERRONET NORD ET SUD";"48,8918600";"2,2392700"
"201900020822";"13";"10";"2019";"14:42";"1";"47";"47133";"1";"1";"1";"6";"lieu-dit Lapeyre";"44,0643340";"0,5135690"
"201900020823";"23";"8";"2019";"09:50";"1";"91";"91649";"1";"6";"1";"2";"D31";"48,5467130";"2,3486720"
"201900020824";"12";"10";"2019";"19:30";"5";"84";"84142";"2";"1";"1";"6";"Chemin des Gypières";"43,9587830";"5,0381640"
"201900020825";"10";"10";"2019";"15:00";"1";"68";"68112";"2";"2";"2";"3";"20 Rue de Lucerne";"47,9066380";"7,2088260"
"201900020826";"13";"10";"2019";"03:20";"3";"40";"40296";"1";"1";"1";"1";"D89";"43,7039430";" -1,4109960"
"201900020827";"13";"10";"2019";"22:15";"3";"988";"98810";"1";"1";"1";"7";"R.M.11";" -20,5835050";"164,5239470"
"201900020828";"13";"10";"2019";"17:00";"1";"81";"81295";"1";"1";"1";"6";"RD 81";"43,8204150";"2,3490290"
"201900020829";"7";"10";"2019";"22:25";"5";"972";"97227";"2";"1";"1";"1";"2 Rue de Gros Raisins";"14,4663980";" -60,9271470"
"201900020830";"13";"10";"2019";"17:30";"1";"1";"01419";"1";"1";"1";"1";"Chemin du Dard";"46,2242220";"5,9888080"
"201900020831";"13";"10";"2019";"00:05";"3";"22";"22337";"1";"1";"1";"7";"RN12. Pengly";"48,3531628";" -2,2995639"
"201900020832";"13";"10";"2019";"14:50";"1";"14";"14061";"1";"2";"2";"3";"La Vautelière (Saint-Pierre-Tarentaine)";"48,9553830";" -0,7928310"
"201900020833";"11";"10";"2019";"15:00";"1";"14";"14188";"1";"2";"1";"3";"D675";"49,0520180";" -0,7253620"
"201900020834";"13";"10";"2019";"14:55";"1";"54";"54112";"1";"1";"1";"7";"RD952 PK 60+800";"49,0386340";"5,9040540"
"201900020835";"13";"10";"2019";"16:25";"1";"62";"62594";"1";"1";"1";"1";"RD 36";"50,1577140";"2,8442480"
"201900020836";"13";"10";"2019";"14:40";"1";"83";"83116";"1";"1";"1";"6";"4459 Route de Marseille";"43,4169670";"5,8302880"
"201900020837";"13";"10";"2019";"15:00";"1";"74";"74258";"1";"1";"1";"7";"Route du Col de Joux Plane";"46,1260070";"6,7109570"
"201900020838";"13";"10";"2019";"17:00";"1";"74";"74234";"1";"1";"1";"1";"RD12";"45,7894620";"6,3170690"
"201900020839";"13";"10";"2019";"05:34";"3";"76";"76201";"1";"6";"1";"7";"N31";"49,4553260";"1,3905280"
"201900020840";"12";"10";"2019";"06:54";"2";"32";"32393";"1";"1";"1";"6";"N21";"43,4755760";"0,3327500"
"201900020841";"11";"10";"2019";"15:55";"1";"32";"32252";"2";"1";"1";"6";"Rue des Arrats";"43,4246810";"0,3155790"
"201900020842";"13";"10";"2019";"16:00";"1";"89";"89318";"1";"1";"1";"7";"Champlois D10";"47,3621917";"4,0046656"
"201900020843";"12";"10";"2019";"20:45";"3";"55";"55062";"1";"1";"1";"6";"D958";"48,8359310";"5,7257570"
"201900020844";"13";"10";"2019";"08:00";"1";"47";"47318";"1";"1";"1";"6";"Petit Naudet";"44,2218880";"0,3253850"
"201900020845";"12";"10";"2019";"14:40";"1";"31";"31070";"1";"1";"1";"7";"Chemin des Landes";"43,2658880";"0,6430880"
"201900020846";"13";"10";"2019";"16:10";"1";"1";"01010";"1";"1";"1";"6";"D 120";"45,8957960";"5,7832170"
"201900020847";"13";"10";"2019";"14:00";"1";"85";"85034";"1";"1";"1";"6";"A83";"46,6630800";" -1,1570300"
"201900020848";"13";"10";"2019";"11:30";"1";"58";"58238";"2";"1";"1";"7";"Route de Bourgogne";"46,9747040";"3,2188770"
"201900020849";"12";"10";"2019";"16:15";"1";"54";"54390";"1";"1";"8";"6";"D34 - PR 2+400";"48,9071800";"6,0817090"
"201900020850";"13";"10";"2019";"01:41";"3";"14";"14595";"1";"1";"1";"7";"D64";"49,0907380";"0,2252400"
"201900020851";"13";"10";"2019";"13:10";"1";"50";"50354";"1";"1";"2";"1";"Le Haut de Montsurvent";"49,1083750";" -1,4914350"
"201900020852";"11";"10";"2019";"14:20";"1";"27";"27116";"2";"7";"1";"6";"Place Fremont des Essarts";"49,1948250";"0,7202610"
"201900020853";"11";"10";"2019";"18:20";"2";"37";"37270";"1";"1";"1";"6";"29 Route de la Frillière";"47,3944850";"0,8381930"
"201900020854";"13";"10";"2019";"18:20";"1";"52";"52124";"2";"4";"1";"6";"place de la mairie";"47,8762440";"5,6492180"
"201900020855";"13";"10";"2019";"08:24";"1";"973";"97307";"1";"1";"1";"1";"RN1";"4,8951930";" -52,3565930"
"201900020856";"12";"10";"2019";"09:40";"1";"973";"97307";"2";"1";"2";"5";"97 Rue Parcouri";"4,8489140";" -52,3322582"
"201900020857";"13";"10";"2019";"18:20";"2";"80";"80261";"1";"1";"2";"7";"Autoroute 29 80480 DURY";"49,8455080";"2,2692360"
"201900020858";"12";"10";"2019";"22:00";"3";"976";"97617";"2";"1";"1";"3";"Combani";" -12,7883480";"45,1363660"
"201900020859";"13";"10";"2019";"04:30";"3";"95";"95250";"2";"1";"1";"6";"80 Grande Rue";"49,0969640";"2,4797410"
"201900020860";"12";"10";"2019";"21:30";"3";"13";"13118";"1";"1";"1";"6";"Autoroute A8 - PK 001.600 - sensNice/Lyon";"43,5526530";"5,2492640"
"201900020861";"13";"10";"2019";"12:45";"1";"988";"98811";"1";"1";"1";"7";"RPN 2 tribu de Baco.PK 6";" -21,0459450";"164,9138670"
"201900020862";"13";"10";"2019";"10:00";"1";"988";"98829";"2";"3";"1";"6";"Route de Thio";" -21,6193000";"166,2198000"
"201900020863";"13";"10";"2019";"02:20";"5";"971";"97126";"1";"1";"1";"6";"Saint-Louis";"15,9535700";" -61,3142280"
"201900020864";"13";"10";"2019";"11:00";"1";"33";"33199";"1";"1";"1";"4";"RD 652  - PK 10+840";"44,5449370";" -1,0836860"
"201900020865";"11";"10";"2019";"12:45";"1";"91";"91330";"1";"1";"1";"1";"D449";"48,5327410";"2,2868570"
"201900020866";"13";"10";"2019";"12:45";"1";"83";"83138";"1";"1";"1";"7";"Route de Bagnols en Forêt";"43,5905520";"6,7324390"
"201900020867";"12";"10";"2019";"22:30";"3";"88";"88241";"2";"1";"1";"7";"D166";"48,2920910";"5,9016850"
"201900020868";"13";"10";"2019";"07:50";"2";"38";"38484";"1";"1";"1";"6";"Route de Septème";"45,5528900";"4,9415300"
"201900020869";"13";"10";"2019";"15:46";"1";"38";"38412";"2";"1";"1";"1";"Avenue Victor Hugo";"45,3873200";"5,7334200"
"201900020870";"12";"10";"2019";"19:15";"2";"69";"69110";"1";"1";"1";"6";"D71";"45,5849100";"4,4892700"
"201900020871";"12";"10";"2019";"15:43";"1";"17";"17462";"2";"2";"1";"3";"Gros Bonnet";"45,7794220";" -0,5484810"
"201900020872";"13";"10";"2019";"08:35";"1";"33";"33018";"1";"1";"1";"6";"Avenue de la République (Salignac, Val-de-Virvée)";"45,0152000";" -0,3709200"
"201900020873";"12";"10";"2019";"23:30";"3";"35";"35257";"1";"1";"1";"1";"36 La Boulangerie";"48,4024990";" -1,3370780"
"201900020874";"12";"10";"2019";"14:20";"1";"80";"80002";"1";"1";"1";"6";"A1";"49,8380720";"2,8301240"
"201900020875";"26";"9";"2019";"07:45";"1";"62";"62318";"2";"1";"2";"6";"Route de Boulogne";"50,5176200";"1,6426520"
"201900020876";"11";"10";"2019";"20:00";"3";"13";"13106";"1";"1";"1";"2";"A51-Sens Marseille vers Aix en Provence";"43,4008595";"5,3548302"
"201900020877";"11";"10";"2019";"08:50";"1";"13";"13056";"1";"1";"1";"2";"A55-Sens Martigues vers Marseille";"43,4034377";"5,0413652"
"201900020878";"11";"10";"2019";"07:40";"2";"13";"13071";"1";"1";"1";"4";"A7-Sens Marseille vers Lyon";"43,4083900";"5,2875300"
"201900020879";"8";"10";"2019";"20:30";"3";"13";"13215";"1";"1";"1";"5";"A7-Sens Lyon vers Marseille";"43,3600015";"5,3618830"
"201900020880";"12";"10";"2019";"13:00";"1";"91";"91589";"1";"1";"1";"2";"AUTOROUTE A6";"48,6732570";"2,3433550"
"201900020881";"12";"10";"2019";"12:10";"1";"91";"91589";"1";"1";"1";"5";"AUTOROUTE A6";"48,6717000";"2,3457000"
"201900020882";"11";"10";"2019";"18:30";"1";"91";"91689";"1";"1";"1";"2";"AUTOROUTE A6";"48,7331600";"2,3158300"
"201900020883";"11";"10";"2019";"10:15";"1";"91";"91521";"1";"9";"1";"5";"AUTOROUTE A6";"48,6409000";"2,3936000"
"201900020884";"12";"10";"2019";"15:50";"1";"93";"93064";"1";"1";"1";"2";"AUTOROUTE A103";"48,8830500";"2,4918900"
"201900020885";"11";"10";"2019";"17:25";"1";"93";"93008";"1";"1";"1";"5";"AUTOROUTE A86";"48,9086300";"2,4495100"
"201900020886";"12";"10";"2019";"12:03";"1";"95";"95678";"1";"1";"1";"5";"RN 184";"49,0729500";"2,2290500"
"201900020887";"12";"10";"2019";"08:00";"1";"95";"95572";"1";"1";"1";"2";"AUTOROUTE A15";"49,0321300";"2,1138300"
"201900020888";"12";"10";"2019";"18:05";"1";"94";"94069";"1";"1";"1";"2";"A4";"48,8169339";"2,4445438"
"201900020889";"12";"10";"2019";"17:05";"1";"94";"94042";"1";"1";"1";"4";"A4";"48,8267100";"2,4667300"
"201900020890";"12";"10";"2019";"04:55";"5";"94";"94046";"1";"1";"1";"2";"A86 EXT";"48,8049400";"2,4488000"
"201900020891";"10";"10";"2019";"17:50";"1";"94";"94018";"1";"1";"1";"4";"A4";"48,8243000";"2,3943000"
"201900020892";"10";"10";"2019";"20:06";"3";"13";"13211";"1";"1";"1";"6";"Sens Aubagne vers Marseille";"43,2946100";"5,4665900"
"201900020893";"10";"10";"2019";"16:30";"1";"75";"75118";"2";"1";"1";"3";"BD PERIPHERIQUE INTERIEUR";"48,9008150";"2,3399170"
"201900020894";"11";"10";"2019";"22:45";"5";"75";"75106";"2";"5";"1";"3";"BOULEVARD DU MONTPARNASSE";"48,8419452";"2,3297197"
"201900020895";"10";"10";"2019";"11:20";"1";"75";"75105";"2";"1";"1";"3";"BOULEVARD SAINT GERMAIN";"48,8504880";"2,3469280"