"Num_Acc";"jour";"mois";"an";"hrmn";"lum";"dep";"com";"agg";"int";"atm";"col";"adr";"lat";"long"
"201900020896";"10";"10";"2019";"07:50";"1";"75";"75106";"2";"3";"1";"3";"RUE DE VAUGIRARD";"48,8486248";"2,3325455"
"201900020897";"11";"10";"2019";"16:00";"1";"75";"75120";"2";"3";"1";"6";"RUE DE MENILMONTANT";"48,8686482";"2,3895745"
"201900020898";"11";"10";"2019";"16:45";"1";"75";"75117";"2";"4";"1";"3";"AVENUE DE CLICHY";"48,8875200";"2,3255830"
"201900020899";"10";"10";"2019";"21:40";"5";"75";"75116";"2";"2";"1";"6";"AVENUE DE MALAKOFF";"48,8731906";"2,2844436"
"201900020900";"10";"10";"2019";"08:45";"1";"75";"75116";"2";"5";"8";"6";"CHAUSSEE LA MUETTE";"48,8581764";"2,2743441"
"201900020901";"11";"10";"2019";"20:25";"5";"75";"75115";"2";"1";"1";"7";"QUAI ANDRE CITROEN";"48,8403717";"2,2711114"
"201900020902";"10";"10";"2019";"21:00";"5";"75";"75115";"2";"4";"1";"3";"RUE DE LA CONVENTION";"48,8390700";"2,2923560"
"201900020903";"11";"10";"2019";"19:00";"1";"75";"75114";"2";"1";"1";"3";"RUE JEAN ZAY";"48,8375520";"2,3214480"
"201900020904";"10";"10";"2019";"23:25";"5";"75";"75113";"2";"1";"1";"2";"AVENUE D ITALIE";"48,8248748";"2,3576709"
"201900020905";"11";"10";"2019";"16:00";"1";"75";"75108";"2";"2";"1";"3";"RUE DU FAUBOURG SAINT HONORE";"48,8730810";"2,3100200"
"201900020906";"11";"10";"2019";"08:50";"1";"75";"75108";"2";"1";"1";"6";"RUE LA BOETIE";"48,8722858";"2,3093919"
"201900020907";"11";"10";"2019";"11:35";"1";"75";"75101";"2";"2";"1";"3";"RUE DU PONT NEUF";"48,8598770";"2,3440170"
"201900020908";"11";"10";"2019";"00:15";"5";"75";"75104";"2";"7";"1";"3";"PLACE DE LA BASTILLE";"48,8532541";"2,3686098"
"201900020909";"11";"10";"2019";"15:00";"1";"75";"75101";"2";"3";"1";"3";"RUE DE RICHELIEU";"48,8655380";"2,3367830"
"201900020910";"11";"10";"2019";"17:34";"1";"94";"94081";"2";"2";"7";"3";"JULES GUESDE (QU)";"48,7947600";"2,4178800"
"201900020911";"11";"10";"2019";"05:25";"5";"94";"94078";"2";"9";"1";"2";"PARIS (rue de )";"48,7403266";"2,4464603"
"201900020912";"11";"10";"2019";"12:00";"1";"94";"94068";"2";"2";"1";"3";"AUGUSTE MARIN (AV)";"48,8098907";"2,4727643"
"201900020913";"11";"10";"2019";"09:20";"1";"94";"94052";"2";"1";"1";"1";"STRASBOURG (BD DE)";"48,8401000";"2,4812000"
"201900020914";"11";"10";"2019";"15:10";"1";"94";"94046";"2";"1";"1";"7";"GEORGES GAUME (R)";"48,8018000";"2,4402000"
"201900020915";"10";"10";"2019";"15:20";"1";"94";"94046";"2";"1";"1";"1";"GAMBETTA (AV)";"48,8102000";"2,4343000"
"201900020916";"16";"9";"2019";"09:15";"1";"94";"94041";"2";"1";"1";"5";"PENICHES (R DES)";"48,8172130";"2,4027770"
"201900020917";"10";"10";"2019";"12:32";"1";"94";"94041";"2";"2";"1";"1";"MICHELET (R)";"48,8095300";"2,3803400"
"201900020918";"11";"10";"2019";"11:45";"1";"94";"94065";"2";"1";"1";"2";"RN 186";"48,7545572";"2,3484993"
"201900020919";"11";"10";"2019";"12:05";"1";"94";"94033";"2";"2";"1";"6";"25 AOUT 1944 (BD DU)";"48,8473500";"2,4787300"
"201900020920";"11";"10";"2019";"18:00";"1";"94";"94017";"2";"1";"1";"2";"BOIS L ABBE (R DU)";"48,8100000";"2,5400000"
"201900020921";"11";"10";"2019";"07:53";"2";"94";"94075";"2";"3";"1";"3";"MARECHAL DE LATTRE DE TASSIGNY (AV)";"48,7342600";"2,5204000"
"201900020922";"10";"10";"2019";"10:00";"1";"93";"93066";"2";"1";"1";"2";"POULBOT FRANCISQUE";"48,9181800";"2,3448000"
"201900020923";"11";"10";"2019";"23:00";"5";"93";"93053";"1";"1";"1";"3";"BREMENT (RUE DE) 1 A 83 - 2 A 78";"48,8885276";"2,4562771"
"201900020924";"9";"10";"2019";"19:40";"2";"93";"93053";"2";"1";"8";"2";"PARIS (RUE DE)";"48,9002951";"2,4517284"
"201900020925";"11";"10";"2019";"21:20";"5";"93";"93050";"2";"1";"1";"2";"PAUL VAILLANT COUTURIER (RUE)";"48,8700000";"2,5500000"
"201900020926";"11";"10";"2019";"17:05";"1";"93";"93048";"2";"1";"1";"3";"JULES GUESDE (RUE)";"48,8626800";"2,4805600"
"201900020927";"11";"10";"2019";"13:22";"1";"93";"93074";"2";"9";"1";"3";"MEAUX RUE DE";"48,9364300";"2,5828400"
"201900020928";"11";"10";"2019";"12:50";"1";"93";"93029";"2";"2";"1";"5";"FOUQUET";"48,9190000";"2,4352000"
"201900020929";"10";"10";"2019";"15:00";"1";"92";"92050";"2";"1";"1";"6";"NEUILLY RUE DE";"48,8869400";"2,2085700"
"201900020930";"11";"10";"2019";"12:40";"1";"92";"92024";"2";"1";"1";"6";"LEON BLUM (RUE)";"48,9082900";"2,3044500"
"201900020931";"11";"10";"2019";"09:30";"1";"92";"92025";"2";"2";"1";"1";"DEBARCADERE (RUE DU)";"48,9077940";"2,2319720"
"201900020932";"11";"10";"2019";"08:31";"1";"92";"92007";"2";"1";"1";"3";"PERI (AVENUE GABRIEL)";"48,7970700";"2,3041400"
"201900020933";"10";"10";"2019";"22:40";"5";"92";"92004";"2";"1";"1";"3";"PIERRE DE COUBERTIN  ( BD )";"48,9293237";"2,2845508"
"201900020934";"10";"10";"2019";"14:30";"1";"92";"92004";"2";"1";"1";"3";"ARGENTEUIL AV D'";"48,9100729";"2,2860891"
"201900020935";"12";"10";"2019";"18:25";"1";"62";"62308";"1";"1";"2";"5";"rn 42";"50,7268890";"1,9143400"
"201900020936";"11";"10";"2019";"05:15";"3";"25";"25032";"1";"1";"1";"2";"A36 PK 090+000";"47,3744820";"6,3870830"
"201900020937";"11";"10";"2019";"16:00";"1";"42";"42145";"1";"6";"1";"6";"D504";"46,0336350";"4,2435220"
"201900020938";"12";"10";"2019";"09:10";"1";"10";"10067";"1";"1";"1";"1";"rd671";"48,2283670";"4,1301830"
"201900020939";"11";"10";"2019";"13:15";"1";"1";"01419";"2";"1";"1";"6";"Chemin de Pré Jacquet";"46,2293880";"5,9964690"
"201900020940";"12";"10";"2019";"11:37";"1";"87";"87119";"1";"1";"1";"7";"A 20 - PK 202+200";"45,6948050";"1,3656980"
"201900020941";"3";"10";"2019";"17:47";"1";"973";"97311";"1";"1";"1";"1";"Pont de la crique blanche - D9";"5,4983952";" -53,9711738"
"201900020942";"12";"10";"2019";"17:35";"1";"85";"85109";"1";"2";"7";"1";"La Richetière";"46,8439200";" -1,0760400"
"201900020943";"11";"10";"2019";"23:40";"3";"48";"48009";"1";"1";"1";"2";"A75";"44,7033270";"3,2790840"
"201900020944";"8";"10";"2019";"15:40";"1";"23";"23232";"1";"1";"1";"7";"D 34";"45,9013290";"1,8871640"
"201900020945";"12";"10";"2019";"17:25";"1";"62";"62418";"2";"1";"1";"3";"2 rue d'Avesnes- D 68";"50,2741400";"2,5692700"
"201900020946";"11";"10";"2019";"17:30";"1";"34";"34169";"2";"4";"1";"5";"route de Mende";"43,6679259";"3,8678312"
"201900020947";"12";"10";"2019";"11:45";"1";"24";"24029";"1";"1";"1";"6";"Autoroute A89";"45,0089750";"0,2950010"
"201900020948";"11";"10";"2019";"18:00";"1";"74";"74043";"2";"1";"7";"3";"Avenue du Leman";"46,2667230";"6,3757450"
"201900020949";"7";"10";"2019";"19:00";"2";"19";"19011";"2";"1";"1";"6";"54 Avenue du Midi";"45,3928040";"1,3757090"
"201900020950";"12";"10";"2019";"13:45";"1";"19";"19231";"1";"1";"1";"7";"route du bos redon";"45,2759120";"1,9914270"
"201900020951";"14";"9";"2019";"23:35";"5";"74";"74002";"1";"1";"1";"7";"Route des Asnieres";"45,8196930";"6,0318100"
"201900020952";"11";"10";"2019";"20:50";"3";"77";"77212";"1";"1";"1";"5";"Route départementale 411 PK 22 +300";"48,3888400";"3,1313700"
"201900020953";"12";"10";"2019";"00:00";"3";"2B";"2B150";"2";"1";"1";"6";"RT30 lieu dit U Bagnu";"42,5811040";"8,8207270"
"201900020954";"12";"10";"2019";"13:00";"1";"82";"82102";"1";"1";"1";"7";"D3";"44,0107760";"0,8721060"
"201900020955";"11";"10";"2019";"16:40";"1";"82";"82125";"1";"1";"7";"1";"Avenue de Montauban";"43,9677040";"1,2625510"
"201900020956";"12";"10";"2019";"15:50";"1";"32";"32388";"1";"1";"1";"6";"cardayré";"43,6650820";"0,8561960"
"201900020957";"11";"10";"2019";"13:00";"1";"61";"61151";"2";"1";"1";"7";"D278";"48,7186080";"0,5798570"
"201900020958";"12";"10";"2019";"08:00";"1";"49";"49307";"1";"1";"1";"1";"D952";"47,4169290";" -0,3658390"
"201900020959";"12";"10";"2019";"14:40";"1";"42";"42262";"1";"1";"6";"7";"CD 3";"45,4038880";"4,1445380"
"201900020960";"11";"10";"2019";"07:05";"2";"41";"41232";"1";"1";"1";"3";"RD 2020, PK 33 615";"47,3711420";"2,0556720"
"201900020961";"11";"10";"2019";"18:45";"2";"68";"68128";"1";"1";"1";"1";"RD432";"47,5635010";"7,2392360"
"201900020962";"2";"10";"2019";"09:45";"1";"29";"29221";"2";"4";"1";"3";"Route de Melon";"48,4996257";" -4,7641466"
"201900020963";"12";"10";"2019";"14:50";"1";"31";"31232";"2";"3";"1";"3";"Chemin de Montagne";"43,7615900";"1,2970980"
"201900020964";"12";"10";"2019";"14:50";"1";"38";"38022";"1";"1";"1";"6";"167 Chemin du Perraud (Les Avenières)";"45,6494950";"5,5601380"
"201900020965";"18";"9";"2019";"10:50";"1";"15";"15192";"1";"1";"1";"6";"Cresponnet";"45,0584220";"2,7198300"
"201900020966";"12";"10";"2019";"06:15";"3";"15";"15140";"1";"1";"2";"6";"Route Impériale";"44,9481840";"2,4279090"
"201900020967";"12";"10";"2019";"14:45";"1";"1";"01310";"1";"1";"1";"6";"d10";"45,6998714";"5,6494296"
"201900020968";"12";"10";"2019";"12:00";"1";"58";"58037";"1";"1";"2";"7";"la chaume";"47,2866431";"3,8941652"
"201900020969";"11";"10";"2019";"20:10";"3";"72";"72205";"1";"1";"1";"7";"D38";"48,1561300";"0,1999860"
"201900020970";"11";"10";"2019";"17:15";"1";"90";"90071";"2";"1";"1";"1";"Rue Georges Helminger";"47,6124170";"6,9902040"
"201900020971";"8";"9";"2019";"02:15";"3";"49";"49099";"1";"3";"1";"6";"SAINT ANTOINE (RUE DE )";"47,0491300";" -0,9135300"
"201900020972";"7";"9";"2019";"01:45";"5";"49";"49007";"2";"1";"1";"3";"DUNANT BOULEVARD";"47,4855400";" -0,5333200"
"201900020973";"10";"9";"2019";"18:30";"1";"45";"45234";"2";"9";"1";"1";"QUAI DU FORT ALLEAUME";"47,8981500";"1,9143500"
"201900020974";"9";"9";"2019";"03:45";"5";"45";"45004";"2";"3";"1";"3";"R DE COULEUVREUX - D906026 PK4+270";"47,9839974";"2,7694430"
"201900020975";"9";"9";"2019";"15:25";"1";"44";"44184";"1";"1";"1";"2";"RD 492 DU RP OCÉANIS AU RP EINSTEIN";"47,2580400";" -2,2669500"
"201900020976";"10";"9";"2019";"11:15";"1";"44";"44143";"2";"1";"1";"6";"AVENUE LOUISE MICHEL";"47,1881890";" -1,5492570"
"201900020977";"10";"9";"2019";"17:45";"1";"37";"37208";"2";"1";"1";"2";"JOLIOT CURIE (RUE FREDERIC)";"47,3465500";"0,7324000"
"201900020978";"10";"9";"2019";"09:28";"1";"37";"37261";"2";"1";"1";"2";"TRANCHEE (AVENUE DE LA)";"47,4071404";"0,6818499"
"201900020979";"10";"9";"2019";"19:00";"1";"35";"35051";"1";"6";"1";"2";"LONGCHAMPS (PORTE DES)";"48,1402000";" -1,6281800"
"201900020980";"10";"9";"2019";"16:10";"1";"35";"35238";"2";"4";"1";"6";"CHATEAUGIRON (DE)";"48,1017600";" -1,6599300"
"201900020981";"9";"9";"2019";"12:20";"1";"33";"33318";"2";"2";"1";"3";"AVE DU HAUT LEVEQUE";"44,7962600";" -0,6610300"
"201900020982";"9";"9";"2019";"12:00";"1";"33";"33550";"2";"2";"1";"2";"BRETELLE SORTIE ROCADE N°18";"44,7787100";" -0,5660500"
"201900020983";"9";"9";"2019";"08:10";"1";"33";"33013";"2";"1";"1";"3";"AVE DE VIRECOURT";"44,8539900";" -0,5009200"
"201900020984";"10";"9";"2019";"09:55";"1";"31";"31555";"1";"1";"1";"3";"VA007331 A620";"43,5699900";"1,4777700"
"201900020985";"8";"9";"2019";"11:30";"1";"31";"31555";"2";"3";"1";"3";"PONT DES MINIMES";"43,6159700";"1,4372300"
"201900020986";"10";"9";"2019";"08:59";"1";"29";"29019";"2";"3";"1";"3";"BEREST EUGENE";"48,3951900";" -4,4340100"
"201900020987";"9";"9";"2019";"11:50";"1";"22";"22215";"2";"3";"1";"3";"GRANDE METAIRIE (RUE DE LA)";"48,4915600";" -2,8043200"
"201900020988";"9";"9";"2019";"19:35";"1";"19";"19031";"2";"1";"1";"3";"ALSACE LORRAINE (AVENUE) A PARTIR DE N°";"45,1559000";"1,5367900"
"201900020989";"9";"9";"2019";"18:05";"1";"19";"19031";"2";"1";"1";"2";"ALVITRE (AVENUE ABBE)";"45,1536000";"1,5095000"
"201900020990";"9";"9";"2019";"14:20";"1";"19";"19031";"2";"3";"1";"3";"BRUNE (BOULEVARD)";"45,1531574";"1,5343732"
"201900020991";"10";"9";"2019";"12:25";"1";"17";"17300";"2";"1";"1";"2";"JERICHO   RUE DE";"46,1669100";" -1,1643600"
"201900020992";"10";"9";"2019";"09:55";"1";"14";"14118";"2";"1";"1";"7";"MONTOIR POISSONNERIE ( RUE )";"49,1845500";" -0,3607500"
"201900020993";"10";"9";"2019";"21:15";"5";"13";"13212";"2";"1";"1";"1";"LA MARTINE (TRAVERSE)";"43,3001300";"5,4687600"
"201900020994";"10";"9";"2019";"21:30";"5";"13";"13210";"2";"1";"8";"6";"JEAN MOULIN (BOULEVARD)";"43,2862700";"5,3992400"
"201900020995";"10";"9";"2019";"08:10";"2";"13";"13212";"2";"3";"3";"3";"OURDISSEUSE (CHEMIN)";"43,3138230";"5,4268340"
"201900020996";"6";"9";"2019";"19:00";"1";"13";"13213";"2";"1";"1";"1";"OLIVES (AVENUE DES)";"43,3263960";"5,4386630"
"201900020997";"9";"9";"2019";"12:00";"1";"13";"13201";"2";"1";"1";"3";"LIEUTAUD (COURS)      2 A 52";"43,2940300";"5,3822700"
"201900020998";"8";"9";"2019";"21:30";"5";"11";"11262";"2";"3";"1";"3";"CARNOT (AVENUE)";"43,1962200";"3,0123000"
"201900020999";"10";"9";"2019";"10:30";"1";"10";"10081";"2";"1";"1";"6";"BERNARD PALISSY (RUE)";"48,3091400";"4,0378200"
"201900021000";"10";"9";"2019";"19:40";"2";"6";"06088";"1";"1";"8";"3";"CANTA GALET (RTE DE)";"43,7035110";"7,2214610"
"201900021001";"10";"9";"2019";"13:30";"1";"6";"06069";"2";"1";"3";"3";"PASTEUR (BOULEVARD)";"43,6663600";"6,9019100"
"201900021002";"10";"9";"2019";"05:25";"5";"6";"06069";"2";"1";"1";"7";"PASTEUR (BOULEVARD)";"43,6664450";"6,9018050"
"201900021003";"10";"9";"2019";"09:55";"1";"6";"06030";"2";"1";"3";"6";"ROOSEVELT (AVENUE FRANKLIN)CANNET";"43,5745320";"6,9991330"
"201900021004";"10";"9";"2019";"10:20";"1";"6";"06027";"2";"2";"3";"6";"NICE AVENUE DE (RN7)";"43,6588810";"7,1627490"
"201900021005";"6";"6";"2019";"12:10";"1";"3";"03013";"2";"6";"1";"3";"route de Paris";"46,5871671";"3,3156939"
"201900021006";"8";"9";"2019";"11:25";"1";"3";"03185";"1";"1";"1";"2";"route de Moulins";"46,3372920";"2,6339533"
"201900021007";"9";"9";"2019";"17:50";"1";"75";"75118";"2";"1";"1";"4";"BD PERIPHERIQUE INTERIEUR";"48,9008150";"2,3399170"
"201900021008";"9";"9";"2019";"16:15";"1";"75";"75117";"2";"1";"1";"4";"BD PERIPHERIQUE EXTERIEUR";"48,8893474";"2,2958731"
"201900021009";"8";"9";"2019";"14:20";"1";"75";"75116";"2";"1";"1";"4";"BD PERIPHERIQUE INTERIEUR";"48,8546493";"2,2550621"
"201900021010";"9";"9";"2019";"21:10";"5";"75";"75115";"2";"3";"1";"3";"AVENUE DE LA PORTE BRANCION";"48,8275694";"2,3010878"
"201900021011";"9";"9";"2019";"22:30";"5";"75";"75120";"2";"4";"7";"3";"AVENUE CARTELLIER";"48,8639080";"2,4136770"
"201900021012";"9";"9";"2019";"13:30";"1";"75";"75117";"2";"3";"1";"3";"BOULEVARD GOUVION SAINT CYR";"48,8834534";"2,2881389"
"201900021013";"10";"9";"2019";"22:15";"5";"75";"75116";"2";"7";"1";"3";"PLACE CLEMENT ADER";"48,8513506";"2,2784911"
"201900021014";"10";"9";"2019";"09:00";"1";"75";"75116";"2";"2";"1";"3";"ROUTE DE LA PTE DAUPHINE A LA PTE DES SA";"48,8760610";"2,2708370"
"201900021015";"10";"9";"2019";"12:25";"1";"75";"75112";"2";"1";"1";"6";"RUE DU RENDEZ VOUS";"48,8453800";"2,4041110"
"201900021016";"10";"9";"2019";"17:51";"1";"75";"75108";"2";"2";"1";"6";"RUE DU FAUBOURG SAINT HONORE";"48,8683777";"2,3232678"
"201900021017";"10";"9";"2019";"20:40";"5";"75";"75107";"2";"3";"1";"3";"BOULEVARD DES INVALIDES";"48,8482960";"2,3157790"
"201900021018";"10";"9";"2019";"14:40";"1";"75";"75101";"2";"1";"1";"6";"RUE DE RICHELIEU";"48,8645190";"2,3362520"
"201900021019";"10";"9";"2019";"18:50";"1";"94";"94068";"2";"1";"1";"7";"GABRIEL PERI (AV)";"48,8050000";"2,4830000"
"201900021020";"9";"9";"2019";"13:39";"1";"94";"94068";"2";"1";"1";"6";"PETIT PARC (QU DU)";"48,8113700";"2,4893100"
"201900021021";"9";"9";"2019";"10:00";"1";"94";"94058";"2";"1";"1";"6";"THILLARDS (R DES)";"48,8432000";"2,4942300"
"201900021022";"7";"9";"2019";"20:50";"2";"94";"94037";"2";"2";"1";"3";"JEAN JAURES (AV)";"48,8130350";"2,3513250"
"201900021023";"9";"9";"2019";"23:30";"5";"94";"94016";"2";"1";"1";"6";"CARNOT (AV)";"48,7990900";"2,3254600"
"201900021024";"10";"9";"2019";"18:35";"1";"94";"94076";"2";"2";"1";"6";"VILLAS (R DES)";"48,7845900";"2,3667800"
"201900021025";"10";"9";"2019";"11:55";"1";"94";"94065";"2";"1";"1";"2";"CHARLES LINDBERGH (AV)";"48,7474900";"2,3578100"
"201900021026";"10";"9";"2019";"13:10";"1";"94";"94044";"2";"1";"1";"1";"JEAN MONNET (R)";"48,7579600";"2,4821100"
"201900021027";"10";"9";"2019";"10:10";"1";"93";"93066";"2";"9";"1";"3";"SAULNIER JULES";"48,9255900";"2,3535200"
"201900021028";"10";"9";"2019";"08:25";"1";"93";"93049";"2";"1";"1";"2";"PAUL DOUMER (AVENUE)";"48,8629857";"2,5071909"
"201900021029";"10";"9";"2019";"16:50";"1";"93";"93048";"2";"1";"1";"6";"FRANKLIN (RUE)";"48,8637900";"2,4442600"
"201900021030";"10";"9";"2019";"08:05";"1";"93";"93074";"2";"2";"1";"3";"DE GAULLE AVENUE DU GENERAL";"48,9372100";"2,5722400"
"201900021031";"10";"9";"2019";"09:05";"1";"93";"93010";"2";"1";"1";"6";"REPUBLIQUE (PL. DE LA)";"48,8948100";"2,4780000"
"201900021032";"10";"9";"2019";"11:30";"1";"93";"93005";"2";"2";"1";"3";"CAMILLE PELLETAN (RUE)";"48,9427010";"2,4948760"
"201900021033";"9";"9";"2019";"23:15";"1";"92";"92046";"2";"2";"1";"3";"PAUL VAILLANT COUTURIER (RUE))";"48,8141100";"2,2955400"
"201900021034";"10";"9";"2019";"12:00";"1";"92";"92073";"2";"9";"1";"6";"SELLIER (BOULEVARD HENRI)";"48,8674755";"2,2268236"
"201900021035";"8";"9";"2019";"00:50";"5";"92";"92077";"2";"1";"1";"6";"MARNES (RUE DE)";"48,8271900";"2,1861800"
"201900021036";"9";"9";"2019";"17:30";"1";"92";"92063";"2";"1";"1";"3";"EMPEREUR (ROUTE DE L') EST";"48,8617600";"2,1845100"
"201900021037";"10";"9";"2019";"05:00";"5";"92";"92036";"2";"2";"1";"3";"PRINCIPALE DU PORT (ROUTE) (1/17)";"48,9383800";"2,2806400"
"201900021038";"10";"9";"2019";"18:02";"1";"92";"92007";"2";"3";"1";"2";"RAVERA (AVENUE HENRI) N° 1 A 109 ET 2 A";"48,8060000";"2,3130000"
"201900021039";"6";"8";"2019";"10:15";"1";"92";"92004";"2";"1";"1";"2";"GRESILLONS ( AVENUE DES  )";"48,9136873";"2,2988660"
"201900021040";"10";"9";"2019";"17:00";"1";"92";"92002";"2";"1";"1";"4";"GENERAL DE GAULLE (AVENUE DU)";"48,7624258";"2,3021408"
"201900021041";"9";"9";"2019";"13:10";"1";"92";"92002";"2";"1";"1";"6";"MARCHE (RUE DU)";"48,7536128";"2,3032496"
"201900021042";"10";"8";"2019";"18:00";"1";"41";"41160";"1";"1";"1";"1";"La Boue";"47,5554206";"1,6417480"
"201900021043";"8";"9";"2019";"12:49";"1";"40";"40004";"1";"3";"1";"3";"Route de Capbreton";"43,6511160";" -1,3879500"
"201900021044";"11";"9";"2019";"15:40";"1";"41";"41128";"1";"1";"1";"1";"RD 924";"47,6438310";"1,3261410"
"201900021045";"9";"9";"2019";"05:45";"3";"62";"62036";"1";"1";"1";"6";"Route Départemetale 343";"50,4462320";"2,2549090"
"201900021046";"11";"9";"2019";"19:05";"1";"62";"62115";"2";"1";"1";"7";"14 Rue de Warlus";"50,2683310";"2,6692120"
"201900021047";"9";"9";"2019";"01:30";"3";"30";"30207";"1";"1";"2";"6";"Route Departementale N 6086";"44,0352320";"4,5820180"
"201900021048";"11";"9";"2019";"11:20";"1";"3";"03180";"1";"1";"1";"1";"N/A";"46,5084446";"3,4436492"
"201900021049";"10";"9";"2019";"22:20";"3";"76";"76488";"1";"1";"1";"6";"départemantale 71";"49,7821750";"0,5944430"
"201900021050";"10";"9";"2019";"19:00";"1";"71";"71300";"1";"1";"1";"3";"Route de Crotenots";"46,5593200";"5,3463000"
"201900021051";"11";"9";"2019";"10:20";"1";"12";"12026";"1";"1";"1";"2";"RN88";"44,3851090";"2,8000860"
"201900021052";"6";"9";"2019";"10:40";"1";"47";"47186";"1";"3";"1";"3";"Menote";"44,2069190";"0,4537920"
"201900021053";"7";"9";"2019";"11:00";"1";"86";"86099";"1";"1";"1";"1";"D95 PK 38+340";"46,4798090";"0,5066920"
"201900021054";"10";"9";"2019";"09:25";"1";"44";"44087";"1";"1";"1";"7";"Cheleve (Machecoul)";"46,9842520";" -1,8857260"
"201900021055";"8";"9";"2019";"20:03";"2";"29";"29213";"1";"3";"7";"5";"D19";"48,5964650";" -4,0756050"
"201900021056";"8";"9";"2019";"20:35";"2";"29";"29026";"1";"1";"1";"1";"lieu-dit stang forn";"48,2023160";" -4,0804870"
"201900021057";"30";"6";"2019";"07:00";"2";"29";"29037";"1";"1";"1";"7";"L'Avantage";"47,9237820";" -4,1859300"
"201900021058";"11";"9";"2019";"08:20";"1";"15";"15253";"1";"3";"1";"5";"CD 9";"45,2180210";"2,8956770"
"201900021059";"28";"7";"2019";"20:05";"1";"26";"26113";"1";"1";"1";"7";"Route du Col de Rousset";"44,7740340";"5,3626500"
"201900021060";"10";"9";"2019";"18:15";"1";"6";"06148";"1";"1";"2";"7";"route departementale 6";"43,6987000";"7,0462240"
"201900021061";"11";"9";"2019";"09:30";"1";"10";"10089";"1";"1";"1";"7";"D619";"48,4963240";"3,8507710"
"201900021062";"8";"9";"2019";"15:30";"1";"4";"04024";"1";"1";"1";"3";"RD 900 Col du Labouret";"44,2486230";"6,3702840"
"201900021063";"10";"9";"2019";"21:35";"3";"85";"85224";"1";"1";"1";"2";"La Brunelière";"46,9919500";" -1,3247500"
"201900021064";"11";"9";"2019";"11:30";"1";"23";"23124";"1";"1";"1";"6";"Les Rorgues";"46,0892470";"1,5675080"
"201900021065";"11";"9";"2019";"13:00";"1";"976";"97602";"2";"1";"1";"6";"Rue Maternelle Dzoumogne, RETENUE COLLINAIRE DZOUMONYE";" -12,7156360";"45,1170130"
"201900021066";"10";"9";"2019";"17:00";"1";"34";"34032";"1";"1";"1";"6";"A75 brettelle sortie sens SUD BEZIERS EST";"43,3490630";"3,2781100"
"201900021067";"10";"9";"2019";"11:25";"1";"971";"97103";"2";"1";"1";"6";"Boulevard du Lamentin";"16,2623190";" -61,5902120"
"201900021068";"10";"9";"2019";"18:35";"1";"60";"60149";"1";"1";"1";"5";"A1, Pk 59+550, sens P/L";"49,3429345";"2,6975245"
"201900021069";"11";"9";"2019";"09:00";"1";"41";"41136";"2";"1";"1";"6";"9 rue nationale";"47,6998779";"1,5085548"
"201900021070";"23";"8";"2019";"19:00";"1";"91";"91405";"1";"1";"1";"1";"D837";"48,4039250";"2,4774760"
"201900021071";"11";"9";"2019";"18:15";"1";"78";"78368";"1";"1";"1";"1";"RD307";"48,8921080";"1,8818400"
"201900021072";"10";"9";"2019";"20:25";"2";"2A";"2A041";"2";"9";"1";"6";"Quai Jérôme Comparetti";"41,3881480";"9,1646430"
"201900021073";"21";"8";"2019";"09:05";"1";"34";"34299";"1";"1";"1";"6";"D37e11";"43,2833210";"3,2841020"
"201900021074";"11";"9";"2019";"01:00";"5";"83";"83112";"2";"1";"1";"7";"Allée de Vence";"43,1757270";"5,7026910"
"201900021075";"11";"9";"2019";"09:15";"1";"71";"71562";"2";"1";"1";"1";"le bourg";"46,4132990";"4,3086260"
"201900021076";"10";"9";"2019";"07:30";"2";"71";"71372";"2";"1";"1";"6";"RD906";"46,1796980";"4,7486160"
"201900021077";"10";"9";"2019";"16:50";"1";"88";"88321";"2";"1";"1";"6";"9 Rue Jules Ferry";"48,3570340";"5,6934160"
"201900021078";"10";"9";"2019";"10:10";"1";"57";"57507";"1";"2";"1";"5";"carrefour D25-D73";"49,1580440";"6,5590470"
"201900021079";"11";"9";"2019";"11:15";"1";"69";"69241";"2";"3";"1";"1";"Route du Bâtard";"45,6346900";"4,7305170"
"201900021080";"9";"9";"2019";"22:30";"3";"69";"69163";"1";"1";"1";"7";"Rue de Billy le Vieux";"45,9223800";"4,7496500"
"201900021081";"11";"9";"2019";"00:15";"3";"17";"17161";"1";"6";"1";"6";"RD 735";"46,1793740";" -1,3332580"
"201900021082";"17";"7";"2019";"18:30";"1";"33";"33104";"2";"1";"1";"3";"D1215";"45,0390900";" -0,7988000"
"201900021083";"8";"9";"2019";"01:40";"3";"29";"29058";"1";"1";"1";"7";"95 Hent Cleut Rouz";"47,8750830";" -4,0219550"
"201900021084";"11";"9";"2019";"11:10";"1";"22";"22389";"1";"2";"1";"3";"la ville volette";"48,4740870";" -2,6559833"
"201900021085";"10";"9";"2019";"08:10";"1";"13";"13055";"1";"1";"3";"4";"A507 sens Marseille - Aubagne";"43,3298722";"5,4013087"
"201900021086";"10";"9";"2019";"08:50";"1";"13";"13001";"1";"1";"3";"2";"A51-Sens Marseille vers Aix en Provence";"43,4978103";"5,4067042"
"201900021087";"10";"9";"2019";"08:15";"1";"91";"91228";"1";"1";"1";"6";"AUTOROUTE A6";"48,6182900";"2,4275900"