"Num_Acc";"jour";"mois";"an";"hrmn";"lum";"dep";"com";"agg";"int";"atm";"col";"adr";"lat";"long"
"201900021088";"10";"9";"2019";"10:00";"1";"91";"91377";"1";"1";"1";"2";"AUTOROUTE A10";"48,7166900";"2,2912200"
"201900021089";"10";"9";"2019";"08:05";"1";"78";"78431";"1";"1";"1";"2";"A13";"48,9380700";"1,9574200"
"201900021090";"10";"9";"2019";"07:50";"1";"95";"95555";"1";"1";"1";"6";"RD 170";"48,9715000";"2,2760500"
"201900021091";"10";"9";"2019";"16:45";"1";"94";"94073";"1";"1";"1";"2";"A86 INT";"48,7661090";"2,3789263"
"201900021092";"9";"9";"2019";"13:00";"1";"94";"94073";"1";"1";"1";"5";"A86 INT";"48,7636590";"2,3806608"
"201900021093";"4";"9";"2019";"07:05";"1";"93";"93051";"1";"1";"1";"6";"A4";"48,8354300";"2,5706600"
"201900021094";"5";"9";"2019";"13:10";"1";"45";"45284";"1";"3";"1";"3";"BD DE VERDUN - R DU PETIT BOIS";"47,9193587";"1,9837126"
"201900021095";"4";"9";"2019";"19:25";"1";"22";"22106";"2";"1";"1";"7";"VERNE (RUE JULES)";"48,4965600";" -2,7291800"
"201900021096";"6";"9";"2019";"18:25";"1";"21";"21231";"2";"1";"1";"6";"DEVOSGE (RUE)";"47,3268800";"5,0403300"
"201900021097";"9";"9";"2019";"11:40";"1";"974";"97407";"1";"1";"1";"2";"ROUTE NATIONALE N° 1";" -20,9583900";"55,3092800"
"201900021098";"9";"9";"2019";"17:20";"1";"69";"69387";"2";"1";"1";"6";"TONY GARNIER                        (AV)";"45,7301122";"4,8238780"
"201900021099";"9";"9";"2019";"14:10";"1";"69";"69387";"2";"3";"1";"2";"TONY GARNIER                        (AV)";"45,7299300";"4,8238000"
"201900021100";"9";"9";"2019";"16:45";"1";"69";"69387";"2";"2";"1";"3";"CAPITAINE ROBERT CLUZAN (DU)        (R )";"45,7525200";"4,8429500"
"201900021101";"9";"9";"2019";"10:55";"1";"69";"69388";"2";"1";"1";"6";"ALBERT THOMAS                       (CO)";"45,7483300";"4,8627000"
"201900021102";"9";"9";"2019";"10:20";"1";"69";"69259";"2";"1";"1";"2";"CLUZEL                              (R )";"45,7025700";"4,8764600"
"201900021103";"9";"9";"2019";"13:40";"1";"972";"97213";"2";"1";"1";"3";"NELSON MANDELA";"14,3644000";" -60,5957000"
"201900021104";"7";"9";"2019";"12:25";"1";"69";"69385";"2";"3";"1";"4";"POINT DU JOUR (DU)                  (AV)";"45,7562200";"4,8012400"
"201900021105";"5";"9";"2019";"08:49";"1";"91";"91122";"2";"1";"1";"6";"ESPERANCE (AVENUE DE L')";"48,7020300";"2,1561100"
"201900021106";"9";"9";"2019";"18:50";"1";"91";"91657";"2";"1";"1";"3";"PIERRE MARIN (RUE)";"48,7016600";"2,4152000"
"201900021107";"5";"9";"2019";"22:25";"5";"90";"90010";"2";"3";"1";"3";"JAURES (AVENUE JEAN) A 150 ET 117";"47,6399956";"6,8500121"
"201900021108";"7";"9";"2019";"04:31";"3";"87";"87048";"2";"1";"1";"6";"NEXON (ROUTE DE)";"45,7929600";"1,2471300"
"201900021109";"6";"9";"2019";"17:12";"1";"87";"87085";"2";"1";"1";"6";"RD941 (OUEST)";"45,8346000";"1,2259300"
"201900021110";"7";"9";"2019";"15:00";"1";"85";"85194";"1";"1";"1";"3";"ROUTE DES AMIS DE LA NATURE";"46,5714600";" -1,8224800"
"201900021111";"8";"9";"2019";"09:00";"1";"83";"83090";"1";"1";"1";"1";"GORGES (ROUTE DES)";"43,1469000";"5,8483000"
"201900021112";"9";"9";"2019";"17:00";"1";"83";"83126";"2";"3";"7";"6";"MAR VIVO AUX DEUX CHENES (CHEMIN DE)";"43,0765790";"5,8804110"
"201900021113";"7";"9";"2019";"15:05";"1";"83";"83126";"2";"1";"1";"6";"LAMARQUE (AV JEAN ALBERT)";"43,1095000";"5,8606700"
"201900021114";"9";"9";"2019";"07:55";"1";"83";"83129";"2";"1";"7";"6";"KENNEDY (AVENUE J.)N°PAIRS 2A2560";"43,1076000";"5,8194000"
"201900021115";"8";"9";"2019";"17:40";"1";"80";"80131";"1";"2";"1";"3";"N/A";"49,8460370";"2,4192540"
"201900021116";"8";"9";"2019";"19:15";"1";"80";"80021";"2";"1";"1";"3";"R DE L'ABBE HENOCQUE";"49,9101000";"2,2952800"
"201900021117";"3";"9";"2019";"23:20";"5";"78";"78138";"2";"2";"1";"3";"POISSY (AVENUE DE)";"48,9725130";"2,0321500"
"201900021118";"8";"9";"2019";"23:08";"3";"77";"77384";"1";"1";"1";"1";"D57";"48,6142800";"2,6166500"
"201900021119";"6";"9";"2019";"22:30";"5";"76";"76540";"2";"1";"1";"6";"BRETAGNE. AVENUE DE";"49,4314600";"1,0821700"
"201900021120";"8";"9";"2019";"16:15";"1";"76";"76329";"1";"1";"1";"1";"FONTAINE MUREE";"49,5406500";"0,5118700"
"201900021121";"9";"9";"2019";"09:05";"1";"74";"74281";"1";"1";"1";"7";"RD 1005";"46,3487100";"6,4423200"
"201900021122";"8";"9";"2019";"22:35";"5";"74";"74118";"2";"1";"2";"2";"DEPORTES (ROUTE DES )";"46,1824059";"6,2304401"
"201900021123";"7";"9";"2019";"21:50";"5";"74";"74012";"2";"1";"1";"7";"SALEVE (RUE DU)";"46,1915000";"6,2308000"
"201900021124";"7";"9";"2019";"12:32";"1";"69";"69290";"2";"2";"1";"3";"JULES FERRY                         (R )";"45,6973400";"4,9476400"
"201900021125";"8";"9";"2019";"10:30";"1";"69";"69092";"2";"6";"1";"3";"SALENGRO (Boulevard Roger)";"46,0006100";"4,7176000"
"201900021126";"6";"9";"2019";"19:00";"2";"67";"67482";"2";"1";"1";"6";"FINKMATT (RUE)";"48,5875400";"7,7484400"
"201900021127";"6";"9";"2019";"15:00";"1";"67";"67482";"2";"1";"1";"2";"SOULTZ (RUE DE)";"48,5659200";"7,7784810"
"201900021128";"9";"9";"2019";"08:20";"1";"66";"66136";"2";"1";"1";"6";"CHASSERIAU (THEODORE)";"42,6964500";"2,9079200"
"201900021129";"9";"9";"2019";"14:00";"1";"64";"64189";"2";"1";"1";"2";"BRETELLE DE SOCOA RD 913 (BRETELLE)";"43,3817091";" -1,6900654"
"201900021130";"7";"9";"2019";"20:10";"1";"64";"64189";"2";"1";"1";"3";"JAURES JEAN  (AVENUE)";"43,3812460";" -1,6679420"
"201900021131";"5";"9";"2019";"09:40";"1";"64";"64445";"2";"1";"1";"3";"PYRENEES DES";"43,2938100";" -0,3651000"
"201900021132";"8";"9";"2019";"00:20";"5";"64";"64125";"2";"1";"1";"6";"BAYONNE (AVENUE DE)";"43,4475006";" -1,5739297"
"201900021133";"7";"9";"2019";"00:50";"5";"64";"64024";"2";"1";"1";"1";"ADOUR (AVENUE DE L')";"43,5087074";" -1,4984166"
"201900021134";"6";"9";"2019";"17:05";"1";"64";"64102";"2";"1";"1";"3";"BASQUE (AVENUE DU GRAND)";"43,4893684";" -1,4571765"
"201900021135";"8";"9";"2019";"11:20";"1";"63";"63124";"2";"6";"2";"3";"MARCHADIER (CARREFOUR ROBERT)";"45,7395800";"3,1715500"
"201900021136";"7";"9";"2019";"22:49";"5";"63";"63113";"2";"1";"1";"6";"JULIEN (AVENUE)";"45,7755000";"3,0820500"
"201900021137";"7";"9";"2019";"23:30";"5";"63";"63113";"2";"1";"1";"3";"LIBERATION (AVENUE DE LA)";"45,7678300";"3,0818900"
"201900021138";"6";"9";"2019";"08:30";"1";"63";"63113";"2";"1";"1";"6";"SCHUMAN (BD ROBERT)";"45,7624200";"3,1297400"
"201900021139";"6";"9";"2019";"17:50";"1";"63";"63075";"2";"1";"1";"6";"ROYAT (AVENUE DE)";"45,7756675";"3,0665654"
"201900021140";"5";"9";"2019";"18:40";"1";"59";"59386";"2";"1";"7";"6";"MENIN RUE DE";"50,6806402";"3,0836587"
"201900021141";"6";"9";"2019";"17:00";"1";"57";"57751";"2";"1";"1";"6";"THIONVILLE (AVENUE )";"49,1511400";"6,1584400"
"201900021142";"6";"9";"2019";"18:20";"1";"56";"56083";"2";"1";"1";"3";"MITTERAND (Av. du Pt)";"47,8090800";" -3,2625000"
"201900021143";"6";"9";"2019";"17:55";"1";"56";"56121";"2";"1";"1";"2";"RN 465 (DESSERTE PORTUAIRE)";"47,7426888";" -3,3839996"
"201900021144";"6";"9";"2019";"17:35";"1";"56";"56083";"2";"1";"1";"3";"MITTERAND (AV. DU Pt )";"47,8090800";" -3,2625000"
"201900021145";"6";"9";"2019";"21:20";"3";"54";"54493";"1";"1";"1";"6";"RD26";"49,5151840";"5,8449840"
"201900021146";"9";"9";"2019";"08:50";"1";"51";"51454";"2";"2";"1";"3";"RUE DE BETHENY";"49,2867048";"4,0163177"
"201900021147";"9";"9";"2019";"17:55";"2";"50";"50218";"2";"1";"3";"2";"VILLEDIEU LES POELES (ROUTE)";"48,8375800";" -1,5442500"
"201900021148";"8";"9";"2019";"18:50";"1";"50";"50416";"1";"1";"1";"6";"BRETON (RUE DU)";"49,6541200";" -1,7069100"
"201900021149";"6";"9";"2019";"19:05";"1";"49";"49353";"2";"1";"1";"2";"avenue pierre mendès france";"47,4478300";" -0,5083600"
"201900021150";"7";"9";"2019";"11:53";"1";"49";"49007";"2";"1";"1";"3";"CHAPEAU DE GENDARME";"47,4514000";" -0,5533000"
"201900021151";"7";"9";"2019";"09:15";"1";"49";"49353";"2";"1";"1";"3";"BLUM";"47,4463000";" -0,4962000"
"201900021152";"18";"4";"2019";"18:30";"1";"94";"94034";"1";"1";"1";"3";"AUTOROUTE A86";"48,7600000";"2,3211000"
"201900021153";"18";"4";"2019";"11:40";"1";"91";"91589";"1";"1";"1";"2";"AUTOROUTE A6";"48,6734800";"2,3431500"
"201900021154";"18";"4";"2019";"08:00";"1";"92";"92002";"1";"1";"1";"2";"AUTOROUTE A86";"48,7598814";"2,2780136"
"201900021155";"18";"4";"2019";"09:00";"1";"91";"91312";"1";"1";"1";"4";"RD 444";"48,7359600";"2,2292600"
"201900021156";"18";"4";"2019";"02:12";"5";"94";"94021";"1";"1";"1";"3";"AUTOROUTE A6B";"48,7714600";"2,3450900"
"201900021157";"17";"4";"2019";"16:20";"1";"91";"91477";"1";"1";"1";"5";"AUTOROUTE A126";"48,7207400";"2,2287000"
"201900021158";"17";"4";"2019";"18:00";"1";"91";"91471";"1";"1";"1";"2";"RN 118";"48,6946000";"2,1926000"
"201900021159";"27";"4";"2019";"17:00";"1";"92";"92063";"1";"1";"1";"6";"A86";"48,8902040";"2,1702910"
"201900021160";"27";"4";"2019";"06:00";"3";"92";"92036";"1";"1";"3";"6";"A86";"48,9336031";"2,2762178"
"201900021161";"27";"4";"2019";"03:00";"3";"78";"78140";"1";"1";"2";"7";"A13";"48,9621000";"1,9289000"
"201900021162";"26";"4";"2019";"09:00";"1";"92";"92025";"1";"1";"1";"2";"A86";"48,9324098";"2,2485367"
"201900021163";"25";"4";"2019";"09:00";"1";"92";"92036";"1";"1";"1";"2";"RN315 W";"48,9288956";"2,3023855"
"201900021164";"19";"4";"2019";"21:15";"3";"78";"78217";"1";"1";"1";"3";"A13";"48,9656910";"1,8083810"
"201900021165";"19";"4";"2019";"13:49";"1";"78";"78545";"1";"1";"1";"2";"A12 W";"48,8181580";"2,0653920"
"201900021166";"19";"4";"2019";"11:35";"1";"78";"78322";"1";"1";"1";"4";"A86 EXT";"48,7809400";"2,1708400"
"201900021167";"28";"4";"2019";"14:45";"1";"95";"95212";"1";"1";"2";"2";"RN 104";"49,0259700";"2,5363200"
"201900021168";"28";"4";"2019";"08:30";"1";"95";"95572";"1";"1";"1";"6";"AUTOROUTE A15";"49,0329200";"2,1052400"
"201900021169";"27";"4";"2019";"17:05";"1";"93";"93066";"1";"1";"1";"4";"AUTOROUTE A86";"48,9144400";"2,3575900"
"201900021170";"27";"4";"2019";"08:30";"1";"92";"92036";"1";"1";"7";"6";"AUTOROUTE A86";"48,9340694";"2,3205241"
"201900021171";"26";"4";"2019";"19:40";"1";"95";"95582";"1";"1";"1";"3";"AUTOROUTE A15";"48,9674200";"2,2538500"
"201900021172";"26";"4";"2019";"13:20";"1";"95";"95252";"1";"1";"1";"6";"AUTOROUTE A15";"48,9872100";"2,2078600"
"201900021173";"26";"4";"2019";"09:00";"1";"95";"95018";"1";"1";"1";"5";"AUTOROUTE A15";"48,9572900";"2,2759700"
"201900021174";"25";"4";"2019";"13:50";"1";"93";"93048";"1";"1";"1";"2";"AUTOROUTE A86";"48,8637700";"2,4825200"
"201900021175";"25";"4";"2019";"08:00";"1";"60";"60631";"1";"1";"1";"4";"AUTOROUTE A1";"49,1561000";"2,5904000"
"201900021176";"24";"4";"2019";"15:30";"1";"93";"93005";"1";"1";"2";"3";"AUTOROUTE A3";"48,9287600";"2,4814500"
"201900021177";"19";"4";"2019";"14:00";"1";"95";"95488";"1";"1";"1";"6";"AUTOROUTE A15";"49,0231400";"2,1340000"
"201900021178";"14";"4";"2019";"06:30";"2";"95";"95277";"1";"1";"1";"6";"AUTOROUTE A104";"48,9716000";"2,4839600"
"201900021179";"23";"4";"2019";"21:30";"3";"95";"95527";"1";"1";"1";"6";"AUTOROUTE A3";"48,9869900";"2,5049900"
"201900021180";"22";"4";"2019";"14:00";"1";"95";"95306";"1";"1";"1";"5";"AUTOROUTE A15";"49,0014600";"2,1722000"
"201900021181";"21";"4";"2019";"21:30";"3";"95";"95500";"1";"1";"1";"5";"AUTOROUTE A15";"49,0384200";"2,0878100"
"201900021182";"20";"4";"2019";"16:25";"1";"95";"95127";"1";"1";"1";"2";"AUTOROUTE A15";"49,0458500";"2,0742500"
"201900021183";"20";"4";"2019";"14:25";"1";"95";"95607";"1";"1";"1";"4";"AUTOROUTE A115";"49,0378400";"2,1932700"
"201900021184";"20";"4";"2019";"13:00";"1";"93";"93066";"1";"1";"1";"3";"AUTOROUTE A1";"48,9148100";"2,3579300"
"201900021185";"18";"4";"2019";"16:20";"1";"95";"95028";"1";"1";"1";"2";"RN 104";"49,0638900";"2,3670600"
"201900021186";"18";"4";"2019";"13:45";"1";"95";"95582";"1";"1";"1";"4";"AUTOROUTE A15";"48,9707300";"2,2493600"
"201900021187";"18";"4";"2019";"08:30";"1";"95";"95394";"1";"1";"1";"3";"RN 184";"49,0511600";"2,1500900"
"201900021188";"18";"4";"2019";"08:45";"1";"93";"93007";"1";"1";"1";"3";"AUTOROUTE A1";"48,9492600";"2,4467500"
"201900021189";"18";"4";"2019";"07:15";"1";"92";"92078";"1";"1";"1";"3";"AUTOROUTE A86";"48,9286343";"2,3306077"
"201900021190";"27";"4";"2019";"13:15";"1";"77";"77294";"1";"1";"1";"2";"A104";"48,9607145";"2,6189346"
"201900021191";"27";"4";"2019";"07:45";"1";"77";"77249";"1";"1";"2";"6";"RN104";"48,7403041";"2,6124680"
"201900021192";"26";"4";"2019";"13:50";"1";"94";"94079";"1";"1";"1";"2";"A4";"48,8340000";"2,5356000"
"201900021193";"25";"4";"2019";"12:30";"1";"94";"94018";"1";"9";"2";"4";"A4";"48,8197313";"2,4048147"
"201900021194";"25";"4";"2019";"11:40";"1";"77";"77146";"1";"9";"2";"2";"A4.Y";"48,8311061";"2,6383375"
"201900021195";"25";"4";"2019";"08:50";"1";"94";"94017";"1";"1";"2";"6";"A4";"48,8284655";"2,4757913"
"201900021196";"24";"4";"2019";"10:00";"1";"77";"77296";"1";"1";"1";"6";"A5b";"48,6310895";"2,6286070"
"201900021197";"23";"4";"2019";"13:50";"1";"94";"94073";"1";"1";"1";"4";"A86 INT";"48,7604000";"2,3811200"
"201900021198";"23";"4";"2019";"13:00";"1";"77";"77337";"1";"1";"1";"7";"A4";"48,8299991";"2,6141922"
"201900021199";"23";"4";"2019";"09:40";"1";"77";"77514";"1";"1";"1";"2";"A104";"48,9406600";"2,6284300"
"201900021200";"22";"4";"2019";"19:30";"1";"94";"94069";"1";"1";"1";"3";"A4";"48,8172800";"2,4401500"
"201900021201";"21";"4";"2019";"06:50";"2";"94";"94073";"1";"1";"1";"7";"A86 EXT";"48,7582080";"2,3842431"
"201900021202";"19";"4";"2019";"16:50";"1";"77";"77122";"1";"1";"1";"2";"RN104";"48,6519850";"2,6132710"
"201900021203";"19";"4";"2019";"16:00";"1";"77";"77122";"1";"1";"1";"6";"RN104";"48,6522160";"2,6132740"
"201900021204";"19";"4";"2019";"12:30";"1";"94";"94073";"1";"1";"1";"2";"A86 EXT";"48,7701147";"2,3822327"
"201900021205";"19";"4";"2019";"09:10";"1";"94";"94017";"1";"1";"1";"2";"A4";"48,8306100";"2,4882200"
"201900021206";"19";"4";"2019";"08:00";"1";"77";"77514";"1";"1";"1";"2";"A104.INT";"48,9338600";"2,6277500"
"201900021207";"18";"4";"2019";"14:50";"1";"94";"94028";"1";"1";"1";"3";"A86 EXT";"48,7834208";"2,4407387"
"201900021208";"18";"4";"2019";"08:30";"1";"77";"77249";"1";"1";"1";"3";"RN104";"48,7585600";"2,6156400"
"201900021209";"17";"4";"2019";"15:20";"1";"75";"75112";"1";"1";"1";"6";"A4";"48,8235030";"2,4630830"
"201900021210";"14";"4";"2019";"02:30";"5";"69";"69266";"2";"1";"1";"6";"LAURENT BONNEVAY    (Boulevard)";"45,7848100";"4,8672500"
"201900021211";"15";"4";"2019";"19:30";"2";"68";"68066";"2";"1";"1";"6";"LADHOF (RUE DU)";"48,0822330";"7,3648890"
"201900021212";"16";"4";"2019";"16:24";"1";"63";"63113";"2";"1";"1";"1";"CHANTERANNE (RUE DE)";"45,7877000";"3,0983900"
"201900021213";"16";"4";"2019";"14:20";"1";"34";"34172";"2";"2";"1";"1";"GANGES (ROUTE DE";"43,6290500";"3,8571500"
"201900021214";"16";"4";"2019";"18:40";"1";"11";"11069";"1";"1";"1";"5";"RD118";"43,2394690";"2,3763500"
"201900021215";"16";"4";"2019";"12:05";"1";"11";"11069";"1";"1";"1";"6";"MADELEINE -CHEMIN DE LA -";"43,2214100";"2,3882300"
"201900021216";"16";"4";"2019";"07:30";"2";"94";"94068";"2";"9";"2";"3";"LOUIS BLANC (AV)";"48,7926100";"2,4973200"
"201900021217";"13";"4";"2019";"12:10";"1";"92";"92025";"2";"1";"1";"2";"HOCHE (RUE)";"48,9221260";"2,2648180"
"201900021218";"15";"2";"2019";"19:15";"5";"92";"92012";"2";"1";"1";"5";"JEAN JAURES (BOULEVARD) 63/215 - 70/208";"48,8370100";"2,2414600"
"201900021219";"14";"4";"2019";"18:25";"1";"95";"95675";"1";"1";"1";"6";"AUTOROUTE A1";"49,0596297";"2,5507888"
"201900021220";"15";"4";"2019";"12:20";"1";"976";"97611";"2";"1";"1";"6";"passamanty-Vahibé ( route )";" -12,8009400";"45,2062000"
"201900021221";"17";"4";"2019";"14:55";"1";"974";"97407";"2";"1";"1";"3";"MAHATMA GANDHY - RIV. DES GALETS";" -20,9590600";"55,3219500"
"201900021222";"17";"4";"2019";"10:20";"1";"973";"97302";"2";"3";"1";"3";"HAMEAU DES ENCENS (RUE DU) Cité St Marti";"4,9272383";" -52,2900295"
"201900021223";"17";"4";"2019";"18:45";"1";"69";"69386";"2";"2";"1";"3";"VIABERT (DE LA)                     (R )";"45,7663600";"4,8671500"
"201900021224";"17";"4";"2019";"08:50";"1";"69";"69259";"2";"1";"1";"3";"FRANCIS DE PRESSENSE                (AV)";"45,7229097";"4,8655915"
"201900021225";"17";"4";"2019";"20:50";"2";"69";"69034";"2";"1";"1";"6";"GENERAL LECLERC                     (AV)";"45,8032800";"4,8601000"
"201900021226";"17";"4";"2019";"20:25";"5";"69";"69384";"2";"3";"1";"3";"DENFERT ROCHEREAU                   (R )";"45,7743787";"4,8237704"
"201900021227";"16";"4";"2019";"19:20";"1";"69";"69034";"2";"9";"1";"3";"GENERAL DE GAULLE                   (AV)";"45,8062150";"4,8544443"
"201900021228";"17";"4";"2019";"07:21";"2";"2A";"2A004";"2";"1";"1";"6";"SEBASTIANU COSTA BD";"41,9417400";"8,7483200"
"201900021229";"17";"4";"2019";"20:47";"2";"91";"91687";"2";"9";"1";"6";"MARMONT (AVENUE)";"48,6632600";"2,3750700"
"201900021230";"16";"4";"2019";"07:45";"1";"91";"91433";"1";"6";"2";"7";"RD 191";"48,4335300";"2,1867800"
"201900021231";"16";"4";"2019";"07:37";"2";"87";"87113";"2";"6";"2";"3";"ANGUERNAUD (RUE D')";"45,8766700";"1,3042200"
"201900021232";"17";"4";"2019";"21:05";"5";"83";"83129";"2";"9";"1";"6";"DE GAULLE (PROMENADE CHARLES)";"43,1156900";"5,8080500"
"201900021233";"16";"4";"2019";"22:00";"5";"76";"76351";"2";"9";"1";"2";"REPUBLIQUE (COURS DE LA)";"49,5010200";"0,1304000"
"201900021234";"16";"4";"2019";"12:15";"1";"71";"71059";"1";"3";"2";"2";"MARMAGNE (ROUTE DE)";"46,8206000";"4,4603000"
"201900021235";"16";"4";"2019";"12:55";"1";"67";"67482";"2";"3";"1";"3";"FOUDAY (RUE DE)";"48,5744300";"7,7327700"
"201900021236";"16";"4";"2019";"12:15";"1";"67";"67218";"2";"3";"1";"6";"LYON (RTE DE)";"48,5371600";"7,7275300"
"201900021237";"11";"4";"2019";"02:00";"5";"64";"64483";"2";"1";"1";"2";"RD810";"43,4073321";" -1,6268218"
"201900021238";"16";"4";"2019";"14:30";"1";"59";"59279";"2";"9";"1";"3";"RONCQ (BOULEVARD)";"50,7764700";"3,1324700"
"201900021239";"17";"4";"2019";"22:10";"5";"59";"59378";"2";"1";"1";"6";"MARNE AVENUE DE LA";"50,6804402";"3,1153053"
"201900021240";"17";"4";"2019";"21:45";"5";"59";"59350";"2";"1";"1";"6";"GIRAUDOUX JEAN RUE";"50,6079800";"3,0463400"
"201900021241";"16";"4";"2019";"19:00";"1";"59";"59569";"2";"1";"1";"6";"Rue Auguste Bougon";"50,3713400";"3,1030400"
"201900021242";"12";"4";"2019";"19:00";"1";"59";"59156";"2";"1";"1";"6";"STASSIN (RUE FERNAND)";"50,3420300";"3,0623100"
"201900021243";"16";"4";"2019";"23:20";"5";"58";"58194";"2";"3";"1";"3";"SAINT TROHE";"46,9921000";"3,1667000"
"201900021244";"16";"4";"2019";"10:55";"1";"57";"57672";"2";"1";"1";"3";"KONACKER (Route)";"49,3644200";"6,0895800"
"201900021245";"17";"4";"2019";"16:05";"1";"56";"56260";"2";"1";"1";"2";"PASTEUR (RUE)";"47,6552000";" -2,7639000"
"201900021246";"17";"4";"2019";"20:57";"1";"51";"51108";"2";"3";"1";"1";"RUE DU FAUBOURG SAINT ANTOINE";"48,9630000";"4,3569100"
"201900021247";"16";"4";"2019";"11:55";"1";"49";"49007";"2";"1";"1";"3";"LEROY PLACE";"47,4648300";" -0,5488400"
"201900021248";"16";"4";"2019";"10:29";"1";"49";"49007";"2";"9";"2";"6";"LAFAYETTE PLACE";"47,4626900";" -0,5531500"
"201900021249";"14";"4";"2019";"04:00";"5";"44";"44109";"2";"1";"1";"6";"RUE DES DERVALLIERES";"47,2226400";" -1,5808900"
"201900021250";"17";"4";"2019";"19:40";"1";"42";"42031";"1";"1";"1";"1";"SAINT MAURICE (ROUTE DE)";"45,4063090";"4,2419770"
"201900021251";"16";"4";"2019";"19:55";"1";"38";"38544";"2";"1";"1";"1";"COUPE JARRET(MONTEE)";"45,5206400";"4,8749700"
"201900021252";"17";"4";"2019";"18:50";"1";"37";"37261";"2";"6";"1";"3";"LOUIS XI (BOULEVARD)";"47,3755200";"0,6588500"
"201900021253";"16";"4";"2019";"19:15";"1";"35";"35238";"2";"1";"1";"6";"VERN (DE)";"48,0871700";" -1,6445300"
"201900021254";"16";"4";"2019";"08:24";"2";"35";"35051";"2";"1";"1";"6";"PORTE DE LA RIGOURDIERE";"48,1149920";" -1,5902620"
"201900021255";"17";"4";"2019";"08:55";"1";"34";"34172";"2";"1";"1";"3";"MOULARES (CHEMIN DE";"43,6004300";"3,8946500"
"201900021256";"14";"4";"2019";"21:40";"5";"33";"33522";"2";"2";"1";"3";"Boulevard GEORGE V - VT pompiers en intervention passe au feu rouge, est percuté par scooter qui passe au vert et qui n'a pas eu le temps de freiner.";"44,8252800";" -0,5893500"
"201900021257";"6";"4";"2019";"09:40";"1";"33";"33550";"2";"1";"3";"1";"CHEM DE CAMPARIAN";"44,7736900";" -0,5748100"
"201900021258";"17";"4";"2019";"23:00";"5";"32";"32013";"2";"1";"1";"7";"CAUMONT";"43,6448000";"0,5843700"
"201900021259";"17";"4";"2019";"11:00";"1";"30";"30189";"2";"3";"1";"2";"PAVLOV (AVENUE)";"43,8142000";"4,3151000"
"201900021260";"17";"4";"2019";"20:00";"1";"27";"27681";"2";"2";"1";"3";"LECLERC (BOULEVARD DU MARECHAL)";"49,0924000";"1,4886000"
"201900021261";"9";"3";"2019";"04:50";"5";"26";"26198";"2";"1";"1";"7";"JUIN (Avenue du Maréchal)";"44,5588000";"4,7578800"
"201900021262";"17";"4";"2019";"17:00";"1";"25";"25056";"2";"1";"1";"3";"BLAVET RUE MICHEL";"47,2591180";"6,0349170"
"201900021263";"16";"4";"2019";"15:20";"1";"19";"19031";"2";"1";"1";"2";"MOISSAN (RUE)";"45,1507100";"1,5315200"
"201900021264";"17";"4";"2019";"16:35";"1";"17";"17306";"2";"3";"1";"6";"LAVOISIER (ANTOINE DE)";"45,6314500";" -0,9885100"
"201900021265";"17";"4";"2019";"21:35";"3";"17";"17028";"1";"1";"1";"7";"RN 137";"46,1439400";" -1,1082500"
"201900021266";"16";"4";"2019";"17:55";"1";"17";"17300";"2";"2";"7";"3";"LECLERC   AVENUE DU GENERAL";"46,1626800";" -1,1607600"
"201900021267";"16";"4";"2019";"12:40";"1";"17";"17300";"2";"2";"1";"3";"PEPINIERE   RUE DE LA";"46,1615200";" -1,1638900"
"201900021268";"16";"4";"2019";"12:00";"1";"17";"17300";"2";"3";"1";"3";"LOMBARD   AVENUE MODERE";"46,1688000";" -1,1952000"
"201900021269";"16";"4";"2019";"14:00";"1";"13";"13108";"2";"3";"1";"6";"VIADUC (BOULEVARD)";"43,8028200";"4,6619400"
"201900021270";"17";"4";"2019";"18:15";"1";"13";"13212";"2";"1";"1";"6";"CHARLES KADDOUZ (RUE)";"43,3165200";"5,4359700"
"201900021271";"17";"4";"2019";"15:50";"1";"13";"13201";"2";"1";"1";"6";"NATIONAL   1 A 51 (BOULEVARD)";"43,3038100";"5,3857000"
"201900021272";"16";"4";"2019";"16:40";"1";"13";"13202";"2";"1";"1";"6";"LAZARET (QUAI DU)";"43,3091100";"5,3662500"
"201900021273";"16";"4";"2019";"07:20";"2";"13";"13207";"2";"1";"1";"6";"Corniche John Fitzgérald Kennedy";"43,2701200";"5,3651100"
"201900021274";"17";"4";"2019";"14:30";"1";"13";"13001";"1";"1";"1";"6";"RD 543";"43,4829210";"5,3536040"
"201900021275";"16";"4";"2019";"18:15";"1";"11";"11069";"1";"1";"1";"6";"ALEXANDRO VOLTA -RUE-";"43,2034370";"2,3088470"
"201900021276";"17";"4";"2019";"10:00";"1";"75";"75116";"2";"1";"1";"4";"PORTE DE SAINT CLOUD";"48,8404920";"2,2538760"
"201900021277";"17";"4";"2019";"07:35";"1";"75";"75115";"2";"1";"1";"2";"PORTE DE VERSAILLES";"48,8309540";"2,2840240"
"201900021278";"17";"4";"2019";"08:40";"1";"75";"75114";"2";"1";"1";"3";"BD PERIPHERIQUE EXTERIEUR";"48,8245790";"2,3050680"
"201900021279";"16";"4";"2019";"12:40";"1";"75";"75112";"2";"1";"1";"5";"PORTE DE CHARENTON";"48,8319340";"2,4050920"
"201900021280";"16";"4";"2019";"16:41";"1";"75";"75107";"2";"1";"1";"6";"RUE DE VARENNE";"48,8543380";"2,3224520"
"201900021281";"17";"4";"2019";"12:30";"1";"75";"75106";"2";"2";"1";"3";"BOULEVARD SAINT GERMAIN";"48,8516760";"2,3420380"