"Num_Acc";"jour";"mois";"an";"hrmn";"lum";"dep";"com";"agg";"int";"atm";"col";"adr";"lat";"long"
"201900021282";"17";"4";"2019";"10:55";"1";"75";"75105";"2";"3";"1";"2";"RUE GEOFFROY SAINT HILAIRE";"48,8436620";"2,3550050"
"201900021283";"17";"4";"2019";"18:40";"1";"75";"75119";"2";"1";"1";"6";"RUE DE CRIMEE";"48,8835350";"2,3849380"
"201900021284";"17";"4";"2019";"16:25";"1";"75";"75119";"2";"1";"1";"6";"BOULEVARD SERURIER";"48,8890100";"2,3959570"
"201900021285";"17";"4";"2019";"10:35";"1";"75";"75116";"2";"3";"1";"3";"AVENUE HENRI MARTIN";"48,8629720";"2,2691710"
"201900021286";"17";"4";"2019";"08:30";"1";"75";"75116";"2";"3";"1";"6";"AVENUE DE VERSAILLES";"48,8491060";"2,2754290"
"201900021287";"12";"4";"2019";"11:35";"1";"75";"75116";"2";"1";"1";"2";"ROUTE DE LA MUETTE A NEUILLY";"48,8692900";"2,2647910"
"201900021288";"16";"4";"2019";"14:10";"1";"75";"75116";"2";"1";"1";"6";"RUE DECAMPS";"48,8650060";"2,2820620"
"201900021289";"17";"4";"2019";"14:30";"1";"75";"75115";"2";"1";"1";"6";"QUAI ANDRE CITROEN";"48,8469920";"2,2788290"
"201900021290";"17";"4";"2019";"21:20";"4";"75";"75114";"2";"1";"1";"6";"RUE DE L OUEST";"48,8371610";"2,3216410"
"201900021291";"17";"4";"2019";"15:50";"1";"75";"75114";"2";"2";"1";"6";"RUE HIPPOLYTE MAINDRON";"48,8320720";"2,3222280"
"201900021292";"17";"4";"2019";"14:40";"1";"75";"75113";"2";"1";"1";"6";"QUAI D IVRY";"48,8258870";"2,3877680"
"201900021293";"17";"4";"2019";"14:30";"1";"75";"75113";"2";"3";"1";"3";"AVENUE D ITALIE";"48,8244440";"2,3578040"
"201900021294";"17";"4";"2019";"09:25";"1";"75";"75113";"2";"3";"1";"3";"AVENUE DES GOBELINS";"48,8332030";"2,3543610"
"201900021295";"17";"4";"2019";"18:55";"1";"75";"75112";"2";"3";"1";"6";"QUAI DE LA RAPEE";"48,8452700";"2,3683620"
"201900021296";"16";"4";"2019";"20:00";"2";"75";"75112";"2";"1";"1";"6";"RUE DE WATTIGNIES";"48,8348800";"2,3999280"
"201900021297";"17";"4";"2019";"18:20";"1";"75";"75108";"2";"2";"1";"6";"BOULEVARD HAUSSMANN";"48,8747190";"2,3199710"
"201900021298";"17";"4";"2019";"11:35";"1";"75";"75108";"2";"7";"1";"3";"PLACE DE LA MADELEINE";"48,8695720";"2,3236350"
"201900021299";"16";"4";"2019";"20:55";"5";"75";"75104";"2";"3";"1";"6";"RUE SAINT ANTOINE";"48,8550650";"2,3616800"
"201900021300";"17";"4";"2019";"14:23";"1";"94";"94067";"2";"9";"7";"6";"ETANG (CHS DE L)";"48,8436200";"2,4201700"
"201900021301";"17";"4";"2019";"09:00";"1";"94";"94067";"2";"1";"1";"7";"MINIMES (AV DES)";"48,8414137";"2,4295268"
"201900021302";"16";"4";"2019";"17:35";"1";"94";"94046";"2";"1";"1";"3";"GENERAL DE GAULLE (AV DU)";"48,8126600";"2,4221200"
"201900021303";"17";"4";"2019";"15:45";"1";"94";"94041";"2";"1";"1";"1";"PIERRE SEMARD (AV)";"48,8198500";"2,3799300"
"201900021304";"16";"4";"2019";"14:00";"1";"94";"94028";"2";"9";"1";"3";"BROSSOLETTE(AVENUE PIERRE)";"48,7912300";"2,4627800"
"201900021305";"16";"4";"2019";"08:40";"1";"94";"94028";"2";"1";"8";"6";"DEMENITROUX(RUE MAURICE)";"48,7891000";"2,4545000"
"201900021306";"17";"4";"2019";"09:25";"1";"94";"94069";"2";"1";"1";"2";"MARECHAL DE LATTRE DE TASSIGNY (AV)";"48,8199200";"2,4197600"
"201900021307";"17";"4";"2019";"00:25";"5";"94";"94017";"2";"2";"1";"3";"LOUIS TALAMONI (R)";"48,8135050";"2,5112700"
"201900021308";"14";"4";"2019";"21:50";"5";"93";"93066";"2";"2";"1";"3";"L'encyclopédie ( rue de )";"48,9092580";"2,3623900"
"201900021309";"17";"4";"2019";"16:30";"1";"93";"93046";"2";"1";"1";"2";"MAURICE BERTHEAUX ALLEE";"48,9118900";"2,5166200"
"201900021310";"17";"4";"2019";"07:10";"1";"93";"93010";"2";"1";"1";"6";"AULNAY (PONT D')";"48,9072540";"2,4802690"
"201900021311";"17";"4";"2019";"16:45";"1";"93";"93008";"2";"2";"1";"3";"GRANDE DENISE (RUE DE LA)";"48,9126590";"2,4686150"
"201900021312";"17";"4";"2019";"11:22";"1";"93";"93008";"2";"6";"1";"2";"BARBUSSE (AVENUE HENRI) A30";"48,9077100";"2,4258900"
"201900021313";"17";"4";"2019";"09:45";"1";"92";"92075";"2";"4";"1";"6";"HENRI BARBUSSE (BOULEVARD)";"48,8140625";"2,2872331"
"201900021314";"16";"4";"2019";"13:55";"1";"92";"92051";"2";"1";"1";"3";"CHARLES DE GAULLE (AVENUE,N°118 A 192 +";"48,8818900";"2,2687200"
"201900021315";"17";"4";"2019";"13:15";"1";"92";"92050";"2";"2";"1";"3";"QUENTIN JULES AVENUE";"48,8946867";"2,1928117"
"201900021316";"16";"4";"2019";"14:50";"1";"92";"92036";"2";"1";"1";"3";"LOUISE MICHEL (PAIRS)";"48,9221332";"2,3199941"
"201900021317";"17";"4";"2019";"17:00";"1";"92";"92026";"2";"1";"1";"6";"GEORGES CLEMENCEAU";"48,9029620";"2,2715730"
"201900021318";"15";"1";"2019";"17:30";"2";"92";"92026";"2";"3";"1";"2";"VERDUN (DE 62 A FIN)";"48,9012953";"2,2599324"
"201900021319";"17";"4";"2019";"16:30";"1";"54";"54109";"2";"1";"1";"7";"02 chemin de Clérey";"48,5199250";"6,1544530"
"201900021320";"17";"4";"2019";"20:20";"2";"45";"45339";"1";"1";"1";"6";"20 Les Petites Bruyères";"47,9872530";"2,5389750"
"201900021321";"18";"4";"2019";"19:50";"1";"60";"60395";"2";"3";"1";"1";"Rue Victor Schoelcher";"49,2266250";"2,1269780"
"201900021322";"18";"4";"2019";"17:10";"1";"72";"72231";"1";"1";"1";"3";"d 304";"47,9134060";"0,3870120"
"201900021323";"17";"4";"2019";"14:00";"1";"62";"62845";"1";"2";"1";"3";"RD 215";"50,6261129";"1,6801027"
"201900021324";"17";"4";"2019";"22:30";"3";"56";"56078";"2";"1";"1";"6";"Résidence des Ajoncs d'Or";"47,7936520";" -3,5004100"
"201900021325";"18";"4";"2019";"10:25";"1";"80";"80211";"1";"1";"1";"2";"Route de Loeuilly";"49,7499200";"2,1617630"
"201900021326";"17";"4";"2019";"18:15";"1";"33";"33538";"2";"1";"1";"6";"rue du 08 mars 1945";"45,3956000";" -0,8952500"
"201900021327";"5";"3";"2019";"06:00";"5";"33";"33523";"2";"3";"1";"1";"CD11";"44,7354100";" -0,2639700"
"201900021328";"30";"6";"2019";"17:35";"1";"91";"91687";"2";"1";"1";"6";"SAINT-BRIEUC (ALLEE DE)";"48,6700000";"2,3620000"
"201900021329";"30";"6";"2019";"23:45";"5";"988";"98818";"2";"2";"8";"3";"AVENUE DU M. FOCH/AVENUE V. H. LAFLEUR";" -22,2743600";"166,4428000"
"201900021330";"30";"6";"2019";"21:30";"5";"988";"98818";"2";"3";"8";"3";"RUE JACQUES IEKAWE/RUE DALMAYRAC";" -22,2390800";"166,4728200"
"201900021331";"30";"6";"2019";"09:40";"1";"988";"98818";"1";"1";"2";"6";"VE1 HT PONT DE KOWEKARA";" -22,2341600";"166,4575500"
"201900021332";"29";"6";"2019";"03:15";"3";"988";"98818";"2";"1";"2";"7";"TEYSSANDIER DE LAUBAREDE (RUE)";" -22,2603200";"166,4507400"
"201900021333";"30";"6";"2019";"17:15";"1";"69";"69386";"2";"2";"1";"1";"THIERS                              (AV)";"45,7663230";"4,8617238"
"201900021334";"30";"6";"2019";"14:30";"1";"69";"69386";"2";"1";"1";"3";"GRANDE BRETAGNE (DE)                (AV)";"45,7724822";"4,8411338"
"201900021335";"28";"6";"2019";"21:25";"3";"972";"97213";"1";"1";"1";"2";"ROUTE DEPARTEMENTALE 15 A";"14,6384500";" -61,0101100"
"201900021336";"29";"6";"2019";"08:25";"1";"972";"97209";"1";"1";"1";"3";"FERME (RUE DE LA)";"14,6374100";" -61,0546000"
"201900021337";"30";"6";"2019";"14:20";"1";"69";"69382";"2";"2";"1";"1";"BAYARD                              (CO)";"45,7432200";"4,8228200"
"201900021338";"29";"6";"2019";"07:40";"1";"69";"69382";"2";"1";"1";"3";"TILSITT                             (QU)";"45,7573037";"4,8274666"
"201900021339";"30";"6";"2019";"23:15";"5";"95";"95585";"2";"3";"1";"6";"REFUZNICKS (ROUTE DES)";"48,9842111";"2,3872579"
"201900021340";"29";"6";"2019";"20:15";"2";"91";"91589";"2";"3";"1";"6";"VAN GOGH (RUE VINCENT)";"48,6750300";"2,3402700"
"201900021341";"30";"6";"2019";"17:10";"1";"91";"91201";"2";"1";"1";"6";"PORT AUX DAMES(QUAI+RUE DU)";"48,6808100";"2,3991100"
"201900021342";"30";"6";"2019";"19:30";"1";"82";"82121";"1";"1";"1";"3";"SAINT-MARTIAL D 8 (ROUTE DE)";"43,9830500";"1,4382400"
"201900021343";"29";"6";"2019";"09:10";"1";"79";"79329";"2";"2";"1";"2";"Boulevard du Huit Mai";"46,9925370";" -0,2167600"
"201900021344";"29";"6";"2019";"10:35";"1";"77";"77237";"2";"2";"7";"2";"D10 X D406";"48,8380400";"2,7529600"
"201900021345";"29";"6";"2019";"09:15";"1";"74";"74133";"2";"9";"1";"2";"CASSIN (RUE RENE)";"46,1799200";"6,2153300"
"201900021346";"29";"6";"2019";"17:00";"1";"69";"69256";"2";"1";"1";"4";"GASTON MONMOUSSEAU                  (AV)";"45,7788653";"4,9117631"
"201900021347";"30";"6";"2019";"12:20";"1";"69";"69266";"2";"3";"1";"3";"8 MAI 1945   (Rue du)";"45,7807100";"4,8914700"
"201900021348";"30";"6";"2019";"03:45";"5";"65";"65433";"2";"1";"1";"3";"CURIE (BOULEVARD JOLIOT)";"43,2111635";"0,0945566"
"201900021349";"30";"6";"2019";"18:00";"1";"64";"64445";"2";"6";"7";"3";"MORLAAS DE";"43,3079000";" -0,3384800"
"201900021350";"30";"6";"2019";"09:40";"1";"59";"59599";"2";"1";"1";"6";"NEUVILLE (PONT DE)";"50,7392000";"3,1691000"
"201900021351";"30";"6";"2019";"23:15";"3";"51";"51454";"2";"1";"1";"7";"RUE DES BONS MALADES";"49,2498139";"4,0151806"
"201900021352";"29";"6";"2019";"00:50";"3";"50";"50002";"1";"6";"1";"3";"COUTANCES (route de)";"49,1105600";" -1,1341700"
"201900021353";"30";"6";"2019";"21:10";"1";"50";"50218";"2";"1";"1";"7";"PLAT GOUSSET (PROMENADE)";"48,8409760";" -1,5961387"
"201900021354";"30";"6";"2019";"05:50";"2";"44";"44184";"1";"1";"8";"6";"RD 213";"47,2850400";" -2,2675100"
"201900021355";"29";"6";"2019";"18:57";"1";"42";"42225";"2";"1";"1";"3";"BOURDONNES ROUTE DES";"45,5359300";"4,5777400"
"201900021356";"30";"6";"2019";"02:05";"5";"38";"38421";"2";"2";"1";"3";"AVENUE AMBROISE CROIZAT";"45,1805600";"5,7664800"
"201900021357";"30";"6";"2019";"19:37";"1";"37";"37261";"2";"1";"1";"7";"CHEVALLIER (RUE AUGUSTE)";"47,3747108";"0,6788363"
"201900021358";"30";"6";"2019";"21:05";"1";"30";"30189";"2";"2";"1";"3";"UTRILLO (RUE OU IMPASSE)";"43,8228667";"4,3359402"
"201900021359";"30";"6";"2019";"21:50";"5";"13";"13203";"2";"1";"1";"5";"BD FERDINAND DE LESSEPS";"43,3194500";"5,3694700"
"201900021360";"30";"6";"2019";"16:40";"1";"13";"13209";"2";"1";"1";"3";"MICHELET (BOULEVARD)";"43,2718570";"5,3914260"
"201900021361";"30";"6";"2019";"05:00";"5";"13";"13212";"2";"1";"1";"6";"JEAN RAMEAU (RUE)";"43,3088000";"5,4189000"
"201900021362";"29";"6";"2019";"23:30";"5";"13";"13214";"2";"2";"1";"3";"ROLAND DORGELES (BOULEVARD)";"43,3492000";"5,3752000"
"201900021363";"29";"6";"2019";"18:15";"1";"13";"13211";"2";"1";"1";"6";"SAINT MARCEL (BOULEVARD DE )";"43,2886900";"5,4586300"
"201900021364";"30";"6";"2019";"11:25";"1";"6";"06088";"2";"3";"1";"1";"GROSSO (JUSQU'AU N° 58-77)";"43,6963500";"7,2514800"
"201900021365";"30";"6";"2019";"08:01";"1";"6";"06088";"2";"1";"1";"1";"COMBATTANTS D'AFN (RUE)";"43,7070600";"7,2598300"
"201900021366";"30";"6";"2019";"19:30";"1";"75";"75119";"2";"1";"1";"4";"PORTE D AUBERVILLIERS";"48,9007300";"2,3725630"
"201900021367";"30";"6";"2019";"01:10";"5";"75";"75120";"2";"1";"1";"2";"PORTE DE MONTREUIL";"48,8509950";"2,4152130"
"201900021368";"29";"6";"2019";"12:25";"1";"75";"75112";"2";"1";"1";"3";"PORT DE BERCY";"48,8266350";"2,3889950"
"201900021369";"30";"6";"2019";"20:00";"1";"75";"75120";"2";"1";"1";"3";"BOULEVARD DE BELLEVILLE";"48,8681760";"2,3818350"
"201900021370";"30";"6";"2019";"09:05";"1";"75";"75120";"2";"2";"1";"3";"RUE DE MENILMONTANT";"48,8699660";"2,3944910"
"201900021371";"30";"6";"2019";"16:00";"1";"75";"75116";"2";"1";"1";"6";"RUE DE LONGCHAMP";"48,8674390";"2,2775770"
"201900021372";"30";"6";"2019";"17:30";"1";"75";"75116";"2";"1";"1";"3";"RUE ADOLPHE YVON";"48,8642690";"2,2708010"
"201900021373";"30";"6";"2019";"12:10";"1";"75";"75116";"2";"7";"1";"3";"PLACE DE COLOMBIE";"48,8631940";"2,2685210"
"201900021374";"30";"6";"2019";"11:50";"1";"75";"75116";"2";"7";"1";"3";"PLACE DE LA PORTE DE SAINT CLOUD";"48,8376170";"2,2575220"
"201900021375";"30";"6";"2019";"04:55";"2";"75";"75115";"2";"2";"1";"3";"RUE DUTOT";"48,8376750";"2,3078480"
"201900021376";"30";"6";"2019";"19:30";"1";"94";"94017";"2";"1";"1";"6";"SONIA DE LAUNAY (VOI)";"48,8117500";"2,5362400"
"201900021377";"30";"6";"2019";"17:10";"1";"93";"93048";"2";"3";"1";"3";"HENRI BARBUSSE (BOULEVARD)";"48,8709300";"2,4399300"
"201900021378";"30";"6";"2019";"18:05";"1";"93";"93074";"2";"1";"1";"3";"BOUCHER RUE ALEXANDRE";"48,9332900";"2,5670400"
"201900021379";"30";"6";"2019";"19:15";"1";"93";"93027";"2";"1";"1";"2";"SAINT-DENIS (RUE DE)";"48,9317075";"2,3777991"
"201900021380";"30";"6";"2019";"13:05";"1";"92";"92048";"1";"1";"1";"1";"TRIVAUX (AVENUE DE) N° 9";"48,8021384";"2,2340333"
"201900021381";"30";"6";"2019";"17:20";"1";"49";"49159";"1";"1";"1";"6";"lieu dit la CRECOLIERE";"47,6479920";" -0,3054455"
"201900021382";"27";"5";"2019";"21:50";"5";"972";"97229";"1";"1";"1";"6";"RN2";"14,6119010";" -61,0963680"
"201900021383";"30";"6";"2019";"07:10";"2";"26";"26324";"1";"1";"1";"2";"Autoroute A7 PK 141";"44,3482360";"4,7676680"
"201900021384";"30";"6";"2019";"14:40";"1";"1";"01427";"2";"9";"1";"3";"Boulevard des Combattants";"45,9401290";"4,7799860"
"201900021385";"29";"6";"2019";"16:00";"1";"62";"62338";"2";"3";"1";"3";"Rue Louis Bouquet";"50,6259900";"2,8186980"
"201900021386";"21";"6";"2019";"16:30";"1";"29";"29105";"1";"1";"1";"2";"RN 12";"48,5185730";" -4,0358550"
"201900021387";"1";"7";"2019";"06:45";"1";"974";"97410";"1";"3";"1";"2";"Route Nationale 3";" -21,0574990";"55,7120450"
"201900021388";"28";"6";"2019";"07:00";"1";"14";"14406";"1";"1";"1";"6";"RN13";"49,2365290";" -0,5881660"
"201900021389";"5";"6";"2019";"12:05";"1";"23";"23144";"1";"1";"2";"1";"La Vergne";"45,8663240";"2,0513590"
"201900021390";"1";"7";"2019";"05:36";"2";"87";"87001";"1";"1";"1";"1";"RN 21 Pk16+200";"45,7904650";"1,1135270"
"201900021391";"16";"6";"2019";"21:30";"1";"62";"62176";"2";"1";"1";"7";"Rue Nationale";"50,5016340";"1,6912550"
"201900021392";"30";"6";"2019";"23:30";"3";"59";"59114";"2";"1";"1";"6";"rue du cahot";"50,4545700";"3,5188340"
"201900021393";"1";"7";"2019";"09:25";"1";"91";"91225";"2";"3";"1";"7";"Avenue de la Fontaine au Soulier";"48,6298610";"2,4695750"
"201900021394";"30";"6";"2019";"11:45";"1";"74";"74236";"1";"1";"1";"7";"Route des Chalets de Miage - chemin rural";"45,8388860";"6,7584910"
"201900021395";"1";"7";"2019";"16:50";"1";"74";"74065";"1";"1";"1";"6";"Route de Saint-Jean";"46,0291510";"5,9605060"
"201900021396";"1";"7";"2019";"11:40";"1";"76";"76197";"1";"1";"1";"6";"RD 149";"49,7811910";"1,0699890"
"201900021397";"30";"6";"2019";"17:30";"1";"80";"80096";"2";"2";"1";"2";"Rue de Gamaches";"50,0776030";"1,5002210"
"201900021398";"1";"7";"2019";"16:00";"1";"82";"82087";"1";"1";"1";"6";"RD 20";"44,1444000";"1,2551000"
"201900021399";"30";"6";"2019";"15:45";"1";"11";"11088";"1";"1";"1";"7";"CD56";"43,1707360";"2,3503610"
"201900021400";"1";"7";"2019";"13:10";"1";"89";"89190";"1";"3";"1";"1";"D606";"47,5270542";"3,7954116"
"201900021401";"30";"6";"2019";"17:15";"1";"63";"63448";"1";"1";"2";"1";"Route départementale 999";"45,4805355";"3,4332061"
"201900021402";"20";"6";"2019";"11:00";"1";"61";"61432";"1";"2";"1";"3";"les coureux";"48,7584600";"0,6847160"
"201900021403";"30";"6";"2019";"08:45";"1";"55";"55066";"1";"1";"1";"6";"Route Départementale 29";"48,6339440";"5,4920510"
"201900021404";"3";"6";"2019";"17:50";"1";"55";"55215";"2";"3";"1";"3";"11 Rue du Panorama";"48,5167640";"5,5036440"
"201900021405";"2";"6";"2019";"21:00";"1";"49";"49331";"1";"1";"1";"7";"La Michelinaie (Nyoiseau)";"47,7151810";" -0,9005380"
"201900021406";"1";"7";"2019";"08:30";"1";"46";"46281";"1";"1";"1";"7";"RD 807";"44,8376860";"1,8290670"
"201900021407";"30";"6";"2019";"16:40";"1";"39";"39527";"1";"1";"1";"6";"N/A";"47,2233080";"5,6862790"
"201900021408";"1";"7";"2019";"10:25";"1";"38";"38269";"2";"1";"7";"3";"Avenue du 22 Août 1944";"44,9170780";"5,7842000"
"201900021409";"28";"6";"2019";"18:15";"1";"38";"38313";"1";"1";"1";"1";"D526 - Pont de Ponsonnas";"44,8810510";"5,7936930"
"201900021410";"1";"7";"2019";"13:00";"1";"2";"02003";"1";"9";"1";"2";"RN 31";"49,3675020";"3,4245240"
"201900021411";"7";"6";"2019";"02:20";"3";"3";"03147";"1";"3";"1";"1";"N/A";"46,2849013";"3,7419991"
"201900021412";"1";"7";"2019";"11:10";"1";"3";"03082";"2";"6";"1";"3";"rue Docteur Ernest Décloux";"46,2881777";"2,7554356"
"201900021413";"29";"6";"2019";"20:55";"1";"70";"70498";"2";"1";"7";"7";"Champs de la Colonge";"47,7796380";"6,6242380"
"201900021414";"30";"6";"2019";"09:30";"1";"54";"54260";"1";"1";"7";"2";"RN 4";"48,5723520";"6,4955240"
"201900021415";"1";"7";"2019";"11:35";"1";"72";"72090";"2";"1";"7";"6";"5 Rue Beaufils";"48,0601550";"0,4933520"
"201900021416";"1";"7";"2019";"11:35";"1";"50";"50403";"1";"1";"1";"6";"Vge les Miellettes";"49,1521360";" -1,5856620"
"201900021417";"30";"6";"2019";"19:30";"1";"50";"50270";"1";"1";"1";"6";"N/A";"49,4722390";" -1,4801150"
"201900021418";"1";"7";"2019";"11:19";"1";"43";"43112";"2";"1";"1";"6";"ZAC  la Bourzede";"45,1088610";"3,4961930"
"201900021419";"1";"7";"2019";"09:35";"1";"7";"07009";"1";"1";"1";"1";"rd 86";"45,2401740";"4,7984880"
"201900021420";"30";"6";"2019";"03:20";"3";"27";"27584";"2";"1";"1";"6";"Rue de la Mairie";"49,2187410";"0,7955240"
"201900021421";"30";"6";"2019";"05:15";"5";"17";"17147";"2";"1";"1";"6";"21 Route Romaine";"45,8193890";" -0,5041050"
"201900021422";"1";"7";"2019";"11:30";"1";"30";"30059";"1";"1";"1";"5";"D104";"43,6911370";"4,2318230"
"201900021423";"1";"7";"2019";"08:45";"1";"52";"52423";"2";"1";"2";"7";"Rue du Général Leclerc";"48,2477041";"5,3286842"
"201900021424";"1";"7";"2019";"14:55";"1";"10";"10381";"1";"1";"1";"7";"Autoroute A5";"48,2690180";"3,9605380"
"201900021425";"30";"6";"2019";"20:00";"1";"13";"13050";"1";"1";"1";"1";"RD7n PK 39 + 150";"43,6531410";"5,2606910"
"201900021426";"5";"6";"2019";"13:32";"1";"77";"77279";"1";"1";"1";"2";"Autoroute A5 PK41.390";"48,3731500";"3,0533300"
"201900021427";"30";"6";"2019";"06:55";"1";"34";"34159";"1";"1";"1";"7";"RD-612";"43,5118631";"3,8026831"
"201900021428";"29";"6";"2019";"00:15";"3";"18";"18279";"1";"1";"1";"5";"A71";"47,2729290";"2,0426900"
"201900021429";"30";"6";"2019";"10:30";"1";"1";"01451";"1";"1";"1";"7";"parking -peage sortie 6 - A40";"46,2361560";"5,2733220"
"201900021430";"30";"6";"2019";"05:50";"2";"1";"01350";"1";"1";"1";"2";"A39 - P 141+400";"46,2799660";"5,2418960"
"201900021431";"30";"6";"2019";"23:34";"5";"69";"69244";"2";"9";"1";"1";"13 Avenue Victor Hugo";"45,7723390";"4,7912580"
"201900021432";"18";"6";"2019";"09:30";"1";"38";"38557";"1";"1";"1";"3";"A 432 - PK : 020+500 sens BEYNOST/COLOMBIER SAUGNIEU";"45,7695890";"5,0839580"
"201900021433";"27";"6";"2019";"11:10";"1";"33";"33553";"1";"9";"1";"2";"Autoroute A10 - péage de virsac";"45,0266200";" -0,4374300"
"201900021434";"28";"6";"2019";"09:40";"1";"33";"33321";"1";"1";"1";"2";"Autoroute A 10 PK 521+300 sens PARIS/BORDEAUX";"45,0572500";" -0,4559000"
"201900021435";"28";"6";"2019";"11:45";"1";"79";"79355";"1";"1";"1";"2";"N/A";"46,2998500";" -0,3673400"
"201900021436";"28";"6";"2019";"14:45";"1";"33";"33122";"1";"1";"1";"2";"route de fourc";"44,7545800";" -0,6856500"
"201900021437";"1";"7";"2019";"10:47";"1";"39";"39219";"1";"1";"1";"6";"N/A";"47,1926830";"5,7596070"
"201900021438";"30";"6";"2019";"19:15";"5";"974";"97422";"2";"3";"1";"3";"La Plaine des Cafres";" -21,2211070";"55,5545080"
"201900021439";"28";"4";"2019";"16:55";"1";"974";"97422";"1";"3";"1";"6";"Rue Maurice et Katia Krafft";" -21,1967970";"55,5789320"
"201900021440";"1";"7";"2019";"10:15";"1";"971";"97115";"2";"1";"1";"2";"Route de Brefort";"16,2653780";" -61,6419680"
"201900021441";"30";"6";"2019";"20:30";"3";"978";"97801";"1";"1";"1";"1";"route de la savane";"43,8122040";"4,7002520"
"201900021442";"30";"6";"2019";"21:45";"1";"28";"28007";"2";"6";"1";"6";"Route d'Oulins";"48,8630140";"1,4567010"
"201900021443";"30";"6";"2019";"16:30";"1";"77";"77142";"2";"2";"1";"3";"D934 X D33";"48,8597110";"2,9069960"
"201900021444";"1";"7";"2019";"10:24";"1";"83";"83079";"1";"1";"1";"6";"N/A";"43,2043870";"6,4754270"
"201900021445";"30";"6";"2019";"22:50";"3";"89";"89152";"2";"1";"9";"6";"37 Rue des Écoles";"47,9464320";"3,4701700"
"201900021446";"30";"6";"2019";"22:35";"3";"89";"89388";"1";"1";"1";"6";"Autoroute A6";"47,9433920";"3,2409320"
"201900021447";"28";"6";"2019";"22:00";"2";"57";"57206";"2";"1";"1";"1";"5 Rue de Picardie";"49,3056770";"6,1034570"
"201900021448";"1";"7";"2019";"17:50";"1";"3";"03102";"2";"2";"1";"6";"Grande Rue";"46,5201538";"3,6835027"
"201900021449";"1";"7";"2019";"17:00";"1";"3";"03286";"1";"9";"1";"3";"N/A";"46,4882292";"3,3450959"
"201900021450";"30";"6";"2019";"19:30";"1";"1";"01047";"1";"1";"1";"3";"Pont de chazey RD1084";"45,8565580";"5,2294410"
"201900021451";"1";"7";"2019";"17:00";"1";"79";"79049";"1";"1";"1";"6";"N/A";"46,8429730";" -0,4671030"
"201900021452";"30";"6";"2019";"21:18";"2";"16";"16078";"1";"1";"1";"6";"Ld Puyripeau";"45,7109730";"0,2180750"
"201900021453";"30";"5";"2019";"15:00";"1";"50";"50099";"1";"1";"1";"2";"Rue des Remblais saint hilaire petitville";"49,3029990";" -1,2483900"
"201900021454";"1";"7";"2019";"13:25";"1";"56";"56069";"2";"3";"1";"1";"Route de Crehal";"47,6361060";" -3,4568660"
"201900021455";"30";"6";"2019";"14:15";"1";"29";"29238";"1";"1";"1";"1";"Route de la Pointe";"48,3165289";" -4,5464976"
"201900021456";"30";"6";"2019";"17:00";"1";"59";"59256";"1";"1";"1";"6";"Rue du Chemin Vert";"50,5737830";"3,1385450"
"201900021457";"31";"5";"2019";"07:15";"1";"59";"59477";"2";"1";"1";"3";"36 Rue Jules Guesde";"50,5114059";"2,9073407"
"201900021458";"30";"6";"2019";"18:30";"1";"13";"13005";"1";"1";"1";"5";"A52-Sens Toulon vers Pont de l'Etoile";"43,3206600";"5,5934000"
"201900021459";"29";"6";"2019";"19:00";"1";"13";"13015";"1";"1";"1";"2";"A515CD-Gardanne vers A51-Marseille";"43,4309300";"5,3933000"
"201900021460";"30";"6";"2019";"02:35";"3";"13";"13211";"1";"1";"1";"2";"A50-Sens Marseille vers Aubagne";"43,2886350";"5,4438140"
"201900021461";"29";"6";"2019";"18:50";"1";"13";"13215";"1";"1";"1";"3";"A7-Sens Marseille vers Lyon";"43,3315106";"5,3777727"
"201900021462";"29";"6";"2019";"11:10";"1";"13";"13210";"1";"1";"1";"6";"A50-Sens Aubagne vers Marseille";"43,2851400";"5,4196400"
"201900021463";"30";"6";"2019";"13:30";"1";"69";"69282";"1";"1";"1";"6";"RN346   34.350 A 34.850";"45,7586000";"4,9853000"
"201900021464";"30";"6";"2019";"05:25";"2";"91";"91589";"1";"1";"1";"2";"AUTOROUTE A6";"48,6713900";"2,3465100"
"201900021465";"29";"6";"2019";"05:01";"5";"94";"94037";"1";"1";"1";"3";"AUTOROUTE A6B";"48,8158400";"2,3640900"
"201900021466";"29";"5";"2019";"10:30";"1";"63";"63113";"2";"1";"1";"6";"CHANELLES (RUE DES)";"45,7886965";"3,0821533"
"201900021467";"14";"5";"2019";"08:05";"1";"62";"62498";"2";"1";"1";"6";"ZOLA (R EMILE)";"50,4341183";"2,8319459"
"201900021468";"4";"6";"2019";"02:15";"5";"13";"13206";"2";"2";"1";"3";"NOTRE DAME (BOULEVARD)";"43,2900000";"5,3725000"
"201900021469";"3";"6";"2019";"19:45";"1";"13";"13204";"2";"1";"1";"6";"LIBERATION (BOULEVARD)";"43,3015380";"5,3927340"
"201900021470";"3";"6";"2019";"14:00";"1";"13";"13202";"2";"1";"1";"6";"MERY (RUE)";"43,2982160";"5,3708710"
"201900021471";"3";"6";"2019";"08:10";"1";"13";"13207";"2";"1";"1";"2";"Corniche John Fitzgérald Kennedy";"43,2831360";"5,3504060"
"201900021472";"2";"6";"2019";"22:00";"3";"95";"95252";"1";"1";"1";"3";"AUTOROUTE A115";"48,9885300";"2,2433600"