"Num_Acc";"jour";"mois";"an";"hrmn";"lum";"dep";"com";"agg";"int";"atm";"col";"adr";"lat";"long"
"201900021473";"4";"6";"2019";"19:40";"5";"988";"98818";"2";"3";"1";"6";"RUE E. UNGER/GAMBETTA";" -22,2647600";"166,4432300"
"201900021474";"4";"6";"2019";"15:00";"1";"988";"98818";"1";"1";"1";"6";"VOIE DE DEGAGEMENT OUEST";" -22,2558337";"166,4494440"
"201900021475";"5";"6";"2019";"00:40";"5";"69";"69383";"2";"2";"1";"3";"MARIUS VIVIER MERLE                 (BD)";"45,7570300";"4,8587400"
"201900021476";"4";"6";"2019";"16:50";"1";"69";"69383";"2";"1";"1";"6";"TURBIL                              (R )";"45,7570000";"4,8684400"
"201900021477";"3";"6";"2019";"18:54";"2";"972";"97213";"1";"1";"1";"3";"ROUTE DEPARTEMENTALE 3";"14,5985700";" -60,9972800"
"201900021478";"4";"6";"2019";"17:20";"1";"95";"95585";"1";"1";"2";"3";"RN1 PARIS PROVINCE";"48,9779425";"2,3646247"
"201900021479";"4";"6";"2019";"08:00";"1";"95";"95268";"2";"1";"2";"6";"AV DU GENERAL DE GAULLE";"48,9733900";"2,3999100"
"201900021480";"4";"6";"2019";"09:30";"1";"91";"91421";"2";"1";"8";"7";"REPUBLIQUE (AVENUE DE LA)";"48,6978500";"2,4716500"
"201900021481";"27";"5";"2019";"11:20";"1";"91";"91228";"2";"9";"1";"6";"CHENIER (RUE ANDRE)";"48,6245300";"2,4492190"
"201900021482";"4";"6";"2019";"22:50";"5";"91";"91657";"2";"1";"1";"3";"HENRI BARBUSSE (AVENUE)";"48,7001100";"2,4195100"
"201900021483";"3";"6";"2019";"14:55";"1";"87";"87085";"1";"1";"1";"6";"Parking CHU 1";"45,8111100";"1,2344900"
"201900021484";"3";"6";"2019";"18:00";"1";"86";"86194";"2";"1";"1";"6";"PONT SAINT CYPRIEN (RUE DU)";"46,5760800";"0,3454500"
"201900021485";"31";"5";"2019";"08:50";"1";"83";"83126";"2";"3";"1";"3";"VERLAQUE (AV NOEL )";"43,1172300";"5,8838600"
"201900021486";"3";"6";"2019";"11:15";"1";"83";"83126";"2";"1";"1";"3";"N/A";"43,1189530";"5,8309280"
"201900021487";"3";"6";"2019";"14:40";"1";"82";"82121";"2";"1";"1";"6";"DOUMERC (BOULEVARD BLAISE)";"44,0133700";"1,3638900"
"201900021488";"3";"6";"2019";"14:30";"1";"80";"80021";"2";"1";"1";"6";"AV DU GENERAL DE GAULLE";"49,9039120";"2,3008830"
"201900021489";"4";"6";"2019";"18:10";"1";"77";"77514";"2";"1";"3";"6";"OURCQ (BOULEVARD DE L')";"48,9503648";"2,5987415"
"201900021490";"2";"6";"2019";"17:50";"1";"76";"76351";"2";"1";"1";"3";"DEMIDOFF (RUE)";"49,4974400";"0,1327500"
"201900021491";"4";"6";"2019";"10:25";"1";"74";"74118";"2";"1";"1";"3";"REIGNIER (ROUTE DE)";"46,1736500";"6,2386300"
"201900021492";"3";"6";"2019";"10:20";"1";"72";"72181";"2";"1";"2";"6";"CUGNOT NICOLAS (BD)";"47,9901100";"0,2268700"
"201900021493";"4";"6";"2019";"23:35";"5";"69";"69266";"2";"2";"1";"3";"LOUIS GUERIN     (Rue)";"45,7745500";"4,8599100"
"201900021494";"3";"6";"2019";"18:40";"1";"69";"69266";"2";"2";"1";"6";"ROGER SALENGRO     (Avenue)";"45,7782800";"4,8792000"
"201900021495";"30";"5";"2019";"17:00";"1";"68";"68297";"2";"1";"1";"2";"BALE ( AVE DE)WIRU JUSQUE RUE MULHOUSENR";"47,5895300";"7,5600100"
"201900021496";"4";"6";"2019";"10:20";"1";"66";"66136";"2";"2";"1";"6";"GAUGUIN (AVENUE PAUL)";"42,7153300";"2,8937600"
"201900021497";"23";"5";"2019";"01:15";"5";"59";"59648";"2";"3";"1";"3";"JAURES JEAN RUE";"50,6008600";"3,0517100"
"201900021498";"4";"6";"2019";"12:00";"1";"56";"56121";"2";"2";"2";"3";"Cours de CHAZELLES";"47,7537600";" -3,3622100"
"201900021499";"2";"6";"2019";"13:40";"1";"39";"39411";"1";"1";"1";"5";"CHAMPAGNOLE (ROUTE DE) PARTIE HAUTE";"46,6889300";"5,6108790"
"201900021500";"31";"5";"2019";"20:15";"1";"39";"39411";"2";"1";"1";"6";"LIEME (RUE DE LA) COTE CENTRE VILLE";"46,6785602";"5,5830610"
"201900021501";"4";"6";"2019";"23:55";"5";"37";"37261";"2";"1";"1";"2";"SANITAS (PONT DU)";"47,3724100";"0,6961400"
"201900021502";"4";"6";"2019";"08:45";"1";"35";"35278";"1";"1";"1";"2";"RD 82";"48,1617530";" -1,6899480"
"201900021503";"3";"6";"2019";"19:45";"1";"35";"35051";"2";"1";"1";"7";"FOUGERES (ROUTE DE)";"48,1337000";" -1,6299900"
"201900021504";"4";"6";"2019";"15:10";"1";"29";"29232";"2";"6";"2";"7";"MASSE ALEXANDRE ROND POINT";"47,9971710";" -4,1002480"
"201900021505";"2";"8";"2019";"11:15";"1";"2B";"2B077";"1";"1";"1";"4";"RT 10";"42,4684960";"9,4892500"
"201900021506";"2";"8";"2019";"15:15";"1";"80";"80835";"1";"1";"1";"3";"RD1001";"49,9813880";"2,1204100"
"201900021507";"1";"8";"2019";"13:00";"1";"65";"65202";"1";"1";"1";"2";"RD 102 Pk 5+500";"43,0136780";" -0,1144980"
"201900021508";"31";"7";"2019";"06:00";"2";"33";"33394";"1";"1";"1";"3";"RD 243";"44,9104200";" -0,1941700"
"201900021509";"2";"8";"2019";"14:30";"1";"33";"33416";"1";"4";"1";"1";"RD22 / RD134E4";"45,1354200";" -0,5444400"
"201900021510";"3";"8";"2019";"12:00";"1";"69";"69033";"1";"1";"1";"7";"route des echets";"45,8600100";"4,8883500"
"201900021511";"2";"8";"2019";"15:55";"1";"32";"32054";"1";"1";"1";"6";"En Garon";"43,6836340";"0,3893020"
"201900021512";"3";"8";"2019";"16:35";"1";"32";"32416";"1";"1";"1";"6";"CD165 Pk 06+200";"43,7640690";"0,9344840"
"201900021513";"3";"8";"2019";"05:30";"2";"11";"11254";"1";"1";"1";"6";"D 119, PK 17.100";"43,2023850";"2,1493240"
"201900021514";"31";"7";"2019";"16:15";"1";"63";"63430";"2";"9";"1";"3";"Avenue du Général de Gaulle/park société générale";"45,8420209";"3,5124784"
"201900021515";"2";"8";"2019";"17:30";"1";"55";"55533";"1";"1";"1";"7";"pk 12+830";"48,6015090";"5,6458280"
"201900021516";"3";"8";"2019";"18:45";"1";"55";"55551";"1";"1";"1";"1";"rd 901";"48,9788590";"5,7405000"
"201900021517";"28";"7";"2019";"18:15";"1";"49";"49378";"2";"2";"1";"6";"rue de bel air";"47,3111500";" -0,0646680"
"201900021518";"2";"8";"2019";"20:45";"1";"49";"49345";"1";"2";"1";"1";"La Saulaie (Thouarcé)";"47,2693460";" -0,4919160"
"201900021519";"2";"8";"2019";"19:15";"1";"12";"12102";"1";"1";"1";"6";"route départementale 911";"44,2893480";"2,6330610"
"201900021520";"4";"8";"2019";"02:45";"3";"42";"42130";"1";"1";"1";"6";"D6";"45,6673004";"4,1750568"
"201900021521";"4";"8";"2019";"02:20";"4";"46";"46283";"2";"6";"1";"6";"D720 ROND POINT";"44,9758900";"1,6883110"
"201900021522";"1";"8";"2019";"12:00";"1";"47";"47070";"1";"2";"3";"3";"Résidence Casals-Redouns";"44,4779800";"0,9133910"
"201900021523";"2";"8";"2019";"19:10";"1";"47";"47143";"2";"4";"1";"3";"D 408";"44,1726067";"0,2935362"
"201900021524";"4";"8";"2019";"16:00";"1";"86";"86193";"1";"1";"1";"1";"Montplaisir";"46,7180070";"0,7359790"
"201900021525";"31";"7";"2019";"13:52";"1";"22";"22218";"1";"1";"1";"6";"Boloi";"48,8392560";" -3,2437390"
"201900021526";"31";"7";"2019";"20:20";"2";"22";"22216";"1";"1";"1";"7";"TRAOU LAN";"48,4920890";" -3,4192290"
"201900021527";"2";"8";"2019";"14:20";"1";"44";"44161";"2";"3";"1";"1";"route de Pontchateau";"47,5089580";" -2,0406240"
"201900021528";"2";"8";"2019";"15:00";"1";"29";"29037";"1";"1";"1";"2";"Route de Kergulan";"47,8735800";" -4,1551040"
"201900021529";"1";"8";"2019";"21:35";"3";"29";"29173";"1";"1";"1";"7";"Route départementale 56";"48,0129430";" -4,2026670"
"201900021530";"2";"8";"2019";"19:30";"1";"31";"31085";"1";"1";"1";"1";"D44";"42,9217070";"0,8040210"
"201900021531";"4";"8";"2019";"11:45";"1";"38";"38130";"1";"2";"1";"3";"Chemin de la Vie du Mulet";"45,3491740";"5,2500510"
"201900021532";"1";"8";"2019";"12:05";"1";"38";"38284";"1";"2";"1";"3";"chemin de chassagne";"45,4003350";"5,2102600"
"201900021533";"2";"8";"2019";"05:00";"2";"2";"02780";"1";"1";"1";"1";"Route Nationale 31";"49,3658120";"3,3756220"
"201900021534";"1";"8";"2019";"18:10";"1";"2";"02095";"2";"2";"1";"3";"1 Rue Paulin Pecqueux";"49,9881280";"3,4524190"
"201900021535";"2";"8";"2019";"14:05";"1";"2";"02018";"2";"9";"1";"3";"1 Rue Carnot";"49,5055330";"3,4514120"
"201900021536";"3";"8";"2019";"18:55";"2";"1";"01408";"1";"2";"7";"3";"D936";"46,2463590";"5,4232850"
"201900021537";"4";"8";"2019";"01:50";"3";"1";"01072";"1";"1";"1";"7";"D979";"46,1706420";"5,3423300"
"201900021538";"2";"8";"2019";"19:40";"1";"72";"72039";"2";"1";"1";"3";"Les aigues losses";"48,1777640";"0,4245200"
"201900021539";"3";"8";"2019";"19:45";"1";"72";"72344";"1";"1";"1";"6";"route de la vaudelle";"47,9229280";"0,1501970"
"201900021540";"3";"8";"2019";"01:30";"5";"6";"06032";"2";"6";"1";"7";"Avenue du Trois Septembre";"43,7229660";"7,3952680"
"201900021541";"3";"8";"2019";"20:20";"2";"6";"06079";"2";"9";"1";"3";"avenue Général de gaulle";"43,5298890";"6,9472610"
"201900021542";"2";"8";"2019";"18:30";"1";"14";"14752";"2";"4";"1";"3";"Route de Saint-Louet";"49,0830390";" -0,6540390"
"201900021543";"31";"7";"2019";"21:00";"1";"50";"50030";"2";"1";"1";"3";"Rue Alfred Rossel";"49,6683940";" -1,2638120"
"201900021544";"4";"8";"2019";"10:45";"1";"50";"50453";"1";"3";"1";"3";"RD 975 Avenue du président Coty";"48,8454980";" -1,2012370"
"201900021545";"2";"8";"2019";"10:00";"1";"60";"60284";"2";"1";"1";"6";"Place Aristide Briand";"49,3720510";"2,6517040"
"201900021546";"1";"8";"2019";"00:45";"3";"60";"60459";"1";"9";"1";"6";"Rue de la Neuville";"49,5572840";"2,7328350"
"201900021547";"24";"7";"2019";"02:20";"5";"60";"60471";"2";"1";"1";"6";"Rue de Chauny";"49,5793180";"3,0171690"
"201900021548";"3";"8";"2019";"18:45";"1";"60";"60347";"1";"1";"1";"7";"D316";"49,7182570";"1,7608388"
"201900021549";"3";"8";"2019";"21:05";"2";"45";"45301";"1";"1";"1";"1";"RD2152 - 33+700";"48,0992260";"2,1639900"
"201900021550";"30";"7";"2019";"11:50";"1";"45";"45008";"1";"2";"1";"3";"RD2020 - R DE CHARTRES";"48,0834869";"1,8745396"
"201900021551";"2";"8";"2019";"23:40";"3";"10";"10055";"1";"1";"1";"1";"rd 671";"48,1295550";"4,3407690"
"201900021552";"1";"8";"2019";"19:40";"1";"16";"16070";"2";"1";"1";"1";"Rue de Limoges";"45,8795230";"0,7338760"
"201900021553";"2";"8";"2019";"11:20";"1";"16";"16379";"1";"3";"1";"1";"La Croix de la Brunette";"45,7620010";"0,3962920"
"201900021554";"3";"8";"2019";"11:59";"1";"7";"07129";"1";"1";"1";"6";"N/A";"44,9589150";"4,6033900"
"201900021555";"1";"8";"2019";"22:50";"3";"7";"07291";"1";"1";"1";"6";"tournant de rouna";"44,3790540";"4,5028070"
"201900021556";"1";"8";"2019";"16:30";"1";"7";"07105";"1";"1";"1";"1";"N/A";"44,7752550";"3,9913420"
"201900021557";"14";"7";"2019";"11:50";"1";"21";"21060";"1";"1";"1";"2";"D34 - PR 3+450";"47,3577120";"5,2367790"
"201900021558";"2";"8";"2019";"16:30";"1";"21";"21023";"2";"1";"1";"6";"17 Rue Saint Jacques";"47,1348120";"4,4857150"
"201900021559";"1";"8";"2019";"12:00";"1";"40";"40014";"2";"9";"2";"3";"C4";"44,0354750";" -0,4144180"
"201900021560";"4";"8";"2019";"09:10";"1";"4";"04166";"1";"1";"1";"5";"RD 11";"43,8074600";"6,1112680"
"201900021561";"2";"8";"2019";"13:15";"1";"4";"04149";"2";"1";"1";"2";"RD 4096";"44,0244800";"5,9341983"
"201900021562";"3";"8";"2019";"10:40";"1";"4";"04024";"1";"1";"1";"3";"RD 900";"44,2487380";"6,3704080"
"201900021563";"4";"8";"2019";"00:50";"3";"85";"85143";"2";"1";"1";"6";"2 route du lac";"46,5219700";" -0,7652600"
"201900021564";"2";"8";"2019";"22:50";"5";"28";"28348";"2";"9";"1";"7";"Rue de la Paix";"48,7673850";"1,1992130"
"201900021565";"4";"8";"2019";"07:30";"1";"28";"28386";"1";"1";"1";"6";"RD 928";"48,5659800";"1,2191420"
"201900021566";"2";"8";"2019";"11:15";"1";"87";"87068";"1";"1";"1";"7";"RD1 pont de Lacoux";"46,1529630";"1,4173260"
"201900021567";"1";"8";"2019";"22:00";"3";"87";"87012";"1";"1";"1";"7";"Les Bregères";"46,0965830";"1,0794520"
"201900021568";"3";"8";"2019";"13:45";"1";"37";"37218";"1";"1";"1";"6";"Routé départementale 41";"46,9908680";"1,0358500"
"201900021569";"3";"8";"2019";"17:50";"1";"37";"37115";"2";"1";"1";"3";"21 Rue Pierre Ballue";"46,9746820";"0,7009120"
"201900021570";"2";"8";"2019";"11:15";"1";"37";"37192";"1";"1";"1";"6";"Le Bray";"47,2428560";"0,9224680"
"201900021571";"2";"8";"2019";"20:00";"1";"37";"37206";"2";"3";"1";"3";"lieu dit GUE du près saint antoine du roher";"47,4838875";"0,6624535"
"201900021572";"1";"8";"2019";"18:15";"1";"48";"48088";"1";"1";"1";"6";"D907 bis, le planiol";"44,3003300";"3,3135880"
"201900021573";"4";"8";"2019";"16:00";"1";"48";"48155";"1";"1";"1";"7";"Le Gibertin";"44,2119440";"3,7933820"
"201900021574";"2";"8";"2019";"07:50";"1";"8";"08193";"1";"1";"1";"7";"RD 21, 08130 GIVRY";"49,5009900";"4,5212290"
"201900021575";"2";"8";"2019";"12:09";"1";"10";"10438";"1";"1";"1";"7";"Autoroute A5";"48,1664870";"4,5366510"
"201900021576";"3";"8";"2019";"17:45";"1";"2";"02180";"1";"1";"1";"7";"Autoroute A.26 - Pk 202+600";"49,6526360";"3,5758870"
"201900021577";"4";"8";"2019";"15:45";"1";"1";"01304";"1";"1";"1";"2";"Bifurcation A42 A40";"46,0639343";"5,3284750"
"201900021578";"3";"8";"2019";"15:30";"1";"973";"97309";"1";"1";"1";"6";"boulevard Eugène Bassire";"4,9053910";" -52,3010610"
"201900021579";"2";"8";"2019";"20:00";"1";"13";"13007";"1";"1";"1";"2";"A520, PK 2.20, sens auriol-aubgne";"43,3670710";"5,6432140"
"201900021580";"3";"8";"2019";"13:45";"1";"36";"36230";"1";"1";"1";"2";"PR 033.600 - Autoroute A20";"47,0346840";"1,7922310"
"201900021581";"3";"8";"2019";"09:23";"1";"86";"86007";"1";"9";"1";"4";"A10 PK 270+950";"46,8491450";"0,5260360"
"201900021582";"1";"8";"2019";"04:45";"5";"38";"38485";"2";"2";"1";"3";"22 Avenue de la République";"45,1851210";"5,6970120"
"201900021583";"3";"8";"2019";"07:40";"1";"7";"07308";"2";"2";"1";"3";"Carrefour RD86C / RD86";"45,1866220";"4,7990580"
"201900021584";"1";"8";"2019";"16:40";"1";"69";"69077";"1";"1";"1";"2";"A6";"46,1479200";"4,7698590"
"201900021585";"1";"8";"2019";"19:30";"1";"76";"76319";"1";"1";"1";"3";"A13";"49,3388070";"1,0148650"
"201900021586";"4";"8";"2019";"12:30";"1";"13";"13118";"1";"1";"1";"7";"Autoroute A.8, Pk 1+030, sens Nice / Lyon";"43,5525670";"5,2486980"
"201900021587";"3";"8";"2019";"16:05";"1";"62";"62428";"1";"1";"1";"7";"A1";"50,2248110";"2,8334400"
"201900021588";"2";"8";"2019";"12:10";"1";"988";"98817";"2";"3";"1";"3";"RP1/RUE DES LIBELLULES";" -22,2720480";"166,6200020"
"201900021589";"3";"8";"2019";"12:30";"1";"988";"98809";"1";"1";"1";"7";"Galilé";" -22,6081620";"167,4890940"
"201900021590";"2";"8";"2019";"22:00";"5";"974";"97408";"2";"1";"1";"3";"21 Chemin Roland Jamin";" -20,9298820";"55,3500270"
"201900021591";"3";"8";"2019";"15:50";"1";"973";"97311";"2";"1";"1";"7";"1880 Avenue Christophe Colomb";"5,4577480";" -54,0409730"
"201900021592";"30";"7";"2019";"17:15";"1";"971";"97116";"1";"4";"2";"1";"Route pierre monerville";"16,3235360";" -61,4711490"
"201900021593";"3";"8";"2019";"12:15";"1";"971";"97119";"2";"2";"1";"3";"rue Victor SCHOELCHER";"16,3779960";" -61,4873490"
"201900021594";"2";"8";"2019";"13:59";"1";"77";"77222";"1";"1";"1";"1";"N36";"48,6427100";"2,7961500"
"201900021595";"1";"8";"2019";"06:20";"2";"95";"95139";"1";"1";"1";"6";"route de montreulil à la chapelle en vexin";"49,1812350";"1,7111460"
"201900021596";"3";"8";"2019";"16:30";"1";"2B";"2B337";"1";"1";"1";"5";"RT 20";"42,4583120";"9,2802310"
"201900021597";"1";"8";"2019";"18:40";"1";"2B";"2B093";"1";"1";"1";"3";"RT30";"42,6234610";"8,9065500"
"201900021598";"4";"8";"2019";"14:30";"1";"2B";"2B029";"1";"1";"1";"1";"RD81";"42,6989570";"9,3655680"
"201900021599";"1";"8";"2019";"19:35";"1";"2B";"2B355";"1";"1";"1";"6";"Vergaghio";"42,5130210";"9,3933980"
"201900021600";"1";"8";"2019";"08:15";"1";"2A";"2A247";"1";"1";"1";"1";"Route de Muratello";"41,5937710";"9,2305130"
"201900021601";"28";"7";"2019";"19:00";"1";"66";"66171";"2";"1";"1";"3";"cami de la mar";"42,6183050";"3,0177730"
"201900021602";"2";"8";"2019";"10:45";"1";"66";"66065";"2";"1";"1";"3";"Avenue Narcisse Planas";"42,5978500";"2,9781820"
"201900021603";"2";"8";"2019";"03:30";"3";"34";"34256";"1";"1";"1";"6";"Route départementale 54";"43,6985450";"4,0249330"
"201900021604";"21";"7";"2019";"00:50";"3";"84";"84034";"1";"1";"1";"7";"206 Route de l'Isle Sur Sorgue";"43,8969600";"4,9845650"
"201900021605";"2";"8";"2019";"14:25";"1";"83";"83106";"1";"1";"1";"1";"RD43";"43,3132600";"6,0746610"
"201900021606";"3";"8";"2019";"09:30";"1";"6";"06078";"1";"1";"1";"1";"pk 80+905";"43,9251410";"7,1498430"
"201900021607";"31";"7";"2019";"18:20";"1";"13";"13086";"2";"1";"1";"1";"RD96";"43,3439940";"5,6038460"
"201900021608";"1";"8";"2019";"11:10";"1";"13";"13007";"1";"1";"1";"1";"Route de la Sainte-Baume";"43,3529670";"5,6594050"
"201900021609";"3";"8";"2019";"21:52";"3";"89";"89013";"1";"1";"1";"2";"D606";"47,8515050";"3,5465110"
"201900021610";"3";"8";"2019";"09:20";"1";"71";"71291";"1";"3";"1";"7";"RD n° 335 - La croix Maillet";"46,2127070";"4,0169710"
"201900021611";"3";"8";"2019";"19:00";"1";"68";"68231";"1";"2";"1";"3";"Rue de Bale";"48,0136980";"7,5331560"
"201900021612";"1";"8";"2019";"18:15";"1";"67";"67451";"2";"4";"1";"3";"Rue des Paquerettes 67160";"48,9936160";"8,0349100"
"201900021613";"3";"8";"2019";"20:45";"2";"74";"74262";"2";"2";"1";"6";"Route de Porte d'En Haut";"46,1142405";"6,3136779"
"201900021614";"3";"8";"2019";"16:30";"1";"74";"74290";"1";"3";"1";"3";"Col des monttets";"46,0062002";"6,9232510"
"201900021615";"4";"8";"2019";"12:00";"1";"74";"74003";"2";"4";"1";"7";"Lieu dit ""le pont""";"45,8932810";"6,2256130"
"201900021616";"2";"8";"2019";"07:05";"1";"42";"42056";"2";"1";"1";"3";"65 route départementale 1086 - luzin";"45,4193890";"4,7383380"
"201900021617";"3";"8";"2019";"12:55";"1";"38";"38537";"2";"4";"1";"7";"rue du Dauphiné";"45,6367570";"5,1426490"
"201900021618";"30";"7";"2019";"10:10";"1";"38";"38484";"1";"1";"1";"6";"D75 sens SEPTEME vers VIENNE";"45,5535690";"4,9432060"
"201900021619";"29";"7";"2019";"08:00";"1";"38";"38562";"1";"1";"1";"7";"Route de Grenoble";"45,0909400";"5,7791200"
"201900021620";"21";"7";"2019";"09:00";"1";"1";"01249";"2";"1";"1";"1";"route de rillieux";"45,8298460";"4,9425300"
"201900021621";"3";"8";"2019";"11:38";"1";"69";"69141";"1";"1";"1";"7";"route de chaussan";"45,6255900";"4,6616270"
"201900021622";"3";"8";"2019";"09:05";"1";"69";"69141";"2";"6";"1";"2";"Boulevard du Général de Gaulle";"45,6249440";"4,6676080"
"201900021623";"2";"8";"2019";"18:30";"1";"69";"69143";"2";"9";"1";"6";"Avenue Jean Cristophe";"45,8774100";"4,8384600"
"201900021624";"3";"8";"2019";"07:25";"1";"69";"69191";"2";"1";"1";"3";"100 Chemin de l'Indiennerie";"45,8238900";"4,8103080"
"201900021625";"25";"7";"2019";"20:50";"1";"69";"69049";"1";"1";"1";"7";"Route de Quincieux";"45,8908150";"4,7757820"
"201900021626";"2";"8";"2019";"22:45";"3";"81";"81032";"1";"1";"1";"6";"Rocacher";"43,5252410";"2,0357370"
"201900021627";"3";"8";"2019";"18:55";"1";"32";"32368";"2";"2";"1";"3";"Hameau de CASTELJALOUX";"43,7698490";"0,6189700"
"201900021628";"2";"8";"2019";"15:50";"1";"79";"79048";"1";"2";"1";"3";"Route de la Mothe";"46,3412620";" -0,2859300"
"201900021629";"4";"8";"2019";"05:50";"3";"33";"33243";"2";"3";"1";"6";"101 Avenue Georges Pompidou";"44,9355850";" -0,2362280"
"201900021630";"2";"8";"2019";"17:00";"1";"33";"33403";"1";"2";"1";"3";"RD672/RD227/RD672E3";"44,6286100";" -0,1447600"
"201900021631";"2";"8";"2019";"14:30";"1";"33";"33165";"2";"1";"1";"3";"92 Avenue de l'Entre-Deux Mers";"44,8260000";" -0,4356000"
"201900021632";"2";"8";"2019";"11:30";"1";"33";"33436";"1";"2";"1";"3";"intersection d110E6 et d651";"44,5213840";" -0,6268230"
"201900021633";"4";"8";"2019";"15:10";"1";"85";"85222";"2";"1";"1";"3";"Rue des Marais Salants";"46,7016340";" -1,9337510"
"201900021634";"2";"8";"2019";"13:35";"1";"85";"85113";"1";"1";"1";"7";"120 Rue de la Croix";"46,6964500";" -2,3058800"
"201900021635";"4";"8";"2019";"16:00";"1";"27";"27676";"1";"1";"1";"7";"D 69";"49,1832270";"1,2719710"
"201900021636";"3";"8";"2019";"15:10";"1";"27";"27005";"1";"1";"1";"1";"D69";"49,1518690";"1,2383250"
"201900021637";"3";"8";"2019";"18:00";"1";"27";"27016";"2";"1";"1";"7";"avenue de la république 27700";"49,2444760";"1,4073970"
"201900021638";"4";"8";"2019";"17:50";"1";"27";"27465";"1";"1";"1";"2";"PK 26 + 400 RD 141";"48,9924480";"1,3430820"
"201900021639";"3";"8";"2019";"09:20";"1";"76";"76057";"2";"2";"1";"6";"54 rue Louis LESEIGNEUR";"49,5440070";"0,9550686"
"201900021640";"1";"8";"2019";"08:30";"1";"60";"60139";"2";"1";"1";"3";"rue thomas edison";"49,1534380";"2,2532600"
"201900021641";"2";"8";"2019";"11:20";"1";"62";"62025";"2";"1";"1";"1";"Départementale D940";"50,8058490";"1,6158310"
"201900021642";"1";"8";"2019";"21:15";"2";"62";"62290";"2";"1";"1";"1";"Rue de Roclincourt";"50,3297150";"2,7700310"
"201900021643";"2";"8";"2019";"16:15";"1";"13";"13106";"1";"1";"1";"3";"A7-Sens Marseille vers Lyon";"43,3886380";"5,3511056"
"201900021644";"9";"6";"2019";"19:45";"1";"13";"13071";"1";"1";"1";"1";"Vieux Port vers A7-Lyon";"43,4036100";"5,3440450"
"201900021645";"1";"8";"2019";"11:15";"1";"13";"13211";"1";"1";"1";"3";"A50-Sens Marseille vers Aubagne";"43,2921800";"5,4794400"
"201900021646";"29";"7";"2019";"17:20";"1";"13";"13211";"1";"1";"1";"4";"A50-Sens Marseille vers Aubagne";"43,2925300";"5,4542000"
"201900021647";"1";"8";"2019";"16:45";"1";"13";"13215";"1";"1";"1";"4";"A7-Sens Marseille vers Lyon";"43,3906700";"5,3510900"
"201900021648";"2";"8";"2019";"18:50";"1";"69";"69290";"1";"1";"1";"7";"A46S   40.883 A 43.680";"45,6983400";"4,9678300"
"201900021649";"31";"7";"2019";"14:00";"1";"69";"69382";"1";"1";"1";"2";"A7   0.000 A 2.278";"45,7469500";"4,8291600"
"201900021650";"23";"7";"2019";"15:40";"1";"38";"38087";"1";"1";"1";"2";"A46S   61.010 A 61.220";"45,5893827";"4,8091167"
"201900021651";"27";"7";"2019";"18:30";"1";"69";"69278";"1";"1";"3";"6";"A46N   9.020 A 11.650";"45,9037700";"4,8273900"
"201900021652";"31";"7";"2019";"10:30";"1";"69";"69256";"1";"1";"1";"3";"A42     0.560 A 4.020";"45,7928600";"4,9171600"
"201900021653";"27";"7";"2019";"12:20";"1";"69";"69279";"1";"1";"1";"7";"RD302   5.000 A 6.350";"45,7658600";"5,0508500"
"201900021654";"1";"8";"2019";"06:50";"1";"57";"57487";"1";"1";"1";"3";"Autoroute A31";"49,0946600";"6,1134900"
"201900021655";"31";"7";"2019";"08:50";"1";"67";"67482";"1";"1";"1";"4";"Autoroute A.35";"48,5532600";"7,7322900"
"201900021656";"2";"8";"2019";"19:00";"1";"33";"33143";"1";"1";"1";"4";"AUTOROUTE A 10";"44,9545750";" -0,4555400"
"201900021657";"3";"8";"2019";"12:58";"1";"91";"91086";"1";"1";"1";"7";"RN 104";"48,6239400";"2,3767900"
"201900021658";"1";"8";"2019";"11:10";"1";"91";"91064";"1";"1";"1";"4";"RN 118";"48,7444000";"2,1907000"
"201900021659";"31";"7";"2019";"15:55";"1";"91";"91589";"1";"1";"1";"5";"AUTOROUTE A6";"48,6803900";"2,3320500"
"201900021660";"2";"8";"2019";"14:20";"1";"78";"78362";"1";"1";"1";"2";"A13";"48,9759270";"1,7229470"
"201900021661";"1";"8";"2019";"18:48";"1";"92";"92063";"1";"1";"1";"3";"A86";"48,8714278";"2,1572725"
"201900021662";"3";"8";"2019";"14:30";"1";"95";"95277";"1";"1";"1";"3";"AUTOROUTE A3";"48,9763600";"2,4913000"
"201900021663";"3";"8";"2019";"01:30";"3";"93";"93005";"1";"1";"1";"3";"AUTOROUTE A1";"48,9629600";"2,4711100"
"201900021664";"2";"8";"2019";"19:45";"1";"93";"93007";"1";"1";"1";"3";"AUTOROUTE A3";"48,9431500";"2,4779300"
"201900021665";"2";"8";"2019";"19:45";"1";"93";"93073";"1";"1";"1";"2";"AUTOROUTE A104";"48,9667800";"2,5607100"
"201900021666";"2";"8";"2019";"08:00";"1";"92";"92036";"1";"1";"7";"5";"AUTOROUTE A86";"48,9383674";"2,3000797"