"Num_Acc";"jour";"mois";"an";"hrmn";"lum";"dep";"com";"agg";"int";"atm";"col";"adr";"lat";"long"
"201900021667";"31";"7";"2019";"14:50";"1";"95";"95219";"1";"1";"1";"3";"AUTOROUTE A115";"48,9962800";"2,2465500"
"201900021668";"31";"7";"2019";"06:30";"2";"94";"94028";"1";"1";"1";"4";"RN406.W";"48,7592607";"2,4839550"
"201900021669";"29";"7";"2019";"19:00";"1";"77";"77058";"1";"1";"1";"2";"A4";"48,8289610";"2,7369260"
"201900021670";"30";"7";"2019";"05:38";"2";"972";"97213";"1";"9";"8";"7";"ROUTE NATIONALE 5";"14,5954140";" -60,5851150"
"201900021671";"25";"6";"2019";"18:20";"1";"76";"76575";"2";"1";"1";"3";"DULLIN. RUE CHARLES";"49,3978100";"1,0683700"
"201900021672";"24";"6";"2019";"10:20";"1";"76";"76575";"2";"1";"1";"1";"CANADIENS. AVENUE DES";"49,4051100";"1,0676300"
"201900021673";"8";"7";"2019";"20:20";"1";"62";"62133";"2";"3";"1";"6";"FUSILLES (R )";"50,4173900";"2,9123600"
"201900021674";"30";"7";"2019";"22:53";"4";"60";"60175";"1";"1";"1";"2";"RN 16_SORTIE RN 16_ACCES ROUTE DE CHANTI";"49,2615964";"2,4897579"
"201900021675";"30";"7";"2019";"10:15";"1";"59";"59457";"2";"4";"1";"6";"PREVOTE RUE DE LA";"50,6686180";"2,9729760"
"201900021676";"31";"7";"2019";"04:50";"5";"13";"13209";"2";"1";"1";"6";"SAINTE MARGUERITE (BOULEVARD)";"43,2696200";"5,4017100"
"201900021677";"30";"7";"2019";"18:20";"1";"13";"13209";"2";"1";"1";"3";"SAINTE MARGUERITE (BOULEVARD)";"43,2654173";"5,4088837"
"201900021678";"30";"7";"2019";"15:21";"1";"13";"13211";"2";"1";"1";"7";"SAINT MENET (AVENUE DE)";"43,2902050";"5,4930566"
"201900021679";"30";"7";"2019";"09:20";"1";"13";"13211";"2";"1";"1";"2";"ALLAUCH A AUBAGNE (ROUTE D')";"43,3052700";"5,5011200"
"201900021680";"31";"7";"2019";"11:10";"1";"92";"92049";"2";"9";"1";"6";"REPUBLIQUE AVENUE DE LA N°2 A 90";"48,8155000";"2,3176400"
"201900021681";"31";"7";"2019";"09:00";"1";"92";"92049";"2";"1";"1";"3";"VERDIER AVENUE AUTRES N°";"48,8160500";"2,3145500"
"201900021682";"29";"7";"2019";"17:30";"1";"33";"33397";"1";"1";"1";"4";"AUTOROUTE A 10";"44,8980600";" -0,4952200"
"201900021683";"31";"7";"2019";"18:30";"5";"988";"98818";"2";"1";"1";"7";"RUE JULES FERRY";" -22,2718000";"166,4377700"
"201900021684";"30";"7";"2019";"19:35";"3";"974";"97416";"2";"3";"2";"3";"STADE (RUE DU)";" -21,3434000";"55,4867000"
"201900021685";"30";"7";"2019";"19:20";"3";"972";"97209";"1";"1";"1";"4";"RAVINE VILAINE (CHEMIN DEPARTEMENTAL DE)";"14,6332200";" -61,0603400"
"201900021686";"31";"7";"2019";"17:25";"1";"69";"69389";"2";"1";"1";"1";"SIDOINE APPOLINAIRE                 (AV)";"45,7620682";"4,8043482"
"201900021687";"31";"7";"2019";"09:30";"1";"69";"69286";"2";"3";"1";"3";"ROUTE DE STRASBOURG                 (RO)";"45,8120600";"4,8864500"
"201900021688";"29";"7";"2019";"21:00";"5";"2B";"2B033";"2";"1";"1";"6";"MARTYRS - QUAI DES";"42,6971900";"9,4524900"
"201900021689";"31";"7";"2019";"06:45";"2";"95";"95176";"2";"1";"1";"3";"CLEMENCEAU (BOULEVARD GEORGES)";"48,9720000";"2,1913500"
"201900021690";"31";"7";"2019";"17:20";"1";"91";"91691";"2";"1";"1";"6";"GABRIEL PERI(RUE) DU N°124 AU N°183";"48,7019500";"2,4867900"
"201900021691";"31";"7";"2019";"02:06";"5";"91";"91691";"2";"9";"1";"6";"Rond-point du Maréchal de Saxe";"48,7298690";"2,4995500"
"201900021692";"31";"7";"2019";"12:45";"1";"91";"91114";"2";"1";"1";"7";"PYRAMIDE (PLACE DE LA)";"48,6833700";"2,4905200"
"201900021693";"31";"7";"2019";"10:58";"1";"87";"87085";"2";"1";"1";"6";"CLAUDEL (RUE PAUL)";"45,8104000";"1,2691400"
"201900021694";"30";"7";"2019";"17:10";"1";"87";"87085";"2";"1";"1";"2";"LECLERC (AVENUE DU GENERAL)";"45,8429600";"1,2591500"
"201900021695";"18";"5";"2019";"20:59";"2";"87";"87085";"2";"1";"2";"5";"LECLERC (AVENUE DU GENERAL)";"45,8412200";"1,2581600"
"201900021696";"17";"5";"2019";"18:05";"1";"87";"87113";"2";"3";"2";"5";"MOULIN (AVENUE JEAN)";"45,8618900";"1,3225100"
"201900021697";"17";"5";"2019";"09:44";"1";"87";"87085";"2";"3";"2";"3";"LEMOINE (AVENUE GEORGES ET VALENTIN)";"45,8375200";"1,2553500"
"201900021698";"15";"5";"2019";"09:00";"1";"87";"87085";"2";"1";"1";"4";"THOMAS (AVENUE ALBERT)";"45,8364600";"1,2426100"
"201900021699";"15";"5";"2019";"15:02";"1";"87";"87085";"2";"1";"1";"6";"GAGNANT (AVENUE JEAN)";"45,8339800";"1,2723500"
"201900021700";"14";"5";"2019";"06:57";"2";"87";"87085";"2";"3";"1";"3";"GAY-LUSSAC (COURS)";"45,8358300";"1,2626900"
"201900021701";"13";"5";"2019";"19:19";"1";"87";"87085";"1";"1";"1";"4";"RD220";"45,8981300";"1,2950000"
"201900021702";"12";"5";"2019";"19:15";"1";"87";"87085";"2";"1";"1";"6";"CHENIEUX (RUE FRANCOIS)";"45,8380100";"1,2565600"
"201900021703";"11";"5";"2019";"10:03";"1";"87";"87085";"2";"1";"3";"6";"LECLERC (AVENUE DU GENERAL)";"45,8556000";"1,2672300"
"201900021704";"10";"5";"2019";"12:57";"1";"87";"87085";"2";"1";"1";"6";"BELLAC (RUE DE)";"45,8480100";"1,2454400"
"201900021705";"10";"5";"2019";"00:30";"5";"87";"87085";"2";"1";"1";"6";"GIFFARD (RUE HENRI)";"45,8720600";"1,2678100"
"201900021706";"13";"5";"2019";"09:00";"1";"87";"87085";"2";"1";"1";"4";"BLANC LOUIS (BOULEVARD)";"45,8283900";"1,2616100"
"201900021707";"11";"5";"2019";"09:39";"1";"87";"87085";"2";"6";"2";"6";"BEAUBREUIL (AVENUE DE)";"45,8803100";"1,2907300"
"201900021708";"7";"5";"2019";"22:49";"5";"87";"87085";"2";"1";"1";"7";"TOULOUSE (RUE DE)";"45,8224000";"1,2746500"
"201900021709";"6";"5";"2019";"15:45";"1";"87";"87085";"2";"1";"1";"7";"SAINTE CLAIRE (RUE)";"45,8235000";"1,2424500"
"201900021710";"6";"5";"2019";"11:56";"1";"87";"87085";"2";"1";"1";"6";"CURIE  (RUE PIERRE ET MARIE)";"45,8220800";"1,2463700"
"201900021711";"6";"5";"2019";"10:49";"1";"87";"87085";"2";"1";"1";"6";"LECLERC (AVENUE DU GENERAL)";"45,8539600";"1,2660400"
"201900021712";"4";"5";"2019";"16:19";"1";"87";"87085";"2";"9";"1";"6";"BEAUBLANC (BOULEVARD DE)";"45,8466500";"1,2436700"
"201900021713";"2";"5";"2019";"17:45";"1";"87";"87085";"2";"1";"2";"7";"SAINTE CLAIRE (RUE)";"45,8240800";"1,2453900"
"201900021714";"2";"5";"2019";"11:13";"1";"87";"87085";"2";"1";"1";"6";"1 DARNET (RUE)";"45,8301300";"1,2564600"
"201900021715";"30";"4";"2019";"10:20";"1";"87";"87085";"2";"9";"1";"3";"KING (AVENUE MARTIN LUTHER)";"45,8155900";"1,2343500"
"201900021716";"30";"4";"2019";"13:58";"1";"87";"87085";"2";"2";"1";"6";"MAS-BOUYOL  (CITE ET BOULEVARD DU)";"45,8277800";"1,2266500"
"201900021717";"29";"4";"2019";"18:05";"1";"87";"87085";"2";"2";"1";"6";"SILVESTRE (RUE CHARLES)";"45,8548600";"1,2520500"
"201900021718";"29";"4";"2019";"13:00";"1";"87";"87085";"1";"1";"1";"2";"AUTOROUTE A20";"45,8767900";"1,2877900"
"201900021719";"28";"4";"2019";"19:11";"2";"87";"87085";"2";"1";"1";"3";"PERRIN (RUE FRANCOIS)";"45,8292500";"1,2443500"
"201900021720";"26";"4";"2019";"22:40";"5";"87";"87085";"2";"3";"1";"3";"DUMAS (AVENUE GEORGES)";"45,8265300";"1,2649300"
"201900021721";"26";"4";"2019";"12:55";"1";"87";"87050";"2";"1";"1";"6";"FERRER (RUE FRANCISCO)";"45,8681800";"1,2625200"
"201900021722";"26";"4";"2019";"07:37";"4";"87";"87114";"1";"1";"2";"1";"PUY MOULINIER - LIEU DIT";"45,8524100";"1,3241500"
"201900021723";"27";"5";"2019";"15:30";"1";"86";"86194";"2";"1";"2";"4";"JACQUES COEUR (AVENUE)";"46,5683466";"0,3742138"
"201900021724";"26";"5";"2019";"17:25";"1";"86";"86158";"1";"1";"1";"3";"POITIERS (RUE DE)";"46,6175500";"0,3127900"
"201900021725";"19";"5";"2019";"20:10";"1";"86";"86194";"2";"3";"1";"3";"FAUBOURG PONT NEUF (RUE DU)";"46,5728900";"0,3665000"
"201900021726";"16";"5";"2019";"17:20";"1";"86";"86194";"2";"1";"1";"6";"IASSY (AVENUE DE)";"46,5723442";"0,3930402"
"201900021727";"10";"5";"2019";"17:00";"1";"86";"86194";"2";"1";"1";"7";"JACQUES COEUR (AVENUE)";"46,5592898";"0,3888278"
"201900021728";"9";"5";"2019";"20:55";"2";"86";"86194";"2";"1";"1";"6";"VINCENDERIE ( RUE DE LA )";"46,3538000";"0,2026000"
"201900021729";"6";"5";"2019";"20:10";"1";"86";"86194";"2";"1";"1";"6";"LIBERATION (AVENUE DE LA)";"46,5645847";"0,3177989"
"201900021730";"3";"5";"2019";"14:30";"1";"86";"86214";"2";"2";"1";"2";"CHAUME (RUE DE LA)";"46,5553500";"0,3298700"
"201900021731";"3";"5";"2019";"14:45";"1";"86";"86194";"2";"1";"1";"6";"EMILE ROUX (RUE)";"46,5898800";"0,3252500"
"201900021732";"9";"5";"2019";"11:15";"1";"86";"86066";"2";"3";"1";"6";"VILLENEUVE (RUE CHANOINE DE)";"46,8130400";"0,5442000"
"201900021733";"3";"5";"2019";"12:05";"1";"86";"86066";"2";"2";"7";"6";"CROIX ROUGE (RUE DE LA)";"46,8218800";"0,5446100"
"201900021734";"1";"5";"2019";"07:30";"1";"86";"86066";"2";"1";"1";"7";"MERMOZ (AVENUE JEAN)";"46,7923100";"0,5464300"
"201900021735";"29";"5";"2019";"00:30";"5";"85";"85194";"2";"2";"1";"3";"AQUITAINE (AVENUE D')";"46,4924600";" -1,7597500"
"201900021736";"17";"5";"2019";"14:40";"1";"85";"85194";"2";"1";"1";"6";"RUE DES OEILLETS";"46,5130900";" -1,7827000"
"201900021737";"2";"5";"2019";"12:30";"1";"85";"85194";"2";"1";"1";"6";"AVENUE FRANCOIS MITTERAND";"46,5147200";" -1,7780400"
"201900021738";"30";"4";"2019";"18:40";"1";"85";"85191";"2";"9";"1";"6";"BOULEVARD DES ETATS UNIS ";"46,6650100";" -1,4221800"
"201900021739";"30";"4";"2019";"11:00";"1";"84";"84087";"2";"6";"7";"6";"BRIAND (COURS ARISTIDE)";"44,1365300";"4,8045600"
"201900021740";"27";"5";"2019";"20:27";"1";"84";"84035";"2";"1";"1";"6";"GAMBETTA (COURS LEON)";"43,8379500";"5,0392100"
"201900021741";"24";"5";"2019";"11:37";"1";"84";"84035";"1";"2";"1";"3";"VIDAUQUE (AVENUE DE)";"43,8233100";"5,0701900"
"201900021742";"23";"5";"2019";"19:20";"1";"84";"84007";"2";"1";"1";"6";"RATEAU (rue)";"43,9454400";"4,8137900"
"201900021743";"17";"5";"2019";"17:00";"1";"84";"84007";"2";"1";"1";"6";"VALAYER";"43,9284900";"4,8172900"
"201900021744";"16";"5";"2019";"14:15";"1";"84";"84007";"2";"2";"1";"6";"MONOD (Boulevard J.)";"43,9377000";"4,8101400"
"201900021745";"12";"5";"2019";"00:10";"5";"84";"84007";"2";"1";"1";"3";"SAINT MICHEL (Boulevard)";"43,9426800";"4,8100700"
"201900021746";"30";"4";"2019";"23:00";"5";"84";"84007";"2";"3";"1";"3";"C.De GAULLE (Rocade)";"43,9408300";"4,7903200"
"201900021747";"28";"5";"2019";"19:40";"1";"83";"83062";"2";"6";"1";"1";"DELAGE (RUE MARC)";"43,1249200";"6,0050000"
"201900021748";"23";"5";"2019";"04:30";"4";"83";"83062";"2";"6";"1";"2";"ROND POINT PIERRE RONDE";"43,1412402";"6,0359830"
"201900021749";"25";"5";"2019";"12:15";"1";"83";"83144";"2";"1";"1";"3";"PICASSO (AVE PABLO)";"43,1322400";"5,9877400"
"201900021750";"24";"5";"2019";"14:40";"1";"83";"83137";"2";"1";"1";"6";"CLEMENCEAU (BD GEORGES)";"43,1223000";"5,9398800"
"201900021751";"23";"5";"2019";"06:00";"1";"83";"83062";"2";"4";"1";"3";"POUVEREL (CHEMIN DU)";"43,1168900";"6,0023900"
"201900021752";"18";"5";"2019";"22:00";"5";"83";"83137";"2";"2";"1";"3";"PRUNEAU (AVE GENERAL)";"43,1218900";"5,9555600"
"201900021753";"16";"5";"2019";"12:05";"1";"83";"83137";"2";"9";"1";"6";"DARDANELLES (AVE DES)";"43,1279300";"5,9223900"
"201900021754";"11";"5";"2019";"18:40";"1";"83";"83090";"1";"1";"1";"6";"SANARY (ROUTE DE)";"43,1257600";"5,8371600"
"201900021755";"11";"5";"2019";"15:20";"1";"83";"83137";"2";"6";"1";"3";"MIRASOULEOU (AVE / ROND POINT)";"43,1352500";"5,9774400"
"201900021756";"6";"5";"2019";"18:00";"1";"83";"83137";"2";"9";"1";"4";"CAMUS (AVE ALBERT)";"43,1338660";"5,8820230"
"201900021757";"3";"5";"2019";"06:05";"2";"83";"83137";"2";"9";"1";"3";"BAZEILLES (BD / ROND POINT DE)";"43,1128200";"5,9391600"
"201900021758";"30";"4";"2019";"15:05";"1";"83";"83137";"2";"1";"1";"5";"STRASBOURG (BD DE )";"43,1277000";"5,9057900"
"201900021759";"30";"4";"2019";"15:10";"1";"83";"83137";"2";"3";"1";"6";"ARMEE D'AFRIQUE (ALLEE)";"43,1124400";"5,9320600"
"201900021760";"29";"4";"2019";"08:45";"1";"83";"83137";"2";"1";"1";"3";"BRIAND (AVE ARISTIDE)";"43,1277000";"5,9057900"
"201900021761";"16";"5";"2019";"15:20";"1";"83";"83126";"2";"1";"1";"7";"AV DE LA 1ERE ARMEE FRANCAISE";"43,1172300";"5,8838600"
"201900021762";"6";"5";"2019";"09:00";"1";"83";"83126";"2";"1";"1";"6";"JUIN (AV MARECHAL)";"43,1076300";"5,8645600"
"201900021763";"27";"5";"2019";"15:45";"1";"83";"83129";"2";"3";"1";"3";"FONT DE FILLOL (RC ET T)";"43,0948200";"5,8302900"
"201900021764";"17";"5";"2019";"19:50";"2";"83";"83009";"2";"1";"1";"1";"ROCADE NORD";"43,1493400";"5,7626700"
"201900021765";"13";"5";"2019";"00:20";"5";"83";"83009";"2";"1";"1";"1";"MARSEILLE (BD DE)";"43,1443500";"5,7472000"
"201900021766";"6";"5";"2019";"20:00";"1";"83";"83123";"2";"6";"1";"6";"CORNICHE DU SOLEIL N° IMPAIRS";"43,1216500";"5,8048000"
"201900021767";"26";"5";"2019";"12:13";"1";"83";"83069";"1";"9";"1";"3";"SALINS ( ROUTE DES VIEUX)";"43,1245000";"6,1887000"
"201900021768";"9";"5";"2019";"11:45";"1";"83";"83069";"1";"1";"1";"6";"PIERREFEU (ROUTE DE) RD 12";"43,2050000";"6,1360000"
"201900021769";"7";"5";"2019";"18:40";"1";"83";"83069";"2";"1";"1";"3";"GAMBETTA (AVENUE)";"43,1171500";"6,1286100"
"201900021770";"23";"5";"2019";"17:30";"1";"83";"83118";"2";"1";"1";"6";"RUE WALDECK-ROUSSEAU";"43,4323000";"6,7727000"
"201900021771";"23";"5";"2019";"17:45";"1";"82";"82121";"1";"1";"1";"6";"LEOJAC D 70 (ROUTE DE)";"44,0136500";"1,4339600"
"201900021772";"26";"5";"2019";"07:30";"2";"82";"82121";"2";"2";"1";"3";"GUERRET (RUE MARCEL)";"44,0157600";"1,3735200"
"201900021773";"4";"5";"2019";"22:55";"5";"82";"82121";"2";"1";"1";"6";"VOLTAIRE (RUE)";"44,0349900";"1,3714900"
"201900021774";"17";"5";"2019";"08:55";"1";"82";"82033";"2";"3";"2";"6";"TOULOUSE RD 813 (ROUTE DE) ";"44,0339000";"1,1195300"
"201900021775";"29";"5";"2019";"17:20";"1";"81";"81163";"2";"9";"1";"6";"ARNETTE";"43,4910200";"2,3759700"
"201900021776";"11";"5";"2019";"14:05";"1";"81";"81163";"1";"1";"3";"6";"USINES";"43,4541100";"2,3812900"
"201900021777";"11";"5";"2019";"12:05";"1";"81";"81163";"2";"3";"2";"1";"MARIA (SOEUR)";"43,4976500";"2,3771900"
"201900021778";"29";"4";"2019";"15:20";"1";"81";"81021";"2";"1";"1";"2";"PREMIERE ARMEE FRANCAISE";"43,4937647";"2,3578605"
"201900021779";"14";"5";"2019";"12:00";"1";"81";"81060";"2";"1";"1";"6";"JAURES ( AVENUE JEAN )";"44,0498721";"2,1539144"
"201900021780";"28";"3";"2019";"17:50";"1";"81";"81060";"2";"9";"1";"6";"JAURES ( PLACE JEAN )";"44,0507600";"2,1558000"
"201900021781";"24";"5";"2019";"21:10";"2";"81";"81004";"1";"1";"3";"6";"ROCADE RN88 NORD";"43,9425497";"2,1674518"
"201900021782";"23";"5";"2019";"14:00";"1";"81";"81004";"2";"1";"1";"3";"LUDE (BD ET ALLEE DU)";"43,9191078";"2,1505829"
"201900021783";"30";"4";"2019";"21:20";"5";"81";"81004";"2";"2";"1";"3";"MOULIN (LICES JEAN)";"43,9254169";"2,1485841"
"201900021784";"28";"5";"2019";"14:40";"1";"80";"80021";"2";"1";"1";"2";"74, AV DU GENERAL FOY";"49,8910920";"2,2831100"
"201900021785";"27";"5";"2019";"15:40";"1";"80";"80164";"1";"1";"1";"4";"N25";"49,9027450";"2,3609590"
"201900021786";"27";"5";"2019";"23:10";"5";"80";"80021";"2";"1";"1";"6";"AV DE GENERAL DE GAULLE";"49,9025000";"2,2999300"
"201900021787";"27";"5";"2019";"17:10";"1";"80";"80021";"2";"1";"1";"3";"290, R SAINT MAURICE";"49,9076000";"2,2850600"
"201900021788";"23";"5";"2019";"12:50";"1";"80";"80021";"2";"1";"1";"2";"R FRANKLIN ROOSEVELT ";"49,9097640";"2,2980820"
"201900021789";"22";"5";"2019";"19:15";"1";"80";"80021";"2";"1";"1";"1";"FAUBOURG DE HEM (RUE DU)";"49,9024440";"2,2772060"
"201900021790";"19";"5";"2019";"21:30";"5";"80";"80021";"2";"1";"2";"1";"AV ROGER DUMOULIN";"49,9238710";"2,2888870"
"201900021791";"21";"5";"2019";"19:05";"1";"80";"80021";"2";"1";"1";"3";"FAUBOURG DE HEM (RUE DU)";"49,9025730";"2,2766250"
"201900021792";"19";"5";"2019";"19:15";"1";"80";"80021";"2";"1";"2";"2";"R CAGNARD";"49,9039000";"2,2878690"
"201900021793";"21";"5";"2019";"00:35";"5";"80";"80021";"2";"1";"1";"3";"R SAINT FUSCIEN";"49,8743970";"2,3065280"
"201900021794";"20";"5";"2019";"03:35";"5";"80";"80021";"2";"1";"1";"3";"R FRANKLIN ROOSEVELT ";"49,9154490";"2,2945070"
"201900021795";"17";"5";"2019";"12:20";"1";"80";"80021";"2";"1";"1";"3";"2, R DES DEPORTES";"49,9016130";"2,2997630"
"201900021796";"15";"5";"2019";"13:45";"1";"80";"80021";"2";"1";"1";"3";"36, R JEAN MARC LAURENT";"49,8709300";"2,3143200"
"201900021797";"15";"5";"2019";"20:45";"2";"80";"80021";"2";"1";"1";"2";"BD FAIDHERBE ";"49,8964130";"2,2888160"
"201900021798";"13";"5";"2019";"19:20";"1";"80";"80021";"2";"1";"1";"5";"496, R D'ABBEVILLE";"49,9115200";"2,2544500"
"201900021799";"13";"5";"2019";"14:45";"1";"80";"80021";"1";"1";"1";"2";"N25";"49,9029140";"2,3608470"
"201900021800";"10";"5";"2019";"19:55";"1";"80";"80021";"2";"1";"2";"2";"POINTIN (RUE)";"49,8856080";"2,3103260"
"201900021801";"12";"5";"2019";"23:00";"5";"80";"80632";"2";"1";"1";"6";"318, GRANDE RUE DU PETIT SAINT JEAN";"49,8825200";"2,2560700"
"201900021802";"6";"5";"2019";"11:50";"1";"80";"80021";"1";"1";"1";"5";"N25";"49,8980490";"2,3727950"
"201900021803";"5";"5";"2019";"21:50";"5";"80";"80021";"2";"1";"1";"3";"BAPAUME (BOULEVARD DE)";"49,8790300";"2,3065700"
"201900021804";"2";"5";"2019";"13:20";"1";"80";"80021";"2";"1";"3";"3";"1, PL RENE GOBLET";"49,8915300";"2,3022200"
"201900021805";"29";"4";"2019";"13:35";"1";"80";"80724";"1";"3";"1";"3";"N/A";"49,8642300";"2,2234300"
"201900021806";"26";"4";"2019";"13:20";"1";"80";"80021";"2";"1";"1";"4";"ANDRE DUROUCHEZ (RUE)";"49,9365200";"2,2675700"
"201900021807";"27";"4";"2019";"10:25";"1";"80";"80261";"2";"1";"2";"6";"ALL DE LA PEPINIERE";"49,8613200";"2,2765010"
"201900021808";"25";"4";"2019";"08:40";"1";"80";"80021";"2";"1";"2";"6";"165, R SAINT HONORE";"49,8855500";"2,2856200"
"201900021809";"22";"5";"2019";"08:05";"1";"80";"80001";"2";"1";"1";"3";"R DE MENCHECOURT";"50,1220100";"1,8111000"
"201900021810";"10";"5";"2019";"08:20";"1";"80";"80001";"2";"9";"1";"4";"CHS DE ROUVROY";"50,1060500";"1,8009200"
"201900021811";"22";"5";"2019";"08:44";"1";"79";"79329";"2";"1";"1";"3";"11 rue Albert Buisson";"46,9934410";" -0,2132900"
"201900021812";"23";"5";"2019";"19:40";"1";"79";"79191";"2";"3";"1";"6";"84 route d'Aiffres";"46,3156300";" -0,4519600"
"201900021813";"12";"5";"2019";"23:45";"5";"79";"79191";"2";"1";"1";"7";"358 route d'Aiffres";"46,3046900";" -0,4389700"
"201900021814";"30";"4";"2019";"22:41";"5";"79";"79191";"2";"1";"1";"7";"310 avenue de Paris";"46,3344700";" -0,4287400"
"201900021815";"24";"5";"2019";"18:20";"1";"78";"78646";"1";"1";"1";"2";"CLEMENT ADER (AVENUE)";"48,7920000";"2,1167800"
"201900021816";"24";"5";"2019";"14:25";"1";"78";"78646";"2";"2";"1";"3";"ROYALE (RUE)";"48,7951800";"2,1250600"
"201900021817";"22";"5";"2019";"12:05";"1";"78";"78646";"2";"2";"1";"6";"ARTOIS (RUE D')";"48,8044820";"2,1460960"
"201900021818";"14";"5";"2019";"08:56";"1";"78";"78646";"2";"3";"1";"6";"MARECHAL JOFFRE (RUE DU)";"48,7990100";"2,1240500"
"201900021819";"26";"4";"2019";"11:10";"1";"78";"78646";"2";"2";"1";"6";"LOI (PLACE DE LA)";"48,8148200";"2,1287600"
"201900021820";"28";"5";"2019";"22:30";"5";"78";"78358";"2";"1";"1";"3";"34, MUETTE ( RUE DE LA)";"48,9512960";"2,1406650"
"201900021821";"20";"4";"2019";"22:17";"5";"78";"78124";"2";"2";"1";"6";"JEAN JACQUES ROUSSEAU (AVENUE)";"48,9160800";"2,1780600"
"201900021822";"27";"5";"2019";"08:00";"1";"78";"78551";"1";"1";"2";"1";"RN 184";"48,9137550";"2,0742810"
"201900021823";"16";"5";"2019";"00:30";"3";"78";"78165";"2";"1";"1";"6";"BARBUSSE (AVENUE HENRY)";"48,8276000";"1,9727000"
"201900021824";"29";"3";"2019";"17:25";"1";"78";"78490";"2";"1";"1";"6";"VICOMTES (RUE DES)";"48,8284800";"1,9590700"
"201900021825";"25";"5";"2019";"14:10";"1";"78";"78440";"2";"1";"1";"6";"JEAN JAURES  (RUE)";"48,9887420";"1,9032540"
"201900021826";"20";"5";"2019";"15:00";"1";"78";"78440";"2";"2";"1";"6";"ILE DE FRANCE (ALLEE DE L')";"48,9860080";"1,9146580"
"201900021827";"16";"5";"2019";"07:40";"1";"78";"78401";"2";"3";"1";"5";"CD 28";"49,0119190";"1,9073670"
"201900021828";"15";"5";"2019";"05:30";"2";"78";"78403";"2";"1";"1";"6";"CHATEAUBRIAND (AVENUE)";"48,9989000";"1,8853000"
"201900021829";"13";"5";"2019";"13:25";"1";"78";"78638";"2";"3";"1";"6";"GENERAL DE GAULLE (RUE DU)";"49,0032710";"1,9706160"
"201900021830";"30";"4";"2019";"14:05";"1";"78";"78440";"2";"1";"1";"6";"MARYSE BASTIE (RUE)";"48,9788400";"1,9182900"
"201900021831";"29";"5";"2019";"03:45";"5";"78";"78498";"2";"1";"1";"6";"CASTILLE AV BLANCHE DE";"48,9262700";"2,0370300"
"201900021832";"27";"5";"2019";"15:20";"1";"78";"78643";"2";"1";"1";"6";"RESEDAS ALLEE DES";"48,9758700";"1,9855000"
"201900021833";"27";"5";"2019";"13:35";"1";"78";"78015";"2";"1";"1";"2";"ANDRESY ROUTE";"48,9805600";"2,0498700"
"201900021834";"24";"5";"2019";"01:00";"5";"78";"78138";"2";"1";"1";"6";"LEGRAND (RUE EDOUARD)";"48,9751950";"2,0308930"
"201900021835";"22";"5";"2019";"06:05";"2";"78";"78172";"2";"2";"1";"3";"FOCH (AVENUE DU MARECHAL)";"49,0049900";"2,1109800"
"201900021836";"7";"4";"2019";"22:30";"3";"78";"78624";"1";"6";"1";"6";"EUROPE (RN 190) AVENUE DE L'";"48,9548680";"2,0202890"
"201900021837";"16";"5";"2019";"16:50";"1";"78";"78498";"2";"1";"1";"6";"HOSPITAL AV MICHEL DE L'";"48,9245600";"2,0320100"
"201900021838";"14";"5";"2019";"14:45";"1";"78";"78498";"2";"1";"1";"1";"ROBESPIERRE BD 53bis";"48,9336430";"2,0508380"
"201900021839";"10";"5";"2019";"16:28";"1";"78";"78498";"1";"1";"3";"1";"RD30";"48,9121130";"2,0206070"
"201900021840";"29";"4";"2019";"08:25";"1";"78";"78624";"2";"1";"5";"6";"MOULIN CHEMIN DU";"48,9762700";"2,0151700"
"201900021841";"15";"5";"2019";"13:30";"1";"77";"77118";"2";"1";"1";"1";"CD 212";"48,9481600";"2,6673300"
"201900021842";"12";"5";"2019";"18:00";"1";"77";"77118";"1";"1";"1";"7";"ROUTE NATIONALE 3";"48,9439085";"2,6698227"
"201900021843";"13";"5";"2019";"00:15";"3";"77";"77294";"1";"1";"1";"6";"ROUTE PERIPHERIQUE SUD";"48,9928596";"2,6204378"
"201900021844";"6";"5";"2019";"16:50";"1";"77";"77118";"1";"9";"1";"6";"ACCES CENTRE COMMERCIAL";"48,9443764";"2,6651775"
"201900021845";"13";"3";"2019";"01:20";"5";"64";"64445";"2";"1";"1";"6";"NAPOLEON BONAPARTE";"43,2934683";" -0,3663206"
"201900021846";"23";"2";"2019";"18:30";"1";"62";"62573";"1";"1";"1";"3";"RD165";"50,4905448";"2,8813360"
"201900021847";"12";"3";"2019";"16:20";"1";"59";"59512";"2";"2";"1";"3";"ESPIERRE (RUE DE L')";"50,7078345";"3,1866758"
"201900021848";"8";"3";"2019";"09:29";"1";"58";"58194";"2";"6";"1";"7";"CROIX JOYEUSE (CARREFOUR)";"46,9951000";"3,1682000"
"201900021849";"8";"3";"2019";"17:32";"1";"57";"57630";"2";"2";"1";"3";"PHALSBOURG";"48,7408600";"7,0741200"
"201900021850";"13";"3";"2019";"07:20";"1";"51";"51454";"2";"3";"8";"3";"BOULEVARD MAURICE NOIROT";"49,2534100";"4,0186100"
"201900021851";"13";"3";"2019";"16:40";"1";"45";"45234";"2";"3";"1";"3";"R R BARTHELEMY-R POINCARE";"47,8306000";"1,9303400"
"201900021852";"13";"3";"2019";"14:10";"1";"45";"45147";"2";"1";"6";"6";"(RUE CAMILLE DESMOULINS";"47,9350500";"1,9305500"
"201900021853";"13";"3";"2019";"08:00";"1";"45";"45169";"2";"1";"1";"6";"RUE DES CHANTEMELLES";"47,9383500";"1,8405800"
"201900021854";"13";"3";"2019";"19:20";"5";"45";"45004";"2";"1";"1";"7";"PARKING DE LA GARE";"47,9738000";"2,7732100"
"201900021855";"12";"3";"2019";"18:05";"1";"44";"44109";"2";"1";"2";"6";"RUE DE L'ERAUDIERE";"47,2388190";" -1,5408780"