"Num_Acc";"jour";"mois";"an";"hrmn";"lum";"dep";"com";"agg";"int";"atm";"col";"adr";"lat";"long"
"201900021856";"7";"3";"2019";"08:55";"1";"43";"43046";"2";"1";"1";"6";"CHAMPS-ELYSEES (AVENUE DES)";"45,0521900";"3,8972200"
"201900021857";"1";"3";"2019";"18:15";"2";"36";"36044";"2";"1";"1";"5";"236 ROUTE DE CHATELLERAULT";"46,8034461";"1,6600373"
"201900021858";"12";"3";"2019";"17:12";"1";"36";"36044";"2";"3";"1";"3";"60 RUE DE L'INDRE";"46,8133266";"1,6902323"
"201900021859";"12";"3";"2019";"08:51";"1";"35";"35238";"2";"1";"1";"6";"ROPARTZ (GUY)";"48,1288800";" -1,6568930"
"201900021860";"13";"3";"2019";"12:50";"1";"34";"34172";"1";"1";"1";"6";"JOUHAUX (AVENUE LEON)";"43,5936300";"3,8206500"
"201900021861";"10";"3";"2019";"14:10";"1";"33";"33063";"2";"2";"2";"6";"AVE DU MAL DE LATTRE DE TASSIGNY CAUD.";"44,8571100";" -0,6200900"
"201900021862";"11";"3";"2019";"15:39";"1";"33";"33063";"2";"3";"1";"6";"CRS DE LA MARNE";"44,8301300";" -0,5694000"
"201900021863";"13";"3";"2019";"09:00";"1";"31";"31555";"2";"1";"1";"3";"RUE DES COSMONAUTES";"43,5599500";"1,4961800"
"201900021864";"13";"3";"2019";"08:10";"1";"30";"30189";"2";"1";"1";"3";"ALES (ROUTE)";"43,8592300";"4,3353900"
"201900021865";"12";"3";"2019";"19:37";"5";"29";"29232";"2";"1";"4";"3";"POMPIDOU GEORGES AVENUE";"47,9830000";" -4,0721900"
"201900021866";"4";"3";"2019";"07:40";"4";"29";"29019";"2";"1";"1";"6";"ROBESPIERRE (DE 33 A 107 ET 26 A 94)";"48,4081200";" -4,4903700"
"201900021867";"10";"3";"2019";"07:20";"2";"27";"27306";"2";"1";"8";"7";"GUILLAUMET (RUE)";"49,0036400";"1,1770400"
"201900021868";"13";"3";"2019";"12:57";"1";"24";"24053";"1";"1";"1";"1";"ROUTE NATIONALE 221";"45,1734000";"0,7655000"
"201900021869";"13";"3";"2019";"21:15";"5";"13";"13212";"2";"3";"6";"3";"CHARLES KADDOUZ (RUE)";"43,3140000";"5,4320000"
"201900021870";"13";"3";"2019";"20:40";"5";"13";"13213";"2";"6";"1";"3";"(RUE) RAYMONDE MARTIN";"43,3277220";"5,4100360"
"201900021871";"13";"3";"2019";"17:05";"1";"13";"13212";"2";"6";"1";"6";"GASTON FLOTTE (RUE)";"43,2961100";"5,4267200"
"201900021872";"13";"3";"2019";"14:30";"1";"13";"13208";"1";"1";"1";"3";"HAMBOURG (BOULEVARD)";"43,2496780";"5,3898880"
"201900021873";"12";"3";"2019";"19:20";"5";"13";"13211";"2";"2";"1";"3";"CAMOINS (AVENUE DES)";"43,3063460";"5,5103130"
"201900021874";"12";"3";"2019";"18:30";"2";"13";"13212";"2";"1";"1";"6";"24 AVRIL 15 (AVENUE DU)";"43,3070000";"5,4280000"
"201900021875";"13";"3";"2019";"18:50";"2";"13";"13005";"2";"1";"1";"3";"NATIONALE 8";"43,2848400";"5,5920000"
"201900021876";"11";"3";"2019";"12:50";"1";"11";"11262";"2";"1";"1";"6";"BORDEAUX (AVENUE DE)";"43,1820400";"2,9889000"
"201900021877";"13";"3";"2019";"20:10";"5";"6";"06088";"2";"1";"1";"3";"SEMARD (BD PIERRE)";"43,7159400";"7,2900400"
"201900021878";"13";"3";"2019";"16:26";"1";"1";"01283";"2";"6";"9";"3";"RUE VOLTAIRE";"46,2558900";"5,6559900"
"201900021879";"12";"3";"2019";"19:10";"5";"75";"75112";"2";"1";"2";"2";"PORTE DOREE";"48,8386920";"2,4129990"
"201900021880";"12";"3";"2019";"11:00";"1";"75";"75105";"2";"5";"1";"6";"RUE VAUQUELIN";"48,8416660";"2,3482460"
"201900021881";"13";"3";"2019";"11:55";"1";"75";"75120";"2";"3";"2";"6";"BOULEVARD DAVOUT";"48,8624190";"2,4091550"
"201900021882";"13";"3";"2019";"06:20";"2";"75";"75118";"2";"7";"1";"6";"PLACE DES ABBESSES";"48,8846150";"2,3388950"
"201900021883";"13";"3";"2019";"17:23";"1";"75";"75117";"2";"2";"1";"6";"PLACE GENERAL CATROUX";"48,8833490";"2,3095200"
"201900021884";"13";"3";"2019";"17:00";"1";"75";"75116";"2";"4";"8";"3";"RUE HENRY DE LA VAULX";"48,8358220";"2,2570730"
"201900021885";"12";"3";"2019";"18:45";"5";"75";"75116";"2";"1";"2";"7";"BOULEVARD THIERRY DE MARTEL";"48,8761260";"2,2795190"
"201900021886";"12";"3";"2019";"15:05";"1";"75";"75116";"2";"4";"1";"2";"AVENUE DE NEUILLY";"48,8784430";"2,2798210"
"201900021887";"12";"3";"2019";"20:15";"5";"75";"75114";"2";"1";"2";"6";"RUE DE GERGOVIE";"48,8338280";"2,3146920"
"201900021888";"13";"3";"2019";"11:15";"1";"75";"75113";"2";"1";"1";"3";"RUE DU CHATEAU DES RENTIERS";"48,8261860";"2,3691940"
"201900021889";"12";"3";"2019";"20:15";"5";"75";"75113";"2";"2";"2";"6";"RUE NEUVE TOLBIAC";"48,8322360";"2,3797700"
"201900021890";"13";"3";"2019";"16:30";"1";"75";"75112";"2";"1";"1";"6";"CARREFOUR DE PYRAMIDE";"48,8337890";"2,4451680"
"201900021891";"13";"3";"2019";"08:37";"1";"75";"75112";"2";"2";"1";"2";"RUE VAN GOGH";"48,8434290";"2,3707000"
"201900021892";"12";"3";"2019";"20:10";"5";"75";"75112";"2";"4";"2";"3";"RUE ESCOFFIER";"48,8269120";"2,3926780"
"201900021893";"13";"3";"2019";"20:15";"5";"75";"75111";"2";"2";"1";"3";"BOULEVARD VOLTAIRE";"48,8597500";"2,3768410"
"201900021894";"13";"3";"2019";"09:52";"1";"75";"75110";"2";"3";"1";"6";"BOULEVARD DE MAGENTA";"48,8782500";"2,3543070"
"201900021895";"13";"3";"2019";"09:00";"1";"75";"75110";"2";"2";"1";"3";"RUE LA FAYETTE";"48,8789760";"2,3557610"
"201900021896";"13";"3";"2019";"14:13";"1";"75";"75107";"2";"2";"1";"6";"AVENUE DU MARECHAL GALLIENI";"48,8599490";"2,3130980"
"201900021897";"13";"3";"2019";"00:45";"5";"75";"75104";"2";"2";"1";"6";"BOULEVARD HENRI IV";"48,8510830";"2,3622110"
"201900021898";"12";"3";"2019";"15:50";"1";"75";"75103";"2";"4";"1";"6";"RUE DU TEMPLE";"48,8660780";"2,3611240"
"201900021899";"12";"3";"2019";"19:40";"5";"75";"75101";"2";"7";"8";"6";"RUE SAINT HONORE";"48,8666100";"2,3285360"
"201900021900";"15";"1";"2019";"17:15";"1";"94";"94081";"2";"2";"1";"3";"JEAN JAURES (AV)";"48,7938000";"2,3989300"
"201900021901";"13";"3";"2019";"13:30";"1";"94";"94074";"2";"1";"8";"6";"COLONEL FABIEN (R)";"48,7807700";"2,4668600"
"201900021902";"12";"3";"2019";"18:20";"1";"94";"94068";"2";"7";"8";"3";"RONSARD (AV)";"48,8087317";"2,4676156"
"201900021903";"13";"3";"2019";"19:00";"5";"94";"94041";"2";"1";"1";"3";"JULES VANZUPPE (R)";"48,8202100";"2,3942700"
"201900021904";"13";"3";"2019";"19:30";"5";"94";"94038";"2";"9";"1";"7";"BERGERE (R DE LA)";"48,7600000";"2,3320000"
"201900021905";"12";"3";"2019";"19:30";"5";"94";"94033";"2";"2";"2";"1";"STALINGRAD (AV DE)";"48,8527100";"2,4493000"
"201900021906";"13";"3";"2019";"09:45";"1";"94";"94028";"2";"1";"1";"6";"LECLERC.(RUE DU GENERAL)";"48,7895900";"2,4661400"
"201900021907";"12";"3";"2019";"11:30";"1";"94";"94022";"2";"1";"1";"6";"MARECHAL DE LATTRE DE TASSIGNY (AV)";"48,7516100";"2,4061400"
"201900021908";"13";"3";"2019";"09:00";"1";"94";"94055";"2";"1";"1";"5";"OLIVIER D ORMESSON (AV)";"48,7800000";"2,5100000"
"201900021909";"29";"3";"2019";"12:30";"1";"93";"93070";"2";"1";"1";"2";"ARDOIN(RUE)";"48,9111545";"2,3255819"
"201900021910";"15";"2";"2019";"08:53";"1";"93";"93070";"2";"1";"1";"2";"MICHELET (AVE) : DU 1 AU 103";"48,9040500";"2,3440500"
"201900021911";"12";"3";"2019";"16:15";"1";"93";"93066";"2";"4";"1";"6";"RENOUILLERES";"48,9152800";"2,3440500"
"201900021912";"13";"3";"2019";"18:25";"1";"93";"93077";"2";"9";"1";"1";"DETOUCHE (AVENUE)";"48,8869000";"2,5163000"
"201900021913";"13";"3";"2019";"20:53";"5";"93";"93006";"2";"1";"1";"6";"MICHEL LOUISE RUE";"48,8759370";"2,4318990"
"201900021914";"12";"3";"2019";"18:22";"1";"93";"93079";"2";"1";"2";"3";"SAINT LEU (ROUTE)";"48,9540900";"2,3351100"
"201900021915";"13";"3";"2019";"16:00";"1";"93";"93010";"2";"1";"2";"6";"ROSNY (AV. DE)";"48,8946690";"2,4705730"
"201900021916";"11";"3";"2019";"20:15";"5";"92";"92050";"2";"3";"1";"2";"GARCHES RUE DE";"48,8786800";"2,2092200"
"201900021917";"11";"3";"2019";"07:45";"1";"92";"92050";"2";"6";"1";"3";"BOULE PLACE DE LA";"48,8869540";"2,2006350"
"201900021918";"13";"3";"2019";"09:48";"1";"92";"92040";"2";"1";"1";"7";"JULES GUESDES";"48,8190000";"2,2790000"
"201900021919";"12";"3";"2019";"18:45";"1";"92";"92025";"2";"2";"1";"1";"AGENT SARRE (AV DE L')";"48,9268550";"2,2732710"
"201900021920";"13";"3";"2019";"03:10";"5";"92";"92071";"2";"1";"1";"6";"HONNEUR (ALLEE D')";"48,7763200";"2,3130800"
"201900021921";"13";"3";"2019";"19:40";"5";"92";"92012";"2";"5";"8";"3";"ANDRE MORIZET (AVENUE) 1/47 - 2/52";"48,8363500";"2,2379642"
"201900021922";"13";"3";"2019";"11:35";"1";"92";"92012";"2";"5";"1";"3";"PIERRE GRENIER (AVENUE)";"48,8320854";"2,2530721"
"201900021923";"13";"3";"2019";"08:30";"1";"26";"26323";"1";"1";"1";"3";"route de la plaine";"45,0730600";"5,1121140"
"201900021924";"13";"3";"2019";"10:05";"1";"31";"31454";"1";"2";"2";"3";"Avenue de Toulouse";"43,4163120";"1,1316800"
"201900021925";"11";"3";"2019";"20:37";"4";"31";"31044";"2";"9";"1";"3";"Avenue Saint-Martin de Boville";"43,5988320";"1,5060890"
"201900021926";"14";"3";"2019";"08:15";"1";"52";"52519";"1";"1";"3";"3";"A31 pk 89+600";"47,6959470";"5,1857960"
"201900021927";"10";"3";"2019";"13:20";"1";"63";"63163";"1";"1";"6";"2";"A89 PK 317.400";"45,7553605";"2,7250844"
"201900021928";"12";"3";"2019";"10:45";"1";"62";"62750";"2";"4";"1";"3";"rue principale";"50,5708750";"2,4163870"
"201900021929";"13";"3";"2019";"17:15";"1";"34";"34270";"2";"2";"1";"3";"40 route de Béziers";"43,5711190";"3,8131630"
"201900021930";"14";"3";"2019";"07:40";"1";"51";"51323";"1";"1";"2";"1";"RN 4";"48,7240193";"3,8212309"
"201900021931";"14";"3";"2019";"07:40";"2";"74";"74309";"2";"1";"3";"2";"Route de Saint-Julien";"46,1144650";"6,0158880"
"201900021932";"12";"3";"2019";"21:05";"3";"67";"67311";"1";"1";"1";"1";"ROUTE DÉPARTEMENTALE 211";"48,2756670";"7,5414580"
"201900021933";"8";"3";"2019";"08:25";"1";"33";"33140";"2";"2";"2";"6";"55 RUE CHARLES DOPTER / RUE JEAN FEUGA";"44,7753900";" -0,3500700"
"201900021934";"13";"3";"2019";"15:10";"1";"68";"68158";"1";"3";"7";"5";"RD419";"47,6007750";"7,3813510"
"201900021935";"13";"3";"2019";"09:45";"1";"2";"02450";"1";"1";"8";"7";"lieu dit la marcotte";"49,8647657";"3,5538595"
"201900021936";"14";"3";"2019";"07:30";"2";"3";"03043";"1";"2";"2";"3";"N/A";"46,1659264";"3,2604814"
"201900021937";"10";"3";"2019";"09:30";"1";"26";"26345";"1";"1";"1";"6";" route de Ste Cécile ";"44,2845250";"4,8482790"
"201900021938";"14";"3";"2019";"16:45";"1";"58";"58278";"1";"1";"3";"1";"cd 13 pk 05+200 sens SERMOISE /CHEVENON";"46,9509570";"3,1840760"
"201900021939";"14";"3";"2019";"13:50";"1";"72";"72223";"1";"1";"2";"7";"D309 lieu dit le buisson";"47,8528580";" -0,1431230"
"201900021940";"12";"3";"2019";"09:00";"1";"7";"07064";"2";"1";"1";"6";"ZI La palisse";"44,9121120";"4,4415420"
"201900021941";"13";"3";"2019";"16:00";"1";"24";"24133";"1";"1";"1";"7";"bonhur";"45,5527000";"0,9782400"
"201900021942";"14";"3";"2019";"17:00";"1";"85";"85021";"1";"1";"1";"6";"L'Emerière";"47,0522200";" -1,2814900"
"201900021943";"14";"3";"2019";"08:00";"1";"8";"08022";"1";"1";"3";"3";"RD22";"49,8224245";"4,6781970"
"201900021944";"14";"3";"2019";"06:40";"2";"64";"64102";"1";"1";"2";"7";"A63- PK 169.800- sens France/Espagne";"43,5102700";" -1,4433010"
"201900021945";"14";"3";"2019";"16:10";"1";"68";"68118";"2";"1";"2";"6";"97 rue du général de Gaulle";"47,7290200";"7,4165980"
"201900021946";"14";"3";"2019";"10:30";"1";"974";"97422";"1";"1";"1";"3";"Rue Pierre Rivals";" -21,2250670";"55,5590650"
"201900021947";"14";"3";"2019";"18:10";"1";"83";"83107";"2";"1";"6";"7";"Corniche des Issambres";"43,3425600";"6,6892300"
"201900021948";"12";"3";"2019";"15:00";"1";"88";"88173";"1";"4";"1";"1";"Départementale 55";"48,3618020";"6,2537470"
"201900021949";"14";"3";"2019";"05:55";"2";"69";"69089";"2";"1";"1";"1";"28 avenue de la table de pierre";"45,7473600";"4,7552900"
"201900021950";"14";"3";"2019";"08:35";"1";"85";"85178";"2";"1";"8";"3";"Rouchère - Rue Jules Verne";"46,7554400";" -1,4321100"
"201900021951";"14";"3";"2019";"15:35";"1";"22";"22352";"2";"1";"2";"6";"9 route de Plouasne";"48,3371238";" -2,0249305"
"201900021952";"13";"3";"2019";"21:25";"5";"22";"22262";"2";"6";"1";"6";"rond point du 19 mars 1962";"48,4085400";" -2,9191520"
"201900021953";"14";"3";"2019";"17:30";"2";"27";"27331";"1";"2";"6";"3";"Intersection D1-D64 -HARICOURT-8";"49,1124590";"1,5566400"
"201900021954";"12";"3";"2019";"20:20";"5";"27";"27287";"1";"1";"1";"6";"CD830 - PK10";"48,9858650";"1,0210340"
"201900021955";"13";"3";"2019";"14:50";"1";"76";"76557";"1";"1";"6";"6";"cote de saint arnoult";"49,5277530";"0,7161090"
"201900021956";"14";"3";"2019";"17:25";"1";"2";"02031";"2";"1";"2";"6";"RIBEAUVILLE";"49,8110540";"4,1945350"
"201900021957";"12";"3";"2019";"15:50";"1";"83";"83062";"1";"1";"1";"6";"N/A";"43,1434000";"6,0142000"
"201900021958";"31";"1";"2019";"09:00";"1";"69";"69266";"1";"1";"1";"5";"RD383   3.750 A 7.640";"45,7783300";"4,8960600"
"201900021959";"13";"3";"2019";"16:45";"1";"33";"33162";"1";"1";"1";"2";"ROCADE A 630";"44,8726600";" -0,6396600"
"201900021960";"13";"3";"2019";"16:30";"1";"33";"33122";"1";"1";"2";"2";"AUTOROUTE A 63";"44,7211900";" -0,7371700"
"201900021961";"13";"3";"2019";"12:20";"1";"91";"91216";"1";"1";"8";"2";"AUTOROUTE A6";"48,6822800";"2,3299800"
"201900021962";"12";"3";"2019";"18:30";"5";"94";"94065";"1";"1";"3";"4";"AUTOROUTE A86";"48,7549500";"2,3454200"
"201900021963";"12";"3";"2019";"11:00";"1";"91";"91340";"1";"1";"1";"3";"RN 104";"48,6094980";"2,4403530"
"201900021964";"13";"3";"2019";"15:08";"1";"78";"78640";"1";"1";"2";"7";"N118";"48,7858150";"2,2227950"
"201900021965";"13";"3";"2019";"09:13";"1";"78";"78073";"1";"1";"1";"4";"RN12 INT";"48,7986080";"2,0035160"
"201900021966";"11";"3";"2019";"20:40";"2";"78";"78490";"1";"1";"1";"2";"RN12 EXT";"48,8005120";"1,9778490"
"201900021967";"12";"3";"2019";"22:15";"4";"93";"93053";"1";"1";"1";"7";"AUTOROUTE A3";"48,8975200";"2,4697900"
"201900021968";"13";"3";"2019";"00:05";"3";"93";"93013";"1";"1";"1";"2";"AUTOROUTE A1";"48,9412600";"2,4283500"
"201900021969";"12";"3";"2019";"07:35";"2";"93";"93053";"1";"1";"1";"3";"AUTOROUTE A3";"48,8928800";"2,4727900"
"201900021970";"8";"3";"2019";"06:30";"2";"76";"76351";"2";"2";"1";"3";"LOUIS LUMIERE";"49,5240992";"0,1229688"
"201900021971";"15";"2";"2019";"07:00";"2";"94";"94041";"2";"1";"1";"1";"MARCEL BOYER (QU)";"48,8250544";"2,3889570"
"201900021972";"31";"1";"2019";"11:30";"1";"92";"92050";"2";"3";"1";"3";"PONS NOEL RUE";"48,9041179";"2,2191525"
"201900021973";"11";"3";"2019";"19:40";"5";"92";"92049";"2";"1";"1";"6";"BROSSOLETTE AVENUE PIERRE";"48,8201477";"2,3111616"
"201900021974";"11";"3";"2019";"11:50";"1";"92";"92049";"2";"1";"2";"6";"REPUBLIQUE AVENUE DE LA N°1 A 79";"48,8178300";"2,3189900"
"201900021975";"10";"3";"2019";"02:15";"4";"95";"95641";"1";"1";"2";"2";"AUTOROUTE A1";"49,0754000";"2,5518000"
"201900021976";"12";"3";"2019";"17:50";"1";"976";"97611";"2";"1";"8";"6";"passamanty-Cavani-Be (rue)";" -12,8001100";"45,2105900"
"201900021977";"12";"3";"2019";"14:10";"1";"69";"69259";"2";"2";"1";"3";"REPUBLIQUE (DE LA)                  (AV)";"45,7059000";"4,8766400"
"201900021978";"12";"3";"2019";"16:00";"1";"69";"69389";"2";"1";"1";"6";"MARIETTON                           (R )";"45,7761700";"4,7983200"
"201900021979";"12";"3";"2019";"07:30";"1";"69";"69202";"2";"2";"1";"2";"CHATELAIN                           (R )";"45,7360000";"4,7955900"
"201900021980";"12";"3";"2019";"17:28";"1";"2B";"2B033";"2";"1";"1";"2";"AV DE LA LIBERATION";"42,6859000";"9,4453000"
"201900021981";"12";"3";"2019";"10:50";"1";"2A";"2A004";"2";"1";"1";"6";"KENNEDY AV PRESIDENT";"41,9304736";"8,7384503"
"201900021982";"12";"3";"2019";"14:44";"1";"91";"91477";"2";"3";"1";"1";"MOULIN (RUE DU)";"48,7033200";"2,2129000"
"201900021983";"16";"11";"2019";"14:30";"1";"93";"93005";"1";"1";"1";"2";"AUTOROUTE A1";"48,9611700";"2,4689600"
"201900021984";"6";"3";"2019";"21:30";"5";"91";"91377";"2";"1";"3";"6";"CARNOT (AVENUE)";"48,7250900";"2,2610300"
"201900021985";"16";"11";"2019";"07:00";"3";"93";"93013";"1";"1";"2";"5";"AUTOROUTE A1";"48,9405400";"2,4248400"
"201900021986";"27";"2";"2019";"08:30";"1";"91";"91689";"1";"6";"1";"6";"EUROPE (BOULEVARD DE L')";"48,7334800";"2,3352000"
"201900021987";"16";"11";"2019";"04:40";"4";"93";"93066";"1";"1";"8";"6";"AUTOROUTE A1";"48,9269100";"2,3568900"
"201900021988";"12";"3";"2019";"18:35";"5";"91";"91286";"2";"9";"3";"3";"CORBEIL (ROUTE DE)";"48,6559800";"2,3851900"
"201900021989";"15";"11";"2019";"23:25";"3";"93";"93066";"1";"1";"2";"6";"AUTOROUTE A1";"48,9291200";"2,3608900"
"201900021990";"12";"3";"2019";"14:39";"1";"88";"88413";"2";"2";"1";"3";"Rue des PEUPLIERS";"48,2961800";"6,9474700"
"201900021991";"12";"3";"2019";"08:02";"1";"87";"87085";"2";"1";"1";"6";"BAUDIN ( AVENUE) (VC)";"45,8269900";"1,2593500"
"201900021992";"15";"11";"2019";"23:20";"3";"93";"93078";"1";"1";"2";"5";"AUTOROUTE A104";"48,9630000";"2,5224000"
"201900021993";"11";"3";"2019";"16:55";"1";"87";"87085";"2";"1";"1";"6";"SCHUMAN (BOULEVARD ROBERT)";"45,8554300";"1,2671100"
"201900021994";"16";"11";"2019";"00:20";"5";"94";"94073";"1";"1";"1";"6";"A86 EXT";"48,7700000";"2,3888000"
"201900021995";"10";"3";"2019";"00:27";"3";"87";"87085";"2";"1";"2";"6";"NEXON (RUE DE)";"45,8035800";"1,2528300"
"201900021996";"11";"3";"2019";"19:39";"2";"87";"87085";"2";"3";"1";"3";"BLANC LOUIS (BOULEVARD)";"45,8289900";"1,2621500"
"201900021997";"10";"3";"2019";"09:19";"1";"87";"87085";"2";"2";"2";"3";"SABLARD (AVENUE DE)";"45,8281900";"1,2821700"
"201900021998";"11";"3";"2019";"17:55";"1";"84";"84035";"2";"1";"1";"2";"BOSCODOMINI (AVENUE)";"43,8176400";"5,0475500"
"201900021999";"14";"11";"2019";"13:00";"1";"63";"63070";"1";"9";"2";"3";"MONT-DORE (AVENUE DU)";"45,7397668";"3,0694454"
"201900022000";"12";"3";"2019";"15:56";"1";"83";"83137";"2";"1";"1";"6";"DE GAULLE (CORNICHE GENERAL)";"43,1092500";"5,9568600"
"201900022001";"6";"11";"2019";"14:00";"1";"58";"58194";"2";"2";"2";"3";"MARZY";"46,9874000";"3,1326000"
"201900022002";"12";"3";"2019";"06:50";"1";"83";"83137";"2";"3";"1";"3";"FORGENTIER (CHEMIN DE)";"43,1376000";"5,8957300"
"201900022003";"12";"3";"2019";"19:00";"3";"77";"77294";"1";"3";"3";"1";"D84 X ROUTE PERIPHERIQUE SUD";"48,9910500";"2,5998400"
"201900022004";"29";"9";"2019";"19:20";"1";"92";"92004";"2";"1";"3";"4";"PIERRE CURIE";"48,9188180";"2,3140970"
"201900022005";"11";"3";"2019";"21:50";"5";"76";"76351";"2";"4";"1";"3";"PASTEUR";"49,5030100";"0,1306100"
"201900022006";"13";"11";"2019";"12:45";"1";"93";"93053";"1";"1";"1";"5";"AUTOROUTE A3";"48,8962600";"2,4701900"
"201900022007";"9";"3";"2019";"17:50";"1";"76";"76447";"2";"1";"1";"1";"HENRI MATISSE";"49,5505000";"0,1748000"
"201900022008";"15";"11";"2019";"11:25";"1";"974";"97411";"1";"9";"1";"6";"QUATRE VOIES GILLOT (ROUTE A)";" -20,8860200";"55,4987800"
"201900022009";"10";"3";"2019";"08:55";"1";"76";"76351";"2";"3";"1";"6";"LESUEUR (RUE)";"49,4947000";"0,1226900"
"201900022010";"14";"11";"2019";"14:30";"1";"974";"97411";"1";"9";"1";"3";"RUISSEAU DES NOIRS (RUE)";" -20,8899300";"55,4529700"
"201900022011";"11";"3";"2019";"18:00";"1";"72";"72181";"2";"1";"7";"6";"EDISON THOMAS (RUE)";"48,0249900";"0,1793600"
"201900022012";"12";"3";"2019";"07:55";"1";"71";"71105";"2";"1";"7";"6";"COUPEE (GRANDE-RUE DE LA)";"46,3075900";"4,8177700"
"201900022013";"12";"3";"2019";"08:50";"1";"69";"69282";"2";"2";"1";"3";"POMMIER (DE)                        (CH)";"45,7785700";"5,0184100"
"201900022014";"11";"3";"2019";"14:05";"1";"64";"64335";"1";"1";"1";"2";"EUROPE DE L'";"43,3375000";" -0,4614000"
"201900022015";"11";"3";"2019";"10:20";"1";"64";"64445";"2";"2";"1";"6";"ALLEES DE MORLAAS DES";"43,3062282";" -0,3441390"
"201900022016";"11";"3";"2019";"18:00";"1";"62";"62193";"2";"1";"7";"3";"MARTIN LUTHER KING";"50,9546400";"1,8931300"
"201900022017";"12";"3";"2019";"09:00";"1";"59";"59360";"2";"3";"1";"6";"SALVADOR ALLENDE";"50,6029415";"3,0423648"
"201900022018";"10";"3";"2019";"05:40";"5";"59";"59183";"2";"2";"2";"6";"LIBERATION - AVENUE";"51,0457490";"2,3881460"
"201900022019";"15";"11";"2019";"07:21";"1";"974";"97407";"1";"1";"2";"3";"ROUTE DU SACRE COEUR";" -20,9522000";"55,3055900"
"201900022020";"10";"3";"2019";"15:49";"1";"57";"57672";"1";"1";"6";"1";"METZ (ROUTE DE)";"49,3389100";"6,1593500"
"201900022021";"15";"11";"2019";"19:00";"5";"973";"97302";"2";"1";"1";"3";"JADFARD (RENE)";"4,9341489";" -52,3324871"
"201900022022";"14";"11";"2019";"13:20";"1";"973";"97302";"2";"1";"1";"3";"BADUEL (ROUTE DE)";"4,9346700";" -52,3115300"
"201900022023";"10";"3";"2019";"02:45";"5";"49";"49099";"2";"3";"1";"3";"GAMBETTA (AVENUE LEON)";"47,0630000";" -0,8752200"
"201900022024";"15";"11";"2019";"08:08";"1";"973";"97302";"2";"1";"1";"3";"RABAN (ROUTE DE)";"4,9271436";" -52,3140764"
"201900022025";"11";"3";"2019";"09:40";"1";"49";"49007";"2";"1";"1";"3";"LYCEE PLACE";"47,4671000";" -0,5448600"
"201900022026";"12";"3";"2019";"19:17";"3";"47";"47323";"2";"1";"1";"3";"CASSENEUIL(ROUTE DE )";"44,4259900";"0,7003600"
"201900022027";"15";"11";"2019";"06:49";"1";"973";"97302";"2";"1";"1";"3";"MADELEINE (ROUTE DE LA)";"4,9111282";" -52,3214684"
"201900022028";"12";"3";"2019";"10:15";"1";"45";"45234";"2";"9";"1";"3";"BD DE CHATEAUDUN";"47,9137210";"1,8953700"
"201900022029";"15";"11";"2019";"15:15";"1";"69";"69389";"2";"1";"1";"7";"25EME REGIMENT DE TIRAILLEURS SENEGA(AV)";"45,7909000";"4,8020400"
"201900022030";"3";"3";"2019";"14:13";"1";"42";"42218";"2";"3";"1";"3";"SEMARD PIERRE";"45,4326600";"4,3782100"
"201900022031";"14";"11";"2019";"07:50";"1";"69";"69385";"2";"1";"3";"6";"COMMANDANT CHARCOT (DU)             (R )";"45,7547400";"4,8069300"
"201900022032";"1";"3";"2019";"18:29";"2";"42";"42218";"2";"2";"1";"3";"POURCEL ALEXANDRE A PARTIR Nø 27-26";"45,4235200";"4,3934300"
"201900022033";"12";"3";"2019";"07:30";"2";"42";"42095";"2";"1";"1";"4";"TARDIVE(RUE DE LA)";"45,3856200";"4,2790400"
"201900022034";"13";"11";"2019";"12:20";"1";"69";"69384";"2";"1";"1";"6";"BONY                                (R )";"45,7731800";"4,8189600"
"201900022035";"12";"3";"2019";"21:30";"3";"35";"35278";"1";"1";"1";"6";"RD 137";"48,1514700";" -1,6999470"
"201900022036";"15";"11";"2019";"14:20";"1";"971";"97101";"2";"9";"1";"6";"RN05";"16,2636300";" -61,5131300"
"201900022037";"11";"3";"2019";"08:30";"1";"35";"35051";"1";"1";"1";"2";"RN157";"48,1144970";" -1,5587660"
"201900022038";"15";"11";"2019";"02:15";"5";"971";"97113";"2";"1";"1";"6";"MONTAUBAN (SECTEUR)";"16,2142700";" -61,5014100"
"201900022039";"10";"3";"2019";"15:50";"1";"33";"33200";"2";"1";"2";"1";"108 AVE PASTEUR";"44,8700200";" -0,6740900"
"201900022040";"11";"3";"2019";"08:59";"1";"31";"31555";"1";"1";"1";"3";"VA007331 A620";"43,5692300";"1,4229800"
"201900022041";"15";"11";"2019";"19:55";"5";"2A";"2A004";"2";"1";"2";"6";"ROUTE DU STILETTO";"41,9457984";"8,7621829"
"201900022042";"11";"3";"2019";"11:10";"1";"29";"29019";"2";"1";"1";"6";"FRANCHET D'ESPEREY";"48,3811700";" -4,5097500"
"201900022043";"11";"3";"2019";"12:54";"1";"25";"25056";"2";"9";"1";"2";"DIDEROT BOULEVARD";"47,2457100";"6,0352000"
"201900022044";"11";"3";"2019";"11:40";"1";"25";"25462";"2";"1";"2";"6";"SAINT ETIENNE FAUBOURG";"46,8994900";"6,3616800"
"201900022045";"11";"3";"2019";"19:20";"1";"22";"22278";"2";"3";"1";"1";"rue des gallois";"48,4950300";" -2,7443100"
"201900022046";"12";"3";"2019";"20:54";"5";"13";"13211";"2";"1";"1";"2";"SAINT MARCEL (BOULEVARD DE )";"43,2882360";"5,4631840"
"201900022047";"15";"11";"2019";"17:55";"5";"2A";"2A004";"2";"1";"2";"6";"SAMPIERO BD";"41,9204224";"8,7297308"