"Num_Acc";"jour";"mois";"an";"hrmn";"lum";"dep";"com";"agg";"int";"atm";"col";"adr";"lat";"long"
"201900022048";"12";"3";"2019";"16:45";"5";"13";"13202";"2";"1";"1";"6";"LAZARET (QUAI DU)";"43,3064600";"5,3651800"
"201900022049";"15";"11";"2019";"17:15";"5";"2A";"2A004";"2";"1";"2";"2";"LEVIE JEAN JEROME AVENUE";"41,9266680";"8,7385900"
"201900022050";"12";"3";"2019";"14:30";"1";"13";"13202";"2";"2";"1";"1";"PARIS (BOULEVARD DE)";"43,3136900";"5,3680200"
"201900022051";"14";"11";"2019";"02:00";"5";"91";"91433";"1";"1";"1";"6";"R.N. 20";"48,4583600";"2,1775100"
"201900022052";"14";"11";"2019";"16:40";"1";"87";"87085";"2";"1";"1";"6";"THOMAS (AVENUE ALBERT)";"45,8391500";"1,2373800"
"201900022053";"13";"11";"2019";"20:01";"5";"87";"87085";"2";"4";"2";"6";"BOURNEVILLE (RUE DE)";"45,8159100";"1,2338300"
"201900022054";"15";"11";"2019";"14:50";"1";"83";"83137";"2";"1";"8";"6";"REPUBLIQUE (AVE DE LA)";"43,1196200";"5,9334400"
"201900022055";"15";"11";"2019";"14:10";"1";"82";"82121";"2";"2";"1";"3";"VILLENOUVELLE (GRANDE RUE)";"44,0206400";"1,3553400"
"201900022056";"12";"11";"2019";"19:20";"5";"82";"82121";"2";"1";"1";"3";"MOULIN (avenue jean )";"44,0244000";"1,3641000"
"201900022057";"16";"11";"2019";"01:15";"5";"81";"81065";"2";"1";"1";"6";"622 (ROUTE DEPARTEMENTALE)";"43,6196300";"2,2707100"
"201900022058";"14";"11";"2019";"08:40";"1";"80";"80021";"2";"1";"1";"4";"TERRAL (RUE)";"49,9099200";"2,2928000"
"201900022059";"13";"11";"2019";"17:50";"5";"80";"80021";"2";"1";"1";"3";"FOY (AVENUE)";"49,8897800";"2,2819700"
"201900022060";"14";"11";"2019";"15:55";"1";"80";"80021";"2";"1";"1";"3";"BEAUVAIS (RUE DE)";"49,8929300";"2,2950200"
"201900022061";"14";"11";"2019";"19:00";"5";"77";"77294";"1";"1";"1";"4";"ROUTE NATIONALE 2";"48,9770000";"2,5860000"
"201900022062";"15";"11";"2019";"18:00";"5";"77";"77014";"2";"1";"2";"6";"D210-FRANKLIN ROOSEVELT (AVENUE)";"48,4163400";"2,7234100"
"201900022063";"15";"11";"2019";"07:45";"5";"77";"77014";"2";"1";"3";"6";"D210-FRANKLIN ROOSEVELT (AVENUE)";"48,4169000";"2,7252500"
"201900022064";"15";"11";"2019";"22:40";"5";"77";"77108";"2";"1";"2";"2";"D34A-SYLVIE (AVENUE DE)";"48,8699242";"2,5899716"
"201900022065";"14";"11";"2019";"07:45";"2";"76";"76681";"2";"1";"1";"2";"ELUARD. RUE PAUL";"49,4032800";"1,0989100"
"201900022066";"14";"11";"2019";"16:45";"1";"76";"76351";"2";"2";"1";"6";"GEORGES POMPIDOU (CHAUSSEE)";"49,4906000";"0,1166200"
"201900022067";"15";"11";"2019";"14:30";"1";"74";"74012";"2";"3";"1";"3";"BUCHILLONS (AVENUE DES)";"46,1982600";"6,2645300"
"201900022068";"14";"11";"2019";"08:00";"2";"72";"72181";"1";"1";"1";"4";"PATTON GENERAL RTE ST-AUBIN A AV RUBILLA";"48,0175900";"0,1700700"
"201900022069";"14";"11";"2019";"18:25";"5";"72";"72181";"2";"1";"8";"3";"ITALIE (RUE D')";"47,9920000";"0,2259400"
"201900022070";"14";"11";"2019";"16:10";"1";"72";"72181";"2";"1";"1";"2";"ISAAC (RUE) N° PAIRS 2 A 124";"48,0142800";"0,2213100"
"201900022071";"15";"11";"2019";"15:20";"1";"71";"71445";"2";"1";"1";"3";"VILLENEUVE (RUE DE LA)";"46,7739900";"4,8925900"
"201900022072";"15";"11";"2019";"19:30";"5";"69";"69266";"2";"2";"1";"3";"FRANCIS DE PRESSENSE    (Rue)";"45,7710890";"4,8875400"
"201900022073";"15";"11";"2019";"19:00";"5";"69";"69266";"2";"1";"1";"6";"LEON BLUM      (Rue)";"45,7603400";"4,9016000"
"201900022074";"14";"11";"2019";"17:25";"5";"69";"69282";"2";"1";"4";"6";"VACHER (Antoine)     (R)";"45,7689000";"5,0025100"
"201900022075";"15";"11";"2019";"16:50";"2";"69";"69264";"2";"1";"1";"6";"GAMBETTA  BD";"45,9929800";"4,7150000"
"201900022076";"14";"11";"2019";"17:15";"5";"69";"69091";"2";"1";"3";"6";"ANATOLE FRANCE (AV)";"45,5771500";"4,7879800"
"201900022077";"13";"11";"2019";"13:10";"1";"67";"67447";"2";"3";"1";"3";"DETTWILLER (RUE DE)";"48,6099700";"7,7434910"
"201900022078";"13";"11";"2019";"08:40";"1";"67";"67482";"2";"3";"1";"3";"ANKARA (RUE D )";"48,5743400";"7,7712700"
"201900022079";"14";"11";"2019";"18:14";"1";"66";"66136";"2";"3";"1";"3";"MERMOZ (AVENUE JEAN)";"42,6933400";"2,9148000"
"201900022080";"14";"11";"2019";"13:50";"1";"64";"64445";"2";"1";"1";"1";"JEAN MERMOZ";"43,3100000";" -0,3773000"
"201900022081";"15";"11";"2019";"16:00";"1";"64";"64102";"2";"1";"8";"6";"LOEB (AVENUE DE L'INTERNE JACQUES)";"43,4773400";" -1,4840300"
"201900022082";"15";"11";"2019";"13:35";"1";"64";"64024";"2";"3";"8";"5";"BERNAIN (AVENUE EUGENE)";"43,4840300";" -1,5114000"
"201900022083";"14";"11";"2019";"09:45";"1";"63";"63075";"2";"1";"1";"6";"ROYAT (AVENUE DE)";"45,7723800";"3,0600400"
"201900022084";"3";"8";"2019";"16:00";"1";"62";"62498";"2";"1";"1";"6";"LANOY (R RENE)";"50,4300000";"2,8300000"
"201900022085";"15";"11";"2019";"08:20";"2";"60";"60684";"2";"1";"2";"6";"BRIAND (RUE ARISTIDE)_NORD";"49,2918100";"2,4997600"
"201900022086";"14";"11";"2019";"20:15";"5";"59";"59350";"2";"1";"1";"6";"LEBAS JEAN BAPTISTE BOULEVARD";"50,6245600";"3,0698700"
"201900022087";"9";"11";"2019";"09:55";"1";"57";"57672";"2";"1";"1";"6";"QUARTIER (RUE DU)";"49,3587500";"6,1658200"
"201900022088";"14";"11";"2019";"17:14";"3";"57";"57591";"2";"1";"8";"3";"VILLERS (RUE DE)";"49,2463800";"6,0994200"
"201900022089";"14";"11";"2019";"12:20";"1";"56";"56121";"2";"1";"1";"2";"MULLER ( DU COLONEL JEAN )";"47,7687600";" -3,4055000"
"201900022090";"15";"11";"2019";"20:20";"5";"54";"54395";"2";"1";"1";"1";"CHALNOT (RUE PIERRE)";"48,6861670";"6,1729120"
"201900022091";"15";"11";"2019";"12:40";"1";"54";"54578";"2";"2";"2";"1";"AIGUILLETTES  (BD 5 A 73-2 A 94)";"48,6703280";"6,1584140"
"201900022092";"15";"11";"2019";"21:05";"5";"51";"51454";"2";"2";"1";"6";"RUE GERUZEZ";"49,2656611";"4,0206944"
"201900022093";"15";"11";"2019";"15:10";"2";"51";"51454";"2";"1";"8";"3";"AVENUE DE PARIS";"49,2480396";"4,0087487"
"201900022094";"14";"11";"2019";"14:50";"1";"50";"50129";"2";"1";"1";"7";"NAPOLEON (PLACE)";"49,6240000";" -1,6240800"
"201900022095";"14";"11";"2019";"19:23";"5";"49";"49007";"2";"1";"1";"7";"SAINT AUBIN";"47,4922400";" -0,5559600"
"201900022096";"16";"11";"2019";"00:05";"5";"45";"45234";"2";"1";"2";"6";"RUE DU PONT COTELLE";"47,8588800";"1,9202000"
"201900022097";"14";"11";"2019";"21:00";"5";"44";"44162";"2";"1";"1";"1";"AVENUE CONDORCET";"47,2285700";" -1,6056700"
"201900022098";"15";"11";"2019";"11:35";"1";"44";"44109";"2";"1";"1";"6";"QUAI DE LA FOSSE";"47,2107300";" -1,5618600"
"201900022099";"4";"11";"2019";"15:25";"1";"44";"44109";"2";"1";"2";"6";"RUE GAETAN RONDEAU";"47,2056700";" -1,5364200"
"201900022100";"14";"11";"2019";"14:25";"1";"37";"37214";"2";"6";"1";"6";"HUGO (RUE VICTOR)";"47,4100300";"0,6674200"
"201900022101";"15";"11";"2019";"20:05";"5";"35";"35238";"2";"2";"2";"3";"FOUGERES (RUE DE)";"48,1222585";" -1,6617858"
"201900022102";"15";"11";"2019";"18:45";"5";"35";"35238";"2";"1";"2";"3";"BULGARIE (BD DE)";"48,0846500";" -1,6556600"
"201900022103";"15";"11";"2019";"07:50";"2";"35";"35051";"1";"1";"1";"7";"NORMANDIE (PORTE DE)";"48,1501880";" -1,5993600"
"201900022104";"15";"11";"2019";"20:35";"5";"34";"34172";"2";"1";"1";"1";"RAVAZ (AVENUE DU PROFESSEUR LOUIS";"43,6241700";"3,8430100"
"201900022105";"15";"11";"2019";"09:43";"1";"34";"34172";"2";"1";"1";"6";"TOULOUSE (AVENUE DE";"43,5895500";"3,8559800"
"201900022106";"14";"11";"2019";"01:35";"5";"34";"34172";"2";"1";"1";"7";"JUSTICE DE CASTELNAU (AVENUE DE LA)";"43,6270200";"3,8715400"
"201900022107";"15";"11";"2019";"22:45";"5";"33";"33063";"2";"4";"1";"1";"CRS DE LA MARNE";"44,8276200";" -0,5584900"
"201900022108";"15";"11";"2019";"14:45";"1";"33";"33522";"2";"3";"9";"6";"107 RTE DE TOULOUSE";"44,8111650";" -0,5739040"
"201900022109";"15";"11";"2019";"07:50";"5";"33";"33063";"2";"4";"1";"6";"BD GODARD";"44,8648700";" -0,5784200"
"201900022110";"6";"11";"2019";"10:00";"2";"33";"33063";"2";"3";"3";"6";"CRS DE LA SOMME";"44,8217400";" -0,5725500"
"201900022111";"31";"10";"2019";"17:30";"5";"33";"33281";"2";"1";"1";"2";"AVE DE L'YSER";"44,8416700";" -0,6661500"
"201900022112";"14";"11";"2019";"11:40";"1";"33";"33119";"2";"1";"3";"2";"AVE JEAN JAURES";"44,8536200";" -0,5378700"
"201900022113";"15";"11";"2019";"01:45";"5";"31";"31555";"2";"1";"2";"3";"AV PAUL SEJOURNE";"43,6074600";"1,4282500"
"201900022114";"14";"11";"2019";"07:50";"3";"31";"31149";"2";"1";"3";"6";"COLLONGUES (RUE ETIENNE)";"43,6013200";"1,3320800"
"201900022115";"31";"10";"2019";"23:30";"5";"31";"31555";"2";"1";"1";"3";"AV DE GRANDE BRETAGNE";"43,6065100";"1,4004600"
"201900022116";"15";"11";"2019";"08:30";"1";"31";"31483";"2";"3";"1";"2";"FRANCOIS MITTERAND ( AVENUE)";"43,1121400";"0,7454300"
"201900022117";"15";"11";"2019";"13:05";"1";"26";"26198";"2";"1";"1";"3";"rue Paul Loubet";"44,5630350";"4,7470630"
"201900022118";"15";"11";"2019";"18:55";"2";"25";"25462";"2";"1";"1";"1";"VERDUN";"46,9102900";"6,3469600"
"201900022119";"15";"11";"2019";"16:15";"1";"25";"25056";"2";"1";"1";"6";"BRULARD  RUE GENERAL";"47,2301040";"6,0108520"
"201900022120";"15";"11";"2019";"22:49";"5";"13";"13206";"2";"3";"3";"6";"SAINTE VICTOR (RUE)";"43,2860300";"5,3811000"
"201900022121";"15";"11";"2019";"20:05";"5";"13";"13202";"2";"3";"3";"3";"CARGO RHIN FIDELI (RUE)";"43,3281680";"5,3548640"
"201900022122";"15";"11";"2019";"06:45";"2";"13";"13211";"2";"3";"1";"3";"VALENTINE (ROUTE DE LA)";"43,2902000";"5,4633000"
"201900022123";"15";"11";"2019";"22:15";"5";"13";"13001";"1";"1";"3";"7";"GUIGOU ALBERT (CH)";"43,5008225";"5,3893787"
"201900022124";"14";"11";"2019";"15:20";"1";"11";"11262";"2";"3";"2";"3";"MARCERO (RUE FRANCIS)";"43,1851400";"3,0079700"
"201900022125";"15";"11";"2019";"21:15";"3";"11";"11069";"1";"1";"2";"7";"CAVAYERE -ROUTE DE LA -";"43,1938730";"2,3972760"
"201900022126";"15";"11";"2019";"18:10";"5";"10";"10387";"2";"1";"1";"4";"JULES GUESDE (RUE)";"48,2886200";"4,0804500"
"201900022127";"15";"11";"2019";"10:39";"1";"10";"10387";"2";"1";"2";"6";"GEORGES CLEMENCEAU (RUE)";"48,2980400";"4,0754900"
"201900022128";"14";"11";"2019";"09:42";"1";"10";"10387";"2";"1";"1";"6";"PREIZE (RUE DE)";"48,3080900";"4,0683400"
"201900022129";"15";"11";"2019";"07:07";"3";"6";"06088";"2";"1";"1";"6";"GROSSO (A PARTIR DU N° 60-83)";"43,6986700";"7,2511900"
"201900022130";"15";"11";"2019";"13:25";"1";"6";"06069";"2";"1";"1";"1";"PAOUTE (ROUTE ET TRAVERSE DE LA)";"43,6418070";"6,9571920"
"201900022131";"13";"11";"2019";"15:20";"1";"6";"06027";"2";"1";"1";"2";"GARE AVENUE DE LA";"43,6558730";"7,1464890"
"201900022132";"14";"11";"2019";"14:50";"1";"5";"05061";"2";"1";"2";"2";"GEORGES POMPIDOU ( BD)";"44,5550300";"6,0761100"
"201900022133";"14";"11";"2019";"17:05";"5";"75";"75119";"2";"1";"1";"3";"BD PERIPHERIQUE EXTERIEUR";"48,8821140";"2,4016940"
"201900022134";"14";"11";"2019";"00:10";"5";"75";"75119";"2";"4";"1";"3";"BD PERIPHERIQUE EXTERIEUR";"48,8926137";"2,3956418"
"201900022135";"15";"11";"2019";"13:55";"1";"75";"75118";"2";"1";"8";"6";"BOULEVARD BARBES";"48,8900390";"2,3496020"
"201900022136";"15";"11";"2019";"07:55";"1";"75";"75112";"2";"1";"3";"1";"ROUTE DE LA PYRAMIDE";"48,8202200";"2,4612270"
"201900022137";"13";"11";"2019";"21:30";"5";"75";"75105";"2";"2";"2";"3";"BOULEVARD SAINT GERMAIN";"48,8494370";"2,3544220"
"201900022138";"15";"11";"2019";"09:15";"1";"75";"75105";"2";"1";"2";"7";"QUAI DE LA TOURNELLE";"48,8501452";"2,3543572"
"201900022139";"10";"11";"2019";"12:40";"1";"75";"75120";"2";"1";"1";"3";"BOULEVARD DE BELLEVILLE";"48,8715375";"2,3775932"
"201900022140";"14";"11";"2019";"23:25";"5";"75";"75119";"2";"7";"1";"6";"RUE MANIN";"48,8863882";"2,3939735"
"201900022141";"15";"11";"2019";"18:20";"5";"75";"75118";"2";"1";"2";"6";"RUE DAMREMONT";"48,8924732";"2,3355553"
"201900022142";"15";"11";"2019";"16:15";"1";"75";"75108";"2";"2";"2";"3";"COURS LA REINE";"48,8649900";"2,3137057"
"201900022143";"15";"11";"2019";"20:00";"5";"75";"75116";"2";"3";"2";"2";"AVENUE DE VERSAILLES";"48,8416760";"2,2668640"
"201900022144";"15";"11";"2019";"14:50";"1";"75";"75116";"2";"1";"2";"4";"BD PERIPHERIQUE EXTERIEUR";"48,8635502";"2,2657907"
"201900022145";"15";"11";"2019";"10:00";"1";"75";"75116";"2";"4";"2";"2";"AVENUE DE LA PORTE D AUTEUIL";"48,8480837";"2,2538602"
"201900022146";"15";"11";"2019";"06:00";"5";"75";"75116";"2";"4";"2";"3";"ROUTE DE LA MUETTE A NEUILLY";"48,8645060";"2,2665030"
"201900022147";"13";"11";"2019";"18:20";"5";"75";"75116";"2";"2";"1";"6";"BOULEVARD SUCHET";"48,8573600";"2,2646910"
"201900022148";"15";"11";"2019";"08:15";"5";"75";"75115";"2";"4";"2";"3";"AVENUE DE LA PORTE DE LA PLAINE";"48,8292030";"2,2923020"
"201900022149";"15";"11";"2019";"08:10";"2";"75";"75115";"2";"4";"3";"3";"AVENUE DE LA PORTE DE SEVRES";"48,8341530";"2,2772380"
"201900022150";"15";"11";"2019";"19:50";"5";"75";"75114";"2";"4";"2";"6";"RUE DAREAU";"48,8309000";"2,3367000"
"201900022151";"15";"11";"2019";"19:10";"5";"75";"75114";"2";"2";"2";"7";"RUE DE LA LEGION ETRANGERE";"48,8202060";"2,3240030"
"201900022152";"15";"11";"2019";"17:25";"5";"75";"75114";"2";"3";"3";"6";"AVENUE DU GENERAL LECLERC";"48,8332321";"2,3315368"
"201900022153";"15";"11";"2019";"02:57";"5";"75";"75114";"2";"1";"2";"6";"AVENUE DENFERT ROCHEREAU";"48,8355598";"2,3335156"
"201900022154";"15";"11";"2019";"19:15";"5";"75";"75113";"2";"4";"2";"6";"RUE DE LA MAISON BLANCHE";"48,8261670";"2,3586380"
"201900022155";"15";"11";"2019";"10:35";"1";"75";"75112";"2";"4";"2";"3";"RUE DE LA BRECHE AUX LOUPS";"48,8378680";"2,3944370"
"201900022156";"15";"11";"2019";"07:35";"2";"75";"75112";"2";"1";"3";"3";"AVENUE DAUMESNIL";"48,8373639";"2,4016354"
"201900022157";"15";"11";"2019";"09:55";"1";"75";"75111";"2";"4";"3";"6";"RUE RICHARD LENOIR";"48,8573600";"2,3808570"
"201900022158";"15";"11";"2019";"09:40";"1";"75";"75110";"2";"1";"2";"6";"BOULEVARD DE MAGENTA";"48,8775125";"2,3501998"
"201900022159";"15";"11";"2019";"13:05";"1";"75";"75107";"2";"7";"2";"3";"PLACE VAUBAN";"48,8532800";"2,3130140"
"201900022160";"15";"11";"2019";"15:50";"1";"75";"75103";"2";"2";"2";"6";"RUE RAMBUTEAU";"48,8612142";"2,3535006"
"201900022161";"14";"11";"2019";"18:45";"5";"94";"94068";"2";"1";"1";"6";"EST (AV DE L)";"48,8043600";"2,5057400"
"201900022162";"14";"11";"2019";"17:20";"5";"94";"94042";"2";"2";"8";"1";"GENERAL GALLIENI - PONT DE JOINVILLE (AV";"48,8201300";"2,4673300"
"201900022163";"15";"11";"2019";"15:00";"1";"94";"94046";"2";"9";"3";"6";"GENERAL LECLERC (AV DU)";"48,8045100";"2,4434000"
"201900022164";"15";"11";"2019";"22:20";"5";"94";"94073";"2";"6";"2";"1";"ESPAGNE (RPT D)";"48,7500000";"2,3745000"
"201900022165";"15";"11";"2019";"21:05";"4";"94";"94034";"2";"6";"2";"2";"PARC MEDICIS (AV DU)";"48,7534400";"2,3330000"
"201900022166";"15";"11";"2019";"13:00";"1";"94";"94073";"2";"1";"2";"6";"ALOUETTES (R DES)";"48,7526400";"2,3775200"
"201900022167";"15";"11";"2019";"08:30";"1";"94";"94065";"2";"3";"3";"3";"CHARLES LINDBERGH (AV)";"48,7450200";"2,3602600"
"201900022168";"14";"11";"2019";"13:30";"1";"94";"94022";"2";"1";"8";"7";"JEAN JAURES (R)";"48,7651800";"2,4079300"
"201900022169";"10";"11";"2019";"19:15";"2";"94";"94059";"2";"2";"1";"1";"SAINT PIERRE (AV)";"48,8105900";"2,5810200"
"201900022170";"15";"11";"2019";"19:50";"5";"94";"94071";"2";"2";"8";"3";"GABRIEL PERI (AV)";"48,7618000";"2,5320000"
"201900022171";"15";"11";"2019";"19:00";"5";"94";"94004";"2";"2";"2";"1";"FONTAINE (R DE LA)";"48,7493940";"2,5084330"
"201900022172";"14";"11";"2019";"19:40";"5";"93";"93073";"2";"1";"1";"2";"BELLE BORNE (RUE)";"48,9892600";"2,5216800"
"201900022173";"15";"11";"2019";"16:15";"1";"93";"93072";"2";"1";"3";"6";"PAUL VAILLANT COUTURIER (AVENUE) COTE N°";"48,9554500";"2,3828600"
"201900022174";"8";"11";"2019";"00:55";"5";"93";"93066";"2";"4";"2";"6";"LIBERATION RD14 (BOULEVARD)";"48,9339842";"2,3598576"
"201900022175";"15";"11";"2019";"17:00";"5";"93";"93062";"2";"9";"2";"6";"MONTFERMEIL (ALLEE DE) 1 - 95";"48,8967100";"2,5301300"
"201900022176";"15";"11";"2019";"16:30";"1";"93";"93055";"2";"1";"4";"6";"MEHUL (1/37. 2/24)";"48,8891400";"2,4164900"
"201900022177";"15";"11";"2019";"01:00";"5";"93";"93053";"2";"1";"2";"3";"PARIS (RUE DE)";"48,9036700";"2,4701000"
"201900022178";"15";"11";"2019";"17:00";"5";"93";"93048";"2";"2";"4";"3";"SAINT DENIS (RUE)";"48,8743900";"2,4523100"
"201900022179";"15";"11";"2019";"07:30";"5";"93";"93048";"2";"2";"3";"6";"FERDINAND (AVENUE)";"48,8729640";"2,4352140"
"201900022180";"15";"11";"2019";"14:00";"1";"93";"93079";"2";"1";"3";"1";"SAINT LEU (ROUTE)";"48,9505540";"2,3402550"
"201900022181";"14";"11";"2019";"11:15";"1";"93";"93031";"2";"2";"1";"3";"DE LATTRE DE TASSIGNY (1 A 51)";"48,9528600";"2,3156900"
"201900022182";"15";"11";"2019";"15:20";"1";"93";"93029";"2";"3";"3";"6";"HENRI BARBUSSE (AVE) N°2-124";"48,9173400";"2,4464200"
"201900022183";"15";"11";"2019";"10:05";"1";"93";"93047";"2";"1";"3";"6";"EUROPE (BOULEVARD DE L')";"48,8951500";"2,5695000"
"201900022184";"15";"11";"2019";"18:45";"5";"93";"93007";"2";"9";"3";"6";"""PAUL VAILLANT COUTURIER (AVENUE """"DU 01";"48,9270000";"2,4740000"
"201900022185";"15";"11";"2019";"15:20";"1";"93";"93007";"2";"2";"3";"1";"YVAN PAVLOV (RUE)";"48,9411590";"2,4770627"
"201900022186";"15";"11";"2019";"10:30";"1";"93";"93005";"2";"6";"2";"3";"LOUISE MICHEL (RUE)";"48,9317300";"2,5014600"
"201900022187";"15";"11";"2019";"17:47";"5";"93";"93001";"2";"1";"2";"3";"JEAN JAURES (AVE)  215 =>";"48,9165000";"2,4057200"
"201900022188";"15";"11";"2019";"13:05";"1";"92";"92076";"2";"1";"2";"3";"BOULEVARD DE LA REPUBLIQUE";"48,8374854";"2,1543656"
"201900022189";"15";"11";"2019";"10:40";"1";"92";"92062";"2";"1";"3";"4";"DE DION BOUTON (QUAI) DU 29 AU 65";"48,8831300";"2,2483670"
"201900022190";"14";"11";"2019";"14:28";"1";"92";"92051";"2";"1";"8";"3";"CHARLES DE GAULLE (AVENUE,N°118 A 192 +";"48,8825100";"2,2669000"
"201900022191";"13";"11";"2019";"10:30";"1";"92";"92050";"2";"1";"1";"3";"HAVRE BOULEVARD DU";"48,9181110";"2,2237440"
"201900022192";"15";"11";"2019";"08:05";"2";"92";"92048";"2";"1";"3";"6";"MARECHAL JUIN (AVENUE DU)";"48,7882430";"2,2117150"
"201900022193";"14";"11";"2019";"15:50";"1";"92";"92035";"2";"2";"1";"3";"Château ( rue du )";"48,9048000";"2,2491900"
"201900022194";"15";"11";"2019";"17:03";"3";"92";"92026";"2";"2";"3";"6";"LOUIS ULBACH (DE 01 A 15)";"48,9015400";"2,2642100"
"201900022195";"15";"11";"2019";"22:30";"5";"34";"34069";"2";"1";"1";"6";"25 Avenue Anatole France";"43,3891110";"3,0991610"
"201900022196";"15";"11";"2019";"18:00";"5";"86";"86140";"2";"9";"2";"6";"32 Avenue du Docteur Dupont";"46,4034010";"0,7200030"
"201900022197";"16";"11";"2019";"20:00";"3";"33";"33087";"1";"1";"1";"3";"D670";"44,6396940";" -0,0620020"
"201900022198";"16";"11";"2019";"22:10";"3";"974";"97405";"1";"1";"1";"7";"Chemin Denis Leveneur";" -21,3299510";"55,5726670"
"201900022199";"13";"11";"2019";"18:00";"5";"67";"67437";"2";"1";"1";"6";"15 Rue de la Côte";"48,7447580";"7,3566790"
"201900022200";"10";"11";"2019";"13:55";"1";"71";"71004";"1";"1";"1";"6";"D673";"46,8102260";"4,9514560"
"201900022201";"15";"11";"2019";"07:45";"1";"65";"65004";"1";"1";"1";"6";"Chemin les Arrailles";"43,0467290";" -0,0588900"
"201900022202";"16";"11";"2019";"01:30";"3";"11";"11269";"1";"1";"8";"7";"D5";"43,3121360";"2,9480230"
"201900022203";"25";"12";"2019";"19:20";"3";"38";"38034";"1";"1";"1";"6";"Route de Jarcieu";"45,3299900";"5,0295600"
"201900022204";"26";"12";"2019";"07:00";"3";"15";"15120";"1";"1";"1";"6";"Route de Pleaux";"45,2123160";"2,3327230"
"201900022205";"23";"12";"2019";"18:30";"3";"6";"06042";"1";"1";"1";"5";"Route de la Tinée";"44,0052030";"7,1370260"
"201900022206";"26";"12";"2019";"08:40";"1";"50";"50236";"1";"2";"1";"3";"D142";"49,2759790";" -1,5230430"
"201900022207";"25";"12";"2019";"19:00";"3";"16";"16134";"1";"1";"1";"6";"Ld Lafachie";"45,8719560";"0,6664340"
"201900022208";"24";"12";"2019";"17:45";"5";"21";"21060";"2";"4";"2";"1";"route de savolles";"47,3618740";"5,2685480"
"201900022209";"25";"12";"2019";"11:30";"1";"4";"04227";"1";"1";"1";"6";"RD 14";"43,9645690";"5,6438000"
"201900022210";"25";"12";"2019";"15:15";"1";"28";"28393";"2";"1";"1";"6";"Rue du Vieux Moulin";"48,5645030";"1,3174560"
"201900022211";"24";"12";"2019";"17:55";"3";"30";"30033";"1";"1";"1";"7";"Route de Aubord";"43,7299130";"4,3210170"
"201900022212";"19";"12";"2019";"15:30";"1";"30";"30285";"2";"3";"2";"3";"Avenue Mistral";"44,0304580";"4,2335020"
"201900022213";"25";"12";"2019";"17:48";"5";"24";"24374";"2";"2";"1";"3";"Saint-Aubin-de-Lanquais";"44,7932000";"0,5970600"
"201900022214";"25";"12";"2019";"22:30";"3";"10";"10092";"1";"1";"1";"6";"A5";"48,1765900";"4,3004440"
"201900022215";"24";"12";"2019";"21:15";"3";"1";"01274";"1";"1";"5";"6";"A40";"46,1612110";"5,6529380"
"201900022216";"26";"12";"2019";"06:30";"3";"74";"74143";"1";"1";"1";"6";"N205";"45,8916850";"6,7915010"
"201900022217";"25";"12";"2019";"16:40";"2";"38";"38485";"2";"2";"1";"3";"103 Avenue de la République";"45,1771650";"5,6969630"
"201900022218";"26";"12";"2019";"06:15";"3";"60";"60142";"1";"1";"9";"1";"D924a";"49,1389512";"2,5298115"
"201900022219";"24";"12";"2019";"16:18";"1";"987";"98722";"2";"1";"1";"3";"RT 2 PK 38.500";" -17,5914290";" -149,3821260"
"201900022220";"26";"12";"2019";"02:30";"3";"974";"97415";"1";"1";"1";"7";"D10";" -21,0431810";"55,2458120"
"201900022221";"25";"12";"2019";"16:30";"1";"973";"97308";"2";"1";"1";"6";"crique onozo";"3,8975330";" -51,7971050"
"201900022222";"25";"12";"2019";"20:35";"5";"971";"97117";"2";"2";"1";"3";"Route de Bellevue";"16,3268720";" -61,3661990"
"201900022223";"24";"12";"2019";"13:25";"1";"13";"13087";"2";"3";"1";"3";"1 Rue Michel Garnier Architecte";"43,4701640";"5,6148410"
"201900022224";"26";"12";"2019";"13:00";"1";"37";"37072";"1";"2";"1";"3";"D751";"47,1865960";"0,2208000"
"201900022225";"26";"12";"2019";"18:55";"5";"77";"77184";"2";"1";"1";"6";"D22-Route d'Episy";"48,3111550";"2,9222450"
"201900022226";"23";"12";"2019";"17:25";"5";"95";"95675";"2";"1";"1";"6";"Rue de l'Ormet";"49,0589150";"2,5409890"
"201900022227";"25";"12";"2019";"21:15";"3";"5";"05119";"1";"1";"1";"7";"D186";"44,6355995";"6,6280876"
"201900022228";"23";"12";"2019";"18:20";"3";"21";"21371";"1";"1";"1";"6";"D31";"47,1279110";"5,3612240"
"201900022229";"24";"12";"2019";"13:30";"1";"68";"68309";"2";"3";"2";"3";"Rue du Capitaine DREYFUS";"47,6649840";"7,4419470"
"201900022230";"26";"12";"2019";"11:10";"1";"3";"03229";"1";"2";"1";"3";"N/A";"46,6708654";"3,3514076"
"201900022231";"26";"12";"2019";"14:35";"1";"74";"74212";"1";"3";"2";"3";"D12";"45,9808460";"6,3874500"
"201900022232";"24";"12";"2019";"18:40";"5";"69";"69243";"2";"9";"1";"3";"N7";"45,8905400";"4,4474680"
"201900022233";"24";"12";"2019";"16:20";"1";"33";"33433";"1";"3";"1";"1";"14 Chemin de la Cavernière";"44,9220260";" -0,4458270"
"201900022234";"25";"12";"2019";"17:00";"1";"33";"33449";"1";"1";"7";"2";"Ex RD211 - Avenue de Martignas";"44,8567510";" -0,7416200"
"201900022235";"25";"12";"2019";"00:30";"3";"33";"33273";"1";"6";"5";"6";"Ex RD213 / Ex RD 211E2";"44,8320600";" -0,7678650"
"201900022236";"26";"12";"2019";"12:30";"1";"49";"49193";"2";"1";"1";"1";"62 Rue Georges Clémenceau";"47,1355730";" -0,8886950"