"Num_Acc";"jour";"mois";"an";"hrmn";"lum";"dep";"com";"agg";"int";"atm";"col";"adr";"lat";"long"
"201900022237";"26";"12";"2019";"08:15";"3";"35";"35333";"1";"2";"1";"1";"D47";"47,8932400";" -1,4115900"
"201900022238";"26";"12";"2019";"11:30";"1";"59";"59411";"2";"1";"1";"5";"Rue du Moulin";"50,4805460";"3,0981660"
"201900022239";"20";"12";"2019";"17:35";"3";"13";"13071";"1";"1";"1";"4";"A7-Sens Marseille vers Lyon";"43,4037000";"5,3107500"
"201900022240";"25";"12";"2019";"10:15";"1";"33";"33039";"1";"1";"1";"6";"A631";"44,8024500";" -0,5323700"
"201900022241";"24";"12";"2019";"19:30";"3";"94";"94076";"1";"1";"1";"5";"AUTOROUTE A6B";"48,7974400";"2,3441100"
"201900022242";"24";"12";"2019";"17:40";"3";"91";"91689";"1";"1";"1";"2";"AUTOROUTE A6";"48,7484000";"2,3269200"
"201900022243";"24";"12";"2019";"23:40";"3";"78";"78466";"1";"1";"2";"2";"A13";"48,9257900";"1,9959300"
"201900022244";"24";"12";"2019";"15:50";"1";"92";"92036";"1";"1";"1";"6";"A86";"48,9345926";"2,2684515"
"201900022245";"18";"12";"2019";"18:00";"1";"974";"97411";"2";"2";"1";"3";"BRASSENS (AVENUE GEORGES)";" -20,9029280";"55,4880430"
"201900022246";"24";"12";"2019";"17:20";"1";"974";"97407";"2";"1";"1";"6";"RUE BORIS VIAN";" -20,9382400";"55,3114300"
"201900022247";"23";"12";"2019";"13:20";"1";"973";"97302";"2";"2";"1";"5";"MANDELA  (BOULEVARD)";"4,9400169";" -52,3266360"
"201900022248";"23";"12";"2019";"12:35";"1";"69";"69034";"2";"1";"2";"3";"GENERAL LECLERC                     (AV)";"45,8018300";"4,8562700"
"201900022249";"17";"12";"2019";"18:30";"5";"69";"69384";"2";"1";"1";"3";"JOSEPH GILLET                       (QU)";"45,7800500";"4,8116600"
"201900022250";"16";"12";"2019";"07:00";"5";"69";"69389";"2";"1";"6";"6";"25EME REGIMENT DE TIRAILLEURS SENEGA(AV)";"45,7910000";"4,8018600"
"201900022251";"16";"12";"2019";"07:50";"1";"69";"69142";"2";"1";"1";"1";"GENERAL DE GAULLE                   (AV)";"45,7257900";"4,8116800"
"201900022252";"2";"12";"2019";"15:00";"1";"69";"69389";"2";"1";"1";"2";"LAURE DIEBOLD                       (R )";"45,7773900";"4,8028300"
"201900022253";"28";"11";"2019";"01:20";"5";"69";"69034";"2";"1";"2";"6";"MARGNOLLES (R)";"45,7820200";"4,8333400"
"201900022254";"24";"12";"2019";"19:34";"3";"95";"95018";"2";"1";"1";"6";"IRIS (RUE DES)";"48,9436150";"2,2135080"
"201900022255";"17";"12";"2019";"10:00";"1";"95";"95018";"2";"1";"1";"6";"BOURCERON (BOULEVARD DE)";"48,9516890";"2,2527700"
"201900022256";"28";"11";"2019";"08:00";"2";"95";"95063";"2";"1";"1";"3";"RUE SALVADOR ALLENDE";"48,9163910";"2,2095600"
"201900022257";"23";"12";"2019";"03:25";"3";"91";"91223";"1";"1";"1";"6";"R.N.20";"48,4271300";"2,1514200"
"201900022258";"22";"12";"2019";"13:45";"1";"91";"91433";"1";"1";"6";"1";"CD 837";"48,4278900";"2,2167200"
"201900022259";"24";"12";"2019";"07:03";"3";"87";"87085";"1";"1";"2";"6";"AUTOROUTE A20";"45,8849100";"1,2917190"
"201900022260";"23";"12";"2019";"14:58";"1";"87";"87085";"2";"1";"1";"6";"PERRIN (RUE FRANCOIS)";"45,8251200";"1,2280000"
"201900022261";"21";"12";"2019";"21:38";"5";"87";"87085";"2";"3";"2";"3";"GAY-LUSSAC (COURS)";"45,8355100";"1,2618800"
"201900022262";"22";"12";"2019";"04:38";"5";"82";"82121";"2";"1";"1";"1";"ABBAYE (419 RUE DE L')";"44,0108600";"1,3548560"
"201900022263";"24";"12";"2019";"11:45";"1";"79";"79329";"1";"4";"1";"1";"Rue des Pressoirs";"46,9719030";" -0,1852000"
"201900022264";"24";"12";"2019";"08:50";"2";"78";"78646";"1";"3";"1";"2";"MATELOTS (ALLEE DES)";"48,8032600";"2,1053400"
"201900022265";"23";"12";"2019";"18:40";"5";"76";"76705";"2";"1";"1";"7";"PICARD. AVENUE GUSTAVE";"49,3309792";"1,0976101"
"201900022266";"24";"12";"2019";"20:00";"5";"73";"73065";"2";"1";"3";"6";"D991";"45,5926070";"5,9189630"
"201900022267";"21";"12";"2019";"12:30";"1";"73";"73065";"2";"1";"2";"2";"D14  LABIAZ (ROUTE DE)";"45,5715137";"5,8909268"
"201900022268";"17";"12";"2019";"08:30";"1";"71";"71540";"1";"2";"1";"3";"R.N. 80";"46,7682190";"4,4518230"
"201900022269";"24";"12";"2019";"11:00";"1";"71";"71076";"2";"1";"2";"2";"NIEPCE (AVENUE NICEPHORE)";"46,7790000";"4,8500100"
"201900022270";"24";"12";"2019";"09:30";"1";"68";"68224";"2";"1";"1";"6";"COLMAR (AVENUE DE)";"47,7507610";"7,3384910"
"201900022271";"23";"12";"2019";"18:46";"5";"67";"67482";"2";"1";"1";"6";"SAINT JOSEPH (PLACE)";"48,5799900";"7,7122200"
"201900022272";"23";"12";"2019";"14:39";"1";"67";"67482";"2";"3";"1";"3";"NEUHOF (ROUTE)";"48,5473900";"7,7655200"
"201900022273";"20";"12";"2019";"12:50";"1";"64";"64445";"2";"1";"1";"6";"LAMOTHE";"43,2963312";" -0,3657512"
"201900022274";"20";"12";"2019";"17:00";"1";"64";"64445";"2";"1";"2";"6";"LEON BERARD";"43,3173900";" -0,3769400"
"201900022275";"23";"12";"2019";"20:05";"5";"64";"64024";"2";"3";"1";"6";"ESPAGNE (AVENUE D')";"43,4746935";" -1,5307420"
"201900022276";"23";"12";"2019";"17:45";"5";"64";"64024";"2";"1";"1";"7";"BIARRITZ (AVENUE DE)";"43,4804000";" -1,5282100"
"201900022277";"29";"1";"2019";"08:00";"5";"56";"56121";"2";"6";"3";"2";"BOURGNEUF ( PL DU )";"47,7579700";" -3,3900500"
"201900022278";"27";"1";"2019";"06:30";"5";"56";"56098";"2";"6";"6";"2";"LANN-SEVELIN (ROND POINT DE)";"47,7784900";" -3,3443100"
"201900022279";"29";"1";"2019";"07:45";"1";"54";"54431";"2";"2";"1";"3";"RD120";"48,8970430";"6,0709650"
"201900022280";"22";"12";"2019";"19:35";"3";"59";"59122";"1";"1";"2";"6";"PARIS (AVENUE DE)";"50,1572427";"3,2236130"
"201900022281";"21";"1";"2019";"08:30";"1";"54";"54578";"2";"1";"1";"3";"LAXOU (RUE DE)";"48,6758000";"6,1450800"
"201900022282";"24";"12";"2019";"17:55";"5";"56";"56260";"2";"6";"1";"3";"CHURCHILL(RUE WINSTON)";"47,6400600";" -2,7694500"
"201900022283";"22";"12";"2019";"13:00";"1";"56";"56107";"2";"3";"1";"3";"ORPHIES (RUE DES)";"47,7201000";" -3,3905300"
"201900022284";"21";"12";"2019";"12:20";"1";"56";"56098";"2";"3";"1";"2";"ROUGET DE LISLE (RUE)";"47,7754700";" -3,3484700"
"201900022285";"29";"1";"2019";"21:30";"5";"51";"51454";"2";"2";"8";"3";"RUE LAURENT DERAMEZ";"49,2594803";"4,0421236"
"201900022286";"20";"12";"2019";"23:55";"5";"56";"56121";"2";"1";"2";"6";"FERRY ( PL. JULES )";"47,7456600";" -3,3631600"
"201900022287";"23";"12";"2019";"16:05";"1";"54";"54323";"1";"1";"1";"1";"RD520";"49,5082800";"5,7795800"
"201900022288";"20";"12";"2019";"18:27";"5";"49";"49328";"2";"1";"2";"3";"MARNE (BOULEVARD DE LA) D 93";"47,2520200";" -0,0823000"
"201900022289";"29";"1";"2019";"14:15";"1";"51";"51573";"2";"2";"1";"3";"RUE GABRIEL PERI";"49,2447075";"3,9961923"
"201900022290";"29";"1";"2019";"19:20";"5";"50";"50129";"2";"1";"2";"3";"ALEXANDRE III (QUAI)";"49,6375600";" -1,6216400"
"201900022291";"28";"1";"2019";"19:05";"5";"50";"50129";"2";"3";"1";"1";"ZOLA (RUE EMILE)";"49,6363820";" -1,6298637"
"201900022292";"26";"1";"2019";"23:35";"5";"49";"49099";"2";"1";"2";"6";"ARC (RUE JEANNE-D'ARC)";"47,0019200";" -0,8929600"
"201900022293";"25";"1";"2019";"18:10";"2";"49";"49007";"2";"1";"1";"7";"PATTON AVENUE";"47,4731600";" -0,5987900"
"201900022294";"23";"12";"2019";"13:11";"1";"49";"49007";"2";"1";"1";"6";"SAINT LEONARD";"47,4622200";" -0,5340900"
"201900022295";"28";"1";"2019";"17:05";"1";"49";"49267";"1";"1";"1";"3";"A87N";"47,4635700";" -0,5168100"
"201900022296";"15";"12";"2019";"23:10";"5";"47";"47201";"2";"1";"1";"3";"MARNE (AV. DE LA)";"44,1946600";"0,6077100"
"201900022297";"24";"12";"2019";"18:00";"5";"45";"45234";"2";"1";"1";"4";"AV DES DROITS DE L'HOMME";"47,9238400";"1,9388700"
"201900022298";"23";"12";"2019";"11:15";"1";"45";"45208";"2";"3";"1";"3";"AV DU G DE GAULLE - R B BELLECOUR";"48,0053588";"2,7384648"
"201900022299";"24";"12";"2019";"16:30";"1";"44";"44109";"1";"1";"1";"2";"PERIPHERIQUE";"47,2639700";" -1,5585300"
"201900022300";"30";"1";"2019";"08:18";"1";"45";"45234";"2";"1";"9";"6";"R DE L' ARGONNE-AV DES DROITS DE L'HOMME";"47,9147500";"1,9237400"
"201900022301";"29";"1";"2019";"18:05";"5";"45";"45234";"2";"1";"2";"3";"2 QUAI DU CHATELET";"47,8981040";"1,9133900"
"201900022302";"24";"12";"2019";"16:30";"1";"34";"34172";"2";"9";"1";"6";"FES (RUE DE)";"43,6341528";"3,8319198"
"201900022303";"29";"1";"2019";"08:02";"2";"45";"45208";"2";"1";"1";"6";"11 BD DU CHINCHON";"47,9951290";"2,7318000"
"201900022304";"30";"11";"2019";"12:40";"1";"33";"33281";"2";"6";"3";"6";"RUE GUTENBERG";"44,8255800";" -0,6726100"
"201900022305";"28";"1";"2019";"21:50";"4";"45";"45338";"2";"1";"9";"6";"80 AV DE LA LIBERATION";"47,9897710";"2,6948610"
"201900022306";"10";"1";"2019";"07:01";"5";"44";"44190";"2";"6";"1";"6";"RUE HENRI MAINGUET";"47,2060000";" -1,5040000"
"201900022307";"26";"11";"2019";"19:05";"5";"33";"33249";"2";"2";"1";"1";"AVE DU PDT SALVADOR ALLENDE";"44,8669000";" -0,5206000"
"201900022308";"30";"1";"2019";"15:10";"1";"42";"42044";"2";"3";"1";"6";"SCHUMAN (RUE ROBERT)";"45,3964900";"4,3428900"
"201900022309";"24";"12";"2019";"10:10";"1";"33";"33069";"2";"3";"2";"6";"RUE EMILE ZOLA";"44,8648600";" -0,5997000"
"201900022310";"29";"1";"2019";"08:15";"1";"41";"41138";"2";"1";"2";"6";"Le Haut Fontenay";"47,8030491";"1,1248698"
"201900022311";"29";"1";"2019";"08:45";"1";"39";"39150";"1";"1";"1";"7";"N/A";"47,0553870";"5,4404440"
"201900022312";"29";"1";"2019";"11:25";"1";"38";"38185";"2";"1";"1";"3";"JEAN PERROT (AVENUE)";"45,1672500";"5,7416000"
"201900022313";"30";"1";"2019";"16:34";"1";"37";"37214";"2";"2";"1";"6";"ENGERAND (RUE ROLAND)";"47,4102797";"0,6696624"
"201900022314";"30";"1";"2019";"14:24";"1";"37";"37261";"2";"2";"1";"2";"DANEMARK (AVENUE DU)";"47,4324000";"0,6941000"
"201900022315";"30";"1";"2019";"09:15";"1";"37";"37261";"2";"1";"1";"6";"CROIX PASQUIER (RUE)";"47,4100800";"0,6897000"
"201900022316";"27";"11";"2019";"22:25";"5";"33";"33281";"2";"2";"1";"2";"AVE FRANCOIS MITTERRAND";"44,8259000";" -0,6278500"
"201900022317";"30";"1";"2019";"10:05";"1";"37";"37261";"2";"1";"1";"3";"VAILLANT (RUE EDOUARD)";"47,3818300";"0,7056600"
"201900022318";"24";"12";"2019";"09:45";"1";"31";"31555";"2";"1";"1";"3";"AV M BOURGES MAUNOURY";"43,6312100";"1,4495800"
"201900022319";"29";"1";"2019";"19:25";"3";"37";"37233";"2";"3";"2";"3";"LOIRE (LEVEE DE LA)";"47,4018287";"0,7480371"
"201900022320";"23";"12";"2019";"20:00";"5";"31";"31555";"2";"1";"1";"3";"BD DES RECOLLETS";"43,5840000";"1,4414800"
"201900022321";"23";"12";"2019";"11:30";"1";"29";"29232";"1";"1";"1";"4";"BENODET ROUTE DE";"47,9628300";" -4,0832800"
"201900022322";"29";"1";"2019";"19:00";"4";"35";"35238";"2";"1";"4";"6";"HUET (ABBE)";"48,1214370";" -1,6929790"
"201900022323";"24";"12";"2019";"08:08";"2";"29";"29019";"2";"1";"1";"6";"PLYMOUTH (DE 89 A 135 ET 54 A 118)";"48,3856211";" -4,5346272"
"201900022324";"15";"1";"2019";"14:01";"1";"35";"35238";"2";"3";"8";"3";"TOUR D'AUVERGNE (BD DE LA)";"48,1044900";" -1,6843500"
"201900022325";"29";"1";"2019";"14:40";"1";"35";"35238";"2";"1";"3";"6";"DE LESSEPS (FERDINAND)";"48,0998100";" -1,7066500"
"201900022326";"28";"1";"2019";"19:45";"5";"35";"35238";"2";"3";"1";"3";"COMBES (BD EMILE)";"48,0955900";" -1,6624700"
"201900022327";"24";"12";"2019";"23:30";"3";"25";"25056";"1";"1";"1";"7";"MORRE ROUTE DE";"47,2261300";"6,0504800"
"201900022328";"28";"1";"2019";"06:45";"5";"35";"35238";"2";"2";"2";"3";"MAGENTA (BD)";"48,1057400";" -1,6739700"
"201900022329";"30";"1";"2019";"07:52";"1";"34";"34172";"2";"1";"1";"6";"SCHUMAN (PLACE ROBERT)";"43,6193800";"3,8179000"
"201900022330";"29";"1";"2019";"20:20";"5";"34";"34129";"2";"3";"2";"3";"FIGUIERES (AVENUE DE)";"43,5841800";"3,9265000"
"201900022331";"29";"1";"2019";"18:25";"5";"34";"34172";"2";"1";"2";"7";"ALCO (RUE D'";"43,6161200";"3,8412500"
"201900022332";"28";"1";"2019";"15:00";"1";"34";"34172";"1";"1";"1";"2";"ARTAUD (ROND POINT ANTONIN)";"43,6218000";"3,8226600"
"201900022333";"21";"12";"2019";"18:30";"5";"22";"22360";"1";"6";"1";"3";"RD700";"48,4930549";" -2,7626140"
"201900022334";"8";"12";"2019";"18:00";"5";"22";"22113";"1";"1";"3";"7";"TREBEURDEN (ROUTE DE)";"48,7459000";" -3,4785500"
"201900022335";"25";"1";"2019";"22:15";"5";"33";"33550";"2";"6";"1";"1";"AVE BARRET";"44,7770100";" -0,5671600"
"201900022336";"23";"12";"2019";"18:50";"5";"16";"16102";"2";"1";"2";"1";"rue BOUSSION";"45,6961000";" -0,3377600"
"201900022337";"23";"12";"2019";"11:20";"1";"16";"16089";"2";"1";"1";"2";"RN 141";"45,6822490";" -0,3080410"
"201900022338";"25";"12";"2019";"01:35";"5";"13";"13211";"2";"1";"1";"3";"JEAN LOMBARD (AVENUE)";"43,2890350";"5,4320510"
"201900022339";"24";"1";"2019";"18:25";"5";"33";"33069";"2";"2";"1";"1";"Rue Pasteur / Av.d'Eysines - VTA sur avenue d'Eysines tourne à gauche sur la voie du cyclo B rue Pasteur";"44,8581800";" -0,6051300"
"201900022340";"26";"1";"2019";"02:11";"5";"33";"33550";"2";"1";"1";"6";"54-55 RUE DE LA PAIX";"44,7651100";" -0,5739000"
"201900022341";"24";"12";"2019";"15:00";"1";"13";"13210";"2";"1";"1";"3";"ROMAIN ROLLAND (BOULEVARD)";"43,2750260";"5,4158630"
"201900022342";"29";"1";"2019";"07:10";"5";"31";"31555";"1";"1";"1";"3";"AV SALVADOR DALI";"43,6248400";"1,4059100"
"201900022343";"24";"12";"2019";"08:50";"1";"13";"13204";"2";"1";"1";"6";"MARÉCHAL FOCH (AVENUE)";"43,3025235";"5,3969681"
"201900022344";"24";"12";"2019";"02:00";"5";"13";"13204";"2";"3";"1";"3";"HOPKINSON (BOULEVARD)";"43,3000000";"5,4000000"
"201900022345";"30";"1";"2019";"21:30";"3";"30";"30243";"1";"1";"1";"6";"MOULIN (AVENUE J.)";"44,0589037";"4,0915094"
"201900022346";"23";"12";"2019";"20:36";"5";"13";"13202";"2";"1";"1";"3";"LAZARET (QUAI DU)";"43,3110700";"5,3675000"
"201900022347";"30";"1";"2019";"13:10";"1";"29";"29232";"2";"1";"1";"2";"RESISTANCE ET GENERAL DE GAULLE PLACE DE";"47,9938300";" -4,1053400"
"201900022348";"23";"12";"2019";"14:30";"1";"13";"13205";"2";"1";"1";"3";"SAKAKINI (BOULEVARD)";"43,2964220";"5,4003870"
"201900022349";"29";"1";"2019";"18:45";"5";"27";"27681";"2";"3";"3";"6";"BONNARD (RUE PIERRE)";"49,0982400";"1,4891100"
"201900022350";"29";"1";"2019";"18:25";"5";"19";"19031";"2";"1";"3";"6";"GOUDOUX (RUE JEAN)";"45,1554100";"1,5044000"
"201900022351";"30";"1";"2019";"17:55";"2";"17";"17415";"2";"6";"2";"6";"GENET ROCADE A COTE DE BEAUTE COURS";"45,7487900";" -0,6588400"
"201900022352";"30";"1";"2019";"20:45";"3";"17";"17028";"1";"1";"2";"7";"RN137";"46,1208540";" -1,1093530"
"201900022353";"28";"1";"2019";"17:05";"2";"16";"16102";"2";"2";"2";"2";"boulevard de PARIS";"45,6883837";" -0,3189663"
"201900022354";"24";"12";"2019";"05:50";"5";"13";"13001";"2";"3";"1";"1";"DALMAS JEAN (RUE)";"43,5319600";"5,4300000"
"201900022355";"23";"12";"2019";"10:53";"1";"6";"06123";"2";"3";"1";"3";"PUGETS ROUTE DES";"43,6868060";"7,1804020"
"201900022356";"23";"12";"2019";"10:25";"1";"6";"06027";"2";"3";"1";"3";"GARE AVENUE DE LA";"43,6584540";"7,1481840"
"201900022357";"29";"1";"2019";"15:15";"1";"14";"14383";"2";"6";"1";"3";"MORAND (RUE )";"49,1606600";" -0,3950900"
"201900022358";"20";"12";"2019";"15:14";"1";"5";"05061";"2";"1";"3";"4";"JEAN JAURES ( AVENUE )";"44,5488900";"6,0672900"
"201900022359";"28";"1";"2019";"17:45";"2";"13";"13102";"2";"1";"1";"6";"JEAN JAURES (BD )";"43,4041650";"5,2609940"
"201900022360";"29";"11";"2019";"18:16";"5";"3";"03310";"2";"3";"1";"6";"rue Jean Jaurès";"46,1345027";"3,4228609"
"201900022361";"30";"1";"2019";"12:50";"1";"13";"13213";"2";"1";"1";"5";"CROIX ROUGE (AVENUE)";"43,3334500";"5,4400500"
"201900022362";"30";"1";"2019";"12:45";"1";"13";"13211";"2";"1";"1";"7";"MONTRE (TRAVERSE DE LA)";"43,2964300";"5,4753700"
"201900022363";"23";"12";"2019";"13:35";"1";"75";"75116";"2";"1";"1";"2";"BD PERIPHERIQUE INTERIEUR";"48,8727828";"2,2746081"
"201900022364";"30";"1";"2019";"08:26";"1";"13";"13214";"2";"1";"1";"3";"SAINTE MARTHE (chemin)";"43,3267150";"5,3877260"
"201900022365";"24";"12";"2019";"00:01";"5";"75";"75118";"2";"2";"1";"6";"RUE BELLIARD";"48,8964850";"2,3362470"
"201900022366";"30";"1";"2019";"07:45";"2";"13";"13206";"2";"1";"1";"6";"LODI (RUE DE)";"43,2908800";"5,3857600"
"201900022367";"29";"1";"2019";"23:30";"5";"13";"13207";"2";"1";"2";"3";"RIVE NEUVE (QUAI)";"43,2929280";"5,3691000"
"201900022368";"29";"1";"2019";"19:30";"5";"13";"13211";"2";"1";"8";"7";"JEAN LOMBARD (AVENUE)";"43,2889640";"5,4320860"
"201900022369";"24";"12";"2019";"14:55";"1";"75";"75120";"2";"1";"1";"6";"COURS DE VINCENNES";"48,8480034";"2,4036440"
"201900022370";"29";"1";"2019";"19:20";"5";"13";"13209";"2";"1";"1";"1";"SAINTE MARGUERITE (BOULEVARD)";"43,2617500";"5,4144700"
"201900022371";"23";"12";"2019";"12:50";"1";"75";"75120";"2";"7";"1";"6";"BOULEVARD DAVOUT";"48,8643446";"2,4088514"
"201900022372";"24";"12";"2019";"17:00";"5";"75";"75119";"2";"1";"1";"6";"RUE DE BELLEVILLE";"48,8753900";"2,3900570"
"201900022373";"24";"12";"2019";"00:01";"5";"75";"75116";"2";"1";"2";"3";"ALLEE DE LONGCHAMP";"48,8652580";"2,2441940"
"201900022374";"23";"12";"2019";"18:10";"5";"75";"75116";"2";"7";"1";"1";"PLACE DU PARAGUAY";"48,8716098";"2,2764444"
"201900022375";"29";"1";"2019";"17:00";"1";"13";"13201";"2";"1";"1";"3";"FLEGIER (RUE)";"43,3011000";"5,3835000"
"201900022376";"29";"1";"2019";"13:45";"1";"13";"13212";"2";"1";"1";"3";"SAINT PIERRE (RUE)";"43,2905500";"5,4217100"
"201900022377";"23";"12";"2019";"09:35";"1";"75";"75115";"2";"2";"1";"6";"RUE SAINT CHARLES";"48,8434420";"2,2827490"
"201900022378";"29";"1";"2019";"12:20";"1";"13";"13204";"2";"1";"1";"6";"SAKAKINI (BOULEVARD)";"43,2952200";"5,4010200"
"201900022379";"29";"1";"2019";"09:15";"1";"13";"13208";"2";"1";"1";"6";"JULES CANTINI (AVENUE)";"43,2816360";"5,3915890"
"201900022380";"23";"12";"2019";"16:10";"1";"75";"75114";"2";"4";"8";"2";"AVENUE DU MAINE";"48,8302600";"2,3258910"
"201900022381";"28";"1";"2019";"17:30";"1";"13";"13201";"2";"1";"1";"6";"HENRI BARBUSSE (RUE)";"43,2977680";"5,3740750"
"201900022382";"30";"1";"2019";"14:00";"1";"13";"13005";"1";"1";"1";"3";"AUCHAN ( CENTRE COMMERCIAL)";"43,2918900";"5,5921500"
"201900022383";"28";"1";"2019";"10:00";"1";"13";"13005";"2";"1";"1";"6";"PERI (AVENUE GABRIEL)";"43,2944300";"5,5688400"
"201900022384";"30";"1";"2019";"11:50";"1";"13";"13001";"2";"9";"1";"6";"JUVENAL MAX (AV)";"43,5264700";"5,4398900"
"201900022385";"28";"1";"2019";"12:50";"1";"11";"11262";"2";"3";"1";"3";"MISTRAL (BOULEVARD FREDERIC)";"43,1849600";"3,0005800"
"201900022386";"24";"12";"2019";"19:00";"5";"75";"75113";"2";"3";"1";"3";"RUE DU DESSOUS DES BERGES";"48,8289350";"2,3725160"
"201900022387";"29";"1";"2019";"18:00";"5";"11";"11262";"2";"1";"2";"6";"DE GAULLE (BOULEVARD DU GENERAL)";"43,1844160";"3,0088880"
"201900022388";"29";"1";"2019";"11:45";"1";"11";"11262";"2";"1";"2";"6";"ALZEAU (RUE DE L')";"43,1870300";"2,9752900"
"201900022389";"24";"12";"2019";"17:20";"5";"75";"75108";"2";"4";"1";"3";"COURS ALBERT 1ER";"48,8645331";"2,3067206"
"201900022390";"28";"1";"2019";"09:38";"1";"11";"11069";"1";"1";"2";"6";"MAGELLAN";"43,2362000";"2,3692000"
"201900022391";"24";"12";"2019";"00:20";"5";"75";"75118";"2";"2";"3";"3";"RUE PAJOL";"48,8912649";"2,3632717"
"201900022392";"28";"1";"2019";"17:00";"1";"6";"06088";"2";"9";"1";"3";"ARIANE (BD DE L')";"43,7347026";"7,2966693"
"201900022393";"30";"1";"2019";"17:09";"1";"6";"06069";"1";"1";"1";"3";"DRAGUIGNAN (ROUTE DE) - D2562-";"43,6431498";"6,9042742"
"201900022394";"24";"12";"2019";"00:40";"5";"94";"94068";"2";"2";"3";"3";"EDGAR QUINET (IMP)";"48,7916800";"2,4944700"
"201900022395";"23";"12";"2019";"18:50";"5";"94";"94068";"2";"6";"1";"6";"DELERUE (R)";"48,7957600";"2,4905400"
"201900022396";"29";"1";"2019";"18:45";"5";"6";"06069";"2";"1";"1";"3";"LIBERATION (AVENUE DE LA)";"43,6434100";"6,9132200"
"201900022397";"29";"1";"2019";"08:25";"1";"6";"06069";"2";"1";"9";"6";"CASTORS (CHEMIN DES)";"43,6432300";"6,9304600"
"201900022398";"28";"1";"2019";"07:40";"1";"6";"06027";"2";"2";"1";"3";"NICE AVENUE DE (RN7)";"43,6589000";"7,1628300"
"201900022399";"28";"1";"2019";"16:09";"1";"5";"05061";"2";"3";"7";"6";"ALPHONSE DAUDET";"44,5497200";"6,0652000"
"201900022400";"24";"12";"2019";"16:30";"1";"94";"94058";"2";"1";"1";"6";"GENERAL DE GAULLE (AV DU)";"48,8379000";"2,5101600"
"201900022401";"28";"1";"2019";"14:40";"1";"5";"05061";"2";"4";"7";"6";"STE MARGUERITE ( ROUTE DE )";"44,5535400";"6,0786100"
"201900022402";"28";"1";"2019";"12:00";"1";"5";"05061";"2";"1";"7";"6";"SAGNIERES ( RUE DES )";"44,5505000";"6,0665700"
"201900022403";"28";"1";"2019";"09:11";"1";"5";"05061";"1";"1";"9";"1";"RN 85";"44,5152400";"6,0493500"
"201900022404";"24";"12";"2019";"13:45";"1";"94";"94017";"2";"1";"1";"3";"GENERAL DE GAULLE (AV DU)";"48,8203900";"2,4857800"
"201900022405";"28";"1";"2019";"18:35";"4";"1";"01283";"2";"1";"9";"2";"FRANCE (RUE A. DU 1-5 ET 143 AU158)";"46,2593200";"5,6574100"
"201900022406";"23";"12";"2019";"12:40";"1";"93";"93073";"2";"1";"1";"2";"CHAPIT RE ( RUE DU)";"48,9850600";"2,5234900"
"201900022407";"30";"1";"2019";"14:20";"1";"75";"75116";"2";"4";"9";"6";"BOULEVARD PERIPHERIQUE";"48,8517450";"2,2523210"
"201900022408";"29";"1";"2019";"09:05";"1";"75";"75112";"2";"2";"1";"3";"QUAI DE LA RAPEE";"48,8458480";"2,3676330"
"201900022409";"24";"12";"2019";"18:30";"5";"93";"93059";"2";"1";"8";"6";"JEAN MERMOZ (BOULEVARD) DES N°1A57 ET N°";"48,9655400";"2,3633400"
"201900022410";"24";"12";"2019";"12:40";"1";"93";"93059";"2";"1";"1";"6";"JEAN MERMOZ (BOULEVARD) N°59AU185 ET 76A";"48,9712900";"2,3659400"
"201900022411";"24";"12";"2019";"18:10";"3";"93";"93066";"2";"1";"1";"6";"""STALINGRAD (AVENUE), NR 88 A 114 BIS""";"48,9459900";"2,3663500"
"201900022412";"29";"1";"2019";"19:00";"5";"75";"75105";"2";"1";"2";"3";"RUE BUFFON";"48,8422530";"2,3600860"
"201900022413";"30";"1";"2019";"11:55";"1";"75";"75118";"2";"2";"7";"6";"RUE CUSTINE";"48,8884100";"2,3479970"
"201900022414";"24";"12";"2019";"12:20";"1";"93";"93066";"2";"1";"1";"3";"DE PRESSENSE FRANCIS";"48,9200200";"2,3625000"
"201900022415";"30";"1";"2019";"12:25";"1";"75";"75117";"2";"2";"1";"3";"RUE POUCHET";"48,8942330";"2,3206110"
"201900022416";"29";"1";"2019";"18:25";"5";"75";"75117";"2";"7";"2";"6";"AVENUE DE WAGRAM";"48,8777500";"2,2979140"
"201900022417";"29";"1";"2019";"14:40";"1";"75";"75117";"2";"1";"1";"3";"BOULEVARD BERTHIER";"48,8909570";"2,3055610"
"201900022418";"28";"1";"2019";"09:50";"1";"75";"75116";"2";"1";"1";"7";"AVENUE FOCH";"48,8730690";"2,2880610"
"201900022419";"30";"1";"2019";"13:07";"1";"75";"75115";"2";"7";"1";"7";"AVENUE EMILE ZOLA";"48,8465360";"2,2860260"
"201900022420";"29";"1";"2019";"23:12";"5";"75";"75115";"2";"2";"4";"6";"BOULEVARD PASTEUR";"48,8450130";"2,3106890"
"201900022421";"22";"12";"2019";"15:30";"1";"93";"93066";"2";"3";"1";"5";"MOULIN JEAN (AVE) NR 10 A 20 ET  13 A 17";"48,9408400";"2,3640300"
"201900022422";"29";"1";"2019";"16:10";"1";"75";"75114";"2";"1";"2";"6";"BOULEVARD JOURDAN";"48,8203580";"2,3390170"
"201900022423";"24";"12";"2019";"08:00";"2";"93";"93064";"2";"1";"8";"3";"FERRY (RUE JULES)";"48,8740474";"2,4791567"
"201900022424";"28";"1";"2019";"09:00";"1";"75";"75114";"2";"2";"1";"6";"BOULEVARD ADOLPHE PINARD";"48,8250230";"2,3021490"
"201900022425";"23";"12";"2019";"23:45";"5";"93";"93055";"2";"9";"2";"6";"JEAN LOLIVE (AVENUE)(137/FIN ET 134/FIN)";"48,8932500";"2,4136100"