"Num_Acc";"jour";"mois";"an";"hrmn";"lum";"dep";"com";"agg";"int";"atm";"col";"adr";"lat";"long"
"201900022426";"30";"1";"2019";"13:30";"1";"75";"75113";"2";"1";"1";"2";"AVENUE DE LA PORTE DE CHOISY";"48,8204484";"2,3643941"
"201900022427";"29";"1";"2019";"19:55";"5";"75";"75112";"2";"4";"4";"6";"RUE ABEL";"48,8459410";"2,3744040"
"201900022428";"23";"12";"2019";"19:39";"3";"93";"93053";"2";"1";"1";"3";"ANATOLE FRANCE (RUE)";"48,8889800";"2,4513700"
"201900022429";"29";"1";"2019";"15:40";"1";"75";"75112";"2";"2";"2";"3";"BOULEVARD DIDEROT";"48,8480330";"2,3928440"
"201900022430";"24";"12";"2019";"00:05";"5";"93";"93049";"2";"1";"2";"3";"GALLIENI (BOULEVARD)";"48,8531700";"2,5143900"
"201900022431";"29";"1";"2019";"08:00";"1";"75";"75112";"2";"3";"8";"6";"BOULEVARD SOULT";"48,8389080";"2,4084520"
"201900022432";"29";"1";"2019";"16:55";"2";"75";"75111";"2";"3";"2";"3";"AVENUE DE LA REPUBLIQUE";"48,8656910";"2,3723240"
"201900022433";"24";"12";"2019";"12:45";"1";"93";"93048";"2";"2";"1";"1";"BOISSIERE (BOULEVARD DE LA)";"48,8712250";"2,4708650"
"201900022434";"29";"1";"2019";"13:40";"1";"75";"75111";"2";"2";"8";"3";"BOULEVARD VOLTAIRE";"48,8524420";"2,3891130"
"201900022435";"24";"12";"2019";"07:00";"2";"93";"93030";"2";"1";"2";"6";"HENNIAUX (RUE MAURICE)";"48,9518900";"2,4163500"
"201900022436";"29";"1";"2019";"19:30";"5";"75";"75110";"2";"1";"3";"2";"BOULEVARD DE MAGENTA";"48,8735000";"2,3585600"
"201900022437";"24";"12";"2019";"12:30";"1";"93";"93001";"2";"1";"1";"6";"REPUBLIQUE (AVE DE LA ) 43/106 =>";"48,9131300";"2,3828100"
"201900022438";"30";"1";"2019";"21:15";"5";"75";"75109";"2";"2";"8";"2";"RUE DE LA CHAUSSEE D ANTIN";"48,8752680";"2,3322740"
"201900022439";"23";"12";"2019";"20:15";"5";"92";"92026";"2";"1";"1";"2";"MARECHAL JOFFRE (QUAI DU)";"48,9021600";"2,2811000"
"201900022440";"29";"1";"2019";"16:12";"1";"75";"75109";"2";"2";"2";"6";"BOULEVARD HAUSSMANN";"48,8723800";"2,3374360"
"201900022441";"29";"1";"2019";"14:24";"1";"75";"75109";"2";"3";"1";"6";"RUE LA FAYETTE";"48,8764700";"2,3461690"
"201900022442";"23";"12";"2019";"19:00";"2";"92";"92025";"2";"1";"1";"3";"EUROPE (AV DE L')";"48,9259210";"2,2422810"
"201900022443";"30";"1";"2019";"19:30";"5";"75";"75102";"2";"1";"2";"2";"RUE REAUMUR";"48,8666530";"2,3505720"
"201900022444";"24";"12";"2019";"16:45";"2";"92";"92071";"2";"1";"1";"6";"AVENUE JEAN PERRIN";"48,7851100";"2,3018400"
"201900022445";"29";"1";"2019";"19:00";"5";"75";"75101";"2";"3";"3";"6";"RUE THERESE";"48,8663730";"2,3348560"
"201900022446";"24";"12";"2019";"16:35";"1";"92";"92012";"2";"3";"1";"3";"GENERAL LECLERC (AVENUE DU) 35/FIN - 60/";"48,8299427";"2,2314922"
"201900022447";"29";"1";"2019";"07:00";"5";"94";"94042";"2";"1";"1";"4";"GENERAL GALLIENI - PONT DE JOINVILLE (AV";"48,8201700";"2,4682800"
"201900022448";"24";"12";"2019";"22:45";"3";"74";"74088";"1";"1";"5";"1";"A41";"46,0436410";"6,0840430"
"201900022449";"28";"1";"2019";"18:25";"5";"94";"94015";"2";"1";"1";"1";"GEORGES CLEMENCEAU (AV)";"48,8395400";"2,5236000"
"201900022450";"24";"12";"2019";"22:40";"3";"62";"62759";"1";"1";"2";"6";"Chaussée Brunehaut";"50,6506420";"1,8943740"
"201900022451";"25";"12";"2019";"13:30";"1";"56";"56172";"1";"1";"1";"6";"Kervio RD1";"47,8120430";" -2,6298050"
"201900022452";"28";"1";"2019";"09:30";"1";"94";"94046";"2";"1";"1";"4";"GENERAL LECLERC (AV DU)";"48,8044000";"2,4438900"
"201900022453";"30";"1";"2019";"19:00";"5";"94";"94037";"2";"1";"4";"7";"RASPAIL (AV)";"48,8101100";"2,3436400"
"201900022454";"23";"12";"2019";"01:00";"5";"74";"74276";"2";"1";"4";"6";"Praz de Lys";"46,1497391";"6,6130573"
"201900022455";"30";"1";"2019";"18:30";"5";"94";"94041";"2";"2";"2";"3";"VERDUN (AV DE)";"48,8130700";"2,3702700"
"201900022456";"25";"12";"2019";"18:20";"3";"80";"80019";"1";"9";"1";"1";"D936";"49,9608150";"1,9122220"
"201900022457";"25";"12";"2019";"10:00";"1";"71";"71110";"1";"1";"1";"7";"D987";"46,2523320";"4,2812240"
"201900022458";"29";"1";"2019";"16:00";"1";"94";"94011";"2";"3";"2";"2";"PARIS(AVENUE DE)";"48,7767270";"2,4792535"
"201900022459";"28";"1";"2019";"06:20";"5";"94";"94079";"2";"1";"1";"6";"ROBERT SCHUMAN (R)";"48,8227000";"2,5414100"
"201900022460";"24";"12";"2019";"15:00";"1";"61";"61207";"1";"3";"7";"3";"D938";"48,3096220";"0,4902980"
"201900022461";"29";"1";"2019";"16:00";"1";"93";"93072";"2";"9";"2";"6";"VICTOR RENELLE (RUE)";"48,9471800";"2,3886400"
"201900022462";"25";"12";"2019";"18:20";"5";"55";"55215";"2";"1";"1";"6";"Rue de Verdun";"48,5196030";"5,5050980"
"201900022463";"29";"1";"2019";"20:30";"3";"93";"93071";"2";"1";"2";"1";"PETITS PONTS (ROUTE DES)";"48,9496010";"2,5208900"
"201900022464";"25";"12";"2019";"16:18";"1";"39";"39232";"1";"1";"8";"1";"N/A";"46,6269520";"5,9526570"
"201900022465";"25";"12";"2019";"16:51";"1";"72";"72241";"1";"1";"1";"3";"d20";"48,0560990";"0,4129250"
"201900022466";"25";"12";"2019";"05:30";"5";"6";"06059";"2";"1";"1";"6";"Route de la Turbie";"43,7303030";"7,3726290"
"201900022467";"25";"12";"2019";"16:15";"1";"5";"05168";"1";"1";"9";"7";"D219";"44,4731040";"5,9931540"
"201900022468";"29";"1";"2019";"17:34";"5";"93";"93057";"2";"2";"2";"7";"JAURES (AV. JEAN) 125 A FIN";"48,9019000";"2,5196300"
"201900022469";"25";"12";"2019";"02:00";"3";"85";"85127";"2";"3";"9";"6";"Rue de l'Océan";"46,4105100";" -1,4944200"
"201900022470";"29";"1";"2019";"09:30";"1";"93";"93010";"2";"3";"1";"1";"AULNAY (ROUTE) COTE PAIRE DE 2 A FIN";"48,9097100";"2,4802000"
"201900022471";"24";"12";"2019";"11:40";"1";"27";"27302";"1";"1";"1";"1";"158 Route de Brionne";"49,2230930";"0,8312830"
"201900022472";"23";"12";"2019";"13:00";"1";"52";"52438";"1";"1";"2";"3";"N19";"47,8055290";"5,5583130"
"201900022473";"29";"1";"2019";"11:30";"1";"93";"93027";"2";"2";"1";"3";"PASTEUR (BOULEVARD) DE 1 A 39";"48,9208000";"2,3829700"
"201900022474";"24";"12";"2019";"23:30";"3";"6";"06152";"2";"1";"1";"1";"Route des Cretes";"43,6285360";"7,0369110"
"201900022475";"30";"1";"2019";"19:21";"5";"92";"92051";"2";"1";"2";"6";"ROUVRAY (RUE DE)";"48,8910000";"2,2789700"
"201900022476";"17";"12";"2019";"13:15";"1";"974";"97415";"2";"2";"1";"3";"croisement chaussée royale et rue du général de gaulle";" -21,0094510";"55,2763460"
"201900022477";"30";"1";"2019";"15:10";"1";"92";"92051";"2";"1";"1";"6";"MAURICE BARRES (BOULEVARD)";"48,8814000";"2,2644000"
"201900022478";"24";"12";"2019";"21:15";"3";"971";"97115";"1";"3";"1";"2";"RN2";"16,2676650";" -61,6496610"
"201900022479";"29";"1";"2019";"14:50";"1";"92";"92044";"2";"2";"1";"6";"LOUIS ROUQUIER (RUE)113+ ET 106+";"48,8927419";"2,2918725"
"201900022480";"24";"12";"2019";"15:45";"1";"45";"45252";"1";"1";"1";"7";"RD 928 PR 3 + 500";"48,1743200";"2,2313570"
"201900022481";"29";"1";"2019";"19:30";"5";"92";"92040";"2";"1";"3";"6";"VERDUN (AVENUE DE) DU 83 AU 113 BIS";"48,8208100";"2,2605700"
"201900022482";"24";"12";"2019";"19:15";"3";"77";"77254";"1";"1";"1";"1";"D96-71 Rue de Melun";"48,6990690";"2,7634760"
"201900022483";"24";"12";"2019";"19:47";"3";"5";"05122";"1";"1";"1";"2";"route nationale 94";"44,7571500";"6,5739000"
"201900022484";"29";"1";"2019";"16:45";"2";"92";"92035";"2";"3";"2";"6";"Pierre Sémart ( rue )";"48,9049355";"2,2336403"
"201900022485";"25";"12";"2019";"05:25";"3";"89";"89055";"1";"1";"2";"6";"Avenue Josephine Normand";"47,9936610";"3,6282870"
"201900022486";"30";"1";"2019";"12:25";"1";"92";"92012";"2";"9";"9";"3";"ANCIENS COMBATTANT (ROND - POINT DES)";"48,8481380";"2,2416950"
"201900022487";"24";"12";"2019";"17:20";"1";"13";"13055";"1";"1";"1";"5";"A507 sens Aubagne- Marseille";"43,3196500";"5,4226700"
"201900022488";"24";"12";"2019";"17:20";"1";"13";"13210";"1";"1";"1";"2";"A50-Sens Marseille vers Aubagne";"43,2845400";"5,4154800"
"201900022489";"29";"1";"2019";"17:55";"5";"92";"92012";"2";"1";"2";"6";"PEUPLIERS (RUE DES)";"48,8328100";"2,2562800"
"201900022490";"24";"12";"2019";"10:15";"1";"13";"13206";"2";"1";"1";"6";"Tunnel Prado Carénage";"43,2830009";"5,3877586"
"201900022491";"29";"1";"2019";"13:30";"1";"92";"92007";"2";"6";"1";"6";"RAVERA (AVENUE HENRI) N° 1 A 109 ET 2 A";"48,7995967";"2,3070163"
"201900022492";"24";"12";"2019";"07:45";"2";"13";"13214";"1";"1";"1";"1";"A7-Sens Lyon vers Marseille";"43,3210100";"5,3772000"
"201900022493";"24";"12";"2019";"19:30";"3";"69";"69199";"1";"1";"1";"4";"A7   7.000 A 8.630";"45,6877600";"4,8465400"
"201900022494";"30";"1";"2019";"12:10";"1";"50";"50541";"1";"1";"1";"5";"La Channière";"48,8371890";" -1,5116750"
"201900022495";"29";"1";"2019";"18:49";"3";"30";"30202";"2";"6";"1";"6";"8 Rue des 3 journées";"44,2553630";"4,6480770"
"201900022496";"20";"12";"2019";"20:26";"5";"69";"69273";"2";"1";"8";"6";"RD BUS (RD301)";"45,6754500";"4,9036800"
"201900022497";"28";"1";"2019";"05:14";"5";"51";"51649";"2";"3";"1";"7";"12 RUE SAINT ABDON";"48,7299130";"4,5846710"
"201900022498";"10";"12";"2019";"18:00";"5";"69";"69199";"1";"1";"1";"5";"RD383   14.250 A 18.000";"45,7163000";"4,8473000"
"201900022499";"29";"1";"2019";"16:30";"2";"2A";"2A331";"1";"1";"1";"1";"RT 40";"41,8269973";"8,9628887"
"201900022500";"18";"1";"2019";"17:30";"4";"67";"67372";"2";"1";"1";"3";"25 rue d'Uberach";"48,8496130";"7,6158220"
"201900022501";"19";"12";"2019";"16:10";"1";"42";"42275";"1";"1";"1";"6";"A72";"45,4675300";"4,3772300"
"201900022502";"30";"1";"2019";"07:30";"2";"41";"41031";"1";"1";"9";"1";"RD 956 Bis";"47,5325640";"1,3807440"
"201900022503";"24";"12";"2019";"01:45";"5";"33";"33550";"1";"1";"1";"2";"ROCADE A 630";"44,7777000";" -0,5635900"
"201900022504";"2";"1";"2019";"08:00";"2";"972";"97210";"2";"1";"1";"1";"D 18 morne acajou sud";"14,5770700";" -60,9061050"
"201900022505";"31";"1";"2019";"18:20";"3";"83";"83004";"1";"1";"2";"4";"N/A";"43,4439640";"6,4670150"
"201900022506";"3";"12";"2019";"23:20";"4";"33";"33063";"1";"1";"1";"5";"ROCADE A 630";"44,8850200";" -0,5625600"
"201900022507";"30";"1";"2019";"03:01";"3";"21";"21087";"1";"1";"4";"6";"A 6";"47,1147490";"4,7093930"
"201900022508";"24";"12";"2019";"12:40";"1";"91";"91692";"1";"1";"1";"6";"RD 188 CHEVREUSE";"48,6930360";"2,1668260"
"201900022509";"30";"1";"2019";"19:15";"5";"83";"83036";"2";"1";"1";"1";"avenue pierre rameil";"43,1738570";"6,5283040"
"201900022510";"24";"12";"2019";"10:50";"1";"77";"77251";"1";"1";"1";"7";"RN 104";"48,6305800";"2,5365900"
"201900022511";"31";"1";"2019";"08:10";"2";"29";"29116";"1";"1";"8";"7";"RN 12 - PK 048+650";"48,4944630";" -4,2053130"
"201900022512";"24";"12";"2019";"06:30";"3";"77";"77251";"1";"1";"2";"3";"AUTOROUTE A5A";"48,6265550";"2,5389993"
"201900022513";"23";"12";"2019";"17:24";"3";"91";"91689";"1";"1";"1";"5";"AUTOROUTE A6A";"48,7449300";"2,3238200"
"201900022514";"30";"1";"2019";"20:07";"3";"22";"22180";"1";"1";"1";"7";"RN 176 PR 26+800";"48,4268223";" -2,2372624"
"201900022515";"23";"12";"2019";"23:00";"5";"78";"78362";"1";"1";"1";"4";"A13";"48,9766770";"1,7185760"
"201900022516";"30";"1";"2019";"21:30";"3";"17";"17407";"1";"1";"8";"6";"RN 11";"46,2005200";" -1,0301210"
"201900022517";"12";"1";"2019";"18:45";"3";"59";"59553";"2";"1";"2";"6";"rue Paul Colette";"50,5978420";"2,9554000"
"201900022518";"26";"1";"2019";"22:30";"3";"22";"22305";"1";"1";"2";"7";"la ville es pourais";"48,2756900";" -2,1549600"
"201900022519";"30";"1";"2019";"23:56";"4";"51";"51212";"2";"1";"4";"1";"RD 12";"48,7880847";"4,2775386"
"201900022520";"29";"1";"2019";"08:45";"1";"59";"59622";"1";"1";"1";"1";"D114";"50,2185250";"3,3783690"
"201900022521";"29";"1";"2019";"17:20";"1";"19";"19130";"1";"1";"4";"1";"RD 1089 PK 47";"45,4563060";"2,1154440"
"201900022522";"30";"1";"2019";"08:30";"2";"56";"56143";"2";"1";"1";"2";"Rue Jean Mermoz";"47,5665680";" -2,5067700"
"201900022523";"30";"1";"2019";"09:15";"1";"76";"76452";"2";"1";"1";"7";"47 rue Baron Bigot";"49,5456865";"1,0784094"
"201900022524";"27";"1";"2019";"00:30";"3";"2B";"2B049";"1";"1";"1";"6";"Route de l'aéroport, RD 81";"42,4975470";"8,7939830"
"201900022525";"31";"1";"2019";"10:30";"1";"80";"80832";"1";"2";"4";"1";"départemental 941";"50,1671190";"2,0119890"
"201900022526";"7";"1";"2019";"07:00";"5";"33";"33485";"2";"3";"1";"6";"lieu dit Merlande RD 670";"44,8379800";" -0,1465300"
"201900022527";"28";"1";"2019";"16:00";"1";"11";"11170";"1";"1";"1";"6";"Route de l'Ayrolle CD 232";"43,0892910";"3,0807910"
"201900022528";"30";"1";"2019";"08:30";"1";"11";"11304";"2";"1";"2";"5";"44 avenue François Mitterrand";"42,8818300";"2,1904410"
"201900022529";"29";"1";"2019";"20:40";"3";"71";"71506";"1";"1";"2";"6";"Route de bonneau";"46,6481220";"5,4120100"
"201900022530";"31";"1";"2019";"12:29";"1";"89";"89018";"1";"1";"1";"1";"D606";"48,0572470";"3,2977630"
"201900022531";"30";"1";"2019";"16:41";"1";"89";"89076";"1";"1";"1";"2";"D129";"48,0155070";"3,6889340"
"201900022532";"31";"1";"2019";"15:15";"1";"63";"63047";"2";"1";"8";"6";"avenue de lattre de tassigny";"45,5900930";"2,7551750"
"201900022533";"31";"1";"2019";"14:10";"1";"49";"49140";"1";"1";"2";"6";"RD 947";"47,1691934";"0,0473457"
"201900022534";"30";"1";"2019";"12:07";"1";"22";"22023";"1";"1";"4";"7";"D787";"48,4506200";" -3,3620570"
"201900022535";"29";"1";"2019";"20:20";"3";"25";"25258";"1";"1";"1";"2";"RD 673";"47,2167580";"5,9210760"
"201900022536";"26";"1";"2019";"03:30";"3";"44";"44174";"2";"1";"1";"6";"35 rue Générale DE GAULLE";"47,0541030";" -1,7296410"
"201900022537";"30";"1";"2019";"09:00";"1";"35";"35305";"1";"1";"2";"6";"RD 61 PK 24+400";"48,0665440";" -2,0507110"
"201900022538";"14";"1";"2019";"12:25";"1";"2";"02403";"1";"1";"1";"7";"cd586";"49,8046710";"3,6224430"
"201900022539";"31";"1";"2019";"08:24";"1";"2";"02602";"2";"3";"1";"3";"RUE DE LA VENDEE";"49,4880140";"3,4474980"
"201900022540";"30";"1";"2019";"18:30";"3";"15";"15046";"1";"1";"4";"1";"RD 680";"45,1588340";"2,2699090"
"201900022541";"22";"1";"2019";"21:40";"3";"26";"26124";"1";"1";"1";"6";"chemin de la paillasse";"44,8568370";"4,8889370"
"201900022542";"31";"1";"2019";"17:50";"2";"72";"72112";"2";"1";"2";"1";"22 rue du Saosnois";"48,2470680";"0,2579850"
"201900022543";"31";"1";"2019";"13:30";"1";"72";"72109";"1";"2";"8";"3";"D304/D103 LIEU DIT LA LAIRE";"48,1606300";" -0,0842050"
"201900022544";"31";"1";"2019";"08:45";"1";"14";"14252";"1";"1";"9";"3";"Route départementale 131";"49,0169120";" -0,2495530"
"201900022545";"30";"1";"2019";"07:10";"5";"14";"14098";"2";"1";"1";"1";"rue du 8 juin / BRETTEVILLE L'ORGUEILLEUSE";"49,2084178";" -0,5182860"
"201900022546";"30";"1";"2019";"18:45";"5";"9";"09332";"2";"6";"2";"3";"d12";"43,0740220";"1,6453280"
"201900022547";"31";"1";"2019";"08:05";"2";"16";"16028";"2";"1";"2";"1";"Avenue de l'Europe";"45,4781948";" -0,1512892"
"201900022548";"29";"1";"2019";"12:00";"1";"53";"53062";"2";"3";"2";"3";"Place Quinnefault";"47,8287620";" -0,6996600"
"201900022549";"31";"1";"2019";"11:00";"1";"17";"17447";"1";"1";"2";"6";"CD 205";"46,0818960";" -0,9406660"
"201900022550";"30";"1";"2019";"07:50";"1";"52";"52197";"1";"1";"4";"6";"RD14 PR 027+792";"47,7888880";"5,6048440"
"201900022551";"30";"1";"2019";"15:03";"1";"88";"88447";"1";"1";"4";"6";"route départementale 43";"47,9492910";"6,7682950"
"201900022552";"30";"1";"2019";"18:10";"1";"72";"72115";"1";"1";"3";"6";"Autoroute A28";"47,6505110";"0,4609710"
"201900022553";"28";"1";"2019";"02:40";"3";"31";"31585";"1";"1";"3";"6";"Autoroute A64, point kilométrique 200+500";"43,1137810";"0,6708900"
"201900022554";"31";"1";"2019";"05:45";"1";"987";"98738";"2";"3";"1";"3";"pk17,2 c/mer servitude Tetuapa";" -17,6259260";" -149,5850900"
"201900022555";"30";"1";"2019";"14:30";"1";"987";"98738";"2";"1";"1";"6";"Pk12,4 route de Vaitavere";" -17,6259260";" -149,5850900"
"201900022556";"31";"1";"2019";"04:35";"3";"49";"49018";"1";"1";"9";"1";"RD 938 PR 28+943 Clefs Val d'Anjou";"47,6121450";" -0,0757770"
"201900022557";"27";"1";"2019";"06:45";"2";"973";"97309";"1";"1";"2";"6";"ROUTE NATIONALE 4";"4,8891944";" -52,2867894"
"201900022558";"30";"1";"2019";"07:30";"1";"6";"06152";"2";"2";"1";"7";"route de Cannes";"43,6422940";"7,0074320"
"201900022559";"25";"1";"2019";"07:30";"2";"6";"06088";"1";"9";"1";"2";"A8, PK 197.459 chausse nord, bretelle d'entrée";"43,7301880";"7,2567180"
"201900022560";"29";"1";"2019";"19:40";"3";"57";"57095";"1";"1";"9";"6";"PK354+500";"49,1352469";"6,6103743"
"201900022561";"29";"1";"2019";"10:10";"1";"34";"34095";"1";"1";"1";"3";"PK 116 + 300";"43,5154200";"3,7483510"
"201900022562";"30";"1";"2019";"23:30";"3";"17";"17044";"1";"1";"2";"6";"A10";"45,6239560";" -0,6097630"
"201900022563";"30";"1";"2019";"05:00";"3";"13";"13103";"1";"1";"1";"2";"Autoroute A7 PK 232+500 sens LYON-MARSEILLE";"43,6504900";"5,1093130"
"201900022564";"30";"1";"2019";"20:45";"3";"973";"97305";"1";"1";"3";"3";"PK17 RN1";"4,9486698";" -52,4229813"
"201900022565";"31";"1";"2019";"00:00";"3";"95";"95658";"1";"1";"9";"6";"Route départementale 14";"49,0847550";"1,9252340"
"201900022566";"30";"1";"2019";"22:54";"3";"71";"71063";"1";"1";"4";"7";"Départementale 120";"46,9040250";"4,3217590"
"201900022567";"30";"1";"2019";"17:30";"1";"68";"68063";"1";"1";"1";"6";"155 faubourg des vosges";"47,8106610";"7,1665240"
"201900022568";"10";"10";"2019";"20:15";"3";"64";"64147";"1";"1";"1";"1";"RD936 PK 122.000";"43,4531049";" -1,3717591"
"201900022569";"5";"10";"2019";"10:30";"1";"18";"18271";"1";"1";"2";"6";"43 Route de Jou";"47,1311880";"2,3969350"
"201900022570";"11";"10";"2019";"12:30";"1";"16";"16071";"1";"1";"1";"2";"Ld La Garnerie";"45,9370590";"0,7341510"
"201900022571";"10";"10";"2019";"10:18";"1";"16";"16105";"1";"1";"1";"6";"Ld La Croix Bellet";"45,3992860";" -0,1235970"
"201900022572";"11";"10";"2019";"23:00";"5";"40";"40273";"1";"9";"1";"3";"370 Avenue du Quartier Neuf";"43,5241570";" -1,4089530"
"201900022573";"12";"10";"2019";"16:20";"1";"24";"24422";"1";"1";"1";"5";"D38";"45,0019770";"0,5147060"
"201900022574";"11";"10";"2019";"11:45";"1";"4";"04094";"1";"1";"1";"1";"RD 952";"43,7419830";"5,8418230"
"201900022575";"12";"10";"2019";"17:15";"1";"27";"27284";"2";"2";"1";"1";"Avenue de Verdun";"49,2818550";"1,7719360"
"201900022576";"12";"10";"2019";"11:15";"1";"37";"37247";"2";"2";"1";"3";"21 Rue du 8 Mai";"47,0661570";"0,6682310"
"201900022577";"12";"10";"2019";"08:50";"1";"30";"30346";"1";"1";"8";"6";"départementale 981";"43,9575100";"4,5245760"
"201900022578";"11";"10";"2019";"20:10";"3";"30";"30077";"1";"1";"1";"6";"La Blaquiere";"44,1517700";"4,0571300"
"201900022579";"12";"10";"2019";"14:00";"1";"48";"48094";"1";"1";"8";"7";"D995";"44,2781730";"3,2223930"
"201900022580";"12";"10";"2019";"07:45";"1";"52";"52140";"1";"1";"1";"6";"D2";"48,2455890";"4,9130840"
"201900022581";"9";"7";"2019";"08:30";"1";"987";"98734";"1";"1";"1";"2";"PK 37 + 900 coté montagne";" -17,7233790";" -149,5057300"
"201900022582";"5";"7";"2019";"14:00";"1";"987";"98734";"1";"1";"2";"2";"RT1 -  PK 41 - Golf d'Atimaono";" -17,7233790";" -149,5057300"
"201900022583";"1";"8";"2019";"20:00";"5";"987";"98715";"1";"1";"1";"1";"RT 1 PK 03+800 c/mer";" -17,5845220";" -149,5685780"
"201900022584";"11";"10";"2019";"16:00";"1";"977";"97701";"2";"1";"1";"5";"rt211 grand fond";"17,8943200";" -62,8113020"
"201900022585";"8";"10";"2019";"07:45";"1";"77";"77193";"1";"1";"2";"1";"D9";"49,0549100";"2,8462100"
"201900022586";"11";"10";"2019";"11:30";"1";"77";"77440";"2";"3";"1";"3";"D603 X CHEMIN DE PERREUSE";"48,9472300";"3,0884800"
"201900022587";"12";"10";"2019";"17:00";"1";"2B";"2B302";"1";"1";"1";"7";"CD330";"42,3848830";"9,4855380"
"201900022588";"11";"10";"2019";"16:50";"1";"11";"11080";"1";"1";"1";"7";"Cd 626";"43,0792460";"1,9668860"
"201900022589";"10";"10";"2019";"15:01";"1";"4";"04041";"1";"1";"1";"6";"RD 12";"43,9320220";"5,9651830"
"201900022590";"11";"10";"2019";"17:15";"1";"13";"13014";"2";"1";"1";"3";"9 Avenue Ambroise Croizat";"43,4816820";"5,1709240"
"201900022591";"11";"10";"2019";"23:00";"3";"70";"70014";"1";"1";"1";"6";"RN 19";"47,6830190";"6,4334980"
"201900022592";"11";"10";"2019";"19:15";"2";"67";"67221";"1";"1";"1";"5";"rd 264";"48,9686900";"7,9477270"
"201900022593";"12";"10";"2019";"07:00";"2";"54";"54260";"1";"1";"1";"7";"PK 36 + 100";"48,5710200";"6,5001460"
"201900022594";"11";"10";"2019";"20:20";"3";"63";"63204";"1";"1";"1";"1";"D2";"45,8110040";"3,1845840"
"201900022595";"9";"10";"2019";"18:00";"1";"73";"73179";"1";"6";"1";"6";"D14 Avenue René Cassin";"45,6009415";"5,8761994"
"201900022596";"1";"10";"2019";"14:00";"1";"73";"73213";"1";"4";"1";"3";"D9";"45,5364544";"5,9648236"
"201900022597";"11";"10";"2019";"16:45";"1";"38";"38382";"1";"9";"1";"3";"Piste cyclable pont barrage EDF";"45,2367800";"5,6598300"
"201900022598";"11";"10";"2019";"18:10";"1";"81";"81099";"2";"9";"1";"7";"23 Rue de la Portanelle";"43,8964820";"1,8965670"
"201900022599";"11";"10";"2019";"10:30";"1";"27";"27635";"1";"1";"1";"6";"chemin de la source";"49,2649850";"1,3735840"
"201900022600";"12";"10";"2019";"14:15";"1";"27";"27136";"1";"1";"1";"3";"14 Chemin du Val Liery";"49,0137410";"1,4452590"
"201900022601";"12";"10";"2019";"12:00";"1";"60";"60148";"1";"1";"1";"7";"D 19";"49,1205050";"2,8688104"
"201900022602";"11";"10";"2019";"13:20";"1";"13";"13071";"1";"1";"1";"3";"F1-Sens Lyon vers A55-Martigues";"43,4069040";"5,2907250"
"201900022603";"8";"10";"2019";"14:50";"1";"13";"13005";"1";"1";"1";"4";"A50-Sens Aubagne vers Marseille";"43,2974626";"5,5605589"
"201900022604";"11";"10";"2019";"07:25";"2";"13";"13210";"1";"1";"1";"3";"S10CD-Sens Aubagne vers Marseille";"43,2830700";"5,3929600"
"201900022605";"9";"10";"2019";"17:21";"1";"13";"13005";"1";"1";"1";"2";"A50-Sens Aubagne vers Marseille";"43,2889400";"5,5499400"
"201900022606";"11";"10";"2019";"07:44";"2";"83";"83137";"1";"1";"1";"4";"N/A";"43,1271153";"5,9159269"
"201900022607";"8";"10";"2019";"09:40";"1";"83";"83090";"1";"1";"1";"6";"A50";"43,1265500";"5,8913100"
"201900022608";"4";"10";"2019";"16:45";"1";"69";"69199";"1";"1";"1";"3";"A7   7.000 A 8.630";"45,6841100";"4,8469000"
"201900022609";"20";"9";"2019";"22:58";"5";"69";"69199";"1";"1";"1";"3";"RD383   14.250 A 18.000";"45,6976000";"4,8454700"
"201900022610";"6";"10";"2019";"23:00";"5";"69";"69276";"1";"1";"2";"3";"BUS (RD301)   0.000 A 2.800";"45,6790700";"4,8487900"
"201900022611";"11";"10";"2019";"17:35";"1";"33";"33192";"1";"1";"1";"5";"ROCADE A 630";"44,7872500";" -0,5980400"
"201900022612";"9";"10";"2019";"20:00";"3";"59";"59646";"1";"1";"2";"4";"ROUTE NATIONALE 356";"50,6650930";"3,1142030"
"201900022613";"11";"10";"2019";"13:20";"1";"94";"94038";"1";"1";"1";"2";"AUTOROUTE A6A";"48,7741800";"2,3462600"
"201900022614";"10";"10";"2019";"21:30";"5";"78";"78362";"1";"1";"1";"3";"A13";"48,9788400";"1,7055800"
"201900022615";"11";"10";"2019";"21:40";"3";"93";"93027";"1";"1";"1";"3";"AUTOROUTE A1";"48,9378800";"2,4123200"
"201900022616";"11";"10";"2019";"15:50";"1";"93";"93048";"1";"1";"1";"2";"AUTOROUTE A86";"48,8725000";"2,4477500"
"201900022617";"11";"10";"2019";"16:25";"1";"93";"93066";"1";"1";"1";"4";"AUTOROUTE A1";"48,9238400";"2,3571700"
"201900022618";"11";"10";"2019";"15:15";"1";"95";"95572";"1";"1";"1";"5";"AUTOROUTE A15";"49,0343300";"2,1015100"