"Num_Acc";"jour";"mois";"an";"hrmn";"lum";"dep";"com";"agg";"int";"atm";"col";"adr";"lat";"long"
"201900022619";"11";"10";"2019";"08:30";"1";"93";"93073";"1";"1";"1";"7";"AUTOROUTE A104";"48,9701200";"2,5704100"
"201900022620";"11";"10";"2019";"08:10";"2";"95";"95306";"1";"1";"1";"7";"AUTOROUTE A15";"49,0086800";"2,1599100"
"201900022621";"11";"10";"2019";"20:30";"5";"94";"94073";"1";"1";"1";"3";"A86 INT";"48,7597000";"2,3834000"
"201900022622";"8";"10";"2019";"17:15";"1";"64";"64132";"2";"9";"1";"3";"CORPS FRANC POMMIES DU";"43,3050200";" -0,3206600"
"201900022623";"7";"10";"2019";"07:30";"1";"54";"54547";"2";"1";"2";"3";"FRERE (RUE DU GENERAL)";"48,6627200";"6,1682600"
"201900022624";"9";"10";"2019";"10:42";"1";"54";"54357";"2";"1";"1";"7";"QUINZE SEPTEMBRE 1944 (RUE DU)";"48,7132870";"6,1634810"
"201900022625";"9";"10";"2019";"08:55";"1";"45";"45286";"2";"1";"2";"4";"AV GASTON GALLOUX";"47,8884400";"1,9240900"
"201900022626";"9";"10";"2019";"07:00";"5";"45";"45234";"2";"2";"2";"6";"AV DES DROITS DE L'HOMME - BD M STUART";"47,9118000";"1,9231000"
"201900022627";"9";"10";"2019";"18:50";"5";"38";"38185";"2";"2";"1";"1";"FLAUBERT (RUE G.)";"45,1705500";"5,7275700"
"201900022628";"9";"10";"2019";"12:30";"1";"13";"13204";"2";"1";"1";"6";"MARÉCHAL JUIN (BOULEVARD)";"43,3128809";"5,4050800"
"201900022629";"9";"10";"2019";"11:50";"1";"13";"13206";"2";"1";"1";"2";"TOULON (AVENUE DE)";"43,2855000";"5,3873000"
"201900022630";"9";"10";"2019";"08:50";"1";"13";"13208";"2";"3";"1";"6";"PARADIS (RUE)";"43,2771300";"5,3835000"
"201900022631";"10";"10";"2019";"15:17";"1";"988";"98818";"2";"3";"1";"6";"ROUTE BAIE DES DAMES/RUE FLEMING";" -22,2401300";"166,4474500"
"201900022632";"5";"10";"2019";"15:10";"1";"988";"98818";"2";"6";"1";"7";"AV. DU GENERAL DE GAULLE/JULES GARNIER";" -22,2866900";"166,4444600"
"201900022633";"10";"10";"2019";"12:13";"1";"974";"97411";"1";"1";"1";"7";"LITTORAL (ROUTE 2 DU)";" -20,8822300";"55,3948600"
"201900022634";"11";"10";"2019";"01:20";"5";"69";"69383";"2";"2";"1";"3";"WILSON                              (PT)";"45,7599900";"4,8408700"
"201900022635";"10";"10";"2019";"18:40";"1";"69";"69386";"2";"1";"1";"6";"BROTTEAUX (DES)                     (BD)";"45,7670800";"4,8568700"
"201900022636";"10";"10";"2019";"18:20";"1";"69";"69388";"2";"2";"1";"6";"PAUL CAZENEUVE                      (R )";"45,7347400";"4,8632800"
"201900022637";"10";"10";"2019";"13:35";"1";"972";"97209";"2";"1";"1";"1";"CHEVALIER SAINTE-MARTHE (BOULEVARD)";"14,6017600";" -61,0673500"
"201900022638";"9";"10";"2019";"09:23";"1";"972";"97209";"2";"1";"1";"6";"EDOUARD JEANNE (RUE)";"14,6034300";" -61,0544800"
"201900022639";"10";"10";"2019";"19:50";"5";"69";"69149";"2";"1";"1";"2";"NARCISSE BERTHOLEY                  (R )";"45,7156800";"4,8056300"
"201900022640";"10";"10";"2019";"18:45";"2";"69";"69081";"2";"1";"1";"7";"LOUIS CHIRPAZ                           ";"45,7789600";"4,7797300"
"201900022641";"10";"10";"2019";"12:15";"1";"69";"69286";"2";"1";"1";"6";"EUROPE (DE L')                      (AV)";"45,8193400";"4,9085900"
"201900022642";"8";"10";"2019";"12:05";"1";"69";"69389";"2";"1";"7";"6";"DUCHERE (DE LA)                     (BD)";"45,7773400";"4,7952000"
"201900022643";"9";"10";"2019";"16:45";"1";"2B";"2B033";"2";"1";"1";"4";"11 - RT";"42,6950000";"9,4523000"
"201900022644";"9";"10";"2019";"13:15";"1";"91";"91433";"2";"1";"1";"6";"CHAMPINS (AVENUE DES)";"48,4441100";"2,1782800"
"201900022645";"10";"10";"2019";"11:11";"1";"87";"87085";"2";"3";"2";"3";"CASSEAUX (AVENUE DES) RD";"45,8423600";"1,2875600"
"201900022646";"10";"10";"2019";"13:30";"1";"85";"85191";"1";"1";"8";"7";"RD 42 RTE DE VENANSAULT";"46,6736800";" -1,4846500"
"201900022647";"10";"10";"2019";"17:30";"1";"83";"83137";"2";"1";"1";"3";"BRIAND (AVE ARISTIDE DE 1 A 1219";"43,1274000";"5,9049900"
"201900022648";"10";"10";"2019";"13:20";"1";"78";"78440";"2";"1";"1";"6";"EUROPE (AVENUE DE L')";"48,9757200";"1,9157200"
"201900022649";"25";"7";"2019";"23:10";"5";"78";"78123";"2";"3";"1";"2";"EUROPE (RN 190) AVENUE DE L'";"48,9386800";"2,0357200"
"201900022650";"10";"10";"2019";"08:45";"2";"77";"77186";"1";"6";"1";"5";"D138 X D116-CROIX DE TOULOUSE (CARREFOUR DE LA)";"48,4441122";"2,7183336"
"201900022651";"10";"10";"2019";"08:10";"1";"76";"76103";"2";"3";"2";"3";"RN 14 (ROUTE NEUVE)";"49,4167300";"1,1314600"
"201900022652";"3";"10";"2019";"17:40";"1";"76";"76705";"1";"1";"1";"2";"CD 7";"49,3173900";"1,0690200"
"201900022653";"7";"10";"2019";"16:50";"1";"76";"76486";"2";"1";"1";"2";"CD 132";"49,3087400";"0,9949900"
"201900022654";"10";"10";"2019";"07:35";"2";"74";"74305";"2";"9";"1";"3";"VOIRONS (RUE DES)";"46,2025000";"6,2559000"
"201900022655";"8";"10";"2019";"14:35";"1";"74";"74012";"2";"1";"1";"6";"CLOS FLEURY (RUE DU)";"46,1919200";"6,2330300"
"201900022656";"10";"10";"2019";"21:10";"5";"69";"69029";"2";"2";"1";"6";"HELENE BOUCHER                      (R )";"45,7472400";"4,9233700"
"201900022657";"10";"10";"2019";"12:35";"1";"66";"66136";"2";"1";"1";"6";"BARDOU JOB JUSTIN ET PLACE";"42,6990100";"2,8907600"
"201900022658";"10";"10";"2019";"14:15";"1";"64";"64189";"2";"1";"1";"3";"BENOIT PIERRE (BOULEVARD)";"43,3882577";" -1,6784746"
"201900022659";"10";"10";"2019";"17:30";"1";"64";"64445";"2";"2";"1";"3";"AUTEUIL D'";"43,3284100";" -0,3764100"
"201900022660";"10";"10";"2019";"17:30";"1";"64";"64445";"2";"3";"1";"6";"PIERRE BONNARD";"43,3104191";" -0,3629866"
"201900022661";"9";"10";"2019";"14:00";"1";"64";"64102";"2";"6";"3";"7";"SAINT BERNARD (CHEMIN DE)";"43,5080135";" -1,4881341"
"201900022662";"8";"10";"2019";"18:45";"2";"64";"64102";"2";"2";"1";"3";"HENRI DE NAVARRE (AVENUE)";"43,4940023";" -1,4528523"
"201900022663";"6";"10";"2019";"16:15";"1";"62";"62193";"2";"1";"1";"6";"MAUBEUGE (RUE DE)";"50,9477400";"1,8777900"
"201900022664";"10";"10";"2019";"17:25";"1";"60";"60159";"2";"6";"7";"3";"BOURNONVILLE (DE)";"49,4066540";"2,8318162"
"201900022665";"10";"10";"2019";"05:25";"5";"60";"60665";"2";"6";"8";"3";"R.N 131";"49,4098600";"2,7753300"
"201900022666";"7";"10";"2019";"14:30";"1";"59";"59178";"2";"6";"1";"3";"HAUBERSART (PLACE D')";"50,3669900";"3,0879800"
"201900022667";"10";"10";"2019";"12:55";"1";"56";"56121";"2";"3";"1";"3";"LE GRAND (RUE  JULES )";"47,7479800";" -3,3574700"
"201900022668";"9";"10";"2019";"07:51";"5";"56";"56121";"2";"1";"3";"6";"BELGIQUE (RUE  DE )";"47,7586200";" -3,3775400"
"201900022669";"8";"10";"2019";"20:40";"3";"56";"56121";"2";"1";"1";"1";"THOREZ (RUE  MAURICE )";"47,7424900";" -3,3937100"
"201900022670";"7";"10";"2019";"16:45";"1";"56";"56083";"2";"2";"1";"3";"JOFFRE (RUE  DU MARECHAL )";"47,8074100";" -3,2748500"
"201900022671";"7";"10";"2019";"12:45";"1";"56";"56083";"2";"1";"1";"6";"CENTRE CIAL LECLERC";"47,7985900";" -3,2597400"
"201900022672";"6";"10";"2019";"15:40";"1";"56";"56121";"2";"1";"1";"7";"MULLER ( DU COLONEL JEAN )";"47,7654500";" -3,3962800"
"201900022673";"8";"10";"2019";"15:46";"1";"49";"49007";"2";"1";"1";"7";"D323";"47,4665600";" -0,5821600"
"201900022674";"3";"10";"2019";"12:01";"1";"45";"45208";"2";"1";"1";"3";"CARREFOUR PERRUCHOT";"47,9992430";"2,7289650"
"201900022675";"9";"10";"2019";"12:50";"2";"44";"44184";"1";"1";"2";"6";"Bd legion d'honneur";"47,2752950";" -2,2038860"
"201900022676";"9";"10";"2019";"18:00";"2";"44";"44114";"1";"1";"2";"4";"165";"47,2577800";" -1,6315700"
"201900022677";"10";"10";"2019";"08:30";"1";"37";"37122";"2";"3";"1";"6";"CERCELE (RUE)";"47,3336715";"0,6538565"
"201900022678";"10";"10";"2019";"08:20";"1";"35";"35238";"2";"3";"1";"3";"AVENUE DES PREALES";"48,1064700";" -1,6861700"
"201900022679";"9";"10";"2019";"18:20";"1";"33";"33075";"2";"2";"1";"3";"MEDOC (RTE DU)";"44,8796900";" -0,6268400"
"201900022680";"9";"10";"2019";"16:30";"1";"33";"33200";"2";"1";"1";"6";"RUE DE LOS HEROS";"44,8744400";" -0,6762000"
"201900022681";"9";"10";"2019";"11:30";"1";"33";"33063";"2";"2";"1";"3";"RUE DE BEGLES";"44,8236600";" -0,5658300"
"201900022682";"10";"10";"2019";"05:05";"4";"31";"31555";"1";"1";"1";"6";"VA008482 A624";"43,6060600";"1,3949800"
"201900022683";"10";"10";"2019";"12:17";"1";"29";"29051";"2";"1";"1";"1";"KERDEVOT RUE";"47,9964700";" -4,0246200"
"201900022684";"5";"10";"2019";"05:35";"3";"29";"29232";"1";"1";"2";"7";"Park Poullig rond point";"48,0297600";" -4,0877000"
"201900022685";"9";"10";"2019";"14:32";"1";"29";"29232";"2";"1";"2";"4";"BREST ROUTE DE";"48,0102800";" -4,0811800"
"201900022686";"10";"10";"2019";"09:17";"1";"29";"29019";"2";"1";"1";"3";"AV PROVENCE";"48,4073447";" -4,5176544"
"201900022687";"10";"10";"2019";"09:55";"1";"17";"17300";"2";"6";"2";"3";"COUREILLES   RUE DE";"46,1420500";" -1,1575300"
"201900022688";"10";"10";"2019";"11:35";"1";"16";"16015";"2";"1";"1";"1";"rue Jean MAINTENON ";"45,6493260";"0,1401010"
"201900022689";"10";"10";"2019";"22:40";"5";"14";"14118";"2";"2";"1";"1";"VENDEUVRE (QUAI)";"49,1821700";" -0,3536100"
"201900022690";"10";"10";"2019";"22:45";"5";"13";"13102";"2";"3";"1";"3";"DOCTEUR GUSTAVE LAPLANE (RUE )";"43,4172000";"5,2351000"
"201900022691";"10";"10";"2019";"15:40";"1";"13";"13213";"2";"1";"1";"6";"ROSE (AVENUE DE LA)";"43,3178000";"5,3743000"
"201900022692";"10";"10";"2019";"09:00";"1";"13";"13212";"2";"6";"1";"6";"JOSEPH CLERISSY (RUE)";"43,2960600";"5,4272400"
"201900022693";"10";"10";"2019";"07:30";"2";"13";"13211";"2";"1";"1";"3";"DOCTEUR HECKEL (RUE DU)";"43,2872800";"5,4420200"
"201900022694";"8";"10";"2019";"21:20";"4";"13";"13212";"2";"1";"1";"6";"SAINT PIERRE (RUE)";"43,2907248";"5,4181534"
"201900022695";"9";"10";"2019";"19:18";"3";"13";"13047";"1";"1";"1";"5";"CD16 (LE DELA)";"43,5403500";"5,0120800"
"201900022696";"10";"10";"2019";"17:15";"1";"13";"13001";"2";"1";"1";"6";"FERRY JULES (AV)";"43,5162218";"5,4517139"
"201900022697";"9";"10";"2019";"17:28";"1";"10";"10387";"2";"6";"1";"3";"JULES GUESDE (RUE)";"48,2880000";"4,0812100"
"201900022698";"9";"10";"2019";"15:28";"1";"10";"10333";"1";"1";"1";"2";"ROCADE OUEST (RD 610)";"48,2796813";"4,0411069"
"201900022699";"10";"10";"2019";"09:20";"1";"6";"06088";"2";"3";"1";"3";"CAISSOTI (RUE)";"43,7059010";"7,2830220"
"201900022700";"10";"10";"2019";"18:42";"1";"6";"06155";"2";"1";"1";"1";"RD6007";"43,5551020";"7,0609150"
"201900022701";"10";"10";"2019";"17:30";"1";"75";"75119";"2";"1";"1";"6";"BD PERIPHERIQUE EXTERIEUR";"48,8936100";"2,3952870"
"201900022702";"10";"10";"2019";"11:30";"1";"75";"75112";"2";"4";"1";"4";"BD PERIPHERIQUE EXTERIEUR";"48,8299044";"2,4017448"
"201900022703";"10";"10";"2019";"10:00";"1";"75";"75116";"2";"1";"1";"3";"BD PERIPHERIQUE EXTERIEUR";"48,8480318";"2,2534067"
"201900022704";"10";"10";"2019";"09:00";"1";"75";"75116";"2";"1";"1";"2";"BD PERIPHERIQUE INTERIEUR";"48,8431719";"2,2545735"
"201900022705";"9";"10";"2019";"16:50";"1";"75";"75119";"2";"1";"1";"2";"BD PERIPHERIQUE INTERIEUR";"48,9004260";"2,3888780"
"201900022706";"8";"10";"2019";"17:33";"1";"75";"75111";"2";"3";"2";"2";"AVENUE DE LA REPUBLIQUE";"48,8656387";"2,3725863"
"201900022707";"10";"10";"2019";"19:35";"5";"75";"75118";"2";"1";"1";"3";"RUE ORDENER";"48,8929894";"2,3410362"
"201900022708";"10";"10";"2019";"06:30";"3";"75";"75110";"2";"1";"1";"6";"BOULEVARD DE LA CHAPELLE";"48,8840158";"2,3550038"
"201900022709";"10";"10";"2019";"11:20";"1";"75";"75117";"2";"4";"1";"3";"AVENUE DE VILLIERS";"48,8844404";"2,3012429"
"201900022710";"10";"10";"2019";"04:15";"5";"75";"75117";"2";"2";"1";"3";"RUE CARDINET";"48,8822005";"2,3045250"
"201900022711";"10";"10";"2019";"07:00";"5";"75";"75116";"2";"1";"1";"7";"ALLEE DE LONGCHAMP";"48,8694080";"2,2557539"
"201900022712";"10";"10";"2019";"00:05";"5";"75";"75116";"2";"4";"1";"3";"AVENUE PAUL DOUMER";"48,8617990";"2,2857660"
"201900022713";"8";"10";"2019";"16:00";"1";"75";"75116";"2";"7";"2";"3";"PLACE DE LA PORTE D AUTEUIL";"48,8480887";"2,2580140"
"201900022714";"9";"10";"2019";"16:55";"1";"75";"75115";"2";"2";"2";"6";"RUE DE LA CONVENTION";"48,8434497";"2,2827637"
"201900022715";"10";"10";"2019";"20:55";"5";"75";"75114";"2";"4";"1";"6";"RUE D ALESIA";"48,8278466";"2,3289809"
"201900022716";"10";"10";"2019";"19:55";"5";"75";"75114";"2";"3";"1";"1";"RUE D ALESIA";"48,8302375";"2,3200614"
"201900022717";"10";"10";"2019";"12:20";"1";"75";"75114";"2";"2";"1";"6";"RUE D ALESIA";"48,8318105";"2,3141753"
"201900022718";"10";"10";"2019";"16:26";"1";"75";"75113";"2";"2";"1";"3";"BOULEVARD ARAGO";"48,8349589";"2,3449996"
"201900022719";"9";"10";"2019";"23:00";"5";"75";"75113";"2";"1";"1";"7";"RUE DE LA GLACIERE";"48,8303787";"2,3439580"
"201900022720";"10";"10";"2019";"15:50";"1";"75";"75108";"2";"7";"1";"3";"PLACE DE LA CONCORDE";"48,8644306";"2,3201455"
"201900022721";"10";"10";"2019";"18:20";"1";"75";"75107";"2";"4";"1";"3";"RUE DU BAC";"48,8567220";"2,3270456"
"201900022722";"10";"10";"2019";"12:10";"1";"75";"75101";"2";"1";"1";"3";"QUAI DE L HORLOGE";"48,8568235";"2,3441327"
"201900022723";"10";"10";"2019";"01:15";"5";"75";"75104";"2";"2";"2";"3";"RUE MORNAY";"48,8495165";"2,3656247"
"201900022724";"9";"10";"2019";"09:45";"1";"94";"94068";"2";"1";"3";"6";"ALSACE LORRAINE (R D)";"48,8051600";"2,4845700"
"201900022725";"10";"10";"2019";"06:50";"3";"94";"94017";"2";"1";"2";"6";"MAURICE THOREZ (AV)";"48,8150300";"2,3782010"
"201900022726";"10";"10";"2019";"10:30";"1";"93";"93070";"2";"9";"1";"6";"LANDY(RUE):N° 1 AU 43";"48,9142900";"2,3469900"
"201900022727";"10";"10";"2019";"13:30";"1";"93";"93051";"2";"1";"1";"6";"MALNOUE (NR 116 A 121)";"48,8413625";"2,5696857"
"201900022728";"10";"10";"2019";"08:40";"1";"93";"93046";"2";"1";"1";"3";"VAUBAN AVENUE";"48,9206400";"2,5260700"
"201900022729";"10";"10";"2019";"09:13";"1";"93";"93046";"2";"1";"2";"3";"ARISTIDE BRIAND AVENUE";"48,9137900";"2,5251800"
"201900022730";"8";"10";"2019";"19:30";"5";"93";"93079";"2";"1";"2";"3";"SAINT LEU (ROUTE)";"48,9511100";"2,3397700"
"201900022731";"10";"10";"2019";"20:11";"5";"93";"93030";"2";"9";"1";"3";"HUIT-MAI-1945 (AVENUE DU)";"48,9491060";"2,4385720"
"201900022732";"10";"10";"2019";"21:20";"5";"93";"93047";"2";"2";"1";"3";"MARGUERITES  (AVENUES DES)";"48,8909600";"2,5553400"
"201900022733";"10";"10";"2019";"15:25";"1";"93";"93057";"2";"1";"1";"6";"FRANKLIN (AV.) 104 A FIN";"48,9026900";"2,5080700"
"201900022734";"10";"10";"2019";"08:23";"2";"93";"93008";"2";"1";"1";"3";"GROSLAY (CHEMIN DE) D20";"48,9104400";"2,4741600"
"201900022735";"10";"10";"2019";"14:00";"1";"93";"93007";"2";"1";"1";"6";"EMILE ZOLA (RUE)";"48,9474600";"2,4550220"
"201900022736";"10";"10";"2019";"18:40";"1";"93";"93001";"2";"3";"1";"6";"ECLUSE DES VERTUS (RUE DE L')";"48,9191300";"2,3699800"
"201900022737";"9";"10";"2019";"23:00";"5";"93";"93066";"1";"9";"1";"3";"STADE DE FRANCE (AVENUE DU)";"48,9222500";"2,3614100"
"201900022738";"10";"10";"2019";"20:40";"5";"92";"92046";"2";"1";"1";"7";"DE STALINGRAD";"48,8132100";"2,2904200"
"201900022739";"9";"10";"2019";"15:46";"1";"92";"92050";"2";"1";"1";"3";"VAILLANT COUTURIER PAUL RUE";"48,8803513";"2,2066493"
"201900022740";"9";"10";"2019";"22:20";"5";"92";"92026";"2";"3";"1";"3";"VERDUN (DE 01 A 61)";"48,9013300";"2,2599500"
"201900022741";"10";"10";"2019";"15:00";"1";"92";"92012";"2";"2";"1";"3";"YVES KERMEN (RUE) 51/FIN - 40/FIN";"48,8290500";"2,2366700"
"201900022742";"11";"10";"2019";"14:20";"1";"52";"52474";"1";"1";"1";"6";"D396";"48,0604840";"4,7788610"
"201900022743";"11";"10";"2019";"16:00";"1";"36";"36230";"2";"2";"2";"1";"Avenue de Paris";"47,0770511";"1,8155945"
"201900022744";"17";"9";"2019";"17:00";"1";"83";"83004";"1";"1";"1";"3";"rotue nationale 7";"43,4526870";"6,5033380"
"201900022745";"11";"10";"2019";"02:10";"3";"11";"11126";"1";"1";"1";"6";"Route Départementale 65";"43,2182680";"2,6933910"
"201900022746";"11";"10";"2019";"17:45";"1";"88";"88106";"1";"1";"1";"6";"CD 73";"48,1232460";"6,9532470"
"201900022747";"10";"10";"2019";"17:55";"1";"86";"86233";"1";"2";"2";"3";"RD8 / RD114C";"46,4944130";"0,6248280"
"201900022748";"11";"10";"2019";"15:45";"1";"6";"06130";"1";"1";"1";"6";"Route D6085";"43,7050760";"6,8397470"
"201900022749";"11";"10";"2019";"09:55";"1";"69";"69283";"1";"1";"1";"1";"Rue Yves Farge";"45,6583400";"4,9505820"
"201900022750";"7";"9";"2019";"04:44";"3";"49";"49007";"2";"1";"1";"3";"MOULIN BOULEVARD";"47,4917000";" -0,5573600"
"201900022751";"9";"9";"2019";"09:05";"1";"45";"45234";"2";"6";"1";"3";"RUE DE L'ABREUVOIR - FG DE BOURGOGNE";"47,9008770";"1,9204680"
"201900022752";"9";"9";"2019";"18:00";"1";"44";"44109";"2";"1";"1";"6";"BOULEVARD DE LA PRAIRIE AU DUC";"47,2039100";" -1,5676330"
"201900022753";"4";"9";"2019";"12:10";"1";"44";"44162";"2";"1";"1";"6";"RUE DE L'AQUITAINE";"47,2101300";" -1,6157000"
"201900022754";"6";"9";"2019";"12:21";"1";"42";"42207";"2";"9";"1";"3";"ARDAILLON RUE";"45,4777000";"4,5204200"
"201900022755";"9";"9";"2019";"12:45";"1";"38";"38185";"2";"1";"1";"2";"AVENUE GÉNÉRAL CHAMPON";"45,1807100";"5,7317000"
"201900022756";"9";"9";"2019";"15:32";"1";"37";"37195";"2";"1";"1";"6";"MAIRIE (RUE DE LA)";"47,3907900";"0,6660300"
"201900022757";"9";"9";"2019";"19:30";"2";"35";"35051";"2";"9";"3";"2";"PARIS (RUE DE)";"48,1144100";" -1,6100100"
"201900022758";"9";"9";"2019";"19:10";"1";"35";"35055";"1";"1";"2";"1";"RD 163";"48,0797933";" -1,6351132"
"201900022759";"9";"9";"2019";"12:20";"1";"34";"34301";"2";"3";"1";"1";"CAPUCINES (RUE DES)";"43,4137900";"3,6720000"
"201900022760";"9";"9";"2019";"22:00";"3";"34";"34172";"2";"1";"1";"2";"EINSTEIN (AVENUE ALBERT";"43,6122800";"3,9335800"
"201900022761";"9";"9";"2019";"09:55";"1";"34";"34172";"2";"1";"1";"2";"ANTIGONE (BOULEVARD D')";"43,6094000";"3,8859000"
"201900022762";"10";"9";"2019";"01:10";"3";"33";"33522";"2";"3";"2";"3";"178 AVE DE THOUARS - accès rés les Ombrages";"44,7959200";" -0,5923500"
"201900022763";"2";"9";"2019";"15:30";"1";"33";"33063";"2";"6";"1";"3";"PCE RENE MARAN";"44,8755400";" -0,5530000"
"201900022764";"30";"8";"2019";"15:45";"1";"33";"33063";"2";"2";"1";"3";"R. Paul Verlaine / R. Montgolfier";"44,8537100";" -0,5763500"
"201900022765";"6";"9";"2019";"17:15";"1";"31";"31555";"1";"1";"1";"3";"VA007331 A620";"43,6421500";"1,4217900"
"201900022766";"9";"9";"2019";"06:55";"5";"29";"29019";"2";"3";"1";"3";"LOTI PIERRE";"48,3826200";" -4,5057100"
"201900022767";"7";"9";"2019";"18:05";"1";"25";"25056";"2";"2";"2";"3";"CHURCHILL BD WINSTON";"47,2508500";"6,0091200"
"201900022768";"9";"9";"2019";"09:00";"1";"17";"17300";"2";"2";"1";"2";"DESIREE   RUE DE LA";"46,1499600";" -1,1555500"
"201900022769";"8";"9";"2019";"01:30";"5";"16";"16015";"2";"1";"1";"6";"ROUTE DE BORDEAUX";"45,6358870";"0,1271340"
"201900022770";"9";"9";"2019";"14:00";"1";"13";"13213";"2";"1";"1";"6";"ROUSSET (CHEMIN DE)";"43,3495230";"5,4195540"
"201900022771";"9";"9";"2019";"16:20";"1";"13";"13206";"2";"1";"1";"7";"LOUIS SALVATOR (BOULEVARD)";"43,2911400";"5,3820470"
"201900022772";"5";"9";"2019";"07:00";"1";"13";"13207";"2";"2";"1";"3";"CORSE (AVENUE DE LA)";"43,2889000";"5,3609000"
"201900022773";"9";"9";"2019";"07:55";"1";"13";"13210";"2";"3";"1";"3";"TOULON (AVENUE DE)";"43,2846000";"5,3924200"
"201900022774";"2";"9";"2019";"18:48";"1";"11";"11069";"2";"1";"7";"6";"BERGES DE L'AUDE -AV-";"43,2075000";"2,3425000"
"201900022775";"7";"9";"2019";"10:29";"1";"10";"10387";"2";"1";"1";"1";"CHOMEDEY DE MAISONNEUVE (AVE)";"48,3096200";"4,0681800"
"201900022776";"4";"9";"2019";"15:15";"1";"7";"07186";"2";"1";"1";"7";"Bd du lycee";"44,7314080";"4,5952890"
"201900022777";"9";"9";"2019";"10:00";"1";"7";"07102";"2";"1";"1";"7";"MISTRAL (PONT FREDERIC)";"44,9325360";"4,8813150"
"201900022778";"9";"9";"2019";"15:30";"1";"6";"06088";"2";"6";"1";"3";"JEROME (PL. CDT)";"43,7252410";"7,2750970"
"201900022779";"9";"9";"2019";"10:20";"1";"6";"06088";"2";"1";"1";"2";"FABRON (AV. DE) (A PARTIR DU N° 79)";"43,6895010";"7,2234460"
"201900022780";"9";"9";"2019";"12:05";"1";"6";"06069";"2";"1";"1";"7";"DRAGUIGNAN (ROUTE DE) - D2562-";"43,6449730";"6,8938690"
"201900022781";"9";"9";"2019";"19:40";"2";"6";"06123";"1";"1";"1";"2";"AUTOROUTE A8";"43,6567100";"7,1471500"
"201900022782";"9";"9";"2019";"13:00";"1";"6";"06004";"2";"1";"1";"1";"NICE(RN.7) AV.ET RTE DE";"43,5929670";"7,1204320"
"201900022783";"4";"9";"2019";"18:10";"1";"6";"06004";"2";"1";"1";"3";"NICE(RN.7) AV.ET RTE DE";"43,5909240";"7,1208770"
"201900022784";"7";"9";"2019";"06:50";"2";"5";"05061";"2";"1";"1";"7";"FREDERIC MISTRAL ( COURS )";"44,5574600";"6,0747300"
"201900022785";"15";"10";"2019";"09:50";"1";"3";"03023";"2";"6";"2";"6";"rond point de la République";"46,1175288";"3,4121551"
"201900022786";"8";"9";"2019";"23:20";"5";"75";"75117";"2";"4";"1";"3";"BD PERIPHERIQUE INTERIEUR";"48,8846754";"2,2865245"
"201900022787";"9";"9";"2019";"20:30";"5";"75";"75120";"2";"4";"1";"6";"RUE D AVRON";"48,8515836";"2,3998432"
"201900022788";"7";"9";"2019";"21:29";"5";"75";"75120";"2";"1";"1";"1";"RUE DES PYRENEES";"48,8533860";"2,4059130"
"201900022789";"9";"9";"2019";"02:20";"5";"75";"75119";"2";"1";"1";"3";"RUE RIQUET";"48,8896100";"2,3690854"
"201900022790";"9";"9";"2019";"12:30";"1";"75";"75117";"2";"2";"1";"3";"AVENUE DE CLICHY";"48,8902690";"2,3207590"
"201900022791";"9";"9";"2019";"09:50";"1";"75";"75117";"2";"2";"1";"6";"RUE DE ROME";"48,8821869";"2,3203629"
"201900022792";"9";"9";"2019";"20:00";"5";"75";"75116";"2";"2";"1";"3";"ALLEE DE LONGCHAMP";"48,8749200";"2,2711040"
"201900022793";"8";"9";"2019";"13:00";"1";"75";"75116";"2";"2";"1";"3";"ALLEE DE LONGCHAMP";"48,8635714";"2,2391993"
"201900022794";"9";"9";"2019";"15:17";"1";"75";"75113";"2";"2";"1";"3";"BOULEVARD MASSENA";"48,8241652";"2,3767751"
"201900022795";"9";"9";"2019";"07:48";"1";"75";"75113";"2";"3";"1";"3";"QUAI D AUSTERLITZ";"48,8385600";"2,3724100"
"201900022796";"8";"9";"2019";"17:36";"1";"75";"75113";"2";"2";"1";"6";"BOULEVARD MASSENA";"48,8241670";"2,3767720"
"201900022797";"9";"9";"2019";"18:45";"1";"75";"75112";"2";"3";"1";"6";"AVENUE DAUMESNIL";"48,8375340";"2,4253600"
"201900022798";"9";"9";"2019";"13:35";"1";"75";"75112";"2";"7";"1";"6";"BOULEVARD SOULT";"48,8355925";"2,4069445"
"201900022799";"9";"9";"2019";"10:30";"1";"75";"75110";"2";"3";"1";"6";"RUE DU FAUBOURG SAINT MARTIN";"48,8803540";"2,3642250"
"201900022800";"9";"9";"2019";"19:00";"1";"94";"94073";"2";"1";"1";"6";"GALAISE (R DE LA)";"48,7634300";"2,3846500"
"201900022801";"9";"9";"2019";"08:30";"1";"94";"94073";"2";"1";"8";"2";"LEON BLUM (AV)";"48,7705800";"2,3681000"
"201900022802";"9";"9";"2019";"18:05";"1";"94";"94044";"2";"9";"8";"3";"VERDUN (AV DE)";"48,7416700";"2,4810000"
"201900022803";"9";"9";"2019";"20:35";"5";"93";"93072";"2";"3";"1";"6";"AUGUSTE DEWAELE (RUE)";"48,9597300";"2,3834900"
"201900022804";"9";"9";"2019";"16:00";"1";"93";"93070";"2";"1";"1";"2";"REPUBLIQUE (PL DE LA)";"48,9119598";"2,3335326"
"201900022805";"9";"9";"2019";"07:35";"1";"93";"93077";"2";"1";"1";"5";"GRANDE RUE";"48,8829700";"2,5127300"
"201900022806";"9";"9";"2019";"19:15";"1";"93";"93048";"2";"1";"1";"6";"THEOPHILE SUEUR (BOULEVARD)";"48,8596900";"2,4667100"