"Num_Acc";"jour";"mois";"an";"hrmn";"lum";"dep";"com";"agg";"int";"atm";"col";"adr";"lat";"long"
"201900022807";"9";"9";"2019";"07:40";"1";"93";"93031";"2";"1";"1";"6";"REPUBLIQUE (AVENUE)";"48,9495020";"2,3306310"
"201900022808";"9";"9";"2019";"18:40";"1";"93";"93010";"2";"9";"1";"3";"VILLEMOMBLE (RTE DE) DE 22 A 130";"48,8911900";"2,4907200"
"201900022809";"8";"9";"2019";"21:00";"5";"93";"93005";"2";"3";"1";"2";"MITRY [CD115] (ROUTE DE)";"48,9481810";"2,5136870"
"201900022810";"9";"9";"2019";"13:25";"1";"92";"92075";"2";"4";"1";"3";"GABRIEL PERI (BOULEVARD)";"48,8191500";"2,3008300"
"201900022811";"9";"9";"2019";"15:55";"1";"92";"92073";"2";"3";"1";"6";"CHEVREUL (RUE)";"48,8670100";"2,2226600"
"201900022812";"9";"9";"2019";"16:40";"1";"92";"92036";"2";"2";"1";"6";"GABRIEL PERI (AVENUE) (147/177)";"48,9266900";"2,2946200"
"201900022813";"9";"9";"2019";"17:15";"1";"92";"92026";"2";"1";"1";"6";"EDITH CAVELL (DE 47 A FIN)";"48,9042000";"2,2673400"
"201900022814";"9";"9";"2019";"17:55";"1";"92";"92012";"2";"1";"8";"2";"PIERRE LEFAUCHEUX (AVENUE)";"48,8267200";"2,2362100"
"201900022815";"9";"9";"2019";"12:05";"1";"92";"92012";"2";"2";"1";"6";"CHATEAU (RUE DU) 127/FIN - 133/FIN";"48,8419873";"2,2387578"
"201900022816";"9";"9";"2019";"18:30";"1";"92";"92004";"2";"1";"1";"3";"BAS ( RUE DES )";"48,9140900";"2,2968600"
"201900022817";"5";"7";"2019";"10:50";"1";"92";"92004";"2";"2";"1";"5";"PONT DE CLICHY";"48,9108134";"2,2989542"
"201900022818";"10";"9";"2019";"07:00";"3";"17";"17453";"1";"1";"8";"6";"D238";"45,8964310";" -0,9050650"
"201900022819";"9";"9";"2019";"07:15";"2";"49";"49092";"2";"6";"1";"3";"12 routre de coron";"47,2116840";" -0,7271700"
"201900022820";"10";"9";"2019";"12:30";"1";"21";"21599";"1";"1";"1";"6";"A31";"47,5773120";"5,2099360"
"201900022821";"10";"9";"2019";"08:10";"1";"974";"97412";"2";"3";"2";"3";"Route de la Grande Corniche";" -21,3739130";"55,5969680"
"201900022822";"7";"9";"2019";"14:40";"1";"67";"67185";"2";"1";"2";"1";"Route Départementale 6";"48,7906380";"7,4220050"
"201900022823";"10";"9";"2019";"08:35";"1";"22";"22162";"2";"1";"7";"1";"Route de Kergrist";"48,7792380";" -3,0790400"
"201900022824";"9";"9";"2019";"17:45";"1";"56";"56226";"1";"1";"3";"1";"Le Bout du Pont RD 773";"47,9624480";" -2,1495280"
"201900022825";"14";"6";"2019";"18:15";"1";"56";"56157";"1";"1";"1";"7";"Le Toul Douar";"47,7949000";" -2,7141500"
"201900022826";"10";"9";"2019";"07:15";"2";"69";"69109";"2";"1";"1";"3";"D78";"46,1463550";"4,6202610"
"201900022827";"10";"9";"2019";"14:30";"1";"63";"63118";"1";"3";"1";"2";"La Baraque";"45,8598650";"2,5913910"
"201900022828";"5";"9";"2019";"04:44";"3";"49";"49311";"1";"1";"1";"6";"D53";"47,3929010";" -0,0444830"
"201900022829";"9";"9";"2019";"12:05";"1";"41";"41217";"2";"2";"1";"3";"Route de Saint-Aignan";"47,3322100";"1,1986000"
"201900022830";"9";"9";"2019";"15:00";"1";"34";"34139";"1";"2";"1";"2";"D15 - Echangeur de Ribaute";"43,3958210";"3,2303810"
"201900022831";"10";"9";"2019";"11:15";"1";"39";"39333";"1";"6";"1";"7";"N/A";"46,4452720";"5,7095340"
"201900022832";"11";"8";"2019";"18:00";"1";"35";"35078";"1";"2";"1";"3";"l'aumone 35120";"48,6019210";" -1,7108030"
"201900022833";"9";"9";"2019";"08:50";"1";"35";"35100";"1";"2";"1";"3";"D178";"48,2657760";" -1,1474950"
"201900022834";"8";"9";"2019";"15:30";"1";"54";"54453";"1";"1";"1";"7";"d28";"48,9848160";"5,9036640"
"201900022835";"9";"9";"2019";"18:40";"1";"6";"06104";"1";"1";"1";"1";"2455 Route de la Turbie";"43,7574780";"7,4293890"
"201900022836";"8";"9";"2019";"11:50";"1";"43";"43200";"1";"1";"2";"1";"Les Chiers";"45,0270270";"4,0905430"
"201900022837";"9";"9";"2019";"08:40";"1";"30";"30133";"2";"1";"1";"6";"Route des Marines";"43,5110010";"4,1304980"
"201900022838";"10";"9";"2019";"04:35";"5";"30";"30321";"2";"1";"2";"6";"Rue Eugène Rouche";"43,7855440";"4,0873320"
"201900022839";"8";"9";"2019";"16:00";"1";"19";"19287";"1";"1";"1";"7";"A89 sens Lyon - Bordeaux PK 233, brtelle accés aire de repos e Corrèze";"45,3595940";"1,9436410"
"201900022840";"5";"9";"2019";"15:35";"1";"973";"97309";"2";"1";"1";"1";"Route de Remire";"4,8984250";" -52,2739830"
"201900022841";"9";"9";"2019";"18:11";"1";"38";"38181";"1";"1";"1";"7";"D 523";"45,3498800";"5,9811900"
"201900022842";"9";"9";"2019";"23:00";"3";"49";"49298";"1";"1";"2";"7";"A11 - PK:280.000";"47,4563770";" -0,7038990"
"201900022843";"10";"9";"2019";"09:40";"1";"34";"34031";"1";"1";"2";"2";"A9 PK 151 sens MONTPELLIER/NARBONNE";"43,3754930";"3,4072290"
"201900022844";"9";"9";"2019";"11:00";"1";"988";"98817";"1";"1";"1";"1";"VDE";" -22,2280240";"166,5024250"
"201900022845";"7";"9";"2019";"17:45";"1";"973";"97312";"1";"1";"1";"2";"Crique PARACOU, PK 104";"5,2962416";" -52,9147428"
"201900022846";"24";"8";"2019";"12:20";"1";"971";"97125";"1";"1";"1";"1";"RD102, Saint-Charles";"16,2673820";" -61,3231660"
"201900022847";"8";"9";"2019";"15:45";"1";"971";"97112";"1";"1";"1";"1";"Section Houëlche";"15,8947410";" -61,2668930"
"201900022848";"18";"8";"2019";"19:00";"3";"978";"97801";"1";"1";"1";"1";"RN 7";"18,0991993";" -63,0529919"
"201900022849";"4";"9";"2019";"22:40";"5";"44";"44020";"2";"1";"1";"3";"146 rue du desert";"47,1586440";" -1,6546320"
"201900022850";"10";"9";"2019";"12:10";"1";"91";"91179";"2";"1";"1";"2";"angle du chemin de la justice";"48,5655050";"2,4849770"
"201900022851";"10";"9";"2019";"17:25";"1";"2B";"2B042";"2";"1";"1";"6";"Avenue de Borgo";"42,5596370";"9,4415020"
"201900022852";"10";"9";"2019";"18:20";"1";"4";"04039";"1";"1";"2";"7";"RD 4085 Col des Leques";"43,8649922";"6,4663852"
"201900022853";"9";"9";"2019";"18:30";"1";"13";"13015";"2";"9";"1";"3";"3419 Avenue Thiers";"43,4475120";"5,4373070"
"201900022854";"9";"9";"2019";"15:05";"1";"39";"39097";"2";"2";"1";"3";"N/A";"46,7410430";"5,9204180"
"201900022855";"10";"9";"2019";"03:30";"3";"88";"88196";"1";"1";"8";"6";"113 Chemin des Bas-rupts";"48,0474280";"6,8686070"
"201900022856";"7";"9";"2019";"13:50";"1";"1";"01259";"1";"4";"1";"1";"Chemin des Vignes";"46,2196940";"5,1050830"
"201900022857";"9";"9";"2019";"16:30";"1";"81";"81260";"1";"1";"1";"7";"Terre-de-Bancalié";"43,7664380";"2,2309950"
"201900022858";"9";"9";"2019";"12:23";"1";"49";"49332";"2";"6";"1";"3";"Rue Gustave Eiffel";"47,0730510";" -0,9348770"
"201900022859";"9";"9";"2019";"21:30";"3";"35";"35292";"1";"3";"9";"6";"1 La Croix des Cinq Chemins";"48,3782580";" -1,3770220"
"201900022860";"10";"9";"2019";"12:15";"1";"76";"76057";"2";"1";"1";"1";"Rue du 11 Novembre";"49,5343290";"0,9583070"
"201900022861";"10";"8";"2019";"11:45";"1";"76";"76065";"1";"3";"1";"1";"Rue de Bernimont";"49,6771000";"1,5683000"
"201900022862";"9";"9";"2019";"09:40";"1";"13";"13055";"1";"1";"1";"2";"A507 sens Aubagne- Marseille";"43,3300659";"5,4014349"
"201900022863";"9";"9";"2019";"09:00";"1";"13";"13055";"1";"1";"1";"5";"A507 sens Aubagne- Marseille";"43,3372351";"5,3790575"
"201900022864";"9";"9";"2019";"17:20";"1";"33";"33003";"1";"1";"1";"2";"AUTOROUTE A 10";"44,9283400";" -0,4705600"
"201900022865";"9";"9";"2019";"06:40";"3";"33";"33366";"1";"1";"1";"3";"AUTOROUTE A 10";"45,0045200";" -0,4273800"
"201900022866";"7";"9";"2019";"19:45";"1";"78";"78217";"1";"1";"1";"6";"A13";"48,9636100";"1,8291600"
"201900022867";"9";"9";"2019";"06:45";"3";"93";"93064";"1";"1";"1";"2";"AUTOROUTE A103";"48,8867200";"2,4802100"
"201900022868";"9";"9";"2019";"06:15";"3";"92";"92036";"1";"1";"1";"4";"AUTOROUTE A15";"48,9370389";"2,2951761"
"201900022869";"7";"9";"2019";"20:30";"2";"92";"92036";"1";"1";"1";"5";"AUTOROUTE A15";"48,9406098";"2,2924974"
"201900022870";"9";"9";"2019";"07:45";"1";"77";"77438";"1";"1";"1";"4";"A104";"48,8723370";"2,6701710"
"201900022871";"7";"9";"2019";"18:40";"1";"77";"77083";"1";"1";"2";"2";"A4.W";"48,8341300";"2,5898000"
"201900022872";"6";"7";"2019";"21:55";"1";"59";"59365";"1";"1";"1";"7";"ROUTE NATIONALE N°2";"50,2606300";"3,9298600"
"201900022873";"7";"9";"2019";"09:30";"1";"14";"14220";"2";"1";"1";"3";"CORNUCHE (BOULEVARD)";"49,3614500";"0,0721300"
"201900022874";"15";"8";"2019";"05:00";"3";"976";"97611";"2";"1";"1";"6";"kaweni-Kaweni nord ( Z I )";" -12,7939330";"45,2188020"
"201900022875";"7";"9";"2019";"07:15";"1";"974";"97416";"2";"1";"1";"1";"HIPPOLYTE  PIOT (RUE)";" -21,2995400";"55,4551200"
"201900022876";"5";"9";"2019";"14:00";"1";"69";"69388";"2";"3";"1";"1";"STEPHANE COIGNET                    (R )";"45,7275900";"4,8757000"
"201900022877";"6";"9";"2019";"21:30";"5";"972";"97213";"1";"1";"1";"2";"ROUTE DEPARTEMENTALE 14";"14,6204100";" -61,0211600"
"201900022878";"8";"9";"2019";"21:45";"5";"2B";"2B033";"2";"1";"1";"3";"MACCHIONE - CHEMIN DU";"42,6700000";"9,4300000"
"201900022879";"8";"9";"2019";"19:00";"1";"2B";"2B033";"1";"3";"1";"4";"11 - RT";"42,6686000";"9,4433000"
"201900022880";"7";"9";"2019";"20:00";"5";"95";"95197";"2";"2";"1";"3";"MAL FOCH (AVENEU DU)";"48,9633212";"2,3163005"
"201900022881";"8";"9";"2019";"14:15";"1";"82";"82033";"2";"1";"1";"6";"COURBIEU VC 4 (AVENUE DE) ";"44,0519800";"1,0937000"
"201900022882";"8";"9";"2019";"14:20";"1";"81";"81163";"1";"9";"1";"7";"RD 118";"43,4633237";"2,3626637"
"201900022883";"7";"9";"2019";"10:15";"1";"80";"80001";"2";"9";"1";"3";"JEAN MENNESSON";"50,1155200";"1,8254800"
"201900022884";"2";"9";"2019";"10:40";"1";"77";"77215";"1";"1";"1";"4";"RN4 HORS AGGLOMERATION";"48,7352760";"2,7429742"
"201900022885";"8";"9";"2019";"07:55";"1";"64";"64129";"2";"1";"1";"2";"JEAN MERMOZ";"43,3164326";" -0,3781760"
"201900022886";"8";"9";"2019";"15:00";"1";"54";"54395";"2";"1";"1";"4";"MOUILLERON (RUE GABRIEL)";"48,6838300";"6,1701330"
"201900022887";"8";"9";"2019";"18:45";"1";"37";"37122";"1";"1";"1";"7";"CERCELE (RUE)";"47,3261100";"0,6541400"
"201900022888";"8";"9";"2019";"20:45";"1";"35";"35238";"2";"1";"1";"6";"PAINLEVE (BD PAUL)";"48,1219900";" -1,6562500"
"201900022889";"8";"9";"2019";"17:15";"1";"35";"35278";"1";"1";"1";"3";"RD 137";"48,1826300";" -1,7202000"
"201900022890";"8";"9";"2019";"21:15";"5";"34";"34172";"2";"1";"1";"2";"LIBERTE (AVENUE DE LA";"43,6127600";"3,8229100"
"201900022891";"8";"9";"2019";"19:30";"5";"34";"34172";"2";"2";"1";"3";"DOMITIENNE (VOIE)";"43,6200100";"3,8511600"
"201900022892";"8";"9";"2019";"02:46";"5";"34";"34172";"2";"9";"1";"3";"ALIZES (CARREFOUR DES)";"43,5957000";"3,8776400"
"201900022893";"6";"9";"2019";"12:05";"1";"34";"34172";"2";"2";"1";"1";"BERTHELOT (BOULEVARD)";"43,5997400";"3,8754600"
"201900022894";"8";"9";"2019";"06:10";"3";"32";"32013";"1";"1";"1";"6";"ROCADE (RN 124 OUEST)";"43,6653500";"0,5701000"
"201900022895";"7";"9";"2019";"20:15";"5";"30";"30189";"2";"2";"1";"3";"TALABOT (BOULEVARD)";"43,8369200";"4,3712200"
"201900022896";"4";"9";"2019";"13:29";"1";"29";"29232";"2";"6";"1";"3";"CHANOINE KERBRAT RUE DU";"48,0062400";" -4,0990400"
"201900022897";"4";"9";"2019";"19:00";"1";"25";"25031";"2";"1";"1";"6";"JAURES (AVENUE JEAN)";"47,4890120";"6,8260210"
"201900022898";"8";"9";"2019";"10:54";"1";"14";"14437";"2";"1";"1";"6";"RD N° 613";"49,1628000";" -0,3023300"
"201900022899";"7";"9";"2019";"13:00";"1";"14";"14118";"1";"1";"1";"3";"VANIER (BOULEVARD GENERAL)";"49,1950000";" -0,3440000"
"201900022900";"8";"9";"2019";"17:20";"1";"13";"13216";"2";"1";"1";"2";"LITTORAL (CHEMIN DU)";"43,3476000";"5,3442000"
"201900022901";"8";"9";"2019";"16:05";"1";"13";"13209";"2";"1";"1";"2";"MICHELET (BOULEVARD)";"43,2691670";"5,3929507"
"201900022902";"8";"9";"2019";"10:40";"1";"13";"13215";"2";"9";"1";"6";"GAFFAREL (RUE)";"43,3485400";"5,3571700"
"201900022903";"8";"9";"2019";"05:40";"2";"13";"13215";"2";"1";"1";"6";"LYON (RUE DE)";"43,3247300";"5,3656500"
"201900022904";"7";"9";"2019";"18:35";"1";"13";"13212";"2";"1";"1";"1";"ALL DE LA GRANDE BASTIDE CAZAULX";"43,2972000";"5,4372000"
"201900022905";"8";"9";"2019";"09:25";"1";"10";"10333";"2";"1";"2";"6";"ECHENILLY (RUE)";"48,2771600";"4,0393200"
"201900022906";"8";"9";"2019";"20:00";"5";"6";"06088";"2";"9";"1";"6";"GAMBETTA (A PARTIR DU N° 63-74)";"43,6976360";"7,2562870"
"201900022907";"8";"9";"2019";"16:20";"1";"6";"06088";"1";"3";"1";"3";"JOLY (CORNICHE ANDRE DE)";"43,7047210";"7,2999490"
"201900022908";"8";"9";"2019";"01:50";"5";"6";"06155";"2";"1";"1";"1";"CANNES RTE DE";"43,5558390";"7,0615370"
"201900022909";"7";"9";"2019";"20:45";"5";"6";"06004";"2";"1";"1";"1";"RD6098";"43,6081860";"7,1257820"
"201900022910";"7";"9";"2019";"01:25";"3";"5";"05023";"1";"1";"1";"7";"IZOARD (AVENUE DU COL D')";"44,8896100";"6,6476200"
"201900022911";"7";"9";"2019";"20:40";"2";"3";"03094";"2";"1";"1";"1";"37 rue de Boutiron";"46,1507094";"3,4225763"
"201900022912";"7";"9";"2019";"20:00";"1";"3";"03211";"1";"1";"3";"3";"avenue des Martyrs";"46,3346036";"2,5423194"
"201900022913";"7";"9";"2019";"12:30";"1";"75";"75115";"2";"1";"1";"4";"BD PERIPHERIQUE INTERIEUR";"48,8261850";"2,2983580"
"201900022914";"7";"9";"2019";"12:05";"1";"75";"75113";"2";"1";"1";"2";"BD PERIPHERIQUE INTERIEUR";"48,8164670";"2,3445500"
"201900022915";"6";"9";"2019";"13:15";"1";"75";"75120";"2";"1";"1";"2";"BD PERIPHERIQUE EXTERIEUR";"48,8518140";"2,4152150"
"201900022916";"6";"9";"2019";"06:45";"2";"75";"75116";"2";"1";"1";"3";"BD PERIPHERIQUE EXTERIEUR";"48,8763685";"2,2782462"
"201900022917";"8";"9";"2019";"15:38";"1";"75";"75107";"2";"7";"1";"3";"PLACE LE CORBUSIER";"48,8515607";"2,3268177"
"201900022918";"8";"9";"2019";"20:15";"2";"75";"75120";"2";"1";"1";"3";"RUE SORBIER";"48,8667610";"2,3914870"
"201900022919";"8";"9";"2019";"15:25";"1";"75";"75117";"2";"1";"1";"3";"BOULEVARD DU FORT DE VAUX";"48,8930108";"2,3021578"
"201900022920";"8";"9";"2019";"06:10";"2";"75";"75113";"2";"1";"1";"6";"AVENUE D ITALIE";"48,8234844";"2,3581110"
"201900022921";"8";"9";"2019";"12:30";"1";"75";"75102";"2";"2";"1";"6";"BOULEVARD SAINT DENIS";"48,8693163";"2,3542339"
"201900022922";"7";"9";"2019";"23:15";"5";"94";"94060";"2";"3";"1";"3";"GEORGES POMPIDOU (AV)";"48,7951500";"2,5653700"
"201900022923";"7";"9";"2019";"19:20";"1";"94";"94044";"2";"1";"1";"2";"PAUL VALERY (R)";"48,7500000";"2,4700000"
"201900022924";"8";"9";"2019";"10:15";"1";"93";"93073";"2";"1";"1";"2";"CHAPIT RE ( RUE DU)";"49,0025800";"2,5369400"
"201900022925";"8";"9";"2019";"13:55";"1";"93";"93053";"2";"5";"1";"2";"ROSNY (AVENUE DE) N° 56 A 242";"48,8890092";"2,4713445"
"201900022926";"8";"9";"2019";"16:15";"1";"93";"93048";"2";"1";"1";"6";"GABRIEL PERI (AVENUE)";"48,8575800";"2,4393100"
"201900022927";"8";"9";"2019";"19:00";"2";"93";"93007";"2";"1";"1";"6";"EDOUARD RENAULT (RUE)";"48,9525100";"2,4660200"
"201900022928";"7";"9";"2019";"23:58";"5";"92";"92033";"2";"1";"1";"3";"BUZENVAL";"48,8520100";"2,2048700"
"201900022929";"8";"9";"2019";"21:50";"3";"67";"67538";"1";"1";"2";"6";"RD 919 - PK 038.200";"48,9247980";"7,3529620"
"201900022930";"9";"9";"2019";"17:20";"1";"60";"60157";"2";"1";"1";"6";"Rue Pierre Vienot";"49,3740760";"2,4081250"
"201900022931";"9";"9";"2019";"17:05";"1";"17";"17183";"1";"1";"1";"6";"Pitauton";"45,6162890";" -0,8541890"
"201900022932";"9";"9";"2019";"12:15";"1";"63";"63189";"1";"1";"1";"7";"D2089";"45,6602288";"2,7641344"
"201900022933";"6";"9";"2019";"18:30";"1";"42";"42284";"1";"3";"1";"3";"D18";"46,0842440";"3,9809440"
"201900022934";"9";"9";"2019";"15:50";"1";"41";"41208";"1";"1";"1";"2";"A10 PK 171.000 sens province paris";"47,5811000";"1,0680990"
"201900022935";"8";"9";"2019";"22:20";"5";"60";"60176";"2";"1";"8";"6";"Rue de la Sablonnière";"49,2276840";"2,8948230"
"201900022936";"17";"4";"2019";"17:40";"1";"46";"46038";"1";"1";"1";"6";"LD LASFARGUES";"44,9121750";"1,8322110"
"201900022937";"18";"4";"2019";"10:40";"1";"29";"29146";"1";"2";"1";"3";"Kerampaou";"47,8893040";" -3,7975240"
"201900022938";"26";"2";"2019";"18:05";"1";"29";"29076";"2";"6";"1";"3";"rond point de ty colo";"48,4284810";" -4,5991420"
"201900022939";"18";"4";"2019";"13:10";"1";"1";"01245";"1";"1";"1";"6";"D979";"46,1639802";"5,3687444"
"201900022940";"14";"4";"2019";"10:00";"1";"14";"14120";"2";"1";"1";"6";"Route d'Aunay Sur Odon";"49,0633078";" -0,7658467"
"201900022941";"18";"4";"2019";"15:00";"1";"60";"60055";"1";"5";"1";"2";"D934";"49,5955020";"2,9769574"
"201900022942";"17";"4";"2019";"17:25";"1";"18";"18242";"2";"1";"1";"6";"Rue Paulin Pecqueux";"46,8275950";"2,9175860"
"201900022943";"18";"4";"2019";"05:45";"3";"18";"18012";"1";"1";"1";"6";"Les Comillons";"47,1489720";"2,9939540"
"201900022944";"17";"4";"2019";"15:00";"1";"40";"40051";"1";"1";"1";"6";"Route departementale 1";"43,8899710";" -0,3955300"
"201900022945";"17";"4";"2019";"12:50";"1";"24";"24291";"1";"3";"1";"3";"Lieu-dit Brenac";"45,0494140";"1,1515090"
"201900022946";"13";"4";"2019";"18:00";"1";"24";"24172";"1";"1";"1";"1";"Pagenal";"44,9213980";"0,9972350"
"201900022947";"18";"4";"2019";"13:05";"1";"85";"85093";"1";"1";"1";"2";"D948";"46,6472400";" -1,2103000"
"201900022948";"17";"4";"2019";"18:00";"1";"28";"28124";"1";"1";"1";"3";"D117.1";"48,7579220";"1,1282900"
"201900022949";"17";"4";"2019";"19:00";"1";"28";"28023";"1";"1";"1";"6";"D28";"48,5114090";"1,6784230"
"201900022950";"18";"4";"2019";"16:35";"1";"30";"30123";"1";"1";"1";"3";"Route de Sommières";"43,7304630";"4,1562970"
"201900022951";"18";"4";"2019";"08:10";"1";"78";"78356";"2";"1";"1";"7";"5 Route de Milon";"48,7383260";"2,0368530"
"201900022952";"17";"4";"2019";"21:40";"3";"68";"68066";"1";"1";"1";"6";"Autorout A35";"48,1024610";"7,3825270"
"201900022953";"14";"4";"2019";"13:35";"1";"38";"38193";"2";"1";"1";"5";"boulevard saint germain";"45,6149400";"5,2070700"
"201900022954";"18";"4";"2019";"02:38";"3";"83";"83061";"1";"1";"1";"2";"autoroute A8 PK 138.900 chaussée sud";"43,5124954";"6,7631222"
"201900022955";"27";"3";"2019";"21:00";"3";"67";"67506";"1";"1";"1";"2";"Autoroute A4 - PK 473.600 à PK 473.500 -Sens Strasbourg/Paris";"48,6669070";"7,7121390"
"201900022956";"15";"4";"2019";"18:30";"1";"34";"34270";"1";"9";"1";"3";"A9";"43,5535713";"3,8203561"
"201900022957";"18";"4";"2019";"11:20";"1";"55";"55236";"1";"1";"1";"2";"PK255+300";"49,1072610";"5,4255000"
"201900022958";"17";"4";"2019";"17:05";"1";"33";"33229";"1";"1";"1";"5";"Avenue de la Libération";"44,7011500";" -1,0295000"
"201900022959";"18";"4";"2019";"15:25";"1";"974";"97403";"1";"1";"1";"6";"CD 26 PK 7+510";" -21,2624475";"55,4648745"
"201900022960";"18";"4";"2019";"01:00";"3";"77";"77397";"1";"1";"1";"6";"D70";"48,9479100";"3,2008700"
"201900022961";"17";"4";"2019";"21:00";"3";"83";"83008";"1";"1";"1";"7";"Route de Fréjus";"43,5197020";"6,7279200"
"201900022962";"18";"4";"2019";"15:35";"1";"71";"71176";"2";"1";"1";"2";"Rue des blattiers, 71";"46,4887040";"4,0062220"
"201900022963";"17";"4";"2019";"16:40";"1";"58";"58121";"1";"6";"1";"7";"Rond-Point de la Bussière - CD 47";"47,0323990";"3,1061770"
"201900022964";"15";"4";"2019";"10:15";"1";"57";"57160";"2";"1";"1";"3";"162 Rue de la Houve";"49,2160590";"6,6917720"
"201900022965";"17";"4";"2019";"19:00";"1";"74";"74016";"1";"1";"1";"1";"1835 Route d'Annecy";"46,1249970";"6,1160650"
"201900022966";"16";"4";"2019";"08:00";"1";"74";"74042";"2";"9";"1";"3";"93 rue des Cygnes";"46,0734770";"6,4221040"
"201900022967";"16";"4";"2019";"17:20";"1";"26";"26071";"1";"6";"1";"3";"route départementale D532";"45,0522610";"4,9275460"
"201900022968";"17";"4";"2019";"14:00";"1";"79";"79049";"2";"1";"1";"5";"N/A";"46,8262840";" -0,4213880"
"201900022969";"17";"4";"2019";"17:05";"1";"17";"17086";"1";"2";"1";"3";"Chemin des Verdillières";"45,7410090";" -0,5210670"
"201900022970";"11";"4";"2019";"11:50";"1";"33";"33238";"2";"3";"1";"3";"rue du 19 mars 1962";"44,7306400";" -0,5977700"
"201900022971";"17";"4";"2019";"21:15";"2";"22";"22040";"1";"1";"1";"1";"D8  Bois de la Roche";"48,5257070";" -3,1696490"
"201900022972";"16";"4";"2019";"22:25";"5";"22";"22389";"2";"1";"1";"7";"Rue François Jaffrain";"48,4714910";" -2,6527540"
"201900022973";"17";"4";"2019";"12:30";"1";"57";"57323";"2";"1";"1";"4";"Route du Benelux";"49,4159750";"6,1574000"
"201900022974";"18";"4";"2019";"12:35";"1";"59";"59391";"1";"2";"1";"3";"RD943";"50,2995455";"3,2925440"
"201900022975";"17";"4";"2019";"17:55";"1";"13";"13070";"1";"1";"1";"4";"A50-Sens Aubagne vers Marseille";"43,2855200";"5,5172900"
"201900022976";"17";"4";"2019";"11:50";"1";"13";"13215";"1";"1";"1";"3";"A7-Sens Lyon vers Marseille";"43,3481700";"5,3705700"
"201900022977";"13";"4";"2019";"16:15";"1";"13";"13213";"1";"9";"1";"3";"A507 sens Aubagne- Marseille";"43,3244580";"5,4228040"
"201900022978";"17";"4";"2019";"00:48";"3";"13";"13215";"1";"1";"1";"6";"A7-Sens Lyon vers Marseille";"43,3818163";"5,3518103"
"201900022979";"16";"4";"2019";"07:20";"1";"83";"83123";"1";"1";"2";"6";"A50";"43,1293100";"5,8168300"
"201900022980";"17";"4";"2019";"18:35";"1";"69";"69266";"1";"1";"1";"4";"RD383   3.750 A 7.640";"45,7571700";"4,9089800"
"201900022981";"11";"4";"2019";"09:30";"1";"59";"59459";"1";"1";"1";"2";"AUTOROUTE A23";"50,3673200";"3,4835600"
"201900022982";"16";"4";"2019";"23:40";"3";"91";"91161";"1";"1";"1";"4";"AUTOROUTE A6";"48,6942900";"2,3194500"
"201900022983";"17";"4";"2019";"16:00";"1";"78";"78640";"1";"1";"1";"5";"N118";"48,7783230";"2,2223670"
"201900022984";"17";"4";"2019";"12:30";"1";"92";"92062";"1";"1";"1";"2";"RN1014 W";"48,8877188";"2,2515103"
"201900022985";"16";"4";"2019";"19:05";"1";"92";"92036";"1";"1";"1";"6";"A86";"48,9367280";"2,2919409"
"201900022986";"16";"4";"2019";"22:17";"5";"93";"93066";"1";"1";"1";"3";"AUTOROUTE A1";"48,9304700";"2,3653200"
"201900022987";"16";"4";"2019";"11:55";"1";"93";"93008";"1";"1";"1";"2";"AUTOROUTE A86";"48,9129800";"2,4359900"
"201900022988";"15";"4";"2019";"18:00";"1";"95";"95256";"1";"1";"1";"3";"AUTOROUTE A115";"49,0448000";"2,1869600"
"201900022989";"13";"4";"2019";"20:40";"3";"92";"92036";"1";"1";"1";"5";"AUTOROUTE A15";"48,9381972";"2,2941195"
"201900022990";"12";"4";"2019";"13:50";"1";"68";"68066";"2";"1";"1";"6";"NORD (RUE DU)";"48,0810660";"7,3589150"
"201900022991";"14";"4";"2019";"10:20";"1";"63";"63113";"2";"1";"1";"5";"TORPILLEUR SIROCCO (RUE DU)";"45,8111500";"3,1072600"
"201900022992";"13";"4";"2019";"09:05";"1";"49";"49007";"2";"1";"1";"3";"MOULIN PONT ET PLACE";"47,4901400";" -0,5474900"
"201900022993";"16";"4";"2019";"09:20";"1";"42";"42187";"2";"2";"3";"6";"MACE (RUE JEAN)";"46,0376300";"4,0753720"
"201900022994";"31";"3";"2019";"20:30";"5";"12";"12202";"2";"1";"1";"3";"PRAT MOULY (CHEMIN DU)";"44,3609547";"2,5706974"
"201900022995";"15";"4";"2019";"13:58";"1";"10";"10081";"2";"1";"1";"6";"JEAN MOULIN (RUE)";"48,3063900";"4,0304200"
"201900022996";"10";"1";"2019";"14:20";"1";"92";"92026";"2";"2";"1";"3";"COLOMBES";"48,8988170";"2,2566020"
"201900022997";"15";"4";"2019";"18:10";"5";"988";"98818";"2";"1";"1";"6";"RUE ROGER GERVOLINO";" -22,2666600";"166,4688100"
"201900022998";"14";"4";"2019";"09:15";"1";"974";"97416";"1";"1";"1";"2";"EGLISE (RUE DE L')";" -21,2875000";"55,4709000"
"201900022999";"15";"4";"2019";"18:32";"3";"974";"97409";"1";"9";"2";"6";"RN2 SENS STE SUZANNE ST BENOIT";" -20,9444600";"55,6498000"
"201900023000";"15";"4";"2019";"10:10";"1";"974";"97409";"2";"9";"1";"2";"RN2 SENS STE SUZANNE ST BENOIT";" -20,9484900";"55,6533000"