"Num_Acc";"jour";"mois";"an";"hrmn";"lum";"dep";"com";"agg";"int";"atm";"col";"adr";"lat";"long"
"201900023001";"16";"4";"2019";"17:15";"1";"973";"97302";"2";"9";"1";"3";"BADUEL (ROUTE DE)";"4,9379808";" -52,3165298"
"201900023002";"16";"4";"2019";"09:50";"1";"973";"97302";"2";"9";"1";"3";"ZEPHIR (ROCADE)";"4,9258914";" -52,3217333"
"201900023003";"15";"4";"2019";"13:15";"1";"973";"97302";"2";"1";"1";"3";"BADUEL (ROUTE DE)";"4,9361209";" -52,3138046"
"201900023004";"16";"4";"2019";"17:30";"1";"69";"69259";"2";"1";"1";"4";"FRANCIS DE PRESSENSE                (AV)";"45,7147700";"4,8724000"
"201900023005";"16";"4";"2019";"11:45";"1";"69";"69259";"2";"3";"2";"3";"DOCTEUR GEORGES LEVY (DU)           (AV)";"45,7194100";"4,8591500"
"201900023006";"16";"4";"2019";"13:05";"1";"972";"97213";"2";"3";"1";"6";"ROUTE DEPARTEMENTALE 15";"14,6516490";" -61,0112840"
"201900023007";"15";"4";"2019";"09:10";"1";"972";"97213";"2";"9";"1";"5";"ROUTE DEPARTEMENTALE 14";"14,6314530";" -61,0164280"
"201900023008";"16";"4";"2019";"15:45";"1";"69";"69385";"2";"1";"8";"6";"CHOULANS (DE)                       (CH)";"45,7534500";"4,8176800"
"201900023009";"16";"4";"2019";"06:50";"2";"69";"69034";"2";"1";"2";"6";"BOUCLE (DE LA)                      (MO)";"45,7815800";"4,8393000"
"201900023010";"16";"4";"2019";"06:50";"3";"69";"69382";"2";"2";"2";"3";"GENTIL                              (R )";"45,7649433";"4,8358952"
"201900023011";"15";"4";"2019";"19:36";"1";"69";"69389";"2";"9";"1";"6";"MARIETTON                           (R )";"45,7759000";"4,8003000"
"201900023012";"15";"4";"2019";"18:34";"1";"2B";"2B120";"2";"1";"1";"4";"IMPERIALE (Route) D464 ";"42,6495420";"9,4323820"
"201900023013";"15";"4";"2019";"17:50";"1";"2B";"2B033";"1";"1";"1";"3";"11 - RT";"42,6640000";"9,4420000"
"201900023014";"16";"4";"2019";"08:30";"1";"95";"95563";"2";"1";"1";"2";"JEAN ROSTAND (AVENUE)";"49,0125900";"2,2498600"
"201900023015";"15";"4";"2019";"18:05";"1";"91";"91216";"2";"1";"1";"3";"CD 257";"48,6735060";"2,3351790"
"201900023016";"16";"4";"2019";"09:55";"1";"91";"91687";"2";"1";"2";"2";"GENERAL DE GAULLE (AVENUE DU)";"48,6758700";"2,3852800"
"201900023017";"16";"4";"2019";"10:25";"1";"91";"91347";"2";"1";"1";"4";"DIVISION LECLERC (AVENUE DE LA)";"48,6549820";"2,2740320"
"201900023018";"15";"4";"2019";"16:55";"1";"91";"91425";"1";"1";"1";"7";"NATIONALE 20 (ROUTE)";"48,6426900";"2,2693100"
"201900023019";"12";"4";"2019";"05:10";"3";"89";"89024";"1";"1";"1";"4";"R.N.6";"47,8063100";"3,5959700"
"201900023020";"14";"4";"2019";"16:03";"1";"87";"87085";"2";"6";"1";"6";"VALOINE (BOULEVARD DE LA)";"45,8037300";"1,2919100"
"201900023021";"13";"4";"2019";"14:17";"1";"87";"87085";"1";"3";"1";"6";"RN520 (COUZEIX)";"45,8629000";"1,1641600"
"201900023022";"16";"4";"2019";"11:20";"1";"82";"82121";"2";"6";"1";"2";"LUXEMBOURG (AVENUE DU)";"43,9879810";"1,3343080"
"201900023023";"12";"4";"2019";"12:40";"1";"80";"80021";"2";"1";"1";"6";"BRETAGNE (PLACE DE)";"49,9168640";"2,2539960"
"201900023024";"11";"4";"2019";"17:05";"2";"78";"78646";"2";"2";"1";"6";"ORANGERIE (RUE DE L')";"48,8002900";"2,1221900"
"201900023025";"9";"4";"2019";"15:55";"1";"77";"77131";"1";"1";"1";"3";"D402 (DEVIATION)";"48,7969300";"3,0937400"
"201900023026";"14";"4";"2019";"12:20";"1";"74";"74281";"2";"2";"1";"1";"EVIAN (ROUTE D')";"46,3827300";"6,5045600"
"201900023027";"27";"2";"2019";"21:50";"5";"69";"69029";"2";"1";"1";"2";"LIONEL TERRAY                       (R )";"45,7266600";"4,9048200"
"201900023028";"16";"4";"2019";"10:05";"1";"67";"67482";"1";"1";"1";"6";"BOEUFS (RUE DES)";"48,5779520";"7,7524750"
"201900023029";"15";"4";"2019";"10:47";"1";"67";"67482";"2";"1";"1";"6";"MARSEILLAISE (AVENUE DE LA)";"48,5847780";"7,7573980"
"201900023030";"11";"4";"2019";"19:50";"3";"66";"66136";"2";"1";"1";"6";"Avne Julien Panchot";"42,6916500";"2,8829600"
"201900023031";"16";"4";"2019";"17:10";"1";"62";"62445";"1";"1";"1";"7";"HAILLICOURT ( D' )";"50,4994900";"2,5956800"
"201900023032";"14";"4";"2019";"21:20";"5";"62";"62667";"2";"1";"1";"6";"PETIT PORT (rue du)";"50,7181800";"1,5788700"
"201900023033";"14";"4";"2019";"18:20";"1";"56";"56121";"2";"6";"2";"2";"BLUM ( BD LEON )";"47,7472700";" -3,3764500"
"201900023034";"14";"4";"2019";"11:15";"1";"56";"56121";"2";"6";"2";"7";"DE GAULLE ( AVE DU GENERAL )";"47,7413000";" -3,3730700"
"201900023035";"12";"4";"2019";"23:15";"5";"56";"56083";"2";"1";"1";"6";"VAILLANT ( AV. EDOUARD )";"47,8238000";" -3,2494100"
"201900023036";"14";"4";"2019";"00:55";"5";"50";"50203";"2";"1";"1";"6";"LUCET (RUE)";"49,6252940";" -1,6167730"
"201900023037";"12";"4";"2019";"20:15";"1";"50";"50129";"2";"3";"1";"3";"NAPOLEON (PLACE)";"49,6429300";" -1,6243800"
"201900023038";"14";"4";"2019";"23:50";"4";"49";"49328";"2";"1";"1";"6";"DELESSERT (BOULEVARD BENJAMIN)";"47,2580500";" -0,0885300"
"201900023039";"15";"4";"2019";"20:19";"1";"49";"49007";"2";"1";"1";"7";"LIBERTE BOULEVARD";"47,4498100";" -0,5307500"
"201900023040";"15";"4";"2019";"15:00";"1";"42";"42316";"2";"6";"1";"3";"RD 3";"45,4076600";"4,2542700"
"201900023041";"16";"4";"2019";"03:37";"5";"37";"37261";"2";"2";"2";"3";"ENTRAIGUES (RUE D')";"47,3861100";"0,6766800"
"201900023042";"15";"4";"2019";"17:45";"1";"37";"37261";"2";"1";"1";"4";"ALOUETTE (AVENUE)";"47,3603097";"0,6973966"
"201900023043";"14";"4";"2019";"19:00";"1";"35";"35288";"1";"1";"1";"2";"RD 137";"48,6142910";" -1,9833940"
"201900023044";"15";"4";"2019";"18:30";"1";"35";"35238";"1";"1";"1";"2";"PORTE D'ANGERS";"48,0842000";" -1,6417000"
"201900023045";"14";"4";"2019";"22:15";"5";"33";"33063";"2";"2";"1";"6";"RUE DE BELFORT";"44,8347000";" -0,5821400"
"201900023046";"12";"4";"2019";"14:20";"1";"31";"31555";"1";"1";"1";"3";"VA007331 A620";"43,6111000";"1,4156500"
"201900023047";"14";"4";"2019";"10:55";"1";"29";"29232";"2";"9";"1";"2";"19 MARS 1962 RUE DU";"47,9881631";" -4,1099738"
"201900023048";"12";"4";"2019";"16:04";"1";"29";"29019";"2";"1";"1";"6";"TARENTE";"48,4045300";" -4,5097600"
"201900023049";"16";"4";"2019";"23:35";"5";"26";"26198";"1";"1";"1";"6";"SAUZET (Route )";"44,5668530";"4,7757240"
"201900023050";"16";"4";"2019";"08:24";"1";"17";"17300";"2";"1";"1";"6";"BILLAUD-VARENNE   AVENUE";"46,1514900";" -1,1187800"
"201900023051";"15";"4";"2019";"14:03";"1";"17";"17300";"2";"6";"1";"6";"DELMAS   RUE FRANCK";"46,1587400";" -1,1728300"
"201900023052";"16";"4";"2019";"07:45";"1";"14";"14715";"2";"1";"2";"6";"PIERRE CASSAGNAVERE (RUE)";"49,3716500";"0,0898400"
"201900023053";"12";"4";"2019";"11:50";"1";"13";"13117";"2";"2";"1";"5";"CHEMIN DEPARTEMENTAL CD 20";"43,4577400";"5,2329500"
"201900023054";"16";"4";"2019";"22:30";"5";"13";"13103";"2";"1";"1";"2";"BOULEVARD DU ROY RENE";"43,3806000";"5,0450000"
"201900023055";"15";"4";"2019";"11:55";"1";"13";"13103";"2";"9";"1";"7";"RUE BLANCHARD - JEAN";"43,6400091";"5,0988503"
"201900023056";"16";"4";"2019";"14:25";"1";"13";"13207";"2";"1";"1";"6";"RIVE NEUVE (QUAI)";"43,2926900";"5,3679400"
"201900023057";"16";"4";"2019";"06:35";"2";"13";"13208";"2";"1";"1";"1";"GRAND LARGE (PROMENADE DU)";"43,2412530";"5,3632920"
"201900023058";"13";"4";"2019";"16:30";"1";"13";"13005";"1";"1";"1";"6";"route de la Ciotat";"43,2809560";"5,5833940"
"201900023059";"16";"4";"2019";"23:05";"5";"10";"10387";"2";"6";"2";"3";"EDOUARD VAILLANT (RUE)";"48,2763800";"4,0802000"
"201900023060";"17";"4";"2019";"00:45";"5";"6";"06088";"2";"1";"1";"1";"GEORGES V (AV.)";"43,7115836";"7,2688877"
"201900023061";"16";"4";"2019";"07:50";"1";"6";"06029";"2";"1";"1";"7";"BLANC (RUE LOUIS)";"43,5538567";"7,0120414"
"201900023062";"15";"4";"2019";"20:15";"2";"5";"05061";"2";"1";"1";"7";"EYSSAGNIERES ( ROUTE DES )";"44,5491000";"6,0550000"
"201900023063";"15";"4";"2019";"08:10";"1";"5";"05061";"2";"1";"1";"1";"METIERS ( RUE DES )";"44,5622000";"6,0958000"
"201900023064";"15";"4";"2019";"16:35";"1";"1";"01053";"2";"2";"1";"3";"BELGES (AVENUE DES)";"46,2079020";"5,2363080"
"201900023065";"16";"4";"2019";"17:45";"1";"75";"75116";"2";"1";"1";"2";"PORTE DE PASSY";"48,8583330";"2,2606620"
"201900023066";"16";"4";"2019";"09:40";"1";"75";"75116";"2";"1";"1";"3";"PORTE DE PASSY";"48,8588500";"2,2617720"
"201900023067";"16";"4";"2019";"04:15";"5";"75";"75117";"2";"4";"1";"6";"PORTE MAILLOT";"48,8821440";"2,2826540"
"201900023068";"16";"4";"2019";"15:40";"1";"75";"75105";"2";"1";"1";"6";"RUE GAY LUSSAC";"48,8453060";"2,3415520"
"201900023069";"16";"4";"2019";"17:30";"1";"75";"75119";"2";"2";"8";"6";"AVENUE JEAN JAURES";"48,8859810";"2,3821490"
"201900023070";"16";"4";"2019";"09:00";"1";"75";"75118";"2";"1";"1";"6";"RUE DE TORCY";"48,8910740";"2,3607160"
"201900023071";"16";"4";"2019";"00:01";"5";"75";"75118";"2";"3";"1";"6";"RUE RIQUET";"48,8900840";"2,3612900"
"201900023072";"16";"4";"2019";"09:35";"1";"75";"75117";"2";"2";"1";"3";"BOULEVARD GOUVION SAINT CYR";"48,8856690";"2,2914590"
"201900023073";"14";"4";"2019";"10:20";"1";"75";"75117";"2";"1";"1";"2";"AVENUE MAC MAHON";"48,8755690";"2,2947490"
"201900023074";"16";"4";"2019";"13:00";"1";"75";"75115";"2";"1";"1";"2";"RUE LABROUSTE";"48,8349780";"2,3089430"
"201900023075";"16";"4";"2019";"12:20";"1";"75";"75114";"2";"1";"1";"7";"AVENUE DE LA PORTE DE CHATILLON";"48,8233290";"2,3165560"
"201900023076";"16";"4";"2019";"09:45";"1";"75";"75112";"2";"2";"1";"6";"AVENUE DU GENERAL MICHEL BIZOT";"48,8362150";"2,4029180"
"201900023077";"16";"4";"2019";"16:24";"1";"75";"75110";"2";"2";"8";"6";"RUE SAINT VINCENT DE PAUL";"48,8804190";"2,3523490"
"201900023078";"16";"4";"2019";"15:35";"1";"75";"75110";"2";"7";"8";"6";"AVENUE CLAUDE VELLEFAUX";"48,8776230";"2,3702960"
"201900023079";"16";"4";"2019";"00:50";"5";"75";"75108";"2";"7";"1";"6";"PLACE DE LA MADELEINE";"48,8708260";"2,3250590"
"201900023080";"15";"4";"2019";"17:30";"1";"94";"94059";"2";"3";"1";"3";"DAME BLANCHE (AV DE LA)";"48,8194200";"2,5595300"
"201900023081";"16";"4";"2019";"21:35";"5";"93";"93070";"2";"1";"1";"3";"MICHELET (AVE) : DU 1 AU 103";"48,9100000";"2,3400000"
"201900023082";"16";"4";"2019";"08:30";"1";"93";"93070";"2";"1";"1";"3";"BATELIERS (RUE DES)";"48,9130000";"2,3266300"
"201900023083";"16";"4";"2019";"19:45";"1";"93";"93066";"2";"2";"8";"3";"PRESSENCE FRANCIS (AVENUE)";"48,9224600";"2,3685000"
"201900023084";"16";"4";"2019";"14:30";"1";"93";"93066";"2";"1";"8";"3";"FRANCE ANATOLE (BOULEVARD) NR AUTRES";"48,9257100";"2,3508100"
"201900023085";"15";"4";"2019";"16:16";"1";"93";"93066";"2";"1";"1";"6";"""SEMBAT MARCEL (BD), NR 49 ET SUIVANTS""";"48,9374300";"2,3525400"
"201900023086";"16";"4";"2019";"10:00";"1";"93";"93064";"2";"1";"1";"6";"FERRY (RUE JULES)";"48,8737300";"2,4787700"
"201900023087";"16";"4";"2019";"09:50";"1";"93";"93064";"2";"2";"1";"3";"D' ORVES (RUE ESTIENNE)";"48,8710900";"2,4827000"
"201900023088";"16";"4";"2019";"14:30";"1";"93";"93010";"2";"1";"1";"6";"PROMENADE (VOIE)";"48,9108150";"2,4731880"
"201900023089";"16";"4";"2019";"17:30";"1";"92";"92050";"2";"3";"1";"5";"NATIONAL BOULEVARD";"48,8873400";"2,1859600"
"201900023090";"16";"4";"2019";"12:30";"1";"92";"92036";"2";"1";"1";"6";"JEAN JACQUES ROUSSEAU (BOULEVARD)";"48,9335400";"2,2878200"
"201900023091";"15";"4";"2019";"12:15";"1";"92";"92036";"2";"1";"1";"6";"GENEAL DE GAULLE (AVENUE) (1/41)";"48,9338251";"2,3138768"
"201900023092";"15";"4";"2019";"20:30";"3";"92";"92062";"2";"1";"1";"3";"BOULEVARD CIRCULAIRE";"48,8897800";"2,2345800"
"201900023093";"16";"4";"2019";"11:10";"1";"92";"92026";"2";"1";"1";"3";"COLOMBES";"48,9013370";"2,2563010"
"201900023094";"15";"4";"2019";"09:20";"1";"92";"92026";"2";"1";"1";"2";"DUBONNET";"48,9024000";"2,2631600"
"201900023095";"5";"1";"2019";"21:40";"5";"92";"92023";"2";"3";"1";"3";"GENERAL DE GAULLE (AVENUE DU)";"48,7895666";"2,2617652"
"201900023096";"16";"4";"2019";"08:10";"1";"92";"92004";"2";"1";"1";"6";"MARNE   ( AVENUE DE LA )";"48,9064300";"2,2817100"
"201900023097";"17";"4";"2019";"20:55";"5";"31";"31022";"2";"6";"1";"7";"Route de Fronton";"43,6688460";"1,4286680"
"201900023098";"16";"4";"2019";"16:10";"1";"972";"97210";"1";"1";"1";"1";"D1";"14,6194380";" -60,9121750"
"201900023099";"16";"4";"2019";"23:15";"5";"54";"54322";"2";"1";"1";"7";"41 Rue de Metz";"49,4414600";"5,6062900"
"201900023100";"17";"4";"2019";"08:50";"1";"91";"91363";"1";"3";"5";"1";"D3";"48,6460880";"2,1970570"
"201900023101";"16";"4";"2019";"18:30";"1";"17";"17472";"2";"1";"1";"6";"Rue de la Liberté";"46,2384480";" -1,0695660"
"201900023102";"16";"4";"2019";"08:30";"1";"6";"06046";"2";"1";"1";"3";"M 414";"43,7638830";"7,2223270"
"201900023103";"16";"4";"2019";"17:55";"1";"30";"30343";"1";"2";"1";"3";"D23";"44,1835240";"4,4772400"
"201900023104";"17";"4";"2019";"06:30";"3";"47";"47059";"1";"2";"1";"7";"D708";"44,5829760";"0,1662760"
"201900023105";"17";"4";"2019";"14:20";"1";"66";"66021";"2";"1";"1";"5";"D12";"42,7252878";"2,9258319"
"201900023106";"16";"4";"2019";"18:00";"1";"56";"56169";"1";"1";"1";"7";"PONT MOUTON";"47,7070530";" -3,2442930"
"201900023107";"16";"4";"2019";"22:15";"3";"80";"80430";"1";"1";"1";"7";"CD146";"49,9212550";"2,8413880"
"201900023108";"17";"4";"2019";"10:15";"1";"82";"82087";"1";"1";"1";"6";"rd927";"44,1364880";"1,2184770"
"201900023109";"17";"4";"2019";"12:05";"1";"65";"65025";"2";"3";"1";"5";"Avenue des Pyrénées";"43,0033140";" -0,0990060"
"201900023110";"13";"4";"2019";"15:00";"1";"81";"81182";"1";"1";"1";"3";"gourelong";"43,6789320";"2,3338280"
"201900023111";"17";"4";"2019";"04:20";"3";"32";"32027";"1";"6";"1";"6";"RD935 PK 2+360";"43,6957630";" -0,2086870"
"201900023112";"17";"4";"2019";"12:00";"1";"49";"49228";"1";"2";"1";"2";"Rabion (Noyant)";"47,4695630";"0,0911100"
"201900023113";"11";"4";"2019";"15:15";"1";"42";"42282";"1";"2";"1";"3";"croisement D1/D44";"45,8973270";"3,8047120"
"201900023114";"17";"4";"2019";"07:39";"1";"46";"46189";"1";"1";"1";"6";"RD807";"44,8193640";"1,7909440"
"201900023115";"16";"4";"2019";"18:53";"1";"47";"47097";"2";"1";"1";"3";"RD 930";"44,2233520";"0,3486920"
"201900023116";"13";"4";"2019";"11:34";"1";"44";"44084";"1";"2";"1";"2";"D115";"47,2465120";" -1,3508070"
"201900023117";"23";"3";"2019";"14:50";"1";"44";"44054";"1";"1";"1";"2";"départementale 178";"47,6880847";" -1,3832688"
"201900023118";"4";"6";"2019";"17:53";"1";"25";"25056";"2";"1";"1";"3";"DOLE RUE DE (entre 82 et 185)";"47,2289900";"5,9889000"
"201900023119";"3";"6";"2019";"08:00";"1";"19";"19031";"2";"3";"1";"3";"GRIVEL (BOULEVARD AMIRAL)";"45,1560500";"1,5401800"
"201900023120";"14";"5";"2019";"15:40";"1";"17";"17306";"2";"9";"1";"6";"LAVOISIER (ANTOINE DE)";"45,6303820";" -0,9926750"
"201900023121";"3";"6";"2019";"18:30";"1";"17";"17306";"2";"1";"1";"6";"DE LATTRE DE TASSIGNY (BD)";"45,6275000";" -1,0180300"
"201900023122";"1";"6";"2019";"18:25";"1";"30";"30032";"1";"2";"1";"3";"saint gilles route de D38";"43,7853590";"4,5702090"
"201900023123";"4";"6";"2019";"17:00";"1";"13";"13204";"2";"1";"1";"1";"BLANCARDE (BOULEVARD)";"43,3028220";"5,3990140"
"201900023124";"4";"6";"2019";"09:00";"1";"13";"13210";"2";"1";"1";"2";"LAZER (BOULEVARD)";"43,2787030";"5,4042800"
"201900023125";"4";"6";"2019";"08:30";"1";"13";"13210";"2";"1";"1";"6";"TIMONE (AVENUE DE LA)";"43,2863240";"5,4071710"
"201900023126";"4";"6";"2019";"03:55";"3";"13";"13210";"2";"1";"1";"6";"CAPELETTE (AVENUE DE LA)";"43,2812100";"5,4056500"
"201900023127";"3";"6";"2019";"16:15";"1";"13";"13215";"2";"1";"1";"4";"BOURRELY (CHEMIN DES)";"43,3755390";"5,3580400"
"201900023128";"3";"6";"2019";"14:15";"1";"13";"13210";"2";"1";"1";"2";"JEAN MOULIN (BOULEVARD)";"43,2867100";"5,3998700"
"201900023129";"3";"6";"2019";"09:45";"1";"11";"11262";"1";"1";"1";"7";"BECQUEREL (IMP ANTOINE)";"43,1521100";"2,9794600"
"201900023130";"4";"6";"2019";"16:00";"1";"6";"06069";"2";"3";"1";"3";"CLAVARY (CHEMIN DE)";"43,6197010";"6,9315905"
"201900023131";"3";"6";"2019";"17:10";"1";"4";"04112";"2";"1";"1";"7";"RD5 - Bd Elemir Bruges";"43,8316600";"5,7822100"
"201900023132";"4";"6";"2019";"17:30";"1";"1";"01451";"1";"2";"1";"3";"MEILLONNAS ( CHEMIN DE )";"46,2392600";"5,2699000"
"201900023133";"24";"5";"2019";"17:30";"1";"13";"13215";"2";"1";"1";"3";"A7-Sens Marseille vers Lyon";"43,3863000";"5,3508000"
"201900023134";"3";"6";"2019";"08:15";"1";"69";"69297";"1";"1";"1";"3";"A7   15.770 A 20.110";"45,6218300";"4,8139300"
"201900023135";"3";"6";"2019";"18:40";"1";"94";"94034";"1";"1";"1";"2";"AUTOROUTE A86";"48,7558100";"2,3386700"
"201900023136";"3";"6";"2019";"16:45";"1";"91";"91521";"1";"1";"1";"7";"RN 104";"48,6334500";"2,4010600"
"201900023137";"3";"6";"2019";"16:00";"1";"93";"93029";"1";"1";"1";"5";"AUTOROUTE A86";"48,9235100";"2,4272000"
"201900023138";"29";"5";"2019";"15:15";"1";"93";"93007";"1";"1";"1";"4";"AUTOROUTE A1";"48,9468200";"2,4426000"
"201900023139";"3";"6";"2019";"10:45";"1";"77";"77083";"1";"1";"1";"4";"A4.W";"48,8334100";"2,5934400"
"201900023140";"19";"6";"2019";"12:15";"1";"69";"69034";"2";"4";"1";"2";"GENERAL DE GAULLE                   (AV)";"45,8048600";"4,8531400"
"201900023141";"26";"6";"2019";"14:30";"1";"2B";"2B120";"1";"1";"1";"2";"11 - RT";"42,6482800";"9,4403100"
"201900023142";"14";"6";"2019";"19:15";"1";"30";"30011";"2";"2";"1";"3";"AIRES RUE DES";"43,9544200";"4,7629800"
"201900023143";"27";"6";"2019";"17:40";"1";"63";"63014";"2";"7";"1";"3";"CHAMPVOISIN (RUE)";"45,7517300";"3,1089000"
"201900023144";"28";"6";"2019";"00:00";"5";"63";"63113";"2";"2";"1";"3";"TORPILLEUR SIROCCO (RUE DU)";"45,8095700";"3,1071500"
"201900023145";"26";"6";"2019";"21:30";"1";"51";"51454";"2";"1";"1";"6";"BOULEVARD LOUIS BARTHOU";"49,2338056";"4,0301500"
"201900023146";"27";"6";"2019";"19:20";"1";"45";"45234";"2";"1";"1";"1";"R EUGENE VIGNAT";"47,9129300";"1,9125100"
"201900023147";"26";"6";"2019";"18:00";"1";"45";"45234";"2";"2";"1";"3";"R MASSE - R DES TROIS CROISSANTS";"47,9264800";"1,8945900"
"201900023148";"29";"6";"2019";"22:15";"5";"13";"13201";"2";"3";"1";"6";"GARIBALDI (BOULEVARD) N° IMPAIRS";"43,2970590";"5,3811650"
"201900023149";"27";"6";"2019";"23:30";"4";"13";"13206";"2";"1";"1";"6";"LIEUTAUD (COURS)";"43,2940000";"5,3822000"
"201900023150";"27";"6";"2019";"13:00";"1";"13";"13206";"2";"1";"1";"3";"CASTELLANE (PLACE)";"43,2857600";"5,3838900"
"201900023151";"17";"6";"2019";"14:10";"1";"5";"05061";"2";"3";"1";"7";"METIERS ( RUE DES )";"44,5626000";"6,0958400"
"201900023152";"27";"6";"2019";"20:40";"1";"94";"94067";"2";"7";"1";"3";"GENERAL LECLERC (CENTRE (PL DU)";"48,8465200";"2,4177600"
"201900023153";"26";"6";"2019";"00:35";"5";"92";"92024";"2";"3";"1";"1";"CLICHY (QUAI DE) DE (8 A 60)";"48,9038589";"2,2905589"
"201900023154";"5";"4";"2019";"03:40";"3";"59";"59507";"1";"1";"1";"5";"AUTOROUTE A1";"50,6028880";"3,1021400"
"201900023155";"27";"6";"2019";"18:50";"5";"988";"98818";"2";"3";"2";"3";"ROUTE DU PORT DESPOINTES";" -22,2776000";"166,4505000"
"201900023156";"19";"6";"2019";"20:04";"5";"988";"98818";"2";"3";"1";"2";"RUE CHARLES STEINMETZ";" -22,2670900";"166,4647000"
"201900023157";"29";"6";"2019";"13:40";"1";"976";"97611";"2";"4";"1";"7";"kaweni-Madrasse (rue)";" -12,7729500";"45,2209800"
"201900023158";"28";"6";"2019";"07:10";"2";"974";"97416";"2";"1";"1";"6";"N2";" -21,3421600";"55,4952400"
"201900023159";"28";"6";"2019";"07:45";"1";"974";"97411";"2";"1";"1";"6";"POMPIDOU (AVENUE GEORGES)DES)";" -20,8895500";"55,4892000"
"201900023160";"26";"6";"2019";"18:25";"3";"974";"97407";"1";"1";"2";"1";"Route du Littoral";" -20,9519000";"55,3174000"
"201900023161";"26";"6";"2019";"15:10";"1";"974";"97407";"2";"1";"2";"4";"Avenue Rico Carpaye";" -20,9494000";"55,3010600"
"201900023162";"28";"6";"2019";"22:15";"5";"973";"97302";"2";"2";"1";"5";"PREVOT (ERNEST)";"4,9330104";" -52,3328161"
"201900023163";"28";"6";"2019";"20:05";"5";"973";"97302";"2";"3";"8";"3";"MADELEINE (ROUTE DE LA)";"4,9150000";" -52,3209800"
"201900023164";"28";"6";"2019";"09:05";"1";"973";"97302";"1";"1";"1";"3";"MADELEINE (ROUTE DE LA)";"4,9146700";" -52,3208700"
"201900023165";"27";"6";"2019";"13:45";"1";"973";"97302";"2";"1";"1";"3";"RABAN (ROUTE DE)";"4,9323370";" -52,3127210"
"201900023166";"27";"6";"2019";"10:45";"1";"973";"97302";"2";"1";"1";"6";"MANGUES (RUE DES - CITE MANGUIERS)";"4,9357361";" -52,3216581"
"201900023167";"27";"6";"2019";"06:48";"2";"973";"97302";"2";"1";"8";"6";"CHATENAY (CITE)";"4,9426400";" -52,3113000"
"201900023168";"29";"6";"2019";"23:00";"5";"69";"69259";"2";"3";"1";"3";"CHARLES DE GAULLE                   (AV)";"45,7149700";"4,8955800"
"201900023169";"28";"6";"2019";"21:00";"2";"69";"69387";"2";"1";"1";"6";"MARCEL MERIEUX                      (R )";"45,7379700";"4,8297400"
"201900023170";"27";"6";"2019";"17:00";"1";"69";"69387";"2";"1";"1";"6";"COMMANDANT AYASSE                   (R )";"45,7365900";"4,8257200"
"201900023171";"27";"6";"2019";"17:00";"1";"69";"69388";"2";"1";"1";"6";"JEAN SARRAZIN                       (R )";"45,7337300";"4,8699400"
"201900023172";"26";"6";"2019";"17:20";"1";"69";"69386";"2";"1";"1";"2";"JULIETTE RECAMIER                   (R )";"45,7679900";"4,8583900"
"201900023173";"27";"6";"2019";"11:56";"1";"69";"69388";"2";"1";"1";"6";"ROCKEFELLER                         (AV)";"45,7419700";"4,8826000"
"201900023174";"26";"6";"2019";"19:55";"5";"972";"97213";"2";"1";"1";"1";"ROUTE DEPARTEMENTALE 3";"14,3860000";" -60,5929000"
"201900023175";"28";"6";"2019";"02:40";"3";"972";"97209";"1";"1";"2";"7";"Roccade 41";"14,6105700";" -61,0832000"
"201900023176";"29";"6";"2019";"19:40";"1";"69";"69034";"2";"1";"1";"6";"PASTEUR                             (R )";"45,7945700";"4,8468800"
"201900023177";"27";"6";"2019";"20:30";"1";"69";"69202";"2";"1";"1";"1";"FOURNACHE (DE LA)                   (MO)";"45,7388100";"4,8073200"
"201900023178";"26";"6";"2019";"22:00";"2";"69";"69142";"2";"2";"1";"1";"PIERRE SEMARD                       (QU)";"45,7292000";"4,8157200"
"201900023179";"18";"6";"2019";"09:44";"1";"69";"69389";"2";"1";"1";"5";"SERGENT MICHEL BERTHET (DU)         (R )";"45,7682000";"4,8054000"
"201900023180";"28";"6";"2019";"12:10";"1";"2B";"2B033";"2";"3";"1";"5";"11 - RT";"42,6649000";"9,4425000"
"201900023181";"22";"6";"2019";"00:45";"3";"971";"97101";"1";"1";"1";"6";"RN05";"16,3023200";" -61,4949100"
"201900023182";"27";"6";"2019";"16:30";"1";"2A";"2A004";"1";"6";"1";"2";"T21";"41,9316331";"8,8026227"
"201900023183";"27";"6";"2019";"18:50";"1";"95";"95585";"2";"1";"1";"6";"PERRET (AVENUE AUGUSTE )";"48,9760300";"2,3811300"
"201900023184";"28";"6";"2019";"08:00";"1";"91";"91589";"2";"2";"1";"3";"DE GAULLE (AVENUE CHARLES)";"48,6791000";"2,3458100"
"201900023185";"29";"6";"2019";"16:00";"1";"91";"91471";"2";"1";"1";"1";"SAINT JEAN DE BEAUREGARD (AVENUE)";"48,6907000";"2,1794000"
"201900023186";"29";"6";"2019";"10:25";"1";"91";"91345";"2";"1";"1";"6";"PRESIDENT FRANCOIS MITTERAND";"48,6941800";"2,2937200"
"201900023187";"27";"6";"2019";"20:40";"1";"91";"91161";"2";"1";"1";"1";"MAZARIN (AVENUE)";"48,7057200";"2,3141500"
"201900023188";"27";"6";"2019";"13:20";"1";"91";"91326";"2";"1";"1";"6";"PAUL MARAIS (RUE)";"48,6901300";"2,3773800"