"Num_Acc";"jour";"mois";"an";"hrmn";"lum";"dep";"com";"agg";"int";"atm";"col";"adr";"lat";"long"
"201900023189";"29";"6";"2019";"19:20";"1";"91";"91027";"2";"1";"7";"2";"BLUM (AVENUE LEON)";"48,7090000";"2,3828300"
"201900023190";"27";"6";"2019";"08:25";"1";"91";"91339";"2";"1";"1";"2";"RN 20";"48,6210000";"2,2590000"
"201900023191";"18";"6";"2019";"23:20";"3";"88";"88413";"2";"9";"1";"6";"rond point marcel MAUSS";"48,2921900";"6,9342200"
"201900023192";"27";"6";"2019";"20:05";"1";"86";"86194";"2";"1";"7";"3";"ROCADE EST (RD 162)";"46,5726392";"0,3705525"
"201900023193";"25";"6";"2019";"18:45";"1";"84";"84087";"2";"1";"9";"6";"BRIAND (COURS ARISTIDE)";"44,1372700";"4,8047200"
"201900023194";"14";"6";"2019";"18:15";"1";"84";"84007";"1";"1";"1";"3";"MORIERES (ROUTE DE) - MONTFAVET";"43,9497100";"4,8631500"
"201900023195";"8";"6";"2019";"16:00";"1";"84";"84007";"2";"1";"1";"3";"OULLE (Allées de l')";"43,9474800";"4,8002700"
"201900023196";"23";"6";"2019";"03:45";"5";"84";"84007";"2";"2";"1";"3";"JAURES (Cours Jean)";"43,9452000";"4,8055400"
"201900023197";"26";"6";"2019";"10:20";"1";"83";"83123";"1";"1";"1";"3";"BANDOL (ROUTE)";"43,1327100";"5,7808600"
"201900023198";"28";"6";"2019";"03:05";"5";"83";"83118";"2";"2";"1";"5";"RUE WALDECK-ROUSSEAU";"43,4239600";"6,7677100"
"201900023199";"26";"6";"2019";"11:30";"1";"83";"83061";"2";"1";"7";"3";"AVENUE DE LA CORNICHE D'AZUR";"43,3891250";"6,7251170"
"201900023200";"25";"6";"2019";"12:55";"1";"78";"78117";"2";"2";"1";"2";"MORANE-SAULNIER (AVENUE)";"48,7678400";"2,1186600"
"201900023201";"27";"6";"2019";"21:10";"1";"78";"78335";"2";"1";"1";"7";"RUE LAFARGE ";"48,9900700";"1,7486900"
"201900023202";"29";"6";"2019";"19:15";"1";"78";"78172";"2";"3";"1";"6";"CRAPOTTE (RUE ARNOULT)";"48,9949400";"2,0954300"
"201900023203";"28";"6";"2019";"18:45";"1";"78";"78172";"2";"3";"1";"3";"AMOURS (CHEMIN DES)";"49,0095360";"2,1117680"
"201900023204";"28";"6";"2019";"12:45";"1";"77";"77123";"1";"4";"1";"3";"D212 X INSERTION BRET. D9 ";"48,9895700";"2,6573000"
"201900023205";"26";"6";"2019";"12:30";"1";"77";"77118";"1";"1";"1";"4";"ROUTE NATIONALE 3";"48,9433600";"2,6645300"
"201900023206";"28";"6";"2019";"16:45";"1";"76";"76540";"1";"1";"1";"2";"MATHILDE. PONT";"49,4314200";"1,1029200"
"201900023207";"13";"6";"2019";"08:10";"1";"76";"76322";"2";"1";"1";"4";"LECLERC. AVENUE DU MARECHAL (CD 3)";"49,4178500";"1,0479400"
"201900023208";"26";"6";"2019";"09:52";"1";"76";"76540";"1";"6";"1";"7";"MADAGASCAR. RUE DE";"49,4376100";"1,0671500"
"201900023209";"28";"6";"2019";"11:20";"1";"76";"76305";"2";"3";"1";"3";"Jacques EBERHARD (Avenue)";"49,5044300";"0,2338200"
"201900023210";"26";"6";"2019";"10:50";"1";"76";"76351";"2";"3";"1";"6";"NOTRE DAME (QUAI)";"49,4873800";"0,1106600"
"201900023211";"28";"6";"2019";"11:39";"1";"74";"74010";"2";"1";"1";"6";"CHAMBERY";"45,8992500";"6,1203400"
"201900023212";"20";"6";"2019";"18:00";"1";"73";"73065";"2";"1";"1";"6";"MACONNAIS (RUE DU)";"45,5907824";"5,9179285"
"201900023213";"28";"6";"2019";"18:00";"1";"71";"71306";"2";"1";"1";"2";"MAUGRAND (BLD DE LA)";"46,6819300";"4,3612700"
"201900023214";"28";"6";"2019";"15:30";"1";"71";"71540";"1";"3";"1";"3";"BOIS DE BRION (LE)";"46,7668061";"4,4409832"
"201900023215";"26";"6";"2019";"12:15";"1";"71";"71540";"1";"3";"1";"3";"RD 680 PR 44";"46,7668171";"4,4490708"
"201900023216";"28";"6";"2019";"22:40";"5";"69";"69266";"2";"1";"1";"6";"LEON BLUM      (Rue)";"45,7629200";"4,9131500"
"201900023217";"29";"6";"2019";"00:05";"3";"69";"69091";"2";"1";"1";"3";"VICTOR HUGO ( R )";"45,5875900";"4,7711300"
"201900023218";"24";"6";"2019";"16:45";"1";"68";"68297";"2";"1";"1";"2";"LANGUEDOC ( RUE DU )";"47,5963050";"7,5592610"
"201900023219";"28";"6";"2019";"17:10";"1";"68";"68224";"2";"3";"1";"1";"GUNSBACH (RUE DE)";"47,7691710";"7,3234970"
"201900023220";"21";"6";"2019";"23:35";"5";"68";"68066";"2";"9";"1";"6";"CAVALERIE (RUE DE LA)";"48,0820100";"7,3605500"
"201900023221";"20";"6";"2019";"08:50";"1";"68";"68066";"2";"1";"1";"3";"DE GAULLE (AVENUE DU GENERAL)";"48,0722900";"7,3383100"
"201900023222";"8";"6";"2019";"09:12";"1";"68";"68066";"2";"1";"1";"2";"ALSACE (RUE D')";"48,0722060";"7,3658170"
"201900023223";"27";"6";"2019";"15:40";"1";"68";"68066";"2";"2";"1";"3";"INGERSHEIM (ROUTE D')";"48,0845700";"7,3423100"
"201900023224";"25";"6";"2019";"07:46";"1";"68";"68066";"2";"6";"7";"2";"CURIE (RUE)";"48,1072780";"7,3761120"
"201900023225";"27";"6";"2019";"14:40";"1";"67";"67365";"2";"1";"1";"2";"LINGOLSHEIM (RUE DE)";"48,5486370";"7,6999929"
"201900023226";"26";"6";"2019";"22:40";"5";"67";"67043";"2";"9";"1";"6";"CHANTIERS (RUE DES)";"48,6142430";"7,7605990"
"201900023227";"25";"6";"2019";"12:05";"1";"67";"67482";"2";"1";"1";"6";"GENERAL DE GAULLE (AVENUE DU)";"48,5792000";"7,7692400"
"201900023228";"24";"6";"2019";"13:50";"1";"67";"67482";"2";"3";"1";"5";"ROBERTSAU (ALLEE DE LA)";"48,5877860";"7,7648160"
"201900023229";"24";"6";"2019";"17:56";"1";"67";"67180";"1";"3";"1";"2";"RD263";"48,7867200";"7,7510100"
"201900023230";"26";"6";"2019";"01:45";"4";"66";"66136";"1";"1";"1";"6";"Départementale  617";"42,7118290";"2,9653010"
"201900023231";"29";"6";"2019";"18:05";"1";"64";"64445";"2";"2";"1";"6";"LOUP DU";"43,3195700";" -0,3484800"
"201900023232";"28";"6";"2019";"11:30";"1";"64";"64445";"2";"3";"1";"3";"REGINA";"43,3004900";" -0,3462100"
"201900023233";"28";"6";"2019";"09:30";"1";"64";"64445";"2";"9";"1";"3";"GASTON PHOEBUS";"43,3024000";" -0,3793800"
"201900023234";"27";"6";"2019";"09:35";"1";"64";"64445";"2";"1";"7";"2";"AMEDEE ROUSSILLE";"43,2934000";" -0,3826500"
"201900023235";"29";"6";"2019";"05:05";"5";"64";"64125";"2";"1";"1";"6";"GARE (RUE DE LA)";"43,4303800";" -1,5907000"
"201900023236";"26";"6";"2019";"17:50";"1";"64";"64122";"2";"1";"1";"1";"PELLETIER (RUE DE)";"43,4667700";" -1,5430100"
"201900023237";"27";"6";"2019";"12:10";"1";"62";"62617";"2";"1";"1";"6";"SALENGRO (RUE ROGER)";"50,4744856";"2,6582777"
"201900023238";"27";"6";"2019";"17:20";"1";"62";"62108";"2";"9";"1";"2";"DOCTEUR QUETTIER";"50,4108400";"1,5671700"
"201900023239";"27";"6";"2019";"15:50";"1";"59";"59421";"2";"2";"7";"3";"LONDRES (RUE DE)22A82-11A69-122A258-89A2";"50,7042893";"3,1354326"
"201900023240";"26";"6";"2019";"20:10";"1";"59";"59327";"2";"6";"1";"3";"PECQUENCOURT (RUE DE)";"50,3848100";"3,1761200"
"201900023241";"15";"6";"2019";"10:10";"1";"59";"59456";"1";"1";"7";"1";"D25";"50,3759100";"3,2080100"
"201900023242";"26";"6";"2019";"08:45";"1";"57";"57757";"2";"1";"1";"6";"Nations (Avenue)";"49,3537800";"6,1795300"
"201900023243";"25";"6";"2019";"08:05";"1";"57";"57672";"2";"1";"1";"6";"ALBERT 1ER (AVENUE) - IMPAIR";"49,3663400";"6,1687500"
"201900023244";"25";"6";"2019";"10:20";"1";"56";"56260";"2";"1";"1";"6";"FONTAINE(RUE DE LA)";"47,6601800";" -2,7545000"
"201900023245";"27";"6";"2019";"09:35";"1";"56";"56121";"2";"6";"1";"3";"MULLER ( DU COLONEL JEAN )";"47,7659000";" -3,4006300"
"201900023246";"27";"6";"2019";"08:40";"1";"56";"56098";"2";"1";"1";"4";"REPUBLIQUE (RUE DE LA )";"47,7569300";" -3,3448500"
"201900023247";"26";"6";"2019";"15:40";"1";"56";"56162";"2";"1";"1";"3";"KERVAM (RUE DE)";"47,7350400";" -3,4282000"
"201900023248";"11";"6";"2019";"16:30";"1";"54";"54547";"2";"3";"2";"3";"LILAS (ALLEE DES)";"48,6619200";"6,1853000"
"201900023249";"21";"6";"2019";"20:00";"1";"53";"53130";"2";"3";"1";"3";"ROME ( RUE DE )";"48,0537600";" -0,7367000"
"201900023250";"28";"6";"2019";"23:05";"5";"51";"51454";"2";"1";"1";"6";"RUE JACQUES DE LA GIRAUDIERE";"49,2412199";"4,0821451"
"201900023251";"28";"6";"2019";"11:50";"1";"50";"50002";"2";"2";"1";"3";"PERIERS (ROUTE DE)";"49,1145800";" -1,1266400"
"201900023252";"28";"6";"2019";"07:57";"1";"50";"50129";"2";"1";"1";"4";"ABBAYE (RUE DE L')";"49,6466900";" -1,6423100"
"201900023253";"27";"6";"2019";"09:06";"1";"49";"49007";"2";"2";"1";"3";"BIRGE BOULEVARD";"47,4794000";" -0,5213100"
"201900023254";"26";"6";"2019";"06:56";"1";"49";"49015";"2";"1";"1";"1";"RAFFOUX CHEMIN";"47,5038200";" -0,5720600"
"201900023255";"29";"6";"2019";"16:10";"1";"45";"45234";"2";"3";"1";"3";"PLACE DOMREMY - RUE SAINT MARCEAU";"47,8898023";"1,9056968"
"201900023256";"28";"6";"2019";"21:10";"1";"45";"45147";"2";"3";"1";"3";"R DU FG BANNIER - R A BECQUEREL";"47,9242524";"1,8971047"
"201900023257";"28";"6";"2019";"17:50";"1";"45";"45147";"2";"1";"1";"2";"AV DE LA LIBERATION";"47,9351200";"1,8960700"
"201900023258";"27";"6";"2019";"17:20";"2";"45";"45234";"2";"1";"1";"6";"R DE LA GENDARMERIE";"47,9117900";"1,9177300"
"201900023259";"27";"6";"2019";"14:10";"1";"45";"45234";"2";"3";"1";"6";"AV P SEGELLE - R DE LA MANUFACTURE";"47,9043300";"1,9155500"
"201900023260";"30";"6";"2019";"00:57";"5";"45";"45208";"2";"3";"1";"7";"AV DU D P SZIGETI - R DE LA PIERRIERE";"47,9953330";"2,7250550"
"201900023261";"28";"6";"2019";"13:28";"1";"45";"45208";"2";"1";"1";"3";"RUE ANDRE COQUILLET";"47,9891000";"2,7324000"
"201900023262";"27";"6";"2019";"08:00";"1";"45";"45068";"2";"9";"1";"7";"R DE LA PONTONNERIE";"48,0035200";"2,7139200"
"201900023263";"6";"5";"2019";"07:50";"1";"44";"44162";"2";"6";"1";"3";"RM75 / rue de la johardière";"47,2270400";" -1,6514300"
"201900023264";"25";"6";"2019";"09:20";"1";"42";"42218";"2";"1";"1";"3";"LYON RUE DE";"45,4356800";"4,4381300"
"201900023265";"21";"6";"2019";"15:37";"1";"42";"42218";"2";"2";"1";"3";"MONTAT (DE LA) A PARTIR Nø 86-93";"45,4431200";"4,4128600"
"201900023266";"22";"6";"2019";"18:45";"1";"41";"41295";"2";"3";"1";"3";"Rue des Paradis";"47,5829600";"1,3794400"
"201900023267";"27";"6";"2019";"06:10";"1";"39";"39198";"2";"1";"1";"2";"ARENES (RUE DES) N° IMPAIRS";"47,0905000";"5,4905200"
"201900023268";"29";"6";"2019";"12:50";"1";"38";"38421";"2";"1";"1";"6";"SADOUL (RUE G.)";"45,1855700";"5,7690500"
"201900023269";"27";"6";"2019";"13:13";"1";"37";"37261";"2";"3";"1";"3";"HAUY (RUE VALENTIN)";"47,4149007";"0,6866387"
"201900023270";"29";"6";"2019";"17:30";"1";"35";"35238";"1";"9";"1";"2";"RN136";"48,1137790";" -1,7187840"
"201900023271";"29";"6";"2019";"17:35";"1";"35";"35238";"1";"1";"1";"4";"PORTE DE LORIENT";"48,1066700";" -1,7170700"
"201900023272";"28";"6";"2019";"13:44";"1";"35";"35238";"2";"1";"7";"6";"GAYEULLES (AVENUE DES)";"48,1315600";" -1,6523800"
"201900023273";"28";"6";"2019";"13:10";"1";"35";"35238";"2";"2";"1";"3";"TRASBOT (ANDRE)";"48,1000000";" -1,7086400"
"201900023274";"28";"6";"2019";"09:45";"1";"35";"35051";"1";"3";"1";"3";"FOUGERES (ROUTE DE)";"48,1458454";" -1,6073237"
"201900023275";"28";"6";"2019";"02:10";"5";"35";"35238";"2";"1";"1";"6";"MARTENOT";"48,1131400";" -1,6740000"
"201900023276";"27";"6";"2019";"17:10";"1";"35";"35051";"1";"6";"1";"2";"SAINT-SULPICE (RD 97)";"48,1412690";" -1,6279130"
"201900023277";"27";"6";"2019";"16:35";"1";"35";"35238";"1";"1";"1";"4";"PORTE DE NANTES";"48,0810400";" -1,6749800"
"201900023278";"26";"6";"2019";"23:30";"5";"35";"35278";"1";"9";"1";"6";"SAINT VINCENT (AVENUE)";"48,1435300";" -1,6852100"
"201900023279";"28";"6";"2019";"18:25";"1";"34";"34172";"2";"2";"1";"3";"LIBERTE (AVENUE DE LA";"43,6113700";"3,8287400"
"201900023280";"27";"7";"2019";"15:15";"1";"87";"87065";"1";"1";"3";"4";"AUTOROUTE A20";"45,8063500";"1,2977500"
"201900023281";"12";"5";"2019";"18:20";"1";"86";"86066";"2";"3";"1";"3";"PLESSARD (RUE CHARLES)";"46,7994100";"0,5341400"
"201900023282";"30";"7";"2019";"21:20";"1";"80";"80021";"2";"1";"1";"3";"68, BD D'ALSACE LORRAINE ";"49,8938200";"2,3089000"
"201900023283";"29";"7";"2019";"13:20";"1";"76";"76259";"2";"1";"1";"6";"DE GAULLE ( PLACE CHARLES)";"49,7575000";"0,3763300"
"201900023284";"31";"7";"2019";"05:05";"5";"69";"69290";"2";"1";"1";"6";"MIONS (DE)                          (RO)";"45,6842000";"4,9477000"
"201900023285";"26";"7";"2019";"10:11";"1";"69";"69256";"2";"9";"7";"6";"GABRIEL PERI                        (AV)";"45,7787000";"4,9167000"
"201900023286";"29";"7";"2019";"19:45";"2";"69";"69264";"2";"2";"1";"1";"VERDUN  RUE DE";"45,9882800";"4,7333000"
"201900023287";"29";"7";"2019";"10:30";"1";"67";"67482";"2";"3";"1";"1";"MITTELHAUSBERGEN (ROUTE DE)";"48,5940770";"7,7202400"
"201900023288";"31";"7";"2019";"15:45";"1";"64";"64260";"2";"3";"1";"3";"MER (BOULEVARD DE LA)";"43,3742359";" -1,7687888"
"201900023289";"31";"7";"2019";"12:30";"1";"64";"64545";"1";"1";"1";"2";"CORNICHE (ROUTE DE LA)";"43,3940738";" -1,6907106"
"201900023290";"31";"7";"2019";"18:00";"1";"59";"59098";"1";"1";"1";"2";"OBLARDS (CHEMIN DES)";"50,7566888";"3,0676478"
"201900023291";"31";"7";"2019";"18:20";"1";"59";"59350";"2";"2";"1";"1";"BELFORT BOULEVARD DE";"50,6238800";"3,0803400"
"201900023292";"30";"7";"2019";"08:50";"1";"59";"59378";"2";"1";"1";"1";"CHATEAUX RUE DES";"50,6558000";"3,1115600"
"201900023293";"27";"7";"2019";"19:05";"1";"57";"57672";"2";"6";"1";"3";"ROMAINS (ROUTE DES)";"49,3645000";"6,1415100"
"201900023294";"30";"7";"2019";"18:20";"1";"56";"56098";"2";"1";"1";"6";"NORMANDIE NIEMEN ( BD )";"47,7622000";" -3,3562900"
"201900023295";"30";"7";"2019";"12:00";"1";"56";"56107";"2";"1";"1";"1";"Rue de Kerguélen";"47,7059200";" -3,4017700"
"201900023296";"30";"7";"2019";"20:10";"2";"54";"54482";"2";"1";"1";"6";"MARIN (VIADUC LOUIS)";"48,7043610";"6,1948970"
"201900023297";"30";"7";"2019";"23:52";"5";"51";"51454";"2";"9";"1";"6";"AVENUE PAUL MARCHANDEAU";"49,2440722";"4,0276500"
"201900023298";"18";"7";"2019";"14:53";"1";"44";"44135";"1";"6";"1";"3";"BD ATLANTIQUE / RUE DE L'ARC EN CIEL";"47,2779000";" -2,4383500"
"201900023299";"31";"7";"2019";"20:55";"1";"37";"37261";"2";"1";"1";"7";"GANCE (BOULEVARD ABEL)";"47,4106300";"0,7207800"
"201900023300";"31";"7";"2019";"05:40";"5";"35";"35238";"2";"9";"1";"6";"LORIENT (DE)";"48,1072780";" -1,7193850"
"201900023301";"31";"7";"2019";"00:00";"5";"33";"33063";"2";"3";"1";"3";"Av Charles de Gaulle / R. François Mauriac (Caudéran)";"44,8502970";" -0,6055220"
"201900023302";"30";"7";"2019";"08:50";"1";"33";"33192";"2";"2";"1";"3";"2 RUE DE CANTARANNE";"44,7818800";" -0,6238100"
"201900023303";"30";"7";"2019";"07:15";"1";"33";"33281";"2";"2";"1";"3";"AVE DU MARECHAL JUIN";"44,8153400";" -0,6386400"
"201900023304";"30";"7";"2019";"17:49";"1";"31";"31555";"2";"1";"1";"6";"SEVERAC (BD DEODAT DE) DU 1AU 71";"43,5863000";"1,4268400"
"201900023305";"30";"7";"2019";"20:30";"1";"29";"29151";"1";"9";"1";"7";"RN12";"48,5948280";" -3,8238299"
"201900023306";"31";"7";"2019";"00:15";"5";"26";"26362";"2";"1";"1";"3";"GAULLE BOULEVARD DU GENERAL DE";"44,9302890";"4,8940050"
"201900023307";"30";"7";"2019";"13:05";"1";"26";"26198";"1";"2";"1";"6";"LAGARDE (rue Joseph)";"44,5262100";"4,7398500"
"201900023308";"19";"7";"2019";"10:50";"1";"17";"17299";"2";"1";"1";"6";"HUIT MAI 1945 AVENUE DU";"45,9553890";" -0,9690980"
"201900023309";"30";"7";"2019";"12:20";"1";"14";"14715";"2";"1";"1";"6";"FERNAND MOUREAUX (BOULEVARD)";"49,3632300";"0,0847000"
"201900023310";"31";"7";"2019";"10:00";"1";"13";"13019";"1";"1";"1";"1";"CD6";"43,4245212";"5,3787789"
"201900023311";"30";"7";"2019";"16:50";"1";"13";"13117";"2";"2";"1";"3";"GLACIERE ( RUE DE LA )";"43,4232400";"5,2411700"
"201900023312";"28";"7";"2019";"05:00";"5";"13";"13214";"2";"1";"1";"6";"GIBBES (CHEMIN DE)";"43,3222200";"5,3809000"
"201900023313";"30";"7";"2019";"16:00";"1";"6";"06069";"2";"1";"1";"7";"SAINTE LORETTE (AVENUE ET TRAVERSE)";"43,6520500";"6,9215800"
"201900023314";"31";"7";"2019";"18:45";"1";"6";"06027";"2";"1";"1";"3";"VAL FLEURI CHEMIN DU";"43,6705900";"7,1640900"
"201900023315";"31";"7";"2019";"16:15";"1";"75";"75113";"2";"7";"1";"6";"RUE DE LA FONTAINE A MULARD";"48,8223521";"2,3471438"
"201900023316";"28";"7";"2019";"14:12";"1";"75";"75119";"2";"7";"1";"6";"PLACE DES FETES";"48,8773851";"2,3930323"
"201900023317";"31";"7";"2019";"15:23";"1";"75";"75106";"2";"2";"1";"3";"RUE DE SEINE";"48,8514710";"2,3370410"
"201900023318";"31";"7";"2019";"01:15";"5";"75";"75120";"2";"2";"1";"3";"BOULEVARD DAVOUT";"48,8535100";"2,4107771"
"201900023319";"31";"7";"2019";"18:40";"1";"75";"75119";"2";"3";"1";"3";"AVENUE JEAN JAURES";"48,8829419";"2,3706812"
"201900023320";"30";"7";"2019";"21:20";"2";"75";"75118";"2";"2";"1";"3";"BOULEVARD BARBES";"48,8915652";"2,3495969"
"201900023321";"30";"7";"2019";"13:10";"1";"75";"75116";"2";"7";"1";"2";"PLACE DE VARSOVIE";"48,8603730";"2,2912130"
"201900023322";"31";"7";"2019";"09:13";"1";"75";"75114";"2";"2";"1";"5";"BOULEVARD ROMAIN ROLLAND";"48,8197860";"2,3257700"
"201900023323";"31";"7";"2019";"21:55";"5";"75";"75107";"2";"2";"1";"6";"RUE DE CONSTANTINE";"48,8599505";"2,3148376"
"201900023324";"30";"7";"2019";"20:50";"2";"94";"94081";"2";"3";"1";"3";"ANATOLE FRANCE (AV)";"48,8000000";"2,4000000"
"201900023325";"30";"7";"2019";"12:30";"1";"94";"94068";"2";"2";"1";"3";"BAC (AV DU)";"48,7927130";"2,5167006"
"201900023326";"31";"7";"2019";"19:30";"1";"94";"94076";"2";"1";"1";"6";"YOURI GAGARINE (R)";"48,7856200";"2,3573200"
"201900023327";"31";"7";"2019";"20:00";"1";"94";"94004";"2";"4";"1";"3";"GENERAL LECLERC (AV)";"48,7494000";"2,5084000"
"201900023328";"30";"7";"2019";"22:25";"3";"93";"93077";"2";"1";"1";"1";"PLATEAU (RUE DU)";"48,8751917";"2,5231584"
"201900023329";"31";"7";"2019";"21:25";"1";"93";"93053";"2";"2";"1";"2";"ROSNY (AVENUE DE) N° 2 A 54 BIS";"48,8888400";"2,4714100"
"201900023330";"30";"7";"2019";"22:30";"5";"93";"93048";"2";"1";"1";"6";"RESISTANCE (AVENUE DE LA)";"48,8635000";"2,4366000"
"201900023331";"31";"7";"2019";"00:45";"5";"93";"93027";"2";"1";"1";"2";"BARBUSSE (AVENUE HENRI)";"48,9317000";"2,3943300"
"201900023332";"31";"7";"2019";"19:10";"1";"93";"93010";"2";"1";"1";"2";"REPUBLIQUE (AV. DE LA) 36 A 90";"48,8997950";"2,4792670"
"201900023333";"30";"7";"2019";"12:30";"1";"93";"93010";"2";"1";"1";"6";"POLISSARD (RUE AUGUSTE)";"48,9046198";"2,4812105"
"201900023334";"26";"7";"2019";"18:20";"1";"92";"92004";"2";"9";"1";"6";"PROMENADE (VOIE) (87 AU 117)";"48,9123420";"2,2859810"
"201900023335";"31";"7";"2019";"17:30";"1";"92";"92050";"2";"2";"1";"3";"JOLIOT CURIE F. ET IRENE AVENUE  N°PAIRS";"48,8937422";"2,2121386"
"201900023336";"31";"7";"2019";"14:00";"1";"92";"92050";"2";"6";"1";"2";"CHAMPS PIERREUX AVENUE DES";"48,8879920";"2,2130330"
"201900023337";"29";"7";"2019";"18:20";"1";"92";"92050";"2";"1";"1";"2";"JOFFRE MARECHAL AVENUE DU";"48,8852580";"2,1954400"
"201900023338";"31";"7";"2019";"14:15";"1";"92";"92040";"2";"1";"1";"3";"GALLIENI (BOULEVARD)";"48,8236010";"2,2679360"
"201900023339";"31";"7";"2019";"20:35";"2";"92";"92012";"2";"1";"1";"2";"EDOUARD VAILLANT (AVENUE) 57/FIN - 58/FI";"48,8349116";"2,2475549"
"201900023340";"30";"7";"2019";"16:56";"1";"92";"92012";"2";"1";"1";"3";"PONT DE SEVRES (ROND POINT DU)";"48,8290198";"2,2292472"
"201900023341";"31";"7";"2019";"17:15";"1";"1";"01290";"1";"9";"1";"6";"départementale 4";"45,9013759";"5,1765121"
"201900023342";"30";"7";"2019";"14:45";"1";"26";"26087";"2";"1";"1";"1";"Route de Parnans";"45,0892540";"5,1334180"
"201900023343";"31";"7";"2019";"21:40";"3";"43";"43110";"1";"1";"1";"6";"RD 588";"45,3123700";"3,4236870"
"201900023344";"1";"8";"2019";"10:15";"1";"11";"11203";"2";"1";"7";"6";"Boulevard Léon Castel";"43,2006490";"2,7504890"
"201900023345";"1";"8";"2019";"16:20";"1";"67";"67462";"1";"1";"1";"2";"D424";"48,2413590";"7,4738320"
"201900023346";"1";"8";"2019";"07:40";"1";"76";"76735";"1";"2";"1";"3";"D925";"49,8640860";"0,7710190"
"201900023347";"1";"8";"2019";"01:00";"3";"76";"76126";"1";"1";"1";"7";"RD 928";"49,6657613";"1,3349230"
"201900023348";"1";"8";"2019";"03:30";"3";"82";"82095";"1";"1";"1";"6";"d926";"44,1917090";"1,6745180"
"201900023349";"1";"8";"2019";"13:20";"1";"39";"39548";"1";"1";"1";"1";"N/A";"46,8250230";"5,7293640"
"201900023350";"1";"8";"2019";"09:00";"1";"38";"38035";"1";"1";"1";"1";"RD518";"45,5111740";"5,0798810"
"201900023351";"1";"8";"2019";"10:25";"1";"15";"15122";"2";"1";"1";"6";"2 Place de l'Europe";"44,7117640";"2,1980230"
"201900023352";"1";"8";"2019";"08:00";"1";"70";"70575";"1";"1";"1";"7";"nationale 57";"47,3458060";"6,0144930"
"201900023353";"1";"8";"2019";"12:15";"1";"26";"26056";"1";"1";"1";"6";"Chemin des Sibourgs";"44,5744620";"5,1520100"
"201900023354";"1";"8";"2019";"06:00";"2";"72";"72104";"1";"1";"1";"3";"D26";"48,2890810";"0,2644300"
"201900023355";"24";"7";"2019";"21:00";"1";"72";"72351";"1";"1";"1";"7";"La bouedrie";"48,1044420";" -0,0923970"
"201900023356";"1";"8";"2019";"13:30";"1";"72";"72278";"1";"1";"1";"1";"D 357";"48,0264770";" -0,2475150"
"201900023357";"1";"8";"2019";"10:45";"1";"64";"64490";"1";"1";"2";"7";"Route déparmentale 918";"43,2111223";" -1,2806536"
"201900023358";"1";"8";"2019";"07:15";"1";"73";"73231";"2";"1";"1";"3";"D927";"45,3488679";"6,3018893"
"201900023359";"1";"8";"2019";"03:00";"3";"18";"18138";"1";"1";"1";"6";"Le Bois des Granges";"47,0713770";"2,3015440"
"201900023360";"31";"7";"2019";"18:30";"1";"7";"07155";"1";"1";"1";"1";" la plaine des rompudes";"44,6304620";"4,3578720"
"201900023361";"31";"7";"2019";"17:30";"1";"40";"40115";"1";"2";"1";"3";"carrefour D10/D110";"43,7716000";" -0,9046790"
"201900023362";"27";"7";"2019";"14:30";"1";"85";"85221";"2";"1";"1";"1";"Rue Bonne Brise";"46,9025400";" -2,0061300"
"201900023363";"31";"7";"2019";"18:45";"1";"17";"17260";"1";"2";"1";"3";"Lieu dit Berthelot";"45,2441940";" -0,2024320"
"201900023364";"1";"8";"2019";"13:45";"1";"30";"30003";"1";"6";"1";"7";"D46";"43,5666240";"4,1916390"
"201900023365";"21";"7";"2019";"16:15";"1";"30";"30235";"2";"1";"1";"7";"D6086";"43,9266920";"4,5441280"
"201900023366";"31";"7";"2019";"16:45";"1";"30";"30228";"1";"2";"1";"3";"La Font du Boui";"43,9476139";"4,3188565"
"201900023367";"31";"7";"2019";"16:35";"1";"88";"88319";"2";"1";"1";"7";"3 rue des clos";"48,3771330";"6,9062660"
"201900023368";"1";"8";"2019";"11:50";"1";"68";"68295";"1";"1";"1";"2";"A35 PR 73";"48,0143990";"7,3753340"
"201900023369";"25";"7";"2019";"19:43";"1";"80";"80021";"1";"1";"1";"2";"Autoroute A16 - PK 129+800";"49,9157200";"2,2429330"
"201900023370";"1";"8";"2019";"16:40";"1";"31";"31488";"1";"1";"1";"4";"Autoroute A 68";"43,6515510";"1,5184130"
"201900023371";"30";"7";"2019";"17:10";"1";"67";"67309";"1";"1";"1";"2";"route de Brumath";"48,6471370";"7,7249100"
"201900023372";"31";"7";"2019";"16:00";"1";"74";"74221";"1";"1";"1";"7";"D4";"46,0005185";"6,4940585"
"201900023373";"31";"7";"2019";"17:00";"1";"44";"44026";"2";"2";"1";"3";"Rue du Tertre";"47,2622710";" -1,4994440"
"201900023374";"31";"7";"2019";"14:40";"1";"972";"97228";"1";"1";"1";"2";"RD 15";"14,7558550";" -60,9959620"
"201900023375";"1";"8";"2019";"16:15";"1";"77";"77183";"2";"4";"1";"3";"D204 X RUE G. DE MAUPASSANT";"48,9387300";"3,1275700"
"201900023376";"30";"7";"2019";"10:47";"1";"13";"13015";"2";"1";"1";"5";"Rue Edmond Rostand";"43,4408250";"5,4240470"
"201900023377";"31";"7";"2019";"16:00";"1";"26";"26041";"1";"1";"1";"2";"Autoroute A7";"45,2162520";"4,8295750"
"201900023378";"31";"7";"2019";"19:02";"1";"74";"74128";"1";"3";"1";"1";"Route de Soly";"46,1599970";"6,3183930"
"201900023379";"28";"7";"2019";"18:10";"1";"69";"69183";"1";"1";"1";"7";"CD94E PK 5";"46,0826160";"4,4265140"