"Num_Acc";"jour";"mois";"an";"hrmn";"lum";"dep";"com";"agg";"int";"atm";"col";"adr";"lat";"long"
"201900023380";"30";"7";"2019";"17:45";"1";"86";"86137";"1";"9";"1";"3";"RD 61C et D14";"47,0017270";"0,1005290"
"201900023381";"1";"8";"2019";"14:30";"1";"64";"64230";"1";"1";"1";"6";"RN 134";"43,2353250";" -0,3917270"
"201900023382";"31";"7";"2019";"16:30";"1";"76";"76608";"1";"3";"1";"1";"route du hamel";"49,5140320";"0,8228610"
"201900023383";"1";"8";"2019";"04:30";"3";"59";"59269";"1";"1";"1";"6";"D 29";"50,0551300";"3,1241540"
"201900023384";"30";"7";"2019";"09:40";"1";"83";"83137";"1";"1";"1";"2";"A57";"43,1250600";"5,9062500"
"201900023385";"31";"7";"2019";"11:35";"1";"69";"69283";"1";"1";"1";"4";"A46S   43.680 A 47.880";"45,6635000";"4,9235000"
"201900023386";"30";"7";"2019";"17:50";"1";"54";"54265";"1";"1";"1";"2";"Autoroute 33";"48,6418500";"6,1661200"
"201900023387";"30";"7";"2019";"18:45";"1";"91";"91521";"1";"1";"1";"5";"AUTOROUTE A6";"48,6304000";"2,4091000"
"201900023388";"30";"7";"2019";"16:00";"1";"91";"91521";"1";"1";"1";"3";"RN 440";"48,6412370";"2,3926310"
"201900023389";"31";"7";"2019";"17:40";"1";"78";"78043";"1";"1";"1";"6";"A12 Y";"48,8249580";"2,0747130"
"201900023390";"31";"7";"2019";"08:10";"1";"92";"92048";"1";"1";"1";"3";"N118";"48,8057480";"2,2130820"
"201900023391";"31";"7";"2019";"07:50";"1";"78";"78043";"1";"1";"1";"6";"A12 Y";"48,8387360";"2,0923860"
"201900023392";"30";"7";"2019";"19:50";"1";"95";"95572";"1";"1";"1";"6";"AUTOROUTE A15";"49,0326100";"2,1092700"
"201900023393";"30";"7";"2019";"04:35";"3";"93";"93010";"1";"1";"1";"2";"AUTOROUTE A3";"48,9154400";"2,4775600"
"201900023394";"31";"7";"2019";"18:00";"1";"94";"94046";"1";"1";"1";"2";"A86 EXT";"48,7971123";"2,4436296"
"201900023395";"20";"6";"2019";"17:10";"1";"79";"79329";"2";"1";"1";"6";"58 avenue Emile Zola";"46,9889500";" -0,2100500"
"201900023396";"9";"4";"2019";"17:23";"1";"78";"78624";"2";"1";"1";"6";"HAUTIL CHEMIN L'";"48,9988000";"2,0103900"
"201900023397";"29";"7";"2019";"17:02";"1";"63";"63113";"2";"3";"1";"6";"GANTIERE (RUE DE LA)";"45,7650100";"3,1230300"
"201900023398";"29";"7";"2019";"08:34";"1";"63";"63113";"2";"1";"1";"6";"MONTLOSIER (RUE)";"45,7814900";"3,0884900"
"201900023399";"24";"7";"2019";"16:00";"1";"63";"63075";"2";"1";"1";"2";"BERTHELOT (BOULEVARD)";"45,7807400";"3,0710300"
"201900023400";"28";"7";"2019";"19:30";"1";"63";"63113";"2";"1";"1";"3";"BLERIOT (AVENUE LOUIS)";"45,7875518";"3,1390172"
"201900023401";"1";"7";"2019";"13:00";"1";"63";"63113";"2";"6";"1";"3";"BREZET (AVENUE)/Blériot";"45,7879378";"3,1394519"
"201900023402";"25";"7";"2019";"12:01";"1";"58";"58194";"2";"1";"1";"2";"BERNARD PALISSY";"46,9860342";"3,1729800"
"201900023403";"30";"7";"2019";"01:25";"5";"34";"34172";"2";"2";"1";"2";"8 MAI 1945 (PLACE DU)";"43,6014000";"3,8687000"
"201900023404";"29";"7";"2019";"07:40";"1";"34";"34172";"2";"1";"1";"2";"LIBERTE (AVENUE DE LA";"43,6034400";"3,8656200"
"201900023405";"27";"7";"2019";"07:00";"1";"34";"34172";"2";"1";"1";"1";"GOSSEC (RUE FRANCOIS-JOSEPH)";"43,5753400";"3,8636500"
"201900023406";"19";"6";"2019";"13:15";"1";"29";"29232";"2";"1";"1";"7";"D'INDY VINCENT RUE";"48,0007940";" -4,0925146"
"201900023407";"27";"7";"2019";"15:20";"1";"93";"93005";"1";"1";"1";"2";"AUTOROUTE A3";"48,9416719";"2,4786186"
"201900023408";"30";"7";"2019";"06:20";"1";"988";"98818";"2";"2";"1";"7";"REPUBLIQUE (RUE DE LA)/FOCH (Avenue du marechal)";" -22,2686700";"166,4423100"
"201900023409";"28";"7";"2019";"12:44";"1";"976";"97611";"2";"1";"1";"6";"kaweni-Ecole primaire ( rue de l' )";" -12,7752700";"45,2217500"
"201900023410";"30";"7";"2019";"06:52";"1";"974";"97411";"2";"1";"1";"6";"Avenue Georges Pompidou";" -20,8895500";"55,4892000"
"201900023411";"28";"7";"2019";"15:10";"1";"974";"97411";"2";"2";"1";"6";"JAURES (BOULEVARD JEAN)";" -20,9026390";"55,5000480"
"201900023412";"28";"7";"2019";"17:30";"1";"974";"97409";"2";"2";"2";"3";"DUMESNIL D'ENGENTE(RUE)";" -20,9502300";"55,6512500"
"201900023413";"30";"7";"2019";"19:15";"5";"973";"97302";"2";"1";"1";"3";"MONTABO (ROUTE DE) 1";"4,9356934";" -52,2954369"
"201900023414";"30";"7";"2019";"18:45";"1";"973";"97302";"2";"1";"1";"3";"RABAN (ROUTE DE)";"4,9345710";" -52,3139763"
"201900023415";"29";"7";"2019";"11:30";"1";"973";"97302";"2";"1";"2";"6";"BADUEL (ROUTE DE)";"4,9396269";" -52,3189116"
"201900023416";"28";"7";"2019";"02:50";"5";"69";"69387";"2";"2";"3";"6";"GARIBALDI                           (R )";"45,7479400";"4,8522200"
"201900023417";"30";"7";"2019";"19:39";"1";"69";"69382";"2";"3";"1";"6";"BARRE (DE LA)                       (R )";"45,7579000";"4,8342000"
"201900023418";"30";"7";"2019";"17:10";"1";"69";"69034";"2";"1";"1";"6";"WETTE FAYS (DE)                     (CH)";"45,7887000";"4,8548000"
"201900023419";"29";"7";"2019";"19:15";"1";"69";"69382";"2";"2";"7";"6";"SUCHET                              (CO)";"45,7457800";"4,8264700"
"201900023420";"28";"7";"2019";"16:30";"1";"69";"69081";"2";"5";"1";"3";"FRANKLIN ROOSEVELT        AV";"45,7663000";"4,7693600"
"201900023421";"25";"7";"2019";"19:35";"1";"69";"69384";"2";"1";"1";"4";"JOSEPH GILLET                       (QU)";"45,7796300";"4,8115500"
"201900023422";"26";"7";"2019";"17:50";"2";"971";"97101";"1";"1";"1";"2";"Secteur Pont de la Gabarre";"16,2531100";" -61,5468900"
"201900023423";"29";"7";"2019";"15:45";"1";"971";"97120";"2";"1";"1";"3";"MARINA (ZONE COMMERCIALE)";"16,2211000";" -61,5268500"
"201900023424";"29";"7";"2019";"16:55";"1";"2A";"2A004";"1";"6";"1";"3";"T21";"41,9274300";"8,7783400"
"201900023425";"29";"7";"2019";"15:55";"1";"2A";"2A004";"2";"9";"1";"3";"MEZZAVIA ROUTE DE";"41,9475900";"8,7635100"
"201900023426";"30";"7";"2019";"16:40";"1";"95";"95607";"2";"6";"1";"3";"DIVISION LECLERC (AVENUE DE LA)";"49,0197290";"2,2225267"
"201900023427";"29";"7";"2019";"00:45";"5";"95";"95210";"2";"1";"1";"2";"DE GAULLE (RUE DU GENERAL)";"48,9693225";"2,3053586"
"201900023428";"24";"7";"2019";"19:20";"1";"91";"91549";"2";"2";"1";"3";"JACQUES DUCLOS (AVENUE)";"48,6345900";"2,3438000"
"201900023429";"18";"7";"2019";"19:00";"1";"91";"91064";"1";"4";"1";"3";"R.N. 306";"48,7686700";"2,2300700"
"201900023430";"30";"7";"2019";"02:50";"5";"91";"91114";"2";"1";"1";"6";"DUPONT-CHAUMONT (RUE)";"48,6900500";"2,4972900"
"201900023431";"29";"7";"2019";"01:41";"5";"91";"91425";"2";"1";"1";"7";"ORLEANS (ROUTE D')";"48,6442000";"2,2693000"
"201900023432";"27";"7";"2019";"05:42";"3";"91";"91103";"1";"6";"1";"6";"CD 19";"48,5945200";"2,3117700"
"201900023433";"26";"7";"2019";"19:20";"1";"91";"91425";"2";"1";"1";"2";"NATIONALE 20 (ROUTE)";"48,6502100";"2,2721900"
"201900023434";"25";"7";"2019";"12:50";"1";"88";"88424";"2";"1";"1";"1";"Alsace ( Rue d ' )";"48,2687500";"6,9802000"
"201900023435";"27";"7";"2019";"05:52";"3";"87";"87085";"1";"1";"1";"2";"RD941 (EST)";"45,8351600";"1,2109400"
"201900023436";"26";"7";"2019";"16:02";"1";"87";"87085";"2";"6";"1";"3";"310 PERRIN (RUE FRANCOIS)";"45,8243400";"1,2261500"
"201900023437";"29";"7";"2019";"14:45";"1";"85";"85191";"2";"1";"1";"6";"AVENUE ALIENOR D'AQUITAINE  (SECTEUR 310";"46,6875700";" -1,4298800"
"201900023438";"28";"7";"2019";"06:00";"5";"84";"84007";"2";"1";"1";"6";"QUAI DE LA LIGNE (Boulevard du)";"43,9532300";"4,8053300"
"201900023439";"24";"7";"2019";"01:35";"5";"84";"84007";"2";"2";"1";"1";"C.De GAULLE (Rocade)";"43,9339400";"4,8316900"
"201900023440";"30";"7";"2019";"09:30";"1";"83";"83137";"2";"6";"1";"3";"PRUNEAU (AVE GENERAL)";"43,1210900";"5,9558600"
"201900023441";"17";"6";"2019";"19:53";"2";"83";"83126";"2";"1";"1";"6";"BRETAGNE (BD DE)";"43,0701800";"5,9102700"
"201900023442";"28";"7";"2019";"22:05";"1";"80";"80021";"2";"1";"1";"6";"BALZAC (RUE)";"49,9093000";"2,3181500"
"201900023443";"30";"7";"2019";"11:38";"1";"79";"79329";"2";"3";"8";"3";"Rue Pierre Loti";"46,9820700";" -0,2060200"
"201900023444";"29";"7";"2019";"23:00";"5";"78";"78172";"2";"8";"1";"3";"PORTE DE PONTOISE (RUE DE LA)";"48,9957580";"2,0908480"
"201900023445";"29";"7";"2019";"19:10";"1";"78";"78498";"2";"3";"1";"3";"ROBESPIERRE BD";"48,9333600";"2,0492100"
"201900023446";"26";"7";"2019";"16:00";"1";"77";"77450";"2";"3";"1";"3";"N19 X RUE DES ROSES";"48,7144220";"2,5761120"
"201900023447";"28";"7";"2019";"00:15";"3";"77";"77226";"1";"1";"1";"6";"D39-BARBEAUX (ROUTE DE)";"48,4606398";"2,7721362"
"201900023448";"28";"7";"2019";"20:40";"1";"76";"76540";"2";"1";"1";"2";"EUROPE. BOULEVARD DE L'";"49,4341400";"1,0772000"
"201900023449";"27";"7";"2019";"11:40";"1";"76";"76108";"2";"2";"1";"3";"JUIN. AVENUE DU MARECHAL";"49,4639590";"1,1160900"
"201900023450";"26";"7";"2019";"23:45";"5";"76";"76108";"1";"1";"1";"7";"BRETEQUE. CHEMIN DE LA";"49,4731900";"1,1126800"
"201900023451";"23";"7";"2019";"07:18";"1";"76";"76305";"1";"1";"1";"7";"RD 6015";"49,5127800";"0,2132000"
"201900023452";"30";"4";"2019";"16:35";"1";"77";"77332";"1";"1";"1";"7";"RD 9";"49,0098300";"2,6931300"
"201900023453";"29";"4";"2019";"23:15";"3";"77";"77462";"1";"1";"1";"2";"ROUTE NATIONALE 2";"49,0144790";"2,6569105"
"201900023454";"8";"5";"2019";"10:30";"1";"77";"77319";"1";"1";"8";"1";"D231";"48,5819800";"3,2408300"
"201900023455";"24";"5";"2019";"20:30";"1";"77";"77083";"2";"2";"1";"3";"NEWTON (BOULEVARD)";"48,8428000";"2,5860400"
"201900023456";"15";"5";"2019";"22:50";"3";"77";"77121";"1";"1";"1";"7";"DEPARTEMENTALE 471 (ROUTE)";"48,8255200";"2,6822300"
"201900023457";"2";"5";"2019";"16:29";"1";"77";"77083";"2";"1";"2";"3";"PYRAMIDES (AVENUE DES)";"48,8505518";"2,5851298"
"201900023458";"28";"4";"2019";"09:45";"1";"77";"77169";"2";"6";"1";"3";"EMERY (RUE D')";"48,8103900";"2,6213500"
"201900023459";"12";"5";"2019";"09:30";"1";"77";"77210";"1";"3";"7";"3";"D606 X D28A";"48,3612900";"2,8885700"
"201900023460";"8";"5";"2019";"12:35";"1";"77";"77210";"1";"1";"8";"1";"D210";"48,4183800";"2,9129500"
"201900023461";"14";"5";"2019";"17:55";"1";"77";"77335";"2";"1";"1";"4";"D603-CHAUSSEE DE PARIS (RUE DE LA)";"48,9560200";"2,8623500"
"201900023462";"7";"5";"2019";"21:45";"5";"77";"77284";"1";"2";"1";"2";"D603 X ALLEE DES PLATANES";"48,9573200";"2,9318600"
"201900023463";"26";"5";"2019";"17:50";"1";"77";"77059";"2";"1";"1";"6";"D217B-GUERMANTES  (RUE DE  )";"48,8502000";"2,6703000"
"201900023464";"23";"5";"2019";"11:05";"1";"77";"77372";"1";"3";"1";"3";"D934 X LIBERATION (RUE DE  LA)";"48,8823881";"2,6533917"
"201900023465";"8";"5";"2019";"10:10";"1";"77";"77464";"2";"1";"3";"6";"D105B-SALVATRES  (RUE DES  )";"48,8981235";"2,7172914"
"201900023466";"6";"5";"2019";"12:50";"1";"77";"77085";"2";"2";"1";"3";"D5 X AV. DU CHENE ST FIACRE";"48,8549969";"2,7466654"
"201900023467";"5";"5";"2019";"13:48";"1";"77";"77155";"2";"3";"3";"1";"D105B X RUE D. LEDUC";"48,8894224";"2,7325298"
"201900023468";"19";"4";"2019";"09:40";"1";"77";"77131";"2";"2";"1";"6";"PECHERIE (RUE DE LA)";"48,8125500";"3,0833000"
"201900023469";"25";"4";"2019";"12:31";"1";"77";"77268";"1";"3";"2";"3";"D344 X RUE MOULIN A VENT";"48,8670940";"2,8075710"
"201900023470";"8";"5";"2019";"10:10";"1";"77";"77132";"2";"9";"2";"1";"ROBERT SHUMAN ( AVENUE )";"48,8637830";"2,7908810"
"201900023471";"24";"5";"2019";"21:40";"3";"76";"76484";"2";"1";"1";"7";"CURIE. RUE PIERRE";"49,3491000";"1,0878700"
"201900023472";"24";"5";"2019";"20:40";"1";"76";"76540";"2";"1";"1";"7";"GRAND MARE. AVENUE DE LA";"49,4608100";"1,1328900"
"201900023473";"18";"5";"2019";"06:10";"5";"76";"76540";"1";"1";"1";"7";"LYONS LA FORET. ROUTE DE";"49,4368300";"1,1280100"
"201900023474";"16";"5";"2019";"16:36";"1";"76";"76540";"2";"1";"1";"6";"MATHILDE. PONT";"49,4352500";"1,1062600"
"201900023475";"17";"5";"2019";"00:25";"3";"76";"76391";"1";"1";"1";"7";"ROUTE FORESTIERE DE LA LOUVETERIE";"49,3329526";"0,9178144"
"201900023476";"15";"5";"2019";"19:45";"1";"76";"76474";"2";"2";"1";"3";"DIEPPE. ROUTE DE (RN 27)";"49,4917400";"1,0489000"
"201900023477";"11";"5";"2019";"02:00";"5";"76";"76231";"2";"1";"1";"3";"MOULIN SAINT ETIENNE. RUE DU";"49,2920700";"0,9996500"
"201900023478";"3";"5";"2019";"18:00";"1";"76";"76575";"2";"1";"1";"6";"VAL L'ABBE. RUE DU";"49,3807200";"1,1004900"
"201900023479";"23";"4";"2019";"17:00";"1";"76";"76575";"2";"1";"1";"6";"RUE JULIAN GRIMAU";"49,3893400";"1,0921200"
"201900023480";"27";"4";"2019";"16:30";"1";"76";"76231";"2";"1";"1";"2";"GAULLE. RUE DU GENERAL DE";"49,2856500";"1,0112300"
"201900023481";"28";"4";"2019";"08:19";"1";"76";"76322";"1";"1";"1";"7";"VOIE RAPIDE SUD 3 (RN 338)";"49,4005800";"1,0320700"
"201900023482";"24";"2";"2019";"15:50";"1";"76";"76575";"2";"1";"1";"3";"CROIZAT. AVENUE AMBROISE";"49,3741600";"1,1027300"
"201900023483";"6";"3";"2019";"13:05";"1";"76";"76561";"2";"1";"1";"1";"VILLERS. AVENUE LOUIS";"49,3082100";"1,0385700"
"201900023484";"15";"5";"2019";"01:30";"5";"76";"76108";"2";"1";"1";"7";"CASSIOPEE (Avenue)";"49,4744700";"1,1308000"
"201900023485";"7";"5";"2019";"23:10";"5";"76";"76216";"2";"2";"1";"3";"CARNOT. AVENUE";"49,4550000";"1,0574600"
"201900023486";"7";"5";"2019";"13:15";"1";"76";"76681";"2";"1";"1";"2";"PARIS. RUE DE";"49,4078600";"1,1016000"
"201900023487";"1";"5";"2019";"12:10";"1";"76";"76540";"2";"3";"1";"3";"MARTYRS DE LA RESISTANCE. AVENUE";"49,4207400";"1,0789800"
"201900023488";"1";"5";"2019";"19:30";"1";"76";"76540";"2";"1";"1";"7";"GUILLAUME LE CONQUERANT. RAMPE";"49,4411500";"1,0814900"
"201900023489";"25";"5";"2019";"09:20";"1";"76";"76447";"2";"1";"1";"3";"PRESIDENT WILSON";"49,5397400";"0,1784300"
"201900023490";"25";"5";"2019";"09:35";"1";"76";"76351";"2";"2";"1";"3";"DOCTEUR CALMETTE";"49,5123762";"0,0998238"
"201900023491";"21";"5";"2019";"16:45";"1";"76";"76351";"2";"3";"1";"2";"JEAN JAURES (AVENUE)";"49,5008739";"0,1781416"
"201900023492";"20";"5";"2019";"19:48";"1";"76";"76305";"2";"6";"1";"3";"OUDALLE (ROUTE)";"49,5039500";"0,2022200"
"201900023493";"15";"5";"2019";"18:55";"1";"76";"76351";"2";"2";"1";"2";"ARMAND BARBES";"49,4998600";"0,1503300"
"201900023494";"16";"5";"2019";"00:55";"5";"76";"76351";"2";"1";"1";"6";"GUILLEMARD";"49,4968600";"0,0941200"
"201900023495";"14";"5";"2019";"13:40";"1";"76";"76351";"2";"2";"1";"6";"RENE COTY";"49,4971700";"0,1117800"
"201900023496";"13";"5";"2019";"18:10";"1";"76";"76351";"2";"9";"1";"6";"CHARLES LAFFITTE";"49,4929200";"0,1283000"
"201900023497";"11";"5";"2019";"22:35";"5";"76";"76351";"2";"3";"1";"6";"RAFFINERIES (DES)";"49,4916800";"0,1421100"
"201900023498";"3";"5";"2019";"22:30";"5";"76";"76351";"2";"2";"1";"3";"BOIS AU COQ (RUE)";"49,5110800";"0,1286700"
"201900023499";"3";"5";"2019";"22:00";"1";"76";"76351";"2";"2";"1";"3";"VERDUN (RUE DE)";"49,5023900";"0,1726500"
"201900023500";"3";"5";"2019";"11:10";"1";"76";"76351";"2";"3";"1";"7";"CLEMENCEAU (BD)";"49,4896900";"0,0977300"
"201900023501";"30";"4";"2019";"18:05";"1";"76";"76351";"2";"1";"1";"1";"IRENE JOLIOT CURIE (RUE)";"49,5062000";"0,1004100"
"201900023502";"26";"4";"2019";"16:10";"1";"76";"76351";"2";"1";"1";"6";"AMIRAL MOUCHEZ (BD)";"49,4861000";"0,1400900"
"201900023503";"30";"5";"2019";"01:55";"5";"76";"76217";"2";"1";"1";"6";"LIBERATION (AVENUE DE LA)";"49,9243300";"1,1071900"
"201900023504";"9";"5";"2019";"12:05";"1";"76";"76217";"2";"2";"1";"3";"Normandie Sussex (Avenue)";"49,9168500";"1,0888600"
"201900023505";"21";"5";"2019";"19:40";"1";"76";"76384";"1";"6";"1";"6";"RADICATEL (ROUTE DE)";"49,4853805";"0,5332714"
"201900023506";"27";"5";"2019";"07:45";"1";"74";"74281";"2";"1";"1";"3";"PRES VERTS (AVENUE DES)";"46,3795880";"6,4928120"
"201900023507";"19";"5";"2019";"17:25";"1";"74";"74218";"2";"1";"2";"6";"VIGNES ROUGES (RUE DES)";"46,3871400";"6,5201800"
"201900023508";"15";"5";"2019";"01:10";"5";"74";"74281";"2";"1";"1";"6";"CORNICHE (BD DE LA) SUPERIEUR N°20";"46,3695800";"6,4665200"
"201900023509";"29";"5";"2019";"08:40";"1";"74";"74012";"2";"2";"1";"3";"AMOUREUX (RUE DES)";"46,1908400";"6,2361400"
"201900023510";"28";"5";"2019";"19:40";"1";"74";"74012";"2";"1";"8";"2";"VALLEES (ROUTE DES)";"46,1914500";"6,2503500"
"201900023511";"22";"5";"2019";"21:24";"2";"74";"74012";"2";"1";"1";"2";"GENEVE (RUE DE)";"46,1930000";"6,2280000"
"201900023512";"20";"5";"2019";"14:55";"1";"74";"74012";"2";"1";"2";"6";"ETREMBIERES (ROUTE D')";"46,1856370";"6,2305144"
"201900023513";"20";"5";"2019";"01:26";"5";"74";"74012";"2";"1";"1";"7";"VALLEES (ROUTE DES)";"46,1916500";"6,2488300"
"201900023514";"18";"5";"2019";"02:12";"5";"74";"74012";"2";"1";"2";"6";"ROMAGNY (RUE DE)";"46,1969940";"6,2497010"
"201900023515";"17";"5";"2019";"15:20";"1";"74";"74133";"2";"2";"2";"3";"CHATELET (RUE DU)";"46,1885800";"6,2156900"
"201900023516";"16";"5";"2019";"18:25";"1";"74";"74298";"2";"1";"1";"3";"TANINGES (ROUTE DE )";"46,1884900";"6,2667100"
"201900023517";"13";"5";"2019";"16:11";"1";"74";"74133";"2";"1";"6";"7";"ARVE (RUE DE L')";"46,1860300";"6,2228000"
"201900023518";"4";"5";"2019";"18:25";"1";"74";"74012";"2";"1";"2";"6";"BONNEVILLE (ROUTE DE)";"46,1864600";"6,2363800"
"201900023519";"2";"5";"2019";"14:32";"1";"74";"74012";"2";"3";"1";"1";"FERRY (AVENUE JULES)";"46,1900000";"6,2300000"
"201900023520";"30";"4";"2019";"07:50";"1";"74";"74012";"2";"6";"1";"6";"VALLEES (ROUTE DES)";"46,1941221";"6,2407347"
"201900023521";"26";"5";"2019";"19:53";"1";"74";"74010";"2";"1";"1";"3";"CRAN (AVENUE DE)";"45,9056000";"6,1185500"
"201900023522";"25";"5";"2019";"19:30";"1";"74";"74010";"2";"2";"2";"3";"FIER (BOULEVARD DU))";"45,9131280";"6,1140290"
"201900023523";"14";"5";"2019";"19:55";"1";"74";"74010";"2";"2";"1";"3";"BROGNY (AVENUE DE) (SECTEUR 410)";"45,9242848";"6,1265597"
"201900023524";"13";"5";"2019";"16:00";"1";"74";"74010";"2";"1";"6";"5";"MARQUISATS (AVENUE DES)";"45,8904985";"6,1422560"
"201900023525";"10";"5";"2019";"15:20";"1";"74";"74010";"2";"1";"1";"6";"TOCHON (PLACE)";"45,9037000";"6,1245000"
"201900023526";"22";"5";"2019";"15:15";"1";"73";"73065";"1";"2";"7";"3";"D991A  MENDES FRANCE PIERRE(AVENUE)";"45,5874000";"5,9083600"
"201900023527";"30";"4";"2019";"17:00";"1";"73";"73011";"2";"2";"1";"3";"Parking ccial";"45,6610341";"6,3812006"
"201900023528";"29";"5";"2019";"08:30";"1";"72";"72181";"2";"1";"1";"6";"JAURES JEAN (AV) N° PAIRS 60 ET >";"47,9862876";"0,2089013"
"201900023529";"28";"5";"2019";"13:00";"1";"72";"72181";"2";"1";"3";"6";"GAULLE GENERAL DE (AV DU)";"48,0039200";"0,1993300"
"201900023530";"25";"5";"2019";"17:05";"1";"72";"72181";"2";"1";"1";"6";"LIGNEUL PAUL (RUE) N° IMP";"47,9970300";"0,1916300"
"201900023531";"23";"5";"2019";"17:39";"1";"72";"72181";"2";"3";"1";"3";"SIEYES (RUE)";"48,0108000";"0,1906200"
"201900023532";"19";"5";"2019";"14:45";"1";"72";"72181";"2";"1";"1";"6";"OYON ALEXANDRE (BD)";"47,9945600";"0,1912600"
"201900023533";"18";"5";"2019";"18:30";"1";"72";"72181";"2";"1";"1";"3";"LEFAUCHEUX PIERRE (BD)";"47,9745800";"0,1735800"
"201900023534";"14";"5";"2019";"22:00";"5";"72";"72181";"2";"1";"1";"2";"DURAND GEORGES (AV) N° IMP 1 A 141";"47,9796300";"0,2127300"
"201900023535";"12";"5";"2019";"18:00";"1";"72";"72181";"2";"1";"1";"2";"JAURES JEAN (AV) N° PAIRS 60 ET >";"47,9883800";"0,2077600"
"201900023536";"10";"5";"2019";"21:20";"5";"72";"72181";"2";"3";"2";"3";"MUTUEL (BD)";"48,0074300";"0,2174900"
"201900023537";"2";"5";"2019";"18:00";"1";"72";"72181";"2";"1";"1";"6";"ESTEREL N° PAIRS A PARTIR DE BULGARIE";"47,9922200";"0,2374500"
"201900023538";"1";"5";"2019";"17:15";"1";"72";"72181";"2";"1";"1";"6";"MAILLETS (RUE DES) IMP 161 ET plus";"48,0155600";"0,2128900"
"201900023539";"27";"5";"2019";"09:30";"1";"71";"71306";"2";"1";"1";"6";"GENERAL DE GAULLE (QUAI DU)";"46,6749900";"4,3629100"
"201900023540";"26";"5";"2019";"22:30";"3";"71";"71306";"2";"1";"1";"6";"LANDE (RUE DE LA)";"46,6627000";"4,3595800"
"201900023541";"18";"5";"2019";"16:05";"1";"71";"71499";"2";"9";"1";"6";"VOLTAIRE (RUE)";"46,6563290";"4,2859880"
"201900023542";"11";"5";"2019";"16:05";"1";"71";"71306";"2";"1";"1";"3";"MARECHAL LECLERC (AVENUE DU)";"46,6900300";"4,3801900"
"201900023543";"3";"5";"2019";"23:40";"5";"71";"71306";"2";"1";"1";"3";"CHAMP DU MOULIN (RUE DU )";"46,6752500";"4,3755700"
"201900023544";"9";"5";"2019";"21:50";"3";"71";"71306";"2";"1";"1";"6";"PERONNE (RUE DE)";"46,6744300";"4,3432000"
"201900023545";"1";"5";"2019";"13:15";"1";"71";"71040";"2";"1";"1";"7";"MACON (ROUTE DE)";"46,6787000";"4,3876110"
"201900023546";"30";"4";"2019";"15:05";"1";"71";"71306";"2";"2";"1";"3";"BELLEVUE (RUE DE )";"46,6702600";"4,3732020"
"201900023547";"28";"5";"2019";"17:00";"1";"71";"71270";"2";"1";"1";"5";"CASSIN (AVENUE RENE)";"46,3265100";"4,8244300"
"201900023548";"9";"5";"2019";"08:20";"1";"71";"71153";"2";"2";"3";"3";"JOUFFROY (RUE)";"46,7950200";"4,4188500"
"201900023549";"6";"5";"2019";"20:25";"1";"71";"71153";"2";"2";"1";"6";"ABATTOIRS (boulevard des)";"46,7887400";"4,4458600"
"201900023550";"23";"5";"2019";"16:50";"1";"71";"71076";"2";"1";"1";"3";"KENNEDY (AVENUE JOHN FITZGERALD)";"46,7965100";"4,8628000"
"201900023551";"22";"5";"2019";"14:30";"1";"71";"71076";"2";"1";"1";"6";"KENNEDY (AVENUE JOHN FITZGERALD)";"46,7963600";"4,8628800"
"201900023552";"8";"5";"2019";"09:35";"1";"70";"70388";"1";"6";"2";"3";"RD457";"47,6256100";"6,1381900"
"201900023553";"29";"5";"2019";"20:30";"2";"69";"69256";"2";"2";"1";"3";"CHARLES DE GAULLE                   (AV)";"45,7822300";"4,9423300"
"201900023554";"29";"5";"2019";"13:30";"1";"69";"69256";"2";"9";"1";"3";"DROITS DE L'HOMME (DES)             (R )";"45,7674307";"4,9267298"
"201900023555";"28";"5";"2019";"13:51";"1";"69";"69290";"2";"1";"1";"6";"MARECHAL LECLERC (DU)               (R )";"45,6949000";"4,9349000"
"201900023556";"28";"5";"2019";"09:45";"1";"69";"69282";"2";"6";"8";"3";"CARREAU (DU)                        (AV)";"45,7704135";"4,9929806"
"201900023557";"27";"5";"2019";"16:00";"1";"69";"69275";"2";"1";"1";"3";"ELISEE RECLUS                       (R )";"45,7582200";"4,9605300"
"201900023558";"27";"5";"2019";"07:44";"1";"69";"69029";"2";"3";"1";"2";"FRANKLIN ROOSEVELT                  (AV)";"45,7378821";"4,8956574"
"201900023559";"26";"5";"2019";"15:50";"1";"69";"69275";"2";"9";"1";"6";"LIBERATION (DE LA)                  (PL)";"45,7600000";"4,9400000"
"201900023560";"25";"5";"2019";"17:40";"1";"69";"69275";"2";"1";"1";"3";"BEAUREGARD                          (AV)";"45,7524600";"4,9447200"
"201900023561";"25";"5";"2019";"16:20";"1";"69";"69029";"2";"1";"1";"6";"8 MAI 1945 (DU)                     (AV)";"45,7280000";"4,9160000"
"201900023562";"25";"5";"2019";"16:05";"1";"69";"69282";"2";"2";"1";"1";"VOLTAIRE                            (R )";"45,7823221";"5,0110477"
"201900023563";"25";"5";"2019";"02:45";"4";"69";"69266";"2";"2";"1";"3";"DEDIEU     (Rue)";"45,7696400";"4,8710400"
"201900023564";"25";"5";"2019";"00:15";"5";"69";"69256";"2";"2";"1";"3";"BOLHEN   (DE)                        (AV";"45,7655297";"4,9250776"
"201900023565";"24";"5";"2019";"23:25";"5";"69";"69256";"2";"1";"1";"3";"MAURICE THOREZ                      (AV)";"45,7823800";"4,9127900"
"201900023566";"24";"5";"2019";"01:15";"5";"69";"69266";"2";"1";"1";"7";"STALINGRAD    (Boulevard de la Bataille ";"45,7825100";"4,8597900"