"Num_Acc";"jour";"mois";"an";"hrmn";"lum";"dep";"com";"agg";"int";"atm";"col";"adr";"lat";"long"
"201900023567";"23";"5";"2019";"22:55";"5";"69";"69282";"2";"1";"1";"6";"JEAN JAURES                         (R )";"45,7751400";"5,0190800"
"201900023568";"23";"5";"2019";"18:05";"1";"69";"69256";"2";"2";"1";"6";"GEORGES CHEVALLIER                  (R )";"45,7852300";"4,9174500"
"201900023569";"18";"5";"2019";"18:15";"1";"69";"69290";"2";"3";"2";"3";"HENRI BARBUSSE                      (R )";"45,6890000";"4,9524600"
"201900023570";"21";"5";"2019";"18:25";"1";"69";"69256";"2";"7";"1";"6";"GUY MOQUET                          (PL)";"45,7855500";"4,9106600"
"201900023571";"22";"5";"2019";"15:40";"1";"69";"69266";"2";"1";"1";"6";"EDOUARD VAILLANT      (Rue)";"45,7745284";"4,8804583"
"201900023572";"22";"5";"2019";"08:30";"1";"69";"69256";"2";"1";"1";"6";"MARCELIN BERTHELOT                  (R )";"45,7913500";"4,9219000"
"201900023573";"18";"5";"2019";"12:20";"1";"69";"69275";"2";"1";"1";"3";"JEAN JAURES                         (AV)";"45,7713300";"4,9653600"
"201900023574";"21";"5";"2019";"02:30";"5";"69";"69266";"2";"2";"1";"3";"POIZAT      (Rue)";"45,7581800";"4,8932700"
"201900023575";"20";"5";"2019";"20:15";"2";"69";"69271";"2";"6";"1";"3";"DAUPHINE (DU)                           ";"45,7344907";"4,9659920"
"201900023576";"17";"5";"2019";"21:20";"5";"69";"69266";"2";"1";"1";"3";"POUDRETTE     (Rue de la)";"45,7619000";"4,9187800"
"201900023577";"16";"5";"2019";"07:40";"1";"69";"69256";"2";"2";"7";"5";"ORCHA (D')                          (AV)";"45,7808100";"4,9078600"
"201900023578";"15";"5";"2019";"23:20";"3";"69";"69275";"2";"1";"1";"6";"LEON TOLSTOI                        (AV)";"45,7725200";"4,9608200"
"201900023579";"15";"5";"2019";"19:40";"1";"69";"69266";"2";"3";"1";"1";"LOUIS FORT          (Rue)";"45,7747600";"4,8867700"
"201900023580";"13";"5";"2019";"18:05";"1";"69";"69282";"2";"3";"1";"6";"8 MAI 1945 (DU)                     (R )";"45,7706700";"5,0012000"
"201900023581";"12";"5";"2019";"18:30";"1";"69";"69266";"2";"1";"1";"3";"LEON BLUM      (Rue)";"45,7605037";"4,9051970"
"201900023582";"12";"5";"2019";"09:00";"1";"69";"69266";"2";"6";"1";"6";"ROGER SALENGRO     (Avenue)";"45,7828159";"4,8903859"
"201900023583";"12";"5";"2019";"03:05";"5";"69";"69266";"2";"1";"1";"3";"8 MAI 1945   (Rue du)";"45,7742200";"4,8942900"
"201900023584";"7";"5";"2019";"13:32";"1";"69";"69266";"2";"1";"1";"6";"ROGER SALENGRO     (Avenue)";"45,7758996";"4,8706663"
"201900023585";"6";"5";"2019";"17:00";"1";"69";"69029";"2";"1";"1";"6";"PAUL PIC                            (R )";"45,7294316";"4,9035248"
"201900023586";"5";"5";"2019";"18:00";"1";"69";"69256";"2";"9";"1";"1";"GASTON MONMOUSSEAU                  (AV)";"45,7769547";"4,9150701"
"201900023587";"4";"5";"2019";"17:40";"1";"69";"69256";"2";"9";"2";"5";"GARIBALDI                           (AV)";"45,7670600";"4,9309900"
"201900023588";"4";"5";"2019";"13:35";"1";"69";"69275";"2";"3";"1";"3";"SULLY                               (R )";"45,7703500";"4,9755800"
"201900023589";"10";"3";"2019";"15:40";"1";"69";"69290";"2";"1";"1";"6";"MACONNAIS (DU)                      (R )";"45,6944100";"4,9176200"
"201900023590";"2";"5";"2019";"13:30";"1";"69";"69029";"2";"3";"1";"3";"FRANCOIS MITTERRAND                 (AV)";"45,7382000";"4,9227000"
"201900023591";"1";"5";"2019";"01:39";"5";"69";"69266";"2";"1";"1";"6";"FONTANIERES     (Impasse de)";"45,7737000";"4,8832000"
"201900023592";"1";"5";"2019";"00:00";"5";"69";"69266";"2";"3";"1";"6";"4 AOUT 1789    (Rue du)";"45,7647100";"4,8866000"
"201900023593";"30";"4";"2019";"18:45";"1";"69";"69256";"2";"9";"1";"3";"MARCEL CACHIN                       (AV)";"45,7810000";"4,9449800"
"201900023594";"25";"5";"2019";"18:00";"1";"69";"69264";"2";"3";"1";"3";"BARBUSSE HENRI  (boulvard)";"45,9807747";"4,7156294"
"201900023595";"15";"5";"2019";"09:15";"1";"69";"69264";"2";"1";"1";"3";"RIOTTIER  ROUTE DE";"45,9753600";"4,7447700"
"201900023596";"8";"5";"2019";"19:48";"1";"69";"69092";"1";"1";"8";"1";"SAULE D'OINGT (route du)";"45,9794100";"4,6616300"
"201900023597";"19";"4";"2019";"04:50";"5";"69";"69264";"2";"2";"1";"6";"CASSIN RENE  R";"45,9885900";"4,7225100"
"201900023598";"12";"3";"2019";"09:15";"1";"13";"13211";"2";"3";"1";"3";"SAINT MARCEL (BOULEVARD DE )";"43,2886800";"5,4584800"
"201900023599";"11";"3";"2019";"16:30";"1";"13";"13201";"2";"1";"1";"6";"BELSUNCE (COURS)";"43,2980200";"5,3767500"
"201900023600";"12";"3";"2019";"07:05";"1";"13";"13001";"2";"2";"1";"3";"ROSE (CH DE LA)";"43,5594300";"5,4427000"
"201900023601";"8";"3";"2019";"16:25";"1";"12";"12176";"1";"3";"1";"2";"CYGNES (AVENUE DES)";"44,3750110";"2,5669400"
"201900023602";"11";"3";"2019";"08:25";"1";"8";"08105";"2";"3";"1";"6";"CASTRICE (RUE DE)";"49,7760170";"4,7350600"
"201900023603";"12";"3";"2019";"09:00";"1";"6";"06088";"2";"2";"1";"3";"CASSINI (RUE)";"43,6999300";"7,2820400"
"201900023604";"11";"3";"2019";"14:40";"1";"6";"06088";"2";"1";"1";"3";"DUNANT (AV. HENRI)";"43,7209960";"7,2631770"
"201900023605";"7";"3";"2019";"10:50";"1";"5";"05061";"2";"1";"9";"7";"JEAN JAURES ( AVENUE )";"44,5524400";"6,0716900"
"201900023606";"11";"3";"2019";"20:00";"5";"75";"75114";"2";"1";"1";"6";"PORTE DE CHATILLON";"48,8240040";"2,3076690"
"201900023607";"11";"3";"2019";"03:00";"5";"75";"75117";"2";"1";"3";"6";"PORTE DE CHAMPERRET";"48,8871510";"2,2900740"
"201900023608";"12";"3";"2019";"07:30";"1";"75";"75116";"2";"1";"1";"3";"ALLEE DE LA REINE MARGUERITE";"48,8492670";"2,2420390"
"201900023609";"12";"3";"2019";"09:40";"1";"75";"75120";"2";"1";"1";"6";"AVENUE GAMBETTA";"48,8649690";"2,3967400"
"201900023610";"11";"3";"2019";"15:49";"1";"75";"75120";"2";"2";"1";"6";"RUE DE MENILMONTANT";"48,8707850";"2,3992180"
"201900023611";"12";"3";"2019";"20:00";"3";"75";"75119";"2";"4";"2";"3";"BOULEVARD DE LA VILLETTE";"48,8827980";"2,3702720"
"201900023612";"12";"3";"2019";"09:51";"1";"75";"75118";"2";"2";"1";"3";"RUE ORDENER";"48,8924080";"2,3449920"
"201900023613";"12";"3";"2019";"17:30";"1";"75";"75116";"2";"7";"8";"3";"AVENUE BUGEAUD";"48,8697260";"2,2850510"
"201900023614";"12";"3";"2019";"08:20";"1";"75";"75114";"2";"2";"1";"3";"RUE D ALESIA";"48,8278160";"2,3325580"
"201900023615";"12";"3";"2019";"10:15";"1";"75";"75113";"2";"3";"1";"6";"RUE DUMERIL";"48,8358700";"2,3587770"
"201900023616";"12";"3";"2019";"19:15";"2";"75";"75112";"2";"1";"2";"6";"AVENUE DE SAINT MANDE";"48,8444250";"2,4086450"
"201900023617";"12";"3";"2019";"07:35";"2";"75";"75112";"2";"1";"1";"3";"AVENUE DAUMESNIL";"48,8397540";"2,4314310"
"201900023618";"12";"3";"2019";"18:30";"2";"75";"75107";"2";"2";"3";"6";"RUE DE GRENELLE";"48,8580570";"2,3100310"
"201900023619";"11";"3";"2019";"18:00";"1";"75";"75107";"2";"3";"1";"3";"BOULEVARD DE LA TOUR MAUBOURG";"48,8549680";"2,3096530"
"201900023620";"11";"3";"2019";"17:45";"1";"94";"94081";"2";"1";"1";"6";"LUDWIG VAN BEETHOVEN (R)";"48,7980400";"2,3803300"
"201900023621";"15";"2";"2019";"13:25";"1";"94";"94078";"2";"1";"1";"6";"PIERRE SEMARD (PL)";"48,7303880";"2,4469150"
"201900023622";"11";"3";"2019";"13:25";"1";"94";"94068";"2";"1";"1";"2";"REMISES (R DES)";"48,8062000";"2,4732500"
"201900023623";"16";"2";"2019";"15:00";"1";"94";"94046";"2";"9";"1";"3";"GENERAL LECLERC - CAR DE LA RESISTANCE (";"48,8084592";"2,4362894"
"201900023624";"4";"2";"2019";"19:35";"5";"94";"94016";"2";"1";"1";"7";"GABRIEL PERI (R)";"48,7941200";"2,3435800"
"201900023625";"12";"3";"2019";"13:30";"1";"94";"94073";"2";"9";"8";"6";"GEORGES HALGOULT (R)";"48,7607021";"2,3996205"
"201900023626";"13";"2";"2019";"16:00";"1";"94";"94065";"2";"1";"1";"2";"CHARLES LINDBERGH (AV)";"48,7509057";"2,3541526"
"201900023627";"9";"2";"2019";"12:15";"1";"94";"94034";"2";"1";"1";"2";"DIVISION LECLERC (AV DE LA)";"48,7577900";"2,3281700"
"201900023628";"3";"2";"2019";"09:50";"1";"94";"94038";"2";"2";"1";"3";"GENERAL DE GAULLE (AV DU)";"48,7822116";"2,3412412"
"201900023629";"1";"2";"2019";"09:05";"1";"94";"94021";"2";"6";"8";"2";"GEORGES GUYNEMER (AV)";"48,7605200";"2,3415600"
"201900023630";"12";"3";"2019";"22:10";"5";"94";"94028";"2";"9";"2";"7";"HALPERN.(AVENUE BERNARD)";"48,7915000";"2,4478100"
"201900023631";"7";"2";"2019";"18:05";"5";"94";"94028";"2";"1";"1";"2";"POMPADOUR(CARREFOUR)";"48,7743100";"2,4386600"
"201900023632";"6";"2";"2019";"21:22";"5";"94";"94028";"2";"1";"2";"7";"VERDUN.(AVENUE DE)";"48,7996100";"2,4684900"
"201900023633";"11";"3";"2019";"19:00";"5";"94";"94022";"2";"1";"1";"6";"HUIT MAI 1945 (AV DU)";"48,7652800";"2,4104900"
"201900023634";"11";"3";"2019";"19:30";"5";"93";"93066";"2";"1";"1";"3";"COLONEL FABIEN (AVENUE)";"48,9447377";"2,3544221"
"201900023635";"11";"3";"2019";"09:20";"1";"93";"93066";"2";"1";"1";"3";"""PERI GABRIEL, NR 2  A 114 ET 1 A 133""";"48,9303091";"2,3564771"
"201900023636";"10";"3";"2019";"09:00";"1";"93";"93039";"2";"1";"2";"6";"CHATELIER (QUAI DU )";"48,9206800";"2,3297700"
"201900023637";"12";"3";"2019";"12:57";"1";"93";"93051";"2";"2";"1";"1";"NEUILLY (ROUTE)";"48,8484600";"2,5383800"
"201900023638";"12";"3";"2019";"19:40";"5";"92";"92073";"2";"1";"8";"7";"SELLIER (BOULEVARD HENRI)";"48,8617900";"2,2156300"
"201900023639";"12";"3";"2019";"16:20";"1";"92";"92072";"2";"2";"1";"3";"LECLERC (AVENUE DE LA DIVISION)";"48,8259700";"2,2196700"
"201900023640";"11";"3";"2019";"19:00";"5";"92";"92050";"2";"1";"1";"3";"MILLET FRANCOIS RUE";"48,8881100";"2,2162500"
"201900023641";"12";"1";"2019";"15:00";"1";"92";"92050";"2";"3";"1";"3";"CLEMENCEAU GEORGES AVENUE N°IMPAIR";"48,8867807";"2,2051761"
"201900023642";"12";"3";"2019";"15:45";"1";"92";"92048";"2";"1";"8";"6";"REPUBLIQUE (RUE DE LA) N° 1 A 45";"48,8071800";"2,2360200"
"201900023643";"12";"3";"2019";"12:50";"1";"92";"92040";"2";"1";"1";"3";"GALLIENI (BOULEVARD)";"48,8300800";"2,2672300"
"201900023644";"9";"3";"2019";"00:20";"5";"92";"92036";"2";"1";"2";"4";"PIERRE TIMBAUD (RUE) (PAIRS)";"48,9331425";"2,3017410"
"201900023645";"9";"3";"2019";"13:20";"1";"92";"92025";"2";"1";"1";"6";"BOURNARD (RUE DU)";"48,9244000";"2,2593300"
"201900023646";"4";"3";"2019";"15:50";"1";"92";"92024";"2";"2";"1";"2";"HUIT MAI 1945 (RUE DU)";"48,8982858";"2,3101304"
"201900023647";"3";"3";"2019";"15:15";"1";"92";"92024";"2";"3";"1";"3";"GENERAL LECLERC (RUE DU) DE (59 ET PLUS)";"48,9095900";"2,3068000"
"201900023648";"12";"3";"2019";"07:10";"2";"62";"62495";"1";"1";"1";"6";"chaussée BRUNEHAUT Hameau de MAISNIL BOUTRY";"50,6438630";"1,9946280"
"201900023649";"12";"3";"2019";"18:00";"1";"68";"68088";"2";"3";"1";"3";"18, rue Principale";"47,8644770";"7,2710150"
"201900023650";"13";"3";"2019";"14:32";"1";"71";"71543";"1";"1";"1";"2";"Autoroute A6 sens PARIS-LYON, PK 356+200";"46,5697500";"4,8956660"
"201900023651";"12";"3";"2019";"20:10";"3";"10";"10003";"1";"1";"3";"6";"RD 660";"48,2233690";"3,7338670"
"201900023652";"12";"3";"2019";"22:40";"5";"1";"01354";"2";"1";"1";"6";"rue Georges Charpak";"46,2411710";"6,0304660"
"201900023653";"13";"3";"2019";"12:30";"1";"77";"77182";"1";"2";"1";"1";"D204 X D215";"48,7738800";"3,2936900"
"201900023654";"13";"3";"2019";"09:45";"1";"79";"79220";"1";"1";"1";"6";"N/A";"46,2130190";" -0,6242100"
"201900023655";"13";"3";"2019";"17:03";"1";"79";"79249";"2";"1";"1";"6";"320 rue des Herpens";"46,7622990";" -0,2211900"
"201900023656";"9";"3";"2019";"20:20";"3";"69";"69248";"1";"1";"2";"7";"RD 504";"46,0319400";"4,2718420"
"201900023657";"13";"3";"2019";"15:15";"1";"81";"81247";"1";"1";"2";"6";"pk 34+500";"43,9845350";"2,3910770"
"201900023658";"13";"3";"2019";"16:50";"1";"25";"25463";"2";"1";"8";"1";"Rue d'Alsace";"47,3943400";"6,7705000"
"201900023659";"12";"3";"2019";"18:00";"2";"2";"02359";"2";"1";"2";"6";"rue d'artois";"49,8159730";"3,2647000"
"201900023660";"12";"3";"2019";"14:20";"1";"70";"70517";"1";"1";"1";"7";"La grange besson";"47,5746760";"6,1401410"
"201900023661";"13";"3";"2019";"13:07";"1";"6";"06059";"1";"1";"1";"3";"M6007";"43,7297970";"7,3597640"
"201900023662";"10";"3";"2019";"07:35";"2";"64";"64547";"1";"1";"1";"3";"d 137";"43,4080572";" -1,4510618"
"201900023663";"11";"2";"2019";"07:30";"2";"73";"73219";"1";"1";"2";"1";"Route du Lac D921";"45,5594221";"5,7903273"
"201900023664";"12";"3";"2019";"07:50";"1";"36";"36140";"1";"2";"1";"3";"D8";"46,9343040";"1,8669080"
"201900023665";"13";"3";"2019";"07:00";"1";"7";"07181";"1";"1";"1";"6";"Route départementale 104, route de privas";"44,7583710";"4,7387420"
"201900023666";"12";"3";"2019";"20:40";"3";"7";"07260";"1";"1";"1";"1";"Route Départementale 22";"44,7116630";"4,7045630"
"201900023667";"12";"3";"2019";"15:10";"1";"30";"30004";"1";"3";"7";"1";"intersection N113/ D142";"43,7197530";"4,2060628"
"201900023668";"18";"2";"2019";"20:50";"3";"8";"08180";"1";"1";"1";"7";"d34";"49,7236710";"4,6975790"
"201900023669";"10";"3";"2019";"19:50";"3";"24";"24454";"1";"1";"1";"7";"Le Moulin";"44,9777000";"0,0941400"
"201900023670";"13";"3";"2019";"11:40";"1";"6";"06152";"2";"1";"1";"6";"38 rue de la république";"43,6411800";"7,0079250"
"201900023671";"13";"3";"2019";"09:40";"1";"6";"06085";"1";"1";"1";"6";"Route de Vallauris";"43,5961010";"7,0379090"
"201900023672";"12";"3";"2019";"17:45";"1";"976";"97608";"2";"1";"1";"6";"boulevard des amoureux";" -12,7851120";"45,2794280"
"201900023673";"13";"3";"2019";"13:15";"1";"78";"78068";"1";"1";"6";"1";"RD 52";"49,0338850";"1,4819380"
"201900023674";"12";"3";"2019";"19:50";"3";"2A";"2A288";"1";"1";"1";"3";"RD959";"41,5394590";"9,1900860"
"201900023675";"13";"3";"2019";"15:45";"1";"83";"83146";"1";"1";"1";"6";"D30";"43,6399060";"5,9465470"
"201900023676";"12";"3";"2019";"16:00";"1";"4";"04242";"1";"1";"1";"6";"RD13 carriere la ROCHEAMÈRE";"43,8976400";"5,8362220"
"201900023677";"13";"3";"2019";"17:50";"2";"38";"38130";"1";"3";"1";"5";"D 519";"45,3474400";"5,2559000"
"201900023678";"12";"3";"2019";"17:05";"1";"81";"81046";"1";"1";"1";"7";"RD 4";"43,8638000";"1,9628880"
"201900023679";"13";"3";"2019";"10:15";"1";"81";"81116";"2";"1";"1";"6";"rue Jules Ferry";"43,6935800";"1,8387130"
"201900023680";"13";"3";"2019";"00:45";"5";"33";"33539";"2";"6";"2";"6";"D242 / D242E6";"44,9041810";" -0,3262360"
"201900023681";"12";"3";"2019";"23:30";"3";"33";"33019";"1";"1";"2";"1";"PK 90+620";"44,6997830";" -1,0232510"
"201900023682";"10";"3";"2019";"04:00";"3";"60";"60342";"1";"1";"1";"6";"Rue du 8 Mai 1945";"49,3104580";"2,4433910"
"201900023683";"12";"3";"2019";"06:00";"3";"59";"59357";"1";"1";"6";"2";"N49";"50,2858950";"3,8746640"
"201900023684";"3";"3";"2019";"15:15";"1";"13";"13202";"2";"1";"1";"7";"A55-Sens Martigues vers Marseille";"43,3126390";"5,3667500"
"201900023685";"12";"3";"2019";"18:30";"2";"69";"69081";"1";"1";"1";"4";"BPNL   34.000 A 34.614";"45,7732600";"4,7898500"
"201900023686";"12";"3";"2019";"16:50";"1";"69";"69290";"1";"1";"1";"4";"A43   3.865 A 9.894";"45,7058500";"4,9592900"
"201900023687";"11";"3";"2019";"19:04";"3";"57";"57764";"1";"1";"1";"2";"Autoroute A.31";"49,4714500";"6,1213500"
"201900023688";"12";"3";"2019";"16:45";"1";"33";"33192";"1";"1";"1";"4";"ROCADE A 630 voie droite entre échangeurs 15 et 16";"44,7900400";" -0,6131900"
"201900023689";"12";"3";"2019";"18:20";"3";"92";"92025";"1";"1";"2";"3";"A86";"48,9230172";"2,2284331"
"201900023690";"11";"3";"2019";"08:00";"1";"92";"92025";"1";"1";"2";"2";"A86";"48,9230063";"2,2284108"
"201900023691";"12";"3";"2019";"08:20";"1";"94";"94073";"1";"1";"1";"5";"A86 INT";"48,7602282";"2,3829284"
"201900023692";"7";"3";"2019";"18:30";"2";"63";"63113";"2";"1";"1";"4";"DAUDET (RUE ALPHONSE)";"45,8148714";"3,1036014"
"201900023693";"9";"3";"2019";"10:45";"1";"41";"41018";"2";"1";"1";"7";"RD 956";"47,5977600";"1,3501700"
"201900023694";"7";"3";"2019";"18:20";"2";"27";"27229";"2";"2";"8";"3";"NORMANDIE (BOULEVARD DE)";"49,0186200";"1,1424800"
"201900023695";"9";"3";"2019";"18:50";"2";"6";"06027";"2";"1";"1";"6";"VALLON DES VAUX CHEMIN DU";"43,6739800";"7,1602000"
"201900023696";"11";"3";"2019";"17:30";"1";"988";"98818";"2";"2";"1";"6";"RUE DU 5 MAI/RUE DU COMMANDANT PAUL DEMENE";" -22,2672600";"166,4624300"
"201900023697";"11";"3";"2019";"16:15";"1";"976";"97611";"2";"1";"8";"7";"mgombani-Mahabou (rond point)";" -12,7828875";"45,2345599"
"201900023698";"11";"3";"2019";"09:30";"1";"976";"97611";"1";"9";"2";"6";"vahibe-Departementale 3 ( route )";" -12,7943100";"45,1964300"
"201900023699";"11";"3";"2019";"21:00";"1";"974";"97416";"1";"1";"1";"3";"Rue des olivines";" -21,3240460";"55,4734580"
"201900023700";"9";"3";"2019";"04:10";"3";"974";"97416";"2";"1";"1";"6";"RN1 (ROUTE NATIONALE)";" -21,3188649";"55,4456002"
"201900023701";"11";"3";"2019";"07:05";"1";"974";"97411";"2";"1";"1";"1";"BERTIN";" -20,8880800";"55,4504600"
"201900023702";"11";"3";"2019";"14:25";"1";"973";"97302";"2";"1";"1";"6";"DIGUE RONJON";"4,9332349";" -52,3319578"
"201900023703";"11";"3";"2019";"14:34";"1";"972";"97213";"1";"1";"1";"7";"ROUTE DEPARTEMENTALE 13";"14,6324100";" -61,0230600"
"201900023704";"11";"3";"2019";"17:50";"1";"69";"69034";"2";"1";"1";"3";"RAYMOND POINCARE                    (PT)";"45,7888700";"4,8605600"
"201900023705";"11";"3";"2019";"16:00";"1";"69";"69034";"2";"1";"1";"6";"COSTE                               (R )";"45,7884800";"4,8349400"
"201900023706";"11";"3";"2019";"19:00";"5";"2B";"2B033";"2";"1";"1";"2";"AGLIANI - CHEMIN D'";"42,6666100";"9,4326000"
"201900023707";"11";"3";"2019";"11:00";"1";"95";"95680";"2";"1";"1";"2";"HUIT MAI 1945 (AVENUE DU)";"49,0092100";"2,4022300"
"201900023708";"11";"3";"2019";"19:20";"2";"91";"91589";"2";"1";"1";"6";"BRIAND (BOULEVARD ARISTIDE)";"48,6917600";"2,3633110"
"201900023709";"11";"3";"2019";"07:45";"2";"91";"91174";"2";"6";"3";"6";"REPUBLIQUE (RUE DE)";"48,6144400";"2,4800100"
"201900023710";"9";"3";"2019";"16:03";"1";"87";"87085";"2";"6";"1";"7";"VALOINE (ROND-POINT DE LA)";"45,8035400";"1,2918800"
"201900023711";"9";"3";"2019";"19:15";"5";"80";"80021";"2";"1";"1";"3";"R EMILE FRANCFORT";"49,8947900";"2,2601800"
"201900023712";"8";"3";"2019";"12:35";"1";"78";"78646";"2";"1";"1";"3";"SAINT CLOUD (AVENUE DE)";"48,8055800";"2,1391700"
"201900023713";"10";"3";"2019";"05:19";"3";"77";"77114";"1";"1";"3";"7";"N 4";"48,7450900";"2,6870800"
"201900023714";"9";"3";"2019";"05:50";"5";"77";"77268";"2";"9";"2";"1";"D93-PRE DE BRAY ( RUE DU )";"48,8591400";"2,8119800"
"201900023715";"10";"3";"2019";"21:18";"5";"69";"69271";"2";"2";"1";"3";"PROGRES (DU)                            ";"45,7276400";"4,9632700"
"201900023716";"10";"3";"2019";"10:30";"1";"67";"67482";"2";"1";"6";"3";"SCHOEPFLIN (QUAI)";"48,5868540";"7,7502800"
"201900023717";"10";"3";"2019";"01:30";"5";"67";"67482";"2";"3";"6";"3";"HERRENSCHMIDT (AVENUE)";"48,5979760";"7,7544360"
"201900023718";"9";"3";"2019";"18:30";"2";"67";"67365";"2";"1";"1";"6";"VOSGES (RUE DES)";"48,5419660";"7,7045070"
"201900023719";"8";"3";"2019";"15:55";"1";"67";"67482";"2";"2";"1";"6";"GANZAU (RUE DE LA)";"48,5405000";"7,7617810"
"201900023720";"8";"3";"2019";"05:30";"5";"67";"67447";"2";"3";"1";"6";"BISCHWILLER (ROUTE DE)";"48,6044700";"7,7473470"
"201900023721";"9";"3";"2019";"23:10";"3";"66";"66136";"2";"1";"1";"6";"(avenue) leon jean gregory ";"42,6585800";"2,8873700"
"201900023722";"11";"3";"2019";"08:15";"1";"64";"64335";"2";"1";"2";"4";"NOVELLA";"43,3268200";" -0,4106600"
"201900023723";"11";"3";"2019";"07:50";"2";"64";"64445";"2";"6";"2";"1";"ALSACE LORRAINE D'";"43,3044735";" -0,3675141"
"201900023724";"10";"3";"2019";"06:19";"5";"64";"64445";"2";"1";"1";"7";"18EME REGIMENT D'INFANTERIE DU";"43,2966700";" -0,3825700"
"201900023725";"16";"2";"2019";"19:30";"5";"62";"62498";"2";"1";"1";"6";"LILLE (RTE DE)  RN 17";"50,4396600";"2,8475800"
"201900023726";"11";"3";"2019";"12:30";"1";"60";"60057";"2";"2";"6";"3";"RICARD (RUE)";"49,4337699";"2,0842000"
"201900023727";"11";"3";"2019";"16:55";"1";"59";"59512";"2";"3";"1";"3";"MOTTE (AVENUE ALFRED)";"50,6775510";"3,1989950"
"201900023728";"14";"2";"2019";"14:40";"1";"59";"59350";"2";"2";"1";"3";"LANNOY RUE";"50,6342700";"3,0976500"
"201900023729";"10";"3";"2019";"18:20";"1";"56";"56098";"1";"1";"1";"6";"RN 165";"47,7878500";" -3,3279400"
"201900023730";"9";"3";"2019";"14:55";"1";"56";"56162";"2";"1";"1";"2";"SABLES BLANCS (BD DES)";"47,7301200";" -3,4960000"
"201900023731";"8";"3";"2019";"13:29";"1";"54";"54395";"2";"1";"1";"6";"LEBRUN (RUE ALBERT)";"48,6853380";"6,1902600"
"201900023732";"8";"3";"2019";"10:40";"1";"54";"54451";"2";"1";"2";"6";"BOISMONT (RUE DE)";"49,5045500";"5,7529000"
"201900023733";"11";"3";"2019";"16:00";"1";"51";"51454";"2";"1";"1";"7";"RUE DE BETHENY";"49,2654222";"4,0448225"
"201900023734";"8";"3";"2019";"08:45";"1";"50";"50602";"2";"1";"1";"7";"POMMIERS (RUE DES)";"49,6325900";" -1,5825000"
"201900023735";"8";"3";"2019";"17:20";"1";"49";"49099";"2";"9";"1";"3";"LECLERC (AVENUE DU MARECHAL)";"47,0658000";" -0,8605200"
"201900023736";"9";"3";"2019";"17:27";"1";"49";"49007";"2";"1";"2";"6";"BOUCHEMAINE ROUTE";"47,4519900";" -0,5710700"
"201900023737";"8";"3";"2019";"15:05";"1";"49";"49007";"2";"1";"1";"2";"GASNIER AVENUE";"47,4823100";" -0,5683400"
"201900023738";"8";"3";"2019";"09:05";"1";"49";"49007";"2";"2";"1";"3";"LAREVELLIERE";"47,4711100";" -0,5312100"
"201900023739";"11";"3";"2019";"14:30";"1";"45";"45208";"2";"3";"6";"6";"RUE ANDRE COQUILLET";"47,9919400";"2,7322800"
"201900023740";"9";"3";"2019";"19:30";"3";"44";"44184";"2";"1";"2";"6";"GAMBETTA (BD LÉON)";"47,2767400";" -2,2173800"
"201900023741";"10";"3";"2019";"14:25";"1";"44";"44109";"2";"1";"1";"1";"BOULEVARD ALBERT EINSTEIN";"47,2626800";" -1,5674300"
"201900023742";"9";"3";"2019";"11:00";"1";"41";"41018";"2";"1";"1";"4";"PONT JACQUES GABRIEL";"47,5852100";"1,3375300"
"201900023743";"9";"3";"2019";"01:45";"5";"39";"39411";"2";"1";"1";"6";"CHAMPAGNOLE (ROUTE DE) PARTIE BASSE";"46,6698490";"5,5746020"
"201900023744";"11";"3";"2019";"13:30";"1";"38";"38544";"2";"1";"1";"5";"ALBERT THOMAS(RUE)";"45,5280000";"4,8790000"
"201900023745";"10";"3";"2019";"16:05";"1";"38";"38151";"2";"1";"1";"4";"COURS JEAN JAURÈS";"45,1540900";"5,7076600"
"201900023746";"11";"3";"2019";"20:30";"5";"37";"37208";"2";"1";"1";"1";"FONTAINES (AVENUE DES)";"47,3668377";"0,7214509"
"201900023747";"11";"3";"2019";"20:06";"5";"37";"37261";"2";"1";"1";"7";"MAGINOT (AV. ANDRE)";"47,4093100";"0,6816217"
"201900023748";"11";"3";"2019";"17:00";"1";"37";"37122";"2";"1";"1";"1";"CHANTEPIE (RUE DE)";"47,3508311";"0,6566456"
"201900023749";"10";"3";"2019";"04:02";"5";"37";"37122";"2";"2";"2";"3";"BORDEAUX (AVENUE DE)";"47,3556500";"0,6987000"
"201900023750";"8";"3";"2019";"19:37";"2";"36";"36044";"2";"1";"1";"6";"113 RUE PIERRE ET MARIE CURIE";"46,8068976";"1,7145176"
"201900023751";"7";"3";"2019";"21:50";"5";"33";"33119";"2";"1";"1";"3";"AVE CARNOT avant souterrain - sens Mairie - Haut de Cenon - B franchit ligne continue";"44,8636800";" -0,5222800"
"201900023752";"8";"3";"2019";"15:40";"1";"31";"31149";"2";"1";"1";"3";"AV YVES BRUNAUD";"43,6150800";"1,3461500"
"201900023753";"9";"3";"2019";"18:38";"1";"31";"31555";"2";"1";"1";"3";"PL EMILE MALE";"43,5934500";"1,4161700"