"Num_Acc";"jour";"mois";"an";"hrmn";"lum";"dep";"com";"agg";"int";"atm";"col";"adr";"lat";"long"
"201900023754";"8";"3";"2019";"09:15";"1";"31";"31555";"2";"1";"1";"6";"PL DU RAVELIN";"43,5991400";"1,4288400"
"201900023755";"11";"3";"2019";"08:05";"1";"27";"27681";"2";"3";"2";"4";"PARIS (AVENUE DE)";"49,0851726";"1,4986797"
"201900023756";"11";"3";"2019";"12:15";"1";"27";"27229";"2";"9";"1";"2";"ALLENDE (BOULEVARD DU PRESIDENT)";"49,0032500";"1,1489200"
"201900023757";"9";"3";"2019";"08:40";"1";"19";"19031";"2";"2";"2";"6";"BLUM (AVENUE LEON)";"45,1533600";"1,5328900"
"201900023758";"8";"3";"2019";"17:40";"1";"19";"19031";"2";"1";"1";"7";"THOMAS (RUE LOUIS)";"45,1556200";"1,4988700"
"201900023759";"11";"3";"2019";"13:25";"1";"17";"17300";"2";"2";"1";"5";"SAINT-NICOLAS   RUE DU BASTION";"46,1544300";" -1,1461100"
"201900023760";"11";"3";"2019";"12:35";"1";"17";"17300";"2";"3";"1";"6";"DENFERT-ROCHEREAU   AVENUE (59)";"46,1641090";" -1,2037750"
"201900023761";"11";"3";"2019";"12:50";"1";"13";"13215";"2";"1";"1";"6";"SAINT ANTOINE A SAINT JOSEPH (CHEMIN DE)";"43,3615700";"5,3627300"
"201900023762";"11";"3";"2019";"03:00";"5";"13";"13210";"2";"1";"1";"6";"RABATAU (BOULEVARD)";"43,2741700";"5,3939200"
"201900023763";"7";"3";"2019";"14:15";"1";"12";"12145";"2";"1";"1";"6";"JAURES JEAN (AVENUE)";"44,1005700";"3,0788700"
"201900023764";"10";"3";"2019";"05:30";"3";"9";"09122";"1";"1";"1";"2";"20 (R.N.) COTE NORD DU TUNNEL";"42,9928080";"1,6214670"
"201900023765";"9";"3";"2019";"19:30";"5";"6";"06027";"2";"1";"1";"2";"ALPES AVENUE DES";"43,6639500";"7,1301100"
"201900023766";"7";"3";"2019";"19:05";"5";"5";"05061";"2";"1";"1";"2";"JEAN JAURES ( AVENUE )";"44,5478200";"6,0660500"
"201900023767";"11";"3";"2019";"13:30";"1";"4";"04070";"1";"1";"1";"1";"RN 85";"44,0787119";"6,2050545"
"201900023768";"8";"3";"2019";"23:30";"5";"3";"03310";"2";"1";"1";"6";"place de la Gare";"46,1269352";"3,4300134"
"201900023769";"11";"3";"2019";"11:45";"1";"75";"75112";"2";"1";"1";"2";"QUAI DE BERCY";"48,8313220";"2,3851340"
"201900023770";"15";"11";"2019";"20:45";"3";"11";"11090";"1";"1";"8";"6";"Cépie";"43,1110340";"2,2696270"
"201900023771";"16";"11";"2019";"01:30";"3";"49";"49374";"1";"1";"2";"6";"4 Rue des 3 Ormeaux";"47,2567770";" -0,0402650"
"201900023772";"15";"11";"2019";"11:20";"1";"68";"68355";"2";"1";"1";"6";"14 Rue du Maréchal Joffre";"47,5505690";"7,3179710"
"201900023773";"16";"11";"2019";"02:20";"5";"68";"68333";"2";"1";"1";"6";"Route de Belfort";"47,6200290";"7,2962330"
"201900023774";"15";"11";"2019";"20:10";"5";"29";"29105";"2";"6";"2";"6";"39 Rue du Général de Gaulle ";"48,5096250";" -4,0766620"
"201900023775";"16";"11";"2019";"18:45";"3";"26";"26344";"1";"2";"5";"6";"105 Route du Col de Lunel";"44,6614210";"5,0197730"
"201900023776";"12";"11";"2019";"19:48";"2";"6";"06032";"2";"1";"1";"3";"D6007";"43,7243870";"7,4034140"
"201900023777";"15";"11";"2019";"18:30";"3";"50";"50168";"1";"1";"2";"7";"Rue de la Forge au Couchant";"48,6289860";" -1,2694850"
"201900023778";"15";"11";"2019";"23:00";"3";"45";"45095";"1";"1";"2";"2";"D2152 PR37+0";"48,0485046";"2,1262952"
"201900023779";"13";"11";"2019";"07:00";"3";"18";"18064";"1";"2";"2";"1";"D75";"47,1142950";"2,0196120"
"201900023780";"16";"11";"2019";"14:35";"1";"53";"53087";"1";"1";"1";"1";"D21";"47,9414120";" -0,5171150"
"201900023781";"15";"11";"2019";"20:10";"3";"40";"40288";"1";"1";"1";"2";"D934";"44,0030910";" -0,3223810"
"201900023782";"16";"11";"2019";"13:45";"1";"973";"97307";"2";"2";"1";"1";"rue clement ader";"4,8357610";" -52,3482460"
"201900023783";"15";"11";"2019";"17:20";"3";"78";"78152";"1";"1";"4";"4";"D30";"48,8509010";"1,9625830"
"201900023784";"12";"11";"2019";"15:30";"1";"78";"78152";"2";"1";"1";"6";"Rue des Clayes";"48,8517890";"1,9849600"
"201900023785";"15";"11";"2019";"18:15";"2";"13";"13001";"1";"1";"1";"4";"A8 PK 21+700 DIRECTION LYON";"43,5132910";"5,4718060"
"201900023786";"15";"11";"2019";"17:30";"2";"13";"13001";"1";"1";"1";"4";"A8 PK 18+500 DIRECTION LYON";"43,5164960";"5,4327960"
"201900023787";"14";"11";"2019";"23:40";"3";"2";"02164";"1";"1";"2";"2";"A4";"49,1236230";"3,5248770"
"201900023788";"15";"11";"2019";"09:00";"1";"30";"30221";"1";"1";"5";"2";"A9";"44,0540650";"4,7674130"
"201900023789";"15";"11";"2019";"23:40";"4";"971";"97107";"2";"1";"1";"6";"N1";"16,0120610";" -61,5890270"
"201900023790";"15";"11";"2019";"16:15";"1";"971";"97114";"1";"1";"1";"5";"N1";"16,1525210";" -61,5847030"
"201900023791";"16";"11";"2019";"12:05";"1";"84";"84138";"2";"1";"1";"6";"40 Cours Victor Hugo";"44,3859370";"4,9891300"
"201900023792";"16";"11";"2019";"08:15";"1";"71";"71176";"1";"1";"1";"6";"D248";"46,4924930";"4,0442880"
"201900023793";"15";"11";"2019";"09:40";"1";"88";"88253";"1";"3";"1";"3";"D420 - PK 003.500";"48,1905300";"6,4848470"
"201900023794";"16";"11";"2019";"17:20";"3";"74";"74042";"1";"1";"1";"2";"Route de Genèves";"46,0699453";"6,4368530"
"201900023795";"16";"11";"2019";"16:15";"1";"38";"38205";"1";"1";"1";"2";"RD 106";"45,1432200";"5,6099080"
"201900023796";"13";"11";"2019";"18:27";"5";"81";"81099";"2";"1";"2";"6";"11 avenue Georges Clémenceau";"43,9041690";"1,8966910"
"201900023797";"12";"11";"2019";"18:30";"3";"33";"33082";"1";"1";"8";"5";"Avenue du Fronsadais";"44,9637500";" -0,3658200"
"201900023798";"15";"11";"2019";"19:00";"3";"22";"22136";"1";"1";"2";"1";"D768";"48,1997560";" -2,7532840"
"201900023799";"15";"11";"2019";"21:30";"3";"27";"27322";"1";"1";"2";"1";"D313";"49,2554560";"1,0662640"
"201900023800";"16";"11";"2019";"06:40";"3";"60";"60500";"1";"1";"2";"2";"N2";"49,1082450";"2,7637550"
"201900023801";"16";"11";"2019";"06:00";"5";"60";"60148";"2";"1";"1";"6";"D79";"49,1160470";"2,8510230"
"201900023802";"12";"11";"2019";"16:50";"2";"67";"67482";"2";"1";"8";"2";"Autoroute A.351";"48,5869400";"7,7147900"
"201900023803";"15";"11";"2019";"13:25";"1";"91";"91161";"1";"1";"2";"4";"AUTOROUTE A6";"48,7039000";"2,3064000"
"201900023804";"15";"11";"2019";"09:19";"2";"91";"91471";"1";"1";"2";"5";"RN 118";"48,7139000";"2,1775000"
"201900023805";"15";"11";"2019";"08:42";"1";"91";"91216";"1";"1";"3";"3";"AUTOROUTE A6";"48,6839220";"2,3286560"
"201900023806";"15";"11";"2019";"08:15";"2";"91";"91549";"1";"1";"2";"4";"RN 104";"48,6266410";"2,3472600"
"201900023807";"15";"11";"2019";"10:32";"1";"94";"94003";"1";"1";"3";"3";"AUTOROUTE A6A";"48,8066000";"2,3414800"
"201900023808";"15";"11";"2019";"09:05";"1";"91";"91377";"1";"1";"3";"2";"AUTOROUTE A10";"48,7187900";"2,2927800"
"201900023809";"15";"11";"2019";"08:30";"1";"78";"78466";"1";"1";"3";"5";"A13";"48,9319900";"1,9761400"
"201900023810";"14";"11";"2019";"12:28";"1";"92";"92062";"1";"1";"1";"1";"RN1014 W";"48,8913110";"2,2385889"
"201900023811";"15";"11";"2019";"10:30";"1";"92";"92036";"1";"1";"3";"2";"AUTOROUTE A15";"48,9429812";"2,2884663"
"201900023812";"15";"11";"2019";"09:30";"1";"93";"93005";"1";"1";"3";"7";"AUTOROUTE A1";"48,9583800";"2,4637400"
"201900023813";"15";"11";"2019";"09:00";"1";"93";"93066";"1";"1";"3";"2";"AUTOROUTE A86";"48,9253300";"2,3394900"
"201900023814";"15";"11";"2019";"08:30";"1";"95";"95678";"1";"1";"2";"7";"RN 184";"49,0672400";"2,2169400"
"201900023815";"15";"11";"2019";"00:15";"3";"93";"93005";"1";"1";"1";"5";"AUTOROUTE A3";"48,9666700";"2,4776400"
"201900023816";"14";"11";"2019";"22:50";"3";"93";"93010";"1";"1";"1";"2";"AUTOROUTE A3";"48,9019400";"2,4703400"
"201900023817";"14";"11";"2019";"18:30";"5";"93";"93008";"1";"1";"1";"2";"AUTOROUTE A86";"48,9086300";"2,4495000"
"201900023818";"14";"11";"2019";"08:30";"1";"93";"93027";"1";"1";"2";"7";"AUTOROUTE A86";"48,9244800";"2,3899800"
"201900023819";"14";"11";"2019";"08:00";"1";"93";"93053";"1";"1";"1";"6";"AUTOROUTE A3";"48,8818200";"2,4544700"
"201900023820";"14";"11";"2019";"09:30";"1";"94";"94017";"1";"1";"1";"3";"A4";"48,8265000";"2,5192000"
"201900023821";"13";"11";"2019";"18:40";"3";"94";"94022";"1";"1";"1";"2";"A86 EXT";"48,7728000";"2,4023000"
"201900023822";"12";"11";"2019";"20:10";"3";"77";"77169";"1";"1";"1";"6";"A4.Y";"48,8329200";"2,5947640"
"201900023823";"13";"11";"2019";"10:10";"1";"83";"83050";"1";"1";"1";"6";"TUTTLINGEN(AVENUE DE)";"43,5304900";"6,4445700"
"201900023824";"12";"11";"2019";"18:00";"2";"63";"63113";"2";"1";"1";"6";"ROOSEVELT (AVENUE FRANKLIN)";"45,7770089";"3,0750407"
"201900023825";"7";"11";"2019";"19:40";"5";"26";"26362";"2";"1";"1";"6";"ROMANS AVENUE DE (103)";"44,9346300";"4,9071400"
"201900023826";"21";"4";"2019";"02:35";"5";"987";"98719";"1";"1";"1";"7";"Village de RIKITEA";" -23,1057140";" -134,9682890"
"201900023827";"8";"11";"2019";"16:35";"1";"83";"83062";"1";"1";"1";"2";"A570";"43,1434000";"6,0142000"
"201900023828";"14";"11";"2019";"07:10";"1";"988";"98818";"2";"3";"1";"3";"RUE JACQUES IEKAWE/JEAN MOULIN";" -22,2257300";"166,4807800"
"201900023829";"30";"10";"2019";"18:10";"1";"974";"97416";"1";"1";"1";"7";"RN1";" -21,3104700";"55,4344400"
"201900023830";"13";"11";"2019";"08:20";"1";"974";"97416";"1";"1";"1";"5";"RN02";" -21,3500300";"55,5045000"
"201900023831";"14";"11";"2019";"18:55";"5";"974";"97409";"2";"1";"2";"7";"MORIN(CHEMIN)";" -20,9700100";"55,6465200"
"201900023832";"14";"11";"2019";"07:35";"1";"974";"97409";"2";"9";"2";"2";"LAGOURGUE(CHEMIN)";" -20,9466100";"55,6641100"
"201900023833";"14";"11";"2019";"08:00";"1";"973";"97302";"2";"9";"1";"3";"MONT LUCAS 1 (CITE)";"4,9259900";" -52,2990500"
"201900023834";"14";"11";"2019";"17:30";"5";"69";"69386";"2";"7";"4";"3";"GRANDE BRETAGNE (DE)                (AV)";"45,7736500";"4,8418200"
"201900023835";"14";"11";"2019";"13:40";"1";"69";"69383";"2";"2";"3";"3";"FERDINAND BUISSON                   (R )";"45,7516800";"4,8949400"
"201900023836";"14";"11";"2019";"10:40";"1";"69";"69387";"2";"1";"3";"6";"GUILLOTIERE (DE LA)                 (GR)";"45,7529300";"4,8453600"
"201900023837";"14";"11";"2019";"09:15";"1";"69";"69388";"2";"1";"3";"6";"FRERES LUMIERE (DES)                (AV)";"45,7436100";"4,8727600"
"201900023838";"14";"11";"2019";"17:56";"5";"972";"97209";"2";"1";"1";"6";"CORIDON (AVENUE DE)";"14,6228300";" -61,0579000"
"201900023839";"14";"11";"2019";"13:05";"1";"972";"97209";"1";"9";"1";"3";"CHATEAUBOEUF (ROUTE DE)";"14,6173100";" -61,0471100"
"201900023840";"14";"11";"2019";"08:50";"1";"972";"97209";"2";"1";"2";"6";"REDOUTE (ROUTE DE LA)";"14,6172380";" -61,0618530"
"201900023841";"13";"11";"2019";"18:30";"5";"972";"97209";"1";"1";"1";"2";"AUTOROUTE (A1)";"14,6166300";" -61,0427700"
"201900023842";"12";"11";"2019";"12:25";"1";"69";"69081";"2";"3";"1";"3";"JEAN MARIE VIANNEY              CH";"45,7942800";"4,7707400"
"201900023843";"14";"11";"2019";"07:15";"2";"69";"69142";"2";"1";"3";"6";"MULATIERE (DE LA)                   (PT)";"45,7296900";"4,8160600"
"201900023844";"13";"11";"2019";"12:10";"1";"69";"69202";"2";"4";"1";"2";"BARON DU MARAIS (DU)                (BD)";"45,7316600";"4,8025800"
"201900023845";"12";"11";"2019";"08:15";"1";"2B";"2B037";"1";"1";"1";"4";"TOUTES RUES";"42,6124500";"9,4377100"
"201900023846";"14";"11";"2019";"14:20";"1";"971";"97120";"2";"1";"1";"6";"HANNE (BOULEVARD)";"16,2395200";" -61,5312500"
"201900023847";"13";"11";"2019";"13:05";"1";"971";"97101";"2";"1";"1";"6";"NEREE";"16,2656965";" -61,5048464"
"201900023848";"14";"11";"2019";"22:35";"3";"95";"95585";"2";"5";"1";"3";"RD 301";"48,9915900";"2,3602800"
"201900023849";"14";"11";"2019";"10:00";"1";"95";"95088";"2";"9";"8";"3";"RTE DES FLANDRES ";"48,9597000";"2,4482000"
"201900023850";"13";"11";"2019";"13:47";"1";"87";"87085";"2";"1";"1";"6";"SAINTE FELICITE (RUE ET PLACE)";"45,8216000";"1,2648400"
"201900023851";"14";"11";"2019";"01:20";"3";"83";"83062";"2";"1";"1";"7";"SAVELS (AVENUE DES)";"43,1190000";"5,9992000"
"201900023852";"12";"11";"2019";"07:00";"5";"80";"80021";"2";"1";"2";"2";"STRASBOURG (BOULEVARD DE)";"49,8887050";"2,2778010"
"201900023853";"13";"11";"2019";"18:15";"2";"76";"76474";"2";"1";"1";"6";"RN 27 (ROUTE DE DIEPPE)";"49,4889100";"1,0491000"
"201900023854";"13";"11";"2019";"23:15";"5";"76";"76351";"2";"1";"2";"6";"PEUPLIERS (DES)";"49,5063700";"0,1502800"
"201900023855";"13";"11";"2019";"18:30";"5";"72";"72181";"2";"1";"1";"2";"FONDERIE (RUE DE LA)";"48,0064600";"0,1891900"
"201900023856";"12";"11";"2019";"18:45";"5";"67";"67482";"2";"1";"1";"6";"OSLO (RUE D )";"48,5794200";"7,7732700"
"201900023857";"8";"11";"2019";"11:55";"1";"67";"67482";"2";"1";"1";"6";"KASTNER (ALLEE)";"48,5959500";"7,7779500"
"201900023858";"13";"11";"2019";"17:40";"3";"64";"64335";"1";"1";"8";"4";"D817";"43,3449299";" -0,4211208"
"201900023859";"13";"11";"2019";"07:50";"2";"64";"64445";"2";"4";"2";"1";"RECTEUR JEAN SARRAILH";"43,3100097";" -0,3691704"
"201900023860";"13";"11";"2019";"18:15";"5";"62";"62826";"2";"2";"3";"3";"PICARDIE (AVENUE DE)";"50,5173100";"1,6101800"
"201900023861";"10";"11";"2019";"21:50";"3";"62";"62178";"1";"9";"2";"7";"D 188";"50,4908300";"2,6029600"
"201900023862";"14";"11";"2019";"23:35";"5";"62";"62310";"2";"1";"1";"6";"ARMENTIERES ( ANCIENNE ROUTE D' )";"50,5422900";"2,6526700"
"201900023863";"14";"11";"2019";"15:50";"1";"60";"60057";"2";"1";"1";"6";"FITZGERALD J. KENNEDY (AV) - RUE DU PARC";"49,4120100";"2,1065400"
"201900023864";"14";"11";"2019";"08:40";"2";"60";"60057";"1";"9";"2";"4";"RD 901";"49,4539200";"2,0963600"
"201900023865";"14";"11";"2019";"07:00";"5";"59";"59599";"2";"1";"2";"6";"SEMARD (PLACE PIERRE)";"50,7170370";"3,1679180"
"201900023866";"31";"10";"2019";"15:05";"1";"59";"59560";"1";"9";"8";"3";"R.D. 549";"50,5521800";"3,0454500"
"201900023867";"12";"11";"2019";"15:20";"1";"59";"59636";"2";"1";"1";"3";"QUESNOY RUE DE";"50,6922800";"3,0529800"
"201900023868";"11";"11";"2019";"22:50";"3";"57";"57672";"2";"3";"2";"6";"GENERAL DE CASTELNAU (RUE DU)";"49,3547300";"6,1629600"
"201900023869";"14";"11";"2019";"17:03";"5";"54";"54304";"2";"1";"2";"7";"AIGUILLETTES  (BD 16 A 22-21 SEUL)";"48,6784650";"6,1439360"
"201900023870";"10";"11";"2019";"01:10";"3";"54";"54395";"2";"1";"1";"7";"GUYNEMER (RUE DU CAPITAINE)";"48,6997600";"6,1392400"
"201900023871";"13";"11";"2019";"16:37";"1";"54";"54274";"2";"1";"1";"7";"SONGEUR (RUE LEON)";"48,6601980";"6,1999925"
"201900023872";"29";"10";"2019";"13:00";"1";"54";"54491";"1";"3";"1";"1";"lieu dit sancy gare";"49,3442440";"5,9121430"
"201900023873";"14";"11";"2019";"18:05";"5";"50";"50147";"1";"1";"2";"1";"ECOULANDERIE";"49,0558800";" -1,4636900"
"201900023874";"12";"11";"2019";"09:08";"1";"49";"49007";"2";"1";"1";"4";"ATLANTIQUE  AVENUE DE L'";"47,4606600";" -0,5723200"
"201900023875";"14";"11";"2019";"19:55";"5";"45";"45004";"2";"1";"1";"1";"RUE DU DOCTEUR SCHWEITZER";"48,0017580";"2,7744420"
"201900023876";"14";"11";"2019";"18:42";"5";"37";"37122";"2";"1";"1";"6";"CHINON (BOULEVARD DE)";"47,3549400";"0,6968500"
"201900023877";"14";"11";"2019";"09:40";"1";"37";"37208";"2";"1";"1";"4";"BEAUGAILLARD (AVENUE)";"47,3600300";"0,7212600"
"201900023878";"15";"11";"2019";"00:30";"5";"33";"33200";"2";"6";"1";"6";"RUE DE CHAVAILLES";"44,8764700";" -0,6831700"
"201900023879";"14";"11";"2019";"19:40";"5";"33";"33039";"2";"1";"2";"2";"BD ALBERT 1ER";"44,8132100";" -0,5631100"
"201900023880";"4";"11";"2019";"12:44";"1";"33";"33063";"2";"1";"2";"6";"CRS DE L'ARGONNE";"44,8250300";" -0,5781900"
"201900023881";"14";"11";"2019";"07:22";"3";"31";"31555";"2";"1";"2";"6";"SAINT EXUPERY (AV ANTOINE DE ) DU 2AU 23";"43,5853600";"1,4663500"
"201900023882";"14";"11";"2019";"13:30";"1";"25";"25056";"2";"1";"3";"6";"CAUSSES RUE DES";"47,2176300";"5,9661900"
"201900023883";"25";"10";"2019";"17:25";"1";"24";"24037";"2";"1";"1";"6";"NEUVE (RUE D'ARGENSON)";"44,8528000";"0,4870200"
"201900023884";"14";"11";"2019";"08:10";"1";"17";"17300";"2";"1";"2";"2";"MONNET   AVENUE JEAN";"46,1451700";" -1,1528200"
"201900023885";"12";"11";"2019";"08:25";"1";"14";"14536";"1";"1";"4";"1";"CD 580";"49,4126200";"0,2800300"
"201900023886";"14";"11";"2019";"20:30";"5";"13";"13071";"2";"1";"2";"3";"ROUTE NATIONALE 113 - RENARDIERE";"43,4110000";"5,3108000"
"201900023887";"9";"11";"2019";"01:10";"5";"13";"13077";"2";"1";"1";"3";"RN 568";"43,4218500";"4,9773000"
"201900023888";"13";"11";"2019";"14:15";"1";"13";"13213";"2";"2";"1";"3";"OLIVES (AVENUE DES)";"43,3287500";"5,4319000"
"201900023889";"14";"11";"2019";"09:55";"1";"13";"13005";"2";"1";"3";"6";"RN 8";"43,2893100";"5,5574700"
"201900023890";"13";"11";"2019";"17:55";"5";"4";"04070";"2";"1";"8";"6";"RD 900A  Av Demontzey";"44,0944000";"6,2304000"
"201900023891";"13";"11";"2019";"16:12";"1";"2";"02408";"2";"2";"1";"3";"WINSTON CHURCHILL (RUE)";"49,5660829";"3,6361367"
"201900023892";"14";"11";"2019";"07:15";"2";"75";"75115";"2";"1";"1";"3";"BD PERIPHERIQUE INTERIEUR";"48,8256096";"2,3009625"
"201900023893";"13";"11";"2019";"18:10";"5";"75";"75112";"2";"1";"1";"6";"BD PERIPHERIQUE EXTERIEUR";"48,8367960";"2,4126110"
"201900023894";"12";"11";"2019";"07:30";"1";"75";"75112";"2";"1";"1";"4";"BD PERIPHERIQUE INTERIEUR";"48,8386920";"2,4129990"
"201900023895";"14";"11";"2019";"13:33";"1";"75";"75108";"2";"7";"8";"4";"PLACE DE LA CONCORDE";"48,8667728";"2,3220940"
"201900023896";"14";"11";"2019";"19:33";"5";"75";"75118";"2";"1";"1";"1";"BOULEVARD BARBES";"48,8892990";"2,3496000"
"201900023897";"14";"11";"2019";"09:55";"1";"75";"75118";"2";"2";"1";"3";"BOULEVARD DE ROCHECHOUART";"48,8838370";"2,3494780"
"201900023898";"13";"11";"2019";"19:55";"3";"75";"75116";"2";"2";"1";"5";"ROUTE DE LA PTE DAUPHINE A LA PTE DES SA";"48,8749121";"2,2711113"
"201900023899";"14";"11";"2019";"02:15";"5";"75";"75116";"2";"2";"2";"6";"ALLEE DE LA REINE MARGUERITE";"48,8585708";"2,2448792"
"201900023900";"13";"11";"2019";"18:35";"2";"75";"75116";"2";"4";"1";"2";"RUE D AUTEUIL";"48,8480220";"2,2631130"
"201900023901";"13";"11";"2019";"18:50";"5";"75";"75115";"2";"7";"1";"6";"RUE CAMBRONNE";"48,8421111";"2,3030704"
"201900023902";"14";"11";"2019";"13:00";"1";"75";"75114";"2";"1";"1";"3";"BD PERIPHERIQUE EXTERIEUR";"48,8237151";"2,3089573"
"201900023903";"13";"11";"2019";"18:55";"5";"75";"75111";"2";"7";"1";"3";"PLACE DE LA NATION";"48,8490976";"2,3947339"
"201900023904";"14";"11";"2019";"02:10";"5";"75";"75110";"2";"3";"2";"3";"RUE DU FAUBOURG SAINT DENIS";"48,8812830";"2,3581180"
"201900023905";"13";"11";"2019";"11:35";"1";"75";"75110";"2";"1";"2";"3";"RUE DE L AQUEDUC";"48,8824474";"2,3640507"
"201900023906";"13";"11";"2019";"23:30";"5";"75";"75108";"2";"7";"2";"6";"PLACE DE LA CONCORDE";"48,8653090";"2,3215160"
"201900023907";"13";"11";"2019";"09:55";"1";"75";"75108";"2";"5";"8";"3";"RUE D EDIMBOURG";"48,8795160";"2,3217950"
"201900023908";"14";"11";"2019";"07:30";"2";"75";"75104";"2";"2";"8";"7";"RUE DES ARCHIVES";"48,8575117";"2,3542392"
"201900023909";"13";"11";"2019";"13:00";"1";"75";"75104";"2";"1";"1";"4";"BOULEVARD BEAUMARCHAIS";"48,8551522";"2,3686500"
"201900023910";"14";"11";"2019";"10:55";"1";"94";"94068";"2";"3";"1";"3";"RABELAIS (BD)";"48,8068000";"2,4775000"
"201900023911";"13";"11";"2019";"17:45";"5";"94";"94046";"2";"1";"1";"6";"GENERAL DE GAULLE (AV DU)";"48,8080781";"2,4248503"
"201900023912";"13";"11";"2019";"15:50";"2";"94";"94028";"2";"1";"1";"3";"HALPERN.(AVENUE BERNARD)";"48,7930100";"2,4426400"
"201900023913";"13";"11";"2019";"13:20";"1";"94";"94022";"2";"1";"1";"2";"VICTOR HUGO (AV)";"48,7679000";"2,4179000"
"201900023914";"13";"11";"2019";"19:00";"5";"93";"93066";"2";"9";"1";"3";"CROISAT AMBROISE RD 29 BIS";"48,9333600";"2,3481100"
"201900023915";"12";"11";"2019";"23:45";"5";"93";"93055";"2";"2";"2";"3";"JULES AUFFRET (1/49 ET 2/54)";"48,8891800";"2,4099100"
"201900023916";"14";"11";"2019";"15:50";"1";"93";"93063";"2";"2";"8";"3";"MONTREUIL ROUTE DE";"48,8746300";"2,4477100"
"201900023917";"2";"11";"2019";"18:45";"5";"93";"93050";"2";"1";"1";"2";"JEAN STEPHAN (RUE)";"48,8600000";"2,5500000"
"201900023918";"14";"11";"2019";"12:35";"1";"93";"93048";"2";"1";"8";"3";"HENRI BARBUSSE (BOULEVARD)";"48,8691800";"2,4411700"
"201900023919";"13";"11";"2019";"22:20";"5";"93";"93005";"2";"2";"1";"3";"PREFET CHALEIL (CD44) (RUE DU)";"48,9399700";"2,5047900"
"201900023920";"14";"11";"2019";"16:00";"1";"93";"93079";"2";"3";"1";"3";"SAINT LEU (ROUTE)";"48,9496540";"2,3415760"
"201900023921";"14";"11";"2019";"17:25";"5";"93";"93047";"2";"1";"1";"2";"COUBRON (RUE DE )";"48,9031900";"2,5770800"
"201900023922";"13";"11";"2019";"08:15";"1";"93";"93014";"2";"1";"8";"1";"JEAN MOULIN (AVENUE)";"48,9083000";"2,5549300"
"201900023923";"14";"11";"2019";"17:15";"1";"93";"93008";"2";"1";"8";"6";"REPUBLIQUE (RUE DE LA)";"48,9075800";"2,4292100"
"201900023924";"13";"11";"2019";"23:10";"5";"93";"93046";"2";"2";"1";"1";"KENNEDY AVENUE DU PRESIDENT";"48,9165310";"2,5315620"
"201900023925";"13";"11";"2019";"20:09";"5";"92";"92046";"2";"1";"1";"6";"AVAULEE (RUE)";"48,8150500";"2,2889500"
"201900023926";"14";"11";"2019";"07:40";"2";"92";"92072";"2";"1";"1";"2";"PAVE DES GARDES (ROUTE DU)";"48,8119836";"2,2144547"
"201900023927";"13";"11";"2019";"20:15";"5";"92";"92050";"2";"1";"1";"3";"SURESNES RUE DE";"48,8836500";"2,2157100"
"201900023928";"30";"8";"2019";"16:00";"1";"92";"92044";"2";"2";"1";"6";"PDT WILSON(RUE)77A105 ET 76A108";"48,8951326";"2,2876548"
"201900023929";"14";"11";"2019";"09:25";"1";"92";"92040";"2";"1";"1";"3";"GALLIENI (BOULEVARD)";"48,8239000";"2,2678600"
"201900023930";"13";"11";"2019";"17:05";"2";"92";"92060";"2";"2";"1";"3";"GALILEE (AVENUE)";"48,7720600";"2,2448600"
"201900023931";"13";"11";"2019";"15:55";"1";"92";"92032";"2";"1";"2";"3";"LOMBARD (AVENUE)";"48,7867100";"2,2933400"
"201900023932";"14";"11";"2019";"22:50";"5";"92";"92007";"2";"1";"1";"6";"VERDUN (RUE DE) N° IMPAIRS";"48,8019700";"2,3216100"
"201900023933";"15";"11";"2019";"09:57";"1";"63";"63307";"1";"1";"8";"1";"Saulzet-le-Chaud";"45,7087570";"3,0693350"
"201900023934";"12";"11";"2019";"15:50";"1";"37";"37092";"1";"2";"1";"3";"D910";"47,5338860";"0,8423340"
"201900023935";"13";"11";"2019";"16:14";"1";"12";"12300";"2";"6";"1";"3";"Cote du Mas de Bonnet";"44,3530810";"2,0184000"
"201900023936";"15";"11";"2019";"01:38";"3";"80";"80385";"1";"1";"1";"6";"A16";"50,1398720";"1,8104330"
"201900023937";"8";"11";"2019";"08:30";"1";"33";"33225";"1";"1";"3";"1";"505 Grand Boiste";"44,5740400";" -0,4071900"
"201900023938";"21";"10";"2019";"16:25";"1";"971";"97132";"1";"1";"1";"6";"N1";"15,9850500";" -61,6191640"
"201900023939";"14";"11";"2019";"18:35";"3";"35";"35244";"2";"1";"1";"4";"D175";"48,3767280";" -1,4957500"
"201900023940";"15";"11";"2019";"07:30";"2";"2B";"2B077";"1";"1";"8";"7";"T10";"42,4707910";"9,4869590"
"201900023941";"13";"11";"2019";"15:55";"1";"32";"32005";"1";"1";"2";"5";"CD 931";"43,7495780";" -0,0682570"
"201900023942";"15";"11";"2019";"14:30";"1";"63";"63021";"1";"4";"1";"1";"9 Route d'Authezat";"45,6558000";"3,1949210"
"201900023943";"15";"11";"2019";"08:30";"1";"49";"49223";"2";"4";"1";"3";"Route de Cholet";"47,3996790";" -0,5317980"
"201900023944";"14";"11";"2019";"18:45";"5";"42";"42302";"2";"1";"4";"4";"Avenue du Valjoly";"45,4923630";"4,4354080"
"201900023945";"11";"11";"2019";"21:00";"5";"47";"47203";"2";"2";"2";"1";"Avenue de la Libération";"44,3939723";"0,8070928"