"Num_Acc";"jour";"mois";"an";"hrmn";"lum";"dep";"com";"agg";"int";"atm";"col";"adr";"lat";"long"
"201900023946";"15";"11";"2019";"16:40";"1";"34";"34142";"2";"1";"1";"6";"5 Rue Neuve des Marches";"43,7313660";"3,3215840"
"201900023947";"31";"10";"2019";"15:00";"1";"34";"34021";"1";"1";"1";"7";"D612";"43,4497880";"2,9124190"
"201900023948";"14";"11";"2019";"14:20";"1";"39";"39441";"1";"3";"8";"4";"Les Jacobeys";"46,4511730";"6,0475450"
"201900023949";"1";"11";"2019";"13:45";"2";"38";"38224";"2";"1";"8";"3";"Route du lac";"44,8735620";"5,7160060"
"201900023950";"14";"11";"2019";"18:20";"3";"3";"03232";"1";"1";"3";"7";"N/A";"46,2254796";"3,4644206"
"201900023951";"29";"1";"2019";"15:50";"1";"68";"68154";"2";"6";"1";"3";"Rue du repos";"47,7637760";"7,3475790"
"201900023952";"26";"1";"2019";"12:00";"1";"67";"67055";"2";"3";"2";"4";"D5, intersection avec la rue du camping";"48,3282240";"7,6910690"
"201900023953";"31";"1";"2019";"13:25";"1";"54";"54115";"2";"3";"1";"7";"rue de Nancy";"48,7340650";"6,1688740"
"201900023954";"31";"1";"2019";"08:15";"1";"74";"74003";"1";"1";"4";"1";"RD16";"45,9053180";"6,2056300"
"201900023955";"31";"1";"2019";"10:35";"1";"26";"26322";"1";"6";"1";"3";"D541";"44,3969010";"5,0444870"
"201900023956";"24";"1";"2019";"13:30";"1";"69";"69176";"2";"6";"8";"3";"D25";"45,6776400";"4,6930300"
"201900023957";"31";"1";"2019";"12:35";"1";"69";"69143";"2";"6";"1";"3";"7 quai pasteur";"45,8761860";"4,8384540"
"201900023958";"29";"1";"2019";"11:59";"1";"17";"17240";"2";"2";"2";"3";"Carrefour route de Chardes / Boulevard de saintonge";"45,2886810";" -0,4021070"
"201900023959";"31";"1";"2019";"08:10";"2";"33";"33519";"2";"2";"3";"3";"Intersection Chemin de Mathyadeux et avenue du Stade";"44,9159200";" -0,6810100"
"201900023960";"29";"1";"2019";"01:10";"3";"33";"33051";"1";"1";"1";"1";"D650";"44,6270800";" -0,9919700"
"201900023961";"24";"1";"2019";"15:00";"1";"72";"72154";"1";"1";"1";"3";"Lieu dit les brosses route du lude";"47,6884280";" -0,0193370"
"201900023962";"29";"1";"2019";"08:40";"1";"44";"44033";"1";"1";"3";"3";"D17 LA TOUCHE HAUTE";"47,3942050";" -1,9638940"
"201900023963";"30";"1";"2019";"11:45";"1";"29";"29124";"2";"9";"2";"6";"06 rue Fernand LE CORRE";"48,5700450";" -4,3176500"
"201900023964";"30";"1";"2019";"17:20";"1";"62";"62014";"2";"1";"1";"6";"Boulevard foch";"50,6386240";"2,4029890"
"201900023965";"28";"1";"2019";"05:45";"4";"13";"13214";"1";"1";"1";"6";"A7-Sens Marseille vers Lyon";"43,3276070";"5,3780960"
"201900023966";"29";"1";"2019";"07:45";"2";"57";"57303";"1";"1";"2";"2";"Autoroute A31";"49,2111900";"6,1746800"
"201900023967";"25";"1";"2019";"17:25";"2";"54";"54304";"1";"1";"1";"4";"Autoroute 33";"48,6949100";"6,1130200"
"201900023968";"29";"1";"2019";"04:49";"4";"94";"94065";"1";"1";"1";"4";"AUTOROUTE A106";"48,7587800";"2,3471200"
"201900023969";"29";"1";"2019";"08:52";"1";"92";"92062";"1";"1";"1";"2";"A14";"48,8937814";"2,2323239"
"201900023970";"29";"1";"2019";"08:34";"1";"78";"78090";"1";"1";"1";"4";"A13";"48,9704420";"1,9013830"
"201900023971";"28";"1";"2019";"16:24";"1";"78";"78423";"1";"1";"1";"2";"A12 W";"48,7950290";"2,0416030"
"201900023972";"28";"1";"2019";"11:40";"1";"78";"78362";"1";"1";"1";"4";"A13";"48,9775280";"1,7137940"
"201900023973";"29";"1";"2019";"13:10";"1";"93";"93048";"1";"1";"1";"5";"AUTOROUTE A3";"48,8727000";"2,4348000"
"201900023974";"29";"1";"2019";"10:45";"1";"93";"93066";"1";"1";"1";"2";"AUTOROUTE A1";"48,9317000";"2,3705900"
"201900023975";"29";"1";"2019";"10:00";"1";"95";"95241";"1";"1";"1";"4";"RN 104";"49,0467000";"2,4563400"
"201900023976";"28";"1";"2019";"12:20";"1";"93";"93001";"1";"1";"1";"3";"AUTOROUTE A86";"48,9213500";"2,3694000"
"201900023977";"29";"1";"2019";"02:45";"4";"93";"93006";"1";"1";"1";"2";"AUTOROUTE A3";"48,8658000";"2,4169000"
"201900023978";"28";"1";"2019";"17:30";"1";"93";"93066";"1";"1";"1";"3";"AUTOROUTE A1";"48,9189900";"2,3573600"
"201900023979";"27";"1";"2019";"18:53";"3";"95";"95582";"1";"1";"2";"2";"AUTOROUTE A15";"48,9653200";"2,2596100"
"201900023980";"27";"1";"2019";"15:27";"1";"95";"95018";"1";"1";"2";"6";"AUTOROUTE A15";"48,9573200";"2,2748500"
"201900023981";"27";"1";"2019";"16:45";"1";"93";"93078";"1";"1";"1";"6";"AUTOROUTE A104";"48,9630100";"2,5224000"
"201900023982";"27";"1";"2019";"15:00";"3";"92";"92036";"2";"1";"2";"6";"AUTOROUTE A15";"48,9392400";"2,2943182"
"201900023983";"26";"1";"2019";"20:50";"3";"95";"95607";"1";"1";"2";"7";"AUTOROUTE A115";"49,0282000";"2,2034000"
"201900023984";"26";"1";"2019";"17:08";"2";"95";"95018";"1";"1";"2";"2";"AUTOROUTE A15";"48,9596900";"2,2719200"
"201900023985";"26";"1";"2019";"20:56";"3";"93";"93005";"1";"1";"2";"5";"AUTOROUTE A3";"48,9679600";"2,4795100"
"201900023986";"30";"1";"2019";"20:45";"5";"94";"94033";"1";"1";"2";"6";"A86.EXT";"48,8504420";"2,4901960"
"201900023987";"29";"1";"2019";"15:00";"1";"94";"94073";"1";"1";"1";"2";"A86 INT";"48,7652570";"2,3796084"
"201900023988";"29";"1";"2019";"09:45";"1";"77";"77337";"1";"1";"1";"2";"A4";"48,8299698";"2,6146660"
"201900023989";"29";"1";"2019";"09:30";"1";"94";"94018";"1";"1";"1";"2";"A4";"48,8194000";"2,4060000"
"201900023990";"27";"1";"2019";"06:00";"3";"71";"71486";"1";"1";"1";"7";"RN 70 (ROUTE EXPRESS)";"46,6552500";"4,3305400"
"201900023991";"28";"1";"2019";"08:00";"1";"38";"38185";"2";"3";"2";"6";"QUAI JONGKIND X Rue MENON";"45,2008000";"5,7353000"
"201900023992";"28";"1";"2019";"05:15";"5";"14";"14220";"2";"1";"1";"6";"AGUSTE-DECAENS (RUE)";"49,3538818";"0,0895668"
"201900023993";"27";"1";"2019";"20:45";"5";"94";"94017";"2";"3";"1";"2";"MAURICE THOREZ (AV)";"48,8083096";"2,5360662"
"201900023994";"16";"1";"2019";"22:55";"5";"976";"97611";"2";"9";"1";"7";"passamanty-Sada ( rue de )";" -12,8043100";"45,2109600"
"201900023995";"27";"1";"2019";"12:10";"1";"974";"97416";"2";"9";"1";"3";"GENERAL DE GAULLE (RN2)";" -21,3619616";"55,5327069"
"201900023996";"27";"1";"2019";"19:30";"4";"974";"97411";"2";"9";"1";"3";"LECONTE DE LISLE (AVENUE)";" -20,8957400";"55,4902900"
"201900023997";"28";"1";"2019";"05:20";"5";"973";"97302";"2";"1";"1";"3";"BADUEL (ROUTE DE)";"4,9384084";" -52,3171306"
"201900023998";"28";"1";"2019";"11:55";"1";"69";"69388";"2";"1";"1";"7";"JEAN MERMOZ                         (AV)";"45,7360100";"4,8706200"
"201900023999";"28";"1";"2019";"11:00";"1";"69";"69383";"2";"2";"2";"3";"MAZENOD                             (R )";"45,7592100";"4,8523300"
"201900024000";"28";"1";"2019";"08:35";"1";"69";"69383";"2";"1";"2";"6";"LACASSAGNE                          (AV)";"45,7467300";"4,8848900"
"201900024001";"27";"1";"2019";"14:30";"1";"972";"97209";"2";"3";"1";"3";"CHATEAUBOEUF (ROUTE DE)";"14,6183200";" -61,0458100"
"201900024002";"27";"1";"2019";"12:45";"1";"69";"69384";"2";"1";"1";"2";"PAILLERON                           (R )";"45,7794700";"4,8337100"
"201900024003";"28";"1";"2019";"17:00";"1";"971";"97101";"1";"2";"1";"3";"LACROIX";"16,2400000";" -61,5275900"
"201900024004";"28";"1";"2019";"14:45";"1";"82";"82121";"2";"1";"1";"6";"10EME DRAGONS (AVENUE DU)";"44,0226800";"1,3477600"
"201900024005";"26";"1";"2019";"21:50";"5";"80";"80489";"2";"1";"1";"2";"57, R HENRI BARBUSSE";"49,8719400";"2,3540000"
"201900024006";"26";"1";"2019";"20:00";"5";"80";"80021";"2";"1";"1";"6";"3, ALL DELPHINIUM";"49,8751700";"2,2741300"
"201900024007";"25";"1";"2019";"01:22";"5";"78";"78646";"2";"1";"1";"7";"MARECHAL JOFFRE (RUE DU)";"48,7932800";"2,1201400"
"201900024008";"26";"1";"2019";"12:00";"1";"78";"78646";"2";"2";"1";"3";"PARIS (AVENUE DE)";"48,7994500";"2,1406800"
"201900024009";"28";"1";"2019";"08:30";"1";"78";"78005";"2";"6";"1";"6";"LENINE (AVENUE)";"48,9598800";"2,0629500"
"201900024010";"28";"1";"2019";"19:25";"3";"77";"77335";"1";"1";"8";"5";"RN3 (ROUTE NATIONALE)";"48,9589100";"2,8334600"
"201900024011";"26";"1";"2019";"06:25";"5";"76";"76540";"2";"1";"1";"1";"EUROPE. BOULEVARD DE L'";"49,4339800";"1,0772800"
"201900024012";"26";"1";"2019";"04:50";"5";"76";"76351";"2";"1";"1";"7";"VERDUN (RUE DE)";"49,5022400";"0,1695900"
"201900024013";"25";"1";"2019";"16:40";"1";"76";"76305";"1";"1";"1";"6";"RD 6015";"49,5165000";"0,2408600"
"201900024014";"28";"1";"2019";"13:10";"1";"69";"69290";"2";"1";"1";"3";"NICEPHORE NIEPCE                    (R )";"45,6808200";"4,9698700"
"201900024015";"25";"1";"2019";"13:40";"1";"67";"67482";"2";"1";"8";"3";"PAUL ELUARD (RUE)";"48,5881100";"7,6974600"
"201900024016";"26";"1";"2019";"10:50";"1";"66";"66136";"2";"1";"1";"6";"GUYNEMER (AVENUE GEORGES)";"42,6955000";"2,9041200"
"201900024017";"28";"1";"2019";"08:15";"2";"65";"65440";"2";"2";"3";"6";"DEBUSSY (BOULEVARD CLAUDE)";"43,2200270";"0,0658420"
"201900024018";"26";"1";"2019";"19:55";"5";"64";"64024";"2";"1";"1";"1";"MER (BOULEVARD DE LA)";"43,4946400";" -1,5433100"
"201900024019";"26";"1";"2019";"18:50";"1";"64";"64102";"2";"6";"1";"3";"Bd Alsace Lorraine";"43,4952900";" -1,4702000"
"201900024020";"26";"1";"2019";"10:50";"1";"64";"64102";"2";"6";"2";"7";"PAUL PRAS (AVENUE)";"43,4817700";" -1,4772800"
"201900024021";"28";"1";"2019";"21:00";"3";"62";"62479";"1";"1";"1";"6";"Roger Salengro, rue";"50,5249400";"2,5858800"
"201900024022";"28";"1";"2019";"13:40";"1";"59";"59410";"2";"1";"1";"6";"LANGUEDOC RUE DU";"50,6422700";"3,1137000"
"201900024023";"18";"1";"2019";"23:40";"5";"56";"56260";"2";"6";"2";"6";"Giratoire de Ste Anne";"47,6640200";" -2,7807300"
"201900024024";"26";"1";"2019";"21:35";"5";"56";"56098";"2";"1";"6";"7";"JAURES (RUE  JEAN )";"47,7705000";" -3,3494000"
"201900024025";"25";"1";"2019";"18:55";"1";"56";"56121";"2";"1";"1";"2";"PETIT PARADIS ( IMP DU )";"47,7623300";" -3,3898200"
"201900024026";"26";"1";"2019";"16:45";"1";"50";"50129";"2";"1";"8";"6";"GUYNEMER (RUE GEORGES)";"49,6360000";" -1,6059700"
"201900024027";"25";"1";"2019";"13:10";"1";"49";"49328";"2";"3";"1";"6";"NANTILLY (RUE)";"47,2531600";" -0,0778900"
"201900024028";"25";"1";"2019";"07:40";"2";"49";"49007";"2";"2";"1";"3";"MOULIN BOULEVARD";"47,4920900";" -0,5557900"
"201900024029";"22";"1";"2019";"07:54";"2";"49";"49007";"2";"1";"2";"5";"RD 323";"47,4690400";" -0,5887900"
"201900024030";"25";"1";"2019";"08:40";"4";"49";"49007";"2";"1";"1";"6";"BEDIER BOULEVARD";"47,4510400";" -0,5475200"
"201900024031";"28";"1";"2019";"18:21";"5";"45";"45232";"2";"9";"1";"6";"Parking Leclerc";"47,8422700";"1,9169300"
"201900024032";"28";"1";"2019";"08:45";"1";"45";"45234";"2";"3";"1";"3";"R LADUREAU - R DE LA GARE";"47,9120170";"1,9031440"
"201900024033";"28";"1";"2019";"17:10";"1";"44";"44162";"2";"1";"1";"6";"BOULEVARD SALVADOR ALLENDE";"47,2222800";" -1,6387100"
"201900024034";"28";"1";"2019";"07:42";"2";"42";"42095";"2";"9";"4";"6";"HUGO (RUE VICTOR)";"45,3824130";"4,2788650"
"201900024035";"26";"1";"2019";"06:00";"3";"41";"41212";"1";"1";"1";"2";"RD 174";"47,5620000";"1,3728000"
"201900024036";"17";"1";"2019";"07:29";"5";"36";"36044";"2";"1";"1";"6";"130 AVENUE D'ARGENTON";"46,8009809";"1,6707820"
"201900024037";"15";"1";"2019";"11:47";"1";"36";"36044";"2";"3";"1";"4";"231 AVENUE DE VERDUN";"46,7979414";"1,6983407"
"201900024038";"27";"1";"2019";"19:30";"5";"35";"35238";"1";"1";"1";"3";"PORTE DE LORIENT";"48,1069600";" -1,7171700"
"201900024039";"28";"1";"2019";"21:00";"5";"34";"34172";"2";"2";"1";"1";"ASSAS (AVENUE D')";"43,6170450";"3,8611860"
"201900024040";"28";"1";"2019";"16:50";"1";"34";"34172";"2";"1";"1";"2";"GRAND SAINT JEAN (RUE DU)";"43,6052900";"3,8753100"
"201900024041";"21";"1";"2019";"19:08";"5";"33";"33069";"2";"3";"1";"3";"AVE VICTOR HUGO";"44,8686400";" -0,5918290"
"201900024042";"27";"1";"2019";"12:10";"1";"31";"31555";"1";"1";"1";"3";"VA007331 A620";"43,5739500";"1,4495400"
"201900024043";"26";"1";"2019";"00:15";"3";"31";"31069";"1";"1";"2";"2";"VOIE LACTEE (RD902)";"43,6613000";"1,3617100"
"201900024044";"25";"1";"2019";"19:20";"5";"31";"31149";"2";"1";"2";"7";"QUATORZIEME R.I. (BOULEVARD DU)";"43,6144200";"1,3316300"
"201900024045";"25";"1";"2019";"18:35";"5";"31";"31555";"1";"1";"1";"2";"VA007306 A64";"43,5462400";"1,4024600"
"201900024046";"27";"1";"2019";"03:50";"5";"30";"30189";"2";"2";"1";"3";"BOEGNER PASTEUR MARC (BOULEVARD)";"43,8201000";"4,3357000"
"201900024047";"26";"1";"2019";"23:50";"5";"29";"29019";"2";"1";"6";"7";"PARIS ( 33 ET 42 A FIN)";"48,4103300";" -4,4553700"
"201900024048";"28";"1";"2019";"22:40";"5";"25";"25056";"2";"1";"2";"3";"DOLE RUE DE (sup 200)";"47,2262430";"5,9771870"
"201900024049";"26";"1";"2019";"09:50";"1";"17";"17306";"2";"1";"1";"6";"SOURCE (DE LA)";"45,6278950";" -1,0320600"
"201900024050";"28";"1";"2019";"16:40";"1";"13";"13209";"2";"1";"1";"6";"GRAND PRE (AVENUE)";"43,2619900";"5,4150500"
"201900024051";"28";"1";"2019";"09:55";"1";"13";"13206";"2";"2";"1";"3";"ITALIE (RUE D')";"43,2888400";"5,3829000"
"201900024052";"27";"1";"2019";"11:40";"1";"13";"13028";"1";"1";"1";"1";"CD 559";"43,1863100";"5,6727300"
"201900024053";"28";"1";"2019";"07:43";"1";"11";"11262";"1";"1";"1";"2";"RD 6009 NARBONNE - PERPIGNAN";"43,1539770";"2,9802700"
"201900024054";"28";"1";"2019";"05:40";"5";"6";"06069";"2";"1";"6";"6";"CROISSET (AVENUE FR. DE)";"43,6684000";"6,9400000"
"201900024055";"28";"1";"2019";"14:30";"1";"6";"06027";"2";"1";"1";"2";"RENOIR AVENUE AUGUSTE";"43,6637300";"7,1488200"
"201900024056";"27";"1";"2019";"04:33";"5";"75";"75110";"2";"3";"8";"6";"RUE DE L AQUEDUC";"48,8794900";"2,3577440"
"201900024057";"16";"1";"2019";"10:00";"1";"75";"75106";"2";"3";"1";"3";"QUAI DES GRANDS AUGUSTINS";"48,8542930";"2,3431650"
"201900024058";"28";"1";"2019";"08:00";"1";"75";"75118";"2";"1";"1";"6";"RUE LAMARCK";"48,8901910";"2,3370130"
"201900024059";"26";"1";"2019";"19:30";"5";"75";"75116";"2";"7";"2";"3";"PLACE DE LA PORTE D AUTEUIL";"48,8479070";"2,2585600"
"201900024060";"28";"1";"2019";"17:00";"1";"75";"75115";"2";"1";"1";"3";"RUE DE LOURMEL";"48,8438930";"2,2864470"
"201900024061";"26";"1";"2019";"22:46";"5";"75";"75115";"2";"3";"2";"3";"RUE LECOURBE";"48,8446750";"2,3095790"
"201900024062";"26";"1";"2019";"22:20";"5";"75";"75115";"2";"7";"2";"6";"PLACE D ALLERAY";"48,8362890";"2,3064740"
"201900024063";"28";"1";"2019";"13:40";"1";"75";"75113";"2";"1";"1";"6";"RUE LACHELIER";"48,8196550";"2,3660120"
"201900024064";"28";"1";"2019";"12:35";"1";"75";"75103";"2";"2";"8";"6";"BOULEVARD BEAUMARCHAIS";"48,8558010";"2,3684840"
"201900024065";"28";"1";"2019";"22:30";"5";"75";"75110";"2";"1";"1";"6";"RUE DE DUNKERQUE";"48,8797510";"2,3550670"
"201900024066";"28";"1";"2019";"10:45";"1";"75";"75101";"2";"1";"1";"6";"BOULEVARD DE LA MADELEINE";"48,8696840";"2,3266750"
"201900024067";"28";"1";"2019";"22:00";"5";"94";"94074";"2";"6";"1";"3";"THEODULE JOURDAIN (rue)";"48,7704400";"2,4469300"
"201900024068";"28";"1";"2019";"12:25";"1";"94";"94077";"2";"3";"1";"3";"REPUBLIQUE (VLA DE LA)";"48,7331100";"2,4224900"
"201900024069";"28";"1";"2019";"01:07";"5";"94";"94078";"2";"1";"2";"4";"PARIS (rue de )";"48,7451750";"2,4465230"
"201900024070";"28";"1";"2019";"07:40";"2";"94";"94022";"2";"1";"1";"6";"VICTOR HUGO (AV)";"48,7678000";"2,4172500"
"201900024071";"28";"1";"2019";"13:50";"1";"94";"94075";"2";"1";"1";"6";"TILLEULS (ALL DES)";"48,7284000";"2,5241000"
"201900024072";"28";"1";"2019";"11:00";"1";"93";"93045";"2";"1";"1";"6";"PARIS RUE DE";"48,8787940";"2,4122580"
"201900024073";"27";"1";"2019";"19:45";"5";"93";"93032";"2";"9";"2";"6";"JULES GUESDES  (RUE, DU 2 AU 96 ET DE 1";"48,8787400";"2,5471900"
"201900024074";"28";"1";"2019";"20:50";"5";"93";"93057";"2";"3";"1";"6";"CASANOVA (AL. DANIELLE) 2 A 84";"48,9073600";"2,4957900"
"201900024075";"15";"1";"2019";"19:20";"1";"92";"92075";"2";"3";"1";"6";"DANTON";"48,8241500";"2,2980360"
"201900024076";"25";"1";"2019";"19:00";"5";"92";"92025";"2";"1";"3";"6";"PRESIDENT SALVADOR ALLENDE (RUE DU)";"48,9221960";"2,2356560"
"201900024077";"28";"1";"2019";"14:10";"1";"92";"92012";"2";"1";"1";"2";"EDOUARD VAILLANT (AVENUE) 57/FIN - 58/FI";"48,8343348";"2,2458961"
"201900024078";"28";"1";"2019";"16:00";"1";"8";"08362";"1";"1";"8";"7";"RD 30";"49,5032730";"4,4042930"
"201900024079";"15";"1";"2019";"07:20";"3";"34";"34095";"1";"1";"1";"1";"D185";"43,5527290";"3,7997640"
"201900024080";"28";"1";"2019";"12:30";"1";"56";"56130";"2";"6";"1";"3";"Giratoire de la Madeleine";"47,7392400";" -3,2264100"
"201900024081";"17";"1";"2019";"10:10";"1";"2B";"2B096";"2";"1";"1";"6";"avenue du 9 septembre";"42,3015960";"9,1550860"
"201900024082";"28";"1";"2019";"21:30";"3";"80";"80282";"2";"1";"9";"6";"1 rue de PONT REMY";"50,0518790";"1,8933850"
"201900024083";"29";"1";"2019";"09:24";"1";"71";"71202";"1";"3";"7";"2";"Gué de Nifette";"46,8656630";"4,7942110"
"201900024084";"29";"1";"2019";"19:00";"5";"89";"89345";"2";"1";"1";"1";"13 rue Mont Armance";"47,9981350";"3,7275660"
"201900024085";"28";"1";"2019";"18:30";"3";"41";"41257";"1";"1";"1";"7";"route départementale 30 - PK 9+300";"47,3905530";"1,3283620"
"201900024086";"27";"1";"2019";"19:00";"3";"86";"86235";"1";"1";"9";"6";"CD12";"46,4015980";"0,4436400"
"201900024087";"26";"1";"2019";"19:00";"3";"44";"44173";"1";"1";"2";"5";"77 route de la maine";"47,0800660";" -1,3483920"
"201900024088";"27";"1";"2019";"16:50";"1";"35";"35039";"2";"2";"1";"3";"échangeur de la croix rouge";"48,1056040";" -1,4854870"
"201900024089";"16";"1";"2019";"22:30";"3";"29";"29112";"1";"1";"1";"3";"route de brélès";"48,4766850";" -4,7380570"
"201900024090";"27";"1";"2019";"14:30";"1";"29";"29130";"2";"3";"1";"3";"kerfily";"48,3639632";" -4,6687942"
"201900024091";"28";"1";"2019";"17:30";"4";"3";"03254";"2";"3";"1";"1";"route de Loriges";"46,3021177";"3,2984124"
"201900024092";"28";"1";"2019";"20:45";"3";"72";"72230";"1";"1";"1";"4";"CD 323, le bruon";"47,8504470";"0,0946070"
"201900024093";"28";"1";"2019";"08:14";"1";"6";"06023";"2";"1";"1";"3";"Boulevard Jean JAURES";"43,9402150";"7,5163550"
"201900024094";"28";"1";"2019";"09:35";"1";"18";"18099";"1";"1";"9";"6";"D6";"47,0706080";"2,8815790"
"201900024095";"28";"1";"2019";"16:10";"1";"4";"04049";"2";"3";"1";"3";"RN 85 / Ch St Pierre";"44,0910280";"6,0098620"
"201900024096";"29";"1";"2019";"07:50";"5";"27";"27563";"2";"1";"2";"6";"51 ROUTE DE QUILLEBEUF";"49,3703080";"0,5227250"
"201900024097";"28";"1";"2019";"21:45";"5";"27";"27685";"2";"1";"1";"6";"18 route d'Evreux";"48,9130310";"0,7526390"
"201900024098";"29";"1";"2019";"10:50";"1";"17";"17396";"1";"1";"2";"2";"CD 115";"46,2216690";" -0,8775680"
"201900024099";"24";"1";"2019";"19:00";"5";"38";"38530";"1";"1";"1";"7";"RD1006";"45,6193470";"5,1820710"
"201900024100";"29";"1";"2019";"08:00";"1";"1";"01099";"1";"1";"1";"5";"A42 - PK 032.600";"45,9095350";"5,2426540"
"201900024101";"22";"1";"2019";"07:30";"3";"14";"14555";"1";"1";"2";"4";"autoroute A13,PK 173+200, sens CAEN - PARIS";"49,3089458";"0,3006915"
"201900024102";"27";"1";"2019";"16:56";"1";"21";"21590";"1";"1";"1";"6";"Autoroute A6";"47,0582270";"4,8202850"
"201900024103";"29";"1";"2019";"07:00";"2";"2B";"2B307";"2";"1";"1";"3";"RT10";"42,3820620";"9,5301970"
"201900024104";"29";"1";"2019";"07:20";"2";"34";"34058";"1";"1";"1";"5";"D21";"43,7155500";"3,9472300"
"201900024105";"29";"1";"2019";"13:30";"1";"6";"06048";"2";"1";"1";"1";"avenue charles alluni";"43,7983600";"7,3244100"
"201900024106";"28";"1";"2019";"08:00";"1";"67";"67028";"1";"1";"2";"3";"PK 23.300";"48,3654280";"7,6019390"
"201900024107";"21";"1";"2019";"07:15";"5";"1";"01032";"2";"1";"1";"6";"D84B - Place de la valbonne";"45,8486143";"5,1240814"
"201900024108";"28";"1";"2019";"17:40";"4";"31";"31291";"1";"1";"2";"5";"D65";"43,5992490";"1,2782090"
"201900024109";"29";"1";"2019";"07:05";"3";"85";"85208";"1";"1";"2";"3";"La Fumoire";"46,8549700";" -1,4069500"
"201900024110";"28";"1";"2019";"19:15";"3";"49";"49021";"1";"1";"1";"2";"Route départementale 7, route de la MENITRE";"47,4337140";" -0,2258870"
"201900024111";"26";"1";"2019";"04:00";"3";"69";"69290";"1";"1";"1";"2";"A46S   40.883 A 43.680";"45,6904600";"4,9658800"
"201900024112";"27";"1";"2019";"06:12";"4";"33";"33167";"1";"1";"2";"6";"ROUTE NATIONALE 230";"44,8218500";" -0,5152300"
"201900024113";"27";"1";"2019";"16:25";"1";"91";"91340";"1";"1";"1";"6";"RN 104";"48,6089700";"2,4350800"
"201900024114";"26";"1";"2019";"09:55";"1";"91";"91340";"1";"1";"2";"2";"RN 104";"48,6088700";"2,4349000"
"201900024115";"26";"1";"2019";"09:52";"1";"91";"91340";"1";"1";"2";"6";"RN 104";"48,6088700";"2,4349000"
"201900024116";"27";"1";"2019";"20:55";"3";"92";"92036";"2";"1";"2";"2";"AUTOROUTE A15";"48,9392134";"2,2943294"
"201900024117";"20";"1";"2019";"16:40";"1";"93";"93048";"1";"1";"1";"4";"AUTOROUTE A1086";"48,8740300";"2,4443400"
"201900024118";"27";"1";"2019";"23:30";"3";"77";"77373";"1";"1";"1";"6";"RN104";"48,7669400";"2,6135800"
"201900024119";"26";"1";"2019";"22:15";"3";"94";"94073";"1";"1";"2";"6";"A86 EXT";"48,7707490";"2,3872950"
"201900024120";"16";"1";"2019";"05:55";"3";"94";"94065";"1";"1";"1";"4";"A86 INT";"48,7492200";"2,3499300"
"201900024121";"25";"1";"2019";"17:20";"1";"69";"69264";"2";"1";"1";"4";"BURDEAU BD";"45,9975100";"4,7327000"
"201900024122";"27";"1";"2019";"03:00";"5";"988";"98818";"2";"2";"2";"2";"ROUTE DE L'ANSE VATA/RUE SAUVAN";" -22,2963300";"166,4451000"
"201900024123";"27";"1";"2019";"14:30";"1";"974";"97409";"1";"1";"2";"6";"RN2 Sens Ste Suzanne / St Benoit";" -20,9428460";"55,6480470"
"201900024124";"26";"1";"2019";"02:35";"5";"973";"97302";"1";"1";"1";"7";"ROUTE NATIONALE 1";"4,9104239";" -52,3250699"
"201900024125";"27";"1";"2019";"19:50";"5";"69";"69387";"2";"2";"1";"7";"SEBASTIEN GRYPHE                    (R )";"45,7519800";"4,8438300"
"201900024126";"27";"1";"2019";"12:25";"1";"69";"69259";"2";"2";"1";"2";"AMBROISE CROIZAT                    (BD)";"45,7005000";"4,8875100"
"201900024127";"11";"10";"2019";"06:45";"2";"30";"30217";"1";"1";"1";"3";"D111";"43,9740420";"4,6900020"
"201900024128";"10";"10";"2019";"18:45";"1";"56";"56033";"2";"6";"1";"3";"Rue Abbé de la Vallière";"47,8181812";" -2,1327008"
"201900024129";"9";"10";"2019";"16:15";"1";"79";"79080";"1";"1";"1";"1";"N/A";"46,7040000";" -0,2834140"
"201900024130";"10";"10";"2019";"18:15";"1";"2B";"2B145";"1";"1";"1";"6";"D6";"42,4732280";"9,4282540"
"201900024131";"10";"10";"2019";"17:30";"1";"63";"63074";"2";"3";"1";"3";"intersection route de Villeneuve et rue des 4 vents";"45,4648250";"3,2089700"
"201900024132";"11";"10";"2019";"15:30";"1";"63";"63010";"1";"1";"1";"3";"D906";"45,4302034";"3,7243879"
"201900024133";"12";"8";"2019";"13:45";"1";"61";"61339";"2";"2";"1";"2";"Rue Aristide Briand (Putanges-Pont-Écrepin)";"48,7645010";" -0,2468540"
"201900024134";"10";"10";"2019";"13:40";"1";"55";"55163";"1";"1";"1";"7";"D 904";"49,0575360";"5,7163370"
"201900024135";"9";"10";"2019";"18:20";"1";"49";"49345";"1";"2";"2";"3";"départementale 84";"47,2092380";" -0,5123940"
"201900024136";"5";"10";"2019";"08:50";"1";"49";"49338";"1";"1";"1";"7";"Les Huttieres";"47,3789060";" -0,5110060"
"201900024137";"11";"10";"2019";"12:05";"1";"47";"47264";"2";"4";"1";"3";"route de Paris";"44,6099220";"0,3569170"
"201900024138";"11";"10";"2019";"14:30";"1";"86";"86271";"1";"1";"1";"5";"D725";"46,7985640";"0,2401550"