"Num_Acc";"jour";"mois";"an";"hrmn";"lum";"dep";"com";"agg";"int";"atm";"col";"adr";"lat";"long"
"201900024139";"6";"10";"2019";"05:10";"3";"34";"34224";"1";"1";"1";"7";"CD909";"43,4449052";"3,2138398"
"201900024140";"10";"10";"2019";"16:55";"1";"68";"68068";"2";"1";"7";"7";"rue de cernay";"47,6313150";"7,1202090"
"201900024141";"11";"10";"2019";"11:15";"1";"44";"44064";"1";"1";"1";"5";"La Senardière";"47,0928581";" -1,3122269"
"201900024142";"10";"10";"2019";"13:45";"1";"29";"29239";"2";"3";"1";"3";"68 Rue Albert de Mun";"48,7228740";" -3,9869310"
"201900024143";"10";"10";"2019";"18:50";"2";"29";"29068";"1";"2";"1";"1";"D19";"48,5798940";" -3,9323210"
"201900024144";"10";"10";"2019";"22:45";"5";"2";"02290";"2";"1";"1";"6";"23A Avenue du Général de Gaulle";"49,0319720";"3,3769030"
"201900024145";"10";"10";"2019";"06:15";"3";"15";"15127";"1";"1";"1";"6";"N122";"45,2259220";"3,1229340"
"201900024146";"11";"10";"2019";"07:50";"2";"72";"72275";"1";"1";"2";"1";"l'ormeau";"48,0777690";"0,3264580"
"201900024147";"11";"10";"2019";"17:00";"1";"64";"64417";"2";"6";"1";"3";"Cours Pasteur";"43,1795250";" -0,2588340"
"201900024148";"10";"10";"2019";"16:30";"1";"10";"10034";"2";"3";"1";"6";"rue gambetta";"48,1111480";"4,3759810"
"201900024149";"10";"10";"2019";"15:38";"1";"10";"10051";"1";"1";"1";"6";"N77 PR 22+600";"48,1953320";"3,9986180"
"201900024150";"10";"10";"2019";"23:40";"3";"16";"16188";"1";"1";"1";"6";"Les Chavants";"45,7650780";"0,5805770"
"201900024151";"27";"9";"2019";"13:45";"1";"24";"24107";"1";"2";"2";"1";"Croix de la Garenne";"45,3641000";"0,7547300"
"201900024152";"29";"9";"2019";"09:35";"1";"4";"04189";"1";"1";"1";"6";"RD 952";"43,7577770";"5,9201700"
"201900024153";"10";"10";"2019";"14:20";"1";"4";"04001";"1";"1";"1";"7";"RN 85";"44,0491220";"6,1422630"
"201900024154";"14";"9";"2019";"00:00";"3";"28";"28280";"1";"1";"1";"2";"D955 PK105";"48,3310120";"0,7908890"
"201900024155";"10";"10";"2019";"08:00";"1";"37";"37124";"2";"2";"1";"1";"2 Rue de la Croix";"47,3677880";"0,7805570"
"201900024156";"10";"10";"2019";"19:30";"5";"37";"37050";"2";"9";"1";"3";"Mail de la Papoterie";"47,3381820";"0,7360500"
"201900024157";"10";"10";"2019";"15:50";"1";"48";"48123";"2";"3";"1";"6";"Maison de retraite";"44,6908910";"3,0225850"
"201900024158";"7";"10";"2019";"22:07";"5";"38";"38193";"2";"1";"1";"6";"10 Rue Hemingway";"45,6174740";"5,2454910"
"201900024159";"11";"10";"2019";"04:50";"3";"57";"57611";"1";"1";"1";"1";"PR 005.220";"48,6572160";"6,9341930"
"201900024160";"6";"10";"2019";"03:30";"3";"38";"38193";"1";"1";"1";"6";"A43";"45,6126860";"5,2090350"
"201900024161";"11";"10";"2019";"06:35";"3";"27";"27701";"1";"1";"1";"4";"A13";"49,2323520";"1,2047170"
"201900024162";"9";"10";"2019";"19:15";"3";"988";"98828";"1";"1";"2";"7";"RP5";" -21,5821820";"165,8224810"
"201900024163";"11";"9";"2019";"11:30";"1";"974";"97413";"1";"1";"1";"6";"78 Chemin Laurency Rivière";" -21,1493350";"55,3128240"
"201900024164";"10";"10";"2019";"17:45";"2";"37";"37195";"2";"1";"1";"6";"LOUIS XI (RUE)";"47,3851032";"0,6636223"
"201900024165";"11";"10";"2019";"07:55";"1";"2B";"2B303";"1";"1";"1";"7";"Stollo, CASELLA";"42,2917780";"9,5068030"
"201900024166";"11";"10";"2019";"11:30";"1";"4";"04034";"1";"1";"1";"7";"RD 4B au dessus A 51";"43,9254040";"5,8956170"
"201900024167";"9";"10";"2019";"01:30";"3";"13";"13004";"1";"1";"1";"7";"route départementale 36, PR 16 +100 - LE SAMBUC";"43,5458050";"4,6840070"
"201900024168";"10";"10";"2019";"23:10";"3";"13";"13097";"1";"1";"1";"3";"Saint-Martin-de-Crau";"43,5937148";"4,7606022"
"201900024169";"11";"10";"2019";"09:23";"1";"67";"67348";"2";"1";"1";"6";"13 rue du Général Leclerc";"48,4622930";"7,4810310"
"201900024170";"11";"10";"2019";"03:40";"3";"57";"57027";"1";"1";"2";"1";"D 999";"48,9720140";"6,5323110"
"201900024171";"22";"8";"2019";"18:30";"1";"57";"57663";"2";"1";"1";"6";"82 rue de metz";"49,2368490";"6,1684790"
"201900024172";"18";"9";"2019";"17:34";"1";"38";"38537";"1";"1";"1";"7";"D1006";"45,6288500";"5,1582660"
"201900024173";"11";"10";"2019";"18:00";"1";"38";"38412";"1";"1";"1";"7";"Avenue Victor Hugo";"45,3849500";"5,7133500"
"201900024174";"11";"10";"2019";"16:45";"1";"69";"69255";"2";"1";"1";"1";"17 Avenue du Docteur Serullaz";"45,7357000";"4,6611400"
"201900024175";"10";"10";"2019";"20:40";"5";"81";"81271";"2";"2";"1";"1";"Carrefour Avenue des terres noires avec impasse des terres noires";"43,7686610";"1,6693260"
"201900024176";"21";"9";"2019";"22:00";"3";"33";"33101";"1";"1";"1";"2";"D137 route de saintes";"45,1982300";" -0,5916500"
"201900024177";"10";"10";"2019";"15:35";"1";"29";"29255";"1";"1";"1";"7";"Mesperennes";"48,5748129";" -4,2532826"
"201900024178";"28";"9";"2019";"22:45";"3";"35";"35178";"1";"1";"8";"6";"RD 23 - Lieu dit ""Truille""";"48,2942140";" -1,4212730"
"201900024179";"11";"10";"2019";"12:10";"1";"60";"60612";"2";"9";"1";"6";"Boulevard du Montauban";"49,2056185";"2,5789358"
"201900024180";"11";"9";"2019";"21:00";"3";"13";"13071";"1";"1";"1";"2";"A55-Sens Martigues vers Marseille";"43,3905594";"5,3022417"
"201900024181";"9";"10";"2019";"08:20";"1";"13";"13106";"1";"1";"1";"5";"A51-Sens Aix en Provence vers Marseille";"43,4034809";"5,3573282"
"201900024182";"27";"9";"2019";"16:45";"1";"67";"67152";"1";"1";"1";"3";"Route Nationale 83";"48,5307800";"7,6931400"
"201900024183";"9";"10";"2019";"17:30";"1";"59";"59346";"1";"1";"2";"6";"ROUTE NATIONALE 227";"50,6054856";"3,1297951"
"201900024184";"9";"10";"2019";"23:48";"3";"91";"91521";"1";"1";"1";"2";"RN 104";"48,6343100";"2,4041200"
"201900024185";"9";"10";"2019";"21:45";"3";"91";"91136";"1";"9";"1";"6";"AUTOROUTE A10";"48,7106700";"2,2875000"
"201900024186";"10";"10";"2019";"17:10";"1";"92";"92036";"1";"1";"1";"7";"RN315 W";"48,9218687";"2,3058868"
"201900024187";"10";"10";"2019";"08:35";"1";"78";"78007";"1";"1";"1";"2";"A13";"48,8955190";"2,0070710"
"201900024188";"9";"10";"2019";"18:05";"2";"92";"92047";"1";"1";"2";"6";"A13";"48,8364338";"2,1846948"
"201900024189";"10";"10";"2019";"18:30";"1";"95";"95582";"1";"1";"1";"4";"AUTOROUTE A15";"48,9662200";"2,2575300"
"201900024190";"10";"10";"2019";"18:00";"1";"93";"93027";"1";"1";"1";"3";"AUTOROUTE A1";"48,9346700";"2,3989800"
"201900024191";"10";"10";"2019";"11:50";"1";"93";"93066";"1";"1";"1";"2";"AUTOROUTE A1";"48,9190300";"2,3573100"
"201900024192";"10";"10";"2019";"09:25";"1";"95";"95572";"1";"1";"1";"2";"AUTOROUTE A15";"49,0351800";"2,0986400"
"201900024193";"9";"10";"2019";"10:30";"1";"93";"93027";"1";"1";"2";"6";"AUTOROUTE A86";"48,9285900";"2,4156800"
"201900024194";"9";"10";"2019";"08:10";"2";"95";"95675";"1";"1";"2";"3";"AUTOROUTE A1";"49,0602700";"2,5514700"
"201900024195";"8";"10";"2019";"19:45";"5";"95";"95555";"1";"1";"2";"2";"RD 170";"48,9703700";"2,2755800"
"201900024196";"10";"10";"2019";"12:40";"1";"77";"77363";"1";"1";"1";"2";"A104";"48,9144667";"2,6346808"
"201900024197";"10";"10";"2019";"08:30";"1";"94";"94018";"1";"1";"1";"5";"A4";"48,8183000";"2,3957700"
"201900024198";"10";"10";"2019";"08:00";"1";"94";"94069";"1";"1";"1";"3";"A4";"48,8171789";"2,4279898"
"201900024199";"7";"10";"2019";"18:00";"1";"77";"77249";"1";"1";"1";"7";"RN104";"48,7346600";"2,6109800"
"201900024200";"7";"10";"2019";"09:45";"1";"974";"97409";"2";"9";"1";"3";"HYPPOLITE FOUCQUE(RUE)";" -20,9651800";"55,6503500"
"201900024201";"12";"6";"2019";"10:05";"1";"69";"69264";"2";"1";"1";"6";"SAINT-EXUPERY  AV";"45,9910500";"4,7118600"
"201900024202";"9";"10";"2019";"02:30";"5";"54";"54395";"2";"2";"1";"7";"ARC ( RUE JEANNE D'N";"48,6748420";"6,1804820"
"201900024203";"8";"10";"2019";"14:50";"1";"54";"54025";"1";"1";"2";"1";"RD2";"48,6488000";"6,2773000"
"201900024204";"8";"10";"2019";"12:20";"1";"54";"54395";"2";"2";"2";"3";"LECLERC (AV. DU GENE";"48,6841200";"6,1859500"
"201900024205";"8";"10";"2019";"20:21";"5";"45";"45302";"2";"9";"8";"3";"RUE MARCEL PAUL";"47,9432525";"1,9073716"
"201900024206";"6";"7";"2019";"11:20";"1";"41";"41018";"2";"1";"1";"3";"FONTAINE (RUE JEAN DE LA)";"47,5802500";"1,3004300"
"201900024207";"9";"10";"2019";"12:40";"1";"38";"38544";"2";"1";"2";"1";"CD 41";"45,5175300";"4,9117300"
"201900024208";"18";"9";"2019";"18:49";"1";"17";"17461";"2";"1";"7";"1";"ROCHE (DE LA)";"45,6479000";" -1,0548000"
"201900024209";"8";"10";"2019";"17:45";"1";"13";"13204";"2";"1";"1";"6";"BERANGER (RUE)";"43,3038800";"5,4026000"
"201900024210";"9";"10";"2019";"07:30";"1";"988";"98818";"2";"3";"3";"6";"FLAUBERT (RUE GUSTAVE)";" -22,2829900";"166,4433300"
"201900024211";"9";"10";"2019";"17:30";"1";"973";"97309";"2";"6";"1";"3";"SUZINI (CARREFOUR)";"4,9264900";" -52,2899800"
"201900024212";"8";"10";"2019";"17:55";"1";"973";"97302";"2";"2";"1";"6";"MANGO (ROUTE)";"4,9296032";" -52,3151103"
"201900024213";"9";"10";"2019";"12:45";"1";"69";"69387";"2";"2";"1";"3";"JEAN JAURES                         (AV)";"45,7488600";"4,8440500"
"201900024214";"9";"10";"2019";"08:30";"1";"69";"69387";"2";"2";"2";"6";"GUILLOTIERE (DE LA)                 (GR)";"45,7504310";"4,8498500"
"201900024215";"9";"10";"2019";"08:00";"2";"69";"69387";"2";"1";"2";"7";"GUILLOTIERE (DE LA)                 (PT)";"45,7564700";"4,8394400"
"201900024216";"8";"10";"2019";"11:40";"1";"972";"97209";"1";"6";"1";"3";"RN9";"14,6116600";" -61,0426700"
"201900024217";"8";"10";"2019";"18:30";"5";"972";"97209";"2";"1";"1";"2";"RD 41 (ROCADE)";"14,6156130";" -61,0535280"
"201900024218";"7";"10";"2019";"07:53";"1";"972";"97209";"2";"1";"2";"3";"BALATA (ROUTE DE)";"14,6322700";" -61,0732900"
"201900024219";"9";"10";"2019";"16:25";"1";"69";"69389";"2";"1";"1";"4";"ST CYR (DE)                         (R )";"45,7873200";"4,8085600"
"201900024220";"9";"10";"2019";"14:30";"1";"69";"69389";"2";"3";"1";"3";"ROSA PARKS                        (AV)";"45,7867800";"4,7868300"
"201900024221";"9";"10";"2019";"07:25";"4";"69";"69286";"2";"3";"2";"3";"Route de Strasbourg";"45,8132800";"4,8875400"
"201900024222";"9";"10";"2019";"06:40";"5";"69";"69382";"2";"1";"1";"2";"TILSITT                             (QU)";"45,7551000";"4,8259000"
"201900024223";"8";"10";"2019";"08:00";"1";"69";"69081";"2";"3";"8";"5";"MONT LOUIS (DE)                         ";"45,7897900";"4,7883200"
"201900024224";"9";"10";"2019";"21:25";"5";"2B";"2B033";"2";"1";"1";"7";"BASSANESE - HLM";"42,6800000";"9,4400000"
"201900024225";"9";"10";"2019";"11:22";"1";"2A";"2A004";"2";"3";"1";"2";"BIANCAMARIA COLONEL ET CAPITAINE AVE";"41,9335400";"8,7370500"
"201900024226";"9";"10";"2019";"23:40";"5";"95";"95539";"2";"5";"1";"5";"DIVISION LECLERC (AVENUE DE LA )";"48,9959980";"2,3507310"
"201900024227";"8";"10";"2019";"06:05";"5";"95";"95500";"2";"1";"3";"6";"PLACE NOTRE-DAME ";"49,0493700";"2,0926900"
"201900024228";"9";"10";"2019";"18:15";"1";"91";"91691";"2";"1";"2";"2";"RAYMOND POINCARE(RUE)";"48,7227000";"2,4995900"
"201900024229";"9";"10";"2019";"18:40";"1";"91";"91174";"2";"1";"1";"6";"08 MAI 1945 (AVENUE)";"48,6108600";"2,4513000"
"201900024230";"9";"10";"2019";"12:19";"1";"87";"87085";"2";"1";"1";"2";"TOULOUSE (RUE DE)";"45,8210500";"1,2761700"
"201900024231";"8";"10";"2019";"11:14";"1";"87";"87085";"1";"6";"2";"7";"GROSSEREIX (ROND POINT DE)";"45,8939300";"1,2939200"
"201900024232";"9";"10";"2019";"17:45";"1";"85";"85191";"2";"2";"1";"1";"GUTEMBERG RUE (SECTEUR 311)";"46,6804800";" -1,4301000"
"201900024233";"8";"10";"2019";"14:15";"1";"83";"83126";"1";"1";"1";"6";"RENOIR (AV AUGUSTE)";"43,0841700";"5,8661100"
"201900024234";"8";"10";"2019";"12:38";"1";"83";"83126";"1";"9";"1";"2";"ECHANGEUR D'OLLIOULES";"43,1192700";"5,8527000"
"201900024235";"8";"10";"2019";"08:00";"2";"80";"80021";"2";"1";"8";"6";"TERRAL (RUE)";"49,9104860";"2,2936420"
"201900024236";"7";"10";"2019";"19:15";"5";"80";"80021";"2";"1";"2";"6";"BELU (QUAI)";"49,8980700";"2,3104700"
"201900024237";"8";"10";"2019";"18:15";"1";"78";"78440";"2";"1";"1";"5";"PAUL RAOULT (AVENUE)";"48,9819920";"1,9123070"
"201900024238";"30";"9";"2019";"19:25";"1";"77";"77123";"1";"1";"8";"6";"MOULIN DE L'OUACRE (CHEMIN RURAL DIT DU)";"48,9858281";"2,6691273"
"201900024239";"8";"10";"2019";"06:25";"5";"77";"77131";"2";"2";"3";"6";"D934 X RUE LEON LAHITTE";"48,8014747";"3,0865428"
"201900024240";"7";"10";"2019";"17:15";"1";"76";"76212";"2";"1";"1";"5";"LYONS LA FORET. ROUTE DE";"49,4352700";"1,1486400"
"201900024241";"8";"10";"2019";"19:20";"5";"72";"72181";"2";"1";"1";"6";"CLEMENCEAU GEORGES ( BD) N° PAIRS";"47,9784000";"0,2137000"
"201900024242";"9";"10";"2019";"18:00";"1";"69";"69282";"2";"2";"1";"2";"REPUBLIQUE (DE)                     (R )";"45,7695100";"4,9876600"
"201900024243";"9";"10";"2019";"16:40";"1";"69";"69256";"2";"1";"1";"6";"HENRI BARBUSSE                      (AV)";"45,7823200";"4,9180100"
"201900024244";"9";"10";"2019";"08:35";"1";"67";"67447";"2";"1";"8";"6";"SCHILTIGHEIM";"48,6131910";"7,7106350"
"201900024245";"8";"10";"2019";"09:17";"1";"66";"66136";"2";"1";"1";"6";"Napoleon Joseph Sarda-Garriga ( rue de )";"42,6923500";"2,8799600"
"201900024246";"8";"10";"2019";"10:00";"1";"66";"66136";"2";"2";"1";"3";"CANIGOU AVENUE DU";"42,6888200";"2,8788900"
"201900024247";"10";"10";"2019";"23:15";"5";"64";"64024";"2";"1";"1";"6";"ADOUR (AVENUE DE L')";"43,5269400";" -1,5204700"
"201900024248";"8";"10";"2019";"18:10";"1";"64";"64102";"2";"4";"1";"3";"SOULT (AVENUE MARECHAL)";"43,4857100";" -1,4913600"
"201900024249";"8";"10";"2019";"09:25";"1";"64";"64102";"2";"1";"1";"3";"HAURANNNE (AVENUE DUVERGIER DE)";"43,4809100";" -1,4635100"
"201900024250";"9";"10";"2019";"14:25";"1";"62";"62270";"1";"1";"3";"1";"CD 301";"50,4587880";"2,5401590"
"201900024251";"5";"10";"2019";"18:00";"1";"62";"62160";"2";"1";"1";"7";"GRANDE RUE";"50,7255800";"1,6112500"
"201900024252";"6";"10";"2019";"19:30";"5";"59";"59295";"2";"6";"3";"6";"AVENUE JEAN BART";"50,7316000";"2,5435600"
"201900024253";"8";"10";"2019";"19:55";"5";"59";"59153";"2";"1";"2";"7";"MONS (RUE DE )";"50,4583700";"3,5945000"
"201900024254";"7";"10";"2019";"17:15";"1";"58";"58194";"1";"1";"1";"1";"SAINT BENIN";"46,9870000";"3,1462000"
"201900024255";"6";"10";"2019";"06:54";"3";"56";"56083";"1";"1";"8";"6";"RN 165";"47,7878800";" -3,2776700"
"201900024256";"9";"10";"2019";"16:10";"1";"51";"51454";"2";"2";"2";"6";"BOULEVARD DE LA PAIX";"49,2550960";"4,0402472"
"201900024257";"9";"10";"2019";"07:53";"2";"50";"50173";"2";"2";"3";"5";"BENECERE (AVENUE DE)";"49,6587900";" -1,6874900"
"201900024258";"5";"10";"2019";"18:10";"1";"50";"50602";"1";"1";"1";"4";"VAL CANU (RUE DU)";"49,6381500";" -1,5450200"
"201900024259";"8";"10";"2019";"14:31";"1";"49";"49007";"2";"1";"1";"3";"STRASBOURG BOULEVARD";"47,4572188";" -0,5440275"
"201900024260";"8";"10";"2019";"10:29";"1";"49";"49246";"2";"1";"2";"1";"MONNAIE CHEMIN";"47,4452840";" -0,5135314"
"201900024261";"8";"10";"2019";"20:50";"3";"45";"45004";"1";"1";"8";"3";"RD 2060";"47,9967809";"2,7789451"
"201900024262";"9";"10";"2019";"12:05";"1";"43";"43157";"2";"1";"2";"3";"JOFFRE (BD. MARECHAL)";"45,0475400";"3,8929000"
"201900024263";"9";"10";"2019";"20:30";"5";"41";"41018";"2";"1";"1";"6";"BRIAND (QUAI ARISTIDE)";"47,5767800";"1,3283100"
"201900024264";"10";"10";"2019";"01:10";"5";"37";"37233";"2";"1";"1";"6";"ERIDENCE (RUE DE L')";"47,3928000";"0,7214000"
"201900024265";"9";"10";"2019";"12:50";"1";"37";"37261";"2";"1";"1";"7";"BERANGER (BOULEVARD)";"47,3894500";"0,6827700"
"201900024266";"9";"10";"2019";"00:30";"5";"34";"34172";"2";"2";"1";"3";"8 MAI 1945 (PLACE DU)";"43,6011000";"3,8682300"
"201900024267";"9";"10";"2019";"15:32";"1";"32";"32013";"1";"1";"1";"2";"DURAN (ROUTE DE)";"43,6569100";"0,5605700"
"201900024268";"9";"10";"2019";"06:35";"5";"31";"31557";"2";"1";"1";"3";"TARBES (ROUTE DE)";"43,5800000";"1,3327700"
"201900024269";"8";"10";"2019";"17:45";"1";"31";"31557";"2";"6";"1";"3";"RD PT TERRE ENVOL";"43,5947800";"1,3258000"
"201900024270";"9";"10";"2019";"00:10";"5";"31";"31555";"2";"1";"1";"6";"AV DE FRONTON";"43,6430700";"1,4335100"
"201900024271";"9";"10";"2019";"06:25";"3";"29";"29039";"1";"1";"2";"7";"RD 44";"47,9184000";" -3,9326700"
"201900024272";"8";"10";"2019";"13:25";"1";"28";"28134";"1";"1";"3";"3";"RN 12 (LES CHATELETS)";"48,7467000";"1,3897000"
"201900024273";"8";"10";"2019";"06:25";"5";"28";"28134";"2";"3";"2";"6";"KENNEDY (AVENUE DU PRESIDENT)";"48,7294500";"1,3830800"
"201900024274";"9";"10";"2019";"17:05";"1";"27";"27681";"2";"1";"2";"2";"JAURES (BOULEVARD JAURES)";"49,0958800";"1,4653400"
"201900024275";"9";"10";"2019";"16:46";"1";"25";"25056";"2";"1";"8";"4";"DOLE RUE DE (sup 200)";"47,2265500";"5,9785400"
"201900024276";"7";"10";"2019";"08:00";"5";"22";"22278";"2";"1";"2";"6";"CHAPTAL";"48,5126669";" -2,7378285"
"201900024277";"8";"10";"2019";"12:00";"1";"19";"19031";"2";"2";"1";"3";"ROLLAND (RUE ROMAIN) JUSQU'A N° 86 -61";"45,1606600";"1,5231600"
"201900024278";"1";"10";"2019";"16:30";"1";"13";"13039";"1";"1";"1";"3";"ROUTE NATIONALE 569";"43,4662870";"4,9321360"
"201900024279";"9";"10";"2019";"13:45";"1";"13";"13212";"2";"1";"1";"6";"SAINT JULIEN (AVENUE DE )";"43,3059970";"5,4190440"
"201900024280";"9";"10";"2019";"06:40";"5";"13";"13208";"2";"1";"1";"6";"MENDES FRANCE (AVENUE)";"43,2595000";"5,3757000"
"201900024281";"8";"10";"2019";"12:25";"1";"10";"10362";"1";"1";"2";"4";"ROCADE OUEST (RD 610)";"48,2821418";"4,0399458"
"201900024282";"8";"10";"2019";"21:44";"5";"6";"06104";"2";"1";"1";"6";"CAP MARTIN (PROMENADE DU)";"43,7571700";"7,4815470"
"201900024283";"7";"10";"2019";"09:35";"1";"5";"05061";"2";"1";"1";"7";"LADOUCETTE ( COURS )";"44,5614500";"6,0825000"
"201900024284";"8";"10";"2019";"13:25";"1";"4";"04070";"2";"1";"1";"2";"Bd Gambetta";"44,0890000";"6,2297800"
"201900024285";"9";"10";"2019";"17:05";"1";"1";"01053";"2";"9";"1";"3";"MAIL (AVENUE DU )";"46,2017218";"5,2085648"
"201900024286";"9";"10";"2019";"09:45";"1";"1";"01053";"2";"2";"3";"3";"ALSACE LORRAINE (AVENUE )";"46,2041300";"5,2242200"
"201900024287";"7";"10";"2019";"08:20";"1";"75";"75112";"2";"1";"1";"4";"BD PERIPHERIQUE INTERIEUR";"48,8395780";"2,4132460"
"201900024288";"9";"10";"2019";"10:20";"1";"75";"75118";"2";"5";"1";"6";"RUE JOSEPH DE MAISTRE";"48,8866328";"2,3326015"
"201900024289";"9";"10";"2019";"11:40";"1";"75";"75117";"2";"1";"2";"3";"RUE DE SAUSSURE";"48,8893730";"2,3070728"
"201900024290";"8";"10";"2019";"19:20";"5";"75";"75117";"2";"4";"2";"7";"BOULEVARD MALESHERBES";"48,8890067";"2,3042214"
"201900024291";"9";"10";"2019";"09:55";"1";"75";"75116";"2";"1";"2";"3";"ALLEE DE LONGCHAMP";"48,8648640";"2,2431770"
"201900024292";"9";"10";"2019";"12:32";"1";"75";"75116";"2";"3";"1";"3";"AVENUE D IENA";"48,8711380";"2,2955090"
"201900024293";"9";"10";"2019";"10:20";"1";"75";"75116";"2";"7";"2";"6";"AVENUE DU GENERAL SARRAIL";"48,8477942";"2,2574812"
"201900024294";"8";"10";"2019";"07:05";"5";"75";"75116";"2";"7";"2";"3";"PLACE DE VARSOVIE";"48,8603682";"2,2912153"
"201900024295";"9";"10";"2019";"20:30";"5";"75";"75115";"2";"2";"1";"6";"RUE DE L ARRIVEE";"48,8440301";"2,3233255"
"201900024296";"9";"10";"2019";"10:50";"1";"75";"75115";"2";"1";"2";"7";"RUE FALGUIERE";"48,8409000";"2,3132700"
"201900024297";"8";"10";"2019";"15:35";"1";"75";"75115";"2";"1";"2";"6";"AVENUE EMILE ZOLA";"48,8462005";"2,2790380"
"201900024298";"9";"10";"2019";"12:45";"1";"75";"75114";"2";"1";"1";"2";"BOULEVARD ARAGO";"48,8344816";"2,3340583"
"201900024299";"9";"10";"2019";"12:45";"1";"75";"75114";"2";"2";"1";"6";"RUE FROIDEVAUX";"48,8360181";"2,3276438"
"201900024300";"9";"10";"2019";"09:30";"1";"75";"75114";"2";"3";"2";"3";"BOULEVARD BRUNE";"48,8257434";"2,3145081"
"201900024301";"9";"10";"2019";"20:30";"5";"75";"75113";"2";"3";"1";"3";"QUAI D AUSTERLITZ";"48,8383304";"2,3728006"
"201900024302";"9";"10";"2019";"20:39";"5";"75";"75113";"2";"1";"8";"3";"RUE DU DOCTEUR LERAY";"48,8233702";"2,3543398"
"201900024303";"9";"10";"2019";"22:05";"5";"75";"75112";"2";"2";"1";"6";"RUE ABEL";"48,8473158";"2,3753226"
"201900024304";"9";"10";"2019";"17:10";"1";"75";"75112";"2";"1";"2";"6";"RUE BARON LE ROY";"48,8335412";"2,3894120"
"201900024305";"9";"10";"2019";"18:30";"2";"75";"75111";"2";"3";"2";"6";"RUE DU CHEMIN VERT";"48,8623550";"2,3853958"
"201900024306";"8";"10";"2019";"21:55";"5";"75";"75111";"2";"2";"2";"3";"RUE DE CHARONNE";"48,8551290";"2,3871040"
"201900024307";"8";"10";"2019";"10:00";"1";"75";"75108";"2";"7";"2";"3";"PLACE DE LA CONCORDE";"48,8666680";"2,3220188"
"201900024308";"9";"10";"2019";"10:30";"1";"75";"75101";"2";"1";"1";"2";"BOULEVARD DE LA MADELEINE";"48,8695013";"2,3255854"
"201900024309";"9";"10";"2019";"07:30";"1";"94";"94081";"2";"1";"2";"6";"JULES GUESDE (QU)";"48,7980200";"2,4151500"
"201900024310";"9";"10";"2019";"20:05";"5";"94";"94080";"2";"1";"8";"3";"PARIS (AV DE)";"48,8460800";"2,4223800"
"201900024311";"8";"10";"2019";"12:15";"1";"94";"94068";"2";"2";"2";"3";"BAC (AV DU)";"48,7950000";"2,5080000"
"201900024312";"9";"10";"2019";"09:20";"1";"94";"94003";"2";"2";"2";"3";"PAUL VAILLANT COUTURIER (AV)";"48,8029900";"2,3385900"
"201900024313";"9";"10";"2019";"08:20";"1";"94";"94028";"2";"1";"3";"3";"Saussaie du ban (rue de la)";"48,7654970";"2,4617190"
"201900024314";"22";"12";"2019";"15:10";"5";"78";"78640";"1";"1";"1";"4";"A13";"48,7781660";"2,2135690"
"201900024315";"22";"12";"2019";"03:15";"3";"78";"78646";"1";"1";"2";"6";"RN12";"48,7935900";"2,0770380"
"201900024316";"24";"12";"2019";"13:15";"1";"93";"93027";"1";"1";"1";"5";"AUTOROUTE A1";"48,9381100";"2,4136600"
"201900024317";"24";"12";"2019";"09:20";"1";"95";"95394";"1";"1";"1";"7";"AUTOROUTE A115";"49,0516000";"2,1823400"
"201900024318";"23";"12";"2019";"20:30";"4";"92";"92036";"1";"1";"1";"2";"AUTOROUTE A15";"48,9380077";"2,2978244"
"201900024319";"24";"12";"2019";"05:00";"3";"95";"95582";"1";"1";"2";"7";"AUTOROUTE A15";"48,9657300";"2,2583800"
"201900024320";"24";"12";"2019";"02:30";"3";"95";"95604";"1";"1";"2";"6";"AUTOROUTE A1";"49,1009700";"2,5505700"
"201900024321";"23";"12";"2019";"19:45";"3";"95";"95678";"1";"1";"1";"2";"RN 104";"49,0714500";"2,2450200"
"201900024322";"23";"12";"2019";"17:30";"3";"95";"95218";"1";"1";"1";"6";"AUTOROUTE A15";"49,0360000";"2,0951400"
"201900024323";"23";"12";"2019";"16:35";"1";"93";"93005";"1";"1";"1";"3";"AUTOROUTE A3";"48,9481900";"2,4754300"
"201900024324";"23";"12";"2019";"15:00";"1";"93";"93005";"1";"1";"1";"3";"AUTOROUTE A3";"48,9595200";"2,4729400"
"201900024325";"23";"12";"2019";"12:00";"1";"95";"95277";"1";"1";"1";"3";"AUTOROUTE A104";"48,9730400";"2,4851200"
"201900024326";"23";"12";"2019";"10:15";"1";"93";"93027";"1";"1";"2";"6";"AUTOROUTE A86";"48,9286300";"2,4146900"
"201900024327";"22";"12";"2019";"12:26";"1";"95";"95572";"1";"1";"1";"6";"AUTOROUTE A15";"49,0319800";"2,1072200"
"201900024328";"22";"12";"2019";"23:00";"3";"95";"95394";"1";"1";"1";"6";"AUTOROUTE A115";"49,0521500";"2,1833600"
"201900024329";"22";"12";"2019";"17:27";"4";"93";"93029";"1";"1";"8";"4";"AUTOROUTE A86";"48,9186700";"2,4285000"
"201900024330";"24";"12";"2019";"14:55";"1";"93";"93051";"1";"1";"1";"4";"A4";"48,8353400";"2,5700600"