"Num_Acc";"jour";"mois";"an";"hrmn";"lum";"dep";"com";"agg";"int";"atm";"col";"adr";"lat";"long"
"201900024331";"17";"12";"2019";"15:30";"1";"77";"77121";"1";"1";"1";"2";"A104";"48,8403000";"2,6639800"
"201900024332";"18";"12";"2019";"14:45";"1";"92";"92012";"1";"1";"1";"5";"JEAN BAPTISTE CLEMENT (AVENUE) 49/FIN -";"48,8474400";"2,2407400"
"201900024333";"18";"12";"2019";"10:00";"1";"974";"97411";"2";"1";"1";"6";"RIVIERE DES PLUIES (ROUTE DE LA)";" -20,9008285";"55,5004549"
"201900024334";"17";"12";"2019";"13:40";"1";"974";"97411";"2";"1";"1";"3";"JOFFRE (BOULEVARD)";" -20,8740390";"55,4529550"
"201900024335";"23";"12";"2019";"14:50";"1";"69";"69259";"2";"1";"2";"6";"AUGUSTE BLANQUI                     (R )";"45,7005600";"4,8759100"
"201900024336";"23";"12";"2019";"10:13";"1";"972";"97209";"1";"1";"1";"6";"CHATEAUBOEUF (ROUTE DE)";"14,6155500";" -61,0463000"
"201900024337";"22";"12";"2019";"10:20";"1";"971";"97113";"1";"1";"1";"1";"SECTION MOREAU";"16,2502270";" -61,4519700"
"201900024338";"22";"12";"2019";"23:43";"5";"971";"97105";"2";"9";"1";"3";"CHARLES DE GAULLE (BD DU GENERAL)";"15,9954100";" -61,7316810"
"201900024339";"20";"12";"2019";"19:45";"5";"91";"91471";"2";"2";"1";"3";"PARRAT (AVENUE)";"48,6989100";"2,1993130"
"201900024340";"14";"12";"2019";"12:15";"1";"88";"88160";"2";"9";"7";"3";"TEMPLIERS (AV. DES)";"48,1667900";"6,4516400"
"201900024341";"21";"12";"2019";"11:00";"1";"80";"80021";"2";"1";"1";"3";"MARIVAUX (RUE)";"49,9115640";"2,3246950"
"201900024342";"20";"12";"2019";"11:50";"1";"80";"80489";"2";"1";"1";"1";"LAVOISIER";"49,8718600";"2,3684400"
"201900024343";"21";"12";"2019";"21:30";"5";"76";"76351";"2";"3";"1";"3";"FRANCOIS MAZELINE";"49,4987800";"0,1372600"
"201900024344";"21";"12";"2019";"12:55";"1";"74";"74118";"2";"1";"1";"5";"DEPORTES (ROUTE DES )";"46,1824830";"6,2304430"
"201900024345";"21";"12";"2019";"18:04";"5";"72";"72003";"2";"1";"3";"6";"GAULLE CHARLES DE (AV)";"47,9700500";"0,1596100"
"201900024346";"21";"12";"2019";"17:35";"3";"71";"71040";"1";"1";"1";"2";"Bretelle accès RN 70 - PR 38";"46,7000331";"4,3909415"
"201900024347";"20";"12";"2019";"14:00";"1";"71";"71306";"2";"1";"2";"6";"ALOUETTES (AVENUE DES)";"46,6834000";"4,3612240"
"201900024348";"23";"12";"2019";"14:22";"1";"67";"67482";"2";"1";"8";"4";"SCHIRMECK (ROUTE DE)";"48,5661600";"7,7078900"
"201900024349";"22";"12";"2019";"19:35";"5";"67";"67482";"2";"1";"2";"2";"MITTELHAUSBERGEN (ROUTE DE)";"48,6010900";"7,7103100"
"201900024350";"20";"12";"2019";"22:15";"5";"67";"67482";"2";"1";"2";"2";"VOSGES (AVENUE DES)";"48,5895200";"7,7516000"
"201900024351";"20";"12";"2019";"18:00";"5";"67";"67482";"2";"3";"2";"3";"KASTNER (ALLEE)";"48,5970200";"7,7767600"
"201900024352";"21";"12";"2019";"12:30";"1";"66";"66136";"2";"1";"1";"7";"REPUBLIQUE (PLACE DE LA)";"42,6981300";"2,8953600"
"201900024353";"21";"12";"2019";"10:20";"1";"66";"66136";"2";"1";"1";"2";"FAUCEILLE (CHEMIN DE LA)";"42,6683500";"2,9015400"
"201900024354";"17";"12";"2019";"23:15";"5";"64";"64129";"2";"1";"1";"7";"MUSES DES";"43,3049500";" -0,3958300"
"201900024355";"22";"12";"2019";"21:25";"5";"64";"64102";"2";"6";"2";"3";"Rond Point d'AQUITAINE  ";"43,4868544";" -1,4688408"
"201900024356";"22";"12";"2019";"05:30";"3";"63";"63224";"1";"1";"1";"6";"RD 2009";"45,8538611";"3,1149521"
"201900024357";"22";"12";"2019";"18:30";"5";"63";"63113";"2";"1";"1";"6";"SAINT JEAN (BD)";"45,7855488";"3,1193999"
"201900024358";"23";"12";"2019";"09:00";"1";"62";"62737";"2";"3";"8";"3";"PASTEUR (RUE)";"50,4469120";"2,6791940"
"201900024359";"18";"12";"2019";"17:40";"3";"59";"59526";"2";"8";"1";"4";"DE LA CENSE AU BOIS";"50,4302900";"3,4354900"
"201900024360";"20";"12";"2019";"17:08";"2";"56";"56098";"1";"1";"3";"6";"RN 165";"47,7712500";" -3,3774900"
"201900024361";"20";"12";"2019";"12:15";"1";"56";"56121";"2";"1";"2";"2";"MERVILLE (RUE  JEAN DE )";"47,7447600";" -3,3779200"
"201900024362";"20";"12";"2019";"11:00";"1";"56";"56098";"1";"1";"3";"6";"RN 165";"47,7711600";" -3,3778200"
"201900024363";"23";"12";"2019";"11:20";"1";"54";"54547";"2";"1";"2";"7";"EUROPE (BOULEVARD DE L')";"48,6625000";"6,1729000"
"201900024364";"22";"12";"2019";"19:20";"3";"54";"54382";"2";"1";"2";"1";"EUROPE (AVENUE DE L')";"49,5440100";"5,8019160"
"201900024365";"23";"12";"2019";"07:50";"5";"51";"51454";"2";"2";"2";"3";"RUE DE LA POMPELLE";"49,2525558";"4,0477449"
"201900024366";"18";"12";"2019";"19:00";"5";"51";"51454";"2";"1";"1";"3";"PLACE SAINT TIMOTHEE";"49,2434416";"4,0436437"
"201900024367";"18";"12";"2019";"08:50";"1";"51";"51454";"2";"3";"1";"3";"BOULEVARD DE LA PAIX";"49,2521777";"4,0416246"
"201900024368";"21";"12";"2019";"19:25";"5";"50";"50173";"2";"2";"2";"1";"BENECERE (AVENUE DE)";"49,6588000";" -1,6874700"
"201900024369";"20";"12";"2019";"15:40";"1";"50";"50203";"2";"1";"3";"3";"MARETTES (LES)";"49,6053000";" -1,5976300"
"201900024370";"19";"12";"2019";"12:40";"1";"49";"49328";"2";"1";"1";"2";"ROCADE N 347";"47,2741300";" -0,0795200"
"201900024371";"19";"12";"2019";"18:20";"3";"49";"49328";"2";"1";"1";"5";"ANGERS (ROUTE D') D 952";"47,2743130";" -0,0807170"
"201900024372";"21";"12";"2019";"02:20";"5";"49";"49007";"2";"1";"1";"6";"BOURG LA CROIX PLACE ET RUE";"47,4514200";" -0,5246200"
"201900024373";"22";"12";"2019";"14:30";"1";"49";"49267";"2";"1";"1";"6";"A87N";"47,4684000";" -0,5147000"
"201900024374";"21";"12";"2019";"17:59";"1";"49";"49007";"2";"1";"1";"6";"CHURCHILL AVENUE ET SQUARE";"47,4485100";" -0,5603300"
"201900024375";"15";"11";"2019";"03:35";"5";"45";"45285";"2";"3";"1";"6";"CH DE CHAINGY - R DE LA CIRERIE";"47,9019070";"1,8654220"
"201900024376";"23";"12";"2019";"16:10";"1";"45";"45234";"2";"1";"1";"6";"ALLEE JACQUES DELALANDE";"47,9143200";"1,9072200"
"201900024377";"23";"12";"2019";"15:30";"1";"45";"45298";"2";"1";"1";"4";"PONT DE L'EUROPE";"47,8967300";"1,8764800"
"201900024378";"22";"12";"2019";"03:00";"5";"45";"45286";"2";"2";"2";"6";" AV GASTON GALLOUX - R DE LA COSSONNIERE";"47,8842900";"1,9243000"
"201900024379";"16";"12";"2019";"09:50";"1";"45";"45234";"2";"2";"2";"3";"R L DE VINCI - R DU CRISTAL";"47,8456900";"1,9405800"
"201900024380";"23";"12";"2019";"09:55";"1";"44";"44190";"2";"1";"1";"6";"AVENUE DE LA MARTELLIERE";"47,1992200";" -1,5230600"
"201900024381";"23";"12";"2019";"15:13";"1";"37";"37261";"2";"1";"1";"2";"SAVONNIERES (ROUTE DE)";"47,3676061";"0,6484509"
"201900024382";"23";"12";"2019";"18:40";"3";"35";"35189";"1";"1";"2";"4";"RD 137";"48,1500900";" -1,6996200"
"201900024383";"23";"12";"2019";"12:20";"1";"35";"35238";"2";"2";"1";"6";"JOFFRE ( DU MARECHAL)";"48,1075100";" -1,6778600"
"201900024384";"23";"12";"2019";"02:50";"3";"35";"35150";"1";"1";"8";"1";"RN12";"48,3427880";" -1,2207230"
"201900024385";"22";"12";"2019";"13:30";"1";"33";"33075";"2";"3";"2";"3";"RUE HENRI DELATTRE";"44,8898700";" -0,6053500"
"201900024386";"23";"12";"2019";"09:35";"1";"31";"31555";"2";"1";"2";"3";"CHE DE FENOUILLET";"43,6429000";"1,4158300"
"201900024387";"22";"12";"2019";"18:50";"2";"31";"31555";"2";"3";"1";"1";"BD DE STRASBOURG";"43,6080100";"1,4462200"
"201900024388";"22";"12";"2019";"01:00";"5";"31";"31555";"2";"3";"3";"3";"BD DE SUISSE";"43,6215400";"1,4248400"
"201900024389";"21";"12";"2019";"06:55";"3";"31";"31555";"1";"1";"1";"2";"VA007331 A620";"43,6111000";"1,4154800"
"201900024390";"23";"12";"2019";"20:00";"5";"30";"30007";"2";"6";"1";"3";"MONGE (AVENUE)";"44,1457000";"4,1010000"
"201900024391";"17";"12";"2019";"18:10";"3";"28";"28209";"2";"1";"1";"4";"RD 1154";"48,4801970";"1,4612670"
"201900024392";"23";"12";"2019";"09:40";"1";"28";"28218";"2";"9";"1";"6";"DE TASSIGNY (RUE DE LATTRE)";"48,4375000";"1,4506500"
"201900024393";"21";"12";"2019";"14:10";"1";"27";"27229";"2";"2";"1";"3";"ROCHETTE (RUE DE LA)";"49,0276050";"1,1440770"
"201900024394";"21";"12";"2019";"18:20";"2";"22";"22187";"1";"1";"1";"2";"RN12";"48,5294400";" -2,7547500"
"201900024395";"23";"12";"2019";"17:49";"3";"17";"17291";"1";"1";"2";"4";"RN 11";"46,1736200";" -1,1154300"
"201900024396";"19";"12";"2019";"22:19";"3";"13";"13056";"1";"1";"2";"6";"VOIE RAPIDE DE LA COTE BLEUE";"43,3456600";"5,0596900"
"201900024397";"20";"12";"2019";"09:30";"1";"13";"13039";"1";"1";"2";"1";"ROUTE NATIONALE 569";"43,4695300";"4,9392500"
"201900024398";"23";"12";"2019";"21:15";"5";"13";"13205";"2";"1";"1";"6";"SAINT PIERRE (RUE)";"43,2925522";"5,3984767"
"201900024399";"23";"12";"2019";"08:45";"1";"13";"13211";"2";"9";"1";"2";"SAINT MENET (AVENUE DE)";"43,2899280";"5,4948340"
"201900024400";"23";"12";"2019";"08:00";"1";"13";"13212";"2";"1";"1";"3";"SAINT JULIEN (AVENUE DE )";"43,3060440";"5,4196400"
"201900024401";"19";"12";"2019";"07:45";"1";"13";"13205";"2";"1";"1";"6";"LOUIS ASTRUC (RUE)";"43,2941540";"5,3957630"
"201900024402";"23";"12";"2019";"16:30";"1";"13";"13070";"2";"1";"1";"3";"STADE (ALLEE DU)";"43,2819990";"5,5130280"
"201900024403";"18";"12";"2019";"17:45";"5";"13";"13001";"2";"6";"1";"3";"ANDREANI JEAN (RUE)";"43,5128180";"5,4373390"
"201900024404";"17";"12";"2019";"15:25";"1";"12";"12145";"2";"1";"1";"6";"MOULIN JEAN (RUE)";"44,0981070";"3,0734040"
"201900024405";"21";"12";"2019";"04:35";"3";"11";"11262";"2";"1";"2";"1";"RD 6009 NARBONNE - PERPIGNAN";"43,1819600";"2,9669000"
"201900024406";"15";"12";"2019";"17:15";"5";"10";"10357";"2";"1";"2";"6";"GENERAL DE GAULLE (RUE DU)";"48,2989700";"4,1139100"
"201900024407";"23";"12";"2019";"17:50";"5";"75";"75120";"2";"1";"1";"6";"RUE DE LAGNY";"48,8491961";"2,4137815"
"201900024408";"23";"12";"2019";"15:00";"1";"75";"75120";"2";"1";"1";"6";"RUE DES TOURELLES";"48,8747447";"2,4045816"
"201900024409";"18";"12";"2019";"06:50";"5";"75";"75116";"2";"4";"1";"3";"AVENUE DE NEW YORK";"48,8624324";"2,2936575"
"201900024410";"23";"12";"2019";"19:36";"3";"75";"75114";"2";"1";"1";"6";"AVENUE PAUL APPELL";"48,8219210";"2,3260490"
"201900024411";"23";"12";"2019";"17:45";"5";"75";"75105";"2";"4";"1";"6";"BOULEVARD DE L HOPITAL";"48,8403300";"2,3620230"
"201900024412";"23";"12";"2019";"14:15";"1";"75";"75113";"2";"2";"1";"7";"RUE BRILLAT SAVARIN";"48,8221640";"2,3493040"
"201900024413";"23";"12";"2019";"15:50";"1";"75";"75112";"2";"7";"1";"3";"PLACE DE LA PORTE DE VINCENNES";"48,8465920";"2,4138948"
"201900024414";"23";"12";"2019";"08:45";"1";"75";"75111";"2";"2";"8";"3";"RUE DU FAUBOURG SAINT ANTOINE";"48,8504095";"2,3814378"
"201900024415";"22";"12";"2019";"23:20";"5";"75";"75103";"2";"1";"1";"3";"BOULEVARD SAINT MARTIN";"48,8685990";"2,3579540"
"201900024416";"23";"12";"2019";"17:20";"5";"75";"75109";"2";"1";"1";"3";"RUE PIERRE FONTAINE";"48,8825679";"2,3333931"
"201900024417";"23";"12";"2019";"17:10";"5";"75";"75108";"2";"1";"1";"6";"RUE SAINT LAZARE";"48,8754760";"2,3258100"
"201900024418";"22";"12";"2019";"07:15";"5";"75";"75108";"2";"4";"2";"7";"AVENUE DES CHAMPS ELYSEES";"48,8661122";"2,3191345"
"201900024419";"18";"12";"2019";"13:20";"1";"75";"75102";"2";"3";"1";"3";"BOULEVARD SAINT DENIS";"48,8696780";"2,3526410"
"201900024420";"23";"12";"2019";"22:40";"5";"75";"75111";"2";"7";"1";"2";"PLACE DE LA REPUBLIQUE";"48,8665074";"2,3647964"
"201900024421";"23";"12";"2019";"19:00";"5";"75";"75109";"2";"2";"1";"3";"RUE SAINT LAZARE";"48,8768378";"2,3354464"
"201900024422";"20";"12";"2019";"15:00";"1";"94";"94080";"2";"1";"2";"2";"MARIGNY (COUR)";"48,8456800";"2,4397000"
"201900024423";"23";"12";"2019";"18:44";"5";"94";"94078";"2";"1";"1";"4";"L'APPEL DU DIX-HUIT JUIN 1940 (AV DE)";"48,7589000";"2,4431000"
"201900024424";"22";"12";"2019";"11:50";"1";"94";"94077";"2";"3";"2";"3";"PAUL PAINLEVE (AV)";"48,7399500";"2,4211900"
"201900024425";"23";"12";"2019";"16:05";"1";"94";"94016";"2";"3";"1";"3";"MOULIN DE CACHAN (R DU)";"48,7892495";"2,3331891"
"201900024426";"22";"12";"2019";"15:30";"1";"94";"94019";"2";"1";"1";"3";"PONT (R DU)";"48,7902000";"2,5224300"
"201900024427";"23";"12";"2019";"16:54";"2";"93";"93078";"2";"1";"1";"6";"ALLENDE (AVENUE SALVADOR)";"48,9558400";"2,5489400"
"201900024428";"23";"12";"2019";"18:55";"5";"93";"93071";"2";"1";"1";"6";"CHARLES CONRAD (RUE)";"48,9480000";"2,5237000"
"201900024429";"23";"12";"2019";"03:21";"5";"93";"93051";"2";"1";"1";"6";"UNIVERSITE";"48,8369450";"2,5550450"
"201900024430";"23";"12";"2019";"15:48";"2";"93";"93048";"2";"6";"1";"3";"PASTEUR S2  (AVENUE)";"48,8694500";"2,4325500"
"201900024431";"23";"12";"2019";"17:05";"5";"93";"93031";"2";"1";"9";"2";"DIX HUIT JUIN 1940 (AVENUE DU)";"48,9529450";"2,3074100"
"201900024432";"12";"11";"2019";"07:05";"5";"92";"92078";"2";"9";"8";"2";"MOULIN CAGE (QUAI)";"48,9250300";"2,3300000"
"201900024433";"22";"12";"2019";"19:30";"5";"92";"92063";"2";"1";"1";"3";"BONAPARTE (AVENUE NAPOLEON) SUD";"48,8724300";"2,1627400"
"201900024434";"22";"12";"2019";"09:55";"1";"92";"92050";"2";"1";"2";"6";"DOUMER PAUL PRESIDENT RUE DU";"48,8959700";"2,1977100"
"201900024435";"23";"12";"2019";"19:35";"5";"92";"92012";"2";"9";"2";"2";"JEAN JAURES (BOULEVARD) 63/215 - 70/208";"48,8314300";"2,2448600"
"201900024436";"23";"12";"2019";"04:50";"5";"92";"92049";"2";"1";"1";"6";"BRIAND AVENUE ARISTIDE N°1 A 129";"48,8163046";"2,3257420"
"201900024437";"23";"12";"2019";"16:53";"5";"92";"92040";"2";"2";"1";"3";"AUGUSTE GERVAIS";"48,8231028";"2,2733728"
"201900024438";"20";"12";"2019";"07:30";"2";"92";"92025";"2";"1";"1";"2";"GABRIEL PERI (RUE)";"48,9178385";"2,2379173"
"201900024439";"23";"12";"2019";"02:05";"5";"92";"92004";"2";"2";"1";"3";"ARGENTEUIL AV D'";"48,9268476";"2,2733191"
"201900024440";"21";"12";"2019";"21:00";"3";"35";"35311";"1";"1";"3";"6";"Trughaire";"47,8508650";" -2,0096110"
"201900024441";"23";"12";"2019";"19:30";"5";"54";"54037";"2";"1";"2";"7";"Route de Flavigny";"48,5857490";"6,2312100"
"201900024442";"23";"12";"2019";"15:00";"1";"54";"54006";"1";"1";"8";"2";"D83";"48,7299480";"6,2304440"
"201900024443";"24";"12";"2019";"10:30";"1";"17";"17453";"1";"1";"1";"1";"D238";"45,8814430";" -0,8851740"
"201900024444";"24";"12";"2019";"11:30";"1";"41";"41157";"1";"2";"1";"3";"Angle D144 - D20";"47,4547870";"1,5757010"
"201900024445";"21";"12";"2019";"17:45";"3";"18";"18284";"1";"3";"3";"1";"D7";"47,3956080";"2,5936920"
"201900024446";"21";"12";"2019";"19:50";"3";"36";"36103";"1";"1";"2";"6";"Rue des Châlons";"47,1301950";"1,4499100"
"201900024447";"22";"12";"2019";"18:56";"3";"31";"31573";"1";"1";"3";"1";"D20";"43,6418610";"1,6599720"
"201900024448";"23";"12";"2019";"17:45";"3";"54";"54371";"1";"1";"2";"4";"A4";"49,2031810";"5,9444340"
"201900024449";"17";"12";"2019";"17:05";"3";"67";"67283";"1";"1";"8";"1";"D229";"48,7074310";"7,3965850"
"201900024450";"22";"12";"2019";"10:00";"1";"22";"22003";"1";"1";"1";"7";"Route NAtionale 176";"48,4452520";" -2,1097570"
"201900024451";"23";"12";"2019";"13:15";"1";"6";"06118";"1";"1";"1";"5";"274 Route de Draguignan";"43,6266780";"6,8207530"
"201900024452";"24";"12";"2019";"20:00";"3";"34";"34013";"1";"1";"1";"6";"A75";"43,5555100";"3,4605680"
"201900024453";"23";"12";"2019";"17:35";"3";"62";"62407";"1";"1";"1";"2";"Rue de Bourecq";"50,5880440";"2,4475750"
"201900024454";"22";"12";"2019";"21:50";"3";"59";"59081";"1";"1";"2";"1";"D16a";"50,1410600";"3,3956340"
"201900024455";"23";"12";"2019";"10:00";"1";"56";"56036";"1";"3";"1";"1";"Route Départementale N°769bis";"47,8343889";" -3,3111012"
"201900024456";"17";"12";"2019";"15:15";"1";"76";"76695";"1";"2";"2";"1";"Route de la Flamme Olympique";"49,6670860";"0,4984190"
"201900024457";"24";"12";"2019";"16:50";"1";"79";"79062";"2";"4";"1";"6";"Avenue du Général de Gaulle";"46,8214160";" -0,6653080"
"201900024458";"23";"12";"2019";"18:15";"5";"2B";"2B286";"2";"1";"1";"2";"Querciolo";"42,4860150";"9,4798030"
"201900024459";"23";"12";"2019";"12:15";"1";"82";"82076";"1";"1";"1";"3";"D959";"44,1270700";"1,3621470"
"201900024460";"23";"12";"2019";"08:40";"2";"82";"82037";"1";"3";"1";"4";"D820";"44,1900640";"1,5304280"
"201900024461";"24";"12";"2019";"10:55";"1";"41";"41229";"1";"6";"8";"3";"bretelle d'accès Autoroute A85 échangeur 12";"47,3026000";"1,3502240"
"201900024462";"23";"12";"2019";"13:30";"1";"89";"89100";"2";"1";"1";"6";"Rue de la Grande Maison";"48,2029520";"2,9969470"
"201900024463";"24";"12";"2019";"11:35";"1";"68";"68201";"2";"1";"2";"6";"4 Rue du Général de Gaulle";"47,7726900";"7,0017020"
"201900024464";"20";"12";"2019";"20:38";"3";"25";"25262";"1";"1";"3";"6";"D242";"47,1338960";"6,5854190"
"201900024465";"2";"12";"2019";"18:15";"3";"2";"02135";"2";"9";"2";"1";"Route Nationale";"49,9651900";"3,8408360"
"201900024466";"23";"12";"2019";"15:55";"1";"2";"02298";"2";"9";"8";"3";"278 Rue du 2 Septembre";"50,0042190";"3,6844580"
"201900024467";"24";"12";"2019";"15:15";"1";"3";"03226";"1";"1";"1";"6";"Les Bruyères";"46,4046451";"3,8636365"
"201900024468";"23";"12";"2019";"19:30";"5";"70";"70472";"2";"1";"2";"6";"Rue de Chazel";"47,8365440";"6,0942850"
"201900024469";"23";"12";"2019";"16:00";"1";"9";"09238";"1";"9";"1";"2";"D119";"43,0934330";"1,7152525"
"201900024470";"22";"12";"2019";"13:45";"1";"36";"36232";"1";"1";"1";"3";"D925";"46,7966508";"1,4228040"
"201900024471";"24";"12";"2019";"15:20";"1";"87";"87158";"1";"1";"1";"7";"Les Garonnies";"45,8053350";"1,0352820"
"201900024472";"23";"12";"2019";"15:15";"1";"30";"30223";"1";"1";"1";"1";"224 Route de Saint-ambroix";"44,2035240";"4,1391310"
"201900024473";"23";"12";"2019";"15:32";"1";"72";"72186";"1";"1";"1";"6";"GARE DE PEAGE A28 - SORTIE 21";"48,1965640";"0,1688300"
"201900024474";"24";"12";"2019";"14:40";"1";"978";"97801";"2";"1";"1";"6";"232 Bld de Grand-Case - RN7";"18,0992610";" -63,0622930"
"201900024475";"23";"12";"2019";"13:35";"1";"6";"06152";"1";"3";"1";"2";"Route des Macarons";"43,6380830";"7,0462440"
"201900024476";"24";"12";"2019";"13:37";"1";"1";"01248";"1";"1";"2";"5";"Route de Bourg";"45,9023510";"4,9340630"
"201900024477";"23";"12";"2019";"11:35";"1";"18";"18093";"1";"1";"1";"2";"A71";"46,6529660";"2,4809100"
"201900024478";"23";"12";"2019";"08:15";"2";"57";"57510";"1";"9";"1";"5";"A314";"49,1282280";"6,2664450"
"201900024479";"23";"12";"2019";"18:43";"3";"971";"97122";"1";"3";"1";"3";"Bellevue";"16,4365370";" -61,4575870"
"201900024480";"17";"12";"2019";"19:15";"3";"91";"91405";"1";"1";"2";"1";"D372";"48,4265660";"2,4689040"
"201900024481";"23";"12";"2019";"16:30";"1";"66";"66227";"2";"3";"1";"3";"Avenue de la Mediterranee";"42,6323210";"2,9198760"
"201900024482";"23";"12";"2019";"17:25";"3";"88";"88196";"1";"3";"3";"1";"Chemin des Bas-rupts";"48,0546250";"6,8754630"
"201900024483";"23";"12";"2019";"17:45";"3";"3";"03197";"1";"1";"1";"6";"N/A";"46,4631158";"3,4465268"
"201900024484";"23";"12";"2019";"18:45";"3";"42";"42094";"2";"1";"2";"3";"Grande Rue de Randan";"45,7426480";"4,2189850"
"201900024485";"24";"12";"2019";"15:00";"1";"1";"01301";"1";"1";"2";"7";"D1079";"46,2377760";"5,1708110"
"201900024486";"20";"12";"2019";"17:30";"5";"69";"69227";"2";"1";"8";"6";"RD 311 HAUTS LYONNAIS (AV) (DES)";"45,6581400";"4,5623740"
"201900024487";"22";"12";"2019";"23:30";"3";"46";"46102";"1";"1";"2";"6";"Route de Metge";"44,6155500";"2,0572380"
"201900024488";"24";"12";"2019";"00:50";"3";"33";"33047";"1";"1";"1";"6";"Florimond-ouest";"45,1219020";" -0,5737850"
"201900024489";"24";"12";"2019";"11:15";"1";"49";"49023";"1";"1";"1";"1";"D762";"47,1733530";" -1,0455920"
"201900024490";"23";"12";"2019";"18:20";"5";"27";"27016";"2";"3";"8";"6";"avenue de la république";"49,2434690";"1,4032490"
"201900024491";"20";"12";"2019";"21:50";"3";"76";"76672";"1";"1";"2";"6";"685 Route de Rouen";"49,6246490";"1,5254080"
"201900024492";"24";"12";"2019";"12:55";"1";"60";"60446";"2";"3";"7";"1";"route de paris";"49,1387502";"2,8084599"
"201900024493";"23";"12";"2019";"15:00";"1";"59";"59124";"1";"3";"1";"3";"D93";"50,6008750";"3,2522780"
"201900024494";"21";"12";"2019";"11:05";"1";"13";"13028";"1";"1";"1";"2";"A50";"43,1929200";"5,6518600"
"201900024495";"20";"12";"2019";"22:15";"3";"83";"83137";"1";"1";"2";"6";"A50";"43,1213200";"5,9533100"
"201900024496";"25";"7";"2019";"13:02";"1";"19";"19131";"1";"1";"1";"1";"L'Escure Neuve";"45,5627270";"1,6362800"
"201900024497";"8";"9";"2019";"17:50";"1";"56";"56073";"1";"1";"1";"7";"RD782 Route de Lorient";"48,0625000";" -3,2091500"
"201900024498";"8";"9";"2019";"17:45";"1";"59";"59135";"1";"2";"1";"3";"RD 916";"50,8095013";"2,4875744"
"201900024499";"9";"9";"2019";"14:15";"1";"79";"79043";"1";"3";"1";"6";"Les Roches";"47,0747400";" -0,2807000"
"201900024500";"9";"9";"2019";"17:30";"1";"31";"31150";"1";"1";"1";"3";"RN224";"43,6605090";"1,3465580"
"201900024501";"8";"9";"2019";"01:30";"3";"2B";"2B150";"1";"1";"1";"6";"RT 30";"42,5846620";"8,8310990"
"201900024502";"8";"9";"2019";"11:00";"1";"82";"82146";"1";"1";"1";"6";"D3";"43,9700510";"0,9081770"
"201900024503";"9";"9";"2019";"00:10";"5";"82";"82025";"2";"1";"1";"7";"43 Rue des Écoles";"43,9675070";"1,3368640"
"201900024504";"2";"8";"2019";"13:25";"1";"2";"02422";"1";"4";"1";"3";"Hameau la Maison Rouge";"49,9454860";"3,6376000"
"201900024505";"7";"9";"2019";"14:50";"1";"15";"15092";"1";"1";"1";"7";"chemin rural du Grancher";"45,4338310";"2,5429550"
"201900024506";"6";"9";"2019";"14:40";"1";"15";"15258";"2";"1";"1";"6";"départementale 8, rue des alouettes";"44,9657600";"2,6187120"
"201900024507";"5";"9";"2019";"14:40";"1";"58";"58088";"2";"1";"1";"6";"9 Rue des Chaumottes";"47,0038900";"3,1756360"
"201900024508";"8";"9";"2019";"10:30";"1";"60";"60513";"2";"1";"1";"2";"d92";"49,2037518";"2,3781272"
"201900024509";"8";"9";"2019";"16:50";"1";"45";"45309";"1";"1";"1";"6";"D64";"47,6946220";"2,1182770"
"201900024510";"6";"9";"2019";"20:55";"3";"45";"45146";"1";"1";"1";"6";"D61 - Rte de Ligny le Ribault";"47,7171024";"1,8823957"
"201900024511";"28";"8";"2019";"11:30";"1";"43";"43258";"1";"9";"1";"1";"7 Rue des Ecoles";"45,3703450";"3,3193730"
"201900024512";"28";"8";"2019";"14:45";"1";"16";"16164";"1";"2";"1";"2";"Ld Les Brandes de Beau Clain";"46,0332780";"0,5829630"
"201900024513";"8";"9";"2019";"12:45";"1";"16";"16130";"1";"1";"1";"7";"Le Temple";"45,2276180";"0,1092630"
"201900024514";"8";"9";"2019";"05:00";"3";"40";"40086";"2";"1";"5";"6";"460 Route de Saint-Sever";"43,6958290";" -0,5286660"
"201900024515";"9";"9";"2019";"08:10";"1";"28";"28405";"1";"1";"1";"6";"N12";"48,7418780";"1,3056970"
"201900024516";"8";"9";"2019";"22:00";"3";"87";"87153";"1";"1";"1";"6";"Cledat";"45,8342570";"1,6758810"
"201900024517";"8";"9";"2019";"07:00";"1";"30";"30314";"1";"2";"1";"3";"Route d'Aigremont";"43,9603650";"4,0873360"
"201900024518";"9";"9";"2019";"11:15";"1";"48";"48075";"1";"1";"1";"7";"lieu-dit faux";"44,3630530";"3,5653510"
"201900024519";"8";"9";"2019";"00:50";"3";"78";"78010";"1";"1";"1";"6";"ROUTE ROYALE";"48,9245370";"1,9066050"
"201900024520";"9";"9";"2019";"10:34";"1";"31";"31429";"1";"1";"1";"4";"A61 pk 245.540";"43,5070700";"1,5318720"
"201900024521";"9";"9";"2019";"09:50";"1";"6";"06083";"1";"1";"1";"2";"A8 PK 219+300 chaussée Nord";"43,7936400";"7,4753800"
"201900024522";"8";"9";"2019";"15:10";"1";"38";"38063";"1";"1";"1";"7";"Route de Bramafan";"45,4250970";"5,4395550"
"201900024523";"18";"9";"2019";"07:40";"1";"13";"13103";"1";"1";"1";"2";"A7 - PK234.000 - SENS SUD NORD";"43,6439150";"5,1133360"