"Num_Acc";"jour";"mois";"an";"hrmn";"lum";"dep";"com";"agg";"int";"atm";"col";"adr";"lat";"long"
"201900024524";"8";"9";"2019";"17:45";"1";"973";"97312";"2";"3";"1";"3";"Rue Renner";"5,3731172";" -52,9548526"
"201900024525";"6";"9";"2019";"18:55";"5";"972";"97230";"2";"1";"1";"3";"avenue du Brésil";"14,7377710";" -60,9618800"
"201900024526";"6";"9";"2019";"16:15";"1";"77";"77089";"1";"2";"1";"3";"D213 X D29";"48,4978491";"2,9751451"
"201900024527";"9";"9";"2019";"10:15";"1";"2A";"2A247";"1";"9";"1";"1";"Route de l'Ospedale";"41,6465460";"9,2079820"
"201900024528";"8";"9";"2019";"15:00";"1";"11";"11295";"1";"1";"1";"1";"D611A";"43,0598360";"2,9091960"
"201900024529";"9";"9";"2019";"15:20";"1";"34";"34276";"2";"6";"1";"2";"RD1";"43,7743510";"3,8702910"
"201900024530";"7";"9";"2019";"14:00";"1";"84";"84003";"2";"9";"1";"6";"Quai du Midi";"43,8776950";"5,3956740"
"201900024531";"6";"9";"2019";"10:09";"1";"67";"67298";"2";"4";"1";"6";"D30";"48,7000460";"7,6500120"
"201900024532";"8";"9";"2019";"09:15";"1";"57";"57474";"2";"6";"1";"3";"Rue de Boussange";"49,2595130";"6,1586840"
"201900024533";"6";"7";"2019";"01:30";"5";"73";"73213";"1";"1";"1";"6";"RD 1006";"45,5638861";"5,9683851"
"201900024534";"8";"9";"2019";"12:35";"1";"81";"81105";"2";"1";"1";"1";"Rue Carlac";"43,7601210";"1,9881000"
"201900024535";"7";"9";"2019";"12:45";"1";"35";"35019";"1";"5";"1";"3";"Chanteloup";"48,4007240";" -1,6008770"
"201900024536";"8";"9";"2019";"09:50";"1";"62";"62201";"2";"6";"1";"3";"Boulevard de Sainte-Cécile";"50,5751730";"1,5834740"
"201900024537";"7";"9";"2019";"18:05";"1";"13";"13015";"1";"1";"1";"2";"A515CM-sortie Gardanne/Bouc Bel Air";"43,4296447";"5,3930480"
"201900024538";"6";"9";"2019";"06:00";"3";"13";"13117";"1";"1";"1";"3";"A7-Sens Marseille vers Lyon";"43,4486700";"5,2405800"
"201900024539";"6";"9";"2019";"18:30";"1";"13";"13071";"1";"1";"1";"4";"A7-Sens Marseille vers Lyon";"43,4037660";"5,3053120"
"201900024540";"8";"9";"2019";"03:30";"3";"33";"33122";"1";"1";"5";"5";"AUTOROUTE A 63";"44,7250200";" -0,7328400"
"201900024541";"8";"9";"2019";"12:55";"1";"94";"94003";"1";"1";"1";"4";"AUTOROUTE A6B";"48,8010000";"2,3435300"
"201900024542";"6";"9";"2019";"20:30";"3";"91";"91064";"1";"1";"1";"3";"RN 118";"48,7645400";"2,2294800"
"201900024543";"7";"9";"2019";"23:10";"3";"78";"78466";"1";"1";"1";"6";"A13";"48,9337490";"1,9702620"
"201900024544";"8";"9";"2019";"07:30";"2";"93";"93007";"1";"1";"1";"5";"AUTOROUTE A1";"48,9484280";"2,4454360"
"201900024545";"7";"9";"2019";"23:50";"3";"93";"93053";"1";"1";"1";"2";"AUTOROUTE A3";"48,8949500";"2,4711500"
"201900024546";"8";"9";"2019";"18:20";"1";"94";"94042";"1";"1";"1";"4";"A4";"48,8275400";"2,4708700"
"201900024547";"8";"9";"2019";"15:30";"1";"94";"94033";"1";"1";"1";"5";"A86.EXT";"48,8572456";"2,4887795"
"201900024548";"8";"2";"2019";"19:10";"4";"91";"91377";"2";"3";"1";"3";"POTERNE (SQUARE DE LA)";"48,7374300";"2,2697300"
"201900024549";"3";"9";"2019";"14:15";"1";"71";"71306";"2";"2";"1";"3";"DE LATTRE DE TASSIGNY (BLD DU MARECHAL)";"46,6715630";"4,3849610"
"201900024550";"4";"9";"2019";"16:00";"1";"45";"45285";"2";"1";"1";"6";"RUE CHARLES BEAUHAIRE";"47,9131000";"1,8738000"
"201900024551";"6";"9";"2019";"12:10";"1";"17";"17300";"2";"1";"1";"6";"ORBIGNY   RUE ALCIDE D'";"46,1643700";" -1,1493200"
"201900024552";"1";"9";"2019";"03:00";"5";"13";"13201";"2";"1";"1";"3";"CANEBIERE    30 A 68";"43,2976700";"5,3810800"
"201900024553";"6";"9";"2019";"20:30";"5";"988";"98818";"2";"1";"1";"3";"RUE AUGUSTE BENEBIG";" -22,2703700";"166,4535500"
"201900024554";"5";"9";"2019";"12:00";"1";"988";"98818";"2";"3";"1";"6";"RUE AUGUSTE BENEBIG/RUE YSER";" -22,2708700";"166,4526900"
"201900024555";"6";"9";"2019";"08:15";"1";"974";"97416";"1";"1";"1";"6";"BOISSY(CHEMIN)";" -21,3384500";"55,5108400"
"201900024556";"5";"9";"2019";"08:00";"1";"974";"97416";"2";"1";"1";"6";"LIGNE DES BAMBOUS(ROUTE)";" -21,3028800";"55,4932100"
"201900024557";"5";"9";"2019";"12:45";"1";"974";"97407";"2";"1";"1";"6";"VERGES(AVENUE)";" -20,9397600";"55,3043700"
"201900024558";"6";"9";"2019";"19:30";"5";"973";"97302";"2";"1";"1";"2";"MONTABO (ROUTE DE) 2";"4,9408134";" -52,3023248"
"201900024559";"7";"9";"2019";"09:25";"1";"973";"97302";"2";"1";"1";"1";"ZEPHIR (ROCADE)";"4,9263083";" -52,3210359"
"201900024560";"4";"9";"2019";"13:20";"1";"973";"97302";"2";"1";"1";"3";"CABASSOU (ROUTE DE)";"4,9175003";" -52,3130321"
"201900024561";"7";"9";"2019";"23:20";"5";"69";"69199";"2";"3";"1";"3";"MARCEL SEMBAT                       (R )";"45,7100000";"4,8490900"
"201900024562";"7";"9";"2019";"20:00";"2";"69";"69388";"2";"1";"1";"7";"GENERAL FRERE (DU)                  (AV)";"45,7306100";"4,8775600"
"201900024563";"7";"9";"2019";"15:15";"1";"69";"69199";"2";"1";"1";"6";"CARNOT                              (R )";"45,7080100";"4,8591900"
"201900024564";"6";"9";"2019";"22:15";"5";"69";"69383";"2";"2";"1";"3";"CHARLES RICHARD                     (R )";"45,7522000";"4,8868000"
"201900024565";"6";"9";"2019";"21:30";"5";"69";"69199";"2";"3";"1";"6";"MATHIEU DUSSURGEY                   (R )";"45,7120360";"4,8551100"
"201900024566";"6";"9";"2019";"17:40";"1";"69";"69387";"2";"1";"1";"2";"GERLAND (DE)                        (R )";"45,7428700";"4,8413300"
"201900024567";"6";"9";"2019";"14:00";"1";"69";"69386";"2";"2";"1";"6";"MOLIERE                             (R )";"45,7665800";"4,8424400"
"201900024568";"6";"9";"2019";"08:35";"1";"69";"69259";"2";"2";"1";"3";"MARCEL SEMBAT                       (BD)";"45,7143600";"4,8795000"
"201900024569";"5";"9";"2019";"21:30";"5";"69";"69383";"2";"2";"1";"3";"BANNIERE (DE LA)                    (R )";"45,7561400";"4,8557800"
"201900024570";"4";"9";"2019";"21:00";"5";"972";"97209";"2";"2";"1";"3";"JEAN JAURES (AVENUE)";"14,6092400";" -61,0703200"
"201900024571";"4";"9";"2019";"16:20";"1";"972";"97209";"2";"2";"1";"3";"CLAIRIERE (RUE DE LA)";"14,6097300";" -61,0794600"
"201900024572";"7";"9";"2019";"16:35";"1";"69";"69382";"2";"1";"1";"5";"JEAN MOULIN                         (QU)";"45,7639400";"4,8381800"
"201900024573";"6";"9";"2019";"23:30";"5";"69";"69034";"2";"1";"1";"6";"CLAUDE BAUDRAND                     (R )";"45,7879100";"4,8349000"
"201900024574";"6";"9";"2019";"14:09";"1";"69";"69286";"2";"1";"1";"3";"ROUTE DE STRASBOURG                 (RO)";"45,8139200";"4,8881700"
"201900024575";"6";"9";"2019";"17:30";"1";"69";"69385";"2";"1";"1";"2";"CHOULANS (DE)                       (CH)";"45,7534000";"4,8169500"
"201900024576";"6";"9";"2019";"16:20";"1";"69";"69385";"2";"1";"1";"6";"GARDE (DE LA)                       (R )";"45,7603500";"4,7894200"
"201900024577";"6";"9";"2019";"15:40";"1";"69";"69034";"2";"1";"1";"4";"BOUCLE (DE LA)                      (MO)";"45,7800500";"4,8404800"
"201900024578";"3";"9";"2019";"08:50";"1";"69";"69286";"2";"3";"1";"3";"ROUTE DE FONTAINE                   (RO)";"45,8228200";"4,8857300"
"201900024579";"5";"9";"2019";"17:45";"1";"69";"69381";"2";"2";"1";"7";"ST SEBASTIEN                        (MO)";"45,7731200";"4,8347100"
"201900024580";"7";"9";"2019";"09:25";"1";"2B";"2B033";"2";"6";"1";"3";"11 - RT";"42,6858700";"9,4462000"
"201900024581";"3";"9";"2019";"20:25";"5";"971";"97113";"1";"2";"1";"6";"SECTION COCOYER";"16,2417431";" -61,4863318"
"201900024582";"6";"9";"2019";"05:10";"5";"95";"95585";"2";"1";"1";"4";"CEZANNE (AVENUE PAUL)";"48,9735506";"2,3787813"
"201900024583";"6";"9";"2019";"19:50";"1";"95";"95637";"2";"1";"1";"6";"OISE (BOULEVARD DE L')";"49,0285000";"2,0228000"
"201900024584";"5";"9";"2019";"08:08";"1";"91";"91312";"2";"6";"1";"3";"RHIN ET DANUBE (PLACE)";"48,7358000";"2,2287800"
"201900024585";"6";"9";"2019";"19:20";"1";"91";"91201";"2";"1";"1";"6";"BERGERIES(ALLEE DES)";"48,6887900";"2,4318100"
"201900024586";"7";"9";"2019";"13:00";"1";"91";"91114";"2";"1";"1";"2";"ROUTE NATIONALE 6";"48,6781000";"2,4966000"
"201900024587";"6";"9";"2019";"15:30";"1";"86";"86194";"2";"1";"1";"3";"ROCADE EST (RD 162)";"46,5531500";"0,3097100"
"201900024588";"6";"9";"2019";"03:25";"5";"86";"86194";"2";"3";"1";"3";"COLIGNY (BOULEVARD)";"46,5774441";"0,3518066"
"201900024589";"5";"9";"2019";"11:40";"1";"85";"85194";"2";"1";"1";"6";" RUE DU BOCAGE";"46,5034500";" -1,7305600"
"201900024590";"6";"9";"2019";"03:40";"3";"84";"84087";"1";"1";"6";"6";"AVIGNON (ROUTE D')";"44,1082500";"4,8521400"
"201900024591";"8";"9";"2019";"00:10";"5";"83";"83137";"2";"1";"1";"3";"DORMOY (AVE MARX)";"43,1289400";"5,9697100"
"201900024592";"2";"9";"2019";"18:00";"2";"83";"83137";"2";"3";"1";"3";"PRUNEAU (AVE GENERAL)";"43,1193380";"5,9504575"
"201900024593";"1";"8";"2019";"09:15";"1";"83";"83009";"2";"6";"1";"6";"BEAUSSET (ROUTE DU)";"43,1427500";"5,7680300"
"201900024594";"30";"8";"2019";"18:30";"1";"83";"83069";"2";"1";"1";"3";"FRONT DE MER (BOULEVARD)";"43,1131900";"6,1891500"
"201900024595";"5";"9";"2019";"16:10";"1";"82";"82121";"1";"1";"1";"3";"AUTOROUTE A20";"44,0094600";"1,3850900"
"201900024596";"6";"9";"2019";"18:20";"1";"81";"81065";"2";"1";"1";"6";"LADEN (RUE DE)";"43,5975600";"2,2336860"
"201900024597";"5";"9";"2019";"08:00";"1";"78";"78643";"2";"1";"1";"2";"EUROPE BD DE L'";"48,9729000";"1,9877200"
"201900024598";"6";"9";"2019";"18:50";"1";"77";"77462";"2";"1";"1";"6";"RD 9";"49,0080700";"2,6740500"
"201900024599";"6";"8";"2019";"12:50";"1";"77";"77096";"2";"8";"1";"3";"PORT (RUE DU)";"48,4883800";"2,6911300"
"201900024600";"5";"9";"2019";"08:30";"1";"77";"77111";"2";"2";"1";"5";"HERGE ( AVENUE)";"48,8571800";"2,7721800"
"201900024601";"5";"9";"2019";"17:20";"1";"76";"76540";"1";"1";"1";"7";"GRAND MARE. TUNNEL DE LA";"49,4423300";"1,1346400"
"201900024602";"4";"9";"2019";"09:10";"1";"76";"76108";"1";"1";"1";"6";"RN 28 (ROUTE DE NEUFCHATEL)";"49,4574300";"1,1440100"
"201900024603";"6";"9";"2019";"06:05";"2";"76";"76351";"1";"1";"1";"6";"RD 6382";"49,5309918";"0,1351967"
"201900024604";"5";"9";"2019";"09:15";"1";"74";"74012";"2";"2";"1";"3";"BEULET (RUE DU)";"46,1913600";"6,2422200"
"201900024605";"6";"9";"2019";"21:48";"5";"72";"72181";"2";"1";"1";"2";"AUVRAY (RUE) N° PAIRS";"48,0005700";"0,1945100"
"201900024606";"6";"9";"2019";"17:45";"1";"72";"72003";"1";"1";"1";"2";"CROIX GEORGETTE (RTE DE LA)";"47,9716700";"0,1412800"
"201900024607";"5";"9";"2019";"08:20";"1";"72";"72181";"2";"1";"1";"2";"LOUIS BLANC (QUAI)";"48,0115200";"0,1975100"
"201900024608";"7";"9";"2019";"15:25";"1";"71";"71306";"2";"2";"2";"3";"ROLLIN (RUE DU CHANCELIER)";"46,6806400";"4,3794700"
"201900024609";"6";"9";"2019";"09:13";"1";"71";"71306";"2";"1";"1";"3";"DE LATTRE DE TASSIGNY (BLD DU MARECHAL)";"46,6760400";"4,3760800"
"201900024610";"7";"9";"2019";"00:55";"5";"69";"69290";"2";"1";"1";"6";"GARIBALDI                           (R )";"45,6849600";"4,9467500"
"201900024611";"7";"9";"2019";"14:00";"1";"69";"69256";"2";"2";"1";"6";"SALVADOR ALLENDE                    (AV)";"45,7806500";"4,9234000"
"201900024612";"7";"9";"2019";"15:00";"1";"69";"69290";"2";"2";"1";"1";"PORTE DES ALPES (DE LA) - BD URBAIN (BD)";"45,7169100";"4,9280400"
"201900024613";"4";"9";"2019";"22:15";"5";"69";"69271";"2";"6";"1";"3";"DAUPHINE (DU)                           ";"45,7345400";"4,9660300"
"201900024614";"5";"9";"2019";"17:50";"1";"69";"69266";"2";"3";"1";"6";"RACINE          (Rue)";"45,7678600";"4,8779600"
"201900024615";"5";"9";"2019";"17:15";"1";"69";"69266";"2";"7";"1";"2";"KIMMERLING    (Place)";"45,7536000";"4,8987000"
"201900024616";"4";"9";"2019";"09:00";"1";"69";"69256";"2";"1";"1";"1";"MAURICE AUDIN                       (R )";"45,7782200";"4,9205260"
"201900024617";"7";"9";"2019";"08:50";"1";"69";"69092";"1";"6";"1";"2";"DE L'OASIS (rond point)";"46,0076900";"4,7132800"
"201900024618";"6";"9";"2019";"10:45";"1";"67";"67482";"2";"1";"1";"3";"LEBLOIS (BOULEVARD)";"48,5822510";"7,7711880"
"201900024619";"5";"9";"2019";"21:00";"5";"67";"67482";"2";"1";"1";"3";"ELMERFORST (RUE D )";"48,5631800";"7,7114700"
"201900024620";"4";"9";"2019";"21:00";"5";"67";"67482";"2";"1";"1";"6";"OSTWALD (RUE D )";"48,5625020";"7,7104900"
"201900024621";"5";"9";"2019";"11:30";"1";"67";"67462";"2";"1";"1";"6";"INDUSTRIE (RUE DE L')";"48,2812800";"7,4651500"
"201900024622";"4";"9";"2019";"12:25";"1";"67";"67180";"1";"9";"1";"6";"RD 1340";"48,7898200";"7,7406900"
"201900024623";"6";"9";"2019";"10:45";"1";"66";"66136";"2";"1";"1";"6";"Victor Dalbiez (lesage)";"42,6905000";"2,8854700"
"201900024624";"5";"9";"2019";"12:15";"1";"66";"66136";"2";"1";"1";"6";"Etang Long (Chemin)";"42,7419500";"2,8945100"
"201900024625";"7";"9";"2019";"22:25";"5";"65";"65440";"2";"1";"1";"2";"44 SAINT-JEAN (RUE)";"43,2372508";"0,0818781"
"201900024626";"7";"9";"2019";"14:00";"1";"64";"64445";"2";"1";"1";"3";"TOURASSE";"43,3111200";" -0,3609800"
"201900024627";"5";"9";"2019";"21:44";"5";"64";"64445";"2";"6";"1";"2";"BACHAGA BOUALAN";"43,3131100";" -0,3685200"
"201900024628";"6";"9";"2019";"01:23";"5";"63";"63164";"2";"6";"1";"1";"CHARMES (CARREFOUR DES)";"45,8165598";"3,1539177"
"201900024629";"5";"9";"2019";"23:16";"5";"63";"63113";"2";"1";"1";"3";"SABLON (COURS)";"45,7718400";"3,0898900"
"201900024630";"5";"9";"2019";"12:20";"1";"63";"63070";"2";"1";"1";"3";"MONT-DORE (AVENUE DU)";"45,7479200";"3,0750200"
"201900024631";"4";"9";"2019";"19:50";"1";"63";"63113";"2";"1";"1";"3";"FLAUBERT (BD GUSTAVE)";"45,7673000";"3,1249600"
"201900024632";"3";"9";"2019";"18:30";"1";"63";"63113";"2";"1";"1";"5";"FOSSES SOUS LE SEMINAIRE (RUE DES)";"45,7946000";"3,1148700"
"201900024633";"3";"9";"2019";"16:28";"1";"63";"63113";"2";"1";"1";"6";"JOUHAUX (BD LEON)";"45,7919636";"3,1166006"
"201900024634";"2";"9";"2019";"17:50";"1";"62";"62525";"2";"1";"1";"6";"BOILEAU (RUE NICOLAS....)";"50,7381700";"2,2752500"
"201900024635";"4";"9";"2019";"20:00";"1";"60";"60665";"2";"1";"1";"3";"REPUBLIQUE (DE LA)";"49,4150300";"2,7949100"
"201900024636";"7";"9";"2019";"03:40";"5";"59";"59350";"2";"1";"8";"6";"ESPLANADE FACADE";"50,6441300";"3,0521300"
"201900024637";"8";"8";"2019";"22:00";"3";"59";"59560";"1";"1";"1";"1";"AVELIN ROUTE D";"50,5447150";"3,0566500"
"201900024638";"5";"9";"2019";"11:35";"1";"59";"59183";"1";"9";"1";"2";"DARSES - CHAUSSEE";"51,0395700";"2,3587100"
"201900024639";"2";"9";"2019";"13:20";"1";"59";"59574";"2";"1";"1";"1";"SALENGRO ROGER(RUE)";"50,3720400";"3,2801300"
"201900024640";"5";"9";"2019";"22:25";"5";"58";"58194";"2";"1";"1";"2";"DOCTEUR LEVEILLE";"47,0019000";"3,1459000"
"201900024641";"2";"9";"2019";"15:30";"1";"58";"58194";"2";"1";"1";"6";"RAVELIN";"46,9878000";"3,1678000"
"201900024642";"3";"9";"2019";"11:55";"1";"58";"58194";"2";"1";"1";"3";"PRE PLANTIN (BOULEVARD)";"46,9867000";"3,1238000"
"201900024643";"5";"9";"2019";"11:10";"1";"57";"57672";"2";"1";"1";"6";"MANEGE (RUE DU)";"49,3589600";"6,1656300"
"201900024644";"7";"9";"2019";"19:40";"1";"56";"56260";"2";"6";"1";"3";"LUSCANEN (Giratoire de)";"47,6620800";" -2,7939700"
"201900024645";"5";"9";"2019";"22:30";"5";"56";"56098";"2";"6";"1";"3";"BILLOUX ( AV. FRANCOIS )";"47,7617258";" -3,3469353"
"201900024646";"5";"9";"2019";"07:20";"1";"56";"56121";"2";"6";"1";"6";"Rond point Kergroise";"47,7358200";" -3,3655800"
"201900024647";"28";"1";"2019";"08:25";"1";"54";"54547";"2";"3";"4";"7";"GOETHE (RUE)";"48,6590400";"6,1803500"
"201900024648";"25";"1";"2019";"07:23";"1";"54";"54439";"2";"2";"1";"1";"route de seichamps";"48,7056100";"6,2606600"
"201900024649";"24";"1";"2019";"11:30";"1";"54";"54025";"2";"1";"2";"3";"RD2";"48,6721400";"6,2267700"
"201900024650";"22";"1";"2019";"17:30";"5";"54";"54304";"2";"1";"1";"5";"SAPINIERE (RUE DE LA)";"48,6940100";"6,1280000"
"201900024651";"22";"1";"2019";"00:07";"5";"54";"54395";"2";"1";"1";"6";"LIAISON A 330 - RD2";"48,6632030";"6,1888700"
"201900024652";"21";"1";"2019";"16:00";"1";"54";"54304";"2";"1";"1";"7";"BOUFFLERS (AV DE 336-401 A FIN)";"48,6934200";"6,1392900"
"201900024653";"21";"1";"2019";"08:20";"1";"54";"54395";"2";"3";"1";"6";"BLANDAN (IMPASSE ET RUE DU SGT)";"48,6799300";"6,1667100"
"201900024654";"21";"1";"2019";"07:00";"2";"54";"54498";"2";"3";"1";"7";"SAINT PIERRE (RUE)";"48,7165730";"6,2653370"
"201900024655";"20";"1";"2019";"17:45";"3";"54";"54578";"2";"1";"2";"1";"MULLER (AVENUE PAUL)";"48,6566300";"6,1319300"
"201900024656";"16";"1";"2019";"18:32";"5";"54";"54328";"2";"6";"1";"7";"PASTEUR (RUE LOUIS)";"48,6185620";"6,1774720"
"201900024657";"16";"1";"2019";"07:15";"5";"54";"54395";"2";"2";"1";"3";"CHEVERT (RUE DU GENERAL)";"48,6734070";"6,1739790"
"201900024658";"13";"1";"2019";"05:15";"5";"54";"54395";"2";"1";"1";"7";"ARC (RUE JEANNE D' N";"48,6778910";"6,1772760"
"201900024659";"12";"1";"2019";"18:40";"5";"54";"54395";"2";"2";"1";"7";"TOMBLAINE (RUE DE)";"48,6867300";"6,2010900"
"201900024660";"11";"1";"2019";"11:28";"1";"54";"54395";"2";"1";"1";"7";"SAINT EPVRE (Rue et Place)";"48,6964040";"6,1795760"
"201900024661";"6";"1";"2019";"08:55";"1";"54";"54395";"2";"3";"1";"1";"LOUIS (RUE BARON)";"48,6957400";"6,1710600"
"201900024662";"14";"1";"2019";"19:00";"3";"54";"54395";"2";"2";"2";"7";"LOUIS (RUE BARON)";"48,6966100";"6,1742900"
"201900024663";"5";"9";"2019";"17:45";"1";"54";"54395";"2";"1";"1";"4";"RD674";"48,6707900";"6,1928510"
"201900024664";"4";"1";"2019";"17:20";"4";"54";"54395";"2";"1";"1";"7";"MARTEL (RUE CHARLES)";"48,6762800";"6,1743600"
"201900024665";"7";"9";"2019";"01:08";"5";"51";"51454";"2";"3";"2";"3";"AVENUE JEAN JAURES";"49,2590400";"4,0438100"
"201900024666";"6";"9";"2019";"16:35";"1";"51";"51454";"2";"1";"1";"1";"AVENUE DU GENERAL DE GAULLE";"49,2431400";"4,0154700"
"201900024667";"6";"9";"2019";"14:24";"1";"51";"51454";"2";"3";"1";"3";"AVENUE EDMOND MICHELET";"49,2231000";"4,0309000"
"201900024668";"5";"9";"2019";"13:45";"1";"51";"51454";"2";"1";"1";"7";"RUE JACQUART";"49,2606100";"4,0426700"
"201900024669";"5";"9";"2019";"08:30";"1";"50";"50129";"2";"1";"1";"3";"COURBET (RUE AMIRAL)";"49,6426200";" -1,6321600"
"201900024670";"5";"9";"2019";"10:10";"1";"50";"50129";"2";"1";"1";"3";"ATLANTIQUE (BOULEVARD DE L')";"49,6287620";" -1,6276700"
"201900024671";"12";"4";"2019";"17:45";"1";"29";"29190";"2";"2";"1";"3";"Rue du Lannou";"48,3444490";" -4,7187130"
"201900024672";"17";"4";"2019";"18:10";"1";"31";"31118";"1";"3";"1";"3";"CD29";"43,8137670";"1,3731490"
"201900024673";"16";"4";"2019";"16:25";"1";"38";"38150";"2";"1";"1";"7";"Rue Aristide Berges";"45,2045800";"5,8256400"
"201900024674";"17";"4";"2019";"16:10";"1";"1";"01305";"1";"2";"1";"5";"carrefour D933A - D1C";"46,4432260";"4,9248590"
"201900024675";"16";"4";"2019";"11:40";"1";"1";"01229";"2";"1";"2";"1";"Rue Malafertoise";"46,3214580";"5,1427770"
"201900024676";"16";"4";"2019";"16:10";"1";"70";"70163";"1";"1";"2";"3";"nationale 57";"47,6737130";"6,2358470"
"201900024677";"14";"4";"2019";"08:15";"1";"16";"16111";"1";"1";"1";"6";"RD24";"45,3970480";"0,0924800"
"201900024678";"16";"4";"2019";"16:30";"1";"40";"40233";"1";"1";"1";"1";"Route de Dax";"43,6327470";" -1,0260870"
"201900024679";"16";"4";"2019";"12:08";"1";"17";"17042";"1";"1";"1";"6";"RD 134";"45,8321940";" -0,4581440"
"201900024680";"17";"4";"2019";"05:50";"3";"17";"17218";"2";"6";"1";"7";"zone Saint Francois";"46,2957450";" -0,9913680"
"201900024681";"16";"4";"2019";"11:30";"1";"17";"17091";"1";"1";"1";"6";"RD 9";"46,2856170";" -1,1057380"
"201900024682";"12";"3";"2019";"17:20";"1";"72";"72328";"1";"1";"3";"2";"PK 166+000, Autoroute A11";"48,0591000";"0,2234390"
"201900024683";"27";"3";"2019";"03:20";"3";"67";"67519";"1";"1";"1";"7";"RD 223";"48,6756820";"7,8178220"
"201900024684";"17";"4";"2019";"12:45";"1";"973";"97309";"2";"1";"1";"2";"Avenue Jean Michotte";"4,9041770";" -52,2762360"
"201900024685";"13";"4";"2019";"19:25";"1";"34";"34134";"2";"2";"1";"3";"D5";"43,5901160";"3,8010830"
"201900024686";"17";"4";"2019";"11:20";"1";"37";"37197";"1";"1";"1";"6";"D7";"47,2605670";"0,3237760"
"201900024687";"17";"4";"2019";"10:20";"1";"66";"66180";"1";"1";"1";"4";"RD81";"42,7743850";"3,0165910"
"201900024688";"17";"4";"2019";"11:30";"1";"13";"13092";"2";"1";"1";"6";"1 place jean jaures";"43,5499270";"5,0334570"
"201900024689";"16";"4";"2019";"21:15";"5";"39";"39437";"2";"1";"1";"6";"N/A";"46,7273910";"5,7829640"
"201900024690";"16";"4";"2019";"14:20";"1";"55";"55526";"2";"1";"2";"3";"RD964 PK42+200";"48,8025610";"5,5263300"
"201900024691";"15";"4";"2019";"20:15";"2";"69";"69072";"2";"1";"1";"7";"route de la tour de salvagny";"45,8218020";"4,7465990"
"201900024692";"23";"3";"2019";"16:30";"1";"33";"33273";"1";"9";"1";"6";"PISTE FORESTIÈRE 68 CHEMIN DE MONFAUCON";"44,8593500";" -0,7540670"
"201900024693";"16";"4";"2019";"18:00";"1";"44";"44195";"1";"1";"1";"6";"Route de bouée";"47,3380170";" -1,9195980"
"201900024694";"14";"4";"2019";"02:30";"3";"14";"14043";"1";"1";"1";"6";"le pré baron";"48,9349690";" -0,0438600"
"201900024695";"16";"4";"2019";"14:39";"1";"29";"29248";"1";"3";"1";"3";"Kerdroc";"48,6030252";" -4,3817639"
"201900024696";"15";"4";"2019";"15:40";"1";"13";"13055";"1";"1";"1";"3";"A507 sens Marseille - Aubagne";"43,3135037";"5,4234695"
"201900024697";"11";"4";"2019";"11:45";"1";"42";"42307";"1";"1";"1";"4";"A47";"45,5514700";"4,6810700"
"201900024698";"16";"4";"2019";"18:00";"1";"33";"33318";"1";"1";"1";"2";"ROCADE A 630";"44,7880800";" -0,6322800"
"201900024699";"16";"4";"2019";"08:20";"1";"92";"92019";"1";"1";"2";"2";"RN 385 INT";"48,7611702";"2,2513133"
"201900024700";"15";"4";"2019";"10:10";"1";"92";"92002";"1";"1";"1";"2";"AUTOROUTE A10";"48,7301120";"2,3078254"
"201900024701";"14";"4";"2019";"13:00";"1";"94";"94034";"1";"1";"1";"6";"AUTOROUTE A86";"48,7617500";"2,3153800"
"201900024702";"16";"4";"2019";"01:50";"3";"78";"78043";"1";"1";"1";"6";"A13W";"48,8442000";"2,0890000"
"201900024703";"15";"4";"2019";"10:00";"1";"95";"95212";"1";"1";"1";"5";"AUTOROUTE A1";"49,0302100";"2,5386100"
"201900024704";"15";"4";"2019";"07:15";"2";"60";"60631";"1";"1";"1";"3";"AUTOROUTE A1";"49,1525200";"2,5862300"
"201900024705";"16";"4";"2019";"14:30";"1";"77";"77517";"1";"1";"1";"4";"A104.EXT";"48,9026000";"2,6487500"
"201900024706";"15";"4";"2019";"16:32";"1";"91";"91692";"1";"6";"1";"2";"CD35";"48,6760300";"2,1923830"
"201900024707";"15";"4";"2019";"16:50";"1";"91";"91027";"2";"4";"1";"3";"MORANGIS (AVENUE DE)";"48,7055810";"2,3581250"
"201900024708";"14";"4";"2019";"08:05";"1";"93";"93073";"1";"1";"1";"7";"CHAPIT RE ( RUE DU)";"49,0028530";"2,5368890"
"201900024709";"14";"4";"2019";"16:00";"1";"92";"92020";"2";"2";"1";"3";"BERANGER RUE";"48,8067300";"2,2795400"
"201900024710";"19";"1";"2019";"14:00";"1";"92";"92025";"2";"1";"1";"3";"BOURNARD (RUE DU)";"48,9244000";"2,2630000"
"201900024711";"13";"2";"2019";"07:50";"3";"92";"92014";"2";"3";"5";"3";"BIEVRE (RUE DE LA)";"48,7807178";"2,3206754"
"201900024712";"14";"4";"2019";"16:10";"1";"988";"98818";"2";"6";"1";"3";"LAROQUE (RUE GABRIEL)";" -22,3055000";"166,4479000"
"201900024713";"13";"4";"2019";"00:20";"3";"988";"98818";"1";"1";"2";"6";"RUE AMPERE";" -22,2307123";"166,4499897"
"201900024714";"15";"4";"2019";"01:15";"1";"974";"97416";"2";"9";"1";"1";"Ruelle Routier";" -20,8890900";"55,4476900"