"Num_Acc";"jour";"mois";"an";"hrmn";"lum";"dep";"com";"agg";"int";"atm";"col";"adr";"lat";"long"
"201900024715";"14";"4";"2019";"11:10";"1";"974";"97416";"2";"3";"1";"3";"ANCIENNE RN 1";" -21,3273300";"55,4501000"
"201900024716";"15";"4";"2019";"16:10";"1";"974";"97411";"2";"9";"1";"1";"ROUTIER (RUELLE)";" -20,8890900";"55,4476900"
"201900024717";"15";"4";"2019";"09:35";"1";"974";"97411";"2";"1";"1";"4";"QUATRE VOIES GILLOT (ROUTE A)";" -20,8972500";"55,5152200"
"201900024718";"15";"4";"2019";"18:00";"1";"973";"97302";"2";"9";"1";"3";"PREVOT (ERNEST)";"4,9336197";" -52,3329663"
"201900024719";"15";"4";"2019";"11:05";"1";"973";"97302";"2";"1";"1";"3";"BADUEL (ROUTE DE)";"4,9276765";" -52,2917461"
"201900024720";"15";"4";"2019";"09:35";"1";"973";"97302";"2";"1";"2";"4";"BADUEL (ROUTE DE)";"4,9292000";" -52,3017300"
"201900024721";"15";"4";"2019";"17:05";"1";"69";"69388";"2";"2";"1";"6";"GUILLAUME PARADIN                   (R )";"45,7390900";"4,8859000"
"201900024722";"15";"4";"2019";"12:30";"1";"69";"69383";"2";"1";"1";"6";"ALBERT THOMAS                       (CO)";"45,7452300";"4,8722800"
"201900024723";"15";"4";"2019";"11:10";"1";"69";"69386";"2";"2";"1";"3";"MARECHAL DE SAXE                    (R )";"45,7678900";"4,8441400"
"201900024724";"15";"4";"2019";"08:50";"1";"69";"69383";"2";"1";"1";"3";"FELIX FAURE                         (AV)";"45,7543394";"4,8648834"
"201900024725";"15";"4";"2019";"03:15";"5";"69";"69387";"2";"1";"1";"7";"EPARGNE (DE L')                     (R )";"45,7434800";"4,8540800"
"201900024726";"14";"4";"2019";"01:55";"5";"69";"69387";"2";"2";"1";"3";"FELIX FAURE                         (AV)";"45,7524000";"4,8491700"
"201900024727";"15";"4";"2019";"15:55";"1";"972";"97209";"1";"6";"1";"3";"RD 13";"14,6140300";" -61,0517600"
"201900024728";"12";"4";"2019";"11:30";"1";"69";"69286";"2";"1";"1";"3";"Route de Strasbourg";"45,8283900";"4,9067500"
"201900024729";"15";"4";"2019";"12:30";"1";"69";"69382";"2";"9";"1";"6";"MARECHAL JOFFRE (DU)                (QU)";"45,7527100";"4,8246100"
"201900024730";"14";"4";"2019";"21:45";"5";"69";"69389";"2";"9";"1";"3";"COMMERCE (DU)                       (QU)";"45,7841200";"4,8121300"
"201900024731";"13";"4";"2019";"18:20";"1";"69";"69286";"2";"1";"1";"3";"ROUTE DE STRASBOURG                 (RO)";"45,8154000";"4,8897200"
"201900024732";"13";"4";"2019";"21:10";"5";"69";"69142";"2";"3";"1";"3";"PIERRE SEMARD                       (QU)";"45,7253800";"4,8168100"
"201900024733";"13";"4";"2019";"17:15";"1";"69";"69382";"2";"1";"1";"3";"CHARLEMAGNE                         (CO)";"45,7392400";"4,8177900"
"201900024734";"15";"4";"2019";"18:35";"1";"2B";"2B120";"1";"1";"1";"3";"11 - RT";"42,6502000";"9,4406000"
"201900024735";"13";"4";"2019";"12:17";"1";"91";"91692";"2";"1";"1";"6";"CAUSSES (RUE DES)";"48,6777700";"2,1750000"
"201900024736";"13";"4";"2019";"03:15";"3";"91";"91161";"2";"1";"1";"3";"WISSOUS (ROUTE DE)";"48,7100200";"2,3112400"
"201900024737";"14";"4";"2019";"11:16";"1";"91";"91345";"2";"1";"1";"6";"CANAL (RUE DU)";"48,6960840";"2,2898880"
"201900024738";"13";"4";"2019";"15:40";"1";"91";"91201";"2";"1";"1";"1";"ALPHONSE DAUDET(RUE)";"48,6640000";"2,4216000"
"201900024739";"14";"4";"2019";"23:10";"5";"91";"91027";"2";"2";"1";"3";"FONTAINEBLEAU (ROUTE DE)";"48,7161800";"2,3708400"
"201900024740";"12";"4";"2019";"17:32";"1";"87";"87085";"2";"1";"1";"3";"GODDET (Rue Jacques)";"45,8891000";"1,2819500"
"201900024741";"13";"4";"2019";"18:05";"1";"86";"86194";"2";"3";"1";"3";"PIERRE LEVEE (RUE DE LA)";"46,5755600";"0,3543700"
"201900024742";"8";"4";"2019";"21:25";"5";"86";"86214";"2";"3";"1";"3";"VARENNE (RUE DE LA)";"46,5555700";"0,3305000"
"201900024743";"13";"4";"2019";"00:25";"5";"86";"86194";"2";"1";"1";"6";"PIMPANEAU (CHEMIN DE)";"46,5827702";"0,3560305"
"201900024744";"14";"4";"2019";"20:52";"5";"83";"83137";"2";"1";"1";"6";"STRASBOURG (BD DE )";"43,1243200";"5,9354800"
"201900024745";"13";"4";"2019";"06:00";"5";"83";"83137";"2";"2";"1";"3";"LYAUTEY (AVE MARECHAL)";"43,1251900";"5,9281900"
"201900024746";"11";"4";"2019";"19:30";"1";"80";"80021";"2";"1";"1";"5";"2, AV DES CYGNES";"49,9185300";"2,2575600"
"201900024747";"12";"4";"2019";"15:10";"1";"79";"79191";"2";"3";"1";"1";"28 rue des Fontenelles";"46,3320400";" -0,4284700"
"201900024748";"14";"4";"2019";"11:09";"1";"77";"77083";"2";"2";"1";"3";"D226 X RUE AUGUSTE VALLAUD";"48,8574400";"2,5858900"
"201900024749";"14";"4";"2019";"17:15";"1";"76";"76410";"1";"1";"1";"7";"RD 6015 (COTE DE LA VALETTE)";"49,4882700";"1,0312700"
"201900024750";"13";"4";"2019";"10:20";"1";"76";"76540";"2";"1";"1";"6";"ECUYERE. RUE";"49,4439200";"1,0908400"
"201900024751";"14";"4";"2019";"07:25";"1";"76";"76351";"2";"1";"1";"6";"CLEMENCEAU (BD)";"49,4889530";"0,0979543"
"201900024752";"13";"4";"2019";"23:00";"5";"74";"74093";"2";"3";"1";"6";"REPUBLIQUE (AVENUE DE LA)";"45,9088000";"6,0977000"
"201900024753";"14";"4";"2019";"17:05";"1";"71";"71076";"2";"1";"7";"2";"PONT DE BOURGOGNE (AVENUE DU)";"46,7818000";"4,8613200"
"201900024754";"14";"4";"2019";"05:55";"3";"71";"71445";"1";"1";"1";"1";"RD 978 B";"46,7629400";"4,8929200"
"201900024755";"15";"4";"2019";"14:30";"1";"69";"69266";"2";"1";"1";"6";"ANTONIN PERRIN     (Rue)";"45,7560909";"4,8854165"
"201900024756";"14";"4";"2019";"22:40";"5";"69";"69266";"2";"9";"1";"3";"GENAS    (Route de)";"45,7492900";"4,9141100"
"201900024757";"14";"4";"2019";"11:15";"1";"69";"69091";"2";"2";"1";"3";"VICTOR HUGO ( R )";"45,5883925";"4,7710019"
"201900024758";"14";"4";"2019";"17:00";"1";"67";"67482";"2";"1";"1";"3";"TANCHE (RUE DE LA)";"48,5968530";"7,7889730"
"201900024759";"12";"4";"2019";"07:45";"1";"67";"67218";"2";"1";"1";"6";"LIXENBUHL (RUE)";"48,5294500";"7,7271000"
"201900024760";"12";"4";"2019";"12:30";"1";"66";"66136";"2";"1";"1";"6";"DESNOYE (BOULEVARD DR. JOSEPH)";"42,7114800";"2,8845700"
"201900024761";"12";"4";"2019";"09:00";"1";"66";"66136";"2";"1";"1";"6";"VIDAL (PIERRE)";"42,7225600";"2,8842500"
"201900024762";"12";"4";"2019";"20:45";"2";"64";"64102";"2";"2";"1";"6";"REDUIT (PLACE DU)";"43,4931700";" -1,4730700"
"201900024763";"13";"4";"2019";"10:28";"1";"63";"63113";"2";"1";"1";"6";"SAINT JEAN (BD)";"45,7824800";"3,1179700"
"201900024764";"13";"4";"2019";"18:29";"1";"63";"63113";"2";"1";"1";"3";"BRIAND (BD ARISTIDE)";"45,7727445";"3,0749578"
"201900024765";"10";"4";"2019";"17:50";"1";"60";"60057";"2";"9";"1";"3";"MAURICE SEGONDS (RUE)";"49,4213200";"2,0743100"
"201900024766";"13";"4";"2019";"04:25";"5";"59";"59350";"2";"9";"1";"1";"LIBERTE BVD N°147 A FIN-96 A FIN";"50,6345900";"3,0567800"
"201900024767";"9";"4";"2019";"18:00";"1";"59";"59360";"2";"2";"2";"3";"PARE AMBROISE RUE";"50,6019800";"3,0379700"
"201900024768";"15";"4";"2019";"17:06";"1";"59";"59317";"1";"1";"1";"1";"AVENTURE (CHEMIN DE L ' )";"50,6848500";"2,9530200"
"201900024769";"12";"4";"2019";"22:50";"5";"58";"58194";"2";"2";"1";"3";"MADEMOISELLE BOURGEOIS";"46,9984000";"3,1724500"
"201900024770";"14";"4";"2019";"23:55";"5";"50";"50129";"2";"1";"1";"6";"ATLANTIQUE (BOULEVARD DE L')";"49,6320800";" -1,6233900"
"201900024771";"13";"4";"2019";"20:40";"2";"49";"49007";"2";"3";"1";"6";"ARBRISSEL";"47,4453100";" -0,5610300"
"201900024772";"15";"4";"2019";"17:25";"1";"45";"45302";"2";"2";"1";"3";"RUE DES SABLONNIERES - R DES PINSONS";"47,9292150";"1,8863700"
"201900024773";"2";"4";"2019";"10:15";"1";"42";"42218";"2";"3";"1";"3";"LAMAIZIERE LEON";"45,4672100";"4,3808800"
"201900024774";"14";"4";"2019";"05:50";"4";"42";"42183";"2";"1";"1";"6";"MOISE (RUE REMI)";"45,4028040";"4,3549950"
"201900024775";"13";"4";"2019";"17:35";"1";"41";"41018";"1";"3";"1";"3";"AUGE (BOULEVARD MARC ET ROBERT)";"47,5738200";"1,3460600"
"201900024776";"14";"4";"2019";"16:20";"1";"38";"38544";"2";"1";"1";"1";"CAROLINGIENS(RUE DES)";"45,5273700";"4,9034200"
"201900024777";"15";"4";"2019";"18:44";"1";"37";"37214";"2";"3";"1";"3";"REPUBLIQUE (AVENUE DE LA)";"47,4029349";"0,6629105"
"201900024778";"15";"4";"2019";"16:10";"1";"37";"37261";"1";"1";"1";"4";"SAVONNIERES (ROUTE DE)";"47,3687077";"0,6656041"
"201900024779";"15";"4";"2019";"15:09";"1";"37";"37261";"1";"1";"1";"2";"SAVONNIERES (ROUTE DE)";"47,3701747";"0,6749638"
"201900024780";"12";"4";"2019";"15:50";"1";"36";"36202";"2";"1";"1";"6";"N/A";"46,7896900";"1,6576000"
"201900024781";"14";"4";"2019";"20:00";"1";"35";"35238";"2";"3";"1";"3";"HAUTES-OURMES (BD DES)";"48,0876100";" -1,6465110"
"201900024782";"14";"4";"2019";"16:45";"1";"35";"35051";"1";"1";"1";"7";"EST (ROCADE)";"48,1265800";" -1,5743420"
"201900024783";"14";"4";"2019";"18:45";"1";"34";"34172";"2";"3";"1";"3";"MAJOR FLANDRE (AVENUE DU)";"43,6291830";"3,8724628"
"201900024784";"14";"4";"2019";"14:13";"1";"34";"34172";"2";"1";"1";"6";"MILHAU (ALLEE JULES)";"43,6089736";"3,8821810"
"201900024785";"15";"4";"2019";"00:00";"5";"31";"31555";"1";"1";"1";"2";"RUE CHARLES MOULY";"43,5861800";"1,4045900"
"201900024786";"13";"4";"2019";"16:10";"1";"31";"31555";"2";"1";"1";"3";"BD DE L EMBOUCHURE";"43,6137000";"1,4309400"
"201900024787";"13";"4";"2019";"04:30";"4";"31";"31555";"1";"1";"1";"7";"VA008482 A624";"43,6107400";"1,3760200"
"201900024788";"12";"4";"2019";"22:45";"5";"31";"31555";"2";"1";"1";"3";"331 AV DES ETATS UNIS";"43,6542000";"1,4230900"
"201900024789";"12";"4";"2019";"13:30";"1";"31";"31555";"2";"1";"1";"6";"LARDENNE (AV DE)";"43,5928800";"1,4039400"
"201900024790";"12";"4";"2019";"17:32";"1";"31";"31555";"2";"1";"1";"3";"RUE MATABIAU";"43,6095600";"1,4464200"
"201900024791";"12";"4";"2019";"12:30";"1";"31";"31555";"1";"1";"1";"2";"VA007456 SESQUIERES A620 Sortie 33";"43,6463600";"1,4216800"
"201900024792";"15";"4";"2019";"13:55";"1";"31";"31483";"2";"1";"1";"2";"SARAGAT (BD DU PRESIDENT)";"43,0973900";"0,7107300"
"201900024793";"14";"4";"2019";"16:07";"1";"26";"26362";"2";"2";"1";"3";"BOUIN RUE JEAN";"44,9337900";"4,8881500"
"201900024794";"15";"4";"2019";"00:15";"3";"25";"25056";"1";"1";"1";"4";"RN 1057 (BD CHURCHIL-ROUTE DE GRAY)";"47,2656000";"6,0051000"
"201900024795";"13";"4";"2019";"00:00";"3";"18";"18033";"2";"1";"1";"6";"VIGNES DE LA CHAPPE (CHEMIN DES)";"47,0904300";"2,4291100"
"201900024796";"13";"4";"2019";"11:05";"1";"17";"17380";"2";"6";"1";"3";"GANIPOTE (AVENUE DE LA)";"45,6516600";" -1,0848000"
"201900024797";"14";"4";"2019";"19:36";"1";"17";"17028";"2";"1";"1";"2";"GRASSET   AVENUE EDMOND";"46,1337300";" -1,1148930"
"201900024798";"14";"4";"2019";"12:15";"1";"14";"14301";"2";"1";"1";"5";"LOUIS PASTEUR (RUE )";"49,1779100";" -0,2795000"
"201900024799";"15";"4";"2019";"15:45";"1";"13";"13209";"2";"1";"1";"5";"MARÉCHAL DE LATTRE (AVENUE)";"43,2457810";"5,4162540"
"201900024800";"15";"4";"2019";"14:36";"1";"13";"13211";"2";"1";"1";"6";"SAINT MARCEL (BOULEVARD DE )";"43,2862700";"5,4728700"
"201900024801";"14";"4";"2019";"18:00";"1";"13";"13215";"2";"1";"1";"6";"SAINT ANTOINE (AVENUE DE)";"43,3753340";"5,3558550"
"201900024802";"25";"2";"2019";"13:00";"1";"13";"13213";"2";"1";"1";"7";"MARCEL DELPRAT (AVENUE)";"43,3347600";"5,4540100"
"201900024803";"14";"4";"2019";"04:35";"5";"13";"13215";"2";"3";"1";"3";"LYON (RUE DE)";"43,3334400";"5,3640900"
"201900024804";"14";"4";"2019";"00:50";"5";"13";"13201";"2";"1";"1";"6";"LIBERATION (BOULEVARD)  1 A 65";"43,3012400";"5,3922400"
"201900024805";"14";"4";"2019";"06:11";"5";"10";"10387";"2";"2";"1";"3";"ANATOLE FRANCE (RUE)";"48,2803000";"4,0687000"
"201900024806";"14";"4";"2019";"16:45";"1";"6";"06088";"2";"1";"1";"6";"TRACHEL (RUE)";"43,7060320";"7,2588770"
"201900024807";"13";"4";"2019";"12:05";"1";"6";"06088";"2";"1";"1";"1";"BELLET (RTE DE)";"43,7152540";"7,2202060"
"201900024808";"15";"4";"2019";"17:10";"1";"6";"06069";"2";"7";"1";"6";"THIERS (AVENUE)";"43,6609100";"6,9226300"
"201900024809";"14";"4";"2019";"16:50";"1";"6";"06069";"2";"1";"2";"1";"SAINT MARC - LE PLAN DE GRASSE (CHEMIN D";"43,6328960";"6,9632372"
"201900024810";"14";"4";"2019";"13:15";"1";"6";"06069";"2";"1";"1";"7";"CANNES (ROUTE DE)  -RD 6085-";"43,6428100";"6,9462300"
"201900024811";"14";"4";"2019";"13:07";"1";"5";"05061";"2";"1";"1";"2";"JEAN JAURES ( AVENUE )";"44,5504000";"6,0692000"
"201900024812";"14";"4";"2019";"03:35";"5";"1";"01053";"2";"1";"1";"6";"SPORTS ((AVENUE DES - N°1( A FIN)";"46,2071400";"5,2357100"
"201900024813";"14";"4";"2019";"17:30";"1";"75";"75117";"2";"1";"1";"4";"PORTE DE CHAMPERRET";"48,8840680";"2,2851020"
"201900024814";"14";"4";"2019";"18:25";"1";"75";"75117";"2";"2";"1";"6";"AVENUE DE VILLIERS";"48,8819510";"2,3135660"
"201900024815";"14";"4";"2019";"17:47";"1";"75";"75120";"2";"1";"1";"6";"BOULEVARD MORTIER";"48,8768520";"2,4070280"
"201900024816";"15";"4";"2019";"20:50";"5";"75";"75119";"2";"1";"2";"6";"BOULEVARD MACDONALD";"48,8987900";"2,3836790"
"201900024817";"15";"4";"2019";"13:40";"1";"75";"75118";"2";"2";"1";"3";"BOULEVARD ORNANO";"48,8915640";"2,3495940"
"201900024818";"15";"4";"2019";"11:45";"1";"75";"75118";"2";"2";"1";"6";"BOULEVARD ORNANO";"48,8952530";"2,3466180"
"201900024819";"15";"4";"2019";"15:05";"1";"75";"75117";"2";"2";"1";"3";"BOULEVARD DES BATIGNOLLES";"48,8828030";"2,3232520"
"201900024820";"15";"4";"2019";"11:15";"1";"75";"75117";"2";"3";"1";"3";"AVENUE DE LA GRANDE ARMEE";"48,8757150";"2,2889390"
"201900024821";"14";"4";"2019";"17:45";"1";"75";"75116";"2";"1";"1";"6";"AVENUE DU MAHATMA GANDHI";"48,8764460";"2,2645120"
"201900024822";"10";"4";"2019";"21:45";"5";"75";"75116";"2";"1";"1";"2";"AVENUE DE VERSAILLES";"48,8459340";"2,2722310"
"201900024823";"15";"4";"2019";"13:20";"1";"75";"75115";"2";"3";"1";"3";"QUAI DE GRENELLE";"48,8508490";"2,2836820"
"201900024824";"15";"4";"2019";"11:25";"1";"75";"75114";"2";"2";"1";"6";"RUE D ALESIA";"48,8318230";"2,3141310"
"201900024825";"15";"4";"2019";"17:25";"1";"75";"75113";"2";"2";"1";"2";"RUE DE TOLBIAC";"48,8259410";"2,3452150"
"201900024826";"15";"4";"2019";"10:02";"1";"75";"75113";"2";"4";"1";"3";"RUE ALBERT BAYET";"48,8295610";"2,3599340"
"201900024827";"15";"4";"2019";"08:25";"1";"75";"75113";"2";"2";"1";"6";"QUAI D AUSTERLITZ";"48,8419200";"2,3678700"
"201900024828";"14";"4";"2019";"18:50";"1";"75";"75113";"2";"3";"1";"3";"RUE VULPIAN";"48,8306420";"2,3459410"
"201900024829";"15";"4";"2019";"14:15";"1";"75";"75112";"2";"2";"1";"6";"AVENUE DAUMESNIL";"48,8486520";"2,3725620"
"201900024830";"14";"4";"2019";"22:10";"5";"75";"75112";"2";"2";"1";"3";"AVENUE LEDRU ROLLIN";"48,8468500";"2,3694060"
"201900024831";"14";"4";"2019";"04:00";"5";"75";"75112";"2";"2";"1";"1";"AVENUE DAUMESNIL";"48,8411120";"2,3890230"
"201900024832";"14";"4";"2019";"04:30";"5";"75";"75111";"2";"3";"1";"6";"RUE DE LAPPE";"48,8537320";"2,3726430"
"201900024833";"15";"4";"2019";"18:00";"1";"75";"75110";"2";"3";"1";"3";"BOULEVARD DE STRASBOURG";"48,8750460";"2,3575460"
"201900024834";"14";"4";"2019";"04:55";"5";"75";"75110";"2";"1";"1";"6";"BOULEVARD DE MAGENTA";"48,8707680";"2,3609980"
"201900024835";"14";"4";"2019";"17:30";"1";"75";"75107";"2";"2";"1";"6";"RUE DE GRENELLE";"48,8544210";"2,3259090"
"201900024836";"14";"4";"2019";"22:35";"5";"75";"75101";"2";"2";"1";"2";"RUE DE CASTIGLIONE";"48,8659400";"2,3278730"
"201900024837";"14";"4";"2019";"16:10";"1";"75";"75104";"2";"2";"1";"3";"BOULEVARD MORLAND";"48,8474690";"2,3655390"
"201900024838";"14";"4";"2019";"15:00";"1";"75";"75101";"2";"2";"1";"2";"RUE DU LOUVRE";"48,8652860";"2,3430830"
"201900024839";"14";"4";"2019";"12:40";"1";"94";"94081";"2";"1";"1";"2";"GABRIEL PERI (R)";"48,7980000";"2,3990000"
"201900024840";"14";"4";"2019";"13:25";"1";"94";"94067";"2";"1";"1";"3";"GUYANE (Bd. de la)";"48,8356433";"2,4126899"
"201900024841";"15";"4";"2019";"06:25";"1";"94";"94078";"2";"3";"1";"3";"WINSTON CHURCHILL (AV)";"48,7541000";"2,4486500"
"201900024842";"15";"4";"2019";"09:55";"1";"94";"94041";"2";"1";"1";"1";"GEORGES GOSNAT (AV)";"48,8127200";"2,3871700"
"201900024843";"15";"4";"2019";"09:15";"1";"94";"94073";"2";"1";"1";"2";"REPUBLIQUE (AV DE LA)";"48,7699000";"2,3960100"
"201900024844";"15";"4";"2019";"10:00";"1";"94";"94038";"2";"1";"1";"6";"COQUELICOTS (R DES)";"48,7756900";"2,3526100"
"201900024845";"13";"4";"2019";"11:55";"1";"94";"94028";"2";"1";"1";"3";"VERDUN.(AVENUE DE)";"48,7944900";"2,4617600"
"201900024846";"28";"6";"2019";"13:50";"1";"34";"34172";"2";"1";"1";"2";"MONTELS-EGLISE (RUE DE)";"43,5753816";"3,8695049"
"201900024847";"28";"6";"2019";"06:00";"1";"34";"34172";"2";"1";"1";"1";"LIBERTE (AVENUE DE LA";"43,6012300";"3,8680700"
"201900024848";"27";"6";"2019";"17:00";"1";"34";"34172";"2";"1";"1";"3";"VILLALONGA (RUE EDOUARD)";"43,6113882";"3,9080788"
"201900024849";"27";"6";"2019";"16:10";"1";"34";"34172";"2";"3";"1";"3";"CASTELNAU JUSTICE DE";"43,6270420";"3,8729877"
"201900024850";"27";"6";"2019";"03:25";"5";"34";"34172";"2";"2";"1";"3";"SAINT GUILHEM (RUE)";"43,6086200";"3,8730900"
"201900024851";"30";"6";"2019";"02:40";"3";"33";"33039";"2";"9";"1";"6";"430,432 Rte de Toulouse";"44,7924000";" -0,5671500"
"201900024852";"29";"6";"2019";"06:00";"1";"33";"33063";"2";"3";"1";"6";"RUE DE BEGLES";"44,8137100";" -0,5647450"
"201900024853";"29";"6";"2019";"02:00";"3";"33";"33281";"2";"1";"1";"6";"47 Av du Chateau d'Eau";"44,8537500";" -0,6497800"
"201900024854";"27";"6";"2019";"18:15";"1";"33";"33522";"2";"1";"1";"3";"RTE DE TOULOUSE";"44,8084500";" -0,5738500"
"201900024855";"27";"6";"2019";"12:44";"1";"33";"33162";"2";"3";"1";"3";"Av.DU MEDOC / Rte de Pauillac";"44,8851100";" -0,6366200"
"201900024856";"27";"6";"2019";"08:10";"1";"33";"33063";"2";"4";"1";"5";"PIERRE 1ER (BD )";"44,8573200";" -0,5907700"
"201900024857";"27";"6";"2019";"09:10";"1";"33";"33162";"2";"3";"1";"3";"Av de l'Hippodrome / Av de Saint-Médard";"44,8612120";" -0,6422300"
"201900024858";"19";"6";"2019";"15:30";"1";"33";"33063";"2";"1";"1";"6";"19 RUE DE LACANAU - enfant sur trottinette sans moteur traverse des n°impairs vers pairs entre 2 véhicules en stationnement et hors passage piéton sis à +50 m";"44,8383200";" -0,5942200"
"201900024859";"24";"6";"2019";"22:45";"4";"33";"33063";"2";"3";"1";"3";"Allée de Bristol / Crs du Mal Foch / Pl des Quinconces - VT sens Fleuve - Tourny / EDP sens Quinconces - Verdun";"44,8461800";" -0,5749500"
"201900024860";"26";"6";"2019";"22:24";"2";"33";"33063";"2";"1";"1";"3";"Face au 52 côté fleuve Q. des Chartrons";"44,8519100";" -0,5682300"
"201900024861";"26";"6";"2019";"11:50";"1";"33";"33249";"2";"1";"1";"2";"QUAI CHAIGNEAU BICHON";"44,8785400";" -0,5337200"
"201900024862";"28";"6";"2019";"13:10";"1";"33";"33529";"2";"1";"1";"3";"FUSILLES (AV. DES)";"44,5390700";" -1,1552700"
"201900024863";"28";"6";"2019";"08:30";"1";"32";"32013";"2";"3";"1";"3";"PIERRE DE MONTESQUIOU (AVENUE)";"43,6335300";"0,5883100"
"201900024864";"28";"6";"2019";"10:20";"1";"31";"31069";"2";"6";"1";"3";"MAGA (RD-PT JEAN)";"43,6217400";"1,3969700"
"201900024865";"27";"6";"2019";"18:25";"1";"31";"31149";"1";"1";"1";"2";"RN124";"43,6071200";"1,3260900"
"201900024866";"27";"6";"2019";"08:20";"1";"31";"31555";"2";"1";"1";"3";"LANUSSE (CHE DE) DU 4AU 181";"43,6352200";"1,4544300"
"201900024867";"26";"6";"2019";"21:30";"5";"31";"31149";"2";"1";"1";"3";"COLLONGUES (RUE ETIENNE)";"43,6002200";"1,3308400"
"201900024868";"26";"6";"2019";"09:00";"1";"31";"31555";"1";"1";"1";"4";"VA007331 A620";"43,5866500";"1,4013600"
"201900024869";"29";"6";"2019";"18:15";"1";"30";"30189";"1";"1";"1";"1";"BRETELLE SORTIE RN 106";"43,8119850";"4,3452450"
"201900024870";"28";"6";"2019";"12:50";"1";"30";"30189";"2";"2";"1";"4";"MAS DE CHEYLON";"43,8053000";"4,3369200"
"201900024871";"28";"6";"2019";"00:05";"3";"30";"30189";"1";"1";"1";"6";"ALES (ROUTE)";"43,8863575";"4,2982207"
"201900024872";"28";"6";"2019";"22:00";"5";"30";"30007";"2";"3";"1";"1";"GRABIEUX (ROUTE DU PONT DE)";"44,1456400";"4,0887100"
"201900024873";"28";"6";"2019";"12:12";"1";"29";"29232";"1";"1";"1";"2";"CNO";"48,0303700";" -4,0897300"
"201900024874";"27";"6";"2019";"00:57";"3";"29";"29232";"1";"1";"1";"7";"LENDU ROUTE DU";"47,9369000";" -4,0666000"
"201900024875";"27";"6";"2019";"17:15";"1";"29";"29019";"2";"9";"1";"6";"QUIMPER (DE 1 A 103 ET 2 A 152)";"48,4022347";" -4,4624104"
"201900024876";"22";"6";"2019";"22:05";"5";"28";"28218";"2";"3";"1";"2";"LECLERC (RUE DU MARECHAL)";"48,4389000";"1,4738700"
"201900024877";"24";"6";"2019";"21:00";"1";"27";"27701";"2";"9";"1";"6";"MATINALE (VOIE)";"49,2730800";"1,2087200"
"201900024878";"27";"6";"2019";"17:00";"1";"27";"27375";"2";"1";"1";"3";"SAINT JEAN (RUE)";"49,2102600";"1,1753000"
"201900024879";"28";"6";"2019";"17:10";"1";"25";"25462";"2";"1";"1";"3";"DOUBS DE (DU 0 AU 24)";"46,9077300";"6,3556600"
"201900024880";"27";"6";"2019";"20:19";"1";"24";"24053";"1";"3";"1";"6";"AVENUE BENOIT FRACHON";"45,1815000";"0,7744000"
"201900024881";"28";"6";"2019";"09:40";"1";"21";"21231";"2";"7";"1";"3";"DAVOUT (RUE)";"47,3221080";"5,0516190"
"201900024882";"27";"6";"2019";"15:15";"1";"19";"19275";"1";"1";"7";"1";"R.D. 1089 SUD";"45,5200000";"2,2725000"
"201900024883";"26";"6";"2019";"21:55";"2";"19";"19272";"2";"1";"1";"3";"Chammard (Quai)";"45,2678400";"1,7723300"
"201900024884";"26";"6";"2019";"11:25";"1";"19";"19031";"2";"6";"1";"2";"RIVET (AVENUE JEAN CHARLES)";"45,1481500";"1,4889800"
"201900024885";"29";"6";"2019";"10:50";"1";"17";"17306";"2";"1";"1";"2";"BOUCHET LOUIS (AVENUE)";"45,6274000";" -0,9973000"
"201900024886";"28";"6";"2019";"16:17";"1";"17";"17300";"2";"1";"1";"7";"LA ROCHELLE   RUE DE";"46,1604400";" -1,1495500"
"201900024887";"28";"6";"2019";"12:10";"1";"17";"17200";"2";"1";"1";"4";"HUIT MAI 1945   AVENUE DU";"46,1854100";" -1,1511800"
"201900024888";"27";"6";"2019";"08:40";"1";"17";"17300";"2";"1";"1";"3";"JOFFRE";"46,1525300";" -1,1473000"
"201900024889";"18";"6";"2019";"23:30";"3";"14";"14333";"1";"1";"3";"7";"CD513";"49,4180500";"0,2002300"
"201900024890";"29";"6";"2019";"15:50";"1";"14";"14437";"2";"1";"1";"6";"GASPERI (RUE ALCIDE DE)";"49,1698600";" -0,3202700"
"201900024891";"29";"6";"2019";"11:46";"1";"14";"14118";"2";"1";"1";"3";"COTE DE NACRE(AVENUE)";"49,2107400";" -0,3634700"
"201900024892";"21";"6";"2019";"23:19";"5";"14";"14118";"2";"3";"1";"3";"DETOLLE (BOULEVARD ANDRE)";"49,1754379";" -0,3893664"
"201900024893";"29";"6";"2019";"00:50";"5";"13";"13208";"2";"1";"1";"5";"RABATAU (BOULEVARD)";"43,2748600";"5,3951900"
"201900024894";"28";"6";"2019";"16:10";"1";"13";"13206";"2";"3";"1";"6";"DOCTEUR SCHWEITZER (RUE)";"43,2835280";"5,3868160"
"201900024895";"28";"6";"2019";"11:50";"1";"13";"13208";"2";"3";"1";"6";"TURCAT MERY ALLÉE (ALLEE)";"43,2804800";"5,3873000"
"201900024896";"27";"6";"2019";"22:10";"5";"13";"13213";"2";"1";"1";"6";"JEAN PAUL SARTRE (AVENUE)";"43,3230300";"5,4192100"
"201900024897";"27";"6";"2019";"19:15";"1";"13";"13207";"2";"1";"1";"3";"CHARLES LIVON (BOULEVARD)";"43,2900000";"5,3600000"
"201900024898";"27";"6";"2019";"22:10";"5";"13";"13203";"2";"9";"1";"3";"BD FERDINAND DE LESSEPS";"43,3197900";"5,3698560"
"201900024899";"28";"6";"2019";"11:45";"1";"11";"11262";"2";"2";"1";"3";"VERDOUBLE (RUE DU)";"43,1825900";"2,9761900"