"Num_Acc";"jour";"mois";"an";"hrmn";"lum";"dep";"com";"agg";"int";"atm";"col";"adr";"lat";"long"
"201900024900";"27";"6";"2019";"17:20";"1";"11";"11262";"2";"2";"1";"3";"MAZAGRAN (RUE DE)";"43,1776300";"2,9962800"
"201900024901";"29";"6";"2019";"12:43";"1";"10";"10357";"1";"1";"1";"6";"ROCADE EST (RD 610)";"48,2831825";"4,1334428"
"201900024902";"27";"6";"2019";"17:15";"1";"10";"10387";"2";"1";"1";"6";"ANATOLE FRANCE (RUE)";"48,2796000";"4,0685000"
"201900024903";"27";"6";"2019";"11:15";"1";"8";"08298";"2";"1";"1";"2";"MABILLE E.";"49,7942800";"4,7423200"
"201900024904";"29";"6";"2019";"09:05";"1";"7";"07281";"2";"6";"1";"3";"LIBERATION (CARREFOUR DE LA)";"44,9457790";"4,8471390"
"201900024905";"29";"6";"2019";"11:10";"1";"6";"06069";"2";"1";"1";"2";"PLAN (ROUTE DU) -D304-";"43,6529500";"6,9463000"
"201900024906";"30";"6";"2019";"01:40";"5";"6";"06029";"2";"4";"1";"3";"MIDI (BOULEVARD DU)";"43,5492300";"6,9940000"
"201900024907";"23";"6";"2019";"17:47";"1";"6";"06004";"2";"1";"1";"6";"LITTORAL(BDM APRES BIJOU PLAGE RN98";"43,5705000";"7,0905000"
"201900024908";"27";"6";"2019";"14:15";"1";"5";"05061";"2";"1";"1";"2";"JEAN JAURES ( AVENUE )";"44,5510200";"6,0698800"
"201900024909";"26";"6";"2019";"18:19";"1";"5";"05061";"2";"1";"1";"3";"GEORGES POMPIDOU ( BD)";"44,5578078";"6,0819465"
"201900024910";"28";"6";"2019";"19:55";"1";"4";"04070";"1";"1";"1";"1";"RN 85";"44,0770600";"6,2096600"
"201900024911";"26";"6";"2019";"18:30";"1";"3";"03095";"1";"1";"1";"1";"route de Ferrières";"46,1247500";"3,4740900"
"201900024912";"26";"6";"2019";"10:16";"1";"2";"02168";"2";"1";"1";"3";"VERDILLY (ROUTE DE)";"49,0509810";"3,4044040"
"201900024913";"27";"6";"2019";"12:19";"1";"1";"01053";"2";"9";"1";"3";"KENNEDY BVD J  - IMPAIR DE EUROPE A DIME";"46,2072300";"5,2385300"
"201900024914";"29";"6";"2019";"19:40";"1";"75";"75119";"2";"1";"1";"6";"PORTE D AUBERVILLIERS";"48,9006150";"2,3724800"
"201900024915";"29";"6";"2019";"09:00";"1";"75";"75114";"2";"4";"1";"3";"PORTE D ORLEANS";"48,8190070";"2,3298030"
"201900024916";"28";"6";"2019";"10:45";"1";"75";"75116";"2";"1";"1";"4";"BOULEVARD PERIPHERIQUE";"48,8704830";"2,2725290"
"201900024917";"28";"6";"2019";"04:05";"5";"75";"75112";"2";"1";"1";"7";"BOULEVARD PERIPHERIQUE";"48,8272580";"2,3908840"
"201900024918";"27";"6";"2019";"14:30";"1";"75";"75118";"2";"1";"1";"3";"PORTE DE CLIGNANCOURT";"48,9010200";"2,3426290"
"201900024919";"27";"6";"2019";"09:20";"1";"75";"75120";"2";"1";"1";"4";"PORTE DES LILAS";"48,8740960";"2,4113620"
"201900024920";"26";"6";"2019";"10:40";"1";"75";"75118";"2";"1";"1";"2";"PORTE DE CLIGNANCOURT";"48,9010410";"2,3507640"
"201900024921";"26";"6";"2019";"08:05";"1";"75";"75115";"2";"4";"1";"4";"PORTE D ISSY";"48,8347480";"2,2663020"
"201900024922";"26";"6";"2019";"08:15";"1";"75";"75113";"2";"4";"1";"3";"PORTE D IVRY";"48,8186760";"2,3701350"
"201900024923";"27";"6";"2019";"04:45";"2";"75";"75118";"2";"7";"1";"6";"BOULEVARD DE CLICHY";"48,8839830";"2,3323640"
"201900024924";"26";"6";"2019";"20:52";"2";"75";"75105";"2";"4";"1";"6";"RUE PIERRE BROSSOLETTE";"48,8418000";"2,3478570"
"201900024925";"26";"6";"2019";"16:05";"1";"75";"75114";"2";"2";"1";"3";"BOULEVARD ROMAIN ROLLAND";"48,8198020";"2,3257550"
"201900024926";"26";"6";"2019";"23:50";"5";"75";"75106";"2";"2";"1";"3";"BOULEVARD SAINT GERMAIN";"48,8529160";"2,3369910"
"201900024927";"28";"6";"2019";"23:40";"5";"75";"75120";"2";"1";"1";"6";"BOULEVARD DE BELLEVILLE";"48,8682900";"2,3820630"
"201900024928";"29";"6";"2019";"16:50";"1";"75";"75119";"2";"1";"1";"6";"RUE MANIN";"48,8799630";"2,3792670"
"201900024929";"29";"6";"2019";"15:40";"1";"75";"75119";"2";"1";"1";"6";"QUAI DE LA LOIRE";"48,8875200";"2,3791650"
"201900024930";"29";"6";"2019";"13:40";"1";"75";"75119";"2";"4";"1";"7";"SOUTERRAIN CHAUMONT VILLETTE";"48,8934080";"2,3946790"
"201900024931";"28";"6";"2019";"22:13";"5";"75";"75119";"2";"1";"1";"3";"AVENUE JEAN JAURES";"48,8890440";"2,3940060"
"201900024932";"27";"6";"2019";"17:00";"1";"75";"75119";"2";"7";"1";"6";"AVENUE DE FLANDRE";"48,8840350";"2,3688460"
"201900024933";"29";"6";"2019";"17:40";"1";"75";"75118";"2";"2";"1";"2";"AVENUE DE LA PORTE DE SAINT OUEN";"48,9003340";"2,3301850"
"201900024934";"28";"6";"2019";"21:55";"5";"75";"75118";"2";"2";"1";"6";"RUE LAMARCK";"48,8905460";"2,3343100"
"201900024935";"28";"6";"2019";"16:30";"1";"75";"75118";"2";"3";"1";"3";"BOULEVARD DE CLICHY";"48,8828750";"2,3361910"
"201900024936";"27";"6";"2019";"16:50";"1";"75";"75118";"2";"2";"1";"6";"BOULEVARD BARBES";"48,8883520";"2,3495770"
"201900024937";"29";"6";"2019";"02:40";"5";"75";"75116";"2";"4";"1";"1";"AVENUE DE LA GRANDE ARMEE";"48,8768760";"2,2852800"
"201900024938";"27";"6";"2019";"16:20";"1";"75";"75117";"2";"4";"1";"6";"AVENUE DE CLICHY";"48,8912790";"2,3189880"
"201900024939";"29";"6";"2019";"20:20";"1";"75";"75116";"2";"1";"1";"6";"RUE DE REMUSAT";"48,8479070";"2,2715390"
"201900024940";"26";"6";"2019";"19:50";"1";"75";"75116";"2";"6";"1";"6";"AVENUE RAYMOND POINCARE";"48,8694650";"2,2854060"
"201900024941";"26";"6";"2019";"12:40";"1";"75";"75116";"2";"3";"1";"2";"ROUTE DES TRIBUNES";"48,8619740";"2,2303910"
"201900024942";"29";"6";"2019";"13:05";"1";"75";"75115";"2";"2";"1";"3";"RUE PAUL BARRUEL";"48,8386390";"2,3052600"
"201900024943";"28";"6";"2019";"17:10";"1";"75";"75107";"2";"3";"1";"3";"AVENUE DE SUFFREN";"48,8530750";"2,2979290"
"201900024944";"27";"6";"2019";"19:50";"1";"75";"75115";"2";"2";"1";"6";"RUE DE VOUILLE";"48,8347310";"2,3051380"
"201900024945";"26";"6";"2019";"12:55";"1";"75";"75115";"2";"3";"1";"6";"RUE MADEMOISELLE";"48,8431950";"2,3006800"
"201900024946";"29";"6";"2019";"01:35";"5";"75";"75114";"2";"1";"1";"7";"BOULEVARD BRUNE";"48,8276050";"2,3055380"
"201900024947";"27";"6";"2019";"14:50";"1";"75";"75114";"2";"4";"1";"2";"BOULEVARD PERIPHERIQUE INTERIEUR SUD";"48,8220110";"2,3167970"
"201900024948";"27";"6";"2019";"17:05";"1";"75";"75113";"2";"2";"1";"6";"RUE DE TOLBIAC";"48,8270250";"2,3664960"
"201900024949";"27";"6";"2019";"12:30";"1";"75";"75113";"2";"3";"1";"3";"BOULEVARD DE L HOPITAL";"48,8388300";"2,3610200"
"201900024950";"26";"6";"2019";"20:30";"1";"75";"75113";"2";"3";"1";"3";"BOULEVARD MASSENA";"48,8192150";"2,3620540"
"201900024951";"29";"6";"2019";"15:18";"1";"75";"75112";"2";"3";"1";"3";"BOULEVARD DE PICPUS";"48,8466130";"2,4001820"
"201900024952";"27";"6";"2019";"06:30";"2";"75";"75112";"2";"1";"1";"6";"RUE CLAUDE TILLIER";"48,8487290";"2,3887980"
"201900024953";"28";"6";"2019";"22:45";"5";"75";"75111";"2";"1";"7";"6";"RUE OBERKAMPF";"48,8667810";"2,3820510"
"201900024954";"28";"6";"2019";"19:30";"1";"75";"75111";"2";"2";"1";"6";"BOULEVARD DE BELLEVILLE";"48,8707310";"2,3781500"
"201900024955";"27";"6";"2019";"19:50";"1";"75";"75111";"2";"2";"1";"3";"RUE DU PASTEUR WAGNER";"48,8559160";"2,3691690"
"201900024956";"27";"6";"2019";"03:10";"5";"75";"75111";"2";"1";"1";"6";"PLACE DE LA BASTILLE";"48,8532720";"2,3699300"
"201900024957";"29";"6";"2019";"18:11";"1";"75";"75110";"2";"2";"1";"3";"RUE LOUIS BLANC";"48,8810940";"2,3651670"
"201900024958";"28";"6";"2019";"13:10";"1";"75";"75110";"2";"1";"1";"5";"AVENUE CLAUDE VELLEFAUX";"48,8749120";"2,3703860"
"201900024959";"27";"6";"2019";"14:00";"1";"75";"75110";"2";"1";"1";"6";"RUE DU FAUBOURG SAINT DENIS";"48,8724460";"2,3541780"
"201900024960";"27";"6";"2019";"14:20";"1";"75";"75109";"2";"2";"1";"6";"RUE LE PELETIER";"48,8722350";"2,3382920"
"201900024961";"26";"6";"2019";"12:55";"1";"75";"75108";"2";"1";"1";"6";"RUE D AMSTERDAM";"48,8759700";"2,3268610"
"201900024962";"25";"6";"2019";"06:50";"1";"75";"75104";"2";"2";"1";"3";"RUE JACQUES COEUR";"48,8517670";"2,3670330"
"201900024963";"28";"6";"2019";"14:17";"1";"75";"75108";"2";"2";"7";"6";"RUE TRONCHET";"48,8737680";"2,3270220"
"201900024964";"27";"6";"2019";"18:40";"1";"75";"75108";"2";"1";"1";"4";"RUE LA BOETIE";"48,8723140";"2,3093770"
"201900024965";"27";"6";"2019";"06:40";"2";"75";"75107";"2";"1";"1";"6";"RUE DU BAC";"48,8585880";"2,3285970"
"201900024966";"26";"6";"2019";"18:50";"1";"75";"75107";"2";"5";"1";"2";"PLACE DE L ECOLE MILITAIRE";"48,8542760";"2,3054430"
"201900024967";"28";"6";"2019";"20:30";"1";"75";"75103";"2";"1";"1";"6";"RUE DES GRAVILLIERS";"48,8639070";"2,3565060"
"201900024968";"29";"6";"2019";"04:10";"5";"75";"75104";"2";"3";"1";"6";"QUAI HENRI IV";"48,8497540";"2,3615040"
"201900024969";"29";"6";"2019";"02:20";"5";"75";"75101";"2";"2";"1";"6";"RUE THERESE";"48,8662550";"2,3355010"
"201900024970";"28";"6";"2019";"12:00";"1";"75";"75101";"2";"1";"1";"6";"AVENUE DE L OPERA";"48,8651730";"2,3346430"
"201900024971";"26";"6";"2019";"19:50";"1";"75";"75104";"2";"1";"1";"3";"BOULEVARD BOURDON";"48,8521830";"2,3678880"
"201900024972";"29";"6";"2019";"15:10";"1";"94";"94081";"2";"1";"1";"6";"ANATOLE FRANCE (AV)";"48,8065900";"2,4046300"
"201900024973";"28";"6";"2019";"14:25";"1";"94";"94080";"2";"1";"1";"3";"PARIS (AV DE)";"48,8451900";"2,4308300"
"201900024974";"29";"6";"2019";"18:15";"1";"94";"94078";"2";"1";"1";"7";"PARIS (rue de )";"48,7361800";"2,4468600"
"201900024975";"28";"6";"2019";"13:50";"1";"94";"94078";"2";"1";"1";"2";"MELUN (AV DE)";"48,7226540";"2,4434581"
"201900024976";"28";"6";"2019";"13:15";"1";"94";"94078";"2";"3";"1";"2";"ROLAND GARROS (R)";"48,7520000";"2,4510000"
"201900024977";"28";"6";"2019";"00:05";"5";"94";"94077";"2";"9";"1";"6";"DIDIER DAURAT (rue)";"48,7330779";"2,4029696"
"201900024978";"28";"6";"2019";"14:00";"1";"94";"94068";"2";"1";"1";"6";"DOCTEUR CALMETTE (AV DU)";"48,8022100";"2,4899300"
"201900024979";"28";"6";"2019";"00:35";"5";"94";"94068";"2";"2";"1";"3";"CARNOT (AV)";"48,7980700";"2,4871100"
"201900024980";"28";"6";"2019";"09:45";"1";"94";"94058";"2";"3";"1";"3";"ALSACE LORRAINE (BD D)";"48,8501100";"2,5004100"
"201900024981";"27";"6";"2019";"12:20";"1";"94";"94058";"2";"1";"1";"2";"ALSACE LORRAINE (BD D)";"48,8518930";"2,5090930"
"201900024982";"29";"6";"2019";"11:25";"1";"94";"94016";"2";"1";"1";"3";"COUSIN DE MERICOURT (AV)";"48,7980000";"2,3330000"
"201900024983";"27";"6";"2019";"07:15";"1";"94";"94016";"2";"6";"1";"6";"MARECHAL DE LATTRE DE TASSIGNY (AV DU)";"48,7900000";"2,3318000"
"201900024984";"26";"6";"2019";"19:00";"1";"94";"94003";"2";"1";"1";"2";"CONVENTION (AV DE LA)";"48,8012100";"2,3334200"
"201900024985";"29";"6";"2019";"08:45";"1";"94";"94041";"2";"1";"1";"6";"ROBESPIERRE (R)";"48,8090000";"2,3860000"
"201900024986";"27";"6";"2019";"13:30";"1";"94";"94041";"2";"1";"1";"2";"MIRABEAU (R)";"48,8171000";"2,3793000"
"201900024987";"29";"6";"2019";"16:00";"1";"94";"94033";"2";"1";"1";"2";"MARECHAL JOFFRE (AV DU)";"48,8534000";"2,4754000"
"201900024988";"26";"6";"2019";"19:30";"1";"94";"94028";"2";"1";"1";"3";"CHOISY(ROUTE DE)";"48,7884800";"2,4513300"
"201900024989";"29";"6";"2019";"11:25";"1";"94";"94054";"2";"2";"1";"6";"VERGER (RLE DU)";"48,7443700";"2,4009600"
"201900024990";"27";"6";"2019";"13:50";"1";"94";"94054";"2";"3";"1";"6";"PIERRE SEMARD (R)";"48,7438300";"2,4179600"
"201900024991";"27";"6";"2019";"16:20";"1";"94";"94022";"2";"1";"1";"6";"VICTOR HUGO (AV)";"48,7680400";"2,4184900"
"201900024992";"27";"6";"2019";"21:25";"1";"94";"94055";"2";"6";"1";"7";"PINCE VENT (AV DE)";"48,7919000";"2,5551000"
"201900024993";"28";"6";"2019";"18:00";"1";"94";"94048";"2";"1";"1";"7";"GROSBOIS (AV DE)";"48,7276800";"2,5394300"
"201900024994";"26";"6";"2019";"02:30";"5";"94";"94075";"2";"1";"1";"6";"VIOLETTES (R DES)";"48,7236902";"2,5389331"
"201900024995";"29";"6";"2019";"17:00";"1";"93";"93072";"2";"1";"1";"6";"MAXIME GORKI (BOULEVARD) N°72 AU 80";"48,9457400";"2,3866000"
"201900024996";"28";"6";"2019";"16:30";"1";"93";"93072";"2";"1";"1";"3";"STALINGRAD (AVENUE DE) COTE DES N°51 AU";"48,9579000";"2,3969000"
"201900024997";"29";"6";"2019";"18:30";"1";"93";"93039";"2";"1";"1";"6";"BOCAGE";"48,9342100";"2,3393800"
"201900024998";"29";"6";"2019";"16:30";"1";"93";"93066";"2";"1";"1";"2";"COLONEL FABIEN (AVENUE)";"48,9457900";"2,3494100"
"201900024999";"29";"6";"2019";"22:30";"5";"93";"93066";"2";"1";"1";"6";"RESISTANCE (PLACE)";"48,9325000";"2,3551000"
"201900025000";"28";"6";"2019";"00:12";"5";"93";"93066";"2";"2";"1";"3";"LENINE (AVENUE) NR 2 A 26";"48,9420000";"2,3654000"
"201900025001";"27";"6";"2019";"11:36";"1";"93";"93066";"2";"1";"1";"6";"DELAUNAY HENRI";"48,9259500";"2,3575800"
"201900025002";"27";"6";"2019";"10:30";"1";"93";"93066";"2";"1";"1";"6";"FRANCE ANATOLE (BOULEVARD) NR AUTRES";"48,9267800";"2,3539900"
"201900025003";"27";"6";"2019";"13:50";"1";"93";"93064";"2";"3";"1";"2";"ALSACE-LORRAINE (BOULEVARD)";"48,8834900";"2,4880900"
"201900025004";"27";"6";"2019";"07:40";"1";"93";"93064";"2";"1";"1";"6";"BOIS PERRIER (GARE SNCF)";"48,8828400";"2,4889100"
"201900025005";"28";"6";"2019";"22:00";"2";"93";"93062";"2";"1";"1";"6";"GENERAL DE GAULLE (PLACE DU)";"48,8900900";"2,5128700"
"201900025006";"29";"6";"2019";"14:25";"1";"93";"93055";"2";"1";"1";"6";"MAGENTA";"48,9007070";"2,3926950"
"201900025007";"29";"6";"2019";"09:47";"1";"93";"93055";"2";"9";"1";"3";"GENERAL LECLERC(AVE DU)89/FIN ET 122/FIN";"48,9035399";"2,4126600"
"201900025008";"27";"6";"2019";"09:10";"1";"93";"93053";"2";"1";"1";"6";"VICTOR HUGO (AVENUE)";"48,8923600";"2,4692600"
"201900025009";"27";"6";"2019";"08:30";"1";"93";"93050";"2";"1";"1";"2";"JEAN JAURES (AVENUE) COTE MAISON BLANCHE";"48,8627100";"2,5451200"
"201900025010";"29";"6";"2019";"19:20";"1";"93";"93048";"2";"1";"1";"3";"PARIS (RUE DE)";"48,8562010";"2,4257280"
"201900025011";"29";"6";"2019";"11:30";"1";"93";"93048";"2";"2";"1";"2";"ETIENNE MARCEL (RUE)";"48,8574400";"2,4253600"
"201900025012";"29";"6";"2019";"08:55";"1";"93";"93074";"1";"1";"1";"7";"COURTRY RUE DE";"48,9296550";"2,6029470"
"201900025013";"27";"6";"2019";"13:30";"1";"93";"93063";"2";"4";"1";"6";"BENFLEET RUE DE";"48,8772420";"2,4413110"
"201900025014";"3";"7";"2019";"12:35";"1";"93";"93032";"2";"1";"1";"2";"BOURDONS   (CHEMIN DES)";"48,8890300";"2,5262900"
"201900025015";"27";"6";"2019";"08:20";"1";"93";"93032";"2";"3";"1";"3";"JEAN JAURES (AVENUE)";"48,8835900";"2,5296900"
"201900025016";"26";"6";"2019";"09:25";"1";"93";"93032";"2";"2";"1";"3";"HENRI BARBUSSE   (AVENUE)";"48,8850900";"2,5321800"
"201900025017";"27";"6";"2019";"14:30";"1";"93";"93031";"2";"6";"1";"3";"DE LATTRE DE TASSIGNY (1 A 51)";"48,9593300";"2,3002500"
"201900025018";"29";"6";"2019";"05:00";"5";"93";"93029";"2";"1";"1";"6";"JEAN JAURES (AVENUE)";"48,9173700";"2,4563400"
"201900025019";"28";"6";"2019";"13:00";"1";"93";"93057";"2";"1";"1";"1";"JAURES (AV. JEAN) 1 A 123";"48,9062970";"2,4990700"
"201900025020";"27";"6";"2019";"17:09";"1";"93";"93010";"2";"1";"1";"3";"GALLIENI (AV.) DE 98 A 130";"48,9060100";"2,4814000"
"201900025021";"29";"5";"2019";"12:00";"1";"93";"93008";"2";"1";"1";"6";"LENINE (BOULEVARD)";"48,9064800";"2,4397590"
"201900025022";"28";"6";"2019";"14:30";"1";"93";"93007";"2";"6";"1";"6";"DIVISION LECLERC (AVENUE)";"48,9470000";"2,4590000"
"201900025023";"29";"6";"2019";"21:15";"1";"93";"93005";"2";"1";"1";"6";"MIMOSAS (RUE DES)";"48,9493730";"2,5109840"
"201900025024";"28";"6";"2019";"23:00";"5";"93";"93078";"2";"9";"1";"1";"BALLANGER (BD ROBERT)";"48,9519700";"2,5285000"
"201900025025";"27";"6";"2019";"19:15";"1";"93";"93005";"2";"1";"1";"4";"RAOUL DUFY (AVENUE)";"48,9593840";"2,5031300"
"201900025026";"28";"6";"2019";"08:20";"1";"93";"93001";"2";"3";"1";"1";"VILLEBOIS-MAREUIL (RUE) (PAIR)";"48,9123000";"2,3747300"
"201900025027";"21";"6";"2019";"20:45";"2";"92";"92078";"2";"1";"1";"3";"GALLIENI (BD) (126 ET 152)";"48,9301750";"2,3320900"
"201900025028";"27";"6";"2019";"18:35";"1";"92";"92046";"2";"3";"1";"3";"AUGUSTIN DUMONT (RUE)";"48,8181000";"2,3020000"
"201900025029";"27";"6";"2019";"19:18";"1";"92";"92022";"2";"1";"1";"6";"SALENGRO (AVENUE ROGER)";"48,8146800";"2,1933400"
"201900025030";"27";"6";"2019";"17:00";"1";"92";"92064";"2";"1";"1";"2";"PASTEUR";"48,8419600";"2,2044800"
"201900025031";"26";"7";"2019";"11:30";"1";"76";"76114";"2";"1";"1";"7";"JACQUES FAUQUET (RUE)";"49,5722100";"0,4695900"
"201900025032";"22";"6";"2019";"19:15";"1";"73";"73008";"2";"1";"1";"3";"LEPIC BOULEVARD";"45,6888533";"5,9041387"
"201900025033";"29";"7";"2019";"13:50";"1";"71";"71153";"2";"1";"1";"2";"ABATTOIRS (boulevard des)";"46,7893000";"4,4468100"
"201900025034";"29";"7";"2019";"20:45";"2";"69";"69266";"2";"3";"1";"3";"GENAS    (Route de)";"45,7513000";"4,9069000"
"201900025035";"29";"7";"2019";"04:50";"5";"69";"69275";"2";"1";"1";"2";"MARCEAU                             (R )";"45,7609600";"4,9799500"
"201900025036";"26";"7";"2019";"15:30";"1";"69";"69256";"2";"1";"1";"6";"BOLHEN   (DE)                        (AV";"45,7655900";"4,9250500"
"201900025037";"29";"7";"2019";"18:30";"1";"67";"67482";"2";"1";"1";"3";"PLAINE DES BOUCHERS (RUE DE LA)";"48,5611400";"7,7381500"
"201900025038";"27";"7";"2019";"06:40";"1";"67";"67482";"2";"1";"1";"7";"PAIX (AVENUE DE LA)";"48,5910400";"7,7564700"
"201900025039";"27";"7";"2019";"09:07";"1";"67";"67482";"2";"3";"1";"3";"ROBERTSAU (ALLEE DE LA)";"48,5898140";"7,7672350"
"201900025040";"26";"7";"2019";"17:00";"1";"67";"67482";"2";"1";"1";"3";"MARECHAL LEFEBVRE (RUE DU)";"48,5627200";"7,7389300"
"201900025041";"27";"7";"2019";"12:24";"1";"66";"66136";"2";"1";"1";"6";"GAULLE (AVENUE GENERAL DE)";"42,6977200";"2,8853600"
"201900025042";"30";"7";"2019";"12:50";"1";"64";"64260";"2";"1";"1";"6";"COMMERCE (RUE DU)";"43,3525410";" -1,7814640"
"201900025043";"21";"7";"2019";"10:30";"1";"62";"62688";"2";"1";"1";"6";"BERCK (ROUTE DE)";"50,4129400";"1,6063400"
"201900025044";"29";"7";"2019";"16:10";"1";"59";"59599";"2";"9";"1";"3";"BLANCHE PORTE (RUE DE LA)";"50,7195412";"3,1439728"
"201900025045";"29";"7";"2019";"07:40";"1";"59";"59421";"2";"3";"1";"3";"ROUBAIX (RUE DE)";"50,6972451";"3,1408238"
"201900025046";"28";"6";"2019";"23:50";"5";"59";"59183";"2";"2";"1";"3";"HUGO VICTOR";"51,0308900";"2,3459900"
"201900025047";"29";"7";"2019";"11:25";"1";"56";"56121";"2";"3";"2";"3";"Rue de l'Enclos du Port";"47,7494400";" -3,3574600"
"201900025048";"26";"7";"2019";"10:15";"1";"54";"54197";"1";"1";"1";"1";"RD73";"48,6240000";"6,1893400"
"201900025049";"29";"7";"2019";"08:55";"1";"51";"51454";"2";"2";"1";"6";"BOULEVARD SAINT MARCEAUX";"49,2535800";"4,0450200"
"201900025050";"28";"7";"2019";"16:10";"1";"51";"51454";"2";"3";"1";"7";"RUE JEAN AULAN";"49,2218700";"4,0207800"
"201900025051";"27";"7";"2019";"12:00";"1";"51";"51454";"2";"2";"2";"2";"BOULEVARD ALBERT 1ER";"49,2733900";"4,0149000"
"201900025052";"27";"7";"2019";"08:20";"1";"50";"50203";"2";"1";"1";"6";"LUCET (RUE)";"49,6200700";" -1,6132200"
"201900025053";"27";"7";"2019";"07:50";"1";"50";"50173";"1";"1";"1";"6";"CD16";"49,6468800";" -1,6914600"
"201900025054";"29";"7";"2019";"17:40";"1";"49";"49007";"2";"1";"1";"3";"GAULLE BOULEVARD CHARLES DE";"47,4700700";" -0,5616800"
"201900025055";"29";"7";"2019";"15:28";"1";"49";"49007";"2";"1";"1";"7";"BEDIER BOULEVARD";"47,4505800";" -0,5522100"
"201900025056";"27";"7";"2019";"18:00";"1";"49";"49015";"2";"1";"1";"7";"MENDES FRANCE AVENUE PIERRE";"47,4995757";" -0,5830479"
"201900025057";"27";"7";"2019";"07:45";"2";"46";"46042";"2";"1";"3";"7";"Côte de la Marchande";"44,4193470";"1,4625700"
"201900025058";"29";"7";"2019";"15:55";"1";"45";"45004";"2";"1";"1";"6";"RUE DU PONT D'ARDAN";"47,9865060";"2,8115383"
"201900025059";"28";"7";"2019";"19:05";"1";"44";"44184";"2";"2";"1";"3";"BDS NEYMAN/LAENNEC";"47,2772000";" -2,2338600"
"201900025060";"27";"7";"2019";"11:20";"1";"42";"42316";"2";"1";"1";"1";"KENNEDY (RUE DU PRESIDENT)";"45,3986400";"4,2583500"
"201900025061";"30";"7";"2019";"11:50";"1";"38";"38185";"2";"2";"1";"3";"MARECHAL JOFFRE (BOULEVARD)";"45,1820700";"5,7272800"
"201900025062";"30";"7";"2019";"17:45";"1";"37";"37261";"2";"1";"1";"2";"RN 76 - Route de St Avertin";"47,3645800";"0,7078900"
"201900025063";"29";"7";"2019";"19:40";"2";"37";"37152";"2";"1";"1";"1";"Chemin des Petites Brosses";"47,4435460";"0,6810710"
"201900025064";"28";"7";"2019";"20:30";"1";"37";"37261";"2";"2";"1";"6";"GIRAUDEAU (RUE)";"47,3854300";"0,6766800"
"201900025065";"27";"7";"2019";"12:00";"1";"37";"37122";"2";"2";"1";"3";"CHINON (BOULEVARD DE)";"47,3545900";"0,6952800"
"201900025066";"29";"7";"2019";"13:55";"1";"35";"35238";"2";"2";"1";"3";"ANTRAIN (D') DE 0 A 43 ET 80";"48,1182150";" -1,6763300"
"201900025067";"29";"7";"2019";"13:30";"1";"35";"35051";"2";"1";"1";"6";"FREBARDIERE (RUE DE LA)";"48,1029200";" -1,6319400"
"201900025068";"29";"7";"2019";"08:05";"1";"35";"35238";"2";"3";"7";"3";"LEGRAVEREND";"48,1171700";" -1,6809400"
"201900025069";"30";"7";"2019";"19:10";"1";"34";"34172";"2";"1";"1";"3";"MONTASINOS (RUE DE";"43,6280600";"3,8816200"
"201900025070";"30";"7";"2019";"14:00";"1";"34";"34172";"2";"3";"1";"3";"TOULOUSE (AVENUE DE";"43,5952100";"3,8619600"
"201900025071";"29";"7";"2019";"18:50";"1";"33";"33075";"2";"1";"1";"4";"AVE DU LAC";"44,8851600";" -0,5885600"
"201900025072";"29";"7";"2019";"14:15";"1";"33";"33063";"2";"1";"1";"2";"AVE THIERS - accès d'un chantier privé";"44,8457500";" -0,5510800"
"201900025073";"28";"7";"2019";"21:30";"2";"33";"33063";"2";"2";"1";"3";"R. Porte de la Monnaie / R. Carpenteyre";"44,8329890";" -0,5620350"
"201900025074";"29";"7";"2019";"23:07";"5";"31";"31557";"2";"2";"1";"3";"COCTEAU (RUE JEAN)";"43,5920400";"1,3203900"
"201900025075";"27";"7";"2019";"11:30";"1";"31";"31555";"2";"1";"1";"6";"RUE DE METZ";"43,6006100";"1,4501300"
"201900025076";"26";"7";"2019";"15:28";"1";"31";"31555";"2";"1";"1";"3";"STRASBOURG (BD DE) DU 2AU 66";"43,6063600";"1,4482700"
"201900025077";"26";"7";"2019";"19:00";"1";"31";"31555";"1";"1";"1";"2";"VA007331 A620";"43,5902000";"1,3997000"
"201900025078";"29";"7";"2019";"22:40";"5";"30";"30007";"2";"7";"1";"3";"FORGES (PLACE DES)";"44,1472900";"4,0862300"
"201900025079";"29";"7";"2019";"10:40";"1";"29";"29232";"2";"1";"3";"6";"GARE AVENUE DE LA";"47,9947400";" -4,0956200"
"201900025080";"29";"7";"2019";"01:46";"5";"29";"29019";"2";"2";"1";"6";"EUROPE (DE 161 A 199)";"48,4130861";" -4,4912437"
"201900025081";"28";"7";"2019";"07:58";"1";"29";"29019";"2";"1";"1";"2";"HARTELOIRE (PONT)";"48,3928000";" -4,4999700"
"201900025082";"28";"7";"2019";"05:30";"3";"25";"25204";"1";"1";"3";"6";"R-N 57.";"46,9370600";"6,3432800"
"201900025083";"14";"7";"2019";"00:50";"5";"25";"25031";"2";"3";"1";"3";"SELONCOURT (RUE DE)";"47,4784000";"6,8428700"
"201900025084";"27";"7";"2019";"09:40";"1";"25";"25056";"2";"1";"1";"1";"CHAILLOT RUE DE";"47,2536200";"6,0120100"
"201900025085";"25";"7";"2019";"19:35";"1";"24";"24322";"2";"1";"1";"7";"ROUTE D'ANGOULEME";"45,1996900";"0,6794600"
"201900025086";"20";"7";"2019";"08:00";"2";"22";"22113";"1";"1";"1";"7";"R.D.767";"48,7123803";" -3,3907413"
"201900025087";"27";"7";"2019";"09:30";"1";"19";"19031";"2";"1";"2";"6";"ALSACE LORRAINE (AVENUE) JUSQU'A N° 55 ";"45,1570200";"1,5354800"
"201900025088";"29";"7";"2019";"20:20";"1";"17";"17380";"1";"9";"1";"3";"PALMYRE (AVENUE DE LA)";"45,6700420";" -1,1439060"
"201900025089";"28";"7";"2019";"04:15";"5";"17";"17306";"2";"8";"1";"1";"LAMY (BD FRANCK)";"45,6270340";" -1,0125090"