"Num_Acc";"jour";"mois";"an";"hrmn";"lum";"dep";"com";"agg";"int";"atm";"col";"adr";"lat";"long"
"201900025090";"28";"7";"2019";"19:40";"1";"17";"17291";"2";"6";"1";"3";"Rond point du 18 juin";"46,1761890";" -1,1133960"
"201900025091";"28";"7";"2019";"15:30";"1";"17";"17274";"2";"2";"1";"3";"PERE   RUE DU";"46,1530000";" -1,0865500"
"201900025092";"28";"7";"2019";"21:00";"2";"17";"17449";"2";"1";"1";"7";"AUNIS AVENUE D'";"45,9482970";" -0,9136460"
"201900025093";"28";"7";"2019";"18:30";"1";"16";"16102";"2";"6";"1";"2";"44 Avenue de Royan";"45,6774800";" -0,3502400"
"201900025094";"27";"7";"2019";"22:45";"5";"14";"14118";"2";"1";"1";"7";"HAMELIN (QUAI AMIRAL)";"49,1870700";" -0,3783000"
"201900025095";"30";"7";"2019";"21:50";"5";"13";"13209";"2";"1";"1";"3";"SCHLOESING (BOULEVARD)";"43,2712800";"5,4018400"
"201900025096";"30";"7";"2019";"17:45";"1";"13";"13216";"2";"6";"1";"3";"ANDRÉ ROUSSIN (AVENUE)";"43,3531800";"5,3377000"
"201900025097";"29";"7";"2019";"23:30";"5";"13";"13210";"2";"1";"1";"3";"RABATAU (BOULEVARD)";"43,2816181";"5,3995265"
"201900025098";"29";"7";"2019";"19:45";"1";"13";"13211";"2";"3";"1";"2";"VALENTINE (ROUTE DE LA)";"43,2892600";"5,4664000"
"201900025099";"29";"7";"2019";"17:05";"1";"13";"13213";"2";"1";"1";"3";"CROIX ROUGE (AVENUE)";"43,3332162";"5,4381801"
"201900025100";"29";"7";"2019";"17:25";"1";"13";"13203";"2";"1";"1";"3";"PLOMBIERES (BOULEVARD DES)";"43,3176300";"5,3808900"
"201900025101";"29";"7";"2019";"11:45";"1";"13";"13201";"2";"1";"1";"6";"BRETEUIL (RUE)    2 ";"43,2926900";"5,3748200"
"201900025102";"29";"7";"2019";"12:05";"1";"13";"13213";"2";"1";"1";"3";"ALBERT EINSTEIN (RUE)";"43,3392520";"5,4390850"
"201900025103";"28";"7";"2019";"11:45";"1";"13";"13214";"2";"1";"1";"6";"MAHOUBI TIR ";"43,3332130";"5,3979930"
"201900025104";"28";"7";"2019";"13:00";"1";"13";"13202";"2";"1";"6";"7";"ROBERT SCHUMANN (AVENUE)";"43,3000400";"5,3657200"
"201900025105";"28";"7";"2019";"09:30";"1";"13";"13202";"2";"1";"1";"6";"PARIS (BOULEVARD DE)";"43,3149600";"5,3673100"
"201900025106";"28";"7";"2019";"02:35";"5";"13";"13205";"1";"1";"1";"5";"JEAN MOULIN (BOULEVARD)";"43,2862900";"5,3990200"
"201900025107";"26";"7";"2019";"23:30";"3";"13";"13047";"1";"1";"1";"1";"FOS (ROUTE DE) - RN 569";"43,4810677";"4,9606132"
"201900025108";"30";"7";"2019";"10:10";"1";"13";"13001";"1";"1";"1";"7";"RD 543";"43,5120900";"5,3499100"
"201900025109";"27";"7";"2019";"19:45";"1";"12";"12202";"2";"1";"1";"3";"GINESTE (AVENUE DE LA)";"44,3617200";"2,5720400"
"201900025110";"28";"7";"2019";"20:15";"1";"11";"11262";"2";"3";"1";"6";"VALLONS (CHEMIN DES)";"43,1816600";"2,9812000"
"201900025111";"15";"7";"2019";"11:50";"1";"11";"11262";"1";"1";"1";"6";"QUATOURZE (AVENUE ET CHEMIN DU)";"43,1614860";"2,9889550"
"201900025112";"28";"7";"2019";"17:13";"1";"10";"10387";"2";"2";"1";"3";"PIERRE BROSSOLETTE (RUE)";"48,2854000";"4,0779000"
"201900025113";"30";"7";"2019";"04:00";"5";"6";"06088";"2";"7";"1";"3";"MASSENA (PLACE)";"43,6975080";"7,2699820"
"201900025114";"29";"7";"2019";"08:40";"1";"6";"06088";"2";"1";"1";"3";"DESBOUTINS (RUE)";"43,6957200";"7,2697900"
"201900025115";"27";"7";"2019";"08:10";"1";"6";"06069";"2";"2";"1";"7";"SAINT MATHIEU (ROUTE ET PLACE)";"43,6597500";"6,9460700"
"201900025116";"29";"7";"2019";"07:25";"1";"6";"06069";"2";"1";"1";"7";"SAINT MATHIEU (ROUTE ET PLACE)";"43,6575602";"6,9352277"
"201900025117";"28";"7";"2019";"08:20";"1";"6";"06069";"1";"1";"1";"7";"PASTEUR (BOULEVARD)";"43,6633400";"6,9094200"
"201900025118";"30";"7";"2019";"09:25";"1";"6";"06030";"2";"9";"1";"6";"SADI CARNOT (BOULEVARD)";"43,5667570";"7,0164894"
"201900025119";"29";"7";"2019";"01:20";"5";"6";"06027";"2";"9";"1";"2";"PASQUALINI RUE J.P.";"43,6602730";"7,1503580"
"201900025120";"28";"7";"2019";"05:40";"5";"5";"05061";"2";"1";"2";"6";"EMILE DIDIER ( AV )";"44,5646600";"6,0902900"
"201900025121";"29";"7";"2019";"14:54";"1";"4";"04070";"2";"1";"1";"6";"RD 900 - Bd Gassendi";"44,0922000";"6,2340900"
"201900025122";"30";"7";"2019";"15:30";"1";"1";"01344";"1";"2";"1";"3";"BRESSE (AVENUE DE)";"46,2099730";"5,2042430"
"201900025123";"29";"7";"2019";"19:15";"1";"75";"75112";"2";"1";"1";"6";"PORTE DE CHARENTON";"48,8330990";"2,4071660"
"201900025124";"29";"7";"2019";"20:10";"1";"75";"75105";"2";"2";"1";"3";"RUE DE LA CLEF";"48,8406110";"2,3528710"
"201900025125";"30";"7";"2019";"20:20";"1";"75";"75120";"2";"3";"1";"3";"RUE LE VAU";"48,8678710";"2,4110480"
"201900025126";"29";"7";"2019";"16:40";"1";"75";"75120";"2";"3";"1";"3";"AVENUE GAMBETTA";"48,8641207";"2,3922606"
"201900025127";"29";"7";"2019";"07:50";"1";"75";"75119";"2";"1";"1";"6";"BOULEVARD MACDONALD";"48,8988860";"2,3802380"
"201900025128";"29";"7";"2019";"09:45";"1";"75";"75119";"2";"4";"1";"3";"AVENUE DE LA PORTE D AUBERVILLIERS";"48,9009250";"2,3702980"
"201900025129";"28";"7";"2019";"06:50";"1";"75";"75119";"2";"1";"1";"2";"AVENUE DE LA PORTE D AUBERVILLIERS";"48,8994000";"2,3702880"
"201900025130";"29";"7";"2019";"09:36";"1";"75";"75117";"2";"1";"1";"6";"BOULEVARD PEREIRE";"48,8846410";"2,2962860"
"201900025131";"30";"7";"2019";"06:25";"2";"75";"75116";"2";"7";"1";"6";"PLACE DE L ALMA";"48,8645210";"2,3013220"
"201900025132";"29";"7";"2019";"20:15";"1";"75";"75116";"2";"7";"1";"3";"CARREFOUR DE LONGCHAMP";"48,8634770";"2,2394210"
"201900025133";"29";"7";"2019";"00:21";"5";"75";"75116";"2";"2";"1";"3";"AVENUE FOCH";"48,8726741";"2,2845725"
"201900025134";"28";"7";"2019";"16:30";"1";"75";"75113";"2";"3";"1";"3";"QUAI D IVRY";"48,8263580";"2,3869410"
"201900025135";"28";"7";"2019";"03:45";"5";"75";"75113";"2";"1";"1";"2";"PONT NATIONAL";"48,8279970";"2,3867932"
"201900025136";"30";"7";"2019";"18:20";"1";"75";"75112";"2";"1";"1";"1";"BOULEVARD SOULT";"48,8438842";"2,4103087"
"201900025137";"30";"7";"2019";"16:40";"1";"75";"75112";"2";"1";"1";"3";"QUAI DE LA RAPEE";"48,8424773";"2,3720223"
"201900025138";"28";"7";"2019";"20:40";"5";"75";"75112";"2";"2";"1";"3";"AVENUE DAUMESNIL";"48,8473010";"2,3753310"
"201900025139";"28";"7";"2019";"09:35";"1";"75";"75112";"2";"1";"1";"3";"QUAI DE BERCY";"48,8303130";"2,3865810"
"201900025140";"29";"7";"2019";"18:10";"1";"75";"75111";"2";"4";"1";"3";"BOULEVARD BEAUMARCHAIS";"48,8540433";"2,3689348"
"201900025141";"27";"7";"2019";"23:30";"5";"75";"75110";"2";"2";"1";"6";"RUE LA FAYETTE";"48,8826460";"2,3698820"
"201900025142";"30";"7";"2019";"10:18";"1";"75";"75108";"2";"1";"1";"2";"AVENUE MARCEAU";"48,8705630";"2,2979320"
"201900025143";"30";"7";"2019";"09:45";"1";"75";"75108";"2";"4";"1";"3";"COURS ALBERT 1ER";"48,8648206";"2,3056993"
"201900025144";"29";"7";"2019";"12:15";"1";"75";"75108";"2";"1";"1";"6";"RUE TRONCHET";"48,8714864";"2,3255283"
"201900025145";"29";"7";"2019";"10:20";"1";"75";"75108";"2";"7";"1";"2";"ROND POINT CHAMPS ELYSEES";"48,8689850";"2,3101200"
"201900025146";"28";"7";"2019";"10:15";"1";"75";"75108";"2";"1";"1";"6";"PLACE DE LA CONCORDE";"48,8669858";"2,3206200"
"201900025147";"30";"7";"2019";"18:20";"1";"75";"75106";"2";"1";"1";"2";"RUE DE SEVRES";"48,8511078";"2,3262762"
"201900025148";"28";"7";"2019";"13:45";"1";"75";"75115";"2";"3";"1";"6";"QUAI BRANLY";"48,8574690";"2,2910450"
"201900025149";"28";"7";"2019";"20:30";"2";"75";"75102";"2";"2";"1";"3";"BOULEVARD DES CAPUCINES";"48,8709583";"2,3341594"
"201900025150";"28";"7";"2019";"13:50";"1";"75";"75101";"2";"1";"1";"2";"BOULEVARD DU PALAIS";"48,8547610";"2,3453330"
"201900025151";"28";"7";"2019";"18:30";"1";"75";"75103";"2";"2";"1";"3";"RUE DE BEARN";"48,8568290";"2,3660130"
"201900025152";"29";"7";"2019";"08:42";"1";"94";"94081";"2";"3";"1";"6";"YOURI GAGARINE (AV)";"48,7859897";"2,3915430"
"201900025153";"27";"7";"2019";"20:45";"1";"94";"94052";"2";"1";"1";"4";"NAZARE (R DE)";"48,8300000";"2,4900000"
"201900025154";"29";"7";"2019";"08:50";"1";"94";"94015";"2";"2";"1";"6";"GENERAL GALLIENI (BD DU)";"48,8428000";"2,5233200"
"201900025155";"30";"7";"2019";"00:50";"5";"94";"94076";"2";"2";"1";"1";"STALINGRAD (AV DE)";"48,7846300";"2,3672400"
"201900025156";"29";"7";"2019";"18:40";"1";"94";"94076";"2";"1";"1";"6";"REPUBLIQUE (AV DE LA)";"48,7884900";"2,3647600"
"201900025157";"29";"7";"2019";"17:55";"1";"94";"94076";"2";"1";"7";"1";"LOUIS ARAGON (AV)";"48,7886000";"2,3730100"
"201900025158";"16";"7";"2019";"08:30";"1";"94";"94021";"2";"3";"1";"3";"ECOLES (R DES)";"48,7531800";"2,3126500"
"201900025159";"29";"7";"2019";"17:55";"1";"94";"94011";"2";"1";"1";"2";"SEMARD(RUE PIERRE)";"48,7622000";"2,4748000"
"201900025160";"30";"7";"2019";"14:07";"1";"94";"94059";"2";"2";"1";"3";"DAME BLANCHE (AV DE LA)";"48,8207000";"2,5620300"
"201900025161";"30";"7";"2019";"11:50";"1";"94";"94079";"2";"6";"1";"2";"JEAN MONNET (BD)";"48,8318400";"2,5330000"
"201900025162";"28";"7";"2019";"15:00";"1";"94";"94055";"2";"9";"8";"3";"PROVINS (RTE DE)";"48,7955100";"2,5502000"
"201900025163";"29";"7";"2019";"18:50";"1";"94";"94002";"2";"3";"1";"3";"VERON (R)";"48,8088500";"2,4144300"
"201900025164";"29";"7";"2019";"12:00";"1";"94";"94002";"2";"1";"1";"6";"LOUIS BLANC (R)";"48,8065695";"2,4193510"
"201900025165";"30";"7";"2019";"19:40";"1";"93";"93070";"2";"1";"1";"4";"MICHELET(AV):N°1AU 103";"48,9110000";"2,3400000"
"201900025166";"29";"7";"2019";"19:35";"2";"93";"93070";"2";"3";"1";"7";"MICHELET(AV):N°1AU 103";"48,9086900";"2,3441800"
"201900025167";"29";"7";"2019";"19:20";"1";"93";"93066";"2";"1";"1";"3";"PROUDHON";"48,9064400";"2,3643600"
"201900025168";"28";"7";"2019";"21:30";"2";"93";"93066";"2";"1";"1";"3";"LIBERATION RD14 (BOULEVARD)";"48,9254600";"2,3420500"
"201900025169";"27";"7";"2019";"22:15";"3";"93";"93077";"2";"1";"1";"6";"NEUILLY (RUE DE)";"48,8760970";"2,5255930"
"201900025170";"28";"7";"2019";"22:30";"5";"93";"93055";"2";"1";"1";"4";"GENERAL LECLERC(AVE DU)(43/87 ET 78/120)";"48,8980100";"2,4059400"
"201900025171";"30";"7";"2019";"22:20";"5";"93";"93050";"2";"3";"1";"2";"HUIT MAI 1945";"48,8642700";"2,5350300"
"201900025172";"28";"7";"2019";"22:45";"5";"93";"93049";"2";"1";"1";"3";"GALLIENI (BOULEVARD)";"48,8524500";"2,5118700"
"201900025173";"30";"7";"2019";"19:20";"1";"93";"93048";"2";"1";"1";"3";"GRANDS PECHERS (RUE DES)";"48,8592490";"2,4641180"
"201900025174";"28";"7";"2019";"02:50";"5";"93";"93048";"2";"5";"1";"3";"LEO LAGRANGE (AVENUE)";"48,8765000";"2,4548700"
"201900025175";"29";"7";"2019";"22:35";"5";"93";"93046";"2";"3";"1";"3";"JEAN JAURES BOULEVARD";"48,9162100";"2,5307300"
"201900025176";"28";"7";"2019";"00:43";"5";"93";"93059";"2";"1";"1";"6";"PARIS (RUE DE)";"48,9600000";"2,3600000"
"201900025177";"28";"7";"2019";"03:31";"5";"93";"93057";"2";"2";"1";"3";"JAURES (AV. JEAN) 76 A 116";"48,9028100";"2,5084300"
"201900025178";"30";"7";"2019";"14:45";"1";"93";"93007";"2";"1";"1";"6";"ABBE NIORT (RUE DE L')";"48,9407800";"2,4342400"
"201900025179";"29";"7";"2019";"20:10";"1";"93";"93007";"2";"1";"7";"6";"COSMONAUTES (AVENUE DES)         Z2";"48,9493500";"2,4556900"
"201900025180";"27";"7";"2019";"13:00";"1";"92";"92078";"2";"9";"1";"3";"MARC SANGNIER (AVENUE)";"48,9277500";"2,3263000"
"201900025181";"28";"7";"2019";"18:55";"1";"92";"92064";"2";"1";"1";"3";"MARCEL DASSAULT";"48,8541076";"2,2226418"
"201900025182";"30";"7";"2019";"11:00";"1";"92";"92062";"2";"3";"1";"3";"DE DION BOUTON (QUAI) DU 1 AU 28";"48,8772800";"2,2408000"
"201900025183";"27";"7";"2019";"17:15";"1";"92";"92050";"2";"1";"1";"2";"FOCH MARECHAL PLACE DU";"48,8886000";"2,1942200"
"201900025184";"30";"7";"2019";"05:55";"1";"92";"92050";"2";"6";"1";"6";"FONTANOT RUE DES TROIS";"48,8962370";"2,2225030"
"201900025185";"27";"7";"2019";"23:45";"5";"92";"92025";"2";"1";"1";"3";"BOURNARD (RUE DU)";"48,9230750";"2,2542850"
"201900025186";"30";"7";"2019";"17:45";"1";"22";"22050";"2";"9";"2";"6";"74 rue chateaubriand";"48,4452000";" -2,0460800"
"201900025187";"30";"7";"2019";"17:45";"1";"12";"12167";"1";"1";"1";"7";"font freche";"44,1966480";"1,9367820"
"201900025188";"28";"7";"2019";"16:40";"1";"87";"87183";"1";"1";"1";"1";"La Crouzille";"45,9887860";"1,3259530"
"201900025189";"30";"7";"2019";"15:45";"1";"62";"62788";"1";"1";"1";"7";"RD 191";"50,6928540";"2,0283560"
"201900025190";"29";"7";"2019";"15:30";"1";"24";"24010";"2";"6";"1";"2";"Rue du Général de Gaulle";"45,1727000";"0,5924100"
"201900025191";"30";"7";"2019";"02:00";"3";"6";"06149";"1";"1";"1";"6";"5993 Route de Laghet";"43,7481520";"7,3551290"
"201900025192";"30";"7";"2019";"05:15";"2";"57";"57740";"1";"1";"1";"7";"grand rue";"49,4221360";"6,5194790"
"201900025193";"28";"7";"2019";"06:10";"2";"45";"45205";"1";"1";"1";"3";"RTE DE BOISCOMMUN - RD 951";"48,0400560";"2,4695165"
"201900025194";"30";"7";"2019";"10:15";"1";"49";"49334";"1";"2";"1";"4";"Bel air";"47,5268990";" -0,2241900"
"201900025195";"28";"7";"2019";"19:05";"1";"17";"17230";"1";"1";"1";"6";"Route de chantier";"45,5862480";" -0,9460280"
"201900025196";"29";"7";"2019";"14:55";"1";"81";"81074";"1";"1";"1";"6";"D999 - PK 33+100";"43,9186099";"2,2240549"
"201900025197";"30";"7";"2019";"15:40";"1";"83";"83004";"1";"1";"1";"2";"Autoroute A8";"43,4510440";"6,5042440"
"201900025198";"29";"7";"2019";"11:13";"1";"83";"83130";"1";"1";"1";"6";"A57";"43,1890260";"6,0370670"
"201900025199";"2";"7";"2019";"10:50";"1";"69";"69277";"2";"1";"1";"7";"5 Rue Danton";"45,7324090";"5,0018430"
"201900025200";"31";"7";"2019";"16:15";"1";"974";"97405";"1";"3";"2";"3";"chemin adénor payet";" -21,3567570";"55,5705110"
"201900025201";"14";"3";"2019";"15:05";"1";"972";"97229";"2";"9";"1";"3";"cité ozanam batelière";"14,6104890";" -61,0941040"
"201900025202";"29";"7";"2019";"19:25";"1";"41";"41256";"1";"1";"1";"2";"autoroute A71";"47,2926530";"2,0441490"
"201900025203";"27";"7";"2019";"14:10";"1";"67";"67279";"1";"1";"7";"7";"d41";"48,6986590";"7,4739620"
"201900025204";"28";"7";"2019";"18:25";"1";"6";"06137";"1";"1";"1";"6";"1152 route de saint valler de thiey";"43,6570700";"6,8607320"
"201900025205";"29";"7";"2019";"09:25";"1";"38";"38424";"1";"1";"1";"5";"RD 1075, PK 149+330";"44,7604910";"5,6675650"
"201900025206";"27";"7";"2019";"19:45";"1";"62";"62233";"2";"1";"2";"6";"26 Rue de Nempont";"50,3708070";"1,6673660"
"201900025207";"28";"7";"2019";"23:19";"3";"72";"72124";"2";"6";"1";"6";"zac du soleil";"47,8276880";"0,2729900"
"201900025208";"31";"7";"2019";"11:10";"1";"50";"50589";"1";"1";"1";"7";"RN175";"48,5823640";" -1,4382470"
"201900025209";"21";"7";"2019";"13:46";"1";"34";"34142";"1";"1";"1";"6";"A75 - PK 277+210";"43,7063480";"3,3275140"
"201900025210";"28";"7";"2019";"14:40";"1";"30";"30014";"1";"1";"1";"6";"D982";"44,0001040";"4,3715370"
"201900025211";"30";"7";"2019";"13:15";"1";"22";"22305";"1";"1";"1";"6";"RD 766";"48,2764348";" -2,1553188"
"201900025212";"29";"7";"2019";"19:00";"1";"51";"51099";"1";"1";"1";"7";"RD 977";"48,7947331";"4,2291841"
"201900025213";"11";"3";"2019";"08:30";"1";"75";"75106";"2";"7";"8";"3";"PLACE SAINT MICHEL";"48,8537540";"2,3442790"
"201900025214";"11";"3";"2019";"15:15";"1";"75";"75119";"2";"1";"1";"6";"RUE DE CRIMEE";"48,8785890";"2,3906350"
"201900025215";"11";"3";"2019";"12:00";"1";"75";"75119";"2";"2";"1";"2";"RUE DES BOIS";"48,8782530";"2,3979300"
"201900025216";"11";"3";"2019";"14:50";"1";"75";"75118";"2";"1";"1";"3";"ECHANGEUR CHAPELLE";"48,9001300";"2,3609190"
"201900025217";"11";"3";"2019";"12:15";"1";"75";"75116";"2";"1";"1";"2";"ALLEE DE LONGCHAMP";"48,8706860";"2,2593110"
"201900025218";"10";"3";"2019";"15:05";"1";"75";"75114";"2";"1";"1";"6";"RUE CAMPAGNE PREMIERE";"48,8395880";"2,3322440"
"201900025219";"11";"3";"2019";"17:45";"1";"75";"75111";"2";"3";"1";"2";"RUE DU FAUBOURG SAINT ANTOINE";"48,8505600";"2,3793800"
"201900025220";"10";"3";"2019";"17:00";"1";"75";"75103";"2";"7";"1";"6";"PLACE DE LA REPUBLIQUE";"48,8665970";"2,3646760"
"201900025221";"10";"3";"2019";"12:50";"1";"75";"75103";"2";"5";"1";"3";"RUE SAINT MARTIN";"48,8689790";"2,3557330"
"201900025222";"2";"2";"2019";"02:40";"5";"94";"94046";"2";"2";"2";"3";"CHEVREUL (R)";"48,8092000";"2,4400000"
"201900025223";"11";"3";"2019";"14:10";"1";"94";"94076";"2";"2";"1";"3";"JEAN JAURES (R)";"48,7949631";"2,3663841"
"201900025224";"10";"3";"2019";"11:10";"1";"94";"94003";"2";"2";"1";"5";"PAUL VAILLANT COUTURIER (AV)";"48,8001195";"2,3427519"
"201900025225";"11";"3";"2019";"09:00";"1";"94";"94038";"2";"2";"1";"3";"ALBERT THOMAS (R)";"48,7652600";"2,3298900"
"201900025226";"14";"2";"2019";"09:30";"1";"94";"94022";"2";"1";"1";"6";"ANATOLE FRANCE (AV)";"48,7611696";"2,4113768"
"201900025227";"11";"3";"2019";"04:15";"3";"94";"94079";"2";"9";"2";"6";"JEAN MONNET (BD)";"48,8268800";"2,5273500"
"201900025228";"11";"3";"2019";"18:45";"5";"93";"93048";"2";"1";"1";"1";"HENRI BARBUSSE (BOULEVARD)";"48,8673680";"2,4422070"
"201900025229";"11";"3";"2019";"17:45";"1";"93";"93074";"1";"9";"1";"5";"Route Nationale 3";"48,9350740";"2,5799010"
"201900025230";"11";"3";"2019";"14:20";"1";"93";"93001";"2";"1";"1";"6";"DANIELLE CASANOVA (RUE)  59 =>";"48,9180000";"2,3940000"
"201900025231";"11";"3";"2019";"11:10";"1";"93";"93001";"2";"1";"1";"3";"HAIE COQ (RUE DE LA ) => 91/92";"48,9079900";"2,3729200"
"201900025232";"8";"3";"2019";"20:15";"5";"92";"92063";"2";"1";"1";"6";"COLMAR (AVENUE DE)";"48,8867158";"2,1712844"
"201900025233";"8";"3";"2019";"10:55";"1";"92";"92063";"2";"2";"1";"3";"DOUMER (AVENUE PAUL) EST";"48,8812552";"2,1844920"
"201900025234";"11";"3";"2019";"19:50";"5";"92";"92062";"2";"5";"1";"3";"GENERAL DE GAULLE (AV) DU 63 AU 107";"48,8873700";"2,2334600"
"201900025235";"11";"3";"2019";"17:30";"1";"92";"92051";"2";"2";"1";"3";"BINEAU (BOULEVARD, N°53 A 131 ET 52 A 13";"48,8875450";"2,2787440"
"201900025236";"1";"3";"2019";"17:40";"1";"92";"92025";"2";"1";"2";"3";"VALMY (BD DE)";"48,9244000";"2,2630000"
"201900025237";"11";"3";"2019";"09:15";"1";"92";"92012";"2";"2";"8";"3";"ROBERT SCHUMAN (AVENUE)";"48,8426900";"2,2489500"
"201900025238";"7";"3";"2019";"15:30";"1";"92";"92004";"2";"2";"1";"6";"NORMANDIE  ( RUE DE )";"48,9060300";"2,2850900"
"201900025239";"11";"3";"2019";"06:40";"1";"92";"92002";"2";"1";"1";"6";"PORT GALAND (RUE DU)/ GENERAL LECLERC (AV.) (57 A 135 - 50 A 1";"48,7878373";"2,3185334"
"201900025240";"11";"3";"2019";"10:45";"1";"33";"33138";"1";"1";"1";"3";"lieu dit la Mothe de Mont";"45,0420800";" -0,1476100"
"201900025241";"11";"3";"2019";"23:45";"3";"54";"54041";"1";"1";"1";"7";"Autoroute 31";"48,5621980";"5,8900800"
"201900025242";"11";"3";"2019";"16:30";"1";"23";"23169";"1";"1";"1";"5";"Lieu dit La correspondance";"46,1285270";"1,9544450"
"201900025243";"3";"3";"2019";"13:35";"1";"84";"84056";"2";"1";"1";"6";"impasse C X Martin";"44,1319940";"4,9132750"
"201900025244";"12";"3";"2019";"07:20";"1";"30";"30288";"1";"1";"1";"7";"nationale 86";"44,1949900";"4,6247820"
"201900025245";"12";"3";"2019";"16:10";"1";"34";"34270";"1";"1";"1";"3";"RD612";"43,5695150";"3,8495920"
"201900025246";"10";"3";"2019";"21:30";"3";"56";"56094";"1";"1";"1";"3";"PK 86, RN 165, sens NANTES-QUIMPER";"47,7865210";" -3,2249160"
"201900025247";"12";"3";"2019";"14:00";"1";"76";"76260";"1";"1";"6";"7";"RD930 Hameau de Laudencourt";"49,4963770";"1,7700910"
"201900025248";"11";"3";"2019";"17:05";"1";"11";"11191";"1";"1";"1";"1";"la Gauna";"42,9711440";"2,5811070"
"201900025249";"6";"3";"2019";"15:15";"1";"63";"63338";"2";"3";"1";"2";"rue de chez ponet/rue Pasteur";"46,1652851";"2,8290559"
"201900025250";"13";"2";"2019";"18:05";"2";"49";"49307";"2";"3";"1";"3";"rue des champs de la ville";"47,4610188";" -0,4254523"
"201900025251";"8";"3";"2019";"07:00";"2";"42";"42048";"1";"1";"8";"6";"Route départementale 70";"46,1543300";"4,1909190"
"201900025252";"11";"3";"2019";"18:00";"1";"68";"68004";"1";"1";"8";"5";"RD419";"47,6305030";"7,2316210"
"201900025253";"12";"3";"2019";"19:25";"5";"2";"02543";"2";"3";"2";"3";"Avenue de Château Thierry";"49,1657060";"3,2712520"
"201900025254";"12";"3";"2019";"12:05";"1";"70";"70096";"2";"1";"1";"1";"9 rue de la Côtotte";"47,5834330";"6,7939170"
"201900025255";"11";"3";"2019";"21:45";"3";"5";"05036";"1";"1";"1";"1";"RN 94";"44,5884320";"6,5137716"
"201900025256";"12";"3";"2019";"07:30";"1";"50";"50572";"1";"1";"1";"3";"D650";"49,4206560";" -1,7867630"
"201900025257";"10";"3";"2019";"18:25";"1";"85";"85264";"1";"1";"1";"6";"La Clairanche";"46,6959300";" -0,6856300"
"201900025258";"10";"3";"2019";"07:05";"2";"30";"30003";"1";"1";"1";"1";"RD. 61 PK 12+445";"43,5850950";"4,1042190"
"201900025259";"12";"3";"2019";"17:20";"1";"72";"72328";"1";"1";"3";"6";"PK 166+000, Autoroute A11";"48,0557010";"0,2534800"
"201900025260";"12";"3";"2019";"11:45";"1";"24";"24454";"1";"1";"1";"1";"Route départementale 9 sur pont autoroute A89";"44,9888000";"0,1106100"
"201900025261";"12";"3";"2019";"19:00";"3";"31";"31418";"1";"1";"1";"3";"D66";"43,6326220";"1,5255450"
"201900025262";"7";"3";"2019";"11:00";"1";"66";"66012";"1";"6";"8";"3";"Route Nationale";"42,7043810";"2,8323230"
"201900025263";"12";"3";"2019";"08:55";"1";"31";"31192";"2";"1";"1";"3";"route départementale 2";"43,5057190";"1,6097290"
"201900025264";"8";"3";"2019";"18:15";"2";"987";"98714";"1";"1";"1";"7";".";" -16,4954170";" -151,7388890"
"201900025265";"12";"3";"2019";"17:10";"1";"974";"97417";"2";"3";"1";"6";"Rue Leconte de Lisle";" -21,3599450";"55,7655610"
"201900025266";"11";"3";"2019";"21:50";"3";"973";"97305";"1";"1";"1";"6";"rue de la laitiere D888";"4,9371000";" -52,4453800"
"201900025267";"11";"3";"2019";"16:10";"1";"971";"97128";"2";"3";"1";"5";"Durivage";"16,2229940";" -61,3993770"
"201900025268";"10";"3";"2019";"21:00";"5";"971";"97117";"1";"1";"1";"3";"SECTION APPETYT";"16,3345940";" -61,3664140"
"201900025269";"10";"3";"2019";"09:45";"1";"34";"34157";"1";"6";"7";"3";"RD 158";"43,4492250";"3,5983570"
"201900025270";"11";"3";"2019";"15:00";"1";"34";"34213";"1";"3";"1";"3";"RD 2";"43,4953220";"3,6971130"
"201900025271";"11";"3";"2019";"20:45";"3";"84";"84138";"1";"1";"1";"6";"RD 142";"44,3730540";"4,9700380"
"201900025272";"11";"3";"2019";"23:40";"5";"71";"71360";"1";"1";"1";"6";"D17";"46,3209670";"4,7443230"
"201900025273";"10";"3";"2019";"16:00";"1";"68";"68352";"1";"1";"6";"7";"rue du général beaupuy";"48,0207960";"7,5516680"
"201900025274";"5";"3";"2019";"22:20";"3";"38";"38189";"1";"1";"1";"6";"cd 518 PK4+150";"45,6217350";"5,0793230"
"201900025275";"12";"3";"2019";"15:20";"1";"69";"69010";"2";"1";"1";"3";"ROUTE NATIONALE 7";"45,8369900";"4,6175300"
"201900025276";"10";"3";"2019";"18:50";"2";"33";"33219";"1";"1";"1";"3";"D670";"44,9766900";" -0,3947700"
"201900025277";"11";"3";"2019";"17:00";"1";"59";"59249";"2";"1";"7";"3";"Avenue Joliot-Curie";"50,0185560";"4,0644030"
"201900025278";"11";"3";"2019";"17:40";"1";"13";"13055";"1";"1";"1";"7";"A507 sens Aubagne- Marseille";"43,3175530";"5,4225430"
"201900025279";"2";"3";"2019";"03:40";"3";"69";"69294";"1";"1";"1";"7";"A7   13.970 A 15.270";"45,6370500";"4,8227600"
"201900025280";"11";"3";"2019";"17:15";"1";"91";"91689";"1";"1";"1";"2";"AUTOROUTE A6B";"48,7419400";"2,3216900"
"201900025281";"11";"3";"2019";"08:30";"1";"91";"91377";"1";"1";"2";"3";"BRETELLE A10 / RN20";"48,7149300";"2,2901500"