"Num_Acc";"jour";"mois";"an";"hrmn";"lum";"dep";"com";"agg";"int";"atm";"col";"adr";"lat";"long"
"201900025282";"10";"3";"2019";"20:40";"3";"92";"92047";"1";"1";"1";"4";"A13";"48,8342367";"2,1676134"
"201900025283";"11";"3";"2019";"00:25";"3";"95";"95424";"1";"1";"1";"5";"AUTOROUTE A15";"48,9886000";"2,2045000"
"201900025284";"8";"3";"2019";"16:55";"1";"95";"95277";"1";"1";"1";"2";"AUTOROUTE A3";"48,9731700";"2,4874000"
"201900025285";"11";"3";"2019";"20:00";"3";"75";"75112";"1";"1";"2";"2";"A4";"48,8247749";"2,4636398"
"201900025286";"11";"3";"2019";"16:30";"1";"94";"94069";"1";"1";"1";"5";"A4";"48,8174100";"2,4221400"
"201900025287";"11";"3";"2019";"16:15";"1";"77";"77053";"1";"1";"1";"7";"RN104";"48,7036700";"2,5970000"
"201900025288";"11";"3";"2019";"15:30";"1";"94";"94018";"1";"1";"1";"4";"A4";"48,8203828";"2,4023440"
"201900025289";"11";"3";"2019";"10:50";"1";"77";"77363";"1";"1";"1";"2";"A104";"48,9181800";"2,6326800"
"201900025290";"10";"3";"2019";"12:50";"1";"974";"97411";"2";"3";"1";"3";"Rue Juliette Dodu";" -20,8786800";"55,4513400"
"201900025291";"10";"3";"2019";"05:00";"2";"974";"97411";"2";"9";"1";"7";"RN2/111";" -20,8855000";"55,4781300"
"201900025292";"10";"3";"2019";"06:05";"2";"974";"97411";"2";"1";"1";"7";"SOURCE (RUE DE LA)";" -20,8881800";"55,4491600"
"201900025293";"9";"3";"2019";"20:10";"5";"974";"97411";"2";"1";"1";"1";"BOUVET";" -20,8865800";"55,4632400"
"201900025294";"10";"3";"2019";"17:30";"1";"973";"97302";"2";"1";"1";"1";"MANGO (ROUTE)";"4,9315674";" -52,3172379"
"201900025295";"10";"3";"2019";"16:25";"1";"69";"69276";"1";"9";"1";"3";"312                                     ";"45,6747600";"4,8486000"
"201900025296";"9";"3";"2019";"19:45";"5";"69";"69386";"1";"1";"1";"6";"CHARLES DE GAULLE                   (QU)";"45,7829800";"4,8482000"
"201900025297";"10";"3";"2019";"05:05";"5";"2A";"2A004";"1";"3";"1";"1";"MEZZAVIA ROUTE DE";"41,9475000";"8,7634000"
"201900025298";"9";"3";"2019";"20:05";"5";"91";"91471";"2";"3";"1";"2";"MONTHLERY (ROUTE DE)";"48,6785600";"2,1913300"
"201900025299";"10";"3";"2019";"14:35";"1";"91";"91174";"2";"9";"6";"6";"JEAN JAURES (BOULEVARD)";"48,6129900";"2,4598800"
"201900025300";"10";"3";"2019";"13:15";"1";"59";"59152";"2";"1";"1";"1";"WERVICQ (RUE DE)";"50,7661628";"3,0251509"
"201900025301";"25";"2";"2019";"07:45";"1";"59";"59566";"2";"1";"1";"7";"CALMETTE, RUE DU Dr";"50,6186300";"2,9775000"
"201900025302";"15";"2";"2019";"17:30";"1";"59";"59350";"2";"1";"1";"2";"LAGUESSE RUE PROFESSEUR";"50,6072406";"3,0387014"
"201900025303";"10";"3";"2019";"15:05";"1";"51";"51573";"2";"1";"6";"2";"RUE DE LA CROIX CORDIER";"49,2461200";"3,9907100"
"201900025304";"10";"3";"2019";"12:31";"1";"45";"45232";"1";"1";"1";"6";"R DE BOURGES";"47,8467400";"1,9118800"
"201900025305";"10";"3";"2019";"10:45";"1";"37";"37261";"2";"2";"1";"3";"MIRABEAU (RUE)";"47,3975300";"0,6994600"
"201900025306";"10";"3";"2019";"07:20";"2";"17";"17300";"2";"2";"2";"3";"VILLENEUVE   RUE";"46,1611100";" -1,1469200"
"201900025307";"10";"3";"2019";"17:15";"1";"13";"13209";"2";"1";"1";"3";"MORGIOU (chemin de )";"43,2409750";"5,4069000"
"201900025308";"10";"3";"2019";"10:20";"1";"13";"13209";"2";"1";"1";"2";"CHE DE LA COLLINE SAINT JOSEPH";"43,2500000";"5,4100000"
"201900025309";"10";"3";"2019";"09:55";"1";"13";"13206";"2";"9";"1";"6";"CASTELLANE (PLACE)";"43,2857200";"5,3840800"
"201900025310";"9";"3";"2019";"18:20";"1";"13";"13216";"2";"6";"1";"3";"FALAISE (BOULEVARD DE LA)";"43,3620000";"5,3080000"
"201900025311";"9";"3";"2019";"15:40";"1";"13";"13214";"2";"1";"1";"3";"MERIMEE";"43,3306700";"5,4002300"
"201900025312";"10";"3";"2019";"03:50";"5";"13";"13001";"1";"1";"1";"7";"MARSEILLE (ROUTE DE )";"43,4762600";"5,4139700"
"201900025313";"10";"3";"2019";"14:15";"1";"75";"75105";"2";"2";"1";"6";"RUE MONGE";"48,8399550";"2,3514140"
"201900025314";"10";"3";"2019";"10:05";"1";"75";"75119";"2";"7";"6";"3";"PLACE DU COLONEL FABIEN";"48,8783250";"2,3705940"
"201900025315";"9";"3";"2019";"23:35";"5";"75";"75119";"2";"1";"1";"3";"BOULEVARD MACDONALD";"48,8987750";"2,3744460"
"201900025316";"10";"3";"2019";"17:15";"1";"75";"75119";"2";"2";"1";"6";"RUE D AUBERVILLIERS";"48,8953110";"2,3720460"
"201900025317";"9";"3";"2019";"04:35";"5";"75";"75117";"2";"2";"1";"2";"RUE CARDINET";"48,8886250";"2,3156610"
"201900025318";"8";"3";"2019";"13:30";"1";"75";"75116";"2";"1";"1";"2";"AVENUE DE NEUILLY";"48,8784800";"2,2802370"
"201900025319";"10";"3";"2019";"17:45";"1";"75";"75113";"2";"3";"1";"3";"AVENUE DE CHOISY";"48,8218280";"2,3633230"
"201900025320";"10";"3";"2019";"15:27";"1";"75";"75112";"2";"1";"1";"3";"BOULEVARD DIDEROT";"48,8476840";"2,3897480"
"201900025321";"10";"3";"2019";"16:45";"1";"75";"75110";"2";"3";"6";"1";"RUE DU FAUBOURG SAINT MARTIN";"48,8804120";"2,3642920"
"201900025322";"10";"3";"2019";"15:40";"1";"75";"75110";"2";"4";"6";"3";"RUE DU FAUBOURG SAINT MARTIN";"48,8788600";"2,3623050"
"201900025323";"10";"3";"2019";"14:44";"1";"75";"75110";"2";"5";"2";"6";"RUE LA FAYETTE";"48,8785330";"2,3540410"
"201900025324";"9";"3";"2019";"02:00";"5";"75";"75110";"2";"3";"2";"6";"BOULEVARD DE BONNE NOUVELLE";"48,8703560";"2,3495570"
"201900025325";"10";"3";"2019";"17:10";"1";"75";"75103";"2";"2";"8";"3";"BOULEVARD DE SEBASTOPOL";"48,8634090";"2,3509480"
"201900025326";"10";"3";"2019";"21:45";"5";"94";"94080";"2";"1";"1";"3";"PARIS (AV DE)";"48,8445400";"2,4388000"
"201900025327";"10";"3";"2019";"13:45";"1";"94";"94017";"2";"9";"6";"3";"MARX DORMOY (AV)";"48,8062800";"2,5289000"
"201900025328";"10";"3";"2019";"19:56";"5";"93";"93071";"2";"1";"1";"6";"LIEGEARD (AVENUE)";"48,9270000";"2,5228300"
"201900025329";"9";"3";"2019";"23:45";"5";"93";"93066";"2";"2";"8";"3";"PROCESSION";"48,9109510";"2,3625680"
"201900025330";"10";"3";"2019";"05:00";"5";"93";"93063";"2";"1";"3";"7";"METZ AVENUE DE";"48,8961467";"2,4297799"
"201900025331";"10";"3";"2019";"16:40";"1";"93";"93031";"2";"1";"6";"6";"MARNE (AVENUE DE LA)";"48,9527000";"2,3275500"
"201900025332";"10";"3";"2019";"21:40";"5";"93";"93001";"2";"3";"1";"5";"LANDY (RUE DU) 34/29 =>";"48,9152400";"2,3743400"
"201900025333";"10";"3";"2019";"20:30";"5";"93";"93001";"2";"2";"1";"3";"ANDRE KARMAN (RUE)  => 136/143";"48,9074000";"2,3847500"
"201900025334";"10";"3";"2019";"10:20";"1";"92";"92012";"2";"2";"1";"3";"SILLY (RUE DE) 1/87 - 2/88";"48,8312980";"2,2344720"
"201900025335";"9";"3";"2019";"09:45";"1";"28";"28061";"1";"2";"1";"1";"d137";"48,2348850";"1,1487180"
"201900025336";"9";"3";"2019";"17:15";"1";"972";"97232";"1";"1";"1";"2";"Sans-souci";"14,5725710";" -60,8621780"
"201900025337";"10";"3";"2019";"22:35";"3";"71";"71004";"1";"1";"8";"2";"CD 673";"46,8082430";"4,9485380"
"201900025338";"10";"3";"2019";"06:20";"3";"58";"58086";"1";"1";"2";"6";"A77 PR 106+450";"47,3592680";"2,9236580"
"201900025339";"9";"3";"2019";"19:30";"5";"56";"56190";"2";"1";"2";"6";"9 rue de la piscine";"47,9712400";" -2,7398680"
"201900025340";"11";"3";"2019";"10:00";"1";"56";"56089";"1";"1";"1";"2";"Locunel";"47,9510090";" -3,2420050"
"201900025341";"11";"3";"2019";"06:40";"3";"32";"32410";"1";"1";"1";"7";"LALUBIE";"43,4858260";"0,8726060"
"201900025342";"10";"3";"2019";"09:00";"1";"89";"89276";"2";"1";"2";"6";"RN77";"48,0367910";"3,7787100"
"201900025343";"11";"3";"2019";"17:00";"1";"80";"80533";"2";"6";"1";"3";"intersection D1015 / D925";"50,0599440";"1,4089960"
"201900025344";"9";"3";"2019";"14:50";"1";"68";"68082";"2";"7";"2";"2";"10 rue de la gare";"47,8654830";"7,3470470"
"201900025345";"10";"3";"2019";"20:45";"3";"2";"02351";"2";"2";"6";"3";"route départementle 80";"49,1667020";"3,6648080"
"201900025346";"8";"3";"2019";"04:30";"5";"1";"01307";"2";"2";"2";"3";"Route de Lyon";"46,1630550";"5,5709410"
"201900025347";"11";"3";"2019";"09:30";"1";"72";"72189";"2";"6";"1";"6";"route de MAMERS";"48,2518050";"0,3130620"
"201900025348";"10";"3";"2019";"15:01";"1";"7";"07295";"1";"9";"1";"3";"Rue des Boutières - D120";"44,8250610";"4,5776500"
"201900025349";"11";"3";"2019";"18:35";"1";"85";"85047";"2";"6";"1";"3";"Rue Pauline de Lézardière";"46,8432900";" -1,8814200"
"201900025350";"10";"3";"2019";"13:25";"1";"17";"17362";"1";"1";"1";"7";"route départementale 149";"45,3618750";" -0,6017240"
"201900025351";"11";"2";"2019";"19:00";"5";"69";"69244";"2";"1";"2";"6";"avenue Felix Finat Duclos";"45,7579930";"4,7604890"
"201900025352";"7";"3";"2019";"22:03";"3";"64";"64348";"1";"1";"1";"2";"Autoroute A64 - PK 100.400 - Sens Toulouse/Bayonne";"43,3422638";" -0,3817488"
"201900025353";"9";"3";"2019";"16:45";"1";"68";"68195";"1";"1";"2";"6";"A36 PK 00+000";"47,7473210";"7,2762240"
"201900025354";"11";"3";"2019";"08:25";"1";"57";"57540";"1";"1";"1";"6";"A4 PR 430+900";"48,7759970";"7,2605860"
"201900025355";"17";"2";"2019";"08:00";"2";"6";"06088";"1";"4";"1";"6";"bretelle d'accès autoroute NICE nord, PK 197.530, DIRECTION ST ISIDORE.";"43,7296720";"7,2550070"
"201900025356";"11";"3";"2019";"00:10";"3";"45";"45154";"1";"1";"1";"6";"A10 - PK 85+700";"47,9984660";"1,8522050"
"201900025357";"11";"3";"2019";"00:20";"3";"60";"60229";"1";"1";"2";"2";"autoroute A1-PK 63+900- SENS PARIS LILLE";"49,3765730";"2,7042096"
"201900025358";"10";"3";"2019";"21:00";"3";"974";"97418";"1";"1";"1";"5";"route émile de la giroday-bois rouge";" -20,9164980";"55,5381950"
"201900025359";"5";"3";"2019";"15:00";"1";"971";"97125";"2";"1";"1";"3";"Avenue Martin Luther King, devant THIRIET";"16,2575780";" -61,2712580"
"201900025360";"11";"3";"2019";"10:00";"1";"33";"33199";"1";"1";"1";"2";"RN250";"44,6166300";" -1,1088500"
"201900025361";"10";"3";"2019";"18:55";"3";"77";"77470";"1";"1";"1";"6";"RN 4, PK 14.900";"48,7362180";"2,7687330"
"201900025362";"7";"3";"2019";"09:30";"1";"84";"84019";"2";"6";"7";"2";"Avenue Jean Moulin";"44,3170230";"4,7425420"
"201900025363";"10";"3";"2019";"12:15";"1";"33";"33177";"1";"9";"1";"3";"47 route du petit moulin";"45,3338300";" -0,9835500"
"201900025364";"9";"3";"2019";"17:10";"1";"76";"76130";"1";"1";"1";"7";"Chemin communal des fossettes 76270 BOUELLES";"49,7213260";"1,5077910"
"201900025365";"10";"3";"2019";"03:45";"5";"59";"59370";"2";"1";"3";"2";"43 route de Mons";"50,3091960";"3,9770500"
"201900025366";"7";"3";"2019";"17:10";"1";"59";"59391";"2";"1";"1";"3";"1 Rue Jean Jaurès";"50,3078510";"3,3045510"
"201900025367";"10";"3";"2019";"17:30";"1";"13";"13216";"1";"1";"1";"7";"A55-Sens Marseille vers Martigues";"43,3450480";"5,3463810"
"201900025368";"9";"3";"2019";"12:35";"1";"13";"13215";"1";"1";"1";"5";"A7-Sens Marseille vers Lyon";"43,3689000";"5,3609000"
"201900025369";"10";"3";"2019";"10:30";"1";"13";"13071";"1";"1";"1";"2";"A55 - Sens Marseille vers Martigues";"43,3760000";"5,3186800"
"201900025370";"5";"3";"2019";"17:40";"1";"13";"13055";"1";"1";"1";"3";"A507 sens Aubagne- Marseille";"43,3299000";"5,4058000"
"201900025371";"9";"3";"2019";"02:55";"3";"69";"69297";"1";"1";"2";"6";"A7   15.770 A 20.110";"45,6091900";"4,8045900"
"201900025372";"10";"3";"2019";"17:10";"1";"33";"33063";"1";"1";"1";"4";"ROCADE A 630";"44,8835200";" -0,5555300"
"201900025373";"10";"3";"2019";"15:00";"1";"91";"91161";"1";"1";"1";"6";"AUTOROUTE A6";"48,7183600";"2,3101400"
"201900025374";"10";"3";"2019";"13:50";"1";"91";"91064";"1";"1";"1";"3";"RN 118";"48,7487600";"2,2154300"
"201900025375";"10";"3";"2019";"05:20";"3";"91";"91645";"1";"1";"3";"7";"RN 385 Extèrieure";"48,7597780";"2,2612110"
"201900025376";"10";"3";"2019";"05:59";"3";"91";"91689";"1";"1";"3";"6";"AUTOROUTE A6A";"48,7413320";"2,3205750"
"201900025377";"10";"3";"2019";"05:50";"3";"91";"91589";"1";"1";"3";"6";"AUTOROUTE A6";"48,6801950";"2,3321790"
"201900025378";"10";"3";"2019";"00:35";"3";"91";"91689";"1";"1";"3";"6";"AUTOROUTE A6B";"48,7440000";"2,3242500"
"201900025379";"10";"3";"2019";"00:50";"3";"92";"92064";"1";"1";"2";"5";"A13";"48,8374123";"2,1888971"
"201900025380";"9";"3";"2019";"20:45";"3";"78";"78117";"1";"1";"1";"6";"RN12";"48,7873320";"2,1475650"
"201900025381";"10";"3";"2019";"18:30";"1";"95";"95582";"1";"1";"1";"2";"AUTOROUTE A15";"48,9648700";"2,2607800"
"201900025382";"10";"3";"2019";"15:19";"1";"95";"95488";"1";"1";"6";"6";"AUTOROUTE A15";"49,0246200";"2,1325300"
"201900025383";"10";"3";"2019";"07:35";"2";"94";"94065";"1";"1";"2";"7";"A86 INT";"48,7547909";"2,3468777"
"201900025384";"9";"3";"2019";"06:20";"3";"77";"77372";"1";"1";"8";"5";"A104";"48,8914600";"2,6672400"
"201900025385";"7";"3";"2019";"17:30";"2";"68";"68271";"2";"1";"1";"6";"MULHOUSE (RUE DE)";"47,7461000";"7,3587200"
"201900025386";"1";"3";"2019";"20:00";"5";"62";"62570";"2";"3";"1";"3";"SIMON (PIERRE)";"50,4082090";"2,8809898"
"201900025387";"11";"2";"2019";"02:48";"5";"59";"59599";"2";"2";"1";"3";"CURIE (CHAUSSEE PIERRE)";"50,7329103";"3,1818670"
"201900025388";"31";"1";"2019";"19:45";"5";"44";"44162";"2";"1";"1";"2";"RUE OCEANE";"47,2264000";" -1,6308800"
"201900025389";"5";"2";"2019";"16:00";"1";"44";"44162";"2";"1";"1";"3";"ROUTE DE VANNES";"47,2474500";" -1,6070200"
"201900025390";"5";"3";"2019";"13:00";"1";"27";"27229";"2";"1";"1";"6";"POLITZER (RUE GEORGES)";"49,0073368";"1,1511789"
"201900025391";"6";"3";"2019";"20:00";"5";"6";"06029";"2";"1";"1";"6";"LORRAINE (BOULEVARD DE)";"43,5531500";"7,0276900"
"201900025392";"6";"3";"2019";"08:50";"1";"6";"06123";"2";"9";"1";"1";"COUBERTIN PIERRE DE AVENUE";"43,6719100";"7,1921000"
"201900025393";"11";"2";"2019";"07:20";"2";"94";"94080";"2";"1";"1";"3";"FONTENAY (R DE)";"48,8483304";"2,4364245"
"201900025394";"4";"5";"2019";"20:15";"1";"69";"69091";"1";"1";"1";"7";"RIVE DE GIER (DE) (RTE)";"45,5821900";"4,7391800"
"201900025395";"24";"4";"2019";"10:30";"1";"69";"69091";"2";"3";"1";"6";"ROGER SALENGRO ( R )";"45,5826056";"4,7728214"
"201900025396";"30";"4";"2019";"08:00";"1";"69";"69091";"2";"1";"1";"6";"SEMARD (PIERRE) ( R )";"45,5853900";"4,7680500"
"201900025397";"24";"5";"2019";"09:55";"1";"68";"68297";"2";"3";"1";"6";"TEMPLE ( RUE DU )";"47,5874800";"7,5630300"
"201900025398";"9";"5";"2019";"09:20";"1";"68";"68224";"2";"2";"2";"7";"ALLIES (BOULEVARD DES)";"47,7565060";"7,3440110"
"201900025399";"26";"4";"2019";"19:25";"1";"68";"68066";"2";"1";"1";"3";"SCHUMANN (RUE)";"48,0813410";"7,3317610"
"201900025400";"24";"4";"2019";"19:00";"1";"68";"68066";"2";"6";"2";"3";"JOFFRE (AVENUE)";"48,0721320";"7,3534530"
"201900025401";"29";"5";"2019";"11:55";"1";"67";"67482";"2";"1";"1";"6";"FRANÇOIS MITTERRAND (AVENUE)";"48,5850330";"7,6942750"
"201900025402";"29";"5";"2019";"09:18";"1";"67";"67043";"2";"1";"1";"6";"PERIGUEUX (AVENUE DE)";"48,6148100";"7,7418300"
"201900025403";"26";"5";"2019";"17:40";"1";"67";"67482";"2";"3";"1";"3";"ALTENHEIM (ROUTE D )";"48,5401700";"7,7677700"
"201900025404";"24";"5";"2019";"18:15";"1";"67";"67482";"2";"1";"1";"6";"LA WANTZENAU (ROUTE DE)";"48,6109700";"7,7809950"
"201900025405";"24";"5";"2019";"13:40";"1";"67";"67482";"2";"3";"1";"6";"HOPITAL (ROUTE DE L )";"48,5689310";"7,7513550"
"201900025406";"24";"5";"2019";"08:30";"1";"67";"67482";"2";"3";"7";"3";"ROBERTSAU (ALLEE DE LA)";"48,5920160";"7,7694710"
"201900025407";"22";"5";"2019";"21:45";"3";"67";"67482";"2";"1";"1";"6";"NEUHOF (ROUTE)";"48,5531100";"7,7662200"
"201900025408";"21";"5";"2019";"08:00";"1";"67";"67482";"2";"1";"3";"6";"KEMPF (RUE)";"48,6038800";"7,7875400"
"201900025409";"21";"5";"2019";"07:50";"1";"67";"67482";"2";"1";"3";"6";"OVIDE (RUE)";"48,5805600";"7,7061350"
"201900025410";"20";"5";"2019";"00:45";"5";"67";"67482";"2";"1";"3";"6";"RANGEN (RUE DE)";"48,5949170";"7,7127310"
"201900025411";"17";"5";"2019";"08:20";"1";"67";"67447";"2";"3";"1";"3";"HERRENSCHMIDT (AVENUE)";"48,6001910";"7,7537670"
"201900025412";"15";"5";"2019";"19:00";"1";"67";"67482";"2";"3";"7";"3";"MARECHAL FOCH (RUE DU)";"48,5885800";"7,7521600"
"201900025413";"14";"5";"2019";"16:27";"1";"67";"67482";"2";"3";"7";"6";"CYGNE (RUE DU)";"48,5788500";"7,7398900"
"201900025414";"13";"5";"2019";"16:35";"1";"67";"67218";"1";"3";"6";"3";"ESCHAU (ROUTE D )";"48,5115600";"7,7129750"
"201900025415";"11";"5";"2019";"17:25";"1";"67";"67482";"2";"1";"3";"6";"ARISTIDE BRIAND (AVENUE)";"48,5688000";"7,7769700"
"201900025416";"11";"5";"2019";"14:35";"1";"67";"67482";"2";"1";"1";"3";"PRESIDENT WILSON (BOULEVARD)";"48,5869970";"7,7377430"
"201900025417";"10";"5";"2019";"16:55";"1";"67";"67482";"2";"1";"1";"6";"GARE (PLACE DE LA)";"48,5843870";"7,7361880"
"201900025418";"8";"5";"2019";"14:15";"1";"67";"67482";"2";"3";"2";"3";"PAIX (AVENUE DE LA)";"48,5930890";"7,7589850"
"201900025419";"7";"5";"2019";"22:40";"5";"67";"67482";"2";"3";"1";"3";"ROMAINS (ROUTE DES)";"48,5784600";"7,7084000"
"201900025420";"6";"5";"2019";"08:00";"1";"67";"67218";"2";"6";"8";"3";"23 NOVEMBRE (RUE DU)";"48,5313100";"7,7095400"
"201900025421";"4";"5";"2019";"11:50";"1";"67";"67482";"2";"1";"3";"6";"PREMIERE ARMEE (RUE DE LA)";"48,5761500";"7,7526000"
"201900025422";"3";"5";"2019";"18:20";"1";"67";"67482";"2";"1";"1";"2";"UNIVERSITE (PLACE DE L )";"48,5852720";"7,7608260"
"201900025423";"3";"5";"2019";"12:10";"1";"67";"67482";"2";"1";"1";"6";"RIETH (RUE DU)";"48,6019920";"7,7191330"
"201900025424";"3";"5";"2019";"10:00";"1";"67";"67204";"2";"1";"1";"6";"ALEXANDRE FLEMING (RUE)";"48,6224300";"7,7638100"
"201900025425";"2";"5";"2019";"13:30";"1";"67";"67447";"2";"3";"1";"3";"VENDENHEIM (RUE DE)";"48,6112900";"7,7445200"
"201900025426";"2";"5";"2019";"10:45";"1";"67";"67482";"2";"3";"1";"3";"GARE AUX MARCHANDISES (RUE DE LA)";"48,5916800";"7,7338000"
"201900025427";"1";"5";"2019";"14:45";"1";"67";"67218";"2";"1";"1";"3";"ALFRED KASTLER (ROUTE)";"48,5430120";"7,7364930"
"201900025428";"1";"5";"2019";"14:00";"1";"67";"67482";"2";"1";"1";"3";"CHARMILLE (RUE DE LA)";"48,5833500";"7,7186470"
"201900025429";"29";"4";"2019";"15:05";"1";"67";"67365";"2";"1";"1";"6";"HOHWARTH (RUE DE LA)";"48,5495560";"7,7100570"
"201900025430";"28";"4";"2019";"19:10";"1";"67";"67447";"2";"1";"1";"3";"GENERAL DE GAULLE (ROUTE DU)";"48,6085700";"7,7348390"
"201900025431";"4";"5";"2019";"10:02";"1";"67";"67462";"1";"1";"8";"1";"EPFIG (ROUTE D)";"48,2878700";"7,4575800"
"201900025432";"7";"5";"2019";"19:10";"1";"67";"67180";"2";"2";"1";"3";"FOULON (RUE DU)";"48,8054400";"7,7794600"
"201900025433";"27";"5";"2019";"11:10";"1";"66";"66136";"2";"1";"1";"6";"CLEMENCEAU (BOULEVARD)";"42,7002700";"2,8896700"
"201900025434";"22";"5";"2019";"15:55";"1";"66";"66136";"2";"1";"1";"6";"R D 900";"42,6969500";"2,8660200"
"201900025435";"20";"5";"2019";"17:30";"1";"66";"66136";"2";"1";"1";"6";"ARGELES SUR MER AVENUE D'";"42,6704100";"2,9165600"
"201900025436";"19";"5";"2019";"14:20";"1";"66";"66136";"2";"2";"1";"3";"CHATEAU (DU)";"42,6953600";"2,8949200"
"201900025437";"15";"5";"2019";"12:10";"1";"66";"66136";"2";"1";"1";"6";"PANCHOT (AVENUE JULIEN)";"42,6859700";"2,8681800"
"201900025438";"15";"5";"2019";"22:00";"5";"66";"66136";"2";"1";"1";"6";"BALEARES ROND POINT ET CITE DES";"42,6886600";"2,8947200"
"201900025439";"14";"5";"2019";"13:40";"1";"66";"66136";"2";"1";"1";"2";"SAINT-ROCH (CHEMIN DE)";"42,6890500";"2,9106200"
"201900025440";"12";"5";"2019";"00:24";"3";"66";"66136";"1";"1";"1";"6";"Départementale 914";"42,6638000";"2,9082900"
"201900025441";"7";"5";"2019";"12:43";"1";"66";"66136";"2";"1";"1";"6";"PEGUY (CHARLES)";"42,6927500";"2,9066100"
"201900025442";"5";"5";"2019";"18:25";"1";"66";"66136";"2";"1";"1";"2";"DALBIEZ (AVENUE VICTOR)";"42,6888100";"2,8837200"
"201900025443";"30";"4";"2019";"08:45";"1";"66";"66136";"2";"1";"1";"3";"ARGELES SUR MER AVENUE D'";"42,6770000";"2,9130000"
"201900025444";"29";"4";"2019";"14:31";"1";"66";"66193";"2";"1";"1";"1";"nationale 116";"42,5681840";"2,3218020"
"201900025445";"26";"4";"2019";"19:20";"1";"66";"66136";"2";"2";"1";"3";"ALDUY (Paul)";"42,6871736";"2,9018003"
"201900025446";"24";"4";"2019";"17:30";"1";"66";"66136";"2";"3";"1";"3";"MERMOZ (AVENUE JEAN)";"42,6947200";"2,9118300"
"201900025447";"5";"5";"2019";"03:40";"5";"65";"65100";"1";"2";"1";"3";"COMMANDEUR (AVENUE DU)";"43,2630307";"0,0271694"
"201900025448";"29";"5";"2019";"16:30";"1";"64";"64189";"2";"1";"1";"6";"POULOU JEAN  (AVENUE)";"43,3811839";" -1,6591509"
"201900025449";"24";"5";"2019";"08:20";"1";"64";"64189";"2";"1";"1";"3";"MITTERRAND FRANCOIS  (AVENUE)";"43,3826030";" -1,6664440"
"201900025450";"18";"5";"2019";"17:40";"1";"64";"64260";"2";"1";"3";"2";"BOULEVAVARD CHARLES DE GAULLE";"43,3553366";" -1,7782958"
"201900025451";"14";"5";"2019";"11:00";"1";"64";"64483";"2";"1";"1";"2";"ITHURRALDE ANDRE (AVENUE)";"43,3969625";" -1,6450471"
"201900025452";"21";"4";"2019";"12:45";"1";"64";"64260";"2";"1";"1";"3";"GAULLE CHARLES (RUE DE)";"43,3587117";" -1,7760237"
"201900025453";"2";"5";"2019";"14:22";"1";"64";"64483";"2";"1";"1";"2";"ITHURRALDE ANDRE (AVENUE)";"43,3918634";" -1,6544809"
"201900025454";"28";"5";"2019";"17:35";"1";"64";"64445";"2";"1";"1";"7";"RESISTANCE";"43,3048000";" -0,3760000"
"201900025455";"28";"5";"2019";"17:00";"1";"64";"64445";"2";"1";"1";"7";"LUCIEN FAVRE";"43,3189341";" -0,3621176"
"201900025456";"25";"5";"2019";"06:35";"2";"64";"64129";"2";"1";"1";"6";"FARADAY";"43,2998000";" -0,4046017"
"201900025457";"23";"5";"2019";"22:25";"5";"64";"64129";"2";"1";"2";"7";"LONS DE";"43,3123399";" -0,3818286"
"201900025458";"20";"5";"2019";"16:15";"1";"64";"64445";"2";"6";"1";"6";"RON POINT FRANZ TOUSSAINT";"43,3202600";" -0,3278900"
"201900025459";"20";"5";"2019";"08:10";"1";"64";"64445";"2";"1";"2";"3";"LARRIBAU";"43,3160000";" -0,3217200"
"201900025460";"19";"5";"2019";"15:25";"1";"64";"64445";"2";"1";"1";"6";"SAINT-FRANCOIS D'ASSISE";"43,3004000";" -0,3649000"
"201900025461";"18";"5";"2019";"09:35";"1";"64";"64348";"2";"9";"1";"3";"SOUVENIR FRANCAIS DU";"43,3261500";" -0,3870700"
"201900025462";"17";"5";"2019";"06:50";"2";"64";"64335";"2";"9";"3";"3";"JEAN JAURES";"43,3170800";" -0,4296900"
"201900025463";"16";"5";"2019";"00:55";"5";"64";"64284";"2";"1";"1";"7";"RAUSKI";"43,2736202";" -0,3886242"
"201900025464";"15";"5";"2019";"17:20";"1";"64";"64445";"2";"9";"1";"3";"LOUP DU";"43,3012037";" -0,3710348"
"201900025465";"15";"5";"2019";"07:55";"1";"64";"64284";"2";"2";"1";"3";"CONCORDE";"43,2862550";" -0,3795410"
"201900025466";"14";"5";"2019";"13:10";"1";"64";"64132";"1";"1";"1";"2";"D100";"43,2889500";" -0,3321053"
"201900025467";"14";"5";"2019";"13:50";"1";"64";"64335";"2";"1";"1";"2";"EUROPE DE L'";"43,3247900";" -0,4379400"
"201900025468";"13";"5";"2019";"16:25";"1";"64";"64445";"2";"1";"1";"2";"LILAS DES";"43,3067300";" -0,3478000"
"201900025469";"13";"5";"2019";"08:45";"1";"64";"64348";"1";"1";"1";"2";"MARTYRS DU PONT LONG DES";"43,3504008";" -0,3799716"
"201900025470";"12";"5";"2019";"20:50";"1";"64";"64445";"2";"3";"1";"1";"BIZANOS DE";"43,2931600";" -0,3609700"
"201900025471";"11";"5";"2019";"03:55";"5";"64";"64445";"2";"1";"3";"6";"TRESPOEY";"43,2988623";" -0,3496357"
"201900025472";"10";"5";"2019";"21:45";"5";"64";"64348";"2";"2";"1";"3";"JEAN MERMOZ";"43,3247113";" -0,3795884"
"201900025473";"10";"5";"2019";"21:15";"5";"64";"64445";"2";"1";"1";"7";"TOURASSE";"43,3111000";" -0,3580000"
"201900025474";"8";"5";"2019";"20:25";"1";"64";"64041";"2";"1";"1";"1";"VILLAGE DU";"43,2770000";" -0,3247700"