"Num_Acc";"jour";"mois";"an";"hrmn";"lum";"dep";"com";"agg";"int";"atm";"col";"adr";"lat";"long"
"201900025475";"8";"5";"2019";"01:50";"5";"64";"64348";"2";"1";"1";"3";"MARTYRS DU PONT LONG DES";"43,3483521";" -0,3799614"
"201900025476";"7";"5";"2019";"17:20";"1";"64";"64129";"2";"1";"1";"7";"VANDENBERGHE";"43,3061600";" -0,3942500"
"201900025477";"5";"5";"2019";"06:40";"2";"64";"64445";"2";"1";"1";"7";"JEAN MERMOZ";"43,3160000";" -0,3779800"
"201900025478";"4";"5";"2019";"08:55";"1";"64";"64348";"2";"1";"1";"3";"ERCKMAN CHATRIAN";"43,3278203";" -0,3939513"
"201900025479";"1";"5";"2019";"10:20";"1";"64";"64348";"2";"1";"1";"3";"CHARLES DE GAULLE";"43,3112375";" -0,4129572"
"201900025480";"30";"4";"2019";"17:00";"1";"64";"64269";"1";"1";"1";"3";"Rocade Sud";"43,2959618";" -0,3166311"
"201900025481";"30";"4";"2019";"12:30";"1";"64";"64132";"2";"1";"1";"4";"COMMANDANT RENE MOUCHOTTE DU";"43,3029900";" -0,3205510"
"201900025482";"25";"5";"2019";"20:20";"2";"64";"64122";"2";"2";"1";"3";"FOLIN (RUE DE)";"43,4798600";" -1,5433700"
"201900025483";"17";"5";"2019";"07:55";"1";"64";"64122";"2";"1";"2";"2";"MARIANO LUIS (RUE- ROND-POINT)";"43,4586000";" -1,5471900"
"201900025484";"8";"5";"2019";"10:10";"1";"64";"64122";"2";"1";"1";"2";"DASSAULT MARCEL (BD)";"43,4715373";" -1,5359672"
"201900025485";"7";"5";"2019";"10:40";"1";"64";"64122";"2";"9";"8";"7";"VICTOR HUGO (AVENUE)";"43,4812300";" -1,5624300"
"201900025486";"1";"5";"2019";"02:15";"5";"64";"64122";"2";"1";"1";"3";"VERDUN (AVENUE DE)";"43,4818400";" -1,5538700"
"201900025487";"29";"4";"2019";"00:15";"5";"64";"64122";"2";"1";"1";"7";"LONDRES (AVENUE DE)";"43,4786700";" -1,5644200"
"201900025488";"27";"5";"2019";"17:35";"1";"64";"64102";"2";"1";"2";"6";"HENRI DE NAVARRE (AVENUE)";"43,4969436";" -1,4503217"
"201900025489";"27";"5";"2019";"08:40";"1";"64";"64024";"2";"6";"8";"3";"ELISE CESTAC (ROND POINT)";"43,4946100";" -1,5279300"
"201900025490";"23";"5";"2019";"16:10";"1";"64";"64102";"2";"1";"1";"6";"MARHUM (AVENUE DE)";"43,4906700";" -1,4865700"
"201900025491";"23";"5";"2019";"07:50";"1";"64";"64140";"2";"3";"1";"3";"LASSALLE (RUE GEORGES)";"43,5323143";" -1,4892154"
"201900025492";"22";"5";"2019";"19:10";"1";"64";"64102";"2";"3";"1";"6";"BREUER MARCEL (AVENUE)";"43,5032560";" -1,4515910"
"201900025493";"18";"5";"2019";"02:45";"5";"64";"64024";"2";"1";"3";"7";"BAYONNE (AVENUE DE)";"43,4805301";" -1,5145428"
"201900025494";"15";"5";"2019";"11:50";"1";"64";"64024";"2";"1";"1";"6";"MOULIN BARBOT (RUE DU)";"43,5005100";" -1,5345900"
"201900025495";"13";"5";"2019";"10:10";"1";"64";"64024";"2";"1";"1";"3";"BIARRITZ (AVENUE DE)";"43,4802600";" -1,5235700"
"201900025496";"9";"5";"2019";"23:00";"5";"64";"64102";"2";"1";"2";"7";"AVENUE MARECHAL SOULT ";"43,4834649";" -1,5015713"
"201900025497";"8";"5";"2019";"21:00";"2";"64";"64102";"2";"1";"1";"2";"URSUYA (AVENUE DE L')";"43,4788000";" -1,4967500"
"201900025498";"5";"5";"2019";"20:45";"1";"64";"64102";"2";"1";"1";"2";"DELVAILLE (AVENUE DU DOCTEUR CAMILLE)";"43,5029300";" -1,4826000"
"201900025499";"5";"5";"2019";"19:45";"1";"64";"64102";"1";"1";"1";"5";"HENRI DE NAVARRE (AVENUE)";"43,4936694";" -1,4530132"
"201900025500";"4";"5";"2019";"15:40";"1";"64";"64024";"2";"1";"1";"6";"EUGENE BERNAIN (AVENUE)";"43,4835900";" -1,5111300"
"201900025501";"2";"5";"2019";"18:50";"1";"64";"64102";"2";"1";"1";"7";"SOULT (AVENUE MARECHAL)";"43,4868558";" -1,4867110"
"201900025502";"2";"5";"2019";"14:40";"1";"64";"64102";"2";"1";"1";"6";"ALLEES MARINES (AVENUE DES)";"43,4962663";" -1,4815740"
"201900025503";"30";"4";"2019";"08:00";"1";"64";"64102";"1";"6";"1";"3";"MAIGNON (GIRATOIRE DE)";"43,4660106";" -1,4946600"
"201900025504";"26";"4";"2019";"09:26";"1";"64";"64102";"2";"1";"1";"4";"HENRI DE NAVARRE (AVENUE)";"43,4982839";" -1,4482618"
"201900025505";"11";"5";"2019";"21:45";"5";"63";"63300";"2";"2";"2";"3";"RD6-Libération/ chapsal";"45,8869100";"3,1142700"
"201900025506";"21";"5";"2019";"18:00";"1";"63";"63113";"2";"1";"1";"6";"POCHET LAGAYE (BD PAUL)";"45,7632100";"3,0997100"
"201900025507";"15";"5";"2019";"12:05";"1";"63";"63113";"2";"1";"1";"3";"LEMOY (RUE ROBERT)";"45,8170100";"3,1102200"
"201900025508";"14";"5";"2019";"17:10";"1";"63";"63113";"2";"1";"1";"2";"LAFAYETTE (BD)";"45,7731000";"3,0957000"
"201900025509";"6";"5";"2019";"04:52";"2";"63";"63113";"2";"1";"1";"3";"BLERIOT (AVENUE LOUIS)";"45,7804500";"3,1314700"
"201900025510";"30";"4";"2019";"16:00";"1";"62";"62765";"2";"2";"1";"3";"ARRAS (RUE D'........)";"50,7443300";"2,2596700"
"201900025511";"22";"5";"2019";"13:50";"1";"62";"62617";"2";"1";"1";"6";"BLUM (RUE LEON)";"50,4781450";"2,6752250"
"201900025512";"30";"4";"2019";"18:45";"1";"62";"62133";"2";"1";"1";"6";"ZOLA (R EMILE)";"50,4162500";"2,9111000"
"201900025513";"2";"5";"2019";"14:00";"1";"62";"62498";"2";"3";"1";"3";"SCHUMANN (R ROBERT)";"50,4431600";"2,8271500"
"201900025514";"2";"3";"2019";"17:30";"1";"62";"62427";"2";"1";"1";"6";"ROBIAUD (R PHILIBERT)";"50,4186300";"2,9652000"
"201900025515";"29";"3";"2019";"09:20";"1";"62";"62065";"2";"1";"1";"3";"PERI (GABRIEL BD)";"50,4100800";"2,2899800"
"201900025516";"28";"5";"2019";"19:40";"1";"62";"62193";"2";"2";"1";"3";"COLMAR (RUE DE)";"50,9459200";"1,8791600"
"201900025517";"25";"5";"2019";"09:45";"1";"62";"62193";"2";"1";"1";"6";"DE LATTRE DE TASSIGNY";"50,9627800";"1,8387000"
"201900025518";"18";"5";"2019";"13:10";"1";"62";"62193";"2";"1";"1";"4";"LAFAYETTE (BOULEVARD)";"50,9500000";"1,8500000"
"201900025519";"10";"5";"2019";"17:25";"1";"62";"62193";"2";"2";"1";"3";"TURPIN (RUE ER.)";"50,9484300";"1,8272800"
"201900025520";"9";"5";"2019";"16:05";"1";"62";"62193";"2";"1";"1";"6";"SOUPIRANTS (RUE DES)";"50,9490200";"1,8464100"
"201900025521";"6";"5";"2019";"11:15";"1";"62";"62239";"1";"9";"1";"1";"D215";"50,9143800";"1,7883900"
"201900025522";"7";"5";"2019";"12:25";"1";"62";"62193";"2";"9";"1";"1";"ST EXUPERY (AVENUE)";"50,9464200";"1,8999200"
"201900025523";"5";"5";"2019";"09:45";"1";"62";"62193";"2";"9";"1";"3";"ROYALE";"50,9600000";"1,8500000"
"201900025524";"2";"5";"2019";"17:10";"1";"62";"62178";"2";"3";"2";"3";"WALLART ( RENE )";"50,4890900";"2,5563900"
"201900025525";"1";"5";"2019";"09:45";"1";"62";"62642";"1";"1";"1";"7";"DELADIENNEE (RUE ALPHONSE)";"50,4500400";"2,4708700"
"201900025526";"30";"4";"2019";"13:50";"1";"62";"62758";"2";"1";"1";"2";"CALAIS ( Route de )";"50,7367074";"1,6222478"
"201900025527";"27";"5";"2019";"17:25";"1";"62";"62041";"2";"1";"1";"6";"HIPPODROME ( AVENUE DE L' )";"50,2920000";"2,7540000"
"201900025528";"8";"5";"2019";"02:05";"5";"62";"62753";"2";"1";"2";"1";"DROITS DE L'HOMME ( AVENUE DES )";"50,2849570";"2,8039810"
"201900025529";"23";"5";"2019";"07:50";"1";"61";"61218";"2";"3";"1";"3";"LES MEDICINALES (LIEU-DIT)";"48,7415200";" -0,6043100"
"201900025530";"3";"5";"2019";"13:45";"1";"61";"61006";"1";"1";"8";"2";"ROCADE ";"48,7380900";" -0,0389500"
"201900025531";"16";"5";"2019";"09:30";"1";"60";"60175";"2";"1";"7";"6";"PAUQUET (RUE HENRI)";"49,2657400";"2,4760900"
"201900025532";"15";"5";"2019";"19:35";"1";"60";"60414";"2";"1";"1";"6";"COLONEL FABIEN (RUE DU)_NORD";"49,2610400";"2,4325900"
"201900025533";"30";"4";"2019";"18:24";"1";"60";"60463";"2";"1";"1";"6";"GAMBETTA (RUE)";"49,2731500";"2,4680500"
"201900025534";"29";"5";"2019";"13:45";"1";"60";"60665";"1";"1";"1";"6";"EUROPE (AVENUE DE L')";"49,4080400";"2,7818500"
"201900025535";"23";"5";"2019";"16:25";"1";"60";"60159";"2";"1";"1";"6";"BURY-SAINT-EDMUNDS (AV. DE)";"49,4016190";"2,7971300"
"201900025536";"20";"5";"2019";"08:50";"1";"60";"60159";"1";"1";"1";"5";"Départementale 1131";"49,3927600";"2,8013100"
"201900025537";"13";"5";"2019";"17:30";"1";"60";"60057";"1";"2";"1";"3";"GENERAL KOENIG (RUE DU)";"49,4340700";"2,0519300"
"201900025538";"5";"5";"2019";"06:20";"5";"60";"60057";"2";"1";"1";"6";"ARAGO (RUE)";"49,4124500";"2,1183000"
"201900025539";"19";"4";"2019";"17:30";"1";"59";"59606";"2";"6";"1";"3";"POTERNE (PLACE)";"50,3613800";"3,5312800"
"201900025540";"28";"5";"2019";"17:30";"1";"59";"59279";"2";"1";"1";"6";"BLUM (RUE LEON)";"50,7819983";"3,1166035"
"201900025541";"25";"5";"2019";"11:45";"1";"59";"59152";"2";"1";"1";"3";"WERWICQ (RUE DE)";"50,7680281";"3,0345578"
"201900025542";"24";"5";"2019";"19:50";"1";"59";"59599";"2";"7";"1";"6";"FOCH (PLACE MARECHAL)";"50,7148160";"3,1491790"
"201900025543";"16";"5";"2019";"17:40";"1";"59";"59279";"2";"3";"1";"2";"LYS (RUE DE LA)";"50,7800000";"3,1000000"
"201900025544";"20";"5";"2019";"16:15";"1";"59";"59599";"2";"1";"1";"6";"LECLERC (RUE DU MARECHAL)";"50,7226000";"3,1596000"
"201900025545";"8";"5";"2019";"18:30";"1";"59";"59508";"2";"9";"1";"3";"HALLUIN (BOULEVARD D')";"50,7497300";"3,1317900"
"201900025546";"8";"5";"2019";"09:40";"1";"59";"59599";"2";"2";"2";"3";"SASSELANGE (RUE EDOUARD)";"50,7175000";"3,1568400"
"201900025547";"2";"5";"2019";"11:50";"1";"59";"59279";"1";"9";"2";"3";"RD 191";"50,7667500";"3,1163700"
"201900025548";"29";"4";"2019";"13:10";"1";"59";"59599";"2";"1";"1";"3";"ROUGE (RUE DE LA CROIX)";"50,7286000";"3,1765000"
"201900025549";"21";"5";"2019";"17:10";"1";"59";"59163";"2";"1";"1";"6";"GARE (RUE DE LA)";"50,7007297";"3,1415958"
"201900025550";"25";"5";"2019";"00:45";"5";"59";"59512";"2";"2";"1";"3";"DUNKERQUE (QUAI DE)";"50,7054800";"3,1703500"
"201900025551";"22";"5";"2019";"18:00";"1";"59";"59512";"2";"3";"1";"3";"LILLE ( RUE DE)";"50,6877600";"3,1742700"
"201900025552";"19";"5";"2019";"23:35";"5";"59";"59646";"2";"1";"1";"3";"FLANDRE (AVENUE DE)";"50,6640900";"3,1259800"
"201900025553";"13";"5";"2019";"17:48";"1";"59";"59512";"2";"1";"1";"6";"TRENTE  (RUE DES)";"50,6829900";"3,1867900"
"201900025554";"27";"5";"2019";"15:45";"1";"59";"59392";"2";"6";"1";"2";"EUROPE (BOULEVARD DE L')";"50,2791000";"3,9648000"
"201900025555";"11";"5";"2019";"20:10";"1";"59";"59324";"2";"1";"1";"3";"LEO LAGRANGE (RUE)";"50,2920091";"4,0989143"
"201900025556";"10";"4";"2019";"20:50";"2";"59";"59350";"2";"1";"1";"6";"MOLINEL RUE DU";"50,6317800";"3,0621400"
"201900025557";"23";"5";"2019";"17:05";"1";"59";"59328";"2";"9";"1";"3";"BONTE AUGUSTE RUE";"50,6453100";"3,0238600"
"201900025558";"1";"11";"2019";"12:15";"1";"26";"26338";"1";"1";"1";"1";"D128";"44,5770040";"4,8401660"
"201900025559";"31";"10";"2019";"15:00";"1";"83";"83015";"1";"1";"2";"1";"N/A";"43,7202880";"6,1900680"
"201900025560";"14";"11";"2019";"16:20";"1";"40";"40126";"2";"6";"1";"6";"Route de Dax";"43,7017960";" -0,9273310"
"201900025561";"14";"11";"2019";"17:45";"3";"27";"27174";"1";"1";"1";"6";"D675";"49,3484530";"0,5656900"
"201900025562";"15";"11";"2019";"11:05";"1";"27";"27138";"1";"1";"3";"5";"D33";"48,9942220";"0,5324520"
"201900025563";"14";"11";"2019";"12:00";"1";"31";"31395";"2";"3";"1";"3";"155 Route d'Eaunes D12 - D12a";"43,4486920";"1,3365160"
"201900025564";"15";"11";"2019";"09:25";"1";"1";"01451";"1";"1";"7";"2";"A40";"46,2390204";"5,2743546"
"201900025565";"14";"11";"2019";"16:00";"1";"79";"79127";"1";"1";"4";"4";"N/A";"46,1820900";" -0,4988380"
"201900025566";"8";"11";"2019";"18:00";"2";"13";"13001";"1";"1";"1";"2";"130 Avenue du Club Hippique";"43,5153290";"5,4344270"
"201900025567";"14";"11";"2019";"15:25";"1";"57";"57320";"1";"1";"1";"3";"Hertzing";"48,6865760";"6,9577110"
"201900025568";"14";"11";"2019";"07:27";"3";"22";"22155";"1";"1";"9";"7";"D700 - pk014.0500";"48,2422270";" -2,7700510"
"201900025569";"14";"11";"2019";"10:00";"1";"45";"45008";"1";"1";"8";"6";"A10 Péage d'Artenay";"48,0840366";"1,8557140"
"201900025570";"16";"11";"2019";"00:45";"3";"988";"98821";"2";"1";"1";"1";"V.E.2";" -22,1291500";"166,3358700"
"201900025571";"13";"11";"2019";"17:30";"2";"976";"97608";"2";"1";"1";"1";"Route des Badamiers";" -12,7856140";"45,2768100"
"201900025572";"1";"11";"2019";"05:35";"3";"971";"97118";"1";"1";"1";"6";"ZI Colin";"16,1971570";" -61,6382990"
"201900025573";"14";"11";"2019";"22:50";"3";"33";"33203";"1";"1";"2";"6";"Les Landes de Vignoles";"45,2095100";" -1,0382800"
"201900025574";"14";"11";"2019";"20:46";"5";"95";"95409";"1";"1";"1";"6";"D301";"49,0408230";"2,3429260"
"201900025575";"14";"11";"2019";"18:45";"5";"91";"91659";"2";"6";"8";"5";"Rue des Petits Champs";"48,5917950";"2,4398780"
"201900025576";"15";"11";"2019";"17:00";"3";"11";"11195";"1";"2";"2";"3";"Route Departementale 623";"43,2639340";"1,9943390"
"201900025577";"30";"9";"2019";"06:35";"2";"6";"06122";"1";"1";"1";"7";"Ancienne Route Route de Vence";"43,7425300";"7,1389430"
"201900025578";"15";"11";"2019";"16:20";"1";"13";"13067";"1";"1";"1";"1";"DN7";"43,7727390";"5,0563790"
"201900025579";"15";"11";"2019";"06:00";"3";"68";"68132";"1";"1";"2";"7";"RD 21 PK 20+300";"47,6118530";"7,4274630"
"201900025580";"14";"11";"2019";"08:00";"1";"67";"67067";"2";"1";"1";"3";"4 Place Victor Fischer";"48,7305670";"7,7118040"
"201900025581";"13";"11";"2019";"19:35";"5";"67";"67348";"2";"6";"1";"6";"D422";"48,4599100";"7,4928980"
"201900025582";"14";"11";"2019";"10:00";"1";"73";"73284";"1";"1";"8";"7";"D90d";"45,4625980";"6,5504270"
"201900025583";"26";"10";"2019";"18:40";"2";"17";"17421";"1";"9";"1";"2";" RN 150";"45,6788280";" -0,9315480"
"201900025584";"7";"11";"2019";"16:20";"1";"33";"33268";"2";"3";"2";"1";"Route d'Issan (Cantenac)";"45,0341100";" -0,6786400"
"201900025585";"12";"11";"2019";"11:15";"1";"33";"33312";"1";"1";"2";"6";"Rue des Palus";"44,9459060";" -0,5819340"
"201900025586";"15";"11";"2019";"12:32";"1";"29";"29179";"1";"1";"2";"1";"D770";"48,4994450";" -4,2991200"
"201900025587";"15";"11";"2019";"06:55";"5";"60";"60575";"2";"1";"2";"1";"Route Nationale 1";"49,2872860";"2,2015840"
"201900025588";"10";"11";"2019";"05:35";"3";"13";"13088";"1";"1";"2";"7";"A55-Sens Marseille vers Martigues";"43,3836170";"5,2303990"
"201900025589";"12";"11";"2019";"18:15";"3";"83";"83144";"1";"1";"1";"6";"A57";"43,1334900";"5,9847600"
"201900025590";"9";"11";"2019";"16:05";"1";"67";"67365";"1";"1";"1";"4";"Autoroute A.35";"48,5360000";"7,7070000"
"201900025591";"10";"11";"2019";"04:55";"3";"67";"67482";"1";"1";"1";"3";"Autoroute A.35";"48,5643900";"7,7330000"
"201900025592";"14";"11";"2019";"11:15";"1";"91";"91182";"1";"1";"1";"2";"RN 104";"48,6317650";"2,4067290"
"201900025593";"14";"11";"2019";"10:25";"1";"77";"77495";"1";"1";"1";"6";"A105 (EX A5A)";"48,5900400";"2,6368800"
"201900025594";"14";"11";"2019";"08:00";"1";"94";"94021";"1";"1";"1";"6";"AUTOROUTE A6B";"48,7677600";"2,3445700"
"201900025595";"14";"11";"2019";"14:44";"1";"78";"78126";"1";"1";"1";"5";"A13";"48,8356500";"2,1301120"
"201900025596";"13";"11";"2019";"22:25";"5";"92";"92026";"1";"9";"1";"3";"RN1014 Y";"48,8890994";"2,2471571"
"201900025597";"13";"11";"2019";"08:55";"1";"93";"93005";"1";"1";"1";"4";"AUTOROUTE A3";"48,9525600";"2,4738100"
"201900025598";"12";"11";"2019";"07:30";"3";"93";"93010";"1";"1";"1";"2";"AUTOROUTE A3";"48,9090100";"2,4740700"
"201900025599";"14";"11";"2019";"17:00";"1";"94";"94033";"1";"1";"1";"2";"A86.INT";"48,8494600";"2,4906000"
"201900025600";"14";"11";"2019";"09:15";"1";"77";"77294";"1";"1";"8";"6";"A104";"48,9730000";"2,5911600"
"201900025601";"13";"11";"2019";"20:15";"5";"94";"94018";"1";"1";"1";"6";"A4";"48,8127000";"2,4085000"
"201900025602";"12";"11";"2019";"17:40";"2";"63";"63075";"2";"7";"2";"6";"CLAUDE WOLFF (Place)";"45,7757100";"3,0677600"
"201900025603";"7";"7";"2019";"15:20";"1";"59";"59014";"2";"1";"1";"6";"CARLIER (COUR) - 99 RUE W ROUSSEAU";"50,3738000";"3,5085500"
"201900025604";"9";"7";"2019";"11:00";"1";"59";"59014";"2";"1";"1";"6";"THIETARD (RUE GUSTAVE)";"50,3670900";"3,5022400"
"201900025605";"12";"11";"2019";"14:30";"1";"51";"51454";"2";"1";"1";"3";"ALLEE VIGNOBLE";"49,2222007";"4,0141454"
"201900025606";"8";"11";"2019";"13:30";"1";"22";"22360";"1";"1";"2";"7";"RN12";"48,4834208";" -2,7002635"
"201900025607";"11";"11";"2019";"10:35";"1";"13";"13206";"2";"1";"2";"2";"BAILLE (BOULEVARD)";"43,2863900";"5,3853200"
"201900025608";"12";"11";"2019";"11:45";"1";"94";"94059";"2";"1";"1";"2";"ARDOUIN (AV)";"48,8079000";"2,5752100"
"201900025609";"12";"9";"2019";"17:40";"1";"5";"05171";"1";"3";"1";"3";"D900b";"44,4637540";"6,1909720"
"201900025610";"24";"8";"2019";"14:50";"1";"5";"05151";"1";"1";"1";"7";"Chemin vicinal de Ratière";"44,8654307";"6,5820631"
"201900025611";"12";"11";"2019";"23:30";"3";"93";"93005";"1";"9";"2";"3";"AUTOROUTE A3";"48,9573200";"2,4733600"
"201900025612";"13";"11";"2019";"10:20";"1";"988";"98818";"2";"1";"1";"6";"LAROQUE (PROMENADE ROGER)";" -22,3074400";"166,4482800"
"201900025613";"13";"11";"2019";"08:15";"1";"974";"97411";"2";"3";"1";"3";"GAULLE (DU GENERAL DE)";" -20,8851200";"55,4626700"
"201900025614";"12";"11";"2019";"20:05";"3";"974";"97411";"2";"1";"1";"6";"GARROS (ROLAND)";" -20,8815800";"55,4555300"
"201900025615";"14";"11";"2019";"02:00";"5";"69";"69387";"2";"1";"1";"6";"PARC DE L'ARTILLERIE (DU)           (BD)";"45,7282000";"4,8453500"
"201900025616";"13";"11";"2019";"16:35";"1";"69";"69387";"2";"2";"8";"3";"GARIBALDI                           (R )";"45,7482500";"4,8523400"
"201900025617";"13";"11";"2019";"09:45";"1";"69";"69387";"2";"2";"1";"3";"GARIBALDI                           (R )";"45,7490900";"4,8534800"
"201900025618";"9";"10";"2019";"00:00";"5";"69";"69034";"2";"1";"1";"2";"BELLEVUE (TUNNEL) - (QU BELLEVUE COU(XX)";"45,7877600";"4,8604400"
"201900025619";"13";"11";"2019";"16:00";"1";"69";"69286";"2";"3";"1";"2";"ROUTE DU MAS RILLIER                (RO)";"45,8230000";"4,9000000"
"201900025620";"13";"11";"2019";"18:56";"5";"69";"69389";"2";"2";"1";"3";"MARIETTON                           (R )";"45,7759000";"4,8008600"
"201900025621";"12";"11";"2019";"12:00";"1";"69";"69384";"2";"1";"1";"2";"HERBOUVILLE (D')                    (CO)";"45,7782000";"4,8409000"
"201900025622";"13";"11";"2019";"09:20";"1";"69";"69389";"2";"1";"1";"6";"VAISE (GRANDE RUE DE)               (GR)";"45,7748700";"4,8062200"
"201900025623";"12";"11";"2019";"17:55";"5";"2B";"2B037";"2";"1";"1";"4";"TOUTES RUES";"42,6229900";"9,4369300"
"201900025624";"12";"11";"2019";"08:40";"1";"91";"91477";"2";"1";"1";"7";"BLAISE PASCAL (RUE)";"48,7082100";"2,2425230"
"201900025625";"12";"11";"2019";"21:20";"5";"91";"91114";"2";"1";"1";"4";"ROUTE NATIONALE 6";"48,6853300";"2,4878800"
"201900025626";"13";"11";"2019";"14:15";"1";"91";"91027";"2";"1";"1";"6";"MORANGIS (AVENUE DE)";"48,7058100";"2,3696300"
"201900025627";"9";"11";"2019";"17:05";"1";"89";"89387";"2";"1";"1";"3";"rue la fontaine";"48,1950550";"3,3094420"
"201900025628";"10";"11";"2019";"12:00";"2";"86";"86194";"1";"1";"1";"6";"RN 147 BUXEROLLES";"46,6176289";"0,3601915"
"201900025629";"11";"11";"2019";"01:45";"5";"80";"80489";"2";"1";"1";"2";"CAMON (RUE DE )";"49,8748800";"2,3487300"
"201900025630";"9";"11";"2019";"02:30";"5";"80";"80021";"2";"1";"2";"6";"DON (PLACE DU)";"49,8960300";"2,3037300"
"201900025631";"12";"11";"2019";"07:20";"1";"77";"77186";"1";"1";"1";"2";"D142 (RONTE RONDE)";"48,4772600";"2,6671300"
"201900025632";"13";"11";"2019";"08:20";"1";"74";"74298";"2";"1";"7";"3";"TANINGES (ROUTE DE )";"46,1863000";"6,2738900"
"201900025633";"13";"11";"2019";"08:55";"1";"74";"74118";"1";"1";"1";"4";"18 AOUT (RUE DU)";"46,1668200";"6,1964300"
"201900025634";"9";"11";"2019";"18:40";"5";"72";"72181";"2";"9";"2";"3";"LOUIS BLANC (QUAI)";"48,0094100";"0,1954000"
"201900025635";"9";"11";"2019";"18:30";"5";"72";"72181";"2";"1";"2";"6";"EDISON THOMAS (RUE)";"48,0250000";"0,1793600"
"201900025636";"12";"11";"2019";"19:10";"5";"71";"71076";"2";"1";"1";"6";"SABATIER (RUE PAUL)";"46,8123700";"4,8562000"
"201900025637";"10";"11";"2019";"16:35";"1";"71";"71269";"1";"1";"2";"7";"RD673";"46,7586000";"4,8433600"
"201900025638";"12";"11";"2019";"16:15";"1";"69";"69266";"2";"9";"1";"6";"GENAS    (Route de)";"45,7502000";"4,9115700"
"201900025639";"13";"11";"2019";"11:00";"1";"69";"69264";"2";"6";"1";"3";"GANTILLON  R";"45,9954200";"4,7207300"
"201900025640";"12";"11";"2019";"22:10";"4";"67";"67267";"2";"1";"1";"6";"MARECHAL FOCH (RUE DU)";"48,5545200";"7,6775400"
"201900025641";"8";"11";"2019";"16:25";"2";"67";"67482";"2";"1";"2";"3";"COLMAR (AVENUE DE)";"48,5490170";"7,7415530"
"201900025642";"8";"11";"2019";"08:35";"1";"67";"67482";"2";"1";"1";"3";"ALFRED KASTLER (RUE)";"48,5715800";"7,7701500"
"201900025643";"13";"11";"2019";"18:40";"5";"64";"64445";"2";"1";"1";"7";"VIARD";"43,3037200";" -0,3737100"
"201900025644";"11";"11";"2019";"15:38";"1";"64";"64348";"2";"1";"2";"2";"CHARLES DE GAULLE";"43,3163100";" -0,4223400"
"201900025645";"13";"11";"2019";"12:40";"1";"64";"64024";"2";"9";"2";"3";"BARTHES (RUE DES)";"43,4837600";" -1,5067900"
"201900025646";"12";"11";"2019";"12:15";"1";"62";"62193";"2";"1";"1";"2";"LAFAYETTE (BOULEVARD)";"50,9466300";"1,8578300"
"201900025647";"13";"11";"2019";"12:05";"1";"62";"62041";"2";"3";"1";"6";"AMIENS ( D ' )";"50,2904800";"2,7634000"
"201900025648";"12";"11";"2019";"09:14";"1";"59";"59378";"2";"1";"8";"6";"FOCH AVENUE N°2-130";"50,6755000";"3,0928700"
"201900025649";"13";"11";"2019";"07:25";"2";"59";"59350";"2";"7";"1";"6";"TERRE PLACE MONT DE";"50,6227900";"3,0910700"
"201900025650";"8";"11";"2019";"20:10";"5";"59";"59008";"2";"6";"1";"2";"PAUL VAILLANT COUTURIER (BOULEVARD)";"50,3296600";"3,2434800"
"201900025651";"7";"11";"2019";"10:15";"1";"58";"58194";"2";"1";"1";"6";"LOURDES";"46,9916000";"3,1532000"
"201900025652";"12";"11";"2019";"18:40";"2";"56";"56121";"2";"1";"1";"6";"RADE ( BD DE LA )";"47,7401500";" -3,3572700"
"201900025653";"12";"11";"2019";"13:10";"1";"56";"56121";"2";"1";"1";"6";"NORMANDIE ( BD ET IMP DE )";"47,7580700";" -3,3712300"
"201900025654";"13";"11";"2019";"17:35";"4";"54";"54547";"2";"1";"2";"7";"PERI (RUE GABRIEL)";"48,6646900";"6,1746000"
"201900025655";"2";"11";"2019";"18:40";"1";"52";"52448";"2";"3";"3";"6";"BLUM (RUE LEON)";"48,6422500";"4,9689000"
"201900025656";"12";"11";"2019";"11:25";"1";"50";"50129";"2";"6";"1";"6";"SCHUMAN (BOULEVARD ROBERT)";"49,6359900";" -1,6257300"
"201900025657";"10";"11";"2019";"12:20";"1";"50";"50129";"2";"3";"1";"2";"PARIS (AVENUE DE)";"49,6278990";" -1,6179870"
"201900025658";"10";"11";"2019";"22:30";"4";"49";"49007";"2";"1";"1";"5";"NOZAY RUE";"47,4875100";" -0,5360800"
"201900025659";"9";"11";"2019";"09:00";"2";"47";"47032";"2";"1";"1";"3";"ALBERT CAMUS (avenue)";"44,1885700";"0,6602700"
"201900025660";"13";"11";"2019";"15:15";"1";"38";"38185";"2";"1";"1";"6";"BOULEVARD MARÉCHAL JOFFRE";"45,1830100";"5,7295000"
"201900025661";"13";"11";"2019";"09:20";"1";"38";"38053";"1";"1";"1";"2";"ST MARCEL BEL ACCUEIL (ROUTE DE)";"45,6221400";"5,2637800"
"201900025662";"13";"11";"2019";"07:45";"1";"37";"37122";"2";"1";"1";"7";"BERGEONNERIE (RUE DE LA)";"47,3606700";"0,6897500"
"201900025663";"13";"11";"2019";"12:45";"1";"34";"34172";"2";"2";"7";"6";"MENDE (ROUTE DE)";"43,6268000";"3,8697900"
"201900025664";"25";"10";"2019";"12:10";"1";"33";"33063";"2";"2";"1";"6";"CRS D'ALBRET";"44,8385300";" -0,5817400"
"201900025665";"3";"11";"2019";"06:45";"5";"33";"33063";"2";"1";"3";"6";"BD JOLIOT-CURIE";"44,8347800";" -0,5517000"