"Num_Acc";"jour";"mois";"an";"hrmn";"lum";"dep";"com";"agg";"int";"atm";"col";"adr";"lat";"long"
"201900025666";"12";"11";"2019";"12:18";"1";"33";"33318";"2";"6";"2";"2";"AVE ANTOINE BECQUEREL";"44,7855100";" -0,6434900"
"201900025667";"12";"11";"2019";"09:30";"1";"33";"33318";"2";"9";"8";"1";"RUE PAULIN DE NOLE";"44,7930900";" -0,6146900"
"201900025668";"12";"11";"2019";"08:50";"1";"33";"33318";"2";"6";"1";"6";"AVE ROGER CHAUMET";"44,8001000";" -0,6377500"
"201900025669";"2";"11";"2019";"20:20";"5";"33";"33063";"2";"2";"2";"3";"BD DU PRESIDENT WILSON";"44,8419700";" -0,5993700"
"201900025670";"12";"11";"2019";"16:30";"1";"33";"33529";"1";"1";"1";"4";"RD1250 (BONNEVAL - LA HUME) - Z.A.";"44,6442400";" -1,1579200"
"201900025671";"12";"11";"2019";"17:20";"2";"31";"31555";"2";"1";"2";"3";"AV JULES JULIEN";"43,5760600";"1,4511500"
"201900025672";"13";"11";"2019";"03:45";"3";"31";"31555";"1";"1";"2";"2";"VA007331 A620";"43,5741000";"1,4392000"
"201900025673";"12";"11";"2019";"15:40";"1";"31";"31555";"1";"1";"2";"4";"RUE DU POLE";"43,6477400";"1,4216300"
"201900025674";"13";"11";"2019";"14:30";"1";"30";"30028";"2";"3";"1";"1";"AVIGNON (ROUTE D')";"44,1532870";"4,6452520"
"201900025675";"13";"11";"2019";"06:55";"5";"29";"29232";"2";"1";"9";"7";"TOURELLE RUE DE LA";"47,9887848";" -4,0991745"
"201900025676";"12";"11";"2019";"14:50";"1";"29";"29019";"2";"2";"1";"1";"AIGUILLON (DE 1 A 37 ET 2 A 46)";"48,3863800";" -4,4898800"
"201900025677";"13";"11";"2019";"13:38";"1";"28";"28220";"2";"1";"1";"6";"LIBERTE (RUE DE LA)";"48,4269700";"1,4711000"
"201900025678";"13";"11";"2019";"07:25";"2";"25";"25462";"2";"1";"9";"6";"BAUDELAIRE";"46,9180130";"6,3442130"
"201900025679";"12";"11";"2019";"15:40";"1";"19";"19031";"2";"1";"1";"2";"RIVET (AVENUE JEAN CHARLES)";"45,1505919";"1,4981851"
"201900025680";"13";"11";"2019";"07:45";"2";"17";"17415";"2";"6";"8";"3";"GENET 2 A 64 COURS";"45,7488500";" -0,6591500"
"201900025681";"13";"11";"2019";"19:55";"5";"17";"17300";"2";"6";"2";"2";"MONNET   AVENUE JEAN";"46,1431700";" -1,1533200"
"201900025682";"12";"11";"2019";"11:25";"1";"14";"14304";"1";"1";"4";"2";"CD  579";"49,3756300";"0,2336300"
"201900025683";"14";"11";"2019";"00:05";"5";"13";"13214";"2";"1";"1";"2";"DANIEL CASANOVA (BOULEVARD)";"43,3295015";"5,3759784"
"201900025684";"13";"11";"2019";"19:45";"5";"13";"13209";"2";"1";"1";"3";"SAINTE MARGUERITE (BOULEVARD)";"43,2666200";"5,4082000"
"201900025685";"13";"11";"2019";"19:20";"5";"13";"13201";"2";"1";"1";"6";"VOLTAIRE    PAIRS (BOULEVARD)";"43,3023600";"5,3840200"
"201900025686";"13";"11";"2019";"15:30";"1";"13";"13208";"2";"3";"1";"1";"MONTREDON (AVENUE DE)";"43,2349800";"5,3602700"
"201900025687";"4";"11";"2019";"13:30";"1";"13";"13216";"2";"1";"1";"3";"GRAWITZ (Bd)";"43,3538310";"5,3420030"
"201900025688";"11";"11";"2019";"02:15";"3";"13";"13001";"1";"1";"8";"7";"PETIT MOULIN (RTE DU)";"43,5164240";"5,3158710"
"201900025689";"13";"11";"2019";"09:00";"1";"13";"13001";"2";"1";"1";"6";"CLUB HIPPIQUE (AV)";"43,5123400";"5,4262000"
"201900025690";"13";"11";"2019";"18:48";"5";"10";"10387";"2";"1";"1";"1";"GENERAL LECLERC (RUE DU)";"48,3083000";"4,0506000"
"201900025691";"12";"11";"2019";"19:15";"4";"10";"10387";"2";"2";"8";"3";"ANATOLE FRANCE (RUE)";"48,2819000";"4,0704000"
"201900025692";"12";"11";"2019";"17:55";"3";"10";"10325";"1";"1";"8";"2";"ROCADE OUEST (RD 610)";"48,2679722";"4,0562632"
"201900025693";"13";"11";"2019";"16:40";"1";"7";"07019";"2";"1";"1";"3";"BOUCHE ROUGE (RUE DE LA)";"44,6159200";"4,4044400"
"201900025694";"13";"11";"2019";"17:07";"5";"6";"06088";"2";"1";"1";"6";"TURIN (RTE DE)";"43,7178300";"7,2846900"
"201900025695";"12";"11";"2019";"08:30";"1";"5";"05023";"2";"1";"1";"7";"CHABAS (ROUTE DU)";"44,9054670";"6,6240550"
"201900025696";"13";"11";"2019";"08:05";"1";"3";"03101";"2";"1";"9";"6";"rue de la République";"46,3468334";"2,5464997"
"201900025697";"12";"11";"2019";"18:10";"4";"75";"75117";"2";"4";"2";"6";"BD PERIPHERIQUE EXTERIEUR";"48,8806966";"2,2818758"
"201900025698";"11";"11";"2019";"17:40";"2";"75";"75113";"2";"1";"1";"4";"BD PERIPHERIQUE EXTERIEUR";"48,8178660";"2,3682270"
"201900025699";"13";"11";"2019";"20:25";"5";"75";"75120";"2";"2";"1";"6";"AVENUE DE LA PORTE DE MONTREUIL";"48,8535243";"2,4107875"
"201900025700";"13";"11";"2019";"12:40";"1";"75";"75120";"2";"1";"1";"6";"RUE DES PYRENEES";"48,8739050";"2,3859429"
"201900025701";"12";"11";"2019";"23:45";"5";"75";"75119";"2";"2";"2";"6";"BOULEVARD MACDONALD";"48,8988200";"2,3762650"
"201900025702";"13";"11";"2019";"09:50";"1";"75";"75118";"2";"2";"8";"3";"RUE ORDENER";"48,8917229";"2,3487301"
"201900025703";"13";"11";"2019";"09:45";"1";"75";"75117";"2";"2";"1";"3";"AVENUE DE SAINT OUEN";"48,8955646";"2,3282861"
"201900025704";"13";"11";"2019";"09:45";"1";"75";"75117";"2";"7";"8";"3";"AVENUE DE WAGRAM";"48,8783981";"2,2984171"
"201900025705";"13";"11";"2019";"17:00";"1";"75";"75116";"2";"2";"1";"2";"AVENUE FOCH";"48,8726770";"2,2845810"
"201900025706";"13";"11";"2019";"16:00";"1";"75";"75116";"2";"1";"1";"3";"ROUTE DE SEVRES A NEUILLY";"48,8541540";"2,2373660"
"201900025707";"13";"11";"2019";"19:20";"5";"75";"75114";"2";"7";"8";"3";"AVENUE DU COLONEL HENRI ROL TANGUY";"48,8337000";"2,3319000"
"201900025708";"13";"11";"2019";"19:00";"5";"75";"75113";"2";"1";"1";"2";"BOULEVARD DU GENERAL JEAN SIMON";"48,8253300";"2,3810100"
"201900025709";"13";"11";"2019";"19:15";"5";"75";"75110";"2";"2";"1";"3";"RUE LA FAYETTE";"48,8815740";"2,3657000"
"201900025710";"13";"11";"2019";"10:30";"1";"75";"75109";"2";"3";"1";"6";"BOULEVARD HAUSSMANN";"48,8726648";"2,3353929"
"201900025711";"13";"11";"2019";"06:40";"5";"94";"94078";"2";"1";"8";"3";"PARIS (R DE)";"48,7338311";"2,4467194"
"201900025712";"12";"11";"2019";"16:05";"1";"94";"94068";"2";"3";"3";"3";"DOCTEUR ROUX (R DU)";"48,7899765";"2,4900163"
"201900025713";"13";"11";"2019";"18:15";"5";"94";"94076";"2";"9";"1";"3";"PARIS (AV DE)";"48,8038900";"2,3639100"
"201900025714";"13";"11";"2019";"14:10";"1";"94";"94076";"2";"2";"1";"1";"REPUBLIQUE (AV DE LA)";"48,7884700";"2,3617100"
"201900025715";"13";"11";"2019";"10:45";"1";"94";"94076";"2";"3";"1";"7";"MARCEL PAUL (R)";"48,8005200";"2,3562600"
"201900025716";"10";"11";"2019";"00:15";"5";"94";"94041";"2";"3";"3";"1";"JEAN COMPAGNON (QU)";"48,8207000";"2,3955000"
"201900025717";"12";"11";"2019";"17:20";"5";"94";"94028";"2";"1";"8";"3";"PASTEUR VALERY RADOT(IMPASSE ET RUE)";"48,7790000";"2,4420000"
"201900025718";"11";"11";"2019";"16:05";"1";"94";"94028";"2";"1";"8";"7";"ECHAT(RUE DE L')";"48,7996000";"2,4480000"
"201900025719";"13";"11";"2019";"13:35";"1";"94";"94071";"2";"1";"1";"6";"FONTAINES (R DES)";"48,7722000";"2,5190300"
"201900025720";"12";"11";"2019";"08:30";"1";"94";"94004";"2";"1";"2";"6";"PARIS (R DE)";"48,7507000";"2,5107000"
"201900025721";"13";"11";"2019";"17:40";"5";"93";"93006";"2";"1";"1";"3";"HOCHE RUE";"48,8698173";"2,4156409"
"201900025722";"13";"11";"2019";"08:05";"1";"93";"93057";"2";"1";"8";"6";"BRIAND ( AV. ARISTIDE) 31 A 91";"48,9092800";"2,5031300"
"201900025723";"13";"11";"2019";"15:00";"1";"93";"93005";"2";"1";"1";"6";"ALAIN MIMOUN (RUE)";"48,9582200";"2,4921300"
"201900025724";"12";"11";"2019";"07:40";"1";"92";"92064";"2";"1";"1";"6";"DAILLY";"48,8438936";"2,2204911"
"201900025725";"13";"11";"2019";"09:56";"1";"92";"92051";"2";"1";"1";"6";"BINEAU (BOULEVARD, N°133 A 217 ET 134 A";"48,8950940";"2,2659730"
"201900025726";"13";"11";"2019";"13:50";"1";"92";"92036";"2";"3";"1";"6";"GENERAL DE GAULLE (AVENUE) (PAIRS)";"48,9337837";"2,3134124"
"201900025727";"13";"11";"2019";"09:00";"1";"92";"92026";"2";"1";"1";"2";"MARECHAL JOFFRE (QUAI DU)";"48,8987021";"2,2696364"
"201900025728";"13";"11";"2019";"20:00";"5";"92";"92024";"2";"1";"1";"6";"CASTERES (RUE)";"48,8999200";"2,3030400"
"201900025729";"13";"11";"2019";"12:30";"1";"92";"92012";"2";"1";"1";"6";"ANDRE MORIZET (AVENUE) 1/47 - 2/52";"48,8343315";"2,2424152"
"201900025730";"13";"11";"2019";"08:59";"1";"47";"47048";"2";"1";"5";"1";"N21";"44,5335300";"0,6253000"
"201900025731";"14";"11";"2019";"15:40";"1";"47";"47300";"1";"3";"1";"3";"Avenue des Landes";"44,2111320";"0,4984860"
"201900025732";"9";"11";"2019";"15:00";"1";"41";"41194";"2";"1";"1";"2";"148 Avenue de Villefranche";"47,3410670";"1,7492990"
"201900025733";"14";"11";"2019";"12:30";"1";"31";"31547";"1";"2";"2";"3";"Route de Saint Lys";"43,5042760";"1,2482660"
"201900025734";"13";"11";"2019";"17:05";"1";"31";"31573";"2";"1";"1";"6";"22 Route de Toulouse";"43,6528550";"1,6427610"
"201900025735";"13";"11";"2019";"18:15";"3";"14";"14061";"1";"1";"2";"6";"D56";"48,9471790";" -0,8886020"
"201900025736";"12";"11";"2019";"20:45";"3";"17";"17407";"1";"1";"2";"1";"8 Rue de Chavagne";"46,1986810";" -1,0269080"
"201900025737";"12";"11";"2019";"06:40";"5";"83";"83067";"2";"1";"1";"6";"Route de Repenti";"43,3250470";"6,2959920"
"201900025738";"14";"11";"2019";"07:30";"3";"56";"56090";"1";"1";"8";"6";"Kergoric RD 102";"47,8957063";" -3,2383088"
"201900025739";"13";"11";"2019";"18:30";"5";"56";"56005";"2";"9";"3";"1";"Boulevard de la Résistance";"47,5465580";" -2,9014790"
"201900025740";"22";"12";"2019";"14:35";"1";"67";"67152";"1";"1";"2";"6";"Route Nationale 83";"48,5303360";"7,6932930"
"201900025741";"20";"12";"2019";"13:55";"1";"59";"59155";"1";"1";"1";"4";"AUTOROUTE A16";"51,0128881";"2,3725659"
"201900025742";"23";"12";"2019";"16:30";"1";"91";"91377";"1";"1";"1";"5";"RN20";"48,7207400";"2,2992100"
"201900025743";"23";"12";"2019";"15:10";"1";"91";"91689";"1";"1";"1";"3";"AUTOROUTE A6";"48,7307700";"2,3147800"
"201900025744";"23";"12";"2019";"14:20";"1";"91";"91689";"1";"1";"1";"2";"AUTOROUTE A6A";"48,7272420";"2,3135120"
"201900025745";"22";"12";"2019";"09:55";"1";"94";"94038";"1";"1";"1";"5";"AUTOROUTE A6A";"48,7774000";"2,3464000"
"201900025746";"23";"12";"2019";"10:08";"1";"78";"78640";"1";"1";"1";"4";"A86 INT";"48,7781500";"2,2134860"
"201900025747";"22";"12";"2019";"19:50";"3";"95";"95277";"1";"1";"2";"6";"AUTOROUTE A3";"48,9733400";"2,4860700"
"201900025748";"21";"12";"2019";"19:30";"3";"93";"93007";"1";"1";"2";"5";"AUTOROUTE A3";"48,9224300";"2,4801200"
"201900025749";"23";"12";"2019";"11:00";"1";"93";"93051";"1";"1";"1";"3";"A4";"48,8350000";"2,5747000"
"201900025750";"23";"12";"2019";"10:35";"1";"77";"77121";"1";"1";"1";"6";"A4";"48,8323010";"2,6531020"
"201900025751";"22";"12";"2019";"11:40";"3";"94";"94044";"1";"1";"1";"6";"Route nationale 186";"48,7590080";"2,4835830"
"201900025752";"21";"12";"2019";"18:40";"3";"77";"77450";"1";"1";"3";"6";"RN104";"48,7043540";"2,5970680"
"201900025753";"21";"12";"2019";"13:43";"1";"988";"98818";"2";"2";"1";"6";"RUE AUGUSTE BRUN";" -22,2762000";"166,4453000"
"201900025754";"21";"12";"2019";"03:50";"5";"988";"98818";"1";"1";"2";"6";"VE1 SENS SUD/NORD";" -22,2492900";"166,4519500"
"201900025755";"21";"12";"2019";"09:50";"1";"974";"97411";"2";"9";"1";"3";"JAURES (BOULEVARD JEAN)";" -20,8969000";"55,4754000"
"201900025756";"21";"12";"2019";"02:50";"5";"69";"69387";"2";"1";"2";"7";"GAMBETTA                            (CO)";"45,7548200";"4,8443400"
"201900025757";"21";"12";"2019";"15:55";"1";"69";"69034";"2";"1";"1";"6";"COMBATTANTS D'A.F.N. 1952-1962 (DES)(R )";"45,7985000";"4,8499900"
"201900025758";"20";"12";"2019";"21:34";"5";"69";"69382";"2";"1";"1";"6";"CELESTINS (DES)                     (QU)";"45,7600300";"4,8304800"
"201900025759";"20";"12";"2019";"17:40";"2";"91";"91421";"1";"9";"1";"5";"NATIONALE 6 (CES POMPIDOU)";"48,6920200";"2,4511700"
"201900025760";"20";"12";"2019";"17:00";"5";"88";"88413";"2";"1";"2";"6";"Rue André COLIN";"48,2935500";"6,9538500"
"201900025761";"21";"12";"2019";"15:14";"1";"78";"78586";"2";"3";"1";"3";"BERTEAUX (MAURICE) N°15 A 125";"48,9402600";"2,1670300"
"201900025762";"21";"12";"2019";"00:25";"5";"76";"76540";"2";"2";"1";"3";"BETHENCOURT. BOULEVARD JEAN DE";"49,4389407";"1,0799915"
"201900025763";"21";"12";"2019";"18:35";"5";"71";"71306";"2";"1";"2";"7";"JULES CHAGOT (QUAI)";"46,6771140";"4,3638250"
"201900025764";"20";"12";"2019";"11:15";"1";"71";"71040";"2";"1";"3";"3";"COMMUNAUTES (RUE DES )";"46,7090800";"4,3902200"
"201900025765";"19";"12";"2019";"19:10";"5";"69";"69266";"2";"2";"1";"3";"POIZAT      (Rue)";"45,7581800";"4,8932900"
"201900025766";"11";"12";"2019";"16:53";"5";"68";"68297";"2";"1";"2";"6";"STRASBOURG ( RUE DE )";"47,6189370";"7,5317420"
"201900025767";"21";"12";"2019";"18:30";"5";"64";"64102";"2";"3";"2";"3";"VAINSOT (RUE)";"43,4939389";" -1,4539612"
"201900025768";"17";"12";"2019";"19:00";"5";"61";"61169";"2";"3";"2";"6";"LOUIS TOUSSAINT (AVE)";"48,7419970";" -0,5673400"
"201900025769";"21";"12";"2019";"05:50";"2";"54";"54547";"2";"1";"1";"5";"RD 674";"48,6656000";"6,1901000"
"201900025770";"21";"12";"2019";"11:30";"1";"51";"51454";"2";"1";"1";"3";"RUE MAGELLAN";"49,2249194";"4,0323513"
"201900025771";"17";"12";"2019";"12:20";"1";"47";"47323";"1";"2";"1";"3";"ROUTE NATIONALE 21";"44,4385700";"0,7157200"
"201900025772";"21";"12";"2019";"00:20";"3";"41";"41269";"2";"1";"1";"6";"MOULIN (AV JEAN) (SECTEUR 5)";"47,8044800";"1,0478900"
"201900025773";"21";"12";"2019";"19:15";"5";"37";"37261";"2";"1";"2";"6";"EUROPE (AVENUE DE L')";"47,4225700";"0,6829800"
"201900025774";"21";"12";"2019";"06:58";"5";"37";"37122";"1";"1";"1";"2";"RD 37";"47,3408191";"0,6592988"
"201900025775";"18";"12";"2019";"20:40";"5";"37";"37261";"2";"1";"1";"3";"MAGINOT (AV. ANDRE)";"47,4175182";"0,6911945"
"201900025776";"21";"12";"2019";"01:20";"5";"37";"37261";"2";"1";"2";"1";"GIRAUDEAU (RUE)";"47,3860900";"0,6766500"
"201900025777";"20";"12";"2019";"12:15";"1";"37";"37122";"2";"1";"1";"2";"RD 37";"47,3628471";"0,6484958"
"201900025778";"21";"12";"2019";"05:47";"5";"34";"34172";"2";"1";"8";"1";"GARRATS (AVENUE DES)";"43,6136290";"3,8390670"
"201900025779";"20";"12";"2019";"11:15";"1";"34";"34172";"2";"1";"2";"1";"POITIERS (AVENUE GUILHEM DE)";"43,6366800";"3,8169900"
"201900025780";"21";"12";"2019";"15:05";"1";"33";"33522";"2";"1";"1";"1";"AVE DE THOUARS";"44,7889200";" -0,5906800"
"201900025781";"18";"12";"2019";"16:50";"5";"33";"33032";"2";"6";"1";"3";"AVE LAMARTINE";"44,9039500";" -0,5127600"
"201900025782";"18";"12";"2019";"19:40";"5";"33";"33200";"2";"1";"1";"4";"AVE PASTEUR";"44,8674800";" -0,6693700"
"201900025783";"20";"12";"2019";"20:20";"5";"29";"29232";"2";"1";"2";"2";"PONT L'ABBE RUE DE";"47,9911700";" -4,1146700"
"201900025784";"21";"12";"2019";"11:55";"1";"29";"29019";"2";"6";"1";"3";"ROUSSE EMILE";"48,3830800";" -4,5275700"
"201900025785";"21";"12";"2019";"06:52";"5";"29";"29019";"2";"1";"1";"7";"SENATEUR PICHON";"48,3862305";" -4,4733744"
"201900025786";"16";"12";"2019";"18:10";"5";"21";"21166";"2";"1";"1";"6";"TAMARIS (DES) (RUE)";"47,2979400";"5,0132200"
"201900025787";"21";"12";"2019";"10:20";"1";"17";"17306";"2";"1";"1";"2";"ROCHEFORT (DE)  (AVENUE)";"45,6447800";" -1,0247000"
"201900025788";"21";"12";"2019";"01:00";"5";"17";"17300";"2";"1";"3";"6";"JERICHO   RUE DE";"46,1672800";" -1,1660600"
"201900025789";"17";"12";"2019";"20:15";"5";"13";"13071";"1";"2";"1";"5";"ROUTE NATIONALE 113 - AGAVON";"43,4158800";"5,2953100"
"201900025790";"21";"12";"2019";"19:40";"4";"13";"13209";"2";"1";"1";"3";"MICHELET (BOULEVARD)";"43,2614850";"5,3977290"
"201900025791";"21";"12";"2019";"16:51";"1";"13";"13204";"2";"2";"1";"3";"PIERRE ROCHE (RUE)";"43,3097170";"5,4014500"
"201900025792";"21";"12";"2019";"13:35";"1";"13";"13206";"2";"2";"1";"3";"BONS ENFANT (RUE DES)";"43,2909110";"5,3883470"
"201900025793";"18";"12";"2019";"19:05";"5";"13";"13213";"2";"1";"1";"3";"PARTY (CHEMIN DE)";"43,3476918";"5,4168934"
"201900025794";"21";"12";"2019";"12:46";"1";"6";"06123";"2";"1";"1";"6";"ST EXUPERY AVENUE";"43,6661300";"7,1868570"
"201900025795";"20";"12";"2019";"14:30";"1";"75";"75116";"2";"2";"2";"6";"ROUTE DE LA PTE DAUPHINE A LA PTE DES SA";"48,8730073";"2,2728126"
"201900025796";"21";"12";"2019";"19:50";"5";"75";"75120";"2";"1";"2";"3";"AVENUE GAMBETTA";"48,8714530";"2,4041710"
"201900025797";"21";"12";"2019";"18:50";"5";"75";"75119";"2";"2";"3";"6";"RUE DE BELLEVILLE";"48,8754630";"2,3979160"
"201900025798";"21";"12";"2019";"19:55";"5";"75";"75119";"2";"4";"2";"6";"RUE REBEVAL";"48,8740891";"2,3755547"
"201900025799";"18";"12";"2019";"16:00";"1";"75";"75116";"2";"5";"1";"6";"AVENUE MARCEAU";"48,8696832";"2,2982454"
"201900025800";"20";"12";"2019";"15:10";"1";"75";"75115";"2";"1";"1";"6";"QUAI ANDRE CITROEN";"48,8468360";"2,2780780"
"201900025801";"21";"12";"2019";"21:45";"5";"75";"75113";"2";"2";"2";"6";"BOULEVARD AUGUSTE BLANQUI";"48,8311080";"2,3442290"
"201900025802";"21";"12";"2019";"17:25";"5";"75";"75112";"2";"4";"2";"6";"BOULEVARD DE LA GUYANE";"48,8343527";"2,4113563"
"201900025803";"21";"12";"2019";"17:50";"5";"75";"75112";"2";"4";"2";"3";"BOULEVARD DIDEROT";"48,8471480";"2,3850010"
"201900025804";"21";"12";"2019";"14:05";"1";"75";"75110";"2";"1";"8";"3";"RUE DU HUIT MAI 1945";"48,8760687";"2,3588589"
"201900025805";"20";"12";"2019";"21:31";"5";"75";"75110";"2";"1";"1";"6";"RUE LA FAYETTE";"48,8787030";"2,3547060"
"201900025806";"20";"12";"2019";"20:52";"5";"75";"75102";"2";"3";"1";"6";"BOULEVARD POISSONNIERE";"48,8708640";"2,3467240"
"201900025807";"20";"12";"2019";"22:30";"5";"75";"75102";"2";"1";"1";"2";"BOULEVARD MONTMARTRE";"48,8718550";"2,3407640"
"201900025808";"20";"12";"2019";"04:40";"5";"75";"75109";"2";"2";"3";"6";"RUE LE PELETIER";"48,8746570";"2,3393740"
"201900025809";"21";"12";"2019";"07:35";"5";"75";"75107";"2";"4";"1";"3";"RUE DE LUYNES";"48,8547300";"2,3259960"
"201900025810";"21";"12";"2019";"11:35";"1";"75";"75104";"2";"4";"1";"6";"VOIE GEORGES POMPIDOU";"48,8510483";"2,3611412"
"201900025811";"20";"12";"2019";"17:45";"5";"75";"75101";"2";"3";"1";"2";"RUE DE RIVOLI";"48,8643902";"2,3301115"
"201900025812";"20";"12";"2019";"09:20";"1";"94";"94052";"2";"2";"1";"3";"JOINVILLE (AV DE)";"48,8310000";"2,4691000"
"201900025813";"19";"12";"2019";"13:40";"1";"94";"94058";"2";"1";"1";"2";"BRY (AV DE)";"48,8353000";"2,4963100"
"201900025814";"21";"12";"2019";"19:25";"5";"94";"94016";"2";"9";"2";"6";"VATIER (AV)";"48,7886000";"2,3309500"
"201900025815";"21";"12";"2019";"14:05";"1";"94";"94076";"2";"3";"1";"2";"RENE THIBERT (R)";"48,8000000";"2,3500000"
"201900025816";"21";"12";"2019";"15:55";"1";"94";"94073";"2";"1";"1";"3";"LUXEMBOURG (AV DU)";"48,7575900";"2,3733300"
"201900025817";"20";"12";"2019";"20:00";"3";"94";"94028";"2";"1";"1";"2";"FOCH(AVENUE DU MARECHAL)";"48,7784000";"2,4355000"
"201900025818";"21";"12";"2019";"20:15";"5";"93";"93062";"2";"1";"2";"3";"RESISTANCE (AVENUE DE LA)";"48,9000000";"2,5167000"
"201900025819";"21";"12";"2019";"15:56";"1";"93";"93077";"2";"1";"1";"6";"BERTHELOT (AVENUE MARCELIN)";"48,8869700";"2,5198900"
"201900025820";"20";"12";"2019";"16:10";"1";"93";"93055";"2";"2";"2";"6";"MEHUL (1/37. 2/24)";"48,8892000";"2,4167000"
"201900025821";"21";"12";"2019";"14:00";"1";"93";"93051";"2";"1";"1";"6";"EMILE COSSONNEAU (AVE)";"48,8488730";"2,5538408"
"201900025822";"21";"12";"2019";"14:05";"1";"93";"93057";"2";"3";"1";"3";"JAURES (AV. JEAN) 1 A 123";"48,9079700";"2,4952100"
"201900025823";"20";"12";"2019";"21:00";"5";"93";"93010";"2";"3";"8";"3";"GROSLAY (CHEM. DE)";"48,9111630";"2,4747060"
"201900025824";"21";"12";"2019";"19:30";"5";"93";"93005";"2";"1";"2";"2";"GEORGES BRAQUE (BOULEVARD)";"48,9523300";"2,4845700"
"201900025825";"21";"12";"2019";"11:45";"1";"92";"92050";"2";"3";"1";"3";"SOUFFLOT J-GERMAIN BOULEVARD";"48,8964540";"2,2147300"
"201900025826";"21";"12";"2019";"11:20";"1";"92";"92026";"2";"2";"1";"3";"MISSION MARCHAND (COTE IMPAIR)";"48,9022300";"2,2395000"
"201900025827";"21";"12";"2019";"17:15";"5";"92";"92012";"2";"9";"2";"2";"JEAN JAURES (BOULEVARD) 63/215 - 70/208";"48,8314300";"2,2448600"
"201900025828";"21";"12";"2019";"18:30";"5";"92";"92012";"2";"9";"3";"6";"MARECHAL DE LATTRE DE TASSIGNY (AVENUE)";"48,8409400";"2,2277400"
"201900025829";"22";"12";"2019";"18:00";"3";"36";"36077";"1";"1";"2";"6";"d956";"47,2275600";"1,5391040"
"201900025830";"20";"12";"2019";"14:20";"1";"81";"81139";"1";"2";"1";"5";"Lautrec";"43,6685840";"2,1114330"
"201900025831";"14";"11";"2019";"20:10";"3";"83";"83054";"1";"1";"3";"4";"A57";"43,1551610";"6,0419220"
"201900025832";"21";"12";"2019";"21:50";"3";"35";"35317";"1";"1";"2";"7";"D137";"48,2949170";" -1,8108210"
"201900025833";"20";"12";"2019";"10:35";"1";"35";"35239";"1";"1";"1";"6";"D173";"47,9009720";" -1,3783580"
"201900025834";"20";"12";"2019";"17:00";"2";"69";"69283";"2";"1";"3";"6";"1 Place de la République";"45,6641900";"4,9571800"
"201900025835";"22";"12";"2019";"06:30";"5";"23";"23079";"2";"1";"2";"7";"Route d'Aubusson";"45,8929620";"2,1838440"
"201900025836";"22";"12";"2019";"12:20";"1";"56";"56053";"2";"1";"2";"6";"Rue René Descartes";"47,7350530";" -2,5943300"
"201900025837";"19";"12";"2019";"16:30";"1";"76";"76021";"1";"2";"1";"5";"Route de Goderville";"49,6758490";"0,4373720"
"201900025838";"22";"12";"2019";"02:00";"3";"60";"60406";"1";"1";"2";"7";"D200";"49,3171580";"2,5666440"
"201900025839";"21";"12";"2019";"21:15";"3";"60";"60102";"1";"1";"2";"7";"D200";"49,3097440";"2,5459590"
"201900025840";"22";"12";"2019";"16:30";"2";"61";"61010";"1";"1";"4";"6";"D26";"48,8599540";"0,2210620"
"201900025841";"21";"12";"2019";"13:20";"1";"46";"46204";"1";"1";"1";"6";"Route de Montfaucon";"44,6907810";"1,5729160"
"201900025842";"21";"12";"2019";"02:45";"3";"68";"68062";"1";"1";"2";"6";"Route de Belfort";"47,6292450";"7,2110400"
"201900025843";"22";"12";"2019";"20:00";"3";"25";"25356";"1";"1";"2";"7";"Le Prélot";"47,2264800";"6,8053610"
"201900025844";"20";"12";"2019";"12:20";"1";"25";"25193";"1";"1";"2";"7";"D437a";"47,2434170";"6,8885750"
"201900025845";"22";"12";"2019";"11:20";"1";"29";"29216";"1";"1";"4";"3";"D785";"47,9514400";" -4,1785700"
"201900025846";"21";"12";"2019";"17:30";"2";"38";"38314";"2";"3";"2";"6";"Rue de Bellevue";"45,4334800";"6,0135300"
"201900025847";"21";"12";"2019";"18:09";"3";"84";"84089";"1";"2";"2";"3";"Traverse de Souliere";"43,7273230";"5,5086830"
"201900025848";"21";"12";"2019";"15:30";"1";"1";"01151";"1";"1";"2";"6";"D17";"46,0808076";"5,2614802"
"201900025849";"22";"12";"2019";"11:55";"1";"26";"26113";"1";"1";"2";"5";"Plot - RD 93";"44,7397810";"5,3868760"
"201900025850";"21";"12";"2019";"11:15";"1";"54";"54076";"2";"3";"2";"7";"25 Avenue Pierre Sémard";"48,5559780";"6,3974980"
"201900025851";"21";"12";"2019";"18:35";"5";"14";"14514";"2";"1";"2";"1";"58 Rue Saint-michel";"49,2850500";"0,1831660"
"201900025852";"21";"12";"2019";"15:00";"1";"5";"05179";"2";"1";"1";"6";"Route de Gap";"44,5386920";"5,8372520"
"201900025853";"22";"12";"2019";"15:00";"1";"83";"83012";"2";"1";"1";"1";"D560";"43,5451060";"5,9872420"
"201900025854";"22";"12";"2019";"06:00";"3";"24";"24565";"1";"1";"3";"7";"121 Lieu Dit le Grand Moulin";"45,5906480";"0,5169600"
"201900025855";"12";"12";"2019";"07:45";"5";"76";"76533";"1";"9";"2";"7";"BRETELLE D'ACCES. SORTIE 5 . RN 1029";"49,4804032";"0,2638972"
"201900025856";"21";"12";"2019";"12:00";"1";"73";"73213";"1";"1";"1";"2";"A43";"45,5418522";"5,9634376"