"Num_Acc";"jour";"mois";"an";"hrmn";"lum";"dep";"com";"agg";"int";"atm";"col";"adr";"lat";"long"
"201900025857";"17";"12";"2019";"13:20";"1";"38";"38553";"2";"1";"1";"2";"Boulevard de Villefontaine";"45,6102320";"5,1557980"
"201900025858";"22";"12";"2019";"15:30";"1";"6";"06088";"1";"1";"6";"6";"A8 PK 190+200 SUD";"43,7057350";"7,1890990"
"201900025859";"17";"12";"2019";"08:55";"1";"34";"34172";"1";"9";"1";"2";"a9 pk 009.200";"43,6123980";"3,9416770"
"201900025860";"21";"12";"2019";"17:40";"3";"38";"38530";"1";"1";"1";"6";"A43";"45,6137820";"5,2054080"
"201900025861";"22";"12";"2019";"19:25";"3";"988";"98808";"1";"3";"1";"6";"RPN3/RM1";" -21,2881810";"165,6401470"
"201900025862";"22";"12";"2019";"15:15";"1";"974";"97417";"2";"1";"1";"1";"100 Route Nationale 2 Mare Longue";" -21,3620820";"55,7595450"
"201900025863";"22";"12";"2019";"16:50";"1";"974";"97408";"2";"9";"1";"1";"Avenue de la Palestine";" -20,9618710";"55,3276570"
"201900025864";"21";"12";"2019";"11:50";"1";"66";"66103";"2";"3";"1";"6";"N116";"42,6423330";"2,4849010"
"201900025865";"22";"12";"2019";"03:45";"3";"66";"66144";"1";"1";"2";"6";"D39";"42,6450300";"2,8843800"
"201900025866";"22";"12";"2019";"13:00";"1";"66";"66171";"2";"1";"1";"3";"Rue Vauvenargues";"42,6165490";"3,0021150"
"201900025867";"21";"12";"2019";"18:33";"5";"34";"34146";"2";"2";"1";"1";"Avenue de Montpellier";"43,6786100";"4,0898260"
"201900025868";"21";"12";"2019";"09:10";"1";"68";"68334";"2";"2";"1";"3";"21 Rue du 7 Aout";"47,8097910";"7,1037840"
"201900025869";"21";"12";"2019";"06:00";"3";"73";"73050";"1";"1";"3";"1";"D1504";"45,6815714";"5,8509446"
"201900025870";"11";"12";"2019";"18:05";"5";"7";"07324";"2";"1";"2";"6";"20 Quai Farconnet";"45,0698710";"4,8284440"
"201900025871";"22";"12";"2019";"06:15";"5";"69";"69296";"1";"6";"2";"7";"Rue du rhone";"45,6428100";"4,8270870"
"201900025872";"21";"12";"2019";"19:20";"3";"81";"81099";"1";"1";"3";"5";"7 Allee Paul Verlaine";"43,8808023";"1,8555826"
"201900025873";"22";"12";"2019";"02:40";"5";"81";"81099";"2";"1";"3";"6";"69 Avenue Charles de Gaulle";"43,9042420";"1,9075380"
"201900025874";"22";"12";"2019";"15:30";"1";"86";"86104";"1";"2";"8";"3";"D35";"46,1116390";"0,3286570"
"201900025875";"22";"12";"2019";"19:00";"3";"33";"33015";"1";"1";"2";"1";"D2089";"44,9062550";" -0,2619700"
"201900025876";"18";"12";"2019";"18:55";"3";"60";"60671";"1";"1";"1";"7";"D330a";"49,1516263";"2,7808994"
"201900025877";"20";"12";"2019";"12:45";"1";"13";"13005";"2";"1";"2";"6";"A50 - Sens Aubagne vers Marseille";"43,2801940";"5,5839460"
"201900025878";"20";"12";"2019";"23:25";"3";"13";"13071";"1";"1";"2";"2";"A51-Sens Aix en Provence vers Marseille";"43,3895790";"5,3031520"
"201900025879";"17";"12";"2019";"17:05";"3";"13";"13210";"1";"1";"1";"3";"A50-Sens Marseille vers Aubagne";"43,2848324";"5,4094456"
"201900025880";"21";"12";"2019";"14:00";"1";"91";"91161";"1";"1";"1";"4";"AUTOROUTE A126";"48,7112000";"2,2953000"
"201900025881";"21";"12";"2019";"13:00";"1";"91";"91377";"1";"1";"1";"3";"RN20";"48,7245000";"2,3000000"
"201900025882";"21";"12";"2019";"10:30";"1";"91";"91216";"1";"1";"8";"3";"AUTOROUTE A6";"48,6827100";"2,3296700"
"201900025883";"21";"12";"2019";"06:05";"3";"91";"91037";"1";"1";"2";"7";"AUTOROUTE A6";"48,5425560";"2,4974590"
"201900025884";"20";"12";"2019";"09:30";"1";"94";"94021";"1";"1";"1";"5";"AUTOROUTE A6A";"48,7672300";"2,3452500"
"201900025885";"21";"12";"2019";"12:35";"1";"92";"92050";"1";"1";"1";"2";"A86";"48,9057487";"2,2097003"
"201900025886";"20";"12";"2019";"21:45";"5";"78";"78524";"1";"1";"1";"2";"A12 Y";"48,8416000";"2,1037210"
"201900025887";"20";"12";"2019";"10:15";"1";"92";"92072";"1";"1";"1";"6";"N118";"48,8188969";"2,2173469"
"201900025888";"18";"12";"2019";"19:40";"5";"78";"78124";"1";"1";"1";"3";"SE A14";"48,9138110";"2,1591150"
"201900025889";"21";"12";"2019";"18:50";"3";"92";"92036";"1";"1";"2";"7";"AUTOROUTE A15";"48,9435993";"2,2873587"
"201900025890";"21";"12";"2019";"12:30";"1";"95";"95572";"1";"1";"1";"2";"AUTOROUTE A15";"49,0329800";"2,1080700"
"201900025891";"21";"12";"2019";"09:45";"1";"95";"95306";"1";"1";"1";"5";"AUTOROUTE A15";"49,0073900";"2,1619500"
"201900025892";"21";"12";"2019";"05:00";"3";"95";"95277";"1";"1";"1";"2";"AUTOROUTE A3";"48,9739400";"2,4879000"
"201900025893";"20";"12";"2019";"21:50";"4";"93";"93066";"2";"1";"1";"6";"AUTOROUTE A1";"48,9312000";"2,3677000"
"201900025894";"20";"12";"2019";"11:05";"1";"95";"95572";"1";"1";"2";"6";" A15";"49,0319600";"2,1076000"
"201900025895";"20";"12";"2019";"10:10";"1";"95";"95582";"1";"1";"3";"2";"AUTOROUTE A115";"48,9745400";"2,2428000"
"201900025896";"18";"12";"2019";"12:55";"1";"92";"92050";"2";"1";"1";"3";"REPUBLIQUE AVENUE DE LA";"48,9107400";"2,2202700"
"201900025897";"19";"12";"2019";"11:30";"1";"974";"97416";"2";"4";"1";"1";"LAURENT VERGES(AVENUE)";" -21,2999988";"55,4540444"
"201900025898";"20";"12";"2019";"01:20";"3";"974";"97416";"2";"1";"1";"6";"RELAIS (ALLEE DES ATELIERS)";" -21,3160300";"55,4738800"
"201900025899";"20";"12";"2019";"09:30";"1";"973";"97302";"2";"1";"1";"3";"ZEPHIR (ROCADE)";"4,9225570";" -52,3269330"
"201900025900";"18";"12";"2019";"22:08";"5";"69";"69383";"2";"7";"1";"6";"GAMBETTA                            (CO)";"45,7551670";"4,8432500"
"201900025901";"20";"12";"2019";"18:00";"5";"69";"69388";"2";"1";"2";"6";"FRERES LUMIERE (DES)                (AV)";"45,7446310";"4,8681900"
"201900025902";"19";"12";"2019";"06:06";"2";"972";"97213";"1";"1";"1";"6";"ROUTE NATIONALE 1";"14,6563600";" -60,9728400"
"201900025903";"17";"12";"2019";"17:50";"5";"972";"97213";"2";"1";"1";"2";"ROUTE NATIONALE 1";" -61,4256600";"14,2365800"
"201900025904";"19";"12";"2019";"06:55";"1";"972";"97209";"2";"1";"1";"1";"RAVINE VILAINE (CHEMIN DEPARTEMENTAL DE)";"14,6275600";" -61,0599300"
"201900025905";"20";"12";"2019";"19:05";"5";"69";"69385";"2";"2";"1";"1";"TRION (DE)                          (PL)";"45,7582700";"4,8130300"
"201900025906";"20";"12";"2019";"16:40";"1";"69";"69389";"2";"1";"2";"5";"DOCTEURS CORDIER (DES)              (R )";"45,8016300";"4,8277400"
"201900025907";"19";"12";"2019";"20:40";"5";"69";"69384";"2";"1";"8";"2";"HENRI LACHIEZE-REY                  (R )";"45,7826300";"4,8369600"
"201900025908";"19";"12";"2019";"08:30";"1";"69";"69034";"2";"1";"1";"1";"MARGNOLLES (DE)                     (R )";"45,7840900";"4,8351500"
"201900025909";"14";"12";"2019";"11:50";"1";"69";"69081";"2";"9";"3";"6";"BON PASTEUR (DU)                  AV";"45,7874000";"4,7792000"
"201900025910";"2";"12";"2019";"07:50";"1";"69";"69202";"2";"1";"1";"3";"FOURNACHE (DE LA)                   (MO)";"45,7372700";"4,8065600"
"201900025911";"19";"12";"2019";"10:40";"1";"2B";"2B120";"1";"9";"2";"4";"11 - RT";"42,6492500";"9,4405300"
"201900025912";"20";"12";"2019";"05:18";"4";"2B";"2B037";"1";"1";"1";"6";"TOUTES RUES";"42,5985300";"9,4387100"
"201900025913";"17";"12";"2019";"02:38";"5";"2B";"2B033";"2";"1";"2";"6";"AV DE LA LIBERATION";"42,6824500";"9,4441500"
"201900025914";"2";"12";"2019";"11:15";"1";"2B";"2B033";"2";"8";"1";"2";"DE MONTERA - BD HYACINTE";"42,6987000";"9,4464000"
"201900025915";"20";"12";"2019";"16:25";"1";"971";"97120";"2";"1";"1";"2";"CHANZY (BOULEVARD)";"16,2421400";" -61,5390400"
"201900025916";"18";"12";"2019";"21:30";"3";"971";"97101";"1";"1";"1";"6";"ROUTE DE BOISVINS";"16,2629000";" -61,4644000"
"201900025917";"18";"12";"2019";"14:30";"1";"971";"97101";"2";"1";"1";"6";"CHAUVEL";"16,2394400";" -61,5210900"
"201900025918";"10";"12";"2019";"17:45";"1";"95";"95427";"2";"2";"1";"6";"CHÂTEAU (RUE)";"48,9731610";"2,3458990"
"201900025919";"20";"12";"2019";"07:35";"5";"91";"91326";"2";"3";"2";"6";"MONTTESSUY (RUE DE)";"48,6889300";"2,3851500"
"201900025920";"19";"12";"2019";"16:00";"1";"91";"91021";"2";"1";"1";"6";"VOLTAIRE (BOULEVARD)";"48,5885610";"2,2520240"
"201900025921";"18";"12";"2019";"10:55";"1";"91";"91347";"2";"1";"1";"3";"PERRAY (RUE DU)";"48,6591900";"2,2833990"
"201900025922";"19";"12";"2019";"19:24";"5";"87";"87085";"2";"1";"1";"7";"CASSEAUX (AVE DES) (VC)";"45,8358100";"1,2776900"
"201900025923";"19";"12";"2019";"14:09";"1";"87";"87085";"2";"1";"1";"3";"BERTHELOT (AVENUE)";"45,8370100";"1,2512300"
"201900025924";"12";"12";"2019";"17:19";"5";"87";"87085";"2";"1";"2";"6";"PERRIN (RUE FRANCOIS)";"45,8253300";"1,2331200"
"201900025925";"8";"10";"2019";"17:00";"1";"94";"94028";"2";"1";"2";"1";"Saussaie du ban (rue de la)";"48,7653200";"2,4648900"
"201900025926";"9";"10";"2019";"20:30";"5";"94";"94018";"2";"1";"8";"6";"PARIS (R DE)";"48,8256600";"2,4074200"
"201900025927";"8";"10";"2019";"17:30";"1";"93";"93062";"1";"1";"2";"2";"THIERS (AVENUE)";"48,9008500";"2,5135800"
"201900025928";"9";"10";"2019";"13:50";"1";"93";"93048";"2";"1";"1";"6";"THEOPHILE SUEUR (BOULEVARD)";"48,8641600";"2,4674400"
"201900025929";"9";"10";"2019";"18:40";"1";"93";"93031";"2";"1";"2";"2";"GALLIENI (AVENUE)";"48,9623700";"2,2960200"
"201900025930";"9";"10";"2019";"02:05";"5";"93";"93027";"2";"1";"2";"2";"SALENGRO (AVENUE ROGER)";"48,9313305";"2,3861214"
"201900025931";"8";"10";"2019";"22:40";"5";"93";"93005";"2";"1";"8";"6";"PLAINE (AVENUE DE LA)";"48,9247000";"2,4909000"
"201900025932";"9";"10";"2019";"13:23";"1";"92";"92062";"2";"1";"1";"7";"DE DION BOUTON (QUAI) DU 29 AU 65";"48,8853800";"2,2513400"
"201900025933";"9";"10";"2019";"13:02";"1";"92";"92049";"2";"1";"1";"6";"GINOUX AVENUE HENRI AUTRES N°";"48,8190800";"2,3232100"
"201900025934";"9";"10";"2019";"13:50";"1";"92";"92040";"2";"3";"1";"6";"GALLIENI (BD)";"48,8231270";"2,2679680"
"201900025935";"8";"10";"2019";"09:00";"1";"92";"92025";"2";"1";"1";"6";"HENRI BARBUSSE (AV)";"48,9149100";"2,2529100"
"201900025936";"9";"10";"2019";"10:15";"1";"92";"92012";"2";"3";"1";"3";"PAUL BERT (RUE)";"48,8357000";"2,2392000"
"201900025937";"8";"10";"2019";"13:20";"1";"92";"92012";"2";"2";"2";"7";"REINE (ROUTE DE LA) 1/37- 6/80";"48,8392145";"2,2454289"
"201900025938";"4";"10";"2019";"02:00";"3";"9";"09342";"1";"1";"1";"6";"D919 PK 11.800";"43,2224390";"1,3800970"
"201900025939";"9";"10";"2019";"18:30";"1";"22";"22188";"1";"1";"1";"4";"Plélo";"48,5251002";" -2,8916972"
"201900025940";"10";"10";"2019";"01:15";"3";"76";"76244";"1";"1";"3";"6";"A28";"49,7141810";"1,4064250"
"201900025941";"9";"10";"2019";"07:00";"3";"83";"83047";"1";"1";"1";"1";"6 Place Victor Hugo";"43,1497400";"6,0731450"
"201900025942";"9";"10";"2019";"12:00";"1";"56";"56158";"2";"1";"1";"1";"avenue du générale de gaulle";"47,7576980";" -2,8448550"
"201900025943";"9";"10";"2019";"13:53";"2";"59";"59663";"2";"7";"3";"6";"Place du Général de Gaulle";"50,8825140";"2,4682920"
"201900025944";"9";"10";"2019";"17:05";"1";"2A";"2A271";"2";"3";"1";"1";"Chemin des Moulins";"41,9542070";"8,7922070"
"201900025945";"10";"10";"2019";"13:00";"1";"65";"65280";"1";"3";"1";"2";"RD 940";"43,1480229";" -0,0972515"
"201900025946";"10";"10";"2019";"10:50";"1";"71";"71154";"2";"2";"1";"3";"Rue Principale";"46,8180270";"4,8835370"
"201900025947";"10";"10";"2019";"15:10";"1";"55";"55334";"1";"1";"1";"7";"2 Rue Modeau";"48,7016220";"5,5242060"
"201900025948";"9";"10";"2019";"07:30";"2";"25";"25014";"2";"1";"2";"6";"26 route de Besançon";"47,2972870";"6,1593220"
"201900025949";"10";"10";"2019";"15:55";"1";"35";"35243";"2";"1";"1";"6";"2 Rue Nationale";"48,3435320";" -1,2747120"
"201900025950";"5";"10";"2019";"18:00";"1";"3";"03267";"2";"1";"8";"6";"8 route du Montet";"46,3244984";"3,2592931"
"201900025951";"9";"10";"2019";"12:50";"1";"3";"03254";"1";"1";"1";"6";"N/A";"46,3183307";"3,2864194"
"201900025952";"4";"10";"2019";"11:55";"1";"85";"85246";"1";"1";"1";"6";"A83";"46,7197300";" -1,1570800"
"201900025953";"6";"10";"2019";"14:20";"1";"58";"58101";"1";"1";"8";"6";"D 117 PK 16+700";"47,2292920";"3,2381850"
"201900025954";"10";"10";"2019";"11:40";"1";"66";"66147";"1";"1";"1";"3";"route nationale 320";"42,5633500";"1,7714850"
"201900025955";"10";"10";"2019";"06:37";"3";"72";"72156";"1";"1";"1";"6";"Lieu Dit le Patis";"48,1150270";"0,6941410"
"201900025956";"8";"10";"2019";"12:00";"1";"6";"06153";"2";"1";"1";"7";"route des Millefonds";"44,0728640";"7,2013250"
"201900025957";"4";"10";"2019";"13:10";"1";"6";"06010";"2";"1";"1";"3";"Route de Grasse";"43,6910480";"6,9798400"
"201900025958";"5";"10";"2019";"16:45";"1";"45";"45029";"1";"1";"2";"3";"L'Etang";"47,5620763";"2,8080181"
"201900025959";"10";"10";"2019";"16:00";"1";"18";"18240";"1";"2";"1";"3";"Route départemenale 6 - PK 56";"47,1352975";"2,9095616"
"201900025960";"10";"10";"2019";"07:45";"2";"85";"85171";"2";"1";"2";"6";"Rue du Puits du Bois";"46,5036300";" -1,2201500"
"201900025961";"27";"2";"2019";"13:00";"2";"85";"85008";"2";"1";"1";"6";"Place de l'Eglise";"46,5959200";" -1,4527100"
"201900025962";"9";"10";"2019";"11:50";"1";"27";"27629";"2";"3";"1";"1";"D138";"49,1360570";"0,4586910"
"201900025963";"6";"10";"2019";"13:20";"1";"17";"17235";"2";"3";"1";"3";"Rue du Marais";"45,8033830";" -0,3993980"
"201900025964";"9";"10";"2019";"18:00";"1";"17";"17338";"1";"1";"1";"1";"RD 911";"46,1384240";" -0,7248420"
"201900025965";"10";"10";"2019";"02:05";"3";"68";"68266";"1";"1";"1";"1";"Autoroute A35 P K86.200";"47,8884120";"7,3780460"
"201900025966";"10";"10";"2019";"07:00";"2";"31";"31181";"1";"1";"1";"3";"A64 - PK 265+340";"43,4010200";"1,2902960"
"201900025967";"10";"10";"2019";"14:15";"1";"34";"34337";"2";"6";"1";"6";"Avenue de Mireval";"43,5328640";"3,8526920"
"201900025968";"10";"10";"2019";"16:30";"1";"13";"13113";"1";"1";"1";"7";"A51";"43,5726290";"5,4676430"
"201900025969";"13";"9";"2019";"08:00";"1";"987";"98715";"1";"1";"1";"3";"RDO - Pk 2,5";" -17,5845220";" -149,5685780"
"201900025970";"10";"10";"2019";"05:45";"1";"976";"97603";"1";"1";"1";"7";"Route nationae 03 M'gnambani";" -12,9354180";"45,1688350"
"201900025971";"10";"10";"2019";"08:30";"1";"36";"36202";"1";"1";"1";"1";"A20";"46,7976500";"1,6172030"
"201900025972";"10";"10";"2019";"10:09";"1";"14";"14555";"1";"1";"1";"2";"A13";"49,3033650";"0,2877480"
"201900025973";"10";"10";"2019";"07:10";"3";"13";"13032";"1";"9";"1";"1";"2095 Route des Milles";"43,5477500";"5,3666950"
"201900025974";"10";"10";"2019";"05:20";"3";"972";"97224";"1";"1";"3";"6";"Lotissement Choisy";"14,6638670";" -61,0174140"
"201900025975";"10";"10";"2019";"17:10";"1";"41";"41155";"1";"1";"1";"5";"D103";"47,6533100";"1,5631950"
"201900025976";"9";"10";"2019";"20:05";"3";"37";"37027";"1";"5";"1";"3";"RD 31";"47,3280070";"0,9711550"
"201900025977";"9";"10";"2019";"10:50";"1";"66";"66164";"2";"2";"1";"1";"Avenue de l'Agly";"42,7765090";"2,8735970"
"201900025978";"10";"10";"2019";"06:58";"2";"83";"83150";"1";"1";"1";"5";"D952";"43,7185150";"5,8006880"
"201900025979";"9";"10";"2019";"17:05";"1";"5";"05006";"1";"1";"2";"7";"RN 94";"44,7770200";"6,5600770"
"201900025980";"9";"10";"2019";"14:25";"1";"89";"89099";"1";"1";"1";"1";"Rue de Bonnard";"47,9431190";"3,5304180"
"201900025981";"10";"10";"2019";"09:00";"1";"71";"71176";"2";"3";"1";"6";"Rue de la Barre";"46,4819000";"3,9855260"
"201900025982";"10";"10";"2019";"08:55";"1";"68";"68154";"2";"1";"2";"6";"77 Rue des Vosges";"47,7786650";"7,3501160"
"201900025983";"6";"10";"2019";"17:00";"2";"54";"54377";"1";"2";"2";"3";"intersection RD 935 - RD 165";"48,5328830";"6,8054250"
"201900025984";"10";"10";"2019";"01:18";"5";"57";"57144";"2";"1";"2";"6";"18 Rue Nationale";"49,1538270";"6,8403150"
"201900025985";"1";"8";"2019";"02:30";"5";"7";"07200";"1";"1";"1";"6";"N/A";"44,7203750";"4,1343030"
"201900025986";"10";"10";"2019";"05:30";"5";"59";"59139";"2";"1";"2";"7";"93 Rue Charles Gide";"50,1090510";"3,3978090"
"201900025987";"9";"10";"2019";"07:45";"1";"13";"13106";"1";"1";"1";"3";"A51-Sens Aix en Provence vers Marseille";"43,4022474";"5,3556931"
"201900025988";"9";"10";"2019";"07:45";"2";"33";"33487";"1";"1";"1";"5";"AUTOROUTE A 10";"44,9407600";" -0,4665900"
"201900025989";"9";"10";"2019";"03:35";"3";"33";"33366";"1";"1";"2";"6";"AUTOROUTE A 10";"45,0053500";" -0,4274700"
"201900025990";"9";"10";"2019";"17:40";"1";"91";"91553";"1";"1";"2";"4";"RN 104";"48,6297000";"2,4842000"
"201900025991";"9";"10";"2019";"16:25";"1";"91";"91161";"1";"1";"1";"2";"AUTOROUTE A126";"48,7086000";"2,3061000"
"201900025992";"9";"10";"2019";"08:15";"1";"91";"91659";"1";"1";"2";"2";"AUTOROUTE A6";"48,5875300";"2,4500700"
"201900025993";"9";"10";"2019";"06:40";"5";"94";"94038";"1";"1";"1";"6";"AUTOROUTE A6B";"48,7713700";"2,3451200"
"201900025994";"8";"10";"2019";"19:49";"5";"91";"91521";"1";"1";"2";"3";"RN 104";"48,6269080";"2,4036670"
"201900025995";"9";"10";"2019";"08:45";"1";"78";"78418";"1";"1";"2";"5";"A14";"48,9143900";"2,1497600"
"201900025996";"9";"10";"2019";"07:55";"2";"78";"78238";"1";"1";"1";"4";"A13";"48,9697800";"1,8679900"
"201900025997";"8";"10";"2019";"18:35";"2";"92";"92063";"1";"1";"2";"6";"A86";"48,8914587";"2,1766739"
"201900025998";"8";"10";"2019";"18:00";"1";"78";"78158";"1";"1";"3";"2";"A13";"48,8315800";"2,1473190"
"201900025999";"9";"10";"2019";"04:55";"3";"95";"95527";"1";"1";"1";"3";"AUTOROUTE A3";"48,9841100";"2,5057200"
"201900026000";"9";"10";"2019";"08:00";"2";"95";"95042";"1";"1";"2";"7";"RN 104";"49,0582600";"2,3010300"
"201900026001";"9";"10";"2019";"02:10";"3";"95";"95306";"1";"1";"1";"6";"AUTOROUTE A15";"48,9957300";"2,1796300"
"201900026002";"8";"10";"2019";"20:20";"3";"93";"93027";"1";"1";"2";"3";"AUTOROUTE A86";"48,9285500";"2,4135700"
"201900026003";"8";"10";"2019";"16:45";"1";"93";"93005";"1";"1";"2";"6";"AUTOROUTE A3";"48,9503000";"2,4762700"
"201900026004";"8";"10";"2019";"19:10";"5";"94";"94073";"1";"1";"2";"2";"A86 EXT";"48,7578400";"2,3820500"
"201900026005";"8";"10";"2019";"05:00";"5";"81";"81065";"2";"1";"1";"1";"JULIEN ( RUE LUDOVIC)";"43,5927300";"2,2056200"
"201900026006";"25";"3";"2019";"10:07";"1";"54";"54395";"2";"3";"1";"3";"LORRAIN (QUAI CLAUDE";"48,6927200";"6,1723900"
"201900026007";"7";"10";"2019";"18:30";"1";"38";"38185";"2";"1";"1";"6";"LIBERATION (COURS)        1 A 15";"45,1788800";"5,7158600"
"201900026008";"8";"10";"2019";"11:30";"1";"988";"98818";"2";"2";"1";"3";"MAUBEUGE (RUE DE)";" -22,2794700";"166,4495100"
"201900026009";"5";"10";"2019";"19:20";"5";"974";"97416";"2";"1";"1";"6";"MAHY (RUE FRANCOIS DE)";" -21,3415000";"55,4749800"
"201900026010";"7";"10";"2019";"16:30";"1";"974";"97409";"1";"9";"1";"4";"BRETELLE SORTIE RN2 ROCADE SUD";" -20,9679000";"55,6561600"
"201900026011";"8";"10";"2019";"17:20";"1";"973";"97302";"2";"6";"1";"3";"BADUEL (ROND POINT DE)";"4,9331708";" -52,3095346"
"201900026012";"8";"10";"2019";"16:05";"1";"69";"69383";"2";"1";"1";"6";"MONCEY                              (R )";"45,7561100";"4,8442000"
"201900026013";"7";"10";"2019";"12:23";"1";"2B";"2B120";"1";"9";"2";"4";"11 - RT";"42,6603000";"9,4420200"
"201900026014";"7";"10";"2019";"16:45";"1";"971";"97120";"2";"1";"1";"6";"PATRICK SAINT ELOI ( AVENUE )";"16,2470273";" -61,5334851"
"201900026015";"8";"10";"2019";"12:50";"1";"2A";"2A004";"2";"1";"1";"6";"NAPOLEON COURS APRES BEVERINI";"41,9273600";"8,7385200"
"201900026016";"8";"10";"2019";"08:50";"1";"2A";"2A004";"2";"1";"1";"6";"NAPOLEON COURS AVANT BEVERINI";"41,9192000";"8,7368000"
"201900026017";"7";"10";"2019";"19:40";"5";"2A";"2A004";"2";"1";"1";"2";"DEL PELLEGRINO RUE DOCTEUR FRANCOIS";"41,9290000";"8,7370000"
"201900026018";"8";"10";"2019";"12:40";"1";"95";"95539";"2";"1";"2";"5";"RUE DU LUAT ";"49,0123420";"2,3519300"
"201900026019";"1";"10";"2019";"18:00";"1";"91";"91521";"2";"3";"2";"6";"CLOS (RUE DU)";"48,6515400";"2,4020100"
"201900026020";"8";"10";"2019";"16:50";"1";"91";"91174";"2";"1";"2";"2";"JEAN JAURES (BOULEVARD)";"48,6059300";"2,4664400"
"201900026021";"4";"10";"2019";"16:05";"1";"91";"91425";"2";"1";"1";"6";"RN 20";"48,6515200";"2,2725500"
"201900026022";"4";"10";"2019";"15:40";"1";"91";"91457";"2";"1";"1";"6";"ALLENDE SALVADOR (AVENUE)";"48,5915400";"2,2591100"
"201900026023";"5";"10";"2019";"10:20";"1";"89";"89342";"1";"2";"1";"5";"PARIS (RUE DE)";"48,2215600";"3,2711500"
"201900026024";"7";"10";"2019";"13:55";"1";"86";"86194";"1";"1";"1";"6";"ROCADE OUEST (RD 910)";"46,5735900";"0,3141200"
"201900026025";"8";"10";"2019";"10:20";"1";"83";"83144";"2";"1";"1";"6";"BERTHELOT (RUE)";"43,1500100";"6,0412700"
"201900026026";"7";"10";"2019";"13:50";"1";"80";"80021";"2";"1";"1";"3";"GENERAL FOY (AVENUE DU )";"49,8921600";"2,2842700"
"201900026027";"6";"10";"2019";"00:10";"5";"80";"80021";"2";"1";"2";"6";"AGRICOLE SOYER (RUE)";"49,8989300";"2,2621200"
"201900026028";"7";"10";"2019";"17:00";"1";"80";"80001";"2";"1";"1";"3";"VOLTAIRE";"50,1042200";"1,8243600"
"201900026029";"8";"10";"2019";"14:03";"1";"79";"79258";"2";"1";"2";"7";"1 rue Saint-Nicolas";"46,9688620";" -0,2193000"
"201900026030";"4";"10";"2019";"09:35";"1";"79";"79191";"2";"1";"8";"6";"214 Avenue de Paris";"46,3294400";" -0,4434300"
"201900026031";"5";"10";"2019";"00:45";"3";"78";"78646";"1";"1";"1";"1";"SAINT CYR (ROUTE DE)";"48,8032990";"2,1029230"
"201900026032";"3";"10";"2019";"12:45";"1";"78";"78297";"2";"1";"1";"6";"AVENUE DE L'EUROPE";"48,7645600";"2,0687000"
"201900026033";"3";"10";"2019";"16:20";"1";"77";"77495";"2";"1";"8";"6";"D306";"48,5618500";"2,6330079"
"201900026034";"7";"10";"2019";"17:45";"1";"77";"77442";"2";"6";"1";"6";"D210 X RUE DES PREFOIX";"48,4252200";"2,7611500"
"201900026035";"8";"10";"2019";"00:45";"5";"76";"76498";"1";"1";"2";"6";"SUD III (RN 338)";"49,4344800";"1,0685900"
"201900026036";"7";"10";"2019";"07:45";"1";"74";"74012";"2";"1";"1";"3";"EUROPE (AVENUE DE L')";"46,1832760";"6,2321290"
"201900026037";"8";"10";"2019";"18:00";"1";"69";"69256";"2";"2";"1";"3";"MARCELIN BERTHELOT                  (R )";"45,7872500";"4,9223200"
"201900026038";"8";"10";"2019";"16:44";"1";"69";"69290";"2";"1";"1";"6";"ARISTIDE BRIAND (D 518)             (R )";"45,6909400";"4,9357600"
"201900026039";"5";"10";"2019";"19:33";"5";"69";"69029";"2";"3";"1";"4";"FRANKLIN ROOSEVELT                  (AV)";"45,7376300";"4,8963600"
"201900026040";"7";"10";"2019";"07:50";"1";"67";"67482";"2";"1";"8";"6";"OBERHAUSBERGEN (ROUTE D )";"48,5912500";"7,7231800"
"201900026041";"5";"10";"2019";"17:10";"1";"67";"67482";"2";"3";"8";"3";"ALTENHEIM (ROUTE D )";"48,5412700";"7,7672600"
"201900026042";"5";"10";"2019";"15:53";"1";"67";"67482";"2";"1";"8";"6";"COLMAR (AVENUE DE)";"48,5585800";"7,7490800"
"201900026043";"8";"10";"2019";"08:06";"1";"66";"66136";"1";"1";"1";"2";"MAS-DONAT (CHEMIN DU)";"42,7135800";"2,9059400"
"201900026044";"8";"10";"2019";"12:30";"1";"64";"64483";"1";"1";"1";"6";"ITHURRALDE ANDRE (AVENUE)";"43,3961837";" -1,6463957"
"201900026045";"8";"10";"2019";"08:45";"1";"64";"64129";"2";"1";"1";"3";"BAYONNE DE";"43,2995110";" -0,3914410"
"201900026046";"8";"10";"2019";"02:55";"5";"64";"64284";"2";"1";"1";"7";"RAUSKI";"43,2602646";" -0,3905430"
"201900026047";"5";"10";"2019";"02:50";"5";"64";"64125";"2";"1";"1";"6";"CUMBA (AVENUE)";"43,4468200";" -1,5781300"
"201900026048";"8";"10";"2019";"18:20";"1";"64";"64102";"2";"1";"1";"7";"ARITXAGUE (BD D')";"43,4828800";" -1,4926000"