"Num_Acc";"jour";"mois";"an";"hrmn";"lum";"dep";"com";"agg";"int";"atm";"col";"adr";"lat";"long"
"201900026049";"8";"10";"2019";"09:44";"1";"63";"63113";"2";"2";"1";"3";"JOUHAUX (BD LEON)";"45,8001100";"3,1123000"
"201900026050";"6";"10";"2019";"17:35";"1";"63";"63113";"2";"1";"8";"6";"UNION SOVIETIQUE (AVENUE DE L')";"45,7790135";"3,0998761"
"201900026051";"8";"10";"2019";"11:15";"1";"59";"59599";"2";"9";"2";"6";"FAIDHERBE (RUE )";"50,7189500";"3,1599600"
"201900026052";"4";"10";"2019";"09:00";"1";"57";"57591";"2";"1";"3";"6";"COMMERCE (RUE DU)";"49,2537400";"6,0939400"
"201900026053";"4";"10";"2019";"14:20";"1";"56";"56121";"2";"3";"1";"2";"GAILLEC (RUE  DU )";"47,7609400";" -3,4082900"
"201900026054";"2";"10";"2019";"22:10";"5";"54";"54395";"2";"1";"1";"7";"PHALSBOURG (RUE DE)";"48,6838900";"6,1809300"
"201900026055";"8";"10";"2019";"19:05";"5";"51";"51454";"2";"2";"2";"1";"RUE VOLTAIRE";"49,2548800";"4,0375900"
"201900026056";"8";"10";"2019";"07:30";"3";"51";"51454";"2";"1";"2";"6";"BOULEVARD DES BOUCHES DU RHONE";"49,2318900";"4,0190300"
"201900026057";"8";"10";"2019";"07:45";"5";"51";"51454";"2";"1";"2";"7";"AVENUE JEAN JAURES";"49,2608700";"4,0487300"
"201900026058";"7";"10";"2019";"09:20";"1";"51";"51454";"2";"1";"2";"2";"AVENUE PAUL MARCHANDEAU";"49,2445013";"4,0281385"
"201900026059";"5";"10";"2019";"17:05";"1";"50";"50602";"2";"1";"2";"2";"GOUBERT (RUE JEAN)";"49,6478300";" -1,5874100"
"201900026060";"6";"10";"2019";"03:05";"5";"49";"49007";"2";"1";"1";"3";"BOREAU";"47,4746000";" -0,5467700"
"201900026061";"6";"10";"2019";"18:45";"2";"49";"49007";"2";"1";"1";"6";"FAURE QUAI";"47,4798300";" -0,5514600"
"201900026062";"6";"10";"2019";"08:00";"1";"49";"49246";"2";"1";"1";"3";"GALLIENI AVENUE";"47,4343000";" -0,5264400"
"201900026063";"7";"10";"2019";"14:45";"1";"49";"49007";"2";"1";"2";"6";"VILLECHIEN";"47,4610500";" -0,5167000"
"201900026064";"7";"10";"2019";"13:00";"1";"49";"49007";"2";"1";"2";"6";"ESTIENNE D'ORVES BOULEVARD";"47,4600800";" -0,5182600"
"201900026065";"8";"10";"2019";"20:40";"5";"44";"44109";"1";"6";"2";"3";"CANCLAUX ( PLACE )";"47,2141800";" -1,5740400"
"201900026066";"8";"10";"2019";"07:30";"5";"44";"44162";"2";"1";"2";"3";"BOULEVARD FRANCOIS MITTERRAND";"47,2173800";" -1,6436600"
"201900026067";"6";"10";"2019";"21:20";"5";"38";"38169";"2";"1";"2";"6";"CURIE (BOULEVARD J.)";"45,1974100";"5,6934400"
"201900026068";"6";"10";"2019";"04:45";"3";"38";"38185";"2";"2";"1";"3";"BIR HAKEIM (PLACE)";"45,1888600";"5,7373300"
"201900026069";"8";"10";"2019";"19:10";"2";"37";"37195";"2";"1";"1";"2";"LOUIS XI (RUE)";"47,3757181";"0,6598177"
"201900026070";"8";"10";"2019";"15:10";"1";"37";"37261";"1";"1";"2";"6";"RD 37";"47,3776000";"0,6497400"
"201900026071";"8";"10";"2019";"08:00";"1";"37";"37261";"2";"9";"2";"6";"MALRAUX (QUAI ANDRE)";"47,3976104";"0,6960111"
"201900026072";"8";"10";"2019";"18:12";"2";"35";"35238";"2";"1";"1";"6";"MONTS D'ARREE (AVENUE DES)";"48,1366800";" -1,6672500"
"201900026073";"8";"10";"2019";"11:47";"1";"35";"35238";"2";"1";"2";"6";"CARREL (BD ALEXIS)";"48,1192000";" -1,6552100"
"201900026074";"8";"10";"2019";"08:15";"1";"35";"35238";"2";"6";"3";"6";"PAYS-BAS (AVENUE DES)";"48,0880100";" -1,6609700"
"201900026075";"8";"10";"2019";"16:50";"1";"34";"34172";"2";"1";"1";"6";"JEANBRAU (AVENUE DU PROFESSEUR EMILE)";"43,6346852";"3,8665330"
"201900026076";"7";"10";"2019";"17:30";"1";"34";"34172";"2";"1";"1";"6";"LODEVE (ROUTE DE)";"43,6154900";"3,8183300"
"201900026077";"8";"10";"2019";"10:15";"1";"33";"33063";"2";"2";"1";"3";"RUE LAGRANGE";"44,8516600";" -0,5819300"
"201900026078";"8";"10";"2019";"09:00";"1";"33";"33162";"2";"2";"1";"5";"AVE DU TAILLAN-MEDOC";"44,8832300";" -0,6550400"
"201900026079";"7";"10";"2019";"20:16";"5";"33";"33318";"2";"2";"1";"1";"RUE GUTENBERG";"44,7881400";" -0,6464600"
"201900026080";"7";"10";"2019";"08:15";"1";"33";"33318";"2";"1";"1";"3";"AVE PAUL MONTAGNE";"44,8067900";" -0,6428900"
"201900026081";"6";"10";"2019";"20:10";"5";"31";"31555";"2";"2";"1";"3";"EISENHOWER (AVENUE DU GENERAL)";"43,5599200";"1,3948600"
"201900026082";"5";"10";"2019";"13:10";"1";"31";"31555";"2";"1";"1";"1";"CHE DE PALEFICAT";"43,6523600";"1,4571200"
"201900026083";"4";"10";"2019";"15:45";"1";"31";"31555";"1";"1";"2";"4";"VA007331 A620";"43,6245900";"1,4180000"
"201900026084";"4";"10";"2019";"12:10";"1";"31";"31555";"1";"1";"2";"2";"VA007306 A64";"43,5602400";"1,4156500"
"201900026085";"16";"11";"2019";"11:25";"1";"29";"29019";"2";"1";"8";"7";"DOURJACQ";"48,4080700";" -4,4707700"
"201900026086";"8";"10";"2019";"13:35";"1";"27";"27701";"1";"1";"2";"3";"RD 6015";"49,2510000";"1,1884000"
"201900026087";"7";"10";"2019";"08:15";"1";"21";"21231";"2";"5";"8";"3";"NICOLAS ROLIN (QUAI)";"47,3166500";"5,0255400"
"201900026088";"7";"10";"2019";"19:10";"2";"17";"17306";"2";"2";"8";"3";"PONTAILLAC (DE) (AVENUE)";"45,6203200";" -1,0353300"
"201900026089";"8";"10";"2019";"17:25";"1";"17";"17300";"2";"1";"1";"6";"LECLERC   AVENUE DU GENERAL";"46,1630507";" -1,1646223"
"201900026090";"8";"10";"2019";"17:40";"1";"17";"17300";"2";"2";"8";"3";"ROBESPIERRE   AVENUE";"46,1531700";" -1,1237700"
"201900026091";"8";"10";"2019";"15:51";"1";"17";"17300";"1";"1";"2";"7";"RN 237";"46,1735146";" -1,2017968"
"201900026092";"8";"10";"2019";"08:00";"2";"17";"17300";"2";"3";"3";"3";"VESPUCCI   AVENUE AMERIGO";"46,1514200";" -1,1546600"
"201900026093";"7";"10";"2019";"14:19";"1";"17";"17300";"2";"6";"2";"3";"CHAMP DE MARS   AVENUE DU";"46,1690200";" -1,1501000"
"201900026094";"8";"10";"2019";"12:45";"1";"13";"13214";"2";"1";"1";"1";"CLAUDE MONET (avenue)";"43,3239900";"5,3932700"
"201900026095";"7";"10";"2019";"19:15";"2";"13";"13001";"1";"4";"1";"3";"GARDANNE (ROUTE DE )";"43,4893650";"5,4083330"
"201900026096";"5";"10";"2019";"09:50";"1";"11";"11262";"2";"6";"1";"2";"RD 6113 NARBONNE - CARCASSONNE";"43,1810700";"2,9689900"
"201900026097";"7";"10";"2019";"12:22";"1";"10";"10081";"1";"1";"8";"2";"ROCADE EST (RD 610)";"48,3276959";"4,0614823"
"201900026098";"8";"10";"2019";"09:19";"1";"6";"06088";"2";"3";"1";"6";"GAMBETTA (JUSQU'AU N° 62-73)";"43,6992340";"7,2562940"
"201900026099";"6";"10";"2019";"01:00";"5";"5";"05061";"2";"1";"1";"7";"GUILLAUME FAREL ( AVENUE )";"44,5579200";"6,0709600"
"201900026100";"7";"10";"2019";"12:10";"1";"3";"03013";"2";"4";"1";"3";"route de Decize";"46,5893151";"3,3420586"
"201900026101";"8";"10";"2019";"13:30";"1";"75";"75120";"2";"1";"2";"6";"BD PERIPHERIQUE INTERIEUR";"48,8731820";"2,4119050"
"201900026102";"7";"10";"2019";"15:35";"1";"75";"75112";"2";"1";"1";"2";"BD PERIPHERIQUE INTERIEUR";"48,8368700";"2,4124010"
"201900026103";"7";"10";"2019";"14:25";"1";"75";"75116";"2";"4";"1";"6";"ECHANGEUR SAINT CLOUD";"48,8393137";"2,2542222"
"201900026104";"8";"10";"2019";"09:00";"1";"75";"75106";"2";"1";"2";"6";"BOULEVARD SAINT MICHEL";"48,8437221";"2,3388694"
"201900026105";"8";"10";"2019";"18:50";"5";"75";"75120";"2";"4";"2";"7";"RUE DES PYRENEES";"48,8737176";"2,3895453"
"201900026106";"28";"1";"2019";"00:50";"5";"69";"69382";"2";"1";"8";"2";"PAUL MONTROCHET                     (R )";"45,7391800";"4,8196000"
"201900026107";"26";"1";"2019";"19:00";"5";"69";"69385";"2";"5";"1";"3";"KITCHENER MARCHAND                  (PT)";"45,7516700";"4,8216100"
"201900026108";"27";"1";"2019";"13:30";"1";"2B";"2B033";"2";"8";"1";"6";"PAOLI DU NR 1 A 20 - BLD";"42,6966500";"9,4481000"
"201900026109";"26";"1";"2019";"10:30";"1";"971";"97105";"2";"9";"2";"2";"PAUL LACAVE (AVENUE )";"15,9956500";" -61,7167900"
"201900026110";"27";"1";"2019";"13:40";"1";"91";"91421";"1";"1";"3";"2";"NATIONALE 6 (CES POMPIDOU)";"48,6951000";"2,4467000"
"201900026111";"26";"1";"2019";"15:25";"1";"83";"83050";"2";"9";"1";"3";"DE GAULLE(AVENUE CHARLES)";"43,5197500";"6,4723800"
"201900026112";"27";"1";"2019";"01:49";"5";"74";"74012";"2";"3";"1";"3";"VERDUN (AVENUE DE)";"46,1854300";"6,2420500"
"201900026113";"26";"1";"2019";"11:45";"1";"74";"74008";"2";"1";"1";"4";"MARTINIERE (RUE DE LA)";"46,1993240";"6,2246520"
"201900026114";"26";"1";"2019";"12:05";"1";"64";"64445";"2";"6";"1";"3";"FRANCOIS MITTERAND";"43,3303135";" -0,3559133"
"201900026115";"27";"1";"2019";"14:53";"1";"45";"45302";"1";"1";"1";"7";"D520 ROCADE";"47,9384700";"1,8886000"
"201900026116";"27";"1";"2019";"17:45";"3";"45";"45004";"1";"9";"4";"6";"RD 2060";"47,9845430";"2,7706520"
"201900026117";"27";"1";"2019";"09:30";"1";"37";"37122";"2";"1";"2";"6";"BORDEAUX (AVENUE DE)";"47,3577200";"0,6980300"
"201900026118";"26";"1";"2019";"18:15";"2";"34";"34172";"2";"1";"1";"2";"LIBERTE (AVENUE DE LA";"43,6002600";"3,8696000"
"201900026119";"26";"1";"2019";"19:30";"3";"27";"27681";"1";"1";"2";"6";"ILE DE FRANCE (AVENUE DE L')";"49,0765600";"1,5098000"
"201900026120";"26";"1";"2019";"16:55";"1";"27";"27554";"2";"1";"2";"7";"ROUEN (AVENUE DE)";"49,1321400";"1,4282200"
"201900026121";"21";"1";"2019";"13:40";"1";"22";"22113";"2";"1";"1";"6";"DONVAL (RUE NOEL)";"48,7280200";" -3,4608900"
"201900026122";"27";"1";"2019";"05:45";"3";"13";"13071";"1";"1";"1";"6";"PLAN DES PENNE ( CHEMIN DU )";"43,4109900";"5,3271860"
"201900026123";"27";"1";"2019";"20:40";"5";"13";"13208";"2";"1";"1";"6";"MENDES FRANCE (AVENUE)";"43,2559300";"5,3764900"
"201900026124";"27";"1";"2019";"03:50";"5";"13";"13204";"2";"3";"1";"3";"LIBERATION (BOULEVARD)";"43,3020000";"5,3940000"
"201900026125";"27";"1";"2019";"14:50";"1";"6";"06088";"2";"2";"1";"3";"RAYNAUD (BD AUGUSTE)";"43,7121000";"7,2587800"
"201900026126";"24";"1";"2019";"20:00";"5";"3";"03098";"2";"1";"1";"1";"avenue du 4 septembre";"46,3547849";"2,6147718"
"201900026127";"27";"1";"2019";"20:50";"5";"75";"75119";"2";"2";"2";"6";"RUE DU DOCTEUR POTAIN";"48,8782600";"2,3979290"
"201900026128";"27";"1";"2019";"19:30";"5";"75";"75119";"2";"2";"2";"6";"AVENUE DE LA PORTE CHAUMONT";"48,8862370";"2,3967270"
"201900026129";"27";"1";"2019";"16:05";"1";"75";"75119";"2";"2";"2";"3";"RUE PETIT";"48,8851020";"2,3837680"
"201900026130";"27";"1";"2019";"00:45";"4";"75";"75118";"2";"2";"2";"6";"RUE DAMREMONT";"48,8868040";"2,3325240"
"201900026131";"27";"1";"2019";"19:00";"5";"75";"75117";"2";"4";"2";"6";"BOULEVARD PERSHING";"48,8789800";"2,2817810"
"201900026132";"27";"1";"2019";"16:20";"1";"75";"75115";"2";"1";"2";"3";"RUE DE LA CONVENTION";"48,8426880";"2,2843800"
"201900026133";"27";"1";"2019";"12:47";"1";"75";"75113";"2";"3";"2";"6";"RUE DE TOLBIAC";"48,8263390";"2,3614850"
"201900026134";"26";"1";"2019";"22:30";"5";"75";"75109";"2";"2";"2";"3";"RUE DE DUNKERQUE";"48,8823560";"2,3457100"
"201900026135";"27";"1";"2019";"16:25";"1";"75";"75108";"2";"7";"3";"3";"PLACE DE LA CONCORDE";"48,8643640";"2,3203630"
"201900026136";"27";"1";"2019";"16:17";"1";"75";"75107";"2";"2";"2";"6";"AVENUE DE LA BOURDONNAIS";"48,8599370";"2,2965790"
"201900026137";"27";"1";"2019";"04:05";"5";"75";"75107";"2";"3";"2";"7";"RUE DES SAINTS PERES";"48,8551150";"2,3307670"
"201900026138";"27";"1";"2019";"03:35";"4";"75";"75101";"2";"3";"2";"3";"RUE DE L AMIRAL DE COLIGNY";"48,8595110";"2,3401220"
"201900026139";"26";"1";"2019";"20:45";"5";"75";"75103";"2";"2";"2";"6";"RUE DE TURENNE";"48,8619470";"2,3645880"
"201900026140";"27";"1";"2019";"19:15";"5";"94";"94067";"2";"1";"2";"6";"DAUMESNIL (AV)";"48,8342400";"2,4170300"
"201900026141";"27";"1";"2019";"14:55";"1";"94";"94075";"2";"1";"2";"5";"MARECHAL DE LATTRE DE TASSIGNY (AV)";"48,7274800";"2,5313700"
"201900026142";"27";"1";"2019";"04:50";"3";"93";"93073";"1";"1";"2";"5";"CHAPIT RE ( RUE DU)";"49,0027950";"2,5369440"
"201900026143";"26";"1";"2019";"15:06";"1";"93";"93006";"2";"3";"2";"3";"GIRARDOT RUE";"48,8747200";"2,4253700"
"201900026144";"27";"1";"2019";"17:00";"5";"93";"93001";"2";"2";"2";"6";"FRANCE ANATOLE (BOULEVARD) NR AUTRES";"48,9035900";"2,3917200"
"201900026145";"27";"1";"2019";"23:20";"3";"64";"64301";"1";"1";"3";"3";"départementale 111";"43,3570780";" -0,6708220"
"201900026146";"16";"1";"2019";"22:38";"3";"22";"22164";"1";"1";"1";"1";"RD767, lieu-dit le manège, sens GUINGAMP LANNION";"48,5810056";" -3,2332603"
"201900026147";"28";"1";"2019";"19:30";"3";"72";"72124";"1";"1";"1";"7";"Route de la Falaise";"47,8433840";"0,2554600"
"201900026148";"27";"1";"2019";"22:15";"3";"30";"30092";"1";"1";"1";"1";"départementale 6086";"44,0989132";"4,6024816"
"201900026149";"28";"1";"2019";"12:00";"1";"56";"56140";"1";"4";"1";"3";"lieu dit Kerladen";"47,9472920";" -2,8450770"
"201900026150";"28";"1";"2019";"11:50";"1";"56";"56070";"1";"1";"8";"1";"RD4";"47,9299120";" -2,5327070"
"201900026151";"25";"1";"2019";"17:00";"3";"74";"74141";"2";"1";"1";"6";"route d'annecy - D14";"45,9046860";"5,9853460"
"201900026152";"27";"1";"2019";"19:15";"3";"34";"34114";"1";"1";"2";"3";"D32";"43,6390200";"3,5366630"
"201900026153";"28";"1";"2019";"06:40";"3";"34";"34223";"1";"1";"1";"5";"D 909 PK 10.800.";"43,4342600";"3,2170100"
"201900026154";"28";"1";"2019";"16:15";"1";"22";"22079";"1";"1";"1";"7";"la villeneuve de l'argentaie";"48,3916860";" -2,6599780"
"201900026155";"26";"1";"2019";"06:00";"3";"44";"44068";"1";"1";"2";"1";"Le clos de l'alouette";"47,4911100";" -1,8976440"
"201900026156";"28";"1";"2019";"13:45";"1";"31";"31345";"1";"9";"1";"3";"d 12";"43,3768810";"1,4167110"
"201900026157";"27";"1";"2019";"17:00";"1";"31";"31490";"1";"1";"3";"5";"RD 820";"43,7600720";"1,3604300"
"201900026158";"27";"1";"2019";"16:35";"1";"1";"01243";"2";"1";"8";"7";"Chemin de la rivière";"46,0490486";"4,7710416"
"201900026159";"23";"1";"2019";"07:45";"5";"70";"70467";"2";"1";"2";"6";"44 avenue Albert thomas";"47,8838130";"6,2782610"
"201900026160";"28";"1";"2019";"17:15";"1";"14";"14331";"1";"3";"1";"3";"D4/D16";"49,0266320";" -0,0294050"
"201900026161";"27";"1";"2019";"20:55";"3";"5";"05012";"1";"1";"1";"1";"RD40 PK2";"44,5359000";"6,4981260"
"201900026162";"20";"1";"2019";"08:30";"1";"43";"43218";"1";"1";"1";"1";"NOUSTOULET";"45,0263580";"4,0202140"
"201900026163";"28";"1";"2019";"09:40";"1";"7";"07010";"2";"9";"1";"6";"Avenue de Backnang";"45,2495030";"4,6720600"
"201900026164";"28";"1";"2019";"14:25";"1";"85";"85234";"1";"1";"1";"6";"137 Route de Notre Dame de Monts";"46,8036900";" -2,0899000"
"201900026165";"27";"1";"2019";"20:25";"5";"987";"98734";"2";"1";"1";"1";"PK 31.100, RT01, face à la source Papemato";" -17,7212520";" -149,4966380"
"201900026166";"28";"1";"2019";"10:15";"1";"28";"28002";"1";"1";"2";"6";"départementale 12";"48,1898370";"1,8531250"
"201900026167";"24";"1";"2019";"12:40";"1";"971";"97107";"1";"1";"1";"6";"RN 1";"16,0330870";" -61,5727300"
"201900026168";"27";"1";"2019";"20:45";"3";"13";"13004";"1";"1";"1";"2";"RN 572";"43,6831940";"4,5833120"
"201900026169";"27";"1";"2019";"00:55";"3";"71";"71046";"1";"1";"2";"6";"RD 240";"46,7206570";"4,1725470"
"201900026170";"28";"1";"2019";"14:20";"1";"69";"69254";"1";"1";"1";"6";"D82, PK 1";"45,9460700";"4,4336700"
"201900026171";"27";"1";"2019";"16:53";"1";"9";"09157";"2";"1";"3";"6";"Rue Gabriel PERI";"42,9726250";"1,8613850"
"201900026172";"26";"1";"2019";"13:15";"1";"17";"17219";"2";"3";"1";"3";"avenue des frères Jabouilles";"45,8242730";" -1,1042370"
"201900026173";"27";"1";"2019";"13:45";"1";"13";"13005";"1";"1";"1";"2";"A50-Sens Marseille vers Aubagne";"43,2870000";"5,5424000"
"201900026174";"27";"1";"2019";"04:50";"3";"13";"13210";"2";"1";"1";"6";"A50-Sens Aubagne vers Marseille";"43,2912910";"5,4850430"
"201900026175";"26";"1";"2019";"21:30";"5";"13";"13203";"2";"1";"1";"5";"A7-Sens Marseille vers Lyon";"43,3198100";"5,3782000"
"201900026176";"26";"1";"2019";"01:15";"5";"13";"13028";"1";"9";"1";"2";"A50-Sens Aubagne vers Toulon";"43,2050300";"5,5907400"
"201900026177";"25";"1";"2019";"19:20";"3";"13";"13215";"1";"1";"1";"2";"A7-Sens Lyon vers Marseille";"43,3697100";"5,3609100"
"201900026178";"25";"1";"2019";"18:30";"3";"13";"13215";"1";"1";"1";"2";"A55-Sens Martigues vers Marseille";"43,3311000";"5,3540400"
"201900026179";"27";"1";"2019";"18:20";"3";"69";"69282";"1";"1";"8";"6";"RD302   0.400 A 4.620";"45,7611000";"5,0328000"
"201900026180";"26";"1";"2019";"06:00";"5";"69";"69244";"1";"1";"1";"7";"A6   451.640 A 451.790";"45,7719200";"4,7892400"
"201900026181";"26";"1";"2019";"20:40";"3";"1";"01275";"1";"1";"1";"3";"A46N 25.180 A 25.680";"45,8057100";"4,9248600"
"201900026182";"27";"1";"2019";"15:25";"1";"33";"33397";"1";"1";"2";"6";"AUTOROUTE A 10";"44,9111470";" -0,4867200"
"201900026183";"27";"1";"2019";"18:15";"4";"95";"95582";"1";"1";"2";"6";"AUTOROUTE A15";"48,9629400";"2,2653200"
"201900026184";"27";"1";"2019";"15:50";"1";"94";"94017";"1";"1";"2";"6";"A4";"48,8131000";"2,5084100"
"201900026185";"27";"1";"2019";"12:10";"1";"77";"77294";"1";"1";"2";"4";"A104";"48,9707100";"2,5963200"
"201900026186";"27";"1";"2019";"07:15";"3";"77";"77294";"1";"1";"2";"2";"A104";"48,9707100";"2,5963200"
"201900026187";"26";"1";"2019";"05:10";"3";"77";"77337";"1";"1";"2";"6";"A4";"48,8303600";"2,6246000"
"201900026188";"7";"1";"2019";"07:15";"1";"974";"97409";"1";"1";"2";"6";"RN2 Sens St Benoit St Denis";" -20,9420200";"55,6470200"
"201900026189";"21";"1";"2019";"17:40";"2";"86";"86194";"2";"1";"1";"3";"PAUL VERLAINE (RUE)";"46,5669452";"0,3602958"
"201900026190";"25";"1";"2019";"15:45";"1";"69";"69264";"2";"9";"1";"6";"HERON  PHILIPPE   R";"45,9891600";"4,7117500"
"201900026191";"19";"1";"2019";"15:28";"1";"22";"22106";"1";"1";"2";"2";"SAINT-ILAN (RUE DE)";"48,5062300";" -2,7032600"
"201900026192";"18";"1";"2019";"19:10";"3";"22";"22360";"1";"1";"1";"2";"RD700";"48,4927000";" -2,7626000"
"201900026193";"25";"1";"2019";"16:23";"1";"94";"94071";"2";"1";"2";"6";"GEORGES POMPIDOU (AV)";"48,7714300";"2,5247500"
"201900026194";"24";"1";"2019";"17:30";"2";"94";"94071";"2";"1";"1";"1";"BONNEUIL (AV DE)";"48,7696900";"2,5102000"
"201900026195";"21";"1";"2019";"01:35";"5";"93";"93066";"1";"1";"1";"7";"AUTOROUTE A1";"48,9299600";"2,3641800"
"201900026196";"17";"1";"2019";"11:00";"1";"988";"98818";"2";"2";"1";"3";"ROUTE DU PORT DESPOINTES/STRASBOURG";" -22,2785300";"166,4509600"
"201900026197";"23";"1";"2019";"12:33";"1";"987";"98735";"2";"2";"1";"3";"POILUS TAHITIENS (RUE)";" -17,5452100";" -149,5744500"
"201900026198";"25";"1";"2019";"18:50";"2";"976";"97611";"2";"1";"1";"1";"m'tsapere-M'tsapéré- M'tsangani ( rue )";" -12,7887500";"45,2224300"
"201900026199";"25";"1";"2019";"16:30";"1";"976";"97611";"2";"1";"1";"3";"doujani-Carrière ( rue de la )";" -12,7930800";"45,2173000"
"201900026200";"24";"1";"2019";"18:45";"5";"976";"97611";"2";"1";"1";"2";"kaweni-Centrale EDM (rue de la )";" -12,7585860";"45,2310200"
"201900026201";"24";"1";"2019";"10:53";"1";"976";"97611";"2";"1";"1";"6";"kaweni-Poste ( rue de la )";" -12,7730500";"45,2230400"
"201900026202";"24";"1";"2019";"19:35";"5";"974";"97416";"2";"2";"1";"7";"LEBLOND 1 (RUE MARIUS ET ARY)";" -21,3374900";"55,4738800"
"201900026203";"20";"1";"2019";"20:40";"3";"974";"97416";"1";"1";"1";"2";"Allée de la zone";" -21,2999900";"55,4737000"
"201900026204";"25";"1";"2019";"20:00";"3";"974";"97411";"1";"1";"2";"5";"Route du Littoral";" -20,8758800";"55,4176800"
"201900026205";"24";"1";"2019";"19:06";"3";"974";"97411";"1";"1";"1";"6";"Route des ananas";" -20,9190000";"55,4810800"
"201900026206";"26";"1";"2019";"15:20";"1";"974";"97409";"2";"3";"1";"2";"LAGOURGUE(CHEMIN)";" -20,9480530";"55,6624791"
"201900026207";"25";"1";"2019";"16:50";"1";"973";"97302";"1";"3";"1";"3";"MONTABO (ROUTE DE) 1";"4,9434749";" -52,3069757"
"201900026208";"25";"1";"2019";"13:20";"1";"973";"97302";"2";"9";"1";"6";"ROUTE NATIONALE 1";"4,9245820";" -52,3291000"
"201900026209";"24";"1";"2019";"12:15";"1";"973";"97302";"2";"5";"1";"3";"MANGO (ROUTE)";"4,9295792";" -52,3151136"
"201900026210";"25";"1";"2019";"11:20";"1";"973";"97302";"2";"9";"1";"1";"FELIX EBOUE(ROCADE)";"4,9312253";" -52,3128605"
"201900026211";"24";"1";"2019";"06:40";"2";"973";"97302";"2";"1";"1";"3";"FELIX EBOUE(ROCADE)";"4,9301992";" -52,3142338"
"201900026212";"26";"1";"2019";"21:40";"5";"69";"69259";"2";"1";"1";"7";"IRENE JOLIOT CURIE                  (BD)";"45,7212400";"4,8741900"
"201900026213";"26";"1";"2019";"21:25";"5";"69";"69259";"2";"9";"1";"2";"VIENNE (DE)                         (RO)";"45,7171200";"4,8550300"
"201900026214";"26";"1";"2019";"17:00";"2";"69";"69387";"2";"1";"1";"2";"MARCEL MERIEUX                      (R )";"45,7279900";"4,8302200"
"201900026215";"25";"1";"2019";"08:50";"1";"69";"69387";"2";"1";"1";"6";"GERLAND (DE)                        (R )";"45,7303300";"4,8381100"
"201900026216";"25";"1";"2019";"08:20";"1";"69";"69383";"2";"2";"1";"3";"SERVIENT                            (R )";"45,7604100";"4,8496000"
"201900026217";"24";"1";"2019";"19:45";"5";"69";"69259";"2";"1";"1";"6";"AMBROISE CROIZAT                    (BD)";"45,6996900";"4,8875400"
"201900026218";"23";"1";"2019";"16:35";"1";"69";"69259";"2";"2";"8";"3";"11 NOVEMBRE 1918 (DU)               (AV)";"45,6908400";"4,8660900"
"201900026219";"23";"1";"2019";"09:15";"1";"69";"69388";"2";"2";"4";"6";"ETATS UNIS (DES)                    (BD)";"45,7294100";"4,8674400"
"201900026220";"23";"1";"2019";"07:35";"2";"69";"69388";"2";"1";"4";"6";"JEAN MERMOZ                         (AV)";"45,7362400";"4,8697400"
"201900026221";"25";"1";"2019";"07:45";"1";"972";"97213";"2";"6";"1";"3";"AEROPORT (ROND POINT DE L')";"14,5981900";" -61,0015100"
"201900026222";"24";"1";"2019";"14:48";"1";"972";"97213";"2";"5";"1";"3";"VICTOR LAMON";"14,6214500";" -60,9881900"
"201900026223";"26";"1";"2019";"16:50";"1";"972";"97209";"1";"1";"3";"7";"RD 41 (ROCADE)";"14,6162000";" -61,0558800"
"201900026224";"24";"1";"2019";"08:50";"1";"69";"69202";"2";"9";"1";"6";"ST LUC                              (PL)";"45,7501100";"4,8004100"
"201900026225";"24";"1";"2019";"07:50";"1";"69";"69389";"2";"1";"2";"6";"JOANNES CARRET                      (R )";"45,7927700";"4,8195500"
"201900026226";"23";"1";"2019";"15:45";"1";"69";"69389";"2";"7";"8";"2";"ABBE PIERRE                        (PL)";"45,7864400";"4,7953600"
"201900026227";"23";"1";"2019";"15:30";"1";"69";"69389";"2";"1";"2";"3";"TISSOT                              (R )";"45,7761900";"4,8021000"
"201900026228";"22";"1";"2019";"22:48";"5";"69";"69382";"2";"1";"1";"6";"VERDUN PERRACHE                     (VO)";"45,7490100";"4,8281400"
"201900026229";"16";"1";"2019";"08:10";"1";"69";"69389";"2";"3";"1";"6";"DOCTEURS CORDIER (DES)              (R )";"45,8006100";"4,8334800"
"201900026230";"16";"1";"2019";"15:20";"1";"2B";"2B033";"2";"1";"1";"2";"11 - RT";"42,6902400";"9,4481400"
"201900026231";"22";"1";"2019";"05:30";"2";"971";"97101";"2";"2";"1";"6";"BOULEVARD DES HEROS";"16,2488120";" -61,5252720"
"201900026232";"23";"1";"2019";"07:00";"1";"971";"97120";"2";"1";"1";"6";"RUE EUVREMONT GENE";"16,2500000";" -61,5451000"
"201900026233";"23";"1";"2019";"16:00";"1";"971";"97107";"2";"1";"1";"6";"DUMANOIR ( ALLEE )";"16,0310100";" -61,5705000"
"201900026234";"24";"1";"2019";"10:10";"1";"2A";"2A004";"2";"3";"8";"3";"CALVI  ROUTE";"41,9585400";"8,7806100"
"201900026235";"26";"1";"2019";"23:50";"3";"95";"95268";"2";"1";"1";"4";"AV DU HUIT MAI 1945";"48,9742500";"2,4054600"