"Num_Acc";"jour";"mois";"an";"hrmn";"lum";"dep";"com";"agg";"int";"atm";"col";"adr";"lat";"long"
"201900026236";"25";"1";"2019";"17:45";"5";"95";"95637";"2";"1";"2";"6";"OISE (BOULEVARD DE L')";"49,0309500";"2,0213200"
"201900026237";"24";"1";"2019";"17:40";"5";"95";"95018";"1";"1";"2";"2";"CORMEILLES (ROUTE DE)";"48,9601000";"2,2259000"
"201900026238";"25";"1";"2019";"15:02";"1";"91";"91687";"2";"9";"8";"3";"TOUSSAINT LOUVERTURE (RUE)";"48,6562000";"2,3719100"
"201900026239";"24";"1";"2019";"07:05";"5";"91";"91182";"2";"1";"1";"3";"TRAITE DE ROME (ROND-POINT DU)";"48,6252500";"2,4068200"
"201900026240";"23";"1";"2019";"19:05";"2";"91";"91223";"2";"3";"1";"3";"MONTFAUCON (BOULEVARD DE)";"48,4403100";"2,1602100"
"201900026241";"23";"1";"2019";"06:15";"3";"91";"91223";"1";"1";"1";"7";"R.N.20";"48,4378000";"2,1640100"
"201900026242";"24";"1";"2019";"08:05";"2";"91";"91103";"2";"3";"1";"1";"BASTIE MARYSE (AVENUE)";"48,6030000";"2,3110000"
"201900026243";"26";"1";"2019";"22:00";"5";"88";"88160";"2";"6";"2";"7";"GUILGOT (PL.)";"48,1767620";"6,4507170"
"201900026244";"23";"1";"2019";"12:55";"1";"87";"87065";"1";"3";"1";"3";"RD 704";"45,7982500";"1,2956300"
"201900026245";"25";"1";"2019";"06:40";"5";"86";"86194";"2";"1";"8";"7";"ROCADE EST (RD 162)";"46,5734200";"0,3711500"
"201900026246";"10";"1";"2019";"18:00";"5";"86";"86194";"2";"9";"1";"6";"11 NOVEMBRE (AVENUE DU)";"46,5675000";"0,3666700"
"201900026247";"23";"1";"2019";"16:40";"1";"85";"85194";"1";"1";"1";"6";"Rue Jacques MONOD ";"46,5159110";" -1,7512000"
"201900026248";"20";"1";"2019";"16:00";"1";"84";"84087";"2";"1";"1";"5";"VERDUN (AVENUE DE)";"44,1285000";"4,8204900"
"201900026249";"24";"1";"2019";"07:25";"2";"83";"83137";"2";"1";"1";"6";"FARON (BD DU)";"43,1357700";"5,9249700"
"201900026250";"23";"1";"2019";"07:50";"1";"83";"83069";"2";"2";"1";"3";"GODILLOT  ( AVENUE ALEXIS )";"43,1108700";"6,1241600"
"201900026251";"23";"1";"2019";"16:20";"1";"82";"82121";"1";"1";"1";"1";"ROUTE DE BORDEAUX";"44,0363200";"1,3108500"
"201900026252";"24";"1";"2019";"12:20";"1";"80";"80702";"2";"6";"1";"3";"N/A";"49,8377500";"2,3100900"
"201900026253";"22";"1";"2019";"10:45";"1";"80";"80702";"1";"1";"4";"1";"N/A";"49,8467990";"2,3120790"
"201900026254";"22";"1";"2019";"18:28";"5";"78";"78311";"2";"1";"2";"6";"JEAN JAURES (BOULEVARD) - COTE IMPAIR";"48,9239700";"2,2027400"
"201900026255";"24";"1";"2019";"21:20";"3";"77";"77215";"1";"1";"2";"2";"RN4 HORS AGGLOMERATION";"48,7339700";"2,7295800"
"201900026256";"25";"1";"2019";"10:30";"1";"77";"77506";"1";"1";"5";"6";"D 403";"48,2960600";"2,8169000"
"201900026257";"26";"1";"2019";"01:00";"3";"77";"77210";"1";"1";"2";"6";"RD 605";"48,4062800";"2,9294900"
"201900026258";"15";"1";"2019";"16:30";"1";"77";"77296";"2";"3";"1";"6";"ROUGET DE L'ISLE (RUE)";"48,6305300";"2,5894800"
"201900026259";"20";"1";"2019";"23:40";"3";"77";"77028";"1";"1";"1";"1";"D209";"48,7647200";"3,1225400"
"201900026260";"24";"1";"2019";"08:25";"2";"76";"76498";"2";"1";"5";"7";"BARBUSSE. PLACE HENRI";"49,4300300";"1,0528100"
"201900026261";"24";"1";"2019";"14:30";"1";"76";"76351";"1";"1";"1";"6";"RD 6382";"49,5327848";"0,1162255"
"201900026262";"24";"1";"2019";"21:15";"5";"76";"76351";"2";"1";"1";"6";"GENERAL DE GAULLE";"49,5194900";"0,1570200"
"201900026263";"24";"1";"2019";"11:10";"1";"76";"76351";"2";"1";"1";"3";"COMMANDANT ABADIE";"49,5013600";"0,1807100"
"201900026264";"23";"1";"2019";"08:15";"5";"76";"76341";"2";"3";"1";"6";"RESISTANCE (AVENUE DE LA)";"49,5046300";"0,2005300"
"201900026265";"25";"1";"2019";"18:00";"5";"76";"76217";"2";"1";"8";"6";"BERIGNY (BOULEVARD)";"49,9235700";"1,0813200"
"201900026266";"24";"1";"2019";"18:20";"5";"72";"72181";"2";"1";"1";"3";"LIBERATION (AV DE LA) N° IMP 147 ET+";"48,0023600";"0,1851400"
"201900026267";"23";"1";"2019";"16:30";"1";"72";"72095";"2";"1";"1";"3";"MOULIN JEAN (RUE)";"48,0312700";"0,2041600"
"201900026268";"23";"1";"2019";"08:00";"2";"72";"72181";"2";"1";"1";"3";"COURBOULAY PAUL (RUE)";"48,0059000";"0,1920500"
"201900026269";"24";"1";"2019";"08:30";"1";"71";"71306";"2";"1";"1";"6";"JEAN BOUVERI (RUE)";"46,6742000";"4,3679400"
"201900026270";"25";"1";"2019";"23:13";"5";"69";"69290";"2";"2";"1";"5";"LYON (DE) (D 518)                   (RO)";"45,7076400";"4,9078300"
"201900026271";"25";"1";"2019";"16:50";"2";"69";"69290";"2";"3";"1";"3";"LYONNAIS (DU)                       (MO)";"45,7032800";"4,8954100"
"201900026272";"25";"1";"2019";"12:30";"1";"69";"69290";"2";"3";"1";"5";"LYON (DE) (D 318)                   (RO)";"45,7074700";"4,9077200"
"201900026273";"5";"9";"2019";"08:14";"1";"49";"49007";"2";"1";"1";"2";"MIMOSAS";"47,4718800";" -0,5421600"
"201900026274";"5";"9";"2019";"08:09";"1";"49";"49015";"2";"1";"1";"3";"CROIX CADEAU LIEU DIT";"47,5210100";" -0,6115800"
"201900026275";"7";"9";"2019";"13:20";"1";"45";"45234";"2";"3";"1";"7";"BD DE QUEBEC - R DES SANSONNIERES";"47,9143860";"1,9042220"
"201900026276";"6";"9";"2019";"13:00";"1";"45";"45234";"2";"1";"1";"6";"BD DE VERDUN";"47,9068300";"1,9032700"
"201900026277";"6";"9";"2019";"08:15";"2";"45";"45285";"2";"1";"7";"6";"40 RUE BRISE PAIN";"47,9024640";"1,8843250"
"201900026278";"5";"9";"2019";"08:00";"1";"45";"45234";"2";"7";"1";"2";"AVENUE JEAN ZAY";"47,9066430";"1,9219570"
"201900026279";"7";"9";"2019";"13:50";"1";"45";"45338";"2";"1";"2";"7";"RUE NICEPHORE NIEPCE";"47,9810600";"2,7109800"
"201900026280";"17";"9";"2019";"13:20";"1";"44";"44184";"2";"1";"1";"6";"MITTERRAND (AVENUE FRANÇOIS)";"47,2703000";" -2,2254000"
"201900026281";"6";"9";"2019";"08:20";"1";"44";"44184";"2";"2";"1";"3";"AVENUE RÉPUBLIQUE/BD RENAISSANCE";"47,2829600";" -2,2113200"
"201900026282";"8";"9";"2019";"01:14";"5";"44";"44109";"2";"1";"1";"6";"RUE DE STRASBOURG";"47,2183500";" -1,5534400"
"201900026283";"7";"9";"2019";"23:00";"5";"44";"44162";"2";"6";"1";"3";"ROUTE DE VANNES/BD DU MASSACRE";"47,2374800";" -1,5861300"
"201900026284";"7";"9";"2019";"20:55";"4";"44";"44162";"2";"1";"1";"4";"RUE DE L'ANGELIQUE DES ESTUAIRES";"47,2019600";" -1,6212500"
"201900026285";"5";"9";"2019";"21:35";"5";"44";"44109";"2";"2";"1";"3";"AVENUE CHANZY / RUE LASNE";"47,2255100";" -1,5481700"
"201900026286";"7";"9";"2019";"16:45";"1";"42";"42095";"2";"1";"1";"2";"BARGE (PLACE DE LA)";"45,4006500";"4,2902700"
"201900026287";"5";"9";"2019";"08:20";"1";"41";"41018";"2";"1";"1";"4";"EUROPE (AVENUE DE L') N° PAIRS";"47,5900300";"1,2988600"
"201900026288";"4";"9";"2019";"22:05";"5";"41";"41212";"2";"1";"1";"7";"NATIONALE (ROUTE)-RD956b";"47,5718900";"1,3573300"
"201900026289";"6";"9";"2019";"17:40";"1";"38";"38151";"2";"2";"1";"3";"COURS JEAN JAURÈS";"45,1460300";"5,7048100"
"201900026290";"7";"9";"2019";"12:15";"1";"38";"38185";"2";"1";"1";"6";"AVENUE JEAN PERROT";"45,1771800";"5,7366600"
"201900026291";"7";"9";"2019";"15:07";"1";"37";"37208";"2";"1";"1";"3";"DE GAULLE (AV. DU GAL)";"47,3607653";"0,7495667"
"201900026292";"6";"9";"2019";"19:49";"1";"37";"37261";"2";"1";"1";"6";"ALOUETTE (AVENUE)";"47,3620162";"0,6957831"
"201900026293";"7";"9";"2019";"10:50";"1";"37";"37122";"1";"1";"1";"7";"RD 37";"47,3635900";"0,6494100"
"201900026294";"7";"9";"2019";"09:00";"1";"37";"37208";"2";"3";"1";"1";"GRANGES GALANT (RUE DES)";"47,3703807";"0,7181388"
"201900026295";"6";"9";"2019";"08:15";"2";"37";"37261";"2";"2";"1";"2";"CARLOTTI (AVENUE CHANOINE)";"47,3599900";"0,7066300"
"201900026296";"6";"9";"2019";"07:50";"2";"37";"37122";"2";"1";"1";"6";"CUGNOT (RUE JOSEPH)";"47,3451500";"0,6432000"
"201900026297";"4";"9";"2019";"19:00";"1";"35";"35238";"1";"9";"1";"3";"PORTE DES LOGES";"48,0904000";" -1,6298500"
"201900026298";"6";"9";"2019";"16:30";"1";"35";"35238";"2";"6";"1";"7";"DE LESSEPS (FERDINAND)";"48,1017000";" -1,7072000"
"201900026299";"6";"9";"2019";"13:50";"1";"35";"35238";"1";"1";"1";"6";"PORTE DE LORIENT";"48,1149000";" -1,7190400"
"201900026300";"6";"9";"2019";"14:55";"1";"35";"35238";"2";"3";"1";"1";"TILLON (AVENUE CHARLES)";"48,1244880";" -1,7093260"
"201900026301";"5";"9";"2019";"08:25";"1";"35";"35238";"2";"9";"1";"2";"BREST (DE)";"48,1114800";" -1,6901800"
"201900026302";"4";"9";"2019";"19:47";"2";"35";"35238";"2";"1";"1";"6";"FOUGERES (ROUTE DE)";"48,1286500";" -1,6466100"
"201900026303";"4";"9";"2019";"12:30";"1";"35";"35238";"2";"2";"1";"6";"GUERINAIS (BD DE LA)";"48,0996200";" -1,7112100"
"201900026304";"7";"9";"2019";"05:00";"5";"34";"34172";"2";"1";"1";"1";"MARIE DE MONTPELLIER";"43,5999000";"3,8958000"
"201900026305";"6";"9";"2019";"21:25";"5";"34";"34172";"2";"3";"1";"3";"SAINT-JUST (RUE)";"43,6001832";"3,8441908"
"201900026306";"7";"9";"2019";"01:20";"5";"33";"33063";"2";"1";"1";"6";"BD DES FRERES MOGA";"44,8291400";" -0,5521000"
"201900026307";"6";"9";"2019";"21:20";"5";"33";"33063";"2";"3";"1";"3";"Q. des Chartrons face au Crs du Médoc";"44,8555100";" -0,5635800"
"201900026308";"6";"9";"2019";"05:00";"5";"33";"33063";"2";"4";"1";"6";"Av Général Leclerc / R. Godard (Caudéran)";"44,8552900";" -0,6139700"
"201900026309";"6";"9";"2019";"11:30";"1";"33";"33162";"2";"2";"1";"3";"RUE DU VIGNAN";"44,8861700";" -0,6564900"
"201900026310";"6";"9";"2019";"09:10";"1";"33";"33075";"2";"1";"1";"5";"AVE J. CHABAN DELMAS";"44,8980100";" -0,5820600"
"201900026311";"5";"9";"2019";"16:25";"1";"33";"33192";"2";"1";"1";"3";"RUE D'ORNON";"44,7724300";" -0,6402100"
"201900026312";"4";"9";"2019";"18:50";"1";"33";"33192";"2";"3";"1";"3";"GAULLE (CRS DU GENERAL DE)";"44,7823800";" -0,6074300"
"201900026313";"4";"9";"2019";"07:00";"1";"33";"33550";"2";"2";"1";"3";"RTE DE LEOGNAN";"44,7598000";" -0,5825500"
"201900026314";"4";"9";"2019";"11:30";"1";"33";"33009";"2";"1";"1";"3";"44 bis COURS LAMARQUE PLAISANCE";"44,6612400";" -1,1724200"
"201900026315";"6";"9";"2019";"15:20";"1";"32";"32013";"1";"1";"1";"2";"VIC (ROUTE DE)";"43,6558600";"0,5552200"
"201900026316";"6";"9";"2019";"12:50";"1";"31";"31555";"2";"1";"1";"6";"RUE DU LANGUEDOC";"43,5992690";"1,4456410"
"201900026317";"5";"9";"2019";"11:58";"1";"31";"31555";"2";"1";"1";"5";"BD HENRI GAUSSEN";"43,6619400";"1,4326400"
"201900026318";"5";"9";"2019";"03:15";"5";"31";"31555";"2";"1";"1";"6";"AV SALVADOR ALLENDE";"43,6599300";"1,4222900"
"201900026319";"4";"9";"2019";"19:45";"1";"31";"31069";"2";"1";"1";"3";"BELISAIRE (CH DE)";"43,6327800";"1,3870200"
"201900026320";"4";"9";"2019";"18:00";"1";"31";"31069";"1";"1";"1";"4";"A621";"43,6301200";"1,3824000"
"201900026321";"6";"9";"2019";"22:32";"5";"30";"30189";"2";"4";"1";"3";"ALES (ROUTE)";"43,8544100";"4,3390800"
"201900026322";"6";"9";"2019";"17:30";"1";"29";"29232";"1";"9";"1";"7";"RN 165";"48,0380700";" -4,0776700"
"201900026323";"4";"9";"2019";"10:25";"1";"29";"29232";"2";"1";"1";"2";"HAUTE RUE";"47,9901600";" -4,1104600"
"201900026324";"7";"9";"2019";"16:50";"1";"29";"29019";"2";"6";"1";"6";"QUIMPER (DE 1 A 103 ET 2 A 152)";"48,4009300";" -4,4458900"
"201900026325";"2";"9";"2019";"15:39";"1";"29";"29019";"2";"9";"1";"4";"BACH JEAN SEBASTIEN";"48,3915300";" -4,5232900"
"201900026326";"5";"9";"2019";"18:22";"1";"27";"27229";"2";"2";"1";"3";"LEROY (BOULEVARD MODESTE)";"49,0171000";"1,1374000"
"201900026327";"4";"9";"2019";"11:24";"1";"26";"26058";"2";"2";"1";"6";"BREL AVENUE JACQUES";"44,9518500";"4,9032400"
"201900026328";"5";"9";"2019";"19:30";"1";"26";"26198";"2";"1";"1";"1";"TEIL (Route du)";"44,5570800";"4,7276500"
"201900026329";"7";"9";"2019";"22:10";"5";"25";"25056";"2";"3";"2";"3";"LAGRANGE  AVENUE LEO";"47,2451000";"6,0031000"
"201900026330";"5";"9";"2019";"09:25";"1";"19";"19272";"1";"1";"1";"6";"RN89 Haut Lieu de Cueille ";"45,2498200";"1,7497400"
"201900026331";"4";"9";"2019";"16:20";"1";"19";"19031";"2";"2";"1";"3";"DAUDY (RUE ALEXANDRE)";"45,1667300";"1,5374600"
"201900026332";"5";"9";"2019";"09:03";"1";"18";"18279";"2";"1";"1";"7";"GOURDON (RUE)";"47,2200000";"2,0600000"
"201900026333";"7";"9";"2019";"21:45";"5";"17";"17306";"2";"1";"1";"6";"MAINE ARNAUD (DU) (AVENUE)";"45,6384430";" -1,0325750"
"201900026334";"6";"9";"2019";"21:25";"3";"17";"17291";"1";"1";"1";"2";"D 9";"46,1906350";" -1,0943100"
"201900026335";"7";"9";"2019";"14:50";"1";"14";"14118";"2";"2";"1";"3";"LIBERATION (AVENUE DE LA)";"49,1847500";" -0,3602000"
"201900026336";"7";"9";"2019";"09:00";"1";"13";"13203";"2";"1";"1";"1";"LOUBON (RUE)";"43,3124000";"5,3802700"
"201900026337";"6";"9";"2019";"20:00";"2";"13";"13204";"2";"1";"1";"6";"LINOTS (RUE)";"43,3138500";"5,4073100"
"201900026338";"6";"9";"2019";"21:00";"5";"13";"13075";"2";"2";"1";"3";"GENERAL LECLERC (AVE DU)";"43,3527101";"5,4628918"
"201900026339";"6";"9";"2019";"19:00";"1";"13";"13213";"2";"3";"1";"3";"CHATEAU GOMBERT CHEMIN";"43,3376400";"5,4209100"
"201900026340";"6";"9";"2019";"15:50";"1";"13";"13208";"2";"1";"1";"3";"PRADO (AVENUE DU)";"43,2721900";"5,3906800"
"201900026341";"6";"9";"2019";"12:25";"1";"13";"13206";"2";"1";"1";"6";"PAUL PEYTRAL (BOULEVARD)";"43,2906000";"5,3801500"
"201900026342";"6";"9";"2019";"07:40";"2";"13";"13205";"2";"1";"1";"6";"CAMAS (RUE DU)";"43,2960730";"5,3958310"
"201900026343";"5";"9";"2019";"11:15";"1";"13";"13208";"2";"1";"1";"3";"MAZARGUES (AVENUE DE)";"43,2636400";"5,3958200"
"201900026344";"5";"9";"2019";"17:00";"1";"13";"13203";"2";"1";"1";"2";"JUNOT (RUE)";"43,3113799";"5,3766608"
"201900026345";"5";"9";"2019";"16:30";"1";"13";"13215";"2";"1";"1";"6";"SAINT ANTOINE (AVENUE DE)";"43,3792300";"5,3570800"
"201900026346";"5";"9";"2019";"01:00";"5";"13";"13208";"2";"2";"1";"3";"PRADO (AVENUE DU)";"43,2692700";"5,3861900"
"201900026347";"6";"9";"2019";"16:20";"1";"12";"12202";"2";"1";"1";"6";"SAINT CYRICE (RUE) N°55";"44,3551110";"2,5763550"
"201900026348";"4";"9";"2019";"07:10";"3";"12";"12145";"1";"1";"1";"3";"MILLAU PLAGE (AVENUE DE)";"44,1253020";"3,1004820"
"201900026349";"3";"9";"2019";"07:36";"1";"11";"11262";"2";"1";"1";"6";"ELYSIQUES (VOIES DES)";"43,1889000";"2,9844400"
"201900026350";"6";"9";"2019";"15:54";"1";"10";"10357";"2";"1";"7";"1";"AIRE DES MOISSONS";"48,2953000";"4,1313600"
"201900026351";"6";"9";"2019";"16:29";"1";"10";"10387";"2";"1";"1";"6";"REPUBLIQUE (RUE DE LA )";"48,2974900";"4,0747200"
"201900026352";"7";"9";"2019";"15:55";"1";"9";"09225";"2";"1";"1";"4";"MIREPOIX ROUTE DE";"43,1026720";"1,6307600"
"201900026353";"4";"9";"2019";"11:10";"1";"8";"08105";"2";"1";"1";"6";"THEATRE RUE";"49,7731470";"4,7188340"
"201900026354";"24";"8";"2019";"12:35";"1";"7";"07186";"1";"1";"1";"3";" 2 ROUTE DE CHOMERAC";"44,7157130";"4,6101890"
"201900026355";"6";"9";"2019";"13:15";"1";"7";"07281";"2";"1";"1";"4";"HUIT MAI (AVENUE DU)";"44,9465300";"4,8511000"
"201900026356";"7";"9";"2019";"22:41";"5";"6";"06088";"2";"1";"1";"5";"ARSON (RUE)";"43,7010880";"7,2869680"
"201900026357";"7";"9";"2019";"16:15";"1";"6";"06088";"2";"1";"1";"3";"CALIFORNIE (AV.) (A PARTIR DU N° 201-212";"43,6812410";"7,2308750"
"201900026358";"7";"9";"2019";"15:10";"1";"6";"06088";"2";"2";"1";"3";"TRACHEL (RUE)";"43,7059500";"7,2577000"
"201900026359";"7";"9";"2019";"12:15";"1";"6";"06088";"2";"1";"1";"5";"VOIE RAPIDE";"43,6874130";"7,2366630"
"201900026360";"7";"9";"2019";"05:40";"5";"6";"06088";"2";"1";"1";"6";"BELLET (RTE DE)";"43,7511118";"7,2166765"
"201900026361";"5";"9";"2019";"07:30";"2";"6";"06088";"2";"1";"1";"6";"MACCARIO (R. MAURICE)";"43,7240330";"7,2846550"
"201900026362";"5";"9";"2019";"12:15";"1";"6";"06083";"1";"3";"1";"3";"SOSPEL (ROUTE DE )";"43,8058620";"7,4857150"
"201900026363";"5";"9";"2019";"07:45";"1";"6";"06083";"2";"1";"1";"3";"CENTENAIRE (COURS DU)";"43,7700000";"7,4900000"
"201900026364";"6";"9";"2019";"17:20";"1";"6";"06069";"2";"1";"2";"7";"MOUANS (ROUTE DE)";"43,6371180";"6,9738140"
"201900026365";"6";"9";"2019";"13:05";"1";"6";"06069";"2";"1";"1";"2";"MADELEINE";"43,6561110";"6,9352510"
"201900026366";"5";"9";"2019";"18:50";"1";"5";"05061";"2";"6";"1";"3";"PIGNEROL ( AVENUE DE )";"44,5653756";"6,0927504"
"201900026367";"6";"9";"2019";"21:30";"5";"75";"75112";"2";"1";"1";"4";"BD PERIPHERIQUE INTERIEUR";"48,8422540";"2,4136320"
"201900026368";"6";"9";"2019";"14:50";"1";"75";"75116";"2";"4";"1";"6";"BD PERIPHERIQUE INTERIEUR";"48,8351731";"2,2609214"
"201900026369";"5";"9";"2019";"19:40";"1";"75";"75117";"2";"1";"1";"4";"BD PERIPHERIQUE INTERIEUR";"48,8891589";"2,2960500"
"201900026370";"5";"9";"2019";"19:00";"2";"75";"75116";"2";"1";"1";"3";"BD PERIPHERIQUE EXTERIEUR";"48,8642860";"2,2666503"
"201900026371";"5";"9";"2019";"16:30";"1";"75";"75120";"2";"1";"1";"3";"BD PERIPHERIQUE EXTERIEUR";"48,8526580";"2,4147480"
"201900026372";"5";"9";"2019";"14:40";"1";"75";"75119";"2";"1";"1";"6";"BD PERIPHERIQUE EXTERIEUR";"48,8963522";"2,3945850"
"201900026373";"5";"9";"2019";"09:00";"1";"75";"75119";"2";"1";"1";"2";"BD PERIPHERIQUE EXTERIEUR";"48,9003270";"2,3793670"
"201900026374";"5";"9";"2019";"10:45";"1";"75";"75112";"2";"1";"1";"2";"BD PERIPHERIQUE INTERIEUR";"48,8266350";"2,3889950"
"201900026375";"5";"9";"2019";"13:05";"1";"75";"75115";"2";"4";"1";"2";"ECHANGEUR ISSY";"48,8348323";"2,2739724"
"201900026376";"5";"9";"2019";"09:00";"1";"75";"75118";"2";"1";"1";"2";"BD PERIPHERIQUE EXTERIEUR";"48,9008020";"2,3698070"
"201900026377";"6";"9";"2019";"08:17";"1";"75";"75115";"2";"3";"1";"6";"BOULEVARD PASTEUR";"48,8389542";"2,3164466"
"201900026378";"4";"9";"2019";"17:30";"1";"75";"75116";"2";"1";"1";"3";"BD PERIPHERIQUE INTERIEUR ";"48,8620140";"2,2643930"
"201900026379";"4";"9";"2019";"22:00";"5";"75";"75106";"2";"2";"1";"3";"RUE DU CHERCHE MIDI";"48,8520770";"2,3298470"
"201900026380";"3";"9";"2019";"20:15";"5";"75";"75113";"2";"3";"1";"3";"RUE AIME MOROT";"48,8206261";"2,3494568"
"201900026381";"6";"9";"2019";"21:20";"5";"75";"75120";"2";"3";"1";"3";"RUE BELGRAND";"48,8646245";"2,4056489"
"201900026382";"4";"9";"2019";"13:20";"1";"75";"75120";"2";"1";"1";"3";"RUE DE BELLEVILLE";"48,8767100";"2,4049620"
"201900026383";"5";"9";"2019";"13:10";"1";"75";"75119";"2";"1";"1";"6";"RUE D HAUTPOUL";"48,8860179";"2,3867275"
"201900026384";"6";"9";"2019";"13:15";"1";"75";"75117";"2";"1";"1";"2";"AVENUE DE WAGRAM";"48,8838590";"2,3023626"
"201900026385";"6";"9";"2019";"06:35";"5";"75";"75117";"2";"1";"1";"6";"BOULEVARD BESSIERES";"48,8964297";"2,3191385"
"201900026386";"5";"9";"2019";"08:45";"1";"75";"75117";"2";"5";"1";"3";"BOULEVARD BERTHIER";"48,8864680";"2,2957700"
"201900026387";"7";"9";"2019";"07:45";"1";"75";"75116";"2";"7";"1";"6";"AVENUE D IENA";"48,8732012";"2,2951255"
"201900026388";"6";"9";"2019";"13:10";"1";"75";"75108";"2";"5";"1";"6";"AVENUE MARCEAU";"48,8709535";"2,2975105"
"201900026389";"7";"9";"2019";"02:39";"5";"75";"75116";"2";"2";"1";"3";"RUE DU RANELAGH";"48,8537033";"2,2773939"
"201900026390";"7";"9";"2019";"01:37";"5";"75";"75116";"2";"3";"1";"6";"AVENUE DU PRESIDENT KENNEDY";"48,8544740";"2,2835040"
"201900026391";"6";"9";"2019";"17:30";"1";"75";"75116";"2";"7";"1";"3";"CARREFOUR DES ANCIENS COMBATTANTS   BOUL";"48,8484932";"2,2421175"
"201900026392";"6";"9";"2019";"19:00";"1";"75";"75116";"2";"1";"1";"3";"VOIE GEORGES POMPIDOU";"48,8556720";"2,2855616"
"201900026393";"5";"9";"2019";"10:00";"1";"75";"75116";"2";"3";"1";"3";"AVENUE KLEBER";"48,8678272";"2,2906977"
"201900026394";"5";"9";"2019";"04:10";"5";"75";"75116";"2";"1";"1";"7";"AVENUE GEORGES MANDEL";"48,8638390";"2,2800040"
"201900026395";"4";"9";"2019";"17:40";"1";"75";"75116";"2";"7";"1";"6";"PONT D IENA";"48,8603670";"2,2912176"
"201900026396";"7";"9";"2019";"20:30";"5";"75";"75107";"2";"2";"1";"6";"BOULEVARD SAINT GERMAIN";"48,8560540";"2,3259848"
"201900026397";"6";"9";"2019";"07:00";"2";"75";"75115";"2";"7";"1";"7";"BOULEVARD PASTEUR";"48,8406120";"2,3149750"
"201900026398";"5";"9";"2019";"19:15";"1";"75";"75114";"2";"4";"1";"7";"AVENUE DE LA PORTE DE CHATILLON";"48,8226508";"2,3147082"
"201900026399";"5";"9";"2019";"08:00";"1";"75";"75114";"2";"3";"1";"2";"RUE MAURICE ROUVIER";"48,8302927";"2,3108801"
"201900026400";"4";"9";"2019";"09:45";"1";"75";"75114";"2";"2";"1";"3";"RUE DES PLANTES";"48,8292990";"2,3226560"
"201900026401";"7";"9";"2019";"21:25";"5";"75";"75113";"2";"1";"1";"6";"RUE BOBILLOT";"48,8254770";"2,3500190"
"201900026402";"7";"9";"2019";"15:25";"1";"75";"75113";"2";"3";"1";"6";"BOULEVARD VINCENT AURIOL";"48,8345773";"2,3673649"
"201900026403";"7";"9";"2019";"14:40";"1";"75";"75113";"2";"2";"1";"6";"AVENUE DE FRANCE";"48,8304890";"2,3765950"
"201900026404";"6";"9";"2019";"10:20";"1";"75";"75113";"2";"4";"1";"2";"RUE DE TOLBIAC";"48,8257100";"2,3484600"
"201900026405";"5";"9";"2019";"21:00";"5";"75";"75113";"2";"4";"1";"6";"BOULEVARD DE L HOPITAL";"48,8398467";"2,3616955"
"201900026406";"6";"9";"2019";"18:30";"1";"75";"75112";"2";"3";"1";"2";"AVENUE DAUMESNIL";"48,8358915";"2,4056410"
"201900026407";"5";"9";"2019";"16:45";"1";"75";"75112";"2";"1";"1";"3";"BOULEVARD DIDEROT";"48,8476580";"2,3895278"
"201900026408";"6";"9";"2019";"20:30";"5";"75";"75111";"2";"1";"8";"6";"RUE DE L ORILLON";"48,8696410";"2,3744690"
"201900026409";"6";"9";"2019";"09:35";"1";"75";"75111";"2";"7";"1";"6";"PLACE DE LA REPUBLIQUE";"48,8667400";"2,3651600"
"201900026410";"6";"9";"2019";"07:49";"1";"75";"75110";"2";"2";"1";"3";"AVENUE PARMENTIER";"48,8700032";"2,3710446"
"201900026411";"5";"9";"2019";"11:15";"1";"75";"75110";"2";"1";"1";"2";"BOULEVARD DE LA VILLETTE";"48,8732580";"2,3754470"
"201900026412";"3";"9";"2019";"12:55";"1";"75";"75109";"2";"7";"1";"3";"RUE SAINT LAZARE";"48,8767054";"2,3323179"
"201900026413";"6";"9";"2019";"13:25";"1";"75";"75102";"2";"2";"1";"3";"BOULEVARD MONTMARTRE";"48,8714757";"2,3430651"
"201900026414";"6";"9";"2019";"12:55";"1";"75";"75109";"2";"7";"1";"6";"RUE D AMSTERDAM";"48,8833440";"2,3271757"
"201900026415";"4";"9";"2019";"14:56";"1";"75";"75109";"2";"7";"1";"3";"PLACE CHARLES GARNIER";"48,8717800";"2,3305920"
"201900026416";"4";"9";"2019";"13:15";"1";"75";"75109";"2";"2";"1";"4";"BOULEVARD HAUSSMANN";"48,8723620";"2,3374260"
"201900026417";"4";"9";"2019";"10:27";"1";"75";"75108";"2";"1";"1";"6";"RUE DE BERRI";"48,8727920";"2,3048210"
"201900026418";"7";"9";"2019";"14:35";"1";"75";"75107";"2";"2";"1";"3";"QUAI D ORSAY";"48,8624300";"2,3116380"
"201900026419";"7";"9";"2019";"03:30";"5";"75";"75107";"2";"1";"1";"6";"QUAI ANATOLE FRANCE";"48,8597970";"2,3285289"
"201900026420";"5";"9";"2019";"21:50";"5";"75";"75107";"2";"1";"1";"6";"QUAI BRANLY";"48,8592990";"2,2938572"
"201900026421";"6";"9";"2019";"17:20";"1";"75";"75104";"2";"2";"1";"6";"QUAI DE L HOTEL DE VILLE";"48,8543710";"2,3549358"
"201900026422";"4";"9";"2019";"23:25";"5";"75";"75102";"2";"1";"1";"6";"RUE MONTMARTRE";"48,8712550";"2,3429860"
"201900026423";"5";"9";"2019";"06:15";"5";"75";"75101";"2";"7";"1";"6";"PLACE DU PALAIS ROYAL";"48,8626030";"2,3356920"
"201900026424";"7";"9";"2019";"19:45";"2";"94";"94081";"2";"1";"8";"6";"GARE (COUR DE LA)";"48,8002622";"2,4022910"
"201900026425";"7";"9";"2019";"21:40";"3";"94";"94080";"2";"1";"1";"6";"FRANKLIN ROOSEVELT (AV)";"48,8437990";"2,4322560"
"201900026426";"6";"9";"2019";"12:35";"1";"94";"94067";"2";"2";"1";"6";"JOFFRE (AV)";"48,8492100";"2,4176300"
"201900026427";"4";"9";"2019";"10:45";"1";"94";"94068";"2";"1";"1";"6";"CONDE (AV DE)";"48,8100000";"2,4800000"