"Num_Acc";"jour";"mois";"an";"hrmn";"lum";"dep";"com";"agg";"int";"atm";"col";"adr";"lat";"long"
"201900026428";"3";"9";"2019";"19:50";"1";"94";"94068";"2";"1";"1";"6";"RABELAIS (BD)";"48,8062258";"2,4799565"
"201900026429";"4";"9";"2019";"22:35";"5";"94";"94015";"2";"2";"1";"3";"ARISTIDE BRIAND (R)";"48,8440000";"2,5100000"
"201900026430";"7";"9";"2019";"17:40";"1";"94";"94046";"2";"2";"8";"4";"LEON BLUM (AV)";"48,8004000";"2,4352000"
"201900026431";"7";"9";"2019";"21:20";"5";"94";"94016";"2";"9";"1";"1";"ESTIENNE D ORVES (R D)";"48,7900000";"2,3200000"
"201900026432";"29";"8";"2019";"19:30";"1";"94";"94016";"2";"9";"1";"2";"PRESIDENT WILSON (AV DU)";"48,7915610";"2,3283280"
"201900026433";"5";"9";"2019";"10:00";"1";"94";"94041";"2";"1";"1";"3";"JEAN-BAPTISTE RENOULT (R)";"48,8045000";"2,3912500"
"201900026434";"5";"9";"2019";"13:50";"1";"94";"94038";"2";"2";"1";"3";"PAUL VAILLANT COUTURIER (BD)";"48,7763900";"2,3400100"
"201900026435";"5";"9";"2019";"23:50";"3";"94";"94011";"2";"9";"1";"1";"RN 406";"48,7611366";"2,4916152"
"201900026436";"5";"9";"2019";"16:00";"1";"94";"94028";"2";"1";"1";"5";"avenue de la POMPADOUR";"48,7734000";"2,4357000"
"201900026437";"4";"9";"2019";"15:30";"1";"94";"94028";"2";"9";"1";"1";"VASCO DE GAMA (R)";"48,7668900";"2,4524500"
"201900026438";"6";"9";"2019";"18:40";"2";"94";"94022";"2";"1";"1";"2";"ALFORTVILLE (AV D)";"48,7710000";"2,4135000"
"201900026439";"3";"8";"2019";"15:20";"1";"94";"94022";"2";"1";"1";"3";"PRESIDENT ROOSEVELT (AV)";"48,7667500";"2,4032900"
"201900026440";"7";"9";"2019";"17:40";"1";"94";"94017";"2";"1";"8";"3";"EUGENE VARLIN (R)";"48,8262200";"2,5173200"
"201900026441";"6";"9";"2019";"09:30";"1";"94";"94017";"2";"2";"1";"6";"MOULIN (R DU)";"48,8207600";"2,5128700"
"201900026442";"6";"9";"2019";"08:00";"1";"94";"94017";"2";"1";"1";"3";"STALINGRAD (BD DE)";"48,8232900";"2,5037500"
"201900026443";"5";"9";"2019";"22:07";"3";"94";"94017";"2";"7";"1";"3";"ROGER SALENGRO (AV)";"48,8200000";"2,4820000"
"201900026444";"7";"9";"2019";"07:45";"2";"94";"94047";"2";"4";"1";"3";"PAUL DOUMER (R)";"48,7041300";"2,5337300"
"201900026445";"6";"9";"2019";"12:40";"1";"94";"94075";"1";"1";"1";"4";"GUE (R DU)";"48,7276500";"2,5452600"
"201900026446";"6";"9";"2019";"07:10";"1";"94";"94048";"1";"1";"1";"4";"NATIONALE 19";"48,7390200";"2,5162300"
"201900026447";"6";"9";"2019";"19:30";"1";"93";"93078";"2";"1";"1";"6";"BALLANGER (BD ROBERT)";"48,9603900";"2,5555600"
"201900026448";"5";"9";"2019";"10:45";"1";"93";"93073";"1";"9";"1";"2";"CHAPIT RE ( RUE DU)";"49,0110000";"2,5580000"
"201900026449";"5";"9";"2019";"20:30";"1";"93";"93070";"2";"7";"1";"6";"REPUBLIQUE (PL DE LA)";"48,9122000";"2,3342000"
"201900026450";"7";"9";"2019";"21:00";"5";"93";"93066";"2";"1";"1";"2";"LENINE (AVENUE) NR 2 A 26";"48,9435100";"2,3627100"
"201900026451";"5";"9";"2019";"09:45";"1";"93";"93070";"2";"1";"1";"6";"REPUBLIQUE (PL DE LA)";"48,9122300";"2,3337300"
"201900026452";"4";"9";"2019";"18:35";"1";"93";"93066";"2";"1";"1";"3";"""LANDY RD 20, NR IMPAIRS 146 A 254""";"48,9146700";"2,3480600"
"201900026453";"6";"9";"2019";"11:40";"1";"93";"93048";"2";"1";"1";"5";"PAUL SIGNAC (AVENUE)";"48,8693220";"2,4504010"
"201900026454";"5";"9";"2019";"15:00";"1";"93";"93048";"2";"2";"1";"3";"GABRIEL PERI S2 (AVENUE)";"48,8575000";"2,4400000"
"201900026455";"7";"9";"2019";"09:30";"1";"93";"93046";"2";"2";"1";"3";"CONSUL GENERAL NORDLING AVENUE";"48,9161800";"2,5307400"
"201900026456";"6";"9";"2019";"15:10";"1";"93";"93046";"2";"1";"1";"2";"CAMILLE DESMOULINS AVENUE";"48,9120900";"2,5231800"
"201900026457";"6";"9";"2019";"12:50";"1";"93";"93046";"2";"9";"1";"7";"JEAN MOULIN BOULEVARD";"48,9120600";"2,5140500"
"201900026458";"6";"9";"2019";"10:35";"1";"93";"93029";"2";"1";"1";"3";"JEAN JAURES (AVENUE) N°";"48,9196900";"2,4517000"
"201900026459";"7";"9";"2019";"15:21";"1";"93";"93027";"2";"1";"1";"6";"ROSNY (AVENUE DE) N° 56 A 242";"48,9296000";"2,3774000"
"201900026460";"5";"9";"2019";"16:40";"1";"93";"93013";"2";"1";"1";"2";"LECLERC (AVENU DE LA DIVISION)";"48,9323000";"2,4234000"
"201900026461";"7";"9";"2019";"16:55";"1";"93";"93010";"2";"1";"1";"3";"GALLIENI (AV.) DE 1 A 109";"48,9065700";"2,4848970"
"201900026462";"6";"9";"2019";"07:45";"2";"93";"93010";"2";"1";"1";"6";"GUESDES (RUE JULES)";"48,9032700";"2,4798400"
"201900026463";"27";"6";"2019";"08:58";"1";"92";"92076";"2";"1";"1";"3";"REPUBLIQUE";"48,8377738";"2,1580587"
"201900026464";"27";"6";"2019";"08:50";"1";"92";"92033";"2";"1";"1";"6";"DIX NEUF JANVIER";"48,8511660";"2,1928010"
"201900026465";"26";"6";"2019";"08:10";"1";"92";"92063";"2";"1";"1";"2";"CASANOVA (RUE DANIELLE)";"48,8773100";"2,1760000"
"201900026466";"28";"6";"2019";"20:35";"1";"92";"92051";"2";"2";"1";"6";"VILLIERS (RUE DE, N° 59 BIS A 91)";"48,8935500";"2,2760900"
"201900026467";"28";"6";"2019";"09:02";"1";"92";"92051";"2";"1";"1";"6";"VICTOR HUGO (BOULEVARD, N° 51 A 75 ET 62";"48,8953700";"2,2776600"
"201900026468";"27";"6";"2019";"10:34";"1";"92";"92051";"2";"1";"7";"2";"CHARLES DE GAULLE (AVENUE, N° 18 A 116)";"48,8827300";"2,2680600"
"201900026469";"25";"6";"2019";"18:40";"1";"92";"92050";"2";"1";"1";"2";"RD 914";"48,8965509";"2,2312089"
"201900026470";"24";"6";"2019";"13:15";"1";"92";"92050";"2";"1";"1";"1";"RENAN ERNEST RUE";"48,8961710";"2,1886660"
"201900026471";"24";"6";"2019";"10:00";"1";"92";"92048";"2";"1";"1";"7";"PARIS (RUE DE) N° 12 A 164";"48,8145800";"2,2468000"
"201900026472";"28";"6";"2019";"19:45";"1";"92";"92040";"2";"7";"1";"3";"MARECHAL JUIN (PLACE)";"48,8252300";"2,2677100"
"201900026473";"27";"6";"2019";"11:00";"1";"92";"92062";"2";"1";"7";"2";"DELARIVIERE LEFOULLON (RUE)";"48,8873000";"2,2435000"
"201900026474";"28";"6";"2019";"11:50";"1";"92";"92026";"2";"1";"1";"6";"DIEPPE";"48,8999200";"2,2396400"
"201900026475";"26";"6";"2019";"17:30";"1";"92";"92026";"2";"1";"1";"6";"GAMBETTA";"48,8934670";"2,2468520"
"201900026476";"29";"6";"2019";"11:40";"1";"92";"92012";"2";"1";"1";"6";"JEAN JAURES (BOULEVARD) 1/61 - COTE IMPA";"48,8433100";"2,2378200"
"201900026477";"28";"6";"2019";"14:25";"1";"92";"92012";"2";"1";"1";"6";"SILLY (RUE DE) 1/87 - 2/88";"48,8377700";"2,2322400"
"201900026478";"28";"6";"2019";"02:30";"5";"92";"92012";"2";"2";"1";"3";"POINT DU JOUR (QUAI DU)";"48,8316500";"2,2580100"
"201900026479";"28";"6";"2019";"09:15";"1";"92";"92007";"2";"3";"1";"5";"MEUNIERS (RUE DES)";"48,7977800";"2,3159100"
"201900026480";"27";"6";"2019";"07:55";"1";"92";"92009";"2";"1";"1";"3";"CHARLES-DE-GAULLE ( AVENUE )";"48,9171100";"2,2732100"
"201900026481";"22";"6";"2019";"17:38";"1";"54";"54180";"1";"1";"1";"7";"RD80";"48,7360880";"6,4005440"
"201900026482";"30";"6";"2019";"07:30";"1";"8";"08362";"2";"1";"1";"6";"Rue Pierre Curie";"49,5097920";"4,3647520"
"201900026483";"28";"6";"2019";"10:55";"1";"62";"62550";"2";"1";"1";"2";"Rue du Grand Marais";"50,3730280";"2,0230340"
"201900026484";"27";"6";"2019";"14:00";"1";"38";"38425";"2";"1";"1";"6";"60 Rue Anne Frank";"45,3900580";"4,7767520"
"201900026485";"26";"5";"2019";"22:15";"3";"38";"38199";"2";"1";"1";"6";"La tour de montléand";"45,4959620";"4,9079520"
"201900026486";"29";"6";"2019";"06:05";"2";"6";"06054";"2";"3";"1";"3";"3 Avenue Jean Moulin";"43,7492120";"7,3202770"
"201900026487";"22";"6";"2019";"20:54";"1";"6";"06060";"2";"1";"1";"6";"Route de l'Iera";"43,7490780";"7,2782420"
"201900026488";"30";"6";"2019";"02:45";"3";"52";"52535";"1";"1";"1";"6";"RD65 PK48+800";"48,1025212";"5,0645524"
"201900026489";"28";"6";"2019";"23:15";"5";"68";"68112";"2";"1";"1";"1";"D430";"47,9152830";"7,2083150"
"201900026490";"30";"6";"2019";"20:25";"1";"76";"76392";"1";"1";"1";"6";"Route de Fresnoy Folny";"49,8361000";"1,3995470"
"201900026491";"28";"6";"2019";"07:10";"1";"988";"98812";"1";"3";"1";"2";"RT1/Hors réseau";" -20,6016200";"164,3192400"
"201900026492";"29";"6";"2019";"00:45";"3";"31";"31480";"1";"1";"1";"3";"D54";"43,5466610";"1,5855330"
"201900026493";"26";"6";"2019";"15:30";"1";"67";"67084";"1";"4";"1";"1";"RD 253";"48,3445461";"7,3826266"
"201900026494";"29";"6";"2019";"22:00";"5";"974";"97404";"2";"1";"1";"6";"Sentier des Citronniers";" -21,2602300";"55,3598800"
"201900026495";"28";"6";"2019";"18:45";"5";"972";"97221";"2";"6";"1";"6";"RN5";"14,5323830";" -60,9831140"
"201900026496";"28";"6";"2019";"14:45";"1";"63";"63163";"1";"1";"1";"1";"D204";"45,7675828";"2,7444470"
"201900026497";"29";"6";"2019";"12:30";"1";"52";"52519";"1";"1";"1";"2";"A31PK 86";"47,6813081";"5,1787881"
"201900026498";"30";"6";"2019";"10:50";"1";"1";"01021";"1";"1";"1";"3";"D904";"45,9976780";"4,8323010"
"201900026499";"28";"6";"2019";"20:40";"1";"1";"01238";"2";"1";"1";"7";"983 Route de Civrieux";"45,9097270";"4,8357640"
"201900026500";"29";"6";"2019";"04:45";"2";"1";"01194";"2";"2";"1";"3";"avenue de la dombe";"45,9859680";"4,7573710"
"201900026501";"2";"6";"2019";"06:25";"2";"67";"67520";"1";"1";"1";"6";"route départementale 25";"48,6561573";"7,4668211"
"201900026502";"20";"6";"2019";"21:00";"2";"19";"19248";"1";"9";"1";"6";"A20 - PR 234+980 - sens BRIVE / LIMOGES";"45,4486750";"1,5091540"
"201900026503";"28";"6";"2019";"12:25";"1";"6";"06033";"1";"1";"7";"1";"M6202 BIS";"43,7926850";"7,2070710"
"201900026504";"27";"6";"2019";"14:00";"1";"62";"62233";"2";"1";"1";"3";"77 rue de la Mairie";"50,3637170";"1,6650190"
"201900026505";"28";"6";"2019";"12:15";"1";"26";"26009";"2";"1";"1";"5";"D1";"45,2409510";"4,8061620"
"201900026506";"29";"6";"2019";"10:40";"1";"83";"83019";"1";"1";"1";"6";"Route du Dom";"43,1973030";"6,3932430"
"201900026507";"30";"6";"2019";"08:00";"1";"48";"48099";"1";"9";"1";"6";"A75 PK 161+200 Nord Sud";"44,5125960";"3,2415090"
"201900026508";"28";"6";"2019";"00:25";"3";"34";"34114";"1";"1";"1";"6";"A750";"43,6500610";"3,5426280"
"201900026509";"26";"6";"2019";"14:40";"1";"58";"58303";"1";"1";"1";"2";"A77";"47,0283830";"3,1639740"
"201900026510";"29";"6";"2019";"20:30";"1";"30";"30143";"1";"1";"1";"7";"Trescouvieux";"44,2958470";"4,5257070"
"201900026511";"29";"6";"2019";"19:04";"1";"62";"62113";"1";"1";"1";"3";"ROUTE DÉPARTEMENTALE 939";"50,3496200";"2,5342110"
"201900026512";"29";"6";"2019";"06:15";"2";"30";"30225";"1";"1";"1";"6";"d6";"44,1629470";"4,5625350"
"201900026513";"30";"6";"2019";"15:07";"1";"77";"77069";"1";"3";"1";"3";"D64 X CHEMIN RURAL";"48,4545641";"2,6048491"
"201900026514";"29";"6";"2019";"22:30";"3";"74";"74263";"1";"1";"1";"6";"Route de Prailles";"46,3188380";"6,3545770"
"201900026515";"5";"6";"2019";"10:00";"1";"74";"74043";"2";"1";"1";"6";"210 Avenue du Leman";"46,2656990";"6,3731640"
"201900026516";"29";"6";"2019";"14:00";"1";"35";"35326";"1";"1";"7";"1";"La Lande de Prince";"48,2956620";" -1,5629130"
"201900026517";"30";"6";"2019";"10:45";"1";"57";"57334";"1";"1";"1";"7";"D45";"48,6769660";"7,1770650"
"201900026518";"30";"6";"2019";"12:00";"1";"57";"57003";"2";"1";"1";"3";"route du donon, RD-44, PK=17+900";"48,6282070";"7,1240510"
"201900026519";"28";"6";"2019";"21:25";"1";"57";"57530";"2";"1";"1";"7";"Rue de la Chapelle";"49,2081700";"6,5259550"
"201900026520";"29";"6";"2019";"13:00";"1";"4";"04033";"1";"1";"1";"6";"RD 900";"44,4462270";"6,3940786"
"201900026521";"6";"6";"2019";"17:50";"1";"51";"51225";"1";"1";"1";"3";"RUE DE LA GARENNE";"49,1919380";"3,9652640"
"201900026522";"28";"6";"2019";"22:40";"5";"59";"59382";"2";"2";"1";"3";"intersection D932- D15";"50,0454970";"3,4184210"
"201900026523";"28";"6";"2019";"14:30";"1";"59";"59663";"2";"1";"1";"3";"22 avenue du maréchal leclerc, 5947";"50,8798640";"2,4681660"
"201900026524";"28";"6";"2019";"12:45";"1";"59";"59094";"1";"1";"1";"1";"Route du Guindal";"50,9417740";"2,1681030"
"201900026525";"29";"6";"2019";"11:00";"1";"76";"76490";"2";"6";"1";"6";"CD 50";"49,7281370";"0,6073180"
"201900026526";"28";"6";"2019";"07:25";"1";"76";"76621";"1";"1";"1";"6";"D 928";"49,6502880";"1,3078270"
"201900026527";"27";"6";"2019";"14:30";"1";"79";"79016";"1";"1";"1";"6";"N/A";"46,7899850";" -0,1275020"
"201900026528";"27";"6";"2019";"18:30";"1";"79";"79253";"1";"1";"1";"6";"Le Logis de Salette";"46,4845820";" -0,2619560"
"201900026529";"27";"6";"2019";"19:15";"1";"79";"79195";"2";"3";"1";"3";"70 chemin de la chausseraie";"46,9591120";" -0,5883280"
"201900026530";"15";"6";"2019";"13:55";"1";"2A";"2A271";"2";"1";"1";"2";"Pernicaggio";"41,9520535";"8,8049488"
"201900026531";"30";"6";"2019";"15:05";"1";"2B";"2B049";"1";"6";"7";"6";"route départementale 151";"42,5319190";"8,8267640"
"201900026532";"28";"6";"2019";"22:45";"3";"80";"80413";"1";"1";"1";"1";"D15";"49,9024720";"3,0723230"
"201900026533";"30";"6";"2019";"12:05";"1";"80";"80588";"2";"4";"1";"3";"Rue des Croisettes";"50,1289120";"1,8992660"
"201900026534";"28";"6";"2019";"18:40";"1";"80";"80260";"2";"1";"1";"6";"Rue de Brutelette";"50,1425550";"1,8709630"
"201900026535";"28";"6";"2019";"13:30";"1";"41";"41185";"1";"1";"7";"7";"Entrée de l'aire de Romorantin, PK 176, atoroute A85";"47,3225190";"1,6707140"
"201900026536";"28";"6";"2019";"16:30";"1";"33";"33540";"1";"1";"1";"2";"D101 - Route d'Hourtin - Lieu-dit BERGANTON";"45,3063200";" -1,0729300"
"201900026537";"29";"6";"2019";"11:54";"1";"33";"33540";"2";"2";"8";"3";"Boulevard de Lattre de Tassigny";"45,3766660";" -1,1503000"
"201900026538";"26";"6";"2019";"16:20";"1";"33";"33272";"1";"1";"1";"1";"D18";"45,0670500";" -0,3655200"
"201900026539";"28";"6";"2019";"13:30";"1";"33";"33236";"2";"1";"1";"1";"CD106 LE FOUR";"44,7307300";" -1,1960600"
"201900026540";"30";"6";"2019";"00:15";"5";"81";"81289";"2";"3";"1";"6";"avenue de la gare";"43,5499377";"2,1178032"
"201900026541";"30";"6";"2019";"03:45";"3";"32";"32158";"1";"1";"2";"7";"départementale 953";"43,9302720";"0,7297130"
"201900026542";"28";"6";"2019";"13:20";"1";"11";"11106";"2";"1";"1";"2";"Avenue de Toulouse";"43,2306220";"3,0531490"
"201900026543";"30";"6";"2019";"11:00";"1";"11";"11367";"1";"1";"1";"1";"RD 629 - PR 3 + 0";"43,3603370";"2,1677450"
"201900026544";"28";"6";"2019";"22:30";"3";"71";"71187";"1";"1";"1";"7";"Grand Monetois";"46,7659020";"4,5138930"
"201900026545";"29";"6";"2019";"11:45";"1";"89";"89464";"2";"1";"1";"6";"Chemin des Ligaults";"48,0766510";"3,2664240"
"201900026546";"28";"6";"2019";"11:30";"1";"89";"89273";"1";"1";"1";"1";"routre départementale 955";"47,6010124";"3,1958628"
"201900026547";"27";"5";"2019";"06:30";"2";"89";"89283";"1";"1";"2";"3";"Chastenay";"47,6653223";"3,3826250"
"201900026548";"29";"6";"2019";"07:15";"1";"63";"63432";"1";"1";"1";"1";"RD 210";"45,9631976";"3,2577839"
"201900026549";"28";"6";"2019";"15:00";"1";"63";"63192";"1";"1";"1";"2";"d129";"45,5622310";"2,7058190"
"201900026550";"30";"6";"2019";"16:25";"1";"61";"61429";"1";"1";"1";"1";"RN12";"48,6459250";"0,7539170"
"201900026551";"27";"6";"2019";"15:30";"1";"12";"12120";"1";"1";"1";"5";"Route nationale 88";"44,3703850";"2,8418610"
"201900026552";"4";"6";"2019";"20:15";"2";"12";"12008";"1";"1";"1";"3";"Route de la Bonaurie";"44,4317850";"2,2556360"
"201900026553";"5";"6";"2019";"10:00";"1";"42";"42077";"1";"3";"1";"3";"Au Gourd";"45,9080630";"4,2186530"
"201900026554";"29";"6";"2019";"18:50";"1";"42";"42323";"2";"3";"1";"6";"34 Avenue de la Libération";"45,5671580";"4,2753070"
"201900026555";"29";"6";"2019";"18:00";"1";"42";"42139";"2";"1";"1";"7";"Rue Saint-Jean François Régis";"45,2828800";"4,4043270"
"201900026556";"29";"6";"2019";"12:20";"1";"34";"34210";"2";"3";"1";"6";"Rue de l'Estang";"43,5903647";"3,5249079"
"201900026557";"28";"6";"2019";"17:30";"1";"34";"34013";"1";"4";"7";"3";"la gare";"43,5710559";"3,4647596"
"201900026558";"28";"6";"2019";"16:35";"1";"34";"34142";"2";"1";"1";"3";"Route du Grézac";"43,7310590";"3,3189200"
"201900026559";"30";"6";"2019";"12:00";"1";"34";"34319";"1";"1";"1";"1";"D125";"43,5339990";"3,3079230"
"201900026560";"29";"6";"2019";"14:45";"1";"68";"68135";"1";"1";"1";"4";"cd105";"47,5810870";"7,5245880"
"201900026561";"28";"6";"2019";"12:25";"1";"22";"22046";"1";"2";"1";"3";"Kerrouet (Saint-Gouéno)";"48,2611187";" -2,5373417"
"201900026562";"26";"6";"2019";"13:30";"1";"22";"22133";"1";"2";"1";"3";"LE POINT DU JOUR";"48,1964065";" -2,2334316"
"201900026563";"28";"6";"2019";"21:00";"1";"25";"25631";"1";"1";"1";"2";"N83";"47,1295370";"5,9189890"
"201900026564";"28";"6";"2019";"18:55";"1";"44";"44038";"1";"1";"1";"6";"La Rivière Mulon";"47,1603798";" -1,9743097"
"201900026565";"28";"6";"2019";"04:30";"3";"34";"34154";"1";"1";"1";"3";"D 62";"43,5523370";"3,9952140"
"201900026566";"30";"6";"2019";"11:50";"1";"29";"29274";"1";"1";"1";"1";"Pont Ledan";"48,0211740";" -3,6839400"
"201900026567";"28";"6";"2019";"20:14";"1";"29";"29279";"1";"1";"1";"7";"D58";"48,6198783";" -3,8988421"
"201900026568";"26";"6";"2019";"17:30";"1";"29";"29190";"1";"1";"1";"1";"Saint-Aouen";"48,3541310";" -4,7301840"
"201900026569";"27";"6";"2019";"19:10";"1";"29";"29117";"2";"1";"7";"6";"rue de la mairie";"48,5702960";" -4,5148020"
"201900026570";"28";"6";"2019";"17:35";"1";"29";"29167";"1";"2";"1";"3";"Hent Meur, KERANDOARE";"48,0014150";" -4,2710960"
"201900026571";"29";"6";"2019";"20:30";"1";"31";"31316";"1";"1";"1";"7";"D44";"42,9159640";"0,6696100"
"201900026572";"29";"6";"2019";"10:15";"1";"31";"31390";"2";"2";"1";"3";"Avenue de Luchon";"43,0840630";"0,5744060"
"201900026573";"29";"6";"2019";"12:25";"1";"38";"38351";"1";"2";"1";"3";"Rd 522 - Rd 53";"45,5472290";"5,2509690"
"201900026574";"27";"6";"2019";"20:30";"2";"38";"38293";"1";"3";"1";"3";"D17";"45,4931790";"5,4697140"
"201900026575";"29";"6";"2019";"18:00";"1";"2";"02681";"1";"9";"1";"2";"rn2 - les baraques";"49,7851850";"3,8169115"
"201900026576";"29";"6";"2019";"14:10";"1";"2";"02816";"1";"2";"1";"3";"D3";"49,1492170";"3,5219640"
"201900026577";"28";"6";"2019";"14:45";"1";"2";"02173";"2";"1";"7";"6";"34 Rue André Ternynck";"49,6212100";"3,2149480"
"201900026578";"29";"6";"2019";"10:15";"1";"84";"84076";"2";"7";"1";"6";"place de la fontaine";"43,7043430";"5,6562130"
"201900026579";"29";"6";"2019";"11:05";"1";"15";"15113";"1";"1";"1";"1";"rudez";"45,0855350";"2,6738260"
"201900026580";"28";"6";"2019";"09:30";"1";"1";"01228";"1";"1";"1";"2";"Route des Grands Moulins.";"46,1162360";"5,5508780"
"201900026581";"30";"6";"2019";"14:40";"1";"1";"01034";"1";"9";"1";"1";"RD 992";"45,7250260";"5,6654850"
"201900026582";"28";"6";"2019";"16:14";"1";"1";"01291";"1";"2";"1";"3";"Route de Saint-Genis Sur Menthon";"46,2492520";"4,9981210"
"201900026583";"28";"6";"2019";"15:03";"1";"85";"85089";"1";"1";"1";"1";"La Morinière";"46,6990900";" -1,3490500"
"201900026584";"25";"6";"2019";"19:50";"1";"70";"70491";"1";"3";"1";"3";"RD 5";"47,5498970";"5,7625780"
"201900026585";"29";"6";"2019";"09:00";"1";"26";"26146";"2";"1";"1";"6";"Route de Valréas";"44,4102270";"4,9180500"
"201900026586";"24";"6";"2019";"19:00";"1";"26";"26338";"2";"1";"1";"6";"15 rue des amandiers";"44,6032670";"4,8175350"
"201900026587";"29";"6";"2019";"16:20";"1";"26";"26113";"1";"1";"1";"7";"Route du Col de Rousset";"44,7848180";"5,3688520"
"201900026588";"28";"6";"2019";"18:00";"1";"58";"58189";"2";"2";"7";"3";"Les bertins";"47,2231430";"3,1117430"
"201900026589";"27";"6";"2019";"21:30";"1";"72";"72174";"1";"1";"1";"6";"le bray";"48,2081020";"0,2142670"
"201900026590";"28";"6";"2019";"16:35";"1";"72";"72112";"1";"1";"1";"2";"le gaumont";"48,2478080";"0,2566520"
"201900026591";"30";"6";"2019";"10:00";"1";"72";"72022";"2";"1";"1";"7";"18 rue du stade";"47,7680370";" -0,1647100"
"201900026592";"30";"6";"2019";"04:00";"3";"72";"72090";"1";"1";"1";"3";"Route départementale 323";"48,0604360";"0,4946980"
"201900026593";"27";"6";"2019";"14:10";"1";"72";"72230";"1";"1";"1";"6";"Chemin des Perrays";"47,8657010";"0,1138550"
"201900026594";"30";"6";"2019";"09:40";"1";"6";"06079";"2";"1";"1";"7";"Avenue de Cannes";"43,5428890";"6,9369610"
"201900026595";"30";"6";"2019";"09:45";"1";"6";"06138";"1";"1";"7";"6";"Boulevard de la Corniche d'Or";"43,5047420";"6,9487580"
"201900026596";"28";"6";"2019";"09:00";"1";"6";"06090";"2";"1";"1";"2";"Route de la Fenerie";"43,5809862";"6,9285708"
"201900026597";"29";"6";"2019";"21:00";"1";"14";"14478";"2";"2";"1";"3";"Rue de l'aigle";"49,0217250";"0,4059160"
"201900026598";"28";"6";"2019";"13:20";"1";"14";"14342";"1";"1";"1";"1";"Route départementale 5 - Vouilly";"49,2946330";" -1,0505270"
"201900026599";"28";"6";"2019";"17:45";"1";"14";"14738";"2";"1";"1";"3";"26 Rue Exupère Louis Dubosq";"49,1533570";" -0,4665820"
"201900026600";"29";"6";"2019";"17:15";"1";"5";"05040";"2";"3";"1";"3";"Quartier Pré de la Gare";"44,5465460";"6,2701840"
"201900026601";"28";"6";"2019";"15:20";"1";"5";"05068";"1";"1";"1";"1";"Lieu dit la madelaine";"44,4790970";"6,0831260"
"201900026602";"27";"6";"2019";"15:00";"1";"50";"50049";"1";"1";"1";"1";"route de saint sauveur";"49,3673440";" -1,6286650"
"201900026603";"29";"6";"2019";"17:00";"1";"50";"50417";"2";"9";"1";"6";"Rue du Rabey";"49,5924180";" -1,3024410"
"201900026604";"30";"6";"2019";"18:40";"1";"50";"50391";"1";"1";"1";"1";"Chemin de la Chantellière (Parigny)";"48,5966280";" -1,0395700"
"201900026605";"28";"6";"2019";"10:30";"1";"50";"50263";"1";"1";"1";"3";"le grand champ";"48,5783750";" -1,0495830"
"201900026606";"22";"6";"2019";"04:00";"3";"90";"90072";"1";"6";"1";"7";"RN 1019";"47,5453700";"6,9477760"
"201900026607";"28";"6";"2019";"02:50";"5";"45";"45103";"2";"1";"1";"6";"15 Rue de la Libération";"48,0675390";"2,5506220"
"201900026608";"27";"6";"2019";"17:20";"1";"64";"64404";"1";"9";"1";"5";"RD 918";"43,1000347";" -0,8291218"
"201900026609";"27";"6";"2019";"09:00";"1";"73";"73059";"2";"3";"1";"3";"chemin de lachat";"45,7275489";"5,8884361"
"201900026610";"21";"6";"2019";"00:30";"3";"43";"43012";"2";"1";"1";"6";"Chemin de la Moure";"45,3711710";"4,1861880"
"201900026611";"28";"6";"2019";"16:20";"1";"43";"43152";"1";"1";"1";"2";"Route Départementale 136, PK 001.820";"45,0626830";"3,8683770"
"201900026612";"27";"6";"2019";"19:25";"1";"43";"43036";"1";"1";"1";"6";"Route Nationale 102 pk 34+800";"45,0971690";"3,7965370"
"201900026613";"26";"6";"2019";"18:20";"1";"43";"43190";"1";"1";"1";"3";"Rue Jean Monnet";"45,0526190";"3,9513970"
"201900026614";"29";"6";"2019";"19:00";"1";"10";"10114";"2";"2";"1";"3";"D619";"48,5163320";"3,6377620"
"201900026615";"27";"6";"2019";"20:00";"1";"10";"10034";"1";"1";"1";"7";"D443";"48,1343380";"4,3904220"
"201900026616";"29";"6";"2019";"08:30";"1";"16";"16320";"1";"1";"1";"6";"Ld Les Coudrasses";"45,7626430";" -0,0045490"
"201900026617";"27";"6";"2019";"18:30";"1";"53";"53062";"1";"1";"1";"7";"RD 114, PK 2+198";"47,8258940";" -0,7359210"
"201900026618";"27";"6";"2019";"14:55";"1";"53";"53043";"1";"3";"7";"1";"d32";"48,1514200";" -0,5118100"
"201900026619";"28";"6";"2019";"18:40";"1";"21";"21007";"2";"3";"7";"3";"Pont d'Aisy";"47,3891440";"4,3010720"
"201900026620";"29";"6";"2019";"09:45";"1";"40";"40284";"2";"3";"1";"3";"route de Dax";"43,6655620";" -1,2889550"
"201900026621";"30";"6";"2019";"08:45";"1";"24";"24325";"2";"1";"1";"4";"Le bourg D 703";"44,8861900";"1,4075410"
"201900026622";"27";"6";"2019";"19:45";"1";"24";"24115";"1";"1";"1";"7";"Route du Royer";"45,2375310";"0,6911100"