"Num_Acc";"jour";"mois";"an";"hrmn";"lum";"dep";"com";"agg";"int";"atm";"col";"adr";"lat";"long"
"201900026623";"5";"6";"2019";"09:10";"1";"24";"24220";"1";"1";"8";"3";"Bontemps";"45,0354030";"0,8711940"
"201900026624";"29";"6";"2019";"09:50";"1";"4";"04209";"2";"9";"1";"1";"RD 4085 / Entrée ZA Proviou-Sud";"44,2070310";"5,9325460"
"201900026625";"29";"6";"2019";"11:45";"1";"4";"04045";"1";"1";"1";"3";"La Viguiere";"43,8530570";"5,5618870"
"201900026626";"29";"6";"2019";"09:25";"1";"4";"04031";"1";"1";"1";"4";"RD 907";"43,9237890";"6,1400750"
"201900026627";"30";"6";"2019";"01:00";"3";"4";"04244";"1";"1";"1";"7";"RD 4";"44,1027450";"6,0245140"
"201900026628";"28";"6";"2019";"18:10";"1";"85";"85154";"1";"1";"1";"7";"Le Vivier ";"46,6626200";" -0,8779900"
"201900026629";"30";"6";"2019";"02:20";"3";"27";"27690";"1";"3";"1";"3";"D 6014";"49,2481930";"1,5798890"
"201900026630";"27";"6";"2019";"13:40";"1";"27";"27151";"1";"1";"1";"1";"Route de Ménesqueville";"49,3702690";"1,3946880"
"201900026631";"29";"6";"2019";"17:45";"1";"27";"27425";"1";"1";"1";"6";"D613 PK60";"49,1549150";"0,7245840"
"201900026632";"28";"6";"2019";"13:15";"1";"17";"17072";"2";"1";"1";"6";"24 Rue de Malbeteau";"45,7775980";" -0,4084160"
"201900026633";"27";"6";"2019";"19:45";"1";"17";"17241";"1";"2";"1";"3";"Route du Petit Château";"45,1987820";" -0,1700680"
"201900026634";"28";"6";"2019";"10:45";"1";"23";"23093";"1";"1";"9";"6";"RD997";"46,2216840";"2,2382120"
"201900026635";"28";"6";"2019";"21:45";"1";"23";"23200";"1";"1";"1";"7";"le cros";"46,0373890";"1,5660490"
"201900026636";"30";"6";"2019";"03:30";"3";"37";"37016";"1";"1";"1";"6";"route départmentale 943";"47,1880656";"0,9381623"
"201900026637";"28";"6";"2019";"20:40";"1";"37";"37156";"2";"2";"1";"3";"Rue de la Bechellerie";"47,3802870";"0,8470290"
"201900026638";"24";"6";"2019";"19:45";"1";"30";"30085";"2";"3";"1";"6";"Rue de la Brèche";"43,9543070";"4,4776140"
"201900026639";"28";"6";"2019";"20:25";"1";"30";"30228";"1";"3";"1";"3";"RD 979";"43,9502960";"4,3790280"
"201900026640";"28";"6";"2019";"10:24";"1";"48";"48116";"1";"1";"7";"3";"Montgros (Le Pont-de-Montvert)";"44,3950530";"3,7686530"
"201900026641";"30";"6";"2019";"05:40";"2";"48";"48037";"1";"1";"1";"6";"lieu-dit le crouzet";"44,5151720";"3,6408720"
"201900026642";"30";"6";"2019";"20:20";"1";"8";"08353";"2";"1";"1";"7";"72 Rue de Givetd'après les premier témoignage";"50,1204510";"4,8136010"
"201900026643";"26";"6";"2019";"13:15";"1";"88";"88075";"1";"4";"7";"3";"Route de Gérardmer";"48,0218000";"6,8938110"
"201900026644";"29";"6";"2019";"16:10";"1";"68";"68375";"2";"3";"1";"3";"111 Rue de Reiningue";"47,7932180";"7,2289960"
"201900026645";"28";"6";"2019";"12:20";"1";"33";"33393";"1";"1";"1";"2";"A89 PK35+170";"44,9772900";" -0,1856960"
"201900026646";"29";"6";"2019";"12:25";"1";"13";"13113";"1";"1";"1";"3";"Autoroute A 51 ";"43,5943230";"5,4854210"
"201900026647";"29";"6";"2019";"12:00";"1";"42";"42159";"1";"1";"9";"7";"A89 - PK 452+500";"45,8485030";"3,7639430"
"201900026648";"8";"4";"2019";"22:32";"3";"35";"35210";"1";"1";"1";"2";"Route nationale12 sens St-Brieuc - Rennes PK:69";"48,1450950";" -1,7835480"
"201900026649";"26";"6";"2019";"18:15";"1";"74";"74081";"2";"1";"7";"3";"rue du pont";"46,0599810";"6,5777990"
"201900026650";"29";"6";"2019";"20:00";"1";"6";"06088";"1";"1";"1";"7";"Autoroute A8 - PK 185.500 - Chaussée Nord";"43,6689730";"7,1996510"
"201900026651";"28";"6";"2019";"19:05";"1";"38";"38173";"1";"1";"1";"6";"D1091";"45,0454500";"6,1352200"
"201900026652";"26";"6";"2019";"16:45";"1";"51";"51599";"1";"1";"1";"7";"A4";"49,0925464";"4,2573387"
"201900026653";"13";"4";"2019";"19:30";"1";"94";"94022";"2";"1";"1";"1";"ALFORTVILLE (AV D)";"48,7713100";"2,4136200"
"201900026654";"15";"4";"2019";"07:25";"1";"94";"94019";"2";"1";"1";"6";"LIBERATION (RTE DE LA)";"48,8008402";"2,5418526"
"201900026655";"14";"4";"2019";"01:30";"3";"94";"94060";"2";"1";"1";"2";"GENERAL DE GAULLE (R DU)";"48,7800950";"2,5779080"
"201900026656";"15";"4";"2019";"10:40";"1";"94";"94018";"2";"1";"1";"3";"LIBERTE (AV DE LA)";"48,8222100";"2,4026200"
"201900026657";"14";"4";"2019";"12:20";"1";"94";"94018";"2";"1";"1";"3";"PARIS (R DE)";"48,8241400";"2,4093400"
"201900026658";"15";"4";"2019";"22:13";"5";"94";"94017";"2";"1";"1";"2";"REPUBLIQUE (AV DE LA)";"48,8222800";"2,5105700"
"201900026659";"14";"4";"2019";"14:55";"1";"94";"94017";"2";"3";"1";"2";"ANATOLE FRANCE (R)";"48,8177700";"2,5457900"
"201900026660";"14";"4";"2019";"19:00";"1";"93";"93064";"2";"1";"1";"3";"ALSACE-LORRAINE (BOULEVARD)";"48,8860400";"2,4761700"
"201900026661";"14";"4";"2019";"15:45";"1";"93";"93064";"2";"2";"1";"6";"PERI (BOULEVARD GABRIEL)  0 - 37 / 42";"48,8773800";"2,4800200"
"201900026662";"15";"4";"2019";"20:25";"2";"93";"93077";"2";"5";"1";"3";"OSSEVILLE (AVENUE D')";"48,8807100";"2,5195200"
"201900026663";"15";"4";"2019";"19:20";"1";"93";"93077";"2";"1";"1";"6";"NEUILLY (RUE DE)";"48,8774500";"2,5233800"
"201900026664";"15";"4";"2019";"10:55";"1";"93";"93050";"2";"1";"1";"2";"JEAN JAURES (AVENUE) COTE MAISON BLANCHE";"48,8640278";"2,5497562"
"201900026665";"14";"4";"2019";"14:30";"1";"93";"93006";"2";"1";"1";"6";"GAMBETTA AV.";"48,8700000";"2,4209000"
"201900026666";"15";"4";"2019";"16:40";"1";"93";"93031";"2";"1";"1";"6";"JARROW (AVENUE DE)";"48,9527600";"2,3296900"
"201900026667";"15";"4";"2019";"20:00";"1";"93";"93029";"2";"1";"1";"3";"HENRI BARBUSSE (AVE) N°2-124";"48,9158600";"2,4429900"
"201900026668";"15";"4";"2019";"10:05";"1";"93";"93001";"2";"4";"1";"3";"ANDRE KARMAN (RUE)  138/145 =>";"48,9123860";"2,3852060"
"201900026669";"15";"4";"2019";"15:45";"1";"92";"92075";"2";"1";"1";"2";"PAIX (AVENUE DE LA)";"48,8151000";"2,2776000"
"201900026670";"12";"4";"2019";"09:45";"2";"92";"92063";"2";"4";"1";"3";"BELIN (AVENUE EDOUARD)";"48,8871337";"2,1696389"
"201900026671";"12";"4";"2019";"20:25";"2";"92";"92025";"2";"1";"1";"1";"BOURNARD (RUE DU)";"48,9229970";"2,2562140"
"201900026672";"14";"4";"2019";"11:20";"1";"92";"92024";"2";"6";"1";"1";"GENNEVILLIERS (PONT DE)";"48,9108400";"2,3126700"
"201900026673";"13";"4";"2019";"22:50";"5";"92";"92019";"2";"1";"1";"3";"DIVISION LECLERC (AVENUE DE LA)";"48,7629400";"2,2785800"
"201900026674";"15";"4";"2019";"15:25";"1";"92";"92012";"2";"3";"1";"3";"REINE (ROUTE DE LA) 39/107 BIS";"48,8397199";"2,2397601"
"201900026675";"15";"4";"2019";"11:50";"1";"92";"92012";"2";"2";"1";"3";"JEAN JAURES (BD) DE (111 A 159)";"48,8323882";"2,2517431"
"201900026676";"10";"4";"2019";"18:30";"1";"33";"33478";"1";"1";"1";"3";"Route de Périgueux";"45,0111800";"0,0146400"
"201900026677";"6";"4";"2019";"16:45";"1";"36";"36026";"1";"1";"1";"2";"ROUTE D'ISSOUDUN";"46,9523367";"1,7518821"
"201900026678";"16";"4";"2019";"07:50";"1";"44";"44037";"1";"1";"1";"1";"D137";"47,0987770";" -1,4541850"
"201900026679";"13";"4";"2019";"19:40";"3";"972";"97222";"1";"1";"1";"1";"Quartier Lestrade N1";"14,7013850";" -60,9406390"
"201900026680";"15";"4";"2019";"14:15";"1";"972";"97207";"1";"1";"1";"7";"Fond Savane";"14,5997950";" -60,9429050"
"201900026681";"13";"4";"2019";"14:30";"1";"972";"97206";"2";"1";"1";"3";"29 Rue Justin Roc";"14,4796400";" -61,0266890"
"201900026682";"31";"3";"2019";"09:00";"1";"972";"97232";"1";"1";"1";"6";"Route Macabou";"14,5077470";" -60,8297130"
"201900026683";"23";"3";"2019";"16:15";"1";"11";"11393";"1";"1";"1";"7";"D 611";"43,2525740";"2,7510090"
"201900026684";"16";"4";"2019";"14:29";"1";"23";"23193";"1";"1";"1";"6";"RN 145, pk 47+100";"46,1815700";"1,9164540"
"201900026685";"21";"3";"2019";"18:10";"1";"54";"54236";"1";"1";"1";"4";"D170";"49,4322820";"5,5563490"
"201900026686";"13";"4";"2019";"06:50";"2";"1";"01288";"1";"1";"1";"6";"route départemental 884";"46,1844200";"5,9389323"
"201900026687";"21";"3";"2019";"12:30";"1";"978";"97801";"2";"1";"1";"1";"nationale";"18,0987280";" -63,0487460"
"201900026688";"16";"4";"2019";"11:10";"1";"57";"57145";"1";"1";"1";"1";"D603";"49,1183860";"6,2512580"
"201900026689";"13";"4";"2019";"21:20";"3";"65";"65340";"1";"9";"1";"1";"Route de Rabastens";"43,2665080";"0,1046730"
"201900026690";"14";"4";"2019";"15:40";"1";"32";"32291";"2";"1";"1";"6";"route départementale 32";"43,7971100";" -0,1553040"
"201900026691";"14";"4";"2019";"08:35";"1";"11";"11262";"1";"1";"1";"6";"CD 168 DE NARBONNE";"43,1845270";"3,0024580"
"201900026692";"14";"4";"2019";"21:15";"5";"76";"76192";"1";"1";"1";"1";"d925";"50,0223100";"1,3259370"
"201900026693";"15";"4";"2019";"06:50";"2";"61";"61484";"1";"1";"1";"6";"le bois de l'anis";"48,2780870";"0,7779070"
"201900026694";"15";"4";"2019";"08:30";"1";"61";"61281";"1";"1";"1";"6";"Le Taillis";"48,8404480";" -0,6755110"
"201900026695";"14";"4";"2019";"19:55";"2";"12";"12133";"2";"1";"1";"6";"24 Avenue de Rodez";"44,2962480";"2,5582300"
"201900026696";"14";"4";"2019";"17:45";"1";"41";"41242";"2";"1";"9";"6";"Rue du Carroir";"47,2791490";"1,5603580"
"201900026697";"14";"4";"2019";"12:15";"1";"34";"34312";"1";"1";"1";"6";"d35";"43,6531531";"3,1490607"
"201900026698";"11";"4";"2019";"16:07";"1";"44";"44049";"2";"6";"1";"3";"BOULEVARD DU GENERAL LECLERC";"47,2879520";" -2,5096100"
"201900026699";"21";"3";"2019";"15:30";"1";"44";"44021";"1";"1";"1";"6";"Le Pont du Fresne (Bourgneuf-en-Retz)";"47,0430320";" -1,9528050"
"201900026700";"14";"4";"2019";"14:25";"1";"29";"29218";"2";"3";"3";"7";"Rue de la Métairie";"48,0417730";" -4,4859310"
"201900026701";"9";"4";"2019";"18:15";"1";"31";"31587";"1";"3";"1";"5";"CD 14 - Route de TOULOUSE";"43,7714300";"1,4390190"
"201900026702";"20";"3";"2019";"08:30";"1";"38";"38261";"2";"6";"7";"6";"Grande Rue";"45,6774090";"5,4690860"
"201900026703";"11";"4";"2019";"15:35";"1";"54";"54256";"1";"4";"1";"1";"iNTERSECTION D112 - D110";"48,5142020";"6,3189250"
"201900026704";"15";"4";"2019";"21:00";"1";"72";"72291";"1";"1";"1";"7";"Le Point du Jour";"47,7413740";"0,0557680"
"201900026705";"14";"4";"2019";"20:45";"3";"72";"72300";"1";"1";"1";"6";"montalon";"48,0289640";"0,3726960"
"201900026706";"15";"4";"2019";"22:10";"5";"60";"60667";"2";"3";"1";"6";"Rue Saint-Pierre";"49,3098620";"2,7272350"
"201900026707";"15";"4";"2019";"09:30";"1";"64";"64393";"1";"1";"1";"7";"Chemin du Pont d'As";"43,2965780";" -0,5155640"
"201900026708";"14";"4";"2019";"15:49";"1";"64";"64339";"2";"1";"1";"6";"D937";"43,1245107";" -0,2074005"
"201900026709";"15";"4";"2019";"23:00";"5";"73";"73255";"2";"1";"1";"6";"D74 Route de l'Aura";"45,3398748";"6,3002527"
"201900026710";"11";"4";"2019";"23:15";"5";"18";"18242";"2";"7";"1";"7";"place de la libération sancoins";"46,8313260";"2,9186610"
"201900026711";"31";"3";"2019";"23:30";"3";"21";"21362";"1";"1";"1";"6";"RD 977";"47,2279080";"4,5851510"
"201900026712";"12";"4";"2019";"11:15";"1";"40";"40273";"2";"1";"1";"6";"Avenue du Quartier Neuf";"43,5302040";" -1,3875210"
"201900026713";"16";"4";"2019";"15:49";"1";"4";"04174";"1";"1";"1";"7";"RN 202";"43,9671999";"6,7531613"
"201900026714";"15";"4";"2019";"01:00";"3";"27";"27169";"1";"1";"1";"6";"RD312";"49,4241880";"0,3784930"
"201900026715";"15";"4";"2019";"20:11";"1";"17";"17465";"1";"1";"8";"7";"lieu dit la touche";"45,9765920";" -0,5736990"
"201900026716";"30";"3";"2019";"16:20";"1";"87";"87055";"1";"1";"1";"6";"RD 942";"46,2298270";"0,9819580"
"201900026717";"14";"4";"2019";"15:00";"1";"30";"30198";"1";"1";"1";"7";"RD 20";"44,0847760";"3,7394810"
"201900026718";"12";"4";"2019";"01:30";"3";"48";"48173";"1";"1";"1";"6";"Les Ombras";"44,2406520";"3,9074970"
"201900026719";"15";"4";"2019";"12:30";"1";"48";"48070";"1";"1";"1";"1";"L'Aldeyres";"44,7586360";"3,6318500"
"201900026720";"15";"4";"2019";"06:30";"2";"80";"80399";"1";"1";"1";"6";"A29 - PK 181.000";"49,8691600";"2,1743790"
"201900026721";"15";"4";"2019";"09:20";"1";"38";"38172";"1";"1";"1";"6";"Route de Vaulx-Milieu";"45,5902830";"5,1926810"
"201900026722";"15";"4";"2019";"16:14";"1";"1";"01373";"1";"1";"1";"6";"A404";"46,1482300";"5,5463250"
"201900026723";"15";"4";"2019";"03:20";"3";"1";"01031";"1";"1";"1";"6";"A404 PK 4+800 diection Oyonnax";"46,2425270";"5,6211750"
"201900026724";"14";"4";"2019";"07:25";"1";"33";"33284";"1";"1";"8";"2";"A63 - PK018.200";"44,6782700";" -0,7955900"
"201900026725";"15";"4";"2019";"17:35";"1";"31";"31329";"1";"1";"6";"5";"Route départementale 2";"43,4677100";"1,8002820"
"201900026726";"15";"4";"2019";"12:17";"1";"31";"31254";"1";"1";"1";"2";"autorouteA 61";"43,5429750";"1,5031570"
"201900026727";"14";"4";"2019";"19:25";"5";"976";"97606";"2";"1";"1";"6";"Route départementale 5 MRAMADOUDOU";" -12,9305090";"45,1528110"
"201900026728";"15";"4";"2019";"13:10";"1";"69";"69264";"1";"1";"1";"2";"A6";"45,9890050";"4,7182950"
"201900026729";"15";"4";"2019";"14:10";"1";"27";"27697";"1";"1";"1";"6";"Autourout 13, PK;: 091+800, direction PRIS";"49,2014150";"1,2258580"
"201900026730";"15";"4";"2019";"23:20";"3";"988";"98804";"1";"3";"1";"6";"Tribu de Nakety Kopelia";" -21,5500300";"166,0370700"
"201900026731";"16";"4";"2019";"06:55";"2";"974";"97415";"1";"9";"7";"3";"Rue Henri Cornu";" -20,9634920";"55,2897220"
"201900026732";"20";"3";"2019";"18:05";"1";"973";"97306";"1";"1";"1";"3";"CD 8 - PK 15";"5,5938509";" -53,6308959"
"201900026733";"14";"4";"2019";"08:20";"1";"973";"97305";"2";"1";"1";"6";"Rue Papaye Biche";"4,9271060";" -52,4107580"
"201900026734";"14";"4";"2019";"20:00";"5";"972";"97228";"2";"1";"1";"7";"Reculee";"14,7801680";" -61,0278320"
"201900026735";"14";"4";"2019";"18:00";"2";"972";"97230";"1";"3";"1";"3";"Morne Poirier";"14,7386680";" -60,9769560"
"201900026736";"8";"4";"2019";"18:00";"1";"33";"33214";"1";"1";"1";"1";"d5e3";"44,9705700";" -1,0404800"
"201900026737";"22";"3";"2019";"19:20";"3";"77";"77207";"1";"9";"1";"1";"D403";"48,1712200";"2,5132100"
"201900026738";"15";"4";"2019";"11:00";"1";"77";"77264";"1";"9";"1";"1";"D402 - Route de Coulommiers";"48,7132200";"2,9579300"
"201900026739";"13";"3";"2019";"13:15";"1";"91";"91044";"2";"1";"2";"5";"N20";"48,6646950";"2,2778230"
"201900026740";"15";"4";"2019";"17:20";"1";"2B";"2B220";"1";"1";"1";"7";"rt20";"42,4300210";"9,2051710"
"201900026741";"16";"4";"2019";"13:30";"1";"2B";"2B332";"1";"1";"2";"6";"RD 81 - Route de Saint Florent";"42,6471470";"9,1013370"
"201900026742";"13";"4";"2019";"19:20";"1";"84";"84141";"1";"3";"1";"3";"Route de Morières";"43,9577570";"4,8999520"
"201900026743";"15";"4";"2019";"11:10";"1";"6";"06075";"2";"1";"1";"6";"Avenue Porte des Alpes";"43,8570410";"7,1969720"
"201900026744";"18";"3";"2019";"08:45";"1";"13";"13014";"2";"1";"1";"6";"Rue Paul Eluard";"43,4801360";"5,1653250"
"201900026745";"17";"3";"2019";"21:00";"5";"13";"13014";"2";"1";"1";"3";"Rue Paul EluardBoulevardRomain Roland";"43,4852110";"5,1674710"
"201900026746";"14";"4";"2019";"16:30";"1";"89";"89083";"1";"1";"1";"3";"Les Bruyeres";"47,8431240";"3,4930390"
"201900026747";"14";"4";"2019";"16:40";"1";"71";"71556";"2";"1";"1";"7";"RD906";"46,2695820";"4,8050280"
"201900026748";"14";"4";"2019";"15:00";"1";"88";"88090";"2";"3";"1";"3";"Rue Claude Barres";"48,3620120";"6,3029390"
"201900026749";"14";"4";"2019";"21:35";"3";"74";"74224";"2";"3";"1";"3";"Avenue des Voirons";"46,0781140";"6,2964690"
"201900026750";"15";"4";"2019";"07:52";"2";"73";"73187";"2";"4";"1";"6";"D990 PETIT CŒUR";"45,5204965";"6,4857692"
"201900026751";"10";"4";"2019";"14:30";"1";"38";"38051";"1";"2";"1";"3";"d131";"45,3161840";"4,9045280"
"201900026752";"24";"3";"2019";"06:00";"3";"44";"44201";"1";"1";"1";"6";"départementale 37";"47,3617680";" -1,5431750"
"201900026753";"16";"4";"2019";"14:10";"1";"69";"69076";"1";"6";"2";"7";"Route de Lyon";"45,8442730";"4,7239400"
"201900026754";"15";"4";"2019";"07:24";"1";"31";"31395";"2";"1";"1";"5";"Route de Frouzins";"43,4919050";"1,3406050"
"201900026755";"14";"4";"2019";"19:30";"1";"17";"17179";"1";"3";"1";"3";"RD 137";"45,6929840";" -0,6171240"
"201900026756";"16";"4";"2019";"16:00";"1";"22";"22385";"2";"3";"1";"7";"5 Route de la Source";"48,4883430";" -1,9798340"
"201900026757";"15";"4";"2019";"15:20";"1";"27";"27280";"1";"1";"1";"6";"RD 57";"49,0301390";"1,2568220"
"201900026758";"11";"4";"2019";"21:20";"2";"76";"76495";"1";"8";"1";"3";"Rue du Docteur Blondel";"49,5611820";"0,9507700"
"201900026759";"15";"4";"2019";"17:10";"1";"60";"60282";"1";"3";"1";"1";"Route de Précy";"49,1922257";"2,3944352"
"201900026760";"14";"4";"2019";"21:39";"3";"80";"80430";"1";"1";"1";"6";"autoroute A1 pk 126+600";"49,9222830";"2,8513240"
"201900026761";"15";"4";"2019";"08:50";"1";"59";"59626";"1";"1";"1";"1";"RD 934";"50,2863813";"3,6295491"
"201900026762";"16";"4";"2019";"12:55";"1";"59";"59222";"2";"1";"1";"7";"Route Nationale";"50,4540260";"3,1364170"
"201900026763";"12";"4";"2019";"08:20";"1";"13";"13081";"2";"1";"1";"6";"A7-Sens Marseille vers Lyon";"43,4782158";"5,2391106"
"201900026764";"13";"4";"2019";"14:25";"1";"83";"83137";"1";"1";"1";"7";"A50 TUNNEL TUBE SUD";"43,1209300";"5,9435000"
"201900026765";"14";"4";"2019";"17:40";"1";"69";"69199";"1";"1";"1";"2";"A7   7.000 A 8.630";"45,6921100";"4,8452000"
"201900026766";"13";"4";"2019";"15:00";"1";"67";"67482";"1";"1";"1";"3";"Autoroute A.35";"48,5893400";"7,7311400"
"201900026767";"15";"4";"2019";"13:37";"1";"33";"33122";"1";"1";"1";"6";"AUTOROUTE A 63";"44,7374900";" -0,7157600"
"201900026768";"15";"4";"2019";"13:00";"1";"33";"33249";"1";"1";"1";"6";"échangeur 1 A630 - RN230 sens Bordeaux - Lormont ";"44,8841400";" -0,5120900"
"201900026769";"10";"4";"2019";"23:30";"3";"59";"59523";"1";"1";"1";"7";"AUTOROUTE A27";"50,5991500";"3,1656100"
"201900026770";"15";"4";"2019";"14:00";"1";"94";"94021";"1";"1";"1";"7";"AUTOROUTE A6A";"48,7691700";"2,3448800"
"201900026771";"15";"4";"2019";"08:45";"1";"91";"91363";"1";"1";"1";"2";"RN 104";"48,6351000";"2,2148000"
"201900026772";"14";"4";"2019";"20:05";"1";"78";"78126";"1";"1";"1";"5";"A13";"48,8376900";"2,1247660"
"201900026773";"14";"4";"2019";"15:30";"1";"78";"78238";"1";"1";"1";"2";"A12 W";"48,9706160";"1,8797380"
"201900026774";"14";"4";"2019";"06:06";"3";"78";"78402";"1";"1";"1";"6";"A13";"48,9639870";"1,7774480"
"201900026775";"14";"4";"2019";"02:05";"4";"92";"92036";"1";"1";"1";"6";"RN315 Y";"48,9366413";"2,2997260"
"201900026776";"14";"4";"2019";"03:10";"3";"95";"95306";"1";"1";"1";"6";"AUTOROUTE A15";"48,9955900";"2,1825900"
"201900026777";"15";"4";"2019";"16:35";"1";"77";"77258";"1";"1";"1";"4";"A4.Y";"48,8308700";"2,6375000"
"201900026778";"15";"4";"2019";"07:20";"1";"77";"77296";"1";"1";"1";"3";"A5b";"48,6295100";"2,6290600"
"201900026779";"14";"4";"2019";"18:00";"1";"77";"77121";"1";"1";"1";"7";"A104 (BRETELLE A4)";"48,8357900";"2,6653200"
"201900026780";"12";"4";"2019";"02:38";"5";"94";"94017";"1";"1";"1";"2";"A4";"48,8271600";"2,5040100"
"201900026781";"10";"4";"2019";"08:15";"1";"63";"63014";"2";"1";"2";"6";"ROMAGNAT (RUE DE)";"45,7492441";"3,1117590"
"201900026782";"10";"4";"2019";"08:47";"1";"63";"63113";"2";"1";"2";"2";"JAURES (BD JEAN)";"45,7689200";"3,0776600"
"201900026783";"30";"1";"2019";"22:50";"5";"16";"16154";"2";"6";"1";"6";"route de l'isle d'Espagnac";"45,6702994";"0,1833719"
"201900026784";"5";"2";"2019";"16:50";"1";"94";"94068";"2";"3";"1";"6";"RESERVOIR (AV DU)";"48,8077100";"2,4962400"
"201900026785";"10";"4";"2019";"11:20";"1";"94";"94017";"2";"1";"8";"6";"BOILEAU (AV)";"48,8035600";"2,5490800"
"201900026786";"10";"4";"2019";"18:05";"1";"92";"92020";"2";"1";"1";"2";"VERDUN (AVENUE DE)";"48,8036200";"2,2881700"
"201900026787";"13";"4";"2019";"14:45";"1";"91";"91689";"1";"1";"1";"5";"AUTOROUTE A6";"48,7305000";"2,3149000"
"201900026788";"11";"4";"2019";"13:35";"1";"92";"92036";"1";"1";"1";"3";"AUTOROUTE A86";"48,9386100";"2,3015100"
"201900026789";"10";"4";"2019";"19:05";"1";"95";"95572";"1";"1";"1";"3";"AUTOROUTE A15";"49,0316900";"2,1175100"
"201900026790";"10";"4";"2019";"08:00";"1";"95";"95678";"1";"1";"2";"7";"RN 184";"49,0728100";"2,2273400"
"201900026791";"9";"4";"2019";"15:00";"1";"95";"95018";"1";"1";"1";"6";"AUTOROUTE A15";"48,9572400";"2,2742200"
"201900026792";"12";"4";"2019";"18:10";"5";"988";"98818";"2";"2";"2";"3";"RUE MARCONI/ROUTE BAIE DES DAMES";" -22,2347400";"166,4424100"
"201900026793";"12";"4";"2019";"09:45";"1";"988";"98818";"1";"3";"3";"4";"AVENUE BONAPARTE";" -22,2421100";"166,4589100"
"201900026794";"13";"4";"2019";"18:20";"3";"976";"97611";"1";"9";"1";"3";"kaweni-Mangrove (route de la)";" -12,7749188";"45,2230029"
"201900026795";"11";"4";"2019";"02:45";"3";"976";"97611";"2";"1";"1";"7";"kaweni-Kaweni nord ( Z I )";" -12,7570400";"45,2329700"
"201900026796";"13";"4";"2019";"14:30";"1";"974";"97416";"2";"3";"1";"3";"HUBERT DE LISLE(BOULEVARD)";" -21,3425600";"55,4658800"
"201900026797";"11";"4";"2019";"20:45";"3";"974";"97416";"2";"2";"1";"1";"Rue Hippolyte Piot";" -21,2986600";"55,4538200"
"201900026798";"11";"4";"2019";"16:18";"1";"974";"97416";"2";"1";"2";"6";"RN 01";" -21,3144600";"55,4399500"
"201900026799";"12";"4";"2019";"07:15";"3";"974";"97411";"1";"1";"1";"6";"Ancienne RN1";" -21,3167600";"55,4422100"
"201900026800";"11";"4";"2019";"18:35";"3";"974";"97411";"2";"1";"1";"5";"LANCASTEL (BOULEVARD)";" -20,8842700";"55,4671500"
"201900026801";"11";"4";"2019";"05:50";"2";"974";"97411";"2";"1";"1";"6";"Avenue Hyppolyte Foucque";" -20,8972900";"55,4866700"
"201900026802";"12";"4";"2019";"07:50";"1";"974";"97409";"1";"9";"2";"6";"RN2 DIRECTION ST BENT SORTIE PETIT BAZAR";" -20,9441634";"55,6496699"
"201900026803";"11";"4";"2019";"18:00";"4";"974";"97407";"2";"1";"8";"6";"JACQUES DUCLOS (RUE) - RIVIERE DES GAL  ";" -20,9576700";"55,3141900"
"201900026804";"11";"4";"2019";"07:40";"1";"974";"97407";"2";"1";"1";"6";"Rue de La Guyane";" -20,9461920";"55,2968830"
"201900026805";"14";"4";"2019";"01:10";"3";"69";"69259";"2";"9";"1";"3";"LAURENT BONNEVAY                    (BD)";"45,7191300";"4,8759000"
"201900026806";"13";"4";"2019";"16:20";"1";"69";"69387";"2";"2";"1";"3";"TONY GARNIER                        (AV)";"45,7299800";"4,8238400"
"201900026807";"13";"4";"2019";"17:00";"1";"69";"69259";"2";"1";"1";"6";"JODINO (DE)                         (BD)";"45,6913700";"4,8839200"
"201900026808";"12";"4";"2019";"15:15";"1";"69";"69387";"2";"2";"1";"3";"GUILLOTIERE (DE LA)                 (GR)";"45,7509700";"4,8482500"
"201900026809";"12";"4";"2019";"15:18";"1";"69";"69388";"2";"2";"1";"6";"ROCKEFELLER                         (AV)";"45,7413600";"4,8851900"
"201900026810";"12";"4";"2019";"09:00";"1";"69";"69388";"2";"3";"1";"3";"LONGEFER                            (R )";"45,7392300";"4,8802000"
"201900026811";"11";"4";"2019";"16:05";"1";"69";"69387";"2";"2";"1";"6";"JEAN JAURES                         (AV)";"45,7511700";"4,8453800"
"201900026812";"11";"4";"2019";"07:50";"2";"69";"69386";"2";"2";"1";"1";"BELGES (DES)                        (BD)";"45,7681900";"4,8589200"
"201900026813";"10";"4";"2019";"09:15";"1";"69";"69388";"2";"2";"1";"3";"ROCHAMBEAU                          (R )";"45,7310600";"4,8684700"
"201900026814";"13";"4";"2019";"06:35";"1";"972";"97209";"2";"2";"2";"3";"MONNEROT (RUE)";"14,6112000";" -61,0708000"