"Num_Acc";"jour";"mois";"an";"hrmn";"lum";"dep";"com";"agg";"int";"atm";"col";"adr";"lat";"long"
"201900026815";"12";"4";"2019";"10:10";"1";"972";"97209";"1";"1";"1";"3";"PROFESSEUR RAYMOND GARCIN (RUE DU)";"14,6153400";" -61,0786900"
"201900026816";"13";"4";"2019";"17:10";"1";"69";"69389";"2";"1";"1";"3";"MOUILLARD                           (R )";"45,7839284";"4,8027985"
"201900026817";"13";"4";"2019";"04:40";"5";"69";"69382";"2";"3";"1";"1";"BELLECOUR                           (PL)";"45,7580300";"4,8337900"
"201900026818";"13";"4";"2019";"03:00";"5";"69";"69382";"2";"2";"1";"3";"PRESIDENT EDOUARD HERRIOT (DU)      (R )";"45,7648900";"4,8342800"
"201900026819";"12";"4";"2019";"17:40";"1";"69";"69034";"2";"6";"1";"2";"MARECHAL FOCH (DU)                  (PL)";"45,7980474";"4,8514509"
"201900026820";"11";"4";"2019";"21:35";"3";"69";"69286";"2";"1";"1";"1";"MARYSE BASTIE                       (R )";"45,8250000";"4,9180000"
"201900026821";"11";"4";"2019";"19:20";"1";"69";"69286";"2";"1";"1";"2";"MONT CINDRE (DU)                    (R )";"45,8255100";"4,8887700"
"201900026822";"13";"4";"2019";"00:22";"3";"2B";"2B120";"2";"1";"1";"6";"11 - RT";"42,6395200";"9,4393900"
"201900026823";"12";"4";"2019";"22:45";"5";"2B";"2B033";"2";"1";"1";"4";"VEZZANI - RUE CESAR";"42,6931500";"9,4501900"
"201900026824";"12";"4";"2019";"07:32";"1";"2B";"2B033";"2";"3";"2";"3";"PAOLI DU NR 21 AU 45 -BLD";"42,7012589";"9,4503741"
"201900026825";"10";"4";"2019";"09:14";"1";"971";"97113";"1";"1";"1";"6";"RN4 - SECTION RIVIERA";"16,2177500";" -61,4912600"
"201900026826";"13";"4";"2019";"06:20";"2";"2A";"2A004";"2";"1";"1";"1";"ROSSINI PASCAL BD";"41,9158100";"8,7308900"
"201900026827";"11";"4";"2019";"17:40";"1";"2A";"2A004";"2";"1";"2";"3";"ROUTE DU STILETTO";"41,9466000";"8,7661900"
"201900026828";"12";"4";"2019";"16:25";"1";"95";"95424";"2";"1";"1";"2";"VICTOR BORDIER(BOULEVARD)";"48,9901000";"2,2040000"
"201900026829";"11";"4";"2019";"08:52";"1";"95";"95018";"2";"1";"1";"3";"HELOISE (BOULEVARD)";"48,9421700";"2,2529600"
"201900026830";"9";"4";"2019";"20:02";"2";"91";"91687";"2";"1";"1";"4";"RN445";"48,6558000";"2,3718900"
"201900026831";"11";"4";"2019";"12:15";"1";"91";"91228";"2";"2";"1";"3";"EUROPE (BD) N° PAIRS";"48,6309500";"2,4248400"
"201900026832";"10";"4";"2019";"08:05";"1";"91";"91657";"2";"2";"1";"3";"HENRI CHARON (AVENUE)";"48,7078500";"2,4180000"
"201900026833";"12";"4";"2019";"13:35";"1";"91";"91339";"2";"4";"1";"2";"BOILOT GEORGES (AVENUE)";"48,6262600";"2,2599300"
"201900026834";"29";"7";"2019";"11:55";"1";"51";"51113";"2";"6";"1";"3";"RD 933";"48,8808409";"3,7758027"
"201900026835";"30";"7";"2019";"06:25";"2";"56";"56240";"1";"1";"9";"7";"Coet Y Huel";"47,5293030";" -2,8056500"
"201900026836";"28";"7";"2019";"01:25";"5";"56";"56240";"1";"6";"1";"7";"La Maison Neuve";"47,5174400";" -2,6884300"
"201900026837";"31";"7";"2019";"14:00";"1";"79";"79352";"1";"1";"1";"6";"N/A";"46,0795130";" -0,3016960"
"201900026838";"28";"7";"2019";"07:00";"2";"79";"79100";"2";"1";"1";"7";"La Sotterie";"46,3130660";" -0,6140880"
"201900026839";"28";"7";"2019";"19:40";"1";"2A";"2A362";"2";"1";"1";"7";"Lieu-Dit ""TAGLIO ROSSO"", SAINTE-LUCIE-DE-PORTO-VECCHIO";"41,7071160";"9,3177490"
"201900026840";"29";"7";"2019";"11:38";"1";"2A";"2A092";"1";"1";"1";"6";"D168";"41,7356601";"9,3365350"
"201900026841";"28";"7";"2019";"18:30";"1";"2B";"2B341";"1";"1";"1";"6";"RT 50, PK 65+300";"42,1976770";"9,1704960"
"201900026842";"31";"7";"2019";"02:00";"3";"2B";"2B049";"1";"1";"1";"6";"route départemenale 151";"42,5299580";"8,8334050"
"201900026843";"30";"7";"2019";"18:45";"1";"2B";"2B343";"1";"2";"1";"3";"Scampornaccio";"42,4919330";"9,4824910"
"201900026844";"26";"7";"2019";"16:25";"1";"80";"80071";"1";"2";"1";"1";"Lieu-dit vert galant";"50,0750280";"2,3243440"
"201900026845";"29";"7";"2019";"17:10";"1";"80";"80650";"1";"1";"1";"1";"d929";"49,9387570";"2,4128450"
"201900026846";"30";"7";"2019";"12:05";"1";"82";"82115";"1";"1";"1";"6";"D35";"44,0210000";"1,5831000"
"201900026847";"7";"6";"2019";"07:00";"1";"82";"82114";"2";"1";"1";"6";"16 avenue de Toulouse";"43,8927630";"1,2396240"
"201900026848";"24";"7";"2019";"14:40";"1";"33";"33382";"2";"3";"1";"6";"rue de la gare 33920";"45,1361350";" -0,5078600"
"201900026849";"28";"7";"2019";"17:05";"1";"69";"69066";"2";"9";"1";"3";"Route de Charlieu (Cours-la-Ville)";"46,1028700";"4,3158100"
"201900026850";"31";"7";"2019";"09:00";"1";"32";"32096";"2";"1";"1";"1";"Avenue de l'Uby";"43,9466040";" -0,0483440"
"201900026851";"30";"7";"2019";"18:37";"1";"32";"32345";"1";"1";"1";"6";"D41";"44,0057140";"0,5318080"
"201900026852";"29";"7";"2019";"10:10";"1";"71";"71533";"1";"3";"1";"2";"route départementale 8 - lieu dit LES PINS";"46,2160630";"4,2748830"
"201900026853";"30";"7";"2019";"11:00";"1";"71";"71014";"2";"1";"2";"7";"Rue de la Grange Vertu";"46,9528470";"4,2944310"
"201900026854";"30";"7";"2019";"18:30";"2";"71";"71530";"2";"4";"1";"1";"20 Rue du Reuil d'Èze";"47,0060060";"4,4696540"
"201900026855";"20";"7";"2019";"09:54";"1";"63";"63276";"2";"1";"2";"6";"15 route de Clermont";"45,8380700";"3,4970181"
"201900026856";"29";"7";"2019";"12:00";"1";"63";"63291";"1";"2";"1";"3";"D59/Vc ld Chez Dragon";"45,9870330";"3,4966886"
"201900026857";"29";"7";"2019";"14:10";"1";"61";"61371";"1";"1";"1";"1";"La Fauveliere";"48,6796210";" -0,1727780"
"201900026858";"28";"7";"2019";"20:45";"1";"55";"55113";"1";"1";"1";"7";"Cd 19";"49,2302040";"5,0628650"
"201900026859";"26";"7";"2019";"08:45";"1";"49";"49228";"1";"3";"2";"3";"Les Malicotières (Noyant)";"47,5134950";"0,1026110"
"201900026860";"24";"7";"2019";"13:00";"1";"49";"49307";"2";"1";"1";"2";"6 Rue de la Vilaine (Saint-Mathurin-sur-Loire)";"47,4148360";" -0,3166950"
"201900026861";"28";"7";"2019";"04:35";"3";"47";"47039";"1";"1";"1";"6";"Lamouterie";"44,1360000";"0,0892000"
"201900026862";"30";"7";"2019";"16:30";"1";"41";"41164";"1";"1";"1";"1";"D976";"47,2743560";"1,4441910"
"201900026863";"27";"7";"2019";"21:30";"3";"86";"86154";"1";"3";"1";"7";"carrefour D725/ D18";"46,7996660";"0,1010020"
"201900026864";"28";"7";"2019";"20:20";"1";"86";"86249";"1";"1";"1";"6";"Rue René Monory";"46,8806580";"0,2448760"
"201900026865";"31";"7";"2019";"17:45";"1";"34";"34035";"1";"1";"1";"1";"D 27";"43,6561310";"3,6461400"
"201900026866";"27";"7";"2019";"15:45";"1";"22";"22157";"1";"9";"1";"3";"RN164";"48,2597050";" -3,5116430"
"201900026867";"25";"7";"2019";"22:00";"5";"39";"39434";"2";"1";"1";"6";"N/A";"46,8336850";"5,7094930"
"201900026868";"27";"7";"2019";"21:50";"3";"25";"25551";"1";"1";"1";"6";"D 437 C";"47,3362970";"6,8707850"
"201900026869";"28";"7";"2019";"17:10";"1";"44";"44046";"2";"2";"1";"3";"Rue de Saint-Michel";"47,2765830";" -2,0599200"
"201900026870";"27";"7";"2019";"05:55";"3";"44";"44046";"1";"1";"1";"1";"L'Espérance";"47,2771892";" -2,0776123"
"201900026871";"28";"7";"2019";"22:14";"3";"35";"35124";"1";"1";"1";"6";"Le quatre route";"47,7438680";" -1,7164760"
"201900026872";"28";"7";"2019";"21:30";"1";"29";"29153";"2";"3";"1";"1";"Rue de Port Manech";"47,8155370";" -3,7881150"
"201900026873";"23";"7";"2019";"15:55";"1";"29";"29173";"1";"1";"7";"3";"d765";"48,0096550";" -4,1838270"
"201900026874";"29";"7";"2019";"22:00";"5";"31";"31554";"2";"1";"1";"3";"Côte du Vieux Chêne";"43,0801350";"0,9706830"
"201900026875";"28";"7";"2019";"11:10";"1";"31";"31142";"2";"1";"1";"6";"D27-Lieudit  Castéra";"42,8539700";"0,6002160"
"201900026876";"30";"7";"2019";"10:20";"1";"31";"31444";"1";"1";"1";"7";"D1";"43,7487407";"1,0612029"
"201900026877";"30";"7";"2019";"10:15";"1";"38";"38218";"2";"2";"1";"1";"Rue de Chantaloup";"45,3481400";"5,1813600"
"201900026878";"30";"7";"2019";"07:45";"1";"2";"02243";"2";"1";"1";"3";"Route de bucy le long";"49,3955110";"3,3619540"
"201900026879";"30";"7";"2019";"23:49";"4";"2";"02328";"1";"1";"1";"2";"Route Nationale";"49,0421010";"3,4744530"
"201900026880";"29";"7";"2019";"11:00";"1";"2";"02191";"1";"1";"1";"6";"N 2";"49,5366930";"3,5924740"
"201900026881";"28";"7";"2019";"13:45";"1";"3";"03254";"2";"1";"1";"6";"7 boulevard Ledru Rollin";"46,3072499";"3,2930354"
"201900026882";"29";"7";"2019";"15:45";"1";"3";"03164";"2";"1";"1";"1";"N/A";"46,1710785";"3,2430448"
"201900026883";"29";"7";"2019";"08:50";"1";"3";"03026";"1";"4";"1";"1";"Les Saulniers";"46,4539288";"3,2750489"
"201900026884";"29";"7";"2019";"07:50";"1";"3";"03026";"1";"1";"1";"1";"N/A";"46,4621760";"3,2424879"
"201900026885";"30";"7";"2019";"12:20";"1";"15";"15141";"1";"1";"8";"2";"RN 122 - PK 109 + 100";"45,1293780";"2,9624970"
"201900026886";"30";"7";"2019";"17:25";"1";"1";"01425";"1";"2";"1";"1";"D17";"46,0829904";"5,2483126"
"201900026887";"29";"7";"2019";"02:15";"3";"1";"01038";"1";"1";"1";"7";"RD 1083";"46,3148040";"5,3053470"
"201900026888";"27";"7";"2019";"04:15";"5";"70";"70311";"2";"1";"2";"6";"1 rue Lafayette";"47,8199980";"6,3597260"
"201900026889";"30";"7";"2019";"19:30";"1";"26";"26114";"1";"1";"1";"7";"Route de Nyons";"44,5098930";"5,0949010"
"201900026890";"27";"7";"2019";"12:30";"1";"58";"58114";"1";"1";"2";"6";"Le Pont Boudot";"46,7985710";"3,9143450"
"201900026891";"29";"7";"2019";"15:00";"1";"58";"58264";"1";"1";"1";"2";"nationale 7";"46,7600720";"3,1366640"
"201900026892";"24";"7";"2019";"09:30";"1";"58";"58144";"2";"1";"1";"6";"D 978A, centre bourg";"46,7753440";"3,0744840"
"201900026893";"21";"6";"2019";"18:35";"1";"72";"72254";"1";"1";"1";"6";"Sainte-Catherine";"48,3133140";"0,1600690"
"201900026894";"29";"7";"2019";"23:43";"1";"6";"06032";"2";"1";"1";"1";"moyenne corniche";"43,7241550";"7,4044620"
"201900026895";"29";"7";"2019";"13:50";"1";"5";"05179";"1";"1";"1";"1";"RD 994";"44,5333020";"5,8223000"
"201900026896";"31";"7";"2019";"14:50";"1";"50";"50349";"1";"1";"1";"2";"40 bis rue des periers";"48,9923860";" -1,5072900"
"201900026897";"31";"7";"2019";"00:00";"3";"50";"50503";"2";"1";"1";"7";"route de la mer";"49,3177250";" -1,6924140"
"201900026898";"29";"7";"2019";"11:20";"1";"83";"83095";"1";"1";"1";"7";"RD560";"43,5560230";"6,0981030"
"201900026899";"29";"7";"2019";"18:55";"1";"9";"09324";"2";"9";"1";"3";"50 avenue du 8 mai";"43,0468270";"1,6324370"
"201900026900";"30";"7";"2019";"16:45";"1";"60";"60584";"2";"1";"1";"6";"Avenue Jules Ferry";"49,2175341";"2,4239525"
"201900026901";"30";"7";"2019";"11:15";"1";"64";"64493";"2";"1";"1";"6";"Rue Jean Urruty";"43,3282874";" -1,0356506"
"201900026902";"29";"7";"2019";"21:15";"2";"43";"43087";"1";"1";"1";"1";"Malataverne";"45,2057760";"4,3445670"
"201900026903";"29";"7";"2019";"19:40";"1";"36";"36124";"1";"1";"1";"6";"la bonnière";"46,7054519";"1,2709013"
"201900026904";"30";"7";"2019";"19:00";"1";"16";"16425";"1";"2";"1";"3";"Ld Les Grands Bois d'Yvrac";"45,7498370";"0,4476150"
"201900026905";"30";"7";"2019";"15:00";"1";"7";"07204";"1";"1";"1";"6";"D533";"44,9992953";"4,4239885"
"201900026906";"29";"7";"2019";"18:30";"1";"7";"07012";"1";"1";"1";"6";"PK 3+800";"44,9215860";"4,3336240"
"201900026907";"26";"7";"2019";"06:45";"2";"53";"53195";"1";"1";"2";"7";"N162";"48,1732720";" -0,6805770"
"201900026908";"29";"7";"2019";"11:05";"1";"53";"53009";"1";"1";"1";"4";"La Buffetiere";"47,9913280";" -0,6070070"
"201900026909";"30";"7";"2019";"11:00";"1";"21";"21501";"2";"1";"1";"2";"2 Place des Alliés";"47,2615050";"4,5570980"
"201900026910";"29";"7";"2019";"06:10";"2";"40";"40181";"1";"1";"1";"2";"D 652";"43,8531860";" -1,3920910"
"201900026911";"1";"7";"2019";"11:15";"1";"24";"24390";"1";"1";"1";"7";"Bas Russa";"45,1284000";"0,9041700"
"201900026912";"30";"7";"2019";"18:15";"1";"85";"85234";"2";"1";"1";"6";"105 Rue de Notre-Dame";"46,8020000";" -2,0844600"
"201900026913";"30";"7";"2019";"16:25";"1";"85";"85294";"2";"1";"1";"6";"Route des Plages";"46,3484400";" -1,4048600"
"201900026914";"28";"7";"2019";"21:00";"1";"27";"27215";"1";"1";"1";"7";"rue de la couture";"49,1823990";"1,0105520"
"201900026915";"28";"7";"2019";"20:00";"1";"27";"27044";"1";"1";"1";"7";"D51";"48,9706860";"1,1420610"
"201900026916";"26";"7";"2019";"20:20";"1";"28";"28214";"1";"1";"1";"7";"D920";"48,4780170";"1,0361290"
"201900026917";"30";"7";"2019";"18:45";"1";"17";"17314";"1";"1";"1";"3";"RD 131, les Bujoliers";"45,7661160";" -0,4974540"
"201900026918";"29";"7";"2019";"03:55";"3";"23";"23112";"1";"1";"1";"6";"MA CHAUMIERE    RD 951";"46,4092780";"1,8218370"
"201900026919";"28";"7";"2019";"21:40";"2";"37";"37152";"2";"1";"1";"6";"Chemin des Petites Brosses";"47,4435460";"0,6810710"
"201900026920";"31";"7";"2019";"15:15";"1";"52";"52405";"1";"4";"1";"7";"RD300 PK7 - VAUX SOUS AUBIGNY";"47,6541340";"5,2822810"
"201900026921";"28";"7";"2019";"23:15";"5";"8";"08218";"2";"1";"1";"1";"25 Rue du Pavé";"49,8713730";"4,8498700"
"201900026922";"29";"7";"2019";"10:35";"1";"88";"88372";"2";"1";"1";"6";"4 rue viviani";"48,4055030";"6,8402430"
"201900026923";"28";"7";"2019";"20:00";"1";"24";"24331";"1";"1";"1";"7";"La Salagre";"44,8126360";"0,3989210"
"201900026924";"26";"7";"2019";"18:45";"3";"988";"98818";"2";"1";"1";"6";"route provinciale du normandie";" -22,2238730";"166,4774910"
"201900026925";"23";"7";"2019";"15:50";"1";"34";"34333";"1";"1";"1";"7";"Impasse du Mas du Cure";"43,4788280";"3,7722680"
"201900026926";"31";"7";"2019";"12:45";"1";"1";"01072";"1";"1";"1";"6";"A40 PK 160+450 SENS LYON MACON";"46,1802940";"5,3025610"
"201900026927";"29";"7";"2019";"09:55";"1";"1";"01043";"1";"1";"1";"2";"A42 PK 010.600";"45,8249720";"5,0075040"
"201900026928";"30";"7";"2019";"12:00";"1";"6";"06088";"1";"1";"1";"2";"A8, PK 185.780 bretelle n°50 NORD";"43,6703030";"7,2008270"
"201900026929";"25";"7";"2019";"11:20";"1";"28";"28164";"1";"1";"1";"6";"Autoroute A10 - P.. 057+700";"48,2660900";"1,8527240"
"201900026930";"30";"7";"2019";"11:48";"1";"30";"30185";"1";"1";"1";"2";"PK 70.050 sens autoroute A9";"43,7392770";"4,1955430"
"201900026931";"31";"7";"2019";"10:45";"1";"64";"64332";"1";"1";"1";"7";"d40";"43,4975555";" -0,3778221"
"201900026932";"25";"7";"2019";"19:15";"1";"27";"27580";"1";"1";"1";"2";"AUTOROUTE A13 PK 122+700 SENS PROVINCE/PARIS";"49,3430010";"0,9251500"
"201900026933";"30";"7";"2019";"08:30";"1";"13";"13114";"1";"1";"1";"2";"Autoroute A8, PK 007+600, sens sud/Nord";"43,5388370";"5,3447120"
"201900026934";"27";"7";"2019";"17:10";"1";"971";"97125";"1";"2";"1";"3";"Desbonnes";"16,2826340";" -61,2866770"
"201900026935";"27";"7";"2019";"00:25";"5";"971";"97125";"2";"2";"1";"3";"Rue Victor Schoelcher";"16,2535700";" -61,2729540"
"201900026936";"23";"6";"2019";"20:35";"5";"971";"97117";"2";"2";"1";"3";"Rue Achille René Boisneuf";"16,3322410";" -61,3448000"
"201900026937";"28";"7";"2019";"02:45";"3";"972";"97228";"1";"1";"3";"1";"Route Nationale 1 Derrière Morne";"14,7658340";" -60,9820580"
"201900026938";"30";"7";"2019";"08:54";"1";"13";"13040";"2";"2";"1";"3";"RD96";"43,4782360";"5,5380780"
"201900026939";"30";"7";"2019";"10:40";"1";"13";"13104";"2";"3";"1";"1";"Avenue Pierre Matraja";"43,3386050";"5,1074290"
"201900026940";"30";"7";"2019";"05:50";"2";"37";"37027";"1";"1";"8";"1";"RD31";"47,3123850";"0,9896300"
"201900026941";"29";"7";"2019";"16:00";"1";"45";"45139";"1";"1";"1";"6";"Route de Puiseaux";"48,1857560";"2,3411180"
"201900026942";"28";"7";"2019";"11:20";"1";"77";"77415";"2";"1";"1";"7";"Rue Paul Tripier";"48,9509930";"3,0191000"
"201900026943";"30";"7";"2019";"10:05";"1";"78";"78601";"1";"1";"1";"5";"D936";"48,5691040";"1,8954250"
"201900026944";"29";"7";"2019";"08:40";"1";"78";"78349";"1";"1";"1";"3";"D149 - PK 002+000";"48,5733060";"1,9876230"
"201900026945";"27";"7";"2019";"11:10";"1";"78";"78513";"2";"1";"1";"3";"rue de grosrouvre";"48,8022160";"1,7707390"
"201900026946";"29";"7";"2019";"05:30";"2";"2B";"2B093";"2";"1";"1";"6";"RT30";"42,6115070";"8,8920920"
"201900026947";"30";"7";"2019";"07:00";"1";"2A";"2A247";"1";"1";"1";"1";"Route de Piccovaggia";"41,5714770";"9,2779340"
"201900026948";"31";"7";"2019";"14:05";"1";"34";"34052";"1";"1";"1";"1";"D39";"43,3315250";"3,0565350"
"201900026949";"28";"7";"2019";"22:00";"3";"84";"84003";"1";"1";"1";"1";"D943";"43,8956150";"5,3831640"
"201900026950";"29";"7";"2019";"05:30";"2";"83";"83065";"1";"1";"1";"6";"CD98A";"43,2284840";"6,5846050"
"201900026951";"27";"7";"2019";"10:20";"1";"6";"06122";"2";"1";"1";"2";"Chemin du moulin";"43,7462260";"7,1385190"
"201900026952";"28";"7";"2019";"17:45";"1";"5";"05166";"2";"1";"1";"7";"Impasse des accacias";"44,4265530";"5,7103270"
"201900026953";"30";"7";"2019";"12:05";"1";"4";"04039";"2";"1";"1";"3";"RD 4085";"43,8519240";"6,5073750"
"201900026954";"12";"7";"2019";"11:10";"1";"4";"04143";"2";"3";"1";"3";"RD 4 / RD 12";"43,9122931";"5,9154554"
"201900026955";"20";"7";"2019";"13:15";"1";"67";"67151";"1";"9";"1";"3";"RD94";"48,7068860";"7,8547290"
"201900026956";"20";"7";"2019";"23:00";"5";"67";"67378";"2";"3";"1";"3";"1 rue de l'étang";"48,4757790";"7,7298580"
"201900026957";"29";"7";"2019";"19:45";"1";"55";"55122";"2";"1";"1";"7";"Rue Foch";"48,7622480";"5,5948350"
"201900026958";"31";"7";"2019";"04:55";"3";"57";"57039";"1";"1";"1";"6";"D68";"49,0471870";"6,1118040"
"201900026959";"28";"7";"2019";"21:55";"3";"3";"03102";"1";"1";"1";"7";"Chemin du bois des Millets";"46,5195951";"3,6597693"
"201900026960";"29";"7";"2019";"16:55";"1";"3";"03286";"1";"1";"7";"1";"N/A";"46,5392650";"3,4175510"
"201900026961";"31";"7";"2019";"17:30";"1";"74";"74124";"1";"1";"1";"6";"route départementale 18";"46,1015000";"6,0769890"
"201900026962";"31";"7";"2019";"17:24";"1";"38";"38085";"2";"6";"1";"7";"Route de Lyon";"45,7497700";"5,1572000"
"201900026963";"28";"7";"2019";"06:50";"2";"44";"44066";"1";"1";"1";"7";"Route de Bellevue";"47,3543590";" -1,6000750"
"201900026964";"29";"7";"2019";"10:35";"1";"26";"26290";"1";"3";"1";"1";"La Britière";"44,9351900";"5,4302150"
"201900026965";"31";"7";"2019";"08:50";"1";"26";"26037";"1";"1";"1";"6";"D538 A";"44,8480745";"4,9601296"
"201900026966";"29";"7";"2019";"18:30";"1";"7";"07348";"1";"1";"1";"3";"carrefour vogue village/CD 579";"44,5510750";"4,4086720"
"201900026967";"29";"7";"2019";"10:00";"1";"7";"07247";"1";"1";"1";"6";"N/A";"44,5900700";"4,5344140"
"201900026968";"29";"7";"2019";"16:20";"1";"81";"81022";"1";"1";"1";"1";"RD 126 - PK 570";"43,6062899";"1,7506950"
"201900026969";"31";"7";"2019";"01:00";"3";"33";"33100";"1";"1";"1";"7";"D251";"45,1218150";" -0,5959560"
"201900026970";"30";"7";"2019";"13:30";"1";"85";"85302";"1";"1";"2";"1";"Le Chiron de la Roche";"46,9483500";" -0,9813700"
"201900026971";"28";"7";"2019";"23:09";"3";"72";"72154";"1";"1";"1";"6";"route de verron";"47,7181400";" -0,1052720"
"201900026972";"30";"7";"2019";"20:05";"1";"50";"50531";"1";"1";"2";"3";"Rue des Coudrais";"48,6848980";" -1,2354610"
"201900026973";"27";"7";"2019";"11:45";"1";"29";"29226";"1";"1";"1";"7";"le stang";"48,0860120";" -4,3884050"
"201900026974";"30";"7";"2019";"18:50";"1";"22";"22086";"1";"1";"1";"5";"Chemin de Kervouriou";"48,7418060";" -3,0361270"
"201900026975";"24";"7";"2019";"07:30";"1";"27";"27097";"1";"1";"1";"2";"D316";"49,2008120";"1,3787230"
"201900026976";"29";"7";"2019";"18:00";"1";"60";"60579";"1";"1";"1";"3";"D332";"49,3662391";"2,8679370"
"201900026977";"26";"7";"2019";"18:45";"1";"80";"80232";"1";"2";"1";"3";"D 34- D 139  - 80700 DAMERY";"49,7325340";"2,7550650"
"201900026978";"29";"7";"2019";"03:20";"3";"80";"80101";"1";"1";"1";"6";"Autoroute A1 pk 94+400 sens Lille paris";"49,6444140";"2,7675180"
"201900026979";"28";"7";"2019";"07:35";"1";"13";"13071";"1";"1";"8";"7";"A7-Sens Lyon vers Marseille";"43,4066400";"5,3271600"
"201900026980";"26";"7";"2019";"13:09";"1";"83";"83123";"1";"1";"1";"3";"A50";"43,1293100";"5,8168300"
"201900026981";"24";"7";"2019";"18:55";"1";"42";"42218";"1";"1";"1";"2";"RN88";"45,4064300";"4,3809600"
"201900026982";"26";"7";"2019";"09:55";"1";"67";"67482";"1";"1";"1";"4";"Autoroute A.35";"48,5875300";"7,7280300"
"201900026983";"27";"7";"2019";"14:20";"1";"67";"67482";"1";"1";"1";"4";"Autoroute A.35";"48,5754700";"7,7283900"
"201900026984";"29";"7";"2019";"21:25";"2";"33";"33550";"1";"1";"1";"6";"ROCADE A 630";"44,7808130";" -0,5796110"
"201900026985";"28";"7";"2019";"17:40";"1";"33";"33122";"1";"1";"1";"2";"AUTOROUTE A 63";"44,7414200";" -0,7095500"
"201900026986";"30";"7";"2019";"00:20";"3";"91";"91339";"1";"1";"1";"7";"RN 104";"48,6305230";"2,2390300"
"201900026987";"29";"7";"2019";"21:35";"1";"91";"91661";"1";"1";"1";"3";"A10 PROVINCE / RD188 PARIS";"48,7052410";"2,2499050"
"201900026988";"29";"7";"2019";"18:00";"1";"77";"77495";"1";"1";"1";"6";"A5A PROVINCE / RN 105";"48,5902440";"2,6364358"
"201900026989";"29";"7";"2019";"14:30";"1";"94";"94037";"1";"1";"1";"7";"AUTOROUTE A6A";"48,8164835";"2,3368119"
"201900026990";"30";"7";"2019";"14:45";"1";"78";"78402";"1";"1";"1";"6";"A13";"48,9639370";"1,7896060"
"201900026991";"30";"7";"2019";"08:10";"1";"92";"92048";"1";"1";"1";"3";"N118";"48,8355244";"2,1789837"
"201900026992";"29";"7";"2019";"19:30";"1";"78";"78238";"1";"1";"1";"7";"A13";"48,9704900";"1,8751880"
"201900026993";"29";"7";"2019";"16:50";"1";"78";"78208";"1";"1";"1";"6";"RN12 EXT";"48,8001730";"1,9816070"
"201900026994";"29";"7";"2019";"15:10";"1";"92";"92025";"1";"1";"1";"3";"A86";"48,9220007";"2,2267124"
"201900026995";"29";"7";"2019";"09:00";"1";"92";"92047";"1";"1";"1";"3";"A13";"48,8357457";"2,1451235"
"201900026996";"28";"7";"2019";"10:18";"1";"78";"78238";"1";"1";"1";"6";"A13";"48,9696170";"1,8664610"
"201900026997";"28";"7";"2019";"04:05";"5";"92";"92036";"1";"1";"1";"6";"A86";"48,9339000";"2,2730000"
"201900026998";"29";"7";"2019";"17:45";"1";"92";"92078";"1";"1";"1";"5";"AUTOROUTE A86";"48,9292147";"2,3296296"
"201900026999";"28";"7";"2019";"16:45";"1";"95";"95394";"1";"1";"1";"6";"AUTOROUTE A115";"49,0515900";"2,1825300"
"201900027000";"27";"7";"2019";"12:35";"1";"95";"95394";"1";"1";"1";"6";"AUTOROUTE A115";"49,0523500";"2,1847400"
"201900027001";"27";"7";"2019";"12:00";"1";"95";"95582";"1";"1";"2";"6";"RD 170";"48,9646700";"2,2696900"
"201900027002";"27";"7";"2019";"09:00";"1";"93";"93027";"1";"1";"2";"7";"AUTOROUTE A86";"48,9285200";"2,4135600"
"201900027003";"27";"7";"2019";"07:30";"1";"93";"93066";"1";"9";"3";"3";"AUTOROUTE A86";"48,9220900";"2,3640500"
"201900027004";"30";"7";"2019";"18:15";"1";"94";"94022";"1";"1";"1";"3";"A86 INT";"48,7767800";"2,4183800"
"201900027005";"30";"7";"2019";"12:00";"1";"75";"75112";"1";"1";"1";"2";"A4";"48,8181200";"2,4563880"
"201900027006";"30";"7";"2019";"08:00";"1";"77";"77514";"1";"1";"1";"6";"A104";"48,9438760";"2,6286180"
"201900027007";"30";"7";"2019";"07:30";"1";"94";"94052";"1";"1";"1";"7";"A86 INT";"48,8342700";"2,4931000"
"201900027008";"29";"7";"2019";"17:15";"1";"94";"94069";"1";"1";"1";"4";"A4";"48,8176057";"2,4212441"
"201900027009";"29";"7";"2019";"11:40";"1";"94";"94033";"1";"1";"1";"3";"A86.EXT";"48,8612243";"2,4841007"
"201900027010";"28";"7";"2019";"23:07";"5";"94";"94017";"1";"1";"1";"4";"A4";"48,8280945";"2,5033698"
"201900027011";"28";"7";"2019";"19:40";"1";"94";"94022";"1";"1";"1";"2";"A86 EXT";"48,7761300";"2,4306700"