"Num_Acc";"jour";"mois";"an";"hrmn";"lum";"dep";"com";"agg";"int";"atm";"col";"adr";"lat";"long"
"201900027012";"27";"7";"2019";"09:00";"1";"94";"94028";"1";"1";"2";"6";"RN406.Y";"48,7802505";"2,4414754"
"201900027013";"25";"7";"2019";"20:00";"1";"91";"91286";"2";"9";"2";"4";"NATIONALE 7 (ROUTE)";"48,6669000";"2,3960800"
"201900027014";"18";"7";"2019";"11:45";"1";"26";"26362";"2";"1";"1";"3";"ROMANS AVENUE DE (301)";"44,9355200";"4,9095500"
"201900027015";"27";"7";"2019";"10:20";"1";"13";"13201";"2";"1";"1";"3";"DUGOMMIER (BOULEVARD)     1 A 29";"43,2982900";"5,3811300"
"201900027016";"26";"7";"2019";"13:10";"1";"13";"13201";"2";"1";"1";"2";"CANEBIERE     1 A 79";"43,2971218";"5,3797113"
"201900027017";"26";"7";"2019";"01:15";"5";"13";"13201";"2";"3";"1";"6";"CANEBIERE     1 A 79";"43,2958370";"5,3760640"
"201900027018";"24";"7";"2019";"15:10";"1";"13";"13201";"2";"1";"1";"2";"FLAMMARION (BOULEVARD)     1 A 65";"43,3047500";"5,3903900"
"201900027019";"25";"7";"2019";"12:18";"1";"94";"94075";"2";"1";"1";"3";"MARECHAL DE LATTRE DE TASSIGNY (AV)";"48,7275000";"2,5400400"
"201900027020";"24";"7";"2019";"20:15";"1";"60";"60612";"1";"1";"1";"3";"AUTOROUTE A1";"49,1947200";"2,6037800"
"201900027021";"19";"2";"2019";"16:40";"1";"94";"94044";"2";"1";"1";"3";"GABRIEL PERI (AV)";"48,7522400";"2,4861000"
"201900027022";"17";"2";"2019";"06:00";"5";"94";"94047";"2";"1";"1";"7";"BOUSSY (R DE)";"48,6985592";"2,5389759"
"201900027023";"13";"2";"2019";"00:25";"3";"94";"94075";"2";"1";"1";"4";"MARECHAL DE LATTRE DE TASSIGNY (AV)";"48,7390198";"2,5163984"
"201900027024";"9";"2";"2019";"15:30";"1";"94";"94044";"2";"1";"1";"2";"VERDUN (AV DE)";"48,7492200";"2,4760400"
"201900027025";"9";"2";"2019";"14:50";"1";"94";"94044";"2";"1";"1";"3";"GENERAL LECLERC (AV DU)";"48,7388200";"2,5165800"
"201900027026";"1";"2";"2019";"08:20";"1";"94";"94044";"2";"6";"9";"2";"VERDUN (AV DE)";"48,7516600";"2,4866400"
"201900027027";"6";"2";"2019";"14:05";"1";"93";"93055";"2";"2";"1";"3";"JEAN LOLIVE (AVENUE)(75/105.88/106)";"48,8925300";"2,4095800"
"201900027028";"31";"1";"2019";"21:25";"5";"92";"92036";"2";"1";"2";"6";"PIERRE DE COUBERTIN (BOULEVARD) (G.SAND";"48,9296268";"2,2845444"
"201900027029";"29";"1";"2019";"23:45";"5";"92";"92004";"2";"1";"4";"7";"PONT DE CLICHY";"48,9101290";"2,2992549"
"201900027030";"28";"2";"2019";"03:15";"3";"93";"93066";"1";"1";"1";"6";"AUTOROUTE A1";"48,9265400";"2,3569800"
"201900027031";"5";"3";"2019";"20:45";"3";"95";"95252";"1";"9";"1";"6";"AUTOROUTE A15";"48,9895300";"2,2039700"
"201900027032";"7";"3";"2019";"19:45";"5";"988";"98818";"2";"2";"1";"7";"RUE GEORGES LEQUES/ROUTE EXPRESS DU MONT-DORE";" -22,2290000";"166,4895000"
"201900027033";"7";"3";"2019";"12:45";"1";"988";"98818";"2";"6";"1";"2";"H. GASPARD/PORT DESPOINTES";" -22,2867200";"166,4569700"
"201900027034";"7";"3";"2019";"11:00";"1";"988";"98818";"2";"2";"1";"3";"DOCTEUR LE SCOUR / AV. V. H. LAFLEUR";" -22,2741700";"166,4455200"
"201900027035";"5";"3";"2019";"16:05";"1";"988";"98818";"2";"3";"2";"2";"ANSE-VATA/BERTHIER";" -22,2952200";"166,4453900"
"201900027036";"10";"3";"2019";"03:00";"3";"976";"97611";"2";"1";"1";"6";"kaweni-Grande Traverse (rue de la)";" -12,7735000";"45,2248000"
"201900027037";"8";"3";"2019";"15:30";"1";"976";"97611";"2";"1";"1";"3";"mamoudzou centre-RP Passot quai colas (R";" -12,7772100";"45,2318500"
"201900027038";"7";"3";"2019";"14:00";"1";"976";"97611";"2";"6";"1";"3";"mgombani-Mahabou (rue de )";" -12,7830800";"45,2343700"
"201900027039";"9";"3";"2019";"16:15";"1";"974";"97416";"2";"1";"1";"7";"BOIS NOIRS(ALLEE DES)";" -21,2836300";"55,4624900"
"201900027040";"4";"3";"2019";"20:05";"3";"974";"97416";"1";"1";"1";"1";"RN2";" -21,3389500";"55,4917100"
"201900027041";"6";"3";"2019";"12:35";"1";"974";"97416";"2";"4";"1";"6";"Chemin Bureaux";" -21,3013150";"55,4285570"
"201900027042";"7";"3";"2019";"14:10";"3";"974";"97411";"2";"4";"1";"6";"Rue Sainte Marie";" -20,8848610";"55,4472040"
"201900027043";"6";"3";"2019";"10:10";"1";"974";"97411";"2";"9";"1";"2";"JAURES (BOULEVARD JEAN)";" -20,8974200";"55,4753900"
"201900027044";"6";"3";"2019";"09:15";"1";"974";"97411";"1";"1";"1";"2";"LITTORAL (ROUTE 1 DU)";" -20,8746900";"55,4270600"
"201900027045";"7";"3";"2019";"17:40";"1";"974";"97409";"1";"1";"2";"6";"Salazie (route de)";" -20,9947200";"55,6124000"
"201900027046";"6";"3";"2019";"14:45";"1";"974";"97409";"2";"3";"3";"3";"MASCAREIGNES (Avenue des)";" -20,9570500";"55,6496500"
"201900027047";"8";"3";"2019";"11:30";"1";"974";"97407";"1";"1";"1";"4";"ROUTE NATIONALE N° 1";" -20,9587600";"55,3090400"
"201900027048";"10";"3";"2019";"01:05";"5";"69";"69383";"2";"2";"1";"7";"MAZENOD                             (R )";"45,7589600";"4,8486300"
"201900027049";"9";"3";"2019";"01:05";"5";"69";"69266";"2";"2";"1";"3";"ALEXANDRE BOUTIN    (Rue)";"45,7665800";"4,8688900"
"201900027050";"8";"3";"2019";"19:08";"5";"69";"69383";"2";"1";"8";"7";"FREDERIC MISTRAL                    (R )";"45,7569100";"4,8763900"
"201900027051";"8";"3";"2019";"11:30";"1";"69";"69386";"2";"2";"1";"3";"EMERAUDES (DES)                     (R )";"45,7696400";"4,8616600"
"201900027052";"7";"3";"2019";"18:15";"5";"69";"69388";"2";"1";"1";"6";"LONGEFER                            (R )";"45,7402900";"4,8830600"
"201900027053";"7";"3";"2019";"13:30";"1";"69";"69388";"2";"2";"1";"3";"PAUL SANTY                          (AV)";"45,7265500";"4,8795900"
"201900027054";"7";"3";"2019";"12:20";"1";"69";"69259";"2";"1";"1";"6";"PARMENTIER                          (R )";"45,6968600";"4,8890200"
"201900027055";"7";"3";"2019";"08:40";"1";"69";"69259";"2";"1";"2";"6";"EMILE ZOLA                          (R )";"45,7028200";"4,8863700"
"201900027056";"6";"3";"2019";"20:00";"5";"69";"69388";"2";"1";"1";"3";"ETATS UNIS (DES)                    (BD)";"45,7350200";"4,8631900"
"201900027057";"6";"3";"2019";"13:40";"1";"69";"69387";"2";"1";"1";"5";"BERTHELOT                           (AV)";"45,7417800";"4,8523000"
"201900027058";"5";"3";"2019";"19:40";"5";"69";"69383";"2";"2";"1";"3";"PAUL BERT                           (R )";"45,7566200";"4,8683000"
"201900027059";"5";"3";"2019";"17:00";"1";"69";"69383";"2";"1";"1";"6";"VICTOR AUGAGNEUR                    (QU)";"45,7597400";"4,8409800"
"201900027060";"5";"3";"2019";"15:35";"1";"69";"69387";"2";"2";"1";"6";"BERTHELOT                           (AV)";"45,7478100";"4,8336700"
"201900027061";"5";"3";"2019";"09:15";"1";"69";"69388";"2";"1";"1";"6";"ETATS UNIS (DES)                    (BD)";"45,7334200";"4,8644300"
"201900027062";"8";"3";"2019";"10:15";"1";"972";"97213";"2";"1";"1";"3";"ROUTE NATIONALE 1";"14,6228900";" -60,9897100"
"201900027063";"8";"3";"2019";"10:40";"1";"972";"97213";"1";"1";"1";"6";"AUTOROUTE A1";"14,6185000";" -61,0208100"
"201900027064";"7";"3";"2019";"00:10";"5";"972";"97213";"2";"1";"1";"7";"GEORGES GRATIANT";"14,6173900";" -60,9948900"
"201900027065";"5";"3";"2019";"20:45";"5";"972";"97213";"1";"1";"1";"3";"AUTOROUTE A1";"14,6123500";" -61,0082700"
"201900027066";"6";"3";"2019";"05:40";"2";"972";"97209";"2";"3";"1";"1";"PROFESSEUR JUDES TURIAT (AVENUE)";"14,6104800";" -61,0497200"
"201900027067";"5";"3";"2019";"19:30";"5";"972";"97209";"2";"1";"1";"6";"THEODORE BAUDE (RUE)";"14,6115800";" -61,0654300"
"201900027068";"5";"3";"2019";"14:45";"1";"972";"97209";"2";"1";"1";"7";"RELIGIEUSES (ROUTE DES)";"14,6068400";" -61,0620900"
"201900027069";"8";"3";"2019";"23:25";"5";"69";"69389";"2";"2";"1";"3";"BOURBONNAIS (DU)                    (R )";"45,7735900";"4,7953300"
"201900027070";"8";"3";"2019";"17:10";"1";"69";"69384";"2";"1";"1";"3";"JOSEPH GILLET                       (QU)";"45,7827300";"4,8137800"
"201900027071";"8";"3";"2019";"16:30";"1";"69";"69389";"2";"7";"1";"3";"BARTHELEMY BUYER                    (AV)";"45,7623000";"4,8026000"
"201900027072";"8";"3";"2019";"10:40";"1";"69";"69382";"2";"1";"1";"6";"GRENETTE                            (R )";"45,7633400";"4,8339200"
"201900027073";"8";"3";"2019";"07:30";"1";"69";"69202";"2";"3";"1";"6";"XAVIER RICARD                       (PL)";"45,7364400";"4,8049700"
"201900027074";"7";"3";"2019";"22:25";"5";"69";"69382";"2";"1";"1";"6";"DOCTEUR GAILLETON (DU)              (QU)";"45,7537300";"4,8344200"
"201900027075";"7";"3";"2019";"16:35";"1";"69";"69381";"2";"1";"1";"3";"DE LATTRE DE TASSIGNY               (PT)";"45,7725000";"4,8385500"
"201900027076";"7";"3";"2019";"17:30";"1";"69";"69389";"2";"1";"1";"6";"ST RAMBERT                          (GR)";"45,7999600";"4,8348100"
"201900027077";"5";"3";"2019";"20:40";"3";"69";"69034";"1";"1";"1";"2";"RAYMOND POINCARE                    (PT)";"45,7869500";"4,8604500"
"201900027078";"6";"3";"2019";"07:38";"1";"69";"69381";"2";"2";"1";"6";"CAPUCINS (DES)                      (R )";"45,7695300";"4,8350100"
"201900027079";"5";"3";"2019";"08:45";"1";"69";"69034";"2";"2";"1";"3";"PASTEUR                             (R )";"45,7896400";"4,8410140"
"201900027080";"5";"3";"2019";"03:05";"5";"69";"69142";"2";"2";"1";"6";"STEPHANE DECHANT                    (R )";"45,7291000";"4,8156200"
"201900027081";"9";"3";"2019";"17:15";"1";"2B";"2B033";"2";"1";"1";"3";"AV DE LA LIBERATION";"42,6793000";"9,4433000"
"201900027082";"6";"3";"2019";"22:00";"5";"2B";"2B033";"2";"1";"1";"3";"AV DE LA LIBERATION";"42,6835900";"9,4446000"
"201900027083";"5";"3";"2019";"21:30";"5";"971";"97120";"2";"3";"1";"7";"MARTIN LUTHER KING";"16,2411000";" -61,5332000"
"201900027084";"4";"3";"2019";"22:15";"5";"971";"97105";"2";"1";"2";"6";"LARDENOY (RUE DE )";"15,9935700";" -61,7250900"
"201900027085";"9";"3";"2019";"05:55";"5";"2A";"2A004";"2";"1";"1";"2";"LECLERC GENERAL COURS PAIR";"41,9171500";"8,7278600"
"201900027086";"8";"3";"2019";"12:26";"1";"2A";"2A004";"2";"2";"1";"3";"NAPOLEON COURS AVANT BEVERINI";"41,9259691";"8,7380731"
"201900027087";"7";"3";"2019";"14:55";"1";"2A";"2A004";"2";"1";"1";"3";"KENNEDY AV PRESIDENT";"41,9306000";"8,7370700"
"201900027088";"7";"3";"2019";"11:12";"1";"2A";"2A004";"2";"1";"1";"4";"ILES SANGUINAIRES ROUTE DES";"41,9094900";"8,6903700"
"201900027089";"6";"3";"2019";"13:58";"1";"2A";"2A004";"2";"1";"1";"6";"BEVERINI VICO IMPAIR  AVENUE.";"41,9267228";"8,7352585"
"201900027090";"8";"3";"2019";"10:20";"1";"95";"95585";"2";"1";"1";"6";"REFUZNICKS (ROUTE DES)";"48,9843000";"2,3869000"
"201900027091";"5";"3";"2019";"21:30";"5";"95";"95585";"2";"4";"1";"3";"VALERY (AVEUE PAUL)";"48,9777900";"2,3897800"
"201900027092";"7";"3";"2019";"17:30";"1";"95";"95427";"2";"3";"3";"5";"MAURICE UTRILLO (AVENUE)";"48,9759000";"2,3518000"
"201900027093";"9";"3";"2019";"15:54";"1";"95";"95018";"2";"1";"1";"6";"HELOISE (BOULEVARD)";"48,9415000";"2,2517000"
"201900027094";"8";"3";"2019";"09:52";"1";"95";"95063";"2";"1";"1";"2";"AV GABRIEL PERI";"48,9360400";"2,2075600"
"201900027095";"4";"3";"2019";"12:30";"1";"91";"91122";"2";"1";"2";"2";"CHARTRES (ROUTE DE)";"48,6893410";"2,1555830"
"201900027096";"6";"3";"2019";"10:40";"1";"91";"91691";"2";"6";"2";"3";"HENRI BARBUSSE(RUE)DU N°1 AU N°38";"48,7109600";"2,4912900"
"201900027097";"4";"3";"2019";"21:00";"5";"91";"91223";"2";"3";"1";"6";"GENERAL LECLERC (PLACE DU)";"48,4368000";"2,1602700"
"201900027098";"9";"3";"2019";"22:10";"3";"91";"91201";"2";"1";"1";"3";"HENRI BARBUSSE(BOULEVARD)";"48,6907450";"2,4113850"
"201900027099";"8";"3";"2019";"08:35";"1";"91";"91201";"2";"1";"1";"6";"RIS (RUE DE)";"48,6638200";"2,4186400"
"201900027100";"7";"3";"2019";"16:20";"1";"91";"91657";"2";"3";"1";"3";"TOURELLE (AVENUE DE LA )";"48,6916800";"2,4428500"
"201900027101";"5";"3";"2019";"14:57";"1";"91";"91201";"2";"5";"2";"3";"HENRI BARBUSSE(BOULEVARD)";"48,6647200";"2,4194700"
"201900027102";"8";"3";"2019";"15:10";"1";"91";"91027";"2";"1";"1";"6";"MARCEL SEMBAT (AVENUE)";"48,7060000";"2,3730000"
"201900027103";"6";"3";"2019";"17:45";"1";"91";"91027";"2";"1";"2";"7";"MARCELLE HENRY (RUE)";"48,6999200";"2,3750400"
"201900027104";"6";"3";"2019";"11:06";"1";"91";"91339";"2";"1";"3";"4";"RN 20";"48,6344700";"2,2659100"
"201900027105";"5";"3";"2019";"19:53";"5";"91";"91425";"2";"2";"2";"3";"ORLEANS (ROUTE D')";"48,6404700";"2,2684400"
"201900027106";"6";"3";"2019";"23:10";"5";"88";"88160";"2";"2";"2";"3";"170EME RI (RUE ET PT DU)";"48,1751900";"6,4502500"
"201900027107";"8";"3";"2019";"08:57";"1";"87";"87085";"2";"3";"2";"3";"PERRIN (RUE FRANCOIS)";"45,8272900";"1,2395600"
"201900027108";"5";"3";"2019";"07:40";"2";"87";"87048";"1";"1";"1";"6";"NEXON (ROUTE DE)";"45,7827700";"1,2258100"
"201900027109";"2";"3";"2019";"15:01";"1";"87";"87085";"1";"1";"1";"5";"RN520";"45,8904400";"1,2724800"
"201900027110";"7";"3";"2019";"17:55";"1";"85";"85194";"2";"3";"1";"3";"AVENUE DU GENERAL DE GAULLE ";"46,4985200";" -1,7813000"
"201900027111";"8";"3";"2019";"15:00";"1";"83";"83137";"2";"2";"1";"3";"ROBESPIERRE (BD)";"43,1242000";"5,9481600"
"201900027112";"8";"3";"2019";"08:55";"1";"83";"83062";"2";"1";"1";"5";"Jules Ferry";"43,1272500";"6,0154840"
"201900027113";"7";"3";"2019";"07:50";"1";"83";"83137";"2";"3";"1";"3";"BRIAND (AVE ARISTIDE)";"43,1203400";"5,8887100"
"201900027114";"5";"3";"2019";"14:50";"1";"83";"83137";"2";"1";"1";"3";"VICTOIRE DU 8 MAI 1945 (AVE DE LA)";"43,1257400";"5,9279000"
"201900027115";"6";"3";"2019";"07:40";"1";"83";"83069";"2";"2";"1";"3";"GODILLOT  ( AVENUE ALEXIS )";"43,1168400";"6,1226700"
"201900027116";"2";"3";"2019";"02:00";"5";"83";"83061";"1";"1";"1";"6";"D7";"43,3994800";"6,7176800"
"201900027117";"8";"3";"2019";"23:20";"4";"81";"81004";"2";"1";"1";"5";"RN88 OUEST";"43,9388200";"2,1710100"
"201900027118";"5";"3";"2019";"19:50";"5";"80";"80021";"2";"1";"1";"3";"49, AV DE GRECE";"49,8679100";"2,2788800"
"201900027119";"8";"3";"2019";"05:05";"5";"78";"78440";"2";"3";"1";"3";"avenue de la République";"48,9868770";"1,9252750"
"201900027120";"8";"3";"2019";"22:00";"5";"77";"77118";"1";"1";"1";"7";"ROUTE NATIONALE 3";"48,9435200";"2,6676600"
"201900027121";"9";"3";"2019";"18:40";"2";"77";"77121";"1";"1";"1";"5";"D471";"48,8145600";"2,6917100"
"201900027122";"9";"3";"2019";"21:54";"5";"77";"77284";"2";"1";"1";"6";"GARE (PLACE DE LA)";"48,9575100";"2,8740400"
"201900027123";"9";"3";"2019";"05:00";"4";"77";"77276";"2";"1";"2";"6";"JEAN SERVA (RUE)";"48,9389416";"2,8774571"
"201900027124";"8";"3";"2019";"19:10";"4";"77";"77243";"2";"1";"1";"6";"GOUVERNES  (CHEMIN DE)";"48,8694400";"2,7008100"
"201900027125";"6";"3";"2019";"06:58";"5";"76";"76322";"2";"1";"1";"3";"BRAQUE. AVENUE GEORGES";"49,4050800";"1,0431200"
"201900027126";"5";"3";"2019";"17:30";"1";"76";"76351";"2";"1";"1";"7";"CAVEE VERTE (RUE DE LA)";"49,5037608";"0,1080984"
"201900027127";"4";"3";"2019";"20:20";"5";"76";"76351";"2";"2";"1";"3";"GRAVILLE (BD DE)";"49,4963000";"0,1469000"
"201900027128";"9";"3";"2019";"23:40";"5";"76";"76217";"2";"4";"2";"2";"PUECH (JEAN)";"49,9208848";"1,0993531"
"201900027129";"6";"3";"2019";"15:17";"1";"76";"76217";"2";"1";"2";"3";"GAMBETTA (AVENUE)";"49,9153600";"1,0748500"
"201900027130";"11";"2";"2019";"16:35";"1";"74";"74119";"2";"1";"7";"6";"DUPAS (AVENUE DU GENERAL) RD 1005";"46,4016400";"6,5891100"
"201900027131";"7";"3";"2019";"18:05";"1";"74";"74305";"2";"1";"1";"3";"VOIRONS (RUE DES)";"46,2027600";"6,2514500"
"201900027132";"1";"3";"2019";"15:40";"1";"74";"74012";"2";"2";"2";"5";"VALLEES (ROUTE DES)";"46,1927700";"6,2445600"
"201900027133";"5";"3";"2019";"17:30";"2";"74";"74010";"2";"3";"7";"6";"BARATTES (AVENUE DES)";"45,9080400";"6,1430500"
"201900027134";"8";"3";"2019";"08:30";"1";"72";"72181";"2";"1";"1";"2";"RHIN ET DANUBE (AV) N° PAIRS 2 A 192";"48,0159400";"0,1860400"
"201900027135";"7";"3";"2019";"13:19";"1";"72";"72181";"1";"1";"1";"2";"LEFAUCHEUX PIERRE (BD)";"47,9628300";"0,1771800"
"201900027136";"7";"3";"2019";"09:45";"1";"72";"72181";"2";"1";"1";"2";"BEAUGE (RUE DE)";"48,0107800";"0,1602800"
"201900027137";"3";"3";"2019";"04:40";"5";"71";"71270";"2";"1";"1";"1";"PILLET (RUE CHARLES)";"46,2965600";"4,8156000"
"201900027138";"6";"3";"2019";"10:00";"1";"69";"69256";"2";"2";"1";"3";"DROITS DE L'HOMME (DES)             (R )";"45,7671200";"4,9327800"
"201900027139";"5";"3";"2019";"16:40";"1";"69";"69256";"2";"2";"1";"6";"GABRIEL PERI                        (AV)";"45,7776100";"4,9159500"
"201900027140";"4";"3";"2019";"11:25";"1";"69";"69275";"2";"1";"1";"1";"JEAN JAURES                         (AV)";"45,7707300";"4,9829000"
"201900027141";"4";"3";"2019";"08:30";"1";"69";"69266";"2";"1";"1";"6";"ALBERT EINSTEIN    (Avenue)";"45,7823700";"4,8777700"
"201900027142";"8";"3";"2019";"19:05";"5";"69";"69096";"2";"2";"1";"6";"BERTHELOT (MARCELIN) (AV)";"45,5975700";"4,7820100"
"201900027143";"7";"3";"2019";"09:15";"1";"68";"68066";"2";"1";"1";"6";"LADHOF (RUE DU)";"48,1068600";"7,3792000"
"201900027144";"7";"3";"2019";"11:15";"1";"67";"67482";"2";"1";"1";"6";"ARMANDE BEJART (RUE)";"48,5927390";"7,7112980"
"201900027145";"6";"3";"2019";"09:45";"1";"67";"67482";"2";"1";"1";"3";"JEAN JAURES (AVENUE)";"48,5707690";"7,7595310"
"201900027146";"6";"3";"2019";"07:20";"2";"67";"67482";"2";"3";"1";"3";"VOSGES (AVENUE DES)";"48,5916170";"7,7439440"
"201900027147";"6";"3";"2019";"08:45";"1";"67";"67482";"2";"1";"1";"2";"RHIN (ROUTE DU)";"48,5703200";"7,7851110"
"201900027148";"4";"3";"2019";"17:30";"1";"67";"67482";"2";"1";"2";"6";"LOESS (RUE DU)";"48,6031400";"7,7098700"
"201900027149";"4";"3";"2019";"16:20";"1";"67";"67482";"2";"1";"6";"4";"MONTAGNE VERTE (RUE DE LA)";"48,5700920";"7,7277420"
"201900027150";"3";"3";"2019";"22:15";"5";"67";"67482";"2";"1";"1";"6";"KALTAU (RUE DE LA )";"48,5708080";"7,7446450"
"201900027151";"3";"3";"2019";"20:01";"5";"67";"67447";"2";"3";"8";"6";"TRIBUNAL (RUE DU)";"48,6034360";"7,7546900"
"201900027152";"5";"3";"2019";"12:18";"1";"67";"67462";"2";"9";"1";"6";"MAISON ROUGE (CARREFOUR)";"48,2760310";"7,4628350"
"201900027153";"6";"3";"2019";"09:35";"1";"67";"67180";"2";"2";"1";"3";"MOUTONS (RUE DES)";"48,8062000";"7,8020000"
"201900027154";"4";"3";"2019";"08:40";"2";"66";"66136";"2";"1";"1";"6";"Paul Alduy)";"42,6809000";"2,9027900"
"201900027155";"2";"3";"2019";"17:06";"1";"66";"66136";"2";"1";"1";"3";"FRANCE LIBRE (BOULEVARD DE LA)";"42,6994000";"2,8815000"
"201900027156";"3";"3";"2019";"06:34";"2";"66";"66136";"2";"2";"1";"3";"DALBIEZ (AVENUE VICTOR)";"42,6895630";"2,8844740"
"201900027157";"5";"3";"2019";"17:20";"1";"65";"65440";"2";"1";"1";"3";"ARDENNES (BOULEVARD DES)";"43,2496000";"0,0720000"
"201900027158";"9";"3";"2019";"09:55";"1";"64";"64260";"2";"1";"2";"6";"PASSICOT (RUE DU COMMANDANT)";"43,3590200";" -1,7716700"
"201900027159";"5";"3";"2019";"16:55";"1";"64";"64260";"2";"9";"1";"6";"BIGARENA (RUE)";"43,3511280";" -1,7756512"
"201900027160";"9";"3";"2019";"14:30";"1";"64";"64269";"2";"1";"1";"6";"TARBES DE";"43,2987799";" -0,3052739"
"201900027161";"8";"3";"2019";"19:10";"1";"64";"64284";"2";"3";"2";"6";"AVENUE HENRI IV";"43,2821930";" -0,3873740"
"201900027162";"7";"3";"2019";"17:25";"1";"64";"64284";"2";"1";"1";"2";"8 MAI 1945 DU";"43,2808610";" -0,3853614"
"201900027163";"5";"3";"2019";"21:00";"5";"64";"64445";"2";"7";"1";"1";"MONNAIE";"43,2941600";" -0,3771000"
"201900027164";"5";"3";"2019";"17:30";"1";"64";"64445";"2";"1";"1";"6";"MONSEIGNEUR CAMPO";"43,3223500";" -0,3455900"
"201900027165";"5";"3";"2019";"17:55";"1";"64";"64445";"2";"1";"1";"3";"Avenue de Buros";"43,3324488";" -0,3340369"
"201900027166";"4";"3";"2019";"17:15";"1";"64";"64122";"2";"1";"1";"3";"MIGRON (AVENUE DE)";"43,4738700";" -1,5503500"
"201900027167";"7";"3";"2019";"14:20";"1";"64";"64102";"2";"3";"1";"4";"SOULT (AVENUE MARECHAL)";"43,4835840";" -1,5009550"
"201900027168";"2";"3";"2019";"10:22";"1";"63";"63063";"2";"9";"1";"6";"MOULIN (BD JEAN)";"45,8303230";"3,1053920"
"201900027169";"5";"3";"2019";"15:50";"1";"62";"62040";"2";"1";"1";"6";"LILLE (RUE DE......)";"50,7307684";"2,2946351"
"201900027170";"5";"3";"2019";"17:40";"1";"62";"62193";"2";"1";"1";"2";"GUYNEMER (AVENUE G.)";"50,9466300";"1,8933600"
"201900027171";"7";"3";"2019";"15:15";"1";"62";"62643";"2";"1";"1";"1";"BIEZ ( Rue du )";"50,7043000";"1,5978700"
"201900027172";"2";"3";"2019";"20:10";"5";"62";"62119";"2";"1";"1";"6";"UNIVERSITE ( RUE DE L' )";"50,5152724";"2,6595651"
"201900027173";"8";"3";"2019";"15:15";"1";"59";"59599";"2";"2";"8";"6";"BIENFAISANCE (RUE DE LA)";"50,7251500";"3,1566400"
"201900027174";"11";"2";"2019";"11:25";"1";"59";"59599";"2";"2";"1";"6";"MOUVAUX (RUE DE)";"50,6946000";"3,1552900"
"201900027175";"24";"2";"2019";"21:05";"5";"59";"59350";"2";"1";"1";"1";"FAUBOURG D'ARRAS RUE";"50,6090000";"3,0600000"
"201900027176";"5";"3";"2019";"12:30";"1";"59";"59009";"2";"1";"1";"6";"JAURES JEAN RUE    N°5 AU 99";"50,6626000";"3,1382900"
"201900027177";"1";"3";"2019";"20:05";"5";"59";"59636";"2";"3";"1";"3";"BONDUES RUE DE";"50,6944900";"3,0567200"
"201900027178";"6";"3";"2019";"05:30";"5";"59";"59172";"2";"2";"1";"6";"BERTHELOT (R.)";"50,3435400";"3,3775200"
"201900027179";"6";"3";"2019";"15:45";"1";"58";"58194";"2";"6";"2";"3";"TREIZIEME DE LIGNE";"46,9924200";"3,1488800"
"201900027180";"8";"3";"2019";"05:40";"2";"57";"57480";"2";"1";"1";"3";"PONT A MOUSSON (RUE DE )";"49,1020600";"6,1586500"
"201900027181";"4";"3";"2019";"19:51";"5";"57";"57751";"2";"1";"2";"6";"FORT GAMBETTA (RUE DU )";"49,1486900";"6,1644400"
"201900027182";"6";"3";"2019";"19:15";"3";"57";"57606";"1";"1";"2";"3";"RD 603";"49,1110000";"6,7050000"
"201900027183";"6";"3";"2019";"12:30";"1";"56";"56260";"2";"1";"8";"6";"JAURES(RUE JEAN)";"47,6487500";" -2,7547300"
"201900027184";"2";"3";"2019";"08:35";"1";"56";"56162";"1";"6";"1";"7";"Giratoire de SOYE";"47,7409800";" -3,4062300"
"201900027185";"1";"3";"2019";"19:15";"5";"56";"56121";"2";"2";"2";"6";"PORT (RUE  DU )";"47,7467600";" -3,3587500"
"201900027186";"4";"3";"2019";"09:25";"1";"54";"54079";"2";"3";"8";"1";"RD657";"48,8775450";"6,0577140"
"201900027187";"30";"1";"2019";"07:30";"2";"54";"54395";"2";"1";"1";"6";"GAMBETTA (RUE)";"48,6922450";"6,1806060"
"201900027188";"2";"3";"2019";"01:27";"5";"54";"54395";"2";"1";"2";"6";"BATAILLE (QUAI DE LA)";"48,6774860";"6,1913840"
"201900027189";"4";"3";"2019";"15:15";"1";"52";"52448";"2";"1";"1";"6";"Edgar PISANI ( Boulevard )";"48,6371243";"4,9752294"
"201900027190";"22";"3";"2019";"18:00";"1";"52";"52121";"2";"6";"1";"3";"REPUBLIQUE (AVENUE)";"48,0960200";"5,1454100"
"201900027191";"5";"3";"2019";"07:45";"1";"52";"52121";"2";"1";"2";"7";"GAGARINE (RUE YOURI)";"48,1039900";"5,1462000"
"201900027192";"6";"3";"2019";"15:30";"1";"51";"51454";"2";"1";"2";"3";"RUE DU VAL CLAIR";"49,2199900";"4,1136500"
"201900027193";"6";"3";"2019";"16:40";"1";"51";"51454";"2";"9";"8";"7";"PLACE DU FORUM";"49,2568000";"4,0344611"
"201900027194";"6";"3";"2019";"15:30";"1";"51";"51454";"2";"6";"2";"2";"AVENUE DU MARECHAL JUIN";"49,2251100";"4,0177200"
"201900027195";"1";"5";"2019";"19:40";"1";"59";"59368";"2";"1";"8";"5";"POMPIDOU G. RUE DU PDT.7 -141";"50,6536300";"3,0694800"
"201900027196";"28";"3";"2019";"11:10";"1";"59";"59350";"2";"9";"1";"6";"POSTES RUE N°1 - 63";"50,6265300";"3,0568100"
"201900027197";"18";"4";"2019";"21:10";"4";"59";"59350";"2";"2";"1";"2";"ISLY RUE";"50,6248000";"3,0387600"