"Num_Acc";"jour";"mois";"an";"hrmn";"lum";"dep";"com";"agg";"int";"atm";"col";"adr";"lat";"long"
"201900027198";"10";"5";"2019";"09:25";"1";"59";"59350";"2";"1";"1";"6";"ALSACE BOULEVARD D";"50,6174000";"3,0620000"
"201900027199";"18";"5";"2019";"19:00";"1";"59";"59009";"2";"1";"1";"3";"FUSILLES RUE DES DU N° 2-110";"50,6197100";"3,1396600"
"201900027200";"17";"5";"2019";"18:25";"1";"59";"59350";"2";"3";"8";"6";"LANNOY RUE";"50,6339800";"3,0943300"
"201900027201";"16";"5";"2019";"20:15";"1";"59";"59636";"2";"3";"1";"3";"LECLERCQ RUE DU GENERAL";"50,6840300";"3,0457100"
"201900027202";"13";"5";"2019";"14:35";"1";"59";"59646";"2";"1";"1";"6";"MARNE AVENUE DE LA";"50,6873515";"3,1235207"
"201900027203";"9";"5";"2019";"23:20";"5";"59";"59360";"2";"9";"1";"2";"POTIE GEORGES RUE";"50,6122900";"3,0100200"
"201900027204";"8";"5";"2019";"11:25";"1";"59";"59009";"2";"3";"2";"3";"OUEST BOULEVARD DE L";"50,6369000";"3,1220400"
"201900027205";"6";"5";"2019";"20:50";"2";"59";"59350";"2";"1";"1";"3";"DUNKERQUE AVENUE";"50,6398500";"3,0193100"
"201900027206";"25";"4";"2019";"23:15";"5";"59";"59350";"2";"9";"1";"6";"HOOVER AVENUE DU PRESIDENT";"50,6278700";"3,0790100"
"201900027207";"5";"5";"2019";"02:30";"5";"59";"59350";"2";"9";"1";"3";"ESPLANADE FACADE";"50,6399200";"3,0536800"
"201900027208";"18";"4";"2019";"12:40";"1";"59";"59350";"2";"2";"1";"6";"FAUBOURG D'ARRAS RUE";"50,6042000";"3,0569000"
"201900027209";"2";"5";"2019";"09:00";"1";"59";"59328";"2";"1";"1";"3";"BOIS RUE DU";"50,6477400";"3,0439100"
"201900027210";"1";"5";"2019";"20:00";"1";"59";"59560";"1";"1";"1";"6";"POSTES CHEMIN DES";"50,5516000";"3,0125600"
"201900027211";"17";"4";"2019";"09:05";"1";"59";"59316";"2";"3";"1";"3";"JAURES JEAN RUE";"50,5734800";"2,9959600"
"201900027212";"10";"4";"2019";"16:25";"1";"59";"59527";"2";"3";"1";"6";"SAINTE HELENE RUE";"50,6561800";"3,0555600"
"201900027213";"13";"5";"2019";"17:30";"1";"59";"59183";"2";"9";"1";"3";"NATIONALE";"51,0310370";"2,2998520"
"201900027214";"11";"5";"2019";"23:25";"5";"59";"59183";"2";"3";"1";"5";"REPUBLIQUE";"51,0280860";"2,3470504"
"201900027215";"25";"5";"2019";"21:15";"1";"59";"59375";"1";"1";"1";"7";"CD 957";"50,4256600";"3,2632200"
"201900027216";"24";"5";"2019";"16:30";"1";"59";"59178";"2";"1";"1";"6";"REPUBLIQUE (BOULEVARD DE LA)";"50,3745700";"3,0732700"
"201900027217";"20";"5";"2019";"18:15";"1";"59";"59574";"2";"1";"1";"2";"PASTEUR LOUIS (RUE)";"50,3610600";"3,2803900"
"201900027218";"13";"5";"2019";"19:30";"1";"59";"59028";"2";"1";"1";"2";"LEBAS (RUE JEAN)";"50,4171100";"3,0658700"
"201900027219";"14";"5";"2019";"12:50";"1";"59";"59178";"2";"1";"1";"1";"CAMBRAI (PONT DE)";"50,3568100";"3,0813800"
"201900027220";"5";"5";"2019";"00:45";"5";"59";"59178";"2";"1";"1";"6";"FAUBOURG DE BETHUNE (RUE DU)";"50,3873600";"3,0591900"
"201900027221";"29";"4";"2019";"17:05";"1";"59";"59178";"2";"1";"1";"2";"JEANNE D'ARC (BOULEVARD)";"50,3663900";"3,0657100"
"201900027222";"26";"5";"2019";"13:00";"1";"59";"59172";"2";"1";"1";"6";"COOPERATEURS (R.)";"50,3361006";"3,3942881"
"201900027223";"29";"5";"2019";"16:00";"1";"59";"59591";"2";"9";"1";"6";"SAINT AYBERT (RUE DE )";"50,4414500";"3,6364400"
"201900027224";"20";"5";"2019";"18:00";"1";"59";"59488";"2";"1";"1";"2";"ARRAS (ROUTE)";"50,1814500";"3,2024700"
"201900027225";"6";"5";"2019";"13:50";"1";"59";"59122";"2";"1";"1";"6";"MICHELET (AVENUE)";"50,1700000";"3,2400000"
"201900027226";"15";"5";"2019";"08:40";"1";"59";"59143";"1";"1";"1";"3";"AMPERE (RUE ANDRE )";"50,6539500";"2,9035800"
"201900027227";"21";"5";"2019";"13:25";"1";"59";"59017";"2";"1";"1";"6";"GAMBETTA  (RUE)";"50,6829200";"2,8815200"
"201900027228";"10";"5";"2019";"18:59";"1";"59";"59143";"2";"1";"2";"3";"NATIONALE (ROUTE)IWEZ MACQUART";"50,6595300";"2,9279500"
"201900027229";"11";"4";"2019";"18:50";"1";"59";"59017";"2";"3";"1";"6";"CHANZY (PLACE)";"50,6857500";"2,8912100"
"201900027230";"26";"5";"2019";"17:20";"1";"58";"58194";"2";"1";"1";"6";"MONTOTS";"46,9916980";"3,1351180"
"201900027231";"25";"5";"2019";"16:55";"1";"58";"58194";"2";"3";"1";"3";"MARZY";"46,9880000";"3,1257000"
"201900027232";"24";"5";"2019";"14:45";"1";"58";"58194";"2";"1";"1";"3";"RAVELIN";"46,9877000";"3,1665000"
"201900027233";"22";"5";"2019";"18:15";"1";"58";"58194";"2";"1";"1";"2";"GRAND PRE DES BORDES";"46,9901000";"3,1238000"
"201900027234";"17";"5";"2019";"20:40";"1";"58";"58194";"2";"3";"2";"1";"GENERAL DE GAULLE";"46,9881300";"3,1540900"
"201900027235";"28";"5";"2019";"15:14";"1";"57";"57306";"2";"1";"1";"6";"VERDUN (RUE DE)";"49,3260500";"6,0516600"
"201900027236";"28";"5";"2019";"13:45";"1";"57";"57306";"2";"1";"1";"2";"FOCH (RUE )";"49,3312700";"6,0569300"
"201900027237";"25";"5";"2019";"22:00";"5";"57";"57672";"2";"1";"1";"3";"COMTE DE BERTIER (AVENUE) - IMPAIR";"49,3697300";"6,1691700"
"201900027238";"25";"5";"2019";"15:10";"1";"57";"57672";"1";"1";"1";"3";"RAYMOND POINCARE (ALLEE) -";"49,3583400";"6,1613100"
"201900027239";"22";"5";"2019";"16:45";"1";"57";"57306";"2";"3";"1";"3";"METROPOLE (AVENUE DE LA)";"49,3484600";"6,0591800"
"201900027240";"13";"5";"2019";"18:45";"1";"57";"57672";"2";"1";"1";"6";"SAINT-MARTIN (RUE)";"49,3552900";"6,1177500"
"201900027241";"28";"4";"2019";"21:00";"5";"57";"57306";"2";"1";"1";"6";"SAINT-THEODORE (RUE)";"49,3230100";"6,0390400"
"201900027242";"28";"4";"2019";"18:15";"1";"57";"57757";"2";"1";"1";"6";"Rue Julien Absalon ";"49,3503600";"6,1982300"
"201900027243";"26";"4";"2019";"15:37";"1";"57";"57306";"2";"1";"1";"6";"FOCH (RUE)";"49,3292700";"6,0654500"
"201900027244";"21";"5";"2019";"16:09";"1";"57";"57463";"2";"1";"1";"6";"COETLOSQUET (RUE DU )";"49,1151100";"6,1750900"
"201900027245";"12";"5";"2019";"14:40";"1";"57";"57463";"2";"1";"1";"3";"BLIDA (AVENUE DE )";"49,1263600";"6,1822400"
"201900027246";"7";"5";"2019";"16:05";"1";"57";"57463";"2";"1";"1";"1";"HARELLE (RUE )";"49,1128400";"6,1715000"
"201900027247";"29";"4";"2019";"15:15";"1";"57";"57463";"2";"2";"1";"1";"ARENES (RUE AUX)";"49,1034000";"6,1711600"
"201900027248";"20";"5";"2019";"21:20";"1";"56";"56260";"2";"2";"1";"1";"KERVILER(AVENUE RENE DE)";"47,6421800";" -2,7551000"
"201900027249";"19";"5";"2019";"02:50";"5";"56";"56260";"2";"4";"1";"6";"PLUMEY (RUE MONSEIGNEUR YVES)";"47,6575000";" -2,7856400"
"201900027250";"17";"5";"2019";"19:15";"1";"56";"56260";"2";"3";"1";"3";"Route d'Arradon";"47,6550330";" -2,7749630"
"201900027251";"13";"5";"2019";"08:30";"2";"56";"56260";"2";"6";"1";"3";"POMPIDOU (GIRATOIRE)";"47,6660660";" -2,7700650"
"201900027252";"12";"5";"2019";"18:55";"1";"56";"56260";"1";"1";"1";"2";"RN 165 -SENS LORIENT / NANTES";"47,6691200";" -2,7646600"
"201900027253";"9";"5";"2019";"11:00";"1";"56";"56260";"1";"1";"1";"2";"RN 165 -SENS NANTES / LORIENT-";"47,6687800";" -2,7367800"
"201900027254";"28";"5";"2019";"18:30";"1";"56";"56098";"1";"1";"1";"6";"RN 165";"47,7711100";" -3,3778400"
"201900027255";"26";"5";"2019";"12:55";"1";"56";"56083";"1";"6";"1";"4";"LAVOISIER ( AVENUE )";"47,7911200";" -3,2764500"
"201900027256";"24";"5";"2019";"23:55";"5";"56";"56083";"2";"1";"1";"6";"TROTTIER (RUE)";"47,8056000";" -3,2778100"
"201900027257";"24";"5";"2019";"18:00";"1";"56";"56121";"2";"4";"1";"7";"MOUSTOIR (ROND POINT DU )";"47,7521300";" -3,3710300"
"201900027258";"23";"5";"2019";"17:30";"1";"56";"56121";"2";"1";"1";"3";"MONISTROL (RUE)";"47,7337600";" -3,3851000"
"201900027259";"23";"5";"2019";"10:30";"1";"56";"56162";"1";"1";"1";"6";"FORT BLOQUE (ROUTE DU)";"47,7384500";" -3,4447100"
"201900027260";"22";"5";"2019";"18:10";"1";"56";"56098";"1";"1";"1";"4";"RN 165";"47,7841880";" -3,3383870"
"201900027261";"21";"5";"2019";"08:15";"1";"56";"56098";"2";"2";"1";"4";"CROIZAT ( AVE AMBROISE )";"47,7744700";" -3,3466900"
"201900027262";"20";"5";"2019";"16:25";"1";"56";"56121";"2";"1";"1";"6";"FAOUEDIC ( AVE DU )";"47,7470200";" -3,3659400"
"201900027263";"17";"5";"2019";"13:35";"1";"56";"56121";"2";"3";"1";"2";"DE GAULLE ( AVE DU GENERAL )";"47,7404800";" -3,3755900"
"201900027264";"17";"5";"2019";"10:15";"1";"56";"56121";"1";"1";"1";"3";"RN 465 (DESSERTE PORTUAIRE)";"47,7615600";" -3,3821900"
"201900027265";"15";"5";"2019";"18:05";"1";"56";"56162";"1";"4";"1";"2";"Bd de l'Atlantique";"47,7233100";" -3,4846600"
"201900027266";"14";"5";"2019";"17:25";"1";"56";"56121";"2";"2";"1";"3";"INDES ( QUAI DES )";"47,7452200";" -3,3585300"
"201900027267";"14";"5";"2019";"07:25";"2";"56";"56107";"1";"6";"1";"6";"Giratoire de Kerfornet";"47,7111900";" -3,3960100"
"201900027268";"13";"5";"2019";"20:49";"1";"56";"56121";"2";"6";"1";"3";"TY-LANN ( RP DE )";"47,7658600";" -3,4008900"
"201900027269";"13";"5";"2019";"08:00";"1";"56";"56121";"2";"3";"1";"2";"CARNEL (RUE  DE )";"47,7369000";" -3,3673200"
"201900027270";"10";"5";"2019";"20:50";"2";"56";"56121";"2";"2";"2";"7";"MOUSTOIR (ROND POINT DU )";"47,7521600";" -3,3706600"
"201900027271";"8";"5";"2019";"14:30";"1";"56";"56083";"1";"1";"1";"6";"RN 165";"47,7918200";" -3,3115700"
"201900027272";"7";"5";"2019";"11:05";"1";"56";"56098";"1";"1";"1";"6";"MALACHAPPE (LIEU-DIT)";"47,7863300";" -3,3052600"
"201900027273";"6";"5";"2019";"17:35";"1";"56";"56083";"2";"6";"1";"2";"LUMIERE ( AV. DES FRERES )";"47,7993500";" -3,2605600"
"201900027274";"4";"5";"2019";"18:10";"1";"56";"56121";"2";"1";"1";"6";"ROHAN ( QUAI DE )";"47,7454100";" -3,3619700"
"201900027275";"30";"4";"2019";"08:10";"1";"56";"56098";"2";"4";"1";"3";"NORMANDIE NIEMEN ( BD )";"47,7625700";" -3,3605400"
"201900027276";"26";"4";"2019";"12:50";"1";"56";"56121";"2";"2";"1";"3";"DU COUEDIC (RUE)";"47,7505200";" -3,3629900"
"201900027277";"20";"5";"2019";"17:50";"1";"55";"55505";"2";"1";"1";"1";"VARENNES (ROUTE DE )";"49,1700000";"5,3510000"
"201900027278";"17";"5";"2019";"19:50";"1";"55";"55545";"2";"1";"1";"3";"MARECHAL DE LATTRE DE TASSIGNY  ( RP )";"49,1624300";"5,3908700"
"201900027279";"18";"5";"2019";"15:15";"1";"55";"55029";"2";"3";"1";"3";"ROCHELLE ( BOULEVARD DE LA )";"48,7764060";"5,1611740"
"201900027280";"25";"4";"2019";"15:45";"1";"54";"54528";"1";"1";"2";"7";"RD904";"48,7081600";"5,8825900"
"201900027281";"18";"5";"2019";"12:35";"1";"54";"54431";"1";"3";"1";"3";"RD952";"48,9129300";"6,0373500"
"201900027282";"24";"5";"2019";"11:00";"1";"54";"54395";"2";"1";"1";"7";"BAZIN (RUE HENRI) + (SENTIER)";"48,6969700";"6,1943000"
"201900027283";"22";"5";"2019";"18:50";"1";"54";"54304";"2";"2";"1";"3";"DEROULEDE (AVENUE PAUL)";"48,6851900";"6,1556600"
"201900027284";"23";"5";"2019";"19:15";"1";"54";"54357";"2";"1";"1";"3";"SEILLE (RUE DE LA)";"48,7021640";"6,1330360"
"201900027285";"15";"5";"2019";"13:35";"1";"54";"54395";"2";"3";"1";"1";"FOCH (AVENUE 2 A 16";"48,6891340";"6,1753430"
"201900027286";"15";"5";"2019";"10:50";"1";"54";"54395";"2";"1";"1";"7";"TOMBLAINE (RUE DE)";"48,6872300";"6,2031400"
"201900027287";"10";"5";"2019";"12:00";"1";"54";"54304";"2";"1";"1";"2";"RESISTANCE (AV. DE LA -PAIR-)";"48,6942700";"6,1305400"
"201900027288";"27";"4";"2019";"16:00";"1";"54";"54395";"2";"1";"1";"2";"MOTHE (RUE DE LA)";"48,6932400";"6,1962500"
"201900027289";"3";"4";"2019";"14:00";"1";"54";"54578";"2";"1";"2";"1";"LECLERC (AVENUE DU GENERAL)";"48,6738300";"6,1499700"
"201900027290";"26";"4";"2019";"13:10";"1";"54";"54395";"2";"1";"1";"7";"GRANDVILLE (RUE)";"48,7011300";"6,1792700"
"201900027291";"26";"4";"2019";"14:00";"1";"54";"54395";"2";"1";"1";"2";"FOCH (AVENUE 18 ET 9 A FIN)";"48,6877700";"6,1710900"
"201900027292";"22";"4";"2019";"14:25";"1";"54";"54547";"2";"3";"1";"3";"ARC (AVENUE JEANNE D')";"48,6608800";"6,1823400"
"201900027293";"19";"4";"2019";"09:19";"1";"54";"54184";"2";"3";"1";"3";"BRIGACHTAL (AVENUE DE)";"48,7007700";"6,2245000"
"201900027294";"2";"5";"2019";"16:40";"1";"54";"54273";"2";"2";"1";"7";"RD603";"49,1576500";"5,8802800"
"201900027295";"27";"5";"2019";"07:10";"1";"54";"54036";"1";"1";"2";"7";"RD906";"49,2784760";"5,9596150"
"201900027296";"21";"5";"2019";"21:35";"2";"53";"53130";"1";"1";"1";"7";"FALUERES ( CHEMIN DES )";"48,0452200";" -0,7232500"
"201900027297";"9";"5";"2019";"17:00";"1";"52";"52121";"2";"2";"1";"3";"MARECHAL JUIN (BOULEVARD DU)";"48,0991200";"5,1531400"
"201900027298";"8";"5";"2019";"16:09";"1";"52";"52121";"1";"1";"1";"7";"RD 674";"48,1245200";"5,1869200"
"201900027299";"28";"5";"2019";"17:35";"1";"51";"51454";"2";"1";"2";"7";"RUE DU CHATELET";"49,2431300";"4,0401200"
"201900027300";"24";"5";"2019";"17:35";"1";"51";"51454";"2";"2";"1";"3";"BOULEVARD DES BOUCHES DU RHONE";"49,2323960";"4,0183247"
"201900027301";"24";"5";"2019";"14:50";"1";"51";"51454";"2";"1";"1";"7";"RUE COGNACQ JAY";"49,2316100";"4,0183400"
"201900027302";"23";"5";"2019";"16:45";"1";"51";"51454";"2";"3";"1";"3";"RUE DES ESSILLARDS";"49,2349694";"4,0509444"
"201900027303";"22";"5";"2019";"21:20";"2";"51";"51454";"2";"1";"1";"3";"PLACE DES COMBATTANTS D'AFN";"49,2200278";"4,0219369"
"201900027304";"22";"5";"2019";"18:35";"1";"51";"51454";"2";"1";"1";"3";"RUE DE COURLANCY";"49,2433500";"4,0209900"
"201900027305";"19";"5";"2019";"16:55";"1";"51";"51454";"2";"3";"2";"1";"RUE DU COLONEL FABIEN";"49,2491700";"4,0165100"
"201900027306";"19";"5";"2019";"15:05";"1";"51";"51454";"2";"1";"2";"7";"RUE PERIN";"49,2650700";"4,0259400"
"201900027307";"18";"5";"2019";"18:40";"1";"51";"51454";"2";"1";"1";"2";"AVENUE D'EPERNAY";"49,2485200";"4,0127400"
"201900027308";"17";"5";"2019";"14:25";"1";"51";"51454";"2";"2";"1";"7";"RUE CARNOT";"49,2547900";"4,0321000"
"201900027309";"16";"5";"2019";"18:50";"1";"51";"51454";"2";"1";"1";"3";"PROMENADE HENRI DERIEUX";"49,2605500";"4,0595700"
"201900027310";"15";"5";"2019";"17:39";"1";"51";"51454";"2";"1";"1";"7";"RUE SULLY";"49,2125000";"4,0279200"
"201900027311";"14";"5";"2019";"17:40";"1";"51";"51058";"1";"1";"1";"1";"ROUTE DE BEZANNES A SACY";"49,2123400";"3,9955500"
"201900027312";"14";"5";"2019";"11:25";"1";"51";"51454";"2";"3";"1";"3";"CHEMIN DES COURTES MARTIN";"49,2656300";"4,0687000"
"201900027313";"10";"5";"2019";"07:45";"1";"51";"51454";"2";"3";"1";"3";"RUE GABRIEL VOISIN";"49,2320100";"4,0670500"
"201900027314";"9";"5";"2019";"07:10";"1";"51";"51454";"2";"1";"2";"6";"RUE DU GENERAL KOENIG";"49,2265900";"4,0240200"
"201900027315";"7";"5";"2019";"13:00";"1";"51";"51454";"2";"1";"1";"2";"ROUTE DE WITRY";"49,2696917";"4,0724758"
"201900027316";"6";"5";"2019";"18:00";"1";"51";"51454";"2";"2";"1";"4";"RUE DE VENISE";"49,2461861";"4,0309667"
"201900027317";"3";"5";"2019";"13:57";"1";"51";"51454";"2";"2";"1";"3";"RUE DU JARD";"49,2487700";"4,0324700"
"201900027318";"28";"4";"2019";"03:10";"5";"51";"51454";"2";"1";"1";"7";"RUE DE LOUVOIS";"49,2305636";"4,0346997"
"201900027319";"29";"4";"2019";"17:30";"1";"51";"51454";"2";"1";"1";"2";"BOULEVARD CHARLES ARNOULD";"49,2684200";"4,0188600"
"201900027320";"28";"4";"2019";"07:49";"1";"51";"51454";"2";"2";"1";"6";"AVENUE DU GENERAL DE GAULLE";"49,2484627";"4,0216512"
"201900027321";"2";"5";"2019";"12:15";"1";"51";"51454";"2";"1";"1";"7";"RUE GAMBETTA";"49,2483200";"4,0376600"
"201900027322";"30";"4";"2019";"12:15";"1";"51";"51454";"2";"1";"1";"6";"PLACE MAURICE UTRILLO";"49,2257100";"4,0161600"
"201900027323";"28";"4";"2019";"20:10";"1";"51";"51454";"2";"6";"1";"3";"RUE DE LA DOUZIEME ESCADRE D'AVIATION";"49,2747070";"4,0331549"
"201900027324";"18";"5";"2019";"22:40";"5";"51";"51108";"2";"3";"1";"2";"ALLEE DE FORETS";"48,9468600";"4,3649800"
"201900027325";"2";"5";"2019";"16:35";"1";"51";"51506";"2";"1";"1";"7";"AVENUE DU PRESIDENT ROOSEVELT";"48,9445995";"4,3859882"
"201900027326";"23";"5";"2019";"08:00";"1";"50";"50002";"2";"1";"1";"6";"CAMPAGNES";"49,1182890";" -1,1071290"
"201900027327";"15";"5";"2019";"17:40";"1";"50";"50502";"2";"1";"1";"2";"HAVIN";"49,1146750";" -1,0932770"
"201900027328";"2";"5";"2019";"16:00";"1";"50";"50502";"2";"1";"1";"2";"DE LATTRE DE TASSIGNY (RUE DU MARECHAL)";"49,1140410";" -1,0806930"
"201900027329";"30";"4";"2019";"19:10";"1";"50";"50502";"1";"3";"1";"3";"ISIGNY";"49,1252500";" -1,0722800"
"201900027330";"5";"5";"2019";"17:55";"1";"50";"50165";"2";"1";"1";"7";"ENTRE DEUX ROCHERS (RUE DE L')";"48,8508300";" -1,5676790"
"201900027331";"2";"5";"2019";"09:40";"1";"50";"50218";"1";"1";"1";"7";"AVRANCHES (ROUTE D')";"48,8375670";" -1,5433140"
"201900027332";"9";"5";"2019";"17:30";"1";"50";"50147";"2";"1";"1";"2";"DIVISION LECLERC";"49,0556700";" -1,4391300"
"201900027333";"24";"5";"2019";"10:00";"1";"50";"50129";"2";"1";"1";"3";"PARIS (AVENUE DE)";"49,6293200";" -1,6181000"
"201900027334";"25";"5";"2019";"15:00";"1";"50";"50129";"2";"2";"1";"3";"COUBERTIN (RUE PIERRE DE)";"49,6421100";" -1,6370500"
"201900027335";"22";"5";"2019";"17:05";"1";"50";"50129";"2";"1";"1";"3";"VINDITS (RUE DES)";"49,6345000";" -1,6532500"
"201900027336";"18";"5";"2019";"19:10";"1";"50";"50602";"2";"1";"1";"7";"CITES (RUE DES)";"49,6400500";" -1,5867800"
"201900027337";"19";"5";"2019";"06:30";"2";"50";"50173";"2";"1";"1";"6";"8 MAI (AVENUE DU)";"49,6492500";" -1,6540800"
"201900027338";"18";"5";"2019";"13:40";"1";"50";"50602";"2";"3";"1";"6";"LECLERC (RUE DU GENERAL)";"49,6401000";" -1,6000200"
"201900027339";"11";"5";"2019";"01:00";"5";"50";"50129";"2";"1";"1";"6";"BARBUSSE (RUE HENRI)";"49,6122500";" -1,6574700"
"201900027340";"30";"4";"2019";"09:35";"1";"50";"50416";"2";"9";"1";"3";"CLAIRES (RUE DES)";"49,6617100";" -1,6893500"
"201900027341";"25";"5";"2019";"10:55";"1";"49";"49328";"1";"1";"1";"6";"ESSARTS (CHEMIN DES)";"47,2889600";" -0,0684600"
"201900027342";"21";"5";"2019";"09:50";"1";"49";"49328";"2";"6";"1";"3";"RESISTANCE (PLACE DE LA) N 147";"47,2672900";" -0,0699900"
"201900027343";"22";"5";"2019";"11:40";"1";"49";"49099";"2";"1";"1";"6";"HUIT MAI 1945 (PLACE DU)";"47,0572900";" -0,8787100"
"201900027344";"15";"5";"2019";"17:00";"1";"49";"49099";"2";"6";"1";"6";"OLDENBURG (PLACE D')";"47,0739300";" -0,8430500"
"201900027345";"2";"5";"2019";"12:55";"1";"49";"49099";"2";"2";"1";"3";"MOLIERE(RUE)";"47,0682800";" -0,8870900"
"201900027346";"28";"5";"2019";"18:29";"1";"49";"49007";"2";"1";"1";"3";"GUICHARD";"47,4478384";" -0,5504252"
"201900027347";"27";"5";"2019";"11:00";"1";"49";"49007";"2";"1";"1";"6";"PASTEUR AVENUE";"47,4801400";" -0,5257900"
"201900027348";"27";"5";"2019";"09:31";"1";"49";"49246";"2";"9";"2";"7";"EUROPE AVENUE";"47,4407000";" -0,5287000"
"201900027349";"25";"5";"2019";"20:51";"2";"49";"49007";"2";"1";"1";"6";"BARON";"47,4837200";" -0,5290100"
"201900027350";"26";"5";"2019";"21:22";"2";"49";"49007";"2";"1";"1";"3";"JEAN XXIII AVENUE";"47,4484400";" -0,5656200"
"201900027351";"24";"5";"2019";"16:45";"1";"49";"49246";"2";"1";"1";"2";"BERNE";"47,4100000";" -0,5247200"
"201900027352";"23";"5";"2019";"10:26";"1";"49";"49007";"2";"1";"1";"4";"GASNIER AVENUE";"47,4877736";" -0,5737979"
"201900027353";"23";"5";"2019";"07:46";"1";"49";"49007";"2";"1";"1";"3";"MAINE";"47,4787400";" -0,5465900"
"201900027354";"23";"5";"2019";"04:55";"5";"49";"49007";"2";"1";"1";"6";"CHATENAY AVENUE VICTOR";"47,4837400";" -0,5190300"
"201900027355";"22";"5";"2019";"08:55";"1";"49";"49353";"2";"1";"1";"2";"A87N";"47,4532600";" -0,5149200"
"201900027356";"22";"5";"2019";"12:10";"1";"49";"49007";"2";"1";"1";"3";"STRASBOURG BOULEVARD";"47,4569900";" -0,5541500"
"201900027357";"20";"5";"2019";"09:30";"1";"49";"49007";"2";"1";"1";"4";"PAPIN";"47,4655200";" -0,5550200"
"201900027358";"18";"5";"2019";"16:59";"1";"49";"49007";"1";"1";"1";"1";"EPINARD CHEMIN";"47,4959400";" -0,5483500"
"201900027359";"19";"5";"2019";"18:40";"1";"49";"49007";"2";"1";"1";"3";"CERISAY ALLEE";"47,4579600";" -0,6107800"
"201900027360";"19";"5";"2019";"14:44";"1";"49";"49353";"2";"1";"1";"1";"VEST FERDINANT";"47,4431000";" -0,4794900"
"201900027361";"19";"5";"2019";"22:20";"5";"49";"49007";"2";"1";"1";"1";"BEDIER BOULEVARD";"47,4531200";" -0,5386900"
"201900027362";"17";"5";"2019";"01:55";"5";"49";"49007";"2";"1";"1";"2";"LEROY PLACE";"47,4646400";" -0,5488600"
"201900027363";"13";"11";"2019";"18:25";"5";"59";"59663";"2";"1";"2";"6";"Rue de Bergues";"50,8848280";"2,4666940"
"201900027364";"13";"11";"2019";"19:30";"3";"74";"74256";"1";"1";"1";"6";"D1212";"45,9155870";"6,6359090"
"201900027365";"14";"11";"2019";"19:05";"3";"80";"80527";"1";"1";"1";"2";"D925";"50,0651660";"1,4983500"
"201900027366";"14";"11";"2019";"17:53";"5";"76";"76711";"2";"1";"1";"6";"52 Quai Francois 1er";"50,0622740";"1,3701790"
"201900027367";"14";"11";"2019";"18:10";"3";"61";"61158";"1";"2";"1";"6";"Lieu Dit le Gue de Rouvre";"48,6726740";" -0,3044100"
"201900027368";"12";"11";"2019";"14:30";"1";"46";"46247";"1";"1";"8";"6";"route militaire n° 12";"44,3164450";"1,7155020"
"201900027369";"17";"10";"2019";"15:52";"1";"68";"68155";"2";"1";"1";"3";"6 Route d'Eguisheim";"48,0925550";"7,3069240"
"201900027370";"13";"11";"2019";"11:15";"1";"25";"25321";"2";"2";"1";"6";"Place Maxime Cupillard";"47,0592320";"6,6701130"
"201900027371";"8";"11";"2019";"16:35";"2";"35";"35068";"1";"1";"1";"1";"Lieu Dit la Lutiere";"48,0889960";" -1,4001520"
"201900027372";"13";"11";"2019";"18:38";"5";"84";"84089";"2";"3";"2";"3";"Avenue Pierre Augier";"43,6920790";"5,5155850"
"201900027373";"13";"11";"2019";"07:15";"1";"15";"15222";"1";"1";"9";"6";"RD 601 pk 06+100";"44,7535550";"2,4089060"
"201900027374";"13";"11";"2019";"08:30";"1";"1";"01314";"1";"1";"1";"3";"D984";"46,0264575";"5,3051849"
"201900027375";"13";"11";"2019";"16:20";"1";"54";"54073";"1";"1";"5";"1";"Rue Nicolas Chenin";"48,6247670";"5,9164390"
"201900027376";"10";"11";"2019";"01:50";"5";"4";"04047";"2";"1";"8";"6";"RD 3 ZA Champtercier";"44,0830460";"6,1740530"
"201900027377";"13";"11";"2019";"23:30";"3";"77";"77194";"1";"1";"8";"6";"a5 pk 32+000";"48,4152237";"2,9477665"
"201900027378";"14";"11";"2019";"15:45";"1";"13";"13109";"1";"1";"2";"7";"A8 PK024.400 sens Lyon-Nice";"43,5069720";"5,5042930"
"201900027379";"13";"11";"2019";"03:11";"3";"6";"06149";"1";"1";"1";"6";"A8 pk205+100 en sud";"43,7452730";"7,3636050"
"201900027380";"13";"11";"2019";"10:55";"1";"49";"49007";"1";"1";"1";"3";"A11 pk260.800";"47,4903880";" -0,5376450"
"201900027381";"6";"11";"2019";"17:20";"2";"91";"91041";"1";"1";"1";"2";"Route Départementale (Chemin)";"48,5613440";"2,2444770"
"201900027382";"10";"11";"2019";"20:40";"3";"34";"34157";"1";"1";"1";"6";"D5e8";"43,4527150";"3,5959730"
"201900027383";"13";"11";"2019";"12:15";"1";"13";"13027";"2";"1";"1";"6";"Avenue Gustave Cestier";"43,8840030";"4,8568470"
"201900027384";"14";"11";"2019";"04:45";"4";"89";"89055";"2";"1";"2";"6";"48 grande rue";"47,9921570";"3,6169100"
"201900027385";"8";"11";"2019";"00:00";"3";"54";"54186";"1";"6";"8";"7";"D83c";"48,7396350";"6,2234430"
"201900027386";"13";"11";"2019";"18:20";"3";"57";"57206";"2";"1";"2";"1";"Avenue Jeanne d'Arc";"49,3034870";"6,1041040"
"201900027387";"12";"11";"2019";"17:45";"5";"74";"74136";"2";"1";"1";"7";"Route de la Vallée du Bouchet";"45,9421200";"6,4273610"
"201900027388";"7";"11";"2019";"07:35";"2";"42";"42147";"2";"6";"8";"2";"1 Boulevard Carnot";"45,6065050";"4,0686550"
"201900027389";"14";"11";"2019";"08:35";"1";"69";"69028";"2";"3";"2";"6";"Montee de l'Ancienne Gare";"45,7189040";"4,6929490"