"Num_Acc";"jour";"mois";"an";"hrmn";"lum";"dep";"com";"agg";"int";"atm";"col";"adr";"lat";"long"
"201900027390";"30";"10";"2019";"18:30";"5";"69";"69089";"2";"9";"1";"6";"Avenue du Chater";"45,7508000";"4,7719810"
"201900027391";"13";"11";"2019";"20:30";"4";"81";"81099";"2";"3";"1";"3";"7 Rue Jean Mermoz";"43,8998694";"1,8889728"
"201900027392";"13";"11";"2019";"15:20";"1";"33";"33243";"1";"1";"2";"1";"D1089";"44,9153800";" -0,2177530"
"201900027393";"13";"11";"2019";"13:45";"1";"33";"33312";"1";"1";"1";"2";"193 Rue des Palus";"44,9444100";" -0,5619200"
"201900027394";"14";"11";"2019";"17:50";"2";"33";"33019";"1";"1";"8";"1";"RD5";"44,7315000";" -0,8947400"
"201900027395";"10";"11";"2019";"04:00";"5";"27";"27016";"2";"1";"2";"6";"15 Rue Henri Rémy";"49,2489530";"1,4306400"
"201900027396";"14";"11";"2019";"17:45";"3";"76";"76566";"1";"2";"8";"3";"Route de Langrume";"49,6080250";"0,9542630"
"201900027397";"13";"11";"2019";"03:55";"3";"62";"62711";"1";"1";"1";"6";"Avenue de l'Europe";"50,8161300";"1,7328400"
"201900027398";"13";"11";"2019";"08:45";"2";"13";"13211";"1";"1";"1";"3";"A50-Sens Aubagne vers Marseille";"43,2909720";"5,4863120"
"201900027399";"10";"11";"2019";"18:15";"3";"42";"42103";"1";"1";"1";"2";"A47";"45,5018300";"4,5637300"
"201900027400";"13";"11";"2019";"06:45";"3";"33";"33487";"1";"1";"1";"2";"AUTOROUTE A 10";"44,9512600";" -0,4613700"
"201900027401";"5";"11";"2019";"07:40";"2";"62";"62624";"1";"1";"1";"7";"AUTOROUTE A21";"50,4200000";"2,9900000"
"201900027402";"13";"11";"2019";"08:40";"1";"91";"91477";"1";"1";"1";"2";"AUTOROUTE A10";"48,7155800";"2,2541200"
"201900027403";"13";"11";"2019";"02:00";"3";"93";"93007";"1";"1";"1";"6";"AUTOROUTE A1";"48,9435300";"2,4354200"
"201900027404";"12";"11";"2019";"16:50";"1";"93";"93027";"1";"1";"2";"6";"AUTOROUTE A86";"48,9283600";"2,4168800"
"201900027405";"12";"11";"2019";"14:30";"1";"93";"93064";"1";"1";"2";"2";"AUTOROUTE A86";"48,8718600";"2,4815700"
"201900027406";"12";"11";"2019";"09:32";"1";"95";"95018";"1";"1";"8";"7";"AUTOROUTE A15";"48,9585800";"2,2740300"
"201900027407";"12";"11";"2019";"07:30";"2";"95";"95252";"1";"1";"2";"3";"AUTOROUTE A15";"48,9795300";"2,2277800"
"201900027408";"11";"11";"2019";"21:35";"5";"93";"93066";"1";"1";"1";"6";"AUTOROUTE A1";"48,9229700";"2,3571800"
"201900027409";"11";"11";"2019";"16:50";"1";"95";"95678";"1";"1";"8";"7";"RN 184";"49,0717200";"2,2235800"
"201900027410";"11";"11";"2019";"14:40";"1";"95";"95582";"1";"1";"2";"2";"RD 170";"48,9646500";"2,2697200"
"201900027411";"10";"11";"2019";"15:15";"1";"95";"95424";"1";"1";"2";"7";"AUTOROUTE A15";"48,9887100";"2,1990100"
"201900027412";"10";"11";"2019";"14:00";"1";"92";"92078";"1";"1";"2";"7";"AUTOROUTE A86";"48,9291900";"2,3296700"
"201900027413";"13";"11";"2019";"12:30";"1";"94";"94073";"1";"1";"1";"4";"A86 INT";"48,7699089";"2,3807489"
"201900027414";"13";"11";"2019";"07:30";"3";"77";"77018";"1";"1";"1";"2";"A4";"48,8461067";"2,8302334"
"201900027415";"12";"11";"2019";"11:00";"1";"94";"94073";"1";"1";"1";"7";"A86 INT";"48,7707000";"2,3858000"
"201900027416";"12";"11";"2019";"09:00";"1";"77";"77258";"1";"1";"1";"6";"A4.Y";"48,8298683";"2,6247470"
"201900027417";"8";"11";"2019";"22:00";"1";"86";"86214";"2";"1";"1";"3";"DEUX COMMUNES (RUE DES)";"46,5938835";"0,3519756"
"201900027418";"11";"11";"2019";"18:45";"5";"76";"76351";"2";"3";"3";"6";"AVIATEUR GUERIN";"49,4865900";"0,1263200"
"201900027419";"9";"11";"2019";"15:30";"1";"76";"76351";"2";"1";"3";"7";"EUGENE MOPIN (RUE)";"49,5191400";"0,1581800"
"201900027420";"11";"11";"2019";"18:35";"3";"71";"71306";"2";"1";"2";"7";"ANATOLE FRANCE (RUE)";"46,6913000";"4,3556300"
"201900027421";"10";"11";"2019";"13:50";"1";"63";"63113";"2";"9";"1";"6";"BRUYANT (RUE CHARLES)";"45,7663690";"3,0864082"
"201900027422";"4";"11";"2019";"12:50";"1";"51";"51454";"2";"1";"1";"1";"RUE MAURICE GENEVOIX";"49,2748000";"4,0356000"
"201900027423";"11";"11";"2019";"15:35";"1";"41";"41047";"1";"1";"2";"7";"CITES UNIES (BOULEVARD DES)";"47,6084600";"1,3411500"
"201900027424";"10";"11";"2019";"18:56";"3";"10";"10362";"1";"1";"8";"6";"ROCADE OUEST (RD 610)";"48,2953300";"4,0301300"
"201900027425";"12";"11";"2019";"12:25";"1";"92";"92049";"2";"1";"1";"5";"BROSSOLETTE AVENUE PIERRE";"48,8166991";"2,3065093"
"201900027426";"9";"11";"2019";"13:15";"1";"92";"92020";"2";"9";"8";"6";"PARIS AVENUE DE N°2 A82";"48,8044800";"2,2894200"
"201900027427";"12";"5";"2019";"20:45";"5";"987";"98729";"2";"3";"1";"3";"vaiare";" -17,5331890";" -149,8386110"
"201900027428";"11";"11";"2019";"19:13";"5";"987";"98735";"2";"9";"1";"3";"PRINCE HINOI (AVENUE)";" -17,5349200";" -149,5634900"
"201900027429";"11";"11";"2019";"19:30";"3";"974";"97416";"1";"1";"1";"4";"RN2 (2)";" -21,3533100";"55,5109300"
"201900027430";"11";"11";"2019";"16:10";"1";"974";"97411";"2";"4";"1";"1";"HOARAU (RUE MARCEL)";" -20,9098000";"55,4859000"
"201900027431";"12";"11";"2019";"16:20";"1";"974";"97407";"1";"1";"1";"5";"ROUTE NATIONALE N° 1";" -20,9542114";"55,3141799"
"201900027432";"11";"11";"2019";"18:20";"2";"973";"97302";"1";"9";"1";"5";"TIGRE (ROUTE DU)";"4,9204506";" -52,3211431"
"201900027433";"12";"11";"2019";"18:15";"5";"69";"69259";"2";"1";"1";"6";"ETHEL ET JULIUS ROSENBERG           (R )";"45,6954800";"4,8910400"
"201900027434";"12";"11";"2019";"17:50";"5";"69";"69387";"2";"2";"1";"3";"FELIX FAURE                         (AV)";"45,7521800";"4,8472400"
"201900027435";"12";"11";"2019";"14:40";"1";"69";"69383";"2";"2";"1";"3";"PENSIONNAT (DU)                     (R )";"45,7549900";"4,8559700"
"201900027436";"12";"11";"2019";"12:35";"1";"69";"69388";"2";"2";"1";"3";"BERTHELOT                           (AV)";"45,7378500";"4,8652100"
"201900027437";"12";"11";"2019";"09:30";"1";"972";"97209";"2";"1";"1";"6";"JULES MONNEROT (RUE)";"14,6090140";" -61,0697910"
"201900027438";"11";"11";"2019";"11:25";"1";"972";"97209";"2";"1";"1";"5";"AUTOROUTE (A1)";"14,6149200";" -61,0465900"
"201900027439";"12";"11";"2019";"11:45";"1";"69";"69389";"2";"3";"1";"1";"CHAPEAU ROUGE (DU)                  (R )";"45,7726300";"4,8078500"
"201900027440";"12";"11";"2019";"08:55";"1";"69";"69389";"2";"1";"1";"2";"CHAMPAGNE (DE)                      (AV)";"45,7900700";"4,7974200"
"201900027441";"8";"11";"2019";"15:50";"1";"91";"91103";"2";"9";"1";"3";"COMMUNE DE PARIS (RUE DE LA)";"48,5877000";"2,3006000"
"201900027442";"12";"11";"2019";"08:59";"2";"87";"87065";"2";"1";"2";"3";"BESSES (RUE DES)";"45,8044600";"1,3287900"
"201900027443";"8";"11";"2019";"19:27";"1";"87";"87085";"2";"2";"1";"7";"LECLERC (AVENUE DU GENERAL)";"45,8438900";"1,2595700"
"201900027444";"9";"11";"2019";"13:45";"1";"78";"78646";"2";"2";"1";"6";"SAINT HONORE (RUE)";"48,7985100";"2,1252400"
"201900027445";"12";"11";"2019";"06:25";"5";"78";"78440";"2";"1";"1";"6";"MARECHAL FOCH (AVENUE DU)";"48,9900000";"1,9050000"
"201900027446";"12";"11";"2019";"15:15";"1";"77";"77118";"1";"9";"2";"3";"PARKING C.C. CARREFOUR";"48,9456300";"2,6622500"
"201900027447";"11";"11";"2019";"18:12";"5";"77";"77083";"2";"2";"8";"3";"BLAISE PASCAL (AVENUE)";"48,8404175";"2,5862647"
"201900027448";"10";"11";"2019";"14:32";"1";"76";"76498";"2";"1";"1";"3";"VALLEE. RUE LUCIEN";"49,4222600";"1,0568900"
"201900027449";"9";"11";"2019";"09:00";"1";"76";"76351";"2";"1";"1";"6";"rue théophile gautier";"49,5178800";"0,0957700"
"201900027450";"11";"11";"2019";"20:25";"5";"76";"76351";"2";"1";"1";"6";"ALBERT 1ER";"49,5007800";"0,0885500"
"201900027451";"7";"11";"2019";"17:15";"5";"73";"73011";"2";"3";"3";"6";"D990  HUGO (AVENUE VICTOR)";"45,6733416";"6,3849093"
"201900027452";"11";"11";"2019";"23:30";"5";"71";"71499";"2";"1";"2";"6";"JEAN ZAY (RUE)";"46,6467300";"4,2972300"
"201900027453";"12";"11";"2019";"14:00";"1";"71";"71153";"2";"3";"1";"3";"MARECHAL JOFFRE";"46,7942000";"4,4223200"
"201900027454";"12";"11";"2019";"20:50";"5";"69";"69290";"2";"2";"2";"3";"LYON (DE) (D 518)                   (RO)";"45,7112600";"4,9018700"
"201900027455";"12";"11";"2019";"07:45";"1";"69";"69013";"2";"3";"1";"3";"VERRIER (route du)";"46,0222900";"4,7165400"
"201900027456";"5";"11";"2019";"20:21";"3";"68";"68066";"1";"1";"1";"2";"CD4";"48,1082200";"7,3947800"
"201900027457";"11";"11";"2019";"20:00";"5";"67";"67482";"2";"3";"1";"6";"OBERHAUSBERGEN (ROUTE D )";"48,5920700";"7,7254700"
"201900027458";"11";"11";"2019";"15:30";"1";"67";"67482";"2";"1";"1";"6";"CHARLES PEGUY (RUE)";"48,5889900";"7,6957600"
"201900027459";"9";"11";"2019";"14:20";"1";"67";"67365";"2";"1";"1";"3";"MULHOUSE (RUE DE)";"48,5387200";"7,7138100"
"201900027460";"12";"11";"2019";"13:50";"1";"66";"66136";"2";"1";"1";"6";"FLANDRES/DUNKERQUE (CARREFOUR)";"42,6866600";"2,9072600"
"201900027461";"12";"11";"2019";"09:41";"1";"66";"66136";"2";"1";"1";"6";"BIGORRE LA";"42,6874800";"2,8985400"
"201900027462";"12";"11";"2019";"11:43";"1";"66";"66136";"2";"1";"1";"7";"VAQUER (FERNAND)";"42,6784600";"2,8805700"
"201900027463";"10";"11";"2019";"02:58";"3";"66";"66136";"2";"1";"1";"7";"SAINT CHARLES (ROCADE)";"42,6803500";"2,8514600"
"201900027464";"12";"11";"2019";"07:15";"5";"65";"65100";"1";"2";"1";"3";"KLEBER (RUE PROLONGEE)";"43,2680200";"0,0764800"
"201900027465";"11";"11";"2019";"14:25";"1";"64";"64122";"2";"1";"6";"7";"GARDERES (RUE)";"43,4826200";" -1,5591100"
"201900027466";"12";"11";"2019";"10:50";"1";"64";"64024";"2";"2";"3";"2";"LAROCHEFOUCAULD (AVENUE DE)";"43,4874400";" -1,5362600"
"201900027467";"11";"11";"2019";"11:30";"1";"64";"64102";"2";"1";"2";"6";"BEYRIS (GIRATOIRE)";"43,4782462";" -1,4920416"
"201900027468";"3";"11";"2019";"19:30";"5";"62";"62119";"2";"6";"1";"3";"FOCH ( PLACE )";"50,5303500";"2,6325800"
"201900027469";"8";"11";"2019";"17:42";"3";"57";"57591";"1";"1";"2";"2";"RN 52";"49,2569944";"6,0998584"
"201900027470";"9";"11";"2019";"23:20";"5";"56";"56121";"2";"1";"1";"6";"MONISTROL (RUE)";"47,7383600";" -3,3815400"
"201900027471";"12";"11";"2019";"17:57";"5";"51";"51454";"2";"9";"1";"7";"AVENUE D'EPERNAY";"49,2482573";"4,0126543"
"201900027472";"11";"11";"2019";"14:36";"1";"49";"49007";"2";"1";"1";"1";"FREMUR";"47,4529900";" -0,5654400"
"201900027473";"8";"11";"2019";"05:53";"3";"49";"49007";"2";"1";"1";"6";"WALDECK ROUSSEAU";"47,4706700";" -0,5445600"
"201900027474";"12";"11";"2019";"16:22";"1";"45";"45284";"2";"1";"2";"6";"AV PIERRE ET MARIE CURIE";"47,9076900";"1,9804100"
"201900027475";"12";"11";"2019";"13:05";"1";"45";"45234";"2";"3";"8";"1";"RTE D'OLIVET - R MOREAU";"47,8811793";"1,9033921"
"201900027476";"11";"11";"2019";"15:00";"1";"44";"44109";"2";"1";"1";"3";"QUAI DU MARQUIS D'AIGUILLON";"47,2032900";" -1,5754000"
"201900027477";"12";"11";"2019";"18:00";"5";"37";"37261";"2";"1";"9";"6";"DESMOULINS (RUE CAMILLE)";"47,3868400";"0,6993900"
"201900027478";"12";"11";"2019";"12:25";"1";"37";"37214";"2";"3";"1";"6";"LANDE (RUE DE LA)";"47,4206300";"0,6650400"
"201900027479";"12";"11";"2019";"16:00";"1";"35";"35238";"2";"1";"8";"3";"LAMARTINE (QUAI)";"48,1101500";" -1,6781800"
"201900027480";"11";"11";"2019";"19:50";"3";"33";"33529";"2";"1";"2";"6";"29 Av Gal Leclerc";"44,6407100";" -1,1499100"
"201900027481";"12";"11";"2019";"09:05";"1";"31";"31555";"2";"2";"2";"3";"RUE MARIA MONBIOLA";"43,5795800";"1,4402200"
"201900027482";"11";"11";"2019";"17:00";"1";"31";"31555";"1";"1";"2";"4";"VA008482 A624";"43,6095800";"1,3861900"
"201900027483";"8";"11";"2019";"08:50";"1";"31";"31555";"2";"2";"2";"3";"AV DU CIMETIERE";"43,6065800";"1,4581600"
"201900027484";"9";"11";"2019";"15:00";"1";"31";"31555";"2";"1";"1";"3";"ALL JULES GUESDE";"43,5945400";"1,4498300"
"201900027485";"8";"11";"2019";"15:35";"1";"31";"31557";"2";"1";"8";"3";"TARBES (ROUTE DE)";"43,5787700";"1,3296400"
"201900027486";"12";"11";"2019";"13:00";"1";"29";"29232";"2";"6";"1";"2";"LEBON PHILIPPE  ROND POINT";"47,9951000";" -4,0731000"
"201900027487";"12";"11";"2019";"13:45";"1";"27";"27681";"2";"4";"2";"7";"MAGNY (ROUTE DE)";"49,0984100";"1,4937500"
"201900027488";"12";"11";"2019";"14:50";"1";"17";"17306";"2";"1";"2";"6";"LAMY (BD FRANCK)";"45,6271200";" -1,0137100"
"201900027489";"11";"11";"2019";"12:55";"1";"14";"14271";"2";"1";"2";"3";"RN814";"49,2560500";" -0,4230300"
"201900027490";"7";"11";"2019";"22:20";"5";"12";"12202";"2";"3";"1";"6";"BORDEAUX (AVENUE DE)";"44,3558000";"2,5760500"
"201900027491";"11";"11";"2019";"17:38";"2";"12";"12145";"2";"1";"1";"1";"BRASSENS GEORGES (BOULEVARD)";"44,1173860";"3,0697690"
"201900027492";"12";"11";"2019";"18:45";"5";"11";"11069";"2";"1";"3";"2";"Avenue du Président Franklin Roosevelt ";"43,2239000";"2,3351000"
"201900027493";"12";"11";"2019";"18:35";"5";"11";"11069";"2";"1";"2";"7";"SARRAUT OMER BD -IMPAIRS-";"43,2164000";"2,3532000"
"201900027494";"12";"11";"2019";"10:30";"1";"10";"10387";"2";"1";"1";"4";"CHARLES BALTET (RUE)";"48,2910700";"4,0704600"
"201900027495";"12";"11";"2019";"07:32";"1";"10";"10387";"2";"3";"1";"3";"GEORGES PARGEAS (RUE)";"48,2887500";"4,0759800"
"201900027496";"10";"11";"2019";"19:00";"3";"10";"10362";"1";"1";"1";"2";"ROCADE OUEST (RD 610)";"48,2953300";"4,0301300"
"201900027497";"12";"11";"2019";"16:50";"5";"6";"06088";"2";"1";"1";"3";"TURIN (RTE DE)";"43,7259800";"7,2868760"
"201900027498";"12";"11";"2019";"08:16";"1";"6";"06088";"2";"1";"1";"6";"GORBELLA (BD DE)";"43,7175780";"7,2568680"
"201900027499";"4";"11";"2019";"13:00";"1";"6";"06030";"2";"1";"1";"6";"FADES (CHEMIN DES)";"43,5756700";"6,9913500"
"201900027500";"12";"11";"2019";"04:35";"5";"3";"03185";"2";"3";"1";"6";"avenue de la République";"46,3478736";"2,5954328"
"201900027501";"10";"11";"2019";"04:40";"5";"75";"75105";"2";"1";"2";"6";"RUE DES FOSSES SAINT BERNARD";"48,8479120";"2,3539390"
"201900027502";"12";"11";"2019";"21:20";"5";"75";"75106";"2";"3";"1";"3";"RUE D ASSAS";"48,8448620";"2,3324180"
"201900027503";"12";"11";"2019";"08:15";"2";"75";"75120";"2";"4";"8";"6";"RUE DES PYRENEES";"48,8535370";"2,4058640"
"201900027504";"12";"11";"2019";"09:25";"1";"75";"75119";"2";"1";"8";"6";"RUE DE LA MARSEILLAISE";"48,8876900";"2,3980300"
"201900027505";"12";"11";"2019";"18:45";"5";"75";"75118";"2";"3";"2";"3";"RUE RAMEY";"48,8895110";"2,3461590"
"201900027506";"12";"11";"2019";"18:37";"5";"75";"75118";"2";"1";"1";"6";"BOULEVARD BARBES";"48,8848750";"2,3494971"
"201900027507";"12";"11";"2019";"14:15";"1";"75";"75118";"2";"2";"3";"6";"RUE DE LA CHAPELLE";"48,8920223";"2,3598577"
"201900027508";"12";"11";"2019";"09:20";"1";"75";"75117";"2";"7";"1";"6";"AVENUE GOURGAUD";"48,8853768";"2,2972799"
"201900027509";"12";"11";"2019";"06:10";"5";"75";"75117";"2";"2";"8";"7";"AVENUE DE LA PORTE DE CLICHY";"48,8962623";"2,3100055"
"201900027510";"11";"11";"2019";"21:15";"5";"75";"75117";"2";"5";"1";"6";"AVENUE DE LA PORTE D ASNIERES";"48,8922816";"2,3010361"
"201900027511";"12";"11";"2019";"15:30";"1";"75";"75116";"2";"2";"4";"6";"RUE CHARDON LAGACHE";"48,8472788";"2,2689128"
"201900027512";"10";"11";"2019";"22:30";"5";"75";"75116";"2";"1";"1";"6";"ALLEE DE LONGCHAMP";"48,8685960";"2,2534850"
"201900027513";"12";"11";"2019";"19:25";"5";"75";"75114";"2";"2";"1";"6";"AVENUE GEORGES LAFENESTRE";"48,8251030";"2,3112140"
"201900027514";"12";"11";"2019";"19:00";"5";"75";"75113";"2";"3";"8";"3";"AVENUE D ITALIE";"48,8283320";"2,3566100"
"201900027515";"12";"11";"2019";"12:53";"1";"75";"75113";"2";"1";"3";"3";"BOULEVARD DE L HOPITAL";"48,8373664";"2,3598781"
"201900027516";"12";"11";"2019";"07:24";"1";"75";"75109";"2";"2";"2";"3";"RUE GERANDO";"48,8823460";"2,3457180"
"201900027517";"12";"11";"2019";"22:00";"5";"75";"75108";"2";"2";"1";"3";"RUE DU FAUBOURG SAINT HONORE";"48,8728241";"2,3107557"
"201900027518";"12";"11";"2019";"16:05";"1";"75";"75108";"2";"7";"2";"7";"PLACE DE LA CONCORDE";"48,8667897";"2,3220956"
"201900027519";"12";"11";"2019";"14:40";"1";"75";"75108";"2";"2";"8";"3";"RUE DU GENERAL FOY";"48,8778790";"2,3181690"
"201900027520";"12";"11";"2019";"15:57";"1";"75";"75102";"2";"3";"1";"6";"RUE GRETRY";"48,8703320";"2,3372550"
"201900027521";"12";"11";"2019";"08:40";"1";"94";"94003";"2";"3";"1";"3";"CONVENTION (AV DE LA)";"48,8045100";"2,3363600"
"201900027522";"12";"11";"2019";"19:15";"3";"94";"94073";"2";"1";"1";"2";"LUXEMBOURG (AV DU)";"48,7594100";"2,3721800"
"201900027523";"12";"11";"2019";"12:30";"1";"94";"94073";"2";"1";"1";"6";"VERSAILLES (AV DE)";"48,7570100";"2,3885700"
"201900027524";"12";"11";"2019";"17:05";"5";"94";"94033";"2";"1";"1";"2";"RABELAIS (AV)";"48,8522300";"2,4792000"
"201900027525";"9";"11";"2019";"14:45";"1";"94";"94028";"2";"9";"1";"7";"BRECHE(AVENUE DE LA)";"48,7834700";"2,4546900"
"201900027526";"12";"11";"2019";"18:10";"5";"94";"94017";"2";"2";"2";"6";"LOUIS TALAMONI (R)";"48,8136200";"2,5103000"
"201900027527";"12";"11";"2019";"21:15";"5";"94";"94071";"2";"3";"1";"1";"BOISSY (R DE)";"48,7641000";"2,5254000"
"201900027528";"12";"11";"2019";"08:50";"2";"93";"93066";"2";"1";"8";"6";"COLONEL FABIEN (AVENUE)";"48,9453000";"2,3515200"
"201900027529";"12";"11";"2019";"20:50";"5";"93";"93064";"2";"3";"8";"3";"RHIN (RUE DU)";"48,8680940";"2,4979110"
"201900027530";"12";"11";"2019";"11:20";"1";"93";"93077";"2";"1";"1";"3";"RAINCY (AVENUE DU)";"48,8884600";"2,5103700"
"201900027531";"12";"11";"2019";"19:00";"5";"93";"93055";"2";"1";"2";"6";"DELIZY (DU 23 A FIN ET DU 20 A FIN)";"48,8900000";"2,4080000"
"201900027532";"12";"11";"2019";"13:30";"1";"93";"93032";"2";"2";"2";"3";"ROGER SALENGRO  (AVENUE)";"48,8724700";"2,5668600"
"201900027533";"12";"11";"2019";"03:10";"5";"93";"93048";"2";"1";"2";"6";"ROSNY (RUE DE)";"48,8621300";"2,4474100"
"201900027534";"12";"11";"2019";"21:30";"5";"93";"93031";"2";"1";"1";"6";"REPUBLIQUE (AVENUE)";"48,9520000";"2,3160000"
"201900027535";"12";"11";"2019";"16:15";"1";"93";"93008";"2";"1";"8";"2";"SEMARD (AVENUE PIERRE)";"48,9070000";"2,4440000"
"201900027536";"12";"11";"2019";"14:40";"1";"93";"93008";"2";"2";"2";"3";"MOSCOU (RUE DE)";"48,9095900";"2,4693800"
"201900027537";"12";"11";"2019";"20:10";"5";"93";"93005";"2";"1";"2";"1";"SAVIGNY (AVENUE DE)";"48,9501930";"2,5114980"
"201900027538";"12";"11";"2019";"07:25";"1";"93";"93005";"2";"1";"2";"6";"JACQUES DUCLOS [CD44] (RUE)";"48,9445800";"2,4957200"
"201900027539";"12";"11";"2019";"17:35";"5";"92";"92073";"2";"1";"2";"6";"SELLIER (BOULEVARD HENRI)";"48,8676700";"2,2216700"
"201900027540";"12";"11";"2019";"09:55";"1";"92";"92073";"2";"1";"1";"7";"SELLIER (BOULEVARD HENRI)";"48,8597800";"2,2146300"
"201900027541";"12";"11";"2019";"21:10";"5";"92";"92064";"2";"1";"1";"6";"POZZO DI BORGO";"48,8454290";"2,2164730"
"201900027542";"12";"11";"2019";"10:00";"1";"92";"92062";"2";"1";"1";"3";"GODEFROY (RUE) DU 1 AU 17";"48,8809310";"2,2427950"
"201900027543";"12";"11";"2019";"08:46";"1";"92";"92050";"2";"3";"2";"3";"COMMUNE DE PARIS AVENUE DE LA";"48,9035700";"2,2052600"
"201900027544";"11";"11";"2019";"13:05";"1";"92";"92050";"2";"1";"3";"2";"VIEUX PONT RUE DU";"48,8893820";"2,1864050"
"201900027545";"12";"11";"2019";"13:05";"1";"92";"92044";"2";"3";"2";"6";"ARISTIDE BRIAND(RUE)85 +  ET  98+";"48,8943994";"2,2929416"
"201900027546";"11";"12";"2019";"21:15";"5";"84";"84007";"2";"9";"1";"3";"C.De GAULLE (Rocade)";"43,9425900";"4,7934200"
"201900027547";"20";"12";"2019";"15:35";"5";"83";"83126";"2";"9";"6";"6";"EUROPE (BD DE L')";"43,1126800";"5,8580800"
"201900027548";"29";"11";"2019";"12:30";"1";"83";"83123";"1";"3";"1";"3";"GARE (ROUTE)";"43,1215300";"5,8203100"
"201900027549";"9";"12";"2019";"11:20";"1";"83";"83069";"2";"1";"1";"3";"TOULON (ROUTE DE)";"43,1262900";"6,0933600"
"201900027550";"2";"12";"2019";"23:00";"5";"81";"81163";"2";"9";"1";"6";"VITARELLE";"43,4909600";"2,3806700"
"201900027551";"20";"12";"2019";"16:40";"2";"77";"77514";"1";"1";"8";"2";"D84-COURTRY (ROUTE DE)";"48,9288355";"2,6029610"
"201900027552";"18";"12";"2019";"19:50";"5";"77";"77169";"1";"3";"1";"3";"D406 - BD CLOS DE L'AUMONE";"48,8261600";"2,6111200"
"201900027553";"18";"12";"2019";"10:30";"1";"77";"77251";"2";"1";"1";"6";"TRAIT D'UNION (AVENUE DU)";"48,6164860";"2,5438130"
"201900027554";"20";"12";"2019";"08:15";"5";"77";"77284";"2";"1";"2";"6";"PINTEVILLE (COURS)";"48,9605100";"2,8744800"
"201900027555";"20";"12";"2019";"21:45";"4";"74";"74008";"2";"3";"2";"7";"RAVIER (RUE)";"46,2005827";"6,2305047"
"201900027556";"17";"12";"2019";"20:45";"1";"74";"74118";"2";"1";"1";"3";"SALEVE (ROUTE DU)";"46,1769520";"6,2274570"
"201900027557";"19";"12";"2019";"08:40";"1";"74";"74012";"2";"1";"1";"3";"THONON (ROUTE DE)";"46,1954700";"6,2612500"
"201900027558";"19";"12";"2019";"06:08";"5";"74";"74012";"2";"3";"1";"4";"ARVE (QUAI D')";"46,1844900";"6,2286900"
"201900027559";"17";"12";"2019";"19:20";"5";"74";"74118";"2";"3";"1";"3";"DE GAULLE (RUE CHARLES)";"46,1656700";"6,1878500"
"201900027560";"16";"12";"2019";"08:30";"1";"74";"74012";"2";"1";"1";"6";"TANINGES (ROUTE DE)";"46,1913000";"6,2525800"
"201900027561";"19";"12";"2019";"23:10";"4";"73";"73087";"2";"1";"1";"3";"D1006  LYON (ROUTE DE)";"45,5606214";"5,8976904"
"201900027562";"16";"12";"2019";"14:15";"1";"72";"72181";"2";"3";"1";"6";"GLONNIERES (BD) N° PAIRS";"47,9713100";"0,2148800"
"201900027563";"20";"12";"2019";"07:20";"3";"67";"67218";"1";"9";"5";"2";"SCHEIDSTEIN (RUE DU)";"48,4996700";"7,7310700"
"201900027564";"19";"12";"2019";"22:47";"5";"67";"67482";"2";"1";"2";"6";"NANCY (BOULEVARD DE)";"48,5822000";"7,7327500"
"201900027565";"19";"12";"2019";"17:45";"1";"66";"66136";"2";"1";"1";"6";"FLANDRES/DUNKERQUE (CARREFOUR)";"42,6866500";"2,9072600"
"201900027566";"18";"12";"2019";"17:14";"1";"66";"66136";"2";"1";"1";"3";"CLEMENCEAU (BOULEVARD)";"42,7007300";"2,8913400"
"201900027567";"20";"12";"2019";"18:00";"5";"64";"64445";"2";"2";"3";"1";"DOYEN HENRY VIZIOZ DU";"43,3191860";" -0,3675053"
"201900027568";"18";"12";"2019";"16:05";"1";"64";"64284";"2";"2";"1";"3";"VALLEES DES";"43,2929700";" -0,3866600"
"201900027569";"18";"12";"2019";"15:05";"1";"64";"64348";"2";"9";"1";"3";"FRERES WRIGHT DES";"43,3483400";" -0,3801500"
"201900027570";"13";"12";"2019";"11:05";"1";"64";"64445";"2";"1";"6";"4";"OLOF PALME";"43,3359512";" -0,3636351"
"201900027571";"18";"12";"2019";"15:58";"1";"64";"64125";"2";"1";"1";"6";"BAYONNE (AVENUE DE)";"43,4478800";" -1,5730500"
"201900027572";"15";"12";"2019";"18:25";"5";"64";"64122";"2";"1";"1";"3";"BRAOU (AVENUE DU)";"43,4810100";" -1,5352000"
"201900027573";"20";"12";"2019";"15:35";"1";"64";"64102";"2";"2";"1";"3";"LOUIS DE FOIX (AVENUE)";"43,5045100";" -1,4673000"
"201900027574";"19";"12";"2019";"18:00";"5";"64";"64102";"2";"1";"1";"2";"HENRI DE NAVARRE (AVENUE)";"43,4993984";" -1,4468236"
"201900027575";"19";"12";"2019";"17:00";"1";"64";"64102";"2";"1";"1";"1";"MOUNEDE (AVENUE DE)";"43,4978500";" -1,4573500"
"201900027576";"19";"12";"2019";"16:15";"1";"64";"64102";"2";"1";"1";"6";"MAI 1945 (AVENUE DU 8)";"43,4653000";" -1,4956000"
"201900027577";"29";"11";"2019";"13:40";"1";"62";"62186";"2";"1";"1";"6";"HUGO (PL. VICTOR)";"50,2643300";"2,4317000"
"201900027578";"15";"12";"2019";"18:20";"5";"62";"62051";"2";"1";"1";"6";"CD 941";"50,5185400";"2,7849600"
"201900027579";"25";"11";"2019";"09:45";"1";"62";"62126";"2";"6";"1";"3";"CD 941";"50,5135560";"2,6819730"