"Num_Acc";"jour";"mois";"an";"hrmn";"lum";"dep";"com";"agg";"int";"atm";"col";"adr";"lat";"long"
"201900027580";"19";"12";"2019";"10:40";"1";"56";"56121";"2";"1";"3";"6";"DE GAULLE ( AVE DU GENERAL )";"47,7418500";" -3,3711400"
"201900027581";"9";"12";"2019";"17:20";"5";"54";"54528";"2";"1";"2";"7";"VICTOR HUGO (AVENUE)";"48,6764020";"5,8833880"
"201900027582";"21";"12";"2019";"01:20";"5";"54";"54274";"2";"4";"1";"1";"FAURE (RUE GABRIEL)";"48,6745770";"6,2060870"
"201900027583";"20";"12";"2019";"17:45";"5";"54";"54357";"2";"1";"1";"3";"METZ (ROUTE DE)";"48,7052890";"6,1687500"
"201900027584";"19";"12";"2019";"17:45";"1";"54";"54547";"2";"1";"1";"3";"GEMBLOUX (RUE DE)";"48,6629170";"6,1761420"
"201900027585";"19";"12";"2019";"09:40";"1";"53";"53130";"2";"1";"1";"3";"COUBERTIN ( AVENUE PIERRE DE )";"48,0814600";" -0,7574000"
"201900027586";"19";"12";"2019";"21:40";"3";"52";"52448";"1";"1";"1";"6";"TROIS FONTAINES (ROUTE DE)";"48,6616511";"4,9446288"
"201900027587";"20";"12";"2019";"15:35";"1";"51";"51454";"2";"2";"1";"3";"RUE DE CERNAY";"49,2578240";"4,0525731"
"201900027588";"20";"12";"2019";"08:30";"5";"51";"51454";"2";"4";"3";"7";"RUE PIERRE MEHAULT";"49,2261612";"4,0293642"
"201900027589";"20";"12";"2019";"07:40";"5";"51";"51454";"2";"4";"2";"7";"RUE DE COURCELLES";"49,2624048";"4,0174076"
"201900027590";"20";"12";"2019";"07:30";"5";"51";"51454";"2";"1";"3";"7";"AVENUE FRANCOIS MAURIAC";"49,2429539";"3,9998257"
"201900027591";"20";"12";"2019";"07:35";"5";"51";"51230";"2";"6";"3";"7";"RUE EUGENE MERCIER";"49,0434200";"3,9568600"
"201900027592";"18";"12";"2019";"13:30";"1";"50";"50602";"1";"3";"1";"3";"VAL CANU (RUE DU)";"49,6379250";" -1,5456250"
"201900027593";"19";"12";"2019";"19:01";"5";"49";"49015";"2";"1";"1";"1";"LYAUTEY AVENUE DU MARECHAL";"47,4939600";" -0,5806200"
"201900027594";"18";"12";"2019";"13:00";"1";"49";"49007";"2";"1";"1";"3";"CHURCHILL AVENUE ET SQUARE";"47,4512000";" -0,5570600"
"201900027595";"18";"12";"2019";"09:19";"1";"49";"49007";"2";"1";"1";"3";"LA ROCHEFOUCAULT PLACE";"47,4751400";" -0,5591100"
"201900027596";"18";"12";"2019";"08:39";"1";"49";"49007";"2";"1";"1";"6";"STRASBOURG BOULEVARD";"47,4559500";" -0,5511500"
"201900027597";"17";"12";"2019";"11:05";"1";"49";"49007";"2";"1";"1";"6";"LANDE";"47,4757800";" -0,5939100"
"201900027598";"17";"12";"2019";"20:16";"5";"49";"49007";"2";"1";"1";"3";"MOULIN BOULEVARD";"47,4922200";" -0,5516900"
"201900027599";"17";"12";"2019";"07:45";"2";"49";"49353";"2";"1";"1";"6";"VAILLANT";"47,4478500";" -0,4853400"
"201900027600";"15";"12";"2019";"06:40";"3";"49";"49007";"2";"1";"2";"3";"MOULIN BOULEVARD";"47,4909500";" -0,5628200"
"201900027601";"17";"12";"2019";"19:00";"3";"45";"45068";"1";"1";"3";"7";"RD 2007 PR17+0";"48,0166060";"2,7406710"
"201900027602";"16";"12";"2019";"18:21";"5";"45";"45068";"2";"1";"1";"6";"RUE DE VILLEMANDEUR";"48,0096790";"2,7184100"
"201900027603";"19";"12";"2019";"07:45";"2";"44";"44184";"2";"1";"2";"6";"RD 492 DU RP OCÉANIS AU RP EINSTEIN";"47,2579600";" -2,2670900"
"201900027604";"20";"12";"2019";"17:00";"1";"44";"44109";"2";"1";"2";"3";"RUE DE LA HAUTE FORET";"47,2340000";" -1,5560800"
"201900027605";"20";"12";"2019";"12:35";"1";"44";"44109";"2";"1";"1";"3";"ROUTE DE VERTOU";"47,1846000";" -1,5246000"
"201900027606";"20";"12";"2019";"06:55";"5";"44";"44162";"2";"1";"2";"7";"BOULEVARD DE LA BAULE";"47,2140951";" -1,6366979"
"201900027607";"20";"12";"2019";"00:45";"5";"44";"44109";"2";"1";"3";"6";"PONT ANNE DE BRETAGNE";"47,2081900";" -1,5659300"
"201900027608";"20";"12";"2019";"19:30";"3";"43";"43157";"2";"1";"1";"6";"ROUCHON (SQUARE ULYSSE)";"45,0407800";"3,8822900"
"201900027609";"13";"12";"2019";"07:38";"5";"42";"42305";"2";"6";"2";"1";"ROSTAND JEAN (BOULEVARD)";"45,4729500";"4,4407600"
"201900027610";"20";"12";"2019";"15:35";"1";"42";"42184";"2";"1";"1";"6";"DUBREIL   PIERRE   (RUE)";"46,0502800";"4,0451300"
"201900027611";"20";"12";"2019";"08:25";"3";"41";"41269";"2";"1";"1";"6";"MADELEINE (PLACE DE LA)";"47,7941500";"1,0649100"
"201900027612";"19";"12";"2019";"15:50";"1";"37";"37195";"2";"1";"1";"3";"MAIRIE (RUE DE LA)";"47,3877100";"0,6568600"
"201900027613";"18";"12";"2019";"07:50";"5";"37";"37214";"2";"3";"1";"6";"REPUBLIQUE (AVENUE DE LA)";"47,4045700";"0,6698400"
"201900027614";"20";"12";"2019";"17:25";"5";"35";"35238";"2";"1";"2";"6";"ESPAGNE (D')";"48,0866000";" -1,6733000"
"201900027615";"20";"12";"2019";"08:15";"1";"34";"34172";"2";"1";"2";"2";"AGROPOLIS (AVENUE)";"43,6440200";"3,8707880"
"201900027616";"20";"12";"2019";"17:40";"5";"33";"33522";"2";"2";"1";"3";"TREMEUGE (RUE DE)";"44,8025000";" -0,5871500"
"201900027617";"20";"12";"2019";"18:20";"5";"33";"33318";"2";"1";"1";"6";"SAIGE (AVE DE)";"44,7933700";" -0,6316400"
"201900027618";"20";"12";"2019";"11:50";"1";"33";"33281";"1";"1";"1";"5";"AVE DE L'ARGONNE";"44,8133400";" -0,7184000"
"201900027619";"20";"12";"2019";"08:05";"2";"33";"33167";"2";"1";"2";"3";"QUAI DE LA SOUYS";"44,8231500";" -0,5324600"
"201900027620";"20";"12";"2019";"08:30";"1";"33";"33522";"2";"6";"1";"6";"AVE DE LA GARE";"44,8175600";" -0,6004800"
"201900027621";"20";"12";"2019";"01:50";"5";"33";"33063";"2";"1";"3";"5";"PONT DE PIERRE";"44,8384000";" -0,5630100"
"201900027622";"19";"12";"2019";"15:50";"1";"33";"33192";"2";"3";"1";"1";"ALL GASTON RODRIGUES";"44,7716600";" -0,6094900"
"201900027623";"15";"12";"2019";"20:20";"3";"33";"33550";"1";"1";"1";"5";"CHEM DE LA CAMINASSE";"44,7691400";" -0,5284900"
"201900027624";"18";"12";"2019";"14:55";"1";"32";"32013";"2";"1";"9";"6";"HOCHE (AVENUE)";"43,6468200";"0,5902400"
"201900027625";"17";"12";"2019";"08:05";"2";"32";"32013";"2";"1";"1";"3";"MARCEL PROUST";"43,6390500";"0,5967400"
"201900027626";"16";"12";"2019";"19:00";"5";"32";"32013";"2";"2";"8";"6";"CORPS FRANC POMMIES (AVENUE DU)";"43,6292900";"0,5799300"
"201900027627";"20";"12";"2019";"07:55";"5";"31";"31149";"2";"2";"1";"3";"TOURNEFEUILLE (ROUTE DE)";"43,5918943";"1,3464299"
"201900027628";"19";"12";"2019";"21:50";"5";"31";"31555";"2";"2";"1";"3";"AV DE LYON";"43,6141043";"1,4509839"
"201900027629";"20";"12";"2019";"07:30";"5";"29";"29232";"2";"1";"3";"3";"ODET QUAI DE L'";"47,9925000";" -4,1088500"
"201900027630";"19";"12";"2019";"18:00";"5";"28";"28134";"2";"1";"1";"3";"ORIELS (PLACE DES)";"48,7378300";"1,3897400"
"201900027631";"20";"12";"2019";"11:10";"1";"27";"27229";"2";"1";"2";"2";"VERNON (RUE DE)";"49,0302260";"1,1616560"
"201900027632";"18";"12";"2019";"11:40";"1";"26";"26362";"2";"1";"1";"1";"PONT DES ANGLAIS A LA MOTTE CHEMIN DU";"44,8968610";"4,8790210"
"201900027633";"20";"12";"2019";"21:15";"5";"26";"26281";"1";"1";"9";"7";"DEPORTATION (AVENUE DE LA)";"45,0540050";"5,1003350"
"201900027634";"19";"12";"2019";"13:20";"1";"22";"22187";"2";"2";"2";"3";"CHALUTIER SANS PITIE (Avenue du)";"48,5301490";" -2,7647280"
"201900027635";"20";"12";"2019";"09:40";"1";"19";"19031";"2";"1";"1";"6";"QUATORZE JUILLET (AVENUE DU)";"45,1614270";"1,5340287"
"201900027636";"19";"12";"2019";"19:40";"5";"19";"19031";"2";"1";"1";"6";"PARIS (AVENUE DE)";"45,1620400";"1,5326700"
"201900027637";"20";"12";"2019";"02:16";"5";"18";"18033";"2";"1";"1";"6";"MIRPIED (PLACE HENRI)";"47,0866400";"2,3927600"
"201900027638";"19";"12";"2019";"18:05";"3";"17";"17333";"1";"1";"6";"2";"EXPRESS (voie)";"45,5955290";" -0,9753650"
"201900027639";"20";"12";"2019";"19:30";"3";"17";"17274";"2";"1";"3";"6";"MOUETTES   RUE DES";"46,1505600";" -1,0846700"
"201900027640";"20";"12";"2019";"12:40";"1";"17";"17300";"2";"6";"1";"3";"COGNEHORS   BOULEVARD DE (95)";"46,1675800";" -1,1400000"
"201900027641";"28";"11";"2019";"17:56";"5";"17";"17274";"2";"1";"2";"2";"GRANDE RUE   RUE";"46,1532200";" -1,0996900"
"201900027642";"28";"11";"2019";"08:00";"2";"17";"17300";"2";"1";"2";"3";"DAME HILAIRE   COURS";"46,1673800";" -1,1793100"
"201900027643";"20";"12";"2019";"12:00";"1";"14";"14383";"2";"1";"1";"1";"R.D. 405";"49,1569600";" -0,4131700"
"201900027644";"20";"12";"2019";"11:49";"1";"13";"13207";"2";"2";"3";"3";"Corniche John Fitzgérald Kennedy";"43,2883500";"5,3530000"
"201900027645";"20";"12";"2019";"11:15";"1";"13";"13212";"2";"1";"3";"3";"AIGUILLETTE (RUE DE L')";"43,3140900";"5,4279700"
"201900027646";"20";"12";"2019";"08:00";"1";"13";"13209";"2";"1";"2";"3";"FLORALIA (Rue)";"43,2428570";"5,3925710"
"201900027647";"20";"12";"2019";"08:55";"1";"13";"13201";"2";"1";"3";"6";"RIVE NEUVE (QUAI DE)";"43,2927168";"5,3679885"
"201900027648";"20";"12";"2019";"08:00";"2";"13";"13212";"2";"1";"3";"3";"MONTOLIVET (TRAVERSE DE)";"43,3115000";"5,4097800"
"201900027649";"19";"12";"2019";"11:45";"1";"13";"13210";"2";"1";"1";"3";"PONT DE VIVAUX (BOULEVARD)";"43,2804000";"5,4197000"
"201900027650";"18";"12";"2019";"14:00";"1";"13";"13210";"2";"1";"1";"6";"ROMAIN ROLLAND (BOULEVARD)";"43,2795400";"5,4235900"
"201900027651";"20";"12";"2019";"18:15";"5";"13";"13028";"2";"1";"2";"6";"ROVARCH (AVENUE PIERRE)";"43,1918840";"5,6173380"
"201900027652";"20";"12";"2019";"16:18";"2";"13";"13005";"2";"1";"2";"7";"NATIONALE 8";"43,2916450";"5,5612580"
"201900027653";"19";"12";"2019";"18:00";"5";"13";"13001";"2";"2";"1";"3";"ST EXUPERY (RUE)";"43,5196220";"5,4322870"
"201900027654";"18";"12";"2019";"12:15";"1";"11";"11069";"1";"1";"1";"7";"VILLEMOUSTAUSSOU -ROUTE DE-";"43,2340700";"2,3626300"
"201900027655";"18";"12";"2019";"18:48";"5";"10";"10387";"2";"2";"1";"3";"VEON A L'ANE (RUE)";"48,2911200";"4,1033300"
"201900027656";"18";"12";"2019";"19:25";"5";"10";"10387";"2";"3";"8";"3";"PIERRE BROSSOLETTE (RUE)";"48,2851700";"4,0779800"
"201900027657";"19";"12";"2019";"18:25";"5";"9";"09122";"2";"1";"1";"4";"ESPAGNE (ROUTE D')";"42,9515620";"1,6243010"
"201900027658";"19";"12";"2019";"18:50";"5";"6";"06069";"2";"9";"2";"3";"AURIBEAU (ROUTE D') -D609-";"43,6380966";"6,9100329"
"201900027659";"18";"12";"2019";"07:30";"5";"3";"03310";"2";"2";"1";"3";"avenue de Gramont";"46,1305031";"3,4331910"
"201900027660";"18";"12";"2019";"10:20";"1";"2";"02168";"2";"3";"1";"6";"COUTELLIER (QUAI)";"49,0411400";"3,4037100"
"201900027661";"19";"12";"2019";"22:45";"5";"75";"75118";"2";"1";"2";"6";"BD PERIPHERIQUE INTERIEUR";"48,9008520";"2,3433602"
"201900027662";"20";"12";"2019";"10:07";"1";"75";"75110";"2";"2";"1";"3";"RUE DU FAUBOURG SAINT DENIS";"48,8793140";"2,3570980"
"201900027663";"17";"12";"2019";"08:15";"1";"75";"75117";"2";"7";"1";"3";"AVENUE DE VILLIERS";"48,8850200";"2,2966470"
"201900027664";"19";"12";"2019";"13:00";"1";"75";"75120";"2";"1";"1";"3";"RUE DES PYRENEES";"48,8624780";"2,4000343"
"201900027665";"20";"12";"2019";"09:35";"1";"75";"75119";"2";"1";"2";"3";"RUE DE CRIMEE";"48,8788863";"2,3902794"
"201900027666";"20";"12";"2019";"06:00";"5";"75";"75119";"2";"2";"3";"3";"BOULEVARD MACDONALD";"48,8989240";"2,3822500"
"201900027667";"19";"12";"2019";"14:55";"1";"75";"75110";"2";"1";"1";"6";"RUE DU FAUBOURG SAINT MARTIN";"48,8773680";"2,3613120"
"201900027668";"20";"12";"2019";"16:50";"5";"75";"75119";"2";"2";"1";"6";"BOULEVARD NEY";"48,8987291";"2,3703754"
"201900027669";"19";"12";"2019";"22:15";"5";"75";"75119";"2";"1";"2";"3";"RUE D AUBERVILLIERS";"48,8982870";"2,3704890"
"201900027670";"20";"12";"2019";"10:59";"1";"75";"75116";"2";"2";"1";"6";"AVENUE RAYMOND POINCARE";"48,8662370";"2,2862130"
"201900027671";"20";"12";"2019";"00:30";"5";"75";"75117";"2";"2";"3";"6";"AVENUE DE LA GRANDE ARMEE";"48,8744260";"2,2929960"
"201900027672";"20";"12";"2019";"12:10";"1";"75";"75115";"2";"2";"8";"6";"RUE SAINT AMAND";"48,8344380";"2,3085049"
"201900027673";"20";"12";"2019";"09:50";"1";"75";"75115";"2";"1";"8";"3";"RUE LECOURBE";"48,8375120";"2,2853710"
"201900027674";"20";"12";"2019";"00:01";"5";"75";"75114";"2";"2";"2";"6";"RUE VERCINGETORIX";"48,8327430";"2,3115280"
"201900027675";"20";"12";"2019";"20:00";"5";"75";"75113";"2";"2";"1";"6";"BOULEVARD ARAGO";"48,8349550";"2,3449960"
"201900027676";"19";"12";"2019";"10:25";"1";"75";"75112";"2";"3";"2";"3";"AVENUE DAUMESNIL";"48,8384490";"2,3986830"
"201900027677";"20";"12";"2019";"19:05";"5";"75";"75111";"2";"1";"1";"3";"BOULEVARD VOLTAIRE";"48,8591990";"2,3777780"
"201900027678";"20";"12";"2019";"14:15";"1";"75";"75111";"2";"1";"1";"6";"BOULEVARD VOLTAIRE";"48,8569880";"2,3814900"
"201900027679";"20";"12";"2019";"16:30";"2";"75";"75108";"2";"4";"1";"6";"AVENUE GEORGE V";"48,8699311";"2,3010090"
"201900027680";"20";"12";"2019";"09:25";"1";"75";"75108";"2";"7";"2";"6";"PLACE DE LA CONCORDE";"48,8644080";"2,3217900"
"201900027681";"20";"12";"2019";"07:50";"5";"75";"75108";"2";"1";"2";"6";"RUE ANDRIEUX";"48,8813910";"2,3189410"
"201900027682";"19";"12";"2019";"12:30";"1";"75";"75108";"2";"7";"2";"3";"AVENUE WINSTON CHURCHILL";"48,8671180";"2,3139440"
"201900027683";"20";"12";"2019";"10:45";"1";"75";"75107";"2";"1";"8";"3";"QUAI VOLTAIRE";"48,8588441";"2,3314485"
"201900027684";"19";"12";"2019";"09:05";"1";"75";"75107";"2";"5";"1";"6";"BOULEVARD RASPAIL";"48,8560600";"2,3258950"
"201900027685";"20";"12";"2019";"04:55";"5";"75";"75105";"2";"1";"3";"7";"BOULEVARD SAINT MARTIN";"48,8495098";"2,3532066"
"201900027686";"20";"12";"2019";"07:55";"2";"75";"75102";"2";"1";"2";"3";"RUE DE GRAMONT";"48,8708478";"2,3369398"
"201900027687";"20";"12";"2019";"06:10";"5";"75";"75111";"2";"3";"3";"6";"BOULEVARD BEAUMARCHAIS";"48,8569350";"2,3682460"
"201900027688";"20";"12";"2019";"12:00";"1";"94";"94068";"2";"3";"1";"3";"PONT DE CRETEIL (R DU)";"48,8030000";"2,4710000"
"201900027689";"19";"12";"2019";"23:20";"5";"94";"94068";"2";"3";"2";"2";"FOCH (AV)";"48,7991000";"2,4998000"
"201900027690";"19";"12";"2019";"14:45";"1";"94";"94052";"2";"3";"1";"4";"STRASBOURG (BD DE)";"48,8426000";"2,4848100"
"201900027691";"20";"12";"2019";"17:24";"5";"94";"94046";"2";"1";"1";"6";"MARCEAU (R)";"48,7999000";"2,4340500"
"201900027692";"17";"12";"2019";"13:20";"1";"94";"94073";"2";"2";"1";"1";"REGNAULT LEROY (R)";"48,7624500";"2,3935500"
"201900027693";"20";"12";"2019";"16:10";"1";"94";"94028";"2";"1";"1";"6";"MATISSE(RUE HENRI)";"48,7828000";"2,4627000"
"201900027694";"20";"12";"2019";"15:45";"1";"94";"94028";"2";"9";"1";"2";"FOCH(AVENUE DU MARECHAL)";"48,7843300";"2,4368800"
"201900027695";"20";"12";"2019";"12:10";"1";"94";"94028";"2";"1";"1";"6";"HABETTE(AVENUE ET PLACE DE LA)";"48,7738500";"2,4636700"
"201900027696";"20";"12";"2019";"11:40";"1";"94";"94028";"2";"1";"1";"6";"GAULLE(AVENUE DU GENERAL DE)";"48,7882600";"2,4463100"
"201900027697";"20";"12";"2019";"12:40";"1";"94";"94022";"2";"1";"1";"3";"JEAN JAURES (R)";"48,7656000";"2,4000000"
"201900027698";"20";"12";"2019";"08:05";"2";"94";"94054";"2";"1";"2";"3";"MARTYRS DE CHATEAUBRIANT (AV DES)";"48,7400000";"2,4000000"
"201900027699";"20";"12";"2019";"16:15";"1";"94";"94018";"2";"2";"1";"6";"PARIS (R DE)";"48,8246501";"2,4088495"
"201900027700";"20";"12";"2019";"07:50";"2";"94";"94017";"2";"1";"3";"1";"GALLIENI (QU)";"48,8116653";"2,4917591"
"201900027701";"20";"12";"2019";"06:15";"5";"94";"94071";"2";"3";"3";"6";"GENERAL LECLERC (R DU)";"48,7808000";"2,5122000"
"201900027702";"20";"12";"2019";"09:45";"1";"94";"94002";"2";"1";"1";"7";"JEAN BAPTISTE CLEMENT (QU)";"48,7943300";"2,4230800"
"201900027703";"20";"12";"2019";"09:20";"1";"93";"93078";"2";"1";"2";"6";"BALLANGER (BD ROBERT)";"48,9545200";"2,5359600"
"201900027704";"20";"12";"2019";"16:05";"1";"93";"93072";"2";"1";"2";"2";"MAXIME GORKI (BOULEVARD) DES N°89 A ...";"48,9481300";"2,3864200"
"201900027705";"20";"12";"2019";"08:45";"1";"93";"93070";"2";"2";"2";"6";"DOCTEUR BAUER(RUE DU) :N° 1 AU 73";"48,9121300";"2,3353400"
"201900027706";"15";"12";"2019";"18:30";"5";"93";"93066";"2";"1";"1";"4";"""STALINGRAD (AVENUE), NR 88 A 114 BIS""";"48,9466100";"2,3700400"
"201900027707";"20";"12";"2019";"16:10";"1";"93";"93064";"2";"1";"8";"6";"PERI (BOULEVARD GABRIEL)  0 - 37 / 42";"48,8773140";"2,4781460"
"201900027708";"19";"12";"2019";"13:30";"1";"93";"93053";"2";"3";"2";"2";"PARIS (RUE DE)";"48,8985200";"2,4426400"
"201900027709";"20";"12";"2019";"05:10";"3";"93";"93063";"2";"3";"3";"1";"LENINE AVENUE";"48,8831910";"2,4268410"
"201900027710";"17";"12";"2019";"14:30";"1";"93";"93063";"2";"2";"1";"6";"BARBUSSE HENRI BOULEVARD";"48,8812000";"2,4410900"
"201900027711";"20";"12";"2019";"17:00";"2";"93";"93031";"2";"1";"8";"6";"LEON BLUM (AVENUE)";"48,9588200";"2,3128200"
"201900027712";"20";"12";"2019";"08:00";"2";"93";"93007";"2";"3";"2";"3";"ARISTIDE BRIAND     Z2 (DU 148 AU 232)";"48,9445730";"2,4484120"
"201900027713";"20";"12";"2019";"00:14";"5";"92";"92051";"2";"6";"2";"3";"CHARLES DE GAULLE (AVENUE,N°118 A 192 +";"48,8818900";"2,2687200"
"201900027714";"18";"12";"2019";"11:25";"1";"92";"92050";"2";"1";"1";"2";"LENINE VLADIMIR ILITCH AVENUE";"48,8882200";"2,1919300"
"201900027715";"20";"12";"2019";"17:58";"3";"92";"92048";"2";"1";"8";"1";"ROYALE (ROUTE)";"48,8021800";"2,2178500"
"201900027716";"20";"12";"2019";"12:00";"1";"92";"92048";"2";"1";"1";"7";"GARDES (ROUTE DES) N° 2 A 12";"48,8188619";"2,2416226"
"201900027717";"20";"12";"2019";"11:52";"1";"92";"92048";"2";"1";"2";"7";"VAUGIRARD (RUE DE)";"48,8196300";"2,2427700"
"201900027718";"20";"12";"2019";"07:45";"5";"92";"92062";"2";"1";"2";"3";"JEAN MOULIN (AVENUE)";"48,8872800";"2,2401200"
"201900027719";"20";"12";"2019";"21:00";"3";"92";"92026";"2";"1";"1";"3";"JOFFRE";"48,8992200";"2,2712000"
"201900027720";"20";"12";"2019";"16:50";"5";"92";"92026";"2";"2";"1";"3";"COURBEVOIE (PONT DE)";"48,8967700";"2,2647200"
"201900027721";"19";"12";"2019";"13:10";"1";"92";"92026";"2";"1";"1";"2";"VERDUN (DE 01 A 61)";"48,8994900";"2,2616900"
"201900027722";"20";"12";"2019";"09:50";"1";"92";"92023";"2";"1";"1";"3";"GAMBETTA (RUE)";"48,8103200";"2,2681100"
"201900027723";"8";"10";"2019";"09:10";"1";"75";"75120";"2";"3";"2";"3";"AVENUE GAMBETTA";"48,8638107";"2,3910898"
"201900027724";"8";"10";"2019";"18:05";"5";"75";"75120";"2";"3";"1";"6";"RUE DE BAGNOLET";"48,8567458";"2,3959878"
"201900027725";"8";"10";"2019";"12:50";"1";"75";"75119";"2";"3";"2";"3";"BOULEVARD SERURIER";"48,8857674";"2,3943731"
"201900027726";"7";"10";"2019";"12:20";"1";"75";"75119";"2";"2";"1";"3";"AVENUE DE LA PORTE DE PANTIN";"48,8899240";"2,3974950"
"201900027727";"8";"10";"2019";"16:15";"1";"75";"75116";"2";"1";"2";"3";"AVENUE DE MALAKOFF";"48,8754142";"2,2838560"
"201900027728";"8";"10";"2019";"00:55";"4";"75";"75116";"2";"3";"2";"6";"BOULEVARD MURAT";"48,8414617";"2,2561197"
"201900027729";"7";"10";"2019";"09:10";"1";"75";"75116";"2";"5";"1";"2";"AVENUE EDOUARD VAILLANT";"48,8365132";"2,2559578"
"201900027730";"8";"10";"2019";"19:25";"5";"75";"75115";"2";"5";"1";"6";"BOULEVARD DU MONTPARNASSE";"48,8450978";"2,3201241"
"201900027731";"8";"10";"2019";"07:55";"1";"75";"75114";"2";"1";"3";"3";"AVENUE DENFERT ROCHEREAU";"48,8355242";"2,3334834"
"201900027732";"8";"10";"2019";"02:15";"5";"75";"75114";"2";"4";"2";"3";"AVENUE DE LA PORTE D ORLEANS";"48,8202492";"2,3257383"
"201900027733";"7";"10";"2019";"17:45";"1";"75";"75114";"2";"4";"1";"5";"AVENUE DU MAINE";"48,8291086";"2,3263565"
"201900027734";"8";"10";"2019";"10:50";"1";"75";"75113";"2";"1";"3";"3";"BOULEVARD MASSENA";"48,8209193";"2,3670079"
"201900027735";"8";"10";"2019";"07:05";"5";"75";"75113";"2";"7";"2";"2";"RUE DE TOLBIAC";"48,8264144";"2,3420051"
"201900027736";"8";"10";"2019";"11:45";"1";"75";"75112";"2";"1";"2";"6";"BOULEVARD DIDEROT";"48,8474303";"2,3875487"
"201900027737";"6";"10";"2019";"05:00";"5";"75";"75111";"2";"2";"1";"3";"BOULEVARD RICHARD LENOIR";"48,8640010";"2,3706883"
"201900027738";"8";"10";"2019";"09:53";"1";"75";"75111";"2";"4";"2";"3";"AVENUE DE LA REPUBLIQUE";"48,8637941";"2,3822944"
"201900027739";"8";"10";"2019";"17:20";"1";"75";"75119";"2";"7";"3";"3";"PLACE DE LA BATAILLE DE STALINGRAD";"48,8836114";"2,3689631"
"201900027740";"8";"10";"2019";"19:00";"2";"75";"75108";"2";"2";"2";"7";"PLACE DE LA CONCORDE";"48,8658800";"2,3199000"
"201900027741";"8";"10";"2019";"15:00";"1";"75";"75104";"2";"2";"2";"7";"BOULEVARD HENRI IV";"48,8526091";"2,3673700"
"201900027742";"7";"10";"2019";"12:55";"1";"94";"94081";"2";"1";"1";"3";"MARAT (R)";"48,7980300";"2,4085800"
"201900027743";"8";"10";"2019";"09:05";"2";"94";"94052";"2";"2";"2";"3";"STRASBOURG (BD DE)";"48,8381001";"2,4779037"
"201900027744";"8";"10";"2019";"08:30";"1";"94";"94052";"2";"2";"2";"6";"VAL DE BEAUTE (AV DU)";"48,8330054";"2,4832620"
"201900027745";"8";"10";"2019";"06:50";"2";"94";"94076";"2";"3";"2";"6";"GUY MOCQUET (R)";"48,7966253";"2,3583342"
"201900027746";"8";"10";"2019";"11:50";"1";"94";"94073";"2";"1";"2";"3";"PAVE DE GRIGNON (R DU)";"48,7565100";"2,3988500"
"201900027747";"7";"10";"2019";"12:30";"1";"94";"94034";"2";"1";"1";"3";"PARC MEDICIS (AV DU)";"48,7543000";"2,3359600"
"201900027748";"8";"10";"2019";"10:00";"1";"94";"94071";"2";"1";"2";"6";"CHAMPIGNY (R DE)";"48,7731000";"2,5105800"
"201900027749";"8";"10";"2019";"16:00";"1";"93";"93078";"2";"7";"2";"3";"LATERAL (CHEMIN)";"48,9444900";"2,5660300"
"201900027750";"8";"10";"2019";"12:25";"1";"93";"93072";"2";"3";"2";"2";"STALINGRAD (AVENUE DE) COTE DES N°51 AU";"48,9489000";"2,3806200"
"201900027751";"8";"10";"2019";"07:40";"5";"93";"93072";"2";"1";"2";"6";"STALINGRAD (AVENUE) DES N°2 AU N°100";"48,9480890";"2,3772600"
"201900027752";"8";"10";"2019";"08:10";"1";"93";"93072";"2";"1";"2";"4";"STALINGRAD (AVENUE DE) COTE DES N°51 AU";"48,9520400";"2,3884100"
"201900027753";"31";"5";"2019";"19:40";"1";"93";"93059";"2";"1";"1";"5";"LAENNEC (AVENUE)";"48,9621000";"2,3712000"
"201900027754";"8";"10";"2019";"13:15";"1";"93";"93062";"2";"2";"2";"3";"NICOLAS CARNOT (ALLEE)";"48,8905600";"2,5155000"
"201900027755";"8";"10";"2019";"09:05";"1";"93";"93077";"2";"1";"2";"2";"DETOUCHE (AVENUE)";"48,8867400";"2,5161000"
"201900027756";"8";"10";"2019";"16:10";"1";"93";"93048";"2";"1";"2";"3";"ROSNY (RUE DE)";"48,8651000";"2,4537900"
"201900027757";"8";"10";"2019";"10:10";"1";"93";"93048";"2";"2";"2";"3";"MARCEAU (RUE)";"48,8507000";"2,4263200"
"201900027758";"7";"10";"2019";"19:45";"5";"93";"93047";"2";"1";"1";"6";"TILLEULS  (AVENUE DES)";"48,8902059";"2,5611538"
"201900027759";"8";"10";"2019";"17:40";"1";"93";"93010";"2";"1";"2";"6";"REPUBLIQUE (PL. DE LA)";"48,8975720";"2,4784280"
"201900027760";"7";"10";"2019";"22:40";"5";"93";"93027";"2";"1";"1";"6";"CONVENTION (RUE DE LA)";"48,9270400";"2,3935700"
"201900027761";"8";"10";"2019";"11:05";"1";"93";"93007";"1";"1";"3";"2";"ALBERT EINSTEIN (AVENUE)";"48,9456500";"2,4710260"
"201900027762";"7";"10";"2019";"19:41";"5";"93";"93007";"2";"1";"1";"6";"""PIERRE SEMARD (PLACE """"COTE PAIRS"""")""";"48,9324800";"2,4776100"
"201900027763";"8";"10";"2019";"22:10";"5";"92";"92064";"2";"2";"1";"3";"PIGACHE";"48,8467100";"2,2078800"
"201900027764";"8";"10";"2019";"18:03";"2";"92";"92064";"2";"1";"1";"2";"MARECHAL JUIN";"48,8386735";"2,2215427"
"201900027765";"7";"10";"2019";"21:12";"5";"92";"92049";"2";"1";"2";"3";"BRIAND AVENUE ARISTIDE N°1 A 129";"48,8135600";"2,3260600"
"201900027766";"1";"8";"2019";"09:15";"1";"92";"92044";"2";"3";"1";"6";"LOUISE MICHEL(RUE) 41+ ET 39+";"48,8888328";"2,2877667"