"Num_Acc";"jour";"mois";"an";"hrmn";"lum";"dep";"com";"agg";"int";"atm";"col";"adr";"lat";"long"
"201900027767";"26";"2";"2019";"16:35";"1";"92";"92044";"2";"2";"1";"6";"RIVAY(RUE)25A39 ET 22A36TER";"48,8932908";"2,2903969"
"201900027768";"8";"10";"2019";"08:50";"1";"92";"92040";"2";"2";"2";"3";"ROUGET DE L'ISLE";"48,8290800";"2,2637600"
"201900027769";"8";"10";"2019";"14:30";"1";"92";"92035";"2";"1";"3";"6";"National ( boulevard )";"48,9073000";"2,2388642"
"201900027770";"8";"10";"2019";"18:00";"1";"92";"92062";"2";"1";"8";"3";"GALLIENI (BOULEVARD)";"48,8944242";"2,2372627"
"201900027771";"7";"10";"2019";"22:05";"5";"92";"92026";"2";"2";"2";"3";"PRÉSIDENT PAUL DOUMER (QUAI DU)";"48,8901105";"2,2562546"
"201900027772";"4";"10";"2019";"17:00";"1";"92";"92024";"2";"3";"1";"6";"MOZART (RUE)";"48,9036900";"2,3188500"
"201900027773";"8";"10";"2019";"18:00";"1";"92";"92004";"2";"1";"2";"6";"REDOUTE ( AVENUE DE LA  )";"48,9270816";"2,2739255"
"201900027774";"8";"10";"2019";"18:33";"1";"14";"14162";"1";"1";"1";"6";"D36";"48,9124250";" -0,5617420"
"201900027775";"8";"10";"2019";"18:25";"1";"2A";"2A249";"2";"1";"1";"6";"8 San Giuseppu";"41,6716270";"8,9108680"
"201900027776";"2";"10";"2019";"18:40";"1";"51";"51295";"1";"1";"1";"7";"55 RUE SAINT MARTIN";"48,7011840";"4,5312303"
"201900027777";"9";"10";"2019";"16:40";"1";"26";"26231";"2";"3";"1";"3";"D538";"45,0930030";"5,0477150"
"201900027778";"8";"10";"2019";"17:20";"1";"33";"33332";"1";"1";"1";"6";"Le Barrage";"45,0208900";" -0,0025300"
"201900027779";"9";"10";"2019";"07:30";"2";"7";"07191";"1";"1";"1";"4";"N/A";"44,5789570";"4,7072670"
"201900027780";"8";"10";"2019";"06:20";"3";"81";"81297";"1";"1";"1";"7";"Chemin de Bergols";"43,9177610";"2,0684170"
"201900027781";"9";"10";"2019";"06:40";"3";"77";"77128";"1";"1";"9";"4";"A4";"48,8803551";"2,8856146"
"201900027782";"9";"10";"2019";"12:40";"1";"11";"11041";"1";"3";"1";"3";"DÉPARTEMENTALE 607 - Route de St Pons";"43,3111990";"2,8579120"
"201900027783";"5";"10";"2019";"09:51";"1";"1";"01427";"2";"1";"1";"2";"6 Boulevard des Combattants";"45,9399730";"4,7808930"
"201900027784";"8";"10";"2019";"17:15";"1";"1";"01109";"1";"1";"1";"1";"route départementale 984";"46,1297030";"5,9013620"
"201900027785";"8";"10";"2019";"18:05";"1";"91";"91363";"2";"3";"2";"6";"Rue pasteur";"48,6422070";"2,2297530"
"201900027786";"6";"10";"2019";"08:20";"1";"54";"54103";"1";"1";"2";"2";"RD 603";"49,1339240";"5,9159180"
"201900027787";"9";"10";"2019";"16:25";"1";"22";"22391";"1";"2";"1";"3";"La Ville Es Rayes";"48,3584660";" -2,1667480"
"201900027788";"9";"10";"2019";"08:10";"1";"57";"57038";"1";"1";"8";"1";"D16";"49,4381390";"5,9484250"
"201900027789";"8";"10";"2019";"22:30";"3";"56";"56164";"1";"1";"2";"5";"RN 165";"47,6610480";" -2,8467320"
"201900027790";"9";"10";"2019";"11:30";"1";"77";"77223";"1";"2";"1";"3";"D213 X D76E";"48,4861848";"3,0897050"
"201900027791";"9";"10";"2019";"14:10";"1";"79";"79210";"1";"1";"9";"1";"N/A";"46,8573070";" -0,6465430"
"201900027792";"8";"10";"2019";"21:05";"3";"82";"82066";"1";"1";"1";"7";"Nouvet";"44,0161200";"1,4625460"
"201900027793";"8";"10";"2019";"13:28";"1";"65";"65074";"1";"1";"7";"6";"Route de Boulogne - Route Départementale 24 - pk 19+500";"43,2176230";"0,5202530"
"201900027794";"9";"10";"2019";"16:45";"1";"46";"46296";"1";"1";"1";"1";"D23, PK 16+400";"44,4452420";"1,2954830"
"201900027795";"9";"10";"2019";"07:20";"2";"34";"34104";"1";"1";"1";"7";"D136";"43,5629580";"3,2456960"
"201900027796";"8";"10";"2019";"14:00";"1";"25";"25349";"1";"1";"1";"5";"Niellans";"47,1618320";"6,4714940"
"201900027797";"5";"10";"2019";"18:05";"1";"38";"38543";"2";"3";"1";"6";"D1075";"45,6471230";"5,4912040"
"201900027798";"9";"10";"2019";"14:30";"1";"72";"72169";"1";"1";"1";"7";"Le Ruisselet";"47,9510180";"0,0374580"
"201900027799";"8";"10";"2019";"09:57";"1";"18";"18057";"1";"1";"1";"6";"D 943";"46,5579620";"2,2127210"
"201900027800";"5";"10";"2019";"14:50";"1";"30";"30267";"1";"3";"1";"2";"Départementale 907";"44,0028963";"4,0670320"
"201900027801";"8";"10";"2019";"17:50";"1";"10";"10240";"1";"9";"2";"7";"A5";"48,2711750";"3,9358300"
"201900027802";"10";"6";"2019";"09:30";"1";"987";"98738";"2";"1";"1";"7";"Zone Industrielle de la Punaruu";" -17,6184160";" -149,5708030"
"201900027803";"9";"10";"2019";"07:15";"2";"13";"13051";"1";"1";"8";"1";"Route Nationale 113";"43,5859940";"5,1295750"
"201900027804";"8";"10";"2019";"17:45";"1";"973";"97309";"2";"6";"1";"3";"rond point des ames claires";"4,9196080";" -52,2790670"
"201900027805";"4";"10";"2019";"19:20";"3";"6";"06018";"1";"1";"1";"3";"route de valbonne";"43,6364360";"7,0646890"
"201900027806";"16";"9";"2019";"09:30";"1";"987";"98715";"1";"1";"1";"6";"RDO - Pk  6,500";" -17,5845220";" -149,5685780"
"201900027807";"9";"10";"2019";"10:45";"1";"45";"45126";"1";"1";"8";"1";"D921 - PK 51 + 400";"47,8967780";"2,1280590"
"201900027808";"9";"10";"2019";"12:10";"1";"34";"34276";"2";"6";"1";"3";"avenue de montpellier";"43,7615430";"3,8634640"
"201900027809";"3";"10";"2019";"18:50";"2";"83";"83127";"1";"1";"1";"6";"1950 Route de Marseille";"43,2846830";"5,8392210"
"201900027810";"9";"10";"2019";"12:30";"1";"71";"71249";"1";"3";"1";"2";"Rue de Sermaisey";"46,6469200";"4,8591020"
"201900027811";"9";"10";"2019";"07:35";"2";"42";"42094";"2";"1";"2";"6";"3 Rue Victor de Laprade";"45,7441910";"4,2198030"
"201900027812";"8";"10";"2019";"17:15";"1";"7";"07323";"2";"3";"1";"3";"Route de Monsano";"44,9047510";"4,8223110"
"201900027813";"9";"10";"2019";"13:15";"1";"1";"01405";"2";"2";"2";"5";"Rue Principale";"46,1326660";"5,1649010"
"201900027814";"5";"10";"2019";"18:15";"1";"69";"69059";"2";"9";"1";"6";"Route de la Vallée";"45,8574500";"4,7072460"
"201900027815";"7";"10";"2019";"15:25";"1";"31";"31291";"1";"1";"1";"2";"ROUTE DÉPARTEMENTALE 65";"43,5852740";"1,2681570"
"201900027816";"8";"10";"2019";"16:00";"1";"33";"33159";"1";"2";"1";"3";"Intersection RD 137 - RD 136";"45,2394800";" -0,5714730"
"201900027817";"5";"10";"2019";"00:15";"3";"29";"29287";"1";"1";"1";"6";"Keremma";"48,6432218";" -4,2483348"
"201900027818";"3";"10";"2019";"17:20";"1";"29";"29046";"2";"9";"3";"6";"11 Boulevard Jean Moulin";"48,0816700";" -4,3311190"
"201900027819";"8";"10";"2019";"17:15";"1";"59";"59013";"2";"1";"1";"6";"35 rue pasteur";"50,6041980";"3,1888920"
"201900027820";"8";"10";"2019";"09:30";"1";"13";"13106";"1";"1";"1";"7";"A51-Sens Aix en Provence vers Marseille";"43,4052740";"5,3599610"
"201900027821";"8";"10";"2019";"08:13";"1";"13";"13055";"1";"1";"1";"4";"A507 sens Aubagne- Marseille";"43,3301600";"5,3984800"
"201900027822";"3";"10";"2019";"20:55";"4";"69";"69259";"1";"1";"1";"5";"RD383   11.750 A 14.250";"45,7226900";"4,8885200"
"201900027823";"7";"10";"2019";"11:35";"1";"67";"67389";"1";"1";"1";"2";"Autoroute A.4";"48,6492900";"7,7343570"
"201900027824";"8";"10";"2019";"20:10";"5";"33";"33550";"1";"9";"2";"4";"A630 - voie centrale";"44,7785700";" -0,5547500"
"201900027825";"8";"10";"2019";"07:40";"2";"33";"33167";"1";"1";"1";"3";"ROUTE NATIONALE 230";"44,8422700";" -0,5015200"
"201900027826";"8";"10";"2019";"16:30";"1";"91";"91174";"1";"1";"2";"2";"RN 104";"48,6125200";"2,4497800"
"201900027827";"8";"10";"2019";"09:50";"1";"91";"91064";"1";"1";"2";"5";"RN 118";"48,7495900";"2,2075200"
"201900027828";"8";"10";"2019";"09:20";"1";"91";"91434";"1";"1";"2";"2";"AUTOROUTE A6";"48,6681300";"2,3559200"
"201900027829";"7";"10";"2019";"17:00";"1";"91";"91161";"1";"1";"1";"7";"AUTOROUTE A6";"48,6942700";"2,3197000"
"201900027830";"7";"10";"2019";"14:20";"1";"94";"94037";"1";"1";"1";"3";"AUTOROUTE A6B";"48,8155000";"2,3565700"
"201900027831";"6";"10";"2019";"16:17";"1";"91";"91589";"1";"1";"1";"2";"AUTOROUTE A6";"48,6791600";"2,3342900"
"201900027832";"8";"10";"2019";"07:00";"3";"78";"78090";"1";"1";"3";"2";"A13";"48,9703960";"1,9025870"
"201900027833";"8";"10";"2019";"06:45";"3";"78";"78466";"1";"1";"3";"2";"A13";"48,9285060";"1,9889640"
"201900027834";"7";"10";"2019";"17:40";"1";"78";"78043";"1";"1";"1";"3";"A12 W";"48,8423640";"2,0977200"
"201900027835";"8";"10";"2019";"21:30";"4";"93";"93078";"1";"1";"2";"6";"AUTOROUTE A104";"48,9635200";"2,5216600"
"201900027836";"8";"10";"2019";"12:45";"1";"95";"95394";"1";"1";"2";"6";"AUTOROUTE A115";"49,0521500";"2,1834200"
"201900027837";"8";"10";"2019";"11:00";"1";"93";"93007";"1";"1";"3";"2";"AUTOROUTE A1";"48,9435200";"2,4354200"
"201900027838";"8";"10";"2019";"06:00";"3";"92";"92036";"1";"1";"2";"5";"AUTOROUTE A86";"48,9340525";"2,3205366"
"201900027839";"7";"10";"2019";"18:50";"2";"92";"92078";"1";"1";"1";"2";"A86";"48,9298700";"2,3271400"
"201900027840";"6";"10";"2019";"10:45";"1";"45";"45068";"2";"1";"2";"6";"RUE SAINT JUST";"48,0036135";"2,7175632"
"201900027841";"6";"10";"2019";"08:00";"2";"45";"45004";"1";"1";"2";"6";"Bretelle D2007-D2060";"47,9831142";"2,7432266"
"201900027842";"6";"10";"2019";"12:37";"1";"41";"41018";"2";"1";"1";"6";"VERDUN (AVENUE DE)";"47,5981100";"1,3509000"
"201900027843";"6";"10";"2019";"12:36";"1";"13";"13203";"2";"2";"1";"3";"MIRABEAU (BOULEVARD)";"43,3140440";"5,3689640"
"201900027844";"6";"10";"2019";"08:45";"1";"13";"13203";"2";"1";"1";"2";"PLOMBIERES (BOULEVARD DES)";"43,3203200";"5,3776870"
"201900027845";"7";"10";"2019";"12:20";"1";"93";"93001";"2";"2";"1";"6";"FELIX FAURE (BLD) => 121";"48,9083468";"2,3782872"
"201900027846";"7";"10";"2019";"09:40";"1";"976";"97611";"2";"1";"1";"6";"m'tsapere-Nationale 2 (route)";" -12,7928600";"45,2175700"
"201900027847";"7";"10";"2019";"20:00";"4";"973";"97302";"2";"1";"1";"3";"PREVOT (ERNEST)";"4,9322700";" -52,3326400"
"201900027848";"7";"10";"2019";"19:15";"5";"69";"69259";"2";"1";"1";"6";"IRENE JOLIOT CURIE                  (BD)";"45,7112800";"4,8822900"
"201900027849";"7";"10";"2019";"18:20";"1";"69";"69383";"2";"1";"1";"2";"LACASSAGNE                          (AV)";"45,7559800";"4,8641100"
"201900027850";"7";"10";"2019";"10:00";"1";"69";"69386";"2";"9";"1";"7";"LAFAYETTE                           (CO)";"45,7637500";"4,8617100"
"201900027851";"7";"10";"2019";"08:05";"1";"69";"69276";"1";"1";"1";"3";"DEPARTEMENTAL 12                        ";"45,6751700";"4,8487200"
"201900027852";"7";"10";"2019";"13:30";"1";"69";"69034";"2";"2";"1";"3";"STRASBOURG (DE)                     (RO)";"45,7910000";"4,8607100"
"201900027853";"7";"10";"2019";"10:45";"1";"69";"69382";"2";"2";"1";"3";"SMITH                               (R )";"45,7452500";"4,8245190"
"201900027854";"5";"10";"2019";"07:00";"5";"69";"69286";"2";"3";"1";"3";"ROUTE DE STRASBOURG D 483           (RO)";"45,8120000";"4,8864000"
"201900027855";"6";"10";"2019";"03:15";"5";"971";"97113";"2";"1";"1";"6";"RN4 - SECTION RIVIERA";"16,2184600";" -61,5011500"
"201900027856";"4";"10";"2019";"22:05";"5";"971";"97101";"2";"9";"1";"3";"BOULEVARD DES HEROS";"16,2479000";" -61,5274000"
"201900027857";"7";"10";"2019";"21:25";"5";"2A";"2A004";"2";"1";"1";"7";"NAPOLEON COURS AVANT BEVERINI";"41,9208000";"8,7372300"
"201900027858";"7";"10";"2019";"16:50";"1";"2A";"2A004";"2";"1";"7";"2";"GEORGES POMPIDOU AVENUE";"41,9298000";"8,7592000"
"201900027859";"7";"10";"2019";"17:29";"1";"2A";"2A004";"2";"3";"1";"3";"CAMPI LOUIS BD";"41,9427200";"8,7521200"
"201900027860";"6";"10";"2019";"06:30";"3";"95";"95280";"2";"1";"2";"6";"GARE (ROUTE DE LA)";"49,0202000";"2,4655000"
"201900027861";"7";"10";"2019";"17:45";"1";"91";"91286";"2";"1";"1";"6";"CORBEIL (ROUTE DE)";"48,6529100";"2,3954800"
"201900027862";"6";"10";"2019";"19:00";"2";"91";"91103";"2";"3";"1";"3";"LEBLANC ALFRED (RUE)";"48,6042000";"2,3012000"
"201900027863";"6";"10";"2019";"18:20";"2";"91";"91339";"2";"1";"1";"2";"RN 20";"48,6337400";"2,2652300"
"201900027864";"1";"10";"2019";"23:35";"3";"89";"89387";"1";"3";"1";"3";"D606";"48,1628400";"3,3013700"
"201900027865";"7";"10";"2019";"07:51";"5";"87";"87085";"2";"2";"2";"3";"ISLE (RUE D')";"45,8247100";"1,2346000"
"201900027866";"28";"9";"2019";"02:35";"5";"86";"86194";"2";"1";"1";"3";"PONT ACHARD (BOULEVARD)";"46,5778700";"0,3312600"
"201900027867";"4";"10";"2019";"23:45";"5";"85";"85194";"1";"6";"1";"6";"BOULEVARD DU VENDEE GLOBE";"46,5141600";" -1,7683400"
"201900027868";"4";"10";"2019";"08:35";"1";"84";"84087";"2";"4";"7";"1";"MARTIGNAN (CHEMIN)";"44,1373600";"4,7807700"
"201900027869";"5";"10";"2019";"20:30";"5";"83";"83137";"2";"9";"1";"6";"CHARCOT (QUAI JEAN)";"43,1267700";"5,8982500"
"201900027870";"26";"9";"2019";"17:45";"2";"83";"83129";"2";"6";"1";"6";"FONT DE FILLOL";"43,0940200";"5,8327800"
"201900027871";"7";"10";"2019";"12:00";"1";"81";"81065";"2";"1";"1";"2";"LICES (BD. DES)";"43,6051700";"2,2372300"
"201900027872";"6";"10";"2019";"21:15";"3";"80";"80021";"1";"1";"2";"7";"ROCADE NORD RN 1";"49,9248800";"2,2765800"
"201900027873";"3";"10";"2019";"17:50";"1";"80";"80724";"1";"3";"1";"3";"RN1029";"49,8642400";"2,2234300"
"201900027874";"7";"10";"2019";"18:20";"1";"77";"77215";"2";"1";"1";"2";"ARTHUR PAPON (RUE)";"48,7392196";"2,7362298"
"201900027875";"7";"10";"2019";"15:30";"1";"77";"77083";"2";"3";"1";"3";"D199 X D370-MARNE VPN (ROUTE DE LA)";"48,8499749";"2,5778729"
"201900027876";"4";"10";"2019";"19:55";"2";"76";"76351";"2";"1";"2";"6";"HUIT MAI 1945 (AVENUE DU)";"49,5158900";"0,1710000"
"201900027877";"30";"9";"2019";"18:30";"1";"76";"76259";"2";"3";"1";"3";"QUEUE DE RENARD ( RUE)";"49,7568600";"0,3903700"
"201900027878";"7";"10";"2019";"08:57";"1";"74";"74012";"2";"2";"2";"6";"VERDUN (AVENUE DE)";"46,1906800";"6,2423900"
"201900027879";"6";"10";"2019";"01:14";"3";"72";"72003";"1";"1";"1";"6";"SIMONIERE (RUE DE LA)";"47,9689800";"0,1503800"
"201900027880";"6";"10";"2019";"07:15";"5";"72";"72181";"2";"3";"2";"3";"SAVORGNAN DE BRAZZA (AV) N° IMP";"47,9958000";"0,1926000"
"201900027881";"7";"10";"2019";"17:20";"1";"71";"71076";"2";"1";"8";"6";"BOIS DE MENUSE (RUE DU)";"46,8022847";"4,8540114"
"201900027882";"7";"10";"2019";"07:39";"2";"69";"69266";"2";"1";"1";"6";"CHATEAU GAILLARD     (Rue de)";"45,7758100";"4,8882200"
"201900027883";"4";"10";"2019";"14:00";"1";"67";"67482";"2";"1";"8";"2";"ALFRED KASTLER (RUE)";"48,5739600";"7,7711900"
"201900027884";"5";"10";"2019";"15:25";"1";"66";"66136";"2";"1";"1";"2";"BRIAND BOULEVARD ARISTIDE";"42,6945100";"2,9014600"
"201900027885";"6";"10";"2019";"05:15";"3";"66";"66136";"1";"1";"1";"2";"R D 900";"42,7336800";"2,8835500"
"201900027886";"4";"10";"2019";"19:50";"1";"66";"66136";"1";"1";"1";"6";"R D 900";"42,6814000";"2,8570100"
"201900027887";"5";"10";"2019";"17:37";"1";"66";"66136";"2";"1";"1";"2";"GILLES (AVENUE GENERAL)";"42,6985100";"2,9286800"
"201900027888";"7";"10";"2019";"13:10";"1";"64";"64445";"2";"1";"1";"2";"JEAN MERMOZ";"43,3192300";" -0,3783200"
"201900027889";"30";"9";"2019";"17:40";"1";"59";"59527";"2";"2";"1";"3";"LECLERC RUE DU GENERAL";"50,6694700";"3,0529700"
"201900027890";"5";"10";"2019";"14:30";"1";"58";"58194";"2";"1";"1";"6";"LOUISE MICHEL";"46,9932100";"3,1891900"
"201900027891";"4";"10";"2019";"13:25";"1";"58";"58194";"2";"1";"2";"3";"PUITS DES MULES (PLACE)";"46,9903000";"3,1649000"
"201900027892";"31";"8";"2019";"06:50";"2";"57";"57631";"1";"1";"1";"7";"Allée du GOLF";"49,1230040";"7,0252593"
"201900027893";"5";"10";"2019";"13:25";"1";"54";"54367";"1";"1";"1";"3";"RD201";"49,5049300";"5,7893700"
"201900027894";"7";"10";"2019";"21:05";"5";"45";"45234";"2";"1";"1";"3";"PONT RENE THINAT";"47,8967821";"1,9209150"
"201900027895";"7";"10";"2019";"16:30";"1";"45";"45234";"2";"1";"1";"7";"AV ROGER SECRETAIN";"47,8899200";"1,8953400"
"201900027896";"7";"10";"2019";"08:20";"2";"44";"44162";"2";"1";"2";"1";"CHEMIN DE LA PORCHELLERIE";"47,2208700";" -1,6603600"
"201900027897";"7";"10";"2019";"17:09";"1";"43";"43041";"2";"1";"1";"3";"DUPUY (AVENUE CHARLES)";"45,0491300";"3,9197900"
"201900027898";"7";"10";"2019";"15:15";"1";"43";"43251";"2";"1";"1";"6";"8 MAI (RUE DU)";"45,0350000";"3,8817800"
"201900027899";"5";"10";"2019";"10:30";"1";"42";"42095";"2";"1";"1";"6";"JAURES (RUE JEAN)";"45,3907600";"4,2891000"
"201900027900";"6";"10";"2019";"15:10";"1";"38";"38185";"2";"1";"2";"3";"RUE GÉNÉRAL MANGIN";"45,1603900";"5,7126100"
"201900027901";"7";"10";"2019";"17:32";"1";"37";"37233";"2";"1";"1";"7";"BONNIN (AVENUE JEAN)";"47,3958817";"0,7080120"
"201900027902";"6";"10";"2019";"12:25";"1";"37";"37122";"1";"1";"1";"6";"RD 37";"47,3673500";"0,6540000"
"201900027903";"7";"10";"2019";"15:55";"1";"35";"35238";"2";"1";"2";"2";"ARMORIQUE (BD D')";"48,1313210";" -1,6734850"
"201900027904";"7";"10";"2019";"12:50";"1";"35";"35238";"2";"2";"2";"3";"CARTIER (BD JACQUES)";"48,0968400";" -1,6815400"
"201900027905";"7";"10";"2019";"11:25";"1";"35";"35238";"2";"2";"3";"6";"BREST (DE)";"48,1127980";" -1,6934180"
"201900027906";"24";"1";"2019";"21:27";"5";"68";"68066";"2";"2";"1";"3";"INGERSHEIM (ROUTE D')";"48,0865500";"7,3314200"
"201900027907";"24";"1";"2019";"07:52";"5";"68";"68066";"2";"9";"4";"6";"LANDWASSER (RUE DU)";"48,0721510";"7,3669270"
"201900027908";"9";"1";"2019";"16:49";"3";"68";"68066";"1";"9";"1";"1";"SEMM (RUE DE LA)";"48,0680220";"7,3848210"
"201900027909";"19";"1";"2019";"21:05";"5";"67";"67482";"2";"3";"8";"3";"REUSS (ALLEE)";"48,5449000";"7,7691400"
"201900027910";"25";"1";"2019";"07:55";"1";"66";"66136";"2";"1";"1";"3";"MISTRAL (BOULEVARD FREDERIC)";"42,6960000";"2,9056000"
"201900027911";"24";"1";"2019";"16:10";"1";"66";"66136";"2";"3";"1";"6";"ANCIEN CHAMP DE MARS AVENUE DE L'";"42,7054605";"2,8892311"
"201900027912";"23";"1";"2019";"18:39";"1";"66";"66136";"2";"1";"1";"6";"ARGELES SUR MER AVENUE D'";"42,6830000";"2,9095000"
"201900027913";"23";"1";"2019";"16:23";"1";"66";"66136";"2";"1";"1";"6";"rond point de la Salanque";"42,7276000";"2,9045500"
"201900027914";"22";"1";"2019";"14:05";"1";"66";"66136";"2";"1";"1";"6";"KENNEDY (BD JOHN-FITZGERALD)";"42,6877800";"2,9052500"
"201900027915";"23";"1";"2019";"19:25";"5";"64";"64102";"2";"7";"1";"6";"REPUBLIQUE (PLACE DE LA)";"43,4952900";" -1,4702000"
"201900027916";"23";"1";"2019";"08:35";"5";"64";"64102";"2";"1";"2";"6";"IRANDATZ ( RUE D')";"43,3536600";" -1,7723500"
"201900027917";"22";"1";"2019";"13:30";"1";"64";"64284";"2";"2";"1";"6";"CORPS FRANC POMMIES";"43,2924100";" -0,4014900"
"201900027918";"25";"1";"2019";"20:25";"1";"64";"64445";"2";"6";"1";"3";"FRANCOIS MITTERAND";"43,3043747";" -0,3675705"
"201900027919";"22";"1";"2019";"16:50";"1";"64";"64024";"2";"1";"8";"6";"QUINTAOU (ALLEE)";"43,4840000";" -1,5122400"
"201900027920";"22";"1";"2019";"11:45";"1";"64";"64102";"2";"1";"2";"3";"BOULEVARD JACQUES DUCLOS";"43,5132530";" -1,4676350"
"201900027921";"21";"1";"2019";"16:05";"1";"62";"62774";"2";"1";"1";"2";"CD 940";"50,9495900";"1,7659700"
"201900027922";"19";"1";"2019";"05:40";"5";"62";"62119";"2";"3";"1";"6";"LILLE ( RUE DE )";"50,5253700";"2,6501800"
"201900027923";"23";"1";"2019";"17:10";"1";"61";"61117";"1";"1";"1";"5";"D1";"48,4271200";"0,0240300"
"201900027924";"23";"1";"2019";"15:20";"1";"60";"60159";"1";"1";"4";"5";"Route Nationale 31";"49,4176000";"2,9089600"
"201900027925";"24";"1";"2019";"13:35";"1";"59";"59599";"2";"2";"9";"3";"FLOCON (RUE DU)";"50,7152600";"3,1535200"
"201900027926";"17";"1";"2019";"18:40";"5";"59";"59350";"2";"1";"1";"3";"ARRAS RUE D";"50,6196900";"3,0649400"
"201900027927";"16";"1";"2019";"08:20";"1";"59";"59386";"2";"2";"8";"1";"WAMBRECHIES RUE DE";"50,6785000";"3,0637000"
"201900027928";"25";"1";"2019";"08:15";"2";"59";"59183";"2";"2";"8";"1";"REPUBLIQUE - F MITTERAND - BOULEVARD";"51,0468500";"2,4118700"
"201900027929";"24";"1";"2019";"17:10";"2";"58";"58194";"2";"1";"8";"6";"BERNARD PALISSY";"46,9854000";"3,1748000"
"201900027930";"21";"1";"2019";"20:00";"5";"58";"58194";"2";"1";"1";"1";"FRANCIS GARNIER";"46,9951000";"3,1765300"
"201900027931";"26";"1";"2019";"14:00";"1";"56";"56260";"2";"6";"8";"3";"JEAN XXIII(PLACE)";"47,6561100";" -2,7644600"
"201900027932";"23";"1";"2019";"17:00";"1";"56";"56162";"1";"1";"1";"6";"KERGALANT";"47,7122400";" -3,4157100"
"201900027933";"21";"1";"2019";"07:55";"5";"56";"56121";"2";"2";"1";"6";"CARNOT (RUE  LAZARE )";"47,7427500";" -3,3606600"
"201900027934";"19";"1";"2019";"19:35";"3";"56";"56083";"1";"1";"1";"5";"RN 165";"47,7889700";" -3,2731900"
"201900027935";"23";"1";"2019";"11:45";"1";"55";"55505";"1";"1";"4";"7";"CHAUME ( DE LA )";"49,1692439";"5,3508541"
"201900027936";"17";"1";"2019";"12:20";"1";"54";"54395";"2";"3";"1";"7";"SAURUPT (IMPASSE ET RUE)";"48,6803000";"6,1821500"
"201900027937";"22";"1";"2019";"16:25";"1";"51";"51454";"2";"1";"4";"1";"RUE EDMOND ROSTAND";"49,2162800";"4,0194400"
"201900027938";"22";"1";"2019";"13:20";"1";"51";"51454";"2";"3";"4";"4";"RUE GERUZEZ";"49,2643600";"4,0186600"
"201900027939";"17";"1";"2019";"13:15";"1";"50";"50218";"2";"1";"1";"6";"SAINT GAUD (RUE)";"48,8336700";" -1,5891720"
"201900027940";"24";"1";"2019";"10:00";"1";"50";"50218";"2";"1";"1";"6";"VENDEENS (AV DES)";"48,8336397";" -1,5756184"
"201900027941";"24";"1";"2019";"12:00";"1";"50";"50173";"2";"3";"1";"3";"TROIS HANGARS (RUE DES)";"49,6489900";" -1,6439700"
"201900027942";"20";"1";"2019";"18:45";"5";"50";"50129";"2";"3";"1";"6";"ONGLET (RUE DE L')";"49,6438200";" -1,6280400"
"201900027943";"22";"1";"2019";"09:00";"1";"49";"49246";"1";"1";"1";"4";"A87N";"47,4302211";" -0,5059558"
"201900027944";"22";"1";"2019";"07:49";"5";"49";"49007";"2";"1";"2";"6";"CHATENAY AVENUE VICTOR";"47,4824100";" -0,5215200"
"201900027945";"22";"1";"2019";"12:15";"1";"49";"49353";"2";"1";"1";"1";"RECLUS";"47,4517500";" -0,5095800"
"201900027946";"26";"1";"2019";"20:20";"5";"45";"45302";"2";"6";"8";"7";"R DU FAUBOURG BANNIER";"47,9378100";"1,8940800"
"201900027947";"26";"1";"2019";"12:02";"1";"45";"45285";"1";"1";"1";"2";"rocade";"47,9107100";"1,8672350"
"201900027948";"26";"1";"2019";"05:39";"5";"45";"45234";"2";"1";"8";"6";"AV ROGER SECRETAIN";"47,8908900";"1,8957000"
"201900027949";"25";"1";"2019";"14:05";"1";"45";"45232";"1";"1";"1";"2";"AV DE SOLOGNE";"47,8339260";"1,9174890"
"201900027950";"24";"1";"2019";"16:40";"1";"45";"45234";"2";"6";"1";"3";"AV DAUPHINE-QUAI DU FORT DES TOURELLES";"47,8946500";"1,9045600"
"201900027951";"24";"1";"2019";"05:15";"5";"45";"45285";"2";"2";"1";"3";"RUE DES DIAMANTS-RUE DE L'AUMONE";"47,9203730";"1,8764180"
"201900027952";"25";"1";"2019";"23:30";"5";"45";"45208";"2";"1";"2";"5";"RUE DE VERDUN";"47,9983620";"2,7469060"
"201900027953";"25";"1";"2019";"14:10";"1";"45";"45004";"2";"9";"8";"7";"parking Leclerc";"47,9771700";"2,7330000"
"201900027954";"25";"1";"2019";"12:00";"1";"45";"45068";"2";"1";"5";"6";"AV DU GENERAL LECLERC";"48,0084940";"2,7405760"
"201900027955";"24";"1";"2019";"10:45";"1";"44";"44162";"2";"1";"1";"6";"RUE DE SAINT SERVAN";"47,2137800";" -1,6157500"
"201900027956";"20";"1";"2019";"18:30";"2";"44";"44109";"2";"1";"1";"7";"RUE DE LA JALOTTERIE";"47,2312800";" -1,5891700"
"201900027957";"23";"1";"2019";"08:20";"2";"44";"44114";"2";"1";"1";"6";"BOULEVARD MENDES FRANCE";"47,2604900";" -1,5839700"
"201900027958";"15";"1";"2019";"19:35";"3";"44";"44114";"1";"1";"8";"1";"42";"47,2821400";" -1,6460600"
"201900027959";"16";"1";"2019";"08:45";"2";"44";"44020";"1";"1";"1";"3";"PONT DE CHEVIRE";"47,1831100";" -1,6131500"