"Num_Acc";"jour";"mois";"an";"hrmn";"lum";"dep";"com";"agg";"int";"atm";"col";"adr";"lat";"long"
"201900027960";"24";"1";"2019";"08:00";"2";"41";"41047";"2";"1";"1";"2";"RD 2152";"47,6035800";"1,3500200"
"201900027961";"22";"1";"2019";"08:35";"1";"41";"41018";"2";"1";"2";"6";"RD 924";"47,6172800";"1,3271600"
"201900027962";"26";"1";"2019";"02:45";"3";"38";"38169";"1";"1";"1";"6";"A 480";"45,1924400";"5,7028000"
"201900027963";"26";"1";"2019";"19:25";"5";"37";"37261";"2";"1";"2";"4";"PONT VOLANT (RUE DU)";"47,4079434";"0,7011112"
"201900027964";"25";"1";"2019";"07:45";"3";"37";"37208";"1";"3";"1";"5";"DE LARCAY (RUE)";"47,3684477";"0,7625589"
"201900027965";"24";"1";"2019";"19:00";"5";"35";"35288";"2";"3";"2";"3";"PATTON GENERAL (RUE DU)";"48,6258000";" -2,0011100"
"201900027966";"23";"1";"2019";"12:09";"1";"35";"35288";"2";"3";"1";"3";"PORTES ROUGES (RUE DES)";"48,6335500";" -2,0044800"
"201900027967";"26";"1";"2019";"23:20";"3";"35";"35189";"1";"1";"2";"2";"RD 137";"48,1538690";" -1,7016010"
"201900027968";"26";"1";"2019";"16:10";"1";"35";"35238";"1";"1";"1";"2";"RN136";"48,1342840";" -1,7063120"
"201900027969";"26";"1";"2019";"13:50";"1";"35";"35238";"1";"1";"1";"4";"RN136";"48,1155200";" -1,7191200"
"201900027970";"25";"1";"2019";"22:50";"3";"35";"35278";"1";"1";"8";"2";"RN 136";"48,1408400";" -1,6853800"
"201900027971";"23";"1";"2019";"07:15";"2";"35";"35238";"2";"3";"2";"6";"SAINT-HELIER";"48,1077980";" -1,6733130"
"201900027972";"26";"1";"2019";"16:17";"1";"34";"34172";"2";"1";"1";"3";"PITOT (RUE)";"43,6120200";"3,8709200"
"201900027973";"23";"1";"2019";"15:15";"1";"34";"34172";"2";"1";"1";"2";"GANGES (ROUTE DE";"43,6388100";"3,8473000"
"201900027974";"25";"1";"2019";"19:35";"5";"34";"34172";"2";"1";"1";"6";"MONDIAL 98 (AVENUE DU)";"43,6034630";"3,9085800"
"201900027975";"25";"1";"2019";"09:36";"1";"34";"34172";"2";"1";"1";"3";"PALAVAS (AVENUE DE)";"43,5976700";"3,8862500"
"201900027976";"25";"1";"2019";"07:40";"1";"34";"34172";"2";"1";"1";"3";"MOULINS (AVENUE DES";"43,6338300";"3,8431100"
"201900027977";"23";"1";"2019";"21:10";"3";"34";"34032";"2";"1";"9";"7";"ROUTE DEPARTEMENTALE 612";"43,3646890";"3,2347750"
"201900027978";"18";"1";"2019";"22:10";"5";"33";"33162";"2";"1";"2";"1";"AVE DE SAINT-MEDARD";"44,8613700";" -0,6428200"
"201900027979";"12";"1";"2019";"20:27";"5";"33";"33039";"2";"3";"1";"6";"180 RTE de Toulouse";"44,8066500";" -0,5730200"
"201900027980";"17";"1";"2019";"12:10";"1";"33";"33318";"2";"2";"1";"3";"AV BECQUEREL/A630 ECH14";"44,7881900";" -0,6463400"
"201900027981";"25";"1";"2019";"08:25";"1";"31";"31149";"2";"1";"2";"6";"AUCH (RUE D')";"43,6078200";"1,3373400"
"201900027982";"14";"1";"2019";"18:40";"5";"31";"31555";"2";"1";"1";"2";"RTE D ALBI";"43,6386300";"1,4652700"
"201900027983";"22";"1";"2019";"17:20";"2";"31";"31555";"2";"1";"2";"6";"BONNAT (RUE) DU 1AU 152";"43,5818500";"1,4574900"
"201900027984";"22";"1";"2019";"13:40";"1";"30";"30028";"2";"1";"1";"1";"SAINT THEODORITE (CHEMIN)";"44,1386300";"4,6176900"
"201900027985";"26";"1";"2019";"13:30";"1";"29";"29232";"2";"1";"8";"7";"POULGUINAN BOULEVARD DE";"47,9801000";" -4,1210300"
"201900027986";"25";"1";"2019";"19:25";"4";"29";"29019";"2";"1";"1";"6";"SEBASTOPOL";"48,4010700";" -4,4681600"
"201900027987";"25";"1";"2019";"08:00";"5";"29";"29019";"2";"1";"1";"1";"RODIN AUGUSTE";"48,3966893";" -4,4645369"
"201900027988";"24";"1";"2019";"18:40";"5";"28";"28134";"2";"3";"1";"6";"FENOTS (AVENUE DES)";"48,7400000";"1,3500000"
"201900027989";"24";"1";"2019";"10:40";"1";"26";"26362";"2";"2";"1";"3";"CHURCHILL BOULEVARD WINSTON (102)";"44,9299960";"4,9180230"
"201900027990";"25";"1";"2019";"06:00";"5";"25";"25056";"2";"5";"1";"1";"FOCH AVENUE MARECHAL";"47,2427600";"6,0257600"
"201900027991";"24";"1";"2019";"17:10";"1";"21";"21054";"2";"1";"8";"2";"SAINT-NICOLAS (RUE DU FAUBOURG)";"47,0288942";"4,8401833"
"201900027992";"24";"1";"2019";"15:35";"1";"19";"19272";"2";"1";"8";"6";"Estabournie (Rue)";"45,2621600";"1,7553000"
"201900027993";"24";"1";"2019";"20:10";"5";"19";"19031";"2";"3";"1";"3";"RIBOT (AVENUE)";"45,1646000";"1,5027800"
"201900027994";"24";"1";"2019";"16:30";"1";"17";"17333";"1";"1";"1";"3";"EXPRESS (voie)";"45,6160400";" -0,9876600"
"201900027995";"24";"1";"2019";"12:20";"1";"17";"17306";"2";"9";"1";"6";"CLEMENCEAU  GEORGES (BD)";"45,6257000";" -1,0188000"
"201900027996";"24";"1";"2019";"10:55";"1";"17";"17306";"2";"2";"1";"6";"ALSACE LORRAINE (D')";"45,6263800";" -1,0295000"
"201900027997";"26";"1";"2019";"22:25";"3";"17";"17028";"1";"1";"3";"6";"GRASSET   AVENUE EDMOND";"46,1305500";" -1,0882400"
"201900027998";"24";"1";"2019";"13:05";"1";"17";"17028";"2";"1";"1";"3";"GRASSET   AVENUE EDMOND";"46,1307000";" -1,0893700"
"201900027999";"23";"1";"2019";"22:40";"5";"17";"17300";"2";"2";"1";"3";"DURAND  QUAI LOUIS";"46,1586390";" -1,1477340"
"201900028000";"26";"1";"2019";"00:10";"5";"14";"14366";"2";"1";"2";"6";"JOSEPH GUILLONNEAU (RUE)";"49,1491500";"0,2352800"
"201900028001";"15";"1";"2019";"18:30";"1";"14";"14118";"2";"1";"1";"6";"SAINT JEAN (RUE (DE 33 ET + ET 38 ET +)";"49,1815000";" -0,3588800"
"201900028002";"25";"1";"2019";"23:20";"5";"13";"13205";"2";"2";"1";"6";"GOUFFE (COURS)";"43,2864130";"5,3857760"
"201900028003";"25";"1";"2019";"18:00";"5";"13";"13203";"2";"1";"1";"2";"PLOMBIERES (BOULEVARD DES)";"43,3176640";"5,3809370"
"201900028004";"25";"1";"2019";"08:30";"1";"13";"13211";"2";"3";"1";"3";"JEAN LOMBARD (AVENUE)";"43,2889240";"5,4290750"
"201900028005";"25";"1";"2019";"08:05";"1";"13";"13204";"2";"1";"1";"2";"MARÉCHAL FOCH (AVENUE)";"43,2996100";"5,4012500"
"201900028006";"24";"1";"2019";"20:50";"5";"13";"13203";"2";"3";"1";"3";"PARIS (BOULEVARD DE)";"43,3062210";"5,3722670"
"201900028007";"24";"1";"2019";"17:10";"1";"13";"13208";"2";"1";"1";"6";"LOUIS REGE (RUE)";"43,2810800";"5,3896100"
"201900028008";"24";"1";"2019";"13:25";"1";"13";"13215";"2";"3";"1";"5";"SAINT ANTOINE A SAINT JOSEPH (CHEMIN DE)";"43,3531700";"5,3720100"
"201900028009";"24";"1";"2019";"12:30";"1";"13";"13211";"2";"6";"1";"3";"MENARD (PIERRE) (BOULEVARD)";"43,2899000";"5,4378000"
"201900028010";"24";"1";"2019";"13:00";"1";"13";"13211";"2";"1";"1";"1";"AUDIENCE (RUE DE L')";"43,2962820";"5,4861230"
"201900028011";"24";"1";"2019";"10:00";"1";"13";"13209";"2";"1";"1";"3";"CABOT (BOULEVARD)";"43,2587400";"5,4172400"
"201900028012";"24";"1";"2019";"08:50";"1";"13";"13208";"2";"1";"1";"4";"PRADO (AVENUE DU)";"43,2746500";"5,3897400"
"201900028013";"23";"1";"2019";"20:10";"5";"13";"13209";"2";"3";"1";"1";"SCHLOESING (BOULEVARD)";"43,2727200";"5,4009500"
"201900028014";"23";"1";"2019";"20:20";"5";"13";"13211";"2";"1";"1";"1";"CLUE (CHEMIN DE LA)";"43,3090000";"5,5040000"
"201900028015";"23";"1";"2019";"17:15";"2";"13";"13205";"2";"3";"1";"6";"FERNAND PAURIOL (RUE)";"43,2880600";"5,3913800"
"201900028016";"23";"1";"2019";"14:50";"1";"13";"13206";"2";"3";"1";"3";"ITALIE (RUE D')";"43,2901510";"5,3819820"
"201900028017";"23";"1";"2019";"12:30";"1";"13";"13212";"2";"1";"9";"6";"CAILLOLS (AVENUE DES)";"43,3022700";"5,4452300"
"201900028018";"23";"1";"2019";"12:10";"1";"13";"13210";"2";"1";"1";"3";"MIREILLE LAUZE (BOULEVARD)";"43,2831100";"5,4113700"
"201900028019";"23";"1";"2019";"09:15";"1";"13";"13209";"2";"1";"1";"6";"MARÉCHAL DE LATTRE (AVENUE)";"43,2486170";"5,4058060"
"201900028020";"23";"1";"2019";"08:15";"2";"13";"13206";"2";"1";"1";"6";"PIERRE PUGET (COURS)";"43,2902900";"5,3742200"
"201900028021";"22";"1";"2019";"18:50";"5";"13";"13208";"2";"1";"1";"6";"MAZARGUES (AVENUE DE)";"43,2594750";"5,3941140"
"201900028022";"22";"1";"2019";"13:45";"1";"13";"13212";"2";"1";"1";"1";"ALL DE LA GRANDE BASTIDE CAZAULX";"43,2978600";"5,4379600"
"201900028023";"25";"1";"2019";"21:00";"3";"13";"13001";"1";"1";"1";"1";"LOQUI (ROUTE DE)";"43,5110600";"5,3835800"
"201900028024";"24";"1";"2019";"12:30";"1";"13";"13001";"2";"1";"1";"6";"HUGO VICTOR (AV)";"43,5250920";"5,4462580"
"201900028025";"23";"1";"2019";"13:40";"1";"12";"12013";"1";"1";"1";"6";"RD5 ANTOINE DE ST EXUPERY";"44,5452100";"2,2227700"
"201900028026";"27";"1";"2019";"01:49";"5";"9";"09225";"2";"1";"1";"1";"TOULOUSE AVENUE DE";"43,1332440";"1,6075940"
"201900028027";"25";"1";"2019";"14:00";"1";"6";"06088";"2";"1";"1";"2";"VOIE RAPIDE";"43,6940465";"7,2459246"
"201900028028";"24";"1";"2019";"17:49";"1";"6";"06088";"2";"9";"1";"3";"TURIN (RTE DE)";"43,7309900";"7,2908000"
"201900028029";"25";"1";"2019";"14:20";"1";"6";"06069";"2";"1";"1";"2";"PROVENCE (AVENUE DE)";"43,6565300";"6,9258600"
"201900028030";"16";"1";"2019";"20:07";"5";"6";"06004";"2";"1";"1";"1";"CHATAIGNIERS AV.DU";"43,5810500";"7,1141400"
"201900028031";"23";"1";"2019";"21:30";"5";"75";"75119";"2";"1";"1";"4";"PORTE DE PANTIN";"48,8834300";"2,3997390"
"201900028032";"23";"1";"2019";"09:25";"1";"75";"75115";"2";"1";"2";"3";"PORTE DE SEVRES";"48,8284610";"2,2896940"
"201900028033";"23";"1";"2019";"08:55";"1";"75";"75120";"2";"1";"1";"3";"PORTE DE BAGNOLET";"48,8635020";"2,4134080"
"201900028034";"21";"1";"2019";"09:15";"1";"75";"75120";"2";"4";"1";"7";"PORTE DE BAGNOLET";"48,8631200";"2,4134460"
"201900028035";"24";"1";"2019";"08:19";"1";"75";"75101";"2";"3";"8";"3";"BOULEVARD DE SEBASTOPOL";"48,8600740";"2,3490830"
"201900028036";"23";"1";"2019";"12:30";"1";"75";"75113";"2";"2";"1";"6";"RUE DES PEUPLIERS";"48,8221530";"2,3526880"
"201900028037";"26";"1";"2019";"19:35";"5";"75";"75106";"2";"2";"2";"3";"BOULEVARD SAINT GERMAIN";"48,8524630";"2,3387940"
"201900028038";"24";"1";"2019";"15:30";"1";"75";"75105";"2";"2";"1";"6";"PLACE DU PETIT PONT";"48,8530630";"2,3468200"
"201900028039";"23";"1";"2019";"14:10";"1";"75";"75106";"2";"1";"2";"2";"RUE D ASSAS";"48,8437220";"2,3335070"
"201900028040";"22";"1";"2019";"16:43";"2";"75";"75106";"2";"7";"8";"6";"RUE DE RENNES";"48,8441770";"2,3241680"
"201900028041";"21";"1";"2019";"19:25";"5";"75";"75106";"2";"2";"1";"3";"BOULEVARD SAINT GERMAIN";"48,8531480";"2,3358860"
"201900028042";"26";"1";"2019";"19:00";"5";"75";"75120";"2";"3";"2";"6";"RUE DES PYRENEES";"48,8634740";"2,3995860"
"201900028043";"24";"1";"2019";"12:40";"1";"75";"75120";"2";"2";"8";"6";"RUE DES PYRENEES";"48,8527080";"2,4061230"
"201900028044";"23";"1";"2019";"08:45";"1";"75";"75120";"2";"7";"4";"3";"AVENUE DE LA PORTE DE VINCENNES";"48,8468910";"2,4138670"
"201900028045";"26";"1";"2019";"21:20";"5";"75";"75119";"2";"1";"2";"6";"ROUTE DES PETITS PONTS";"48,8933750";"2,3979650"
"201900028046";"26";"1";"2019";"19:48";"5";"75";"75119";"2";"2";"8";"6";"AVENUE DE LA PORTE D AUBERVILLIERS";"48,8987410";"2,3710990"
"201900028047";"26";"1";"2019";"17:50";"5";"75";"75119";"2";"1";"2";"6";"AVENUE SIMON BOLIVAR";"48,8751780";"2,3823790"
"201900028048";"26";"1";"2019";"13:26";"1";"75";"75119";"2";"7";"8";"6";"PLACE SKANDERBEG";"48,9004120";"2,3715020"
"201900028049";"25";"1";"2019";"07:55";"2";"75";"75119";"2";"1";"2";"3";"AVENUE SIMON BOLIVAR";"48,8751100";"2,3824570"
"201900028050";"24";"1";"2019";"20:00";"5";"75";"75119";"2";"1";"1";"1";"RUE MANIN";"48,8797870";"2,3791030"
"201900028051";"24";"1";"2019";"09:10";"1";"75";"75118";"2";"1";"1";"6";"RUE MONTCALM";"48,8941480";"2,3398160"
"201900028052";"24";"1";"2019";"07:45";"2";"75";"75118";"2";"2";"1";"6";"RUE DU SIMPLON";"48,8935930";"2,3510040"
"201900028053";"26";"1";"2019";"15:00";"1";"75";"75116";"2";"1";"2";"6";"RUE FRANCOIS PONSARD";"48,8586220";"2,2744090"
"201900028054";"26";"1";"2019";"02:00";"5";"75";"75117";"2";"2";"1";"7";"RUE LA CONDAMINE";"48,8869720";"2,3230470"
"201900028055";"24";"1";"2019";"20:00";"5";"75";"75117";"2";"3";"8";"3";"AVENUE DE VILLIERS";"48,8844430";"2,3012620"
"201900028056";"24";"1";"2019";"19:10";"5";"75";"75117";"2";"1";"1";"3";"BOULEVARD GOUVION SAINT CYR";"48,8846020";"2,2901220"
"201900028057";"23";"1";"2019";"11:30";"1";"75";"75117";"2";"2";"8";"6";"RUE JOUFFROY D ABBANS";"48,8838190";"2,3047670"
"201900028058";"26";"1";"2019";"04:45";"5";"75";"75116";"2";"1";"1";"6";"RUE JEAN DE LA FONTAINE";"48,8494740";"2,2675340"
"201900028059";"25";"1";"2019";"18:30";"3";"75";"75116";"2";"1";"2";"3";"PORTE DES SABLONS";"48,8771570";"2,2779060"
"201900028060";"25";"1";"2019";"18:00";"5";"75";"75116";"2";"3";"2";"6";"BOULEVARD MURAT";"48,8400010";"2,2563170"
"201900028061";"23";"1";"2019";"22:45";"5";"75";"75116";"2";"3";"1";"3";"AVENUE KLEBER";"48,8661370";"2,2894930"
"201900028062";"23";"1";"2019";"19:00";"5";"75";"75116";"2";"1";"1";"2";"SOUTERRAIN ALMA";"48,8642110";"2,3012570"
"201900028063";"22";"1";"2019";"09:45";"1";"75";"75116";"2";"1";"4";"6";"ALLEE DU BORD DE L EAU";"48,8734500";"2,2440120"
"201900028064";"26";"1";"2019";"17:00";"5";"75";"75115";"2";"3";"2";"3";"AVENUE DE LA MOTTE PICQUET";"48,8499430";"2,2991500"
"201900028065";"26";"1";"2019";"12:20";"1";"75";"75115";"2";"2";"2";"7";"BOULEVARD VICTOR";"48,8360120";"2,2782150"
"201900028066";"25";"1";"2019";"18:55";"5";"75";"75115";"2";"7";"1";"6";"BOULEVARD GARIBALDI";"48,8457680";"2,3086150"
"201900028067";"25";"1";"2019";"19:55";"5";"75";"75115";"2";"1";"2";"2";"QUAI ANDRE CITROEN";"48,8469840";"2,2788270"
"201900028068";"22";"1";"2019";"05:35";"5";"75";"75115";"2";"4";"2";"7";"QUAI ANDRE CITROEN";"48,8402370";"2,2719790"
"201900028069";"22";"1";"2019";"15:30";"1";"75";"75115";"2";"2";"8";"6";"BOULEVARD VICTOR";"48,8361790";"2,2782960"
"201900028070";"26";"1";"2019";"19:15";"5";"75";"75114";"2";"1";"2";"3";"AVENUE DU MAINE";"48,8316380";"2,3253100"
"201900028071";"23";"1";"2019";"15:50";"1";"75";"75114";"2";"1";"2";"7";"BOULEVARD ADOLPHE PINARD";"48,8244800";"2,3045400"
"201900028072";"21";"1";"2019";"11:25";"1";"75";"75105";"2";"2";"1";"6";"BOULEVARD DE PORT ROYAL";"48,8394670";"2,3375780"
"201900028073";"26";"1";"2019";"06:00";"5";"75";"75113";"2";"7";"1";"4";"PLACE D ITALIE";"48,8318690";"2,3558160"
"201900028074";"23";"1";"2019";"11:48";"1";"75";"75113";"2";"2";"8";"6";"RUE DES PEUPLIERS";"48,8221530";"2,3526880"
"201900028075";"23";"1";"2019";"09:45";"1";"75";"75113";"2";"1";"9";"7";"QUAI D AUSTERLITZ";"48,8405310";"2,3697930"
"201900028076";"26";"1";"2019";"17:45";"5";"75";"75112";"2";"3";"2";"6";"RUE DE BERCY";"48,8443220";"2,3724400"
"201900028077";"24";"1";"2019";"11:40";"1";"75";"75112";"2";"4";"1";"2";"RUE ROBERT ETLIN";"48,8280050";"2,3900820"
"201900028078";"24";"1";"2019";"08:25";"1";"75";"75112";"2";"1";"1";"6";"RUE DU SERGENT BAUCHAT";"48,8445700";"2,3910290"
"201900028079";"23";"1";"2019";"18:10";"5";"75";"75112";"2";"2";"2";"6";"RUE CROZATIER";"48,8467610";"2,3817370"
"201900028080";"25";"1";"2019";"22:30";"5";"75";"75111";"2";"2";"2";"6";"BOULEVARD VOLTAIRE";"48,8651830";"2,3677370"
"201900028081";"25";"1";"2019";"08:40";"1";"75";"75111";"2";"2";"8";"3";"RUE AMELOT";"48,8559180";"2,3691900"
"201900028082";"26";"1";"2019";"18:25";"5";"75";"75110";"2";"2";"2";"3";"RUE LA FAYETTE";"48,8778620";"2,3516630"
"201900028083";"25";"1";"2019";"17:55";"5";"75";"75110";"2";"3";"2";"3";"PLACE DE LA REPUBLIQUE";"48,8683720";"2,3628550"
"201900028084";"5";"9";"2019";"07:00";"2";"93";"93008";"2";"4";"1";"3";"VAILLANT (AVENUE EDOUARD)";"48,9097200";"2,4673800"
"201900028085";"5";"9";"2019";"13:20";"1";"93";"93005";"2";"6";"1";"3";"LOUIS ARMAND (CARREFOUR)";"48,9552100";"2,4807200"
"201900028086";"5";"9";"2019";"10:20";"1";"93";"93001";"2";"1";"1";"6";"FELIX FAURE (BLD) =>174";"48,9086700";"2,3752690"
"201900028087";"3";"9";"2019";"08:17";"1";"92";"92077";"2";"1";"7";"6";"SEVRES (RUE DE)";"48,8267000";"2,1900000"
"201900028088";"5";"9";"2019";"10:30";"1";"92";"92063";"2";"4";"1";"3";"COLMAR (AVENUE DE)";"48,8869800";"2,1703800"
"201900028089";"6";"9";"2019";"09:30";"1";"92";"92062";"2";"1";"1";"2";"DE DION BOUTON (QUAI) DU 29 AU 65";"48,8850900";"2,2507400"
"201900028090";"6";"9";"2019";"17:00";"1";"92";"92049";"2";"1";"1";"3";"BRIAND (AVENUE ARISTIDE)";"48,8125700";"2,3259500"
"201900028091";"4";"9";"2019";"20:10";"2";"92";"92049";"2";"1";"1";"6";"BRIAND AVENUE ARISTIDE AUTRES N°";"48,8130400";"2,3256700"
"201900028092";"4";"9";"2019";"12:35";"1";"92";"92020";"2";"1";"1";"6";"VERDUN AVENUE DE N°1 A 45";"48,8014861";"2,2845399"
"201900028093";"5";"9";"2019";"16:05";"1";"92";"92024";"2";"9";"1";"3";"CLICHY (QUAI DE) DE (8 A 60)";"48,9082468";"2,2998090"
"201900028094";"7";"9";"2019";"03:10";"3";"92";"92023";"2";"9";"1";"6";"GENERAL DE GAULLE (AV DU) N°440 A 544 ET";"48,7788664";"2,2353583"
"201900028095";"4";"9";"2019";"16:15";"1";"92";"92012";"2";"1";"1";"3";"ANATOLE FRANCE (BOULEVARD) 1/4BIS";"48,8489500";"2,2407300"
"201900028096";"6";"9";"2019";"22:10";"5";"92";"92004";"2";"1";"3";"7";"ARGENTEUIL AV D'";"48,9194730";"2,2802060"
"201900028097";"5";"9";"2019";"12:00";"1";"92";"92004";"2";"1";"1";"6";"GRESILLONS ( AVENUE DES  )";"48,9161800";"2,3046300"
"201900028098";"6";"9";"2019";"18:30";"5";"92";"92002";"2";"6";"2";"3";"FRANCOIS SOMMER (RUE)";"48,7336109";"2,3077905"
"201900028099";"6";"9";"2019";"20:30";"5";"92";"92014";"2";"1";"2";"3";"FONTENAY (RUE)";"48,7834500";"2,3142500"
"201900028100";"7";"9";"2019";"05:45";"5";"22";"22327";"1";"3";"1";"3";"Les Bas Guepins";"48,4941250";" -2,0142820"
"201900028101";"8";"9";"2019";"04:00";"3";"60";"60122";"1";"1";"1";"7";"Rue de Canny";"49,6156700";"1,7484130"
"201900028102";"7";"9";"2019";"18:00";"1";"52";"52287";"1";"1";"1";"6";"D130, PK 4 + 650";"48,1453820";"5,5632270"
"201900028103";"6";"9";"2019";"12:20";"1";"47";"47169";"1";"1";"1";"1";"lieu-dit la garenne";"44,1484600";"0,6356640"
"201900028104";"6";"9";"2019";"16:30";"1";"14";"14320";"1";"1";"1";"6";"rd257";"49,0355550";" -0,4576930"
"201900028105";"1";"9";"2019";"14:00";"1";"2A";"2A348";"1";"1";"3";"3";"D70";"42,1593230";"8,7709740"
"201900028106";"30";"8";"2019";"15:00";"1";"1";"01449";"1";"2";"1";"3";"route de priay";"46,0043850";"5,2333680"
"201900028107";"7";"9";"2019";"20:00";"2";"86";"86183";"2";"1";"1";"7";"Lieu dit Madrid";"46,9738840";"0,6176130"
"201900028108";"7";"9";"2019";"12:00";"1";"95";"95199";"2";"1";"8";"3";"9 Rue de la Mairie";"49,0250110";"2,3258630"
"201900028109";"6";"9";"2019";"19:35";"1";"80";"80001";"1";"1";"2";"7";"A16";"50,1394720";"1,8107070"
"201900028110";"8";"9";"2019";"09:00";"1";"2";"02303";"1";"1";"1";"6";"Autoroute A26";"49,8652830";"3,2373000"
"201900028111";"7";"9";"2019";"16:25";"1";"41";"41086";"1";"1";"1";"6";"Route de Courmemin";"47,5086850";"1,5522350"
"201900028112";"4";"9";"2019";"15:15";"1";"95";"95313";"2";"1";"1";"3";"6 grande rue";"49,1126900";"2,2141300"
"201900028113";"7";"9";"2019";"17:25";"1";"45";"45187";"1";"1";"1";"4";"D961 - BD DE LA RESISTANCE";"47,8646640";"2,4726600"
"201900028114";"5";"9";"2019";"17:45";"1";"33";"33392";"1";"1";"1";"1";"D10 ";"44,5980700";" -0,2904300"
"201900028115";"7";"9";"2019";"09:15";"1";"31";"31497";"2";"4";"7";"2";"Rue de la place MAGNAU";"43,6973070";"1,4795350"
"201900028116";"7";"9";"2019";"10:40";"1";"81";"81317";"2";"1";"1";"7";"lieu-dit FABAS";"43,9318170";"2,3105040"
"201900028117";"6";"9";"2019";"14:05";"1";"28";"28278";"1";"1";"1";"6";"A11 PK 054+900 vers Le Mans";"48,4586010";"1,5435400"
"201900028118";"8";"9";"2019";"17:30";"1";"28";"28389";"1";"1";"1";"7";"D924";"48,0373250";"1,3471160"
"201900028119";"7";"9";"2019";"14:30";"1";"69";"69279";"1";"1";"1";"6";"chemin du plançon";"45,8033700";"5,0447300"
"201900028120";"7";"9";"2019";"20:00";"1";"27";"27507";"1";"1";"1";"3";"Le Buisson Fallu";"48,9263910";"1,2882680"
"201900028121";"6";"9";"2019";"17:40";"1";"27";"27391";"2";"1";"1";"6";"33 Route d'Ezy";"48,8287810";"1,3477120"
"201900028122";"8";"9";"2019";"05:30";"3";"26";"26166";"1";"1";"1";"2";"A7";"44,7516000";"4,7909000"
"201900028123";"6";"9";"2019";"17:45";"1";"88";"88423";"1";"1";"1";"3";"D 31";"48,2043610";"6,8852050"
"201900028124";"5";"9";"2019";"19:30";"1";"64";"64117";"1";"1";"1";"6";"chemin du bateau";"43,3778750";" -0,5780830"
"201900028125";"6";"9";"2019";"19:20";"1";"64";"64431";"1";"1";"1";"1";"CD 33,  PK 2+760";"43,3929816";" -0,6104905"
"201900028126";"4";"9";"2019";"12:15";"1";"12";"12098";"1";"1";"1";"1";"départmentale D920";"44,5470200";"2,7050680"
"201900028127";"7";"9";"2019";"15:15";"1";"74";"74283";"2";"1";"1";"6";"3815 Route de la Combe";"45,9535454";"5,9853294"
"201900028128";"7";"9";"2019";"12:10";"1";"19";"19250";"1";"1";"1";"4";"Autoroute A20, PK 229+340, sens Province-Paris";"45,4951720";"1,5250430"
"201900028129";"6";"9";"2019";"18:15";"5";"971";"97109";"2";"1";"1";"2";"Rue Pierre et Rene Hincelin";"15,9942040";" -61,7056820"
"201900028130";"31";"8";"2019";"12:20";"1";"26";"26341";"1";"1";"1";"1";"Route national 7";"45,1380890";"4,8166760"
"201900028131";"7";"9";"2019";"05:45";"3";"65";"65101";"1";"1";"1";"6";"rd817";"43,2033083";"0,2195560"
"201900028132";"8";"9";"2019";"08:20";"1";"72";"72231";"1";"1";"1";"1";"D304";"47,9360240";"0,3639000"
"201900028133";"7";"9";"2019";"16:03";"1";"58";"58086";"2";"1";"1";"3";"Avenue du 85e de Ligne";"47,3933420";"2,9227570"
"201900028134";"4";"9";"2019";"00:45";"3";"37";"37261";"1";"1";"1";"1";"a10";"47,4039600";"0,7138560"
"201900028135";"6";"9";"2019";"18:25";"1";"62";"62021";"2";"1";"3";"6";"55 B Rue Principale";"50,5198370";"1,8367250"
"201900028136";"7";"9";"2019";"18:00";"1";"62";"62042";"2";"1";"2";"7";"rue du quai";"50,2984300";"2,8368200"
"201900028137";"5";"9";"2019";"06:45";"3";"37";"37170";"1";"1";"1";"6";"A28 PK36+800 SENS TOURS/LE MANS";"47,5684810";"0,5865840"
"201900028138";"6";"9";"2019";"14:45";"1";"34";"34077";"1";"1";"1";"3";"RD65";"43,6493310";"3,8841490"
"201900028139";"6";"9";"2019";"18:45";"1";"57";"57154";"1";"1";"1";"6";"chemin communal";"49,1980250";"6,5722120"
"201900028140";"8";"9";"2019";"11:30";"1";"89";"89429";"1";"1";"8";"6";"D76";"48,1741137";"3,4503829"
"201900028141";"6";"9";"2019";"17:09";"1";"51";"51657";"1";"1";"1";"1";"VC n° 11 de VRIGNY A ORMES";"49,2376760";"3,9389890"
"201900028142";"7";"9";"2019";"09:30";"1";"56";"56173";"1";"1";"1";"3";"Kerio Rimaison";"48,0152570";" -2,9845010"
"201900028143";"7";"9";"2019";"11:30";"1";"56";"56079";"1";"1";"1";"7";"L'Abbaye aux Oies RD 724";"47,9393810";" -2,4635400"
"201900028144";"7";"9";"2019";"14:35";"1";"56";"56013";"2";"1";"1";"6";"Rue du Gal de Gaulle";"47,6757283";" -3,1702262"
"201900028145";"7";"9";"2019";"17:30";"1";"56";"56206";"2";"6";"1";"3";"giratoire du tennis";"47,6880311";" -2,7405805"
"201900028146";"7";"9";"2019";"13:00";"1";"56";"56158";"1";"6";"1";"3";"avenue de la paix";"47,6912838";" -2,8070658"
"201900028147";"8";"9";"2019";"12:30";"1";"56";"56206";"1";"1";"1";"4";"Tréalvé RD775";"47,6723860";" -2,7204320"
"201900028148";"7";"9";"2019";"14:55";"1";"67";"67477";"1";"1";"1";"6";"D214";"48,3814870";"7,2463600"
"201900028149";"6";"9";"2019";"14:00";"1";"76";"76014";"2";"4";"1";"3";"600 Route du Pays de Caux";"49,5892610";"0,2941430"
"201900028150";"6";"9";"2019";"17:30";"1";"76";"76224";"1";"2";"1";"3";"RD 139";"49,6463290";"0,3056010"
"201900028151";"8";"9";"2019";"00:09";"3";"79";"79209";"1";"1";"1";"7";"N/A";"46,8728710";" -0,3115220"
"201900028152";"7";"9";"2019";"09:50";"1";"79";"79195";"2";"1";"1";"2";"19 rue de la Vendée";"46,9550730";" -0,5940540"