"Num_Acc";"jour";"mois";"an";"hrmn";"lum";"dep";"com";"agg";"int";"atm";"col";"adr";"lat";"long"
"201900028153";"5";"9";"2019";"19:00";"1";"79";"79062";"2";"6";"1";"3";"Rue du Général De gaulle";"46,8209700";" -0,6684200"
"201900028154";"7";"9";"2019";"09:30";"1";"79";"79030";"1";"1";"1";"7";"N/A";"46,2966490";" -0,1386700"
"201900028155";"7";"9";"2019";"14:30";"1";"2A";"2A017";"2";"1";"1";"1";"Lu Vangoni";"41,9807140";"8,7861150"
"201900028156";"6";"9";"2019";"20:15";"3";"80";"80579";"1";"1";"1";"6";"Rue de paris";"49,7151940";"3,0654510"
"201900028157";"7";"9";"2019";"08:45";"1";"80";"80796";"1";"1";"1";"7";"RD180";"49,9498770";"1,7382470"
"201900028158";"8";"9";"2019";"14:45";"1";"33";"33540";"2";"1";"1";"2";"40 Route d'Hourtin";"45,3525260";" -1,0625650"
"201900028159";"7";"9";"2019";"12:55";"1";"69";"69066";"1";"1";"1";"6";"Chemin du Gaudinet (Cours-la-Ville)";"46,1227800";"4,3270790"
"201900028160";"6";"9";"2019";"19:15";"1";"71";"71263";"2";"6";"1";"3";"Rue de Bram";"46,6274040";"5,2163120"
"201900028161";"7";"9";"2019";"12:30";"1";"71";"71056";"1";"3";"1";"1";"315 Route de Dijon";"46,6459440";"5,2057790"
"201900028162";"7";"9";"2019";"19:30";"2";"63";"63170";"1";"1";"1";"6";"Salmondeche";"45,8513130";"2,7206150"
"201900028163";"7";"9";"2019";"17:05";"1";"63";"63003";"2";"3";"1";"6";"Route de Clermont";"45,5621260";"3,7430210"
"201900028164";"6";"9";"2019";"15:15";"1";"61";"61484";"1";"1";"1";"6";"le gibet 61260";"48,2687290";"0,7712850"
"201900028165";"8";"9";"2019";"17:45";"1";"55";"55312";"1";"1";"1";"2";"D964";"48,9292360";"5,5216950"
"201900028166";"5";"9";"2019";"19:00";"2";"12";"12264";"1";"2";"1";"3";"Concoures";"44,4500620";"2,6544280"
"201900028167";"8";"9";"2019";"03:45";"3";"42";"42048";"1";"1";"1";"7";"Pailleron";"46,1533270";"4,1917940"
"201900028168";"7";"9";"2019";"16:00";"1";"42";"42137";"1";"3";"1";"1";"CD 102";"45,5209470";"4,0795210"
"201900028169";"4";"9";"2019";"19:42";"3";"42";"42039";"1";"1";"1";"6";"D101 ROUTE DE JEANSIGNIERE";"45,7089960";"3,8634420"
"201900028170";"8";"9";"2019";"09:15";"1";"42";"42023";"2";"1";"1";"6";"Rue de la Répulique";"45,2968970";"4,5598750"
"201900028171";"7";"9";"2019";"15:50";"1";"47";"47306";"1";"1";"1";"6";"Grand Chemin";"44,3788490";"0,5121740"
"201900028172";"8";"9";"2019";"04:20";"3";"86";"86245";"1";"1";"1";"6";"Le Carroir des Landes (Saint-Sauveur)";"46,8247480";"0,6336900"
"201900028173";"5";"9";"2019";"17:00";"1";"22";"22281";"1";"1";"1";"7";"Le Petit Beau Jouan";"48,4030450";" -2,7613300"
"201900028174";"7";"9";"2019";"17:40";"1";"22";"22117";"1";"1";"1";"3";"rd04";"48,6065610";" -2,8705290"
"201900028175";"6";"9";"2019";"11:40";"1";"44";"44061";"1";"2";"1";"7";"Route Départementale 273";"47,2418650";" -1,9510440"
"201900028176";"6";"9";"2019";"09:30";"1";"35";"35015";"1";"2";"7";"3";"Le Moulin de la Roche";"48,1750798";" -1,2109084"
"201900028177";"7";"9";"2019";"02:05";"3";"29";"29155";"1";"4";"8";"1";"Kerlaouen";"48,4616710";" -5,0617330"
"201900028178";"6";"9";"2019";"19:35";"1";"29";"29284";"2";"3";"2";"6";"24 Rue Albert Pochat";"47,7960670";" -4,2733490"
"201900028179";"2";"9";"2019";"16:30";"1";"29";"29174";"2";"1";"1";"6";"4 Rue Guy Moquet";"47,9025180";" -4,2869210"
"201900028180";"21";"8";"2019";"11:50";"1";"31";"31100";"2";"1";"1";"6";"Hameau de la Croix de Puel";"43,2957240";"1,5859620"
"201900028181";"7";"9";"2019";"02:30";"3";"38";"38399";"1";"1";"1";"6";"Route de Charantonnay";"45,5235400";"5,1291400"
"201900028182";"6";"9";"2019";"11:50";"1";"38";"38130";"2";"2";"1";"3";"142 chemin des meunières";"45,3839160";"5,2591880"
"201900028183";"16";"7";"2019";"11:50";"1";"38";"38198";"1";"2";"1";"2";"D519";"45,3392650";"4,9443000"
"201900028184";"7";"9";"2019";"09:30";"1";"38";"38062";"1";"1";"1";"7";"D1090";"45,3975700";"5,9772100"
"201900028185";"2";"9";"2019";"23:00";"3";"38";"38078";"1";"1";"1";"6";"D 209";"45,4124500";"6,0899100"
"201900028186";"4";"9";"2019";"09:00";"1";"38";"38422";"2";"1";"1";"2";"551 Route de Chamrousse";"45,1535100";"5,8411010"
"201900028187";"6";"9";"2019";"19:20";"1";"84";"84073";"1";"1";"1";"7";"D3 - PK 7+550";"43,8338020";"5,2078870"
"201900028188";"7";"9";"2019";"08:50";"1";"3";"03126";"1";"6";"1";"3";"avenue de Saint-Yorre";"46,0763185";"3,4414674"
"201900028189";"8";"9";"2019";"02:20";"3";"1";"01389";"1";"1";"1";"3";"D936";"46,0908690";"4,9197420"
"201900028190";"8";"9";"2019";"16:25";"1";"1";"01116";"1";"1";"2";"7";"D41A";"45,8090450";"5,6235980"
"201900028191";"6";"9";"2019";"15:25";"1";"1";"01038";"1";"3";"1";"3";"Intersection RD28 / RD28A";"46,3342560";"5,2925590"
"201900028192";"6";"9";"2019";"20:20";"2";"1";"01272";"1";"1";"1";"5";"Les Granges";"46,1578090";"4,9978480"
"201900028193";"31";"8";"2019";"10:25";"1";"72";"72183";"1";"1";"1";"6";"lieu dit la bosserie";"47,7173610";"0,5535230"
"201900028194";"4";"9";"2019";"15:40";"1";"72";"72128";"1";"1";"1";"1";"le pré";"47,9002660";"0,6294600"
"201900028195";"6";"9";"2019";"13:45";"1";"14";"14726";"1";"1";"1";"1";"lieu dit la vallerie, bernières";"48,8089340";" -0,7184050"
"201900028196";"5";"9";"2019";"17:30";"1";"14";"14654";"1";"1";"1";"6";"Route départementale 40 - PK 12.750";"49,0335910";" -0,0646150"
"201900028197";"7";"9";"2019";"16:15";"1";"5";"05164";"1";"1";"1";"2";"RN94";"44,5355950";"6,3850470"
"201900028198";"6";"9";"2019";"15:10";"1";"5";"05010";"1";"1";"1";"6";"RD 1075";"44,5088750";"5,7362870"
"201900028199";"8";"9";"2019";"15:40";"1";"50";"50118";"1";"2";"1";"2";"Route de Granville";"48,8364410";" -1,3514290"
"201900028200";"7";"9";"2019";"00:45";"5";"9";"09324";"1";"6";"1";"6";"ZI DELTA SUD d 624";"43,0595080";"1,6388350"
"201900028201";"4";"9";"2019";"20:45";"3";"9";"09189";"1";"1";"1";"1";"RN20 - PK 86+000";"42,6748320";"1,8352360"
"201900028202";"8";"9";"2019";"13:15";"1";"60";"60553";"1";"1";"1";"5";"RD 36";"49,4416030";"2,6248380"
"201900028203";"7";"9";"2019";"18:10";"1";"45";"45327";"1";"1";"1";"7";"route de loury";"47,9848860";"2,0937380"
"201900028204";"8";"9";"2019";"11:45";"1";"64";"64320";"1";"4";"1";"3";"D934";"42,9789089";" -0,4188858"
"201900028205";"6";"9";"2019";"11:35";"1";"73";"73270";"1";"2";"1";"3";"RD 201";"45,5698173";"6,1660441"
"201900028206";"8";"9";"2019";"05:45";"2";"18";"18148";"2";"1";"1";"7";"34 Avenue de Bel-Air";"47,1906770";"2,0561060"
"201900028207";"5";"9";"2019";"16:00";"1";"18";"18011";"2";"1";"1";"3";"9B Route de Cerdon";"47,5691580";"2,4458560"
"201900028208";"7";"9";"2019";"21:25";"3";"43";"43267";"2";"1";"1";"6";"Route de Vertaure";"45,1963270";"3,9063040"
"201900028209";"7";"9";"2019";"00:15";"3";"10";"10197";"1";"1";"1";"6";"Route Départementale 47";"48,2045200";"4,7871330"
"201900028210";"4";"9";"2019";"20:20";"2";"10";"10209";"1";"1";"2";"3";"D 619";"48,2539560";"4,2665220"
"201900028211";"8";"9";"2019";"10:20";"1";"16";"16088";"1";"3";"1";"3";"Ld Logis de Montjourdain";"45,6978470";" -0,1946480"
"201900028212";"7";"9";"2019";"14:30";"1";"16";"16424";"2";"3";"1";"1";"Ld La Lime";"45,2736800";" -0,0074380"
"201900028213";"5";"9";"2019";"07:00";"1";"7";"07332";"1";"1";"1";"1";"Intras";"44,4830670";"4,5503210"
"201900028214";"6";"9";"2019";"13:00";"1";"7";"07349";"2";"1";"1";"3";"Rue René Cassin";"44,8041640";"4,7839280"
"201900028215";"6";"9";"2019";"19:00";"2";"53";"53146";"1";"1";"1";"6";"D12";"48,2057770";" -0,6958740"
"201900028216";"6";"9";"2019";"18:00";"1";"40";"40001";"2";"3";"1";"6";"Rue des Arènes";"43,7017470";" -0,2581050"
"201900028217";"7";"9";"2019";"17:00";"1";"40";"40312";"2";"1";"1";"3";"chemin de la tuilerie";"43,5235990";" -1,4629020"
"201900028218";"4";"9";"2019";"13:30";"1";"24";"24220";"1";"1";"1";"1";"D45";"45,0347360";"0,8294810"
"201900028219";"6";"9";"2019";"12:30";"1";"87";"87101";"1";"1";"1";"7";"Rue de l''échauguette";"46,0440840";"0,9525300"
"201900028220";"8";"9";"2019";"09:45";"1";"87";"87170";"1";"1";"1";"6";"Echizadour";"45,6576230";"1,5565430"
"201900028221";"6";"9";"2019";"15:45";"1";"30";"30341";"1";"1";"1";"2";"Chemin des Canaux";"43,7028260";"4,2576850"
"201900028222";"6";"9";"2019";"20:15";"5";"88";"88165";"2";"1";"1";"3";"rue du vivier";"48,3623010";"6,8651580"
"201900028223";"6";"9";"2019";"18:25";"1";"68";"68146";"1";"1";"1";"4";"A35";"48,1169790";"7,3756210"
"201900028224";"8";"9";"2019";"06:25";"2";"26";"26088";"1";"1";"1";"2";"Autoroute A 49";"45,0229750";"5,0782710"
"201900028225";"7";"9";"2019";"02:10";"5";"67";"67152";"2";"1";"1";"6";"2 Rue de l'Ehn";"48,5184290";"7,6843790"
"201900028226";"7";"9";"2019";"19:30";"2";"34";"34337";"1";"3";"1";"1";"Avenue de Mireval";"43,5217287";"3,8293296"
"201900028227";"6";"9";"2019";"18:30";"1";"42";"42256";"1";"1";"1";"2";"D102";"45,4979207";"4,1646097"
"201900028228";"1";"9";"2019";"10:45";"1";"39";"39501";"1";"1";"1";"2";"N/A";"47,1307580";"5,4404230"
"201900028229";"6";"9";"2019";"12:31";"1";"72";"72249";"1";"1";"1";"2";"A81, PK 180+900, sens PROVINCE-PARIS";"48,0379420";"0,0623130"
"201900028230";"5";"9";"2019";"19:25";"3";"6";"06088";"1";"1";"1";"7";"A8 pk 197+500 SUD";"43,7340600";"7,2539340"
"201900028231";"7";"9";"2019";"12:30";"1";"976";"97602";"2";"1";"1";"6";"quartier de la mosquée du carefour dzoumogné";" -12,7176300";"45,1129240"
"201900028232";"6";"9";"2019";"11:30";"1";"37";"37210";"1";"9";"1";"3";"RD 751";"47,2132170";"0,3540100"
"201900028233";"6";"9";"2019";"21:35";"5";"51";"51183";"1";"1";"1";"2";"A26";"49,3219960";"3,9838295"
"201900028234";"7";"9";"2019";"10:20";"1";"34";"34032";"1";"1";"1";"2";"A9 - PK: 158.800";"43,3338660";"3,2846200"
"201900028235";"7";"9";"2019";"12:25";"1";"27";"27469";"1";"1";"1";"6";"A13";"49,2843880";"1,1265310"
"201900028236";"6";"9";"2019";"01:40";"3";"13";"13037";"1";"1";"1";"7";"Autoroute A7, sens Sud/Nord, PK 246+700";"43,5665220";"5,2244900"
"201900028237";"7";"9";"2019";"14:15";"1";"988";"98808";"1";"3";"1";"3";"Village de Poro";" -21,3039500";"165,7136820"
"201900028238";"8";"9";"2019";"15:00";"1";"988";"98832";"1";"1";"1";"6";"RP3";" -22,1418360";"166,7461790"
"201900028239";"8";"9";"2019";"05:00";"1";"988";"98802";"1";"1";"1";"7";"Route de Thio";" -21,8300000";"166,0616000"
"201900028240";"24";"8";"2019";"12:40";"1";"33";"33097";"1";"1";"1";"7";"D207";"45,0781480";" -1,1653370"
"201900028241";"6";"9";"2019";"08:17";"1";"37";"37008";"1";"4";"1";"1";"LIEU-DIT LE PETIT VAU";"47,3286470";"0,9299830"
"201900028242";"7";"9";"2019";"18:30";"1";"37";"37003";"1";"1";"1";"6";"D61";"47,3887080";"1,0506560"
"201900028243";"6";"9";"2019";"20:50";"3";"77";"77327";"1";"1";"1";"6";"RD619";"48,5670730";"3,0059060"
"201900028244";"15";"8";"2019";"10:00";"1";"77";"77008";"1";"1";"2";"1";"D17E";"48,9630200";"2,9966000"
"201900028245";"6";"9";"2019";"18:25";"1";"77";"77264";"1";"1";"8";"6";"D143";"48,7367605";"2,9581696"
"201900028246";"7";"9";"2019";"21:20";"3";"95";"95351";"1";"1";"1";"6";"D165E";"49,0500280";"2,5254460"
"201900028247";"6";"8";"2019";"02:00";"3";"91";"91495";"1";"6";"1";"7";"d191";"48,4513290";"2,0027350"
"201900028248";"7";"9";"2019";"08:54";"1";"78";"78050";"1";"1";"1";"7";"D34";"48,7974760";"1,8709470"
"201900028249";"6";"9";"2019";"11:40";"1";"30";"30080";"1";"1";"1";"6";"D906";"44,3013770";"3,9776870"
"201900028250";"8";"9";"2019";"03:00";"3";"11";"11059";"1";"1";"2";"7";"D623";"43,1643650";"2,1150022"
"201900028251";"7";"9";"2019";"10:40";"1";"34";"34314";"1";"1";"1";"1";"D17E3";"43,7450820";"3,8569710"
"201900028252";"6";"9";"2019";"15:40";"1";"34";"34033";"1";"1";"1";"7";"D105";"43,7391380";"4,0785670"
"201900028253";"6";"9";"2019";"15:10";"1";"34";"34058";"2";"1";"1";"6";"110 Avenue de Montpellier";"43,6712160";"3,9789270"
"201900028254";"7";"9";"2019";"17:10";"1";"84";"84003";"1";"1";"1";"1";"Route Departementale 201";"43,8862430";"5,4023150"
"201900028255";"22";"8";"2019";"19:15";"1";"83";"83112";"2";"1";"1";"6";"65 Avenue du Port";"43,1829210";"5,7083740"
"201900028256";"6";"9";"2019";"15:45";"1";"83";"83001";"2";"1";"1";"1";"Route du Violon";"43,5245560";"6,8134070"
"201900028257";"4";"9";"2019";"22:00";"5";"6";"06065";"1";"1";"1";"1";"Route de la Baronne";"43,7249620";"7,1774270"
"201900028258";"8";"9";"2019";"09:40";"1";"4";"04183";"1";"1";"1";"3";"RN 202";"43,9243060";"6,5332120"
"201900028259";"5";"9";"2019";"13:40";"1";"4";"04096";"1";"1";"1";"7";"Col de la bonette";"44,3791590";"6,7819290"
"201900028260";"3";"9";"2019";"17:00";"1";"13";"13094";"1";"1";"1";"3";"cd32";"43,7910740";"4,7288750"
"201900028261";"7";"9";"2019";"07:30";"1";"13";"13004";"1";"1";"1";"7";"N 568";"43,5431665";"4,8144492"
"201900028262";"3";"9";"2019";"19:15";"2";"13";"13066";"1";"1";"1";"5";"D28 NOVES";"43,8852360";"4,8925460"
"201900028263";"6";"9";"2019";"18:40";"1";"71";"71372";"2";"1";"1";"2";"La Maison Blanche";"46,1811390";"4,7490240"
"201900028264";"7";"9";"2019";"21:00";"3";"52";"52348";"1";"4";"2";"7";"RD35 PR000+015";"47,9148606";"5,4084092"
"201900028265";"29";"8";"2019";"22:15";"3";"68";"68317";"2";"1";"1";"7";"Route de la Schlucht";"48,0715040";"7,1005380"
"201900028266";"28";"8";"2019";"21:25";"3";"67";"67087";"1";"1";"1";"6";"RD 919";"48,8295460";"7,6545330"
"201900028267";"7";"9";"2019";"17:45";"2";"88";"88412";"1";"1";"2";"1";"D159B";"48,3522270";"6,7142080"
"201900028268";"6";"9";"2019";"14:00";"1";"88";"88301";"1";"1";"1";"6";"8 Route de Rambervillers";"48,3890710";"6,6913210"
"201900028269";"8";"9";"2019";"00:56";"5";"88";"88253";"1";"3";"2";"3";"D420";"48,1905020";"6,4848470"
"201900028270";"6";"9";"2019";"12:28";"1";"55";"55218";"1";"1";"1";"7";"D65";"49,2679110";"5,4936070"
"201900028271";"7";"9";"2019";"17:00";"1";"74";"74143";"1";"1";"1";"1";"Route de Vaudagne";"45,9052260";"6,7665980"
"201900028272";"8";"9";"2019";"01:02";"5";"73";"73250";"2";"1";"1";"6";"542 Avenue de Villard-Clément";"45,2592960";"6,3915460"
"201900028273";"7";"9";"2019";"17:15";"1";"44";"44209";"1";"3";"1";"3";"D49 rue de Vigneux";"47,3310030";" -1,6438550"
"201900028274";"6";"9";"2019";"17:00";"1";"44";"44209";"1";"2";"1";"3";"Rue de la Grehandière";"47,3310390";" -1,6434690"
"201900028275";"7";"9";"2019";"23:30";"5";"38";"38200";"1";"1";"1";"7";"Route de l'Électrochimie";"45,0901970";"5,7330000"
"201900028276";"5";"9";"2019";"09:20";"1";"38";"38061";"1";"1";"8";"1";"Route de Voiron";"45,3423570";"5,6100370"
"201900028277";"6";"9";"2019";"11:40";"1";"26";"26168";"1";"1";"6";"1";"Route Rd 1075";"44,6789350";"5,6935290"
"201900028278";"27";"6";"2019";"12:30";"1";"69";"69043";"2";"1";"7";"3";"61 aveue de Verdun";"45,7094270";"4,7417510"
"201900028279";"27";"6";"2019";"04:10";"3";"45";"45203";"1";"1";"1";"6";"Autoroute A10 PK 112 + 0";"47,8469260";"1,6825430"
"201900028280";"30";"6";"2019";"06:30";"2";"30";"30347";"1";"1";"1";"4";"PK66+200 SENS MONTPELLIER NIMES";"43,7395520";"4,2585440"
"201900028281";"30";"5";"2019";"06:30";"1";"971";"97103";"2";"1";"1";"6";"Route de Calvaire";"16,2363570";" -61,6274460"
"201900028282";"28";"6";"2019";"01:07";"3";"77";"77071";"1";"1";"1";"2";"Autoroute A6 - PK 082+950 - sens PARIS -> LYON";"48,2027065";"2,7992736"
"201900028283";"22";"6";"2019";"08:30";"1";"33";"33229";"1";"9";"5";"3";"D106 - VTA fait directement demi-tour sur D106 sans emprunter voie dédiée.";"44,7863330";" -0,9127370"
"201900028284";"30";"6";"2019";"01:40";"3";"78";"78003";"1";"1";"1";"6";"A11 PK 28+600";"48,5368650";"1,8763570"
"201900028285";"27";"6";"2019";"12:55";"1";"988";"98821";"1";"1";"8";"6";"RT1, Tontouta";" -22,0199900";"166,2285200"
"201900028286";"26";"6";"2019";"19:00";"5";"976";"97615";"2";"1";"1";"3";"Route Nationale 4";" -12,7985610";"45,2766330"
"201900028287";"27";"6";"2019";"19:35";"5";"974";"97420";"2";"2";"8";"3";"Rue Léon Fidèle";" -20,9253360";"55,5829970"
"201900028288";"19";"6";"2019";"11:40";"1";"971";"97115";"2";"1";"1";"6";"Bagatelle";"16,2487080";" -61,6513720"
"201900028289";"28";"6";"2019";"06:55";"2";"33";"33199";"1";"1";"5";"1";"Dératementale 652";"44,5641200";" -1,0944100"
"201900028290";"28";"6";"2019";"20:15";"1";"77";"77426";"1";"1";"1";"7";"D 215";"48,5870300";"2,8282500"
"201900028291";"5";"6";"2019";"17:15";"1";"91";"91405";"1";"1";"1";"5";"Route départementle 105 - PK 12+4000";"48,4121470";"2,4383270"
"201900028292";"2";"6";"2019";"11:15";"1";"91";"91405";"1";"1";"1";"3";"Route départementale 105";"48,4158220";"2,4319110"
"201900028293";"28";"6";"2019";"18:15";"1";"78";"78437";"1";"1";"1";"2";"Route de Lavacourt";"49,0521890";"1,6611990"
"201900028294";"28";"6";"2019";"13:40";"1";"2B";"2B307";"2";"1";"1";"2";"RT 10, lieu-dit Scalu";"42,3792560";"9,5300630"
"201900028295";"30";"6";"2019";"12:35";"1";"2B";"2B298";"2";"6";"1";"3";"RD 81";"42,6717910";"9,3012210"
"201900028296";"1";"6";"2019";"11:00";"1";"2B";"2B042";"1";"1";"1";"6";"Route des Marines de Borgo";"42,5961590";"9,4971840"
"201900028297";"28";"6";"2019";"03:40";"3";"66";"66185";"1";"1";"1";"6";"D 16";"42,6564990";"2,6110950"
"201900028298";"28";"6";"2019";"17:30";"1";"66";"66101";"2";"9";"7";"3";"Cami de les Olivedes";"42,6219400";"2,7691600"
"201900028299";"30";"6";"2019";"16:20";"1";"34";"34151";"1";"1";"1";"5";"cd 61";"43,6249810";"4,1261060"
"201900028300";"27";"6";"2019";"20:30";"2";"83";"83115";"2";"3";"1";"1";"18 Chemin du Preconil";"43,3101630";"6,6314850"
"201900028301";"18";"6";"2019";"18:45";"1";"83";"83042";"2";"1";"1";"2";"Avenue Sigismond Coulet";"43,2495820";"6,5360630"
"201900028302";"28";"6";"2019";"09:45";"1";"4";"04245";"1";"1";"1";"5";"RD 4096";"43,8604580";"5,8357180"
"201900028303";"28";"6";"2019";"20:00";"2";"4";"04143";"1";"1";"1";"1";"RD 907 - Les Coues";"43,8869710";"5,9386620"
"201900028304";"28";"6";"2019";"18:00";"1";"13";"13053";"1";"1";"1";"2";"D7N";"43,7190810";"5,1763120"
"201900028305";"27";"6";"2019";"13:45";"1";"13";"13100";"1";"1";"1";"1";"CD99 PK 13+375";"43,7890340";"4,8311500"
"201900028306";"22";"6";"2019";"12:10";"1";"13";"13062";"1";"1";"1";"3";"Route de Simiane";"43,4248010";"5,4730660"
"201900028307";"29";"6";"2019";"18:00";"1";"26";"26252";"1";"1";"1";"2";"A7 PK 77.000 S/N";"44,8732500";"4,8753900"
"201900028308";"29";"6";"2019";"19:40";"1";"70";"70348";"1";"1";"1";"1";"RD 4 PK 15 +900";"47,6157370";"6,5334070"
"201900028309";"29";"6";"2019";"19:30";"1";"25";"25313";"1";"1";"1";"5";"CD683 - PK71+726";"47,3713720";"6,4291990"
"201900028310";"30";"6";"2019";"10:45";"1";"89";"89037";"1";"1";"1";"6";"A6 PK 132+300";"47,9174925";"3,2879162"
"201900028311";"28";"6";"2019";"18:30";"1";"21";"21268";"1";"1";"7";"7";"Flagey-lès-Auxonne";"47,1402020";"5,3979060"
"201900028312";"30";"6";"2019";"16:40";"1";"68";"68342";"1";"1";"1";"7";"PK 12+300";"47,8188580";"7,1991110"
"201900028313";"29";"6";"2019";"15:55";"1";"68";"68204";"2";"1";"7";"7";"2 Rue de Sondernach";"48,0071810";"7,0710150"
"201900028314";"25";"6";"2019";"21:30";"2";"67";"67309";"2";"9";"1";"1";"Rue du Général Leclerc";"48,6420270";"7,7168120"
"201900028315";"30";"6";"2019";"03:45";"3";"67";"67282";"1";"1";"1";"7";"PK 25 + 200 RD 1004";"48,6177110";"7,5076080"
"201900028316";"27";"6";"2019";"16:45";"1";"67";"67282";"2";"6";"7";"3";"RD 1004";"48,6222580";"7,4920200"
"201900028317";"28";"6";"2019";"17:10";"1";"67";"67348";"2";"1";"1";"3";"39 Boulevard d'Europe";"48,4631260";"7,4943060"
"201900028318";"26";"6";"2019";"21:10";"2";"88";"88098";"2";"4";"1";"6";"1312 rue des Pins";"48,1639990";"6,3396140"
"201900028319";"28";"6";"2019";"22:25";"5";"54";"54459";"2";"3";"1";"6";"Rue Alfred de Vigny";"48,6001640";"6,1687930"
"201900028320";"29";"6";"2019";"10:45";"1";"57";"57211";"2";"1";"1";"6";"Rue de la Croix Blaise";"49,1875460";"6,1459650"
"201900028321";"30";"6";"2019";"13:50";"1";"3";"03316";"2";"1";"1";"1";"route de Moulins";"46,6588749";"3,2497514"
"201900028322";"27";"6";"2019";"22:40";"1";"63";"63263";"2";"6";"1";"3";"BREZET (AVENUE)";"45,7879378";"3,1394519"
"201900028323";"29";"6";"2019";"17:25";"1";"74";"74037";"1";"3";"7";"3";"Intersection Route de Saxel - Route des Perriers";"46,2128490";"6,3983930"
"201900028324";"29";"6";"2019";"23:50";"3";"73";"73306";"1";"1";"1";"1";"RD 902";"45,1979296";"6,4425682"
"201900028325";"29";"6";"2019";"10:20";"1";"73";"73135";"1";"1";"1";"2";"D1006";"45,2913907";"6,3548136"
"201900028326";"27";"6";"2019";"14:30";"1";"73";"73089";"1";"2";"1";"7";"D33 Route du Pont de Coise";"45,5287765";"6,1189609"
"201900028327";"29";"6";"2019";"11:17";"1";"73";"73032";"1";"3";"1";"3";"Route de l'Énergie";"45,6365985";"6,4411369"
"201900028328";"30";"6";"2019";"18:20";"1";"38";"38176";"1";"1";"1";"6";"Route de la Verpillière";"45,6515610";"5,1774400"
"201900028329";"28";"6";"2019";"14:39";"1";"38";"38065";"1";"1";"1";"2";"4 Route de Grenoble";"45,4457380";"5,4051100"
"201900028330";"27";"6";"2019";"12:00";"1";"38";"38484";"1";"1";"1";"3";"Route de Septème";"45,5544900";"4,9458900"
"201900028331";"28";"6";"2019";"16:00";"1";"26";"26004";"1";"2";"7";"3";"Chemin des Fauconnières";"44,9600740";"4,9906590"
"201900028332";"29";"6";"2019";"07:30";"1";"26";"26196";"1";"2";"1";"3";"Planèze";"44,8554690";"4,9213790"
"201900028333";"15";"6";"2019";"18:50";"1";"7";"07153";"2";"1";"1";"7";"RN 102 Vieux Mayres";"44,6764075";"4,0827548"
"201900028334";"28";"6";"2019";"21:00";"1";"1";"01262";"2";"3";"1";"6";"Allée des Lilas";"45,8469260";"5,0502690"
"201900028335";"22";"6";"2019";"07:30";"2";"69";"69090";"1";"9";"7";"3";"RD338";"45,9263390";"4,6378988"
"201900028336";"30";"6";"2019";"17:15";"1";"69";"69249";"1";"1";"1";"6";"D311";"45,6772810";"4,6353840"
"201900028337";"28";"6";"2019";"08:10";"1";"69";"69139";"1";"1";"1";"6";"Albigny";"45,8348000";"4,4497200"
"201900028338";"27";"6";"2019";"09:00";"1";"69";"69173";"1";"1";"1";"2";"route des tuileries";"45,8787280";"4,5588240"
"201900028339";"23";"6";"2019";"10:45";"1";"69";"69163";"2";"1";"1";"6";"Rue de la République";"45,9153430";"4,7766720"
"201900028340";"28";"6";"2019";"11:30";"1";"69";"69040";"2";"1";"1";"3";"Allée des Monts d'Or";"45,7982940";"4,7821910"
"201900028341";"29";"6";"2019";"19:10";"1";"17";"17225";"2";"1";"1";"7";"Route de Royan";"45,6833230";" -1,1628590"
"201900028342";"27";"6";"2019";"15:39";"1";"24";"24407";"1";"1";"1";"7";"la borie";"44,9340970";"0,7734540"
"201900028343";"27";"6";"2019";"18:35";"1";"24";"24382";"1";"1";"1";"1";"D.660";"44,8454010";"0,6404270"
"201900028344";"28";"5";"2019";"00:30";"5";"33";"33317";"1";"1";"1";"6";"149 Grimard";"45,0122900";" -0,2916900"
"201900028345";"29";"6";"2019";"13:30";"1";"33";"33214";"2";"2";"8";"3";"22 Avenue Plantey / Rue de Verdun";"45,0017800";" -1,1909410"
"201900028346";"28";"6";"2019";"16:20";"1";"33";"33438";"1";"1";"1";"1";"123 route de gascogne";"44,5701300";" -0,2453500"
"201900028347";"24";"6";"2019";"08:30";"2";"49";"49278";"1";"6";"1";"2";"départementale 112";"47,4202710";" -0,5822600"
"201900028348";"28";"6";"2019";"22:50";"5";"14";"14166";"2";"2";"1";"2";"cd 514";"49,2911630";" -0,2825550"
"201900028349";"29";"6";"2019";"10:40";"1";"22";"22070";"2";"3";"7";"3";"Rue de Cadolan";"48,5552150";" -3,1464320"
"201900028350";"29";"6";"2019";"05:45";"2";"60";"60141";"2";"1";"1";"6";"rd1016";"49,1843630";"2,4599140"