"Num_Acc";"jour";"mois";"an";"hrmn";"lum";"dep";"com";"agg";"int";"atm";"col";"adr";"lat";"long"
"201900028351";"28";"6";"2019";"01:46";"5";"60";"60346";"2";"1";"1";"6";"43 Avenue de la Libération";"49,1508917";"2,4430373"
"201900028352";"28";"6";"2019";"14:25";"1";"60";"60674";"1";"1";"1";"6";"RD 547";"49,3877340";"2,9497676"
"201900028353";"27";"6";"2019";"08:45";"1";"60";"60338";"2";"6";"1";"3";"Rue Bellum Villare, GIRATOIRE JEAN MONNET";"49,3810598";"2,7828379"
"201900028354";"27";"6";"2019";"10:00";"1";"62";"62264";"1";"1";"1";"3";"RD 940";"50,5888180";"1,6126870"
"201900028355";"28";"6";"2019";"08:47";"1";"59";"59330";"2";"3";"7";"3";"Rue du Maréchal Leclerc";"50,4720799";"3,2965857"
"201900028356";"28";"6";"2019";"16:30";"1";"59";"59308";"2";"1";"1";"6";"Rue de Sainte-Marie Cappel";"50,7572960";"2,5189940"
"201900028357";"20";"6";"2019";"15:10";"1";"13";"13001";"1";"1";"1";"2";"A51-Sens Aix en Provence vers Marseille";"43,5210600";"5,4275300"
"201900028358";"26";"6";"2019";"17:10";"1";"13";"13106";"1";"1";"1";"3";"A7-Sens Lyon vers Marseille";"43,3932200";"5,3509100"
"201900028359";"28";"6";"2019";"08:55";"1";"13";"13215";"1";"1";"1";"2";"A7-Sens Lyon vers Marseille";"43,3539450";"5,3644190"
"201900028360";"25";"6";"2019";"19:15";"1";"13";"13071";"1";"1";"1";"2";"A7-Sens Marseille vers Lyon";"43,4172191";"5,2751738"
"201900028361";"28";"6";"2019";"00:35";"5";"13";"13202";"1";"1";"1";"3";"Tunnel Joliette Marseille vers Aubagne";"43,2939060";"5,3641430"
"201900028362";"28";"6";"2019";"07:35";"1";"83";"83144";"1";"1";"1";"2";"N/A";"43,1334900";"5,9847600"
"201900028363";"26";"6";"2019";"03:10";"3";"69";"69272";"1";"1";"1";"2";"A46S   57.400 A 61.010";"45,5916633";"4,8386090"
"201900028364";"29";"6";"2019";"02:30";"3";"42";"42207";"1";"1";"1";"2";"RN88 CROISSANT";"45,4625600";"4,4919200"
"201900028365";"22";"6";"2019";"14:55";"1";"67";"67152";"1";"1";"1";"4";"Autoroute A.35";"48,5318800";"7,6953100"
"201900028366";"26";"6";"2019";"14:50";"1";"67";"67152";"1";"1";"1";"6";"Bretelle sortie autoroute";"48,5254843";"7,6684079"
"201900028367";"28";"6";"2019";"09:50";"1";"33";"33090";"1";"1";"1";"2";"AUTOROUTE A 63";"44,7670200";" -0,6686600"
"201900028368";"28";"6";"2019";"01:30";"4";"33";"33249";"1";"1";"1";"6";"RN230 éch 1 bretelle vers A10";"44,8847600";" -0,5104000"
"201900028369";"26";"6";"2019";"07:30";"1";"62";"62624";"1";"1";"1";"7";"AUTOROUTE A1";"50,4196500";"2,9854500"
"201900028370";"26";"6";"2019";"09:40";"1";"59";"59143";"1";"1";"1";"7";"AUTOROUTE A25";"50,6695000";"2,8762400"
"201900028371";"29";"6";"2019";"18:01";"1";"91";"91617";"1";"1";"1";"4";"RN 104 INT / A5A PROVINCE";"48,6316000";"2,5196500"
"201900028372";"28";"6";"2019";"17:30";"1";"91";"91136";"1";"1";"1";"2";"AUTOROUTE A10";"48,7162500";"2,2654660"
"201900028373";"28";"6";"2019";"17:55";"1";"92";"92002";"1";"1";"1";"2";"AUTOROUTE A10";"48,7318925";"2,3105634"
"201900028374";"28";"6";"2019";"15:00";"1";"91";"91689";"1";"1";"1";"2";"AUTOROUTE A6B";"48,7457800";"2,3255000"
"201900028375";"28";"6";"2019";"12:00";"1";"94";"94076";"1";"1";"1";"3";"AUTOROUTE A6B";"48,7915600";"2,3447300"
"201900028376";"27";"6";"2019";"10:33";"1";"91";"91521";"1";"1";"1";"7";"RN 104";"48,6361400";"2,4023400"
"201900028377";"27";"6";"2019";"07:30";"1";"91";"91589";"1";"1";"1";"4";"AUTOROUTE A6";"48,6742800";"2,3425000"
"201900028378";"29";"6";"2019";"01:25";"3";"78";"78423";"1";"1";"1";"5";"RN12";"48,7938900";"2,0511230"
"201900028379";"28";"6";"2019";"16:28";"1";"78";"78297";"1";"1";"1";"6";"RN12";"48,7895600";"2,0594400"
"201900028380";"28";"6";"2019";"10:45";"1";"78";"78117";"1";"1";"1";"3";"RN12";"48,7883290";"2,1372890"
"201900028381";"26";"6";"2019";"17:30";"1";"78";"78640";"1";"1";"1";"5";"A86 EXT";"48,7772880";"2,2236410"
"201900028382";"29";"6";"2019";"02:10";"3";"95";"95395";"1";"1";"1";"7";"RN 104";"49,0681800";"2,3929300"
"201900028383";"29";"6";"2019";"00:30";"3";"95";"95018";"1";"1";"1";"6";"AUTOROUTE A15";"48,9614200";"2,2690000"
"201900028384";"28";"6";"2019";"18:40";"1";"95";"95572";"1";"1";"1";"4";"AUTOROUTE A15";"49,0319700";"2,1147500"
"201900028385";"28";"6";"2019";"12:50";"1";"93";"93007";"1";"1";"1";"2";"AUTOROUTE A3";"48,9206900";"2,4793900"
"201900028386";"28";"6";"2019";"10:00";"1";"93";"93048";"1";"1";"1";"3";"AUTOROUTE A86";"48,8659520";"2,4815160"
"201900028387";"27";"6";"2019";"23:10";"3";"95";"95394";"1";"1";"1";"6";"RN 184";"49,0515280";"2,1515890"
"201900028388";"27";"6";"2019";"17:30";"1";"95";"95572";"1";"1";"1";"4";"RN 184";"49,0333300";"2,1088600"
"201900028389";"27";"6";"2019";"16:30";"1";"93";"93066";"1";"1";"1";"5";"AUTOROUTE A86";"48,9222100";"2,3599500"
"201900028390";"27";"6";"2019";"12:05";"1";"93";"93007";"1";"1";"1";"3";"AUTOROUTE A3";"48,9224300";"2,4801300"
"201900028391";"27";"6";"2019";"12:05";"1";"95";"95028";"1";"1";"7";"2";"RN 104";"49,0638100";"2,3673200"
"201900028392";"27";"6";"2019";"08:00";"1";"93";"93013";"1";"1";"1";"4";"AUTOROUTE A1";"48,9402200";"2,4235500"
"201900028393";"26";"6";"2019";"20:10";"1";"92";"92036";"1";"1";"1";"3";"AUTOROUTE A86";"48,9374175";"2,3171061"
"201900028394";"26";"6";"2019";"08:05";"1";"93";"93064";"1";"1";"1";"2";"AUTOROUTE A103";"48,8866300";"2,4816700"
"201900028395";"28";"6";"2019";"19:45";"1";"77";"77373";"1";"1";"1";"2";"RN104";"48,7944400";"2,6204700"
"201900028396";"28";"6";"2019";"17:30";"1";"94";"94028";"1";"1";"1";"3";"A86 EXT";"48,8066400";"2,4490000"
"201900028397";"27";"6";"2019";"17:30";"1";"94";"94017";"1";"1";"1";"2";"A4";"48,8266775";"2,5143372"
"201900028398";"27";"6";"2019";"14:50";"1";"75";"75112";"1";"1";"1";"3";"A4";"48,8213680";"2,4621020"
"201900028399";"27";"6";"2019";"09:00";"1";"94";"94073";"1";"1";"1";"2";"A86 INT";"48,7585000";"2,3840000"
"201900028400";"27";"6";"2019";"06:40";"1";"77";"77495";"1";"1";"1";"2";"A5b";"48,5716000";"2,6405000"
"201900028401";"26";"6";"2019";"21:50";"2";"94";"94046";"1";"1";"1";"6";"A86 INT";"48,8142226";"2,4486937"
"201900028402";"26";"6";"2019";"18:00";"1";"94";"94017";"1";"1";"1";"6";"A4";"48,8133700";"2,5079000"
"201900028403";"26";"6";"2019";"16:40";"1";"94";"94069";"1";"1";"1";"6";"A4";"48,8205400";"2,4234100"
"201900028404";"26";"6";"2019";"08:28";"1";"63";"63113";"2";"1";"1";"6";"CLEMENTEL (BD ETIENNE)";"45,8161910";"3,1095064"
"201900028405";"19";"6";"2019";"10:10";"1";"17";"17300";"2";"1";"1";"6";"QUATORZE JUILLET   AVENUE DU";"46,1521500";" -1,1250600"
"201900028406";"25";"6";"2019";"17:00";"1";"13";"13204";"2";"1";"1";"6";"SEBASTOPOL (PLACE)";"43,2995800";"5,3971300"
"201900028407";"23";"6";"2019";"11:50";"1";"92";"92049";"2";"1";"1";"2";"BROSSOLETTE AVENUE PIERRE";"48,8218018";"2,3135163"
"201900028408";"26";"6";"2019";"10:35";"1";"988";"98818";"2";"1";"8";"2";"RUE DU GENERAL GALLIENI";" -22,2703200";"166,4388500"
"201900028409";"26";"6";"2019";"22:10";"5";"69";"69276";"2";"3";"1";"1";"LYON (DE)                               ";"45,6777300";"4,8610100"
"201900028410";"26";"6";"2019";"21:50";"5";"69";"69388";"2";"1";"1";"3";"PINEL                               (BD)";"45,7287100";"4,8866300"
"201900028411";"26";"6";"2019";"12:00";"1";"69";"69383";"2";"1";"1";"6";"BONNEL (DE)                         (R )";"45,7618000";"4,8482100"
"201900028412";"26";"6";"2019";"11:10";"1";"69";"69387";"2";"1";"1";"1";"JEAN JAURES                         (AV)";"45,7324500";"4,8344700"
"201900028413";"25";"6";"2019";"16:50";"1";"69";"69386";"2";"2";"1";"3";"DUQUESNE                            (R )";"45,7724000";"4,8411700"
"201900028414";"26";"6";"2019";"06:00";"2";"69";"69387";"2";"3";"1";"1";"GERLAND (DE)                        (R )";"45,7340800";"4,8393500"
"201900028415";"26";"6";"2019";"09:45";"1";"972";"97209";"1";"3";"1";"6";"CONDORCET (AVENUE)";"14,6064000";" -61,0818000"
"201900028416";"29";"5";"2019";"21:30";"1";"69";"69382";"2";"1";"1";"5";"PRESIDENT EDOUARD HERRIOT (DU)      (R )";"45,7600209";"4,8340058"
"201900028417";"25";"6";"2019";"23:20";"5";"69";"69389";"2";"7";"1";"3";"PORT MOUTON (DU)                    (PL)";"45,7739200";"4,8090800"
"201900028418";"26";"6";"2019";"19:05";"1";"2B";"2B033";"2";"1";"1";"6";"SEBASTIANI  - AVENUE";"42,7023300";"9,4501000"
"201900028419";"22";"6";"2019";"22:52";"5";"971";"97113";"1";"1";"1";"3";"RN4 - SECTION RIVIERA";"16,2176100";" -61,4939700"
"201900028420";"26";"6";"2019";"14:35";"1";"2A";"2A004";"2";"1";"1";"5";"ILES SANGUINAIRES ROUTE DES";"41,9060100";"8,6708100"
"201900028421";"24";"6";"2019";"18:25";"1";"95";"95277";"1";"1";"1";"6";"RD317";"48,9869000";"2,4724000"
"201900028422";"26";"6";"2019";"17:30";"1";"91";"91097";"2";"1";"1";"6";"TIBAUDIERES (RUE)";"48,6865000";"2,5363000"
"201900028423";"24";"6";"2019";"18:44";"1";"87";"87085";"2";"1";"1";"3";"LECLERC (AVENUE DU GENERAL)";"45,8417400";"1,2584500"
"201900028424";"25";"6";"2019";"11:30";"1";"80";"80021";"2";"2";"1";"3";"R DE LA DEUXIEME DB ";"49,8924300";"2,2924600"
"201900028425";"24";"6";"2019";"19:10";"1";"78";"78640";"2";"2";"1";"3";"MORANE-SAULNIER (AVENUE)";"48,7841300";"2,2153000"
"201900028426";"21";"6";"2019";"21:05";"2";"78";"78490";"1";"6";"1";"3";"DEUX PLATEAUX (ROUTE DES)";"48,8347740";"1,9575930"
"201900028427";"26";"6";"2019";"06:40";"1";"78";"78498";"2";"1";"1";"6";"GAMBETTA BD";"48,9335600";"2,0429300"
"201900028428";"25";"6";"2019";"23:30";"3";"77";"77118";"1";"1";"1";"2";"DEPARTEMENTAL 34E (ROUTE)";"48,9381300";"2,6693700"
"201900028429";"26";"6";"2019";"15:00";"1";"77";"77468";"2";"1";"7";"6";"ARCHE GUEDON (COURS DE L')";"48,8495300";"2,6409900"
"201900028430";"25";"6";"2019";"20:20";"1";"77";"77431";"2";"1";"1";"6";"D40E5 BARRY-TRICARD (RUE)";"48,2607300";"2,6945800"
"201900028431";"24";"6";"2019";"08:10";"1";"74";"74118";"2";"3";"1";"3";"LECLERC (RUE MARECHAL)";"46,1630300";"6,1837900"
"201900028432";"27";"6";"2019";"01:07";"5";"69";"69256";"2";"2";"1";"3";"PABLO PICASSO                       (AV)";"45,7755300";"4,9174500"
"201900028433";"26";"6";"2019";"11:30";"1";"69";"69266";"2";"1";"1";"6";"ROGER SALENGRO     (Avenue)";"45,7764800";"4,8749000"
"201900028434";"25";"6";"2019";"23:40";"5";"69";"69266";"2";"1";"1";"5";"STALINGRAD    (Boulevard de la Bataille ";"45,7726500";"4,8590300"
"201900028435";"20";"6";"2019";"18:54";"1";"68";"68066";"2";"1";"1";"1";"Foire aux vins";"48,0935680";"7,3559470"
"201900028436";"26";"6";"2019";"11:05";"1";"67";"67482";"2";"1";"1";"2";"VOSGES (AVENUE DES)";"48,5904960";"7,7482930"
"201900028437";"25";"6";"2019";"18:00";"1";"67";"67482";"2";"1";"1";"2";"DORDOGNE (BOULEVARD DE LA)";"48,5905360";"7,7656600"
"201900028438";"25";"6";"2019";"12:55";"1";"67";"67218";"2";"1";"1";"3";"L INDUSTRIE (RUE DE)";"48,5297590";"7,7313042"
"201900028439";"25";"6";"2019";"08:40";"1";"64";"64445";"2";"3";"1";"3";"BERLIOZ";"43,3170507";" -0,3442029"
"201900028440";"26";"6";"2019";"15:20";"1";"59";"59566";"2";"6";"1";"3";"PONT RUE DU";"50,6246700";"2,9842400"
"201900028441";"25";"6";"2019";"16:00";"1";"59";"59220";"2";"2";"1";"3";"VERDUN AVENUE DE";"50,5892100";"3,0785600"
"201900028442";"25";"6";"2019";"17:15";"1";"57";"57630";"1";"1";"7";"1";"HESSE ( ROUTE DE)";"48,7141312";"7,0467849"
"201900028443";"25";"6";"2019";"19:02";"1";"51";"51454";"2";"1";"1";"7";"RUE PIERRE TAITTINGER";"49,2355400";"4,0058200"
"201900028444";"26";"6";"2019";"08:20";"1";"49";"49007";"2";"1";"1";"2";"RESISTANCE ET DEPORTATION BLD";"47,4735300";" -0,5452500"
"201900028445";"25";"6";"2019";"09:11";"1";"49";"49267";"2";"1";"1";"6";"PAPERIE";"47,4635500";" -0,5111800"
"201900028446";"26";"6";"2019";"13:15";"1";"44";"44109";"2";"1";"1";"6";"RUE DU PIN";"47,2342900";" -1,5630000"
"201900028447";"25";"6";"2019";"14:10";"1";"42";"42187";"2";"1";"1";"3";"CHARLIEU (RUE DE )";"46,0451700";"4,0803700"
"201900028448";"25";"6";"2019";"10:45";"1";"41";"41269";"2";"1";"1";"6";"YVON (AVENUE GERARD)";"47,7985300";"1,0685800"
"201900028449";"26";"6";"2019";"12:15";"1";"38";"38185";"1";"1";"1";"6";"COURS DE LA LIBÉRATION ET DU GÉNÉRAL DE";"45,1608900";"5,7098800"
"201900028450";"25";"6";"2019";"11:49";"1";"37";"37261";"2";"1";"1";"3";"MALRAUX (QUAI ANDRE)";"47,3973831";"0,6899438"
"201900028451";"25";"6";"2019";"13:40";"1";"35";"35288";"2";"3";"1";"3";"MOTTE (RUE DE LA)";"48,6370300";" -1,9982900"
"201900028452";"25";"6";"2019";"14:00";"1";"35";"35238";"2";"3";"1";"3";"MONSIEUR VINCENT";"48,0927500";" -1,6486000"
"201900028453";"25";"6";"2019";"13:15";"1";"35";"35051";"2";"1";"1";"2";"BLANCS (LIEU-DIT LES CHAMPS)";"48,1343330";" -1,6195090"
"201900028454";"25";"6";"2019";"08:15";"1";"35";"35238";"2";"1";"1";"6";"ROCHESTER (AVENUE DE)";"48,1279440";" -1,6590310"
"201900028455";"26";"6";"2019";"17:00";"1";"34";"34172";"2";"2";"1";"3";"PALAVAS (AVENUE DE)";"43,6010600";"3,8847100"
"201900028456";"25";"6";"2019";"13:12";"1";"34";"34172";"2";"1";"1";"6";"VALERY (BOULEVARD PAUL";"43,5906300";"3,8552200"
"201900028457";"27";"6";"2019";"00:15";"5";"33";"33200";"2";"1";"1";"3";"AVE JEAN MERMOZ";"44,8615000";" -0,6661000"
"201900028458";"17";"6";"2019";"20:00";"1";"33";"33281";"2";"3";"1";"1";"AVE VICTOR HUGO";"44,8168500";" -0,6241500"
"201900028459";"26";"6";"2019";"15:15";"1";"33";"33063";"2";"1";"1";"6";"QUAI DU MARECHAL LYAUTEY";"44,8419100";" -0,5694900"
"201900028460";"12";"4";"2019";"07:27";"1";"91";"91021";"2";"1";"1";"2";"LIMOURS (ROUTE DE)";"48,5990000";"2,2440000"
"201900028461";"11";"4";"2019";"12:44";"1";"91";"91552";"2";"1";"1";"7";"ALLENDE SALVADOR (AVENUE)";"48,5926250";"2,2614950"
"201900028462";"9";"4";"2019";"15:07";"1";"87";"87085";"1";"1";"1";"5";"GROSSEREIX (ROND POINT DE)";"45,8937100";"1,2936000"
"201900028463";"13";"4";"2019";"16:40";"1";"86";"86194";"2";"2";"1";"3";"NIMEGUE (RUE DE)";"46,5893600";"0,3598500"
"201900028464";"12";"4";"2019";"08:55";"1";"86";"86041";"1";"1";"1";"6";"CHARLETTERIE (RUE DE LA)";"46,3519000";"0,2212000"
"201900028465";"11";"4";"2019";"18:50";"1";"86";"86194";"2";"1";"1";"2";"LIBERATION (AVENUE DE LA)";"46,5705600";"0,3246300"
"201900028466";"28";"3";"2019";"17:00";"1";"85";"85194";"2";"1";"1";"6";"RUE MATHIEU SAINT-JOUAN ";"46,5060000";" -1,7840700"
"201900028467";"8";"4";"2019";"20:00";"2";"83";"83137";"2";"1";"1";"3";"ARTILLERIE DE MARINE (ROND POINT DE L')";"43,1122600";"5,9332600"
"201900028468";"11";"4";"2019";"08:00";"1";"83";"83137";"2";"1";"1";"3";"FARON (BD DU)";"43,1356700";"5,9273500"
"201900028469";"12";"4";"2019";"09:25";"1";"79";"79329";"2";"1";"1";"3";"86 rue Jules Michelet";"46,9765000";" -0,2022100"
"201900028470";"9";"4";"2019";"11:40";"1";"78";"78158";"2";"3";"1";"6";"KLEBER (RUE)";"48,8201000";"2,1326200"
"201900028471";"11";"4";"2019";"22:00";"3";"78";"78401";"2";"1";"1";"3";"D 922";"49,0133920";"1,9254470"
"201900028472";"13";"4";"2019";"19:15";"1";"77";"77118";"1";"1";"1";"4";"ROUTE NATIONALE 3";"48,9438700";"2,6705800"
"201900028473";"11";"4";"2019";"13:30";"1";"77";"77083";"2";"9";"1";"7";"ALBERT BERTHELOT (RUE)";"48,8595300";"2,5889800"
"201900028474";"12";"4";"2019";"10:30";"1";"77";"77305";"2";"1";"1";"3";"D411-BRAY (ROUTE DE)";"48,3834500";"2,9691400"
"201900028475";"10";"4";"2019";"18:30";"1";"77";"77409";"1";"1";"8";"3";"D 403";"48,4116000";"3,0005000"
"201900028476";"10";"4";"2019";"12:13";"1";"77";"77445";"2";"1";"1";"6";"MENDES-FRANCE (AVENUE PIERRE)";"48,5956810";"2,5728950"
"201900028477";"12";"4";"2019";"22:09";"5";"77";"77288";"1";"5";"1";"3";"D346 X ACCES ZONE COMMERCIALE";"48,5536000";"2,6289000"
"201900028478";"11";"4";"2019";"20:05";"1";"77";"77335";"1";"1";"1";"2";"RN3 (ROUTE NATIONALE)";"48,9589776";"2,8268104"
"201900028479";"12";"4";"2019";"21:50";"5";"76";"76319";"2";"1";"1";"2";"CAEN. AVENUE DE";"49,3448000";"0,9851000"
"201900028480";"1";"4";"2019";"16:00";"1";"76";"76497";"1";"1";"1";"6";"RN 138";"49,3555025";"1,0322350"
"201900028481";"11";"4";"2019";"14:40";"1";"76";"76351";"2";"3";"1";"3";"PABLO NERUDA (RUE)";"49,5043878";"0,1545596"
"201900028482";"10";"4";"2019";"10:40";"1";"76";"76351";"2";"3";"1";"3";"LAMBLARDIE (QUAI)";"49,4896200";"0,1131100"
"201900028483";"9";"4";"2019";"17:35";"1";"76";"76351";"2";"1";"1";"6";"REPUBLIQUE (COURS DE LA)";"49,4983900";"0,1285100"
"201900028484";"11";"4";"2019";"12:15";"1";"74";"74298";"2";"1";"1";"7";"EUROPE (AVENUE DE L')";"46,1821000";"6,2460900"
"201900028485";"10";"4";"2019";"19:35";"1";"72";"72181";"2";"1";"1";"3";"LOUIS BLANC (QUAI)";"48,0065600";"0,1924600"
"201900028486";"10";"4";"2019";"16:30";"1";"71";"71153";"2";"3";"1";"2";"MONTCENIS (ROUTE DE)";"46,8042700";"4,4132200"
"201900028487";"12";"4";"2019";"15:55";"1";"69";"69290";"2";"1";"1";"6";"JULIETTE RECAMIER                   (R )";"45,6950100";"4,9338400"
"201900028488";"12";"4";"2019";"14:39";"1";"69";"69290";"2";"3";"1";"6";"HENRI MARECHAL                      (R )";"45,6935500";"4,9404700"
"201900028489";"11";"4";"2019";"18:00";"1";"69";"69275";"2";"1";"1";"6";"CARNOT                              (R )";"45,7629400";"4,9724000"
"201900028490";"10";"4";"2019";"14:45";"1";"69";"69266";"2";"9";"1";"3";"CUSSET   (Pont de)";"45,7683400";"4,9051800"
"201900028491";"11";"4";"2019";"16:43";"1";"68";"68297";"2";"1";"1";"1";"BVD DE L'EUROPE";"47,5881710";"7,5529290"
"201900028492";"11";"4";"2019";"19:35";"1";"67";"67482";"2";"1";"1";"3";"JEAN SEBASTIEN BACH (BOULEVARD)";"48,5887240";"7,7788330"
"201900028493";"11";"4";"2019";"04:38";"5";"67";"67482";"1";"1";"1";"6";"MINOTERIE (RUE DE LA)";"48,5842090";"7,7932790"
"201900028494";"12";"4";"2019";"21:05";"5";"65";"65286";"2";"2";"1";"3";"LAPACCA (BOULEVARD DU)";"43,0971600";" -0,0385100"
"201900028495";"13";"4";"2019";"17:20";"1";"64";"64260";"2";"1";"1";"3";"AVENUE DE LA BAIE DE CHINGUDY ";"43,3686100";" -1,7719200"
"201900028496";"13";"4";"2019";"14:40";"1";"64";"64237";"2";"6";"1";"3";"VALLEE HEUREUSE";"43,2790536";" -0,3753760"
"201900028497";"11";"4";"2019";"17:40";"1";"64";"64445";"2";"1";"2";"4";"GASTON PHOEBUS";"43,2987000";" -0,3865000"
"201900028498";"10";"4";"2019";"13:00";"1";"64";"64348";"2";"3";"1";"3";"SALIE";"43,3361200";" -0,3863500"
"201900028499";"9";"4";"2019";"14:25";"1";"64";"64122";"2";"6";"1";"2";"ROND POINT LUIS MARIANO ";"43,4586000";" -1,5473900"
"201900028500";"8";"4";"2019";"13:25";"1";"64";"64122";"2";"1";"1";"6";"MARECHAL LECLERC(BD DU)";"43,4834600";" -1,5682200"
"201900028501";"8";"4";"2019";"18:00";"1";"64";"64102";"2";"1";"8";"6";"ALLEES BOUFFLERS";"43,4919000";" -1,4701000"
"201900028502";"11";"4";"2019";"04:50";"5";"63";"63063";"2";"6";"2";"6";"giratoire avant VERTE (RUE)";"45,8422525";"3,1162502"
"201900028503";"10";"4";"2019";"12:30";"1";"63";"63164";"2";"1";"1";"2";"MITTERRAND ( Avenue François)";"45,8200000";"3,1549500"
"201900028504";"11";"4";"2019";"10:25";"1";"63";"63113";"2";"1";"2";"3";"CLEMENTEL (BD ETIENNE)";"45,7965900";"3,1126500"
"201900028505";"12";"4";"2019";"18:25";"1";"62";"62826";"2";"1";"1";"6";"DIX HUIT JUIN (AVENUE DU)";"50,5242673";"1,5959470"
"201900028506";"12";"4";"2019";"14:10";"1";"59";"59599";"2";"1";"1";"2";"LORIDANT (RUE HENRI)";"50,6970440";"3,1472180"
"201900028507";"13";"4";"2019";"00:15";"5";"59";"59350";"2";"3";"1";"3";"HEGEL RUE";"50,6282394";"3,0169621"
"201900028508";"12";"4";"2019";"17:10";"1";"59";"59560";"1";"6";"1";"3";"AVELIN ROUTE D";"50,5446530";"3,0564160"
"201900028509";"11";"4";"2019";"17:15";"1";"59";"59569";"2";"6";"1";"4";"LECLERC (AVENUE DU MARECHAL)";"50,3592700";"3,1097000"
"201900028510";"12";"4";"2019";"12:20";"1";"56";"56121";"2";"2";"1";"6";"DORVAL (RUE  MARIE )";"47,7464190";" -3,3597850"
"201900028511";"5";"4";"2019";"08:10";"1";"54";"54395";"2";"1";"1";"6";"SAINT GEORGES (RUE)";"48,6920190";"6,1864160"
"201900028512";"13";"4";"2019";"10:40";"1";"54";"54136";"2";"1";"1";"3";"RD603";"49,1673000";"5,8555000"
"201900028513";"12";"4";"2019";"16:30";"1";"51";"51454";"2";"1";"1";"7";"RUE DES ROMAINS";"49,2622480";"4,0211259"
"201900028514";"12";"4";"2019";"14:45";"1";"51";"51454";"2";"1";"1";"7";"RUE EDMOND ROSTAND";"49,2103700";"4,0195200"
"201900028515";"12";"4";"2019";"12:40";"1";"51";"51454";"2";"2";"1";"3";"AVENUE D'EPERNAY";"49,2408500";"4,0134900"
"201900028516";"10";"4";"2019";"10:00";"1";"50";"50502";"1";"9";"2";"6";"COMMUNE (boulevard de La)";"49,1017300";" -1,0751800"
"201900028517";"10";"4";"2019";"21:55";"3";"50";"50147";"1";"1";"1";"7";"CHEMIN DE LA PORTE";"49,0663500";" -1,4438800"
"201900028518";"12";"4";"2019";"14:22";"1";"50";"50129";"2";"3";"1";"3";"CARNOT (AVENUE)";"49,6380900";" -1,6165900"
"201900028519";"9";"4";"2019";"18:45";"1";"50";"50173";"2";"1";"1";"6";"GAULLE (RUE DU GENERAL DE)";"49,6581820";" -1,6768600"
"201900028520";"11";"4";"2019";"11:55";"1";"49";"49099";"2";"1";"1";"6";"EUROPE (AVENUE DE L')";"47,0547700";" -0,8867300"
"201900028521";"10";"4";"2019";"18:35";"1";"49";"49007";"2";"2";"1";"6";"BARANGE BOULEVARD";"47,4543700";" -0,5676800"
"201900028522";"10";"4";"2019";"08:45";"1";"49";"49007";"2";"1";"1";"3";"BEAUVAL";"47,4521500";" -0,5519900"
"201900028523";"13";"4";"2019";"18:30";"1";"45";"45234";"2";"1";"1";"4";"AV DESDROITS DE L'HOMME";"47,9142400";"1,9238800"
"201900028524";"11";"4";"2019";"07:40";"2";"45";"45208";"2";"1";"1";"6";"RUE DES CLOSIERS";"47,9924900";"2,7408900"
"201900028525";"11";"4";"2019";"09:00";"1";"44";"44109";"2";"1";"1";"4";"PONT DE CHEVIRE";"47,1892000";" -1,6137200"
"201900028526";"10";"4";"2019";"12:21";"1";"42";"42189";"2";"1";"1";"3";"SAGNAT (BOULEVARD)";"45,4340200";"4,3322600"
"201900028527";"6";"4";"2019";"09:00";"1";"42";"42218";"2";"1";"1";"6";"DAVID JEAN BAPTISTE";"45,4265720";"4,3973080"
"201900028528";"12";"4";"2019";"06:20";"4";"38";"38185";"2";"3";"1";"3";"RUE HONORÉ DE BALZAC";"45,1735500";"5,7203900"
"201900028529";"11";"4";"2019";"17:15";"1";"37";"37195";"2";"2";"1";"3";"PARMENTIERE (RUE DE LA)";"47,3833979";"0,6651485"
"201900028530";"12";"4";"2019";"19:20";"1";"35";"35238";"2";"2";"1";"2";"DUJARDIN (QUAI)";"48,1102000";" -1,6740000"
"201900028531";"12";"4";"2019";"17:00";"1";"35";"35051";"1";"6";"1";"1";"BEAULIEU (PORTE DE)";"48,1025410";" -1,6098900"
"201900028532";"12";"4";"2019";"13:30";"1";"35";"35238";"2";"2";"1";"3";"METZ (BD DE)";"48,1161780";" -1,6583000"
"201900028533";"11";"4";"2019";"20:30";"1";"35";"35238";"2";"1";"1";"2";"LORIENT (DE)";"48,1085100";" -1,6992500"
"201900028534";"10";"4";"2019";"17:35";"1";"35";"35238";"2";"1";"2";"3";"BIGNON (DU)";"48,0961080";" -1,6371970"
"201900028535";"10";"4";"2019";"12:20";"1";"35";"35055";"1";"6";"1";"7";"HALLERAIS (ROND-POINT)";"48,0778280";" -1,6324980"
"201900028536";"12";"4";"2019";"16:30";"1";"34";"34172";"2";"1";"1";"3";"ORIENT (BOULEVARD D')";"43,6019400";"3,8852400"
"201900028537";"11";"4";"2019";"18:20";"1";"34";"34172";"2";"1";"1";"2";"RHODES (RUE DE)";"43,6087900";"3,8965000"
"201900028538";"10";"4";"2019";"17:40";"1";"34";"34172";"2";"3";"1";"3";"HEIDELBERG (AVENUE DE)";"43,6269700";"3,8157100"
"201900028539";"8";"4";"2019";"19:00";"1";"34";"34032";"1";"1";"1";"5";"ROUTE DE BEDARIEUX (RD.909)";"43,3845597";"3,2275343"
"201900028540";"12";"4";"2019";"08:10";"1";"34";"34003";"2";"6";"1";"3";"CONTREBANDIERS (AVENUE DES)";"43,2904200";"3,5140600"