"Num_Acc";"jour";"mois";"an";"hrmn";"lum";"dep";"com";"agg";"int";"atm";"col";"adr";"lat";"long"
"201900028541";"10";"4";"2019";"12:00";"1";"33";"33063";"2";"1";"1";"3";"RUE EDMOND BESSE";"44,8868400";" -0,5429300"
"201900028542";"6";"4";"2019";"02:00";"5";"33";"33063";"2";"1";"3";"5";"QUAI SAINTE- CROIX (pont de Pierre vers quai Paludate)";"44,8323900";" -0,5602100"
"201900028543";"12";"4";"2019";"09:00";"1";"31";"31557";"2";"1";"1";"6";"AURIOL (BD VINCENT)";"43,5849200";"1,3451700"
"201900028544";"11";"4";"2019";"12:10";"1";"31";"31555";"1";"1";"2";"3";"VA007331 A620";"43,5962100";"1,3968900"
"201900028545";"12";"4";"2019";"23:31";"5";"30";"30189";"2";"1";"1";"6";"SIGAL YVES";"43,8133000";"4,3560900"
"201900028546";"12";"4";"2019";"18:20";"2";"30";"30007";"1";"1";"1";"2";"BAGNOLS (ROUTE DE)";"44,1307000";"4,1097800"
"201900028547";"11";"4";"2019";"17:25";"1";"29";"29232";"2";"1";"1";"6";"MADEC RENE RUE";"47,9944500";" -4,1060200"
"201900028548";"12";"4";"2019";"15:50";"1";"29";"29039";"2";"1";"1";"6";"PORS GWIR ( CHEMIN DE )";"47,8667000";" -3,9075400"
"201900028549";"13";"4";"2019";"15:30";"1";"29";"29019";"2";"3";"1";"3";"LAMOTTE PICQUET (DE 1 A 11 ET 2 A 12)";"48,3950454";" -4,4924787"
"201900028550";"4";"4";"2019";"07:57";"1";"29";"29019";"2";"2";"2";"6";"EUROPE (DE 37 A 47)";"48,4137720";" -4,4824438"
"201900028551";"11";"4";"2019";"17:30";"1";"29";"29019";"2";"1";"1";"2";"VILLENEUVE (RUE)";"48,4101538";" -4,4623804"
"201900028552";"11";"4";"2019";"18:00";"1";"29";"29019";"2";"6";"7";"6";"DUQUESNE (DE 1 A 11 ET 2 A 6)";"48,3903663";" -4,4895286"
"201900028553";"13";"4";"2019";"23:55";"3";"27";"27701";"2";"1";"1";"7";"CHAUSSE DU VEXIN";"49,2534530";"1,1935060"
"201900028554";"13";"4";"2019";"03:05";"5";"26";"26362";"1";"6";"1";"3";"MOURETTES RUE DES";"44,8931090";"4,8840345"
"201900028555";"13";"4";"2019";"16:45";"1";"25";"25462";"2";"3";"1";"6";"FOLLEREAU RAOUL";"46,9181700";"6,3414500"
"201900028556";"10";"4";"2019";"20:40";"5";"25";"25539";"2";"6";"2";"3";"BERNE (RUE DE)";"47,4561870";"6,8712030"
"201900028557";"13";"4";"2019";"00:45";"5";"25";"25056";"2";"1";"1";"6";"BELFORT RUE DE BELFORT (sup 144)4";"47,2616800";"6,0517300"
"201900028558";"11";"4";"2019";"14:00";"1";"25";"25056";"2";"1";"1";"6";"BATTANT RUE";"47,2435100";"6,0220300"
"201900028559";"13";"4";"2019";"03:55";"5";"23";"23096";"2";"1";"1";"6";"GAMBETTA (AVENUE)";"46,1600000";"1,8700000"
"201900028560";"12";"4";"2019";"20:56";"5";"18";"18033";"2";"1";"1";"7";"DE GAULLE (AV DU GENERAL) N° PAIRS";"47,0987000";"2,4063400"
"201900028561";"9";"4";"2019";"17:45";"1";"17";"17306";"2";"4";"1";"3";"HEDDE (AVENUE DANIEL)";"45,6304600";" -1,0322400"
"201900028562";"12";"4";"2019";"17:25";"1";"17";"17300";"1";"1";"1";"7";"RN 237 ";"46,1743200";" -1,1771600"
"201900028563";"12";"4";"2019";"17:30";"1";"14";"14333";"2";"1";"1";"6";"SEINE (QUAI EN )";"49,4285700";"0,2743500"
"201900028564";"11";"4";"2019";"20:33";"2";"14";"14327";"2";"1";"1";"2";"VALEUSE (AVENUE DE LA)";"49,2019000";" -0,3420000"
"201900028565";"12";"4";"2019";"15:45";"1";"13";"13071";"2";"2";"1";"3";"ANNE-MARIE ( BOULEVARD )";"43,3812000";"5,3498800"
"201900028566";"11";"4";"2019";"11:20";"1";"13";"13026";"2";"1";"1";"4";"RN 568 CLM";"43,3942900";"5,1310000"
"201900028567";"13";"4";"2019";"13:30";"2";"13";"13209";"2";"1";"1";"2";"MICHELET (BOULEVARD)";"43,2550300";"5,4009300"
"201900028568";"13";"4";"2019";"21:30";"5";"13";"13208";"2";"1";"1";"6";"MAZARGUES (AVENUE DE)";"43,2643500";"5,3921000"
"201900028569";"13";"4";"2019";"19:35";"2";"13";"13213";"2";"1";"1";"6";"ESCADRILLE NORMANDIE NIEMEN";"43,3323200";"5,4101800"
"201900028570";"13";"4";"2019";"16:30";"1";"13";"13211";"2";"4";"1";"3";"SAINT MENET (MONTEE)";"43,2932100";"5,4947600"
"201900028571";"13";"4";"2019";"16:15";"1";"13";"13206";"2";"1";"1";"6";"JULIEN (COURS)";"43,2937300";"5,3836000"
"201900028572";"13";"4";"2019";"15:23";"1";"13";"13213";"2";"3";"1";"3";"ALBERT EINSTEIN (RUE)";"43,3434900";"5,4462200"
"201900028573";"13";"4";"2019";"09:00";"1";"13";"13210";"2";"9";"1";"3";"ARGILE (CHEMIN DE L')";"43,2809890";"5,3960110"
"201900028574";"13";"4";"2019";"07:30";"2";"13";"13214";"2";"2";"1";"1";"CAPITAINE GEZE (BOULEVARD)";"43,3314000";"5,3770000"
"201900028575";"13";"4";"2019";"04:02";"5";"13";"13205";"2";"2";"1";"7";"JEAN MOULIN (BOULEVARD)";"43,2922400";"5,4009100"
"201900028576";"12";"4";"2019";"20:00";"2";"13";"13211";"2";"1";"1";"3";"MONTRE (TRAVERSE DE LA)";"43,2929100";"5,4737200"
"201900028577";"11";"4";"2019";"16:45";"1";"13";"13211";"2";"9";"3";"3";"PEINTRES ROUX (avenue)";"43,3005800";"5,4768900"
"201900028578";"12";"4";"2019";"11:15";"1";"13";"13210";"2";"9";"1";"3";"SCHLOESING (BOULEVARD)";"43,2727000";"5,4010000"
"201900028579";"11";"4";"2019";"17:30";"1";"13";"13208";"2";"1";"3";"6";"PRADO (AVENUE DU)";"43,2703430";"5,3879630"
"201900028580";"11";"4";"2019";"13:30";"1";"13";"13214";"2";"9";"1";"3";"SAINTE MARTHE (chemin)";"43,3251000";"5,3883000"
"201900028581";"11";"4";"2019";"07:40";"1";"13";"13210";"2";"1";"1";"3";"VERDILLON (RUE)";"43,2758700";"5,4229700"
"201900028582";"11";"4";"2019";"03:40";"5";"13";"13205";"2";"6";"2";"3";"JEAN MOULIN (BOULEVARD)";"43,2901200";"5,3998500"
"201900028583";"11";"4";"2019";"13:20";"1";"13";"13028";"2";"1";"1";"1";"GRANDS BASSINS (CHEMIN DES)";"43,1988500";"5,5970000"
"201900028584";"10";"4";"2019";"11:00";"1";"13";"13004";"2";"2";"1";"6";"BD EMILE COMBES";"43,6780900";"4,6337800"
"201900028585";"12";"4";"2019";"13:45";"1";"13";"13001";"2";"1";"1";"6";"GALICE (RTE DE)";"43,5281400";"5,4315000"
"201900028586";"12";"4";"2019";"04:10";"5";"11";"11069";"2";"1";"1";"6";"LIMOUX - ROUTE DE-";"43,2064300";"2,3348200"
"201900028587";"11";"4";"2019";"17:24";"1";"10";"10343";"2";"6";"1";"6";"CANAL (RUE DU)";"48,2754300";"4,0888800"
"201900028588";"13";"4";"2019";"05:40";"5";"6";"06088";"2";"2";"1";"1";"CESSOLE (BD DE) (JUSQU'AU N° 93-110)";"43,7100740";"7,2560250"
"201900028589";"11";"4";"2019";"17:35";"1";"6";"06088";"2";"2";"8";"6";"ROI ROBERT COMTE DE PROVENCE (AV. DU)";"43,7187780";"7,2435510"
"201900028590";"13";"4";"2019";"19:20";"1";"6";"06069";"2";"1";"1";"7";"SAINT MATHIEU (ROUTE ET PLACE)";"43,6593930";"6,9445090"
"201900028591";"12";"4";"2019";"20:54";"5";"6";"06069";"2";"9";"1";"6";"MISTRAL (AVENUE ET PLACE FREDERIC)";"43,6416400";"6,9116500"
"201900028592";"11";"4";"2019";"10:40";"1";"6";"06069";"2";"1";"8";"1";"DRAGUIGNAN (ROUTE DE) - D2562-";"43,6453800";"6,9026600"
"201900028593";"11";"4";"2019";"15:41";"1";"6";"06029";"2";"1";"2";"6";"RIOU (BOULEVARD DU)";"43,5612600";"7,0011600"
"201900028594";"11";"4";"2019";"09:40";"1";"6";"06029";"2";"3";"1";"3";"JOURDAN (AVENUE MICHEL)";"43,5526400";"6,9768000"
"201900028595";"10";"4";"2019";"10:30";"1";"6";"06029";"1";"1";"1";"1";"VALLAURIS (AVENUE DE)";"43,5620600";"7,0378000"
"201900028596";"9";"4";"2019";"13:40";"1";"6";"06027";"2";"1";"1";"3";"TRAVAILS CHEMIN DES";"43,6686130";"7,1359580"
"201900028597";"9";"4";"2019";"15:20";"1";"3";"03185";"2";"1";"1";"2";"41 route de Villebret";"46,3232400";"2,6107077"
"201900028598";"13";"4";"2019";"14:00";"1";"1";"01451";"1";"3";"1";"3";"MARBOZ RD 996 (ROUTE DE ) IMPAIR";"46,2476600";"5,2301100"
"201900028599";"12";"4";"2019";"13:20";"1";"1";"01289";"1";"2";"1";"3";"DOMBES (AVENUE DE LA)";"46,1804700";"5,1947800"
"201900028600";"12";"4";"2019";"15:55";"1";"75";"75113";"2";"4";"1";"2";"BOULEVARD PERIPHERIQUE";"48,8160790";"2,3604700"
"201900028601";"12";"4";"2019";"13:10";"1";"75";"75119";"2";"1";"1";"6";"BOULEVARD PERIPHERIQUE";"48,9005770";"2,3888610"
"201900028602";"12";"4";"2019";"11:45";"1";"75";"75114";"2";"4";"1";"2";"BOULEVARD PERIPHERIQUE";"48,8241200";"2,3076000"
"201900028603";"11";"4";"2019";"20:20";"5";"75";"75120";"2";"1";"1";"2";"PORTE DES LILAS";"48,8739650";"2,4112290"
"201900028604";"11";"4";"2019";"13:50";"1";"75";"75113";"2";"1";"1";"2";"BOULEVARD PERIPHERIQUE";"48,8241170";"2,3833990"
"201900028605";"10";"4";"2019";"21:55";"5";"75";"75117";"2";"1";"1";"3";"PORTE DE CLICHY";"48,8943930";"2,3055350"
"201900028606";"10";"4";"2019";"17:20";"1";"75";"75113";"2";"1";"1";"3";"BD PERIPHERIQUE EXTERIEUR";"48,8173580";"2,3494660"
"201900028607";"25";"3";"2019";"16:20";"1";"75";"75112";"2";"1";"1";"2";"PORTE DOREE";"48,8340100";"2,4095160"
"201900028608";"12";"4";"2019";"01:00";"5";"75";"75120";"2";"4";"1";"6";"AVENUE GAMBETTA";"48,8649560";"2,3972350"
"201900028609";"11";"4";"2019";"14:00";"1";"75";"75117";"2";"7";"1";"3";"BOULEVARD GOUVION SAINT CYR";"48,8856360";"2,2917040"
"201900028610";"11";"4";"2019";"12:30";"1";"75";"75107";"2";"3";"1";"6";"RUE DE VARENNE";"48,8554380";"2,3180470"
"201900028611";"10";"4";"2019";"22:44";"5";"75";"75116";"2";"2";"1";"3";"ROUTE DE LA MUETTE A NEUILLY";"48,8725250";"2,2644300"
"201900028612";"10";"4";"2019";"12:40";"1";"75";"75117";"2";"1";"1";"6";"BOULEVARD PEREIRE";"48,8862580";"2,2993520"
"201900028613";"31";"3";"2019";"01:38";"3";"75";"75118";"2";"1";"1";"6";"BOULEVARD PERIPHERIQUE";"48,9008600";"2,3657120"
"201900028614";"11";"4";"2019";"12:00";"1";"75";"75105";"2";"2";"1";"1";"BOULEVARD SAINT MARCEL";"48,8368090";"2,3518660"
"201900028615";"11";"4";"2019";"07:05";"1";"75";"75115";"2";"2";"1";"3";"BOULEVARD DU MONTPARNASSE";"48,8450910";"2,3201220"
"201900028616";"12";"4";"2019";"13:15";"1";"75";"75120";"2";"2";"1";"6";"COURS DE VINCENNES";"48,8470480";"2,4110630"
"201900028617";"12";"4";"2019";"13:20";"1";"75";"75120";"2";"7";"1";"3";"PLACE GAMBETTA";"48,8650650";"2,3983210"
"201900028618";"12";"4";"2019";"09:30";"1";"75";"75119";"2";"3";"1";"3";"RUE DE BELLEVILLE";"48,8753400";"2,3935540"
"201900028619";"11";"4";"2019";"20:55";"5";"75";"75120";"2";"3";"1";"6";"RUE SORBIER";"48,8656520";"2,3931120"
"201900028620";"11";"4";"2019";"11:40";"1";"75";"75120";"2";"1";"1";"7";"RUE DES PYRENEES";"48,8671890";"2,3966930"
"201900028621";"11";"4";"2019";"12:30";"1";"75";"75120";"2";"1";"1";"7";"AVENUE BENOIT FRACHON";"48,8531480";"2,4155130"
"201900028622";"13";"4";"2019";"01:20";"5";"75";"75119";"2";"3";"1";"2";"RUE CURIAL";"48,8964130";"2,3775670"
"201900028623";"12";"4";"2019";"09:20";"1";"75";"75119";"2";"4";"1";"6";"RUE DU PRE SAINT GERVAIS";"48,8780830";"2,3963970"
"201900028624";"13";"4";"2019";"19:10";"1";"75";"75117";"2";"2";"1";"7";"RUE DE ROME";"48,8840370";"2,3185220"
"201900028625";"12";"4";"2019";"19:25";"1";"75";"75117";"2";"3";"1";"1";"RUE FLOREAL";"48,8997960";"2,3189570"
"201900028626";"12";"4";"2019";"12:50";"1";"75";"75117";"2";"3";"1";"3";"AVENUE DE CLICHY";"48,8887930";"2,3233330"
"201900028627";"12";"4";"2019";"13:00";"1";"75";"75117";"2";"1";"1";"2";"AVENUE DE WAGRAM";"48,8792890";"2,2990620"
"201900028628";"12";"4";"2019";"00:01";"5";"75";"75117";"2";"1";"1";"6";"BOULEVARD BERTHIER";"48,8894260";"2,3028750"
"201900028629";"11";"4";"2019";"21:50";"5";"75";"75117";"2";"3";"1";"3";"AVENUE DE LA PORTE DE CLICHY";"48,8954110";"2,3116660"
"201900028630";"11";"4";"2019";"17:50";"1";"75";"75117";"2";"7";"1";"3";"RUE BIOT";"48,8835310";"2,3268610"
"201900028631";"11";"4";"2019";"09:00";"1";"75";"75117";"2";"3";"1";"3";"BOULEVARD PERSHING";"48,8817190";"2,2853580"
"201900028632";"13";"4";"2019";"15:40";"1";"75";"75116";"2";"5";"1";"2";"RUE D AUTEUIL";"48,8479590";"2,2622330"
"201900028633";"13";"4";"2019";"07:15";"1";"75";"75116";"2";"2";"1";"3";"BOULEVARD EXELMANS";"48,8453290";"2,2584510"
"201900028634";"13";"4";"2019";"02:35";"5";"75";"75116";"2";"2";"1";"6";"AVENUE DU MAHATMA GANDHI";"48,8758420";"2,2622070"
"201900028635";"11";"4";"2019";"14:45";"1";"75";"75116";"2";"1";"1";"6";"AVENUE BUGEAUD";"48,8712100";"2,2783750"
"201900028636";"10";"4";"2019";"08:55";"1";"75";"75116";"2";"1";"3";"3";"RUE DE LA TOUR";"48,8599420";"2,2816200"
"201900028637";"11";"4";"2019";"20:10";"2";"75";"75115";"2";"2";"1";"3";"RUE DE LOURMEL";"48,8437670";"2,2863650"
"201900028638";"11";"4";"2019";"11:00";"1";"75";"75115";"2";"3";"1";"3";"BOULEVARD DE GRENELLE";"48,8489660";"2,2977970"
"201900028639";"23";"7";"2019";"18:20";"1";"95";"95641";"1";"1";"1";"3";"AUTOROUTE A1";"49,0685700";"2,5526700"
"201900028640";"23";"7";"2019";"18:15";"1";"93";"93001";"1";"1";"1";"3";"AUTOROUTE A86";"48,9216600";"2,3770500"
"201900028641";"27";"7";"2019";"17:30";"5";"988";"98818";"2";"3";"1";"3";"RUE MAX FROUIN/JEAN TRANAPE";" -22,2494440";"166,4716660"
"201900028642";"26";"7";"2019";"06:00";"1";"988";"98818";"2";"6";"1";"3";"OHLEN (RUE ARMAND)";" -22,2671400";"166,4635600"
"201900028643";"26";"7";"2019";"21:30";"3";"976";"97611";"1";"1";"1";"1";"mamoudzou centre-RP Passot quai colas (R";" -12,7760600";"45,2321800"
"201900028644";"26";"7";"2019";"18:15";"5";"974";"97411";"2";"1";"1";"1";"PROVIDENCE (BOULEVARD DE LA)";" -20,8918600";"55,4547300"
"201900028645";"27";"7";"2019";"21:30";"2";"69";"69386";"2";"2";"2";"3";"NEY                                 (R )";"45,7670600";"4,8556800"
"201900028646";"27";"7";"2019";"19:50";"1";"69";"69387";"2";"1";"2";"2";"GERLAND (DE)                        (R )";"45,7333300";"4,8392800"
"201900028647";"27";"7";"2019";"17:30";"1";"69";"69386";"2";"2";"2";"3";"JULIETTE RECAMIER                   (R )";"45,7644300";"4,8537100"
"201900028648";"27";"7";"2019";"09:30";"1";"69";"69383";"2";"1";"1";"6";"PART DIEU      (DE LA)             (R )";"45,7591000";"4,8410900"
"201900028649";"26";"7";"2019";"20:15";"1";"69";"69259";"2";"1";"1";"3";"IRENE JOLIOT CURIE                  (BD)";"45,7157900";"4,8783300"
"201900028650";"26";"7";"2019";"16:45";"1";"69";"69383";"2";"1";"1";"6";"GEORGES POMPIDOU                    (R )";"45,7593991";"4,8688649"
"201900028651";"26";"7";"2019";"09:30";"1";"69";"69383";"2";"1";"1";"2";"BONNEL (DE)                         (R )";"45,7627000";"4,8584400"
"201900028652";"25";"7";"2019";"22:30";"5";"69";"69388";"2";"2";"1";"3";"AMBROISE PARE                       (BD)";"45,7350900";"4,8821900"
"201900028653";"27";"7";"2019";"10:40";"2";"972";"97209";"1";"9";"1";"6";"AUTOROUTE A1";"14,6144840";" -61,0489140"
"201900028654";"26";"7";"2019";"05:45";"1";"972";"97213";"1";"1";"1";"2";"AUTOROUTE A1";"14,5969370";" -60,9973600"
"201900028655";"26";"7";"2019";"04:20";"5";"972";"97213";"2";"1";"1";"7";"RD 29";"14,6120200";" -60,9555500"
"201900028656";"25";"7";"2019";"08:00";"1";"972";"97213";"1";"1";"1";"6";"ROUTE DEPARTEMENTALE 14";"14,6276500";" -61,0151900"
"201900028657";"24";"7";"2019";"13:15";"1";"972";"97213";"1";"1";"1";"3";"ROUTE DEPARTEMENTALE 13";"14,6345100";" -61,0191000"
"201900028658";"27";"7";"2019";"17:25";"1";"69";"69081";"2";"1";"3";"3";"JEAN MARIE VIANNEY              CH";"45,7884300";"4,7817100"
"201900028659";"27";"7";"2019";"14:45";"1";"69";"69382";"2";"2";"1";"3";"BAYARD                              (CO)";"45,7428000";"4,8238700"
"201900028660";"26";"7";"2019";"08:30";"1";"69";"69382";"2";"1";"1";"4";"DOCTEUR GAILLETON (DU)              (QU)";"45,7538000";"4,8344400"
"201900028661";"25";"7";"2019";"02:13";"5";"69";"69384";"2";"2";"1";"3";"BELFORT (DE)                        (R )";"45,7779900";"4,8348100"
"201900028662";"25";"7";"2019";"22:20";"5";"971";"97101";"1";"9";"1";"6";"RN1 ROCADE DE CHAUVEL";"16,2468800";" -61,5260440"
"201900028663";"27";"7";"2019";"17:05";"1";"2A";"2A004";"2";"1";"1";"1";"VERDUN AVENUE DE";"41,9200500";"8,7276500"
"201900028664";"26";"7";"2019";"19:30";"1";"2A";"2A004";"1";"6";"1";"1";"T21";"41,9316200";"8,8025400"
"201900028665";"25";"7";"2019";"19:30";"1";"2A";"2A004";"2";"2";"1";"6";"LECLERC GENERAL COURS PAIR";"41,9177015";"8,7310781"
"201900028666";"25";"7";"2019";"15:20";"1";"2A";"2A004";"2";"1";"1";"3";"MEZZAVIA ROUTE DE";"41,9393214";"8,7557121"
"201900028667";"25";"7";"2019";"10:30";"1";"2A";"2A004";"2";"1";"1";"1";"MORO GIAFFERI VINCENT RUE";"41,9349000";"8,7432000"
"201900028668";"25";"7";"2019";"23:45";"5";"95";"95019";"2";"9";"1";"6";"JAURES JEAN (RUE)";"48,9942000";"2,4183100"
"201900028669";"25";"7";"2019";"14:10";"1";"95";"95306";"2";"1";"1";"2";"BD DU 8 MAI 1945";"48,9989000";"2,1820000"
"201900028670";"25";"7";"2019";"11:40";"1";"91";"91191";"2";"9";"1";"6";"Jean Jaures (Avenue)";"48,7162800";"2,4583400"
"201900028671";"26";"7";"2019";"22:10";"5";"91";"91286";"2";"1";"1";"2";"ROUTE NATIONALE 7";"48,6673800";"2,3953000"
"201900028672";"24";"7";"2019";"08:30";"1";"91";"91326";"2";"1";"1";"1";"MONTTESSUY (RUE DE)";"48,6870500";"2,3841900"
"201900028673";"25";"7";"2019";"07:30";"1";"91";"91174";"2";"1";"1";"3";"MAURICE RIQUIEZ (QUAI)";"48,6127600";"2,4864400"
"201900028674";"27";"7";"2019";"17:50";"1";"91";"91479";"2";"1";"7";"2";"AVERNAISES (VOIE DES)";"48,7451800";"2,3655600"
"201900028675";"25";"7";"2019";"13:20";"1";"91";"91027";"2";"9";"1";"4";"MITTERAND (AVENUE FRANCOIS) N° 112 A 188";"48,7157600";"2,3710600"
"201900028676";"24";"7";"2019";"23:55";"5";"91";"91027";"2";"9";"1";"4";"MITTERAND (AVENUE FRANCOIS) N° 112 A 188";"48,7086000";"2,3717000"
"201900028677";"25";"7";"2019";"23:10";"3";"85";"85194";"1";"1";"8";"3";"RD 949";"46,5142200";" -1,7362600"
"201900028678";"23";"7";"2019";"09:55";"1";"84";"84087";"2";"9";"1";"6";"BRIAND (COURS ARISTIDE)";"44,1408400";"4,8082500"
"201900028679";"23";"7";"2019";"15:45";"1";"83";"83126";"2";"2";"1";"6";"Ytzhak RABIN - D63";"43,1169900";"5,8782600"
"201900028680";"21";"7";"2019";"00:20";"3";"83";"83069";"1";"1";"1";"1";"SEL (ROUTE DU)";"43,0573700";"6,1334800"
"201900028681";"26";"7";"2019";"09:30";"1";"83";"83069";"1";"1";"1";"6";"TROISIEMES BORRELS ( CHEMIN DES )";"43,1662700";"6,1858100"
"201900028682";"26";"7";"2019";"09:13";"1";"78";"78517";"1";"1";"9";"6";"RN 10";"48,6670080";"1,8376090"
"201900028683";"27";"7";"2019";"14:05";"1";"77";"77438";"2";"2";"1";"3";"D418 X RUE MARC CHAGALL";"48,8552800";"2,6674000"
"201900028684";"25";"7";"2019";"18:25";"1";"76";"76451";"2";"2";"1";"3";"TRONQUET. RUE DU";"49,4674100";"1,0736600"
"201900028685";"19";"7";"2019";"06:09";"3";"76";"76319";"1";"1";"1";"6";"MUR GRENELE. RUE DU";"49,3411507";"1,0228432"
"201900028686";"24";"7";"2019";"16:15";"1";"76";"76640";"2";"1";"1";"1";"SAINT CYR. ROUTE DE";"49,2589300";"1,0388300"
"201900028687";"24";"7";"2019";"07:25";"1";"76";"76681";"1";"1";"1";"6";"EAUPLET. RUE D'";"49,4221100";"1,1087300"
"201900028688";"25";"7";"2019";"20:50";"2";"73";"73011";"2";"2";"1";"2";"BULLE (PLACE COMMANDANT)";"45,6744801";"6,3883383"
"201900028689";"13";"4";"2019";"15:25";"1";"73";"73008";"2";"1";"1";"6";"BARRIER ROBERT BOULEVARD";"45,6951578";"5,8890162"
"201900028690";"24";"7";"2019";"10:00";"1";"72";"72181";"2";"1";"1";"6";"LAIGNE RUE DE N° IMP 157 A 227";"47,9754300";"0,2112400"
"201900028691";"25";"7";"2019";"18:30";"1";"71";"71153";"2";"6";"1";"3";"DE GAULLE (PLACE CHARLES)";"46,8074200";"4,4325200"
"201900028692";"27";"7";"2019";"23:00";"5";"69";"69256";"2";"9";"2";"6";"BOLHEN   (DE)                        (AV";"45,7661800";"4,9282300"
"201900028693";"27";"7";"2019";"06:57";"2";"69";"69266";"2";"1";"1";"6";"LOUIS GALVANI       (Rue)";"45,7698000";"4,9021600"
"201900028694";"26";"7";"2019";"12:00";"1";"69";"69266";"2";"1";"1";"6";"GABRIEL PERI         (Rue)";"45,7716400";"4,8650100"
"201900028695";"26";"7";"2019";"08:45";"1";"69";"69282";"2";"3";"1";"3";"8 MAI 1945 (DU)                     (R )";"45,7706200";"5,0012600"
"201900028696";"25";"7";"2019";"17:45";"1";"69";"69290";"2";"6";"1";"6";"JEAN JAURES                         (AV)";"45,6967789";"4,9417732"
"201900028697";"25";"7";"2019";"01:30";"3";"69";"69256";"1";"1";"1";"6";"MORLET (DU)                         (AL)";"45,8033900";"4,9350900"
"201900028698";"19";"7";"2019";"21:00";"2";"69";"69092";"2";"6";"1";"3";"SALENGRO (Boulevard Roger)";"46,0007500";"4,7175800"
"201900028699";"26";"7";"2019";"01:00";"3";"67";"67218";"1";"1";"1";"1";"NEUHOF (ROUTE DE)";"48,5393400";"7,7569000"
"201900028700";"25";"7";"2019";"17:45";"1";"67";"67482";"2";"3";"1";"3";"WANTZENAU (RTE DE LA)";"48,6100620";"7,7804860"
"201900028701";"25";"7";"2019";"17:00";"1";"67";"67482";"2";"3";"1";"3";"OBERNAI (RUE D )";"48,5782100";"7,7330600"
"201900028702";"24";"7";"2019";"14:06";"1";"67";"67482";"2";"1";"1";"6";"CATHEDRALE (PLACE DE LA)";"48,5819860";"7,7495610"
"201900028703";"25";"7";"2019";"17:58";"1";"66";"66136";"2";"3";"1";"3";"PANCHOT (AVENUE JULIEN)";"42,6928600";"2,8859000"
"201900028704";"25";"7";"2019";"20:52";"1";"65";"65286";"2";"1";"1";"1";"PARADIS (ESPLANADE DU)";"43,0904670";" -0,0545330"
"201900028705";"27";"7";"2019";"14:45";"1";"64";"64483";"2";"1";"2";"4";"ITHURRALDE ANDRE (AVENUE)";"43,3950236";" -1,6484450"
"201900028706";"26";"7";"2019";"13:00";"1";"64";"64483";"2";"1";"8";"3";"JALDAY JEAN (AVENUE DE)";"43,4056640";" -1,6250380"
"201900028707";"26";"7";"2019";"12:20";"1";"64";"64545";"2";"1";"2";"6";"PAUL GELOS (RUE)";"43,3783302";" -1,6710586"
"201900028708";"25";"7";"2019";"18:35";"1";"64";"64260";"2";"1";"1";"3";"BAIE DE CHINGUDY (AVENUE DE LA)";"43,3697800";" -1,7731900"
"201900028709";"26";"6";"2019";"06:55";"1";"64";"64335";"1";"1";"1";"1";"SAULT DE NAVAILLES DE";"43,3567695";" -0,4418381"
"201900028710";"25";"7";"2019";"20:00";"1";"64";"64335";"2";"1";"1";"2";"EUROPE DE L'";"43,3276941";" -0,4432432"
"201900028711";"25";"7";"2019";"11:15";"1";"64";"64445";"2";"1";"1";"2";"CATHERINE DE BOURBON";"43,3252300";" -0,3574100"
"201900028712";"22";"7";"2019";"18:50";"1";"64";"64445";"2";"2";"1";"2";"JEAN MERMOZ";"43,3118000";" -0,3773000"
"201900028713";"8";"8";"2019";"11:50";"1";"64";"64122";"2";"1";"1";"6";"KLEBER (AVENUE)";"43,4761000";" -1,5472300"
"201900028714";"25";"7";"2019";"16:45";"1";"64";"64122";"2";"1";"1";"7";"MARCEL DASSAULT (BD)";"43,4718245";" -1,5358179"
"201900028715";"23";"7";"2019";"20:15";"1";"64";"64122";"2";"1";"1";"3";"""KENNEDY (AVENUE DU PRESIDENT J,F)""";"43,4706290";" -1,5552884"
"201900028716";"23";"7";"2019";"02:55";"5";"64";"64122";"2";"1";"1";"6";"MARNE (AVENUE DE LA)";"43,4848000";" -1,5500500"
"201900028717";"25";"7";"2019";"20:45";"1";"64";"64102";"2";"1";"8";"7";"PAULMY (AVENUE DES ALLEES)";"43,4939700";" -1,4793700"
"201900028718";"25";"7";"2019";"13:00";"1";"64";"64102";"1";"1";"1";"3";"SOULT (AVENUE MARECHAL)";"43,4836167";" -1,5009077"
"201900028719";"25";"7";"2019";"14:45";"1";"63";"63164";"2";"3";"1";"4";"MITTERRAND ( Avenue François)";"45,8339424";"3,1584768"
"201900028720";"26";"7";"2019";"00:25";"3";"63";"63164";"1";"1";"1";"7";"Malintrat ( route de )";"45,8140000";"3,1598900"
"201900028721";"25";"7";"2019";"10:20";"1";"63";"63063";"2";"1";"1";"3";"RD 2009";"45,8192000";"3,1099400"
"201900028722";"23";"7";"2019";"18:30";"1";"62";"62498";"2";"3";"1";"3";"BASLY (BD EMILE)";"50,4299420";"2,8269410"
"201900028723";"27";"7";"2019";"15:30";"1";"62";"62178";"2";"1";"2";"6";"LIBERATION ( AVENUE )";"50,4939000";"2,5734300"
"201900028724";"26";"7";"2019";"09:45";"1";"62";"62108";"2";"9";"1";"6";"MARECHAL DELATTRE DE TASSIGNY";"50,4080500";"1,5728500"
"201900028725";"23";"7";"2019";"08:25";"1";"59";"59284";"1";"1";"1";"7";"CD40";"50,4133478";"3,4063569"
"201900028726";"26";"7";"2019";"11:30";"1";"59";"59339";"1";"1";"1";"1";"CD 700";"50,6859600";"3,2269500"
"201900028727";"26";"7";"2019";"12:10";"1";"59";"59560";"1";"1";"1";"2";"TEMPLEMARS ROUTE DE";"50,5605043";"3,0477372"