"Num_Acc";"jour";"mois";"an";"hrmn";"lum";"dep";"com";"agg";"int";"atm";"col";"adr";"lat";"long"
"201900028728";"25";"7";"2019";"20:20";"1";"59";"59009";"2";"2";"1";"3";"VILLES RUE ENTRE 2";"50,6163400";"3,1353400"
"201900028729";"24";"7";"2019";"08:35";"1";"59";"59486";"2";"1";"1";"6";"D917";"50,4208700";"3,1369400"
"201900028730";"26";"7";"2019";"06:30";"1";"57";"57672";"2";"1";"1";"1";"VAUBAN (AVENUE)";"49,3618400";"6,1582000"
"201900028731";"24";"7";"2019";"19:15";"1";"57";"57672";"2";"1";"1";"6";"FOCH (BOULEVARD)";"49,3584200";"6,1611400"
"201900028732";"24";"7";"2019";"08:15";"1";"57";"57672";"2";"1";"1";"6";"ROBERT SCHUMANN (BOULEVARD)";"49,3525800";"6,1750600"
"201900028733";"23";"7";"2019";"12:35";"1";"57";"57463";"2";"1";"1";"6";"DEUX FONTAINES (AVENUE )";"49,1357500";"6,1726600"
"201900028734";"27";"7";"2019";"16:30";"1";"56";"56260";"2";"3";"1";"3";"PERRIN (RUE JEAN)";"47,6435900";" -2,7439900"
"201900028735";"26";"7";"2019";"14:35";"1";"56";"56260";"1";"1";"1";"4";"RN 165 -SENS NANTES / LORIENT-";"47,6692900";" -2,7651200"
"201900028736";"25";"7";"2019";"07:50";"1";"56";"56098";"2";"6";"1";"3";"LANN-SEVELIN (ROND POINT DE)";"47,7783300";" -3,3440100"
"201900028737";"23";"7";"2019";"21:15";"2";"55";"55236";"1";"1";"1";"7";"CD 964";"49,1359425";"5,4163725"
"201900028738";"25";"7";"2019";"17:27";"1";"54";"54526";"2";"1";"1";"7";"HUGO (BD VICTOR)";"48,6829100";"6,2207300"
"201900028739";"24";"7";"2019";"20:15";"1";"54";"54395";"2";"2";"1";"1";"VINGT SIXIEME R.I.";"48,6989800";"6,1878000"
"201900028740";"23";"7";"2019";"14:06";"1";"54";"54304";"2";"1";"1";"7";"EUROPE (AVENUE DE L')";"48,6799500";"6,1499200"
"201900028741";"23";"7";"2019";"16:10";"1";"54";"54493";"1";"1";"1";"7";"RD26";"49,5154300";"5,8440300"
"201900028742";"26";"7";"2019";"14:15";"1";"52";"52121";"2";"1";"1";"3";"THIERS (BLD)";"48,1089100";"5,1405500"
"201900028743";"25";"7";"2019";"20:30";"2";"52";"52121";"2";"1";"1";"7";"COTEAU SAINT MICHEL (RUE DU)";"48,0912200";"5,1465000"
"201900028744";"27";"7";"2019";"16:30";"1";"51";"51454";"2";"1";"2";"7";"BOULEVARD LOUIS BARTHOU";"49,2325400";"4,0330400"
"201900028745";"27";"7";"2019";"13:40";"1";"51";"51454";"2";"1";"2";"7";"RUE DE COURCELLES";"49,2664000";"4,0035200"
"201900028746";"26";"7";"2019";"14:45";"1";"50";"50218";"2";"1";"1";"3";"MARECHAL LECLERC (AV DU)";"48,8378300";" -1,5877600"
"201900028747";"26";"7";"2019";"08:25";"1";"50";"50218";"2";"1";"1";"6";"VIEUX MOULIN (RUE DU)";"48,8384100";" -1,5787700"
"201900028748";"25";"7";"2019";"23:20";"5";"50";"50129";"2";"2";"1";"3";"CARNOT (RUE SADI)";"49,6291600";" -1,6409300"
"201900028749";"25";"7";"2019";"11:55";"1";"49";"49007";"2";"1";"1";"6";"SEURAT";"47,4609700";" -0,6163300"
"201900028750";"24";"7";"2019";"20:08";"1";"49";"49246";"2";"1";"1";"2";"GAULLE RUE CHARLES DE";"47,4248300";" -0,5246300"
"201900028751";"27";"7";"2019";"18:30";"1";"45";"45286";"2";"2";"1";"3";"R DE LA CORNAILLERE - AV G GALLOUX";"47,8704500";"1,9319800"
"201900028752";"27";"7";"2019";"14:35";"1";"45";"45285";"2";"9";"1";"2";"ROCADE D952005 PK 2+180";"47,9054318";"1,8711536"
"201900028753";"5";"3";"2019";"08:25";"1";"51";"51454";"2";"1";"2";"7";"AVENUE DE L'YSER";"49,2502800";"4,0529000"
"201900028754";"4";"3";"2019";"11:50";"1";"51";"51454";"1";"1";"3";"7";"ROUTE DE CHALONS";"49,2310757";"4,0882337"
"201900028755";"9";"3";"2019";"16:12";"1";"50";"50218";"2";"1";"1";"2";"MATIGNON (AV DES)";"48,8378340";" -1,5646220"
"201900028756";"8";"3";"2019";"16:55";"1";"50";"50218";"2";"3";"1";"3";"LIBERATION (AV DE LA)";"48,8412690";" -1,5921920"
"201900028757";"8";"3";"2019";"13:55";"1";"50";"50218";"2";"1";"1";"1";"CAPITAINE LIHOU (VOIE DU)";"48,8340550";" -1,6088000"
"201900028758";"27";"7";"2019";"02:00";"3";"44";"44109";"2";"2";"8";"3";"AVENUE CARNOT/ RUE JEMMAPES";"47,2132500";" -1,5447300"
"201900028759";"7";"3";"2019";"15:15";"1";"49";"49328";"2";"3";"8";"6";"ALSACE (RUE D')";"47,2581100";" -0,0834000"
"201900028760";"25";"7";"2019";"02:30";"5";"44";"44190";"2";"1";"1";"1";"BOULEVARD DES PAS ENCHANTES";"47,2041000";" -1,5257900"
"201900028761";"4";"3";"2019";"15:50";"1";"49";"49099";"1";"1";"2";"6";"BOIS D'OUIN (AVENUE DU)";"47,0583626";" -0,8243693"
"201900028762";"7";"3";"2019";"08:25";"1";"49";"49007";"1";"1";"1";"7";"RD 323";"47,4685800";" -0,5647200"
"201900028763";"24";"7";"2019";"23:04";"5";"42";"42207";"2";"1";"1";"1";"PETIN GAUDET RUE";"45,4660400";"4,5083200"
"201900028764";"5";"3";"2019";"18:42";"2";"49";"49007";"2";"2";"2";"3";"STRASBOURG BOULEVARD";"47,4571500";" -0,5540900"
"201900028765";"5";"3";"2019";"11:10";"1";"49";"49007";"2";"1";"1";"6";"PATTON AVENUE";"47,4736500";" -0,5851800"
"201900028766";"26";"7";"2019";"17:54";"1";"37";"37261";"2";"6";"8";"2";"GANCE (BOULEVARD ABEL)";"47,4249910";"0,7119168"
"201900028767";"26";"7";"2019";"14:24";"1";"37";"37233";"2";"1";"1";"6";"STALINGRAD (AVENUE)";"47,3879319";"0,7277507"
"201900028768";"4";"3";"2019";"11:40";"1";"49";"49007";"2";"1";"2";"3";"GAULLE BOULEVARD CHARLES DE";"47,4699700";" -0,5618800"
"201900028769";"26";"7";"2019";"16:25";"1";"37";"37261";"2";"1";"2";"7";"BORDEAUX (RUE DE)";"47,3896500";"0,6907813"
"201900028770";"4";"3";"2019";"19:55";"5";"49";"49007";"2";"1";"2";"6";"LECLERC BOULEVARD SECTEUR 1";"47,4634400";" -0,5661300"
"201900028771";"25";"7";"2019";"23:50";"5";"37";"37261";"2";"3";"1";"3";"GRAMMONT (AVENUE DE)";"47,3871100";"0,6898900"
"201900028772";"9";"3";"2019";"17:15";"1";"45";"45284";"2";"1";"1";"2";"AV LOUIS JOSEPH SOULAS";"47,9082700";"1,9700400"
"201900028773";"25";"7";"2019";"08:16";"1";"37";"37261";"2";"4";"1";"3";"PITARD (RUE STEPHANE)";"47,3777700";"0,6845973"
"201900028774";"27";"7";"2019";"17:20";"1";"34";"34172";"2";"1";"1";"3";"RAVAZ (AVENUE DU PROFESSEUR LOUIS";"43,6248267";"3,8418889"
"201900028775";"9";"3";"2019";"15:50";"1";"45";"45234";"2";"1";"1";"6";"BD DE CHATEAUDUN";"47,9144130";"1,8972620"
"201900028776";"25";"7";"2019";"16:10";"1";"34";"34172";"1";"9";"1";"1";"MENDES FRANCE (AVENUE PRESIDENT PIERRE";"43,6093700";"3,9012000"
"201900028777";"8";"3";"2019";"17:30";"1";"45";"45234";"2";"3";"1";"6";"RUE D ISSOUDUN - R FRANCIS BLANCHE";"47,8404110";"1,9335625"
"201900028778";"25";"7";"2019";"13:10";"1";"34";"34172";"2";"9";"1";"1";"Théroigne de Méricourt ( avenue )";"43,5975200";"3,9011100"
"201900028779";"5";"3";"2019";"19:45";"5";"45";"45286";"1";"1";"1";"3";"AV GASTON GALLOUX";"47,8857300";"1,9245500"
"201900028780";"7";"3";"2019";"17:35";"1";"45";"45285";"2";"1";"1";"6";"AV PIERRE MENDES FRANCE";"47,9026400";"1,8607600"
"201900028781";"27";"7";"2019";"05:15";"5";"33";"33013";"2";"3";"9";"2";"N 89";"44,8686100";" -0,5030600"
"201900028782";"6";"3";"2019";"20:04";"5";"45";"45234";"2";"1";"2";"6";"R DU FG MADELEINE";"47,9003610";"1,8845760"
"201900028783";"27";"7";"2019";"13:40";"1";"33";"33119";"2";"1";"2";"6";"AVE CARNOT";"44,8630300";" -0,5301000"
"201900028784";"27";"7";"2019";"09:20";"1";"33";"33318";"2";"1";"8";"6";"AVE DE CANDAU";"44,8082300";" -0,6113100"
"201900028785";"6";"3";"2019";"13:35";"1";"45";"45234";"2";"2";"2";"3";"AV DU PARC FLORAL/R DU GOSBON";"47,8462400";"1,9409800"
"201900028786";"25";"7";"2019";"23:05";"5";"33";"33281";"2";"2";"1";"3";"MAGUDAS (AVE DE)";"44,8570500";" -0,6577200"
"201900028787";"5";"3";"2019";"20:15";"5";"45";"45285";"2";"9";"1";"2";"RUE DU 11 OCTOBRE";"47,9167160";"1,8819190"
"201900028788";"24";"7";"2019";"14:50";"1";"33";"33069";"2";"1";"1";"1";"EYSINES (AVE D)";"44,8552400";" -0,6003700"
"201900028789";"5";"3";"2019";"18:15";"1";"45";"45234";"2";"9";"1";"6";"RUE AUGUSTE DE SAINT HILAIRE";"47,9180440";"1,9223180"
"201900028790";"9";"3";"2019";"09:25";"1";"45";"45208";"2";"9";"2";"6";"GENERAL DE GAULLE (AVENUE DU)";"48,0018390";"2,7346840"
"201900028791";"9";"3";"2019";"17:00";"1";"44";"44109";"2";"1";"1";"6";"PERRAY ( RUE DU )";"47,2427600";" -1,5091400"
"201900028792";"24";"7";"2019";"08:50";"1";"33";"33039";"2";"3";"1";"6";"RTE DE TOULOUSE (point de choc) / R.DUBOS - piéton traversant des n° impairs vers pairs";"44,7902500";" -0,5667700"
"201900028793";"8";"3";"2019";"07:10";"2";"44";"44109";"2";"1";"1";"6";"VERNE ( BD JULES )";"47,2415540";" -1,5292860"
"201900028794";"25";"7";"2019";"11:49";"1";"31";"31555";"1";"1";"1";"5";"VA007306 A64";"43,5448100";"1,4007300"
"201900028795";"25";"2";"2019";"20:45";"5";"44";"44109";"2";"1";"1";"3";"RUE DE BIARRITZ";"47,1959830";" -1,5295870"
"201900028796";"25";"7";"2019";"14:30";"1";"29";"29151";"2";"1";"1";"1";"BREST (RUE DE)";"48,5729900";" -3,8347100"
"201900028797";"9";"3";"2019";"18:30";"2";"44";"44055";"2";"1";"9";"6";"PLOERMEL ( AVENUE DE )";"47,2769000";" -2,3636900"
"201900028798";"8";"3";"2019";"16:50";"1";"42";"42187";"2";"1";"7";"6";"CAMUS (RUE ALBERT)";"46,0436400";"4,0547400"
"201900028799";"21";"7";"2019";"14:25";"1";"29";"29254";"2";"6";"1";"7";"PLOUVORN (ROUTE DE)";"48,5754000";" -3,8568000"
"201900028800";"26";"7";"2019";"17:08";"1";"29";"29039";"1";"1";"1";"7";"RN165 (VE)";"47,9291300";" -3,9011200"
"201900028801";"5";"3";"2019";"22:30";"3";"40";"40279";"1";"1";"1";"6";"LACS DES (AVENUE)";"43,7504600";" -1,1435200"
"201900028802";"25";"7";"2019";"15:20";"1";"29";"29039";"1";"2";"1";"1";"RD 44";"47,9207405";" -3,9171916"
"201900028803";"10";"3";"2019";"01:23";"5";"38";"38185";"2";"2";"2";"3";"RUE NESTOR CORNIER";"45,1809600";"5,7282700"
"201900028804";"26";"7";"2019";"17:40";"1";"27";"27681";"2";"2";"1";"3";"VIEUX CHATEAU (RUE DU)";"49,0967800";"1,4777500"
"201900028805";"6";"3";"2019";"15:00";"1";"38";"38151";"2";"1";"1";"3";"AVENUE DES ÉTATS GÉNÉRAUX";"45,1551000";"5,7189600"
"201900028806";"27";"7";"2019";"06:00";"1";"26";"26004";"1";"1";"1";"2";"LACRA RN532";"44,9992900";"5,0010100"
"201900028807";"26";"7";"2019";"07:30";"1";"26";"26362";"2";"3";"1";"3";"MOURETTES RUE DES";"44,8926040";"4,8806840"
"201900028808";"24";"7";"2019";"07:24";"1";"24";"24037";"2";"6";"1";"3";"RD 936 E1";"44,8285400";"0,4776500"
"201900028809";"24";"7";"2019";"15:10";"1";"21";"21231";"2";"3";"1";"3";"MANUTENTION (DE LA) (RUE)";"47,3172100";"5,0335500"
"201900028810";"25";"7";"2019";"13:50";"1";"17";"17306";"2";"1";"1";"6";"GARNIER (BD FREDERIC)";"45,6223300";" -1,0211400"
"201900028811";"5";"3";"2019";"16:43";"1";"38";"38053";"2";"1";"1";"3";"CHAMPFLEURI (ROND POINT DE)";"45,6020800";"5,2665500"
"201900028812";"24";"7";"2019";"11:40";"1";"17";"17380";"1";"6";"1";"3";"ROND-POINT DE BEAULIEU";"45,6614900";" -1,0609800"
"201900028813";"27";"7";"2019";"16:45";"1";"14";"14437";"1";"1";"1";"2";"ECHANGEUR N° 16 ( PAYS D ' AUGE )";"49,1630000";" -0,3064000"
"201900028814";"9";"3";"2019";"18:20";"1";"37";"37214";"2";"1";"2";"7";"D938";"47,4241690";"0,6570586"
"201900028815";"26";"7";"2019";"18:05";"1";"14";"14301";"1";"1";"2";"6";"ROUEN (ROUTE DE)";"49,1719300";" -0,2914500"
"201900028816";"26";"7";"2019";"12:20";"1";"13";"13054";"2";"2";"1";"3";"SIGNORE (BD DE LA )";"43,4210800";"5,2077600"
"201900028817";"27";"7";"2019";"22:10";"5";"13";"13103";"2";"9";"1";"6";"AVENUE JUIN - DU 18 ... 1940";"43,6280877";"5,1056649"
"201900028818";"9";"3";"2019";"15:25";"1";"37";"37214";"2";"1";"1";"3";"DE GAULLE (BD CHARLES)";"47,4183300";"0,6647100"
"201900028819";"27";"7";"2019";"08:30";"1";"13";"13215";"2";"3";"1";"6";"SAINT LOUIS (AVENUE DE)";"43,3440770";"5,3594440"
"201900028820";"26";"7";"2019";"22:40";"5";"13";"13211";"2";"1";"1";"3";"LÉON BANCAL (RUE)";"43,2892943";"5,4812633"
"201900028821";"26";"7";"2019";"19:30";"1";"13";"13208";"2";"1";"1";"6";"PRADO (AVENUE DU)";"43,2624500";"5,3755000"
"201900028822";"26";"7";"2019";"16:00";"1";"13";"13202";"2";"6";"1";"3";"MARCEAU (PLACE)";"43,3051572";"5,3732068"
"201900028823";"26";"7";"2019";"14:18";"1";"13";"13209";"2";"2";"1";"3";"SAINTE MARGUERITE (BOULEVARD)";"43,2692200";"5,4025700"
"201900028824";"8";"3";"2019";"15:10";"1";"37";"37261";"2";"1";"1";"2";"STENDHAL (AVENUE)";"47,3676300";"0,7036000"
"201900028825";"25";"7";"2019";"19:30";"1";"13";"13207";"2";"1";"1";"3";"Corniche John Fitzgérald Kennedy";"43,2765050";"5,3581400"
"201900028826";"26";"7";"2019";"02:55";"5";"13";"13209";"2";"1";"1";"7";"LÉON LACHAMP (ROUTE)";"43,2494200";"5,4443400"
"201900028827";"8";"3";"2019";"13:20";"1";"37";"37208";"2";"1";"1";"2";"CORMERY (RUE DE)";"47,3444488";"0,7356571"
"201900028828";"25";"7";"2019";"20:35";"2";"13";"13211";"2";"3";"1";"3";"VALBARELLE (BOULEVARD DE LA )";"43,2886070";"5,4547710"
"201900028829";"25";"7";"2019";"08:15";"1";"13";"13208";"2";"1";"1";"7";"BARRAL PROLONGE ( Bd)";"43,2640300";"5,3915300"
"201900028830";"7";"3";"2019";"21:05";"5";"37";"37261";"2";"1";"1";"2";"HEURTELOUP (BOULEVARD)";"47,3907800";"0,6943900"
"201900028831";"7";"3";"2019";"16:50";"1";"37";"37261";"2";"1";"1";"3";"VICTOIRE (RUE DE LA)";"47,3949968";"0,6775753"
"201900028832";"25";"7";"2019";"08:55";"1";"13";"13207";"2";"1";"1";"3";"Corniche John Fitzgérald Kennedy";"43,2867200";"5,3516900"
"201900028833";"6";"3";"2019";"13:20";"1";"37";"37261";"2";"1";"2";"2";"NOBEL (ROND-POINT ALFRED)";"47,4318500";"0,6630400"
"201900028834";"25";"7";"2019";"05:02";"5";"13";"13211";"2";"1";"1";"1";"SAINT MENET (AVENUE DE)";"43,2903800";"5,4906200"
"201900028835";"5";"3";"2019";"14:48";"1";"37";"37261";"2";"1";"2";"6";"HEURTELOUP (BOULEVARD)";"47,3904112";"0,6911784"
"201900028836";"24";"7";"2019";"18:44";"1";"13";"13215";"2";"1";"1";"3";"LEDRU ROLLI (BOULEVARD)";"43,3420610";"5,3576960"
"201900028837";"5";"3";"2019";"12:41";"1";"37";"37233";"2";"1";"2";"6";"ROUSSEAU (IMPASSE JEAN-JACQUES)";"47,3873959";"0,7119777"
"201900028838";"5";"3";"2019";"09:10";"1";"37";"37233";"2";"4";"1";"2";"JAURES (BOULEVARD JEAN)";"47,3969000";"0,7288800"
"201900028839";"27";"7";"2019";"22:55";"5";"13";"13028";"2";"3";"1";"3";"ROMAGOUA (CHEMIN DE)";"43,1994750";"5,6062170"
"201900028840";"4";"3";"2019";"17:05";"1";"36";"36044";"2";"1";"4";"6";"48 AVENUE DES MARINS";"46,8097570";"1,6848160"
"201900028841";"27";"7";"2019";"07:30";"1";"13";"13005";"2";"1";"1";"7";"GARLABAN (AVENUE DU)";"43,2994000";"5,5732700"
"201900028842";"7";"3";"2019";"02:50";"5";"35";"35288";"2";"6";"1";"6";"ANCIENS COMBATTANTS (ROND POINT DES)";"48,6421800";" -1,9939100"
"201900028843";"25";"7";"2019";"20:50";"2";"13";"13001";"2";"1";"1";"3";"VILLA ROMAINE";"43,5443610";"5,4291940"
"201900028844";"26";"7";"2019";"07:58";"1";"12";"12145";"2";"1";"1";"6";"CAPELLE";"44,1000680";"3,0811200"
"201900028845";"7";"3";"2019";"16:30";"1";"35";"35238";"1";"1";"2";"4";"ROCADE 4-5";"48,0844640";" -1,6411920"
"201900028846";"26";"7";"2019";"13:55";"1";"10";"10325";"2";"6";"7";"6";"ROCADE OUEST (RD 610)";"48,2674266";"4,0615294"
"201900028847";"5";"3";"2019";"13:53";"1";"35";"35238";"2";"2";"1";"6";"LEGRAVEREND";"48,1171751";" -1,6807309"
"201900028848";"25";"7";"2019";"18:30";"1";"10";"10387";"2";"1";"7";"7";"EDMOND FARIAT (RUE)";"48,2930000";"4,0960000"
"201900028849";"5";"3";"2019";"08:10";"1";"35";"35238";"2";"3";"1";"3";"POMPIDOU ( BD GEORGES)";"48,0982800";" -1,6881200"
"201900028850";"25";"7";"2019";"13:25";"1";"10";"10357";"2";"3";"7";"3";"JULES POCHINOT (RUE)";"48,3020000";"4,1015500"
"201900028851";"27";"2";"2019";"18:15";"2";"35";"35238";"2";"9";"1";"3";"LECLERC (AVENUE DU GENERAL)";"48,1146800";" -1,6557300"
"201900028852";"25";"7";"2019";"21:35";"2";"6";"06088";"2";"3";"1";"2";"ANGLAIS (DU N° 45 AU N° 112)";"43,6917837";"7,2487051"
"201900028853";"8";"3";"2019";"13:30";"1";"35";"35115";"2";"1";"1";"6";"FORET (RUE DE LA)";"48,3567700";" -1,1982700"
"201900028854";"25";"7";"2019";"13:15";"1";"6";"06088";"2";"1";"1";"1";"MONT-BORON (BD DU) (JUSQU'AU 64-71)";"43,6936181";"7,2958965"
"201900028855";"4";"3";"2019";"15:55";"1";"34";"34301";"2";"3";"1";"3";"POULES D'EAU (CHEMIN DES)";"43,3979000";"3,6619800"
"201900028856";"7";"3";"2019";"18:00";"1";"34";"34172";"2";"1";"1";"3";"POMPIGNANE (AVENUE DE LA)";"43,6098500";"3,8989500"
"201900028857";"7";"3";"2019";"09:20";"1";"34";"34172";"2";"1";"1";"3";"ANTONELLI (AVENUE DU PROFESSEUR ETIENNE)";"43,5995100";"3,8926000"
"201900028858";"5";"3";"2019";"20:45";"5";"34";"34172";"2";"2";"1";"5";"MARES (AVENUE HENRI)";"43,6200500";"3,8512000"
"201900028859";"5";"3";"2019";"15:30";"1";"34";"34172";"2";"1";"1";"7";"ABRIVADO (RUE DE L')";"43,5900000";"3,8864000"
"201900028860";"6";"3";"2019";"09:10";"1";"33";"33063";"2";"3";"1";"3";"AVE MARCEL DASSAULT";"44,8772300";" -0,5768800"
"201900028861";"5";"3";"2019";"13:35";"1";"33";"33063";"2";"3";"1";"6";"QUAI DE BACALAN";"44,8569000";" -0,5612000"
"201900028862";"2";"3";"2019";"21:05";"5";"33";"33550";"2";"2";"1";"3";"AVE DES PYRENEES";"44,7622200";" -0,5589000"
"201900028863";"7";"3";"2019";"19:10";"5";"31";"31557";"2";"1";"1";"1";"BD FRANCOIS MITTERRAND";"43,5862000";"1,3354100"
"201900028864";"7";"3";"2019";"08:40";"1";"31";"31555";"1";"1";"1";"3";"VA007331 A620";"43,5732600";"1,4513500"
"201900028865";"6";"3";"2019";"19:00";"1";"31";"31149";"2";"3";"1";"3";"ingres (auguste)";"43,5970300";"1,3502800"
"201900028866";"6";"3";"2019";"13:40";"1";"31";"31555";"1";"1";"1";"3";"FIL D'ARIANE (RD902)";"43,6088300";"1,3642500"
"201900028867";"9";"3";"2019";"02:49";"5";"30";"30189";"2";"1";"1";"7";"baillet claude";"43,8103000";"4,3616100"
"201900028868";"3";"3";"2019";"13:15";"1";"29";"29232";"2";"1";"1";"3";"BRADEN AVENUE DU";"47,9852000";" -4,0833400"
"201900028869";"3";"3";"2019";"21:45";"5";"29";"29019";"2";"1";"3";"6";"DUQUESNE (DE 1 A 11 ET 2 A 6)";"48,3919000";" -4,4875000"
"201900028870";"8";"3";"2019";"12:00";"1";"28";"28218";"2";"1";"1";"2";"LECLERC (RUE DU MARECHAL)";"48,4309200";"1,4624900"
"201900028871";"25";"2";"2019";"16:50";"1";"28";"28229";"2";"1";"1";"6";"QUATORZE JUILLET (RUE DU)";"48,4524600";"1,4715200"
"201900028872";"7";"3";"2019";"21:55";"5";"27";"27681";"2";"9";"1";"6";"GENERAL DE GAULLE (PLACE DU)";"49,0914000";"1,4842000"
"201900028873";"7";"3";"2019";"18:20";"1";"27";"27229";"2";"3";"1";"3";"VERNON (RUE DE)";"49,0302400";"1,1616400"
"201900028874";"5";"3";"2019";"04:20";"5";"27";"27229";"2";"6";"1";"7";"Route de Paris";"49,0151000";"1,1877000"
"201900028875";"8";"3";"2019";"05:45";"3";"26";"26198";"2";"1";"1";"7";"CINQ DECEMBRE (Rue du)";"44,5591130";"4,7627390"
"201900028876";"9";"3";"2019";"11:00";"1";"25";"25462";"2";"1";"2";"3";"SAINT ETIENNE FAUBOURG";"46,8994900";"6,3616800"
"201900028877";"5";"3";"2019";"18:55";"5";"25";"25388";"2";"1";"8";"6";"LUDWIGSBURG (ROND POINT DE)";"47,5032100";"6,8117400"
"201900028878";"7";"3";"2019";"14:10";"1";"25";"25056";"2";"2";"8";"6";"CHOPIN RUE FREDERIC";"47,2624500";"6,0404000"
"201900028879";"3";"3";"2019";"09:52";"1";"25";"25056";"2";"2";"1";"3";"BASILIQUE RUE DE LA";"47,2325000";"5,9886600"
"201900028880";"4";"3";"2019";"11:50";"1";"22";"22278";"2";"1";"1";"2";"PARIS (DE)";"48,5017257";" -2,7363183"
"201900028881";"3";"3";"2019";"04:29";"5";"22";"22278";"2";"1";"1";"6";"LE GOFF (DES TROIS FRERES)";"48,5169400";" -2,7651900"
"201900028882";"3";"3";"2019";"19:00";"2";"22";"22278";"2";"6";"2";"2";"DE LA FONTAINE (RPT)";"48,5175000";" -2,7659000"
"201900028883";"8";"3";"2019";"17:45";"1";"19";"19275";"2";"1";"1";"7";"BUSSIERTAS (RUE DE)";"45,5649500";"2,3130500"
"201900028884";"5";"3";"2019";"19:30";"2";"19";"19031";"2";"6";"1";"2";"MENDES FRANCE (AVENUE PIERRE)";"45,1432200";"1,4708000"
"201900028885";"5";"3";"2019";"13:35";"1";"19";"19031";"2";"3";"1";"3";"BRUNE (RUE DU MARECHAL)";"45,1620000";"1,5310800"
"201900028886";"5";"3";"2019";"08:00";"2";"17";"17415";"2";"2";"1";"3";"DOUMER 2 A 143 /ROC.OUEST COURS PAUL";"45,7460700";" -0,6694220"
"201900028887";"7";"3";"2019";"15:40";"1";"17";"17306";"2";"1";"1";"4";"LAVOISIER (ANTOINE DE)";"45,6317460";" -0,9873780"
"201900028888";"6";"3";"2019";"07:45";"1";"17";"17380";"1";"6";"6";"6";"ROND-POINT DE BEAULIEU";"45,6622060";" -1,0615530"
"201900028889";"8";"3";"2019";"19:25";"5";"17";"17300";"2";"6";"1";"3";"EUROPE   ROND-POINT DE L'";"46,1421340";" -1,1577320"
"201900028890";"8";"3";"2019";"17:10";"1";"17";"17300";"2";"2";"1";"3";"BRIAND   AVENUE ARISTIDE";"46,1648400";" -1,1646400"
"201900028891";"4";"3";"2019";"20:45";"5";"17";"17300";"2";"2";"1";"6";"VIELJEUX   RUE LEONCE";"46,1581700";" -1,1565600"
"201900028892";"27";"2";"2019";"14:20";"1";"16";"16089";"2";"1";"1";"3";"AVENUE D'ANGOULEME";"45,6823284";" -0,2939873"
"201900028893";"5";"3";"2019";"10:20";"1";"14";"14220";"2";"2";"2";"3";"VICTOR-HUGO (RUE)";"49,3612800";"0,0784600"
"201900028894";"5";"3";"2019";"16:25";"1";"14";"14366";"2";"2";"1";"7";"rue aini";"49,1467203";"0,2313043"
"201900028895";"9";"3";"2019";"01:00";"3";"14";"14333";"1";"1";"2";"7";"VARETS (CHEMIN DES)";"49,3987800";"0,2258600"
"201900028896";"8";"3";"2019";"09:40";"1";"14";"14333";"2";"1";"1";"6";"MANUEL (COURS ALBERT)";"49,4167364";"0,2304058"
"201900028897";"9";"3";"2019";"09:00";"1";"14";"14118";"1";"9";"8";"2";"ECHANGEUR N° 9 ( PORTE DE BRETAGNE )";"49,1672771";" -0,4286895"
"201900028898";"9";"3";"2019";"03:20";"3";"14";"14118";"2";"1";"1";"6";"DUNOIS (BOULEVARD)";"49,1856744";" -0,3843037"
"201900028899";"8";"3";"2019";"13:45";"1";"14";"14437";"2";"1";"1";"2";"ECHANGEUR N° 16 ( PAYS D ' AUGE )";"49,1646600";" -0,3054100"
"201900028900";"8";"3";"2019";"08:20";"1";"14";"14118";"2";"9";"1";"3";"POINCARE (BOULEVARD RAYMOND)";"49,1633700";" -0,3490600"
"201900028901";"7";"3";"2019";"15:50";"1";"13";"13019";"1";"1";"1";"1";"D543";"43,4528940";"5,3581590"
"201900028902";"8";"3";"2019";"15:55";"1";"13";"13108";"1";"1";"1";"6";"RADOUBS (CHEMIN DES)";"43,7916700";"4,6591500"
"201900028903";"6";"3";"2019";"15:50";"1";"13";"13108";"2";"1";"1";"6";"BRAS D OR (RUE)";"43,8029500";"4,6584200"
"201900028904";"9";"3";"2019";"15:00";"1";"13";"13215";"2";"1";"1";"3";"ANNAM (RUE)";"43,3413610";"5,3597400"
"201900028905";"9";"3";"2019";"06:00";"5";"13";"13210";"2";"1";"1";"6";"PONT DE VIVAUX (BOULEVARD)";"43,2815800";"5,4235600"
"201900028906";"9";"3";"2019";"05:04";"5";"13";"13210";"2";"1";"1";"6";"L ARMEE D AFRIQUE (CHEMIN DE L')";"43,2867850";"5,4138790"
"201900028907";"6";"3";"2019";"19:15";"5";"13";"13208";"2";"1";"1";"3";"RABATAU (BOULEVARD)";"43,2700000";"5,3900000"
"201900028908";"8";"3";"2019";"22:50";"3";"13";"13213";"2";"1";"1";"2";"JEAN PAUL SARTRE (AVENUE)";"43,3259300";"5,4243400"
"201900028909";"8";"3";"2019";"21:15";"5";"13";"13204";"2";"1";"1";"3";"CHARTREUX (AVENUE DES)";"43,3108300";"5,4009000"
"201900028910";"8";"3";"2019";"19:45";"2";"13";"13212";"2";"1";"1";"6";"TROIS LUCS (PLACE)";"43,3121100";"5,4648500"
"201900028911";"7";"3";"2019";"20:00";"5";"13";"13206";"2";"1";"1";"3";"ARMENY (RUE D')";"43,2900000";"5,3800000"
"201900028912";"8";"3";"2019";"19:30";"5";"13";"13201";"2";"1";"1";"3";"LIEUTAUD (COURS)      2 A 52";"43,2951600";"5,3818600"
"201900028913";"8";"3";"2019";"17:00";"1";"13";"13002";"1";"1";"1";"3";"ETIENNE CUCCA-CD908 (AVENUE)";"43,3660900";"5,5030500"
"201900028914";"8";"3";"2019";"13:40";"1";"13";"13203";"2";"2";"1";"3";"JUNOT (IMPASSE)";"43,3178000";"5,3743500"
"201900028915";"8";"3";"2019";"11:30";"1";"13";"13213";"2";"3";"1";"3";"JEAN PAUL SARTRE (AVENUE)";"43,3291200";"5,4308800"