"Num_Acc";"jour";"mois";"an";"hrmn";"lum";"dep";"com";"agg";"int";"atm";"col";"adr";"lat";"long"
"201900028916";"7";"3";"2019";"20:39";"5";"13";"13206";"2";"2";"1";"3";"LODI (RUE DE)";"43,2893500";"5,3872100"
"201900028917";"7";"3";"2019";"18:15";"2";"13";"13212";"2";"1";"1";"2";"PIERRE CHEVALIER (avenue)";"43,2947800";"5,4215900"
"201900028918";"7";"3";"2019";"18:40";"5";"13";"13215";"2";"1";"1";"6";"LYON (RUE DE)";"43,3249400";"5,3670500"
"201900028919";"7";"3";"2019";"16:00";"1";"13";"13216";"2";"1";"9";"6";"ESTAQUE PLAGE";"43,3603753";"5,2985268"
"201900028920";"7";"3";"2019";"15:40";"1";"13";"13209";"2";"1";"1";"3";"MAZARGUES (AVENUE DE)";"43,2482900";"5,3988200"
"201900028921";"7";"3";"2019";"11:05";"1";"13";"13211";"2";"3";"1";"3";"RTE D' ALLAUCH";"43,3020300";"5,5011100"
"201900028922";"6";"3";"2019";"13:30";"1";"13";"13213";"2";"1";"8";"3";"OUI (RUE DES)";"43,3249620";"5,4253850"
"201900028923";"6";"3";"2019";"12:50";"1";"13";"13002";"2";"1";"1";"1";"CAMOINS (RUE DES)";"43,3297600";"5,4587100"
"201900028924";"5";"3";"2019";"17:30";"1";"13";"13208";"2";"3";"7";"6";"MAZARGUES (AVENUE DE)";"43,2501000";"5,3959000"
"201900028925";"6";"3";"2019";"02:15";"5";"13";"13207";"2";"1";"1";"6";"ROCHES (AVENUE DES)";"43,2886900";"5,3667500"
"201900028926";"6";"3";"2019";"02:36";"3";"13";"13209";"2";"1";"1";"7";"LUMINY (AVENUE DE)";"43,2463300";"5,4358300"
"201900028927";"5";"3";"2019";"19:05";"2";"13";"13211";"2";"1";"1";"6";"SAINT MARCEL (BOULEVARD DE )";"43,2881390";"5,4606670"
"201900028928";"5";"3";"2019";"14:15";"1";"13";"13211";"2";"6";"1";"2";"JEAN TCHORLOU (rd pt)";"43,2952700";"5,4814100"
"201900028929";"5";"3";"2019";"16:45";"1";"13";"13211";"2";"3";"1";"3";"ARNOULD (RUE)";"43,3000000";"5,5200000"
"201900028930";"5";"3";"2019";"10:30";"1";"13";"13002";"2";"1";"1";"2";"CANTON VERT (AVENUE DU)";"43,3413000";"5,4713000"
"201900028931";"5";"3";"2019";"00:00";"3";"13";"13202";"2";"1";"1";"6";"CARGO RHIN FIDELI (RUE)";"43,3268000";"5,3596200"
"201900028932";"4";"3";"2019";"18:30";"2";"13";"13206";"2";"3";"1";"3";"JULES CANTINI (AVENUE)";"43,2837500";"5,3878700"
"201900028933";"4";"3";"2019";"16:25";"1";"13";"13208";"2";"1";"1";"3";"ANDRE ZENATTI (AVENUE)";"43,2463000";"5,3876000"
"201900028934";"8";"3";"2019";"21:00";"3";"13";"13047";"1";"1";"1";"3";"RN 569";"43,5587000";"4,9659000"
"201900028935";"6";"3";"2019";"13:35";"1";"13";"13047";"1";"1";"1";"6";"D.5";"43,4670600";"5,0017500"
"201900028936";"8";"3";"2019";"18:00";"1";"13";"13028";"2";"1";"1";"3";"ROVARCH (AVENUE PIERRE)";"43,1924800";"5,6126800"
"201900028937";"3";"3";"2019";"11:55";"1";"13";"13005";"2";"1";"1";"1";"RN 8";"43,2846600";"5,5485500"
"201900028938";"8";"3";"2019";"12:00";"1";"13";"13001";"1";"1";"1";"7";"RD 7";"43,5880000";"5,3660000"
"201900028939";"6";"3";"2019";"12:30";"1";"12";"12145";"2";"1";"8";"6";"AIGOUAL (AVENUE DE L')";"44,1010500";"3,0992900"
"201900028940";"7";"3";"2019";"10:25";"1";"11";"11069";"2";"1";"1";"7";"BUNAU VARILLA -AV-";"43,2107000";"2,3408900"
"201900028941";"2";"3";"2019";"02:00";"5";"11";"11069";"1";"1";"1";"6";"LIMOUX -ROUTE DE-";"43,1835700";"2,3069200"
"201900028942";"1";"3";"2019";"14:15";"1";"11";"11069";"1";"1";"1";"4";"LIMOUX -ROUTE DE - JUSQU'A LA ROCADE";"43,1835700";"2,3068900"
"201900028943";"9";"3";"2019";"08:24";"1";"10";"10387";"2";"2";"8";"3";"PASTEUR (RUE)";"48,3012000";"4,0642000"
"201900028944";"8";"3";"2019";"14:53";"1";"10";"10362";"1";"9";"1";"3";"RD 660";"48,2963400";"4,0059600"
"201900028945";"6";"3";"2019";"17:25";"1";"8";"08105";"2";"1";"2";"6";"BRIAND A. COURS";"49,7688600";"4,7192520"
"201900028946";"8";"3";"2019";"12:15";"1";"6";"06088";"2";"1";"1";"6";"ISNARD (AV. ADOLPHE)";"43,6941190";"7,2437720"
"201900028947";"7";"3";"2019";"09:45";"1";"6";"06088";"2";"2";"1";"6";"CLEMENCEAU (AV. GEORGES)";"43,7018100";"7,2608400"
"201900028948";"5";"3";"2019";"10:45";"1";"6";"06088";"2";"9";"1";"6";"BARLA (RUE)";"43,7026648";"7,2803013"
"201900028949";"4";"3";"2019";"06:50";"2";"6";"06088";"2";"9";"1";"2";"LYAUTEY (AV. DU MAL)";"43,7114570";"7,2828840"
"201900028950";"5";"3";"2019";"12:20";"1";"6";"06088";"2";"2";"1";"1";"GAMBETTA (A PARTIR DU N° 63-74)";"43,7028660";"7,2561570"
"201900028951";"8";"3";"2019";"21:20";"5";"6";"06083";"2";"1";"1";"7";"CASTELLAR (ROUTE DE)";"43,7833600";"7,5043700"
"201900028952";"8";"3";"2019";"15:38";"1";"6";"06104";"2";"1";"1";"1";"AZUR (AVENUE DE LA COTE D')";"43,7618400";"7,4571500"
"201900028953";"7";"3";"2019";"18:00";"2";"6";"06069";"2";"1";"1";"6";"BAUDOIN (AVENUE YVES EMMAUEL)  -D2085-";"43,6601600";"6,9219200"
"201900028954";"7";"3";"2019";"12:00";"1";"6";"06069";"2";"2";"1";"4";"SEMARD (AVENUE PIERRE)";"43,6549700";"6,9273300"
"201900028955";"7";"3";"2019";"09:05";"1";"6";"06069";"2";"1";"1";"4";"MARIGARDE (ROUTE DE LA)";"43,6500000";"6,9400000"
"201900028956";"7";"3";"2019";"16:40";"1";"6";"06029";"2";"3";"1";"3";"BROUSSAILLES (AVENUE DES)";"43,5652000";"7,0065000"
"201900028957";"6";"3";"2019";"20:30";"5";"6";"06027";"2";"9";"1";"1";"NICE AVENUE DE (RN7)";"43,6562300";"7,1549600"
"201900028958";"6";"3";"2019";"16:00";"1";"6";"06027";"2";"3";"1";"3";"JAURES AVENUE JEAN";"43,6588100";"7,1696100"
"201900028959";"6";"3";"2019";"12:48";"1";"6";"06027";"2";"2";"1";"3";"VAL EN SOL AVENUE DE";"43,6620700";"7,1684000"
"201900028960";"5";"3";"2019";"09:40";"1";"6";"06123";"2";"1";"1";"1";"CURIE PIERRE ET MARIE AVENUE";"43,6859200";"7,1875100"
"201900028961";"2";"3";"2019";"20:15";"3";"6";"06123";"2";"1";"1";"6";"ISCLES CHEMIN DES";"43,7146000";"7,1815580"
"201900028962";"8";"3";"2019";"16:20";"1";"6";"06004";"1";"6";"1";"3";"MICHARD PELISSIER AV.JEAN";"43,6151160";"7,1084570"
"201900028963";"4";"3";"2019";"17:20";"1";"5";"05061";"2";"6";"1";"2";"RN 85";"44,5091700";"6,0456600"
"201900028964";"1";"3";"2019";"16:55";"1";"5";"05061";"2";"6";"1";"6";"MARECHAL FOCH ( AVENUE DU )";"44,5621200";"6,0842400"
"201900028965";"5";"3";"2019";"17:10";"1";"1";"01283";"2";"1";"1";"6";"MICHELET (74 RUE)";"46,2626200";"5,6466800"
"201900028966";"8";"3";"2019";"17:50";"1";"1";"01053";"1";"1";"1";"2";"JUIN (AVENUE MARECHAL COTE PAIR)";"46,1774000";"5,2555000"
"201900028967";"7";"3";"2019";"17:20";"2";"1";"01451";"1";"6";"1";"3";"STRASBOURG (ROUTE DE)";"46,2292000";"5,2572000"
"201900028968";"7";"3";"2019";"11:40";"1";"1";"01053";"2";"1";"1";"6";"KENNEDY BVD J  - IMPAIR DE EUROPE A DIME";"46,2074000";"5,2379500"
"201900028969";"9";"3";"2019";"15:30";"1";"75";"75112";"2";"1";"1";"2";"PORTE DE VINCENNES";"48,8449410";"2,4140350"
"201900028970";"8";"3";"2019";"08:45";"1";"75";"75113";"2";"1";"1";"7";"PORTE D ITALIE";"48,8177568";"2,3502885"
"201900028971";"6";"3";"2019";"17:15";"1";"75";"75120";"2";"1";"2";"2";"PORTE DES LILAS";"48,8747450";"2,4105430"
"201900028972";"4";"3";"2019";"17:20";"1";"75";"75116";"2";"1";"1";"3";"BOULEVARD PERIPHERIQUE";"48,8727940";"2,2746370"
"201900028973";"28";"2";"2019";"13:50";"1";"75";"75118";"2";"1";"1";"2";"PORTE DE CLIGNANCOURT";"48,9009840";"2,3480380"
"201900028974";"9";"3";"2019";"14:45";"1";"75";"75112";"2";"3";"1";"3";"RUE TAINE";"48,8385700";"2,3931690"
"201900028975";"9";"3";"2019";"01:45";"5";"75";"75116";"2";"2";"3";"6";"ROUTE DE LA MUETTE A NEUILLY";"48,8645100";"2,2665090"
"201900028976";"8";"3";"2019";"09:18";"1";"75";"75112";"2";"3";"1";"6";"AVENUE DES TERROIRS DE FRANCE";"48,8329600";"2,3900820"
"201900028977";"7";"3";"2019";"13:30";"1";"75";"75105";"2";"3";"2";"6";"BOULEVARD SAINT MICHEL";"48,8433590";"2,3386620"
"201900028978";"7";"3";"2019";"08:54";"1";"75";"75115";"2";"3";"7";"3";"BOULEVARD DU MONTPARNASSE";"48,8447250";"2,3212780"
"201900028979";"1";"3";"2019";"15:50";"1";"75";"75119";"2";"1";"1";"2";"BOULEVARD PERIPHERIQUE";"48,8806370";"2,4049130"
"201900028980";"9";"3";"2019";"14:32";"1";"75";"75105";"2";"3";"1";"6";"RUE GEOFFROY SAINT HILAIRE";"48,8415830";"2,3558250"
"201900028981";"8";"3";"2019";"15:00";"1";"75";"75105";"2";"1";"1";"3";"RUE SAINT JACQUES";"48,8419090";"2,3412740"
"201900028982";"8";"3";"2019";"10:30";"1";"75";"75106";"2";"2";"1";"3";"RUE DE SEVRES";"48,8514040";"2,3268700"
"201900028983";"7";"3";"2019";"00:15";"3";"75";"75106";"2";"3";"3";"6";"QUAI DE CONTI";"48,8576950";"2,3371680"
"201900028984";"5";"3";"2019";"16:15";"1";"75";"75105";"2";"2";"8";"6";"RUE SOUFFLOT";"48,8473390";"2,3408410"
"201900028985";"9";"3";"2019";"19:00";"5";"75";"75120";"2";"1";"1";"7";"BOULEVARD DAVOUT";"48,8580410";"2,4098960"
"201900028986";"7";"3";"2019";"21:05";"5";"75";"75120";"2";"3";"1";"6";"RUE DE MENILMONTANT";"48,8686660";"2,3896560"
"201900028987";"6";"3";"2019";"17:35";"2";"75";"75120";"2";"1";"2";"6";"RUE BELGRAND";"48,8647160";"2,4033090"
"201900028988";"5";"3";"2019";"10:25";"1";"75";"75120";"2";"1";"1";"6";"RUE DES PYRENEES";"48,8643450";"2,3989190"
"201900028989";"9";"3";"2019";"18:20";"1";"75";"75119";"2";"2";"1";"2";"RUE DE MOUZAIA";"48,8801460";"2,3919750"
"201900028990";"8";"3";"2019";"10:35";"1";"75";"75119";"2";"4";"1";"3";"BOULEVARD DE LA VILLETTE";"48,8751630";"2,3735930"
"201900028991";"7";"3";"2019";"09:40";"1";"75";"75119";"2";"1";"1";"3";"AVENUE DE LA PORTE D AUBERVILLIERS";"48,8995930";"2,3711260"
"201900028992";"4";"3";"2019";"09:50";"1";"75";"75119";"2";"7";"2";"7";"PLACE DE LA PORTE DE PANTIN";"48,8896400";"2,3957410"
"201900028993";"6";"3";"2019";"13:20";"1";"75";"75118";"2";"3";"2";"2";"RUE MARX DORMOY";"48,8890560";"2,3598980"
"201900028994";"15";"5";"2019";"07:45";"1";"49";"49007";"2";"1";"1";"6";"INKERMANN";"47,4656000";" -0,5426100"
"201900028995";"14";"5";"2019";"13:12";"1";"49";"49007";"2";"1";"1";"7";"A87N";"47,4441600";" -0,5346900"
"201900028996";"14";"5";"2019";"07:40";"1";"49";"49007";"2";"1";"1";"2";"GEOFFRAY";"47,4583800";" -0,5450400"
"201900028997";"13";"5";"2019";"18:38";"1";"49";"49007";"2";"1";"1";"3";"MOULIN BOULEVARD";"47,4923700";" -0,5527600"
"201900028998";"13";"5";"2019";"23:29";"5";"49";"49007";"2";"1";"1";"6";"BLANDIN";"47,4785700";" -0,5943600"
"201900028999";"13";"5";"2019";"09:00";"1";"49";"49246";"2";"1";"1";"2";"A87N";"47,4412303";" -0,5119425"
"201900029000";"12";"5";"2019";"15:36";"1";"49";"49007";"2";"1";"1";"7";"LETANDUERE";"47,4546300";" -0,5536300"
"201900029001";"12";"5";"2019";"05:55";"2";"49";"49007";"2";"1";"1";"7";"MONTAIGNE AVENUE";"47,4663000";" -0,5251000"
"201900029002";"9";"5";"2019";"08:15";"1";"49";"49007";"2";"1";"1";"6";"FOCH BOULEVARD";"47,4698400";" -0,5489000"
"201900029003";"7";"5";"2019";"13:19";"1";"49";"49007";"2";"1";"2";"3";"LAREVELLIERE";"47,4717300";" -0,5380400"
"201900029004";"6";"5";"2019";"07:37";"1";"49";"49007";"2";"1";"1";"7";"STRASBOURG BOULEVARD";"47,4556600";" -0,5504000"
"201900029005";"3";"5";"2019";"17:32";"1";"49";"49353";"2";"1";"1";"7";"VALONGO";"47,4472500";" -0,4688400"
"201900029006";"30";"4";"2019";"13:45";"1";"49";"49246";"2";"1";"1";"2";"GAULLE RUE CHARLES DE";"47,4255500";" -0,5256300"
"201900029007";"29";"4";"2019";"22:10";"3";"49";"49353";"2";"1";"1";"7";"PASTEUR";"47,4454600";" -0,4696000"
"201900029008";"29";"4";"2019";"15:49";"1";"49";"49007";"2";"1";"1";"2";"MOULIN BOULEVARD";"47,4885500";" -0,5455900"
"201900029009";"28";"4";"2019";"14:26";"1";"49";"49353";"2";"1";"8";"6";"GARE";"47,4490500";" -0,4648000"
"201900029010";"26";"4";"2019";"07:20";"2";"49";"49007";"2";"1";"2";"6";"COTE DE BELLEVUE";"47,4607800";" -0,5968500"
"201900029011";"26";"4";"2019";"15:47";"1";"49";"49007";"2";"1";"1";"6";"BLANCHOIN BOULEVARD";"47,4452600";" -0,5466900"
"201900029012";"27";"4";"2019";"05:49";"3";"49";"49267";"2";"1";"2";"6";"A87N";"47,4653570";" -0,5167660"
"201900029013";"27";"4";"2019";"04:23";"3";"49";"49007";"2";"1";"2";"6";"CHALOUERE";"47,4811200";" -0,5368300"
"201900029014";"26";"4";"2019";"19:23";"1";"49";"49007";"2";"1";"1";"6";"QUINCONCE";"47,4699400";" -0,5462600"
"201900029015";"29";"4";"2019";"16:05";"1";"47";"47001";"2";"1";"1";"6";"GAMBETTA (COURS)";"44,2021800";"0,6119000"
"201900029016";"26";"5";"2019";"12:00";"1";"45";"45302";"2";"3";"1";"2";"R NATIONALE - R DES FRERES LUMIERES";"47,9641000";"1,8884700"
"201900029017";"26";"5";"2019";"11:25";"1";"45";"45147";"1";"3";"1";"1";"BD DE LAMBALLE - R DESCARTES";"47,9273500";"1,9199500"
"201900029018";"25";"5";"2019";"21:40";"5";"45";"45298";"2";"1";"2";"6";"RUE DES HAUTES LEVEES";"47,8928500";"1,8779400"
"201900029019";"25";"5";"2019";"11:40";"1";"45";"45302";"2";"6";"1";"6";"GIRATOIRE R DU BOURG";"47,9511400";"1,8807500"
"201900029020";"23";"5";"2019";"09:30";"1";"45";"45234";"2";"1";"1";"7";"RUE DE PATAY";"47,9085640";"1,8985540"
"201900029021";"23";"5";"2019";"08:10";"1";"45";"45285";"2";"1";"1";"2";"AV GEORGES CLEMENCEAU";"47,8974200";"1,8679100"
"201900029022";"22";"5";"2019";"17:10";"1";"45";"45274";"2";"1";"1";"6";"775 ROUTE DE SANDILLON";"47,8752800";"1,9435600"
"201900029023";"22";"5";"2019";"13:35";"1";"45";"45285";"2";"1";"1";"7";"268 RUE CHARLES BEAUHAIRE";"47,9184000";"1,8592900"
"201900029024";"20";"5";"2019";"14:01";"1";"45";"45285";"1";"1";"1";"6";"77 RUE DE LA BATARDIERE";"47,9082300";"1,8639500"
"201900029025";"20";"5";"2019";"13:35";"1";"45";"45302";"2";"1";"8";"2";"ROCADE D952001";"47,9383600";"1,8886500"
"201900029026";"20";"5";"2019";"12:50";"1";"45";"45234";"2";"2";"1";"6";"RUE DE LA BRECHE";"47,8942310";"1,9114970"
"201900029027";"19";"5";"2019";"23:00";"5";"45";"45234";"2";"5";"1";"3";"BD MARIE STUART - FG ST VINCENT";"47,9125363";"1,9156529"
"201900029028";"19";"5";"2019";"03:00";"5";"45";"45234";"2";"3";"2";"6";"RUE DE MONTARGIS - R DE PITHIVIERS";"47,8392300";"1,9373100"
"201900029029";"16";"5";"2019";"16:35";"1";"45";"45169";"2";"1";"1";"3";"AV DE LA GRENAUDIERE";"47,9198500";"1,8299800"
"201900029030";"16";"5";"2019";"12:10";"1";"45";"45232";"2";"1";"1";"2";"RUE DE LA SOURCE";"47,8589700";"1,9125700"
"201900029031";"15";"5";"2019";"20:20";"1";"45";"45285";"2";"2";"1";"3";"R P DOUMER - VENELLE GAMBETTA";"47,9068933";"1,8816138"
"201900029032";"15";"5";"2019";"17:20";"1";"45";"45234";"2";"1";"1";"2";"AV ROGER SECRETAIN";"47,8900200";"1,8953200"
"201900029033";"14";"5";"2019";"12:20";"1";"45";"45234";"2";"2";"1";"3";"AV DU PARC FLORAL - R LEONARD DE VINCI";"47,8462400";"1,9409600"
"201900029034";"15";"5";"2019";"06:40";"2";"45";"45075";"2";"6";"7";"3";"ROUTE D'ORLEANS - Rue G BIZET";"47,8916925";"1,8426896"
"201900029035";"13";"5";"2019";"18:50";"1";"45";"45234";"2";"2";"1";"3";"RUE DE BOURGOGNE - RUE CHARLES SANGLIER";"47,9000297";"1,9048619"
"201900029036";"13";"5";"2019";"18:15";"1";"45";"45302";"2";"3";"1";"3";"R PASSE DEBOUT - ALLEE DE BEL AIR";"47,9378000";"1,8935000"
"201900029037";"13";"5";"2019";"16:12";"1";"45";"45234";"2";"1";"1";"6";"RUE ALBERT 1ER";"47,9059500";"1,8995100"
"201900029038";"13";"5";"2019";"17:15";"1";"45";"45234";"2";"2";"1";"3";"R DE L ARGONNE - R DU POIRIER ROND";"47,9148420";"1,9218680"
"201900029039";"13";"5";"2019";"16:45";"1";"45";"45075";"2";"1";"1";"1";"AVENUE GEORGES POMPIDOU";"47,8993820";"1,8556980"
"201900029040";"12";"5";"2019";"19:00";"1";"45";"45286";"2";"3";"1";"4";"RUE DU G DE GAULLE - R DU BALLON";"47,8927890";"1,9168700"
"201900029041";"12";"5";"2019";"17:55";"1";"45";"45232";"1";"6";"1";"3";"GIRATOIRE RD 8271";"47,8404890";"1,8768300"
"201900029042";"10";"5";"2019";"19:05";"1";"45";"45234";"2";"1";"8";"5";"42 R DU FAUBOURG SAINT JEAN";"47,9053000";"1,8922400"
"201900029043";"10";"5";"2019";"17:05";"1";"45";"45234";"2";"2";"2";"3";"R DE LA BRETONNERIE - R DES ANGLAISES";"47,9035500";"1,9079200"
"201900029044";"10";"5";"2019";"13:15";"1";"45";"45234";"2";"1";"1";"6";"RUE DE LA POTERNE";"47,8992700";"1,9093800"
"201900029045";"8";"5";"2019";"19:55";"1";"45";"45234";"2";"2";"2";"3";"R DU POIRIER ROND - BD MARIE STUART";"47,9119697";"1,9199822"
"201900029046";"7";"5";"2019";"19:20";"1";"45";"45169";"2";"1";"1";"2";"ROUTE NATIONALE";"47,9301700";"1,8371600"
"201900029047";"7";"5";"2019";"15:54";"1";"45";"45234";"2";"4";"1";"3";"RUE DE CHATEAUROUX";"47,8474641";"1,9286410"
"201900029048";"6";"5";"2019";"09:30";"1";"45";"45234";"2";"1";"1";"6";"AV DU PRESIDENT KENNEDY";"47,8390400";"1,9358900"
"201900029049";"6";"5";"2019";"09:10";"1";"45";"45075";"2";"1";"1";"7";"ROUTE D'ORLEANS";"47,8929100";"1,8472500"
"201900029050";"5";"5";"2019";"07:20";"1";"45";"45234";"2";"1";"1";"6";"QUAI DU ROI";"47,9006651";"1,9307153"
"201900029051";"4";"5";"2019";"02:10";"5";"45";"45285";"1";"1";"8";"3";"TANGENTIELLE D520";"47,9192218";"1,8732273"
"201900029052";"3";"5";"2019";"14:00";"1";"45";"45284";"2";"3";"1";"3";"AV DENIS  PAPIN - AV GAY LUSSAC";"47,9137850";"1,9487590"
"201900029053";"1";"5";"2019";"15:30";"1";"45";"45284";"2";"1";"7";"3";"AVENUE DE VERDUN";"47,9183200";"1,9808800"
"201900029054";"1";"5";"2019";"16:00";"1";"45";"45285";"2";"1";"1";"6";"RUE CHARLES BEAUHAIRE";"47,9113330";"1,8783080"
"201900029055";"29";"4";"2019";"13:55";"1";"45";"45234";"2";"3";"1";"4";"RUE DU FAUBOURG DE BOURGOGNE";"47,9023000";"1,9270000"
"201900029056";"29";"4";"2019";"09:00";"1";"45";"45147";"2";"4";"1";"2";"BD LAMARTINE - R LOUIS LABONNE";"47,9212510";"1,9082900"
"201900029057";"27";"5";"2019";"15:06";"1";"45";"45208";"2";"6";"2";"3";"RTE FORESTIERE DES SEPT FRERES - RTE FORESTIERE DE LA RUELLE AUX LOUPS";"48,0121783";"2,7487414"
"201900029058";"26";"5";"2019";"18:00";"1";"45";"45338";"2";"3";"1";"4";"AV DE LA LIBERATION - R DE CHAINTREAU";"47,9906700";"2,7088900"
"201900029059";"24";"5";"2019";"12:09";"1";"45";"45208";"2";"1";"1";"3";"76 RUE ANDRE COQUILLET";"47,9914990";"2,7321540"
"201900029060";"23";"5";"2019";"12:27";"1";"45";"45068";"2";"1";"1";"3";"37 RUE VICTOR HUGO";"48,0125650";"2,7377714"
"201900029061";"10";"5";"2019";"16:48";"1";"45";"45208";"2";"9";"2";"3";"3 RUE DU FAUBOURG DE LA CHAUSSEE";"47,9978307";"2,7377585"
"201900029062";"28";"4";"2019";"10:44";"1";"45";"45004";"2";"1";"1";"6";"PARKING INTERMARCHE RUE DES BRUYERES";"47,9904280";"2,7698190"
"201900029063";"25";"5";"2019";"20:35";"1";"44";"44184";"2";"1";"1";"6";"DESCARTES (RUE RENÉ)";"47,2833700";" -2,2207000"
"201900029064";"23";"5";"2019";"16:25";"1";"44";"44184";"2";"3";"1";"3";"RTE DE TRÉBALE / ALLEE DES JONQUILLES";"47,2644270";" -2,2424520"
"201900029065";"23";"5";"2019";"14:40";"1";"44";"44184";"2";"6";"1";"5";"(BOULEVARD JEAN DE NEYMAN / AVENUE DE VILLENEUVE ";"47,2788000";" -2,2438000"
"201900029066";"22";"5";"2019";"18:00";"1";"44";"44184";"1";"4";"1";"6";"ROUTES DES CARROIS DE CUNEIX /TRÉVELAN";"47,2990307";" -2,2627383"
"201900029067";"15";"5";"2019";"20:35";"1";"44";"44184";"2";"1";"1";"2";"BROODCOORENS (RUE) DU 02 AU 76  -  DU 01";"47,2664100";" -2,2491400"
"201900029068";"14";"5";"2019";"13:40";"1";"44";"44184";"2";"2";"1";"3";"RUES FIDELE SIMON /ROGER SALENGRO";"47,2805900";" -2,2079100"
"201900029069";"10";"5";"2019";"15:15";"1";"44";"44184";"2";"2";"1";"3";"AVENUE LÉON BLUM/RUE DE MAUDES ";"47,2720000";" -2,2116400"
"201900029070";"29";"4";"2019";"09:40";"1";"44";"44184";"2";"6";"1";"3";"BD LAENNEC / RUE FAURE";"47,2700000";" -2,2391300"
"201900029071";"9";"5";"2019";"08:45";"1";"44";"44184";"2";"3";"1";"2";"RUES COTE D'EMERAUDE / ETOILE DU MATIN";"47,2595400";" -2,2698400"
"201900029072";"3";"5";"2019";"20:27";"1";"44";"44184";"2";"1";"1";"6";"FRÊNES (RUE DES)";"47,2590000";" -2,2635000"
"201900029073";"14";"5";"2019";"16:30";"1";"44";"44109";"2";"1";"1";"6";"RUE DES RENARDS";"47,2551200";" -1,5658300"
"201900029074";"27";"5";"2019";"17:10";"1";"44";"44109";"2";"1";"1";"3";"PORTERIE (ST JOPEPH)";"47,2376800";" -1,5392900"
"201900029075";"26";"5";"2019";"05:30";"5";"44";"44109";"2";"1";"1";"6";"BOULEVARD GENERAL DE GAULLE";"47,2041900";" -1,5374000"
"201900029076";"24";"5";"2019";"11:45";"1";"44";"44109";"2";"1";"7";"3";"AVENUE DE LA PETITE BARATTE";"47,2275300";" -1,5506200"
"201900029077";"24";"5";"2019";"09:30";"1";"44";"44109";"2";"1";"1";"6";"RUE DU CALVAIRE DE GRILLAUD";"47,2187300";" -1,5811100"
"201900029078";"22";"5";"2019";"20:10";"1";"44";"44109";"2";"1";"1";"3";"ROUTE DE SAINTE LUCE";"47,2302640";" -1,5239220"
"201900029079";"20";"5";"2019";"13:25";"1";"44";"44109";"2";"2";"1";"3";"BD MARTYRS N. DE LA RESISTANCE";"47,2052000";" -1,5472600"
"201900029080";"20";"5";"2019";"08:45";"1";"44";"44162";"2";"3";"1";"1";"RUE HENRI RADIGOIS";"47,2145800";" -1,6632100"
"201900029081";"17";"5";"2019";"14:00";"1";"44";"44109";"2";"1";"1";"6";"RUE JULES GRANDJOUAN";"47,2495300";" -1,5181100"
"201900029082";"16";"5";"2019";"08:40";"1";"44";"44109";"2";"3";"1";"3";"CHEMIN DU BAS";"47,2231400";" -1,5098700"
"201900029083";"14";"5";"2019";"15:50";"1";"44";"44109";"2";"1";"1";"3";"JOST ( RUE LEON )";"47,2379600";" -1,5657100"
"201900029084";"11";"5";"2019";"07:44";"1";"44";"44109";"2";"7";"1";"3";"PLACE PIRMIL";"47,1978100";" -1,5421000"
"201900029085";"9";"5";"2019";"18:00";"1";"44";"44109";"2";"1";"1";"3";"BOULEVARD JULES VERNE";"47,2476900";" -1,5223200"
"201900029086";"8";"5";"2019";"23:15";"5";"44";"44109";"2";"2";"3";"3";"QUAI DE LA FOSSE-RUE DE LA VERRERIE";"47,2092800";" -1,5665600"
"201900029087";"7";"5";"2019";"10:00";"1";"44";"44190";"2";"1";"1";"6";"ROUTE DE CLISSON";"47,1893000";" -1,5115960"
"201900029088";"5";"5";"2019";"06:30";"2";"44";"44109";"2";"1";"1";"3";"PONT ANNE DE BRETAGNE";"47,2090000";" -1,5664500"
"201900029089";"4";"5";"2019";"14:30";"1";"44";"44114";"2";"1";"1";"2";"ESPLANADE DU CARDO";"47,2617200";" -1,5841800"
"201900029090";"2";"5";"2019";"21:52";"5";"44";"44109";"2";"9";"2";"3";"PLACE PIRMIL";"47,1980500";" -1,5423300"
"201900029091";"2";"5";"2019";"17:30";"1";"44";"44162";"2";"9";"1";"3";"BOULEVARD SALVADOR ALLENDE";"47,2211200";" -1,6307100"
"201900029092";"30";"4";"2019";"22:30";"5";"44";"44109";"2";"4";"1";"3";"ROUTE DE SAINT JOSEPH / BD DES BATIGNOLLES";"47,2545600";" -1,5297200"
"201900029093";"30";"4";"2019";"04:30";"5";"44";"44109";"2";"2";"1";"6";"PLACE PIRMIL(COTE ST SEBASTIEN/DOS D'ANE)";"47,1979100";" -1,5421100"
"201900029094";"26";"4";"2019";"18:10";"1";"44";"44109";"1";"1";"1";"3";"BOULEVARD DE LA PRAIRIE DE MAUVES";"47,2258600";" -1,4954700"
"201900029095";"28";"5";"2019";"03:15";"5";"44";"44055";"2";"9";"1";"6";"NÉRAC ( ROUTE DE )";"47,2780500";" -2,3536900"
"201900029096";"29";"5";"2019";"18:25";"1";"43";"43157";"2";"2";"1";"3";"FARIGOULE (RUE PIERRE)";"45,0411250";"3,8883380"
"201900029097";"22";"5";"2019";"15:15";"1";"43";"43251";"2";"1";"1";"7";"DROITS DE L'HOMME (AVENUE DES)";"45,0270800";"3,8686700"
"201900029098";"29";"4";"2019";"10:50";"1";"43";"43157";"2";"1";"1";"6";"ST-LOUIS (BD)";"45,0437200";"3,8800600"
"201900029099";"18";"5";"2019";"16:50";"1";"42";"42259";"2";"9";"2";"1";"SAINT MARTIN ROUTE DE";"45,5408000";"4,6106700"
"201900029100";"17";"5";"2019";"07:53";"1";"42";"42207";"2";"9";"1";"3";"BERARD LEON RUE";"45,4699000";"4,5167200"
"201900029101";"13";"5";"2019";"09:25";"1";"42";"42186";"2";"1";"1";"6";"MANISSOL ROUTE DE";"45,5283100";"4,5961800"
"201900029102";"3";"5";"2019";"11:45";"1";"42";"42186";"2";"1";"1";"6";"FLEURDELIX QUAI";"45,5286900";"4,6164700"
"201900029103";"18";"4";"2019";"09:30";"1";"42";"42218";"2";"2";"1";"3";"MENDES FRANCE PIERRE (BOULEVARD)";"45,4372700";"4,3788000"