"Num_Acc";"jour";"mois";"an";"hrmn";"lum";"dep";"com";"agg";"int";"atm";"col";"adr";"lat";"long"
"201900029104";"13";"5";"2019";"21:06";"5";"42";"42218";"2";"2";"1";"3";"HUGO VICTOR (COURS)";"45,4327000";"4,3883100"
"201900029105";"13";"5";"2019";"10:30";"1";"42";"42218";"2";"2";"1";"6";"ROCHETAILLEE (AVENUE) A PARTIR Nø 36-51";"45,4172100";"4,4004800"
"201900029106";"27";"4";"2019";"19:01";"1";"42";"42218";"2";"2";"8";"3";"FOY GENERAL";"45,4377600";"4,3875900"
"201900029107";"28";"5";"2019";"06:36";"1";"42";"42187";"2";"1";"1";"6";"SEMARD (RUE PIERRE )";"46,0422500";"4,0603700"
"201900029108";"23";"5";"2019";"10:45";"1";"42";"42187";"2";"6";"1";"6";"BRISON (RUE)";"46,0346800";"4,0697500"
"201900029109";"16";"5";"2019";"08:00";"1";"42";"42170";"1";"1";"1";"1";"CHERVET (LIEU DIT)";"46,0265800";"4,0999600"
"201900029110";"28";"5";"2019";"11:40";"1";"42";"42044";"2";"3";"2";"3";"REPUBLIQUE (RUE DE LA)";"45,3949000";"4,3102000"
"201900029111";"26";"5";"2019";"18:00";"1";"42";"42095";"2";"1";"1";"3";"HUGO (RUE VICTOR)";"45,3817500";"4,2781700"
"201900029112";"22";"5";"2019";"18:14";"1";"42";"42095";"1";"1";"1";"2";"PRES (CHEMIN DES)";"45,3801000";"4,2977200"
"201900029113";"20";"5";"2019";"17:35";"1";"42";"42183";"2";"3";"1";"3";"THOREZ (AVENUE MAURICE)";"45,4062230";"4,3683060"
"201900029114";"19";"5";"2019";"08:50";"1";"42";"42183";"1";"1";"2";"6";"RD 201";"45,4043400";"4,3751900"
"201900029115";"17";"5";"2019";"13:20";"1";"42";"42183";"2";"1";"1";"3";"GAMBETTA (RUE)";"45,4059000";"4,3778000"
"201900029116";"25";"5";"2019";"02:53";"5";"41";"41269";"2";"1";"1";"6";"TUILERIE (RUE DE LA)";"47,8099300";"1,0671800"
"201900029117";"22";"5";"2019";"12:40";"1";"41";"41295";"2";"1";"1";"2";"CHEMIN DES ROCHES";"47,5813200";"1,3858700"
"201900029118";"21";"5";"2019";"12:16";"1";"41";"41018";"2";"3";"1";"3";"NAU (RUE ROBERT)";"47,6129000";"1,3324400"
"201900029119";"20";"5";"2019";"09:10";"1";"41";"41295";"2";"1";"2";"6";"rue des guignards";"47,6011900";"1,3961800"
"201900029120";"18";"5";"2019";"17:26";"1";"41";"41018";"1";"1";"2";"1";"Berthonneau (rue Jules)";"47,6048544";"1,2977254"
"201900029121";"18";"5";"2019";"22:35";"5";"41";"41018";"2";"1";"1";"7";"RD 952";"47,5569900";"1,2958000"
"201900029122";"14";"5";"2019";"18:05";"1";"41";"41018";"2";"1";"1";"2";"DORET (RUE MARCEL)";"47,5971700";"1,3114600"
"201900029123";"23";"5";"2019";"08:00";"1";"40";"40281";"2";"1";"1";"6";"SAINT-SEVER (AV DE)";"43,8804800";" -0,5037900"
"201900029124";"17";"5";"2019";"17:05";"1";"40";"40192";"1";"1";"1";"4";"ROCADE EST (RD 932 E)";"43,8787400";" -0,4610300"
"201900029125";"8";"5";"2019";"12:48";"1";"40";"40281";"1";"9";"2";"3";"ROCADE OUEST (RN 124)";"43,8862500";" -0,5297800"
"201900029126";"12";"4";"2019";"18:25";"1";"40";"40192";"2";"1";"1";"6";"JUIN (V DU MARECHAL)";"43,8991000";" -0,4861700"
"201900029127";"14";"5";"2019";"13:40";"1";"40";"40088";"2";"1";"1";"6";"MANOIR (BOULEVARD YVES DU)";"43,7135500";" -1,0486500"
"201900029128";"10";"5";"2019";"09:50";"1";"39";"39300";"2";"6";"1";"6";"Giratoire Bd Th. Vernier / Av. Camille Prost";"46,6705500";"5,5720060"
"201900029129";"9";"5";"2019";"14:50";"1";"38";"38563";"1";"1";"1";"2";"VERDIN (MONTEE DU)";"45,3929100";"5,5707300"
"201900029130";"9";"5";"2019";"12:15";"1";"38";"38563";"2";"9";"1";"6";"QUATRE SEPTEMBRE (BOULEVARD DU)";"45,3638900";"5,5968600"
"201900029131";"26";"5";"2019";"19:00";"1";"38";"38544";"2";"1";"1";"6";"BERTHELOT(AV)";"45,5379000";"4,8725000"
"201900029132";"3";"5";"2019";"09:55";"1";"38";"38544";"2";"1";"1";"2";"ONZE NOVEMBRE(RUE DU)";"45,5182000";"4,8682000"
"201900029133";"1";"5";"2019";"09:00";"1";"38";"38544";"2";"7";"7";"3";"FUTERIE(PLACE DE LA)";"45,5276900";"4,8802400"
"201900029134";"29";"5";"2019";"15:30";"1";"38";"38158";"1";"1";"1";"3";"RN87";"45,1534300";"5,7423700"
"201900029135";"21";"5";"2019";"17:45";"1";"38";"38151";"2";"1";"1";"6";"RUE GALILÉE";"45,1387000";"5,7151400"
"201900029136";"21";"5";"2019";"16:18";"1";"38";"38185";"2";"1";"1";"3";"RUE ABBÉ GRÉGOIRE";"45,1849700";"5,7119100"
"201900029137";"17";"5";"2019";"10:50";"1";"38";"38185";"2";"7";"1";"1";"PLACE DOCTEUR LEON MARTIN";"45,1878100";"5,7276600"
"201900029138";"17";"5";"2019";"13:20";"1";"38";"38185";"2";"1";"2";"6";"AVENUE MARÉCHAL RANDON";"45,1998200";"5,7407300"
"201900029139";"12";"5";"2019";"19:05";"1";"38";"38185";"2";"1";"1";"3";"AVENUE DE L'EUROPE";"45,1593600";"5,7314600"
"201900029140";"10";"5";"2019";"20:30";"1";"38";"38185";"2";"3";"1";"3";"RUE JULES FERRY";"45,1820600";"5,7361900"
"201900029141";"5";"5";"2019";"17:10";"1";"38";"38185";"2";"1";"1";"3";"RUE DE KAUNAS";"45,1733200";"5,7421000"
"201900029142";"5";"5";"2019";"06:00";"3";"38";"38185";"1";"1";"1";"6";"N 481";"45,2155400";"5,6795000"
"201900029143";"2";"5";"2019";"16:20";"1";"38";"38421";"1";"1";"1";"6";"HUIT MAI 45 (AVENUE DU 8)";"45,1711200";"5,7569300"
"201900029144";"1";"5";"2019";"16:05";"1";"38";"38185";"2";"1";"1";"6";"AVENUE GÉNÉRAL CHAMPON";"45,1820000";"5,7318000"
"201900029145";"29";"5";"2019";"07:45";"1";"37";"37233";"2";"3";"1";"3";"MONTEIL (RUE HIPPOLYTE)";"47,3802668";"0,7217071"
"201900029146";"28";"5";"2019";"16:55";"1";"37";"37261";"2";"1";"1";"2";"PROUDHON (AVENUE)";"47,3938463";"0,6650399"
"201900029147";"28";"5";"2019";"16:15";"1";"37";"37261";"2";"1";"3";"3";"EIFFEL (AVENUE GUSTAVE)";"47,4371725";"0,6987722"
"201900029148";"21";"5";"2019";"16:24";"1";"37";"37261";"2";"1";"1";"3";"MARECHAL JUIN (BD)";"47,4129119";"0,7028758"
"201900029149";"27";"5";"2019";"14:00";"1";"37";"37122";"2";"1";"2";"6";"JAURES (BOULEVARD JEAN)";"47,3492243";"0,6663292"
"201900029150";"25";"5";"2019";"11:13";"1";"37";"37261";"2";"1";"1";"2";"COMPAGNONS D'EMMAUS (AVENUE DES)";"47,4306002";"0,7038629"
"201900029151";"24";"5";"2019";"15:35";"1";"37";"37261";"2";"6";"1";"7";"MAGINOT (AV. ANDRE)";"47,4292123";"0,7043695"
"201900029152";"23";"5";"2019";"17:40";"1";"37";"37261";"2";"1";"1";"6";"DE GAULLE (AVENUE DU GENERAL)";"47,3798600";"0,6941300"
"201900029153";"21";"5";"2019";"17:30";"1";"37";"37195";"2";"1";"1";"3";"HAUTES MARCHES (RUE DES)";"47,3861221";"0,6583214"
"201900029154";"20";"5";"2019";"10:01";"1";"37";"37122";"2";"1";"1";"6";"TAILHAR (RUE DU)";"47,3537827";"0,6766755"
"201900029155";"15";"5";"2019";"20:35";"1";"37";"37122";"2";"1";"1";"1";"SAINT LEGER (RUE DE)";"47,3374977";"0,6460589"
"201900029156";"15";"5";"2019";"13:45";"1";"37";"37261";"2";"2";"1";"3";"HUGO (RUE VICTOR)";"47,3882591";"0,6833041"
"201900029157";"15";"5";"2019";"08:14";"1";"37";"37195";"2";"1";"7";"6";"SAINT FRANCOIS (RUE)";"47,3894900";"0,6660900"
"201900029158";"13";"5";"2019";"18:30";"1";"37";"37122";"2";"1";"1";"3";"PONT CHER (RUE DU)";"47,3633621";"0,6742897"
"201900029159";"13";"5";"2019";"17:50";"1";"37";"37261";"2";"1";"1";"6";"JACQUEMIN (RUE JEAN BERNARD)";"47,3872600";"0,6998700"
"201900029160";"13";"5";"2019";"16:15";"1";"37";"37122";"2";"1";"1";"2";"BERGEONNERIE (RUE DE LA)";"47,3590300";"0,6939000"
"201900029161";"12";"5";"2019";"17:52";"1";"37";"37261";"2";"1";"1";"2";"VAILLANT (RUE EDOUARD)";"47,3793200";"0,7094200"
"201900029162";"12";"5";"2019";"13:15";"1";"37";"37122";"2";"1";"1";"6";"RD 86 DE MONTS à TOURS";"47,3359800";"0,6644700"
"201900029163";"11";"5";"2019";"12:05";"1";"37";"37214";"2";"1";"1";"7";"CHANTERIE (RUE DE LA)";"47,4182700";"0,6744000"
"201900029164";"8";"5";"2019";"23:30";"5";"37";"37261";"2";"3";"3";"4";"WAGNER (BOULEVARD RICHARD)";"47,3769400";"0,7135100"
"201900029165";"22";"4";"2019";"03:15";"5";"37";"37261";"2";"1";"1";"7";"FRANCE (PLACE ANATOLE)";"47,3970500";"0,6860600"
"201900029166";"8";"5";"2019";"19:20";"1";"37";"37122";"2";"1";"1";"2";"VERDUN (RUE DE)";"47,3435200";"0,6638200"
"201900029167";"3";"5";"2019";"16:35";"1";"37";"37122";"2";"1";"1";"2";"RD 86 DE MONTS à TOURS";"47,3341500";"0,6646700"
"201900029168";"3";"5";"2019";"14:25";"1";"37";"37122";"2";"1";"1";"7";"AMBOISE (RUE D')";"47,3421631";"0,6747241"
"201900029169";"7";"5";"2019";"00:25";"5";"37";"37261";"2";"1";"1";"6";"LADOUMEGUE (RUE JULES)";"47,3760600";"0,7302400"
"201900029170";"5";"5";"2019";"11:50";"1";"37";"37233";"2";"9";"1";"3";"DUCLOS (AVENUE JACQUES)";"47,3780876";"0,7177668"
"201900029171";"5";"5";"2019";"04:00";"5";"37";"37261";"2";"2";"1";"3";"HENRI IV (RUE)";"47,4142200";"0,6966700"
"201900029172";"2";"5";"2019";"17:05";"1";"37";"37261";"2";"1";"1";"6";"LADOUMEGUE (RUE JULES)";"47,3770100";"0,7317300"
"201900029173";"2";"5";"2019";"12:36";"1";"37";"37261";"2";"1";"1";"6";"HEURTELOUP (BOULEVARD)";"47,3911579";"0,6965360"
"201900029174";"21";"4";"2019";"04:05";"5";"37";"37122";"2";"1";"1";"7";"MARTYRS (RUE DES)";"47,3554900";"0,6671200"
"201900029175";"1";"5";"2019";"14:20";"1";"37";"37122";"2";"1";"1";"3";"CHINON (BOULEVARD DE)";"47,3519400";"0,6862500"
"201900029176";"29";"4";"2019";"19:20";"1";"37";"37261";"2";"2";"1";"1";"EIFFEL (AVENUE GUSTAVE)";"47,4282900";"0,6967600"
"201900029177";"29";"4";"2019";"13:45";"1";"37";"37195";"2";"2";"1";"3";"11 NOVEMBRE (RUE DU)";"47,3870442";"0,6593007"
"201900029178";"29";"4";"2019";"11:35";"1";"37";"37122";"2";"3";"1";"3";"GREVY (RUE JULES)";"47,3550100";"0,6589500"
"201900029179";"12";"11";"2019";"09:50";"1";"92";"92040";"2";"2";"1";"6";"GUSTAVE EIFFEL (ALLEE)";"48,8275890";"2,2646900"
"201900029180";"9";"11";"2019";"16:20";"1";"92";"92036";"2";"1";"1";"6";"GENERAL DE GAULLE (AVENUE) (PAIRS)";"48,9328700";"2,2861900"
"201900029181";"8";"11";"2019";"22:10";"5";"92";"92025";"2";"2";"1";"3";"GABRIEL PERI (RUE)";"48,9146120";"2,2290570"
"201900029182";"12";"11";"2019";"20:05";"5";"92";"92012";"2";"1";"1";"6";"CHATEAU (RUE DU) 1/125 - 2/136";"48,8424700";"2,2404000"
"201900029183";"12";"11";"2019";"19:00";"5";"92";"92007";"2";"1";"2";"7";"TERTRES (RUE DES)";"48,7879000";"2,3077000"
"201900029184";"13";"11";"2019";"07:50";"1";"49";"49092";"1";"1";"1";"1";"Route de Saint Lezin - D149";"47,2413850";" -0,7632730"
"201900029185";"12";"11";"2019";"15:15";"1";"57";"57493";"1";"1";"1";"5";"Route de Nancy";"48,8029490";"6,6622810"
"201900029186";"12";"11";"2019";"15:45";"1";"63";"63388";"1";"1";"1";"7";"D987";"46,0008811";"2,7771779"
"201900029187";"13";"11";"2019";"02:00";"3";"41";"41252";"1";"1";"2";"2";"autoroute A10";"47,6831060";"1,4143650"
"201900029188";"3";"11";"2019";"17:15";"2";"50";"50214";"1";"1";"2";"4";"A84";"48,9027360";" -1,1103730"
"201900029189";"12";"11";"2019";"18:20";"3";"22";"22020";"1";"1";"1";"2";"RD 793";"48,3340892";" -2,2414174"
"201900029190";"13";"11";"2019";"14:15";"1";"2B";"2B009";"1";"1";"1";"6";"Route de Bastia";"42,1129550";"9,5270590"
"201900029191";"12";"11";"2019";"21:00";"3";"62";"62695";"1";"1";"3";"7";"D339";"50,2678870";"2,3813350"
"201900029192";"12";"11";"2019";"18:15";"5";"41";"41153";"2";"4";"2";"3";"D80";"47,7143720";"0,7269450"
"201900029193";"13";"11";"2019";"10:15";"1";"2A";"2A271";"2";"1";"1";"3";"Pernicaggio";"41,9524910";"8,8010690"
"201900029194";"13";"11";"2019";"07:15";"2";"80";"80058";"1";"2";"8";"3";"D1029";"49,8724540";"2,6361890"
"201900029195";"12";"11";"2019";"11:50";"1";"33";"33394";"1";"2";"8";"3";"D670";"44,8591830";" -0,1552040"
"201900029196";"8";"11";"2019";"22:00";"3";"63";"63404";"1";"1";"2";"7";"D713";"45,5766810";"3,2315760"
"201900029197";"12";"11";"2019";"21:15";"3";"1";"01138";"1";"1";"1";"7";"D992";"45,8643380";"5,7999370"
"201900029198";"8";"10";"2019";"14:40";"1";"14";"14342";"1";"1";"2";"6";"Route du Pont Benard (Isigny-sur-Mer)";"49,2965780";" -1,0598400"
"201900029199";"13";"11";"2019";"00:15";"3";"64";"64403";"1";"1";"5";"7";"D936";"43,3761077";" -0,8726479"
"201900029200";"13";"11";"2019";"12:45";"1";"64";"64152";"2";"1";"8";"1";"1360 Route de Montardon";"43,3597491";" -0,3264656"
"201900029201";"12";"11";"2019";"18:30";"5";"85";"85108";"2";"2";"1";"3";"Rue Georges Clémenceau";"46,9083000";" -1,3768700"
"201900029202";"29";"7";"2019";"07:40";"1";"28";"28189";"1";"1";"1";"3";"RN 154 PR 15+000";"48,2144210";"1,8122120"
"201900029203";"6";"11";"2019";"18:40";"5";"88";"88114";"2";"1";"1";"6";"Rue Capitaine Albert Littolff";"48,1893120";"5,8833880"
"201900029204";"13";"11";"2019";"04:30";"3";"3";"03277";"1";"1";"5";"6";"N/A";"46,3049390";"3,0135059"
"201900029205";"13";"11";"2019";"12:50";"1";"1";"01156";"1";"1";"1";"6";"D4";"45,9249170";"5,1218730"
"201900029206";"12";"11";"2019";"21:35";"3";"6";"06149";"1";"9";"1";"6";"A8 pk206+840 en nord";"43,7433690";"7,3448580"
"201900029207";"13";"11";"2019";"14:28";"1";"69";"69206";"1";"1";"1";"5";"Mol de Vaux";"46,0856150";"4,7280170"
"201900029208";"12";"11";"2019";"22:15";"3";"45";"45006";"1";"1";"9";"3";"A71 PK109+362";"47,8108250";"1,8547630"
"201900029209";"9";"11";"2019";"12:00";"1";"974";"97408";"1";"1";"1";"7";"Route de la Montagne";" -20,9656680";"55,3698210"
"201900029210";"12";"11";"2019";"15:30";"1";"77";"77277";"1";"1";"3";"6";"D436  -61, Rue Caron";"48,7272000";"2,8680700"
"201900029211";"12";"11";"2019";"17:20";"2";"34";"34113";"1";"1";"1";"3";"D613";"43,4793880";"3,6951060"
"201900029212";"27";"10";"2019";"11:05";"1";"34";"34135";"1";"1";"1";"7";"D14";"43,2606370";"3,1605080"
"201900029213";"7";"11";"2019";"20:40";"3";"13";"13041";"1";"1";"8";"6";"D6";"43,4634740";"5,4658510"
"201900029214";"13";"11";"2019";"15:50";"1";"71";"71342";"2";"1";"8";"3";"D352";"46,4684100";"4,1186370"
"201900029215";"13";"11";"2019";"15:25";"1";"74";"74042";"1";"1";"1";"2";"ROUTE DÉPARTEMENTALE 1205";"46,0692270";"6,4424460"
"201900029216";"12";"11";"2019";"17:55";"3";"38";"38449";"1";"3";"1";"3";"RD 1006 / rue des papillons";"45,6561680";"5,1110160"
"201900029217";"10";"11";"2019";"19:50";"3";"38";"38405";"1";"1";"1";"6";"D520a";"45,3494750";"5,6687660"
"201900029218";"9";"11";"2019";"22:30";"3";"65";"65042";"1";"1";"3";"7";"16 Route des Cols";"43,0481545";"0,1579289"
"201900029219";"13";"11";"2019";"19:00";"3";"86";"86137";"1";"2";"2";"3";"Rue Marius Ferrand";"47,0365520";"0,0768290"
"201900029220";"12";"11";"2019";"13:50";"1";"64";"64496";"2";"9";"3";"5";"Avenue des Pyrenees";"43,4698550";" -1,4450920"
"201900029221";"12";"11";"2019";"18:35";"3";"13";"13106";"1";"1";"1";"3";"A51-Sens Aix en Provence vers Marseille";"43,4035321";"5,3576750"
"201900029222";"12";"11";"2019";"09:47";"1";"13";"13215";"1";"1";"1";"5";"A7-Sens Lyon vers Marseille";"43,3489440";"5,3697780"
"201900029223";"12";"11";"2019";"08:30";"1";"13";"13071";"1";"1";"1";"3";"A551  Lyon vers A55-Mlle Vieux Port";"43,3996800";"5,2982180"
"201900029224";"12";"11";"2019";"07:45";"1";"13";"13005";"1";"1";"1";"5";"A50-Sens Aubagne vers Marseille";"43,2871852";"5,5650784"
"201900029225";"12";"11";"2019";"21:00";"3";"33";"33122";"1";"1";"2";"2";"AUTOROUTE A 63";"44,7253400";" -0,7330500"
"201900029226";"12";"11";"2019";"07:40";"2";"33";"33550";"1";"1";"8";"6";"ROCADE A 630";"44,7778600";" -0,5583600"
"201900029227";"12";"11";"2019";"20:00";"3";"92";"92026";"1";"1";"1";"4";"RN192";"48,8898968";"2,2433914"
"201900029228";"12";"11";"2019";"14:28";"1";"92";"92025";"1";"1";"2";"6";"A86";"48,9281867";"2,2389783"
"201900029229";"11";"11";"2019";"23:40";"5";"92";"92012";"1";"1";"2";"6";"A13";"48,8486229";"2,2281691"
"201900029230";"11";"11";"2019";"15:15";"1";"95";"95572";"1";"1";"8";"6";"AUTOROUTE A15";"49,0319900";"2,1070300"
"201900029231";"11";"11";"2019";"16:41";"1";"93";"93078";"1";"1";"8";"7";"AUTOROUTE A104";"48,9585600";"2,5335500"
"201900029232";"11";"11";"2019";"14:45";"1";"93";"93005";"1";"1";"1";"6";"AUTOROUTE A104";"48,9725036";"2,4939823"
"201900029233";"11";"11";"2019";"10:20";"1";"93";"93027";"1";"1";"2";"3";"AUTOROUTE A86";"48,9284100";"2,4166800"
"201900029234";"9";"11";"2019";"19:00";"5";"93";"93005";"1";"1";"1";"4";"AUTOROUTE A1";"48,9645200";"2,4737300"
"201900029235";"10";"11";"2019";"14:30";"1";"93";"93005";"1";"1";"2";"4";"AUTOROUTE A3";"48,9544400";"2,4736200"
"201900029236";"10";"11";"2019";"12:00";"1";"95";"95604";"1";"1";"2";"6";"AUTOROUTE A1";"49,1220700";"2,5568700"
"201900029237";"10";"11";"2019";"13:35";"1";"95";"95277";"1";"1";"8";"6";"AUTOROUTE A3";"48,9757400";"2,4912800"
"201900029238";"10";"11";"2019";"06:00";"3";"95";"95218";"1";"1";"2";"3";"AUTOROUTE A15";"49,0360100";"2,0951400"
"201900029239";"12";"11";"2019";"18:45";"3";"77";"77146";"1";"1";"1";"4";"A4.Y";"48,8321190";"2,6531100"
"201900029240";"12";"11";"2019";"10:30";"1";"77";"77258";"1";"1";"1";"3";"A4.Y";"48,8299502";"2,6256117"
"201900029241";"11";"11";"2019";"14:30";"1";"94";"94011";"1";"1";"1";"2";"RN406.W";"48,7606300";"2,4880700"
"201900029242";"11";"11";"2019";"19:49";"5";"976";"97611";"2";"1";"1";"6";"doujani-Mosquée de doujani ( rue de la )";" -12,7951700";"45,2134800"
"201900029243";"8";"11";"2019";"17:30";"1";"974";"97416";"1";"1";"1";"3";"KLETT (CHEMIN)";" -21,2873200";"55,4651900"
"201900029244";"11";"11";"2019";"18:25";"5";"69";"69388";"2";"1";"1";"5";"MARIUS BERLIET                      (R )";"45,7404800";"4,8640700"
"201900029245";"11";"11";"2019";"16:40";"1";"69";"69259";"2";"2";"1";"6";"AMBROISE CROIZAT                    (BD)";"45,7081000";"4,8871000"
"201900029246";"11";"11";"2019";"14:55";"1";"69";"69383";"2";"2";"1";"3";"ANDRE PHILIP                        (R )";"45,7545800";"4,8517500"
"201900029247";"11";"11";"2019";"03:55";"5";"69";"69034";"2";"2";"1";"6";"BOUCLE (DE LA)                      (MO)";"45,7841300";"4,8312900"
"201900029248";"10";"11";"2019";"21:00";"5";"69";"69382";"2";"1";"1";"2";"DOCTEUR GAILLETON (DU)              (QU)";"45,7528400";"4,8338100"
"201900029249";"10";"11";"2019";"20:57";"3";"971";"97113";"1";"1";"1";"3";"PETIT HAVRE (SECTEUR)";"16,2156200";" -61,4230300"
"201900029250";"11";"11";"2019";"18:55";"5";"2A";"2A004";"2";"3";"1";"3";"ALBERT 1ER BD";"41,9129701";"8,7262304"
"201900029251";"11";"11";"2019";"19:00";"5";"91";"91421";"2";"1";"9";"1";"REPUBLIQUE (AVENUE DE LA)";"48,7092000";"2,4526400"
"201900029252";"9";"11";"2019";"10:00";"1";"83";"83050";"2";"9";"1";"6";"JOFFRE(BOULEVARD DU MARECHAL)";"43,5366700";"6,4602800"
"201900029253";"7";"11";"2019";"18:59";"5";"77";"77268";"2";"2";"2";"6";"EPINETTES ( RUE DES )";"48,8675700";"2,8147800"
"201900029254";"11";"11";"2019";"17:35";"5";"69";"69290";"2";"2";"1";"3";"TEMPS MODERNES (DES)            (AV)";"45,7112300";"4,9123200"
"201900029255";"11";"11";"2019";"13:30";"1";"64";"64445";"2";"1";"8";"1";"GEORGES CLEMENCEAU";"43,2962533";" -0,3686015"
"201900029256";"11";"11";"2019";"13:30";"1";"41";"41212";"1";"1";"1";"6";"RD 956";"47,5558300";"1,3817700"
"201900029257";"9";"11";"2019";"22:45";"5";"29";"29039";"2";"1";"2";"7";"KERNEACH (RUE DE )";"47,8827100";" -3,9233800"
"201900029258";"11";"11";"2019";"15:40";"1";"17";"17291";"2";"1";"1";"3";"BELGIQUE  RUE";"46,1749800";" -1,1233300"
"201900029259";"11";"11";"2019";"18:53";"5";"10";"10387";"2";"1";"8";"1";"GAMBETTA (BOULEVARD)";"48,2990389";"4,0711400"
"201900029260";"11";"11";"2019";"16:45";"2";"6";"06069";"2";"1";"2";"5";"CANNES (ROUTE DE)  -RD 6085-";"43,6379770";"6,9507740"
"201900029261";"10";"11";"2019";"11:30";"1";"6";"06004";"2";"1";"1";"6";"AMES DU PURGATOIRE CH.DES";"43,5935830";"7,0939430"
"201900029262";"11";"11";"2019";"02:55";"5";"1";"01053";"2";"2";"5";"3";"BROU ( BD N°65 B A FIN)";"46,1919700";"5,2409000"
"201900029263";"10";"11";"2019";"21:50";"5";"75";"75119";"2";"1";"1";"6";"BD PERIPHERIQUE EXTERIEUR";"48,8909580";"2,3960330"
"201900029264";"11";"11";"2019";"01:10";"5";"75";"75117";"2";"5";"1";"6";"AVENUE DE SAINT OUEN";"48,8930040";"2,3274290"
"201900029265";"11";"11";"2019";"00:50";"5";"75";"75116";"2";"2";"1";"3";"RUE DE LA POMPE";"48,8595500";"2,2752170"
"201900029266";"11";"11";"2019";"10:10";"1";"75";"75114";"2";"2";"2";"6";"RUE RAYMOND LOSSERAND";"48,8351000";"2,3203160"
"201900029267";"11";"11";"2019";"17:50";"2";"75";"75111";"2";"1";"1";"3";"BOULEVARD DE BELLEVILLE";"48,8706120";"2,3783540"
"201900029268";"11";"11";"2019";"10:10";"1";"75";"75101";"2";"3";"2";"3";"RUE DE L AMIRAL DE COLIGNY";"48,8590130";"2,3398790"
"201900029269";"11";"11";"2019";"14:15";"1";"94";"94081";"2";"9";"1";"3";"MOULIN DE SAQUET (AV DU)";"48,7906145";"2,3805341"
"201900029270";"10";"11";"2019";"23:40";"5";"94";"94081";"2";"2";"9";"3";"COMMUNE DE PARIS (AV DE LA)";"48,7834300";"2,3904300"
"201900029271";"11";"11";"2019";"19:15";"5";"92";"92002";"2";"2";"2";"3";"PRESIDENT KENNEDY (50 A LA FIN)";"48,7362348";"2,2917765"
"201900029272";"12";"11";"2019";"11:20";"1";"74";"74077";"1";"9";"1";"6";"A40";"46,0584005";"5,8970680"
"201900029273";"11";"11";"2019";"18:20";"5";"71";"71214";"2";"9";"1";"1";"Route de Pras";"46,6496670";"4,5751200"
"201900029274";"8";"11";"2019";"11:20";"1";"45";"45066";"1";"2";"1";"3";"D38 - D39";"47,9426870";"2,5542310"
"201900029275";"31";"10";"2019";"15:20";"1";"26";"26160";"2";"1";"3";"6";"route nationale 7";"45,2051360";"4,8150840"
"201900029276";"25";"10";"2019";"09:20";"1";"30";"30278";"2";"1";"1";"6";"chemin de la Baume";"44,0613180";"4,6963430"
"201900029277";"12";"11";"2019";"08:30";"1";"47";"47165";"1";"1";"1";"6";"RD 116";"44,4938390";"0,0696630"
"201900029278";"10";"11";"2019";"18:00";"5";"62";"62885";"2";"1";"8";"6";"35 Rue d'Hesdin";"50,5444260";"2,3444920"
"201900029279";"11";"11";"2019";"18:40";"5";"31";"31157";"2";"1";"2";"6";"66 Avenue de Toulouse";"43,5415780";"1,3471610"
"201900029280";"9";"11";"2019";"22:25";"3";"51";"51518";"1";"3";"1";"7";"RD 26";"49,3072955";"3,9772836"
"201900029281";"12";"11";"2019";"17:02";"1";"56";"56058";"1";"1";"1";"1";"Le Poteau RD 774";"47,5025220";" -2,2996960"
"201900029282";"11";"11";"2019";"11:50";"1";"82";"82045";"1";"1";"1";"6";"route de la ferme Parreaux";"43,9752090";"1,1573870"
"201900029283";"11";"11";"2019";"16:50";"1";"82";"82136";"1";"1";"2";"3";"Route de Campsas";"43,9086450";"1,3915980"
"201900029284";"11";"11";"2019";"20:05";"5";"22";"22046";"2";"1";"2";"7";"8 Rue de Croquelien (Le Gouray)";"48,3014930";" -2,5229110"
"201900029285";"11";"11";"2019";"06:35";"3";"25";"25050";"1";"1";"5";"3";"D461";"47,1097750";"6,6194940"
"201900029286";"1";"11";"2019";"01:15";"3";"44";"44129";"2";"1";"2";"7";"la vallée de berreau";"47,4748140";" -2,1107110"
"201900029287";"11";"11";"2019";"16:30";"1";"38";"38357";"2";"2";"1";"3";"Rue de la République";"45,5486970";"5,5346180"
"201900029288";"12";"11";"2019";"09:10";"1";"1";"01236";"1";"2";"1";"3";"D28";"46,3315550";"5,0838120"
"201900029289";"12";"11";"2019";"12:10";"1";"60";"60577";"2";"1";"1";"6";"Route Nationale 31";"49,4474630";"1,8036080"
"201900029290";"11";"11";"2019";"20:30";"3";"16";"16143";"1";"1";"8";"6";"Ld La  Moullière";"45,5133580";"0,1957430"
"201900029291";"12";"11";"2019";"08:45";"1";"85";"85073";"1";"1";"8";"1";"La Frise";"46,4847900";" -1,1855800"
"201900029292";"12";"11";"2019";"18:30";"3";"27";"27435";"1";"1";"2";"6";"cd810 - PR 027.700";"49,2804970";"0,5227960"
"201900029293";"6";"11";"2019";"12:45";"1";"37";"37170";"2";"2";"1";"3";"Rue des Prés";"47,6021339";"0,5991189"
"201900029294";"9";"11";"2019";"06:00";"1";"973";"97307";"1";"1";"1";"3";"RN 2 PR13";"4,8038578";" -52,3768207"
"201900029295";"8";"11";"2019";"15:00";"1";"13";"13050";"1";"9";"1";"1";"intersection RD7 - D917";"43,6386010";"5,2773770"