"Num_Acc";"jour";"mois";"an";"hrmn";"lum";"dep";"com";"agg";"int";"atm";"col";"adr";"lat";"long"
"201900029296";"11";"11";"2019";"19:40";"3";"33";"33382";"1";"1";"8";"5";"A10";"45,1226600";" -0,4857100"
"201900029297";"12";"11";"2019";"13:10";"1";"72";"72080";"1";"1";"1";"7";"autoroute A 11";"48,1789680";"0,6859700"
"201900029298";"12";"11";"2019";"10:15";"1";"6";"06085";"1";"1";"1";"2";"autoroute A8  pk168.800 chaussée nord";"43,5945580";"7,0425540"
"201900029299";"12";"11";"2019";"05:40";"3";"83";"83116";"1";"1";"1";"6";"A8";"43,4571370";"5,8719500"
"201900029300";"8";"11";"2019";"07:15";"1";"976";"97617";"2";"1";"1";"1";"D1";" -12,7895900";"45,1316700"
"201900029301";"12";"11";"2019";"07:55";"1";"76";"76705";"1";"1";"2";"3";"A13";"49,3249130";"1,0954700"
"201900029302";"12";"11";"2019";"07:50";"1";"988";"98817";"1";"1";"1";"5";"route du Sud";" -22,2376030";"166,5858150"
"201900029303";"10";"11";"2019";"20:15";"3";"971";"97128";"2";"4";"1";"3";"Lieu Dit Chateaubrun";"16,2516020";" -61,3543110"
"201900029304";"11";"11";"2019";"22:45";"5";"77";"77171";"2";"1";"2";"6";"D5-21 Avenue Foch";"48,9048800";"2,8129500"
"201900029305";"11";"11";"2019";"20:40";"3";"77";"77142";"1";"1";"2";"1";"D934";"48,8438400";"2,9510500"
"201900029306";"10";"11";"2019";"12:05";"1";"91";"91405";"1";"1";"1";"1";"D372";"48,4270860";"2,4692160"
"201900029307";"12";"11";"2019";"18:20";"3";"66";"66088";"1";"1";"1";"2";"9 Route de Montalba";"42,6744180";"2,6163140"
"201900029308";"10";"11";"2019";"19:25";"5";"66";"66038";"2";"1";"1";"7";"rue des templiers";"42,6560720";"2,8399190"
"201900029309";"12";"11";"2019";"07:40";"1";"34";"34299";"2";"1";"1";"1";"Rue Georges Ricard";"43,2859200";"3,2738370"
"201900029310";"23";"10";"2019";"09:40";"1";"54";"54393";"1";"1";"5";"1";"D151";"48,4741590";"6,6468740"
"201900029311";"11";"11";"2019";"21:00";"5";"1";"01385";"2";"1";"2";"6";"780 Route de St Remy";"46,1926300";"5,1670100"
"201900029312";"4";"11";"2019";"06:40";"2";"69";"69143";"2";"1";"2";"3";"Avenue Auguste Wissel";"45,8807100";"4,8468200"
"201900029313";"10";"11";"2019";"14:35";"1";"22";"22162";"1";"2";"8";"3";"D 786";"48,7683180";" -3,0896550"
"201900029314";"8";"11";"2019";"17:15";"3";"67";"67043";"1";"1";"2";"4";"Autoroute A.4";"48,6153000";"7,7266000"
"201900029315";"11";"11";"2019";"16:00";"1";"33";"33039";"1";"1";"1";"4";"ROCADE A 630";"44,7957900";" -0,5390600"
"201900029316";"11";"11";"2019";"10:40";"1";"91";"91477";"1";"1";"3";"3";"AUTOROUTE A126";"48,7182000";"2,2606000"
"201900029317";"11";"11";"2019";"07:00";"3";"91";"91689";"1";"1";"1";"7";"AUTOROUTE A6A";"48,7466000";"2,3253000"
"201900029318";"10";"11";"2019";"17:50";"3";"77";"77495";"1";"1";"2";"7";"AUTOROUTE A5";"48,5898400";"2,6369600"
"201900029319";"10";"11";"2019";"11:50";"1";"92";"92064";"1";"1";"2";"2";"N118";"48,8274105";"2,2245118"
"201900029320";"11";"11";"2019";"19:30";"3";"77";"77181";"1";"1";"1";"2";"A4";"48,8299400";"2,7067600"
"201900029321";"10";"11";"2019";"21:15";"3";"94";"94073";"1";"1";"1";"3";"A86 INT";"48,7685472";"2,3787416"
"201900029322";"10";"11";"2019";"12:50";"1";"94";"94069";"1";"1";"8";"5";"A4";"48,8167000";"2,4333000"
"201900029323";"10";"11";"2019";"12:00";"1";"77";"77258";"1";"1";"2";"5";"A4.Y";"48,8317212";"2,6487651"
"201900029324";"10";"11";"2019";"01:40";"3";"77";"77468";"1";"1";"2";"6";"A104";"48,8329900";"2,6642700"
"201900029325";"3";"11";"2019";"07:20";"1";"13";"13204";"2";"1";"2";"6";"ALEX. FLEMING (BOULEVARD)";"43,3176000";"5,4050000"
"201900029326";"10";"11";"2019";"07:00";"3";"91";"91286";"1";"1";"2";"2";"AUTOROUTE A6";"48,6577000";"2,3764000"
"201900029327";"10";"11";"2019";"13:20";"1";"988";"98818";"2";"1";"1";"1";"RUE TEYSSANDIER DE LAUBAREDE";" -22,2556700";"166,4613100"
"201900029328";"10";"11";"2019";"11:00";"1";"974";"97407";"2";"2";"1";"3";"COMMUNE DE PARIS (AVENUE)";" -20,9359000";"55,2911000"
"201900029329";"10";"11";"2019";"04:30";"5";"69";"69386";"2";"1";"1";"7";"VITTON                              (CO)";"45,7694700";"4,8520700"
"201900029330";"10";"11";"2019";"00:40";"5";"69";"69259";"2";"4";"8";"3";"VIENNE (DE)                         (RO)";"45,7177000";"4,8547300"
"201900029331";"10";"11";"2019";"05:00";"3";"972";"97213";"2";"1";"2";"6";"AUTOROUTE A1";"14,6182980";" -61,0201980"
"201900029332";"4";"11";"2019";"19:15";"5";"972";"97213";"1";"1";"1";"4";"AUTOROUTE A1";"14,6179400";" -61,0227800"
"201900029333";"10";"11";"2019";"16:45";"1";"69";"69382";"2";"1";"1";"3";"SUCHET                              (CO)";"45,7476640";"4,8220300"
"201900029334";"10";"11";"2019";"12:00";"1";"69";"69382";"2";"1";"1";"3";"PERRACHE                            (QU)";"45,7331700";"4,8180500"
"201900029335";"8";"11";"2019";"04:10";"5";"69";"69034";"2";"1";"1";"6";"BELLE CORDIERE (DE LA)              (CH)";"45,7910200";"4,8701100"
"201900029336";"9";"11";"2019";"14:20";"1";"69";"69382";"2";"1";"1";"6";"VERDUN PERRACHE                     (VO)";"45,7507500";"4,8246400"
"201900029337";"9";"11";"2019";"06:00";"2";"69";"69382";"2";"1";"1";"2";"GRENETTE                            (R )";"45,7634600";"4,8357200"
"201900029338";"9";"11";"2019";"18:00";"4";"971";"97113";"2";"1";"1";"6";"GENERAL DE GAULLE (AVENUE)";"16,2059314";" -61,4897597"
"201900029339";"9";"11";"2019";"22:55";"5";"95";"95680";"2";"1";"2";"3";"AVENUE ALEXIS VARAGNE";"48,9996322";"2,4140122"
"201900029340";"10";"11";"2019";"18:55";"5";"95";"95019";"2";"1";"1";"7";"PAIX (RUE DE LA)";"48,9914000";"2,4140000"
"201900029341";"1";"11";"2019";"20:00";"5";"91";"91377";"2";"1";"2";"6";"BOURGOGNE (AVENUE DE)";"48,7346270";"2,2926880"
"201900029342";"10";"11";"2019";"03:53";"5";"83";"83126";"2";"3";"3";"6";"PETIN (AV HENRI)";"43,1052100";"5,8757100"
"201900029343";"10";"11";"2019";"07:00";"5";"72";"72181";"2";"1";"1";"6";"JOEL SADELER (RUE)";"47,9968800";"0,1713700"
"201900029344";"10";"11";"2019";"03:20";"5";"69";"69266";"2";"2";"1";"3";"EDOUARD VAILLANT      (Rue)";"45,7752200";"4,8802500"
"201900029345";"9";"11";"2019";"18:00";"2";"69";"69290";"1";"4";"1";"3";"ST BONNET DE MURE (DE)              (CH)";"45,6919500";"4,9671400"
"201900029346";"10";"11";"2019";"07:00";"5";"69";"69266";"2";"1";"2";"6";"EMILE ZOLA     (Cours)";"45,7636600";"4,9112900"
"201900029347";"7";"11";"2019";"06:50";"5";"62";"62193";"2";"6";"3";"6";"SAINT OMER ( PORTE DE) ";"50,9344980";"1,8897340"
"201900029348";"10";"11";"2019";"10:10";"1";"59";"59650";"2";"1";"1";"6";"BRIET (CARRIERE)";"50,7063889";"3,2486755"
"201900029349";"5";"11";"2019";"02:03";"5";"59";"59350";"2";"1";"1";"6";"LAMBRET OSCAR AVENUE";"50,6150700";"3,0355600"
"201900029350";"4";"11";"2019";"11:10";"1";"59";"59271";"2";"9";"1";"6";"CLEMENCEAU";"51,0146607";"2,3031791"
"201900029351";"10";"11";"2019";"16:10";"1";"54";"54395";"2";"3";"1";"2";"GAMBETTA (RUE)";"48,6923800";"6,1812100"
"201900029352";"10";"10";"2019";"02:00";"5";"37";"37122";"2";"1";"2";"5";"PONT VOLANT (RUE DU)";"47,3594515";"0,6687191"
"201900029353";"9";"11";"2019";"19:00";"3";"33";"33119";"2";"1";"3";"3";"AVE CARNOT";"44,8617700";" -0,5297100"
"201900029354";"20";"12";"2019";"13:40";"1";"92";"92007";"2";"2";"1";"3";"BARBUSSE (AVENUE HENRI) N° 1 A 43 ET 2 A";"48,7984018";"2,3089846"
"201900029355";"20";"12";"2019";"12:00";"1";"92";"92004";"2";"1";"1";"6";"DOCTEUR DERVAUX  ( QUAI DU )";"48,9070240";"2,2913770"
"201900029356";"20";"12";"2019";"13:40";"1";"22";"22308";"1";"1";"1";"1";"les effourneaux";"48,3532210";" -2,0618113"
"201900029357";"13";"12";"2019";"11:15";"1";"2";"02780";"1";"1";"8";"2";"N31";"49,3621550";"3,4065990"
"201900029358";"20";"12";"2019";"19:45";"3";"12";"12301";"1";"3";"1";"1";"D48";"44,4403500";"2,0620180"
"201900029359";"20";"12";"2019";"08:45";"2";"54";"54510";"2";"1";"2";"7";"Rue du Faubourg";"48,7462490";"6,4181400"
"201900029360";"20";"12";"2019";"22:40";"3";"81";"81294";"1";"1";"3";"7";"Chemin du Lac";"43,8330980";"1,9455530"
"201900029361";"18";"12";"2019";"11:07";"1";"24";"24299";"2";"3";"1";"3";"39 Avenue Gambetta";"45,0353730";"0,3692530"
"201900029362";"21";"12";"2019";"06:00";"3";"85";"85223";"1";"1";"2";"6";"La Surie";"46,5862100";" -1,1167900"
"201900029363";"20";"12";"2019";"23:50";"3";"62";"62615";"1";"1";"2";"6";"Rue du Marais";"50,9106020";"1,8505710"
"201900029364";"20";"12";"2019";"14:45";"1";"83";"83070";"2";"1";"1";"3";"Avenue du Marechal Juin";"43,1361200";"6,3597270"
"201900029365";"8";"12";"2019";"17:20";"3";"44";"44076";"2";"1";"1";"7";"Lieu-dit Le Chesneau";"47,6157010";" -1,6152730"
"201900029366";"21";"12";"2019";"03:00";"5";"83";"83054";"2";"1";"3";"6";"Chemin Alphonse Lavallee";"43,1547080";"6,0438580"
"201900029367";"13";"12";"2019";"18:20";"5";"56";"56243";"2";"1";"3";"6";"14 Route de Nantes";"47,6529780";" -2,7326880"
"201900029368";"10";"12";"2019";"17:20";"3";"76";"76446";"1";"1";"1";"6";"D982";"49,4450960";"1,0096100"
"201900029369";"21";"12";"2019";"00:10";"3";"2B";"2B150";"1";"1";"6";"6";"Piano Alla Casa";"42,5844650";"8,8313350"
"201900029370";"16";"12";"2019";"16:30";"1";"2B";"2B050";"1";"1";"1";"1";"La Vigna";"42,5492900";"8,7850720"
"201900029371";"21";"12";"2019";"04:30";"3";"2B";"2B346";"2";"1";"8";"6";"D237";"42,4946270";"9,4382880"
"201900029372";"20";"12";"2019";"20:50";"5";"2B";"2B286";"2";"1";"8";"1";"Querciolo";"42,4872490";"9,4795670"
"201900029373";"20";"12";"2019";"14:38";"1";"82";"82019";"1";"1";"1";"1";"D813";"44,0937730";"1,0306310"
"201900029374";"20";"12";"2019";"22:10";"3";"61";"61167";"1";"1";"1";"7";"D14";"48,8414190";"0,5011510"
"201900029375";"21";"12";"2019";"00:30";"3";"47";"47205";"1";"1";"1";"1";"D291";"44,2943320";" -0,0264890"
"201900029376";"20";"12";"2019";"13:20";"1";"35";"35263";"1";"1";"1";"3";"N/A";"48,6765000";" -1,8950000"
"201900029377";"21";"12";"2019";"11:45";"1";"34";"34192";"2";"1";"1";"1";"334 Avenue des Jockeys";"43,5335560";"3,9388020"
"201900029378";"20";"12";"2019";"16:15";"1";"29";"29259";"1";"2";"1";"3";"7 Cite Creac H Al Leo";"48,6851873";" -4,0003543"
"201900029379";"20";"12";"2019";"16:15";"1";"29";"29029";"1";"1";"8";"7";"Lieu Dit Kermoen";"48,2447170";" -3,6585210"
"201900029380";"20";"12";"2019";"21:00";"3";"29";"29061";"1";"1";"1";"4";"Gouesnou";"48,4317430";" -4,4710160"
"201900029381";"20";"12";"2019";"19:00";"3";"66";"66133";"1";"1";"1";"1";"D11";"42,5799380";"2,9746320"
"201900029382";"21";"12";"2019";"06:50";"5";"72";"72269";"2";"1";"2";"6";"48 Rue Fernand Poignant";"47,9166430";"0,7354030"
"201900029383";"23";"10";"2019";"05:30";"5";"14";"14119";"2";"1";"2";"1";"58 Route de Paris";"49,1438830";" -0,2496610"
"201900029384";"13";"7";"2019";"10:30";"1";"14";"14294";"2";"3";"1";"1";"D229";"49,0980740";" -0,2562910"
"201900029385";"20";"12";"2019";"19:30";"3";"64";"64191";"1";"1";"2";"7";"Route de Montaut";"43,1522825";" -0,2159269"
"201900029386";"21";"12";"2019";"00:45";"3";"43";"43170";"1";"1";"1";"7";"D588";"45,2709440";"3,2814010"
"201900029387";"21";"12";"2019";"08:30";"1";"53";"53059";"1";"3";"1";"4";"D20";"48,1003440";" -0,5137620"
"201900029388";"21";"12";"2019";"03:45";"3";"24";"24064";"1";"1";"3";"7";"D675";"45,3910430";"0,6513280"
"201900029389";"20";"12";"2019";"19:10";"3";"4";"04013";"1";"1";"2";"1";"RD 951";"44,1307050";"5,9537890"
"201900029390";"20";"12";"2019";"19:20";"3";"37";"37099";"1";"1";"2";"3";"La Rouliere";"47,2949450";"0,5602870"
"201900029391";"20";"12";"2019";"13:00";"1";"49";"49022";"1";"1";"4";"5";"Beaulieu-sur-Layon";"47,3112210";" -0,6071680"
"201900029392";"17";"12";"2019";"15:30";"1";"53";"53029";"1";"3";"2";"3";"D145";"47,7525400";" -0,5342100"
"201900029393";"21";"12";"2019";"01:00";"5";"978";"97801";"1";"1";"1";"6";"intersection RN7 / rue des gon goves, quartier d'orléans";"18,0778090";" -63,0291620"
"201900029394";"20";"12";"2019";"18:15";"5";"67";"67256";"2";"1";"3";"6";"RD 263";"48,6563990";"7,7219910"
"201900029395";"18";"12";"2019";"19:20";"5";"33";"33090";"1";"2";"1";"3";"A63/RD214E3";"44,7655720";" -0,6724740"
"201900029396";"20";"12";"2019";"16:55";"1";"64";"64061";"1";"1";"2";"7";"Route d'Arthez";"43,3970687";" -0,5496491"
"201900029397";"19";"10";"2019";"13:00";"1";"6";"06012";"1";"1";"3";"6";"A8";"43,7537370";"7,4195210"
"201900029398";"21";"12";"2019";"11:15";"1";"49";"49222";"1";"9";"1";"6";"A87";"47,3357260";" -0,6001560"
"201900029399";"20";"12";"2019";"14:15";"1";"86";"86007";"1";"1";"4";"5";"A10";"46,8841050";"0,5176890"
"201900029400";"16";"12";"2019";"21:10";"3";"28";"28092";"1";"1";"8";"3";"A10";"48,3518920";"1,8736030"
"201900029401";"20";"12";"2019";"19:10";"5";"987";"98733";"2";"1";"2";"5";"Pk 21.950";" -17,6899310";" -149,5483490"
"201900029402";"21";"12";"2019";"05:00";"1";"988";"98833";"1";"1";"1";"7";"RPN3 - Campement Maï";" -21,4025040";"165,7693860"
"201900029403";"20";"12";"2019";"13:40";"1";"37";"37022";"1";"1";"1";"1";"La Durandière";"47,1769990";"0,1986770"
"201900029404";"20";"12";"2019";"19:20";"5";"95";"95355";"2";"1";"1";"6";"place de la Halle";"49,1554250";"1,7873800"
"201900029405";"21";"12";"2019";"11:45";"1";"91";"91180";"1";"1";"1";"3";"D372";"48,4435290";"2,4836030"
"201900029406";"20";"12";"2019";"15:56";"1";"34";"34189";"1";"1";"1";"7";"Route de Beziers";"43,2822290";"2,7486170"
"201900029407";"18";"12";"2019";"17:00";"5";"4";"04245";"2";"1";"1";"2";"RD 4096 - Av des Farigoules";"43,8758785";"5,8438041"
"201900029408";"21";"12";"2019";"10:25";"1";"13";"13030";"1";"1";"1";"3";"Les Vigneaux";"43,2713170";"5,6834970"
"201900029409";"20";"12";"2019";"16:00";"2";"67";"67474";"2";"1";"2";"6";"31 Rue des Barons de Fleckenstein";"48,9382170";"7,8810610"
"201900029410";"16";"12";"2019";"07:25";"2";"88";"88086";"2";"1";"1";"6";"Rue de la Ménire";"48,1921110";"6,7294590"
"201900029411";"20";"12";"2019";"20:50";"5";"74";"74220";"1";"1";"2";"2";"Route d'Annemasse";"46,1522570";"6,2522340"
"201900029412";"21";"12";"2019";"02:35";"3";"73";"73318";"1";"1";"3";"6";"D78A";"45,2374546";"6,2770970"
"201900029413";"20";"12";"2019";"21:20";"3";"42";"42296";"1";"1";"1";"2";"D60";"45,7397150";"4,2900880"
"201900029414";"21";"12";"2019";"15:40";"1";"38";"38382";"2";"1";"1";"6";"Rue des Abattoirs";"45,2407730";"5,6626370"
"201900029415";"21";"12";"2019";"16:15";"1";"69";"69249";"1";"1";"1";"1";"D311";"45,6775000";"4,6362300"
"201900029416";"20";"12";"2019";"19:30";"3";"31";"31299";"1";"1";"3";"3";"11 Chemin des Muriers";"43,4299290";"1,2278850"
"201900029417";"20";"12";"2019";"18:10";"2";"33";"33535";"1";"1";"8";"2";"D936";"44,8330760";" -0,4749670"
"201900029418";"21";"12";"2019";"00:45";"3";"85";"85151";"1";"1";"2";"6";"Pont Saint-Philbert";"46,9804900";" -0,9268560"
"201900029419";"20";"12";"2019";"17:30";"2";"44";"44025";"1";"2";"1";"2";"Les Rotis";"47,4292460";" -1,9271930"
"201900029420";"21";"12";"2019";"13:25";"1";"27";"27123";"1";"1";"1";"6";"N13";"49,0123240";"1,3037070"
"201900029421";"19";"12";"2019";"18:40";"3";"13";"13005";"1";"1";"1";"4";"A50-Sens Aubagne vers Marseille";"43,2870400";"5,5655300"
"201900029422";"19";"12";"2019";"17:45";"3";"83";"83144";"1";"1";"1";"3";"A57";"43,1334900";"5,9847600"
"201900029423";"20";"12";"2019";"15:30";"1";"69";"69029";"1";"1";"8";"4";"RD383   7.640 A 11.044";"45,7440000";"4,9060000"
"201900029424";"20";"12";"2019";"14:00";"1";"33";"33063";"1";"1";"1";"6";"A630 échangeur 4b";"44,8870200";" -0,5713400"
"201900029425";"20";"12";"2019";"18:05";"3";"91";"91589";"1";"1";"1";"7";"AUTOROUTE A6";"48,6730000";"2,3436000"
"201900029426";"20";"12";"2019";"15:55";"1";"91";"91570";"1";"1";"1";"2";"RN 104";"48,6249000";"2,3107000"
"201900029427";"20";"12";"2019";"16:00";"1";"94";"94034";"1";"1";"1";"6";"AUTOROUTE A6A";"48,7515100";"2,3300400"
"201900029428";"20";"12";"2019";"14:15";"1";"91";"91689";"1";"1";"1";"2";"AUTOROUTE A6";"48,7295270";"2,3145420"
"201900029429";"20";"12";"2019";"07:20";"3";"92";"92025";"1";"1";"2";"6";"A86";"48,9142761";"2,2194425"
"201900029430";"19";"12";"2019";"20:20";"3";"78";"78043";"1";"1";"2";"4";"A12 Y";"48,8345730";"2,0868190"
"201900029431";"19";"12";"2019";"15:15";"1";"92";"92050";"1";"1";"1";"6";"A86";"48,8950222";"2,1931323"
"201900029432";"18";"12";"2019";"08:35";"1";"92";"92048";"1";"1";"1";"3";"N118";"48,7983183";"2,2164694"
"201900029433";"18";"12";"2019";"08:10";"2";"78";"78646";"1";"1";"5";"2";"RN12";"48,7903160";"2,1139510"
"201900029434";"18";"12";"2019";"08:00";"3";"92";"92047";"1";"1";"2";"6";"A86";"48,9142761";"2,2194425"
"201900029435";"18";"12";"2019";"07:15";"4";"92";"92048";"1";"1";"1";"3";"N118";"48,8086452";"2,2119534"
"201900029436";"18";"12";"2019";"07:10";"3";"78";"78208";"1";"1";"5";"1";"RN12 EXT";"48,8000870";"1,9817810"
"201900029437";"17";"12";"2019";"07:50";"3";"78";"78431";"1";"1";"1";"4";"A13";"48,9386600";"1,9564100"
"201900029438";"17";"12";"2019";"07:30";"2";"78";"78133";"1";"1";"1";"4";"A13";"48,8945020";"2,0076560"
"201900029439";"17";"12";"2019";"07:45";"3";"78";"78431";"1";"1";"1";"2";"A13";"48,9372830";"1,9591070"
"201900029440";"16";"12";"2019";"09:40";"1";"92";"92048";"1";"1";"2";"3";"N118";"48,7873170";"2,2222090"
"201900029441";"16";"12";"2019";"10:02";"1";"78";"78524";"1";"1";"3";"2";"A13";"48,8413860";"2,1057210"
"201900029442";"20";"12";"2019";"16:15";"1";"93";"93007";"1";"1";"1";"4";"AUTOROUTE A3";"48,9372920";"2,4802110"
"201900029443";"20";"12";"2019";"08:30";"3";"95";"95527";"1";"1";"2";"3";"AUTOROUTE A1";"49,0012800";"2,5230400"
"201900029444";"20";"12";"2019";"08:30";"3";"95";"95527";"1";"1";"2";"2";"AUTOROUTE A1";"49,0012800";"2,5230400"
"201900029445";"20";"12";"2019";"07:00";"3";"95";"95582";"1";"1";"3";"5";"AUTOROUTE A15";"48,9691600";"2,2504700"
"201900029446";"20";"12";"2019";"03:00";"3";"93";"93007";"1";"1";"2";"5";"AUTOROUTE A3";"48,9242900";"2,4810700"
"201900029447";"20";"12";"2019";"02:20";"4";"93";"93066";"1";"1";"2";"3";"AUTOROUTE A1";"48,9234900";"2,3570300"
"201900029448";"19";"12";"2019";"16:30";"1";"93";"93066";"1";"1";"1";"3";"AUTOROUTE A86";"48,9247700";"2,3406000"
"201900029449";"19";"12";"2019";"07:00";"3";"93";"93064";"1";"1";"1";"3";"AUTOROUTE A103";"48,8844100";"2,4697110"
"201900029450";"19";"12";"2019";"05:30";"3";"95";"95582";"1";"1";"1";"3";"AUTOROUTE A15";"48,9758400";"2,2386600"
"201900029451";"18";"12";"2019";"19:30";"3";"93";"93066";"1";"1";"1";"7";"AUTOROUTE A86";"48,9223200";"2,3585900"
"201900029452";"18";"12";"2019";"17:00";"5";"93";"93053";"1";"1";"1";"3";"AUTOROUTE A3";"48,8840500";"2,4662900"
"201900029453";"18";"12";"2019";"15:00";"1";"95";"95277";"1";"1";"1";"2";"AUTOROUTE A3";"48,9711400";"2,4843100"
"201900029454";"20";"12";"2019";"11:25";"1";"77";"77053";"1";"1";"1";"4";"RN104";"48,6668280";"2,6126080"
"201900029455";"20";"12";"2019";"06:35";"3";"94";"94022";"1";"1";"2";"6";"A86 EXT";"48,7764600";"2,4203800"
"201900029456";"16";"12";"2019";"08:20";"3";"77";"77294";"1";"1";"3";"6";"A104";"48,9630000";"2,6141900"
"201900029457";"19";"9";"2019";"14:00";"1";"22";"22113";"1";"9";"1";"3";"ROND POINT COPPENS";"48,7355000";" -3,4369600"
"201900029458";"10";"12";"2019";"07:00";"2";"92";"92004";"2";"1";"1";"3";"BAS ( RUE DES )";"48,9186548";"2,2909549"
"201900029459";"20";"12";"2019";"05:43";"1";"988";"98818";"1";"1";"2";"6";"VE1";" -22,2494900";"166,4504300"
"201900029460";"19";"12";"2019";"11:15";"1";"974";"97411";"2";"1";"1";"3";"JAURES (BLD 2 JEAN)";" -20,8883600";"55,4458300"
"201900029461";"19";"12";"2019";"19:30";"3";"974";"97407";"1";"1";"1";"3";"ROUTE NATIONALE N° 1";" -20,9490000";"55,3209000"
"201900029462";"18";"12";"2019";"10:10";"1";"973";"97302";"2";"1";"1";"3";"PREVOT (ERNEST)";"4,9333910";" -52,3329160"
"201900029463";"18";"12";"2019";"11:50";"1";"973";"97302";"1";"1";"8";"4";"ROUTE NATIONALE 1";"4,9171590";" -52,3308910"
"201900029464";"19";"12";"2019";"20:45";"5";"69";"69259";"2";"1";"6";"3";"IRENE JOLIOT CURIE                  (BD)";"45,7159000";"4,8782200"
"201900029465";"19";"12";"2019";"19:25";"5";"69";"69259";"2";"1";"1";"6";"PRESIDENT EDOUARD HERRIOT (DU)      (R )";"45,6950500";"4,8763800"
"201900029466";"19";"12";"2019";"14:10";"1";"69";"69387";"2";"2";"1";"3";"GEORGES GOUY                        (R )";"45,7328500";"4,8360700"
"201900029467";"19";"12";"2019";"13:30";"1";"69";"69383";"2";"1";"1";"1";"BONNEL (DE)                         (R )";"45,7627500";"4,8591800"
"201900029468";"16";"12";"2019";"14:30";"1";"69";"69202";"2";"1";"6";"6";"BUFFON                              (AL)";"45,7430400";"4,7899400"
"201900029469";"15";"12";"2019";"14:30";"1";"971";"97113";"1";"1";"1";"2";"PONT DE POUCET";"16,2188600";" -61,5048000"
"201900029470";"19";"12";"2019";"17:25";"5";"91";"91377";"2";"9";"1";"3";"DIX-NEUF MARS 1962 (ROND POINT DU)";"48,7375770";"2,2725860"
"201900029471";"18";"12";"2019";"07:00";"5";"90";"90010";"2";"9";"2";"6";"CROIX DU TILLEUL (RUE DE LA)";"47,6487100";"6,8564800"
"201900029472";"18";"12";"2019";"13:07";"1";"87";"87085";"2";"3";"1";"3";"SAINTE CLAIRE (RUE)";"45,8235700";"1,2405100"
"201900029473";"18";"12";"2019";"20:00";"5";"87";"87085";"2";"3";"1";"3";"FERNANDEL (RUE)";"45,8401400";"1,2031900"
"201900029474";"18";"12";"2019";"14:00";"1";"87";"87085";"2";"2";"1";"3";"BRIAND (RUE ARISTIDE)";"45,8598200";"1,2872200"
"201900029475";"17";"12";"2019";"18:10";"5";"79";"79191";"2";"2";"2";"6";"Boulevard Louis Tardy";"46,3103100";" -0,4744100"
"201900029476";"19";"12";"2019";"17:15";"5";"78";"78401";"2";"1";"1";"3";"GAMBETTA (RUE)";"49,0058150";"1,9164810"
"201900029477";"8";"12";"2019";"11:15";"1";"78";"78498";"2";"1";"1";"6";"MEISSONIER AV";"48,9301870";"2,0366920"
"201900029478";"16";"12";"2019";"11:45";"1";"77";"77186";"1";"1";"1";"3";"D606";"48,3754500";"2,7846700"
"201900029479";"18";"12";"2019";"13:55";"1";"72";"72095";"1";"3";"1";"3";"BALLON (RTE DE)";"48,1419600";"0,2141900"
"201900029480";"18";"12";"2019";"17:50";"2";"71";"71270";"2";"6";"1";"3";"NEUSTADT (ROND-POINT DE)";"46,3194600";"4,8264400"
"201900029481";"18";"12";"2019";"16:20";"5";"67";"67482";"2";"1";"1";"3";"ANGLE (RUE DE L )";"48,6120500";"7,7866700"
"201900029482";"19";"12";"2019";"16:18";"2";"59";"59350";"2";"1";"1";"6";"VAUBAN BOULEVARD N° RESTE";"50,6309700";"3,0451200"
"201900029483";"15";"12";"2019";"01:30";"5";"59";"59183";"2";"3";"1";"3";"PARIS";"51,0293245";"2,3717519"
"201900029484";"17";"12";"2019";"18:35";"5";"58";"58194";"2";"6";"2";"3";"FONTAINE D'ARGENT (PLACE)";"47,0055000";"3,1515000"
"201900029485";"14";"11";"2019";"17:20";"4";"55";"55236";"1";"1";"2";"1";"CD 964";"49,1201260";"5,4196790"
"201900029486";"6";"11";"2019";"16:50";"3";"55";"55545";"1";"1";"3";"6";"BOICHUT ( AVENUE GENERAL)";"49,1559220";"5,3685820"
"201900029487";"18";"12";"2019";"08:00";"2";"54";"54357";"2";"1";"2";"7";"bat les aulnes";"48,7059610";"6,1558970"
"201900029488";"3";"12";"2019";"22:00";"5";"54";"54547";"2";"6";"1";"3";"PERI (RUE GABRIEL)";"48,6642810";"6,1740270"
"201900029489";"29";"11";"2019";"07:00";"5";"47";"47001";"2";"2";"9";"3";"BRU (AVENUE DU DOCTEUR JEAN)";"44,1940000";"0,6240500"
"201900029490";"19";"12";"2019";"16:10";"1";"45";"45234";"2";"2";"1";"3";"AV DE L'HOPITAL - R A PARE";"47,8307400";"1,9202000"
"201900029491";"19";"12";"2019";"18:45";"5";"44";"44109";"2";"1";"3";"1";"RUE AUGUSTIN FRESNEL";"47,2420700";" -1,5235200"