"Num_Acc";"jour";"mois";"an";"hrmn";"lum";"dep";"com";"agg";"int";"atm";"col";"adr";"lat";"long"
"201900029492";"19";"12";"2019";"11:50";"1";"38";"38421";"2";"2";"1";"1";"RUE DE LA CHIMIE";"45,1940000";"5,7676000"
"201900029493";"18";"12";"2019";"21:00";"5";"37";"37261";"2";"2";"1";"3";"SALENGRO (RUE ROGER)";"47,3857100";"0,6824900"
"201900029494";"19";"12";"2019";"19:16";"5";"34";"34172";"2";"1";"1";"5";"GARRATS (AVENUE DES)";"43,6114910";"3,8389060"
"201900029495";"18";"12";"2019";"13:50";"1";"33";"33162";"1";"1";"1";"4";"D1215";"44,8727600";" -0,6585500"
"201900029496";"18";"12";"2019";"12:50";"1";"31";"31555";"2";"1";"1";"3";"RTE D ESPAGNE";"43,5721570";"1,4242970"
"201900029497";"18";"12";"2019";"19:30";"5";"24";"24037";"2";"1";"1";"1";"PIMONT (BOULEVAR LOUIS)";"44,8449900";"0,4880000"
"201900029498";"18";"12";"2019";"15:10";"1";"24";"24037";"2";"1";"1";"2";"FEYRY (AVENUE MARCEAU)";"44,8631700";"0,4981200"
"201900029499";"10";"12";"2019";"11:40";"1";"22";"22187";"2";"6";"1";"3";"ARRIVEE (ROND POINT DE L')";"48,5483926";" -2,7928305"
"201900029500";"19";"12";"2019";"14:30";"1";"17";"17306";"2";"1";"1";"5";"DE LATTRE DE TASSIGNY (BD)";"45,6262500";" -1,0200130"
"201900029501";"19";"12";"2019";"19:45";"3";"13";"13117";"1";"1";"1";"2";"CD 9 ESTROUBLANS";"43,4239970";"5,2447260"
"201900029502";"19";"12";"2019";"17:30";"3";"13";"13117";"1";"1";"1";"4";"ROUTE NATIONALE 113-L'ANJOLY";"43,4274438";"5,2626153"
"201900029503";"18";"12";"2019";"22:30";"5";"13";"13212";"2";"3";"1";"7";"SAINT PIERRE (RUE)";"43,2913010";"5,4169720"
"201900029504";"18";"12";"2019";"08:00";"1";"13";"13202";"2";"3";"1";"3";"PEYSSONNEL (RUE)";"43,3154040";"5,3681780"
"201900029505";"14";"12";"2019";"19:45";"3";"7";"07316";"1";"1";"2";"2";"NIMES (ROUTE DE)";"44,8805000";"4,8491000"
"201900029506";"18";"12";"2019";"15:15";"1";"5";"05061";"1";"3";"1";"3";"CHAMPS FORAIN ( CHEMIN DE )";"44,5775500";"6,1209800"
"201900029507";"18";"12";"2019";"20:45";"3";"2";"02408";"1";"2";"8";"3";"RN2";"49,5460400";"3,6082000"
"201900029508";"19";"12";"2019";"18:20";"5";"75";"75114";"2";"1";"1";"2";"BD PERIPHERIQUE INTERIEUR";"48,8203870";"2,3244410"
"201900029509";"19";"12";"2019";"20:05";"5";"75";"75113";"2";"1";"2";"3";"BD PERIPHERIQUE INTERIEUR";"48,8164670";"2,3445500"
"201900029510";"18";"12";"2019";"17:15";"5";"75";"75116";"2";"1";"1";"6";"BD PERIPHERIQUE EXTERIEUR";"48,8713064";"2,2730219"
"201900029511";"19";"12";"2019";"19:40";"5";"75";"75119";"2";"3";"1";"6";"AVENUE JEAN JAURES";"48,8850270";"2,3787920"
"201900029512";"19";"12";"2019";"16:20";"2";"75";"75119";"2";"1";"8";"2";"BOULEVARD SERURIER";"48,8922099";"2,3952127"
"201900029513";"19";"12";"2019";"08:00";"2";"75";"75119";"2";"3";"1";"6";"RUE DE CHAUMONT";"48,8816336";"2,3723261"
"201900029514";"19";"12";"2019";"19:23";"5";"75";"75117";"2";"1";"1";"6";"BOULEVARD DE DOUAUMONT";"48,8958370";"2,3089800"
"201900029515";"19";"12";"2019";"15:20";"1";"75";"75117";"2";"1";"1";"6";"AVENUE DE CLICHY";"48,8877818";"2,3250708"
"201900029516";"18";"12";"2019";"12:40";"1";"75";"75117";"2";"2";"1";"3";"AVENUE DES TERNES";"48,8799890";"2,2884290"
"201900029517";"17";"12";"2019";"10:10";"1";"75";"75117";"2";"2";"1";"3";"AVENUE DE VILLIERS";"48,8823316";"2,3117396"
"201900029518";"19";"12";"2019";"13:45";"1";"75";"75114";"2";"2";"1";"6";"RUE RAYMOND LOSSERAND";"48,8318210";"2,3141380"
"201900029519";"19";"12";"2019";"09:40";"1";"75";"75114";"2";"3";"1";"3";"BOULEVARD JOURDAN";"48,8214887";"2,3338295"
"201900029520";"18";"12";"2019";"07:50";"1";"75";"75113";"2";"3";"8";"3";"QUAI FRANCOIS MAURIAC";"48,8356830";"2,3753800"
"201900029521";"19";"12";"2019";"09:20";"1";"75";"75112";"2";"3";"8";"3";"BOULEVARD PONIATOWSKI";"48,8342670";"2,4047240"
"201900029522";"19";"12";"2019";"09:14";"1";"75";"75112";"2";"1";"1";"3";"AVENUE DE LA PORTE DE CHARENTON";"48,8302360";"2,4001610"
"201900029523";"19";"12";"2019";"01:15";"5";"75";"75112";"2";"2";"1";"3";"RUE DE CHARENTON";"48,8373090";"2,3912050"
"201900029524";"19";"12";"2019";"13:25";"1";"75";"75108";"2";"7";"1";"3";"PLACE DE LA CONCORDE";"48,8667540";"2,3220740"
"201900029525";"19";"12";"2019";"09:25";"1";"75";"75108";"2";"4";"2";"6";"RUE DE ROME";"48,8741644";"2,3257676"
"201900029526";"18";"12";"2019";"23:30";"5";"75";"75114";"2";"1";"1";"2";"RUE JULIA BARTET";"48,8262380";"2,3029740"
"201900029527";"19";"12";"2019";"19:10";"5";"75";"75107";"2";"1";"1";"7";"RUE DU BAC";"48,8523620";"2,3236245"
"201900029528";"19";"12";"2019";"15:15";"1";"75";"75107";"2";"1";"8";"6";"QUAI BRANLY";"48,8614050";"2,2972100"
"201900029529";"19";"12";"2019";"11:30";"1";"75";"75104";"2";"4";"8";"7";"QUAI DES CELESTINS";"48,8510270";"2,3611270"
"201900029530";"19";"12";"2019";"08:20";"1";"75";"75101";"2";"7";"1";"6";"RUE DE RICHELIEU";"48,8638640";"2,3358960"
"201900029531";"18";"12";"2019";"12:40";"1";"75";"75103";"2";"2";"1";"6";"RUE PAVEE";"48,8572520";"2,3617550"
"201900029532";"16";"12";"2019";"23:48";"5";"75";"75103";"2";"2";"1";"6";"RUE REAUMUR";"48,8659570";"2,3537750"
"201900029533";"18";"12";"2019";"18:00";"2";"94";"94068";"2";"3";"1";"3";"FOCH (AV)";"48,8018700";"2,4930100"
"201900029534";"18";"12";"2019";"15:00";"1";"94";"94015";"2";"6";"1";"3";"DAGUERRE (PL)";"48,8342900";"2,5189000"
"201900029535";"7";"10";"2019";"07:30";"5";"35";"35238";"2";"6";"3";"3";"BOSPHORE (DU)";"48,0838340";" -1,6770700"
"201900029536";"13";"9";"2019";"14:00";"1";"33";"33281";"2";"6";"1";"6";"AVE DE LA SOMME";"44,8307500";" -0,6581900"
"201900029537";"5";"10";"2019";"08:50";"1";"33";"33281";"2";"2";"1";"6";"VERDUN (AVE DE)";"44,8417400";" -0,6463800"
"201900029538";"5";"10";"2019";"04:40";"5";"33";"33281";"2";"1";"1";"2";"AVE DE L'ARGONNE";"44,8133200";" -0,7181400"
"201900029539";"6";"10";"2019";"12:45";"1";"31";"31149";"2";"1";"1";"3";"GRAMONT (CHEMIN DE)";"43,6194300";"1,3397400"
"201900029540";"6";"10";"2019";"01:45";"5";"31";"31555";"2";"1";"1";"7";"GRANDE BRETAGNE (AV DE) DU 39AU 306";"43,6044600";"1,4050700"
"201900029541";"4";"10";"2019";"20:25";"4";"31";"31555";"2";"1";"1";"1";"RTE DE NARBONNE";"43,5691400";"1,4563100"
"201900029542";"4";"10";"2019";"13:05";"1";"31";"31555";"1";"1";"2";"7";"VA007331 A620";"43,5720800";"1,4590700"
"201900029543";"4";"10";"2019";"07:20";"2";"31";"31555";"1";"1";"1";"2";"VA007473 A62";"43,6493100";"1,4339100"
"201900029544";"30";"9";"2019";"17:20";"1";"31";"31555";"2";"1";"1";"3";"BD LASCROSSES";"43,6110000";"1,4371200"
"201900029545";"5";"10";"2019";"18:09";"1";"30";"30007";"2";"1";"1";"6";"GAMBETTA (BOULEVARD)";"44,1234100";"4,0843700"
"201900029546";"7";"10";"2019";"11:15";"1";"29";"29039";"2";"6";"2";"7";"KERNEACH ( ROND POINT DE)";"47,8849661";" -3,9195295"
"201900029547";"7";"10";"2019";"14:00";"1";"17";"17028";"1";"1";"2";"2";"GRASSET   AVENUE EDMOND";"46,1325340";" -1,1110540"
"201900029548";"5";"10";"2019";"21:35";"5";"17";"17300";"2";"1";"1";"2";"DELMAS   BOULEVARD EMILE";"46,1611000";" -1,2121000"
"201900029549";"7";"10";"2019";"12:50";"1";"13";"13205";"2";"3";"1";"3";"GEORGE (RUE)";"43,2961480";"5,3978440"
"201900029550";"7";"10";"2019";"08:30";"1";"13";"13209";"2";"1";"1";"1";"SCHLOESING (BOULEVARD)";"43,2723616";"5,4012000"
"201900029551";"7";"10";"2019";"07:45";"1";"13";"13201";"2";"9";"1";"6";"RIVE NEUVE (QUAI DE)";"43,2926000";"5,3675000"
"201900029552";"7";"10";"2019";"16:45";"1";"13";"13205";"2";"9";"1";"6";"ABBÉ FERAUD (RUE)";"43,2856410";"5,3910620"
"201900029553";"6";"10";"2019";"20:54";"5";"10";"10081";"2";"1";"1";"6";"VEUVE BENARD BODIER (RUE)";"48,3149455";"4,0488830"
"201900029554";"6";"10";"2019";"04:45";"5";"10";"10333";"1";"1";"1";"7";"ROCADE OUEST (RD 610)";"48,2686360";"4,0521403"
"201900029555";"7";"10";"2019";"17:30";"1";"6";"06088";"2";"1";"1";"6";"FRANCE (PONT ANATOLE)";"43,7410700";"7,3092970"
"201900029556";"7";"10";"2019";"15:45";"1";"6";"06088";"2";"1";"1";"6";"RAYNAUD (BD AUGUSTE)";"43,7156770";"7,2578700"
"201900029557";"7";"10";"2019";"12:30";"1";"6";"06069";"2";"1";"1";"3";"SAINTE MARGUERITE (CHEMIN)";"43,6434480";"6,9512510"
"201900029558";"7";"10";"2019";"10:00";"1";"75";"75115";"2";"1";"1";"4";"BD PERIPHERIQUE EXTERIEUR";"48,8337860";"2,2770520"
"201900029559";"7";"10";"2019";"20:10";"5";"75";"75106";"2";"1";"1";"1";"QUAI DE CONTI";"48,8568023";"2,3392779"
"201900029560";"7";"10";"2019";"16:10";"1";"75";"75120";"2";"4";"1";"3";"RUE BELGRAND";"48,8646095";"2,4059702"
"201900029561";"7";"10";"2019";"16:05";"1";"75";"75119";"2";"1";"1";"2";"RUE DE BELLEVILLE";"48,8730150";"2,3806960"
"201900029562";"7";"10";"2019";"08:33";"1";"75";"75119";"2";"1";"1";"6";"BOULEVARD MACDONALD";"48,8988412";"2,3773364"
"201900029563";"7";"10";"2019";"19:15";"5";"75";"75109";"2";"2";"1";"6";"RUE DE CHATEAUDUN";"48,8760866";"2,3371230"
"201900029564";"7";"10";"2019";"18:54";"2";"75";"75117";"2";"3";"1";"3";"BOULEVARD BERTHIER";"48,8900320";"2,3041589"
"201900029565";"7";"10";"2019";"17:15";"1";"75";"75117";"2";"2";"1";"3";"AVENUE DE LA PORTE DE CLICHY";"48,8962678";"2,3100035"
"201900029566";"7";"10";"2019";"14:45";"1";"75";"75117";"2";"3";"1";"7";"AVENUE DE CLICHY";"48,8940869";"2,3141316"
"201900029567";"7";"10";"2019";"10:00";"1";"75";"75117";"2";"3";"1";"3";"BOULEVARD DES BATIGNOLLES";"48,8832241";"2,3253237"
"201900029568";"7";"10";"2019";"17:50";"1";"75";"75116";"2";"1";"1";"6";"RUE DE LA SOURCE";"48,8505930";"2,2664540"
"201900029569";"7";"10";"2019";"03:05";"5";"75";"75116";"2";"2";"1";"6";"ROUTE DE SURESNES";"48,8663170";"2,2315730"
"201900029570";"2";"10";"2019";"19:45";"3";"75";"75116";"2";"2";"1";"3";"ALLEE DE LA REINE MARGUERITE";"48,8649259";"2,2490930"
"201900029571";"7";"10";"2019";"19:00";"5";"75";"75115";"2";"7";"2";"3";"BOULEVARD VICTOR";"48,8361774";"2,2782948"
"201900029572";"7";"10";"2019";"17:50";"1";"75";"75114";"2";"2";"8";"6";"AVENUE DE L OBSERVATOIRE";"48,8396771";"2,3366506"
"201900029573";"7";"10";"2019";"18:40";"1";"75";"75112";"2";"2";"1";"3";"AVENUE DAUMESNIL";"48,8462767";"2,3774856"
"201900029574";"7";"10";"2019";"15:00";"1";"75";"75112";"2";"7";"1";"6";"CARREFOUR DE PYRAMIDE";"48,8339963";"2,4455832"
"201900029575";"7";"10";"2019";"08:20";"1";"75";"75110";"2";"2";"1";"6";"QUAI DE JEMMAPES";"48,8732258";"2,3641862"
"201900029576";"7";"10";"2019";"10:00";"1";"75";"75116";"2";"2";"1";"3";"RUE CORTAMBERT";"48,8601410";"2,2781130"
"201900029577";"6";"10";"2019";"04:15";"5";"75";"75108";"2";"1";"1";"6";"RUE MARBEUF";"48,8694962";"2,3051511"
"201900029578";"7";"10";"2019";"17:50";"1";"75";"75102";"2";"7";"1";"6";"PLACE DES VICTOIRES";"48,8658550";"2,3414598"
"201900029579";"6";"10";"2019";"09:35";"1";"75";"75101";"2";"1";"2";"3";"QUAI FRANCOIS MITTERRAND";"48,8594650";"2,3361260"
"201900029580";"7";"10";"2019";"15:30";"1";"75";"75104";"2";"3";"1";"6";"RUE DE RIVOLI";"48,8554569";"2,3600888"
"201900029581";"7";"10";"2019";"01:20";"5";"75";"75101";"2";"2";"1";"3";"RUE DU PONT NEUF";"48,8584786";"2,3424695"
"201900029582";"7";"10";"2019";"06:15";"5";"94";"94046";"2";"3";"1";"6";"CARNOT (R)";"48,8053100";"2,4414800"
"201900029583";"7";"10";"2019";"13:30";"1";"94";"94041";"2";"1";"1";"3";"JEAN LE GALLEU (R)";"48,8140500";"2,3765900"
"201900029584";"6";"10";"2019";"16:10";"1";"94";"94041";"2";"3";"1";"6";"MARCEAU (R)";"48,8207700";"2,3782900"
"201900029585";"7";"10";"2019";"18:20";"1";"94";"94017";"2";"4";"1";"6";"ROLLAY (R)";"48,8126000";"2,5270600"
"201900029586";"7";"10";"2019";"19:30";"5";"93";"93078";"2";"1";"1";"2";"BALLANGER (BD ROBERT)";"48,9519600";"2,5284000"
"201900029587";"7";"10";"2019";"13:50";"1";"93";"93064";"2";"2";"1";"6";"BOISSIERE (BOULEVARD DE LA)";"48,8762700";"2,4675700"
"201900029588";"7";"10";"2019";"20:45";"5";"93";"93046";"2";"2";"1";"4";"ARISTIDE BRIAND AVENUE";"48,9106300";"2,5125500"
"201900029589";"7";"10";"2019";"08:45";"1";"93";"93046";"2";"1";"1";"2";"CAMILLE DESMOULINS AVENUE";"48,9124500";"2,5225200"
"201900029590";"6";"10";"2019";"11:50";"1";"93";"93063";"2";"1";"8";"2";"FRATERNITE RUE DE LA";"48,8760100";"2,4446300"
"201900029591";"7";"10";"2019";"08:25";"1";"93";"93001";"2";"1";"1";"6";"REPUBLIQUE (AVE DE LA ) 43/106 =>";"48,9103000";"2,3855800"
"201900029592";"7";"10";"2019";"19:00";"5";"92";"92050";"2";"3";"1";"1";"PICASSO PABLO AVENUE";"48,8902990";"2,2182650"
"201900029593";"4";"10";"2019";"23:15";"5";"92";"92036";"2";"1";"1";"6";"PRINCIPALE DU PORT (ROUTE) (1/17)";"48,9407000";"2,2983900"
"201900029594";"7";"10";"2019";"20:57";"5";"92";"92012";"2";"3";"1";"3";"REINE (ROUTE DE LA) 1/37- 6/80";"48,8392000";"2,2455400"
"201900029595";"7";"10";"2019";"20:00";"5";"92";"92012";"2";"1";"1";"6";"JEAN JAURES (BOULEVARD) 63/215 - 70/208";"48,8350070";"2,2427570"
"201900029596";"7";"10";"2019";"12:40";"1";"92";"92012";"2";"2";"1";"3";"REINE (ROUTE DE LA) 39/107 BIS";"48,8400772";"2,2357576"
"201900029597";"7";"10";"2019";"17:45";"1";"92";"92014";"2";"3";"1";"2";"MARECHAL JOFFRE (BD DU) (43 A 97 - 58 A";"48,7823164";"2,3147396"
"201900029598";"7";"10";"2019";"07:20";"3";"50";"50174";"1";"1";"3";"2";"D7";"48,8264120";" -1,3821510"
"201900029599";"8";"10";"2019";"03:30";"3";"52";"52182";"1";"6";"3";"7";"D384";"48,5806570";"4,8558830"
"201900029600";"8";"10";"2019";"00:45";"3";"988";"98810";"1";"1";"1";"7";"RT1 - Lieu dit ""Troulala""";" -20,6455153";"164,3566114"
"201900029601";"8";"10";"2019";"08:20";"1";"974";"97422";"1";"9";"1";"6";"Impasse Albert Lebrun";" -21,2829670";"55,5226220"
"201900029602";"7";"10";"2019";"11:40";"1";"87";"87154";"1";"1";"8";"6";"Rn 141 - PR 71+000";"45,9001490";"0,8397480"
"201900029603";"5";"10";"2019";"20:40";"5";"58";"58086";"2";"1";"1";"1";"rue de donzy";"47,4075140";"2,9421440"
"201900029604";"7";"10";"2019";"14:45";"1";"87";"87038";"1";"1";"1";"3";"Montcalm";"45,8983120";"1,2521870"
"201900029605";"7";"10";"2019";"17:20";"2";"34";"34095";"2";"1";"1";"2";"D613";"43,5528040";"3,7860010"
"201900029606";"8";"10";"2019";"00:00";"4";"74";"74309";"2";"6";"1";"6";"D1206";"46,1181690";"6,0384400"
"201900029607";"7";"10";"2019";"15:20";"1";"76";"76408";"1";"1";"1";"3";"route des mésanges - CD10";"49,6168230";"0,3507050"
"201900029608";"7";"10";"2019";"12:30";"1";"82";"82117";"1";"1";"1";"5";"Gouts";"44,3542010";"1,0068610"
"201900029609";"8";"10";"2019";"07:28";"2";"82";"82087";"2";"1";"1";"6";"Lunel";"44,1401150";"1,2026840"
"201900029610";"2";"10";"2019";"08:20";"1";"11";"11116";"1";"1";"1";"5";"CD1118";"43,2456930";"2,9987700"
"201900029611";"8";"10";"2019";"13:31";"1";"86";"86093";"1";"2";"2";"3";"D24";"46,9506460";"0,2192120"
"201900029612";"7";"10";"2019";"18:30";"1";"31";"31346";"2";"1";"1";"1";"Chemin du Carral des Moussies";"43,8208180";"1,5647030"
"201900029613";"8";"10";"2019";"08:32";"1";"6";"06023";"1";"1";"1";"2";"D90 - Hameau de libre";"43,9082930";"7,5261040"
"201900029614";"8";"10";"2019";"07:45";"1";"6";"06038";"1";"1";"1";"1";"chemin du vignal";"43,6564880";"6,9791680"
"201900029615";"8";"10";"2019";"17:00";"1";"14";"14281";"2";"1";"1";"1";"Formigny La Bataille";"49,3314820";" -0,9182120"
"201900029616";"17";"6";"2019";"09:05";"1";"43";"43153";"2";"1";"1";"2";"Rue de la Gare";"45,3390990";"4,2477280"
"201900029617";"8";"10";"2019";"16:00";"1";"10";"10141";"2";"9";"1";"3";"place de la mairie";"48,0564030";"4,5329780"
"201900029618";"7";"10";"2019";"12:50";"1";"7";"07216";"1";"1";"1";"6";"Les Fans";"44,9555360";"4,6846820"
"201900029619";"8";"10";"2019";"17:30";"1";"40";"40185";"1";"1";"1";"7";"Route du Tursan";"43,5997810";" -0,3244840"
"201900029620";"7";"10";"2019";"19:05";"2";"4";"04094";"2";"1";"1";"6";"RD 952 Av des Alpes";"43,7564715";"5,8837932"
"201900029621";"7";"10";"2019";"11:10";"1";"4";"04094";"1";"3";"1";"3";"RD 82 / RD 4";"43,7957750";"5,8303220"
"201900029622";"8";"10";"2019";"08:25";"1";"17";"17003";"1";"1";"2";"1";"route départementale 204";"46,1184180";" -0,9691540"
"201900029623";"14";"7";"2019";"18:50";"5";"987";"98734";"1";"1";"1";"1";"RT1 PK 41.100";" -17,7233790";" -149,5057300"
"201900029624";"10";"7";"2019";"07:15";"1";"987";"98752";"2";"1";"7";"6";"PK 46.300 RT1";" -17,7220550";" -149,4046530"
"201900029625";"16";"6";"2019";"19:00";"5";"987";"98734";"1";"1";"1";"1";"PK 40+900 RT 01";" -17,7233790";" -149,5057300"
"201900029626";"16";"5";"2019";"15:20";"1";"987";"98734";"1";"1";"1";"3";"PK 37+100 RT 01";" -17,7220420";" -149,4948370"
"201900029627";"7";"10";"2019";"17:20";"1";"6";"06085";"1";"1";"1";"3";"Chemin de Carimail";"43,5729390";"6,9751560"
"201900029628";"7";"10";"2019";"15:15";"1";"6";"06085";"1";"1";"1";"6";"Route de Vallauris";"43,5971270";"7,0369960"
"201900029629";"8";"10";"2019";"14:30";"1";"33";"33284";"1";"1";"1";"2";"A63 pk 024+400";"44,6360700";" -0,8437600"
"201900029630";"28";"9";"2019";"15:35";"1";"31";"31037";"1";"1";"1";"4";"A61 PK 274.500 sens Toulouse-Narbonne";"43,3577880";"1,7894030"
"201900029631";"5";"10";"2019";"01:30";"3";"34";"34172";"1";"1";"1";"2";"A709 PK 012+300";"43,5958810";"3,9093620"
"201900029632";"6";"10";"2019";"12:35";"1";"11";"11040";"1";"1";"1";"7";"A61 PK 370 sens Narbonne/ Toulouse";"43,1578850";"2,8563670"
"201900029633";"8";"10";"2019";"16:20";"1";"988";"98815";"1";"1";"1";"7";"RM 11 sens (rond point 4 chemins -La Roche)";" -21,4987860";"168,0192500"
"201900029634";"8";"10";"2019";"09:35";"1";"974";"97408";"1";"1";"1";"7";"RN 1 PK 9+900";" -20,8993800";"55,3691290"
"201900029635";"7";"10";"2019";"17:30";"1";"45";"45155";"2";"1";"1";"6";"AV des montoires";"47,7059220";"2,6267040"
"201900029636";"8";"10";"2019";"08:25";"2";"77";"77430";"2";"6";"2";"6";"D9E1-Rond point des anciens Combattants";"49,0715722";"2,8056756"
"201900029637";"7";"10";"2019";"16:45";"1";"13";"13081";"2";"1";"1";"6";"RN 113";"43,4851960";"5,2221770"
"201900029638";"12";"9";"2019";"10:40";"1";"13";"13014";"2";"1";"1";"2";"Avenue Roger Salengro";"43,4785670";"5,1697940"
"201900029639";"8";"10";"2019";"08:15";"1";"16";"16078";"1";"1";"1";"6";"Rue du Pré des Chambauds";"45,7176810";"0,1571850"
"201900029640";"6";"10";"2019";"17:55";"1";"14";"14354";"1";"1";"8";"7";"départementale 7 langrune-sur mer";"49,3130320";" -0,3723560"
"201900029641";"3";"10";"2019";"11:55";"1";"29";"29161";"2";"6";"1";"3";"Toul An Ael";"47,9021690";" -4,0282800"
"201900029642";"7";"10";"2019";"19:25";"2";"22";"22198";"1";"1";"2";"1";"D21";"48,7720490";" -3,5182420"
"201900029643";"8";"10";"2019";"13:51";"1";"27";"27693";"1";"2";"2";"3";"RD60";"48,9301200";"1,0853320"
"201900029644";"8";"10";"2019";"19:10";"3";"62";"62793";"1";"1";"8";"6";"Rue des 4 Vents";"50,4035710";"2,6313880"
"201900029645";"5";"10";"2019";"18:50";"2";"67";"67447";"1";"1";"8";"4";"Autoroute A.4";"48,6070340";"7,7273510"
"201900029646";"7";"10";"2019";"10:40";"1";"33";"33192";"1";"1";"1";"3";"AUTOROUTE A 63";"44,7792400";" -0,6410400"
"201900029647";"3";"10";"2019";"16:50";"1";"62";"62510";"1";"1";"1";"2";"AUTOROUTE A21";"50,4375550";"2,7495540"
"201900029648";"7";"10";"2019";"14:40";"1";"91";"91661";"1";"1";"1";"2";"AUTOROUTE A10";"48,6973300";"2,2392800"
"201900029649";"7";"10";"2019";"11:35";"1";"91";"91521";"1";"1";"1";"2";"RN 440";"48,6373400";"2,3974900"
"201900029650";"7";"10";"2019";"08:55";"1";"91";"91347";"1";"9";"1";"2";"RN 104";"48,6228700";"2,2921800"
"201900029651";"6";"10";"2019";"19:30";"4";"78";"78362";"1";"1";"1";"2";"A13";"48,9757450";"1,7241030"
"201900029652";"6";"10";"2019";"23:50";"3";"95";"95582";"1";"1";"1";"6";"RD 170";"48,9626100";"2,2630000"
"201900029653";"6";"10";"2019";"04:30";"3";"94";"94044";"1";"1";"2";"7";"RN406.W";"48,7605000";"2,4882200"
"201900029654";"5";"10";"2019";"22:00";"3";"93";"93051";"1";"1";"2";"6";"A4";"48,8361100";"2,5524200"
"201900029655";"5";"10";"2019";"00:30";"5";"13";"13207";"2";"1";"1";"7";"Corniche John Fitzgérald Kennedy";"43,2798500";"5,3536700"
"201900029656";"4";"10";"2019";"20:55";"5";"69";"69271";"1";"1";"1";"2";"RN346   38.000 A 38.960";"45,7260800";"4,9758800"
"201900029657";"6";"10";"2019";"03:30";"3";"987";"98735";"2";"1";"1";"6";"PRINCE HINOI (AVENUE)";" -17,5349500";" -149,5626200"
"201900029658";"5";"10";"2019";"04:30";"3";"974";"97416";"1";"1";"1";"7";"RN 01";" -21,3081100";"55,4314000"
"201900029659";"6";"10";"2019";"06:55";"1";"973";"97302";"2";"2";"1";"3";"DAMAS (LEON GONTRAN)";"4,9397470";" -52,3332934"
"201900029660";"5";"10";"2019";"12:38";"1";"973";"97302";"2";"3";"1";"3";"TIGRE (ROUTE DU)";"4,9152342";" -52,3107255"
"201900029661";"5";"10";"2019";"11:00";"1";"69";"69386";"2";"1";"8";"2";"LAFAYETTE                           (CO)";"45,7638200";"4,8667000"
"201900029662";"6";"10";"2019";"18:10";"1";"69";"69389";"2";"1";"3";"3";"CHAMPAGNE (DE)                      (AV)";"45,7893300";"4,7935300"
"201900029663";"6";"10";"2019";"06:30";"5";"69";"69034";"2";"3";"1";"2";"BELLEVUE                            (QU)";"45,7853900";"4,8482100"
"201900029664";"3";"10";"2019";"20:20";"3";"69";"69385";"2";"3";"1";"3";"COMMANDANT CHARCOT (DU)             (R )";"45,7465500";"4,7885100"
"201900029665";"4";"10";"2019";"13:40";"1";"971";"97105";"2";"1";"1";"6";"RN2";"15,9997600";" -61,7191600"
"201900029666";"6";"10";"2019";"07:55";"5";"85";"85191";"2";"2";"1";"3";"CARNOT RUE SADI";"46,6708300";" -1,4220400"
"201900029667";"4";"10";"2019";"21:50";"5";"83";"83062";"2";"1";"1";"2";"CURIE (AVENUE I ET F JOLIOT)";"43,1441500";"6,0399200"
"201900029668";"6";"10";"2019";"16:15";"1";"78";"78498";"2";"3";"1";"3";"MALADRERIE AV DE LA";"48,9223300";"2,0383500"
"201900029669";"6";"10";"2019";"11:00";"1";"77";"77209";"1";"1";"2";"1";"D35";"48,8605200";"2,7034500"
"201900029670";"6";"10";"2019";"23:00";"5";"69";"69290";"2";"2";"2";"3";"RD 518 / AV HENRI GERMAIN                   (RO)";"45,7075500";"4,9076500"
"201900029671";"3";"10";"2019";"18:45";"1";"69";"69290";"2";"2";"1";"1";"CITE DE L'ABBE PIERRE (DE LA)       (R )";"45,6951800";"4,9310200"
"201900029672";"4";"10";"2019";"18:00";"1";"69";"69275";"2";"1";"1";"3";"JONAGE (DE)                         (RO)";"45,7729600";"4,9788600"
"201900029673";"5";"10";"2019";"16:00";"1";"69";"69256";"2";"1";"1";"3";"MAURICE THOREZ                      (AV)";"45,7822500";"4,9129200"
"201900029674";"6";"10";"2019";"11:35";"1";"64";"64024";"2";"1";"2";"7";"ESPAGNE (AVENUE D')";"43,4789388";" -1,5208981"
"201900029675";"6";"10";"2019";"03:10";"3";"62";"62727";"1";"6";"2";"7";"D 941";"50,4741100";"2,5906900"
"201900029676";"6";"10";"2019";"13:30";"1";"59";"59560";"2";"1";"2";"6";"NOYELLES ROUTE DE";"50,5584300";"3,0320800"
"201900029677";"6";"10";"2019";"19:45";"5";"54";"54482";"2";"1";"2";"3";"CARNOT (AVENUE)";"48,7010330";"6,2093480"
"201900029678";"5";"10";"2019";"16:50";"1";"47";"47027";"1";"1";"1";"7";"RD 911";"44,3971400";"0,6824500"
"201900029679";"6";"10";"2019";"16:11";"1";"45";"45302";"2";"9";"1";"6";"ROCADE D952001";"47,9376048";"1,8877590"
"201900029680";"6";"10";"2019";"07:20";"2";"42";"42170";"1";"1";"8";"6";"EST (ROCADE)";"46,0361900";"4,0998800"
"201900029681";"4";"10";"2019";"18:30";"1";"38";"38544";"2";"1";"1";"4";"BERTHELOT(AV)";"45,5366100";"4,8735900"
"201900029682";"5";"10";"2019";"12:29";"1";"37";"37261";"2";"2";"2";"6";"REPUBLIQUE (AVENUE DE LA)";"47,4114397";"0,6896966"