"Num_Acc";"jour";"mois";"an";"hrmn";"lum";"dep";"com";"agg";"int";"atm";"col";"adr";"lat";"long"
"201900029683";"6";"10";"2019";"23:15";"5";"34";"34172";"2";"1";"1";"1";"SOULAS (AVENUE DU PERE";"43,6218500";"3,8556200"
"201900029684";"5";"10";"2019";"20:37";"3";"25";"25462";"1";"1";"2";"1";"LAVAUX DES (DU 26 A LA FIN)";"46,9186900";"6,3893900"
"201900029685";"30";"9";"2019";"17:45";"1";"18";"18267";"1";"1";"1";"3";"RD 400 (Rocade)";"47,0319500";"2,3752600"
"201900029686";"6";"10";"2019";"21:35";"5";"17";"17299";"2";"1";"1";"7";"DENFERT ROCHEREAU RUE";"45,9390300";" -0,9662200"
"201900029687";"6";"10";"2019";"13:15";"1";"13";"13043";"2";"1";"1";"3";"FRANCOIS MITTERAND (AV )";"43,3876880";"5,3456930"
"201900029688";"6";"10";"2019";"02:15";"5";"13";"13071";"1";"1";"1";"3";"PLAN DE CAMPAGNE (AVE. DE )";"43,4131000";"5,3380000"
"201900029689";"7";"10";"2019";"01:30";"5";"13";"13212";"2";"6";"1";"7";"CHARLES HUMEL (ROND-POINT)";"43,3035000";"5,4736000"
"201900029690";"30";"9";"2019";"13:00";"1";"13";"13213";"2";"9";"1";"6";"ENRICO FERMI (RUE)";"43,3444770";"5,4374710"
"201900029691";"5";"10";"2019";"22:25";"5";"6";"06088";"2";"1";"1";"7";"JOLY (CORNICHE ANDRE DE)";"43,6988190";"7,2937890"
"201900029692";"6";"10";"2019";"18:00";"1";"6";"06069";"2";"1";"1";"7";"JUIN (BOULEVARD DU MARECHAL)";"43,6605860";"6,9222540"
"201900029693";"5";"10";"2019";"09:30";"1";"75";"75116";"2";"4";"2";"6";"BD PERIPHERIQUE INTERIEUR";"48,8419503";"2,2541860"
"201900029694";"5";"10";"2019";"19:40";"5";"75";"75116";"2";"2";"1";"3";"AVENUE THEOPHILE GAUTIER";"48,8484834";"2,2701727"
"201900029695";"6";"10";"2019";"03:00";"5";"75";"75106";"2";"3";"2";"3";"QUAI DE CONTI";"48,8564300";"2,3399059"
"201900029696";"6";"10";"2019";"19:30";"2";"75";"75117";"2";"7";"1";"3";"PLACE DE LA PORTE MAILLOT";"48,8789660";"2,2817874"
"201900029697";"5";"10";"2019";"16:35";"1";"75";"75116";"2";"1";"1";"3";"AVENUE DE MALAKOFF";"48,8759355";"2,2837669"
"201900029698";"6";"10";"2019";"09:43";"1";"75";"75115";"2";"2";"2";"6";"RUE CAMBRONNE";"48,8418211";"2,3032678"
"201900029699";"6";"10";"2019";"03:05";"5";"75";"75115";"2";"3";"2";"7";"BOULEVARD LEFEBVRE";"48,8282901";"2,3029747"
"201900029700";"5";"10";"2019";"05:00";"5";"75";"75115";"2";"3";"2";"2";"RUE LECOURBE";"48,8432190";"2,3046080"
"201900029701";"6";"10";"2019";"19:04";"5";"75";"75112";"2";"2";"1";"3";"RUE DE BERCY";"48,8421074";"2,3764132"
"201900029702";"4";"10";"2019";"19:05";"2";"75";"75109";"2";"3";"1";"6";"RUE DE CHATEAUDUN";"48,8759527";"2,3390521"
"201900029703";"5";"10";"2019";"15:52";"1";"75";"75108";"2";"5";"8";"6";"RUE TRONCHET";"48,8737805";"2,3270289"
"201900029704";"5";"10";"2019";"23:20";"5";"75";"75103";"2";"1";"1";"3";"RUE SAINT MARTIN";"48,8670271";"2,3544618"
"201900029705";"6";"10";"2019";"12:15";"1";"94";"94017";"2";"1";"2";"7";"STALINGRAD (BD DE)";"48,8100000";"2,5000000"
"201900029706";"6";"10";"2019";"14:20";"1";"93";"93072";"2";"1";"1";"4";"ARISTIDE BRIAND (AVENUE) COTE DES N°1A87";"48,9629500";"2,3759900"
"201900029707";"6";"10";"2019";"21:00";"5";"93";"93053";"2";"2";"8";"1";"JULES AUFFRET (RUE)";"48,8878560";"2,4544790"
"201900029708";"6";"10";"2019";"18:40";"1";"93";"93050";"2";"1";"2";"6";"HUIT MAI 1945";"48,8618500";"2,5351100"
"201900029709";"6";"10";"2019";"22:00";"5";"93";"93048";"2";"2";"1";"3";"COLONEL FABIEN (AVENUE DU)";"48,8765400";"2,4546900"
"201900029710";"6";"10";"2019";"15:30";"1";"93";"93027";"2";"1";"1";"3";"ROCHET (RUE WALDECK)";"48,9415100";"2,4100700"
"201900029711";"6";"10";"2019";"05:50";"2";"92";"92062";"2";"1";"2";"6";"DE DION BOUTON (QUAI) DU 1 AU 28";"48,8769900";"2,2407500"
"201900029712";"6";"10";"2019";"13:40";"1";"92";"92048";"2";"1";"1";"2";"AMBROISE PARE (RUE)";"48,7846400";"2,2335300"
"201900029713";"6";"10";"2019";"20:41";"1";"92";"92040";"2";"1";"8";"3";"GALLIENI (BOULEVARD)";"48,8272232";"2,2675864"
"201900029714";"6";"10";"2019";"16:50";"1";"92";"92060";"2";"9";"1";"3";"EDOUARD HERRIOT (AVENUE) RD60";"48,7831800";"2,2517600"
"201900029715";"6";"10";"2019";"19:30";"1";"92";"92071";"2";"1";"1";"1";"GENERAL LECLERC (AVENUE DU)";"48,7739120";"2,3130440"
"201900029716";"6";"10";"2019";"08:00";"2";"37";"37058";"1";"1";"2";"6";"RD952";"47,2420510";"0,1673110"
"201900029717";"6";"10";"2019";"06:00";"3";"54";"54142";"1";"1";"8";"7";"D9";"48,4672810";"6,2221680"
"201900029718";"6";"10";"2019";"14:15";"1";"1";"01052";"1";"1";"2";"6";"D2";"46,0380300";"4,9940070"
"201900029719";"4";"10";"2019";"10:00";"1";"33";"33040";"2";"1";"1";"4";"Route de Cardan";"44,6531000";" -0,3182700"
"201900029720";"7";"10";"2019";"15:30";"1";"31";"31065";"1";"1";"1";"7";"route de RIEUMES";"43,3916800";"1,1519150"
"201900029721";"6";"10";"2019";"15:45";"1";"972";"97222";"1";"1";"1";"7";"Lestrade";"14,7006330";" -60,9426930"
"201900029722";"7";"10";"2019";"02:40";"3";"76";"76404";"1";"1";"1";"7";"Route Departementale 925";"49,5885330";"0,2575490"
"201900029723";"7";"10";"2019";"08:10";"5";"35";"35125";"2";"1";"3";"6";"25 Faubourg de Nantes";"47,9373133";" -1,2314725"
"201900029724";"25";"1";"2019";"15:20";"1";"75";"75110";"2";"1";"8";"6";"RUE DU CHATEAU D EAU";"48,8724800";"2,3553820"
"201900029725";"22";"1";"2019";"22:40";"5";"75";"75110";"2";"1";"4";"6";"BOULEVARD DE MAGENTA";"48,8776020";"2,3548780"
"201900029726";"22";"1";"2019";"21:25";"5";"75";"75103";"2";"4";"2";"6";"RUE DU FAUBOURG SAINT MARTIN";"48,8691120";"2,3551660"
"201900029727";"25";"1";"2019";"08:25";"2";"75";"75109";"2";"1";"8";"3";"RUE BLANCHE";"48,8791730";"2,3314240"
"201900029728";"25";"1";"2019";"20:35";"5";"75";"75109";"2";"3";"2";"3";"RUE DE CLICHY";"48,8798790";"2,3291050"
"201900029729";"24";"1";"2019";"21:30";"5";"75";"75104";"2";"3";"1";"3";"BOULEVARD HENRI IV";"48,8521460";"2,3657110"
"201900029730";"26";"1";"2019";"05:00";"5";"75";"75101";"2";"3";"1";"6";"RUE DE RIVOLI";"48,8600650";"2,3434190"
"201900029731";"25";"1";"2019";"01:00";"5";"75";"75101";"2";"2";"2";"6";"RUE DE RIVOLI";"48,8598890";"2,3439860"
"201900029732";"23";"1";"2019";"14:00";"1";"75";"75101";"2";"4";"8";"6";"RUE ETIENNE MARCEL";"48,8647310";"2,3453990"
"201900029733";"22";"1";"2019";"09:45";"1";"75";"75101";"2";"4";"4";"7";"RUE SAINT FLORENTIN";"48,8663600";"2,3234650"
"201900029734";"25";"1";"2019";"15:40";"1";"94";"94081";"2";"1";"8";"6";"ANSELME RONDENAY (R)";"48,7790433";"2,3984670"
"201900029735";"25";"1";"2019";"19:26";"5";"94";"94067";"2";"1";"2";"7";"MINIMES (AV DES)";"48,8417300";"2,4256600"
"201900029736";"23";"1";"2019";"22:55";"5";"94";"94067";"2";"1";"1";"6";"GALLIENI (AV)";"48,8461900";"2,4170900"
"201900029737";"24";"1";"2019";"07:50";"5";"94";"94068";"2";"1";"1";"6";"FOCH (AV)";"48,8013000";"2,4942300"
"201900029738";"25";"1";"2019";"17:20";"5";"94";"94058";"2";"2";"2";"3";"ONZE NOVEMBRE (AV DU)";"48,8467997";"2,4967978"
"201900029739";"23";"1";"2019";"20:00";"5";"94";"94042";"2";"1";"1";"6";"EUROPE (BD DE L)";"48,8139500";"2,4646800"
"201900029740";"23";"1";"2019";"09:20";"1";"94";"94046";"2";"1";"4";"7";"BAZEILLES (R DE)";"48,7926700";"2,4366300"
"201900029741";"21";"1";"2019";"07:25";"2";"94";"94076";"2";"1";"8";"6";"PARIS (AV DE)";"48,8058700";"2,3636200"
"201900029742";"25";"1";"2019";"19:05";"5";"94";"94041";"2";"9";"2";"1";"JEAN COMPAGNON (QU)";"48,8100000";"2,3988000"
"201900029743";"25";"1";"2019";"19:15";"5";"94";"94028";"2";"1";"2";"2";"HALPERN.(AVENUE BERNARD)";"48,7920400";"2,4467300"
"201900029744";"24";"1";"2019";"18:40";"5";"94";"94054";"2";"3";"1";"6";"MOLIERE (R)";"48,7431000";"2,4260000"
"201900029745";"22";"1";"2019";"14:15";"1";"94";"94055";"2";"1";"4";"7";"OLIVIER D ORMESSON (AV)";"48,7989500";"2,5318900"
"201900029746";"24";"1";"2019";"21:20";"5";"93";"93078";"2";"1";"2";"7";"DAMBEL (AVENUE EMILE)";"48,9560000";"2,5460000"
"201900029747";"24";"1";"2019";"20:20";"5";"93";"93078";"2";"1";"8";"2";"TREMBLAY (ROUTE DE)";"48,9689300";"2,5456900"
"201900029748";"23";"1";"2019";"09:35";"1";"93";"93077";"2";"2";"2";"6";"AULNAY (BOULEVARD D') 1-127 ET 2-104";"48,9017400";"2,5110800"
"201900029749";"25";"1";"2019";"00:40";"5";"93";"93051";"2";"9";"3";"7";"EMILE COSSONNEAU (AVE)";"48,8501500";"2,5667500"
"201900029750";"24";"1";"2019";"19:15";"5";"93";"93051";"2";"1";"1";"6";"JEAN RENOIR (ALLEE)";"48,8422500";"2,5779000"
"201900029751";"23";"1";"2019";"19:50";"5";"93";"93048";"2";"1";"4";"6";"EDOUARD BRANLY (RUE)";"48,8707100";"2,4605100"
"201900029752";"23";"1";"2019";"08:00";"2";"93";"93046";"2";"1";"2";"6";"CHARLES DE GAULLE AVENUE";"48,9169700";"2,5306200"
"201900029753";"25";"1";"2019";"13:00";"1";"93";"93010";"2";"1";"2";"6";"ROSNY (AV. DE)";"48,8946690";"2,4705730"
"201900029754";"24";"1";"2019";"12:43";"1";"93";"93010";"2";"9";"1";"6";"PARISIENNE (AV. DE LA)";"48,9133000";"2,4861800"
"201900029755";"23";"1";"2019";"17:11";"2";"93";"93008";"2";"1";"2";"6";"LENINE (BOULEVARD)";"48,9065490";"2,4420660"
"201900029756";"26";"1";"2019";"06:10";"5";"93";"93007";"2";"2";"1";"3";"""HENRI BARBUSSE (AVENUE """"DU 81 AU 141""""";"48,9413900";"2,4638500"
"201900029757";"25";"1";"2019";"00:13";"5";"93";"93007";"2";"1";"2";"6";"COSMONAUTES (AVENUE DES)         Z2";"48,9400000";"2,4500000"
"201900029758";"24";"1";"2019";"07:17";"5";"93";"93007";"2";"1";"1";"6";"PASTEUR (AVENUE)";"48,9428500";"2,4664700"
"201900029759";"25";"1";"2019";"20:45";"5";"93";"93001";"2";"1";"2";"6";"JEAN JAURES  (AVE)  157 A 213";"48,9120300";"2,4054400"
"201900029760";"25";"1";"2019";"14:45";"1";"93";"93001";"2";"1";"1";"6";"VICTOR HUGO (AVE)  131 A 165";"48,9108500";"2,3792000"
"201900029761";"24";"1";"2019";"09:00";"1";"93";"93055";"2";"1";"1";"3";"DEBARCADERE (DU)";"48,8975600";"2,3969000"
"201900029762";"24";"1";"2019";"01:20";"5";"93";"93027";"2";"1";"1";"7";"CONVENTION (RUE DE LA)";"48,9279000";"2,3907100"
"201900029763";"25";"1";"2019";"20:45";"5";"92";"92078";"2";"9";"2";"6";"GALLIENI (BD) (154 ET 214)";"48,9353600";"2,3328900"
"201900029764";"19";"1";"2019";"19:00";"5";"92";"92073";"2";"3";"1";"2";"WASHINGTON (BOULEVARD)";"48,8755225";"2,2177299"
"201900029765";"24";"1";"2019";"18:19";"1";"92";"92051";"2";"1";"2";"6";"CAMILLE DESMOULINS";"48,8314400";"2,2670500"
"201900029766";"24";"1";"2019";"11:20";"1";"92";"92050";"2";"9";"1";"3";"LILAS RESIDENCE DES";"48,9079070";"2,2193250"
"201900029767";"24";"1";"2019";"19:20";"5";"92";"92044";"2";"2";"1";"3";"BAUDIN (RUE) 27A83 ET 36 A84";"48,8984617";"2,2861594"
"201900029768";"24";"1";"2019";"09:46";"1";"92";"92040";"2";"1";"1";"3";"VERDUN (AVENUE DE) DU 83 AU 113 BIS";"48,8201270";"2,2578890"
"201900029769";"23";"1";"2019";"12:20";"1";"92";"92035";"2";"2";"4";"3";"Médéric ( rue )";"48,9120800";"2,2518000"
"201900029770";"25";"1";"2019";"09:50";"1";"92";"92026";"2";"2";"8";"2";"BEZONS (DE 23 A FIN)";"48,8936800";"2,2520700"
"201900029771";"22";"1";"2019";"10:00";"1";"92";"92026";"2";"1";"4";"6";"ARCHE (AVENUE)";"48,8984820";"2,2383140"
"201900029772";"21";"1";"2019";"07:15";"5";"92";"92026";"2";"3";"1";"6";"ALENCON";"48,8981030";"2,2335800"
"201900029773";"24";"1";"2019";"09:10";"1";"92";"92012";"2";"1";"1";"2";"STALINGRAD (QUAI DE) 1/18 - 490  - 860 -";"48,8243989";"2,2459381"
"201900029774";"23";"1";"2019";"12:40";"1";"92";"92012";"2";"1";"2";"6";"JEAN JAURES (BOULEVARD) 2/68 - COTE PAIR";"48,8456500";"2,2370900"
"201900029775";"23";"1";"2019";"09:20";"1";"92";"92007";"2";"1";"4";"7";"BARBUSSE (AVENUE HENRI) AUTRES NUMEROS";"48,8019800";"2,3164800"
"201900029776";"25";"1";"2019";"19:30";"3";"50";"50540";"1";"2";"2";"3";"la séguinière";"48,7899880";" -1,4918190"
"201900029777";"26";"1";"2019";"16:30";"1";"35";"35177";"2";"2";"1";"4";"za le triangle vert";"48,2024960";" -1,7362290"
"201900029778";"25";"1";"2019";"16:00";"1";"38";"38238";"1";"2";"1";"3";"RD502";"45,4951800";"5,0458400"
"201900029779";"23";"1";"2019";"08:00";"2";"38";"38160";"1";"2";"4";"3";"D41";"45,4824650";"4,9899470"
"201900029780";"25";"1";"2019";"01:14";"3";"85";"85261";"1";"1";"2";"2";"Autoroute A83";"46,5799030";" -1,1173120"
"201900029781";"26";"1";"2019";"04:20";"3";"28";"28269";"1";"1";"1";"7";"A11";"48,4073170";"1,5016700"
"201900029782";"27";"1";"2019";"15:50";"1";"28";"28142";"1";"1";"2";"6";"départementale 12";"48,2951340";"1,3508370"
"201900029783";"24";"1";"2019";"19:20";"5";"83";"83004";"2";"1";"1";"1";"rue jacques prevert";"43,4513190";"6,4876590"
"201900029784";"18";"1";"2019";"15:00";"1";"83";"83085";"1";"1";"1";"6";"RD 54";"43,4851870";"6,5109270"
"201900029785";"25";"1";"2019";"19:20";"5";"62";"62730";"2";"2";"2";"3";"route d'audruicq";"50,8554210";"2,1414350"
"201900029786";"24";"1";"2019";"15:30";"1";"11";"11041";"2";"1";"1";"6";"D5 - CABEZAC";"43,2979270";"2,8705480"
"201900029787";"24";"1";"2019";"17:40";"2";"46";"46217";"1";"1";"1";"3";"RD19";"44,3254880";"1,4571170"
"201900029788";"22";"1";"2019";"16:20";"1";"64";"64418";"1";"1";"2";"3";"Route départementale 33";"43,3730270";" -0,5922720"
"201900029789";"24";"1";"2019";"16:14";"1";"22";"22389";"1";"1";"2";"2";"RN.12 - PR.048.100 - Vers ST BRIEUC";"48,4810940";" -2,6461170"
"201900029790";"24";"1";"2019";"00:30";"3";"19";"19147";"1";"1";"2";"4";"autoroute A20, PK 285.000";"45,0665370";"1,5064850"
"201900029791";"23";"1";"2019";"18:50";"3";"58";"58002";"1";"1";"4";"6";"D 2";"47,4440610";"3,0670520"
"201900029792";"24";"1";"2019";"08:30";"1";"38";"38239";"2";"9";"1";"6";"PLACE ANDRE SAGE";"45,3272400";"5,5646700"
"201900029793";"27";"1";"2019";"00:15";"5";"6";"06033";"2";"1";"1";"6";"1501 route de la Zone Artisanale de la Grave";"43,7778160";"7,2097700"
"201900029794";"14";"1";"2019";"15:15";"1";"6";"06033";"1";"1";"1";"6";"Avenue Pierre Richard DICK";"43,7692070";"7,2014990"
"201900029795";"16";"1";"2019";"19:00";"5";"59";"59653";"2";"1";"1";"6";"rue poincaré";"50,5691950";"2,9507820"
"201900029796";"26";"1";"2019";"10:50";"1";"59";"59067";"2";"1";"8";"6";"rue maurice cornette";"50,9643650";"2,4321540"
"201900029797";"27";"1";"2019";"18:15";"2";"26";"26341";"1";"1";"2";"1";"RN7";"45,1370060";"4,8170500"
"201900029798";"26";"1";"2019";"10:30";"1";"85";"85215";"2";"3";"2";"1";"Rue Nationale";"46,8505900";" -1,1761100"
"201900029799";"25";"1";"2019";"23:30";"3";"85";"85017";"1";"3";"1";"6";"LE PONT DE BAZOGES-intersection D23 / D37";"46,9061600";" -1,1304800"
"201900029800";"27";"1";"2019";"14:08";"1";"87";"87122";"1";"1";"3";"7";"A20 - PR 155+537 - Sens N/S";"46,0487490";"1,3559330"
"201900029801";"24";"1";"2019";"08:15";"2";"62";"62045";"1";"3";"8";"3";"route départementale 75";"50,3582460";"2,5930590"
"201900029802";"22";"1";"2019";"20:00";"3";"57";"57231";"1";"1";"4";"7";"RD 955";"48,9207450";"6,3337200"
"201900029803";"25";"1";"2019";"22:00";"3";"4";"04205";"1";"1";"1";"6";"RD 900";"44,2933261";"6,3940913"
"201900029804";"25";"1";"2019";"14:15";"1";"62";"62105";"1";"1";"2";"4";"route nationale 42";"50,7362260";"1,7628960"
"201900029805";"26";"1";"2019";"16:00";"1";"51";"51281";"1";"1";"2";"1";"RD 240";"48,9781359";"3,9555991"
"201900029806";"25";"1";"2019";"17:30";"1";"56";"56065";"2";"4";"8";"3";"CHEMIN DU PARADIS";"47,9334500";" -2,3578300"
"201900029807";"26";"1";"2019";"16:30";"1";"56";"56243";"2";"6";"2";"2";"rond point d'Alsace";"47,6527790";" -2,7212530"
"201900029808";"24";"1";"2019";"03:45";"3";"76";"76309";"2";"1";"1";"6";"CD 37";"49,7636540";"0,7968020"
"201900029809";"25";"1";"2019";"18:45";"5";"76";"76051";"2";"4";"8";"1";"intersection RD 149 et rue aux loups";"49,7858790";"1,0016960"
"201900029810";"25";"1";"2019";"09:45";"1";"79";"79007";"1";"1";"1";"1";"Le Belvédère";"46,5770100";" -0,4155740"
"201900029811";"26";"1";"2019";"18:30";"4";"79";"79202";"2";"3";"2";"6";"105 Rue du marchioux";"46,6382950";" -0,2476500"
"201900029812";"24";"1";"2019";"09:40";"1";"79";"79220";"1";"3";"1";"3";"Route du Petit Breuil";"46,2179100";" -0,6117510"
"201900029813";"24";"1";"2019";"18:45";"2";"82";"82160";"1";"1";"1";"6";"Lieu dit Cigognac";"44,1332990";"0,9290800"
"201900029814";"25";"1";"2019";"17:56";"5";"65";"65258";"2";"2";"2";"3";"215 rue du tir";"43,1191940";"0,3818920"
"201900029815";"24";"1";"2019";"18:50";"5";"32";"32107";"2";"1";"1";"6";"28 avenue Victor Hugo";"43,9520900";"0,3805790"
"201900029816";"25";"1";"2019";"10:45";"1";"11";"11116";"1";"1";"8";"1";"D13 route de Narbonne";"43,2371760";"3,0006200"
"201900029817";"25";"1";"2019";"16:20";"1";"11";"11003";"1";"1";"2";"1";"RD620";"43,0468660";"2,1367990"
"201900029818";"23";"1";"2019";"14:50";"1";"89";"89420";"1";"1";"4";"6";"D955";"47,5735940";"3,1447410"
"201900029819";"26";"1";"2019";"12:00";"1";"55";"55221";"1";"2";"1";"3";"N135";"48,7232390";"5,2550190"
"201900029820";"26";"1";"2019";"08:00";"1";"12";"12209";"1";"1";"2";"6";"Lieu dit Minot - RD 97";"44,6782360";"2,6687570"
"201900029821";"24";"1";"2019";"23:10";"3";"12";"12223";"1";"1";"4";"7";"D921 La Croze - LACALM";"44,7755460";"2,8958520"
"201900029822";"23";"1";"2019";"16:55";"2";"42";"42224";"1";"1";"4";"3";"Les Gaillards";"45,3355610";"4,4062870"
"201900029823";"26";"1";"2019";"12:00";"1";"68";"68135";"1";"4";"2";"3";"cd 105";"47,5890680";"7,5471160"
"201900029824";"2";"1";"2019";"17:50";"3";"68";"68120";"1";"1";"1";"2";"D16";"47,5294660";"7,4711710"
"201900029825";"26";"1";"2019";"13:30";"1";"68";"68338";"1";"2";"1";"3";"Route departementale 417";"48,0761320";"7,2576690"
"201900029826";"26";"1";"2019";"09:30";"1";"44";"44024";"1";"1";"1";"7";"route des champs";"47,1820650";" -1,7208050"
"201900029827";"25";"1";"2019";"20:23";"3";"44";"44101";"1";"1";"1";"6";"D723, PK 32G";"47,1745740";" -1,6843210"
"201900029828";"26";"1";"2019";"13:00";"1";"29";"29236";"1";"1";"2";"4";"Kermaout St Jean Pk 12+800";"47,8770160";" -3,6303728"
"201900029829";"15";"1";"2019";"08:03";"5";"29";"29245";"2";"7";"1";"6";"Place de l'église";"48,4540170";" -4,3348160"
"201900029830";"23";"1";"2019";"08:15";"1";"31";"31572";"2";"3";"3";"3";"avenue du moulin vieux";"43,4258350";"1,4422120"
"201900029831";"23";"1";"2019";"20:20";"3";"38";"38351";"1";"1";"4";"1";"D522";"45,5436300";"5,2400600"
"201900029832";"26";"1";"2019";"07:00";"4";"38";"38070";"1";"1";"1";"6";"D250";"45,2758500";"5,9418000"
"201900029833";"24";"1";"2019";"17:59";"5";"38";"38150";"2";"1";"1";"6";"6 route de savoie";"45,2041270";"5,8435860"
"201900029834";"26";"1";"2019";"09:43";"1";"38";"38132";"1";"1";"1";"1";"RN 85";"44,8343100";"5,9079700"
"201900029835";"24";"1";"2019";"16:42";"1";"3";"03278";"1";"1";"8";"7";"N/A";"46,2095713";"3,1649197"
"201900029836";"26";"1";"2019";"17:35";"2";"1";"01165";"1";"1";"1";"6";"le caron D75";"46,0715440";"4,8343260"
"201900029837";"26";"1";"2019";"12:25";"1";"70";"70557";"1";"1";"8";"3";"D474";"47,4064870";"5,7305000"
"201900029838";"24";"1";"2019";"08:00";"1";"5";"05056";"1";"1";"1";"7";"D.944 - PR 8+195";"44,6316110";"6,1362660"
"201900029839";"27";"1";"2019";"04:00";"3";"50";"50569";"1";"1";"3";"7";"RD972";"49,0791090";" -1,3081380"
"201900029840";"24";"1";"2019";"07:40";"3";"50";"50082";"1";"1";"1";"6";"Route départementale 902";"49,4750670";" -1,6231290"
"201900029841";"24";"1";"2019";"15:48";"1";"50";"50178";"1";"1";"2";"7";"La caserne";"49,6926770";" -1,4321460"
"201900029842";"22";"1";"2019";"09:40";"1";"60";"60393";"2";"1";"4";"1";"chateau de MELLO";"49,2678920";"2,3704630"
"201900029843";"22";"1";"2019";"17:41";"5";"18";"18275";"2";"1";"4";"6";"route de germigny";"46,8800270";"2,8788870"
"201900029844";"26";"1";"2019";"17:45";"5";"18";"18223";"2";"2";"2";"6";"route de saint palais";"47,2064480";"2,4163270"
"201900029845";"25";"1";"2019";"10:05";"1";"43";"43267";"1";"1";"1";"1";"RD103";"45,2028600";"3,9392500"
"201900029846";"26";"1";"2019";"11:45";"1";"43";"43174";"1";"1";"1";"6";"Route départementale 906";"44,9876230";"3,8241820"
"201900029847";"23";"1";"2019";"13:38";"1";"10";"10120";"1";"1";"8";"7";"RD 444";"48,0196350";"4,0865140"
"201900029848";"11";"1";"2019";"15:30";"1";"36";"36053";"2";"1";"1";"1";"18 ROUTE DE CHATEAUROUX - LIEU DIT SCOURY-";"46,6354375";"1,2844184"
"201900029849";"27";"1";"2019";"05:20";"3";"16";"16180";"1";"1";"6";"6";"Ld Chez Filloux";"45,2670290";"0,1829000"
"201900029850";"25";"1";"2019";"07:30";"3";"24";"24565";"1";"1";"2";"1";"Lieu-dit La Forge";"45,5862000";"0,5284900"
"201900029851";"21";"1";"2019";"18:00";"2";"24";"24182";"1";"1";"8";"7";"Pont de Coutou - RD 32";"44,8658000";"0,2911200"
"201900029852";"26";"1";"2019";"11:55";"1";"85";"85288";"2";"1";"8";"1";"Avenue des Sports";"46,4648100";" -1,6331800"
"201900029853";"23";"1";"2019";"10:15";"1";"85";"85027";"1";"6";"1";"3";"Giratoire La Croix Verte";"46,9581200";" -1,3491000"
"201900029854";"25";"1";"2019";"19:30";"5";"27";"27622";"2";"4";"1";"3";"Rue Max Carpentier";"49,1089560";"0,7118460"
"201900029855";"16";"1";"2019";"08:00";"2";"17";"17353";"1";"1";"8";"4";"RD 137";"45,9877710";" -1,0327790"
"201900029856";"24";"1";"2019";"16:00";"1";"87";"87150";"1";"1";"8";"6";"route de la Cote";"45,6670730";"1,1655610"
"201900029857";"25";"1";"2019";"14:45";"1";"37";"37139";"1";"1";"1";"3";"RD48";"47,4261434";"0,4947010"
"201900029858";"24";"1";"2019";"09:30";"1";"30";"30235";"2";"1";"1";"6";"chemin du sablas";"43,9279450";"4,5443090"
"201900029859";"23";"1";"2019";"19:00";"5";"52";"52405";"2";"1";"1";"6";"24 Avenue de Bourgogne";"47,6565340";"5,2887340"
"201900029860";"18";"1";"2019";"20:00";"3";"52";"52158";"1";"1";"8";"6";"Ecluse n°20";"47,6428860";"5,3321150"
"201900029861";"25";"1";"2019";"08:15";"2";"88";"88082";"1";"1";"4";"6";"RD 392A";"48,4284230";"6,9072570"
"201900029862";"23";"1";"2019";"21:25";"3";"973";"97307";"1";"1";"1";"4";"N1";"4,8992360";" -52,3616860"
"201900029863";"27";"1";"2019";"17:50";"2";"80";"80349";"1";"1";"4";"7";"A16";"49,7129940";"2,2400730"
"201900029864";"25";"1";"2019";"16:25";"1";"49";"49194";"1";"1";"8";"1";"Route de Fayet";"47,4716880";" -0,2566580"
"201900029865";"25";"1";"2019";"19:50";"3";"13";"13009";"1";"1";"1";"3";"les quatre termes";"43,5971440";"5,2149550"
"201900029866";"22";"1";"2019";"09:30";"1";"13";"13099";"1";"1";"5";"2";"A51 - Pk 060.400";"43,6930910";"5,7210270"
"201900029867";"27";"1";"2019";"14:10";"1";"1";"01304";"1";"1";"2";"7";"A42";"46,0562800";"5,3282430"
"201900029868";"26";"1";"2019";"11:30";"1";"34";"34153";"1";"1";"1";"1";"D 986";"43,7367360";"3,7883200"
"201900029869";"23";"1";"2019";"12:50";"1";"6";"06152";"1";"1";"1";"3";"2260 route des cretes";"43,6259560";"7,0471520"
"201900029870";"26";"1";"2019";"16:20";"1";"90";"90094";"1";"9";"2";"6";"A.36 PK 38+700";"47,5879690";"6,8563250"
"201900029871";"25";"1";"2019";"07:45";"3";"51";"51480";"1";"1";"5";"3";"A4";"49,1490383";"3,6638682"
"201900029872";"25";"1";"2019";"14:40";"1";"976";"97603";"2";"1";"1";"2";"Route Nationale 3";" -12,9080700";"45,1930110"
"201900029873";"23";"1";"2019";"17:30";"2";"38";"38212";"1";"1";"4";"6";"D1091";"45,1164700";"5,9665100"
"201900029874";"23";"1";"2019";"10:20";"1";"38";"38212";"1";"1";"4";"6";"D 1091 - Lieu dit Rioupéroux";"45,0819100";"5,8942500"
"201900029875";"26";"1";"2019";"15:30";"1";"45";"45269";"1";"1";"8";"6";"Autoroute A10-PK 108+000-Sens Province Paris";"47,8741730";"1,7309390"