"Num_Acc";"jour";"mois";"an";"hrmn";"lum";"dep";"com";"agg";"int";"atm";"col";"adr";"lat";"long"
"201900029876";"23";"1";"2019";"14:40";"1";"83";"83097";"1";"1";"1";"2";"N/A";"43,4813560";"5,7406030"
"201900029877";"24";"1";"2019";"18:45";"3";"34";"34202";"2";"2";"1";"5";"ROUTE DEPARTEMENTALE 5";"43,5846720";"3,7782330"
"201900029878";"24";"1";"2019";"17:50";"3";"988";"98821";"1";"1";"1";"3";"RT 1 - TONTOUTA";" -22,0024460";"166,2167970"
"201900029879";"26";"1";"2019";"06:45";"1";"976";"97608";"2";"6";"1";"7";"rond point four à chaux";" -12,7782150";"45,2825770"
"201900029880";"27";"1";"2019";"13:25";"1";"973";"97305";"1";"1";"1";"4";"Route nationale 1 - PK 19";"4,9655480";" -52,4364180"
"201900029881";"26";"1";"2019";"12:55";"1";"973";"97305";"1";"1";"1";"1";"PK 11";"4,9175062";" -52,3789015"
"201900029882";"25";"1";"2019";"21:30";"5";"971";"97116";"2";"3";"1";"3";"RN 5, Marieule";"16,3211380";" -61,4671850"
"201900029883";"23";"1";"2019";"14:25";"1";"971";"97116";"1";"1";"1";"1";"Bonne terre";"16,3519260";" -61,4505150"
"201900029884";"25";"1";"2019";"11:09";"1";"971";"97118";"1";"1";"1";"1";"Chemin de Viard";"16,1665190";" -61,5898610"
"201900029885";"25";"1";"2019";"11:50";"1";"44";"44020";"2";"1";"1";"3";"boulevard nelson mandela";"47,1766854";" -1,6192442"
"201900029886";"26";"1";"2019";"21:35";"3";"77";"77175";"1";"6";"3";"6";"D619 X D305";"48,6317250";"2,6308030"
"201900029887";"24";"1";"2019";"15:30";"1";"78";"78616";"2";"1";"1";"2";"D45";"48,8713550";"1,8035980"
"201900029888";"25";"1";"2019";"12:00";"1";"78";"78442";"2";"1";"1";"6";"60 RUE DE VILLANCY";"48,8086910";"1,9124670"
"201900029889";"25";"1";"2019";"17:20";"1";"30";"30257";"1";"1";"1";"4";"D6086";"43,8738180";"4,4639980"
"201900029890";"26";"1";"2019";"04:00";"3";"11";"11190";"1";"3";"1";"7";"route départementale 610";"43,2493680";"2,6725130"
"201900029891";"26";"1";"2019";"02:00";"3";"34";"34002";"1";"3";"1";"6";"ROUTE DÉPARTEMENTALE 128";"43,5437570";"3,4177470"
"201900029892";"26";"1";"2019";"18:30";"3";"83";"83006";"1";"1";"1";"1";"D561";"43,6020370";"5,7993560"
"201900029893";"26";"1";"2019";"13:40";"1";"83";"83138";"1";"1";"1";"2";"N/A";"43,6144330";"6,7198520"
"201900029894";"27";"1";"2019";"16:55";"2";"4";"04171";"1";"1";"3";"6";"RD 952";"43,8066150";"6,4382434"
"201900029895";"27";"1";"2019";"00:40";"3";"13";"13110";"1";"1";"1";"6";"ancien chemin de peynier";"43,4480140";"5,6623140"
"201900029896";"24";"1";"2019";"16:00";"1";"71";"71399";"1";"1";"1";"1";"En Chérat - RD20";"46,2691360";"4,1706020"
"201900029897";"25";"1";"2019";"15:50";"1";"67";"67122";"2";"3";"4";"3";"3 route du Windsbourg";"48,6353950";"7,3039530"
"201900029898";"24";"1";"2019";"15:25";"1";"88";"88196";"1";"1";"1";"1";"D 486 pk 033.050";"48,0549900";"6,8614020"
"201900029899";"26";"1";"2019";"17:50";"5";"57";"57433";"2";"1";"2";"6";"Grand'rue";"49,2056750";"6,1610750"
"201900029900";"25";"1";"2019";"21:35";"3";"74";"74040";"1";"1";"1";"7";"ECHANGEUR D. 907 / D. 903";"46,1678620";"6,3201900"
"201900029901";"27";"1";"2019";"16:05";"1";"74";"74239";"2";"1";"4";"1";"Route de la Clusaz - RD909";"45,9207820";"6,4147330"
"201900029902";"25";"1";"2019";"15:10";"1";"74";"74079";"1";"1";"1";"6";"route de serraval";"45,8558150";"6,3286940"
"201900029903";"23";"1";"2019";"11:45";"1";"42";"42285";"1";"3";"4";"1";"route départementale 8";"45,5755920";"4,1175840"
"201900029904";"26";"1";"2019";"02:45";"3";"26";"26169";"1";"1";"6";"1";"RN7 PR 101+0";"44,4610900";"4,7572760"
"201900029905";"14";"1";"2019";"14:26";"1";"69";"69050";"1";"1";"1";"1";"chemin";"45,8728400";"4,6363080"
"201900029906";"24";"1";"2019";"07:20";"2";"69";"69121";"2";"3";"4";"6";"180 Route de Lyon";"45,8550100";"4,6813600"
"201900029907";"26";"1";"2019";"15:05";"1";"69";"69284";"2";"1";"1";"7";"115 rue de NEUVILLE";"45,8792700";"4,8527450"
"201900029908";"22";"1";"2019";"07:40";"2";"69";"69059";"1";"2";"8";"1";"410 route de Chazay";"45,8656500";"4,7146680"
"201900029909";"24";"1";"2019";"01:13";"3";"81";"81219";"1";"1";"1";"6";"RD 84 - PR 14+400";"43,5937781";"2,0008946"
"201900029910";"25";"1";"2019";"19:15";"3";"79";"79049";"1";"1";"2";"5";"D748";"46,8240870";" -0,4928710"
"201900029911";"25";"1";"2019";"16:20";"1";"79";"79049";"1";"1";"1";"1";"N/A";"46,8568290";" -0,4430400"
"201900029912";"7";"9";"2019";"15:15";"1";"7";"07324";"2";"3";"1";"3";"Quai Marc Seguin";"45,0683270";"4,8335340"
"201900029913";"6";"9";"2019";"21:15";"5";"31";"31395";"1";"1";"1";"6";"Route d'Eaunes";"43,4459810";"1,3379960"
"201900029914";"7";"9";"2019";"00:15";"3";"31";"31291";"1";"9";"1";"6";"24 Route de Fonsorbes";"43,5865530";"1,2369170"
"201900029915";"6";"9";"2019";"14:20";"1";"79";"79049";"2";"1";"1";"6";"Boulevard Clemenceau";"46,8374330";" -0,4957800"
"201900029916";"6";"9";"2019";"07:55";"1";"16";"16385";"1";"1";"1";"7";"Départementale 23";"45,6510520";"0,2654430"
"201900029917";"6";"9";"2019";"18:30";"1";"40";"40229";"1";"1";"1";"6";"D626";"44,2444580";" -1,0612990"
"201900029918";"30";"8";"2019";"12:55";"1";"85";"85092";"2";"3";"1";"3";"Rue de la Villa Gallo Romaine";"46,4530000";" -0,8138200"
"201900029919";"6";"9";"2019";"07:30";"2";"44";"44103";"1";"1";"1";"7";"Rue de la Caravelle";"47,3079250";" -2,1307410"
"201900029920";"3";"9";"2019";"18:45";"1";"14";"14658";"1";"9";"1";"6";"D77";"48,8758590";" -1,0943010"
"201900029921";"7";"9";"2019";"23:35";"3";"27";"27458";"1";"1";"1";"6";"D20";"49,3364300";"1,1940800"
"201900029922";"4";"9";"2019";"09:53";"1";"27";"27016";"2";"1";"1";"6";"Avenue de la République";"49,2447000";"1,4087620"
"201900029923";"7";"9";"2019";"09:40";"1";"27";"27397";"2";"3";"1";"6";"rue Aristide Briand";"49,0311090";"1,3686600"
"201900029924";"8";"9";"2019";"00:30";"5";"76";"76164";"2";"7";"1";"6";"place du parvis";"49,5259380";"0,7248210"
"201900029925";"31";"8";"2019";"02:20";"5";"60";"60346";"2";"1";"1";"6";"29 Route de la Seigneurie";"49,1475920";"2,4362670"
"201900029926";"8";"9";"2019";"18:50";"1";"60";"60542";"1";"1";"1";"7";"Route de Mouy";"49,4030420";"2,1873040"
"201900029927";"7";"9";"2019";"19:50";"2";"62";"62001";"2";"1";"2";"3";"9 bis rue lancino";"50,3900910";"2,7209250"
"201900029928";"17";"6";"2019";"13:00";"1";"59";"59634";"2";"6";"1";"3";"route nationae wallon cappel";"50,7297710";"2,4761530"
"201900029929";"7";"9";"2019";"00:40";"3";"13";"13070";"1";"1";"1";"7";"A50-Sens Marseille vers Aubagne";"43,2852030";"5,5156110"
"201900029930";"6";"9";"2019";"09:30";"1";"13";"13071";"1";"1";"1";"7";"A55 - Sens Marseille vers Martigues";"43,3914663";"5,2677941"
"201900029931";"6";"9";"2019";"12:45";"1";"13";"13215";"1";"1";"1";"4";"A7-Sens Marseille vers Lyon";"43,3368600";"5,3770500"
"201900029932";"6";"9";"2019";"15:45";"1";"13";"13055";"1";"1";"1";"4";"A507 sens Marseille - Aubagne";"43,3370322";"5,3790709"
"201900029933";"5";"9";"2019";"17:00";"1";"13";"13214";"1";"1";"1";"4";"A7-Sens Marseille vers Lyon";"43,3337760";"5,3774710"
"201900029934";"5";"9";"2019";"17:30";"1";"13";"13071";"1";"1";"6";"2";"A7-Sens Lyon vers Marseille";"43,4044130";"5,3410566"
"201900029935";"31";"8";"2019";"16:25";"1";"13";"13026";"1";"1";"1";"3";"A55-Sens Marseille vers Martigues";"43,4003595";"5,1001560"
"201900029936";"5";"9";"2019";"19:15";"1";"13";"13210";"1";"1";"1";"2";"A50-Sens Marseille vers Aubagne";"43,2846300";"5,4122600"
"201900029937";"5";"9";"2019";"21:28";"3";"83";"83126";"1";"1";"1";"5";"A50";"43,1242400";"5,8720000"
"201900029938";"4";"9";"2019";"16:55";"1";"83";"83144";"1";"1";"1";"5";"A57";"43,1334900";"5,9847600"
"201900029939";"4";"7";"2019";"07:45";"1";"69";"69256";"1";"1";"1";"3";"RN346  S/N   25.686 A 29.300";"45,7923100";"4,9539700"
"201900029940";"6";"9";"2019";"04:50";"5";"69";"69266";"1";"1";"1";"3";"RD383   3.750 A 7.640";"45,7796800";"4,8946700"
"201900029941";"7";"9";"2019";"17:30";"1";"33";"33003";"1";"1";"1";"6";"AUTOROUTE A 10";"44,9277000";" -0,4704000"
"201900029942";"6";"9";"2019";"12:05";"1";"33";"33162";"1";"1";"1";"2";"ROCADE A 630";"44,8583100";" -0,6613300"
"201900029943";"5";"9";"2019";"10:45";"1";"33";"33550";"1";"1";"1";"4";"ROCADE A 630";"44,7835300";" -0,5855900"
"201900029944";"6";"9";"2019";"17:30";"1";"91";"91549";"1";"1";"1";"5";"RN 104";"48,6264700";"2,3506400"
"201900029945";"6";"9";"2019";"12:40";"1";"91";"91689";"1";"1";"1";"2";"AUTOROUTE A6";"48,7312000";"2,3150000"
"201900029946";"5";"9";"2019";"19:35";"1";"91";"91179";"1";"1";"1";"4";"AUTOROUTE A6";"48,5677700";"2,4719700"
"201900029947";"5";"9";"2019";"16:30";"1";"91";"91692";"1";"1";"1";"5";"RN 118";"48,6710600";"2,1937700"
"201900029948";"5";"9";"2019";"14:05";"1";"91";"91377";"1";"2";"1";"3";"RN20";"48,7192800";"2,2989600"
"201900029949";"5";"9";"2019";"09:00";"1";"91";"91339";"1";"1";"1";"3";"RN 104";"48,6284000";"2,2573000"
"201900029950";"4";"9";"2019";"17:25";"1";"91";"91312";"1";"1";"1";"4";"RD 444";"48,7461000";"2,2199000"
"201900029951";"7";"9";"2019";"16:26";"1";"92";"92051";"1";"1";"1";"2";"RN13";"48,8840200";"2,2624800"
"201900029952";"6";"9";"2019";"10:35";"1";"92";"92036";"1";"1";"1";"3";"A86";"48,9353649";"2,2852312"
"201900029953";"6";"9";"2019";"08:45";"1";"78";"78672";"1";"1";"1";"4";"A13";"48,9295960";"1,9853150"
"201900029954";"6";"9";"2019";"08:50";"1";"92";"92025";"1";"1";"1";"3";"A86";"48,9342540";"2,2569821"
"201900029955";"5";"9";"2019";"11:40";"1";"78";"78640";"1";"1";"1";"6";"N118";"48,7822250";"2,2230090"
"201900029956";"4";"9";"2019";"11:25";"1";"92";"92063";"1";"1";"1";"2";"A86";"48,8703771";"2,1575790"
"201900029957";"6";"9";"2019";"18:40";"1";"93";"93006";"1";"1";"1";"3";"AUTOROUTE A3";"48,8664800";"2,4242900"
"201900029958";"6";"9";"2019";"18:24";"1";"93";"93064";"1";"1";"1";"2";"AUTOROUTE A86";"48,8759570";"2,4784670"
"201900029959";"6";"9";"2019";"18:10";"1";"93";"93027";"1";"1";"1";"5";"AUTOROUTE A86";"48,9250800";"2,3923600"
"201900029960";"6";"9";"2019";"16:53";"1";"93";"93066";"1";"1";"1";"6";"AUTOROUTE A1";"48,9121300";"2,3581000"
"201900029961";"6";"9";"2019";"16:50";"1";"93";"93007";"1";"1";"1";"3";"AUTOROUTE A3";"48,9234200";"2,4807600"
"201900029962";"6";"9";"2019";"15:15";"1";"92";"92078";"1";"1";"1";"7";"AUTOROUTE A86";"48,9273388";"2,3333910"
"201900029963";"5";"9";"2019";"17:35";"1";"93";"93005";"1";"1";"1";"2";"AUTOROUTE A3";"48,9679500";"2,4795200"
"201900029964";"5";"9";"2019";"07:10";"1";"92";"92078";"1";"1";"1";"6";"AUTOROUTE A15";"48,9409880";"2,2918726"
"201900029965";"5";"9";"2019";"09:35";"1";"95";"95582";"1";"1";"1";"4";"AUTOROUTE A15";"48,9706900";"2,2490900"
"201900029966";"5";"9";"2019";"08:10";"1";"92";"92078";"1";"1";"1";"5";"AUTOROUTE A86";"48,9280535";"2,3320536"
"201900029967";"5";"9";"2019";"07:25";"1";"95";"95582";"1";"1";"1";"5";"AUTOROUTE A15";"48,9706900";"2,2490700"
"201900029968";"4";"9";"2019";"20:05";"1";"93";"93066";"1";"1";"1";"5";"AUTOROUTE A86";"48,9223100";"2,3585900"
"201900029969";"4";"9";"2019";"14:45";"1";"95";"95252";"1";"1";"1";"2";"AUTOROUTE A15";"48,9839100";"2,2176200"
"201900029970";"3";"9";"2019";"17:25";"1";"92";"92036";"1";"1";"1";"4";"AUTOROUTE A86";"48,9334327";"2,3209704"
"201900029971";"7";"9";"2019";"15:20";"1";"93";"93051";"1";"1";"1";"5";"A4";"48,8348900";"2,5785700"
"201900029972";"7";"9";"2019";"14:30";"1";"77";"77258";"1";"1";"1";"6";"A4.Y";"48,8308260";"2,6348950"
"201900029973";"7";"9";"2019";"09:40";"1";"94";"94069";"1";"1";"1";"6";"A4";"48,8176000";"2,4229000"
"201900029974";"6";"9";"2019";"20:45";"5";"94";"94017";"1";"1";"1";"4";"A4";"48,8266000";"2,5168000"
"201900029975";"6";"9";"2019";"15:00";"1";"77";"77294";"1";"1";"1";"3";"A104";"48,9683300";"2,6014900"
"201900029976";"6";"9";"2019";"13:50";"1";"94";"94065";"1";"1";"1";"2";"A86 EXT";"48,7550148";"2,3454187"
"201900029977";"6";"9";"2019";"08:55";"1";"77";"77373";"1";"1";"1";"3";"RN104";"48,7906270";"2,6184210"
"201900029978";"6";"9";"2019";"07:01";"1";"94";"94028";"1";"1";"1";"6";"A86 INT";"48,7956435";"2,4423991"
"201900029979";"5";"9";"2019";"03:00";"3";"94";"94042";"1";"1";"1";"2";"A4";"48,8279000";"2,4721000"
"201900029980";"5";"9";"2019";"01:40";"3";"77";"77058";"1";"1";"1";"6";"A4";"48,8294780";"2,7442370"
"201900029981";"4";"9";"2019";"19:00";"1";"77";"77449";"1";"1";"1";"2";"A4";"48,8328840";"2,7889070"
"201900029982";"3";"9";"2019";"08:00";"1";"10";"10387";"2";"1";"1";"3";"ETIENNE PEDRON (RUE)";"48,3097000";"4,0752000"
"201900029983";"1";"7";"2019";"13:36";"1";"92";"92004";"2";"1";"1";"6";"ROBERT DUPONT";"48,9206310";"2,2825750"
"201900029984";"3";"9";"2019";"18:55";"5";"974";"97411";"2";"1";"1";"2";"MACE (ROUTE GABRIEL)";" -20,9092500";"55,5030300"
"201900029985";"3";"9";"2019";"21:15";"5";"973";"97302";"2";"8";"1";"7";"LIBERTE (AVENUE DE LA)";"4,9359446";" -52,3297450"
"201900029986";"4";"9";"2019";"23:45";"5";"69";"69383";"2";"3";"1";"3";"FELIX FAURE                         (AV)";"45,7539540";"4,8617500"
"201900029987";"2";"9";"2019";"03:55";"4";"972";"97213";"1";"6";"2";"7";"ROUTE NATIONALE 1";"14,6233000";" -60,9888000"
"201900029988";"4";"9";"2019";"14:30";"1";"972";"97209";"2";"1";"1";"3";"CHATEAUBOEUF (ROUTE DE)";"14,6164800";" -61,0493400"
"201900029989";"3";"9";"2019";"08:45";"1";"972";"97209";"2";"1";"1";"6";"ERNEST DEPROGE (RUE)";"14,6035000";" -61,0730000"
"201900029990";"4";"9";"2019";"21:20";"3";"69";"69081";"2";"1";"1";"6";"PEROLLIER (DU)                          ";"45,7844100";"4,7839200"
"201900029991";"4";"9";"2019";"17:48";"1";"69";"69384";"2";"1";"1";"7";"JOSEPH GILLET                       (QU)";"45,7813600";"4,8126700"
"201900029992";"4";"9";"2019";"09:15";"1";"69";"69389";"2";"9";"1";"3";"GORGE DE LOUP                       (R )";"45,7694900";"4,8013600"
"201900029993";"4";"9";"2019";"10:00";"1";"69";"69389";"2";"1";"1";"3";"24 MARS 1852 ";"45,7776100";"4,8014500"
"201900029994";"3";"9";"2019";"11:05";"1";"69";"69385";"2";"3";"1";"6";"ABBE LARUE (DE L')                  (PL)";"45,7560100";"4,8190000"
"201900029995";"4";"9";"2019";"17:55";"1";"2A";"2A004";"1";"1";"1";"2";"T20";"41,9338943";"8,8025743"
"201900029996";"3";"9";"2019";"10:30";"1";"2A";"2A004";"2";"1";"1";"2";"MACCHINI EUGENE AVENUE";"41,9183100";"8,7370300"
"201900029997";"4";"9";"2019";"08:36";"1";"95";"95563";"2";"3";"1";"3";"PARIS (RUE DE)";"49,0144900";"2,2504900"
"201900029998";"2";"9";"2019";"16:45";"1";"95";"95218";"1";"1";"1";"5";"JACQUES DUCLOS (BOULEVARD)";"49,0256800";"2,1035800"
"201900029999";"4";"9";"2019";"09:25";"1";"95";"95063";"2";"3";"1";"6";"RUE DE SARTROUVILLE";"48,9348000";"2,2031600"
"201900030000";"4";"9";"2019";"14:30";"1";"91";"91286";"2";"2";"1";"4";"PLESSIS (CHEMIN DU)";"48,6518200";"2,3849700"
"201900030001";"4";"9";"2019";"17:55";"1";"91";"91223";"2";"1";"2";"3";"PARIS (AVENUE DE)";"48,4390500";"2,1678900"
"201900030002";"3";"9";"2019";"15:47";"1";"91";"91223";"2";"3";"1";"6";"MAGNE (RUE)";"48,4331700";"2,1602900"
"201900030003";"3";"9";"2019";"19:05";"1";"91";"91457";"2";"1";"1";"3";"LOGES (ROUTE DES)";"48,5815310";"2,2877200"
"201900030004";"3";"9";"2019";"12:53";"1";"87";"87085";"2";"2";"1";"3";"GARIBALDI (AVENUE)";"45,8351900";"1,2605000"
"201900030005";"2";"9";"2019";"18:26";"1";"87";"87085";"2";"2";"1";"3";"LILAS (BOULEVARD DES)";"45,8548600";"1,2520500"
"201900030006";"3";"9";"2019";"16:35";"1";"85";"85191";"2";"1";"7";"6";" RUE DU MARECHAL FOCH ";"46,6737300";" -1,4283000"
"201900030007";"3";"9";"2019";"17:08";"1";"85";"85191";"2";"1";"1";"3";"RUE DU COMMERCE";"46,6547300";" -1,4421800"
"201900030008";"29";"8";"2019";"09:15";"1";"84";"84007";"2";"6";"1";"3";"REALPANIER (Rond point de)-MONTFAVET";"43,9495095";"4,8597014"
"201900030009";"3";"9";"2019";"17:00";"1";"83";"83062";"2";"1";"1";"1";"MONTEE du THOUAR";"43,1338700";"6,0094500"
"201900030010";"3";"9";"2019";"08:10";"1";"76";"76498";"1";"1";"1";"3";"SUD III (RN 338)";"49,4298300";"1,0568800"
"201900030011";"2";"9";"2019";"08:47";"1";"76";"76540";"2";"1";"1";"6";"Jean Mullot, rue";"49,4268600";"1,0779200"
"201900030012";"4";"9";"2019";"08:08";"1";"72";"72181";"2";"3";"1";"3";"ESTOURNELLES DE CONSTANT PAUL (BD D')";"48,0166200";"0,1581200"
"201900030013";"3";"9";"2019";"12:10";"1";"71";"71076";"2";"1";"1";"3";"AVENUE Pierre MENDES FRANCE";"46,7737600";"4,8413900"
"201900030014";"4";"9";"2019";"07:20";"1";"66";"66136";"2";"1";"1";"6";" Impasse Coma d’Or";"42,7058100";"2,8815100"
"201900030015";"4";"9";"2019";"21:45";"5";"64";"64445";"2";"1";"1";"1";"JEAN MERMOZ";"43,3118800";" -0,3772800"
"201900030016";"4";"9";"2019";"13:35";"1";"64";"64284";"2";"3";"1";"2";"RAUSKI";"43,2672821";" -0,3895163"
"201900030017";"3";"9";"2019";"18:35";"1";"64";"64125";"2";"1";"1";"6";"BASSILOUR (RUE)";"43,4375900";" -1,5632400"
"201900030018";"24";"8";"2019";"14:35";"1";"62";"62516";"2";"2";"1";"3";"HOUDAIN (rue)";"50,5474510";"2,4915360"
"201900030019";"4";"9";"2019";"06:30";"2";"59";"59599";"2";"1";"1";"7";"GUERRE (RUE FIN DE LA)";"50,7270900";"3,1488000"
"201900030020";"4";"9";"2019";"12:00";"1";"57";"57306";"2";"1";"1";"6";"FOCH (RUE )";"49,3291500";"6,0657200"
"201900030021";"3";"9";"2019";"17:50";"1";"57";"57463";"1";"1";"1";"2";"VOIE RAPIDE EST";"49,1168000";"6,2104200"
"201900030022";"3";"9";"2019";"21:00";"2";"56";"56098";"2";"3";"1";"1";"KERMORVAN (RUE  DE )";"47,7634100";" -3,3176800"
"201900030023";"2";"9";"2019";"15:45";"1";"56";"56121";"2";"6";"1";"3";"BLUM ( BD LEON )";"47,7466900";" -3,3778100"
"201900030024";"4";"9";"2019";"15:35";"1";"54";"54197";"1";"1";"1";"3";"RD71";"48,6273290";"6,2145750"
"201900030025";"4";"9";"2019";"12:05";"1";"54";"54395";"2";"1";"1";"2";"LOBAU (BOULEVARD)";"48,6852500";"6,1959900"
"201900030026";"4";"9";"2019";"14:00";"1";"51";"51454";"2";"2";"1";"4";"BOULEVARD POMMERY";"49,2532883";"4,0540916"
"201900030027";"4";"9";"2019";"08:45";"1";"51";"51454";"2";"1";"1";"3";"AVENUE DE LAON";"49,2679368";"4,0241343"
"201900030028";"3";"9";"2019";"14:00";"1";"49";"49328";"1";"1";"1";"1";"CADRE NOIR (PONT DU) N 347";"47,2723000";" -0,0784800"
"201900030029";"4";"9";"2019";"02:25";"4";"49";"49007";"2";"1";"1";"7";"CHURCHILL AVENUE ET SQUARE";"47,4481500";" -0,5604100"
"201900030030";"3";"9";"2019";"19:34";"1";"49";"49007";"2";"1";"1";"6";"PASTEUR AVENUE";"47,4766800";" -0,5327600"
"201900030031";"3";"9";"2019";"19:38";"1";"49";"49015";"2";"1";"1";"1";"RAFOUX ALLEE DES";"47,5048200";" -0,5699800"
"201900030032";"2";"9";"2019";"14:24";"1";"49";"49007";"2";"1";"1";"3";"GAIN ( LOUIS)";"47,4694700";" -0,5412000"
"201900030033";"3";"9";"2019";"18:00";"1";"38";"38544";"2";"1";"1";"3";"CLAUDE BERNARD(QUAI)";"45,5395925";"4,8616862"
"201900030034";"1";"9";"2019";"20:15";"2";"37";"37122";"2";"1";"1";"7";"CHINON (BOULEVARD DE)";"47,3543800";"0,6945400"
"201900030035";"3";"9";"2019";"19:50";"1";"35";"35238";"2";"2";"1";"3";"FREVILLE (AVENUE HENRI)";"48,0867300";" -1,6743200"
"201900030036";"3";"9";"2019";"18:20";"1";"35";"35238";"1";"1";"1";"2";"ALMA (DE L')";"48,1018963";" -1,6764398"
"201900030037";"29";"8";"2019";"08:05";"1";"33";"33281";"2";"6";"1";"2";"AVE FRANCOIS MITTERRAND";"44,8238900";" -0,6369300"
"201900030038";"31";"8";"2019";"16:22";"1";"33";"33063";"2";"6";"1";"6";"Quai de Brazza à hauteur giratoire Cdt Cousteau";"44,8539600";" -0,5534640"
"201900030039";"30";"8";"2019";"18:40";"1";"33";"33063";"2";"1";"1";"4";"BD ALIENOR D'AQUITAINE";"44,8780500";" -0,5634600"
"201900030040";"3";"9";"2019";"14:15";"1";"31";"31557";"2";"1";"1";"3";"DOUMERGUE (RUE GASTON)";"43,5882900";"1,3582000"
"201900030041";"4";"9";"2019";"21:05";"3";"30";"30189";"1";"1";"1";"1";"BRETELLE SORTIE RN 106";"43,8697389";"4,3121262"
"201900030042";"3";"9";"2019";"18:15";"1";"29";"29019";"2";"1";"7";"3";"VIEUX BOURG (RAMPE DU)";"48,3980548";" -4,4531912"
"201900030043";"4";"9";"2019";"20:30";"2";"26";"26362";"2";"1";"1";"3";"BARNAVE RUE";"44,9406430";"4,9093130"
"201900030044";"4";"9";"2019";"10:10";"1";"26";"26281";"2";"1";"7";"6";"DUCHESNE (AVENUE)";"45,0478610";"5,0420500"
"201900030045";"4";"9";"2019";"15:40";"1";"25";"25056";"2";"1";"1";"6";"DOLE RUE DE (sup 200)";"47,2248500";"5,9723900"
"201900030046";"4";"9";"2019";"11:23";"1";"17";"17291";"1";"1";"1";"2";"RN 11";"46,1733400";" -1,1162000"
"201900030047";"4";"9";"2019";"08:55";"1";"17";"17200";"2";"2";"1";"3";"VANNEAUX   RUE DES";"46,1865300";" -1,1579100"
"201900030048";"3";"9";"2019";"09:41";"1";"17";"17300";"2";"2";"1";"3";"SARTRE   AVENUE JEAN-PAUL";"46,1545600";" -1,1170100"
"201900030049";"4";"9";"2019";"18:35";"1";"14";"14101";"2";"1";"1";"6";"FRESNE (AVENUE DU )";"49,1644400";" -0,4225200"
"201900030050";"4";"9";"2019";"13:15";"1";"13";"13208";"2";"1";"1";"6";"PARADIS (RUE)";"43,2753200";"5,3844200"
"201900030051";"4";"9";"2019";"07:40";"1";"13";"13209";"2";"1";"1";"6";"REDON (BOULEVARD DU)";"43,2510520";"5,4221000"
"201900030052";"4";"9";"2019";"07:15";"1";"13";"13215";"2";"2";"1";"3";"SAINT LOUIS (AVENUE DE)";"43,3477210";"5,3590670"
"201900030053";"3";"9";"2019";"09:45";"1";"13";"13211";"2";"1";"1";"6";"SAINT MARCEL (BOULEVARD DE )";"43,2877420";"5,4645790"
"201900030054";"4";"9";"2019";"08:15";"1";"7";"07102";"2";"6";"1";"3";"Jean MOULIN (Rue)";"44,9376300";"4,8634900"
"201900030055";"4";"9";"2019";"09:36";"1";"6";"06088";"2";"9";"1";"6";"PENETRANTE DU PAILLON";"43,7172990";"7,2828140"
"201900030056";"2";"9";"2019";"16:01";"1";"6";"06088";"2";"9";"1";"6";"CHATEAUNEUF (RUE)";"43,7013990";"7,2555390"
"201900030057";"3";"9";"2019";"20:20";"5";"6";"06123";"2";"6";"1";"2";"MAICON PROMENADE";"43,6669020";"7,1960890"
"201900030058";"2";"9";"2019";"19:00";"1";"5";"05061";"1";"1";"1";"7";"route du col de Manse";"44,6107400";"6,1392500"
"201900030059";"4";"9";"2019";"16:35";"1";"75";"75113";"2";"4";"1";"4";"BD PERIPHERIQUE INTERIEUR";"48,8163470";"2,3638370"
"201900030060";"4";"9";"2019";"08:50";"1";"75";"75119";"2";"1";"1";"4";"BOULEVARD PERIPHERIQUE EXTERIEUR";"48,8953850";"2,3948020"
"201900030061";"3";"9";"2019";"06:25";"2";"75";"75113";"2";"4";"1";"2";"BD PERIPHERIQUE INTERIEUR";"48,8166856";"2,3646103"
"201900030062";"4";"9";"2019";"21:00";"5";"75";"75120";"2";"2";"1";"6";"BOULEVARD DAVOUT";"48,8606120";"2,4095120"
"201900030063";"4";"9";"2019";"17:40";"1";"75";"75120";"2";"2";"1";"3";"RUE DES FRERES FLAVIEN";"48,8768020";"2,4119970"
"201900030064";"4";"9";"2019";"14:00";"1";"75";"75120";"2";"1";"1";"6";"BOULEVARD DE MENILMONTANT";"48,8591630";"2,3893360"
"201900030065";"4";"9";"2019";"16:15";"1";"75";"75118";"2";"2";"1";"6";"BOULEVARD BARBES";"48,8838520";"2,3494760"
"201900030066";"3";"9";"2019";"21:58";"5";"75";"75118";"2";"3";"1";"3";"RUE STEPHENSON";"48,8862970";"2,3565430"
"201900030067";"4";"9";"2019";"19:00";"2";"75";"75117";"2";"3";"1";"3";"RUE CARDINET";"48,8911059";"2,3180307"
"201900030068";"4";"9";"2019";"20:00";"5";"75";"75114";"2";"1";"1";"7";"BD PERIPHERIQUE INTERIEUR";"48,8232400";"2,3116500"
"201900030069";"4";"9";"2019";"17:05";"1";"75";"75115";"2";"7";"1";"3";"PLACE CAMBRONNE";"48,8477752";"2,3015701"
"201900030070";"3";"9";"2019";"23:40";"5";"75";"75115";"2";"2";"1";"6";"RUE DE LA CONVENTION";"48,8447579";"2,2798624"
"201900030071";"3";"9";"2019";"18:35";"1";"75";"75114";"2";"1";"1";"3";"BOULEVARD BRUNE";"48,8265130";"2,3110400"