"Num_Acc";"jour";"mois";"an";"hrmn";"lum";"dep";"com";"agg";"int";"atm";"col";"adr";"lat";"long"
"201900030072";"4";"9";"2019";"17:00";"1";"75";"75113";"2";"2";"1";"3";"RUE DE TOLBIAC";"48,8284661";"2,3729348"
"201900030073";"4";"9";"2019";"07:47";"1";"75";"75113";"2";"3";"1";"3";"AVENUE D ITALIE";"48,8267561";"2,3570893"
"201900030074";"4";"9";"2019";"14:30";"1";"75";"75111";"2";"3";"1";"3";"RUE DE MONTREUIL";"48,8504600";"2,3929370"
"201900030075";"4";"9";"2019";"19:30";"1";"75";"75110";"2";"1";"1";"6";"BOULEVARD DE MAGENTA";"48,8823040";"2,3506650"
"201900030076";"4";"9";"2019";"00:10";"3";"75";"75110";"2";"1";"1";"6";"BOULEVARD DE STRASBOURG";"48,8732150";"2,3564390"
"201900030077";"4";"9";"2019";"14:40";"1";"75";"75108";"2";"2";"1";"3";"BOULEVARD HAUSSMANN";"48,8748167";"2,3059278"
"201900030078";"4";"9";"2019";"15:45";"1";"75";"75107";"2";"1";"1";"3";"RUE DE GRENELLE";"48,8578840";"2,3158900"
"201900030079";"4";"9";"2019";"01:30";"5";"75";"75104";"2";"3";"1";"6";"RUE DE RIVOLI";"48,8565164";"2,3555924"
"201900030080";"4";"9";"2019";"09:45";"1";"94";"94080";"2";"1";"1";"3";"EGALITE (R DE L)";"48,8480000";"2,4280000"
"201900030081";"2";"9";"2019";"15:20";"1";"94";"94068";"2";"2";"1";"3";"MAHIEU (AV)";"48,8086782";"2,4795797"
"201900030082";"4";"9";"2019";"16:45";"1";"94";"94052";"2";"2";"1";"3";"STRASBOURG (BD DE)";"48,8452000";"2,4891900"
"201900030083";"4";"9";"2019";"07:45";"1";"94";"94058";"2";"2";"1";"3";"GENERAL DE GAULLE (AV DU)";"48,8408337";"2,5064419"
"201900030084";"4";"9";"2019";"11:00";"1";"94";"94028";"2";"1";"1";"3";"avenue de la POMPADOUR";"48,7729800";"2,4343600"
"201900030085";"4";"9";"2019";"15:00";"1";"94";"94054";"2";"1";"1";"3";"ADRIEN RAYNAL (AV)";"48,7447000";"2,4071000"
"201900030086";"3";"9";"2019";"09:20";"1";"94";"94022";"2";"1";"1";"6";"JEAN JAURES (R)";"48,7651449";"2,4078593"
"201900030087";"4";"9";"2019";"18:55";"1";"94";"94017";"2";"1";"1";"3";"STALINGRAD (BD DE)";"48,8174700";"2,5094000"
"201900030088";"4";"9";"2019";"17:45";"1";"93";"93073";"2";"1";"1";"6";"FLANDRE (RUE DE)";"48,9410000";"2,5728000"
"201900030089";"4";"9";"2019";"00:56";"5";"93";"93073";"2";"3";"1";"2";"PETITS PONTS (ROUTE DES)";"48,9654900";"2,5693700"
"201900030090";"4";"9";"2019";"18:30";"1";"93";"93072";"2";"1";"1";"3";"STALINGRAD (AVENUE DE) DES N° 126 A 156";"48,9522600";"2,3889100"
"201900030091";"4";"9";"2019";"08:50";"1";"93";"93072";"2";"1";"1";"6";"FLEURS (RUE DES) JEAN JAURES (RUE)";"48,9696300";"2,3836100"
"201900030092";"4";"9";"2019";"15:25";"1";"93";"93066";"2";"2";"1";"2";"STADE DE FRANCE (AVENUE DU)";"48,9223100";"2,3614200"
"201900030093";"25";"6";"2019";"06:50";"1";"31";"31555";"2";"3";"1";"3";"RTE DE SAINT SIMON";"43,5895000";"1,4142400"
"201900030094";"25";"6";"2019";"23:00";"5";"29";"29019";"2";"1";"1";"7";"SEMARD PIERRE";"48,3950300";" -4,4684300"
"201900030095";"25";"6";"2019";"17:15";"1";"29";"29019";"2";"2";"1";"3";"CHATEAU (DE 1 A 35 ET 2 A 32)";"48,3840862";" -4,4901317"
"201900030096";"25";"6";"2019";"21:00";"1";"25";"25056";"2";"1";"1";"2";"FRANCHE COMTE RUE DE";"47,2220070";"5,9771006"
"201900030097";"23";"6";"2019";"04:00";"5";"13";"13075";"2";"6";"1";"7";"JEAN GIONO (AVE)";"43,3437450";"5,4588020"
"201900030098";"26";"6";"2019";"12:00";"1";"13";"13209";"2";"1";"1";"3";"SORMIOU (CHEMIN DE)";"43,2297330";"5,4012790"
"201900030099";"26";"6";"2019";"12:15";"1";"13";"13209";"2";"1";"1";"3";"ROY D'ESPAGNE (CHEMIN)";"43,2424000";"5,3968000"
"201900030100";"25";"6";"2019";"16:45";"1";"13";"13210";"2";"3";"1";"3";"CAPELETTE (AVENUE DE LA)";"43,2830000";"5,4006700"
"201900030101";"26";"6";"2019";"07:15";"1";"13";"13212";"2";"1";"1";"6";"ALL DE LA GRANDE BASTIDE CAZAULX";"43,2960000";"5,4380000"
"201900030102";"25";"6";"2019";"23:30";"5";"13";"13211";"2";"1";"1";"2";"LOUIS REGIS (RUE)";"43,2889290";"5,4972510"
"201900030103";"24";"6";"2019";"09:20";"1";"12";"12013";"1";"1";"1";"6";"RUFFIES LIEU-DIT";"44,5540200";"2,2406000"
"201900030104";"26";"6";"2019";"17:48";"1";"6";"06088";"2";"1";"1";"6";"MONT-BORON (BD DU) (A PARTIR DU 66-73)";"43,7040208";"7,2967659"
"201900030105";"26";"6";"2019";"07:50";"1";"6";"06104";"2";"1";"1";"1";"SERRET (AVENUE DU)";"43,7655090";"7,4524950"
"201900030106";"26";"6";"2019";"12:30";"1";"6";"06069";"2";"1";"1";"4";"CANNES (ROUTE DE)  -RD 6085-";"43,6262788";"6,9621181"
"201900030107";"26";"6";"2019";"19:24";"1";"6";"06155";"2";"9";"1";"6";"COLLINE CH.DE LA";"43,5653930";"7,0652860"
"201900030108";"25";"6";"2019";"19:10";"1";"4";"04112";"2";"9";"1";"6";"Porte Saunerie";"43,8316600";"5,7840900"
"201900030109";"25";"6";"2019";"18:40";"1";"75";"75112";"2";"1";"7";"4";"BOULEVARD PERIPHERIQUE";"48,8422540";"2,4136320"
"201900030110";"23";"6";"2019";"22:45";"5";"75";"75118";"2";"1";"1";"3";"PORTE DE LA CHAPELLE";"48,9009260";"2,3588670"
"201900030111";"26";"6";"2019";"10:05";"1";"75";"75119";"2";"1";"1";"6";"RUE PETIT";"48,8863270";"2,3924420"
"201900030112";"26";"6";"2019";"18:20";"1";"75";"75118";"2";"4";"1";"6";"RUE DES TROIS FRERES";"48,8856950";"2,3379690"
"201900030113";"25";"6";"2019";"12:25";"1";"75";"75116";"2";"5";"1";"6";"RUE DES BELLES FEUILLES";"48,8678690";"2,2811060"
"201900030114";"26";"6";"2019";"08:40";"1";"75";"75115";"2";"2";"1";"6";"RUE CAMBRONNE";"48,8418170";"2,3032600"
"201900030115";"26";"6";"2019";"19:25";"1";"75";"75113";"2";"4";"1";"6";"BOULEVARD PERIPHERIQUE INTERIEUR SUD";"48,8207600";"2,3765490"
"201900030116";"26";"6";"2019";"08:30";"1";"75";"75112";"2";"1";"7";"6";"BOULEVARD PONIATOWSKI";"48,8323210";"2,3988650"
"201900030117";"25";"6";"2019";"13:55";"1";"75";"75112";"2";"4";"1";"3";"BOULEVARD SOULT";"48,8389180";"2,4084570"
"201900030118";"26";"6";"2019";"12:45";"1";"75";"75111";"2";"1";"2";"1";"BOULEVARD VOLTAIRE";"48,8614040";"2,3740930"
"201900030119";"26";"6";"2019";"08:55";"1";"75";"75111";"2";"1";"1";"2";"RUE RICHARD LENOIR";"48,8542810";"2,3699450"
"201900030120";"26";"6";"2019";"20:10";"1";"75";"75110";"2";"3";"1";"3";"QUAI DE VALMY";"48,8763070";"2,3642170"
"201900030121";"26";"6";"2019";"20:18";"1";"75";"75108";"2";"2";"1";"7";"RUE ROQUEPINE";"48,8734030";"2,3195620"
"201900030122";"26";"6";"2019";"19:40";"1";"75";"75108";"2";"1";"1";"3";"BOULEVARD DE COURCELLES";"48,8782790";"2,2990690"
"201900030123";"25";"6";"2019";"23:30";"5";"75";"75107";"2";"2";"1";"3";"QUAI D ORSAY";"48,8625900";"2,3104280"
"201900030124";"26";"6";"2019";"08:00";"1";"75";"75104";"2";"1";"1";"3";"BOULEVARD BEAUMARCHAIS";"48,8545580";"2,3687950"
"201900030125";"26";"6";"2019";"09:55";"1";"94";"94046";"2";"1";"1";"6";"GENERAL LECLERC (AV DU)";"48,8090145";"2,4345231"
"201900030126";"26";"6";"2019";"14:00";"1";"94";"94076";"2";"9";"1";"6";"MAXIME GORKI (BD)";"48,7910600";"2,3693000"
"201900030127";"25";"6";"2019";"00:54";"1";"94";"94028";"2";"1";"7";"6";"GENERAL LECLERC (AV)";"48,7723000";"2,4402900"
"201900030128";"26";"6";"2019";"20:10";"1";"94";"94022";"2";"1";"1";"6";"CHOISY (QU DE)";"48,7565900";"2,4201300"
"201900030129";"26";"6";"2019";"18:15";"1";"94";"94017";"2";"9";"7";"2";"GENERAL DE GAULLE (AV DU)";"48,8274400";"2,5113800"
"201900030130";"26";"6";"2019";"16:40";"1";"93";"93078";"2";"6";"1";"2";"CLEMENCEAU (AVENUE GEORGES)";"48,9608000";"2,5563000"
"201900030131";"25";"6";"2019";"17:30";"1";"93";"93066";"2";"1";"1";"2";"VAILLANT COUTURIER PAUL (AV) NR 2 A 110";"48,9320060";"2,3648970"
"201900030132";"26";"6";"2019";"14:04";"1";"93";"93064";"2";"2";"1";"6";"KENNEDY (AVENUE DU PRESIDENT)";"48,8798700";"2,4924000"
"201900030133";"25";"6";"2019";"17:00";"1";"93";"93077";"2";"1";"1";"6";"GRANDE RUE";"48,8827800";"2,5144100"
"201900030134";"26";"6";"2019";"16:48";"1";"93";"93053";"2";"4";"1";"3";"ANATOLE FRANCE (RUE)";"48,8862480";"2,4457660"
"201900030135";"26";"6";"2019";"11:05";"1";"93";"93053";"2";"7";"1";"3";"PARIS (RUE DE)";"48,9012618";"2,4564096"
"201900030136";"25";"6";"2019";"17:00";"1";"93";"93051";"2";"2";"1";"2";"SOUCHET (BOULEVARD)";"48,8481000";"2,5393000"
"201900030137";"26";"6";"2019";"17:15";"1";"93";"93048";"2";"9";"1";"3";"PAUL BERT (RUE)";"48,8552769";"2,4186618"
"201900030138";"26";"6";"2019";"16:30";"1";"93";"93008";"2";"1";"1";"3";"BARBUSSE (AVENUE HENRI) A30";"48,9110300";"2,4330400"
"201900030139";"26";"6";"2019";"14:30";"1";"93";"93008";"2";"1";"1";"6";"CHEMIN VERT (RUE DU)";"48,9047600";"2,4468100"
"201900030140";"26";"6";"2019";"16:10";"1";"93";"93005";"2";"1";"1";"6";"JULES PRINCET [CD115] (RUE)";"48,9369300";"2,4980190"
"201900030141";"25";"6";"2019";"13:20";"1";"92";"92050";"2";"1";"1";"7";"CHATOU ROUTE DE";"48,8920600";"2,1821200"
"201900030142";"26";"6";"2019";"03:25";"5";"92";"92036";"2";"3";"1";"7";"CHEMIN DES RENIERS (AVENUE DU)";"48,9343000";"2,3200400"
"201900030143";"7";"6";"2019";"18:15";"1";"63";"63302";"1";"1";"1";"7";"RD 120";"45,7028830";"3,1485990"
"201900030144";"27";"6";"2019";"13:00";"1";"1";"01383";"1";"1";"1";"6";"RD17";"46,1080240";"5,1131610"
"201900030145";"25";"6";"2019";"18:00";"1";"38";"38238";"2";"1";"1";"6";"Route Départementale 38";"45,5111860";"5,0160900"
"201900030146";"27";"6";"2019";"09:00";"1";"80";"80637";"1";"1";"1";"6";"A16 - PK 177+400";"50,1511940";"1,7476670"
"201900030147";"26";"6";"2019";"09:37";"1";"67";"67507";"2";"3";"1";"6";"rue de la Libération";"48,3442480";"7,3049820"
"201900030148";"26";"6";"2019";"16:05";"1";"972";"97221";"2";"9";"1";"1";"avenue des écoles";"14,5255380";" -60,9752930"
"201900030149";"27";"6";"2019";"04:50";"2";"63";"63035";"1";"1";"1";"1";"Les Bercias";"45,9618306";"3,1051075"
"201900030150";"26";"6";"2019";"08:40";"1";"1";"01030";"2";"3";"1";"1";"impasse de la sablière";"46,0021610";"4,7533740"
"201900030151";"26";"6";"2019";"17:30";"1";"1";"01399";"2";"1";"1";"1";"Route Blanche";"46,2983730";"6,0721280"
"201900030152";"27";"6";"2019";"16:45";"1";"69";"69283";"2";"1";"1";"3";"Rue du 23 Août 1944";"45,6715740";"4,9498550"
"201900030153";"26";"6";"2019";"16:50";"1";"38";"38373";"2";"9";"1";"1";"Route de Chartreuse";"45,3600000";"5,5568430"
"201900030154";"27";"6";"2019";"14:20";"1";"72";"72124";"2";"1";"1";"5";"Route de Tours";"47,8253260";"0,2854290"
"201900030155";"27";"6";"2019";"06:30";"2";"34";"34076";"1";"1";"1";"1";"A750 PK 37+825";"43,6557580";"3,4535570"
"201900030156";"26";"6";"2019";"18:20";"1";"57";"57155";"2";"1";"7";"3";"Avenue d'Urville";"49,1089090";"6,3810020"
"201900030157";"20";"6";"2019";"12:10";"1";"19";"19102";"1";"1";"1";"1";"Lieu-dit LA FORET";"45,3725730";"2,1699340"
"201900030158";"27";"6";"2019";"14:59";"1";"71";"71404";"1";"1";"7";"6";"RN 80";"46,7568670";"4,7109670"
"201900030159";"27";"6";"2019";"07:20";"1";"61";"61145";"2";"3";"7";"3";"Rue Robert Massoul (Domfront)";"48,5872254";" -0,6280341"
"201900030160";"27";"6";"2019";"19:45";"2";"42";"42107";"1";"3";"1";"3";"D102";"45,5330480";"3,9950420"
"201900030161";"27";"6";"2019";"04:20";"3";"41";"41046";"1";"1";"1";"6";"la motte";"47,6161780";"1,8907690"
"201900030162";"26";"6";"2019";"17:45";"1";"41";"41051";"1";"3";"7";"3";"Route d'Amboise";"47,3560330";"1,1400600"
"201900030163";"26";"6";"2019";"16:45";"1";"31";"31451";"2";"2";"1";"3";"Chemin de Lourmette";"43,4600800";"2,0112870"
"201900030164";"27";"6";"2019";"17:55";"1";"38";"38387";"2";"9";"1";"3";"830 Route de Saint-Marcellin";"45,3206430";"5,3394470"
"201900030165";"27";"6";"2019";"13:40";"1";"38";"38543";"1";"1";"1";"6";"Route de la Chartreuse";"45,6606520";"5,4783400"
"201900030166";"27";"6";"2019";"17:42";"1";"2";"02639";"1";"1";"1";"2";"CD1";"49,7206740";"3,2758870"
"201900030167";"27";"6";"2019";"00:40";"4";"1";"01412";"2";"4";"1";"6";"Route de Châtillon";"46,1744610";"4,9637840"
"201900030168";"25";"6";"2019";"07:42";"1";"72";"72156";"1";"1";"1";"4";"Le Petit Bois";"48,1294980";"0,7004660"
"201900030169";"26";"6";"2019";"20:15";"1";"14";"14371";"1";"1";"1";"6";"D579";"49,0347880";"0,1543550"
"201900030170";"26";"6";"2019";"17:30";"1";"5";"05124";"1";"1";"1";"7";"D14";"44,6045520";"6,1421670"
"201900030171";"27";"6";"2019";"18:15";"1";"50";"50417";"1";"1";"1";"1";"Route de la Pernelle";"49,6051160";" -1,3031710"
"201900030172";"27";"6";"2019";"13:30";"1";"64";"64511";"1";"9";"1";"6";"17 Route de Bordeaux";"43,3998343";" -0,3708899"
"201900030173";"27";"6";"2019";"17:25";"1";"7";"07258";"1";"1";"1";"7";"D121";"45,1515360";"4,4689580"
"201900030174";"25";"6";"2019";"18:25";"1";"27";"27026";"1";"2";"1";"2";"Route départementale 6014";"49,2304850";"1,6220540"
"201900030175";"27";"6";"2019";"07:00";"1";"28";"28151";"1";"1";"1";"6";"route départementale 939, lieu-dit BEAUVILLIERS";"48,7008250";"1,0303360"
"201900030176";"27";"6";"2019";"11:42";"1";"30";"30088";"1";"1";"1";"1";"D999";"43,8614480";"4,1433690"
"201900030177";"27";"6";"2019";"16:40";"1";"13";"13051";"1";"2";"1";"2";"D15";"43,6134850";"5,1386960"
"201900030178";"27";"6";"2019";"12:00";"1";"69";"69244";"2";"1";"1";"4";"Route de Paris";"45,7687060";"4,7588520"
"201900030179";"22";"5";"2019";"14:16";"1";"69";"69211";"1";"1";"1";"5";"805 Route Henri Fessy";"46,1167600";"4,7011900"
"201900030180";"26";"6";"2019";"10:18";"1";"69";"69043";"1";"2";"1";"3";"RD 342";"45,7045160";"4,7677990"
"201900030181";"27";"6";"2019";"00:50";"3";"60";"60538";"1";"1";"1";"2";"Autoroute A1 sens LILLE / PARIS";"49,5642955";"2,7371199"
"201900030182";"16";"6";"2019";"03:15";"3";"13";"13049";"1";"1";"1";"2";"Autoroute A7, PK 225+300,sens nord/sud";"43,6957770";"5,0977700"
"201900030183";"26";"6";"2019";"20:45";"3";"977";"97701";"2";"1";"1";"7";"D209, Lorient";"17,9063470";" -62,8206250"
"201900030184";"25";"6";"2019";"13:57";"1";"30";"30079";"1";"1";"1";"6";"Palanquis";"44,3034110";"4,0138780"
"201900030185";"27";"6";"2019";"13:30";"1";"34";"34327";"2";"3";"1";"6";"avenue de la gare";"43,6589347";"3,9672401"
"201900030186";"26";"6";"2019";"15:40";"1";"34";"34058";"2";"3";"1";"2";"Avenue de la Promenade";"43,6774709";"3,9852489"
"201900030187";"22";"6";"2019";"16:00";"1";"84";"84034";"2";"3";"1";"3";"Avenue du général De Gaulle";"43,8940840";"4,9434310"
"201900030188";"27";"6";"2019";"12:35";"1";"5";"05053";"1";"1";"1";"1";"CD1075";"44,3541863";"5,7651132"
"201900030189";"27";"6";"2019";"02:46";"3";"89";"89055";"1";"1";"1";"6";"départementale 943";"47,9962460";"3,6373210"
"201900030190";"26";"6";"2019";"15:00";"1";"88";"88513";"2";"1";"7";"6";"rd 157 vincey";"48,3363300";"6,3286410"
"201900030191";"27";"6";"2019";"02:50";"3";"38";"38374";"1";"1";"1";"7";"Route des Vignes";"45,6531700";"5,3547400"
"201900030192";"27";"6";"2019";"17:35";"1";"69";"69159";"1";"2";"1";"3";"Route de Bois Franc (Liergues)";"45,9783260";"4,6561550"
"201900030193";"27";"6";"2019";"07:00";"1";"16";"16232";"1";"1";"1";"6";"Ld Les Groies";"45,6799230";"0,2708910"
"201900030194";"26";"6";"2019";"18:20";"1";"33";"33413";"1";"3";"1";"3";"route du trompat";"44,8641600";" -0,3105200"
"201900030195";"26";"6";"2019";"16:40";"1";"85";"85222";"2";"9";"7";"3";"Quai Gorin";"46,6983300";" -1,9378500"
"201900030196";"26";"6";"2019";"19:50";"1";"80";"80721";"1";"1";"1";"6";"RD 940";"50,1753150";"1,6861050"
"201900030197";"26";"6";"2019";"16:15";"1";"62";"62793";"1";"3";"7";"1";"carrefour du CD65 et CD57";"50,4192350";"2,6242150"
"201900030198";"26";"6";"2019";"09:15";"1";"13";"13071";"1";"1";"1";"2";"A7-Sens Marseille vers Lyon";"43,4037000";"5,3061000"
"201900030199";"26";"6";"2019";"12:00";"1";"91";"91589";"1";"1";"1";"4";"AUTOROUTE A6";"48,6798000";"2,3329000"
"201900030200";"26";"6";"2019";"10:00";"1";"91";"91692";"1";"1";"1";"2";"AUTOROUTE A10";"48,6768000";"2,2063000"
"201900030201";"25";"6";"2019";"19:20";"1";"91";"91589";"1";"1";"1";"5";"AUTOROUTE A6";"48,6750400";"2,3416700"
"201900030202";"25";"6";"2019";"20:00";"1";"93";"93064";"1";"1";"1";"2";"AUTOROUTE A86";"48,8759300";"2,4781900"
"201900030203";"25";"6";"2019";"14:30";"1";"95";"95682";"1";"1";"1";"6";"RN 104";"49,0669400";"2,3770300"
"201900030204";"25";"6";"2019";"10:30";"1";"93";"93064";"1";"1";"1";"5";"AUTOROUTE A86";"48,8808100";"2,4752600"
"201900030205";"25";"6";"2019";"09:10";"1";"93";"93066";"1";"1";"1";"2";"AUTOROUTE A1";"48,9189800";"2,3572800"
"201900030206";"25";"6";"2019";"07:20";"1";"93";"93078";"1";"1";"1";"4";"AUTOROUTE A104";"48,9701800";"2,5022800"
"201900030207";"25";"6";"2019";"04:50";"2";"93";"93027";"1";"1";"1";"6";"AUTOROUTE A86";"48,9273400";"2,4069400"
"201900030208";"26";"6";"2019";"17:10";"1";"77";"77294";"1";"1";"1";"6";"A104";"48,9708290";"2,5719769"
"201900030209";"26";"6";"2019";"16:30";"1";"77";"77296";"1";"1";"1";"6";"A5b";"48,6074900";"2,5830000"
"201900030210";"26";"6";"2019";"11:10";"1";"94";"94028";"1";"1";"1";"2";"A86 INT";"48,7805071";"2,4413936"
"201900030211";"26";"6";"2019";"09:50";"1";"94";"94018";"1";"1";"1";"5";"A4";"48,8225894";"2,3966164"
"201900030212";"24";"6";"2019";"15:40";"1";"77";"77122";"1";"1";"1";"2";"RN104";"48,6457200";"2,5537154"
"201900030213";"24";"6";"2019";"22:08";"5";"45";"45147";"2";"2";"1";"3";"R DU FG BANNIER - R DE JOIE";"47,9211310";"1,8979556"
"201900030214";"25";"5";"2019";"16:30";"1";"13";"13117";"2";"1";"1";"6";"BACHELIER (RUE DU LEOPOLD BERENGER)";"43,4242650";"5,2701510"
"201900030215";"24";"6";"2019";"21:42";"5";"13";"13204";"2";"7";"1";"3";"PROVENCE (RUE DE)";"43,3017600";"5,3978500"
"201900030216";"24";"6";"2019";"21:40";"1";"93";"93055";"2";"1";"1";"2";"JEAN LOLIVE (AVENUE)(107/135 ET 108/132)";"48,8925300";"2,4104600"
"201900030217";"22";"2";"2019";"19:15";"5";"4";"04205";"1";"1";"1";"3";"RD 900";"44,3046653";"6,4025581"
"201900030218";"25";"6";"2019";"18:30";"2";"976";"97611";"2";"1";"1";"3";"passamanty-Vahibé ( route )";" -12,7997700";"45,2033300"
"201900030219";"25";"6";"2019";"13:20";"1";"69";"69383";"2";"2";"1";"3";"MARECHAL DE SAXE                    (AV)";"45,7550000";"4,8468000"
"201900030220";"25";"6";"2019";"01:05";"5";"69";"69259";"2";"3";"1";"3";"JULES GUESDE                        (AV)";"45,7154800";"4,8880500"
"201900030221";"25";"6";"2019";"06:20";"1";"972";"97213";"2";"1";"1";"1";"ROUTE DEPARTEMENTALE 14";"14,6224560";" -61,0189820"
"201900030222";"24";"6";"2019";"08:40";"1";"69";"69081";"2";"1";"1";"2";"VERNIQUE (DE LA )              CH";"45,7711000";"4,7837000"
"201900030223";"24";"6";"2019";"09:50";"1";"69";"69382";"2";"2";"1";"6";"AUVERGNE (D')                       (R )";"45,7539200";"4,8290600"
"201900030224";"24";"6";"2019";"11:00";"1";"2A";"2A004";"2";"4";"1";"6";"PAOLI DOMINIQUE  BD";"41,9305622";"8,7373340"
"201900030225";"25";"6";"2019";"08:35";"1";"91";"91312";"2";"1";"1";"7";"KENNEDY (AVENUE DU PRESIDENT)";"48,7381300";"2,2298100"
"201900030226";"25";"6";"2019";"09:10";"1";"91";"91201";"2";"6";"1";"2";"GENERAL DE GAULLE(BOULEVARD)";"48,6883300";"2,3909600"
"201900030227";"25";"6";"2019";"16:05";"1";"91";"91479";"1";"9";"1";"2";"FONTAINEBLEAU (ROUTE DE)";"48,7409920";"2,3635310"
"201900030228";"25";"6";"2019";"18:25";"1";"86";"86158";"2";"1";"1";"2";"RD 910";"46,6238500";"0,3534600"
"201900030229";"24";"6";"2019";"11:00";"1";"86";"86194";"2";"1";"1";"3";"NELSON MANDELA (RUE)";"46,5880000";"0,3720200"
"201900030230";"22";"6";"2019";"01:55";"3";"86";"86158";"1";"1";"1";"5";"RN.149";"46,3800000";"0,1721000"
"201900030231";"21";"6";"2019";"08:20";"1";"84";"84007";"2";"1";"1";"6";"RUE DES REVEUSES MFT";"43,9253000";"4,8750400"
"201900030232";"25";"6";"2019";"17:30";"1";"83";"83137";"2";"1";"1";"5";"HERRIOT (AVE EDOUARD)";"43,1291800";"5,9007300"
"201900030233";"24";"6";"2019";"11:20";"1";"83";"83126";"2";"1";"1";"2";"DE LATTRE DE TASSIGNY (RD POINT JEAN)";"43,1076400";"5,8629100"
"201900030234";"25";"6";"2019";"14:05";"1";"82";"82033";"1";"1";"1";"6";"LAFRANCAISE D45 (ROUTE DE) ";"44,0631600";"1,1450900"
"201900030235";"24";"6";"2019";"11:30";"1";"80";"80021";"2";"1";"1";"6";"154, R DELPECH";"49,8810600";"2,2930400"
"201900030236";"24";"6";"2019";"23:50";"5";"78";"78322";"2";"1";"1";"6";"n° 60 ANATOLE FRANCE (RUE)";"48,7585700";"2,1840600"
"201900030237";"24";"6";"2019";"19:52";"1";"78";"78220";"1";"1";"1";"5";"RD 191";"48,7179000";"1,8493000"
"201900030238";"25";"6";"2019";"09:10";"1";"78";"78440";"2";"3";"1";"3";"MARECHAL FOCH (AVENUE DU)";"48,9921860";"1,9026360"
"201900030239";"24";"6";"2019";"18:20";"1";"77";"77210";"1";"3";"1";"3";"D606 X D28A";"48,3612900";"2,8885700"
"201900030240";"24";"6";"2019";"17:39";"1";"77";"77251";"2";"6";"1";"7";"D50 X BD ESPAGNE";"48,6426274";"2,5493005"
"201900030241";"23";"6";"2019";"14:20";"1";"76";"76540";"2";"2";"1";"3";"MARNE. BOULEVARD DE LA";"49,4469300";"1,0925700"
"201900030242";"24";"6";"2019";"14:14";"1";"74";"74094";"2";"6";"1";"3";"THONON (ROUTE DE)";"46,2030000";"6,2820000"
"201900030243";"22";"6";"2019";"12:50";"1";"73";"73087";"2";"3";"1";"6";"D47 DIGUE (RUE DE LA)";"45,5625613";"5,8997793"
"201900030244";"21";"6";"2019";"09:40";"1";"73";"73065";"1";"3";"1";"1";"D912 ROUSSEAU JEAN JACQUES (RUE)";"45,5607640";"5,9308855"
"201900030245";"24";"6";"2019";"19:30";"1";"67";"67043";"2";"1";"1";"6";"OFFICIERS (RUE DES)";"48,6129570";"7,7539320"
"201900030246";"24";"6";"2019";"21:30";"2";"67";"67482";"2";"1";"1";"7";"SCHIRMECK (ROUTE DE)";"48,5743240";"7,7277310"
"201900030247";"24";"6";"2019";"08:50";"1";"67";"67482";"2";"1";"1";"4";"DOUBS (RUE DU)";"48,5683050";"7,7351900"
"201900030248";"21";"6";"2019";"22:10";"5";"67";"67482";"2";"1";"1";"6";"GENERAL KOENIG (QUAI DU)";"48,5752450";"7,7583060"
"201900030249";"18";"6";"2019";"16:30";"1";"67";"67180";"2";"1";"1";"6";"STRASBOURG (ROUTE DE)";"48,8087100";"7,7788000"
"201900030250";"24";"6";"2019";"17:25";"1";"65";"65440";"2";"6";"1";"2";"SAINT FRAI (ROND POINT)";"43,2288430";"0,0883780"
"201900030251";"25";"6";"2019";"16:00";"1";"64";"64260";"2";"1";"1";"4";"EMPEREUR (BOULEVARD DE )";"43,3610632";" -1,7623664"
"201900030252";"21";"6";"2019";"17:15";"1";"63";"63164";"2";"6";"1";"3";"PONT/Bonnet-tixier";"45,8251949";"3,1414846"
"201900030253";"25";"6";"2019";"08:44";"1";"63";"63113";"2";"1";"1";"6";"LAFAYETTE (BD)";"45,7689000";"3,1045500"
"201900030254";"21";"6";"2019";"23:15";"5";"63";"63113";"2";"1";"1";"6";"VERCINGETORIX (AVENUE)";"45,7709100";"3,0870400"
"201900030255";"24";"6";"2019";"11:40";"1";"62";"62178";"2";"2";"1";"3";"SALENGRO ( ROGER )";"50,4750700";"2,5441400"
"201900030256";"25";"6";"2019";"12:00";"1";"59";"59421";"2";"9";"7";"3";"MARNE (BOULEVARD DE LA)";"50,6941100";"3,1329500"
"201900030257";"25";"6";"2019";"13:40";"1";"59";"59286";"1";"9";"7";"3";"LOSTES RUE DES";"50,6032400";"2,9998600"
"201900030258";"22";"6";"2019";"20:50";"2";"59";"59172";"2";"1";"1";"1";"D1040";"50,3278900";"3,3659500"
"201900030259";"24";"6";"2019";"17:40";"1";"58";"58194";"2";"1";"1";"3";"MOLIERE";"47,0050700";"3,1509000"
"201900030260";"21";"6";"2019";"20:35";"1";"54";"54395";"2";"2";"1";"7";"LOBAU (BOULEVARD)";"48,6894600";"6,1937200"
"201900030261";"25";"6";"2019";"11:00";"1";"51";"51454";"2";"1";"1";"2";"RUE DE VENISE";"49,2481700";"4,0351500"
"201900030262";"11";"4";"2019";"11:10";"1";"75";"75115";"2";"2";"1";"3";"RUE DUTOT";"48,8382400";"2,3083550"
"201900030263";"13";"4";"2019";"20:40";"5";"75";"75114";"2";"2";"1";"2";"AVENUE GEORGES LAFENESTRE";"48,8251110";"2,3111850"