"Num_Acc";"jour";"mois";"an";"hrmn";"lum";"dep";"com";"agg";"int";"atm";"col";"adr";"lat";"long"
"201900030264";"12";"4";"2019";"20:20";"2";"75";"75114";"2";"7";"1";"3";"PLACE DE CATALOGNE";"48,8374160";"2,3185810"
"201900030265";"13";"4";"2019";"15:30";"1";"75";"75113";"2";"2";"1";"6";"BOULEVARD VINCENT AURIOL";"48,8330150";"2,3618320"
"201900030266";"12";"4";"2019";"13:50";"1";"75";"75113";"2";"1";"1";"3";"BOULEVARD DU GENERAL JEAN SIMON";"48,8262260";"2,3834130"
"201900030267";"10";"4";"2019";"13:10";"1";"75";"75113";"2";"4";"1";"6";"RUE DE TOLBIAC";"48,8261660";"2,3599940"
"201900030268";"12";"4";"2019";"09:22";"1";"75";"75112";"2";"2";"1";"2";"BOULEVARD DIDEROT";"48,8476090";"2,3890640"
"201900030269";"11";"4";"2019";"16:00";"1";"75";"75112";"2";"1";"1";"6";"BOULEVARD DIDEROT";"48,8466470";"2,3807440"
"201900030270";"11";"4";"2019";"13:55";"1";"75";"75112";"2";"1";"1";"6";"ROUTE DE LA PYRAMIDE";"48,8301760";"2,4504030"
"201900030271";"10";"4";"2019";"16:40";"1";"75";"75112";"2";"1";"1";"4";"SOUTERRAIN QUAI DE BERCY";"48,8304540";"2,3862170"
"201900030272";"12";"4";"2019";"10:35";"1";"75";"75111";"2";"1";"1";"6";"RUE SAINT SEBASTIEN";"48,8611140";"2,3691210"
"201900030273";"11";"4";"2019";"19:25";"1";"75";"75111";"2";"2";"1";"6";"AVENUE DE LA REPUBLIQUE";"48,8640110";"2,3812000"
"201900030274";"11";"4";"2019";"09:00";"1";"75";"75111";"2";"3";"1";"3";"BOULEVARD VOLTAIRE";"48,8553090";"2,3842950"
"201900030275";"10";"4";"2019";"23:00";"5";"75";"75111";"2";"2";"1";"3";"RUE CHANZY";"48,8525200";"2,3832460"
"201900030276";"13";"4";"2019";"09:19";"1";"75";"75110";"2";"2";"1";"3";"QUAI DE VALMY";"48,8729030";"2,3637390"
"201900030277";"11";"4";"2019";"21:30";"5";"75";"75110";"2";"1";"1";"3";"BOULEVARD SAINT DENIS";"48,8694450";"2,3537240"
"201900030278";"13";"4";"2019";"14:55";"1";"75";"75109";"2";"5";"1";"6";"RUE AUBER";"48,8730530";"2,3283040"
"201900030279";"12";"4";"2019";"21:00";"5";"75";"75108";"2";"2";"1";"2";"AVENUE DE FRIEDLAND";"48,8739770";"2,2972900"
"201900030280";"12";"4";"2019";"13:50";"1";"75";"75108";"2";"1";"1";"3";"RUE DE COURCELLES";"48,8766960";"2,3075030"
"201900030281";"12";"4";"2019";"09:10";"1";"75";"75108";"2";"7";"1";"3";"PLACE CHARLES DE GAULLE";"48,8733040";"2,2955500"
"201900030282";"11";"4";"2019";"16:50";"1";"75";"75108";"2";"2";"1";"6";"AVENUE GEORGE V";"48,8719270";"2,3008400"
"201900030283";"12";"4";"2019";"11:45";"1";"75";"75107";"2";"7";"1";"7";"BOULEVARD DES INVALIDES";"48,8507280";"2,3146850"
"201900030284";"12";"4";"2019";"08:20";"1";"75";"75104";"2";"1";"1";"6";"RUE SAINT ANTOINE";"48,8549510";"2,3619670"
"201900030285";"11";"4";"2019";"08:50";"1";"75";"75103";"2";"7";"1";"3";"PLACE DE LA REPUBLIQUE";"48,8673430";"2,3633780"
"201900030286";"10";"4";"2019";"23:55";"5";"75";"75103";"2";"7";"1";"1";"BOULEVARD SAINT MARTIN";"48,8679520";"2,3623850"
"201900030287";"12";"4";"2019";"14:50";"1";"75";"75101";"2";"7";"1";"1";"RUE DE L AMIRAL DE COLIGNY";"48,8603900";"2,3405810"
"201900030288";"12";"4";"2019";"20:45";"5";"94";"94081";"2";"2";"1";"3";"GUY MOQUET (AV)";"48,7894200";"2,3974600"
"201900030289";"11";"4";"2019";"11:00";"1";"94";"94081";"2";"1";"1";"2";"BRETELLE A86";"48,7744600";"2,4050700"
"201900030290";"13";"4";"2019";"15:10";"1";"94";"94046";"2";"1";"1";"7";"JEAN JAURES (R)";"48,7945000";"2,4342400"
"201900030291";"12";"4";"2019";"17:30";"1";"94";"94043";"2";"1";"8";"3";"FONTAINEBLEAU (AV DE)";"48,8112600";"2,3616400"
"201900030292";"12";"4";"2019";"14:20";"1";"94";"94003";"2";"1";"1";"6";"PRESIDENT SALVADOR ALLENDE (AV DU)";"48,8103700";"2,3290700"
"201900030293";"12";"4";"2019";"16:15";"1";"94";"94041";"2";"3";"1";"3";"MAURICE THOREZ (AV)";"48,8131200";"2,3805800"
"201900030294";"11";"4";"2019";"06:50";"1";"94";"94041";"2";"4";"1";"6";"PAUL VAILLANT COUTURIER (BD)";"48,8199500";"2,3970100"
"201900030295";"13";"4";"2019";"15:00";"1";"94";"94073";"2";"2";"1";"3";"VERSAILLES (AV DE)";"48,7582800";"2,3929300"
"201900030296";"13";"4";"2019";"10:34";"1";"94";"94038";"2";"1";"1";"6";"JULES FERRY (R)";"48,7700000";"2,3500000"
"201900030297";"12";"4";"2019";"12:30";"1";"94";"94021";"2";"1";"1";"6";"GEORGES GUYNEMER (AV)";"48,7600000";"2,3400000"
"201900030298";"12";"4";"2019";"10:50";"1";"94";"94034";"2";"1";"1";"6";"MAURICE TENINE (R)";"48,7553050";"2,3248900"
"201900030299";"11";"4";"2019";"13:30";"1";"94";"94073";"2";"1";"1";"2";"FONTAINEBLEAU (AV DE)";"48,7500000";"2,3700000"
"201900030300";"11";"4";"2019";"07:50";"1";"94";"94033";"2";"1";"1";"6";"RIEUX (R DES)";"48,8596000";"2,4678000"
"201900030301";"13";"4";"2019";"11:35";"1";"94";"94028";"2";"1";"1";"3";"TASSIGNY(AVE DU MARECHAL DE LATTRE DE)";"48,7994060";"2,4531140"
"201900030302";"11";"4";"2019";"18:00";"1";"94";"94028";"2";"1";"1";"3";"BROSSOLETTE(AVENUE PIERRE)";"48,7891900";"2,4655700"
"201900030303";"11";"4";"2019";"18:15";"1";"94";"94011";"2";"6";"1";"3";"GAULLE(CARREFOUR CHARLES DE)";"48,7686200";"2,4879100"
"201900030304";"12";"4";"2019";"13:25";"1";"94";"94059";"2";"1";"1";"3";"MAURICE BERTEAUX (AV)";"48,8158800";"2,5623600"
"201900030305";"12";"4";"2019";"15:30";"1";"94";"94069";"2";"1";"1";"3";"REPUBLIQUE (QU DE LA)";"48,8177740";"2,4220800"
"201900030306";"12";"4";"2019";"10:30";"1";"94";"94017";"2";"3";"1";"6";"MARX DORMOY (AV)";"48,8063300";"2,5279700"
"201900030307";"12";"4";"2019";"08:35";"1";"94";"94017";"2";"6";"1";"6";"François Mittérrand (avenue)";"48,8160200";"2,5125100"
"201900030308";"10";"4";"2019";"12:40";"1";"94";"94017";"2";"1";"1";"6";"STALINGRAD (BD DE)";"48,8196700";"2,5012900"
"201900030309";"12";"4";"2019";"16:05";"1";"93";"93073";"2";"9";"1";"3";"CHAPIT RE ( RUE DU)";"49,0084400";"2,5615600"
"201900030310";"11";"4";"2019";"18:00";"1";"93";"93059";"2";"1";"1";"6";"LENINE (AVENUE) N°2A34 ET 1A43";"48,9629800";"2,3596400"
"201900030311";"13";"4";"2019";"19:15";"1";"93";"93071";"2";"1";"1";"7";"GASTON BUSSIERE (PLACE)";"48,9373610";"2,5297965"
"201900030312";"11";"4";"2019";"11:45";"1";"93";"93070";"2";"2";"1";"6";"ROSIERS(DES) : APRES 61";"48,9014400";"2,3438900"
"201900030313";"12";"4";"2019";"15:00";"1";"93";"93066";"2";"1";"1";"3";"GENERAL DE GAULLE";"48,9272200";"2,3614300"
"201900030314";"11";"4";"2019";"11:15";"1";"93";"93066";"2";"2";"1";"3";"WILSON (AVENUE DU PRESIDENT)";"48,9154600";"2,3577900"
"201900030315";"13";"4";"2019";"17:04";"1";"93";"93064";"2";"1";"1";"6";"HUGO (RUE VICTOR)";"48,8624900";"2,4927900"
"201900030316";"11";"4";"2019";"20:20";"1";"93";"93051";"2";"1";"1";"6";"ROGER CAILTEUX";"48,8268100";"2,5732600"
"201900030317";"11";"4";"2019";"12:20";"1";"93";"93046";"2";"2";"1";"3";"WINSTON CHURCHILL AVENUE";"48,9127000";"2,5398600"
"201900030318";"13";"4";"2019";"12:15";"1";"93";"93006";"2";"9";"1";"6";"REPUBLIQUE AVENUE DE LA";"48,8629200";"2,4150300"
"201900030319";"11";"4";"2019";"08:50";"1";"93";"93063";"2";"1";"1";"6";"CITE MARCEL CACHIN";"48,8816000";"2,4341600"
"201900030320";"11";"4";"2019";"20:26";"1";"93";"93029";"2";"3";"1";"3";"JEAN JAURES (AVENUE)";"48,9146500";"2,4611800"
"201900030321";"10";"4";"2019";"16:50";"1";"93";"93029";"2";"1";"1";"2";"HENRI BARBUSSE (AVE) N°126-280";"48,9207400";"2,4530200"
"201900030322";"11";"4";"2019";"00:20";"5";"93";"93027";"2";"3";"1";"3";"VAILLANT-COUTURIER (AVENUE PAUL)";"48,9296100";"2,4203300"
"201900030323";"11";"4";"2019";"08:05";"1";"93";"93047";"2";"2";"1";"3";"BEGONIAS (AVENUE DES)";"48,8931590";"2,5525080"
"201900030324";"13";"4";"2019";"14:10";"1";"93";"93010";"2";"9";"1";"6";"VILLEMOMBLE (RTE DE) DE 2 A 20";"48,8937800";"2,4787400"
"201900030325";"13";"4";"2019";"08:55";"1";"93";"93010";"2";"1";"1";"6";"BARBUSSE (AV. HENRI) DE 126 A FIN COTE P";"48,8998600";"2,4927800"
"201900030326";"12";"4";"2019";"16:20";"1";"93";"93010";"2";"1";"1";"2";"BLANQUI (R. LOUIS-AUGUSTE) DE 2 A 30 COT";"48,8990000";"2,4810000"
"201900030327";"11";"4";"2019";"18:45";"1";"93";"93005";"2";"3";"1";"3";"JACQUES DUCLOS [CD44] (RUE)";"48,9462100";"2,4934200"
"201900030328";"11";"4";"2019";"07:40";"2";"93";"93001";"2";"3";"1";"3";"VICTOR HUGO (AVE)  => 120";"48,9062500";"2,3753300"
"201900030329";"10";"4";"2019";"14:50";"1";"93";"93001";"2";"4";"8";"3";"VILLEBOIS-MAREUIL (RUE) (IMPAIR)";"48,9122600";"2,3747500"
"201900030330";"10";"2";"2019";"18:30";"5";"93";"93001";"2";"1";"2";"3";"REPUBLIQUE (AVE DE LA ) 43/106 =>";"48,9108000";"2,3850000"
"201900030331";"12";"4";"2019";"18:47";"1";"92";"92046";"2";"3";"1";"3";"JULES GUESDE (RUE)";"48,8119330";"2,2811490"
"201900030332";"11";"4";"2019";"07:30";"1";"92";"92051";"2";"2";"1";"3";"BINEAU (BOULEVARD, N°133 A 217 ET 134 A";"48,8887900";"2,2738400"
"201900030333";"13";"4";"2019";"14:10";"1";"92";"92050";"2";"9";"1";"6";"GLYCINES RESIDENCE DES";"48,9097400";"2,2234610"
"201900030334";"12";"4";"2019";"17:28";"1";"92";"92050";"2";"1";"1";"2";"JOLIOT CURIE F. ET IRENE AVENUE  N°PAIRS";"48,8905229";"2,2064254"
"201900030335";"12";"4";"2019";"14:25";"1";"92";"92050";"2";"2";"1";"3";"PICASSO PABLO AVENUE/ JOLIOT CURIE AVENUE ";"48,8937323";"2,2121158"
"201900030336";"12";"4";"2019";"06:00";"2";"92";"92050";"2";"1";"1";"4";"PREMIER MAI RUE DU";"48,9145097";"2,2191588"
"201900030337";"10";"4";"2019";"18:55";"1";"92";"92050";"2";"1";"1";"3";"PICASSO PABLO AVENUE";"48,8913200";"2,2151600"
"201900030338";"10";"4";"2019";"08:20";"1";"92";"92050";"2";"1";"2";"6";"HAUTES PATURES RUE DES";"48,9150000";"2,2176000"
"201900030339";"11";"4";"2019";"13:05";"1";"92";"92048";"2";"2";"1";"3";"MARAIS (RUE DES)";"48,8107328";"2,2498835"
"201900030340";"12";"4";"2019";"16:07";"1";"92";"92044";"2";"2";"1";"6";"VIC. HUGO(RUE)069A075 ET 080A088";"48,8959318";"2,2964994"
"201900030341";"12";"4";"2019";"08:50";"1";"92";"92044";"2";"2";"1";"3";"BAUDIN (RUE) 27A83 ET 36 A84";"48,8969601";"2,2819333"
"201900030342";"12";"4";"2019";"19:57";"1";"92";"92035";"2";"9";"1";"6";"Liberté ( place de )";"48,9099290";"2,2469720"
"201900030343";"11";"4";"2019";"13:30";"1";"92";"92025";"2";"1";"1";"3";"VOIES DU BOIS (RUE DES)";"48,9162390";"2,2475970"
"201900030344";"11";"4";"2019";"10:15";"1";"92";"92025";"2";"1";"1";"3";"GENERAL LECLERC (PLACE)";"48,9238639";"2,2601945"
"201900030345";"12";"4";"2019";"03:25";"5";"92";"92024";"2";"9";"1";"6";"FRANCOIS MITERRAND (PLACE)";"48,9033600";"2,3129700"
"201900030346";"11";"4";"2019";"10:25";"1";"92";"92024";"2";"1";"1";"3";"PIERRE BEREGOVOY (RUE)";"48,9017200";"2,2948900"
"201900030347";"13";"4";"2019";"14:45";"1";"92";"92012";"2";"7";"1";"6";"MARCEL SEMBAT (PLACE)";"48,8335641";"2,2434454"
"201900030348";"18";"5";"2019";"14:50";"1";"92";"92012";"2";"1";"1";"6";"ANATOLE FRANCE (BOULEVARD) 1/4BIS";"48,8508000";"2,2354400"
"201900030349";"12";"4";"2019";"19:45";"1";"92";"92012";"2";"2";"1";"1";"PIERRE GRENIER (AVENUE)";"48,8320969";"2,2530779"
"201900030350";"30";"3";"2019";"11:10";"1";"92";"92007";"2";"1";"1";"3";"JAURES (AVENUE JEAN) N° 1 ET 2 A 24";"48,8020600";"2,3023100"
"201900030351";"11";"4";"2019";"13:05";"1";"92";"92007";"2";"3";"7";"3";"MEUNIERS (RUE DES)";"48,7986500";"2,3189700"
"201900030352";"11";"4";"2019";"08:05";"2";"92";"92007";"2";"6";"1";"3";"FROIDE (RUE)";"48,7974140";"2,3009230"
"201900030353";"27";"1";"2019";"17:50";"1";"92";"92004";"2";"1";"3";"6";"PONT D'ASNIERES";"48,9042300";"2,2886800"
"201900030354";"13";"4";"2019";"05:45";"5";"92";"92014";"2";"1";"1";"6";"GENERAL LECLERC (AV.) (135 A FIN - 134 A";"48,7726337";"2,3126896"
"201900030355";"12";"4";"2019";"13:50";"1";"92";"92002";"2";"1";"1";"2";"DIVISION LECLERC (1 A 29 -2 A 34)";"48,7522943";"2,3046868"
"201900030356";"14";"4";"2019";"02:30";"3";"37";"37082";"1";"1";"1";"6";"D70";"47,3917440";"0,2339110"
"201900030357";"8";"4";"2019";"09:30";"1";"35";"35177";"1";"9";"1";"1";"D27";"48,2040070";" -1,7418630"
"201900030358";"11";"4";"2019";"16:00";"1";"86";"86034";"1";"3";"1";"3";"Toucheneuve";"46,3759980";"0,5774270"
"201900030359";"29";"3";"2019";"16:45";"1";"51";"51649";"2";"9";"1";"7";"BOULEVARD FRANCOIS 1er";"48,7230590";"4,5836480"
"201900030360";"11";"4";"2019";"23:00";"3";"62";"62794";"2";"3";"1";"6";"Route Nationale";"50,7133340";"2,1642910"
"201900030361";"13";"4";"2019";"12:55";"1";"25";"25133";"1";"1";"1";"6";"A36 - PK 122+300";"47,2856380";"6,0046870"
"201900030362";"13";"4";"2019";"14:20";"1";"41";"41194";"2";"1";"1";"3";"Allée des Grandes Bruyères";"47,3285460";"1,7626830"
"201900030363";"11";"4";"2019";"22:05";"3";"33";"33315";"2";"2";"1";"3";"RD674/RD122E2 Rolland";"45,0729700";" -0,0828900"
"201900030364";"13";"4";"2019";"19:50";"1";"81";"81109";"1";"1";"1";"1";"Pont du vagast";"43,6626510";"2,1219330"
"201900030365";"12";"4";"2019";"17:40";"1";"28";"28123";"1";"1";"1";"3";"Les Nouvelles Grisonnières";"48,2174020";"1,1311440"
"201900030366";"15";"3";"2019";"22:15";"3";"972";"97232";"2";"1";"1";"6";"Chateaupaille";"14,5528040";" -60,8401130"
"201900030367";"12";"4";"2019";"11:35";"1";"35";"35308";"1";"1";"1";"6";"L'Hôtel Neuf";"48,4538760";" -1,9207020"
"201900030368";"11";"4";"2019";"19:05";"1";"1";"01322";"2";"6";"1";"3";"650 chemin de la reste";"45,9336580";"4,8115390"
"201900030369";"4";"4";"2019";"09:45";"1";"62";"62706";"2";"2";"1";"3";"Rue Hennelle";"50,5926594";"2,7426445"
"201900030370";"14";"4";"2019";"16:30";"1";"19";"19250";"1";"1";"1";"2";"Autoroute A20, pk 229+822, sens Paris-Province";"45,4958640";"1,5240560"
"201900030371";"10";"4";"2019";"19:50";"2";"59";"59579";"1";"1";"1";"1";"Route de Pitgam";"50,9444980";"2,3812730"
"201900030372";"12";"4";"2019";"09:29";"1";"74";"74105";"2";"1";"1";"6";"Rue du Centre";"46,3061400";"6,3026060"
"201900030373";"13";"4";"2019";"17:15";"1";"38";"38419";"1";"1";"1";"6";"Départementale 1075";"44,8499650";"5,6206150"
"201900030374";"13";"4";"2019";"08:45";"1";"38";"38419";"1";"1";"1";"6";"RD 1075";"44,8400600";"5,6131260"
"201900030375";"12";"4";"2019";"15:45";"1";"62";"62536";"1";"2";"1";"3";"D 77 / D 83";"50,3877380";"2,4590550"
"201900030376";"13";"4";"2019";"00:45";"3";"61";"61103";"1";"1";"1";"6";"A 28 pk 210";"48,8475830";"0,3713900"
"201900030377";"11";"4";"2019";"15:00";"1";"57";"57599";"1";"1";"1";"1";"D53";"49,2042470";"6,4653740"
"201900030378";"14";"4";"2019";"03:50";"3";"89";"89399";"1";"3";"1";"2";"départementale 939";"48,2362280";"3,3072580"
"201900030379";"11";"4";"2019";"22:25";"5";"51";"51030";"2";"1";"1";"7";"39 RUE ROGER SONDAG";"49,0545970";"4,0011040"
"201900030380";"8";"4";"2019";"22:00";"3";"59";"59445";"1";"1";"2";"2";"D963";"50,0486070";"4,1161710"
"201900030381";"14";"4";"2019";"00:30";"4";"56";"56013";"2";"6";"1";"6";"58 Rue Général de Gaulle";"47,6757700";" -3,1711620"
"201900030382";"13";"4";"2019";"16:00";"1";"56";"56101";"1";"1";"1";"6";"RN 24 - PK 85 + 200";"47,8356630";" -3,1653150"
"201900030383";"13";"4";"2019";"13:40";"1";"77";"77020";"1";"1";"1";"1";"Route Nationale 4";"48,6926100";"3,1740700"
"201900030384";"10";"4";"2019";"18:00";"1";"79";"79176";"1";"1";"1";"7";"58 route de saint maixent";"46,4900290";" -0,0587800"
"201900030385";"9";"4";"2019";"07:25";"1";"31";"31541";"2";"2";"1";"3";"route de grenade";"43,6928250";"1,3544280"
"201900030386";"13";"4";"2019";"06:15";"2";"80";"80190";"1";"1";"1";"1";"D 29";"50,0665471";"1,6160631"
"201900030387";"11";"3";"2019";"14:40";"1";"33";"33484";"2";"9";"1";"6";"Route de Sore";"44,4192800";" -0,4912300"
"201900030388";"13";"4";"2019";"20:10";"1";"33";"33439";"1";"1";"1";"6";"D18";"45,1238000";" -0,4242600"
"201900030389";"12";"4";"2019";"14:15";"1";"33";"33145";"1";"1";"1";"1";"route de Libourne";"44,7955230";" -0,3334100"
"201900030390";"13";"4";"2019";"17:00";"1";"71";"71014";"2";"2";"7";"6";"1 rue Pernette";"46,9515800";"4,2966210"
"201900030391";"12";"4";"2019";"17:30";"1";"63";"63291";"1";"3";"1";"3";"D63";"45,9639790";"3,4564750"
"201900030392";"13";"4";"2019";"14:00";"1";"63";"63040";"1";"1";"1";"7";"route de st julien de coppel";"45,7123680";"3,3261840"
"201900030393";"14";"4";"2019";"06:10";"2";"61";"61459";"1";"1";"1";"6";"D21";"48,6784870";" -0,4914680"
"201900030394";"13";"4";"2019";"15:15";"1";"12";"12258";"1";"1";"1";"7";"RD 905 A";"44,2345110";"2,1942030"
"201900030395";"14";"4";"2019";"15:45";"1";"12";"12165";"1";"1";"1";"1";"RD904";"44,4938930";"2,5718800"
"201900030396";"13";"4";"2019";"20:20";"4";"42";"42240";"2";"1";"1";"6";"Route de la Chapelle";"45,5034290";"4,0365420"
"201900030397";"13";"4";"2019";"13:35";"1";"46";"46039";"1";"1";"1";"7";"Le Causse";"44,5865160";"1,8266720"
"201900030398";"12";"4";"2019";"14:30";"1";"46";"46225";"1";"1";"1";"5";"D67 PK23+500";"44,5389450";"1,1816340"
"201900030399";"13";"4";"2019";"17:50";"1";"46";"46136";"1";"1";"1";"7";"La mouline CD 811";"44,5184310";"1,2779540"
"201900030400";"12";"4";"2019";"00:45";"3";"47";"47318";"1";"1";"1";"7";"Route Départementale 642";"44,1943860";"0,3112230"
"201900030401";"13";"4";"2019";"13:40";"1";"47";"47317";"1";"1";"1";"1";"D299";"44,4426787";"0,4086453"
"201900030402";"12";"4";"2019";"17:15";"1";"34";"34207";"1";"1";"1";"3";"D161";"43,3854970";"3,5045990"
"201900030403";"12";"4";"2019";"07:15";"1";"34";"34332";"1";"1";"1";"1";"Avenue de Béziers";"43,3117300";"3,4038070"
"201900030404";"13";"4";"2019";"02:00";"3";"34";"34312";"1";"1";"1";"7";"D 35";"43,6642855";"3,1593125"
"201900030405";"14";"4";"2019";"04:45";"3";"68";"68374";"1";"1";"1";"6";"Route des Cinq Châteaux";"48,0729070";"7,2893400"
"201900030406";"13";"4";"2019";"23:45";"2";"44";"44199";"1";"1";"1";"1";"Les Chaussées - CD 771 - PK 36";"47,7273500";" -1,3277180"
"201900030407";"11";"4";"2019";"14:50";"1";"29";"29023";"1";"1";"1";"6";"01 impasse Pors Trez";"48,6658401";" -3,9011886"
"201900030408";"13";"4";"2019";"12:30";"1";"29";"29190";"2";"1";"1";"7";"44 Rue du Lannou";"48,3454170";" -4,7193800"
"201900030409";"13";"4";"2019";"16:45";"1";"38";"38180";"2";"2";"1";"3";"chemin de lemps";"45,3922870";"5,2968790"
"201900030410";"11";"4";"2019";"13:30";"1";"2";"02645";"1";"1";"1";"3";"VC 8";"49,0582760";"3,5566400"
"201900030411";"14";"4";"2019";"07:45";"1";"1";"01179";"1";"1";"1";"6";"Route des Quatre Arches";"46,2757860";"4,8411670"
"201900030412";"14";"4";"2019";"10:30";"1";"1";"01432";"1";"1";"1";"1";"Darisole";"46,3377380";"5,3373840"
"201900030413";"14";"4";"2019";"00:15";"3";"70";"70112";"2";"1";"1";"6";"Rue du Pray";"47,8417230";"5,8564790"
"201900030414";"10";"4";"2019";"06:00";"3";"26";"26070";"1";"1";"1";"6";"D71";"44,3959020";"4,8819740"
"201900030415";"13";"4";"2019";"22:50";"3";"54";"54102";"1";"1";"1";"7";"route du vin et de la mirabelle";"48,7072830";"5,8586890"
"201900030416";"13";"4";"2019";"12:02";"1";"72";"72089";"1";"1";"1";"3";"intersection C8 et route direction ribaron";"48,1144290";" -0,0365210"
"201900030417";"12";"4";"2019";"18:55";"1";"72";"72217";"2";"3";"7";"6";"Rue Principale";"48,0738900";"0,2253176"
"201900030418";"13";"4";"2019";"15:15";"1";"72";"72346";"1";"1";"1";"7";"le buisson";"47,8898790";"0,0248050"
"201900030419";"12";"4";"2019";"00:35";"3";"72";"72257";"1";"1";"1";"6";"rue de Pruillé";"48,0072060";"0,1349270"
"201900030420";"11";"4";"2019";"22:20";"5";"14";"14371";"2";"1";"1";"6";"66 Rue de Lisieux (Livarot)";"49,0083830";"0,1512720"
"201900030421";"10";"4";"2019";"19:30";"1";"50";"50084";"2";"1";"1";"5";"Route du Pont de la Roque";"49,0340920";" -1,4802930"
"201900030422";"11";"4";"2019";"20:15";"2";"50";"50400";"1";"1";"1";"6";"La Bastille";"49,3676980";" -1,3724360"
"201900030423";"12";"4";"2019";"13:30";"1";"9";"09139";"1";"1";"1";"6";"RN 320 PK 1+500";"42,5742960";"1,7884160"
"201900030424";"13";"4";"2019";"15:10";"1";"45";"45327";"2";"3";"1";"7";"RUE DE LA REPUBLIQUE - RUE DU STADE";"47,9738980";"2,1045150"
"201900030425";"13";"4";"2019";"17:30";"1";"18";"18206";"1";"1";"1";"7";"RD 104";"47,1921220";"2,2957510"
"201900030426";"11";"4";"2019";"21:15";"3";"43";"43142";"1";"1";"1";"6";"Aulagny";"45,1554860";"4,3025530"
"201900030427";"13";"4";"2019";"09:00";"1";"10";"10048";"1";"1";"1";"6";"D 12";"48,1714010";"4,6156980"
"201900030428";"13";"4";"2019";"14:45";"1";"21";"21527";"1";"1";"1";"6";"RD 906";"46,9360716";"4,6826005"
"201900030429";"12";"4";"2019";"13:50";"1";"40";"40327";"1";"1";"1";"3";"3893 route de Losse";"44,0442720";" -0,1851360"
"201900030430";"12";"4";"2019";"14:00";"1";"24";"24520";"1";"9";"1";"6";"Route du Pech Pinet";"44,8940000";"1,1785300"
"201900030431";"12";"4";"2019";"11:00";"1";"4";"04045";"2";"1";"1";"6";"Rue de la Bourgade";"43,8560350";"5,5889970"
"201900030432";"14";"4";"2019";"02:45";"3";"85";"85001";"1";"6";"1";"6";"D46/D44";"46,3461900";" -1,3141400"
"201900030433";"11";"4";"2019";"13:50";"1";"28";"28308";"1";"1";"1";"1";"lieu dit Bois Fautray";"48,7228780";"1,1331180"
"201900030434";"13";"4";"2019";"12:00";"1";"17";"17211";"1";"1";"1";"5";"RD 150";"46,0552790";" -0,5095780"
"201900030435";"13";"4";"2019";"02:45";"3";"17";"17309";"1";"1";"1";"7";"lieu dit pilet";"45,1859050";" -0,0300060"
"201900030436";"14";"4";"2019";"01:15";"5";"87";"87139";"2";"1";"1";"6";"RN147";"46,1677370";"0,9547830"
"201900030437";"13";"4";"2019";"14:30";"1";"30";"30075";"1";"1";"1";"6";"CD40";"43,8224480";"4,2782410"
"201900030438";"12";"4";"2019";"09:30";"1";"48";"48087";"1";"1";"1";"3";"RD987";"44,7092440";"3,1511960"
"201900030439";"12";"4";"2019";"18:40";"1";"48";"48156";"1";"3";"1";"1";"RD 52 PK 0+925";"44,4659140";"3,1934250"
"201900030440";"12";"4";"2019";"23:30";"5";"48";"48096";"2";"1";"1";"6";"Place du Caire";"44,1793270";"3,4299750"
"201900030441";"12";"4";"2019";"13:40";"1";"48";"48116";"1";"1";"1";"7";"Route Départementale 998 PK 52+600";"44,3344510";"3,8093040"
"201900030442";"13";"4";"2019";"01:30";"3";"52";"52099";"1";"1";"1";"1";"départementale 8";"48,5938460";"5,0416210"
"201900030443";"4";"4";"2019";"17:00";"1";"88";"88289";"1";"2";"1";"3";"D21B";"48,0909500";"5,8318130"
"201900030444";"6";"3";"2019";"12:30";"1";"35";"35206";"1";"3";"1";"2";"cd 837";"48,0626500";" -1,6993230"
"201900030445";"13";"4";"2019";"06:30";"2";"4";"04242";"1";"1";"1";"6";"A 51";"43,8958060";"5,8832370"
"201900030446";"12";"4";"2019";"20:00";"1";"13";"13059";"1";"1";"8";"4";"A.51 Bretelle de sortie N° 14 Meyrargues";"43,6092600";"5,4982850"
"201900030447";"12";"4";"2019";"18:20";"1";"78";"78571";"1";"1";"1";"1";"D307 PK19+100";"48,8619980";"1,9943880"
"201900030448";"12";"4";"2019";"15:00";"1";"74";"74081";"1";"1";"1";"6";"Rue André Brun";"46,0640460";"6,5681990"
"201900030449";"12";"4";"2019";"19:45";"1";"34";"34129";"1";"1";"1";"6";"A9 PK104.200";"43,6453410";"3,9780480"
"201900030450";"13";"4";"2019";"10:40";"1";"13";"13037";"1";"9";"1";"4";"A8";"43,5509780";"5,1947920"
"201900030451";"12";"4";"2019";"03:00";"3";"974";"97415";"1";"1";"1";"6";"RN1A";" -21,0653890";"55,2238390"
"201900030452";"5";"3";"2019";"15:30";"1";"75";"75118";"2";"2";"1";"3";"RUE ORDENER";"48,8915620";"2,3495980"
"201900030453";"7";"3";"2019";"09:05";"1";"75";"75117";"2";"1";"1";"3";"BOULEVARD DE DOUAUMONT";"48,8949410";"2,3056840"
"201900030454";"5";"3";"2019";"14:20";"1";"75";"75117";"2";"3";"1";"3";"RUE MILNE EDWARDS";"48,8826460";"2,2925900"
"201900030455";"9";"3";"2019";"11:30";"1";"75";"75116";"2";"2";"1";"3";"AVENUE DE SAINT CLOUD";"48,8386030";"2,2522560"