"Num_Acc";"jour";"mois";"an";"hrmn";"lum";"dep";"com";"agg";"int";"atm";"col";"adr";"lat";"long"
"201900030456";"8";"3";"2019";"13:45";"1";"75";"75116";"2";"1";"1";"3";"AVENUE MARCEAU";"48,8679530";"2,2990940"
"201900030457";"7";"3";"2019";"23:20";"5";"75";"75117";"2";"7";"1";"4";"AVENUE DE LA GRANDE ARMEE";"48,8740370";"2,2942500"
"201900030458";"7";"3";"2019";"16:30";"1";"75";"75116";"2";"4";"2";"2";"AVENUE DE LA PORTE DE SAINT CLOUD";"48,8385400";"2,2532900"
"201900030459";"7";"3";"2019";"01:00";"5";"75";"75116";"2";"1";"3";"6";"AVENUE DU PRESIDENT KENNEDY";"48,8577330";"2,2876820"
"201900030460";"6";"3";"2019";"11:30";"1";"75";"75116";"2";"7";"1";"6";"RUE BOISSIERE";"48,8695360";"2,2855650"
"201900030461";"4";"3";"2019";"21:20";"3";"75";"75116";"2";"4";"1";"6";"ROUTE DES TRIBUNES";"48,8572760";"2,2285750"
"201900030462";"9";"3";"2019";"02:50";"5";"75";"75115";"2";"2";"2";"6";"PONT DE BIR HAKEIM";"48,8545740";"2,2888580"
"201900030463";"8";"3";"2019";"16:00";"1";"75";"75115";"2";"1";"1";"6";"RUE DU DOCTEUR ROUX";"48,8399110";"2,3101080"
"201900030464";"8";"3";"2019";"00:40";"5";"75";"75115";"2";"3";"1";"3";"RUE DE LA CROIX NIVERT";"48,8452290";"2,2976800"
"201900030465";"7";"3";"2019";"20:10";"5";"75";"75115";"2";"2";"1";"3";"AVENUE EMILE ZOLA";"48,8465160";"2,2854120"
"201900030466";"7";"3";"2019";"09:35";"1";"75";"75115";"2";"2";"1";"7";"RUE DE LA CONVENTION";"48,8453510";"2,2785790"
"201900030467";"6";"3";"2019";"08:30";"1";"75";"75115";"2";"2";"8";"3";"PONT MIRABEAU";"48,8462170";"2,2766290"
"201900030468";"5";"3";"2019";"13:25";"1";"75";"75115";"2";"2";"8";"3";"RUE GINOUX";"48,8487140";"2,2852050"
"201900030469";"9";"3";"2019";"02:45";"5";"75";"75114";"2";"2";"8";"3";"RUE D ALESIA";"48,8327370";"2,3115360"
"201900030470";"8";"3";"2019";"12:45";"1";"75";"75114";"2";"1";"1";"3";"AVENUE PAUL VAILLANT COUTURIER";"48,8167250";"2,3345240"
"201900030471";"8";"3";"2019";"11:50";"1";"75";"75114";"2";"2";"1";"6";"RUE DE GERGOVIE";"48,8337140";"2,3149820"
"201900030472";"7";"3";"2019";"16:30";"1";"75";"75114";"2";"3";"2";"3";"RUE JULES GUESDE";"48,8374870";"2,3202070"
"201900030473";"4";"3";"2019";"20:15";"5";"75";"75114";"2";"2";"1";"6";"RUE DE GERGOVIE";"48,8329450";"2,3162510"
"201900030474";"4";"3";"2019";"09:55";"1";"75";"75115";"2";"7";"2";"3";"BOULEVARD PASTEUR";"48,8403580";"2,3148970"
"201900030475";"9";"3";"2019";"07:30";"2";"75";"75112";"2";"3";"1";"3";"AVENUE DAUMESNIL";"48,8399560";"2,4321690"
"201900030476";"7";"3";"2019";"18:30";"2";"75";"75112";"2";"3";"2";"6";"BOULEVARD DIDEROT";"48,8456820";"2,3726780"
"201900030477";"7";"3";"2019";"14:40";"1";"75";"75112";"2";"1";"1";"2";"ROUTE DE CEINTURE DU LAC DAUMESNIL";"48,8314240";"2,4168650"
"201900030478";"6";"3";"2019";"10:45";"1";"75";"75112";"2";"2";"1";"6";"BOULEVARD DIDEROT";"48,8464450";"2,3789440"
"201900030479";"8";"3";"2019";"12:20";"1";"75";"75111";"2";"3";"1";"2";"BOULEVARD RICHARD LENOIR";"48,8570530";"2,3712080"
"201900030480";"7";"3";"2019";"10:30";"1";"75";"75111";"2";"2";"1";"6";"BOULEVARD VOLTAIRE";"48,8637720";"2,3701170"
"201900030481";"6";"3";"2019";"13:40";"1";"75";"75111";"2";"3";"8";"3";"BOULEVARD BEAUMARCHAIS";"48,8594760";"2,3676050"
"201900030482";"5";"3";"2019";"09:30";"1";"75";"75111";"2";"2";"1";"6";"RUE MORAND";"48,8688410";"2,3763080"
"201900030483";"9";"3";"2019";"14:40";"1";"75";"75110";"2";"2";"1";"3";"RUE LUCIEN SAMPAIX";"48,8742750";"2,3626250"
"201900030484";"8";"3";"2019";"23:45";"5";"75";"75110";"2";"1";"2";"6";"BOULEVARD DE MAGENTA";"48,8780760";"2,3544620"
"201900030485";"8";"3";"2019";"14:30";"1";"75";"75110";"2";"1";"1";"1";"RUE DU HUIT MAI 1945";"48,8760160";"2,3592000"
"201900030486";"8";"3";"2019";"21:30";"5";"75";"75109";"2";"2";"1";"3";"RUE DE CHATEAUDUN";"48,8761980";"2,3353550"
"201900030487";"8";"3";"2019";"12:34";"1";"75";"75109";"2";"1";"1";"6";"RUE DE CAUMARTIN";"48,8752240";"2,3284860"
"201900030488";"6";"3";"2019";"18:50";"5";"75";"75109";"2";"7";"2";"6";"BOULEVARD DE CLICHY";"48,8822100";"2,3377060"
"201900030489";"6";"3";"2019";"18:20";"3";"75";"75109";"2";"1";"2";"6";"RUE LA FAYETTE";"48,8762010";"2,3451430"
"201900030490";"6";"3";"2019";"17:11";"1";"75";"75102";"2";"7";"8";"6";"PLACE DE L OPERA";"48,8706920";"2,3325260"
"201900030491";"8";"3";"2019";"16:48";"1";"75";"75108";"2";"3";"1";"7";"AVENUE GEORGE V";"48,8661520";"2,3013500"
"201900030492";"8";"3";"2019";"14:40";"1";"75";"75108";"2";"7";"8";"3";"PLACE DE LA CONCORDE";"48,8668630";"2,3220190"
"201900030493";"7";"3";"2019";"12:20";"1";"75";"75108";"2";"2";"1";"6";"BOULEVARD HAUSSMANN";"48,8750350";"2,3091970"
"201900030494";"6";"3";"2019";"17:50";"2";"75";"75108";"2";"7";"2";"3";"PLACE DE LA CONCORDE";"48,8666630";"2,3220170"
"201900030495";"7";"3";"2019";"00:20";"5";"75";"75115";"2";"2";"3";"3";"RUE SAINT CHARLES";"48,8447630";"2,2839000"
"201900030496";"6";"3";"2019";"09:30";"1";"75";"75107";"2";"1";"1";"3";"PLACE HENRY DE MONTHERLANT";"48,8605930";"2,3259540"
"201900030497";"5";"3";"2019";"12:32";"1";"75";"75107";"2";"2";"8";"5";"RUE DE SOLFERINO";"48,8603370";"2,3235970"
"201900030498";"4";"3";"2019";"14:10";"1";"75";"75107";"2";"7";"8";"3";"PLACE DE FONTENOY";"48,8503510";"2,3068590"
"201900030499";"25";"2";"2019";"09:46";"1";"75";"75107";"2";"1";"1";"3";"PORT DE SOLFERINO";"48,8606180";"2,3266430"
"201900030500";"8";"3";"2019";"08:20";"1";"75";"75104";"2";"2";"1";"6";"QUAI DES CELESTINS";"48,8533180";"2,3578100"
"201900030501";"9";"3";"2019";"21:00";"5";"75";"75104";"2";"2";"1";"6";"RUE DE RIVOLI";"48,8578860";"2,3502030"
"201900030502";"7";"3";"2019";"10:00";"1";"75";"75102";"2";"4";"1";"3";"RUE NOTRE DAME DES VICTOIRES";"48,8702070";"2,3426310"
"201900030503";"5";"3";"2019";"10:00";"1";"75";"75102";"2";"3";"1";"5";"BOULEVARD MONTMARTRE";"48,8717200";"2,3416220"
"201900030504";"4";"3";"2019";"23:10";"3";"75";"75102";"2";"3";"1";"3";"RUE SAINT AUGUSTIN";"48,8688850";"2,3343690"
"201900030505";"7";"3";"2019";"14:05";"1";"94";"94081";"2";"3";"1";"5";"DANIELLE CASANOVA (AV)";"48,7910000";"2,3960000"
"201900030506";"6";"3";"2019";"16:00";"1";"94";"94081";"2";"1";"2";"6";"STALINGRAD (BD DE)";"48,7967900";"2,3833700"
"201900030507";"9";"3";"2019";"14:20";"1";"94";"94078";"2";"1";"1";"4";"PARIS (R DE)";"48,7397717";"2,4465930"
"201900030508";"6";"3";"2019";"11:45";"1";"94";"94074";"2";"1";"2";"3";"HENRI BARBUSSE (AV)";"48,7651400";"2,4418200"
"201900030509";"5";"3";"2019";"21:18";"5";"94";"94078";"2";"9";"1";"2";"PARIS (R DE)";"48,7402470";"2,4465944"
"201900030510";"5";"3";"2019";"19:06";"5";"94";"94078";"2";"1";"1";"6";"PARIS (R DE)";"48,7291900";"2,4454300"
"201900030511";"8";"3";"2019";"14:35";"1";"94";"94068";"2";"2";"1";"3";"EST (AV DE L)";"48,8012000";"2,5043000"
"201900030512";"8";"3";"2019";"00:05";"5";"94";"94017";"2";"1";"1";"6";"BOIS L ABBE (R DU)";"48,8100000";"2,5418000"
"201900030513";"7";"3";"2019";"17:49";"2";"94";"94015";"2";"1";"1";"3";"PASTEUR (BD)";"48,8380000";"2,5285400"
"201900030514";"7";"3";"2019";"00:40";"5";"94";"94052";"2";"2";"3";"4";"STRASBOURG (BD DE)";"48,8412850";"2,4827950"
"201900030515";"9";"3";"2019";"14:10";"1";"94";"94046";"2";"1";"1";"7";"VICTOR HUGO (R)";"48,8011900";"2,4330900"
"201900030516";"8";"3";"2019";"14:00";"1";"94";"94046";"2";"1";"1";"6";"LIBERTE (AV DE LA)";"48,7945200";"2,4308000"
"201900030517";"8";"3";"2019";"12:10";"5";"94";"94017";"2";"2";"1";"6";"BOIS L ABBE (R DU)";"48,8100000";"2,5418000"
"201900030518";"6";"3";"2019";"17:30";"1";"94";"94076";"2";"9";"2";"3";"PARIS (AV DE)";"48,8057400";"2,3636900"
"201900030519";"9";"3";"2019";"02:45";"5";"94";"94041";"2";"1";"2";"6";"JEAN COMPAGNON (QU)";"48,8207600";"2,3954400"
"201900030520";"6";"3";"2019";"20:30";"5";"94";"94041";"2";"1";"2";"2";"MARAT (R)";"48,8076600";"2,3893200"
"201900030521";"8";"3";"2019";"07:00";"1";"94";"94021";"2";"1";"1";"3";"D'AGEN (RUE)";"48,7622000";"2,3496300"
"201900030522";"6";"3";"2019";"21:10";"5";"94";"94034";"2";"2";"2";"6";"DIVISION LECLERC (AV DE LA)";"48,7590000";"2,3246000"
"201900030523";"5";"3";"2019";"15:45";"1";"94";"94021";"2";"1";"1";"3";"STALINGRAD (AV DE)";"48,7671400";"2,3679300"
"201900030524";"6";"3";"2019";"14:15";"1";"94";"94028";"2";"6";"2";"3";"POMPADOUR.(CHEMIN DE LA)";"48,7666900";"2,4721900"
"201900030525";"5";"3";"2019";"01:13";"5";"94";"94011";"2";"9";"8";"7";"STAINS(ROUTE DE)";"48,7823000";"2,4943000"
"201900030526";"9";"3";"2019";"12:40";"1";"94";"94022";"2";"1";"1";"7";"JEAN JAURES (R)";"48,7650500";"2,4080500"
"201900030527";"8";"3";"2019";"16:00";"1";"94";"94022";"2";"3";"1";"3";"STALINGRAD (BD DE)";"48,7694700";"2,4021900"
"201900030528";"7";"3";"2019";"13:45";"1";"94";"94022";"2";"2";"2";"3";"LUGO (AV DE)";"48,7731800";"2,4092100"
"201900030529";"18";"2";"2019";"00:25";"5";"94";"94071";"2";"6";"1";"7";"CHAPITRE (R DU)";"48,7620000";"2,5370000"
"201900030530";"8";"3";"2019";"08:18";"1";"94";"94044";"2";"1";"1";"6";"VALENTON (AV DE)";"48,7434000";"2,5033400"
"201900030531";"7";"3";"2019";"09:50";"1";"94";"94075";"1";"1";"1";"1";"MARECHAL DE LATTRE DE TASSIGNY (AV)";"48,7310360";"2,5243280"
"201900030532";"9";"2";"2019";"05:30";"5";"94";"94004";"2";"2";"2";"3";"GENERAL LECLERC (AV DU)";"48,7469800";"2,5101840"
"201900030533";"9";"3";"2019";"13:00";"1";"94";"94002";"2";"1";"1";"3";"REVOLUTION (QU DE LA)";"48,7819926";"2,4194447"
"201900030534";"6";"3";"2019";"18:45";"3";"94";"94002";"2";"1";"1";"6";"NAPLES (R DE)";"48,7870000";"2,4322900"
"201900030535";"5";"3";"2019";"09:15";"1";"94";"94002";"2";"3";"8";"3";"EMILE ZOLA (R)";"48,7985100";"2,4217300"
"201900030536";"9";"3";"2019";"19:20";"5";"93";"93059";"2";"9";"1";"6";"ELYSEE RECLUS (AVENUE) N° 23 AU 217";"48,9522800";"2,3580100"
"201900030537";"8";"3";"2019";"19:00";"5";"93";"93059";"2";"1";"1";"6";"LENINE (AVENUE) N°2A34 ET 1A43";"48,9558000";"2,3585000"
"201900030538";"8";"3";"2019";"11:30";"1";"93";"93059";"2";"1";"1";"6";"PASTEUR (BOULEVARD)";"48,9646600";"2,3655700"
"201900030539";"6";"3";"2019";"19:15";"5";"93";"93066";"2";"1";"2";"3";"CROIZAT AMBROISE RD 29 BIS";"48,9315700";"2,3494700"
"201900030540";"5";"3";"2019";"11:00";"1";"93";"93064";"2";"3";"8";"3";"KENNEDY (AVENUE DU PRESIDENT)";"48,8776600";"2,4859800"
"201900030541";"6";"3";"2019";"17:20";"1";"93";"93055";"2";"5";"8";"3";"JULES AUFFRET (1/49 ET 2/54)";"48,8891800";"2,4100700"
"201900030542";"9";"3";"2019";"00:15";"5";"93";"93053";"2";"1";"2";"7";"VAILLANT COUTURIER (RUE)";"48,8919700";"2,4493570"
"201900030543";"6";"3";"2019";"07:45";"1";"93";"93053";"2";"4";"2";"3";"ANATOLE FRANCE (RUE)";"48,8800000";"2,4400000"
"201900030544";"6";"3";"2019";"09:05";"2";"93";"93051";"2";"1";"2";"6";"NEUILLY (ROUTE)";"48,8535000";"2,5327300"
"201900030545";"5";"3";"2019";"19:30";"5";"93";"93051";"2";"1";"1";"6";"PAVE NEUF (AVENUE)";"48,8405500";"2,5589100"
"201900030546";"8";"3";"2019";"13:30";"1";"93";"93050";"2";"2";"1";"3";"PAUL VAILLANT COUTURIER (RUE)";"48,8656569";"2,5636722"
"201900030547";"7";"3";"2019";"09:05";"1";"93";"93049";"2";"3";"1";"6";"REMONDET LACROIX (RUE)";"48,8559470";"2,5153820"
"201900030548";"6";"3";"2019";"18:50";"2";"93";"93048";"2";"1";"2";"2";"GABRIEL PERI (AVENUE)";"48,8576435";"2,4389559"
"201900030549";"8";"3";"2019";"17:35";"1";"93";"93046";"2";"9";"1";"3";"REPUBLIQUE AVENUE DE LA";"48,9053700";"2,5249370"
"201900030550";"5";"3";"2019";"09:50";"1";"93";"93006";"2";"9";"1";"3";"REPUBLIQUE AVENUE DE LA";"48,8623000";"2,4159000"
"201900030551";"9";"3";"2019";"16:00";"1";"93";"93031";"2";"2";"1";"3";"DIX HUIT JUIN 1940 (AVENUE DU)";"48,9547600";"2,3078600"
"201900030552";"8";"3";"2019";"09:00";"1";"93";"93079";"2";"3";"1";"3";"ROGER SALENGRO";"48,9617200";"2,3452300"
"201900030553";"9";"3";"2019";"14:10";"1";"93";"93029";"2";"1";"1";"6";"PAUL VAILLANT COUTURIER (BD)";"48,9233300";"2,4459700"
"201900030554";"7";"3";"2019";"08:27";"1";"93";"93047";"2";"2";"1";"6";"DAGUERRE  (AVENUE)";"48,9085800";"2,5856800"
"201900030555";"6";"3";"2019";"08:40";"1";"93";"93047";"2";"2";"2";"3";"JEAN JAURES (AVENUE)";"48,8979300";"2,5593300"
"201900030556";"5";"3";"2019";"22:30";"5";"93";"93014";"2";"2";"1";"3";"GAGNY (ALLEE DE)";"48,9048000";"2,5484100"
"201900030557";"5";"3";"2019";"19:10";"5";"93";"93008";"2";"1";"1";"6";"VAILLANT (AVENUE EDOUARD)";"48,9093000";"2,4676100"
"201900030558";"7";"3";"2019";"12:00";"1";"93";"93001";"2";"1";"1";"3";"LUCIEN LEFRANC (QUAI)";"48,9110960";"2,3738720"
"201900030559";"6";"3";"2019";"20:40";"5";"92";"92073";"2";"1";"3";"3";"WASHINGTON (BOULEVARD)";"48,8739520";"2,2175720"
"201900030560";"5";"3";"2019";"17:55";"1";"92";"92072";"2";"1";"1";"3";"PONT DE SEVRES";"48,8281518";"2,2260276"
"201900030561";"5";"3";"2019";"15:00";"1";"92";"92022";"2";"1";"8";"3";"SALENGRO (AVENUE ROGER)";"48,8051300";"2,1827500"
"201900030562";"7";"3";"2019";"13:50";"1";"92";"92064";"2";"2";"1";"3";"MARIUS FRANAY";"48,8506400";"2,2224900"
"201900030563";"7";"2";"2019";"19:45";"5";"92";"92064";"2";"1";"1";"4";"CARNOT";"48,8438800";"2,2233200"
"201900030564";"5";"2";"2019";"03:20";"5";"92";"92064";"2";"1";"1";"6";"DAILLY";"48,8439210";"2,2173720"
"201900030565";"6";"3";"2019";"23:20";"5";"92";"92049";"2";"1";"2";"3";"PERI RUE GABRIEL N°1 A 35";"48,8178409";"2,3234780"
"201900030566";"7";"3";"2019";"17:05";"1";"92";"92040";"2";"2";"2";"3";"CAMILLE DESMOULINS";"48,8291349";"2,2638128"
"201900030567";"5";"3";"2019";"08:30";"1";"92";"92035";"2";"1";"1";"3";"Général de Gaulle  ( avenue du )";"48,9090000";"2,2551800"
"201900030568";"9";"3";"2019";"17:45";"1";"92";"92026";"2";"1";"8";"6";"MISSION MARCHAND (COTE IMPAIR)";"48,8970000";"2,2401500"
"201900030569";"9";"3";"2019";"16:45";"1";"92";"92026";"2";"1";"1";"6";"SAINT-DENIS BD DE (01 A 197 / 02 A 118)";"48,8985340";"2,2651781"
"201900030570";"6";"3";"2019";"08:50";"1";"92";"92026";"2";"1";"2";"6";"NORMANDIE";"48,8978600";"2,2427600"
"201900030571";"4";"3";"2019";"09:40";"1";"92";"92026";"2";"1";"1";"2";"PRÉSIDENT PAUL DOUMER (QUAI DU)";"48,8913232";"2,2578166"
"201900030572";"7";"3";"2019";"09:15";"1";"92";"92025";"2";"1";"1";"2";"BELLEVUE (RUE DE)";"48,9195750";"2,2377010"
"201900030573";"6";"3";"2019";"21:10";"5";"92";"92025";"2";"2";"1";"1";"HENRI BARBUSSE (AV)";"48,9149670";"2,2528700"
"201900030574";"16";"2";"2019";"14:19";"1";"92";"92025";"2";"1";"1";"6";"METZ (RUE DE)";"48,9104170";"2,2277950"
"201900030575";"9";"3";"2019";"19:00";"4";"92";"92012";"2";"1";"1";"3";"YVES KERMEN (RUE) 51/FIN - 40/FIN";"48,8275906";"2,2409278"
"201900030576";"8";"3";"2019";"12:50";"1";"92";"92012";"2";"1";"1";"2";"EDOUARD VAILLANT (AVENUE) - DEBUT/55 - C";"48,8364052";"2,2526152"
"201900030577";"8";"3";"2019";"01:35";"5";"92";"92012";"2";"1";"1";"6";"JEAN JAURES (BOULEVARD) 1/61 - COTE IMPA";"48,8403968";"2,2396480"
"201900030578";"20";"1";"2019";"02:15";"5";"92";"92012";"2";"2";"2";"6";"JEAN JAURES (BOULEVARD) 217/FIN - 210/FI";"48,8307733";"2,2451187"
"201900030579";"4";"3";"2019";"20:45";"5";"92";"92004";"2";"1";"1";"2";"DOCTEUR DERVAUX  ( QUAI DU )";"48,9078860";"2,2924974"
"201900030580";"9";"3";"2019";"06:00";"5";"92";"92002";"2";"1";"1";"6";"DIVISION LECLERC (53 A 217 - 58 A 186)";"48,7458072";"2,3034765"
"201900030581";"8";"3";"2019";"08:15";"1";"37";"37178";"2";"1";"1";"7";"la basse pointe vinière";"47,1501700";"0,3967830"
"201900030582";"5";"3";"2019";"06:40";"2";"38";"38160";"1";"1";"1";"6";"LA GARDE";"45,4850300";"4,9995400"
"201900030583";"1";"3";"2019";"21:05";"3";"95";"95529";"2";"1";"1";"7";"route de belle église";"49,1676214";"2,2124404"
"201900030584";"8";"3";"2019";"15:45";"1";"28";"28252";"2";"1";"1";"6";"N/A";"48,2266230";"0,9820990"
"201900030585";"10";"3";"2019";"10:00";"1";"974";"97412";"2";"1";"1";"6";"face au 11 rue Charles Beaudelaire";" -21,3744920";"55,6658040"
"201900030586";"5";"3";"2019";"21:00";"3";"27";"27193";"1";"3";"1";"6";"Voie verte de la vallée de l'Eure-intersection avec le chemin de Gargantua";"48,8366670";"1,3631020"
"201900030587";"5";"3";"2019";"17:30";"1";"22";"22369";"1";"1";"8";"7";"Route Nationale 12 PK/PR13+070 Sens RENNES-BREST";"48,3345070";" -2,2678110"
"201900030588";"7";"3";"2019";"15:20";"1";"22";"22223";"1";"1";"2";"7";"RN12";"48,5652870";" -3,2001690"
"201900030589";"7";"3";"2019";"16:50";"1";"17";"17472";"1";"9";"1";"1";"CD 9D";"46,2502710";" -1,0634590"
"201900030590";"8";"3";"2019";"20:20";"5";"974";"97410";"2";"1";"1";"2";"155 Route Nationale 2 (ste anne)";" -21,0801260";"55,7448970"
"201900030591";"6";"3";"2019";"13:30";"1";"74";"74105";"2";"1";"1";"1";"avenue des voirons";"46,3003400";"6,3042580"
"201900030592";"9";"3";"2019";"02:43";"3";"48";"48005";"1";"1";"1";"2";"Autoroute A75 point kilométrique 151+500";"44,5978140";"3,2541070"
"201900030593";"4";"3";"2019";"18:30";"2";"34";"34259";"1";"1";"1";"2";"A750 - PK 012.300";"43,6336320";"3,7568830"
"201900030594";"5";"3";"2019";"18:20";"1";"23";"23176";"2";"2";"1";"3";"route de saint agnant de versillat";"46,2463040";"1,4982320"
"201900030595";"3";"3";"2019";"16:15";"1";"37";"37208";"2";"1";"1";"6";"A10 - PK 211+500";"47,3612250";"0,7116650"
"201900030596";"8";"3";"2019";"20:00";"3";"61";"61081";"1";"1";"1";"6";"autoroute A 28";"48,6629420";"0,2269370"
"201900030597";"8";"3";"2019";"20:55";"3";"57";"57038";"1";"1";"1";"6";"Rue Napoléon 1er";"49,4841950";"5,9655270"
"201900030598";"8";"3";"2019";"13:00";"1";"56";"56173";"1";"1";"1";"7";"Lande Kermonserh";"47,9752710";" -2,9372600"
"201900030599";"10";"3";"2019";"11:00";"1";"56";"56185";"1";"1";"1";"7";"Rue du 7ème Bataillon Ffi";"47,7979120";" -3,4134520"
"201900030600";"4";"3";"2019";"20:00";"5";"67";"67448";"2";"1";"1";"2";"19 route du Donon";"48,4823130";"7,2049250"
"201900030601";"7";"3";"2019";"18:30";"2";"2A";"2A017";"1";"1";"1";"7";"Col de Listicone";"42,0013510";"8,7565640"
"201900030602";"6";"3";"2019";"11:25";"1";"2A";"2A271";"1";"1";"1";"7";"RT 20, lieu dit BALEONE";"41,9599163";"8,8125267"
"201900030603";"2";"3";"2019";"23:00";"5";"80";"80442";"2";"1";"1";"6";"rue de Nesle";"49,7438960";"2,9915330"
"201900030604";"7";"3";"2019";"17:50";"1";"80";"80644";"1";"1";"8";"3";"d 1029-lieu-dit la râperie";"49,8731690";"2,7028160"
"201900030605";"6";"3";"2019";"15:40";"1";"65";"65187";"1";"1";"1";"6";"Route d'Auch";"43,2334220";"0,4891112"
"201900030606";"5";"3";"2019";"21:00";"3";"65";"65155";"1";"1";"1";"1";"Le Village";"43,2873870";"0,5508810"
"201900030607";"8";"3";"2019";"05:50";"5";"69";"69248";"2";"3";"1";"3";"40 rue Alexandre Cherpin";"46,0327500";"4,3054600"
"201900030608";"8";"3";"2019";"14:15";"1";"81";"81070";"1";"9";"1";"6";"carrefour rd12 et route communale la barraqué";"43,7929620";"1,7585700"
"201900030609";"8";"3";"2019";"21:00";"3";"32";"32194";"1";"1";"1";"6";"PK4+700";"43,9479030";"0,3158150"
"201900030610";"5";"3";"2019";"19:05";"2";"32";"32160";"1";"1";"1";"6";"ROUTE NATIONALE 124, bretelle accès vers TOULOUSE, au niveau du PR 9+300";"43,5964990";"1,1102390"
"201900030611";"5";"3";"2019";"20:30";"3";"71";"71483";"1";"1";"1";"2";"La Triqueterie";"46,3299100";"4,2826500"
"201900030612";"6";"3";"2019";"14:50";"1";"71";"71543";"2";"4";"6";"3";"RD 56";"46,5651710";"4,8994580"
"201900030613";"9";"3";"2019";"13:00";"1";"89";"89473";"1";"4";"2";"3";"D178";"47,8926420";"3,3388870"
"201900030614";"6";"3";"2019";"13:20";"1";"89";"89419";"2";"1";"8";"3";"15 rue du Corbeau Blanc";"47,7320380";"3,3030050"
"201900030615";"7";"3";"2019";"07:59";"1";"61";"61293";"2";"1";"1";"6";"Rue de Longny";"48,5222370";"0,5523770"
"201900030616";"6";"3";"2019";"01:30";"3";"55";"55232";"1";"1";"1";"6";"D 903";"49,0963180";"5,7307580"
"201900030617";"5";"3";"2019";"21:00";"3";"49";"49221";"1";"1";"1";"6";"LE PAS BREGEON";"47,4529520";"0,0037980"
"201900030618";"9";"3";"2019";"17:30";"1";"49";"49026";"1";"1";"1";"1";"Les Fresnes";"47,4919200";" -0,7596470"
"201900030619";"9";"3";"2019";"14:30";"1";"12";"12238";"1";"1";"2";"5";"Bois du four";"44,2397430";"2,9666780"
"201900030620";"8";"3";"2019";"18:45";"3";"46";"46193";"1";"1";"2";"1";"RD 20";"44,8573250";"1,7074390"
"201900030621";"6";"3";"2019";"11:15";"1";"47";"47049";"2";"7";"1";"7";"route du cimetière";"44,4464930";"0,6192910"
"201900030622";"9";"3";"2019";"05:40";"3";"41";"41146";"1";"1";"2";"7";"Route de Montrichard";"47,3411680";"1,2595040"
"201900030623";"9";"3";"2019";"17:21";"1";"86";"86108";"2";"1";"1";"7";"7 rue des lavoirs";"46,8079410";"0,0171090"
"201900030624";"6";"3";"2019";"17:00";"1";"86";"86178";"2";"6";"1";"2";"Rue de la Chanterie";"46,4935970";"0,4579780"
"201900030625";"10";"3";"2019";"02:20";"3";"68";"68234";"1";"1";"1";"7";"RD18 bis";"47,9424320";"7,4222580"
"201900030626";"5";"3";"2019";"19:15";"5";"68";"68082";"2";"4";"1";"2";"Rue de PULVERSHEIM";"47,8598540";"7,3428710"
"201900030627";"6";"3";"2019";"13:20";"1";"68";"68333";"2";"1";"1";"7";"rue de Bale";"47,6190680";"7,2979660"
"201900030628";"8";"3";"2019";"11:55";"1";"22";"22219";"1";"1";"1";"1";"cv 126";"48,2732460";" -2,6961850"
"201900030629";"9";"3";"2019";"18:10";"1";"22";"22183";"1";"1";"1";"7";"CD120 LA FERRIERE";"48,1548357";" -2,5872706"
"201900030630";"9";"3";"2019";"05:40";"3";"22";"22055";"1";"1";"1";"6";"BOULEVARD DU LITTORAL";"48,6293523";" -2,8246461"
"201900030631";"6";"3";"2019";"09:45";"1";"25";"25564";"1";"1";"1";"7";"chemin de halage";"47,1636190";"5,8886830"
"201900030632";"10";"3";"2019";"12:30";"1";"35";"35330";"1";"1";"1";"6";"6 lieu dit le chene vert";"48,1734470";" -1,2331330"
"201900030633";"9";"3";"2019";"12:05";"1";"35";"35049";"1";"1";"1";"1";"Avenue Olivier Briard";"48,6652000";" -1,8652910"
"201900030634";"7";"3";"2019";"17:00";"1";"35";"35100";"1";"2";"1";"3";"la closerie";"48,2566050";" -1,1425810"
"201900030635";"6";"3";"2019";"08:25";"1";"35";"35184";"2";"3";"2";"3";"RUE DE RENNES";"48,1983650";" -2,0464930"
"201900030636";"7";"3";"2019";"11:30";"1";"29";"29153";"2";"2";"7";"3";"route de port manec'h";"47,8155520";" -3,7881250"
"201900030637";"27";"2";"2019";"19:00";"2";"29";"29210";"1";"2";"1";"3";"Carrefour de Croas Ar Born - Intersection RD 19 / RD 75";"48,5774940";" -3,9938840"
"201900030638";"8";"3";"2019";"16:00";"1";"29";"29024";"2";"1";"2";"7";"56 rue de callac";"48,2833350";" -3,5633340"
"201900030639";"7";"3";"2019";"12:30";"1";"29";"29225";"2";"6";"1";"5";"Face 88 rue de la mer";"47,9488316";" -4,3708446"
"201900030640";"8";"3";"2019";"23:00";"3";"31";"31033";"1";"1";"1";"6";"RD 40 - route de MAURESSAC";"43,3500740";"1,4737880"
"201900030641";"6";"3";"2019";"20:20";"3";"38";"38074";"1";"1";"6";"6";"D 1092";"45,2526500";"5,4554700"
"201900030642";"10";"3";"2019";"00:00";"4";"2";"02308";"1";"2";"2";"3";"Lieu dit ""Le Lion d'Or"", Intersection D1043/D66";"50,0502050";"3,6818130"
"201900030643";"26";"7";"2019";"18:40";"1";"6";"06069";"2";"1";"1";"7";"PROVENCE (AVENUE DE)";"43,6506700";"6,9225800"
"201900030644";"26";"7";"2019";"13:55";"1";"6";"06069";"2";"1";"1";"4";"POMPIDOU (AVENUE GEORGES) -RD 6085";"43,6490100";"6,9332700"
"201900030645";"27";"7";"2019";"03:10";"5";"6";"06027";"2";"1";"1";"1";"GAUDE AVENUE DE LA";"43,6669210";"7,1527020"
"201900030646";"23";"7";"2019";"13:25";"1";"5";"05061";"2";"3";"1";"6";"EMILE DIDIER ( AV )";"44,5640100";"6,0891000"