"Num_Acc";"jour";"mois";"an";"hrmn";"lum";"dep";"com";"agg";"int";"atm";"col";"adr";"lat";"long"
"201900030647";"26";"7";"2019";"08:20";"1";"3";"03310";"2";"1";"1";"6";"avenue Poincaré";"46,1162560";"3,4377980"
"201900030648";"25";"7";"2019";"11:15";"1";"75";"75118";"2";"1";"1";"4";"BD PERIPHERIQUE INTERIEUR";"48,9009310";"2,3452970"
"201900030649";"27";"7";"2019";"01:21";"5";"75";"75115";"2";"2";"3";"6";"QUAI BRANLY";"48,8545916";"2,2888391"
"201900030650";"26";"7";"2019";"14:35";"1";"75";"75115";"2";"4";"1";"2";"RUE CAMBRONNE";"48,8427460";"2,3026070"
"201900030651";"24";"7";"2019";"23:30";"5";"75";"75107";"2";"7";"1";"2";"RUE DE GRENELLE";"48,8584290";"2,3133650"
"201900030652";"24";"7";"2019";"17:34";"1";"75";"75116";"2";"2";"1";"3";"ALLEE DE LONGCHAMP";"48,8725170";"2,2644280"
"201900030653";"23";"7";"2019";"16:02";"1";"75";"75101";"2";"2";"7";"2";"RUE DE RIVOLI";"48,8637260";"2,3321320"
"201900030654";"27";"7";"2019";"00:20";"5";"75";"75106";"2";"2";"3";"3";"RUE DE SEINE";"48,8514670";"2,3370640"
"201900030655";"25";"7";"2019";"23:21";"5";"75";"75105";"2";"2";"1";"6";"RUE MONGE";"48,8408530";"2,3518810"
"201900030656";"26";"7";"2019";"08:35";"1";"75";"75120";"2";"2";"1";"2";"AVENUE GAMBETTA";"48,8769855";"2,4064654"
"201900030657";"25";"7";"2019";"00:05";"5";"75";"75120";"2";"2";"1";"3";"RUE D AVRON";"48,8527070";"2,4061290"
"201900030658";"27";"7";"2019";"09:30";"1";"75";"75119";"2";"7";"2";"7";"PLACE SKANDERBEG";"48,9004057";"2,3715170"
"201900030659";"24";"7";"2019";"16:20";"1";"75";"75119";"2";"1";"1";"3";"RUE ARMAND CARREL";"48,8827220";"2,3776350"
"201900030660";"27";"7";"2019";"16:57";"1";"75";"75118";"2";"2";"1";"3";"BOULEVARD BARBES";"48,8855410";"2,3495430"
"201900030661";"27";"7";"2019";"00:20";"5";"75";"75118";"2";"2";"3";"3";"RUE ORDENER";"48,8924080";"2,3449990"
"201900030662";"26";"7";"2019";"20:20";"1";"75";"75118";"2";"2";"1";"3";"RUE DE LA CHAPELLE";"48,8902520";"2,3599280"
"201900030663";"26";"7";"2019";"19:30";"1";"75";"75117";"2";"3";"1";"6";"AVENUE DE SAINT OUEN";"48,8966070";"2,3286830"
"201900030664";"26";"7";"2019";"16:10";"1";"75";"75117";"2";"3";"1";"6";"AVENUE DE SAINT OUEN";"48,8940490";"2,3277790"
"201900030665";"25";"7";"2019";"09:30";"1";"75";"75117";"2";"2";"1";"3";"AVENUE DES TERNES";"48,8786500";"2,2942360"
"201900030666";"27";"7";"2019";"20:30";"2";"75";"75116";"2";"3";"1";"6";"RUE DE PASSY";"48,8583120";"2,2831190"
"201900030667";"26";"7";"2019";"19:10";"1";"75";"75116";"2";"2";"1";"3";"RUE DE LA POMPE";"48,8627960";"2,2763410"
"201900030668";"26";"7";"2019";"14:15";"1";"75";"75116";"2";"5";"1";"6";"RUE DES BELLES FEUILLES";"48,8678720";"2,2810890"
"201900030669";"27";"7";"2019";"12:45";"1";"75";"75115";"2";"2";"8";"3";"RUE LECOURBE";"48,8415680";"2,2991250"
"201900030670";"25";"7";"2019";"18:00";"1";"75";"75115";"2";"3";"1";"3";"AVENUE ALBERT BARTHOLOME";"48,8292150";"2,2923280"
"201900030671";"27";"7";"2019";"10:40";"1";"75";"75113";"2";"2";"2";"3";"BOULEVARD KELLERMANN";"48,8191474";"2,3594213"
"201900030672";"24";"7";"2019";"21:36";"5";"75";"75112";"2";"5";"1";"6";"RUE ABEL";"48,8458880";"2,3743100"
"201900030673";"27";"7";"2019";"15:45";"1";"75";"75111";"2";"2";"1";"3";"AVENUE DE LA REPUBLIQUE";"48,8639860";"2,3811214"
"201900030674";"27";"7";"2019";"11:45";"1";"75";"75111";"2";"7";"2";"3";"AVENUE DE TAILLEBOURG";"48,8491370";"2,3970310"
"201900030675";"24";"7";"2019";"11:07";"1";"75";"75109";"2";"1";"1";"3";"RUE PIERRE FONTAINE";"48,8815660";"2,3342010"
"201900030676";"27";"7";"2019";"13:59";"1";"75";"75108";"2";"2";"1";"3";"RUE PIERRE CHARRON";"48,8705200";"2,3052860"
"201900030677";"26";"7";"2019";"04:38";"5";"75";"75108";"2";"7";"1";"3";"BOULEVARD HAUSSMANN";"48,8748507";"2,3198769"
"201900030678";"25";"7";"2019";"17:45";"1";"75";"75108";"2";"2";"1";"7";"AVENUE WINSTON CHURCHILL";"48,8649900";"2,3137110"
"201900030679";"24";"7";"2019";"09:15";"1";"75";"75108";"2";"2";"1";"6";"PONT ALEXANDRE III";"48,8646860";"2,3136570"
"201900030680";"26";"7";"2019";"21:10";"1";"75";"75101";"2";"7";"1";"6";"PLACE DU CHATELET";"48,8579180";"2,3471530"
"201900030681";"26";"7";"2019";"06:00";"5";"75";"75103";"2";"2";"1";"3";"RUE VIEILLE DU TEMPLE";"48,8586900";"2,3587780"
"201900030682";"26";"7";"2019";"18:30";"1";"75";"75102";"2";"2";"1";"3";"RUE DU QUATRE SEPTEMBRE";"48,8689211";"2,3400825"
"201900030683";"27";"7";"2019";"05:20";"2";"94";"94081";"2";"5";"2";"3";"ERNEST HAVET (AV)";"48,7878079";"2,4025056"
"201900030684";"27";"7";"2019";"10:58";"1";"94";"94042";"2";"1";"2";"2";"JEAN JAURES (AV)";"48,8202900";"2,4641500"
"201900030685";"26";"7";"2019";"22:45";"5";"94";"94016";"2";"3";"1";"3";"ARISTIDE BRIAND (AV)";"48,7962670";"2,3219200"
"201900030686";"26";"7";"2019";"16:30";"1";"94";"94043";"2";"1";"1";"6";"CHASTENET DE GERY (BD)";"48,8059200";"2,3580200"
"201900030687";"25";"7";"2019";"20:13";"1";"94";"94041";"2";"1";"1";"6";"LUCIEN NADAIRE (R)";"48,8014600";"2,3936000"
"201900030688";"23";"7";"2019";"16:35";"1";"94";"94041";"2";"1";"1";"3";"LENINE (R)";"48,8177200";"2,3971700"
"201900030689";"25";"7";"2019";"18:40";"1";"94";"94073";"1";"1";"1";"4";"RN 186";"48,7536100";"2,3750600"
"201900030690";"25";"7";"2019";"18:50";"1";"94";"94021";"2";"3";"1";"4";"STALINGRAD (AV DE)";"48,7724093";"2,3676518"
"201900030691";"26";"7";"2019";"12:55";"1";"94";"94033";"2";"2";"1";"1";"GALLIENI (BD)";"48,8507300";"2,4751200"
"201900030692";"26";"7";"2019";"19:00";"1";"94";"94028";"2";"1";"1";"3";"MAGELLAN (AVENUE)";"48,7701100";"2,4526600"
"201900030693";"26";"7";"2019";"11:23";"1";"94";"94019";"2";"1";"1";"3";"PINCE VENT (AV DE)";"48,7945900";"2,5582600"
"201900030694";"25";"7";"2019";"19:25";"1";"94";"94019";"2";"1";"1";"5";"ARISTIDE BRIAND (R)";"48,7971000";"2,5337100"
"201900030695";"24";"7";"2019";"17:05";"1";"94";"94044";"2";"1";"7";"6";"HONORE DAUMIER (ALL)";"48,7434800";"2,5017600"
"201900030696";"25";"7";"2019";"00:45";"5";"93";"93078";"1";"1";"1";"2";"JEAN FOURGEAUD (AVENUE)";"48,9604500";"2,5526400"
"201900030697";"27";"7";"2019";"21:00";"1";"93";"93059";"2";"1";"1";"3";"LENINE (AVENUE) N°36 AU 120 ET N°45 AU 1";"48,9566500";"2,3586100"
"201900030698";"27";"7";"2019";"10:15";"1";"93";"93071";"2";"2";"3";"3";"WESTINGHOUSE (BOULEVARD)";"48,9389700";"2,5387100"
"201900030699";"26";"7";"2019";"14:00";"1";"93";"93071";"2";"1";"1";"3";"JOHN F. KENNEDY (AVENUE)";"48,9388900";"2,5129600"
"201900030700";"26";"7";"2019";"08:00";"1";"93";"93070";"2";"1";"1";"1";"CHARLES SCHMIDT(RUE) : DU 1 AU 47";"48,9050000";"2,3330000"
"201900030701";"27";"7";"2019";"12:30";"1";"93";"93066";"2";"2";"2";"3";"""STALINGRAD (AVENUE), NR 88 A 114 BIS""";"48,9455270";"2,3637390"
"201900030702";"25";"7";"2019";"19:30";"1";"93";"93066";"2";"9";"1";"4";"FRANCE ANATOLE (BOULEVARD) NR AUTRES";"48,9279600";"2,3538800"
"201900030703";"25";"7";"2019";"09:30";"1";"93";"93066";"2";"1";"1";"4";"DELAUNAY HENRI";"48,9261100";"2,3602380"
"201900030704";"21";"7";"2019";"23:37";"5";"93";"93031";"2";"9";"1";"6";"EPINAY (PONT D')";"48,9515762";"2,3070836"
"201900030705";"27";"7";"2019";"12:30";"1";"93";"93064";"2";"9";"2";"3";"DE GAULLE (AV DU GENERAL) 58/49 - FIN";"48,8837400";"2,4786800"
"201900030706";"26";"7";"2019";"18:05";"1";"93";"93053";"2";"1";"1";"6";"ANATOLE FRANCE (RUE)";"48,8881700";"2,4504600"
"201900030707";"26";"7";"2019";"11:30";"1";"93";"93051";"2";"1";"1";"3";"EMILE COSSONNEAU (AVE)";"48,8489000";"2,5539900"
"201900030708";"26";"7";"2019";"14:25";"1";"93";"93045";"2";"9";"1";"3";"JUIN AVENUE DU MARECHAL";"48,8783000";"2,4225400"
"201900030709";"27";"7";"2019";"15:37";"1";"93";"93032";"2";"1";"1";"6";"JULES GUESDES  (RUE, DU 2 AU 96 ET DE 1";"48,8762600";"2,5497610"
"201900030710";"26";"7";"2019";"21:45";"5";"93";"93032";"2";"3";"1";"3";"GAY     (ALLEE)";"48,8969100";"2,5378300"
"201900030711";"26";"7";"2019";"16:15";"1";"93";"93027";"2";"3";"1";"2";"ROCHET (RUE WALDECK)";"48,9437000";"2,4125700"
"201900030712";"25";"7";"2019";"18:10";"1";"93";"93027";"2";"3";"1";"3";"VILLOT (RUE)";"48,9272400";"2,3966100"
"201900030713";"24";"7";"2019";"23:00";"5";"93";"93047";"2";"2";"1";"3";"DENIS PAPIN  (AVENUE)";"48,9064000";"2,5879000"
"201900030714";"25";"7";"2019";"13:50";"1";"93";"93008";"2";"9";"1";"2";"DIVISION LECLERC (AVENUE DE LA) A20";"48,9087630";"2,4191840"
"201900030715";"27";"7";"2019";"21:15";"1";"93";"93001";"2";"1";"1";"3";"JEAN JAURES  (AVE)  157 A 213";"48,9129000";"2,4019000"
"201900030716";"26";"7";"2019";"21:15";"2";"92";"92075";"2";"1";"1";"6";"FABIEN (BOULEVARD DU COLONEL)";"48,8122100";"2,2802100"
"201900030717";"27";"7";"2019";"09:10";"5";"92";"92072";"2";"1";"1";"6";"BRANCAS (RUE)";"48,8272000";"2,2176000"
"201900030718";"24";"7";"2019";"06:50";"2";"92";"92063";"2";"3";"1";"2";"BONAPARTE (AVENUE NAPOLEON) NORD";"48,8744800";"2,1673000"
"201900030719";"26";"7";"2019";"10:00";"1";"92";"92050";"2";"2";"1";"3";"LENINE VLADIMIR ILITCH AVENUE";"48,8880257";"2,1904074"
"201900030720";"25";"7";"2019";"19:10";"1";"92";"92040";"2";"2";"1";"3";"PAIX (AVENUE DE LA)";"48,8166200";"2,2750000"
"201900030721";"25";"7";"2019";"08:45";"1";"92";"92036";"2";"3";"1";"6";"ANTONIN (RUE)";"48,9145300";"2,2973700"
"201900030722";"27";"6";"2019";"11:45";"1";"92";"92035";"2";"3";"2";"7";"Général de Gaulle  ( avenue du )";"48,9064000";"2,2556800"
"201900030723";"24";"7";"2019";"22:00";"2";"92";"92025";"2";"1";"1";"2";"PRESIDENT SALVADOR ALLENDE (RUE DU)";"48,9196000";"2,2278100"
"201900030724";"24";"7";"2019";"21:00";"2";"92";"92060";"2";"1";"1";"3";"DESCARTES (AVENUE)";"48,7800500";"2,2490600"
"201900030725";"27";"7";"2019";"19:30";"1";"92";"92019";"2";"1";"1";"3";"SALENGRO ROGER (RUE)";"48,7651800";"2,2721400"
"201900030726";"27";"7";"2019";"21:25";"2";"92";"92012";"2";"2";"1";"3";"GALLIENI (RUE) 159/FIN";"48,8356292";"2,2324133"
"201900030727";"25";"7";"2019";"14:15";"1";"92";"92012";"2";"2";"1";"3";"JEAN JAURES (BOULEVARD) 1/61 - COTE IMPA";"48,8435140";"2,2379567"
"201900030728";"25";"7";"2019";"13:20";"1";"92";"92012";"2";"2";"1";"3";"REINE (ROUTE DE LA) 82/FIN - 107TER/FIN";"48,8400773";"2,2357573"
"201900030729";"24";"7";"2019";"23:50";"5";"92";"92012";"2";"1";"1";"5";"EDOUARD VAILLANT (AVENUE) - DEBUT/55 - C";"48,8358731";"2,2506222"
"201900030730";"26";"7";"2019";"16:55";"1";"92";"92002";"2";"1";"1";"3";"ARISTIDE BRIAND (AVENUE)";"48,7582646";"2,3069068"
"201900030731";"27";"7";"2019";"19:15";"1";"12";"12300";"1";"1";"2";"3";"RD911 près le Pont de l'Ange";"44,3402220";"2,0461230"
"201900030732";"26";"7";"2019";"21:55";"3";"14";"14162";"1";"1";"2";"6";"d1 le fresne";"48,8835490";" -0,4867040"
"201900030733";"27";"7";"2019";"08:20";"1";"51";"51262";"2";"1";"2";"1";"41 RUE DU GRAND DER";"48,6964677";"4,5938604"
"201900030734";"26";"7";"2019";"14:25";"1";"62";"62325";"1";"1";"1";"6";"D928";"50,5920900";"2,0975140"
"201900030735";"28";"7";"2019";"06:45";"1";"38";"38459";"1";"1";"2";"7";"Route Départementale 46";"45,4674630";"4,9415360"
"201900030736";"26";"7";"2019";"16:00";"1";"74";"74288";"1";"1";"1";"6";"A40";"46,0977050";"5,9670530"
"201900030737";"26";"7";"2019";"11:30";"1";"85";"85126";"1";"1";"2";"6";"Péage Autoroute A83 7.1";"46,4626370";" -0,8771920"
"201900030738";"26";"7";"2019";"22:30";"3";"6";"06149";"1";"1";"1";"2";"M2204B";"43,7352540";"7,3053690"
"201900030739";"26";"7";"2019";"15:30";"1";"9";"09090";"1";"1";"2";"6";"D919";"43,0514060";"1,5115870"
"201900030740";"27";"7";"2019";"02:20";"5";"41";"41194";"2";"2";"1";"3";"D765";"47,3426360";"1,7351150"
"201900030741";"26";"7";"2019";"16:40";"1";"11";"11281";"1";"1";"1";"5";"autoroute A61 PK 295.200";"43,2587150";"2,0288920"
"201900030742";"26";"7";"2019";"23:00";"3";"33";"33154";"1";"1";"1";"3";"CD 674";"45,0950430";" -0,0423200"
"201900030743";"27";"7";"2019";"22:30";"3";"6";"06161";"2";"1";"3";"1";"RD2 avenue des Plans";"43,6493620";"7,1339860"
"201900030744";"23";"7";"2019";"07:25";"1";"57";"57065";"1";"1";"1";"6";"rd 79";"48,9409320";"6,7127710"
"201900030745";"26";"7";"2019";"11:00";"1";"81";"81139";"1";"3";"1";"3";"Route de Réalmont";"43,7280930";"2,1478452"
"201900030746";"26";"7";"2019";"16:15";"1";"26";"26324";"1";"1";"1";"2";"autoroute A7, PK 141+300";"44,3482360";"4,7676680"
"201900030747";"25";"7";"2019";"20:30";"3";"26";"26169";"1";"1";"1";"1";"RN 7";"44,4870730";"4,7538540"
"201900030748";"27";"7";"2019";"05:20";"3";"63";"63257";"1";"1";"2";"7";"Bravant";"45,7388500";"2,8733830"
"201900030749";"27";"7";"2019";"14:15";"1";"41";"41046";"1";"1";"1";"7";"A71";"47,6622130";"1,9300580"
"201900030750";"26";"7";"2019";"18:10";"1";"1";"01399";"1";"1";"2";"2";"D1005";"46,2899290";"6,0813140"
"201900030751";"26";"7";"2019";"11:15";"1";"22";"22164";"1";"1";"1";"2";"RN12 - PR 99+94";"48,5690890";" -3,2789550"
"201900030752";"26";"7";"2019";"07:50";"1";"38";"38362";"1";"1";"1";"6";"Route de Miribel";"45,4131600";"5,6758000"
"201900030753";"25";"7";"2019";"22:30";"3";"38";"38566";"1";"1";"1";"6";"Champ de la Dame";"45,3039200";"5,5318600"
"201900030754";"27";"7";"2019";"11:55";"1";"83";"83019";"1";"1";"1";"6";"Route du Dom";"43,1894020";"6,3678380"
"201900030755";"24";"7";"2019";"09:30";"1";"83";"83070";"2";"6";"1";"1";"rond point de l'olivier millénaire";"43,1412470";"6,3797240"
"201900030756";"21";"7";"2019";"09:45";"1";"974";"97413";"1";"3";"1";"3";"RN 1 A";" -21,2322550";"55,2973790"
"201900030757";"27";"7";"2019";"08:55";"1";"48";"48009";"1";"1";"2";"7";"a75 pk 136+950";"44,7009170";"3,2810360"
"201900030758";"27";"7";"2019";"18:55";"1";"71";"71578";"1";"1";"1";"6";"D673";"46,9576750";"5,1713270"
"201900030759";"25";"7";"2019";"17:00";"1";"30";"30334";"2";"1";"1";"6";"d5a";"44,0121130";"4,4217060"
"201900030760";"27";"7";"2019";"17:20";"1";"83";"83132";"2";"1";"1";"1";"Route des Selves";"43,1852090";"6,0287410"
"201900030761";"26";"7";"2019";"20:00";"1";"62";"62808";"1";"1";"1";"1";"CD 94";"50,4482520";"2,2355620"
"201900030762";"28";"7";"2019";"11:20";"1";"62";"62799";"1";"1";"1";"2";"departementale 145";"50,4589280";"1,7217400"
"201900030763";"28";"7";"2019";"01:50";"5";"30";"30141";"2";"1";"2";"6";"Route de Bagnols";"44,1047068";"4,6951436"
"201900030764";"26";"7";"2019";"17:30";"1";"57";"57464";"2";"1";"1";"6";"RD8 PK+17400";"49,2948890";"6,2999370"
"201900030765";"26";"7";"2019";"20:40";"1";"89";"89113";"1";"1";"1";"7";"rue des bruyeres";"48,1578508";"3,2259247"
"201900030766";"27";"7";"2019";"03:30";"3";"51";"51072";"1";"1";"3";"6";"RD 980";"49,2053018";"3,8977480"
"201900030767";"26";"7";"2019";"10:50";"1";"51";"51622";"1";"2";"1";"3";"RD 26";"49,2070838";"3,9464917"
"201900030768";"26";"7";"2019";"16:00";"1";"95";"95612";"1";"1";"1";"3";"D.317";"49,0054560";"2,4893000"
"201900030769";"26";"7";"2019";"12:40";"1";"56";"56066";"1";"2";"1";"2";"Crann Pipidic";"48,1405100";" -3,5736770"
"201900030770";"25";"7";"2019";"10:19";"1";"56";"56160";"1";"1";"1";"1";"Le Gros Chêne";"47,9855000";" -2,7026770"
"201900030771";"27";"7";"2019";"11:05";"1";"56";"56257";"1";"1";"1";"1";"17 lieu dit ""Caussac""";"48,0815400";" -2,5458200"
"201900030772";"28";"7";"2019";"09:15";"1";"56";"56193";"1";"1";"1";"3";"Kerhabonnet";"47,7341190";" -3,3109910"
"201900030773";"27";"7";"2019";"09:45";"1";"56";"56013";"1";"1";"1";"3";"Kergou";"47,6749430";" -3,1567960"
"201900030774";"26";"7";"2019";"17:10";"1";"56";"56186";"2";"1";"1";"3";"Boulevard Louison Bobet";"47,4749280";" -3,1015280"
"201900030775";"26";"7";"2019";"16:25";"1";"74";"74104";"2";"1";"2";"3";"4375 Route d'Annecy";"45,8157790";"6,2082140"
"201900030776";"28";"7";"2019";"00:22";"5";"2A";"2A362";"2";"3";"3";"3";"RT10";"41,7491370";"9,1698970"
"201900030777";"28";"7";"2019";"01:00";"3";"2B";"2B250";"2";"1";"3";"6";"Rotondo";"42,5014930";"9,4030330"
"201900030778";"27";"7";"2019";"15:30";"1";"2B";"2B346";"1";"1";"2";"1";"rt11";"42,5056340";"9,4735000"
"201900030779";"27";"7";"2019";"18:50";"1";"80";"80368";"2";"1";"2";"6";"Rue André Vilfroy";"50,0766470";"1,5411480"
"201900030780";"25";"7";"2019";"16:00";"1";"80";"80183";"1";"1";"1";"1";"D190";"49,9546510";"1,7650310"
"201900030781";"25";"7";"2019";"09:30";"1";"32";"32107";"1";"1";"1";"1";"CD931 - PK19+700";"43,9387240";"0,3599100"
"201900030782";"28";"7";"2019";"13:45";"1";"71";"71468";"1";"1";"8";"7";"D1";"46,8414050";"4,4985890"
"201900030783";"24";"7";"2019";"19:50";"1";"71";"71374";"1";"1";"1";"7";"D981 hammeau des marguerons";"46,7416920";"4,7089290"
"201900030784";"28";"7";"2019";"11:40";"1";"63";"63281";"1";"2";"1";"5";"21 Route la Fayette";"46,1114630";"2,6983980"
"201900030785";"3";"7";"2019";"12:56";"1";"61";"61114";"1";"1";"1";"1";"Brevaux";"48,7909840";" -0,0876760"
"201900030786";"27";"7";"2019";"13:25";"1";"49";"49368";"2";"3";"2";"3";"rue de longué";"47,3928101";"0,0513177"
"201900030787";"26";"7";"2019";"15:45";"1";"12";"12243";"1";"1";"1";"6";"Départementle 999";"43,9992940";"2,9696630"
"201900030788";"27";"7";"2019";"10:20";"1";"12";"12026";"1";"1";"2";"5";"RN 88";"44,3956280";"2,7716520"
"201900030789";"25";"7";"2019";"10:10";"1";"12";"12241";"2";"1";"1";"6";"Place de la mairie";"44,3382330";"2,6261900"
"201900030790";"26";"7";"2019";"15:42";"1";"42";"42091";"1";"1";"1";"1";"ROUTE DEPARTEMENTALE 498";"45,4162330";"4,0009860"
"201900030791";"4";"7";"2019";"07:45";"1";"41";"41256";"1";"1";"7";"6";"L'Isle Parin";"47,3066050";"1,9945070"
"201900030792";"25";"7";"2019";"21:51";"5";"68";"68082";"2";"1";"1";"5";"RD2";"47,8686660";"7,3501330"
"201900030793";"27";"7";"2019";"11:45";"1";"68";"68349";"2";"2";"1";"5";"19 rue de paris";"47,6062160";"7,5690760"
"201900030794";"25";"7";"2019";"15:00";"1";"25";"25156";"1";"1";"1";"1";"RD683 PK85";"47,4091880";"6,5299940"
"201900030795";"23";"7";"2019";"11:55";"1";"44";"44069";"2";"9";"7";"2";"4 Rue de la Briquerie";"47,3247090";" -2,4113090"
"201900030796";"25";"7";"2019";"07:20";"1";"44";"44157";"1";"2";"1";"3";"La Cité";"46,9544790";" -1,7174710"
"201900030797";"25";"7";"2019";"15:20";"1";"44";"44128";"1";"2";"1";"3";"Trelan";"47,5586360";" -1,8069340"
"201900030798";"26";"7";"2019";"09:10";"1";"29";"29206";"1";"1";"1";"3";"RD10";"48,6501570";" -4,2073020"
"201900030799";"25";"7";"2019";"16:10";"1";"31";"31042";"1";"1";"7";"6";"D125";"42,7528030";"0,6086270"
"201900030800";"28";"7";"2019";"04:15";"5";"31";"31159";"2";"1";"1";"6";"13 Chemin de la Plagne";"43,1338320";"0,6001250"
"201900030801";"26";"7";"2019";"16:00";"1";"31";"31584";"1";"1";"2";"6";"1741 route de villaudric";"43,8499000";"1,4661500"
"201900030802";"27";"7";"2019";"23:30";"3";"38";"38080";"1";"1";"3";"7";"D1075";"45,5244700";"5,5942900"
"201900030803";"26";"7";"2019";"20:20";"1";"3";"03074";"1";"1";"8";"7";"N/A";"46,6032845";"3,5337823"
"201900030804";"27";"7";"2019";"15:10";"1";"15";"15092";"2";"1";"1";"4";"Rue Charles de Gaulle";"45,4378890";"2,5345490"
"201900030805";"26";"7";"2019";"14:20";"1";"70";"70271";"1";"1";"1";"6";"Rue du Stade";"47,6004090";"6,4724230"
"201900030806";"24";"7";"2019";"19:30";"1";"70";"70478";"1";"1";"1";"1";"D 14";"47,7017530";"6,2815560"
"201900030807";"27";"7";"2019";"17:10";"1";"26";"26188";"1";"1";"8";"7";"Route Départementale 5";"44,2287150";"5,1724280"
"201900030808";"25";"7";"2019";"10:55";"1";"66";"66187";"2";"1";"1";"6";"Avenue du 16 Août 1944";"42,8076990";"2,5023250"
"201900030809";"27";"7";"2019";"00:45";"3";"54";"54146";"1";"1";"1";"6";"Route départementale 674";"48,5741160";"5,8873130"
"201900030810";"8";"7";"2019";"16:53";"1";"6";"06127";"2";"1";"1";"7";"M2565";"44,0896150";"7,2494280"
"201900030811";"26";"7";"2019";"14:20";"1";"6";"06089";"1";"3";"1";"3";"Route de Roquefort";"43,6534921";"7,0282383"
"201900030812";"18";"7";"2019";"11:30";"1";"14";"14752";"2";"1";"2";"7";"Boulevard du 13 Juin 1944";"49,0828550";" -0,6458680"
"201900030813";"27";"7";"2019";"16:30";"1";"14";"14274";"2";"2";"1";"3";"Rue aux Hervieu";"49,1456940";" -0,4539110"
"201900030814";"25";"7";"2019";"21:55";"3";"5";"05045";"1";"2";"1";"7";"RN94";"44,5349950";"6,4670310"
"201900030815";"26";"7";"2019";"11:20";"1";"50";"50240";"1";"1";"1";"2";"D37 - PK 12.200";"49,5577300";" -1,7816140"
"201900030816";"28";"7";"2019";"15:10";"1";"50";"50433";"1";"1";"1";"6";"route du cap";"49,6242910";" -1,2612260"
"201900030817";"25";"7";"2019";"18:30";"1";"90";"90007";"1";"1";"1";"4";"N1019";"47,5986150";"6,8191150"
"201900030818";"27";"7";"2019";"11:40";"1";"45";"45175";"1";"9";"1";"1";"La Tauviniere";"47,7496473";"1,8346299"
"201900030819";"27";"7";"2019";"19:50";"1";"64";"64386";"2";"2";"2";"3";"1 route de PAU";"43,1892419";" -0,2503662"
"201900030820";"26";"7";"2019";"10:40";"1";"64";"64389";"1";"1";"1";"7";"Route des Crêtes";"43,4202556";" -0,2079840"
"201900030821";"28";"7";"2019";"00:39";"3";"64";"64060";"1";"6";"2";"7";"1 Route de Mourenx";"43,3257960";" -0,4699240"
"201900030822";"26";"7";"2019";"09:10";"1";"43";"43020";"2";"1";"7";"7";"Boulevard de la Sablière";"45,3055260";"4,1116220"
"201900030823";"3";"5";"2019";"12:14";"1";"36";"36202";"1";"1";"1";"3";"ROUTE DEPARTEMENTALE 67";"46,8136816";"1,6106451"
"201900030824";"25";"4";"2019";"16:25";"1";"36";"36202";"2";"1";"1";"6";"PARKING CENTRE COMMERCIAL LECLERC";"46,7864800";"1,6527800"
"201900030825";"19";"5";"2019";"00:40";"3";"35";"35288";"1";"9";"1";"7";"RN 137";"48,6197600";" -1,9881900"
"201900030826";"29";"5";"2019";"19:00";"1";"35";"35238";"1";"9";"1";"3";"ROCADE 1-2";"48,1277800";" -1,7127100"
"201900030827";"27";"5";"2019";"11:10";"1";"35";"35238";"2";"6";"1";"2";"PAYS-BAS (AVENUE DES)";"48,0880800";" -1,6607700"
"201900030828";"27";"5";"2019";"10:15";"1";"35";"35238";"2";"1";"1";"6";"SAINT-HELIER";"48,1054800";" -1,6657300"
"201900030829";"25";"5";"2019";"10:20";"1";"35";"35238";"2";"1";"1";"6";"PORTUGAL (BD DU)";"48,0835100";" -1,6628200"
"201900030830";"24";"5";"2019";"17:10";"1";"35";"35238";"2";"1";"1";"2";"FREVILLE (AVENUE HENRI)";"48,0852900";" -1,6744310"
"201900030831";"24";"5";"2019";"07:00";"1";"35";"35278";"1";"1";"1";"3";"RD 137";"48,1801720";" -1,7194190"
"201900030832";"23";"5";"2019";"19:00";"1";"35";"35238";"2";"1";"1";"3";"ROGER HENRI GUERRAND (RUE)";"48,0988500";" -1,6985900"
"201900030833";"22";"5";"2019";"08:25";"1";"35";"35238";"2";"1";"1";"2";"PATTON (AVENUE DU GENERAL SIR GEORGES)";"48,1276872";" -1,6647658"
"201900030834";"21";"5";"2019";"09:30";"1";"35";"35238";"2";"1";"1";"6";"BOURGEOIS (BOULEVARD LEON)";"48,0998800";" -1,6511400"
"201900030835";"20";"5";"2019";"17:15";"1";"35";"35238";"1";"1";"1";"3";"PORTE DE BREST";"48,1193000";" -1,7203000"
"201900030836";"19";"5";"2019";"18:30";"1";"35";"35238";"2";"1";"1";"6";"PREVALAYE (QUAI DE LA)";"48,1073300";" -1,6943100"
"201900030837";"16";"5";"2019";"08:35";"1";"35";"35238";"1";"9";"7";"4";"RN136";"48,0803190";" -1,6778760"
"201900030838";"14";"5";"2019";"17:25";"1";"35";"35238";"2";"1";"1";"3";"SAINT-BRIEUC (DE)";"48,1157100";" -1,7085400"
"201900030839";"12";"5";"2019";"05:00";"5";"35";"35281";"1";"1";"1";"7";"RD 177";"48,0742048";" -1,7120545"
"201900030840";"11";"5";"2019";"20:05";"1";"35";"35238";"2";"7";"1";"3";"LORIENT (DE)";"48,1072600";" -1,7188200"