"Num_Acc";"jour";"mois";"an";"hrmn";"lum";"dep";"com";"agg";"int";"atm";"col";"adr";"lat";"long"
"201900030841";"11";"5";"2019";"18:30";"1";"35";"35238";"2";"3";"1";"6";"LORIENT (DE)";"48,1087900";" -1,7100500"
"201900030842";"10";"5";"2019";"20:22";"2";"35";"35238";"2";"1";"2";"3";"ISLY (RUE D')";"48,1055300";" -1,6775600"
"201900030843";"10";"5";"2019";"02:45";"5";"35";"35238";"2";"2";"1";"3";"LEGRAVEREND";"48,1172100";" -1,6808300"
"201900030844";"9";"5";"2019";"18:05";"1";"35";"35051";"1";"6";"1";"4";"LONGCHAMPS (PORTE DES)";"48,1416320";" -1,6277440"
"201900030845";"7";"5";"2019";"18:35";"1";"35";"35278";"1";"1";"3";"2";"RD 29";"48,1584000";" -1,6972440"
"201900030846";"7";"5";"2019";"15:57";"1";"35";"35238";"1";"9";"1";"2";"ROCADE 10-11";"48,1117100";" -1,7184200"
"201900030847";"7";"5";"2019";"00:15";"5";"35";"35238";"2";"1";"1";"3";"SAINT-CAST (PASSAGE)";"48,1135220";" -1,6872150"
"201900030848";"6";"5";"2019";"19:40";"1";"35";"35238";"2";"1";"1";"2";"ROPARTZ (GUY)";"48,1281900";" -1,6572800"
"201900030849";"20";"4";"2019";"18:00";"1";"35";"35238";"2";"1";"1";"7";"ALSACE (D')";"48,1223840";" -1,7041090"
"201900030850";"5";"5";"2019";"21:40";"5";"35";"35238";"2";"1";"1";"3";"VANEAU";"48,1102090";" -1,6928230"
"201900030851";"4";"5";"2019";"11:40";"1";"35";"35238";"2";"1";"8";"6";"VOLCLAIR (BD LOUIS)";"48,0883700";" -1,6719600"
"201900030852";"4";"5";"2019";"14:05";"1";"35";"35278";"2";"9";"1";"6";"CHESNAIS BEAUREGARD (RUE DU)";"48,1366700";" -1,6915300"
"201900030853";"4";"5";"2019";"02:15";"3";"35";"35278";"1";"1";"1";"7";"D 175";"48,1543000";" -1,6245200"
"201900030854";"3";"5";"2019";"23:30";"3";"35";"35206";"1";"1";"1";"2";"RN136";"48,0813955";" -1,6604642"
"201900030855";"3";"5";"2019";"17:45";"1";"35";"35238";"1";"1";"1";"2";"RN136";"48,0816800";" -1,6970800"
"201900030856";"3";"5";"2019";"16:00";"1";"35";"35238";"2";"1";"1";"3";"JANVIER (AVENUE JEAN)";"48,1082900";" -1,6736400"
"201900030857";"2";"5";"2019";"19:10";"1";"35";"35238";"2";"1";"1";"6";"SERGENT MAGINOT (AVENUE)";"48,1100100";" -1,6597700"
"201900030858";"2";"5";"2019";"18:05";"1";"35";"35238";"2";"1";"1";"5";"GROS MALHON (AVENUE)";"48,1298970";" -1,6841180"
"201900030859";"2";"5";"2019";"18:35";"1";"35";"35238";"2";"3";"1";"3";"NANTES (DE)";"48,1010240";" -1,6851510"
"201900030860";"2";"5";"2019";"17:30";"1";"35";"35238";"2";"9";"1";"3";"RN136";"48,1187200";" -1,7198400"
"201900030861";"2";"5";"2019";"02:10";"3";"35";"35238";"1";"1";"1";"3";"RN136";"48,1078210";" -1,7176850"
"201900030862";"30";"4";"2019";"14:50";"1";"35";"35238";"2";"1";"1";"3";"LORIENT (DE)";"48,1068700";" -1,7279500"
"201900030863";"30";"4";"2019";"14:30";"1";"35";"35238";"2";"2";"1";"3";"PASTEUR (PONT)";"48,1101800";" -1,6742300"
"201900030864";"16";"5";"2019";"16:50";"1";"35";"35115";"2";"6";"1";"3";"GROSLAY (BD DE DU N°25 AU 43)";"48,3511300";" -1,1850100"
"201900030865";"26";"4";"2019";"22:50";"5";"35";"35115";"2";"1";"1";"6";"VERRERIE (AVENUE DE LA)";"48,3606630";" -1,1910110"
"201900030866";"28";"5";"2019";"15:55";"1";"34";"34301";"1";"2";"1";"1";"AVENUE DES EAUX BLANCHES";"43,4209800";"3,7227800"
"201900030867";"17";"5";"2019";"13:35";"1";"34";"34108";"2";"3";"2";"6";"MISTRAL FREDERIC (AVENUE)";"43,4475995";"3,7528851"
"201900030868";"28";"5";"2019";"15:00";"1";"34";"34172";"2";"3";"1";"1";"SOULAS (AVENUE DU PERE";"43,6226900";"3,8544800"
"201900030869";"27";"5";"2019";"12:00";"1";"34";"34172";"2";"1";"1";"3";"PAVELET (AVENUE DU COLONEL)";"43,5852900";"3,8599600"
"201900030870";"27";"5";"2019";"13:58";"1";"34";"34172";"2";"3";"1";"6";"ZUCCARELLI (PONT JEAN)";"43,6007100";"3,8973900"
"201900030871";"26";"5";"2019";"22:45";"5";"34";"34172";"2";"2";"1";"3";"EUROPE (AVENUE DE L')";"43,6342100";"3,8224400"
"201900030872";"23";"5";"2019";"18:00";"1";"34";"34172";"2";"2";"1";"2";"PONT DE LAVERUNE (RUE DU)";"43,6064600";"3,8370900"
"201900030873";"23";"5";"2019";"15:40";"1";"34";"34172";"2";"1";"1";"4";"LAURENS (QUAI)";"43,6045200";"3,8891900"
"201900030874";"25";"5";"2019";"09:50";"1";"34";"34172";"2";"1";"1";"1";"PEDRO DE LUNA (BOULEVARD)";"43,5947700";"3,8711500"
"201900030875";"23";"5";"2019";"18:50";"1";"34";"34172";"2";"2";"1";"3";"GAMBETTA (COURS)";"43,6065300";"3,8721900"
"201900030876";"23";"5";"2019";"16:25";"1";"34";"34172";"2";"1";"1";"2";"VANIERES (AVENUE DE)";"43,5966304";"3,8451521"
"201900030877";"21";"5";"2019";"18:20";"1";"34";"34172";"2";"2";"1";"3";"MARCHE GARE (AVENUE DU)";"43,5832800";"3,8873200"
"201900030878";"17";"5";"2019";"15:20";"1";"34";"34172";"2";"2";"8";"3";"DUBOUT (AVENUE ALBERT)";"43,5969200";"3,8777000"
"201900030879";"15";"5";"2019";"16:05";"1";"34";"34172";"2";"1";"1";"4";"LIBERTE (AVENUE DE LA";"43,6030500";"3,8661600"
"201900030880";"15";"5";"2019";"14:55";"1";"34";"34172";"2";"9";"1";"3";"REGIMENT D'ARTILLERIE";"43,6013000";"3,8627000"
"201900030881";"11";"5";"2019";"20:35";"2";"34";"34172";"2";"1";"1";"7";"CAMUS (RUE ALBERT)";"43,5902800";"3,8696700"
"201900030882";"14";"5";"2019";"18:30";"1";"34";"34172";"2";"1";"1";"2";"BLAYAC (RUE DU PROFESSEUR)";"43,6242500";"3,8285200"
"201900030883";"11";"5";"2019";"20:55";"2";"34";"34172";"2";"2";"1";"1";"ALCO (RUE D'";"43,6178900";"3,8394700"
"201900030884";"11";"5";"2019";"14:40";"1";"34";"34172";"2";"1";"1";"7";"PAS DU LOUP (RUE DU";"43,5974800";"3,8457100"
"201900030885";"10";"5";"2019";"18:25";"1";"34";"34172";"2";"1";"1";"6";"SAINT LOUIS (RUE)";"43,6108300";"3,8666400"
"201900030886";"9";"5";"2019";"17:50";"1";"34";"34172";"2";"9";"1";"3";"VALERY (BOULEVARD PAUL";"43,5910600";"3,8545600"
"201900030887";"9";"5";"2019";"16:50";"1";"34";"34172";"2";"1";"1";"4";"LIBERTE (AVENUE DE LA";"43,6087540";"3,8461310"
"201900030888";"9";"5";"2019";"13:55";"1";"34";"34172";"2";"2";"1";"6";"HEIDELBERG (AVENUE DE)";"43,6270400";"3,8172900"
"201900030889";"7";"5";"2019";"08:00";"1";"34";"34172";"2";"9";"1";"2";"NIMES (AVENUE DE)";"43,6152000";"3,8839000"
"201900030890";"6";"5";"2019";"17:46";"1";"34";"34172";"2";"9";"1";"3";"CROIX DE LAVIT (RUE DE LA)";"43,6368000";"3,8448100"
"201900030891";"3";"5";"2019";"09:50";"1";"34";"34172";"2";"1";"1";"2";"ANOUBLES (RUE DES)";"43,5901700";"3,8880100"
"201900030892";"3";"5";"2019";"11:45";"1";"34";"34198";"1";"1";"1";"3";"D66  VOIE RAPIDE";"43,5724500";"3,9548400"
"201900030893";"2";"5";"2019";"17:45";"1";"34";"34172";"2";"1";"1";"6";"GAMBETTA";"43,6058300";"3,8730700"
"201900030894";"1";"5";"2019";"12:20";"1";"34";"34172";"2";"2";"1";"3";"TOULOUSE (AVENUE DE";"43,6028400";"3,8552400"
"201900030895";"29";"4";"2019";"15:35";"1";"34";"34172";"2";"1";"1";"2";"CHATEAU D'O (ROND-POINT DU)";"43,6314200";"3,8427400"
"201900030896";"28";"5";"2019";"09:00";"1";"34";"34032";"2";"1";"9";"7";"FONT-NEUVE (AV DE LA)";"43,3515019";"3,2178918"
"201900030897";"13";"5";"2019";"18:20";"1";"34";"34032";"2";"1";"1";"7";"PONT NEUF (RUE DU)";"43,3387790";"3,2096090"
"201900030898";"9";"5";"2019";"22:20";"3";"34";"34032";"1";"9";"1";"1";"ROUTE DEPARTEMENTALE 612";"43,3565500";"3,2500100"
"201900030899";"8";"5";"2019";"23:35";"3";"34";"34032";"1";"1";"1";"7";"ROUTE DE MURVIEL (RD.19 - SECT.3)";"43,3560000";"3,1997400"
"201900030900";"6";"5";"2019";"23:30";"5";"34";"34032";"2";"1";"1";"7";"WILSON PRESIDENT (AV DU)";"43,3356700";"3,2266600"
"201900030901";"2";"5";"2019";"18:30";"1";"34";"34073";"2";"1";"1";"6";"LAURES (AV. JEAN)";"43,3228900";"3,3070600"
"201900030902";"17";"5";"2019";"10:45";"1";"34";"34003";"1";"1";"3";"1";"RD612";"43,3111700";"3,5206800"
"201900030903";"21";"5";"2019";"12:13";"1";"34";"34003";"2";"1";"1";"2";"GENTILSHOMMES (H16 A L17";"43,2799600";"3,5160700"
"201900030904";"4";"5";"2019";"20:00";"2";"34";"34003";"2";"6";"1";"6";"SETE ( ROUTE)";"43,3110814";"3,4782015"
"201900030905";"3";"5";"2019";"03:50";"5";"34";"34003";"2";"1";"1";"7";"SOLEIL (G15 A J18";"43,3039800";"3,4845000"
"201900030906";"6";"8";"2019";"15:30";"1";"33";"33063";"2";"1";"1";"3";"CRS GEORGES CLEMENCEAU face parking QPARK Clemenceau";"44,8423300";" -0,5797100"
"201900030907";"29";"5";"2019";"18:55";"1";"33";"33249";"2";"3";"1";"2";"RUE MICHEL MONTAIGNE";"44,8722500";" -0,5161500"
"201900030908";"29";"5";"2019";"16:20";"1";"33";"33162";"2";"2";"1";"3";"RUE ANDRE BLANC";"44,8784530";" -0,6413470"
"201900030909";"29";"5";"2019";"10:55";"1";"33";"33063";"2";"1";"1";"7";"BD ALBERT 1ER";"44,8136600";" -0,5657700"
"201900030910";"28";"5";"2019";"22:00";"5";"33";"33063";"2";"2";"1";"3";"PASTEUR CAUD (RUE )";"44,8468910";" -0,6291470"
"201900030911";"27";"5";"2019";"14:30";"1";"33";"33281";"2";"1";"2";"5";"AVE DE L'ARGONNE";"44,8255800";" -0,6821900"
"201900030912";"10";"5";"2019";"23:30";"5";"33";"33063";"2";"1";"2";"6";"PONT Jacques CHABAN DELMAS";"44,8583400";" -0,5519100"
"201900030913";"25";"5";"2019";"23:30";"5";"33";"33039";"2";"9";"1";"1";"Av Jeanne d'Arc (D108)/A630 E20 Bretelle d'entrée";"44,7940320";" -0,5408710"
"201900030914";"24";"5";"2019";"16:00";"1";"33";"33318";"2";"1";"1";"2";"AVE DU DOCTEUR ALBERT SCHWEITZER";"44,8061400";" -0,6076400"
"201900030915";"19";"7";"2019";"14:00";"1";"33";"33281";"2";"4";"1";"5";"AVE RENE CASSIN";"44,8320300";" -0,6720700"
"201900030916";"15";"5";"2019";"07:50";"1";"33";"33039";"2";"3";"1";"2";"Rte de Toulouse/Av Farvarque";"44,8045840";" -0,5721500"
"201900030917";"27";"5";"2019";"12:15";"1";"33";"33039";"2";"2";"1";"3";"Pl du Quatorze Juillet/R. Léon Gambetta/R. Jules Guesde/R. Calixte Camelle";"44,8074540";" -0,5488830"
"201900030918";"24";"5";"2019";"19:48";"1";"33";"33550";"2";"6";"1";"3";"Av du Maréchal Leclerc/Av de Bridgend";"44,7782290";" -0,5706800"
"201900030919";"17";"6";"2019";"17:30";"1";"33";"33063";"2";"3";"1";"6";"BD ANTOINE GAUTIER motard perd le contrôle de sa moto au démarrage suite feu vert";"44,8341490";" -0,5986770"
"201900030920";"26";"5";"2019";"10:00";"1";"33";"33119";"2";"1";"1";"2";"SCHWOB (AVE ROGER)";"44,8553800";" -0,5188200"
"201900030921";"25";"5";"2019";"04:40";"5";"33";"33281";"2";"1";"1";"2";"AVE LEON BLUM";"44,8525400";" -0,6416900"
"201900030922";"12";"7";"2019";"08:00";"1";"33";"33063";"2";"1";"1";"3";"QUAI DE BRAZZA";"44,8576400";" -0,5468000"
"201900030923";"24";"5";"2019";"20:30";"1";"33";"33063";"2";"3";"1";"3";"BD DE L'ENTRE DEUX MER VT A sens Floirac- Bordeaux grille feu rouge et percute VT B sens Nord-Sud Bd Joliot CurieetS";"44,8465000";" -0,5389600"
"201900030924";"24";"5";"2019";"16:00";"1";"33";"33069";"2";"1";"1";"2";"AVE VICTOR HUGO";"44,8694700";" -0,5924000"
"201900030925";"21";"5";"2019";"07:20";"1";"33";"33063";"2";"1";"1";"6";"BD PIERRE 1ER";"44,8578500";" -0,5903700"
"201900030926";"22";"5";"2019";"12:45";"1";"33";"33069";"2";"2";"1";"3";"Av de Tivoli/R. Blanqui/R. Jean Martial";"44,8660340";" -0,5952460"
"201900030927";"5";"6";"2019";"11:45";"1";"33";"33063";"2";"2";"3";"3";"RUE MOUNEYRA";"44,8300700";" -0,5893300"
"201900030928";"24";"4";"2019";"20:20";"5";"33";"33063";"2";"2";"2";"3";"RUE CAMILLE GODARD";"44,8550700";" -0,5744900"
"201900030929";"15";"5";"2019";"13:30";"1";"33";"33281";"2";"3";"1";"3";"RUE DU LOGEY / AVE HENRI VIGNEAU";"44,8376700";" -0,6672200"
"201900030930";"18";"5";"2019";"22:06";"5";"33";"33063";"2";"1";"1";"2";"PONT SAINT- JEAN";"44,8337500";" -0,5524400"
"201900030931";"15";"5";"2019";"20:15";"1";"33";"33063";"2";"1";"1";"6";"RUE DELBOS";"44,8673900";" -0,5513600"
"201900030932";"21";"5";"2019";"07:45";"1";"33";"33162";"2";"2";"1";"3";"Rte du Médoc / Roc A630 E7";"44,8801000";" -0,6276800"
"201900030933";"16";"5";"2019";"17:00";"1";"33";"33063";"2";"2";"1";"6";"71 CRS DE L'YSER - piéton traverse des n° impairs vers pairs";"44,8272120";" -0,5691490"
"201900030934";"11";"5";"2019";"14:30";"1";"33";"33039";"2";"2";"1";"3";"Rue Danielle Mitterrand / Rail du tram";"44,7855873";" -0,5658294"
"201900030935";"4";"5";"2019";"02:45";"3";"33";"33522";"2";"1";"1";"6";"GAMBETTA (CRS )";"44,8139300";" -0,5891100"
"201900030936";"5";"5";"2019";"17:45";"1";"33";"33063";"2";"3";"1";"2";"R. Camille Godard / R. Montgolfier";"44,8550530";" -0,5755640"
"201900030937";"13";"5";"2019";"17:40";"1";"33";"33119";"2";"1";"9";"1";"RUE PIERRE BEREGOVOY";"44,8484600";" -0,5222800"
"201900030938";"6";"5";"2019";"08:50";"1";"33";"33281";"1";"1";"1";"3";"AVE MARCEL DASSAULT";"44,8428900";" -0,7408800"
"201900030939";"6";"5";"2019";"23:10";"5";"33";"33075";"2";"6";"1";"3";"AVE DE CHAVAILLES";"44,8738000";" -0,5792300"
"201900030940";"2";"5";"2019";"17:45";"1";"33";"33063";"2";"1";"1";"6";"5 RUE MARBOTIN - petite fille échappe à la vigilance de sa mère et traverse des n° pairs vers impairs";"44,8312000";" -0,5662200"
"201900030941";"12";"7";"2019";"18:30";"1";"33";"33318";"2";"3";"1";"2";"RUE STEPHANE MALLARME";"44,7926600";" -0,6558100"
"201900030942";"5";"5";"2019";"11:30";"1";"33";"33063";"2";"3";"1";"3";"R. de Caudéran / R. de Marseille";"44,8455430";" -0,5944310"
"201900030943";"28";"4";"2019";"18:05";"1";"33";"33162";"1";"1";"1";"2";"ex D1215";"44,8715300";" -0,6575800"
"201900030944";"26";"4";"2019";"20:30";"1";"33";"33069";"2";"3";"1";"1";"R. Bourbaki/Av de Tivoli";"44,8607040";" -0,5926580"
"201900030945";"7";"5";"2019";"13:50";"1";"33";"33318";"2";"1";"1";"2";"AVE DE CANEJAN";"44,7889300";" -0,6520500"
"201900030946";"30";"4";"2019";"17:47";"1";"33";"33063";"2";"3";"1";"3";"QUAI DES CHARTRONS";"44,8555400";" -0,5638100"
"201900030947";"3";"5";"2019";"16:45";"1";"33";"33318";"2";"3";"1";"3";"R. de Romainville/Accès espace Magonty";"44,7927500";" -0,7056300"
"201900030948";"1";"5";"2019";"16:00";"1";"33";"33063";"2";"3";"1";"3";"RUE FONDAUDEGE";"44,8478263";" -0,5817219"
"201900030949";"28";"3";"2019";"07:40";"1";"33";"33200";"1";"6";"1";"3";"AVE DE MAGUDAS";"44,8617400";" -0,6967300"
"201900030950";"25";"4";"2019";"23:20";"5";"33";"33522";"2";"2";"1";"3";"Crs de la Libération/Av Georges Lasserre/Av Georges Clémenceau";"44,8054500";" -0,5923300"
"201900030951";"2";"5";"2019";"13:45";"1";"33";"33318";"2";"2";"1";"6";"Piétonne percutée traverse Av.DU GENERAL LECLERC des n° pairs vers impairs";"44,7928000";" -0,6713200"
"201900030952";"22";"4";"2019";"02:55";"5";"33";"33069";"2";"1";"1";"6";"EYSINES (AVE D)";"44,8627700";" -0,6170300"
"201900030953";"28";"4";"2019";"00:20";"5";"33";"33063";"2";"3";"1";"6";"RUE DE LA TOUR D'AUVERGNE CAUD";"44,8449600";" -0,6090400"
"201900030954";"25";"4";"2019";"22:15";"5";"33";"33550";"2";"3";"1";"2";"RTE DE TOULOUSE";"44,8031700";" -0,5715500"
"201900030955";"18";"4";"2019";"15:20";"1";"33";"33318";"2";"1";"1";"1";"AVE ANTOINE BECQUEREL";"44,7863300";" -0,6443000"
"201900030956";"20";"4";"2019";"15:40";"1";"33";"33063";"2";"1";"1";"3";"QUAI RICHELIEU";"44,8389600";" -0,5676800"
"201900030957";"24";"4";"2019";"20:05";"1";"33";"33063";"2";"2";"1";"3";"2 Bd du Pdt Wilson - A quitte station essence";"44,8369700";" -0,5988900"
"201900030958";"23";"4";"2019";"16:45";"1";"33";"33063";"2";"2";"1";"3";"RUE VEYSSIERE";"44,8259700";" -0,5603700"
"201900030959";"22";"5";"2019";"14:00";"1";"33";"33529";"2";"6";"1";"2";"BD DE CAZAUX";"44,6101200";" -1,1331200"
"201900030960";"17";"5";"2019";"17:30";"1";"33";"33529";"2";"6";"1";"3";"CARNOT (RUE DU PRESIDENT)";"44,6265800";" -1,1416900"
"201900030961";"15";"5";"2019";"12:55";"1";"33";"33529";"2";"9";"1";"6";"Parking centre commercial face bureau tabac et pharmacie";"44,6110800";" -1,1454300"
"201900030962";"24";"4";"2019";"20:15";"1";"33";"33009";"2";"6";"1";"6";"D217E1 / Av. du Golf";"44,6461100";" -1,1901800"
"201900030963";"12";"5";"2019";"05:25";"3";"33";"33529";"1";"1";"1";"6";"PYLA (BD DU)";"44,6335300";" -1,1721800"
"201900030964";"1";"5";"2019";"14:30";"1";"33";"33529";"2";"3";"1";"3";"BD PIERRE LOTI / R.Michelet";"44,6526600";" -1,1431700"
"201900030965";"28";"4";"2019";"00:20";"5";"33";"33529";"2";"1";"1";"6";"207 BD DE L'OCEAN";"44,6185500";" -1,2016000"
"201900030966";"22";"5";"2019";"17:25";"1";"32";"32013";"2";"1";"1";"7";"CLAUDE DESBONS (PROMENADE)";"43,6556700";"0,5923600"
"201900030967";"22";"5";"2019";"07:55";"1";"32";"32013";"2";"1";"1";"3";"VICTOR HUGO (RUE)";"43,6531400";"0,5720800"
"201900030968";"2";"5";"2019";"10:40";"1";"32";"32013";"2";"1";"1";"7";"ANCIEN FOIRAIL (PLACE)";"43,6486200";"0,5835600"
"201900030969";"1";"5";"2019";"10:00";"1";"32";"32013";"2";"1";"1";"3";"PIERRE DE MONTESQUIOU (AVENUE)";"43,6364100";"0,5894800"
"201900030970";"28";"5";"2019";"16:53";"1";"31";"31557";"2";"1";"3";"1";"BD GENERAL DE GAULLE";"43,5846500";"1,3251400"
"201900030971";"24";"5";"2019";"22:20";"4";"31";"31555";"1";"1";"3";"3";"VA007473 A62";"43,6502400";"1,4321400"
"201900030972";"26";"5";"2019";"10:30";"1";"31";"31149";"1";"1";"1";"3";"ESPLANADE FRANCOIS MITTERRAND ";"43,6062400";"1,3349400"
"201900030973";"24";"5";"2019";"15:00";"1";"31";"31557";"2";"1";"2";"1";"PETIT TRAIN (RUE DU)";"43,5833300";"1,3355400"
"201900030974";"26";"5";"2019";"06:10";"4";"31";"31555";"1";"1";"2";"2";"VA007553 A61";"43,5864000";"1,4959800"
"201900030975";"23";"5";"2019";"16:00";"1";"31";"31555";"2";"1";"1";"3";"AV YVES BRUNAUD";"43,6176600";"1,4660300"
"201900030976";"23";"5";"2019";"14:10";"1";"31";"31555";"2";"1";"1";"3";"Allée Serge RAVANEL";"43,5927600";"1,4526100"
"201900030977";"23";"5";"2019";"06:50";"1";"31";"31149";"2";"6";"7";"3";"BRUNAUD (AVENUE YVES)";"43,6155500";"1,3418700"
"201900030978";"21";"5";"2019";"09:30";"1";"31";"31069";"1";"1";"1";"3";"Voie lactée (RD902)";"43,6592600";"1,3628500"
"201900030979";"20";"5";"2019";"18:12";"1";"31";"31555";"2";"1";"1";"6";"RUE LOUISE WEISS";"43,6401900";"1,4531600"
"201900030980";"20";"5";"2019";"08:15";"1";"31";"31555";"2";"1";"1";"3";"EISENHOWER (AVENUE DU GENERAL)";"43,5627600";"1,3888200"
"201900030981";"19";"5";"2019";"18:50";"1";"31";"31555";"1";"1";"1";"2";"VA007331 A620";"43,6159100";"1,4183900"
"201900030982";"19";"5";"2019";"13:40";"1";"31";"31555";"2";"1";"1";"3";"LYON (AV DE) DU 1AU 37";"43,6160400";"1,4532000"
"201900030983";"17";"5";"2019";"15:45";"1";"31";"31555";"2";"1";"1";"4";"RTE DE LAUNAGUET";"43,6340200";"1,4388100"
"201900030984";"17";"5";"2019";"07:02";"1";"31";"31555";"2";"3";"3";"4";"AV SALVADOR ALLENDE ";"43,6599100";"1,4222900"
"201900030985";"16";"5";"2019";"07:25";"1";"31";"31555";"2";"1";"1";"4";"CHE DE FENOUILLET";"43,6360000";"1,4205400"
"201900030986";"15";"5";"2019";"22:50";"5";"31";"31555";"2";"1";"1";"3";"RTE DE SEYSSES";"43,5703800";"1,4162900"
"201900030987";"15";"5";"2019";"19:35";"1";"31";"31555";"2";"1";"1";"6";"AV DE FRONTON";"43,6477100";"1,4330400"
"201900030988";"15";"5";"2019";"15:14";"1";"31";"31555";"2";"1";"1";"2";"NARBONNE (ROUTE DE)";"43,5708930";"1,4544960"
"201900030989";"15";"5";"2019";"12:55";"1";"31";"31555";"2";"6";"1";"3";"RTE D AGDE";"43,6270800";"1,4773700"
"201900030990";"14";"5";"2019";"19:00";"1";"31";"31555";"2";"1";"1";"6";"AV DE GRANDE BRETAGNE";"43,5985900";"1,4183000"
"201900030991";"14";"5";"2019";"08:38";"1";"31";"31555";"1";"1";"1";"2";"VA007331 A620";"43,6013000";"1,3982000"
"201900030992";"13";"5";"2019";"19:30";"1";"31";"31555";"2";"1";"1";"3";"RUE DE SAINTONGE";"43,5820900";"1,4114800"
"201900030993";"13";"5";"2019";"17:47";"1";"31";"31555";"2";"1";"1";"3";"ETATS UNIS (AV DES) DU 1AU 281";"43,6281500";"1,4332000"
"201900030994";"13";"5";"2019";"08:45";"1";"31";"31555";"2";"1";"1";"6";"PL EDOUARD BOUILLIERE";"43,5674500";"1,3946900"
"201900030995";"12";"5";"2019";"14:00";"1";"31";"31555";"2";"4";"1";"3";"AV CRAMPEL";"43,5874400";"1,4597900"
"201900030996";"12";"5";"2019";"02:00";"4";"31";"31149";"2";"1";"1";"6";"CORNEBARRIEU (ROUTE DE)";"43,6196000";"1,3368000"
"201900030997";"11";"5";"2019";"15:50";"1";"31";"31555";"2";"1";"1";"3";"RUE DU POLE";"43,6474800";"1,4203200"
"201900030998";"11";"5";"2019";"07:50";"1";"31";"31555";"1";"1";"1";"2";"VA007331 A620";"43,5692200";"1,4231600"
"201900030999";"11";"5";"2019";"03:00";"3";"31";"31555";"1";"1";"1";"2";"VA007473 A62";"43,6502200";"1,4224100"
"201900031000";"10";"5";"2019";"17:00";"1";"31";"31555";"2";"1";"1";"3";"PLANA (RUE LOUIS) DU 2AU 170";"43,6152200";"1,4745900"
"201900031001";"8";"5";"2019";"06:40";"2";"31";"31555";"2";"2";"2";"3";"RTE D AGDE";"43,6281300";"1,4794000"
"201900031002";"8";"5";"2019";"22:25";"5";"31";"31555";"2";"1";"1";"3";"RTE DE SEYSSES";"43,5609800";"1,4052200"
"201900031003";"3";"5";"2019";"19:10";"1";"31";"31555";"2";"1";"1";"2";"RUE PAUL GAUGUIN";"43,5632600";"1,4027500"
"201900031004";"2";"5";"2019";"14:15";"1";"31";"31555";"2";"1";"1";"6";"RUE LOUIS VITET";"43,5951900";"1,4589300"
"201900031005";"2";"5";"2019";"09:45";"1";"31";"31555";"1";"1";"1";"3";"VA007553 A61";"43,6209700";"1,4813600"
"201900031006";"1";"5";"2019";"16:15";"1";"31";"31555";"2";"1";"1";"7";"ETATS UNIS (AV DES) DU 1AU 281";"43,6658800";"1,4126400"
"201900031007";"2";"5";"2019";"23:00";"3";"31";"31555";"2";"1";"1";"6";"RTE D ESPAGNE";"43,5705700";"1,4244100"
"201900031008";"1";"5";"2019";"17:40";"1";"31";"31555";"2";"1";"1";"1";"CHE DU SANG DE SERP";"43,6162000";"1,4280300"
"201900031009";"30";"4";"2019";"16:15";"1";"31";"31557";"2";"1";"1";"6";"CHEMIN DE FOURNALIS";"43,5905600";"1,3166200"
"201900031010";"30";"4";"2019";"22:15";"5";"31";"31555";"2";"1";"1";"2";"PORT ST ETIENNE ";"43,5990000";"1,4566000"
"201900031011";"30";"4";"2019";"16:35";"1";"31";"31555";"2";"1";"1";"3";"AV JEAN RIEUX";"43,5983100";"1,4567900"
"201900031012";"29";"4";"2019";"11:15";"1";"31";"31555";"2";"9";"1";"7";"ROND POINT LEON LAJAUNIE";"43,5563700";"1,4065900"
"201900031013";"26";"4";"2019";"18:30";"1";"31";"31555";"1";"1";"1";"4";"VA007331 A620";"43,5707700";"1,4322200"
"201900031014";"26";"4";"2019";"12:31";"1";"31";"31555";"2";"2";"2";"3";"RUE STALINGRAD";"43,6093400";"1,4511900"
"201900031015";"29";"5";"2019";"17:34";"1";"31";"31483";"1";"1";"1";"1";"CAGIRE (AVENUE DU)";"43,1353000";"0,7216900"
"201900031016";"12";"5";"2019";"14:07";"1";"31";"31483";"2";"7";"1";"3";"BARBASTRO (PLACE)";"43,1077700";"0,7262800"
"201900031017";"29";"5";"2019";"22:40";"5";"30";"30189";"2";"2";"1";"3";"JAURES JEAN (BOULEVARD)";"43,8334600";"4,3516800"
"201900031018";"22";"5";"2019";"11:17";"1";"30";"30189";"2";"1";"1";"6";"PROUVE JEAN (AVENUE)";"43,8141000";"4,3525000"
"201900031019";"6";"11";"2019";"16:15";"1";"32";"32013";"2";"1";"1";"3";"TOULOUSE (ROUTE DE)";"43,6528800";"0,6090100"
"201900031020";"11";"11";"2019";"00:15";"3";"30";"30007";"2";"1";"1";"3";"CYPRES (MONTEE DES)";"44,1013500";"4,0806000"
"201900031021";"9";"11";"2019";"11:35";"1";"29";"29019";"2";"1";"3";"7";"BRAILLE";"48,4047800";" -4,4709400"
"201900031022";"10";"11";"2019";"18:47";"5";"17";"17299";"2";"1";"1";"6";"GAMBETTA RUE";"45,9401400";" -0,9711140"
"201900031023";"10";"11";"2019";"08:00";"1";"13";"13212";"2";"1";"1";"6";"DOCTEUR CAUVIN (RUE)";"43,3010000";"5,4171900"
"201900031024";"10";"11";"2019";"16:50";"1";"6";"06027";"2";"3";"1";"3";"PINEDE RUE DE LA";"43,6567660";"7,1584280"
"201900031025";"10";"11";"2019";"15:52";"1";"6";"06123";"2";"1";"1";"6";"GUYNEMER AVENUE";"43,6610830";"7,1961860"
"201900031026";"9";"11";"2019";"11:15";"1";"75";"75120";"2";"1";"1";"4";"BD PERIPHERIQUE INTERIEUR";"48,8608230";"2,4138320"
"201900031027";"8";"11";"2019";"09:15";"1";"75";"75112";"2";"1";"1";"3";"BD PERIPHERIQUE INTERIEUR";"48,8266350";"2,3889950"