"Num_Acc";"jour";"mois";"an";"hrmn";"lum";"dep";"com";"agg";"int";"atm";"col";"adr";"lat";"long"
"201900031028";"10";"11";"2019";"14:10";"1";"75";"75119";"2";"1";"2";"3";"RUE MEYNADIER";"48,8836130";"2,3834910"
"201900031029";"10";"11";"2019";"04:40";"5";"75";"75118";"2";"1";"2";"2";"BOULEVARD NEY";"48,8986440";"2,3574900"
"201900031030";"9";"11";"2019";"12:40";"1";"75";"75118";"2";"2";"1";"6";"RUE JEAN FRANCOIS LEPINE";"48,8860470";"2,3566100"
"201900031031";"9";"11";"2019";"18:20";"5";"75";"75117";"2";"7";"1";"3";"AVENUE DE VILLIERS";"48,8842490";"2,3026560"
"201900031032";"9";"11";"2019";"12:00";"1";"75";"75109";"2";"4";"1";"6";"RUE DU FAUBOURG MONTMARTRE";"48,8766588";"2,3394497"
"201900031033";"9";"11";"2019";"20:00";"5";"75";"75109";"2";"2";"1";"6";"RUE DE MOGADOR";"48,8742700";"2,3313330"
"201900031034";"10";"11";"2019";"15:10";"1";"94";"94028";"2";"9";"8";"3";"CORBIERES(RUE DES)";"48,7717100";"2,4685300"
"201900031035";"9";"11";"2019";"10:40";"1";"93";"93032";"2";"9";"1";"6";"GENERAL DE GAULLE  (PLACE DU)";"48,8871000";"2,5361300"
"201900031036";"10";"11";"2019";"12:50";"1";"93";"93047";"2";"1";"2";"2";"EMILE COSSONEAU (AVENUE)";"48,8980300";"2,5530300"
"201900031037";"10";"11";"2019";"12:50";"1";"92";"92073";"2";"1";"2";"3";"DASSAULT (QUAI MARCEL)";"48,8603800";"2,2246400"
"201900031038";"9";"11";"2019";"18:00";"2";"52";"52287";"2";"1";"1";"1";"Place de la Halle";"48,1399450";"5,5610380"
"201900031039";"27";"10";"2019";"09:15";"1";"17";"17442";"1";"1";"1";"3";"Route de Saintonge";"45,6280960";" -0,7782450"
"201900031040";"11";"11";"2019";"12:25";"1";"81";"81098";"1";"1";"1";"6";"RD 112";"43,6228060";"2,1338210"
"201900031041";"10";"11";"2019";"22:00";"3";"27";"27355";"1";"1";"1";"6";"Lieu Dit la Malmaison";"48,8916300";"1,4298250"
"201900031042";"11";"11";"2019";"15:45";"1";"14";"14061";"1";"1";"2";"7";"Sortie 41 A 84 - Les Perelles - SAINT OUEN DES BESACES";"49,0249050";" -0,8345770"
"201900031043";"10";"11";"2019";"20:30";"5";"83";"83071";"1";"6";"3";"7";"645 Route de Saint Honore";"43,1465590";"6,2564080"
"201900031044";"11";"11";"2019";"03:14";"4";"77";"77069";"2";"1";"1";"6";"D607-27 route de PARIS";"48,4699500";"2,6040400"
"201900031045";"10";"11";"2019";"06:20";"3";"30";"30034";"1";"1";"1";"6";"D6113";"43,7595400";"4,4978450"
"201900031046";"10";"11";"2019";"17:45";"3";"19";"19279";"1";"3";"5";"3";"D17 Pré rouge";"45,2676670";"1,3608700"
"201900031047";"11";"11";"2019";"18:10";"5";"56";"56165";"2";"1";"8";"6";"5 Place Lamennais";"47,9320850";" -2,3996760"
"201900031048";"9";"11";"2019";"14:30";"1";"56";"56036";"2";"1";"1";"6";"Route de Caudan";"47,7872870";" -3,3529840"
"201900031049";"10";"11";"2019";"17:25";"2";"2A";"2A271";"1";"1";"2";"3";"rt 20 baleone";"41,9605970";"8,8124300"
"201900031050";"22";"10";"2019";"08:10";"3";"33";"33424";"1";"3";"1";"3";"Route des Machines";"45,1754900";" -0,9044100"
"201900031051";"10";"11";"2019";"16:00";"1";"11";"11116";"1";"1";"1";"6";"Cuxac-d'Aude";"43,2386000";"2,9999620"
"201900031052";"11";"11";"2019";"09:35";"1";"12";"12257";"1";"1";"8";"6";"D35";"44,5184770";"2,0529040"
"201900031053";"11";"11";"2019";"16:45";"1";"42";"42325";"1";"1";"1";"6";"D42";"45,9370950";"4,1352690"
"201900031054";"10";"11";"2019";"19:55";"3";"68";"68286";"1";"9";"5";"1";"D21.3";"47,6378630";"7,5263940"
"201900031055";"9";"11";"2019";"04:00";"3";"44";"44087";"1";"1";"2";"6";"avenue de la foret";"47,0002640";" -1,7995090"
"201900031056";"11";"11";"2019";"02:30";"3";"44";"44163";"1";"1";"2";"6";"Rue d'Anjou";"47,3800350";" -1,1175400"
"201900031057";"11";"11";"2019";"18:12";"3";"3";"03062";"1";"1";"2";"6";"N/A";"46,1825799";"3,1905052"
"201900031058";"5";"11";"2019";"07:45";"1";"90";"90104";"2";"1";"1";"4";"Rue de Brebotte";"47,6064140";"6,9222090"
"201900031059";"11";"11";"2019";"16:15";"1";"60";"60477";"1";"1";"2";"6";"D2";"49,4134390";"1,9396930"
"201900031060";"10";"11";"2019";"23:10";"3";"53";"53185";"1";"1";"8";"1";"D176";"48,4649210";" -0,2373470"
"201900031061";"20";"10";"2019";"11:45";"1";"40";"40152";"1";"1";"8";"3";"Avenue de l'Océan";"43,9621440";" -1,0033200"
"201900031062";"10";"11";"2019";"18:45";"5";"23";"23106";"2";"1";"1";"6";"grand rue";"46,2382120";"2,3863780"
"201900031063";"10";"11";"2019";"18:33";"5";"88";"88465";"2";"1";"1";"6";"Rue Pierre de Coubertin";"48,2465090";"6,4263770"
"201900031064";"11";"11";"2019";"17:10";"2";"60";"60082";"1";"1";"4";"6";"A16 PK 101.600";"49,6830545";"2,2189404"
"201900031065";"4";"11";"2019";"06:40";"3";"34";"34294";"1";"1";"1";"4";"Autoroute A9, PK 78 sens Nimes vers Montpellier.";"43,7038350";"4,1177380"
"201900031066";"10";"11";"2019";"21:00";"5";"971";"97103";"2";"1";"1";"6";"Rue Gabriel Agapéé";"16,2459530";" -61,5949490"
"201900031067";"11";"11";"2019";"06:30";"3";"27";"27517";"1";"1";"1";"7";"A13";"49,1194670";"1,3302290"
"201900031068";"12";"5";"2019";"15:00";"1";"987";"98729";"2";"9";"1";"2";"pk 16 route de ceinture de MOOREA";" -17,5331890";" -149,8386110"
"201900031069";"10";"11";"2019";"07:20";"1";"988";"98831";"1";"1";"1";"6";"R.T.1";" -20,8892650";"164,6762650"
"201900031070";"9";"11";"2019";"17:30";"1";"974";"97415";"2";"1";"1";"7";"9 Chemin Melchior";" -20,9915730";"55,3230760"
"201900031071";"11";"11";"2019";"07:30";"1";"974";"97420";"1";"1";"1";"6";"53 Chemin Commune Ango";" -20,9363500";"55,6293200"
"201900031072";"4";"11";"2019";"18:10";"3";"21";"21540";"2";"6";"2";"3";"Rue des Longènes";"47,3259640";"5,0787860"
"201900031073";"4";"11";"2019";"17:55";"3";"21";"21540";"2";"3";"2";"6";"19 Rue Champ Prieur / D125";"47,3311173";"5,0926706"
"201900031074";"11";"11";"2019";"15:35";"1";"84";"84034";"2";"1";"1";"1";"1 Faubourg Saint Sébastien";"43,8927530";"4,9445070"
"201900031075";"11";"11";"2019";"07:30";"2";"33";"33268";"1";"1";"2";"3";"D2";"45,0450390";" -0,6838580"
"201900031076";"9";"11";"2019";"11:00";"1";"56";"56007";"2";"1";"2";"6";"7 Avenue du Général de Gaulle";"47,6715010";" -2,9913730"
"201900031077";"11";"11";"2019";"14:50";"1";"22";"22198";"2";"6";"8";"3";"D21";"48,7733877";" -3,5203692"
"201900031078";"11";"11";"2019";"16:10";"1";"60";"60446";"2";"1";"2";"2";"21 Rue de Crepy";"49,1472661";"2,8097549"
"201900031079";"17";"10";"2019";"22:35";"3";"60";"60372";"1";"2";"8";"3";"D149";"49,5533612";"2,0979585"
"201900031080";"9";"11";"2019";"21:01";"3";"13";"13215";"1";"1";"1";"2";"A7-Sens Marseille vers Lyon";"43,3737100";"5,3609900"
"201900031081";"10";"11";"2019";"04:00";"3";"69";"69199";"1";"1";"2";"2";"A7   7.000 A 8.630";"45,6868460";"4,8464930"
"201900031082";"10";"11";"2019";"03:25";"5";"69";"69266";"1";"1";"2";"5";"RD383   3.750 A 7.640";"45,7677200";"4,9047200"
"201900031083";"9";"11";"2019";"04:00";"4";"69";"69275";"1";"1";"1";"3";"RN346   29.300 A 34.350";"45,7610800";"4,9852200"
"201900031084";"10";"11";"2019";"13:30";"1";"91";"91086";"1";"1";"1";"7";"RN 104";"48,6232000";"2,3847000"
"201900031085";"10";"11";"2019";"05:02";"3";"91";"91174";"1";"1";"2";"2";"RN 104";"48,6211000";"2,4614000"
"201900031086";"9";"11";"2019";"19:40";"3";"91";"91617";"1";"1";"2";"3";"RN 104";"48,6318630";"2,4998100"
"201900031087";"9";"11";"2019";"19:16";"3";"92";"92050";"1";"1";"1";"2";"A86";"48,9016960";"2,2029337"
"201900031088";"10";"11";"2019";"07:55";"1";"95";"95277";"1";"1";"2";"6";"RD 170 ";"48,9773390";"2,4718566"
"201900031089";"10";"11";"2019";"04:15";"3";"95";"95488";"1";"1";"3";"6";"AUTOROUTE A15";"49,0253400";"2,1317200"
"201900031090";"10";"11";"2019";"21:48";"5";"75";"75112";"1";"1";"1";"6";"A4";"48,8251658";"2,4637270"
"201900031091";"9";"11";"2019";"09:55";"1";"976";"97611";"2";"6";"1";"6";"cavani-Rond point du Stade";" -12,7840600";"45,2231200"
"201900031092";"6";"11";"2019";"19:30";"5";"974";"97416";"2";"9";"1";"3";"LIGNE PARADIS(ROUTE DE LA)";" -21,3049400";"55,4624800"
"201900031093";"9";"11";"2019";"12:40";"1";"972";"97213";"1";"6";"1";"3";"ROUTE NATIONALE 1";"14,6594000";" -60,9710000"
"201900031094";"9";"11";"2019";"20:55";"5";"69";"69389";"2";"1";"1";"6";"ST CYR (DE)                         (R )";"45,7824700";"4,8073800"
"201900031095";"9";"11";"2019";"16:50";"2";"69";"69152";"2";"1";"1";"6";"MURIERS (DES)                       (CH)";"45,6945000";"4,8248000"
"201900031096";"9";"11";"2019";"14:00";"1";"69";"69384";"2";"1";"1";"6";"HENRI CHEVALIER (R)";"45,7833200";"4,8273800"
"201900031097";"9";"11";"2019";"05:15";"3";"69";"69034";"2";"1";"1";"6";"PETIT VERSAILLES (DU)               (MO)";"45,7894800";"4,8527300"
"201900031098";"9";"11";"2019";"09:46";"1";"971";"97113";"2";"1";"1";"2";"GENERAL DE GAULLE (AVENUE)";"16,2064000";" -61,4930600"
"201900031099";"9";"11";"2019";"02:08";"5";"971";"97113";"2";"1";"1";"6";"ROUTE DE PERINET-RD 119";"16,2064900";" -61,4826500"
"201900031100";"9";"11";"2019";"11:15";"1";"91";"91687";"2";"1";"1";"3";"VICTOR SCHOELCHER (AVENUE)";"48,6593800";"2,3734600"
"201900031101";"8";"11";"2019";"22:50";"3";"91";"91228";"1";"1";"1";"7";"RN7";"48,6273580";"2,4427950"
"201900031102";"8";"11";"2019";"13:15";"1";"91";"91027";"2";"1";"1";"5";"MITTERAND (AVENUE FRANCOIS) N° 2 A 110";"48,7039700";"2,3715900"
"201900031103";"8";"11";"2019";"11:50";"1";"85";"85194";"2";"1";"1";"6";"CASTELNEAU (BOULEVARD DE)";"46,4938000";" -1,7747700"
"201900031104";"9";"11";"2019";"09:45";"1";"83";"83137";"2";"1";"1";"6";"HERRIOT (AVE EDOUARD)";"43,1292000";"5,8986800"
"201900031105";"9";"11";"2019";"16:50";"2";"77";"77083";"2";"2";"8";"3";"REPUBLIQUE (BOULEVARD DE LA)";"48,8551200";"2,5802500"
"201900031106";"8";"11";"2019";"06:15";"3";"77";"77143";"1";"1";"1";"6";"CREGY LES MEAUX - D405";"48,9829918";"2,8907203"
"201900031107";"9";"11";"2019";"09:35";"1";"72";"72181";"2";"1";"1";"3";"GENDEBIEN OLIVIER (RUE)";"47,9605000";"0,1972400"
"201900031108";"9";"11";"2019";"05:40";"5";"64";"64102";"2";"1";"2";"6";"RUE DU ROYAL (BASTION)";"43,4870000";" -1,4740000"
"201900031109";"9";"11";"2019";"21:00";"5";"59";"59009";"2";"6";"1";"6";"VERTE RUE";"50,6204200";"3,1268700"
"201900031110";"9";"11";"2019";"10:25";"1";"56";"56083";"2";"1";"2";"6";"JOFFRE (RUE  DU MARECHAL )";"47,8102400";" -3,2659500"
"201900031111";"9";"11";"2019";"17:30";"5";"51";"51454";"2";"1";"1";"3";"RUE DE TINQUEUX";"49,2491600";"4,0120400"
"201900031112";"8";"11";"2019";"18:00";"5";"51";"51454";"2";"1";"1";"5";"BOULEVARD MARCELLIN BERTHELOT";"49,2705500";"4,0693200"
"201900031113";"9";"11";"2019";"21:00";"3";"50";"50218";"1";"2";"8";"3";"AVRANCHES (ROUTE D')";"48,8247800";" -1,5583100"
"201900031114";"8";"11";"2019";"16:25";"1";"50";"50147";"2";"1";"1";"6";"MARNE";"49,0399285";" -1,4399296"
"201900031115";"9";"11";"2019";"06:30";"3";"45";"45075";"1";"1";"8";"4";"D2152 PR67+1";"47,8802686";"1,8116821"
"201900031116";"9";"11";"2019";"10:15";"1";"42";"42183";"2";"1";"1";"7";"LIBERATION (RUE DE LA )";"45,4030700";"4,3637700"
"201900031117";"9";"11";"2019";"17:20";"5";"37";"37233";"2";"3";"2";"7";"LENINE (AVENUE)";"47,3928988";"0,7296618"
"201900031118";"9";"11";"2019";"17:05";"2";"37";"37261";"2";"2";"2";"6";"TRIBUT (RUE MARCEL)";"47,3894600";"0,6983100"
"201900031119";"9";"11";"2019";"06:57";"3";"35";"35238";"2";"9";"1";"2";"BREST (DE)";"48,1115800";" -1,6899900"
"201900031120";"9";"11";"2019";"03:30";"5";"35";"35238";"2";"1";"1";"7";"SAINT-HELIER";"48,1063800";" -1,6682100"
"201900031121";"9";"11";"2019";"00:16";"5";"34";"34172";"2";"2";"1";"5";"CARRIEU (RUE MARIUS)";"43,6162500";"3,8411400"
"201900031122";"9";"11";"2019";"15:00";"1";"33";"33550";"2";"1";"1";"3";"AVE MIRIEU DE LABARRE";"44,7870500";" -0,5363200"
"201900031123";"8";"11";"2019";"19:00";"5";"29";"29232";"1";"1";"1";"2";"LE GUENNEC LOUIS BOULEVARD";"47,9828954";" -4,1108027"
"201900031124";"9";"11";"2019";"17:55";"5";"17";"17299";"2";"1";"2";"6";"QUATRE ANES CENTRE CIAL";"45,9538200";" -0,9765200"
"201900031125";"9";"11";"2019";"11:25";"1";"17";"17299";"2";"1";"1";"6";"DENFERT ROCHEREAU RUE";"45,9384594";" -0,9665848"
"201900031126";"9";"11";"2019";"18:10";"2";"14";"14118";"2";"1";"1";"6";"HAMELIN (QUAI AMIRAL)";"49,1868500";" -0,3793600"
"201900031127";"6";"11";"2019";"20:15";"5";"13";"13214";"2";"9";"1";"6";"DANIEL CASANOVA (BOULEVARD)";"43,3211300";"5,3747900"
"201900031128";"8";"11";"2019";"15:20";"1";"13";"13028";"2";"1";"1";"3";"DULAC (AVENUE GUILLAUME)";"43,1938300";"5,6103000"
"201900031129";"9";"11";"2019";"06:20";"5";"6";"06088";"2";"1";"1";"6";"BELLET (AV. DE)";"43,6926130";"7,2441090"
"201900031130";"9";"11";"2019";"16:00";"1";"75";"75116";"2";"1";"1";"2";"BD PERIPHERIQUE INTERIEUR";"48,8673430";"2,2693660"
"201900031131";"9";"11";"2019";"19:30";"2";"75";"75117";"2";"1";"1";"4";"PORTE DE CLICHY";"48,8973431";"2,3119247"
"201900031132";"9";"11";"2019";"16:00";"1";"75";"75117";"2";"1";"1";"2";"BD PERIPHERIQUE INTERIEUR";"48,8996850";"2,3196400"
"201900031133";"9";"11";"2019";"10:35";"1";"75";"75113";"2";"1";"1";"4";"BD PERIPHERIQUE EXTERIEUR";"48,8215800";"2,3791310"
"201900031134";"9";"11";"2019";"08:45";"1";"75";"75115";"2";"1";"7";"4";"BD PERIPHERIQUE EXTERIEUR";"48,8318970";"2,2816900"
"201900031135";"8";"11";"2019";"18:25";"5";"75";"75115";"2";"1";"1";"3";"BD PERIPHERIQUE EXTERIEUR";"48,8262209";"2,2976751"
"201900031136";"7";"11";"2019";"23:20";"5";"75";"75118";"2";"4";"1";"3";"AVENUE DE LA PORTE DE CLIGNANCOURT";"48,9007427";"2,3442400"
"201900031137";"8";"11";"2019";"23:10";"5";"75";"75120";"2";"2";"2";"3";"RUE PELLEPORT";"48,8707809";"2,3992265"
"201900031138";"9";"11";"2019";"17:20";"2";"75";"75119";"2";"2";"1";"3";"BOULEVARD D ALGERIE";"48,8836570";"2,3969900"
"201900031139";"6";"11";"2019";"13:00";"1";"75";"75116";"2";"4";"1";"3";"ROUTE DE SURESNES";"48,8711190";"2,2723660"
"201900031140";"8";"11";"2019";"11:00";"1";"75";"75115";"2";"7";"1";"3";"QUAI ANDRE CITROEN";"48,8493686";"2,2815406"
"201900031141";"9";"11";"2019";"20:10";"5";"75";"75114";"2";"1";"2";"3";"AVENUE DENFERT ROCHEREAU";"48,8350446";"2,3330678"
"201900031142";"9";"11";"2019";"18:50";"2";"75";"75114";"2";"4";"1";"3";"AVENUE DU MAINE";"48,8290741";"2,3263764"
"201900031143";"9";"11";"2019";"18:45";"5";"75";"75103";"2";"1";"1";"6";"RUE SAINT MARTIN";"48,8665790";"2,3541480"
"201900031144";"8";"11";"2019";"21:55";"5";"94";"94081";"2";"3";"1";"6";"MOULIN DE SAQUET (AV DU)";"48,7910000";"2,3810000"
"201900031145";"9";"11";"2019";"00:15";"3";"94";"94081";"2";"9";"1";"6";"GENERAL MALLERET JOINVILLE (R DU)";"48,7737200";"2,4040700"
"201900031146";"8";"11";"2019";"21:15";"5";"94";"94016";"2";"1";"2";"3";"DIVISION LECLERC (AV DE LA)";"48,7863033";"2,3292651"
"201900031147";"9";"11";"2019";"12:20";"5";"94";"94028";"2";"3";"1";"3";"GAULLE(AVENUE DU GENERAL DE)";"48,7918400";"2,4256400"
"201900031148";"9";"11";"2019";"19:50";"5";"93";"93078";"2";"2";"1";"3";"NATIONS (AVENUE DES)";"48,9763700";"2,5128200"
"201900031149";"9";"11";"2019";"11:20";"1";"93";"93029";"2";"2";"1";"3";"JACQUELINE QUATREMAIRE";"48,9191900";"2,4605300"
"201900031150";"9";"11";"2019";"01:30";"3";"93";"93005";"2";"1";"1";"6";"GARE DE L'ABBAYE (AVENUE DE LA)";"48,9230000";"2,5136500"
"201900031151";"9";"11";"2019";"17:10";"2";"92";"92064";"2";"1";"8";"2";"GOUNOD";"48,8433350";"2,2163370"
"201900031152";"7";"11";"2019";"18:04";"5";"35";"35236";"2";"1";"2";"6";"Rue du Capitaine Martin";"47,6507080";" -2,0870640"
"201900031153";"9";"11";"2019";"20:40";"5";"9";"09261";"2";"1";"2";"6";"Avenue des Evadés de France";"42,9787940";"1,1530720"
"201900031154";"10";"11";"2019";"15:15";"1";"43";"43040";"2";"1";"1";"2";"39 Avenue d'Auvergne";"45,3028620";"3,3786420"
"201900031155";"9";"11";"2019";"17:00";"2";"68";"68162";"1";"2";"1";"3";"CD1bis/CD11I/CD28";"48,1347431";"7,2903820"
"201900031156";"8";"11";"2019";"06:45";"1";"972";"97233";"1";"1";"1";"6";"D19";"14,7040100";" -61,1451520"
"201900031157";"10";"11";"2019";"18:00";"3";"28";"28388";"1";"1";"1";"5";"D910";"48,3873870";"1,4492120"
"201900031158";"9";"11";"2019";"10:15";"1";"86";"86233";"1";"1";"1";"7";"RD 8 PK 3+800";"46,5407560";"0,6351490"
"201900031159";"10";"11";"2019";"07:40";"1";"41";"41252";"1";"1";"8";"2";"A10";"47,7111250";"1,4658410"
"201900031160";"9";"11";"2019";"14:55";"1";"51";"51237";"1";"2";"8";"3";"RN 4";"48,7186290";"3,5475373"
"201900031161";"10";"11";"2019";"16:00";"1";"59";"59058";"1";"6";"1";"7";"288 Route Nationale";"50,2059920";"3,9502550"
"201900031162";"8";"11";"2019";"18:00";"2";"56";"56178";"1";"1";"1";"4";"Lieu-dit Kervouillen";"48,0909290";" -2,9644280"
"201900031163";"9";"11";"2019";"23:40";"3";"56";"56222";"1";"6";"1";"7";"Rue de Rennes";"47,8459752";" -2,7052184"
"201900031164";"9";"11";"2019";"18:25";"5";"82";"82112";"2";"9";"2";"6";"10 Boulevard Lakanal";"44,1031700";"1,0820480"
"201900031165";"9";"11";"2019";"14:45";"1";"68";"68088";"1";"6";"1";"3";"route départementale D429";"47,8480560";"7,2788890"
"201900031166";"10";"11";"2019";"05:55";"3";"39";"39146";"1";"1";"2";"1";"N/A";"46,6570570";"5,5077560"
"201900031167";"11";"10";"2019";"09:00";"1";"44";"44116";"2";"1";"7";"2";"6 Boulevard Dumesnildot";"47,2866490";" -2,0256950"
"201900031168";"8";"11";"2019";"17:20";"1";"29";"29097";"1";"2";"1";"3";"D69>Cosquer Vraz";"48,4951730";" -4,0745650"
"201900031169";"9";"11";"2019";"12:30";"1";"2";"02535";"2";"1";"1";"1";"Rue Aurore Hallez";"49,7815840";"4,0049160"
"201900031170";"10";"11";"2019";"05:50";"5";"3";"03118";"1";"1";"1";"1";"N/A";"46,0763941";"3,2020625"
"201900031171";"9";"11";"2019";"18:50";"3";"3";"03043";"1";"1";"1";"2";"village des Combes";"46,1890923";"3,2615794"
"201900031172";"10";"11";"2019";"09:30";"1";"15";"15218";"1";"1";"1";"6";"D12";"45,2075240";"2,5190270"
"201900031173";"10";"11";"2019";"18:20";"3";"58";"58127";"1";"1";"8";"6";"D977";"47,1936930";"3,3570990"
"201900031174";"10";"11";"2019";"16:15";"1";"66";"66106";"1";"1";"1";"6";"D900";"42,4955600";"2,8246150"
"201900031175";"10";"11";"2019";"18:00";"3";"72";"72007";"1";"1";"1";"1";"Lieu Dit la Butte";"47,9984000";"0,4346480"
"201900031176";"9";"11";"2019";"17:50";"5";"14";"14410";"1";"3";"2";"1";"D152";"49,1094600";" -0,0960180"
"201900031177";"10";"11";"2019";"06:10";"3";"16";"16285";"1";"1";"8";"6";"Ld La Verrerie";"45,5496700";"0,3698450"
"201900031178";"12";"10";"2019";"22:50";"3";"7";"07230";"1";"1";"2";"1";"Route départementale 104";"44,6826600";"4,4630030"
"201900031179";"8";"11";"2019";"16:50";"1";"21";"21689";"2";"1";"1";"6";"1 Route de Villars";"47,4988340";"4,3783520"
"201900031180";"10";"11";"2019";"09:15";"1";"85";"85169";"1";"1";"1";"7";"D2";"46,8042010";" -1,6057030"
"201900031181";"9";"11";"2019";"13:40";"1";"27";"27181";"1";"2";"1";"5";"route Départementale 59";"48,8058850";"1,2710160"
"201900031182";"10";"11";"2019";"07:30";"2";"88";"88373";"1";"1";"1";"7";"D392";"48,5070870";"7,1053830"
"201900031183";"10";"11";"2019";"07:05";"2";"1";"01062";"1";"1";"1";"6";"A42";"45,8539650";"5,1011130"
"201900031184";"9";"11";"2019";"15:21";"1";"1";"01425";"1";"1";"1";"7";"D17";"46,0829620";"5,2517378"
"201900031185";"9";"11";"2019";"04:45";"5";"976";"97605";"2";"1";"1";"6";"Chemin Doua";" -12,8306110";"45,1135650"
"201900031186";"9";"11";"2019";"06:45";"1";"988";"98816";"1";"1";"1";"7";"RT1 PK 138.600";" -21,7082460";"165,5981960"
"201900031187";"3";"11";"2019";"15:30";"1";"974";"97415";"2";"1";"1";"5";"68 Rue de la Baie";" -21,0124290";"55,2642100"
"201900031188";"10";"11";"2019";"08:45";"1";"974";"97419";"2";"1";"1";"6";"Route Nationale 2";" -21,1369270";"55,8068130"
"201900031189";"9";"11";"2019";"02:15";"3";"973";"97311";"1";"1";"1";"1";"Avenue Jean Galmot";"5,5458770";" -53,9414070"
"201900031190";"10";"11";"2019";"04:40";"3";"971";"97116";"1";"1";"1";"1";"Marieulle";"16,3217650";" -61,4747320"
"201900031191";"9";"11";"2019";"15:50";"1";"972";"97224";"1";"9";"1";"2";"D15";"14,6686410";" -61,0208480"
"201900031192";"9";"11";"2019";"18:15";"3";"37";"37072";"2";"2";"2";"1";"Avenue François Mitterrand";"47,1766860";"0,2586410"
"201900031193";"18";"12";"2019";"18:35";"5";"94";"94046";"2";"1";"1";"2";"GENERAL DE GAULLE (AV DU)";"48,8145500";"2,4207300"
"201900031194";"17";"12";"2019";"22:00";"3";"94";"94041";"2";"2";"1";"1";"JEAN COMPAGNON (QU)";"48,8195200";"2,3976800"
"201900031195";"19";"12";"2019";"06:45";"5";"94";"94022";"2";"1";"2";"6";"HUIT MAI 1945 (AV DU)";"48,7645800";"2,4104400"
"201900031196";"18";"12";"2019";"11:25";"1";"94";"94054";"2";"3";"1";"2";"VICTOIRE (AV DE LA)";"48,7447340";"2,3971867"
"201900031197";"19";"12";"2019";"19:15";"5";"94";"94019";"2";"1";"1";"3";"ARISTIDE BRIAND (R)";"48,8000000";"2,5300000"
"201900031198";"19";"12";"2019";"16:00";"2";"93";"93078";"2";"1";"8";"6";"BALLANGER (BD ROBERT)";"48,9515300";"2,5269500"
"201900031199";"19";"12";"2019";"14:00";"1";"93";"93066";"2";"1";"8";"3";"""LANDY RD 20, NR IMPAIRS 1 A 144""";"48,9143000";"2,3424000"
"201900031200";"19";"12";"2019";"17:53";"5";"93";"93077";"2";"1";"1";"3";"ROSNY (AVENUE DE)";"48,8817600";"2,4963500"
"201900031201";"19";"12";"2019";"13:45";"1";"93";"93051";"2";"3";"2";"2";"BELVEDERE";"48,8509000";"2,5701000"
"201900031202";"19";"12";"2019";"09:10";"1";"93";"93045";"2";"1";"8";"6";"PASTEUR AV.";"48,8765000";"2,4130200"
"201900031203";"18";"12";"2019";"20:10";"5";"93";"93032";"2";"9";"1";"3";"ROGER SALENGRO  (AVENUE)";"48,8744000";"2,5668000"
"201900031204";"18";"12";"2019";"14:30";"1";"93";"93032";"2";"1";"1";"2";"GEORGES POMPIDOU    (AVENUE)";"48,8817500";"2,5395400"
"201900031205";"16";"12";"2019";"18:50";"5";"93";"93032";"2";"1";"2";"3";"MONTFERMEIL   (ALLEE DE)";"48,8987500";"2,5374000"
"201900031206";"18";"12";"2019";"19:55";"5";"93";"93029";"2";"1";"1";"3";"REPUBLIQUE (DE LA) N° 1-161";"48,9227100";"2,4405700"
"201900031207";"19";"12";"2019";"20:00";"5";"93";"93029";"2";"2";"1";"3";"DANTON";"48,9204000";"2,4365500"
"201900031208";"19";"12";"2019";"07:00";"5";"93";"93005";"2";"1";"1";"3";"HENRI MATISSE (RUE)";"48,9549702";"2,5000409"
"201900031209";"19";"12";"2019";"10:00";"1";"93";"93001";"2";"1";"1";"6";"VICTOR HUGO (AVE)  N° 167 =>";"48,9129700";"2,4018400"
"201900031210";"19";"12";"2019";"10:10";"1";"92";"92075";"2";"1";"8";"3";"JEAN BLEUZEN (RUE)";"48,8216300";"2,2932000"
"201900031211";"17";"12";"2019";"17:30";"5";"92";"92020";"2";"1";"2";"3";"LIBERTE BOULEVARD DE LA N° PAIRS";"48,8030400";"2,2900100"
"201900031212";"17";"12";"2019";"16:30";"1";"92";"92020";"2";"1";"2";"6";"PARIS (AVENUE DE) 7";"48,8044948";"2,2895926"
"201900031213";"19";"12";"2019";"17:30";"5";"92";"92048";"2";"1";"1";"3";"JEAN JAURES (AVENUE) N° 8 A 72";"48,8083500";"2,2412100"
"201900031214";"18";"12";"2019";"19:45";"5";"92";"92036";"2";"1";"1";"3";"GENERAL DE GAULLE (AVENUE) (PAIRS)";"48,9338109";"2,3137076"
"201900031215";"18";"12";"2019";"12:25";"1";"49";"49244";"1";"2";"1";"1";"La Panne";"47,3729000";" -0,9159060"
"201900031216";"18";"12";"2019";"19:53";"3";"85";"85034";"1";"1";"1";"2";"A83";"46,5975700";" -1,1346500"
"201900031217";"18";"12";"2019";"18:15";"5";"33";"33088";"2";"1";"1";"3";"10 Rue de la Republique";"45,0152200";" -0,0438200"
"201900031218";"19";"12";"2019";"19:00";"3";"31";"31282";"2";"4";"1";"1";"D59";"43,6745610";"1,4566310"