"Num_Acc";"jour";"mois";"an";"hrmn";"lum";"dep";"com";"agg";"int";"atm";"col";"adr";"lat";"long"
"201900031219";"19";"12";"2019";"07:45";"3";"76";"76238";"1";"1";"1";"2";"Rue de Coupeauville";"49,5588577";"0,2341140"
"201900031220";"20";"12";"2019";"18:35";"3";"28";"28388";"1";"1";"1";"1";"D910";"48,3867310";"1,4489110"
"201900031221";"19";"12";"2019";"21:50";"5";"60";"60661";"1";"4";"1";"1";"D1324";"49,2362804";"2,9953838"
"201900031222";"20";"12";"2019";"15:15";"1";"72";"72008";"2";"1";"8";"2";"Boulevard Pierre Lefaucheux";"47,9542030";"0,1799070"
"201900031223";"19";"12";"2019";"20:45";"3";"85";"85109";"1";"1";"2";"6";"Les Bas Enfreins";"46,8802700";" -0,9655010"
"201900031224";"12";"12";"2019";"17:25";"3";"41";"41149";"1";"4";"2";"3";"D116";"47,7419560";"0,8487180"
"201900031225";"18";"12";"2019";"21:15";"3";"57";"57713";"1";"1";"1";"7";"D46";"48,7691026";"7,1396101"
"201900031226";"20";"12";"2019";"16:45";"3";"74";"74242";"1";"1";"3";"6";"Route d'Annecy";"45,8404373";"6,1550257"
"201900031227";"19";"12";"2019";"20:15";"3";"79";"79079";"1";"1";"3";"6";"N/A";"46,9308100";" -0,8222440"
"201900031228";"20";"12";"2019";"07:45";"2";"82";"82176";"1";"1";"2";"1";"Rte d'8 Salvetat Montauban";"43,9812930";"1,5009360"
"201900031229";"19";"12";"2019";"18:35";"5";"11";"11106";"2";"2";"1";"3";"Avenue de Toulouse";"43,2283920";"3,0503700"
"201900031230";"19";"12";"2019";"17:20";"5";"89";"89025";"2";"1";"1";"6";"Chemin Cambon";"47,4886624";"3,9028065"
"201900031231";"17";"12";"2019";"19:10";"3";"61";"61294";"1";"3";"2";"4";"D958";"48,6344120";"0,0999020"
"201900031232";"6";"12";"2019";"11:20";"1";"61";"61133";"2";"3";"2";"6";"Place Albert Roger";"48,6273690";"0,3566720"
"201900031233";"19";"12";"2019";"13:30";"1";"41";"41074";"1";"1";"2";"6";"La Motte Bonneville Sud";"47,6141200";"1,7005450"
"201900031234";"6";"12";"2019";"19:30";"3";"41";"41082";"1";"2";"2";"3";"Route de Fougères";"47,4688380";"1,4043650"
"201900031235";"20";"12";"2019";"20:05";"3";"34";"34300";"1";"1";"2";"1";"D18e4";"43,4126320";"3,3094060"
"201900031236";"20";"12";"2019";"17:50";"3";"25";"25071";"1";"1";"2";"6";"Bondeval";"47,4275970";"6,8431630"
"201900031237";"19";"12";"2019";"17:30";"5";"44";"44212";"2";"1";"3";"6";"5 Route d'Ancenis";"47,1640710";" -1,2686990"
"201900031238";"20";"12";"2019";"09:00";"1";"44";"44057";"1";"1";"1";"1";"D773";"47,5813290";" -2,0375240"
"201900031239";"20";"12";"2019";"17:00";"2";"29";"29072";"2";"2";"3";"5";"11 Avenue de la République";"47,8069490";" -4,2798080"
"201900031240";"20";"12";"2019";"07:30";"3";"31";"31100";"1";"1";"2";"1";"La Garenne - Route départementale 35";"43,2869421";"1,6269665"
"201900031241";"19";"12";"2019";"17:30";"3";"2";"02484";"1";"1";"1";"1";"Avenue du Chemin de Fer";"49,0629720";"3,5023300"
"201900031242";"19";"12";"2019";"21:15";"3";"1";"01227";"1";"1";"8";"6";"D1504";"45,7793314";"5,7076037"
"201900031243";"20";"12";"2019";"15:45";"1";"72";"72267";"2";"6";"1";"6";"Place de l'Église";"48,1723820";"0,5879710"
"201900031244";"4";"12";"2019";"17:30";"2";"6";"06032";"2";"1";"1";"1";"Avenue du Trois Septembre";"43,7230030";"7,4086910"
"201900031245";"17";"12";"2019";"08:40";"2";"14";"14174";"2";"3";"2";"6";"2 Route de Vire";"48,8502660";" -0,5586520"
"201900031246";"20";"12";"2019";"18:15";"3";"10";"10187";"1";"1";"2";"6";"D67";"48,0745080";"4,4630570"
"201900031247";"20";"12";"2019";"11:35";"1";"16";"16134";"1";"1";"3";"6";"Ld Condillac";"45,8580080";"0,6466710"
"201900031248";"18";"12";"2019";"16:30";"2";"24";"24243";"1";"1";"1";"7";"Pommier";"45,2598220";"0,5654690"
"201900031249";"20";"12";"2019";"17:35";"2";"85";"85278";"1";"1";"1";"7";"La Marzelle";"46,4384500";" -1,5491000"
"201900031250";"19";"12";"2019";"18:05";"5";"27";"27679";"2";"2";"8";"1";"Rue Porte de Mortagne";"48,7361750";"0,9214910"
"201900031251";"19";"12";"2019";"05:45";"3";"27";"27378";"1";"1";"1";"2";"RN 12";"48,7805610";"1,1908340"
"201900031252";"19";"12";"2019";"15:15";"1";"23";"23076";"1";"1";"1";"1";"D996";"46,1572130";"2,4808070"
"201900031253";"20";"12";"2019";"08:10";"2";"48";"48092";"2";"6";"3";"6";"27 Boulevard du Marechal Foch";"44,5516990";"3,2921840"
"201900031254";"18";"12";"2019";"20:25";"3";"88";"88487";"1";"1";"8";"6";"7 Le Bas d'Herival";"47,9673700";"6,5272740"
"201900031255";"16";"12";"2019";"07:00";"5";"74";"74268";"2";"4";"1";"1";"Route de Sacconges";"45,8843850";"6,1087250"
"201900031256";"19";"12";"2019";"16:30";"1";"13";"13073";"1";"1";"1";"2";"A52";"43,4012380";"5,5766050"
"201900031257";"20";"12";"2019";"09:25";"1";"988";"98827";"1";"1";"3";"6";"route 1";" -21,3270900";"165,1003300"
"201900031258";"19";"12";"2019";"22:30";"1";"77";"77527";"1";"9";"1";"6";"N/A";"48,6863850";"2,9827100"
"201900031259";"20";"12";"2019";"17:12";"2";"77";"77183";"2";"1";"1";"3";"D204-Avenue de Rebais";"48,9375700";"3,1292800"
"201900031260";"18";"10";"2019";"08:30";"1";"91";"91662";"2";"2";"1";"3";"Rue du Paradis";"48,5136410";"2,1270080"
"201900031261";"16";"12";"2019";"21:35";"5";"78";"78537";"2";"3";"1";"3";"23 Rue de la Muette";"48,5646090";"1,9332240"
"201900031262";"18";"12";"2019";"14:50";"1";"66";"66008";"1";"1";"1";"6";"D914";"42,5829650";"2,9875540"
"201900031263";"10";"12";"2019";"10:50";"1";"84";"84092";"2";"3";"1";"6";"99 Avenue Charles de Gaulle";"43,9554080";"4,8414130"
"201900031264";"19";"12";"2019";"14:45";"1";"55";"55125";"1";"1";"1";"2";"D997";"48,7988350";"4,9734010"
"201900031265";"17";"12";"2019";"22:46";"3";"57";"57442";"1";"2";"2";"3";"D910";"49,0009150";"6,5098290"
"201900031266";"9";"12";"2019";"20:15";"5";"63";"63141";"2";"1";"2";"6";"Avenue de Clermont";"45,7976430";"3,0528900"
"201900031267";"19";"12";"2019";"15:40";"1";"74";"74237";"1";"1";"5";"6";"D1005";"46,3956100";"6,7797400"
"201900031268";"18";"12";"2019";"13:45";"1";"38";"38064";"1";"1";"1";"3";"route de Lyon, lieu dit la vachère";"45,5679580";"5,3577310"
"201900031269";"20";"12";"2019";"07:40";"5";"69";"69243";"2";"1";"1";"6";"Boulevard Robert Michon";"45,8896200";"4,4441600"
"201900031270";"5";"12";"2019";"13:15";"1";"69";"69141";"2";"3";"1";"3";"1 Avenue de la Condamine";"45,6133400";"4,6708300"
"201900031271";"19";"12";"2019";"08:40";"2";"29";"29046";"1";"6";"2";"3";"Route de Quimper";"48,0757690";" -4,3117580"
"201900031272";"19";"12";"2019";"18:55";"5";"22";"22162";"2";"6";"1";"6";"20 Rue Raymond Pellier";"48,7727200";" -3,0397980"
"201900031273";"20";"12";"2019";"09:30";"1";"60";"60116";"1";"1";"2";"3";"D137";"49,3168930";"2,3740400"
"201900031274";"18";"12";"2019";"15:25";"1";"59";"59053";"2";"3";"1";"3";"rue des platanes";"50,3010700";"3,7974470"
"201900031275";"19";"12";"2019";"17:35";"5";"59";"59280";"2";"3";"1";"2";"Rue d'Haltinnes";"50,2816000";"3,0773540"
"201900031276";"19";"12";"2019";"17:15";"5";"59";"59136";"2";"1";"2";"6";"27 Rue du Marché aux Chevaux";"50,1031230";"3,5445480"
"201900031277";"19";"12";"2019";"08:30";"1";"13";"13211";"1";"1";"1";"4";"A50-Sens Marseille vers Aubagne";"43,2932700";"5,4744700"
"201900031278";"18";"12";"2019";"11:13";"1";"13";"13106";"1";"1";"1";"4";"A7-Sens Marseille vers Lyon";"43,3866200";"5,3509700"
"201900031279";"15";"12";"2019";"23:45";"5";"38";"38544";"1";"1";"1";"5";"RD1407   0.000 A 2.331";"45,5054636";"4,8504367"
"201900031280";"19";"12";"2019";"20:00";"5";"94";"94038";"1";"1";"1";"3";"AUTOROUTE A6B";"48,7811522";"2,3468928"
"201900031281";"19";"12";"2019";"18:00";"3";"91";"91617";"1";"1";"1";"2";"RN 104";"48,6383900";"2,5351900"
"201900031282";"19";"12";"2019";"16:05";"1";"94";"94034";"1";"1";"1";"3";"AUTOROUTE A6A";"48,7552800";"2,3332000"
"201900031283";"18";"12";"2019";"21:48";"3";"91";"91182";"1";"9";"1";"3";"AUTOROUTE A6";"48,6292550";"2,4109250"
"201900031284";"19";"12";"2019";"15:25";"1";"78";"78423";"1";"1";"1";"6";"RN12";"48,7973800";"2,0413500"
"201900031285";"18";"12";"2019";"08:20";"2";"92";"92036";"1";"1";"8";"4";"A86";"48,9353984";"2,2611246"
"201900031286";"19";"12";"2019";"18:50";"3";"95";"95060";"1";"1";"1";"4";"AUTOROUTE A115";"49,0400300";"2,1908400"
"201900031287";"18";"12";"2019";"18:45";"5";"93";"93008";"1";"1";"1";"3";"AUTOROUTE A86";"48,9110730";"2,4415290"
"201900031288";"14";"12";"2019";"20:50";"5";"94";"94018";"1";"1";"1";"2";"A4";"48,8196790";"2,4048130"
"201900031289";"16";"12";"2019";"05:50";"5";"75";"75114";"2";"1";"2";"4";"BD PERIPHERIQUE INTERIEUR";"48,8203870";"2,3244410"
"201900031290";"16";"12";"2019";"12:00";"1";"75";"75112";"2";"1";"2";"5";"QUAI DE LA RAPEE";"48,8409990";"2,3734950"
"201900031291";"16";"12";"2019";"20:09";"5";"75";"75106";"2";"2";"1";"3";"RUE SAINT SULPICE";"48,8514720";"2,3370600"
"201900031292";"16";"12";"2019";"08:35";"1";"75";"75105";"2";"1";"2";"6";"AVENUE DES GOBELINS";"48,8370610";"2,3516780"
"201900031293";"16";"12";"2019";"06:00";"5";"75";"75105";"2";"7";"3";"6";"QUAI SAINT BERNARD";"48,8447653";"2,3640132"
"201900031294";"15";"12";"2019";"15:50";"1";"75";"75106";"2";"2";"1";"6";"RUE DE VAUGIRARD";"48,8478430";"2,3295840"
"201900031295";"16";"12";"2019";"07:20";"5";"75";"75120";"2";"1";"3";"6";"BOULEVARD DAVOUT";"48,8611790";"2,4093470"
"201900031296";"16";"12";"2019";"07:30";"5";"75";"75117";"2";"7";"3";"3";"BOULEVARD BERTHIER";"48,8873230";"2,2978860"
"201900031297";"16";"12";"2019";"06:30";"5";"75";"75117";"2";"2";"3";"6";"RUE CARDINET";"48,8915600";"2,3184750"
"201900031298";"16";"12";"2019";"05:30";"5";"75";"75116";"2";"7";"2";"3";"PLACE DE VARSOVIE";"48,8604269";"2,2909337"
"201900031299";"15";"12";"2019";"11:30";"1";"75";"75116";"2";"4";"1";"6";"RUE DE LA POMPE";"48,8615720";"2,2756410"
"201900031300";"16";"12";"2019";"09:50";"1";"75";"75114";"2";"1";"8";"3";"AVENUE JEAN MOULIN";"48,8249280";"2,3201540"
"201900031301";"15";"12";"2019";"22:30";"5";"75";"75114";"2";"4";"1";"3";"AVENUE DU MAINE";"48,8302627";"2,3258819"
"201900031302";"16";"12";"2019";"14:25";"1";"75";"75113";"2";"1";"1";"2";"RUE ALBERT EINSTEIN";"48,8268450";"2,3818280"
"201900031303";"16";"12";"2019";"20:15";"5";"75";"75111";"2";"1";"1";"3";"AVENUE LEDRU ROLLIN";"48,8516210";"2,3763270"
"201900031304";"16";"12";"2019";"03:50";"5";"75";"75112";"2";"1";"3";"6";"ROUTE DE LA PYRAMIDE";"48,8236283";"2,4580085"
"201900031305";"16";"12";"2019";"16:10";"1";"94";"94081";"2";"1";"1";"3";"MAXIMILIEN ROBESPIERRE (AV)";"48,7904900";"2,3878300"
"201900031306";"15";"12";"2019";"20:10";"5";"94";"94081";"2";"1";"2";"6";"JULES FERRY (R)";"48,8016000";"2,3991500"
"201900031307";"16";"12";"2019";"18:00";"5";"94";"94016";"2";"1";"1";"7";"PRESIDENT WILSON (AV DU)";"48,7887000";"2,3245000"
"201900031308";"16";"12";"2019";"17:10";"5";"94";"94003";"2";"1";"1";"6";"CITADELLE (R DE LA)";"48,7986500";"2,3408700"
"201900031309";"15";"12";"2019";"14:20";"1";"94";"94041";"2";"2";"1";"3";"PAUL VAILLANT COUTURIER (BD)";"48,8205200";"2,3951500"
"201900031310";"16";"12";"2019";"07:00";"3";"94";"94033";"2";"1";"3";"3";"NEUILLY (AV DE)";"48,8478900";"2,4892500"
"201900031311";"16";"12";"2019";"07:50";"5";"94";"94060";"2";"1";"2";"6";"PROVENCE (R DE)";"48,7909660";"2,5785680"
"201900031312";"15";"12";"2019";"12:50";"1";"94";"94059";"2";"3";"1";"3";"HENRI BARBUSSE (AV)";"48,8000000";"2,5600000"
"201900031313";"9";"12";"2019";"18:15";"5";"94";"94002";"2";"2";"1";"6";"LATERAL (CHE)";"48,8097100";"2,4224000"
"201900031314";"15";"12";"2019";"01:20";"5";"94";"94002";"2";"9";"2";"6";"PIERRE COSMI (QU)";"48,8147500";"2,4120500"
"201900031315";"16";"12";"2019";"08:20";"2";"93";"93072";"2";"3";"2";"6";"MICHEL ROLNIKAS (RUE)";"48,9616600";"2,3828800"
"201900031316";"15";"12";"2019";"22:10";"5";"93";"93066";"2";"1";"1";"6";"ABU-JAMAL MUMIA (RUE)";"48,9169400";"2,3632900"
"201900031317";"16";"12";"2019";"11:44";"1";"93";"93064";"2";"1";"1";"6";"DE GAULLE (AV DU GENERAL) 58/49 - FIN";"48,8844100";"2,4799090"
"201900031318";"16";"12";"2019";"09:00";"2";"93";"93064";"2";"1";"2";"6";"WALESA (AVENUE LECH)";"48,8715500";"2,4863900"
"201900031319";"12";"12";"2019";"20:50";"5";"93";"93055";"2";"1";"2";"6";"EDOUARD VAILLANT DU 40/62.";"48,9007350";"2,3951150"
"201900031320";"16";"12";"2019";"18:50";"5";"93";"93051";"2";"6";"1";"3";"NEUILLY (PORTE)";"48,8432300";"2,5442100"
"201900031321";"14";"12";"2019";"18:15";"5";"93";"93033";"2";"1";"1";"6";"PRINCES";"48,8580000";"2,5817900"
"201900031322";"16";"12";"2019";"17:12";"5";"93";"93048";"2";"3";"2";"3";"ARISTIDE BRIAND (BOULEVARD)";"48,8697600";"2,4496600"
"201900031323";"16";"12";"2019";"09:30";"1";"93";"93045";"2";"3";"3";"6";"PARIS RUE DE";"48,8800000";"2,4200000"
"201900031324";"16";"12";"2019";"07:20";"2";"93";"93031";"2";"1";"2";"2";"EPINAY (PONT D')";"48,9515650";"2,3070650"
"201900031325";"16";"12";"2019";"16:00";"1";"93";"93027";"2";"1";"2";"6";"VAILLANT-COUTURIER (AVENUE PAUL)";"48,9228500";"2,4128100"
"201900031326";"15";"12";"2019";"07:30";"5";"92";"92072";"2";"1";"2";"6";"GRANDE RUE";"48,8256567";"2,2167063"
"201900031327";"16";"12";"2019";"10:25";"1";"92";"92062";"2";"1";"2";"3";"WALLACE (BD RICHARD) DU 17 AU 91 ET DU 3";"48,8805900";"2,2384300"
"201900031328";"16";"12";"2019";"10:00";"1";"92";"92062";"2";"1";"2";"3";"PARMENTIER (RUE)";"48,8787190";"2,2384680"
"201900031329";"16";"12";"2019";"08:30";"5";"92";"92050";"2";"1";"2";"6";"STALINGRAD RUE DE";"48,8929800";"2,1982600"
"201900031330";"16";"12";"2019";"20:05";"5";"92";"92040";"2";"1";"1";"6";"PONT D ISSY";"48,8299400";"2,2605400"
"201900031331";"16";"12";"2019";"15:50";"1";"92";"92040";"2";"1";"1";"2";"JEAN-PIERRE TIMBAUD";"48,8195780";"2,2497280"
"201900031332";"13";"12";"2019";"19:55";"5";"92";"92036";"2";"1";"1";"6";"GABRIEL PERI (AVENUE) (2/58)";"48,9162283";"2,2958443"
"201900031333";"14";"12";"2019";"19:03";"5";"92";"92025";"2";"2";"1";"3";"GABRIEL PERI (RUE)";"48,9145400";"2,2292090"
"201900031334";"16";"12";"2019";"08:45";"5";"92";"92024";"2";"2";"2";"6";"HUIT MAI 1945 (RUE DU)";"48,8980200";"2,3103100"
"201900031335";"16";"12";"2019";"10:15";"1";"92";"92012";"2";"9";"2";"3";"VICTOR HUGO (AVENUE) 49/FIN - 60/FIN";"48,8388050";"2,2466560"
"201900031336";"21";"7";"2019";"11:10";"1";"47";"47256";"1";"3";"1";"5";"malcournet";"44,6375720";"0,7984210"
"201900031337";"8";"12";"2019";"16:07";"1";"26";"26319";"2";"3";"1";"3";"rue de la Patache";"45,1433400";"5,1197330"
"201900031338";"14";"12";"2019";"10:42";"1";"38";"38378";"2";"9";"2";"6";"Route de Condrieu";"45,4441070";"4,7681750"
"201900031339";"17";"12";"2019";"14:15";"1";"76";"76392";"2";"3";"2";"3";"Rue du Maréchal Leclerc";"49,8357370";"1,3978260"
"201900031340";"9";"11";"2019";"16:30";"1";"64";"64301";"1";"1";"3";"1";"D281";"43,3648001";" -0,6373192"
"201900031341";"15";"12";"2019";"19:20";"3";"974";"97410";"2";"1";"1";"6";"Route Nationale 2";" -21,0483480";"55,7179890"
"201900031342";"17";"12";"2019";"06:25";"1";"974";"97414";"1";"1";"1";"7";"N1";" -21,2848670";"55,3952220"
"201900031343";"17";"12";"2019";"19:00";"3";"62";"62439";"1";"1";"2";"6";"446 La Douce Pature";"50,8021970";"1,8522260"
"201900031344";"17";"12";"2019";"18:25";"3";"62";"62285";"1";"1";"2";"1";"D956";"50,1678110";"2,9006550"
"201900031345";"13";"12";"2019";"08:20";"1";"24";"24490";"1";"3";"2";"3";"D5";"45,2138940";"0,1820040"
"201900031346";"17";"12";"2019";"14:30";"1";"91";"91617";"2";"1";"1";"2";"Route de Saint Pierre";"48,6366340";"2,5120440"
"201900031347";"17";"12";"2019";"08:15";"2";"76";"76240";"2";"1";"2";"2";"D925";"49,7087110";"0,3649530"
"201900031348";"16";"12";"2019";"17:00";"3";"80";"80082";"2";"1";"2";"6";"D1001";"49,9775750";"2,1302080"
"201900031349";"17";"12";"2019";"06:18";"3";"65";"65460";"1";"1";"1";"7";"D935";"43,4188760";"0,0508010"
"201900031350";"16";"12";"2019";"18:15";"3";"65";"65372";"1";"1";"1";"5";"D935";"43,3492020";"0,0713310"
"201900031351";"16";"12";"2019";"18:45";"3";"32";"32169";"1";"4";"6";"3";"D304";"43,4713850";"0,5802440"
"201900031352";"15";"12";"2019";"18:56";"3";"61";"61140";"1";"2";"2";"3";"D918";"48,7174630";"0,6606400"
"201900031353";"12";"12";"2019";"16:50";"2";"49";"49347";"2";"6";"8";"3";"Rue Berthelot de Villeneuve";"47,6146090";" -0,4731960"
"201900031354";"17";"12";"2019";"11:15";"1";"49";"49215";"1";"3";"8";"3";"D938";"47,1197780";" -0,1605900"
"201900031355";"10";"12";"2019";"05:35";"3";"44";"44212";"1";"1";"1";"2";"Le Moulin Gohaud";"47,1848860";" -1,2558990"
"201900031356";"17";"12";"2019";"08:15";"3";"35";"35104";"1";"1";"3";"6";"D4";"48,5162880";" -1,7015140"
"201900031357";"16";"12";"2019";"11:45";"1";"3";"03138";"2";"1";"1";"7";"21 rue de Verdun";"46,2536056";"3,6261443"
"201900031358";"17";"12";"2019";"15:36";"1";"72";"72071";"2";"1";"1";"6";"1 Place Lemonnier";"47,6944560";"0,4179540"
"201900031359";"17";"12";"2019";"15:50";"1";"72";"72331";"1";"1";"2";"6";"D85- Valencienne";"48,1108330";"0,5813760"
"201900031360";"17";"12";"2019";"08:05";"5";"14";"14336";"2";"1";"8";"6";"Route de Caen";"49,1532940";" -0,6490550"
"201900031361";"17";"12";"2019";"16:30";"2";"5";"05054";"1";"1";"1";"1";"Route des Roures";"44,6833970";"6,0610230"
"201900031362";"12";"12";"2019";"18:30";"3";"50";"50469";"1";"1";"2";"6";"Rue de Bas";"49,6584640";" -1,3042190"
"201900031363";"17";"12";"2019";"14:00";"1";"60";"60509";"2";"2";"1";"6";"rue Georges Decroze";"49,3004520";"2,6044840"
"201900031364";"16";"12";"2019";"12:20";"1";"60";"60581";"2";"3";"2";"2";"Rue Tailbouis";"49,5133560";"2,4278610"
"201900031365";"16";"12";"2019";"13:25";"1";"60";"60265";"1";"1";"1";"1";"D1001";"49,5577130";"2,2128296"
"201900031366";"17";"12";"2019";"17:35";"3";"73";"73219";"1";"1";"1";"6";"d921";"45,5462672";"5,7693903"
"201900031367";"16";"12";"2019";"18:00";"5";"18";"18281";"2";"1";"1";"3";"Rue des Lurons";"47,1904490";"2,1812310"
"201900031368";"24";"11";"2019";"11:15";"1";"18";"18041";"1";"1";"1";"3";"D64";"46,6418080";"2,4933880"
"201900031369";"16";"12";"2019";"13:10";"1";"16";"16198";"1";"1";"1";"6";"Ld Pont Maubras";"45,5167820";"0,2631580"
"201900031370";"15";"12";"2019";"06:30";"3";"16";"16175";"1";"1";"3";"6";"Ld Au Poteau";"45,5370450";" -0,0465700"
"201900031371";"17";"12";"2019";"12:30";"1";"40";"40206";"1";"3";"2";"3";"Route de Bidache";"43,5192040";" -1,1066180"
"201900031372";"16";"12";"2019";"09:50";"1";"28";"28168";"1";"2";"2";"3";"D122.3";"48,5353100";"1,6862860"
"201900031373";"17";"12";"2019";"17:35";"3";"17";"17385";"2";"3";"2";"3";"Route des Allées";"45,9366690";" -1,3037690"
"201900031374";"16";"12";"2019";"16:45";"1";"37";"37083";"2";"1";"1";"3";"4 Rue Nationale";"47,2694240";"0,8349090"
"201900031375";"16";"12";"2019";"07:30";"3";"37";"37098";"1";"2";"1";"3";"D910";"47,0515900";"0,6140130"
"201900031376";"16";"12";"2019";"19:10";"3";"37";"37050";"1";"1";"1";"6";"D37 PK4+4";"47,3220697";"0,6996710"
"201900031377";"4";"12";"2019";"13:30";"1";"8";"08271";"1";"1";"1";"7";"Route Départementale 6";"49,2626040";"4,6745230"
"201900031378";"16";"12";"2019";"08:40";"2";"78";"78356";"1";"3";"2";"1";"2 Rue Louis de Marly";"48,7404270";"2,0425850"
"201900031379";"16";"12";"2019";"17:00";"5";"35";"35210";"2";"2";"2";"6";"Avenue Charles le Goffic";"48,1492580";" -1,7764690"
"201900031380";"17";"12";"2019";"08:35";"1";"1";"01422";"1";"1";"1";"2";"A40";"46,1470620";"5,2901770"
"201900031381";"17";"12";"2019";"10:30";"1";"33";"33498";"1";"1";"1";"2";"A63";"44,5618700";" -0,8323000"
"201900031382";"15";"12";"2019";"22:55";"3";"62";"62480";"1";"1";"8";"3";"A26,";"50,4835070";"2,6919080"
"201900031383";"14";"12";"2019";"18:30";"5";"34";"34172";"1";"1";"1";"4";"A709";"43,6038450";"3,9272790"
"201900031384";"17";"12";"2019";"09:37";"1";"38";"38481";"1";"1";"1";"6";"A43";"45,5684500";"5,3414720"
"201900031385";"15";"12";"2019";"06:40";"3";"45";"45169";"1";"1";"3";"7";"A10 PK 99 + 500";"47,8995190";"1,8372530"
"201900031386";"6";"10";"2019";"16:45";"1";"17";"17153";"1";"2";"7";"3";"D10 - D106 E2";"46,2394810";" -1,1086560"
"201900031387";"29";"9";"2019";"23:00";"5";"974";"97410";"2";"3";"1";"3";"RN 2";" -21,0765510";"55,7417160"
"201900031388";"7";"10";"2019";"11:25";"1";"83";"83087";"1";"1";"1";"1";"RD 1";"43,3700870";"5,7813410"
"201900031389";"6";"10";"2019";"15:55";"1";"56";"56184";"2";"6";"1";"6";"Giratoire des genets, Questembert";"47,6695070";" -2,4542920"
"201900031390";"6";"10";"2019";"16:45";"1";"74";"74297";"1";"1";"2";"3";"1415 Route de Geneve";"45,9321290";"5,9313070"
"201900031391";"1";"9";"2019";"04:25";"3";"74";"74282";"1";"1";"1";"7";"Route de Bevillard (Les Ollières)";"45,9816549";"6,1842653"
"201900031392";"7";"10";"2019";"06:15";"3";"76";"76737";"1";"1";"1";"6";"CD 142";"49,6975430";"0,8898520"
"201900031393";"7";"10";"2019";"00:50";"3";"2A";"2A085";"1";"1";"1";"6";"La Rocade";"41,9043590";"8,8301330"
"201900031394";"6";"10";"2019";"20:00";"2";"80";"80494";"1";"1";"1";"7";"D26";"49,7269030";"2,3967210"
"201900031395";"7";"10";"2019";"07:00";"5";"33";"33289";"2";"3";"1";"3";"Prés de Nujons";"44,6454800";"0,0682400"
"201900031396";"7";"10";"2019";"12:08";"1";"61";"61507";"1";"1";"1";"1";"La Gastine";"48,5516460";"0,5869120"
"201900031397";"5";"10";"2019";"21:38";"5";"61";"61096";"2";"2";"1";"3";"6 Rue de Lassay";"48,5130220";" -0,4152340"
"201900031398";"6";"10";"2019";"14:20";"1";"49";"49069";"1";"4";"1";"1";"L'Arche (Champtoceaux)";"47,3399390";" -1,2314160"
"201900031399";"6";"10";"2019";"14:30";"1";"42";"42128";"1";"2";"2";"1";"route nationale 7";"45,9181850";"4,3246760"
"201900031400";"7";"10";"2019";"08:05";"1";"46";"46136";"1";"1";"1";"3";"D811";"44,5116610";"1,2555670"
"201900031401";"7";"10";"2019";"07:50";"2";"15";"15122";"2";"1";"5";"6";"RN 122";"44,7121520";"2,1983280"
"201900031402";"7";"10";"2019";"14:30";"1";"72";"72376";"1";"1";"8";"7";"La Baronnière";"47,8566130";"0,4956340"
"201900031403";"7";"10";"2019";"12:23";"1";"72";"72071";"1";"1";"8";"1";"D305";"47,6902710";"0,3860670"
"201900031404";"6";"10";"2019";"20:16";"3";"72";"72087";"1";"1";"1";"6";"Château de la Barre";"47,9443980";"0,7520720"
"201900031405";"7";"10";"2019";"07:15";"2";"6";"06062";"1";"1";"6";"7";"D6204";"44,0122140";"7,5586170"
"201900031406";"5";"10";"2019";"16:00";"1";"6";"06079";"2";"2";"1";"6";"Avenue du Maréchal Juin";"43,5323680";"6,9343320"
"201900031407";"7";"10";"2019";"20:10";"3";"50";"50562";"2";"1";"2";"6";"Rue de la Hougue";"49,5859530";" -1,2584310"
"201900031408";"7";"10";"2019";"17:00";"1";"16";"16256";"1";"1";"1";"6";"croissant";"45,3451390";" -0,0597800"
"201900031409";"6";"10";"2019";"18:01";"1";"7";"07313";"1";"9";"2";"6";"rd820";"45,3098760";"4,7536370"
"201900031410";"6";"10";"2019";"02:30";"5";"7";"07346";"2";"1";"1";"6";"Faubourg la Cire";"44,4828240";"4,6883400"
"201900031411";"5";"10";"2019";"10:55";"1";"24";"24490";"1";"2";"1";"3";"lieu-dit la forelière";"45,2199100";"0,2211860"
"201900031412";"6";"10";"2019";"17:30";"1";"23";"23213";"1";"1";"2";"1";"Les Coussières";"46,4065190";"2,1881780"
"201900031413";"5";"10";"2019";"10:15";"1";"87";"87146";"2";"1";"1";"1";"14, rue bagatelle";"45,6222770";"1,5028350"
"201900031414";"24";"6";"2019";"04:10";"3";"987";"98752";"1";"1";"2";"6";"PK 51,200 RT1";" -17,7573740";" -149,3705980"
"201900031415";"16";"6";"2019";"17:25";"1";"987";"98734";"1";"1";"1";"7";"PK 29,700 RT1";" -17,7233790";" -149,5057300"