"Num_Acc";"jour";"mois";"an";"hrmn";"lum";"dep";"com";"agg";"int";"atm";"col";"adr";"lat";"long"
"201900031416";"6";"10";"2019";"16:50";"1";"74";"74268";"2";"1";"2";"7";"Route de Vieugy (Seynod)";"45,8607041";"6,0815733"
"201900031417";"16";"9";"2019";"18:15";"1";"74";"74268";"2";"3";"1";"3";"Rue du Champ de la Taillée (Seynod)";"45,8901390";"6,1064610"
"201900031418";"3";"9";"2019";"17:20";"1";"74";"74268";"2";"1";"1";"1";"18 Avenue Henri Zanaroli";"45,8905940";"6,1142810"
"201900031419";"28";"8";"2019";"16:00";"1";"74";"74010";"2";"1";"1";"1";"Route de Quintal";"45,8565060";"6,0890800"
"201900031420";"7";"10";"2019";"12:50";"1";"13";"13068";"2";"1";"6";"6";"23 Avenue de la Vallée des Baux";"43,7225710";"4,7924760"
"201900031421";"6";"10";"2019";"15:00";"1";"45";"45169";"1";"1";"2";"6";"autoroute A10";"47,9197257";"1,8488049"
"201900031422";"5";"10";"2019";"22:15";"3";"987";"98722";"1";"1";"1";"6";"pk 15.900";" -17,5082980";" -149,4380610"
"201900031423";"6";"10";"2019";"02:45";"5";"33";"33199";"2";"3";"2";"6";"149 Avenue Sainte-Marie";"44,6228600";" -1,1093000"
"201900031424";"6";"10";"2019";"15:30";"1";"78";"78497";"1";"1";"1";"3";"D936";"48,6884320";"1,7709060"
"201900031425";"6";"10";"2019";"11:15";"1";"2A";"2A247";"2";"3";"1";"2";"11 B Rue Maréchal Juin";"41,5870121";"9,2761932"
"201900031426";"6";"10";"2019";"15:45";"1";"34";"34052";"1";"1";"1";"3";"cd16";"43,3195520";"3,0345940"
"201900031427";"7";"10";"2019";"00:40";"3";"13";"13007";"1";"1";"1";"6";"6 Quai du 8 Mai 1945";"43,3684530";"5,6307330"
"201900031428";"7";"10";"2019";"18:30";"1";"74";"74201";"1";"1";"1";"2";"Rd1201";"46,1204600";"6,0947670"
"201900031429";"7";"10";"2019";"17:10";"1";"69";"69068";"2";"1";"1";"6";"Quai Jean Moulin";"45,8447600";"4,8322200"
"201900031430";"6";"10";"2019";"06:30";"3";"86";"86029";"1";"1";"1";"6";"D28";"46,2203920";"0,2607250"
"201900031431";"6";"10";"2019";"17:30";"1";"33";"33012";"1";"1";"1";"6";"16 Allée de Chagneau";"44,9676540";" -0,7248790"
"201900031432";"8";"8";"2019";"06:40";"1";"44";"44198";"1";"1";"1";"1";"rd 178 les sorinieres";"47,1209760";" -1,5309660"
"201900031433";"7";"10";"2019";"07:30";"1";"27";"27191";"2";"1";"1";"1";"32 rue de pacy";"49,1064610";"1,2479600"
"201900031434";"7";"10";"2019";"18:23";"1";"27";"27003";"1";"1";"1";"7";"D82";"49,1659580";"1,1614640"
"201900031435";"6";"10";"2019";"19:00";"1";"76";"76055";"1";"1";"1";"7";"CD 55";"49,6374500";"0,7854390"
"201900031436";"6";"10";"2019";"18:53";"1";"76";"76244";"1";"1";"1";"2";"RD 928";"49,7022000";"1,3911000"
"201900031437";"6";"10";"2019";"04:40";"3";"60";"60022";"1";"1";"1";"7";"RD 1330 sens Senlis-Creil";"49,2350600";"2,5339090"
"201900031438";"5";"10";"2019";"09:45";"1";"2";"02221";"1";"1";"2";"3";"D1003";"49,0365260";"3,2531630"
"201900031439";"5";"10";"2019";"18:25";"1";"13";"13215";"1";"1";"1";"3";"A7-Sens Marseille vers Lyon";"43,3554800";"5,3636890"
"201900031440";"5";"10";"2019";"14:41";"1";"13";"13055";"1";"1";"1";"2";"A507 sens Marseille - Aubagne";"43,3282858";"5,4171601"
"201900031441";"5";"10";"2019";"14:30";"1";"13";"13071";"1";"1";"1";"6";"A7-Sens Lyon vers Marseille";"43,4034780";"5,3077200"
"201900031442";"6";"10";"2019";"19:00";"1";"69";"69029";"1";"1";"8";"3";"RD383   7.640 A 11.044";"45,7337300";"4,9011200"
"201900031443";"5";"10";"2019";"15:00";"1";"69";"69199";"1";"1";"1";"3";"RD383   14.250 A 18.000";"45,7163500";"4,8473100"
"201900031444";"27";"9";"2019";"20:00";"3";"69";"69297";"1";"1";"1";"2";"A7   15.770 A 20.110";"45,6012700";"4,7961300"
"201900031445";"6";"10";"2019";"16:15";"1";"92";"92002";"1";"1";"1";"3";"AUTOROUTE A86";"48,7616437";"2,2984935"
"201900031446";"6";"10";"2019";"13:00";"1";"91";"91340";"1";"1";"1";"7";"RN 104";"48,6087000";"2,4368900"
"201900031447";"6";"10";"2019";"03:55";"5";"94";"94037";"1";"1";"1";"7";"AUTOROUTE A6B";"48,8164500";"2,3368200"
"201900031448";"5";"10";"2019";"09:38";"1";"91";"91363";"1";"1";"2";"7";"RN 104";"48,6401000";"2,2004100"
"201900031449";"6";"10";"2019";"10:20";"1";"92";"92036";"1";"1";"2";"5";"A86";"48,9354896";"2,2615724"
"201900031450";"6";"10";"2019";"04:40";"5";"92";"92072";"1";"1";"2";"6";"N118";"48,8274262";"2,2245225"
"201900031451";"5";"10";"2019";"15:45";"1";"95";"95682";"1";"1";"1";"6";"RN 104";"49,0674500";"2,3858100"
"201900031452";"6";"10";"2019";"18:00";"1";"94";"94033";"1";"1";"1";"2";"A86 INT";"48,8539759";"2,4889206"
"201900031453";"6";"10";"2019";"12:04";"1";"77";"77249";"1";"1";"2";"3";"RN104";"48,7572990";"2,6154380"
"201900031454";"6";"10";"2019";"09:00";"1";"94";"94073";"1";"1";"2";"3";"A86 INT";"48,7650109";"2,3797190"
"201900031455";"5";"10";"2019";"13:00";"1";"77";"77337";"1";"1";"3";"7";"RN104";"48,8280900";"2,6178735"
"201900031456";"4";"10";"2019";"16:25";"1";"974";"97416";"1";"1";"1";"2";"RN3 (1)";" -21,2943400";"55,5108100"
"201900031457";"4";"10";"2019";"21:48";"5";"973";"97302";"2";"2";"1";"1";"TIGRE (ROUTE DU)";"4,9192106";" -52,3176241"
"201900031458";"5";"10";"2019";"18:30";"5";"972";"97213";"1";"1";"1";"3";"ROUTE DEPARTEMENTALE 14";"14,6225000";" -61,0184900"
"201900031459";"5";"10";"2019";"03:20";"5";"69";"69381";"2";"1";"1";"2";"JEAN MOULIN                         (QU)";"45,7667500";"4,8380500"
"201900031460";"5";"10";"2019";"08:09";"1";"2B";"2B120";"1";"1";"1";"3";"11 - RT";"42,6442000";"9,4397000"
"201900031461";"4";"10";"2019";"21:20";"5";"91";"91434";"2";"3";"2";"3";"SAVIGNY (RUE DE)";"48,6664600";"2,3537000"
"201900031462";"4";"10";"2019";"17:43";"1";"88";"88209";"2";"3";"1";"3";"LORRAINE (RUE DE)";"48,2053000";"6,4395000"
"201900031463";"5";"10";"2019";"12:50";"1";"83";"83144";"2";"1";"1";"3";"NATIONALE 98 (ANCIENNE ROUTE)";"43,1409400";"6,0031200"
"201900031464";"5";"10";"2019";"04:45";"3";"81";"81065";"1";"1";"1";"1";"RN 112 (ROCADE SUD)";"43,5635953";"2,2743690"
"201900031465";"3";"10";"2019";"07:35";"2";"78";"78123";"2";"1";"1";"7";"EUROPE (RN 190) AVENUE DE L'";"48,9388000";"2,0355000"
"201900031466";"5";"10";"2019";"17:30";"1";"77";"77243";"2";"3";"1";"3";"D231 X RUE LOUIS BLERIOT";"48,8748000";"2,7231700"
"201900031467";"5";"10";"2019";"17:10";"1";"74";"74012";"2";"1";"1";"3";"BUCHILLONS (AVENUE DES)";"46,1982300";"6,2644300"
"201900031468";"5";"10";"2019";"15:30";"1";"74";"74133";"2";"1";"1";"2";"INDUSTRIE (RUE DE L')";"46,1852100";"6,2188400"
"201900031469";"5";"10";"2019";"16:20";"1";"71";"71306";"2";"1";"1";"2";"JULES CHAGOT (QUAI)";"46,6780900";"4,3644300"
"201900031470";"5";"10";"2019";"14:35";"1";"71";"71497";"2";"1";"2";"1";"SENNECE (ROUTE DE)";"46,3458800";"4,8286300"
"201900031471";"5";"10";"2019";"11:00";"1";"71";"71153";"2";"1";"2";"6";"DOCTEUR REBILLARD (RUE DU)";"46,8113300";"4,4481200"
"201900031472";"5";"10";"2019";"11:30";"1";"71";"71153";"2";"1";"2";"1";"SAINT SERNIN (ROUTE DE)";"46,8082700";"4,4358000"
"201900031473";"5";"10";"2019";"11:39";"1";"71";"71309";"1";"1";"2";"7";"TOULON (ROUTE DE)";"46,7821300";"4,3904700"
"201900031474";"1";"10";"2019";"13:00";"1";"69";"69266";"2";"1";"1";"3";"POUDRETTE     (Rue de la)";"45,7487900";"4,9177200"
"201900031475";"6";"10";"2019";"00:15";"5";"54";"54395";"2";"9";"2";"7";"FOCH (AVENUE 18 ET 9 A FIN)";"48,6868000";"6,1683000"
"201900031476";"5";"10";"2019";"13:40";"1";"46";"46042";"1";"1";"1";"7";"Départementale 820";"44,4484100";"1,4159220"
"201900031477";"5";"10";"2019";"11:00";"1";"44";"44109";"2";"6";"1";"3";"CANCLAUX ( PLACE ) RUE ALFRED RIOM";"47,2142100";" -1,5741300"
"201900031478";"5";"10";"2019";"22:36";"5";"44";"44132";"2";"6";"1";"7";"HIPPODROME (ROND POINT DE L')";"47,2606600";" -2,3340800"
"201900031479";"5";"10";"2019";"13:44";"1";"41";"41018";"2";"1";"2";"4";"INDUSTRIE (BOULEVARD DE L')";"47,6017100";"1,3216800"
"201900031480";"5";"10";"2019";"20:05";"5";"37";"37261";"2";"1";"1";"3";"MILAN (AVENUE DE)";"47,3690200";"0,7131700"
"201900031481";"5";"10";"2019";"17:05";"1";"37";"37261";"2";"1";"8";"2";"MARNE (CARREFOUR DE LA)";"47,4235928";"0,6982656"
"201900031482";"5";"10";"2019";"10:11";"1";"37";"37261";"2";"2";"1";"6";"JUIN (BOULEVARD DU MARECHAL)";"47,4089117";"0,7033689"
"201900031483";"4";"10";"2019";"12:10";"1";"37";"37261";"2";"1";"8";"6";"DE LATTRE DE TASSIGNY (BOULEVARD DE)";"47,3830827";"0,6963093"
"201900031484";"5";"10";"2019";"23:30";"5";"35";"35238";"2";"6";"1";"3";"ALMA (DE L')";"48,1044200";" -1,6773800"
"201900031485";"5";"10";"2019";"17:45";"1";"35";"35238";"2";"4";"1";"3";"CHEZY (BD DE)";"48,1139405";" -1,6874122"
"201900031486";"5";"10";"2019";"22:45";"5";"33";"33249";"2";"3";"1";"2";"RUE CONDORCET";"44,8722500";" -0,5251400"
"201900031487";"5";"10";"2019";"20:30";"5";"33";"33281";"2";"3";"1";"2";"LECLERC (AVE DU MARECHAL)";"44,8347400";" -0,6476000"
"201900031488";"5";"10";"2019";"15:00";"1";"33";"33069";"2";"2";"8";"3";"AVE SADI CARNOT";"44,8638700";" -0,5903900"
"201900031489";"5";"10";"2019";"18:24";"1";"14";"14118";"2";"6";"2";"6";"CANADA (AVENUE DU)";"49,1852100";" -0,3715100"
"201900031490";"4";"10";"2019";"20:50";"5";"13";"13212";"2";"1";"1";"3";"TROIS LUCS (AVENUE DES)";"43,3112872";"5,4644617"
"201900031491";"5";"10";"2019";"21:20";"3";"13";"13063";"1";"1";"1";"7";"BELLEVAL CHEMIN DE";"43,5837638";"5,0372583"
"201900031492";"5";"10";"2019";"15:25";"1";"13";"13047";"1";"1";"1";"5";"GEORGES GUYNEMER AVENUE";"43,5182000";"4,9629500"
"201900031493";"5";"10";"2019";"21:11";"5";"10";"10387";"2";"2";"1";"3";"ETIENNE PEDRON (RUE)";"48,3068200";"4,0767900"
"201900031494";"3";"10";"2019";"14:10";"1";"7";"07281";"2";"1";"1";"3";"TREMOLETS (RUE DES)";"44,9379600";"4,8630600"
"201900031495";"5";"10";"2019";"11:11";"1";"7";"07102";"2";"1";"1";"3";"SADI-CARNOT (AV.) ";"44,9313500";"4,8776700"
"201900031496";"5";"10";"2019";"18:00";"1";"6";"06069";"2";"1";"1";"2";"LECLERC (BOULEVARD DU MARECHAL)";"43,6501290";"6,9198990"
"201900031497";"5";"10";"2019";"16:55";"1";"75";"75119";"2";"2";"1";"6";"AVENUE SIMON BOLIVAR";"48,8784154";"2,3742508"
"201900031498";"5";"10";"2019";"03:30";"5";"75";"75118";"2";"3";"1";"3";"RUE DU DEPARTEMENT";"48,8857448";"2,3649831"
"201900031499";"4";"10";"2019";"23:05";"5";"75";"75118";"2";"4";"1";"2";"RUE ORDENER";"48,8921411";"2,3463482"
"201900031500";"5";"10";"2019";"11:30";"1";"75";"75117";"2";"7";"2";"7";"PLACE PAUL LEAUTAUD";"48,8872261";"2,2979709"
"201900031501";"5";"10";"2019";"00:30";"5";"75";"75117";"2";"5";"1";"3";"AVENUE DE SAINT OUEN";"48,8930158";"2,3274198"
"201900031502";"4";"10";"2019";"17:05";"1";"75";"75118";"2";"7";"1";"3";"AVENUE DE CLICHY";"48,8836704";"2,3273641"
"201900031503";"5";"10";"2019";"20:35";"5";"75";"75116";"2";"3";"1";"3";"RUE DU DOCTEUR BLANCHE";"48,8539760";"2,2654454"
"201900031504";"5";"10";"2019";"15:20";"1";"75";"75115";"2";"2";"8";"2";"AVENUE EMILE ZOLA";"48,8467055";"2,2889048"
"201900031505";"4";"10";"2019";"23:00";"5";"75";"75114";"2";"2";"1";"3";"RUE RAYMOND LOSSERAND";"48,8309409";"2,3123159"
"201900031506";"4";"10";"2019";"22:00";"5";"75";"75113";"2";"2";"1";"5";"AVENUE GENERAL DE GAULLE 94";"48,8158340";"2,3602278"
"201900031507";"5";"10";"2019";"16:15";"1";"75";"75108";"2";"2";"8";"6";"RUE DE ROME";"48,8787440";"2,3222350"
"201900031508";"5";"10";"2019";"13:00";"1";"75";"75108";"2";"7";"1";"7";"PLACE CHARLES DE GAULLE";"48,8735345";"2,2958382"
"201900031509";"5";"10";"2019";"07:40";"2";"75";"75103";"2";"7";"2";"7";"PLACE DE LA REPUBLIQUE";"48,8673638";"2,3633477"
"201900031510";"4";"10";"2019";"22:48";"5";"94";"94078";"2";"2";"1";"3";"ANATOLE FRANCE (AV)";"48,7399800";"2,4527100"
"201900031511";"5";"10";"2019";"02:30";"5";"94";"94058";"2";"2";"1";"3";"LEDRU ROLLIN (AV)";"48,8432469";"2,5034248"
"201900031512";"5";"10";"2019";"13:35";"1";"94";"94073";"2";"1";"2";"3";"GENERAL DE GAULLE (AV DU)";"48,7683800";"2,3708300"
"201900031513";"4";"10";"2019";"23:55";"5";"94";"94034";"2";"3";"1";"3";"HENRI BARBUSSE (R)";"48,7587700";"2,3240900"
"201900031514";"5";"10";"2019";"14:50";"1";"94";"94011";"2";"1";"2";"2";"ROSTAND.(RUE JEAN)";"48,7679800";"2,4879500"
"201900031515";"5";"10";"2019";"20:30";"5";"94";"94022";"2";"1";"1";"3";"ANATOLE FRANCE (AV)";"48,7631900";"2,4107100"
"201900031516";"5";"10";"2019";"18:40";"2";"93";"93071";"2";"2";"2";"6";"HOCHE (AVENUE)";"48,9301800";"2,5287200"
"201900031517";"5";"10";"2019";"19:15";"1";"93";"93070";"2";"1";"2";"1";"VICTOR-HUGO (BD)";"48,9038800";"2,3210000"
"201900031518";"5";"10";"2019";"19:00";"2";"93";"93064";"2";"9";"2";"3";"KENNEDY (AVENUE DU PRESIDENT)";"48,8776400";"2,4858900"
"201900031519";"5";"10";"2019";"17:25";"1";"93";"93064";"2";"1";"8";"6";"ALSACE-LORRAINE (BOULEVARD)";"48,8844300";"2,4851700"
"201900031520";"4";"10";"2019";"17:45";"1";"93";"93055";"2";"1";"1";"5";"JEAN LOLIVE (AVENUE)(137/FIN ET 134/FIN)";"48,8900000";"2,4100000"
"201900031521";"4";"10";"2019";"16:45";"1";"93";"93055";"2";"1";"1";"3";"ANATOLE FRANCE (AVENUE)";"48,8922460";"2,4234940"
"201900031522";"5";"10";"2019";"18:28";"2";"93";"93053";"2";"1";"2";"1";"JULES AUFFRET (RUE)";"48,8872470";"2,4508550"
"201900031523";"5";"10";"2019";"04:25";"5";"93";"93048";"2";"1";"1";"6";"GABRIEL PERI (AVENUE)";"48,8567800";"2,4430400"
"201900031524";"5";"10";"2019";"13:30";"1";"93";"93046";"2";"3";"2";"3";"ROGER SALENGRO BOULEVARD";"48,9128300";"2,5297500"
"201900031525";"5";"10";"2019";"06:30";"5";"93";"93029";"2";"1";"1";"6";"ROGER SALENGRO N° 01- FIN";"48,9200000";"2,4400000"
"201900031526";"5";"10";"2019";"20:24";"5";"93";"93027";"2";"1";"1";"1";"RASPAIL (RUE)";"48,9257200";"2,3965800"
"201900031527";"5";"10";"2019";"15:58";"1";"93";"93010";"2";"1";"2";"5";"GALLIENI (AV.) DE 111 A 175";"48,9061700";"2,4824800"
"201900031528";"5";"10";"2019";"20:20";"5";"93";"93008";"2";"4";"2";"3";"VAILLANT COUTURIER (AVENUE PAUL)";"48,9072600";"2,4567000"
"201900031529";"5";"10";"2019";"21:05";"5";"93";"93007";"2";"2";"1";"3";"CHARLES GOUNOD (RUE)";"48,9388100";"2,4677600"
"201900031530";"5";"10";"2019";"14:40";"1";"93";"93007";"2";"2";"2";"3";"""PAUL VAILLANT COUTURIER (AVENUE """"DU 01";"48,9294000";"2,4800030"
"201900031531";"5";"10";"2019";"07:15";"5";"93";"93005";"2";"1";"1";"6";"EUGENE DELACROIX (RUE)";"48,9534000";"2,4990300"
"201900031532";"5";"10";"2019";"12:30";"1";"92";"92078";"2";"9";"1";"4";"VERDUN (AVENUE) (PAIRS 92 ET PLUS)";"48,9356476";"2,3347878"
"201900031533";"5";"10";"2019";"07:35";"2";"92";"92051";"2";"1";"2";"7";"CHARLES DE GAULLE (AVENUE, N°27 A 129)";"48,8796350";"2,2763880"
"201900031534";"6";"10";"2019";"06:30";"2";"86";"86025";"1";"1";"1";"7";"RD 32";"46,5549970";"0,9702330"
"201900031535";"6";"10";"2019";"18:00";"1";"2";"02795";"1";"1";"1";"7";"cd 2 pr 002.700";"49,4210330";"3,1080870"
"201900031536";"6";"10";"2019";"01:30";"3";"24";"24251";"1";"1";"1";"7";"Les Pecheres";"45,0946280";"0,5892510"
"201900031537";"5";"10";"2019";"08:20";"1";"18";"18039";"1";"1";"2";"1";"D7";"47,3245270";"2,7879810"
"201900031538";"5";"10";"2019";"14:00";"1";"972";"97222";"1";"1";"1";"6";"Chère Epice";"14,7003370";" -60,9683840"
"201900031539";"2";"10";"2019";"18:00";"2";"74";"74010";"2";"1";"1";"1";"Route de Geneve (Pringy)";"45,9467840";"6,1210580"
"201900031540";"6";"10";"2019";"18:10";"2";"6";"06130";"2";"1";"1";"3";"79 avenue du gnérale de gaulle";"43,7017240";"6,8482890"
"201900031541";"4";"10";"2019";"17:00";"1";"38";"38194";"2";"9";"1";"6";"Place de la Liberté";"45,3335500";"5,4257200"
"201900031542";"5";"10";"2019";"17:00";"1";"65";"65101";"1";"1";"1";"7";"Délaissé de la RD817";"43,2068676";"0,2151024"
"201900031543";"6";"10";"2019";"16:45";"1";"30";"30014";"1";"1";"1";"6";"D982";"44,0001040";"4,3715370"
"201900031544";"6";"10";"2019";"15:40";"1";"83";"83087";"1";"1";"1";"6";"D560";"43,3700870";"5,7813410"
"201900031545";"5";"10";"2019";"11:30";"1";"30";"30060";"2";"1";"1";"3";"Avenue de la Vistrenque";"43,7957080";"4,3778180"
"201900031546";"4";"10";"2019";"11:30";"1";"30";"30135";"1";"1";"1";"3";"D999";"43,8305350";"4,5541700"
"201900031547";"6";"10";"2019";"20:15";"5";"59";"59229";"2";"1";"3";"3";"24 Rue de Glageon";"50,0409800";"4,0337360"
"201900031548";"5";"10";"2019";"06:30";"3";"56";"56047";"1";"1";"1";"6";"La Ville Glais";"48,0615810";" -2,7521890"
"201900031549";"6";"10";"2019";"10:00";"1";"76";"76592";"2";"6";"2";"7";"RUE DE L'ÉGLISE";"49,5223350";"0,5053250"
"201900031550";"5";"10";"2019";"19:20";"2";"76";"76018";"1";"1";"1";"3";"Route de Varvannes";"49,6841330";"0,9776140"
"201900031551";"6";"10";"2019";"02:00";"3";"79";"79145";"1";"1";"1";"6";"D 938";"46,7210370";" -0,2384380"
"201900031552";"5";"10";"2019";"17:00";"1";"2A";"2A271";"2";"6";"1";"3";"Rond point de Baléone - entre T20 et T22";"41,9638880";"8,8138840"
"201900031553";"2";"10";"2019";"19:30";"1";"32";"32160";"2";"1";"1";"1";"Impasse du Couchant";"43,6116830";"1,0758050"
"201900031554";"6";"10";"2019";"11:45";"1";"11";"11063";"2";"1";"1";"6";"D118, PK 81+900";"42,9162740";"2,2059250"
"201900031555";"5";"10";"2019";"17:20";"1";"11";"11149";"1";"1";"1";"7";"Lieu-dit ruisseau de Tourtrel";"43,2477286";"1,9294787"
"201900031556";"6";"10";"2019";"16:20";"1";"71";"71514";"1";"1";"2";"6";"L'Estalet";"46,7501490";"5,2878170"
"201900031557";"5";"10";"2019";"19:00";"2";"63";"63045";"1";"1";"1";"3";"Pontaret";"45,7729238";"3,4126584"
"201900031558";"6";"10";"2019";"01:30";"3";"49";"49117";"1";"1";"1";"6";"D952";"47,4222223";" -0,4567695"
"201900031559";"13";"9";"2019";"11:45";"1";"47";"47054";"2";"6";"7";"3";"Rue du 11 Novembre 1918";"44,3975670";"0,4950290"
"201900031560";"5";"10";"2019";"14:35";"1";"47";"47051";"1";"2";"8";"3";"D813, La Gravette";"44,1729970";"0,6912390"
"201900031561";"5";"10";"2019";"05:15";"3";"34";"34130";"1";"1";"1";"6";"RD 909";"43,5111280";"3,1894980"
"201900031562";"6";"10";"2019";"01:00";"3";"68";"68158";"1";"1";"2";"7";"Route Départementale 419";"47,6032450";"7,3760930"
"201900031563";"4";"10";"2019";"14:10";"1";"22";"22046";"1";"1";"1";"3";"Les Rues Colleu (Saint-Gouéno)";"48,2720320";" -2,5427190"
"201900031564";"5";"10";"2019";"19:30";"3";"25";"25424";"1";"1";"2";"1";"RN 57 PK 48+580";"47,0832480";"6,3513150"
"201900031565";"24";"1";"2019";"15:10";"1";"17";"17283";"2";"1";"1";"6";"rue Albert Delage";"45,5751330";" -0,5570270"
"201900031566";"26";"1";"2019";"20:05";"5";"16";"16097";"1";"1";"2";"7";"Ld Trepsec";"45,7401490";" -0,3665360"
"201900031567";"25";"1";"2019";"16:05";"1";"56";"56241";"1";"1";"1";"3";"Kervellan";"47,3383270";" -3,2100090"
"201900031568";"25";"1";"2019";"23:30";"3";"35";"35066";"1";"4";"2";"3";"D34";"48,0404110";" -1,6882150"
"201900031569";"25";"1";"2019";"08:19";"2";"76";"76753";"1";"1";"5";"7";"d6015";"49,3422430";"1,1497590"
"201900031570";"21";"1";"2019";"07:00";"2";"62";"62487";"2";"1";"1";"6";"Rue Jean Monnet";"50,8399710";"1,7735450"
"201900031571";"25";"1";"2019";"19:49";"5";"13";"13202";"1";"1";"1";"2";"A55-Sens Martigues vers Marseille";"43,3035300";"5,3649700"
"201900031572";"25";"1";"2019";"10:45";"1";"13";"13071";"1";"1";"1";"4";"A7-Sens Marseille vers Lyon";"43,4231537";"5,2668908"
"201900031573";"25";"1";"2019";"13:40";"1";"13";"13055";"1";"1";"1";"2";"A507 sens Marseille - Aubagne";"43,3109600";"5,4242700"
"201900031574";"24";"1";"2019";"19:30";"3";"13";"13071";"1";"1";"1";"2";"A51-Sens Aix en Provence vers Marseille";"43,4156900";"5,3648300"
"201900031575";"24";"1";"2019";"17:30";"2";"13";"13088";"1";"1";"1";"4";"A55-Sens Marseille vers Martigues";"43,3915000";"5,2697500"
"201900031576";"24";"1";"2019";"19:30";"3";"13";"13071";"1";"1";"1";"2";"A51-Sens Aix en Provence vers Marseille";"43,4124860";"5,3644100"
"201900031577";"25";"1";"2019";"08:00";"1";"13";"13215";"1";"1";"1";"4";"A7-Sens Lyon vers Marseille";"43,3707800";"5,3610800"
"201900031578";"25";"1";"2019";"07:00";"2";"13";"13081";"1";"1";"1";"2";"A7-Sens Lyon vers Marseille";"43,4949400";"5,2368300"
"201900031579";"23";"1";"2019";"12:20";"1";"13";"13215";"1";"1";"1";"2";"A7-Sens Lyon vers Marseille";"43,3782900";"5,3559200"
"201900031580";"15";"1";"2019";"16:30";"1";"13";"13005";"1";"1";"1";"3";"A50-Sens Marseille vers Aubagne";"43,2796800";"5,5836200"
"201900031581";"23";"1";"2019";"19:30";"3";"13";"13081";"1";"1";"1";"2";"A7-Sens Marseille vers Lyon";"43,4913200";"5,2402400"
"201900031582";"23";"1";"2019";"17:55";"3";"13";"13071";"1";"1";"1";"3";"A7-Sens Lyon vers Marseille";"43,4041600";"5,3147700"
"201900031583";"18";"1";"2019";"12:40";"1";"13";"13026";"1";"1";"1";"2";"A55-Sens Martigues vers Marseille";"43,4000000";"5,1800000"
"201900031584";"23";"1";"2019";"09:45";"1";"13";"13071";"1";"1";"1";"2";"A55-Sens Martigues vers Marseille";"43,3816400";"5,3147800"
"201900031585";"24";"1";"2019";"08:50";"1";"83";"83090";"1";"1";"1";"5";"N/A";"43,1265500";"5,8913100"
"201900031586";"23";"1";"2019";"19:25";"3";"83";"83144";"1";"1";"1";"3";"N/A";"43,1334900";"5,9847600"
"201900031587";"25";"1";"2019";"03:45";"5";"69";"69266";"1";"1";"1";"6";"RD383   1.165 A 1.893";"45,7918100";"4,8823300"
"201900031588";"25";"1";"2019";"07:40";"2";"33";"33096";"1";"1";"1";"2";"AUTOROUTE A 10";"44,8956700";" -0,4971100"
"201900031589";"24";"1";"2019";"08:15";"2";"33";"33122";"1";"1";"1";"4";"AUTOROUTE A 63";"44,7405000";" -0,7111000"
"201900031590";"23";"1";"2019";"09:10";"1";"33";"33249";"1";"1";"2";"3";"ROCADE A 630";"44,8847700";" -0,5157900"
"201900031591";"26";"1";"2019";"15:12";"1";"94";"94003";"1";"1";"2";"2";"AUTOROUTE A6B";"48,8016300";"2,3434300"
"201900031592";"26";"1";"2019";"02:25";"3";"91";"91182";"1";"1";"1";"6";"RN 104";"48,6125640";"2,4310300"
"201900031593";"25";"1";"2019";"16:35";"1";"91";"91174";"1";"1";"2";"7";"RN 104";"48,6220140";"2,4635000"
"201900031594";"25";"1";"2019";"13:25";"1";"94";"94037";"1";"1";"1";"6";"AUTOROUTE A6A";"48,8164160";"2,3368423"
"201900031595";"24";"1";"2019";"18:20";"3";"91";"91161";"1";"1";"1";"3";"AUTOROUTE A6";"48,7218610";"2,3116810"
"201900031596";"25";"1";"2019";"09:55";"1";"78";"78158";"1";"1";"8";"6";"A13";"48,8312000";"2,1468000"
"201900031597";"24";"1";"2019";"22:35";"3";"78";"78402";"1";"1";"2";"3";"A13";"48,9640800";"1,7740590"
"201900031598";"24";"1";"2019";"16:20";"1";"92";"92026";"1";"1";"1";"6";"RN192";"48,8940939";"2,2409647"
"201900031599";"24";"1";"2019";"16:30";"1";"92";"92078";"1";"1";"8";"6";"AUTOROUTE A86";"48,9298700";"2,3271500"
"201900031600";"24";"1";"2019";"13:21";"1";"78";"78238";"1";"1";"1";"6";"A13";"48,9706240";"1,8807200"
"201900031601";"24";"1";"2019";"02:30";"5";"92";"92012";"1";"1";"1";"6";"A13";"48,8480000";"2,2313000"
"201900031602";"22";"1";"2019";"21:25";"3";"78";"78090";"1";"1";"4";"2";"A13";"48,9703920";"1,9048940"
"201900031603";"26";"1";"2019";"00:00";"3";"92";"92036";"1";"1";"2";"7";"AUTOROUTE A15";"48,9372846";"2,2941910"
"201900031604";"25";"1";"2019";"00:45";"3";"93";"93048";"1";"1";"2";"2";"AUTOROUTE A3";"48,8724000";"2,4345000"
"201900031605";"24";"1";"2019";"11:30";"1";"93";"93066";"1";"1";"8";"6";"A4";"48,9317521";"2,3702916"
"201900031606";"24";"1";"2019";"01:45";"3";"93";"93027";"1";"1";"1";"6";"AUTOROUTE A86";"48,9286000";"2,4149200"
"201900031607";"23";"1";"2019";"15:20";"1";"95";"95572";"1";"1";"4";"3";"RN 184";"49,0484500";"2,1345500"
"201900031608";"22";"1";"2019";"08:30";"2";"93";"93066";"1";"1";"1";"4";"AUTOROUTE A1";"48,9189500";"2,3572600"