"Num_Acc";"jour";"mois";"an";"hrmn";"lum";"dep";"com";"agg";"int";"atm";"col";"adr";"lat";"long"
"201900031609";"22";"1";"2019";"07:40";"3";"95";"95277";"1";"1";"1";"2";"AUTOROUTE A3";"48,9731700";"2,4864900"
"201900031610";"22";"1";"2019";"06:30";"3";"93";"93078";"1";"1";"1";"2";"AUTOROUTE A104";"48,9630100";"2,5223700"
"201900031611";"21";"1";"2019";"20:30";"3";"95";"95572";"1";"1";"1";"2";"RN 184";"49,0323400";"2,1093300"
"201900031612";"26";"1";"2019";"02:25";"5";"94";"94028";"1";"1";"1";"6";"A86 INT";"48,7762800";"2,4315800"
"201900031613";"25";"1";"2019";"22:40";"5";"94";"94028";"1";"1";"2";"6";"A86 EXT";"48,8019600";"2,4477200"
"201900031614";"24";"1";"2019";"15:30";"1";"77";"77053";"1";"1";"1";"2";"RN104";"48,6990100";"2,5940200"
"201900031615";"24";"1";"2019";"08:35";"1";"93";"93051";"1";"1";"8";"3";"A4";"48,8364600";"2,5514100"
"201900031616";"16";"1";"2019";"10:35";"1";"94";"94065";"1";"1";"1";"2";"A86 INT";"48,7543050";"2,3495740"
"201900031617";"20";"1";"2019";"23:10";"5";"59";"59350";"2";"1";"1";"3";"MALSENCE RUE";"50,6314200";"3,0930600"
"201900031618";"15";"1";"2019";"19:30";"2";"50";"50416";"2";"1";"2";"6";"RIVIERES (RUE DES)";"49,6612000";" -1,6843300"
"201900031619";"19";"1";"2019";"02:40";"3";"93";"93027";"1";"1";"1";"6";"BDL";"48,9266400";"2,4021300"
"201900031620";"21";"1";"2019";"16:20";"1";"988";"98818";"2";"3";"1";"2";"RUE AMPERE/RUE G. CHAMPION";" -22,2317200";"166,4548300"
"201900031621";"22";"1";"2019";"15:40";"1";"976";"97611";"2";"1";"1";"6";"tsoundzou-SIM ( rue de la )";" -12,8171600";"45,1981600"
"201900031622";"22";"1";"2019";"09:50";"1";"974";"97416";"2";"1";"1";"6";"Rue François de Mahy";" -21,3411000";"55,4751300"
"201900031623";"22";"1";"2019";"07:20";"1";"974";"97409";"1";"1";"1";"3";"BOIS DE FER (chemin)";" -20,9328000";"55,6591200"
"201900031624";"22";"1";"2019";"08:30";"1";"69";"69386";"2";"2";"1";"3";"CHARMETTES (DES)                    (R )";"45,7663600";"4,8671400"
"201900031625";"22";"1";"2019";"07:55";"1";"69";"69383";"2";"1";"1";"6";"LACASSAGNE                          (AV)";"45,7568700";"4,8628600"
"201900031626";"21";"1";"2019";"07:15";"1";"972";"97213";"2";"9";"1";"6";"ROUTE DEPARTEMENTALE 3";"14,6377000";" -60,9918000"
"201900031627";"22";"1";"2019";"20:47";"5";"2B";"2B033";"2";"1";"2";"5";"AV DE LA LIBERATION";"42,6800000";"9,4400000"
"201900031628";"13";"1";"2019";"00:45";"5";"86";"86066";"2";"1";"1";"6";"VALOIS (RESIDENCE MARGUERITE DE)";"46,7983000";"0,5243900"
"201900031629";"21";"1";"2019";"11:20";"1";"83";"83126";"2";"1";"1";"3";"ANCIENS COMBATANTS D'INDOCHINE (AV DES)";"43,1068600";"5,8594300"
"201900031630";"18";"1";"2019";"09:45";"1";"83";"83123";"2";"1";"1";"6";"PARKING DE L'ESPLANADE";"43,1152900";"5,8051800"
"201900031631";"22";"1";"2019";"17:05";"1";"82";"82121";"1";"3";"1";"3";"ROUTE DE BORDEAUX";"44,0324200";"1,3156200"
"201900031632";"21";"1";"2019";"08:20";"1";"80";"80021";"2";"2";"1";"6";"AV GEORGES POMPIDOU";"49,9017200";"2,2839900"
"201900031633";"21";"1";"2019";"15:55";"1";"80";"80021";"2";"3";"1";"3";"435, R SAINT FUSCIEN";"49,8725200";"2,3070600"
"201900031634";"23";"1";"2019";"00:30";"5";"69";"69266";"2";"2";"2";"1";"COLIN     (Rue)";"45,7765600";"4,8740300"
"201900031635";"22";"1";"2019";"09:17";"1";"69";"69029";"2";"1";"1";"6";"PIERRE BROSSOLETTE                  (AV)";"45,7453400";"4,9187300"
"201900031636";"16";"1";"2019";"13:37";"1";"68";"68066";"2";"1";"1";"4";"RD4";"48,1070250";"7,3863610"
"201900031637";"22";"1";"2019";"13:40";"1";"66";"66136";"2";"1";"1";"3";"ARGELES SUR MER AVENUE D'";"42,6812000";"2,9105900"
"201900031638";"6";"1";"2019";"14:45";"1";"62";"62250";"2";"1";"1";"6";"CHEMIN (R DU)";"50,4621900";"2,9452600"
"201900031639";"20";"1";"2019";"20:30";"4";"62";"62270";"2";"1";"8";"3";"REPUBLIQUE (RUE DE LA)";"50,4792200";"2,4795300"
"201900031640";"22";"1";"2019";"18:30";"5";"61";"61169";"2";"1";"3";"6";"DOMFRONT (ROUTE DE)";"48,7317930";" -0,5779000"
"201900031641";"19";"1";"2019";"16:00";"1";"57";"57672";"2";"1";"1";"6";"14 JUILLET (AVENUE)";"49,3557032";"6,1304784"
"201900031642";"21";"1";"2019";"08:45";"1";"57";"57463";"2";"1";"1";"6";"LOTHAIRE (RUE )";"49,1000400";"6,1777600"
"201900031643";"22";"1";"2019";"08:00";"2";"56";"56260";"2";"2";"1";"3";"RONARC'H(RUE DE L'AMIRAL PIERRE)";"47,6394100";" -2,7737800"
"201900031644";"19";"1";"2019";"19:25";"3";"56";"56083";"1";"1";"1";"7";"RN 165";"47,7880700";" -3,2820400"
"201900031645";"18";"1";"2019";"19:35";"3";"56";"56162";"1";"6";"1";"2";"KERGALANT";"47,7080600";" -3,4147800"
"201900031646";"18";"1";"2019";"18:20";"3";"56";"56121";"2";"1";"2";"6";"Boulevard Jean le Maux";"47,7572400";" -3,3874900"
"201900031647";"22";"1";"2019";"14:15";"1";"51";"51454";"2";"1";"4";"3";"RUE DE COURLANCY";"49,2438002";"4,0203303"
"201900031648";"21";"1";"2019";"08:40";"1";"51";"51108";"2";"1";"1";"6";"RUE CARNOT";"48,9548051";"4,3658792"
"201900031649";"21";"1";"2019";"16:00";"1";"50";"50129";"1";"3";"1";"2";"MARESQUIER (CHEMIN DU HAMEAU)";"49,6179700";" -1,6519800"
"201900031650";"21";"1";"2019";"17:41";"2";"49";"49007";"2";"2";"1";"3";"LARREY";"47,4792360";" -0,5556800"
"201900031651";"21";"1";"2019";"07:43";"2";"49";"49007";"2";"2";"1";"3";"DE LATTRE DE TASSIGNY";"47,4525300";" -0,5404900"
"201900031652";"22";"1";"2019";"18:00";"5";"45";"45147";"2";"6";"8";"6";"PLACE JEAN P RAMEAU";"47,9395000";"1,9304900"
"201900031653";"21";"1";"2019";"11:40";"1";"45";"45232";"1";"1";"1";"6";"AVENUE DE SOLOGNE";"47,8482900";"1,9111300"
"201900031654";"17";"1";"2019";"18:00";"2";"44";"44109";"2";"1";"1";"3";"RUE AUGUSTE RENOIR";"47,2232290";" -1,5950340"
"201900031655";"22";"1";"2019";"03:25";"3";"44";"44109";"2";"1";"1";"2";"GIGANT ( RUE DE )";"47,2143560";" -1,5711420"
"201900031656";"22";"1";"2019";"06:57";"4";"38";"38421";"2";"1";"1";"6";"D1087 - AVENUE GABRIEL PÉRI";"45,1878500";"5,7484900"
"201900031657";"22";"1";"2019";"20:34";"5";"37";"37261";"2";"1";"2";"7";"MAGINOT (AV. ANDRE)";"47,4130000";"0,6860000"
"201900031658";"22";"1";"2019";"08:30";"1";"37";"37261";"2";"3";"2";"6";"EUROPE (AVENUE DE L')";"47,4228962";"0,6857104"
"201900031659";"22";"1";"2019";"08:00";"1";"37";"37261";"2";"6";"2";"6";"REPUBLIQUE (AVENUE DE LA)";"47,4108200";"0,6956300"
"201900031660";"22";"1";"2019";"08:50";"2";"37";"37261";"2";"1";"3";"6";"MARECHAL JUIN (BD)";"47,4146500";"0,7032800"
"201900031661";"22";"1";"2019";"07:55";"5";"37";"37261";"2";"3";"2";"3";"CHAUTEMPS (AVENUE CAMILLE)";"47,3746850";"0,7177401"
"201900031662";"21";"1";"2019";"11:20";"1";"34";"34172";"2";"3";"1";"3";"RENOUVIER (BOULEVARD)";"43,6048500";"3,8675800"
"201900031663";"16";"1";"2019";"07:58";"2";"33";"33318";"2";"4";"1";"3";"RUE DE COMPOSTELLE - VL va vers crs de la Libération et 3RM vient du Crs de la Libération";"44,7944400";" -0,6106200"
"201900031664";"18";"1";"2019";"07:00";"2";"33";"33063";"2";"3";"2";"3";"358 rue Pasteur";"44,8473800";" -0,6250500"
"201900031665";"15";"1";"2019";"09:20";"2";"33";"33318";"2";"6";"7";"6";"RUE DE LA POUDRIERE / AV DES PALOMBES";"44,7891300";" -0,6977900"
"201900031666";"11";"1";"2019";"07:52";"4";"33";"33318";"2";"1";"1";"6";"AVE GUSTAVE EIFFEL";"44,7858600";" -0,6416100"
"201900031667";"13";"1";"2019";"12:05";"1";"33";"33162";"2";"6";"2";"2";"EX RD1215 rte de Lacanau avant giratoire Av.Jean Mermoz direction Lacanau";"44,8748000";" -0,6598000"
"201900031668";"22";"1";"2019";"09:05";"1";"31";"31555";"2";"6";"1";"3";"ROND POINT JEROME PUGENS";"43,5894500";"1,4787900"
"201900031669";"21";"1";"2019";"16:40";"1";"31";"31555";"2";"4";"1";"3";"BD MATABIAU";"43,6159500";"1,4386900"
"201900031670";"21";"1";"2019";"18:50";"5";"30";"30028";"2";"1";"1";"6";"EUZEBY (AVENUE ERNEST)";"44,1550400";"4,6150600"
"201900031671";"22";"1";"2019";"07:40";"2";"30";"30028";"2";"1";"1";"6";"ROUTE DE NIMES";"44,1482537";"4,6155828"
"201900031672";"22";"1";"2019";"08:10";"5";"29";"29051";"2";"1";"2";"7";"ROUILLEN AVENUE";"47,9972184";" -4,0596731"
"201900031673";"22";"1";"2019";"18:35";"5";"17";"17299";"2";"1";"2";"6";"DENFERT ROCHEREAU 45 RUE";"45,9378345";" -0,9671711"
"201900031674";"22";"1";"2019";"19:10";"2";"14";"14341";"2";"1";"1";"6";"RABIN (BOULEVARD YTHAK)";"49,1494400";" -0,3524500"
"201900031675";"22";"1";"2019";"17:55";"5";"14";"14118";"2";"1";"3";"3";"TROUVILLE (AVENUE DE)";"49,1750700";" -0,3369600"
"201900031676";"22";"1";"2019";"21:05";"5";"13";"13214";"2";"6";"1";"6";"CAPITAINE GEZE (BOULEVARD)";"43,3298200";"5,3672100"
"201900031677";"22";"1";"2019";"19:30";"5";"13";"13208";"2";"1";"1";"3";"MICHELET (BOULEVARD)";"43,2704800";"5,3924700"
"201900031678";"22";"1";"2019";"17:00";"1";"13";"13210";"2";"1";"1";"1";"L ARMEE D AFRIQUE (CHEMIN DE L')";"43,2867530";"5,4141490"
"201900031679";"21";"1";"2019";"13:00";"1";"13";"13214";"2";"1";"1";"6";"CADE (RUE)";"43,3318770";"5,3921640"
"201900031680";"21";"1";"2019";"19:50";"3";"13";"13209";"1";"1";"1";"3";"COL DE LA GINESTE D559";"43,2390600";"5,4865700"
"201900031681";"22";"1";"2019";"18:18";"3";"10";"10362";"1";"1";"4";"6";"ROCADE OUEST (RD 610)";"48,3053127";"4,0229736"
"201900031682";"22";"1";"2019";"16:54";"1";"10";"10387";"2";"1";"4";"6";"DAMPIERRE (QUAI)";"48,3014000";"4,0750000"
"201900031683";"22";"1";"2019";"19:30";"3";"6";"06069";"2";"1";"1";"6";"13 CROISSET (AVENUE FR. DE)";"43,6719400";"6,9424800"
"201900031684";"22";"1";"2019";"07:45";"2";"6";"06029";"2";"2";"1";"5";"PICAUD (AVENUE DU DOCTEUR)";"43,5505200";"6,9936970"
"201900031685";"21";"1";"2019";"13:05";"1";"3";"03185";"2";"1";"1";"6";"boulevard de Courtais";"46,3385820";"2,6069112"
"201900031686";"22";"1";"2019";"11:30";"1";"75";"75114";"2";"1";"4";"2";"PORTE D ORLEANS";"48,8192280";"2,3296140"
"201900031687";"15";"1";"2019";"15:20";"1";"75";"75119";"2";"1";"1";"3";"BOULEVARD PERIPHERIQUE";"48,8953180";"2,3945660"
"201900031688";"21";"1";"2019";"22:10";"5";"75";"75116";"2";"3";"1";"6";"AVENUE DE VERSAILLES";"48,8496730";"2,2760190"
"201900031689";"21";"1";"2019";"10:54";"1";"75";"75115";"2";"2";"1";"3";"BOULEVARD LEFEBVRE";"48,8284830";"2,3013790"
"201900031690";"21";"1";"2019";"22:30";"5";"75";"75119";"2";"3";"1";"6";"AVENUE CORENTIN CARIOU";"48,8981860";"2,3860110"
"201900031691";"22";"1";"2019";"16:20";"1";"75";"75118";"2";"3";"8";"6";"RUE STEPHENSON";"48,8862950";"2,3565650"
"201900031692";"21";"1";"2019";"12:35";"1";"75";"75119";"2";"3";"1";"7";"AVENUE DE LA PORTE D AUBERVILLIERS";"48,8990890";"2,3703090"
"201900031693";"22";"1";"2019";"13:15";"1";"75";"75116";"2";"1";"4";"3";"RUE PERGOLESE";"48,8739360";"2,2821210"
"201900031694";"22";"1";"2019";"11:00";"1";"75";"75113";"2";"2";"4";"6";"RUE CHARLES LEROY";"48,8172490";"2,3669270"
"201900031695";"22";"1";"2019";"09:05";"1";"75";"75108";"2";"2";"4";"3";"RUE ROYALE";"48,8683800";"2,3232650"
"201900031696";"22";"1";"2019";"11:05";"1";"75";"75107";"2";"2";"4";"6";"PONT DE L ALMA";"48,8624260";"2,3015950"
"201900031697";"20";"1";"2019";"05:35";"5";"75";"75104";"2";"1";"2";"6";"QUAI HENRI IV";"48,8480940";"2,3637250"
"201900031698";"21";"1";"2019";"11:40";"1";"75";"75101";"2";"4";"1";"2";"RUE SAINT HONORE";"48,8620900";"2,3396920"
"201900031699";"22";"1";"2019";"11:10";"1";"94";"94074";"2";"1";"4";"6";"SALVADOR ALLENDE (AV)";"48,7508000";"2,4610000"
"201900031700";"16";"1";"2019";"13:50";"1";"94";"94052";"2";"2";"1";"3";"EDOUARD RENARD (R)";"48,8455127";"2,4881951"
"201900031701";"21";"1";"2019";"11:50";"1";"94";"94073";"2";"1";"1";"6";"REPUBLIQUE (AV DE LA)";"48,7659700";"2,3933500"
"201900031702";"22";"1";"2019";"07:40";"5";"94";"94028";"2";"1";"1";"6";"TASSIGNY(AVE DU MARECHAL DE LATTRE DE)";"48,7980000";"2,4530000"
"201900031703";"22";"1";"2019";"07:50";"2";"94";"94022";"2";"1";"8";"6";"GAMBETTA (AV)";"48,7641900";"2,4052200"
"201900031704";"22";"1";"2019";"13:20";"1";"94";"94059";"2";"1";"4";"2";"ARDOUIN (AV)";"48,8083000";"2,5746100"
"201900031705";"21";"1";"2019";"18:30";"5";"94";"94019";"2";"1";"1";"1";"PONT (R DU)";"48,7931700";"2,5278400"
"201900031706";"22";"1";"2019";"20:30";"5";"94";"94018";"2";"1";"2";"6";"ARTHUR CROQUETTE (R)";"48,8172100";"2,4168100"
"201900031707";"22";"1";"2019";"10:30";"1";"93";"93073";"1";"1";"4";"6";"CHAPIT RE ( RUE DU)";"49,0298500";"2,5356300"
"201900031708";"22";"1";"2019";"19:15";"2";"93";"93070";"2";"2";"2";"6";"GABRIEL-PERI (AV)";"48,9086060";"2,3325830"
"201900031709";"16";"1";"2019";"13:20";"1";"93";"93070";"2";"9";"1";"3";"MICHELET(AV):N°1AU 103";"48,9063200";"2,3443500"
"201900031710";"22";"1";"2019";"09:31";"1";"93";"93031";"2";"1";"4";"6";"PARIS (RUE DE)";"48,9529900";"2,3130600"
"201900031711";"21";"1";"2019";"19:30";"5";"93";"93014";"2";"1";"9";"3";"MONTFERMEIL (ALLEE DE)";"48,8990600";"2,5443800"
"201900031712";"20";"1";"2019";"18:30";"5";"92";"92024";"2";"4";"1";"3";"ASNIERES (ROUTE D')";"48,9013888";"2,2917524"
"201900031713";"22";"1";"2019";"08:25";"1";"92";"92007";"2";"3";"4";"6";"VAILLANT-COUTURIER (AVENU PAUL)";"48,7924557";"2,3155897"
"201900031714";"22";"1";"2019";"08:40";"1";"1";"01383";"2";"1";"1";"6";"lot les naturelles";"46,0955380";"5,1276380"
"201900031715";"22";"1";"2019";"16:55";"1";"9";"09079";"1";"1";"2";"6";"la saubole";"43,1595930";"1,3728440"
"201900031716";"23";"1";"2019";"07:45";"2";"7";"07260";"1";"1";"4";"1";"RD22";"44,7014100";"4,7000720"
"201900031717";"22";"1";"2019";"09:15";"1";"41";"41008";"1";"9";"4";"6";"A10 pk 130.500";"47,7401840";"1,5264790"
"201900031718";"22";"1";"2019";"19:05";"3";"44";"44033";"1";"1";"1";"6";"RN 165, PR 36+055";"47,3777330";" -1,9532280"
"201900031719";"9";"1";"2019";"10:25";"1";"91";"91617";"1";"6";"1";"6";"CD33";"48,6601220";"2,5177740"
"201900031720";"21";"1";"2019";"11:45";"1";"19";"19276";"2";"3";"1";"3";"rue pierre mouly";"45,4323330";"1,5657520"
"201900031721";"23";"1";"2019";"18:20";"3";"74";"74258";"1";"1";"4";"1";"Les sages";"46,0861280";"6,7006680"
"201900031722";"15";"1";"2019";"15:30";"1";"33";"33093";"1";"1";"1";"7";"D13";"44,7270700";" -0,3308700"
"201900031723";"22";"1";"2019";"06:40";"5";"69";"69063";"2";"1";"1";"6";"Quai de l'Illhaeusern";"45,8304630";"4,8482630"
"201900031724";"23";"1";"2019";"11:00";"1";"32";"32107";"2";"1";"8";"6";"29 Avenue du Général de Gaulle";"43,9559970";"0,3745390"
"201900031725";"21";"1";"2019";"06:42";"3";"63";"63276";"1";"1";"1";"1";"D 2089";"45,8312970";"3,4845200"
"201900031726";"23";"1";"2019";"18:00";"3";"63";"63236";"1";"1";"4";"1";"RD 996";"45,5879751";"2,7808070"
"201900031727";"23";"1";"2019";"18:00";"3";"29";"29020";"1";"1";"1";"1";"Kerlez Braz";"48,0980870";" -4,0394540"
"201900031728";"21";"1";"2019";"23:55";"5";"38";"38229";"2";"1";"1";"1";"34 avenue de verdun";"45,2020900";"5,7599380"
"201900031729";"23";"1";"2019";"08:00";"1";"1";"01199";"1";"4";"4";"1";"D1084 - D36";"46,0582020";"5,3861220"
"201900031730";"22";"1";"2019";"22:45";"3";"50";"50417";"1";"1";"4";"6";"902";"49,5867380";" -1,3255650"
"201900031731";"22";"1";"2019";"17:50";"2";"30";"30259";"2";"3";"1";"1";"route de Nimes";"44,1073830";"4,1018480"
"201900031732";"23";"1";"2019";"16:00";"1";"48";"48045";"1";"1";"4";"1";"Lieu dit Boissanfeuille - RN 88";"44,6477119";"3,7309259"
"201900031733";"23";"1";"2019";"15:00";"1";"31";"31291";"1";"3";"2";"3";"RD65/RD24";"43,5961580";"1,2767150"
"201900031734";"22";"1";"2019";"14:10";"1";"7";"07031";"1";"1";"1";"1";"D104";"44,3697400";"4,2076410"
"201900031735";"5";"1";"2019";"01:33";"3";"63";"63113";"1";"1";"1";"7";"A711";"45,7736014";"3,1423897"
"201900031736";"22";"1";"2019";"21:05";"3";"77";"77370";"1";"1";"1";"3";"Autoroute A6, Point Kilométrique 76+300 sens Lyon Paris";"48,2320600";"2,7574370"
"201900031737";"23";"1";"2019";"07:30";"1";"973";"97311";"2";"1";"1";"6";"avenue st maurice";"5,4799408";" -54,0329933"
"201900031738";"23";"1";"2019";"12:10";"1";"973";"97312";"1";"1";"1";"6";"RN1 - pk 111+400";"5,3559782";" -52,9433084"
"201900031739";"22";"1";"2019";"09:45";"1";"971";"97114";"1";"1";"1";"1";"RN1 CHRISTOPHE OUEST";"16,1204480";" -61,5772360"
"201900031740";"22";"1";"2019";"09:19";"1";"78";"78368";"1";"1";"4";"7";"RD307";"48,8924770";"1,8804560"
"201900031741";"23";"1";"2019";"12:15";"1";"2B";"2B248";"1";"3";"1";"3";"RT 20 - PK 102+020";"42,4251010";"9,2003430"
"201900031742";"22";"1";"2019";"18:00";"5";"34";"34022";"2";"3";"1";"3";"Rue du contrôle";"43,6661950";"4,0236660"
"201900031743";"17";"1";"2019";"04:40";"3";"3";"03102";"1";"1";"2";"3";"N/A";"46,5357137";"3,7061572"
"201900031744";"21";"1";"2019";"05:50";"3";"38";"38215";"1";"1";"1";"7";"D36";"45,5880130";"4,9322580"
"201900031745";"23";"1";"2019";"09:10";"1";"38";"38539";"1";"1";"4";"3";"D 1075";"45,8690110";"5,3769460"
"201900031746";"22";"1";"2019";"17:50";"2";"40";"40125";"1";"1";"2";"6";"CD 6";"43,6579420";" -1,1004190"
"201900031747";"18";"1";"2019";"10:10";"1";"35";"35253";"1";"1";"9";"1";"D794";"48,2714000";" -1,4217200"
"201900031748";"22";"1";"2019";"18:45";"3";"13";"13015";"1";"1";"1";"4";"A51-Sens Marseille vers Aix en Provence";"43,4692800";"5,4070700"
"201900031749";"21";"1";"2019";"20:30";"3";"13";"13015";"1";"1";"1";"2";"A51-Sens Aix en Provence vers Marseille";"43,4908000";"5,4072900"
"201900031750";"24";"6";"2019";"10:12";"1";"49";"49007";"2";"1";"1";"6";"QUINCONCE";"47,4691900";" -0,5446200"
"201900031751";"25";"6";"2019";"18:15";"1";"45";"45234";"2";"1";"1";"7";"QUAI CYPIERRE";"47,8981700";"1,9010400"
"201900031752";"25";"6";"2019";"08:40";"1";"45";"45234";"2";"3";"1";"3";"R M GENEVOIX - R DE LA BECASSE";"47,8293600";"1,9280100"
"201900031753";"18";"6";"2019";"11:35";"1";"44";"44184";"2";"2";"1";"3";"RUE H. GAUTIER/ALLEE DES CARAIBES";"47,2765210";" -2,2055080"
"201900031754";"25";"6";"2019";"21:10";"2";"44";"44162";"2";"1";"1";"3";"RUE DE LA JOHARDIERE";"47,2272400";" -1,6510200"
"201900031755";"25";"6";"2019";"14:15";"1";"44";"44109";"2";"1";"1";"3";"RUE CLAUDE LORRAIN";"47,2242800";" -1,6029800"
"201900031756";"25";"6";"2019";"09:00";"1";"37";"37122";"2";"1";"1";"7";"ROUTE DE SAVONNIERES";"47,3676771";"0,6465195"
"201900031757";"25";"6";"2019";"19:30";"1";"34";"34172";"2";"2";"1";"6";"ANTONELLI (AVENUE DU PROFESSEUR ETIENNE)";"43,5992700";"3,8937800"
"201900031758";"20";"6";"2019";"18:31";"1";"33";"33069";"2";"9";"1";"4";"AVE VICTOR HUGO";"44,8611400";" -0,5897000"
"201900031759";"24";"6";"2019";"14:10";"1";"33";"33550";"2";"6";"1";"2";"CHEM DE PAUGE";"44,7567400";" -0,5724500"
"201900031760";"25";"6";"2019";"15:50";"1";"32";"32013";"2";"1";"1";"1";"RD 924";"43,6613440";"0,6391640"
"201900031761";"25";"6";"2019";"07:30";"1";"31";"31555";"2";"1";"1";"3";"ALL PAUL FEUGA";"43,5923600";"1,4425800"
"201900031762";"24";"6";"2019";"18:00";"1";"31";"31555";"2";"1";"1";"3";"RUE DU PONT GUILHEMERY";"43,6017600";"1,4580700"
"201900031763";"24";"6";"2019";"17:00";"1";"31";"31555";"2";"1";"1";"3";"CHE DE FENOUILLET";"43,6418300";"1,4167600"
"201900031764";"24";"6";"2019";"16:36";"1";"31";"31557";"2";"1";"1";"2";"BD VINCENT AURIOL";"43,5874000";"1,3497900"
"201900031765";"25";"6";"2019";"19:10";"1";"29";"29232";"1";"6";"1";"4";"FLANDRES DUNKERQUE 1940 BOULEVARD";"47,9793800";" -4,0939200"
"201900031766";"25";"6";"2019";"11:00";"1";"27";"27562";"2";"2";"1";"3";"MONTIGNY (RUE DE )";"49,0931000";"1,4553000"
"201900031767";"24";"6";"2019";"00:49";"5";"26";"26198";"2";"1";"1";"3";"VALENCE (Route de)";"44,5787900";"4,7538400"
"201900031768";"24";"6";"2019";"19:40";"1";"17";"17333";"2";"2";"1";"3";"BARTHOU LOUIS";"45,6071000";" -1,0013700"
"201900031769";"25";"6";"2019";"16:00";"1";"14";"14181";"2";"1";"1";"7";"COUDRIERS (RUE DES)";"49,1590600";" -0,3303000"
"201900031770";"14";"6";"2019";"18:40";"1";"14";"14167";"2";"1";"1";"6";"JEU DE PAUME (RUE DU )";"49,1838000";" -0,3029000"
"201900031771";"25";"6";"2019";"12:50";"1";"14";"14118";"1";"6";"8";"3";"ECHANGEUR N° 5 ( COTE DE NACRE )";"49,2032800";" -0,3604300"
"201900031772";"25";"6";"2019";"04:52";"4";"14";"14566";"2";"1";"1";"7";"ROSEL (ROUTE DE )";"49,2010000";" -0,4000000"
"201900031773";"18";"6";"2019";"10:30";"1";"13";"13054";"2";"6";"1";"6";"GAL RAOUL SALAN (AV DU )";"43,4020320";"5,2163930"
"201900031774";"25";"6";"2019";"19:45";"1";"13";"13208";"2";"1";"1";"7";"MENDES FRANCE (AVENUE)";"43,2516500";"5,3757000"
"201900031775";"25";"6";"2019";"13:35";"1";"13";"13204";"2";"1";"1";"3";"ALEX. FLEMING (BOULEVARD)";"43,3154100";"5,4015500"
"201900031776";"24";"6";"2019";"15:00";"1";"13";"13201";"2";"1";"1";"3";"GARIBALDI (BOULEVARD) N° IMPAIRS";"43,2970000";"5,3810000"
"201900031777";"24";"6";"2019";"16:20";"1";"13";"13208";"2";"1";"1";"2";"PRADO (AVENUE DU)";"43,2749300";"5,3895400"
"201900031778";"24";"6";"2019";"12:30";"1";"13";"13201";"2";"2";"1";"3";"ROTONDE (RUE DE LA)";"43,3004300";"5,3831800"
"201900031779";"25";"6";"2019";"18:05";"1";"13";"13005";"2";"1";"1";"3";"GEMENOS (ROUTE DE CD2)";"43,2964200";"5,5785700"
"201900031780";"25";"6";"2019";"11:50";"1";"13";"13070";"2";"3";"1";"7";"GARE (BOULEVARD DE LA)";"43,2817330";"5,5150260"
"201900031781";"24";"6";"2019";"18:10";"1";"12";"12145";"2";"1";"1";"3";"AUMIERES (ROUTE DES)";"44,1032380";"3,0646683"
"201900031782";"23";"6";"2019";"13:00";"1";"11";"11262";"2";"1";"1";"7";"MARCORIGNAN (ROUTE DE)";"43,1903100";"2,9842600"
"201900031783";"15";"6";"2019";"06:20";"2";"11";"11069";"1";"1";"1";"7";"CHARLEMAGNE -ROND POINT";"43,1975120";"2,3583060"
"201900031784";"24";"6";"2019";"18:08";"1";"10";"10357";"2";"1";"1";"2";"GENERAL DE GAULLE (RUE DU)";"48,2978000";"4,1175200"
"201900031785";"25";"6";"2019";"20:44";"2";"6";"06088";"2";"2";"1";"3";"SORGENTINO (R.)";"43,7110613";"7,2918144"
"201900031786";"25";"6";"2019";"07:57";"1";"6";"06069";"2";"1";"1";"7";"POMPIDOU (AVENUE GEORGES) -RD 6085";"43,6485824";"6,9353458"
"201900031787";"24";"6";"2019";"15:30";"1";"5";"05061";"2";"3";"1";"3";"EYSSAGNIERES ( ROUTE DES )";"44,5442000";"6,0530900"
"201900031788";"24";"6";"2019";"16:08";"1";"75";"75105";"2";"2";"1";"5";"BOULEVARD DE PORT ROYAL";"48,8376900";"2,3455000"
"201900031789";"25";"6";"2019";"19:00";"1";"75";"75118";"2";"1";"1";"4";"AVENUE DE SAINT OUEN";"48,8899830";"2,3264570"
"201900031790";"25";"6";"2019";"17:25";"1";"75";"75116";"2";"1";"1";"6";"ROUTE DE SURESNES";"48,8671420";"2,2572340"
"201900031791";"24";"6";"2019";"19:30";"1";"75";"75115";"2";"1";"1";"6";"RUE BRANCION";"48,8318690";"2,3028620"
"201900031792";"25";"6";"2019";"08:25";"1";"75";"75113";"2";"3";"1";"2";"QUAI PANHARD ET LEVASSOR";"48,8292290";"2,3835450"
"201900031793";"25";"6";"2019";"11:20";"1";"75";"75112";"2";"2";"1";"3";"AVENUE DAUMESNIL";"48,8472920";"2,3753260"
"201900031794";"24";"6";"2019";"19:20";"1";"75";"75112";"2";"1";"1";"6";"AVENUE DU GENERAL MICHEL BIZOT";"48,8356910";"2,4022230"
"201900031795";"25";"6";"2019";"14:55";"1";"75";"75110";"2";"1";"1";"3";"AVENUE PARMENTIER";"48,8703540";"2,3707940"
"201900031796";"25";"6";"2019";"15:00";"1";"75";"75111";"2";"4";"1";"6";"RUE RAMPON";"48,8664790";"2,3681270"
"201900031797";"4";"9";"2019";"20:50";"3";"93";"93049";"2";"3";"1";"3";" PRESIDENT JOHN KENNEDY (AVENUE)";"48,8655400";"2,5115300"
"201900031798";"25";"6";"2019";"01:00";"5";"75";"75111";"2";"2";"1";"3";"BOULEVARD VOLTAIRE";"48,8637840";"2,3700660"