"Num_Acc";"jour";"mois";"an";"hrmn";"lum";"dep";"com";"agg";"int";"atm";"col";"adr";"lat";"long"
"201900031799";"4";"9";"2019";"10:15";"1";"93";"93032";"2";"1";"1";"3";"EMILE  COSSONNEAU  (AVENUE)";"48,8745000";"2,5566200"
"201900031800";"25";"6";"2019";"09:10";"1";"75";"75108";"2";"1";"1";"7";"AVENUE DE WAGRAM";"48,8761970";"2,2968940"
"201900031801";"25";"6";"2019";"16:20";"1";"75";"75107";"2";"1";"1";"6";"ALLEE JEAN PAULHAN";"48,8589660";"2,2960430"
"201900031802";"4";"9";"2019";"05:45";"5";"93";"93008";"2";"1";"1";"2";"GAUTIER (RUE HENRI)";"48,9059600";"2,4237500"
"201900031803";"25";"6";"2019";"05:40";"1";"75";"75107";"2";"1";"1";"6";"BOULEVARD DES INVALIDES";"48,8519460";"2,3145260"
"201900031804";"4";"9";"2019";"15:00";"1";"93";"93005";"2";"6";"1";"3";"ROBERT BREMOND (RUE)";"48,9575760";"2,4640710"
"201900031805";"25";"6";"2019";"02:10";"5";"75";"75107";"2";"1";"1";"6";"BOULEVARD RASPAIL";"48,8539640";"2,3260120"
"201900031806";"25";"6";"2019";"10:00";"1";"75";"75109";"2";"1";"1";"6";"RUE TAITBOUT";"48,8758140";"2,3353110"
"201900031807";"4";"9";"2019";"15:00";"1";"92";"92075";"2";"2";"1";"1";"PIERRE BROSSOLETTE (AVENUE)";"48,8121000";"2,3007000"
"201900031808";"23";"6";"2019";"21:30";"1";"94";"94081";"2";"3";"1";"6";"EDOUARD TIL (R)";"48,7912800";"2,3838300"
"201900031809";"4";"9";"2019";"09:30";"1";"92";"92026";"2";"1";"1";"3";"COLOMBES";"48,8985900";"2,2566200"
"201900031810";"25";"6";"2019";"09:40";"1";"94";"94080";"2";"3";"1";"3";"IDALIE (R D)";"48,8454700";"2,4401400"
"201900031811";"25";"6";"2019";"09:20";"1";"94";"94078";"2";"1";"1";"3";"PARIS (R DE)";"48,7355800";"2,4468500"
"201900031812";"25";"6";"2019";"08:50";"1";"94";"94078";"2";"1";"1";"6";"CHOISY (AV DE)";"48,7388100";"2,4445000"
"201900031813";"4";"9";"2019";"08:00";"1";"92";"92007";"2";"6";"1";"3";"RAVERA (AVENUE HENRI) N° 92 A 106";"48,8098300";"2,3174300"
"201900031814";"25";"6";"2019";"19:20";"1";"94";"94046";"2";"1";"1";"6";"PROFESSEUR CADIOT (AV DU)";"48,8060388";"2,4300433"
"201900031815";"3";"9";"2019";"18:30";"1";"31";"31418";"2";"1";"7";"3";"rd 70";"43,6270489";"1,5305128"
"201900031816";"4";"9";"2019";"12:30";"1";"972";"97210";"1";"1";"1";"1";"RN6 PK 10+250";"14,6148700";" -60,9119820"
"201900031817";"25";"6";"2019";"15:50";"1";"94";"94046";"2";"1";"1";"3";"GENERAL DE GAULLE (AV DU)";"48,8140000";"2,4211000"
"201900031818";"23";"6";"2019";"21:50";"2";"94";"94041";"2";"2";"1";"1";"PIERRE SEMARD (AV)";"48,8175900";"2,3815500"
"201900031819";"12";"7";"2019";"16:00";"1";"27";"27229";"1";"1";"1";"6";"nationale 1013";"48,9995780";"1,1573760"
"201900031820";"25";"6";"2019";"10:50";"1";"94";"94079";"2";"2";"1";"3";"REGARD DES LUATS (R DU)";"48,8207000";"2,5305200"
"201900031821";"4";"9";"2019";"21:15";"3";"63";"63240";"1";"1";"1";"7";"Rd51";"46,0370982";"3,2360038"
"201900031822";"5";"9";"2019";"12:46";"1";"67";"67302";"1";"1";"1";"1";"RD1404 - PK2+500";"48,7432650";"7,3931090"
"201900031823";"25";"6";"2019";"09:30";"1";"94";"94018";"2";"1";"1";"5";"REPUBLIQUE (R DE LA)";"48,8225700";"2,4130500"
"201900031824";"25";"6";"2019";"20:00";"1";"93";"93059";"2";"1";"1";"6";"PAUL LAFARGUE (RUE)";"48,9713500";"2,3720800"
"201900031825";"4";"9";"2019";"17:45";"1";"74";"74019";"2";"6";"7";"3";"Route de Champ Moisi";"45,9399000";"6,1442430"
"201900031826";"4";"9";"2019";"19:00";"1";"83";"83140";"1";"1";"1";"7";"N/A";"43,4170910";"5,8702120"
"201900031827";"25";"6";"2019";"10:50";"1";"93";"93070";"2";"1";"1";"3";"MICHELET (AVE) : DU 1 AU 103";"48,9022000";"2,3439900"
"201900031828";"25";"6";"2019";"15:00";"1";"93";"93055";"2";"1";"1";"3";"JEAN LOLIVE (AVENUE)(1/55 2/60)";"48,8912300";"2,4028000"
"201900031829";"25";"6";"2019";"11:55";"1";"93";"93006";"2";"1";"1";"6";"SAMPAIX RUE LUCIEN";"48,8703000";"2,4272000"
"201900031830";"2";"9";"2019";"05:30";"3";"56";"56264";"1";"2";"1";"3";"Kerchopine";"48,0065817";" -3,3379245"
"201900031831";"25";"6";"2019";"09:45";"1";"93";"93031";"2";"9";"1";"2";"REPUBLIQUE (AVENUE)";"48,9498530";"2,3296648"
"201900031832";"5";"9";"2019";"14:12";"1";"76";"76141";"1";"1";"1";"1";"rd 910";"49,6164480";"0,4066450"
"201900031833";"25";"6";"2019";"17:05";"1";"93";"93014";"1";"4";"1";"3";"MAURICE AUDIN (ALLEE)";"48,9087600";"2,5462200"
"201900031834";"4";"9";"2019";"20:00";"2";"2A";"2A130";"2";"1";"1";"5";"7 Lotissement Punta Di Vesco";"41,8730500";"8,7851310"
"201900031835";"25";"6";"2019";"21:50";"2";"93";"93005";"2";"1";"1";"2";"JULES PRINCET [CD115] (RUE)";"48,9240400";"2,5016030"
"201900031836";"5";"9";"2019";"05:10";"3";"2B";"2B286";"1";"1";"1";"6";"route de pinarello RD  406";"42,4886280";"9,5290400"
"201900031837";"25";"6";"2019";"11:10";"1";"93";"93005";"2";"9";"1";"5";"DROITS DE LHOMME (CARREFOUR DES)";"48,9277470";"2,4908580"
"201900031838";"25";"6";"2019";"12:30";"1";"92";"92051";"2";"9";"1";"3";"GENERAL KOENIG (BOULEVARD DU)";"48,8841200";"2,2544000"
"201900031839";"4";"9";"2019";"02:30";"5";"2B";"2B077";"1";"1";"1";"3";"RT 10 -SAN PANCRACE";"42,4705060";"9,4871470"
"201900031840";"25";"6";"2019";"18:20";"1";"92";"92040";"2";"1";"1";"3";"BOURGAIN (AVENE)";"48,8216530";"2,2659310"
"201900031841";"4";"9";"2019";"16:25";"1";"65";"65446";"2";"2";"1";"3";"Intersection D8 - D27";"43,3263420";"0,1007100"
"201900031842";"25";"6";"2019";"15:50";"1";"92";"92040";"2";"1";"1";"3";"VICTOR CRESSON (AVENUE) DU 01 AU 27";"48,8232300";"2,2702000"
"201900031843";"25";"6";"2019";"02:00";"5";"92";"92062";"2";"9";"1";"3";"JEAN MOULIN (AVENUE)";"48,8872100";"2,2401600"
"201900031844";"3";"9";"2019";"22:30";"5";"89";"89362";"1";"1";"1";"7";"D.606  - PR 119 +500";"47,5852103";"3,7759924"
"201900031845";"25";"6";"2019";"18:40";"1";"92";"92026";"2";"1";"1";"6";"ARISTIDE BRIAND";"48,8996830";"2,2587650"
"201900031846";"5";"9";"2019";"13:00";"1";"89";"89263";"2";"2";"1";"3";"D319";"47,8460690";"3,5549500"
"201900031847";"25";"6";"2019";"19:30";"1";"92";"92007";"2";"1";"1";"2";"BRIAND (AVENUE ARISTIDE) N° 2 A 98";"48,8041915";"2,3248943"
"201900031848";"4";"9";"2019";"18:40";"1";"12";"12289";"1";"1";"1";"6";"route départementale 5";"44,5146750";"2,2359220"
"201900031849";"23";"6";"2019";"07:30";"2";"54";"54100";"2";"1";"1";"7";"RD70";"48,7748930";"6,3619300"
"201900031850";"24";"6";"2019";"18:00";"1";"83";"83072";"2";"6";"1";"3";"Rond-Point de la Liberation";"43,4931970";"6,3611460"
"201900031851";"4";"9";"2019";"08:45";"1";"12";"12224";"2";"1";"1";"2";"RD 95";"44,4604620";"2,9745180"
"201900031852";"3";"9";"2019";"08:25";"2";"31";"31043";"2";"3";"7";"3";"Le Village D17";"43,2013370";"0,5684370"
"201900031853";"4";"9";"2019";"07:45";"1";"2";"02543";"2";"9";"1";"6";"Rue Émile Benoist";"49,1722940";"3,2574460"
"201900031854";"26";"6";"2019";"17:55";"1";"25";"25143";"1";"9";"7";"5";"N83, PR 002+250";"47,0218640";"5,8677400"
"201900031855";"5";"9";"2019";"08:20";"1";"70";"70103";"2";"1";"1";"7";"9 Rue du Moulin Rouge";"47,8310570";"6,4807210"
"201900031856";"26";"6";"2019";"10:20";"1";"17";"17387";"1";"2";"1";"3";"Rue des peupliers";"45,8096130";" -0,7794730"
"201900031857";"26";"6";"2019";"10:15";"1";"80";"80767";"1";"1";"1";"6";"Autoroute A28 - PK021+400";"49,9730540";"1,6701620"
"201900031858";"5";"9";"2019";"16:30";"1";"26";"26114";"2";"1";"1";"6";"Allée des Promenades";"44,5223630";"5,0603430"
"201900031859";"26";"6";"2019";"11:45";"1";"11";"11148";"1";"9";"1";"6";"A61, PK354+253, en direction de Narbonne";"43,1689190";"2,7084480"
"201900031860";"5";"9";"2019";"03:30";"3";"54";"54260";"2";"3";"2";"7";"rd98";"48,5668830";"6,4958230"
"201900031861";"25";"6";"2019";"19:58";"1";"45";"45092";"1";"1";"1";"2";"rd 2060";"47,9746160";"2,6168340"
"201900031862";"5";"9";"2019";"12:50";"1";"72";"72196";"1";"1";"1";"1";"La motte";"48,1929540";"0,2985540"
"201900031863";"21";"6";"2019";"18:10";"1";"83";"83148";"1";"2";"1";"3";"D48";"43,3937700";"6,4375430"
"201900031864";"4";"9";"2019";"18:45";"1";"5";"05010";"2";"1";"1";"3";"Aiguebelle";"44,5253160";"5,7723640"
"201900031865";"26";"6";"2019";"17:38";"1";"41";"41161";"1";"1";"1";"2";"A71 - PK146+550 - Sens Vierzon / Orléans";"47,5075780";"2,0084760"
"201900031866";"25";"6";"2019";"15:00";"1";"76";"76238";"2";"3";"1";"3";"53 Rue Roger Cuvelier";"49,5630690";"0,2339620"
"201900031867";"26";"6";"2019";"01:45";"3";"71";"71520";"1";"1";"1";"5";"autoroute A.6, sens Paris-Lyon, P.K. 337+300";"46,7417160";"4,8339110"
"201900031868";"5";"9";"2019";"09:10";"1";"4";"04108";"2";"6";"1";"6";"Chemin des Tilleuls (RP RD 4 / RD 12)";"44,0430800";"6,0299050"
"201900031869";"25";"6";"2019";"12:20";"1";"6";"06130";"1";"1";"1";"1";"RD 6085";"43,6985476";"6,8481411"
"201900031870";"1";"9";"2019";"18:20";"1";"85";"85204";"1";"3";"1";"1";"Les Gros ";"46,8149400";" -1,7249500"
"201900031871";"25";"6";"2019";"13:30";"1";"50";"50393";"2";"1";"1";"3";"Rue Jean le Couturier (Percy)";"48,9151610";" -1,1922770"
"201900031872";"26";"6";"2019";"18:18";"1";"62";"62198";"1";"2";"1";"3";"D341";"50,3878200";"2,6236790"
"201900031873";"4";"9";"2019";"09:30";"1";"85";"85073";"1";"5";"1";"3";"Intersection D44 et D7";"46,5147400";" -1,1598900"
"201900031874";"23";"6";"2019";"19:50";"1";"77";"77359";"2";"1";"1";"3";"Rue du Grand Moulin";"48,4772250";"2,5503570"
"201900031875";"27";"8";"2019";"10:00";"1";"87";"87027";"1";"1";"2";"7";"Fayollas";"45,6135870";"1,0003590"
"201900031876";"4";"9";"2019";"15:35";"1";"37";"37050";"2";"1";"1";"6";"99 avenue du grand sud";"47,3348261";"0,7053244"
"201900031877";"26";"6";"2019";"16:20";"1";"59";"59074";"1";"1";"1";"1";"rue de BUSIGNY";"50,0743670";"3,4454240"
"201900031878";"2";"8";"2019";"16:30";"1";"67";"67291";"2";"1";"1";"6";"27 rue du général leclerc, mertzwiller";"48,8621040";"7,6746670"
"201900031879";"24";"6";"2019";"19:10";"1";"19";"19063";"1";"1";"1";"6";"Rochelongue";"45,1145510";"1,5624170"
"201900031880";"5";"9";"2019";"16:45";"1";"34";"34337";"1";"1";"1";"6";"Route Départementale 612";"43,5508290";"3,8333800"
"201900031881";"24";"6";"2019";"06:30";"1";"59";"59018";"1";"1";"7";"7";"Route de Cassel";"50,8252800";"2,4234780"
"201900031882";"26";"6";"2019";"06:55";"1";"74";"74282";"1";"1";"1";"3";"Route Impériale (Saint-Martin-Bellevue)";"45,9842610";"6,1297320"
"201900031883";"5";"9";"2019";"07:20";"1";"6";"06085";"2";"1";"1";"3";"Chemin de Carimail";"43,5736230";"6,9754780"
"201900031884";"3";"9";"2019";"08:15";"1";"74";"74064";"1";"1";"1";"6";"Route de Marignier";"46,0861522";"6,5673672"
"201900031885";"19";"6";"2019";"16:40";"1";"76";"76615";"1";"2";"1";"3";"CD79";"49,5920190";"0,1874760"
"201900031886";"5";"9";"2019";"06:50";"2";"76";"76391";"1";"1";"1";"5";"A13";"49,3397590";"0,9448990"
"201900031887";"20";"4";"2019";"23:30";"3";"79";"79123";"1";"2";"1";"3";"Le Preuille-Montigny";"46,8014720";" -0,6588810"
"201900031888";"25";"6";"2019";"15:15";"1";"79";"79191";"2";"2";"1";"3";"Rue de la Bellivaudrie";"46,2957540";" -0,4382280"
"201900031889";"24";"6";"2019";"15:45";"1";"80";"80410";"2";"1";"7";"1";"Route de Saint-Quentin";"49,7538290";"3,0675010"
"201900031890";"24";"6";"2019";"09:30";"1";"82";"82155";"1";"1";"1";"6";"Grezes des Amourouses";"44,1523860";"1,8033070"
"201900031891";"5";"9";"2019";"17:40";"1";"13";"13018";"1";"1";"1";"1";"A7 PK 201+000 - Aire de repos de CABANNES direction MASEILLE";"43,8639650";"4,9718720"
"201900031892";"26";"6";"2019";"10:15";"1";"33";"33541";"2";"2";"7";"3";"Route des Arrestieux / Route du Gua";"45,3948860";" -1,0491650"
"201900031893";"21";"6";"2019";"18:00";"3";"974";"97422";"1";"1";"8";"6";"Rue Raphaël Douyère";" -21,2079190";"55,5473140"
"201900031894";"26";"6";"2019";"12:00";"1";"11";"11206";"2";"9";"1";"1";"Avenue du Languedoc";"43,0691160";"2,2182220"
"201900031895";"30";"7";"2019";"14:00";"1";"971";"97119";"1";"1";"8";"1";"Rougeole";"16,3646660";" -61,4582530"
"201900031896";"25";"6";"2019";"20:55";"1";"89";"89464";"2";"7";"1";"6";"Place Briard";"48,0820890";"3,2948750"
"201900031897";"3";"9";"2019";"19:05";"5";"971";"97117";"2";"1";"1";"6";"Boulevard Levasseur";"16,3292970";" -61,3475390"
"201900031898";"26";"6";"2019";"11:50";"1";"63";"63323";"1";"1";"1";"1";"route départementale 999";"45,4249760";"3,5706940"
"201900031899";"3";"9";"2019";"17:36";"1";"41";"41155";"2";"9";"1";"1";"Rue Nationale-RD951";"47,6680740";"1,5267180"
"201900031900";"25";"6";"2019";"02:16";"5";"47";"47168";"2";"6";"1";"6";"256 Avenue de Grammont";"44,5981589";"0,3571566"
"201900031901";"5";"9";"2019";"08:55";"1";"77";"77171";"2";"1";"1";"2";"D5 - Rue louis braille";"48,8972500";"2,8055000"
"201900031902";"24";"6";"2019";"14:00";"1";"47";"47303";"1";"2";"1";"3";"carrefour CD313 et CD 281";"44,6879458";"0,3267571"
"201900031903";"27";"8";"2019";"19:20";"1";"77";"77323";"1";"4";"1";"7";"D26 X VC";"49,0515600";"2,6186200"
"201900031904";"24";"6";"2019";"20:30";"1";"86";"86089";"2";"1";"1";"7";"2 Rue de la Griffonnière";"46,7572670";"0,0979520"
"201900031905";"2";"9";"2019";"17:35";"1";"77";"77317";"1";"1";"1";"3";"D227";"48,6142700";"2,8895500"
"201900031906";"4";"9";"2019";"17:25";"1";"84";"84138";"1";"1";"1";"2";"Route de Richerenches";"44,3734680";"4,9369510"
"201900031907";"24";"6";"2019";"21:20";"2";"44";"44062";"1";"1";"2";"6";"La Maillardais";"47,5232770";" -1,7672580"
"201900031908";"5";"9";"2019";"15:30";"1";"89";"89257";"2";"1";"1";"6";"Avenue Jean Jaurès";"47,9636700";"3,5117970"
"201900031909";"25";"6";"2019";"21:10";"2";"29";"29274";"1";"1";"1";"6";"COADRY";"48,0476830";" -3,7585780"
"201900031910";"5";"9";"2019";"00:15";"3";"68";"68269";"1";"1";"1";"7";"osterberweg";"48,1967810";"7,3251910"
"201900031911";"10";"5";"2019";"14:00";"1";"29";"29204";"2";"9";"2";"6";"place de l'église";"48,5138250";" -4,2128170"
"201900031912";"5";"9";"2019";"11:10";"1";"67";"67544";"2";"9";"1";"1";"33 Rue de la Pépinière";"49,0267760";"7,9461820"
"201900031913";"2";"9";"2019";"08:00";"1";"54";"54509";"2";"4";"1";"3";"41 rue de lorraine";"48,6313470";"6,3723440"
"201900031914";"5";"9";"2019";"20:00";"2";"38";"38083";"1";"2";"1";"3";"Rue de Chassignon";"45,8045870";"5,3558380"
"201900031915";"25";"6";"2019";"16:40";"1";"29";"29168";"1";"3";"1";"3";"Le Loc'H";"48,0296868";" -4,6333659"
"201900031916";"5";"9";"2019";"16:15";"1";"38";"38473";"1";"1";"1";"5";"D519";"45,3451100";"5,2338400"
"201900031917";"26";"6";"2019";"12:35";"1";"38";"38547";"2";"1";"1";"3";"Avenue Robert Huant";"45,2593630";"5,9059950"
"201900031918";"5";"9";"2019";"07:50";"1";"81";"81120";"1";"3";"1";"2";"carrefour Chemin Communal n°10 et Nationale 112";"43,5321020";"2,2830160"
"201900031919";"3";"9";"2019";"17:15";"1";"23";"23115";"1";"1";"1";"1";"Nouaillat";"45,7907700";"2,2589320"
"201900031920";"26";"6";"2019";"07:19";"1";"38";"38150";"2";"6";"1";"3";"Route de Savoie";"45,2055940";"5,8461940"
"201900031921";"5";"9";"2019";"07:20";"2";"53";"53082";"1";"3";"1";"1";"Minge Vieux";"47,9765770";" -0,8694340"
"201900031922";"26";"6";"2019";"14:08";"1";"72";"72132";"1";"3";"1";"1";"LES AJEUX";"48,1861550";"0,6543160"
"201900031923";"4";"9";"2019";"08:00";"1";"13";"13055";"1";"1";"1";"4";"A507 sens Aubagne- Marseille";"43,3304770";"5,3886598"
"201900031924";"31";"8";"2019";"21:00";"3";"13";"13028";"1";"1";"1";"6";"A50";"43,1929918";"5,6519053"
"201900031925";"26";"6";"2019";"10:40";"1";"83";"83121";"1";"6";"1";"2";"D31 route de l'europe salerne";"43,5702990";"6,2424240"
"201900031926";"4";"9";"2019";"08:40";"1";"33";"33550";"1";"1";"1";"7";"ROCADE A 630";"44,7846200";" -0,5419700"
"201900031927";"25";"6";"2019";"17:15";"1";"43";"43261";"1";"3";"1";"3";"intersection D16 et chemin Pradeau";"45,3986300";"3,3422980"
"201900031928";"4";"9";"2019";"10:33";"1";"91";"91589";"1";"1";"1";"4";"AUTOROUTE A6";"48,6748700";"2,3415900"
"201900031929";"18";"6";"2019";"19:00";"1";"24";"24528";"1";"1";"1";"7";"La sacaude";"45,4690090";"0,6776350"
"201900031930";"4";"9";"2019";"07:30";"1";"91";"91340";"1";"1";"1";"6";"AUTOROUTE A6";"48,6044400";"2,4366200"
"201900031931";"26";"6";"2019";"14:40";"1";"4";"04116";"1";"1";"1";"7";"RD 4";"44,0461070";"6,0188490"
"201900031932";"3";"9";"2019";"12:15";"1";"94";"94034";"1";"1";"1";"2";"AUTOROUTE A6B";"48,7538400";"2,3311500"
"201900031933";"24";"6";"2019";"06:55";"1";"85";"85128";"2";"3";"1";"1";"Rue des Carrières";"46,4589900";" -1,1720700"
"201900031934";"18";"6";"2019";"10:40";"1";"28";"28051";"2";"2";"1";"7";"Rue des Écoles";"48,1827190";"1,3898390"
"201900031935";"3";"9";"2019";"08:30";"1";"91";"91086";"1";"1";"1";"4";"RN 104";"48,6235600";"2,3814400"
"201900031936";"22";"5";"2019";"16:30";"1";"87";"87173";"1";"1";"1";"6";"Les Planeaux";"46,0884280";"1,3087930"
"201900031937";"3";"9";"2019";"10:15";"1";"91";"91286";"1";"1";"1";"4";"AUTOROUTE A6";"48,6533000";"2,3814700"
"201900031938";"22";"6";"2019";"19:30";"1";"52";"52491";"1";"1";"1";"7";"grande rue";"48,4104950";"5,2869370"
"201900031939";"4";"9";"2019";"01:25";"5";"92";"92050";"1";"1";"1";"7";"A86";"48,9016997";"2,2029395"
"201900031940";"26";"6";"2019";"14:00";"1";"77";"77279";"1";"1";"1";"2";"A5 - P 37.600";"48,3823140";"3,0014640"
"201900031941";"26";"6";"2019";"16:05";"1";"31";"31117";"1";"1";"1";"4";"A68, PK 007.400";"43,6646380";"1,5531960"
"201900031942";"2";"9";"2019";"18:30";"1";"75";"75116";"1";"4";"1";"3";"A13Y";"48,8484046";"2,2469945"
"201900031943";"4";"9";"2019";"09:20";"1";"93";"93027";"1";"1";"1";"4";"AUTOROUTE A86";"48,9265600";"2,4030900"
"201900031944";"3";"9";"2019";"08:20";"1";"93";"93006";"1";"1";"1";"4";"AUTOROUTE A3";"48,8669000";"2,4253000"
"201900031945";"25";"6";"2019";"16:05";"1";"66";"66012";"2";"1";"1";"2";"Avenue des Albères";"42,6967330";"2,8205000"
"201900031946";"13";"5";"2019";"15:30";"1";"34";"34101";"1";"1";"1";"2";"A9 PK 142+700";"43,3999600";"3,4746800"
"201900031947";"3";"9";"2019";"22:00";"3";"94";"94069";"1";"1";"1";"4";"A4";"48,8171000";"2,4417000"
"201900031948";"25";"6";"2019";"19:59";"1";"27";"27100";"1";"1";"1";"3";"Route départementale 675 R 042.902 vers BEUZEVILE";"49,3552110";"0,3872310"
"201900031949";"2";"9";"2019";"19:25";"1";"94";"94022";"1";"1";"1";"2";"A86 EXT";"48,7763900";"2,4212200"
"201900031950";"1";"9";"2019";"17:40";"1";"77";"77175";"1";"1";"1";"6";"RN104";"48,6608100";"2,6134200"
"201900031951";"26";"6";"2019";"07:50";"1";"77";"77107";"1";"9";"1";"3";"RN36 PK52+779";"48,6766478";"2,8135536"
"201900031952";"18";"6";"2019";"21:32";"5";"83";"83069";"2";"9";"1";"6";"GAMBETTA (AVENUE)";"43,1199200";"6,1285800"
"201900031953";"26";"6";"2019";"15:20";"1";"78";"78202";"1";"1";"1";"3";"D983";"49,0509280";"1,7576880"
"201900031954";"16";"6";"2019";"16:00";"1";"66";"66059";"1";"1";"1";"2";"RD 914";"42,6232420";"2,9499480"
"201900031955";"3";"9";"2019";"14:30";"1";"69";"69264";"2";"6";"1";"3";"FRANS ROUTE DE";"45,9840900";"4,7389100"
"201900031956";"26";"6";"2019";"15:05";"1";"34";"34199";"2";"1";"7";"7";"avenue de verdun";"43,4558474";"3,4235839"
"201900031957";"25";"6";"2019";"21:30";"1";"84";"84092";"2";"2";"1";"3";"39 Avenue Théophile Delorme";"43,9642580";"4,8583900"
"201900031958";"2";"9";"2019";"09:20";"1";"10";"10333";"2";"1";"1";"6";"ECHENILLY (RUE)";"48,2810300";"4,0467600"
"201900031959";"24";"6";"2019";"14:50";"1";"83";"83047";"1";"9";"1";"3";"Chemin Long";"43,1317080";"6,0694460"
"201900031960";"2";"9";"2019";"18:45";"1";"92";"92049";"2";"1";"1";"6";"BROSSOLETTE AVENUE PIERRE";"48,8210143";"2,3124004"
"201900031961";"1";"7";"2019";"21:10";"2";"47";"47195";"1";"1";"1";"7";"Tauziette";"44,1357140";"0,3387530"
"201900031962";"25";"6";"2019";"14:05";"1";"5";"05117";"1";"4";"1";"3";"route départementale 994";"44,4099770";"5,5414790"
"201900031963";"2";"9";"2019";"22:10";"5";"974";"97411";"2";"6";"1";"3";"JAURES (BLD 2 JEAN)";" -20,8977900";"55,4755000"
"201900031964";"26";"6";"2019";"06:50";"1";"89";"89077";"2";"1";"1";"6";"34 Route Nationale 6";"47,7604310";"3,6098260"
"201900031965";"2";"9";"2019";"20:55";"5";"974";"97407";"2";"6";"1";"2";"ROND POINT DES DANSEUSES";" -20,9498200";"55,3016400"
"201900031966";"26";"6";"2019";"08:30";"1";"68";"68252";"2";"1";"7";"7";"Rue des Écoles";"48,1600210";"7,3697990"
"201900031967";"3";"9";"2019";"10:29";"1";"973";"97302";"2";"3";"1";"6";"FELIX EBOUE(ROCADE)";"4,9272489";" -52,3195231"
"201900031968";"21";"6";"2019";"00:40";"3";"57";"57430";"1";"1";"1";"7";"D910";"49,0268320";"6,5543480"
"201900031969";"2";"9";"2019";"08:30";"1";"973";"97302";"2";"1";"1";"2";"TIGRE (ROUTE DU)";"4,9179279";" -52,3141479"
"201900031970";"3";"9";"2019";"21:15";"5";"69";"69387";"2";"3";"1";"3";"YVES FARGES                         (BD)";"45,7373900";"4,8291400"
"201900031971";"3";"9";"2019";"21:20";"5";"69";"69259";"2";"1";"1";"4";"MARCEL SEMBAT                       (BD)";"45,7138100";"4,8783000"
"201900031972";"23";"6";"2019";"00:40";"4";"57";"57032";"1";"1";"1";"6";"Rue de Verdun";"49,0835580";"6,0422380"
"201900031973";"3";"9";"2019";"20:20";"2";"69";"69259";"1";"1";"1";"1";"JODINO (DE)                         (BD)";"45,6941000";"4,8875500"
"201900031974";"3";"9";"2019";"17:15";"1";"69";"69259";"2";"3";"1";"3";"FRANCIS DE PRESSENSE                (AV)";"45,7158500";"4,8714000"
"201900031975";"3";"9";"2019";"06:55";"1";"2B";"2B037";"1";"1";"1";"7";"TOUTES RUES";"42,6224200";"9,4369200"
"201900031976";"25";"6";"2019";"10:50";"1";"42";"42041";"1";"1";"1";"2";"D 107";"45,6966850";"4,1754930"
"201900031977";"3";"9";"2019";"22:30";"5";"95";"95428";"2";"6";"1";"1";"DOMONT";"49,0071200";"2,3148700"
"201900031978";"23";"6";"2019";"17:15";"1";"38";"38557";"2";"1";"1";"6";"Avenue des Cèdres";"45,7956280";"5,1162630"
"201900031979";"25";"6";"2019";"18:10";"1";"38";"38565";"1";"1";"1";"1";"Quai des Chartreux";"45,3095400";"5,6401000"
"201900031980";"29";"7";"2019";"10:20";"1";"91";"91027";"2";"1";"1";"6";"MITTERAND (AVENUE FRANCOIS) N° 2 A 110";"48,7042100";"2,3716000"
"201900031981";"24";"1";"2019";"10:45";"1";"38";"38474";"2";"2";"8";"3";"RUE DE L'ARGENTIÈRE";"45,1985800";"5,6711050"
"201900031982";"3";"9";"2019";"09:40";"1";"91";"91479";"2";"2";"1";"3";"JEAN JAURES (AVENUE)";"48,7073000";"2,3650000"
"201900031983";"26";"6";"2019";"18:45";"1";"69";"69065";"1";"9";"1";"3";"Route de Romanèche-Thorins";"46,1612720";"4,7350760"
"201900031984";"2";"9";"2019";"13:20";"1";"87";"87065";"2";"3";"1";"6";"MERMOZ (RUE JEAN-)";"45,8120300";"1,3024500"
"201900031985";"2";"9";"2019";"09:10";"1";"85";"85194";"2";"6";"1";"3";" BOULEVARD DU VENDEE GLOBE ";"46,4922300";" -1,7500000"
"201900031986";"26";"6";"2019";"07:05";"1";"81";"81120";"1";"1";"1";"1";"Route Nationale 112";"43,5279790";"2,2923070"
"201900031987";"26";"6";"2019";"11:34";"1";"22";"22162";"1";"3";"1";"1";"34 Chemin de Kerivon";"48,7772620";" -3,0941270"
"201900031988";"2";"9";"2019";"16:00";"1";"83";"83061";"2";"1";"1";"1";"N/A";"43,4985000";"6,7818000"
"201900031989";"23";"6";"2019";"14:20";"1";"60";"60619";"1";"1";"1";"7";"N2";"49,1069370";"2,7904710"
"201900031990";"26";"6";"2019";"13:00";"1";"60";"60439";"2";"3";"1";"1";"Place Cantrel";"49,3195710";"2,3194890"
"201900031991";"2";"9";"2019";"11:25";"1";"80";"80724";"2";"1";"1";"6";"133, R JEAN CATELAS";"49,8575100";"2,2376900"
"201900031992";"2";"9";"2019";"19:25";"1";"80";"80131";"2";"1";"1";"3";"N/A";"49,8573320";"2,3816220"