"Num_Acc";"jour";"mois";"an";"hrmn";"lum";"dep";"com";"agg";"int";"atm";"col";"adr";"lat";"long"
"201900031993";"24";"6";"2019";"18:10";"1";"13";"13070";"1";"1";"1";"4";"A50-Sens Aubagne vers Marseille";"43,2847530";"5,5217510"
"201900031994";"21";"6";"2019";"17:00";"1";"13";"13215";"1";"1";"1";"3";"A7-Sens Marseille vers Lyon";"43,3528800";"5,3655900"
"201900031995";"2";"9";"2019";"12:40";"1";"77";"77083";"2";"9";"1";"3";"AV. AMPERE X VOIE ACCES";"48,8412600";"2,5841700"
"201900031996";"25";"6";"2019";"07:45";"1";"33";"33397";"1";"1";"1";"3";"AUTOROUTE A 10";"44,9108400";" -0,4869100"
"201900031997";"1";"9";"2019";"08:10";"1";"67";"67482";"2";"1";"1";"5";"A35 (BRETELLE ECHANGEUR)";"48,5896700";"7,7317100"
"201900031998";"25";"6";"2019";"17:50";"1";"91";"91064";"1";"1";"1";"2";"RN 118";"48,7444900";"2,1909300"
"201900031999";"30";"8";"2019";"14:05";"1";"67";"67365";"2";"3";"7";"3";"ETTORE BUGATTI (RUE)";"48,5377440";"7,6952210"
"201900032000";"25";"6";"2019";"09:10";"1";"91";"91521";"1";"1";"1";"5";"RN 441";"48,6367000";"2,3995000"
"201900032001";"30";"8";"2019";"07:10";"1";"67";"67482";"2";"1";"1";"3";"LA ROCHELLE (RUE DE)";"48,5165900";"7,7755600"
"201900032002";"2";"9";"2019";"18:11";"1";"66";"66136";"2";"1";"1";"6";"AVENUE DU Marechal Joffres)";"42,7175600";"2,8874400"
"201900032003";"24";"6";"2019";"07:00";"1";"93";"93053";"1";"1";"1";"7";"AUTOROUTE A103";"48,8887200";"2,4727300"
"201900032004";"2";"9";"2019";"04:40";"3";"66";"66136";"2";"1";"1";"3";"JULIEN PANCHOT (AVENUE)";"42,6764100";"2,8451500"
"201900032005";"3";"9";"2019";"18:15";"1";"64";"64348";"2";"1";"1";"6";"CHARLES DE GAULLE";"43,3063000";" -0,4038000"
"201900032006";"23";"6";"2019";"12:50";"1";"95";"95306";"1";"1";"1";"7";"AUTOROUTE A15";"48,9958700";"2,1809300"
"201900032007";"25";"6";"2019";"19:20";"1";"75";"75112";"1";"1";"1";"6";"A4";"48,8182560";"2,4562740"
"201900032008";"2";"9";"2019";"12:45";"1";"64";"64122";"2";"1";"1";"6";"FRANCIS JAMMES (RUE)";"43,4620000";" -1,5552000"
"201900032009";"25";"6";"2019";"15:20";"1";"94";"94042";"1";"1";"1";"4";"A4";"48,8207500";"2,4745800"
"201900032010";"3";"9";"2019";"13:00";"1";"59";"59356";"2";"1";"1";"1";"LILLE RUE DE";"50,6558142";"2,9983993"
"201900032011";"25";"6";"2019";"15:35";"1";"94";"94017";"1";"1";"1";"3";"A4";"48,8129500";"2,5080300"
"201900032012";"21";"8";"2019";"15:45";"1";"59";"59360";"1";"3";"1";"3";"PARE AMBROISE RUE";"50,6042200";"3,0280600"
"201900032013";"24";"6";"2019";"19:45";"1";"94";"94018";"1";"1";"1";"6";"A4";"48,8194732";"2,4057257"
"201900032014";"3";"9";"2019";"12:25";"1";"59";"59122";"2";"3";"1";"6";"LIBERTE (BOULEVARD DE LA)";"50,1695200";"3,2329190"
"201900032015";"24";"6";"2019";"18:45";"1";"77";"77121";"1";"1";"1";"4";"A4";"48,8309722";"2,6872590"
"201900032016";"24";"6";"2019";"18:20";"1";"94";"94046";"1";"1";"1";"6";"A86 EXT";"48,7987172";"2,4449998"
"201900032017";"3";"9";"2019";"09:30";"1";"56";"56260";"2";"6";"1";"6";"KERLANN(GIRATOIRE DE)";"47,6600600";" -2,7899400"
"201900032018";"24";"6";"2019";"14:05";"1";"94";"94018";"1";"1";"1";"7";"A4";"48,8193100";"2,4162800"
"201900032019";"31";"8";"2019";"18:15";"1";"56";"56121";"2";"1";"1";"7";"NORMANDIE (BD DE)";"47,7594100";" -3,3675900"
"201900032020";"1";"9";"2019";"12:36";"1";"54";"54431";"1";"3";"1";"3";"RD120";"48,8955200";"6,0743300"
"201900032021";"23";"6";"2019";"09:09";"1";"91";"91434";"2";"7";"1";"1";"GRIBELETTE (BOULEVARD DE LA)";"48,6468220";"2,3608840"
"201900032022";"3";"9";"2019";"19:10";"1";"54";"54304";"1";"1";"1";"3";"MOSELLE (RUE DE LA)";"48,6988170";"6,1333760"
"201900032023";"8";"6";"2019";"19:30";"1";"86";"86194";"2";"2";"1";"3";"NANTES (AVENUE DE)";"46,5922284";"0,3288335"
"201900032024";"2";"9";"2019";"10:05";"1";"52";"52121";"2";"3";"1";"3";"BOURGOGNE (RUE DE)";"48,0977604";"5,1387047"
"201900032025";"3";"9";"2019";"07:45";"1";"44";"44162";"2";"1";"1";"1";"BOULEVARD MARCEL PAUL";"47,2336900";" -1,6277500"
"201900032026";"27";"8";"2019";"16:45";"1";"39";"39150";"1";"1";"1";"1";"N/A";"47,0688700";"5,4532620"
"201900032027";"3";"9";"2019";"16:25";"1";"37";"37195";"1";"1";"1";"6";"PROUDHON (AVENUE)";"47,3895300";"0,6472300"
"201900032028";"3";"6";"2019";"08:40";"1";"49";"49015";"2";"1";"2";"6";"D775";"47,5101200";" -0,6182800"
"201900032029";"3";"6";"2019";"07:52";"1";"49";"49267";"2";"1";"8";"7";"ROMANERIE BOULEVARD";"47,4826400";" -0,5037300"
"201900032030";"2";"9";"2019";"20:05";"1";"37";"37122";"2";"3";"1";"3";"PILON (RUE GERMAIN)";"47,3461811";"0,6567455"
"201900032031";"3";"9";"2019";"18:20";"1";"35";"35238";"2";"3";"7";"3";"PARIS (RUE DE)";"48,1129158";" -1,6629578"
"201900032032";"2";"6";"2019";"17:45";"1";"49";"49015";"2";"1";"1";"3";"OISEAUX RUE DES";"47,4934400";" -0,5802000"
"201900032033";"1";"6";"2019";"17:24";"1";"49";"49007";"2";"1";"1";"3";"MOULIN BOULEVARD";"47,4917400";" -0,5570500"
"201900032034";"31";"5";"2019";"12:45";"1";"49";"49007";"2";"1";"1";"3";"GEOFFRAY";"47,4583187";" -0,5451834"
"201900032035";"2";"9";"2019";"19:45";"1";"35";"35238";"2";"1";"1";"7";"METZ (BD DE)";"48,1213000";" -1,6622000"
"201900032036";"2";"9";"2019";"18:00";"1";"35";"35238";"1";"1";"1";"2";"RN136";"48,1104880";" -1,7182530"
"201900032037";"5";"4";"2019";"18:00";"1";"44";"44109";"2";"1";"2";"3";"BOULEVARD JEAN MOULIN";"47,2061200";" -1,6014000"
"201900032038";"2";"9";"2019";"12:00";"1";"35";"35238";"2";"2";"7";"1";"VERN (DE)";"48,0911600";" -1,6453900"
"201900032039";"23";"6";"2019";"17:31";"2";"976";"97611";"2";"1";"1";"3";"tsoundzou-Kadjifouni ( rue )";" -12,8068000";"45,2080500"
"201900032040";"3";"9";"2019";"19:12";"1";"34";"34172";"2";"6";"1";"3";"FRANKLIN (ROND-POINT BENJAMIN)";"43,6181788";"3,9132101"
"201900032041";"2";"9";"2019";"11:45";"1";"33";"33063";"2";"2";"1";"3";"Crs du Médoc / Crs Saint Louis";"44,8599070";" -0,5687420"
"201900032042";"29";"8";"2019";"13:07";"1";"33";"33039";"2";"3";"1";"6";"RUE FRANCIS DE PRESSENSE";"44,8067100";" -0,5537900"
"201900032043";"27";"8";"2019";"19:10";"1";"32";"32013";"2";"2";"1";"3";"BAZILLAC";"43,6487300";"0,5835600"
"201900032044";"2";"9";"2019";"22:15";"5";"31";"31555";"2";"1";"1";"3";"LATECOERE (AV PIERRE G) DU 1AU 61";"43,5540100";"1,4709600"
"201900032045";"23";"6";"2019";"12:10";"1";"974";"97416";"2";"3";"1";"6";"Chemin de la croix Jubilé";" -21,3432540";"55,4867450"
"201900032046";"26";"7";"2019";"23:22";"5";"30";"30189";"2";"2";"1";"6";"SAUVE (ROUTE)";"43,8365700";"4,3369200"
"201900032047";"19";"6";"2019";"12:30";"1";"974";"97416";"2";"1";"1";"3";"JOLI-FOND (CHEMIN)";" -21,3301100";"55,4750900"
"201900032048";"3";"9";"2019";"18:05";"1";"30";"30189";"2";"2";"1";"3";"CASERNETTE (RUE)";"43,8305000";"4,3540000"
"201900032049";"3";"9";"2019";"08:50";"1";"29";"29232";"2";"1";"7";"7";"FRANCE LIBRE  AVENUE DE LA";"48,0057300";" -4,0976100"
"201900032050";"3";"9";"2019";"09:51";"1";"29";"29019";"2";"1";"1";"2";"KEREON";"48,3903200";" -4,4906000"
"201900032051";"2";"9";"2019";"12:05";"1";"27";"27562";"2";"1";"1";"3";"INDUSTRIE (RUE DE L')";"49,1002900";"1,4648400"
"201900032052";"24";"6";"2019";"16:22";"1";"973";"97309";"2";"1";"1";"2";"MONTABO (ROUTE DE) 3";"4,9238284";" -52,2837424"
"201900032053";"1";"10";"2019";"10:45";"1";"25";"25462";"2";"1";"1";"6";"VC MERMOZ";"46,9105890";"6,3446040"
"201900032054";"4";"9";"2019";"00:36";"5";"23";"23096";"2";"1";"1";"6";"PARIS (RUE DE)";"46,1686800";"1,8713300"
"201900032055";"24";"6";"2019";"17:15";"1";"69";"69386";"2";"1";"1";"2";"CURTELIN                            (R )";"45,7692300";"4,8613400"
"201900032056";"3";"9";"2019";"08:20";"1";"15";"15014";"2";"3";"1";"3";"CERE (RUE DE LA)";"44,9088860";"2,4372930"
"201900032057";"24";"6";"2019";"17:20";"1";"69";"69387";"2";"1";"1";"6";"FELIX BRUN                          (R )";"45,7356300";"4,8313500"
"201900032058";"3";"9";"2019";"08:55";"1";"13";"13071";"2";"3";"1";"1";"MITTERRAND (AVENUE FRANCOIS)";"43,3816600";"5,3466700"
"201900032059";"24";"6";"2019";"17:15";"1";"69";"69386";"2";"9";"1";"6";"VITTON                              (CO)";"45,7698600";"4,8575000"
"201900032060";"3";"9";"2019";"13:45";"1";"13";"13206";"2";"3";"1";"3";"ARMENY (RUE D')";"43,2911400";"5,3804180"
"201900032061";"24";"6";"2019";"11:00";"1";"69";"69387";"2";"1";"1";"2";"CHEVREUL                            (R )";"45,7497300";"4,8367500"
"201900032062";"2";"9";"2019";"13:00";"1";"13";"13210";"2";"3";"1";"3";"PAUL CLAUDEL (BOULEVARD)";"43,2683300";"5,4141500"
"201900032063";"24";"6";"2019";"08:30";"1";"69";"69276";"2";"3";"1";"1";"BEAUREGARD (DE)                 CH";"45,6767000";"4,8579300"
"201900032064";"2";"9";"2019";"17:25";"1";"7";"07019";"2";"4";"1";"3";"ZI Ponson";"44,6124980";"4,4017410"
"201900032065";"3";"9";"2019";"16:15";"1";"6";"06069";"2";"1";"1";"2";"DE LATTRE DE TASSIGNY (AVENUE DU MARECHA";"43,6490600";"6,9239080"
"201900032066";"23";"6";"2019";"09:20";"1";"972";"97209";"2";"1";"1";"7";"DESROCHERS (ROUTE DE)";"14,6272400";" -61,0748800"
"201900032067";"3";"9";"2019";"08:50";"1";"6";"06027";"2";"1";"1";"2";"POMPIDOU AVENUE GEORGES";"43,6688720";"7,1954960"
"201900032068";"18";"6";"2019";"22:21";"5";"972";"97209";"2";"1";"1";"2";"BRETELLE SORTIE ROCADE";"14,6163700";" -61,0590900"
"201900032069";"1";"9";"2019";"21:32";"5";"5";"05061";"2";"6";"1";"3";"CARREFOUR DE L'EUROPE";"44,5549100";"6,0752900"
"201900032070";"30";"8";"2019";"11:42";"1";"2";"02738";"2";"1";"1";"7";"CARNOT";"49,6567340";"3,3031150"
"201900032071";"24";"6";"2019";"08:10";"1";"69";"69389";"2";"1";"1";"7";"PAUL SEDAILLIAN                     (QU)";"45,7962800";"4,8270500"
"201900032072";"1";"9";"2019";"20:10";"5";"75";"75116";"2";"1";"1";"3";"AVENUE HENRI MARTIN";"48,8642870";"2,2760180"
"201900032073";"20";"6";"2019";"18:25";"1";"2A";"2A004";"2";"1";"1";"6";"COLONNA D'ORNANO COLONEL AV.";"41,9289073";"8,7326898"
"201900032074";"4";"8";"2019";"20:25";"1";"75";"75118";"2";"1";"1";"7";"BD PERIPHERIQUE INTERIEUR";"48,9008680";"2,3426450"
"201900032075";"28";"7";"2019";"06:55";"1";"75";"75120";"2";"1";"1";"6";"BD PERIPHERIQUE INTERIEUR";"48,8705360";"2,4132400"
"201900032076";"24";"6";"2019";"13:50";"1";"95";"95585";"2";"1";"1";"3";"DIVISION LECLERC (AVENUE DE LA)";"48,9795400";"2,3685600"
"201900032077";"3";"9";"2019";"12:10";"1";"75";"75120";"2";"2";"1";"6";"BOULEVARD DAVOUT";"48,8534841";"2,4105162"
"201900032078";"3";"9";"2019";"18:15";"1";"75";"75119";"2";"3";"1";"2";"BOULEVARD MACDONALD";"48,8987850";"2,3741220"
"201900032079";"5";"8";"2019";"09:30";"1";"75";"75119";"2";"3";"1";"2";"BOULEVARD DE LA VILLETTE";"48,8751946";"2,3736503"
"201900032080";"3";"9";"2019";"13:53";"1";"75";"75118";"2";"1";"1";"3";"RUE CORTOT";"48,8876343";"2,3407296"
"201900032081";"26";"7";"2019";"06:30";"5";"75";"75118";"2";"4";"1";"6";"RUE TRISTAN TZARA";"48,8950912";"2,3635609"
"201900032082";"3";"9";"2019";"09:20";"1";"75";"75117";"2";"3";"1";"3";"BOULEVARD DU BOIS LE PRETRE";"48,8997498";"2,3191284"
"201900032083";"2";"9";"2019";"13:35";"1";"75";"75117";"2";"2";"1";"3";"RUE JOUFFROY D ABBANS";"48,8859560";"2,3095380"
"201900032084";"2";"9";"2019";"15:00";"1";"75";"75116";"2";"1";"1";"3";"AVENUE DE SAINT CLOUD";"48,8507520";"2,2450300"
"201900032085";"2";"9";"2019";"10:00";"1";"75";"75116";"2";"1";"1";"6";"RUE SPONTINI";"48,8702440";"2,2785200"
"201900032086";"3";"9";"2019";"15:35";"1";"75";"75114";"2";"1";"1";"3";"AVENUE DU GENERAL LECLERC";"48,8284772";"2,3274158"
"201900032087";"2";"9";"2019";"14:55";"1";"75";"75113";"2";"1";"1";"2";"RUE DE LA GLACIERE";"48,8334670";"2,3447150"
"201900032088";"3";"9";"2019";"15:20";"1";"75";"75112";"2";"7";"1";"3";"RUE FABRE D EGLANTINE";"48,8473180";"2,3957242"
"201900032089";"3";"9";"2019";"18:35";"1";"75";"75111";"2";"1";"1";"3";"BOULEVARD RICHARD LENOIR";"48,8542674";"2,3699384"
"201900032090";"3";"9";"2019";"00:38";"5";"75";"75110";"2";"4";"1";"3";"RUE LA FAYETTE";"48,8825088";"2,3692608"
"201900032091";"3";"9";"2019";"10:14";"1";"75";"75109";"2";"1";"1";"6";"RUE DU DELTA";"48,8824251";"2,3482539"
"201900032092";"3";"9";"2019";"09:00";"1";"75";"75108";"2";"3";"7";"2";"AVENUE DES CHAMPS ELYSEES";"48,8720428";"2,3004500"
"201900032093";"3";"9";"2019";"15:57";"1";"75";"75107";"2";"3";"1";"3";"AVENUE CHARLES FLOQUET";"48,8566823";"2,2935610"
"201900032094";"3";"9";"2019";"19:25";"2";"94";"94077";"2";"1";"1";"6";"CHARLES NUNGESSER (R)";"48,7326000";"2,4002000"
"201900032095";"3";"9";"2019";"00:09";"5";"94";"94078";"2";"3";"1";"3";"VILLENEUVE LE ROI (PONT DE)";"48,7278000";"2,4457000"
"201900032096";"3";"9";"2019";"07:45";"1";"94";"94046";"2";"9";"1";"3";"GENERAL LECLERC - CAR DE LA RESISTANCE (";"48,8154000";"2,4205000"
"201900032097";"2";"9";"2019";"20:00";"2";"94";"94046";"2";"1";"1";"3";"GENERAL LECLERC (AV DU)";"48,8118200";"2,4297100"
"201900032098";"3";"9";"2019";"15:05";"1";"94";"94043";"2";"1";"1";"2";"FONTAINEBLEAU (AV DE)";"48,8145900";"2,3608300"
"201900032099";"2";"9";"2019";"18:20";"1";"94";"94004";"2";"9";"1";"3";"GENERAL LECLERC (AV DU)";"48,7544100";"2,5060000"
"201900032100";"3";"9";"2019";"14:15";"1";"94";"94079";"2";"1";"1";"6";"GENERAL GALLIENI (RUE DU)";"48,8231100";"2,5411300"
"201900032101";"3";"9";"2019";"11:00";"1";"94";"94017";"2";"1";"1";"3";"REPUBLIQUE (AV DE LA)";"48,8256100";"2,5097000"
"201900032102";"3";"9";"2019";"09:45";"1";"94";"94017";"2";"1";"1";"2";"SONIA DE LAUNAY (VOI)";"48,8119000";"2,5353000"
"201900032103";"3";"9";"2019";"12:10";"1";"93";"93072";"2";"9";"1";"6";"MOULIN NEUF (RUE DU)";"48,9515600";"2,3931900"
"201900032104";"3";"9";"2019";"09:20";"1";"93";"93059";"2";"9";"1";"3";"LENINE (AVENUE) N°36 AU 120 ET N°45 AU 1";"48,9599500";"2,3587800"
"201900032105";"3";"9";"2019";"14:30";"1";"93";"93077";"2";"1";"1";"4";"NOISY (ROUTE DE) JUSQU'AU 45 ET 50";"48,8832000";"2,4968900"
"201900032106";"3";"9";"2019";"06:50";"2";"93";"93045";"2";"1";"1";"6";"PARIS RUE DE";"48,8827800";"2,4257000"
"201900032107";"3";"9";"2019";"02:00";"5";"93";"93001";"2";"1";"1";"3";"LUCIEN LEFRANC (QUAI)";"48,9084000";"2,3755600"
"201900032108";"3";"9";"2019";"08:00";"1";"92";"92073";"2";"1";"1";"6";"SELLIER (BOULEVARD HENRI)";"48,8671700";"2,2279300"
"201900032109";"3";"9";"2019";"11:10";"1";"92";"92064";"2";"1";"1";"3";"BUZENVAL";"48,8516815";"2,2060081"
"201900032110";"2";"9";"2019";"18:00";"1";"92";"92004";"2";"1";"1";"2";"DIX HUIT JUIN 40 ( RUE DU )";"48,9310900";"2,2731800"
"201900032111";"30";"8";"2019";"18:00";"1";"35";"35156";"1";"4";"7";"3";"Caradeuc";"48,2908240";" -1,9563440"
"201900032112";"3";"9";"2019";"03:15";"3";"62";"62209";"2";"1";"1";"7";"Rd 343";"50,4823250";"2,1446380"
"201900032113";"3";"9";"2019";"17:00";"1";"41";"41050";"1";"1";"1";"1";"D956";"47,4716820";"1,4231100"
"201900032114";"1";"9";"2019";"00:15";"5";"59";"59309";"2";"2";"1";"3";"CD 947";"50,9766890";"2,5808710"
"201900032115";"5";"4";"2019";"05:30";"3";"974";"97413";"2";"1";"1";"6";"Chemin Departemental 11";" -21,1662130";"55,3333560"
"201900032116";"6";"3";"2019";"20:50";"3";"2";"02203";"1";"1";"2";"6";"D310";"49,1752560";"3,4391580"
"201900032117";"8";"3";"2019";"23:00";"3";"2";"02115";"1";"1";"2";"6";"Départementale 883";"49,4349260";"3,6077840"
"201900032118";"6";"3";"2019";"17:55";"2";"3";"03072";"2";"1";"8";"3";"N/A";"46,4831668";"2,5258305"
"201900032119";"7";"3";"2019";"14:54";"1";"15";"15081";"1";"1";"2";"6";"D54 - lieu dit Capels";"44,9493630";"2,6721560"
"201900032120";"6";"3";"2019";"12:00";"1";"15";"15156";"2";"1";"1";"6";"voie communale sans nom, place de la fontaine";"44,8206290";"2,4642010"
"201900032121";"10";"3";"2019";"18:40";"1";"1";"01306";"2";"2";"1";"3";"Rue de la Verchère";"46,2606540";"4,8856710"
"201900032122";"5";"3";"2019";"19:30";"3";"70";"70383";"1";"1";"1";"4";"RN57 PR 73+100";"47,3994950";"6,0657980"
"201900032123";"9";"3";"2019";"06:30";"1";"26";"26183";"1";"1";"1";"6";"avenue des Berthalais";"44,7269810";"5,1058390"
"201900032124";"6";"3";"2019";"06:00";"3";"26";"26165";"2";"1";"1";"6";"ROUTE DE LA VOULTE";"44,7871000";"4,8087000"
"201900032125";"8";"3";"2019";"21:30";"3";"58";"58176";"1";"1";"8";"6";"Sénéchaux";"47,0257650";"3,2245810"
"201900032126";"9";"3";"2019";"20:25";"5";"58";"58095";"2";"9";"2";"1";"107 route de Moulins";"46,8226640";"3,4521190"
"201900032127";"7";"3";"2019";"10:05";"1";"66";"66124";"1";"1";"1";"1";"RD 618";"42,5069300";"2,0461200"
"201900032128";"6";"3";"2019";"18:15";"2";"54";"54292";"1";"1";"1";"7";"RD133 sens LAMATH - LANDECOURT";"48,5176440";"6,4395450"
"201900032129";"9";"3";"2019";"14:55";"1";"72";"72100";"1";"1";"2";"3";"La Loretterie";"47,7989710";" -0,0461140"
"201900032130";"8";"3";"2019";"23:30";"3";"72";"72100";"1";"1";"2";"3";"LIEU DIT LA GRANDE CHEVALERIE";"47,7923190";" -0,0472070"
"201900032131";"6";"3";"2019";"11:15";"1";"72";"72310";"1";"1";"2";"1";"Croisement entre la RD47 et la route du chêne du Coeur";"48,0457890";"0,2022180"
"201900032132";"10";"3";"2019";"06:20";"3";"14";"14371";"1";"1";"2";"6";"D579 en direction de VIMOUTIERS";"48,9929260";"0,1482730"
"201900032133";"9";"3";"2019";"10:05";"1";"14";"14723";"1";"1";"1";"6";"RD 146 - ROUTE DE BEAUFOUR";"49,2344410";"0,0815450"
"201900032134";"6";"3";"2019";"15:25";"1";"5";"05017";"1";"1";"1";"5";"rif troube";"44,5622950";"6,2046090"
"201900032135";"7";"3";"2019";"18:30";"2";"50";"50236";"1";"1";"7";"6";"D67 la courtellerie ST REMY DES LANDES";"49,2902980";" -1,6401320"
"201900032136";"9";"3";"2019";"07:30";"2";"50";"50624";"2";"1";"2";"6";"Le Peley";"49,0792790";" -1,4788020"
"201900032137";"10";"3";"2019";"15:20";"1";"83";"83135";"1";"1";"1";"7";"N/A";"43,6004460";"6,0211690"
"201900032138";"5";"3";"2019";"10:30";"1";"45";"45224";"2";"1";"2";"6";"AV FLANDRE DUNKERQUE";"48,0716410";"2,0551950"
"201900032139";"6";"3";"2019";"20:15";"3";"45";"45237";"1";"1";"3";"7";"D948";"48,2353590";"2,4547290"
"201900032140";"6";"3";"2019";"16:50";"1";"64";"64417";"2";"1";"1";"1";"allee sir laurence olivier";"43,1773197";" -0,2565660"
"201900032141";"8";"3";"2019";"08:35";"1";"43";"43137";"2";"1";"1";"6";"Avenue de la libération";"45,2924090";"4,1727528"
"201900032142";"28";"2";"2019";"14:15";"1";"43";"43137";"2";"4";"1";"3";"Lieu-dit Le Regard";"45,2727640";"4,1600210"
"201900032143";"4";"3";"2019";"08:40";"1";"36";"36172";"1";"3";"1";"3";"N/A";"46,6402303";"1,3881882"
"201900032144";"8";"3";"2019";"08:30";"1";"16";"16004";"1";"1";"2";"6";"Ld La Croix de Verdelette";"45,4704240";"0,1483160"
"201900032145";"6";"3";"2019";"17:20";"1";"7";"07129";"2";"1";"8";"6";"5 rue docteur Elysée Charra";"44,9886420";"4,5785100"
"201900032146";"2";"3";"2019";"23:15";"3";"53";"53098";"1";"1";"1";"7";"Route départementale D25";"47,9015700";" -1,1443850"
"201900032147";"9";"3";"2019";"18:10";"1";"53";"53059";"1";"1";"1";"7";"D20";"48,1003250";" -0,5139359"
"201900032148";"9";"3";"2019";"16:00";"1";"21";"21634";"1";"1";"1";"6";"D33";"47,1457550";"4,6957960"
"201900032149";"8";"3";"2019";"23:10";"5";"24";"24067";"2";"1";"2";"7";"PK 62+000";"44,9282410";"0,9275960"
"201900032150";"6";"3";"2019";"20:00";"3";"24";"24131";"1";"1";"3";"6";"Fontenille";"45,5120060";"0,5290300"
"201900032151";"7";"3";"2019";"16:50";"1";"4";"04108";"1";"3";"1";"4";"RN 85 / Traverse Gombert";"44,0461220";"6,0381400"
"201900032152";"6";"3";"2019";"22:20";"5";"85";"85234";"1";"6";"3";"6";"Route de la Tonnelle";"46,8116300";" -2,1165900"
"201900032153";"8";"3";"2019";"20:45";"5";"85";"85084";"2";"1";"2";"1";"Rue de l'Alambic";"46,7766100";" -1,2264300"
"201900032154";"10";"3";"2019";"18:05";"1";"27";"27467";"2";"3";"1";"3";"Intersection rue du Maquis Surcouf et rue Boursy";"49,3530940";"0,5177210"
"201900032155";"10";"3";"2019";"18:10";"1";"28";"28359";"2";"1";"1";"6";"2 rue de l'isle";"48,7634810";"1,2332610"
"201900032156";"9";"3";"2019";"12:20";"1";"28";"28051";"1";"2";"1";"3";"Carrefour D14-2 migaudry";"48,1815890";"1,4106090"
"201900032157";"9";"3";"2019";"22:35";"3";"17";"17046";"1";"1";"2";"6";"D217";"45,9248120";" -0,6044000"
"201900032158";"6";"3";"2019";"12:17";"1";"17";"17020";"1";"1";"8";"6";"départementale 51 - LD les plantes";"45,5222950";" -0,3133640"
"201900032159";"20";"2";"2019";"17:00";"1";"87";"87105";"1";"1";"1";"3";"La Croix Lattée";"45,7315070";"1,6229340"
"201900032160";"6";"3";"2019";"07:30";"1";"30";"30350";"2";"1";"2";"3";"D999";"43,9923820";"3,6169380"
"201900032161";"8";"3";"2019";"11:40";"1";"30";"30122";"1";"1";"1";"1";"D22 Mas de COMTE";"43,9033400";"4,2196900"
"201900032162";"5";"3";"2019";"13:20";"1";"52";"52211";"1";"4";"2";"5";"Route nationale 67, PK 50+620";"48,2884250";"5,1235040"
"201900032163";"4";"3";"2019";"16:18";"1";"24";"24272";"1";"1";"3";"7";"litout";"44,9861000";"0,0485400"
"201900032164";"5";"3";"2019";"06:50";"3";"40";"40210";"1";"1";"1";"4";"A63";"44,0609050";" -1,0694250"
"201900032165";"9";"4";"2019";"16:00";"1";"973";"97305";"2";"6";"8";"3";"AVENUE PRIPRI";"4,9303702";" -52,4095166"
"201900032166";"10";"4";"2019";"18:00";"2";"971";"97128";"1";"1";"2";"7";"Sainte-Rose";"16,2803890";" -61,3477020"
"201900032167";"7";"3";"2019";"19:35";"3";"13";"13044";"1";"1";"1";"5";"D69";"43,6169340";"5,0307850"
"201900032168";"7";"3";"2019";"03:20";"3";"1";"01151";"1";"1";"2";"7";"RD17 - pk 3+500";"46,0821150";"5,2818950"
"201900032169";"9";"3";"2019";"12:25";"1";"973";"97309";"2";"3";"1";"3";"route d'Attila Cabassou";"4,8856356";" -52,2965774"
"201900032170";"10";"4";"2019";"16:30";"1";"18";"18207";"1";"1";"1";"4";"RN 151, PR 10";"46,9885260";"2,2229350"
"201900032171";"6";"3";"2019";"09:40";"1";"973";"97309";"2";"1";"1";"7";"Rue Muscadier";"4,8918630";" -52,2866360"
"201900032172";"24";"1";"2019";"20:40";"3";"79";"79316";"1";"1";"1";"2";"N/A";"46,4260240";" -0,0905960"
"201900032173";"10";"3";"2019";"00:30";"3";"47";"47078";"1";"1";"1";"6";"A62- PK 90 - SENS BORDEAUX / TOULOUSE";"44,2864920";"0,2654860"
"201900032174";"10";"4";"2019";"18:48";"1";"77";"77210";"1";"1";"1";"6";"D605";"48,4271800";"2,9058800"
"201900032175";"4";"3";"2019";"19:20";"5";"13";"13073";"1";"1";"1";"2";"A52, PK 9+800 sens Nord-Sud";"43,3941460";"5,5835150"
"201900032176";"5";"3";"2019";"08:00";"1";"76";"76700";"1";"1";"3";"7";"N27, pk 025+000";"49,6980882";"1,0477567"
"201900032177";"14";"4";"2019";"15:00";"1";"78";"78162";"1";"1";"1";"3";"6 Route de Rambouillet";"48,6843720";"2,0031260"
"201900032178";"7";"3";"2019";"18:00";"2";"69";"69033";"1";"1";"1";"2";"RD 85";"45,8622500";"4,8935800"
"201900032179";"4";"4";"2019";"20:30";"3";"78";"78239";"1";"1";"1";"7";"route de guerne";"49,0149570";"1,6752770"
"201900032180";"8";"4";"2019";"14:45";"1";"2A";"2A247";"2";"1";"1";"6";"Rue des Révolutions de Corse 1729 1769/Rue Denis de Rocca Serra";"41,5886070";"9,2839100"
"201900032181";"5";"3";"2019";"14:16";"1";"69";"69242";"1";"1";"1";"6";"A6";"46,1234600";"4,7640500"
"201900032182";"12";"4";"2019";"07:55";"1";"84";"84074";"2";"1";"1";"3";"Chemin des Aires";"43,7519380";"5,2055100"
"201900032183";"8";"3";"2019";"14:25";"1";"27";"27353";"1";"1";"1";"7";"N.154 PK 036+000";"49,0885050";"1,1884360"
"201900032184";"7";"2";"2019";"07:00";"2";"13";"13051";"1";"1";"1";"2";"Autoroute A7 - PK 234.700 - sens MARSEILLE/LYON";"43,6129880";"5,1438460"