"Num_Acc";"jour";"mois";"an";"hrmn";"lum";"dep";"com";"agg";"int";"atm";"col";"adr";"lat";"long"
"201900032185";"13";"4";"2019";"18:30";"1";"83";"83016";"1";"1";"1";"1";"N/A";"43,2301890";"5,8062460"
"201900032186";"6";"3";"2019";"02:45";"5";"988";"98808";"2";"1";"3";"7";"village de HOUAILOU";" -21,2887520";"165,6175820"
"201900032187";"9";"3";"2019";"22:15";"3";"988";"98821";"1";"1";"1";"6";"RT1, sens Sud -Nord, PK 37+600";" -22,0790200";"166,3097700"
"201900032188";"13";"4";"2019";"12:45";"1";"4";"04245";"1";"1";"1";"1";"RD 13 La roche amère";"43,8943820";"5,8380570"
"201900032189";"10";"3";"2019";"13:00";"1";"974";"97417";"2";"1";"7";"2";"Route Nationale 2 Le Baril";" -21,3692420";"55,7268220"
"201900032190";"13";"4";"2019";"11:45";"1";"13";"13076";"1";"1";"1";"6";"CD 99";"43,8103550";"5,0008830"
"201900032191";"7";"3";"2019";"20:45";"3";"974";"97415";"1";"1";"1";"2";"RN1A";" -21,0192470";"55,2380660"
"201900032192";"13";"4";"2019";"09:25";"1";"13";"13097";"1";"1";"1";"1";"D27";"43,6390510";"4,8114890"
"201900032193";"27";"2";"2019";"16:30";"1";"974";"97408";"2";"3";"1";"3";"intersection rue Pierre Rossolin-chemin boeuf mort";" -20,9444770";"55,3386170"
"201900032194";"9";"4";"2019";"10:55";"1";"13";"13072";"1";"2";"1";"7";"D7n/D57";"43,4912670";"5,6596220"
"201900032195";"8";"3";"2019";"20:30";"3";"971";"97122";"1";"1";"1";"6";"RN6 lieu-dit Gachet";"16,4261960";" -61,4961630"
"201900032196";"5";"3";"2019";"16:00";"1";"971";"97107";"1";"1";"2";"5";"morne salé - bananier";"15,9947870";" -61,6086930"
"201900032197";"3";"3";"2019";"10:15";"1";"971";"97107";"1";"9";"1";"3";"section Poirier";"16,0855040";" -61,5626230"
"201900032198";"6";"3";"2019";"09:45";"1";"41";"41130";"1";"3";"1";"3";"D110";"47,7780510";"1,3474290"
"201900032199";"13";"4";"2019";"03:08";"3";"26";"26332";"1";"1";"1";"2";"A7 PK 041.600";"45,1790410";"4,8843150"
"201900032200";"10";"3";"2019";"17:05";"1";"45";"45123";"2";"1";"1";"3";"39 route de jargeau";"47,8571848";"2,0985822"
"201900032201";"14";"4";"2019";"15:00";"1";"70";"70455";"1";"1";"1";"3";"route départementale 619";"47,6788150";"6,5443700"
"201900032202";"6";"3";"2019";"17:45";"2";"77";"77487";"1";"1";"3";"5";"RD 605";"48,5376300";"2,6950500"
"201900032203";"7";"3";"2019";"10:15";"1";"78";"78246";"1";"1";"1";"1";"route de FOLLAINVILLE DENNEMONT";"49,0199520";"1,7355220"
"201900032204";"14";"4";"2019";"15:00";"1";"39";"39015";"1";"1";"1";"6";"N/A";"46,7765990";"5,8799860"
"201900032205";"9";"3";"2019";"18:20";"1";"30";"30142";"2";"1";"1";"6";"route des cévennes";"44,2298130";"4,0606610"
"201900032206";"14";"4";"2019";"05:30";"2";"68";"68072";"1";"1";"1";"6";"Rd 201";"47,6943840";"7,4224520"
"201900032207";"14";"4";"2019";"07:25";"1";"67";"67550";"1";"6";"1";"7";"Rond point D28 / D677";"48,9400300";"7,7525690"
"201900032208";"13";"4";"2019";"14:30";"1";"67";"67411";"1";"1";"1";"5";"CD604";"48,4898260";"7,4343940"
"201900032209";"13";"4";"2019";"16:50";"1";"67";"67130";"1";"1";"2";"5";"Rue du Canal";"48,4227840";"7,6978310"
"201900032210";"10";"4";"2019";"09:00";"1";"88";"88417";"1";"6";"5";"3";"Les Naufs";"48,3124560";"6,6385480"
"201900032211";"8";"3";"2019";"15:33";"1";"34";"34009";"1";"2";"1";"1";"route de servian RD33";"43,4632420";"3,3327620"
"201900032212";"6";"3";"2019";"13:30";"1";"34";"34289";"2";"2";"6";"3";"avenue de pezenas";"43,3977130";"3,4140720"
"201900032213";"11";"4";"2019";"17:45";"1";"54";"54215";"2";"4";"7";"7";"RUE DE L'HOTEL DE VILLE";"48,7604770";"6,1323670"
"201900032214";"9";"3";"2019";"04:00";"3";"83";"83094";"1";"1";"1";"6";"Route du plan de la tour, D74";"43,3414410";"6,5617470"
"201900032215";"12";"4";"2019";"16:30";"1";"74";"74042";"2";"2";"1";"1";"avenue de la roche Parnale";"46,0784436";"6,4007643"
"201900032216";"8";"3";"2019";"22:20";"3";"13";"13091";"1";"3";"1";"1";"D 7N";"43,6261730";"5,2920380"
"201900032217";"14";"4";"2019";"13:10";"1";"38";"38071";"2";"1";"1";"2";"Route de Saint-Georges de Commiers";"45,0765700";"5,7253200"
"201900032218";"6";"3";"2019";"17:30";"1";"13";"13081";"1";"1";"1";"3";"RD113";"43,4984190";"5,2139970"
"201900032219";"7";"3";"2019";"05:45";"3";"13";"13094";"1";"1";"1";"6";"CD99";"43,7838240";"4,7396470"
"201900032220";"13";"4";"2019";"11:30";"1";"26";"26226";"1";"2";"1";"3";"RD 538 route de NYONS";"44,4248050";"5,0383710"
"201900032221";"7";"3";"2019";"08:00";"1";"13";"13015";"2";"3";"1";"1";"ROUTE DE CALAS";"43,4543150";"5,3953950"
"201900032222";"13";"4";"2019";"23:15";"3";"1";"01104";"1";"1";"1";"6";"D991";"46,2587710";"5,9003810"
"201900032223";"9";"3";"2019";"01:25";"3";"89";"89013";"1";"1";"2";"2";"A6 PK 151.800";"47,8637977";"3,5268087"
"201900032224";"4";"3";"2019";"16:00";"1";"71";"71150";"2";"2";"1";"3";"ZAC Les bouchardes";"46,2521980";"4,7907380"
"201900032225";"8";"3";"2019";"15:20";"1";"58";"58160";"2";"1";"1";"6";"rue de la chaume des Drus - CD40";"46,9798780";"3,0920870"
"201900032226";"8";"3";"2019";"22:50";"5";"21";"21292";"2";"1";"1";"6";"Route de Beire le fort";"47,2294810";"5,2358570"
"201900032227";"9";"3";"2019";"10:45";"1";"52";"52269";"2";"3";"2";"3";"avenue de l'Europe";"47,8713430";"5,3387250"
"201900032228";"12";"4";"2019";"22:45";"3";"69";"69112";"1";"1";"1";"6";"D70";"45,7965090";"4,6633650"
"201900032229";"12";"4";"2019";"07:15";"2";"40";"40043";"1";"1";"1";"7";"RD652";"44,1382050";" -1,2178120"
"201900032230";"7";"3";"2019";"14:00";"1";"67";"67519";"2";"3";"7";"3";"18 route de Strasbourg";"48,6614160";"7,8216530"
"201900032231";"13";"4";"2019";"09:00";"1";"72";"72264";"2";"1";"1";"6";"Avenue Joël le Theule";"47,8389390";" -0,3251590"
"201900032232";"6";"3";"2019";"17:55";"2";"88";"88028";"1";"1";"8";"1";"Route Départementale 11";"48,1551780";"6,5501210"
"201900032233";"5";"3";"2019";"07:45";"2";"54";"54596";"1";"1";"8";"1";"D 51";"48,5542480";"6,0844230"
"201900032234";"13";"4";"2019";"11:30";"1";"29";"29022";"2";"6";"1";"3";"rue de la gare";"48,2723490";" -4,5956590"
"201900032235";"8";"3";"2019";"07:55";"1";"57";"57160";"2";"1";"1";"6";"rue de Dillingen";"49,2051210";"6,6949460"
"201900032236";"11";"4";"2019";"18:30";"1";"22";"22070";"2";"2";"1";"3";"rue saint yves";"48,5627990";" -3,1548650"
"201900032237";"9";"4";"2019";"11:50";"1";"22";"22093";"1";"1";"1";"1";"Le Clos Cambout (Meslin)";"48,4618584";" -2,5989568"
"201900032238";"12";"4";"2019";"17:50";"1";"35";"35123";"1";"1";"1";"2";"La Hillandais";"47,9847640";" -1,8773690"
"201900032239";"9";"3";"2019";"05:15";"3";"3";"03243";"1";"1";"2";"7";"Les Augères";"46,3235485";"2,9847840"
"201900032240";"12";"4";"2019";"17:20";"1";"27";"27315";"1";"1";"1";"3";"D125";"49,2549020";"1,4967410"
"201900032241";"7";"3";"2019";"14:30";"1";"3";"03104";"1";"1";"2";"1";"N/A";"46,3307567";"2,8025387"
"201900032242";"10";"3";"2019";"00:25";"3";"74";"74229";"1";"1";"3";"6";"Route des Vouards";"46,2260520";"6,3125570"
"201900032243";"5";"1";"2019";"17:40";"3";"74";"74302";"2";"1";"1";"1";"D909";"45,9124700";"6,3733800"
"201900032244";"7";"3";"2019";"02:00";"3";"73";"73173";"1";"1";"2";"6";"RD81B";"45,2356160";"6,4019816"
"201900032245";"7";"3";"2019";"17:55";"1";"69";"69270";"2";"1";"1";"6";"10 Rue de la poste";"45,6279900";"4,9352000"
"201900032246";"7";"3";"2019";"16:00";"1";"69";"69116";"2";"9";"1";"6";"2050 route Nationale 6";"45,8220800";"4,7663700"
"201900032247";"5";"3";"2019";"12:40";"1";"31";"31165";"2";"1";"1";"6";"2380 route de Villate";"43,4211940";"1,3533900"
"201900032248";"10";"3";"2019";"01:00";"3";"31";"31299";"1";"1";"1";"7";"89 route de lavernose";"43,4127580";"1,2419300"
"201900032249";"5";"3";"2019";"17:46";"1";"44";"44204";"2";"9";"1";"6";"2 rue de Mauves";"47,2667550";" -1,4408330"
"201900032250";"25";"2";"2019";"20:30";"5";"35";"35236";"2";"4";"1";"1";"Rue de la Gicquelais";"47,6520310";" -2,0942100"
"201900032251";"9";"3";"2019";"16:05";"1";"35";"35341";"1";"2";"1";"1";"D155";"48,4275920";" -1,4602160"
"201900032252";"13";"4";"2019";"18:15";"1";"60";"60047";"1";"1";"7";"1";"RD330A";"49,1679075";"2,7434902"
"201900032253";"9";"3";"2019";"04:00";"3";"35";"35280";"1";"1";"1";"6";"Guichard";"48,3559819";" -1,3687823"
"201900032254";"11";"4";"2019";"16:00";"1";"60";"60342";"2";"1";"1";"2";"rue de la république";"49,2954597";"2,4430990"
"201900032255";"6";"3";"2019";"09:00";"1";"35";"35083";"1";"1";"2";"7";"D 98 PK 2+600";"48,4398260";" -1,3973170"
"201900032256";"8";"3";"2019";"18:10";"1";"60";"60139";"2";"1";"1";"6";"144 rue LAVOISIER";"49,1635601";"2,2472405"
"201900032257";"8";"3";"2019";"13:15";"1";"60";"60338";"1";"1";"1";"3";"D932A";"49,3427200";"2,7716794"
"201900032258";"9";"3";"2019";"16:20";"1";"13";"13211";"1";"1";"7";"2";"A50-Sens Marseille vers Aubagne";"43,2920030";"5,4804090"
"201900032259";"8";"3";"2019";"19:50";"2";"13";"13071";"1";"1";"1";"6";"A7-Sens Marseille vers Lyon";"43,4036180";"5,3099350"
"201900032260";"11";"4";"2019";"00:05";"3";"13";"13215";"2";"1";"1";"3";"A55-Sens Martigues vers Marseille";"43,3299600";"5,3547800"
"201900032261";"7";"3";"2019";"07:50";"1";"13";"13071";"1";"1";"1";"6";"A51-Sens Aix en Provence vers Marseille";"43,4067500";"5,3617500"
"201900032262";"11";"4";"2019";"21:20";"3";"13";"13215";"2";"1";"1";"2";"A7-Sens Lyon vers Marseille";"43,3576600";"5,3626400"
"201900032263";"7";"3";"2019";"07:20";"2";"13";"13081";"1";"1";"1";"6";"A7-Sens Marseille vers Lyon";"43,4945900";"5,2406200"
"201900032264";"3";"3";"2019";"18:00";"3";"13";"13211";"2";"1";"1";"4";"A50-Sens Aubagne vers Marseille";"43,2925700";"5,4539000"
"201900032265";"10";"4";"2019";"21:05";"5";"13";"13055";"1";"1";"2";"3";"A507 sens Marseille - Aubagne";"43,3149000";"5,4225800"
"201900032266";"5";"3";"2019";"20:30";"3";"13";"13071";"1";"1";"1";"6";"A5501G-Sens Mlle Vieux Port vers A7-Lyon";"43,4047400";"5,2977800"
"201900032267";"5";"3";"2019";"18:30";"1";"13";"13001";"1";"1";"1";"2";"A51-Sens Aix en Provence vers Marseille";"43,5279000";"5,4272000"
"201900032268";"12";"4";"2019";"00:40";"3";"13";"13023";"1";"1";"2";"5";"A50";"43,2085500";"5,6290400"
"201900032269";"5";"3";"2019";"07:00";"2";"13";"13117";"1";"1";"1";"3";"A7-Sens Lyon vers Marseille";"43,4180940";"5,2734750"
"201900032270";"10";"4";"2019";"17:10";"1";"83";"83090";"1";"1";"2";"6";"A50";"43,1265500";"5,8913100"
"201900032271";"4";"3";"2019";"17:40";"1";"13";"13055";"1";"1";"1";"7";"A55-Sens Marseille vers Martigues";"43,3669710";"5,3292500"
"201900032272";"10";"4";"2019";"08:05";"1";"67";"67482";"1";"1";"2";"4";"Autoroute A.351";"48,5863900";"7,7185700"
"201900032273";"8";"3";"2019";"07:15";"1";"83";"83137";"1";"1";"1";"5";"N/A";"43,1213200";"5,9533100"
"201900032274";"13";"4";"2019";"20:45";"1";"33";"33487";"1";"1";"1";"3";"AUTOROUTE A 10";"44,9475100";" -0,4647800"
"201900032275";"5";"3";"2019";"09:40";"1";"83";"83137";"1";"1";"1";"5";"N/A";"43,1213200";"5,9533100"
"201900032276";"17";"2";"2019";"15:25";"1";"69";"69199";"1";"1";"1";"3";"RD383   14.250 A 18.000";"45,7173300";"4,8427700"
"201900032277";"5";"3";"2019";"20:05";"5";"69";"69266";"1";"1";"1";"2";"RD383   3.750 A 7.640";"45,7570500";"4,9089500"
"201900032278";"12";"4";"2019";"09:10";"1";"33";"33080";"1";"1";"1";"4";"AUTOROUTE A 62";"44,7508600";" -0,5416600"
"201900032279";"21";"2";"2019";"00:40";"3";"42";"42183";"1";"1";"1";"2";"RN88";"45,4002800";"4,3641400"
"201900032280";"12";"4";"2019";"09:20";"1";"33";"33550";"1";"1";"1";"3";"ROCADE A 630";"44,7820500";" -0,5436200"
"201900032281";"6";"3";"2019";"14:20";"1";"54";"54328";"1";"1";"8";"4";"Autoroute 330";"48,6054600";"6,1736230"
"201900032282";"10";"4";"2019";"15:35";"1";"33";"33249";"1";"1";"1";"2";"ROUTE NATIONALE 230";"44,8803700";" -0,5104000"
"201900032283";"7";"3";"2019";"16:15";"1";"67";"67218";"1";"1";"1";"4";"Autoroute A.35";"48,5305300";"7,6940300"
"201900032284";"4";"3";"2019";"18:30";"2";"67";"67043";"1";"1";"2";"5";"Autoroute A.4";"48,6171750";"7,7265820"
"201900032285";"13";"4";"2019";"07:23";"2";"91";"91161";"1";"1";"1";"3";"AUTOROUTE A6";"48,7036380";"2,3068220"
"201900032286";"7";"3";"2019";"19:25";"3";"33";"33162";"1";"1";"1";"6";"ROCADE A 630";"44,8591300";" -0,6612100"
"201900032287";"13";"4";"2019";"06:05";"3";"91";"91340";"1";"1";"1";"2";"AUTOROUTE A6";"48,6003300";"2,4392000"
"201900032288";"12";"4";"2019";"18:25";"1";"91";"91534";"1";"1";"1";"4";"RN 118";"48,7402000";"2,1825000"
"201900032289";"7";"3";"2019";"16:10";"1";"33";"33281";"1";"1";"1";"2";"ROCADE A 630";"44,8513100";" -0,6666400"
"201900032290";"12";"4";"2019";"21:50";"3";"78";"78423";"1";"1";"1";"2";"N12W";"48,7968000";"2,0226000"
"201900032291";"7";"3";"2019";"10:40";"1";"33";"33249";"1";"1";"2";"2";"ROCADE A 630";"44,8828800";" -0,5214400"
"201900032292";"7";"3";"2019";"07:45";"2";"33";"33075";"1";"1";"1";"3";"ROCADE A 630";"44,8876400";" -0,6203800"
"201900032293";"12";"4";"2019";"11:20";"1";"92";"92048";"1";"1";"1";"5";"N118";"48,7902744";"2,2207762"
"201900032294";"6";"3";"2019";"18:30";"2";"33";"33318";"1";"1";"2";"2";"ROCADE A 630";"44,7879400";" -0,6335000"
"201900032295";"11";"4";"2019";"09:20";"1";"78";"78455";"1";"1";"1";"2";"A12 W";"48,8585730";"2,0514460"
"201900032296";"9";"3";"2019";"10:40";"1";"91";"91521";"1";"1";"1";"6";"RN 104";"48,6329860";"2,4055820"
"201900032297";"10";"4";"2019";"19:10";"1";"78";"78646";"1";"1";"1";"6";"RN12";"48,7905200";"2,1118900"
"201900032298";"8";"3";"2019";"00:25";"5";"94";"94038";"1";"1";"1";"3";"AUTOROUTE A6A";"48,7734000";"2,3458800"
"201900032299";"7";"3";"2019";"17:20";"1";"91";"91377";"2";"1";"1";"3";"RN20";"48,7198310";"2,2990760"
"201900032300";"10";"4";"2019";"17:20";"1";"78";"78646";"1";"1";"1";"5";"RN12";"48,7907990";"2,1084080"
"201900032301";"7";"3";"2019";"08:27";"1";"94";"94016";"1";"1";"1";"5";"AUTOROUTE A6A";"48,7985800";"2,3430900"
"201900032302";"13";"4";"2019";"21:40";"5";"93";"93066";"1";"1";"1";"6";"AUTOROUTE A1";"48,9293000";"2,3606200"
"201900032303";"7";"3";"2019";"02:45";"3";"91";"91689";"1";"1";"2";"2";"AUTOROUTE A6";"48,7291700";"2,3142000"
"201900032304";"13";"4";"2019";"07:00";"1";"95";"95394";"1";"1";"1";"6";"AUTOROUTE A115";"49,0516700";"2,1864600"
"201900032305";"7";"3";"2019";"03:30";"3";"91";"91689";"1";"1";"2";"7";"AUTOROUTE A6A";"48,7490500";"2,3275800"
"201900032306";"11";"4";"2019";"23:55";"3";"93";"93053";"1";"1";"1";"2";"AUTOROUTE A3";"48,8930000";"2,4725100"
"201900032307";"5";"3";"2019";"17:30";"1";"91";"91182";"2";"1";"2";"4";"RN 104";"48,6260500";"2,4167700"
"201900032308";"11";"4";"2019";"16:45";"1";"93";"93048";"1";"1";"1";"2";"AUTOROUTE A3";"48,8712900";"2,4325200"
"201900032309";"5";"3";"2019";"12:17";"1";"91";"91617";"1";"1";"2";"2";"RN 104";"48,6324530";"2,5308920"
"201900032310";"11";"4";"2019";"17:45";"1";"92";"92002";"1";"1";"1";"2";"AUTOROUTE A10";"48,7301067";"2,3078174"
"201900032311";"5";"3";"2019";"09:20";"1";"94";"94076";"1";"1";"2";"3";"AUTOROUTE A6A";"48,7962100";"2,3447600"
"201900032312";"11";"4";"2019";"17:10";"1";"93";"93064";"1";"1";"1";"4";"AUTOROUTE A86";"48,8807900";"2,4752000"
"201900032313";"2";"3";"2019";"20:05";"3";"77";"77251";"1";"1";"1";"5";"AUTOROUTE A5A";"48,6108800";"2,5729000"
"201900032314";"11";"4";"2019";"04:00";"3";"95";"95061";"1";"1";"1";"2";"RN 104";"49,0665200";"2,2580500"
"201900032315";"8";"3";"2019";"11:00";"1";"92";"92050";"1";"1";"1";"6";"A14";"48,8920724";"2,2383029"
"201900032316";"10";"4";"2019";"06:20";"2";"93";"93007";"1";"1";"1";"6";"AUTOROUTE A3";"48,9208500";"2,4797700"
"201900032317";"7";"3";"2019";"13:30";"1";"92";"92072";"1";"1";"1";"4";"N118";"48,8260000";"2,2227000"
"201900032318";"9";"4";"2019";"16:10";"1";"93";"93064";"1";"1";"1";"3";"AUTOROUTE A86";"48,8800800";"2,4755100"
"201900032319";"6";"3";"2019";"18:50";"3";"78";"78322";"1";"1";"2";"2";"A86 INT";"48,7809000";"2,1702000"
"201900032320";"13";"4";"2019";"19:20";"1";"77";"77053";"1";"1";"1";"6";"RN104";"48,6864479";"2,5972307"
"201900032321";"6";"3";"2019";"18:00";"1";"92";"92036";"2";"1";"1";"7";"AUTOROUTE A86";"48,9385261";"2,3119456"
"201900032322";"4";"3";"2019";"20:00";"3";"78";"78321";"1";"1";"8";"3";"RN12 EXT";"48,7988950";"1,9219020"
"201900032323";"9";"3";"2019";"01:30";"3";"95";"95154";"1";"1";"2";"2";"AUTOROUTE A1";"49,0474800";"2,5464600"
"201900032324";"13";"4";"2019";"17:45";"1";"94";"94022";"1";"1";"1";"4";"A86 EXT";"48,7765500";"2,4192100"
"201900032325";"8";"3";"2019";"16:00";"4";"92";"92036";"1";"1";"1";"4";"AUTOROUTE A86";"48,9383717";"2,3001001"
"201900032326";"13";"4";"2019";"09:40";"1";"77";"77169";"1";"1";"1";"7";"RN104";"48,8036209";"2,6272192"
"201900032327";"7";"3";"2019";"21:30";"4";"93";"93064";"1";"1";"1";"4";"AUTOROUTE A86";"48,8693400";"2,4825600"
"201900032328";"7";"3";"2019";"18:45";"5";"93";"93008";"1";"1";"1";"6";"AUTOROUTE A86";"48,9092700";"2,4478100"
"201900032329";"13";"4";"2019";"09:00";"1";"77";"77294";"1";"1";"1";"6";"A104";"48,9704984";"2,5707952"
"201900032330";"7";"3";"2019";"18:50";"2";"93";"93013";"1";"1";"2";"4";"AUTOROUTE A1";"48,9020800";"2,4706100"
"201900032331";"12";"4";"2019";"20:00";"2";"94";"94028";"1";"1";"1";"3";"A86 EXT";"48,7913425";"2,4408424"
"201900032332";"12";"4";"2019";"12:10";"1";"77";"77373";"1";"1";"1";"6";"RN104";"48,7895948";"2,6180982"
"201900032333";"7";"3";"2019";"17:45";"1";"93";"93010";"1";"1";"1";"4";"AUTOROUTE A3";"48,9020800";"2,4706100"
"201900032334";"6";"3";"2019";"08:30";"1";"95";"95527";"1";"1";"1";"2";"AUTOROUTE A3";"48,9840500";"2,5020200"
"201900032335";"6";"3";"2019";"06:30";"3";"93";"93066";"1";"1";"1";"5";"AUTOROUTE A86";"48,9223200";"2,3545000"
"201900032336";"6";"3";"2019";"01:30";"4";"93";"93010";"1";"1";"1";"3";"AUTOROUTE A3";"48,8997500";"2,4697100"
"201900032337";"5";"3";"2019";"08:30";"1";"95";"95678";"1";"1";"1";"4";"RN 184";"49,0619100";"2,2123800"
"201900032338";"4";"3";"2019";"16:06";"1";"92";"92036";"1";"1";"2";"2";"AUTOROUTE A15";"48,9424253";"2,2894630"
"201900032339";"4";"3";"2019";"13:00";"1";"93";"93048";"1";"1";"2";"6";"AUTOROUTE A3";"48,8735300";"2,4364100"
"201900032340";"12";"4";"2019";"11:30";"1";"77";"77237";"1";"1";"1";"2";"A4";"48,8304207";"2,7543924"
"201900032341";"12";"4";"2019";"09:15";"1";"94";"94052";"1";"1";"1";"4";"A86 INT";"48,8344183";"2,4932707"
"201900032342";"8";"3";"2019";"18:15";"2";"94";"94018";"1";"1";"1";"2";"A4";"48,8200758";"2,4033073"
"201900032343";"8";"3";"2019";"18:20";"5";"94";"94028";"1";"1";"1";"7";"A86 INT";"48,7881481";"2,4399501"
"201900032344";"11";"4";"2019";"21:25";"3";"75";"75112";"1";"1";"1";"6";"A4";"48,8227310";"2,4626720"
"201900032345";"7";"3";"2019";"17:20";"1";"94";"94018";"1";"1";"2";"2";"A4";"48,8193100";"2,4162800"
"201900032346";"11";"4";"2019";"14:20";"1";"94";"94073";"1";"1";"1";"2";"A86 INT";"48,7727028";"2,3985355"
"201900032347";"7";"3";"2019";"15:00";"1";"77";"77296";"1";"1";"1";"3";"RN104";"48,6469735";"2,5754996"
"201900032348";"7";"3";"2019";"00:10";"3";"77";"77258";"1";"1";"3";"6";"A4.Y";"48,8299800";"2,6242200"
"201900032349";"11";"4";"2019";"09:00";"1";"94";"94073";"1";"1";"1";"2";"A86 INT";"48,7585000";"2,3837000"
"201900032350";"6";"3";"2019";"17:15";"1";"94";"94017";"1";"1";"1";"6";"A86.INT";"48,8341893";"2,4930097"
"201900032351";"10";"4";"2019";"21:10";"3";"77";"77373";"1";"1";"1";"6";"RN104";"48,7906057";"2,6184190"
"201900032352";"31";"1";"2019";"12:00";"1";"94";"94017";"1";"1";"1";"2";"A4";"48,8291800";"2,4999900"
"201900032353";"1";"3";"2019";"09:40";"1";"76";"76351";"2";"1";"1";"7";"PIERRE MENDES FRANCE";"49,5138278";"0,1525864"
"201900032354";"22";"3";"2019";"01:05";"4";"84";"84007";"1";"3";"1";"3";"BONPAS ( Pont)-MONTFAVET";"43,8892400";"4,9158840"
"201900032355";"3";"3";"2019";"03:35";"5";"50";"50129";"2";"2";"2";"3";"CONQUERANT (BOULEVARD GUILLAUME LE)";"49,6421700";" -1,6369900"
"201900032356";"1";"3";"2019";"18:47";"5";"41";"41018";"2";"1";"1";"3";"VERDUN (AVENUE DE)";"47,5946200";"1,3468300"
"201900032357";"28";"2";"2019";"17:30";"1";"22";"22106";"1";"2";"1";"3";"HAUTS CHEMINS (RUE DES)";"48,4904990";" -2,7001809"
"201900032358";"24";"1";"2019";"18:10";"5";"93";"93015";"2";"7";"1";"3";"DHUYS RUE DE LA";"48,9155900";"2,5887600"
"201900032359";"11";"1";"2019";"10:20";"1";"92";"92004";"2";"1";"2";"2";"LAURENT-CELY  ( AVENUE )";"48,9164090";"2,3080360"
"201900032360";"4";"3";"2019";"21:28";"5";"976";"97611";"2";"1";"1";"6";"cavani-Cavani (route de)";" -12,7804778";"45,2233690"
"201900032361";"8";"4";"2019";"11:18";"1";"63";"63113";"2";"1";"1";"3";"CLEMENTEL (BD ETIENNE)";"45,8038064";"3,1100150"
"201900032362";"4";"3";"2019";"07:35";"1";"974";"97416";"2";"3";"1";"2";"PRESBYTERE (RUE DU)";" -21,3353800";"55,4745800"
"201900032363";"4";"3";"2019";"08:25";"1";"974";"97407";"2";"1";"2";"6";"FERRY (RUE)";" -20,9361400";"55,2952900"
"201900032364";"3";"3";"2019";"19:20";"5";"974";"97407";"2";"2";"1";"3";"DE GAULLE(RUE)";" -20,9418800";"55,2963800"
"201900032365";"4";"3";"2019";"14:15";"1";"69";"69386";"2";"1";"8";"6";"FRANKLIN ROOSEVELT                  (CO)";"45,7689100";"4,8462700"
"201900032366";"9";"4";"2019";"10:40";"1";"25";"25056";"2";"6";"1";"2";"GRAY ROUTE DE";"47,2444200";"5,9833000"
"201900032367";"3";"3";"2019";"21:10";"3";"972";"97213";"1";"1";"2";"7";"ROUTE NATIONALE 5";"14,5944000";" -60,9842400"
"201900032368";"7";"4";"2019";"15:30";"1";"22";"22278";"2";"3";"1";"3";"TREGUEUX (DE)";"48,4982000";" -2,7532500"
"201900032369";"4";"3";"2019";"05:37";"2";"972";"97209";"1";"1";"2";"7";"RD 41 (ROCADE)";"14,6108600";" -61,0650200"
"201900032370";"17";"1";"2019";"07:37";"5";"93";"93055";"2";"3";"1";"6";"EGLISE (PLACE)";"48,8929900";"2,4120000"
"201900032371";"4";"3";"2019";"14:00";"1";"69";"69389";"2";"1";"1";"6";"RENE CASSIN                         (AV)";"45,7689400";"4,8070900"
"201900032372";"10";"4";"2019";"19:00";"5";"988";"98818";"2";"2";"1";"3";"RUE DE VERDUN";" -22,2725200";"166,4417800"
"201900032373";"3";"3";"2019";"14:20";"1";"91";"91027";"2";"2";"1";"4";"FRANCOIS MITTERRAND (AVENUE)";"48,6982710";"2,3718190"
"201900032374";"10";"4";"2019";"08:10";"1";"974";"97416";"1";"1";"1";"7";"Route Nationale 3";" -21,3127900";"55,5950900"
"201900032375";"2";"3";"2019";"18:13";"1";"87";"87085";"2";"1";"1";"2";"BAUDIN (AVENUE) ( RN21)";"45,8164000";"1,2505700"
"201900032376";"2";"3";"2019";"11:50";"1";"87";"87085";"2";"1";"1";"3";"BEL AIR (BOULEVARD DE)";"45,8191200";"1,2512200"
"201900032377";"9";"4";"2019";"11:45";"1";"974";"97416";"1";"9";"1";"3";"RN3 (2)";" -21,3071000";"55,5001200"
"201900032378";"9";"4";"2019";"09:00";"1";"974";"97409";"1";"1";"2";"3";"Route Nationale 1";" -21,3144600";"55,4399500"
"201900032379";"10";"4";"2019";"09:45";"1";"973";"97302";"2";"6";"1";"6";"BADUEL (ROUTE DE)";"4,9333097";" -52,3097223"
"201900032380";"10";"4";"2019";"06:25";"1";"973";"97302";"2";"3";"2";"3";"BADUEL (ROUTE DE)";"4,9291196";" -52,3012894"
"201900032381";"10";"4";"2019";"19:50";"2";"69";"69386";"2";"1";"1";"6";"GRANDE BRETAGNE (DE)                (AV)";"45,7766900";"4,8437700"
"201900032382";"10";"4";"2019";"12:50";"1";"69";"69383";"2";"2";"1";"3";"PAUL BERT                           (R )";"45,7570400";"4,8585900"