"Num_Acc";"jour";"mois";"an";"hrmn";"lum";"dep";"com";"agg";"int";"atm";"col";"adr";"lat";"long"
"201900032383";"9";"4";"2019";"11:50";"1";"69";"69387";"2";"2";"1";"6";"DEBOURG                             (AV)";"45,7313700";"4,8299000"
"201900032384";"8";"4";"2019";"03:15";"5";"972";"97213";"2";"2";"1";"6";"ROUTE DEPARTEMENTALE 3";"14,6219400";" -60,9884000"
"201900032385";"9";"4";"2019";"08:16";"1";"972";"97209";"2";"1";"1";"7";"FOLIE (ROUTE DE LA)";"14,6076000";" -61,0651300"
"201900032386";"10";"4";"2019";"21:47";"5";"69";"69382";"2";"7";"8";"2";"BELLECOUR                           (PL)";"45,7588700";"4,8309200"
"201900032387";"10";"4";"2019";"17:55";"1";"69";"69381";"2";"2";"1";"3";"PIERRE DUPONT                       (R )";"45,7715300";"4,8215100"
"201900032388";"10";"4";"2019";"14:20";"1";"69";"69389";"1";"1";"1";"6";"SERGENT MICHEL BERTHET (DU)         (R )";"45,7751200";"4,8054000"
"201900032389";"10";"4";"2019";"11:25";"1";"69";"69286";"2";"1";"1";"6";"CHAMP DU ROY                        (ZI)";"45,8281000";"4,9093000"
"201900032390";"10";"4";"2019";"04:50";"5";"69";"69389";"2";"1";"1";"6";"25EME REGIMENT DE TIRAILLEURS SENEGA(AV)";"45,7912400";"4,8016000"
"201900032391";"10";"4";"2019";"06:45";"1";"83";"83137";"2";"2";"1";"6";"STRASBOURG (BD DE )";"43,1252600";"5,9308500"
"201900032392";"9";"4";"2019";"17:15";"1";"83";"83144";"1";"1";"1";"1";"TOURRIS (CHEMIN)";"43,1557200";"5,9696200"
"201900032393";"9";"4";"2019";"11:20";"1";"83";"83126";"2";"1";"1";"6";"RESISTANTS (PLACE DES)";"43,0769900";"5,9287400"
"201900032394";"6";"4";"2019";"13:00";"1";"78";"78640";"2";"1";"1";"3";"ARISTIDE BRIAND (RUE), N°4";"48,7855100";"2,1890100"
"201900032395";"10";"4";"2019";"10:25";"1";"78";"78498";"2";"6";"1";"3";"GAMBETTA BD";"48,9327000";"2,0435400"
"201900032396";"9";"4";"2019";"10:20";"1";"76";"76540";"2";"3";"1";"6";"HENRY II PLANTAGENET. RUE";"49,4262200";"1,0969300"
"201900032397";"10";"4";"2019";"17:45";"1";"74";"74012";"2";"2";"8";"3";"PETIT MALBRANDE (RUE DU)";"46,1903700";"6,2385400"
"201900032398";"10";"4";"2019";"08:40";"1";"69";"69266";"2";"1";"1";"6";"EMILE ZOLA     (Cours)";"45,7658000";"4,8998000"
"201900032399";"10";"4";"2019";"14:15";"1";"65";"65440";"2";"6";"1";"3";"HOPITAL (ROND POINT DE L')";"43,2213000";"0,0582500"
"201900032400";"8";"4";"2019";"12:50";"1";"64";"64348";"2";"1";"2";"3";"ERCKMAN CHATRIAN";"43,3253000";" -0,3843000"
"201900032401";"8";"4";"2019";"08:55";"1";"64";"64132";"2";"1";"1";"6";"D938";"43,2873200";" -0,3306400"
"201900032402";"8";"4";"2019";"08:47";"1";"64";"64125";"2";"1";"1";"6";"AVENUE DE BAYONNE ";"43,4507539";" -1,5648976"
"201900032403";"9";"4";"2019";"21:55";"5";"64";"64102";"2";"1";"1";"1";"AVENUE DE L' AQUITAINE";"43,4857826";" -1,4734707"
"201900032404";"10";"4";"2019";"14:00";"1";"62";"62193";"2";"2";"1";"3";"SOUPIRANTS (RUE DES)";"50,9490700";"1,8460600"
"201900032405";"5";"4";"2019";"21:30";"5";"59";"59090";"2";"1";"1";"3";"GAULLE (AVENUE DU GENERAL DE)";"50,7001000";"3,0942700"
"201900032406";"10";"4";"2019";"16:30";"1";"59";"59350";"2";"3";"1";"6";"LEGRAND PIERRE RUE";"50,6298200";"3,0988400"
"201900032407";"4";"4";"2019";"11:05";"1";"59";"59566";"2";"1";"1";"1";"HEM RUE D";"50,6303900";"2,9794700"
"201900032408";"9";"4";"2019";"15:05";"1";"57";"57463";"2";"3";"2";"3";"ANDRE MALRAUX (AVENUE)";"49,0948900";"6,1808290"
"201900032409";"10";"4";"2019";"01:00";"5";"56";"56121";"2";"6";"1";"6";"MONISTROL (RUE)";"47,7363900";" -3,3831600"
"201900032410";"9";"4";"2019";"21:55";"5";"56";"56121";"2";"4";"1";"3";"LE LAIN (RUE GASTON )";"47,7422400";" -3,3920100"
"201900032411";"8";"4";"2019";"16:05";"1";"56";"56098";"2";"1";"1";"5";"CROIZAT ( AVE AMBROISE )";"47,7716300";" -3,3485600"
"201900032412";"10";"4";"2019";"13:10";"1";"50";"50218";"2";"6";"2";"6";"MATIGNON (AV DES)";"48,8380600";" -1,5847200"
"201900032413";"9";"4";"2019";"16:53";"1";"49";"49007";"2";"1";"1";"2";"BEDIER BOULEVARD";"47,4519000";" -0,5441800"
"201900032414";"10";"4";"2019";"13:00";"1";"45";"45235";"2";"1";"1";"3";"RUE DES CHATAIGNIERS";"47,9509852";"1,8431068"
"201900032415";"10";"4";"2019";"17:00";"1";"44";"44162";"2";"1";"8";"6";"BOULEVARD CHARLES DE GAULLE";"47,2106600";" -1,6233400"
"201900032416";"9";"4";"2019";"12:40";"1";"37";"37233";"2";"1";"1";"3";"LOIRE (LEVEE DE LA)";"47,3967684";"0,7172872"
"201900032417";"9";"4";"2019";"12:20";"1";"37";"37195";"2";"1";"1";"7";"VARENNE (RUE DE LA)";"47,3796100";"0,6399800"
"201900032418";"9";"4";"2019";"06:45";"2";"35";"35238";"1";"1";"1";"7";"RN136";"48,0823400";" -1,6967900"
"201900032419";"30";"3";"2019";"03:20";"3";"33";"33550";"1";"1";"1";"6";"CHEM DE VEYRES - entrée château Carbonnieux  - sens Léognan - Villenave d'Ornon";"44,7499600";" -0,5726900"
"201900032420";"4";"4";"2019";"18:15";"1";"33";"33281";"2";"2";"1";"3";"AVE DE MAGUDAS";"44,8561600";" -0,6495200"
"201900032421";"2";"4";"2019";"17:30";"1";"33";"33522";"2";"1";"1";"6";"CRS DE LA LIBERATION";"44,8120400";" -0,5908000"
"201900032422";"10";"4";"2019";"10:00";"1";"32";"32013";"2";"1";"1";"6";"SADI-CARNOT (BOULEVARD)";"43,6403290";"0,5854390"
"201900032423";"9";"4";"2019";"17:23";"1";"32";"32013";"2";"1";"1";"6";"ETIGNY (RUE D')";"43,6461900";"0,5831900"
"201900032424";"10";"4";"2019";"07:20";"1";"31";"31555";"2";"1";"1";"3";"RUE DE CAULET";"43,6063200";"1,3552200"
"201900032425";"9";"4";"2019";"17:15";"1";"31";"31555";"1";"1";"1";"3";"AV LOUIS BREGUET";"43,5784800";"1,4803500"
"201900032426";"10";"4";"2019";"14:29";"1";"30";"30189";"2";"1";"1";"2";"LIBERTE (AVENUE)";"43,8243100";"4,3540000"
"201900032427";"10";"4";"2019";"18:05";"1";"29";"29039";"1";"6";"1";"2";"RD 783 BEUZEC";"47,8860400";" -3,9133500"
"201900032428";"9";"4";"2019";"05:40";"3";"29";"29039";"1";"1";"5";"7";"RD 70 (route départementale)";"47,9216070";" -3,9004917"
"201900032429";"9";"4";"2019";"07:30";"1";"29";"29019";"2";"6";"1";"3";"BACH JEAN SEBASTIEN";"48,3926400";" -4,5232000"
"201900032430";"10";"4";"2019";"16:00";"1";"17";"17300";"1";"1";"1";"6";"GUILLET   AVENUE LOUIS";"46,1691100";" -1,1819000"
"201900032431";"10";"4";"2019";"11:20";"1";"17";"17300";"1";"1";"1";"7";"RN 237 ";"46,1751900";" -1,2083300"
"201900032432";"10";"4";"2019";"21:30";"4";"13";"13210";"2";"6";"2";"3";"FLORIAN ( ROND POINT)";"43,2851100";"5,4254100"
"201900032433";"10";"4";"2019";"22:20";"5";"13";"13203";"2";"3";"8";"3";"PLOMBIERES (BOULEVARD DES)";"43,3190600";"5,3794900"
"201900032434";"10";"4";"2019";"11:00";"1";"13";"13209";"2";"3";"1";"6";"ERNEST ROUVIER (RUE)";"43,2488700";"5,4032900"
"201900032435";"9";"4";"2019";"17:10";"1";"13";"13211";"2";"1";"1";"3";"SAINT MARCEL (BOULEVARD DE )";"43,2877105";"5,4646356"
"201900032436";"9";"4";"2019";"09:15";"1";"13";"13214";"2";"1";"1";"6";"COUVENT (TRAVERSE)";"43,3190417";"5,3864502"
"201900032437";"10";"4";"2019";"09:30";"1";"10";"10387";"2";"2";"1";"3";"HENRI BARBUSSE (RUE)";"48,3016900";"4,0872100"
"201900032438";"10";"4";"2019";"03:12";"5";"6";"06027";"2";"1";"1";"7";"PLAGE BOULEVARD DE LA";"43,6566430";"7,1640980"
"201900032439";"10";"4";"2019";"09:30";"1";"75";"75116";"2";"1";"2";"3";"PORTE DAUPHINE";"48,8719930";"2,2740200"
"201900032440";"10";"4";"2019";"08:00";"1";"75";"75120";"2";"1";"2";"6";"BOULEVARD DAVOUT";"48,8603620";"2,4092880"
"201900032441";"10";"4";"2019";"22:15";"5";"75";"75119";"2";"3";"1";"3";"BOULEVARD DE LA VILLETTE";"48,8843410";"2,3668690"
"201900032442";"10";"4";"2019";"16:40";"1";"75";"75119";"2";"1";"2";"3";"RUE GASTON TESSIER";"48,8960320";"2,3741710"
"201900032443";"10";"4";"2019";"22:50";"5";"75";"75118";"2";"5";"1";"2";"RUE DE CLIGNANCOURT";"48,8884110";"2,3479940"
"201900032444";"10";"4";"2019";"11:40";"1";"75";"75118";"2";"5";"2";"2";"RUE ORDENER";"48,8936420";"2,3363790"
"201900032445";"10";"4";"2019";"19:00";"1";"75";"75116";"2";"2";"1";"3";"RUE DES SABLONS";"48,8644180";"2,2823710"
"201900032446";"10";"4";"2019";"14:05";"1";"75";"75116";"2";"3";"1";"6";"AVENUE THEOPHILE GAUTIER";"48,8503750";"2,2732930"
"201900032447";"10";"4";"2019";"07:45";"1";"75";"75116";"2";"7";"2";"2";"PLACE DU MARECHAL DE LATTRE DE TASSIGNY";"48,8712810";"2,2743040"
"201900032448";"10";"4";"2019";"02:35";"5";"75";"75115";"2";"2";"1";"3";"PONT DE GRENELLE";"48,8493440";"2,2816120"
"201900032449";"9";"4";"2019";"19:15";"1";"75";"75114";"2";"1";"1";"3";"AVENUE DE LA PORTE DE CHATILLON";"48,8234120";"2,3164840"
"201900032450";"8";"4";"2019";"17:09";"1";"75";"75113";"2";"2";"1";"3";"RUE DE TOLBIAC";"48,8276730";"2,3713770"
"201900032451";"9";"4";"2019";"18:20";"1";"75";"75112";"2";"2";"1";"3";"RUE DE PICPUS";"48,8427180";"2,3974550"
"201900032452";"10";"4";"2019";"17:50";"1";"75";"75110";"2";"2";"8";"2";"AVENUE CLAUDE VELLEFAUX";"48,8752290";"2,3703210"
"201900032453";"10";"4";"2019";"13:05";"1";"75";"75110";"2";"2";"8";"3";"RUE LA FAYETTE";"48,8797270";"2,3586690"
"201900032454";"10";"4";"2019";"09:10";"1";"75";"75110";"2";"1";"2";"1";"AVENUE PARMENTIER";"48,8710270";"2,3702770"
"201900032455";"9";"4";"2019";"21:50";"5";"75";"75110";"2";"1";"1";"2";"BOULEVARD DE MAGENTA";"48,8721760";"2,3597470"
"201900032456";"9";"4";"2019";"21:25";"5";"75";"75110";"2";"1";"1";"6";"QUAI DE JEMMAPES";"48,8690940";"2,3673980"
"201900032457";"10";"4";"2019";"17:35";"1";"75";"75108";"2";"2";"1";"2";"BOULEVARD MALESHERBES";"48,8735220";"2,3208190"
"201900032458";"9";"4";"2019";"15:30";"1";"75";"75108";"2";"2";"1";"6";"RUE DE L ARCADE";"48,8733090";"2,3243060"
"201900032459";"10";"4";"2019";"09:30";"2";"75";"75103";"2";"3";"2";"6";"RUE PAPIN";"48,8667530";"2,3542940"
"201900032460";"8";"4";"2019";"21:36";"5";"75";"75101";"2";"3";"1";"3";"AVENUE DE L OPERA";"48,8665490";"2,3340750"
"201900032461";"10";"4";"2019";"11:45";"1";"94";"94067";"2";"1";"8";"2";"ANDRE-VIVIEN (rue ROBERT)";"48,8345900";"2,4150100"
"201900032462";"10";"4";"2019";"18:00";"1";"94";"94043";"2";"1";"1";"6";"EDMONT MICHELET (R)";"48,8102000";"2,3631000"
"201900032463";"9";"4";"2019";"13:25";"1";"94";"94041";"2";"1";"1";"6";"MOLIERE (R)";"48,8152000";"2,3935500"
"201900032464";"5";"4";"2019";"19:30";"1";"94";"94028";"2";"9";"1";"3";"AVET.(RUE PAUL FRANCOIS)";"48,7900000";"2,4600000"
"201900032465";"5";"4";"2019";"15:55";"1";"94";"94011";"2";"1";"1";"1";"STAINS(ROUTE DE)";"48,7810900";"2,4937700"
"201900032466";"9";"4";"2019";"11:45";"1";"94";"94002";"2";"1";"1";"3";"ETIENNE DOLET (R)";"48,7838850";"2,4233420"
"201900032467";"10";"4";"2019";"02:15";"5";"93";"93059";"2";"9";"1";"6";"SEVERINE (RUE)";"48,9615640";"2,3559470"
"201900032468";"10";"4";"2019";"09:15";"1";"93";"93066";"2";"9";"2";"3";"CASANOVA DANIELLE NR 52-SUIV ET 21-SUIV";"48,9242900";"2,3700800"
"201900032469";"10";"4";"2019";"19:34";"1";"93";"93053";"2";"1";"1";"1";"JULES FERRY (RUE)";"48,8930800";"2,4723400"
"201900032470";"9";"4";"2019";"08:30";"1";"93";"93050";"2";"1";"2";"6";"PAUL ET CAMILLE THOMOUX (RUE) COTE IMPAI";"48,8634700";"2,5299600"
"201900032471";"10";"4";"2019";"00:30";"5";"93";"93029";"2";"1";"1";"2";"HENRI BARBUSSE (AVE) N°2-124";"48,9167200";"2,4448600"
"201900032472";"10";"4";"2019";"15:40";"1";"93";"93057";"2";"1";"1";"1";"JAURES (AV. JEAN) 1 A 123";"48,9045500";"2,5040100"
"201900032473";"10";"4";"2019";"13:30";"1";"93";"93010";"2";"1";"1";"6";"PASTEUR (AV.)";"48,9063000";"2,4877000"
"201900032474";"10";"4";"2019";"08:30";"1";"93";"93010";"2";"4";"2";"3";"GALLIENI (AV.) DE 132 A 186";"48,9061700";"2,4835800"
"201900032475";"10";"4";"2019";"18:35";"1";"92";"92064";"2";"3";"8";"3";"PASTEUR";"48,8414900";"2,1975100"
"201900032476";"10";"4";"2019";"19:15";"2";"92";"92062";"2";"1";"1";"2";"KUPKA (RUE FRANCK) TOUR";"48,8913200";"2,2327000"
"201900032477";"10";"4";"2019";"11:05";"1";"92";"92050";"2";"1";"2";"6";"SEINE BOULEVARD DE";"48,8961900";"2,1962400"
"201900032478";"9";"4";"2019";"21:25";"5";"92";"92049";"2";"1";"1";"6";"REPUBLIQUE AVENUE DE LA N°92 A FIN";"48,8148040";"2,3172790"
"201900032479";"9";"4";"2019";"11:40";"1";"92";"92036";"2";"1";"2";"6";"SEINE (ROUTE DE LA) (1)";"48,9463200";"2,2817600"
"201900032480";"10";"4";"2019";"14:00";"1";"92";"92026";"2";"1";"1";"6";"MARCEAU";"48,8993240";"2,2459950"
"201900032481";"25";"7";"2019";"12:03";"1";"43";"43038";"2";"9";"1";"7";"Route de Lorlanges";"45,3641610";"3,3092000"
"201900032482";"25";"7";"2019";"07:49";"1";"43";"43038";"1";"3";"7";"3";"RN102 Barliéres";"45,3486160";"3,3419870"
"201900032483";"28";"7";"2019";"15:30";"1";"10";"10370";"1";"1";"1";"6";"lieu dit la porte blanche";"48,4062960";"3,5094100"
"201900032484";"25";"7";"2019";"19:35";"1";"10";"10048";"1";"1";"1";"1";"D12";"48,1700000";"4,6100000"
"201900032485";"23";"7";"2019";"14:00";"1";"16";"16070";"2";"1";"7";"1";"42 Route de Bellevue";"45,8709100";"0,7250690"
"201900032486";"28";"7";"2019";"12:10";"1";"7";"07064";"2";"1";"1";"7";"Lieu-Dit Roure";"44,8987780";"4,4315890"
"201900032487";"25";"7";"2019";"20:45";"2";"7";"07079";"1";"1";"1";"3";"N/A";"45,0039550";"4,4996740"
"201900032488";"28";"7";"2019";"16:45";"1";"7";"07329";"1";"1";"1";"3";"Lieu dit le vincent";"44,5817410";"4,1471670"
"201900032489";"27";"7";"2019";"14:10";"1";"53";"53051";"1";"9";"1";"6";"D157";"48,3493680";" -0,5473130"
"201900032490";"25";"7";"2019";"11:50";"1";"53";"53062";"1";"2";"1";"3";"LE CHAMP FLEURY";"47,8378530";" -0,7532630"
"201900032491";"26";"7";"2019";"15:35";"1";"40";"40313";"1";"1";"1";"3";"Lieu dit le baque";"43,8324070";" -0,8091880"
"201900032492";"24";"7";"2019";"17:45";"1";"24";"24096";"1";"1";"1";"1";"Puy Hardy";"45,4076090";"0,6787080"
"201900032493";"28";"7";"2019";"07:10";"2";"4";"04091";"1";"1";"1";"6";"RD 4096";"44,0056060";"5,9229760"
"201900032494";"26";"7";"2019";"15:30";"1";"4";"04094";"1";"1";"1";"1";"RD 952 la bastide blanche";"43,7482140";"5,8482170"
"201900032495";"25";"7";"2019";"20:50";"1";"27";"27290";"2";"2";"7";"3";"Rue de Bouquelon (Goupillières)";"49,1288400";"0,7759860"
"201900032496";"27";"7";"2019";"23:10";"4";"27";"27291";"1";"2";"1";"3";"Route du Pont Robert";"48,7091310";"0,7471690"
"201900032497";"27";"7";"2019";"20:30";"2";"28";"28003";"1";"2";"1";"3";"Route de Dreux";"48,7230160";"1,3002890"
"201900032498";"26";"7";"2019";"23:45";"3";"28";"28084";"1";"2";"2";"3";"rue de la libération";"48,5436100";"1,5465230"
"201900032499";"23";"7";"2019";"19:30";"1";"28";"28137";"1";"1";"1";"7";"Rue des Yvelines";"48,5478210";"1,7289720"
"201900032500";"27";"7";"2019";"16:00";"1";"30";"30272";"1";"1";"1";"7";"CD999";"43,9718430";"3,6894200"
"201900032501";"23";"7";"2019";"14:20";"1";"30";"30116";"1";"1";"1";"1";"D351 PK 3+800";"43,9044740";"4,5991200"
"201900032502";"25";"7";"2019";"13:50";"1";"30";"30168";"1";"1";"1";"7";"D50 lieu dit majencoule";"44,1108570";"3,9419310"
"201900032503";"25";"7";"2019";"19:05";"1";"52";"52237";"1";"4";"1";"3";"D74";"48,2620620";"5,6191560"
"201900032504";"24";"7";"2019";"19:00";"1";"8";"08156";"1";"1";"1";"6";"le trou de la choune";"49,8797410";"4,4065590"
"201900032505";"26";"7";"2019";"14:25";"1";"10";"10412";"1";"6";"2";"7";"A26 Aire de Repos de villechetif";"48,3342850";"4,1659910"
"201900032506";"24";"7";"2019";"06:10";"1";"77";"77194";"1";"1";"1";"7";"autoroute A5 PK 31+700";"48,4173658";"2,9446105"
"201900032507";"26";"7";"2019";"15:25";"1";"5";"05173";"1";"1";"1";"7";"A51";"44,3180720";"5,8930320"
"201900032508";"26";"7";"2019";"10:35";"1";"13";"13008";"1";"1";"1";"1";"RD68 PK7+200";"43,6642490";"5,1569710"
"201900032509";"26";"7";"2019";"07:45";"1";"1";"01374";"1";"1";"1";"2";"A40";"46,0910320";"5,2884280"
"201900032510";"26";"7";"2019";"13:20";"1";"33";"33318";"2";"3";"1";"3";"Avenue du Maréchal de Lattre de Tassigny";"44,7713100";" -0,7149300"
"201900032511";"22";"7";"2019";"16:40";"1";"6";"06085";"2";"6";"1";"3";"rond-point de la victoire";"43,5856240";"7,0063440"
"201900032512";"26";"7";"2019";"14:45";"1";"68";"68309";"1";"1";"1";"6";"A35";"47,6718180";"7,4715760"
"201900032513";"28";"7";"2019";"13:50";"1";"62";"62471";"1";"1";"1";"6";"Autoroute A 26 Sens REIMS-CALAIS";"50,6659190";"2,2557010"
"201900032514";"26";"7";"2019";"07:05";"1";"49";"49026";"1";"1";"2";"7";"La Trochoire";"47,5167410";" -0,8033770"
"201900032515";"26";"7";"2019";"09:10";"1";"38";"38289";"1";"1";"1";"3";"D44A";"45,1438700";"6,0581800"
"201900032516";"25";"7";"2019";"03:25";"3";"34";"34336";"1";"1";"1";"2";"A9 - PK:159+400";"43,3392639";"3,2969284"
"201900032517";"26";"7";"2019";"23:50";"3";"14";"14036";"1";"1";"2";"5";"A13, PK 217.000, sens PARIS-CAEN";"49,1683610";" -0,2202130"
"201900032518";"26";"7";"2019";"11:20";"1";"21";"21295";"1";"1";"1";"2";"A31";"47,2110890";"4,9999080"
"201900032519";"27";"7";"2019";"22:15";"3";"971";"97103";"1";"1";"1";"6";"RN2";"16,2589670";" -61,6113960"
"201900032520";"26";"7";"2019";"12:00";"1";"74";"74312";"1";"1";"1";"2";"A40";"46,0676790";"6,4905540"
"201900032521";"26";"7";"2019";"23:55";"3";"27";"27701";"1";"1";"1";"2";"a13, PK095+200";"49,2280880";"1,2079410"
"201900032522";"27";"7";"2019";"12:55";"1";"33";"33005";"2";"3";"1";"4";"122 Boulevard de la République";"44,7379300";" -1,0905400"
"201900032523";"27";"7";"2019";"15:00";"1";"78";"78564";"1";"1";"1";"6";"A10";"48,5138320";"1,9078280"
"201900032524";"26";"7";"2019";"09:00";"1";"78";"78003";"1";"1";"2";"6";"A11 point kilométrque 032.900 en direction de la province";"48,5238360";"1,8217130"
"201900032525";"23";"7";"2019";"11:15";"1";"34";"34282";"2";"1";"7";"6";"D619";"43,6259590";"3,6738380"
"201900032526";"28";"7";"2019";"04:10";"3";"988";"98814";"1";"1";"8";"6";"RM3";" -20,7778900";"167,1284600"
"201900032527";"18";"7";"2019";"07:50";"1";"988";"98803";"1";"1";"1";"6";"Rt1 - Ocef";" -21,4786900";"165,3670300"
"201900032528";"26";"7";"2019";"10:40";"1";"971";"97131";"2";"2";"1";"7";"Rue Benoît Cassin";"15,8645390";" -61,5840650"
"201900032529";"26";"7";"2019";"09:00";"1";"2B";"2B134";"2";"1";"1";"3";"Route de Calvi";"42,6302090";"8,9320790"
"201900032530";"27";"7";"2019";"13:50";"1";"2B";"2B314";"1";"1";"1";"6";"piste de saleccia";"42,7113510";"9,2038620"
"201900032531";"27";"7";"2019";"19:00";"1";"30";"30307";"2";"3";"1";"3";"Nationale 106";"44,1902399";"4,0440326"
"201900032532";"28";"7";"2019";"11:10";"1";"84";"84004";"1";"2";"1";"3";"Route de Caromb";"44,0997250";"5,0614700"
"201900032533";"24";"7";"2019";"12:17";"1";"13";"13081";"1";"6";"1";"2";"RD20";"43,5043580";"5,2207080"
"201900032534";"23";"7";"2019";"18:30";"1";"13";"13076";"1";"1";"1";"3";"RN7";"43,8159920";"4,9802950"
"201900032535";"27";"7";"2019";"20:00";"1";"71";"71086";"1";"1";"2";"6";"Villaine";"46,4234140";"4,2433840"
"201900032536";"27";"7";"2019";"19:50";"3";"71";"71350";"1";"1";"2";"1";"Route de Tramayes";"46,3357450";"4,6776130"
"201900032537";"27";"7";"2019";"16:45";"1";"10";"10006";"2";"1";"1";"6";"place de la République";"48,5332890";"4,1378040"
"201900032538";"27";"7";"2019";"14:37";"1";"68";"68359";"1";"1";"1";"7";"RD431";"47,8407710";"7,1530680"
"201900032539";"24";"7";"2019";"18:15";"1";"68";"68063";"1";"1";"1";"7";"route départementale 83";"47,8091170";"7,1936160"
"201900032540";"26";"7";"2019";"19:15";"1";"68";"68372";"2";"1";"1";"6";"R de la Grande Armée";"47,8435550";"7,0706630"
"201900032541";"25";"7";"2019";"22:30";"5";"57";"57303";"1";"6";"1";"6";"CD 52";"49,2186790";"6,1890080"
"201900032542";"26";"7";"2019";"09:30";"1";"3";"03298";"2";"1";"1";"3";"98 avenue de Chazeuil";"46,3170801";"3,3953399"
"201900032543";"26";"7";"2019";"08:15";"1";"3";"03316";"1";"1";"1";"7";"N/A";"46,6683566";"3,2396086"
"201900032544";"27";"7";"2019";"14:20";"1";"63";"63077";"1";"1";"2";"1";"D 996";"45,5740651";"2,8861494"
"201900032545";"26";"7";"2019";"14:00";"1";"74";"74007";"1";"2";"1";"3";"Route de Thonon";"46,0791260";"6,3131200"
"201900032546";"27";"7";"2019";"18:25";"1";"74";"74079";"1";"1";"1";"6";"Route de Serraval";"45,8455042";"6,3302470"
"201900032547";"26";"7";"2019";"11:50";"1";"74";"74265";"1";"4";"1";"3";"D12";"45,8085324";"6,3384649"
"201900032548";"28";"7";"2019";"06:30";"2";"42";"42155";"2";"1";"2";"1";"Route de Balbigny";"45,8065770";"4,1570700"
"201900032549";"25";"7";"2019";"00:15";"5";"38";"38200";"2";"1";"1";"7";"Route de l'Électrochimie";"45,0901800";"5,7329800"
"201900032550";"20";"7";"2019";"22:35";"5";"38";"38317";"2";"1";"1";"3";"Rue Mozart";"45,1305800";"5,6957800"
"201900032551";"20";"7";"2019";"20:10";"1";"7";"07324";"2";"1";"1";"6";"Quai Marc Seguin";"45,0682930";"4,8332730"
"201900032552";"26";"7";"2019";"17:45";"1";"1";"01405";"2";"1";"7";"6";"Rue Principale";"46,1325770";"5,1647880"
"201900032553";"28";"7";"2019";"12:10";"1";"69";"69102";"1";"1";"8";"7";"Route Nationale 7";"45,8916300";"4,3742700"
"201900032554";"28";"7";"2019";"08:00";"1";"69";"69206";"1";"1";"2";"5";"cd306";"46,0609200";"4,7224800"
"201900032555";"5";"6";"2019";"13:40";"1";"69";"69019";"2";"1";"1";"6";"Avenue du Port";"46,1061870";"4,7553030"
"201900032556";"27";"7";"2019";"20:00";"1";"69";"69228";"1";"1";"2";"3";"RD488 ROUTE DE GIVORS";"45,5428400";"4,6540730"
"201900032557";"26";"7";"2019";"18:20";"1";"69";"69153";"2";"3";"1";"3";"Route d'Ampère";"45,8523992";"4,7960784"
"201900032558";"27";"7";"2019";"08:40";"1";"81";"81046";"1";"1";"1";"6";"Route de Réalmont";"43,8445937";"2,0340875"
"201900032559";"25";"7";"2019";"20:00";"1";"17";"17119";"1";"1";"1";"7";"Rue de la Cabanne";"45,6269290";" -0,8395550"
"201900032560";"27";"7";"2019";"02:45";"3";"17";"17130";"1";"1";"2";"7";"D19";"45,2982630";" -0,4118600"
"201900032561";"28";"7";"2019";"03:15";"3";"16";"16234";"1";"1";"1";"6";"Ld Baillargere";"45,6651210";" -0,0153420"
"201900032562";"26";"7";"2019";"06:30";"2";"16";"16348";"1";"1";"1";"1";"Ld La Bernade";"45,6720940";"0,0414560"
"201900032563";"24";"7";"2019";"16:50";"1";"64";"64407";"1";"9";"1";"2";"Route de Bigot";"43,4853364";" -1,4410830"
"201900032564";"26";"7";"2019";"13:40";"1";"33";"33073";"1";"1";"1";"1";"D255E3";"45,2638300";" -0,6060300"
"201900032565";"24";"7";"2019";"20:30";"1";"33";"33449";"1";"1";"1";"5";"Avenue de Martignas";"44,8563900";" -0,7422500"
"201900032566";"25";"7";"2019";"04:30";"3";"49";"49023";"1";"1";"1";"7";"Les Noues (Andrezé)";"47,1655190";" -0,9768200"
"201900032567";"27";"7";"2019";"09:50";"1";"14";"14384";"2";"1";"1";"6";"Rue Guynemer";"49,3204670";" -0,3560820"
"201900032568";"25";"7";"2019";"12:00";"1";"29";"29181";"1";"1";"1";"2";"Saint Eloi";"48,4789880";" -4,2878540"
"201900032569";"12";"5";"2019";"20:55";"1";"35";"35236";"2";"1";"1";"6";"2 Boulevard Bonne Nouvelle";"47,6522720";" -2,0760540"
"201900032570";"27";"7";"2019";"19:50";"1";"76";"76666";"1";"1";"1";"6";"D915, PK 23+17";"49,5752510";"1,6027200"
"201900032571";"28";"7";"2019";"19:10";"1";"76";"76130";"1";"1";"1";"7";"1090 route de Neufchatel";"49,7071088";"1,4918661"
"201900032572";"25";"7";"2019";"18:00";"1";"76";"76454";"1";"1";"1";"3";"D929";"49,7538050";"1,5512860"
"201900032573";"23";"7";"2019";"16:30";"1";"76";"76464";"1";"1";"1";"2";"Route de Paris";"49,3865720";"1,2328750"
"201900032574";"26";"7";"2019";"10:45";"1";"80";"80322";"2";"1";"1";"2";"D 1017";"49,7747850";"2,8168700"
"201900032575";"24";"7";"2019";"13:30";"1";"59";"59139";"2";"6";"1";"3";"Rue Aristide Briand";"50,1219401";"3,4203751"