"Num_Acc";"jour";"mois";"an";"hrmn";"lum";"dep";"com";"agg";"int";"atm";"col";"adr";"lat";"long"
"201900032576";"25";"7";"2019";"09:20";"1";"13";"13055";"1";"1";"1";"3";"A507 sens Aubagne- Marseille";"43,2891000";"5,4246900"
"201900032577";"24";"7";"2019";"15:10";"1";"13";"13055";"1";"1";"1";"2";"A507 sens Aubagne- Marseille";"43,3312496";"5,3873254"
"201900032578";"12";"7";"2019";"17:50";"1";"69";"69029";"1";"1";"1";"2";"RD383   7.640 A 11.044";"45,7392200";"4,9043100"
"201900032579";"21";"7";"2019";"03:15";"3";"54";"54328";"1";"1";"1";"7";"Autoroute 330";"48,6243300";"6,1843500"
"201900032580";"25";"7";"2019";"05:45";"2";"67";"67389";"1";"9";"1";"3";"Autoroute A.4";"48,6500270";"7,7347399"
"201900032581";"22";"7";"2019";"11:00";"1";"67";"67482";"1";"1";"1";"3";"Autoroute A.35";"48,5887240";"7,7297750"
"201900032582";"23";"7";"2019";"17:49";"1";"67";"67482";"1";"1";"1";"2";"Autoroute A.35";"48,5953600";"7,7401900"
"201900032583";"27";"7";"2019";"11:00";"1";"33";"33550";"1";"1";"2";"7";"ROCADE A 630";"44,7828700";" -0,5429800"
"201900032584";"26";"7";"2019";"15:20";"1";"33";"33167";"1";"1";"1";"4";"ROUTE NATIONALE 230";"44,8412200";" -0,5017100"
"201900032585";"26";"7";"2019";"12:20";"1";"33";"33063";"1";"1";"2";"4";"ROCADE A 630";"44,8800080";" -0,5374070"
"201900032586";"25";"7";"2019";"10:38";"1";"33";"33162";"1";"1";"1";"3";"ROCADE A 630";"44,8795700";" -0,6280000"
"201900032587";"27";"7";"2019";"07:30";"1";"94";"94037";"1";"1";"1";"3";"AUTOROUTE A6B";"48,8153500";"2,3560900"
"201900032588";"27";"7";"2019";"05:35";"3";"91";"91617";"1";"1";"8";"6";"RN 104";"48,6344340";"2,5370380"
"201900032589";"26";"7";"2019";"18:00";"1";"91";"91161";"1";"1";"1";"4";"AUTOROUTE A126";"48,7114300";"2,2940800"
"201900032590";"26";"7";"2019";"16:45";"1";"92";"92002";"1";"1";"1";"2";"AUTOROUTE A10";"48,7296777";"2,3068748"
"201900032591";"26";"7";"2019";"09:05";"1";"92";"92019";"1";"1";"1";"5";"RN 385 INT";"48,7677219";"2,2443707"
"201900032592";"25";"7";"2019";"08:35";"4";"94";"94037";"1";"1";"1";"3";"AUTOROUTE A6B";"48,8140000";"2,3552000"
"201900032593";"25";"7";"2019";"06:45";"1";"91";"91286";"1";"1";"1";"2";"AUTOROUTE A6";"48,6542000";"2,3805000"
"201900032594";"23";"7";"2019";"19:20";"1";"94";"94034";"1";"1";"1";"7";"AUTOROUTE A86";"48,7623000";"2,3136000"
"201900032595";"27";"7";"2019";"13:50";"1";"78";"78043";"1";"1";"1";"6";"A12 W";"48,8233400";"2,0728000"
"201900032596";"26";"7";"2019";"14:55";"1";"78";"78646";"1";"1";"1";"6";"RN12";"48,7929490";"2,0850910"
"201900032597";"26";"7";"2019";"03:30";"3";"92";"92047";"1";"1";"1";"7";"A13";"48,8357100";"2,1797100"
"201900032598";"24";"7";"2019";"19:34";"1";"78";"78466";"1";"1";"1";"4";"A13";"48,9303400";"1,9820900"
"201900032599";"27";"7";"2019";"21:25";"2";"92";"92036";"1";"1";"1";"6";"AUTOROUTE A15";"48,9435939";"2,2873683"
"201900032600";"27";"7";"2019";"11:15";"1";"95";"95582";"1";"1";"2";"6";"AUTOROUTE A15";"48,9635450";"2,2641470"
"201900032601";"27";"7";"2019";"06:30";"1";"92";"92063";"1";"1";"1";"7";"A86 DUPLEX";"48,8709521";"2,1571001"
"201900032602";"26";"7";"2019";"18:10";"1";"93";"93005";"1";"1";"1";"2";"AUTOROUTE A3";"48,9601700";"2,4735100"
"201900032603";"26";"7";"2019";"14:17";"1";"93";"93053";"1";"1";"1";"3";"AUTOROUTE A3";"48,8929700";"2,4724200"
"201900032604";"26";"7";"2019";"11:20";"1";"93";"93064";"1";"1";"1";"2";"AUTOROUTE A103";"48,8868500";"2,4772900"
"201900032605";"26";"7";"2019";"08:00";"1";"92";"92036";"1";"1";"1";"3";"AUTOROUTE A15";"48,9406098";"2,2924974"
"201900032606";"25";"7";"2019";"18:45";"1";"92";"92078";"1";"1";"1";"5";"AUTOROUTE A86";"48,9311476";"2,3234982"
"201900032607";"25";"7";"2019";"15:30";"1";"93";"93007";"1";"1";"1";"4";"AUTOROUTE A1";"48,9485300";"2,4457800"
"201900032608";"25";"7";"2019";"11:00";"1";"93";"93013";"1";"1";"1";"6";"AUTOROUTE A1";"48,9406000";"2,4248400"
"201900032609";"25";"7";"2019";"22:20";"3";"94";"94069";"1";"1";"1";"2";"A4";"48,8174000";"2,4368900"
"201900032610";"25";"7";"2019";"01:05";"5";"94";"94017";"1";"1";"1";"2";"A4";"48,8294130";"2,4984350"
"201900032611";"24";"7";"2019";"17:45";"1";"94";"94069";"1";"1";"1";"2";"A4";"48,8173500";"2,4396900"
"201900032612";"24";"7";"2019";"15:10";"1";"91";"91421";"2";"9";"1";"3";"JEAN JAURES (AVENUE)";"48,7141000";"2,4482000"
"201900032613";"21";"7";"2019";"17:05";"1";"93";"93048";"2";"1";"1";"3";"ROCHES (RUE DES)";"48,8716400";"2,4645400"
"201900032614";"24";"7";"2019";"11:35";"1";"988";"98818";"2";"6";"1";"7";"ROUTE DU VELODROME/AV. DU GENERAL DE GAULLE ";" -22,2866400";"166,4446400"
"201900032615";"24";"7";"2019";"21:50";"5";"69";"69386";"2";"1";"1";"6";"VITTON                              (CO)";"45,7699000";"4,8568700"
"201900032616";"24";"7";"2019";"13:10";"1";"69";"69386";"2";"2";"1";"6";"DUQUESNE                            (R )";"45,7726000";"4,8441800"
"201900032617";"24";"7";"2019";"09:15";"1";"69";"69387";"2";"1";"1";"2";"GERLAND (DE)                        (R )";"45,7336100";"4,8392800"
"201900032618";"23";"7";"2019";"09:45";"1";"972";"97213";"1";"1";"1";"5";"AUTOROUTE A1";"14,6182500";" -61,0270000"
"201900032619";"23";"7";"2019";"02:55";"3";"972";"97213";"2";"1";"1";"6";"ROUTE NATIONALE 1";"14,3716000";" -60,5931000"
"201900032620";"24";"7";"2019";"13:55";"1";"972";"97209";"2";"1";"1";"6";"BISHOP (Avenue Maurice)";"14,6131900";" -61,0526900"
"201900032621";"24";"7";"2019";"14:45";"1";"91";"91432";"2";"1";"1";"2";"GAUGUIN (RUE PAUL)";"48,6926620";"2,3407830"
"201900032622";"24";"7";"2019";"08:20";"1";"91";"91421";"1";"1";"1";"4";"NATIONALE 6 (PARTIE FORET)";"48,6844200";"2,4887500"
"201900032623";"23";"7";"2019";"15:30";"1";"83";"83069";"2";"1";"1";"2";"MARINE (BOULEVARD DE LA)";"43,0959000";"6,1664000"
"201900032624";"19";"7";"2019";"18:05";"1";"83";"83050";"2";"3";"1";"6";"PERI(BOULEVARD GABRIEL)";"43,5347000";"6,4645000"
"201900032625";"24";"7";"2019";"22:00";"3";"82";"82033";"1";"1";"1";"6";"LAFRANCAISE D45 (ROUTE DE) ";"44,0613000";"1,1419000"
"201900032626";"23";"7";"2019";"10:45";"1";"76";"76410";"1";"2";"1";"3";"D86";"49,4720800";"1,0276300"
"201900032627";"23";"7";"2019";"17:30";"1";"72";"72181";"1";"1";"1";"3";"MAC JEAN (AV) N° IMP 107 ET plus";"47,9790200";"0,2255200"
"201900032628";"23";"7";"2019";"19:40";"1";"67";"67482";"2";"1";"1";"2";"RACINE (AVENUE)";"48,5913790";"7,7073910"
"201900032629";"23";"7";"2019";"18:30";"1";"67";"67447";"2";"3";"1";"1";"ERSTEIN (RUE D )";"48,6105800";"7,7337700"
"201900032630";"23";"7";"2019";"18:20";"1";"67";"67482";"2";"1";"1";"2";"PAUL ELUARD (RUE)";"48,5904020";"7,6982030"
"201900032631";"23";"7";"2019";"15:30";"1";"67";"67482";"2";"1";"1";"5";"RHIN (AVENUE DU)";"48,5695960";"7,7804700"
"201900032632";"23";"7";"2019";"08:39";"1";"66";"66136";"2";"1";"1";"1";"R D 900";"42,6776300";"2,8577400"
"201900032633";"24";"7";"2019";"16:30";"1";"64";"64260";"2";"1";"1";"3";"BAIE DE CHINGUDY (AVENUE DE LA)";"43,3662920";" -1,7704489"
"201900032634";"24";"7";"2019";"17:10";"1";"64";"64483";"2";"1";"1";"2";"AXULAR (RUE)";"43,3868627";" -1,6564379"
"201900032635";"24";"7";"2019";"16:30";"1";"64";"64445";"2";"2";"7";"3";"JEAN MERMOZ";"43,3080000";" -0,3767000"
"201900032636";"23";"7";"2019";"15:10";"1";"64";"64445";"2";"3";"1";"7";"CORISANDE";"43,2965000";" -0,3752400"
"201900032637";"22";"7";"2019";"19:30";"1";"64";"64102";"2";"1";"1";"3";"SOULT (AVENUE MARECHAL)";"43,4870700";" -1,4854200"
"201900032638";"22";"7";"2019";"16:30";"1";"64";"64024";"2";"3";"1";"6";"EUGENE BERNAIN (AVENUE)";"43,4834200";" -1,5110100"
"201900032639";"24";"7";"2019";"18:20";"1";"59";"59426";"2";"1";"1";"2";"VERTUQUET (RUE DU)";"50,7491000";"3,1699100"
"201900032640";"24";"7";"2019";"01:30";"5";"50";"50502";"2";"1";"1";"6";"CARENTAN";"49,1196100";" -1,0959900"
"201900032641";"24";"7";"2019";"15:40";"1";"45";"45302";"2";"1";"1";"6";"RUE LOUIS CHEVALLIER";"47,9338313";"1,8925358"
"201900032642";"24";"7";"2019";"14:45";"1";"45";"45147";"2";"3";"1";"3";"AV DES COSMONAUTES - R CONDORCET";"47,9281000";"1,9243000"
"201900032643";"28";"6";"2019";"16:30";"1";"44";"44109";"2";"1";"1";"6";"BOULEVARD GABRIEL LAURIOL";"47,2367300";" -1,5634900"
"201900032644";"23";"7";"2019";"13:40";"1";"44";"44132";"2";"9";"1";"6";"BONNE SOURCE (AVENUE DE)";"47,2491600";" -2,3260600"
"201900032645";"24";"7";"2019";"21:10";"1";"37";"37261";"2";"1";"1";"6";"BOSC (RUE DU DOCTEUR)";"47,3822200";"0,6978300"
"201900032646";"24";"7";"2019";"07:05";"1";"35";"35278";"2";"6";"1";"3";"CHESNAIS BEAUREGARD (RUE DU)";"48,1374620";" -1,6864830"
"201900032647";"22";"7";"2019";"10:35";"1";"35";"35115";"2";"1";"1";"6";"SEVIGNE (RUE DE)";"48,3481760";" -1,1937610"
"201900032648";"23";"7";"2019";"11:10";"1";"34";"34172";"2";"9";"1";"4";"RIMBAUD (RUE PAUL)";"43,6191700";"3,8482300"
"201900032649";"24";"7";"2019";"07:40";"1";"34";"34003";"1";"1";"1";"3";"SETE ( ROUTE)";"43,3106600";"3,5185200"
"201900032650";"24";"7";"2019";"20:00";"1";"32";"32013";"1";"1";"7";"1";"ROQUELAURE (CHEMIN DE)";"43,6874800";"0,5960200"
"201900032651";"24";"7";"2019";"09:05";"1";"31";"31555";"1";"1";"1";"2";"VA007306 A64";"43,5628900";"1,4181300"
"201900032652";"23";"7";"2019";"21:00";"1";"31";"31149";"2";"6";"1";"6";"RD PT DE LA FORET ";"43,6230200";"1,3057400"
"201900032653";"24";"7";"2019";"19:05";"1";"31";"31483";"2";"9";"1";"7";"BARRAGE (CHEMIN DU )";"43,1063500";"0,7486500"
"201900032654";"24";"7";"2019";"16:55";"1";"30";"30243";"1";"3";"1";"3";"DE GAULLE (AVENUE)";"44,0848800";"4,0770900"
"201900032655";"24";"7";"2019";"08:45";"1";"29";"29232";"1";"1";"1";"2";"TY BOS AVENUE DE";"47,9697000";" -4,0635000"
"201900032656";"24";"7";"2019";"19:30";"1";"26";"26281";"2";"3";"1";"3";"FIGUET ADOLPHE (AVENUE)";"45,0443400";"5,0634900"
"201900032657";"18";"5";"2019";"21:55";"5";"30";"30189";"2";"3";"1";"3";"FAITA VINCENT (RUE)";"43,8456900";"4,3716900"
"201900032658";"18";"5";"2019";"19:42";"1";"30";"30189";"2";"1";"8";"6";"ANCIENS COMBATTANTS D AFN";"43,8284000";"4,3773000"
"201900032659";"18";"5";"2019";"02:20";"5";"30";"30189";"2";"4";"1";"3";"MAIL (RUE)";"43,8325800";"4,3552800"
"201900032660";"17";"5";"2019";"17:05";"1";"30";"30189";"1";"1";"2";"5";"CANAUX (CHEMIN)";"43,7767000";"4,3379000"
"201900032661";"15";"5";"2019";"20:00";"1";"30";"30189";"2";"2";"1";"5";"PUCCINI (RUE)";"43,8239200";"4,3388430"
"201900032662";"16";"5";"2019";"11:20";"1";"30";"30189";"2";"1";"1";"6";"BOEGNER PASTEUR MARC (BOULEVARD)";"43,8227000";"4,3287000"
"201900032663";"15";"5";"2019";"00:20";"5";"30";"30189";"2";"3";"1";"3";"SAUVE (ROUTE)";"43,8371290";"4,3404140"
"201900032664";"10";"5";"2019";"17:27";"1";"30";"30189";"2";"1";"1";"5";"SCHUMAN ROBERT (RUE OU IMPASSE)";"43,8407100";"4,3870200"
"201900032665";"7";"5";"2019";"09:00";"1";"30";"30189";"2";"3";"1";"6";"SAUVE (RUE)";"43,8373800";"4,3469600"
"201900032666";"4";"5";"2019";"20:35";"2";"30";"30189";"2";"2";"1";"3";"KENNEDY (AVENUE)";"43,8262600";"4,3325000"
"201900032667";"2";"5";"2019";"16:45";"1";"30";"30189";"2";"2";"1";"3";"BROSSOLETTE PIERRE (RUE)";"43,8428800";"4,3895300"
"201900032668";"29";"4";"2019";"09:40";"1";"30";"30189";"2";"1";"1";"6";"JAURES JEAN (BOULEVARD)";"43,8362300";"4,3502500"
"201900032669";"22";"5";"2019";"17:30";"1";"30";"30028";"2";"1";"1";"6";"HUIT MAI (RUE DU)";"44,1554600";"4,6122600"
"201900032670";"19";"5";"2019";"00:30";"5";"30";"30028";"2";"1";"2";"1";"ALPHONSE DAUDET (AVENUE)";"44,1480400";"4,6120800"
"201900032671";"29";"4";"2019";"11:45";"1";"30";"30028";"2";"3";"1";"3";"JARDINS DU SOUVENIR (RUE DES)";"44,1624370";"4,6259550"
"201900032672";"28";"5";"2019";"09:10";"1";"30";"30007";"2";"1";"1";"6";"DE GAULLE (AVE DU GENERAL)";"44,1275900";"4,0837000"
"201900032673";"16";"5";"2019";"09:10";"1";"30";"30007";"2";"1";"1";"6";"D'INDY (AVE VINCENT)";"44,1356700";"4,1007000"
"201900032674";"27";"5";"2019";"19:50";"1";"29";"29232";"2";"1";"1";"7";"LE GUENNEC LOUIS BOULEVARD";"47,9859290";" -4,1121945"
"201900032675";"19";"5";"2019";"11:55";"1";"29";"29232";"1";"1";"1";"5";"BENODET ROUTE DE";"47,9397068";" -4,0711050"
"201900032676";"15";"5";"2019";"00:35";"5";"29";"29232";"1";"9";"1";"7";"FLANDRES DUNKERQUE 1940 BOULEVARD";"47,9801000";" -4,0806000"
"201900032677";"3";"5";"2019";"20:44";"1";"29";"29232";"2";"2";"1";"6";"JACOB MAX PONT";"47,9936200";" -4,1063900"
"201900032678";"29";"4";"2019";"18:10";"1";"29";"29232";"1";"1";"1";"4";"BENODET ROUTE DE";"47,9673098";" -4,0844025"
"201900032679";"29";"4";"2019";"10:41";"1";"29";"29232";"2";"6";"1";"3";"LE GUENNEC LOUIS BOULEVARD";"47,9792553";" -4,0955079"
"201900032680";"27";"5";"2019";"18:50";"1";"29";"29039";"1";"1";"1";"1";"KERGUERES (Route de)";"47,8988100";" -3,9397000"
"201900032681";"18";"5";"2019";"01:55";"4";"29";"29039";"2";"6";"1";"7";"maison blanche (rond point)";"47,8883910";" -3,9187860"
"201900032682";"15";"5";"2019";"18:05";"1";"29";"29039";"2";"1";"1";"2";"LE LAY ( AVENUE ALAIN )";"47,8761000";" -3,9165200"
"201900032683";"8";"5";"2019";"14:35";"1";"29";"29039";"2";"3";"1";"3";"GUILLOU ( BOULEVARD ALFRED )";"47,8752741";" -3,9287847"
"201900032684";"25";"5";"2019";"10:00";"1";"29";"29019";"2";"1";"1";"3";"LYON (DE 1 A 33 ET 2 A 28)";"48,3883650";" -4,4880908"
"201900032685";"24";"5";"2019";"15:39";"1";"29";"29019";"2";"6";"1";"2";"DUQUESNE (DE 8 ET 13 A 23)";"48,3913957";" -4,4881184"
"201900032686";"11";"5";"2019";"18:30";"1";"29";"29019";"2";"1";"1";"7";"LAMOTTE PICQUET (DE 1 A 11 ET 2 A 12)";"48,3938000";" -4,4947000"
"201900032687";"21";"5";"2019";"09:05";"1";"29";"29019";"2";"1";"1";"2";"DESFOSSES ROMAIN (AMIRAL)  (DE 1 A47 ET";"48,4275869";" -4,4686353"
"201900032688";"20";"5";"2019";"18:05";"1";"29";"29019";"2";"1";"1";"3";"DOURJACQ";"48,4088387";" -4,4673572"
"201900032689";"20";"5";"2019";"16:45";"1";"29";"29019";"2";"1";"1";"6";"DELESSERT BENJAMIN";"48,3864400";" -4,4858200"
"201900032690";"14";"5";"2019";"08:25";"1";"29";"29019";"2";"1";"1";"2";"ROND POINT DE KERESSEIS";"48,3953550";" -4,5382650"
"201900032691";"13";"5";"2019";"16:55";"1";"29";"29019";"2";"1";"1";"6";"CHOISEUL";"48,4067244";" -4,4780497"
"201900032692";"22";"4";"2019";"22:40";"5";"29";"29019";"2";"6";"1";"3";"RAMPE D'ACCES AU PORT";"48,3829364";" -4,4878560"
"201900032693";"12";"5";"2019";"17:10";"1";"29";"29019";"2";"1";"1";"6";"MONTAIGNE (DE 39 A 111 ET 32 A 96)";"48,4020900";" -4,4827000"
"201900032694";"3";"5";"2019";"10:45";"1";"29";"29019";"2";"6";"1";"6";"PRIGENT TANGUY";"48,3907820";" -4,5378950"
"201900032695";"2";"5";"2019";"11:00";"1";"29";"29019";"2";"2";"1";"3";"GOURAUD GENERAL";"48,3993897";" -4,5120075"
"201900032696";"23";"5";"2019";"23:10";"3";"27";"27375";"1";"1";"2";"2";"PARIS (ROUTE DE)";"49,2023200";"1,2009100"
"201900032697";"14";"5";"2019";"12:00";"1";"27";"27375";"2";"3";"1";"3";"FERRY (BOULEVARD JULES)";"49,2133000";"1,1644200"
"201900032698";"28";"4";"2019";"10:20";"1";"27";"27375";"2";"1";"2";"1";"DUNANT (AVENUE HENRI)";"49,2046100";"1,1678100"
"201900032699";"25";"5";"2019";"19:05";"1";"27";"27229";"2";"1";"1";"3";"ROUSSEAU (RUE JEAN JACQUES)";"49,0066600";"1,1576600"
"201900032700";"16";"5";"2019";"12:25";"1";"26";"26058";"2";"1";"1";"2";"LYON AVENUE DE";"44,9500600";"4,8920600"
"201900032701";"14";"5";"2019";"11:30";"1";"26";"26362";"2";"3";"1";"6";"FAVENTINES RUE";"44,9228377";"4,9058575"
"201900032702";"1";"5";"2019";"17:39";"1";"26";"26362";"2";"1";"1";"7";"ROMANS AVENUE DE (301)";"44,9348400";"4,9078700"
"201900032703";"30";"4";"2019";"08:00";"1";"26";"26362";"1";"3";"1";"2";"FAUCONNIERES ROUTE DE";"44,9468000";"4,9548200"
"201900032704";"17";"5";"2019";"14:40";"1";"26";"26057";"2";"1";"8";"1";"VALLON ANTONIN (RUE)";"45,0397200";"5,0615300"
"201900032705";"10";"4";"2019";"07:30";"1";"26";"26198";"2";"1";"1";"2";"ESPOULETTE (Avenue d')";"44,5531000";"4,7624000"
"201900032706";"28";"5";"2019";"23:30";"3";"26";"26198";"1";"1";"1";"2";"pont";"44,5533700";"4,7308200"
"201900032707";"24";"5";"2019";"22:40";"5";"26";"26198";"1";"1";"1";"3";"GOURNIER (Avenue de)";"44,5332700";"4,7350000"
"201900032708";"9";"5";"2019";"17:50";"1";"26";"26198";"2";"1";"1";"6";"DE GAULLE (Boulevard Général)";"44,5562300";"4,7485300"
"201900032709";"26";"5";"2019";"15:55";"1";"25";"25462";"2";"3";"1";"3";"RD 47 - PR 25+0 - Rue des LAVAUX (DU 0 AU 25)";"46,9058800";"6,3588800"
"201900032710";"15";"5";"2019";"18:25";"1";"25";"25462";"2";"1";"1";"1";"CHARDONNET (COMTE DE)";"46,9112800";"6,3529400"
"201900032711";"13";"5";"2019";"08:45";"1";"25";"25204";"2";"1";"1";"4";"Grande rue";"46,9278100";"6,3495100"
"201900032712";"7";"5";"2019";"17:50";"1";"25";"25462";"2";"1";"1";"3";"NEUCHATEL (AVENUE DE)";"46,8994700";"6,3616400"
"201900032713";"4";"5";"2019";"11:46";"1";"25";"25462";"2";"1";"8";"6";"SALINS DE (DU 0 AU 15)";"46,9057500";"6,3497800"
"201900032714";"23";"5";"2019";"14:00";"1";"25";"25056";"2";"1";"1";"3";"TARRAGNOZ FAUBOURG";"47,2251700";"6,0318800"
"201900032715";"21";"5";"2019";"18:55";"1";"25";"25056";"2";"1";"1";"2";"MARIE LOUISE RUE";"47,2510800";"6,0305200"
"201900032716";"21";"5";"2019";"23:40";"5";"25";"25056";"2";"1";"1";"1";"ORME DE CHAMARS RUE DE L'";"47,2368900";"6,0221000"
"201900032717";"20";"5";"2019";"23:13";"5";"25";"25056";"2";"2";"8";"3";"CHURCHILL BD WINSTON (sup19)";"47,2463400";"5,9980800"
"201900032718";"17";"5";"2019";"14:51";"1";"25";"25056";"2";"1";"1";"2";"GAULARD AVENUE (inf 14)";"47,2369370";"6,0326740"
"201900032719";"13";"5";"2019";"13:00";"1";"25";"25056";"2";"9";"1";"2";"OUEST BOULEVARD";"47,2261000";"5,9793000"
"201900032720";"11";"5";"2019";"19:53";"1";"25";"25056";"2";"1";"3";"1";"DOLE RUE DE (sup 200)";"47,2263850";"5,9778390"
"201900032721";"14";"5";"2019";"17:45";"1";"24";"24557";"2";"1";"1";"5";"GRANDOU (AVENUE MICHEL)";"45,1889700";"0,7542400"
"201900032722";"23";"5";"2019";"12:10";"1";"22";"22360";"2";"1";"1";"6";"MARCEL RAULT";"48,4890500";" -2,7380600"
"201900032723";"23";"5";"2019";"23:25";"5";"22";"22360";"1";"6";"1";"6";"CROIX DENIS (RUE DE LA)";"48,4613726";" -2,7839742"
"201900032724";"19";"5";"2019";"18:55";"1";"22";"22278";"2";"1";"1";"6";"LAENNEC (BD)";"48,5114078";" -2,7746552"
"201900032725";"17";"5";"2019";"13:42";"1";"22";"22187";"2";"1";"1";"2";"LEQUIER (Rue Jules)";"48,5420800";" -2,7782300"
"201900032726";"12";"5";"2019";"02:50";"4";"22";"22278";"2";"1";"1";"6";"RESISTANCE (PL. DE LA)";"48,5137400";" -2,7616490"
"201900032727";"17";"5";"2019";"03:10";"3";"22";"22360";"1";"1";"1";"2";"RD 222";"48,4750892";" -2,7386684"
"201900032728";"15";"5";"2019";"19:55";"1";"22";"22278";"1";"1";"1";"7";"NOGUES (MAURICE)";"48,5181100";" -2,8099300"
"201900032729";"11";"5";"2019";"15:20";"1";"22";"22278";"2";"1";"1";"2";"GOUET (VIEILLE COTE DE)";"48,5222950";" -2,7644860"
"201900032730";"10";"5";"2019";"11:00";"1";"22";"22106";"2";"1";"1";"6";"RUE VIVIANE";"48,4988080";" -2,7318300"
"201900032731";"2";"5";"2019";"10:50";"1";"22";"22278";"2";"1";"1";"6";"ROHAN (DE)";"48,5136600";" -2,7626500"
"201900032732";"29";"4";"2019";"18:30";"1";"22";"22278";"2";"2";"1";"6";"RAHUEL (DOCTEUR)";"48,5057118";" -2,7451949"
"201900032733";"14";"5";"2019";"09:30";"1";"22";"22113";"2";"3";"1";"2";"FORLAC'H (BOULEVARD DU)";"48,7319800";" -3,4513400"
"201900032734";"14";"5";"2019";"10:50";"1";"22";"22113";"2";"1";"1";"3";"TREGASTEL (ROUTE DE)";"48,7630090";" -3,4726179"
"201900032735";"10";"5";"2019";"12:10";"1";"22";"22113";"2";"1";"1";"3";"FORLAC'H (BOULEVARD DU)";"48,7328250";" -3,4501430"
"201900032736";"3";"5";"2019";"17:25";"1";"22";"22113";"2";"1";"1";"7";"TREGUIER (ROUTE DE)";"48,7378856";" -3,4324089"
"201900032737";"23";"4";"2019";"08:50";"1";"22";"22113";"2";"3";"1";"3";"RESISTANCE (AVENUE DE LA)";"48,7505800";" -3,4602600"
"201900032738";"29";"4";"2019";"18:05";"1";"22";"22113";"2";"2";"1";"5";"MENDES FRANCE (BOULEVARD)";"48,7304600";" -3,4687700"
"201900032739";"27";"5";"2019";"17:58";"1";"21";"21231";"2";"1";"1";"2";"OUEST (DE L') (BOULEVARD)";"47,3224900";"5,0183100"
"201900032740";"27";"5";"2019";"13:05";"1";"21";"21231";"2";"2";"1";"3";"VICTOR HUGO (AVENUE)";"47,3309900";"5,0222700"
"201900032741";"26";"5";"2019";"20:50";"2";"21";"21231";"2";"3";"1";"6";"GUSTAVE EIFFEL (AVENUE)";"47,3152900";"5,0236600"
"201900032742";"24";"5";"2019";"10:34";"1";"21";"21231";"2";"7";"1";"6";"DIDEROT (RUE)";"47,3240030";"5,0468510"
"201900032743";"21";"5";"2019";"20:25";"1";"21";"21231";"2";"2";"1";"3";"CHAMPOLLION (AVENUE)";"47,3353700";"5,0646000"
"201900032744";"18";"5";"2019";"19:00";"1";"21";"21231";"2";"1";"1";"2";"AUXONNE (D') (RUE)";"47,3105200";"5,0537900"
"201900032745";"19";"5";"2019";"22:42";"5";"21";"21231";"2";"3";"1";"3";"GABRIEL (BOULEVARD)";"47,3105200";"5,0644000"
"201900032746";"16";"5";"2019";"13:25";"1";"21";"21231";"2";"1";"1";"5";"PARC (DU) (COURS)";"47,3031300";"5,0485300"
"201900032747";"15";"5";"2019";"19:25";"1";"21";"21231";"1";"1";"1";"2";"GEORGES POMPIDOU (VOIE)";"47,3000400";"5,0730800"
"201900032748";"14";"5";"2019";"18:15";"1";"21";"21231";"2";"1";"1";"2";"CARNOT (BOULEVARD)";"47,3208000";"5,0507900"
"201900032749";"6";"5";"2019";"14:55";"1";"19";"19275";"2";"1";"1";"3";"MONTUPET (CHEMIN DE)";"45,5662985";"2,3063873"
"201900032750";"9";"5";"2019";"22:00";"3";"19";"19272";"1";"1";"2";"6";"D 167 ";"45,2678100";"1,7706900"
"201900032751";"28";"5";"2019";"17:15";"1";"19";"19031";"2";"1";"2";"6";"COMBE (BOULEVARD ROGER)";"45,1667000";"1,4954100"
"201900032752";"27";"5";"2019";"12:20";"1";"19";"19031";"2";"1";"1";"3";"BOURLIAGUET (RUE LEONCE)";"45,1451900";"1,4980700"
"201900032753";"24";"5";"2019";"16:30";"1";"19";"19031";"2";"1";"3";"6";"HUGO (AVENUE VICTOR)";"45,1602100";"1,5305800"
"201900032754";"23";"5";"2019";"08:10";"1";"19";"19031";"2";"2";"1";"3";"CLEMENCEAU (BOULEVARD)";"45,1541400";"1,5298200"
"201900032755";"21";"5";"2019";"16:45";"1";"19";"19031";"2";"1";"3";"4";"RIBOT (AVENUE)";"45,1648800";"1,5172600"
"201900032756";"21";"5";"2019";"18:10";"1";"19";"19031";"2";"1";"2";"3";"ALIBERT (RUE FERNAND)";"45,1613401";"1,5286244"
"201900032757";"14";"5";"2019";"17:10";"1";"19";"19031";"2";"1";"1";"3";"KENNEDY (AVENUE JOHN)";"45,1676672";"1,5517145"
"201900032758";"10";"5";"2019";"17:55";"1";"19";"19031";"2";"3";"2";"3";"LACHAUD (RUE LEOPOLD)";"45,1526100";"1,5340000"
"201900032759";"26";"5";"2019";"10:30";"1";"18";"18033";"2";"1";"1";"6";"QUATORZE JUILLET (PLACE DU)";"47,1244500";"2,4044900"
"201900032760";"7";"5";"2019";"18:40";"1";"18";"18033";"2";"1";"1";"3";"AURON (BOULEVARD D')";"47,0792200";"2,3910200"
"201900032761";"16";"4";"2019";"19:52";"1";"18";"18033";"2";"1";"1";"3";"INDUSTRIE (BOULEVARD DE L')";"47,0724200";"2,3969600"
"201900032762";"21";"5";"2019";"18:50";"1";"17";"17415";"2";"1";"9";"6";"GENET ROCADE A COTE DE BEAUTE COURS";"45,7491360";" -0,6634700"
"201900032763";"26";"4";"2019";"17:55";"1";"17";"17306";"2";"1";"1";"6";"BAILLET (BD COLONEL ROBERT)";"45,6316020";" -1,0359040"
"201900032764";"30";"4";"2019";"19:30";"1";"17";"17380";"2";"1";"1";"2";"VERDUN (74 AVENUE DE)";"45,6586340";" -1,0758270"
"201900032765";"13";"5";"2019";"18:35";"1";"17";"17306";"2";"1";"1";"6";"ROCHEFORT (DE)  (AVENUE)";"45,6358980";" -1,0261980"
"201900032766";"29";"5";"2019";"20:15";"1";"17";"17291";"2";"1";"1";"6";"OISEAUX   RUE DES";"46,1833800";" -1,1192900"