"Num_Acc";"jour";"mois";"an";"hrmn";"lum";"dep";"com";"agg";"int";"atm";"col";"adr";"lat";"long"
"201900032767";"28";"5";"2019";"09:20";"1";"17";"17300";"2";"1";"1";"6";"SCHWEITZER   RUE DU DOCTEUR ALB";"46,1582300";" -1,1438700"
"201900032768";"28";"5";"2019";"00:25";"3";"17";"17300";"2";"1";"1";"6";"avenue 123e Régiment d'infanterie";"46,1528740";" -1,1491180"
"201900032769";"25";"5";"2019";"19:15";"1";"17";"17300";"2";"2";"1";"2";"SARTRE   AVENUE JEAN-PAUL";"46,1562100";" -1,1307500"
"201900032770";"25";"5";"2019";"18:20";"1";"17";"17300";"2";"3";"1";"3";"SAINT-CLAUDE   RUE DU REMPART";"46,1583600";" -1,1455800"
"201900032771";"25";"5";"2019";"06:05";"2";"17";"17300";"2";"1";"1";"6";"SAUTEL  BOULEVARD ANDRE";"46,1666600";" -1,1365900"
"201900032772";"22";"5";"2019";"21:35";"1";"17";"17300";"2";"1";"1";"6";"VIELJEUX   RUE LEONCE";"46,1579100";" -1,1555800"
"201900032773";"22";"5";"2019";"17:00";"1";"17";"17300";"2";"2";"1";"3";"JOFFRE   BOULEVARD (27-77 et 2-1)";"46,1579000";" -1,1423200"
"201900032774";"21";"5";"2019";"12:20";"1";"17";"17291";"1";"1";"1";"3";"JUIN 18  RUE";"46,1761900";" -1,1114800"
"201900032775";"16";"5";"2019";"17:25";"1";"17";"17300";"2";"1";"1";"3";"MONNET   AVENUE JEAN";"46,1473500";" -1,1518300"
"201900032776";"16";"5";"2019";"13:51";"1";"17";"17200";"1";"1";"1";"2";"RN 237";"46,1781500";" -1,1586200"
"201900032777";"11";"5";"2019";"11:45";"1";"17";"17300";"1";"1";"1";"6";"DEBUSSY   RUE CLAUDE";"46,1584500";" -1,1381700"
"201900032778";"9";"5";"2019";"19:10";"1";"17";"17300";"1";"1";"1";"2";"RN 137";"46,1624900";" -1,1219530"
"201900032779";"8";"5";"2019";"19:35";"1";"17";"17300";"2";"1";"1";"6";"SARTRE   AVENUE JEAN-PAUL";"46,1521700";" -1,1373300"
"201900032780";"7";"5";"2019";"18:30";"1";"17";"17300";"2";"1";"1";"2";"LECLERC   AVENUE DU GENERAL";"46,1629550";" -1,1635670"
"201900032781";"7";"5";"2019";"16:25";"1";"17";"17300";"2";"9";"1";"6";"JUIN   AVENUE DU MARECHAL";"46,1601940";" -1,1794900"
"201900032782";"2";"5";"2019";"17:12";"1";"17";"17200";"2";"1";"1";"4";"RN 237";"46,1750090";" -1,1719600"
"201900032783";"2";"5";"2019";"17:00";"1";"17";"17300";"2";"3";"1";"3";"CHAUDRIER   RUE";"46,1627600";" -1,1523900"
"201900032784";"2";"5";"2019";"08:30";"1";"17";"17300";"2";"1";"1";"3";"SAINT-LOUIS   RUE";"46,1612700";" -1,1455200"
"201900032785";"29";"4";"2019";"18:50";"1";"17";"17028";"2";"4";"1";"2";"GARE   RUE DE LA";"46,1365100";" -1,1117200"
"201900032786";"29";"4";"2019";"09:30";"1";"17";"17300";"2";"2";"1";"3";"YSER   RUE DE L'";"46,1694310";" -1,1480540"
"201900032787";"18";"5";"2019";"07:50";"1";"17";"17299";"1";"6";"2";"3";"PREE DES CANONS ROND-POINT";"45,9234140";" -0,9692010"
"201900032788";"10";"5";"2019";"08:30";"1";"17";"17299";"2";"6";"1";"3";"VAUBAN ROND POINT";"45,9305800";" -0,9606600"
"201900032789";"9";"5";"2019";"18:18";"1";"16";"16089";"2";"1";"2";"6";"Av de Barbezieux";"45,6807594";" -0,3284845"
"201900032790";"21";"5";"2019";"13:40";"1";"15";"15014";"2";"1";"1";"6";"4 SEPTEMBRE (AVENUE DU)";"44,9229100";"2,4358000"
"201900032791";"13";"5";"2019";"17:30";"1";"14";"14220";"2";"1";"1";"2";"CORNUCHE (BOULEVARD)";"49,3614300";"0,0723800"
"201900032792";"12";"5";"2019";"19:15";"1";"14";"14701";"1";"2";"1";"3";"CD 275";"49,3110000";"0,0839300"
"201900032793";"28";"5";"2019";"16:25";"1";"14";"14366";"2";"1";"1";"6";"PARIS (RUE DE)";"49,1457800";"0,2419900"
"201900032794";"18";"5";"2019";"11:05";"1";"14";"14366";"2";"6";"2";"6";"SIX JUIN (AVENUE DU)";"49,1437800";"0,2199400"
"201900032795";"30";"4";"2019";"18:39";"1";"14";"14333";"2";"1";"1";"6";"SEINE (QUAI EN )";"49,4279600";"0,2542600"
"201900032796";"5";"5";"2019";"16:20";"1";"14";"14117";"2";"1";"1";"6";"MICHEL D'ORNANO (AVENUE)";"49,2766800";" -0,1187700"
"201900032797";"29";"5";"2019";"17:00";"1";"14";"14101";"1";"1";"1";"6";"RN 814";"49,1028000";" -0,2546000"
"201900032798";"28";"5";"2019";"17:30";"1";"14";"14118";"2";"3";"1";"1";"COTONNIERE (RUE DE LA)";"49,1989900";" -0,3988300"
"201900032799";"27";"5";"2019";"18:35";"1";"14";"14118";"2";"1";"1";"3";"VENDEUVRE (QUAI)";"49,1830300";" -0,3557900"
"201900032800";"27";"5";"2019";"09:35";"1";"14";"14118";"2";"3";"1";"3";"JUIN (BOULEVARD MARECHAL)";"49,2100200";" -0,3672800"
"201900032801";"23";"5";"2019";"09:00";"1";"14";"14118";"2";"9";"1";"3";"LOUVIGNY (ROUTE DE)";"49,1683400";" -0,3686300"
"201900032802";"18";"5";"2019";"16:30";"1";"14";"14118";"2";"1";"1";"3";"COTY (AVENUE DU PRESIDENT)";"49,1912000";" -0,3974000"
"201900032803";"16";"5";"2019";"17:20";"1";"14";"14118";"2";"1";"2";"3";"SMITH (RUE HORATIO)";"49,2001200";" -0,3644800"
"201900032804";"14";"5";"2019";"14:07";"1";"14";"14118";"2";"1";"1";"6";"CAREL (RUE DU)";"49,1798100";" -0,3754500"
"201900032805";"13";"5";"2019";"18:00";"1";"14";"14181";"2";"1";"1";"4";"ROUTE NATIONALE 814";"49,1510000";"0,3171000"
"201900032806";"13";"5";"2019";"15:25";"1";"14";"14118";"2";"1";"1";"6";"MORICE (AVENUE PROFESSEUR)";"49,2043400";" -0,3599000"
"201900032807";"13";"5";"2019";"12:25";"1";"14";"14327";"1";"1";"1";"3";"COLOMBELLES CD226 (ROUTE DE)";"49,2078000";" -0,3175000"
"201900032808";"13";"5";"2019";"08:50";"1";"14";"14118";"2";"1";"8";"3";"FALAISE (RUE DE -144)";"49,2029000";" -0,3585600"
"201900032809";"7";"5";"2019";"08:30";"1";"14";"14118";"2";"2";"8";"3";"FALAISE (RUE DE -144)";"49,1633100";" -0,3490100"
"201900032810";"4";"5";"2019";"13:50";"1";"14";"14118";"2";"3";"8";"3";"VENDEUVRE (QUAI)";"49,1425800";" -0,3545300"
"201900032811";"4";"5";"2019";"13:45";"1";"14";"14327";"1";"1";"1";"7";"GRAND PARC (BOULEVARD DU)";"49,1962243";" -0,3371246"
"201900032812";"30";"4";"2019";"16:18";"1";"14";"14118";"2";"3";"1";"3";"CUSSY (RUE DE)";"49,1889000";" -0,3889000"
"201900032813";"30";"4";"2019";"09:50";"1";"14";"14118";"2";"1";"1";"6";"VAUCELLES (RUE DE)";"49,1767200";" -0,3546600"
"201900032814";"26";"5";"2019";"17:50";"1";"13";"13043";"1";"1";"1";"6";"MEDITERRANEE (AV DE LA )";"43,3838300";"5,2048950"
"201900032815";"26";"5";"2019";"12:00";"1";"13";"13102";"2";"3";"1";"3";"ROBERT FERRISSE (BD )";"43,4188840";"5,2441540"
"201900032816";"14";"5";"2019";"17:10";"1";"13";"13071";"1";"1";"1";"3";"CD 6";"43,4100000";"5,3400000"
"201900032817";"11";"5";"2019";"22:30";"3";"13";"13054";"2";"1";"1";"6";"MAURICE NOGUES (BD )";"43,4174400";"5,2196600"
"201900032818";"2";"5";"2019";"10:30";"1";"13";"13117";"2";"2";"1";"6";"MONTICELLI ( RUE ADOLPHE)";"43,4441100";"5,2517800"
"201900032819";"1";"5";"2019";"00:55";"3";"13";"13054";"1";"1";"1";"6";"FLORIDES (QRT DES )";"43,3999500";"5,2000900"
"201900032820";"30";"4";"2019";"06:30";"5";"13";"13071";"2";"4";"1";"6";"POURRANQUE ( CHEMIN DE LA )";"43,4111100";"5,3067100"
"201900032821";"29";"4";"2019";"20:40";"1";"13";"13102";"2";"1";"1";"3";"BARTHELEMY ABBADIE (BD )";"43,4199300";"5,2367200"
"201900032822";"29";"4";"2019";"13:15";"1";"13";"13071";"2";"6";"1";"2";"VELAUX (CHEMIN)";"43,4194000";"5,3455000"
"201900032823";"22";"5";"2019";"15:00";"1";"13";"13108";"1";"1";"1";"1";"RD 570 N ROUTE D ARLES";"43,7725950";"4,6938610"
"201900032824";"19";"5";"2019";"17:20";"1";"30";"30032";"1";"2";"2";"3";"BRUNETTES CHEMIN DES";"43,7611100";"4,5947100"
"201900032825";"13";"5";"2019";"09:00";"1";"30";"30032";"2";"2";"1";"6";"CONSTANTIN RUE P.";"43,8074400";"4,6422100"
"201900032826";"28";"9";"2019";"10:30";"1";"91";"91207";"2";"1";"1";"6";"Rue Molière";"48,5806530";"2,2307670"
"201900032827";"10";"11";"2019";"03:00";"5";"2A";"2A288";"2";"1";"1";"1";"Rue Principale";"41,5472120";"9,2069700"
"201900032828";"9";"11";"2019";"21:45";"5";"30";"30203";"2";"1";"1";"6";"Salze";"44,2702950";"4,0217680"
"201900032829";"1";"11";"2019";"01:45";"5";"13";"13041";"2";"6";"1";"2";"Rond-Point des Phocéens (Arrêt de bus)";"43,4553870";"5,4647280"
"201900032830";"10";"11";"2019";"09:45";"1";"89";"89099";"2";"2";"1";"3";"14 Rue Paul Bert";"47,9547163";"3,5344503"
"201900032831";"9";"11";"2019";"21:10";"3";"21";"21535";"1";"6";"1";"7";"D28";"47,3653290";"5,0737220"
"201900032832";"10";"11";"2019";"18:35";"3";"55";"55101";"1";"2";"1";"3";"carrefour RD35/RD2";"48,8187410";"5,1124530"
"201900032833";"10";"11";"2019";"05:30";"3";"54";"54335";"1";"1";"1";"7";"4 Rue Saint Martin";"48,6433800";"6,4310310"
"201900032834";"10";"11";"2019";"05:00";"4";"38";"38475";"2";"1";"2";"6";"D75";"45,6651230";"5,1387480"
"201900032835";"9";"11";"2019";"22:37";"3";"38";"38528";"1";"1";"1";"1";"Route de Grenoble";"45,0970500";"5,7849400"
"201900032836";"9";"11";"2019";"11:40";"1";"1";"01049";"2";"1";"1";"2";"Route Nationale";"45,8413060";"5,0222340"
"201900032837";"8";"11";"2019";"16:15";"1";"69";"69295";"1";"1";"1";"5";"D307";"45,6108030";"4,8531200"
"201900032838";"9";"11";"2019";"23:00";"3";"69";"69220";"2";"1";"1";"1";"Chemin de Montchourier";"45,7273800";"4,4768400"
"201900032839";"9";"11";"2019";"22:50";"3";"85";"85238";"2";"2";"1";"3";"Route de Poitiers";"46,9636260";" -0,8849170"
"201900032840";"10";"11";"2019";"12:05";"1";"22";"22277";"1";"1";"1";"1";"lieu-dit le longchamp";"48,4189147";" -2,8458610"
"201900032841";"10";"11";"2019";"13:50";"1";"27";"27696";"1";"1";"1";"6";"D58";"48,9470410";"1,4958880"
"201900032842";"5";"11";"2019";"17:55";"2";"13";"13056";"1";"1";"1";"5";"A55-Sens Marseille vers Martigues";"43,4023212";"5,0426669"
"201900032843";"9";"11";"2019";"11:40";"1";"33";"33249";"1";"1";"8";"6";"RN230 éch1";"44,8844200";" -0,5130900"
"201900032844";"9";"11";"2019";"10:50";"1";"91";"91549";"1";"1";"1";"3";"RN 104";"48,6264600";"2,3516700"
"201900032845";"8";"11";"2019";"08:35";"2";"91";"91477";"1";"1";"1";"3";"AUTOROUTE A126";"48,7187800";"2,2590200"
"201900032846";"9";"11";"2019";"17:30";"3";"78";"78118";"1";"1";"1";"2";"A13";"48,9877340";"1,6607300"
"201900032847";"9";"11";"2019";"12:28";"1";"92";"92063";"1";"1";"1";"3";"A86";"48,8865716";"2,1657415"
"201900032848";"9";"11";"2019";"09:35";"1";"92";"92025";"1";"1";"1";"6";"A86";"48,9353212";"2,2602710"
"201900032849";"8";"11";"2019";"07:35";"1";"92";"92036";"1";"1";"1";"3";"RN315 Y";"48,9187224";"2,3071903"
"201900032850";"9";"11";"2019";"15:30";"1";"95";"95572";"1";"1";"1";"6";"AUTOROUTE A15";"49,0334600";"2,1110700"
"201900032851";"9";"11";"2019";"15:15";"1";"93";"93027";"1";"1";"1";"2";"AUTOROUTE A86";"48,9263500";"2,4035900"
"201900032852";"8";"11";"2019";"23:50";"3";"95";"95488";"1";"1";"1";"6";"AUTOROUTE A15";"49,0282000";"2,1283500"
"201900032853";"8";"11";"2019";"19:45";"3";"60";"60494";"1";"1";"1";"4";"AUTOROUTE A1";"49,1353600";"2,5642800"
"201900032854";"8";"11";"2019";"09:15";"1";"93";"93078";"1";"1";"1";"2";"AUTOROUTE A104";"48,9710800";"2,4984100"
"201900032855";"8";"11";"2019";"07:35";"1";"93";"93051";"1";"1";"1";"2";"A4";"48,8470011";"2,5605297"
"201900032856";"7";"11";"2019";"18:25";"3";"94";"94017";"1";"1";"1";"2";"A4";"48,8303000";"2,4988000"
"201900032857";"25";"10";"2019";"11:45";"1";"73";"73137";"2";"6";"1";"2";"D6  RICHARD JEAN BAPTISTE (RUE)";"45,5577670";"5,9103033"
"201900032858";"7";"11";"2019";"17:06";"1";"63";"63113";"2";"1";"1";"3";"BLUM (AVENUE LEON)";"45,7647600";"3,0976200"
"201900032859";"4";"11";"2019";"13:00";"1";"63";"63113";"2";"1";"1";"6";"PREVOST (RUE ABBE)";"45,7933884";"3,0842028"
"201900032860";"1";"11";"2019";"20:44";"5";"63";"63113";"2";"9";"1";"3";"CLEMENTEL (BD ETIENNE)";"45,8096700";"3,1092600"
"201900032861";"6";"11";"2019";"19:10";"3";"34";"34003";"2";"1";"1";"6";"GUIRAUDETTE (K13 A V10";"43,2950400";"3,4709900"
"201900032862";"7";"11";"2019";"12:10";"1";"13";"13206";"2";"1";"8";"3";"JULES CANTINI (AVENUE)";"43,2844700";"5,3860000"
"201900032863";"28";"6";"2019";"23:00";"5";"75";"75110";"2";"2";"1";"3";"RUE DU FAUBOURG SAINT MARTIN";"48,8736970";"2,3583160"
"201900032864";"9";"11";"2019";"02:50";"5";"988";"98818";"2";"5";"1";"2";"RUE EDOUARD GLASSER";" -22,2927200";"166,4471800"
"201900032865";"8";"11";"2019";"12:00";"1";"988";"98818";"2";"3";"1";"2";"ROUTE PROVINCIALE ROUTE DU SUD";" -22,2253900";"166,4808200"
"201900032866";"8";"11";"2019";"18:45";"3";"974";"97416";"2";"1";"1";"1";"THOREZ (CHEMIN MAURICE)";" -21,2611200";"55,4816500"
"201900032867";"8";"11";"2019";"10:00";"1";"974";"97416";"2";"1";"1";"2";"DONAT (AVENUE LUC)";" -21,3371330";"55,4590390"
"201900032868";"6";"11";"2019";"17:00";"1";"974";"97411";"2";"5";"1";"5";"HOARAU (RUE MARCEL)";" -20,9031000";"55,4920000"
"201900032869";"7";"11";"2019";"12:55";"1";"972";"97213";"2";"1";"1";"4";"NELSON MANDELA";"14,6112200";" -60,9985900"
"201900032870";"8";"11";"2019";"22:55";"5";"69";"69387";"2";"3";"1";"6";"CLAUDE BERNARD                      (QU)";"45,7487800";"4,8344100"
"201900032871";"8";"11";"2019";"13:00";"1";"91";"91471";"2";"9";"1";"1";"FAC D ORSAY";"48,7009400";"2,1732900"
"201900032872";"7";"11";"2019";"21:54";"5";"91";"91552";"2";"2";"1";"3";"CORBEIL (ROUTE DE)";"48,5935080";"2,2626740"
"201900032873";"5";"11";"2019";"13:09";"1";"87";"87113";"2";"1";"1";"6";"LIMOGES (AVENUE DE)";"45,8555100";"1,3083500"
"201900032874";"7";"11";"2019";"17:35";"1";"87";"87085";"2";"1";"1";"6";"PLATON (RUE)";"45,8366200";"1,2427700"
"201900032875";"7";"11";"2019";"06:55";"5";"87";"87085";"2";"3";"1";"3";"LANDOUGE (AVENUE DE)";"45,8369000";"1,2179300"
"201900032876";"5";"11";"2019";"20:48";"5";"87";"87114";"2";"3";"2";"3";"DE-GAULLE (AVENUE DU GENERAL-)";"45,8317000";"1,2998200"
"201900032877";"6";"11";"2019";"16:53";"1";"87";"87085";"2";"1";"2";"6";"HALEVY (RUE)";"45,8550800";"1,2598100"
"201900032878";"7";"11";"2019";"18:30";"1";"84";"84007";"2";"1";"1";"3";"SAINT MICHEL (Boulevard)";"43,9432100";"4,8125099"
"201900032879";"2";"11";"2019";"17:25";"2";"83";"83061";"2";"3";"1";"3";"AVENUE DE VALESCURE";"43,4432600";"6,7685500"
"201900032880";"16";"12";"2019";"00:25";"3";"78";"78009";"1";"1";"1";"2";"A10";"48,4610590";"1,9125490"
"201900032881";"17";"12";"2019";"08:15";"2";"45";"45123";"2";"1";"1";"1";"111 Route d'Orléans";"47,8538066";"2,0818369"
"201900032882";"16";"12";"2019";"08:30";"1";"77";"77231";"2";"1";"3";"2";"D17 - Route de Mary Prolongée";"49,0041460";"3,0155940"
"201900032883";"7";"11";"2019";"13:10";"1";"80";"80021";"2";"1";"1";"6";"SAINT QUENTIN (BOULEVARD)";"49,8793600";"2,2970200"
"201900032884";"8";"11";"2019";"09:30";"1";"78";"78646";"2";"2";"1";"6";"CHANTIERS (RUE DES)";"48,7963700";"2,1374600"
"201900032885";"16";"12";"2019";"17:25";"5";"77";"77183";"2";"1";"1";"6";"D407-Avenue de Montmirail";"48,9415000";"3,1305700"
"201900032886";"6";"11";"2019";"13:10";"1";"78";"78686";"2";"2";"1";"3";"GENERAL LECLERC (AVENUE DU)";"48,8023100";"2,1646500"
"201900032887";"17";"12";"2019";"07:40";"2";"84";"84074";"1";"1";"8";"6";"D973";"43,7551580";"5,1663710"
"201900032888";"26";"10";"2019";"08:50";"1";"78";"78498";"2";"3";"1";"6";"BRUYERE RUE DE LA";"48,9266000";"2,0520000"
"201900032889";"14";"12";"2019";"17:40";"3";"4";"04197";"1";"4";"1";"2";"RD 4096 / Vieux ch de Manosque";"43,8028210";"5,7784700"
"201900032890";"7";"11";"2019";"19:00";"5";"77";"77083";"2";"6";"2";"3";"AV.G DE  GAULLE X BRET. D199 (SORTIE)";"48,8503100";"2,5878500"
"201900032891";"15";"12";"2019";"10:20";"1";"13";"13041";"2";"6";"1";"2";"D6";"43,4592160";"5,4653740"
"201900032892";"17";"12";"2019";"17:10";"3";"55";"55122";"1";"1";"3";"3";"RD 964 PK38";"48,7771920";"5,5678370"
"201900032893";"31";"10";"2019";"07:25";"5";"77";"77407";"2";"1";"2";"6";"D607-FONTAINEBLEAU(AVENUE DE)";"48,5312800";"2,5409110"
"201900032894";"16";"12";"2019";"07:34";"2";"64";"64304";"1";"9";"1";"2";"D312";"43,4740320";" -1,3987750"
"201900032895";"7";"11";"2019";"16:10";"1";"77";"77284";"2";"1";"8";"6";"ABOUT (SQUARE EDMONT)";"48,9551000";"2,9031000"
"201900032896";"7";"11";"2019";"17:55";"5";"76";"76216";"2";"1";"1";"3";"HEBERT. RUE GEORGES";"49,4582900";"1,0533300"
"201900032897";"16";"12";"2019";"11:50";"1";"14";"14663";"2";"3";"2";"5";"Boulevard Winston Churchill";"49,2839090";" -0,6906300"
"201900032898";"7";"11";"2019";"15:30";"1";"76";"76498";"2";"1";"1";"6";"JACQUARD. RUE";"49,4300000";"1,0611000"
"201900032899";"7";"11";"2019";"13:20";"1";"76";"76322";"2";"1";"1";"3";"VERDUN. BOULEVARD DE";"49,4150700";"1,0521500"
"201900032900";"4";"11";"2019";"08:25";"1";"60";"60282";"2";"1";"1";"7";"Chemin des Aigles";"49,1859340";"2,4468880"
"201900032901";"7";"11";"2019";"07:40";"2";"76";"76540";"2";"2";"1";"3";"NEUFCHATEL. ROUTE DE";"49,4487700";"1,0995200"
"201900032902";"16";"12";"2019";"08:30";"1";"13";"13071";"1";"1";"1";"2";"A7-Sens Marseille vers Lyon";"43,4037000";"5,3107500"
"201900032903";"7";"11";"2019";"19:05";"5";"76";"76484";"1";"1";"1";"3";"ESSARTS. RUE DES";"49,3468700";"1,0507900"
"201900032904";"15";"12";"2019";"03:05";"3";"69";"69276";"1";"1";"1";"2";"BUS (RD301)   0.000 A 2.800";"45,6792000";"4,8490700"
"201900032905";"7";"11";"2019";"18:55";"5";"76";"76178";"2";"1";"1";"3";"CD 7 (VOIE NOUVELLE)";"49,3128600";"1,0553800"
"201900032906";"14";"12";"2019";"09:25";"1";"33";"33013";"1";"1";"2";"2";"RN230 échangeur 26";"44,8669100";" -0,5037700"
"201900032907";"14";"12";"2019";"17:40";"3";"59";"59009";"1";"1";"1";"4";"ROUTE NATIONALE 227";"50,6400000";"3,1400000"
"201900032908";"12";"12";"2019";"17:35";"3";"59";"59606";"1";"1";"1";"2";"AUTOROUTE A2";"50,3398430";"3,4958110"
"201900032909";"7";"11";"2019";"18:15";"5";"76";"76351";"2";"2";"1";"3";"LENINGRAD (BD DE)";"49,4960000";"0,1470300"
"201900032910";"6";"12";"2019";"20:30";"3";"59";"59491";"1";"1";"2";"6";"AUTOROUTE A23";"50,3901103";"3,4550786"
"201900032911";"16";"12";"2019";"09:40";"1";"94";"94021";"1";"1";"3";"3";"AUTOROUTE A106";"48,7611000";"2,3452000"
"201900032912";"4";"11";"2019";"17:26";"5";"73";"73065";"2";"1";"3";"6";"FAVRE (RUE)";"45,5672802";"5,9199556"
"201900032913";"3";"11";"2019";"15:45";"1";"73";"73031";"2";"6";"2";"6";"D8E  CENTRALE (RUE)";"45,5735425";"5,9463742"
"201900032914";"16";"12";"2019";"09:20";"1";"92";"92002";"1";"1";"2";"5";"AUTOROUTE A10";"48,7318724";"2,3105309"
"201900032915";"20";"10";"2019";"15:00";"1";"73";"73087";"2";"1";"8";"1";"D1006 LYON (ROUTE DE)";"45,5510334";"5,8903585"
"201900032916";"16";"12";"2019";"08:55";"4";"92";"92036";"1";"1";"1";"5";"N118";"48,8086452";"2,2119534"
"201900032917";"8";"11";"2019";"12:10";"1";"72";"72181";"2";"1";"2";"2";"BROSSOLETTE PIERRE (BD) N° PAIRS";"47,9959300";"0,2069100"
"201900032918";"15";"12";"2019";"13:00";"1";"92";"92025";"1";"1";"1";"2";"A86";"48,9274176";"2,2374030"
"201900032919";"7";"11";"2019";"09:40";"1";"72";"72003";"2";"1";"1";"6";"GAULLE CHARLES DE (AV)";"47,9737200";"0,1588000"
"201900032920";"8";"11";"2019";"14:30";"1";"71";"71306";"2";"1";"1";"3";"NOUVEAU PORT (QUAI DU)";"46,6572020";"4,3442880"
"201900032921";"14";"12";"2019";"17:05";"5";"78";"78646";"1";"1";"1";"5";"RN12 INT";"48,7834190";"2,1589080"
"201900032922";"14";"12";"2019";"11:00";"1";"92";"92050";"1";"1";"1";"4";"A86";"48,9036588";"2,2064608"
"201900032923";"16";"12";"2019";"17:30";"3";"93";"93005";"1";"1";"8";"7";"AUTOROUTE A3";"48,9312500";"2,4809600"
"201900032924";"8";"11";"2019";"15:00";"1";"69";"69290";"2";"3";"1";"4";"ARISTIDE BRIAND (D 518)             (R )";"45,6904600";"4,9367000"
"201900032925";"15";"12";"2019";"08:40";"2";"92";"92078";"1";"1";"2";"6";"AUTOROUTE A86";"48,9292033";"2,3296684"
"201900032926";"7";"11";"2019";"19:30";"5";"67";"67482";"2";"1";"1";"2";"MARECHAL JOFFRE (RUE DU)";"48,5875800";"7,7555200"
"201900032927";"8";"11";"2019";"08:15";"1";"66";"66136";"1";"1";"1";"2";"R D 900";"42,7258400";"2,8784000"
"201900032928";"14";"12";"2019";"22:05";"3";"93";"93066";"1";"1";"1";"4";"AUTOROUTE A86";"48,9221100";"2,3626800"
"201900032929";"14";"12";"2019";"20:45";"3";"93";"93078";"1";"1";"1";"6";"AUTOROUTE A104";"48,9654000";"2,5561100"
"201900032930";"14";"12";"2019";"12:30";"1";"95";"95678";"1";"1";"2";"2";"RN 184";"49,0731900";"2,2354300"
"201900032931";"16";"12";"2019";"20:15";"3";"77";"77146";"1";"1";"1";"2";"A4.Y";"48,8312600";"2,6421800"
"201900032932";"16";"12";"2019";"15:30";"1";"94";"94022";"1";"1";"2";"6";"A86 EXT";"48,7702100";"2,3918200"
"201900032933";"16";"12";"2019";"13:15";"1";"77";"77169";"1";"1";"1";"6";"RN104";"48,8212600";"2,6152700"
"201900032934";"8";"11";"2019";"20:20";"5";"64";"64445";"2";"1";"2";"6";"RESISTANCE";"43,3025000";" -0,3752800"
"201900032935";"7";"1";"2019";"16:30";"1";"73";"73329";"1";"1";"1";"3";"D1201";"45,6184216";"5,8850784"
"201900032936";"4";"11";"2019";"17:25";"5";"62";"62643";"2";"1";"3";"6";"LIBERTE ( Bld de la )";"50,7096100";"1,5887500"
"201900032937";"8";"11";"2019";"08:10";"1";"60";"60057";"2";"1";"1";"6";"ASSAUT (BOULEVARD DE L') - IMPAIR -";"49,4349900";"2,0881200"
"201900032938";"14";"12";"2019";"17:50";"1";"988";"98818";"2";"3";"1";"3";"RUE A. BENEBIG/RUE CHARLEROI";" -22,2700900";"166,4540300"
"201900032939";"8";"11";"2019";"09:15";"1";"59";"59328";"2";"3";"1";"6";"HIPPODROME AV DE L N°134 AU 240";"50,6420000";"3,0307000"
"201900032940";"2";"11";"2019";"15:45";"1";"59";"59648";"2";"3";"8";"6";"HAUBOURDIN RUE D";"50,5994800";"3,0558300"
"201900032941";"15";"12";"2019";"08:30";"1";"972";"97209";"2";"6";"1";"3";"ROND POINT DU VIET-NAM-HEROIQUE (ECHANGE";"14,6114800";" -61,0785300"
"201900032942";"8";"11";"2019";"10:05";"1";"59";"59122";"2";"3";"8";"6";"COMTE D'ARTOIS (RUE DU)";"50,1815700";"3,2222600"
"201900032943";"15";"12";"2019";"06:40";"2";"972";"97209";"1";"9";"2";"6";"AVE CAMILLE DARSIERES";"14,6024400";" -61,0569700"
"201900032944";"15";"12";"2019";"04:00";"5";"69";"69202";"2";"1";"2";"6";"VALIOUD                             (AV)";"45,7364700";"4,8049900"
"201900032945";"8";"11";"2019";"18:20";"2";"54";"54304";"2";"5";"1";"3";"av de la liberation";"48,6949040";"6,1381230"
"201900032946";"15";"12";"2019";"10:15";"1";"2B";"2B033";"2";"1";"1";"6";"ROUTE ROYALE";"42,6764100";"9,4359900"
"201900032947";"8";"11";"2019";"18:20";"5";"51";"51454";"2";"1";"1";"7";"ROUTE DE CERNAY";"49,2579500";"4,0554900"
"201900032948";"8";"11";"2019";"15:05";"1";"51";"51454";"2";"1";"1";"2";"AVENUE JEAN JAURES";"49,2584337";"4,0421611"
"201900032949";"15";"12";"2019";"01:55";"5";"2B";"2B033";"2";"2";"1";"6";"GRAZIANI - BLD";"42,7036268";"9,4511691"
"201900032950";"11";"12";"2019";"21:38";"5";"95";"95219";"2";"9";"2";"3";"STAND (RUE DU)";"48,9978700";"2,2475000"
"201900032951";"15";"12";"2019";"18:00";"4";"82";"82121";"2";"4";"1";"3";"11EME REGIMENT D'INFANTERIE (AVENUE DU)";"44,0275600";"1,3580200"
"201900032952";"8";"11";"2019";"14:10";"1";"51";"51453";"1";"1";"1";"6";"RN 44";"49,0142440";"4,3288958"
"201900032953";"15";"12";"2019";"16:00";"2";"81";"81065";"2";"1";"2";"6";"place Pierre Fabre";"43,6088400";"2,2393700"
"201900032954";"7";"11";"2019";"13:58";"1";"49";"49007";"2";"1";"1";"7";"MUSSES CHEMIN";"47,4565900";" -0,5704000"
"201900032955";"15";"12";"2019";"17:05";"1";"78";"78586";"2";"1";"1";"6";"REPUBLIQUE (AVENUE) N° IMPAIR";"48,9370900";"2,1557900"
"201900032956";"7";"11";"2019";"18:40";"2";"49";"49267";"2";"1";"2";"1";"BOUVINERIE";"47,4819100";" -0,4915700"
"201900032957";"7";"11";"2019";"20:30";"4";"49";"49007";"2";"1";"2";"3";"MAINE";"47,4757900";" -0,5491800"
"201900032958";"12";"12";"2019";"17:45";"5";"78";"78269";"2";"1";"3";"6";"ORPHIN (RUE D')";"48,6202550";"1,8193560"