"Num_Acc";"jour";"mois";"an";"hrmn";"lum";"dep";"com";"agg";"int";"atm";"col";"adr";"lat";"long"
"201900032959";"7";"11";"2019";"11:45";"1";"49";"49007";"2";"1";"1";"6";"BEAUSSIER BOULEVARD";"47,4758500";" -0,5994700"
"201900032960";"15";"12";"2019";"14:45";"1";"69";"69282";"2";"4";"1";"6";"REPUBLIQUE (DE)                     (R )";"45,7706600";"4,9854100"
"201900032961";"7";"11";"2019";"15:30";"1";"47";"47027";"1";"1";"2";"6";"RAMOUNOT (lieu-dit)";"44,4027200";"0,6656600"
"201900032962";"15";"12";"2019";"11:15";"1";"69";"69266";"2";"2";"1";"5";"ROGER SALENGRO     (Avenue)";"45,7818700";"4,8873800"
"201900032963";"15";"12";"2019";"21:40";"3";"65";"65100";"1";"1";"1";"6";"TOULOUSE LAUTREC (AVENUE)";"43,2686300";"0,0283530"
"201900032964";"4";"11";"2019";"19:50";"5";"44";"44109";"2";"2";"9";"3";"BOULEVARD DE LONGCHAMP / RUE CHANTECLERC";"47,2358500";" -1,5811500"
"201900032965";"15";"12";"2019";"15:53";"1";"65";"65226";"1";"1";"1";"3";"DEPARTEMENTALE 64 (ROUTE)";"43,2421500";"0,0208300"
"201900032966";"7";"11";"2019";"18:10";"5";"41";"41018";"2";"3";"1";"1";"DUGAY-TROUIN (RUE)  N° IMPAIRS";"47,5953800";"1,3011900"
"201900032967";"15";"12";"2019";"00:10";"5";"59";"59279";"2";"3";"1";"3";"LILLE (RUE DE)";"50,7856240";"3,1268930"
"201900032968";"10";"12";"2019";"16:35";"1";"59";"59360";"2";"9";"1";"3";"AVINEE EUGENE AVENUE";"50,6039700";"3,0333300"
"201900032969";"8";"11";"2019";"11:45";"1";"38";"38185";"2";"2";"1";"3";"REYNOARD(AV. M.)";"45,1665200";"5,7285800"
"201900032970";"27";"11";"2019";"17:25";"5";"59";"59143";"2";"9";"2";"6";"NATIONALE  ( ROUTE)";"50,6702750";"2,9041810"
"201900032971";"8";"11";"2019";"20:05";"3";"37";"37195";"2";"3";"1";"3";"PRIEURE (AVENUE DU)";"47,3843827";"0,6524284"
"201900032972";"15";"12";"2019";"17:25";"3";"54";"54526";"2";"1";"1";"7";"MILLENAIRE (Rond Point An 2000)";"48,6843000";"6,2215000"
"201900032973";"15";"12";"2019";"18:55";"5";"51";"51454";"2";"1";"1";"7";"AVENUE JEAN JAURES";"49,2577049";"4,0399664"
"201900032974";"7";"11";"2019";"20:40";"3";"37";"37261";"2";"1";"1";"6";"EUROPE (AVENUE DE L')";"47,4238725";"0,6958012"
"201900032975";"15";"12";"2019";"13:40";"1";"37";"37195";"2";"1";"1";"6";"VARENNE (RUE DE LA)";"47,3800024";"0,6425516"
"201900032976";"8";"11";"2019";"18:40";"3";"35";"35238";"1";"1";"1";"4";"RN136";"48,0810700";" -1,6705800"
"201900032977";"15";"12";"2019";"18:00";"3";"35";"35278";"1";"1";"1";"2";"PORTE DE MAUREPAS";"48,1416500";" -1,6679400"
"201900032978";"8";"11";"2019";"15:00";"1";"35";"35278";"1";"1";"1";"2";"RN136";"48,1407440";" -1,6871890"
"201900032979";"8";"11";"2019";"18:10";"2";"34";"34172";"2";"1";"1";"3";"MONTELS-EGLISE (RUE DE)";"43,5772700";"3,8744800"
"201900032980";"7";"11";"2019";"12:30";"1";"34";"34032";"2";"2";"1";"6";"CORNEILHAN (ROUTE DE)";"43,3527500";"3,2168600"
"201900032981";"15";"12";"2019";"16:30";"1";"35";"35238";"2";"3";"1";"3";"ALMA (DE L')";"48,1009870";" -1,6762040"
"201900032982";"8";"11";"2019";"16:30";"1";"33";"33550";"2";"3";"9";"1";"RTE DE TOULOUSE";"44,7923300";" -0,5671800"
"201900032983";"15";"12";"2019";"16:15";"1";"35";"35238";"1";"1";"8";"7";"RN136";"48,1400520";" -1,6349300"
"201900032984";"8";"11";"2019";"12:40";"1";"33";"33281";"2";"3";"8";"3";"AVE DE SAINT-MEDARD";"44,8621700";" -0,6451000"
"201900032985";"8";"11";"2019";"18:51";"5";"32";"32013";"2";"1";"1";"6";"PAUL VALERY";"43,6633000";"0,5915000"
"201900032986";"8";"11";"2019";"16:48";"1";"29";"29039";"1";"1";"8";"7";"PONT THOUARS (CHEMIN DE)";"47,8973277";" -3,8862032"
"201900032987";"15";"12";"2019";"22:10";"5";"33";"33009";"2";"1";"2";"3";"17 Rue ST ELME ";"44,6534300";" -1,1509700"
"201900032988";"8";"11";"2019";"18:10";"5";"29";"29019";"2";"1";"1";"1";"VILLENEUVE (PONT)";"48,4046007";" -4,5231639"
"201900032989";"7";"11";"2019";"18:15";"5";"29";"29019";"2";"1";"2";"6";"COLLET YVES (DE 1 A 27 ET 2 A 26)";"48,3889880";" -4,4837898"
"201900032990";"15";"12";"2019";"15:17";"1";"30";"30189";"2";"1";"1";"3";"ALLENDE SALVADOR (RUE)";"43,8485053";"4,3988358"
"201900032991";"15";"12";"2019";"14:05";"1";"29";"29232";"2";"9";"1";"4";"BREST ROUTE DE";"48,0175923";" -4,0833011"
"201900032992";"7";"11";"2019";"11:34";"1";"26";"26362";"2";"2";"1";"3";"JONCHERE RUE";"44,9318200";"4,8938900"
"201900032993";"14";"12";"2019";"17:35";"5";"28";"28220";"2";"1";"1";"6";"AVENUE DE LA REPUBLIQUE";"48,4248900";"1,4710600"
"201900032994";"8";"11";"2019";"15:10";"1";"25";"25056";"2";"1";"1";"2";"CHAR  RUE RENE";"47,2184960";"5,9529700"
"201900032995";"6";"11";"2019";"18:15";"2";"19";"19031";"2";"1";"2";"4";"RIVET (AVENUE JEAN CHARLES)";"45,1479000";"1,4881400"
"201900032996";"8";"11";"2019";"18:45";"5";"17";"17300";"2";"2";"1";"3";"JUIN   AVENUE DU MARECHAL";"46,1571200";" -1,1801800"
"201900032997";"8";"11";"2019";"16:40";"1";"17";"17300";"2";"1";"1";"6";"VERDUN   PLACE DE";"46,1622500";" -1,1539800"
"201900032998";"8";"11";"2019";"23:05";"4";"14";"14437";"2";"1";"1";"6";"MONTALIVET (COURS)";"49,1801100";" -0,3288700"
"201900032999";"8";"11";"2019";"07:45";"2";"14";"14118";"2";"1";"3";"6";"CANADA (PLACE DU)";"49,1854500";" -0,3715000"
"201900033000";"8";"11";"2019";"22:30";"5";"13";"13210";"2";"6";"1";"3";"MAURIAC (RUE)";"43,2793300";"5,4210300"
"201900033001";"8";"11";"2019";"17:10";"5";"13";"13204";"2";"2";"1";"3";"ALEX. FLEMING (BOULEVARD)";"43,3138600";"5,4058000"
"201900033002";"8";"11";"2019";"16:15";"2";"13";"13212";"2";"7";"1";"3";"TROIS LUCS A LA VALENTINE (ROUTE)";"43,2988100";"5,4809900"
"201900033003";"15";"12";"2019";"15:52";"1";"17";"17200";"2";"6";"2";"7";"HUIT MAI 1945   AVENUE DU";"46,1801200";" -1,1534400"
"201900033004";"14";"12";"2019";"14:15";"1";"13";"13210";"2";"1";"1";"6";"SCHLOESING (BOULEVARD)";"43,2735460";"5,4005020"
"201900033005";"8";"11";"2019";"14:50";"1";"13";"13207";"2";"1";"1";"5";"Corniche John Fitzgérald Kennedy";"43,2688630";"5,3699000"
"201900033006";"14";"12";"2019";"19:00";"3";"13";"13215";"2";"1";"1";"3";"LYON (RUE DE)";"43,3409000";"5,3608500"
"201900033007";"8";"11";"2019";"09:10";"1";"13";"13075";"2";"3";"1";"3";"L'ENJOLRAS (AVE DE)";"43,3376200";"5,4528700"
"201900033008";"14";"12";"2019";"10:21";"1";"13";"13210";"2";"3";"1";"5";"ROMAIN ROLLAND (BOULEVARD)";"43,2759410";"5,4174330"
"201900033009";"14";"12";"2019";"20:30";"5";"11";"11262";"2";"1";"1";"6";"HUBERT MOULY (AVENUE)";"43,1813200";"3,0296100"
"201900033010";"14";"12";"2019";"15:00";"1";"9";"09121";"1";"1";"1";"7";"D1";"42,9369180";"1,6187020"
"201900033011";"6";"11";"2019";"08:40";"1";"13";"13004";"2";"4";"1";"6";"AV DOC ROBERT MOREL";"43,6817700";"4,6096000"
"201900033012";"15";"12";"2019";"15:28";"1";"6";"06069";"2";"1";"1";"3";"CROISSET (AVENUE FR. DE)";"43,6656220";"6,9351730"
"201900033013";"8";"11";"2019";"16:45";"1";"13";"13001";"2";"1";"1";"6";"BELGES (AV DES)";"43,5247440";"5,4437950"
"201900033014";"7";"11";"2019";"10:10";"1";"13";"13001";"2";"1";"1";"7";"LISSE ST LOUIS (RUE)";"43,5315200";"5,4511300"
"201900033015";"15";"12";"2019";"06:05";"2";"75";"75114";"2";"3";"2";"6";"AVENUE DU GENERAL LECLERC";"48,8322098";"2,3306679"
"201900033016";"15";"12";"2019";"23:25";"5";"75";"75120";"2";"1";"1";"6";"RUE DE MENILMONTANT";"48,8688280";"2,3903110"
"201900033017";"31";"10";"2019";"18:50";"1";"11";"11262";"2";"3";"1";"3";"ETANGS  (AVENUE DES)";"43,1611000";"2,9891000"
"201900033018";"15";"12";"2019";"16:10";"1";"75";"75116";"2";"1";"1";"6";"ROUTE DES TRIBUNES";"48,8578254";"2,2288065"
"201900033019";"7";"11";"2019";"16:15";"1";"11";"11069";"2";"3";"2";"3";"PAPIN DENIS -BD-";"43,2082400";"2,3199400"
"201900033020";"14";"12";"2019";"23:40";"5";"75";"75116";"2";"1";"2";"3";"AVENUE DU PRESIDENT KENNEDY";"48,8573840";"2,2872140"
"201900033021";"8";"11";"2019";"11:09";"1";"6";"06027";"2";"1";"1";"6";"NICE AVENUE DE (RN7)";"43,6592110";"7,1647370"
"201900033022";"15";"12";"2019";"17:30";"5";"75";"75114";"2";"1";"1";"3";"BOULEVARD EDGAR QUINET";"48,8405629";"2,3263997"
"201900033023";"6";"11";"2019";"16:02";"1";"5";"05061";"2";"9";"3";"3";"SAGNIERES ( RUE DES )";"44,5498300";"6,0651900"
"201900033024";"15";"12";"2019";"18:45";"5";"75";"75112";"2";"4";"1";"3";"BOULEVARD DE REUILLY";"48,8395856";"2,3975235"
"201900033025";"8";"11";"2019";"17:40";"2";"75";"75120";"2";"1";"1";"4";"BD PERIPHERIQUE INTERIEUR";"48,8651530";"2,4132150"
"201900033026";"15";"12";"2019";"18:20";"2";"75";"75112";"2";"1";"1";"3";"AVENUE DE NOGENT";"48,8394900";"2,4583420"
"201900033027";"8";"11";"2019";"15:45";"2";"75";"75116";"2";"1";"1";"4";"BOULEVARD PERIPHERIQUE EXTERIEUR";"48,8636624";"2,2659510"
"201900033028";"15";"12";"2019";"14:35";"1";"75";"75112";"2";"3";"1";"3";"BOULEVARD DE BERCY";"48,8400942";"2,3815367"
"201900033029";"6";"11";"2019";"17:30";"4";"75";"75119";"2";"1";"1";"3";"BD PERIPHERIQUE EXTERIEUR";"48,8815140";"2,4026910"
"201900033030";"15";"12";"2019";"05:40";"5";"75";"75111";"2";"3";"8";"6";"BOULEVARD VOLTAIRE";"48,8606846";"2,3752785"
"201900033031";"8";"11";"2019";"12:22";"1";"75";"75104";"2";"2";"1";"3";"BOULEVARD DE SEBASTOPOL";"48,8605787";"2,3493791"
"201900033032";"14";"12";"2019";"22:00";"5";"75";"75111";"2";"3";"2";"6";"AVENUE PHILIPPE AUGUSTE";"48,8519230";"2,3937110"
"201900033033";"8";"11";"2019";"06:28";"2";"75";"75106";"2";"5";"1";"3";"BOULEVARD SAINT GERMAIN";"48,8503445";"2,3426086"
"201900033034";"8";"11";"2019";"16:30";"1";"75";"75106";"2";"4";"1";"3";"RUE DE RENNES";"48,8502790";"2,3299380"
"201900033035";"13";"12";"2019";"13:45";"1";"75";"75108";"2";"1";"1";"6";"RUE VERNET";"48,8720843";"2,2978019"
"201900033036";"7";"11";"2019";"10:30";"1";"75";"75106";"2";"4";"1";"2";"RUE NOTRE DAME DES CHAMPS";"48,8418703";"2,3322345"
"201900033037";"8";"11";"2019";"13:40";"1";"75";"75120";"2";"1";"1";"6";"RUE VITRUVE";"48,8591510";"2,4064600"
"201900033038";"8";"11";"2019";"17:45";"2";"75";"75119";"2";"4";"1";"6";"AVENUE JEAN JAURES";"48,8831020";"2,3714710"
"201900033039";"8";"11";"2019";"09:55";"1";"75";"75119";"2";"1";"1";"2";"AVENUE DE LA PORTE DE LA VILLETTE";"48,8994696";"2,3874235"
"201900033040";"7";"11";"2019";"13:00";"1";"75";"75119";"2";"4";"1";"6";"RUE MANIN";"48,8847539";"2,3922281"
"201900033041";"15";"12";"2019";"07:45";"5";"93";"93066";"2";"4";"8";"6";"COURNEUVE (ROUTE)";"48,9323900";"2,3751400"
"201900033042";"8";"11";"2019";"13:50";"1";"75";"75118";"2";"2";"1";"6";"BOULEVARD NEY";"48,8984830";"2,3524820"
"201900033043";"15";"12";"2019";"14:30";"1";"93";"93064";"2";"1";"1";"3";"REPUBLIQUE (AVENUE DE LA)";"48,8675020";"2,4846960"
"201900033044";"8";"11";"2019";"08:30";"1";"75";"75118";"2";"1";"1";"4";"AVENUE DE LA PORTE DES POISSONNIERS";"48,8986471";"2,3524662"
"201900033045";"8";"11";"2019";"16:10";"1";"75";"75116";"2";"1";"1";"3";"ROUTE DE SURESNES";"48,8646410";"2,2351730"
"201900033046";"8";"11";"2019";"16:10";"1";"75";"75116";"2";"3";"1";"6";"RUE DE PASSY";"48,8579035";"2,2807574"
"201900033047";"15";"12";"2019";"19:30";"5";"93";"93046";"2";"1";"1";"4";"ARISTIDE BRIAND AVENUE";"48,9115200";"2,5182200"
"201900033048";"14";"12";"2019";"18:40";"5";"93";"93029";"2";"3";"1";"3";"HENRI BARBUSSE (AVE) N°126-280";"48,9205300";"2,4530800"
"201900033049";"15";"12";"2019";"18:00";"5";"93";"93005";"2";"2";"1";"3";"JULES PRINCET [CD115] (RUE)";"48,9379000";"2,5007000"
"201900033050";"7";"11";"2019";"12:15";"1";"75";"75116";"2";"3";"8";"3";"ROUTE DE LA MUETTE A NEUILLY";"48,8738610";"2,2641090"
"201900033051";"8";"11";"2019";"12:02";"1";"75";"75115";"2";"2";"1";"3";"RUE EMERIAU";"48,8496240";"2,2861540"
"201900033052";"16";"12";"2019";"09:30";"1";"50";"50281";"1";"1";"3";"7";"la benardière";"48,7874070";" -1,4090560"
"201900033053";"7";"11";"2019";"09:15";"1";"75";"75115";"2";"1";"1";"7";"BOULEVARD LEFEBVRE";"48,8322300";"2,2896000"
"201900033054";"8";"11";"2019";"18:45";"5";"75";"75114";"2";"4";"1";"3";"AVENUE DU MAINE";"48,8324782";"2,3250031"
"201900033055";"8";"11";"2019";"14:50";"1";"75";"75120";"2";"4";"1";"3";"RUE BELGRAND";"48,8646250";"2,4056460"
"201900033056";"14";"12";"2019";"18:45";"3";"1";"01443";"1";"1";"1";"3";"D1083";"45,9774910";"5,0121390"
"201900033057";"14";"12";"2019";"06:07";"3";"86";"86221";"1";"1";"1";"7";"D725";"46,8157154";"0,3466487"
"201900033058";"8";"11";"2019";"10:56";"1";"75";"75109";"2";"1";"1";"3";"RUE DE DOUAI";"48,8814238";"2,3356149"
"201900033059";"15";"12";"2019";"11:30";"1";"42";"42120";"1";"3";"1";"1";"D203";"45,9847790";"3,9936180"
"201900033060";"13";"12";"2019";"14:30";"1";"972";"97217";"2";"1";"1";"6";"Quartier Montgerald";"14,4733690";" -60,8739370"
"201900033061";"8";"11";"2019";"15:00";"1";"75";"75108";"2";"1";"1";"3";"RUE LA BOETIE";"48,8724108";"2,3096778"
"201900033062";"8";"11";"2019";"22:25";"5";"75";"75107";"2";"4";"1";"7";"AVENUE DE LA BOURDONNAIS";"48,8592330";"2,2976770"
"201900033063";"6";"11";"2019";"19:05";"5";"75";"75104";"2";"1";"2";"6";"BOULEVARD DU PALAIS";"48,8549511";"2,3455370"
"201900033064";"8";"11";"2019";"12:05";"1";"75";"75103";"2";"2";"1";"7";"RUE SAINT GILLES";"48,8577168";"2,3673742"
"201900033065";"8";"11";"2019";"20:40";"5";"94";"94017";"2";"9";"1";"4";"HENRI-MARIE LE BOURSICAUD (AV)";"48,8149870";"2,5239420"
"201900033066";"6";"11";"2019";"20:00";"5";"94";"94042";"2";"1";"1";"1";"PIERRE MENDES FRANCE (AV)";"48,8138300";"2,4619400"
"201900033067";"16";"12";"2019";"08:30";"1";"60";"60012";"2";"3";"2";"6";"Rue Georges Petit";"49,2580290";"2,1673380"
"201900033068";"7";"11";"2019";"16:05";"1";"94";"94046";"2";"1";"1";"2";"REPUBLIQUE (AV DE LA)";"48,8078800";"2,4448300"
"201900033069";"8";"11";"2019";"13:30";"1";"94";"94076";"2";"1";"1";"7";"SAINTE COLOMBE (R)";"48,7782600";"2,3548500"
"201900033070";"8";"11";"2019";"16:00";"1";"94";"94041";"2";"1";"1";"6";"LENINE (R)";"48,8174300";"2,3966600"
"201900033071";"8";"11";"2019";"20:00";"5";"94";"94028";"2";"3";"1";"3";"GAULLE(AVENUE DU GENERAL DE)";"48,7878000";"2,4465000"
"201900033072";"8";"11";"2019";"10:30";"1";"94";"94011";"2";"1";"8";"7";"BOISSY.(AVENUE DE)";"48,7614000";"2,4966200"
"201900033073";"8";"11";"2019";"08:33";"1";"94";"94054";"2";"1";"1";"6";"MARTYRS DE CHATEAUBRIANT (AV DES)";"48,7488900";"2,4063700"
"201900033074";"7";"11";"2019";"15:50";"1";"94";"94018";"2";"3";"1";"3";"GABRIELLE (R)";"48,8211100";"2,4182900"
"201900033075";"8";"11";"2019";"07:00";"2";"94";"94017";"2";"3";"1";"5";"MAURICE THOREZ (AV)";"48,8083200";"2,5361400"
"201900033076";"7";"11";"2019";"22:40";"5";"93";"93073";"2";"9";"9";"6";"CHAPIT RE ( RUE DU)";"49,0029480";"2,5368790"
"201900033077";"7";"11";"2019";"14:05";"1";"93";"93066";"2";"1";"1";"3";"CACHIN MARCEL (AVENUE)";"48,9372900";"2,3720300"
"201900033078";"13";"12";"2019";"17:45";"3";"74";"74217";"2";"1";"2";"3";"Route d'Annecy";"45,9391130";"6,1222590"
"201900033079";"8";"11";"2019";"01:40";"5";"93";"93048";"2";"1";"1";"6";"THEOPHILE SUEUR (BOULEVARD)";"48,8669100";"2,4699300"
"201900033080";"8";"11";"2019";"15:30";"1";"93";"93047";"2";"1";"8";"7";"CHARMILLES (AVENUE DES)";"48,8893710";"2,5483590"
"201900033081";"8";"11";"2019";"16:40";"1";"93";"93010";"2";"3";"1";"3";"POLISSARD (RUE AUGUSTE)";"48,9037600";"2,4803000"
"201900033082";"7";"11";"2019";"21:40";"5";"93";"93005";"2";"1";"2";"3";"ARTHUR CHEVALIER (RUE)";"48,9500000";"2,4900000"
"201900033083";"8";"11";"2019";"16:38";"1";"92";"92075";"2";"3";"1";"3";"PIERRE BROSSOLETTE (AVENUE)";"48,8198700";"2,3107200"
"201900033084";"7";"11";"2019";"19:00";"5";"92";"92073";"2";"1";"1";"3";"JAURES (AVENUE JEAN)";"48,8621400";"2,2115900"
"201900033085";"8";"11";"2019";"17:00";"2";"92";"92050";"2";"1";"1";"6";"CLEMENCEAU GEORGES AVENUE N° PAIR";"48,8858700";"2,2146700"
"201900033086";"8";"11";"2019";"14:00";"1";"92";"92036";"2";"2";"1";"5";"GRESILLONS (QUAI DES)/  LOUIS ROCHE (AVENUE) (2/44)";"48,9210384";"2,3252337"
"201900033087";"7";"11";"2019";"08:55";"1";"92";"92036";"2";"4";"1";"6";"PRINCIPALE DU PORT (ROUTE) (2>S/SA15)";"48,9397543";"2,3023635"
"201900033088";"7";"11";"2019";"19:10";"5";"92";"92036";"2";"3";"1";"6";"GENERAL DE GAULLE (AVENUE) (43/129)";"48,9334900";"2,3096100"
"201900033089";"8";"11";"2019";"08:25";"1";"92";"92026";"2";"1";"1";"7";"SAINT DENIS BD (120 A 174 / 199 A 315)";"48,9013100";"2,2715800"
"201900033090";"5";"11";"2019";"10:04";"1";"92";"92025";"2";"1";"1";"6";"STALINGRAD (AV DE)";"48,9311140";"2,2671170"
"201900033091";"8";"11";"2019";"19:15";"5";"92";"92024";"2";"1";"1";"6";"GENERAL LECLERC (BOULEVARD) DE (59 ET PLUS)";"48,9039260";"2,3120530"
"201900033092";"8";"11";"2019";"01:15";"5";"92";"92007";"2";"4";"2";"4";"BRIAND (AVENUE ARISTIDE) N° 162 A 300";"48,7916053";"2,3200093"
"201900033093";"8";"11";"2019";"18:50";"3";"28";"28330";"1";"3";"1";"3";"D955";"48,0459040";"1,4694250"
"201900033094";"9";"11";"2019";"09:30";"1";"62";"62057";"2";"7";"1";"6";"Place du General de Gaulle";"50,8782110";"2,0805280"
"201900033095";"9";"11";"2019";"06:30";"3";"62";"62716";"1";"1";"1";"1";"RD 215";"50,8284950";"1,9202360"
"201900033096";"15";"12";"2019";"11:40";"1";"59";"59641";"1";"2";"1";"1";"Route de la Colme";"50,9880970";"2,5282030"
"201900033097";"16";"12";"2019";"07:22";"3";"15";"15055";"1";"1";"1";"6";"A75";"45,0978910";"3,1284160"
"201900033098";"15";"12";"2019";"17:19";"3";"30";"30226";"1";"9";"1";"2";"RD 86";"44,2368020";"4,6380070"
"201900033099";"15";"12";"2019";"03:30";"3";"62";"62676";"1";"1";"6";"7";"Rue de Liettres";"50,6064050";"2,3552000"
"201900033100";"15";"12";"2019";"17:45";"5";"62";"62297";"2";"1";"2";"1";"8 Rue de la Gare";"50,8240350";"2,2027720"
"201900033101";"15";"12";"2019";"01:45";"3";"30";"30060";"1";"1";"1";"1";"D135";"43,7951940";"4,3897570"
"201900033102";"16";"12";"2019";"07:45";"5";"56";"56010";"2";"1";"3";"6";"Rue de Pontivy";"47,8766890";" -3,0195450"
"201900033103";"14";"12";"2019";"23:50";"3";"79";"79079";"1";"1";"2";"6";"D759";"46,9386790";" -0,6670340"
"201900033104";"3";"12";"2019";"15:25";"1";"49";"49307";"1";"8";"1";"7";"Rue de la Marsaulaye";"47,4253220";" -0,3434963"
"201900033105";"14";"12";"2019";"18:41";"5";"41";"41106";"2";"1";"2";"6";"54 Avenue de l'Hôtel de Ville";"47,6013210";"2,0247620"
"201900033106";"14";"12";"2019";"17:50";"5";"29";"29259";"2";"1";"1";"3";"Rue Joseph Kersebet";"48,6782620";" -3,9997340"
"201900033107";"15";"12";"2019";"19:50";"3";"3";"03124";"1";"1";"1";"7";"N/A";"46,4104478";"3,4199892"
"201900033108";"16";"12";"2019";"10:58";"1";"6";"06020";"1";"1";"1";"7";"Quartier Camp de Millo";"43,9930880";"7,3264400"
"201900033109";"13";"12";"2019";"11:00";"1";"64";"64010";"1";"1";"6";"7";"D933";"43,3275024";" -1,0202193"
"201900033110";"12";"12";"2019";"16:40";"2";"64";"64094";"1";"1";"2";"6";"RD936 PK 111.500";"43,4648682";" -1,2519569"
"201900033111";"13";"12";"2019";"13:45";"1";"16";"16109";"2";"1";"1";"3";"7 rue des mérovingiens";"45,7863461";" -0,1715916"
"201900033112";"16";"12";"2019";"14:30";"1";"16";"16103";"1";"4";"1";"7";"Clos de Nodoux";"45,5181950";"0,4295410"
"201900033113";"16";"12";"2019";"08:25";"1";"21";"21412";"1";"2";"1";"5";"D974";"46,9775400";"4,7867680"
"201900033114";"14";"12";"2019";"01:00";"3";"40";"40208";"1";"1";"1";"7";"Route de Tartas";"43,7867170";" -0,8359130"
"201900033115";"16";"12";"2019";"07:45";"2";"4";"04091";"1";"1";"1";"5";"RD 4096";"44,0139560";"5,9262380"
"201900033116";"11";"12";"2019";"16:40";"5";"67";"67291";"2";"6";"3";"2";"Rue de la Liberte";"48,8649590";"7,6814930"
"201900033117";"16";"12";"2019";"15:00";"1";"39";"39489";"1";"9";"8";"5";"N/A";"46,8429980";"5,6231850"
"201900033118";"15";"12";"2019";"16:00";"1";"31";"31293";"2";"3";"1";"3";"12 Chemin de Novital";"43,7265370";"1,3850610"
"201900033119";"12";"12";"2019";"18:35";"3";"6";"06152";"1";"1";"8";"2";"D35";"43,6067650";"7,0558790"
"201900033120";"15";"12";"2019";"06:02";"3";"38";"38212";"1";"1";"1";"6";"D1091";"45,0830000";"5,8980800"
"201900033121";"11";"12";"2019";"06:51";"3";"40";"40312";"1";"1";"2";"2";"A63";"43,5275860";" -1,4372220"
"201900033122";"15";"12";"2019";"18:50";"3";"55";"55117";"1";"1";"2";"6";"A4";"49,0967530";"5,0423510"
"201900033123";"14";"12";"2019";"08:50";"1";"987";"98722";"1";"1";"1";"3";"PK 15+950 PAPENOO";" -17,5081350";" -149,4375250"
"201900033124";"30";"8";"2019";"20:20";"3";"986";"98612";"1";"1";"1";"6";"Village de LEAVA RT1";" -14,3009882";" -178,1573546"
"201900033125";"16";"12";"2019";"10:15";"1";"973";"97306";"1";"1";"2";"1";"N1";"5,3864350";" -53,6657720"
"201900033126";"15";"12";"2019";"05:40";"3";"973";"97303";"1";"1";"1";"3";"N1";"5,4786300";" -53,1949470"
"201900033127";"16";"12";"2019";"14:55";"1";"41";"41220";"1";"1";"8";"6";"D951";"47,6903570";"1,5670680"
"201900033128";"10";"12";"2019";"09:10";"1";"77";"77157";"1";"2";"1";"3";"D81 X RUE DE MONTREUIL";"49,0311940";"3,1658190"
"201900033129";"15";"12";"2019";"07:30";"3";"95";"95213";"1";"1";"9";"6";"D22";"49,1129920";"2,0543630"
"201900033130";"16";"12";"2019";"08:00";"2";"78";"78096";"2";"1";"2";"6";"route de houdan";"48,7565280";"1,6629270"
"201900033131";"12";"12";"2019";"23:00";"5";"34";"34344";"2";"2";"2";"3";"D62e1";"43,5633501";"4,0916555"
"201900033132";"15";"12";"2019";"12:45";"1";"6";"06050";"1";"1";"8";"7";"Route des thermes";"43,7882190";"7,0404550"
"201900033133";"16";"12";"2019";"08:05";"1";"67";"67336";"2";"3";"1";"6";"1 Rue des Lilas";"48,4472370";"7,6780890"
"201900033134";"16";"12";"2019";"00:48";"3";"73";"73054";"1";"4";"9";"6";"N90";"45,6020583";"6,7536053"
"201900033135";"15";"12";"2019";"09:25";"1";"69";"69296";"2";"1";"1";"3";"Rue du Rhône";"45,6410700";"4,8317100"
"201900033136";"15";"12";"2019";"20:20";"5";"64";"64422";"2";"3";"1";"1";"Rue des Basques";"43,1866734";" -0,6284467"
"201900033137";"15";"12";"2019";"17:40";"2";"33";"33433";"1";"2";"1";"4";"RD242 / ch.de la Cavernière";"44,9199000";" -0,4443000"
"201900033138";"13";"12";"2019";"10:45";"1";"85";"85178";"2";"6";"1";"3";"2 Rue de la Croix Bouet";"46,7704100";" -1,5056670"
"201900033139";"15";"12";"2019";"16:00";"1";"49";"49020";"1";"1";"8";"7";"D323";"47,4926370";" -0,6225150"
"201900033140";"10";"12";"2019";"07:20";"2";"44";"44137";"1";"2";"1";"5";"La Maziere (Point de recyclage)";"47,4054440";" -2,0291080"
"201900033141";"11";"12";"2019";"00:25";"4";"44";"44137";"2";"1";"3";"6";"Rue de Besné";"47,3632410";" -2,0149090"
"201900033142";"16";"12";"2019";"18:00";"3";"14";"14658";"1";"1";"3";"6";"D524";"48,8399570";" -0,9567140"
"201900033143";"16";"12";"2019";"13:48";"1";"27";"27348";"1";"1";"3";"5";"D6015";"49,3262600";"1,1511320"
"201900033144";"15";"12";"2019";"18:10";"3";"60";"60138";"1";"1";"1";"1";"N/A";"49,2148908";"2,6031993"
"201900033145";"15";"12";"2019";"18:30";"4";"13";"13005";"1";"1";"2";"4";"A50-Sens Aubagne vers Marseille";"43,2865000";"5,5672000"
"201900033146";"15";"12";"2019";"13:36";"1";"13";"13202";"1";"1";"1";"4";"A55-Sens Martigues vers Marseille";"43,3095329";"5,3665986"
"201900033147";"15";"12";"2019";"01:20";"3";"13";"13071";"1";"1";"1";"4";"A7-Sens Marseille vers Lyon";"43,4044055";"5,3008373"
"201900033148";"15";"12";"2019";"01:40";"3";"13";"13203";"1";"1";"1";"6";"A7-Sens Marseille vers Lyon";"43,3133000";"5,3767000"