"Num_Acc";"jour";"mois";"an";"hrmn";"lum";"dep";"com";"agg";"int";"atm";"col";"adr";"lat";"long"
"201900033149";"14";"12";"2019";"02:25";"3";"13";"13211";"1";"1";"8";"2";"A50-Sens Aubagne vers Marseille";"43,2906640";"5,4879330"
"201900033150";"14";"12";"2019";"06:30";"5";"13";"13215";"1";"1";"1";"2";"A55-Sens Martigues vers Marseille";"43,3471880";"5,3449050"
"201900033151";"14";"12";"2019";"06:00";"3";"69";"69271";"1";"1";"1";"6";"RN346   38.000 A 38.960";"45,7247400";"4,9760600"
"201900033152";"14";"12";"2019";"06:00";"3";"42";"42218";"1";"9";"2";"6";"A72";"45,4585100";"4,4078400"
"201900033153";"15";"12";"2019";"12:50";"1";"94";"94034";"1";"1";"1";"4";"AUTOROUTE A86";"48,7591000";"2,3238000"
"201900033154";"15";"12";"2019";"11:45";"1";"94";"94034";"1";"1";"1";"2";"AUTOROUTE A86";"48,7660900";"2,3179000"
"201900033155";"15";"12";"2019";"02:12";"3";"92";"92002";"1";"1";"1";"5";"AUTOROUTE A86";"48,7603300";"2,2905400"
"201900033156";"14";"12";"2019";"09:20";"1";"92";"92051";"1";"1";"1";"6";"RN13";"48,8872234";"2,2530626"
"201900033157";"15";"12";"2019";"17:20";"5";"94";"94018";"1";"1";"1";"2";"A4";"48,8167000";"2,4167000"
"201900033158";"15";"12";"2019";"01:10";"3";"77";"77363";"1";"1";"2";"6";"A104";"48,9146820";"2,6342700"
"201900033159";"13";"9";"2019";"17:15";"1";"4";"04004";"1";"1";"1";"1";"RD 111";"43,7773560";"6,0333753"
"201900033160";"13";"5";"2019";"20:32";"2";"73";"73020";"1";"1";"1";"1";"D62";"45,7099322";"6,0820461"
"201900033161";"31";"5";"2019";"19:10";"1";"73";"73070";"1";"1";"1";"6";"D1516";"45,6131901";"5,6515373"
"201900033162";"13";"12";"2019";"15:10";"1";"988";"98818";"2";"9";"1";"3";"AMPERE (RUE)";" -22,2310028";"166,4496048"
"201900033163";"14";"12";"2019";"18:00";"1";"976";"97611";"2";"1";"1";"2";"kaweni-Pendu (Place)";" -12,7603400";"45,2266900"
"201900033164";"14";"12";"2019";"19:35";"5";"974";"97416";"1";"3";"1";"3";"ZONE (ALLEE DE LA)";" -21,3171800";"55,4743100"
"201900033165";"14";"12";"2019";"10:30";"1";"973";"97302";"1";"2";"1";"6";"CABASSOU (ROUTE DE)";"4,9192488";" -52,3175987"
"201900033166";"14";"12";"2019";"03:25";"5";"69";"69387";"2";"1";"2";"2";"UNIVERSITE (DE L')                  (R )";"45,7483150";"4,8435200"
"201900033167";"14";"12";"2019";"18:25";"5";"69";"69199";"2";"3";"1";"3";"CARNOT                              (R )";"45,7080000";"4,8598200"
"201900033168";"14";"12";"2019";"18:30";"3";"972";"97209";"2";"1";"1";"3";"AVE CAMILLE DARSIERES";"14,5992900";" -61,0508900"
"201900033169";"14";"12";"2019";"06:45";"5";"69";"69382";"2";"1";"2";"6";"CELESTINS (DES)                     (QU)";"45,7604700";"4,8309200"
"201900033170";"13";"12";"2019";"08:45";"1";"69";"69382";"2";"1";"2";"6";"CHARLEMAGNE                         (CO)";"45,7463900";"4,8251200"
"201900033171";"14";"12";"2019";"04:45";"5";"971";"97120";"2";"1";"2";"2";"LOUISY MATHIEU";"16,2270000";" -61,5268000"
"201900033172";"13";"12";"2019";"13:45";"1";"95";"95268";"2";"1";"1";"6";"RUE EDOUARD MANET";"48,9776520";"2,3970790"
"201900033173";"14";"12";"2019";"10:35";"1";"91";"91471";"2";"3";"1";"3";"MONTHLERY (ROUTE DE)";"48,6845260";"2,1881920"
"201900033174";"13";"12";"2019";"18:55";"5";"91";"91377";"2";"4";"1";"6";"BASCH (RUE VICTOR)";"48,7268900";"2,2711300"
"201900033175";"14";"12";"2019";"06:00";"5";"91";"91687";"2";"3";"2";"3";"COMMANDANT BARRE (AVENUE DU)";"48,6591180";"2,3725760"
"201900033176";"14";"12";"2019";"08:55";"1";"81";"81060";"1";"1";"2";"6";"RODEZ  (AVENUE DE)";"44,0561200";"2,1716100"
"201900033177";"14";"12";"2019";"17:50";"5";"77";"77215";"2";"1";"1";"6";"D350 - PARIS (RUE DE)";"48,7390100";"2,7466700"
"201900033178";"14";"12";"2019";"06:30";"5";"76";"76540";"2";"1";"1";"4";"BOISGUILBERT. QUAI DE";"49,4424300";"1,0772700"
"201900033179";"14";"12";"2019";"19:02";"5";"69";"69271";"1";"1";"8";"6";"ROBERDIERES (DES)                 R";"45,7428200";"4,9551300"
"201900033180";"9";"12";"2019";"07:50";"2";"69";"69282";"2";"3";"1";"6";"JULES ROMAINS                       (R )";"45,7776200";"5,0209700"
"201900033181";"11";"12";"2019";"19:40";"3";"69";"69275";"2";"1";"2";"6";"JEAN JAURES                         (AV)";"45,7698100";"4,9510400"
"201900033182";"13";"12";"2019";"07:19";"2";"69";"69290";"2";"1";"3";"6";"CORDIERE (DE LA)                    (R )";"45,6931700";"4,9506000"
"201900033183";"14";"12";"2019";"09:10";"1";"56";"56260";"2";"3";"1";"3";"MARTIN(RUE JEAN)";"47,6542000";" -2,7489700"
"201900033184";"5";"10";"2019";"17:20";"1";"34";"34192";"2";"3";"1";"5";"Avenue de l'Eveche de Maguelone";"43,5229610";"3,9190620"
"201900033185";"5";"10";"2019";"16:00";"1";"29";"29197";"2";"1";"1";"7";"20 Rue de Kergréac'H";"48,0191110";" -4,5153760"
"201900033186";"5";"10";"2019";"17:30";"1";"38";"38292";"1";"1";"8";"1";"Route Du lac";"45,4559760";"5,5296990"
"201900033187";"5";"10";"2019";"20:10";"3";"38";"38499";"1";"1";"1";"6";"Le Crey";"44,9375830";"5,7692310"
"201900033188";"5";"10";"2019";"15:22";"1";"3";"03062";"1";"2";"8";"2";"N/A";"46,1885011";"3,1852195"
"201900033189";"5";"10";"2019";"20:25";"3";"70";"70415";"1";"1";"1";"6";"D434";"47,8572790";"6,0817630"
"201900033190";"6";"10";"2019";"14:00";"1";"14";"14478";"1";"2";"1";"3";"D519";"49,0123880";"0,4094250"
"201900033191";"6";"10";"2019";"00:20";"3";"64";"64127";"1";"1";"1";"7";"D934";"43,0681794";" -0,4226579"
"201900033192";"5";"10";"2019";"17:30";"1";"7";"07204";"2";"1";"1";"6";"4 Rue du Docteur Maisonneuve";"45,0096720";"4,3992200"
"201900033193";"6";"10";"2019";"06:25";"3";"53";"53128";"1";"1";"2";"6";"Le Châtelet";"47,9438370";" -1,0883570"
"201900033194";"2";"10";"2019";"16:50";"1";"40";"40310";"1";"2";"1";"3";"Avenue de l'Espérance";"43,7513690";" -1,3052540"
"201900033195";"5";"10";"2019";"06:25";"3";"40";"40250";"1";"1";"5";"6";"Route de Bordeaux";"43,9245750";" -0,4392760"
"201900033196";"6";"10";"2019";"12:10";"1";"4";"04166";"1";"1";"1";"6";"RD 6";"43,8296930";"6,0400060"
"201900033197";"5";"10";"2019";"13:00";"1";"28";"28274";"1";"1";"1";"7";"D131";"48,2933510";"1,7811200"
"201900033198";"5";"10";"2019";"21:00";"3";"37";"37115";"1";"1";"1";"7";"Route de Neuilly le Brignon";"46,9712220";"0,7095530"
"201900033199";"5";"10";"2019";"17:45";"1";"37";"37257";"1";"1";"1";"7";"D19";"47,2317250";"0,5749600"
"201900033200";"29";"9";"2019";"10:40";"1";"37";"37272";"2";"1";"2";"7";"14 rue de la mairie";"47,3403086";"0,5115278"
"201900033201";"6";"10";"2019";"21:20";"5";"988";"98805";"2";"4";"1";"6";"Sortie Kenu in Save express";" -22,2198900";"166,4702500"
"201900033202";"31";"5";"2019";"20:40";"5";"987";"98745";"1";"1";"1";"1";"HAAMENE Quartier ARATIA";" -16,6229120";" -151,4937200"
"201900033203";"6";"10";"2019";"11:45";"1";"17";"17415";"1";"1";"3";"6";"Autoroute A10 Pk 443.000 Sens Paris/Bordeaux";"45,7203250";" -0,6599670"
"201900033204";"6";"10";"2019";"13:00";"1";"988";"98821";"1";"1";"1";"6";"Route de TONGOUIN - RM24";" -22,1544520";"166,2492990"
"201900033205";"5";"10";"2019";"01:40";"5";"971";"97106";"2";"1";"1";"6";"Route de la Lezarde";"16,1442350";" -61,7708650"
"201900033206";"5";"9";"2019";"19:10";"1";"37";"37072";"1";"2";"1";"3";"Les Petites Croix";"47,1856910";"0,2168520"
"201900033207";"5";"10";"2019";"16:11";"1";"28";"28213";"1";"1";"8";"6";"RD983";"48,6321070";"1,5450420"
"201900033208";"6";"10";"2019";"16:45";"1";"84";"84054";"1";"1";"1";"1";"3436 Chemin Romieu";"43,8737010";"5,0655250"
"201900033209";"6";"10";"2019";"00:45";"3";"6";"06050";"1";"1";"1";"7";"Route des Termes";"43,7866680";"7,0484960"
"201900033210";"1";"10";"2019";"16:00";"1";"6";"06122";"2";"1";"1";"7";"Route de Saint-jeannet";"43,7443160";"7,1466460"
"201900033211";"4";"10";"2019";"15:30";"1";"4";"04143";"2";"1";"1";"1";"RD 4 Av Charles Richaud";"43,9215224";"5,9158228"
"201900033212";"6";"10";"2019";"07:45";"2";"4";"04242";"1";"3";"1";"1";"RD 4096 / Ch du moulin";"43,8934890";"5,8748140"
"201900033213";"4";"10";"2019";"16:45";"1";"33";"33003";"2";"2";"1";"3";"Rue Jeanne de Lestonnat";"44,9521100";" -0,5079200"
"201900033214";"6";"10";"2019";"07:00";"5";"61";"61107";"2";"1";"2";"6";"le bourg";"48,4935340";" -0,1398400"
"201900033215";"4";"10";"2019";"20:45";"3";"29";"29277";"1";"1";"2";"7";"D18";"48,4034491";" -4,0667170"
"201900033216";"5";"10";"2019";"17:15";"1";"22";"22173";"1";"3";"1";"3";"le val";"48,5453150";" -2,5957200"
"201900033217";"4";"10";"2019";"19:40";"5";"13";"13215";"1";"1";"1";"4";"A7-Sens Marseille vers Lyon";"43,3560500";"5,3633400"
"201900033218";"4";"10";"2019";"11:30";"1";"13";"13055";"1";"1";"1";"3";"A507 sens Aubagne- Marseille";"43,3183600";"5,4225800"
"201900033219";"4";"10";"2019";"08:48";"1";"13";"13055";"1";"1";"1";"2";"A507 sens Marseille - Aubagne";"43,2903800";"5,4243700"
"201900033220";"4";"10";"2019";"20:00";"3";"91";"91161";"1";"1";"2";"2";"AUTOROUTE A126";"48,7114310";"2,2941150"
"201900033221";"5";"10";"2019";"14:25";"1";"92";"92036";"1";"1";"2";"2";"A86";"48,9357735";"2,2872689"
"201900033222";"5";"10";"2019";"14:45";"1";"92";"92025";"1";"1";"1";"2";"A86";"48,9270162";"2,2365818"
"201900033223";"5";"10";"2019";"16:50";"1";"93";"93053";"1";"1";"2";"2";"AUTOROUTE A3";"48,8814200";"2,4539800"
"201900033224";"5";"10";"2019";"15:30";"1";"93";"93048";"1";"1";"2";"3";"AUTOROUTE A3";"48,8725110";"2,4477470"
"201900033225";"5";"10";"2019";"11:45";"1";"93";"93027";"1";"1";"2";"6";"AUTOROUTE A86";"48,9278600";"2,4095800"
"201900033226";"5";"10";"2019";"03:00";"3";"60";"60612";"1";"1";"2";"6";"AUTOROUTE A1";"49,1850900";"2,6050900"
"201900033227";"5";"10";"2019";"03:00";"3";"60";"60612";"1";"1";"2";"7";"AUTOROUTE A1";"49,1833000";"2,6052800"
"201900033228";"5";"10";"2019";"03:10";"3";"92";"92036";"1";"1";"1";"6";"AUTOROUTE A15";"48,9466206";"2,2826254"
"201900033229";"5";"10";"2019";"13:00";"1";"77";"77258";"1";"1";"3";"6";"A4.Y";"48,8299360";"2,6258500"
"201900033230";"3";"10";"2019";"19:45";"5";"64";"64024";"2";"1";"8";"2";"BAYONNE (AVENUE DE)";"43,4812400";" -1,5108300"
"201900033231";"3";"10";"2019";"18:48";"1";"63";"63113";"2";"1";"1";"6";"BLUM (AVENUE LEON)";"45,7640400";"3,0983200"
"201900033232";"22";"7";"2019";"21:20";"1";"54";"54300";"2";"1";"1";"2";"GALTIER (RUE LUCIEN)";"48,6633970";"6,2191490"
"201900033233";"3";"10";"2019";"12:50";"1";"34";"34172";"2";"1";"1";"6";"SORBES (RUE DE LAS";"43,6143200";"3,8485600"
"201900033234";"2";"10";"2019";"10:20";"1";"34";"34172";"2";"1";"1";"6";"HEIDELBERG (AVENUE DE)";"43,6255800";"3,8127900"
"201900033235";"3";"10";"2019";"09:30";"1";"21";"21231";"2";"3";"1";"3";"JEANNE D'ARC (BOULEVARD)";"47,3208700";"5,0652700"
"201900033236";"1";"10";"2019";"16:30";"1";"987";"98735";"2";"2";"1";"3";"DESTREMEAU (RUE BLOC IMPRIMERIE JUVENTIN";"17,5420000";"149,0000000"
"201900033237";"3";"10";"2019";"08:15";"1";"974";"97411";"2";"1";"1";"6";"MAZAGRAN (RUE)";" -20,8895100";"55,4562000"
"201900033238";"3";"10";"2019";"07:00";"1";"974";"97407";"2";"2";"1";"3";"JACQUES DUCLOS (RUE) - RIVIERE DES GAL  ";" -20,9586700";"55,3140000"
"201900033239";"4";"10";"2019";"09:55";"1";"973";"97302";"2";"9";"1";"2";"14 ET 22 JUIN 1962";"4,9329890";" -52,3268777"
"201900033240";"4";"10";"2019";"11:50";"1";"69";"69386";"2";"2";"1";"3";"GERMAIN                             (R )";"45,7651800";"4,8658300"
"201900033241";"4";"10";"2019";"13:45";"1";"69";"69387";"2";"1";"8";"2";"CHEVREUL                            (R )";"45,7475100";"4,8426000"
"201900033242";"4";"10";"2019";"08:55";"1";"69";"69387";"2";"2";"1";"6";"GUILLOTIERE (DE LA)                 (GR)";"45,7521000";"4,8466400"
"201900033243";"3";"10";"2019";"19:05";"4";"972";"97209";"2";"1";"1";"7";"CLUNY (ROUTE DE)";"14,6125500";" -61,0800900"
"201900033244";"3";"10";"2019";"16:45";"1";"972";"97209";"1";"1";"1";"6";"BALATA (ROUTE DE)";"14,6659600";" -61,0887800"
"201900033245";"2";"10";"2019";"21:25";"3";"972";"97209";"1";"1";"1";"1";"BEAUSEJOUR JAMBETTE (ROUTE)";"14,6316100";" -61,0495800"
"201900033246";"4";"10";"2019";"03:00";"4";"2A";"2A004";"2";"6";"1";"6";"ROUTE DU STILETTO";"41,9464235";"8,7674488"
"201900033247";"3";"10";"2019";"12:28";"1";"95";"95051";"2";"1";"1";"3";"RUE DENIS PAPIN";"49,0172070";"2,1775780"
"201900033248";"4";"10";"2019";"18:30";"1";"91";"91589";"2";"1";"8";"6";"ARMEE LECLERC (AVENUE DE L')";"48,6854800";"2,3353300"
"201900033249";"28";"9";"2019";"11:10";"1";"91";"91228";"2";"2";"1";"6";"MONSEIGNEUR ROMERO (COURS) N° PAIR";"48,6230200";"2,4263700"
"201900033250";"2";"10";"2019";"19:40";"1";"84";"84007";"2";"1";"1";"5";"MONCLAR (Avenue)";"43,9374400";"4,8050400"
"201900033251";"29";"9";"2019";"19:40";"5";"84";"84007";"2";"1";"1";"6";"LIMBERT (Boulevard)";"43,9471100";"4,8177800"
"201900033252";"4";"10";"2019";"09:30";"1";"83";"83062";"1";"1";"1";"3";"ROUTE NATIONALE 97";"43,1435880";"6,0164030"
"201900033253";"3";"10";"2019";"18:35";"1";"83";"83129";"2";"1";"1";"6";"MER (AVENUE DE LA) N° PAIRS";"43,1038872";"5,8189619"
"201900033254";"3";"10";"2019";"16:40";"1";"83";"83118";"2";"1";"1";"4";"ROUTE DE SAINT-BARTHÉLEMY";"43,4458670";"6,9056080"
"201900033255";"2";"10";"2019";"21:25";"5";"80";"80021";"2";"1";"1";"2";"AMONT (PORT D')";"49,8952600";"2,3065800"
"201900033256";"4";"10";"2019";"16:50";"1";"77";"77118";"2";"1";"2";"7";"PLACE DE LA MAIRIE";"48,9453900";"2,6887900"
"201900033257";"4";"10";"2019";"11:25";"1";"77";"77514";"2";"3";"1";"6";"ILE DE FRANCE (RUE DE L')";"48,9445480";"2,6157760"
"201900033258";"2";"10";"2019";"23:30";"5";"76";"76366";"2";"1";"1";"5";"REPUBLIQUE. RUE DE LA";"49,5095700";"1,0341300"
"201900033259";"3";"10";"2019";"10:56";"1";"76";"76341";"1";"1";"1";"1";"RD 6382";"49,5001700";"0,1956900"
"201900033260";"3";"10";"2019";"15:20";"1";"72";"72181";"2";"1";"1";"2";"ZOLA EMILE (BD) N° IMP 69 A 171";"47,9925100";"0,2042900"
"201900033261";"4";"10";"2019";"14:15";"1";"71";"71040";"2";"1";"1";"7";"RN 70 (ROUTE EXPRESS)";"46,6967289";"4,3850851"
"201900033262";"4";"10";"2019";"11:10";"1";"71";"71486";"1";"1";"8";"1";"RD 974";"46,6352900";"4,3345600"
"201900033263";"4";"10";"2019";"12:15";"1";"69";"69275";"2";"3";"1";"6";"JEAN JAURES                         (AV)";"45,7686570";"4,9417900"
"201900033264";"1";"10";"2019";"16:50";"1";"67";"67180";"2";"1";"1";"5";"DE LATTRE DE TASSIGNY (BLD)";"48,8210000";"7,7898400"
"201900033265";"4";"10";"2019";"12:10";"1";"64";"64445";"2";"1";"2";"1";"RONSARD";"43,3172400";" -0,3594900"
"201900033266";"1";"10";"2019";"17:40";"1";"64";"64122";"2";"1";"1";"3";"""KENNEDY (AVENUE DU PRESIDENT J,F)""";"43,4719900";" -1,5555100"
"201900033267";"4";"10";"2019";"18:00";"1";"64";"64102";"2";"1";"2";"4";"SOULT (AVENUE MARECHAL)";"43,4839193";" -1,4995718"
"201900033268";"20";"9";"2019";"15:25";"1";"59";"59360";"2";"1";"1";"7";"FOCH RUE DU MARECHAL";"50,6142400";"3,0106200"
"201900033269";"28";"9";"2019";"17:20";"1";"59";"59234";"2";"1";"8";"1";"MOULIN (RUE JEAN)";"50,4057900";"3,0470100"
"201900033270";"4";"10";"2019";"10:10";"1";"56";"56121";"2";"1";"1";"6";"CHAIGNEAU (RUE)";"47,7539500";" -3,3616700"
"201900033271";"3";"10";"2019";"18:30";"1";"56";"56121";"2";"3";"1";"3";"ROBELIN (RUE)";"47,7416900";" -3,3812800"
"201900033272";"2";"10";"2019";"16:05";"1";"55";"55029";"2";"9";"1";"7";"ARGONNE ( BOULEVARD D' )";"48,7852800";"5,1649900"
"201900033273";"13";"7";"2019";"15:45";"1";"54";"54395";"2";"1";"1";"3";"Marcel BROT (Rue et Rond-Point )";"48,6806280";"6,2040920"
"201900033274";"1";"10";"2019";"23:40";"3";"54";"54373";"1";"1";"2";"6";"RN59";"48,5502500";"6,5581700"
"201900033275";"4";"10";"2019";"07:30";"1";"51";"51454";"2";"1";"2";"2";"RUE DE COURLANCY";"49,2424704";"4,0237644"
"201900033276";"4";"10";"2019";"06:40";"5";"51";"51474";"2";"4";"2";"3";"RUE PASTEUR";"49,2581205";"3,9887045"
"201900033277";"3";"10";"2019";"20:22";"5";"51";"51454";"2";"2";"1";"3";"RUE CHEVIGNE";"49,2545702";"4,0482384"
"201900033278";"3";"10";"2019";"00:30";"5";"49";"49007";"2";"1";"1";"3";"BESNADIERE";"47,4794900";" -0,5445100"
"201900033279";"2";"10";"2019";"18:41";"1";"49";"49007";"2";"1";"1";"3";"RABELAIS";"47,4578400";" -0,5445500"
"201900033280";"4";"10";"2019";"19:51";"5";"42";"42044";"2";"1";"1";"1";"GAFFARD (AVENUE DE)";"45,3865148";"4,3078461"
"201900033281";"5";"10";"2019";"01:10";"5";"41";"41032";"1";"1";"2";"6";"BAS RIVIERE";"47,5618700";"1,3137600"
"201900033282";"3";"10";"2019";"15:00";"1";"38";"38151";"2";"2";"1";"3";"COURS JEAN JAURÈS";"45,1459900";"5,7048500"
"201900033283";"4";"10";"2019";"08:31";"1";"37";"37261";"2";"1";"8";"7";"PORTILLON (QUAI DE)";"47,4000000";"0,6800000"
"201900033284";"4";"10";"2019";"05:16";"5";"37";"37261";"2";"1";"2";"6";"PROUDHON (AVENUE)";"47,3940000";"0,6690000"
"201900033285";"1";"10";"2019";"18:30";"1";"35";"35115";"2";"1";"1";"2";"GROSLAY (BD DE JUSQU'AU N°23)";"48,3516500";" -1,1854600"
"201900033286";"4";"10";"2019";"07:50";"1";"34";"34172";"2";"2";"1";"3";"LODEVE (ROUTE DE)";"43,6154100";"3,8203500"
"201900033287";"2";"10";"2019";"15:30";"1";"34";"34336";"2";"1";"1";"7";"BEREGOVOY (AVENUE PIERRE)";"43,3208000";"3,2877700"
"201900033288";"30";"9";"2019";"17:55";"1";"33";"33063";"2";"4";"1";"3";"Q. de Brazza / Giratoire du Cdt Cousteau";"44,8539390";" -0,5534900"
"201900033289";"4";"10";"2019";"08:59";"1";"33";"33032";"2";"1";"2";"3";"RUE CAMILLE JULLIAN";"44,9023000";" -0,5077800"
"201900033290";"28";"9";"2019";"19:00";"5";"33";"33063";"2";"3";"1";"6";"R. du Docteur Finlay / R. du Docteur Schweitzer";"44,8632860";" -0,5812790"
"201900033291";"3";"10";"2019";"09:20";"1";"33";"33318";"2";"4";"1";"1";"BARDANAC (AVE DE)";"44,7951600";" -0,6109600"
"201900033292";"1";"10";"2019";"18:15";"1";"33";"33550";"2";"3";"1";"2";"138 AVE DES PYRENEES";"44,7636100";" -0,5603000"
"201900033293";"4";"10";"2019";"08:00";"1";"32";"32013";"2";"3";"1";"3";"SAMBRE ET MEUSE (AVENUE)";"43,6451300";"0,5974700"
"201900033294";"4";"10";"2019";"11:54";"1";"31";"31149";"2";"1";"2";"3";"AV CLEMENT ADER";"43,6190400";"1,3475000"
"201900033295";"3";"10";"2019";"18:20";"1";"31";"31555";"2";"1";"7";"6";"CHE DE LESTANG";"43,5606400";"1,3948700"
"201900033296";"3";"10";"2019";"08:40";"1";"31";"31555";"1";"1";"1";"4";"VA007518 A68";"43,6412200";"1,4897900"
"201900033297";"4";"10";"2019";"03:30";"5";"30";"30189";"2";"1";"1";"6";"BIR HAKEIM (AVENUE)";"43,8428200";"4,3826200"
"201900033298";"4";"10";"2019";"13:55";"1";"29";"29039";"2";"1";"2";"6";"NICOLAS (AVENUE DU DR PIERRE)";"47,8705800";" -3,9175000"
"201900033299";"3";"10";"2019";"18:30";"1";"23";"23096";"2";"2";"1";"3";"CHARLES DE GAULLE (AVENUE)";"46,1687000";"1,8740200"
"201900033300";"2";"10";"2019";"08:00";"5";"22";"22278";"2";"1";"2";"6";"CLEMENCEAU (BD)";"48,5107243";" -2,7592313"
"201900033301";"4";"10";"2019";"08:20";"1";"17";"17300";"2";"1";"1";"2";"COGNEHORS   BOULEVARD DE (1-95))";"46,1682000";" -1,1420000"
"201900033302";"4";"10";"2019";"06:05";"3";"17";"17028";"1";"1";"2";"6";"RN 137";"46,1402150";" -1,1052680"
"201900033303";"1";"10";"2019";"09:00";"1";"16";"16102";"2";"1";"1";"6";"Rue du QUATORZE JUILLET";"45,6922140";" -0,3269880"
"201900033304";"4";"10";"2019";"17:25";"1";"14";"14118";"2";"6";"1";"3";"ROUEN (AVENUE DE)";"49,1723000";" -0,3038800"
"201900033305";"4";"10";"2019";"17:15";"1";"13";"13216";"2";"1";"1";"6";"ESTAQUE PLAGE";"43,3596200";"5,3169300"
"201900033306";"4";"10";"2019";"14:40";"1";"13";"13211";"2";"1";"1";"5";"VALENTINE (ROUTE DE LA)";"43,2895930";"5,4705710"
"201900033307";"3";"10";"2019";"13:50";"1";"13";"13208";"2";"1";"1";"6";"MICHELET (BOULEVARD)";"43,2691900";"5,3929700"
"201900033308";"3";"10";"2019";"12:00";"1";"13";"13210";"2";"9";"1";"6";"CAPELETTE (AVENUE DE LA)";"43,2796803";"5,4104332"
"201900033309";"3";"10";"2019";"11:15";"1";"13";"13213";"2";"3";"1";"2";"ROSE (AVENUE DE LA)";"43,3285330";"5,4259650"
"201900033310";"4";"10";"2019";"08:45";"1";"13";"13215";"2";"1";"1";"2";"MADRAGUE VILLE (chemin de la)";"43,3407759";"5,3531011"
"201900033311";"4";"10";"2019";"05:50";"3";"13";"13208";"2";"6";"1";"3";"PRADO (AVENUE DU)";"43,2723140";"5,3912480"
"201900033312";"3";"10";"2019";"17:00";"1";"13";"13214";"2";"1";"1";"3";"ANATOLE DE LA FORGE (BOULEVARD)";"43,3397600";"5,3899700"
"201900033313";"3";"10";"2019";"15:30";"1";"13";"13209";"2";"1";"1";"4";"ROY D'ESPAGNE (CHEMIN)";"43,2432220";"5,3967180"
"201900033314";"13";"9";"2019";"11:15";"1";"13";"13214";"2";"9";"1";"6";"CADE (RUE)";"43,3318800";"5,3922100"
"201900033315";"3";"10";"2019";"18:15";"1";"13";"13047";"1";"9";"1";"1";"RN 1589 LA TRANSHUMANCE";"43,5233870";"4,9624760"
"201900033316";"4";"10";"2019";"14:35";"1";"13";"13028";"2";"2";"1";"3";"CYTHARISTA (AVENUE)";"43,1926900";"5,6350600"
"201900033317";"3";"10";"2019";"08:45";"1";"13";"13001";"1";"1";"1";"5";"CALADE (RTE DE LA)";"43,5740200";"5,3724200"
"201900033318";"4";"10";"2019";"17:04";"1";"10";"10362";"2";"1";"1";"3";"ERIC TABARLY (RUE)";"48,2960000";"4,0394100"
"201900033319";"3";"10";"2019";"18:50";"1";"7";"07186";"1";"1";"1";"3";"SAINT CLAIR (CHEMIN DE)";"44,7180980";"4,5993980"
"201900033320";"4";"10";"2019";"19:30";"5";"6";"06088";"2";"2";"1";"6";"MONT-BORON (AV. DU PLAT)";"43,7028590";"7,2964920"
"201900033321";"4";"10";"2019";"17:30";"2";"6";"06088";"2";"1";"1";"4";"RAYBAUD JOSEPH";"43,7302630";"7,2824670"
"201900033322";"4";"10";"2019";"14:15";"1";"6";"06088";"2";"3";"1";"3";"ANGLAIS (DU N° 114 AU N° 263)";"43,6869990";"7,2382740"
"201900033323";"4";"10";"2019";"11:30";"1";"6";"06088";"2";"3";"1";"2";"RAYNAUD (BD AUGUSTE)";"43,7145880";"7,2585720"
"201900033324";"4";"10";"2019";"02:45";"5";"6";"06088";"2";"1";"1";"1";"QUAI DES ETATS UNIS";"43,6951670";"7,2740080"
"201900033325";"4";"10";"2019";"08:55";"1";"6";"06123";"2";"1";"1";"2";"OSSOLA JEAN BOULEVARD";"43,6620220";"7,1919760"
"201900033326";"2";"10";"2019";"18:00";"1";"6";"06123";"2";"3";"1";"3";"CURIE PIERRE ET MARIE AVENUE";"43,6968900";"7,1844110"
"201900033327";"3";"10";"2019";"18:30";"1";"75";"75116";"2";"1";"1";"3";"BD PERIPHERIQUE EXTERIEUR";"48,8682436";"2,2697657"
"201900033328";"3";"10";"2019";"10:20";"1";"75";"75119";"2";"4";"1";"7";"ECHANGEUR PANTIN";"48,8886212";"2,3966699"
"201900033329";"1";"10";"2019";"22:20";"5";"75";"75120";"2";"4";"1";"3";"ECHANGEUR BAGNOLET";"48,8614561";"2,4139541"
"201900033330";"1";"10";"2019";"19:25";"5";"75";"75117";"2";"1";"1";"3";"BD PERIPHERIQUE INTERIEUR";"48,8896745";"2,2973612"
"201900033331";"3";"10";"2019";"14:15";"1";"75";"75103";"2";"4";"1";"2";"RUE DE TURENNE";"48,8636199";"2,3646791"
"201900033332";"4";"10";"2019";"12:15";"1";"75";"75120";"2";"4";"8";"3";"RUE DE LA JUSTICE";"48,8690599";"2,4088319"
"201900033333";"4";"10";"2019";"09:20";"1";"75";"75119";"2";"1";"1";"6";"AVENUE SECRETAN";"48,8821852";"2,3710607"
"201900033334";"3";"10";"2019";"12:15";"1";"75";"75117";"2";"1";"1";"3";"RUE AMPERE";"48,8852050";"2,3059390"
"201900033335";"4";"10";"2019";"19:39";"5";"75";"75116";"2";"2";"1";"6";"RUE PIERRE GUERIN";"48,8475692";"2,2663278"
"201900033336";"4";"10";"2019";"15:00";"1";"75";"75116";"2";"2";"1";"6";"RUE SINGER";"48,8571183";"2,2747197"
"201900033337";"4";"10";"2019";"12:00";"1";"75";"75116";"2";"7";"1";"6";"AVENUE VICTOR HUGO";"48,8695367";"2,2850449"
"201900033338";"3";"10";"2019";"20:22";"5";"75";"75116";"2";"4";"1";"6";"AVENUE DE NEW YORK";"48,8623943";"2,2935458"