"Num_Acc";"jour";"mois";"an";"hrmn";"lum";"dep";"com";"agg";"int";"atm";"col";"adr";"lat";"long"
"201900033339";"4";"10";"2019";"18:45";"1";"75";"75115";"2";"3";"1";"3";"BOULEVARD GENERAL MARTIAL VALIN";"48,8383398";"2,2707986"
"201900033340";"3";"10";"2019";"13:00";"1";"75";"75106";"2";"1";"1";"2";"BOULEVARD DU MONTPARNASSE";"48,8409079";"2,3330965"
"201900033341";"4";"10";"2019";"16:15";"1";"75";"75113";"2";"1";"1";"6";"BOULEVARD KELLERMANN";"48,8208509";"2,3555582"
"201900033342";"4";"10";"2019";"11:39";"1";"75";"75113";"2";"1";"2";"3";"RUE DE TOLBIAC";"48,8261189";"2,3560198"
"201900033343";"4";"10";"2019";"11:00";"1";"75";"75113";"2";"3";"1";"2";"QUAI D AUSTERLITZ";"48,8386634";"2,3723591"
"201900033344";"4";"10";"2019";"17:30";"1";"75";"75120";"2";"3";"1";"3";"BOULEVARD DE CHARONNE";"48,8530327";"2,3971827"
"201900033345";"4";"10";"2019";"02:45";"5";"75";"75111";"2";"3";"2";"1";"RUE DU FAUBOURG SAINT ANTOINE";"48,8505553";"2,3793861"
"201900033346";"4";"10";"2019";"00:12";"5";"75";"75111";"2";"3";"1";"6";"RUE DE LA ROQUETTE";"48,8547875";"2,3727421"
"201900033347";"4";"10";"2019";"06:30";"5";"75";"75110";"2";"2";"8";"3";"QUAI DE VALMY";"48,8729160";"2,3637380"
"201900033348";"4";"10";"2019";"09:00";"1";"75";"75116";"2";"5";"1";"7";"AVENUE DU PRESIDENT WILSON";"48,8651556";"2,2998497"
"201900033349";"4";"10";"2019";"12:00";"1";"75";"75107";"2";"3";"1";"3";"QUAI D ORSAY";"48,8627886";"2,3116666"
"201900033350";"4";"10";"2019";"16:30";"1";"75";"75104";"2";"3";"8";"7";"BOULEVARD BOURDON";"48,8508909";"2,3672955"
"201900033351";"4";"10";"2019";"16:00";"1";"94";"94067";"2";"3";"1";"6";"SACROT (R)";"48,8400900";"2,4155700"
"201900033352";"4";"10";"2019";"10:00";"1";"94";"94067";"2";"1";"8";"6";"GENERAL DE GAULLE (AV DU)";"48,8417100";"2,4175600"
"201900033353";"4";"10";"2019";"07:55";"2";"94";"94068";"2";"1";"2";"7";"BELLECHASSE (BD DE)";"48,7900000";"2,4800000"
"201900033354";"4";"10";"2019";"17:00";"1";"94";"94046";"2";"1";"1";"6";"REPUBLIQUE (AV DE LA)";"48,8076000";"2,4471900"
"201900033355";"10";"9";"2019";"11:00";"1";"94";"94043";"2";"9";"1";"6";"CHASTENET DE GERY (BD)";"48,8056800";"2,3582900"
"201900033356";"4";"10";"2019";"15:30";"1";"94";"94073";"2";"1";"1";"3";"HELENE MULLER (R)";"48,7538300";"2,3975300"
"201900033357";"4";"10";"2019";"03:30";"5";"94";"94073";"2";"9";"2";"6";"VERSAILLES (AV DE)";"48,7568600";"2,3876500"
"201900033358";"4";"10";"2019";"20:45";"5";"94";"94011";"2";"1";"1";"1";"PARIS(AVENUE DE)";"48,7805500";"2,4750300"
"201900033359";"4";"10";"2019";"19:10";"2";"94";"94028";"2";"1";"8";"3";"POMPADOUR.(CHEMIN DE LA)";"48,7721070";"2,4315810"
"201900033360";"3";"10";"2019";"00:15";"5";"94";"94054";"2";"1";"1";"2";"CHARLES TILLON (route)";"48,7462700";"2,3762200"
"201900033361";"23";"6";"2019";"16:45";"1";"91";"91433";"1";"1";"1";"2";"R.N. 20";"48,4545300";"2,1747500"
"201900033362";"24";"6";"2019";"18:10";"1";"91";"91657";"2";"3";"1";"3";"EUGENE VARLIN (RUE)";"48,7039100";"2,4169200"
"201900033363";"24";"5";"2019";"03:00";"5";"91";"91027";"2";"1";"1";"3";"FRANCOIS MITTERRAND (AVENUE)";"48,6995000";"2,3718000"
"201900033364";"21";"6";"2019";"13:36";"1";"91";"91339";"2";"1";"1";"4";"RN 20";"48,6210000";"2,2590000"
"201900033365";"23";"6";"2019";"16:55";"1";"88";"88160";"2";"1";"1";"1";"GAULLE (AV. ET PL. GEN. DE)";"48,1773000";"6,4425000"
"201900033366";"21";"6";"2019";"21:30";"1";"87";"87085";"2";"6";"2";"6";"EUROPE (CARREFOUR DE L')";"45,8617500";"1,2749200"
"201900033367";"21";"6";"2019";"23:10";"3";"86";"86041";"1";"1";"1";"4";"RN 147 BUXEROLLES";"46,6158100";"0,3754400"
"201900033368";"23";"6";"2019";"16:55";"1";"85";"85194";"2";"2";"1";"3";"RUE DE LA MER";"46,4900800";" -1,7580200"
"201900033369";"24";"6";"2019";"09:12";"1";"78";"78551";"1";"1";"1";"3";"RN 13";"48,8925950";"2,0826810"
"201900033370";"17";"6";"2019";"19:10";"1";"78";"78327";"2";"1";"1";"7";"AVENUE DE PARIS";"48,9906100";"1,8520600"
"201900033371";"21";"6";"2019";"18:05";"1";"77";"77305";"2";"1";"1";"6";"D403-GENERAL DE GAULLE (AVENUE DU)";"48,3813500";"2,9496500"
"201900033372";"23";"6";"2019";"18:45";"1";"76";"76402";"2";"1";"1";"1";" (ROUTE DE DIEPPE)";"49,5205900";"1,0388800"
"201900033373";"21";"6";"2019";"15:15";"1";"76";"76451";"1";"6";"1";"2";"PERROUX. RUE FRANCOIS";"49,4721600";"1,0946800"
"201900033374";"21";"6";"2019";"12:20";"1";"67";"67447";"2";"1";"1";"6";"23 NOVEMBRE (AVENUE DU)";"48,6081440";"7,7313060"
"201900033375";"21";"6";"2019";"08:30";"1";"67";"67471";"2";"3";"1";"1";"FONTAINE (RUE DE LA)";"48,6231654";"7,7304986"
"201900033376";"24";"6";"2019";"14:00";"1";"64";"64284";"2";"1";"1";"3";"VALLEES DES";"43,2914800";" -0,3854900"
"201900033377";"21";"6";"2019";"17:15";"1";"63";"63063";"1";"1";"2";"4";"GERZAT (ROUTE DE)";"45,8285774";"3,1149899"
"201900033378";"24";"6";"2019";"08:15";"1";"63";"63113";"2";"3";"1";"1";"CHANELLES (RUE DES)";"45,7895400";"3,0789800"
"201900033379";"20";"5";"2019";"12:10";"1";"62";"62771";"2";"1";"1";"6";"LHOMMET (R JULIEN)";"50,4254000";"2,8477500"
"201900033380";"24";"6";"2019";"09:50";"1";"60";"60057";"2";"6";"1";"3";"MARCEL DASSAULT (AVENUE) - PAIR -";"49,4520205";"2,0989902"
"201900033381";"24";"6";"2019";"21:23";"1";"59";"59350";"2";"2";"1";"6";"FAUBOURG DE DOUAI N°1-81/2-140";"50,6131200";"3,0750100"
"201900033382";"21";"6";"2019";"12:30";"1";"58";"58194";"2";"6";"1";"2";"RAVELIN";"46,9884200";"3,1642100"
"201900033383";"21";"6";"2019";"12:30";"1";"56";"56083";"1";"1";"1";"6";"PORT LOUIS ( ROUTE)";"47,7957900";" -3,2746400"
"201900033384";"24";"6";"2019";"16:10";"1";"51";"51454";"2";"1";"1";"3";"AVENUE DU GENERAL DE GAULLE";"49,2435000";"4,0157400"
"201900033385";"24";"6";"2019";"14:10";"1";"51";"51172";"2";"1";"1";"3";"VOIE VERTE";"49,2163100";"4,0514100"
"201900033386";"23";"6";"2019";"12:00";"1";"51";"51454";"2";"1";"1";"4";"RUE HOUZEAU MUIRON";"49,2539315";"4,0411593"
"201900033387";"21";"6";"2019";"21:25";"1";"50";"50129";"2";"1";"1";"1";"PSICHARI (RUE ERNEST)";"49,6350800";" -1,6243100"
"201900033388";"21";"6";"2019";"19:30";"1";"49";"49099";"2";"2";"1";"3";"MONTALEMBERT(RUE CHARLES DE)";"47,0607600";" -0,8652800"
"201900033389";"22";"6";"2019";"18:39";"1";"49";"49007";"2";"1";"1";"6";"RAMON BOULEVARD";"47,4857100";" -0,5336300"
"201900033390";"21";"6";"2019";"20:44";"1";"49";"49007";"2";"1";"1";"2";"DE LATTRE DE TASSIGNY";"47,4456100";" -0,5367300"
"201900033391";"21";"6";"2019";"19:32";"1";"49";"49007";"2";"1";"1";"6";"JERUSALEM";"47,4736100";" -0,5309300"
"201900033392";"20";"6";"2019";"18:30";"1";"42";"42207";"2";"1";"1";"2";"R.D. 288";"45,4824700";"4,5257800"
"201900033393";"24";"6";"2019";"08:45";"1";"35";"35288";"2";"3";"8";"6";"FOSSE (RUE DE LA )";"48,6474200";" -2,0253300"
"201900033394";"24";"6";"2019";"13:55";"1";"35";"35055";"2";"1";"2";"6";"AUVERGNE (RUE D')";"48,0862800";" -1,6144600"
"201900033395";"24";"6";"2019";"10:30";"1";"35";"35051";"1";"9";"2";"6";"PORTE DE LA RIGOURDIERE";"48,1155000";" -1,5727200"
"201900033396";"23";"6";"2019";"19:30";"1";"35";"35238";"2";"1";"1";"2";"ARMORIQUE (BD D')";"48,1301700";" -1,6768500"
"201900033397";"19";"6";"2019";"09:29";"1";"35";"35278";"1";"9";"1";"2";"RN136";"48,1400586";" -1,6945161"
"201900033398";"21";"6";"2019";"15:00";"1";"34";"34301";"2";"1";"1";"3";"RD 612";"43,3976900";"3,6557900"
"201900033399";"24";"6";"2019";"17:00";"1";"34";"34172";"1";"1";"1";"3";"LYRE (ROND-POINT DE LA)";"43,6423900";"3,8476500"
"201900033400";"23";"6";"2019";"23:30";"5";"34";"34172";"2";"1";"1";"6";"EL ALAMEIN (AVENUE D')";"43,5787200";"3,8711500"
"201900033401";"23";"6";"2019";"13:40";"1";"34";"34172";"2";"1";"1";"1";"UNIVERSITE (RUE DE L')";"43,6141900";"3,8773100"
"201900033402";"21";"6";"2019";"13:10";"1";"34";"34032";"2";"9";"9";"3";"BADIE VINCENT (RD POINT)";"43,3477300";"3,2524100"
"201900033403";"23";"6";"2019";"22:30";"2";"33";"33063";"2";"3";"1";"2";"QUAI DE LA GRAVE";"44,8349100";" -0,5635000"
"201900033404";"23";"6";"2019";"21:45";"2";"33";"33162";"2";"3";"1";"3";"AVE DU MEDOC";"44,8841600";" -0,6342500"
"201900033405";"23";"6";"2019";"20:00";"1";"33";"33162";"1";"6";"1";"3";"Rte de Lacanau (D1215) / Av du Haillan";"44,8849000";" -0,6648000"
"201900033406";"24";"6";"2019";"07:25";"1";"31";"31555";"2";"1";"1";"3";"AV DE LYON";"43,6141200";"1,4509700"
"201900033407";"23";"6";"2019";"19:05";"1";"31";"31555";"1";"1";"1";"6";"VA007331 A620";"43,5708200";"1,4326600"
"201900033408";"23";"6";"2019";"00:00";"5";"31";"31555";"2";"3";"1";"3";"RUE MAURICE MELAT";"43,6370200";"1,4500000"
"201900033409";"24";"6";"2019";"20:50";"1";"27";"27701";"2";"1";"1";"2";"avenue des métiers";"49,2467500";"1,1737700"
"201900033410";"22";"6";"2019";"15:45";"1";"19";"19272";"2";"1";"1";"6";"Lucien Sampeix (Av)";"45,2561300";"1,7613100"
"201900033411";"22";"6";"2019";"08:30";"1";"19";"19031";"2";"3";"1";"3";"GEOFFRAY (RUE CESAR)";"45,1567000";"1,5114000"
"201900033412";"21";"6";"2019";"17:25";"1";"19";"19031";"2";"6";"1";"3";"TEINCHURIER (AVENUE DU)";"45,1492700";"1,4818100"
"201900033413";"22";"6";"2019";"09:50";"1";"19";"19031";"2";"1";"1";"6";"MAILLARD (AVENUE)";"45,1656000";"1,5375400"
"201900033414";"24";"6";"2019";"11:43";"1";"17";"17300";"2";"1";"1";"6";"SUEDE   RUE DE";"46,1617000";" -1,1615900"
"201900033415";"23";"6";"2019";"15:45";"1";"14";"14118";"2";"2";"1";"3";"CHEMIN VERT (RUE DU - N° 77)";"49,1886785";" -0,3895801"
"201900033416";"19";"6";"2019";"10:05";"1";"14";"14118";"2";"1";"2";"3";"DELIVRANDE (RUE DE LA)";"49,1931300";" -0,3596500"
"201900033417";"25";"6";"2019";"01:00";"5";"13";"13212";"2";"1";"1";"6";"JEAN COMPADIEU (AVENUE)";"43,3180500";"5,4348800"
"201900033418";"24";"6";"2019";"22:00";"5";"13";"13211";"2";"1";"1";"3";"MILLIERE (BOULEVARD DE LA )";"43,2835210";"5,4996860"
"201900033419";"24";"6";"2019";"15:30";"1";"13";"13208";"2";"1";"1";"6";"MONTREDON (AVENUE DE)";"43,2421630";"5,3691060"
"201900033420";"24";"6";"2019";"10:30";"1";"13";"13201";"2";"1";"1";"2";"NATIONAL   1 A 51 (BOULEVARD)";"43,3016300";"5,3875900"
"201900033421";"23";"6";"2019";"22:30";"5";"13";"13206";"2";"2";"1";"3";"BAILLE (BOULEVARD)";"43,2864430";"5,3856690"
"201900033422";"17";"6";"2019";"15:25";"1";"13";"13047";"2";"8";"1";"3";"COGNETS CHEMIN DES";"43,5086290";"4,9781730"
"201900033423";"22";"6";"2019";"00:45";"5";"11";"11262";"2";"1";"1";"6";"LIBERTE (PONT DE LA)";"43,1815980";"3,0068550"
"201900033424";"22";"6";"2019";"11:30";"1";"8";"08105";"2";"1";"1";"7";"HUGO V.";"49,7496320";"4,7272890"
"201900033425";"24";"6";"2019";"15:10";"1";"6";"06088";"2";"1";"1";"3";"GAMBETTA (A PARTIR DU N° 63-74)";"43,7062100";"7,2560600"
"201900033426";"24";"6";"2019";"10:40";"1";"6";"06088";"2";"1";"1";"2";"VEIL (AV. SIMONE)";"43,6826570";"7,2033310"
"201900033427";"24";"6";"2019";"17:30";"1";"6";"06069";"2";"1";"1";"3";"MARIGARDE (ROUTE DE LA)";"43,6540500";"6,9293900"
"201900033428";"23";"6";"2019";"19:50";"1";"6";"06029";"2";"1";"1";"3";"COTEAUX (AVENUE DES)";"43,5663710";"7,0230344"
"201900033429";"24";"6";"2019";"15:45";"1";"6";"06123";"2";"1";"1";"2";"DE GAULLE GENERAL AVENUE";"43,6633200";"7,1938500"
"201900033430";"19";"6";"2019";"04:57";"5";"6";"06027";"2";"2";"1";"3";"GARE AVENUE DE LA";"43,6584400";"7,1481900"
"201900033431";"24";"6";"2019";"14:50";"1";"5";"05023";"2";"1";"1";"6";"FONTENIL (ROUTE DU)";"44,9030990";"6,6541000"
"201900033432";"23";"6";"2019";"03:48";"5";"75";"75117";"2";"7";"1";"6";"PLACE DE LA PORTE MAILLOT";"48,8781580";"2,2841310"
"201900033433";"24";"6";"2019";"08:50";"1";"75";"75120";"2";"6";"1";"3";"COURS DE VINCENNES";"48,8470870";"2,4114720"
"201900033434";"24";"6";"2019";"19:10";"1";"75";"75118";"2";"1";"7";"3";"BOULEVARD ORNANO";"48,8969790";"2,3451670"
"201900033435";"24";"6";"2019";"19:30";"1";"75";"75107";"2";"2";"1";"6";"AVENUE DE SUFFREN";"48,8479000";"2,3061570"
"201900033436";"24";"6";"2019";"11:45";"1";"75";"75115";"2";"3";"1";"6";"RUE DE VAUGIRARD";"48,8387420";"2,2992370"
"201900033437";"24";"6";"2019";"10:12";"1";"75";"75113";"2";"2";"1";"3";"BOULEVARD SAINT JACQUES";"48,8316020";"2,3412410"
"201900033438";"24";"6";"2019";"10:05";"1";"75";"75114";"2";"1";"1";"6";"RUE D ALESIA";"48,8293850";"2,3223130"
"201900033439";"24";"6";"2019";"09:00";"1";"75";"75112";"2";"2";"7";"3";"QUAI DE BERCY";"48,8335010";"2,3820730"
"201900033440";"23";"6";"2019";"23:00";"5";"75";"75112";"2";"2";"1";"6";"RUE DE LYON";"48,8466500";"2,3720320"
"201900033441";"24";"6";"2019";"19:30";"1";"75";"75111";"2";"1";"1";"6";"BOULEVARD VOLTAIRE";"48,8642280";"2,3693370"
"201900033442";"24";"6";"2019";"09:47";"1";"75";"75108";"2";"2";"1";"7";"RUE ROYALE";"48,8683830";"2,3232810"
"201900033443";"23";"6";"2019";"19:55";"1";"75";"75108";"2";"2";"1";"3";"BOULEVARD MALESHERBES";"48,8784260";"2,3155990"
"201900033444";"24";"6";"2019";"19:58";"1";"75";"75107";"2";"3";"1";"2";"QUAI D ORSAY";"48,8628900";"2,3151960"
"201900033445";"24";"6";"2019";"14:07";"1";"75";"75104";"2";"1";"1";"3";"BOULEVARD BOURDON";"48,8500150";"2,3668720"
"201900033446";"24";"6";"2019";"11:30";"1";"75";"75103";"2";"2";"1";"6";"RUE SAINT GILLES";"48,8577050";"2,3673550"
"201900033447";"23";"6";"2019";"13:25";"1";"75";"75103";"2";"3";"1";"6";"RUE DU VERTBOIS";"48,8664220";"2,3603270"
"201900033448";"24";"6";"2019";"17:55";"1";"75";"75101";"2";"3";"1";"3";"PONT NEUF";"48,8568500";"2,3411370"
"201900033449";"22";"6";"2019";"01:15";"5";"75";"75101";"2";"7";"1";"3";"RUE DE RIVOLI";"48,8637130";"2,3322770"
"201900033450";"24";"6";"2019";"09:00";"1";"94";"94067";"2";"1";"1";"6";"ANDRE-VIVIEN (rue ROBERT)";"48,8340000";"2,4130000"
"201900033451";"23";"6";"2019";"00:50";"5";"94";"94067";"2";"1";"1";"3";"FOCH (AV)";"48,8457300";"2,4192800"
"201900033452";"24";"6";"2019";"08:30";"1";"94";"94078";"2";"1";"1";"4";"PRESIDENT JOHN FITZGERALD KENNEDY (AV DU";"48,7330000";"2,4620000"
"201900033453";"23";"6";"2019";"21:10";"1";"94";"94058";"2";"1";"1";"6";"LEDRU ROLLIN (AV)";"48,8447900";"2,5076650"
"201900033454";"24";"6";"2019";"07:10";"1";"94";"94021";"2";"2";"1";"3";"STALINGRAD (AV DE)";"48,7723800";"2,3676500"
"201900033455";"24";"6";"2019";"18:00";"1";"94";"94033";"2";"1";"1";"4";"MARECHAL DE LATTRE DE TASSIGNY (AV DU)";"48,8534800";"2,4937500"
"201900033456";"24";"6";"2019";"16:30";"1";"94";"94004";"2";"1";"7";"6";"GENERAL LECLERC (AV)";"48,7598700";"2,4992100"
"201900033457";"23";"6";"2019";"20:45";"1";"93";"93070";"2";"1";"1";"1";"MICHELET(AV):N°1AU 103";"48,9067900";"2,3441200"
"201900033458";"30";"5";"2019";"23:30";"5";"93";"93066";"2";"2";"1";"3";"GARENNE";"48,9417000";"2,3853000"
"201900033459";"24";"6";"2019";"09:00";"1";"93";"93051";"1";"9";"1";"6";"PAVE NEUF (AVENUE)";"48,8380700";"2,5606400"
"201900033460";"23";"6";"2019";"22:45";"4";"93";"93048";"2";"3";"1";"3";"FRANCOIS ARAGO (RUE)";"48,8530600";"2,4278900"
"201900033461";"23";"6";"2019";"02:20";"5";"93";"93006";"2";"5";"1";"3";"CARNOT RUE SADI";"48,8762200";"2,4261700"
"201900033462";"24";"6";"2019";"17:00";"1";"93";"93027";"2";"1";"1";"2";"CONVENTION (RUE DE LA)";"48,9276000";"2,3922000"
"201900033463";"23";"6";"2019";"22:45";"5";"93";"93066";"2";"9";"1";"1";"""PERI GABRIEL, NR 116 A 144 ET 135 A 149";"48,9434500";"2,3570100"
"201900033464";"24";"6";"2019";"13:30";"1";"93";"93001";"2";"1";"1";"3";"PRESIDENT ROOSEVELT (AVENUE DU)";"48,9175400";"2,3793600"
"201900033465";"24";"6";"2019";"07:10";"2";"93";"93001";"2";"1";"1";"6";"JEAN JAURES (AVE)  215 =>";"48,9159700";"2,4053400"
"201900033466";"24";"6";"2019";"16:50";"1";"92";"92051";"2";"1";"1";"2";"GENERAL LECLERC (BOULEVARD DU N° 29 A 65";"48,8876400";"2,2589600"
"201900033467";"23";"6";"2019";"05:55";"2";"92";"92025";"2";"1";"1";"1";"PAUL BERT (RUE)";"48,9100000";"2,2630000"
"201900033468";"22";"6";"2019";"15:45";"1";"92";"92025";"2";"1";"1";"1";"CHARLES DE GAULLE (BD)";"48,9138196";"2,2300241"
"201900033469";"22";"6";"2019";"14:25";"1";"92";"92023";"2";"1";"1";"3";"PORTE DE TRIVAUX (RUE DE) N°57 A 197 ET";"48,7864200";"2,2439700"
"201900033470";"24";"6";"2019";"10:15";"1";"92";"92023";"2";"1";"1";"6";"GENERAL DE GAULLE (AVENUE DU)";"48,7771388";"2,2312646"
"201900033471";"24";"6";"2019";"14:35";"1";"92";"92012";"2";"1";"1";"2";"ANATOLE FRANCE (BOULEVARD) 1/4BIS";"48,8505800";"2,2362900"
"201900033472";"24";"6";"2019";"14:20";"1";"1";"01383";"1";"1";"1";"1";"D1083 PK 032.550";"46,0922796";"5,1191957"
"201900033473";"25";"6";"2019";"03:25";"3";"22";"22361";"1";"1";"3";"7";"La Ribotée";"48,6107813";" -2,9608859"
"201900033474";"4";"6";"2019";"06:40";"1";"33";"33332";"1";"1";"7";"6";"Route du Périgord";"45,0326200";"0,0161800"
"201900033475";"24";"6";"2019";"17:15";"1";"57";"57060";"2";"3";"7";"3";"Rue de la Laiterie";"48,9067700";"6,7517270"
"201900033476";"19";"6";"2019";"18:30";"1";"67";"67362";"1";"1";"1";"7";"Col du Haut-Koenigsbourg -- RD159";"48,2470180";"7,3336930"
"201900033477";"24";"6";"2019";"23:45";"3";"974";"97412";"2";"1";"2";"6";"Rue Raphaël Babet";" -21,3793940";"55,6206400"
"201900033478";"25";"6";"2019";"11:00";"1";"29";"29140";"1";"1";"1";"7";"PK 106+600 RN 165";"48,3838206";" -4,3200038"
"201900033479";"23";"6";"2019";"17:16";"1";"17";"17376";"1";"1";"1";"4";"RD 137";"46,2236630";" -1,0218090"
"201900033480";"25";"6";"2019";"13:50";"1";"51";"51326";"1";"4";"1";"2";"RUE DE LA RENAISSANCE";"49,1174203";"4,3111383"
"201900033481";"25";"6";"2019";"07:50";"1";"62";"62043";"2";"1";"1";"2";"chemin latérale";"50,9009210";"1,9423960"
"201900033482";"25";"6";"2019";"15:25";"1";"60";"60176";"1";"3";"1";"5";"DÉPARTEMANTALE 1324";"49,2337773";"2,9236391"
"201900033483";"24";"6";"2019";"10:45";"1";"30";"30125";"1";"1";"1";"6";"Route de Bouillargues";"43,7890370";"4,4289930"
"201900033484";"25";"6";"2019";"09:30";"1";"59";"59094";"1";"3";"1";"2";"Route de Coppenaxfort Cd 2";"50,9535460";"2,2626530"
"201900033485";"22";"6";"2019";"05:30";"2";"2A";"2A130";"1";"1";"1";"1";"Col de Saint-Georges";"41,8840020";"8,9341820"
"201900033486";"24";"6";"2019";"11:45";"1";"71";"71580";"1";"1";"1";"3";"1936 route du moulin";"46,6629590";"5,2192910"
"201900033487";"25";"6";"2019";"13:15";"1";"89";"89201";"2";"2";"1";"3";"Carrefour RD203-RD91";"47,9234030";"3,6524320"
"201900033488";"24";"6";"2019";"19:45";"1";"63";"63034";"2";"3";"1";"3";"Chemin de Saint-Aventin";"45,8137710";"3,2950270"
"201900033489";"24";"6";"2019";"08:15";"1";"61";"61464";"1";"2";"2";"3";"carrefour RD438/238";"48,6122920";"0,1657390"
"201900033490";"25";"6";"2019";"15:20";"1";"12";"12270";"2";"1";"1";"1";"Route du Dépôt (Sévérac-le-Château)";"44,3217970";"3,0560350"
"201900033491";"23";"6";"2019";"09:40";"1";"47";"47065";"1";"1";"1";"6";"LIEU DIT RIGAU";"44,3611820";"0,3709400"
"201900033492";"25";"6";"2019";"07:55";"1";"34";"34139";"1";"3";"1";"2";"Lieu dit La ribaute";"43,4006239";"3,2289773"
"201900033493";"24";"6";"2019";"08:30";"1";"39";"39149";"2";"1";"1";"1";"N/A";"47,0208570";"5,7174310"
"201900033494";"25";"6";"2019";"07:25";"1";"25";"25434";"1";"1";"1";"7";"D492";"47,0961040";"6,1568650"
"201900033495";"23";"6";"2019";"10:40";"1";"31";"31396";"1";"6";"1";"2";"RD 19";"43,3556730";"1,6228400"
"201900033496";"25";"6";"2019";"19:40";"1";"1";"01115";"1";"2";"1";"3";"L'Efondras";"46,2596570";"5,0366970"
"201900033497";"19";"6";"2019";"10:15";"1";"66";"66106";"2";"6";"1";"3";"RD618";"42,4902658";"2,8026526"
"201900033498";"24";"6";"2019";"17:15";"1";"9";"09032";"1";"1";"1";"1";"RN20";"42,7004550";"1,8341850"
"201900033499";"20";"6";"2019";"16:20";"1";"45";"45272";"1";"1";"1";"1";"RTE DE LA SAUSSAYE";"47,8081460";"1,9523840"
"201900033500";"23";"6";"2019";"13:00";"1";"53";"53211";"1";"1";"1";"6";"La Petite Chevillardière";"48,3540570";" -0,8418070"
"201900033501";"25";"6";"2019";"10:00";"1";"53";"53147";"2";"6";"1";"7";"rond point des déportés";"48,3025580";" -0,6109600"
"201900033502";"23";"6";"2019";"01:25";"3";"40";"40228";"1";"1";"1";"7";"Route de Tastoa";"43,6206420";" -0,8556770"
"201900033503";"23";"6";"2019";"19:30";"1";"91";"91047";"1";"3";"1";"3";"D191";"48,5038740";"2,3720660"
"201900033504";"25";"6";"2019";"08:00";"1";"39";"39476";"1";"2";"1";"3";"N/A";"47,0151610";"5,3744100"
"201900033505";"24";"6";"2019";"19:00";"1";"6";"06088";"1";"1";"1";"7";"A8 NICE PK 203.500 SUD";"43,7378900";"7,3232640"
"201900033506";"24";"6";"2019";"20:00";"1";"34";"34031";"1";"1";"1";"6";"a9, pk 147+900";"43,3767400";"3,4198040"
"201900033507";"21";"5";"2019";"16:50";"1";"51";"51054";"2";"1";"1";"2";"RUE DU NEUF BOURG";"49,2895921";"4,3749860"
"201900033508";"25";"6";"2019";"09:55";"1";"977";"97701";"2";"1";"1";"6";"RT209 - camaruche";"17,9066750";" -62,8174190"
"201900033509";"25";"6";"2019";"03:25";"5";"13";"13040";"1";"1";"1";"6";"D46";"43,4618930";"5,5639240"
"201900033510";"23";"6";"2019";"14:20";"1";"13";"13104";"2";"1";"7";"3";"avenue de l'europe";"43,3320910";"5,1137210"
"201900033511";"24";"6";"2019";"17:15";"1";"91";"91200";"1";"9";"1";"3";"Rue de la Gambade";"48,5426770";"1,9943760"
"201900033512";"17";"6";"2019";"14:20";"1";"78";"78128";"1";"1";"1";"3";"d24";"48,6795080";"1,9452570"
"201900033513";"25";"6";"2019";"16:43";"1";"34";"34199";"2";"9";"1";"1";"avenue de Verdun";"43,4528080";"3,4194980"
"201900033514";"24";"6";"2019";"10:25";"1";"84";"84129";"2";"1";"1";"3";"Chemin de Sève";"43,9963120";"4,8946270"
"201900033515";"24";"6";"2019";"16:38";"1";"83";"83112";"1";"1";"1";"3";"RD 559";"43,1580340";"5,7322920"
"201900033516";"25";"6";"2019";"04:45";"3";"13";"13067";"1";"1";"1";"1";"RD7N - PK 16.830 décroissant";"43,7876890";"5,0462670"
"201900033517";"24";"6";"2019";"15:45";"1";"25";"25047";"2";"3";"1";"7";"Espl du Breuil";"47,3513100";"6,3585840"
"201900033518";"24";"6";"2019";"14:15";"1";"88";"88078";"2";"3";"1";"3";"avenue de Lattre de Tassigny";"48,2076390";"6,7180220"
"201900033519";"24";"6";"2019";"16:05";"1";"54";"54195";"1";"1";"1";"7";"RD2d";"48,6168890";"6,4072130"
"201900033520";"24";"6";"2019";"13:50";"1";"57";"57207";"2";"1";"1";"6";"Rue André Gide";"49,1179220";"6,8713000"
"201900033521";"25";"6";"2019";"08:55";"1";"57";"57698";"1";"1";"1";"7";"CD 999 - PK  23+580";"48,9812110";"6,4560290"
"201900033522";"25";"6";"2019";"10:00";"1";"63";"63417";"1";"1";"1";"5";"RD 943";"45,8468282";"3,0231500"
"201900033523";"25";"6";"2019";"07:45";"1";"74";"74280";"2";"3";"1";"3";"34 Rue de la Saulne";"45,8853080";"6,3285320"
"201900033524";"24";"6";"2019";"09:49";"1";"38";"38200";"2";"3";"1";"3";"Montée de la Creuse";"45,0996620";"5,7417870"
"201900033525";"25";"6";"2019";"12:50";"1";"14";"14354";"2";"4";"1";"3";"Voie des Alliés";"49,3006640";" -0,3772620"
"201900033526";"24";"6";"2019";"12:35";"1";"57";"57356";"1";"1";"7";"1";"RD15 PK 4 +040";"49,4297560";"6,1186490"
"201900033527";"25";"6";"2019";"00:30";"3";"60";"60628";"1";"1";"1";"7";"RN 31";"49,4237923";"2,1464338"
"201900033528";"22";"6";"2019";"17:35";"1";"59";"59582";"1";"1";"1";"6";"D642";"50,7297440";"2,6301590"
"201900033529";"24";"6";"2019";"08:45";"1";"13";"13055";"1";"1";"1";"2";"A507 sens Aubagne- Marseille";"43,3346640";"5,3827030"
"201900033530";"21";"6";"2019";"20:34";"1";"13";"13211";"1";"1";"1";"3";"A50-Sens Aubagne vers Marseille";"43,2945000";"5,4600800"