"Num_Acc";"jour";"mois";"an";"hrmn";"lum";"dep";"com";"agg";"int";"atm";"col";"adr";"lat";"long"
"201900033531";"14";"6";"2019";"00:50";"5";"13";"13055";"1";"1";"1";"7";"A507 sens Aubagne- Marseille";"43,3292500";"5,4145800"
"201900033532";"22";"6";"2019";"21:45";"3";"83";"83027";"1";"1";"1";"7";"A50";"43,1787100";"5,7696100"
"201900033533";"24";"6";"2019";"09:40";"1";"94";"94034";"1";"1";"1";"3";"AUTOROUTE A86";"48,7598300";"2,3211400"
"201900033534";"24";"6";"2019";"07:20";"1";"91";"91174";"1";"1";"1";"3";"RN 104";"48,6222000";"2,4641000"
"201900033535";"23";"6";"2019";"23:41";"5";"91";"91174";"1";"1";"1";"6";"RN 104";"48,6108800";"2,4462900"
"201900033536";"23";"6";"2019";"19:30";"1";"94";"94038";"1";"1";"1";"3";"AUTOROUTE A6A";"48,7722202";"2,3457575"
"201900033537";"24";"6";"2019";"16:30";"1";"92";"92025";"1";"1";"1";"2";"A86";"48,9337466";"2,2544694"
"201900033538";"24";"6";"2019";"10:50";"1";"92";"92063";"1";"1";"1";"6";"A86";"48,8739455";"2,1579616"
"201900033539";"24";"6";"2019";"14:10";"1";"95";"95252";"1";"1";"1";"7";"AUTOROUTE A15";"48,9873400";"2,2080500"
"201900033540";"24";"6";"2019";"10:30";"1";"93";"93066";"1";"1";"1";"2";"AUTOROUTE A1";"48,9295200";"2,3615600"
"201900033541";"23";"6";"2019";"11:45";"1";"93";"93006";"1";"1";"1";"3";"AUTOROUTE A3";"48,8652200";"2,4171600"
"201900033542";"23";"6";"2019";"06:30";"1";"93";"93027";"1";"1";"1";"2";"AUTOROUTE A1";"48,9366500";"2,4073400"
"201900033543";"22";"6";"2019";"19:00";"1";"93";"93005";"1";"1";"1";"3";"AUTOROUTE A1";"48,9581300";"2,4638500"
"201900033544";"23";"6";"2019";"01:10";"4";"93";"93006";"1";"1";"1";"2";"AUTOROUTE A3";"48,8663700";"2,4236500"
"201900033545";"24";"6";"2019";"11:05";"1";"77";"77169";"1";"9";"1";"6";"A4.Y";"48,8303223";"2,6093238"
"201900033546";"22";"1";"2019";"08:30";"1";"13";"13001";"1";"1";"1";"2";"A51-Sens Aix en Provence vers Marseille";"43,4861000";"5,4077000"
"201900033547";"21";"1";"2019";"09:25";"1";"13";"13211";"1";"1";"1";"6";"A50-Sens Aubagne vers Marseille";"43,2898050";"5,4464440"
"201900033548";"19";"1";"2019";"15:10";"1";"83";"83062";"1";"1";"1";"4";"N/A";"43,1434000";"6,0142000"
"201900033549";"21";"1";"2019";"22:00";"3";"54";"54265";"1";"1";"1";"2";"Autoroute 330";"48,6342000";"6,1821300"
"201900033550";"21";"1";"2019";"18:07";"3";"94";"94043";"1";"1";"1";"2";"AUTOROUTE A6B";"48,8142900";"2,3550300"
"201900033551";"21";"1";"2019";"11:20";"3";"92";"92036";"1";"1";"2";"6";"AUTOROUTE A15";"48,9373013";"2,2941724"
"201900033552";"21";"1";"2019";"08:50";"1";"92";"92002";"1";"1";"1";"3";"AUTOROUTE A86";"48,7614000";"2,2968000"
"201900033553";"21";"1";"2019";"08:00";"1";"94";"94038";"1";"1";"9";"7";"AUTOROUTE A6A";"48,7732000";"2,3458000"
"201900033554";"20";"1";"2019";"13:45";"1";"91";"91521";"1";"1";"1";"3";"RN 104";"48,6361100";"2,4028100"
"201900033555";"20";"1";"2019";"09:00";"1";"91";"91521";"1";"1";"1";"6";"RN 104";"48,6323000";"2,4013000"
"201900033556";"21";"1";"2019";"23:45";"3";"93";"93063";"1";"1";"1";"4";"AUTOROUTE A3";"48,8784600";"2,4471600"
"201900033557";"21";"1";"2019";"19:00";"3";"95";"95582";"1";"1";"1";"2";"AUTOROUTE A15";"48,9464800";"2,2608100"
"201900033558";"21";"1";"2019";"14:30";"1";"95";"95572";"1";"1";"1";"2";"RN 184";"49,0379300";"2,1232500"
"201900033559";"19";"1";"2019";"18:00";"3";"95";"95018";"1";"1";"2";"2";"AUTOROUTE A15";"48,9569100";"2,2743700"
"201900033560";"21";"1";"2019";"22:00";"4";"976";"97611";"2";"1";"3";"6";"mamoudzou centre-Mariazé (rue du )";" -12,7775100";"45,2315000"
"201900033561";"21";"1";"2019";"15:05";"1";"976";"97611";"2";"1";"2";"6";"tsoundzou-Kadjifouni ( rue )";" -12,8071200";"45,2047100"
"201900033562";"21";"1";"2019";"08:45";"1";"976";"97611";"2";"1";"3";"6";"kaweni-Kaweni nord ( Z I )";" -12,7702300";"45,2238300"
"201900033563";"21";"1";"2019";"06:45";"2";"974";"97407";"1";"1";"1";"2";"VOIE DE LIAISON PORTUAIRE EST/ OUEST";" -20,9275800";"55,2953600"
"201900033564";"21";"1";"2019";"17:15";"5";"69";"69034";"2";"3";"1";"3";"COSTE                               (R )";"45,7862400";"4,8337700"
"201900033565";"21";"1";"2019";"13:30";"1";"69";"69286";"2";"1";"1";"3";"ROUTE DE STRASBOURG                 (RO)";"45,8014700";"4,8790300"
"201900033566";"21";"1";"2019";"11:00";"1";"69";"69382";"2";"2";"8";"3";"FRANKLIN                            (R )";"45,7533700";"4,8257600"
"201900033567";"18";"1";"2019";"20:00";"5";"69";"69034";"2";"1";"1";"6";"LOUIS DUFOUR                        (AV)";"45,8002000";"4,8513300"
"201900033568";"16";"1";"2019";"18:15";"2";"95";"95063";"2";"1";"8";"3";"RUE LUCIEN SAMPAIX";"48,9377900";"2,2070500"
"201900033569";"21";"1";"2019";"20:30";"5";"91";"91191";"2";"1";"1";"2";"Jean Jaures (Avenue)";"48,7134050";"2,4635470"
"201900033570";"21";"1";"2019";"08:45";"1";"91";"91345";"2";"1";"9";"2";"SAVIGNY (RUE DE)";"48,6883310";"2,3227500"
"201900033571";"21";"1";"2019";"07:50";"2";"91";"91326";"2";"1";"1";"3";"COUR DE FRANCE (AVENUE DE LA)";"48,6954010";"2,3714510"
"201900033572";"21";"1";"2019";"08:00";"5";"87";"87085";"2";"1";"1";"6";"GAUTIER (RUE THEOPHILE)";"45,8448300";"1,2537600"
"201900033573";"19";"1";"2019";"10:27";"1";"87";"87085";"2";"3";"1";"6";"TARRADE (AVENUE ADRIEN)";"45,8403600";"1,2571200"
"201900033574";"21";"1";"2019";"08:36";"1";"83";"83069";"2";"1";"1";"6";"PILLEMENT (AVENUE JACQUES)";"43,1194000";"6,1260000"
"201900033575";"20";"1";"2019";"14:20";"1";"80";"80021";"2";"9";"1";"3";"11, R SAINT GERMAIN";"49,8962600";"2,2963400"
"201900033576";"19";"1";"2019";"18:00";"5";"80";"80261";"2";"1";"1";"2";"ROUTE D'AMIENS";"49,8624000";"2,2764900"
"201900033577";"18";"1";"2019";"07:50";"2";"80";"80021";"2";"1";"1";"6";"111, R DE PARIS";"49,8872600";"2,2888900"
"201900033578";"18";"1";"2019";"08:30";"1";"80";"80021";"2";"1";"1";"6";"1, R PIERRE ROLLIN";"49,8792600";"2,3117500"
"201900033579";"18";"1";"2019";"12:20";"1";"80";"80021";"2";"1";"1";"6";"8, R PUVIS DE CHAVANNES";"49,8906000";"2,2938200"
"201900033580";"21";"1";"2019";"16:00";"1";"79";"79329";"2";"1";"8";"2";"137 avenue Emile Zola";"46,9952460";" -0,2076800"
"201900033581";"21";"1";"2019";"17:10";"1";"78";"78401";"2";"1";"1";"6";"FERME DU PARADIS (RUE DE LA)";"49,0116510";"1,9172840"
"201900033582";"21";"1";"2019";"18:55";"5";"78";"78643";"2";"5";"1";"6";"TRIEL AVENUE DE";"48,9763530";"1,9821320"
"201900033583";"19";"1";"2019";"19:40";"5";"77";"77251";"2";"9";"3";"1";"PIERRE POINT (AVENUE)";"48,6278000";"2,5594000"
"201900033584";"21";"1";"2019";"00:05";"5";"77";"77296";"1";"2";"1";"3";"D306 X RUE HENRI POINCARE";"48,6175000";"2,5687600"
"201900033585";"18";"1";"2019";"18:00";"5";"76";"76447";"2";"3";"1";"1";"JEAN JAURES";"49,5439900";"0,1952300"
"201900033586";"19";"1";"2019";"07:50";"2";"76";"76351";"2";"2";"1";"3";"MARECHAL JOFFRE (RUE)";"49,4985200";"0,1179500"
"201900033587";"20";"1";"2019";"17:00";"1";"74";"74012";"2";"6";"1";"6";"AMOUREUX (RUE DES)";"46,1902500";"6,2336100"
"201900033588";"11";"1";"2019";"07:50";"2";"73";"73065";"2";"6";"1";"6";"TURIN (AVENUE)";"45,5688665";"5,9301922"
"201900033589";"21";"1";"2019";"07:50";"5";"72";"72095";"2";"1";"1";"6";"VIENNE (RUE DE)";"48,0243600";"0,2075300"
"201900033590";"21";"1";"2019";"21:30";"5";"68";"68149";"2";"3";"1";"3";"ABBATUCCI ( RUE ET PLACE )";"47,5936800";"7,5811100"
"201900033591";"19";"1";"2019";"10:20";"1";"67";"67482";"2";"1";"7";"6";"ROMAINS (ROUTE DES)";"48,5794600";"7,7150400"
"201900033592";"18";"1";"2019";"13:50";"1";"67";"67482";"2";"3";"8";"6";"LOUIS PASTEUR (PONT)";"48,5743600";"7,7381900"
"201900033593";"18";"1";"2019";"14:50";"1";"66";"66136";"2";"1";"1";"1";"GAUGUIN (AVENUE PAUL)";"42,7191600";"2,8898900"
"201900033594";"19";"1";"2019";"17:30";"2";"63";"63212";"1";"3";"1";"2";"RD446";"45,8817500";"3,0960400"
"201900033595";"21";"1";"2019";"07:45";"2";"59";"59599";"2";"2";"9";"6";"WATT (CHAUSSEE)";"50,7258200";"3,1338300"
"201900033596";"21";"1";"2019";"04:45";"5";"59";"59279";"2";"3";"9";"3";"RONCQ (BOULEVARD)";"50,7738100";"3,1294300"
"201900033597";"19";"1";"2019";"01:20";"3";"59";"59654";"1";"6";"1";"6";"TOURNAI (ROUTE DE)";"50,3956200";"3,1182100"
"201900033598";"16";"1";"2019";"16:00";"1";"59";"59178";"2";"1";"1";"7";"BREGUET (BOULEVARD LOUIS)";"50,3804800";"3,0828700"
"201900033599";"20";"1";"2019";"21:38";"3";"59";"59064";"2";"1";"1";"6";"JAURES (R. JEAN)";"50,3651700";"3,4210300"
"201900033600";"21";"1";"2019";"15:15";"1";"59";"59043";"2";"3";"1";"6";"YPRES (RUE D')";"50,7400800";"2,7371300"
"201900033601";"20";"1";"2019";"08:45";"1";"56";"56121";"2";"1";"1";"7";"EMBELLIE (RUE  DE L' )";"47,7597000";" -3,3943600"
"201900033602";"20";"1";"2019";"06:10";"5";"55";"55029";"2";"3";"1";"6";"ROCHELLE ( BOULEVARD DE LA )";"48,7703050";"5,1659750"
"201900033603";"18";"1";"2019";"18:05";"5";"54";"54431";"2";"3";"1";"7";"avenue Eisenhower";"48,9029400";"6,0415600"
"201900033604";"21";"1";"2019";"17:33";"2";"51";"51454";"2";"1";"1";"2";"RUE PIERRE MAITRE";"49,2630500";"4,0016900"
"201900033605";"21";"1";"2019";"16:00";"1";"51";"51573";"2";"1";"1";"2";"RUE PAUL VAILLANT COUTURIER";"49,2478605";"4,0072226"
"201900033606";"19";"1";"2019";"19:20";"5";"51";"51454";"2";"6";"1";"2";"RUE DE LOUVOIS";"49,2288500";"4,0370400"
"201900033607";"20";"1";"2019";"15:06";"1";"49";"49267";"2";"9";"1";"6";"A87N";"47,4682400";" -0,5146100"
"201900033608";"18";"1";"2019";"15:47";"1";"49";"49007";"2";"1";"1";"6";"SAUMUROISE IMPASSE ET RUE";"47,4570200";" -0,5321400"
"201900033609";"17";"1";"2019";"21:00";"3";"49";"49267";"1";"1";"1";"6";"BEAUFORT ROUTE";"47,4669300";" -0,4820700"
"201900033610";"21";"1";"2019";"18:50";"5";"45";"45285";"2";"2";"1";"3";"R DES CHAISES-R DES RUBIS";"47,9213800";"1,8832000"
"201900033611";"21";"1";"2019";"18:45";"5";"37";"37214";"2";"3";"1";"6";"MOULIN (RUE JEAN)";"47,4075478";"0,6698823"
"201900033612";"21";"1";"2019";"13:00";"1";"35";"35281";"1";"3";"1";"5";"RD 634";"48,0698700";" -1,7103900"
"201900033613";"20";"1";"2019";"17:49";"5";"34";"34129";"1";"1";"2";"6";"PALAVAS D986 (ROUTE DE)";"43,5886100";"3,8918600"
"201900033614";"21";"1";"2019";"17:55";"2";"32";"32013";"2";"1";"1";"4";"DARWIN";"43,6318300";"0,5884700"
"201900033615";"18";"1";"2019";"22:20";"5";"31";"31555";"2";"1";"1";"6";"RUE PARGAMINIERES";"43,6048300";"1,4423600"
"201900033616";"13";"1";"2019";"16:35";"1";"29";"29019";"2";"3";"1";"1";"CLEMENCEAU GEORGES (DE 1 A 13 ET PARKING";"48,3927000";" -4,4907600"
"201900033617";"19";"1";"2019";"06:50";"5";"19";"19031";"2";"2";"1";"3";"GRIVEL (BOULEVARD AMIRAL)";"45,1566900";"1,5408600"
"201900033618";"21";"1";"2019";"18:50";"5";"14";"14118";"2";"3";"1";"1";"CUSSY (RUE DE)";"49,1889900";" -0,3886000"
"201900033619";"21";"1";"2019";"12:20";"1";"14";"14118";"2";"1";"1";"6";"DORESME (RUE NICOLAS)";"49,1843100";" -0,3991900"
"201900033620";"21";"1";"2019";"11:10";"1";"13";"13213";"2";"1";"1";"6";"ALBERT EINSTEIN (RUE)";"43,3392600";"5,4391280"
"201900033621";"21";"1";"2019";"08:20";"1";"13";"13204";"2";"1";"1";"6";"CASSINI (BOULEVARD)";"43,3056600";"5,3978000"
"201900033622";"21";"1";"2019";"00:46";"5";"13";"13205";"2";"1";"1";"2";"BAILLE (BOULEVARD)";"43,2885700";"5,3933600"
"201900033623";"21";"1";"2019";"09:30";"2";"13";"13001";"2";"9";"1";"6";"RD9";"43,4843150";"5,3556800"
"201900033624";"20";"1";"2019";"13:05";"1";"10";"10387";"2";"1";"8";"7";"ETIENNE PEDRON (RUE)";"48,3061000";"4,0788600"
"201900033625";"21";"1";"2019";"11:45";"1";"10";"10387";"2";"3";"1";"6";"SENARDES (RUE DES)";"48,2929000";"4,0911000"
"201900033626";"19";"1";"2019";"09:28";"1";"10";"10081";"2";"1";"8";"6";"JEAN MOULIN (RUE)";"48,3096900";"4,0384700"
"201900033627";"19";"1";"2019";"06:40";"5";"5";"05061";"2";"1";"1";"7";"GEORGES POMPIDOU ( BD)";"44,5596600";"6,0842100"
"201900033628";"18";"1";"2019";"12:00";"1";"5";"05061";"2";"3";"1";"2";"JEAN JAURES ( AVENUE )";"44,5525800";"6,0719100"
"201900033629";"20";"1";"2019";"19:00";"5";"93";"93048";"2";"1";"2";"6";"ROUGET DE L'ISLE (BOULEVARD)";"48,8602380";"2,4392350"
"201900033630";"19";"1";"2019";"20:30";"5";"93";"93066";"1";"1";"1";"5";"AUTOROUTE A1";"48,9112400";"2,3582000"
"201900033631";"15";"1";"2019";"07:40";"3";"93";"93007";"1";"1";"1";"2";"AUTOROUTE A3";"48,9321500";"2,4808500"
"201900033632";"15";"1";"2019";"08:50";"1";"93";"93001";"1";"1";"1";"7";"AUTOROUTE A86";"48,9215700";"2,3680800"
"201900033633";"21";"1";"2019";"07:30";"1";"75";"75120";"2";"1";"1";"3";"PORTE DE MONTREUIL";"48,8554470";"2,4138260"
"201900033634";"21";"1";"2019";"06:55";"5";"75";"75120";"2";"1";"1";"2";"PORTE DE BAGNOLET";"48,8687420";"2,4132520"
"201900033635";"20";"1";"2019";"19:30";"5";"75";"75117";"2";"1";"1";"3";"BOULEVARD PERIPHERIQUE EXTERIEUR OUEST";"48,8788920";"2,2803330"
"201900033636";"19";"1";"2019";"20:20";"5";"75";"75120";"2";"1";"1";"4";"PORTE DE BAGNOLET";"48,8650490";"2,4132040"
"201900033637";"18";"1";"2019";"22:00";"5";"75";"75117";"2";"4";"1";"3";"BOULEVARD PERIPHERIQUE";"48,8905450";"2,2987110"
"201900033638";"18";"1";"2019";"21:00";"5";"75";"75120";"2";"1";"1";"3";"BOULEVARD PERIPHERIQUE";"48,8509950";"2,4152130"
"201900033639";"21";"1";"2019";"08:00";"1";"75";"75111";"2";"2";"1";"6";"RUE DE BAGNOLET";"48,8565510";"2,3944460"
"201900033640";"21";"1";"2019";"17:53";"5";"75";"75119";"2";"3";"1";"6";"BOULEVARD MACDONALD";"48,8988050";"2,3762800"
"201900033641";"20";"1";"2019";"22:50";"5";"75";"75118";"2";"1";"1";"3";"AVENUE DE LA PORTE DES POISSONNIERS";"48,9004710";"2,3521910"
"201900033642";"21";"1";"2019";"15:15";"1";"75";"75117";"2";"2";"1";"7";"RUE DE ROME";"48,8873470";"2,3141320"
"201900033643";"16";"1";"2019";"13:20";"1";"75";"75115";"2";"2";"1";"3";"BOULEVARD GENERAL MARTIAL VALIN";"48,8369290";"2,2743090"
"201900033644";"21";"1";"2019";"20:45";"5";"75";"75113";"2";"7";"1";"2";"PLACE D ITALIE";"48,8312710";"2,3562640"
"201900033645";"21";"1";"2019";"14:20";"1";"75";"75113";"2";"1";"1";"3";"RUE DE SAINTE HELENE";"48,8185890";"2,3524930"
"201900033646";"20";"1";"2019";"22:20";"5";"75";"75111";"2";"3";"1";"3";"RUE ANTOINE VOLLON";"48,8510360";"2,3772260"
"201900033647";"20";"1";"2019";"13:20";"1";"75";"75112";"2";"7";"1";"6";"AVENUE DU TRONE";"48,8481110";"2,3974880"
"201900033648";"21";"1";"2019";"17:20";"2";"75";"75101";"2";"5";"1";"3";"RUE DE SEZE";"48,8699120";"2,3280070"
"201900033649";"21";"1";"2019";"12:15";"1";"75";"75107";"2";"1";"1";"3";"RUE DE L UNIVERSITE";"48,8611490";"2,3040830"
"201900033650";"21";"1";"2019";"19:45";"5";"75";"75102";"2";"2";"1";"3";"BOULEVARD SAINT DENIS";"48,8693290";"2,3542400"
"201900033651";"21";"1";"2019";"08:45";"1";"75";"75101";"2";"1";"1";"3";"QUAI DES TUILERIES";"48,8633830";"2,3222380"
"201900033652";"19";"1";"2019";"10:16";"1";"94";"94081";"2";"3";"1";"3";"EUGENE HENAFF (R)";"48,7940000";"2,4170000"
"201900033653";"21";"1";"2019";"13:50";"1";"94";"94077";"2";"3";"1";"2";"LE FOLL (AV)";"48,7282900";"2,4346200"
"201900033654";"20";"1";"2019";"18:40";"5";"94";"94003";"2";"1";"2";"1";"JEAN JAURES (AV)";"48,8108300";"2,3349200"
"201900033655";"21";"1";"2019";"15:00";"1";"94";"94028";"2";"9";"1";"2";"PARIS.(RUE DE)";"48,7938000";"2,4608300"
"201900033656";"20";"1";"2019";"10:40";"1";"94";"94079";"2";"1";"1";"6";"GENERAL DE GAULLE (R DU)";"48,8258200";"2,5404600"
"201900033657";"21";"1";"2019";"08:10";"2";"93";"93071";"2";"1";"1";"6";"MARTIN LUTHER KING (AVENUE)";"48,9497400";"2,5302900"
"201900033658";"21";"1";"2019";"11:40";"1";"93";"93053";"2";"3";"1";"6";"BREMENT (RUE DE) 1 A 83 - 2 A 78";"48,8877000";"2,4636500"
"201900033659";"21";"1";"2019";"16:35";"1";"93";"93033";"2";"1";"1";"6";"CHAMPS (AVENUE)";"48,8605800";"2,5801500"
"201900033660";"21";"1";"2019";"08:00";"2";"93";"93051";"2";"1";"9";"6";"DOCTEUR SUREAU";"48,8462000";"2,5492800"
"201900033661";"20";"1";"2019";"13:45";"1";"93";"93029";"2";"1";"1";"3";"DIVISION LECLERC (AV. DE LA )";"48,9352210";"2,4516090"
"201900033662";"16";"1";"2019";"16:40";"2";"93";"93010";"2";"2";"1";"3";"JAURES (RUE JEAN) DE 1 A 23";"48,9014290";"2,4770040"
"201900033663";"21";"1";"2019";"08:23";"2";"93";"93008";"2";"1";"9";"6";"BALZAC (RUE)";"48,9130400";"2,4179900"
"201900033664";"21";"1";"2019";"06:24";"5";"93";"93008";"2";"1";"1";"2";"PARIS (RUE DE)";"48,8997890";"2,4484960"
"201900033665";"21";"1";"2019";"09:25";"1";"92";"92012";"2";"9";"9";"2";"MARCEL DASSAULT (RUE) - COTE IMPAIR - 26";"48,8348100";"2,2509500"
"201900033666";"21";"1";"2019";"08:45";"1";"92";"92007";"2";"4";"1";"6";"RAVERA (AVENUE HENRI) N° 111 A 217 ET 10";"48,8010100";"2,3095390"
"201900033667";"21";"1";"2019";"14:00";"1";"43";"43183";"1";"1";"5";"1";"lieu-dit ""La Chaumasse""";"45,1371540";"3,6343850"
"201900033668";"21";"1";"2019";"22:00";"5";"36";"36034";"2";"1";"9";"6";"ZA LES VIGNEAUX";"47,2489730";"1,6391290"
"201900033669";"13";"1";"2019";"19:56";"3";"57";"57592";"1";"1";"2";"1";"RD43";"48,8296250";"7,0184730"
"201900033670";"22";"1";"2019";"16:30";"1";"81";"81075";"1";"1";"2";"6";"D.92 - Lieu-dit la Fumade";"43,6422879";"2,0988717"
"201900033671";"20";"1";"2019";"05:25";"5";"978";"97801";"2";"1";"1";"6";"Gare routière, rue de Hollande";"18,0679940";" -63,0835150"
"201900033672";"19";"1";"2019";"22:30";"3";"34";"34079";"1";"1";"1";"2";"A75 PK 293+500";"43,6213940";"3,4555190"
"201900033673";"22";"1";"2019";"08:50";"2";"62";"62820";"2";"1";"4";"1";"RD 939";"50,3536510";"2,4906610"
"201900033674";"22";"1";"2019";"08:15";"2";"37";"37160";"1";"1";"2";"1";"Autoroute A10 - PK 176+100";"47,5553687";"1,0143731"
"201900033675";"22";"1";"2019";"09:30";"1";"74";"74052";"1";"1";"5";"6";"RD 323";"46,0678193";"6,0389110"
"201900033676";"22";"1";"2019";"11:50";"1";"74";"74289";"2";"3";"1";"3";"194 rue de verlioz";"45,9002930";"5,9372120"
"201900033677";"22";"1";"2019";"16:40";"1";"71";"71413";"2";"1";"4";"1";"207 Route de Saint-Firmin";"46,8315890";"4,4717150"
"201900033678";"21";"1";"2019";"11:50";"1";"61";"61377";"1";"1";"1";"6";"la basse dumainerie";"48,7226460";" -0,7455020"
"201900033679";"22";"1";"2019";"09:30";"1";"61";"61072";"1";"1";"9";"2";"lieu dit la haute folie";"48,9584650";"0,2777710"
"201900033680";"15";"1";"2019";"19:20";"5";"41";"41092";"2";"2";"1";"3";"Rue de l'église";"47,4480250";"1,3429750"
"201900033681";"21";"1";"2019";"17:25";"2";"86";"86188";"1";"1";"7";"1";"Lieu-dit ""Le chene vert"", RD97C";"46,3692640";"0,2122010"
"201900033682";"21";"1";"2019";"20:15";"5";"2";"02658";"2";"2";"1";"3";"route de Paris";"49,8091350";"3,1803030"
"201900033683";"17";"1";"2019";"15:40";"1";"58";"58263";"1";"1";"1";"6";"La Pouge";"47,4014280";"3,4487630"
"201900033684";"22";"1";"2019";"17:40";"5";"14";"14174";"2";"1";"3";"6";"107 Rue Saint Martin";"48,8405967";" -0,5612871"
"201900033685";"21";"1";"2019";"15:00";"1";"14";"14257";"2";"3";"7";"3";"rue Camille Blaisot";"49,0993180";" -0,5030205"
"201900033686";"22";"1";"2019";"04:15";"3";"85";"85076";"2";"1";"1";"2";"Route de Clisson";"47,0673600";" -1,2609500"
"201900033687";"21";"1";"2019";"21:00";"5";"27";"27453";"2";"2";"1";"3";"Rue des Canadiens";"49,4125990";"1,3657950"
"201900033688";"22";"1";"2019";"18:45";"5";"37";"37081";"2";"1";"1";"6";"le gros ormeau";"47,4651660";"0,3741360"
"201900033689";"18";"1";"2019";"14:35";"1";"52";"52357";"2";"9";"1";"6";"19 rue basse";"48,4186390";"5,2421450"
"201900033690";"21";"1";"2019";"18:45";"3";"67";"67083";"1";"1";"4";"7";"D853";"49,0021100";"7,6325300"
"201900033691";"20";"1";"2019";"20:20";"5";"30";"30169";"2";"3";"1";"3";"01 rue Georges brassens";"43,7906200";"4,3143850"
"201900033692";"21";"1";"2019";"19:10";"3";"31";"31450";"1";"1";"1";"2";"A61 - PK 265.300";"43,3843850";"1,7307580"
"201900033693";"21";"1";"2019";"09:10";"1";"987";"98715";"1";"1";"1";"3";"PK 2.700 - RT 1 - Face station MOBIL de AUAE";" -16,6394460";" -145,4913380"
"201900033694";"22";"1";"2019";"07:40";"3";"72";"72353";"1";"1";"3";"6";"A11";"48,1765050";"0,7663270"
"201900033695";"22";"1";"2019";"11:40";"1";"24";"24011";"1";"1";"2";"5";"RN 21";"45,2208000";"0,8407300"
"201900033696";"21";"1";"2019";"19:15";"3";"74";"74118";"1";"1";"8";"2";"A40";"46,1811840";"6,2299070"
"201900033697";"21";"1";"2019";"14:45";"1";"971";"97128";"2";"3";"1";"3";"RN 4 - Durivage";"16,2208720";" -61,4037750"
"201900033698";"22";"1";"2019";"10:05";"1";"84";"84065";"1";"1";"1";"7";"D973";"43,7466690";"5,3040770"
"201900033699";"21";"1";"2019";"14:30";"1";"83";"83035";"1";"1";"1";"2";"CD26";"43,2343520";"5,7670320"
"201900033700";"20";"1";"2019";"15:30";"1";"3";"03298";"2";"9";"2";"6";"rue Jules Dupré";"46,3122137";"3,4115105"
"201900033701";"17";"1";"2019";"06:40";"3";"74";"74302";"1";"1";"2";"6";"RD D909 - route des aravis";"45,9103126";"6,3707037"
"201900033702";"15";"1";"2019";"13:40";"1";"1";"01043";"1";"1";"1";"6";"chemin de beynost";"45,8627690";"4,9935160"
"201900033703";"22";"1";"2019";"07:07";"5";"33";"33322";"2";"2";"2";"3";"D211 / Chemin rouge";"44,9536450";" -0,6778620"
"201900033704";"21";"1";"2019";"14:25";"1";"22";"22008";"1";"1";"1";"5";"RD 766";"48,4119020";" -2,0879470"
"201900033705";"21";"1";"2019";"08:00";"2";"35";"35309";"1";"3";"1";"2";"RD 794";"48,3522273";" -1,5546848"
"201900033706";"22";"1";"2019";"11:05";"1";"60";"60141";"2";"1";"4";"6";"12B rue d'Aumale";"49,1933590";"2,4696290"
"201900033707";"22";"1";"2019";"13:00";"1";"60";"60282";"2";"1";"4";"6";"01 chemin des aigles";"49,1846366";"2,4592164"
"201900033708";"22";"1";"2019";"08:44";"1";"60";"60480";"1";"3";"4";"1";"D1001";"49,4960900";"2,1579960"
"201900033709";"21";"1";"2019";"11:34";"1";"60";"60103";"1";"4";"1";"1";"D34";"49,4255138";"2,2411805"
"201900033710";"19";"1";"2019";"19:40";"3";"67";"67482";"1";"1";"1";"4";"Autoroute A.351";"48,5861800";"7,7199600"
"201900033711";"21";"1";"2019";"08:20";"1";"33";"33063";"1";"1";"1";"4";"ROCADE A 630";"44,8836500";" -0,5559500"
"201900033712";"19";"1";"2019";"19:10";"3";"95";"95500";"1";"1";"2";"5";"AUTOROUTE A15";"49,0394500";"2,0854400"
"201900033713";"21";"1";"2019";"20:30";"3";"94";"94018";"1";"1";"1";"3";"A4";"48,8202000";"2,4120000"
"201900033714";"21";"1";"2019";"15:40";"1";"77";"77373";"1";"1";"1";"2";"RN104";"48,7745000";"2,6119000"
"201900033715";"20";"1";"2019";"22:00";"5";"94";"94046";"1";"1";"1";"2";"A86 INT";"48,8046400";"2,4485300"
"201900033716";"16";"1";"2019";"10:40";"1";"2B";"2B033";"2";"4";"1";"6";"CAMPINCHI DU NR 6. 39 -RU";"42,7052700";"9,4470900"
"201900033717";"15";"1";"2019";"12:20";"1";"85";"85191";"2";"3";"1";"3";"BOULEVARD LAVOISIER ";"46,6645400";" -1,4443400"
"201900033718";"15";"1";"2019";"09:35";"1";"74";"74133";"2";"3";"1";"6";"STALINGRAD (RUE DU)";"46,1902160";"6,2097210"
"201900033719";"4";"9";"2019";"04:55";"3";"50";"50363";"1";"3";"1";"3";"2 Route de l'Aubannerie";"49,0063210";" -1,0949770"
"201900033720";"4";"9";"2019";"09:50";"1";"41";"41238";"1";"2";"1";"3";"La Roncière";"47,8759210";"0,8593190"
"201900033721";"3";"9";"2019";"18:15";"1";"34";"34120";"2";"9";"1";"6";"ROUTE DE VENDARGUES";"43,6595390";"3,9064590"
"201900033722";"30";"8";"2019";"18:45";"1";"30";"30060";"2";"1";"1";"1";"215 rue de l'abrivado";"43,7957080";"4,3778180"
"201900033723";"4";"9";"2019";"07:25";"2";"30";"30135";"2";"2";"1";"6";"route départementale 999";"43,8180650";"4,5455300"