"Num_Acc";"jour";"mois";"an";"hrmn";"lum";"dep";"com";"agg";"int";"atm";"col";"adr";"lat";"long"
"201900033724";"2";"9";"2019";"23:20";"3";"30";"30356";"1";"1";"1";"2";"RD999";"43,8328850";"4,4301250"
"201900033725";"1";"9";"2019";"13:00";"1";"56";"56168";"1";"1";"7";"6";"Kerpontic";"47,6119690";" -3,1310040"
"201900033726";"4";"9";"2019";"12:00";"1";"74";"74267";"1";"3";"1";"3";"Route du Col de Leschaux (Sévrier)";"45,8562810";"6,1385370"
"201900033727";"3";"9";"2019";"18:20";"1";"79";"79079";"1";"9";"7";"1";"La Coindrie";"46,9696560";" -0,8986280"
"201900033728";"4";"9";"2019";"16:40";"1";"82";"82079";"1";"1";"1";"7";"975 Route de Montauban";"43,9371190";"1,3585240"
"201900033729";"3";"9";"2019";"06:09";"2";"71";"71346";"1";"6";"1";"7";"rond point RD 60 RD 985";"46,6120410";"4,2203060"
"201900033730";"4";"9";"2019";"13:50";"1";"38";"38015";"2";"1";"1";"7";"Chemin de la Grande Forêt";"45,5472100";"5,1764000"
"201900033731";"3";"9";"2019";"15:12";"1";"2";"02810";"1";"3";"1";"3";"Route de Vivières";"49,2655030";"3,0999760"
"201900033732";"4";"9";"2019";"08:50";"1";"26";"26108";"2";"3";"1";"3";"Avenue Félix Rozier";"44,7352780";"5,0099190"
"201900033733";"3";"9";"2019";"16:56";"1";"90";"90012";"1";"1";"1";"7";"D419";"47,6520810";"6,9526040"
"201900033734";"1";"9";"2019";"22:50";"3";"9";"09228";"1";"1";"2";"4";"RN20";"42,7388020";"1,7895290"
"201900033735";"30";"8";"2019";"18:00";"1";"7";"07110";"2";"1";"1";"3";"Route de la Grand Font";"44,4810250";"4,2381580"
"201900033736";"30";"8";"2019";"23:20";"5";"21";"21663";"1";"1";"1";"6";"D103";"47,5346000";"4,4501980"
"201900033737";"29";"8";"2019";"17:18";"1";"24";"24540";"1";"2";"1";"3";"Le Clapier (Sorges, Sorges-et-Ligueux-en-Périgord)";"45,3041110";"0,8626220"
"201900033738";"4";"9";"2019";"07:30";"1";"4";"04121";"1";"1";"1";"1";"RD 17 Gros Prefaissal";"44,0226350";"6,1772390"
"201900033739";"31";"8";"2019";"18:03";"1";"85";"85234";"2";"1";"1";"6";"Rue Auguste Lepère";"46,7845500";" -2,0707900"
"201900033740";"30";"8";"2019";"12:10";"1";"85";"85039";"1";"3";"1";"3";" LE CHARPRE";"47,0237700";" -1,2260500"
"201900033741";"3";"9";"2019";"07:00";"2";"17";"17337";"2";"3";"1";"1";"Rue Nationale";"45,9721410";" -1,3503940"
"201900033742";"31";"8";"2019";"16:15";"1";"88";"88176";"2";"1";"7";"6";"16 Rue de le Magny";"47,9686340";"6,1751530"
"201900033743";"25";"8";"2019";"10:35";"1";"6";"06027";"1";"1";"1";"2";"A8 / PK181.800 Chaussée Sud";"43,6607030";"7,1556610"
"201900033744";"4";"9";"2019";"11:15";"1";"38";"38511";"1";"1";"1";"2";"A41";"45,3578300";"5,9696400"
"201900033745";"3";"9";"2019";"17:10";"1";"74";"74118";"1";"4";"1";"3";"A 40";"46,1808388";"6,2303858"
"201900033746";"4";"9";"2019";"07:40";"2";"13";"13001";"1";"1";"7";"3";"A8 pk 016+800 sens nord/sud";"43,5222850";"5,4109520"
"201900033747";"4";"9";"2019";"16:30";"1";"33";"33214";"2";"1";"1";"6";"10 Rue de l'Amiral";"45,0093240";" -1,1692700"
"201900033748";"3";"9";"2019";"17:00";"1";"37";"37011";"2";"1";"1";"3";"Rue Gutenberg";"47,2147410";"0,1724390"
"201900033749";"1";"9";"2019";"17:40";"1";"77";"77283";"2";"3";"1";"3";"D147 X RUE DU PRE GAULT";"49,0694400";"3,0194940"
"201900033750";"4";"9";"2019";"04:49";"3";"77";"77264";"1";"1";"1";"6";"D231 PK31+400";"48,7450800";"2,9582500"
"201900033751";"4";"9";"2019";"08:40";"1";"95";"95008";"1";"1";"1";"1";"D983";"49,0688980";"1,7757980"
"201900033752";"3";"9";"2019";"18:30";"1";"91";"91041";"2";"6";"1";"3";"CD 19";"48,5731220";"2,2406590"
"201900033753";"3";"9";"2019";"19:15";"2";"91";"91017";"2";"1";"1";"1";"21 Grande Rue";"48,5919140";"2,0671080"
"201900033754";"3";"9";"2019";"23:30";"3";"2B";"2B303";"1";"1";"1";"7";"RT10";"42,2852540";"9,5507480"
"201900033755";"1";"9";"2019";"13:00";"1";"83";"83115";"2";"1";"1";"3";"42 Boulevard Jean Moulin";"43,3026900";"6,6265720"
"201900033756";"3";"9";"2019";"08:00";"1";"83";"83150";"1";"1";"1";"6";"Boutre";"43,6951940";"5,8292895"
"201900033757";"4";"9";"2019";"18:45";"1";"89";"89024";"1";"1";"1";"6";"A6 pk 159+700";"47,7968260";"3,5663540"
"201900033758";"30";"8";"2019";"15:50";"1";"67";"67127";"1";"1";"1";"3";"D45";"48,5735620";"7,5405240"
"201900033759";"3";"9";"2019";"20:50";"3";"67";"67046";"2";"6";"1";"3";"Route de Strasbourg";"48,7524190";"7,8476050"
"201900033760";"3";"9";"2019";"20:35";"5";"57";"57633";"1";"1";"1";"7";"D 33";"49,0882220";"7,1073980"
"201900033761";"2";"9";"2019";"18:00";"1";"42";"42299";"1";"1";"1";"2";"d496";"45,6101950";"4,0964730"
"201900033762";"4";"9";"2019";"08:00";"1";"79";"79116";"2";"3";"7";"3";"Avenue Jules Trinchot";"46,8304150";" -0,3534620"
"201900033763";"4";"9";"2019";"14:15";"1";"64";"64230";"2";"1";"1";"2";"Chemin de Lacau";"43,2369120";" -0,3911960"
"201900033764";"20";"2";"2019";"04:56";"3";"44";"44026";"1";"1";"1";"2";"D37";"47,2877340";" -1,4640390"
"201900033765";"3";"9";"2019";"18:17";"1";"27";"27599";"1";"1";"1";"2";"RD6015";"49,1490760";"1,3852680"
"201900033766";"3";"9";"2019";"17:15";"1";"76";"76147";"1";"1";"1";"5";"RD 48";"49,7331430";"1,3761220"
"201900033767";"2";"9";"2019";"13:15";"1";"60";"60589";"2";"6";"1";"6";"Rue de la Liberté";"49,2407480";"2,4701380"
"201900033768";"3";"9";"2019";"16:20";"1";"60";"60282";"2";"6";"1";"7";"D162, Direction Saint-Maximin, Rond point des 4 chemins";"49,1897228";"2,4151431"
"201900033769";"2";"9";"2019";"19:10";"1";"62";"62201";"1";"1";"1";"7";"D148E5";"50,5673270";"1,6181230"
"201900033770";"3";"9";"2019";"08:00";"1";"13";"13106";"1";"1";"1";"2";"A7-Sens Marseille vers Lyon";"43,3996930";"5,3492240"
"201900033771";"3";"9";"2019";"08:00";"1";"13";"13071";"1";"1";"1";"2";"A51-Sens Aix en Provence vers Marseille";"43,4100800";"5,3637900"
"201900033772";"2";"9";"2019";"11:30";"1";"13";"13015";"1";"1";"1";"6";"A515CM-sortie Gardanne/Bouc Bel Air";"43,4296372";"5,3930087"
"201900033773";"13";"5";"2019";"14:40";"1";"69";"69034";"1";"1";"1";"3";"BPNL   37.781 A 41.124";"45,7905294";"4,8455340"
"201900033774";"3";"9";"2019";"17:40";"1";"91";"91617";"1";"1";"1";"4";"104 EXT/ A5A PROVINCE";"48,6312990";"2,5062200"
"201900033775";"3";"9";"2019";"16:15";"1";"91";"91174";"1";"1";"1";"4";"RN 104";"48,6102600";"2,4441100"
"201900033776";"2";"9";"2019";"19:25";"1";"94";"94038";"1";"1";"1";"3";"AUTOROUTE A6B";"48,7854800";"2,3467300"
"201900033777";"3";"9";"2019";"16:50";"1";"78";"78640";"1";"1";"1";"2";"A86 EXT";"48,7781630";"2,2128380"
"201900033778";"3";"9";"2019";"07:30";"1";"78";"78640";"1";"1";"1";"3";"N118";"48,7819000";"2,2230000"
"201900033779";"30";"8";"2019";"06:15";"3";"92";"92036";"1";"1";"1";"6";"AUTOROUTE A86";"48,9389408";"2,3041688"
"201900033780";"3";"9";"2019";"08:16";"1";"94";"94028";"1";"1";"1";"7";"A86 INT";"48,7956900";"2,4428000"
"201900033781";"2";"9";"2019";"21:50";"5";"94";"94069";"1";"1";"1";"2";"A4";"48,8175000";"2,4322000"
"201900033782";"2";"9";"2019";"17:40";"1";"77";"77122";"1";"1";"1";"6";"RN104";"48,6538900";"2,6154200"
"201900033783";"19";"6";"2019";"18:10";"1";"91";"91479";"2";"1";"1";"3";"FONTAINEBLEAU (ROUTE DE)";"48,7199500";"2,3706910"
"201900033784";"14";"6";"2019";"16:45";"1";"77";"77495";"1";"1";"1";"6";"D.306";"48,5697300";"2,6241800"
"201900033785";"2";"9";"2019";"09:50";"1";"77";"77372";"2";"1";"1";"2";"D934";"48,8795020";"2,6714690"
"201900033786";"1";"9";"2019";"12:05";"1";"38";"38169";"2";"1";"1";"6";"BOULEVARD JOLIOT-CURIE";"45,1977700";"5,6929900"
"201900033787";"31";"8";"2019";"19:15";"1";"13";"13202";"2";"1";"1";"6";"REPUBLIQUE (RUE DE LA)";"43,2984000";"5,3723600"
"201900033788";"31";"8";"2019";"11:45";"1";"13";"13201";"2";"3";"1";"3";"LIBERTE (BOULEVARD DE LA)";"43,3009370";"5,3824040"
"201900033789";"2";"9";"2019";"07:50";"1";"974";"97416";"1";"1";"1";"6";"RN3 (3)";" -21,3156500";"55,4919600"
"201900033790";"2";"9";"2019";"07:30";"2";"69";"69259";"2";"6";"1";"7";"CHARBONNIER (DU)                    (CH)";"45,7015120";"4,8911050"
"201900033791";"2";"9";"2019";"13:25";"1";"972";"97213";"2";"6";"1";"3";"ROUTE NATIONALE 1";"14,6198740";" -60,9943480"
"201900033792";"2";"9";"2019";"10:35";"1";"69";"69381";"2";"1";"1";"6";"JEAN MOULIN                         (QU)";"45,7679100";"4,8378800"
"201900033793";"2";"9";"2019";"11:40";"1";"2B";"2B033";"1";"1";"1";"6";"ROUTE ROYALE";"42,6765900";"9,4358000"
"201900033794";"2";"9";"2019";"15:00";"1";"971";"97101";"2";"1";"1";"3";"MAIRIE";"16,2709590";" -61,5052090"
"201900033795";"2";"9";"2019";"18:30";"1";"95";"95428";"2";"1";"1";"1";"FERON";"48,9979297";"2,3180804"
"201900033796";"2";"9";"2019";"19:20";"1";"95";"95018";"2";"2";"1";"1";"RUE DES CLOVIERS ";"48,9567300";"2,2546920"
"201900033797";"2";"9";"2019";"11:40";"1";"91";"91286";"2";"1";"1";"3";"PLESSIS (CHEMIN DU)";"48,6525170";"2,3849110"
"201900033798";"1";"9";"2019";"13:40";"1";"91";"91223";"1";"1";"1";"6";"RUE DU LT COLONEL ARNAUD BELTRAME";"48,4442000";"2,1378800"
"201900033799";"2";"9";"2019";"21:30";"5";"91";"91657";"2";"1";"1";"6";"FREDERIC JOLIOT CURIE (AVENUE)";"48,7000000";"2,4200000"
"201900033800";"2";"9";"2019";"12:10";"1";"81";"81163";"1";"1";"1";"6";"RD 118";"43,4389775";"2,3332066"
"201900033801";"30";"8";"2019";"15:13";"1";"80";"80489";"2";"3";"1";"5";"R VICTOR HUGO";"49,8677400";"2,3570100"
"201900033802";"2";"9";"2019";"07:30";"1";"78";"78498";"2";"1";"1";"7";"VILLIERS RUE DE";"48,9200000";"2,0222000"
"201900033803";"1";"9";"2019";"11:35";"1";"77";"77450";"2";"1";"1";"1";"REPUBLIQUE (RUE DE LA)";"48,7158800";"2,5853800"
"201900033804";"1";"9";"2019";"19:27";"1";"76";"76157";"1";"1";"1";"1";"SAHURS. ROUTE DE (CD 351)";"49,4289300";"1,0103000"
"201900033805";"30";"8";"2019";"14:05";"1";"76";"76351";"1";"6";"1";"6";"JEAN JACQUES ROUSSEAU (PONT)";"49,4919900";"0,1326800"
"201900033806";"31";"8";"2019";"06:40";"2";"76";"76351";"2";"2";"1";"4";"LENINGRAD (BD DE)";"49,4986400";"0,1590300"
"201900033807";"31";"8";"2019";"17:30";"1";"76";"76351";"2";"2";"1";"3";"MARYSE BASTIE";"49,5242800";"0,0968600"
"201900033808";"31";"8";"2019";"01:50";"5";"76";"76447";"2";"1";"1";"6";"René Coty";"49,5434700";"0,1902300"
"201900033809";"31";"8";"2019";"18:50";"1";"67";"67482";"2";"1";"1";"3";"ROMAINS (ROUTE DES)";"48,5791660";"7,7131060"
"201900033810";"31";"8";"2019";"14:15";"1";"67";"67447";"2";"1";"1";"2";"GENERAL DE GAULLE (ROUTE DU)";"48,6028260";"7,7381560"
"201900033811";"31";"8";"2019";"12:45";"1";"67";"67482";"2";"1";"1";"6";"CERVANTES (AVENUE)";"48,5930500";"7,6983300"
"201900033812";"31";"8";"2019";"11:00";"1";"67";"67482";"1";"1";"1";"6";"RHIN NAPOLEON (RUE DU)";"48,5690900";"7,7780550"
"201900033813";"31";"8";"2019";"05:40";"2";"67";"67482";"2";"1";"1";"2";"COLMAR (AVENUE DE)";"48,5517410";"7,7431230"
"201900033814";"31";"8";"2019";"22:45";"5";"64";"64140";"2";"1";"1";"7";"PAMBRUN (RUE CHANOINE JEAN)";"43,5235900";" -1,4881900"
"201900033815";"31";"8";"2019";"11:45";"1";"64";"64024";"2";"1";"8";"7";"BIARRITZ (AVENUE DE)";"43,4804000";" -1,5281000"
"201900033816";"31";"8";"2019";"13:37";"1";"63";"63113";"2";"1";"1";"5";"COTE BLATIN (BD)";"45,7709900";"3,0927400"
"201900033817";"2";"9";"2019";"11:25";"1";"54";"54395";"2";"3";"1";"3";"VOSGES (PLACE DES)";"48,6849960";"6,1870480"
"201900033818";"2";"9";"2019";"17:35";"1";"51";"51454";"2";"3";"1";"3";"RUE DU COLONEL FABIEN";"49,2491800";"4,0166600"
"201900033819";"2";"9";"2019";"07:50";"1";"51";"51454";"2";"6";"1";"3";"AVENUE FRANCOIS MAURIAC";"49,2335218";"3,9992514"
"201900033820";"30";"8";"2019";"10:50";"1";"49";"49007";"2";"1";"1";"3";"JEAN XXIII AVENUE";"47,4473200";" -0,5613600"
"201900033821";"30";"8";"2019";"18:13";"1";"49";"49007";"2";"2";"1";"6";"FOCH BOULEVARD";"47,4665800";" -0,5532600"
"201900033822";"2";"9";"2019";"18:30";"1";"44";"44109";"2";"1";"1";"6";"RUE L'OUCHE DE VERSAILLES";"47,2289400";" -1,5548400"
"201900033823";"28";"8";"2019";"03:05";"5";"44";"44055";"2";"2";"1";"3";"AVENUES SAINT GEORGES / VERNE";"47,2723100";" -2,3480320"
"201900033824";"1";"9";"2019";"11:30";"1";"38";"38169";"2";"3";"1";"3";"CROIZAT (AVENUE A.)";"45,1934579";"5,6814789"
"201900033825";"27";"8";"2019";"16:00";"1";"35";"35238";"2";"6";"1";"3";"GRAFF (AVENUE GEORGES)";"48,0900400";" -1,6909300"
"201900033826";"2";"9";"2019";"22:00";"5";"34";"34172";"2";"1";"1";"3";"RECAMBALE (AVENUE DE LA)";"43,6061000";"3,8382900"
"201900033827";"2";"9";"2019";"20:35";"5";"34";"34172";"2";"1";"1";"6";"GRAND SAINT JEAN (RUE DU)";"43,6040821";"3,8785572"
"201900033828";"2";"9";"2019";"15:50";"1";"34";"34198";"2";"1";"1";"3";"D21  ROUTE DE CARNON";"43,5825593";"3,9256348"
"201900033829";"3";"9";"2019";"02:30";"5";"33";"33063";"2";"1";"1";"3";"RUE EDMOND BESSE";"44,8869400";" -0,5435600"
"201900033830";"1";"9";"2019";"03:15";"5";"33";"33063";"2";"2";"1";"1";"R. Villedieu / R. Millière / R. Tanesse";"44,8308610";" -0,5768660"
"201900033831";"1";"9";"2019";"20:20";"1";"31";"31555";"2";"1";"1";"6";"AV HONORE SERRES";"43,6142000";"1,4378900"
"201900033832";"30";"8";"2019";"20:00";"1";"31";"31555";"2";"1";"1";"3";"PORT SAINT SAUVEUR";"43,5961000";"1,4568200"
"201900033833";"30";"8";"2019";"12:29";"1";"31";"31555";"1";"1";"1";"4";"VA007331 A620";"43,5757700";"1,4446000"
"201900033834";"25";"8";"2019";"01:53";"3";"30";"30189";"1";"1";"1";"7";"POULX (ROUTE DE)";"43,8920700";"4,4188100"
"201900033835";"2";"9";"2019";"19:20";"2";"27";"27229";"2";"1";"1";"3";"COLBERT (RUE)";"49,0114900";"1,1698500"
"201900033836";"2";"9";"2019";"16:40";"1";"25";"25462";"1";"1";"1";"2";"ROCADE G.POMPIDOU (DU 25 A LA FIN)";"46,9221350";"6,3356940"
"201900033837";"30";"8";"2019";"02:45";"3";"22";"22360";"2";"1";"1";"7";"RN12";"48,4860400";" -2,7155280"
"201900033838";"2";"9";"2019";"09:07";"1";"17";"17200";"2";"1";"1";"7";"ROSE AVENUE DU FIEF";"46,1790000";" -1,1674600"
"201900033839";"2";"9";"2019";"18:35";"1";"15";"15014";"2";"4";"1";"1";"REPUBLIQUE (AVENUE DE LA)";"44,9231290";"2,4362600"
"201900033840";"31";"8";"2019";"08:25";"1";"14";"14715";"2";"1";"1";"1";"AGUESSEAU (ROUTE D')";"49,3722900";"0,1218100"
"201900033841";"31";"8";"2019";"08:15";"1";"14";"14117";"2";"1";"1";"7";"MER (AVENUE DE LA)";"49,2882700";" -0,1164700"
"201900033842";"1";"9";"2019";"17:05";"1";"14";"14117";"2";"9";"1";"6";"TROARN (AVENUE DE)";"49,2876900";"0,1175600"
"201900033843";"2";"9";"2019";"12:00";"1";"13";"13213";"2";"9";"1";"6";"ESCADRILLE NORMANDIE NIEMEN";"43,3317139";"5,4102060"
"201900033844";"2";"9";"2019";"07:40";"1";"13";"13210";"2";"1";"1";"2";"CAPITAINE GALINAT (RUE)";"43,2863000";"5,3987000"
"201900033845";"30";"8";"2019";"23:50";"5";"11";"11262";"2";"1";"1";"2";"AUGE (BOULEVARD DU DR LEON)";"43,1806200";"2,9752900"
"201900033846";"30";"8";"2019";"19:35";"1";"11";"11262";"2";"1";"1";"6";"RD 6009 NARBONNE - BEZIERS";"43,1810440";"2,9680590"
"201900033847";"2";"9";"2019";"08:29";"1";"10";"10362";"2";"1";"1";"4";"GENERAL LECLERC (RUE DU)";"48,2913900";"4,0336800"
"201900033848";"2";"9";"2019";"08:50";"1";"6";"06088";"2";"1";"1";"6";"MONTEL (BD PAUL)";"43,6775180";"7,2054450"
"201900033849";"2";"9";"2019";"19:10";"1";"6";"06027";"2";"1";"1";"3";"CANNES AVENUE DE (RN7)";"43,6543290";"7,1485110"
"201900033850";"29";"8";"2019";"14:00";"1";"5";"05061";"2";"1";"1";"5";"GEORGES POUGET ( RUE)";"44,5585600";"6,0682900"
"201900033851";"31";"8";"2019";"16:54";"1";"75";"75116";"2";"1";"1";"6";"BD PERIPHERIQUE INTERIEUR";"48,8387510";"2,2543580"
"201900033852";"2";"9";"2019";"16:35";"1";"75";"75119";"2";"3";"1";"6";"RUE TANDOU";"48,8857270";"2,3783840"
"201900033853";"2";"9";"2019";"16:10";"1";"75";"75117";"2";"2";"1";"3";"BOULEVARD DE COURCELLES";"48,8791460";"2,3031110"
"201900033854";"2";"9";"2019";"00:01";"5";"75";"75117";"2";"2";"1";"3";"BOULEVARD BERTHIER";"48,8900180";"2,3038670"
"201900033855";"2";"9";"2019";"16:10";"1";"75";"75114";"2";"2";"1";"3";"AVENUE DU MAINE";"48,8368144";"2,3232503"
"201900033856";"2";"9";"2019";"21:20";"5";"75";"75113";"2";"2";"1";"3";"BOULEVARD ARAGO";"48,8357250";"2,3485480"
"201900033857";"2";"9";"2019";"18:20";"1";"75";"75113";"2";"1";"1";"3";"BOULEVARD ARAGO";"48,8349080";"2,3436760"
"201900033858";"2";"9";"2019";"13:25";"1";"75";"75113";"2";"5";"1";"6";"RUE DE TOLBIAC";"48,8266283";"2,3636758"
"201900033859";"2";"9";"2019";"22:10";"5";"75";"75111";"2";"2";"1";"6";"AVENUE DE LA REPUBLIQUE";"48,8651160";"2,3753330"
"201900033860";"2";"9";"2019";"09:10";"1";"75";"75111";"2";"3";"1";"6";"AVENUE DE BOUVINES";"48,8497570";"2,3962160"
"201900033861";"2";"9";"2019";"15:52";"1";"75";"75109";"2";"5";"1";"6";"RUE DE LA CHAUSSEE D ANTIN";"48,8729525";"2,3332423"
"201900033862";"2";"9";"2019";"10:40";"1";"75";"75108";"2";"2";"1";"2";"BOULEVARD MALESHERBES";"48,8734869";"2,3208565"
"201900033863";"31";"8";"2019";"12:45";"1";"75";"75107";"2";"2";"1";"3";"RUE D ESTREES";"48,8517640";"2,3138640"
"201900033864";"2";"9";"2019";"08:40";"1";"94";"94080";"2";"1";"1";"6";"MARSEILLAISE (R DE LA)";"48,8500457";"2,4420673"
"201900033865";"2";"9";"2019";"03:15";"5";"94";"94046";"2";"6";"1";"2";"GENERAL DE GAULLE (AV DU)";"48,8153000";"2,4203000"
"201900033866";"2";"9";"2019";"16:50";"1";"94";"94041";"2";"9";"1";"6";"MARCEL HARTMANN (R)";"48,8054000";"2,3885600"
"201900033867";"2";"9";"2019";"08:50";"1";"94";"94073";"2";"1";"1";"3";"ROMAIN GARY (RUE)";"48,7663000";"2,3802200"
"201900033868";"2";"9";"2019";"18:50";"1";"93";"93070";"2";"1";"1";"3";"CAPITAINE-GLARNER (AV)";"48,9035000";"2,3295000"
"201900033869";"2";"9";"2019";"16:30";"1";"93";"93070";"2";"1";"1";"2";"VICTOR-HUGO (BD)";"48,9100000";"2,3300000"
"201900033870";"2";"9";"2019";"21:40";"5";"93";"93048";"2";"3";"1";"3";"BOISSIERE (BOULEVARD DE LA)";"48,8778900";"2,4602900"
"201900033871";"1";"9";"2019";"06:30";"1";"93";"93013";"2";"1";"1";"6";"carrefour de la comete";"48,9440020";"2,4337438"
"201900033872";"2";"9";"2019";"14:30";"1";"93";"93008";"2";"2";"1";"3";"CALLAS (RUE MARIA)";"48,9082700";"2,4551800"
"201900033873";"1";"9";"2019";"14:35";"1";"93";"93007";"2";"9";"1";"3";"CASANOVA (AVENUE)";"48,9230300";"2,4735000"
"201900033874";"2";"9";"2019";"14:30";"1";"93";"93005";"1";"6";"1";"3";"LEON JOUHAUX (RUE)";"11,0000000";"11,0000000"
"201900033875";"31";"8";"2019";"02:35";"5";"92";"92063";"2";"2";"1";"7";"CHATEAUBRIAND (RUE)";"48,8680300";"2,2061000"
"201900033876";"2";"9";"2019";"17:00";"1";"92";"92062";"2";"1";"1";"5";"DE DION BOUTON (QUAI) DU 29 AU 65";"48,8824700";"2,2478500"
"201900033877";"2";"9";"2019";"14:50";"1";"92";"92062";"2";"1";"1";"3";"GENERAL DE GAULLE (AV) DU 63 AU 107";"48,8864600";"2,2311200"
"201900033878";"2";"9";"2019";"11:45";"1";"92";"92026";"2";"9";"1";"6";"AUGUSTE BEAU";"48,8940700";"2,2534700"
"201900033879";"1";"9";"2019";"12:06";"1";"92";"92025";"2";"2";"1";"3";"STALINGRAD (AV DE)";"48,9333863";"2,2647324"
"201900033880";"2";"9";"2019";"21:30";"5";"92";"92012";"2";"1";"1";"3";"JEAN JAURES (BOULEVARD) 2/68 - COTE PAIR";"48,8411100";"2,2393700"
"201900033881";"3";"9";"2019";"10:15";"1";"54";"54196";"1";"3";"1";"3";"rd 115 rd 570";"48,5818530";"6,1783870"
"201900033882";"1";"9";"2019";"04:45";"5";"62";"62100";"2";"1";"1";"6";"RD349";"50,4156120";"1,9101020"
"201900033883";"2";"9";"2019";"13:30";"1";"62";"62271";"2";"1";"1";"4";"11 Rue d'Upen";"50,6368300";"2,1889370"
"201900033884";"2";"9";"2019";"18:05";"1";"38";"38107";"2";"1";"1";"6";"Route de Gerbey";"45,4628870";"4,7886390"
"201900033885";"3";"9";"2019";"08:30";"1";"74";"74243";"1";"1";"1";"7";"A41";"46,1453330";"6,0961610"
"201900033886";"2";"9";"2019";"14:10";"1";"62";"62748";"2";"3";"7";"2";"58 Rue de Calais";"50,9442360";"2,1267170"
"201900033887";"26";"8";"2019";"20:45";"2";"86";"86070";"1";"1";"1";"6";"La vallee Moreau";"46,5494190";"0,6919690"
"201900033888";"31";"8";"2019";"17:00";"1";"67";"67220";"2";"1";"1";"3";"Rue Principale";"48,7337250";"7,5199830"
"201900033889";"3";"9";"2019";"10:30";"1";"6";"06022";"1";"1";"1";"6";"Route de Nice";"43,8157900";"7,1197810"
"201900033890";"2";"9";"2019";"12:10";"1";"83";"83073";"2";"2";"1";"7";"Avenue Rouget de l'Isle";"43,3920250";"6,3204340"
"201900033891";"1";"9";"2019";"01:55";"3";"82";"82109";"1";"1";"1";"6";"Condourine";"44,0591460";"0,9745080"
"201900033892";"2";"9";"2019";"09:50";"1";"69";"69169";"1";"1";"1";"4";"Les Quatre Vents";"45,9812600";"4,3730900"
"201900033893";"3";"9";"2019";"18:07";"1";"49";"49215";"1";"2";"1";"1";"carrefour rd 347 d 178";"47,1019030";" -0,0984910"
"201900033894";"3";"9";"2019";"10:38";"1";"49";"49218";"1";"1";"1";"1";"D201";"47,2604880";" -1,0456700"
"201900033895";"3";"9";"2019";"11:45";"1";"68";"68046";"1";"1";"1";"1";"RD 14 B4";"47,7892410";"7,0248190"
"201900033896";"31";"8";"2019";"22:00";"3";"44";"44007";"1";"8";"1";"1";"La Fitière";"47,6645690";" -1,9597560"
"201900033897";"2";"9";"2019";"12:30";"1";"35";"35338";"1";"1";"1";"1";"La Peurais";"48,0682060";" -1,2882940"
"201900033898";"30";"8";"2019";"15:00";"1";"35";"35246";"1";"2";"1";"3";"La Halte";"48,5342780";" -1,8077130"
"201900033899";"1";"9";"2019";"15:48";"1";"35";"35319";"1";"1";"1";"7";"N24";"48,0460330";" -1,9288560"
"201900033900";"2";"3";"2019";"19:30";"5";"77";"77288";"1";"3";"1";"3";"D636 X BRET.ACCES D605";"48,5519400";"2,6675900"
"201900033901";"3";"3";"2019";"18:00";"1";"76";"76351";"2";"2";"1";"2";"VERDUN (RUE DE)";"49,5024400";"0,1728100"
"201900033902";"3";"3";"2019";"16:25";"1";"76";"76351";"2";"3";"1";"3";"IRENE JOLIOT CURIE (RUE)";"49,5146000";"0,1047800"
"201900033903";"4";"3";"2019";"08:05";"1";"76";"76565";"2";"1";"3";"6";"BRUYERES (CHEMIN DES)";"49,9074800";"1,0683600"
"201900033904";"4";"3";"2019";"16:50";"1";"69";"69029";"2";"1";"1";"6";"PIERRE BROSSOLETTE                  (AV)";"45,7401000";"4,9207500"
"201900033905";"4";"3";"2019";"05:55";"5";"64";"64260";"2";"1";"2";"3";"POHOTENIA (RUE DE)";"43,3736417";" -1,7600247"
"201900033906";"4";"3";"2019";"12:10";"1";"64";"64445";"2";"1";"8";"6";"Avenue Jean Mermoz";"43,3210539";" -0,3790163"
"201900033907";"27";"2";"2019";"19:15";"3";"62";"62274";"1";"1";"1";"1";"ALLEMANDS (CHE. DES)";"50,4313000";"2,9640700"
"201900033908";"15";"2";"2019";"17:45";"1";"59";"59378";"2";"6";"1";"6";"DE GAULLE RUE DU GENERAL";"50,6626100";"3,0739100"
"201900033909";"10";"2";"2019";"06:40";"5";"59";"59350";"2";"1";"1";"2";"CAMBRAI RUE DE N°PAIRS";"50,6243600";"3,0698000"
"201900033910";"1";"3";"2019";"13:10";"1";"52";"52448";"1";"9";"2";"7";"ROND POINT DE MARNAVAL";"48,6224900";"4,9937800"
"201900033911";"4";"3";"2019";"17:45";"1";"51";"51454";"2";"1";"2";"7";"RUE CERES";"49,2566300";"4,0372900"
"201900033912";"4";"3";"2019";"06:00";"5";"51";"51454";"2";"1";"2";"3";"RUE GUSTAVE LAURENT";"49,2539000";"4,0511000"
"201900033913";"3";"3";"2019";"09:45";"1";"51";"51454";"2";"6";"1";"4";"PLACE DES COMBATTANTS D'AFN";"49,2195754";"4,0211625"
"201900033914";"4";"3";"2019";"07:50";"1";"50";"50502";"2";"1";"2";"2";"LATTRE DE TASSIGNY (Maréchal De)";"49,1098600";" -1,0745400"
"201900033915";"1";"3";"2019";"22:20";"5";"49";"49007";"2";"1";"1";"3";"ESTIENNE D'ORVES BOULEVARD";"47,4556600";" -0,5299400"
"201900033916";"1";"3";"2019";"13:15";"1";"49";"49007";"2";"6";"1";"3";"PORTET BOULEVARD";"47,4502900";" -0,5587300"
"201900033917";"4";"3";"2019";"17:40";"1";"45";"45234";"2";"1";"1";"2";"ROUTE D'OLIVET";"47,8816000";"1,9035100"