"Num_Acc";"jour";"mois";"an";"hrmn";"lum";"dep";"com";"agg";"int";"atm";"col";"adr";"lat";"long"
"201900033918";"4";"3";"2019";"14:10";"1";"42";"42183";"2";"1";"1";"6";"LAROIX (RUE DU CAPORAL)";"45,4053160";"4,3668970"
"201900033919";"3";"3";"2019";"12:35";"1";"42";"42095";"1";"1";"1";"6";"RD 500";"45,3886100";"4,3010300"
"201900033920";"2";"3";"2019";"16:00";"1";"41";"41295";"2";"2";"1";"3";"TAILLES (AVENUE DES)";"47,5950500";"1,3891300"
"201900033921";"4";"3";"2019";"15:20";"1";"37";"37195";"2";"1";"1";"6";"MAIRIE (RUE DE LA)";"47,3880000";"0,6580000"
"201900033922";"4";"3";"2019";"07:35";"2";"37";"37208";"2";"1";"2";"7";"DE LARCAY (RUE)";"47,3688900";"0,7499300"
"201900033923";"4";"3";"2019";"10:45";"1";"35";"35278";"1";"9";"2";"3";"RD 137";"48,1745000";" -1,7185000"
"201900033924";"4";"3";"2019";"10:00";"1";"35";"35238";"2";"1";"2";"2";"POSTUMINUS";"48,1032800";" -1,6892100"
"201900033925";"4";"3";"2019";"13:36";"1";"34";"34172";"2";"2";"1";"3";"MAURIN (AVENUE DE";"43,5997000";"3,8757100"
"201900033926";"3";"3";"2019";"21:25";"5";"31";"31555";"2";"3";"1";"3";"AV DE LATTRE DE TASSIGNY";"43,5773500";"1,4363800"
"201900033927";"3";"3";"2019";"04:20";"3";"31";"31557";"2";"1";"1";"6";"BD VINCENT AURIOL";"43,5853100";"1,3453300"
"201900033928";"1";"3";"2019";"19:25";"3";"31";"31555";"1";"1";"1";"6";"RD901";"43,6141200";"1,3873400"
"201900033929";"22";"2";"2019";"07:05";"3";"29";"29051";"1";"1";"1";"7";"RN 165";"48,0031400";" -4,0570580"
"201900033930";"3";"3";"2019";"12:05";"1";"29";"29232";"2";"1";"3";"3";"PONT L'ABBE ROUTE DE";"47,9808333";" -4,1212528"
"201900033931";"27";"2";"2019";"17:45";"2";"25";"25388";"2";"1";"1";"6";"BETHONCOURT (ROUTE DE )";"47,5300400";"6,8102300"
"201900033932";"26";"2";"2019";"08:40";"1";"22";"22278";"2";"1";"1";"6";"CHALOTAIS (BD LA)";"48,5144107";" -2,7555621"
"201900033933";"27";"2";"2019";"13:40";"1";"22";"22113";"2";"9";"1";"3";"CORDIERS (RUE DES)";"48,7319700";" -3,4431100"
"201900033934";"2";"3";"2019";"00:20";"5";"19";"19031";"2";"1";"1";"6";"COURTELINE (RUE)";"45,1515900";"1,5431300"
"201900033935";"4";"3";"2019";"16:45";"1";"14";"14118";"2";"2";"1";"6";"VENDEUVRE (QUAI)";"49,1819417";" -0,3535502"
"201900033936";"4";"3";"2019";"17:25";"1";"13";"13209";"2";"9";"1";"2";"CASSIS (ANCIEN CHEMIN DE)";"43,2600000";"5,4100000"
"201900033937";"4";"3";"2019";"07:15";"1";"13";"13215";"2";"1";"1";"5";"SAINT ANTOINE (AVENUE DE)";"43,3755080";"5,3558930"
"201900033938";"3";"3";"2019";"13:00";"1";"13";"13215";"2";"1";"1";"3";"DE SAINT LOUIS AU ROVE (chemin)";"43,3488000";"5,3554200"
"201900033939";"4";"3";"2019";"09:00";"1";"10";"10297";"2";"1";"6";"6";"ANATOLE FRANCE (RUE)";"48,3207100";"4,0973600"
"201900033940";"2";"3";"2019";"22:40";"5";"10";"10343";"2";"1";"1";"7";"CHATEAU DES COURS (RUE DU)";"48,2696900";"4,0886500"
"201900033941";"4";"3";"2019";"14:30";"1";"6";"06004";"2";"1";"1";"1";"BIOT (CD.4) RTE DE";"43,6161700";"7,1160600"
"201900033942";"4";"3";"2019";"13:20";"1";"75";"75118";"2";"1";"2";"2";"RUE DE CLIGNANCOURT";"48,8841550";"2,3471070"
"201900033943";"4";"3";"2019";"09:20";"1";"75";"75118";"2";"4";"8";"6";"BOULEVARD ORNANO";"48,8936630";"2,3479490"
"201900033944";"3";"3";"2019";"21:15";"5";"75";"75116";"2";"1";"2";"3";"AVENUE DU MAHATMA GANDHI";"48,8755980";"2,2612740"
"201900033945";"3";"3";"2019";"18:05";"2";"75";"75114";"2";"2";"1";"3";"RUE JULIA BARTET";"48,8254580";"2,3023080"
"201900033946";"4";"3";"2019";"20:15";"5";"75";"75111";"2";"2";"1";"3";"RUE SEDAINE";"48,8556920";"2,3716670"
"201900033947";"4";"3";"2019";"13:40";"1";"75";"75111";"2";"1";"8";"6";"PASSAGE PIVER";"48,8704160";"2,3745970"
"201900033948";"4";"3";"2019";"12:45";"1";"75";"75111";"2";"2";"2";"6";"RUE DE L ORILLON";"48,8707390";"2,3781740"
"201900033949";"3";"3";"2019";"01:40";"5";"75";"75102";"2";"1";"1";"7";"BOULEVARD MONTMARTRE";"48,8715500";"2,3426750"
"201900033950";"3";"3";"2019";"14:55";"1";"94";"94081";"2";"2";"1";"3";"GUY MOQUET (AV)";"48,7890000";"2,3970000"
"201900033951";"3";"3";"2019";"20:55";"5";"94";"94074";"2";"1";"2";"3";"JULIEN DURANTON (avenue)";"48,7549300";"2,4536400"
"201900033952";"4";"2";"2019";"21:25";"5";"94";"94068";"2";"1";"1";"6";"PONT DE CRETEIL (R DU)";"48,8000000";"2,4700000"
"201900033953";"8";"2";"2019";"22:45";"5";"94";"94046";"2";"3";"2";"3";"JEAN JAURES (R)";"48,7974000";"2,4333000"
"201900033954";"3";"3";"2019";"19:20";"5";"94";"94076";"2";"9";"1";"2";"MAXIME GORKI (BD)";"48,7956800";"2,3686400"
"201900033955";"16";"1";"2019";"22:40";"5";"94";"94033";"2";"9";"2";"3";"STALINGRAD (AV DE)";"48,8526700";"2,4492400"
"201900033956";"4";"3";"2019";"14:55";"1";"94";"94022";"2";"1";"3";"2";"JEAN JAURES (R)";"48,7658300";"2,4099400"
"201900033957";"4";"3";"2019";"12:00";"1";"94";"94018";"2";"3";"2";"5";"PARIS (R DE)";"48,8287800";"2,4044800"
"201900033958";"4";"3";"2019";"06:50";"5";"94";"94017";"2";"1";"1";"4";"SALVADOR ALLENDE (AV)";"48,8085000";"2,5519000"
"201900033959";"4";"3";"2019";"08:10";"1";"93";"93072";"2";"1";"6";"3";"MAXIME GORKI (BOULEVARD) DES N°1 AU 87";"48,9431000";"2,3872000"
"201900033960";"3";"3";"2019";"22:40";"5";"93";"93070";"2";"1";"6";"3";"GABRIEL-PERI (AV)";"48,9080600";"2,3336000"
"201900033961";"4";"3";"2019";"07:30";"1";"93";"93064";"2";"1";"8";"3";"PERI (BOULEVARD GABRIEL) 39 / 44 - FIN";"48,8787000";"2,4724000"
"201900033962";"7";"2";"2019";"19:35";"5";"93";"93055";"2";"1";"1";"6";"JEAN LOLIVE (AVENUE)(1/55 2/60)";"48,8926950";"2,4116410"
"201900033963";"6";"2";"2019";"14:45";"1";"93";"93055";"2";"1";"1";"2";"CARTIER BRESSON DU 1/39.2/44";"48,9029000";"2,3971000"
"201900033964";"3";"2";"2019";"18:20";"5";"93";"93046";"2";"2";"1";"3";"JEAN BAPTISTE CLEMENT RUE";"48,9100210";"2,5326440"
"201900033965";"2";"2";"2019";"03:30";"5";"93";"93046";"2";"3";"2";"3";"JEAN JAURES BOULEVARD";"48,9161810";"2,5307050"
"201900033966";"3";"3";"2019";"22:03";"5";"93";"93014";"2";"5";"3";"3";"GAGNY (ALLEE DE)";"48,9053400";"2,5489300"
"201900033967";"4";"3";"2019";"17:34";"2";"93";"93008";"2";"2";"2";"3";"VARSOVIE (RUE DE)";"48,9095900";"2,4693200"
"201900033968";"24";"1";"2019";"14:30";"1";"92";"92064";"2";"1";"1";"1";"MARCEL DASSAULT";"48,8548070";"2,2227900"
"201900033969";"4";"3";"2019";"21:10";"5";"92";"92050";"2";"3";"1";"3";"SAULES RUE DES";"48,9092180";"2,2164750"
"201900033970";"16";"2";"2019";"17:50";"2";"92";"92050";"2";"1";"1";"1";"PICASSO PABLO AVENUE";"48,8910400";"2,2158000"
"201900033971";"27";"2";"2019";"22:50";"5";"92";"92025";"2";"1";"1";"2";"CHARLES DE GAULLE (BD)";"48,9156090";"2,2273220"
"201900033972";"2";"3";"2019";"09:10";"5";"92";"92075";"2";"2";"1";"3";"RAYMOND MARCHERON (RUE)";"48,8182900";"2,2850800"
"201900033973";"18";"1";"2019";"17:35";"5";"92";"92060";"2";"1";"2";"2";"GALILEE (AVENUE)";"48,7730800";"2,2451600"
"201900033974";"3";"3";"2019";"10:27";"1";"92";"92014";"2";"3";"1";"6";"MARECHAL JOFFRE (BD DU) (43 A 97 - 58 A";"48,7823192";"2,3147146"
"201900033975";"3";"3";"2019";"21:00";"3";"22";"22223";"1";"1";"2";"3";"RD 767 PR 027+700";"48,5711980";" -3,2103510"
"201900033976";"3";"3";"2019";"20:30";"3";"30";"30288";"1";"1";"1";"3";"route nationale";"44,1996776";"4,6257355"
"201900033977";"4";"3";"2019";"14:15";"1";"56";"56001";"1";"3";"1";"3";"Kerfouesnel";"47,6344180";" -2,1467110"
"201900033978";"3";"3";"2019";"14:10";"1";"74";"74236";"1";"4";"1";"3";"D909";"45,8943240";"6,6963880"
"201900033979";"4";"3";"2019";"19:20";"3";"82";"82132";"1";"1";"1";"2";"rd 964";"44,0803820";"1,6148430"
"201900033980";"4";"3";"2019";"10:10";"1";"32";"32132";"1";"1";"2";"6";"D105";"43,8458080";"0,6776720"
"201900033981";"5";"3";"2019";"08:20";"1";"71";"71294";"2";"1";"1";"6";"127 Grande Rue";"46,8373220";"4,7145200"
"201900033982";"4";"3";"2019";"13:20";"1";"41";"41046";"1";"1";"6";"6";"RD 123 - LIEU-DIT ""L'ÉTANG D'AMBON""";"47,5936480";"1,9163940"
"201900033983";"5";"3";"2019";"15:10";"1";"41";"41247";"1";"1";"2";"6";"Départementale 765";"47,4392840";"1,5505890"
"201900033984";"5";"3";"2019";"00:50";"5";"68";"68302";"2";"3";"2";"6";"2 rue principale";"47,7522690";"7,1695050"
"201900033985";"4";"3";"2019";"15:25";"1";"44";"44145";"1";"2";"1";"3";"La Raffinière";"47,1938570";" -1,8511150"
"201900033986";"5";"3";"2019";"13:45";"1";"29";"29279";"1";"1";"8";"4";"CD58";"48,6112898";" -3,8912115"
"201900033987";"5";"3";"2019";"15:55";"1";"13";"13010";"2";"1";"1";"7";"Route de Boulbon";"43,8990730";"4,7395610"
"201900033988";"2";"3";"2019";"12:31";"1";"3";"03018";"1";"1";"1";"7";"N/A";"46,2570170";"3,2879580"
"201900033989";"4";"3";"2019";"09:40";"1";"1";"01305";"2";"9";"1";"6";"12 rue andré";"46,4333700";"4,9383090"
"201900033990";"5";"3";"2019";"12:30";"1";"16";"16032";"1";"1";"1";"3";"Ld Le Grand Lopin";"45,6569780";" -0,0936850"
"201900033991";"4";"3";"2019";"19:05";"5";"24";"24520";"2";"1";"2";"7";"Avenue de la Dordogne";"44,8725580";"1,2104590"
"201900033992";"4";"3";"2019";"16:20";"1";"27";"27289";"1";"2";"8";"3";"route départementale 438 PR 004+400";"48,9333830";"0,4429400"
"201900033993";"3";"3";"2019";"11:10";"1";"17";"17018";"1";"1";"1";"7";"D111";"46,0569060";" -0,8788250"
"201900033994";"26";"2";"2019";"14:55";"1";"1";"01134";"1";"1";"1";"1";"RD28";"46,2803830";"4,9036480"
"201900033995";"5";"3";"2019";"06:17";"2";"1";"01213";"1";"1";"1";"2";"A42";"45,9215442";"5,2632236"
"201900033996";"5";"3";"2019";"16:55";"1";"6";"06085";"2";"1";"1";"7";"impasse font roubert";"43,6052040";"6,9894190"
"201900033997";"2";"3";"2019";"21:00";"5";"987";"98738";"1";"1";"1";"6";"PK 08+200 coté mer OUTUMAORO";" -17,6276160";" -149,5579940"
"201900033998";"4";"3";"2019";"21:30";"3";"36";"36057";"1";"1";"8";"6";"A 20 PK 051+600";"46,8826670";"1,7248360"
"201900033999";"4";"3";"2019";"15:15";"1";"14";"14620";"1";"1";"3";"6";"autoroute A 132 pk 003+800 direction DEAUVILLE";"49,3110660";"0,1526400"
"201900034000";"4";"3";"2019";"08:15";"1";"14";"14620";"1";"1";"3";"6";"autoroute A 132, pk 004+500 direction PARIS";"49,3129060";"0,1466640"
"201900034001";"5";"3";"2019";"09:00";"1";"33";"33005";"2";"2";"1";"3";"Rue des Marins / Av du Bois";"44,7427900";" -1,0943500"
"201900034002";"28";"2";"2019";"23:45";"5";"45";"45244";"2";"1";"1";"6";"rue sadi carnot";"47,7653980";"2,4737320"
"201900034003";"5";"3";"2019";"06:20";"2";"77";"77329";"1";"1";"2";"6";"D69";"48,2520800";"2,8361000"
"201900034004";"5";"3";"2019";"14:50";"1";"95";"95462";"1";"1";"1";"1";"D86";"49,1472800";"1,7279320"
"201900034005";"5";"3";"2019";"08:05";"1";"34";"34183";"1";"1";"1";"1";"D609";"43,2844090";"3,1049880"
"201900034006";"5";"3";"2019";"16:15";"1";"5";"05122";"2";"1";"1";"7";"rue du cimetière quartier la Fare";"44,7521090";"6,5788850"
"201900034007";"5";"3";"2019";"12:30";"1";"38";"38374";"1";"1";"1";"5";"Route du bugey";"45,6562540";"5,3170540"
"201900034008";"3";"3";"2019";"20:40";"3";"69";"69179";"1";"1";"1";"1";"RD 2- SAINT ANDEOL LE CHATEAU";"45,5844000";"4,6942800"
"201900034009";"5";"3";"2019";"14:20";"1";"22";"22093";"1";"1";"6";"6";"Lieu-dit La Garde";"48,4554195";" -2,5363441"
"201900034010";"5";"3";"2019";"07:35";"2";"35";"35002";"1";"1";"2";"1";"Les Musses";"47,9796800";" -1,5156610"
"201900034011";"1";"3";"2019";"08:05";"1";"76";"76057";"2";"1";"2";"1";"andré malraux";"49,5475820";"0,9461680"
"201900034012";"5";"3";"2019";"13:55";"1";"62";"62810";"1";"1";"1";"6";"C101";"50,3447120";"2,7971310"
"201900034013";"4";"3";"2019";"07:43";"1";"13";"13055";"1";"1";"1";"4";"A507 sens Aubagne- Marseille";"43,3322730";"5,3861640"
"201900034014";"4";"3";"2019";"17:45";"1";"69";"69259";"1";"1";"1";"4";"RD383   11.750 A 14.250";"45,7169400";"4,8542900"
"201900034015";"1";"3";"2019";"18:35";"2";"59";"59330";"1";"1";"1";"6";"AUTOROUTE A23";"50,4538800";"3,3262786"
"201900034016";"4";"3";"2019";"08:25";"1";"91";"91434";"1";"1";"2";"2";"AUTOROUTE A6";"48,6694000";"2,3508000"
"201900034017";"4";"3";"2019";"07:10";"2";"91";"91377";"1";"1";"1";"3";"AUTOROUTE A10";"48,7257000";"2,3013000"
"201900034018";"4";"3";"2019";"07:45";"1";"78";"78158";"1";"1";"8";"2";"A13";"48,8323680";"2,1393630"
"201900034019";"3";"3";"2019";"10:45";"1";"93";"93013";"1";"1";"1";"3";"AUTOROUTE A1";"48,9411700";"2,4274100"
"201900034020";"1";"3";"2019";"10:15";"1";"76";"76231";"2";"1";"1";"3";"MARTYRS. RUE DES";"49,2881500";"1,0071800"
"201900034021";"11";"2";"2019";"05:45";"5";"63";"63075";"2";"1";"1";"6";"DUCLAUX (BOULEVARD)";"45,7783431";"3,0722572"
"201900034022";"23";"2";"2019";"12:31";"1";"49";"49267";"2";"2";"1";"3";"PELLERINIERE";"47,4611300";" -0,4899100"
"201900034023";"27";"2";"2019";"14:05";"1";"41";"41018";"2";"1";"1";"6";"SAINTES-MARIES (RUE DES)";"47,5910400";"1,3374200"
"201900034024";"23";"2";"2019";"00:41";"5";"38";"38544";"2";"1";"1";"6";"ST MARCEL(MONTEE)";"45,5240400";"4,8778000"
"201900034025";"27";"2";"2019";"15:30";"1";"38";"38185";"2";"1";"1";"6";"BOULEVARD JOSEPH VALLIER";"45,1800100";"5,7067000"
"201900034026";"28";"2";"2019";"22:10";"5";"34";"34172";"2";"2";"1";"3";"8 MAI 1945 (PLACE DU)";"43,6011600";"3,8682800"
"201900034027";"25";"2";"2019";"16:13";"1";"33";"33009";"2";"1";"1";"1";"46 CRS DESBIEY";"44,6562400";" -1,1631900"
"201900034028";"27";"2";"2019";"17:00";"1";"21";"21231";"2";"9";"1";"3";"PAUL DOUMER (BOULEVARD)";"47,3273300";"5,0678000"
"201900034029";"2";"3";"2019";"10:00";"1";"17";"17300";"2";"3";"1";"3";"ROYALE  AVENUE DE LA PORTE";"46,1628900";" -1,1399200"
"201900034030";"16";"1";"2019";"18:40";"5";"94";"94080";"2";"1";"1";"6";"AUBERT (AV)";"48,8466900";"2,4248600"
"201900034031";"18";"2";"2019";"20:30";"5";"94";"94017";"2";"1";"1";"7";"ROGER SALENGRO (AV)";"48,8181670";"2,4925950"
"201900034032";"7";"2";"2019";"07:10";"5";"94";"94017";"2";"1";"2";"5";"BOIS L ABBE (R DU)";"48,8105700";"2,5418700"
"201900034033";"26";"1";"2019";"21:30";"5";"93";"93066";"2";"1";"2";"6";"CROIZAT AMBROISE RD 29 BIS";"48,9327130";"2,3485920"
"201900034034";"25";"1";"2019";"19:30";"5";"93";"93066";"2";"3";"2";"3";"FRANCE ANATOLE (BOULEVARD) NR AUTRES";"48,9254013";"2,3503929"
"201900034035";"24";"1";"2019";"06:10";"5";"93";"93066";"2";"1";"1";"6";"SEVRAN";"48,9407300";"2,3777100"
"201900034036";"21";"1";"2019";"16:00";"1";"93";"93066";"2";"3";"1";"6";"COLONEL FABIEN (AVENUE)";"48,9460800";"2,3479800"
"201900034037";"19";"1";"2019";"20:02";"5";"93";"93066";"2";"1";"2";"3";"""STALINGRAND (AV), NR 2-86 ET 1 SUIVANTS";"48,9467048";"2,3569903"
"201900034038";"18";"1";"2019";"13:00";"1";"93";"93066";"2";"1";"1";"6";"CROIZAT AMBROISE RD 29 BIS";"48,9284911";"2,3518766"
"201900034039";"24";"1";"2019";"17:04";"2";"93";"93055";"2";"2";"1";"3";"JEAN LOLIVE (AVENUE)(55/73.62/86)";"48,8913730";"2,4022850"
"201900034040";"21";"1";"2019";"10:30";"1";"93";"93055";"2";"1";"1";"6";"JULES AUFFRET (51/FIN ET 56/FIN)";"48,8845324";"2,4112991"
"201900034041";"20";"2";"2019";"14:15";"1";"93";"93049";"2";"2";"1";"3";"MARECHAL FOCH (AVENUE) F.BUISSON->PL J.M";"48,8600000";"2,5000000"
"201900034042";"4";"2";"2019";"08:10";"1";"93";"93006";"2";"1";"1";"3";"MITTERRAND FRANCOIS RUE";"48,8773200";"2,4229150"
"201900034043";"30";"1";"2019";"17:00";"1";"92";"92062";"2";"2";"2";"3";"LAFARGUES (RUE PAUL)";"48,8858900";"2,2461600"
"201900034044";"18";"1";"2019";"11:00";"1";"92";"92026";"2";"1";"1";"6";"FONTAINES (RUE DES)";"48,8863040";"2,2283060"
"201900034045";"5";"1";"2019";"18:50";"5";"92";"92062";"2";"1";"1";"2";"FUSILLES DE LA RESISTANCES (RUE DES) N°1";"48,8845000";"2,2263300"
"201900034046";"4";"1";"2019";"17:10";"5";"92";"92062";"2";"6";"1";"6";"REPUBLIQUE (RUE DE LA) DU 102 AU 200";"48,8841900";"2,2363400"
"201900034047";"29";"1";"2019";"20:10";"5";"92";"92026";"2";"1";"3";"6";"VERDUN (DE 01 A 61)";"48,8991490";"2,2620490"
"201900034048";"14";"2";"2019";"16:40";"1";"92";"92025";"2";"2";"1";"3";"VOIES DU BOIS (RUE DES)";"48,9152300";"2,2466890"
"201900034049";"26";"1";"2019";"18:45";"3";"92";"92025";"2";"1";"2";"6";"PAUL BERT (RUE)";"48,9299696";"2,2458244"
"201900034050";"18";"1";"2019";"15:10";"1";"92";"92025";"2";"2";"1";"3";"PAUL BERT (RUE)";"48,9311336";"2,2443329"
"201900034051";"18";"1";"2019";"01:15";"5";"92";"92004";"2";"9";"1";"2";"PIERRE BOUDOU";"48,9144010";"2,3038800"
"201900034052";"25";"2";"2019";"04:45";"3";"93";"93078";"1";"1";"1";"2";"AUTOROUTE A104";"48,9705900";"2,5010700"
"201900034053";"24";"2";"2019";"03:00";"4";"95";"95351";"1";"1";"1";"6";"RN 104";"49,0353800";"2,4871700"
"201900034054";"3";"3";"2019";"05:05";"5";"988";"98818";"2";"1";"2";"6";"VE1";" -22,2327000";"166,4576900"
"201900034055";"27";"2";"2019";"08:10";"1";"988";"98818";"2";"1";"1";"4";"VE1 SENS NORD/SUD";" -22,2645500";"166,4415900"
"201900034056";"27";"2";"2019";"06:25";"1";"988";"98818";"2";"1";"1";"7";"RUE GEORGES CLEMENCEAU";" -22,2704500";"166,4415400"
"201900034057";"27";"2";"2019";"13:30";"1";"987";"98735";"2";"9";"1";"2";"REMPARTS (RUE BLOC METAGRAPH)";" -17,5394000";" -149,5636000"
"201900034058";"1";"3";"2019";"09:50";"1";"976";"97611";"2";"1";"1";"2";"kaweni-Europe (avenue)";" -12,7703500";"45,2238300"
"201900034059";"25";"2";"2019";"16:50";"1";"976";"97611";"2";"6";"1";"3";"m'tsapere-Nationale 2 (route)";" -12,7944100";"45,2184000"
"201900034060";"2";"3";"2019";"21:00";"1";"974";"97416";"2";"1";"1";"1";"BUREAUX (CHEMIN)";" -21,3031000";"55,4295000"
"201900034061";"2";"3";"2019";"02:55";"5";"974";"97416";"2";"1";"1";"6";"Chemin de La croix du Jubilé";" -21,3409200";"55,4881700"
"201900034062";"1";"3";"2019";"07:00";"1";"974";"97416";"2";"1";"1";"6";"BANK (BOULEVARD)";" -21,3315200";"55,4773100"
"201900034063";"28";"2";"2019";"10:20";"1";"974";"97416";"2";"3";"1";"3";"PRESIDENT MITTERAND(AVENUE)";" -21,3429902";"55,4812625"
"201900034064";"26";"2";"2019";"11:55";"1";"974";"97416";"2";"1";"1";"4";"Route de la Ligne Paradis";" -21,2997972";"55,4568493"
"201900034065";"25";"2";"2019";"15:50";"1";"974";"97416";"2";"1";"1";"3";"AUGUSTIN ARCHAMBAUD(RUE)";" -21,3273000";"55,4828000"
"201900034066";"24";"2";"2019";"16:35";"1";"974";"97416";"2";"1";"1";"3";"HUBERT DE LISLE(BOULEVARD)";" -21,3436700";"55,4739300"
"201900034067";"27";"2";"2019";"16:20";"1";"974";"97411";"2";"1";"1";"6";"NEUF (CHEMIN)";" -20,8851900";"55,4254600"
"201900034068";"27";"2";"2019";"11:00";"1";"974";"97411";"2";"1";"1";"7";"Rue Marcel Hoarau";" -20,9099000";"55,4873700"
"201900034069";"26";"2";"2019";"10:00";"1";"974";"97411";"2";"6";"1";"3";"RIVIERE DES PLUIES (ROUTE DE LA)";" -20,9020396";"55,5027634"
"201900034070";"24";"2";"2019";"11:00";"1";"974";"97411";"2";"2";"1";"3";"NICE (RUE DE)";" -20,8728400";"55,4512000"
"201900034071";"1";"3";"2019";"07:50";"3";"974";"97409";"1";"1";"1";"7";"Route Nationale 2";" -21,3436600";"55,4968600"
"201900034072";"28";"2";"2019";"18:08";"1";"974";"97409";"2";"3";"1";"3";"1er SECT STA";" -20,9746900";"55,6816600"
"201900034073";"2";"3";"2019";"10:30";"1";"974";"97407";"2";"4";"1";"6";"Rue de Cherbourg";" -20,9385883";"55,2966195"
"201900034074";"1";"3";"2019";"16:20";"1";"974";"97407";"2";"2";"1";"5";"RUE THEODORE DROUET";" -20,9459800";"55,3174900"
"201900034075";"1";"3";"2019";"09:30";"1";"974";"97407";"1";"1";"1";"3";"RUE VERLAINE";" -20,9375000";"55,3158000"
"201900034076";"27";"2";"2019";"19:45";"4";"973";"97302";"2";"1";"1";"6";"ESTREES (AVENUE D')";"4,9417219";" -52,3208642"
"201900034077";"8";"4";"2019";"18:15";"1";"92";"92002";"2";"3";"1";"3";"PROSPER LEGOUTE (1A 29 - 2 A 72)";"48,7492331";"2,2941832"
"201900034078";"10";"4";"2019";"16:50";"1";"2A";"2A258";"1";"1";"2";"6";"R.D 70";"42,2101840";"8,8256730"
"201900034079";"2";"4";"2019";"14:50";"1";"2A";"2A212";"1";"1";"1";"6";"Fer à Cheval";"42,2556376";"8,6697597"
"201900034080";"7";"4";"2019";"06:35";"2";"66";"66164";"1";"1";"1";"7";"autoroute A9 PK 240.100";"42,8018070";"2,8984690"
"201900034081";"19";"3";"2019";"11:45";"1";"16";"16150";"1";"1";"1";"3";"RN141";"45,6808969";" -0,2895307"
"201900034082";"11";"4";"2019";"08:13";"1";"41";"41148";"1";"9";"1";"7";"RD 951";"47,6381600";"1,4198150"
"201900034083";"11";"4";"2019";"14:30";"1";"81";"81026";"1";"1";"2";"5";"RD 999 - PK 29+300";"43,9162000";"2,2718580"
"201900034084";"11";"4";"2019";"08:15";"1";"54";"54151";"1";"1";"1";"2";"D18";"49,4734600";"5,7354360"
"201900034085";"5";"4";"2019";"18:55";"1";"35";"35139";"1";"1";"2";"2";"route nationale 137";"47,9485050";" -1,6781530"
"201900034086";"5";"4";"2019";"08:35";"1";"74";"74272";"1";"9";"1";"3";"Route de Bellegarde";"45,9489450";"6,0460550"
"201900034087";"20";"3";"2019";"05:30";"3";"76";"76648";"1";"1";"1";"6";"Autoroute  28";"49,6587210";"1,2833010"
"201900034088";"11";"4";"2019";"02:00";"3";"2B";"2B143";"1";"1";"1";"6";"RT10 - Pont de Sbiri";"42,1665830";"9,5259110"
"201900034089";"10";"4";"2019";"22:00";"3";"2A";"2A006";"1";"1";"2";"1";"Route Départementale 81";"41,9626249";"8,7807590"
"201900034090";"11";"4";"2019";"20:13";"2";"71";"71379";"1";"1";"1";"6";"D972 PK 4+900";"46,5687320";"5,2958950"
"201900034091";"10";"4";"2019";"21:10";"3";"89";"89360";"1";"2";"1";"3";"D4";"47,8211560";"3,3612700"
"201900034092";"10";"4";"2019";"14:55";"1";"39";"39470";"1";"3";"1";"3";"N/A";"46,5028860";"6,0298690"
"201900034093";"10";"4";"2019";"16:25";"1";"31";"31584";"1";"1";"1";"5";"route de toulouse";"43,8652660";"1,5048080"
"201900034094";"10";"4";"2019";"20:50";"5";"31";"31293";"2";"2";"2";"3";"10 rue de la mairie";"43,7108380";"1,3933900"
"201900034095";"11";"4";"2019";"11:00";"1";"84";"84030";"1";"1";"1";"7";"D938";"44,1301780";"5,1009730"
"201900034096";"9";"4";"2019";"13:28";"1";"72";"72256";"1";"1";"1";"2";"La Haie Philippe";"48,1395550";" -0,1144140"
"201900034097";"11";"4";"2019";"16:05";"1";"50";"50483";"1";"1";"1";"5";"La Landette";"49,1027380";" -1,1580140"
"201900034098";"10";"4";"2019";"17:10";"1";"16";"16405";"1";"1";"7";"4";"Ld Le Bois des Bosses";"45,5143760";" -0,1070310"
"201900034099";"9";"4";"2019";"07:15";"2";"40";"40287";"1";"3";"5";"3";"Route départemntale n°652";"44,5134130";" -1,0658320"
"201900034100";"10";"4";"2019";"13:10";"1";"37";"37139";"2";"1";"1";"1";"14 Rue Honoré de Balzac";"47,3920310";"0,5504290"
"201900034101";"10";"4";"2019";"11:40";"1";"88";"88029";"2";"1";"1";"6";"Avenue du Docteur Mathieu (Bains-les-Bains)";"48,0011020";"6,2670370"
"201900034102";"9";"4";"2019";"18:19";"1";"13";"13044";"2";"1";"1";"6";"Montée de la Glacière";"43,6102670";"5,0634950"
"201900034103";"11";"4";"2019";"00:45";"3";"6";"06149";"1";"1";"1";"6";"A8 PK 207+000 SUD";"43,7414440";"7,3311150"
"201900034104";"7";"4";"2019";"06:30";"2";"34";"34166";"1";"1";"2";"3";"autoroute A9";"43,3625751";"3,3701205"
"201900034105";"6";"4";"2019";"04:00";"5";"988";"98817";"2";"1";"1";"7";"177 rue Fernandel - Boulari";" -22,2256500";"166,5221500"
"201900034106";"7";"4";"2019";"15:00";"1";"3";"03187";"1";"1";"1";"7";"N/A";"46,3061638";"3,4443673"
"201900034107";"10";"4";"2019";"12:00";"1";"1";"01403";"1";"1";"1";"1";"D 19";"45,8208600";"5,4476870"
"201900034108";"8";"4";"2019";"09:30";"1";"31";"31263";"2";"2";"1";"3";"Rue du Pont de Mont Merly";"43,4080260";"1,3856430"
"201900034109";"11";"4";"2019";"08:26";"1";"19";"19146";"1";"9";"2";"6";"lieu dit madelmont";"45,3052890";"1,7791460"