"Num_Acc";"jour";"mois";"an";"hrmn";"lum";"dep";"com";"agg";"int";"atm";"col";"adr";"lat";"long"
"201900034110";"11";"4";"2019";"12:45";"1";"14";"14627";"1";"1";"1";"6";"la friche";"48,8748571";" -0,2534281"
"201900034111";"11";"4";"2019";"16:00";"1";"22";"22118";"1";"4";"1";"3";"Le Bois Vanard";"48,4443275";" -1,9674143"
"201900034112";"11";"4";"2019";"11:20";"1";"59";"59586";"2";"1";"1";"3";"Rue Bonnance";"50,5497090";"3,1693800"
"201900034113";"10";"4";"2019";"16:20";"1";"13";"13071";"1";"1";"1";"4";"A7-Sens Marseille vers Lyon";"43,4052000";"5,2966700"
"201900034114";"10";"4";"2019";"16:50";"1";"13";"13117";"1";"1";"1";"6";"A7-Sens Marseille vers Lyon";"43,4559607";"5,2360361"
"201900034115";"10";"4";"2019";"14:45";"1";"13";"13055";"1";"1";"1";"6";"A507 sens Marseille - Aubagne";"43,2867970";"5,4246740"
"201900034116";"10";"4";"2019";"18:10";"1";"33";"33090";"1";"1";"1";"5";"AUTOROUTE A 63";"44,7624200";" -0,6762500"
"201900034117";"10";"4";"2019";"16:24";"1";"91";"91161";"1";"1";"8";"6";"AUTOROUTE A6";"48,7111300";"2,3077400"
"201900034118";"10";"4";"2019";"10:49";"1";"91";"91064";"1";"1";"2";"2";"RN 118";"48,7481000";"2,1988000"
"201900034119";"10";"4";"2019";"09:05";"1";"92";"92050";"1";"1";"1";"7";"A86";"48,9046769";"2,2083335"
"201900034120";"10";"4";"2019";"04:20";"5";"94";"94018";"1";"1";"1";"7";"A4";"48,8216000";"2,3987700"
"201900034121";"7";"4";"2019";"19:00";"1";"95";"95060";"2";"1";"1";"1";"CARNOT (RUE)";"49,0165500";"2,2001700"
"201900034122";"8";"4";"2019";"08:01";"1";"49";"49007";"2";"1";"1";"6";"RABELAIS";"47,4635800";" -0,5481600"
"201900034123";"28";"1";"2019";"14:09";"1";"41";"41018";"2";"7";"1";"1";"TOURVILLE (RUE DU MARECHAL DE)";"47,5893900";"1,3059700"
"201900034124";"11";"2";"2019";"11:55";"1";"18";"18279";"2";"2";"2";"6";"GOURDON (RUE)";"47,2242842";"2,0679363"
"201900034125";"8";"4";"2019";"22:30";"5";"11";"11069";"1";"1";"1";"6";"RD 6113";"43,2068000";"2,3864500"
"201900034126";"12";"2";"2019";"10:45";"1";"93";"93077";"2";"1";"1";"6";"FOSSE AUX BERGERS (RUE DE LA)";"48,8849800";"2,4954200"
"201900034127";"10";"2";"2019";"10:05";"1";"93";"93077";"2";"1";"2";"6";"GRANDE RUE";"48,8821400";"2,5232900"
"201900034128";"27";"1";"2019";"01:20";"5";"93";"93077";"2";"7";"2";"6";"GRANDE RUE";"48,8840000";"2,5102000"
"201900034129";"7";"4";"2019";"21:00";"5";"93";"93053";"2";"1";"1";"4";"GALLIENI (AVENUE)";"48,8980000";"2,4635600"
"201900034130";"15";"2";"2019";"04:40";"5";"93";"93046";"2";"2";"1";"1";"ARISTIDE BRIAND AVENUE";"48,9102600";"2,5101000"
"201900034131";"6";"2";"2019";"06:45";"5";"93";"93046";"2";"6";"2";"3";"BOSQUETS ROND POINT DES";"48,9264090";"2,5408180"
"201900034132";"12";"1";"2019";"16:55";"2";"93";"93001";"2";"2";"2";"3";"BERNARD ET MAZOYER (RUE)   => 21/24";"48,9122400";"2,3811400"
"201900034133";"9";"1";"2019";"12:15";"1";"93";"93001";"2";"1";"8";"2";"DANIELLE CASANOVA (RUE)  => 54/57";"48,9156200";"2,3994900"
"201900034134";"6";"2";"2019";"20:45";"4";"92";"92004";"2";"1";"3";"6";"PIERRE BROSSOLETTE";"48,9110400";"2,2926240"
"201900034135";"11";"2";"2019";"20:30";"5";"92";"92004";"2";"3";"1";"3";"BAS ( RUE DES )";"48,9204875";"2,2884787"
"201900034136";"7";"4";"2019";"01:30";"3";"93";"93048";"1";"1";"1";"5";"AUTOROUTE A86";"48,8645600";"2,4823100"
"201900034137";"29";"3";"2019";"15:20";"1";"94";"94015";"1";"1";"1";"4";"A4";"48,8285100";"2,5270300"
"201900034138";"27";"3";"2019";"09:00";"1";"94";"94028";"1";"1";"1";"3";"A86 INT";"48,7906640";"2,4404650"
"201900034139";"10";"4";"2019";"07:32";"1";"988";"98818";"2";"1";"1";"2";"RP1";" -22,2240200";"166,4837200"
"201900034140";"8";"4";"2019";"11:50";"1";"988";"98818";"2";"1";"1";"1";"RUE AMPERE";" -22,2326500";"166,4474100"
"201900034141";"9";"4";"2019";"07:45";"1";"976";"97611";"2";"1";"1";"6";"kaweni-Europe (avenue)";" -12,7758700";"45,2262700"
"201900034142";"8";"4";"2019";"20:48";"5";"976";"97611";"2";"1";"1";"6";"mamoudzou centre-Marché ( place du )";" -12,7788300";"45,2311300"
"201900034143";"8";"4";"2019";"19:02";"3";"976";"97611";"2";"6";"1";"3";"kaweni-GEOLE (la)";" -12,7683800";"45,2243200"
"201900034144";"9";"4";"2019";"08:45";"1";"974";"97416";"2";"1";"1";"1";"AMIRAL LACAZE(RUE)";" -21,3433100";"55,4798900"
"201900034145";"8";"4";"2019";"19:30";"4";"974";"97416";"2";"3";"1";"1";"STADE(RUE DU)";" -21,3286300";"55,4813000"
"201900034146";"7";"4";"2019";"08:45";"1";"974";"97416";"1";"1";"1";"5";"Route Nationale 3";" -21,3063000";"55,4989700"
"201900034147";"6";"4";"2019";"11:35";"1";"974";"97416";"2";"3";"1";"3";"CHATEAU D'EAU (CHEMIN DU)";" -21,3260000";"55,4745000"
"201900034148";"9";"4";"2019";"16:45";"1";"974";"97411";"2";"1";"1";"3";"LANCASTEL (BOULEVARD)";" -20,8774500";"55,4564100"
"201900034149";"6";"4";"2019";"21:10";"5";"974";"97411";"2";"2";"1";"3";"LECONTE DE LISLE (AVENUE)";" -20,8962900";"55,4920100"
"201900034150";"7";"4";"2019";"18:05";"2";"974";"97411";"2";"1";"1";"2";"Boulevard Lancastel";" -20,8764100";"55,4555200"
"201900034151";"7";"4";"2019";"18:20";"5";"974";"97407";"2";"1";"1";"3";"19 MARS 1946(AVENUE DU)";" -20,9497900";"55,2971800"
"201900034152";"9";"4";"2019";"17:30";"1";"973";"97302";"2";"1";"2";"3";"CATAYEE (JUSTIN)";"4,9346400";" -52,3262600"
"201900034153";"9";"4";"2019";"22:00";"5";"69";"69386";"2";"9";"1";"3";"LAFAYETTE                           (CO)";"45,7636300";"4,8483000"
"201900034154";"9";"4";"2019";"07:22";"1";"69";"69387";"2";"2";"1";"3";"TONY GARNIER                        (AV)";"45,7316000";"4,8239200"
"201900034155";"8";"4";"2019";"08:15";"1";"69";"69388";"2";"1";"1";"6";"JEAN XXIII                          (BD)";"45,7376219";"4,8711232"
"201900034156";"8";"4";"2019";"13:34";"1";"972";"97213";"2";"1";"1";"5";"LEOPOLD BISSOL (RUE)";"14,6199500";" -60,9963000"
"201900034157";"8";"4";"2019";"10:45";"1";"972";"97213";"2";"1";"1";"1";"FLORAINDRE ( RUE DE)";"14,6187100";" -61,0016700"
"201900034158";"8";"4";"2019";"06:40";"1";"972";"97209";"2";"1";"1";"5";"RD 41 (ROCADE)";"14,6129200";" -61,0764900"
"201900034159";"9";"4";"2019";"18:20";"1";"69";"69381";"2";"2";"1";"6";"JARDIN DES PLANTES (DU)             (R )";"45,7696600";"4,8303600"
"201900034160";"9";"4";"2019";"13:45";"1";"69";"69382";"2";"2";"1";"3";"CHARLEMAGNE                         (CO)";"45,7396400";"4,8184300"
"201900034161";"8";"4";"2019";"11:50";"1";"69";"69286";"2";"7";"1";"3";"COMBATTANTS EN AFN 1952-1962 (DES)  (AV)";"45,8162200";"4,8928800"
"201900034162";"8";"4";"2019";"09:40";"1";"69";"69384";"2";"5";"1";"3";"ENTREPOTS (DES)                     (R )";"45,7756500";"4,8105800"
"201900034163";"8";"4";"2019";"08:25";"1";"69";"69034";"2";"1";"1";"7";"MARGNOLLES (DE)                     (R )";"45,7839495";"4,8350094"
"201900034164";"7";"4";"2019";"11:10";"1";"971";"97107";"2";"1";"1";"6";"DUMANOIR ( ALLEE )";"16,0360600";" -61,5675700"
"201900034165";"8";"4";"2019";"12:20";"1";"2A";"2A004";"2";"1";"1";"2";"NICOLI JEAN COURS";"41,9336907";"8,7442063"
"201900034166";"8";"4";"2019";"08:45";"1";"95";"95219";"2";"1";"1";"1";"PETITE BAPAUME (RUE DE LA)";"48,9927100";"2,2551100"
"201900034167";"9";"4";"2019";"14:45";"1";"91";"91687";"2";"1";"1";"3";"COMMANDANT BARRE (AVENUE DU)";"48,6615220";"2,3638080"
"201900034168";"8";"4";"2019";"19:45";"1";"91";"91687";"2";"2";"1";"3";"BELLAY (AVENUE DU)";"48,6741600";"2,3656200"
"201900034169";"7";"4";"2019";"21:45";"5";"91";"91182";"2";"2";"1";"4";"ORME A MARTIN (AVENUE DE L')";"48,6306720";"2,4126950"
"201900034170";"7";"4";"2019";"15:30";"1";"91";"91201";"2";"9";"1";"7";"EUROPE(AVENUE DE L')";"48,6823800";"2,4301300"
"201900034171";"9";"4";"2019";"14:35";"1";"91";"91514";"2";"1";"1";"2";"MARCHE (SQUARE DU)";"48,6743000";"2,5346000"
"201900034172";"9";"4";"2019";"19:20";"1";"91";"91027";"2";"1";"1";"6";"MARCEL SEMBAT (AVENUE)";"48,7089300";"2,3859100"
"201900034173";"6";"4";"2019";"00:30";"3";"91";"91103";"1";"1";"1";"2";"ROUTE DEPARTEMENTALE 19";"48,6027100";"2,3187190"
"201900034174";"8";"4";"2019";"01:52";"5";"91";"91339";"2";"1";"1";"7";"TABOR (CHEMIN DE)";"48,6256800";"2,2592300"
"201900034175";"6";"4";"2019";"10:20";"1";"87";"87085";"2";"1";"2";"6";"LECLERC (AVENUE DU GENERAL)";"45,8413300";"1,2582200"
"201900034176";"9";"4";"2019";"09:50";"1";"86";"86194";"2";"3";"1";"3";"IASSY (AVENUE DE)";"46,5736865";"0,3918225"
"201900034177";"3";"4";"2019";"18:25";"1";"82";"82121";"2";"1";"1";"6";"FALGUIERE (581 AVENUE DE)";"44,0291900";"1,3544350"
"201900034178";"8";"4";"2019";"09:35";"1";"81";"81065";"1";"1";"1";"3";"LAVAUR RD 112 (RTE DE)";"43,6149100";"2,1696300"
"201900034179";"8";"4";"2019";"18:50";"1";"80";"80021";"2";"1";"1";"6";"25, R DU CHRIST";"49,8853300";"2,2643790"
"201900034180";"6";"4";"2019";"01:20";"5";"80";"80021";"2";"1";"1";"6";"49, R CHARLES DUBOIS";"49,8860700";"2,3016200"
"201900034181";"5";"4";"2019";"20:50";"5";"80";"80021";"2";"1";"1";"2";"81, BD DU CANGE";"49,8982100";"2,3057500"
"201900034182";"8";"4";"2019";"11:00";"1";"78";"78440";"2";"1";"1";"2";"HENRI DUNANT (RUE)";"48,9935000";"1,9123100"
"201900034183";"9";"4";"2019";"10:20";"1";"77";"77468";"2";"1";"2";"6";"PIERRE MENDES FRANCE (RUE)";"48,8411100";"2,6526600"
"201900034184";"9";"4";"2019";"13:58";"1";"77";"77288";"2";"1";"1";"6";"CHASSE  (RUE DE LA)";"48,5453320";"2,6498254"
"201900034185";"8";"4";"2019";"11:35";"1";"76";"76103";"2";"1";"1";"3";"PARIS. ROUTE DE";"49,4271300";"1,1188400"
"201900034186";"7";"4";"2019";"19:05";"1";"76";"76216";"2";"2";"1";"3";"RD 6015 (ROUTE DE DIEPPE)";"49,4721352";"1,0493857"
"201900034187";"8";"4";"2019";"15:24";"1";"74";"74218";"2";"1";"1";"6";"RIVE (AVENUE DE LA) RD 1005";"46,3909600";"6,5299900"
"201900034188";"8";"4";"2019";"13:45";"1";"74";"74012";"2";"1";"1";"6";"BONNEVILLE (ROUTE DE)";"46,1834800";"6,2375100"
"201900034189";"8";"4";"2019";"22:20";"5";"69";"69275";"2";"7";"1";"3";"JEAN JAURES                         (AV)";"45,7695000";"4,9474500"
"201900034190";"2";"4";"2019";"17:51";"1";"68";"68066";"2";"9";"1";"3";"ROUFFACH (ROUTE DE)";"48,0657000";"7,3420000"
"201900034191";"5";"4";"2019";"22:30";"5";"67";"67218";"2";"3";"1";"1";"VIGNES (RUE DES)";"48,5210330";"7,7257190"
"201900034192";"6";"4";"2019";"05:45";"1";"66";"66136";"2";"1";"1";"6";"ch.Mas bresseon";"42,6604400";"2,8732770"
"201900034193";"4";"4";"2019";"18:05";"1";"66";"66136";"1";"1";"1";"2";"Départementale  617";"42,7124862";"2,9262527"
"201900034194";"8";"4";"2019";"17:40";"1";"64";"64445";"2";"1";"2";"2";"LOUP DU";"43,3050400";" -0,3569100"
"201900034195";"7";"4";"2019";"10:05";"1";"64";"64024";"2";"6";"2";"7";"DOMMAIN Francois Rond Point";"43,4834148";" -1,5020072"
"201900034196";"6";"4";"2019";"17:00";"1";"64";"64102";"2";"6";"1";"3";"GIRATOIRE LES PONTOTS ";"43,4881900";" -1,4916700"
"201900034197";"6";"4";"2019";"15:15";"1";"63";"63063";"2";"1";"8";"6";"MOULIN (BD JEAN)";"45,8321000";"3,1054100"
"201900034198";"7";"4";"2019";"14:30";"1";"61";"61169";"1";"1";"1";"1";"BAS HAMEL (LE)";"48,7541900";" -0,5158400"
"201900034199";"31";"3";"2019";"22:40";"5";"59";"59599";"2";"4";"1";"7";"BETHUNE (RUE DE)";"50,7254000";"3,1330900"
"201900034200";"26";"3";"2019";"12:50";"1";"59";"59350";"2";"1";"1";"3";"MONTEBELLO BD PAIRS DE 78 -196";"50,6206200";"3,0469900"
"201900034201";"9";"4";"2019";"18:50";"1";"59";"59183";"2";"1";"2";"2";"BAINS - AVENUE";"51,0458000";"2,3872300"
"201900034202";"8";"4";"2019";"14:35";"1";"59";"59574";"2";"3";"1";"3";"PASTEUR LOUIS (RUE)";"50,3642900";"3,2783600"
"201900034203";"5";"4";"2019";"11:20";"1";"59";"59017";"2";"1";"1";"6";"QUAI (RUE DES )";"50,6884000";"2,8859100"
"201900034204";"7";"4";"2019";"12:25";"1";"56";"56121";"2";"2";"1";"3";"JOALLAND (RUE DU  GENERAL )";"47,7403000";" -3,3724000"
"201900034205";"6";"4";"2019";"14:00";"1";"56";"56121";"2";"2";"2";"6";"JOFFRE ( BD MARECHAL )";"47,7526000";" -3,3618000"
"201900034206";"6";"4";"2019";"01:25";"3";"56";"56107";"2";"1";"1";"6";"LE PORT (ROGER BOULEVARD)";"47,7194000";" -3,3745000"
"201900034207";"9";"4";"2019";"00:15";"5";"51";"51454";"2";"1";"1";"7";"RUE PAUL VAILLANT COUTURIER";"49,2734748";"4,0148086"
"201900034208";"6";"4";"2019";"10:00";"1";"50";"50602";"2";"2";"1";"3";"CROIX MOREL (RUE DE LA)";"49,6486100";" -1,5760500"
"201900034209";"6";"4";"2019";"12:00";"1";"50";"50602";"2";"3";"1";"3";"BOUIN (RUE JEAN)";"49,6335400";" -1,5861700"
"201900034210";"9";"4";"2019";"14:45";"1";"49";"49328";"2";"1";"1";"3";"CADRE NOIR (PONT DU) N 347";"47,2687900";" -0,0881800"
"201900034211";"8";"4";"2019";"15:45";"1";"49";"49007";"2";"2";"1";"7";"SAINT MICHEL BOULEVARD";"47,4735300";" -0,5417900"
"201900034212";"8";"4";"2019";"08:40";"1";"49";"49007";"2";"1";"1";"6";"PICASSO";"47,4529700";" -0,5221100"
"201900034213";"5";"4";"2019";"22:08";"3";"49";"49246";"1";"1";"1";"2";"A87N";"47,4214700";" -0,5041800"
"201900034214";"6";"4";"2019";"15:46";"1";"49";"49007";"2";"1";"1";"3";"BON PASTEUR BOULEVARD";"47,4727900";" -0,5769000"
"201900034215";"6";"4";"2019";"15:23";"1";"49";"49267";"2";"1";"2";"7";"BOUVINERIE";"47,4819600";" -0,4953100"
"201900034216";"5";"4";"2019";"19:57";"1";"49";"49267";"2";"1";"1";"2";"GEMMETRIE";"47,4660417";" -0,4990820"
"201900034217";"6";"4";"2019";"00:05";"5";"49";"49246";"2";"1";"1";"7";"CHAUVIN AVENUE";"47,4326200";" -0,5336800"
"201900034218";"5";"4";"2019";"16:40";"1";"47";"47323";"1";"1";"1";"1";"ROUTE NATIONALE 21";"44,4350085";"0,7270960"
"201900034219";"6";"4";"2019";"09:50";"1";"47";"47001";"2";"1";"2";"3";"MICHELET (AV.)";"44,1990400";"0,6302700"
"201900034220";"9";"4";"2019";"14:30";"1";"45";"45234";"2";"1";"2";"3";"AVENUE ROGER SECRETAIN";"47,8912600";"1,8956300"
"201900034221";"9";"4";"2019";"13:40";"1";"45";"45284";"2";"9";"1";"3";"AV C PEGUY - R G CLEMENCEAU";"47,9056790";"1,9500400"
"201900034222";"8";"4";"2019";"19:15";"1";"45";"45169";"1";"6";"1";"1";"ROUTE D'ORLEANS";"47,9159290";"1,8398280"
"201900034223";"8";"4";"2019";"12:20";"1";"45";"45232";"2";"1";"1";"7";"AV DE SOLOGNE";"47,8608400";"1,9122200"
"201900034224";"7";"4";"2019";"15:35";"1";"45";"45285";"2";"2";"1";"3";"TANGENCIELLE-RUE P DOUMER";"47,9111590";"1,8670140"
"201900034225";"7";"4";"2019";"09:50";"1";"45";"45004";"2";"1";"2";"6";"RUE DE LA FONTAINE";"47,9759930";"2,7831194"
"201900034226";"9";"4";"2019";"16:30";"1";"44";"44162";"2";"9";"1";"6";"BOULEVARD FRANCOIS MITTERRAND";"47,2157800";" -1,6471100"
"201900034227";"6";"4";"2019";"15:53";"1";"44";"44114";"2";"1";"1";"6";"ROUTE DE RENNES";"47,2473400";" -1,5775000"
"201900034228";"8";"4";"2019";"15:10";"1";"39";"39300";"2";"1";"1";"6";"90 Avenue de la Marseillaise";"46,6725240";"5,5554810"
"201900034229";"9";"4";"2019";"18:00";"1";"38";"38185";"2";"2";"1";"3";"BOULEVARD CLEMENCEAU";"45,1857300";"5,7428000"
"201900034230";"9";"4";"2019";"12:50";"1";"37";"37122";"2";"1";"1";"7";"ROUTE DE NARBONNE";"47,3194553";"0,6442387"
"201900034231";"8";"4";"2019";"14:00";"1";"35";"35238";"2";"1";"1";"6";"PRE BOTTE (DU)";"48,1093390";" -1,6782770"
"201900034232";"7";"4";"2019";"13:15";"1";"35";"35238";"2";"3";"1";"3";"BREST (DE)";"48,1140530";" -1,6984360"
"201900034233";"9";"4";"2019";"22:10";"5";"34";"34172";"2";"1";"1";"6";"PALAVAS (AVENUE DE)";"43,5922800";"3,8898400"
"201900034234";"9";"4";"2019";"09:40";"1";"34";"34172";"2";"1";"1";"3";"RAVAZ (AVENUE DU PROFESSEUR LOUIS";"43,6216100";"3,8476000"
"201900034235";"8";"4";"2019";"19:10";"2";"34";"34172";"2";"1";"1";"6";"EUROPE (AVENUE DE L')";"43,6370400";"3,8225700"
"201900034236";"8";"4";"2019";"18:00";"1";"34";"34172";"2";"3";"7";"1";"APOTHICAIRES (AVENUE DES)";"43,6449900";"3,8428400"
"201900034237";"7";"4";"2019";"14:30";"1";"34";"34172";"2";"1";"2";"3";"LIBERTE (AVENUE DE LA";"43,6118000";"3,8256900"
"201900034238";"7";"4";"2019";"11:30";"1";"33";"33550";"2";"2";"1";"3";"RUE LAMARTINE / RUE ALSACE LORRAINE";"44,7620100";" -0,5838900"
"201900034239";"29";"3";"2019";"02:40";"4";"33";"33550";"2";"1";"1";"6";"RTE DE TOULOUSE";"44,8010600";" -0,5706300"
"201900034240";"8";"4";"2019";"11:55";"1";"31";"31555";"2";"1";"1";"7";"BD DE STRASBOURG";"43,6069200";"1,4474400"
"201900034241";"9";"4";"2019";"12:55";"1";"31";"31483";"2";"7";"1";"3";"FOURNIER (PLACE )";"43,1126300";"0,7140300"
"201900034242";"8";"4";"2019";"11:30";"1";"30";"30189";"2";"1";"1";"1";"RONDES (CHEMIN)";"43,8727300";"4,3570400"
"201900034243";"7";"4";"2019";"17:20";"1";"30";"30189";"2";"1";"1";"6";"TURENNE (RUE)";"43,8404240";"4,3676960"
"201900034244";"8";"4";"2019";"17:57";"1";"29";"29019";"2";"1";"1";"3";"BEREST EUGENE";"48,3931300";" -4,4332100"
"201900034245";"4";"4";"2019";"22:03";"5";"29";"29019";"2";"2";"3";"3";"PUGET PIERRE";"48,3912833";" -4,4933643"
"201900034246";"9";"4";"2019";"19:05";"1";"27";"27299";"2";"1";"1";"6";"BRIAND (AVENUE ARISTIDE)";"49,0426200";"1,1599000"
"201900034247";"4";"4";"2019";"14:00";"1";"22";"22198";"1";"1";"1";"4";"TREBEURDEN (ROUTE DE)";"48,7525310";" -3,5103540"
"201900034248";"2";"4";"2019";"07:35";"2";"22";"22113";"2";"1";"2";"6";"RESISTANCE (AVENUE DE LA)";"48,7377150";" -3,4678510"
"201900034249";"8";"4";"2019";"14:00";"1";"19";"19031";"2";"3";"1";"6";"BRISSON (RUE HENRI)";"45,1625400";"1,5349400"
"201900034250";"8";"7";"2019";"21:50";"1";"22";"22113";"2";"1";"1";"1";"RESISTANCE (AVENUE DE LA)";"48,7523243";" -3,4580208"
"201900034251";"24";"7";"2019";"08:30";"1";"17";"17300";"2";"9";"1";"3";"SAUTEL  BOULEVARD ANDRE";"46,1711500";" -1,1229900"
"201900034252";"24";"7";"2019";"15:40";"1";"14";"14699";"2";"9";"1";"6";"PEUPLIERS (RUE DES)";"49,3470000";"0,0969500"
"201900034253";"24";"7";"2019";"20:10";"1";"13";"13203";"2";"1";"1";"6";"FÉLIX PYAT (RUE)";"43,3175600";"5,3743600"
"201900034254";"24";"7";"2019";"18:30";"1";"13";"13208";"2";"1";"1";"4";"HAIFA (AVENUE)";"43,2531500";"5,3928900"
"201900034255";"24";"7";"2019";"16:23";"1";"13";"13213";"2";"1";"1";"2";"CHEMIN DU MERLAN A LA ROSE ";"43,3306400";"5,4106100"
"201900034256";"24";"7";"2019";"14:30";"1";"13";"13203";"2";"1";"1";"6";"CAMILLE PELLETAN (AVENUE)";"43,3060610";"5,3733510"
"201900034257";"11";"6";"2019";"16:10";"1";"13";"13204";"2";"1";"1";"2";"MONTOLIVET (AVENUE DE)";"43,3097900";"5,4086400"
"201900034258";"24";"7";"2019";"09:10";"1";"13";"13203";"2";"1";"1";"3";"CAMILLE PELLETAN (AVENUE)";"43,3054000";"5,3731600"
"201900034259";"24";"7";"2019";"07:00";"1";"13";"13212";"2";"9";"1";"2";"VERRERIE (rond point)";"43,3004900";"5,4767800"
"201900034260";"24";"7";"2019";"06:35";"1";"13";"13213";"2";"1";"1";"3";"CROIX ROUGE (AVENUE)";"43,3350630";"5,4437070"
"201900034261";"24";"7";"2019";"03:45";"3";"11";"11069";"1";"1";"1";"2";"RD 6113";"43,2117260";"2,3873660"
"201900034262";"21";"7";"2019";"20:48";"2";"9";"09225";"2";"1";"1";"6";"9° R.C.P. AVENUE DU";"43,1158200";"1,6250200"
"201900034263";"24";"7";"2019";"14:30";"1";"6";"06088";"2";"3";"1";"3";"GASIGLIA (R. THEODORE)";"43,7060070";"7,2870350"
"201900034264";"24";"7";"2019";"09:25";"1";"6";"06069";"2";"1";"1";"6";"FRAGONARD (BOULEVARD ET IMPASSE)";"43,6573900";"6,9232800"
"201900034265";"24";"7";"2019";"15:30";"1";"75";"75117";"2";"4";"1";"2";"BD PERIPHERIQUE EXTERIEUR";"48,8933020";"2,3033430"
"201900034266";"23";"7";"2019";"10:55";"1";"75";"75112";"2";"1";"1";"3";"BD PERIPHERIQUE INTERIEUR";"48,8272580";"2,3908840"
"201900034267";"23";"7";"2019";"09:30";"1";"75";"75113";"2";"1";"1";"2";"BD PERIPHERIQUE INTERIEUR";"48,8217180";"2,3790150"
"201900034268";"9";"7";"2019";"21:32";"2";"75";"75112";"2";"1";"1";"3";"BOULEVARD PERIPHERIQUE";"48,8320210";"2,4048750"
"201900034269";"24";"7";"2019";"20:55";"1";"75";"75117";"2";"2";"1";"6";"RUE DE TOCQUEVILLE";"48,8850198";"2,3107246"
"201900034270";"24";"7";"2019";"01:08";"5";"75";"75117";"2";"2";"1";"3";"RUE LA CONDAMINE";"48,8857700";"2,3216490"
"201900034271";"22";"7";"2019";"22:06";"5";"75";"75117";"2";"2";"1";"3";"AVENUE DE WAGRAM";"48,8803200";"2,2998070"
"201900034272";"22";"7";"2019";"13:05";"1";"75";"75116";"2";"3";"1";"6";"AVENUE KLEBER";"48,8661390";"2,2894960"
"201900034273";"23";"7";"2019";"12:00";"1";"75";"75115";"2";"2";"1";"3";"QUAI DE GRENELLE";"48,8544420";"2,2886800"
"201900034274";"23";"7";"2019";"10:00";"1";"75";"75115";"2";"3";"1";"7";"QUAI DE GRENELLE";"48,8536990";"2,2876780"
"201900034275";"24";"7";"2019";"10:00";"1";"75";"75114";"2";"2";"1";"6";"RUE D ALESIA";"48,8292830";"2,3226470"
"201900034276";"24";"7";"2019";"10:20";"1";"75";"75109";"2";"7";"1";"3";"PLACE KOSSUTH";"48,8760420";"2,3402080"
"201900034277";"24";"7";"2019";"16:18";"1";"75";"75108";"2";"3";"1";"3";"AVENUE CESAR CAIRE";"48,8761820";"2,3194610"
"201900034278";"24";"7";"2019";"14:02";"1";"75";"75108";"2";"7";"1";"6";"AVENUE DES CHAMPS ELYSEES";"48,8677490";"2,3139680"
"201900034279";"23";"7";"2019";"16:10";"1";"94";"94068";"2";"1";"1";"1";"PARC (QU DU)";"48,8100100";"2,4985700"
"201900034280";"24";"7";"2019";"01:00";"5";"94";"94046";"2";"1";"1";"6";"GENERAL DE GAULLE (AV DU)";"48,8157000";"2,4200000"
"201900034281";"23";"7";"2019";"08:35";"1";"94";"94034";"2";"2";"1";"7";"ROGER SALENGRO (R)";"48,7561200";"2,3217400"
"201900034282";"24";"7";"2019";"11:07";"1";"94";"94011";"2";"1";"1";"7";"ORADOUR SUR GLANE(AVENUE D')";"48,7682690";"2,4802830"
"201900034283";"23";"7";"2019";"14:55";"1";"94";"94028";"2";"1";"1";"6";"GAULLE(AVENUE DU GENERAL DE)";"48,7770000";"2,4583000"
"201900034284";"24";"7";"2019";"15:30";"1";"94";"94017";"2";"1";"1";"3";"GENERAL DE GAULLE (AV DU)";"48,8239300";"2,4973400"
"201900034285";"24";"7";"2019";"01:00";"5";"93";"93071";"2";"3";"1";"3";"JOHN F. KENNEDY (AVENUE)";"48,9461800";"2,5154300"
"201900034286";"23";"7";"2019";"14:15";"1";"93";"93039";"2";"1";"1";"6";"SEINE (QUAI DE )";"48,9343700";"2,3410400"
"201900034287";"23";"7";"2019";"19:00";"1";"93";"93053";"2";"1";"1";"6";"PARIS (RUE DE)";"48,8998000";"2,4492000"
"201900034288";"24";"7";"2019";"10:30";"1";"93";"93051";"2";"2";"1";"3";"VERDUN";"48,8490700";"2,5310700"
"201900034289";"24";"7";"2019";"09:04";"1";"93";"93051";"2";"2";"1";"5";"REPUBLIQUE";"48,8468000";"2,5586200"
"201900034290";"24";"7";"2019";"18:08";"1";"93";"93050";"2";"1";"1";"7";"JEAN JAURES (AVENUE) COTE MAISON BLANCHE";"48,8639160";"2,5496630"
"201900034291";"24";"7";"2019";"11:50";"1";"93";"93074";"2";"1";"1";"2";"AMYOT BOULEVARD JACQUES";"48,9395400";"2,5691500"
"201900034292";"24";"7";"2019";"21:20";"1";"93";"93006";"2";"1";"1";"3";"STALINGRAD AV.";"48,8727900";"2,4294200"
"201900034293";"24";"7";"2019";"19:30";"1";"93";"93008";"2";"1";"1";"6";"BALZAC (RUE)";"48,9133400";"2,4167800"
"201900034294";"21";"7";"2019";"12:35";"1";"92";"92072";"2";"1";"1";"7";"ALBERT DAMOUSE (RUE)";"48,8183500";"2,2161100"
"201900034295";"23";"7";"2019";"18:30";"1";"92";"92048";"2";"1";"1";"6";"ALEXANDRE GUILMANT (RUE)";"48,8145515";"2,2429408"
"201900034296";"24";"7";"2019";"11:05";"1";"92";"92048";"2";"1";"1";"6";"CELLE (AVENUE DE)";"48,7871000";"2,2284300"
"201900034297";"25";"7";"2019";"13:25";"1";"22";"22339";"1";"9";"1";"2";"Dombriand";"48,4785000";" -2,0419200"
"201900034298";"12";"7";"2019";"12:09";"1";"47";"47137";"1";"1";"1";"6";"VC3 cimetière saint pierre de cazeau";"44,1062940";"0,5724190"
"201900034299";"24";"7";"2019";"07:45";"1";"86";"86056";"1";"1";"1";"6";"Les Poteries";"46,5197930";"0,1281460"