"Num_Acc";"jour";"mois";"an";"hrmn";"lum";"dep";"com";"agg";"int";"atm";"col";"adr";"lat";"long"
"201900034300";"25";"7";"2019";"17:00";"1";"63";"63163";"2";"1";"1";"3";"Tracros";"45,7856654";"2,7485565"
"201900034301";"25";"7";"2019";"10:20";"1";"1";"01446";"1";"4";"1";"6";"Agnereins";"46,0427070";"4,8258000"
"201900034302";"24";"7";"2019";"21:00";"2";"68";"68300";"1";"1";"1";"3";"départementale 55";"47,7859520";"7,3718450"
"201900034303";"24";"7";"2019";"18:00";"1";"44";"44208";"1";"1";"1";"5";"D 771";"47,6191430";" -1,5381800"
"201900034304";"25";"7";"2019";"10:00";"1";"50";"50553";"1";"1";"1";"7";"A84 PR 156+900";"48,5772250";" -1,3285980"
"201900034305";"23";"7";"2019";"19:50";"1";"66";"66021";"1";"1";"1";"6";"Route de Torreilles";"42,7252350";"2,9460380"
"201900034306";"25";"7";"2019";"05:20";"2";"57";"57082";"1";"1";"1";"2";"D24";"49,0572810";"6,7788273"
"201900034307";"4";"7";"2019";"11:55";"1";"51";"51239";"1";"2";"1";"3";"RD 933 / RD 40";"48,8706003";"3,9491484"
"201900034308";"25";"7";"2019";"10:05";"1";"56";"56078";"1";"6";"1";"2";"Les Cinq Chemins";"47,7995420";" -3,4769310"
"201900034309";"24";"7";"2019";"20:05";"1";"76";"76648";"1";"1";"1";"7";"896 Vaudichon";"49,6897260";"1,2598450"
"201900034310";"25";"7";"2019";"04:55";"3";"2B";"2B150";"1";"1";"1";"6";"RT30";"42,5846620";"8,8312270"
"201900034311";"25";"7";"2019";"12:00";"1";"2B";"2B166";"2";"1";"1";"7";"TRAVONE";"42,4679560";"9,3908940"
"201900034312";"25";"7";"2019";"09:15";"1";"80";"80635";"2";"1";"1";"2";"Rue Robert Bordeux";"50,0500230";"1,9014760"
"201900034313";"25";"7";"2019";"16:50";"1";"80";"80212";"1";"1";"1";"1";"Route de Daours";"49,9138270";"2,4786840"
"201900034314";"25";"7";"2019";"14:45";"1";"82";"82117";"1";"1";"1";"6";"Riviere";"44,3332690";"0,9781290"
"201900034315";"24";"7";"2019";"18:15";"1";"33";"33125";"1";"1";"1";"6";"d1215";"45,2065600";" -0,8634800"
"201900034316";"25";"7";"2019";"16:40";"1";"11";"11014";"1";"4";"1";"1";"D 31";"43,1926560";"3,0681760"
"201900034317";"25";"7";"2019";"12:15";"1";"11";"11429";"1";"3";"1";"3";"boulevard de l'artisanat";"43,2467890";"2,3807900"
"201900034318";"24";"7";"2019";"22:30";"5";"71";"71543";"2";"9";"1";"3";"Avenue du Maréchal de Lattre de Tassigny";"46,5561560";"4,9153340"
"201900034319";"24";"7";"2019";"17:55";"1";"68";"68267";"1";"4";"1";"3";"Rue d'Oelenberg";"47,7473430";"7,2131810"
"201900034320";"25";"7";"2019";"17:20";"1";"68";"68004";"2";"3";"1";"1";"RD419";"47,6275970";"7,2642920"
"201900034321";"15";"7";"2019";"20:40";"1";"29";"29271";"1";"2";"1";"3";"lieu-dit Bellevue proche  goasfanc";"48,5676490";" -4,1561761"
"201900034322";"17";"6";"2019";"20:35";"1";"31";"31033";"2";"3";"1";"1";"54 Route de Toulouse";"43,3592170";"1,4660770"
"201900034323";"23";"7";"2019";"13:10";"1";"2";"02361";"1";"1";"1";"2";"D1029";"49,9109783";"3,6610155"
"201900034324";"25";"7";"2019";"10:44";"1";"2";"02292";"2";"7";"7";"2";"rue de la prairie";"49,0347580";"3,4047520"
"201900034325";"25";"7";"2019";"12:11";"1";"58";"58302";"1";"3";"1";"3";"N151 PR 7+250";"47,2114970";"3,0886360"
"201900034326";"25";"7";"2019";"14:20";"1";"6";"06108";"1";"1";"1";"3";"1010 Chemin de la Levade";"43,5734813";"6,9414087"
"201900034327";"24";"7";"2019";"20:00";"1";"14";"14349";"1";"1";"1";"7";"Route de Percouville (Clinchamps-sur-Orne)";"49,0897560";" -0,4082760"
"201900034328";"24";"7";"2019";"18:05";"1";"14";"14077";"1";"2";"1";"3";"Carrefour RD 98  ET 265";"49,2580250";"0,3026720"
"201900034329";"24";"7";"2019";"18:45";"1";"5";"05072";"1";"3";"1";"7";"d14";"44,6543570";"6,0850000"
"201900034330";"25";"7";"2019";"11:45";"1";"50";"50238";"1";"1";"1";"7";"Le Hameau Carpentier";"49,5723290";" -1,8259450"
"201900034331";"25";"7";"2019";"09:30";"1";"83";"83040";"1";"1";"1";"1";"N/A";"43,8013270";"6,6188720"
"201900034332";"21";"7";"2019";"01:40";"3";"45";"45083";"1";"1";"1";"1";"RD943 - RTE DE TRIGUERES";"47,9360860";"2,9600020"
"201900034333";"24";"7";"2019";"14:55";"1";"64";"64010";"1";"1";"1";"7";"d 29";"43,3515944";" -1,0212497"
"201900034334";"25";"7";"2019";"15:30";"1";"53";"53238";"1";"1";"1";"1";"LA BROSSE";"48,4316840";" -1,0376240"
"201900034335";"24";"7";"2019";"20:40";"1";"53";"53097";"1";"1";"1";"7";"route departementale 7";"48,1272490";" -0,3785040"
"201900034336";"22";"7";"2019";"02:00";"3";"23";"23022";"1";"1";"1";"6";"Ecosse";"46,3720200";"2,0302430"
"201900034337";"24";"7";"2019";"22:05";"5";"8";"08090";"2";"3";"1";"6";"Rue des jardins";"49,6394510";"5,1761400"
"201900034338";"24";"7";"2019";"04:10";"3";"67";"67176";"1";"6";"1";"7";"Carrefour RD1062 - RD662";"48,8925020";"7,6615670"
"201900034339";"18";"7";"2019";"06:30";"2";"973";"97307";"1";"9";"1";"3";"RN2 Carrefour de Stoupan";"4,8055949";" -52,3637581"
"201900034340";"24";"7";"2019";"18:30";"1";"6";"06152";"2";"1";"1";"7";"280 Route de Biot";"43,6433766";"7,0225687"
"201900034341";"25";"7";"2019";"11:00";"1";"973";"97303";"1";"1";"1";"7";"route nationale 1 PK143-500";"5,4770786";" -53,1919813"
"201900034342";"24";"7";"2019";"16:40";"1";"45";"45162";"1";"3";"1";"1";"RD 22 - R ST JACQUES";"48,2043470";"2,1762640"
"201900034343";"25";"7";"2019";"00:00";"3";"34";"34327";"1";"2";"1";"3";"Route Départementale";"43,6581100";"3,9631450"
"201900034344";"25";"7";"2019";"20:30";"1";"83";"83068";"1";"1";"1";"3";"Rte du littoral";"43,2837130";"6,5917490"
"201900034345";"25";"7";"2019";"17:45";"1";"4";"04152";"1";"1";"1";"7";"RD 6";"43,8074704";"5,7294088"
"201900034346";"24";"7";"2019";"19:30";"2";"13";"13022";"1";"1";"1";"1";"D559 A";"43,2336450";"5,5887510"
"201900034347";"24";"7";"2019";"23:10";"3";"71";"71249";"1";"1";"1";"1";"D18";"46,6461320";"4,8389420"
"201900034348";"24";"7";"2019";"16:00";"1";"42";"42094";"2";"1";"1";"1";"Route de Saint-Étienne";"45,7255060";"4,2257560"
"201900034349";"25";"7";"2019";"01:00";"3";"69";"69250";"1";"1";"1";"1";"Route de Lozanne";"45,8209600";"4,6966300"
"201900034350";"24";"7";"2019";"20:10";"1";"81";"81099";"1";"1";"1";"7";"La Daymarié";"43,9207424";"1,9371141"
"201900034351";"24";"7";"2019";"20:15";"1";"9";"09058";"2";"9";"1";"7";"Chemin de Martres";"42,8651690";"1,6179130"
"201900034352";"24";"7";"2019";"00:25";"3";"22";"22160";"1";"1";"1";"6";"LE MOULIN DE CRAVIA";"48,4450102";" -2,4699089"
"201900034353";"25";"7";"2019";"16:10";"1";"62";"62443";"2";"6";"1";"6";"Zone Commerciale rue Victor HUGO";"50,4518940";"2,6370530"
"201900034354";"9";"7";"2019";"18:40";"1";"62";"62603";"1";"1";"1";"6";"rout départementale 940";"50,6323810";"1,6446920"
"201900034355";"24";"7";"2019";"21:49";"3";"13";"13215";"1";"1";"1";"7";"A55-Sens Marseille vers Martigues";"43,3293309";"5,3562281"
"201900034356";"24";"7";"2019";"11:40";"1";"69";"69256";"1";"1";"1";"6";"A42     0.560 A 4.020";"45,7920300";"4,9142300"
"201900034357";"23";"7";"2019";"22:20";"5";"69";"69389";"1";"1";"1";"6";"BPNL   34.614 A 36.285";"45,7823100";"4,8004100"
"201900034358";"24";"7";"2019";"14:50";"1";"92";"92019";"1";"1";"1";"6";"RN 385 INT";"48,7723278";"2,2427874"
"201900034359";"23";"7";"2019";"08:55";"1";"94";"94034";"1";"1";"1";"4";"AUTOROUTE A86";"48,7619754";"2,3144245"
"201900034360";"24";"7";"2019";"16:40";"1";"78";"78118";"1";"1";"1";"2";"A13";"48,9858750";"1,6700320"
"201900034361";"24";"7";"2019";"08:45";"1";"78";"78640";"1";"1";"1";"7";"N118";"48,7778400";"2,2202300"
"201900034362";"24";"7";"2019";"02:50";"3";"92";"92050";"1";"1";"1";"6";"A86";"48,9066786";"2,2114264"
"201900034363";"23";"7";"2019";"10:00";"1";"92";"92036";"1";"1";"1";"4";"A86";"48,9341180";"2,2717639"
"201900034364";"24";"7";"2019";"01:20";"3";"95";"95277";"1";"1";"1";"5";"AUTOROUTE A1";"48,9796200";"2,4965400"
"201900034365";"23";"7";"2019";"01:30";"4";"93";"93064";"1";"1";"1";"5";"AUTOROUTE A86";"48,8792400";"2,4760400"
"201900034366";"22";"7";"2019";"20:30";"1";"93";"93053";"1";"1";"1";"5";"AUTOROUTE A3";"48,8937200";"2,4723200"
"201900034367";"23";"7";"2019";"16:54";"1";"77";"77249";"1";"1";"1";"2";"RN104";"48,7293320";"2,6075360"
"201900034368";"23";"7";"2019";"09:50";"1";"93";"93051";"1";"1";"1";"4";"A4";"48,8352300";"2,5711700"
"201900034369";"22";"7";"2019";"16:05";"1";"71";"71306";"2";"1";"1";"7";"RN 70 (ROUTE EXPRESS)";"46,6889691";"4,3649824"
"201900034370";"22";"7";"2019";"14:25";"1";"71";"71306";"2";"1";"1";"2";"DE LATTRE DE TASSIGNY (BLD DU MARECHAL)";"46,6719300";"4,3844000"
"201900034371";"22";"7";"2019";"11:45";"1";"63";"63113";"2";"8";"1";"3";"FLAUBERT (BD GUSTAVE)";"45,7621469";"3,1262128"
"201900034372";"22";"7";"2019";"17:40";"1";"13";"13203";"2";"2";"1";"3";"PARIS (BOULEVARD DE)";"43,3074000";"5,3715900"
"201900034373";"22";"7";"2019";"16:11";"1";"92";"92049";"2";"1";"1";"3";"BROSSOLETTE AVENUE PIERRE";"48,8116300";"2,3002400"
"201900034374";"21";"7";"2019";"21:40";"1";"93";"93005";"1";"1";"1";"6";"AUTOROUTE A3";"48,9617600";"2,4673100"
"201900034375";"23";"7";"2019";"14:08";"1";"974";"97416";"2";"1";"2";"6";"LEBLOND 1 (RUE MARIUS ET ARY)";" -21,3385600";"55,4777100"
"201900034376";"23";"7";"2019";"12:55";"1";"974";"97411";"1";"3";"1";"3";"TOPAZES(ALLEE DES)";" -20,8981900";"55,4439700"
"201900034377";"22";"7";"2019";"10:15";"1";"973";"97302";"2";"1";"1";"6";"REPUBLIQUE (BD DE LA)";"4,9385259";" -52,3210573"
"201900034378";"23";"7";"2019";"07:31";"1";"973";"97302";"1";"3";"1";"3";"SAINT ANTOINE (CHEMIN)";"4,9354796";" -52,2950935"
"201900034379";"24";"7";"2019";"00:40";"5";"69";"69387";"2";"1";"1";"6";"CLAUDE BERNARD                      (QU)";"45,7522576";"4,8372722"
"201900034380";"23";"7";"2019";"09:32";"1";"69";"69387";"2";"1";"1";"6";"ST LAZARE                           (R )";"45,7487178";"4,8477132"
"201900034381";"21";"7";"2019";"20:55";"4";"972";"97213";"1";"9";"1";"7";"ROUTE DEPARTEMENTALE 3";"14,5980900";" -61,0014400"
"201900034382";"23";"7";"2019";"01:10";"5";"972";"97209";"2";"6";"2";"6";"RN9";"14,6121500";" -61,0449800"
"201900034383";"23";"7";"2019";"22:19";"3";"2A";"2A004";"1";"1";"1";"6";"SAINT ANTOINE RUE";"41,9322800";"8,6412700"
"201900034384";"23";"7";"2019";"14:55";"1";"2A";"2A004";"1";"1";"1";"2";"RD11";"41,9313814";"8,7203450"
"201900034385";"23";"7";"2019";"12:25";"1";"91";"91174";"2";"9";"1";"2";"JEAN COCTEAU (RUE)";"48,6080660";"2,4490510"
"201900034386";"23";"7";"2019";"10:10";"1";"87";"87085";"2";"1";"1";"2";"7 PLACE JOURDAN";"45,8321300";"1,2642900"
"201900034387";"22";"7";"2019";"15:13";"1";"87";"87085";"1";"1";"1";"3";"RN520";"45,8919600";"1,2891700"
"201900034388";"22";"7";"2019";"13:32";"1";"87";"87085";"2";"1";"1";"6";"ENCOMBE-VINEUSE (IMPASSE ET RUE)";"45,8397200";"1,2547300"
"201900034389";"21";"7";"2019";"23:10";"5";"83";"83050";"2";"9";"1";"1";"GRASSE(ROUTE VIEILLE  DE)";"43,3229000";"6,2852000"
"201900034390";"22";"7";"2019";"18:10";"1";"83";"83141";"2";"1";"7";"3";"N/A";"43,5049100";"6,4826200"
"201900034391";"21";"7";"2019";"06:55";"1";"76";"76322";"1";"1";"1";"7";"RN 338 (VOIE RAPIDE SUD 3)";"49,4169000";"1,0469000"
"201900034392";"21";"7";"2019";"22:00";"2";"76";"76231";"2";"1";"1";"6";"PUCHOT. RUE DU";"49,2912700";"1,0026500"
"201900034393";"4";"7";"2019";"02:00";"3";"76";"76497";"1";"6";"1";"6";"D938";"49,3829700";"1,0523400"
"201900034394";"22";"7";"2019";"12:05";"1";"71";"71270";"2";"1";"1";"2";"LIBERTE (RUE DE LA)";"46,3185500";"4,8206100"
"201900034395";"23";"7";"2019";"00:15";"4";"71";"71153";"2";"1";"1";"6";"MARTYRS DE LA LIBERATION (RUE DES)";"46,8069960";"4,4349040"
"201900034396";"22";"7";"2019";"18:05";"1";"71";"71153";"2";"6";"1";"1";"EUROPE (AVENUE DE L')";"46,8070700";"4,4306600"
"201900034397";"23";"7";"2019";"08:35";"1";"66";"66136";"2";"1";"1";"4";"PRADES (AVENUE DE)";"42,6912400";"2,8397700"
"201900034398";"23";"7";"2019";"08:45";"1";"64";"64483";"2";"1";"1";"6";"MARANON GREGORIO (AVENUE DU PROFESSEUR)";"43,3849241";" -1,6613194"
"201900034399";"17";"7";"2019";"10:10";"1";"64";"64445";"2";"1";"1";"7";"DUFAU";"43,3086156";" -0,3643367"
"201900034400";"22";"7";"2019";"12:50";"1";"64";"64024";"2";"1";"1";"7";"BARRE (PROMENADE DE LA)";"43,4974631";" -1,5279648"
"201900034401";"18";"7";"2019";"07:47";"1";"63";"63124";"2";"2";"1";"6";"Foch/LIBERATION (AV. DE LA)";"45,7317400";"3,1914800"
"201900034402";"23";"7";"2019";"19:25";"1";"59";"59350";"2";"1";"1";"2";"LEGRAND PIERRE RUE";"50,6295300";"3,1002600"
"201900034403";"22";"7";"2019";"11:00";"1";"56";"56162";"2";"1";"1";"6";"Bd de l'Océan";"47,7354600";" -3,5003400"
"201900034404";"19";"7";"2019";"02:00";"5";"54";"54395";"2";"1";"1";"7";"BROT (Rue Marcel)";"48,6811500";"6,2039300"
"201900034405";"19";"7";"2019";"15:13";"1";"54";"54395";"2";"3";"1";"7";"MOLITOR (RUE)";"48,6860300";"6,1927500"
"201900034406";"19";"7";"2019";"11:38";"1";"54";"54304";"2";"3";"1";"7";"MIRABELLES (ALLEE DES)";"48,6819100";"6,1446500"
"201900034407";"19";"7";"2019";"20:50";"1";"50";"50602";"2";"3";"2";"3";"BRETONNIERE (RUE DE LA)";"49,6396100";" -1,6053000"
"201900034408";"22";"7";"2019";"16:29";"1";"49";"49007";"2";"1";"1";"3";"DOYENNE BOULEVARD ET PASSAGE";"47,4912000";" -0,5295200"
"201900034409";"22";"7";"2019";"09:55";"1";"49";"49353";"2";"1";"1";"6";"VERRIERES CHEMIN";"47,4548300";" -0,4656400"
"201900034410";"22";"7";"2019";"18:05";"1";"47";"47201";"1";"1";"7";"5";"pont de BEAUREGARD";"44,1715400";"0,6140800"
"201900034411";"23";"7";"2019";"12:20";"1";"45";"45234";"2";"3";"1";"3";"R DE BOURGOGNE - R DU BOURDON BLANC";"47,9005000";"1,9135000"
"201900034412";"23";"7";"2019";"16:30";"1";"42";"42187";"2";"3";"1";"6";"BENOIT (BOULEVARD CAMILLE)";"46,0489600";"4,0715000"
"201900034413";"23";"7";"2019";"18:20";"1";"35";"35238";"2";"3";"1";"3";"MAGINOT (AVENUE SERGENT)";"48,1099100";" -1,6628500"
"201900034414";"23";"7";"2019";"09:45";"1";"35";"35278";"2";"3";"1";"3";"MILON (RUE A)";"48,1530400";" -1,6845800"
"201900034415";"22";"7";"2019";"16:50";"1";"33";"33522";"2";"2";"1";"3";"RUE DU GENERAL MARGUERITTE";"44,8025000";" -0,5871200"
"201900034416";"10";"7";"2019";"18:00";"1";"33";"33318";"2";"6";"1";"2";"AVE DE LA CHATAIGNERAIE";"44,7961600";" -0,6484900"
"201900034417";"22";"7";"2019";"18:55";"1";"32";"32013";"2";"1";"1";"7";"GAOUERE (CHEMIN DE)";"43,6202300";"0,5748600"
"201900034418";"22";"7";"2019";"14:00";"1";"31";"31555";"1";"1";"1";"4";"15 LA ROSERAIE (PERIPH EST A61)";"43,6305500";"1,4782800"
"201900034419";"19";"7";"2019";"14:35";"1";"31";"31555";"2";"1";"1";"3";"AV ANTOINE DE ST EXUPERY";"43,5848400";"1,4676500"
"201900034420";"23";"7";"2019";"11:50";"1";"29";"29051";"2";"1";"7";"3";"CROAS AR GAC RUE DE";"48,0031300";" -4,0237000"
"201900034421";"23";"7";"2019";"19:53";"1";"29";"29039";"2";"1";"1";"6";"MAUDUIT DUPLESSIS ( RUE)";"47,8719200";" -3,9093700"
"201900034422";"23";"7";"2019";"07:00";"2";"26";"26057";"2";"4";"1";"3";"ROUTE OLIVIER DE SERRES";"45,0089300";"5,0688500"
"201900034423";"23";"7";"2019";"21:40";"1";"17";"17461";"1";"6";"7";"6";"TREMBLADE ( ROUTE DE LA)";"45,6610610";" -1,0606940"
"201900034424";"23";"7";"2019";"14:20";"1";"17";"17200";"2";"2";"1";"3";"OISEAUX DE MER   AVENUE DES";"46,1865200";" -1,1579200"
"201900034425";"23";"7";"2019";"14:13";"1";"17";"17300";"2";"1";"1";"2";"SAUTEL  BOULEVARD ANDRE";"46,1679200";" -1,1332100"
"201900034426";"22";"7";"2019";"19:40";"1";"13";"13211";"2";"3";"1";"3";"SAINT MARCEL (BOULEVARD DE )";"43,2876850";"5,4649410"
"201900034427";"23";"7";"2019";"08:00";"1";"13";"13001";"1";"3";"1";"6";"ST CANADET (ROUTE) D.13";"43,5988100";"5,4640200"
"201900034428";"23";"7";"2019";"19:30";"1";"6";"06088";"2";"9";"1";"6";"MADELEINE (BD DE LA)";"43,7038600";"7,2344700"
"201900034429";"21";"7";"2019";"14:30";"1";"6";"06088";"2";"2";"1";"5";"RIQUIER (BD DE)";"43,7021730";"7,2887530"
"201900034430";"8";"5";"2019";"00:29";"3";"30";"30032";"1";"1";"1";"1";"FOURQUES ROUTE DE";"43,7922146";"4,6323466"
"201900034431";"6";"5";"2019";"17:25";"1";"13";"13108";"2";"1";"1";"3";"CAYADES (ROUTE DES)";"43,8031200";"4,6733100"
"201900034432";"4";"5";"2019";"16:20";"1";"13";"13108";"1";"6";"1";"1";"RADOUBS (CHEMIN DES)";"43,8008350";"4,6559460"
"201900034433";"12";"5";"2019";"05:30";"5";"13";"13103";"2";"1";"1";"7";"AVENUE DE LATTRE DE TASSIGNY-RD 17-";"43,6523900";"5,0893100"
"201900034434";"30";"4";"2019";"18:00";"1";"13";"13026";"2";"9";"1";"3";"AUDIBERT (bld Armand)";"43,3862000";"5,1691100"
"201900034435";"4";"5";"2019";"18:10";"1";"13";"13056";"2";"1";"1";"6";"PONT LEVANT";"43,4045400";"5,0568400"
"201900034436";"29";"5";"2019";"19:20";"1";"13";"13208";"2";"1";"1";"6";"PRADO (AVENUE DU)";"43,2632400";"5,3764400"
"201900034437";"29";"5";"2019";"17:10";"1";"13";"13211";"2";"1";"1";"6";"MIRELLE LAUZE (BOULEVARD)";"43,2839510";"5,4190520"
"201900034438";"29";"5";"2019";"09:45";"1";"13";"13214";"2";"3";"1";"2";"ALEX ANSALDI (RUE)";"43,3400940";"5,3881440"
"201900034439";"29";"5";"2019";"09:40";"1";"13";"13215";"2";"1";"1";"6";"SAINT LOUIS (AVENUE DE)";"43,3521100";"5,3579500"
"201900034440";"29";"5";"2019";"07:20";"1";"13";"13213";"2";"1";"1";"3";"ESCADRILLE NORMANDIE NIEMEN";"43,3362520";"5,4100000"
"201900034441";"28";"5";"2019";"21:30";"5";"13";"13208";"2";"6";"1";"3";"HENRI FRENAY (ROND-POINT)";"43,2546600";"5,3760500"
"201900034442";"28";"5";"2019";"21:15";"5";"13";"13215";"2";"1";"1";"2";"DE SAINT LOUIS AU ROVE (chemin)";"43,3546000";"5,3503500"
"201900034443";"28";"5";"2019";"20:00";"2";"13";"13210";"2";"3";"1";"3";"PIERRE DOIZE  (RUE)";"43,2787500";"5,4283100"
"201900034444";"28";"5";"2019";"14:10";"1";"13";"13208";"2";"1";"1";"3";"PRADO (AVENUE DU)";"43,2668500";"5,3825000"
"201900034445";"28";"5";"2019";"13:15";"1";"13";"13211";"2";"1";"1";"1";"VALENTINE (ROUTE DE LA)";"43,2800000";"5,4600000"
"201900034446";"28";"5";"2019";"08:15";"1";"13";"13210";"2";"1";"1";"6";"EUROPE (ROND POINT DE L')";"43,2800000";"5,3900000"
"201900034447";"27";"5";"2019";"18:35";"1";"13";"13202";"2";"1";"1";"6";"DAMES (BOULEVARD DES)";"43,3030600";"5,3673000"
"201900034448";"27";"5";"2019";"16:15";"1";"13";"13209";"2";"6";"1";"3";"JULES ISAAC (RUE)";"43,2521500";"5,4006200"
"201900034449";"27";"5";"2019";"08:30";"1";"13";"13211";"2";"3";"1";"3";"AUDIENCE (RUE DE L')";"43,2963800";"5,4859700"
"201900034450";"26";"5";"2019";"19:00";"1";"13";"13213";"2";"1";"1";"3";"MARCEL DELPRAT (AVENUE)";"43,3348600";"5,4539900"
"201900034451";"27";"5";"2019";"00:10";"5";"13";"13201";"2";"2";"1";"3";"VOLTAIRE    PAIRS (BOULEVARD)";"43,3034500";"5,3859000"
"201900034452";"26";"5";"2019";"21:00";"2";"13";"13207";"2";"1";"1";"3";"Corniche John Fitzgérald Kennedy";"43,2702000";"5,3658100"
"201900034453";"26";"5";"2019";"20:30";"1";"13";"13214";"2";"1";"1";"6";"CAPITAINE GEZE (BOULEVARD)";"43,3298000";"5,3684100"
"201900034454";"26";"5";"2019";"17:09";"1";"13";"13215";"2";"1";"1";"6";"CAP PINEDE (Avenue)";"43,3281000";"5,3635900"
"201900034455";"26";"5";"2019";"01:20";"5";"13";"13208";"2";"1";"1";"6";"MONTREDON (AVENUE DE)";"43,2442700";"5,3716200"
"201900034456";"26";"5";"2019";"01:00";"5";"13";"13210";"2";"2";"1";"3";"RABATAU (BOULEVARD)";"43,2793100";"5,3993000"
"201900034457";"25";"5";"2019";"21:25";"5";"13";"13201";"2";"1";"1";"1";"DUGOMMIER (BOULEVARD)     1 A 29";"43,2992600";"5,3808400"
"201900034458";"25";"5";"2019";"06:25";"2";"13";"13201";"2";"2";"1";"3";"CANEBIERE     70 A FIN";"43,2990100";"5,3851800"
"201900034459";"25";"5";"2019";"04:20";"5";"13";"13207";"2";"1";"1";"3";"PASTEUR (AVENUE)";"43,2904500";"5,3592200"
"201900034460";"24";"5";"2019";"22:50";"5";"13";"13206";"2";"2";"1";"3";"LAFON (RUE)";"43,2912500";"5,3808300"
"201900034461";"24";"5";"2019";"11:00";"1";"13";"13202";"2";"9";"1";"6";"JOLIETTE (QUAI DE LA)";"43,3048260";"5,3653130"
"201900034462";"24";"5";"2019";"07:00";"2";"13";"13204";"2";"2";"1";"3";"PIERRE ROCHE (RUE)";"43,3092900";"5,4034400"
"201900034463";"24";"5";"2019";"08:15";"1";"13";"13002";"2";"7";"1";"3";"GOURS (ALLÉE DES)";"43,3365060";"5,4715150"
"201900034464";"23";"5";"2019";"18:15";"1";"13";"13002";"2";"1";"1";"7";"ANGE MARTIN  (BOULEVARD)";"43,3331000";"5,4614200"
"201900034465";"23";"5";"2019";"18:25";"1";"13";"13213";"2";"3";"1";"3";"POILUS (AVENUE DES)";"43,3252100";"5,4506900"
"201900034466";"23";"5";"2019";"12:40";"1";"13";"13205";"2";"1";"1";"3";"BAILLE (BOULEVARD)";"43,2892900";"5,3964900"
"201900034467";"18";"5";"2019";"03:00";"5";"13";"13202";"2";"1";"1";"7";"PORT (QUAI DU)";"43,2967100";"5,3627000"
"201900034468";"22";"5";"2019";"15:07";"1";"13";"13002";"2";"3";"1";"3";"AUBAGNENS (AVENUE DES)";"43,3290810";"5,4757590"
"201900034469";"22";"5";"2019";"14:50";"1";"13";"13208";"2";"1";"1";"2";"MENDES FRANCE (AVENUE)";"43,2490000";"5,3750000"
"201900034470";"21";"5";"2019";"19:30";"1";"13";"13213";"2";"2";"1";"3";"LEPRINCE RINGUIET (rue)";"43,3442900";"5,4433700"
"201900034471";"22";"5";"2019";"09:50";"1";"13";"13207";"2";"9";"1";"3";"CORSE (AVENUE DE LA)";"43,2894670";"5,3640430"
"201900034472";"22";"5";"2019";"09:20";"1";"13";"13201";"2";"1";"1";"2";"PARADIS (RUE)       1 A 47";"43,2945000";"5,3763100"
"201900034473";"22";"5";"2019";"08:05";"1";"13";"13213";"2";"1";"1";"6";"POILUS (AVENUE DES)";"43,3208000";"5,4582500"
"201900034474";"22";"5";"2019";"05:15";"5";"13";"13208";"2";"1";"1";"1";"BAPTISTE CAYOL (RUE)";"43,2507380";"5,3855860"
"201900034475";"19";"5";"2019";"19:00";"1";"13";"13211";"2";"1";"3";"2";"DOCTEUR HECKEL (RUE DU)";"43,2897400";"5,4412300"
"201900034476";"21";"5";"2019";"17:00";"1";"13";"13211";"2";"1";"1";"3";"CESAR BOY (AVENUE)";"43,2963200";"5,4828690"
"201900034477";"21";"5";"2019";"17:20";"1";"13";"13002";"2";"4";"1";"7";"TROU DU LOUP (CHEMIN DU)";"43,3352300";"5,4777600"
"201900034478";"21";"5";"2019";"10:05";"1";"13";"13208";"2";"1";"1";"5";"PARADIS (RUE)";"43,2794020";"5,3827210"
"201900034479";"21";"5";"2019";"09:55";"1";"13";"13208";"2";"1";"1";"6";"RABATAU (BOULEVARD)";"43,2764550";"5,3973370"
"201900034480";"20";"5";"2019";"21:40";"5";"13";"13207";"2";"4";"1";"6";"Corniche John Fitzgérald Kennedy";"43,2753570";"5,3599730"
"201900034481";"20";"5";"2019";"23:25";"5";"13";"13208";"2";"1";"1";"3";"MAZARGUES (AVENUE DE)";"43,2654210";"5,3904210"
"201900034482";"20";"5";"2019";"22:30";"5";"13";"13203";"2";"2";"1";"3";"PLOMBIERES (BOULEVARD DES)";"43,3150166";"5,3879280"
"201900034483";"20";"5";"2019";"19:00";"1";"13";"13210";"2";"1";"1";"3";"PAUL CLAUDEL (BOULEVARD)";"43,2694400";"5,4213500"
"201900034484";"20";"5";"2019";"13:45";"1";"13";"13210";"2";"1";"1";"2";"ADRIENNE RANC-SAKAKINI (rue)";"43,2770820";"5,4373370"
"201900034485";"19";"5";"2019";"17:30";"1";"13";"13002";"1";"1";"2";"1";"ETIENNE CUCCA-CD908 (AVENUE)";"43,3711500";"5,5352200"
"201900034486";"30";"4";"2019";"12:40";"1";"13";"13205";"2";"3";"1";"3";"BROCHIER (RUE)";"43,2907400";"5,3908800"
"201900034487";"18";"5";"2019";"17:20";"1";"13";"13212";"2";"1";"1";"6";"24 AVRIL 15 (AVENUE DU)";"43,3083600";"5,4359900"
"201900034488";"19";"5";"2019";"19:00";"1";"13";"13208";"2";"1";"1";"3";"MICHELET (BOULEVARD)";"43,2613520";"5,3976430"
"201900034489";"19";"5";"2019";"11:00";"1";"13";"13214";"2";"3";"8";"3";"ANATOLE DE LA FORGE (BOULEVARD)";"43,3380300";"5,3936610"
"201900034490";"19";"5";"2019";"00:15";"5";"13";"13213";"2";"2";"1";"6";"POILUS (AVENUE DES)";"43,3236960";"5,3778090"