"Num_Acc";"jour";"mois";"an";"hrmn";"lum";"dep";"com";"agg";"int";"atm";"col";"adr";"lat";"long"
"201900034491";"18";"5";"2019";"22:05";"5";"13";"13205";"2";"9";"1";"6";"JEAN MOULIN (BOULEVARD)";"43,2908400";"5,3998300"
"201900034492";"18";"5";"2019";"17:00";"1";"13";"13214";"2";"3";"1";"3";"ALEX ANSALDI (RUE)";"43,3321160";"5,4041590"
"201900034493";"18";"5";"2019";"02:30";"5";"13";"13201";"2";"3";"1";"2";"FLAMMARION (BOULEVARD)     1 A 65";"43,3033900";"5,3859600"
"201900034494";"17";"5";"2019";"19:10";"1";"13";"13206";"2";"3";"2";"3";"PIERRE PUGET (COURS)";"43,2901200";"5,3725400"
"201900034495";"17";"5";"2019";"18:35";"1";"13";"13210";"2";"3";"2";"2";"ROMAIN ROLLAND (BOULEVARD)";"43,2766810";"5,4186860"
"201900034496";"17";"5";"2019";"16:40";"1";"13";"13212";"2";"3";"2";"3";"GASSENDI (BOULEVARD)";"43,3038890";"5,4207630"
"201900034497";"17";"5";"2019";"14:15";"1";"13";"13209";"2";"9";"1";"3";"MAZARGUES (AVENUE DE)";"43,2501230";"5,3959610"
"201900034498";"16";"5";"2019";"21:00";"2";"13";"13210";"2";"9";"1";"3";"ROMAIN ROLLAND (BOULEVARD)";"43,2727010";"5,4115920"
"201900034499";"16";"5";"2019";"19:15";"1";"13";"13209";"2";"1";"1";"3";"CABOT (BOULEVARD)";"43,2594400";"5,4165000"
"201900034500";"16";"5";"2019";"21:00";"1";"13";"13215";"2";"1";"1";"2";"LYON (RUE DE)";"43,3312000";"5,3649400"
"201900034501";"16";"5";"2019";"16:15";"1";"13";"13213";"2";"1";"1";"2";"JEAN PAUL SARTRE (AVENUE)";"43,3206400";"5,4162400"
"201900034502";"16";"5";"2019";"12:30";"1";"13";"13211";"2";"1";"1";"5";"CAMOINS ((RUE LES)";"43,2965820";"5,4914470"
"201900034503";"16";"5";"2019";"10:20";"1";"13";"13209";"2";"1";"1";"1";"LUMINY (AVENUE DE)";"43,2416450";"5,4383350"
"201900034504";"15";"5";"2019";"12:30";"1";"13";"13210";"2";"1";"1";"6";"CAPELETTE (AVENUE DE LA)";"43,2819860";"5,4037430"
"201900034505";"14";"5";"2019";"17:15";"1";"13";"13201";"2";"1";"1";"6";"ATHENES (BOULEVARD D')";"43,3002430";"5,3806870"
"201900034506";"15";"5";"2019";"09:50";"1";"13";"13212";"2";"1";"8";"3";"24 AVRIL 15 (AVENUE DU)";"43,3080860";"5,4344210"
"201900034507";"14";"5";"2019";"23:30";"4";"13";"13208";"2";"1";"1";"2";"PRADO (AVENUE DU)";"43,2802200";"5,3871500"
"201900034508";"14";"5";"2019";"21:00";"2";"13";"13215";"2";"1";"1";"1";"AUGUSTIN ROUX (RUE)";"43,3509880";"5,3619610"
"201900034509";"14";"5";"2019";"22:00";"5";"13";"13209";"2";"3";"1";"3";"SORMIOU (CHEMIN DE)";"43,2284800";"5,4024800"
"201900034510";"13";"5";"2019";"20:30";"2";"13";"13214";"2";"1";"1";"1";"BASILE BARRELIER (BOULEVARD)";"43,3390300";"5,3903900"
"201900034511";"13";"5";"2019";"23:10";"5";"13";"13208";"2";"3";"1";"3";"PARADIS (RUE)";"43,2690310";"5,3855780"
"201900034512";"12";"5";"2019";"19:20";"1";"13";"13208";"2";"1";"1";"7";"PRADO (AVENUE DU)";"43,2819100";"5,3861600"
"201900034513";"12";"5";"2019";"17:10";"1";"13";"13208";"2";"9";"1";"3";"MAZARGUES (AVENUE DE)";"43,2597700";"5,3940600"
"201900034514";"12";"5";"2019";"09:00";"1";"13";"13212";"2";"3";"1";"3";"ERNEST GASQUY (RUE)";"43,3019720";"5,4226850"
"201900034515";"11";"5";"2019";"21:20";"5";"13";"13209";"2";"2";"1";"3";"SAINTE MARGUERITE (BOULEVARD)";"43,2648090";"5,4093710"
"201900034516";"11";"5";"2019";"21:00";"2";"13";"13207";"2";"1";"1";"2";"CORDERIE (BOULEVARD DE LA)";"43,2907300";"5,3710000"
"201900034517";"11";"5";"2019";"17:30";"1";"13";"13216";"2";"1";"1";"3";"LITTORAL (CHEMIN DU)";"43,3490300";"5,3431100"
"201900034518";"11";"5";"2019";"16:35";"1";"13";"13210";"2";"1";"1";"6";"ROMAIN ROLLAND (BOULEVARD)";"43,2757200";"5,4174000"
"201900034519";"11";"5";"2019";"15:00";"1";"13";"13215";"2";"1";"1";"3";"SAINT ANTOINE (AVENUE DE)";"43,3836100";"5,3583500"
"201900034520";"11";"5";"2019";"13:00";"1";"13";"13208";"2";"1";"1";"3";"ANDRE ZENATTI (AVENUE)";"43,2463500";"5,3876200"
"201900034521";"11";"5";"2019";"09:30";"1";"13";"13002";"2";"1";"1";"6";"MARCEL PAGNOL (AVENUE)";"43,3330370";"5,4874440"
"201900034522";"24";"4";"2019";"11:20";"1";"13";"13215";"2";"1";"3";"3";"LEDRU ROLLI (BOULEVARD)";"43,3407500";"5,3564600"
"201900034523";"10";"5";"2019";"19:40";"1";"13";"13208";"2";"6";"1";"6";"LOUIS BONNEFON (PLACE)";"43,2543540";"5,3822030"
"201900034524";"10";"5";"2019";"16:55";"1";"13";"13212";"2";"1";"1";"4";"FERNANDEL (AVENUE)";"43,3123200";"5,4494800"
"201900034525";"10";"5";"2019";"10:15";"1";"13";"13212";"2";"3";"1";"3";"LIBERATEURS (BOULEVARD)";"43,3030300";"5,4560700"
"201900034526";"9";"5";"2019";"19:10";"1";"13";"13213";"2";"1";"1";"4";"ALBERT EINSTEIN (RUE)";"43,3349000";"5,4328000"
"201900034527";"9";"5";"2019";"20:50";"5";"13";"13216";"2";"9";"1";"5";"ANTOINE SARTORIO (ROND POINT)";"43,3613000";"5,3446600"
"201900034528";"9";"5";"2019";"20:45";"2";"13";"13209";"2";"1";"1";"3";"LA PUGETTE (BOULEVARD)";"43,2691500";"5,4025300"
"201900034529";"9";"5";"2019";"18:40";"1";"13";"13212";"2";"3";"1";"3";"WILLIAM BOOTH (AVENUE)";"43,2961500";"5,4477400"
"201900034530";"9";"5";"2019";"18:40";"1";"13";"13203";"2";"1";"1";"6";"STRASBOURG (BOULEVARD)";"43,3083500";"5,3772900"
"201900034531";"9";"5";"2019";"14:20";"1";"13";"13201";"2";"1";"1";"3";"BOURDET (MAURICE) (BOULEVARD)";"43,3025900";"5,3794000"
"201900034532";"9";"5";"2019";"14:30";"1";"13";"13202";"2";"3";"1";"2";"ARENC (QUAI D')";"43,3210400";"5,3628100"
"201900034533";"9";"5";"2019";"12:10";"1";"13";"13209";"2";"1";"1";"3";"SAINTE MARGUERITE (BOULEVARD)";"43,2653360";"5,4089560"
"201900034534";"7";"5";"2019";"23:15";"5";"13";"13202";"2";"2";"1";"5";"ANTHOINE (RUE D')";"43,3165800";"5,3683700"
"201900034535";"7";"5";"2019";"21:30";"5";"13";"13213";"2";"1";"1";"2";"JEAN PAUL SARTRE (AVENUE)";"43,3207200";"5,4158900"
"201900034536";"7";"5";"2019";"09:00";"1";"13";"13212";"2";"2";"1";"6";"CHARLES KADDOUZ (RUE)";"43,3076770";"5,4254300"
"201900034537";"6";"5";"2019";"17:26";"1";"13";"13075";"2";"1";"1";"6";"LIBERATION (AVE DE LA)";"43,3008800";"5,3906660"
"201900034538";"6";"5";"2019";"10:20";"1";"13";"13214";"2";"1";"1";"6";"SAINTE MARTHE (chemin)";"43,3269310";"5,3876850"
"201900034539";"6";"5";"2019";"08:00";"1";"13";"13208";"2";"1";"1";"6";"CLOT BEY (AVENUE)";"43,2579100";"5,3834400"
"201900034540";"6";"5";"2019";"09:15";"1";"13";"13213";"2";"1";"1";"3";"SAINT JUST (AVENUE DE)";"43,3160370";"5,4039240"
"201900034541";"6";"5";"2019";"09:00";"1";"13";"13207";"2";"3";"1";"6";"CORDERIE (BOULEVARD DE LA)";"43,2904620";"5,3703600"
"201900034542";"6";"5";"2019";"08:30";"1";"13";"13075";"2";"3";"1";"6";"L'ENJOLRAS (AVE DE)";"43,3376510";"5,4528090"
"201900034543";"6";"5";"2019";"08:50";"1";"13";"13205";"2";"1";"1";"6";"SIDI BRAHIM (SQUARE)";"43,2973600";"5,3994500"
"201900034544";"5";"5";"2019";"03:30";"5";"13";"13211";"2";"1";"1";"6";"SAINT MARCEL (BOULEVARD DE )";"43,2886800";"5,4619060"
"201900034545";"5";"5";"2019";"00:05";"5";"13";"13203";"2";"1";"1";"3";"PLOMBIERES (BOULEVARD DES)";"43,3199200";"5,3776700"
"201900034546";"4";"5";"2019";"10:08";"1";"13";"13214";"2";"3";"1";"3";"ALEX ANSALDI (RUE)";"43,3358000";"5,3987000"
"201900034547";"4";"5";"2019";"10:00";"1";"13";"13201";"2";"1";"1";"6";"PAVILLON (RUE)      1 A 11";"43,2954900";"5,3774200"
"201900034548";"4";"5";"2019";"11:25";"1";"13";"13213";"2";"1";"1";"6";"CROIX ROUGE (AVENUE)";"43,3306700";"5,4309700"
"201900034549";"4";"5";"2019";"01:30";"5";"13";"13208";"2";"9";"1";"4";"PRADO (AVENUE DU)";"43,2667000";"5,3823500"
"201900034550";"3";"5";"2019";"17:25";"1";"13";"13208";"2";"3";"1";"3";"ALEXANDRE DUMAS (RUE)";"43,2636667";"5,3894526"
"201900034551";"3";"5";"2019";"16:45";"1";"13";"13210";"2";"3";"1";"3";"PONT DE VIVAUX (BOULEVARD)";"43,2816160";"5,4247290"
"201900034552";"3";"5";"2019";"12:45";"1";"13";"13202";"2";"1";"1";"6";"CAISSERIE (RUE)";"43,2969000";"5,3674000"
"201900034553";"3";"5";"2019";"07:20";"1";"13";"13213";"2";"6";"1";"3";"GRAND (RUE)";"43,3348600";"5,4505600"
"201900034554";"2";"5";"2019";"17:40";"1";"13";"13210";"2";"1";"1";"4";"TIMONE (AVENUE DE LA)";"43,2864000";"5,4079900"
"201900034555";"2";"5";"2019";"14:10";"1";"13";"13205";"2";"1";"1";"3";"JEAN MOULIN (BOULEVARD)";"43,2904900";"5,4000500"
"201900034556";"2";"5";"2019";"12:00";"1";"13";"13212";"2";"1";"1";"6";"CAILLOLS (AVENUE DES)";"43,3038540";"5,4362090"
"201900034557";"2";"5";"2019";"12:35";"1";"13";"13201";"2";"1";"1";"6";"BOURDET (MAURICE) (BOULEVARD)";"43,3027030";"5,3794850"
"201900034558";"2";"5";"2019";"09:00";"1";"13";"13215";"2";"1";"1";"6";"MADRAGUE VILLE (chemin de la)";"43,3333250";"5,3585260"
"201900034559";"2";"5";"2019";"07:50";"1";"13";"13214";"2";"1";"1";"5";"FOUR DE BUZ (CHEMIN)";"43,3498700";"5,4055400"
"201900034560";"1";"5";"2019";"21:00";"5";"13";"13213";"2";"3";"1";"1";"VALDONNE (AVENUE DE)";"43,3245100";"5,4154500"
"201900034561";"1";"5";"2019";"17:30";"1";"13";"13215";"2";"2";"1";"3";"LYON (RUE DE)";"43,3425400";"5,3597100"
"201900034562";"1";"5";"2019";"16:45";"1";"13";"13206";"2";"2";"1";"3";"ROME (PLACE DE)";"43,2911830";"5,3807630"
"201900034563";"1";"5";"2019";"14:20";"1";"13";"13208";"2";"1";"1";"6";"MENDES FRANCE (AVENUE)";"43,2551990";"5,3762950"
"201900034564";"30";"4";"2019";"17:00";"1";"13";"13210";"2";"1";"1";"6";"TIMONE (AVENUE DE LA)";"43,2864000";"5,4079100"
"201900034565";"30";"4";"2019";"16:45";"1";"13";"13208";"2";"3";"9";"6";"TURCAT MERY ALLÉE (ALLEE)";"43,2804400";"5,3873400"
"201900034566";"30";"4";"2019";"14:00";"1";"13";"13213";"2";"1";"1";"6";"OLIVES (AVENUE DES)";"43,3264740";"5,4384530"
"201900034567";"30";"4";"2019";"10:00";"1";"13";"13208";"2";"1";"1";"6";"TURCAT MERY ALLÉE (ALLEE)";"43,2800000";"5,3880000"
"201900034568";"29";"4";"2019";"16:40";"1";"13";"13209";"2";"1";"1";"6";"MICHELET (BOULEVARD)";"43,2517000";"5,4033000"
"201900034569";"30";"4";"2019";"07:45";"1";"13";"13210";"2";"1";"1";"3";"PAUL CLAUDEL (BOULEVARD)";"43,2676000";"5,4112800"
"201900034570";"29";"4";"2019";"18:05";"1";"13";"13211";"2";"1";"1";"5";"AUDIENCE (RUE DE L')";"43,2965570";"5,4852680"
"201900034571";"29";"4";"2019";"16:55";"1";"13";"13205";"2";"1";"1";"6";"VITALIS (RUE)";"43,2923600";"5,3928100"
"201900034572";"29";"4";"2019";"13:10";"1";"13";"13207";"2";"1";"1";"6";"BOMPARD (BOULEVARD)";"43,2847000";"5,3601500"
"201900034573";"29";"4";"2019";"08:02";"1";"13";"13204";"2";"1";"1";"3";"BLANCARDE (BOULEVARD)";"43,3031800";"5,4032900"
"201900034574";"28";"4";"2019";"23:15";"5";"13";"13209";"2";"3";"1";"5";"RAYMOND TEISSERE (RUE)";"43,2720000";"5,3996000"
"201900034575";"21";"5";"2019";"23:55";"5";"13";"13028";"2";"1";"1";"6";"BEAU RIVAGE (BOULEVARD)";"43,2383300";"5,3635120"
"201900034576";"28";"5";"2019";"11:50";"1";"13";"13005";"2";"1";"1";"3";"CIOTAT (ROUTE DE LA RN559)";"43,1963590";"5,5964400"
"201900034577";"25";"5";"2019";"22:15";"3";"13";"13070";"2";"1";"1";"6";"SAINT LAMBERT (CHEMIN)";"43,2852500";"5,5179600"
"201900034578";"12";"5";"2019";"17:30";"1";"13";"13005";"2";"2";"1";"5";"SOLLANS (CHEMIN DES)";"43,3054670";"5,5725610"
"201900034579";"11";"5";"2019";"20:15";"1";"13";"13005";"2";"6";"1";"3";"VALLEE (TRAVERSE DE LA )";"43,2878000";"5,5480300"
"201900034580";"25";"5";"2019";"23:30";"4";"13";"13001";"1";"2";"1";"3";"MONT ROBERT (CH DU)";"43,4885500";"5,3873400"
"201900034581";"18";"5";"2019";"01:00";"3";"13";"13001";"1";"1";"2";"6";"RD9";"43,4942690";"5,3731030"
"201900034582";"17";"5";"2019";"09:00";"1";"13";"13001";"2";"1";"2";"3";"CLUB HIPPIQUE (AV)";"43,5283000";"5,4497300"
"201900034583";"16";"5";"2019";"11:30";"1";"13";"13001";"1";"1";"1";"1";"R.N 7";"43,5981000";"5,3496000"
"201900034584";"16";"5";"2019";"09:30";"1";"13";"13001";"1";"3";"1";"3";"CHATEAUX DU MONT ROBERT (RTE)";"43,4830000";"5,3960000"
"201900034585";"15";"5";"2019";"19:00";"1";"13";"13001";"2";"3";"1";"6";"VAIR GUILLAUME DU (RUE)";"43,5080900";"5,4064200"
"201900034586";"15";"5";"2019";"08:20";"1";"13";"13001";"2";"1";"8";"3";"LEDOUX CLAUDE NICOLAS (RUE)";"43,4782470";"5,3963120"
"201900034587";"5";"5";"2019";"21:00";"3";"13";"13001";"1";"1";"6";"7";"PREMIERE DIV FRANCAISE LIB (AV)";"43,5502666";"5,4280347"
"201900034588";"3";"5";"2019";"15:15";"1";"13";"13001";"2";"2";"1";"3";"PICASSO PABLO (AV)";"43,5286470";"5,4160460"
"201900034589";"1";"5";"2019";"20:45";"5";"13";"13001";"2";"2";"1";"3";"GALICE (RTE DE)";"43,5286000";"5,4237000"
"201900034590";"28";"5";"2019";"14:40";"1";"12";"12176";"2";"1";"1";"4";"RN 88";"44,3671800";"2,5790700"
"201900034591";"17";"5";"2019";"19:15";"1";"12";"12202";"1";"1";"1";"1";"RD 994";"44,3692000";"2,5397000"
"201900034592";"14";"5";"2019";"08:25";"1";"12";"12202";"1";"3";"1";"2";"RIGNAC (ROUTE DE)";"44,3677700";"2,5408700"
"201900034593";"13";"5";"2019";"10:25";"1";"12";"12202";"2";"1";"1";"6";"ARMES (PLACE D')";"44,3509000";"2,5727000"
"201900034594";"4";"5";"2019";"15:45";"1";"12";"12202";"2";"1";"1";"6";"MARECHAL JOFFRE (AVENUE DU)";"44,3622100";"2,5794900"
"201900034595";"26";"5";"2019";"16:25";"1";"12";"12145";"1";"1";"1";"3";"CAVALERIE (COTE DE LA )";"44,0891100";"3,0867400"
"201900034596";"19";"5";"2019";"18:25";"1";"12";"12100";"1";"1";"8";"1";"LA CLEDE";"44,5163280";"2,3264550"
"201900034597";"6";"5";"2019";"09:15";"1";"12";"12089";"1";"1";"1";"1";"ESTAQUES (LES)";"44,5693200";"2,2485200"
"201900034598";"28";"5";"2019";"08:15";"1";"11";"11262";"2";"1";"1";"6";"1848 (BOULEVARD)";"43,1912360";"3,0161760"
"201900034599";"20";"5";"2019";"17:38";"1";"11";"11262";"1";"1";"1";"3";"RD 6009 NARBONNE - PERPIGNAN";"43,1974000";"3,0010300"
"201900034600";"22";"5";"2019";"17:30";"1";"11";"11262";"2";"3";"1";"6";"CARNOT (AVENUE)";"43,1895380";"3,0054510"
"201900034601";"17";"5";"2019";"18:00";"1";"11";"11262";"2";"1";"2";"6";"ESPAGNE (AVENUE D')";"43,1719660";"2,9905730"
"201900034602";"17";"5";"2019";"20:15";"2";"11";"11262";"2";"1";"3";"7";"ELYSIQUES (VOIES DES)";"43,1865600";"2,9829300"
"201900034603";"17";"5";"2019";"20:00";"2";"11";"11262";"2";"3";"1";"5";"LECLERC (AVENUE DU GENERAL)";"43,1779800";"2,9949700"
"201900034604";"16";"5";"2019";"18:30";"1";"11";"11262";"1";"1";"1";"2";"RD 6009 NARBONNE - BEZIERS";"43,1675300";"2,9841500"
"201900034605";"14";"5";"2019";"17:30";"1";"11";"11262";"2";"1";"1";"3";"BORDEAUX (AVENUE DE)";"43,1816200";"2,9813800"
"201900034606";"10";"5";"2019";"16:10";"1";"11";"11262";"2";"2";"1";"6";"ALDY (RUE FELIX)";"43,1816900";"3,0131000"
"201900034607";"6";"5";"2019";"19:25";"1";"11";"11262";"2";"3";"1";"3";"BIMAR (RUE GUILLAUME)";"43,1911700";"3,0177400"
"201900034608";"5";"5";"2019";"12:25";"1";"11";"11262";"2";"1";"1";"6";"HUBERT MOULY (AVENUE)";"43,1800500";"3,0235800"
"201900034609";"27";"4";"2019";"14:00";"1";"11";"11262";"2";"1";"1";"2";"RAZIMBAUD (CHEM. DE BAS ET AV. DE";"43,1959600";"3,0186900"
"201900034610";"26";"4";"2019";"08:00";"1";"11";"11262";"2";"6";"1";"6";"JUIN (AVENUE MAREHAL)";"43,1805500";"3,0139200"
"201900034611";"1";"5";"2019";"01:10";"5";"11";"11069";"2";"2";"1";"2";"MONTPELLIER -DE-";"43,2176070";"2,3554820"
"201900034612";"25";"4";"2019";"17:45";"1";"11";"11069";"1";"6";"1";"2";"ZI PONT ROUGE";"43,2355000";"2,3699000"
"201900034613";"24";"4";"2019";"23:40";"5";"11";"11069";"1";"6";"1";"3";"RD 6161 - Rocade Ouest";"43,2355000";"2,3699000"
"201900034614";"29";"5";"2019";"17:39";"1";"10";"10081";"1";"1";"1";"2";"ROCADE OUEST (RD 610)";"48,3049651";"4,0229577"
"201900034615";"26";"5";"2019";"19:26";"1";"10";"10333";"2";"1";"1";"6";"ABBAYE DE MONTIER LA CELLE (RUE DE)";"48,2859000";"4,0502700"
"201900034616";"25";"5";"2019";"18:10";"1";"10";"10387";"2";"3";"2";"3";"TEINTURIERS (DES)";"48,3000000";"4,0900000"
"201900034617";"25";"5";"2019";"16:46";"1";"10";"10357";"1";"1";"1";"2";"ROCADE EST (RD 610)";"48,2950100";"4,1407200"
"201900034618";"23";"5";"2019";"19:45";"1";"10";"10081";"2";"2";"1";"3";"MARECHAL LECLERC (RUE)";"48,3111000";"4,0463000"
"201900034619";"17";"5";"2019";"16:35";"1";"10";"10081";"2";"9";"1";"1";"JULES FERRY (RUE)";"48,3212000";"4,0544000"
"201900034620";"16";"5";"2019";"12:38";"1";"10";"10387";"2";"1";"1";"3";"JULES GUESDE (BOULEVARD)";"48,2857012";"4,0829256"
"201900034621";"3";"5";"2019";"17:00";"1";"10";"10387";"2";"1";"1";"2";"PASTEUR (RUE)";"48,3028500";"4,0627600"
"201900034622";"15";"5";"2019";"13:00";"1";"10";"10387";"2";"1";"1";"1";"BROCARD (RUE)";"48,3088161";"4,0696701"
"201900034623";"11";"5";"2019";"15:27";"1";"10";"10387";"2";"2";"2";"6";"MARECHAL FOCH (RUE DU)";"48,2968000";"4,0755000"
"201900034624";"12";"12";"2019";"08:00";"3";"50";"50602";"2";"2";"2";"6";"rue de la Chasse Aux Loups";"49,6364200";" -1,5893300"
"201900034625";"14";"12";"2019";"14:58";"1";"45";"45234";"2";"1";"1";"2";"BD ROCHEPLATTE";"47,9052600";"1,8981100"
"201900034626";"14";"12";"2019";"12:25";"1";"45";"45147";"2";"2";"2";"3";"R M BERTHELOT - R M SANGNIER";"47,9215029";"1,9144782"
"201900034627";"14";"12";"2019";"17:15";"1";"44";"44109";"2";"1";"1";"6";"BOULEVARD ALBERT THOMAS";"47,2237100";" -1,5772100"
"201900034628";"13";"12";"2019";"22:07";"5";"38";"38318";"2";"1";"2";"1";"LUCIEN MAGNAT(MONTEE)";"45,5304000";"4,9072000"
"201900034629";"14";"12";"2019";"22:30";"5";"35";"35238";"2";"1";"2";"6";"MERMOZ (BOULEVARD JEAN)";"48,0970600";" -1,6904900"
"201900034630";"14";"12";"2019";"19:50";"5";"35";"35238";"2";"1";"1";"1";"COLOMBIER (BD DU)";"48,1024200";" -1,6801600"
"201900034631";"14";"12";"2019";"19:10";"5";"35";"35238";"2";"1";"2";"6";"FREVILLE (AVENUE HENRI)";"48,0870990";" -1,6743340"
"201900034632";"14";"12";"2019";"18:30";"3";"33";"33032";"2";"1";"1";"1";"RUE LAFAYETTE";"44,9150500";" -0,5199000"
"201900034633";"14";"12";"2019";"06:00";"3";"33";"33529";"1";"6";"2";"3";"RN 250 / Bd.de l'Industrie";"44,6182800";" -1,1253800"
"201900034634";"13";"12";"2019";"17:35";"5";"30";"30189";"2";"1";"1";"4";"FRANCAIS LIBRES (BD)";"43,8293599";"4,3239572"
"201900034635";"13";"12";"2019";"20:35";"5";"29";"29039";"2";"1";"2";"6";"LAPEROUSE ( RUE)";"47,8711700";" -3,9218800"
"201900034636";"14";"12";"2019";"00:35";"5";"29";"29019";"2";"6";"2";"1";"DOURJACQ";"48,4069800";" -4,4753400"
"201900034637";"14";"12";"2019";"15:05";"1";"16";"16374";"1";"1";"2";"6";"D1000";"45,6344900";"0,2124500"
"201900034638";"14";"12";"2019";"02:30";"5";"13";"13208";"2";"1";"2";"6";"LOUIS REGE (RUE)";"43,2813220";"5,3905280"
"201900034639";"14";"12";"2019";"00:30";"5";"13";"13215";"2";"9";"2";"2";"LE CHATELIER";"43,3481315";"5,3623514"
"201900034640";"14";"12";"2019";"16:17";"1";"10";"10362";"2";"1";"2";"6";"PAUL DOUMER (RUE)";"48,2895000";"4,0460000"
"201900034641";"14";"12";"2019";"07:20";"2";"9";"09225";"2";"1";"8";"6";"RIJOLE AVENUE DE LA";"43,1232900";"1,6208100"
"201900034642";"12";"12";"2019";"12:05";"1";"2";"02168";"2";"1";"8";"6";"BLANCHARD (AVENUE DE)";"49,0592000";"3,3826000"
"201900034643";"13";"12";"2019";"19:20";"5";"75";"75119";"2";"1";"1";"3";"BD PERIPHERIQUE INTERIEUR";"48,8806370";"2,4049130"
"201900034644";"13";"12";"2019";"16:30";"2";"75";"75120";"2";"1";"1";"3";"ECHANGEUR BAGNOLET";"48,8662309";"2,4127119"
"201900034645";"14";"12";"2019";"10:00";"1";"75";"75120";"2";"5";"1";"3";"RUE DES FRERES FLAVIEN";"48,8740850";"2,4130550"
"201900034646";"14";"12";"2019";"07:45";"2";"75";"75120";"2";"3";"1";"6";"BOULEVARD DAVOUT";"48,8527300";"2,4109320"
"201900034647";"14";"12";"2019";"07:30";"5";"75";"75120";"2";"3";"1";"3";"RUE BELGRAND";"48,8645650";"2,4072130"
"201900034648";"14";"12";"2019";"11:10";"1";"75";"75118";"2";"7";"1";"3";"ROND POINT DE LA CHAPELLE";"48,8951573";"2,3590879"
"201900034649";"14";"12";"2019";"08:50";"1";"75";"75118";"2";"4";"1";"3";"BOULEVARD BARBES";"48,8855311";"2,3495078"
"201900034650";"14";"12";"2019";"02:40";"5";"75";"75118";"2";"1";"2";"7";"BOULEVARD BARBES";"48,8848790";"2,3495010"
"201900034651";"14";"12";"2019";"21:05";"5";"75";"75116";"2";"7";"1";"3";"AVENUE DE LA GRANDE ARMEE";"48,8744200";"2,2929940"
"201900034652";"14";"12";"2019";"00:01";"5";"75";"75116";"2";"5";"3";"2";"ROUTE DE SEVRES A NEUILLY";"48,8744033";"2,2486968"
"201900034653";"13";"12";"2019";"23:35";"5";"75";"75116";"2";"2";"2";"3";"AVENUE FOCH";"48,8731640";"2,2844540"
"201900034654";"13";"12";"2019";"19:20";"5";"75";"75116";"2";"2";"1";"6";"AVENUE FOCH";"48,8714052";"2,2775066"
"201900034655";"12";"12";"2019";"14:50";"1";"75";"75116";"2";"1";"2";"6";"AVENUE BUGEAUD";"48,8708160";"2,2801510"
"201900034656";"14";"12";"2019";"16:26";"1";"75";"75105";"2";"1";"1";"6";"BOULEVARD DE PORT ROYAL";"48,8383573";"2,3422766"
"201900034657";"14";"12";"2019";"13:36";"1";"75";"75113";"2";"3";"1";"3";"QUAI D AUSTERLITZ";"48,8386640";"2,3723760"
"201900034658";"14";"12";"2019";"15:10";"1";"75";"75112";"2";"1";"1";"2";"COURS DE VINCENNES";"48,8479531";"2,4007324"
"201900034659";"13";"12";"2019";"11:15";"1";"75";"75112";"2";"7";"1";"3";"PLACE FELIX EBOUE";"48,8396870";"2,3961190"
"201900034660";"13";"12";"2019";"07:05";"5";"75";"75112";"2";"2";"2";"6";"RUE DE BERCY";"48,8455170";"2,3711480"
"201900034661";"14";"12";"2019";"14:48";"1";"75";"75111";"2";"1";"8";"3";"BOULEVARD DE MENILMONTANT";"48,8594310";"2,3889470"
"201900034662";"14";"12";"2019";"02:05";"5";"75";"75108";"2";"2";"2";"6";"BOULEVARD MALESHERBES";"48,8783740";"2,3155480"
"201900034663";"14";"12";"2019";"20:00";"5";"75";"75114";"2";"7";"1";"6";"BOULEVARD ARAGO";"48,8344500";"2,3334430"
"201900034664";"14";"12";"2019";"13:00";"1";"94";"94074";"2";"1";"8";"5";"RU DE GIRONDE (AV DU)";"48,7454400";"2,4637600"
"201900034665";"14";"12";"2019";"19:40";"5";"94";"94022";"2";"1";"1";"3";"APPEL DU DIX HUIT JUIN 1940 (PONT DE L)";"48,7662000";"2,4112300"
"201900034666";"13";"12";"2019";"22:25";"5";"94";"94004";"2";"1";"2";"6";"GENERAL LECLERC (AV DU)";"48,7600000";"2,4977000"
"201900034667";"14";"12";"2019";"17:15";"2";"93";"93071";"2";"1";"1";"1";"CHARLES CONRAD (RUE)";"48,9474900";"2,5239300"
"201900034668";"14";"12";"2019";"21:00";"5";"93";"93051";"2";"1";"1";"2";"NEUILLY (ROUTE)";"48,8507100";"2,5351300"
"201900034669";"14";"12";"2019";"23:35";"5";"93";"93046";"2";"1";"2";"7";"ARISTIDE BRIAND AVENUE";"48,9125900";"2,5223300"
"201900034670";"13";"12";"2019";"13:35";"1";"93";"93010";"2";"1";"2";"6";"PASTEUR (AV.)";"48,9033400";"2,4835100"
"201900034671";"14";"12";"2019";"19:15";"3";"92";"92064";"2";"2";"1";"3";"REPUBLIQUE";"48,8581200";"2,2110200"
"201900034672";"14";"12";"2019";"01:35";"5";"92";"92064";"2";"3";"1";"7";"REPUBLIQUE";"48,8452400";"2,2129600"
"201900034673";"14";"12";"2019";"18:20";"5";"92";"92012";"2";"1";"1";"6";"ANDRE MORIZET (AVENUE) 1/47 - 2/52";"48,8344700";"2,2421200"
"201900034674";"9";"12";"2019";"20:25";"3";"22";"22339";"1";"1";"1";"7";"Le Grand Bois Mene";"48,4953990";" -2,0469360"
"201900034675";"13";"12";"2019";"19:00";"3";"1";"01421";"1";"1";"2";"6";"D1504";"45,9183790";"5,4017250"
"201900034676";"14";"12";"2019";"18:55";"3";"11";"11397";"1";"1";"1";"2";"A61";"43,1962446";"2,4345599"
"201900034677";"14";"12";"2019";"19:30";"3";"31";"31435";"1";"1";"1";"6";"Nagut";"43,4433760";"1,1790340"
"201900034678";"12";"12";"2019";"17:15";"3";"31";"31271";"1";"1";"3";"1";"Borde Neuve";"43,5422280";"1,6406580"
"201900034679";"15";"12";"2019";"10:20";"1";"68";"68249";"2";"4";"1";"6";"8 Rue du Busset";"48,1261940";"7,1648950"
"201900034680";"14";"12";"2019";"10:30";"1";"68";"68277";"2";"2";"6";"7";"Chemin des Vignes";"48,1657620";"7,2944730"