"Num_Acc";"jour";"mois";"an";"hrmn";"lum";"dep";"com";"agg";"int";"atm";"col";"adr";"lat";"long"
"201900034681";"15";"12";"2019";"00:30";"3";"48";"48017";"1";"1";"8";"6";"A75";"44,4499850";"3,1932960"
"201900034682";"15";"12";"2019";"07:15";"3";"87";"87201";"1";"1";"3";"7";"RN 141, PR 45";"45,8653900";"1,1282040"
"201900034683";"14";"12";"2019";"17:45";"5";"62";"62415";"2";"1";"1";"6";"Rue de la Place";"50,3289920";"2,6373640"
"201900034684";"15";"12";"2019";"13:00";"1";"51";"51488";"1";"1";"8";"2";"RD 951";"49,1228922";"3,9884165"
"201900034685";"15";"12";"2019";"17:30";"3";"65";"65056";"2";"1";"1";"4";"D821";"43,0121250";" -0,0863240"
"201900034686";"15";"12";"2019";"10:20";"1";"33";"33093";"1";"1";"1";"6";"128 Lieu Dit Gaudin";"44,7107490";" -0,3188910"
"201900034687";"12";"12";"2019";"15:30";"1";"32";"32009";"1";"1";"3";"6";"D946";"43,5751940";"0,1711900"
"201900034688";"14";"12";"2019";"15:18";"1";"32";"32171";"1";"1";"1";"2";"D634";"43,5255260";"0,9854010"
"201900034689";"15";"12";"2019";"17:35";"3";"89";"89155";"1";"4";"2";"1";"D606";"47,7244340";"3,6067430"
"201900034690";"14";"12";"2019";"21:30";"3";"63";"63255";"1";"1";"2";"6";"RD 722";"45,4715220";"3,2805000"
"201900034691";"15";"12";"2019";"12:45";"1";"12";"12253";"1";"1";"1";"2";"RD 577";"44,1757750";"2,7302380"
"201900034692";"13";"12";"2019";"17:55";"5";"68";"68068";"2";"1";"2";"6";"13 Rue de Bâle";"47,6297270";"7,1197730"
"201900034693";"15";"12";"2019";"00:45";"3";"68";"68077";"1";"1";"2";"1";"D18";"47,6597270";"7,1765790"
"201900034694";"15";"12";"2019";"02:20";"5";"29";"29274";"2";"1";"2";"7";"10 Rue Pierre Curie";"48,0282350";" -3,7068010"
"201900034695";"15";"12";"2019";"17:45";"5";"60";"60276";"2";"1";"1";"1";"30 Rue d'En Haut";"49,5879030";"2,5529530"
"201900034696";"13";"12";"2019";"23:00";"3";"18";"18049";"1";"1";"3";"7";"43 Route du Canal";"47,1789240";"2,9872910"
"201900034697";"14";"12";"2019";"17:35";"3";"36";"36176";"1";"1";"2";"3";"RD951";"46,6296510";"1,1870030"
"201900034698";"14";"12";"2019";"18:45";"3";"4";"04188";"1";"2";"1";"3";"RD 13 / Les Jorsses";"43,8987150";"5,7997440"
"201900034699";"14";"12";"2019";"22:00";"3";"27";"27698";"1";"1";"2";"5";"Route Départementale 39";"49,1695080";"0,8766120"
"201900034700";"15";"12";"2019";"15:30";"1";"17";"17385";"1";"1";"2";"5";"RD 734";"45,9274540";" -1,2844430"
"201900034701";"15";"12";"2019";"05:05";"5";"30";"30341";"2";"1";"1";"7";"Chemin d'Aubord";"43,7057580";"4,2829890"
"201900034702";"14";"12";"2019";"11:45";"1";"68";"68295";"1";"1";"1";"4";"A35";"48,0110080";"7,3763020"
"201900034703";"15";"12";"2019";"15:15";"1";"31";"31395";"2";"1";"7";"6";"36 Avenue des Pyrénées";"43,4581310";"1,3252290"
"201900034704";"15";"12";"2019";"05:00";"3";"1";"01151";"1";"1";"1";"6";"A40";"46,0692190";"5,3285680"
"201900034705";"15";"12";"2019";"12:03";"1";"6";"06059";"1";"1";"1";"7";"A500 pk 000+535 sud";"43,7450520";"7,3726170"
"201900034706";"20";"9";"2019";"18:00";"1";"34";"34146";"1";"1";"1";"4";"A9, PK82, SENS MONTELLIER-NIMES.";"43,6970710";"4,1013440"
"201900034707";"14";"12";"2019";"19:10";"3";"69";"69235";"1";"1";"8";"6";"Route Nationale";"45,5468600";"4,8256900"
"201900034708";"15";"12";"2019";"00:00";"3";"988";"98822";"1";"1";"1";"7";"R.T.3";" -20,9950400";"165,4006900"
"201900034709";"15";"12";"2019";"09:55";"1";"971";"97119";"1";"1";"1";"2";"Chemin de Sainte Geneviève Lacroix";"16,4011620";" -61,4462130"
"201900034710";"14";"12";"2019";"12:10";"1";"971";"97134";"1";"1";"1";"3";"Route de Rocroy";"16,0491110";" -61,7625880"
"201900034711";"15";"12";"2019";"08:55";"1";"83";"83081";"1";"1";"1";"5";"Chemin de l'Aven";"43,6057950";"6,7653740"
"201900034712";"13";"12";"2019";"08:00";"2";"6";"06048";"2";"6";"3";"2";"RD 15 ROND POINT LAFARGE";"43,7955090";"7,3268790"
"201900034713";"13";"12";"2019";"17:30";"5";"67";"67544";"2";"2";"3";"6";"1 Rue de la Paix";"49,0360180";"7,9524900"
"201900034714";"14";"12";"2019";"01:50";"3";"64";"64245";"2";"1";"2";"7";"Rue du Caubarou";"43,2037783";" -0,5872051"
"201900034715";"13";"12";"2019";"19:40";"5";"33";"33238";"2";"6";"3";"6";"12 Cours Gambetta";"44,7288340";" -0,6008110"
"201900034716";"15";"12";"2019";"13:47";"1";"72";"72264";"2";"1";"1";"6";"23 Place du Champ-de-foire";"47,8403910";" -0,3360810"
"201900034717";"15";"12";"2019";"10:00";"1";"22";"22210";"1";"1";"7";"1";"Route de Loguivy de la Mer";"48,8055850";" -3,0686160"
"201900034718";"13";"12";"2019";"19:45";"3";"13";"13216";"1";"1";"2";"1";"A55-Sens Martigues vers Marseille";"43,3655669";"5,3375574"
"201900034719";"14";"12";"2019";"07:25";"2";"13";"13215";"2";"1";"2";"7";"A7-Sens Marseille vers Lyon";"43,3497380";"5,3691630"
"201900034720";"14";"12";"2019";"21:00";"3";"69";"69152";"1";"1";"1";"2";"A7  005.756  A  007.000";"45,7015700";"4,8354800"
"201900034721";"14";"12";"2019";"18:00";"3";"91";"91689";"1";"1";"1";"2";"AUTOROUTE A6";"48,7235000";"2,3123000"
"201900034722";"14";"12";"2019";"06:30";"3";"91";"91363";"1";"1";"1";"2";"RN 104";"48,6601800";"2,1849800"
"201900034723";"13";"12";"2019";"16:15";"1";"91";"91136";"1";"1";"1";"4";"AUTOROUTE A10";"48,7145600";"2,2725700"
"201900034724";"14";"12";"2019";"15:30";"1";"78";"78640";"1";"1";"1";"2";"A86 EXT";"48,7780580";"2,2150260"
"201900034725";"14";"12";"2019";"00:30";"5";"92";"92063";"1";"1";"3";"7";"A86";"48,8781563";"2,1634487"
"201900034726";"13";"12";"2019";"18:15";"3";"92";"92050";"1";"1";"1";"6";"A86";"48,9152364";"2,2203213"
"201900034727";"14";"12";"2019";"18:20";"3";"93";"93066";"1";"1";"1";"2";"AUTOROUTE A1";"48,9347000";"2,3722500"
"201900034728";"14";"12";"2019";"11:30";"1";"95";"95582";"1";"1";"2";"6";"RD 170";"48,9625800";"2,2630500"
"201900034729";"14";"12";"2019";"06:15";"3";"60";"60612";"1";"1";"2";"3";"AUTOROUTE A1";"49,1814500";"2,6052900"
"201900034730";"13";"12";"2019";"18:55";"3";"93";"93027";"1";"1";"1";"4";"AUTOROUTE A86";"48,9246600";"2,3898500"
"201900034731";"13";"12";"2019";"16:20";"1";"77";"77249";"1";"1";"1";"6";"RN104";"48,7563000";"2,6153000"
"201900034732";"30";"11";"2019";"09:00";"1";"971";"97113";"1";"1";"1";"3";"SECTION DUNOYER";"16,2085365";" -61,4674977"
"201900034733";"11";"12";"2019";"18:35";"3";"74";"74298";"2";"1";"2";"2";"BONNEVILLE (ROUTE DE )";"46,1747400";"6,2478600"
"201900034734";"10";"12";"2019";"06:40";"3";"74";"74118";"2";"6";"8";"3";"LIBERATION (ROUTE DE LA)";"46,1762900";"6,2353700"
"201900034735";"12";"12";"2019";"23:25";"3";"71";"71540";"1";"1";"8";"6";"BOIS MOREY (LE)";"46,7847100";"4,4517000"
"201900034736";"12";"12";"2019";"11:06";"1";"63";"63113";"2";"1";"1";"2";"POCHET LAGAYE (BD PAUL)";"45,7647400";"3,1027000"
"201900034737";"12";"12";"2019";"12:06";"1";"63";"63032";"2";"2";"1";"2";"MASAGE/route de Romagnat";"45,7516800";"3,0906600"
"201900034738";"10";"12";"2019";"19:50";"5";"63";"63113";"2";"3";"1";"3";"UNION SOVIETIQUE (AVENUE DE L')";"45,7794100";"3,1006500"
"201900034739";"31";"10";"2019";"16:45";"1";"59";"59350";"2";"2";"1";"3";"FAUBOURG D'ARRAS RUE";"50,6140400";"3,0625300"
"201900034740";"6";"11";"2019";"08:30";"1";"43";"43046";"2";"1";"1";"1";"OBSERVATOIRE (ROUTE DE L')";"45,0588400";"3,8928900"
"201900034741";"13";"12";"2019";"10:40";"1";"988";"98818";"2";"2";"1";"7";"AVENUE DU MARECHAL FOCH/RUE DUQUESNE";" -22,2778900";"166,4430900"
"201900034742";"12";"12";"2019";"19:27";"2";"988";"98818";"2";"1";"1";"6";"GERVOLINO (RUE MARCEL)";" -22,2415100";"166,4633600"
"201900034743";"12";"12";"2019";"13:30";"1";"974";"97411";"2";"1";"1";"2";"MACE (BOULEVARD GABRIEL)";" -20,8728300";"55,4481200"
"201900034744";"12";"12";"2019";"22:00";"4";"973";"97302";"2";"1";"1";"1";"VOLTAIRE(AVENUE)";"4,9422459";" -52,3229551"
"201900034745";"13";"12";"2019";"13:15";"1";"69";"69276";"2";"1";"2";"5";"ONZE NOVEMBRE 1918                 R";"45,6695300";"4,8503900"
"201900034746";"13";"12";"2019";"09:15";"1";"69";"69387";"1";"2";"1";"5";"SALOMON REINACH                     (R )";"45,7502000";"4,8433000"
"201900034747";"13";"12";"2019";"18:00";"1";"972";"97209";"1";"6";"1";"3";"DOROTHY (ROUTE DE)";"14,6112600";" -61,0424300"
"201900034748";"13";"12";"2019";"08:00";"2";"69";"69389";"2";"1";"2";"2";"ST CYR (DE)                         (R )";"45,7906900";"4,8083400"
"201900034749";"13";"12";"2019";"07:50";"5";"69";"69202";"2";"1";"2";"6";"COMMANDANT CHARCOT (DU)             (R )";"45,7479600";"4,7917700"
"201900034750";"12";"12";"2019";"18:05";"5";"971";"97113";"1";"1";"1";"3";"Section Port Blanc";"16,2307200";" -61,4500000"
"201900034751";"13";"12";"2019";"07:50";"2";"95";"95277";"2";"1";"2";"6";"Avenue François Mitterrand";"48,9853000";"2,4280000"
"201900034752";"13";"12";"2019";"08:33";"1";"91";"91589";"2";"7";"3";"6";"REPUBLIQUE (AVENUE DE LA)";"48,6895400";"2,3500710"
"201900034753";"12";"12";"2019";"08:10";"5";"91";"91692";"2";"1";"1";"6";"BERRY (AVENUE DU)";"48,6825780";"2,1690910"
"201900034754";"12";"12";"2019";"19:30";"5";"91";"91174";"2";"9";"2";"6";"BUISSON(RUE FERDINAND)";"48,6139230";"2,4852040"
"201900034755";"13";"12";"2019";"17:00";"2";"91";"91027";"2";"3";"1";"3";"DUNANT (AVENUE HENRI)";"48,7107400";"2,3883300"
"201900034756";"12";"12";"2019";"16:20";"2";"91";"91103";"2";"2";"2";"6";"PAIX (RUE DE LA)";"48,6077000";"2,3058000"
"201900034757";"13";"12";"2019";"13:39";"1";"87";"87085";"2";"1";"1";"2";"PERIN (BOULEVARD GEORGES)";"45,8315100";"1,2625800"
"201900034758";"13";"12";"2019";"08:55";"1";"87";"87085";"2";"3";"1";"3";"SAINT GENCE (RUE DE) (RD218)";"45,8478300";"1,2364600"
"201900034759";"12";"12";"2019";"15:45";"1";"80";"80021";"2";"1";"1";"3";"CHATEAUDUN (BOULEVARD DE)";"49,8837900";"2,2821700"
"201900034760";"11";"12";"2019";"19:10";"5";"80";"80021";"2";"2";"2";"3";"SAINT QUENTIN (BOULEVARD)";"49,8796800";"2,2921400"
"201900034761";"13";"12";"2019";"07:30";"5";"78";"78440";"2";"2";"3";"3";"JEAN MONNET (RUE)";"48,9934800";"1,9112800"
"201900034762";"12";"12";"2019";"18:22";"5";"77";"77445";"2";"6";"3";"1";"D151 X OREE DU BOIS (RUE DE L')";"48,5872000";"2,5951000"
"201900034763";"30";"11";"2019";"13:45";"1";"76";"76540";"2";"1";"1";"3";"BONSECOURS. ROUTE DE";"49,4337200";"1,1071700"
"201900034764";"12";"12";"2019";"09:20";"1";"76";"76351";"2";"2";"1";"4";"FRANCOIS 1ER (BD)";"49,4917700";"0,0992400"
"201900034765";"13";"12";"2019";"07:50";"5";"74";"74012";"2";"1";"3";"6";"MERMOZ RUE JEAN)";"46,1947900";"6,2512400"
"201900034766";"13";"12";"2019";"14:23";"1";"71";"71306";"2";"1";"3";"7";"PUITS (AVENUE DES )";"46,6747000";"4,3606400"
"201900034767";"12";"12";"2019";"18:00";"5";"71";"71040";"2";"9";"2";"6";"BIZOTS (ROUTE DES)";"46,7085500";"4,3947700"
"201900034768";"12";"12";"2019";"18:50";"5";"71";"71076";"2";"1";"1";"6";"KENNEDY (AVENUE JOHN FITZGERALD)";"46,7934400";"4,8636700"
"201900034769";"12";"12";"2019";"17:55";"5";"71";"71076";"2";"1";"1";"6";"LEDRU ROLLIN (RUE)";"46,7874400";"4,8388100"
"201900034770";"9";"12";"2019";"12:25";"1";"69";"69282";"2";"1";"1";"4";"REPUBLIQUE (DE)                     (R )";"45,7660200";"5,0068200"
"201900034771";"13";"12";"2019";"10:15";"1";"64";"64545";"1";"1";"6";"1";"CORNICHE (ROUTE DE LA)";"43,3819350";" -1,7280027"
"201900034772";"13";"12";"2019";"17:40";"5";"64";"64445";"2";"3";"3";"3";"LOUIS SALLENAVE";"43,3174200";" -0,3601800"
"201900034773";"13";"12";"2019";"16:45";"2";"64";"64445";"2";"3";"3";"3";"LEON BLUM";"43,3245100";" -0,3255800"
"201900034774";"1";"12";"2019";"18:05";"5";"64";"64348";"2";"3";"1";"6";"JEAN MERMOZ";"43,3208583";" -0,3790170"
"201900034775";"1";"12";"2019";"12:30";"1";"64";"64122";"2";"1";"1";"6";"BEAURIVAGE (AVENUE- PLACE)";"43,4734800";" -1,5668400"
"201900034776";"13";"12";"2019";"18:08";"5";"64";"64102";"2";"3";"2";"3";"RAYMOND SOUSBIELLE (RUE)";"43,4840055";" -1,4767326"
"201900034777";"12";"12";"2019";"18:30";"5";"64";"64102";"2";"4";"3";"3";"AVRIL (AVENUE DU 14)";"43,5040176";" -1,4500200"
"201900034778";"13";"12";"2019";"17:50";"5";"59";"59599";"2";"1";"8";"3";"BRUN PAIN (RUE DU)";"50,7254600";"3,1439000"
"201900034779";"12";"12";"2019";"10:30";"1";"59";"59512";"2";"2";"1";"3";"MOULIN (RUE JEAN)";"50,6822600";"3,1761600"
"201900034780";"13";"12";"2019";"15:10";"1";"59";"59566";"1";"1";"1";"6";"MARAIS RUE DU";"50,6245900";"2,9930700"
"201900034781";"13";"12";"2019";"14:00";"1";"59";"59560";"2";"1";"1";"1";"BURGAULT RUE";"50,5460300";"3,0430300"
"201900034782";"12";"12";"2019";"07:52";"5";"57";"57221";"2";"1";"2";"6";"LONGWY (RUE DE)";"49,3185200";"6,1044100"
"201900034783";"13";"12";"2019";"06:50";"2";"52";"52121";"2";"1";"2";"6";"GENERAL DE GAULLE (PLACE DU)";"48,1099300";"5,1359500"
"201900034784";"13";"12";"2019";"13:51";"1";"45";"45234";"2";"2";"2";"4";"AV R SECRETAIN - R DE LA CIGOGNE";"47,8857000";"1,8969100"
"201900034785";"13";"12";"2019";"08:40";"1";"45";"45234";"2";"2";"1";"3";"R DES CARMES - R H ROY";"47,9015769";"1,9008152"
"201900034786";"1";"12";"2019";"08:40";"1";"44";"44184";"2";"1";"1";"1";"MITTERRAND (AVENUE FRANÇOIS)";"47,2704080";" -2,2247520"
"201900034787";"13";"12";"2019";"22:00";"5";"44";"44020";"1";"1";"3";"6";"ROUTE DE PORNIC";"47,1869200";" -1,5983000"
"201900034788";"13";"12";"2019";"18:00";"5";"44";"44162";"2";"9";"2";"6";"PLACE OCEANE";"47,2256300";" -1,6287900"
"201900034789";"13";"12";"2019";"15:00";"1";"44";"44109";"2";"3";"1";"6";"BOULEVARD ROBERT SCHUMAN / AMERICAINS";"47,2359300";" -1,5680500"
"201900034790";"12";"12";"2019";"19:15";"5";"41";"41018";"2";"3";"2";"4";"FRANCE (AVENUE DE)  1";"47,5942400";"1,3143700"
"201900034791";"13";"12";"2019";"06:15";"5";"38";"38544";"2";"2";"2";"3";"REPUBLIQUE(BD DE LA )";"45,5230300";"4,8720000"
"201900034792";"13";"12";"2019";"15:20";"1";"37";"37261";"2";"1";"1";"2";"BERT (QUAI PAUL)";"47,4017400";"0,6892200"
"201900034793";"10";"7";"2019";"21:00";"1";"37";"37261";"2";"1";"1";"3";"PAILHOU (PLACE GASTON)";"47,3917100";"0,6805500"
"201900034794";"13";"12";"2019";"08:45";"1";"35";"35238";"2";"3";"1";"3";"PATTON (AVENUE DU GENERAL SIR GEORGES)";"48,1277000";" -1,6648000"
"201900034795";"12";"12";"2019";"19:50";"3";"33";"33013";"2";"3";"3";"6";"AVE DE LA MOUNE";"44,8629000";" -0,4840400"
"201900034796";"13";"12";"2019";"09:00";"2";"33";"33063";"2";"3";"1";"3";"RUE LUCIE AUBRAC";"44,8685400";" -0,5523000"
"201900034797";"12";"12";"2019";"20:20";"5";"33";"33063";"2";"6";"2";"3";"CRS DUPRE DE SAINT MAUR";"44,8705400";" -0,5545100"
"201900034798";"12";"12";"2019";"21:14";"5";"33";"33167";"1";"1";"2";"6";"VOIE PENETRANTE EST";"44,8436400";" -0,5236400"
"201900034799";"9";"11";"2019";"16:25";"1";"63";"63189";"1";"1";"1";"7";"D98";"45,6469464";"2,7115895"
"201900034800";"9";"11";"2019";"04:15";"3";"1";"01398";"1";"1";"1";"6";"D904";"46,0009270";"4,8780490"
"201900034801";"9";"11";"2019";"11:30";"1";"12";"12106";"1";"1";"1";"6";"Lieu-dit Magrin";"44,4731300";"2,8014240"
"201900034802";"8";"11";"2019";"23:50";"3";"54";"54537";"1";"1";"1";"7";"8 Rue des Aisances";"49,4643120";"5,6978850"
"201900034803";"2";"11";"2019";"05:35";"3";"35";"35012";"1";"1";"2";"7";"N137";"47,8552440";" -1,6925150"
"201900034804";"8";"11";"2019";"17:30";"2";"60";"60358";"1";"1";"2";"7";"Laie de Vaumoise (Chemin)";"49,1934920";"2,9162340"
"201900034805";"8";"11";"2019";"19:40";"3";"48";"48009";"1";"1";"8";"7";"A75";"44,6978360";"3,2821950"
"201900034806";"8";"11";"2019";"16:40";"2";"74";"74105";"2";"1";"8";"6";"24 Avenue de Thonon";"46,3086790";"6,3109960"
"201900034807";"8";"11";"2019";"14:50";"1";"83";"83116";"1";"1";"1";"1";"D560";"43,4267380";"5,8455990"
"201900034808";"7";"11";"2019";"17:35";"2";"76";"76655";"2";"9";"1";"6";"Zone Activites de Clermont";"49,8579170";"0,6923980"
"201900034809";"9";"11";"2019";"17:45";"3";"80";"80680";"1";"2";"1";"3";"D337";"49,8312120";"2,7237130"
"201900034810";"9";"11";"2019";"06:00";"5";"33";"33026";"2";"2";"1";"1";"Le Bourg";"44,4869590";" -0,4449370"
"201900034811";"8";"11";"2019";"18:20";"5";"32";"32464";"2";"1";"2";"6";"13 Avenue de Gascogne";"43,4016940";"0,1994550"
"201900034812";"8";"11";"2019";"08:35";"1";"32";"32165";"1";"1";"8";"6";"Saint-Caprais";"43,5959740";"0,8137630"
"201900034813";"12";"9";"2019";"07:45";"1";"39";"39270";"1";"1";"1";"3";"N/A";"47,1404260";"5,4997840"
"201900034814";"8";"11";"2019";"19:00";"3";"2";"02080";"1";"1";"1";"7";"D54";"49,5932480";"3,5874420"
"201900034815";"26";"10";"2019";"11:59";"1";"58";"58062";"1";"1";"2";"7";"La Marquise";"47,0508120";"3,9275790"
"201900034816";"7";"11";"2019";"18:35";"3";"72";"72056";"1";"1";"1";"4";"LE HARAS DU VIEUX PRESSOIR";"48,3970900";"0,1362780"
"201900034817";"8";"11";"2019";"17:15";"2";"50";"50018";"2";"1";"1";"6";"1 Rue du Hamel";"48,5004020";" -1,3967800"
"201900034818";"9";"11";"2019";"06:50";"3";"50";"50290";"1";"2";"1";"6";"Route d'Avranches";"48,6541260";" -1,2276070"
"201900034819";"25";"10";"2019";"17:30";"1";"18";"18197";"2";"3";"1";"3";"Avenue Jean Giraudoux";"46,7298790";"2,4978570"
"201900034820";"9";"11";"2019";"13:20";"1";"4";"04008";"1";"1";"1";"7";"RN 202";"43,9312140";"6,6583970"
"201900034821";"8";"11";"2019";"23:15";"3";"85";"85026";"1";"1";"1";"3";"La Maison Neuve";"46,5439400";" -1,4427700"
"201900034822";"6";"11";"2019";"13:00";"1";"17";"17347";"2";"1";"1";"3";"Faubourg de Taillebourg";"45,9362030";" -0,5271300"
"201900034823";"9";"11";"2019";"19:55";"3";"974";"97415";"1";"1";"1";"5";"D6";" -21,0192670";"55,2694800"
"201900034824";"9";"11";"2019";"00:45";"3";"63";"63135";"1";"1";"1";"6";"A71";"45,9523080";"3,1089690"
"201900034825";"9";"11";"2019";"11:55";"1";"1";"01237";"2";"3";"1";"3";"grande rue";"46,2078750";"5,6097740"
"201900034826";"8";"11";"2019";"09:16";"1";"6";"06085";"2";"1";"1";"6";"21 Avenue Marechal Juin";"43,5972070";"6,9868240"
"201900034827";"7";"11";"2019";"15:50";"1";"6";"06085";"2";"1";"2";"3";"667 Avenue Saint Martin";"43,6090830";"6,9820220"
"201900034828";"29";"10";"2019";"13:14";"1";"39";"39121";"1";"1";"1";"2";"N/A";"47,1412230";"5,5551050"
"201900034829";"8";"11";"2019";"22:37";"3";"24";"24252";"1";"1";"2";"7";"D704";"44,9501590";"1,2236910"
"201900034830";"7";"11";"2019";"17:00";"1";"86";"86253";"2";"3";"1";"3";"3 Rue du Pont des Bergers";"46,4936300";" -0,0076870"
"201900034831";"8";"11";"2019";"16:45";"1";"971";"97103";"2";"1";"1";"3";"Rue Thomas Edison";"16,2533600";" -61,5652560"
"201900034832";"9";"11";"2019";"00:25";"3";"74";"74197";"1";"1";"1";"3";"A40";"46,1459360";"6,3124580"
"201900034833";"9";"11";"2019";"08:05";"1";"27";"27612";"1";"1";"1";"2";"A13";"49,0738950";"1,4011890"
"201900034834";"9";"11";"2019";"00:25";"3";"988";"98808";"1";"1";"1";"7";"R.P.N.3";" -21,2947030";"165,7071150"
"201900034835";"9";"11";"2019";"04:30";"2";"988";"98817";"2";"9";"1";"6";"rue de la Tribu de Saint Louis";" -22,2280120";"166,5474110"
"201900034836";"9";"11";"2019";"05:20";"2";"988";"98816";"1";"1";"1";"7";"RT1";" -21,7022300";"165,6131800"
"201900034837";"8";"11";"2019";"18:45";"5";"971";"97104";"2";"1";"1";"5";"Avenue du Père Labat";"16,0181400";" -61,7469230"
"201900034838";"9";"11";"2019";"12:00";"1";"45";"45210";"1";"5";"1";"3";"D317 PR 2 + 350";"47,8933040";"2,8438780"
"201900034839";"9";"11";"2019";"00:50";"3";"83";"83023";"1";"1";"1";"6";"N/A";"43,3725760";"6,0897030"
"201900034840";"8";"11";"2019";"19:30";"3";"67";"67348";"1";"1";"1";"5";"D426";"48,4635240";"7,4567310"
"201900034841";"22";"10";"2019";"08:20";"1";"55";"55324";"1";"1";"3";"6";"N/A";"49,4549500";"5,3932010"
"201900034842";"9";"11";"2019";"14:15";"1";"69";"69023";"1";"1";"1";"1";"D43";"46,0518500";"4,6637900"
"201900034843";"6";"11";"2019";"18:00";"5";"69";"69116";"2";"3";"1";"3";"Rue Sans Souci";"45,8057000";"4,7752500"
"201900034844";"7";"11";"2019";"14:30";"1";"46";"46217";"1";"3";"1";"3";"intersection RD820 et RD19";"44,3286030";"1,4653160"
"201900034845";"9";"11";"2019";"13:29";"1";"14";"14663";"1";"1";"3";"1";"D126";"49,2739680";" -0,6608180"
"201900034846";"8";"11";"2019";"09:57";"1";"22";"22067";"2";"8";"2";"6";"Rue de Gourland";"48,5635130";" -3,1669900"
"201900034847";"4";"10";"2019";"07:15";"1";"13";"13215";"1";"1";"1";"4";"A55-Sens Martigues vers Marseille";"43,3334400";"5,3542000"
"201900034848";"7";"11";"2019";"21:05";"3";"13";"13216";"1";"1";"8";"6";"A55-Sens Marseille vers Martigues";"43,3591670";"5,3449170"
"201900034849";"6";"11";"2019";"23:02";"5";"13";"13055";"1";"1";"1";"3";"A507 sens Marseille - Aubagne";"43,2858400";"5,4258770"
"201900034850";"6";"11";"2019";"12:00";"1";"83";"83137";"1";"1";"1";"4";"A57";"43,1213200";"5,9533100"
"201900034851";"8";"11";"2019";"10:05";"1";"69";"69297";"1";"1";"1";"3";"A47";"45,5884700";"4,7925500"
"201900034852";"8";"11";"2019";"18:05";"3";"33";"33063";"1";"1";"1";"5";"ROCADE A 630";"44,8874000";" -0,5745600"
"201900034853";"8";"11";"2019";"20:15";"3";"91";"91340";"1";"1";"1";"3";"RN 104";"48,6091900";"2,4392290"
"201900034854";"8";"11";"2019";"15:15";"1";"91";"91340";"1";"1";"1";"2";"RN 104";"48,6098000";"2,4426000"
"201900034855";"8";"11";"2019";"14:50";"1";"91";"91340";"1";"1";"1";"2";"RN 104";"48,6098000";"2,4426000"
"201900034856";"8";"11";"2019";"09:40";"1";"94";"94037";"1";"1";"1";"7";"AUTOROUTE A6A";"48,8133500";"2,3362900"
"201900034857";"8";"11";"2019";"07:55";"1";"94";"94034";"1";"1";"1";"3";"AUTOROUTE A6B";"48,7522700";"2,3306700"
"201900034858";"8";"11";"2019";"08:50";"1";"92";"92051";"1";"1";"1";"6";"RN13";"48,8861700";"2,2563300"
"201900034859";"8";"11";"2019";"08:39";"1";"92";"92036";"1";"1";"1";"6";"A86";"48,9353212";"2,2602710"
"201900034860";"7";"11";"2019";"19:23";"5";"78";"78640";"1";"1";"1";"4";"N118";"48,7773600";"2,2225000"
"201900034861";"7";"11";"2019";"16:25";"1";"92";"92036";"1";"1";"1";"6";"RN315 Y";"48,9291037";"2,3024707"
"201900034862";"8";"11";"2019";"17:25";"1";"93";"93007";"1";"1";"1";"2";"AUTOROUTE A3";"48,9431600";"2,4779400"
"201900034863";"7";"11";"2019";"22:20";"3";"95";"95151";"1";"1";"1";"6";"RN 104";"49,0634300";"2,2694300"
"201900034864";"7";"11";"2019";"22:15";"3";"93";"93066";"1";"1";"1";"3";"AUTOROUTE A1";"48,9281200";"2,3579800"
"201900034865";"7";"11";"2019";"06:35";"3";"92";"92036";"1";"1";"3";"4";"AUTOROUTE A15";"48,9473300";"2,2818200"
"201900034866";"7";"11";"2019";"09:00";"1";"93";"93010";"1";"1";"1";"3";"AUTOROUTE A3";"48,9036100";"2,4714000"
"201900034867";"7";"11";"2019";"07:20";"3";"95";"95154";"1";"1";"3";"2";"AUTOROUTE A1";"49,0345200";"2,5407200"
"201900034868";"7";"11";"2019";"08:40";"1";"93";"93008";"1";"1";"2";"5";"AUTOROUTE A86";"48,9085800";"2,4503400"
"201900034869";"7";"11";"2019";"05:30";"3";"95";"95678";"1";"1";"3";"3";"RN 184";"49,0731500";"2,2313700"
"201900034870";"5";"11";"2019";"09:30";"1";"94";"94069";"1";"1";"2";"3";"A4";"48,8175400";"2,4399400"
"201900034871";"4";"9";"2019";"17:30";"1";"73";"73008";"2";"1";"1";"2";"D991 GOLF AVENUE DU";"45,6670129";"5,9086133"
"201900034872";"6";"11";"2019";"18:30";"3";"71";"71040";"2";"1";"1";"2";"Bretelle accès RN 70";"46,6901578";"4,3793981"
"201900034873";"6";"11";"2019";"13:15";"1";"64";"64024";"2";"6";"2";"3";"BUTTE AUX CAILLES (ROND POINT DE LA)";"43,4967736";" -1,5095870"
"201900034874";"6";"11";"2019";"08:50";"1";"64";"64102";"2";"1";"3";"7";"DARRIGRAND (AVENUE JEAN)";"43,4784000";" -1,4920000"