"Num_Acc";"jour";"mois";"an";"hrmn";"lum";"dep";"com";"agg";"int";"atm";"col";"adr";"lat";"long"
"201900034875";"6";"11";"2019";"08:15";"2";"64";"64102";"1";"1";"2";"3";"BASQUE (AVENUE DU GRAND)";"43,4913878";" -1,4539907"
"201900034876";"6";"11";"2019";"20:30";"5";"62";"62771";"2";"1";"2";"6";"LAON (R DE)";"50,4238790";"2,8544070"
"201900034877";"6";"11";"2019";"09:50";"1";"51";"51454";"1";"1";"8";"3";"ROUTE DE WITRY";"49,2730898";"4,0813703"
"201900034878";"2";"11";"2019";"10:20";"1";"38";"38544";"2";"3";"8";"6";"EUGENE ARNAUD(BD)";"45,5186000";"4,8700000"
"201900034879";"4";"11";"2019";"17:25";"5";"34";"34172";"2";"1";"1";"6";"MAURIN (AVENUE DE";"43,5923400";"3,8740900"
"201900034880";"4";"11";"2019";"15:35";"1";"34";"34172";"2";"2";"1";"3";"DUBOUT (AVENUE ALBERT)";"43,5969100";"3,8777400"
"201900034881";"4";"11";"2019";"13:45";"1";"34";"34172";"2";"3";"1";"3";"PAS DU LOUP (RUE DU";"43,5950900";"3,8442000"
"201900034882";"11";"1";"2019";"08:15";"1";"70";"70285";"1";"1";"1";"5";"D438 H";"47,5527400";"6,7743700"
"201900034883";"6";"11";"2019";"14:30";"1";"6";"06027";"2";"1";"1";"1";"BOUCHER RUE HELENE";"43,6598550";"7,1444030"
"201900034884";"7";"11";"2019";"14:00";"1";"92";"92049";"2";"1";"1";"6";"VERDIER AVENUE N°1 A 23";"48,8149800";"2,3188300"
"201900034885";"6";"11";"2019";"16:00";"1";"92";"92020";"2";"1";"1";"6";"FONTENAY RUE DE AUTRES N°";"48,7967000";"2,2854200"
"201900034886";"6";"11";"2019";"12:00";"1";"92";"92049";"2";"1";"1";"7";"GUESDE RUE N°1 A 3 ET 2 A 14";"48,8140200";"2,3056800"
"201900034887";"16";"6";"2019";"11:50";"1";"5";"05046";"2";"1";"1";"7";"Boulevard Pasteur";"44,5646340";"6,4941160"
"201900034888";"7";"11";"2019";"16:55";"1";"976";"97611";"2";"1";"1";"3";"m'tsapere-Nationale 2 (route)";" -12,7882900";"45,2251500"
"201900034889";"7";"11";"2019";"17:25";"1";"974";"97416";"1";"2";"1";"6";"CAMBRAI (LIGNE)";" -21,2872900";"55,4720000"
"201900034890";"7";"11";"2019";"09:50";"1";"974";"97416";"1";"3";"1";"3";"CD 26";" -21,3031700";"55,4306700"
"201900034891";"7";"11";"2019";"00:45";"5";"974";"97409";"2";"1";"1";"1";"MASCAREIGNES (Avenue des)";" -20,9344500";"55,6463900"
"201900034892";"7";"11";"2019";"08:45";"1";"69";"69383";"2";"1";"2";"6";"LACASSAGNE                          (AV)";"45,7464500";"4,8858800"
"201900034893";"7";"11";"2019";"05:45";"5";"69";"69259";"2";"4";"2";"6";"VIENNE (DE)                         (RO)";"45,7171100";"4,8546900"
"201900034894";"7";"11";"2019";"13:10";"1";"69";"69034";"2";"1";"1";"6";"STRASBOURG (DE)                     (RO)";"45,7948600";"4,8738900"
"201900034895";"7";"11";"2019";"19:35";"5";"971";"97101";"2";"1";"1";"6";"CHAUVEL";"16,2377500";" -61,5139000"
"201900034896";"6";"11";"2019";"10:17";"1";"971";"97113";"2";"1";"1";"6";"MONTAUBAN (SECTEUR)";"16,2061300";" -61,4956500"
"201900034897";"7";"11";"2019";"15:30";"1";"95";"95306";"2";"1";"1";"1";"HAVRE(BOULEVARD DU)";"49,0006800";"2,1821000"
"201900034898";"7";"11";"2019";"05:45";"2";"91";"91345";"2";"1";"2";"2";"CANAL (RUE DU)";"48,6961400";"2,2893600"
"201900034899";"7";"11";"2019";"07:59";"1";"91";"91347";"2";"3";"1";"3";"CHAMPS JOLIS (CHEMIN DES)";"48,6350000";"2,2820000"
"201900034900";"6";"11";"2019";"16:55";"1";"91";"91103";"2";"2";"2";"6";"FRANCE ANATOLE (RUE)";"48,6080000";"2,3030000"
"201900034901";"6";"11";"2019";"16:00";"1";"91";"91457";"2";"1";"2";"2";"FERTE ALAIS (ROUTE DE LA)";"48,5800400";"2,2579300"
"201900034902";"1";"11";"2019";"11:00";"1";"30";"30351";"2";"1";"1";"6";"PERI AVENUE GABRIEL";"43,9617621";"4,7993141"
"201900034903";"6";"11";"2019";"16:30";"1";"77";"77447";"2";"9";"2";"6";"SEINE-PORT - MELUN (RUE DE )";"48,5563421";"2,5593667"
"201900034904";"7";"11";"2019";"01:15";"5";"76";"76366";"2";"1";"1";"6";"SAINT JEAN. ROUTE DE";"49,5101215";"1,0314488"
"201900034905";"6";"11";"2019";"08:55";"1";"72";"72181";"2";"3";"1";"3";"HEUZE OLIVIER AV N° PAIRS 2 A 198";"47,9990600";"0,1816200"
"201900034906";"6";"11";"2019";"08:05";"1";"67";"67482";"2";"3";"1";"3";"RHIN TORTU (RUE DU)";"48,5470670";"7,7581240"
"201900034907";"6";"11";"2019";"13:31";"1";"66";"66136";"2";"1";"1";"3";"POINCARE (BOULEVARD HENRI)";"42,6915200";"2,8938500"
"201900034908";"7";"11";"2019";"18:30";"5";"64";"64102";"2";"1";"2";"7";"BOUFFLERS (ALLEES)";"43,4927900";" -1,4720700"
"201900034909";"7";"11";"2019";"00:30";"5";"64";"64102";"2";"1";"2";"7";"QUATORZE AVRIL (AVENUE DU)";"43,5036000";" -1,4674000"
"201900034910";"6";"11";"2019";"13:15";"1";"64";"64024";"2";"1";"3";"7";"BIARRITZ (AVENUE DE)";"43,4801438";" -1,5227196"
"201900034911";"6";"11";"2019";"18:50";"5";"62";"62178";"2";"1";"9";"3";"REPUBLIQUE ( DE LA )";"50,4789700";"2,5394600"
"201900034912";"6";"11";"2019";"15:55";"1";"62";"62108";"2";"3";"1";"3";"QUETTIER";"50,4107500";"1,5655000"
"201900034913";"31";"10";"2019";"18:20";"2";"58";"58194";"2";"1";"1";"2";"PIERRE DE COUBERTIN";"46,9863800";"3,1600600"
"201900034914";"1";"11";"2019";"18:50";"2";"58";"58194";"2";"1";"2";"2";"HENRI BOUQUILLARD";"46,9941000";"3,1363000"
"201900034915";"5";"11";"2019";"15:30";"1";"57";"57672";"2";"1";"1";"6";"MILLIAIRE (BOUCLE DE LA)";"49,3571300";"6,1482600"
"201900034916";"7";"11";"2019";"18:20";"5";"54";"54547";"2";"1";"2";"6";"GEMBLOUX (RUE DE)";"48,6630440";"6,1759520"
"201900034917";"7";"11";"2019";"14:00";"1";"54";"54395";"2";"2";"2";"2";"OUDINOT (RUE DU MAL)";"48,6756000";"6,1818980"
"201900034918";"7";"11";"2019";"13:00";"1";"51";"51454";"2";"1";"1";"7";"RUE DE NICE";"49,2597066";"4,0629528"
"201900034919";"7";"11";"2019";"07:50";"1";"51";"51454";"2";"3";"3";"7";"BOULEVARD LOUIS BARTHOU";"49,2347550";"4,0284589"
"201900034920";"6";"11";"2019";"18:45";"5";"50";"50502";"2";"6";"2";"3";"TILLEULS (rue des) - impairs";"49,1112090";" -1,0707880"
"201900034921";"4";"11";"2019";"17:20";"2";"50";"50129";"2";"2";"8";"5";"JOLIOT CURIE (RUE)";"49,6297500";" -1,6426400"
"201900034922";"6";"11";"2019";"12:00";"1";"45";"45004";"1";"9";"2";"3";"D2060 PR28+700";"47,9696810";"2,7311057"
"201900034923";"7";"11";"2019";"09:10";"1";"44";"44109";"2";"1";"1";"3";"SARREBRUCK ( BD DE )";"47,2135500";" -1,5301778"
"201900034924";"7";"11";"2019";"18:50";"5";"37";"37261";"2";"1";"1";"6";"CHEVALLIER (RUE AUGUSTE)";"47,3781777";"0,6797077"
"201900034925";"7";"11";"2019";"17:35";"5";"37";"37261";"2";"1";"1";"6";"DANIEL MAYER";"47,4188951";"0,7056570"
"201900034926";"7";"11";"2019";"14:00";"1";"37";"37261";"2";"3";"1";"5";"MILLETIERE ( RUE DE LA )";"47,4353303";"0,7054235"
"201900034927";"7";"11";"2019";"09:05";"1";"37";"37109";"2";"1";"1";"3";"RD 37";"47,3921903";"0,6475838"
"201900034928";"19";"10";"2019";"03:41";"5";"35";"35238";"2";"1";"1";"6";"DURAFOUR";"48,1124300";" -1,6570500"
"201900034929";"7";"11";"2019";"17:40";"1";"35";"35238";"2";"1";"2";"2";"TILLON (AVENUE CHARLES)";"48,1248600";" -1,7018300"
"201900034930";"7";"11";"2019";"09:00";"1";"35";"35238";"2";"1";"1";"2";"ALSACE (D')";"48,1226400";" -1,7037800"
"201900034931";"7";"11";"2019";"08:15";"1";"35";"35238";"2";"6";"1";"3";"CANADA (AVENUE DU)";"48,0869600";" -1,6823800"
"201900034932";"7";"11";"2019";"18:30";"5";"34";"34172";"2";"3";"8";"6";"EUROPE (AVENUE DE L')";"43,6295122";"3,8223675"
"201900034933";"5";"11";"2019";"18:30";"3";"34";"34336";"2";"1";"1";"6";"BEREGOVOY (AVENUE PIERRE)";"43,3231600";"3,2652700"
"201900034934";"31";"10";"2019";"09:10";"1";"34";"34003";"2";"1";"3";"6";"SETE ( ROUTE)";"43,3110900";"3,4785400"
"201900034935";"7";"11";"2019";"17:35";"1";"33";"33069";"2";"9";"9";"5";"AVE VICTOR HUGO";"44,8615000";" -0,5898300"
"201900034936";"7";"11";"2019";"08:00";"5";"33";"33063";"2";"9";"1";"3";"RUE DU TAUZIN";"44,8209900";" -0,6019300"
"201900034937";"7";"11";"2019";"10:35";"1";"33";"33529";"2";"1";"8";"6";"LECLERC (ALL. DU MARECHAL)";"44,6512500";" -1,1482300"
"201900034938";"6";"11";"2019";"17:30";"1";"31";"31555";"2";"1";"2";"6";"AV DES ARENES ROMAINES";"43,6083500";"1,3972500"
"201900034939";"6";"11";"2019";"16:30";"1";"31";"31555";"2";"1";"1";"6";"RUE D AVRANCHES";"43,6338600";"1,4682100"
"201900034940";"3";"11";"2019";"21:25";"5";"31";"31555";"2";"1";"2";"3";"RTE DE SEYSSES";"43,5780800";"1,4226500"
"201900034941";"7";"11";"2019";"14:25";"1";"29";"29232";"1";"1";"2";"2";"BREST ROUTE DE";"48,0102000";" -4,0811800"
"201900034942";"3";"11";"2019";"20:27";"3";"29";"29019";"1";"1";"3";"2";"RD 112 (DE PONT DESFOSES A LIMITE CICONSC";"48,4295300";" -4,4739300"
"201900034943";"3";"11";"2019";"19:05";"5";"29";"29019";"1";"1";"2";"4";"RN 12 (PEN AR CH'LEUZ A PONT DESFOSSES)";"48,4251900";" -4,4760500"
"201900034944";"5";"11";"2019";"17:15";"2";"19";"19031";"2";"6";"8";"3";"ROLLAND (RUE ROMAIN) A PARTIR DE N° 88 ";"45,1588700";"1,5114700"
"201900034945";"7";"11";"2019";"08:50";"1";"17";"17300";"2";"6";"2";"3";"MONNET   AVENUE JEAN";"46,1432400";" -1,1538100"
"201900034946";"7";"11";"2019";"19:55";"5";"13";"13209";"2";"1";"1";"7";"CASSIS (ANCIEN CHEMIN DE)";"43,2620870";"5,4165560"
"201900034947";"5";"11";"2019";"18:35";"5";"11";"11262";"2";"9";"1";"6";"DE GAULLE (BOULEVARD DU GENERAL)";"43,1841700";"3,0085400"
"201900034948";"7";"11";"2019";"13:40";"1";"9";"09122";"2";"1";"2";"6";"FAURE (COURS GABRIEL)";"42,9638670";"1,6065460"
"201900034949";"7";"11";"2019";"17:35";"5";"6";"06088";"2";"1";"2";"6";"AICARD (AV. JEAN)";"43,7053940";"7,2513380"
"201900034950";"6";"11";"2019";"19:10";"5";"6";"06088";"2";"1";"1";"6";"PESSICART (JUSQU'AU 270-283)";"43,7103570";"7,2500620"
"201900034951";"7";"11";"2019";"17:20";"2";"75";"75112";"2";"1";"1";"4";"BD PERIPHERIQUE INTERIEUR";"48,8431580";"2,4137070"
"201900034952";"7";"11";"2019";"09:40";"1";"75";"75120";"2";"4";"8";"2";"ECHANGEUR MONTREUIL";"48,8521305";"2,4150455"
"201900034953";"5";"11";"2019";"09:20";"1";"75";"75114";"2";"1";"1";"4";"BD PERIPHERIQUE EXTERIEUR";"48,8245790";"2,3050680"
"201900034954";"5";"11";"2019";"07:20";"1";"75";"75120";"2";"1";"1";"4";"BD PERIPHERIQUE INTERIEUR";"48,8660490";"2,4132040"
"201900034955";"6";"11";"2019";"13:44";"1";"75";"75118";"2";"2";"1";"3";"PLACE PAUL ELUARD";"48,8902718";"2,3599148"
"201900034956";"7";"11";"2019";"20:30";"5";"75";"75113";"2";"3";"2";"6";"AVENUE D ITALIE";"48,8274356";"2,3568749"
"201900034957";"7";"11";"2019";"20:10";"5";"75";"75113";"2";"2";"2";"6";"AVENUE D ITALIE";"48,8197893";"2,3592624"
"201900034958";"7";"11";"2019";"09:50";"1";"75";"75111";"2";"3";"8";"6";"BOULEVARD VOLTAIRE";"48,8553340";"2,3842800"
"201900034959";"7";"11";"2019";"03:40";"5";"75";"75111";"2";"2";"2";"6";"BOULEVARD VOLTAIRE";"48,8524344";"2,3891133"
"201900034960";"7";"11";"2019";"14:25";"1";"75";"75108";"2";"1";"1";"1";"AVENUE DES CHAMPS ELYSEES";"48,8720838";"2,3003238"
"201900034961";"7";"11";"2019";"14:50";"1";"75";"75108";"2";"1";"1";"6";"AVENUE WINSTON CHURCHILL";"48,8661185";"2,3138272"
"201900034962";"7";"11";"2019";"09:00";"1";"94";"94046";"2";"1";"1";"3";"PIERRE SEMARD (R)";"48,8017000";"2,4272000"
"201900034963";"6";"11";"2019";"10:50";"1";"94";"94076";"2";"9";"1";"3";"PAUL VAILLANT COUTURIER (AV)";"48,7949100";"2,3660900"
"201900034964";"6";"11";"2019";"12:30";"1";"94";"94028";"2";"1";"1";"6";"BOULLE.(RUE ANDRE)";"48,7933600";"2,4447800"
"201900034965";"7";"11";"2019";"08:10";"2";"94";"94018";"2";"1";"8";"6";"CARRIERES (QU DES)";"48,8178200";"2,4186100"
"201900034966";"7";"11";"2019";"18:36";"5";"93";"93073";"2";"9";"1";"2";"BARBUSSE (RUE HENRI)";"48,9597000";"2,5720000"
"201900034967";"7";"11";"2019";"20:20";"3";"93";"93072";"2";"1";"9";"7";"GERARD DE NERVAL (ALLEE)";"48,9479100";"2,3750100"
"201900034968";"7";"11";"2019";"14:00";"1";"93";"93070";"2";"9";"1";"6";"GABRIEL-PERI (AV)";"48,9086200";"2,3326200"
"201900034969";"7";"11";"2019";"15:10";"1";"93";"93070";"2";"1";"1";"2";"ALBERT-DHALENNE (RUE)";"48,9161900";"2,3305300"
"201900034970";"24";"6";"2019";"00:05";"3";"77";"77249";"1";"1";"1";"4";"RN104";"48,7491000";"2,6138000"
"201900034971";"23";"6";"2019";"14:35";"1";"94";"94017";"1";"1";"1";"3";"A4";"48,8280945";"2,5033698"
"201900034972";"21";"6";"2019";"11:15";"1";"21";"21231";"2";"1";"1";"3";"LANGRES (DE) (AVENUE)";"47,3449800";"5,0450100"
"201900034973";"23";"6";"2019";"12:30";"1";"988";"98818";"1";"1";"1";"5";"VE1 HT CARREFOUR";" -22,2239500";"166,4767000"
"201900034974";"23";"6";"2019";"08:30";"1";"974";"97416";"2";"6";"1";"7";"Boulevard Bank";" -21,3297000";"55,4724000"
"201900034975";"22";"6";"2019";"21:55";"5";"973";"97302";"2";"2";"1";"3";"PLACE DU COQ";"4,9364042";" -52,3324674"
"201900034976";"23";"6";"2019";"18:40";"1";"69";"69387";"2";"2";"1";"3";"JEAN JAURES                         (AV)";"45,7296800";"4,8326700"
"201900034977";"22";"6";"2019";"19:00";"1";"91";"91377";"1";"1";"1";"6";"EUROPE (AVENUE DE L')";"48,7266530";"2,2770610"
"201900034978";"23";"6";"2019";"02:00";"5";"78";"78551";"2";"4";"1";"3";" POISSY (AVENUE DE)";"48,9432350";"2,1274520"
"201900034979";"23";"6";"2019";"06:40";"1";"78";"78350";"1";"1";"1";"2";"VERSAILLES (ROUTE DE)";"48,8466400";"2,1092500"
"201900034980";"22";"6";"2019";"11:45";"1";"77";"77186";"1";"1";"1";"6";"d137 avon / samois/ bois le roi";"48,4534100";"2,7362400"
"201900034981";"23";"6";"2019";"10:42";"1";"74";"74118";"2";"1";"7";"6";"DE GAULLE (RUE CHARLES)";"46,1631917";"6,1840444"
"201900034982";"23";"6";"2019";"18:45";"1";"74";"74010";"2";"9";"1";"6";"ALBIGNY (AVE)";"45,9020900";"6,1314700"
"201900034983";"20";"6";"2019";"18:30";"1";"69";"69275";"2";"1";"1";"1";"PIERRE GAY                          (R )";"45,7578400";"4,9742000"
"201900034984";"19";"6";"2019";"13:16";"1";"69";"69275";"2";"2";"1";"2";"EMILE ZOLA                          (R )";"45,7639500";"4,9561900"
"201900034985";"23";"6";"2019";"21:30";"2";"69";"69264";"2";"3";"1";"7";"MERMOZ JEAN  R";"45,9927544";"4,7070567"
"201900034986";"16";"6";"2019";"03:30";"5";"59";"59350";"2";"1";"1";"7";"BERNOS RUE";"50,6335000";"3,0843000"
"201900034987";"19";"6";"2019";"18:30";"1";"59";"59328";"2";"9";"2";"6";"TILLEULS AVENUE DES";"50,6431500";"3,0184300"
"201900034988";"23";"6";"2019";"14:10";"1";"42";"42095";"2";"2";"1";"2";"CALMETTE (RUE DU PROFESSEUR)";"45,3968300";"4,2964500"
"201900034989";"20";"6";"2019";"18:09";"1";"38";"38544";"2";"9";"9";"6";"VERDUN(COUR DE)";"45,5211700";"4,8711400"
"201900034990";"23";"6";"2019";"19:00";"1";"37";"37261";"1";"1";"1";"6";"CHURCHILL (BOULEVARD WINSTON)";"47,3736400";"0,6834800"
"201900034991";"23";"6";"2019";"17:16";"1";"26";"26362";"1";"1";"1";"7";"L.A.C.R.A. (RN532)";"44,9395810";"4,9430550"
"201900034992";"23";"6";"2019";"10:35";"1";"13";"13214";"2";"9";"1";"3";"MARCHE D'IN (AVENUE)";"43,3414900";"5,3732200"
"201900034993";"13";"6";"2019";"19:00";"1";"13";"13216";"2";"1";"1";"3";"ESTAQUE PLAGE";"43,3597100";"5,3164400"
"201900034994";"23";"6";"2019";"19:15";"1";"6";"06123";"2";"2";"1";"3";"VESPINS ROUTE DES";"43,6586330";"7,1874080"
"201900034995";"23";"6";"2019";"13:05";"1";"4";"04112";"2";"1";"1";"3";"RD 4096";"43,8303000";"5,7937000"
"201900034996";"23";"6";"2019";"18:45";"1";"75";"75112";"2";"4";"1";"3";"ECHANGEUR BERCY";"48,8271370";"2,3919880"
"201900034997";"23";"6";"2019";"18:20";"1";"75";"75117";"2";"1";"1";"4";"PORTE D ASNIERES";"48,8895910";"2,2974170"
"201900034998";"21";"6";"2019";"09:50";"1";"75";"75114";"2";"2";"1";"6";"AVENUE DE LA PORTE DE CHATILLON";"48,8226450";"2,3148360"
"201900034999";"23";"6";"2019";"11:21";"1";"75";"75120";"2";"1";"1";"6";"AVENUE GAMBETTA";"48,8694270";"2,4024110"
"201900035000";"22";"6";"2019";"12:30";"1";"75";"75120";"2";"1";"1";"2";"ECHANGEUR BAGNOLET";"48,8657420";"2,4124320"
"201900035001";"23";"6";"2019";"13:46";"1";"75";"75119";"2";"1";"1";"6";"RUE D AUBERVILLIERS";"48,8852210";"2,3655110"
"201900035002";"22";"6";"2019";"23:45";"5";"75";"75119";"2";"7";"1";"3";"PLACE DE LA PORTE DE PANTIN";"48,8898770";"2,3966220"
"201900035003";"23";"6";"2019";"08:00";"1";"75";"75118";"2";"1";"1";"6";"AVENUE DE LA PORTE DE LA CHAPELLE";"48,9005100";"2,3594750"
"201900035004";"23";"6";"2019";"15:00";"1";"75";"75117";"2";"7";"1";"3";"PLACE DE LA PORTE MAILLOT";"48,8785790";"2,2822400"
"201900035005";"22";"6";"2019";"23:30";"5";"75";"75117";"2";"2";"1";"6";"RUE LEGENDRE";"48,8837880";"2,3136700"
"201900035006";"23";"6";"2019";"12:15";"1";"75";"75116";"2";"1";"1";"2";"VOIE GEORGES POMPIDOU";"48,8501210";"2,2779050"
"201900035007";"22";"6";"2019";"20:45";"1";"75";"75116";"2";"1";"1";"6";"QUAI LOUIS BLERIOT";"48,8450670";"2,2724670"
"201900035008";"23";"6";"2019";"18:50";"1";"75";"75115";"2";"1";"1";"3";"QUAI ANDRE CITROEN";"48,8447940";"2,2758700"
"201900035009";"22";"6";"2019";"11:00";"1";"75";"75115";"2";"3";"1";"3";"RUE CASTAGNARY";"48,8307020";"2,3062250"
"201900035010";"23";"6";"2019";"09:00";"1";"75";"75114";"2";"3";"1";"2";"RUE VERCINGETORIX";"48,8321020";"2,3104700"
"201900035011";"23";"6";"2019";"09:40";"1";"75";"75113";"2";"3";"1";"6";"RUE DU DESSOUS DES BERGES";"48,8255770";"2,3746290"
"201900035012";"23";"6";"2019";"08:10";"1";"75";"75112";"2";"1";"1";"5";"AVENUE DE NOGENT";"48,8443430";"2,4416650"
"201900035013";"23";"6";"2019";"21:15";"2";"75";"75111";"2";"3";"1";"3";"BOULEVARD VOLTAIRE";"48,8527430";"2,3886080"
"201900035014";"23";"6";"2019";"05:00";"2";"94";"94044";"2";"1";"1";"3";"GENERAL LECLERC (AV DU)";"48,7456581";"2,5110560"
"201900035015";"23";"6";"2019";"23:00";"5";"93";"93048";"2";"1";"1";"6";"RESISTANCE (AVENUE DE LA)";"48,8583800";"2,4365000"
"201900035016";"23";"6";"2019";"08:40";"1";"93";"93048";"2";"2";"1";"3";"DESIRE PREAUX (RUE)";"48,8584700";"2,4316900"
"201900035017";"22";"6";"2019";"22:50";"5";"93";"93046";"2";"9";"1";"2";"ARISTIDE BRIAND AVENUE";"48,9104600";"2,5104500"
"201900035018";"23";"6";"2019";"18:20";"1";"93";"93001";"2";"1";"1";"6";"REPUBLIQUE (AVE DE LA ) DE 52 A 104";"48,9096900";"2,3863600"
"201900035019";"23";"6";"2019";"16:30";"1";"93";"93001";"2";"1";"1";"2";"DANIELLE CASANOVA (RUE)  56 =>";"48,9190700";"2,3877400"
"201900035020";"23";"6";"2019";"06:50";"1";"92";"92073";"2";"1";"1";"6";"LIBERTE (RUE DE LA)";"48,8798000";"2,2190300"
"201900035021";"23";"6";"2019";"17:29";"1";"92";"92062";"2";"9";"1";"7";"PUTEAUX (PONT DE)";"48,8784300";"2,2427500"
"201900035022";"23";"6";"2019";"04:10";"5";"92";"92036";"2";"1";"1";"7";"LOUIS ROCHE (AVENUE) (1/45)";"48,9226320";"2,3226770"
"201900035023";"23";"6";"2019";"01:20";"5";"92";"92012";"2";"1";"1";"6";"JEAN JAURES (BOULEVARD) 1/61 - COTE IMPA";"48,8422300";"2,2386300"
"201900035024";"24";"6";"2019";"23:00";"5";"92";"92007";"2";"1";"1";"2";"HUGO (AVENUE VICTOR)";"48,8039000";"2,3206500"
"201900035025";"22";"6";"2019";"03:10";"3";"9";"09214";"1";"1";"1";"6";"Route de Castillon";"42,9584280";"1,0851980"
"201900035026";"23";"6";"2019";"19:05";"1";"62";"62461";"1";"1";"1";"6";"RD928";"50,3856990";"2,0443310"
"201900035027";"24";"6";"2019";"07:45";"1";"74";"74271";"1";"1";"1";"1";"Route de la Tassonnière";"46,2515025";"6,6232932"
"201900035028";"22";"6";"2019";"22:55";"5";"27";"27507";"2";"2";"1";"3";"Rue de Mousseaux";"48,9062940";"1,2806990"
"201900035029";"22";"6";"2019";"09:10";"1";"26";"26169";"1";"1";"1";"6";"Autoroute A7 PK 124.000";"44,4871710";"4,7506300"
"201900035030";"23";"6";"2019";"19:00";"1";"6";"06095";"2";"1";"1";"7";"86 Avenue de Boutiny";"43,6445400";"6,8844900"
"201900035031";"24";"6";"2019";"15:00";"1";"44";"44098";"1";"1";"2";"6";"N165 PK 58+200";"47,4837910";" -2,1972500"
"201900035032";"23";"6";"2019";"17:40";"1";"50";"50313";"1";"1";"1";"5";"D999 - Les renardières";"49,0230900";" -1,1461000"
"201900035033";"24";"6";"2019";"16:25";"1";"62";"62361";"2";"3";"1";"3";"Rue de Doullens";"50,2689260";"2,2915240"
"201900035034";"23";"6";"2019";"10:30";"1";"62";"62028";"1";"1";"1";"1";"Départementale 91";"50,5405020";"2,4184790"
"201900035035";"24";"6";"2019";"15:15";"1";"67";"67072";"1";"1";"1";"1";"D 723";"48,9683660";"7,2461880"
"201900035036";"23";"6";"2019";"20:45";"1";"81";"81269";"1";"1";"1";"1";"Sirventou";"43,6174240";"2,3443530"
"201900035037";"22";"6";"2019";"16:50";"1";"32";"32462";"1";"1";"1";"1";"Pomiro de Bas";"43,7335640";"0,3326810"
"201900035038";"22";"6";"2019";"07:45";"2";"32";"32268";"1";"1";"1";"6";"RN 124";"43,6036910";"0,9973230"
"201900035039";"23";"6";"2019";"10:00";"1";"11";"11431";"1";"1";"1";"7";"route départementale 611";"42,9846450";"2,7887320"
"201900035040";"24";"6";"2019";"08:05";"1";"71";"71558";"1";"3";"1";"3";"RD40";"46,4710320";"5,2461560"
"201900035041";"23";"6";"2019";"15:35";"1";"63";"63003";"1";"1";"1";"6";"Les Chaux";"45,5367760";"3,7767100"
"201900035042";"24";"6";"2019";"04:30";"2";"55";"55573";"1";"1";"1";"6";"D 964";"48,6615960";"5,6315370"
"201900035043";"24";"6";"2019";"18:15";"1";"25";"25348";"1";"1";"1";"1";"Route départementale 45";"46,7573480";"6,3208320"
"201900035044";"23";"6";"2019";"17:30";"1";"29";"29054";"1";"3";"1";"3";"Croas An Herry";"48,3814932";" -3,8445959"
"201900035045";"30";"5";"2019";"10:40";"1";"29";"29076";"1";"1";"1";"2";"Trois Cures (Milizac)";"48,4745280";" -4,5259060"
"201900035046";"23";"6";"2019";"20:25";"1";"31";"31118";"1";"6";"1";"6";"RD 820";"43,7805870";"1,3525660"
"201900035047";"22";"6";"2019";"01:35";"3";"31";"31587";"1";"1";"1";"6";"D 14 - PK 16 + 100";"43,7749470";"1,4418090"
"201900035048";"24";"6";"2019";"16:15";"1";"38";"38284";"1";"1";"1";"3";"D 518";"45,4040500";"5,2273500"
"201900035049";"24";"6";"2019";"08:00";"1";"38";"38357";"1";"1";"1";"5";"Rue Jean Moulin";"45,5395800";"5,5298200"
"201900035050";"24";"6";"2019";"14:05";"1";"3";"03114";"1";"1";"1";"1";"N/A";"46,4249210";"3,3564934"
"201900035051";"24";"6";"2019";"11:35";"1";"15";"15240";"1";"1";"1";"1";"La Cregut";"45,4041030";"2,6806110"
"201900035052";"24";"6";"2019";"08:20";"1";"15";"15154";"1";"1";"1";"3";"RN 122 PK063+150";"44,9446360";"2,5562550"
"201900035053";"23";"6";"2019";"22:30";"5";"1";"01274";"2";"1";"1";"6";"2 Route de Geneve";"46,1446880";"5,6391390"
"201900035054";"22";"6";"2019";"15:45";"1";"1";"01310";"1";"1";"1";"7";"RD10";"45,6762840";"5,6498300"
"201900035055";"24";"6";"2019";"07:00";"1";"5";"05046";"1";"1";"1";"1";"Route des Puys";"44,5565823";"6,4722480"
"201900035056";"23";"6";"2019";"19:45";"1";"43";"43132";"1";"3";"1";"2";"D114";"45,1006070";"3,4997980"
"201900035057";"23";"6";"2019";"20:00";"1";"36";"36128";"1";"1";"1";"6";"La Fleuranderie";"46,8557040";"1,7484830"
"201900035058";"23";"6";"2019";"10:05";"1";"7";"07280";"1";"1";"1";"7";"départementale 104";"44,3138810";"4,1574130"
"201900035059";"21";"6";"2019";"18:00";"1";"85";"85018";"1";"1";"1";"7";"Les Brelles";"46,9341400";" -2,0353000"
"201900035060";"22";"6";"2019";"22:00";"5";"27";"27065";"2";"3";"1";"1";"Place du Général Leclerc";"49,3446120";"0,3436310"
"201900035061";"23";"6";"2019";"15:45";"1";"28";"28397";"1";"1";"1";"7";"910";"48,4774230";"1,6442410"
"201900035062";"23";"6";"2019";"09:45";"1";"28";"28366";"2";"1";"1";"7";"Rue d'Angerville";"48,3869950";"1,7361510"
"201900035063";"24";"6";"2019";"09:45";"1";"52";"52072";"1";"1";"1";"6";"Rue de l'Écluse";"48,1574680";"5,1417540"
"201900035064";"22";"6";"2019";"11:35";"1";"8";"08490";"1";"2";"1";"3";"Le Village de Chestres";"49,4114990";"4,7211930"