"Num_Acc";"jour";"mois";"an";"hrmn";"lum";"dep";"com";"agg";"int";"atm";"col";"adr";"lat";"long"
"201900035065";"22";"6";"2019";"10:45";"1";"67";"67309";"2";"3";"1";"6";"11 rue du Général Leclerc MUNDOLSHEIM";"48,6418090";"7,7154690"
"201900035066";"24";"6";"2019";"00:15";"3";"13";"13051";"1";"1";"1";"6";"Route Départementale 10";"43,5467230";"5,1458630"
"201900035067";"24";"6";"2019";"16:20";"1";"13";"13037";"1";"1";"1";"6";"D10";"43,5509780";"5,1947920"
"201900035068";"4";"6";"2019";"09:00";"1";"6";"06059";"1";"9";"1";"2";"A8 - PK 207+600 SUD";"43,7437340";"7,3510310"
"201900035069";"24";"6";"2019";"04:15";"3";"26";"26039";"1";"1";"1";"1";"Route de l'Ecancière";"45,0496320";"5,1425160"
"201900035070";"24";"6";"2019";"16:05";"1";"31";"31192";"1";"3";"8";"3";"Route de Revel";"43,4994140";"1,6217180"
"201900035071";"23";"6";"2019";"03:20";"3";"34";"34113";"1";"1";"1";"6";"a9, PK 119+985";"43,4905510";"3,7158770"
"201900035072";"24";"6";"2019";"08:40";"1";"45";"45232";"1";"9";"1";"4";"AUTOROUTE A 71 PK 105+026";"47,8486535";"1,8665704"
"201900035073";"21";"6";"2019";"16:45";"1";"13";"13110";"1";"1";"1";"6";"autoroute a8 pk 39+300 nord";"43,4763180";"5,7059590"
"201900035074";"23";"6";"2019";"16:10";"1";"95";"95371";"2";"1";"1";"3";"Rue Serge Laverdure";"49,0906769";"2,5007503"
"201900035075";"24";"6";"2019";"19:00";"1";"27";"27005";"1";"1";"1";"6";"A13 pk 084+900";"49,1534130";"1,2804250"
"201900035076";"22";"6";"2019";"20:25";"5";"971";"97116";"1";"3";"1";"3";"RN 5";"16,3211380";" -61,4671850"
"201900035077";"23";"6";"2019";"23:45";"3";"971";"97107";"1";"1";"8";"6";"Route Nationale 1";"16,0239630";" -61,5754330"
"201900035078";"22";"6";"2019";"16:00";"1";"77";"77029";"1";"1";"1";"1";"Départementale 211";"48,6434519";"2,8765214"
"201900035079";"23";"6";"2019";"17:20";"1";"91";"91319";"2";"3";"1";"2";"26 Rue des Genévriers";"48,6465380";"2,1561520"
"201900035080";"21";"6";"2019";"01:30";"1";"78";"78089";"1";"1";"1";"3";"A13";"49,0207020";"1,5728030"
"201900035081";"24";"6";"2019";"12:05";"1";"34";"34276";"1";"1";"1";"7";"Route de Ceceles";"43,7689580";"3,8752920"
"201900035082";"19";"6";"2019";"11:30";"1";"84";"84078";"1";"1";"1";"6";"La ViaRhona";"44,2383800";"4,7116490"
"201900035083";"23";"6";"2019";"15:30";"1";"83";"83066";"1";"1";"1";"6";"N/A";"43,6709860";"5,8107950"
"201900035084";"21";"6";"2019";"21:50";"5";"6";"06128";"2";"1";"1";"7";"759 chemin de la pounchounière";"43,6885850";"7,1271030"
"201900035085";"24";"6";"2019";"14:30";"1";"68";"68342";"1";"1";"1";"6";"RD431";"47,8454060";"7,1415860"
"201900035086";"23";"6";"2019";"10:40";"1";"74";"74249";"1";"2";"1";"3";"D52";"46,3738030";"6,6421800"
"201900035087";"23";"6";"2019";"07:40";"2";"33";"33374";"2";"1";"1";"3";"AVENUE DE LA LIBERTÉ";"45,2707100";" -0,5624340"
"201900035088";"23";"6";"2019";"21:00";"1";"85";"85300";"1";"1";"1";"7";"la Landette";"46,6502000";" -1,5121200"
"201900035089";"22";"6";"2019";"11:20";"1";"27";"27165";"2";"3";"1";"1";"D 140";"48,9497680";"0,9560700"
"201900035090";"20";"6";"2019";"01:20";"3";"13";"13071";"1";"1";"1";"6";"A51-Sens Aix en Provence vers Marseille";"43,4157040";"5,3648500"
"201900035091";"23";"6";"2019";"18:33";"1";"13";"13055";"1";"1";"1";"2";"A507 sens Aubagne- Marseille";"43,3326000";"5,3857000"
"201900035092";"21";"6";"2019";"16:45";"1";"13";"13071";"1";"1";"1";"5";"A5501G-Sens Mlle Vieux Port vers A7-Lyon";"43,4048000";"5,2980000"
"201900035093";"22";"6";"2019";"01:50";"3";"13";"13117";"1";"1";"1";"7";"A7-Sens Lyon vers Marseille";"43,4171500";"5,2747200"
"201900035094";"22";"6";"2019";"15:15";"1";"91";"91235";"1";"1";"1";"1";"RN 445";"48,6269400";"2,3541200"
"201900035095";"22";"6";"2019";"14:23";"1";"94";"94034";"1";"1";"1";"4";"AUTOROUTE A86";"48,7580078";"2,3266266"
"201900035096";"21";"6";"2019";"20:56";"1";"91";"91689";"1";"1";"1";"3";"AUTOROUTE A6";"48,7307440";"2,3148130"
"201900035097";"23";"6";"2019";"04:08";"3";"78";"78423";"1";"1";"1";"6";"RN12";"48,7954730";"2,0462970"
"201900035098";"23";"6";"2019";"00:30";"4";"78";"78431";"1";"1";"1";"5";"A13";"48,9423000";"1,9521000"
"201900035099";"23";"6";"2019";"16:40";"1";"93";"93007";"1";"1";"1";"2";"AUTOROUTE A1";"48,9462400";"2,4415000"
"201900035100";"23";"6";"2019";"03:55";"5";"94";"94018";"1";"9";"1";"2";"A4";"48,8268400";"2,4014600"
"201900035101";"19";"6";"2019";"17:10";"1";"71";"71475";"2";"1";"2";"3";"AUGUSTE MARTIN (RUE)";"46,7692500";"4,8336100"
"201900035102";"22";"6";"2019";"10:30";"1";"63";"63113";"2";"2";"1";"3";"POINCARE (COURS RAYMOND)";"45,7718800";"3,0900400"
"201900035103";"18";"6";"2019";"16:27";"1";"63";"63113";"2";"1";"1";"2";"CHANDIOTS (RUE DES)";"45,7883800";"3,1181500"
"201900035104";"18";"6";"2019";"14:42";"1";"63";"63113";"2";"1";"1";"5";"BERGOUGNAN (AVENUE RAYMOND)";"45,7842693";"3,0678870"
"201900035105";"18";"6";"2019";"12:45";"1";"63";"63113";"2";"1";"1";"4";"CLEMENTEL (BD ETIENNE)";"45,8038810";"3,1099751"
"201900035106";"20";"6";"2019";"17:00";"1";"59";"59271";"2";"2";"1";"3";"FLANDRES - BOULEVARD";"51,0233000";"2,3115500"
"201900035107";"19";"6";"2019";"17:50";"1";"49";"49328";"1";"4";"1";"3";"GRAND CHEMIN (RUE DU)";"47,2986700";" -0,1031200"
"201900035108";"19";"6";"2019";"16:50";"1";"45";"45147";"2";"2";"1";"3";"R CONDORCET - R ABBE GERVAISE";"47,9298800";"1,9228000"
"201900035109";"18";"6";"2019";"18:25";"1";"45";"45284";"2";"1";"1";"3";"RUE DU CLOCHETON";"47,9163245";"1,9660526"
"201900035110";"19";"6";"2019";"12:33";"1";"45";"45234";"2";"1";"1";"7";"AV DE PARIS";"47,9142700";"1,9044900"
"201900035111";"20";"6";"2019";"21:30";"2";"13";"13206";"2";"1";"1";"7";"MARENGO (RUE)";"43,2874000";"5,3859400"
"201900035112";"19";"6";"2019";"18:30";"1";"13";"13202";"2";"1";"1";"6";"ROBERT SCHUMANN (AVENUE)";"43,3038590";"5,3668390"
"201900035113";"22";"6";"2019";"04:20";"5";"988";"98818";"2";"6";"1";"7";"RUE AUGUSTE BENEBIG/18 JUIN";" -22,2677300";"166,4624600"
"201900035114";"22";"6";"2019";"20:40";"5";"976";"97611";"2";"9";"1";"1";"m'tsapere-Mosquée Maevantana (ruelle )";" -12,7902800";"45,2172100"
"201900035115";"22";"6";"2019";"09:20";"1";"976";"97611";"1";"1";"1";"3";"kaweni-Mangrove (route de la)";" -12,7752400";"45,2283000"
"201900035116";"22";"6";"2019";"21:50";"5";"974";"97411";"2";"1";"1";"3";"PAYET (RUE ROGER)";" -20,8928785";"55,4864877"
"201900035117";"21";"6";"2019";"21:30";"5";"974";"97411";"2";"6";"2";"3";"Boulevard Jean Jaurès";" -20,8976700";"55,4755500"
"201900035118";"21";"6";"2019";"16:10";"1";"974";"97411";"2";"1";"1";"5";"Rue Camille Vergoz";" -20,8850000";"55,4470000"
"201900035119";"20";"6";"2019";"17:00";"5";"974";"97411";"2";"1";"1";"6";"Route de Bois de Nèfles";" -20,8927000";"55,4898190"
"201900035120";"18";"6";"2019";"20:20";"5";"974";"97411";"2";"2";"1";"3";"JAURES (BOULEVARD JEAN)";" -20,8886800";"55,4463600"
"201900035121";"22";"6";"2019";"03:45";"5";"69";"69383";"2";"2";"1";"3";"MARECHAL DE SAXE                    (AV)";"45,7615300";"4,8454500"
"201900035122";"22";"6";"2019";"01:15";"5";"69";"69387";"2";"1";"3";"2";"MARCEL MERIEUX                      (R )";"45,7320194";"4,8298270"
"201900035123";"21";"6";"2019";"19:00";"1";"69";"69259";"2";"1";"8";"6";"LOUIS AULAGNE                       (R )";"45,7054500";"4,8709100"
"201900035124";"21";"6";"2019";"16:00";"1";"69";"69388";"2";"1";"2";"2";"PAUL SANTY                          (AV)";"45,7265300";"4,8798200"
"201900035125";"20";"6";"2019";"16:20";"1";"69";"69259";"2";"1";"1";"3";"PARILLY (DE)                        (BD)";"45,7152200";"4,9058200"
"201900035126";"20";"6";"2019";"16:45";"1";"69";"69386";"2";"2";"1";"1";"BUGEAUD                             (R )";"45,7660000";"4,8490000"
"201900035127";"20";"6";"2019";"10:35";"1";"69";"69387";"2";"9";"1";"6";"GABRIEL PERI                        (PL)";"45,7550600";"4,8428100"
"201900035128";"20";"6";"2019";"09:50";"1";"69";"69387";"2";"2";"1";"3";"GUSTAVE NADAUD                      (R )";"45,7434100";"4,8342400"
"201900035129";"20";"6";"2019";"07:20";"1";"69";"69259";"2";"7";"8";"3";"PRESIDENT EDOUARD HERRIOT (DU)      (R )";"45,6953793";"4,8763794"
"201900035130";"17";"6";"2019";"15:21";"1";"69";"69383";"2";"1";"1";"2";"LAFAYETTE                           (PT)";"45,7635537";"4,8399471"
"201900035131";"21";"6";"2019";"19:45";"5";"972";"97209";"2";"9";"1";"3";"RAVINE VILAINE (CHEMIN DEPARTEMENTAL DE)";"14,6386000";" -61,0595200"
"201900035132";"22";"6";"2019";"05:25";"2";"972";"97209";"1";"1";"1";"6";"RD 41 (ROCADE)";"14,6144100";" -61,0528800"
"201900035133";"22";"6";"2019";"00:54";"5";"972";"97209";"1";"9";"1";"7";"BISHOP (Avenue Maurice)";"14,6138900";" -61,0529600"
"201900035134";"22";"6";"2019";"17:25";"1";"69";"69381";"2";"1";"1";"6";"SERGENT BLANDAN (DU)                (R )";"45,7688000";"4,8296000"
"201900035135";"22";"6";"2019";"05:19";"2";"69";"69382";"2";"2";"1";"2";"PERRACHE                            (QU)";"45,7340000";"4,8186100"
"201900035136";"22";"6";"2019";"00:30";"5";"69";"69382";"2";"9";"3";"6";"CARNOT                              (PL)";"45,7500000";"4,8280000"
"201900035137";"22";"6";"2019";"00:00";"5";"69";"69385";"2";"2";"8";"6";"ST ALEXANDRE                        (R )";"45,7561700";"4,8154500"
"201900035138";"21";"6";"2019";"14:00";"1";"69";"69384";"2";"2";"1";"3";"CHARIOT D'OR (DU)                   (R )";"45,7770000";"4,8348000"
"201900035139";"21";"6";"2019";"08:25";"1";"69";"69034";"2";"1";"7";"6";"GENERAL DE GAULLE                   (AV)";"45,8081300";"4,8562500"
"201900035140";"19";"6";"2019";"23:30";"5";"69";"69382";"2";"1";"1";"2";"CHARLEMAGNE                         (CO)";"45,7432516";"4,8212063"
"201900035141";"22";"6";"2019";"02:05";"5";"2B";"2B033";"2";"2";"2";"3";"ROUTE ROYALE";"42,6761100";"9,4383100"
"201900035142";"21";"6";"2019";"17:17";"1";"2B";"2B033";"2";"1";"1";"3";"IMPERIALE - ROUTE";"42,6705600";"9,4419400"
"201900035143";"21";"6";"2019";"12:15";"1";"2B";"2B033";"2";"1";"1";"1";"11 - RT";"42,7003700";"9,4520600"
"201900035144";"20";"6";"2019";"07:39";"1";"2B";"2B033";"2";"9";"1";"3";"SAMPIERO CORSO - AV";"42,6708900";"9,4434900"
"201900035145";"21";"6";"2019";"13:15";"1";"971";"97113";"2";"9";"1";"6";"GENERAL DE GAULLE (AVENUE)";"16,2063200";" -61,4930900"
"201900035146";"21";"6";"2019";"07:40";"1";"971";"97113";"2";"1";"1";"6";"MONTAUBAN (SECTEUR)";"16,2160600";" -61,5035100"
"201900035147";"27";"4";"2019";"00:55";"5";"971";"97107";"2";"1";"1";"3";"MARQUISAT ( ROUTE DE )";"16,0409700";" -61,5664700"
"201900035148";"21";"6";"2019";"19:55";"5";"971";"97105";"2";"9";"1";"3";"FELIX EBOUE (BOULVARD G.GENERAL)";"15,9928600";" -61,7274700"
"201900035149";"20";"6";"2019";"20:15";"1";"2A";"2A004";"2";"6";"1";"3";"ROUTE DU STILETTO";"41,9499709";"8,7715794"
"201900035150";"21";"6";"2019";"02:35";"5";"2A";"2A004";"2";"9";"1";"6";"ROI JEROME BD";"41,9196637";"8,7386400"
"201900035151";"4";"10";"2019";"10:15";"1";"94";"94018";"2";"3";"1";"6";"ALFRED SAVOURE (R)";"48,8212500";"2,4144600"
"201900035152";"4";"10";"2019";"11:45";"1";"93";"93078";"2";"1";"1";"6";"NATIONS (AVENUE DES)";"48,9764400";"2,5112900"
"201900035153";"4";"10";"2019";"12:15";"1";"93";"93070";"2";"1";"1";"1";"DEBAIN(RUE)";"48,9026400";"2,3501750"
"201900035154";"4";"10";"2019";"18:30";"1";"93";"93066";"2";"2";"2";"6";"""PERI GABRIEL, NR 116 A 144 ET 135 A 149";"48,9399400";"2,3567740"
"201900035155";"4";"10";"2019";"10:50";"1";"93";"93066";"2";"3";"8";"3";"FRANCE ANATOLE (BOULEVARD) NR AUTRES";"48,9175700";"2,3407700"
"201900035156";"3";"10";"2019";"19:30";"5";"93";"93066";"2";"9";"1";"3";"EL OUAFI HAMED BOUGERA";"48,9228000";"2,3646700"
"201900035157";"3";"10";"2019";"12:05";"1";"93";"93053";"2";"3";"1";"3";"ROSNY (AVENUE DE) N° 53 A 243";"48,8941000";"2,4706500"
"201900035158";"4";"10";"2019";"14:25";"1";"93";"93031";"2";"3";"1";"3";"FOCH (BOULEVARD)";"48,9484700";"2,3311300"
"201900035159";"3";"10";"2019";"12:25";"1";"93";"93031";"2";"3";"1";"6";"FELIX MERLIN";"48,9556100";"2,2962100"
"201900035160";"4";"10";"2019";"13:51";"1";"93";"93013";"2";"1";"1";"6";"ROLLAND (RUE DU CDT)";"48,9342900";"2,4261800"
"201900035161";"4";"10";"2019";"15:50";"1";"93";"93010";"2";"1";"1";"3";"POLISSARD (RUE AUGUSTE)";"48,9041000";"2,4813510"
"201900035162";"4";"10";"2019";"18:20";"1";"93";"93007";"2";"1";"2";"6";"""PAUL VAILLANT COUTURIER (AVENUE """"DU 01";"48,9240600";"2,4627900"
"201900035163";"2";"10";"2019";"18:30";"1";"93";"93046";"2";"3";"1";"5";"CONSUL GENERAL NORDLING AVENUE";"48,9182800";"2,5359500"
"201900035164";"4";"10";"2019";"09:24";"1";"92";"92073";"2";"3";"1";"3";"LATTRE DE TASSIGNY (BOULEVARD DU MARECHA";"48,8645130";"2,2136690"
"201900035165";"2";"10";"2019";"16:30";"1";"92";"92036";"2";"3";"1";"6";"GRESILLONS (QUAI DES)";"48,9210203";"2,3252054"
"201900035166";"2";"10";"2019";"14:25";"1";"92";"92036";"2";"3";"1";"3";"THOMAS EDISON (RUE)";"48,9317700";"2,3122000"
"201900035167";"3";"10";"2019";"23:25";"5";"92";"92007";"2";"4";"1";"6";"BRIAND (AVENUE ARISTIDE) N° 100 A 160/ HUGO (AVENUE VICTOR)";"48,8069929";"2,3259738"
"201900035168";"5";"10";"2019";"08:05";"1";"47";"47146";"1";"1";"1";"6";"Campot";"44,4309530";"0,6541840"
"201900035169";"26";"9";"2019";"08:15";"1";"35";"35120";"1";"6";"8";"3";"La Pécochère";"48,2086230";" -1,7555480"
"201900035170";"5";"10";"2019";"04:30";"3";"1";"01248";"1";"1";"1";"3";"D38";"45,8819580";"4,8968030"
"201900035171";"5";"10";"2019";"20:40";"5";"6";"06161";"2";"1";"1";"1";"D6007";"43,6264410";"7,1322910"
"201900035172";"4";"10";"2019";"17:54";"1";"81";"81209";"1";"1";"2";"1";"Route du Golf";"43,5174140";"2,3816360"
"201900035173";"4";"10";"2019";"18:30";"1";"63";"63189";"1";"1";"1";"1";"Chabois";"45,6669510";"2,7258610"
"201900035174";"25";"8";"2019";"14:50";"1";"76";"76126";"1";"1";"1";"3";"A28 - PK 070.400";"49,6701230";"1,3162600"
"201900035175";"5";"10";"2019";"01:10";"5";"38";"38337";"2";"3";"2";"3";"Rue de la République";"45,3490800";"5,5017500"
"201900035176";"4";"10";"2019";"09:28";"1";"84";"84038";"2";"1";"7";"6";"Chemin des Gavois";"43,8006240";"5,0637210"
"201900035177";"2";"10";"2019";"18:40";"1";"62";"62337";"1";"1";"1";"6";"Rue de Saint Pol";"50,3082930";"2,2170120"
"201900035178";"5";"10";"2019";"16:05";"1";"77";"77405";"2";"1";"2";"6";"D31-8 Avenue de la Ferté-Sous-Jouarre";"48,9072300";"3,1836600"
"201900035179";"4";"10";"2019";"18:10";"1";"19";"19055";"1";"1";"1";"7";"D168 MESTES";"45,4753625";"2,3253877"
"201900035180";"4";"10";"2019";"14:55";"1";"2B";"2B354";"1";"1";"1";"5";"RT 20 PK 053.00";"42,1242240";"9,1352410"
"201900035181";"5";"10";"2019";"05:55";"3";"2B";"2B096";"1";"1";"1";"3";"RT 50 PK 003.550";"42,2894760";"9,1908590"
"201900035182";"4";"10";"2019";"15:30";"1";"80";"80649";"2";"3";"1";"2";"avenue des pins";"50,3187890";"1,5876140"
"201900035183";"4";"10";"2019";"18:50";"3";"80";"80546";"1";"1";"2";"6";"route départementale 95";"50,0961020";"1,7183070"
"201900035184";"4";"10";"2019";"22:30";"3";"80";"80718";"1";"1";"8";"6";"D1001";"49,9473500";"2,2161970"
"201900035185";"5";"10";"2019";"11:40";"1";"65";"65025";"2";"4";"1";"3";"Route d'Aubisque";"43,0032230";" -0,1060740"
"201900035186";"5";"10";"2019";"00:00";"3";"32";"32144";"2";"1";"2";"6";"D155";"43,6079820";"0,1905880"
"201900035187";"4";"10";"2019";"01:00";"3";"32";"32435";"1";"1";"1";"6";"Sirac";"43,7155840";"0,9593210"
"201900035188";"5";"10";"2019";"09:30";"1";"11";"11239";"1";"1";"1";"6";"D15";"43,2795890";"1,8184780"
"201900035189";"5";"10";"2019";"17:00";"2";"89";"89003";"1";"9";"2";"7";"D955";"47,8565160";"3,3319130"
"201900035190";"3";"10";"2019";"19:25";"5";"29";"29174";"1";"1";"2";"2";"Moitie Route";"47,8818010";" -4,2513460"
"201900035191";"5";"10";"2019";"10:35";"1";"3";"03082";"2";"6";"2";"6";"rue du Bois";"46,2931428";"2,7396880"
"201900035192";"4";"10";"2019";"12:29";"1";"85";"85027";"1";"1";"1";"1";"RD1763";"46,9793770";" -1,3535530"
"201900035193";"30";"9";"2019";"18:00";"2";"26";"26324";"2";"6";"1";"6";"rond point de l'Europe";"44,3482360";"4,7676680"
"201900035194";"4";"10";"2019";"14:50";"1";"5";"05036";"1";"1";"1";"7";"les auches";"44,6008948";"6,5184613"
"201900035195";"4";"10";"2019";"15:20";"1";"18";"18083";"2";"1";"1";"6";"31 Route de Saint-amand";"46,5495950";"2,3506610"
"201900035196";"4";"10";"2019";"21:15";"3";"16";"16145";"1";"1";"1";"6";"RD 55";"45,7179630";" -0,1280950"
"201900035197";"4";"10";"2019";"20:15";"3";"24";"24053";"1";"1";"1";"1";"D6089 BOULAZAC ISLE MANOIRE";"45,1224210";"0,8477030"
"201900035198";"5";"10";"2019";"14:10";"1";"4";"04091";"1";"9";"1";"2";"RD 4096 / RD 30";"43,9867577";"5,9119065"
"201900035199";"5";"10";"2019";"16:00";"1";"23";"23230";"1";"1";"1";"1";"RD 941";"45,9290960";"1,6501850"
"201900035200";"5";"10";"2019";"17:00";"1";"48";"48086";"1";"1";"1";"7";"D906";"44,6227750";"3,8919810"
"201900035201";"5";"10";"2019";"12:35";"1";"13";"13044";"1";"6";"1";"7";"D19";"43,6346410";"5,0211940"
"201900035202";"11";"9";"2019";"14:15";"1";"987";"98745";"2";"1";"1";"5";"district de TIVA";" -16,6413100";" -151,5448670"
"201900035203";"8";"9";"2019";"05:40";"2";"987";"98745";"1";"1";"1";"2";"Murifenua - District de Tapuamu";" -16,6308330";" -151,5040280"
"201900035204";"5";"10";"2019";"17:20";"1";"6";"06104";"1";"1";"1";"7";"A8, PK 215+500 NORD";"43,7708010";"7,4496420"
"201900035205";"3";"10";"2019";"16:00";"1";"987";"98733";"2";"9";"1";"6";"Pk 24400 sns APEETE/PAPARA";" -17,6899310";" -149,5483490"
"201900035206";"1";"10";"2019";"17:40";"1";"77";"77474";"1";"1";"3";"4";"Route Nationale 3";"48,9581142";"2,8108462"
"201900035207";"3";"10";"2019";"18:00";"1";"34";"34135";"2";"2";"1";"6";"rue des jardin";"43,2734871";"3,1719267"
"201900035208";"5";"10";"2019";"18:17";"1";"13";"13042";"1";"1";"1";"1";"D2 PK029+100";"43,3136660";"5,6700320"
"201900035209";"27";"9";"2019";"20:15";"3";"69";"69111";"1";"3";"2";"3";"d338";"45,9040900";"4,5710160"
"201900035210";"5";"10";"2019";"02:50";"3";"81";"81271";"1";"1";"1";"6";"Saint-Sulpice-la-Pointe";"43,7548950";"1,6765560"
"201900035211";"5";"10";"2019";"05:45";"3";"81";"81105";"2";"1";"1";"6";"Route de Réalmont";"43,7655880";"2,0222400"
"201900035212";"4";"10";"2019";"19:00";"1";"17";"17185";"1";"1";"1";"6";"RD 1";"45,6958240";" -0,9259010"
"201900035213";"5";"10";"2019";"05:05";"3";"16";"16330";"1";"1";"1";"6";"9 Rue des Fosses de Jarnouzeau";"45,6824070";" -0,3769590"
"201900035214";"4";"10";"2019";"14:45";"1";"33";"33038";"1";"4";"8";"3";"Canissac";"45,3675100";" -0,9140100"
"201900035215";"4";"10";"2019";"17:35";"1";"33";"33228";"1";"1";"1";"6";"Cantenac Nord";"45,0639600";" -0,5298610"
"201900035216";"7";"9";"2019";"18:35";"1";"85";"85092";"2";"1";"1";"3";"Rue de la République";"46,4642170";" -0,8003800"
"201900035217";"5";"10";"2019";"14:00";"1";"29";"29058";"2";"1";"1";"3";"17 Route de Quimper";"47,9007130";" -4,0225090"
"201900035218";"5";"10";"2019";"03:10";"5";"62";"62604";"2";"1";"1";"6";"Avenue John Whitley";"50,6290870";"1,6189420"
"201900035219";"4";"10";"2019";"18:05";"1";"62";"62354";"1";"1";"3";"7";"3 Rue du Déluge";"50,5588030";"1,6963620"
"201900035220";"5";"10";"2019";"11:15";"1";"59";"59449";"2";"1";"1";"1";"Rue de la Poterne";"50,4725550";"3,2477090"
"201900035221";"5";"10";"2019";"05:15";"5";"59";"59262";"2";"1";"2";"3";"Route de Poperinghe";"50,8128170";"2,6373370"
"201900035222";"3";"10";"2019";"18:30";"5";"13";"13202";"1";"1";"1";"4";"Tunnel Joliette Marseille vers Aubagne";"43,2988390";"5,3636890"
"201900035223";"2";"10";"2019";"08:50";"1";"13";"13015";"1";"1";"1";"3";"A51-Sens Marseille vers Aix en Provence";"43,4588240";"5,4030016"
"201900035224";"4";"10";"2019";"19:15";"1";"33";"33487";"1";"1";"1";"6";"AUTOROUTE A 10";"44,9377000";" -0,4671500"
"201900035225";"4";"10";"2019";"18:10";"1";"33";"33162";"1";"1";"1";"5";"ROCADE A 630";"44,8782500";" -0,6303300"
"201900035226";"4";"10";"2019";"08:45";"1";"33";"33249";"1";"1";"2";"3";"ROUTE NATIONALE 230";"44,8744900";" -0,5072400"
"201900035227";"4";"10";"2019";"07:13";"3";"91";"91312";"1";"1";"2";"2";"RD 444";"48,7402000";"2,2249900"
"201900035228";"3";"10";"2019";"05:30";"3";"91";"91179";"1";"1";"1";"2";"AUTOROUTE A6";"48,5497500";"2,4950900"
"201900035229";"2";"10";"2019";"16:30";"1";"78";"78455";"1";"1";"1";"4";"A13";"48,8523700";"2,0643400"
"201900035230";"4";"10";"2019";"18:24";"1";"93";"93008";"1";"1";"1";"3";"AUTOROUTE A86";"48,9086300";"2,4495100"
"201900035231";"4";"10";"2019";"08:45";"5";"92";"92048";"1";"1";"2";"2";"N118";"48,7877629";"2,2219910"
"201900035232";"4";"10";"2019";"09:00";"1";"93";"93066";"1";"1";"1";"3";"AUTOROUTE A1";"48,9189900";"2,3572800"
"201900035233";"4";"10";"2019";"08:15";"1";"93";"93066";"1";"1";"1";"7";"AUTOROUTE A1";"48,9189900";"2,3572800"
"201900035234";"3";"10";"2019";"09:45";"1";"95";"95018";"1";"1";"1";"4";"AUTOROUTE A15";"48,9618700";"2,2675400"
"201900035235";"3";"10";"2019";"07:40";"2";"93";"93027";"1";"1";"1";"3";"AUTOROUTE A1";"48,9357500";"2,4043000"
"201900035236";"2";"10";"2019";"17:45";"1";"93";"93007";"1";"1";"1";"2";"AUTOROUTE A1";"48,9468300";"2,4426000"
"201900035237";"4";"10";"2019";"21:33";"3";"77";"77169";"1";"1";"1";"2";"RN104";"48,8041000";"2,6274000"
"201900035238";"4";"10";"2019";"16:55";"1";"94";"94028";"1";"1";"1";"4";"A86 EXT";"48,8010900";"2,4472400"
"201900035239";"4";"10";"2019";"08:50";"1";"77";"77517";"1";"1";"8";"2";"A104.EXT";"48,9043900";"2,6446800"
"201900035240";"4";"10";"2019";"08:10";"1";"94";"94017";"1";"1";"1";"2";"A4";"48,8304000";"2,4911700"
"201900035241";"4";"10";"2019";"00:01";"3";"77";"77237";"1";"1";"1";"6";"A4";"48,8302000";"2,7513000"
"201900035242";"2";"10";"2019";"18:00";"1";"77";"77258";"1";"1";"1";"2";"A4.Y";"48,8299212";"2,6251345"
"201900035243";"1";"10";"2019";"23:50";"3";"94";"94017";"1";"1";"2";"5";"A4";"48,8280945";"2,5033698"
"201900035244";"3";"10";"2019";"00:00";"3";"71";"71306";"2";"1";"1";"3";"CHAUBUISSON (RUE DE)";"46,6717500";"4,3793000"
"201900035245";"21";"7";"2019";"09:40";"1";"40";"40088";"2";"1";"1";"2";"NUNGESSER ET COLI (AVENUE)";"43,6922700";" -1,0660000"
"201900035246";"3";"10";"2019";"08:28";"1";"29";"29051";"1";"1";"1";"4";"KEROURVOIS ROUTE DE";"48,0040400";" -4,0580100"
"201900035247";"3";"10";"2019";"13:35";"1";"13";"13206";"2";"2";"1";"3";"ALGER (RUE D')";"43,2893200";"5,3891000"
"201900035248";"2";"10";"2019";"13:08";"1";"93";"93055";"2";"1";"1";"3";"GRILLES (DES)";"48,8900000";"2,4055000"
"201900035249";"1";"10";"2019";"10:50";"1";"93";"93055";"2";"1";"2";"4";"JEAN JAURES (AVENUE) (178/204)";"48,9176400";"2,4072300"
"201900035250";"3";"10";"2019";"13:41";"1";"976";"97611";"2";"1";"1";"6";"kaweni-Nossi bé (impasse )";" -12,7710000";"45,2235700"
"201900035251";"3";"10";"2019";"16:55";"1";"974";"97416";"1";"1";"1";"5";"RN3 (2)";" -21,3196300";"55,4893900"
"201900035252";"3";"10";"2019";"08:20";"1";"974";"97416";"1";"1";"1";"3";"CROIX DE JUBILE (CHEMIN DE LA)";" -21,3395000";"55,4896000"
"201900035253";"3";"10";"2019";"13:10";"1";"974";"97411";"2";"1";"1";"3";"JAURES (BOULEVARD JEAN)";" -20,8909500";"55,4661600"
"201900035254";"3";"10";"2019";"19:40";"5";"69";"69259";"2";"2";"1";"3";"CHARLES DE GAULLE                   (AV)";"45,7175400";"4,8915900"