"Num_Acc";"jour";"mois";"an";"hrmn";"lum";"dep";"com";"agg";"int";"atm";"col";"adr";"lat";"long"
"201900035255";"3";"10";"2019";"11:30";"1";"69";"69383";"2";"1";"1";"3";"FELIX FAURE                         (AV)";"45,7551000";"4,8706700"
"201900035256";"3";"10";"2019";"19:10";"5";"972";"97213";"2";"2";"1";"3";"BARRIERES (RUE DES)";"14,6159500";" -61,0001400"
"201900035257";"3";"10";"2019";"07:55";"1";"972";"97209";"2";"9";"1";"6";"LEON GONDRAN DAMAS (AVENUE)";"14,6098900";" -61,0482400"
"201900035258";"3";"10";"2019";"17:20";"1";"69";"69382";"2";"1";"1";"2";"VERDUN RAMBAUD                      (VO)";"45,7495100";"4,8251900"
"201900035259";"3";"10";"2019";"07:35";"1";"971";"97113";"1";"9";"1";"3";"SECTION PLIANE";"16,2080300";" -61,4638700"
"201900035260";"2";"10";"2019";"20:15";"4";"971";"97113";"1";"9";"1";"3";"SECTION MARE-GAILLARD";"16,2148300";" -61,4388000"
"201900035261";"3";"10";"2019";"17:30";"1";"2A";"2A004";"2";"3";"1";"3";"ALBERT 1ER BD";"41,9129300";"8,7256900"
"201900035262";"3";"10";"2019";"08:55";"1";"91";"91021";"2";"1";"1";"6";"MARCHE (PLACE DU)";"48,5887640";"2,2501530"
"201900035263";"2";"10";"2019";"12:55";"1";"91";"91457";"1";"1";"1";"2";"LOGES (ROUTE DES)";"48,5787000";"2,2877500"
"201900035264";"28";"9";"2019";"18:20";"1";"83";"83062";"2";"9";"1";"6";"ROBESPIERRE (AVENUE MAXIMILIEN)";"43,1343800";"6,0292700"
"201900035265";"3";"10";"2019";"18:10";"1";"81";"81163";"2";"1";"1";"5";"GUYNEMER (GEORGES)";"43,4880500";"2,3685900"
"201900035266";"2";"10";"2019";"18:30";"1";"78";"78545";"2";"1";"1";"6";"CURIE (AVENUE PIERRE)";"48,7975520";"2,0590520"
"201900035267";"1";"10";"2019";"15:35";"1";"77";"77186";"1";"1";"1";"2";"D138";"48,4338797";"2,7395622"
"201900035268";"27";"9";"2019";"13:45";"1";"76";"76705";"1";"1";"1";"3";"PICARD. AVENUE GUSTAVE";"49,3280000";"1,0959300"
"201900035269";"19";"9";"2019";"08:50";"1";"76";"76319";"1";"1";"1";"2";"RN 138";"49,3634900";"1,0375100"
"201900035270";"24";"9";"2019";"13:45";"1";"76";"76231";"2";"1";"1";"6";"POUSSIN. RUE NICOLAS";"49,2860400";"1,0033200"
"201900035271";"2";"10";"2019";"17:45";"1";"76";"76410";"1";"5";"1";"3";"A150";"49,4717700";"1,0308500"
"201900035272";"2";"10";"2019";"10:50";"1";"76";"76498";"2";"1";"1";"6";"JAURES. AVENUE JEAN";"49,4272700";"1,0653100"
"201900035273";"3";"10";"2019";"06:25";"5";"74";"74012";"2";"6";"1";"3";"ETOILE (PLACE DE L')";"46,1940100";"6,2406700"
"201900035274";"3";"10";"2019";"16:50";"1";"69";"69266";"2";"1";"1";"6";"LEON BLUM      (Rue)";"45,7594800";"4,8910000"
"201900035275";"3";"10";"2019";"12:30";"1";"66";"66136";"2";"1";"1";"6";"PAYRA (PLACE JEAN)";"42,6982700";"2,8891600"
"201900035276";"3";"10";"2019";"17:50";"1";"64";"64189";"2";"1";"1";"1";"ANTHONIOZ DE GAULLE GENEVIEVE (AVENUE)";"43,3826272";" -1,6671371"
"201900035277";"3";"10";"2019";"08:15";"1";"64";"64102";"2";"1";"1";"3";"GRENET (AVENUE HENRI)";"43,5027300";" -1,4758100"
"201900035278";"3";"10";"2019";"07:35";"2";"64";"64102";"2";"1";"1";"6";"BRIGADIER MUSCAR (RUE DU)";"43,4928600";" -1,4624400"
"201900035279";"2";"10";"2019";"18:20";"2";"60";"60057";"2";"1";"1";"4";"FITZGERALD J. KENNEDY (AV) - RUE DU PARC";"49,4245200";"2,1043600"
"201900035280";"2";"10";"2019";"16:45";"1";"56";"56083";"2";"2";"1";"3";"VAILLANT ( AV. EDOUARD )";"47,8161800";" -3,2574600"
"201900035281";"30";"4";"2019";"17:30";"1";"54";"54395";"1";"1";"1";"2";"RD 674";"48,6759200";"6,1998900"
"201900035282";"29";"4";"2019";"08:45";"1";"54";"54300";"1";"1";"1";"7";"route de fléville";"48,6411410";"6,2165020"
"201900035283";"27";"4";"2019";"19:00";"1";"54";"54395";"2";"1";"2";"7";"RD400";"48,6882000";"6,1844100"
"201900035284";"2";"10";"2019";"12:07";"1";"49";"49007";"2";"1";"1";"6";"RESISTANCE ET DEPORTATION BLD";"47,4713400";" -0,5468900"
"201900035285";"3";"10";"2019";"18:10";"1";"45";"45234";"2";"1";"1";"4";"AVENUE ROGER SECRETAIN";"47,8902300";"1,8952300"
"201900035286";"3";"10";"2019";"16:35";"1";"44";"44109";"2";"1";"1";"6";"RUE EUGENE DELACROIX";"47,2236100";" -1,5895700"
"201900035287";"2";"10";"2019";"16:40";"1";"35";"35051";"1";"1";"1";"2";"ROCADE 2-3";"48,1090491";" -1,5936562"
"201900035288";"14";"9";"2019";"03:00";"5";"33";"33063";"2";"3";"1";"6";"Q. de Brazza / Giratoire Cdt Cousteau";"44,8538590";" -0,5536600"
"201900035289";"2";"10";"2019";"07:50";"1";"31";"31555";"2";"1";"2";"6";"AV DE FRONTON";"43,6438800";"1,4334600"
"201900035290";"3";"10";"2019";"12:20";"1";"28";"28134";"1";"1";"8";"4";"RN 12 (CARREFOUR DELISLE)";"48,7462854";"1,3872385"
"201900035291";"21";"9";"2019";"11:15";"1";"28";"28218";"2";"2";"7";"3";"KENNEDY (RUE JOHN)";"48,4310000";"1,4639000"
"201900035292";"2";"10";"2019";"11:17";"1";"25";"25056";"2";"9";"2";"6";"ILE DE FRANCE AVENUE DE L'";"47,2211000";"5,9666500"
"201900035293";"28";"9";"2019";"16:45";"1";"22";"22113";"2";"1";"1";"3";"POMPIDOU (RUE GEORGES)";"48,7351200";" -3,4659500"
"201900035294";"2";"10";"2019";"19:40";"2";"19";"19031";"2";"2";"1";"3";"BECQUEREL (RUE)";"45,1541400";"1,5457800"
"201900035295";"2";"10";"2019";"18:15";"1";"14";"14557";"1";"3";"1";"1";"C.D. 275";"49,1926100";"0,0514300"
"201900035296";"3";"10";"2019";"18:25";"1";"14";"14167";"1";"1";"1";"1";"JEAN JAURES (RUE )";"49,2000100";" -0,2957900"
"201900035297";"3";"10";"2019";"18:30";"1";"13";"13117";"2";"1";"1";"6";"SALYENS ( AVENUE DES )";"43,4408950";"5,2538057"
"201900035298";"4";"10";"2019";"00:30";"5";"13";"13215";"2";"1";"1";"2";"LE CHATELIER";"43,3487800";"5,3720500"
"201900035299";"3";"10";"2019";"14:45";"1";"13";"13201";"2";"3";"1";"3";"LIBERATION (BOULEVARD)  1 A 65";"43,2991600";"5,3855300"
"201900035300";"3";"7";"2019";"17:40";"1";"13";"13207";"2";"9";"9";"6";"CORSE (AVENUE DE LA)";"43,2897877";"5,3656679"
"201900035301";"3";"10";"2019";"10:00";"1";"13";"13213";"1";"1";"1";"6";"FRAIS VALLON (AVENUE)";"43,3262400";"5,4219200"
"201900035302";"3";"10";"2019";"07:50";"2";"13";"13204";"2";"1";"1";"6";"MONASTERE (RUE DU)";"43,3000000";"5,4000000"
"201900035303";"2";"10";"2019";"18:45";"1";"13";"13215";"2";"1";"1";"3";"SAINT ANTOINE (AVENUE DE)";"43,3757870";"5,3560670"
"201900035304";"3";"10";"2019";"18:40";"1";"13";"13047";"2";"1";"1";"3";"VAURANNE BOULEVARD DE";"43,5089150";"4,9848750"
"201900035305";"3";"10";"2019";"08:30";"1";"13";"13005";"2";"1";"1";"3";"NATIONALE 8";"43,2843900";"5,5462300"
"201900035306";"3";"10";"2019";"16:30";"1";"13";"13001";"2";"1";"1";"6";"GALICE (RTE)";"43,5281520";"5,4053610"
"201900035307";"2";"10";"2019";"17:15";"1";"7";"07019";"2";"6";"1";"1";"VERNON (BOULEVARD DE)";"44,6200300";"4,3876800"
"201900035308";"3";"10";"2019";"09:20";"1";"6";"06027";"2";"3";"1";"6";"RUE DES FRESNES";"43,6594230";"7,1507990"
"201900035309";"3";"10";"2019";"07:25";"1";"1";"01283";"2";"6";"1";"2";"PASTEUR (RUE DU 1-2 AU 7-14)";"46,2557550";"5,6559080"
"201900035310";"3";"10";"2019";"14:20";"1";"75";"75120";"2";"3";"1";"3";"BOULEVARD DE MENILMONTANT";"48,8660437";"2,3840015"
"201900035311";"3";"10";"2019";"18:25";"1";"75";"75119";"2";"1";"1";"3";"AVENUE DE FLANDRE";"48,8895977";"2,3756544"
"201900035312";"3";"10";"2019";"11:39";"1";"75";"75119";"2";"3";"1";"6";"RUE PAUL LAURENT";"48,8868491";"2,3668455"
"201900035313";"3";"10";"2019";"11:05";"1";"75";"75117";"2";"4";"1";"3";"AVENUE DE VILLIERS";"48,8817081";"2,3147062"
"201900035314";"3";"10";"2019";"16:00";"1";"75";"75116";"2";"3";"1";"2";"AVENUE GEORGES LAFONT";"48,8366097";"2,2564901"
"201900035315";"3";"10";"2019";"10:13";"1";"75";"75116";"2";"2";"1";"3";"AVENUE VICTOR HUGO";"48,8669640";"2,2789760"
"201900035316";"1";"10";"2019";"21:00";"5";"75";"75116";"2";"1";"2";"3";"PONT DE SURESNES";"48,8667339";"2,2300537"
"201900035317";"2";"10";"2019";"10:55";"1";"75";"75114";"2";"3";"1";"3";"AVENUE DU GENERAL LECLERC";"48,8287765";"2,3276934"
"201900035318";"2";"10";"2019";"12:35";"1";"75";"75114";"2";"2";"1";"3";"RUE D ALESIA";"48,8293008";"2,3226650"
"201900035319";"3";"10";"2019";"03:50";"5";"75";"75109";"2";"7";"1";"3";"PLACE DE CLICHY";"48,8833406";"2,3271751"
"201900035320";"3";"10";"2019";"08:55";"1";"75";"75108";"2";"7";"1";"6";"RUE DE CONSTANTINOPLE";"48,8790604";"2,3232349"
"201900035321";"3";"10";"2019";"00:01";"5";"75";"75107";"2";"1";"1";"3";"BOULEVARD SAINT GERMAIN";"48,8575470";"2,3240402"
"201900035322";"2";"10";"2019";"23:00";"5";"75";"75103";"2";"4";"1";"3";"BOULEVARD DU TEMPLE";"48,8630998";"2,3667333"
"201900035323";"3";"9";"2019";"18:20";"1";"94";"94001";"2";"2";"1";"3";"JUVIGNY (rue Edouard)";"48,7263800";"2,4227600"
"201900035324";"2";"10";"2019";"22:44";"5";"94";"94068";"2";"2";"1";"3";"ALMA (AV DE L)";"48,7876000";"2,4953000"
"201900035325";"1";"10";"2019";"16:45";"1";"94";"94068";"2";"1";"2";"2";"DIDEROT (AV)";"48,8026258";"2,4831150"
"201900035326";"3";"10";"2019";"17:40";"1";"94";"94003";"2";"3";"1";"3";"LAPLACE (AV)";"48,8099000";"2,3274700"
"201900035327";"3";"10";"2019";"11:15";"1";"94";"94043";"2";"1";"1";"6";"FONTAINEBLEAU (AV DE)";"48,8113200";"2,3621400"
"201900035328";"2";"10";"2019";"18:50";"1";"94";"94041";"2";"1";"1";"6";"BRANDEBOURG (BD DE)";"48,8145700";"2,4015700"
"201900035329";"17";"1";"2019";"16:05";"1";"71";"71040";"2";"1";"1";"7";"AUGUSTE VARMENCOURT (RUE)";"46,6893500";"4,4135300"
"201900035330";"17";"1";"2019";"15:35";"1";"71";"71306";"2";"2";"1";"6";"EUGENE POTTIER (RUE)";"46,6725800";"4,3626500"
"201900035331";"16";"1";"2019";"19:10";"5";"71";"71153";"2";"1";"1";"2";"PRESIDENT WILSON (RUE DU)";"46,8006000";"4,4246300"
"201900035332";"15";"1";"2019";"16:30";"1";"64";"64335";"2";"1";"7";"2";"EUROPE DE L'";"43,3219204";" -0,4346655"
"201900035333";"14";"1";"2019";"14:30";"1";"64";"64445";"2";"1";"2";"3";"BORDEU DE";"43,3035000";" -0,3709000"
"201900035334";"16";"1";"2019";"16:30";"1";"38";"38185";"2";"1";"1";"3";"AVENUE MARIE REYNOARD";"45,1673900";"5,7284700"
"201900035335";"18";"1";"2019";"14:44";"1";"17";"17300";"2";"3";"1";"3";"Boulevard Joffre";"46,1560200";" -1,1430400"
"201900035336";"17";"1";"2019";"09:50";"1";"94";"94019";"2";"1";"8";"2";"SUCY (R DE)";"48,7876996";"2,5204961"
"201900035337";"16";"1";"2019";"19:30";"4";"95";"95018";"1";"1";"1";"3";"AUTOROUTE A15";"48,9549300";"2,2785400"
"201900035338";"19";"1";"2019";"10:20";"1";"988";"98818";"2";"1";"7";"6";"COOK (AVENUE JAMES)";" -22,2661700";"166,4186700"
"201900035339";"18";"1";"2019";"04:26";"5";"988";"98818";"1";"1";"1";"6";"VE1 SENS SUD/NORD";" -22,2493100";"166,4531800"
"201900035340";"19";"1";"2019";"04:05";"5";"976";"97611";"2";"1";"1";"7";"kaweni-Centrale EDM (rue de la )";" -12,7603700";"45,2266000"
"201900035341";"19";"1";"2019";"06:43";"1";"976";"97611";"2";"1";"1";"2";"kaweni-Centrale EDM (rue de la )";" -12,7594600";"45,2283700"
"201900035342";"18";"1";"2019";"12:57";"1";"976";"97611";"2";"1";"1";"6";"convalescence/vetivers-Vetiver ( rue )";" -12,7797600";"45,2231000"
"201900035343";"18";"1";"2019";"01:05";"4";"976";"97611";"1";"1";"1";"7";"vahibe-Departementale 3 ( route )";" -12,8018600";"45,2118800"
"201900035344";"18";"1";"2019";"19:20";"5";"974";"97416";"1";"1";"1";"5";"LIGNE PARADIS(ROUTE DE LA)";" -21,3143000";"55,4763000"
"201900035345";"18";"1";"2019";"12:50";"1";"974";"97416";"2";"1";"1";"3";"MERMOZ (ALLEE)";" -21,3300700";"55,4737600"
"201900035346";"17";"1";"2019";"04:55";"2";"974";"97416";"1";"1";"1";"6";"Ancienne RN 1";" -21,3133111";"55,4383135"
"201900035347";"18";"1";"2019";"09:00";"1";"974";"97411";"2";"2";"1";"3";"BERTIN";" -20,8881000";"55,4491600"
"201900035348";"17";"1";"2019";"10:30";"1";"974";"97411";"2";"2";"1";"3";"FOCH (RUE)";" -20,9022300";"55,4945500"
"201900035349";"19";"1";"2019";"20:10";"5";"974";"97409";"2";"1";"1";"1";"DU CENTRE(CHEMIN)";" -20,9436500";"55,6501300"
"201900035350";"18";"1";"2019";"12:10";"1";"973";"97302";"2";"3";"1";"3";"BADUEL (ROUTE DE)";"4,9375853";" -52,3159182"
"201900035351";"17";"1";"2019";"09:50";"1";"973";"97302";"2";"1";"1";"3";"BADUEL (ROND POINT DE)";"4,9331066";" -52,3094702"
"201900035352";"20";"1";"2019";"14:25";"1";"69";"69387";"2";"9";"1";"3";"RAOUL SERVANT                       (R )";"45,7458200";"4,8346900"
"201900035353";"19";"1";"2019";"18:20";"5";"69";"69259";"2";"1";"1";"3";"VIVIANI                             (AV)";"45,7264200";"4,8643000"
"201900035354";"19";"1";"2019";"17:45";"5";"69";"69383";"2";"9";"1";"3";"PAUL BERT                           (R )";"45,7569900";"4,8524700"
"201900035355";"19";"1";"2019";"16:30";"1";"69";"69386";"2";"3";"1";"3";"MORELLET                            (R )";"45,7746400";"4,8485900"
"201900035356";"18";"1";"2019";"15:10";"1";"69";"69387";"2";"2";"1";"6";"JEAN JAURES                         (AV)";"45,7473200";"4,8431300"
"201900035357";"18";"1";"2019";"04:00";"5";"69";"69259";"2";"9";"1";"7";"VIENNE (DE)                         (RO)";"45,7160300";"4,8547900"
"201900035358";"17";"1";"2019";"15:15";"1";"69";"69383";"2";"2";"1";"3";"PINEL                               (BD)";"45,7512600";"4,8966300"
"201900035359";"19";"1";"2019";"19:45";"3";"972";"97213";"1";"1";"1";"3";"ROUTE DEPARTEMENTALE 13";"14,6321100";" -61,0110400"
"201900035360";"18";"1";"2019";"06:29";"1";"972";"97213";"2";"1";"1";"3";"PIERRE ZOBDA QUITMAN (RUE)";"14,6157700";" -61,0047200"
"201900035361";"23";"1";"2019";"05:55";"5";"972";"97209";"2";"1";"2";"7";"VIEUX CHEMIN (RUE DU)";"14,6103400";" -61,0718500"
"201900035362";"17";"1";"2019";"06:50";"1";"972";"97209";"2";"1";"1";"2";"RD 41 (ROCADE)";"14,6143100";" -61,0528800"
"201900035363";"19";"1";"2019";"11:28";"1";"69";"69149";"2";"1";"1";"6";"GRANDE RUE                          (GR)";"45,7127600";"4,8029900"
"201900035364";"19";"1";"2019";"02:34";"5";"69";"69382";"2";"1";"1";"6";"ANTONIN GOURJU                      (PL)";"45,7592400";"4,8296900"
"201900035365";"18";"1";"2019";"04:00";"5";"69";"69382";"2";"1";"1";"6";"PERRACHE                            (QU)";"45,7478600";"4,8297100"
"201900035366";"17";"1";"2019";"12:00";"1";"69";"69286";"2";"2";"8";"5";"VICTOR HUGO                         (AV)";"45,8199600";"4,8870300"
"201900035367";"17";"1";"2019";"14:00";"1";"2B";"2B120";"2";"6";"1";"2";"IMPERIALE (Route) D464 ";"42,6565700";"9,4316100"
"201900035368";"15";"1";"2019";"14:00";"1";"2B";"2B033";"2";"1";"1";"4";"11 - RT";"42,6764200";"9,4442100"
"201900035369";"18";"1";"2019";"17:20";"1";"971";"97113";"1";"9";"1";"6";"Morne Salines";"16,2095841";" -61,4418715"
"201900035370";"18";"1";"2019";"10:00";"1";"971";"97113";"1";"6";"1";"6";"RN4-ROND POINT SAINT FELIX";"16,2076100";" -61,4566400"
"201900035371";"12";"1";"2019";"17:20";"2";"971";"97101";"2";"1";"1";"6";"VIEUX BOURG";"16,2479500";" -61,5327100"
"201900035372";"15";"1";"2019";"19:05";"5";"971";"97105";"2";"3";"1";"3";"GOUVERNEUR DU LYON (AVE)";"16,0022400";" -61,7379500"
"201900035373";"18";"1";"2019";"20:30";"5";"95";"95607";"2";"2";"1";"1";"TEMPS DES CERISES (BOULEVARD DU)";"49,0254000";"2,2138000"
"201900035374";"20";"1";"2019";"11:45";"1";"95";"95063";"2";"1";"1";"6";"RUE DES FRERES BONNEFF";"48,9275500";"2,2132200"
"201900035375";"18";"1";"2019";"07:20";"5";"91";"91692";"2";"9";"8";"6";"OCEANIE (AVENUE DE L')";"48,6793400";"2,2007000"
"201900035376";"10";"1";"2019";"06:40";"3";"91";"91421";"1";"1";"1";"5";"NATIONALE 6 (GLACIERE)";"48,7108000";"2,4417000"
"201900035377";"18";"1";"2019";"23:40";"5";"91";"91691";"2";"1";"8";"6";"GENERAL LECLER(RUE)";"48,7139800";"2,4720100"
"201900035378";"20";"1";"2019";"03:30";"5";"91";"91326";"2";"1";"2";"2";"COUR DE FRANCE (AVENUE DE LA)";"48,6865980";"2,3728890"
"201900035379";"16";"1";"2019";"20:00";"5";"91";"91521";"2";"7";"1";"6";"FUSILLES (PLACE DES)";"48,6519800";"2,4140400"
"201900035380";"18";"1";"2019";"19:25";"5";"91";"91433";"1";"6";"1";"7";"R.N. 20";"48,4584730";"2,1764290"
"201900035381";"18";"1";"2019";"01:15";"3";"91";"91433";"1";"1";"1";"6";"CD 63";"48,4081400";"2,2115400"
"201900035382";"19";"1";"2019";"19:50";"5";"91";"91657";"2";"6";"2";"6";"REPUBLIQUE (PLACE DE LA)";"48,7060900";"2,4319500"
"201900035383";"18";"1";"2019";"14:15";"1";"91";"91657";"2";"6";"1";"2";"TOURELLE (AVENUE DE LA )";"48,6891480";"2,4365280"
"201900035384";"19";"1";"2019";"17:25";"5";"91";"91114";"2";"1";"2";"3";"CERCAY (RUE DE)";"48,7075000";"2,5169000"
"201900035385";"17";"1";"2019";"14:45";"1";"91";"91097";"2";"1";"1";"3";"MARNIERE (RUE DE LA)";"48,6833000";"2,5351600"
"201900035386";"19";"1";"2019";"17:46";"5";"91";"91027";"2";"1";"2";"6";"MITTERAND (AVENUE FRANCOIS) N° 2 A 110";"48,7005100";"2,3719600"
"201900035387";"18";"1";"2019";"08:13";"1";"91";"91021";"2";"1";"1";"2";"GIRAULT ERNEST (BOULEVARD)";"48,5876200";"2,2370300"
"201900035388";"17";"1";"2019";"16:35";"1";"91";"91339";"2";"1";"2";"4";"RN 20";"48,6160000";"2,2560000"
"201900035389";"16";"1";"2019";"11:25";"1";"91";"91021";"2";"7";"1";"6";"BRIAND ARISTIDE (RUE)";"48,5860000";"2,2440000"
"201900035390";"8";"1";"2019";"13:50";"1";"89";"89387";"2";"1";"1";"6";"VERDUN (BOULEVARD DE)";"48,2038000";"3,2948400"
"201900035391";"18";"1";"2019";"05:42";"5";"87";"87085";"2";"1";"1";"6";"BAUDIN ( AVENUE) (VC)";"45,8180100";"1,2522100"
"201900035392";"15";"1";"2019";"18:50";"5";"87";"87085";"1";"1";"1";"6";"SAINT GENCE (RUE DE) (RD218)";"45,8483100";"1,2329000"
"201900035393";"16";"1";"2019";"10:51";"1";"87";"87085";"2";"9";"1";"6";"PERIN (BOULEVARD GEORGES)";"45,8316000";"1,2526400"
"201900035394";"16";"1";"2019";"08:49";"1";"87";"87085";"2";"2";"1";"6";"TURGOT (RUE)";"45,8310900";"1,2546400"
"201900035395";"17";"1";"2019";"22:30";"5";"86";"86194";"2";"2";"1";"3";"8 MAI 1945 (AVENUE DU)";"46,5548469";"0,3064048"
"201900035396";"20";"1";"2019";"18:15";"5";"83";"83137";"2";"3";"1";"3";"15EME CORPS (AVE DU)";"43,1284500";"5,9097500"
"201900035397";"16";"1";"2019";"15:40";"1";"83";"83069";"2";"1";"1";"6";"EUGENIE (RUE)";"43,1226900";"6,1186400"
"201900035398";"17";"1";"2019";"07:51";"5";"83";"83141";"2";"9";"2";"3";"SORTIE VILLAGE VERS DRAGUIGNAN";"43,5038000";"6,4832000"
"201900035399";"20";"1";"2019";"14:55";"1";"82";"82033";"1";"2";"2";"2";"MONTAUBAN D 958 (ROUTE DE)";"44,0315100";"1,1542540"
"201900035400";"16";"1";"2019";"18:15";"3";"80";"80725";"1";"1";"1";"2";"AV DES FACULTES";"49,8605000";"2,2631100"
"201900035401";"15";"1";"2019";"18:50";"3";"78";"78126";"2";"2";"1";"3";"PUITS (AVENUE DES)";"48,8423200";"2,1457100"
"201900035402";"12";"1";"2019";"14:15";"1";"78";"78646";"2";"1";"1";"3";"ECOLE DES POSTES (RUE DE L')";"48,8023200";"2,1587100"
"201900035403";"18";"1";"2019";"17:10";"1";"77";"77514";"2";"1";"1";"6";"PERDRIX (AVENUE DES)";"48,9433200";"2,5986600"
"201900035404";"20";"1";"2019";"06:12";"5";"77";"77040";"2";"6";"8";"6";"D142 X R. DU CHATEAU-MELUN ( ROUTE )";"48,5208720";"2,5696655"
"201900035405";"18";"1";"2019";"16:40";"1";"77";"77320";"2";"1";"8";"7";"D44-MAIRIE (PLACE DE LA)";"48,8211600";"3,0372400"
"201900035406";"18";"1";"2019";"07:45";"2";"76";"76447";"2";"1";"9";"6";"FAUBOURG ASSIQUET";"49,5478485";"0,1969975"
"201900035407";"13";"1";"2019";"18:00";"5";"76";"76259";"2";"1";"1";"2";"LORRAIN - D150 (AV)";"49,7602700";"0,3849800"
"201900035408";"16";"1";"2019";"18:00";"5";"74";"74281";"2";"2";"1";"3";"VALLEES (AVENUE DES)";"46,3705500";"6,4849500"
"201900035409";"17";"1";"2019";"12:24";"1";"74";"74305";"2";"1";"2";"3";"BOIS DE LA ROSE (RUE )";"46,2061500";"6,2772000"
"201900035410";"18";"1";"2019";"23:25";"5";"71";"71270";"2";"9";"1";"6";"Rue Michel Debré";"46,3164600";"4,8385500"
"201900035411";"19";"1";"2019";"23:00";"3";"71";"71309";"1";"1";"4";"7";"RD 680 PR 49+200";"46,7934625";"4,3985933"
"201900035412";"19";"1";"2019";"08:00";"2";"71";"71059";"1";"1";"5";"6";"lieu dit LA VESVRE";"46,8216220";"4,4756200"
"201900035413";"18";"1";"2019";"05:25";"5";"71";"71153";"2";"1";"1";"6";"EUROPE (AVENUE DE L')";"46,8082800";"4,4200600"
"201900035414";"11";"1";"2019";"18:25";"5";"70";"70378";"2";"1";"8";"6";"CURIE (RUE PIERRE MARIE)";"47,6130320";"6,1510660"
"201900035415";"20";"1";"2019";"15:45";"1";"69";"69282";"2";"1";"1";"2";"REPUBLIQUE (DE)                     (R )";"45,7695400";"4,9874500"
"201900035416";"17";"1";"2019";"15:10";"1";"69";"69266";"2";"2";"1";"3";"EDOUARD VAILLANT (Rue)";"45,7752100";"4,8803500"
"201900035417";"18";"1";"2019";"23:30";"5";"69";"69264";"2";"2";"1";"6";"AMPERE  (rue)";"45,9886600";"4,7216200"
"201900035418";"17";"1";"2019";"16:20";"1";"68";"68224";"2";"1";"1";"2";"ILL (RUE DE L')";"47,7616100";"7,3564300"
"201900035419";"17";"1";"2019";"13:55";"1";"68";"68056";"2";"6";"1";"3";"AV D'ALTKIRCH";"47,7229000";"7,3191200"
"201900035420";"13";"1";"2019";"19:45";"5";"67";"67482";"2";"1";"2";"6";"RIEHL (RUE)";"48,5432300";"7,7675900"
"201900035421";"18";"1";"2019";"07:05";"3";"67";"67218";"1";"1";"8";"6";"ALFRED KASTLER (ROUTE)";"48,5416200";"7,7401800"
"201900035422";"17";"1";"2019";"20:40";"5";"67";"67482";"2";"3";"1";"3";"RACINE (AVENUE)";"48,5920600";"7,7042100"
"201900035423";"17";"1";"2019";"00:00";"5";"67";"67043";"2";"1";"1";"6";"BRUMATH (ROUTE DE)";"48,6181446";"7,7317660"
"201900035424";"16";"1";"2019";"07:20";"2";"67";"67482";"2";"3";"8";"2";"RHIN TORTU (RUE DU)";"48,5478700";"7,7579700"
"201900035425";"19";"1";"2019";"15:43";"1";"67";"67180";"1";"1";"8";"2";"BITCHE (ROUTE DE)";"48,8233050";"7,7690540"
"201900035426";"16";"1";"2019";"17:33";"1";"66";"66136";"2";"2";"1";"3";"LILAS";"42,6846574";"2,8814196"
"201900035427";"16";"1";"2019";"16:25";"1";"66";"66136";"2";"1";"1";"6";"LECLERC (AVENUE DU GENERAL)";"42,7017000";"2,8913000"
"201900035428";"18";"1";"2019";"15:35";"1";"65";"65286";"2";"1";"1";"6";"Av MARANSIN (CHAUSSEE)";"43,0997670";" -0,0451440"
"201900035429";"17";"1";"2019";"19:35";"5";"64";"64445";"2";"6";"1";"4";"COMMANDANT RENE MOUCHOTTE DU";"43,3062200";" -0,3330400"
"201900035430";"16";"1";"2019";"10:15";"1";"64";"64102";"2";"2";"1";"6";"JULES LABAT (RUE)";"43,4932400";" -1,4780300"
"201900035431";"15";"1";"2019";"17:05";"2";"62";"62119";"2";"9";"1";"3";"WASHINGTON ( AVENUE DE )";"50,5383673";"2,6589220"
"201900035432";"17";"1";"2019";"08:20";"1";"60";"60325";"1";"1";"1";"6";"Avenue JEAN MOULIN";"49,4058700";"2,7775700"
"201900035433";"19";"1";"2019";"18:20";"5";"59";"59350";"2";"2";"1";"4";"LOUIS XIV BOULEVARD";"50,6288400";"3,0736700"
"201900035434";"17";"1";"2019";"18:00";"5";"59";"59350";"2";"4";"8";"3";"LOUIS XIV BOULEVARD";"50,6287910";"3,0718780"
"201900035435";"8";"1";"2019";"14:15";"1";"59";"59328";"2";"2";"1";"5";"BONTE AUGUSTE RUE";"50,6458000";"3,0177000"
"201900035436";"17";"1";"2019";"19:35";"5";"59";"59616";"2";"9";"2";"6";"BELURIEZ (RUE LUCIEN )";"50,4562848";"3,5680298"
"201900035437";"19";"1";"2019";"19:50";"3";"59";"59043";"2";"6";"1";"6";"NATIONS UNIES (AVENUE DES)";"50,7263300";"2,7389000"
"201900035438";"19";"1";"2019";"17:40";"1";"57";"57630";"2";"1";"7";"6";"REDING (ROUTE)";"48,7458751";"7,0802647"
"201900035439";"17";"1";"2019";"07:30";"5";"57";"57463";"2";"1";"2";"6";"PLANTES (RUE DES )";"49,0967500";"6,1806200"
"201900035440";"16";"1";"2019";"13:21";"1";"56";"56083";"2";"6";"8";"3";"LIBERATION ( AV. DE LA )";"47,8038000";" -3,2679300"
"201900035441";"16";"1";"2019";"14:20";"1";"52";"52121";"2";"1";"1";"3";"ALPHANDERY (RUE) PAIR";"48,1087000";"5,1363700"