"Num_Acc";"jour";"mois";"an";"hrmn";"lum";"dep";"com";"agg";"int";"atm";"col";"adr";"lat";"long"
"201900035442";"16";"1";"2019";"12:15";"1";"52";"52121";"2";"1";"1";"2";"NEUILLY (ROUTE DE) R.D.143";"48,0846600";"5,1458800"
"201900035443";"19";"1";"2019";"09:58";"1";"51";"51454";"2";"1";"1";"2";"BOULEVARD DU PRESIDENT WILSON";"49,2376900";"4,0242200"
"201900035444";"18";"1";"2019";"22:00";"5";"51";"51454";"2";"2";"1";"3";"BOULEVARD DU PRESIDENT WILSON";"49,2362556";"4,0263056"
"201900035445";"17";"1";"2019";"16:20";"1";"51";"51454";"2";"3";"3";"2";"RUE GABRIEL VOISIN";"49,2295900";"4,0640000"
"201900035446";"17";"1";"2019";"14:58";"1";"51";"51454";"2";"1";"2";"4";"AVENUE GEORGES CLEMENCEAU";"49,2516100";"4,0459600"
"201900035447";"17";"1";"2019";"11:00";"1";"51";"51454";"2";"3";"3";"7";"RUE MARYSE BASTIE";"49,2674900";"4,0457800"
"201900035448";"16";"1";"2019";"16:15";"1";"51";"51454";"2";"2";"1";"7";"ALLEE JEAN-SEBASTIEN BACH";"49,2392200";"4,0201400"
"201900035449";"15";"1";"2019";"17:45";"2";"49";"49099";"2";"1";"1";"6";"LORRAINE (RUE DE)";"47,0609100";" -0,8709700"
"201900035450";"18";"1";"2019";"08:01";"2";"49";"49007";"2";"2";"1";"6";"VALLON";"47,4636200";" -0,6021200"
"201900035451";"18";"1";"2019";"05:27";"5";"49";"49246";"2";"1";"9";"6";"JARRY";"47,4368400";" -0,5045500"
"201900035452";"17";"1";"2019";"13:44";"1";"49";"49007";"2";"1";"1";"6";"RABELAIS";"47,4611200";" -0,5466200"
"201900035453";"18";"1";"2019";"00:06";"5";"49";"49007";"2";"1";"1";"7";"MAJOR ALLARD";"47,4763700";" -0,5410900"
"201900035454";"16";"1";"2019";"15:42";"1";"49";"49007";"2";"2";"1";"6";"LETANDUERE";"47,4571000";" -0,5541000"
"201900035455";"16";"1";"2019";"14:44";"1";"49";"49007";"2";"1";"1";"5";"ATLANTIQUE  AVENUE DE L'";"47,4691700";" -0,6027500"
"201900035456";"16";"1";"2019";"22:07";"3";"49";"49353";"2";"1";"2";"7";"BAHONNEAU BOULEVARD";"47,4500100";" -0,4852100"
"201900035457";"16";"1";"2019";"18:10";"5";"47";"47027";"2";"1";"1";"6";"BORDEAUX (avenue de)";"44,4036312";"0,6817692"
"201900035458";"19";"1";"2019";"12:50";"1";"45";"45234";"2";"6";"8";"3";"AV DIDEROT-AV RECHERCHE SCIENTIFIQUE";"47,8339240";"1,9399350"
"201900035459";"18";"1";"2019";"07:30";"3";"45";"45234";"2";"6";"1";"3";"ROND POINT BOTANIC";"47,9242560";"1,9412410"
"201900035460";"18";"1";"2019";"17:10";"2";"45";"45208";"2";"1";"1";"6";"BOULEVARD DU CHINCHON";"47,9955300";"2,7295800"
"201900035461";"11";"1";"2019";"22:56";"5";"45";"45208";"2";"3";"2";"6";"R DU G LECLERC-R DUCERCEAU";"47,9984352";"2,7320175"
"201900035462";"17";"1";"2019";"15:45";"1";"44";"44114";"1";"1";"1";"3";"RD 965";"47,2528900";" -1,6247700"
"201900035463";"17";"1";"2019";"15:30";"1";"44";"44109";"1";"1";"1";"3";"route de vannes";"47,2528900";" -1,6247700"
"201900035464";"18";"1";"2019";"16:56";"1";"44";"44055";"2";"2";"2";"3";"AV LATTRE DE TASSIGNY/SARCELLE";"47,2800300";" -2,4201200"
"201900035465";"18";"1";"2019";"14:20";"1";"42";"42095";"1";"1";"1";"2";"RD 500";"45,3680500";"4,3061500"
"201900035466";"20";"1";"2019";"13:35";"1";"37";"37261";"2";"1";"1";"6";"ALOUETTE (AVENUE)";"47,3629151";"0,6969483"
"201900035467";"20";"1";"2019";"06:40";"5";"37";"37261";"2";"1";"1";"6";"PAILHOU (PLACE GASTON)";"47,3911059";"0,6810571"
"201900035468";"19";"1";"2019";"02:15";"3";"37";"37214";"2";"1";"1";"6";"RD 37";"47,4268098";"0,6372929"
"201900035469";"18";"1";"2019";"17:05";"1";"37";"37261";"2";"3";"1";"3";"PETIT PRINCE (MAIL DU)";"47,3815856";"0,7039305"
"201900035470";"17";"1";"2019";"13:50";"1";"37";"37261";"2";"1";"1";"2";"SAINT SAUVEUR (PONT)";"47,3725425";"0,6781797"
"201900035471";"18";"1";"2019";"14:03";"1";"37";"37261";"2";"1";"7";"6";"PAILHOU (PLACE GASTON)";"47,3925167";"0,6806960"
"201900035472";"17";"1";"2019";"16:05";"1";"37";"37261";"2";"4";"1";"6";"SANITAS (RUE DU)";"47,3778448";"0,6961258"
"201900035473";"17";"1";"2019";"10:30";"1";"37";"37233";"2";"1";"1";"2";"LOIRE (LEVEE DE LA)";"47,3967700";"0,7095300"
"201900035474";"16";"1";"2019";"16:19";"5";"36";"36159";"1";"6";"9";"6";"RD PT FREESBEE";"46,7958467";"1,7320869"
"201900035475";"20";"1";"2019";"20:55";"3";"35";"35051";"1";"1";"1";"6";"PORTE DE LA RIGOURDIERE";"48,1169570";" -1,5729030"
"201900035476";"19";"1";"2019";"00:45";"3";"35";"35051";"1";"1";"2";"7";"SAINT-SULPICE LA FORET (ROUTE)";"48,1541000";" -1,6244000"
"201900035477";"18";"1";"2019";"23:30";"5";"35";"35238";"2";"3";"2";"3";"COMBES (BD EMILE)";"48,0939400";" -1,6666060"
"201900035478";"18";"1";"2019";"18:44";"3";"35";"35238";"1";"1";"2";"4";"RN136";"48,1121280";" -1,7185760"
"201900035479";"18";"1";"2019";"16:45";"1";"35";"35238";"1";"1";"1";"4";"RN 136";"48,0818000";" -1,6971100"
"201900035480";"18";"1";"2019";"13:00";"1";"35";"35238";"2";"1";"1";"6";"HENRY (RECTEUR PAUL)";"48,1235320";" -1,7002240"
"201900035481";"18";"1";"2019";"12:30";"1";"35";"35278";"2";"3";"1";"3";"BOUTIERE (BOULEVARD DE LA)";"48,1433630";" -1,6874110"
"201900035482";"17";"1";"2019";"23:50";"5";"35";"35238";"2";"2";"1";"6";"BERNARD (CLAUDE)";"48,1035000";" -1,6940000"
"201900035483";"17";"1";"2019";"18:00";"5";"35";"35238";"2";"1";"8";"3";"LORIENT (DE)";"48,1070940";" -1,7209330"
"201900035484";"17";"1";"2019";"13:30";"1";"35";"35238";"2";"1";"1";"2";"VERN (DE)";"48,0860000";" -1,6439400"
"201900035485";"17";"1";"2019";"06:00";"5";"35";"35238";"2";"2";"1";"3";"FOUGERES (RUE DE)";"48,1218000";" -1,6627600"
"201900035486";"16";"1";"2019";"08:30";"2";"35";"35238";"2";"5";"1";"3";"SAINT-MARTIN (CANAL)";"48,1206450";" -1,6818220"
"201900035487";"16";"1";"2019";"08:36";"2";"35";"35206";"1";"1";"1";"2";"RN136";"48,0794427";" -1,6880543"
"201900035488";"15";"1";"2019";"20:45";"5";"35";"35238";"2";"1";"1";"3";"PATTON (AVENUE DU GENERAL SIR GEORGES)";"48,1253730";" -1,6665020"
"201900035489";"17";"1";"2019";"07:30";"1";"35";"35115";"2";"1";"4";"2";"COINTAT (BD MICHEL)";"48,3455300";" -1,1897600"
"201900035490";"14";"1";"2019";"19:25";"5";"35";"35115";"2";"1";"1";"6";"BOURDON (RUE LOUIS)";"48,3592410";" -1,1896230"
"201900035491";"13";"1";"2019";"06:20";"3";"34";"34108";"1";"1";"6";"7";"RD 612";"43,4702590";"3,7673900"
"201900035492";"1";"9";"2019";"00:45";"3";"29";"29260";"2";"6";"1";"7";"rue des jardins 29290";"48,4323220";" -4,6192690"
"201900035493";"1";"9";"2019";"07:20";"2";"38";"38393";"1";"9";"1";"7";"D1085";"45,4126330";"5,3367940"
"201900035494";"2";"9";"2019";"09:55";"1";"3";"03196";"1";"1";"1";"6";"route de Marcigny";"46,3433574";"3,8891283"
"201900035495";"2";"9";"2019";"18:35";"1";"3";"03093";"1";"1";"1";"6";"100 rue de Bourzat";"46,1937148";"3,4499139"
"201900035496";"2";"9";"2019";"10:30";"1";"1";"01118";"1";"3";"1";"1";"D 991";"45,9740440";"5,8082190"
"201900035497";"25";"8";"2019";"02:55";"3";"1";"01426";"1";"1";"1";"6";"d52";"46,2614270";"5,3592390"
"201900035498";"3";"9";"2019";"17:30";"1";"26";"26086";"1";"3";"7";"3";"route de die";"44,6938920";"5,4831620"
"201900035499";"3";"9";"2019";"12:15";"1";"26";"26289";"1";"1";"1";"1";"D 93";"44,6898400";"5,2116040"
"201900035500";"2";"9";"2019";"12:40";"1";"72";"72180";"2";"1";"1";"3";"Rue de la Gare";"48,3493840";"0,3688520"
"201900035501";"2";"9";"2019";"10:30";"1";"18";"18242";"1";"2";"1";"3";"Sancoins";"46,8329260";"2,9484200"
"201900035502";"2";"9";"2019";"11:55";"1";"43";"43234";"2";"6";"1";"1";"avenue du gévaudan";"44,9564150";"3,5411040"
"201900035503";"3";"9";"2019";"15:06";"1";"10";"10345";"1";"1";"1";"3";"RD396, PK016+100";"48,4071900";"4,5236100"
"201900035504";"1";"9";"2019";"17:55";"1";"40";"40168";"1";"3";"1";"2";"RD16, PK 7+040";"43,7786290";" -1,2172260"
"201900035505";"3";"9";"2019";"07:50";"1";"40";"40053";"1";"1";"1";"2";"D 24";"44,1334310";" -0,2565060"
"201900035506";"31";"8";"2019";"15:55";"1";"85";"85164";"2";"1";"1";"6";"Rue de la Braie";"46,8416500";" -2,1312150"
"201900035507";"1";"9";"2019";"16:07";"1";"17";"17008";"1";"1";"1";"1";"RD 137";"46,2479100";" -1,0144680"
"201900035508";"3";"9";"2019";"07:30";"1";"52";"52242";"1";"1";"1";"6";"RN19 - MONTLANDON";"47,8405460";"5,4661250"
"201900035509";"1";"9";"2019";"16:00";"1";"88";"88372";"2";"3";"8";"1";"rue jules ferry";"48,4073610";"6,8428580"
"201900035510";"2";"9";"2019";"18:40";"1";"3";"03031";"1";"1";"1";"2";"N/A";"46,3811407";"2,7295881"
"201900035511";"3";"9";"2019";"01:00";"3";"78";"78455";"1";"4";"1";"6";"Route Départementale 307";"48,8442540";"2,0562010"
"201900035512";"29";"8";"2019";"22:15";"2";"6";"06152";"2";"1";"1";"7";"900 Route de Cannes";"43,6333980";"7,0002970"
"201900035513";"3";"9";"2019";"07:50";"1";"74";"74256";"1";"1";"1";"6";"Avenue André Lasquin";"45,9605300";"6,6324440"
"201900035514";"2";"9";"2019";"20:15";"5";"974";"97415";"2";"6";"1";"6";"route des tamarins";" -21,0073840";"55,2787230"
"201900035515";"2";"9";"2019";"14:15";"1";"971";"97116";"2";"4";"1";"3";"Vieux Bourg";"16,3145980";" -61,4843670"
"201900035516";"3";"9";"2019";"01:45";"3";"2B";"2B335";"1";"1";"1";"7";"RT10";"42,3355060";"9,4930950"
"201900035517";"2";"9";"2019";"10:15";"1";"2B";"2B314";"1";"1";"1";"7";"RD 81, désert des agriates";"42,6497670";"9,2667330"
"201900035518";"2";"9";"2019";"09:02";"1";"34";"34052";"2";"1";"7";"6";"cd37";"43,3269040";"3,0509020"
"201900035519";"3";"9";"2019";"16:27";"1";"68";"68146";"1";"1";"1";"7";"Route Départmentale 3";"48,1556520";"7,3862020"
"201900035520";"2";"9";"2019";"13:00";"1";"67";"67397";"1";"1";"7";"3";"RD 20 - PK 23-400";"48,3103400";"7,6996340"
"201900035521";"1";"9";"2019";"18:10";"1";"74";"74143";"1";"1";"1";"6";"Route de Vaudagne";"45,9055347";"6,7624150"
"201900035522";"19";"8";"2019";"02:15";"3";"73";"73316";"1";"1";"1";"7";"D925";"45,4887639";"6,1495380"
"201900035523";"30";"8";"2019";"12:15";"1";"7";"07324";"2";"1";"1";"6";"Rue pasteur";"45,0645260";"4,8372510"
"201900035524";"3";"9";"2019";"14:30";"1";"1";"01187";"2";"9";"1";"7";"Jalinard";"46,0484710";"5,6628230"
"201900035525";"30";"8";"2019";"23:00";"5";"31";"31433";"2";"1";"1";"6";"Chemin des Sables";"43,5272480";"1,4136240"
"201900035526";"2";"9";"2019";"08:29";"1";"76";"76658";"1";"1";"1";"1";"RD80";"49,5083330";"0,3486880"
"201900035527";"25";"7";"2019";"15:40";"1";"59";"59011";"2";"1";"7";"1";"37 Rue Roger Salengro";"50,5294485";"2,9368070"
"201900035528";"2";"9";"2019";"12:00";"1";"78";"78498";"1";"1";"1";"2";"A13";"48,9141740";"2,0055250"
"201900035529";"2";"9";"2019";"10:00";"1";"78";"78238";"1";"1";"1";"3";"A13";"48,9706280";"1,8794380"
"201900035530";"1";"9";"2019";"21:30";"3";"78";"78043";"1";"1";"1";"6";"A13W";"48,8451290";"2,0867630"
"201900035531";"1";"9";"2019";"07:55";"1";"78";"78238";"1";"1";"1";"6";"A13W";"48,9685670";"1,8605850"
"201900035532";"1";"9";"2019";"16:05";"1";"93";"93078";"1";"1";"1";"2";"AUTOROUTE A104";"48,9617700";"2,5450500"
"201900035533";"2";"9";"2019";"11:40";"1";"77";"77363";"1";"1";"1";"6";"A104";"48,9156000";"2,6339000"
"201900035534";"1";"9";"2019";"02:40";"3";"94";"94028";"1";"1";"1";"2";"A86 INT";"48,7882800";"2,4400000"
"201900035535";"31";"8";"2019";"09:30";"1";"974";"97416";"2";"1";"1";"6";"HUBERT DE LISLE(BOULEVARD)";" -21,3435500";"55,4754400"
"201900035536";"1";"9";"2019";"05:20";"2";"974";"97409";"1";"1";"1";"6";"RN2 SENS ST BENOIT ST DENIS";" -20,9450000";"55,6512900"
"201900035537";"1";"9";"2019";"20:55";"5";"69";"69383";"2";"1";"1";"3";"VICTOR AUGAGNEUR                    (QU)";"45,7572200";"4,8407100"
"201900035538";"1";"9";"2019";"19:30";"2";"69";"69388";"2";"2";"8";"6";"PIERRE DELORE                       (R )";"45,7355900";"4,8566100"
"201900035539";"1";"9";"2019";"15:30";"1";"69";"69259";"2";"2";"1";"3";"YVES FARGE (RN 7)                   (BD)";"45,6886700";"4,8617100"
"201900035540";"31";"8";"2019";"09:15";"1";"972";"97213";"2";"1";"1";"7";"PAIX (RUE DE LA)";" -61,0221000";"14,6140000"
"201900035541";"31";"8";"2019";"13:20";"1";"972";"97213";"2";"1";"1";"2";"ROUTE DEPARTEMENTALE 15";"14,3860000";"61,0310000"
"201900035542";"14";"8";"2019";"20:00";"1";"69";"69385";"1";"1";"1";"1";"MENIVAL (DE)                        (AV)";"45,7568000";"4,7860700"
"201900035543";"31";"8";"2019";"13:40";"1";"95";"95585";"2";"2";"1";"3";"MOULIN A VENT (RUE DU)";"48,9875500";"2,3702200"
"201900035544";"1";"9";"2019";"15:43";"1";"95";"95018";"2";"2";"1";"6";"PERI (AVENUE GABRIEL)";"48,9455000";"2,2496000"
"201900035545";"31";"8";"2019";"18:10";"1";"76";"76707";"2";"1";"1";"3";"COTEAUX (ROUTE DES)";"49,8576600";"1,0799000"
"201900035546";"1";"9";"2019";"18:20";"1";"64";"64445";"2";"1";"1";"2";"BUROS DE";"43,3161800";" -0,3475800"
"201900035547";"1";"9";"2019";"12:05";"1";"54";"54395";"2";"3";"1";"7";"VOSGES (PLACE DES)";"48,6849960";"6,1870480"
"201900035548";"1";"9";"2019";"21:25";"2";"51";"51454";"2";"2";"1";"3";"RUE DE VENISE";"49,2475600";"4,0337500"
"201900035549";"1";"9";"2019";"06:40";"1";"51";"51454";"2";"5";"1";"3";"RUE CLOVIS CHEZEL";"49,2390584";"4,0311061"
"201900035550";"1";"9";"2019";"01:10";"3";"50";"50532";"1";"1";"1";"7";"GRACE DE DIEU (RUE)";"48,8068900";" -1,5697200"
"201900035551";"31";"8";"2019";"17:45";"1";"50";"50532";"2";"1";"1";"1";"TOMBELAINE (RUE)";"48,7924600";" -1,5647500"
"201900035552";"1";"9";"2019";"17:30";"1";"44";"44109";"2";"2";"1";"5";"RUES DES PLANTES/JALOTTERIE";"47,2310967";" -1,5889166"
"201900035553";"1";"9";"2019";"19:00";"1";"35";"35238";"1";"1";"1";"4";"RN 12";"48,1258036";" -1,7202508"
"201900035554";"1";"9";"2019";"17:45";"1";"35";"35238";"2";"1";"1";"2";"GROS MALHON (AVENUE)";"48,1218000";" -1,6819600"
"201900035555";"1";"9";"2019";"02:55";"5";"35";"35238";"2";"2";"1";"3";"MITTERAND (MAIL FRANCOIS)";"48,1086000";" -1,6930000"
"201900035556";"1";"9";"2019";"21:50";"3";"30";"30189";"2";"1";"1";"2";"BEAUCAIRE (ROUTE)";"43,8351630";"4,4068140"
"201900035557";"1";"9";"2019";"14:20";"1";"30";"30189";"2";"2";"1";"3";"LIBERTE (AVENUE)";"43,8231400";"4,3556500"
"201900035558";"1";"9";"2019";"08:22";"1";"29";"29051";"1";"1";"1";"7";"PEN CARN ROND POINT";"48,0119900";" -4,0141000"
"201900035559";"31";"8";"2019";"20:45";"2";"19";"19275";"2";"1";"1";"3";"TALVE BOUGEAU (IMPASSE DE LA)";"45,5472890";"2,3350870"
"201900035560";"1";"9";"2019";"17:49";"1";"17";"17300";"2";"1";"1";"7";"PRUNIER   QUAI LOUIS";"46,1521900";" -1,1501400"
"201900035561";"1";"9";"2019";"15:30";"1";"13";"13201";"2";"3";"1";"3";"VOLTAIRE    PAIRS (BOULEVARD)";"43,3029920";"5,3851086"
"201900035562";"1";"9";"2019";"14:30";"1";"13";"13214";"2";"1";"1";"2";"SAINTE MARTHE (chemin)";"43,3231000";"5,3893100"
"201900035563";"31";"8";"2019";"22:00";"5";"13";"13208";"2";"3";"1";"3";"PERIER (BOULEVARD)";"43,2789600";"5,3820700"
"201900035564";"31";"8";"2019";"11:55";"1";"13";"13208";"2";"1";"1";"6";"MICHELET (BOULEVARD)";"43,2710800";"5,3922400"
"201900035565";"31";"8";"2019";"00:00";"5";"13";"13004";"2";"2";"1";"1";"AV STALINGRAD";"43,6834820";"4,6328950"
"201900035566";"1";"9";"2019";"16:00";"1";"12";"12202";"1";"1";"1";"1";"RN88";"44,3593600";"2,5653000"
"201900035567";"1";"9";"2019";"06:20";"2";"6";"06155";"2";"1";"1";"1";"LIBERTE AV.DE LA";"43,5695810";"7,0765250"
"201900035568";"1";"9";"2019";"13:10";"1";"4";"04070";"1";"1";"1";"6";"RN 85";"44,0726505";"6,2096119"
"201900035569";"1";"9";"2019";"13:00";"1";"75";"75118";"2";"1";"1";"3";"RUE DE LA CHAPELLE";"48,8941444";"2,3594910"
"201900035570";"1";"9";"2019";"18:25";"1";"75";"75113";"2";"4";"1";"3";"AVENUE DE LA PORTE D IVRY";"48,8197149";"2,3729235"
"201900035571";"30";"8";"2019";"15:01";"1";"75";"75102";"2";"3";"1";"4";"BOULEVARD POISSONNIERE";"48,8709976";"2,3459713"
"201900035572";"1";"9";"2019";"18:35";"1";"94";"94059";"2";"1";"1";"6";"JEAN CHARCOT (AV)";"48,8120000";"2,5740000"
"201900035573";"1";"9";"2019";"08:50";"1";"93";"93059";"2";"1";"1";"2";"EMILE ZOLA (AVENUE)";"48,9518300";"2,3680600"
"201900035574";"1";"9";"2019";"16:54";"1";"93";"93033";"2";"1";"1";"1";"ARISTIDE BRIAND";"48,8552700";"2,5755800"
"201900035575";"1";"9";"2019";"01:30";"5";"93";"93050";"2";"2";"1";"7";"VERDUN (AVENUE) COTE IMPAIR";"48,8618400";"2,5363300"
"201900035576";"1";"9";"2019";"12:25";"1";"93";"93031";"2";"1";"1";"6";"JOFFRE (AVENUE)";"48,9625000";"2,2927300"
"201900035577";"1";"9";"2019";"00:38";"5";"93";"93031";"2";"5";"1";"1";"SAINT LEU (ROUTE DE) 1 à 157";"48,9525900";"2,3372600"
"201900035578";"1";"9";"2019";"19:20";"1";"92";"92049";"2";"3";"1";"6";"GINOUX AVENUE HENRI AUTRES N°";"48,8180500";"2,3221900"
"201900035579";"1";"9";"2019";"19:15";"1";"26";"26139";"2";"6";"1";"3";"Départementale 112";"45,0873070";"5,0859320"
"201900035580";"31";"8";"2019";"13:30";"1";"60";"60069";"2";"1";"7";"1";"Rue Beauxis Lagrave";"49,1554780";"2,9585650"
"201900035581";"1";"9";"2019";"19:00";"1";"62";"62094";"1";"1";"1";"3";"route départementale 901";"50,4628771";"1,7750913"
"201900035582";"31";"8";"2019";"14:30";"1";"74";"74278";"2";"1";"1";"7";"Avenue des Îles";"46,0775630";"6,5251010"
"201900035583";"31";"8";"2019";"14:15";"1";"79";"79013";"1";"1";"1";"7";"Le Moellon (La Chapelle-Gaudin)";"46,9383190";" -0,4104200"
"201900035584";"25";"8";"2019";"04:45";"3";"63";"63195";"1";"1";"1";"6";"Champ Barot";"45,8060043";"3,3624923"
"201900035585";"29";"8";"2019";"17:50";"1";"49";"49377";"1";"6";"1";"2";"rond point de l'aurore";"47,5256390";" -0,4278460"
"201900035586";"2";"9";"2019";"19:00";"1";"47";"47041";"1";"3";"1";"2";"D119";"44,2054470";"0,4156790"
"201900035587";"1";"9";"2019";"16:12";"1";"1";"01184";"1";"1";"1";"6";"D979";"46,1577640";"5,4261760"
"201900035588";"2";"9";"2019";"15:00";"1";"26";"26263";"1";"1";"1";"1";"Le Chavoul";"44,1585780";"5,4341410"
"201900035589";"1";"9";"2019";"10:30";"1";"50";"50471";"2";"1";"1";"6";"D 124, 25 route de barneville";"49,3673900";" -1,7335560"
"201900035590";"31";"8";"2019";"10:05";"1";"83";"83011";"1";"9";"1";"7";"Route de Comps";"43,6215010";"6,5391990"
"201900035591";"1";"9";"2019";"16:19";"1";"53";"53226";"2";"1";"1";"3";"7 rue des lilas";"48,2245060";" -0,9320710"
"201900035592";"30";"8";"2019";"19:00";"1";"28";"28098";"1";"1";"1";"2";"La Mesangere";"48,7528720";"1,4576560"
"201900035593";"1";"9";"2019";"21:45";"3";"23";"23114";"2";"2";"1";"3";"Les Loges";"46,1874455";"2,3423146"
"201900035594";"31";"8";"2019";"13:25";"1";"87";"87028";"1";"1";"7";"6";"D4";"46,2698970";"0,9070820"
"201900035595";"1";"9";"2019";"07:55";"1";"37";"37014";"1";"1";"1";"6";"D57";"47,2795688";"0,4254913"
"201900035596";"2";"9";"2019";"09:45";"1";"973";"97309";"2";"1";"1";"7";"Avenue Cyprien Gildon";"4,9115480";" -52,2808580"
"201900035597";"2";"9";"2019";"08:45";"1";"6";"06152";"2";"6";"1";"1";"Garbejaire";"43,6237070";"7,0454990"
"201900035598";"30";"8";"2019";"14:41";"1";"77";"77444";"1";"1";"7";"1";"nationale 4";"48,6926250";"3,4052340"
"201900035599";"30";"8";"2019";"04:00";"3";"28";"28279";"1";"1";"1";"7";"D101.7";"48,6250840";"1,5383040"
"201900035600";"1";"9";"2019";"12:00";"1";"77";"77270";"1";"2";"1";"3";"D228 X 10 B Rue de la Borde";"48,8685220";"2,9951390"
"201900035601";"1";"9";"2019";"11:55";"1";"95";"95409";"2";"1";"1";"3";"Avenue Jean Rostand";"49,0421840";"2,3387580"
"201900035602";"1";"9";"2019";"16:30";"1";"95";"95355";"1";"1";"1";"7";"RD86";"49,1540390";"1,7855020"
"201900035603";"1";"9";"2019";"02:25";"3";"78";"78246";"1";"1";"1";"7";"D983";"49,0227520";"1,7413160"
"201900035604";"29";"8";"2019";"13:20";"1";"2B";"2B316";"1";"1";"1";"7";"Campia";"42,6156680";"8,9360270"
"201900035605";"2";"9";"2019";"09:45";"1";"6";"06066";"2";"1";"1";"1";"546 Route de Gilette";"43,8402920";"7,1895290"
"201900035606";"31";"8";"2019";"09:55";"1";"71";"71090";"1";"9";"1";"5";"Route de Juliénas";"46,2286150";"4,7245849"
"201900035607";"1";"9";"2019";"16:00";"1";"68";"68298";"1";"1";"1";"6";"route départementale 48";"48,2001280";"7,1225970"
"201900035608";"2";"9";"2019";"17:30";"1";"55";"55366";"1";"1";"1";"1";"D1";"48,7995680";"5,1120460"
"201900035609";"1";"9";"2019";"15:30";"1";"54";"54366";"1";"1";"1";"7";"rd115";"48,6107690";"6,1387630"
"201900035610";"2";"9";"2019";"08:40";"1";"57";"57013";"2";"9";"1";"3";"d32";"49,1793340";"6,9983730"
"201900035611";"2";"9";"2019";"10:00";"1";"73";"73150";"1";"1";"1";"7";"route de la montagne";"45,5942997";"6,6704364"
"201900035612";"2";"9";"2019";"05:40";"3";"64";"64376";"1";"1";"1";"1";"D938";"43,2745273";" -0,3098982"
"201900035613";"2";"9";"2019";"08:30";"1";"59";"59481";"1";"1";"1";"3";"Banlieue Vers Ruesnes";"50,2521550";"3,6133090"
"201900035614";"1";"9";"2019";"18:10";"1";"59";"59012";"2";"1";"1";"3";"Rue de la Petite Lobiette";"49,9889620";"4,1413260"
"201900035615";"30";"8";"2019";"14:00";"1";"13";"13071";"1";"1";"1";"3";"A7-Sens Marseille vers Lyon";"43,4123900";"5,2821000"
"201900035616";"17";"8";"2019";"12:45";"1";"13";"13215";"1";"1";"1";"4";"A7-Sens Marseille vers Lyon";"43,3737000";"5,3611200"
"201900035617";"31";"8";"2019";"17:00";"1";"13";"13055";"1";"1";"1";"7";"A507 sens Aubagne- Marseille";"43,3301882";"5,3906983"
"201900035618";"30";"8";"2019";"12:55";"1";"13";"13026";"1";"1";"1";"3";"A55-Sens Marseille vers Martigues";"43,3962020";"5,1242550"
"201900035619";"31";"8";"2019";"17:50";"1";"69";"69081";"1";"1";"8";"3";"A6   451.640 A 451.790";"45,7736400";"4,7856600"
"201900035620";"1";"9";"2019";"06:30";"3";"69";"69199";"1";"1";"1";"2";"RD383   14.250 A 18.000";"45,7137900";"4,8433400"
"201900035621";"1";"9";"2019";"20:45";"2";"91";"91689";"1";"1";"1";"2";"AUTOROUTE A6";"48,7296000";"2,3146200"
"201900035622";"1";"9";"2019";"13:50";"1";"91";"91235";"1";"1";"1";"7";"RN 104";"48,6264100";"2,3528900"
"201900035623";"1";"9";"2019";"18:30";"1";"93";"93066";"1";"1";"1";"6";"AUTOROUTE A1";"48,9281200";"2,3580000"
"201900035624";"1";"9";"2019";"06:00";"3";"93";"93005";"1";"1";"1";"4";"AUTOROUTE A3";"48,9535300";"2,4738000"
"201900035625";"31";"8";"2019";"20:45";"1";"93";"93008";"1";"1";"1";"7";"AUTOROUTE A86";"48,9069200";"2,4558400"
"201900035626";"31";"8";"2019";"19:27";"1";"93";"93066";"1";"1";"1";"4";"AUTOROUTE A1";"48,9157100";"2,3578200"
"201900035627";"29";"8";"2019";"10:45";"1";"974";"97416";"2";"1";"1";"2";"HUBERT DE LISLE(BOULEVARD)";" -21,3435200";"55,4730700"
"201900035628";"25";"8";"2019";"03:15";"5";"973";"97302";"1";"1";"2";"6";"Voie Expresse";"4,9059558";" -52,3230314"
"201900035629";"27";"8";"2019";"16:15";"1";"91";"91027";"2";"2";"1";"2";"BRIAND (AVENUE ARISTIDE)";"48,7053600";"2,3923100"
"201900035630";"24";"5";"2019";"17:37";"1";"68";"68066";"2";"1";"1";"3";"ROME (AVENUE DE)";"48,0744700";"7,3338200"
"201900035631";"11";"8";"2019";"05:30";"2";"63";"63113";"2";"2";"1";"3";"GERGOVIA (BD)";"45,7718300";"3,0899400"
"201900035632";"25";"8";"2019";"16:26";"1";"63";"63075";"2";"2";"1";"3";"PASTEUR (AVENUE)";"45,7749200";"3,0704200"
"201900035633";"23";"8";"2019";"17:09";"1";"63";"63113";"2";"2";"1";"3";"BRIAND (BD ARISTIDE)";"45,7696600";"3,0766400"
"201900035634";"29";"8";"2019";"15:30";"1";"61";"61001";"2";"2";"1";"6";"GRANDE RUE (RUE)";"48,4310900";"0,0899300"
"201900035635";"29";"8";"2019";"16:55";"1";"45";"45075";"2";"3";"1";"2";"RTE DE BLOIS - R Gustave Eiffel";"47,8831261";"1,8194282"
"201900035636";"28";"8";"2019";"09:00";"1";"45";"45286";"2";"9";"1";"2";"R DE LA CORNAILLERE - AV G GALLOUX";"47,8707065";"1,9306587"