"Num_Acc";"jour";"mois";"an";"hrmn";"lum";"dep";"com";"agg";"int";"atm";"col";"adr";"lat";"long"
"201900035637";"25";"8";"2019";"18:00";"1";"45";"45235";"2";"1";"1";"7";"RUE DES SABLONS";"47,9464900";"1,8309600"
"201900035638";"18";"6";"2019";"17:50";"1";"31";"31555";"2";"1";"1";"2";"PONT DE BLAGNAC";"43,6247100";"1,4012600"
"201900035639";"24";"8";"2019";"12:11";"1";"10";"10387";"2";"1";"1";"3";"CUMINES (RUE)";"48,2902000";"4,0965000"
"201900035640";"26";"8";"2019";"16:20";"1";"94";"94068";"2";"2";"1";"3";"ALBERT DE MUN (R)";"48,7881100";"2,4856200"
"201900035641";"4";"7";"2019";"08:40";"1";"93";"93048";"2";"2";"1";"3";"HENRI BARBUSSE S3 (BOULEVARD)";"48,8694400";"2,4409800"
"201900035642";"26";"8";"2019";"08:00";"1";"92";"92049";"2";"1";"1";"1";"BRIAND AVENUE ARISTIDE N°1 A 129";"48,8122230";"2,3262690"
"201900035643";"24";"8";"2019";"14:15";"1";"92";"92025";"2";"1";"1";"3";"PONT DE LA PUCE (PONT)";"48,9135260";"2,2531590"
"201900035644";"3";"4";"2019";"15:15";"1";"51";"51409";"1";"9";"3";"7";"A26";"48,8581728";"4,2853046"
"201900035645";"18";"9";"2019";"11:40";"1";"988";"98818";"1";"1";"1";"4";"VE1";" -22,2518000";"166,4492200"
"201900035646";"1";"9";"2019";"05:50";"2";"988";"98818";"1";"9";"1";"6";"RUE ANDRE DE BECHADE";" -22,2456100";"166,4646900"
"201900035647";"31";"8";"2019";"04:20";"3";"988";"98818";"1";"9";"1";"7";"ROUTE EXPRESS DU MONT- DORE";" -22,2304200";"166,4881700"
"201900035648";"27";"8";"2019";"19:50";"5";"988";"98818";"2";"1";"1";"6";"RUE FREDERIC SURLEAU";" -22,2734100";"166,4458000"
"201900035649";"26";"8";"2019";"12:35";"1";"988";"98818";"2";"1";"1";"7";"DALY (RUE ARNOLD)";" -22,2782000";"166,4757000"
"201900035650";"30";"8";"2019";"02:15";"3";"974";"97416";"1";"1";"1";"6";"ANCIENNE RN 1";" -21,3248800";"55,4462600"
"201900035651";"29";"8";"2019";"18:45";"5";"974";"97416";"2";"6";"1";"3";"BANK (BOULEVARD)";" -21,3307800";"55,4749600"
"201900035652";"29";"8";"2019";"20:30";"5";"974";"97416";"1";"3";"1";"3";"ANCIENNE RN 1";" -21,3159000";"55,4415100"
"201900035653";"27";"8";"2019";"07:15";"1";"974";"97416";"2";"9";"1";"3";"HUBERT DE LISLE(BOULEVARD)";" -21,3435690";"55,4747540"
"201900035654";"26";"8";"2019";"07:50";"1";"974";"97416";"1";"1";"1";"2";"RN3 (1)";" -21,3110500";"55,4966300"
"201900035655";"31";"8";"2019";"15:00";"1";"974";"97411";"1";"1";"2";"6";"LITTORAL (ROUTE 1 DU)";" -20,8834900";"55,3940100"
"201900035656";"31";"8";"2019";"13:30";"1";"974";"97411";"2";"1";"3";"1";"BAMBOUS (ROUTE DES)";" -20,9080200";"55,4431100"
"201900035657";"31";"8";"2019";"06:00";"2";"974";"97411";"2";"9";"1";"3";"HOARAU (RUE MARCEL)";" -20,9039000";"55,4918000"
"201900035658";"30";"8";"2019";"19:00";"5";"974";"97411";"2";"1";"1";"2";"Boulevard Jean Jaurès";" -20,8883900";"55,4472900"
"201900035659";"28";"8";"2019";"18:50";"5";"974";"97411";"2";"1";"1";"2";"JAURES (BOULEVARD JEAN)";" -20,8999000";"55,4814300"
"201900035660";"27";"8";"2019";"12:10";"1";"974";"97411";"2";"2";"1";"3";"JACQUES (SAINT)";" -20,8830500";"55,4590300"
"201900035661";"25";"8";"2019";"16:00";"1";"974";"97411";"2";"1";"1";"3";"LECONTE DE LISLE (AVENUE)";" -20,8935300";"55,4852900"
"201900035662";"25";"8";"2019";"21:40";"3";"974";"97411";"1";"1";"1";"6";"LITTORAL (ROUTE 1 DU)";" -20,8827100";"55,3943500"
"201900035663";"29";"8";"2019";"08:30";"1";"974";"97409";"2";"1";"1";"4";"ILE DE FRANCE(AVENUE)";" -20,9483700";"55,6482700"
"201900035664";"2";"3";"2019";"18:15";"1";"973";"97302";"1";"1";"2";"3";"MANGO (ROUTE)";"4,9329700";" -52,3190600"
"201900035665";"1";"3";"2019";"13:00";"1";"973";"97302";"2";"1";"1";"1";"TROUBIRAN (CHEMIN DE)";"4,9256669";" -52,3036337"
"201900035666";"1";"3";"2019";"12:40";"1";"973";"97302";"2";"9";"1";"3";"MADELEINE (ROUTE DE LA)";"4,9280399";" -52,3251343"
"201900035667";"1";"2";"2019";"08:00";"1";"973";"97302";"2";"1";"1";"6";"EBOUE (ROCADE FELIX)";"4,9290875";" -52,3159075"
"201900035668";"28";"2";"2019";"12:50";"1";"973";"97302";"2";"3";"1";"3";"MONTABO (ROUTE DE) 1";"4,9363774";" -52,2965741"
"201900035669";"21";"2";"2019";"18:55";"5";"973";"97302";"2";"2";"1";"3";"UNIVERSITE CHICAGO (RUE DE)";"4,9371097";" -52,2977436"
"201900035670";"2";"3";"2019";"16:45";"1";"69";"69259";"2";"1";"1";"6";"LENINE                              (PD)";"45,6938300";"4,8681900"
"201900035671";"2";"3";"2019";"10:45";"1";"69";"69387";"2";"2";"2";"3";"GUILLOTIERE (DE LA)                 (GR)";"45,7479100";"4,8561800"
"201900035672";"28";"2";"2019";"18:50";"5";"69";"69259";"2";"1";"1";"6";"FRANCIS DE PRESSENSE                (AV)";"45,7254400";"4,8636000"
"201900035673";"1";"3";"2019";"17:35";"1";"69";"69383";"2";"3";"1";"6";"FELIX FAURE                         (AV)";"45,7551000";"4,8716200"
"201900035674";"1";"3";"2019";"07:05";"2";"69";"69387";"2";"2";"1";"6";"JEAN JAURES                         (AV)";"45,7481700";"4,8436500"
"201900035675";"28";"2";"2019";"18:15";"2";"69";"69386";"2";"1";"1";"2";"BELGES (DES)                        (BD)";"45,7737900";"4,8503500"
"201900035676";"28";"2";"2019";"17:00";"1";"69";"69383";"2";"1";"7";"6";"VICTOR AUGAGNEUR                    (QU)";"45,7605700";"4,8411100"
"201900035677";"27";"2";"2019";"17:55";"1";"69";"69388";"2";"1";"1";"6";"CLAUDE VIOLET                       (R )";"45,7329200";"4,8792400"
"201900035678";"27";"2";"2019";"08:25";"1";"69";"69386";"2";"1";"1";"3";"VITTON                              (CO)";"45,7700000";"4,8601500"
"201900035679";"27";"2";"2019";"06:45";"2";"69";"69259";"2";"1";"1";"6";"FRANCIS DE PRESSENSE                (AV)";"45,7208900";"4,8674200"
"201900035680";"26";"2";"2019";"16:25";"1";"69";"69383";"2";"1";"1";"6";"MARECHAL DE SAXE                    (AV)";"45,7592500";"4,8459500"
"201900035681";"26";"2";"2019";"10:20";"1";"69";"69259";"2";"2";"1";"6";"DOCTEUR COBLOD (DU)                 (BD)";"45,6990000";"4,8939000"
"201900035682";"25";"2";"2019";"18:06";"2";"69";"69259";"2";"1";"1";"3";"AMBROISE CROIZAT                    (BD)";"45,6987000";"4,8875400"
"201900035683";"25";"2";"2019";"16:00";"1";"69";"69386";"2";"2";"1";"3";"GARIBALDI                           (R )";"45,7692900";"4,8503900"
"201900035684";"2";"3";"2019";"04:35";"5";"972";"97213";"1";"1";"1";"7";"N8 BAC";"14,5934800";" -60,9819200"
"201900035685";"1";"3";"2019";"09:30";"1";"972";"97213";"1";"1";"2";"7";"Autoroute";"14,6079900";" -61,0048000"
"201900035686";"2";"3";"2019";"12:00";"1";"972";"97209";"2";"1";"1";"1";"BALATA (ROUTE DE)";"14,6197000";" -61,0701000"
"201900035687";"2";"3";"2019";"10:07";"1";"972";"97209";"1";"1";"1";"7";"PAUL NARDAL (AVENUE)";"14,6167000";" -61,0717000"
"201900035688";"1";"3";"2019";"00:50";"5";"972";"97209";"2";"2";"1";"3";"FRANCOIS ARAGO (RUE)";"14,6057900";" -61,0724800"
"201900035689";"25";"2";"2019";"17:05";"1";"972";"97209";"2";"1";"1";"6";"DOCTEUR MAURICE MONROSE (AVENUR)";"14,6108300";" -61,0453100"
"201900035690";"1";"3";"2019";"10:55";"1";"69";"69202";"2";"1";"1";"6";"LIMBURG (DE)                        (AV)";"45,7291100";"4,7808700"
"201900035691";"3";"3";"2019";"12:00";"1";"69";"69384";"2";"2";"1";"2";"CROIX-ROUSSE (GRANDE RUE DE LA)     (GR)";"45,7794900";"4,8323200"
"201900035692";"2";"3";"2019";"06:50";"1";"69";"69389";"2";"1";"1";"7";"BARTHELEMY BUYER                    (AV)";"45,7654000";"4,7871000"
"201900035693";"2";"3";"2019";"00:50";"5";"69";"69382";"2";"1";"1";"3";"ANTONIN PONCET                      (PL)";"45,7562400";"4,8335400"
"201900035694";"27";"2";"2019";"19:45";"5";"69";"69382";"2";"1";"1";"3";"GALLIENI                            (PT)";"45,7486900";"4,8310100"
"201900035695";"26";"2";"2019";"22:45";"5";"69";"69384";"2";"9";"1";"6";"ENTREPOTS (DES)                     (R )";"45,7756400";"4,8107000"
"201900035696";"26";"2";"2019";"17:45";"1";"69";"69382";"2";"1";"1";"6";"PAUL SCHERRER                 (AL)";"45,7448800";"4,8180000"
"201900035697";"26";"2";"2019";"13:05";"1";"69";"69034";"2";"1";"1";"7";"STRASBOURG (DE)                     (RO)";"45,7936300";"4,8712500"
"201900035698";"25";"2";"2019";"15:18";"1";"69";"69389";"2";"1";"1";"7";"ST CYR (DE)                         (R )";"45,7846000";"4,8080900"
"201900035699";"24";"2";"2019";"11:30";"1";"69";"69034";"2";"1";"1";"3";"BOUCLE (DE LA)                      (MO)";"45,7831000";"4,8342000"
"201900035700";"28";"2";"2019";"23:18";"5";"2B";"2B120";"1";"1";"1";"6";"11 - RT";"42,6535100";"9,4412500"
"201900035701";"28";"2";"2019";"13:45";"1";"971";"97107";"2";"1";"1";"6";"DUMANOIR ( ALLEE )";"16,0409800";" -61,5663600"
"201900035702";"2";"3";"2019";"09:00";"1";"2A";"2A004";"2";"1";"1";"2";"LANTIVY BD";"41,9170872";"8,7360081"
"201900035703";"2";"3";"2019";"04:25";"5";"2A";"2A004";"2";"1";"1";"2";"BONAPARTE CHARLES  BD";"41,9338432";"8,7459507"
"201900035704";"26";"2";"2019";"14:00";"1";"2A";"2A004";"1";"6";"1";"3";"SOCORDIS ROND POINT";"41,9316000";"8,8026000"
"201900035705";"4";"3";"2019";"23:45";"5";"95";"95539";"2";"1";"2";"7";"PLANCHETTE  (RUE DE LA)";"49,0017800";"2,3493400"
"201900035706";"26";"2";"2019";"15:30";"1";"95";"95585";"2";"9";"1";"3";"RN1 PROVINCE PARIS";"48,9916300";"2,3601700"
"201900035707";"14";"2";"2019";"18:30";"1";"95";"95427";"2";"1";"1";"6";"LEVRIERS (RUE DES)";"48,9731796";"2,3389889"
"201900035708";"19";"2";"2019";"19:00";"2";"95";"95197";"2";"2";"1";"3";"GARE (AVENUE DE LA)";"48,9749100";"2,3426900"
"201900035709";"3";"3";"2019";"17:45";"1";"95";"95572";"2";"3";"1";"6";"COLBERT (ALLEE)";"49,0437600";"2,1169600"
"201900035710";"1";"3";"2019";"14:15";"1";"95";"95500";"2";"1";"2";"6";"EUGENE TURPIN (QUAI)";"49,0509300";"2,1057500"
"201900035711";"25";"2";"2019";"09:40";"1";"95";"95476";"1";"9";"1";"3";"ENNERY (ROUTE D') - RD 27";"49,0725400";"2,0850500"
"201900035712";"28";"2";"2019";"10:00";"1";"95";"95018";"2";"2";"1";"5";"JAURES (AVENUE JEAN)";"48,9398400";"2,2284100"
"201900035713";"26";"2";"2019";"22:09";"5";"95";"95018";"2";"3";"1";"3";"JAURES (AVENUE JEAN)";"48,9406243";"2,2205848"
"201900035714";"25";"2";"2019";"15:15";"1";"95";"95063";"2";"1";"1";"3";"AV GABRIEL PERI";"48,9333500";"2,2099900"
"201900035715";"1";"3";"2019";"16:20";"1";"91";"91286";"2";"1";"8";"6";"CORBEIL (ROUTE DE)";"48,6528700";"2,3954100"
"201900035716";"28";"2";"2019";"13:00";"1";"91";"91223";"2";"1";"1";"6";"GENERAL LECLERC (PLACE DU)";"48,4366400";"2,1598900"
"201900035717";"27";"2";"2019";"16:50";"1";"91";"91657";"2";"3";"1";"6";"CONCORDE (AVENUE)";"48,7037300";"2,4255000"
"201900035718";"1";"3";"2019";"14:50";"1";"91";"91174";"2";"9";"2";"2";"ST SPIRE(RUE)";"48,6120300";"2,4833300"
"201900035719";"28";"2";"2019";"14:30";"1";"91";"91114";"2";"1";"8";"6";"LACHAMBAUDIE (HAMEAU DE)";"48,6980000";"2,5067000"
"201900035720";"24";"2";"2019";"07:40";"2";"91";"91215";"2";"1";"1";"1";"QUINCY (RUE DE)";"48,6824500";"2,5181800"
"201900035721";"2";"3";"2019";"18:15";"1";"91";"91347";"2";"1";"1";"1";"TOURELLE (CHEMIN DE LA)";"48,6481600";"2,2837900"
"201900035722";"27";"2";"2019";"16:55";"1";"91";"91339";"2";"1";"1";"7";"RN 20";"48,6211920";"2,2595530"
"201900035723";"25";"2";"2019";"12:55";"1";"91";"91021";"2";"1";"1";"2";"RN 20";"48,5980000";"2,2450000"
"201900035724";"25";"2";"2019";"12:40";"1";"91";"91552";"2";"1";"1";"2";"RN 20";"48,5990000";"2,2460000"
"201900035725";"24";"2";"2019";"17:04";"1";"91";"91103";"2";"6";"1";"3";"COMMUNE DE PARIS (RUE DE LA)";"48,5940000";"2,3030000"
"201900035726";"23";"2";"2019";"14:45";"1";"91";"91552";"2";"1";"1";"7";"VIEUX PAVE DE BRUYERE (CHEMIN DU)";"48,6144000";"2,2453000"
"201900035727";"28";"2";"2019";"08:00";"1";"89";"89024";"2";"3";"1";"3";"ILE AUX PLAISIRS (RUE DE L')";"47,7934500";"3,5854700"
"201900035728";"27";"2";"2019";"14:01";"1";"88";"88413";"2";"3";"1";"3";"Rue du Petit SAINT-DIE";"48,2820600";"6,9435800"
"201900035729";"27";"2";"2019";"12:00";"1";"88";"88160";"2";"1";"1";"6";"GLEY (PL. EUGENE-)";"48,1757510";"6,4509360"
"201900035730";"28";"2";"2019";"07:56";"5";"87";"87085";"2";"1";"1";"6";"FRACHON ( ave Benoit)";"45,8559900";"1,2921900"
"201900035731";"25";"2";"2019";"14:58";"1";"87";"87114";"2";"1";"1";"1";"LIBERATION (AVENUE DE LA)";"45,8248700";"1,2888300"
"201900035732";"24";"2";"2019";"00:55";"5";"87";"87085";"2";"2";"1";"3";"TOURNY (CARREFOUR)";"45,8317600";"1,2624600"
"201900035733";"23";"2";"2019";"20:55";"5";"87";"87085";"2";"1";"1";"6";"PERIN (BOULEVARD GEORGES)";"45,8142200";"1,2416600"
"201900035734";"22";"2";"2019";"18:55";"2";"87";"87113";"2";"2";"1";"6";"STADE (ALLEE DU)";"45,8666300";"1,3241900"
"201900035735";"25";"2";"2019";"09:15";"1";"86";"86194";"2";"6";"1";"2";"RECTEUR PINEAU (AVENUE)";"46,5679600";"0,3879800"
"201900035736";"23";"2";"2019";"00:40";"5";"86";"86194";"2";"1";"1";"7";"LAFAYETTE (AVENUE DE)";"46,5762309";"0,3731436"
"201900035737";"25";"2";"2019";"12:30";"1";"86";"86194";"2";"1";"1";"1";"BLAISE PASCAL (RUE)";"46,5653200";"0,3148900"
"201900035738";"25";"2";"2019";"19:15";"2";"86";"86194";"2";"1";"1";"6";"RECTEUR PINEAU (AVENUE DU)";"46,5679300";"0,3879800"
"201900035739";"27";"2";"2019";"13:45";"1";"85";"85191";"2";"1";"1";"2";"FLAUBERT PLACE ET RUE GUSTAVE";"46,6679100";" -1,4377900"
"201900035740";"28";"2";"2019";"02:30";"5";"83";"83137";"2";"1";"1";"6";"FORGENTIER (CHEMIN DE)";"43,1330900";"5,9037000"
"201900035741";"24";"2";"2019";"12:55";"1";"83";"83126";"2";"2";"1";"3";"OLIVIERS (CHEMIN DES)";"43,0853000";"5,8810200"
"201900035742";"25";"2";"2019";"12:20";"1";"83";"83050";"2";"1";"1";"6";"LAFOURCADE  Bd du colonel";"43,5329000";"6,4589200"
"201900035743";"27";"2";"2019";"09:18";"1";"82";"82121";"1";"1";"1";"2";"A20 rocade entrée 66 sens Cah/To";"43,9826970";"1,3350642"
"201900035744";"1";"3";"2019";"12:15";"1";"81";"81065";"2";"1";"1";"7";"PAUSE (CH.DE LA)";"43,5952000";"2,2467170"
"201900035745";"28";"2";"2019";"16:10";"1";"80";"80021";"2";"1";"3";"6";"213, R DE CAGNY";"49,8810500";"2,3206100"
"201900035746";"27";"2";"2019";"16:25";"1";"80";"80021";"2";"1";"1";"6";"PARKING JARDILAND";"49,9240700";"2,3070900"
"201900035747";"27";"2";"2019";"08:15";"1";"80";"80021";"2";"1";"1";"6";"R PIERRE ROLLIN";"49,8743600";"2,3175800"
"201900035748";"27";"2";"2019";"18:10";"1";"80";"80021";"2";"3";"1";"3";"280, BD DE BAPAUME";"49,8792300";"2,3062500"
"201900035749";"25";"2";"2019";"09:05";"1";"80";"80021";"2";"3";"1";"3";"29, BD BARABAN";"49,8994900";"2,3046000"
"201900035750";"1";"3";"2019";"16:00";"1";"78";"78609";"1";"6";"1";"3";"CD 28";"49,0130990";"1,9090930"
"201900035751";"26";"2";"2019";"10:27";"1";"78";"78609";"1";"1";"7";"2";"CD 28";"49,0187810";"1,9100680"
"201900035752";"24";"2";"2019";"12:07";"1";"78";"78440";"2";"1";"1";"1";"JEAN JAURES  (RUE)";"48,9886780";"1,9032110"
"201900035753";"1";"3";"2019";"15:35";"1";"77";"77462";"1";"1";"1";"2";"ROUTE NATIONALE 2";"49,0178500";"2,6604800"
"201900035754";"1";"3";"2019";"00:05";"3";"77";"77291";"1";"1";"2";"7";"D401-PARIS (RUE DE)";"49,0256000";"2,6065900"
"201900035755";"21";"2";"2019";"08:21";"1";"77";"77215";"1";"1";"1";"3";"RN4 HORS AGGLOMERATION";"48,7341300";"2,7305900"
"201900035756";"26";"2";"2019";"15:30";"1";"77";"77409";"2";"9";"1";"6";"LILAS (RUE DES)";"48,4029200";"2,9848500"
"201900035757";"26";"2";"2019";"09:00";"1";"77";"77288";"1";"1";"1";"5";"D605 ROCADE NORD MELUN";"48,5530500";"2,6549900"
"201900035758";"1";"3";"2019";"12:30";"1";"77";"77284";"1";"1";"1";"6";"D603-VICTOIRE (AV.DE LA)";"48,9570800";"2,9215600"
"201900035759";"26";"2";"2019";"03:20";"5";"77";"77284";"2";"6";"1";"7";"APPEL DU 18 JUIN 1940 (AV.DE L')";"48,9514003";"2,9105481"
"201900035760";"26";"2";"2019";"07:57";"1";"77";"77058";"2";"1";"1";"2";"EUROPE (AVENUE DE L' )";"48,8321700";"2,7197700"
"201900035761";"20";"2";"2019";"20:10";"5";"77";"77307";"1";"1";"1";"6";"D344A";"48,8552800";"2,7684700"
"201900035762";"24";"2";"2019";"12:50";"1";"76";"76575";"2";"1";"1";"6";"CROIZAT. AVENUE AMBROISE";"49,3762600";"1,1025600"
"201900035763";"27";"2";"2019";"16:20";"1";"76";"76351";"2";"2";"1";"6";"RENE COTY";"49,4971700";"0,1119400"
"201900035764";"23";"2";"2019";"00:20";"5";"76";"76351";"2";"1";"1";"6";"LUCIEN CORBEAUX (AVENUE)";"49,4781100";"0,1327900"
"201900035765";"23";"2";"2019";"15:30";"1";"76";"76351";"2";"3";"1";"6";"BERNARDIN DE SAINT PIERRE";"49,4910500";"0,1052400"
"201900035766";"23";"2";"2019";"11:20";"1";"74";"74118";"2";"1";"1";"7";"SALEVE (ROUTE DU)";"46,1751500";"6,2218700"
"201900035767";"2";"3";"2019";"11:10";"1";"72";"72181";"2";"3";"1";"3";"19 MARS 1962 (PL)";"47,9825300";"0,2066400"
"201900035768";"28";"2";"2019";"17:45";"1";"72";"72095";"2";"1";"1";"3";"PAIX (RUE DE LA)";"48,0242000";"0,2033600"
"201900035769";"26";"2";"2019";"16:50";"1";"72";"72181";"2";"1";"1";"6";"CHURCHILL WINSTON (BD) N° IMP DE 1 A 11";"47,9866600";"0,2105900"
"201900035770";"25";"2";"2019";"10:06";"1";"72";"72181";"2";"1";"1";"6";"BELLEVUE (RUE DE)";"48,0137000";"0,2045400"
"201900035771";"2";"3";"2019";"20:00";"4";"71";"71486";"2";"1";"2";"6";"HENRI DUNAND (BOULEVARD)";"46,6475950";"4,3459030"
"201900035772";"2";"3";"2019";"08:55";"1";"71";"71040";"2";"1";"2";"6";"FIOLLE (RUE DE LA)";"46,7021400";"4,4116500"
"201900035773";"3";"3";"2019";"07:40";"2";"69";"69266";"2";"2";"1";"3";"ROGER SALENGRO     (Avenue)";"45,7803500";"4,8832200"
"201900035774";"2";"3";"2019";"17:35";"1";"69";"69266";"2";"3";"8";"6";"LEON BLUM      (Rue)";"45,7604600";"4,9037000"
"201900035775";"28";"2";"2019";"21:50";"5";"69";"69266";"2";"1";"1";"6";"TOLSTOI    (Cours)";"45,7636800";"4,8708700"
"201900035776";"28";"2";"2019";"21:30";"5";"69";"69266";"2";"2";"1";"3";"LOUIS BECKER        (Rue)";"45,7652500";"4,8715700"
"201900035777";"28";"2";"2019";"16:40";"1";"69";"69266";"2";"1";"1";"6";"EMILE ZOLA     (Cours)";"45,7698100";"4,8778300"
"201900035778";"27";"2";"2019";"09:00";"1";"69";"69266";"2";"6";"1";"3";"ETIENNE GAGNAIRE   (Rue)";"45,7722500";"4,8660400"
"201900035779";"26";"2";"2019";"12:55";"1";"69";"69266";"2";"1";"1";"3";"EMILE ZOLA     (Cours)";"45,7709000";"4,8669000"
"201900035780";"22";"2";"2019";"10:59";"1";"69";"69275";"2";"1";"1";"6";"FRANKLIN ROOSEVELT                  (AV)";"45,7673100";"4,9367000"
"201900035781";"28";"2";"2019";"18:05";"2";"69";"69264";"2";"6";"1";"6";"LECLERC GENERAL  BD";"45,9960000";"4,7150900"
"201900035782";"22";"2";"2019";"13:15";"1";"69";"69264";"2";"3";"1";"6";"BERNARD CLAUDE  (rue)";"45,9938800";"4,7179500"
"201900035783";"22";"2";"2019";"13:58";"1";"68";"68066";"2";"1";"1";"3";"ST ELOI (RUE)";"48,0793320";"7,3633840"
"201900035784";"14";"2";"2019";"15:28";"1";"68";"68066";"2";"1";"1";"6";"UNTERLINDEN (RUE D')";"48,0805700";"7,3542700"
"201900035785";"6";"2";"2019";"20:24";"5";"68";"68066";"2";"2";"1";"3";"MOULINS (RUE DES)";"48,0813850";"7,3508260"
"201900035786";"27";"2";"2019";"17:15";"1";"67";"67482";"2";"1";"1";"6";"rue du bataillon de marche 24";"48,5903840";"7,7288720"
"201900035787";"27";"2";"2019";"11:20";"1";"67";"67482";"2";"1";"1";"3";"HURTIGHEIM (RUE DE)";"48,5963700";"7,7081900"
"201900035788";"26";"2";"2019";"18:10";"1";"67";"67482";"2";"1";"1";"3";"ALSACE (AVENUE D )";"48,5869070";"7,7609490"
"201900035789";"25";"2";"2019";"16:50";"1";"67";"67482";"2";"1";"1";"2";"RHIN NAPOLEON (RUE DU)";"48,5609800";"7,8007200"
"201900035790";"25";"2";"2019";"08:20";"1";"67";"67482";"2";"1";"1";"6";"SCHIRMECK (ROUTE DE)";"48,5734000";"7,7521100"
"201900035791";"23";"2";"2019";"23:50";"5";"67";"67482";"2";"1";"1";"6";"ROUGET DE L ISLE (QUAI)";"48,5895380";"7,7642620"
"201900035792";"24";"2";"2019";"18:48";"5";"67";"67180";"2";"1";"1";"3";"CHEMIN LONG";"48,8206100";"7,7830100"
"201900035793";"1";"3";"2019";"06:20";"2";"66";"66136";"2";"1";"1";"3";"AVENUE DE ROME";"42,6819000";"2,8559000"
"201900035794";"27";"2";"2019";"07:50";"1";"66";"66136";"2";"2";"1";"3";"TOSSA (DE)";"42,6644700";"2,8789420"
"201900035795";"26";"2";"2019";"13:10";"1";"66";"66136";"2";"1";"1";"6";"18 ave G. Leclerc";"42,7017900";"2,8918230"
"201900035796";"22";"2";"2019";"14:40";"1";"66";"66136";"2";"1";"1";"6";"CLEMENCEAU (BOULEVARD)";"42,7005700";"2,8912100"
"201900035797";"28";"2";"2019";"12:10";"1";"64";"64483";"2";"1";"1";"2";"AVENUE DE CHANTACO ";"43,3827848";" -1,6502805"
"201900035798";"1";"3";"2019";"13:25";"1";"64";"64445";"2";"1";"1";"2";"HAUTERIVE";"43,3231500";" -0,3489100"
"201900035799";"1";"3";"2019";"12:00";"1";"64";"64129";"2";"1";"1";"2";"RP Charles de Gaulle";"43,3047289";" -0,4015367"
"201900035800";"1";"3";"2019";"08:50";"1";"64";"64445";"2";"1";"8";"2";"RENE CASSIN";"43,3012600";" -0,3671300"
"201900035801";"28";"2";"2019";"12:20";"1";"64";"64129";"2";"1";"1";"3";"BAYONNE DE";"43,3004500";" -0,4018300"
"201900035802";"27";"2";"2019";"18:15";"2";"64";"64445";"2";"2";"1";"3";"HAUTERIVE";"43,3247700";" -0,3571100"
"201900035803";"27";"2";"2019";"14:30";"1";"64";"64445";"2";"1";"1";"4";"EDOUARD 7";"43,2974100";" -0,3584700"
"201900035804";"27";"2";"2019";"20:50";"5";"64";"64102";"2";"3";"1";"1";"AVENUE RAYMOND DE MARTRES ";"43,4855100";" -1,4827100"
"201900035805";"26";"2";"2019";"17:40";"1";"64";"64102";"2";"3";"1";"3";"SOULT (AVENUE MARECHAL)";"43,4857102";" -1,4913680"
"201900035806";"25";"2";"2019";"19:00";"1";"64";"64102";"2";"3";"1";"3";"AVENUE DU MARECHAL LECLERC";"43,4938200";" -1,4747300"
"201900035807";"25";"2";"2019";"18:15";"1";"64";"64024";"2";"3";"1";"3";"AVENUE DE L'ADOUR ";"43,5079700";" -1,4979300"
"201900035808";"27";"2";"2019";"16:25";"1";"62";"62826";"2";"9";"1";"6";"DALOZ (BOULEVARD)";"50,5209500";"1,5864700"
"201900035809";"1";"3";"2019";"11:20";"1";"62";"62757";"2";"9";"1";"6";"JOFFRE (AVE...N°14 et plusET 33et plus)";"50,7547600";"2,2415000"
"201900035810";"14";"2";"2019";"11:40";"1";"62";"62249";"2";"1";"1";"2";"PASTEUR (R )";"50,4182800";"3,0115210"
"201900035811";"16";"2";"2019";"10:20";"1";"62";"62193";"2";"7";"1";"6";"ALLIES (BOULEVARD DES)";"50,9609415";"1,8511309"
"201900035812";"26";"2";"2019";"22:55";"5";"62";"62178";"2";"3";"1";"3";"REPUBLIQUE ( DE LA )";"50,4793700";"2,5409800"
"201900035813";"26";"2";"2019";"11:00";"1";"62";"62401";"2";"2";"7";"6";"BRASSENS ( RUE GEORGES )";"50,5062783";"2,8009516"
"201900035814";"28";"2";"2019";"10:25";"1";"60";"60414";"2";"1";"1";"6";"FRANCE (AVENUE ANATOLE)";"49,2623100";"2,4358600"
"201900035815";"28";"2";"2019";"18:00";"1";"60";"60382";"2";"1";"3";"6";"BUTIN (AV. OCTAVE)";"49,4255600";"2,8181800"
"201900035816";"2";"3";"2019";"11:25";"1";"60";"60057";"2";"1";"1";"3";"SAINT JUST DES MARAIS (RUE DE)";"49,4342800";"2,0657000"
"201900035817";"27";"2";"2019";"14:12";"1";"59";"59090";"2";"1";"7";"7";"LORIDAN (RUE CESAR)";"50,7001600";"3,0824400"
"201900035818";"26";"2";"2019";"12:05";"1";"59";"59279";"2";"6";"1";"3";"LYS (RUE DE LA)";"50,7841200";"3,1117300"
"201900035819";"26";"2";"2019";"21:20";"3";"59";"59526";"1";"1";"2";"6";"CD169A GRISE CHEMISE";"50,4285390";"3,4406670"
"201900035820";"23";"2";"2019";"19:30";"5";"59";"59526";"2";"1";"1";"1";"DE LA PUCHOIE";"50,4298016";"3,4197575"
"201900035821";"24";"2";"2019";"22:40";"5";"59";"59350";"2";"2";"1";"3";"CARREL ARMAND RUE";"50,6181400";"3,0736800"
"201900035822";"17";"1";"2019";"07:50";"2";"59";"59350";"2";"1";"1";"6";"MONTEBELLO BOULEVARD N°2/74B";"50,6245000";"3,0425200"