"Num_Acc";"jour";"mois";"an";"hrmn";"lum";"dep";"com";"agg";"int";"atm";"col";"adr";"lat";"long"
"201900035823";"8";"4";"2019";"12:00";"1";"18";"18279";"2";"3";"1";"3";"HUIT MAI 1945 (RUE DU) (APRES GYMASE H.S";"47,2355800";"2,0863300"
"201900035824";"9";"4";"2019";"23:11";"5";"17";"17300";"2";"2";"1";"3";"JOFFRE   BOULEVARD (79 et 18)";"46,1579300";" -1,1423000"
"201900035825";"9";"4";"2019";"07:30";"2";"17";"17300";"2";"3";"5";"7";"CHURCHILL   BOULEVARD WINSTON";"46,1549600";" -1,1911200"
"201900035826";"8";"4";"2019";"17:35";"1";"17";"17300";"2";"1";"1";"2";"GRASSET   AVENUE EDMOND (85T-15)";"46,1635733";" -1,1698041"
"201900035827";"7";"4";"2019";"09:10";"1";"16";"16102";"2";"1";"1";"1";"Crouin";"45,6901300";" -0,3453400"
"201900035828";"8";"4";"2019";"12:05";"1";"16";"16015";"2";"1";"1";"6";"Av du Président Wilson";"45,6508520";"0,1457620"
"201900035829";"9";"4";"2019";"10:50";"1";"14";"14366";"2";"1";"1";"2";"ROGER AINI (RUE)";"49,1450400";"0,2567000"
"201900035830";"8";"4";"2019";"07:15";"1";"14";"14366";"2";"6";"1";"2";"Rond-Point des Droits Humains";"49,1441256";"0,2213484"
"201900035831";"9";"4";"2019";"14:20";"1";"14";"14566";"2";"1";"1";"3";"JUIN (BOULEVARD  DU MARECHAL )";"49,2006000";" -0,3961000"
"201900035832";"9";"4";"2019";"17:50";"1";"13";"13212";"2";"1";"1";"2";"TROIS LUCS (AVENUE DES)";"43,3117400";"5,4647400"
"201900035833";"9";"4";"2019";"14:50";"1";"13";"13209";"2";"1";"1";"7";"REDON (BOULEVARD DU)";"43,2460400";"5,4253700"
"201900035834";"9";"4";"2019";"10:00";"1";"13";"13208";"2";"1";"1";"6";"PEBRE BD";"43,2664570";"5,3844430"
"201900035835";"9";"4";"2019";"08:55";"1";"13";"13209";"2";"1";"1";"3";"CAMILLE BLANC (BOULEVARD)";"43,2527400";"5,4016700"
"201900035836";"9";"4";"2019";"08:30";"1";"13";"13216";"2";"9";"1";"2";"ESTAQUE PLAGE";"43,3615200";"5,3117800"
"201900035837";"9";"4";"2019";"09:00";"1";"13";"13211";"2";"2";"1";"3";"MIREILLE LAUZE (Bd)";"43,2833000";"5,4122000"
"201900035838";"8";"4";"2019";"17:45";"1";"13";"13203";"2";"1";"1";"6";"JULES GUESDE (PLACE)";"43,3024780";"5,3757670"
"201900035839";"8";"4";"2019";"11:40";"1";"13";"13214";"2";"1";"1";"3";"GAY LUSSAC (BOULEVARD)";"43,3332000";"5,3746000"
"201900035840";"8";"4";"2019";"08:15";"1";"13";"13209";"2";"1";"1";"3";"LA PUGETTE (BOULEVARD)";"43,2682710";"5,4003680"
"201900035841";"8";"4";"2019";"08:15";"1";"13";"13205";"2";"1";"1";"5";"BAILLE (BOULEVARD)";"43,2893200";"5,3968300"
"201900035842";"8";"4";"2019";"07:45";"1";"13";"13214";"2";"1";"1";"1";"MERIMEE";"43,3295060";"5,4018400"
"201900035843";"4";"4";"2019";"18:25";"1";"13";"13203";"2";"2";"1";"3";"BD FERDINAND DE LESSEPS";"43,3192700";"5,3673900"
"201900035844";"8";"4";"2019";"09:25";"1";"13";"13001";"2";"3";"7";"6";"PLAINE (CH DE LA)";"43,5124760";"5,4724780"
"201900035845";"8";"4";"2019";"16:25";"1";"11";"11262";"2";"3";"1";"3";"MARAUSSAN (BOULEVARD DE)";"43,1754900";"2,9946900"
"201900035846";"4";"4";"2019";"08:50";"1";"11";"11262";"2";"1";"1";"6";"LACROIX (BOULEVARD DU DOCTEUR)";"43,1800000";"3,0028000"
"201900035847";"8";"4";"2019";"15:20";"1";"10";"10343";"2";"1";"1";"4";"DIJON (BOULEVARD DE)";"48,2714590";"4,0863723"
"201900035848";"8";"4";"2019";"09:21";"1";"6";"06069";"2";"9";"1";"3";"LECLERC (BOULEVARD DU MARECHAL)";"43,6505650";"6,9212910"
"201900035849";"5";"4";"2019";"17:54";"1";"5";"05061";"2";"1";"1";"7";"EMILE DIDIER ( AV )";"44,5661900";"6,0941600"
"201900035850";"9";"4";"2019";"14:35";"1";"75";"75118";"2";"1";"1";"3";"PORTE D AUBERVILLIERS";"48,9008920";"2,3655680"
"201900035851";"9";"4";"2019";"07:00";"1";"75";"75113";"2";"1";"1";"5";"PORTE D IVRY";"48,8187970";"2,3705670"
"201900035852";"8";"4";"2019";"19:20";"2";"75";"75112";"2";"4";"1";"6";"ECHANGEUR VINCENNES";"48,8444800";"2,4141700"
"201900035853";"8";"4";"2019";"15:30";"1";"75";"75117";"2";"1";"1";"2";"ECHANGEUR MAILLOT";"48,8827000";"2,2833590"
"201900035854";"6";"4";"2019";"08:45";"1";"75";"75116";"2";"1";"1";"4";"PORTE DE SAINT CLOUD";"48,8396370";"2,2541650"
"201900035855";"7";"4";"2019";"16:15";"1";"75";"75110";"2";"3";"1";"3";"BOULEVARD DE MAGENTA";"48,8814330";"2,3514530"
"201900035856";"7";"4";"2019";"14:00";"1";"75";"75106";"2";"4";"1";"7";"RUE DANTON";"48,8525620";"2,3420770"
"201900035857";"9";"4";"2019";"16:50";"1";"75";"75116";"2";"1";"1";"6";"AVENUE KLEBER";"48,8646300";"2,2884020"
"201900035858";"9";"4";"2019";"08:30";"1";"75";"75117";"2";"3";"1";"3";"RUE BERZELIUS";"48,8945030";"2,3198180"
"201900035859";"8";"4";"2019";"16:45";"1";"75";"75117";"2";"2";"1";"3";"AVENUE DE SAINT OUEN";"48,8957670";"2,3283710"
"201900035860";"8";"4";"2019";"01:20";"5";"75";"75117";"2";"2";"1";"3";"BOULEVARD DES BATIGNOLLES";"48,8832310";"2,3253210"
"201900035861";"7";"4";"2019";"08:45";"1";"75";"75117";"2";"1";"1";"6";"RUE DE TOCQUEVILLE";"48,8888700";"2,3057220"
"201900035862";"9";"4";"2019";"13:35";"1";"75";"75116";"2";"1";"1";"6";"AVENUE DE VERSAILLES";"48,8419870";"2,2674640"
"201900035863";"8";"4";"2019";"12:15";"1";"75";"75116";"2";"3";"1";"6";"AVENUE DE VERSAILLES";"48,8426130";"2,2686780"
"201900035864";"8";"4";"2019";"09:10";"1";"75";"75116";"2";"2";"1";"3";"AVENUE HENRI MARTIN";"48,8642290";"2,2749640"
"201900035865";"8";"4";"2019";"17:34";"1";"75";"75115";"2";"5";"1";"6";"BOULEVARD DE VAUGIRARD";"48,8405140";"2,3152960"
"201900035866";"8";"4";"2019";"14:30";"1";"75";"75114";"2";"3";"1";"6";"AVENUE DU GENERAL LECLERC";"48,8287750";"2,3276970"
"201900035867";"8";"4";"2019";"13:09";"1";"75";"75113";"2";"1";"1";"6";"RUE DU CHEVALERET";"48,8311640";"2,3741350"
"201900035868";"7";"4";"2019";"23:25";"5";"75";"75112";"2";"2";"1";"3";"RUE DE REUILLY";"48,8473420";"2,3867830"
"201900035869";"7";"4";"2019";"14:20";"1";"75";"75112";"2";"1";"8";"3";"AVENUE DE NOGENT";"48,8443420";"2,4416480"
"201900035870";"9";"4";"2019";"12:40";"1";"75";"75111";"2";"3";"1";"2";"RUE DU FAUBOURG SAINT ANTOINE";"48,8510350";"2,3772300"
"201900035871";"8";"4";"2019";"18:40";"1";"75";"75111";"2";"3";"1";"3";"RUE DES GONCOURT";"48,8688980";"2,3726550"
"201900035872";"8";"4";"2019";"15:15";"1";"75";"75111";"2";"1";"1";"2";"AVENUE LEDRU ROLLIN";"48,8529370";"2,3771030"
"201900035873";"9";"4";"2019";"11:50";"1";"75";"75109";"2";"3";"1";"6";"RUE DES MATHURINS";"48,8730780";"2,3277040"
"201900035874";"8";"4";"2019";"23:15";"5";"75";"75109";"2";"3";"1";"3";"RUE DE LA ROCHEFOUCAULD";"48,8786540";"2,3345190"
"201900035875";"9";"4";"2019";"18:20";"1";"75";"75108";"2";"7";"1";"3";"PLACE DE LA CONCORDE";"48,8643630";"2,3203630"
"201900035876";"8";"4";"2019";"17:45";"1";"94";"94078";"2";"9";"1";"6";"BRICQUEBEC (R DE)";"48,7404200";"2,4537100"
"201900035877";"9";"4";"2019";"10:40";"1";"94";"94074";"2";"9";"1";"6";"PAUL CEZANNE (R)";"48,7449300";"2,4680200"
"201900035878";"8";"4";"2019";"10:30";"1";"94";"94001";"2";"6";"1";"6";"GUEFFRON (impasse)";"48,7206700";"2,4163110"
"201900035879";"8";"4";"2019";"11:15";"1";"94";"94068";"2";"3";"1";"3";"CRETEIL (BD DE)";"48,7981200";"2,4828000"
"201900035880";"6";"4";"2019";"19:50";"1";"94";"94068";"2";"1";"1";"6";"PORT AU FOUARRE (AV DU)";"48,7896000";"2,4778900"
"201900035881";"8";"4";"2019";"16:30";"1";"94";"94046";"2";"1";"1";"1";"GENERAL DE GAULLE (AV DU)";"48,8070000";"2,4263700"
"201900035882";"31";"3";"2019";"14:55";"1";"94";"94041";"2";"1";"1";"6";"PIERRE SEMARD (AV)";"48,8197400";"2,3801100"
"201900035883";"8";"4";"2019";"21:00";"5";"94";"94073";"2";"9";"1";"7";"ONZE NOVEMBRE (R DU)";"48,7500000";"2,3900000"
"201900035884";"9";"4";"2019";"14:45";"1";"93";"93073";"1";"1";"2";"4";"CHAPIT RE ( RUE DU)";"49,0028530";"2,5368890"
"201900035885";"8";"4";"2019";"09:03";"1";"93";"93073";"1";"1";"1";"6";"CHAPIT RE ( RUE DU)";"49,0026300";"2,5369300"
"201900035886";"8";"4";"2019";"21:20";"5";"93";"93077";"2";"1";"1";"6";"RAINCY (AVENUE DU)";"48,8877900";"2,5099000"
"201900035887";"9";"4";"2019";"18:05";"1";"93";"93049";"2";"2";"1";"3";"GALLIENI (BOULEVARD)";"48,8525600";"2,5134600"
"201900035888";"9";"4";"2019";"17:35";"1";"93";"93048";"2";"4";"1";"3";"JEAN MOULIN (AVENUE)";"48,8598000";"2,4507000"
"201900035889";"9";"4";"2019";"08:00";"1";"93";"93027";"2";"1";"2";"6";"ROCHET (RUE WALDECK)";"48,9323600";"2,3995000"
"201900035890";"19";"3";"2019";"05:40";"3";"93";"93047";"2";"3";"1";"3";"HARDY  (BOULEVARD)";"48,9030400";"2,5623000"
"201900035891";"8";"4";"2019";"18:20";"1";"93";"93057";"2";"1";"1";"3";"JAURES (AV. JEAN) 1 A 123";"48,9062970";"2,4990700"
"201900035892";"8";"4";"2019";"08:30";"1";"93";"93057";"2";"1";"1";"3";"BRIAND ( AV. ARISTIDE) 31 A 91";"48,9081320";"2,4954810"
"201900035893";"9";"4";"2019";"16:30";"1";"93";"93007";"2";"1";"1";"6";"""EUGENE LEMOINE (AVENUE """"COTE IMPAIRS""""";"48,9273500";"2,4685900"
"201900035894";"13";"2";"2019";"09:40";"1";"93";"93001";"1";"9";"1";"2";"SAINT-DENIS (RUE DE)";"48,9220860";"2,3733030"
"201900035895";"11";"2";"2019";"16:00";"1";"93";"93001";"2";"1";"1";"6";"VICTOR HUGO (AVE)  => N° 129";"48,9110335";"2,3792605"
"201900035896";"6";"2";"2019";"09:42";"1";"93";"93001";"2";"9";"1";"6";"HEMET (RUE) (PAIR)";"48,9167226";"2,3896467"
"201900035897";"9";"4";"2019";"15:40";"1";"92";"92075";"2";"1";"1";"3";"PAUL BERT (RUE)";"48,8165300";"2,2933600"
"201900035898";"8";"4";"2019";"19:05";"1";"92";"92046";"2";"9";"1";"6";"Charles de gaulle (RD 61B)";"48,8211534";"2,2970284"
"201900035899";"8";"4";"2019";"20:05";"1";"92";"92064";"2";"1";"1";"6";"JACOULET";"48,8493000";"2,2071200"
"201900035900";"8";"4";"2019";"18:35";"1";"92";"92047";"2";"1";"1";"2";"HARAS DE JARDY";"48,8250422";"2,1512604"
"201900035901";"4";"1";"2019";"15:44";"1";"92";"92033";"2";"4";"1";"7";"MARECHAL LECLERC";"48,8431500";"2,1866100"
"201900035902";"7";"4";"2019";"15:40";"1";"92";"92063";"2";"1";"1";"4";"DOUMER (AVENUE PAUL) EST";"48,8824678";"2,1878629"
"201900035903";"6";"4";"2019";"23:15";"5";"92";"92063";"2";"3";"1";"3";"DIX-HUIT JUIN 1940 (AVENUE DU) EST";"48,8669426";"2,1997444"
"201900035904";"9";"4";"2019";"00:05";"5";"92";"92051";"2";"2";"1";"3";"ACHILLE PERETTI (AVENUE,  N° 98 A 166 ET";"48,8858000";"2,2704700"
"201900035905";"9";"4";"2019";"15:45";"1";"92";"92044";"2";"2";"1";"5";"ARISTIDE BRIAND(RUE)1A49 ET 2A52";"48,8898430";"2,2823660"
"201900035906";"1";"2";"2019";"00:00";"5";"92";"92044";"2";"3";"1";"3";"VILLIERS(RUE DE)  2A52";"48,8891152";"2,2807512"
"201900035907";"17";"1";"2019";"16:00";"1";"92";"92044";"2";"3";"1";"3";"VILLIERS(RUE DE)  54A86";"48,8906836";"2,2791144"
"201900035908";"16";"1";"2019";"19:58";"3";"92";"92044";"2";"1";"1";"6";"MARJOLIN (RUE)47A59 ET 58 A74";"48,8981607";"2,2900188"
"201900035909";"7";"4";"2019";"19:00";"1";"92";"92036";"2";"2";"1";"6";"PAUL VAILLANT COUTURIER (RUE) (48/120)";"48,9177440";"2,3009567"
"201900035910";"7";"4";"2019";"14:30";"1";"92";"92035";"2";"2";"8";"3";"Verdun 1916 ( avenue de )";"48,9058679";"2,2359734"
"201900035911";"8";"4";"2019";"13:50";"1";"92";"92026";"2";"1";"1";"3";"VERDUN (DE 62 A FIN)";"48,9003660";"2,2608780"
"201900035912";"8";"4";"2019";"19:00";"1";"92";"92063";"2";"1";"1";"2";"COLMAR (AVENUE DE)";"48,8264372";"2,2442365"
"201900035913";"9";"4";"2019";"16:10";"1";"92";"92007";"2";"1";"1";"3";"BRIAND (AVENUE ARISTIDE) N° 2 A 98";"48,8032830";"2,3245190"
"201900035914";"8";"4";"2019";"19:25";"1";"92";"92004";"2";"3";"1";"3";"PONT DE CLICHY";"48,9108856";"2,2983769"
"201900035915";"10";"4";"2019";"05:30";"3";"60";"60107";"1";"8";"2";"1";"voie ferree";"49,3614239";"2,4341246"
"201900035916";"10";"4";"2019";"11:05";"1";"68";"68112";"2";"9";"3";"6";"Rue de la Lauch";"47,9030510";"7,2304150"
"201900035917";"6";"4";"2019";"19:50";"2";"33";"33001";"1";"1";"1";"6";"La Cathelone";"45,0156400";" -0,0889400"
"201900035918";"9";"4";"2019";"19:25";"1";"41";"41203";"1";"1";"1";"7";"route de russy";"47,6447230";"1,2482820"
"201900035919";"8";"4";"2019";"16:45";"1";"31";"31065";"2";"1";"1";"6";"2561 Route de Toulouse";"43,3988600";"1,1911510"
"201900035920";"8";"4";"2019";"21:30";"3";"71";"71090";"1";"1";"1";"2";"A6 PK398.300 sens Lyn/Paris";"46,2185360";"4,7882270"
"201900035921";"10";"4";"2019";"06:20";"3";"76";"76126";"1";"1";"3";"7";"A28 Pk 67+500";"49,6774340";"1,3387800"
"201900035922";"10";"4";"2019";"08:30";"1";"978";"97801";"2";"1";"1";"1";"Quartier d'Orleans - N07";"18,0774720";" -63,0294410"
"201900035923";"9";"4";"2019";"18:50";"2";"978";"97801";"1";"1";"1";"1";"Rue Belle Plaine - Quartier  d'Orélans";"18,0625600";" -63,0410820"
"201900035924";"9";"4";"2019";"19:45";"2";"62";"62384";"1";"1";"2";"1";"D930";"50,1554250";"3,1060170"
"201900035925";"31";"3";"2019";"11:30";"1";"34";"34095";"2";"1";"1";"3";"D613";"43,5554200";"3,7913100"
"201900035926";"8";"4";"2019";"16:00";"1";"83";"83073";"2";"1";"1";"2";"Rue Victor Hugo";"43,3949030";"6,3142540"
"201900035927";"4";"4";"2019";"10:00";"1";"56";"56124";"2";"1";"2";"6";"Boulevard du Pont Neuf";"47,8092510";" -2,3786350"
"201900035928";"9";"4";"2019";"16:30";"1";"56";"56179";"1";"1";"1";"6";"Rue Charles Renaud";"47,8365420";" -3,3941620"
"201900035929";"8";"4";"2019";"11:39";"1";"56";"56206";"1";"1";"2";"7";"D767";"47,6940260";" -2,7651070"
"201900035930";"9";"4";"2019";"14:10";"1";"2A";"2A130";"2";"1";"1";"3";"CD 555 ROCADE DE PORTICCIO";"41,8917580";"8,8179670"
"201900035931";"10";"4";"2019";"15:51";"1";"80";"80332";"2";"1";"1";"7";"15 rue de la ville";"50,2454410";"1,7425350"
"201900035932";"9";"4";"2019";"18:30";"1";"41";"41002";"1";"1";"3";"7";"A85 PK 141.300";"47,3023190";"1,2191390"
"201900035933";"10";"4";"2019";"13:26";"1";"89";"89237";"2";"4";"1";"3";"Rue Camélinat";"47,5994310";"3,6808000"
"201900035934";"7";"4";"2019";"15:50";"1";"63";"63296";"1";"1";"1";"7";"chemin communal";"45,7780343";"3,3946986"
"201900035935";"7";"4";"2019";"00:20";"3";"61";"61342";"1";"1";"1";"6";"D926A";"48,7464340";"0,5879850"
"201900035936";"8";"4";"2019";"18:50";"1";"49";"49369";"1";"1";"1";"7";"CD 85 route de La breille les pins";"47,3799180";"0,0801880"
"201900035937";"7";"4";"2019";"20:30";"2";"12";"12090";"1";"1";"8";"5";"D994";"44,3700020";"2,4728740"
"201900035938";"8";"4";"2019";"15:30";"1";"12";"12264";"2";"1";"1";"6";"Avenue Tabardel";"44,3983690";"2,5985190"
"201900035939";"10";"4";"2019";"14:10";"1";"47";"47210";"2";"2";"1";"3";"Place Jean Jaurès";"44,2503640";"0,3974670"
"201900035940";"5";"4";"2019";"17:45";"1";"44";"44069";"2";"1";"1";"6";"Rue des patis";"47,3274580";" -2,4302350"
"201900035941";"9";"4";"2019";"14:10";"1";"44";"44185";"1";"1";"1";"3";"Ker Yannick";"47,6234450";" -2,0450650"
"201900035942";"9";"4";"2019";"05:15";"3";"44";"44199";"1";"3";"5";"6";"La Borderie";"47,7410600";" -1,2884510"
"201900035943";"9";"4";"2019";"18:50";"1";"44";"44213";"1";"3";"1";"1";"LES HAIES FRUITIERES (Varades)";"47,3952099";" -1,0266210"
"201900035944";"9";"4";"2019";"22:10";"3";"44";"44163";"1";"1";"5";"3";"RD 723";"47,4083350";" -1,0966720"
"201900035945";"10";"4";"2019";"17:35";"1";"38";"38450";"2";"2";"2";"3";"Carrefour du martinet";"45,2798000";"5,5389800"
"201900035946";"10";"4";"2019";"03:15";"3";"38";"38390";"1";"1";"1";"6";"D 1532";"45,2057300";"5,4786280"
"201900035947";"10";"4";"2019";"02:15";"3";"1";"01038";"1";"1";"1";"6";"route de strasbourg";"46,3236679";"5,3078911"
"201900035948";"7";"4";"2019";"15:45";"1";"6";"06079";"2";"3";"1";"3";"Avenue du général de gaulle";"43,5274230";"6,9458010"
"201900035949";"9";"4";"2019";"13:40";"1";"73";"73196";"1";"1";"1";"2";"RD 1212";"45,6981708";"6,4041702"
"201900035950";"6";"4";"2019";"22:00";"5";"43";"43137";"1";"3";"1";"3";"Le Pinet";"45,2990870";"4,1657470"
"201900035951";"10";"4";"2019";"15:20";"1";"36";"36127";"1";"1";"1";"6";"Urmont";"46,6038951";"1,9649939"
"201900035952";"4";"4";"2019";"07:55";"1";"16";"16028";"2";"2";"1";"6";"Avenue de l'Europe";"45,4785600";" -0,1521730"
"201900035953";"9";"4";"2019";"09:20";"1";"53";"53088";"1";"1";"5";"1";"La Gancherie";"47,9633340";" -1,1446560"
"201900035954";"6";"4";"2019";"18:15";"2";"85";"85147";"1";"3";"2";"3";"L'Auguinière";"46,7313200";" -0,7836600"
"201900035955";"6";"4";"2019";"14:45";"1";"17";"17053";"1";"4";"1";"3";"D124";"45,9034570";" -0,8116070"
"201900035956";"10";"4";"2019";"10:30";"1";"30";"30352";"2";"1";"1";"6";"407 Route d'Ales";"43,7930640";"4,0863900"
"201900035957";"10";"4";"2019";"17:20";"1";"48";"48028";"1";"1";"1";"1";"D135";"44,3555890";"3,6134060"
"201900035958";"8";"4";"2019";"12:55";"1";"8";"08166";"1";"1";"1";"7";"R. du Mesnil";"50,0241440";"4,7080830"
"201900035959";"7";"4";"2019";"13:50";"1";"24";"24189";"1";"1";"1";"7";"Les Magiraux";"44,8620730";"0,1999000"
"201900035960";"10";"4";"2019";"08:45";"1";"31";"31118";"1";"1";"1";"6";"Autoroute A62";"43,7923290";"1,3793240"
"201900035961";"4";"4";"2019";"08:15";"1";"42";"42209";"1";"1";"2";"2";"autoroute A89 PK 500+240";"45,8710970";"4,2926180"
"201900035962";"8";"4";"2019";"12:50";"1";"987";"98715";"2";"3";"1";"6";"route du mont Marau";" -17,5820600";" -149,5704610"
"201900035963";"10";"4";"2019";"12:00";"1";"13";"13025";"1";"1";"1";"6";"Autoroute A52 13790";"43,4826540";"5,5616760"
"201900035964";"20";"3";"2019";"05:28";"3";"53";"53185";"1";"1";"1";"1";"RN 12";"48,4743220";" -0,1733780"
"201900035965";"9";"4";"2019";"09:45";"1";"6";"06088";"1";"9";"1";"3";"A8 PK 197+500 sud";"43,7295100";"7,2571100"
"201900035966";"3";"4";"2019";"12:00";"1";"30";"30189";"1";"1";"2";"3";"A9 - PK56+200";"43,8364470";"4,3589050"
"201900035967";"9";"4";"2019";"14:00";"1";"971";"97116";"2";"1";"2";"3";"Boulevard Nelson Mandela";"16,3313920";" -61,4608470"
"201900035968";"5";"4";"2019";"16:15";"1";"977";"97701";"2";"1";"1";"7";"route de Colombier RT 210";"17,9030190";" -62,8481120"
"201900035969";"10";"4";"2019";"10:50";"1";"33";"33199";"2";"1";"1";"1";"Face au 52 Avenue du Maréchal de Lattre de Tassigny";"44,6379500";" -1,1112700"
"201900035970";"8";"4";"2019";"15:25";"1";"45";"45317";"2";"1";"1";"1";"Rue du Viaduc";"47,7626820";"1,6014060"
"201900035971";"9";"4";"2019";"06:50";"1";"77";"77230";"1";"2";"1";"3";"D7 X D103A1";"48,1985600";"2,5412100"
"201900035972";"7";"4";"2019";"16:45";"1";"91";"91047";"1";"2";"1";"2";"D191";"48,4978730";"2,3695420"
"201900035973";"9";"4";"2019";"17:35";"1";"78";"78410";"2";"1";"1";"6";"5 CHEMIN DU BOIS BEAUCERON";"49,0727530";"1,6669560"
"201900035974";"9";"4";"2019";"10:30";"1";"2B";"2B355";"1";"9";"1";"7";"D7";"42,5261170";"9,3533770"
"201900035975";"7";"4";"2019";"10:10";"1";"66";"66140";"2";"1";"1";"6";"Rue Ferdinand José";"42,6952510";"2,7694570"
"201900035976";"8";"4";"2019";"12:10";"1";"83";"83027";"1";"1";"1";"7";"Chemin de la Peguière";"43,2050600";"5,7099870"
"201900035977";"2";"4";"2019";"11:50";"1";"13";"13086";"1";"1";"1";"6";"Pont de Joux";"43,3640900";"5,6126970"
"201900035978";"9";"4";"2019";"12:50";"1";"13";"13100";"2";"1";"1";"3";"avenue Théodore Aubanel";"43,7981830";"4,8456690"
"201900035979";"5";"4";"2019";"12:47";"1";"89";"89013";"2";"1";"1";"6";"route de gréau";"47,8734880";"3,5408680"
"201900035980";"9";"4";"2019";"04:40";"3";"89";"89080";"1";"1";"1";"6";"A19 PR 0+500";"48,2695040";"3,2928380"
"201900035981";"10";"4";"2019";"06:35";"2";"67";"67348";"2";"1";"2";"6";"13 Rue du Général Gouraud";"48,4611830";"7,4889130"
"201900035982";"7";"4";"2019";"09:20";"1";"69";"69179";"2";"1";"1";"7";"Route de Mornant (saint-andeol-le-chateau)";"45,5867180";"4,6957440"
"201900035983";"5";"4";"2019";"11:56";"1";"69";"69132";"1";"1";"1";"2";"RD71 Le Haut du Séchat";"45,6879550";"4,3987270"
"201900035984";"9";"4";"2019";"09:03";"1";"69";"69072";"2";"1";"1";"6";"avenue de la porte de LYON";"45,8215660";"4,7620590"
"201900035985";"9";"4";"2019";"07:45";"1";"81";"81054";"1";"1";"2";"3";"RN 126 PK 45+450";"43,5691150";"2,1324900"
"201900035986";"9";"4";"2019";"17:10";"1";"81";"81099";"1";"2";"1";"5";"Chemin Toulze";"43,9136420";"1,8736890"
"201900035987";"9";"4";"2019";"19:40";"1";"56";"56007";"1";"1";"1";"7";"Rue de la Terre Rouge";"47,6670550";" -2,9692850"
"201900035988";"7";"4";"2019";"10:30";"1";"27";"27598";"1";"9";"1";"2";"rue de la gare";"49,2363690";"1,2260730"
"201900035989";"28";"3";"2019";"17:00";"1";"27";"27213";"2";"1";"1";"3";"14 Rue Corblin (Guitry)";"49,2149950";"1,5507770"
"201900035990";"2";"4";"2019";"06:10";"3";"27";"27696";"1";"1";"1";"7";"route départementale 77 27640";"48,9729580";"1,4879000"
"201900035991";"9";"4";"2019";"11:50";"1";"76";"76427";"2";"1";"2";"6";"Rue de mesnerettes";"49,7653650";"1,3695610"
"201900035992";"8";"4";"2019";"23:30";"5";"76";"76563";"2";"1";"1";"6";"RD 6015";"49,5262460";"0,3310894"
"201900035993";"8";"4";"2019";"18:00";"1";"60";"60612";"2";"1";"1";"6";"Rue de la Champignonnière";"49,2117910";"2,6030720"
"201900035994";"8";"4";"2019";"14:32";"1";"60";"60612";"2";"1";"1";"6";"Avenue Paul Rouge";"49,1961670";"2,5736480"
"201900035995";"9";"4";"2019";"17:15";"1";"13";"13071";"2";"1";"1";"2";"A51-Sens Aix en Provence vers Marseille";"43,4100300";"5,3637800"
"201900035996";"8";"4";"2019";"12:50";"1";"13";"13211";"1";"1";"1";"2";"A50-Sens Marseille vers Aubagne";"43,2446510";"5,5953170"
"201900035997";"7";"4";"2019";"23:05";"5";"13";"13203";"2";"1";"2";"6";"A557-Liaison A7 Marseille-A55 Marseille";"43,3199000";"5,3705300"
"201900035998";"7";"4";"2019";"17:40";"1";"83";"83137";"1";"1";"1";"2";"A50";"43,1250600";"5,9062500"
"201900035999";"6";"4";"2019";"13:10";"1";"83";"83137";"1";"1";"2";"6";"A50";"43,1250600";"5,9062500"
"201900036000";"9";"4";"2019";"14:25";"1";"69";"69029";"1";"1";"1";"4";"A43   0.550 A 3.353";"45,7289400";"4,8994400"
"201900036001";"9";"4";"2019";"18:40";"1";"59";"59646";"1";"1";"2";"3";"ROUTE NATIONALE 356";"50,6716300";"3,1161700"
"201900036002";"30";"3";"2019";"07:00";"1";"59";"59378";"1";"1";"1";"3";"AUTOROUTE A22";"50,7040700";"3,1201000"
"201900036003";"9";"4";"2019";"09:46";"1";"91";"91692";"1";"1";"1";"7";"RN 118";"48,6793000";"2,1916000"
"201900036004";"8";"4";"2019";"06:20";"3";"92";"92002";"1";"1";"1";"5";"AUTOROUTE A10";"48,7325227";"2,3110489"
"201900036005";"7";"4";"2019";"20:30";"3";"94";"94038";"1";"1";"1";"2";"AUTOROUTE A6A";"48,7736000";"2,3459000"
"201900036006";"9";"4";"2019";"10:15";"1";"78";"78140";"1";"1";"1";"5";"A13";"48,9644750";"1,9254930"
"201900036007";"9";"4";"2019";"07:30";"1";"92";"92036";"1";"1";"2";"6";"A86";"48,9343204";"2,2697062"
"201900036008";"8";"4";"2019";"23:30";"3";"78";"78206";"1";"1";"1";"6";"A13";"48,9570670";"1,9354860"
"201900036009";"8";"4";"2019";"20:25";"3";"78";"78291";"1";"1";"1";"2";"A13";"48,9662990";"1,7487240"
"201900036010";"8";"4";"2019";"08:00";"1";"78";"78640";"1";"1";"1";"5";"N118";"48,7808900";"2,2224000"
"201900036011";"10";"4";"2019";"04:40";"3";"93";"93005";"1";"1";"1";"2";"AUTOROUTE A3";"48,9664830";"2,4769110"
"201900036012";"23";"7";"2019";"09:55";"1";"75";"75113";"2";"1";"1";"6";"PORTE D IVRY";"48,8266350";"2,3889950"
"201900036013";"23";"7";"2019";"08:50";"1";"75";"75119";"2";"1";"1";"3";"BD PERIPHERIQUE EXTERIEUR";"48,8963280";"2,3945690"
"201900036014";"22";"7";"2019";"19:15";"1";"75";"75118";"2";"2";"1";"6";"BOULEVARD BARBES";"48,8865460";"2,3495450"
"201900036015";"22";"7";"2019";"12:17";"1";"75";"75119";"2";"3";"1";"6";"BOULEVARD MACDONALD";"48,8989400";"2,3825680"
"201900036016";"23";"7";"2019";"17:20";"1";"75";"75117";"2";"1";"1";"6";"RUE POUCHET";"48,8920000";"2,3188470"