"Num_Acc";"jour";"mois";"an";"hrmn";"lum";"dep";"com";"agg";"int";"atm";"col";"adr";"lat";"long"
"201900036017";"23";"7";"2019";"15:35";"1";"75";"75115";"2";"1";"1";"6";"BOULEVARD PASTEUR";"48,8398510";"2,3155930"
"201900036018";"23";"7";"2019";"13:40";"1";"75";"75115";"2";"2";"1";"6";"BOULEVARD DU MONTPARNASSE";"48,8450970";"2,3201800"
"201900036019";"22";"7";"2019";"23:00";"5";"75";"75115";"2";"2";"1";"3";"RUE DESNOUETTES";"48,8344940";"2,2840740"
"201900036020";"23";"7";"2019";"20:47";"1";"75";"75114";"2";"1";"1";"6";"RUE D ALESIA";"48,8324980";"2,3121660"
"201900036021";"23";"7";"2019";"10:05";"1";"75";"75113";"2";"3";"7";"6";"AVENUE D ITALIE";"48,8257800";"2,3573910"
"201900036022";"23";"7";"2019";"09:15";"1";"75";"75111";"2";"2";"1";"3";"AVENUE PHILIPPE AUGUSTE";"48,8506560";"2,3944870"
"201900036023";"23";"7";"2019";"15:50";"1";"75";"75110";"2";"3";"1";"6";"BOULEVARD DE MAGENTA";"48,8782520";"2,3543020"
"201900036024";"23";"7";"2019";"09:00";"1";"75";"75108";"2";"7";"1";"6";"RUE SAINT LAZARE";"48,8753550";"2,3249950"
"201900036025";"23";"7";"2019";"15:30";"1";"75";"75107";"2";"3";"1";"3";"QUAI D ORSAY";"48,8622860";"2,3054320"
"201900036026";"23";"7";"2019";"13:15";"1";"75";"75101";"2";"7";"1";"6";"PONT AU CHANGE";"48,8572300";"2,3471070"
"201900036027";"23";"7";"2019";"21:10";"1";"75";"75101";"2";"1";"1";"3";"RUE DE RIVOLI";"48,8650670";"2,3280100"
"201900036028";"22";"7";"2019";"19:45";"1";"94";"94081";"2";"7";"7";"6";"PAUL VAILLANT COUTURIER (AV)";"48,7922000";"2,3952700"
"201900036029";"23";"7";"2019";"08:35";"1";"94";"94003";"2";"1";"1";"2";"PRESIDENT SALVADOR ALLENDE (AV DU)";"48,8104500";"2,3303590"
"201900036030";"22";"7";"2019";"20:56";"1";"94";"94043";"2";"1";"1";"6";"FONTAINEBLEAU (AV DE)";"48,8097000";"2,3625600"
"201900036031";"22";"7";"2019";"23:00";"5";"94";"94019";"2";"3";"1";"3";"LIBERATION (RTE DE LA)";"48,8015800";"2,5406900"
"201900036032";"23";"7";"2019";"11:40";"1";"94";"94017";"2";"1";"1";"1";"GENERAL DE GAULLE (AV DU)";"48,8273000";"2,5134600"
"201900036033";"23";"7";"2019";"13:20";"1";"94";"94044";"2";"1";"1";"6";"EDOUARD VAILLANT (R)";"48,7483500";"2,4964600"
"201900036034";"23";"7";"2019";"08:00";"1";"94";"94004";"2";"1";"1";"6";"HENRI LEGROS (R)";"48,7495200";"2,5047300"
"201900036035";"22";"7";"2019";"22:40";"5";"94";"94044";"2";"6";"1";"6";"MOULIN (CHE DU)";"48,7396599";"2,4924065"
"201900036036";"23";"7";"2019";"19:00";"1";"93";"93064";"2";"1";"1";"6";"PERI (BOULEVARD GABRIEL)  0 - 37 / 42";"48,8774000";"2,4799900"
"201900036037";"23";"7";"2019";"08:05";"1";"93";"93048";"2";"1";"1";"7";"PAUL DOUMER (RUE)";"48,8597000";"2,4567000"
"201900036038";"22";"7";"2019";"15:20";"1";"93";"93007";"2";"2";"1";"3";"""HENRI BARBUSSE (AVENUE """"DU 81 AU 141""""";"48,9401400";"2,4624900"
"201900036039";"20";"7";"2019";"23:05";"5";"93";"93032";"2";"1";"2";"3";"JEAN JAURES (AVENUE)";"48,8829400";"2,5266200"
"201900036040";"23";"7";"2019";"18:40";"1";"93";"93010";"2";"3";"1";"3";"PASTEUR (AV.)";"48,9049000";"2,4857000"
"201900036041";"23";"7";"2019";"12:00";"1";"92";"92064";"2";"1";"1";"2";"MARECHAL JUIN";"48,8363111";"2,2220059"
"201900036042";"23";"7";"2019";"18:50";"1";"92";"92040";"2";"1";"1";"6";"JEAN JACQUES ROUSSEAU";"48,8223530";"2,2557340"
"201900036043";"23";"7";"2019";"14:40";"1";"92";"92036";"2";"1";"1";"7";"PIERRE TIMBAUD (RUE) (PAIRS)";"48,9335180";"2,2971285"
"201900036044";"22";"7";"2019";"21:20";"1";"92";"92036";"2";"2";"1";"7";"MARCEL PAUL (AVENUE)";"48,9364357";"2,3039317"
"201900036045";"23";"7";"2019";"12:40";"1";"92";"92012";"2";"1";"1";"3";"JEAN BAPTISTE CLEMENT (AVENUE) 1/47 - 2/";"48,8476400";"2,2411300"
"201900036046";"23";"7";"2019";"11:30";"1";"92";"92012";"2";"1";"1";"6";"JEAN JAURES (BOULEVARD) 217/FIN - 210/FI";"48,8317532";"2,2445691"
"201900036047";"23";"7";"2019";"17:35";"1";"22";"22197";"1";"2";"1";"3";"D795";"48,4823270";" -1,9616600"
"201900036048";"24";"7";"2019";"18:04";"1";"71";"71305";"1";"1";"1";"2";"A6 PK 368+700 sensLyon - Paris";"46,4735000";"4,8850230"
"201900036049";"19";"7";"2019";"15:00";"1";"54";"54428";"2";"1";"1";"1";"Rue du faubourg";"49,4144840";"5,7055600"
"201900036050";"22";"7";"2019";"17:30";"1";"76";"76621";"1";"1";"1";"7";"autoroute a28";"49,6685930";"1,3143414"
"201900036051";"23";"7";"2019";"21:00";"1";"85";"85215";"1";"1";"1";"7";"Rue du Général de Charette";"46,8504800";" -1,1959250"
"201900036052";"2";"7";"2019";"17:45";"1";"34";"34259";"1";"1";"1";"6";"RN109";"43,6311676";"3,7641048"
"201900036053";"23";"7";"2019";"08:44";"1";"34";"34032";"1";"1";"1";"6";"A75 - PK 329+500";"43,3793650";"3,3017490"
"201900036054";"24";"7";"2019";"06:29";"2";"37";"37050";"1";"1";"1";"6";"Autoroute A10";"47,3375090";"0,6967020"
"201900036055";"24";"7";"2019";"18:50";"1";"62";"62583";"2";"1";"1";"1";"rue de pas";"50,1734580";"2,4616700"
"201900036056";"4";"5";"2019";"10:30";"1";"51";"51612";"2";"6";"2";"3";"PLACE DE LA REPUBLIQUE";"48,9037078";"4,0042944"
"201900036057";"23";"7";"2019";"02:00";"3";"56";"56251";"1";"1";"1";"6";"La Croix Neuve";"47,6576860";" -2,6575130"
"201900036058";"23";"7";"2019";"15:50";"1";"77";"77137";"2";"2";"1";"3";"Intersection RN4 et RD204";"48,6971430";"3,2922370"
"201900036059";"19";"7";"2019";"07:10";"1";"2A";"2A006";"1";"1";"1";"1";"Castagnula";"41,9788410";"8,7199800"
"201900036060";"24";"7";"2019";"10:10";"1";"80";"80647";"1";"3";"1";"5";"RD 1017";"49,7881730";"2,8316260"
"201900036061";"23";"7";"2019";"13:30";"1";"82";"82068";"1";"1";"1";"6";"D928";"43,8646820";"0,9550620"
"201900036062";"23";"7";"2019";"14:00";"1";"32";"32107";"1";"1";"1";"7";"route de nérac";"44,0005440";"0,3558760"
"201900036063";"23";"7";"2019";"20:45";"1";"63";"63207";"1";"1";"1";"7";"les chatoux";"45,6657533";"3,7051921"
"201900036064";"24";"7";"2019";"05:30";"3";"12";"12138";"1";"1";"1";"7";"Nogaret";"44,4859480";"2,4662970"
"201900036065";"17";"7";"2019";"00:55";"3";"34";"34332";"1";"1";"1";"7";"D612";"43,3115890";"3,3972940"
"201900036066";"21";"7";"2019";"16:00";"1";"34";"34284";"1";"9";"1";"6";"col du cabaretou";"43,5115900";"2,7447900"
"201900036067";"24";"7";"2019";"12:35";"1";"29";"29228";"1";"1";"1";"3";"D784";"48,0302406";" -4,6166718"
"201900036068";"24";"7";"2019";"13:30";"1";"38";"38315";"1";"1";"1";"7";"Avenue de la folatière";"45,5336840";"5,6655070"
"201900036069";"24";"7";"2019";"11:00";"1";"3";"03136";"2";"2";"1";"7";"N/A";"46,3037293";"2,4304396"
"201900036070";"23";"7";"2019";"11:00";"1";"54";"54396";"2";"4";"1";"1";"D8";"48,4568920";"6,8470320"
"201900036071";"23";"7";"2019";"11:30";"1";"6";"06105";"1";"6";"1";"2";"RD 2085";"43,6721880";"7,0275520"
"201900036072";"23";"7";"2019";"18:00";"1";"14";"14200";"2";"1";"7";"6";"58 rue de bayeux";"49,2836330";" -0,5413680"
"201900036073";"23";"7";"2019";"22:40";"5";"60";"60578";"2";"1";"1";"6";"rue Jean Jaures";"49,3062003";"2,7688748"
"201900036074";"24";"7";"2019";"04:15";"1";"60";"60204";"1";"1";"1";"7";"route départementale 76";"49,6477585";"2,9166097"
"201900036075";"22";"7";"2019";"20:20";"2";"60";"60156";"2";"8";"1";"6";"D81";"49,4423389";"2,8622792"
"201900036076";"23";"7";"2019";"21:30";"2";"60";"60581";"1";"1";"1";"7";"route départementale 916";"49,5175297";"2,4185366"
"201900036077";"24";"7";"2019";"08:20";"1";"64";"64138";"1";"1";"1";"3";"cd938";"43,2355057";" -0,2819602"
"201900036078";"24";"7";"2019";"09:05";"1";"73";"73186";"2";"1";"1";"1";"D71 B";"45,8062090";"6,5172303"
"201900036079";"24";"7";"2019";"05:30";"3";"16";"16132";"1";"1";"1";"6";"Mons";"45,8846320";"0,8242560"
"201900036080";"23";"7";"2019";"20:53";"1";"85";"85164";"2";"1";"1";"1";"3 Rue des Tamaris";"46,8333080";" -2,1434770"
"201900036081";"23";"7";"2019";"16:10";"1";"85";"85267";"1";"1";"1";"1";"Lieu-Dit Vienne";"46,3484400";" -1,0848700"
"201900036082";"23";"7";"2019";"21:15";"1";"17";"17080";"1";"1";"1";"6";"Marlonges";"46,1226610";" -0,8509060"
"201900036083";"22";"7";"2019";"16:30";"1";"37";"37183";"2";"1";"1";"4";"Avenue de Pierruche";"47,1038098";"1,0101735"
"201900036084";"23";"7";"2019";"09:30";"1";"30";"30259";"1";"3";"1";"3";"Route de nimes";"44,0888450";"4,1098080"
"201900036085";"21";"7";"2019";"16:00";"1";"88";"88037";"1";"1";"1";"7";"relanxard";"47,9827930";"6,7229580"
"201900036086";"24";"7";"2019";"05:15";"4";"973";"97307";"2";"1";"1";"6";"RN2";"4,8457710";" -52,3347151"
"201900036087";"26";"6";"2019";"08:40";"1";"35";"35275";"1";"1";"2";"2";"Route Nationale 12";"48,1615310";" -1,8551630"
"201900036088";"24";"7";"2019";"18:00";"1";"6";"06018";"2";"3";"1";"1";"3725 Route des Dolines";"43,6216280";"7,0586630"
"201900036089";"23";"7";"2019";"23:55";"3";"69";"69112";"1";"1";"1";"2";"A89 pk 535.900 CFD > LYON";"45,8378600";"4,6818500"
"201900036090";"23";"7";"2019";"20:00";"3";"976";"97606";"1";"1";"1";"7";"CDD4";" -12,9173150";"45,1577030"
"201900036091";"23";"7";"2019";"11:55";"1";"78";"78443";"1";"1";"1";"6";"Route de Thoiry";"48,8328110";"1,8525530"
"201900036092";"24";"7";"2019";"08:00";"1";"2B";"2B350";"1";"1";"1";"4";"lieu-dit ""FUNTANONE""";"42,5228420";"9,4013590"
"201900036093";"23";"7";"2019";"11:50";"1";"30";"30258";"2";"1";"7";"1";"CD42";"43,7313106";"4,4108176"
"201900036094";"24";"7";"2019";"19:30";"1";"83";"83127";"1";"1";"1";"3";"N/A";"43,2905540";"5,8625300"
"201900036095";"24";"7";"2019";"14:30";"1";"5";"05151";"1";"1";"1";"6";"Route nationale 94 - Prelles";"44,8581640";"6,5880050"
"201900036096";"2";"6";"2019";"15:00";"1";"13";"13072";"2";"1";"1";"5";"Avenue de la Libération";"43,4461610";"5,6380120"
"201900036097";"23";"7";"2019";"10:15";"1";"71";"71360";"1";"1";"1";"2";"RN79";"46,3187640";"4,7425280"
"201900036098";"24";"7";"2019";"12:45";"1";"10";"10172";"1";"1";"1";"2";"route 677";"48,6226030";"4,1112500"
"201900036099";"24";"7";"2019";"20:00";"1";"1";"01121";"1";"1";"1";"7";"RD 12 sens JUJURIEUX- HAUTEVILLE";"46,0367040";"5,4911820"
"201900036100";"24";"7";"2019";"17:20";"1";"69";"69052";"1";"1";"1";"7";"Route de Saint-Antoine";"45,8853190";"4,7195410"
"201900036101";"22";"7";"2019";"09:30";"1";"79";"79201";"1";"5";"1";"2";"La Maison Rouge";"46,4192490";" -0,0608800"
"201900036102";"23";"7";"2019";"12:42";"1";"49";"49269";"1";"1";"1";"6";"La Choltière";"47,0233110";" -0,9753620"
"201900036103";"23";"7";"2019";"17:55";"1";"61";"61172";"1";"1";"1";"6";"La Bourichère";"48,5248190";" -0,0119730"
"201900036104";"24";"7";"2019";"10:30";"1";"35";"35228";"1";"1";"1";"3";"D 266";"48,6067590";" -2,0676660"
"201900036105";"24";"7";"2019";"15:50";"1";"27";"27301";"1";"2";"1";"3";"d6154";"48,9462450";"1,1633520"
"201900036106";"24";"7";"2019";"11:39";"1";"80";"80561";"2";"1";"1";"6";"Avenue du 8 Mai 1945";"49,6466370";"2,5815790"
"201900036107";"24";"7";"2019";"17:15";"1";"59";"59399";"1";"1";"1";"5";"RD642";"50,7333030";"2,6576040"
"201900036108";"23";"7";"2019";"16:40";"1";"13";"13211";"1";"1";"1";"2";"A50-Sens Marseille vers Aubagne";"43,2898764";"5,4472651"
"201900036109";"22";"7";"2019";"20:00";"1";"13";"13015";"1";"1";"1";"7";"A51-Sens Marseille vers Aix en Provence";"43,4553000";"5,3989100"
"201900036110";"22";"7";"2019";"14:40";"1";"69";"38411";"1";"1";"1";"6";"A432";"45,6727401";"5,0514246"
"201900036111";"1";"7";"2019";"23:20";"5";"69";"69266";"2";"1";"1";"5";"RD383   3.750 A 7.640";"45,7508800";"4,9077100"
"201900036112";"23";"7";"2019";"16:25";"1";"91";"91589";"1";"1";"1";"5";"AUTOROUTE A6";"48,6784000";"2,3352000"
"201900036113";"22";"7";"2019";"10:40";"1";"93";"93005";"1";"1";"1";"5";"AUTOROUTE A1";"48,9632500";"2,4718000"
"201900036114";"23";"7";"2019";"08:50";"1";"77";"77258";"1";"1";"1";"3";"A4.W";"48,8309900";"2,6364500"
"201900036115";"21";"7";"2019";"19:10";"1";"91";"91027";"2";"2";"1";"3";"BARBUSSE (RUE HENRI)";"48,7010900";"2,3590800"
"201900036116";"18";"7";"2019";"19:36";"1";"76";"76351";"2";"1";"1";"7";"PABLO NERUDA (RUE)";"49,5043600";"0,1539600"
"201900036117";"21";"7";"2019";"11:30";"1";"59";"59009";"2";"1";"1";"6";"FLANDRE AVENUEE DE";"50,6635400";"3,1377200"
"201900036118";"22";"7";"2019";"18:00";"1";"13";"13203";"2";"2";"1";"6";"MELCHIOR GUINOT (RUE)";"43,3102400";"5,3710200"
"201900036119";"11";"3";"2019";"19:30";"3";"86";"86001";"1";"1";"1";"2";"D729 PK22+660";"46,2331580";"0,7571790"
"201900036120";"19";"7";"2019";"15:10";"1";"93";"93013";"1";"1";"1";"2";"AUTOROUTE A1";"48,9402400";"2,4227700"
"201900036121";"22";"7";"2019";"17:35";"5";"974";"97411";"2";"2";"2";"3";"LORY LES HAUTS (RUE)";" -20,8985713";"55,4801175"
"201900036122";"22";"7";"2019";"13:05";"1";"69";"69383";"2";"2";"1";"1";"FELIX FAURE                         (AV)";"45,7539400";"4,8615600"
"201900036123";"22";"7";"2019";"15:00";"1";"972";"97209";"2";"1";"1";"2";"REDOUTE (ROUTE DE LA)";"14,6200300";" -61,0605900"
"201900036124";"21";"7";"2019";"21:55";"5";"972";"97209";"2";"1";"1";"5";"BALATA (ROUTE DE)";"14,6285000";" -61,0726800"
"201900036125";"22";"7";"2019";"06:15";"1";"69";"69389";"2";"1";"1";"7";"PIERRE AUDRY                        (R )";"45,7616500";"4,8086900"
"201900036126";"21";"7";"2019";"11:04";"1";"69";"69286";"2";"1";"1";"6";"EUROPE (DE L')                      (AV)";"45,8139000";"4,8943700"
"201900036127";"21";"7";"2019";"11:20";"1";"69";"69149";"2";"1";"1";"3";"DUBOIS CRANCE                       (R )";"45,7136900";"4,8173700"
"201900036128";"21";"7";"2019";"17:30";"1";"2A";"2A004";"2";"3";"1";"3";"ROSSINI PASCAL BD";"41,9145000";"8,7296100"
"201900036129";"22";"7";"2019";"10:40";"1";"91";"91326";"2";"1";"1";"1";"COUR DE FRANCE (AVENUE DE LA)";"48,6924110";"2,3710030"
"201900036130";"22";"7";"2019";"10:00";"1";"91";"91174";"2";"9";"1";"3";"JEAN JAURES (BOULEVARD)";"48,6130440";"2,4601270"
"201900036131";"20";"7";"2019";"13:30";"1";"91";"91103";"2";"1";"1";"3";"PRES D'AULNAY (RUE DES)";"48,6134100";"2,2780000"
"201900036132";"20";"7";"2019";"12:16";"1";"87";"87050";"2";"1";"1";"6";"37 LIMOGES (AVENUE DE)";"45,8629000";"1,2384200"
"201900036133";"19";"7";"2019";"23:52";"5";"87";"87085";"2";"2";"1";"7";"VIGENAL (BOULEVARD DU)";"45,8526800";"1,2592400"
"201900036134";"19";"7";"2019";"18:40";"1";"87";"87050";"1";"3";"1";"5";"GARE (AVENUE DE LA) RD125";"45,8913400";"1,2507300"
"201900036135";"21";"7";"2019";"06:15";"2";"85";"85194";"2";"1";"1";"6";"PROMENADE DU PRESIDENT JF KENNEDY";"46,4879200";" -1,7684900"
"201900036136";"12";"7";"2019";"20:27";"4";"83";"83126";"2";"1";"1";"3";"FABRE (QUAI SATURNIN)";"43,1027800";"5,8818200"
"201900036137";"17";"7";"2019";"13:10";"1";"79";"79191";"2";"2";"1";"3";"260 rue du Maréchal Leclerc";"46,3425400";" -0,4447700"
"201900036138";"12";"7";"2019";"17:50";"1";"79";"79191";"2";"1";"1";"3";"270 avenue de la Rochelle";"46,3079400";" -0,4846100"
"201900036139";"18";"7";"2019";"18:55";"1";"78";"78686";"2";"2";"1";"3";"GENERAL LECLERC (AVENUE DU)";"48,8010600";"2,1624700"
"201900036140";"20";"7";"2019";"12:15";"1";"77";"77394";"1";"2";"1";"3";"D471 X D82";"48,5681963";"2,6758557"
"201900036141";"22";"7";"2019";"14:30";"1";"76";"76351";"2";"1";"1";"6";"AMIRAL MOUCHEZ (BD)";"49,4865000";"0,1419800"
"201900036142";"20";"7";"2019";"01:15";"5";"76";"76351";"2";"3";"1";"6";"REPUBLIQUE (COURS DE LA)";"49,4933500";"0,1246600"
"201900036143";"17";"7";"2019";"15:40";"1";"74";"74012";"2";"1";"1";"6";"VALLEES (ROUTE DES)";"46,1933000";"6,2425700"
"201900036144";"20";"7";"2019";"00:15";"5";"71";"71306";"2";"1";"1";"1";"CHAMP DU MOULIN (RUE DU )";"46,6775410";"4,3783310"
"201900036145";"19";"7";"2019";"20:00";"1";"71";"71076";"2";"1";"7";"6";"LARDY (AVENUE PIERRE)";"46,7908400";"4,8619200"
"201900036146";"19";"7";"2019";"11:30";"1";"71";"71076";"2";"1";"1";"6";"CASSIN (RUE RENE)";"46,7739100";"4,8653600"
"201900036147";"21";"7";"2019";"18:10";"1";"68";"68297";"2";"1";"1";"3";"BVD DE L'EUROPE";"47,5881780";"7,5529550"
"201900036148";"22";"7";"2019";"13:10";"1";"68";"68066";"2";"1";"1";"6";"BRASSERIES (RUE DES)";"48,0829900";"7,3608400"
"201900036149";"20";"7";"2019";"07:45";"1";"67";"67482";"2";"1";"1";"5";"PIERRE CORNEILLE (AVENUE)";"48,5955300";"7,6947800"
"201900036150";"17";"7";"2019";"13:45";"1";"67";"67482";"2";"1";"1";"1";"VITRY-LE-FRANCOIS (AVE DE)";"48,5690420";"7,7914000"
"201900036151";"19";"7";"2019";"18:36";"1";"66";"66136";"2";"1";"1";"3";"R D 900";"42,6785000";"2,8808200"
"201900036152";"22";"7";"2019";"09:57";"1";"64";"64483";"2";"1";"1";"2";"SAINT PEE (VIEILLE ROUTE DE)";"43,3886043";" -1,6485968"
"201900036153";"22";"7";"2019";"11:15";"1";"64";"64445";"2";"1";"1";"6";"ALSACE LORRAINE D'";"43,3055604";" -0,3751907"
"201900036154";"18";"7";"2019";"17:30";"1";"62";"62224";"2";"1";"1";"4";"RD 943";"50,5384100";"2,5671600"
"201900036155";"21";"7";"2019";"12:10";"1";"61";"61466";"1";"1";"1";"5";"FUMECON (LIEU-DIT)";"48,7253750";" -0,5599320"
"201900036156";"19";"7";"2019";"17:45";"1";"59";"59361";"2";"1";"1";"6";"GAMBETTA (R. LEON)";"50,3129400";"3,3679100"
"201900036157";"3";"7";"2019";"18:15";"1";"59";"59447";"1";"1";"1";"3";"RD 50 NOUVEAU";"50,4048900";"3,6048100"
"201900036158";"19";"7";"2019";"16:45";"1";"58";"58194";"2";"1";"1";"2";"RUE ALBERT CAMUS";"46,9942400";"3,1301400"
"201900036159";"20";"7";"2019";"13:30";"1";"56";"56098";"2";"2";"1";"2";"CROIZAT ( AVE AMBROISE )";"47,7744200";" -3,3466700"
"201900036160";"20";"7";"2019";"13:10";"1";"56";"56121";"2";"1";"1";"3";"JAURES ( AVE JEAN )";"47,7451800";" -3,3740200"
"201900036161";"21";"7";"2019";"05:10";"2";"54";"54498";"2";"6";"1";"7";"RD674";"48,7213500";"6,2698800"
"201900036162";"21";"7";"2019";"11:14";"1";"52";"52104";"1";"1";"1";"6";"RD 635";"48,6776995";"5,0024953"
"201900036163";"21";"7";"2019";"12:00";"1";"51";"51454";"2";"1";"1";"1";"AVENUE DU GENERAL EISENHOWER";"49,2389700";"4,0065700"
"201900036164";"21";"7";"2019";"13:50";"1";"49";"49007";"2";"1";"1";"7";"ARBRISSEL";"47,4445800";" -0,5652700"
"201900036165";"20";"7";"2019";"19:55";"1";"49";"49007";"2";"1";"1";"2";"BEDIER BOULEVARD";"47,4525200";" -0,5405800"
"201900036166";"19";"7";"2019";"15:23";"1";"49";"49007";"2";"1";"1";"1";"MILLOT BOULEVARD JACQUES";"47,4544900";" -0,5341400"
"201900036167";"22";"7";"2019";"17:40";"1";"44";"44162";"1";"1";"1";"2";"Bd Marcel Paul";"47,2364800";" -1,6288600"
"201900036168";"21";"7";"2019";"13:20";"1";"44";"44055";"2";"2";"1";"3";"AVENUES HEURTEAU / HIRONDELLES";"47,2805142";" -2,4107963"
"201900036169";"22";"7";"2019";"16:50";"1";"35";"35238";"2";"2";"1";"3";"CHURCHILL (AVENUE SIR WINSTON)";"48,1230300";" -1,7087700"
"201900036170";"14";"7";"2019";"09:25";"1";"35";"35150";"2";"1";"1";"7";"MONET (BD JEAN DE LA)";"48,3689725";" -1,1998354"
"201900036171";"21";"7";"2019";"22:30";"5";"34";"34172";"2";"9";"1";"3";"GRASSET (AVENUE DU PROFESSEUR)";"43,6230400";"3,8678600"
"201900036172";"15";"7";"2019";"17:15";"1";"33";"33039";"2";"1";"1";"3";"Av Danielle MITTERRAND";"44,7860500";" -0,5638500"
"201900036173";"20";"7";"2019";"02:45";"3";"33";"33529";"1";"1";"1";"2";"CAZAUX (BD DE)";"44,5653100";" -1,1487600"
"201900036174";"20";"7";"2019";"18:00";"1";"31";"31555";"2";"1";"1";"6";"AV DU MIRAIL";"43,5670400";"1,3928700"
"201900036175";"20";"7";"2019";"00:05";"5";"27";"27229";"2";"3";"1";"3";"HARPE (RUE DE LA)";"49,0231200";"1,1499900"
"201900036176";"20";"7";"2019";"01:05";"5";"19";"19031";"2";"2";"1";"3";"BLUM (AVENUE LEON)";"45,1519300";"1,5325100"
"201900036177";"22";"7";"2019";"18:35";"1";"14";"14118";"2";"3";"1";"3";"DUPARGE (RUE GENERAL)";"49,1837100";" -0,3907100"
"201900036178";"22";"7";"2019";"19:36";"1";"13";"13210";"2";"1";"1";"3";"(RUE) NEGRESKO";"43,2700100";"5,3914000"
"201900036179";"22";"7";"2019";"22:40";"5";"6";"06159";"1";"1";"1";"3";"NAPOLEON III (BOULEVARD)";"43,7072530";"7,3177310"
"201900036180";"22";"7";"2019";"13:56";"1";"6";"06088";"2";"1";"1";"4";"CASSIN (BD RENE)";"43,6699630";"7,2165470"
"201900036181";"22";"7";"2019";"19:26";"1";"6";"06004";"2";"1";"1";"3";"AMES DU PURGATOIRE CH.DES";"43,5918000";"7,1012900"
"201900036182";"22";"7";"2019";"08:15";"1";"75";"75119";"2";"1";"1";"6";"AVENUE CORENTIN CARIOU";"48,8970680";"2,3847470"
"201900036183";"22";"7";"2019";"20:30";"1";"75";"75117";"2";"1";"1";"6";"RUE DE SAUSSURE";"48,8889190";"2,3084330"
"201900036184";"22";"7";"2019";"20:20";"1";"75";"75117";"2";"3";"1";"3";"AVENUE DE CLICHY";"48,8887850";"2,3232920"
"201900036185";"21";"7";"2019";"20:30";"1";"75";"75116";"2";"2";"1";"6";"ALLEE DE LA REINE MARGUERITE";"48,8585740";"2,2448590"
"201900036186";"21";"7";"2019";"16:30";"1";"75";"75116";"2";"1";"1";"6";"ALLEE DE LONGCHAMP";"48,8757810";"2,2735630"
"201900036187";"22";"7";"2019";"00:01";"5";"75";"75113";"2";"1";"1";"7";"BOULEVARD VINCENT AURIOL";"48,8365710";"2,3717850"
"201900036188";"22";"7";"2019";"07:40";"1";"75";"75104";"2";"2";"1";"3";"RUE DE LOBAU";"48,8569240";"2,3539020"
"201900036189";"22";"7";"2019";"09:00";"1";"75";"75101";"2";"1";"1";"2";"QUAI DES TUILERIES";"48,8634570";"2,3220220"
"201900036190";"22";"7";"2019";"09:30";"1";"75";"75108";"2";"2";"1";"2";"BOULEVARD MALESHERBES";"48,8777840";"2,3163070"
"201900036191";"20";"7";"2019";"19:05";"1";"75";"75111";"2";"3";"1";"5";"BOULEVARD BEAUMARCHAIS";"48,8576070";"2,3680660"
"201900036192";"22";"7";"2019";"14:30";"1";"94";"94078";"2";"1";"1";"6";"WINSTON CHURCHILL (AV)";"48,7527400";"2,4540300"
"201900036193";"22";"7";"2019";"00:15";"5";"94";"94052";"2";"1";"1";"7";"MADELEINE SMITH CHAMPION (AV)";"48,8331600";"2,4856900"
"201900036194";"20";"7";"2019";"12:15";"1";"94";"94079";"2";"2";"1";"3";"JEAN MONNET (BD)";"48,8349400";"2,5471500"
"201900036195";"22";"7";"2019";"21:20";"2";"94";"94017";"2";"1";"1";"7";"MARX DORMOY (AV)";"48,8081300";"2,5248800"
"201900036196";"12";"12";"2019";"17:05";"5";"33";"33522";"2";"1";"3";"6";"AVE ROUL";"44,8059200";" -0,5978700"
"201900036197";"12";"12";"2019";"09:20";"1";"32";"32013";"2";"3";"2";"6";"EUGENE SUE";"43,6426200";"0,5897700"
"201900036198";"13";"12";"2019";"09:11";"1";"31";"31555";"2";"1";"3";"6";"RUE GEORGES VEDEL";"43,6068900";"1,3966500"
"201900036199";"12";"12";"2019";"19:00";"5";"31";"31149";"2";"3";"3";"3";"COLLONGUES (RUE ETIENNE)";"43,5972300";"1,3281000"
"201900036200";"12";"12";"2019";"18:35";"3";"29";"29232";"1";"1";"3";"1";"BENODET ROUTE DE";"47,9705700";" -4,0862900"
"201900036201";"12";"12";"2019";"07:35";"5";"29";"29019";"2";"1";"3";"7";"EUSEN VICTOR";"48,3805000";" -4,5326000"
"201900036202";"12";"12";"2019";"08:42";"5";"29";"29019";"2";"1";"6";"6";"PREMIERE DFL (AVENUE)";"48,3760500";" -4,5541900"
"201900036203";"2";"12";"2019";"14:00";"1";"28";"28085";"2";"9";"1";"6";"CLEMENCEAU (BOULEVARD GEORGES)";"48,4468100";"1,4939200"
"201900036204";"13";"12";"2019";"21:15";"5";"26";"26057";"2";"1";"2";"7";"POMPIDOU GEORGES (AVENUE)";"45,0319740";"5,0631360"
"201900036205";"9";"12";"2019";"19:20";"3";"22";"22113";"1";"1";"1";"2";"R.D.767";"48,7170000";" -3,4070000"
"201900036206";"13";"12";"2019";"20:35";"5";"17";"17300";"2";"6";"3";"3";"NORMANDIN   RUE EMILE";"46,1418000";" -1,1399800"
"201900036207";"13";"12";"2019";"17:30";"5";"17";"17300";"2";"1";"3";"6";"MARILLAC   AVENUE";"46,1415600";" -1,1591000"
"201900036208";"12";"12";"2019";"18:15";"2";"16";"16102";"2";"1";"3";"6";"rue de Pons";"45,6852770";" -0,3382670"