"Num_Acc";"jour";"mois";"an";"hrmn";"lum";"dep";"com";"agg";"int";"atm";"col";"adr";"lat";"long"
"201900036591";"6";"11";"2019";"14:45";"1";"91";"91617";"1";"1";"1";"3";"Impasse des Bouleaux";"48,6568830";"2,5120020"
"201900036592";"7";"11";"2019";"11:10";"1";"51";"51282";"1";"1";"2";"7";"RD 27";"49,2532327";"3,8854218"
"201900036593";"7";"11";"2019";"10:30";"1";"74";"74256";"1";"1";"2";"6";"Avenue de Geneve";"45,9673350";"6,6300890"
"201900036594";"6";"11";"2019";"09:30";"1";"74";"74233";"1";"1";"2";"6";"Route d'Annecy";"45,8176013";"5,9996349"
"201900036595";"7";"11";"2019";"19:00";"3";"77";"77239";"1";"1";"2";"1";"D231";"48,6595300";"3,1427000"
"201900036596";"7";"11";"2019";"17:45";"5";"11";"11120";"2";"2";"8";"3";"Avenue de la Plaine";"43,0479190";"2,1742470"
"201900036597";"8";"11";"2019";"14:25";"2";"89";"89384";"1";"2";"1";"3";"D178";"47,9047850";"3,3338920"
"201900036598";"7";"11";"2019";"07:20";"2";"49";"49331";"1";"1";"1";"5";"D923";"47,7478490";" -0,8038330"
"201900036599";"7";"11";"2019";"18:05";"3";"86";"86225";"1";"3";"3";"1";"18 Route de Mirebeau";"46,8214160";"0,1138760"
"201900036600";"8";"11";"2019";"06:30";"3";"39";"39073";"1";"1";"5";"1";"N/A";"46,8783990";"5,6200910"
"201900036601";"20";"10";"2019";"01:30";"3";"44";"44053";"1";"1";"1";"2";"rd 773 Bilais";"47,4623214";" -2,0746565"
"201900036602";"6";"11";"2019";"17:15";"1";"44";"44106";"2";"8";"1";"7";"Rue de la Gare";"47,0621270";" -2,0018400"
"201900036603";"26";"10";"2019";"19:40";"3";"38";"38495";"1";"9";"1";"3";"route départementale 71";"45,1144640";"5,2746520"
"201900036604";"7";"11";"2019";"10:40";"1";"38";"38370";"1";"3";"2";"3";"D68";"45,1367800";"5,2334110"
"201900036605";"24";"10";"2019";"18:40";"2";"3";"03195";"1";"2";"1";"3";"N/A";"46,3071973";"2,6962802"
"201900036606";"7";"11";"2019";"17:00";"2";"85";"85046";"1";"1";"4";"4";"A87";"46,6798000";" -1,3324900"
"201900036607";"6";"10";"2019";"19:00";"3";"43";"43211";"1";"1";"2";"2";"RN88 PK 19+300";"45,2428040";"4,1381220"
"201900036608";"31";"10";"2019";"12:15";"1";"10";"10345";"1";"2";"8";"3";"D124";"48,4124030";"4,5209280"
"201900036609";"7";"11";"2019";"18:30";"3";"36";"36239";"1";"1";"8";"6";"RD 01";"46,5229090";"1,4709270"
"201900036610";"26";"10";"2019";"16:15";"1";"40";"40285";"1";"1";"1";"6";"route de tartas";"43,8763610";" -0,7642170"
"201900036611";"26";"10";"2019";"14:15";"1";"24";"24117";"1";"1";"1";"7";"Monpranger";"45,0816330";"1,3735200"
"201900036612";"6";"11";"2019";"14:15";"1";"85";"85051";"1";"1";"2";"4";"Le Gue";"46,6650300";" -1,0052000"
"201900036613";"6";"11";"2019";"18:30";"3";"17";"17224";"2";"1";"1";"6";"Rue de l'Avenir";"45,8719040";" -0,3113410"
"201900036614";"8";"11";"2019";"15:10";"1";"17";"17434";"2";"2";"1";"5";"15 Rue Robert Plantiveau";"46,1136770";" -0,7490780"
"201900036615";"1";"11";"2019";"19:10";"3";"8";"08473";"1";"1";"2";"2";"9 Rue des Ponts";"49,4580150";"4,0975730"
"201900036616";"8";"11";"2019";"07:30";"3";"40";"40134";"1";"1";"2";"6";"A63";"44,2010400";" -0,9310020"
"201900036617";"8";"11";"2019";"06:58";"2";"1";"01290";"1";"3";"5";"3";"D1084";"45,8930300";"5,1789140"
"201900036618";"8";"11";"2019";"14:15";"1";"27";"27091";"1";"1";"1";"2";"A 13 - PK 128.600";"49,3629820";"0,8485240"
"201900036619";"7";"11";"2019";"11:10";"1";"13";"13001";"1";"1";"2";"2";"A8 - PK 014+000 - SENS SUD NORD";"43,5327390";"5,3780360"
"201900036620";"8";"11";"2019";"01:30";"3";"972";"97228";"1";"1";"2";"7";"Bd Raymond Huygues Despointes";"14,7716820";" -61,0086270"
"201900036621";"7";"11";"2019";"06:30";"5";"28";"28015";"1";"2";"1";"3";"52 Grande Rue d'Equillemont";"48,4746350";"1,7706860"
"201900036622";"7";"11";"2019";"09:15";"1";"78";"78443";"1";"1";"9";"4";"D191";"48,8035920";"1,8657440"
"201900036623";"8";"11";"2019";"17:35";"5";"2A";"2A247";"2";"1";"8";"2";"T10";"41,5928560";"9,2645020"
"201900036624";"18";"10";"2019";"09:10";"1";"66";"66065";"2";"6";"1";"2";"avenue narcisse planas";"42,6053390";"2,9674800"
"201900036625";"3";"11";"2019";"16:13";"1";"6";"06050";"1";"1";"1";"7";"Route des termes";"43,7873250";"7,0446140"
"201900036626";"8";"11";"2019";"11:15";"1";"13";"13030";"1";"1";"1";"1";"RD1 PK 13.500";"43,2600900";"5,6678440"
"201900036627";"7";"11";"2019";"20:20";"3";"71";"71512";"2";"1";"1";"7";"1 Rue de la Farge";"46,6270920";"4,8778290"
"201900036628";"7";"11";"2019";"22:20";"3";"21";"21269";"1";"1";"1";"6";"D20";"47,2309730";"5,4602140"
"201900036629";"8";"11";"2019";"07:09";"3";"74";"74249";"1";"1";"2";"6";"Route du Champ Querbay";"46,3732440";"6,6427540"
"201900036630";"4";"11";"2019";"08:35";"2";"69";"69236";"1";"3";"2";"3";"D488e";"45,5659900";"4,7030510"
"201900036631";"7";"11";"2019";"15:05";"1";"69";"69003";"1";"1";"8";"1";"15 Quai de Gaulle";"45,8665700";"4,8295120"
"201900036632";"4";"11";"2019";"11:20";"1";"31";"31395";"2";"6";"1";"3";"Avenue Henri Peyrusse";"43,4361530";"1,3223060"
"201900036633";"7";"11";"2019";"23:00";"3";"64";"64324";"1";"1";"2";"6";"route de GAn";"43,2295622";" -0,4597511"
"201900036634";"7";"11";"2019";"06:55";"3";"33";"33268";"1";"1";"9";"1";"D2";"45,0478750";" -0,6901680"
"201900036635";"30";"10";"2019";"16:15";"1";"72";"72016";"1";"1";"8";"2";"Bussard";"47,6942320";"0,9909920"
"201900036636";"8";"11";"2019";"18:15";"3";"49";"49301";"1";"2";"1";"3";"1 Lieu Dit la Chauviniere";"47,1303590";" -0,9754950"
"201900036637";"8";"11";"2019";"17:00";"1";"56";"56023";"1";"1";"1";"3";"Chemin de Kerbellec";"47,6899330";" -3,0244780"
"201900036638";"8";"11";"2019";"09:35";"1";"56";"56007";"2";"1";"7";"6";"Rue Abbé Philippe le Gall";"47,6704970";" -2,9909550"
"201900036639";"26";"10";"2019";"05:25";"3";"27";"27123";"1";"1";"1";"3";"N13";"49,0120080";"1,3127680"
"201900036640";"8";"11";"2019";"01:30";"3";"76";"76223";"1";"1";"1";"1";"Route de la Grande Rue";"49,6187970";"0,8291800"
"201900036641";"8";"11";"2019";"18:55";"3";"60";"60334";"1";"1";"1";"3";"D46";"49,2731930";"2,2304820"
"201900036642";"7";"11";"2019";"06:45";"1";"13";"13215";"1";"1";"1";"4";"A7-Sens Marseille vers Lyon";"43,3441810";"5,3754380"
"201900036643";"6";"11";"2019";"09:45";"1";"13";"13033";"1";"1";"1";"2";"A55-Sens Marseille vers Martigues";"43,3736900";"5,1944010"
"201900036644";"6";"11";"2019";"07:50";"1";"13";"13106";"1";"1";"1";"2";"A7-Sens Marseille vers Lyon";"43,3874670";"5,3510820"
"201900036645";"28";"10";"2019";"14:05";"1";"13";"13028";"1";"1";"1";"3";"A50";"43,1929951";"5,6518992"
"201900036646";"3";"11";"2019";"11:15";"1";"69";"69297";"1";"1";"1";"6";"A7   15.770 A 20.110";"45,6097600";"4,8054300"
"201900036647";"25";"9";"2019";"06:25";"3";"69";"69290";"1";"1";"1";"2";"A43   3.865 A 9.894";"45,6924000";"4,9864000"
"201900036648";"29";"10";"2019";"09:25";"1";"69";"69040";"1";"1";"1";"2";"A6   447.520 A 448.490";"45,7913500";"4,7828700"
"201900036649";"7";"11";"2019";"09:35";"1";"33";"33013";"1";"1";"2";"2";"ROUTE NATIONALE 230";"44,8442800";" -0,5014500"
"201900036650";"7";"11";"2019";"16:05";"1";"91";"91182";"1";"1";"1";"4";"AUTOROUTE A6";"48,6263400";"2,4157000"
"201900036651";"7";"11";"2019";"13:00";"1";"94";"94038";"1";"1";"1";"2";"AUTOROUTE A6A";"48,7754300";"2,3462800"
"201900036652";"7";"11";"2019";"08:45";"1";"91";"91549";"1";"1";"1";"5";"RN 104";"48,6249000";"2,3326700"
"201900036653";"7";"11";"2019";"08:50";"1";"78";"78423";"1";"1";"2";"6";"A12 W";"48,7958890";"2,0422580"
"201900036654";"7";"11";"2019";"02:50";"3";"78";"78322";"1";"1";"2";"6";"RN12 EXT";"48,7815570";"2,1691820"
"201900036655";"6";"11";"2019";"15:00";"1";"93";"93010";"1";"1";"1";"7";"AUTOROUTE A3";"48,8923300";"2,4727300"
"201900036656";"6";"11";"2019";"13:50";"1";"93";"93007";"1";"1";"1";"2";"AUTOROUTE A3";"48,9234100";"2,4807500"
"201900036657";"6";"11";"2019";"11:00";"1";"95";"95365";"1";"1";"1";"7";"RN 104";"49,0656900";"2,4064300"
"201900036658";"6";"11";"2019";"08:45";"1";"93";"93029";"1";"1";"1";"3";"AUTOROUTE A86";"48,9176060";"2,4292390"
"201900036659";"7";"11";"2019";"19:30";"5";"94";"94018";"1";"1";"1";"2";"A4";"48,8174205";"2,4141998"
"201900036660";"7";"11";"2019";"09:40";"1";"77";"77258";"1";"1";"2";"3";"A4.Y";"48,8304900";"2,6315500"
"201900036661";"7";"11";"2019";"08:45";"1";"77";"77373";"1";"1";"2";"6";"RN104";"48,7977000";"2,6228000"
"201900036662";"9";"10";"2019";"11:05";"1";"86";"86066";"2";"2";"1";"3";"VELBERT (AVENUE DE)";"46,8181600";"0,5280100"
"201900036663";"30";"10";"2019";"19:25";"5";"59";"59654";"2";"1";"1";"3";"MOREAU (RUE LUCIEN)";"50,3806300";"3,1013400"
"201900036664";"28";"10";"2019";"17:12";"1";"49";"49267";"2";"1";"8";"6";"A87N";"47,4678925";" -0,5182082"
"201900036665";"29";"10";"2019";"18:20";"5";"45";"45234";"2";"1";"1";"6";"AV DE LA RECHERCHE SCIENTIFIQUE";"47,8345300";"1,9407900"
"201900036666";"29";"10";"2019";"06:45";"5";"45";"45302";"1";"1";"2";"2";"D2701 - PK2+200";"47,9407700";"1,8873417"
"201900036667";"19";"10";"2019";"15:15";"1";"22";"22360";"2";"1";"1";"5";"MERIMEE (PROSPER)";"48,4934600";" -2,7614900"
"201900036668";"30";"10";"2019";"18:15";"5";"13";"13206";"2";"3";"1";"2";"PERRIN SOLLIERS (RUE)";"43,2905400";"5,3835600"
"201900036669";"30";"10";"2019";"13:20";"1";"13";"13207";"2";"3";"1";"3";"CORSE (AVENUE DE LA)";"43,2894800";"5,3641000"
"201900036670";"19";"6";"2019";"18:00";"1";"13";"13214";"2";"1";"1";"6";"PLOMBIERES (BOULEVARD DES)";"43,3178830";"5,3807420"
"201900036671";"29";"10";"2019";"10:55";"1";"94";"94033";"2";"1";"1";"2";"MARECHAL DE LATTRE DE TASSIGNY (AV DU)";"48,8530900";"2,4940400"
"201900036672";"30";"10";"2019";"09:40";"1";"94";"94004";"2";"1";"1";"2";"GENERAL LECLERC (AV)";"48,7606600";"2,4979600"
"201900036673";"14";"3";"2019";"10:30";"1";"92";"92044";"2";"1";"1";"2";"DANTON(RUE) 1A73 ET 2A88";"48,8910983";"2,2830126"
"201900036674";"29";"10";"2019";"21:55";"3";"93";"93006";"1";"1";"2";"2";"AUTOROUTE A3";"48,8660600";"2,4226100"
"201900036675";"27";"10";"2019";"15:30";"1";"95";"95277";"1";"1";"1";"4";"AUTOROUTE A3";"48,9736200";"2,4869800"
"201900036676";"29";"10";"2019";"20:57";"5";"987";"98735";"2";"1";"1";"6";"PRINCE HINOI (AVENUE)";" -17,5337720";" -149,5606760"
"201900036677";"3";"11";"2019";"00:20";"5";"976";"97611";"2";"1";"1";"7";"mamoudzou centre-Cimetiére grand repos (";" -12,7776200";"45,2292300"
"201900036678";"1";"11";"2019";"18:45";"3";"976";"97611";"2";"1";"1";"7";"mamoudzou centre-Mariazé (rue du )";" -12,7778300";"45,2285500"
"201900036679";"2";"11";"2019";"08:30";"1";"974";"97416";"1";"1";"8";"3";"ANCIENNE RN 1";" -21,3241900";"55,4453700"
"201900036680";"29";"10";"2019";"12:15";"1";"974";"97416";"1";"1";"1";"7";"IRIS (ALLEE DES)";" -21,3153300";"55,4928700"
"201900036681";"30";"10";"2019";"11:25";"1";"974";"97416";"1";"1";"1";"7";"BOIS NOIRS (ALLEE DES) (1)";" -21,2842000";"55,4618500"
"201900036682";"31";"10";"2019";"17:10";"1";"974";"97411";"2";"1";"1";"3";"BRASSENS (AVENUE GEORGES)";" -20,9041800";"55,4877500"
"201900036683";"30";"10";"2019";"12:30";"1";"974";"97407";"1";"1";"1";"3";"COMPAGNIE DES INDES (BD DE LA) ";" -20,9430100";"55,3103000"
"201900036684";"2";"11";"2019";"19:50";"3";"973";"97302";"2";"1";"1";"6";"MONTABO (ROUTE DE) 1";"4,9423419";" -52,3054791"
"201900036685";"31";"10";"2019";"17:25";"2";"973";"97302";"2";"9";"1";"3";"BADUEL (ROUTE DE)";"4,9385152";" -52,3173451"
"201900036686";"30";"10";"2019";"12:20";"1";"973";"97302";"1";"6";"1";"3";"LEBLOND (ROND POINT)";"4,9209100";" -52,3294000"
"201900036687";"2";"11";"2019";"18:50";"5";"69";"69383";"2";"2";"2";"3";"MARIUS VIVIER MERLE                 (BD)";"45,7536300";"4,8593000"
"201900036688";"2";"11";"2019";"11:55";"1";"69";"69259";"2";"1";"1";"3";"VIVIANI                             (AV)";"45,7240600";"4,8725700"
"201900036689";"1";"11";"2019";"11:55";"1";"69";"69259";"2";"2";"2";"6";"OSCHATZ (D')                        (AV)";"45,6952500";"4,8802200"
"201900036690";"1";"11";"2019";"05:05";"5";"69";"69383";"2";"2";"2";"3";"LACASSAGNE                          (AV)";"45,7527700";"4,8696900"
"201900036691";"31";"10";"2019";"17:50";"5";"69";"69383";"2";"2";"2";"3";"JULIEN                              (R )";"45,7521900";"4,8867600"
"201900036692";"31";"10";"2019";"13:00";"1";"69";"69259";"2";"3";"2";"2";"DOCTEUR COBLOD (DU)                 (BD)";"45,7009100";"4,8917100"
"201900036693";"30";"10";"2019";"20:50";"5";"69";"69388";"2";"1";"1";"6";"ALOUETTES (DES)                     (PG)";"45,7419000";"4,8699800"
"201900036694";"30";"10";"2019";"11:55";"1";"69";"69383";"2";"1";"1";"6";"FELIX FAURE                         (AV)";"45,7542100";"4,8642600"
"201900036695";"30";"10";"2019";"14:15";"1";"69";"69383";"2";"1";"1";"3";"PAUL BERT                           (R )";"45,7569500";"4,8518400"
"201900036696";"2";"11";"2019";"13:00";"1";"69";"69385";"2";"1";"1";"6";"TRION (DE)                          (R )";"45,7581000";"4,8135700"
"201900036697";"1";"11";"2019";"09:30";"1";"69";"69381";"2";"1";"1";"7";"TERME                               (R )";"45,7684300";"4,8319400"
"201900036698";"1";"11";"2019";"23:19";"5";"69";"69382";"2";"1";"1";"2";"JEAN MOULIN                         (QU)";"45,7657000";"4,8379900"
"201900036699";"1";"11";"2019";"18:45";"5";"69";"69389";"2";"9";"3";"7";"OBSERVANCE (DE L')                  (MO)";"45,7669300";"4,8120800"
"201900036700";"1";"11";"2019";"04:00";"5";"69";"69034";"2";"1";"2";"4";"BOUCLE (DE LA)                      (MO)";"45,7828300";"4,8374700"
"201900036701";"30";"10";"2019";"16:00";"1";"69";"69034";"2";"6";"1";"4";"MARECHAL FOCH (DU)                  (PL)";"45,7980500";"4,8512700"
"201900036702";"29";"10";"2019";"17:20";"1";"69";"69034";"2";"1";"8";"2";"GENERAL LECLERC                     (AV)";"45,8053300";"4,8655500"
"201900036703";"2";"11";"2019";"05:45";"5";"2B";"2B033";"2";"1";"1";"1";"11 - RT";"42,6806400";"9,4469300"
"201900036704";"24";"10";"2019";"18:31";"3";"971";"97101";"1";"1";"1";"2";"RN11";"16,2725400";" -61,5435700"
"201900036705";"31";"10";"2019";"10:35";"1";"2A";"2A004";"2";"4";"1";"1";"VERDUN AVENUE DE";"41,9232000";"8,7305000"
"201900036706";"31";"10";"2019";"09:45";"1";"91";"91570";"2";"3";"2";"6";"LIERS (RUE)";"48,6341800";"2,3169400"
"201900036707";"31";"10";"2019";"12:00";"1";"91";"91687";"2";"1";"2";"6";"DE FLEURY (BOULEVARD )";"48,6739900";"2,3796900"
"201900036708";"31";"10";"2019";"07:40";"2";"91";"91223";"2";"1";"2";"7";"MARC SANGNIER (RUE)";"48,4204600";"2,1474100"
"201900036709";"31";"10";"2019";"07:55";"2";"91";"91114";"2";"1";"8";"2";"ROUTE NATIONALE 6";"48,6813120";"2,4926910"
"201900036710";"1";"11";"2019";"06:30";"5";"91";"91027";"2";"1";"3";"6";"MITTERAND (AVENUE FRANCOIS) N° 112 A 188";"48,7067100";"2,3715100"
"201900036711";"29";"10";"2019";"17:16";"1";"87";"87085";"2";"3";"1";"3";"BRIAND (RUE ARISTIDE)";"45,8489100";"1,2824300"
"201900036712";"31";"10";"2019";"06:05";"5";"87";"87085";"2";"3";"2";"3";"SAINT MARTIAL (QUAI)";"45,8211400";"1,2629500"
"201900036713";"30";"10";"2019";"14:27";"1";"87";"87065";"1";"3";"1";"3";"RD 704 /Diffuseur 36 de A20";"45,7982500";"1,2956300"
"201900036714";"29";"10";"2019";"13:30";"1";"85";"85194";"2";"2";"3";"5";" RUE EMILE LANSIER ";"46,5372600";" -1,7624300"
"201900036715";"29";"10";"2019";"10:50";"1";"84";"84007";"2";"1";"1";"6";"PAMARD (Rue Paul)";"43,9289600";"4,8157700"
"201900036716";"25";"10";"2019";"20:18";"5";"84";"84007";"2";"2";"1";"3";"MONCLAR (Avenue)";"43,9374800";"4,8050900"
"201900036717";"31";"10";"2019";"16:40";"1";"83";"83137";"2";"9";"1";"6";"PAGNOL (QUAI MARCEL)";"43,1158624";"5,9425896"
"201900036718";"26";"10";"2019";"15:10";"1";"83";"83050";"2";"9";"1";"6";"VERDUN( AVENUE DE)";"43,5326200";"6,4762500"
"201900036719";"29";"10";"2019";"14:20";"1";"80";"80021";"2";"1";"1";"6";"GRACE (CHEMIN DE)";"49,8970500";"2,2486700"
"201900036720";"1";"11";"2019";"19:10";"5";"78";"78401";"2";"2";"1";"3";"ARQUEBUSE (QUAI DE L')";"49,0044110";"1,9099690"
"201900036721";"31";"10";"2019";"14:20";"1";"78";"78642";"2";"1";"1";"6";"CLEMENCEAU BD GEORGES";"48,9774600";"1,9779400"
"201900036722";"29";"10";"2019";"20:20";"5";"78";"78172";"2";"1";"2";"6";"FOCH (AVENUE DU MARECHAL)";"48,9984200";"2,0975500"
"201900036723";"1";"11";"2019";"13:35";"1";"77";"77294";"1";"3";"2";"1";"ROUTE PERIPHERIQUE SUD";"48,9913000";"2,5996600"
"201900036724";"31";"10";"2019";"19:00";"5";"77";"77350";"2";"1";"3";"6";"GENERAL DE GAULLE (AVENUE DU)";"48,7631320";"2,6654452"
"201900036725";"30";"10";"2019";"22:40";"5";"77";"77083";"2";"2";"1";"5";"BLAISE PASCAL (AVENUE)";"48,8404188";"2,5862630"
"201900036726";"2";"11";"2019";"00:50";"5";"77";"77305";"2";"1";"2";"1";"COLLINE SAINT MARTIN (AVENUE DE LA)";"48,3959600";"2,9666000"
"201900036727";"31";"10";"2019";"10:10";"1";"77";"77186";"2";"3";"8";"3";"RUES SAINT MERRY / LA CLOCHE";"48,4083830";"2,6984595"
"201900036728";"29";"10";"2019";"17:00";"1";"76";"76540";"2";"3";"1";"3";"CAVELIER DE LA SALLE. QUAI (HAUT)";"49,4381300";"1,0829300"
"201900036729";"31";"10";"2019";"12:10";"1";"76";"76351";"2";"2";"1";"3";"LEO LAGRANGE (AVENUE)";"49,5017000";"0,1666000"
"201900036730";"30";"10";"2019";"14:05";"1";"76";"76351";"2";"6";"2";"2";"VERDUN (RUE DE)";"49,5022500";"0,1847200"
"201900036731";"29";"10";"2019";"10:20";"1";"76";"76341";"2";"9";"8";"2";"RD 982";"49,5046600";"0,1959600"
"201900036732";"29";"10";"2019";"16:10";"1";"76";"76351";"2";"3";"2";"6";"VERDUN (RUE DE)";"49,5022800";"0,1608500"
"201900036733";"29";"10";"2019";"18:55";"5";"76";"76351";"2";"1";"2";"6";"IRENE JOLIOT CURIE (RUE)";"49,5161000";"0,1058500"
"201900036734";"31";"10";"2019";"15:40";"1";"74";"74012";"2";"1";"2";"2";"THONON (ROUTE DE)";"46,1995000";"6,2725800"
"201900036735";"31";"10";"2019";"18:30";"5";"74";"74010";"2";"3";"2";"6";"PLAINE (AVENUE DE LA)";"45,9187200";"6,1271500"
"201900036736";"30";"10";"2019";"21:25";"5";"74";"74010";"2";"5";"1";"3";"CRAN (AVENUE DE) X D1501";"45,9062690";"6,1146520"
"201900036737";"31";"10";"2019";"19:30";"3";"72";"72181";"2";"1";"2";"4";"MESSIAEN OLIVIER (AV) PAIRS";"48,0167900";"0,1437600"
"201900036738";"31";"10";"2019";"08:50";"1";"72";"72181";"2";"1";"2";"6";"DURAND GEORGES (AV) N° IMP 143 AU 197";"47,9765600";"0,2141900"
"201900036739";"31";"10";"2019";"17:20";"3";"71";"71309";"1";"2";"2";"3";"RD 680";"46,7827100";"4,4126100"
"201900036740";"1";"11";"2019";"15:20";"1";"69";"69266";"2";"3";"2";"3";"GENERAL LECLERC    (Avenue du)";"45,7580600";"4,8908900"
"201900036741";"21";"6";"2019";"19:00";"1";"95";"95680";"2";"1";"1";"6";"NEUF ARPENTS  (RUE DES)";"49,0044900";"2,3947000"
"201900036742";"20";"6";"2019";"08:20";"1";"95";"95585";"2";"1";"3";"5";"ZOLA (RUE EMILE)";"48,9854900";"2,3946600"
"201900036743";"20";"6";"2019";"06:15";"2";"95";"95268";"2";"1";"3";"2";"AV AMBROISE CROIZAT";"48,9591650";"2,4152234"
"201900036744";"21";"6";"2019";"20:05";"1";"95";"95203";"2";"2";"1";"5";"LECLERC (RUE DU GENERAL)";"48,9880600";"2,2738500"
"201900036745";"21";"6";"2019";"23:15";"5";"91";"91377";"2";"3";"1";"7";"PEROU (RUE DU)";"48,7234900";"2,3030100"
"201900036746";"20";"6";"2019";"17:30";"1";"91";"91687";"2";"1";"1";"1";"FORET (AVENUE DE LA)";"48,6558700";"2,3696000"
"201900036747";"19";"6";"2019";"20:40";"1";"91";"91479";"2";"3";"1";"3";"VERDUN (AVENUE)";"48,7055800";"2,3569100"
"201900036748";"20";"6";"2019";"10:25";"1";"91";"91347";"2";"1";"1";"3";"DIVISION LECLERC (AVENUE DE LA)";"48,6565560";"2,2746470"
"201900036749";"21";"6";"2019";"12:23";"1";"87";"87085";"2";"1";"1";"4";"100 LECLERC (AVENUE DU GENERAL)";"45,8480100";"1,2618400"
"201900036750";"20";"6";"2019";"18:40";"1";"87";"87085";"2";"6";"1";"6";"SCHUMAN (BOULEVARD ROBERT)";"45,8568900";"1,2695800"
"201900036751";"18";"6";"2019";"23:26";"3";"87";"87085";"2";"6";"1";"6";"GRANDE PIECE (Ave de la)";"45,8879400";"1,2990800"
"201900036752";"18";"6";"2019";"17:30";"1";"86";"86194";"1";"2";"1";"3";"AERODROME (RUE DE L')";"46,5787678";"0,3149718"
"201900036753";"18";"6";"2019";"05:22";"5";"86";"86194";"2";"1";"1";"2";"JOHN KENNEDY (AVENUE)";"46,5875300";"0,3646800"
"201900036754";"21";"6";"2019";"20:00";"1";"83";"83137";"2";"1";"1";"6";"FONTAN (AVE DU DOCTEUR)";"43,1312300";"5,9195200"
"201900036755";"21";"6";"2019";"15:45";"1";"83";"83137";"2";"6";"1";"3";"BON RENCONTRE (ROND POINT)";"43,1280220";"5,9068290"
"201900036756";"20";"6";"2019";"17:00";"1";"83";"83144";"2";"3";"1";"3";"PICOT (CHEMIN DU COLONEL)";"43,1426600";"6,0076100"
"201900036757";"20";"6";"2019";"09:30";"1";"83";"83090";"1";"1";"1";"3";"SANARY (ROUTE DE)";"43,1256900";"5,8333700"
"201900036758";"17";"6";"2019";"17:20";"1";"83";"83129";"2";"9";"1";"6";"COUDOULIERE (LA)";"43,0932700";"5,8120900"
"201900036759";"22";"6";"2019";"01:10";"3";"83";"83069";"1";"1";"1";"7";"NICE (ROUTE DE)";"43,1290800";"6,1598300"
"201900036760";"21";"6";"2019";"18:30";"1";"83";"83118";"2";"9";"1";"6";"AVENUE J. ARTUFFEL";"43,4336000";"6,7664200"
"201900036761";"20";"6";"2019";"16:55";"1";"80";"80021";"2";"1";"1";"6";"R DES TROIS CAILLOUX ";"49,8917100";"2,3018900"
"201900036762";"20";"6";"2019";"13:05";"1";"80";"80021";"2";"1";"1";"2";"73, R DE VERDUN";"49,8939900";"2,3120900"
"201900036763";"20";"6";"2019";"16:00";"1";"80";"80021";"2";"1";"1";"2";"35, BD D'ALSACE LORRAINE";"49,8926400";"2,3076000"
"201900036764";"19";"6";"2019";"13:10";"1";"80";"80131";"1";"1";"1";"1";"N/A";"49,8540400";"2,3620700"
"201900036765";"18";"6";"2019";"21:30";"2";"80";"80021";"2";"3";"1";"1";"R TERRAL";"49,9087000";"2,2916310"
"201900036766";"12";"6";"2019";"09:00";"1";"80";"80001";"2";"2";"2";"3";"2, PARVIS SAINT-VULFRAN";"50,1053000";"1,8319500"
"201900036767";"19";"6";"2019";"23:10";"5";"80";"80001";"2";"1";"1";"6";"R DES ARGILLIERES";"50,1175100";"1,8273900"
"201900036768";"20";"6";"2019";"08:10";"1";"79";"79191";"2";"2";"1";"3";"Rue du Palais";"46,3236600";" -0,4655000"
"201900036769";"14";"6";"2019";"16:00";"1";"78";"78220";"2";"2";"1";"6";"DE GAULLE";"48,7202960";"1,8967540"
"201900036770";"22";"6";"2019";"00:30";"5";"77";"77146";"2";"1";"1";"6";"D406-PARIS A CRECY (RUE DE)";"48,8267700";"2,6598000"
"201900036771";"20";"6";"2019";"17:20";"1";"77";"77468";"2";"1";"1";"2";"PIERRE MENDES FRANCE (RUE)";"48,8407400";"2,6525900"
"201900036772";"4";"6";"2019";"10:35";"1";"77";"77333";"2";"9";"1";"6";"CHERELLES (ALLEE DES)";"48,2693400";"2,7050200"
"201900036773";"21";"6";"2019";"22:55";"5";"77";"77243";"2";"1";"1";"6";"MAL DE LATTRE DE TASSIGNY (AVENUE DU)";"48,8778390";"2,6887620"
"201900036774";"8";"6";"2019";"06:10";"1";"77";"77013";"1";"1";"1";"6";"D402";"48,8368000";"3,0875600"
"201900036775";"19";"6";"2019";"12:14";"1";"76";"76095";"1";"1";"1";"3";"HAUTS GRIGNEUX. AVENUE DES";"49,4668900";"1,1346200"
"201900036776";"20";"6";"2019";"20:35";"1";"76";"76481";"2";"6";"1";"3";"MONTIVILLIERS (ROUTE DE)";"49,5558200";"0,1291700"
"201900036777";"20";"6";"2019";"14:46";"1";"76";"76351";"2";"2";"1";"6";"STRASBOURG (BD)";"49,4929100";"0,1142800"
"201900036778";"18";"6";"2019";"21:40";"2";"76";"76351";"2";"1";"1";"6";"ARISTIDE BRIAND";"49,5002000";"0,1346100"
"201900036779";"22";"6";"2019";"02:15";"3";"76";"76349";"2";"1";"1";"6";"DIEPPE (ROUTE DE)";"49,9055000";"1,0567000"
"201900036780";"21";"6";"2019";"17:00";"1";"74";"74012";"2";"1";"1";"6";"GARE (AVENUE DE LA)";"46,1972900";"6,2357000"