"Num_Acc";"jour";"mois";"an";"hrmn";"lum";"dep";"com";"agg";"int";"atm";"col";"adr";"lat";"long"
"201900036781";"22";"6";"2019";"19:50";"1";"72";"72003";"2";"1";"7";"1";"EPINETTES (ALL DES)";"47,9839400";"0,1452400"
"201900036782";"19";"6";"2019";"13:20";"1";"72";"72003";"1";"1";"1";"1";"RN 226 (RTE)";"47,9387800";"0,1246000"
"201900036783";"19";"6";"2019";"14:45";"1";"71";"71153";"2";"1";"7";"6";"MONTCENIS (ROUTE DE)";"46,7994200";"4,4054700"
"201900036784";"23";"6";"2019";"00:35";"5";"69";"69266";"2";"1";"1";"6";"LEON BLUM      (Rue)";"45,7629700";"4,9130100"
"201900036785";"20";"6";"2019";"17:10";"1";"69";"69282";"2";"3";"2";"3";"REPUBLIQUE (DE)                     (R )";"45,7663900";"5,0055800"
"201900036786";"19";"6";"2019";"08:35";"1";"69";"69275";"2";"1";"1";"3";"ELISEE RECLUS                       (R )";"45,7475800";"4,9372600"
"201900036787";"19";"6";"2019";"07:10";"1";"69";"69290";"2";"1";"1";"6";"TEMPS MODERNES (DES)            (AV)";"45,7104100";"4,9136200"
"201900036788";"31";"5";"2019";"16:10";"1";"69";"69264";"2";"1";"1";"5";"PASQUIER PIERRE  BD";"45,9878517";"4,7313872"
"201900036789";"14";"6";"2019";"18:36";"1";"68";"68066";"2";"1";"1";"4";"ROUFFACH (ROUTE DE)";"48,0664300";"7,3426600"
"201900036790";"19";"6";"2019";"12:15";"1";"67";"67482";"2";"3";"1";"3";"HAGUENAU (PLACE DE)";"48,5910400";"7,7425510"
"201900036791";"21";"6";"2019";"22:40";"5";"65";"65440";"2";"3";"1";"3";"GONNES (RUE DE)";"43,2285200";"0,0750400"
"201900036792";"21";"6";"2019";"17:30";"1";"65";"65440";"2";"1";"1";"3";"AZEREIX (AVENUE D')";"43,2244040";"0,0519630"
"201900036793";"22";"6";"2019";"08:20";"1";"65";"65286";"2";"6";"1";"3";"ROND POINT DE L EUROPE";"43,1068748";" -0,0397503"
"201900036794";"19";"6";"2019";"15:25";"1";"64";"64483";"2";"1";"1";"3";"SAINT PEE (VIEILLE ROUTE DE)";"43,3909600";" -1,6286500"
"201900036795";"21";"6";"2019";"22:25";"5";"64";"64445";"2";"6";"1";"2";"ALSACE LORRAINE D'";"43,3041337";" -0,3668135"
"201900036796";"21";"6";"2019";"18:45";"1";"64";"64445";"2";"6";"2";"2";"ALSACE LORRAINE D'";"43,3042300";" -0,3674200"
"201900036797";"20";"6";"2019";"09:15";"1";"64";"64445";"2";"1";"2";"4";"PAIX";"43,3168000";" -0,3409000"
"201900036798";"19";"6";"2019";"23:35";"5";"64";"64348";"2";"1";"1";"2";"MARTYRS DU PONT LONG DES";"43,3493400";" -0,3799700"
"201900036799";"17";"6";"2019";"17:30";"1";"62";"62555";"2";"1";"1";"3";"LABUISSIERE (CHEMIN DE )";"50,4994840";"2,5204664"
"201900036800";"21";"6";"2019";"16:10";"1";"60";"60159";"2";"6";"1";"2";"BERTHELOT (AV. MARCELIN)";"49,3923600";"2,7895100"
"201900036801";"18";"6";"2019";"16:55";"1";"60";"60665";"1";"1";"1";"6";"EUROPE (AVENUE DE L')";"49,4076600";"2,7812800"
"201900036802";"20";"6";"2019";"18:30";"1";"60";"60057";"2";"1";"1";"2";"ROND POINT DU STADE";"49,4327600";"2,1187400"
"201900036803";"20";"6";"2019";"15:40";"1";"60";"60057";"2";"1";"1";"1";"ARAGO (RUE)";"49,4154600";"2,1180600"
"201900036804";"22";"6";"2019";"11:30";"1";"59";"59599";"2";"6";"1";"6";"SEMARD (PLACE PIERRE)";"50,7173400";"3,1676000"
"201900036805";"21";"6";"2019";"18:15";"1";"59";"59507";"2";"3";"1";"6";"SALENGRO ROGER RUE";"50,6039600";"3,0944800"
"201900036806";"20";"6";"2019";"03:15";"5";"59";"59360";"2";"1";"1";"6";"AURIOL VINCENT RUE DU PRESIDENT";"50,6067200";"3,0137000"
"201900036807";"19";"6";"2019";"14:10";"1";"59";"59008";"2";"1";"1";"6";"PAUL VAILLANT COUTURIER (BOULEVARD)";"50,3299400";"3,2429900"
"201900036808";"21";"6";"2019";"08:45";"1";"59";"59122";"2";"1";"1";"6";"SAINT LADRE (RUE)";"50,1597440";"3,2518300"
"201900036809";"17";"6";"2019";"10:55";"1";"58";"58194";"2";"1";"1";"6";"RAVELIN";"46,9876200";"3,1660300"
"201900036810";"19";"6";"2019";"06:08";"1";"57";"57306";"2";"1";"1";"1";"GAULLE (RUE DE)";"49,3313700";"6,0645000"
"201900036811";"7";"6";"2019";"18:15";"1";"54";"54482";"2";"3";"2";"3";"ESSEY (RUE D')";"48,7048100";"6,2141900"
"201900036812";"4";"6";"2019";"11:40";"1";"54";"54395";"2";"2";"1";"2";"LECLERC (AV. DU GENE";"48,6825600";"6,1843600"
"201900036813";"27";"5";"2019";"09:30";"1";"54";"54395";"2";"3";"1";"3";"AUSTRASIE (BOULEVARD)";"48,6907500";"6,2019100"
"201900036814";"24";"5";"2019";"18:10";"1";"54";"54395";"2";"3";"1";"3";"GRIDEL (RUE DE L'ABBE)";"48,6876600";"6,1611900"
"201900036815";"21";"5";"2019";"17:45";"1";"54";"54357";"2";"2";"1";"1";"RD 400";"48,7059000";"6,1402000"
"201900036816";"22";"5";"2019";"16:45";"1";"54";"54395";"2";"1";"1";"5";"DE LATTRE DE TASSIGNY (AV. MAL)";"48,6831740";"6,1904510"
"201900036817";"22";"5";"2019";"14:40";"1";"54";"54304";"2";"3";"1";"3";"RESISTANCE (AV. DE LA -IMPAIR-)";"48,6945700";"6,1280600"
"201900036818";"18";"5";"2019";"15:00";"1";"54";"54547";"2";"1";"1";"7";"RD 674";"48,6671130";"6,1907950"
"201900036819";"22";"5";"2019";"10:00";"1";"54";"54395";"2";"2";"1";"7";"GAMBETTA (RUE)";"48,6924300";"6,1812200"
"201900036820";"13";"6";"2019";"18:35";"1";"54";"54184";"2";"3";"1";"7";"LECLERC (RUE DU GENERAL)";"48,7036400";"6,2194500"
"201900036821";"24";"5";"2019";"18:40";"1";"54";"54274";"2";"3";"1";"7";"FOCH (RUE DU MARECHAL)";"48,6690200";"6,2043000"
"201900036822";"7";"6";"2019";"18:30";"1";"54";"54328";"1";"1";"1";"7";"RD570";"48,6102100";"6,1740300"
"201900036823";"21";"6";"2019";"19:45";"1";"51";"51454";"1";"1";"1";"4";"BOULEVARD MARCELIN BERTHELOT";"49,2718100";"4,0664600"
"201900036824";"20";"6";"2019";"19:30";"1";"51";"51454";"2";"6";"1";"7";"BOULEVARD DE LA PAIX";"49,2570570";"4,0393333"
"201900036825";"21";"6";"2019";"03:30";"5";"51";"51454";"2";"1";"1";"7";"RUE LEON FAUCHER";"49,2709573";"4,0435589"
"201900036826";"15";"6";"2019";"19:05";"1";"51";"51431";"2";"9";"1";"1";"RUE PASTEUR";"49,0200653";"3,9486975"
"201900036827";"20";"6";"2019";"17:50";"1";"50";"50502";"1";"3";"1";"3";"CANDOL (lieu dit)";"49,0931380";" -1,1174290"
"201900036828";"20";"6";"2019";"12:20";"1";"50";"50502";"1";"6";"1";"2";"CINQ CHEMINS (RUE DES)";"49,0995700";" -1,0805200"
"201900036829";"19";"6";"2019";"18:20";"1";"50";"50602";"2";"1";"1";"7";"HAMEAU (RUE DU)";"49,6292300";" -1,5863000"
"201900036830";"19";"6";"2019";"15:53";"1";"49";"49007";"2";"1";"1";"6";"JUSTICES PLACE";"47,4529900";" -0,5263200"
"201900036831";"12";"6";"2019";"18:30";"1";"47";"47323";"2";"1";"1";"6";"66 FUMEL(AVENUE DE )";"44,4083900";"0,7253300"
"201900036832";"22";"6";"2019";"20:00";"1";"45";"45075";"2";"3";"1";"3";"R DES BAS CHAMPS - R DE L AQUITAINE";"47,9004800";"1,8532600"
"201900036833";"21";"6";"2019";"13:30";"1";"45";"45234";"2";"3";"1";"3";"131 BD DE CHATEAUDUN";"47,9123187";"1,8942288"
"201900036834";"21";"6";"2019";"10:03";"1";"45";"45234";"2";"1";"1";"3";"RUE LEOPOLD SEDAR SENGHOR";"47,8379200";"1,9300100"
"201900036835";"21";"6";"2019";"10:25";"1";"44";"44162";"1";"1";"1";"2";"PERIPHERIQUE";"47,2494500";" -1,6207200"
"201900036836";"21";"6";"2019";"17:50";"1";"42";"42184";"2";"3";"9";"3";"VAGNERON LIEUTENANT (RUE)";"46,0423900";"4,0509800"
"201900036837";"22";"6";"2019";"10:15";"1";"41";"41269";"2";"9";"1";"3";"INDUSTRIE (BOULEVARD DE L')";"47,8005900";"1,0474000"
"201900036838";"19";"6";"2019";"14:00";"1";"39";"39198";"2";"1";"1";"2";"WILSON (BOULEVARD DU PRESIDENT) DE PAIX";"47,0930000";"5,4973000"
"201900036839";"22";"6";"2019";"14:00";"1";"38";"38563";"1";"1";"1";"7";"CHARAVINES (BOULEVARD DE)";"45,3795600";"5,5715700"
"201900036840";"22";"6";"2019";"11:50";"1";"37";"37261";"2";"1";"1";"6";"BOYER (RUE LEON)";"47,3904622";"0,6741014"
"201900036841";"21";"6";"2019";"20:09";"1";"37";"37261";"2";"1";"1";"7";"PROUDHON (AVENUE)";"47,3951472";"0,6730088"
"201900036842";"21";"6";"2019";"08:00";"1";"37";"37261";"2";"1";"1";"3";"LAPIERRE (RUE GEORGES)";"47,3916999";"0,6709925"
"201900036843";"20";"6";"2019";"14:42";"1";"37";"37261";"2";"1";"1";"7";"MAGINOT (AV. ANDRE)";"47,4120000";"0,6850000"
"201900036844";"20";"6";"2019";"09:45";"1";"37";"37261";"2";"2";"1";"3";"JEMMAPES (RUE)";"47,4200194";"0,6839847"
"201900036845";"19";"6";"2019";"13:42";"1";"36";"36159";"2";"6";"1";"6";"ROUTE DE MONTLUCON";"46,7955400";"1,7325800"
"201900036846";"18";"6";"2019";"18:28";"1";"36";"36159";"2";"1";"1";"3";"17 ROUTE DU GRAND EPOT";"46,7660191";"1,7067007"
"201900036847";"18";"6";"2019";"18:20";"1";"36";"36044";"2";"3";"1";"3";"ROUTE DE VELLES/RUE DES MERAUDES";"46,7855357";"1,6905561"
"201900036848";"18";"6";"2019";"11:31";"1";"36";"36044";"2";"1";"1";"1";"RD 920";"46,8025794";"1,7407159"
"201900036849";"17";"6";"2019";"17:03";"1";"36";"36044";"2";"1";"1";"3";"132 AVENUE DE BLOIS";"46,8241200";"1,6824600"
"201900036850";"19";"6";"2019";"10:00";"1";"35";"35299";"2";"3";"1";"3";"DOUETS LES PETITS (LIEU DIT)";"48,6535100";" -1,9474600"
"201900036851";"22";"6";"2019";"02:30";"3";"35";"35238";"2";"1";"1";"7";"MITTERAND (MAIL FRANCOIS)";"48,1089861";" -1,6910680"
"201900036852";"22";"6";"2019";"00:25";"3";"35";"35238";"2";"1";"1";"7";"DE LATTRE DE TASSIGNY (BD MARECHAL)";"48,1200500";" -1,6838700"
"201900036853";"21";"6";"2019";"12:50";"1";"35";"35238";"1";"9";"1";"6";"PORTE DE BREST";"48,1203170";" -1,7202630"
"201900036854";"21";"6";"2019";"08:40";"1";"35";"35051";"1";"1";"1";"2";"PORTE DE LA RIGOURDIERE";"48,1039970";" -1,6049820"
"201900036855";"21";"6";"2019";"09:00";"1";"35";"35238";"2";"3";"7";"1";"LECLERC (AVENUE DU GENERAL)";"48,1147500";" -1,6526200"
"201900036856";"20";"6";"2019";"19:30";"1";"35";"35238";"2";"1";"1";"4";"BOURGEOIS (BOULEVARD LEON)";"48,0989095";" -1,6535806"
"201900036857";"21";"6";"2019";"20:35";"1";"34";"34172";"2";"2";"1";"5";"PAVELET (AVENUE DU COLONEL)";"43,5849300";"3,8603400"
"201900036858";"21";"6";"2019";"16:45";"1";"34";"34172";"2";"6";"1";"2";"MONDIAL 98 (AVENUE DU)";"43,6033000";"3,9064700"
"201900036859";"20";"6";"2019";"09:25";"1";"34";"34172";"2";"1";"1";"7";"LODEVE (AVENUE DE";"43,6148500";"3,8315400"
"201900036860";"19";"6";"2019";"18:15";"1";"34";"34172";"2";"9";"1";"6";"LODEVE (AVENUE DE";"43,6119993";"3,8460088"
"201900036861";"22";"6";"2019";"11:30";"1";"33";"33318";"2";"6";"1";"6";"AVE DU HAUT LEVEQUE";"44,7812900";" -0,6497400"
"201900036862";"21";"6";"2019";"15:55";"1";"33";"33249";"2";"1";"2";"1";"ROUTE D'YVRAC";"44,8787800";" -0,5009900"
"201900036863";"20";"6";"2019";"17:35";"1";"33";"33200";"1";"2";"1";"2";"Av du Médoc / D2215";"44,8934400";" -0,6690300"
"201900036864";"20";"6";"2019";"16:50";"1";"33";"33318";"2";"2";"1";"3";"AVE JEAN JAURES";"44,8068700";" -0,6280600"
"201900036865";"12";"6";"2019";"17:30";"1";"33";"33063";"2";"3";"1";"2";"PCE DE STALINGRAD";"44,8405580";" -0,5590690"
"201900036866";"20";"6";"2019";"08:35";"1";"33";"33063";"2";"1";"1";"6";"AVE DU MAL DE LATTRE DE TASSIGNY CAUD.";"44,8575800";" -0,6214100"
"201900036867";"19";"6";"2019";"23:50";"5";"33";"33063";"2";"2";"1";"3";"BD DU PDT FRANKLIN ROOSEVELT";"44,8147800";" -0,5726400"
"201900036868";"16";"6";"2019";"08:50";"1";"33";"33039";"2";"3";"1";"1";"AVE JEANNE D'ARC / RUE LOUIS DE RICHEMOND";"44,8006500";" -0,5439200"
"201900036869";"21";"6";"2019";"14:00";"1";"33";"33529";"1";"1";"2";"6";"BISCAROSSE (AVE) DUNE VERS BISCA";"44,5056100";" -1,2346700"
"201900036870";"18";"6";"2019";"16:00";"1";"33";"33529";"2";"1";"1";"6";"230 rue ABBE EDME MARIOTE";"44,6076200";" -1,1222500"
"201900036871";"21";"6";"2019";"02:00";"5";"31";"31555";"2";"1";"1";"6";"AV DES MINIMES";"43,6183400";"1,4364700"
"201900036872";"20";"6";"2019";"10:40";"1";"31";"31555";"2";"1";"1";"6";"BD DE LA MEDITERRANEE";"43,5821000";"1,4630700"
"201900036873";"20";"6";"2019";"08:55";"1";"31";"31555";"1";"1";"1";"2";"VA007331 A620";"43,5868600";"1,4013500"
"201900036874";"20";"6";"2019";"08:00";"1";"31";"31555";"2";"1";"1";"6";"AV DE RANGUEIL";"43,5693500";"1,4655000"
"201900036875";"18";"6";"2019";"22:00";"5";"31";"31555";"2";"1";"1";"7";"RTE DE LAUNAGUET";"43,6353600";"1,4382400"
"201900036876";"19";"6";"2019";"18:10";"1";"31";"31483";"2";"1";"1";"3";"FRANCOIS MITTERAND ( AVENUE)";"43,1102400";"0,7339000"
"201900036877";"21";"6";"2019";"18:50";"2";"29";"29019";"2";"1";"1";"3";"SEMARD PIERRE";"48,3943648";" -4,4685140"
"201900036878";"21";"6";"2019";"15:40";"1";"29";"29019";"1";"1";"8";"4";"RN 12 (PEN AR CH'LEUZ A PONT DESFOSSES)";"48,4153700";" -4,4795200"
"201900036879";"21";"6";"2019";"11:45";"1";"27";"27562";"2";"4";"1";"3";"PRES (RUE DES)";"49,1003100";"1,4480500"
"201900036880";"21";"6";"2019";"18:00";"1";"26";"26058";"2";"1";"1";"3";"CHAPON RUE HUBERT";"44,9406900";"4,8997200"
"201900036881";"21";"6";"2019";"14:23";"1";"26";"26281";"2";"1";"1";"6";"DORMOY MARX (BOULEVARD)";"45,0473500";"5,0549800"
"201900036882";"18";"6";"2019";"20:20";"1";"24";"24322";"2";"3";"1";"3";"SEMARD (RUE PIERRE)";"45,1964500";"0,7016200"
"201900036883";"20";"6";"2019";"17:50";"1";"19";"19031";"2";"4";"1";"3";"LEPINAY (RUE DE)";"45,1563300";"1,5263000"
"201900036884";"19";"6";"2019";"17:15";"1";"19";"19031";"2";"2";"1";"3";"""MOULIN (BOULEVARD JEAN) COTE """"LES CEDR";"45,1629200";"1,5027900"
"201900036885";"21";"6";"2019";"17:13";"1";"17";"17300";"2";"1";"1";"4";"SAUTEL  BOULEVARD ANDRE";"46,1673000";" -1,1347100"
"201900036886";"20";"6";"2019";"18:45";"1";"17";"17200";"2";"1";"1";"3";"NICOLLE   RUE CHARLES";"46,1852000";" -1,1537000"
"201900036887";"20";"6";"2019";"09:20";"1";"17";"17028";"2";"1";"1";"2";"GRASSET   AVENUE EDMOND";"46,1320700";" -1,1091000"
"201900036888";"21";"6";"2019";"17:25";"1";"17";"17299";"2";"3";"1";"3";"LIBERATION AVENUE DE LA";"45,9495200";" -0,9477200"
"201900036889";"22";"6";"2019";"03:00";"3";"14";"14069";"2";"1";"1";"6";"BEAU SITE";"49,1329400";"0,2363500"
"201900036890";"17";"6";"2019";"03:50";"5";"14";"14118";"2";"1";"1";"7";"GEOLE (RUE DE)";"49,1854800";" -0,3650500"
"201900036891";"21";"6";"2019";"17:10";"1";"14";"14118";"2";"1";"1";"4";"AUGE (RUE D')";"49,1863300";" -0,3791500"
"201900036892";"20";"6";"2019";"18:14";"1";"14";"14587";"2";"1";"1";"4";"ECHANGEUR N° 8 ( PORTE DU BESSIN )";"49,1910000";" -0,4170000"
"201900036893";"20";"6";"2019";"16:05";"1";"14";"14118";"2";"1";"1";"2";"BAYEUX (RUE DU143 IMPAIR . 160 PAIR";"49,1847000";" -0,3940300"
"201900036894";"21";"6";"2019";"17:05";"1";"13";"13103";"2";"1";"1";"6";"AVENUE DE WERTHEIM";"43,6474400";"5,0940900"
"201900036895";"20";"6";"2019";"15:37";"1";"13";"13039";"2";"1";"1";"6";"POMPIDOU GEORGES (avenue)";"43,4515490";"4,9395110"
"201900036896";"22";"6";"2019";"13:45";"1";"13";"13211";"2";"1";"1";"3";"SABLIERE (ROUTE DE LA)";"43,2940890";"5,4806210"
"201900036897";"22";"6";"2019";"00:30";"5";"13";"13208";"2";"1";"1";"6";"PRADO (contre allée)";"43,2620400";"5,3754100"
"201900036898";"21";"6";"2019";"23:50";"5";"13";"13201";"2";"1";"1";"6";"SAINTE BARBE (RUE)";"43,2994800";"5,3742700"
"201900036899";"21";"6";"2019";"20:00";"1";"13";"13210";"2";"3";"1";"3";"ARGILE (CHEMIN DE L')";"43,2807900";"5,3964000"
"201900036900";"21";"6";"2019";"20:30";"1";"13";"13208";"2";"3";"1";"3";"ALEXANDRE DUMAS (RUE)";"43,2632300";"5,3887300"
"201900036901";"21";"6";"2019";"08:30";"1";"13";"13208";"2";"6";"1";"2";"ALAIN SAVARY (ROND-POINT)";"43,5185250";"5,4368970"
"201900036902";"21";"6";"2019";"09:45";"1";"13";"13206";"2";"2";"1";"3";"ROME (RUE DE)";"43,2920900";"5,3801700"
"201900036903";"21";"6";"2019";"00:20";"5";"13";"13213";"2";"1";"1";"2";"JEAN PAUL SARTRE (AVENUE)";"43,3266100";"5,4251700"
"201900036904";"20";"6";"2019";"19:00";"1";"13";"13209";"2";"1";"1";"3";"SAINTE MARGUERITE (BOULEVARD)";"43,2623950";"5,4134370"
"201900036905";"20";"6";"2019";"19:00";"1";"13";"13212";"2";"1";"1";"6";"HRANT DINK (rue)";"43,2932450";"5,4177310"
"201900036906";"20";"6";"2019";"18:30";"1";"13";"13208";"2";"2";"1";"3";"ERNEST DELIBES (PLACE)";"43,2790000";"5,3820000"
"201900036907";"20";"6";"2019";"17:15";"1";"13";"13212";"2";"6";"1";"3";"PEINTRES ROUX (AVENUE DES)";"43,2975800";"5,4790000"
"201900036908";"20";"6";"2019";"07:39";"1";"13";"13211";"2";"9";"1";"3";"SAINT MENET (AVENUE DE)";"43,2898000";"5,4953000"
"201900036909";"18";"6";"2019";"11:45";"1";"13";"13075";"2";"1";"1";"6";"PAUL SIRVENT (AVE)";"43,3439150";"5,4650670"
"201900036910";"21";"6";"2019";"19:00";"1";"13";"13047";"1";"4";"1";"3";"D.5";"43,5852500";"4,9457200"
"201900036911";"21";"6";"2019";"15:30";"1";"13";"13005";"2";"1";"1";"3";"RN 96 (ROUTE NATIONALE )";"43,3198000";"5,5851300"
"201900036912";"20";"6";"2019";"17:55";"1";"13";"13005";"2";"1";"1";"2";"GEMENOS (ROUTE DE CD2)";"43,2971750";"5,5857310"
"201900036913";"22";"6";"2019";"16:48";"1";"13";"13001";"1";"2";"1";"3";"BALTARD VICTOR (RUE)";"43,4861520";"5,3851720"
"201900036914";"7";"6";"2019";"07:20";"1";"13";"13001";"2";"1";"1";"1";"HUGO VICTOR (AV)";"43,5258900";"5,4461200"
"201900036915";"3";"10";"2019";"00:05";"5";"94";"94073";"2";"9";"1";"3";"LUXEMBOURG (AV DU)";"48,7557400";"2,3739000"
"201900036916";"2";"10";"2019";"13:10";"1";"94";"94028";"2";"3";"1";"3";"CHERET(RUE ET IMPASSE)";"48,8045000";"2,4584000"
"201900036917";"2";"10";"2019";"21:50";"5";"94";"94017";"2";"1";"1";"6";"GALLIENI (QU)";"48,8124600";"2,4884100"
"201900036918";"3";"10";"2019";"18:20";"1";"93";"93078";"2";"3";"1";"3";"LECLERC (AVENUE DU GENERAL)";"48,9487000";"2,5607000"
"201900036919";"3";"10";"2019";"13:10";"1";"93";"93078";"2";"3";"1";"6";"CUVIER (AVENUE)";"48,9517400";"2,5512900"
"201900036920";"3";"10";"2019";"17:20";"1";"93";"93072";"2";"1";"1";"6";"SALVADOR ALLENDE (RUE)";"48,9466500";"2,3856400"
"201900036921";"2";"10";"2019";"18:45";"1";"93";"93066";"2";"3";"1";"1";"COMPIEGNE";"48,9405926";"2,3686373"
"201900036922";"3";"10";"2019";"11:58";"1";"93";"93055";"2";"2";"1";"3";"JEAN LOLIVE (AVENUE)(137/FIN ET 134/FIN)";"48,8955000";"2,4262000"
"201900036923";"2";"10";"2019";"13:20";"1";"93";"93050";"2";"1";"1";"3";"DAUPHINE (PLACE)";"48,8693400";"2,5327700"
"201900036924";"3";"10";"2019";"07:55";"1";"93";"93031";"2";"2";"1";"1";"FITZELIN (DE)";"48,9596900";"2,3051900"
"201900036925";"3";"10";"2019";"06:25";"5";"93";"93030";"2";"9";"1";"6";"SEIZE-AOUT-1943 (PLACE DU)";"48,9513900";"2,4167000"
"201900036926";"3";"10";"2019";"12:50";"1";"93";"93010";"2";"9";"1";"6";"GUESDES (RUE JULES)";"48,9035200";"2,4779700"
"201900036927";"3";"10";"2019";"07:55";"1";"93";"93010";"2";"1";"1";"6";"VAILLANT (RUE EDOUARD) 27 A 135";"48,8961000";"2,4809000"
"201900036928";"2";"10";"2019";"08:25";"1";"93";"93007";"2";"1";"1";"2";"ARISTIDE BRIAND (AVENUE COTE PAIRS)";"48,9458500";"2,4534500"
"201900036929";"2";"10";"2019";"20:35";"4";"92";"92035";"2";"2";"1";"2";"République ( boulevard de la )";"48,9057300";"2,2533300"
"201900036930";"3";"10";"2019";"18:25";"1";"92";"92024";"2";"2";"1";"3";"JEAN JAURES (BD) DE (120 A 138)";"48,9054509";"2,3018379"
"201900036931";"2";"10";"2019";"05:53";"3";"68";"68043";"1";"1";"2";"7";"D83";"47,8557740";"7,2418940"
"201900036932";"3";"10";"2019";"16:30";"1";"6";"06161";"2";"9";"1";"3";"49 Avenue de la Colle";"43,6633040";"7,1250960"
"201900036933";"2";"10";"2019";"17:40";"1";"76";"76238";"2";"2";"1";"3";"Côte du Cap";"49,5648420";"0,2263900"
"201900036934";"4";"10";"2019";"15:30";"1";"12";"12131";"1";"3";"8";"5";"N88";"44,3911830";"2,6762930"
"201900036935";"2";"10";"2019";"18:45";"3";"974";"97414";"2";"1";"1";"2";"Chemin Kerveguen (Arrêt de bus)";" -21,2814230";"55,4319040"
"201900036936";"3";"10";"2019";"16:45";"1";"71";"71215";"2";"1";"1";"1";"Départementale 5";"46,8853810";"4,9464990"
"201900036937";"3";"10";"2019";"21:15";"5";"62";"62047";"2";"2";"1";"1";"30 Rue Principale";"50,3040820";"2,1797670"
"201900036938";"3";"10";"2019";"14:55";"1";"74";"74106";"1";"2";"1";"3";"Route de la Cheville";"46,2970570";"6,4531750"
"201900036939";"4";"10";"2019";"10:30";"1";"83";"83096";"1";"1";"1";"3";"D6";"43,4698860";"5,7520870"
"201900036940";"3";"10";"2019";"17:25";"1";"74";"74184";"2";"1";"1";"6";"1626 Route de Frangy";"46,0465770";"5,9801950"
"201900036941";"4";"10";"2019";"14:45";"1";"74";"74267";"2";"1";"1";"7";"Route d'Albertville";"45,8476210";"6,1464740"
"201900036942";"4";"10";"2019";"10:20";"1";"79";"79025";"1";"3";"1";"3";"N/A";"46,6205750";" -0,3689440"
"201900036943";"29";"9";"2019";"11:55";"1";"32";"32036";"1";"3";"1";"2";"D3";"43,5571350";"0,1309890"
"201900036944";"3";"10";"2019";"17:00";"1";"32";"32065";"1";"1";"1";"6";"cd 939";"43,6552620";"0,4039850"
"201900036945";"3";"10";"2019";"16:00";"1";"11";"11201";"2";"2";"1";"1";"Chemin du Poux";"43,1454730";"2,3238140"
"201900036946";"4";"10";"2019";"06:30";"3";"11";"11115";"1";"1";"1";"6";"Route Departementale 118";"43,3426210";"2,2857410"
"201900036947";"3";"10";"2019";"16:00";"1";"49";"49292";"1";"1";"1";"6";"La Haie Longue (Saint-Aubin-de-Luigné)";"47,3434220";" -0,6915610"
"201900036948";"3";"10";"2019";"18:05";"1";"46";"46242";"1";"1";"1";"5";"Lieu dit ""les camps""";"44,7285060";"1,8675220"
"201900036949";"2";"10";"2019";"17:10";"1";"34";"34001";"1";"1";"1";"3";"D33, Pk 13+800";"43,4590110";"3,3198430"
"201900036950";"3";"10";"2019";"20:30";"3";"68";"68082";"1";"1";"1";"2";"route départementale 20";"47,8424610";"7,3442920"
"201900036951";"4";"10";"2019";"07:45";"1";"68";"68006";"1";"1";"2";"5";"D 14 2";"47,6988930";"7,1985730"
"201900036952";"4";"10";"2019";"13:55";"1";"39";"39393";"1";"1";"3";"6";"N/A";"46,7917770";"6,0066230"
"201900036953";"3";"10";"2019";"17:50";"1";"25";"25440";"1";"1";"1";"5";"RN 57";"46,9991740";"6,3286340"
"201900036954";"3";"10";"2019";"17:30";"1";"44";"44186";"1";"1";"1";"1";"La Mare";"47,1073800";" -1,7644830"
"201900036955";"30";"9";"2019";"09:00";"1";"29";"29176";"1";"1";"1";"7";"N/A";"48,1213687";" -4,2249425"
"201900036956";"2";"10";"2019";"14:27";"1";"3";"03108";"1";"1";"1";"3";"Le Grand Châtel";"46,2051415";"2,9233288"
"201900036957";"3";"10";"2019";"12:30";"1";"70";"70198";"2";"1";"1";"6";"route de champlitte";"47,5597110";"5,6755820"
"201900036958";"4";"10";"2019";"12:30";"1";"50";"50562";"2";"6";"8";"6";"route de quettehou";"49,5905750";" -1,2866530"
"201900036959";"4";"10";"2019";"02:18";"3";"83";"83039";"1";"1";"1";"6";"cd554";"43,5075170";"6,0209520"
"201900036960";"4";"10";"2019";"01:00";"3";"9";"09284";"1";"1";"1";"6";"RD 10";"43,0383060";"1,6924410"
"201900036961";"3";"10";"2019";"08:30";"1";"60";"60238";"2";"2";"1";"3";"1 Rue de la Vallée";"49,2704450";"2,5893040"
"201900036962";"2";"10";"2019";"08:30";"1";"64";"64123";"1";"1";"3";"7";"rd 10";"43,4888493";" -1,1387954"
"201900036963";"2";"10";"2019";"10:30";"1";"43";"43163";"1";"1";"2";"6";"Lieu di Bouchet";"45,2697810";"4,4332090"
"201900036964";"3";"10";"2019";"17:36";"1";"10";"10224";"2";"1";"1";"3";"25 Rue Georges Clemenceau";"48,4039100";"3,7343040"
"201900036965";"1";"10";"2019";"09:00";"2";"53";"53097";"1";"1";"8";"1";"Les Fretillonnieres";"48,1428470";" -0,3976580"
"201900036966";"3";"10";"2019";"15:17";"1";"4";"04088";"2";"1";"1";"3";"Ch de la colle";"43,9683680";"5,7687430"
"201900036967";"4";"10";"2019";"16:30";"1";"85";"85284";"1";"2";"1";"3";"Chemin des Classes";"46,7842500";" -1,9141100"
"201900036968";"4";"10";"2019";"11:20";"1";"85";"85090";"1";"1";"1";"6";"La Verdonnière";"46,8509700";" -0,8848100"
"201900036969";"3";"10";"2019";"10:05";"1";"27";"27057";"1";"2";"1";"3";"croisement RD 142 et RD 613";"49,0759120";"1,0049940"