"Num_Acc";"jour";"mois";"an";"hrmn";"lum";"dep";"com";"agg";"int";"atm";"col";"adr";"lat";"long"
"201900036970";"4";"10";"2019";"12:40";"1";"17";"17436";"1";"1";"1";"1";"Les Pacauds";"45,8369790";" -0,6301120"
"201900036971";"4";"10";"2019";"07:45";"2";"37";"37159";"2";"1";"8";"5";"7 Rue du Viaduc";"47,2861840";"0,6552440"
"201900036972";"3";"10";"2019";"17:20";"1";"30";"30194";"1";"9";"1";"6";"Les vignas";"44,3005990";"4,0616580"
"201900036973";"3";"10";"2019";"15:42";"1";"53";"53058";"1";"1";"1";"1";"RD771, PR21+942";"47,8964590";" -0,9289550"
"201900036974";"13";"8";"2019";"18:00";"2";"987";"98738";"1";"1";"1";"1";"PK 17.100 - RT1 - Sens PAPEETE-PEA";" -17,6184160";" -149,5708030"
"201900036975";"3";"10";"2019";"16:05";"1";"2";"02697";"1";"9";"1";"7";"A26";"49,5659240";"3,7310850"
"201900036976";"4";"10";"2019";"11:48";"1";"18";"18190";"1";"1";"1";"6";"A71";"47,1239690";"2,1914780"
"201900036977";"1";"10";"2019";"20:30";"3";"69";"69288";"1";"9";"2";"2";"Autouroute A432 - PK 32";"45,6854500";"5,0562990"
"201900036978";"4";"10";"2019";"09:26";"1";"91";"91085";"1";"1";"8";"7";"Avenue de Paris";"48,5374160";"2,2092020"
"201900036979";"2";"10";"2019";"06:45";"3";"13";"13105";"1";"1";"1";"3";"AUTOROUTE A7, PK 220, sens sud/nord";"43,7506320";"5,0845370"
"201900036980";"18";"8";"2019";"05:00";"2";"975";"97501";"1";"1";"1";"7";"Route de Langlade";"46,9636022";" -56,3366514"
"201900036981";"18";"8";"2019";"12:45";"1";"987";"98714";"1";"1";"1";"7";"LIEU DIT VAIRUPE";" -16,4954170";" -151,7388890"
"201900036982";"21";"7";"2019";"09:00";"1";"987";"98714";"1";"1";"1";"1";"Faanui";" -16,4807810";" -151,7322570"
"201900036983";"24";"6";"2019";"16:00";"1";"987";"98714";"1";"1";"1";"7";"FAANUI (CONDOMINIUM)";" -16,4954170";" -151,7388890"
"201900036984";"10";"5";"2019";"21:40";"5";"987";"98714";"1";"1";"1";"3";"RT 101 Faatahi";" -16,4399380";" -151,7573780"
"201900036985";"7";"5";"2019";"01:15";"3";"987";"98714";"1";"1";"1";"7";"FAANUI (magasin POTHIER)";" -16,4399380";" -151,7573780"
"201900036986";"13";"4";"2019";"12:00";"1";"987";"98714";"1";"1";"1";"6";"ANAU DECHETTERIE";" -16,4399380";" -151,7573780"
"201900036987";"9";"4";"2019";"20:00";"5";"987";"98714";"1";"1";"1";"7";"FAANUI quartier MATAHO";" -16,4399380";" -151,7573780"
"201900036988";"31";"3";"2019";"18:00";"2";"987";"98714";"1";"9";"1";"7";"matira";" -16,4954170";" -151,7388890"
"201900036989";"8";"3";"2019";"18:15";"2";"987";"98714";"2";"1";"1";"7";"NUNUE - GARAGE ALEX";" -16,4954170";" -151,7388890"
"201900036990";"10";"5";"2019";"05:45";"2";"987";"98758";"2";"1";"1";"1";"en face du lycée public";" -16,7398040";" -151,4570020"
"201900036991";"28";"6";"2019";"16:45";"1";"987";"98748";"1";"1";"8";"6";"PK 59+200 - RT 1 - Afaahiti";" -17,8272130";" -149,2423950"
"201900036992";"11";"5";"2019";"18:00";"4";"987";"98747";"1";"1";"1";"1";"RT.3 à hauteur du PK14+300 à TAUTIRA";" -17,7456570";" -149,2420810"
"201900036993";"14";"4";"2019";"09:45";"1";"987";"98747";"2";"1";"1";"6";"RT2 à Faaone au PK 52, 200";" -17,7456570";" -149,2420810"
"201900036994";"9";"4";"2019";"18:45";"4";"987";"98747";"1";"1";"2";"1";"RT.2 à hauteur du PK46+300 à FAAONE";" -17,7456570";" -149,2420810"
"201900036995";"16";"8";"2019";"15:15";"1";"987";"98722";"2";"1";"1";"2";"PK 14.200";" -17,5913360";" -149,3821260"
"201900036996";"31";"7";"2019";"12:10";"1";"987";"98722";"1";"1";"1";"6";"PK 25 RT2";" -17,5914290";" -149,3821260"
"201900036997";"2";"6";"2019";"03:00";"5";"987";"98733";"2";"1";"1";"1";"PK 20.500 RT1";" -17,6793140";" -149,5877070"
"201900036998";"14";"5";"2019";"06:30";"1";"987";"98733";"2";"1";"1";"6";"Pk 19100";" -17,6892040";" -149,5525600"
"201900036999";"26";"4";"2019";"06:05";"1";"987";"98733";"2";"1";"1";"6";"PK 20.800";" -17,6818490";" -149,5866130"
"201900037000";"2";"10";"2019";"13:45";"1";"973";"97310";"1";"1";"1";"1";"PK27 route de l'est";"4,7239954";" -52,4004078"
"201900037001";"3";"10";"2019";"22:00";"3";"971";"97115";"1";"1";"1";"6";"Route de l'Ancienne Distillerie";"16,2707800";" -61,6537220"
"201900037002";"3";"10";"2019";"19:35";"5";"21";"21540";"2";"1";"8";"3";"Route de Gray";"47,3313960";"5,0847680"
"201900037003";"4";"10";"2019";"00:45";"3";"37";"37163";"2";"1";"1";"6";"2 Rue des Sables";"47,4184300";"0,9781160"
"201900037004";"3";"10";"2019";"14:40";"1";"45";"45278";"1";"2";"1";"3";"D56";"47,8026390";"2,7640550"
"201900037005";"3";"10";"2019";"18:00";"1";"77";"77183";"2";"3";"1";"6";"D402 X R.ABREVOIR-43 Rue de Condé";"48,9453200";"3,1303800"
"201900037006";"2";"10";"2019";"17:00";"1";"77";"77401";"1";"2";"1";"3";"D603 X D401";"49,0082700";"3,1635450"
"201900037007";"4";"10";"2019";"08:50";"1";"77";"77142";"1";"1";"8";"5";"D21";"48,8616100";"2,9331400"
"201900037008";"4";"10";"2019";"06:40";"3";"95";"95142";"1";"1";"2";"1";"Rue de Marines";"49,1590160";"1,9415270"
"201900037009";"4";"10";"2019";"13:40";"1";"2B";"2B148";"1";"1";"1";"2";"Tavenue de lucciana205";"42,5448870";"9,4164100"
"201900037010";"4";"10";"2019";"09:35";"1";"2B";"2B148";"1";"1";"1";"1";"RT20";"42,5173390";"9,4289110"
"201900037011";"29";"9";"2019";"05:40";"3";"84";"84118";"1";"1";"1";"7";"Route de Roussillon";"43,9250280";"5,3400580"
"201900037012";"2";"10";"2019";"18:39";"1";"6";"06091";"1";"1";"1";"7";"CD CHEMIN DEPARTEMENTAL 53";"43,7986010";"7,4050610"
"201900037013";"30";"9";"2019";"17:00";"2";"13";"13081";"2";"1";"1";"5";"D20";"43,5129480";"5,2277030"
"201900037014";"2";"10";"2019";"09:05";"1";"13";"13007";"1";"3";"1";"1";"D560";"43,3691187";"5,6305602"
"201900037015";"4";"10";"2019";"09:55";"1";"70";"70279";"2";"9";"2";"6";"ZAC GRAY SUD";"47,4357300";"5,6006700"
"201900037016";"4";"10";"2019";"08:50";"1";"89";"89206";"2";"1";"2";"6";"2 BIS Avenue Gambetta";"47,9803128";"3,3953111"
"201900037017";"3";"10";"2019";"18:30";"1";"67";"67300";"1";"1";"8";"1";"D422";"48,5310650";"7,5101610"
"201900037018";"3";"10";"2019";"11:00";"1";"57";"57348";"1";"1";"1";"6";"RN 61";"49,1061430";"7,0032320"
"201900037019";"4";"10";"2019";"07:00";"2";"26";"26064";"2";"6";"1";"3";"ZA DES GOUVERNAUX";"44,9030020";"5,0082330"
"201900037020";"2";"10";"2019";"09:15";"1";"69";"69227";"1";"1";"2";"3";"Route départemetale 31";"45,6681500";"4,5771100"
"201900037021";"3";"10";"2019";"12:30";"1";"69";"69233";"2";"3";"1";"3";"QUAI DE CHAREZIEUX";"45,8389650";"4,8310670"
"201900037022";"3";"10";"2019";"08:58";"1";"81";"81039";"2";"1";"1";"6";"9 Route de Lavaur";"43,7560280";"1,9008890"
"201900037023";"4";"10";"2019";"19:30";"5";"86";"86297";"2";"1";"1";"7";"D3";"46,5619390";"0,2771800"
"201900037024";"3";"10";"2019";"17:40";"1";"33";"33067";"1";"1";"1";"3";"Sortie La Lustre - ligne 2011 TRANSGIRONDE";"45,0386800";" -0,5286100"
"201900037025";"25";"9";"2019";"08:40";"1";"49";"49301";"1";"1";"2";"3";"Lieu Dit la Corbiere";"47,0885000";" -1,0367700"
"201900037026";"4";"10";"2019";"11:40";"1";"80";"80618";"2";"1";"1";"6";"11 grande rue";"50,1386090";"1,5811340"
"201900037027";"3";"10";"2019";"16:20";"1";"13";"13005";"1";"1";"1";"2";"A50-Sens Marseille vers Aubagne";"43,1931261";"5,6698956"
"201900037028";"2";"10";"2019";"19:18";"2";"13";"13055";"1";"1";"1";"4";"A507 sens Marseille - Aubagne";"43,3304848";"5,3883299"
"201900037029";"2";"10";"2019";"19:18";"1";"13";"13055";"1";"1";"1";"4";"A507 sens Marseille - Aubagne";"43,3307462";"5,3877948"
"201900037030";"3";"10";"2019";"08:50";"1";"33";"33096";"1";"1";"1";"3";"AUTOROUTE A10";"44,9041500";" -0,4929000"
"201900037031";"3";"10";"2019";"08:58";"1";"92";"92036";"1";"1";"1";"4";"A86";"48,9355701";"2,2636613"
"201900037032";"3";"10";"2019";"21:10";"3";"93";"93027";"1";"1";"1";"4";"AUTOROUTE A86";"48,9269600";"2,4058800"
"201900037033";"3";"10";"2019";"09:00";"1";"95";"95582";"1";"1";"1";"3";"AUTOROUTE A15";"48,9630400";"2,2652900"
"201900037034";"2";"10";"2019";"16:55";"1";"93";"93048";"1";"1";"1";"3";"AUTOROUTE A3";"48,8717800";"2,4333900"
"201900037035";"2";"10";"2019";"16:00";"1";"95";"95572";"1";"1";"1";"2";"RN 184";"49,0489400";"2,1371900"
"201900037036";"2";"10";"2019";"13:00";"1";"95";"95277";"1";"1";"1";"3";"AUTOROUTE A3";"48,9703000";"2,4821000"
"201900037037";"2";"10";"2019";"06:45";"3";"93";"93027";"1";"1";"1";"6";"BDL";"48,9280100";"2,4032800"
"201900037038";"1";"10";"2019";"19:00";"2";"71";"71153";"2";"1";"1";"6";"MARMAGNE (ROUTE DE)";"46,8087300";"4,4046800"
"201900037039";"1";"10";"2019";"00:43";"5";"63";"63113";"2";"1";"2";"3";"SOULET (RUE RENE)";"45,7755716";"3,1086373"
"201900037040";"1";"10";"2019";"19:22";"1";"63";"63075";"2";"1";"2";"6";"GAMBETTA (BOULEVARD)";"45,7673028";"3,0690085"
"201900037041";"5";"7";"2019";"09:20";"1";"13";"13206";"2";"9";"9";"6";"PIERRE PUGET (COURS)";"43,2900600";"5,3738440"
"201900037042";"1";"10";"2019";"12:15";"1";"10";"10333";"2";"1";"8";"4";"ECHENILLY (RUE)";"48,2800000";"4,0442500"
"201900037043";"22";"9";"2019";"02:45";"5";"33";"33063";"1";"9";"1";"3";"A630 échangeur 4 - A1 sort de la bretelle en direction de Lormont";"44,8841500";" -0,5591100"
"201900037044";"30";"9";"2019";"23:00";"3";"93";"93010";"1";"1";"2";"3";"AUTOROUTE A3";"48,9065300";"2,4724800"
"201900037045";"2";"10";"2019";"19:05";"5";"988";"98818";"2";"3";"1";"6";"ROUTE DE L'ANSE VATA/RUE BERTHIER";" -22,2957078";"166,4452261"
"201900037046";"2";"10";"2019";"17:40";"1";"974";"97416";"2";"1";"1";"3";"HUBERT DE LISLE(BOULEVARD)";" -21,3436100";"55,4690300"
"201900037047";"2";"10";"2019";"18:15";"1";"69";"69387";"2";"1";"1";"4";"GAMBETTA                            (CO)";"45,7527000";"4,8505600"
"201900037048";"2";"10";"2019";"15:00";"1";"69";"69388";"2";"1";"8";"6";"SERPOLLIERES (DES)                  (R )";"45,7336100";"4,8630600"
"201900037049";"2";"10";"2019";"10:15";"1";"69";"69386";"2";"2";"2";"3";"DUQUESNE                            (R )";"45,7731300";"4,8497800"
"201900037050";"2";"10";"2019";"20:30";"5";"69";"69382";"2";"2";"1";"1";"COLONEL CHAMBONNET                  (R )";"45,7592500";"4,8294100"
"201900037051";"1";"10";"2019";"10:25";"1";"69";"69034";"2";"6";"1";"3";"LOUIS DUFOUR                        (AV)";"45,8007800";"4,8514300"
"201900037052";"1";"10";"2019";"18:45";"5";"971";"97105";"2";"1";"1";"1";"VICTOR HUGUES (RUE)";"15,9955850";" -61,7245790"
"201900037053";"2";"10";"2019";"18:00";"1";"95";"95491";"1";"1";"1";"3";"PERI (RUE GABRIEL)";"48,9981800";"2,2471700"
"201900037054";"2";"10";"2019";"15:30";"1";"91";"91589";"2";"3";"1";"3";"BRIAND (BOULEVARD ARISTIDE)";"48,6837300";"2,3450400"
"201900037055";"2";"10";"2019";"07:40";"2";"91";"91201";"2";"1";"8";"2";"HENRI BARBUSSE(BOULEVARD)";"48,6954900";"2,4146100"
"201900037056";"2";"10";"2019";"14:00";"1";"91";"91027";"2";"1";"1";"6";"MORANGIS (AVENUE DE)";"48,7055800";"2,3636700"
"201900037057";"1";"10";"2019";"15:27";"1";"91";"91347";"2";"1";"1";"3";"DIVISION LECLERC (AVENUE DE LA)";"48,6565140";"2,2746350"
"201900037058";"2";"10";"2019";"07:30";"1";"83";"83144";"1";"3";"1";"3";"NATIONALE 97 (ROUTE)";"43,1422100";"6,0059500"
"201900037059";"2";"10";"2019";"07:35";"2";"78";"78646";"1";"1";"1";"6";"MINIERE (ROUTE DE LA)";"48,7833900";"2,1064600"
"201900037060";"2";"10";"2019";"07:46";"2";"78";"78498";"2";"3";"1";"6";"SAINT LOUIS RUE";"48,9307100";"2,0387800"
"201900037061";"2";"10";"2019";"12:05";"1";"76";"76351";"2";"3";"1";"6";"LEO LAGRANGE (AVENUE)";"49,5018400";"0,1652000"
"201900037062";"2";"10";"2019";"11:10";"1";"76";"76351";"2";"1";"1";"6";"HUIT MAI 1945 (AVENUE DU)";"49,5157100";"0,1709200"
"201900037063";"1";"10";"2019";"16:25";"1";"76";"76351";"2";"2";"1";"3";"GRAND HAMEAU (Avenue du )";"49,5242700";"0,0968600"
"201900037064";"30";"9";"2019";"07:00";"2";"74";"74118";"1";"1";"8";"3";"18 AOUT (RUE DU)";"46,1695100";"6,2065600"
"201900037065";"2";"10";"2019";"16:10";"1";"69";"69266";"2";"4";"1";"3";"EMILE ZOLA     (Cours)";"45,7640600";"4,9099800"
"201900037066";"2";"10";"2019";"09:00";"1";"68";"68376";"1";"1";"8";"6";"RD 430";"47,8134260";"7,2987210"
"201900037067";"2";"10";"2019";"12:25";"1";"68";"68224";"2";"2";"1";"3";"ROOSEVELT (BOULEVARD DU PRESIDENT)";"47,7524700";"7,3286300"
"201900037068";"1";"10";"2019";"15:40";"1";"67";"67482";"2";"1";"8";"6";"ZELLENBERG (RUE DE)";"48,5632450";"7,7681460"
"201900037069";"1";"10";"2019";"14:15";"1";"64";"64445";"2";"3";"1";"3";"GEN DE GAULLE DU";"43,3014300";" -0,3578900"
"201900037070";"30";"9";"2019";"22:15";"5";"64";"64102";"2";"1";"1";"7";"BARTHES (CHEMIN DES)";"43,4934000";" -1,4947100"
"201900037071";"30";"9";"2019";"09:13";"1";"63";"63113";"2";"1";"1";"6";"GRANDE BRETAGNE (AVENUE DE)";"45,7777145";"3,0949887"
"201900037072";"2";"10";"2019";"19:00";"5";"59";"59421";"2";"2";"1";"6";"MARNE (BOULEVARD DE LA)";"50,6940040";"3,1328190"
"201900037073";"2";"10";"2019";"08:30";"1";"56";"56121";"2";"1";"1";"3";"BLUM ( BD LEON )";"47,7452500";" -3,3811600"
"201900037074";"1";"10";"2019";"18:20";"1";"56";"56098";"1";"1";"1";"2";"ROUTE NATIONALE 165";"47,7878100";" -3,3280500"
"201900037075";"1";"10";"2019";"14:20";"1";"56";"56121";"2";"6";"1";"3";"BLUM ( BD LEON )";"47,7492000";" -3,3735800"
"201900037076";"11";"7";"2019";"10:40";"1";"54";"54184";"2";"1";"1";"3";"SAULXURES (AVENUE DE)";"48,7054300";"6,2456110"
"201900037077";"1";"10";"2019";"17:18";"1";"49";"49007";"2";"1";"8";"4";"RAMON BOULEVARD";"47,4885600";" -0,5447400"
"201900037078";"1";"10";"2019";"13:00";"1";"49";"49007";"2";"1";"8";"3";"DEUX CROIX BOULEVARD";"47,4783100";" -0,5281900"
"201900037079";"2";"10";"2019";"12:05";"1";"45";"45234";"2";"1";"1";"6";"RUE DE PATAY";"47,9090852";"1,9018979"
"201900037080";"2";"10";"2019";"08:30";"1";"44";"44114";"2";"1";"1";"3";"ROND-POINT DU HAMEAU DU MAIL";"47,2695800";" -1,6142300"
"201900037081";"2";"10";"2019";"12:10";"1";"38";"38185";"2";"1";"1";"6";"PLACE VAUCANSON";"45,1882300";"5,7285800"
"201900037082";"1";"10";"2019";"12:40";"1";"37";"37122";"2";"1";"8";"6";"RD 37";"47,3774600";"0,6500900"
"201900037083";"1";"10";"2019";"17:20";"1";"37";"37233";"2";"1";"1";"6";"BLANQUI (RUE)";"47,3947600";"0,7197100"
"201900037084";"28";"9";"2019";"08:15";"1";"35";"35238";"2";"2";"1";"3";"CHATEAU RENAULT";"48,1118120";" -1,6802720"
"201900037085";"2";"10";"2019";"13:20";"1";"34";"34172";"2";"6";"1";"3";"MAS D'ASTRE (ROND-POINT DU)";"43,5748900";"3,8599300"
"201900037086";"1";"10";"2019";"19:50";"2";"34";"34172";"2";"1";"1";"4";"RENOUVIER (BOULEVARD)";"43,6049500";"3,8676300"
"201900037087";"1";"10";"2019";"18:10";"1";"34";"34172";"2";"4";"1";"3";"TOULOUSE (AVENUE DE";"43,5949900";"3,8615900"
"201900037088";"2";"10";"2019";"22:50";"5";"33";"33063";"2";"3";"1";"1";"QUAI DE BRAZZA";"44,8536800";" -0,5537700"
"201900037089";"2";"10";"2019";"17:30";"1";"33";"33162";"2";"4";"1";"3";"AVE DU MEDOC";"44,8850800";" -0,6365400"
"201900037090";"2";"10";"2019";"15:00";"1";"33";"33069";"2";"3";"1";"3";"BD DU MARECHAL LYAUTEY";"44,8693900";" -0,6203900"
"201900037091";"1";"10";"2019";"20:00";"5";"33";"33550";"2";"1";"1";"3";"AVE GEORGES CLEMENCEAU";"44,7795100";" -0,5564400"
"201900037092";"1";"10";"2019";"19:10";"3";"25";"25462";"2";"1";"3";"2";"LAVAUX DES (DU 0 AU 25)";"46,9056820";"6,3595870"
"201900037093";"1";"10";"2019";"16:50";"1";"25";"25462";"2";"1";"1";"4";"SAINT ETIENNE FAUBOURG";"46,9004900";"6,3608100"
"201900037094";"11";"1";"2019";"12:20";"1";"34";"34301";"2";"9";"1";"6";"SOURCE (AVENUE DE LA)";"43,4096600";"3,6726100"
"201900037095";"19";"1";"2019";"19:40";"5";"34";"34172";"2";"1";"1";"3";"TOULOUSE (AVENUE DE";"43,5867910";"3,8529540"
"201900037096";"18";"1";"2019";"19:05";"2";"34";"34172";"2";"1";"1";"3";"SOULAS (AVENUE DU PERE";"43,6267100";"3,8482600"
"201900037097";"18";"1";"2019";"13:05";"1";"34";"34172";"2";"1";"1";"3";"ALLEE MANITAS DE PLATA";"43,6143100";"3,9300600"
"201900037098";"18";"1";"2019";"08:45";"1";"34";"34172";"2";"2";"1";"5";"GRASSET (AVENUE DU PROFESSEUR)";"43,6228500";"3,8679500"
"201900037099";"16";"1";"2019";"20:30";"5";"34";"34172";"2";"1";"8";"3";"SAINT LAZARE (AVENUE DE)";"43,6208000";"3,8873800"
"201900037100";"18";"1";"2019";"13:50";"1";"34";"34032";"2";"1";"1";"6";"LIBERTE (BD DE LA)";"43,3370000";"3,2252300"
"201900037101";"16";"1";"2019";"21:10";"5";"33";"33529";"2";"1";"2";"1";"SAINT-EXUPERY (AVE)";"44,6220200";" -1,1400600"
"201900037102";"17";"1";"2019";"16:10";"1";"32";"32013";"2";"1";"3";"7";"MASSENA (RUE)";"43,6495400";"0,5924600"
"201900037103";"18";"1";"2019";"08:25";"1";"31";"31555";"1";"1";"1";"5";"VA007553 A61";"43,5627800";"1,4936500"
"201900037104";"16";"1";"2019";"16:20";"1";"31";"31149";"2";"1";"1";"6";"MITTERAND (ESPLANADE FRANCOIS)";"43,6069400";"1,3351500"
"201900037105";"18";"1";"2019";"09:30";"1";"31";"31149";"2";"1";"1";"6";"MARCEL DASSAULT (BOULEVARD)";"43,6134600";"1,3418500"
"201900037106";"17";"1";"2019";"18:45";"5";"31";"31555";"2";"3";"2";"3";"RTE DE SEYSSES";"43,5562700";"1,4005000"
"201900037107";"16";"1";"2019";"18:25";"5";"31";"31555";"2";"3";"1";"3";"28 AV DES ETATS UNIS";"43,6284200";"1,4331100"
"201900037108";"16";"1";"2019";"13:00";"1";"31";"31555";"2";"1";"1";"6";"RUE GEORGES OHNET";"43,6385000";"1,4697200"
"201900037109";"18";"1";"2019";"17:20";"2";"30";"30243";"2";"1";"9";"3";"MONTPELLIER (ROUTE)";"44,0687700";"4,0827700"
"201900037110";"18";"1";"2019";"14:50";"1";"30";"30007";"2";"1";"1";"7";"SPORTS (CHEMIN DES)";"44,1125300";"4,0930900"
"201900037111";"17";"1";"2019";"12:35";"1";"29";"29232";"2";"1";"1";"2";"DUPLEIX BOULEVARD";"47,9947400";" -4,1012200"
"201900037112";"19";"1";"2019";"17:40";"2";"29";"29019";"2";"3";"2";"3";"FRANCE ANATOLE (DE 1 A 53 ET 2 A 46)";"48,3813000";" -4,5289400"
"201900037113";"17";"1";"2019";"14:45";"1";"29";"29019";"2";"1";"1";"3";"FOCH MARECHAL";"48,3948300";" -4,4883400"
"201900037114";"17";"1";"2019";"07:11";"3";"29";"29019";"2";"3";"2";"6";"LOTI PIERRE";"48,3829060";" -4,5085401"
"201900037115";"15";"1";"2019";"08:00";"5";"28";"28085";"2";"1";"9";"6";"JAURES (BOULEVARD JEAN)";"48,4529700";"1,4904500"
"201900037116";"17";"1";"2019";"18:10";"5";"28";"28085";"2";"3";"1";"6";"SABLONS (AVENUE DES)";"48,4500000";"1,5153000"
"201900037117";"18";"1";"2019";"13:30";"1";"27";"27701";"2";"3";"1";"3";"MATINALE (VOIE)";"49,2726900";"1,2084600"
"201900037118";"17";"1";"2019";"17:40";"2";"27";"27229";"2";"4";"2";"1";"JUSTICE (RUE DE LA)";"49,0237100";"1,1565500"
"201900037119";"16";"1";"2019";"08:55";"1";"26";"26362";"2";"1";"1";"6";"VAUBAN BOULEVARD";"44,9356500";"4,8930500"
"201900037120";"17";"1";"2019";"08:10";"4";"22";"22278";"2";"1";"2";"2";"BALZAC";"48,5141816";" -2,7460521"
"201900037121";"17";"1";"2019";"16:50";"1";"22";"22187";"1";"1";"1";"6";"François JACOB (rue)";"48,5483325";" -2,7911743"
"201900037122";"11";"1";"2019";"14:30";"1";"22";"22113";"2";"9";"1";"3";"MENDES FRANCE (BOULEVARD)";"48,7303900";" -3,4687000"
"201900037123";"15";"1";"2019";"19:20";"5";"21";"21355";"2";"4";"1";"3";"DIJON (DE) (ROUTE)";"47,3002480";"5,0518300"
"201900037124";"16";"1";"2019";"17:30";"2";"19";"19031";"2";"1";"1";"6";"KENNEDY (AVENUE JOHN)";"45,1665100";"1,5442800"
"201900037125";"19";"1";"2019";"02:10";"5";"18";"18279";"2";"1";"1";"7";"BAS DE GRANGE (RUE ET PLACE)";"47,2249063";"2,0514101"
"201900037126";"14";"1";"2019";"12:25";"1";"18";"18033";"2";"1";"1";"6";"SAINT-MICHEL (ROUTE DE)";"47,1044384";"2,4244335"
"201900037127";"20";"1";"2019";"08:00";"2";"17";"17300";"2";"2";"1";"1";"SCIERIE   RUE DE LA";"46,1473900";" -1,1530700"
"201900037128";"19";"1";"2019";"10:40";"1";"17";"17300";"2";"2";"1";"1";"CREPEAU   AVENUE MICHEL";"46,1492200";" -1,1586600"
"201900037129";"18";"1";"2019";"16:35";"1";"17";"17300";"2";"3";"1";"6";"MINAGE   RUE DU";"46,1627900";" -1,1507100"
"201900037130";"17";"1";"2019";"15:30";"1";"17";"17300";"2";"3";"1";"3";"BILLAUD-VARENNE   AVENUE";"46,1519100";" -1,1206300"
"201900037131";"18";"1";"2019";"07:40";"5";"17";"17299";"2";"6";"1";"3";"BEGON ROND POINT ET RUE";"45,9431000";" -0,9601100"
"201900037132";"19";"1";"2019";"13:40";"1";"13";"13071";"2";"1";"1";"6";"MITTERRAND (AVENUE FRANCOIS)";"43,3873200";"5,3459700"
"201900037133";"16";"1";"2019";"09:10";"1";"13";"13071";"1";"1";"1";"1";"CAPITAINE DE CORVETTE P.BRUTUS";"43,3949300";"5,3144800"
"201900037134";"20";"1";"2019";"15:50";"1";"13";"13204";"2";"1";"8";"6";"MARÉCHAL FOCH (AVENUE)";"43,3011500";"5,3987400"
"201900037135";"19";"1";"2019";"21:20";"5";"13";"13202";"2";"6";"1";"7";"TOURETTE (ESPLANADE DE LA)";"43,2969700";"5,3629600"
"201900037136";"19";"1";"2019";"21:05";"5";"13";"13211";"2";"1";"1";"7";"SAINT MENET (MONTEE)";"43,2934600";"5,4941800"
"201900037137";"19";"1";"2019";"18:30";"5";"13";"13210";"2";"1";"1";"6";"CAPELETTE (AVENUE DE LA)";"43,2803200";"5,4084100"
"201900037138";"19";"1";"2019";"18:05";"5";"13";"13209";"2";"1";"1";"6";"SCHLOESING (BOULEVARD)";"43,2702600";"5,4026000"
"201900037139";"19";"1";"2019";"12:30";"1";"13";"13002";"2";"3";"1";"3";"SALVATORE ALLENDE (BOULEVARD)";"43,3526740";"5,4822440"
"201900037140";"19";"1";"2019";"12:10";"1";"13";"13209";"2";"1";"1";"3";"FONT SEGUNE (BOULEVARD)";"43,2451800";"5,4224700"
"201900037141";"19";"1";"2019";"05:25";"5";"13";"13212";"2";"1";"1";"1";"MONTOLIVET (AVENUE DE)";"43,3174547";"5,4169980"
"201900037142";"18";"1";"2019";"19:45";"5";"13";"13212";"2";"1";"1";"4";"Edmond PIRIAN (rue)";"43,3054100";"5,4251000"
"201900037143";"18";"1";"2019";"18:45";"5";"13";"13210";"2";"1";"1";"3";"MARCEL ACHILLE (BOULEVARD)";"43,2780000";"5,4200000"
"201900037144";"18";"1";"2019";"18:30";"5";"13";"13203";"2";"1";"1";"7";"DOCTEUR LÉON PERRIN (RUE)";"43,3131950";"5,3862700"
"201900037145";"18";"1";"2019";"15:50";"1";"13";"13208";"2";"1";"1";"3";"MICHELET (BOULEVARD)";"43,2690000";"5,3930000"
"201900037146";"18";"1";"2019";"14:00";"1";"13";"13215";"2";"3";"1";"3";"VISTE (AVENUE DE LA)";"43,3621880";"5,3572740"
"201900037147";"18";"1";"2019";"07:15";"5";"13";"13212";"2";"7";"1";"7";"BOURRELY (BOULEVARD)";"43,3150200";"5,4376700"
"201900037148";"18";"1";"2019";"07:10";"2";"13";"13213";"2";"1";"1";"6";"ALBERT EINSTEIN (RUE)";"43,3392400";"5,4393800"
"201900037149";"17";"1";"2019";"22:00";"5";"13";"13211";"2";"1";"1";"3";"VALENTINE (ROUTE DE LA)";"43,2906700";"5,4718900"
"201900037150";"17";"1";"2019";"21:45";"5";"13";"13212";"2";"2";"1";"1";"CAILLOLS (AVENUE DES)";"43,3040220";"5,4225130"
"201900037151";"17";"1";"2019";"15:30";"1";"13";"13213";"2";"1";"1";"3";"MARATHON (RUE DE)";"43,3259600";"5,4125900"
"201900037152";"17";"1";"2019";"12:15";"1";"13";"13206";"2";"1";"1";"6";"PARADIS (RUE)";"43,2876600";"5,3791800"
"201900037153";"17";"1";"2019";"07:30";"5";"13";"13201";"2";"2";"2";"3";"SAINTE (RUE)         1 A 73";"43,2917700";"5,3717700"
"201900037154";"17";"1";"2019";"06:00";"1";"13";"13215";"1";"9";"7";"7";"ALPHONSE CANOVAS (PLACE)";"43,3714210";"5,3553920"
"201900037155";"16";"1";"2019";"12:00";"1";"13";"13209";"2";"1";"1";"3";"SAINTE MARGUERITE (BOULEVARD)";"43,2612900";"5,4148900"
"201900037156";"18";"1";"2019";"22:00";"4";"13";"13001";"2";"1";"1";"7";"GALICE (RTE)";"43,5293800";"5,4218900"
"201900037157";"17";"1";"2019";"22:25";"3";"13";"13001";"2";"1";"1";"7";"RD 7";"43,4931500";"5,4062100"
"201900037158";"17";"1";"2019";"14:20";"1";"13";"13001";"2";"6";"1";"3";"DEPORTES DE LA RESISTANCE(AV)";"43,5225900";"5,4605700"