"Num_Acc";"jour";"mois";"an";"hrmn";"lum";"dep";"com";"agg";"int";"atm";"col";"adr";"lat";"long"
"201900037159";"16";"1";"2019";"19:30";"2";"13";"13001";"2";"1";"1";"1";"RD 7";"43,5526104";"5,4238077"
"201900037160";"18";"1";"2019";"18:30";"3";"12";"12100";"1";"1";"2";"4";"RD 840 (AXE BRIVE MEDITERRANEE)";"44,5413480";"2,3109230"
"201900037161";"17";"1";"2019";"11:58";"1";"11";"11262";"2";"6";"1";"3";"MAYOLLE (BOULEVARD DE LA)";"43,1750000";"3,0090000"
"201900037162";"18";"1";"2019";"07:38";"3";"10";"10081";"1";"1";"4";"7";"ROCADE EST (RD 610)";"48,3272000";"4,0539000"
"201900037163";"20";"1";"2019";"18:15";"5";"6";"06088";"2";"1";"1";"3";"CESSOLE (BD DE) (JUSQU'AU N° 93-110)";"43,7110500";"7,2556500"
"201900037164";"18";"1";"2019";"07:36";"2";"6";"06088";"2";"1";"1";"3";"VOIE RAPIDE";"43,6754800";"7,2227400"
"201900037165";"18";"1";"2019";"11:50";"1";"6";"06069";"2";"1";"1";"2";"PEGOMAS (ROUTE DE)";"43,6417200";"6,9375400"
"201900037166";"16";"1";"2019";"19:50";"5";"6";"06029";"2";"1";"1";"1";"PICAUD (AVENUE DU DOCTEUR)";"43,5508000";"7,0034000"
"201900037167";"18";"1";"2019";"08:48";"1";"6";"06123";"2";"1";"1";"5";"R.N. 7";"43,6637000";"7,1980100"
"201900037168";"18";"1";"2019";"10:48";"1";"6";"06027";"2";"1";"1";"3";"CANNES AVENUE DE (RN7)";"43,6536180";"7,1468040"
"201900037169";"17";"1";"2019";"15:50";"1";"6";"06027";"2";"1";"1";"6";"VERNE RUE JULES";"43,6610100";"7,1442400"
"201900037170";"18";"1";"2019";"16:30";"1";"6";"06004";"2";"1";"1";"3";"ALGER RUE D'";"43,5812100";"7,1188400"
"201900037171";"16";"1";"2019";"12:21";"1";"5";"05061";"2";"3";"1";"6";"DOCTEUR AYASSE ( RUE DU )";"44,5639900";"6,0890200"
"201900037172";"16";"1";"2019";"12:19";"1";"5";"05061";"2";"1";"1";"7";"SAGNIERES ( RUE DES )";"44,5498700";"6,0653400"
"201900037173";"16";"1";"2019";"10:30";"1";"5";"05061";"2";"1";"1";"2";"EMILE DIDIER ( AV )";"44,5667300";"6,0954500"
"201900037174";"12";"1";"2019";"16:40";"1";"5";"05061";"1";"1";"1";"1";"RN 85";"44,5838700";"6,0822100"
"201900037175";"18";"1";"2019";"14:50";"1";"5";"05023";"2";"1";"1";"7";"FONTENIL (ROUTE DU)";"44,9030800";"6,6534700"
"201900037176";"18";"1";"2019";"17:30";"1";"4";"04112";"1";"3";"1";"3";"RD 907 / RD 6";"43,8324100";"5,7626100"
"201900037177";"15";"1";"2019";"16:55";"2";"4";"04070";"2";"6";"1";"3";"RP Mc Donald";"44,0771899";"6,1871239"
"201900037178";"18";"1";"2019";"16:00";"1";"2";"02408";"2";"1";"1";"6";"SAINT MARCEL (RAMPE)";"49,5667200";"3,6180300"
"201900037179";"16";"1";"2019";"19:10";"5";"75";"75113";"2";"1";"1";"5";"PORTE D ITALIE";"48,8161200";"2,3599110"
"201900037180";"20";"1";"2019";"04:05";"5";"75";"75104";"2";"1";"8";"6";"QUAI DES CELESTINS";"48,8513550";"2,3614060"
"201900037181";"19";"1";"2019";"21:05";"5";"75";"75114";"2";"2";"1";"3";"RUE D ALESIA";"48,8327370";"2,3115400"
"201900037182";"19";"1";"2019";"00:01";"5";"75";"75106";"2";"5";"1";"3";"BOULEVARD SAINT MICHEL";"48,8503560";"2,3425890"
"201900037183";"18";"1";"2019";"16:00";"1";"75";"75105";"2";"1";"1";"7";"BOULEVARD SAINT MICHEL";"48,8475400";"2,3409720"
"201900037184";"17";"1";"2019";"10:50";"1";"75";"75105";"2";"3";"1";"2";"BOULEVARD SAINT MICHEL";"48,8473400";"2,3408440"
"201900037185";"20";"1";"2019";"21:10";"5";"75";"75120";"2";"3";"1";"6";"RUE DE MENILMONTANT";"48,8695250";"2,3931590"
"201900037186";"20";"1";"2019";"12:35";"1";"75";"75120";"2";"3";"8";"2";"RUE DE BELLEVILLE";"48,8746850";"2,3877790"
"201900037187";"20";"1";"2019";"12:15";"1";"75";"75120";"2";"3";"1";"6";"RUE DES PYRENEES";"48,8554100";"2,4052980"
"201900037188";"18";"1";"2019";"23:05";"5";"75";"75120";"2";"2";"1";"3";"RUE DE LA PLAINE";"48,8499570";"2,4022550"
"201900037189";"16";"1";"2019";"13:10";"1";"75";"75120";"2";"1";"1";"6";"AVENUE GAMBETTA";"48,8725110";"2,4047090"
"201900037190";"16";"1";"2019";"11:30";"1";"75";"75120";"2";"2";"1";"3";"RUE DE LAGNY";"48,8490200";"2,4092270"
"201900037191";"19";"1";"2019";"05:10";"5";"75";"75119";"2";"2";"1";"2";"AVENUE JEAN JAURES";"48,8887780";"2,3930790"
"201900037192";"20";"1";"2019";"06:05";"5";"75";"75118";"2";"1";"2";"6";"RUE DE CLIGNANCOURT";"48,8919480";"2,3487820"
"201900037193";"17";"1";"2019";"14:15";"1";"75";"75118";"2";"1";"1";"7";"BOULEVARD NEY";"48,8985950";"2,3633050"
"201900037194";"16";"1";"2019";"18:30";"5";"75";"75118";"2";"2";"1";"3";"RUE ORDENER";"48,8904060";"2,3558280"
"201900037195";"18";"1";"2019";"20:15";"5";"75";"75117";"2";"7";"1";"6";"BOULEVARD DE LA SOMME";"48,8860030";"2,2890890"
"201900037196";"17";"1";"2019";"11:20";"1";"75";"75117";"2";"2";"8";"3";"AVENUE STEPHANE MALLARME";"48,8861650";"2,2922930"
"201900037197";"16";"1";"2019";"23:20";"5";"75";"75117";"2";"2";"2";"6";"RUE DE COURCELLES";"48,8875480";"2,2947220"
"201900037198";"16";"1";"2019";"15:00";"1";"75";"75117";"2";"1";"1";"4";"PORTE DE CHAMPERRET";"48,8864230";"2,2892970"
"201900037199";"20";"1";"2019";"15:45";"1";"75";"75116";"2";"1";"1";"6";"RUE DE LA POMPE";"48,8683770";"2,2814440"
"201900037200";"19";"1";"2019";"10:30";"1";"75";"75116";"2";"1";"1";"6";"AVENUE KLEBER";"48,8637210";"2,2877370"
"201900037201";"18";"1";"2019";"11:25";"1";"75";"75116";"2";"7";"1";"3";"PLACE D IENA";"48,8648720";"2,2941120"
"201900037202";"19";"1";"2019";"18:30";"2";"75";"75115";"2";"7";"2";"6";"PLACE DES MARTYRS JUIFS DU VELODROME D H";"48,8544420";"2,2886840"
"201900037203";"19";"1";"2019";"16:00";"1";"75";"75115";"2";"3";"8";"3";"AVENUE DE SUFFREN";"48,8464890";"2,3083650"
"201900037204";"19";"1";"2019";"01:45";"5";"75";"75115";"2";"1";"1";"3";"BOULEVARD DE VAUGIRARD";"48,8417010";"2,3187710"
"201900037205";"18";"1";"2019";"17:15";"2";"75";"75115";"2";"1";"1";"6";"RUE CAUCHY";"48,8432920";"2,2752310"
"201900037206";"18";"1";"2019";"16:10";"1";"75";"75115";"2";"1";"1";"3";"RUE DE LA CROIX NIVERT";"48,8361260";"2,2896230"
"201900037207";"16";"1";"2019";"15:00";"1";"75";"75115";"2";"2";"1";"4";"RUE DES ENTREPRENEURS";"48,8450590";"2,2895110"
"201900037208";"20";"1";"2019";"14:05";"1";"75";"75114";"2";"1";"8";"3";"AVENUE DU MAINE";"48,8312830";"2,3254600"
"201900037209";"17";"1";"2019";"14:45";"1";"75";"75114";"2";"3";"1";"3";"RUE VERCINGETORIX";"48,8373640";"2,3194430"
"201900037210";"16";"1";"2019";"17:15";"5";"75";"75114";"2";"3";"1";"3";"RUE D ALESIA";"48,8298410";"2,3211680"
"201900037211";"20";"1";"2019";"17:35";"5";"75";"75113";"2";"2";"8";"3";"RUE DE TOLBIAC";"48,8276700";"2,3713800"
"201900037212";"19";"1";"2019";"23:25";"5";"75";"75113";"2";"2";"3";"3";"RUE DE PATAY";"48,8286320";"2,3699250"
"201900037213";"18";"1";"2019";"14:15";"1";"75";"75113";"2";"1";"1";"6";"RUE DU CHATEAU DES RENTIERS";"48,8280670";"2,3675620"
"201900037214";"17";"1";"2019";"17:15";"1";"75";"75113";"2";"1";"2";"6";"RUE DE TOLBIAC";"48,8294700";"2,3747420"
"201900037215";"20";"1";"2019";"14:25";"1";"75";"75112";"2";"2";"1";"2";"BOULEVARD DIDEROT";"48,8473410";"2,3867790"
"201900037216";"19";"1";"2019";"04:50";"5";"75";"75112";"2";"1";"1";"6";"COURS DE VINCENNES";"48,8476380";"2,4042540"
"201900037217";"18";"1";"2019";"23:30";"5";"75";"75112";"2";"1";"1";"6";"BOULEVARD PERIPHERIQUE";"48,8291100";"2,3999710"
"201900037218";"18";"1";"2019";"21:15";"3";"75";"75112";"2";"1";"1";"6";"AVENUE DAUMESNIL";"48,8396470";"2,4310160"
"201900037219";"17";"1";"2019";"13:15";"1";"75";"75112";"2";"2";"1";"3";"RUE PARROT";"48,8469300";"2,3738630"
"201900037220";"16";"1";"2019";"20:55";"5";"75";"75112";"2";"3";"1";"3";"RUE DE CHARENTON";"48,8479830";"2,3766280"
"201900037221";"18";"1";"2019";"10:45";"1";"75";"75111";"2";"7";"1";"3";"PLACE LEON BLUM";"48,8578680";"2,3810760"
"201900037222";"17";"1";"2019";"12:30";"1";"75";"75111";"2";"3";"2";"3";"AVENUE DE LA REPUBLIQUE";"48,8666420";"2,3673080"
"201900037223";"17";"1";"2019";"10:50";"1";"75";"75111";"2";"1";"2";"6";"BOULEVARD RICHARD LENOIR";"48,8598200";"2,3718490"
"201900037224";"18";"1";"2019";"12:25";"1";"75";"75110";"2";"2";"1";"6";"RUE DU FAUBOURG POISSONNIERE";"48,8772070";"2,3489960"
"201900037225";"17";"1";"2019";"21:00";"5";"75";"75110";"2";"1";"1";"3";"QUAI DE VALMY";"48,8768480";"2,3646880"
"201900037226";"17";"1";"2019";"09:00";"1";"75";"75110";"2";"1";"1";"2";"RUE PHILIPPE DE GIRARD";"48,8806950";"2,3620140"
"201900037227";"17";"1";"2019";"02:35";"5";"75";"75110";"2";"1";"2";"6";"BOULEVARD DE MAGENTA";"48,8810480";"2,3517930"
"201900037228";"20";"1";"2019";"02:02";"5";"75";"75108";"2";"2";"2";"3";"BOULEVARD HAUSSMANN";"48,8750390";"2,3091950"
"201900037229";"19";"1";"2019";"18:45";"5";"75";"75108";"2";"7";"2";"3";"PLACE CHARLES DE GAULLE";"48,8738280";"2,2959050"
"201900037230";"18";"1";"2019";"16:26";"1";"75";"75108";"2";"7";"1";"6";"RUE D AMSTERDAM";"48,8833430";"2,3271670"
"201900037231";"17";"1";"2019";"18:10";"5";"75";"75108";"2";"1";"2";"7";"BOULEVARD DE COURCELLES";"48,8794400";"2,3044930"
"201900037232";"17";"1";"2019";"15:25";"1";"75";"75108";"2";"1";"2";"6";"AVENUE DES CHAMPS ELYSEES";"48,8708700";"2,3037600"
"201900037233";"17";"1";"2019";"13:30";"1";"75";"75108";"2";"1";"8";"6";"AVENUE DES CHAMPS ELYSEES";"48,8710510";"2,3036100"
"201900037234";"16";"1";"2019";"21:30";"5";"75";"75108";"2";"3";"1";"3";"AVENUE GEORGE V";"48,8661470";"2,3013440"
"201900037235";"15";"1";"2019";"05:30";"5";"75";"75108";"2";"2";"1";"3";"RUE DE PONTHIEU";"48,8702160";"2,3110700"
"201900037236";"19";"1";"2019";"10:00";"1";"75";"75107";"2";"1";"1";"6";"QUAI D ORSAY";"48,8628970";"2,3169590"
"201900037237";"18";"1";"2019";"16:58";"2";"75";"75107";"2";"3";"1";"7";"RUE SAINT DOMINIQUE";"48,8593740";"2,3195560"
"201900037238";"20";"1";"2019";"16:57";"2";"75";"75101";"2";"1";"1";"6";"BOULEVARD DU PALAIS";"48,8560110";"2,3463540"
"201900037239";"19";"1";"2019";"19:45";"5";"75";"75104";"2";"1";"2";"6";"QUAI DE L HOTEL DE VILLE";"48,8547800";"2,3539170"
"201900037240";"18";"1";"2019";"19:10";"5";"75";"75101";"2";"7";"1";"3";"QUAI DES TUILERIES";"48,8601260";"2,3333530"
"201900037241";"17";"1";"2019";"08:24";"1";"75";"75104";"2";"2";"8";"3";"QUAI DE GESVRES";"48,8567120";"2,3489250"
"201900037242";"16";"1";"2019";"13:35";"1";"75";"75104";"2";"2";"1";"6";"RUE DE RIVOLI";"48,8559560";"2,3579760"
"201900037243";"17";"1";"2019";"12:40";"1";"75";"75111";"2";"1";"8";"3";"BOULEVARD DU TEMPLE";"48,8659070";"2,3650430"
"201900037244";"16";"1";"2019";"10:50";"1";"75";"75103";"2";"7";"1";"3";"PLACE DE LA REPUBLIQUE";"48,8673420";"2,3633750"
"201900037245";"18";"1";"2019";"09:20";"1";"75";"75101";"2";"1";"1";"7";"RUE BAILLEUL";"48,8609540";"2,3419670"
"201900037246";"20";"1";"2019";"16:05";"1";"94";"94058";"2";"1";"1";"6";"PIERRE BROSSOLETTE (AV)";"48,8349900";"2,5037800"
"201900037247";"19";"1";"2019";"12:30";"1";"94";"94058";"2";"1";"2";"3";"HUIT MAI 1945 (AV DU)";"48,8495040";"2,5089040"
"201900037248";"18";"1";"2019";"22:05";"5";"94";"94046";"2";"3";"1";"6";"PROFESSEUR CADIOT (AV DU)";"48,8054000";"2,4315000"
"201900037249";"18";"1";"2019";"18:30";"5";"94";"94076";"2";"9";"1";"6";"MAXIME GORKI (BD)";"48,7970000";"2,3682100"
"201900037250";"18";"1";"2019";"15:35";"1";"94";"94076";"2";"3";"1";"3";"MARCEL GROSMESNIL (R)";"48,7967000";"2,3546900"
"201900037251";"17";"1";"2019";"09:30";"1";"94";"94076";"2";"1";"1";"7";"PARIS (AV DE)";"48,8043400";"2,3644600"
"201900037252";"17";"1";"2019";"09:00";"1";"94";"94037";"2";"1";"1";"2";"PAUL VAILLANT COUTURIER (AV)";"48,8162766";"2,3418152"
"201900037253";"18";"1";"2019";"12:10";"1";"94";"94041";"2";"1";"1";"6";"MARCEL HARTMANN (R)";"48,8075000";"2,3846700"
"201900037254";"17";"1";"2019";"17:50";"5";"94";"94041";"2";"1";"8";"6";"PIERRE SEMARD (AV)";"48,8176800";"2,3814800"
"201900037255";"18";"1";"2019";"16:20";"2";"94";"94073";"2";"1";"1";"3";"RN 186";"48,7537700";"2,3628100"
"201900037256";"19";"1";"2019";"20:00";"5";"94";"94033";"2";"1";"2";"6";"LA FONTAINE (R)";"48,8583300";"2,4793900"
"201900037257";"31";"8";"2019";"00:40";"5";"974";"97407";"2";"1";"1";"6";"14 JUILLET 1789(AVENUE DU)";" -20,9325200";"55,2947500"
"201900037258";"19";"1";"2019";"13:45";"1";"94";"94011";"2";"1";"2";"2";"BOISSY.(AVENUE DE)";"48,7635200";"2,4935500"
"201900037259";"18";"1";"2019";"16:45";"2";"94";"94028";"2";"1";"1";"6";"LAFERRIERE(AVENUE)";"48,7995400";"2,4538860"
"201900037260";"18";"1";"2019";"13:55";"1";"94";"94028";"2";"9";"1";"2";"POMPADOUR(CARREFOUR)";"48,7742200";"2,4397900"
"201900037261";"28";"8";"2019";"07:55";"1";"973";"97302";"2";"1";"1";"3";"BADUEL (ROUTE DE)";"4,9345603";" -52,3115301"
"201900037262";"18";"1";"2019";"07:30";"5";"94";"94028";"2";"1";"1";"6";"VERDUN.(AVENUE DE)";"48,7968000";"2,4636400"
"201900037263";"17";"1";"2019";"07:50";"2";"94";"94028";"2";"1";"1";"6";"DEMENITROUX(RUE MAURICE)";"48,7891400";"2,4545300"
"201900037264";"20";"1";"2019";"13:30";"1";"94";"94022";"2";"1";"2";"7";"JULES VALLES (R)";"48,7551000";"2,4100000"
"201900037265";"18";"1";"2019";"13:00";"1";"94";"94019";"2";"1";"1";"2";"LIBERATION (RTE DE LA)";"48,8057000";"2,5338000"
"201900037266";"17";"1";"2019";"08:45";"1";"94";"94004";"2";"3";"1";"3";"GENERAL LECLERC (AV)";"48,7545100";"2,5060100"
"201900037267";"18";"1";"2019";"20:20";"5";"93";"93073";"2";"2";"1";"3";"BERGER (RUE GILBERT)";"48,9492300";"2,5745800"
"201900037268";"18";"1";"2019";"17:00";"1";"93";"93078";"2";"1";"1";"6";"DELESTRAIN (AVENUE DU GENERAL)";"48,9462100";"2,5606200"
"201900037269";"27";"8";"2019";"19:25";"5";"973";"97302";"2";"2";"1";"3";"ROBERT VIGNON (RUE)";"4,9313536";" -52,3227739"
"201900037270";"29";"8";"2019";"16:40";"1";"69";"69383";"2";"2";"1";"5";"BALME (DE LA)                       (R )";"45,7508700";"4,8955600"
"201900037271";"30";"8";"2019";"07:20";"1";"69";"69383";"2";"1";"1";"6";"LOUIS                               (R )";"45,7520700";"4,8885700"
"201900037272";"29";"8";"2019";"18:40";"1";"69";"69389";"2";"1";"1";"6";"RENE CASSIN                         (AV)";"45,7690500";"4,8072000"
"201900037273";"29";"8";"2019";"08:05";"1";"69";"69387";"2";"1";"1";"2";"TCHECOSLOVAQUES (DES)         (BD)";"45,7457600";"4,8585200"
"201900037274";"29";"8";"2019";"00:30";"5";"69";"69383";"2";"3";"1";"3";"SERVIENT                            (R )";"45,7603800";"4,8477000"
"201900037275";"27";"8";"2019";"09:15";"1";"69";"69388";"2";"1";"1";"3";"MARIUS BERLIET                      (R )";"45,7383800";"4,8672300"
"201900037276";"17";"1";"2019";"17:00";"3";"93";"93073";"1";"1";"2";"5";"CHAPIT RE ( RUE DU)";"49,0030910";"2,5368530"
"201900037277";"19";"1";"2019";"09:45";"1";"93";"93070";"2";"2";"1";"6";"DOCTEUR BAUER(RUE DU) :N°  75 AU 129";"48,9054000";"2,3443000"
"201900037278";"17";"1";"2019";"08:25";"1";"93";"93070";"2";"1";"8";"5";"MICHELET (AVE) : DU 1 AU 103";"48,9090000";"2,3410000"
"201900037279";"19";"1";"2019";"17:35";"5";"93";"93050";"2";"9";"1";"3";"MARECHAL FOCH (AVENUE) COTE IMPAIR";"48,8554000";"2,5255800"
"201900037280";"18";"1";"2019";"10:35";"1";"93";"93050";"2";"2";"1";"3";"PAUL DOUMER (RUE)";"48,8589000";"2,5206400"
"201900037281";"18";"1";"2019";"18:20";"3";"93";"93048";"2";"1";"1";"2";"SAINT ANTOINE (RUE DE)";"48,8649300";"2,4539200"
"201900037282";"18";"1";"2019";"17:35";"5";"93";"93048";"2";"1";"1";"6";"DOUY DELCUPE (RUE)";"48,8557300";"2,4294700"
"201900037283";"18";"1";"2019";"13:30";"1";"93";"93031";"2";"1";"1";"6";"CITE MAURICE GRAND COING";"48,9656500";"2,3444600"
"201900037284";"17";"1";"2019";"13:30";"1";"93";"93031";"2";"1";"8";"3";"REPUBLIQUE (AVENUE)";"48,9465900";"2,3455200"
"201900037285";"19";"1";"2019";"12:15";"1";"93";"93029";"2";"9";"1";"6";"MAURICE BERNARD";"48,9307800";"2,4630500"
"201900037286";"26";"8";"2019";"10:35";"1";"69";"69387";"2";"1";"1";"6";"CHAMBAUD DE LA BRUYERE              (BD)";"45,7244600";"4,8420080"
"201900037287";"17";"1";"2019";"20:45";"3";"93";"93027";"2";"1";"1";"1";"SAINT-DENIS (RUE DE)";"48,9308561";"2,3821422"
"201900037288";"25";"8";"2019";"23:00";"3";"972";"97213";"1";"1";"1";"3";"ROUTE NATIONALE 5";"14,5949000";" -60,9843000"
"201900037289";"25";"8";"2019";"06:25";"1";"972";"97213";"1";"1";"1";"2";"AUTOROUTE A1";"14,6180000";" -61,0300000"
"201900037290";"30";"8";"2019";"01:40";"4";"972";"97209";"2";"1";"1";"7";"PETIT PAVOIS (RUE DU)";"14,6022400";" -61,0760700"
"201900037291";"29";"8";"2019";"15:45";"1";"972";"97209";"2";"2";"1";"7";"GENERAL DE GAULLE (BLD DU)";"14,6076300";" -61,0688800"
"201900037292";"31";"8";"2019";"21:30";"5";"69";"69385";"2";"3";"1";"6";"SOEUR JANIN                         (R )";"45,7602200";"4,7988600"
"201900037293";"30";"8";"2019";"20:40";"2";"69";"69389";"2";"1";"1";"3";"PIERRE AUDRY                        (R )";"45,7653900";"4,8060100"
"201900037294";"30";"8";"2019";"01:06";"5";"69";"69389";"2";"1";"1";"7";"ARLOING                             (QU)";"45,7736500";"4,8088600"
"201900037295";"29";"8";"2019";"17:50";"1";"69";"69389";"2";"1";"1";"3";"RENE CASSIN                         (AV)";"45,7690500";"4,8072000"
"201900037296";"29";"8";"2019";"16:45";"1";"69";"69382";"2";"3";"1";"3";"BAYARD                              (CO)";"45,7446000";"4,8195100"
"201900037297";"29";"8";"2019";"09:00";"1";"69";"69202";"2";"1";"1";"4";"VALIOUD                             (AV)";"45,7480200";"4,8122600"
"201900037298";"27";"8";"2019";"21:10";"5";"69";"69034";"2";"1";"1";"6";"GUTENBERG                           (PL)";"45,7950300";"4,8481300"
"201900037299";"26";"8";"2019";"09:25";"1";"69";"69385";"2";"1";"1";"3";"ROGER RADISSON                      (R )";"45,7620400";"4,8213300"
"201900037300";"26";"8";"2019";"10:30";"1";"69";"69081";"2";"1";"1";"2";"VALVERT                                 ";"45,7670400";"4,7818280"
"201900037301";"25";"8";"2019";"13:05";"1";"69";"69149";"2";"3";"1";"3";"PIERRE SEMARD                       (R )";"45,7173200";"4,8110900"
"201900037302";"26";"8";"2019";"10:35";"1";"2B";"2B033";"2";"9";"1";"3";"CAP - ROUTE DU CAP";"42,7094500";"9,4544200"
"201900037303";"30";"8";"2019";"15:00";"1";"971";"97105";"2";"1";"1";"3";"FLAMBOYANTS (ALLEE DES)";"16,0045100";" -61,7343300"
"201900037304";"31";"8";"2019";"08:25";"1";"2A";"2A004";"2";"1";"1";"2";"GRANDE ARMEE AVENUE";"41,9243000";"8,7298000"
"201900037305";"29";"8";"2019";"20:54";"5";"2A";"2A004";"2";"4";"1";"6";"MADAME MERE BD";"41,9156545";"8,7240620"
"201900037306";"29";"8";"2019";"07:55";"1";"2A";"2A004";"2";"1";"1";"1";"ILES SANGUINAIRES ROUTE DES";"41,9080300";"8,7074600"
"201900037307";"28";"8";"2019";"15:20";"1";"2A";"2A004";"2";"1";"1";"3";"MARECHAL LYAUTEY AVENUE PAIR";"41,9389000";"8,7455000"
"201900037308";"27";"8";"2019";"09:25";"1";"2A";"2A004";"2";"1";"1";"2";"MEZZAVIA ROUTE DE";"41,9498800";"8,7707700"
"201900037309";"26";"8";"2019";"11:35";"1";"2A";"2A004";"1";"6";"1";"3";"SOCORDIS ROND POINT";"41,9316586";"8,8024711"
"201900037310";"31";"8";"2019";"19:30";"1";"95";"95572";"2";"1";"1";"6";"BOURGOGNE (AVENUE DE)";"49,0477800";"2,1426800"
"201900037311";"26";"8";"2019";"14:30";"1";"95";"95450";"1";"4";"1";"3";"RUE DE CONFLANS";"49,0076400";"2,0738600"
"201900037312";"29";"8";"2019";"15:05";"1";"95";"95063";"2";"1";"1";"6";"AV GABRIEL PERI";"48,9288170";"2,2143440"
"201900037313";"25";"8";"2019";"20:15";"1";"91";"91161";"1";"1";"1";"6";"CHAMPS FOUX (PARC DES)";"48,7049720";"2,3226710"
"201900037314";"28";"8";"2019";"16:15";"1";"91";"91687";"2";"1";"1";"6";"DOCTEUR ROUX (RUE DU)";"48,6646000";"2,3610100"
"201900037315";"27";"8";"2019";"01:55";"4";"91";"91326";"2";"9";"1";"2";"COUR DE FRANCE (AVENUE DE LA)";"48,6890000";"2,3712000"
"201900037316";"29";"8";"2019";"21:35";"2";"91";"91433";"1";"1";"1";"1";"RD 191";"48,4349800";"2,1935900"
"201900037317";"29";"8";"2019";"23:00";"5";"91";"91027";"2";"9";"1";"3";"FRANCOIS MITTERRAND (AVENUE)";"48,7162100";"2,3708520"
"201900037318";"25";"8";"2019";"16:20";"1";"91";"91339";"2";"1";"1";"6";"ROYAL (CHEMIN)";"48,6220000";"2,2620000"
"201900037319";"25";"8";"2019";"02:23";"5";"91";"91425";"2";"1";"1";"2";"EUROPE (PLACE DE L')";"48,6400000";"2,2670000"
"201900037320";"24";"8";"2019";"18:30";"1";"90";"90010";"2";"9";"1";"3";"MENDES FRANCE (RUE)";"47,6390470";"6,8779913"
"201900037321";"30";"8";"2019";"13:08";"1";"87";"87065";"2";"3";"1";"3";"MERMOZ (RUE JEAN-)";"45,8120300";"1,3024200"
"201900037322";"29";"8";"2019";"22:10";"4";"87";"87075";"1";"1";"1";"6";"D74";"45,7909700";"1,2073900"
"201900037323";"28";"8";"2019";"19:55";"1";"87";"87085";"2";"2";"1";"3";"BOMBAL (RUE EUSEBE)";"45,8441900";"1,2358400"
"201900037324";"28";"8";"2019";"17:00";"1";"87";"87085";"1";"1";"1";"2";"AUTOROUTE A20";"45,8466000";"1,2770500"
"201900037325";"28";"8";"2019";"07:45";"1";"87";"87085";"2";"6";"1";"3";"21 AOUT 1944 (BD DU)";"45,8110700";"1,2573200"
"201900037326";"24";"8";"2019";"19:01";"1";"87";"87050";"1";"1";"1";"6";"BELLEGARDE(RUE DU PETIT)";"45,8758500";"1,1914800"
"201900037327";"24";"8";"2019";"02:10";"5";"87";"87085";"2";"1";"1";"6";"PALAIS (ROUTE DU)";"45,8502000";"1,2983700"
"201900037328";"24";"8";"2019";"06:32";"5";"87";"87085";"2";"1";"1";"6";"15 DE GAULLE (AVENUE DU GENERAL)";"45,8339600";"1,2655100"
"201900037329";"30";"8";"2019";"13:15";"1";"86";"86194";"2";"1";"1";"1";"JOHN KENNEDY (AVENUE)";"46,5855500";"0,3661500"
"201900037330";"26";"8";"2019";"22:27";"5";"86";"86194";"2";"1";"1";"1";"PARIS (AVENUE DE)";"46,6028404";"0,3426147"
"201900037331";"29";"8";"2019";"05:20";"5";"85";"85194";"2";"6";"1";"3";"ROND-POINT DU DOCTEUR CHARCOT ";"46,5053600";" -1,7900000"
"201900037332";"26";"8";"2019";"13:20";"1";"85";"85194";"2";"6";"1";"3";"RUE GEORGES CLEMENCEAU ";"46,4996500";" -1,7564500"
"201900037333";"30";"8";"2019";"10:25";"1";"85";"85191";"2";"1";"1";"3";"RUE OLOF PALME ";"46,6580900";" -1,4202900"
"201900037334";"29";"8";"2019";"06:05";"5";"84";"84087";"2";"6";"1";"3";"ARC DE TRIOMPHE (AVENUE DE L')";"44,1417300";"4,8049600"
"201900037335";"24";"8";"2019";"06:45";"1";"83";"83123";"2";"1";"1";"4";"BANDOL (ROUTE)N° PAIRS";"43,1356600";"5,7782300"
"201900037336";"29";"8";"2019";"21:35";"3";"83";"83069";"1";"1";"1";"3";"MARINE (BOULEVARD DE LA)";"43,0893500";"6,1593800"
"201900037337";"28";"8";"2019";"17:15";"1";"80";"80021";"2";"1";"1";"3";"PAUL CLAUDEL (AVENUE)";"49,8753100";"2,2799600"
"201900037338";"28";"8";"2019";"03:35";"3";"80";"80164";"1";"1";"1";"2";"N25";"49,8911700";"2,3746200"
"201900037339";"25";"8";"2019";"09:30";"1";"80";"80021";"2";"1";"1";"6";"BD D'ALSACE LORRAINE";"49,8943300";"2,3092600"
"201900037340";"23";"8";"2019";"20:50";"2";"80";"80021";"1";"9";"1";"2";"ROCADE NORD RN 1";"49,9263600";"2,2991500"
"201900037341";"29";"8";"2019";"11:40";"1";"79";"79191";"2";"1";"1";"6";"150 rue de Souché";"46,3259800";" -0,4344200"
"201900037342";"30";"8";"2019";"16:30";"1";"78";"78172";"2";"1";"1";"2";"BRETELLE ACCES RD203/RN184";"48,9984300";"2,0806800"
"201900037343";"26";"8";"2019";"21:55";"3";"77";"77118";"1";"1";"1";"2";"ROUTE NATIONALE 3";"48,9422000";"2,6453000"
"201900037344";"30";"8";"2019";"11:00";"1";"77";"77350";"1";"1";"1";"3";"CD 471";"48,7809700";"2,7097500"
"201900037345";"31";"8";"2019";"23:15";"5";"77";"77468";"2";"1";"1";"3";"COUVENT (RUE DU)";"48,8515800";"2,6548500"
"201900037346";"30";"8";"2019";"13:56";"1";"77";"77058";"2";"1";"1";"6";"GENERAL DE GAULLE  (AVENUE DU)";"48,8375400";"2,7075400"