"Num_Acc";"jour";"mois";"an";"hrmn";"lum";"dep";"com";"agg";"int";"atm";"col";"adr";"lat";"long"
"201900037347";"17";"8";"2019";"12:01";"1";"77";"77132";"2";"9";"2";"6";"ROBERT SHUMAN ( AVENUE )";"48,8702820";"2,7947360"
"201900037348";"28";"8";"2019";"18:30";"1";"76";"76575";"2";"1";"1";"6";"MADRILLET. RUE DU";"49,3924400";"1,0730800"
"201900037349";"27";"8";"2019";"12:15";"1";"76";"76410";"1";"1";"1";"3";"VALETTE. COTE DE LA (RN 15)";"49,4878700";"1,0319700"
"201900037350";"26";"8";"2019";"17:10";"1";"76";"76231";"2";"2";"1";"6";"RN 840 (RUE DU NEUBOURG)";"49,2848000";"1,0085400"
"201900037351";"29";"8";"2019";"13:52";"1";"76";"76270";"2";"6";"1";"2";"JEAN JAURES";"49,5300900";"0,1431600"
"201900037352";"27";"8";"2019";"17:15";"1";"76";"76351";"2";"3";"1";"5";"GENERAL FERRIE (AVENUE)";"49,5098400";"0,1745500"
"201900037353";"22";"8";"2019";"16:30";"1";"76";"76545";"1";"1";"1";"1";"RD 154E";"49,9128900";"1,0958200"
"201900037354";"24";"8";"2019";"20:00";"1";"76";"76026";"1";"9";"1";"1";"RD 23";"49,8784800";"1,1210700"
"201900037355";"28";"8";"2019";"14:00";"1";"74";"74013";"2";"1";"1";"6";"GENEVE R.N 5 (ROUTE DE)";"46,3507500";"6,4349800"
"201900037356";"26";"8";"2019";"16:40";"1";"74";"74012";"2";"3";"1";"3";"VERDUN (AVENUE DE)";"46,1881500";"6,2437700"
"201900037357";"19";"8";"2019";"18:15";"1";"73";"73008";"2";"3";"1";"4";"MARLIOZ AVENUE DE";"45,6829907";"5,9120627"
"201900037358";"31";"8";"2019";"16:25";"1";"72";"72181";"2";"1";"1";"6";"RENOIR (RUE)";"47,9727300";"0,2146800"
"201900037359";"23";"8";"2019";"18:40";"1";"72";"72181";"2";"1";"1";"3";"DURAND GEORGES (AV) N° PAIRS 166 A 310";"47,9713600";"0,2171100"
"201900037360";"28";"8";"2019";"00:40";"5";"71";"71270";"2";"1";"1";"6";"NEUF CLES (BOULEVARD DES)";"46,3098800";"4,8206600"
"201900037361";"30";"8";"2019";"17:20";"1";"71";"71153";"2";"1";"1";"3";"MARECHAL FOCH (RUE)";"46,8057094";"4,4339061"
"201900037362";"26";"8";"2019";"18:20";"1";"71";"71076";"2";"1";"1";"3";"COTY (RUE RENE)";"46,7934700";"4,8673900"
"201900037363";"22";"8";"2019";"22:50";"3";"70";"70550";"1";"1";"1";"7";"ROCADE OUEST - RD 457";"47,6397300";"6,1410000"
"201900037364";"27";"8";"2019";"07:30";"1";"69";"69256";"2";"6";"1";"6";"PAUL MARCELLIN                      (AV)";"45,7756800";"4,9315400"
"201900037365";"30";"8";"2019";"00:10";"5";"69";"69266";"2";"2";"1";"3";"BELLECOMBE   (Rue)";"45,7693000";"4,8630400"
"201900037366";"7";"1";"2019";"10:40";"1";"69";"69266";"2";"3";"1";"6";"ALEXIS PERRONCEL     (Rue)";"45,7755200";"4,8817400"
"201900037367";"27";"8";"2019";"18:30";"1";"69";"69266";"2";"9";"1";"6";"LIGNE DE L'EST      (Chemin)";"45,7572000";"4,9021000"
"201900037368";"16";"8";"2019";"10:10";"1";"69";"69256";"2";"1";"1";"3";"REPUBLIQUE (DE LA)                  (R )";"45,7864800";"4,9233300"
"201900037369";"31";"8";"2019";"10:50";"1";"69";"69091";"2";"1";"1";"2";"NEUVE  ( RTE )";"45,5840400";"4,7671400"
"201900037370";"28";"8";"2019";"17:20";"1";"67";"67482";"2";"1";"1";"6";"STAEDEL (RUE)";"48,5573200";"7,7542200"
"201900037371";"28";"8";"2019";"16:45";"1";"67";"67482";"2";"3";"1";"3";"JACQUES KABLE (RUE)";"48,5921800";"7,7440800"
"201900037372";"24";"8";"2019";"17:40";"1";"67";"67482";"2";"3";"1";"3";"RHIN (ROUTE DU)";"48,5733840";"7,7980020"
"201900037373";"24";"8";"2019";"12:00";"1";"67";"67447";"2";"3";"1";"3";"LAUTERBOURG (RUE DE)";"48,6092400";"7,7446500"
"201900037374";"29";"8";"2019";"13:13";"1";"66";"66136";"2";"1";"1";"6";"KENNEDY (BD JOHN-FITZGERALD)";"42,6867200";"2,9067100"
"201900037375";"29";"8";"2019";"10:04";"1";"66";"66136";"2";"1";"1";"1";"JULIEN PANCHOT (AVENUE)";"42,6871200";"2,8704000"
"201900037376";"25";"8";"2019";"19:34";"1";"66";"66136";"2";"3";"1";"1";"VIELLEDENT (JEAN)";"42,6948700";"2,9010500"
"201900037377";"25";"8";"2019";"19:10";"1";"66";"66136";"2";"1";"1";"3";"PALMAROLE (COURS FRANCOIS)";"42,7021900";"2,8947900"
"201900037378";"31";"8";"2019";"09:05";"1";"64";"64483";"2";"9";"1";"3";"GENERAL DE GAULLE (PONT DU)";"43,3851724";" -1,6634958"
"201900037379";"27";"8";"2019";"20:20";"1";"64";"64545";"2";"1";"1";"3";"SOCOA (RUE DE)";"43,3850600";" -1,6935000"
"201900037380";"27";"8";"2019";"18:35";"1";"64";"64483";"2";"1";"1";"1";"SAINT PEE (VIEILLE ROUTE DE)";"43,3883990";" -1,6429477"
"201900037381";"27";"8";"2019";"12:00";"1";"64";"64483";"2";"9";"1";"3";"LARRAMENDY PIERRE (AVENUE)";"43,3835900";" -1,6598900"
"201900037382";"26";"8";"2019";"10:56";"1";"64";"64483";"2";"1";"1";"3";"ITHURRALDE ANDRE (AVENUE)";"43,3964750";" -1,6458936"
"201900037383";"31";"8";"2019";"17:20";"1";"64";"64445";"2";"1";"1";"6";"FEDERICO GARCIA LORCA";"43,3087200";" -0,3548200"
"201900037384";"30";"8";"2019";"19:05";"1";"64";"64445";"2";"1";"1";"2";"ALSACE LORRAINE D'";"43,3020900";" -0,3600000"
"201900037385";"29";"8";"2019";"14:30";"1";"64";"64348";"2";"6";"1";"3";"Rond Point Combattants d'Afrique du Nord";"43,3381522";" -0,3799485"
"201900037386";"30";"8";"2019";"10:00";"1";"63";"63300";"2";"6";"1";"3";"RD 2009";"45,9066900";"3,1252800"
"201900037387";"24";"8";"2019";"11:40";"1";"63";"63063";"1";"1";"1";"6";"RD 2009";"45,8224704";"3,1105088"
"201900037388";"29";"8";"2019";"11:10";"1";"62";"62035";"2";"3";"1";"1";"REPUBLIQUE ( BOULEVARD DE LA )";"50,5289000";"2,5951000"
"201900037389";"30";"8";"2019";"09:35";"1";"62";"62041";"2";"1";"1";"6";"COPERNIC ( ROND POINT )";"50,2993260";"2,7321620"
"201900037390";"27";"8";"2019";"17:45";"1";"60";"60414";"2";"9";"1";"6";"LIBERATION (AVENUE DE LA)";"49,2545800";"2,4400400"
"201900037391";"24";"8";"2019";"11:05";"1";"60";"60159";"2";"7";"1";"6";"54 EME REGIMENT D'INFANTERIE (PLACE DU)";"49,4205300";"2,8226600"
"201900037392";"19";"8";"2019";"21:50";"4";"60";"60057";"2";"2";"1";"3";"ARC JEANNE D' (RUE)";"49,4320600";"2,0870400"
"201900037393";"30";"8";"2019";"11:53";"1";"59";"59526";"2";"1";"1";"6";"ROCADE NORD(A PARTIR RUE BASSE)";"50,4427000";"3,4414000"
"201900037394";"30";"8";"2019";"00:50";"5";"59";"59299";"2";"2";"1";"3";"ECOLES (RUE DES)";"50,6674500";"3,2038700"
"201900037395";"26";"8";"2019";"07:30";"1";"59";"59646";"2";"2";"1";"3";"MARNE (AVENUE DE LA)";"50,6835300";"3,1188300"
"201900037396";"29";"8";"2019";"19:05";"1";"59";"59350";"2";"9";"1";"3";"HUGO VICTOR RUE";"50,6344100";"3,1020000"
"201900037397";"28";"8";"2019";"19:10";"1";"58";"58194";"2";"1";"1";"2";"REPUBLIQUE (BOULEVARD)";"46,9910600";"3,1698000"
"201900037398";"28";"8";"2019";"13:45";"1";"58";"58194";"2";"1";"1";"2";"VICTOR HUGO (BOULEVARD)";"46,9931800";"3,1540500"
"201900037399";"28";"8";"2019";"14:50";"1";"57";"57666";"2";"1";"1";"6";"Avenue du 14 Juillet 1789";"49,3543300";"6,1273500"
"201900037400";"25";"8";"2019";"16:50";"1";"57";"57672";"2";"1";"1";"2";"GUENTRANGE (ROUTE DE) 1 A 93";"49,3633900";"6,1436200"
"201900037401";"28";"8";"2019";"23:00";"5";"57";"57463";"2";"1";"1";"6";"PARIS (RUE DE )";"49,1248100";"6,1644000"
"201900037402";"29";"8";"2019";"18:55";"1";"57";"57019";"1";"1";"1";"1";"CD181";"49,2284956";"6,0601294"
"201900037403";"30";"8";"2019";"09:25";"2";"56";"56121";"2";"6";"1";"6";"SVOB ( BD EMMANUEL)";"47,7515200";" -3,3694000"
"201900037404";"27";"8";"2019";"20:20";"1";"56";"56107";"1";"4";"1";"3";"KERGUELEN (RUE DE)";"47,7073700";" -3,4141400"
"201900037405";"27";"8";"2019";"16:45";"1";"56";"56121";"2";"1";"1";"3";"PONT CARRE (RUE  DE )";"47,7467400";" -3,3580500"
"201900037406";"26";"8";"2019";"09:00";"1";"56";"56121";"2";"2";"1";"3";"BOUVREUILS (RUE  DES )";"47,7352100";" -3,3936100"
"201900037407";"31";"8";"2019";"10:44";"1";"54";"54395";"2";"1";"1";"1";"LORRAIN (QUAI CLAUDE";"48,6964040";"6,1707370"
"201900037408";"31";"8";"2019";"01:05";"5";"54";"54395";"2";"1";"1";"3";"SAINT DIZIER (RUE 2 A 80-1 A 109 BIS)";"48,6890450";"6,1837950"
"201900037409";"30";"8";"2019";"18:20";"1";"54";"54498";"2";"3";"1";"3";"PRES (RUE DES)";"48,7116750";"6,2552300"
"201900037410";"30";"8";"2019";"16:30";"1";"54";"54184";"2";"1";"1";"2";"AGINCOURT  (ANCIENNE ROUTE D')";"48,7164000";"6,2412600"
"201900037411";"29";"8";"2019";"12:14";"1";"54";"54357";"2";"1";"1";"1";"REPUBLIQUE (RUE DE LA)";"48,7133600";"6,1509900"
"201900037412";"29";"8";"2019";"12:31";"1";"54";"54547";"2";"1";"1";"2";"rd570";"48,6608700";"6,1877400"
"201900037413";"28";"8";"2019";"16:50";"1";"54";"54184";"2";"3";"1";"2";"SOIXANTE NEUVIEME R.I. (AVENUE DU)";"48,7092610";"6,2395980"
"201900037414";"27";"8";"2019";"14:28";"1";"54";"54304";"2";"1";"1";"3";"RESISTANCE (AV. DE LA -IMPAIR-)";"48,6945420";"6,1367360"
"201900037415";"26";"8";"2019";"18:55";"1";"54";"54395";"2";"1";"1";"7";"STANISLAS (RUE)";"48,6932800";"6,1824700"
"201900037416";"28";"8";"2019";"11:10";"1";"54";"54549";"2";"1";"7";"1";"RD400";"48,6342210";"6,3210050"
"201900037417";"8";"8";"2019";"16:15";"1";"54";"54263";"2";"1";"1";"7";"REPUBLIQUE (AVENUE DE LA)";"49,2189310";"6,0030790"
"201900037418";"24";"8";"2019";"11:26";"1";"52";"52121";"2";"3";"1";"3";"R.D. 161";"48,1262000";"5,1360000"
"201900037419";"30";"8";"2019";"16:05";"1";"51";"51454";"2";"2";"1";"1";"BOULEVARD POMMERY";"49,2441076";"4,0496242"
"201900037420";"27";"8";"2019";"09:01";"1";"51";"51454";"2";"3";"1";"3";"RUE DES CLAUZETS";"49,2699200";"4,0666700"
"201900037421";"26";"8";"2019";"20:50";"2";"51";"51454";"2";"1";"1";"7";"BOULEVARD DAUPHINOT";"49,2628735";"4,0571208"
"201900037422";"31";"8";"2019";"15:15";"1";"51";"51506";"2";"1";"1";"3";"AVENUE MERCURIA";"48,9457100";"4,3853800"
"201900037423";"27";"8";"2019";"12:00";"1";"50";"50218";"2";"1";"1";"2";"MATIGNON (AV DES)";"48,8379980";" -1,5769530"
"201900037424";"27";"8";"2019";"09:15";"1";"50";"50129";"2";"6";"1";"6";"CRESPINIERE (CHEMIN DE LA)";"49,6343000";" -1,6513300"
"201900037425";"29";"8";"2019";"21:00";"2";"49";"49328";"2";"1";"1";"6";"CARNOT (QUAI)";"47,2614000";" -0,0767000"
"201900037426";"27";"8";"2019";"06:55";"2";"49";"49099";"2";"6";"1";"3";"DOROHOI (PLACE DE)";"47,0500700";" -0,8719300"
"201900037427";"25";"8";"2019";"18:00";"1";"49";"49099";"2";"1";"1";"6";"LAENNEC (RUE DU DOCTEUR RENE)";"47,0563300";" -0,8685600"
"201900037428";"29";"8";"2019";"11:37";"1";"49";"49007";"2";"1";"1";"6";"RAMEAU CARREFOUR";"47,4708200";" -0,5532500"
"201900037429";"28";"8";"2019";"13:21";"1";"49";"49007";"2";"1";"1";"3";"CARMES QUAI ET RUE";"47,4732900";" -0,5585800"
"201900037430";"25";"8";"2019";"02:25";"3";"49";"49015";"2";"1";"1";"6";"GARE RUE DE LA";"47,5066600";" -0,5857800"
"201900037431";"24";"8";"2019";"17:42";"1";"49";"49007";"2";"1";"1";"1";"JUIN PLACE ET RUE";"47,4486200";" -0,5670500"
"201900037432";"23";"8";"2019";"23:20";"5";"49";"49007";"2";"1";"1";"7";"PAUL BERT";"47,4660900";" -0,5523500"
"201900037433";"23";"8";"2019";"13:47";"1";"49";"49007";"2";"1";"1";"7";"PATTON AVENUE";"47,4737900";" -0,5776500"
"201900037434";"21";"8";"2019";"17:45";"1";"48";"48095";"2";"1";"1";"6";"FAUBOURG MONTBEL (RUE DU)";"44,5199000";"3,4967500"
"201900037435";"26";"8";"2019";"06:52";"5";"47";"47001";"1";"6";"5";"3";"TISSIDRE (AV. ANDRE)";"44,1786100";"0,6158100"
"201900037436";"31";"8";"2019";"18:25";"1";"45";"45286";"2";"1";"1";"3";"RUE DE SAINT DENIS";"47,8801700";"1,9396600"
"201900037437";"31";"8";"2019";"00:15";"5";"45";"45302";"2";"1";"1";"3";"RUE NATIONALE 20";"47,9411294";"1,8932418"
"201900037438";"28";"2";"2019";"01:20";"5";"59";"59509";"2";"1";"1";"6";"MARTYRS DE LA RESISTANCE (AVENUE DES)";"50,4191500";"3,1053700"
"201900037439";"25";"2";"2019";"16:40";"1";"58";"58194";"2";"1";"1";"6";"BLAISE PASCAL";"47,0013000";"3,1604000"
"201900037440";"24";"2";"2019";"12:05";"1";"57";"57306";"1";"1";"1";"6";"WENDEL (RUE DE)";"49,3275274";"6,0685773"
"201900037441";"24";"2";"2019";"17:20";"1";"56";"56260";"1";"1";"7";"2";"PONTIVY(BOULEVARD DE)";"47,6706500";" -2,7704900"
"201900037442";"1";"3";"2019";"09:55";"1";"56";"56098";"2";"6";"1";"3";"ARAGO (RUE  DOMINIQUE )";"47,7833500";" -3,3382600"
"201900037443";"1";"3";"2019";"08:00";"2";"56";"56121";"2";"3";"7";"6";"KERGUESTENEN (RUE  DE )";"47,7515000";" -3,3928300"
"201900037444";"28";"2";"2019";"18:30";"1";"56";"56098";"1";"1";"1";"2";"RN 165";"47,7787000";" -3,3502400"
"201900037445";"25";"2";"2019";"20:20";"5";"56";"56121";"2";"2";"1";"5";"LANVEUR ( ET PL. DE )";"47,7430400";" -3,3889300"
"201900037446";"24";"2";"2019";"19:00";"5";"56";"56121";"2";"1";"1";"6";"BEAUVAIS (RUE)";"47,7559800";" -3,3708700"
"201900037447";"25";"2";"2019";"16:30";"1";"55";"55545";"2";"1";"1";"7";"ANTHOUARD  ( D' )";"49,1570000";"5,3850000"
"201900037448";"22";"2";"2019";"17:45";"1";"55";"55545";"2";"9";"1";"7";"DIGUE (PLACE DE LA )";"49,1570000";"5,3870000"
"201900037449";"28";"2";"2019";"14:00";"1";"54";"54265";"2";"1";"1";"6";"SAINT EXUPERY (Rue)";"48,6386210";"6,1882240"
"201900037450";"24";"2";"2019";"15:54";"1";"54";"54395";"2";"1";"1";"7";"LEPAGE (RUE BASTIEN)";"48,6954250";"6,1937390"
"201900037451";"19";"2";"2019";"13:30";"1";"54";"54395";"2";"1";"1";"6";"LECLERC (AV. DU GENE";"48,6771650";"6,1782040"
"201900037452";"22";"2";"2019";"19:56";"5";"54";"54498";"2";"1";"1";"6";"HELEUX (AVENUE DES)";"48,7128530";"6,2588060"
"201900037453";"23";"2";"2019";"08:00";"2";"54";"54367";"2";"1";"1";"6";"LORRAINE (RUE DE)";"49,4989200";"5,7799600"
"201900037454";"22";"2";"2019";"18:35";"2";"53";"53130";"2";"1";"1";"6";"ALMA ( RUE DE )";"48,0741300";" -0,7631000"
"201900037455";"26";"2";"2019";"13:20";"1";"52";"52448";"2";"3";"1";"3";"WALDECK-ROUSSEAU (RUE)";"48,6390309";"4,9418486"
"201900037456";"27";"2";"2019";"10:00";"1";"51";"51454";"2";"1";"7";"7";"AVENUE DU GENERAL BONAPARTE";"49,2294194";"4,0080944"
"201900037457";"26";"2";"2019";"08:20";"1";"51";"51454";"2";"2";"1";"3";"RUE GAMBETTA";"49,2454900";"4,0401700"
"201900037458";"25";"2";"2019";"16:50";"1";"51";"51454";"2";"9";"7";"4";"AVENUE JEAN JAURES";"49,2590502";"4,0438579"
"201900037459";"25";"2";"2019";"11:00";"1";"51";"51454";"2";"2";"1";"3";"RUE SIMON";"49,2451300";"4,0390400"
"201900037460";"9";"2";"2019";"16:45";"2";"51";"51108";"2";"9";"1";"7";"RUE DE LA PLANCHETTE";"48,9548111";"4,3343167"
"201900037461";"26";"2";"2019";"10:04";"1";"50";"50647";"2";"1";"1";"6";"8 JUIN 1944 (RUE DU)";"48,8386460";" -1,5513380"
"201900037462";"27";"2";"2019";"16:40";"1";"50";"50173";"1";"2";"2";"2";"SALINE (BOULEVARD DE LA)";"49,6532000";" -1,6484000"
"201900037463";"26";"2";"2019";"14:15";"1";"50";"50203";"2";"1";"1";"4";"ROUGES TERRES (LES)";"49,6089700";" -1,6000700"
"201900037464";"26";"2";"2019";"06:45";"3";"50";"50602";"2";"6";"1";"3";"PYROTECHNIE (rue de la )";"49,6488100";" -1,5916400"
"201900037465";"24";"2";"2019";"16:30";"1";"50";"50173";"2";"1";"1";"7";"SALINE (BOULEVARD DE LA)";"49,6569200";" -1,6546600"
"201900037466";"23";"2";"2019";"17:20";"1";"50";"50173";"2";"3";"1";"2";"PREVERT (AVENUE JACQUES)";"49,6542800";" -1,6719500"
"201900037467";"27";"2";"2019";"20:30";"3";"49";"49099";"1";"2";"1";"6";"RD 158";"47,0632500";" -0,8123200"
"201900037468";"24";"2";"2019";"19:35";"2";"49";"49099";"2";"2";"1";"2";"JUIN (BOULEVARD DU MARECHAL)";"47,0458500";" -0,8953000"
"201900037469";"27";"2";"2019";"19:00";"2";"49";"49007";"2";"2";"1";"6";"BARANGE BOULEVARD";"47,4543300";" -0,5678900"
"201900037470";"26";"2";"2019";"08:15";"1";"49";"49007";"2";"1";"1";"3";"MARIANNE BOULEVARD";"47,4527300";" -0,5244500"
"201900037471";"25";"2";"2019";"12:45";"1";"49";"49015";"2";"1";"1";"3";"POMPIDOU AVENUE GEORGES";"47,4967800";" -0,5917500"
"201900037472";"25";"2";"2019";"08:03";"1";"49";"49007";"2";"1";"1";"3";"LETANDUERE";"47,4606100";" -0,5547000"
"201900037473";"25";"2";"2019";"17:26";"1";"49";"49007";"2";"4";"1";"3";"DOYENNE BOULEVARD ET PASSAGE";"47,4917700";" -0,5294100"
"201900037474";"22";"2";"2019";"22:15";"5";"49";"49353";"2";"1";"1";"3";"CHEVALLERIE CHEMIN";"47,4465000";" -0,4583300"
"201900037475";"23";"2";"2019";"17:05";"1";"49";"49267";"2";"1";"1";"3";"CLAVERIE";"47,4863900";" -0,5055300"
"201900037476";"24";"2";"2019";"12:35";"1";"49";"49007";"2";"1";"1";"7";"CARMES QUAI ET RUE";"47,4729280";" -0,5615280"
"201900037477";"23";"2";"2019";"18:20";"1";"49";"49007";"1";"1";"1";"6";"RAFFOUX CHEMIN";"47,5049500";" -0,5697400"
"201900037478";"24";"2";"2019";"05:50";"5";"47";"47001";"2";"1";"1";"6";"BARBUSSE (AV. HENRI)";"44,2053400";"0,6273400"
"201900037479";"2";"3";"2019";"18:30";"1";"45";"45075";"1";"9";"1";"3";"AV DES DANGEAUX";"47,8866710";"1,8216430"
"201900037480";"3";"3";"2019";"07:20";"2";"45";"45234";"2";"1";"1";"3";"56 RTE D'OLIVET";"47,8838900";"1,9042100"
"201900037481";"2";"3";"2019";"20:25";"5";"45";"45302";"2";"2";"1";"3";"R MARCEL PAUL-sortie D520";"47,9427270";"1,9070320"
"201900037482";"27";"2";"2019";"13:34";"1";"45";"45234";"2";"1";"1";"2";"63 R DU FG DE BOURGOGNE";"47,9021080";"1,9255880"
"201900037483";"27";"2";"2019";"07:12";"1";"45";"45075";"2";"1";"1";"3";"ROUTE DE BLOIS";"47,8826840";"1,8180950"
"201900037484";"27";"2";"2019";"06:55";"2";"45";"45234";"2";"1";"1";"7";"AV ROGER SECRETAIN";"47,8935000";"1,8958000"
"201900037485";"26";"2";"2019";"17:30";"1";"45";"45234";"2";"1";"1";"2";"AV ROGER SECRETAIN";"47,8907000";"1,8954300"
"201900037486";"25";"2";"2019";"08:30";"1";"45";"45234";"2";"2";"1";"3";"R DU 16 AOUT 1944 - R DU MARECHAL LECLERC";"47,9186600";"1,8961900"
"201900037487";"24";"2";"2019";"17:40";"1";"45";"45234";"2";"2";"1";"3";"AV DE LA MARNE";"47,9170800";"1,9396000"
"201900037488";"3";"3";"2019";"14:45";"1";"45";"45004";"2";"9";"1";"3";"RUE MAURICE GENEVOIX";"47,9924100";"2,7708600"
"201900037489";"27";"2";"2019";"13:55";"1";"45";"45068";"2";"1";"1";"1";"59 R VOLTAIRE";"48,0332210";"2,7373970"
"201900037490";"28";"2";"2019";"14:20";"1";"44";"44184";"2";"1";"1";"3";"TRÉFFÉAC (ROUTE DE)";"47,2968200";" -2,2328700"
"201900037491";"22";"2";"2019";"17:40";"1";"44";"44184";"1";"1";"1";"2";"RN 171 (CRAN NEUF AU PONT DE L'ÉTANG)";"47,2862180";" -2,2464650"
"201900037492";"2";"3";"2019";"18:20";"2";"44";"44109";"2";"1";"1";"6";"BOULEVARD ERNEST DALBY";"47,2243000";" -1,5308000"
"201900037493";"1";"3";"2019";"20:30";"5";"44";"44162";"1";"1";"1";"7";"RD 201";"47,2358000";" -1,6551700"
"201900037494";"28";"2";"2019";"17:50";"1";"44";"44162";"2";"1";"1";"3";"75";"47,2265700";" -1,6518400"
"201900037495";"2";"3";"2019";"22:38";"5";"42";"42187";"2";"2";"1";"3";"PROMENADES POPULLE (PLACE DES)";"46,0364900";"4,0678300"
"201900037496";"28";"2";"2019";"08:37";"1";"42";"42127";"2";"1";"1";"6";"VICTOR HUGO (RUE)";"46,0625800";"4,0699500"
"201900037497";"14";"2";"2019";"15:50";"1";"41";"41018";"2";"1";"1";"3";"LAIGRET (AVENUE DU DOCTEUR JEAN)";"47,5862000";"1,3293900"
"201900037498";"9";"2";"2019";"17:54";"1";"40";"40192";"2";"1";"1";"5";"HOUGA (AV DU)";"43,8769800";" -0,4744200"
"201900037499";"25";"2";"2019";"23:30";"3";"40";"40279";"1";"1";"1";"6";"route des BARTHES";"43,7162800";" -1,0854500"
"201900037500";"25";"2";"2019";"10:20";"1";"38";"38544";"2";"3";"1";"3";"FRANCISQUE BONNIER(RUE)";"45,5347000";"4,8746000"
"201900037501";"2";"3";"2019";"22:20";"5";"38";"38185";"2";"9";"1";"3";"D 1532 - PONT DE CATANE";"45,1801500";"5,7018300"
"201900037502";"26";"2";"2019";"18:40";"5";"38";"38185";"2";"1";"1";"6";"JOUHAUX       61-102 A 79-118";"45,1756580";"5,7442350"
"201900037503";"23";"2";"2019";"20:20";"3";"38";"38151";"2";"9";"1";"6";"RUE MISSAK MANOUCHIAN";"45,1578500";"5,7016600"
"201900037504";"18";"2";"2019";"13:35";"1";"38";"38053";"2";"3";"1";"6";"BEDOR (JOSEPH)";"45,5795200";"5,2744400"
"201900037505";"26";"2";"2019";"19:03";"2";"38";"38053";"1";"1";"1";"4";"D 1006";"45,6063400";"5,2297000"
"201900037506";"3";"3";"2019";"13:50";"1";"37";"37261";"2";"2";"1";"3";"DEVILDE (RUE)";"47,4066200";"0,6916200"
"201900037507";"28";"2";"2019";"08:15";"1";"37";"37261";"2";"1";"1";"3";"MAUPAS (RUE DU PROFESSEUR)";"47,4137200";"0,7080900"
"201900037508";"27";"2";"2019";"10:45";"1";"37";"37233";"2";"1";"1";"6";"RABATERIE (RUE DE LA)";"47,3917600";"0,7192100"
"201900037509";"22";"2";"2019";"15:40";"1";"37";"37195";"2";"1";"7";"6";"PORT CORDON (RUE)";"47,3830361";"0,6563129"
"201900037510";"27";"2";"2019";"05:35";"3";"37";"37261";"2";"4";"1";"3";"MIRABEAU (PONT)";"47,4028000";"0,7019600"
"201900037511";"25";"2";"2019";"13:50";"1";"37";"37261";"2";"1";"1";"2";"HEURTELOUP (BOULEVARD)";"47,3902600";"0,6899300"
"201900037512";"25";"2";"2019";"09:19";"1";"37";"37261";"2";"1";"1";"2";"PAS NOTRE-DAME (RUE DU)";"47,4190215";"0,6974313"
"201900037513";"24";"2";"2019";"11:35";"1";"37";"37261";"2";"2";"1";"3";"MIRABEAU (RUE)";"47,3976124";"0,6993175"
"201900037514";"23";"2";"2019";"19:43";"2";"36";"36063";"1";"3";"1";"3";"ROUTE DEPARTEMENTALE 956";"46,8549452";"1,6681842"
"201900037515";"5";"2";"2019";"08:20";"2";"35";"35288";"2";"2";"1";"3";"MARNE (RUE DE LA)";"48,6328600";" -2,0071800"
"201900037516";"2";"3";"2019";"20:15";"4";"35";"35278";"2";"1";"1";"7";"ROUTE DE SAINT-MALO";"48,1345700";" -1,6914400"
"201900037517";"28";"2";"2019";"15:50";"1";"35";"35238";"2";"1";"1";"6";"BRIAND (AVENUE ARISTIDE)";"48,1101800";" -1,6636800"
"201900037518";"27";"2";"2019";"18:20";"2";"35";"35238";"2";"2";"1";"6";"BRIAND (AVENUE ARISTIDE)";"48,1103000";" -1,6658700"
"201900037519";"27";"2";"2019";"07:55";"1";"35";"35238";"2";"1";"1";"3";"VERN (DE)";"48,0923200";" -1,6468100"
"201900037520";"26";"2";"2019";"17:49";"1";"35";"35238";"2";"3";"1";"3";"GINGUENE";"48,0994500";" -1,6757200"
"201900037521";"26";"2";"2019";"16:30";"1";"35";"35238";"2";"3";"1";"2";"MAGINOT (AVENUE SERGENT)";"48,1099200";" -1,6554800"
"201900037522";"25";"2";"2019";"19:45";"3";"35";"35238";"2";"2";"1";"3";"PARIS (RUE DE)";"48,1146100";" -1,6572000"
"201900037523";"25";"2";"2019";"07:30";"1";"35";"35189";"1";"1";"1";"2";"RD 137";"48,1443100";" -1,6984100"
"201900037524";"3";"3";"2019";"17:00";"1";"34";"34172";"2";"1";"1";"2";"VALERY (BOULEVARD PAUL";"43,5916500";"3,8539900"
"201900037525";"3";"3";"2019";"01:26";"5";"34";"34172";"2";"2";"1";"3";"LAVERUNE (ROUTE DE";"43,6001300";"3,8441400"
"201900037526";"1";"3";"2019";"09:35";"1";"34";"34172";"2";"1";"1";"3";"LAVERUNE (ROUTE DE";"43,6026000";"3,8544300"
"201900037527";"26";"2";"2019";"17:05";"1";"34";"34172";"2";"3";"1";"5";"LODEVE (AVENUE DE";"43,6123500";"3,8452700"
"201900037528";"25";"2";"2019";"17:20";"2";"34";"34172";"2";"1";"1";"6";"MONTELS-EGLISE (RUE DE)";"43,5815900";"3,8844800"
"201900037529";"21";"2";"2019";"20:50";"5";"33";"33162";"2";"3";"1";"3";"AVE DU TAILLAN-MEDOC";"44,8809600";" -0,6522200"
"201900037530";"22";"2";"2019";"07:20";"2";"33";"33192";"2";"3";"1";"5";"NAUDET (RUE )";"44,7877200";" -0,6109500"
"201900037531";"24";"2";"2019";"05:30";"5";"33";"33063";"2";"1";"1";"2";"AVE DU DOCTEUR SCHINAZI / R.Yves Glotin";"44,8929190";" -0,5419350"
"201900037532";"22";"2";"2019";"21:22";"5";"33";"33063";"2";"1";"1";"6";"79 QUAI DES CHARTRONS - ligne B- Piétonne traverse du fleuve vers habitations.";"44,8534500";" -0,5668400"
"201900037533";"19";"2";"2019";"16:00";"1";"33";"33550";"2";"4";"1";"3";"Chem de Leysotte/Imp Agnès";"44,8050900";" -0,5730400"
"201900037534";"25";"1";"2019";"20:15";"5";"33";"33063";"2";"3";"2";"6";"RUE DE BEGLES / RUE FAIDHERBE";"44,8193700";" -0,5660500"
"201900037535";"25";"2";"2019";"15:45";"1";"33";"33009";"2";"2";"1";"3";"R.PECHERIE/R.CAMPET";"44,6557000";" -1,1475400"