"Num_Acc";"jour";"mois";"an";"hrmn";"lum";"dep";"com";"agg";"int";"atm";"col";"adr";"lat";"long"
"201900037536";"1";"3";"2019";"19:40";"3";"32";"32013";"1";"1";"1";"6";"TOULOUSE (ROUTE DE)";"43,6590370";"0,6338650"
"201900037537";"28";"2";"2019";"17:56";"1";"32";"32013";"1";"1";"1";"7";"BARRAN (CHEMIN DE)";"43,6524000";"0,5312000"
"201900037538";"1";"3";"2019";"09:10";"1";"31";"31555";"2";"1";"1";"6";"RTE DE REVEL";"43,5736300";"1,4918800"
"201900037539";"28";"2";"2019";"12:20";"1";"31";"31069";"1";"1";"1";"4";"A621";"43,6248600";"1,3864800"
"201900037540";"26";"2";"2019";"15:40";"1";"31";"31069";"2";"3";"1";"3";"GUYENNE (RUE DE)";"43,6311600";"1,3899100"
"201900037541";"26";"2";"2019";"17:35";"1";"31";"31555";"2";"2";"1";"3";"RUE PAUL VERLAINE";"43,6331000";"1,4358800"
"201900037542";"26";"2";"2019";"10:15";"1";"31";"31555";"2";"1";"1";"3";"AV ANTOINE DE ST EXUPERY";"43,5872500";"1,4618900"
"201900037543";"25";"2";"2019";"23:20";"5";"31";"31555";"2";"1";"1";"6";"POMPIDOU (AV GEORGE) DU 2AU 21";"43,6136000";"1,4604000"
"201900037544";"25";"2";"2019";"16:30";"1";"31";"31149";"2";"1";"1";"1";"SALVETAT (CHEMIN DE LA)";"43,5992600";"1,2958100"
"201900037545";"23";"2";"2019";"10:10";"1";"31";"31555";"2";"1";"1";"3";"BD LASCROSSES";"43,6083000";"1,4283200"
"201900037546";"22";"2";"2019";"21:30";"5";"31";"31555";"2";"1";"1";"3";"AV JEAN RIEUX";"43,5974700";"1,4591000"
"201900037547";"22";"2";"2019";"19:00";"5";"31";"31555";"2";"6";"1";"3";"ROND POINT LEON LAJAUNIE";"43,5565100";"1,4061600"
"201900037548";"22";"2";"2019";"18:55";"5";"31";"31555";"2";"1";"1";"3";"AV DU COLONEL ROCHE";"43,5649600";"1,4700100"
"201900037549";"22";"2";"2019";"16:45";"1";"31";"31555";"2";"3";"1";"3";"BD GABRIEL KOENIGS";"43,5969300";"1,4196700"
"201900037550";"2";"3";"2019";"17:30";"1";"31";"31483";"2";"1";"1";"7";"SARAGAT (BD DU PRESIDENT)";"43,1005400";"0,7285900"
"201900037551";"27";"2";"2019";"17:00";"1";"31";"31483";"2";"1";"7";"1";"FOCH (AVENUE DU MARECHAL)";"43,1045400";"0,7129400"
"201900037552";"3";"3";"2019";"15:00";"1";"29";"29232";"2";"1";"2";"7";"DOUARNENEZ ROUTE DE";"47,9992300";" -4,1330700"
"201900037553";"2";"3";"2019";"17:10";"1";"29";"29232";"2";"1";"1";"6";"STANG BIHAN RUE DE";"48,0107100";" -4,0974500"
"201900037554";"16";"2";"2019";"13:07";"1";"29";"29232";"2";"1";"1";"7";"BRIAND  ARISTIDE RUE";"47,9942800";" -4,0962500"
"201900037555";"17";"2";"2019";"19:10";"5";"29";"29232";"2";"6";"1";"3";"ERGUE ARMEL  ROND POINT D'";"47,9836400";" -4,0748100"
"201900037556";"28";"2";"2019";"17:25";"1";"29";"29151";"2";"1";"1";"1";"CORLE (RUE PIERRE)";"48,5915790";" -3,8129286"
"201900037557";"25";"2";"2019";"17:13";"1";"29";"29039";"2";"3";"1";"3";"KERNEACH (RUE DE )";"47,8841558";" -3,9210453"
"201900037558";"25";"2";"2019";"17:00";"1";"29";"29019";"2";"6";"1";"6";"POMPIDOU GEORGES (AVENUE)";"48,4095444";" -4,4828712"
"201900037559";"21";"1";"2019";"19:20";"5";"29";"29019";"2";"1";"1";"2";"DONNART MATHIEU (DE 42 ET 61 A FIN)";"48,3997300";" -4,4860600"
"201900037560";"24";"2";"2019";"02:50";"3";"29";"29019";"1";"6";"1";"7";"ROND POINT DE KERVALGUEN";"48,4490800";" -4,5119000"
"201900037561";"25";"2";"2019";"11:00";"1";"29";"29019";"2";"1";"1";"2";"FOCH MARECHAL";"48,3930400";" -4,4878700"
"201900037562";"28";"2";"2019";"16:40";"1";"28";"28134";"2";"1";"1";"1";"FENOTS (AVENUE DES)";"48,7405000";"1,3479800"
"201900037563";"27";"2";"2019";"09:05";"1";"28";"28229";"2";"2";"1";"3";"D105";"48,4571100";"1,4597500"
"201900037564";"26";"2";"2019";"08:10";"1";"27";"27681";"2";"9";"1";"6";"ARDECHE (AVENUE DE L')";"49,0878100";"1,4811100"
"201900037565";"28";"2";"2019";"10:30";"1";"27";"27229";"2";"3";"1";"5";"SAINT GERMAIN (RUE)";"49,0186000";"1,1349200"
"201900037566";"17";"2";"2019";"22:40";"5";"27";"27229";"2";"1";"1";"1";"CITES UNIES (BOULEVARD DES)";"49,0093000";"1,1431600"
"201900037567";"23";"2";"2019";"14:45";"1";"26";"26362";"1";"1";"1";"3";"RUE DE LA CONDAMINE";"44,9011400";"4,8674000"
"201900037568";"27";"2";"2019";"09:40";"1";"26";"26281";"2";"6";"1";"6";"DEVAL PAUL (ROND POINT)";"45,0453310";"5,0465640"
"201900037569";"26";"2";"2019";"08:23";"1";"26";"26057";"2";"1";"1";"1";"DEDELAY D'AGIER (PLACE)";"45,0392400";"5,0482000"
"201900037570";"26";"2";"2019";"11:40";"1";"25";"25204";"2";"1";"1";"6";"1 route de Besançon";"46,9230180";"6,3422550"
"201900037571";"26";"2";"2019";"08:30";"1";"25";"25031";"2";"1";"1";"6";"1 route de Seloncourt";"47,4755710";"6,8455970"
"201900037572";"27";"2";"2019";"15:05";"1";"25";"25056";"2";"1";"1";"3";"MONTRAPON AVENUE DE";"47,2453000";"6,0102400"
"201900037573";"26";"2";"2019";"15:26";"1";"25";"25056";"2";"1";"1";"6";"CHAR  RUE RENE";"47,2159140";"5,9452720"
"201900037574";"9";"2";"2019";"21:30";"4";"22";"22360";"1";"1";"3";"6";"COLAS (RUE ALAIN)";"48,4908100";" -2,7219000"
"201900037575";"28";"2";"2019";"08:00";"2";"22";"22278";"2";"2";"1";"3";"HOCHE (BD)";"48,5041607";" -2,7649314"
"201900037576";"15";"2";"2019";"19:00";"2";"22";"22187";"2";"1";"1";"1";"ROSELIER (rue du ) ";"48,5533700";" -2,7187562"
"201900037577";"26";"2";"2019";"10:25";"1";"19";"19031";"2";"1";"1";"3";"RIBOT (AVENUE)";"45,1645400";"1,5075200"
"201900037578";"24";"2";"2019";"01:45";"5";"19";"19031";"2";"2";"1";"2";"VOLTAIRE (BOULEVARD)";"45,1614600";"1,5408500"
"201900037579";"25";"2";"2019";"16:10";"1";"19";"19031";"2";"9";"1";"6";"SOURIE (RUE ARMAND)";"45,1451500";"1,4701600"
"201900037580";"23";"2";"2019";"14:00";"1";"19";"19031";"2";"3";"1";"3";"BUFFET (AVENUE CAPITAINE ANDRE)";"45,1639200";"1,5521200"
"201900037581";"27";"2";"2019";"09:00";"1";"18";"18033";"2";"9";"1";"6";"BAFFIER (RUE JEAN)";"47,0744700";"2,4085500"
"201900037582";"9";"2";"2019";"10:45";"1";"17";"17306";"2";"1";"1";"1";"ROCHEFORT (DE)  (AVENUE)";"45,6447800";" -1,0246400"
"201900037583";"25";"2";"2019";"15:55";"1";"17";"17306";"2";"1";"1";"2";"BOUCHET LOUIS (AVENUE)";"45,6289600";" -0,9946300"
"201900037584";"15";"2";"2019";"15:15";"1";"17";"17306";"2";"2";"1";"3";"BAILLET (BD COLONEL ROBERT)";"45,6317330";" -1,0319970"
"201900037585";"26";"2";"2019";"09:10";"1";"17";"17306";"2";"1";"1";"6";"CORDOUAN (DE) (BD)";"45,6244000";" -1,0375100"
"201900037586";"3";"3";"2019";"02:00";"5";"17";"17300";"2";"1";"1";"6";"SALINES   RUE DU PONT DES";"46,1613000";" -1,1234000"
"201900037587";"2";"3";"2019";"18:25";"1";"17";"17300";"2";"3";"1";"3";"BERNIER   AVENUE DU LIEUTENANT-";"46,1710100";" -1,1588700"
"201900037588";"2";"3";"2019";"15:15";"1";"17";"17291";"1";"1";"1";"2";"RN 11";"46,1739580";" -1,1143130"
"201900037589";"28";"2";"2019";"23:00";"5";"17";"17291";"2";"2";"1";"3";"JUSTICES  RUE DU MOULIN DES";"46,1712000";" -1,1229500"
"201900037590";"28";"2";"2019";"19:42";"5";"17";"17300";"2";"1";"1";"6";"21 rue de la Muse";"46,1673900";" -1,2005400"
"201900037591";"26";"2";"2019";"17:05";"1";"17";"17300";"2";"2";"1";"6";"FROMENTIN   RUE EUGENE";"46,1603200";" -1,1541200"
"201900037592";"26";"2";"2019";"14:00";"1";"17";"17291";"2";"1";"1";"4";"RN237 PK0+200";"46,1735800";" -1,1223900"
"201900037593";"25";"2";"2019";"12:28";"1";"17";"17300";"2";"6";"1";"3";"GUITON   AVENUE JEAN (167-341)";"46,1616510";" -1,1789310"
"201900037594";"28";"2";"2019";"11:00";"1";"14";"14079";"1";"1";"1";"1";"C.D. 27";"49,3045830";"0,0341080"
"201900037595";"1";"3";"2019";"18:24";"1";"14";"14271";"1";"1";"2";"2";"RN814";"49,1365800";" -0,3837800"
"201900037596";"28";"2";"2019";"15:15";"1";"14";"14327";"2";"1";"1";"3";"GARBSEN (AVENUE DE)";"49,2129900";" -0,3430700"
"201900037597";"20";"2";"2019";"12:30";"1";"14";"14437";"1";"1";"1";"6";"PERIPHERIQUE NORD (BOULEVARD)";"49,1816588";" -0,3251749"
"201900037598";"2";"3";"2019";"13:15";"1";"13";"13117";"2";"3";"1";"1";"MARSEILLE ( AVENUE DE )";"43,4503000";"5,2526000"
"201900037599";"27";"2";"2019";"19:25";"3";"13";"13117";"1";"1";"1";"4";"ZI ESTROUBLANS RN 113";"43,4217300";"5,2681200"
"201900037600";"3";"3";"2019";"20:50";"5";"13";"13204";"2";"1";"1";"6";"CHARTREUX (AVENUE DES)";"43,3055500";"5,3993000"
"201900037601";"3";"3";"2019";"16:15";"1";"13";"13203";"2";"2";"1";"6";"ORANGE (RUE D')";"43,3131900";"5,3861800"
"201900037602";"3";"3";"2019";"18:55";"5";"13";"13205";"2";"1";"1";"2";"SAKAKINI (BOULEVARD)";"43,2900000";"5,4000000"
"201900037603";"3";"3";"2019";"12:00";"1";"13";"13215";"2";"1";"1";"6";"CAP PINEDE (Avenue)";"43,3177900";"5,3743800"
"201900037604";"3";"3";"2019";"11:05";"1";"13";"13201";"2";"3";"1";"6";"NATIONAL   1 A 51 (BOULEVARD)";"43,3052000";"5,3852000"
"201900037605";"2";"3";"2019";"20:36";"5";"13";"13215";"2";"1";"1";"6";"CAP PINEDE (Avenue)";"43,3281400";"5,3637100"
"201900037606";"2";"3";"2019";"13:20";"1";"13";"13215";"2";"1";"1";"1";"VISTE (AVENUE DE LA)";"43,3557200";"5,3600700"
"201900037607";"25";"2";"2019";"10:40";"1";"13";"13204";"2";"1";"1";"6";"SAINT JUST (AVENUE DE)";"43,3100000";"5,4000000"
"201900037608";"2";"3";"2019";"03:45";"5";"13";"13204";"2";"2";"1";"1";"BLANCARDE (BOULEVARD)";"43,3029030";"5,4005800"
"201900037609";"2";"3";"2019";"00:30";"5";"13";"13208";"2";"3";"1";"3";"MADRAGUE DE MONTREDON (AVE DE LA) ";"43,2349800";"5,3602500"
"201900037610";"1";"3";"2019";"21:00";"5";"13";"13213";"2";"3";"1";"6";"CROIX ROUGE (AVENUE)";"43,3346300";"5,4425700"
"201900037611";"1";"3";"2019";"16:45";"1";"13";"13212";"2";"9";"1";"5";"PEINTRES ROUX (AVENUE DES)";"43,3116300";"5,4647700"
"201900037612";"1";"3";"2019";"07:00";"2";"13";"13204";"2";"1";"1";"6";"CASSINI (BOULEVARD)";"43,3064300";"5,3953500"
"201900037613";"28";"2";"2019";"22:45";"5";"13";"13208";"2";"1";"1";"2";"PRADO (AVENUE DU)";"43,2712220";"5,3893330"
"201900037614";"28";"2";"2019";"12:30";"1";"13";"13212";"2";"1";"1";"3";"GASSENDI (BOULEVARD)";"43,3038900";"5,4207600"
"201900037615";"28";"2";"2019";"16:20";"1";"13";"13211";"2";"1";"1";"7";"VALBARELLE (BOULEVARD DE LA )";"43,2883400";"5,4512900"
"201900037616";"28";"2";"2019";"06:35";"5";"13";"13207";"2";"1";"1";"2";"TELLENE (BOULEVARD)";"43,2856000";"5,3672000"
"201900037617";"27";"2";"2019";"22:17";"5";"13";"13206";"2";"1";"1";"7";"BAILLE (BOULEVARD)";"43,2869000";"5,3871000"
"201900037618";"27";"2";"2019";"19:30";"4";"13";"13002";"2";"1";"1";"3";"AUBAGNENS (AVENUE DES)";"43,3292220";"5,4772250"
"201900037619";"27";"2";"2019";"19:10";"5";"13";"13207";"2";"1";"1";"4";"Corniche John Fitzgérald Kennedy";"43,2702369";"5,3645040"
"201900037620";"27";"2";"2019";"15:45";"1";"13";"13210";"2";"3";"1";"3";"MIREILLE LAUZE (BOULEVARD)";"43,2831220";"5,4109620"
"201900037621";"27";"2";"2019";"13:00";"1";"13";"13216";"2";"8";"1";"5";"PRADEL (traverse du)";"43,3552514";"5,3468584"
"201900037622";"27";"2";"2019";"07:45";"1";"13";"13202";"2";"3";"1";"6";"DAMES (BOULEVARD DES)";"43,3021308";"5,3708650"
"201900037623";"27";"2";"2019";"01:50";"5";"13";"13201";"2";"2";"1";"3";"BERNEX (RUE)    IMPAIRS";"43,3011550";"5,3879270"
"201900037624";"9";"4";"2019";"18:00";"1";"93";"93064";"1";"1";"1";"5";"AUTOROUTE A86";"48,8726800";"2,4804200"
"201900037625";"8";"4";"2019";"11:15";"1";"95";"95018";"1";"1";"1";"3";"AUTOROUTE A15";"48,9629100";"2,2653100"
"201900037626";"8";"4";"2019";"09:45";"1";"93";"93053";"1";"1";"1";"1";"AUTOROUTE A3";"48,8808300";"2,4522100"
"201900037627";"8";"4";"2019";"07:20";"1";"95";"95582";"1";"1";"1";"5";"AUTOROUTE A15";"48,9691800";"2,2505200"
"201900037628";"7";"4";"2019";"21:30";"3";"95";"95241";"1";"1";"1";"6";"RN 104";"49,0466000";"2,4563500"
"201900037629";"7";"4";"2019";"05:30";"3";"93";"93027";"1";"1";"1";"2";"AUTOROUTE A86";"48,9237700";"2,3844800"
"201900037630";"9";"4";"2019";"09:45";"1";"94";"94069";"1";"1";"8";"3";"A4";"48,8174445";"2,4412386"
"201900037631";"9";"4";"2019";"06:20";"5";"94";"94069";"1";"1";"2";"2";"A4";"48,8165300";"2,4369100"
"201900037632";"8";"4";"2019";"11:00";"1";"77";"77294";"1";"1";"1";"4";"A104";"48,9624537";"2,6149062"
"201900037633";"7";"4";"2019";"22:00";"5";"77";"77373";"1";"1";"1";"2";"RN104";"48,7810808";"2,6157869"
"201900037634";"7";"4";"2019";"21:10";"4";"94";"94042";"1";"1";"1";"4";"A4";"48,8276700";"2,4710700"
"201900037635";"8";"4";"2019";"08:30";"1";"988";"98818";"2";"2";"1";"2";"RUE DU GENERAL GALLIENI/JEAN JAURES";" -22,2706700";"166,4389000"
"201900037636";"7";"4";"2019";"22:15";"5";"69";"69383";"2";"2";"8";"3";"AUBIGNY (D')                        (R )";"45,7613000";"4,8683000"
"201900037637";"7";"4";"2019";"18:40";"1";"69";"69386";"2";"2";"1";"6";"LAFAYETTE                           (CO)";"45,7636000";"4,8482000"
"201900037638";"7";"4";"2019";"18:00";"1";"69";"69387";"2";"1";"1";"2";"TONY GARNIER                        (AV)";"45,7262700";"4,8376600"
"201900037639";"7";"4";"2019";"16:00";"1";"69";"69199";"2";"2";"8";"3";"YVES FARGE                          (BD)";"45,6954400";"4,8589900"
"201900037640";"7";"4";"2019";"13:00";"1";"69";"69386";"2";"1";"1";"7";"DUGUESCLIN  (R)";"45,7707404";"4,8469636"
"201900037641";"7";"4";"2019";"09:35";"1";"972";"97213";"2";"1";"1";"3";"ROUTE NATIONALE 1";"14,6235600";" -60,9889700"
"201900037642";"7";"4";"2019";"06:55";"1";"2B";"2B120";"1";"1";"8";"6";"11 - RT";"42,6357749";"9,4385763"
"201900037643";"6";"4";"2019";"11:50";"1";"91";"91114";"2";"1";"1";"6";"VALLEES (RUE)";"48,6989200";"2,5112700"
"201900037644";"2";"4";"2019";"15:20";"1";"80";"80001";"2";"1";"1";"3";"BD DE LA REPUBLIQUE ";"50,1121000";"1,8339220"
"201900037645";"2";"4";"2019";"09:35";"1";"69";"69275";"2";"1";"1";"3";"FRANKLIN ROOSEVELT                  (AV)";"45,7522200";"4,9346500"
"201900037646";"2";"4";"2019";"17:30";"1";"69";"69264";"2";"1";"1";"6";"DECHAVANNE";"45,9936700";"4,7180800"
"201900037647";"7";"4";"2019";"21:20";"5";"59";"59350";"1";"1";"1";"6";"GANDHI RUE";"50,6471200";"3,0680900"
"201900037648";"7";"4";"2019";"15:17";"1";"51";"51454";"2";"1";"1";"7";"RUE ANDRE HUET";"49,2765944";"4,0057472"
"201900037649";"2";"4";"2019";"16:00";"1";"42";"42207";"2";"1";"1";"6";"FOURS BANAUX PLACE DES";"45,4777300";"4,5109000"
"201900037650";"6";"4";"2019";"07:40";"1";"31";"31483";"2";"1";"2";"7";"205 FRANCOIS MITTERAND ( AVENUE)";"43,1127900";"0,7554700"
"201900037651";"6";"4";"2019";"13:25";"1";"25";"25056";"2";"1";"1";"3";"CASSIN PLACE RENE";"47,2176900";"5,9709900"
"201900037652";"7";"4";"2019";"16:00";"1";"24";"24102";"1";"1";"1";"1";"ROUTE D'ANGOULEME";"45,2262800";"0,6761400"
"201900037653";"7";"4";"2019";"08:05";"1";"17";"17300";"1";"1";"1";"4";"RN 237";"46,1710870";" -1,1904530"
"201900037654";"7";"4";"2019";"14:05";"1";"13";"13071";"1";"1";"1";"2";"CD 6";"43,4196800";"5,3650200"
"201900037655";"7";"4";"2019";"23:45";"5";"13";"13212";"2";"1";"1";"7";"LA FOURRAGERE (AVENUE)";"43,3015700";"5,4310300"
"201900037656";"3";"4";"2019";"03:40";"5";"13";"13202";"2";"1";"2";"6";"DUNKERQUE  (BOULEVARD DE)";"43,3108600";"5,3689600"
"201900037657";"6";"4";"2019";"05:00";"5";"13";"13047";"2";"9";"8";"1";"MARCEL DASSAULT ROND POINT";"43,4998000";"4,9670000"
"201900037658";"7";"4";"2019";"16:00";"1";"12";"12100";"1";"1";"8";"7";"RD 840 (AXE BRIVE MEDITERRANEE)";"44,5263200";"2,3303700"
"201900037659";"5";"4";"2019";"07:20";"1";"7";"07186";"2";"1";"1";"6";"RECLUSE (RUE DE LA)   DU 1 AU 21";"44,7323410";"4,5967750"
"201900037660";"6";"4";"2019";"22:55";"5";"6";"06069";"2";"1";"2";"6";"DE LATTRE DE TASSIGNY (AVENUE DU MARECHA";"43,6485179";"6,9261624"
"201900037661";"7";"4";"2019";"05:35";"3";"6";"06004";"2";"1";"2";"3";"NICE(RN.7) AV.ET RTE DE";"43,6105680";"7,1256850"
"201900037662";"5";"4";"2019";"18:25";"1";"3";"03185";"2";"2";"1";"3";"rue de la Paix";"46,3472733";"2,5942505"
"201900037663";"6";"4";"2019";"22:23";"5";"75";"75119";"2";"2";"1";"3";"RUE MANIN";"48,8829920";"2,3855580"
"201900037664";"5";"4";"2019";"20:18";"2";"75";"75112";"2";"1";"1";"2";"QUAI DE LA RAPEE";"48,8433530";"2,3702870"
"201900037665";"6";"4";"2019";"21:20";"5";"75";"75120";"2";"1";"1";"3";"RUE DES PYRENEES";"48,8687900";"2,3954320"
"201900037666";"7";"4";"2019";"19:30";"1";"75";"75117";"2";"4";"1";"2";"BOULEVARD BESSIERES";"48,8974440";"2,3254810"
"201900037667";"7";"4";"2019";"11:53";"1";"75";"75117";"2";"2";"8";"3";"AVENUE DE LA PORTE D ASNIERES";"48,8901250";"2,3037980"
"201900037668";"7";"4";"2019";"10:35";"1";"75";"75117";"2";"2";"1";"6";"RUE CARDINET";"48,8886230";"2,3156590"
"201900037669";"7";"4";"2019";"15:19";"1";"75";"75115";"2";"2";"1";"6";"RUE DE VAUGIRARD";"48,8379360";"2,2977440"
"201900037670";"7";"4";"2019";"12:00";"1";"75";"75113";"2";"7";"1";"6";"BOULEVARD AUGUSTE BLANQUI";"48,8312010";"2,3543540"
"201900037671";"7";"4";"2019";"05:45";"5";"75";"75111";"2";"2";"1";"3";"BOULEVARD VOLTAIRE";"48,8623050";"2,3725680"
"201900037672";"7";"4";"2019";"00:30";"5";"75";"75109";"2";"4";"1";"3";"RUE LA FAYETTE";"48,8758180";"2,3436590"
"201900037673";"7";"4";"2019";"14:40";"1";"75";"75103";"2";"2";"1";"3";"RUE FROISSART";"48,8617660";"2,3652520"
"201900037674";"7";"4";"2019";"13:20";"1";"93";"93048";"2";"1";"1";"1";"VICTOR HUGO S5 (AVENUE)";"48,8562310";"2,4707220"
"201900037675";"7";"4";"2019";"12:40";"1";"93";"93005";"2";"4";"1";"1";"JULES PRINCET [CD115] (RUE)";"48,9240400";"2,5016030"
"201900037676";"7";"4";"2019";"11:35";"1";"92";"92046";"2";"1";"1";"6";"DE STALINGRAD";"48,8150730";"2,2859930"
"201900037677";"7";"4";"2019";"17:55";"1";"92";"92026";"2";"1";"8";"7";"BEZONS (DE 23 A FIN)";"48,8969200";"2,2488700"
"201900037678";"28";"4";"2019";"13:07";"1";"92";"92012";"2";"2";"1";"7";"ISSY (PONT D')";"48,8308692";"2,2580648"
"201900037679";"7";"4";"2019";"13:30";"1";"92";"92007";"2";"1";"1";"6";"CHARLES-MICHELS (RUE)";"48,7973000";"2,3218000"
"201900037680";"6";"4";"2019";"21:00";"4";"92";"92002";"2";"3";"1";"3";"GENERAL DE GAULLE (AVENUE DU)";"48,7630939";"2,3056122"
"201900037681";"8";"4";"2019";"12:26";"1";"973";"97353";"2";"1";"8";"2";"Avenue Léonard Domerger";"3,6414425";" -54,0305582"
"201900037682";"6";"4";"2019";"22:10";"3";"71";"71145";"1";"1";"1";"3";"Route de Cortevaix";"46,5369180";"4,6789860"
"201900037683";"7";"4";"2019";"17:00";"1";"28";"28141";"1";"1";"1";"7";"Départemanetale 28-2";"48,3384580";"1,3765130"
"201900037684";"31";"3";"2019";"17:15";"2";"974";"97412";"1";"1";"2";"7";"95 Rue Charles Baudelaire";" -21,3798720";"55,6570450"
"201900037685";"8";"4";"2019";"16:40";"1";"11";"11203";"1";"1";"1";"6";"D6113";"43,1983970";"2,7478440"
"201900037686";"5";"4";"2019";"17:25";"1";"35";"35012";"1";"1";"1";"4";"RN137 - PR13+667";"47,8264690";" -1,6889580"
"201900037687";"30";"3";"2019";"23:30";"5";"971";"97109";"1";"1";"1";"6";"RD 7 - route de Dolé-";"15,9935490";" -61,6776790"
"201900037688";"7";"4";"2019";"22:40";"3";"30";"30127";"1";"1";"1";"5";"CD6086";"44,0624530";"4,5735860"
"201900037689";"5";"4";"2019";"12:10";"1";"51";"51033";"1";"1";"1";"7";"RD 211";"48,9728018";"3,7858750"
"201900037690";"6";"4";"2019";"15:00";"1";"76";"76396";"1";"1";"1";"6";"Route départementale 206";"49,5511280";"1,2842770"
"201900037691";"7";"4";"2019";"21:35";"5";"2B";"2B050";"2";"1";"1";"6";"Route d'Ajaccio";"42,5680790";"8,7546660"
"201900037692";"31";"3";"2019";"14:30";"1";"2B";"2B281";"1";"1";"1";"1";"RD 80";"42,8049970";"9,4908590"
"201900037693";"8";"4";"2019";"14:05";"1";"80";"80635";"2";"9";"1";"7";"20 rue Jean-Moulin";"50,0588370";"1,8987830"
"201900037694";"8";"4";"2019";"17:25";"1";"33";"33303";"1";"1";"1";"6";"D241";"44,8442710";" -0,3030470"
"201900037695";"8";"4";"2019";"16:50";"1";"71";"71558";"1";"3";"1";"3";"RD 996 interection route de bellanoiset";"46,4816100";"5,2423480"
"201900037696";"8";"4";"2019";"21:00";"3";"89";"89238";"1";"1";"1";"6";"route de la foret";"47,5671920";"3,5859360"
"201900037697";"7";"4";"2019";"22:05";"3";"63";"63080";"2";"1";"1";"6";"route de CLERMONT";"45,5896720";"3,1346950"
"201900037698";"8";"4";"2019";"10:55";"1";"55";"55181";"1";"1";"1";"1";"D618";"49,2378550";"5,6637240"
"201900037699";"7";"4";"2019";"10:00";"1";"49";"49307";"2";"1";"1";"3";"Grande Rue (Brain-sur-l'Authion)";"47,4460890";" -0,4108620"
"201900037700";"29";"3";"2019";"12:40";"1";"41";"41198";"2";"9";"7";"1";"Impasse des Terres Rouges";"47,2609170";"1,3620360"
"201900037701";"6";"4";"2019";"06:30";"2";"31";"31183";"1";"1";"2";"6";"goutes";"43,0934950";"0,9120070"
"201900037702";"8";"4";"2019";"17:25";"1";"38";"38069";"2";"1";"1";"6";"Route des Alpes";"45,4523890";"5,2905160"
"201900037703";"8";"4";"2019";"03:15";"3";"1";"01196";"1";"1";"9";"6";"route de béréziat";"46,3678180";"5,1061450"
"201900037704";"8";"4";"2019";"17:05";"1";"72";"72278";"1";"1";"1";"6";"CD357";"48,0310690";" -0,3024680"
"201900037705";"7";"4";"2019";"20:43";"2";"14";"14005";"1";"1";"1";"6";"Route de Paris";"49,1220026";" -0,1208027"
"201900037706";"8";"4";"2019";"08:00";"1";"50";"50185";"1";"1";"1";"3";"Route du Docteur Larsonneur";"48,8403340";" -1,2599020"
"201900037707";"4";"4";"2019";"01:20";"3";"90";"90084";"1";"1";"4";"7";"D22";"47,6701030";"7,0254740"
"201900037708";"8";"4";"2019";"17:50";"1";"4";"04116";"2";"1";"1";"2";"RD4 - Bd des tilleules";"44,0303260";"5,9770120"
"201900037709";"7";"4";"2019";"11:30";"1";"37";"37015";"2";"2";"1";"1";"Le Grais";"47,3206082";"0,8417106"
"201900037710";"5";"4";"2019";"09:03";"1";"38";"38193";"2";"6";"1";"6";"Boulevard de Saint-Hubert";"45,6225700";"5,2201300"
"201900037711";"14";"3";"2019";"13:30";"1";"7";"07138";"1";"1";"1";"5";"N102 LAVILLEDIEU";"44,5904800";"4,4272220"
"201900037712";"21";"3";"2019";"16:00";"1";"6";"06088";"1";"1";"1";"3";"A8 PK 192+900 sens Sud";"43,7170340";"7,2134650"
"201900037713";"8";"4";"2019";"06:30";"2";"86";"86213";"1";"1";"1";"2";"Autoroute A 10 pk 330.300";"46,4640850";"0,0167580"
"201900037714";"5";"4";"2019";"18:00";"3";"988";"98808";"1";"1";"2";"1";"tribu de karagreu";" -21,3639931";"165,4321290"
"201900037715";"8";"4";"2019";"07:30";"2";"77";"77147";"1";"3";"1";"3";"D619 X D76";"48,5621540";"3,0827530"
"201900037716";"7";"4";"2019";"17:15";"1";"77";"77465";"1";"1";"1";"1";"D219";"48,3088600";"2,9475100"
"201900037717";"8";"4";"2019";"12:45";"1";"83";"83107";"1";"1";"1";"2";"N/A";"43,3737150";"6,6732670"
"201900037718";"8";"4";"2019";"07:00";"1";"13";"13097";"1";"1";"1";"6";"Route Départementale 5";"43,6618900";"4,9050420"
"201900037719";"6";"4";"2019";"17:40";"1";"67";"67411";"1";"1";"1";"3";"D 500";"48,5035190";"7,4979730"
"201900037720";"8";"4";"2019";"06:30";"2";"38";"38344";"2";"1";"1";"6";"Rue Gaston Monmousseau";"45,3606800";"4,7976700"
"201900037721";"6";"4";"2019";"14:10";"1";"86";"86026";"1";"1";"8";"7";"rd 759";"47,0659450";"0,1640230"
"201900037722";"21";"3";"2019";"11:20";"1";"86";"86137";"2";"1";"1";"6";"Boulevard Guy Chauvet";"47,0086630";"0,0875580"
"201900037723";"7";"4";"2019";"07:15";"1";"86";"86062";"1";"1";"1";"6";"D.910";"46,6317750";"0,3569280"
"201900037724";"6";"4";"2019";"20:00";"2";"49";"49285";"1";"1";"2";"1";"lieu dit chante merle, saint germain sur moine";"47,1108480";" -1,1388780"
"201900037725";"7";"4";"2019";"12:00";"1";"27";"27188";"1";"6";"1";"6";"CD321, rond point de l'abbaye";"49,3037280";"1,1304790"
"201900037726";"8";"4";"2019";"06:30";"2";"60";"60398";"2";"1";"1";"6";"33 Rue de la Libération";"49,1745490";"2,2868710"
"201900037727";"8";"4";"2019";"16:25";"1";"60";"60041";"1";"1";"1";"2";"RD12";"49,3847362";"2,2201033"