"Num_Acc";"jour";"mois";"an";"hrmn";"lum";"dep";"com";"agg";"int";"atm";"col";"adr";"lat";"long"
"201900037728";"6";"4";"2019";"18:10";"1";"13";"13215";"1";"1";"2";"7";"A55-Sens Marseille vers Martigues";"43,3296200";"5,3559100"
"201900037729";"6";"4";"2019";"13:20";"1";"13";"13215";"1";"1";"2";"6";"A55-Sens Marseille vers Martigues";"43,3420310";"5,3479830"
"201900037730";"6";"4";"2019";"05:45";"3";"13";"13005";"1";"1";"1";"6";"A501-Sens Aubagne vers Pont de l'Etoile";"43,2989600";"5,5627800"
"201900037731";"4";"4";"2019";"13:30";"1";"67";"67218";"1";"1";"2";"6";"Bretelle accès autoroute";"48,5472000";"7,7275200"
"201900037732";"6";"4";"2019";"20:15";"5";"94";"94037";"1";"1";"1";"2";"AUTOROUTE A6B";"48,8164089";"2,3368452"
"201900037733";"7";"4";"2019";"17:15";"1";"92";"92050";"1";"1";"1";"2";"A86";"48,9031210";"2,2054120"
"201900037734";"6";"4";"2019";"19:15";"1";"78";"78126";"1";"1";"1";"5";"A13";"48,8375210";"2,1251500"
"201900037735";"7";"4";"2019";"06:55";"2";"94";"94017";"1";"1";"1";"2";"A4";"48,8280945";"2,5033698"
"201900037736";"2";"4";"2019";"16:55";"1";"79";"79191";"2";"1";"1";"5";"224 avenue de la Rochelle";"46,3111400";" -0,4800600"
"201900037737";"4";"4";"2019";"11:15";"1";"71";"71059";"2";"3";"1";"3";"COUCHES (ROUTE DE)";"46,8099700";"4,4726500"
"201900037738";"3";"4";"2019";"14:25";"1";"41";"41018";"2";"1";"8";"2";"FRANCE (AVENUE DE)  1";"47,5957300";"1,3154200"
"201900037739";"22";"3";"2019";"17:30";"1";"12";"12202";"2";"1";"1";"6";"MARECHAL JOFFRE (AVENUE DU)";"44,3622100";"2,5794800"
"201900037740";"4";"4";"2019";"11:40";"1";"11";"11069";"2";"6";"1";"3";"Rond Point Garigliano";"43,2049520";"2,3318890"
"201900037741";"23";"1";"2019";"16:40";"1";"94";"94041";"2";"9";"2";"6";"BARBES (R)";"48,8158000";"2,3687000"
"201900037742";"4";"4";"2019";"08:00";"1";"94";"94017";"2";"1";"1";"3";"STALINGRAD - PONT DE NOGENT (BD DE)";"48,8302600";"2,4930600"
"201900037743";"21";"1";"2019";"09:00";"1";"93";"93047";"2";"3";"1";"6";"EUROPE (BOULEVARD DE L')";"48,8966100";"2,5640000"
"201900037744";"17";"1";"2019";"09:00";"1";"93";"93014";"2";"1";"8";"2";"SEVIGNE (AVENUE DE)";"48,9128830";"2,5442820"
"201900037745";"18";"2";"2019";"14:35";"1";"92";"92062";"2";"2";"1";"3";"GENERAL DE GAULLE (AV) DU 63 AU 107";"48,8873900";"2,2334400"
"201900037746";"30";"1";"2019";"02:20";"5";"92";"92004";"2";"3";"4";"2";"PONT D'ASNIERES";"48,9049314";"2,2878452"
"201900037747";"2";"4";"2019";"09:20";"1";"93";"93030";"1";"1";"3";"3";"AUTOROUTE A1";"48,9393000";"2,4189600"
"201900037748";"4";"4";"2019";"18:12";"5";"988";"98818";"2";"3";"1";"6";"PROM. ROGER LAROQUE/RTE DE L AQUARIUM";" -22,3028800";"166,4384900"
"201900037749";"4";"4";"2019";"09:50";"1";"976";"97611";"2";"1";"1";"6";"m'tsapere-Nationale 2 (route)";" -12,7872500";"45,2255400"
"201900037750";"6";"4";"2019";"16:10";"1";"974";"97416";"1";"4";"8";"2";"LIGNE PARADIS(ROUTE DE LA)";" -21,3240200";"55,4866400"
"201900037751";"4";"4";"2019";"07:10";"1";"974";"97416";"1";"9";"1";"3";"Chemin Antoine Picard";" -21,3189400";"55,5406000"
"201900037752";"6";"4";"2019";"16:25";"1";"974";"97411";"2";"3";"1";"6";"VINH-SAN (BLD 1 DU PRINCE)";" -20,8861500";"55,4401700"
"201900037753";"5";"4";"2019";"17:15";"1";"974";"97411";"2";"1";"1";"3";"Route de la Rivière des pluies";" -20,9014700";"55,5018300"
"201900037754";"5";"4";"2019";"14:45";"1";"974";"97411";"2";"2";"1";"3";"LORY LES HAUTS (RUE)";" -20,8927500";"55,4819300"
"201900037755";"3";"4";"2019";"15:00";"1";"974";"97411";"2";"1";"2";"2";"LANCASTEL (BOULEVARD)";" -20,8796000";"55,4592400"
"201900037756";"3";"4";"2019";"07:20";"1";"974";"97411";"2";"1";"1";"2";"MONNERVILLE (BOULEVARD GASTON)";" -20,8962940";"55,4471600"
"201900037757";"5";"4";"2019";"12:10";"1";"974";"97407";"2";"1";"1";"3";"COMMUNE DE PARIS (AVENUE)";" -20,9368000";"55,2908000"
"201900037758";"5";"4";"2019";"10:35";"1";"974";"97407";"2";"9";"1";"6";"Rue du 8 mars";" -20,9398294";"55,3001661"
"201900037759";"5";"4";"2019";"07:30";"1";"974";"97407";"2";"2";"1";"3";"JACQUES DUCLOS (RUE) - RIVIERE DES GAL";" -20,9625000";"55,3187000"
"201900037760";"5";"4";"2019";"06:30";"1";"974";"97407";"1";"1";"1";"2";"ROUTE NATIONALE N° 1";" -20,9539600";"55,3142800"
"201900037761";"4";"4";"2019";"07:00";"1";"974";"97407";"2";"2";"1";"3";"ROMERO(AVENUE)";" -20,9492300";"55,2940400"
"201900037762";"4";"4";"2019";"10:05";"1";"973";"97302";"2";"1";"1";"3";"MADELEINE (ROUTE DE LA)";"4,9177700";" -52,3214200"
"201900037763";"3";"4";"2019";"23:25";"5";"973";"97302";"2";"1";"1";"2";"route de baduel";"4,9401745";" -52,3196528"
"201900037764";"3";"4";"2019";"18:30";"3";"973";"97302";"2";"1";"1";"1";"TROUBIRAN (CHEMIN DE)";"4,9216478";" -52,3039663"
"201900037765";"6";"4";"2019";"15:15";"1";"69";"69383";"2";"1";"1";"6";"GENAS (DE)                          (RO)";"45,7542196";"4,8885190"
"201900037766";"6";"4";"2019";"01:50";"5";"69";"69387";"2";"2";"2";"3";"BANCEL                              (R )";"45,7464700";"4,8385000"
"201900037767";"5";"4";"2019";"21:15";"5";"69";"69383";"2";"1";"1";"3";"FELIX FAURE                         (AV)";"45,7544000";"4,8657000"
"201900037768";"5";"4";"2019";"18:10";"1";"69";"69199";"2";"1";"1";"6";"CARNOT                              (R )";"45,7080400";"4,8595000"
"201900037769";"5";"4";"2019";"16:28";"1";"69";"69383";"2";"9";"1";"6";"GUICHARD                            (PL)";"45,7593800";"4,8470900"
"201900037770";"5";"4";"2019";"13:00";"1";"69";"69383";"2";"2";"1";"6";"VILLETTE (DE LA)                    (R )";"45,7569300";"4,8616100"
"201900037771";"4";"4";"2019";"07:10";"1";"69";"69383";"2";"1";"2";"3";"BONNEL (DE)                         (R )";"45,7620800";"4,8515800"
"201900037772";"3";"4";"2019";"14:50";"1";"69";"69199";"2";"1";"2";"1";"LAURENT MOIROUD                     (R )";"45,7055900";"4,8444200"
"201900037773";"4";"4";"2019";"14:25";"1";"972";"97213";"2";"1";"1";"1";"CLEMENCIN (RUE)";"14,6385900";" -61,0233200"
"201900037774";"6";"4";"2019";"19:30";"5";"972";"97209";"2";"2";"1";"3";"ISAMBERT (RUE)";"14,6046500";" -61,0717100"
"201900037775";"6";"4";"2019";"09:50";"1";"972";"97209";"1";"1";"1";"2";"AUTOROUTE (A1)";"14,6149800";" -61,0457700"
"201900037776";"4";"4";"2019";"12:15";"1";"972";"97209";"2";"2";"1";"3";"JACQUES ROUMAIN (AVENUE)";"14,6081000";" -61,0469000"
"201900037777";"4";"4";"2019";"12:35";"1";"972";"97209";"2";"9";"1";"3";"BALATA (ROUTE DE)";"14,6171200";" -61,0713400"
"201900037778";"6";"4";"2019";"12:39";"1";"69";"69382";"2";"2";"8";"6";"CHARLEMAGNE                         (CO)";"45,7467332";"4,8242855"
"201900037779";"5";"4";"2019";"21:50";"5";"69";"69382";"2";"3";"1";"3";"FRANKLIN                            (R )";"45,7534000";"4,8257000"
"201900037780";"5";"4";"2019";"14:25";"1";"69";"69384";"2";"2";"1";"6";"HENON                               (R )";"45,7795000";"4,8322400"
"201900037781";"4";"4";"2019";"18:30";"1";"69";"69382";"2";"1";"1";"6";"BELLECOUR                           (PL)";"45,7583800";"4,8325100"
"201900037782";"4";"4";"2019";"13:31";"1";"69";"69286";"1";"1";"4";"3";"ROUTE DU MAS RILLIER                (RO)";"45,8230000";"4,9120000"
"201900037783";"5";"4";"2019";"11:50";"1";"2B";"2B033";"2";"3";"1";"3";"AV DE LA LIBERATION";"42,6853500";"9,4451600"
"201900037784";"4";"4";"2019";"13:30";"1";"2B";"2B033";"2";"1";"2";"2";"CAPITAINE THEN";"42,6740161";"9,4375965"
"201900037785";"4";"4";"2019";"05:45";"5";"2B";"2B033";"2";"1";"1";"3";"11 - RT";"42,6827200";"9,4466500"
"201900037786";"30";"3";"2019";"19:12";"3";"971";"97101";"2";"9";"1";"6";"BOULEVARD DES HEROS";"16,2474400";" -61,5284700"
"201900037787";"4";"4";"2019";"08:10";"1";"971";"97105";"2";"1";"8";"3";"LARDENOY (RUE DE )";"15,9896500";" -61,7214300"
"201900037788";"5";"4";"2019";"14:10";"1";"2A";"2A004";"1";"1";"1";"2";"T20";"41,9334000";"8,8024000"
"201900037789";"5";"4";"2019";"13:00";"1";"91";"91685";"2";"1";"1";"6";"FOUILLERET (RUE ALBERT)";"48,6602300";"2,2998500"
"201900037790";"3";"4";"2019";"10:40";"1";"91";"91692";"2";"1";"1";"1";"PACIFIQUE (AVENUE DU)";"48,6829000";"2,1936000"
"201900037791";"6";"4";"2019";"18:15";"1";"91";"91687";"2";"3";"1";"1";"MARMONT (AVENUE)";"48,6712900";"2,3628100"
"201900037792";"6";"4";"2019";"10:30";"1";"91";"91326";"2";"9";"1";"6";"COUR DE FRANCE (AVENUE DE LA)";"48,6970700";"2,3719200"
"201900037793";"4";"4";"2019";"06:45";"2";"91";"91326";"2";"1";"1";"6";"DRAVEIL (RUE DE)";"48,6891600";"2,3838900"
"201900037794";"3";"4";"2019";"18:08";"1";"91";"91223";"2";"3";"1";"3";"COQUERIVE (AVENUE DE)";"48,4350200";"2,1681600"
"201900037795";"5";"4";"2019";"17:45";"1";"91";"91027";"2";"1";"1";"3";"MITTERAND (AVENUE FRANCOIS) N° 2 A 110";"48,7042200";"2,3715800"
"201900037796";"4";"4";"2019";"16:49";"1";"87";"87085";"2";"3";"1";"6";"BUISSON (RUE FERDINAND)";"45,8256700";"1,2571900"
"201900037797";"3";"4";"2019";"09:04";"1";"87";"87085";"1";"1";"2";"6";"FAYOLLE (ALLEE DU MARECHAL)";"45,8329200";"1,2218100"
"201900037798";"1";"4";"2019";"04:45";"3";"86";"86214";"1";"1";"1";"6";"LIGUGE (ROUTE DE)";"46,5386200";"0,3546600"
"201900037799";"30";"3";"2019";"05:52";"3";"84";"84035";"1";"1";"1";"2";"ISLE/SORGUE-RD 938 (ROUTE DE L')";"43,8805300";"5,0150200"
"201900037800";"29";"3";"2019";"14:47";"1";"84";"84035";"1";"4";"1";"3";"ROBION-RD2 (ROUTE DE)";"43,8430504";"5,0746858"
"201900037801";"3";"3";"2019";"10:30";"1";"84";"84031";"1";"1";"1";"7";"COMTAT VENAISSIN";"44,0394700";"5,0658100"
"201900037802";"5";"4";"2019";"16:10";"1";"83";"83137";"2";"1";"1";"3";"SAINTE CLAIRE DEVILLE (RUE HENRI)";"43,1276500";"5,9781300"
"201900037803";"4";"4";"2019";"21:00";"5";"83";"83137";"2";"3";"1";"3";"PLAISANCE (CHEMIN DE)";"43,1307100";"5,9188000"
"201900037804";"4";"4";"2019";"13:40";"1";"83";"83137";"2";"9";"1";"3";"BESAGNE (AVE DE)";"43,1194400";"5,9351300"
"201900037805";"22";"7";"2019";"12:50";"1";"94";"94070";"2";"2";"1";"3";"PARIS (RTE DE)";"48,7198500";"2,5663600"
"201900037806";"22";"7";"2019";"08:45";"1";"93";"93066";"2";"1";"1";"4";"WILSON (AVENUE DU PRESIDENT)";"48,9105200";"2,3585100"
"201900037807";"22";"7";"2019";"13:20";"1";"93";"93055";"2";"1";"1";"1";"DELIZY (DU 23 A FIN ET DU 20 A FIN)";"48,8975100";"2,4076200"
"201900037808";"20";"7";"2019";"22:50";"5";"93";"93053";"2";"1";"2";"2";"GALLIENI (AVENUE)";"48,8875800";"2,4590300"
"201900037809";"21";"7";"2019";"21:40";"2";"93";"93048";"2";"1";"1";"2";"THEOPHILE SUEUR (BOULEVARD)";"48,8592700";"2,4667100"
"201900037810";"22";"7";"2019";"17:21";"1";"93";"93006";"2";"1";"1";"6";"MARCEL ETIENNE RUE";"48,8560200";"2,4169800"
"201900037811";"21";"7";"2019";"23:40";"5";"93";"93032";"2";"1";"1";"3";"ORMES   (PLACE DES)";"48,8725700";"2,5595500"
"201900037812";"21";"7";"2019";"22:50";"5";"93";"93014";"2";"2";"1";"3";"MONTFERMEIL (ALLEE DE)";"48,8989000";"2,5464000"
"201900037813";"21";"7";"2019";"00:47";"3";"93";"93008";"2";"2";"1";"2";"VAILLANT (AVENUE EDOUARD)";"48,9116400";"2,4648800"
"201900037814";"20";"7";"2019";"11:40";"1";"92";"92073";"2";"2";"1";"6";"CHENES (RUE DES)/ BAS ROGERS (RUE DES)";"48,8810073";"2,2271173"
"201900037815";"19";"7";"2019";"15:24";"1";"92";"92025";"2";"1";"1";"2";"107 STALINGRAD (AVENUE)";"48,9309850";"2,2671590"
"201900037816";"23";"7";"2019";"12:48";"1";"44";"44089";"1";"1";"1";"1";"D 90";"47,3673239";" -1,8607267"
"201900037817";"23";"7";"2019";"01:30";"3";"38";"38265";"1";"1";"1";"6";"D113";"44,9749670";"5,7386540"
"201900037818";"20";"7";"2019";"12:10";"1";"57";"57238";"1";"1";"1";"5";"D955";"48,8368010";"6,4725410"
"201900037819";"22";"7";"2019";"19:30";"1";"57";"57467";"1";"3";"1";"3";"Mey";"49,1299280";"6,2431580"
"201900037820";"16";"6";"2019";"07:00";"1";"19";"19022";"1";"1";"1";"1";"Les Landes de Crouzillac";"45,4989870";"1,4556320"
"201900037821";"22";"7";"2019";"20:00";"1";"2B";"2B043";"1";"1";"1";"6";"D80";"42,7749900";"9,4749150"
"201900037822";"22";"7";"2019";"21:15";"1";"80";"80215";"1";"2";"1";"3";"Les Quatre Saisons";"50,1435660";"2,0283810"
"201900037823";"22";"7";"2019";"06:45";"2";"82";"82044";"1";"1";"1";"6";"D21";"43,9290000";"1,3841200"
"201900037824";"22";"7";"2019";"17:35";"1";"65";"65056";"2";"1";"1";"3";"chemin du comté";"43,0217110";" -0,0890070"
"201900037825";"21";"7";"2019";"12:10";"1";"11";"11352";"1";"1";"1";"7";"D 46";"42,8474700";"2,3187100"
"201900037826";"14";"6";"2019";"16:00";"1";"71";"71134";"1";"1";"2";"7";"RN79";"46,3742950";"4,5366550"
"201900037827";"23";"7";"2019";"09:25";"1";"89";"89449";"1";"2";"7";"3";"Intersection D606 - D337";"48,3320960";"3,0980880"
"201900037828";"22";"7";"2019";"19:30";"1";"49";"49218";"1";"1";"1";"1";"La Commanderie (Chaudron-en-Mauges)";"47,2745890";" -0,9259870"
"201900037829";"14";"7";"2019";"13:20";"1";"49";"49050";"2";"1";"1";"7";"Rue Saint-Aubin (Saint-Rémy-la-Varenne)";"47,3545884";" -0,4491704"
"201900037830";"23";"7";"2019";"11:10";"1";"47";"47160";"1";"1";"1";"3";"Roque Rouge - D 656";"44,4003650";"1,0409140"
"201900037831";"22";"7";"2019";"10:40";"1";"34";"34047";"1";"6";"1";"7";"D32,";"43,5382150";"3,4851640"
"201900037832";"22";"7";"2019";"16:20";"1";"68";"68091";"2";"1";"1";"6";"Rue de la Libération";"47,9157440";"7,5372780"
"201900037833";"11";"7";"2019";"12:45";"1";"25";"25318";"2";"3";"1";"3";"9 Route des Alpes";"46,7602380";"6,3886530"
"201900037834";"6";"4";"2019";"09:00";"1";"35";"35139";"1";"3";"1";"4";"route de rennes";"47,9360050";" -1,6732680"
"201900037835";"22";"7";"2019";"20:30";"1";"31";"31085";"1";"1";"1";"7";"D44";"42,9161760";"0,7147680"
"201900037836";"22";"7";"2019";"19:00";"1";"2";"02008";"1";"1";"1";"3";"D167";"49,4422590";"3,4914940"
"201900037837";"22";"7";"2019";"17:50";"1";"85";"85064";"1";"1";"1";"7";"a83";"46,8322100";" -1,2262100"
"201900037838";"22";"7";"2019";"12:30";"1";"58";"58216";"1";"1";"1";"7";"La Guitte";"47,3287810";"3,7831430"
"201900037839";"21";"7";"2019";"18:30";"1";"58";"58046";"2";"1";"1";"3";"Route de Saint-Benin";"46,8701750";"3,6419730"
"201900037840";"20";"7";"2019";"16:00";"1";"6";"06056";"1";"1";"1";"7";"RD 2202 route du col e la cayolle";"44,2548170";"6,7484120"
"201900037841";"22";"7";"2019";"14:55";"1";"73";"73298";"2";"1";"1";"6";"D990  1460 Route Porte de Tarentaise";"45,6541340";"6,4363042"
"201900037842";"21";"7";"2019";"12:30";"1";"4";"04128";"1";"1";"1";"7";"RD 907";"43,8486990";"5,7171960"
"201900037843";"22";"7";"2019";"19:10";"1";"85";"85182";"1";"1";"1";"1";"La Grande Fraudière";"46,7816700";" -0,8077300"
"201900037844";"22";"7";"2019";"17:25";"1";"28";"28277";"2";"3";"1";"6";"8 Melleville";"48,2072780";"1,5136710"
"201900037845";"23";"7";"2019";"20:35";"1";"87";"87030";"2";"1";"1";"7";"chemin des herons";"45,8784030";"0,8722990"
"201900037846";"23";"7";"2019";"16:15";"1";"1";"01159";"1";"1";"1";"6";"a40, PK 201.359";"46,3260700";"4,8825770"
"201900037847";"21";"7";"2019";"14:30";"1";"974";"97415";"1";"1";"1";"6";"Route de Mafate";" -20,9737720";"55,3055500"
"201900037848";"22";"7";"2019";"20:32";"1";"82";"82002";"1";"1";"1";"2";"A20";"44,0925070";"1,4282460"
"201900037849";"20";"7";"2019";"12:45";"1";"13";"13060";"1";"1";"1";"4";"Autoroute A8";"43,4848380";"5,5352780"
"201900037850";"22";"7";"2019";"23:00";"3";"13";"13067";"1";"1";"1";"4";"A7 - PK 211.900 - sens LYON/MARSEILLE";"43,8160230";"5,0330600"
"201900037851";"23";"7";"2019";"01:30";"3";"13";"13118";"1";"1";"1";"2";"A8 PK 3+620 Sens S-N";"43,5529280";"5,2512420"
"201900037852";"23";"7";"2019";"22:00";"3";"988";"98803";"1";"1";"5";"7";"col des arabes";" -21,6371400";"165,5334300"
"201900037853";"6";"7";"2019";"05:45";"2";"971";"97112";"1";"1";"1";"1";"Route Départementale 203, AERODROME DE MARIE-GALANTE";"15,8748460";" -61,3009680"
"201900037854";"23";"7";"2019";"08:45";"1";"77";"77477";"1";"1";"1";"1";"D152";"48,3509300";"2,6124400"
"201900037855";"23";"6";"2019";"23:30";"5";"77";"77183";"2";"1";"1";"2";"rue du deversoir";"48,9410702";"3,1221223"
"201900037856";"19";"7";"2019";"05:45";"2";"95";"95658";"1";"1";"1";"7";"RD 14";"49,0864987";"1,9181286"
"201900037857";"23";"7";"2019";"05:15";"3";"2A";"2A288";"1";"1";"1";"2";"rue principale";"41,5476180";"9,2078000"
"201900037858";"22";"7";"2019";"10:00";"1";"83";"83064";"1";"1";"1";"2";"RD 554";"43,3227830";"6,0282050"
"201900037859";"22";"7";"2019";"19:30";"1";"13";"13100";"1";"1";"1";"7";"Route d'Orgon N 99 pk 12+943";"43,7851720";"4,8681790"
"201900037860";"23";"7";"2019";"08:45";"1";"13";"13111";"1";"1";"7";"7";"Departementale 10";"43,5539240";"5,6924770"
"201900037861";"21";"7";"2019";"11:30";"1";"68";"68142";"1";"1";"1";"1";"D5 B1";"48,0745680";"7,1351080"
"201900037862";"23";"7";"2019";"11:45";"1";"67";"67132";"1";"1";"1";"7";"RD72";"48,8709900";"7,7197170"
"201900037863";"21";"7";"2019";"17:10";"1";"74";"74140";"1";"3";"1";"6";"Route du Col de Terramont";"46,2435080";"6,4831830"
"201900037864";"23";"7";"2019";"19:00";"1";"42";"42022";"2";"3";"1";"3";"Rue du Pont du Diable";"45,5215930";"4,2368920"
"201900037865";"20";"7";"2019";"10:40";"1";"46";"46105";"1";"1";"1";"6";"AUTROUTE A20 PK 364+000";"44,4254290";"1,5091090"
"201900037866";"20";"7";"2019";"19:00";"1";"44";"44073";"1";"1";"1";"1";"Les Grisons";"47,4569450";" -1,6926060"
"201900037867";"22";"7";"2019";"18:15";"1";"22";"22077";"1";"1";"1";"3";"D14";"48,5626294";" -2,4474063"
"201900037868";"23";"7";"2019";"08:40";"1";"27";"27618";"1";"1";"1";"6";"Route départementale 140";"48,9708870";"0,8153510"
"201900037869";"22";"7";"2019";"10:00";"1";"33";"33080";"1";"1";"1";"2";"AUTOROUTE A 62";"44,7550900";" -0,5440700"
"201900037870";"22";"7";"2019";"08:35";"1";"33";"33162";"1";"1";"1";"2";"ROCADE A 630";"44,8583000";" -0,6616800"
"201900037871";"11";"6";"2019";"21:00";"3";"93";"93073";"1";"1";"3";"6";"AUTOROUTE A104";"48,9655600";"2,5570100"
"201900037872";"20";"7";"2019";"02:50";"3";"93";"93048";"1";"1";"1";"6";"AUTOROUTE A3";"48,8702806";"2,4312696"
"201900037873";"22";"7";"2019";"10:10";"1";"77";"77059";"1";"1";"1";"2";"A104";"48,8500000";"2,6800000"
"201900037874";"21";"7";"2019";"12:20";"1";"94";"94017";"1";"1";"1";"2";"A4";"48,8200000";"2,5100000"
"201900037875";"21";"7";"2019";"19:40";"2";"976";"97611";"1";"1";"1";"6";"kaweni-Pendu (Place)";" -12,7596000";"45,2277600"
"201900037876";"21";"7";"2019";"18:25";"3";"974";"97411";"1";"1";"1";"2";"LITTORAL (ROUTE 1 DU)";" -20,8745900";"55,4266000"
"201900037877";"20";"7";"2019";"21:50";"3";"69";"69387";"2";"2";"8";"3";"LECLERC                             (AV)";"45,7477200";"4,8336400"
"201900037878";"21";"7";"2019";"17:29";"1";"972";"97209";"1";"1";"1";"2";"AUTOROUTE (A1)";"14,6144000";" -61,0473100"
"201900037879";"21";"7";"2019";"15:50";"1";"69";"69382";"2";"2";"1";"6";"BOURSE (DE LA)                      (R )";"45,7649791";"4,8368750"
"201900037880";"20";"7";"2019";"20:40";"2";"69";"69382";"2";"2";"2";"3";"DELANDINE                           (R )";"45,7478500";"4,8281700"
"201900037881";"21";"7";"2019";"18:01";"1";"2A";"2A004";"1";"1";"1";"1";"CAPO DI FENO RTE";"41,9256004";"8,6320981"
"201900037882";"19";"7";"2019";"19:45";"2";"91";"91471";"2";"2";"7";"1";"CHARTRES (ROUTE DE)";"48,6950000";"2,1760000"
"201900037883";"18";"6";"2019";"20:35";"2";"83";"83061";"2";"9";"1";"3";"AVENUE VICTOR HUGO";"43,4261004";"6,7631672"
"201900037884";"21";"7";"2019";"04:45";"3";"77";"77438";"2";"1";"1";"6";"PETITE GRILLE (RUE DE  LA)";"48,8534968";"2,6679476"
"201900037885";"18";"7";"2019";"16:50";"1";"76";"76259";"2";"7";"1";"4";"DE GAULLE ( PLACE CHARLES)";"49,7574100";"0,3763100"
"201900037886";"21";"7";"2019";"04:45";"2";"60";"60463";"1";"9";"1";"6";"RN 16_LIMITE CNE NOGENT_PONT RUE DU MARA";"49,2846000";"2,4741000"
"201900037887";"21";"7";"2019";"22:30";"3";"59";"59426";"2";"1";"1";"6";"TOURCOING (RUE DE)";"50,7463465";"3,1573892"
"201900037888";"21";"7";"2019";"16:55";"1";"59";"59599";"2";"2";"1";"6";"HAVRE (RUE D')";"50,7200600";"3,1615500"
"201900037889";"21";"7";"2019";"10:00";"1";"59";"59090";"2";"6";"1";"1";"GAULLE (AVENUE DU GENERAL DE)";"50,7197600";"3,1095100"
"201900037890";"21";"7";"2019";"02:45";"5";"45";"45302";"2";"6";"1";"6";"400 FB BANNIER";"47,9342400";"1,8948200"
"201900037891";"20";"7";"2019";"10:50";"1";"42";"42095";"1";"1";"1";"3";"RD 500";"45,3623850";"4,3077804"
"201900037892";"20";"7";"2019";"17:13";"1";"38";"38544";"2";"1";"1";"3";"GENERAL LECLERC(AV)";"45,5081600";"4,8597900"
"201900037893";"21";"7";"2019";"22:00";"5";"37";"37261";"2";"2";"1";"3";"MAISTRE (RUE XAVIER DE)";"47,4231700";"0,6932300"
"201900037894";"21";"7";"2019";"19:50";"1";"37";"37122";"2";"1";"1";"7";"RD 37 sortie Nord";"47,3760000";"0,6510000"
"201900037895";"20";"7";"2019";"19:11";"1";"37";"37261";"2";"2";"1";"3";"TOUR D'AUVERGNE (RUE DE LA)";"47,3852016";"0,7069731"
"201900037896";"21";"7";"2019";"07:51";"1";"35";"35238";"2";"1";"1";"6";"VERN (DE)";"48,0908200";" -1,6451300"
"201900037897";"21";"7";"2019";"23:30";"5";"34";"34172";"2";"1";"1";"3";"ASSAS (AVENUE D')";"43,6148523";"3,8644231"
"201900037898";"21";"7";"2019";"05:50";"1";"34";"34172";"2";"1";"1";"6";"SOULAS (AVENUE DU PERE";"43,6262984";"3,8489699"
"201900037899";"21";"7";"2019";"21:40";"2";"33";"33063";"2";"2";"1";"3";"R. de Bègles / R. Malbec";"44,8236760";" -0,5658250"
"201900037900";"20";"7";"2019";"13:55";"1";"33";"33281";"1";"1";"1";"1";"CASSIN (AVE RENE)";"44,8321400";" -0,6703300"
"201900037901";"17";"7";"2019";"18:00";"1";"29";"29151";"1";"3";"1";"3";"PARIS (ROUTE DE)";"48,5791928";" -3,7972773"
"201900037902";"20";"7";"2019";"19:18";"1";"29";"29039";"2";"1";"1";"3";"MARTINS PECHEURS ( RUE DES)";"47,8728000";" -3,8872000"
"201900037903";"20";"7";"2019";"20:45";"1";"17";"17306";"2";"2";"1";"3";"THIBAUDEAU (ROND POINT)";"45,6319700";" -1,0320900"
"201900037904";"21";"7";"2019";"21:56";"1";"17";"17300";"2";"6";"1";"6";"LYAUTEY   BOULEVARD MARECHAL";"46,1616000";" -1,2028000"
"201900037905";"21";"7";"2019";"05:55";"5";"17";"17300";"2";"3";"1";"3";"REAUMUR   RUE";"46,1582000";" -1,1565800"
"201900037906";"21";"7";"2019";"20:10";"1";"13";"13211";"2";"1";"1";"2";"BUTRIS (avenue des)";"43,2990529";"5,4530127"
"201900037907";"21";"7";"2019";"15:48";"1";"13";"13209";"2";"1";"1";"3";"DES PINS (allée)";"43,2537000";"5,4160600"
"201900037908";"21";"7";"2019";"05:30";"2";"13";"13205";"2";"1";"1";"2";"SAINTE BAUME (RUE)";"43,2869140";"5,4006800"
"201900037909";"21";"7";"2019";"06:00";"2";"13";"13207";"2";"1";"1";"7";"ENDOUME (RUE D')";"43,2907600";"5,3665700"
"201900037910";"21";"7";"2019";"21:00";"1";"10";"10333";"2";"6";"1";"6";"ANDRE MAUGOUT (RUE)";"48,2850700";"4,0610400"
"201900037911";"21";"7";"2019";"15:54";"1";"6";"06088";"2";"1";"1";"2";"VOIE RAPIDE";"43,6843849";"7,2333531"
"201900037912";"21";"7";"2019";"12:10";"1";"6";"06069";"2";"1";"1";"7";"DRAGUIGNAN (ROUTE DE) - D2562-";"43,6453065";"6,9028145"
"201900037913";"21";"7";"2019";"13:59";"1";"75";"75114";"2";"5";"1";"6";"RUE DELAMBRE";"48,8419260";"2,3295360"
"201900037914";"21";"7";"2019";"01:06";"5";"75";"75119";"2";"1";"1";"1";"RUE DE LA CLOTURE";"48,8973990";"2,3929380"
"201900037915";"21";"7";"2019";"16:40";"1";"75";"75105";"2";"1";"1";"6";"PORT DE LA TOURNELLE";"48,8511110";"2,3518130"