"Num_Acc";"jour";"mois";"an";"hrmn";"lum";"dep";"com";"agg";"int";"atm";"col";"adr";"lat";"long"
"201900037916";"21";"7";"2019";"13:45";"1";"75";"75119";"2";"1";"1";"7";"RUE BOTZARIS";"48,8766110";"2,3812580"
"201900037917";"20";"7";"2019";"22:50";"5";"75";"75119";"2";"3";"2";"3";"AVENUE CORENTIN CARIOU";"48,8951363";"2,3827462"
"201900037918";"21";"7";"2019";"18:40";"1";"75";"75118";"2";"2";"1";"6";"RUE PAJOL";"48,8899330";"2,3630950"
"201900037919";"20";"7";"2019";"22:20";"5";"75";"75116";"2";"2";"2";"2";"BOULEVARD EXELMANS";"48,8417583";"2,2626739"
"201900037920";"21";"7";"2019";"05:30";"1";"75";"75116";"2";"1";"1";"2";"ROUTE DE SEVRES A NEUILLY";"48,8569910";"2,2374080"
"201900037921";"21";"7";"2019";"15:45";"1";"75";"75115";"2";"2";"1";"3";"AVENUE DE LA PORTE BRANCION";"48,8254830";"2,3002540"
"201900037922";"21";"7";"2019";"11:30";"1";"75";"75115";"2";"2";"1";"3";"RUE DE VOUILLE";"48,8335620";"2,3092180"
"201900037923";"21";"7";"2019";"20:50";"1";"75";"75110";"2";"3";"1";"3";"RUE DU FAUBOURG SAINT MARTIN";"48,8778220";"2,3616330"
"201900037924";"21";"7";"2019";"10:35";"1";"75";"75102";"2";"1";"1";"3";"RUE SAINTE ANNE";"48,8673930";"2,3360670"
"201900037925";"20";"7";"2019";"22:14";"3";"94";"94019";"2";"1";"1";"1";"L'HIPPODROME (AV DE)";"48,8007500";"2,5725200"
"201900037926";"21";"7";"2019";"18:50";"1";"94";"94017";"2";"1";"1";"3";"HUIT MAI 1945 (AV DU)";"48,8071900";"2,5365700"
"201900037927";"21";"7";"2019";"00:10";"5";"93";"93074";"2";"2";"1";"6";"MEAUX RUE DE";"48,9357100";"2,5745300"
"201900037928";"22";"7";"2019";"14:00";"1";"9";"09149";"1";"1";"1";"3";"D618";"42,9445070";"1,1714790"
"201900037929";"9";"7";"2019";"21:30";"1";"22";"22190";"1";"2";"1";"2";"Les Landes de Reine";"48,5411694";" -2,0445680"
"201900037930";"20";"7";"2019";"08:30";"1";"41";"41025";"2";"3";"1";"6";"rue rené Masson";"47,5478530";"1,5414470"
"201900037931";"20";"7";"2019";"07:00";"2";"41";"41067";"2";"1";"1";"6";"16 Rue Nationale";"47,5102540";"1,4519940"
"201900037932";"21";"7";"2019";"12:00";"1";"86";"86100";"1";"1";"1";"6";"D 611";"46,5243700";"0,2677280"
"201900037933";"21";"7";"2019";"08:15";"1";"31";"31113";"2";"1";"1";"1";"12 Route de Mervilla";"43,5142590";"1,4851140"
"201900037934";"21";"7";"2019";"06:00";"3";"71";"71481";"1";"1";"1";"6";"A6 PK 402+700 sens Lyon-Paris";"46,1863910";"4,7726860"
"201900037935";"20";"7";"2019";"21:30";"3";"972";"97214";"2";"1";"1";"1";"ROUTE DU STADE";"14,8342920";" -61,0580550"
"201900037936";"21";"7";"2019";"21:20";"1";"35";"35333";"1";"1";"1";"6";"La Croiserie";"47,9349261";" -1,3687396"
"201900037937";"22";"7";"2019";"18:55";"1";"1";"01360";"2";"1";"1";"7";"Grand'Route";"46,2059020";"5,9596440"
"201900037938";"29";"6";"2019";"20:00";"3";"974";"97410";"1";"1";"2";"2";"Saint-Francois";" -21,0885780";"55,6378390"
"201900037939";"10";"7";"2019";"20:45";"3";"974";"97413";"1";"1";"1";"6";"Route Nationale";" -21,2329290";"55,3008360"
"201900037940";"22";"7";"2019";"06:50";"2";"72";"72231";"1";"1";"1";"2";"D304";"47,9360240";"0,3639000"
"201900037941";"22";"7";"2019";"16:14";"1";"50";"50487";"1";"1";"1";"6";"A84";"48,5214380";" -1,3475970"
"201900037942";"20";"7";"2019";"11:40";"1";"38";"38403";"1";"1";"1";"7";"D34";"44,8502080";"5,7441470"
"201900037943";"20";"7";"2019";"05:40";"5";"83";"83047";"2";"1";"1";"6";"Quartier la Moutonne";"43,1260230";"6,0737380"
"201900037944";"22";"7";"2019";"06:30";"1";"83";"83031";"1";"1";"1";"5";"route du thoronet";"43,3911860";"6,3403720"
"201900037945";"21";"7";"2019";"15:20";"1";"51";"51617";"1";"9";"1";"7";"RD 944";"49,0361470";"4,3166318"
"201900037946";"21";"7";"2019";"19:00";"1";"79";"79286";"1";"1";"1";"7";"6 La Sauvagère";"46,6318780";" -0,5890040"
"201900037947";"11";"6";"2019";"09:30";"1";"79";"79066";"1";"1";"8";"6";"N/A";"46,4776960";" -0,4035660"
"201900037948";"21";"7";"2019";"15:30";"1";"80";"80710";"1";"1";"1";"2";"D29";"50,0058050";"1,7293420"
"201900037949";"21";"7";"2019";"18:45";"1";"69";"69033";"1";"2";"1";"3";"RD85";"45,8592723";"4,8867899"
"201900037950";"22";"7";"2019";"07:25";"1";"32";"32256";"2";"2";"1";"6";"Boulevard des Cordeliers";"43,5151830";"0,4073380"
"201900037951";"21";"7";"2019";"21:45";"3";"32";"32336";"1";"2";"1";"3";"Carrefour RD 626 / RD 176";"43,4488160";"0,9501910"
"201900037952";"21";"7";"2019";"19:35";"1";"71";"71438";"1";"4";"1";"7";"RD 26";"47,0209380";"4,4333380"
"201900037953";"20";"7";"2019";"12:35";"1";"49";"49218";"2";"9";"1";"7";"LE GRAINIER (Saint-Pierre-Montlimart)";"47,2682269";" -1,0396652"
"201900037954";"22";"7";"2019";"07:40";"1";"12";"12286";"2";"1";"1";"6";"Avenue Montplaisir";"43,9461560";"2,8314220"
"201900037955";"21";"7";"2019";"22:13";"3";"68";"68082";"1";"6";"1";"6";"RD201 Pk25.700";"47,8765290";"7,3529550"
"201900037956";"21";"7";"2019";"23:10";"5";"68";"68365";"2";"1";"1";"7";"Route d'Eguisheim";"48,0593440";"7,3061720"
"201900037957";"20";"7";"2019";"16:30";"1";"22";"22147";"2";"1";"1";"7";"8 Rue Général de Gaulle";"48,1906340";" -2,4081900"
"201900037958";"21";"7";"2019";"18:55";"1";"44";"44175";"1";"3";"1";"3";"Départementale 51";"47,3874010";" -2,3253100"
"201900037959";"20";"7";"2019";"11:00";"1";"29";"29024";"1";"1";"1";"6";"Kernaered";"48,2880890";" -3,5529520"
"201900037960";"21";"7";"2019";"10:10";"1";"38";"38126";"2";"1";"1";"3";"Chemin Charles Pajon";"45,2129400";"5,7521800"
"201900037961";"22";"7";"2019";"18:30";"1";"38";"38297";"1";"2";"1";"3";"Route de Lyon";"45,6851200";"5,4453000"
"201900037962";"22";"7";"2019";"06:44";"1";"1";"01203";"2";"1";"1";"3";"Route de toissey 01290";"46,2535010";"4,8806600"
"201900037963";"22";"7";"2019";"12:31";"1";"85";"85191";"1";"1";"1";"1";"A87 PK 115+800";"46,6550500";" -1,3820300"
"201900037964";"21";"7";"2019";"17:20";"1";"54";"54205";"2";"1";"1";"7";"rue du stade";"48,6780690";"5,7907210"
"201900037965";"21";"7";"2019";"18:00";"1";"6";"06151";"2";"1";"1";"1";"M2565";"43,9192090";"7,2637810"
"201900037966";"22";"7";"2019";"09:30";"1";"50";"50349";"2";"9";"1";"7";"Rue du Docteur André Pigaux";"48,9944400";" -1,5222650"
"201900037967";"22";"7";"2019";"15:20";"1";"18";"18053";"1";"1";"1";"6";"RD 72";"47,1476770";"2,8801120"
"201900037968";"21";"7";"2019";"11:55";"1";"43";"43165";"1";"1";"1";"7";"voie communale, lieu dit la Mure";"45,1142600";"3,9985720"
"201900037969";"21";"7";"2019";"17:34";"1";"10";"10189";"1";"2";"1";"3";"D396";"48,4421350";"4,4887850"
"201900037970";"21";"7";"2019";"14:17";"1";"7";"07165";"1";"1";"1";"7";"PR 55+500";"44,9299140";"4,4806190"
"201900037971";"21";"7";"2019";"22:20";"3";"7";"07110";"2";"1";"1";"6";"D 104";"44,4811030";"4,2506680"
"201900037972";"21";"7";"2019";"06:30";"1";"53";"53182";"2";"1";"1";"6";"Chemin de la Croix des Aulnays";"48,1119400";" -0,9638060"
"201900037973";"21";"7";"2019";"05:00";"2";"21";"21198";"2";"1";"1";"6";"Rue de Bard";"47,5188690";"4,2001350"
"201900037974";"22";"7";"2019";"20:10";"2";"21";"21414";"1";"1";"1";"1";"D981";"47,1523690";"4,4905980"
"201900037975";"18";"7";"2019";"07:34";"1";"85";"85012";"1";"3";"1";"3";"D 38 - LA GUITONNIERE";"46,8636200";" -2,1155400"
"201900037976";"21";"7";"2019";"23:30";"3";"85";"85135";"2";"1";"1";"6";"Rue de Saint-André";"46,5388660";" -1,2333040"
"201900037977";"18";"7";"2019";"16:15";"1";"23";"23185";"1";"3";"1";"1";"Champegeix";"46,1254570";"2,1872930"
"201900037978";"22";"7";"2019";"12:30";"1";"87";"87126";"1";"1";"1";"7";"Route de la Pouge";"45,8371610";"0,8478950"
"201900037979";"20";"7";"2019";"17:20";"1";"30";"30341";"1";"1";"1";"5";"670 Route d'Aimargues";"43,6911520";"4,2593340"
"201900037980";"19";"7";"2019";"01:55";"3";"30";"30033";"1";"1";"1";"6";"Départementale 139";"43,7180930";"4,3225950"
"201900037981";"21";"7";"2019";"14:35";"1";"88";"88373";"1";"1";"1";"7";"D392";"48,5073000";"7,1092610"
"201900037982";"21";"7";"2019";"17:19";"1";"49";"49355";"1";"9";"1";"6";"A87  sens CHOLET - ANGERS PK 037.500";"47,1433540";" -0,8216590"
"201900037983";"22";"7";"2019";"15:23";"1";"72";"72129";"1";"1";"1";"1";"A11";"48,0529760";"0,3239690"
"201900037984";"21";"7";"2019";"19:30";"1";"77";"77164";"1";"1";"1";"2";"Autoroute A5 sens TROYES vers PARIS";"48,4446809";"2,9047806"
"201900037985";"17";"7";"2019";"17:45";"1";"68";"68267";"1";"1";"1";"2";"a36 pk 003+600";"47,7409860";"7,2344150"
"201900037986";"22";"7";"2019";"12:10";"1";"76";"76319";"1";"1";"1";"2";"A13";"49,3390300";"1,0157660"
"201900037987";"22";"7";"2019";"06:50";"1";"988";"98817";"2";"9";"1";"6";"460 rue Antoine Griscelli";" -22,2282430";"166,5233360"
"201900037988";"9";"12";"2019";"07:38";"5";"77";"77058";"2";"2";"3";"3";"ANDRE MALRAUX (AVENUE)";"48,8405800";"2,7106500"
"201900037989";"10";"12";"2019";"10:30";"1";"74";"74012";"2";"1";"1";"6";"MOLE (RUE DU)";"46,1976500";"6,2364800"
"201900037990";"11";"12";"2019";"13:00";"1";"71";"71540";"1";"2";"3";"3";"THIELLAY (LE)  RN.80";"46,7592391";"4,4646054"
"201900037991";"11";"12";"2019";"07:58";"1";"63";"63113";"2";"1";"1";"6";"PRADELLE (RUE DE LA)";"45,7734000";"3,0966400"
"201900037992";"10";"12";"2019";"11:50";"1";"45";"45234";"2";"3";"7";"6";"R SAINT MARC - R H LAVEDAN";"47,9048478";"1,9231192"
"201900037993";"11";"12";"2019";"17:10";"1";"45";"45234";"2";"1";"1";"6";"RUE ROMAIN ROLLAND";"47,8378700";"1,9330100"
"201900037994";"11";"12";"2019";"13:15";"1";"45";"45147";"2";"3";"1";"3";"R DE CUREMBOURG - R DES BICHARDERIES";"47,9427660";"1,9265822"
"201900037995";"11";"12";"2019";"07:30";"5";"13";"13201";"2";"1";"1";"3";"FLAMMARION (BOULEVARD)     1 A 65";"43,3052000";"5,3913000"
"201900037996";"3";"12";"2019";"08:20";"1";"6";"06083";"2";"6";"7";"6";"FLORETTE";"43,7656920";"7,4876270"
"201900037997";"11";"12";"2019";"19:05";"5";"92";"92012";"2";"6";"8";"6";"NATIONALE/JULES GUESDE (PLACE)";"48,8263400";"2,2406500"
"201900037998";"11";"12";"2019";"08:35";"1";"92";"92012";"2";"2";"2";"6";"POINT DU JOUR (RUE DU)";"48,8335100";"2,2554000"
"201900037999";"11";"12";"2019";"00:10";"4";"93";"93005";"1";"1";"2";"6";"AUTOROUTE A104";"48,9728400";"2,4923300"
"201900038000";"12";"12";"2019";"08:15";"1";"974";"97416";"2";"1";"1";"5";"BONS ENFANTS (RUE DES)";" -21,3396700";"55,4735000"
"201900038001";"12";"12";"2019";"07:00";"1";"974";"97409";"2";"3";"3";"3";"MASCAREIGNES (Avenue des)";" -20,9401880";"55,6471550"
"201900038002";"11";"12";"2019";"17:00";"1";"974";"97407";"2";"9";"1";"6";"MASCAREIGNES(BOULEVARD)";" -20,9418000";"55,3068000"
"201900038003";"12";"12";"2019";"17:50";"5";"69";"69387";"2";"2";"1";"6";"UNIVERSITE (DE L')                  (R )";"45,7503000";"4,8401300"
"201900038004";"12";"12";"2019";"15:45";"1";"69";"69259";"2";"1";"1";"7";"LENINE                              (BD)";"45,6960800";"4,8626900"
"201900038005";"12";"12";"2019";"12:56";"1";"69";"69383";"2";"2";"1";"3";"FELIX FAURE                         (AV)";"45,7539300";"4,8615700"
"201900038006";"12";"12";"2019";"16:40";"1";"972";"97209";"2";"1";"1";"3";"RAVINE VILAINE (CHEMIN DEPARTEMENTAL DE)";"14,6318200";" -61,0596900"
"201900038007";"12";"12";"2019";"06:20";"1";"972";"97209";"2";"1";"1";"3";"RD 41 (ROCADE)";"14,6136800";" -61,0639300"
"201900038008";"12";"12";"2019";"08:20";"1";"972";"97209";"2";"3";"1";"5";"CHATEAUBOEUF (ROUTE DE)";"14,6160100";" -61,0503200"
"201900038009";"12";"12";"2019";"13:35";"1";"69";"69389";"2";"1";"1";"7";"PROFESSEUR PATEL (DU)               (R )";"45,7671700";"4,7910100"
"201900038010";"12";"12";"2019";"11:30";"1";"69";"69381";"2";"1";"1";"6";"PECHERIE (DE LA)                    (QU)";"45,7667100";"4,8302000"
"201900038011";"12";"12";"2019";"10:55";"1";"69";"69382";"2";"4";"1";"3";"PERRACHE                            (QU)";"45,7465800";"4,8286700"
"201900038012";"12";"12";"2019";"07:40";"1";"69";"69202";"2";"6";"8";"3";"GEORGES CLEMENCEAU                  (R )";"45,7478800";"4,8091000"
"201900038013";"12";"12";"2019";"10:15";"1";"91";"91589";"2";"2";"8";"3";"PERI (AVENUE GABRIEL)";"48,6919000";"2,3484600"
"201900038014";"12";"12";"2019";"09:20";"1";"91";"91589";"2";"3";"8";"3";"ALLEMANE (RUE JEAN)";"48,6897000";"2,3397700"
"201900038015";"7";"12";"2019";"15:30";"1";"91";"91228";"2";"2";"1";"3";"EUROPE (BD) N) IMPAIR";"48,6309400";"2,4246700"
"201900038016";"12";"12";"2019";"19:30";"5";"91";"91201";"2";"1";"2";"6";"MAINVILLE(RUE DE)";"48,6857400";"2,4112200"
"201900038017";"12";"12";"2019";"18:25";"5";"91";"91201";"2";"1";"3";"6";"BEAUMONT(AVENUE DE)";"48,6806900";"2,3999700"
"201900038018";"9";"12";"2019";"16:55";"5";"88";"88424";"2";"1";"3";"6";"Alsace ( Rue d ' )";"48,2689500";"6,9797100"
"201900038019";"12";"12";"2019";"18:55";"5";"88";"88160";"2";"1";"1";"6";"REMIREMONT (RUE DE)";"48,1617000";"6,4505000"
"201900038020";"12";"12";"2019";"08:55";"1";"85";"85194";"2";"1";"1";"7";"RUE DE LA BRECHOIRE ";"46,5340800";" -1,8055400"
"201900038021";"2";"12";"2019";"20:00";"4";"84";"84007";"1";"1";"1";"3";"MONTFAVET (Route)";"43,9408000";"4,8273000"
"201900038022";"29";"11";"2019";"12:30";"1";"84";"84007";"2";"2";"1";"3";"CROIX ROUGE( Avenue de la )";"43,9312900";"4,8301900"
"201900038023";"12";"12";"2019";"14:20";"1";"83";"83009";"1";"1";"1";"1";"BEAUSSET (ROUTE DU)";"43,1497220";"5,7646110"
"201900038024";"10";"12";"2019";"09:08";"1";"80";"80021";"2";"2";"1";"3";"ALEXANDRE DUMAS (RUE)";"49,8754500";"2,2820800"
"201900038025";"2";"12";"2019";"09:00";"1";"80";"80021";"2";"1";"1";"3";"ALEXANDRE DUMAS (RUE)";"49,8751100";"2,2932600"
"201900038026";"12";"12";"2019";"18:50";"5";"78";"78650";"2";"1";"1";"6";"CARNOT (BOULEVARD)";"48,8965700";"2,1208300"
"201900038027";"12";"12";"2019";"17:40";"5";"77";"77350";"2";"4";"3";"6";"D35 X RUE G. COGNET";"48,7721600";"2,6756700"
"201900038028";"12";"12";"2019";"16:00";"1";"77";"77180";"1";"1";"2";"3";"CD 35";"48,7377300";"2,6669900"
"201900038029";"21";"11";"2019";"15:30";"1";"77";"77268";"2";"1";"1";"7";"MOULIN A VENT";"48,8668700";"2,8099000"
"201900038030";"11";"12";"2019";"22:00";"5";"76";"76540";"2";"2";"1";"3";"RONDEAUX. AVENUE JEAN";"49,4388700";"1,0799900"
"201900038031";"28";"6";"2019";"15:20";"1";"76";"76497";"1";"1";"1";"2";"RN 138";"49,3961125";"1,0332476"
"201900038032";"6";"12";"2019";"11:20";"1";"76";"76707";"1";"1";"3";"4";"RD 915";"49,8707400";"1,1024600"
"201900038033";"12";"12";"2019";"16:15";"1";"74";"74118";"2";"1";"1";"4";"DE GAULLE (RUE CHARLES)";"46,1656500";"6,1877000"
"201900038034";"12";"12";"2019";"21:00";"5";"64";"64445";"2";"1";"2";"6";"UNIVERSITE DE L'";"43,3114000";" -0,3633000"
"201900038035";"12";"12";"2019";"07:20";"5";"64";"64445";"2";"1";"2";"6";"LOUP DU";"43,3163300";" -0,3531900"
"201900038036";"11";"12";"2019";"17:31";"3";"63";"63164";"2";"1";"1";"5";"AULNAT (ROUTE D')";"45,8106900";"3,1518000"
"201900038037";"10";"12";"2019";"10:35";"1";"62";"62178";"2";"1";"8";"7";"CARON ( AUGUSTIN )";"50,4747100";"2,5377800"
"201900038038";"11";"12";"2019";"18:10";"3";"60";"60463";"2";"1";"8";"6";"HUIT MAI (AVENUE DU)";"49,2736400";"2,4669800"
"201900038039";"12";"12";"2019";"20:00";"5";"59";"59650";"2";"1";"3";"6";"PHILIPPOT (RUE GEORGES)";"50,7090200";"3,2069290"
"201900038040";"11";"12";"2019";"19:00";"5";"59";"59654";"2";"1";"1";"2";"FERRY (RUE JULES)";"50,3918317";"3,1246441"
"201900038041";"11";"12";"2019";"17:35";"5";"59";"59178";"2";"1";"1";"6";"FLERS (RUE DE)";"50,3847100";"3,0644500"
"201900038042";"12";"12";"2019";"07:23";"5";"57";"57480";"2";"2";"2";"6";"SAINT LADRE (RUE )";"49,0990975";"6,1574627"
"201900038043";"11";"12";"2019";"12:40";"1";"57";"57463";"2";"6";"2";"6";"GEORGES DUCROCQ (RUE )";"49,1097100";"6,1871200"
"201900038044";"11";"12";"2019";"00:47";"5";"57";"57463";"2";"1";"8";"6";"ANDRE MAGINOT (BOULEVARD)";"49,1183199";"6,1848709"
"201900038045";"11";"12";"2019";"15:30";"1";"56";"56260";"1";"1";"3";"7";"RN 165 -SENS NANTES / LORIENT-";"47,6612600";" -2,7092400"
"201900038046";"12";"12";"2019";"08:15";"5";"56";"56121";"2";"1";"3";"6";"BLUM ( BD LEON )";"47,7463300";" -3,3788700"
"201900038047";"12";"12";"2019";"18:45";"5";"54";"54547";"2";"1";"1";"3";"MIRECOURT (ROUTE DE)";"48,6697000";"6,1921000"
"201900038048";"10";"12";"2019";"07:30";"2";"54";"54578";"2";"1";"1";"2";"AIGUILLETTES  (BD 5A A 17A)";"48,6758180";"6,1490130"
"201900038049";"11";"12";"2019";"09:23";"1";"54";"54357";"2";"1";"2";"7";"PASCAL (RUE BLAISE)";"48,7044900";"6,1382500"
"201900038050";"12";"12";"2019";"08:16";"2";"54";"54304";"2";"1";"8";"7";"FOCH (BOULEVARD MARECHAL)";"48,6831200";"6,1512100"
"201900038051";"12";"12";"2019";"07:15";"5";"54";"54395";"2";"2";"1";"7";"MOLITOR (RUE)";"48,6856600";"6,1959500"
"201900038052";"9";"12";"2019";"17:30";"5";"54";"54300";"2";"1";"1";"7";"GALTIER (RUE LUCIEN)";"48,6616400";"6,2213100"
"201900038053";"11";"12";"2019";"08:01";"5";"54";"54257";"1";"1";"3";"7";"SONGEUR (RUE LEON)";"48,6561100";"6,1994800"
"201900038054";"10";"12";"2019";"15:20";"1";"54";"54526";"2";"1";"1";"7";"MOULIN (RUE JEAN)";"48,6962310";"6,2154690"
"201900038055";"12";"12";"2019";"09:05";"1";"51";"51454";"2";"6";"1";"3";"AVENUE EDMOND MICHELET";"49,2243907";"4,0309509"
"201900038056";"11";"12";"2019";"08:30";"1";"51";"51454";"2";"3";"3";"7";"RUE DE TURENNE";"49,2230898";"4,0310004"
"201900038057";"12";"12";"2019";"08:30";"1";"50";"50502";"2";"3";"2";"1";"Lycette d'Arsonval";"49,1081520";" -1,0577990"
"201900038058";"9";"12";"2019";"16:40";"1";"50";"50129";"2";"2";"1";"3";"CACHIN (RUE DE L'INGENIEUR)";"49,6394000";" -1,6141700"
"201900038059";"11";"12";"2019";"18:28";"5";"49";"49007";"2";"1";"2";"7";"MADELEINE";"47,4577000";" -0,5332800"
"201900038060";"10";"12";"2019";"21:45";"3";"49";"49267";"2";"1";"2";"7";"BEAUFORT ROUTE";"47,4704400";" -0,4533600"
"201900038061";"12";"12";"2019";"17:25";"5";"41";"41269";"2";"1";"2";"6";"LECLERC (MAIL DU MARECHAL)";"47,7947200";"1,0676900"
"201900038062";"12";"12";"2019";"17:10";"5";"37";"37261";"2";"2";"3";"6";"GIRAUDEAU (RUE)";"47,3845341";"0,6768334"
"201900038063";"12";"12";"2019";"09:35";"1";"37";"37122";"2";"1";"2";"4";"RD 37";"47,3643400";"0,6501100"
"201900038064";"13";"12";"2019";"00:50";"5";"35";"35238";"2";"2";"3";"3";"HORLOGE (DE L')";"48,1117600";" -1,6802700"
"201900038065";"12";"12";"2019";"16:05";"1";"35";"35238";"1";"1";"2";"7";"RN 12";"48,1192170";" -1,7206900"
"201900038066";"12";"12";"2019";"07:15";"4";"35";"35281";"1";"3";"2";"3";"MIVOIE (ROUTE DE)";"48,0699100";" -1,7101300"
"201900038067";"11";"12";"2019";"21:35";"5";"35";"35055";"2";"3";"2";"3";"DE BEAUVOIR SIMONE (RUE)";"48,0933890";" -1,6081630"
"201900038068";"11";"12";"2019";"09:41";"1";"34";"34172";"2";"1";"8";"3";"PAPYRUS (RUE DES)";"43,6208000";"3,8501000"
"201900038069";"11";"12";"2019";"19:19";"5";"33";"33063";"2";"1";"2";"6";"PCE DE L'EUROPE";"44,8591100";" -0,5810800"
"201900038070";"10";"12";"2019";"16:50";"1";"33";"33281";"2";"3";"1";"3";"AVE BON AIR";"44,8263900";" -0,6494700"
"201900038071";"25";"11";"2019";"14:20";"1";"30";"30028";"1";"1";"1";"2";"ROUTE DE SAINT GERVAIS";"44,1789000";"4,6116600"
"201900038072";"3";"12";"2019";"09:20";"1";"29";"29232";"1";"6";"9";"3";"KERUSTUM  ROND POINT DE";"47,9788400";" -4,0947200"
"201900038073";"3";"12";"2019";"07:30";"5";"29";"29232";"2";"1";"9";"1";"BREST ROUTE DE";"48,0109700";" -4,0803800"
"201900038074";"11";"12";"2019";"10:50";"1";"29";"29039";"1";"1";"4";"7";"RN165 (VE)";"47,9386900";" -3,9162200"
"201900038075";"10";"12";"2019";"08:15";"2";"29";"29019";"2";"1";"2";"6";"FOCH MARECHAL";"48,3958877";" -4,4885914"
"201900038076";"2";"12";"2019";"13:50";"1";"28";"28085";"2";"2";"1";"6";"CLEMENCEAU (BOULEVARD GEORGES)";"48,4468000";"1,4937400"
"201900038077";"12";"12";"2019";"13:25";"1";"27";"27229";"2";"6";"2";"3";"VERNON (RUE DE)";"49,0232500";"1,1692900"
"201900038078";"11";"12";"2019";"19:30";"5";"27";"27306";"2";"1";"9";"3";"CARAVELLES (RUE DES)";"49,0078672";"1,1707530"
"201900038079";"12";"12";"2019";"08:10";"2";"27";"27229";"2";"3";"8";"6";"ARTOIS (RUE D')";"49,0329500";"1,1364400"
"201900038080";"2";"12";"2019";"13:25";"1";"27";"27229";"2";"2";"1";"3";"SAINT GERMAIN (RUE)";"49,0195500";"1,1390100"
"201900038081";"12";"12";"2019";"16:15";"1";"26";"26057";"2";"2";"8";"6";"SIMONNET RENE-MAURICE (AVENUE)";"45,0398100";"5,0592100"
"201900038082";"11";"12";"2019";"13:45";"1";"22";"22278";"1";"1";"6";"7";"RN12";"48,5128170";" -2,7423938"
"201900038083";"11";"12";"2019";"21:20";"4";"22";"22278";"2";"1";"2";"6";"BUTTES (DES)";"48,5160600";" -2,7700600"
"201900038084";"12";"12";"2019";"07:30";"1";"21";"21231";"2";"2";"1";"5";"MARECHAL LYAUTEY (AVENUE)";"47,3268660";"5,0584850"
"201900038085";"12";"12";"2019";"09:15";"1";"17";"17274";"2";"1";"2";"2";"RD 108";"46,1538600";" -1,1132000"
"201900038086";"11";"12";"2019";"20:40";"5";"14";"14333";"2";"1";"2";"2";"LEPLAY (RUE FREDERIC)";"49,4094600";"0,2511100"
"201900038087";"20";"5";"2019";"22:35";"5";"75";"75120";"2";"5";"1";"1";"AVENUE GAMBETTA";"48,8717710";"2,4044720"
"201900038088";"6";"12";"2019";"07:25";"5";"14";"14118";"2";"2";"2";"3";"CHURCHILL (PONT)";"49,1781900";" -0,3534200"
"201900038089";"20";"5";"2019";"19:15";"1";"75";"75120";"2";"1";"1";"2";"RUE DES PYRENEES";"48,8653870";"2,3981040"
"201900038090";"19";"5";"2019";"23:30";"5";"75";"75120";"2";"1";"1";"2";"BOULEVARD DAVOUT";"48,8623540";"2,4089340"
"201900038091";"19";"5";"2019";"12:00";"1";"75";"75120";"2";"3";"2";"7";"BOULEVARD DE BELLEVILLE";"48,8676780";"2,3825140"
"201900038092";"16";"5";"2019";"15:00";"1";"75";"75120";"2";"4";"1";"6";"PLACE DE LA PORTE DE MONTREUIL";"48,8545730";"2,4134090"
"201900038093";"11";"12";"2019";"19:45";"5";"13";"13102";"2";"1";"2";"6";"FREDERIC MISTRAL (BD )";"43,4052000";"5,2595000"
"201900038094";"13";"5";"2019";"11:25";"1";"75";"75120";"2";"1";"1";"6";"RUE DES COURONNES";"48,8693140";"2,3812730"
"201900038095";"12";"12";"2019";"13:30";"1";"13";"13214";"2";"1";"1";"6";"MERLAN (AVENUE)";"43,3375014";"5,4074869"
"201900038096";"10";"5";"2019";"16:00";"1";"75";"75119";"2";"2";"2";"5";"RUE DE BELLEVILLE";"48,8754600";"2,3979160"
"201900038097";"11";"12";"2019";"16:10";"2";"13";"13211";"2";"3";"2";"2";"BUTRIS (TRAVERSE DES)";"43,2988630";"5,4520900"
"201900038098";"10";"5";"2019";"13:00";"1";"75";"75120";"2";"1";"1";"3";"AVENUE GAMBETTA";"48,8649660";"2,3967570"
"201900038099";"3";"12";"2019";"10:45";"1";"13";"13207";"2";"3";"1";"2";"CORDERIE (BOULEVARD DE LA)";"43,2905900";"5,3705000"
"201900038100";"9";"5";"2019";"23:03";"5";"75";"75120";"2";"4";"1";"6";"PLACE DE LA PORTE DE MONTREUIL";"48,8537620";"2,4145610"
"201900038101";"6";"5";"2019";"16:15";"1";"75";"75120";"2";"1";"1";"7";"RUE PELLEPORT";"48,8729620";"2,3978900"
"201900038102";"9";"12";"2019";"09:10";"1";"13";"13004";"2";"1";"1";"6";"RUE MIREILLE";"43,6776950";"4,6358740"
"201900038103";"6";"5";"2019";"12:50";"1";"75";"75120";"2";"2";"1";"6";"RUE BELGRAND";"48,8646660";"2,4046290"
"201900038104";"12";"12";"2019";"20:30";"5";"13";"13001";"2";"1";"2";"2";"R.N 7";"43,5549000";"5,4207000"
"201900038105";"6";"5";"2019";"10:40";"1";"75";"75120";"2";"7";"1";"2";"PLACE DE LA PORTE DE MONTREUIL";"48,8545100";"2,4143470"
"201900038106";"6";"5";"2019";"08:00";"1";"75";"75120";"2";"2";"1";"3";"RUE DES VIGNOLES";"48,8552500";"2,4014760"