"Num_Acc";"jour";"mois";"an";"hrmn";"lum";"dep";"com";"agg";"int";"atm";"col";"adr";"lat";"long"
"201900038107";"12";"12";"2019";"12:12";"3";"13";"13001";"1";"1";"2";"4";"RN 296";"43,5417700";"5,4319400"
"201900038108";"5";"5";"2019";"01:00";"5";"75";"75120";"2";"2";"1";"3";"RUE DES PYRENEES";"48,8591470";"2,4021220"
"201900038109";"12";"12";"2019";"12:15";"1";"13";"13001";"2";"1";"1";"1";"BROGLIE LOUIS DE (RUE)";"43,4891232";"5,3563051"
"201900038110";"11";"12";"2019";"07:45";"5";"8";"08105";"2";"3";"3";"3";"PINSONS";"49,7444940";"4,7153980"
"201900038111";"30";"11";"2019";"13:35";"1";"7";"07102";"2";"1";"9";"4";"tue Gustave Eiffel";"44,9219000";"4,8612000"
"201900038112";"10";"12";"2019";"07:50";"2";"75";"75118";"2";"4";"1";"4";"BD PERIPHERIQUE EXTERIEUR";"48,9011341";"2,3473084"
"201900038113";"4";"5";"2019";"04:10";"5";"75";"75120";"2";"2";"1";"3";"RUE SAINT FARGEAU";"48,8728670";"2,4083920"
"201900038114";"2";"5";"2019";"13:15";"1";"75";"75120";"2";"2";"2";"3";"BOULEVARD DAVOUT";"48,8535250";"2,4107910"
"201900038115";"1";"5";"2019";"21:30";"4";"75";"75120";"2";"1";"1";"3";"RUE DE BAGNOLET";"48,8633580";"2,4073120"
"201900038116";"29";"4";"2019";"10:35";"1";"75";"75120";"2";"7";"1";"6";"RUE DE LA BIDASSOA";"48,8650090";"2,3955060"
"201900038117";"29";"5";"2019";"18:05";"1";"75";"75119";"2";"7";"1";"3";"PLACE ARMAND CARREL";"48,8824850";"2,3826370"
"201900038118";"29";"5";"2019";"10:30";"1";"75";"75119";"2";"1";"1";"6";"RUE MANIN";"48,8794610";"2,3788930"
"201900038119";"27";"5";"2019";"09:50";"1";"75";"75119";"2";"4";"1";"3";"BOULEVARD D INDOCHINE";"48,8867260";"2,3962850"
"201900038120";"12";"12";"2019";"19:15";"5";"75";"75106";"2";"2";"2";"3";"RUE DE RENNES";"48,8489880";"2,3287450"
"201900038121";"25";"5";"2019";"18:40";"1";"75";"75119";"2";"2";"1";"6";"RUE DE L OURCQ";"48,8935040";"2,3767810"
"201900038122";"12";"12";"2019";"17:25";"5";"75";"75105";"2";"1";"2";"6";"RUE BUFFON";"48,8426350";"2,3616230"
"201900038123";"25";"5";"2019";"15:34";"1";"75";"75119";"2";"1";"2";"3";"AVENUE JEAN JAURES";"48,8890880";"2,3942520"
"201900038124";"12";"12";"2019";"18:30";"5";"75";"75119";"2";"1";"3";"6";"RUE DE L OURCQ";"48,8911120";"2,3814370"
"201900038125";"25";"5";"2019";"02:45";"5";"75";"75119";"2";"1";"1";"6";"AVENUE JEAN JAURES";"48,8886360";"2,3925340"
"201900038126";"24";"5";"2019";"17:00";"1";"75";"75119";"2";"1";"1";"6";"RUE MANIN";"48,8830690";"2,3863900"
"201900038127";"12";"12";"2019";"18:15";"5";"75";"75119";"2";"4";"3";"6";"RUE DE CRIMEE";"48,8806739";"2,3882413"
"201900038128";"23";"5";"2019";"19:30";"1";"75";"75119";"2";"3";"1";"6";"AVENUE DE FLANDRE";"48,8905760";"2,3765170"
"201900038129";"12";"12";"2019";"12:00";"1";"75";"75119";"2";"1";"2";"6";"QUAI DU LOT";"48,8996992";"2,3812985"
"201900038130";"23";"5";"2019";"16:25";"1";"75";"75119";"2";"2";"1";"6";"RUE GOUBET";"48,8860880";"2,3898330"
"201900038131";"12";"12";"2019";"07:15";"5";"75";"75119";"2";"1";"8";"4";"AVENUE DE FLANDRE";"48,8850590";"2,3697210"
"201900038132";"11";"12";"2019";"13:30";"1";"75";"75119";"2";"1";"1";"3";"BOULEVARD MACDONALD";"48,8987400";"2,3721990"
"201900038133";"22";"5";"2019";"13:25";"1";"75";"75119";"2";"3";"1";"6";"RUE MANIN";"48,8843400";"2,3912800"
"201900038134";"19";"5";"2019";"16:44";"1";"75";"75119";"2";"1";"2";"6";"AVENUE DE FLANDRE";"48,8853120";"2,3703590"
"201900038135";"12";"12";"2019";"17:20";"4";"75";"75117";"2";"2";"3";"3";"AVENUE DE LA PORTE POUCHET";"48,8976146";"2,3232182"
"201900038136";"19";"5";"2019";"10:19";"2";"75";"75119";"2";"3";"2";"2";"AVENUE DE FLANDRE";"48,8905770";"2,3765160"
"201900038137";"18";"5";"2019";"21:25";"3";"75";"75119";"2";"4";"8";"6";"BOULEVARD D INDOCHINE";"48,8845760";"2,3966600"
"201900038138";"12";"12";"2019";"17:25";"5";"75";"75115";"2";"3";"2";"6";"RUE SANTOS DUMONT";"48,8345510";"2,3057720"
"201900038139";"18";"5";"2019";"18:45";"1";"75";"75119";"2";"1";"1";"3";"RUE DE BELLEVILLE";"48,8753050";"2,3959530"
"201900038140";"11";"12";"2019";"12:30";"1";"75";"75115";"2";"3";"1";"6";"RUE LECOURBE";"48,8437574";"2,3065417"
"201900038141";"17";"5";"2019";"12:00";"1";"75";"75119";"2";"1";"1";"3";"AVENUE JEAN JAURES";"48,8847390";"2,3776530"
"201900038142";"12";"12";"2019";"19:15";"5";"75";"75114";"2";"3";"2";"6";"RUE FRANCIS DE PRESSENSE";"48,8342520";"2,3159440"
"201900038143";"16";"5";"2019";"14:00";"1";"75";"75119";"2";"4";"1";"3";"PLACE DE LA PORTE DE PANTIN";"48,8896370";"2,3957410"
"201900038144";"12";"12";"2019";"18:15";"5";"75";"75114";"2";"3";"2";"6";"RUE DE LA TOMBE ISSOIRE";"48,8320750";"2,3353580"
"201900038145";"13";"5";"2019";"18:00";"1";"75";"75119";"2";"2";"1";"3";"RUE DE CRIMEE";"48,8907200";"2,3766990"
"201900038146";"13";"5";"2019";"14:06";"1";"75";"75119";"2";"1";"1";"6";"AVENUE CORENTIN CARIOU";"48,8978530";"2,3859240"
"201900038147";"12";"12";"2019";"13:15";"1";"75";"75115";"2";"2";"2";"3";"RUE DE LA FEDERATION";"48,8537990";"2,2941790"
"201900038148";"13";"5";"2019";"13:50";"1";"75";"75119";"2";"1";"1";"7";"RUE ANDRE DANJON";"48,8851190";"2,3845960"
"201900038149";"13";"5";"2019";"12:30";"1";"75";"75119";"2";"3";"1";"6";"RUE HAXO";"48,8780130";"2,4017430"
"201900038150";"11";"5";"2019";"19:15";"1";"75";"75119";"2";"1";"2";"3";"AVENUE CORENTIN CARIOU";"48,8954620";"2,3831360"
"201900038151";"10";"5";"2019";"21:05";"4";"75";"75119";"2";"1";"3";"3";"AVENUE JEAN JAURES";"48,8882110";"2,3908980"
"201900038152";"10";"5";"2019";"11:33";"1";"75";"75119";"2";"3";"1";"3";"BOULEVARD MACDONALD";"48,8984330";"2,3858070"
"201900038153";"9";"5";"2019";"21:20";"2";"75";"75119";"2";"7";"8";"6";"ECHANGEUR AUBERVILLIERS";"48,9011050";"2,3714090"
"201900038154";"9";"5";"2019";"16:20";"1";"75";"75119";"2";"4";"8";"6";"RUE PETIT";"48,8853340";"2,3851180"
"201900038155";"11";"12";"2019";"14:36";"1";"75";"75114";"2";"3";"1";"3";"AVENUE DU GENERAL LECLERC";"48,8246900";"2,3259460"
"201900038156";"8";"5";"2019";"13:45";"1";"75";"75119";"2";"2";"2";"3";"AVENUE SIMON BOLIVAR";"48,8784140";"2,3742460"
"201900038157";"12";"12";"2019";"13:30";"1";"75";"75113";"2";"3";"2";"3";"BOULEVARD VINCENT AURIOL";"48,8372230";"2,3728810"
"201900038158";"7";"5";"2019";"15:00";"1";"75";"75118";"2";"1";"1";"3";"RUE CAULAINCOURT";"48,8853150";"2,3306200"
"201900038159";"5";"5";"2019";"17:30";"1";"75";"75119";"2";"2";"8";"3";"RUE DU DOCTEUR POTAIN";"48,8782580";"2,3979250"
"201900038160";"12";"12";"2019";"06:05";"5";"75";"75113";"2";"2";"1";"3";"BOULEVARD KELLERMANN";"48,8193297";"2,3445776"
"201900038161";"3";"5";"2019";"17:20";"1";"75";"75119";"2";"1";"3";"3";"AVENUE JEAN JAURES";"48,8839280";"2,3745930"
"201900038162";"12";"12";"2019";"10:30";"1";"75";"75112";"2";"3";"8";"3";"AVENUE DAUMESNIL";"48,8406428";"2,3911541"
"201900038163";"2";"5";"2019";"15:50";"1";"75";"75119";"2";"7";"2";"2";"PLACE AUGUSTE BARON";"48,9009440";"2,3882130"
"201900038164";"12";"12";"2019";"01:00";"5";"75";"75112";"2";"3";"2";"3";"AVENUE DAUMESNIL";"48,8358933";"2,4056371"
"201900038165";"1";"5";"2019";"23:50";"5";"75";"75119";"2";"3";"1";"3";"AVENUE DE LA PORTE D AUBERVILLIERS";"48,8998440";"2,3702750"
"201900038166";"28";"5";"2019";"09:55";"1";"75";"75119";"2";"1";"1";"3";"AVENUE DE LA PORTE D AUBERVILLIERS";"48,8995490";"2,3702590"
"201900038167";"27";"5";"2019";"20:30";"2";"75";"75118";"2";"3";"1";"3";"RUE DE LA CHAPELLE";"48,8933230";"2,3596320"
"201900038168";"27";"5";"2019";"16:35";"1";"75";"75118";"2";"2";"1";"3";"RUE DUC";"48,8918290";"2,3439300"
"201900038169";"25";"5";"2019";"19:45";"1";"75";"75118";"2";"3";"1";"3";"RUE FERNAND LABORI";"48,8980090";"2,3424410"
"201900038170";"24";"5";"2019";"09:05";"1";"75";"75118";"2";"5";"1";"6";"AVENUE DE LA PORTE DE CLIGNANCOURT";"48,8993670";"2,3441430"
"201900038171";"22";"5";"2019";"16:50";"1";"75";"75118";"2";"7";"1";"3";"RUE DE LA CHAPELLE";"48,8950790";"2,3593430"
"201900038172";"22";"5";"2019";"14:40";"1";"75";"75118";"2";"1";"1";"6";"BOULEVARD NEY";"48,8977640";"2,3316210"
"201900038173";"12";"12";"2019";"22:30";"5";"75";"75111";"2";"2";"1";"3";"RUE JEAN PIERRE TIMBAUD";"48,8654470";"2,3687960"
"201900038174";"21";"5";"2019";"00:10";"5";"75";"75118";"2";"2";"1";"3";"BOULEVARD NEY";"48,8986960";"2,3586640"
"201900038175";"12";"12";"2019";"19:45";"5";"75";"75111";"2";"3";"2";"4";"AVENUE PHILIPPE AUGUSTE";"48,8530185";"2,3930347"
"201900038176";"20";"5";"2019";"17:20";"1";"75";"75118";"2";"1";"1";"6";"BOULEVARD NEY";"48,8977790";"2,3397880"
"201900038177";"12";"12";"2019";"20:00";"5";"75";"75110";"2";"1";"2";"6";"RUE VICQ D AZIR";"48,8761360";"2,3712970"
"201900038178";"17";"5";"2019";"15:45";"1";"75";"75118";"2";"2";"1";"6";"BOULEVARD ORNANO";"48,8975430";"2,3446780"
"201900038179";"12";"12";"2019";"18:00";"5";"75";"75110";"2";"4";"2";"6";"QUAI DE VALMY";"48,8742260";"2,3628570"
"201900038180";"16";"5";"2019";"13:42";"1";"75";"75118";"2";"2";"7";"6";"RUE CHAMPIONNET";"48,8958110";"2,3434080"
"201900038181";"12";"12";"2019";"21:05";"5";"75";"75109";"2";"2";"2";"7";"RUE LA FAYETTE";"48,8743720";"2,3381710"
"201900038182";"12";"12";"2019";"19:45";"5";"75";"75108";"2";"7";"2";"6";"PLACE DE LA CONCORDE";"48,8641770";"2,3209260"
"201900038183";"16";"5";"2019";"12:20";"1";"75";"75118";"2";"3";"1";"6";"BOULEVARD NEY";"48,8979950";"2,3424110"
"201900038184";"12";"12";"2019";"19:30";"5";"75";"75108";"2";"5";"2";"7";"RUE DU ROCHER";"48,8768570";"2,3216650"
"201900038185";"14";"5";"2019";"14:45";"1";"75";"75118";"2";"3";"1";"3";"RUE DAMREMONT";"48,8941910";"2,3367770"
"201900038186";"12";"12";"2019";"07:15";"5";"75";"75108";"2";"1";"8";"6";"AVENUE DES CHAMPS ELYSEES";"48,8733105";"2,2964859"
"201900038187";"12";"12";"2019";"08:20";"1";"75";"75107";"2";"2";"1";"3";"BOULEVARD SAINT GERMAIN";"48,8548290";"2,3291730"
"201900038188";"13";"5";"2019";"10:15";"1";"75";"75118";"2";"2";"1";"3";"BOULEVARD NEY";"48,8977290";"2,3290260"
"201900038189";"12";"12";"2019";"00:21";"5";"75";"75107";"2";"2";"1";"6";"AVENUE DU MARECHAL GALLIENI";"48,8628304";"2,3134585"
"201900038190";"13";"5";"2019";"10:00";"1";"75";"75118";"2";"1";"1";"6";"RUE ORDENER";"48,8902890";"2,3587550"
"201900038191";"10";"5";"2019";"16:35";"1";"75";"75118";"2";"4";"3";"6";"RUE DE L EVANGILE";"48,8937320";"2,3646270"
"201900038192";"12";"12";"2019";"08:30";"2";"94";"94081";"2";"9";"1";"4";"JULES GUESDE (QU)";"48,7824400";"2,4170800"
"201900038193";"12";"12";"2019";"18:10";"5";"94";"94067";"2";"1";"3";"6";"PARIS (av. de)";"48,8461300";"2,4195700"
"201900038194";"10";"5";"2019";"12:15";"1";"75";"75119";"2";"1";"1";"3";"RUE D AUBERVILLIERS";"48,8984700";"2,3704790"
"201900038195";"12";"12";"2019";"06:45";"2";"94";"94078";"2";"3";"2";"3";"HUIT MAI 1945 (AV DU)";"48,7272055";"2,4451706"
"201900038196";"9";"5";"2019";"19:00";"1";"75";"75118";"2";"2";"1";"3";"RUE LETORT";"48,8966080";"2,3437490"
"201900038197";"11";"12";"2019";"15:35";"1";"94";"94041";"2";"1";"1";"3";"CARNOT (R)";"48,8130000";"2,3882000"
"201900038198";"7";"5";"2019";"19:15";"2";"75";"75118";"2";"2";"1";"6";"RUE LABAT";"48,8894960";"2,3495950"
"201900038199";"12";"12";"2019";"07:55";"5";"94";"94073";"2";"3";"1";"7";"RENE PANHARD (AV)";"48,7632300";"2,4004700"
"201900038200";"6";"5";"2019";"18:00";"1";"75";"75117";"2";"2";"1";"6";"AVENUE DE SAINT OUEN";"48,8949670";"2,3281010"
"201900038201";"12";"12";"2019";"12:30";"1";"94";"94079";"2";"3";"2";"3";"MONTRICHARD (AV)";"48,8200000";"2,5500000"
"201900038202";"5";"5";"2019";"15:00";"1";"75";"75118";"2";"2";"2";"3";"RUE SEVESTE";"48,8839330";"2,3445820"
"201900038203";"12";"12";"2019";"17:45";"5";"94";"94017";"2";"1";"2";"6";"MAURICE THOREZ (AV)";"48,8139200";"2,5373700"
"201900038204";"5";"5";"2019";"13:50";"1";"75";"75118";"2";"3";"1";"6";"RUE ORDENER";"48,8921600";"2,3463470"
"201900038205";"30";"4";"2019";"09:40";"1";"75";"75118";"2";"1";"8";"6";"RUE MARX DORMOY";"48,8889010";"2,3598960"
"201900038206";"28";"5";"2019";"23:29";"5";"75";"75117";"2";"2";"1";"2";"AVENUE DE LA PORTE DES TERNES";"48,8814980";"2,2818010"
"201900038207";"12";"12";"2019";"13:20";"1";"94";"94044";"2";"1";"2";"6";"VALENTON (AV DE)";"48,7432200";"2,5027100"
"201900038208";"28";"5";"2019";"20:29";"2";"75";"75117";"2";"1";"1";"6";"RUE DES ACACIAS";"48,8774730";"2,2929010"
"201900038209";"12";"12";"2019";"12:45";"1";"93";"93066";"2";"1";"2";"2";"WILSON (AVENUE DU PRESIDENT)";"48,9139500";"2,3581500"
"201900038210";"28";"5";"2019";"10:25";"1";"75";"75117";"2";"2";"1";"6";"RUE TORRICELLI";"48,8809040";"2,2921380"
"201900038211";"12";"12";"2019";"04:30";"5";"93";"93066";"2";"1";"1";"6";"GENERAL DE GAULLE";"48,9271000";"2,3574000"
"201900038212";"12";"12";"2019";"17:30";"5";"93";"93064";"2";"1";"3";"6";"FERRY (RUE JULES)";"48,8767000";"2,4759100"
"201900038213";"27";"5";"2019";"23:20";"5";"75";"75117";"2";"7";"1";"3";"AVENUE DE VILLIERS";"48,8825910";"2,3105840"
"201900038214";"12";"12";"2019";"07:45";"2";"93";"93064";"2";"1";"8";"6";"DE GAULLE (AV DU GENERAL) 0 / 56 - 47";"48,8758920";"2,4812418"
"201900038215";"26";"5";"2019";"20:10";"1";"75";"75117";"2";"7";"1";"6";"RUE LOUIS LOUCHEUR";"48,8981870";"2,3256540"
"201900038216";"12";"12";"2019";"12:40";"1";"93";"93077";"2";"1";"2";"3";"FRANKLIN (AVENUE) 1-57; 77-107 et 2-104";"48,8945400";"2,4998900"
"201900038217";"12";"12";"2019";"18:10";"5";"93";"93051";"2";"1";"3";"6";"VILLIERS (ROUTE)";"48,8446400";"2,5490010"
"201900038218";"24";"5";"2019";"23:45";"4";"75";"75117";"2";"4";"1";"2";"AVENUE DE LA PORTE DE CHAMPERRET";"48,8861240";"2,2880280"
"201900038219";"12";"12";"2019";"18:45";"5";"93";"93048";"2";"1";"3";"6";"PARIS (RUE DE)";"48,8555940";"2,4222500"
"201900038220";"24";"5";"2019";"17:50";"1";"75";"75117";"2";"2";"1";"3";"AVENUE DE VILLIERS";"48,8856400";"2,2916990"
"201900038221";"24";"5";"2019";"16:10";"1";"75";"75117";"2";"2";"1";"3";"AVENUE DE VILLIERS";"48,8838210";"2,3047630"
"201900038222";"11";"12";"2019";"18:20";"5";"93";"93074";"2";"1";"3";"6";"EUROPE AVENUE DE L'";"48,9335700";"2,5655800"
"201900038223";"24";"5";"2019";"08:10";"1";"75";"75117";"2";"3";"1";"6";"BOULEVARD PEREIRE";"48,8873880";"2,3139560"
"201900038224";"12";"12";"2019";"05:50";"5";"93";"93010";"2";"3";"1";"1";"GALLIENI (AV.) DE 2 A 96";"48,9054700";"2,4785400"
"201900038225";"12";"12";"2019";"17:30";"5";"93";"93007";"2";"1";"3";"6";"PASTEUR Résidence";"48,9403370";"2,4708174"
"201900038226";"23";"5";"2019";"17:05";"1";"75";"75117";"2";"2";"1";"6";"BOULEVARD GOUVION SAINT CYR";"48,8781540";"2,2841900"
"201900038227";"12";"12";"2019";"19:45";"5";"92";"92073";"2";"9";"2";"6";"POTERIE (RUE DE LA)";"48,8616000";"2,2132000"
"201900038228";"11";"12";"2019";"13:15";"1";"92";"92076";"2";"1";"1";"3";"JARDY";"48,8346200";"2,1542200"
"201900038229";"23";"5";"2019";"11:00";"1";"75";"75117";"2";"4";"1";"6";"AVENUE DE CLICHY";"48,8875080";"2,3255920"
"201900038230";"23";"5";"2019";"07:05";"1";"75";"75117";"2";"1";"1";"2";"BOULEVARD BERTHIER";"48,8933450";"2,3116930"
"201900038231";"10";"12";"2019";"14:30";"1";"92";"92063";"2";"3";"1";"3";"DANTON (RUE)";"48,8772300";"2,1989500"
"201900038232";"22";"5";"2019";"20:30";"1";"75";"75117";"2";"2";"1";"3";"RUE DE PRONY";"48,8822000";"2,3045170"
"201900038233";"12";"12";"2019";"20:15";"5";"92";"92051";"2";"1";"3";"3";"CHARLES DE GAULLE (AVENUE, N° 18 A 116)";"48,8815672";"2,2707635"
"201900038234";"21";"5";"2019";"09:40";"1";"75";"75117";"2";"1";"1";"6";"RUE DE COURCELLES";"48,8828230";"2,2994440"
"201900038235";"12";"12";"2019";"19:45";"5";"92";"92051";"2";"3";"2";"3";"ACHILLE PERETTI (AVENUE, N° 90 A 96 ET 9";"48,8851054";"2,2660536"
"201900038236";"18";"5";"2019";"20:20";"2";"75";"75117";"2";"1";"3";"6";"RUE GUY MOQUET";"48,8928550";"2,3267610"
"201900038237";"14";"5";"2019";"18:25";"1";"75";"75117";"2";"3";"1";"6";"BOULEVARD DES BATIGNOLLES";"48,8832290";"2,3253240"
"201900038238";"12";"12";"2019";"17:09";"5";"92";"92044";"2";"2";"3";"1";"VOLTAIRE(RUE)83A91 ET 64A70";"48,8930471";"2,2868310"
"201900038239";"13";"5";"2019";"22:20";"5";"75";"75117";"2";"4";"1";"3";"AVENUE DE CLICHY";"48,8912530";"2,3190650"
"201900038240";"12";"12";"2019";"13:29";"1";"92";"92025";"2";"7";"2";"3";"PAUL BERT (RUE)";"48,9277760";"2,2469080"
"201900038241";"12";"5";"2019";"22:50";"5";"75";"75117";"2";"2";"1";"3";"RUE GUERSANT";"48,8808480";"2,2899590"
"201900038242";"12";"12";"2019";"19:52";"5";"92";"92023";"2";"1";"3";"6";"GENERAL DE GAULLE (AV DU) N°130 A 340 ET";"48,7869180";"2,2552640"
"201900038243";"12";"5";"2019";"18:30";"1";"75";"75117";"2";"2";"1";"3";"RUE DE PRONY";"48,8832670";"2,3019530"
"201900038244";"12";"12";"2019";"18:55";"5";"92";"92007";"2";"3";"2";"6";"PASTEUR (AVENUE LOUIS) N° 1 A 39 ET 2 A";"48,8016200";"2,3115800"
"201900038245";"12";"12";"2019";"06:40";"5";"92";"92007";"2";"4";"9";"6";"MONTROUGE (AVENUE DE)";"48,7860138";"2,3110302"
"201900038246";"11";"5";"2019";"13:50";"1";"75";"75117";"2";"3";"1";"3";"AVENUE DE LA PORTE D ASNIERES";"48,8910310";"2,3024510"
"201900038247";"12";"12";"2019";"10:25";"1";"92";"92014";"2";"2";"8";"1";"MARECHAL JOFFRE (BD DU) (43 A 97 - 58 A";"48,7831077";"2,3151727"
"201900038248";"10";"5";"2019";"16:00";"1";"75";"75117";"2";"1";"2";"6";"BOULEVARD BESSIERES";"48,8971500";"2,3209200"
"201900038249";"22";"10";"2019";"09:30";"1";"12";"12300";"2";"1";"2";"6";"9 Place de la Republique";"44,3488610";"2,0374950"
"201900038250";"8";"5";"2019";"04:30";"5";"75";"75117";"2";"2";"2";"3";"AVENUE DE CLICHY";"48,8897100";"2,3217210"
"201900038251";"12";"12";"2019";"17:50";"5";"34";"34225";"2";"1";"2";"6";"20 Boulevard Victor Hugo";"43,3690200";"3,0398570"
"201900038252";"3";"5";"2019";"16:45";"1";"75";"75117";"2";"4";"1";"2";"PORTE DES TERNES";"48,8836030";"2,2844120"
"201900038253";"13";"12";"2019";"09:00";"1";"974";"97404";"2";"1";"1";"6";"88 Avenue Raymond Barre";" -21,2649960";"55,3659380"
"201900038254";"2";"5";"2019";"17:50";"1";"75";"75117";"2";"1";"1";"3";"AVENUE DE VILLIERS";"48,8846100";"2,2999310"
"201900038255";"30";"4";"2019";"21:45";"5";"75";"75117";"2";"1";"1";"6";"AVENUE DE LA PORTE D ASNIERES";"48,8911420";"2,3025990"
"201900038256";"29";"4";"2019";"10:00";"1";"75";"75117";"2";"2";"1";"3";"BOULEVARD GOUVION SAINT CYR";"48,8807060";"2,2852830"
"201900038257";"29";"5";"2019";"16:10";"1";"75";"75116";"2";"1";"1";"3";"RUE DE BOULAINVILLIERS";"48,8521280";"2,2769820"
"201900038258";"29";"5";"2019";"13:10";"1";"75";"75116";"2";"2";"1";"6";"RUE DE LONGCHAMP";"48,8676340";"2,2770090"
"201900038259";"28";"5";"2019";"23:30";"5";"75";"75116";"2";"1";"1";"6";"AVENUE DE LA GRANDE ARMEE";"48,8771400";"2,2842010"
"201900038260";"28";"5";"2019";"20:30";"1";"75";"75116";"2";"7";"1";"3";"BOULEVARD LANNES";"48,8631630";"2,2685780"
"201900038261";"17";"10";"2019";"17:45";"2";"74";"74182";"2";"3";"2";"3";"Route de Metz (Meythet)";"45,9218160";"6,0989240"
"201900038262";"27";"5";"2019";"18:48";"1";"75";"75116";"2";"3";"1";"6";"RUE SAINT DIDIER";"48,8668570";"2,2842900"
"201900038263";"12";"12";"2019";"10:00";"1";"87";"87119";"1";"1";"1";"6";"A20";"45,6944150";"1,3658810"
"201900038264";"26";"5";"2019";"12:10";"1";"75";"75116";"2";"7";"1";"3";"PLACE DE LA PORTE MAILLOT";"48,8773750";"2,2813650"
"201900038265";"12";"12";"2019";"16:50";"2";"30";"30034";"1";"1";"8";"1";"D6113";"43,7596840";"4,4892140"
"201900038266";"26";"5";"2019";"00:01";"5";"75";"75116";"2";"2";"1";"2";"AVENUE MOZART";"48,8555640";"2,2702460"
"201900038267";"11";"12";"2019";"20:20";"3";"91";"91274";"2";"1";"1";"1";"Rue de la Gruerie";"48,6941800";"2,1066710"
"201900038268";"13";"12";"2019";"08:20";"1";"89";"89280";"2";"1";"2";"6";"59 RUE DU MARECHAL LECLERC";"47,7333849";"4,2133373"
"201900038269";"25";"5";"2019";"20:15";"2";"75";"75116";"2";"3";"1";"6";"AVENUE THEOPHILE GAUTIER";"48,8482460";"2,2699180"
"201900038270";"13";"12";"2019";"07:00";"2";"47";"47171";"1";"1";"6";"6";"N21";"44,3262470";"0,7191660"
"201900038271";"25";"5";"2019";"17:00";"1";"75";"75116";"2";"5";"2";"6";"AVENUE KLEBER";"48,8690230";"2,2915830"
"201900038272";"12";"12";"2019";"12:15";"1";"34";"34310";"1";"1";"1";"1";"D19";"43,4031400";"3,1661300"
"201900038273";"25";"5";"2019";"14:10";"1";"75";"75116";"2";"1";"2";"3";"AVENUE DE NEW YORK";"48,8639640";"2,2991100"
"201900038274";"13";"12";"2019";"13:10";"1";"2";"02141";"2";"1";"2";"3";"80 Rue du General de Gaulle";"49,9753070";"3,9167220"
"201900038275";"24";"5";"2019";"18:30";"1";"75";"75116";"2";"1";"1";"7";"ROUTE DE LA GRANDE CASCADE";"48,8634060";"2,2504700"
"201900038276";"11";"12";"2019";"18:30";"3";"3";"03247";"1";"2";"1";"1";"2 hameau de Bellevue";"46,5871793";"3,1471589"
"201900038277";"24";"5";"2019";"07:40";"1";"75";"75116";"2";"6";"1";"3";"PLACE CHARLES DE GAULLE";"48,8737350";"2,2941440"
"201900038278";"23";"5";"2019";"11:25";"1";"75";"75116";"2";"2";"1";"3";"AVENUE DE MALAKOFF";"48,8750930";"2,2839670"
"201900038279";"23";"5";"2019";"21:45";"5";"75";"75117";"2";"7";"1";"6";"PLACE CHARLES DE GAULLE";"48,8740350";"2,2942510"
"201900038280";"23";"5";"2019";"16:00";"1";"75";"75116";"2";"1";"1";"6";"RUE BENJAMIN FRANKLIN";"48,8597360";"2,2854080"
"201900038281";"21";"5";"2019";"20:30";"2";"75";"75116";"2";"2";"1";"3";"AVENUE DE LA PORTE DE SAINT CLOUD";"48,8384290";"2,2541150"
"201900038282";"21";"5";"2019";"18:00";"1";"75";"75116";"2";"4";"1";"3";"RUE NEWTON";"48,8711170";"2,2968080"
"201900038283";"19";"5";"2019";"20:10";"1";"75";"75116";"2";"2";"1";"3";"BOULEVARD EMILE AUGIER";"48,8629990";"2,2726200"
"201900038284";"20";"5";"2019";"16:30";"1";"75";"75116";"2";"7";"1";"3";"AVENUE DU PRESIDENT KENNEDY";"48,8513480";"2,2784770"
"201900038285";"17";"5";"2019";"20:00";"1";"75";"75116";"2";"1";"1";"3";"ALLEE DE LA REINE MARGUERITE";"48,8531690";"2,2415670"
"201900038286";"16";"5";"2019";"20:30";"2";"75";"75116";"2";"7";"1";"3";"PLACE CLEMENT ADER";"48,8514680";"2,2782430"
"201900038287";"16";"5";"2019";"08:50";"1";"75";"75116";"2";"3";"1";"3";"RUE BOISSIERE";"48,8685070";"2,2871550"
"201900038288";"16";"5";"2019";"09:45";"1";"75";"75116";"2";"3";"1";"6";"RUE PAUL VALERY";"48,8724770";"2,2872280"
"201900038289";"15";"5";"2019";"16:20";"1";"75";"75116";"2";"1";"1";"6";"AVENUE DE LA GRANDE ARMEE";"48,8751470";"2,2901290"
"201900038290";"14";"5";"2019";"19:05";"1";"75";"75116";"2";"3";"7";"6";"BOULEVARD D AUTEUIL";"48,8454790";"2,2525770"
"201900038291";"14";"5";"2019";"14:40";"1";"75";"75116";"2";"1";"1";"6";"RUE DE LONGCHAMP";"48,8650260";"2,2875310"
"201900038292";"13";"5";"2019";"15:00";"1";"75";"75116";"2";"1";"1";"6";"RUE RIBERA";"48,8509900";"2,2699200"
"201900038293";"10";"5";"2019";"18:30";"1";"75";"75116";"2";"1";"3";"7";"QUAI SAINT EXUPERY";"48,8378200";"2,2652870"
"201900038294";"10";"5";"2019";"08:30";"1";"75";"75116";"2";"1";"1";"6";"AVENUE KLEBER";"48,8697670";"2,2921340"
"201900038295";"8";"5";"2019";"00:35";"5";"75";"75116";"2";"1";"2";"7";"ROUTE DES TRIBUNES";"48,8622770";"2,2305870"
"201900038296";"7";"5";"2019";"17:00";"1";"75";"75116";"2";"1";"1";"3";"ALLEE DE LA REINE MARGUERITE";"48,8542810";"2,2420490"
"201900038297";"6";"5";"2019";"13:50";"1";"75";"75116";"2";"3";"1";"6";"ROUTE DE LA MUETTE A NEUILLY";"48,8650250";"2,2659930"
"201900038298";"6";"5";"2019";"07:20";"1";"75";"75116";"2";"3";"1";"6";"AVENUE D EYLAU";"48,8652670";"2,2835120"