"Num_Acc";"jour";"mois";"an";"hrmn";"lum";"dep";"com";"agg";"int";"atm";"col";"adr";"lat";"long"
"201900038299";"4";"5";"2019";"20:10";"2";"75";"75116";"2";"1";"1";"6";"RUE DU GENERAL DELESTRAINT";"48,8421860";"2,2582740"
"201900038300";"4";"5";"2019";"04:30";"5";"75";"75116";"2";"1";"1";"6";"ALLEE DU BORD DE L EAU";"48,8544110";"2,2262040"
"201900038301";"3";"5";"2019";"09:35";"1";"75";"75116";"2";"2";"1";"3";"AVENUE DU PRESIDENT WILSON";"48,8639250";"2,2905110"
"201900038302";"2";"5";"2019";"17:45";"1";"75";"75116";"2";"7";"2";"3";"PLACE DU TROCADERO ET DU 11 NOVEMBRE";"48,8629690";"2,2864780"
"201900038303";"2";"5";"2019";"16:30";"1";"75";"75116";"2";"2";"1";"3";"ROUTE DE SURESNES";"48,8650440";"2,2344520"
"201900038304";"2";"5";"2019";"12:40";"1";"75";"75116";"2";"2";"2";"3";"RUE DE LA POMPE";"48,8595490";"2,2751990"
"201900038305";"30";"4";"2019";"21:50";"5";"75";"75116";"2";"3";"1";"3";"AVENUE VICTOR HUGO";"48,8706640";"2,2876920"
"201900038306";"30";"4";"2019";"19:15";"2";"75";"75116";"2";"1";"1";"6";"AVENUE RAYMOND POINCARE";"48,8649820";"2,2865450"
"201900038307";"30";"4";"2019";"15:10";"1";"75";"75116";"2";"4";"1";"3";"AVENUE KLEBER";"48,8672950";"2,2903420"
"201900038308";"29";"4";"2019";"20:25";"1";"75";"75116";"2";"4";"1";"2";"AVENUE INGRES";"48,8583660";"2,2703690"
"201900038309";"29";"4";"2019";"16:40";"1";"75";"75116";"2";"1";"1";"6";"ALLEE DU BORD DE L EAU";"48,8666830";"2,2318300"
"201900038310";"28";"5";"2019";"17:34";"1";"75";"75115";"2";"2";"1";"6";"BOULEVARD VICTOR";"48,8335070";"2,2865280"
"201900038311";"28";"5";"2019";"12:30";"1";"75";"75115";"2";"2";"1";"3";"RUE DE DANTZIG";"48,8355110";"2,3007020"
"201900038312";"27";"5";"2019";"16:16";"1";"75";"75115";"2";"7";"1";"6";"AVENUE EMILE ZOLA";"48,8465130";"2,2854040"
"201900038313";"26";"5";"2019";"03:50";"5";"75";"75115";"2";"2";"1";"3";"RUE DE DANTZIG";"48,8355270";"2,3006860"
"201900038314";"22";"5";"2019";"17:10";"1";"75";"75115";"2";"4";"1";"4";"RUE MADEMOISELLE";"48,8435370";"2,2936550"
"201900038315";"22";"5";"2019";"15:25";"1";"75";"75115";"2";"1";"1";"6";"RUE BARGUE";"48,8405780";"2,3061740"
"201900038316";"20";"5";"2019";"20:00";"1";"75";"75115";"2";"2";"1";"3";"RUE DU THEATRE";"48,8502320";"2,2849020"
"201900038317";"20";"5";"2019";"08:20";"1";"75";"75115";"2";"4";"2";"7";"RUE DE LOURMEL";"48,8389720";"2,2822330"
"201900038318";"20";"5";"2019";"00:40";"5";"75";"75115";"2";"3";"1";"3";"QUAI BRANLY";"48,8574880";"2,2910110"
"201900038319";"17";"5";"2019";"20:20";"1";"75";"75115";"2";"4";"1";"6";"RUE MADEMOISELLE";"48,8435440";"2,2933890"
"201900038320";"15";"5";"2019";"09:30";"1";"75";"75115";"2";"2";"1";"6";"ROND POINT DU PONT MIRABEAU";"48,8460820";"2,2769480"
"201900038321";"14";"5";"2019";"17:50";"1";"75";"75115";"2";"7";"1";"2";"BOULEVARD PASTEUR";"48,8404910";"2,3147140"
"201900038322";"13";"5";"2019";"15:00";"1";"75";"75115";"2";"2";"1";"6";"RUE DE LA CONVENTION";"48,8380290";"2,2946820"
"201900038323";"13";"5";"2019";"13:58";"1";"75";"75115";"2";"7";"1";"6";"AVENUE DE SUFFREN";"48,8511780";"2,3009090"
"201900038324";"11";"5";"2019";"20:00";"1";"75";"75115";"2";"2";"1";"6";"RUE DE VOUILLE";"48,8347250";"2,3051940"
"201900038325";"10";"5";"2019";"08:40";"1";"75";"75115";"2";"2";"1";"3";"RUE DES QUATRE FRERES PEIGNOT";"48,8472760";"2,2838410"
"201900038326";"8";"5";"2019";"10:20";"1";"75";"75115";"2";"2";"3";"6";"RUE DE VAUGIRARD";"48,8379360";"2,2977470"
"201900038327";"4";"5";"2019";"19:30";"1";"75";"75115";"2";"1";"2";"3";"AVENUE FELIX FAURE";"48,8412540";"2,2882990"
"201900038328";"4";"5";"2019";"14:20";"1";"75";"75115";"2";"3";"2";"7";"RUE DE LA CONVENTION";"48,8359500";"2,3008530"
"201900038329";"2";"5";"2019";"09:05";"1";"75";"75115";"2";"2";"1";"7";"RUE LECOURBE";"48,8415510";"2,2990740"
"201900038330";"2";"5";"2019";"08:27";"1";"75";"75115";"2";"1";"1";"3";"BOULEVARD LEFEBVRE";"48,8295080";"2,2973590"
"201900038331";"1";"5";"2019";"19:00";"1";"75";"75115";"2";"2";"1";"3";"BOULEVARD DE GRENELLE";"48,8498000";"2,2960050"
"201900038332";"30";"4";"2019";"14:35";"1";"75";"75115";"2";"1";"1";"3";"RUE DE LA PORTE D ISSY";"48,8325180";"2,2813690"
"201900038333";"30";"4";"2019";"14:30";"1";"75";"75115";"2";"3";"1";"2";"RUE LECOURBE";"48,8391270";"2,2914580"
"201900038334";"28";"5";"2019";"08:50";"1";"75";"75105";"2";"1";"2";"7";"RUE GAY LUSSAC";"48,8467080";"2,3408600"
"201900038335";"27";"5";"2019";"16:25";"1";"75";"75114";"2";"2";"1";"3";"RUE JULIA BARTET";"48,8254570";"2,3023100"
"201900038336";"26";"5";"2019";"20:40";"1";"75";"75114";"2";"2";"1";"3";"RUE D ALESIA";"48,8278120";"2,3325460"
"201900038337";"25";"5";"2019";"10:40";"1";"75";"75114";"2";"1";"1";"6";"RUE DU MONTPARNASSE";"48,8415910";"2,3251470"
"201900038338";"25";"5";"2019";"01:00";"5";"75";"75114";"2";"7";"1";"3";"PLACE DE LA PORTE DE CHATILLON";"48,8245330";"2,3192100"
"201900038339";"24";"5";"2019";"19:35";"1";"75";"75114";"2";"1";"1";"6";"BOULEVARD RASPAIL";"48,8355450";"2,3320050"
"201900038340";"24";"5";"2019";"18:15";"1";"75";"75114";"2";"2";"1";"3";"BOULEVARD ROMAIN ROLLAND";"48,8198580";"2,3255040"
"201900038341";"18";"5";"2019";"11:10";"1";"75";"75114";"2";"2";"1";"4";"AVENUE DU GENERAL LECLERC";"48,8296040";"2,3284150"
"201900038342";"17";"5";"2019";"15:00";"1";"75";"75114";"2";"3";"1";"3";"RUE CAMPAGNE PREMIERE";"48,8387070";"2,3308500"
"201900038343";"16";"5";"2019";"23:38";"5";"75";"75114";"2";"1";"8";"6";"BOULEVARD ADOLPHE PINARD";"48,8235520";"2,3087040"
"201900038344";"16";"5";"2019";"19:13";"1";"75";"75115";"2";"4";"1";"3";"BOULEVARD GARIBALDI";"48,8457460";"2,3095470"
"201900038345";"15";"5";"2019";"14:15";"1";"75";"75114";"2";"3";"1";"6";"RUE D ALESIA";"48,8298380";"2,3211730"
"201900038346";"15";"5";"2019";"07:42";"1";"75";"75114";"2";"3";"1";"7";"AVENUE DU GENERAL LECLERC";"48,8313680";"2,3299280"
"201900038347";"14";"5";"2019";"15:15";"1";"75";"75114";"2";"1";"1";"6";"AVENUE RENE COTY";"48,8260400";"2,3353950"
"201900038348";"14";"5";"2019";"08:15";"1";"75";"75114";"2";"1";"1";"3";"RUE VERCINGETORIX";"48,8323730";"2,3109310"
"201900038349";"12";"5";"2019";"18:15";"1";"75";"75114";"2";"1";"1";"6";"RUE DE CHATILLON";"48,8275540";"2,3233310"
"201900038350";"12";"5";"2019";"01:50";"5";"75";"75114";"2";"3";"1";"6";"AVENUE REILLE";"48,8244740";"2,3383500"
"201900038351";"11";"5";"2019";"17:55";"1";"75";"75114";"2";"2";"3";"3";"RUE DE LA SABLIERE";"48,8320690";"2,3222260"
"201900038352";"8";"5";"2019";"00:38";"5";"75";"75114";"2";"2";"2";"2";"AVENUE RENE COTY";"48,8307460";"2,3335880"
"201900038353";"6";"5";"2019";"08:50";"1";"75";"75114";"2";"1";"1";"3";"RUE FROIDEVAUX";"48,8364800";"2,3262630"
"201900038354";"4";"5";"2019";"16:25";"1";"75";"75115";"2";"2";"2";"7";"RUE SAINT CHARLES";"48,8447640";"2,2839030"
"201900038355";"3";"5";"2019";"19:30";"1";"75";"75114";"2";"1";"8";"7";"RUE DAREAU";"48,8318140";"2,3389670"
"201900038356";"2";"5";"2019";"11:45";"1";"75";"75114";"2";"3";"1";"3";"RUE D ALESIA";"48,8272180";"2,3366820"
"201900038357";"2";"5";"2019";"09:20";"1";"75";"75115";"2";"1";"2";"2";"BOULEVARD DE VAUGIRARD";"48,8412820";"2,3173240"
"201900038358";"30";"4";"2019";"19:20";"1";"75";"75114";"2";"1";"1";"3";"AVENUE DE LA PORTE DE CHATILLON";"48,8233260";"2,3165400"
"201900038359";"30";"4";"2019";"18:50";"1";"75";"75114";"2";"3";"1";"6";"BOULEVARD BRUNE";"48,8256530";"2,3149410"
"201900038360";"29";"4";"2019";"08:50";"1";"75";"75114";"2";"1";"1";"3";"RUE D ALESIA";"48,8314320";"2,3158300"
"201900038361";"28";"5";"2019";"10:20";"1";"75";"75113";"2";"1";"1";"3";"QUAI D AUSTERLITZ";"48,8401340";"2,3703640"
"201900038362";"25";"5";"2019";"15:00";"1";"75";"75105";"2";"2";"2";"3";"RUE CLAUDE BERNARD";"48,8402820";"2,3460390"
"201900038363";"24";"5";"2019";"08:35";"1";"75";"75113";"2";"2";"1";"6";"AVENUE CLAUDE REGAUD";"48,8215490";"2,3724760"
"201900038364";"24";"5";"2019";"03:40";"5";"75";"75113";"2";"1";"1";"6";"BOULEVARD AUGUSTE BLANQUI";"48,8295900";"2,3503420"
"201900038365";"23";"5";"2019";"22:35";"5";"75";"75113";"2";"2";"1";"3";"BOULEVARD AUGUSTE BLANQUI";"48,8311120";"2,3442340"
"201900038366";"21";"6";"2019";"09:55";"1";"11";"11262";"2";"6";"1";"2";"ESPAGNE (AVENUE D')";"43,1565500";"2,9814700"
"201900038367";"22";"6";"2019";"08:21";"1";"10";"10081";"2";"2";"1";"2";"GENERAL SARRAIL (AVE)";"48,3064700";"4,0400200"
"201900038368";"21";"6";"2019";"13:05";"1";"10";"10362";"2";"1";"1";"2";"GENERAL LECLERC (RUE DU)";"48,2914400";"4,0340000"
"201900038369";"19";"6";"2019";"15:39";"1";"10";"10387";"2";"1";"1";"3";"GAMBETTA (RUE)";"48,2997500";"4,0730100"
"201900038370";"19";"6";"2019";"11:46";"1";"10";"10387";"2";"1";"1";"6";"GENERAL LECLERC (RUE DU)";"48,3062600";"4,0589600"
"201900038371";"22";"6";"2019";"02:00";"3";"9";"09122";"2";"1";"1";"6";"LECLERC (AVENUE DU GENERAL)";"42,9818000";"1,6122500"
"201900038372";"20";"6";"2019";"22:20";"3";"7";"07008";"1";"1";"2";"6";"D2 ( ROUTE DEPARTEMENTALE )";"44,7121200";"4,6371200"
"201900038373";"21";"6";"2019";"18:30";"1";"7";"07102";"2";"6";"1";"3";"Chemin des MULETS";"44,9330200";"4,8594500"
"201900038374";"20";"6";"2019";"07:45";"1";"6";"06088";"2";"1";"1";"6";"MEDECIN (AV. JEAN)";"43,7003200";"7,2682500"
"201900038375";"23";"6";"2019";"01:20";"5";"6";"06083";"2";"1";"1";"2";"SOLEIL (PROMENADE DU,N°962 A 1292)";"43,7731600";"7,5000600"
"201900038376";"21";"6";"2019";"14:00";"1";"6";"06069";"1";"1";"1";"7";"ROTHSCHILD (BOULEVARD ALICE DE)";"43,6664500";"6,9344300"
"201900038377";"20";"6";"2019";"18:20";"1";"6";"06069";"2";"1";"1";"1";"CAREMIL (AVENUE ETIENNE)";"43,6628900";"6,9255400"
"201900038378";"20";"6";"2019";"17:20";"1";"6";"06069";"2";"1";"1";"1";"PLAN (ROUTE DU) -D304-";"43,6437700";"6,9552200"
"201900038379";"22";"6";"2019";"14:40";"1";"6";"06123";"1";"3";"1";"3";"FAHNESTOCK G. CORNICHE";"43,6743000";"7,1848000"
"201900038380";"19";"6";"2019";"07:45";"2";"6";"06027";"2";"3";"7";"1";"BESSET AVENUE CYRILLE";"43,6610600";"7,1549000"
"201900038381";"21";"6";"2019";"08:15";"1";"5";"05061";"1";"1";"1";"7";"LUYE ( ROUTE DE LA )";"44,5110800";"6,0640400"
"201900038382";"28";"5";"2019";"11:20";"1";"3";"03310";"2";"2";"1";"3";"rue Maréchal Lyautey";"46,1196779";"3,4336777"
"201900038383";"21";"6";"2019";"09:30";"1";"75";"75116";"2";"4";"1";"7";"PORTE DAUPHINE";"48,8747850";"2,2760210"
"201900038384";"21";"6";"2019";"08:20";"1";"75";"75119";"2";"1";"1";"3";"PORTE DE PANTIN";"48,8953850";"2,3948020"
"201900038385";"20";"6";"2019";"19:10";"1";"75";"75113";"2";"4";"1";"3";"PORTE D ITALIE";"48,8176140";"2,3539780"
"201900038386";"20";"6";"2019";"08:35";"1";"75";"75117";"2";"1";"2";"2";"PORTE DE CLICHY";"48,8943930";"2,3055350"
"201900038387";"19";"6";"2019";"09:15";"1";"75";"75113";"2";"1";"1";"2";"PORTE DE GENTILLY";"48,8170450";"2,3484020"
"201900038388";"19";"6";"2019";"08:50";"1";"75";"75116";"2";"1";"1";"3";"PORTE D AUTEUIL";"48,8432330";"2,2545090"
"201900038389";"19";"6";"2019";"07:45";"1";"75";"75120";"2";"1";"1";"4";"PORTE DE MONTREUIL";"48,8544570";"2,4138350"
"201900038390";"18";"6";"2019";"09:00";"1";"75";"75117";"2";"1";"1";"3";"BOULEVARD PERIPHERIQUE EXTERIEUR OUEST";"48,8961260";"2,3087090"
"201900038391";"17";"6";"2019";"08:15";"1";"75";"75113";"2";"4";"1";"4";"BOULEVARD PERIPHERIQUE";"48,8259140";"2,3869140"
"201900038392";"11";"6";"2019";"16:20";"1";"75";"75120";"2";"1";"1";"6";"PORTE DE BAGNOLET";"48,8599300";"2,4139820"
"201900038393";"8";"6";"2019";"13:25";"1";"75";"75118";"2";"1";"1";"2";"PORTE DE CLIGNANCOURT";"48,9010410";"2,3507640"
"201900038394";"20";"6";"2019";"18:00";"1";"75";"75115";"2";"1";"1";"6";"RUE ANDRE GIDE";"48,8372800";"2,3132090"
"201900038395";"20";"6";"2019";"16:16";"1";"75";"75117";"2";"3";"1";"6";"AVENUE DE SAINT OUEN";"48,8958760";"2,3284090"
"201900038396";"19";"6";"2019";"16:30";"1";"75";"75113";"2";"3";"1";"6";"RUE LIARD";"48,8213110";"2,3426680"
"201900038397";"19";"6";"2019";"16:19";"1";"75";"75104";"2";"3";"1";"6";"RUE SAINT ANTOINE";"48,8534124";"2,3671821"
"201900038398";"17";"6";"2019";"23:20";"4";"75";"75118";"2";"4";"1";"6";"ECHANGEUR CHAPELLE";"48,9006740";"2,3649420"
"201900038399";"12";"6";"2019";"03:00";"5";"75";"75119";"2";"4";"1";"6";"BOULEVARD PERIPHERIQUE";"48,8859120";"2,3975240"
"201900038400";"7";"6";"2019";"02:20";"5";"75";"75120";"2";"4";"1";"4";"BOULEVARD PERIPHERIQUE";"48,8520690";"2,4150800"
"201900038401";"20";"6";"2019";"19:15";"1";"75";"75106";"2";"3";"7";"6";"RUE DU VIEUX COLOMBIER";"48,8513790";"2,3319330"
"201900038402";"21";"6";"2019";"18:45";"1";"75";"75120";"2";"3";"1";"6";"RUE DE BELLEVILLE";"48,8732680";"2,3819030"
"201900038403";"20";"6";"2019";"16:40";"1";"75";"75120";"2";"1";"1";"6";"RUE DES PYRENEES";"48,8532780";"2,4059440"
"201900038404";"21";"6";"2019";"13:00";"1";"75";"75119";"2";"1";"1";"6";"BOULEVARD SERURIER";"48,8930430";"2,3947390"
"201900038405";"14";"6";"2019";"19:20";"1";"75";"75119";"2";"1";"1";"6";"PORTE DE PANTIN";"48,8834300";"2,3997390"
"201900038406";"22";"6";"2019";"19:15";"1";"75";"75118";"2";"2";"1";"6";"RUE ORDENER";"48,8902360";"2,3599140"
"201900038407";"22";"6";"2019";"12:55";"1";"75";"75102";"2";"3";"1";"7";"RUE DES PETITS CARREAUX";"48,8675970";"2,3473560"
"201900038408";"22";"6";"2019";"02:15";"5";"75";"75105";"2";"1";"1";"6";"QUAI DE LA TOURNELLE";"48,8505310";"2,3531680"
"201900038409";"21";"6";"2019";"16:27";"1";"75";"75118";"2";"2";"1";"6";"BOULEVARD BARBES";"48,8838590";"2,3494740"
"201900038410";"21";"6";"2019";"20:00";"1";"75";"75116";"2";"1";"1";"4";"AVENUE D IENA";"48,8686450";"2,2957080"
"201900038411";"20";"6";"2019";"18:30";"1";"75";"75117";"2";"4";"1";"7";"AVENUE DE CLICHY";"48,8912500";"2,3190690"
"201900038412";"20";"6";"2019";"21:20";"2";"75";"75117";"2";"2";"1";"6";"RUE DE ROME";"48,8856680";"2,3168170"
"201900038413";"20";"6";"2019";"08:10";"1";"75";"75117";"2";"4";"2";"6";"AVENUE MAC MAHON";"48,8783410";"2,2942930"
"201900038414";"13";"6";"2019";"13:25";"1";"75";"75117";"2";"3";"1";"3";"RUE PIERRE DEMOURS";"48,8844380";"2,3012550"
"201900038415";"22";"6";"2019";"21:00";"1";"75";"75116";"2";"3";"1";"6";"AVENUE DU PRESIDENT KENNEDY";"48,8513170";"2,2784660"
"201900038416";"21";"6";"2019";"11:55";"1";"75";"75108";"2";"2";"1";"6";"RUE DE COURCELLES";"48,8786110";"2,3006240"
"201900038417";"20";"6";"2019";"15:10";"1";"75";"75116";"2";"2";"1";"6";"RUE DE BASSANO";"48,8696550";"2,2982500"
"201900038418";"20";"6";"2019";"09:45";"1";"75";"75116";"2";"1";"1";"5";"AVENUE MOZART";"48,8504060";"2,2670390"
"201900038419";"3";"6";"2019";"23:15";"5";"75";"75116";"2";"1";"1";"6";"ROUTE DE LA MUETTE A NEUILLY";"48,8674390";"2,2654570"
"201900038420";"22";"6";"2019";"01:50";"5";"75";"75115";"2";"3";"1";"7";"RUE DE VAUGIRARD";"48,8412770";"2,3071870"
"201900038421";"21";"6";"2019";"09:30";"1";"75";"75107";"2";"3";"1";"3";"PONT D IENA";"48,8589340";"2,2930040"
"201900038422";"20";"6";"2019";"12:30";"1";"75";"75115";"2";"3";"1";"7";"RUE DU THEATRE";"48,8485130";"2,2891000"
"201900038423";"20";"6";"2019";"14:15";"1";"75";"75114";"2";"1";"1";"2";"BOULEVARD BRUNE";"48,8270690";"2,3078230"
"201900038424";"20";"6";"2019";"08:55";"1";"75";"75114";"2";"1";"2";"6";"BOULEVARD ARAGO";"48,8345300";"2,3356730"
"201900038425";"19";"6";"2019";"13:45";"1";"75";"75114";"2";"3";"1";"5";"RUE D ALESIA";"48,8322400";"2,3128350"
"201900038426";"21";"6";"2019";"19:30";"1";"75";"75113";"2";"3";"1";"2";"RUE BOBILLOT";"48,8303660";"2,3545660"
"201900038427";"21";"6";"2019";"18:30";"1";"75";"75113";"2";"3";"1";"1";"AVENUE DES GOBELINS";"48,8339400";"2,3538200"
"201900038428";"21";"6";"2019";"17:40";"1";"75";"75105";"2";"2";"1";"3";"BOULEVARD DE PORT ROYAL";"48,8371110";"2,3490080"
"201900038429";"20";"6";"2019";"15:45";"1";"75";"75113";"2";"1";"1";"6";"RUE DE LA COLONIE";"48,8239320";"2,3509240"
"201900038430";"20";"6";"2019";"11:30";"1";"75";"75113";"2";"1";"1";"6";"RUE DUNOIS";"48,8306920";"2,3698950"
"201900038431";"20";"6";"2019";"09:20";"1";"75";"75113";"2";"4";"8";"3";"RUE DU VAL DE MARNE";"48,8159580";"2,3467330"
"201900038432";"21";"6";"2019";"17:00";"1";"75";"75112";"2";"7";"1";"6";"PLACE FELIX EBOUE";"48,8394170";"2,3960840"
"201900038433";"21";"6";"2019";"07:00";"1";"75";"75112";"2";"1";"1";"3";"RUE DE CHARENTON";"48,8339750";"2,3942720"
"201900038434";"20";"6";"2019";"20:30";"1";"75";"75112";"2";"2";"8";"3";"AVENUE DAUMESNIL";"48,8486340";"2,3725400"
"201900038435";"20";"6";"2019";"11:30";"1";"75";"75112";"2";"7";"1";"3";"AVENUE DE LA PORTE DE VINCENNES";"48,8465520";"2,4138810"
"201900038436";"20";"6";"2019";"10:17";"1";"75";"75112";"2";"2";"2";"3";"AVENUE LEDRU ROLLIN";"48,8485970";"2,3724740"
"201900038437";"20";"6";"2019";"08:15";"1";"75";"75112";"2";"1";"1";"3";"QUAI DE BERCY";"48,8273830";"2,3900930"
"201900038438";"21";"6";"2019";"19:30";"1";"75";"75111";"2";"1";"1";"3";"BOULEVARD VOLTAIRE";"48,8570460";"2,3814340"
"201900038439";"21";"6";"2019";"16:17";"1";"75";"75111";"2";"3";"1";"3";"RUE DE LA FOLIE REGNAULT";"48,8601800";"2,3864320"
"201900038440";"20";"6";"2019";"16:50";"1";"75";"75111";"2";"5";"1";"3";"BOULEVARD DE MENILMONTANT";"48,8628140";"2,3872760"
"201900038441";"20";"6";"2019";"13:15";"1";"75";"75111";"2";"4";"1";"6";"BOULEVARD RICHARD LENOIR";"48,8586090";"2,3713040"
"201900038442";"20";"6";"2019";"09:10";"1";"75";"75111";"2";"3";"8";"3";"RUE DE CHARONNE";"48,8533050";"2,3787430"
"201900038443";"22";"6";"2019";"19:20";"1";"75";"75109";"2";"2";"1";"3";"RUE LA FAYETTE";"48,8794080";"2,3485860"
"201900038444";"22";"6";"2019";"18:00";"1";"75";"75116";"2";"3";"2";"3";"ALLEE DU BORD DE L EAU";"48,8621950";"2,2294280"
"201900038445";"21";"6";"2019";"18:39";"1";"75";"75108";"2";"3";"1";"3";"AVENUE DE FRIEDLAND";"48,8741980";"2,2997260"
"201900038446";"21";"6";"2019";"15:40";"1";"75";"75108";"2";"7";"1";"7";"PLACE DE LA CONCORDE";"48,8667820";"2,3221110"
"201900038447";"21";"6";"2019";"07:55";"1";"75";"75108";"2";"2";"1";"1";"AVENUE MARCEAU";"48,8686810";"2,2990040"
"201900038448";"21";"6";"2019";"08:05";"1";"75";"75108";"2";"7";"1";"4";"BOULEVARD MALESHERBES";"48,8699810";"2,3232570"
"201900038449";"21";"6";"2019";"23:30";"5";"75";"75115";"2";"2";"1";"3";"RUE DE LA CONVENTION";"48,8400080";"2,2903520"
"201900038450";"21";"6";"2019";"09:35";"1";"75";"75107";"2";"3";"1";"3";"QUAI D ORSAY";"48,8625140";"2,3091970"
"201900038451";"21";"6";"2019";"21:30";"2";"75";"75103";"2";"1";"1";"6";"RUE NOTRE DAME DE NAZARETH";"48,8672290";"2,3597670"
"201900038452";"20";"6";"2019";"17:15";"1";"75";"75109";"2";"1";"1";"3";"BOULEVARD DES ITALIENS";"48,8718480";"2,3392830"
"201900038453";"20";"6";"2019";"09:30";"1";"75";"75103";"2";"1";"1";"3";"RUE DU TEMPLE";"48,8610440";"2,3558540"
"201900038454";"19";"6";"2019";"20:30";"1";"75";"75101";"2";"3";"3";"6";"RUE SAINT HONORE";"48,8626580";"2,3374870"
"201900038455";"22";"6";"2019";"18:30";"1";"75";"75103";"2";"2";"1";"6";"BOULEVARD DE SEBASTOPOL";"48,8634030";"2,3509510"
"201900038456";"21";"6";"2019";"13:30";"1";"75";"75102";"2";"2";"1";"3";"BOULEVARD MONTMARTRE";"48,8714850";"2,3430440"
"201900038457";"20";"6";"2019";"09:30";"1";"75";"75103";"2";"4";"2";"3";"RUE DE TURBIGO";"48,8668250";"2,3619370"
"201900038458";"21";"6";"2019";"12:15";"1";"94";"94068";"2";"1";"1";"3";"FOCH (AV)";"48,7900000";"2,4900000"
"201900038459";"21";"6";"2019";"14:05";"1";"94";"94052";"2";"1";"1";"6";"ALBERT 1ER (BD)";"48,8337580";"2,4930170"
"201900038460";"21";"6";"2019";"12:30";"1";"94";"94046";"2";"3";"1";"3";"JEAN JAURES (R)";"48,7956100";"2,4339500"
"201900038461";"19";"6";"2019";"16:30";"1";"94";"94016";"2";"1";"1";"4";"PRESIDENT WILSON (AV DU)";"48,7937800";"2,3327200"
"201900038462";"21";"6";"2019";"21:55";"2";"94";"94041";"2";"1";"1";"3";"DANIELLE CASANOVA (AV)";"48,8142500";"2,3841700"
"201900038463";"22";"6";"2019";"21:00";"1";"94";"94065";"2";"1";"1";"6";"ALBERT 1ER (BD)";"48,7464800";"2,3666200"
"201900038464";"22";"6";"2019";"13:30";"1";"94";"94034";"2";"4";"1";"2";"HUIT MAI 1945 (AV DU)";"48,7531800";"2,3126500"
"201900038465";"21";"6";"2019";"15:45";"1";"94";"94073";"2";"1";"1";"2";"LUXEMBOURG (AV DU)";"48,7777665";"2,5164039"
"201900038466";"20";"6";"2019";"18:15";"1";"94";"94073";"2";"1";"1";"4";"RENE PANHARD (AV)";"48,7633100";"2,4002000"
"201900038467";"21";"6";"2019";"08:35";"1";"94";"94022";"2";"1";"1";"6";"VICTOR HUGO (AV)";"48,7690568";"2,4214262"
"201900038468";"22";"6";"2019";"15:15";"1";"94";"94060";"2";"9";"1";"2";"Hippodrome (AV)";"48,7939200";"2,5592600"
"201900038469";"20";"6";"2019";"20:05";"1";"94";"94018";"2";"1";"1";"3";"PARIS (R DE)";"48,8288500";"2,4022700"
"201900038470";"22";"6";"2019";"20:45";"2";"94";"94041";"2";"3";"1";"3";"DANIELLE CASANOVA (AV)";"48,8142500";"2,3841700"
"201900038471";"20";"6";"2019";"08:00";"1";"94";"94017";"2";"2";"3";"3";"STALINGRAD (BD DE)";"48,8229200";"2,4972200"
"201900038472";"22";"6";"2019";"13:05";"1";"94";"94075";"2";"3";"1";"3";"MANDRES (R DE)";"48,7121800";"2,5386200"
"201900038473";"21";"6";"2019";"19:55";"1";"94";"94071";"2";"1";"1";"6";"GAMBETTA (R)";"48,7777680";"2,5165210"
"201900038474";"21";"6";"2019";"08:00";"1";"94";"94044";"2";"1";"1";"6";"VERDUN (AV DE)";"48,7557000";"2,4888000"
"201900038475";"19";"6";"2019";"16:40";"1";"94";"94002";"2";"1";"1";"3";"JEAN BAPTISTE CLEMENT (QU)";"48,7974200";"2,4210600"
"201900038476";"21";"6";"2019";"08:10";"1";"93";"93073";"2";"1";"1";"6";"CHARDONNERETS (RUE DES)";"48,9847200";"2,5191300"
"201900038477";"22";"6";"2019";"19:20";"1";"93";"93071";"2";"1";"1";"6";"AMPERE (AVENUE)";"48,9442340";"2,5159840"
"201900038478";"22";"6";"2019";"13:50";"1";"93";"93070";"2";"1";"1";"2";"LANDY(RUE):N° 1 AU 43";"48,9142700";"2,3468200"
"201900038479";"21";"6";"2019";"15:20";"1";"93";"93070";"2";"1";"1";"3";"JEAN-JAURES (BD)";"48,9139400";"2,3362300"
"201900038480";"21";"6";"2019";"18:00";"1";"93";"93070";"2";"1";"1";"3";"JEAN-JAURES (BD)";"48,9152200";"2,3376400"
"201900038481";"20";"6";"2019";"04:50";"2";"93";"93070";"2";"1";"2";"2";"MICHELET (AVE) : DU 1 AU 103";"48,9117400";"2,3443400"
"201900038482";"14";"6";"2019";"21:15";"1";"93";"93066";"2";"1";"7";"6";"""SEMBAT MARCEL (BD), NR 2 A 66 ET 1 A 47";"48,9308320";"2,3547020"
"201900038483";"22";"6";"2019";"14:15";"1";"93";"93064";"2";"3";"1";"5";"LAVOISIER (RUE)";"48,8631100";"2,4984300"
"201900038484";"22";"6";"2019";"07:05";"1";"93";"93064";"2";"1";"1";"3";"KENNEDY (AVENUE DU PRESIDENT)";"48,8806300";"2,4940500"
"201900038485";"22";"6";"2019";"21:00";"1";"93";"93077";"2";"1";"1";"1";"CLEMENCEAU (RUE)";"48,8847927";"2,5239388"
"201900038486";"20";"6";"2019";"21:00";"1";"93";"93077";"2";"1";"7";"2";"GRANDE RUE";"48,8841100";"2,5102400"
"201900038487";"21";"6";"2019";"13:05";"1";"93";"93055";"2";"2";"1";"3";"FORMAGNE";"48,8933800";"2,4221600"
"201900038488";"22";"6";"2019";"19:00";"1";"93";"93053";"2";"3";"1";"5";"CLOCHER (AVENUE DU)";"48,9026000";"2,4696000"
"201900038489";"21";"6";"2019";"17:37";"1";"93";"93053";"2";"3";"1";"3";"VAILLANT COUTURIER (RUE)";"48,8907000";"2,4515000"
"201900038490";"22";"6";"2019";"15:15";"1";"93";"93033";"2";"1";"1";"2";"NATIONALE NUMERO 34 (ROUTE)";"48,8674490";"2,5718640"