"Num_Acc";"jour";"mois";"an";"hrmn";"lum";"dep";"com";"agg";"int";"atm";"col";"adr";"lat";"long"
"201900038491";"21";"6";"2019";"00:05";"5";"93";"93050";"2";"2";"1";"3";"GENERAL DE GAULLE (AVENUE)";"48,8570200";"2,5312800"
"201900038492";"21";"6";"2019";"14:20";"1";"93";"93046";"2";"2";"1";"3";"MARECHAL LECLERC AVENUE";"48,9174473";"2,5339481"
"201900038493";"21";"6";"2019";"11:40";"1";"93";"93031";"2";"1";"1";"1";"ROUGET DE L'ISLE";"48,9503610";"2,3385360"
"201900038494";"20";"6";"2019";"14:30";"1";"93";"93027";"2";"6";"1";"3";"QUINET (RUE EDGAR)";"48,9319000";"2,3987800"
"201900038495";"20";"6";"2019";"09:59";"1";"93";"93027";"1";"9";"1";"3";"SALENGRO (AVENUE ROGER)";"48,9300000";"2,3800000"
"201900038496";"22";"6";"2019";"21:20";"2";"93";"93014";"2";"4";"1";"3";"JOACHIM DU BELLAY (ALLEE)";"48,9058500";"2,5439400"
"201900038497";"21";"6";"2019";"18:05";"1";"93";"93014";"2";"3";"1";"2";"RECY (ALLEE DE)";"48,9020100";"2,5433100"
"201900038498";"21";"6";"2019";"13:30";"1";"93";"93014";"1";"3";"1";"3";"EMILE COSSONNEAU (ALLEE)";"48,9049400";"2,5246700"
"201900038499";"21";"6";"2019";"08:30";"1";"93";"93057";"2";"2";"1";"2";"BRIAND ( AV. ARISTIDE) 31 A 91";"48,9095800";"2,5053370"
"201900038500";"22";"6";"2019";"03:45";"5";"93";"93007";"2";"1";"1";"3";"""PAUL VAILLANT COUTURIER (AVENUE """"DU 01";"48,9240400";"2,4630100"
"201900038501";"21";"6";"2019";"19:20";"1";"93";"93007";"2";"1";"1";"6";"DIVISION LECLERC (AVENUE)";"48,9470000";"2,4620000"
"201900038502";"20";"6";"2019";"09:45";"1";"93";"93005";"2";"1";"2";"2";"JACQUES DUCLOS [CD44] (RUE)";"48,9555010";"2,4922450"
"201900038503";"22";"6";"2019";"20:45";"1";"93";"93001";"2";"2";"1";"3";"GOULET (RUE DU)  => 24/31";"48,9120760";"2,3773830"
"201900038504";"20";"6";"2019";"18:00";"1";"93";"93001";"2";"1";"1";"6";"DANIELLE CASANOVA (RUE)  59 =>";"48,9148500";"2,4031700"
"201900038505";"20";"6";"2019";"12:50";"1";"93";"93013";"2";"1";"1";"6";"LECLERC (AVENU DE LA DIVISION)";"48,9325000";"2,4233000"
"201900038506";"22";"6";"2019";"16:40";"2";"92";"92073";"2";"9";"1";"6";"FUSILLES DE LA RESISTANCE 1940-1945 (ROU";"48,8778660";"2,2160700"
"201900038507";"22";"6";"2019";"10:29";"1";"92";"92073";"2";"1";"1";"6";"CARON (RUE ALBERT)";"48,8646100";"2,2110500"
"201900038508";"21";"6";"2019";"09:10";"1";"92";"92033";"2";"1";"1";"1";"BUZENVAL";"48,8537900";"2,2004000"
"201900038509";"20";"6";"2019";"21:50";"1";"92";"92064";"2";"1";"1";"1";" MARCEL DASSAULT ( QUAI )";"48,8535300";"2,2227000"
"201900038510";"20";"6";"2019";"20:10";"2";"92";"92064";"2";"1";"1";"3";"MARECHAL FOCH";"48,8886700";"2,1944200"
"201900038511";"21";"6";"2019";"08:20";"1";"92";"92063";"2";"1";"1";"1";"COLMAR (AVENUE DE)";"48,8873457";"2,1816840"
"201900038512";"21";"6";"2019";"09:40";"1";"92";"92062";"2";"1";"1";"6";"BERGERES (RD-PT DES) DU 117 AU 141";"48,8845700";"2,2267100"
"201900038513";"17";"6";"2019";"19:45";"1";"92";"92062";"2";"2";"1";"6";"GENERAL DE GAULLE (AV) DU 44 AU 106";"48,8859600";"2,2292900"
"201900038514";"20";"6";"2019";"08:40";"1";"92";"92062";"2";"1";"3";"2";"DE DION BOUTON (QUAI) DU 1 AU 28";"48,8798000";"2,2443000"
"201900038515";"21";"6";"2019";"11:00";"1";"92";"92051";"2";"2";"1";"2";"BINEAU (BOULEVARD, N°53 A 131 ET 52 A 13";"48,8880600";"2,2752800"
"201900038516";"21";"6";"2019";"14:55";"1";"92";"92050";"2";"5";"1";"3";"HAVRE BOULEVARD DU";"48,9188410";"2,2227800"
"201900038517";"18";"6";"2019";"22:45";"5";"92";"92050";"2";"3";"1";"3";"CLEMENCEAU GEORGES AVENUE N°IMPAIR";"48,8867807";"2,2051779"
"201900038518";"20";"6";"2019";"13:15";"1";"92";"92049";"2";"2";"1";"6";"BRIAND AVENUE ARISTIDE N°2 A 114";"48,8175900";"2,3254200"
"201900038519";"19";"6";"2019";"21:10";"2";"92";"92049";"2";"3";"1";"3";"DORMOY AVENUE MARX N°102 A FIN";"48,8104500";"2,3111500"
"201900038520";"22";"6";"2019";"13:50";"1";"92";"92044";"2";"1";"1";"4";"CHARLES PASQUA(QUAI) 2 A 30";"48,8971210";"2,2737181"
"201900038521";"20";"6";"2019";"20:30";"1";"92";"92025";"1";"1";"1";"2";"GABRIEL PERI (RUE)";"48,9198070";"2,2423440"
"201900038522";"2";"11";"2019";"11:20";"1";"92";"92012";"2";"2";"7";"6";"LE CORBUSIER (RUE)";"48,8373600";"2,2381700"
"201900038523";"20";"6";"2019";"14:20";"1";"92";"92012";"2";"1";"1";"3";"BONTEMPS (rue Marcel)";"48,8260300";"2,2410400"
"201900038524";"21";"6";"2019";"06:40";"1";"92";"92004";"2";"2";"1";"1";"AULAGNIER ( QUAI )";"48,9143510";"2,3108610"
"201900038525";"20";"6";"2019";"11:00";"1";"92";"92004";"2";"1";"1";"6";"GRESILLONS ( AVENUE DES  )";"48,9167914";"2,3061035"
"201900038526";"22";"6";"2019";"04:10";"5";"92";"92002";"2";"4";"1";"3";"RAYMON ARON (AVENUE)";"48,7704985";"2,3118277"
"201900038527";"21";"6";"2019";"08:50";"1";"92";"92002";"2";"1";"1";"3";"DIVISION LECLERC (53 A 217 - 58 A 186)";"48,7475316";"2,3038290"
"201900038528";"21";"6";"2019";"19:15";"1";"22";"22118";"1";"1";"1";"1";"Le Chemin Creux - RD 794";"48,4504560";" -2,0097170"
"201900038529";"22";"6";"2019";"16:50";"1";"37";"37065";"1";"1";"1";"3";"Buisson Penot";"47,0246120";"0,3485800"
"201900038530";"23";"6";"2019";"12:20";"1";"37";"37074";"1";"3";"1";"6";"Port boulet CD 952 route de Saumur";"47,2359806";"0,1253114"
"201900038531";"21";"6";"2019";"07:35";"1";"47";"47193";"1";"1";"8";"7";"Terreblanque";"44,5553990";"0,5945290"
"201900038532";"17";"6";"2019";"07:50";"1";"14";"14656";"1";"9";"1";"7";"D562";"48,9311920";" -0,5104460"
"201900038533";"18";"6";"2019";"01:20";"3";"2A";"2A065";"1";"1";"1";"7";"Route de Piana";"42,1482454";"8,6037498"
"201900038534";"21";"6";"2019";"21:30";"5";"1";"01450";"2";"3";"1";"3";"rue de l'artisanat";"45,9166840";"5,2363320"
"201900038535";"22";"6";"2019";"02:15";"3";"1";"01244";"1";"6";"2";"7";"RD 1084";"45,9060620";"5,2159440"
"201900038536";"20";"6";"2019";"11:00";"1";"38";"38336";"2";"1";"1";"6";"Route des Cotes d'Arey";"45,4619500";"4,8363800"
"201900038537";"19";"6";"2019";"09:25";"1";"95";"95205";"2";"1";"1";"2";"7 Rue de la libération 95440";"49,0222380";"2,3757670"
"201900038538";"21";"6";"2019";"07:30";"1";"6";"06161";"2";"1";"1";"2";"Route Départementale";"43,6260210";"7,1320760"
"201900038539";"21";"6";"2019";"19:30";"2";"18";"18117";"1";"1";"2";"6";"18260";"47,3702120";"2,7128360"
"201900038540";"19";"6";"2019";"18:45";"1";"49";"49092";"1";"3";"1";"3";"La Rigaudière (La Tourlandry)";"47,1483310";" -0,6785360"
"201900038541";"23";"6";"2019";"20:00";"1";"31";"31071";"1";"3";"7";"3";"D15 - D73";"43,3432180";"1,1497270"
"201900038542";"21";"6";"2019";"20:20";"2";"83";"83086";"1";"1";"1";"2";"N/A";"43,4609549";"6,5925990"
"201900038543";"21";"6";"2019";"08:05";"1";"68";"68227";"1";"3";"1";"3";"RD 112";"48,1058940";"7,4543160"
"201900038544";"16";"6";"2019";"00:30";"3";"10";"10037";"2";"1";"1";"7";"rue de maraye";"48,2087800";"3,8925180"
"201900038545";"18";"6";"2019";"19:00";"1";"10";"10391";"1";"1";"1";"6";"Chemin communal";"48,3741360";"4,1068480"
"201900038546";"22";"6";"2019";"12:45";"1";"974";"97405";"1";"1";"1";"7";"Route de Grande Anse";" -21,3675790";"55,5474430"
"201900038547";"21";"6";"2019";"17:15";"1";"62";"62155";"2";"1";"1";"3";"21Rue de Licques";"50,7948530";"2,0207170"
"201900038548";"20";"6";"2019";"17:00";"1";"57";"57428";"2";"1";"1";"6";"RUE DE STRASBOURG machere";"49,0918420";"6,7243580"
"201900038549";"23";"6";"2019";"08:40";"1";"1";"01427";"2";"3";"1";"6";"D933";"45,9400650";"4,7737650"
"201900038550";"14";"6";"2019";"11:30";"1";"68";"68144";"1";"1";"1";"6";"Route Départementale 468";"47,7513180";"7,5048610"
"201900038551";"23";"6";"2019";"00:40";"3";"35";"35176";"1";"3";"1";"6";"Chantereine (Guipry)";"47,8761380";" -1,8762390"
"201900038552";"22";"6";"2019";"17:20";"1";"67";"67478";"1";"1";"1";"1";"D6";"48,7744980";"7,4071210"
"201900038553";"22";"6";"2019";"16:20";"1";"22";"22251";"1";"1";"1";"6";"RN 12 PR 64+045 D";"48,5442945";" -2,8283599"
"201900038554";"21";"6";"2019";"23:35";"5";"59";"59278";"2";"1";"1";"7";"98 Rue Émile Zola";"50,6162420";"2,9668580"
"201900038555";"22";"6";"2019";"22:05";"3";"84";"84038";"1";"1";"1";"6";"D 31";"43,8090160";"5,0763450"
"201900038556";"21";"6";"2019";"10:35";"1";"83";"83019";"1";"1";"1";"7";"Avenue Lou Mistraou";"43,1499640";"6,3060610"
"201900038557";"20";"6";"2019";"19:11";"1";"65";"65225";"2";"1";"1";"3";"Route de la Bigorre";"43,2491980";"0,1714900"
"201900038558";"20";"6";"2019";"18:15";"1";"72";"72200";"1";"1";"1";"3";"Boulevard Sirius";"47,9096770";"0,1706770"
"201900038559";"1";"11";"2019";"09:45";"1";"69";"69381";"2";"9";"1";"6";"TERME                               (R )";"45,7684400";"4,8318890"
"201900038560";"25";"10";"2019";"16:37";"1";"69";"69266";"2";"1";"1";"6";"PAUL VERLAINE       (Rue)";"45,7665800";"4,8803200"
"201900038561";"31";"10";"2019";"17:30";"3";"69";"69029";"2";"3";"3";"3";"CAMILLE ROUSSET                     (AV)";"45,7350100";"4,9063100"
"201900038562";"31";"10";"2019";"09:10";"1";"69";"69266";"2";"2";"2";"3";"LOUIS BECKER        (Rue)";"45,7652300";"4,8699300"
"201900038563";"30";"10";"2019";"14:55";"1";"69";"69264";"2";"9";"1";"3";"FRANS ROUTE DE";"45,9846000";"4,7334900"
"201900038564";"2";"11";"2019";"14:40";"1";"68";"68154";"1";"9";"2";"4";"AUTOROUTE A 36";"47,7637600";"7,3520000"
"201900038565";"15";"10";"2019";"16:30";"1";"68";"68224";"2";"3";"2";"3";"THANN (RUE DE)";"47,7523000";"7,3033900"
"201900038566";"28";"10";"2019";"15:00";"1";"67";"67482";"2";"1";"8";"3";"ROBERTSAU (ALLEE DE LA)";"48,5890700";"7,7664300"
"201900038567";"28";"10";"2019";"14:25";"1";"67";"67482";"2";"1";"1";"3";"RATHSAMHAUSEN (RUE DE)";"48,5663700";"7,7605000"
"201900038568";"27";"10";"2019";"19:15";"5";"67";"67482";"2";"1";"2";"2";"RIETH (RUE DU)";"48,6009600";"7,7150700"
"201900038569";"27";"10";"2019";"18:00";"5";"67";"67482";"2";"3";"2";"3";"PLAINE DES BOUCHERS (RUE DE LA)";"48,5589800";"7,7379900"
"201900038570";"26";"10";"2019";"23:00";"5";"67";"67482";"2";"3";"1";"3";"ZIEGELAU (RUE DE LA)";"48,5645800";"7,7668100"
"201900038571";"30";"10";"2019";"15:10";"1";"64";"64483";"2";"1";"1";"6";"ITHURRALDE ANDRE (AVENUE)";"43,3931489";" -1,6517596"
"201900038572";"2";"11";"2019";"15:45";"1";"64";"64445";"2";"1";"2";"3";"CATHERINE DE BOURBON";"43,3265503";" -0,3567709"
"201900038573";"31";"10";"2019";"19:53";"5";"64";"64445";"2";"1";"1";"6";"14 JUILLET DU";"43,2921400";" -0,3782600"
"201900038574";"31";"10";"2019";"18:20";"5";"64";"64284";"1";"1";"9";"6";"18 JUIN 1940 DU";"43,2848795";" -0,3969647"
"201900038575";"30";"10";"2019";"18:35";"5";"64";"64269";"1";"2";"1";"1";"TARBES DE";"43,2980800";" -0,3027320"
"201900038576";"29";"10";"2019";"18:15";"5";"64";"64445";"2";"1";"1";"6";"UNIVERSITE DE L'";"43,3112900";" -0,3639700"
"201900038577";"25";"10";"2019";"17:25";"1";"64";"64122";"2";"1";"1";"6";"MARCEL DASSAULT (BD)";"43,4576500";" -1,5501800"
"201900038578";"2";"11";"2019";"15:10";"1";"64";"64102";"2";"1";"8";"2";"NAVARRE (AVENUE HENRI DE)";"43,5116201";" -1,4404788"
"201900038579";"30";"10";"2019";"14:35";"1";"64";"64024";"2";"3";"8";"3";"BIARRITZ (AVENUE DE)";"43,4802428";" -1,5256361"
"201900038580";"31";"10";"2019";"16:53";"1";"63";"63113";"2";"1";"8";"3";"MOULIN (BD JEAN)";"45,7741200";"3,1200400"
"201900038581";"31";"10";"2019";"20:35";"3";"62";"62178";"1";"9";"1";"6";"DAMES (CHEMIN DES)";"50,5053210";"2,5679250"
"201900038582";"1";"11";"2019";"02:25";"5";"60";"60159";"2";"1";"1";"1";"ADER (CLEMENT)";"49,3955800";"2,7851200"
"201900038583";"2";"11";"2019";"12:45";"1";"59";"59650";"2";"1";"8";"1";"PATRIOTES (RUE DES)";"50,7112600";"3,1911200"
"201900038584";"31";"10";"2019";"23:55";"5";"59";"59350";"2";"9";"1";"2";"MOSELLE BOULEVARD N°IMPAIRS";"50,6269200";"3,0310400"
"201900038585";"30";"10";"2019";"16:15";"1";"59";"59350";"2";"2";"1";"3";"LYON RUE";"50,6184200";"3,0600200"
"201900038586";"29";"10";"2019";"18:10";"5";"59";"59574";"2";"1";"1";"1";"WILSON PROLONGEE(RUE)";"50,3378800";"3,2808900"
"201900038587";"28";"10";"2019";"08:50";"1";"57";"57757";"1";"3";"1";"3";"BOUZONVILLE (ROUTE DE)";"49,3373900";"6,2164200"
"201900038588";"31";"10";"2019";"11:42";"1";"57";"57463";"2";"1";"1";"6";"GENERAL METMAN";"49,1203000";"6,2146400"
"201900038589";"25";"10";"2019";"01:03";"3";"57";"57019";"1";"1";"1";"6";"CD8";"49,2627000";"6,1203000"
"201900038590";"19";"10";"2019";"09:00";"1";"57";"57240";"2";"3";"2";"2";"CLEMENCEAU (RUE)";"49,1504900";"6,8190700"
"201900038591";"30";"10";"2019";"22:30";"5";"56";"56121";"1";"1";"2";"7";"BLUM ( BD LEON )";"47,7491500";" -3,3736700"
"201900038592";"30";"10";"2019";"10:15";"1";"56";"56121";"2";"6";"2";"3";"SAINT-ARMEL (RPT DE)";"47,7668200";" -3,3839100"
"201900038593";"29";"10";"2019";"11:10";"1";"56";"56098";"2";"3";"3";"3";"KERVELEAN ( ALLEE DE )";"47,7704500";" -3,3508600"
"201900038594";"28";"10";"2019";"15:45";"1";"56";"56121";"2";"3";"1";"3";"PHILIPPE (RUE  PIERRE )";"47,7638000";" -3,3861000"
"201900038595";"27";"10";"2019";"10:35";"1";"56";"56121";"1";"1";"2";"6";"RN 465";"47,7720315";" -3,3755583"
"201900038596";"26";"10";"2019";"13:00";"1";"56";"56107";"2";"1";"8";"7";"VICTOIRE (RUE DE LA)";"47,7051600";" -3,3984100"
"201900038597";"28";"10";"2019";"20:00";"2";"54";"54395";"2";"3";"1";"1";"BATAILLE (QUAI DE LA)";"48,6768300";"6,1918800"
"201900038598";"1";"11";"2019";"01:20";"5";"53";"53034";"1";"1";"8";"6";"RD 57 VERS LAVAL";"48,0722800";" -0,7236100"
"201900038599";"1";"11";"2019";"16:08";"1";"51";"51573";"2";"6";"2";"3";"RUE CHARLES BOUCTON";"49,2532811";"3,9788607"
"201900038600";"31";"10";"2019";"11:50";"1";"51";"51454";"2";"1";"1";"2";"BOULEVARD LUNDY";"49,2591435";"4,0372011"
"201900038601";"30";"10";"2019";"14:00";"1";"51";"51454";"2";"3";"1";"1";"PLACE D'ERLON";"49,2571400";"4,0258400"
"201900038602";"29";"10";"2019";"16:30";"1";"50";"50602";"2";"2";"2";"3";"GAMBETTA (RUE)";"49,6415600";" -1,5802600"
"201900038603";"1";"11";"2019";"17:15";"1";"45";"45285";"2";"1";"1";"2";"TANGENTIELLE - D520 PR4+290";"47,9139980";"1,8680120"
"201900038604";"1";"11";"2019";"19:10";"5";"45";"45234";"2";"2";"8";"3";"AV R SECRETAIN - R W BAUDIN";"47,8840800";"1,8981600"
"201900038605";"1";"11";"2019";"10:55";"1";"45";"45234";"2";"3";"3";"6";"QUAI DU FORT ALLEAUME - R CLOITRE ST AIGNAN";"47,8982600";"1,9161000"
"201900038606";"30";"10";"2019";"16:15";"1";"45";"45234";"2";"9";"8";"6";"PL DU MARTROI";"47,9027540";"1,9046853"
"201900038607";"28";"10";"2019";"13:50";"1";"44";"44184";"2";"6";"2";"3";"RTE DES FRÉCHETS / ALLEE DES LILAS";"47,2640000";" -2,2436000"
"201900038608";"2";"11";"2019";"18:55";"3";"44";"44190";"2";"1";"2";"5";"PERIPHERIQUE";"47,1979400";" -1,4848100"
"201900038609";"1";"11";"2019";"13:15";"1";"42";"42095";"2";"1";"8";"3";"DORIAN (RUE)";"45,3904800";"4,2790200"
"201900038610";"1";"11";"2019";"10:00";"1";"41";"41018";"2";"1";"1";"6";"GAMBETTA (AVENUE)";"47,5841000";"1,3197600"
"201900038611";"29";"10";"2019";"16:15";"1";"40";"40279";"2";"3";"1";"3";"LATTRE DE TASSIGNY (BOULEVARD DE)";"43,7283400";" -1,0446100"
"201900038612";"1";"11";"2019";"16:28";"1";"37";"37261";"2";"3";"8";"6";"DE GAULLE (AVENUE DU GENERAL)";"47,3816025";"0,7053237"
"201900038613";"31";"10";"2019";"23:35";"5";"37";"37261";"2";"2";"1";"3";"MAINE (RUE DU)";"47,4259700";"0,6824900"
"201900038614";"27";"10";"2019";"10:17";"1";"36";"36044";"2";"2";"1";"6";"11 RUE DU 8 MAI 1945";"46,8041462";"1,7009696"
"201900038615";"2";"11";"2019";"10:45";"1";"35";"35278";"1";"9";"1";"4";"RD 137";"48,1390000";" -1,6954000"
"201900038616";"2";"11";"2019";"08:50";"1";"35";"35238";"1";"1";"3";"6";"RN136";"48,0795512";" -1,6742124"
"201900038617";"1";"11";"2019";"18:10";"2";"35";"35051";"1";"1";"2";"3";"RN136";"48,1074000";" -1,5977000"
"201900038618";"1";"11";"2019";"08:50";"1";"35";"35238";"2";"1";"2";"6";"GUILLOUX (LOUIS)";"48,1111626";" -1,7008196"
"201900038619";"31";"10";"2019";"18:00";"5";"35";"35238";"2";"2";"1";"3";"CHURCHILL (AVENUE SIR WINSTON)";"48,1170200";" -1,7080600"
"201900038620";"30";"10";"2019";"18:00";"5";"35";"35238";"2";"1";"2";"3";"VERN (DE)";"48,0871000";" -1,6444000"
"201900038621";"30";"10";"2019";"16:30";"1";"35";"35238";"2";"1";"2";"6";"BRIAND (AVENUE ARISTIDE)";"48,1102836";" -1,6653004"
"201900038622";"29";"10";"2019";"22:15";"5";"35";"35115";"2";"3";"1";"6";"MARCEAU (RUE)";"48,3576400";" -1,1915900"
"201900038623";"28";"10";"2019";"16:05";"1";"34";"34108";"1";"1";"1";"3";"RD 600";"43,4368200";"3,7179600"
"201900038624";"31";"10";"2019";"03:30";"5";"34";"34172";"2";"1";"1";"7";"GUESDE (RUE JULES)";"43,6115700";"3,8306300"
"201900038625";"30";"10";"2019";"18:18";"5";"34";"34172";"2";"1";"1";"2";"Théroigne de Méricourt ( avenue )";"43,5977350";"3,9016850"
"201900038626";"30";"10";"2019";"14:15";"1";"34";"34172";"2";"1";"1";"2";"TELEMAQUE (BOULEVARD)";"43,6028900";"3,9234800"
"201900038627";"30";"10";"2019";"06:40";"2";"34";"34172";"2";"1";"1";"4";"MARES (AVENUE HENRI)";"43,6200300";"3,8518000"
"201900038628";"1";"11";"2019";"03:30";"5";"33";"33522";"2";"3";"1";"3";"RTE DE TOULOUSE";"44,8069000";" -0,5732000"
"201900038629";"1";"11";"2019";"00:01";"5";"33";"33069";"2";"2";"1";"2";"RUE RAYMOND LAVIGNE";"44,8647000";" -0,6153000"
"201900038630";"30";"10";"2019";"20:15";"5";"33";"33281";"2";"2";"2";"3";"AVE DE FONCASTEL";"44,8366600";" -0,6426900"
"201900038631";"31";"10";"2019";"08:50";"1";"33";"33167";"2";"2";"9";"6";"AVE DE LA LIBERATION";"44,8389000";" -0,5330800"
"201900038632";"10";"10";"2019";"23:35";"5";"33";"33063";"2";"2";"1";"3";"RUE JEAN SOULA";"44,8430800";" -0,5916800"
"201900038633";"30";"10";"2019";"23:45";"5";"33";"33063";"2";"3";"8";"6";"CROIX (QUAI SAINTE-)";"44,8332700";" -0,5613800"
"201900038634";"30";"10";"2019";"14:45";"1";"33";"33318";"2";"1";"1";"3";"AVE PASTEUR";"44,8005500";" -0,6579800"
"201900038635";"29";"10";"2019";"17:55";"1";"33";"33522";"2";"3";"1";"3";"RTE DE TOULOUSE";"44,8069200";" -0,5731800"
"201900038636";"29";"10";"2019";"17:12";"1";"33";"33192";"2";"3";"1";"5";"CRS DU GENERAL DE GAULLE";"44,7768700";" -0,6108400"
"201900038637";"29";"10";"2019";"10:00";"1";"33";"33192";"2";"6";"1";"6";"MALARTIC (BD DE)";"44,7713800";" -0,5964600"
"201900038638";"29";"10";"2019";"08:00";"1";"33";"33063";"2";"1";"1";"3";"DUBERGIER (RUE DUFFOUR) (1-21)";"44,8369900";" -0,5760400"
"201900038639";"26";"10";"2019";"00:30";"5";"33";"33009";"2";"1";"1";"7";"278 Bd DE LA PLAGE";"44,6624000";" -1,1706300"
"201900038640";"2";"11";"2019";"20:42";"5";"32";"32013";"2";"2";"6";"3";"ROUGET DE LISLE";"43,6465800";"0,5918000"
"201900038641";"31";"10";"2019";"09:30";"1";"30";"30189";"2";"1";"2";"2";"MAS DE CHEYLON";"43,7999200";"4,3415900"
"201900038642";"2";"11";"2019";"02:33";"3";"29";"29232";"2";"1";"3";"7";"VOIE EXPRESS QUIMPER - PLUGUFFAN";"47,9798800";" -4,1210800"
"201900038643";"31";"10";"2019";"17:27";"2";"29";"29232";"2";"1";"2";"3";"AMIRAL RONARC'H RUE";"47,9943000";" -4,1076100"
"201900038644";"30";"10";"2019";"07:10";"5";"29";"29232";"1";"3";"2";"3";"TY BOS AVENUE DE";"47,9663500";" -4,0611000"
"201900038645";"31";"10";"2019";"22:15";"5";"29";"29039";"2";"3";"8";"3";"GARE (AVENUE DE LA)";"47,8782190";" -3,9198105"
"201900038646";"2";"11";"2019";"18:50";"1";"29";"29019";"2";"9";"1";"7";"LOUPPE ALBERT (DE 71 A 95 ET 64 A 84)";"48,4042400";" -4,4757300"
"201900038647";"2";"11";"2019";"14:10";"1";"29";"29019";"2";"3";"1";"3";"LEOQUET JEAN";"48,4022800";" -4,4826700"
"201900038648";"31";"10";"2019";"19:10";"3";"29";"29019";"1";"1";"2";"4";"RD 112 (PEN AR CH'LEUZ A PONT DESFOSSES)";"48,4218000";" -4,4775000"
"201900038649";"31";"10";"2019";"00:00";"5";"28";"28085";"2";"9";"3";"6";"PEGUY (BOULEVARD CHARLES)";"48,4528000";"1,4880000"
"201900038650";"2";"11";"2019";"17:45";"2";"26";"26281";"2";"6";"2";"6";"CARNOT (PLACE)";"45,0485900";"5,0483300"
"201900038651";"2";"11";"2019";"15:25";"1";"26";"26198";"2";"1";"2";"6";"JAURES (Avenue Jean)";"44,5484900";"4,7470500"
"201900038652";"31";"10";"2019";"02:25";"3";"26";"26008";"2";"2";"1";"6";"STADE (Rue du )";"44,5763450";"4,7251900"
"201900038653";"30";"10";"2019";"17:20";"3";"25";"25056";"1";"1";"2";"2";"RN 1057 (CH. EPITAPHE-CH. MONTBOUCONS)";"47,2701500";"6,0008100"
"201900038654";"12";"10";"2019";"23:30";"5";"22";"22278";"2";"6";"1";"3";"AURORE (RD PT DE L')";"48,5130360";" -2,7385510"
"201900038655";"29";"10";"2019";"18:10";"5";"22";"22113";"2";"1";"1";"3";"PARK NEVEZ (AVENUE DE)";"48,7296459";" -3,4496448"
"201900038656";"2";"11";"2019";"20:00";"5";"18";"18033";"2";"1";"2";"1";"VOGUE (RUE ARNAUD DE)";"47,0940000";"2,4041000"
"201900038657";"2";"11";"2019";"18:35";"5";"17";"17291";"2";"1";"3";"1";"BELGIQUE  RUE";"46,1782700";" -1,1225900"
"201900038658";"1";"11";"2019";"12:40";"1";"17";"17300";"2";"2";"2";"3";"JOFFRE   BOULEVARD (1-25)";"46,1579400";" -1,1423000"
"201900038659";"30";"10";"2019";"19:40";"5";"17";"17300";"2";"6";"2";"3";"MOULIN   AVENUE JEAN";"46,1519200";" -1,1397800"
"201900038660";"2";"11";"2019";"19:40";"5";"17";"17299";"2";"1";"1";"6";"PELLETAN AVENUE";"45,9420500";" -0,9627000"
"201900038661";"29";"10";"2019";"16:50";"1";"14";"14366";"2";"3";"2";"3";"DELAUNAY(ALLEE)";"49,1558323";"0,2245525"
"201900038662";"2";"11";"2019";"20:20";"5";"14";"14118";"2";"3";"8";"3";"VENDEUVRE (QUAI)";"49,1820700";" -0,3574700"
"201900038663";"2";"11";"2019";"12:10";"1";"14";"14118";"2";"1";"2";"3";"DUNOIS (BOULEVARD)";"49,1833900";" -0,3867100"
"201900038664";"1";"11";"2019";"19:45";"5";"14";"14118";"2";"3";"1";"3";"HARCOURT (AVENUE D')";"49,1558000";" -0,3695200"
"201900038665";"1";"11";"2019";"01:00";"5";"14";"14118";"2";"1";"1";"2";"FALAISE (RUE DE -144)";"49,1833300";" -0,3500000"
"201900038666";"29";"10";"2019";"18:10";"5";"13";"13117";"2";"1";"1";"2";"MARSEILLE ( AVENUE DE )";"43,4367750";"5,2628720"
"201900038667";"1";"11";"2019";"18:18";"5";"13";"13207";"2";"1";"1";"5";"Corniche John Fitzgérald Kennedy";"43,2715600";"5,3628300"
"201900038668";"1";"11";"2019";"13:15";"1";"13";"13212";"2";"3";"1";"3";"SAINT BARNABE (AVENUE DE)";"43,3042480";"5,4131350"
"201900038669";"1";"11";"2019";"02:10";"5";"13";"13202";"2";"2";"1";"3";"ROGER SALENGRO (AVENUE)";"43,3145500";"5,3705800"
"201900038670";"30";"10";"2019";"14:20";"1";"13";"13203";"2";"1";"1";"6";"PLOMBIERES (BOULEVARD DES)";"43,3186960";"5,3793360"
"201900038671";"30";"10";"2019";"11:05";"1";"12";"12145";"1";"1";"1";"3";"PEYRE (ROUTE DE)";"44,0942000";"3,0348000"
"201900038672";"20";"8";"2019";"16:22";"1";"11";"11262";"2";"1";"1";"6";"TURENNE (RUE ET IMPASSE DE)";"43,1700600";"3,0068800"
"201900038673";"27";"10";"2019";"20:50";"3";"11";"11069";"1";"1";"1";"2";"RD 6113";"43,2234760";"2,3786150"
"201900038674";"28";"10";"2019";"16:50";"1";"11";"11069";"2";"1";"1";"3";"IENA -ALLEE D'- N° IMPAIRS APRES 51";"43,2140660";"2,3451070"
"201900038675";"30";"10";"2019";"17:27";"2";"10";"10297";"2";"1";"1";"6";"ROBERT KELLER (RUE)";"48,3251440";"4,1104451"
"201900038676";"29";"10";"2019";"20:58";"5";"10";"10387";"2";"2";"1";"7";"JULES GUESDE (RUE)";"48,2818000";"4,0852600"
"201900038677";"29";"10";"2019";"17:19";"1";"10";"10357";"1";"1";"1";"6";"ROCADE EST";"48,2916358";"4,1392493"
"201900038678";"29";"10";"2019";"11:19";"1";"10";"10081";"1";"9";"2";"5";"ROCADE OUEST (RD 610)";"48,3255946";"4,0289916"