"Num_Acc";"jour";"mois";"an";"hrmn";"lum";"dep";"com";"agg";"int";"atm";"col";"adr";"lat";"long"
"201900038679";"29";"10";"2019";"18:00";"5";"9";"09122";"2";"1";"1";"2";"LECLERC (AVENUE DU GENERAL)";"42,9759700";"1,6086600"
"201900038680";"28";"10";"2019";"18:45";"5";"8";"08105";"2";"1";"1";"6";"ARCHES (AVENUE)";"49,7612000";"4,7190500"
"201900038681";"2";"11";"2019";"11:50";"1";"6";"06088";"2";"1";"1";"6";"VOIE RAPIDE";"43,7023370";"7,2559230"
"201900038682";"1";"11";"2019";"20:32";"5";"6";"06088";"2";"1";"8";"5";"JOLY (CORNICHE ANDRE DE)";"43,7023100";"7,2945470"
"201900038683";"1";"11";"2019";"18:02";"5";"6";"06088";"2";"9";"1";"6";"MASSENA (PLACE)";"43,6974660";"7,2703910"
"201900038684";"30";"10";"2019";"11:00";"1";"6";"06088";"2";"2";"1";"6";"LAMARTINE (R.)";"43,7039200";"7,2678700"
"201900038685";"29";"10";"2019";"07:10";"2";"6";"06104";"2";"3";"1";"1";"AVENUE PIERRE ET MARIE CURIE";"43,7611780";"7,4638850"
"201900038686";"31";"10";"2019";"21:45";"5";"6";"06069";"2";"1";"2";"1";"VICTORIA (AVENUE ET TRAVERSE)";"43,6641970";"6,9332970"
"201900038687";"31";"10";"2019";"18:35";"3";"6";"06069";"2";"1";"2";"6";"SEMARD (AVENUE PIERRE)";"43,6558440";"6,9284500"
"201900038688";"1";"11";"2019";"15:50";"1";"6";"06004";"2";"9";"1";"3";"NICE(RN.7) AV.ET RTE DE";"43,6023760";"7,1225870"
"201900038689";"29";"10";"2019";"12:10";"1";"6";"06004";"2";"2";"1";"6";"JOFFRE AV.MARECHAL";"43,5693470";"7,1109960"
"201900038690";"29";"10";"2019";"08:45";"1";"5";"05061";"2";"4";"1";"2";"VEYNES ( AVENUE DE  )";"44,5568900";"6,0639000"
"201900038691";"28";"10";"2019";"15:30";"1";"5";"05061";"2";"1";"1";"7";"EMBRUN ( AVENUE D')";"44,5689700";"6,1012100"
"201900038692";"2";"11";"2019";"05:30";"5";"75";"75120";"2";"1";"2";"6";"ECHANGEUR BAGNOLET";"48,8660935";"2,4127691"
"201900038693";"2";"11";"2019";"00:30";"5";"75";"75112";"2";"1";"2";"4";"BD PERIPHERIQUE INTERIEUR";"48,8270430";"2,3902110"
"201900038694";"31";"10";"2019";"07:00";"2";"75";"75113";"2";"4";"2";"6";"ECHANGEUR ITALIE";"48,8165712";"2,3568624"
"201900038695";"30";"10";"2019";"22:10";"5";"75";"75112";"2";"4";"1";"5";"BD PERIPHERIQUE EXTERIEUR";"48,8359616";"2,4122901"
"201900038696";"1";"11";"2019";"07:14";"1";"75";"75112";"2";"1";"3";"6";"QUAI DE LA RAPEE";"48,8456530";"2,3664807"
"201900038697";"31";"10";"2019";"23:46";"5";"75";"75104";"2";"7";"1";"6";"PLACE DE LA BASTILLE";"48,8529266";"2,3684284"
"201900038698";"30";"10";"2019";"11:35";"1";"75";"75103";"2";"2";"1";"3";"RUE ETIENNE MARCEL";"48,8634000";"2,3509450"
"201900038699";"14";"10";"2019";"20:10";"5";"75";"75112";"2";"1";"2";"3";"BD PERIPHERIQUE EXTERIEUR";"48,8431500";"2,4139220"
"201900038700";"31";"10";"2019";"15:40";"1";"75";"75106";"2";"7";"1";"6";"PLACE SAINT ANDRE DES ARTS";"48,8531730";"2,3431940"
"201900038701";"30";"10";"2019";"02:01";"5";"75";"75105";"2";"2";"2";"3";"RUE SAINT JACQUES";"48,8495930";"2,3448690"
"201900038702";"2";"11";"2019";"05:00";"5";"75";"75120";"2";"2";"2";"6";"RUE DES MARAICHERS";"48,8516613";"2,4070033"
"201900038703";"1";"11";"2019";"17:30";"2";"75";"75120";"2";"5";"2";"6";"RUE SAINT FARGEAU";"48,8717262";"2,4043775"
"201900038704";"1";"11";"2019";"12:10";"1";"75";"75120";"2";"2";"2";"3";"RUE DUPONT DE L EURE";"48,8680900";"2,4001610"
"201900038705";"30";"10";"2019";"08:30";"1";"75";"75120";"2";"3";"8";"3";"RUE DE BELLEVILLE";"48,8733868";"2,3826038"
"201900038706";"1";"11";"2019";"18:30";"5";"75";"75118";"2";"2";"2";"3";"RUE D AUBERVILLIERS";"48,8855513";"2,3657861"
"201900038707";"1";"11";"2019";"13:10";"1";"75";"75119";"2";"1";"8";"3";"BOULEVARD DE LA VILLETTE";"48,8797822";"2,3704239"
"201900038708";"1";"11";"2019";"06:20";"5";"75";"75119";"2";"2";"2";"3";"RUE DES BOIS";"48,8785460";"2,4001220"
"201900038709";"30";"10";"2019";"01:20";"5";"75";"75118";"2";"2";"2";"6";"RUE DE LA CHAPELLE";"48,8985208";"2,3590037"
"201900038710";"30";"10";"2019";"15:30";"1";"75";"75118";"2";"1";"1";"6";"RUE DE LA CHAPELLE";"48,8965729";"2,3592420"
"201900038711";"31";"10";"2019";"09:30";"1";"75";"75117";"2";"1";"1";"6";"RUE LEGENDRE";"48,8903790";"2,3243691"
"201900038712";"28";"10";"2019";"19:45";"5";"75";"75117";"2";"2";"1";"3";"RUE DE ROME";"48,8822200";"2,3203900"
"201900038713";"29";"10";"2019";"17:10";"5";"75";"75116";"2";"2";"1";"6";"ROUTE DE LA MUETTE A NEUILLY";"48,8698328";"2,2645029"
"201900038714";"31";"10";"2019";"12:35";"1";"75";"75114";"2";"7";"1";"3";"BOULEVARD BRUNE";"48,8244100";"2,3196600"
"201900038715";"1";"11";"2019";"03:00";"5";"75";"75106";"2";"2";"1";"6";"BOULEVARD SAINT GERMAIN";"48,8527073";"2,3377520"
"201900038716";"31";"10";"2019";"09:35";"1";"75";"75113";"2";"3";"8";"3";"BOULEVARD KELLERMANN";"48,8202000";"2,3480100"
"201900038717";"30";"10";"2019";"21:20";"5";"75";"75113";"2";"3";"1";"3";"RUE DE TOLBIAC";"48,8257471";"2,3465878"
"201900038718";"30";"10";"2019";"12:40";"1";"75";"75113";"2";"3";"1";"7";"AVENUE DES GOBELINS";"48,8346336";"2,3533601"
"201900038719";"30";"10";"2019";"07:00";"1";"75";"75113";"2";"1";"8";"6";"RUE WATT";"48,8264000";"2,3785000"
"201900038720";"2";"11";"2019";"14:55";"1";"75";"75112";"2";"2";"1";"3";"BOULEVARD DIDEROT";"48,8464440";"2,3789690"
"201900038721";"2";"11";"2019";"00:50";"5";"75";"75112";"2";"1";"2";"6";"COURS DE VINCENNES";"48,8478578";"2,4010599"
"201900038722";"30";"10";"2019";"12:00";"1";"75";"75112";"2";"1";"1";"3";"BOULEVARD DE BERCY";"48,8395050";"2,3849130"
"201900038723";"29";"10";"2019";"20:00";"5";"75";"75120";"2";"4";"3";"6";"AVENUE LEON GAUMONT";"48,8509860";"2,4158980"
"201900038724";"2";"11";"2019";"00:10";"5";"75";"75111";"2";"3";"2";"6";"AVENUE PARMENTIER";"48,8639424";"2,3755261"
"201900038725";"30";"10";"2019";"21:50";"5";"75";"75111";"2";"3";"1";"3";"AVENUE PHILIPPE AUGUSTE";"48,8523646";"2,3934378"
"201900038726";"30";"10";"2019";"11:10";"1";"75";"75110";"2";"1";"8";"7";"RUE DE DUNKERQUE";"48,8807230";"2,3516300"
"201900038727";"30";"10";"2019";"10:50";"1";"75";"75110";"2";"3";"8";"3";"RUE DU FAUBOURG SAINT MARTIN";"48,8825366";"2,3669269"
"201900038728";"1";"11";"2019";"12:00";"1";"75";"75109";"2";"4";"2";"6";"RUE DU FAUBOURG MONTMARTRE";"48,8747763";"2,3413565"
"201900038729";"1";"11";"2019";"19:20";"1";"75";"75108";"2";"4";"2";"6";"AVENUE GEORGE V";"48,8699243";"2,3010093"
"201900038730";"1";"11";"2019";"13:20";"1";"75";"75108";"2";"1";"2";"3";"RUE DU FAUBOURG SAINT HONORE";"48,8773350";"2,2998010"
"201900038731";"1";"11";"2019";"04:30";"5";"75";"75107";"2";"2";"2";"3";"AVENUE DU MARECHAL GALLIENI";"48,8628530";"2,3134460"
"201900038732";"1";"11";"2019";"02:00";"3";"75";"75108";"2";"2";"1";"3";"AVENUE DES CHAMPS ELYSEES";"48,8723580";"2,2995130"
"201900038733";"1";"11";"2019";"21:05";"5";"75";"75107";"2";"2";"1";"6";"QUAI BRANLY";"48,8590455";"2,2932651"
"201900038734";"31";"10";"2019";"14:20";"1";"75";"75107";"2";"7";"1";"6";"PLACE JACQUES RUEFF";"48,8561500";"2,2984500"
"201900038735";"31";"10";"2019";"17:10";"2";"75";"75104";"2";"2";"1";"3";"RUE MORNAY";"48,8495000";"2,3656300"
"201900038736";"30";"10";"2019";"18:15";"5";"75";"75101";"2";"5";"1";"6";"RUE SAINT HONORE";"48,8631863";"2,3355295"
"201900038737";"1";"11";"2019";"00:50";"5";"75";"75104";"2";"2";"1";"7";"QUAI DES CELESTINS";"48,8511832";"2,3625690"
"201900038738";"2";"11";"2019";"16:55";"1";"75";"75101";"2";"2";"1";"6";"RUE DE RIVOLI";"48,8590890";"2,3464450"
"201900038739";"2";"11";"2019";"09:40";"1";"75";"75101";"2";"7";"8";"2";"PLACE DU CHATELET";"48,8572232";"2,3471029"
"201900038740";"29";"10";"2019";"21:15";"5";"75";"75104";"2";"2";"2";"6";"PONT MORLAND";"48,8474674";"2,3655416"
"201900038741";"30";"10";"2019";"11:15";"1";"94";"94081";"2";"1";"8";"6";"CONCORDE (R DE LA)";"48,7980000";"2,3830000"
"201900038742";"2";"10";"2019";"20:19";"3";"17";"17291";"2";"9";"1";"3";"RN 11";"46,1722300";" -1,1191900"
"201900038743";"1";"10";"2019";"09:50";"1";"17";"17300";"2";"6";"3";"2";"MONNET   AVENUE JEAN";"46,1430300";" -1,1535300"
"201900038744";"1";"10";"2019";"02:55";"5";"14";"14333";"2";"1";"1";"6";"BOULOIR (RUE DU PETIT)";"49,4173700";"0,2295600"
"201900038745";"2";"10";"2019";"18:58";"1";"14";"14327";"2";"2";"1";"3";"CD N° 60";"49,2053200";" -0,3506200"
"201900038746";"2";"10";"2019";"17:30";"1";"14";"14118";"2";"6";"2";"6";"CANADA (AVENUE DU)";"49,1852100";" -0,3715100"
"201900038747";"2";"10";"2019";"20:05";"5";"13";"13214";"2";"1";"8";"3";"AMPERE (BOULEVARD)";"43,3371200";"5,3739600"
"201900038748";"30";"9";"2019";"18:40";"2";"13";"13208";"2";"1";"1";"3";"RABATAU (BOULEVARD)";"43,2700000";"5,3900000"
"201900038749";"1";"10";"2019";"14:25";"1";"11";"11262";"2";"6";"1";"6";"BLUM (SQUARE THERESE LEON)";"43,1879200";"3,0084700"
"201900038750";"2";"10";"2019";"09:55";"1";"10";"10387";"2";"6";"2";"5";"WOOD ET WEST (RUE)";"48,2948200";"4,0818300"
"201900038751";"1";"10";"2019";"08:30";"1";"7";"07102";"2";"6";"1";"3";"N/A";"44,9203580";"4,8619650"
"201900038752";"2";"10";"2019";"01:50";"3";"6";"06088";"2";"1";"2";"6";"MERCANTOUR (BD)";"43,7282180";"7,1851980"
"201900038753";"2";"10";"2019";"18:25";"1";"75";"75112";"2";"1";"1";"4";"BD PERIPHERIQUE INTERIEUR";"48,8395780";"2,4132460"
"201900038754";"2";"10";"2019";"07:00";"5";"75";"75120";"2";"4";"2";"7";"ECHANGEUR BAGNOLET";"48,8668829";"2,4134264"
"201900038755";"2";"10";"2019";"10:10";"1";"75";"75112";"2";"2";"1";"6";"AVENUE DE NOGENT";"48,8408680";"2,4528480"
"201900038756";"2";"10";"2019";"21:10";"5";"75";"75119";"2";"4";"1";"3";"AVENUE SECRETAN";"48,8824769";"2,3703847"
"201900038757";"2";"10";"2019";"01:45";"5";"75";"75119";"2";"1";"2";"6";"BOULEVARD DE LA VILLETTE";"48,8757720";"2,3728938"
"201900038758";"1";"10";"2019";"20:54";"5";"75";"75118";"2";"2";"2";"2";"BOULEVARD NEY";"48,8980665";"2,3441474"
"201900038759";"1";"10";"2019";"22:35";"5";"75";"75116";"2";"3";"2";"3";"BOULEVARD DELESSERT";"48,8590158";"2,2867911"
"201900038760";"1";"10";"2019";"15:05";"1";"75";"75116";"2";"1";"1";"3";"AVENUE FOCH";"48,8720574";"2,2788344"
"201900038761";"2";"10";"2019";"07:30";"1";"75";"75114";"2";"7";"1";"6";"PLACE DU VINGT CINQ AOUT 1944";"48,8230518";"2,3254809"
"201900038762";"1";"10";"2019";"22:25";"5";"75";"75110";"2";"2";"2";"3";"RUE LA FAYETTE";"48,8785341";"2,3540453"
"201900038763";"1";"10";"2019";"14:15";"1";"75";"75108";"2";"3";"8";"6";"RUE DE COURCELLES";"48,8754061";"2,3088200"
"201900038764";"2";"10";"2019";"02:15";"5";"75";"75107";"2";"3";"2";"6";"QUAI D ORSAY";"48,8626457";"2,3190681"
"201900038765";"2";"10";"2019";"07:30";"2";"75";"75101";"2";"2";"1";"3";"RUE DE L ECHELLE";"48,8638201";"2,3342402"
"201900038766";"2";"10";"2019";"17:50";"1";"94";"94081";"2";"3";"1";"3";"MOULIN DE SAQUET (AV DU)";"48,7907839";"2,3809478"
"201900038767";"2";"10";"2019";"18:30";"1";"94";"94074";"2";"1";"1";"3";"THEODULE JOURDAIN (rue)";"48,7700000";"2,4460000"
"201900038768";"2";"10";"2019";"07:35";"2";"94";"94052";"2";"1";"8";"6";"CARNOT (R)";"48,8337700";"2,4816600"
"201900038769";"2";"10";"2019";"12:35";"1";"94";"94046";"2";"1";"1";"3";"MARNE (R DE LA)";"48,8072773";"2,4603231"
"201900038770";"2";"10";"2019";"17:35";"1";"94";"94043";"2";"2";"1";"7";"PROFESSEUR EINSTEIN (R)";"48,8035000";"2,3487000"
"201900038771";"2";"10";"2019";"01:00";"3";"94";"94028";"2";"1";"2";"6";"HALPERN.(AVENUE BERNARD)";"48,7827300";"2,4589500"
"201900038772";"2";"10";"2019";"14:58";"1";"94";"94022";"2";"1";"1";"6";"JEAN JAURES (R)";"48,7655410";"2,4098740"
"201900038773";"2";"10";"2019";"08:20";"1";"94";"94022";"2";"1";"1";"6";"GENERAL LECLERC (AV)";"48,7620000";"2,4060000"
"201900038774";"2";"10";"2019";"17:10";"1";"94";"94055";"2";"1";"1";"2";"PINCE VENT (AV DE)";"48,7888800";"2,5477200"
"201900038775";"2";"10";"2019";"11:00";"1";"94";"94019";"2";"7";"1";"1";"RABELAIS (R)";"48,8029200";"2,5520600"
"201900038776";"1";"10";"2019";"22:55";"5";"94";"94018";"2";"1";"8";"7";"VICTOR HUGO (R)";"48,8187000";"2,4107700"
"201900038777";"2";"10";"2019";"20:25";"5";"94";"94017";"2";"1";"1";"3";"GENERAL DE GAULLE (AV DU)";"48,8240500";"2,4982300"
"201900038778";"1";"10";"2019";"23:20";"5";"94";"94017";"2";"1";"2";"7";"BERNAU (R DE)";"48,8170700";"2,5209600"
"201900038779";"2";"10";"2019";"08:10";"1";"93";"93066";"2";"1";"1";"1";"""STALINGRAD (AVENUE), NR 88 A 114 BIS""";"48,9454000";"2,3635200"
"201900038780";"2";"10";"2019";"06:28";"5";"93";"93066";"2";"4";"2";"3";"LIBERATION RD14 (BOULEVARD)";"48,9296300";"2,3408700"
"201900038781";"2";"10";"2019";"04:40";"5";"93";"93050";"2";"2";"2";"3";"PAUL VAILLANT COUTURIER (RUE)";"48,8682400";"2,5569800"
"201900038782";"30";"9";"2019";"08:10";"1";"93";"93031";"2";"1";"1";"3";"GALLIENI (AVENUE)";"48,9621700";"2,2957600"
"201900038783";"2";"10";"2019";"13:05";"1";"93";"93029";"2";"1";"1";"6";"ARGONNE (DE L')";"48,9178200";"2,4678900"
"201900038784";"2";"10";"2019";"09:20";"1";"93";"93008";"2";"3";"1";"6";"QUENEAU (RUE RAYMOND)";"48,8956800";"2,4257800"
"201900038785";"2";"10";"2019";"18:39";"1";"93";"93001";"2";"9";"1";"3";"ALFRED JARRY (RUE)";"48,9221400";"2,3995700"
"201900038786";"2";"10";"2019";"19:57";"5";"92";"92075";"2";"1";"1";"6";"FRERES VIGOUROUX (RUE DES)";"48,8142800";"2,2781600"
"201900038787";"30";"9";"2019";"18:40";"1";"92";"92076";"2";"1";"1";"3";"JARDY";"48,8306009";"2,1520434"
"201900038788";"2";"10";"2019";"15:50";"1";"92";"92019";"2";"1";"1";"3";"DIVISION LECLERC (AVENUE DE LA)";"48,7649487";"2,2642337"
"201900038789";"1";"10";"2019";"23:10";"5";"92";"92012";"2";"2";"2";"6";"POINT DU JOUR (QUAI DU)";"48,8283700";"2,2538200"
"201900038790";"1";"10";"2019";"22:55";"5";"92";"92012";"2";"9";"8";"3";"DANJOU (RUE) 17/FIN - 20/FIN";"48,8321900";"2,2487900"
"201900038791";"2";"10";"2019";"21:00";"3";"92";"92007";"2";"2";"1";"3";"HUGO (AVENUE VICTOR)";"48,8049560";"2,3226290"
"201900038792";"27";"6";"2019";"21:30";"1";"91";"91235";"2";"7";"7";"3";"1 Place du 8 Mai 1945";"48,6392760";"2,3618950"
"201900038793";"3";"10";"2019";"05:30";"5";"6";"06161";"2";"1";"1";"7";"Route du Bord de Mer";"43,6342394";"7,1387698"
"201900038794";"3";"10";"2019";"09:15";"1";"13";"13078";"2";"1";"1";"6";"Quai Bonnardel";"43,3835400";"4,8075070"
"201900038795";"30";"9";"2019";"08:35";"1";"1";"01071";"2";"3";"1";"6";"Rue du  Jura";"46,3187500";"6,0752190"
"201900038796";"2";"10";"2019";"16:20";"1";"974";"97410";"2";"1";"1";"1";"23 Che Tourris (ste Anne)";" -21,0648480";"55,7323010"
"201900038797";"2";"10";"2019";"19:45";"5";"83";"83019";"2";"1";"1";"1";"Route de Benat";"43,1351760";"6,3512940"
"201900038798";"30";"9";"2019";"13:45";"1";"57";"57038";"1";"1";"2";"6";"D16";"49,4437480";"5,9504790"
"201900038799";"30";"8";"2019";"18:00";"1";"56";"56113";"2";"2";"1";"3";"Rue des Hortensias";"48,0701370";" -3,1969800"
"201900038800";"28";"9";"2019";"15:50";"1";"33";"33236";"2";"1";"1";"6";"2 route de Bordeaux";"44,7278900";" -1,1977800"
"201900038801";"30";"9";"2019";"07:00";"2";"46";"46151";"1";"2";"1";"3";"Les Moulins de Lamothe";"44,6180400";"1,4925560"
"201900038802";"28";"9";"2019";"16:30";"1";"29";"29212";"2";"1";"1";"1";"D12";"48,3770120";" -4,5977900"
"201900038803";"2";"10";"2019";"06:45";"2";"3";"03015";"2";"2";"2";"3";"route du Bourbonnais";"46,6563110";"3,2075576"
"201900038804";"2";"10";"2019";"20:10";"3";"66";"66178";"1";"6";"1";"6";"d900";"42,5256900";"2,8061400"
"201900038805";"24";"9";"2019";"08:00";"2";"43";"43185";"1";"1";"8";"1";"D76";"45,4157440";"3,2967220"
"201900038806";"2";"10";"2019";"21:00";"3";"16";"16347";"1";"1";"1";"1";"Fontaine de lauriou";"45,2688380";"0,1597630"
"201900038807";"2";"10";"2019";"14:25";"1";"7";"07349";"2";"3";"1";"6";"Rue Ventadour";"44,8042590";"4,7805990"
"201900038808";"2";"10";"2019";"21:20";"3";"24";"24324";"1";"1";"1";"7";"route de Peyrignac";"45,1436140";"1,1972070"
"201900038809";"25";"9";"2019";"10:50";"1";"17";"17299";"2";"1";"3";"1";"Rue Jean-René Quoy";"45,9449210";" -0,9633380"
"201900038810";"2";"10";"2019";"19:45";"3";"30";"30062";"1";"1";"1";"5";"D1";"43,7751100";"4,1980000"
"201900038811";"6";"7";"2019";"08:40";"1";"987";"98752";"2";"1";"2";"5";"PK 52 - Route Territoriale 1";" -17,7220550";" -149,4046530"
"201900038812";"7";"6";"2019";"23:40";"5";"987";"98734";"1";"1";"1";"7";"PK 41";" -17,7233790";" -149,5057300"
"201900038813";"2";"10";"2019";"14:30";"1";"13";"13007";"1";"1";"1";"3";"A520 PK002.940 sens AUBAGNE-AURIOL";"43,3631937";"5,6348997"
"201900038814";"2";"10";"2019";"20:25";"5";"37";"37022";"2";"1";"1";"1";"Rue de la Croix Danzay";"47,1924250";"0,1831100"
"201900038815";"2";"10";"2019";"16:00";"1";"34";"34272";"1";"3";"1";"3";"Avenue de Lunel";"43,6632080";"4,1186920"
"201900038816";"3";"10";"2019";"10:00";"1";"34";"34327";"1";"3";"1";"3";"Avenue de Nîmes";"43,6477470";"3,9544170"
"201900038817";"27";"9";"2019";"19:05";"1";"84";"84067";"2";"1";"1";"6";"place de la mairie";"44,0759400";"5,0002300"
"201900038818";"30";"9";"2019";"18:15";"1";"74";"74082";"1";"9";"1";"1";"Route d'Annemasse";"46,1479830";"6,1489260"
"201900038819";"3";"10";"2019";"01:45";"3";"26";"26235";"1";"4";"6";"6";"RD 59";"44,3678230";"4,6623200"
"201900038820";"2";"10";"2019";"09:30";"1";"1";"01336";"1";"1";"2";"1";"Route de Bourbouillon";"46,1674410";"5,1592110"
"201900038821";"2";"10";"2019";"17:20";"1";"69";"69099";"1";"2";"1";"2";"D489";"45,7249800";"4,4047130"
"201900038822";"2";"10";"2019";"21:15";"5";"60";"60065";"2";"9";"1";"1";"Rue du Général de Gaulle";"49,3497730";"2,2229070"
"201900038823";"2";"10";"2019";"07:15";"2";"69";"69029";"1";"1";"2";"2";"A43   0.550 A 3.353";"45,7258500";"4,9202300"
"201900038824";"2";"10";"2019";"19:00";"1";"91";"91377";"1";"9";"1";"7";"BRETELLE A10 / RN20";"48,7273600";"2,3003300"
"201900038825";"2";"10";"2019";"16:15";"1";"91";"91377";"1";"1";"1";"3";"RN20";"48,7302800";"2,3004600"
"201900038826";"2";"10";"2019";"05:35";"3";"91";"91553";"1";"1";"2";"5";"RN 104";"48,6269000";"2,4761000"
"201900038827";"1";"10";"2019";"08:05";"1";"91";"91689";"1";"1";"8";"4";"AUTOROUTE A6";"48,7438000";"2,3229700"
"201900038828";"1";"10";"2019";"21:30";"3";"92";"92036";"1";"1";"2";"6";"A86";"48,9340953";"2,2708282"
"201900038829";"1";"10";"2019";"18:45";"1";"95";"95488";"1";"1";"2";"2";"AUTOROUTE A15";"49,0185700";"2,1406800"
"201900038830";"1";"10";"2019";"18:15";"1";"93";"93027";"1";"1";"2";"6";"AUTOROUTE A86";"48,9286200";"2,4149300"
"201900038831";"1";"10";"2019";"12:05";"1";"95";"95527";"1";"1";"2";"4";"AUTOROUTE A1";"49,0187200";"2,5328500"
"201900038832";"1";"10";"2019";"08:25";"1";"95";"95306";"1";"1";"2";"2";"AUTOROUTE A15";"48,9954800";"2,1824400"
"201900038833";"30";"9";"2019";"19:45";"2";"95";"95582";"1";"1";"1";"2";"AUTOROUTE A15";"48,9699400";"2,2500300"
"201900038834";"2";"10";"2019";"06:30";"3";"77";"77122";"1";"1";"2";"7";"RN104";"48,6468894";"2,5745081"
"201900038835";"1";"10";"2019";"21:10";"3";"94";"94073";"1";"1";"2";"7";"A86 EXT";"48,7594330";"2,3836510"
"201900038836";"30";"9";"2019";"19:40";"2";"95";"95585";"2";"1";"1";"1";"ESCOUVRIER (RUE DE L')";"48,9962450";"2,3899830"
"201900038837";"30";"9";"2019";"17:10";"1";"86";"86194";"2";"1";"1";"2";"TRAIT TABOULEAU (RUE DU)";"46,5960000";"0,3354000"
"201900038838";"11";"4";"2019";"17:30";"1";"54";"54395";"2";"1";"1";"4";"CONCORDE (PONT DE LA)";"48,6906300";"6,2046700"
"201900038839";"13";"4";"2019";"16:20";"1";"54";"54578";"2";"2";"1";"1";"LECLERC (AVENUE DU GENERAL)";"48,6772500";"6,1563900"
"201900038840";"12";"4";"2019";"16:35";"1";"54";"54547";"2";"1";"1";"2";"MIRECOURT (ROUTE DE)";"48,6680700";"6,1908900"
"201900038841";"10";"4";"2019";"17:37";"1";"54";"54184";"2";"1";"1";"2";"BRIGACHTAL (AVENUE DE)";"48,7010600";"6,2249400"
"201900038842";"30";"9";"2019";"07:50";"5";"49";"49007";"2";"1";"2";"7";"DOYENNE BOULEVARD ET PASSAGE";"47,4908100";" -0,5324900"
"201900038843";"1";"10";"2019";"07:10";"5";"45";"45234";"2";"3";"1";"3";"FB BANNIER - R M DUBOIS";"47,9228000";"1,8975000"
"201900038844";"30";"9";"2019";"08:52";"1";"45";"45286";"2";"2";"1";"3";"RUE DE LA CORNAILLERE";"47,8703800";"1,9323200"
"201900038845";"20";"9";"2019";"15:10";"1";"33";"33009";"2";"2";"1";"3";"DUNES (ALL. DES)";"44,6557200";" -1,1756600"
"201900038846";"1";"10";"2019";"07:50";"1";"25";"25056";"2";"1";"1";"6";"FONTAINE ECU RUE DE";"47,2496800";"6,0104200"
"201900038847";"30";"9";"2019";"17:25";"1";"7";"07102";"2";"1";"1";"6";"Bd Dr Henri Jean Arnaud";"44,9338500";"4,8591100"
"201900038848";"1";"10";"2019";"14:20";"1";"94";"94019";"2";"6";"1";"3";"PLESSIS (RTE DU)";"48,8031800";"2,5511500"
"201900038849";"30";"9";"2019";"17:15";"1";"94";"94019";"2";"1";"1";"2";"PONT (R DU)";"48,7950900";"2,5287800"
"201900038850";"8";"8";"2019";"14:00";"1";"92";"92004";"2";"1";"1";"1";"HENRI POINCARE";"48,9325240";"2,2774850"
"201900038851";"29";"9";"2019";"22:30";"3";"95";"95277";"1";"1";"8";"6";"AUTOROUTE A3";"48,9733400";"2,4862700"
"201900038852";"1";"10";"2019";"11:10";"1";"974";"97411";"2";"1";"1";"2";"JAURES (BLD 1 JEAN)";" -20,9018000";"55,4981700"
"201900038853";"1";"10";"2019";"08:10";"1";"974";"97411";"2";"1";"1";"6";"CURE (DE LA)";" -20,8987000";"55,4801000"
"201900038854";"30";"9";"2019";"07:15";"2";"974";"97411";"2";"2";"1";"3";"GAULLE (DU GENERAL DE)";" -20,8856500";"55,4541300"
"201900038855";"1";"10";"2019";"15:20";"1";"974";"97409";"2";"1";"1";"6";"Ravine creuse (chemin)";" -20,9661100";"55,6652800"
"201900038856";"1";"10";"2019";"20:20";"5";"69";"69383";"2";"2";"3";"3";"ALBERT THOMAS                       (CO)";"45,7469700";"4,8671500"
"201900038857";"1";"10";"2019";"18:10";"1";"69";"69387";"2";"1";"3";"7";"FELIX BRUN                          (R )";"45,7379200";"4,8321300"
"201900038858";"1";"10";"2019";"10:10";"1";"69";"69259";"2";"1";"1";"3";"HONORE DE BALZAC                    (R )";"45,7177000";"4,8549200"
"201900038859";"30";"9";"2019";"11:40";"1";"69";"69383";"2";"2";"1";"3";"FELIX FAURE                         (AV)";"45,7536700";"4,8592500"
"201900038860";"30";"9";"2019";"20:00";"5";"972";"97209";"2";"3";"1";"6";"ALLEGRE (BOULEVARD)";"14,6040900";" -61,0735300"
"201900038861";"27";"9";"2019";"12:25";"1";"972";"97209";"1";"1";"1";"2";"AUTOROUTE (A1)";"14,6145500";" -61,0466000"
"201900038862";"1";"10";"2019";"15:15";"1";"69";"69384";"2";"1";"1";"6";"CROIX-ROUSSE (GRANDE RUE DE LA)     (GR)";"45,7760000";"4,8323000"
"201900038863";"1";"10";"2019";"09:27";"1";"69";"69142";"2";"1";"1";"2";"STEPHANE DECHANT                    (R )";"45,7213800";"4,8112900"
"201900038864";"1";"10";"2019";"21:35";"5";"88";"88413";"2";"2";"2";"5";"RUE DES 3 VILLES";"48,2880000";"6,9440000"
"201900038865";"30";"9";"2019";"20:16";"5";"87";"87085";"2";"1";"1";"6";"GOUJAUD (QUAI LOUIS)";"45,8295300";"1,2697500"
"201900038866";"30";"9";"2019";"20:55";"3";"83";"83061";"1";"1";"1";"3";"D8";"43,4265100";"6,7162700"
"201900038867";"28";"9";"2019";"20:15";"2";"78";"78640";"2";"2";"1";"2";"MORANE-SAULNIER (AVENUE)";"48,7819200";"2,2098600"
"201900038868";"1";"10";"2019";"18:47";"1";"78";"78498";"1";"1";"2";"3";"GRES COTE DES";"48,9005700";"2,0025100"
"201900038869";"30";"9";"2019";"18:45";"1";"74";"74012";"2";"1";"1";"2";"RESISTANCE (RUE DE LA)";"46,1966500";"6,2614200"
"201900038870";"30";"9";"2019";"18:01";"1";"71";"71153";"2";"2";"1";"3";"LONGWY (RUE DE)";"46,8073400";"4,4111600"