"Num_Acc";"jour";"mois";"an";"hrmn";"lum";"dep";"com";"agg";"int";"atm";"col";"adr";"lat";"long"
"201900038871";"1";"10";"2019";"08:45";"1";"69";"69266";"2";"5";"1";"6";"CHATEAU GAILLARD     (Rue de)";"45,7803300";"4,8831800"
"201900038872";"1";"10";"2019";"08:10";"1";"69";"69266";"2";"1";"1";"3";"PAUL VERLAINE       (Rue)";"45,7660100";"4,8803000"
"201900038873";"29";"6";"2019";"19:07";"1";"69";"69029";"2";"9";"1";"6";"ROGER SALENGRO                      (R )";"45,7300000";"4,9083200"
"201900038874";"1";"10";"2019";"18:06";"1";"69";"69264";"2";"1";"2";"2";"BARBUSSE HENRI  (boulvard)";"45,9813900";"4,7150700"
"201900038875";"30";"9";"2019";"11:45";"1";"67";"67482";"2";"1";"8";"4";"GENERAL DE GAULLE (ROUTE DU)";"48,5970310";"7,7412520"
"201900038876";"29";"9";"2019";"19:00";"5";"67";"67482";"2";"1";"8";"3";"MARTIN SCHONGAUER (RUE)";"48,5667100";"7,7203700"
"201900038877";"1";"10";"2019";"18:20";"1";"66";"66136";"2";"1";"1";"6";"general Guillot ";"42,6889400";"2,8945400"
"201900038878";"29";"9";"2019";"12:15";"1";"64";"64122";"2";"1";"1";"7";"ESPAGNE (RUE D')";"43,4769400";" -1,5651600"
"201900038879";"18";"9";"2019";"17:30";"1";"62";"62217";"2";"1";"1";"1";"AUCHEL (D')";"50,5011270";"2,4495650"
"201900038880";"30";"9";"2019";"18:30";"2";"60";"60057";"2";"1";"1";"3";"PONTOISE (RUE DE)";"49,4160276";"2,0884754"
"201900038881";"27";"7";"2019";"20:30";"2";"59";"59350";"2";"1";"2";"4";"SOLFERINO RUE N°110 - 206";"50,6318000";"3,0536000"
"201900038882";"23";"9";"2019";"08:20";"1";"59";"59360";"2";"9";"2";"2";"SEQUEDIN ROUTE DE";"50,6149500";"3,0028600"
"201900038883";"7";"9";"2019";"19:50";"2";"59";"59350";"2";"1";"1";"6";"DORMOY MARX AVENUE";"50,6339800";"3,0324700"
"201900038884";"30";"9";"2019";"18:25";"1";"56";"56121";"2";"3";"2";"3";"CHAZELLES ( COURS LOUIS  DE )";"47,7548500";" -3,3633200"
"201900038885";"30";"9";"2019";"07:15";"5";"56";"56098";"2";"1";"1";"2";"Avenue du Gal STOSSKOPF";"47,7503600";" -3,3384200"
"201900038886";"25";"4";"2019";"17:50";"1";"54";"54547";"2";"3";"3";"2";"RD92A";"48,6510700";"6,1456800"
"201900038887";"24";"4";"2019";"09:51";"1";"54";"54304";"2";"1";"1";"2";"ARTOIS (IMPASSE D')";"48,6806200";"6,1471000"
"201900038888";"23";"4";"2019";"20:15";"1";"54";"54395";"2";"3";"1";"3";"TIERCELINS (RUE DES)";"48,6911600";"6,1909400"
"201900038889";"17";"4";"2019";"17:54";"1";"54";"54357";"2";"1";"1";"3";"RD557";"48,7055930";"6,1684020"
"201900038890";"30";"9";"2019";"16:45";"1";"49";"49378";"1";"1";"1";"2";"ROCADE N 347";"47,3045700";" -0,0361500"
"201900038891";"30";"9";"2019";"08:54";"1";"49";"49007";"2";"1";"1";"3";"PASTEUR AVENUE";"47,4740400";" -0,5372700"
"201900038892";"1";"10";"2019";"18:45";"1";"45";"45302";"1";"1";"1";"2";"970100-bretelle de sortie";"47,9489200";"1,8617800"
"201900038893";"1";"10";"2019";"08:10";"1";"44";"44143";"2";"1";"3";"6";"AVENUE MARIE CLAUDE VAILLANT COUTURIER";"47,1773770";" -1,5530690"
"201900038894";"1";"10";"2019";"18:36";"1";"37";"37261";"2";"1";"2";"6";"LECLERC (PLACE DU MARECHAL)";"47,3901582";"0,6928715"
"201900038895";"1";"10";"2019";"16:50";"1";"37";"37122";"2";"1";"2";"3";"VERDUN (RUE DE)";"47,3396200";"0,6645100"
"201900038896";"1";"10";"2019";"16:40";"1";"37";"37261";"2";"1";"1";"6";"MONNET (BOULEVARD)";"47,3757300";"0,6713900"
"201900038897";"1";"10";"2019";"17:10";"1";"35";"35238";"2";"1";"1";"3";"NANTES (DE)";"48,0977800";" -1,6887400"
"201900038898";"30";"9";"2019";"12:45";"1";"35";"35238";"2";"1";"1";"5";"FOUGERES (RUE DE)";"48,1197000";" -1,6664300"
"201900038899";"30";"9";"2019";"17:30";"1";"35";"35115";"2";"6";"8";"3";"SAINT GERMAIN (BOULEVARD DE)";"48,3623800";" -1,2097100"
"201900038900";"29";"9";"2019";"17:00";"1";"33";"33063";"2";"3";"2";"2";"R. Brun / Crs de la Somme";"44,8170150";" -0,5722190"
"201900038901";"30";"9";"2019";"08:39";"1";"33";"33522";"2";"3";"1";"6";"AVE DE THOUARS - Autobus ligne 8- Piétonne traverse des N° impairs vers pairs sans regarder concentrée sur son smartphone";"44,7960600";" -0,5923600"
"201900038902";"27";"9";"2019";"07:45";"2";"33";"33529";"2";"6";"1";"3";"GRAILLY (RUE JEAN DE) DU 31 ET +";"44,6267000";" -1,1415000"
"201900038903";"1";"10";"2019";"10:22";"1";"31";"31555";"2";"1";"1";"6";"AV DE LESPINET";"43,5867600";"1,4628100"
"201900038904";"28";"9";"2019";"05:00";"5";"31";"31555";"2";"1";"1";"6";"AV DES ETATS UNIS";"43,6531000";"1,4242200"
"201900038905";"1";"10";"2019";"07:25";"1";"30";"30189";"2";"2";"1";"3";"PUCCINI (RUE)";"43,8238000";"4,3388000"
"201900038906";"1";"10";"2019";"13:45";"1";"29";"29051";"1";"2";"1";"3";"CORAY ROUTE DE";"48,0049015";" -4,0328378"
"201900038907";"1";"10";"2019";"07:35";"5";"29";"29019";"2";"1";"2";"3";"ECOLE NAVALE  (DE 1 A 103 ET 2 A 82)";"48,3772900";" -4,5266100"
"201900038908";"1";"10";"2019";"07:45";"2";"27";"27375";"2";"1";"2";"4";"CHURCHILL (AVENUE WINSTON)";"49,2289800";"1,1689900"
"201900038909";"27";"9";"2019";"08:25";"1";"22";"22187";"2";"2";"1";"3";"LEQUIER (Rue Jules)";"48,5427606";" -2,7824240"
"201900038910";"1";"10";"2019";"16:05";"1";"17";"17449";"2";"3";"2";"3";"RD 739 (ROUTE DE LUSSANT)";"45,9553210";" -0,8669920"
"201900038911";"1";"10";"2019";"21:50";"5";"14";"14437";"1";"1";"2";"6";"COULOMB (RUE CHARLES DE)";"49,1639947";" -0,3078617"
"201900038912";"1";"10";"2019";"19:15";"2";"13";"13211";"2";"1";"1";"1";"SAINT MENET (AVENUE DE)";"43,2874300";"5,5099400"
"201900038913";"1";"10";"2019";"19:30";"1";"13";"13213";"2";"1";"1";"3";"JEAN PAUL SARTRE (AVENUE)";"43,3287500";"5,4300800"
"201900038914";"1";"10";"2019";"10:15";"1";"13";"13215";"2";"1";"1";"5";"MADRAGUE VILLE (chemin de la)";"43,3411000";"5,3521000"
"201900038915";"1";"10";"2019";"10:30";"1";"13";"13209";"2";"1";"1";"3";"MARÉCHAL DE LATTRE (AVENUE)";"43,2448370";"5,4256174"
"201900038916";"1";"10";"2019";"09:00";"1";"13";"13212";"2";"1";"1";"2";"HUGUES (BOULEVARD)";"43,3019030";"5,4214690"
"201900038917";"1";"10";"2019";"14:46";"1";"10";"10333";"2";"1";"3";"2";"AUXERRE (ROUTE)";"48,2794400";"4,0678300"
"201900038918";"30";"9";"2019";"07:10";"1";"6";"06012";"2";"3";"1";"3";"PRINCE RAINIER III (AVENUE)";"43,7446000";"7,4223000"
"201900038919";"17";"1";"2019";"09:39";"1";"93";"93027";"2";"1";"1";"6";"QUINET (RUE EDGAR)";"48,9297400";"2,3957900"
"201900038920";"17";"1";"2019";"13:15";"1";"93";"93008";"2";"1";"1";"5";"DEVIATION (RUE DE LA)";"48,9040000";"2,4360000"
"201900038921";"19";"1";"2019";"09:05";"2";"93";"93007";"2";"1";"7";"6";"DIVISION LECLERC (AVENUE)";"48,9450620";"2,4623150"
"201900038922";"18";"1";"2019";"14:10";"1";"93";"93007";"2";"9";"1";"3";"""REPUBLIQUE (AVENUE DE LA """"COTE PAIRS""""";"48,9000000";"2,4000000"
"201900038923";"17";"1";"2019";"14:50";"1";"93";"93007";"2";"1";"2";"4";"GAMBETTA (AVENUE)";"48,9355724";"2,4769583"
"201900038924";"18";"1";"2019";"16:00";"1";"93";"93001";"2";"1";"1";"3";"HAIE COQ (RUE DE LA ) => 91/92";"48,9039660";"2,3722300"
"201900038925";"18";"1";"2019";"12:05";"1";"93";"93001";"2";"1";"7";"6";"HENRI BARBUSSE (RUE)  111 =>";"48,9088100";"2,3905800"
"201900038926";"15";"1";"2019";"17:00";"1";"92";"92063";"2";"3";"1";"3";"HOUTRAITS (RUE DES)";"48,8654500";"2,2073100"
"201900038927";"20";"1";"2019";"02:50";"5";"92";"92062";"2";"1";"8";"6";"GENERAL DE GAULLE (AV) DU 44 AU 106";"48,8882800";"2,2342600"
"201900038928";"18";"1";"2019";"15:50";"1";"92";"92050";"2";"1";"1";"3";"PICASSO PABLO AVENUE";"48,8902600";"2,2176600"
"201900038929";"19";"1";"2019";"19:40";"2";"92";"92040";"2";"1";"1";"1";"VICTOR CRESSON (AVENUE) DU 29 AU 77";"48,8218430";"2,2643670"
"201900038930";"16";"1";"2019";"19:05";"5";"92";"92040";"2";"2";"1";"3";"VOLTAIRE";"48,8269500";"2,2792300"
"201900038931";"17";"1";"2019";"08:45";"1";"92";"92040";"2";"1";"8";"6";"GABRIEL PERI";"48,8199640";"2,2744810"
"201900038932";"18";"1";"2019";"10:25";"1";"92";"92035";"2";"2";"1";"3";"République ( boulevard de la )";"48,9069975";"2,2435524"
"201900038933";"18";"1";"2019";"16:25";"1";"92";"92026";"2";"2";"1";"6";" BEZONS (DE 23 A FIN)";"48,8950000";"2,2502400"
"201900038934";"17";"1";"2019";"09:50";"1";"92";"92026";"2";"1";"1";"6";"BAUDIN";"48,8960940";"2,2513810"
"201900038935";"13";"1";"2019";"01:00";"5";"92";"92026";"2";"2";"2";"6";"MARCEAU";"48,8996700";"2,2456500"
"201900038936";"17";"1";"2019";"12:05";"1";"92";"92012";"2";"1";"1";"2";"ANDRE MORIZET (AVENUE) 1/47 - 2/52";"48,8350770";"2,2411765"
"201900038937";"17";"1";"2019";"10:20";"1";"92";"92012";"2";"2";"1";"3";"REPUBLIQUE (BOULEVARD DE LA) 5/77BIS - 6";"48,8320700";"2,2530400"
"201900038938";"16";"1";"2019";"14:45";"1";"12";"12300";"2";"1";"1";"6";"Place Fontanges";"44,3568800";"2,0291080"
"201900038939";"18";"1";"2019";"12:45";"1";"47";"47324";"1";"1";"1";"1";"bagatelle";"44,6389970";"0,7615005"
"201900038940";"18";"1";"2019";"03:00";"3";"14";"14502";"2";"1";"1";"6";"12 LIEU-DIT LE MESNIL JAQUET";"48,8806129";" -0,3218085"
"201900038941";"19";"1";"2019";"02:10";"3";"51";"51277";"1";"9";"1";"7";"RD 57";"48,6204567";"4,7733725"
"201900038942";"19";"1";"2019";"03:40";"3";"62";"62053";"1";"1";"1";"6";"D 157";"50,5661590";"2,1328780"
"201900038943";"19";"1";"2019";"06:00";"3";"91";"91016";"1";"9";"9";"6";"RN 20";"48,3225370";"2,0123480"
"201900038944";"17";"1";"2019";"16:30";"1";"84";"84142";"1";"6";"1";"3";"D938";"43,9574820";"5,0284790"
"201900038945";"17";"1";"2019";"17:05";"5";"57";"57650";"2";"1";"2";"6";"34 quai des Ducs de Lorraine";"49,4421760";"6,3591010"
"201900038946";"16";"1";"2019";"20:15";"5";"6";"06161";"2";"1";"1";"2";"1966 route départementale 6007";"43,6427250";"7,1330750"
"201900038947";"21";"1";"2019";"02:30";"3";"41";"41055";"1";"1";"1";"6";"D135";"47,5450730";"1,2412200"
"201900038948";"17";"1";"2019";"15:50";"1";"54";"54135";"1";"1";"4";"7";"Autouroute 31";"48,5041960";"5,9111310"
"201900038949";"21";"1";"2019";"07:50";"2";"68";"68175";"2";"1";"1";"2";"3 Rue de l'Europe";"48,1466540";"7,1874430"
"201900038950";"16";"1";"2019";"16:30";"1";"10";"10066";"1";"1";"1";"7";"D34";"48,2570000";"3,8696800"
"201900038951";"16";"1";"2019";"08:22";"1";"28";"28398";"1";"2";"1";"3";"Intersection D921 et D31";"48,1706240";"1,1087850"
"201900038952";"16";"1";"2019";"17:00";"1";"974";"97412";"2";"3";"1";"3";"intersection RN2 / rue des capelles";" -21,3810330";"55,6485940"
"201900038953";"19";"1";"2019";"16:00";"1";"972";"97216";"1";"1";"1";"1";"Axe D15 - fleury";"14,8053270";" -61,0353930"
"201900038954";"19";"1";"2019";"01:45";"5";"972";"97214";"1";"1";"1";"7";"Route de Fond Cani Morne Capot";"14,8207370";" -61,0867970"
"201900038955";"20";"1";"2019";"10:05";"1";"62";"62621";"2";"1";"1";"3";"rue de la Liette";"50,8885970";"2,0435320"
"201900038956";"18";"1";"2019";"18:30";"3";"11";"11132";"1";"1";"1";"7";"RD 611";"43,1148900";"2,7065120"
"201900038957";"18";"1";"2019";"19:00";"5";"57";"57690";"2";"1";"1";"6";"rue du wenheck";"49,0940490";"6,7169130"
"201900038958";"18";"1";"2019";"08:30";"1";"62";"62736";"2";"1";"1";"6";"rue de la lys";"50,6566880";"2,7676220"
"201900038959";"18";"1";"2019";"21:15";"3";"67";"67181";"2";"1";"1";"6";"41 route d'Osthoffen";"48,6011110";"7,5713750"
"201900038960";"18";"1";"2019";"16:30";"1";"1";"01419";"2";"3";"1";"7";"rue du creux";"46,2296250";"5,9853750"
"201900038961";"18";"1";"2019";"08:30";"1";"1";"01354";"2";"3";"9";"7";"10 parc du bugnon";"46,2494670";"6,0376740"
"201900038962";"18";"1";"2019";"18:10";"3";"35";"35083";"1";"1";"1";"6";"A 84";"48,4449980";" -1,3243380"
"201900038963";"17";"1";"2019";"02:40";"3";"22";"22180";"1";"1";"2";"6";"RN 176 - PR 27+100";"48,4254947";" -2,2422023"
"201900038964";"18";"1";"2019";"09:20";"1";"42";"42003";"1";"2";"1";"3";"route de renaison";"46,1059440";"3,9041710"
"201900038965";"20";"1";"2019";"09:30";"1";"974";"97414";"2";"1";"1";"6";"Rue Leconte Delisle";" -21,2718580";"55,4144660"
"201900038966";"19";"1";"2019";"06:00";"1";"974";"97414";"2";"1";"1";"6";"215 rue hubert de lisle";" -21,2652000";"55,4517520"
"201900038967";"16";"1";"2019";"12:10";"2";"51";"51326";"2";"3";"1";"2";"RD 21";"49,1084162";"4,3561242"
"201900038968";"21";"1";"2019";"07:20";"2";"26";"26002";"1";"6";"8";"3";"rond point RD route des platanes";"45,2658760";"4,8304590"
"201900038969";"19";"1";"2019";"17:30";"1";"42";"42085";"1";"1";"1";"7";"lieu dit grosmont";"45,4218250";"4,5879520"
"201900038970";"18";"1";"2019";"14:30";"1";"83";"83019";"1";"1";"1";"1";"Route du Dom";"43,1986310";"6,3927070"
"201900038971";"19";"1";"2019";"15:15";"1";"978";"97801";"2";"1";"1";"1";"Rue de hollande";"18,0679940";" -63,0835150"
"201900038972";"19";"1";"2019";"05:45";"3";"34";"34123";"1";"1";"1";"6";"Route nationale 109 - PK 09 + 000";"43,6290960";"3,7797390"
"201900038973";"17";"1";"2019";"15:15";"1";"87";"87003";"1";"1";"1";"7";"A20, PR131+921, sens sud/nord";"46,2642270";"1,3969040"
"201900038974";"19";"1";"2019";"11:15";"1";"22";"22193";"1";"3";"7";"3";"D44 près lieu dit le rocher";"48,3884610";" -2,4470690"
"201900038975";"20";"1";"2019";"21:37";"3";"87";"87201";"1";"1";"2";"6";"Route du vignoble - D47";"45,8394100";"1,1207760"
"201900038976";"20";"1";"2019";"19:25";"5";"87";"87001";"2";"1";"2";"1";"43 RUE JEAN REBIER";"45,8019810";"1,1505550"
"201900038977";"20";"1";"2019";"14:15";"1";"83";"83130";"2";"1";"1";"1";"avenue de l'arlésienne juste aprés le rond point du grand galop";"43,2031280";"6,0504430"
"201900038978";"21";"1";"2019";"10:00";"1";"44";"44133";"1";"1";"1";"1";"RD 751 PR 026.300";"47,1335234";" -1,7958947"
"201900038979";"20";"1";"2019";"00:40";"3";"77";"77402";"1";"1";"3";"6";"D42";"48,8296200";"3,3709200"
"201900038980";"20";"1";"2019";"13:00";"1";"57";"57540";"2";"1";"4";"7";"rue des calvaires";"48,7467948";"7,2540021"
"201900038981";"18";"1";"2019";"19:20";"5";"91";"91560";"2";"1";"1";"6";"parking";"48,6766140";"2,1700430"
"201900038982";"14";"1";"2019";"19:00";"3";"19";"19278";"1";"1";"1";"5";"Les bos plas";"45,2101510";"1,4325440"
"201900038983";"18";"1";"2019";"08:15";"2";"56";"56179";"1";"2";"1";"3";"Sapin en Gam";"47,8516500";" -3,4127560"
"201900038984";"17";"1";"2019";"19:30";"5";"56";"56090";"2";"1";"1";"6";"quartier Julien LEGRAND";"47,8263630";" -3,2484480"
"201900038985";"18";"1";"2019";"08:45";"2";"76";"76719";"1";"1";"1";"1";"rue André Fiquet RD 150";"49,7449460";"0,4831870"
"201900038986";"19";"1";"2019";"19:00";"3";"79";"79016";"2";"4";"2";"7";"16 rue georges vouilloux";"46,7912220";" -0,0603800"
"201900038987";"19";"1";"2019";"11:00";"1";"79";"79079";"2";"3";"1";"2";"rue de la poterie";"46,9248110";" -0,7405650"
"201900038988";"17";"1";"2019";"21:45";"3";"80";"80486";"1";"9";"1";"3";"Cd 32";"50,0513080";"1,9862260"
"201900038989";"18";"1";"2019";"15:15";"1";"80";"80082";"1";"1";"1";"1";"RD 1001";"49,9798610";"2,1331940"
"201900038990";"20";"1";"2019";"15:00";"1";"82";"82013";"1";"1";"1";"6";"D3";"43,8712700";"1,0163580"
"201900038991";"18";"1";"2019";"17:15";"5";"69";"69293";"2";"1";"1";"3";"route de Saint-Trivier";"45,8433700";"4,8773100"
"201900038992";"18";"1";"2019";"16:30";"1";"11";"11170";"2";"9";"7";"6";"20 B avenue de Narbonne";"43,1077550";"3,0889480"
"201900038993";"20";"1";"2019";"19:45";"3";"89";"89456";"1";"1";"1";"2";"D606";"48,3024728";"3,1821297"
"201900038994";"18";"1";"2019";"10:00";"1";"89";"89074";"1";"1";"1";"3";"D 606";"48,3093880";"3,1620120"
"201900038995";"18";"1";"2019";"14:00";"1";"89";"89010";"2";"1";"7";"6";"lieu dit moutot route de noyers";"47,7210870";"3,9677210"
"201900038996";"4";"1";"2019";"16:15";"1";"89";"89402";"1";"9";"1";"1";"route de flogny";"48,0042392";"3,8381085"
"201900038997";"19";"1";"2019";"21:40";"4";"89";"89328";"2";"1";"8";"6";"RUE D'HERY";"47,8992440";"3,6637720"
"201900038998";"16";"1";"2019";"15:00";"1";"63";"63295";"1";"2";"1";"4";"Jussat";"45,9969160";"3,3562290"
"201900038999";"20";"1";"2019";"20:15";"5";"61";"61147";"2";"1";"1";"6";"15 rue des tuileries - RD 10 - dorceau";"48,4236560";"0,8019630"
"201900039000";"20";"1";"2019";"03:30";"3";"61";"61042";"2";"1";"1";"6";"LD la Courougère";"48,4221760";"0,7663930"
"201900039001";"16";"1";"2019";"16:25";"1";"55";"55502";"2";"6";"8";"7";"rond-point de la bécasse";"49,4892600";"5,1842520"
"201900039002";"18";"1";"2019";"13:55";"1";"49";"49330";"1";"2";"1";"6";"Lieu Dit BEAU SOLEIL";"47,6313730";" -0,6262680"
"201900039003";"20";"1";"2019";"15:10";"1";"49";"49215";"1";"2";"1";"6";"Route Départementale 347 - PR 08+094";"47,1463430";" -0,1513230"
"201900039004";"18";"1";"2019";"07:40";"2";"49";"49125";"1";"1";"1";"1";"lieu-dit la lune de vaillé";"47,1616100";" -0,3978400"
"201900039005";"17";"1";"2019";"14:05";"1";"46";"46029";"2";"2";"2";"3";"Avenue de la République";"44,9319130";"1,8487310"
"201900039006";"19";"1";"2019";"16:07";"1";"34";"34284";"1";"1";"1";"6";"Route de Narbonne - RD907 PR35";"43,4684980";"2,7658340"
"201900039007";"19";"1";"2019";"17:15";"1";"34";"34224";"2";"5";"1";"3";"route des muriers";"43,4528260";"3,2337750"
"201900039008";"20";"1";"2019";"00:35";"3";"68";"68062";"1";"1";"1";"3";"D419 PK 16+300";"47,6292380";"7,2114700"
"201900039009";"20";"1";"2019";"21:40";"3";"68";"68134";"1";"1";"9";"6";"D83";"48,0279470";"7,3135410"
"201900039010";"29";"1";"2019";"16:45";"1";"22";"22219";"1";"9";"1";"3";"Catémoin";"48,2790052";" -2,6922365"
"201900039011";"17";"1";"2019";"11:50";"1";"39";"39475";"2";"1";"1";"6";"N/A";"46,4374600";"5,3428270"
"201900039012";"18";"1";"2019";"17:40";"2";"44";"44072";"1";"1";"8";"7";"rue du four - lieu-dit Langatre";"47,4607000";" -2,2790800"
"201900039013";"19";"1";"2019";"18:10";"4";"44";"44043";"2";"4";"1";"3";"rue docteur boutin";"47,0925760";" -1,2809010"
"201900039014";"19";"1";"2019";"18:40";"3";"44";"44028";"1";"1";"1";"3";"La Robinière";"47,3336500";" -1,3656170"
"201900039015";"17";"1";"2019";"22:20";"3";"35";"35006";"1";"1";"1";"6";"lieu dit le bois de cherbault";"48,0358400";" -1,2010700"
"201900039016";"19";"1";"2019";"11:30";"1";"29";"29061";"2";"3";"1";"3";"rue du pont d'argent";"48,4545310";" -4,4648590"
"201900039017";"18";"1";"2019";"18:00";"3";"29";"29218";"1";"3";"8";"7";"lieu-dit Lochrist";"48,0528278";" -4,4674407"
"201900039018";"17";"1";"2019";"16:30";"1";"38";"38463";"1";"1";"8";"6";"d 71K";"45,1800660";"5,3171430"
"201900039019";"17";"1";"2019";"19:45";"3";"38";"38334";"1";"1";"2";"5";"Route de Revel";"45,1877550";"5,8648430"
"201900039020";"19";"1";"2019";"08:45";"1";"2";"02468";"1";"1";"1";"1";"d946 PK 40+900";"49,7289380";"3,7965260"
"201900039021";"19";"1";"2019";"16:20";"1";"3";"03022";"1";"1";"2";"7";"La Charrière";"46,1975831";"3,0618710"
"201900039022";"17";"1";"2019";"07:30";"3";"3";"03093";"1";"3";"2";"1";"N/A";"46,1896870";"3,4520144"
"201900039023";"18";"1";"2019";"15:50";"1";"3";"03314";"2";"3";"1";"2";"7 route de Néris";"46,2673870";"2,6403257"
"201900039024";"18";"1";"2019";"18:25";"3";"70";"70157";"1";"1";"1";"6";"d4";"47,6710790";"6,6272930"
"201900039025";"19";"1";"2019";"14:50";"1";"26";"26330";"1";"1";"1";"6";"220 route des bois";"45,2771490";"4,9804910"
"201900039026";"18";"1";"2019";"11:30";"1";"66";"66003";"2";"1";"1";"1";"13 avenue beausoleil";"42,4779470";"2,6737320"
"201900039027";"17";"1";"2019";"11:40";"1";"72";"72138";"2";"1";"8";"7";"rue de l'abbé lelièvre";"48,2853220";"0,0230680"
"201900039028";"19";"1";"2019";"11:15";"1";"72";"72316";"1";"1";"2";"7";"D2, Le magasin";"48,3228010";"0,3905530"
"201900039029";"18";"1";"2019";"09:17";"1";"14";"14203";"1";"1";"1";"6";"N/A";"49,2343480";" -0,0622480"
"201900039030";"18";"1";"2019";"19:05";"3";"50";"50109";"1";"1";"2";"1";"CD 35";"48,9112400";" -1,4384930"
"201900039031";"17";"1";"2019";"20:10";"3";"50";"50270";"1";"1";"1";"2";"Chemin départemental 2 - Lieu-dit Les Fontaines";"49,4850690";" -1,4707410"
"201900039032";"21";"1";"2019";"07:00";"2";"64";"64546";"1";"1";"8";"6";"D123, ";"43,4827880";" -1,2849960"
"201900039033";"19";"1";"2019";"08:30";"1";"18";"18140";"1";"1";"9";"4";"A 20 PK 15+240";"47,1371980";"1,9583920"
"201900039034";"16";"1";"2019";"18:30";"5";"43";"43229";"1";"2";"1";"3";"Intersection RD 590 et RD 112 - Lieu dit Grazac";"45,0577033";"3,7911774"
"201900039035";"18";"1";"2019";"12:40";"1";"10";"10034";"1";"4";"8";"1";"rd 443";"48,1225610";"4,3826840"
"201900039036";"8";"1";"2019";"01:29";"3";"16";"16002";"1";"1";"1";"6";"Les Adjots";"46,0657940";"0,1993610"
"201900039037";"17";"1";"2019";"09:55";"1";"16";"16260";"1";"1";"1";"1";"Chez James";"45,3113641";"0,2032844"
"201900039038";"18";"1";"2019";"22:50";"5";"7";"07010";"2";"7";"1";"2";"rue saint prix barou";"45,2430850";"4,6651800"
"201900039039";"19";"1";"2019";"21:55";"3";"7";"07288";"1";"1";"1";"1";"RD 507";"44,7176150";"4,5681170"
"201900039040";"19";"1";"2019";"06:45";"3";"21";"21435";"1";"1";"1";"6";"RD971";"47,8808150";"4,5652090"
"201900039041";"18";"1";"2019";"21:30";"3";"24";"24304";"1";"1";"1";"2";"la verdale";"45,4066000";"0,9411800"
"201900039042";"17";"1";"2019";"16:55";"1";"85";"85179";"1";"1";"1";"4";"La Petite Bataillère";"46,4787500";" -1,5385600"
"201900039043";"20";"1";"2019";"15:30";"1";"27";"27218";"1";"1";"1";"6";"D27";"49,2741300";"0,4419400"
"201900039044";"14";"1";"2019";"12:30";"1";"27";"27057";"1";"2";"8";"3";"D613";"49,0758850";"1,0051970"
"201900039045";"14";"1";"2019";"07:45";"3";"27";"27214";"1";"1";"1";"6";"D153";"49,3120300";"1,4430500"
"201900039046";"21";"1";"2019";"15:50";"1";"28";"28032";"1";"2";"1";"3";"D114.12 - D336";"48,2997560";"1,6358230"
"201900039047";"18";"1";"2019";"20:50";"3";"28";"28140";"1";"1";"9";"1";"D28";"48,5815450";"1,6779100"
"201900039048";"17";"1";"2019";"19:00";"3";"17";"17218";"1";"3";"1";"3";"RD 137";"46,3326020";" -0,9965160"
"201900039049";"16";"1";"2019";"13:30";"1";"30";"30012";"1";"1";"1";"6";"D2";"43,9238894";"4,7341162"
"201900039050";"16";"1";"2019";"16:00";"1";"987";"98734";"1";"3";"1";"2";"PK 29.800, RT01";" -17,7212520";" -149,4966380"
"201900039051";"18";"1";"2019";"19:43";"5";"95";"95394";"2";"1";"9";"6";"Route de pontoise";"49,0593550";"2,1656050"
"201900039052";"18";"1";"2019";"08:10";"2";"95";"95394";"2";"1";"9";"2";"31-39 route de pontoise";"49,0595850";"2,1664300"
"201900039053";"18";"1";"2019";"11:45";"1";"31";"31483";"1";"1";"1";"2";"Autoroute A64, PK 201+300, sens Toulouse Bayonne";"43,1245740";"0,7250370"
"201900039054";"16";"1";"2019";"07:30";"2";"31";"31433";"2";"1";"1";"3";"Bretelle d'accès A64 / D820 sens FOIX - TOULOUSE";"43,5322900";"1,3886410"
"201900039055";"21";"1";"2019";"11:00";"1";"77";"77480";"1";"1";"1";"2";"Autoroute A5 Troyes Paris";"48,4471730";"2,9019640"
"201900039056";"15";"1";"2019";"17:55";"5";"13";"13051";"2";"1";"1";"6";"Avenue du maréchal Leclerc";"43,5943750";"5,1275330"
"201900039057";"18";"1";"2019";"05:35";"5";"1";"01306";"2";"6";"2";"3";"RD933";"46,2625760";"4,8868010"
"201900039058";"17";"1";"2019";"07:14";"1";"973";"97309";"2";"3";"1";"3";"RD24";"4,8910864";" -52,2884846"
"201900039059";"16";"1";"2019";"08:42";"1";"74";"74268";"2";"6";"1";"6";"Avenue Champ Fleuri";"45,8884370";"6,1003500"
"201900039060";"18";"1";"2019";"14:30";"1";"67";"67115";"1";"1";"1";"7";"A35 PR 434.500, en direction de STRASBOURG";"48,3188685";"7,4845686"