"Num_Acc";"jour";"mois";"an";"hrmn";"lum";"dep";"com";"agg";"int";"atm";"col";"adr";"lat";"long"
"201900039061";"19";"1";"2019";"15:10";"1";"44";"44003";"1";"1";"4";"2";"PK 314.000 - Sens Nantes/Angers";"47,4043437";" -1,1807250"
"201900039062";"20";"1";"2019";"18:15";"3";"38";"38253";"1";"1";"1";"1";"Entre le virage 4 et 5, pk 5.8";"45,0308530";"6,1217310"
"201900039063";"21";"1";"2019";"11:35";"1";"63";"63164";"1";"1";"2";"2";"Bretelle A71 A89 Paris-Lyon";"45,8054810";"3,1580970"
"201900039064";"20";"1";"2019";"16:23";"1";"18";"18212";"1";"1";"2";"6";"A71 PK 229.100";"46,8907961";"2,4183893"
"201900039065";"19";"1";"2019";"09:03";"1";"18";"18141";"1";"1";"9";"6";"A71 PK197";"47,1378200";"2,1870300"
"201900039066";"18";"1";"2019";"14:35";"1";"53";"53116";"1";"1";"1";"1";"Route nationale 12 PK 026+230";"48,3617850";" -0,4480020"
"201900039067";"19";"1";"2019";"12:10";"1";"976";"97603";"1";"1";"1";"5";"RN3 Sakouli";" -12,8911940";"45,2090320"
"201900039068";"19";"1";"2019";"08:34";"2";"28";"28051";"1";"9";"2";"3";"RD.28.1";"48,1944200";"1,3915000"
"201900039069";"20";"1";"2019";"00:50";"5";"34";"34095";"1";"1";"2";"2";"A 9 aire de repos de Fabrègues sud";"43,5424790";"3,7893000"
"201900039070";"18";"1";"2019";"18:33";"3";"73";"73065";"1";"1";"1";"4";"A41 PK 89+630";"45,6108579";"5,8940355"
"201900039071";"14";"1";"2019";"14:30";"1";"27";"27517";"1";"1";"1";"2";"Autoroute A 13 PK 82.000";"49,1411320";"1,3050530"
"201900039072";"20";"1";"2019";"00:45";"3";"988";"98809";"1";"1";"1";"6";"Route Municipale 14";" -22,6571600";"167,5121490"
"201900039073";"19";"1";"2019";"22:00";"3";"988";"98804";"1";"3";"1";"7";"RPN3/CR22 - Tribu de Nonhoué";" -21,5130600";"165,9407700"
"201900039074";"18";"1";"2019";"13:30";"1";"988";"98802";"1";"1";"1";"7";"RT 1 PK 86+750";" -21,8601400";"165,9778000"
"201900039075";"17";"1";"2019";"19:30";"5";"974";"97419";"2";"1";"1";"3";"315 Route nationale 2";" -21,1359640";"55,8062960"
"201900039076";"18";"1";"2019";"16:40";"1";"974";"97402";"2";"3";"1";"1";"d48-1";" -20,9812370";"55,6441340"
"201900039077";"20";"1";"2019";"19:50";"3";"974";"97418";"2";"1";"1";"6";"rue du Général de Gaulle";" -20,8975590";"55,5659150"
"201900039078";"14";"1";"2019";"09:00";"1";"974";"97418";"1";"1";"1";"6";"Rue Hélène Boucher";" -20,8958800";"55,5165750"
"201900039079";"17";"1";"2019";"17:00";"1";"971";"97128";"2";"1";"1";"6";"boulevard Ibene";"16,2245090";" -61,3795040"
"201900039080";"18";"1";"2019";"06:00";"3";"971";"97128";"2";"1";"1";"6";"rue des Bougainvilliers Morne Valette";"16,2319170";" -61,3845330"
"201900039081";"19";"1";"2019";"18:45";"3";"977";"97701";"2";"1";"1";"6";"D 210";"43,8340990";"5,9766350"
"201900039082";"19";"1";"2019";"18:00";"3";"977";"97701";"1";"1";"1";"6";"route 211, lieu-dit Toiny";"17,9000120";" -62,7984580"
"201900039083";"19";"1";"2019";"02:45";"5";"971";"97106";"1";"1";"1";"1";"RN 2 COREIL";"16,1438280";" -61,7540760"
"201900039084";"11";"1";"2019";"13:45";"1";"971";"97124";"1";"1";"1";"2";"Route de Bologne, R.D. 26";"16,0137090";" -61,7200870"
"201900039085";"16";"1";"2019";"11:45";"1";"37";"37072";"1";"6";"1";"3";"Giratoire entre la RD16 et la RD751";"47,1852874";"0,2504382"
"201900039086";"19";"1";"2019";"09:13";"1";"77";"77508";"1";"6";"1";"3";"RD 231/ RD 21";"48,8188110";"2,8180220"
"201900039087";"18";"1";"2019";"08:51";"2";"77";"77057";"1";"1";"1";"1";"D407";"48,9276900";"3,2262900"
"201900039088";"19";"1";"2019";"10:27";"1";"77";"77142";"2";"1";"1";"6";"D934 X D235-Rue du Général de Gaulle";"48,8594600";"2,9150400"
"201900039089";"17";"1";"2019";"19:15";"3";"77";"77107";"1";"1";"8";"3";"N36 PK52+310";"48,6792600";"2,8142100"
"201900039090";"21";"1";"2019";"08:30";"2";"95";"95675";"2";"1";"1";"6";"RUE DE L'ORMET";"48,9043680";"2,3385160"
"201900039091";"17";"1";"2019";"19:20";"3";"95";"95253";"1";"1";"1";"3";"D43";"49,0691790";"1,8763600"
"201900039092";"18";"1";"2019";"13:55";"1";"2B";"2B335";"1";"1";"1";"7";"RT10";"42,3330360";"9,5367350"
"201900039093";"18";"1";"2019";"16:30";"1";"2B";"2B205";"2";"3";"1";"3";"lieudit Campo d'Elge";"42,6991670";"9,3538890"
"201900039094";"18";"1";"2019";"15:00";"1";"66";"66180";"2";"3";"1";"3";"Avenue Maréchal Joffre";"42,7728500";"2,9850750"
"201900039095";"20";"1";"2019";"19:25";"3";"34";"34033";"1";"1";"1";"6";"CD610";"43,7493980";"4,0641930"
"201900039096";"13";"1";"2019";"20:10";"5";"34";"34058";"1";"6";"1";"2";"D68/D610";"43,6687270";"3,9749330"
"201900039097";"17";"1";"2019";"16:50";"1";"83";"83059";"1";"1";"1";"7";"RD15";"43,3385910";"6,0993480"
"201900039098";"21";"1";"2019";"14:35";"1";"4";"04096";"1";"1";"1";"6";"RD 900";"44,4345430";"6,7439060"
"201900039099";"12";"1";"2019";"19:30";"3";"13";"13053";"1";"1";"1";"3";"D23E";"43,7334680";"5,1709550"
"201900039100";"20";"1";"2019";"00:30";"3";"13";"13092";"1";"1";"1";"6";"route départementale 15";"43,5257820";"5,0702060"
"201900039101";"19";"1";"2019";"13:40";"1";"13";"13042";"1";"1";"1";"3";"Coulin";"43,2737470";"5,6379747"
"201900039102";"18";"1";"2019";"08:45";"1";"13";"13100";"1";"3";"1";"4";"RD 30";"43,7944470";"4,8554800"
"201900039103";"12";"1";"2019";"21:15";"3";"13";"13110";"1";"1";"1";"2";"RD7N";"43,4823700";"5,7021540"
"201900039104";"20";"1";"2019";"19:20";"3";"8";"08367";"1";"1";"1";"7";"RD986";"49,9417475";"4,5308199"
"201900039105";"17";"1";"2019";"17:35";"2";"42";"42175";"1";"1";"1";"3";"Lieu-dit les Odiberts";"45,8119270";"4,2160680"
"201900039106";"17";"1";"2019";"17:20";"3";"38";"38205";"1";"1";"4";"1";"D106";"45,1230800";"5,5608300"
"201900039107";"30";"8";"2019";"19:50";"1";"45";"45234";"2";"2";"1";"6";"FB SAINT JEAN - R DES BEAUMONTS";"47,9061400";"1,8900600"
"201900039108";"28";"8";"2019";"21:55";"5";"45";"45234";"2";"1";"1";"3";"AV DE LA MOUILLERE";"47,8868262";"1,9068950"
"201900039109";"23";"8";"2019";"22:40";"5";"45";"45234";"2";"2";"1";"3";"R E VIGNAT - BD G M RIOBE";"47,9128640";"1,9125410"
"201900039110";"31";"8";"2019";"16:15";"1";"45";"45004";"1";"9";"1";"6";"Espace JEAN VILAR - RUE DE LA MERE-DIEU";"47,9786729";"2,7572648"
"201900039111";"29";"8";"2019";"19:15";"1";"45";"45338";"2";"1";"1";"1";"RUE LOUIS BLERIOT";"47,9780765";"2,7061866"
"201900039112";"29";"8";"2019";"11:00";"1";"44";"44109";"2";"1";"1";"2";"BOULEVARD RENE CASSIN";"47,2625100";" -1,5824600"
"201900039113";"27";"8";"2019";"14:56";"1";"44";"44132";"1";"1";"1";"1";"BAULOIS (AVENUE DU)";"47,2600000";" -2,3200000"
"201900039114";"24";"8";"2019";"16:07";"1";"42";"42218";"2";"3";"1";"3";"ROCHETAILLEE (AVENUE) A PARTIR Nø 36-51";"45,4146100";"4,4018700"
"201900039115";"22";"8";"2019";"08:57";"1";"42";"42218";"2";"2";"1";"3";"GUICHARD PAUL ET PIERRE";"45,4579800";"4,3887000"
"201900039116";"10";"8";"2019";"11:25";"1";"42";"42218";"2";"1";"1";"2";"LAVOISIER";"45,4465100";"4,3897700"
"201900039117";"8";"8";"2019";"01:18";"5";"42";"42218";"2";"1";"1";"6";"VIVALDI ANTONIO (BOULEVARD)";"45,4691600";"4,4022900"
"201900039118";"6";"8";"2019";"00:15";"5";"42";"42218";"2";"2";"1";"3";"VERNEY CARRON CLAUDE";"45,4641800";"4,3823700"
"201900039119";"28";"8";"2019";"18:05";"1";"40";"40088";"2";"1";"1";"3";"MONTFORT (ROUTE DE)";"43,7056100";" -1,0366800"
"201900039120";"28";"8";"2019";"11:10";"1";"38";"38563";"2";"1";"1";"2";"PAVIOT (AVENUE DE)";"45,3520000";"5,5909600"
"201900039121";"30";"8";"2019";"17:30";"1";"37";"37208";"2";"3";"1";"3";"SAGERIE (RUE DE LA)";"47,3624800";"0,7146700"
"201900039122";"30";"8";"2019";"14:00";"1";"37";"37214";"2";"1";"1";"2";"DE GAULLE (BD CHARLES)";"47,4160537";"0,6678915"
"201900039123";"29";"8";"2019";"21:05";"1";"37";"37122";"2";"1";"1";"6";"JEAN JAURES";"47,3485472";"0,6616064"
"201900039124";"29";"8";"2019";"19:20";"1";"37";"37122";"2";"1";"1";"6";"JEAN JAURES";"47,3484790";"0,6611306"
"201900039125";"27";"8";"2019";"10:00";"1";"37";"37261";"2";"3";"1";"3";"LOISEAU D'ENTRAIGUES (PLACE)";"47,3915821";"0,6996740"
"201900039126";"27";"8";"2019";"06:40";"2";"37";"37261";"2";"3";"1";"3";"BERANGER (BOULEVARD)";"47,3887672";"0,6794127"
"201900039127";"31";"8";"2019";"17:25";"1";"35";"35238";"2";"4";"1";"1";"PATTON (AVENUE DU GENERAL SIR GEORGES)";"48,1343440";" -1,6599210"
"201900039128";"31";"8";"2019";"08:15";"1";"35";"35051";"1";"1";"1";"6";"ROCADE 1-2";"48,1100200";" -1,5913300"
"201900039129";"30";"8";"2019";"20:30";"1";"35";"35238";"2";"9";"1";"6";"SAINT-HELIER";"48,1077000";" -1,6728000"
"201900039130";"30";"8";"2019";"12:30";"1";"35";"35281";"2";"9";"7";"1";"NANTES (RUE DE)";"48,0903100";" -1,6927100"
"201900039131";"29";"8";"2019";"12:20";"1";"35";"35281";"1";"1";"1";"6";"RD 177";"48,0649500";" -1,7170600"
"201900039132";"29";"8";"2019";"05:40";"3";"35";"35278";"1";"1";"1";"7";"RD 137";"48,1597140";" -1,7057410"
"201900039133";"28";"8";"2019";"19:30";"1";"35";"35238";"2";"1";"1";"6";"FREVILLE (AVENUE HENRI)";"48,0847700";" -1,6751100"
"201900039134";"27";"8";"2019";"19:00";"1";"35";"35281";"2";"1";"1";"6";"COMMEUREC (RUE HONORE)";"48,0957900";" -1,6931400"
"201900039135";"27";"8";"2019";"20:25";"1";"35";"35238";"2";"1";"1";"7";"JOUAUST (CARREFOUR)";"48,1124200";" -1,6858500"
"201900039136";"31";"8";"2019";"03:58";"5";"34";"34172";"2";"1";"1";"3";"BRINGUIER (AVENUE PAUL)";"43,6154200";"3,8400500"
"201900039137";"30";"8";"2019";"09:45";"1";"34";"34129";"2";"2";"1";"3";"FIGUIERES (AVENUE DE)";"43,5841000";"3,9265300"
"201900039138";"26";"8";"2019";"19:20";"1";"34";"34172";"2";"9";"1";"3";"ASSAS (AVENUE D')";"43,6169700";"3,8612400"
"201900039139";"28";"8";"2019";"14:15";"1";"34";"34032";"1";"2";"1";"3";"ROUTE DE BEDARIEUX (RD.909)";"43,3858100";"3,2281600"
"201900039140";"27";"8";"2019";"18:05";"1";"34";"34032";"2";"1";"1";"6";"ORB (RUE DE L')";"43,3392100";"3,2107100"
"201900039141";"15";"6";"2019";"16:00";"1";"34";"34003";"2";"2";"1";"3";"CAYROU (G14 A H14";"43,3080400";"3,4733600"
"201900039142";"30";"8";"2019";"14:00";"1";"33";"33069";"2";"3";"1";"6";"AVE DE LA LIBERATION-CH. DE GAULLE";"44,8657800";" -0,6054800"
"201900039143";"29";"8";"2019";"22:50";"5";"33";"33063";"2";"2";"1";"3";"Crs de la Marne / R. Malbec";"44,8281880";" -0,5607620"
"201900039144";"29";"8";"2019";"21:10";"5";"33";"33039";"2";"1";"1";"6";"RUE DENIS PAPIN";"44,7910900";" -0,5328800"
"201900039145";"29";"8";"2019";"17:43";"1";"33";"33318";"2";"1";"1";"2";"GUTENBERG (RUE)";"44,7844600";" -0,6506600"
"201900039146";"29";"8";"2019";"09:45";"1";"33";"33192";"2";"1";"1";"6";"AVE DE THOUARS";"44,7830400";" -0,5933500"
"201900039147";"28";"8";"2019";"13:45";"1";"33";"33063";"2";"3";"1";"3";"Av Louis Barthou / R. Jules Michelet (Caudéran)";"44,8518897";" -0,6114110"
"201900039148";"28";"8";"2019";"12:15";"1";"33";"33318";"2";"3";"1";"3";"RUE DE BACALAN";"44,7853900";" -0,6744000"
"201900039149";"22";"8";"2019";"15:50";"1";"33";"33063";"2";"3";"7";"3";"RUE DE L'ECOLE NORMALE / RUE DES PORTES DE CAUDERAN";"44,8471400";" -0,6001400"
"201900039150";"28";"8";"2019";"00:30";"5";"33";"33192";"2";"3";"1";"3";"PESSAC (RTE DE)";"44,7664600";" -0,6196000"
"201900039151";"21";"8";"2019";"19:04";"1";"33";"33063";"2";"1";"1";"2";"CRS SAINT LOUIS";"44,8584900";" -0,5696700"
"201900039152";"28";"8";"2019";"11:10";"1";"33";"33529";"1";"1";"1";"1";"BISCAROSSE (AVE) DUNE VERS BISCA";"44,5908300";" -1,1971200"
"201900039153";"27";"8";"2019";"15:25";"1";"33";"33009";"2";"6";"1";"3";"Av. de la Libération";"44,6535500";" -1,1592200"
"201900039154";"23";"8";"2019";"13:30";"1";"33";"33529";"1";"1";"1";"4";"BISCAROSSE (AVE) DUNE VERS BISCA";"44,5657800";" -1,2305200"
"201900039155";"20";"8";"2019";"16:15";"1";"33";"33529";"2";"6";"1";"3";"HUGO (RUE VICTOR)";"44,6327700";" -1,1487700"
"201900039156";"31";"8";"2019";"20:45";"1";"32";"32013";"1";"1";"1";"1";"BARRAN (ROUTE DE)";"43,6537000";"0,5371000"
"201900039157";"26";"8";"2019";"14:15";"1";"32";"32013";"1";"1";"1";"2";"TOULOUSE (ROUTE DE)";"43,6464800";"0,5859800"
"201900039158";"30";"8";"2019";"05:00";"5";"31";"31555";"2";"1";"1";"1";"RTE D ALBI";"43,6417500";"1,4670800"
"201900039159";"30";"8";"2019";"11:45";"1";"31";"31555";"2";"2";"1";"3";"RTE DE SEYSSES";"43,5562700";"1,4005100"
"201900039160";"29";"8";"2019";"14:00";"1";"31";"31149";"1";"1";"1";"4";"RN124";"43,6070300";"1,3500700"
"201900039161";"29";"8";"2019";"06:10";"5";"31";"31555";"2";"1";"1";"2";"BD ANDRE NETWILLER";"43,6429000";"1,4640800"
"201900039162";"28";"8";"2019";"16:00";"1";"31";"31149";"2";"1";"1";"3";"ALLENDE (AVENUE SALVADOR)";"43,6046000";"1,3162600"
"201900039163";"27";"8";"2019";"06:45";"4";"31";"31555";"2";"6";"1";"6";"RPT PIERRE BOURTHOUMIEUX";"43,5851300";"1,4281500"
"201900039164";"24";"8";"2019";"17:40";"1";"31";"31555";"2";"1";"1";"3";"RUE DE FENOUILLET";"43,6280600";"1,4251100"
"201900039165";"24";"8";"2019";"02:05";"5";"31";"31555";"1";"1";"1";"3";"VA007331 A620";"43,6481700";"1,4229900"
"201900039166";"28";"8";"2019";"13:50";"1";"31";"31483";"2";"1";"1";"6";"FOCH (AVENUE DU MARECHAL)";"43,1051100";"0,7153700"
"201900039167";"30";"8";"2019";"21:56";"5";"30";"30189";"2";"1";"1";"3";"STADE DES COSTIERES";"43,8144500";"4,3591700"
"201900039168";"30";"8";"2019";"16:05";"1";"30";"30189";"2";"2";"1";"1";"DHUODA (RUE)";"43,8284300";"4,3548600"
"201900039169";"31";"8";"2019";"16:05";"1";"30";"30007";"2";"1";"1";"1";"GUESDE (AVE JULES)";"44,1197500";"4,0851000"
"201900039170";"30";"8";"2019";"14:10";"1";"29";"29232";"2";"9";"1";"2";"LIBERATION AVENUE DE LA";"47,9913800";" -4,0743600"
"201900039171";"28";"8";"2019";"12:40";"1";"29";"29019";"2";"1";"1";"3";"MONTAIGNE (DE 1 A 37 ET 2 A 30)";"48,3997000";" -4,4862000"
"201900039172";"29";"8";"2019";"20:20";"1";"29";"29019";"2";"3";"1";"1";"PERRAULT CLAUDE";"48,3815120";" -4,5325675"
"201900039173";"25";"8";"2019";"14:45";"1";"29";"29019";"2";"6";"1";"3";"DUQUESNE (DE 1 A 11 ET 2 A 6)";"48,3919000";" -4,4874000"
"201900039174";"29";"8";"2019";"18:05";"1";"28";"28404";"2";"1";"9";"6";"BRUXELLES (RUE DE)";"48,7172100";"1,3687800"
"201900039175";"30";"7";"2019";"16:50";"1";"27";"27351";"2";"1";"1";"4";"DELAMARE (RUE ABBE)";"49,2399000";"1,1877000"
"201900039176";"13";"8";"2019";"07:30";"1";"27";"27229";"2";"1";"1";"2";"SAINT LEGER (RUE DU FAUBOURG)";"49,0334600";"1,1558300"
"201900039177";"1";"9";"2019";"00:50";"5";"26";"26198";"1";"1";"1";"3";"GOURNIER (Avenue de)";"44,5331900";"4,7353500"
"201900039178";"31";"8";"2019";"21:40";"5";"25";"25056";"2";"1";"1";"3";"FRIBOURG RUE DE";"47,2194700";"5,9664000"
"201900039179";"30";"8";"2019";"11:31";"1";"25";"25056";"2";"9";"1";"6";"REVOLUTION PLACE DE LA";"47,2396900";"6,0228600"
"201900039180";"27";"8";"2019";"12:35";"1";"24";"24037";"2";"1";"1";"6";"QUAI DE LA PELOUSE";"44,8481300";"0,4807700"
"201900039181";"26";"8";"2019";"10:00";"1";"22";"22278";"2";"2";"1";"3";"ROCHARD (DOCTEUR)";"48,5177700";" -2,7564700"
"201900039182";"13";"8";"2019";"15:00";"1";"22";"22360";"1";"1";"2";"4";"RD700";"48,4911306";" -2,7629911"
"201900039183";"27";"8";"2019";"12:48";"1";"19";"19272";"2";"1";"2";"7";"Dr Aimé Audubert (Rue)";"45,2511700";"1,7655800"
"201900039184";"27";"8";"2019";"14:50";"1";"18";"18279";"2";"1";"1";"3";"SOCIETE FRANCAISE (RUE DE LA)";"47,2268900";"2,0552900"
"201900039185";"30";"8";"2019";"15:40";"1";"17";"17380";"1";"1";"1";"4";"TAMARIS (AVENUE DES)";"45,6659800";" -1,1394300"
"201900039186";"31";"8";"2019";"12:00";"1";"17";"17333";"2";"2";"1";"6";"DE LATTRE DE TASSIGNY (BD)";"45,6072000";" -1,0069000"
"201900039187";"29";"8";"2019";"11:00";"1";"17";"17306";"2";"1";"1";"4";"BOUCHET LOUIS (AVENUE)";"45,6258400";" -0,9998200"
"201900039188";"28";"8";"2019";"13:10";"1";"17";"17306";"2";"2";"1";"3";"GANTIER  (PLACE DES DOCTEURS)";"45,6249200";" -1,0187300"
"201900039189";"27";"8";"2019";"15:40";"1";"17";"17306";"2";"1";"1";"3";"BRANLY EDOUARD";"45,6301500";" -0,9949800"
"201900039190";"31";"8";"2019";"16:40";"1";"17";"17300";"2";"1";"1";"3";"GUITON   AVENUE JEAN (9-165 et 4)";"46,1607700";" -1,1721900"
"201900039191";"31";"8";"2019";"10:10";"1";"17";"17300";"2";"2";"1";"3";"JOFFRE   BOULEVARD (79 et 18)";"46,1579400";" -1,1423800"
"201900039192";"30";"8";"2019";"15:00";"1";"17";"17291";"2";"6";"1";"3";"PAYS BAS  ROND POINT DES";"46,1745600";" -1,1205700"
"201900039193";"27";"8";"2019";"07:23";"2";"17";"17300";"2";"1";"1";"6";"ROMPSAY   AVENUE DE";"46,1605900";" -1,1296600"
"201900039194";"28";"8";"2019";"18:40";"1";"16";"16015";"2";"1";"1";"6";"106 ter rue de Saintes";"45,6585720";"0,1442550"
"201900039195";"25";"8";"2019";"13:00";"1";"14";"14117";"2";"1";"1";"3";"GUILLAUME LE CONQUERANT (AVENUE)";"49,2837000";"0,1338600"
"201900039196";"30";"8";"2019";"17:25";"1";"14";"14118";"2";"1";"1";"4";"POMPIDOU (BOULEVARD GEORGES)";"49,1776000";" -0,3910800"
"201900039197";"28";"8";"2019";"22:05";"4";"14";"14137";"1";"1";"1";"6";"ROUTE NATIONALE 13";"49,1879800";" -0,4238800"
"201900039198";"27";"8";"2019";"17:20";"1";"14";"14118";"2";"1";"1";"3";"FALAISE (RUE DE  - 90-142 IMPAIR - 95)";"49,1735700";" -0,3539400"
"201900039199";"28";"8";"2019";"15:20";"1";"13";"13117";"2";"1";"1";"3";"MONNET (AVENUE JEAN)";"43,4233900";"5,2846300"
"201900039200";"28";"8";"2019";"14:40";"1";"13";"13056";"2";"1";"1";"1";"SAINT MACAIRE (chemin)";"43,4232700";"5,0229400"
"201900039201";"31";"8";"2019";"13:00";"1";"13";"13205";"2";"2";"1";"3";"SAINTE-CECILE (RUE)";"43,2887400";"5,3973500"
"201900039202";"30";"8";"2019";"20:30";"2";"13";"13211";"2";"6";"1";"2";"POMME (BOULEVARD DE LA )";"43,2922540";"5,4457090"
"201900039203";"30";"8";"2019";"19:55";"1";"13";"13203";"2";"1";"1";"6";"NATIONAL (BOULEVARD)";"43,3108500";"5,3786000"
"201900039204";"30";"8";"2019";"16:45";"1";"13";"13211";"2";"1";"1";"3";"MIREILLE LAUZE (Bd)";"43,2848730";"5,4212950"
"201900039205";"29";"8";"2019";"23:00";"5";"13";"13205";"2";"3";"1";"3";"FERRARI (RUE)";"43,2929300";"5,3929000"
"201900039206";"29";"8";"2019";"23:30";"5";"13";"13208";"2";"3";"1";"1";"POMPIDOU (PROMENADE)";"43,2676300";"5,3720000"
"201900039207";"29";"8";"2019";"18:20";"1";"13";"13209";"2";"1";"1";"2";"RAYMOND TEISSERE (RUE)";"43,2729620";"5,3992860"
"201900039208";"29";"8";"2019";"17:20";"1";"13";"13207";"2";"1";"1";"4";"RAMPE SAINT MAURICE";"43,2922250";"5,3631660"
"201900039209";"29";"8";"2019";"12:50";"1";"13";"13201";"2";"1";"1";"3";"LÉON GAMBETTA (ALLEE)";"43,2990200";"5,3828200"
"201900039210";"28";"8";"2019";"03:05";"5";"13";"13210";"2";"1";"2";"6";"JEAN MOULIN (BOULEVARD)";"43,2841600";"5,3988300"
"201900039211";"28";"8";"2019";"01:55";"5";"13";"13202";"2";"1";"1";"3";"LAZARET (QUAI DU)";"43,3068800";"5,3657900"
"201900039212";"27";"8";"2019";"19:00";"1";"13";"13204";"2";"1";"1";"6";"ELÉMIR BOURGES (RUE)";"43,2990390";"5,4032010"
"201900039213";"27";"8";"2019";"14:05";"1";"13";"13214";"2";"2";"1";"1";"Louis VILLECROZE (Bld)";"43,3172200";"5,3899600"
"201900039214";"27";"8";"2019";"12:25";"1";"13";"13211";"2";"1";"1";"1";"CAMOINS (AVENUE DES)";"43,3062840";"5,5104580"
"201900039215";"27";"8";"2019";"10:05";"1";"13";"13203";"2";"2";"1";"3";"CLARY (RUE)";"43,3178800";"5,3741000"
"201900039216";"27";"8";"2019";"09:20";"1";"13";"13002";"1";"6";"1";"6";"QUATRE SAISONS (ROUTE DES)";"43,3217500";"5,4929600"
"201900039217";"27";"8";"2019";"08:10";"1";"13";"13202";"2";"1";"1";"2";"JOLIETTE (QUAI DE LA)";"43,3044000";"5,3654100"
"201900039218";"27";"8";"2019";"08:15";"1";"13";"13212";"2";"3";"1";"3";"COMTESSE (BOULEVARD DE LA)";"43,3179210";"5,4472930"
"201900039219";"27";"8";"2019";"02:00";"5";"13";"13204";"2";"1";"1";"3";"CHARTREUX (AVENUE DES)";"43,3110000";"5,4011000"
"201900039220";"26";"8";"2019";"17:10";"1";"13";"13206";"2";"3";"1";"3";"LOUIS SALVATOR (BOULEVARD)";"43,2912350";"5,3830490"
"201900039221";"26";"8";"2019";"16:02";"1";"13";"13204";"2";"1";"1";"6";"LIBERATION (BOULEVARD)";"43,3007990";"5,3905220"
"201900039222";"26";"8";"2019";"13:00";"1";"13";"13205";"2";"1";"1";"6";"JEAN MOULIN (BOULEVARD)";"43,2868600";"5,3996000"
"201900039223";"26";"8";"2019";"05:50";"5";"13";"13211";"2";"1";"1";"3";"VALBARELLE (BOULEVARD DE LA )";"43,2872700";"5,4465600"
"201900039224";"30";"8";"2019";"16:30";"1";"13";"13047";"2";"1";"1";"3";"BELLONS CHEMIN DES";"43,5287400";"4,9715700"
"201900039225";"28";"8";"2019";"16:45";"1";"13";"13028";"2";"1";"1";"6";"CD 559";"43,1869400";"5,6545200"
"201900039226";"27";"8";"2019";"11:05";"1";"13";"13005";"1";"1";"1";"6";"CD 2 (CAMP MAJOR)";"43,2878100";"5,5279000"
"201900039227";"27";"8";"2019";"11:35";"1";"13";"13005";"2";"6";"1";"6";"RN 8";"43,2831700";"5,5332400"
"201900039228";"31";"8";"2019";"21:45";"5";"13";"13004";"2";"1";"1";"6";"RUE PARMENTIER";"43,6744600";"4,6247400"
"201900039229";"25";"8";"2019";"08:55";"1";"13";"13004";"2";"6";"1";"6";"RTE DE TARASCON";"43,6652700";"4,6481900"
"201900039230";"31";"8";"2019";"02:10";"5";"12";"12202";"2";"9";"1";"6";"CANTARANNE (GIRATOIRE DE)";"44,3588700";"2,5925300"
"201900039231";"25";"8";"2019";"16:30";"1";"12";"12202";"2";"1";"1";"6";"GINESTE (82 AVENUE DE LA)";"44,3632900";"2,5574300"
"201900039232";"28";"8";"2019";"18:25";"1";"11";"11262";"2";"1";"1";"6";"RD 6009 NARBONNE - BEZIERS";"43,1681700";"2,9830700"
"201900039233";"31";"8";"2019";"10:10";"1";"10";"10343";"2";"6";"1";"3";"SAPINS (AVENUE)";"48,2756000";"4,0890000"
"201900039234";"31";"8";"2019";"09:00";"1";"10";"10387";"2";"2";"1";"3";"TROUVASSOT (RUE)";"48,3091000";"4,0523000"
"201900039235";"29";"8";"2019";"12:58";"1";"10";"10081";"1";"1";"1";"3";"ROCADE EST (RD 610)";"48,3277100";"4,0699900"
"201900039236";"29";"8";"2019";"12:41";"1";"10";"10297";"2";"2";"1";"1";"JEAN JAURES (RUE)";"48,3189300";"4,0984100"
"201900039237";"25";"8";"2019";"06:10";"5";"10";"10387";"2";"2";"1";"6";"HENNEQUIN (RUE)";"48,2996000";"4,0769000"
"201900039238";"25";"8";"2019";"07:12";"1";"10";"10362";"2";"1";"1";"1";"LAZARE HOCHE (RUE)";"48,2988500";"4,0471800"
"201900039239";"24";"8";"2019";"23:20";"5";"10";"10362";"2";"2";"1";"3";"LAMARTINE (RUE)";"48,2997100";"4,0469100"
"201900039240";"28";"8";"2019";"23:30";"5";"9";"09122";"2";"1";"1";"5";"BARCELONE (AVENUE DE)";"42,9627200";"1,6129500"
"201900039241";"31";"8";"2019";"10:45";"1";"7";"07102";"2";"6";"1";"3";"SADI-CARNOT (AVEN.) [DU N° AU N°]";"44,9253300";"4,8690700"
"201900039242";"30";"8";"2019";"21:32";"5";"6";"06088";"2";"2";"1";"3";"DIGUE DES FRANCAIS (TRAV. DE LA)";"43,6767640";"7,2013680"
"201900039243";"30";"8";"2019";"17:30";"1";"6";"06088";"2";"1";"1";"3";"GAMBETTA (A PARTIR DU N° 63-74)";"43,7011000";"7,2561500"
"201900039244";"29";"8";"2019";"09:20";"1";"6";"06088";"2";"1";"1";"3";"TURIN (RTE DE)";"43,7285770";"7,2838960"
"201900039245";"31";"8";"2019";"14:00";"1";"6";"06069";"2";"1";"1";"7";"avenue du 11 novembre";"43,6631950";"6,9257890"
"201900039246";"31";"8";"2019";"14:25";"1";"6";"06069";"2";"1";"1";"6";"VICTOR HUGO  (BD)";"43,6542190";"6,9188250"
"201900039247";"30";"8";"2019";"09:50";"1";"6";"06069";"2";"1";"1";"7";"PEGOMAS (ROUTE DE)";"43,6349510";"6,9329750"
"201900039248";"29";"8";"2019";"07:50";"1";"6";"06069";"2";"1";"1";"2";"SIDI BRAHIM (AVENUE)";"43,6491670";"6,9340060"
"201900039249";"29";"8";"2019";"01:10";"3";"6";"06069";"2";"1";"1";"2";"CARIGNANT (CHEMIN DU)";"43,6448290";"6,9791760"
"201900039250";"28";"8";"2019";"08:15";"1";"6";"06069";"2";"6";"8";"3";"Rd point des Quatre Chemins";"43,6451120";"6,9401510"