"Num_Acc";"jour";"mois";"an";"hrmn";"lum";"dep";"com";"agg";"int";"atm";"col";"adr";"lat";"long"
"201900039251";"31";"8";"2019";"19:07";"1";"6";"06123";"1";"9";"1";"3";"BARONNE ROUTE DE LA";"43,7022910";"7,1789420"
"201900039252";"29";"8";"2019";"10:20";"1";"6";"06123";"2";"1";"1";"4";"IMPRIMEURS ALLEE DES";"43,6843740";"7,1874450"
"201900039253";"25";"8";"2019";"19:40";"1";"6";"06123";"2";"9";"1";"3";"PUGETS AVENUE DES";"43,6824030";"7,1866260"
"201900039254";"25";"8";"2019";"12:00";"1";"6";"06123";"2";"1";"1";"2";"BORD DE MER RN 98";"43,6567060";"7,1789480"
"201900039255";"28";"8";"2019";"08:35";"1";"5";"05061";"1";"1";"1";"6";"route Napoléon";"44,5839300";"6,0816400"
"201900039256";"28";"8";"2019";"08:40";"1";"5";"05023";"2";"1";"8";"1";"PROVENCE (AVENUE DE)";"44,8994300";"6,6311500"
"201900039257";"17";"8";"2019";"17:00";"1";"3";"03023";"2";"1";"1";"6";"pont de Bellerive";"46,1181454";"3,4156627"
"201900039258";"31";"8";"2019";"10:30";"1";"75";"75118";"2";"4";"1";"4";"BD PERIPHERIQUE EXTERIEUR";"48,9008908";"2,3639499"
"201900039259";"30";"8";"2019";"12:00";"1";"75";"75116";"2";"1";"1";"4";"BD PERIPHERIQUE INTERIEUR";"48,8673430";"2,2693660"
"201900039260";"29";"8";"2019";"09:00";"1";"75";"75118";"2";"1";"1";"3";"BD PERIPHERIQUE EXTERIEUR";"48,9008990";"2,3616080"
"201900039261";"28";"8";"2019";"17:30";"1";"75";"75115";"2";"1";"1";"3";"BD PERIPHERIQUE EXTERIEUR";"48,8347620";"2,2654180"
"201900039262";"26";"8";"2019";"07:00";"1";"75";"75114";"2";"1";"1";"2";"BD PERIPHERIQUE INTERIEUR";"48,8198080";"2,3270240"
"201900039263";"30";"8";"2019";"15:15";"1";"75";"75115";"2";"4";"1";"3";"BD PERIPHERIQUE EXTERIEUR";"48,8349236";"2,2734846"
"201900039264";"27";"8";"2019";"10:55";"1";"75";"75108";"2";"2";"1";"3";"AVENUE MONTAIGNE";"48,8670110";"2,3062990"
"201900039265";"31";"8";"2019";"17:37";"1";"75";"75105";"2";"2";"1";"6";"BOULEVARD SAINT GERMAIN";"48,8513880";"2,3431830"
"201900039266";"28";"8";"2019";"12:30";"1";"75";"75106";"2";"5";"1";"6";"RUE DE L ANCIENNE COMEDIE";"48,8536680";"2,3383981"
"201900039267";"27";"8";"2019";"01:30";"5";"75";"75105";"2";"2";"1";"6";"RUE DE L ARBALETE";"48,8398170";"2,3472378"
"201900039268";"26";"8";"2019";"21:10";"5";"75";"75105";"2";"1";"1";"7";"PONT DE SULLY";"48,8497599";"2,3579315"
"201900039269";"28";"8";"2019";"18:15";"1";"75";"75120";"2";"2";"1";"6";"RUE D AVRON";"48,8513313";"2,3985225"
"201900039270";"27";"8";"2019";"15:15";"1";"75";"75120";"2";"3";"1";"7";"RUE DE MENILMONTANT";"48,8687640";"2,3900460"
"201900039271";"26";"8";"2019";"18:10";"1";"75";"75120";"2";"2";"1";"3";"RUE DE MENILMONTANT";"48,8707810";"2,3992200"
"201900039272";"29";"8";"2019";"19:33";"1";"75";"75119";"2";"2";"1";"6";"AVENUE DE FLANDRE";"48,8905500";"2,3768760"
"201900039273";"29";"8";"2019";"12:35";"1";"75";"75119";"2";"1";"1";"6";"RUE DE CRIMEE";"48,8916755";"2,3756272"
"201900039274";"28";"8";"2019";"08:00";"1";"75";"75120";"2";"3";"1";"3";"RUE DE BELLEVILLE";"48,8743999";"2,3862904"
"201900039275";"26";"8";"2019";"10:45";"1";"75";"75118";"2";"2";"1";"3";"RUE DE LA CHAPELLE";"48,8985407";"2,3593394"
"201900039276";"28";"8";"2019";"12:00";"1";"75";"75117";"2";"1";"1";"6";"RUE DE PHALSBOURG";"48,8821880";"2,3089920"
"201900039277";"26";"8";"2019";"16:34";"1";"75";"75117";"2";"3";"1";"6";"BOULEVARD MALESHERBES";"48,8847270";"2,3078240"
"201900039278";"26";"8";"2019";"13:15";"1";"75";"75117";"2";"2";"1";"3";"RUE TRUFFAUT";"48,8857570";"2,3216560"
"201900039279";"26";"8";"2019";"01:30";"5";"75";"75116";"2";"1";"1";"6";"VOIE GEORGES POMPIDOU";"48,8527210";"2,2815430"
"201900039280";"30";"8";"2019";"00:20";"5";"75";"75115";"2";"1";"1";"6";"AVENUE ERNEST RENAN";"48,8310160";"2,2856820"
"201900039281";"28";"8";"2019";"14:30";"1";"75";"75107";"2";"3";"1";"6";"AVENUE DE SUFFREN";"48,8537037";"2,2969607"
"201900039282";"27";"8";"2019";"20:45";"2";"75";"75115";"2";"2";"1";"7";"RUE DE LA CONVENTION";"48,8392550";"2,2919690"
"201900039283";"27";"8";"2019";"19:35";"2";"75";"75115";"2";"2";"1";"2";"RUE LECOURBE";"48,8392718";"2,2919208"
"201900039284";"27";"8";"2019";"13:40";"1";"75";"75115";"2";"2";"1";"3";"BOULEVARD GALLIENI";"48,8345640";"2,2669570"
"201900039285";"26";"8";"2019";"12:20";"1";"75";"75115";"2";"1";"1";"6";"BOULEVARD VICTOR";"48,8351880";"2,2815510"
"201900039286";"29";"8";"2019";"23:30";"5";"75";"75114";"2";"7";"1";"6";"PLACE DE CATALOGNE";"48,8368920";"2,3185068"
"201900039287";"27";"8";"2019";"09:10";"1";"75";"75114";"2";"4";"1";"3";"BOULEVARD RASPAIL";"48,8377858";"2,3311659"
"201900039288";"26";"2";"2019";"19:00";"5";"13";"13204";"2";"1";"1";"3";"FRANÇOISE DUPARC (BOULEVARD)";"43,3045800";"5,4010140"
"201900039289";"26";"2";"2019";"13:00";"1";"13";"13212";"2";"1";"1";"6";"BOUYALA D'ARNAUD (BOULEVARD)";"43,2970080";"5,4425690"
"201900039290";"26";"2";"2019";"08:45";"1";"13";"13214";"2";"1";"1";"6";"ALPHONSE ALLAIS (RUE)";"43,3403200";"5,3866000"
"201900039291";"26";"2";"2019";"11:30";"1";"13";"13202";"2";"1";"1";"6";"LOGE (RUE DE LA)";"43,2962800";"5,3674300"
"201900039292";"25";"2";"2019";"10:54";"1";"13";"13215";"2";"6";"1";"6";"BOURRELY (CHEMIN DES)";"43,3805500";"5,3627700"
"201900039293";"25";"2";"2019";"21:50";"5";"13";"13212";"2";"1";"1";"6";"24 AVRIL 15 (AVENUE DU)";"43,3085970";"5,4380693"
"201900039294";"25";"2";"2019";"18:40";"5";"13";"13208";"2";"1";"1";"6";"PRADO (AVENUE DU)";"43,2707940";"5,3886670"
"201900039295";"25";"2";"2019";"17:20";"1";"13";"13211";"2";"1";"1";"4";"VALENTINE (ROUTE DE LA)";"43,2893011";"5,4702312"
"201900039296";"25";"2";"2019";"18:00";"1";"13";"13208";"2";"1";"1";"6";"MICHELET (BOULEVARD)";"43,2614620";"5,3976540"
"201900039297";"25";"2";"2019";"14:35";"1";"13";"13207";"2";"9";"1";"6";"CHARLES LIVON (BOULEVARD)";"43,2922250";"5,3640300"
"201900039298";"25";"2";"2019";"15:48";"1";"13";"13207";"2";"3";"1";"6";"CAPITAINE DESSEMOND (RUE)";"43,2891800";"5,3545780"
"201900039299";"25";"2";"2019";"12:45";"1";"13";"13209";"2";"1";"1";"6";"GAYE (BOULEVARD DE LA)";"43,2590800";"5,4128700"
"201900039300";"25";"2";"2019";"12:00";"1";"13";"13213";"2";"3";"1";"3";"CENTRALE (RUE)";"43,3520200";"5,4375500"
"201900039301";"25";"2";"2019";"10:25";"1";"13";"13208";"2";"2";"1";"3";"PRADO (AVENUE DU)";"43,2701200";"5,3877000"
"201900039302";"25";"2";"2019";"08:20";"1";"13";"13002";"2";"3";"1";"3";"PROVENCE (AVENUE DE)";"43,3243000";"5,4810500"
"201900039303";"25";"2";"2019";"07:50";"1";"13";"13214";"2";"1";"1";"6";"SAINTE MARTHE (chemin)";"43,3267990";"5,3877060"
"201900039304";"2";"3";"2019";"21:00";"5";"13";"13047";"2";"3";"1";"6";"SALTIMBANQUES RUE DES";"43,5031900";"4,9892400"
"201900039305";"1";"3";"2019";"13:50";"1";"13";"13047";"2";"6";"1";"3";"RADOLFZELL AVENUE DE";"43,4988400";"4,9863700"
"201900039306";"25";"2";"2019";"16:50";"1";"13";"13047";"1";"9";"1";"3";"Cabane Noire (Route de la)";"43,4804200";"4,9876400"
"201900039307";"27";"2";"2019";"12:15";"1";"13";"13028";"2";"6";"1";"1";"DULAC (AVENUE GUILLAUME)";"43,1948100";"5,6118800"
"201900039308";"25";"2";"2019";"17:20";"1";"13";"13005";"2";"3";"1";"3";"VERDUN (AVENUE DE)";"43,2886800";"5,5733900"
"201900039309";"25";"2";"2019";"14:25";"1";"13";"13005";"2";"2";"1";"3";"CARREIRADE D'ALLAUCH CHEMIN DE LA";"43,3122640";"5,5633820"
"201900039310";"25";"2";"2019";"11:10";"1";"13";"13005";"2";"1";"1";"2";"AUMONE VIELLE (CHEMIN DE L')";"43,2851200";"5,5239300"
"201900039311";"25";"2";"2019";"09:05";"1";"13";"13001";"2";"1";"1";"3";"RN 296";"43,5531900";"5,4347000"
"201900039312";"28";"2";"2019";"16:40";"1";"12";"12145";"2";"3";"1";"3";"PREVOT ANDRE";"44,1037600";"3,0705300"
"201900039313";"26";"2";"2019";"20:35";"5";"12";"12145";"2";"1";"1";"6";"MOULIN JEAN";"44,0976400";"3,0732800"
"201900039314";"23";"2";"2019";"10:45";"1";"12";"12145";"2";"1";"1";"3";"JAURES JEAN (AVENUE)";"44,1056000";"3,0804800"
"201900039315";"28";"2";"2019";"16:47";"1";"10";"10081";"1";"1";"1";"3";"ROCADE OUEST (RD 610)";"48,3037700";"4,0235700"
"201900039316";"28";"2";"2019";"17:02";"1";"10";"10357";"2";"9";"1";"3";"GENERAL DE GAULLE (RUE DU)";"48,2959000";"4,1329000"
"201900039317";"28";"2";"2019";"09:10";"1";"10";"10387";"2";"1";"1";"6";"PIERRE BROSSOLETTE (RUE)";"48,2917000";"4,0749100"
"201900039318";"27";"2";"2019";"16:45";"1";"10";"10081";"1";"1";"1";"7";"PENETRANTE NORD";"48,3272700";"4,0547200"
"201900039319";"27";"2";"2019";"16:25";"1";"10";"10343";"2";"9";"1";"3";"CHATEAU DES COURS (RUE DU)";"48,2701000";"4,0892000"
"201900039320";"25";"2";"2019";"08:49";"1";"10";"10387";"2";"1";"1";"4";"JULES GUESDE (RUE)";"48,2836000";"4,0844000"
"201900039321";"28";"2";"2019";"11:57";"1";"8";"08105";"2";"3";"1";"3";"MONGE";"49,7606340";"4,7184440"
"201900039322";"22";"2";"2019";"14:23";"1";"8";"08105";"2";"1";"1";"6";"RONDE COUTURE";"49,7472650";"4,7191000"
"201900039323";"23";"2";"2019";"17:50";"2";"6";"06083";"2";"6";"1";"2";"COTY (COURS RENE, SENS MONT/MER)";"43,7756700";"7,4883900"
"201900039324";"26";"2";"2019";"08:30";"1";"6";"06069";"1";"1";"1";"6";"PLASCASSIER (route de)";"43,6493000";"6,9600400"
"201900039325";"26";"2";"2019";"14:00";"1";"6";"06030";"2";"1";"1";"6";"CAMUS (RUE ALBERT)";"43,5731400";"7,0234000"
"201900039326";"1";"3";"2019";"17:55";"1";"6";"06027";"2";"1";"1";"4";"PLAGE BOULEVARD DE LA";"43,6565400";"7,1772610"
"201900039327";"27";"2";"2019";"16:40";"1";"6";"06027";"1";"9";"1";"2";"ST VERAN CHEMIN";"43,6637300";"7,1488200"
"201900039328";"1";"3";"2019";"20:25";"5";"6";"06004";"2";"1";"1";"3";"DELMAS BD PIERRE";"43,5840680";"7,1004560"
"201900039329";"26";"2";"2019";"20:20";"5";"6";"06155";"2";"1";"1";"6";"SAINT BERNARD CH.";"43,5941000";"7,0575000"
"201900039330";"24";"2";"2019";"10:40";"1";"6";"06004";"2";"1";"1";"6";"WILSON BD";"43,5700300";"7,1140900"
"201900039331";"27";"2";"2019";"16:45";"1";"5";"05023";"2";"1";"7";"6";"PETSCHE (AVENUE MAURICE)";"44,8960000";"6,6330200"
"201900039332";"23";"2";"2019";"12:35";"1";"3";"03095";"2";"2";"1";"1";"boulevard du Bicentenaire";"46,1414584";"3,4493088"
"201900039333";"28";"2";"2019";"18:25";"2";"3";"03190";"2";"3";"1";"3";"route de Lyon";"46,5518700";"3,3378939"
"201900039334";"15";"2";"2019";"08:30";"2";"2";"02722";"2";"3";"7";"6";"ALEMBERT ( RUE D' )";"49,3906400";"3,3138500"
"201900039335";"9";"2";"2019";"10:00";"1";"2";"02064";"1";"1";"1";"1";"FERE EN TARDENOIS ( ROUTE DE - C.D. 06 )";"49,3505600";"3,3622600"
"201900039336";"27";"1";"2019";"11:20";"1";"2";"02691";"2";"2";"2";"3";"QUENESCOURT (RUE)";"49,8364000";"3,2961400"
"201900039337";"14";"2";"2019";"14:45";"1";"2";"02408";"2";"1";"1";"2";"VOLTAIRE (RUE)";"49,5762300";"3,6544700"
"201900039338";"23";"2";"2019";"17:25";"1";"1";"01283";"2";"1";"1";"6";"FRANCE (RUE A. DU 1-5 ET 143 AU158)";"46,2565000";"5,6550200"
"201900039339";"1";"3";"2019";"13:45";"1";"1";"01289";"1";"2";"2";"6";"DOMBES (AVENUE DE LA)";"46,1804916";"5,1947261"
"201900039340";"2";"3";"2019";"07:30";"1";"75";"75118";"2";"1";"8";"5";"PORTE DE SAINT OUEN";"48,9007920";"2,3317000"
"201900039341";"28";"2";"2019";"14:00";"1";"75";"75120";"2";"1";"1";"5";"PORTE DE MONTREUIL";"48,8543770";"2,4140790"
"201900039342";"27";"2";"2019";"16:15";"1";"75";"75112";"2";"1";"1";"3";"ECHANGEUR BERCY";"48,8267270";"2,3910360"
"201900039343";"26";"2";"2019";"17:50";"1";"75";"75116";"2";"1";"1";"4";"BOULEVARD PERIPHERIQUE";"48,8349280";"2,2627090"
"201900039344";"25";"2";"2019";"00:01";"5";"75";"75119";"2";"1";"1";"7";"BOULEVARD PERIPHERIQUE";"48,9003270";"2,3793670"
"201900039345";"24";"2";"2019";"19:15";"5";"75";"75117";"2";"1";"1";"6";"PORTE D ASNIERES";"48,8919880";"2,3014590"
"201900039346";"3";"3";"2019";"09:26";"1";"75";"75120";"2";"3";"8";"6";"BOULEVARD DAVOUT";"48,8513140";"2,4111160"
"201900039347";"28";"2";"2019";"14:10";"1";"75";"75112";"2";"4";"1";"2";"AVENUE DE SAINT MAURICE";"48,8288180";"2,4196790"
"201900039348";"26";"2";"2019";"22:25";"5";"75";"75120";"2";"1";"1";"6";"RUE VICTOR LETALLE";"48,8671580";"2,3853120"
"201900039349";"26";"2";"2019";"13:10";"1";"75";"75117";"2";"1";"1";"2";"RUE NICOLAS CHUQUET";"48,8886430";"2,3034070"
"201900039350";"26";"2";"2019";"09:52";"1";"75";"75118";"2";"1";"1";"3";"BOULEVARD PERIPHERIQUE";"48,9009930";"2,3412750"
"201900039351";"25";"2";"2019";"06:31";"5";"75";"75115";"2";"2";"1";"3";"RUE DE LA CROIX NIVERT";"48,8429020";"2,2950700"
"201900039352";"24";"2";"2019";"21:18";"5";"75";"75116";"2";"2";"1";"6";"RUE D AUTEUIL";"48,8482800";"2,2601700"
"201900039353";"24";"2";"2019";"09:15";"1";"75";"75101";"2";"2";"1";"6";"RUE DE RIVOLI";"48,8609140";"2,3408470"
"201900039354";"21";"2";"2019";"17:15";"2";"75";"75112";"2";"1";"1";"4";"BOULEVARD PERIPHERIQUE";"48,8395700";"2,4134770"
"201900039355";"16";"1";"2019";"07:28";"5";"75";"75107";"2";"2";"1";"3";"BOULEVARD DES INVALIDES";"48,8518060";"2,3144930"
"201900039356";"28";"2";"2019";"14:30";"1";"75";"75105";"2";"2";"1";"3";"RUE SAINT JACQUES";"48,8433530";"2,3415520"
"201900039357";"25";"2";"2019";"13:10";"1";"75";"75105";"2";"3";"7";"3";"RUE BERTHOLLET";"48,8382630";"2,3456210"
"201900039358";"28";"2";"2019";"17:00";"1";"75";"75120";"2";"1";"1";"6";"RUE DES COURONNES";"48,8704100";"2,3867400"
"201900039359";"28";"2";"2019";"12:23";"1";"75";"75120";"2";"4";"1";"6";"RUE DES RIGOLES";"48,8714770";"2,3956610"
"201900039360";"25";"2";"2019";"14:20";"1";"75";"75120";"2";"3";"1";"3";"RUE DES PYRENEES";"48,8539940";"2,4057270"
"201900039361";"3";"3";"2019";"18:30";"5";"75";"75119";"2";"2";"1";"6";"AVENUE JEAN JAURES";"48,8877960";"2,3892830"
"201900039362";"3";"3";"2019";"12:40";"1";"75";"75119";"2";"1";"1";"6";"AVENUE DE FLANDRE";"48,8849080";"2,3695130"
"201900039363";"3";"3";"2019";"11:25";"1";"75";"75119";"2";"3";"1";"6";"RUE DE JOINVILLE";"48,8903400";"2,3790820"
"201900039364";"2";"3";"2019";"17:35";"1";"75";"75119";"2";"2";"1";"6";"AVENUE DE FLANDRE";"48,8884820";"2,3738700"
"201900039365";"1";"3";"2019";"09:55";"1";"75";"75119";"2";"3";"2";"3";"RUE DE BELLEVILLE";"48,8725380";"2,3785520"
"201900039366";"28";"2";"2019";"12:05";"1";"75";"75119";"2";"3";"1";"3";"BOULEVARD MACDONALD";"48,8987720";"2,3741050"
"201900039367";"26";"2";"2019";"11:50";"1";"75";"75119";"2";"1";"1";"2";"RUE ARMAND CARREL";"48,8826930";"2,3780290"
"201900039368";"26";"2";"2019";"08:35";"1";"75";"75119";"2";"1";"1";"3";"AVENUE DE FLANDRE";"48,8914650";"2,3779860"
"201900039369";"25";"2";"2019";"14:00";"1";"75";"75119";"2";"1";"1";"3";"BOULEVARD MACDONALD";"48,8988740";"2,3795620"
"201900039370";"2";"3";"2019";"10:30";"1";"75";"75118";"2";"1";"8";"1";"AVENUE DE LA PORTE DE MONTMARTRE";"48,8983260";"2,3369830"
"201900039371";"1";"3";"2019";"08:10";"2";"75";"75118";"2";"3";"2";"6";"RUE DE L EVANGILE";"48,8954380";"2,3703050"
"201900039372";"28";"2";"2019";"20:20";"5";"75";"75118";"2";"4";"2";"6";"BOULEVARD NEY";"48,8975230";"2,3294040"
"201900039373";"27";"2";"2019";"18:50";"1";"75";"75118";"2";"7";"1";"3";"BOULEVARD DE LA CHAPELLE";"48,8845310";"2,3593380"
"201900039374";"27";"2";"2019";"15:30";"1";"75";"75118";"2";"3";"1";"3";"RUE DE LA CHAPELLE";"48,8927090";"2,3597290"
"201900039375";"3";"3";"2019";"14:15";"1";"75";"75117";"2";"2";"1";"3";"RUE DE COURCELLES";"48,8875480";"2,2947210"
"201900039376";"3";"3";"2019";"07:05";"2";"75";"75117";"2";"4";"1";"2";"BD PERIPHERIQUE EXTERIEUR";"48,8978240";"2,3131460"
"201900039377";"1";"3";"2019";"13:25";"1";"75";"75117";"2";"7";"2";"3";"BOULEVARD DE COURCELLES";"48,8803970";"2,3087800"
"201900039378";"1";"3";"2019";"10:30";"1";"75";"75117";"2";"1";"2";"3";"RUE DES MOINES";"48,8896410";"2,3201780"
"201900039379";"26";"2";"2019";"23:30";"5";"75";"75117";"2";"3";"1";"6";"RUE DARCET";"48,8832320";"2,3253190"
"201900039380";"26";"2";"2019";"10:50";"1";"75";"75117";"2";"7";"1";"2";"PLACE PAUL LEAUTAUD";"48,8872280";"2,2979680"
"201900039381";"25";"2";"2019";"10:30";"1";"75";"75117";"2";"2";"1";"6";"BOULEVARD MALESHERBES";"48,8827700";"2,3101910"
"201900039382";"3";"3";"2019";"02:55";"5";"75";"75116";"2";"4";"1";"6";"AVENUE DE LA PORTE D AUTEUIL";"48,8479540";"2,2532540"
"201900039383";"1";"3";"2019";"12:35";"1";"75";"75116";"2";"2";"1";"3";"AVENUE THEOPHILE GAUTIER";"48,8499390";"2,2722040"
"201900039384";"1";"3";"2019";"12:40";"1";"75";"75116";"2";"2";"1";"3";"RUE CORTAMBERT";"48,8612080";"2,2793140"
"201900039385";"28";"2";"2019";"12:00";"1";"75";"75116";"2";"1";"1";"2";"QUAI LOUIS BLERIOT";"48,8438640";"2,2712760"
"201900039386";"28";"2";"2019";"09:17";"1";"75";"75116";"2";"2";"1";"6";"PONT D IENA";"48,8603710";"2,2912160"
"201900039387";"27";"2";"2019";"04:35";"5";"75";"75116";"2";"3";"1";"3";"RUE JEAN DE LA FONTAINE";"48,8516320";"2,2734740"
"201900039388";"26";"2";"2019";"18:45";"2";"75";"75116";"2";"1";"1";"3";"CARREFOUR DES CASCADES";"48,8611680";"2,2398320"
"201900039389";"25";"2";"2019";"12:30";"1";"75";"75116";"2";"1";"1";"6";"ROUTE DE SEVRES A NEUILLY";"48,8629420";"2,2387900"
"201900039390";"25";"2";"2019";"11:45";"1";"75";"75116";"2";"3";"1";"3";"BOULEVARD MURAT";"48,8444140";"2,2570870"
"201900039391";"28";"2";"2019";"08:05";"1";"75";"75115";"2";"2";"1";"2";"RUE DE LA PORTE D ISSY";"48,8321000";"2,2809300"
"201900039392";"27";"2";"2019";"20:05";"5";"75";"75115";"2";"1";"1";"3";"PONT DE GRENELLE";"48,8499600";"2,2806350"
"201900039393";"27";"2";"2019";"15:50";"1";"75";"75115";"2";"2";"1";"3";"PLACE FERNAND FOREST";"48,8493480";"2,2816170"
"201900039394";"26";"2";"2019";"07:15";"2";"75";"75115";"2";"2";"1";"5";"RUE LOUIS VICAT";"48,8254880";"2,3002460"
"201900039395";"26";"2";"2019";"08:50";"1";"75";"75115";"2";"3";"1";"6";"RUE BRANCION";"48,8351560";"2,3055680"
"201900039396";"24";"2";"2019";"17:55";"1";"75";"75115";"2";"2";"1";"3";"RUE MARMONTEL";"48,8371830";"2,3001450"
"201900039397";"3";"3";"2019";"09:25";"1";"75";"75114";"2";"2";"1";"6";"RUE D ALESIA";"48,8293130";"2,3226650"
"201900039398";"1";"3";"2019";"23:39";"5";"75";"75114";"2";"3";"1";"6";"AVENUE DU MAINE";"48,8314630";"2,3253730"
"201900039399";"1";"3";"2019";"14:14";"1";"75";"75114";"2";"7";"8";"6";"BOULEVARD BRUNE";"48,8230510";"2,3254880"
"201900039400";"1";"3";"2019";"10:40";"1";"75";"75114";"2";"3";"2";"6";"RUE RAYMOND LOSSERAND";"48,8343990";"2,3189130"
"201900039401";"28";"2";"2019";"09:35";"1";"75";"75114";"2";"1";"1";"3";"AVENUE DENFERT ROCHEREAU";"48,8355360";"2,3334610"
"201900039402";"28";"2";"2019";"03:20";"5";"75";"75114";"2";"1";"1";"6";"BOULEVARD SAINT JACQUES";"48,8326210";"2,3387280"
"201900039403";"28";"2";"2019";"12:10";"1";"75";"75113";"2";"1";"1";"3";"BOULEVARD VINCENT AURIOL";"48,8317170";"2,3591380"
"201900039404";"28";"2";"2019";"09:00";"1";"75";"75113";"2";"3";"1";"6";"RUE BOURGON";"48,8230160";"2,3582640"
"201900039405";"26";"2";"2019";"12:20";"1";"75";"75105";"2";"1";"1";"3";"BOULEVARD DE PORT ROYAL";"48,8382160";"2,3429080"
"201900039406";"25";"2";"2019";"21:10";"5";"75";"75113";"2";"7";"1";"6";"PLACE D ITALIE";"48,8309770";"2,3555580"
"201900039407";"25";"2";"2019";"10:30";"1";"75";"75113";"2";"2";"1";"6";"RUE BRUNESEAU";"48,8256730";"2,3820800"
"201900039408";"28";"2";"2019";"19:05";"5";"75";"75112";"2";"2";"2";"6";"AVENUE DAUMESNIL";"48,8486490";"2,3725550"
"201900039409";"28";"2";"2019";"01:50";"5";"75";"75111";"2";"2";"1";"2";"RUE DU FAUBOURG SAINT ANTOINE";"48,8513010";"2,3761410"
"201900039410";"27";"2";"2019";"18:30";"2";"75";"75112";"2";"2";"1";"6";"RUE JOSEPH KESSEL";"48,8352980";"2,3853490"
"201900039411";"27";"2";"2019";"16:25";"1";"75";"75112";"2";"1";"1";"3";"BOULEVARD SOULT";"48,8440240";"2,4100760"
"201900039412";"26";"2";"2019";"15:40";"1";"75";"75112";"2";"1";"1";"3";"AVENUE EMILE LAURENT";"48,8411750";"2,4123390"
"201900039413";"26";"2";"2019";"16:00";"1";"75";"75112";"2";"7";"1";"3";"RUE DE LYON";"48,8528270";"2,3690920"
"201900039414";"26";"2";"2019";"13:30";"1";"75";"75112";"2";"1";"1";"3";"BOULEVARD DIDEROT";"48,8474930";"2,3880790"
"201900039415";"24";"2";"2019";"20:45";"5";"75";"75112";"2";"1";"1";"3";"RUE DE REUILLY";"48,8495250";"2,3850660"
"201900039416";"3";"3";"2019";"02:20";"5";"75";"75111";"2";"3";"1";"2";"AVENUE DE LA REPUBLIQUE";"48,8635840";"2,3833830"
"201900039417";"28";"2";"2019";"19:45";"5";"75";"75111";"2";"2";"2";"6";"RUE ALEXANDRE DUMAS";"48,8543090";"2,3959120"
"201900039418";"27";"2";"2019";"15:00";"1";"75";"75111";"2";"4";"1";"7";"RUE RICHARD LENOIR";"48,8573690";"2,3808490"
"201900039419";"26";"2";"2019";"11:40";"1";"75";"75111";"2";"2";"1";"3";"BOULEVARD BEAUMARCHAIS";"48,8558060";"2,3684890"
"201900039420";"26";"2";"2019";"09:00";"1";"75";"75111";"2";"3";"1";"3";"RUE AMELOT";"48,8612400";"2,3677150"
"201900039421";"25";"2";"2019";"19:20";"5";"75";"75111";"2";"2";"1";"3";"AVENUE DE LA REPUBLIQUE";"48,8640090";"2,3811940"
"201900039422";"28";"2";"2019";"20:10";"5";"75";"75110";"2";"1";"2";"6";"RUE DU FAUBOURG SAINT MARTIN";"48,8821480";"2,3664380"
"201900039423";"27";"2";"2019";"07:30";"2";"75";"75110";"2";"1";"1";"3";"RUE DU FAUBOURG SAINT MARTIN";"48,8807840";"2,3647550"
"201900039424";"26";"2";"2019";"16:15";"1";"75";"75110";"2";"1";"1";"6";"QUAI DE JEMMAPES";"48,8797220";"2,3682500"
"201900039425";"25";"2";"2019";"20:45";"5";"75";"75110";"2";"5";"1";"6";"BOULEVARD DE MAGENTA";"48,8806200";"2,3521740"
"201900039426";"25";"2";"2019";"15:40";"1";"75";"75110";"2";"2";"1";"6";"RUE LA FAYETTE";"48,8797290";"2,3586700"
"201900039427";"1";"3";"2019";"14:35";"1";"75";"75109";"2";"3";"2";"3";"RUE DES MARTYRS";"48,8793830";"2,3400270"
"201900039428";"25";"2";"2019";"15:20";"1";"75";"75109";"2";"3";"1";"6";"RUE CHARRAS";"48,8734220";"2,3296900"
"201900039429";"24";"2";"2019";"14:00";"1";"75";"75109";"2";"3";"1";"3";"RUE DE LA CHAUSSEE D ANTIN";"48,8716620";"2,3338230"
"201900039430";"1";"3";"2019";"20:40";"5";"75";"75108";"2";"2";"1";"6";"AVENUE HOCHE";"48,8752100";"2,2984630"
"201900039431";"1";"3";"2019";"14:05";"1";"75";"75108";"2";"1";"2";"2";"BOULEVARD HAUSSMANN";"48,8751790";"2,3166740"
"201900039432";"28";"2";"2019";"13:45";"1";"75";"75108";"2";"1";"1";"3";"RUE ROYALE";"48,8676990";"2,3227620"
"201900039433";"27";"2";"2019";"07:15";"5";"75";"75108";"2";"2";"1";"3";"AVENUE WINSTON CHURCHILL";"48,8649930";"2,3136940"
"201900039434";"26";"2";"2019";"10:55";"1";"75";"75108";"2";"2";"1";"3";"AVENUE DES CHAMPS ELYSEES";"48,8710900";"2,3034890"
"201900039435";"25";"2";"2019";"10:40";"1";"75";"75108";"2";"3";"1";"6";"RUE LAMENNAIS";"48,8734570";"2,3034690"
"201900039436";"3";"3";"2019";"01:30";"5";"75";"75107";"2";"3";"1";"3";"AVENUE BOSQUET";"48,8598400";"2,3028700"
"201900039437";"1";"3";"2019";"11:20";"1";"75";"75101";"2";"2";"2";"7";"PONT AU CHANGE";"48,8572410";"2,3471170"
"201900039438";"25";"2";"2019";"22:35";"5";"75";"75104";"2";"2";"1";"6";"BOULEVARD HENRI IV";"48,8508240";"2,3614290"
"201900039439";"23";"2";"2019";"20:35";"5";"75";"75104";"2";"2";"1";"3";"QUAI DE GESVRES";"48,8567080";"2,3489210"
"201900039440";"2";"3";"2019";"02:30";"5";"75";"75102";"2";"2";"1";"6";"BOULEVARD POISSONNIERE";"48,8714870";"2,3430410"
"201900039441";"26";"2";"2019";"21:20";"5";"75";"75102";"2";"7";"1";"6";"RUE DU QUATRE SEPTEMBRE";"48,8703100";"2,3326210"
"201900039442";"2";"3";"2019";"09:45";"1";"75";"75101";"2";"1";"2";"6";"RUE DU LOUVRE";"48,8627160";"2,3417540"