"Num_Acc";"jour";"mois";"an";"hrmn";"lum";"dep";"com";"agg";"int";"atm";"col";"adr";"lat";"long"
"201900039443";"26";"2";"2019";"09:05";"1";"94";"94077";"2";"1";"1";"2";"LE FOLL (AV)";"48,7281400";"2,4435500"
"201900039444";"25";"2";"2019";"20:45";"5";"94";"94078";"2";"1";"1";"1";"CHOISY (AV DE)";"48,7502832";"2,4309526"
"201900039445";"16";"2";"2019";"16:15";"1";"94";"94078";"2";"1";"1";"2";"PARIS (rue de )";"48,7348100";"2,4469100"
"201900039446";"16";"2";"2019";"06:50";"4";"94";"94078";"2";"1";"1";"4";"PARIS (R DE)";"48,7532600";"2,4447600"
"201900039447";"13";"2";"2019";"20:00";"5";"94";"94078";"2";"1";"1";"3";"PRESIDENT JOHN FITZGERALD KENNEDY (AV DU";"48,7355300";"2,4654400"
"201900039448";"7";"3";"2019";"16:45";"1";"94";"94068";"2";"3";"1";"3";"PIE (QU DE LA)";"48,7882383";"2,4749083"
"201900039449";"26";"2";"2019";"07:50";"1";"94";"94068";"2";"1";"1";"5";"ALMA (AV DE L)";"48,7870100";"2,4952400"
"201900039450";"27";"2";"2019";"23:00";"5";"94";"94042";"2";"1";"1";"3";"GENERAL GALLIENI (AV DU)";"48,8201000";"2,4759000"
"201900039451";"18";"2";"2019";"09:55";"1";"94";"94052";"2";"1";"1";"6";"GALLIENI (BD)";"48,8384800";"2,4862400"
"201900039452";"3";"2";"2019";"00:40";"5";"94";"94015";"2";"3";"1";"3";"GEORGES CLEMENCEAU (AV)";"48,8443900";"2,5314600"
"201900039453";"1";"2";"2019";"12:50";"1";"94";"94042";"2";"1";"8";"6";"GENERAL GALLIENI - PONT DE JOINVILLE (AV";"48,8201717";"2,4684316"
"201900039454";"26";"2";"2019";"19:20";"5";"94";"94046";"2";"2";"1";"3";"GEORGES CLEMENCEAU (AV)";"48,8074100";"2,4434100"
"201900039455";"26";"2";"2019";"18:50";"5";"94";"94046";"2";"3";"1";"7";"JOFFRE (AV)";"48,8155500";"2,4499300"
"201900039456";"19";"2";"2019";"09:00";"1";"94";"94046";"2";"1";"1";"6";"REPUBLIQUE (AV DE LA)";"48,8100300";"2,4554900"
"201900039457";"14";"2";"2019";"22:50";"5";"94";"94046";"2";"4";"1";"3";"LEON BLUM (AV)";"48,7981000";"2,4332000"
"201900039458";"28";"2";"2019";"07:00";"2";"94";"94041";"2";"1";"1";"3";"GEORGES GOSNAT (AV)";"48,8136300";"2,3888300"
"201900039459";"25";"2";"2019";"18:22";"2";"94";"94041";"2";"1";"1";"3";"CHARLES LEROY (R)";"48,8170095";"2,3663521"
"201900039460";"18";"2";"2019";"11:00";"1";"94";"94065";"2";"1";"1";"3";"CHARLES LINDBERGH (AV)";"48,7560700";"2,3463100"
"201900039461";"25";"2";"2019";"11:35";"1";"94";"94033";"2";"1";"1";"6";"STALINGRAD (AV DE)";"48,8516600";"2,4518900"
"201900039462";"25";"2";"2019";"11:45";"1";"94";"94033";"2";"6";"1";"3";"LOUISON BOBET (AV)";"48,8526600";"2,4904300"
"201900039463";"1";"3";"2019";"21:50";"5";"94";"94028";"2";"9";"9";"3";"VERDUN.(AVENUE DE)";"48,7976300";"2,4645400"
"201900039464";"1";"3";"2019";"13:10";"1";"94";"94011";"2";"1";"1";"3";"MARGUERITRES(AVENUE DES)";"48,7686300";"2,4922200"
"201900039465";"1";"3";"2019";"08:50";"1";"94";"94028";"2";"1";"2";"1";"TASSIGNY(AVE DU MARECHAL DE LATTRE DE)";"48,7964500";"2,4578500"
"201900039466";"28";"2";"2019";"16:10";"1";"94";"94028";"2";"9";"1";"4";"TASSIGNY(AVE DU MARECHAL DE LATTRE DE)";"48,7995950";"2,4527950"
"201900039467";"28";"2";"2019";"09:00";"1";"94";"94028";"2";"9";"1";"3";"LECOQ(PASSAGE)";"48,7867800";"2,4689200"
"201900039468";"25";"2";"2019";"12:30";"1";"94";"94028";"2";"9";"1";"6";"GAULLE(AVENUE DU GENERAL DE)";"48,7996100";"2,4651700"
"201900039469";"28";"2";"2019";"17:23";"1";"94";"94022";"2";"1";"2";"6";"JEAN JAURES (R)";"48,7644200";"2,4059100"
"201900039470";"26";"2";"2019";"21:15";"5";"94";"94022";"2";"1";"1";"6";"JEAN JAURES (R)";"48,7652000";"2,4084300"
"201900039471";"26";"2";"2019";"17:20";"1";"94";"94022";"2";"3";"1";"6";"RONDU (AV)";"48,7581700";"2,4118400"
"201900039472";"26";"2";"2019";"16:50";"1";"94";"94022";"2";"1";"1";"2";"GAMBETTA (AV)";"48,7630100";"2,4035300"
"201900039473";"2";"3";"2019";"14:25";"1";"94";"94055";"2";"1";"1";"3";"PINCE VENT - CAR DE PINCE-VENT (AV DE)";"48,7920200";"2,5550800"
"201900039474";"27";"2";"2019";"19:40";"1";"94";"94022";"2";"2";"2";"6";"JEAN JAURES (R)";"48,7644200";"2,4059100"
"201900039475";"27";"2";"2019";"17:15";"1";"94";"94059";"2";"2";"1";"7";"MAURICE BERTEAUX (AV)";"48,8100000";"2,5685000"
"201900039476";"24";"2";"2019";"10:15";"1";"94";"94079";"2";"2";"1";"1";"JEAN MONNET (BD)";"48,8349600";"2,5471700"
"201900039477";"27";"2";"2019";"20:20";"5";"94";"94017";"2";"2";"1";"6";"JALAPA (R DE)";"48,8100000";"2,5200000"
"201900039478";"27";"2";"2019";"09:25";"1";"94";"94017";"2";"2";"1";"6";"PARC (AV DU)";"48,8117800";"2,5569300"
"201900039479";"26";"2";"2019";"12:20";"1";"94";"94017";"2";"9";"1";"3";"ROGER SALENGRO (AV)";"48,8067700";"2,5504100"
"201900039480";"2";"3";"2019";"00:53";"4";"94";"94071";"2";"9";"1";"3";"PARIS (R DE)";"48,7735500";"2,5050340"
"201900039481";"26";"2";"2019";"09:45";"1";"94";"94044";"2";"1";"1";"3";"DESCARTES (AV)";"48,7378600";"2,4950800"
"201900039482";"4";"4";"2019";"10:30";"1";"83";"83137";"2";"9";"1";"6";"ARMARIS (BD DES)";"43,1220000";"5,9814000"
"201900039483";"14";"3";"2019";"08:20";"1";"83";"83129";"2";"6";"1";"3";"JUIN MARECHAL (AV DU)";"43,0956500";"5,8481700"
"201900039484";"6";"4";"2019";"12:55";"1";"82";"82033";"2";"1";"2";"6";"REVOLUTION (53 RUE DE LA) ";"44,0388000";"1,1072700"
"201900039485";"6";"4";"2019";"15:18";"1";"79";"79329";"2";"1";"2";"7";"6 rue Paul Bert";"46,9894100";" -0,2140000"
"201900039486";"4";"4";"2019";"14:00";"1";"79";"79329";"2";"6";"1";"3";"Boulevard Jean-Jaurès";"46,9815300";" -0,2153800"
"201900039487";"5";"4";"2019";"13:55";"1";"78";"78350";"2";"1";"1";"2";"CONTI (QUAI)";"48,8767500";"2,1167200"
"201900039488";"6";"4";"2019";"20:00";"2";"77";"77196";"1";"1";"1";"3";"ROUTE NATIONALE 3";"48,9471530";"2,7216605"
"201900039489";"6";"4";"2019";"19:45";"1";"77";"77514";"2";"3";"1";"3";"ARISTIDE BRIAND (AVENUE)";"48,9492100";"2,6069200"
"201900039490";"6";"4";"2019";"16:40";"1";"77";"77146";"2";"3";"1";"2";"D1406 X BD BEAUBOURG";"48,8234700";"2,6375400"
"201900039491";"4";"4";"2019";"19:45";"1";"77";"77121";"1";"1";"1";"4";"D471";"48,8272401";"2,6697116"
"201900039492";"2";"4";"2019";"08:37";"1";"77";"77152";"1";"3";"1";"3";"D142 - PONTHIERRY(ROUTE DE)";"48,5127500";"2,5912900"
"201900039493";"6";"4";"2019";"14:50";"1";"77";"77464";"2";"6";"1";"3";"D418 X D105B";"48,8991500";"2,7132600"
"201900039494";"4";"4";"2019";"09:00";"1";"77";"77243";"2";"1";"1";"2";"D418-GENERAL LECLERC  (AVENUE DU)";"48,8717001";"2,6840410"
"201900039495";"4";"4";"2019";"14:35";"1";"77";"77186";"2";"1";"1";"6";"FERRARE (RUE DE)";"48,4046100";"2,6981800"
"201900039496";"25";"3";"2019";"18:05";"1";"77";"77139";"2";"1";"1";"6";"VAN WYNGENE (RUE CHARLES)";"48,9106500";"2,6035000"
"201900039497";"4";"4";"2019";"22:40";"5";"76";"76212";"1";"1";"1";"6";"LYONS LA FORET. ROUTE DE";"49,4360300";"1,1420600"
"201900039498";"30";"3";"2019";"20:45";"2";"73";"73065";"2";"2";"1";"6";"JAURES JEAN (AVENUE)";"45,5687173";"5,9132593"
"201900039499";"6";"4";"2019";"16:30";"1";"69";"69266";"2";"1";"1";"6";"FLORIAN      (Rue)";"45,7579600";"4,8805100"
"201900039500";"3";"4";"2019";"18:35";"1";"69";"69275";"2";"3";"1";"3";"EMILE ZOLA                          (R )";"45,7634600";"4,9406900"
"201900039501";"6";"4";"2019";"10:20";"1";"69";"69282";"2";"1";"1";"3";"JEAN JAURES                         (R )";"45,7666400";"5,0059500"
"201900039502";"4";"4";"2019";"15:55";"1";"69";"69290";"2";"2";"1";"3";"ANDRE BOULLOCHE                     (BD)";"45,7215300";"4,9249500"
"201900039503";"4";"4";"2019";"14:15";"1";"69";"69266";"2";"2";"2";"3";"GEORGES MELIES    (Rue)";"45,7767600";"4,8601800"
"201900039504";"3";"4";"2019";"16:10";"1";"69";"69266";"2";"1";"8";"6";"FRANCIS DE PRESSENSE    (Rue)";"45,7712800";"4,8850100"
"201900039505";"4";"4";"2019";"09:10";"1";"69";"69029";"2";"1";"3";"2";"LAURENT BONNEVAY            (BD)";"45,7505400";"4,9071000"
"201900039506";"5";"4";"2019";"06:50";"1";"67";"67482";"2";"1";"1";"3";"ALSACE (AVENUE D )";"48,5868350";"7,7611210"
"201900039507";"5";"4";"2019";"05:55";"3";"67";"67365";"2";"3";"8";"6";"OLIDA (QUAI)";"48,5354840";"7,7164260"
"201900039508";"3";"4";"2019";"18:55";"1";"67";"67482";"2";"2";"2";"3";"SELESTAT (RUE DE)";"48,5657420";"7,7628290"
"201900039509";"5";"4";"2019";"17:00";"1";"65";"65100";"1";"1";"1";"4";"BORDEAUX (ROUTE DE) CD 935";"43,2671530";"0,0711510"
"201900039510";"6";"4";"2019";"01:15";"5";"64";"64445";"2";"1";"2";"1";"PLACE GRAMONT";"43,2964500";" -0,3742700"
"201900039511";"4";"4";"2019";"23:00";"5";"64";"64129";"2";"6";"1";"3";"BAYONNE DE";"43,3050194";" -0,4018754"
"201900039512";"5";"4";"2019";"09:45";"1";"63";"63113";"1";"1";"1";"6";"PRE COMTAL (RUE DE)";"45,7984940";"3,1288370"
"201900039513";"30";"3";"2019";"21:30";"5";"59";"59606";"2";"6";"1";"6";"ARCHERS (RUE DES)";"50,3646400";"3,5232600"
"201900039514";"6";"4";"2019";"13:50";"1";"59";"59324";"1";"1";"1";"6";"MARECHAL LECLERC (RUE DU)";"50,3032473";"4,0850529"
"201900039515";"7";"4";"2019";"00:50";"5";"59";"59328";"2";"1";"1";"6";"BONTE AUGUSTE RUE";"50,6451800";"3,0145700"
"201900039516";"6";"4";"2019";"05:35";"5";"59";"59271";"2";"6";"1";"6";"RN 225";"51,0173395";"2,3204299"
"201900039517";"3";"4";"2019";"16:30";"1";"59";"59273";"1";"2";"1";"3";"RD601 (DÃ©VIÃ©E)";"50,9960200";"2,1619600"
"201900039518";"31";"3";"2019";"19:00";"1";"59";"59203";"1";"1";"1";"6";"POUILLE LUCIEN (RUE)";"50,3492200";"3,3154600"
"201900039519";"2";"4";"2019";"14:10";"1";"59";"59574";"1";"1";"1";"6";"SALENGRO ROGER(RUE)";"50,3811900";"3,2843600"
"201900039520";"3";"4";"2019";"10:41";"1";"57";"57672";"2";"1";"1";"6";"GUISE (AVENUE DE) - IMPAIR";"49,3662100";"6,1670100"
"201900039521";"4";"4";"2019";"13:45";"1";"56";"56121";"2";"1";"1";"3";"LECLERC ( BD GENERAL )";"47,7484600";" -3,3655200"
"201900039522";"3";"4";"2019";"14:30";"1";"54";"54304";"2";"1";"1";"2";"RESISTANCE (AV. DE LA -PAIR-)";"48,6944610";"6,1363640"
"201900039523";"4";"4";"2019";"10:50";"1";"52";"52121";"2";"1";"1";"6";"BLONDEL (RUE ANDRE)";"48,1094500";"5,1401500"
"201900039524";"5";"4";"2019";"16:40";"1";"51";"51454";"2";"1";"1";"7";"RUE DE COURCELLES";"49,2660000";"4,0043800"
"201900039525";"4";"4";"2019";"11:10";"1";"51";"51454";"2";"6";"1";"3";"ROND POINT DE CHAMPAGNE";"49,2125978";"4,0147890"
"201900039526";"4";"4";"2019";"08:05";"1";"50";"50129";"2";"4";"3";"6";"LUMIERE (AVENUE LOUIS)";"49,6320700";" -1,5997900"
"201900039527";"4";"4";"2019";"05:20";"5";"49";"49007";"2";"1";"2";"6";"ORGEMONT";"47,4518800";" -0,5448400"
"201900039528";"3";"4";"2019";"18:46";"1";"49";"49007";"2";"1";"1";"3";"SAUMUROISE IMPASSE ET RUE";"47,4533700";" -0,5269100"
"201900039529";"3";"4";"2019";"12:18";"1";"49";"49007";"1";"1";"1";"6";"ATLANTIQUE  AVENUE DE L'";"47,4692700";" -0,5890100"
"201900039530";"3";"4";"2019";"18:20";"1";"47";"47027";"1";"1";"1";"2";"RAMOUNOT (lieu-dit)";"44,4029100";"0,6681600"
"201900039531";"31";"3";"2019";"11:55";"1";"46";"46042";"2";"1";"1";"6";"CLEMENCEAU (RUE GEORGES)";"44,4457560";"1,4424670"
"201900039532";"5";"4";"2019";"16:06";"1";"45";"45232";"2";"1";"1";"2";"RUE DE BOURGES";"47,8455500";"1,9151400"
"201900039533";"6";"4";"2019";"07:15";"1";"45";"45234";"2";"9";"1";"6";"BD JEAN JAURES";"47,8988380";"1,8948639"
"201900039534";"2";"3";"2019";"07:00";"1";"44";"44009";"2";"1";"1";"7";"PERIPHERIQUE";"47,2137700";" -1,4812600"
"201900039535";"31";"3";"2019";"20:25";"1";"44";"44055";"2";"6";"1";"7";"AVENUE DES NOELLES / BD CHEVREL";"47,2900000";" -2,3944610"
"201900039536";"30";"3";"2019";"17:05";"1";"42";"42207";"2";"1";"1";"3";"GILLET FRANCOIS RUE";"45,4565600";"4,5046200"
"201900039537";"5";"4";"2019";"18:00";"1";"42";"42183";"1";"1";"1";"6";"MOULIN (RUE JEAN)";"45,4079700";"4,3737900"
"201900039538";"5";"4";"2019";"11:05";"1";"41";"41018";"2";"1";"1";"2";"SCHUMAN (AVENUE ROBERT)";"47,6063000";"1,3278500"
"201900039539";"4";"4";"2019";"12:35";"1";"41";"41018";"2";"1";"1";"2";"BRANLY (RUE EDOUARD)";"47,5887300";"1,3127800"
"201900039540";"5";"4";"2019";"13:26";"1";"38";"38544";"2";"1";"1";"3";"VERDUN(COUR DE)";"45,5168200";"4,8689800"
"201900039541";"3";"4";"2019";"10:05";"1";"38";"38544";"1";"1";"2";"1";"GUILLEMOTTES(RUE DES)";"45,5442700";"4,8878200"
"201900039542";"6";"4";"2019";"05:30";"5";"37";"37261";"2";"1";"1";"7";"GRAMMONT (AVENUE DE)";"47,3845900";"0,6913200"
"201900039543";"4";"4";"2019";"20:04";"1";"36";"36044";"2";"1";"1";"6";"RUE CHAUSSET";"46,8067534";"1,6965669"
"201900039544";"4";"4";"2019";"08:52";"1";"36";"36044";"2";"3";"1";"3";"AVENUE DU PONT NEUF/RUE DE LA SEINE";"46,8158000";"1,6846600"
"201900039545";"4";"4";"2019";"21:30";"5";"35";"35238";"2";"3";"1";"3";"VERDUN (BD DE)";"48,1159060";" -1,6914870"
"201900039546";"4";"4";"2019";"13:00";"1";"35";"35238";"2";"1";"1";"6";"VERDUN (BD DE)";"48,1176700";" -1,6880000"
"201900039547";"4";"4";"2019";"12:00";"1";"35";"35238";"2";"1";"1";"3";"BRNO (ALLEE DE)";"48,1279480";" -1,6633590"
"201900039548";"3";"4";"2019";"18:30";"1";"35";"35238";"1";"9";"2";"2";"PORTE DE LORIENT";"48,1110000";" -1,7180000"
"201900039549";"3";"4";"2019";"09:30";"1";"35";"35238";"2";"4";"1";"3";"ROUTE DE ST MALO";"48,1213650";" -1,6830170"
"201900039550";"6";"4";"2019";"00:27";"5";"34";"34172";"2";"1";"1";"6";"ZUCCARELLI (PONT JEAN)";"43,6002700";"3,8964200"
"201900039551";"4";"4";"2019";"17:40";"1";"34";"34172";"2";"1";"1";"3";"Théroigne de Méricourt ( avenue )";"43,5975400";"3,9010900"
"201900039552";"4";"4";"2019";"18:20";"1";"34";"34172";"2";"3";"1";"7";"OASIS (RUE DE L')";"43,6166700";"3,8359900"
"201900039553";"4";"4";"2019";"22:05";"5";"34";"34172";"2";"7";"1";"1";"BRIGADE LEGERE DU LANGUEDOC (PLACE DE LA";"43,6268400";"3,8697700"
"201900039554";"3";"4";"2019";"11:00";"1";"34";"34172";"2";"9";"2";"1";"JOUHAUX (AVENUE LEON)";"43,6046500";"3,8198400"
"201900039555";"30";"3";"2019";"02:30";"5";"33";"33075";"1";"1";"1";"6";"AVE J. CHABAN DELMAS";"44,8968400";" -0,5860100"
"201900039556";"4";"4";"2019";"17:10";"1";"31";"31555";"2";"1";"1";"3";"RUE DU GEN JEAN COMPANS";"43,6093300";"1,4557400"
"201900039557";"4";"4";"2019";"09:15";"1";"31";"31555";"1";"1";"1";"4";"VA007495 A62";"43,6465700";"1,4609700"
"201900039558";"4";"4";"2019";"08:20";"1";"31";"31557";"2";"1";"1";"6";"RUE PIERRE LABATRIE";"43,5788600";"1,3258400"
"201900039559";"3";"4";"2019";"18:40";"1";"31";"31555";"2";"6";"1";"3";"RD916";"43,5587900";"1,4960800"
"201900039560";"3";"4";"2019";"09:37";"1";"29";"29232";"2";"1";"1";"6";"BRADEN ALLEE DU";"47,9862700";" -4,0833700"
"201900039561";"6";"4";"2019";"14:55";"1";"29";"29039";"1";"1";"8";"5";"RD 22";"47,8811717";" -3,8862538"
"201900039562";"6";"4";"2019";"10:30";"1";"29";"29019";"2";"6";"1";"3";"EUROPE (RUE GAL PAULET - RP PEN AR CHLEU";"48,4126400";" -4,4757800"
"201900039563";"5";"4";"2019";"12:15";"1";"29";"29019";"2";"1";"1";"6";"LESVEN JULES (DE 1 A 53 ET 2 A 16)";"48,4006500";" -4,4711000"
"201900039564";"7";"5";"2019";"18:15";"1";"29";"29019";"1";"1";"8";"2";"D112 (PEN AR CH'LEUZ A PONT DESFOSSES)";"48,4250262";" -4,4761080"
"201900039565";"2";"4";"2019";"12:12";"1";"29";"29019";"2";"1";"1";"6";"HUGO VICTOR (DE 1 A 17 ET 2 A 20)";"48,3912300";" -4,4863000"
"201900039566";"5";"4";"2019";"16:20";"1";"28";"28229";"1";"3";"1";"2";"D939";"48,4640007";"1,4283151"
"201900039567";"5";"4";"2019";"08:15";"1";"22";"22278";"2";"1";"2";"2";"CORDERIE (DE LA)";"48,5151330";" -2,7717540"
"201900039568";"4";"4";"2019";"16:50";"1";"21";"21054";"2";"3";"1";"3";"SEURRE (ROUTE DE)";"47,0183300";"4,8636800"
"201900039569";"6";"4";"2019";"01:45";"3";"17";"17028";"1";"9";"1";"2";"RN137";"46,1372690";" -1,1036340"
"201900039570";"4";"4";"2019";"17:15";"1";"17";"17028";"1";"1";"1";"4";"114 PK RN137";"46,1386380";" -1,1043440"
"201900039571";"4";"4";"2019";"17:45";"1";"17";"17291";"2";"1";"1";"6";"FLENEAUX   RUE DES";"46,1812300";" -1,1139800"
"201900039572";"4";"4";"2019";"11:50";"1";"17";"17449";"1";"1";"4";"6";"RD 117";"45,9931500";" -0,8372400"
"201900039573";"6";"4";"2019";"18:50";"1";"14";"14304";"1";"1";"1";"1";"CD 579";"49,3886800";"0,2514800"
"201900039574";"5";"4";"2019";"08:55";"1";"14";"14118";"2";"9";"1";"1";"MARIE (RUE ARMAND)";"49,1670500";" -0,3609400"
"201900039575";"5";"4";"2019";"09:30";"1";"14";"14118";"2";"1";"1";"3";"CHERON (AVENUE HENRI)";"49,1737400";" -0,3919700"
"201900039576";"4";"4";"2019";"19:00";"1";"13";"13071";"2";"3";"1";"3";"MITTERRAND (AVENUE FRANCOIS)";"43,3829510";"5,3453300"
"201900039577";"4";"4";"2019";"07:15";"2";"13";"13103";"2";"1";"8";"3";"BOULEVARD DU ROY RENE";"43,6364300";"5,0954800"
"201900039578";"2";"4";"2019";"02:35";"3";"13";"13056";"2";"1";"1";"7";"FORT DE BOUC ROUTE DU";"43,3901500";"4,9952800"
"201900039579";"3";"4";"2019";"20:00";"2";"13";"13056";"1";"1";"2";"1";"REVEILLA";"43,4187790";"5,0239870"
"201900039580";"6";"4";"2019";"21:00";"5";"13";"13203";"2";"1";"1";"2";"BRIANCON (BOULEVARD)";"43,3186230";"5,3705630"
"201900039581";"6";"4";"2019";"20:45";"2";"13";"13211";"2";"1";"8";"3";"VALBARELLE (BOULEVARD DE LA )";"43,2868800";"5,4461400"
"201900039582";"6";"4";"2019";"21:00";"5";"13";"13201";"2";"2";"1";"1";"VOLTAIRE    PAIRS (BOULEVARD)";"43,3034700";"5,3859200"
"201900039583";"6";"4";"2019";"14:50";"1";"13";"13208";"2";"1";"2";"1";"MADRAGUE DE MONTREDON (AVE DE LA) ";"43,2350540";"5,3602870"
"201900039584";"6";"4";"2019";"09:00";"1";"13";"13207";"2";"2";"1";"3";"SAINTE (RUE)";"43,2924200";"5,3749500"
"201900039585";"5";"4";"2019";"22:30";"5";"13";"13210";"2";"1";"1";"6";"PONT DE VIVAUX (BOULEVARD)";"43,2815900";"5,4269200"
"201900039586";"5";"4";"2019";"19:40";"2";"13";"13215";"2";"1";"1";"6";"HENRI BARNIER (BOULEVARD)";"43,3715400";"5,3483900"
"201900039587";"5";"4";"2019";"19:30";"1";"13";"13207";"2";"1";"1";"2";"Corniche John Fitzgérald Kennedy";"43,2893700";"5,3550000"
"201900039588";"5";"4";"2019";"18:25";"1";"13";"13202";"2";"1";"1";"2";"JOLIETTE (PLACE DE LA)";"43,3047605";"5,3656358"
"201900039589";"5";"4";"2019";"15:50";"1";"13";"13214";"2";"1";"1";"3";"MERIMEE";"43,3280800";"5,3975100"
"201900039590";"5";"4";"2019";"15:55";"1";"13";"13209";"2";"1";"1";"6";"CABOT (BOULEVARD)";"43,2593900";"5,4165300"
"201900039591";"5";"4";"2019";"13:25";"1";"13";"13201";"2";"2";"1";"6";"LEMAITRE (RUE)";"43,2998400";"5,3827300"
"201900039592";"5";"4";"2019";"08:20";"1";"13";"13214";"2";"3";"1";"3";"TOUR SAINTE (AVENUE DE)";"43,3436400";"5,3853100"
"201900039593";"5";"4";"2019";"07:35";"1";"13";"13212";"2";"3";"1";"3";"PIERRE CHEVALIER (avenue)";"43,2943000";"5,4319600"
"201900039594";"5";"4";"2019";"09:00";"1";"13";"13206";"2";"2";"1";"3";"ROME (RUE DE)";"43,2877730";"5,3827780"
"201900039595";"5";"4";"2019";"08:50";"1";"13";"13206";"2";"2";"1";"3";"TILSIT (RUE)";"43,2922800";"5,3875400"
"201900039596";"4";"4";"2019";"22:25";"5";"13";"13208";"2";"1";"1";"2";" MIREILLE JOURDAN-BARRY (BD)";"43,2450800";"5,3757500"
"201900039597";"4";"4";"2019";"21:35";"5";"13";"13208";"2";"3";"1";"3";"RAYMOND TEISSERE (RUE)";"43,2710200";"5,4003300"
"201900039598";"4";"4";"2019";"18:50";"1";"13";"13208";"2";"3";"1";"3";"MICHELET (BOULEVARD)";"43,2664300";"5,3947300"
"201900039599";"4";"4";"2019";"16:15";"1";"13";"13215";"2";"1";"1";"6";"DE SAINT LOUIS AU ROVE (chemin)";"43,3481000";"5,3578600"
"201900039600";"4";"4";"2019";"17:30";"1";"13";"13201";"2";"3";"1";"3";"JULES GUESDE (PLACE)";"43,3017000";"5,3726000"
"201900039601";"4";"4";"2019";"13:00";"1";"13";"13208";"2";"1";"1";"6";"MICHELET (BOULEVARD)";"43,2613290";"5,3976750"
"201900039602";"4";"4";"2019";"07:30";"1";"13";"13214";"2";"1";"1";"6";"MERLAN (AVENUE)";"43,3397080";"5,4077020"
"201900039603";"5";"4";"2019";"09:05";"1";"13";"13028";"2";"1";"1";"2";"PUITS DE BRUNET (CHEMIN DU)";"43,1850700";"5,5994200"
"201900039604";"4";"4";"2019";"18:30";"2";"13";"13001";"1";"9";"1";"3";"BELLEC MAURICE (RTE DU COLONEL)";"43,5799000";"5,4550000"
"201900039605";"6";"4";"2019";"13:35";"1";"12";"12202";"2";"1";"3";"6";"PAUL RAMADIER (BOULEVARD)";"44,3570200";"2,5686600"
"201900039606";"3";"4";"2019";"14:40";"1";"12";"12145";"1";"1";"2";"2";"CAVALERIE (COTE DE LA )";"44,0909400";"3,1150600"
"201900039607";"4";"4";"2019";"12:20";"1";"11";"11262";"2";"1";"8";"7";"JACOBINS (RUE ET PLACE DES)";"43,1821100";"3,0041400"
"201900039608";"5";"4";"2019";"03:40";"3";"11";"11069";"1";"1";"1";"6";"ROCADE SUD RD 6161";"43,2042100";"2,3869200"
"201900039609";"4";"4";"2019";"18:20";"1";"10";"10357";"2";"2";"1";"3";"GAMBETTA (RUE)";"48,3022500";"4,1050600"
"201900039610";"1";"4";"2019";"14:50";"1";"7";"07102";"1";"6";"1";"3";"BEAUCAIRE (AVENUE DE)";"44,9238400";"4,8566800"
"201900039611";"4";"4";"2019";"18:45";"1";"6";"06088";"2";"1";"7";"3";"MATISSE (AV. HENRI)";"43,6746152";"7,2186566"
"201900039612";"4";"4";"2019";"09:50";"1";"6";"06088";"2";"1";"8";"6";"MADELEINE (BD DE LA)";"43,7008904";"7,2371459"
"201900039613";"6";"4";"2019";"22:45";"5";"6";"06069";"2";"1";"2";"7";"DE LATTRE DE TASSIGNY (AVENUE DU MARECHA";"43,6485285";"6,9261602"
"201900039614";"4";"4";"2019";"17:40";"1";"6";"06069";"2";"1";"1";"7";"LIBERATION (AVENUE DE LA)";"43,6422913";"6,9121478"
"201900039615";"5";"4";"2019";"18:30";"1";"6";"06030";"2";"1";"1";"2";"CAMPON (RUE";"43,5744500";"7,0122000"
"201900039616";"5";"4";"2019";"10:24";"1";"6";"06029";"2";"1";"1";"6";"ALEXANDRE III (BOULEVARD )";"43,5464521";"7,0375975"
"201900039617";"5";"4";"2019";"13:15";"1";"6";"06027";"2";"1";"1";"3";"TUILIERES AVENUE DES";"43,6680260";"7,1599990"
"201900039618";"4";"4";"2019";"16:30";"1";"6";"06027";"2";"1";"1";"6";"DELATTRE DE TASSIGNY AV DU MAL";"43,6583260";"7,1633200"
"201900039619";"5";"4";"2019";"19:00";"1";"6";"06004";"2";"1";"1";"1";"CHANCEL BD";"43,5761185";"7,1169342"
"201900039620";"4";"4";"2019";"19:35";"1";"6";"06004";"2";"1";"1";"6";"SOLEAU AV.ROBERT";"43,5844000";"7,1197900"
"201900039621";"4";"4";"2019";"10:50";"1";"6";"06004";"2";"1";"1";"6";"SAINT CLAUDE CH.DE";"43,6020800";"7,0918200"
"201900039622";"4";"4";"2019";"12:50";"1";"5";"05061";"1";"1";"1";"1";"D 292";"44,6011900";"6,1357900"
"201900039623";"3";"4";"2019";"19:50";"2";"5";"05061";"2";"1";"3";"7";"EMILE DIDIER ( AV )";"44,5663100";"6,0943300"
"201900039624";"2";"4";"2019";"13:25";"1";"5";"05061";"1";"4";"8";"2";"D994";"44,5529900";"6,0395000"
"201900039625";"5";"4";"2019";"23:30";"5";"1";"01451";"2";"1";"1";"6";"PARIS (ROUTE DE)";"46,2246400";"5,2069600"
"201900039626";"5";"4";"2019";"16:15";"1";"1";"01451";"1";"3";"1";"4";"MARBOZ RD 996 ( ROUTE DE ) PAIR";"46,2476600";"5,2301200"
"201900039627";"5";"4";"2019";"20:30";"5";"75";"75116";"2";"1";"1";"2";"BOULEVARD PERIPHERIQUE";"48,8735780";"2,2752950"
"201900039628";"5";"4";"2019";"14:05";"1";"75";"75112";"2";"1";"1";"6";"PORTE DE CHARENTON";"48,8336710";"2,4080990"
"201900039629";"5";"4";"2019";"12:00";"1";"75";"75120";"2";"1";"1";"2";"BOULEVARD PERIPHERIQUE";"48,8725260";"2,4126760"
"201900039630";"4";"4";"2019";"19:00";"1";"75";"75116";"2";"1";"1";"4";"PORTE D AUTEUIL";"48,8489240";"2,2528720"
"201900039631";"4";"4";"2019";"16:35";"1";"75";"75113";"2";"1";"1";"3";"PORTE D IVRY";"48,8256750";"2,3866930"
"201900039632";"4";"4";"2019";"15:35";"1";"75";"75120";"2";"1";"1";"5";"PORTE DE MONTREUIL";"48,8518730";"2,4149580"