"Num_Acc";"jour";"mois";"an";"hrmn";"lum";"dep";"com";"agg";"int";"atm";"col";"adr";"lat";"long"
"201900039633";"4";"4";"2019";"15:50";"1";"75";"75115";"2";"4";"1";"6";"QUAI D ISSY LES MOULINEAUX";"48,8354070";"2,2668830"
"201900039634";"4";"4";"2019";"11:05";"1";"75";"75119";"2";"1";"1";"4";"BD PERIPHERIQUE EXTERIEUR";"48,9006060";"2,3739330"
"201900039635";"4";"4";"2019";"09:10";"1";"75";"75117";"2";"1";"1";"2";"PORTE DE SAINT OUEN";"48,9007040";"2,3275140"
"201900039636";"3";"4";"2019";"23:26";"5";"75";"75116";"2";"1";"1";"4";"PORTE DAUPHINE";"48,8690670";"2,2708500"
"201900039637";"4";"4";"2019";"01:50";"5";"75";"75113";"2";"1";"1";"2";"BD PERIPHERIQUE EXTERIEUR";"48,8235130";"2,3823940"
"201900039638";"2";"4";"2019";"14:00";"1";"75";"75116";"2";"1";"1";"2";"ECHANGEUR MUETTE";"48,8610980";"2,2640920"
"201900039639";"2";"4";"2019";"12:45";"1";"75";"75117";"2";"1";"1";"4";"PORTE D ASNIERES";"48,8892370";"2,2961540"
"201900039640";"2";"4";"2019";"05:40";"5";"75";"75120";"2";"1";"2";"4";"PORTE DE BAGNOLET";"48,8696630";"2,4134940"
"201900039641";"20";"3";"2019";"21:30";"5";"75";"75118";"2";"4";"1";"6";"PORTE DE LA CHAPELLE";"48,9008950";"2,3639410"
"201900039642";"6";"4";"2019";"15:50";"1";"75";"75105";"2";"3";"1";"6";"RUE MONGE";"48,8416530";"2,3519880"
"201900039643";"6";"4";"2019";"14:21";"1";"75";"75112";"2";"1";"1";"3";"BOULEVARD DE BERCY";"48,8397980";"2,3832460"
"201900039644";"6";"4";"2019";"13:21";"1";"75";"75107";"2";"2";"1";"3";"QUAI ANATOLE FRANCE";"48,8595540";"2,3292900"
"201900039645";"5";"4";"2019";"11:15";"1";"75";"75114";"2";"3";"1";"6";"AVENUE DU GENERAL LECLERC";"48,8296060";"2,3284170"
"201900039646";"4";"4";"2019";"11:12";"1";"75";"75113";"2";"4";"1";"6";"AVENUE D ITALIE";"48,8283130";"2,3566130"
"201900039647";"4";"4";"2019";"09:28";"1";"75";"75108";"2";"2";"1";"3";"AVENUE WINSTON CHURCHILL";"48,8677390";"2,3139880"
"201900039648";"6";"4";"2019";"02:41";"5";"75";"75105";"2";"2";"1";"3";"RUE DES ECOLES";"48,8495870";"2,3448830"
"201900039649";"6";"4";"2019";"15:30";"1";"75";"75120";"2";"1";"1";"6";"AVENUE GAMBETTA";"48,8635860";"2,3902700"
"201900039650";"6";"4";"2019";"08:55";"1";"75";"75120";"2";"2";"1";"3";"RUE LE BUA";"48,8678090";"2,4035750"
"201900039651";"4";"4";"2019";"00:40";"5";"75";"75112";"2";"2";"1";"6";"RUE TAINE";"48,8373130";"2,3912080"
"201900039652";"5";"4";"2019";"16:45";"1";"75";"75119";"2";"3";"1";"2";"AVENUE DE LA PORTE D AUBERVILLIERS";"48,8987410";"2,3711020"
"201900039653";"6";"4";"2019";"20:25";"5";"75";"75118";"2";"2";"1";"6";"BOULEVARD BARBES";"48,8874340";"2,3495720"
"201900039654";"5";"4";"2019";"23:20";"5";"75";"75118";"2";"3";"1";"3";"RUE MARX DORMOY";"48,8861050";"2,3594890"
"201900039655";"5";"4";"2019";"14:25";"1";"75";"75118";"2";"3";"1";"6";"RUE DES TROIS FRERES";"48,8849660";"2,3404810"
"201900039656";"23";"3";"2019";"19:30";"3";"75";"75118";"2";"1";"1";"5";"BOULEVARD PERIPHERIQUE";"48,9006460";"2,3317220"
"201900039657";"5";"4";"2019";"18:20";"1";"75";"75117";"2";"2";"1";"3";"AVENUE DES TERNES";"48,8801010";"2,2878810"
"201900039658";"5";"4";"2019";"12:45";"1";"75";"75117";"2";"3";"1";"3";"AVENUE DE VILLIERS";"48,8830690";"2,3083510"
"201900039659";"4";"4";"2019";"12:05";"1";"75";"75117";"2";"2";"1";"3";"RUE LEMERCIER";"48,8886050";"2,3202150"
"201900039660";"5";"4";"2019";"23:15";"5";"75";"75116";"2";"1";"1";"2";"AVENUE KLEBER";"48,8647870";"2,2885120"
"201900039661";"5";"4";"2019";"21:50";"5";"75";"75116";"2";"1";"1";"5";"AVENUE DE NEW YORK";"48,8628030";"2,2948270"
"201900039662";"4";"4";"2019";"12:00";"1";"75";"75116";"2";"1";"1";"3";"ROUTE DE SEVRES A NEUILLY";"48,8566030";"2,2375100"
"201900039663";"4";"4";"2019";"12:20";"1";"75";"75116";"2";"2";"1";"6";"AVENUE EDOUARD VAILLANT";"48,8367290";"2,2536720"
"201900039664";"3";"4";"2019";"19:45";"2";"75";"75116";"2";"1";"1";"3";"ALLEE DE LA REINE MARGUERITE";"48,8557890";"2,2430490"
"201900039665";"18";"7";"2019";"21:45";"3";"48";"48135";"1";"1";"1";"7";"D51";"44,4183150";"3,9514400"
"201900039666";"20";"7";"2019";"19:00";"1";"13";"13022";"1";"1";"1";"3";"D41E";"43,2150020";"5,5363760"
"201900039667";"22";"7";"2019";"09:45";"1";"26";"26002";"1";"1";"1";"7";"A7 S/N PK32";"45,2540951";"4,8355079"
"201900039668";"21";"7";"2019";"23:15";"3";"89";"89136";"1";"1";"1";"3";"A19 PK 000+968";"48,2666900";"3,2924730"
"201900039669";"21";"7";"2019";"18:15";"1";"68";"68298";"1";"1";"1";"7";"D416";"48,2469750";"7,2056120"
"201900039670";"16";"7";"2019";"12:12";"1";"67";"67131";"2";"3";"1";"2";"Rue des Fusiliers Marins";"48,4900390";"7,7296560"
"201900039671";"21";"7";"2019";"01:25";"3";"42";"42046";"1";"1";"2";"1";"rd8";"45,6305670";"4,0594660"
"201900039672";"20";"7";"2019";"14:45";"1";"38";"38277";"1";"1";"1";"6";"D529";"45,0033300";"5,7008800"
"201900039673";"21";"7";"2019";"17:00";"1";"38";"38548";"1";"1";"1";"1";"route de rencurel";"45,0736400";"5,5204080"
"201900039674";"20";"7";"2019";"17:50";"1";"65";"65059";"1";"1";"1";"3";"36 Avenue Maquis de Payolle";"43,0535972";"0,1572433"
"201900039675";"17";"7";"2019";"10:26";"1";"35";"35287";"2";"3";"1";"3";"La Gueriplais";"48,6301560";" -2,0918280"
"201900039676";"22";"7";"2019";"14:15";"1";"60";"60491";"2";"4";"1";"3";"Rue Jules Michelet";"49,3485270";"2,9779480"
"201900039677";"21";"7";"2019";"19:00";"1";"62";"62318";"2";"1";"1";"6";"Rue Alfred de Musset";"50,5186940";"1,6476310"
"201900039678";"19";"7";"2019";"19:47";"1";"13";"13055";"1";"1";"1";"2";"A507 sens Marseille - Aubagne";"43,3080500";"5,4249300"
"201900039679";"21";"7";"2019";"05:00";"4";"69";"69266";"1";"1";"1";"2";"RD383   3.750 A 7.640";"45,7650000";"4,9070000"
"201900039680";"20";"7";"2019";"20:05";"1";"91";"91347";"1";"1";"1";"6";"RN 104";"48,6222200";"2,2832200"
"201900039681";"20";"7";"2019";"04:00";"5";"94";"94017";"1";"1";"1";"2";"A86.EXT";"48,8300900";"2,4881000"
"201900039682";"17";"7";"2019";"18:10";"1";"91";"91339";"2";"2";"1";"2";"GUILLERVILLE (RUE DE)";"48,6349200";"2,2665400"
"201900039683";"16";"7";"2019";"13:20";"1";"69";"69264";"2";"6";"1";"3";"BURDEAU BD";"45,9952621";"4,7207288"
"201900039684";"16";"7";"2019";"15:48";"1";"63";"63113";"2";"3";"1";"3";"AURIOL (BOULEBARD VINCENT)";"45,7924100";"3,1188500"
"201900039685";"19";"7";"2019";"07:35";"1";"34";"34172";"2";"6";"1";"3";"rond-point de la Citoyenneté";"43,6251500";"3,8357200"
"201900039686";"19";"7";"2019";"10:20";"1";"13";"13204";"2";"1";"1";"6";"MONTBARD (IMPASSE)";"43,3036903";"5,3952331"
"201900039687";"17";"7";"2019";"23:10";"5";"13";"13207";"2";"2";"1";"3";"SAUVEUR TOBELEM (RUE)";"43,2880100";"5,3634800"
"201900039688";"17";"7";"2019";"17:00";"1";"13";"13201";"2";"1";"1";"6";"LÉON GAMBETTA (ALLEE)";"43,2993940";"5,3821330"
"201900039689";"17";"7";"2019";"14:10";"1";"13";"13207";"2";"1";"1";"6";"CHARLES LIVON (BOULEVARD)";"43,2922050";"5,3603020"
"201900039690";"17";"7";"2019";"10:20";"1";"13";"13204";"2";"1";"1";"6";"SEBASTOPOL (PLACE)";"43,2993800";"5,3977900"
"201900039691";"16";"7";"2019";"20:00";"1";"95";"95212";"1";"1";"1";"6";"RN 104";"49,0289600";"2,5393900"
"201900039692";"16";"7";"2019";"17:30";"1";"93";"93048";"1";"1";"1";"2";"AUTOROUTE A86";"48,8654400";"2,4816400"
"201900039693";"16";"7";"2019";"14:30";"1";"93";"93048";"1";"1";"1";"2";"AUTOROUTE A86";"48,8725110";"2,4477470"
"201900039694";"20";"7";"2019";"15:10";"1";"988";"98818";"2";"2";"1";"1";"RUE JACQUES IEKAWE/RUE ARMAND OHLEN";" -22,2483900";"166,4637700"
"201900039695";"19";"7";"2019";"15:20";"1";"988";"98818";"2";"3";"1";"3";"BOULEVARD VAUBAN";" -22,2685655";"166,4441478"
"201900039696";"19";"7";"2019";"11:20";"1";"976";"97611";"2";"1";"1";"1";"m'tsapere-Macoco Mandzarsoa ( rue )";" -12,7870800";"45,2246200"
"201900039697";"18";"7";"2019";"08:05";"1";"976";"97611";"1";"1";"1";"2";"kaweni-Massakini (rue)";" -12,7642100";"45,2272100"
"201900039698";"19";"7";"2019";"15:15";"1";"974";"97416";"1";"1";"1";"3";"RN03";" -21,3071000";"55,5000900"
"201900039699";"18";"7";"2019";"16:50";"1";"974";"97416";"1";"9";"1";"4";"RN 01";" -21,3311817";"55,4563808"
"201900039700";"18";"7";"2019";"08:00";"1";"974";"97411";"2";"2";"1";"6";"GAULLE (DU GENERAL DE)";" -20,8848500";"55,4609200"
"201900039701";"17";"7";"2019";"08:05";"1";"974";"97411";"2";"2";"1";"6";"OCEAN (BOULEVARD DE L')";" -20,8814600";"55,4570600"
"201900039702";"18";"7";"2019";"08:10";"1";"974";"97407";"2";"6";"1";"3";"ROND POINT TITAN";" -20,9425000";"55,2918000"
"201900039703";"20";"7";"2019";"03:30";"5";"69";"69387";"2";"2";"1";"3";"TONY GARNIER                        (AV)";"45,7317115";"4,8240828"
"201900039704";"19";"7";"2019";"08:40";"1";"69";"69386";"2";"9";"1";"3";"FRANKLIN ROOSEVELT                  (CO)";"45,7692493";"4,8499811"
"201900039705";"18";"7";"2019";"22:58";"5";"69";"69259";"2";"9";"1";"3";"LENINE                              (BD)";"45,6928500";"4,8639800"
"201900039706";"18";"7";"2019";"18:20";"1";"69";"69383";"2";"2";"1";"3";"CLOS SUIPHON                        (R )";"45,7584800";"4,8499500"
"201900039707";"18";"7";"2019";"10:48";"1";"69";"69386";"2";"2";"1";"6";"LAFAYETTE                           (CO)";"45,7636728";"4,8526786"
"201900039708";"18";"7";"2019";"11:30";"1";"69";"69388";"2";"2";"1";"3";"MARIUS BERLIET                      (R )";"45,7390380";"4,8665198"
"201900039709";"18";"7";"2019";"09:45";"1";"69";"69383";"2";"2";"1";"3";"FELIX FAURE                         (AV)";"45,7545300";"4,8664500"
"201900039710";"18";"7";"2019";"09:25";"1";"69";"69386";"2";"1";"1";"7";"CREQUI (DE)                         (R )";"45,7738500";"4,8451100"
"201900039711";"19";"7";"2019";"23:20";"5";"972";"97213";"2";"1";"1";"7";"ERNEST ANDRE (RUE)";"14,6159900";" -61,0008200"
"201900039712";"19";"7";"2019";"10:29";"1";"972";"97213";"2";"1";"1";"7";" A1";"14,6165000";" -61,0156000"
"201900039713";"18";"7";"2019";"02:05";"5";"972";"97213";"2";"1";"1";"7";" 3";"14,6097800";" -60,9958000"
"201900039714";"17";"7";"2019";"14:55";"1";"972";"97213";"2";"1";"1";"4";"LEON GONTRAN DAMAS (RUE)";"14,6155500";" -60,9906200"
"201900039715";"19";"7";"2019";"21:40";"5";"972";"97209";"2";"1";"1";"2";"RELIGIEUSES (ROUTE DES)";"14,6094800";" -61,0601100"
"201900039716";"19";"7";"2019";"17:40";"1";"972";"97209";"2";"1";"1";"7";"SALVATOR ALLENDE (AVENUE)";"14,6103400";" -61,0461400"
"201900039717";"19";"7";"2019";"15:33";"1";"972";"97209";"2";"2";"1";"3";"GENERAL DE GAULLE (BLD DU)";"14,6077100";" -61,0708800"
"201900039718";"18";"7";"2019";"02:30";"3";"972";"97209";"2";"9";"1";"6";"RN9";"14,6153900";" -61,0386300"
"201900039719";"20";"7";"2019";"14:50";"1";"69";"69382";"2";"1";"1";"6";"DOCTEUR GAILLETON (DU)              (QU)";"45,7524200";"4,8334000"
"201900039720";"20";"7";"2019";"06:00";"2";"69";"69382";"2";"1";"1";"7";"BELLECOUR                           (PL)";"45,7583800";"4,8326300"
"201900039721";"19";"7";"2019";"16:30";"1";"69";"69385";"2";"2";"1";"6";"TOURVIELLE (DE)                     (R )";"45,7543684";"4,7960433"
"201900039722";"18";"7";"2019";"06:45";"2";"69";"69389";"2";"1";"1";"7";"ARLOING                             (QU)";"45,7730100";"4,8102700"
"201900039723";"17";"7";"2019";"18:40";"1";"2B";"2B033";"1";"1";"1";"1";"11 - RT";"42,6670300";"9,4426400"
"201900039724";"17";"7";"2019";"13:00";"1";"971";"97101";"2";"1";"9";"6";"POINTE D'OR";"16,2915200";" -61,4950000"
"201900039725";"18";"7";"2019";"12:05";"1";"2A";"2A004";"2";"3";"1";"3";"BIANCAMARIA COLONEL ET CAPITAINE AVE";"41,9329634";"8,7373966"
"201900039726";"16";"4";"2019";"20:15";"1";"95";"95427";"2";"1";"1";"6";"MAURICE BERTEAUX (RUE)";"48,9747800";"2,3470100"
"201900039727";"19";"7";"2019";"11:35";"1";"91";"91692";"1";"1";"1";"3";"ATLANTIQUE (AVENUE DE L')";"48,6832500";"2,1993800"
"201900039728";"18";"7";"2019";"20:00";"1";"91";"91326";"2";"1";"1";"7";"JEAN-PIERRE TIMBAUD (QUAI)";"48,6900000";"2,3800000"
"201900039729";"18";"7";"2019";"19:00";"1";"91";"91434";"2";"5";"1";"3";"BOULEAUX (IMPAIRS DU 115 AU 147) (AVENUE";"48,6546600";"2,3641200"
"201900039730";"20";"7";"2019";"17:00";"1";"91";"91223";"1";"1";"1";"3";"R.D.721";"48,4162200";"2,1782500"
"201900039731";"17";"7";"2019";"12:30";"1";"91";"91174";"2";"1";"1";"7";"GEORGES LEDU";"48,5946500";"2,4727900"
"201900039732";"18";"7";"2019";"22:30";"5";"91";"91425";"2";"3";"1";"3";"EUROPE (PLACE DE L')";"48,6400000";"2,2670000"
"201900039733";"15";"7";"2019";"11:05";"1";"89";"89024";"2";"1";"1";"6";"REPUBLIQUE (QUAI DE LA)";"47,7969900";"3,5749700"
"201900039734";"18";"7";"2019";"22:02";"3";"87";"87085";"2";"1";"1";"6";"PRE SAINT YRIEIX ( ROUTE DU)";"45,7973300";"1,2556200"
"201900039735";"18";"7";"2019";"18:15";"1";"87";"87114";"2";"1";"1";"4";"BLUM (AVENUE LEON-)";"45,8326300";"1,3045500"
"201900039736";"18";"7";"2019";"12:01";"1";"87";"87085";"2";"1";"1";"6";"GIFFARD (RUE HENRI)";"45,8702000";"1,2689000"
"201900039737";"17";"7";"2019";"18:40";"1";"87";"87085";"2";"1";"1";"6";"TOULOUSE (RUE DE)";"45,8018200";"1,2940000"
"201900039738";"15";"7";"2019";"00:40";"5";"86";"86194";"2";"1";"1";"6";"LE PELETIER (AVENUE)";"46,5874300";"0,3727900"
"201900039739";"14";"7";"2019";"23:13";"5";"84";"84007";"2";"5";"1";"3";"MARSEILLE (Route de )";"43,9339400";"4,8317300"
"201900039740";"17";"7";"2019";"01:25";"5";"84";"84007";"2";"1";"1";"3";"LIMBERT (Boulevard)";"43,9468000";"4,8176000"
"201900039741";"18";"7";"2019";"17:20";"1";"83";"83126";"2";"1";"1";"3";"LOUIS (CHEMIN ANDRE)";"43,1182600";"5,8810000"
"201900039742";"18";"7";"2019";"13:20";"1";"83";"83126";"1";"1";"1";"6";"AV DE LA 1ERE ARMEE FRANCAISE";"43,1112460";"5,8808930"
"201900039743";"21";"6";"2019";"20:30";"1";"83";"83034";"1";"5";"1";"2";"RUE DES 3 PINS";"43,1002000";"6,0614000"
"201900039744";"17";"7";"2019";"13:20";"1";"83";"83034";"2";"1";"1";"7";"ROUTE DE LA BENOITE";"43,0909800";"6,0764600"
"201900039745";"19";"7";"2019";"17:47";"1";"82";"82121";"2";"1";"1";"3";"ABBAYE (RUE DE L')";"44,0049600";"1,3561100"
"201900039746";"18";"7";"2019";"20:40";"1";"81";"81144";"1";"1";"1";"3";"RN88 ";"43,9614320";"2,1790173"
"201900039747";"16";"7";"2019";"17:00";"1";"78";"78551";"1";"3";"1";"3";"route forestière des pavillons";"48,9595900";"2,1316800"
"201900039748";"8";"7";"2019";"23:50";"5";"78";"78490";"2";"1";"1";"3";"DE GAULLE (AVENUE DU GENERAL)";"48,8238000";"1,9544000"
"201900039749";"18";"7";"2019";"16:45";"1";"78";"78123";"2";"3";"1";"3";"PELLETIER BD";"48,9415400";"2,0377200"
"201900039750";"19";"7";"2019";"23:35";"3";"77";"77462";"1";"1";"1";"2";"ROUTE NATIONALE 2";"49,0177700";"2,6601900"
"201900039751";"19";"7";"2019";"15:30";"1";"77";"77258";"2";"4";"1";"3";"D10P X BRET. SORTIE D499ULEVARD DU)";"48,8389000";"2,6263000"
"201900039752";"18";"7";"2019";"21:30";"2";"77";"77445";"2";"3";"8";"3";"MENDES-FRANCE (AVENUE PIERRE)";"48,5961360";"2,5739260"
"201900039753";"18";"7";"2019";"08:40";"1";"77";"77288";"1";"1";"1";"5";"D605-ROCADE MELUN NORD";"48,5530300";"2,6583800"
"201900039754";"18";"7";"2019";"13:05";"1";"77";"77284";"2";"1";"1";"2";"VARREDES (ROUTE DE)";"48,9693000";"2,9013000"
"201900039755";"19";"7";"2019";"09:40";"1";"76";"76540";"2";"2";"1";"3";"BELGES. BOULEVARD DES";"49,4416900";"1,0834800"
"201900039756";"17";"7";"2019";"20:10";"1";"76";"76103";"2";"1";"1";"6";"REQUIER. RUE ARMAND";"49,4251900";"1,1265700"
"201900039757";"18";"7";"2019";"09:00";"1";"76";"76497";"1";"1";"1";"5";"RN 138";"49,3819700";"1,0516200"
"201900039758";"17";"7";"2019";"17:17";"1";"76";"76575";"1";"2";"1";"2";"A 13 - D 18 E (BRETELLE D'ACCES)";"49,3811700";"1,1097900"
"201900039759";"17";"7";"2019";"16:10";"1";"76";"76351";"2";"3";"1";"3";"PIERRE FARCIS";"49,5172900";"0,0970600"
"201900039760";"20";"7";"2019";"17:17";"1";"74";"74008";"2";"1";"1";"3";"NEGOCIANTS (RUE DES)";"46,1948000";"6,2277100"
"201900039761";"17";"7";"2019";"17:30";"1";"71";"71153";"2";"1";"1";"6";"SAINT SERNIN (ROUTE DE)";"46,8114100";"4,4316700"
"201900039762";"19";"7";"2019";"20:40";"1";"69";"69266";"2";"2";"1";"3";"ROGER SALENGRO     (Avenue)";"45,7783500";"4,8794700"
"201900039763";"19";"7";"2019";"09:10";"1";"69";"69266";"2";"2";"1";"3";"EMILE ZOLA     (Cours)";"45,7702300";"4,8755600"
"201900039764";"17";"7";"2019";"18:35";"1";"69";"69266";"2";"3";"1";"3";"ANTOINE PRIMAT     (Rue)";"45,7581000";"4,8910000"
"201900039765";"18";"7";"2019";"19:45";"1";"67";"67482";"2";"3";"1";"1";"CAPUCINS (RUE DES)";"48,5779390";"7,7039110"
"201900039766";"18";"7";"2019";"19:08";"1";"67";"67447";"2";"3";"1";"1";"DE LATTRE DE TASSIGNY (RUE)";"48,6069800";"7,7453200"
"201900039767";"18";"7";"2019";"11:40";"1";"67";"67043";"2";"3";"1";"6";"GENERAL LECLERC (RUE DU)";"48,6140500";"7,7522800"
"201900039768";"17";"7";"2019";"17:00";"1";"64";"64122";"2";"1";"1";"6";"MADRID (RUE DE)";"43,4687400";" -1,5701100"
"201900039769";"12";"7";"2019";"23:00";"5";"64";"64125";"2";"1";"1";"6";"CUMBA (AVENUE)";"43,4470157";" -1,5772677"
"201900039770";"20";"7";"2019";"13:50";"1";"62";"62193";"2";"1";"1";"2";"JACQUARD (BOULEVARD)";"50,9537700";"1,8511400"
"201900039771";"18";"7";"2019";"19:10";"1";"60";"60057";"1";"1";"2";"1";"ROCADE NORD -NOTRE DAME DU THIL";"49,4605100";"2,0644300"
"201900039772";"12";"7";"2019";"01:55";"3";"59";"59613";"1";"1";"1";"6";"RD 50";"50,4068500";"3,6084200"
"201900039773";"19";"7";"2019";"21:00";"2";"59";"59599";"2";"1";"1";"6";"DELROEUX (RUE DU CAPORAL)";"50,7402800";"3,1825400"
"201900039774";"19";"7";"2019";"08:35";"1";"59";"59512";"2";"2";"1";"3";"COLMAR (BOULEVARD DE)";"50,6927600";"3,1890000"
"201900039775";"19";"7";"2019";"17:35";"1";"59";"59392";"1";"1";"1";"6";"VOIE RAPIDE MAUBEUGE / JEUMONT";"50,2880110";"4,0078880"
"201900039776";"12";"7";"2019";"18:05";"1";"57";"57672";"2";"6";"1";"3";"ASIE (CHAUSSEE D') - PAIR";"49,3620400";"6,1463800"
"201900039777";"17";"7";"2019";"20:05";"1";"57";"57119";"2";"3";"1";"3";"SARREBOURG";"48,7298642";"7,0662723"
"201900039778";"18";"7";"2019";"09:00";"1";"56";"56098";"2";"4";"2";"3";"GAGARINE (RUE  YOURI )";"47,7743900";" -3,3403800"
"201900039779";"17";"7";"2019";"14:27";"1";"56";"56121";"2";"1";"1";"6";"LECLERC ( BD GENERAL )";"47,7485100";" -3,3655300"
"201900039780";"12";"7";"2019";"18:58";"1";"54";"54184";"2";"1";"1";"3";"FOCH (AVENUE)";"48,7052060";"6,2247650"
"201900039781";"12";"7";"2019";"12:30";"1";"54";"54395";"2";"1";"1";"6";"MON DESERT (RUE)";"48,6828390";"6,1698440"
"201900039782";"12";"7";"2019";"16:00";"1";"54";"54395";"1";"1";"1";"7";"BOUFFLERS (AV. DE 74 A 334 - 53 A 399)";"48,6910650";"6,1532100"
"201900039783";"20";"7";"2019";"02:05";"5";"51";"51454";"2";"1";"1";"7";"BOULEVARD DU GENERAL LECLERC";"49,2526139";"4,0216972"
"201900039784";"20";"7";"2019";"00:43";"5";"51";"51454";"2";"2";"1";"1";"RUE DU CADRAN SAINT PIERRE";"49,2558972";"4,0296917"
"201900039785";"19";"7";"2019";"15:15";"1";"50";"50532";"2";"1";"1";"7";"TOMBELAINE (RUE)";"48,7907500";" -1,5643850"
"201900039786";"19";"7";"2019";"05:15";"5";"50";"50129";"2";"3";"1";"3";"POLLE (RUE DE LA)";"49,6414500";" -1,6432100"
"201900039787";"18";"7";"2019";"16:43";"1";"49";"49007";"2";"1";"1";"6";"CHAPEAU DE GENDARME";"47,4515800";" -0,5548400"
"201900039788";"18";"7";"2019";"15:13";"1";"49";"49353";"2";"1";"1";"1";"GARE";"47,4514700";" -0,4667600"
"201900039789";"17";"7";"2019";"14:27";"1";"49";"49007";"2";"1";"1";"2";"LIBERTE BOULEVARD";"47,4486400";" -0,5379600"
"201900039790";"15";"7";"2019";"10:30";"1";"47";"47215";"1";"1";"1";"1";"RN 21";"44,3840400";"0,7124600"
"201900039791";"20";"7";"2019";"13:00";"1";"45";"45286";"2";"3";"1";"3";"AV G GALLOUX - R DE LA CORNAILLERE";"47,8707143";"1,9307103"
"201900039792";"19";"7";"2019";"19:05";"1";"45";"45169";"2";"1";"1";"7";"RTE DE LA CHAPELLE";"47,9102550";"1,8304409"
"201900039793";"19";"7";"2019";"23:00";"2";"44";"44109";"2";"1";"1";"6";"RUE PITRE CHEVALIER";"47,2243100";" -1,5500400"
"201900039794";"19";"7";"2019";"02:30";"5";"44";"44109";"2";"5";"1";"6";"PLACE DE L'EDIT DE NANTES / IMPASSE ROSIERE D'ARTOIS";"47,2145900";" -1,5673900"
"201900039795";"18";"7";"2019";"21:15";"1";"44";"44109";"2";"1";"7";"6";"CHEMIN DE L'ECOBUT";"47,2406130";" -1,5094620"
"201900039796";"18";"7";"2019";"14:00";"1";"44";"44109";"1";"1";"2";"4";"PONT DE CHEVIRE";"47,1930050";" -1,6136290"
"201900039797";"17";"7";"2019";"20:00";"1";"44";"44109";"2";"7";"1";"6";"BOULEVARD JEAN INGRES";"47,2220400";" -1,6011600"
"201900039798";"19";"7";"2019";"23:30";"5";"42";"42187";"2";"2";"1";"6";"MARENGO (RUE)";"46,0377800";"4,0754200"
"201900039799";"20";"7";"2019";"06:10";"2";"42";"42095";"2";"2";"1";"1";"SAINT-JUST-MALMONT (RUE DE)";"45,3837800";"4,2905300"
"201900039800";"12";"7";"2019";"18:05";"1";"40";"40088";"2";"1";"1";"6";"LASAOSA (BOULEVARD PAUL)";"43,7127700";" -1,0493600"
"201900039801";"20";"7";"2019";"22:30";"5";"38";"38185";"2";"2";"1";"3";"EDMOND ESMONIN (AVENUE)";"45,1619000";"5,7157200"
"201900039802";"12";"6";"2019";"19:55";"1";"38";"38053";"2";"1";"7";"3";"ISLE D'ABEAU (ROUTE DE)";"45,6079200";"5,2539300"
"201900039803";"20";"7";"2019";"13:45";"1";"37";"37261";"2";"2";"1";"3";"ROYER (BD JEAN)";"47,3802451";"0,6893618"
"201900039804";"19";"7";"2019";"17:15";"1";"37";"37122";"2";"1";"1";"6";"COSTES ET BELLONTE (RUE)";"47,3535600";"0,6807800"
"201900039805";"18";"7";"2019";"17:15";"1";"37";"37261";"2";"1";"1";"7";"MONTJOYEUX (AVENUE)";"47,3617944";"0,7025149"
"201900039806";"20";"7";"2019";"19:45";"1";"35";"35278";"2";"9";"1";"2";"ROBIQUETTE (ROND POINT DE LA)";"48,1341100";" -1,6941700"
"201900039807";"20";"7";"2019";"15:40";"1";"35";"35206";"1";"1";"1";"2";"RN136";"48,0795140";" -1,6858760"
"201900039808";"19";"7";"2019";"20:15";"1";"35";"35238";"2";"9";"1";"3";"LEFAS (ALEXANDRE)";"48,1304759";" -1,6565247"
"201900039809";"18";"7";"2019";"05:25";"3";"35";"35238";"1";"1";"1";"2";"ROCADE 10-11";"48,1114880";" -1,7182320"
"201900039810";"18";"7";"2019";"02:00";"3";"35";"35238";"1";"1";"1";"7";"PORTE DE LORIENT";"48,1100800";" -1,7182580"
"201900039811";"20";"7";"2019";"19:35";"1";"34";"34172";"2";"9";"1";"6";"SAINT EXUPERY (ROND-POINT)";"43,5972700";"3,8400600"
"201900039812";"20";"7";"2019";"17:00";"1";"34";"34198";"1";"1";"1";"6";"D66  VOIE RAPIDE";"43,5583500";"3,9635400"
"201900039813";"20";"7";"2019";"17:50";"1";"34";"34172";"2";"1";"1";"3";"LIBERTE (AVENUE DE LA";"43,6097700";"3,8366000"
"201900039814";"19";"7";"2019";"10:45";"1";"34";"34172";"2";"3";"1";"3";"CLEMENCEAU (AVENUE GEORGES)";"43,6028500";"3,8712700"
"201900039815";"19";"7";"2019";"18:25";"1";"34";"34172";"2";"1";"1";"5";"LIBERTE (AVENUE DE LA";"43,6088200";"3,8440300"
"201900039816";"14";"7";"2019";"14:15";"1";"34";"34003";"1";"1";"1";"5";"RD612";"43,3054300";"3,4485300"
"201900039817";"20";"7";"2019";"20:10";"1";"33";"33192";"2";"3";"1";"3";"GAULLE (CRS DU GENERAL DE)";"44,7835000";" -0,6068000"
"201900039818";"20";"7";"2019";"18:50";"1";"33";"33249";"2";"1";"1";"6";"BRUTAILS (RUE JEAN AUGUSTE)";"44,8843500";" -0,5235900"
"201900039819";"19";"7";"2019";"23:21";"3";"33";"33032";"1";"6";"1";"6";"Avenue des Guerlandes - VTA fait du ""RUN"" - ""RODEO"" projette VT en stationnment avec occupant sur piétonne";"44,9235000";" -0,5312000"
"201900039820";"18";"7";"2019";"21:10";"2";"33";"33063";"2";"3";"1";"2";"R. de l'Ecole Normale / R. de l'Hermitage (Caudéran)";"44,8474260";" -0,6009210"