"Num_Acc";"jour";"mois";"an";"hrmn";"lum";"dep";"com";"agg";"int";"atm";"col";"adr";"lat";"long"
"201900039821";"9";"7";"2019";"20:15";"1";"33";"33063";"2";"9";"1";"6";"RUE DE SEM";"44,8411200";" -0,5620700"
"201900039822";"18";"7";"2019";"13:55";"1";"33";"33529";"2";"1";"1";"3";"DE GAULLE (AVE GAL) DU 01 ET +";"44,6350900";" -1,1348500"
"201900039823";"19";"7";"2019";"09:50";"1";"31";"31555";"2";"1";"1";"6";"BD LASCROSSES";"43,6103000";"1,4348100"
"201900039824";"18";"7";"2019";"00:11";"5";"31";"31555";"2";"1";"1";"5";"BD LAZARE CARNOT";"43,6038300";"1,4506100"
"201900039825";"19";"7";"2019";"13:10";"1";"30";"30189";"2";"1";"1";"6";"ARTS (AVENUE)";"43,8234700";"4,3356000"
"201900039826";"18";"7";"2019";"15:30";"1";"30";"30189";"2";"1";"1";"1";"MARECHAL JUIN (BOULEVARD)";"43,8148000";"4,3354000"
"201900039827";"18";"7";"2019";"16:15";"1";"30";"30189";"1";"1";"1";"7";"CANAUX (CHEMIN)";"43,7767000";"4,3151000"
"201900039828";"18";"7";"2019";"10:30";"1";"30";"30189";"2";"1";"1";"7";"ALLENDE SALVADOR (RUE)";"43,8400600";"4,3890200"
"201900039829";"18";"7";"2019";"15:17";"1";"29";"29019";"2";"1";"1";"6";"COLAS ALAIN (PARTIE OCEAOPOLIS MOULIN BL";"48,3898300";" -4,4389000"
"201900039830";"18";"7";"2019";"16:23";"1";"27";"27681";"2";"1";"1";"6";"TANNEURS (RUE DES)";"49,0924000";"1,4837000"
"201900039831";"16";"7";"2019";"15:45";"1";"26";"26362";"2";"1";"1";"3";"AUREATS AVENUE DES";"44,8905600";"4,8843600"
"201900039832";"19";"7";"2019";"14:20";"1";"26";"26281";"2";"6";"1";"2";"GAMBETTA (AVENUE)";"45,0453500";"5,0555500"
"201900039833";"11";"12";"2019";"22:25";"5";"83";"83012";"2";"1";"1";"6";"123 bis Avenue de Tavernes";"43,5611650";"6,0085080"
"201900039834";"13";"12";"2019";"11:30";"1";"64";"64036";"1";"1";"6";"7";"D134";"43,3975757";" -1,0085182"
"201900039835";"12";"12";"2019";"22:10";"3";"18";"18127";"2";"1";"8";"6";"45 Route de Bourges";"46,7567970";"2,1873580"
"201900039836";"12";"12";"2019";"18:00";"3";"4";"04094";"1";"1";"8";"1";"RD 952";"43,7485400";"5,8494890"
"201900039837";"12";"12";"2019";"22:45";"3";"27";"27125";"1";"1";"3";"6";"D137";"49,1871260";"0,7526730"
"201900039838";"8";"12";"2019";"14:45";"1";"27";"27438";"2";"3";"1";"3";"9 Rue Gambetta";"48,7703580";"1,1993600"
"201900039839";"11";"12";"2019";"16:10";"1";"88";"88116";"1";"1";"3";"3";"16 Rue de Chermenil";"47,9767960";"6,8332400"
"201900039840";"12";"12";"2019";"18:10";"3";"6";"06152";"2";"9";"1";"1";"245 Route des Lucioles";"43,6144250";"7,0475650"
"201900039841";"12";"12";"2019";"22:15";"3";"72";"72375";"1";"1";"8";"2";"A11";"48,1208200";"0,6042770"
"201900039842";"12";"12";"2019";"23:14";"3";"83";"83061";"1";"1";"3";"6";"N/A";"43,5115480";"6,7617590"
"201900039843";"13";"12";"2019";"08:20";"2";"77";"77191";"1";"3";"3";"3";"D408 X D67";"48,5562870";"2,9681510"
"201900039844";"12";"12";"2019";"17:30";"5";"38";"38485";"2";"1";"3";"6";"10 Rue Aimé Bouchayer";"45,1812240";"5,6944910"
"201900039845";"13";"12";"2019";"12:45";"1";"13";"13103";"1";"1";"1";"4";"A7";"43,6307900";"5,1242340"
"201900039846";"12";"12";"2019";"18:00";"1";"974";"97422";"2";"1";"1";"7";"Rue Pierre Rivals";" -21,2314230";"55,5507490"
"201900039847";"11";"12";"2019";"22:40";"5";"971";"97115";"1";"2";"1";"3";"Routa";"16,2611090";" -61,6345490"
"201900039848";"13";"12";"2019";"19:00";"3";"21";"21171";"1";"1";"1";"1";"D107";"47,3007300";"5,1637530"
"201900039849";"22";"11";"2019";"17:30";"1";"66";"66208";"1";"1";"1";"3";"D39";"42,6337700";"2,9420000"
"201900039850";"10";"12";"2019";"13:50";"1";"6";"06117";"1";"6";"1";"7";"Rond point de la Saouga - RD6202";"43,8201280";"7,2356300"
"201900039851";"13";"12";"2019";"07:19";"2";"5";"05006";"1";"1";"4";"6";"N94";"44,7692510";"6,5628030"
"201900039852";"11";"12";"2019";"09:15";"1";"26";"26165";"1";"1";"1";"2";"A7, PK 84.600 sens N/S";"44,8085710";"4,8535230"
"201900039853";"12";"12";"2019";"13:00";"1";"74";"74040";"1";"1";"1";"6";"2175 Route de la Charniaz";"46,1802400";"6,3103900"
"201900039854";"13";"12";"2019";"08:50";"1";"64";"64421";"1";"1";"3";"1";"Ogeu-les-Bains";"43,1625552";" -0,4984250"
"201900039855";"12";"12";"2019";"14:15";"1";"49";"49349";"1";"1";"2";"6";"rn 249";"47,1507955";" -1,1965215"
"201900039856";"13";"12";"2019";"13:15";"1";"62";"62173";"1";"6";"1";"2";"D307";"50,3329710";"3,0319820"
"201900039857";"5";"12";"2019";"10:40";"1";"59";"59139";"2";"1";"2";"6";"187 Rue Henri Barbusse";"50,1223670";"3,4016380"
"201900039858";"11";"12";"2019";"18:20";"5";"13";"13212";"1";"9";"2";"4";"A507 sens Marseille - Aubagne";"43,3089660";"5,4248170"
"201900039859";"11";"12";"2019";"15:45";"1";"13";"13216";"1";"1";"8";"7";"A55-Sens Martigues vers Marseille";"43,3469000";"5,3449000"
"201900039860";"12";"12";"2019";"07:30";"3";"13";"13106";"1";"1";"1";"4";"A7-Sens Marseille vers Lyon";"43,3971920";"5,3500550"
"201900039861";"12";"12";"2019";"06:35";"3";"13";"13071";"1";"1";"1";"3";"A7-Sens Marseille vers Lyon";"43,4068270";"5,2910740"
"201900039862";"11";"12";"2019";"11:40";"1";"13";"13001";"1";"1";"1";"4";"A51-Sens Marseille vers Aix en Provence";"43,5044940";"5,4092020"
"201900039863";"12";"12";"2019";"17:30";"5";"33";"33318";"1";"1";"2";"3";"ROCADE A 630";"44,7889500";" -0,6231000"
"201900039864";"11";"12";"2019";"15:30";"1";"33";"33192";"1";"1";"2";"6";"ROCADE A 630";"44,7901500";" -0,6063600"
"201900039865";"11";"12";"2019";"08:15";"2";"59";"59586";"1";"1";"2";"6";"AUTOROUTE A23";"50,5300000";"3,1900000"
"201900039866";"12";"12";"2019";"19:15";"3";"91";"91521";"1";"1";"3";"5";"AUTOROUTE A6";"48,6377800";"2,3974900"
"201900039867";"12";"12";"2019";"18:30";"3";"94";"94076";"1";"1";"2";"5";"AUTOROUTE A6B";"48,7943500";"2,3453500"
"201900039868";"12";"12";"2019";"17:00";"3";"94";"94038";"1";"1";"3";"4";"AUTOROUTE A6A";"48,7727500";"2,3456500"
"201900039869";"11";"12";"2019";"21:45";"3";"91";"91553";"1";"1";"2";"5";"RN 104";"48,6288660";"2,4819890"
"201900039870";"11";"12";"2019";"18:05";"3";"91";"91553";"1";"1";"8";"6";"RN 104";"48,6271000";"2,4768100"
"201900039871";"12";"12";"2019";"13:20";"1";"78";"78640";"1";"1";"2";"2";"N118";"48,7749300";"2,2230000"
"201900039872";"11";"12";"2019";"14:40";"1";"95";"95088";"1";"1";"1";"6";"RD 170 ";"48,9722900";"2,4251600"
"201900039873";"11";"12";"2019";"11:30";"1";"95";"95018";"1";"1";"2";"6";"AUTOROUTE A15";"48,9570800";"2,2742800"
"201900039874";"11";"12";"2019";"09:10";"1";"60";"60138";"1";"1";"2";"6";"AUTOROUTE A1";"49,2147400";"2,6253400"
"201900039875";"11";"12";"2019";"07:20";"5";"93";"93008";"1";"1";"2";"2";"AUTOROUTE A86";"48,9110730";"2,4415290"
"201900039876";"12";"12";"2019";"19:20";"3";"94";"94022";"1";"1";"2";"4";"A86 EXT";"48,7736504";"2,4031936"
"201900039877";"29";"3";"2019";"04:40";"3";"73";"73058";"1";"3";"1";"3";"D921E Rte de Pont de Beauvoisin";"45,5290632";"5,7226319"
"201900039878";"10";"12";"2019";"15:42";"1";"87";"87114";"1";"1";"2";"6";"PEYRAZET - LIEU DIT";"45,8635000";"1,3495000"
"201900039879";"28";"11";"2019";"08:45";"1";"74";"74012";"2";"1";"8";"3";"VERDUN (AVENUE DE)";"46,1913300";"6,2421800"
"201900039880";"10";"12";"2019";"15:10";"1";"71";"71306";"2";"1";"1";"1";"GENERAL DE GAULLE (QUAI DU)";"46,6742900";"4,3620000"
"201900039881";"7";"12";"2019";"13:50";"1";"38";"38544";"2";"3";"1";"3";"PASTEUR(QUAI)";"45,5404200";"4,8584100"
"201900039882";"11";"12";"2019";"08:21";"1";"93";"93055";"2";"1";"2";"6";"GENERAL LECLERC (AVENUE)(1/41 ET 2/76)";"48,8941200";"2,3986100"
"201900039883";"10";"12";"2019";"09:00";"1";"93";"93055";"2";"1";"1";"3";"JEAN LOLIVE (AVENUE)(75/105.88/106)";"48,8939000";"2,4145000"
"201900039884";"10";"12";"2019";"12:00";"1";"974";"97411";"2";"2";"7";"3";"RAMBAUD (LEOPOLD)";" -20,8856600";"55,4729400"
"201900039885";"10";"12";"2019";"20:00";"5";"974";"97407";"2";"1";"1";"6";"PEVERELLY ALICE(RUE)";" -20,9365000";"55,3037200"
"201900039886";"11";"12";"2019";"01:00";"5";"69";"69387";"2";"1";"1";"6";"CLAUDE BERNARD                      (QU)";"45,7526600";"4,8375100"
"201900039887";"21";"11";"2019";"19:00";"1";"69";"69389";"2";"3";"2";"6";"DAVID BEN GOURION                   (AV)";"45,7867900";"4,7868440"
"201900039888";"11";"12";"2019";"22:20";"5";"69";"69381";"2";"1";"2";"1";"ST SEBASTIEN                        (MO)";"45,7723000";"4,8350400"
"201900039889";"11";"12";"2019";"13:50";"1";"69";"69034";"2";"1";"2";"6";"ALEXANDER FLEMING                   (AV)";"45,7950900";"4,8475100"
"201900039890";"9";"12";"2019";"08:36";"1";"971";"97113";"1";"1";"2";"1";"Section Port Blanc";"16,2304000";" -61,4571000"
"201900039891";"11";"12";"2019";"09:31";"1";"2A";"2A004";"2";"1";"1";"6";"NAPOLEON COURS AVANT BEVERINI";"41,9247000";"8,7379000"
"201900039892";"10";"12";"2019";"08:10";"1";"95";"95680";"2";"1";"1";"6";"PIERRE SEMARD (AVENUE)";"49,0018039";"2,4056769"
"201900039893";"11";"12";"2019";"18:00";"4";"91";"91377";"2";"1";"2";"6";"VILGENIS (RUE DE)";"48,7311600";"2,2435800"
"201900039894";"11";"12";"2019";"12:47";"1";"91";"91687";"2";"3";"2";"3";"ERABLES (AVENUE DES)";"48,6526900";"2,3658600"
"201900039895";"11";"12";"2019";"07:30";"5";"91";"91434";"2";"2";"3";"6";"JUVISY (AVENUE DE)";"48,6545800";"2,3544200"
"201900039896";"11";"12";"2019";"11:40";"1";"91";"91201";"2";"1";"8";"6";"HENRI BARBUSSE(BOULEVARD)";"48,6784900";"2,4100000"
"201900039897";"11";"12";"2019";"18:20";"5";"91";"91114";"2";"3";"1";"3";"GENERAL LECLERC (AVENUE DU)";"48,6853000";"2,4916900"
"201900039898";"11";"12";"2019";"23:15";"5";"91";"91027";"2";"1";"1";"5";"FRANCOIS MITTERRAND (AVENUE)";"48,7045000";"2,3716000"
"201900039899";"10";"12";"2019";"18:30";"3";"91";"91552";"2";"1";"1";"6";"DECLE RENE (RUE)";"48,5962900";"2,2669000"
"201900039900";"10";"12";"2019";"18:30";"5";"86";"86194";"2";"3";"2";"5";"NANTES (AVENUE DE)";"46,5897300";"0,3296900"
"201900039901";"21";"11";"2019";"21:30";"5";"86";"86194";"2";"1";"2";"2";"MILETRIE (RUE DE LA)";"46,5616639";"0,3791955"
"201900039902";"7";"12";"2019";"23:00";"5";"83";"83034";"2";"6";"1";"7";"1ERE DFL (AVENUE)";"43,0925400";"6,0764900"
"201900039903";"10";"12";"2019";"16:15";"1";"80";"80021";"2";"1";"1";"6";"CHARLES DE FOUCAULD (RUE)";"49,8895500";"2,3071800"
"201900039904";"10";"12";"2019";"17:39";"5";"78";"78646";"2";"2";"1";"6";"MARECHAL FOCH (RUE DU)";"48,8108300";"2,1345000"
"201900039905";"11";"12";"2019";"10:00";"1";"78";"78498";"2";"1";"1";"2";"CHAMP GAILLARD RUE DU";"48,9199000";"2,0214500"
"201900039906";"11";"12";"2019";"07:40";"5";"77";"77337";"2";"3";"2";"2";"D10P X RUE DE LA REPUBLIQUE";"48,8537100";"2,6216500"
"201900039907";"10";"12";"2019";"17:50";"5";"77";"77326";"2";"6";"1";"6";"D151 X RUE DES CHAMPS";"48,5857600";"2,5706900"
"201900039908";"11";"12";"2019";"10:20";"1";"74";"74012";"2";"1";"1";"6";"GENEVE (RUE DE)";"46,1928500";"6,2290200"
"201900039909";"10";"12";"2019";"18:55";"5";"72";"72003";"2";"1";"1";"6";"19 MARS 1962 (AV)";"47,9600000";"0,1656000"
"201900039910";"30";"11";"2019";"09:50";"1";"70";"70550";"2";"6";"1";"3";"BRIAND (RUE ARISTIDE)";"47,6307000";"6,1677100"
"201900039911";"11";"12";"2019";"14:00";"1";"69";"69290";"2";"1";"2";"2";"HEYRIEUX (D')                       (RO)";"45,6865900";"4,9452800"
"201900039912";"9";"12";"2019";"11:20";"1";"68";"68066";"2";"2";"2";"3";"RAPP (RUE)";"48,0817300";"7,3604300"
"201900039913";"10";"12";"2019";"16:30";"2";"67";"67482";"2";"1";"1";"6";"JURA (RUE DU)";"48,5765300";"7,7592700"
"201900039914";"8";"12";"2019";"08:00";"2";"67";"67482";"1";"1";"1";"3";"OHMACHT (RUE)";"48,5925920";"7,7601200"
"201900039915";"10";"12";"2019";"07:55";"2";"67";"67482";"2";"3";"1";"2";"RHIN TORTU (RUE DU)";"48,5541800";"7,7583100"
"201900039916";"11";"12";"2019";"15:00";"1";"64";"64260";"2";"1";"1";"6";"LECLERC (BOULEVARD DU GENERAL)";"43,3698478";" -1,7718740"
"201900039917";"11";"12";"2019";"19:10";"5";"64";"64335";"2";"1";"3";"2";"EUROPE DE L'";"43,3173600";" -0,4335200"
"201900039918";"9";"12";"2019";"23:00";"5";"64";"64024";"2";"1";"1";"6";"BELIN (RUE DU BOIS)";"43,4926700";" -1,5202800"
"201900039919";"10";"12";"2019";"08:00";"4";"62";"62108";"2";"1";"1";"6";"PARIS";"50,4035400";"1,5784600"
"201900039920";"11";"12";"2019";"15:05";"1";"59";"59599";"2";"2";"2";"3";"MARTYRS (RUE DES)";"50,7383900";"3,1423400"
"201900039921";"11";"12";"2019";"15:15";"1";"59";"59527";"2";"1";"8";"6";"LILLE RUE DE N°2 - 36-31 - 37";"50,6530000";"3,0527000"
"201900039922";"10";"12";"2019";"18:30";"5";"56";"56121";"2";"1";"2";"6";"DE GAULLE ( AVE DU GENERAL )";"47,7405200";" -3,3754900"
"201900039923";"25";"11";"2019";"09:05";"1";"54";"54395";"2";"1";"1";"3";"KOENIG (Rue Maréchal Pierre)";"48,7032220";"6,1463450"
"201900039924";"8";"12";"2019";"11:26";"1";"54";"54547";"2";"1";"1";"2";"LECLERC (AVENUE DU GENERAL)";"48,6617470";"6,1650890"
"201900039925";"10";"12";"2019";"17:08";"2";"54";"54329";"2";"1";"1";"7";"AVENUE DE LA LIBERATION";"48,5837000";"6,5145900"
"201900039926";"11";"12";"2019";"16:00";"2";"51";"51454";"2";"1";"1";"7";"RUE DES CRENEAUX";"49,2439532";"4,0436502"
"201900039927";"10";"12";"2019";"17:50";"5";"51";"51058";"2";"3";"1";"3";"RUE VICTOR LAMBERT";"49,2272534";"3,9940884"
"201900039928";"11";"12";"2019";"14:15";"1";"50";"50129";"2";"6";"3";"6";"MINERVE ( rond point de )";"49,6425600";" -1,6147400"
"201900039929";"10";"12";"2019";"16:25";"2";"50";"50129";"2";"1";"2";"2";"TANNERIES (RUE DES)";"49,6328700";" -1,6227900"
"201900039930";"10";"12";"2019";"17:43";"3";"50";"50203";"1";"3";"6";"3";"LANSONNEUR (RUE LOUIS)";"49,6205500";" -1,6187000"
"201900039931";"10";"12";"2019";"11:50";"1";"50";"50129";"2";"1";"2";"1";"JOLIOT CURIE (RUE)";"49,6303000";" -1,6439100"
"201900039932";"10";"12";"2019";"08:30";"1";"44";"44184";"2";"2";"1";"6";"RUE JODELLE / BD MAUPERTUIS";"47,2795000";" -2,2315000"
"201900039933";"8";"12";"2019";"20:00";"5";"44";"44184";"2";"2";"3";"2";"BD RENAISSANCE / RUE DE LA MATTE";"47,2833367";" -2,2139522"
"201900039934";"10";"12";"2019";"18:00";"5";"44";"44184";"2";"1";"2";"6";"LAENNEC (BD DU DR RENÉ) 92 AU 306 - 153";"47,2702100";" -2,2391100"
"201900039935";"11";"12";"2019";"16:10";"1";"37";"37233";"2";"9";"2";"2";"BLANQUI (RUE)";"47,3949900";"0,7164900"
"201900039936";"11";"12";"2019";"07:35";"5";"37";"37195";"2";"2";"2";"2";"PRIEURE (AVENUE DU)";"47,3828954";"0,6544757"
"201900039937";"11";"12";"2019";"07:35";"5";"35";"35238";"2";"1";"2";"3";"SAINT-MALO (RUE DE)";"48,1254736";" -1,6854894"
"201900039938";"3";"12";"2019";"16:50";"5";"33";"33069";"2";"4";"1";"6";"BD PIERRE 1ER";"44,8589400";" -0,5897700"
"201900039939";"10";"12";"2019";"19:00";"5";"33";"33318";"2";"2";"1";"6";"ALL DES MIMOSAS";"44,7909900";" -0,6316900"
"201900039940";"10";"12";"2019";"18:31";"5";"33";"33162";"2";"3";"1";"3";"AVE DE SAINT-MEDARD";"44,8630680";" -0,6552260"
"201900039941";"11";"12";"2019";"10:35";"1";"31";"31555";"2";"9";"1";"3";"RTE DE BLAGNAC";"43,6150700";"1,4102800"
"201900039942";"10";"12";"2019";"15:40";"1";"31";"31069";"2";"1";"1";"6";"PARC (AV DU)";"43,6247800";"1,3861800"
"201900039943";"10";"12";"2019";"16:10";"1";"31";"31483";"2";"3";"1";"3";"FOCH (AVENUE DU MARECHAL)";"43,1048300";"0,7142600"
"201900039944";"11";"12";"2019";"17:30";"5";"27";"27306";"2";"2";"2";"5";"CONCORDE (RUE)";"49,0077000";"1,1738590"
"201900039945";"10";"12";"2019";"18:53";"5";"25";"25056";"2";"9";"9";"6";"OBSERVATOIRE AVENUE DE L'";"47,2483900";"5,9867400"
"201900039946";"9";"12";"2019";"07:57";"2";"24";"24037";"2";"1";"2";"6";"BRIAND (AVENUE ARISTIDE)";"44,8520000";"0,4677900"
"201900039947";"9";"12";"2019";"10:30";"1";"22";"22113";"2";"1";"1";"3";"R.D.767";"48,7298700";" -3,4351100"
"201900039948";"11";"12";"2019";"18:52";"5";"17";"17300";"2";"2";"2";"6";"JOFFRE   BOULEVARD (27-77 et 2-1)";"46,1579800";" -1,1422400"
"201900039949";"11";"12";"2019";"13:40";"1";"17";"17300";"2";"2";"1";"3";"DUBLIN   AVENUE DE";"46,1695400";" -1,1869500"
"201900039950";"11";"12";"2019";"20:10";"5";"13";"13208";"2";"2";"1";"6";"TURCAT MERY ALLÉE (ALLEE)";"43,2804500";"5,3873300"
"201900039951";"11";"12";"2019";"14:30";"1";"13";"13215";"2";"1";"2";"1";"DE SAINT LOUIS AU ROVE (chemin)";"43,3539800";"5,3520500"
"201900039952";"2";"12";"2019";"17:30";"5";"13";"13203";"2";"1";"1";"3";"GÉNÉRAL LECLERC (RUE)";"43,3069000";"5,3679000"
"201900039953";"9";"12";"2019";"06:35";"5";"13";"13063";"2";"1";"1";"6";"FALABREGUES AVENUE";"43,5803250";"4,9990450"
"201900039954";"10";"12";"2019";"11:45";"1";"13";"13005";"2";"1";"1";"7";"CHARREL (ZAC DU)";"43,2795800";"5,5506400"
"201900039955";"11";"12";"2019";"23:30";"5";"13";"13001";"2";"9";"1";"3";"GALICE (RTE)";"43,5286600";"5,4238900"
"201900039956";"10";"12";"2019";"11:10";"1";"11";"11262";"2";"1";"1";"7";"BIMAR (RUE GUILLAUME)";"43,1916600";"3,0164500"
"201900039957";"10";"12";"2019";"16:20";"1";"11";"11262";"2";"1";"1";"3";"CORBIERES (RUE DES)";"43,1783500";"2,9896500"
"201900039958";"11";"12";"2019";"10:40";"1";"75";"75120";"2";"1";"1";"4";"BD PERIPHERIQUE INTERIEUR";"48,8651530";"2,4132150"
"201900039959";"10";"12";"2019";"18:00";"2";"75";"75116";"2";"4";"1";"7";"BD PERIPHERIQUE EXTERIEUR";"48,8511050";"2,2519428"
"201900039960";"10";"12";"2019";"10:50";"1";"75";"75119";"2";"4";"1";"3";"BD PERIPHERIQUE EXTERIEUR";"48,8929070";"2,3954570"
"201900039961";"10";"12";"2019";"07:20";"1";"75";"75117";"2";"1";"1";"3";"BD PERIPHERIQUE EXTERIEUR";"48,8994470";"2,3182840"
"201900039962";"8";"12";"2019";"19:10";"5";"75";"75120";"2";"1";"1";"2";"BD PERIPHERIQUE EXTERIEUR";"48,8773770";"2,4091570"
"201900039963";"11";"12";"2019";"11:00";"1";"75";"75105";"2";"2";"1";"3";"RUE MONGE";"48,8421850";"2,3520690"
"201900039964";"11";"12";"2019";"17:50";"4";"75";"75120";"2";"1";"1";"6";"BOULEVARD DAVOUT";"48,8635217";"2,4086777"
"201900039965";"11";"12";"2019";"18:30";"5";"75";"75120";"2";"1";"8";"6";"BOULEVARD DE MENILMONTANT";"48,8639386";"2,3863986"
"201900039966";"11";"12";"2019";"11:45";"1";"75";"75120";"2";"1";"8";"6";"RUE BELGRAND";"48,8645720";"2,4068050"
"201900039967";"10";"12";"2019";"13:25";"1";"75";"75119";"2";"5";"1";"6";"AVENUE DE LA PORTE D AUBERVILLIERS";"48,8987390";"2,3711090"
"201900039968";"11";"12";"2019";"06:39";"5";"75";"75117";"2";"7";"2";"6";"AVENUE DE LA PORTE DES TERNES";"48,8810560";"2,2838900"
"201900039969";"10";"12";"2019";"13:40";"1";"75";"75118";"2";"1";"1";"6";"AVENUE DE SAINT OUEN";"48,8887148";"2,3260081"
"201900039970";"10";"12";"2019";"13:05";"1";"75";"75116";"2";"2";"1";"3";"RUE DE LA TOUR";"48,8633630";"2,2743980"
"201900039971";"11";"12";"2019";"21:57";"3";"75";"75113";"2";"2";"8";"3";"RUE DE LA GLACIERE";"48,8341680";"2,3448540"
"201900039972";"11";"12";"2019";"19:20";"5";"75";"75113";"2";"7";"2";"3";"PLACE D ITALIE";"48,8312706";"2,3562241"
"201900039973";"11";"12";"2019";"06:50";"5";"75";"75114";"2";"2";"3";"2";"AVENUE PIERRE DE COUBERTIN";"48,8193334";"2,3445672"
"201900039974";"11";"12";"2019";"08:50";"1";"75";"75111";"2";"2";"2";"6";"BOULEVARD VOLTAIRE";"48,8660275";"2,3663306"
"201900039975";"11";"12";"2019";"15:45";"1";"75";"75108";"2";"1";"1";"6";"RUE DE SAINT PETERSBOURG";"48,8828630";"2,3265230"
"201900039976";"11";"12";"2019";"10:40";"1";"75";"75108";"2";"5";"8";"3";"RUE DU ROCHER";"48,8782390";"2,3198370"
"201900039977";"11";"12";"2019";"07:10";"5";"75";"75108";"2";"3";"2";"6";"RUE LA BOETIE";"48,8743950";"2,3186320"
"201900039978";"11";"12";"2019";"00:39";"5";"75";"75107";"2";"2";"1";"2";"QUAI D ORSAY";"48,8628250";"2,3134560"
"201900039979";"11";"12";"2019";"00:15";"5";"75";"75108";"2";"1";"1";"6";"BOULEVARD DES BATIGNOLLES";"48,8813261";"2,3172420"
"201900039980";"11";"12";"2019";"19:00";"5";"75";"75107";"2";"1";"1";"6";"BOULEVARD DES INVALIDES";"48,8546780";"2,3148470"
"201900039981";"8";"12";"2019";"14:50";"1";"75";"75101";"2";"1";"1";"3";"RUE DES PYRAMIDES";"48,8640970";"2,3323620"
"201900039982";"11";"12";"2019";"16:10";"1";"75";"75103";"2";"3";"1";"6";"RUE SALOMON DE CAUS";"48,8676181";"2,3533055"
"201900039983";"9";"12";"2019";"09:45";"1";"75";"75102";"2";"2";"2";"6";"RUE DE LA MICHODIERE";"48,8688960";"2,3343770"
"201900039984";"10";"12";"2019";"17:25";"5";"94";"94081";"2";"3";"1";"6";"MOULIN VERT (R DU)";"48,7725278";"2,3679965"
"201900039985";"11";"12";"2019";"12:10";"1";"94";"94078";"2";"3";"8";"6";"COURTELINE (R)";"48,7406621";"2,4547435"
"201900039986";"10";"12";"2019";"18:30";"5";"94";"94068";"2";"2";"1";"2";"LOUIS BLANC (AV)";"48,7921089";"2,4970279"
"201900039987";"10";"12";"2019";"11:50";"1";"94";"94068";"2";"1";"1";"6";"PAUL DOUMER (AV)";"48,8046660";"2,4944670"
"201900039988";"11";"12";"2019";"16:45";"5";"94";"94017";"2";"1";"1";"6";"ALLIES (BD DES)";"48,8295200";"2,4880300"
"201900039989";"11";"12";"2019";"15:00";"1";"94";"94015";"2";"1";"1";"2";"GEORGES CLEMENCEAU (AV)";"48,8432800";"2,5280400"
"201900039990";"10";"12";"2019";"17:30";"5";"94";"94046";"2";"1";"1";"6";"GEORGES CLEMENCEAU (AV)";"48,8090000";"2,4434000"
"201900039991";"11";"12";"2019";"18:30";"5";"94";"94016";"2";"3";"1";"7";"CARNOT (AV)";"48,7970800";"2,3307500"
"201900039992";"11";"12";"2019";"08:00";"5";"94";"94016";"2";"1";"2";"6";"CAMILLE DESMOULINS (R)";"48,7908900";"2,3318600"
"201900039993";"9";"12";"2019";"13:09";"1";"94";"94028";"2";"1";"1";"2";"VERDUN.(AVENUE DE)";"48,7970170";"2,4639600"
"201900039994";"11";"12";"2019";"07:00";"5";"94";"94011";"2";"1";"2";"2";"SEMARD(RUE PIERRE)";"48,7651000";"2,4808000"
"201900039995";"11";"12";"2019";"08:32";"2";"94";"94022";"2";"1";"1";"6";"LUGO (AV DE)";"48,7686000";"2,4090000"
"201900039996";"11";"12";"2019";"16:02";"2";"94";"94017";"2";"1";"1";"5";"SONIA DE LAUNAY (VOI)";"48,8124600";"2,5327400"
"201900039997";"10";"12";"2019";"19:25";"5";"94";"94080";"2";"1";"2";"6";"REPUBLIQUE (AV DE LA)";"48,8492500";"2,4335300"
"201900039998";"11";"12";"2019";"07:10";"5";"94";"94002";"2";"2";"3";"6";"PIERRE COSMI (QU)";"48,8145500";"2,4106900"
"201900039999";"11";"12";"2019";"17:10";"2";"93";"93070";"2";"1";"2";"6";"LOUIS BLANC(RUE)";"48,9066800";"2,3318500"
"201900040000";"11";"12";"2019";"16:00";"1";"93";"93077";"2";"1";"1";"6";"OUTREBON (AVENUE)";"48,8885200";"2,5109500"
"201900040001";"10";"12";"2019";"23:20";"5";"93";"93055";"2";"1";"1";"3";"JEAN JAURES (AVENUE)(130 AU 172)";"48,9109900";"2,4000900"
"201900040002";"11";"12";"2019";"08:50";"2";"93";"93045";"2";"1";"2";"6";"PARIS RUE DE";"48,8800300";"2,4173800"
"201900040003";"9";"12";"2019";"00:20";"5";"93";"93032";"2";"3";"1";"2";"MONTFERMEIL   (ALLEE DE)";"48,8992550";"2,5393340"
"201900040004";"11";"12";"2019";"18:15";"5";"93";"93014";"2";"1";"1";"6";"POSTES (CHEMIN DES)";"48,9080900";"2,5326800"
"201900040005";"10";"12";"2019";"17:50";"2";"93";"93007";"2";"1";"1";"1";"CHARLES FLOQUET (AVENUE)";"48,9403200";"2,4519900"
"201900040006";"3";"12";"2019";"08:15";"1";"92";"92072";"2";"1";"1";"6";"NUNGESSER ET COLI (RUE)";"48,8207700";"2,2205700"
"201900040007";"30";"11";"2019";"17:20";"5";"92";"92072";"2";"3";"1";"1";"VILLE D'AVRAY (RUE DE )";"48,8258098";"2,2056381"
"201900040008";"10";"12";"2019";"18:15";"5";"92";"92062";"2";"9";"1";"6";"SOLJENITSYNE  (BD ALEXANDRE)";"48,8840642";"2,2491830"
"201900040009";"11";"12";"2019";"18:00";"5";"92";"92048";"2";"1";"2";"6";"FOSSES (AVENUE DES)";"48,8086200";"2,2470200"