"Num_Acc";"jour";"mois";"an";"hrmn";"lum";"dep";"com";"agg";"int";"atm";"col";"adr";"lat";"long"
"201900040010";"11";"12";"2019";"01:40";"5";"92";"92040";"2";"1";"8";"6";"ESTIENNE D'ORVES";"48,8237100";"2,2660700"
"201900040011";"10";"12";"2019";"17:55";"5";"92";"92036";"2";"3";"1";"6";"PIERRE DE COUBERTIN (BOULEVARD) (G.SAND";"48,9239799";"2,2858252"
"201900040012";"10";"12";"2019";"13:15";"1";"92";"92036";"2";"1";"1";"6";"MARCEL PAUL (AVENUE) (2/50)";"48,9403118";"2,3037922"
"201900040013";"11";"12";"2019";"10:00";"1";"92";"92007";"2";"3";"2";"7";"RAVERA (AVENUE HENRI) N° 1 A 109 ET 2 A";"48,8096600";"2,3173400"
"201900040014";"6";"12";"2019";"14:55";"1";"54";"54462";"1";"1";"8";"1";"D1d";"48,5853160";"6,3706700"
"201900040015";"11";"12";"2019";"17:15";"3";"62";"62550";"1";"1";"2";"4";"D939";"50,3621200";"2,0022630"
"201900040016";"10";"12";"2019";"09:45";"1";"71";"71147";"1";"2";"7";"3";"D14";"46,5392890";"4,6399520"
"201900040017";"12";"12";"2019";"15:34";"1";"22";"22234";"1";"1";"2";"7";"Plouvara";"48,4903400";" -2,9252440"
"201900040018";"10";"12";"2019";"18:50";"3";"71";"71255";"1";"1";"1";"5";"Route de Decize";"46,6399790";"3,7284210"
"201900040019";"20";"5";"2019";"20:08";"1";"75";"75113";"2";"2";"1";"1";"RUE DE TOLBIAC";"48,8261830";"2,3572870"
"201900040020";"20";"5";"2019";"18:20";"1";"75";"75113";"2";"5";"1";"3";"RUE DE TOLBIAC";"48,8258160";"2,3503720"
"201900040021";"19";"5";"2019";"13:45";"1";"75";"75113";"2";"2";"1";"3";"BOULEVARD AUGUSTE BLANQUI";"48,8303840";"2,3527940"
"201900040022";"17";"5";"2019";"12:35";"1";"75";"75105";"2";"4";"1";"3";"BOULEVARD DE L HOPITAL";"48,8399900";"2,3617400"
"201900040023";"17";"5";"2019";"12:00";"1";"75";"75113";"2";"3";"1";"3";"AVENUE D IVRY";"48,8237160";"2,3648950"
"201900040024";"16";"5";"2019";"20:30";"1";"75";"75113";"2";"1";"1";"6";"RUE TITIEN";"48,8360820";"2,3582480"
"201900040025";"16";"5";"2019";"13:20";"1";"75";"75113";"2";"1";"1";"2";"AVENUE D ITALIE";"48,8234060";"2,3581360"
"201900040026";"15";"5";"2019";"19:10";"1";"75";"75113";"2";"3";"1";"3";"AVENUE D ITALIE";"48,8268030";"2,3570750"
"201900040027";"14";"5";"2019";"16:45";"1";"75";"75113";"2";"3";"1";"3";"RUE DUPUY DE LOME";"48,8213540";"2,3707870"
"201900040028";"9";"5";"2019";"16:30";"1";"75";"75113";"2";"3";"2";"7";"RUE DU BANQUIER";"48,8343530";"2,3535580"
"201900040029";"7";"5";"2019";"21:23";"5";"75";"75113";"2";"2";"1";"3";"RUE DE PATAY";"48,8241760";"2,3767970"
"201900040030";"7";"5";"2019";"19:55";"1";"75";"75113";"2";"1";"1";"6";"BOULEVARD MASSENA";"48,8191060";"2,3612730"
"201900040031";"7";"5";"2019";"16:05";"1";"75";"75113";"2";"2";"1";"3";"QUAI PANHARD ET LEVASSOR";"48,8322360";"2,3797720"
"201900040032";"2";"5";"2019";"18:20";"1";"75";"75113";"2";"2";"1";"6";"BOULEVARD VINCENT AURIOL";"48,8362160";"2,3714890"
"201900040033";"1";"5";"2019";"18:20";"1";"75";"75113";"2";"2";"1";"3";"RUE NEUVE TOLBIAC";"48,8310420";"2,3775980"
"201900040034";"29";"5";"2019";"17:30";"1";"75";"75112";"2";"7";"1";"6";"PLACE FELIX EBOUE";"48,8397470";"2,3961730"
"201900040035";"29";"5";"2019";"09:45";"1";"75";"75112";"2";"1";"1";"3";"RUE TAINE";"48,8382430";"2,3926890"
"201900040036";"27";"5";"2019";"20:45";"2";"75";"75112";"2";"1";"1";"3";"QUAI DE BERCY";"48,8312970";"2,3851650"
"201900040037";"25";"5";"2019";"19:05";"1";"75";"75112";"2";"1";"1";"3";"AVENUE DE LA PORTE DE CHARENTON";"48,8299210";"2,4006720"
"201900040038";"25";"5";"2019";"16:05";"1";"75";"75111";"2";"5";"8";"3";"RUE DU FAUBOURG SAINT ANTOINE";"48,8513000";"2,3761340"
"201900040039";"23";"5";"2019";"23:50";"5";"75";"75112";"2";"2";"1";"3";"BOULEVARD DIDEROT";"48,8473420";"2,3867780"
"201900040040";"23";"5";"2019";"17:30";"1";"75";"75112";"2";"1";"1";"6";"AVENUE DE GRAVELLE   ST MAURICE/CHARENTO";"48,8314320";"2,4205780"
"201900040041";"23";"5";"2019";"12:25";"1";"75";"75112";"2";"1";"1";"1";"RUE DU CHAROLAIS";"48,8434190";"2,3822360"
"201900040042";"22";"5";"2019";"19:00";"1";"75";"75112";"2";"1";"1";"5";"AVENUE DE SAINT MAURICE";"48,8254740";"2,4199610"
"201900040043";"21";"5";"2019";"07:20";"1";"75";"75112";"2";"1";"1";"3";"ROUTE DU PARC";"48,8261230";"2,4200670"
"201900040044";"21";"5";"2019";"00:10";"5";"75";"75112";"2";"2";"1";"3";"RUE DE CHARENTON";"48,8373080";"2,3912080"
"201900040045";"19";"5";"2019";"10:10";"1";"75";"75112";"2";"1";"2";"6";"BOULEVARD DE LA GUYANE";"48,8417530";"2,4142370"
"201900040046";"19";"5";"2019";"09:15";"1";"75";"75112";"2";"2";"2";"6";"BOULEVARD SOULT";"48,8355810";"2,4065060"
"201900040047";"17";"5";"2019";"19:40";"1";"75";"75112";"2";"2";"1";"3";"RUE DE REUILLY";"48,8442090";"2,3902740"
"201900040048";"16";"5";"2019";"09:15";"1";"75";"75112";"2";"1";"1";"6";"AVENUE DE NOGENT";"48,8442400";"2,4407310"
"201900040049";"15";"5";"2019";"17:50";"1";"75";"75112";"2";"1";"1";"3";"AVENUE DE SAINT MAURICE";"48,8256390";"2,4199480"
"201900040050";"15";"5";"2019";"10:45";"1";"75";"75112";"2";"1";"1";"3";"AVENUE DE SAINT MAURICE";"48,8320930";"2,4205140"
"201900040051";"14";"5";"2019";"17:05";"1";"75";"75112";"2";"1";"1";"6";"RUE MONTGALLET";"48,8429480";"2,3865670"
"201900040052";"14";"5";"2019";"15:45";"1";"75";"75112";"2";"4";"1";"2";"AVENUE DE GRAVELLE";"48,8198160";"2,4361930"
"201900040053";"12";"5";"2019";"19:15";"1";"75";"75111";"2";"3";"1";"3";"RUE DU FAUBOURG SAINT ANTOINE";"48,8518760";"2,3738180"
"201900040054";"11";"5";"2019";"15:39";"1";"75";"75112";"2";"3";"1";"6";"RUE BARON LE ROY";"48,8347440";"2,3878970"
"201900040055";"10";"5";"2019";"14:30";"1";"75";"75112";"2";"1";"1";"6";"AVENUE COURTELINE";"48,8442230";"2,4110570"
"201900040056";"9";"5";"2019";"18:30";"1";"75";"75112";"2";"1";"1";"6";"SOUTERRAIN QUAI DE LA RAPEE";"48,8440270";"2,3692970"
"201900040057";"9";"5";"2019";"15:45";"1";"75";"75112";"2";"2";"8";"6";"BOULEVARD DIDEROT";"48,8470030";"2,3837740"
"201900040058";"7";"5";"2019";"16:00";"1";"75";"75112";"2";"1";"1";"6";"RUE DU SERGENT BAUCHAT";"48,8458910";"2,3937750"
"201900040059";"7";"5";"2019";"15:15";"1";"75";"75112";"2";"3";"1";"6";"BOULEVARD DE PICPUS";"48,8411990";"2,4010350"
"201900040060";"7";"5";"2019";"10:45";"1";"75";"75112";"2";"1";"1";"6";"RUE DU FAUBOURG SAINT ANTOINE";"48,8481500";"2,3825600"
"201900040061";"7";"5";"2019";"09:45";"1";"75";"75112";"2";"4";"1";"4";"BOULEVARD PERIPHERIQUE";"48,8267270";"2,3898780"
"201900040062";"7";"5";"2019";"09:45";"1";"75";"75112";"2";"3";"1";"3";"RUE MOREAU";"48,8489210";"2,3719910"
"201900040063";"28";"5";"2019";"09:50";"1";"75";"75111";"2";"1";"8";"3";"AVENUE PARMENTIER";"48,8595910";"2,3791610"
"201900040064";"27";"5";"2019";"17:14";"1";"75";"75111";"2";"1";"1";"3";"BOULEVARD VOLTAIRE";"48,8545710";"2,3855320"
"201900040065";"26";"5";"2019";"19:45";"1";"75";"75111";"2";"3";"1";"3";"RUE DE CHARONNE";"48,8548950";"2,3861590"
"201900040066";"26";"5";"2019";"15:35";"1";"75";"75111";"2";"2";"1";"3";"BOULEVARD VOLTAIRE";"48,8546980";"2,3853150"
"201900040067";"26";"5";"2019";"01:10";"5";"75";"75111";"2";"3";"1";"3";"BOULEVARD RICHARD LENOIR";"48,8570490";"2,3712180"
"201900040068";"21";"5";"2019";"19:30";"1";"75";"75111";"2";"1";"1";"3";"BOULEVARD DE MENILMONTANT";"48,8603520";"2,3885020"
"201900040069";"20";"5";"2019";"13:00";"1";"75";"75111";"2";"2";"8";"1";"BOULEVARD VOLTAIRE";"48,8553040";"2,3842950"
"201900040070";"19";"5";"2019";"19:30";"1";"75";"75111";"2";"1";"2";"6";"RUE DE LA FOLIE REGNAULT";"48,8598250";"2,3865690"
"201900040071";"17";"5";"2019";"09:10";"1";"75";"75111";"2";"2";"1";"3";"AVENUE LEDRU ROLLIN";"48,8556340";"2,3786500"
"201900040072";"17";"5";"2019";"07:55";"1";"75";"75111";"2";"2";"1";"7";"RUE LEON FROT";"48,8585360";"2,3836720"
"201900040073";"15";"5";"2019";"19:55";"1";"75";"75111";"2";"1";"1";"6";"RUE DES BOULETS";"48,8500030";"2,3910270"
"201900040074";"14";"5";"2019";"08:55";"1";"75";"75111";"2";"1";"1";"6";"RUE DE CHARONNE";"48,8534260";"2,3795950"
"201900040075";"10";"5";"2019";"13:40";"1";"75";"75111";"2";"4";"1";"3";"AVENUE DE LA REPUBLIQUE";"48,8664770";"2,3681400"
"201900040076";"7";"5";"2019";"18:45";"1";"75";"75111";"2";"1";"1";"6";"RUE JEAN PIERRE TIMBAUD";"48,8677920";"2,3777890"
"201900040077";"6";"5";"2019";"08:05";"1";"75";"75111";"2";"2";"1";"6";"RUE SEDAINE";"48,8556900";"2,3716700"
"201900040078";"6";"5";"2019";"09:00";"1";"75";"75111";"2";"2";"1";"6";"BOULEVARD VOLTAIRE";"48,8553090";"2,3842930"
"201900040079";"4";"5";"2019";"17:30";"1";"75";"75111";"2";"2";"8";"3";"BOULEVARD RICHARD LENOIR";"48,8623050";"2,3725690"
"201900040080";"3";"5";"2019";"20:15";"1";"75";"75111";"2";"1";"1";"7";"RUE DE CHARONNE";"48,8555390";"2,3898690"
"201900040081";"30";"4";"2019";"22:50";"5";"75";"75111";"2";"1";"1";"6";"AVENUE PARMENTIER";"48,8609860";"2,3779840"
"201900040082";"30";"4";"2019";"19:50";"1";"75";"75111";"2";"2";"1";"6";"BOULEVARD DE MENILMONTANT";"48,8609630";"2,3882050"
"201900040083";"29";"4";"2019";"13:05";"1";"75";"75111";"2";"2";"1";"6";"BOULEVARD VOLTAIRE";"48,8597500";"2,3768440"
"201900040084";"29";"4";"2019";"12:00";"1";"75";"75110";"2";"2";"1";"2";"BOULEVARD DE BELLEVILLE";"48,8720220";"2,3768360"
"201900040085";"28";"4";"2019";"20:40";"2";"75";"75111";"2";"2";"1";"3";"RUE SEDAINE";"48,8556900";"2,3716660"
"201900040086";"27";"5";"2019";"20:30";"1";"75";"75110";"2";"3";"1";"3";"BOULEVARD DE MAGENTA";"48,8760390";"2,3562880"
"201900040087";"27";"5";"2019";"09:30";"1";"75";"75110";"2";"3";"1";"7";"RUE RENE BOULANGER";"48,8689380";"2,3587890"
"201900040088";"23";"5";"2019";"18:00";"1";"75";"75110";"2";"5";"1";"3";"BOULEVARD DE LA CHAPELLE";"48,8843080";"2,3593620"
"201900040089";"20";"5";"2019";"23:50";"5";"75";"75110";"2";"1";"1";"3";"BOULEVARD DE LA VILLETTE";"48,8791900";"2,3700890"
"201900040090";"15";"5";"2019";"18:45";"1";"75";"75103";"2";"1";"1";"3";"BOULEVARD SAINT MARTIN";"48,8685220";"2,3584920"
"201900040091";"14";"5";"2019";"19:05";"1";"75";"75102";"2";"1";"1";"3";"BOULEVARD DE BONNE NOUVELLE";"48,8699140";"2,3516050"
"201900040092";"13";"5";"2019";"15:59";"1";"75";"75110";"2";"2";"1";"6";"RUE LA FAYETTE";"48,8772090";"2,3489930"
"201900040093";"9";"5";"2019";"16:00";"1";"75";"75110";"2";"3";"1";"2";"BOULEVARD DE STRASBOURG";"48,8710250";"2,3552180"
"201900040094";"5";"5";"2019";"20:17";"2";"75";"75110";"2";"1";"1";"3";"BOULEVARD DE LA VILLETTE";"48,8842080";"2,3657170"
"201900040095";"2";"5";"2019";"14:45";"1";"75";"75110";"2";"1";"2";"6";"BOULEVARD DE MAGENTA";"48,8710850";"2,3607210"
"201900040096";"2";"5";"2019";"03:15";"5";"75";"75110";"2";"2";"1";"6";"BOULEVARD DE MAGENTA";"48,8773470";"2,3551140"
"201900040097";"30";"4";"2019";"08:35";"1";"75";"75110";"2";"1";"1";"6";"BOULEVARD DE MAGENTA";"48,8781170";"2,3544220"
"201900040098";"26";"5";"2019";"17:00";"1";"75";"75109";"2";"3";"8";"3";"RUE LAFFITTE";"48,8734060";"2,3378110"
"201900040099";"24";"5";"2019";"09:40";"1";"75";"75109";"2";"3";"1";"6";"BOULEVARD DE ROCHECHOUART";"48,8823240";"2,3419970"
"201900040100";"23";"5";"2019";"17:30";"1";"75";"75109";"2";"3";"1";"2";"BOULEVARD DE ROCHECHOUART";"48,8821420";"2,3411090"
"201900040101";"21";"5";"2019";"09:05";"1";"75";"75109";"2";"1";"1";"6";"RUE DE CHATEAUDUN";"48,8759380";"2,3392600"
"201900040102";"19";"5";"2019";"19:58";"2";"75";"75109";"2";"1";"2";"6";"RUE DU FAUBOURG MONTMARTRE";"48,8721650";"2,3431960"
"201900040103";"19";"5";"2019";"13:35";"1";"75";"75109";"2";"1";"2";"6";"RUE DE MILAN";"48,8789550";"2,3294580"
"201900040104";"18";"5";"2019";"05:50";"2";"75";"75102";"2";"2";"2";"6";"RUE DU FAUBOURG MONTMARTRE";"48,8714840";"2,3430490"
"201900040105";"17";"5";"2019";"09:00";"1";"75";"75102";"2";"3";"1";"3";"BOULEVARD POISSONNIERE";"48,8708690";"2,3467610"
"201900040106";"13";"5";"2019";"15:25";"1";"75";"75109";"2";"3";"1";"6";"RUE BLANCHE";"48,8806350";"2,3314520"
"201900040107";"11";"5";"2019";"12:25";"1";"75";"75109";"2";"3";"2";"7";"RUE CLAUZEL";"48,8789000";"2,3398390"
"201900040108";"10";"5";"2019";"13:15";"1";"75";"75109";"2";"7";"1";"6";"BOULEVARD DE CLICHY";"48,8836310";"2,3326310"
"201900040109";"10";"5";"2019";"10:20";"1";"75";"75118";"2";"7";"1";"2";"PLACE DE CLICHY";"48,8836780";"2,3275630"
"201900040110";"29";"4";"2019";"16:30";"1";"75";"75109";"2";"7";"1";"6";"RUE HALEVY";"48,8722190";"2,3328190"
"201900040111";"29";"5";"2019";"15:20";"1";"75";"75108";"2";"4";"1";"3";"AVENUE HOCHE";"48,8763370";"2,3011570"
"201900040112";"28";"5";"2019";"16:53";"1";"75";"75108";"2";"7";"1";"6";"PLACE DE LA CONCORDE";"48,8655540";"2,3206950"
"201900040113";"28";"5";"2019";"07:45";"1";"75";"75108";"2";"1";"1";"3";"RUE GALILEE";"48,8715660";"2,2983840"
"201900040114";"27";"5";"2019";"16:30";"1";"75";"75108";"2";"1";"1";"7";"RUE CHAMBIGES";"48,8667070";"2,3033790"
"201900040115";"26";"5";"2019";"00:20";"5";"75";"75108";"2";"2";"1";"3";"AVENUE DES CHAMPS ELYSEES";"48,8719050";"2,3009380"
"201900040116";"24";"5";"2019";"19:45";"1";"75";"75108";"2";"7";"1";"2";"AVENUE DES CHAMPS ELYSEES";"48,8677370";"2,3139880"
"201900040117";"24";"5";"2019";"16:05";"1";"75";"75101";"2";"2";"1";"3";"BOULEVARD DE LA MADELEINE";"48,8694280";"2,3251620"
"201900040118";"21";"5";"2019";"17:00";"1";"75";"75108";"2";"2";"2";"7";"BOULEVARD HAUSSMANN";"48,8743580";"2,3227290"
"201900040119";"21";"5";"2019";"08:00";"1";"75";"75117";"2";"1";"1";"3";"BOULEVARD DE COURCELLES";"48,8806880";"2,3112120"
"201900040120";"20";"5";"2019";"22:15";"5";"75";"75108";"2";"2";"1";"2";"RUE LA BOETIE";"48,8736950";"2,3144670"
"201900040121";"17";"5";"2019";"15:25";"1";"75";"75108";"2";"2";"1";"6";"AVENUE DES CHAMPS ELYSEES";"48,8719260";"2,3008340"
"201900040122";"16";"5";"2019";"16:45";"1";"75";"75116";"2";"1";"1";"2";"BOULEVARD LANNES";"48,8696560";"2,2742750"
"201900040123";"13";"5";"2019";"17:40";"1";"75";"75108";"2";"7";"1";"2";"PLACE DE LA CONCORDE";"48,8666620";"2,3220180"
"201900040124";"13";"5";"2019";"08:00";"1";"75";"75108";"2";"7";"1";"6";"PLACE SAINT AUGUSTIN";"48,8753430";"2,3192890"
"201900040125";"12";"5";"2019";"05:00";"5";"75";"75108";"2";"3";"1";"2";"AVENUE DES CHAMPS ELYSEES";"48,8730810";"2,2972340"
"201900040126";"12";"5";"2019";"19:30";"1";"75";"75108";"2";"2";"1";"3";"BOULEVARD DES BATIGNOLLES";"48,8825650";"2,3233870"
"201900040127";"11";"5";"2019";"12:30";"1";"75";"75108";"2";"1";"2";"3";"AVENUE FRANKLIN D ROOSEVELT";"48,8677560";"2,3101010"
"201900040128";"9";"5";"2019";"09:30";"1";"75";"75108";"2";"3";"2";"2";"AVENUE DES CHAMPS ELYSEES";"48,8710890";"2,3034880"
"201900040129";"7";"5";"2019";"17:15";"1";"75";"75108";"2";"1";"1";"5";"AVENUE HOCHE";"48,8759240";"2,3004630"
"201900040130";"6";"5";"2019";"14:25";"1";"75";"75108";"2";"4";"1";"2";"VOIE GEORGES POMPIDOU";"48,8648740";"2,3171340"
"201900040131";"5";"5";"2019";"14:00";"1";"75";"75109";"2";"2";"8";"6";"RUE D AMSTERDAM";"48,8778560";"2,3269630"
"201900040132";"2";"5";"2019";"12:04";"1";"75";"75108";"2";"1";"1";"3";"AVENUE DE MESSINE";"48,8757790";"2,3143150"
"201900040133";"1";"5";"2019";"20:00";"1";"75";"75108";"2";"3";"1";"3";"AVENUE DES CHAMPS ELYSEES";"48,8700840";"2,3066840"
"201900040134";"30";"4";"2019";"10:15";"1";"75";"75108";"2";"3";"1";"2";"AVENUE DES CHAMPS ELYSEES";"48,8682560";"2,3123620"
"201900040135";"29";"5";"2019";"07:15";"1";"75";"75107";"2";"1";"1";"6";"QUAI ANATOLE FRANCE";"48,8613940";"2,3232430"
"201900040136";"26";"5";"2019";"17:50";"1";"75";"75107";"2";"2";"1";"3";"QUAI BRANLY";"48,8590980";"2,2934150"
"201900040137";"24";"5";"2019";"10:45";"1";"75";"75107";"2";"1";"1";"3";"AVENUE DUQUESNE";"48,8521850";"2,3091660"
"201900040138";"24";"5";"2019";"09:05";"1";"75";"75107";"2";"2";"1";"6";"QUAI BRANLY";"48,8605580";"2,2956080"
"201900040139";"24";"5";"2019";"00:50";"5";"75";"75107";"2";"4";"1";"6";"BOULEVARD SAINT GERMAIN";"48,8563900";"2,3254150"
"201900040140";"22";"5";"2019";"13:05";"1";"75";"75107";"2";"7";"1";"6";"AVENUE BOSQUET";"48,8546300";"2,3055410"
"201900040141";"22";"5";"2019";"11:00";"1";"75";"75108";"2";"1";"1";"3";"PONT DE LA CONCORDE";"48,8636890";"2,3198240"
"201900040142";"14";"5";"2019";"17:10";"1";"75";"75107";"2";"2";"1";"6";"RUE DE VARENNE";"48,8549550";"2,3199530"
"201900040143";"13";"5";"2019";"11:45";"1";"75";"75107";"2";"1";"1";"6";"RUE DUVIVIER";"48,8562730";"2,3073320"
"201900040144";"11";"5";"2019";"17:30";"1";"75";"75107";"2";"2";"1";"3";"RUE JEAN NICOT";"48,8611520";"2,3069830"
"201900040145";"10";"5";"2019";"21:40";"5";"75";"75107";"2";"2";"3";"6";"BOULEVARD RASPAIL";"48,8543600";"2,3261270"
"201900040146";"9";"5";"2019";"15:50";"1";"75";"75107";"2";"1";"2";"7";"RUE DE GRENELLE";"48,8584490";"2,3121970"
"201900040147";"9";"5";"2019";"00:15";"5";"75";"75107";"2";"2";"2";"6";"BOULEVARD SAINT GERMAIN";"48,8621250";"2,3196740"
"201900040148";"8";"5";"2019";"11:50";"1";"75";"75107";"2";"3";"2";"5";"QUAI D ORSAY";"48,8623730";"2,3092440"
"201900040149";"8";"5";"2019";"06:07";"5";"75";"75107";"2";"2";"2";"3";"QUAI D ORSAY";"48,8625800";"2,3190280"
"201900040150";"5";"5";"2019";"16:30";"1";"75";"75107";"2";"2";"1";"3";"RUE DE L UNIVERSITE";"48,8611510";"2,3069830"
"201900040151";"25";"5";"2019";"14:30";"1";"75";"75104";"2";"2";"1";"2";"RUE DE LA COUTELLERIE";"48,8575460";"2,3512980"
"201900040152";"24";"5";"2019";"14:50";"1";"75";"75104";"2";"2";"1";"3";"RUE CRILLON";"48,8495170";"2,3656230"
"201900040153";"15";"5";"2019";"12:20";"1";"75";"75104";"2";"2";"1";"4";"PONT DE SULLY";"48,8508310";"2,3614190"
"201900040154";"13";"5";"2019";"09:57";"1";"75";"75104";"2";"2";"1";"6";"RUE DE LA CERISAIE";"48,8517570";"2,3670150"
"201900040155";"10";"5";"2019";"21:00";"5";"75";"75104";"2";"2";"3";"6";"RUE MORNAY";"48,8495170";"2,3656230"
"201900040156";"10";"5";"2019";"11:15";"1";"75";"75104";"2";"3";"1";"6";"RUE DU PETIT MUSC";"48,8524200";"2,3638240"
"201900040157";"8";"5";"2019";"21:00";"2";"75";"75104";"2";"7";"3";"7";"QUAI DE GESVRES";"48,8571840";"2,3473340"
"201900040158";"7";"5";"2019";"17:00";"1";"75";"75104";"2";"7";"1";"3";"RUE DE LOBAU";"48,8560310";"2,3532370"
"201900040159";"4";"5";"2019";"20:30";"1";"75";"75104";"2";"1";"1";"6";"RUE SAINTE CROIX DE LA BRETONNERIE";"48,8589260";"2,3540230"
"201900040160";"4";"5";"2019";"11:25";"1";"75";"75104";"2";"1";"2";"1";"QUAI AUX FLEURS";"48,8535010";"2,3520410"
"201900040161";"2";"5";"2019";"13:55";"1";"75";"75104";"2";"1";"2";"3";"RUE SAINT ANTOINE";"48,8541190";"2,3641910"
"201900040162";"30";"4";"2019";"19:20";"1";"75";"75104";"2";"2";"1";"3";"RUE SAINT ANTOINE";"48,8539210";"2,3648420"
"201900040163";"28";"5";"2019";"10:20";"1";"75";"75103";"2";"3";"1";"3";"RUE DU PERCHE";"48,8608180";"2,3613400"
"201900040164";"25";"5";"2019";"13:15";"1";"75";"75111";"2";"4";"1";"3";"BOULEVARD DU TEMPLE";"48,8630610";"2,3667520"
"201900040165";"24";"5";"2019";"16:20";"1";"75";"75104";"2";"7";"1";"7";"PLACE DES VOSGES";"48,8561840";"2,3657660"
"201900040166";"10";"5";"2019";"08:20";"1";"75";"75103";"2";"1";"1";"3";"RUE VIEILLE DU TEMPLE";"48,8603130";"2,3614200"
"201900040167";"8";"5";"2019";"02:30";"3";"75";"75103";"2";"5";"2";"6";"RUE FROISSART";"48,8619480";"2,3645900"
"201900040168";"7";"5";"2019";"21:50";"5";"75";"75103";"2";"3";"1";"3";"RUE NOTRE DAME DE NAZARETH";"48,8668060";"2,3620090"
"201900040169";"28";"5";"2019";"08:20";"1";"75";"75101";"2";"3";"2";"7";"RUE SAINT HONORE";"48,8622180";"2,3391840"
"201900040170";"21";"5";"2019";"19:20";"1";"75";"75102";"2";"2";"8";"3";"RUE DU QUATRE SEPTEMBRE";"48,8691860";"2,3387000"
"201900040171";"21";"5";"2019";"13:45";"1";"75";"75102";"2";"1";"1";"6";"RUE VIVIENNE";"48,8707840";"2,3411090"
"201900040172";"15";"5";"2019";"19:45";"1";"75";"75104";"2";"2";"1";"3";"RUE DE L HOTEL DE VILLE";"48,8546070";"2,3551760"
"201900040173";"15";"5";"2019";"00:10";"5";"75";"75102";"2";"2";"1";"2";"BOULEVARD DE SEBASTOPOL";"48,8686820";"2,3538880"
"201900040174";"13";"5";"2019";"16:45";"1";"75";"75102";"2";"3";"1";"3";"BOULEVARD DE BONNE NOUVELLE";"48,8705320";"2,3486890"
"201900040175";"12";"5";"2019";"15:30";"1";"75";"75103";"2";"2";"1";"7";"RUE DE LA PERLE";"48,8599490";"2,3607730"
"201900040176";"12";"5";"2019";"12:45";"1";"75";"75102";"2";"3";"1";"2";"RUE MONTMARTRE";"48,8697530";"2,3428410"
"201900040177";"29";"5";"2019";"10:30";"1";"75";"75108";"2";"7";"1";"6";"BOULEVARD DE LA MADELEINE";"48,8694220";"2,3251630"
"201900040178";"28";"5";"2019";"11:00";"1";"75";"75101";"2";"1";"1";"3";"BOULEVARD DU PALAIS";"48,8556910";"2,3461490"
"201900040179";"25";"5";"2019";"08:00";"1";"75";"75101";"2";"2";"1";"3";"RUE CAMBON";"48,8666860";"2,3255680"
"201900040180";"24";"5";"2019";"21:05";"2";"75";"75101";"2";"1";"1";"3";"PLACE DU MARCHE SAINT HONORE";"48,8666750";"2,3311110"
"201900040181";"22";"5";"2019";"19:20";"1";"75";"75101";"2";"3";"1";"3";"RUE DE RIVOLI";"48,8632110";"2,3338040"
"201900040182";"17";"5";"2019";"08:50";"1";"75";"75101";"2";"2";"1";"4";"PONT AU CHANGE";"48,8562580";"2,3465190"
"201900040183";"17";"5";"2019";"01:15";"5";"75";"75108";"2";"1";"1";"6";"COURS LA REINE";"48,8648690";"2,3170130"
"201900040184";"15";"5";"2019";"09:10";"1";"75";"75101";"2";"5";"1";"6";"RUE SAINT HONORE";"48,8631630";"2,3355500"
"201900040185";"10";"5";"2019";"18:00";"1";"75";"75101";"2";"1";"2";"6";"BOULEVARD DE LA MADELEINE";"48,8694800";"2,3255900"
"201900040186";"5";"5";"2019";"16:30";"1";"75";"75101";"2";"2";"2";"3";"RUE DE L AMIRAL DE COLIGNY";"48,8609140";"2,3408470"
"201900040187";"3";"5";"2019";"10:30";"1";"75";"75101";"2";"3";"1";"3";"RUE DE RIVOLI";"48,8594950";"2,3451880"
"201900040188";"22";"5";"2019";"19:15";"1";"94";"94081";"2";"1";"1";"6";"ROUGET DE L ISLE (AV)";"48,7830100";"2,3938700"
"201900040189";"21";"5";"2019";"16:15";"1";"94";"94081";"2";"1";"1";"6";"JULES GUESDE (QU)";"48,8020600";"2,4114000"
"201900040190";"13";"5";"2019";"23:30";"5";"94";"94073";"2";"2";"1";"3";"STALINGRAD - CAR DES TROIS COMMUNES (BD";"48,7727600";"2,4001700"
"201900040191";"9";"5";"2019";"12:10";"1";"94";"94081";"2";"1";"2";"2";"ANATOLE FRANCE (AV)";"48,8017000";"2,4028000"
"201900040192";"8";"5";"2019";"23:15";"5";"94";"94081";"2";"9";"1";"3";"PRESIDENT SALVADOR ALLENDE (AV DU)";"48,7960700";"2,4119100"
"201900040193";"7";"5";"2019";"22:00";"5";"94";"94081";"2";"1";"1";"6";"MAXIMILIEN ROBESPIERRE (AV)";"48,7909000";"2,3881900"
"201900040194";"29";"4";"2019";"10:20";"1";"94";"94081";"2";"9";"1";"6";"LUCIEN FRANCAIS (AV)";"48,7874300";"2,3868500"
"201900040195";"29";"5";"2019";"15:40";"1";"94";"94080";"2";"1";"1";"1";"REPUBLIQUE (AV DE LA)";"48,8480200";"2,4317300"
"201900040196";"23";"5";"2019";"19:00";"1";"94";"94067";"2";"1";"1";"2";"ETANG (CHS DE L)";"48,8381390";"2,4212240"
"201900040197";"22";"5";"2019";"09:00";"1";"94";"94067";"2";"1";"1";"2";"GALLIENI (AV)";"48,8468700";"2,4162800"
"201900040198";"18";"5";"2019";"15:05";"1";"94";"94067";"2";"2";"1";"3";"GENERAL DE GAULLE (AV DU)";"48,8349200";"2,4197500"
"201900040199";"11";"5";"2019";"17:00";"1";"94";"94067";"2";"9";"8";"6";"FOCH (AV)";"48,8452700";"2,4202100"
"201900040200";"4";"5";"2019";"20:20";"1";"94";"94067";"2";"1";"1";"6";"GENERAL DE GAULLE (AV DU)";"48,8379400";"2,4177400"
"201900040201";"30";"4";"2019";"08:50";"1";"94";"94080";"2";"1";"1";"2";"DIDEROT (R)";"48,8496300";"2,4559500"