"Num_Acc";"jour";"mois";"an";"hrmn";"lum";"dep";"com";"agg";"int";"atm";"col";"adr";"lat";"long"
"201900040202";"1";"5";"2019";"17:30";"1";"94";"94080";"2";"1";"1";"6";"CHATEAU (AV DU)";"48,8472300";"2,4369300"
"201900040203";"29";"4";"2019";"12:00";"1";"94";"94067";"2";"1";"1";"6";"JOFFRE (AV)";"48,8479700";"2,4177700"
"201900040204";"28";"5";"2019";"18:50";"1";"94";"94077";"2";"1";"1";"7";"HENRI GILBERT (AV)";"48,7340400";"2,4243800"
"201900040205";"28";"5";"2019";"18:55";"1";"94";"94078";"2";"1";"1";"6";"CARNOT (AV)";"48,7394600";"2,4488100"
"201900040206";"28";"5";"2019";"01:45";"5";"94";"94074";"2";"9";"1";"3";"RU DE GIRONDE (AV DU)";"48,7420500";"2,4663200"
"201900040207";"14";"5";"2019";"07:15";"1";"94";"94001";"2";"1";"1";"1";"GAMBETTA (avenue)";"48,7248400";"2,4302800"
"201900040208";"13";"5";"2019";"12:40";"1";"94";"94077";"2";"1";"1";"2";"VERDUN (COUR DE)";"48,7336900";"2,4057000"
"201900040209";"9";"5";"2019";"17:45";"1";"94";"94078";"2";"1";"1";"6";"VIGNES (R DES)";"48,7319900";"2,4510300"
"201900040210";"22";"6";"2019";"13:10";"1";"34";"34163";"1";"1";"1";"6";"Autoroute A750";"43,6298008";"3,7144089"
"201900040211";"21";"6";"2019";"18:00";"1";"50";"50393";"1";"2";"1";"3";"Le Hamelet (Percy)";"48,8984020";" -1,1978970"
"201900040212";"22";"6";"2019";"04:45";"2";"57";"57057";"1";"1";"1";"1";"RD 910";"48,9903080";"6,3703700"
"201900040213";"21";"6";"2019";"12:15";"1";"95";"95026";"1";"1";"1";"2";"DEPARTEMENTALE 909";"49,1500870";"2,3800480"
"201900040214";"20";"6";"2019";"18:15";"1";"62";"62773";"2";"1";"1";"3";"ROUTE DÉPARTEMENTALE 901";"50,6395830";"1,7439580"
"201900040215";"22";"6";"2019";"09:40";"1";"51";"51449";"1";"6";"1";"1";"GIRATOIRE DE LA BERTONNERIE";"49,2126688";"4,1560019"
"201900040216";"23";"6";"2019";"12:15";"1";"56";"56243";"2";"3";"1";"3";"Route de l'Hippodrome";"47,6360050";" -2,7233070"
"201900040217";"20";"6";"2019";"05:45";"1";"59";"59663";"1";"1";"1";"7";"33 La Bazace";"50,8691760";"2,4909630"
"201900040218";"19";"6";"2019";"08:03";"1";"59";"59663";"2";"2";"8";"3";"1018 D916";"50,8716680";"2,4701490"
"201900040219";"20";"6";"2019";"22:45";"3";"67";"67315";"1";"1";"1";"1";"d468";"48,9544570";"8,1254010"
"201900040220";"20";"6";"2019";"19:05";"1";"67";"67384";"1";"1";"1";"3";"d 214";"48,3744590";"7,1976460"
"201900040221";"16";"6";"2019";"14:15";"1";"2A";"2A017";"1";"1";"1";"7";"RD 81";"41,9939111";"8,7599799"
"201900040222";"23";"6";"2019";"10:45";"1";"80";"80033";"2";"1";"1";"1";"CD146";"49,8981420";"2,8363250"
"201900040223";"21";"6";"2019";"10:30";"1";"80";"80186";"2";"7";"1";"6";"place de la république";"49,8201570";"2,8056200"
"201900040224";"21";"6";"2019";"15:49";"1";"80";"80149";"2";"9";"1";"1";"d 1001";"50,1507060";"1,8204200"
"201900040225";"22";"6";"2019";"10:50";"1";"80";"80360";"1";"1";"1";"6";"Rue Camille Pelletan";"50,0613410";"1,5678550"
"201900040226";"20";"6";"2019";"23:30";"3";"80";"80308";"2";"1";"1";"6";"rue Pasteur";"50,0607300";"1,6047800"
"201900040227";"20";"6";"2019";"17:37";"1";"80";"80554";"1";"1";"1";"7";"route departemantale 211";"49,8871660";"2,0422610"
"201900040228";"23";"6";"2019";"11:30";"1";"82";"82117";"1";"1";"1";"6";"LE CLOS";"44,3475480";"1,0374570"
"201900040229";"19";"6";"2019";"21:30";"2";"33";"33233";"1";"1";"1";"6";"La Dauphine";"45,1192330";" -0,3432920"
"201900040230";"23";"6";"2019";"02:40";"5";"11";"11255";"1";"1";"1";"1";"RD6113";"43,1836130";"2,9370480"
"201900040231";"22";"6";"2019";"18:45";"1";"11";"11105";"1";"3";"1";"3";"PK63-D118";"43,0393940";"2,2428930"
"201900040232";"19";"6";"2019";"17:30";"1";"11";"11206";"2";"6";"1";"3";"rond-point du 8 mai 1945";"43,0544150";"2,2129270"
"201900040233";"21";"6";"2019";"03:30";"3";"11";"11026";"1";"1";"1";"6";"RD 517";"43,3267480";"1,8243570"
"201900040234";"21";"6";"2019";"19:50";"1";"71";"71014";"2";"1";"1";"1";"Rue de la Croix Blanche";"46,9569740";"4,3037170"
"201900040235";"20";"6";"2019";"14:40";"1";"63";"63322";"1";"6";"1";"3";"INTERSECTION D210-D6";"45,8531516";"3,1765103"
"201900040236";"22";"6";"2019";"15:00";"1";"63";"63457";"2";"1";"1";"6";"925 Boulevard du Comte";"45,6603972";"3,2079327"
"201900040237";"22";"6";"2019";"04:45";"2";"61";"61168";"1";"1";"1";"1";"Les Basses Vrinières";"48,6133710";" -0,3592880"
"201900040238";"21";"6";"2019";"12:10";"1";"61";"61222";"1";"3";"1";"3";"Intersectons RD 257 et 268";"48,7518640";" -0,6488650"
"201900040239";"16";"6";"2019";"02:25";"3";"61";"61086";"1";"1";"1";"7";"Verneuillet";"48,8982360";"0,1305700"
"201900040240";"16";"6";"2019";"02:40";"3";"61";"61067";"1";"1";"1";"6";"RD 227";"48,5470260";"0,4170470"
"201900040241";"22";"6";"2019";"10:20";"1";"49";"49014";"1";"3";"1";"6";"La petie bourdigale";"47,7162830";" -0,7991040"
"201900040242";"18";"6";"2019";"16:30";"1";"49";"49272";"2";"1";"1";"3";"163 Route d'Angers";"47,3390610";" -0,2015840"
"201900040243";"22";"6";"2019";"16:30";"1";"12";"12244";"2";"7";"1";"7";"Place du Ravelin";"44,0486240";"2,8973350"
"201900040244";"21";"6";"2019";"18:05";"1";"46";"46337";"1";"1";"2";"1";"La Lande - D 15";"44,9018160";"1,5404870"
"201900040245";"22";"6";"2019";"15:15";"1";"47";"47315";"1";"1";"1";"3";"D 911";"44,4534193";"0,8942080"
"201900040246";"20";"6";"2019";"19:30";"1";"41";"41277";"1";"1";"1";"7";"route départementale 106";"47,9892760";"1,1779930"
"201900040247";"21";"6";"2019";"20:30";"1";"41";"41237";"1";"1";"2";"6";"46 Route du Clouseau";"47,3863670";"1,4120010"
"201900040248";"20";"6";"2019";"18:10";"1";"22";"22258";"1";"2";"1";"3";"carnonen";"48,4549355";" -2,6491823"
"201900040249";"23";"6";"2019";"12:05";"1";"25";"25529";"2";"1";"1";"3";"15 Rue Maréchal de Lattre de Tassigny (Sancey-le-Grand)";"47,3005340";"6,5888950"
"201900040250";"21";"6";"2019";"00:48";"3";"44";"44212";"2";"1";"1";"7";"Boulevard d'Allemagne Fédérale";"47,1622510";" -1,2554700"
"201900040251";"23";"6";"2019";"00:45";"4";"44";"44087";"2";"1";"1";"6";"Allée de la Rabine (Machecoul)";"46,9894581";" -1,8155420"
"201900040252";"21";"6";"2019";"23:00";"3";"44";"44180";"1";"2";"1";"3";"La Champelière (Saint-Mars-la-Jaille) - D33";"47,5264190";" -1,1730970"
"201900040253";"21";"6";"2019";"21:00";"2";"35";"35106";"1";"3";"7";"3";"D57";"47,8255355";" -1,5140460"
"201900040254";"22";"6";"2019";"16:45";"1";"29";"29062";"1";"1";"1";"3";"D785";"48,1636440";" -4,0109210"
"201900040255";"22";"6";"2019";"17:10";"1";"38";"38333";"1";"1";"1";"1";"D 35";"45,1205300";"5,4742900"
"201900040256";"20";"6";"2019";"17:56";"1";"2";"02361";"2";"6";"1";"2";"Place Louis Meurisse";"49,9006230";"3,6303000"
"201900040257";"23";"6";"2019";"01:35";"3";"1";"01452";"1";"1";"1";"6";"D 53";"45,8581270";"5,6195580"
"201900040258";"22";"6";"2019";"14:15";"1";"1";"01159";"2";"4";"1";"3";"Route de Ternant";"46,3285740";"4,8966320"
"201900040259";"23";"6";"2019";"12:15";"1";"1";"01140";"1";"1";"1";"1";"Route de Montrevel";"46,2756610";"5,0880970"
"201900040260";"22";"6";"2019";"00:30";"3";"1";"01232";"1";"1";"1";"7";"D28";"46,3345060";"5,2273710"
"201900040261";"23";"6";"2019";"17:45";"1";"1";"01046";"1";"9";"1";"6";"Route de Peroux";"46,2273540";"4,9440530"
"201900040262";"22";"6";"2019";"00:15";"3";"70";"70561";"1";"6";"1";"7";"D486";"47,5583030";"6,4223830"
"201900040263";"20";"6";"2019";"15:00";"1";"70";"70284";"2";"3";"1";"3";"Hameau d Beuchot";"47,8366140";"6,2974780"
"201900040264";"22";"6";"2019";"14:15";"1";"26";"26229";"1";"1";"1";"6";"Route départementale 05 (Pk 04+860)";"44,2464280";"5,2343060"
"201900040265";"21";"6";"2019";"15:05";"1";"58";"58079";"2";"1";"8";"6";"16 avenue du Général Lelcerc";"47,4634060";"3,5200330"
"201900040266";"21";"6";"2019";"15:30";"1";"58";"58295";"1";"1";"1";"3";"D4";"47,3183860";"2,9060080"
"201900040267";"23";"6";"2019";"10:00";"1";"72";"72386";"1";"1";"1";"7";"D91";"48,0169470";"0,2587590"
"201900040268";"21";"6";"2019";"02:40";"5";"6";"06090";"2";"3";"1";"7";"475 route de le fenerie";"43,5890640";"6,9275210"
"201900040269";"22";"6";"2019";"10:50";"1";"50";"50145";"1";"3";"1";"3";"LIEU DIT LA HASTONNIÈRE";"49,0660460";" -1,3908920"
"201900040270";"22";"6";"2019";"11:12";"1";"9";"09064";"1";"1";"1";"1";"D220A";"42,8014000";"1,6410000"
"201900040271";"21";"6";"2019";"16:50";"1";"45";"45262";"1";"1";"1";"3";"RD5 PR 002+050";"48,0550419";"1,7243397"
"201900040272";"20";"6";"2019";"15:00";"1";"45";"45203";"2";"1";"1";"3";"Rue du Général de Gaulle";"47,8282537";"1,6983527"
"201900040273";"16";"6";"2019";"14:15";"1";"64";"64334";"2";"3";"1";"3";"Chemin de Berdou";"43,5050683";" -1,0478015"
"201900040274";"22";"6";"2019";"03:45";"5";"18";"18108";"2";"1";"2";"6";"Rue Roland Champenier";"46,9520160";"2,9452020"
"201900040275";"22";"6";"2019";"05:30";"2";"43";"43159";"1";"1";"8";"6";"D 500";"45,1868060";"4,2949950"
"201900040276";"22";"6";"2019";"21:45";"3";"43";"43224";"1";"1";"1";"1";"Chanibeau";"45,2523820";"4,2137610"
"201900040277";"21";"6";"2019";"18:45";"1";"43";"43137";"1";"1";"1";"1";"D 44";"45,2749460";"4,1836770"
"201900040278";"22";"6";"2019";"16:20";"1";"43";"43267";"1";"1";"1";"6";"Changeac";"45,1798240";"3,9224380"
"201900040279";"22";"6";"2019";"22:25";"5";"10";"10120";"2";"1";"1";"7";"18 Route de Turgy";"48,0205460";"4,1007020"
"201900040280";"22";"6";"2019";"02:15";"3";"36";"36003";"1";"1";"9";"7";"RD 102, ambrault";"46,7722910";"1,9221460"
"201900040281";"22";"6";"2019";"13:45";"2";"16";"16308";"1";"1";"1";"6";"Chez Mistou";"45,9099890";"0,4532730"
"201900040282";"22";"6";"2019";"19:45";"1";"7";"07188";"1";"1";"1";"6";"La Terrasse";"45,1940290";"4,6852930"
"201900040283";"22";"6";"2019";"12:40";"1";"7";"07192";"1";"1";"1";"2";"Route départementale 214";"45,0807940";"4,4591510"
"201900040284";"22";"6";"2019";"08:00";"1";"7";"07030";"1";"1";"1";"1";"RD 120";"44,8791070";"4,5119260"
"201900040285";"21";"6";"2019";"20:00";"1";"7";"07346";"2";"1";"1";"6";"Faubourg des Sautelles";"44,4863460";"4,6763610"
"201900040286";"21";"6";"2019";"18:30";"1";"53";"53101";"1";"2";"1";"4";"RN 162";"47,8749420";" -0,6863250"
"201900040287";"22";"6";"2019";"10:28";"1";"21";"21272";"1";"3";"1";"1";"Départmentale 980";"47,4373380";"4,3112860"
"201900040288";"22";"6";"2019";"20:00";"2";"21";"21482";"1";"3";"1";"1";"RD 20";"47,3011520";"5,4451130"
"201900040289";"20";"6";"2019";"09:30";"1";"24";"24211";"2";"1";"1";"3";"D38 Le bourg";"45,0147590";"0,4506420"
"201900040290";"22";"6";"2019";"00:10";"3";"4";"04240";"1";"1";"1";"7";"RD 2";"44,1614070";"6,6019630"
"201900040291";"21";"6";"2019";"08:40";"1";"4";"04076";"1";"1";"1";"3";"RD 4202";"43,9523820";"6,8069910"
"201900040292";"22";"6";"2019";"13:55";"1";"4";"04031";"1";"1";"1";"1";"RD 953";"43,9015680";"6,1396350"
"201900040293";"23";"6";"2019";"08:15";"1";"85";"85206";"1";"1";"1";"7";"La Chevallerie";"46,4578700";" -1,3645400"
"201900040294";"22";"6";"2019";"17:10";"1";"85";"85102";"1";"1";"1";"7";"La Boulinière";"46,8448800";" -1,6527600"
"201900040295";"18";"6";"2019";"16:40";"1";"27";"27428";"2";"1";"1";"2";"Route de Louviers";"49,1490620";"0,9236480"
"201900040296";"21";"6";"2019";"17:05";"1";"28";"28359";"2";"4";"1";"1";"Rue de Nonancourt";"48,7627912";"1,2294761"
"201900040297";"12";"5";"2019";"07:00";"1";"37";"37133";"2";"1";"1";"7";"La Penneterie";"47,0922420";"1,2188600"
"201900040298";"20";"6";"2019";"16:20";"1";"37";"37109";"2";"1";"1";"6";"Rue de Vallières";"47,3902590";"0,5938740"
"201900040299";"21";"6";"2019";"05:00";"5";"30";"30325";"2";"1";"2";"6";"CD999";"43,9802620";"3,7154180"
"201900040300";"22";"6";"2019";"20:30";"2";"48";"48009";"2";"1";"7";"1";"12 Route de la Margeride (Aumont-Aubrac)";"44,7210890";"3,2923850"
"201900040301";"21";"6";"2019";"15:00";"1";"48";"48127";"1";"4";"2";"3";"RD806";"44,6371520";"3,4757010"
"201900040302";"20";"6";"2019";"15:50";"1";"48";"48016";"1";"1";"1";"7";"Le Choizal";"44,4635710";"3,4551870"
"201900040303";"20";"6";"2019";"13:10";"1";"8";"08363";"2";"1";"1";"6";"rue Waldeck Rousseau";"49,9404640";"4,6338550"
"201900040304";"23";"6";"2019";"15:00";"1";"88";"88372";"2";"1";"7";"6";"58 BIS Rue de Stalingrad";"48,4103490";"6,8537560"
"201900040305";"21";"6";"2019";"16:40";"1";"19";"19263";"1";"1";"3";"6";"A89";"45,4433610";"2,0659930"
"201900040306";"5";"6";"2019";"11:00";"1";"30";"30347";"1";"1";"1";"1";"RN 113 Face Ste RANDON";"43,7466122";"4,2595464"
"201900040307";"16";"6";"2019";"01:30";"3";"63";"63113";"1";"1";"1";"7";"B710A";"45,8060380";"3,1532770"
"201900040308";"20";"6";"2019";"05:25";"2";"13";"13051";"1";"1";"1";"2";"D113";"43,5750730";"5,1512810"
"201900040309";"23";"6";"2019";"10:30";"1";"69";"69244";"2";"1";"1";"1";"Boulevard du Montclard";"45,7687730";"4,7543990"
"201900040310";"21";"6";"2019";"04:00";"5";"69";"69244";"2";"1";"2";"2";"Boulevard du Valvert";"45,7696340";"4,7859310"
"201900040311";"22";"6";"2019";"19:30";"1";"66";"66213";"1";"9";"1";"6";"D612A bretlle sortie Naturopole";"42,6623600";"2,8372690"
"201900040312";"20";"6";"2019";"18:45";"1";"6";"06085";"2";"1";"1";"3";"2036 Avenue du Maréchal Juin";"43,5834340";"6,9977350"
"201900040313";"23";"6";"2019";"08:53";"1";"39";"39387";"1";"1";"1";"7";"N/A";"46,9823490";"5,5059670"
"201900040314";"21";"6";"2019";"13:55";"1";"68";"68224";"2";"2";"1";"3";"Rue de Sausheim";"47,7563480";"7,3568610"
"201900040315";"22";"6";"2019";"00:44";"3";"6";"06079";"1";"1";"1";"5";"A8 PK 157+800 chaussée sud";"43,5479432";"6,9437939"
"201900040316";"20";"6";"2019";"18:57";"5";"73";"73104";"1";"1";"1";"2";"A43 tunnel de dullin";"45,5544805";"5,7474219"
"201900040317";"20";"6";"2019";"11:09";"1";"21";"21267";"1";"1";"1";"2";"A31";"47,1564000";"4,9968610"
"201900040318";"23";"6";"2019";"19:20";"1";"27";"27517";"1";"1";"1";"7";"A13 Pk082+100, sens Paris-Province";"49,1370890";"1,3111740"
"201900040319";"21";"6";"2019";"15:20";"1";"13";"13049";"1";"1";"7";"3";"A7 PK 226+700 sens sud nord";"43,6976030";"5,0982800"
"201900040320";"18";"6";"2019";"12:35";"1";"13";"13001";"1";"1";"1";"4";"Autoroute A.8, sens Sud/Nord, PK 12+600";"43,5118360";"5,4483280"
"201900040321";"22";"6";"2019";"09:07";"1";"62";"62259";"1";"1";"1";"2";"autoroute A1";"50,2036020";"2,8666230"
"201900040322";"21";"6";"2019";"20:30";"3";"988";"98811";"1";"1";"1";"1";"RPN 2";" -21,0433900";"164,9162300"
"201900040323";"21";"6";"2019";"06:00";"2";"988";"98811";"1";"3";"1";"6";"KONE TIWAKA";" -21,0584500";"164,9065500"
"201900040324";"21";"6";"2019";"20:00";"5";"974";"97420";"2";"1";"1";"1";"Avenue pierre Mendes France";" -20,9039460";"55,6031800"
"201900040325";"21";"6";"2019";"15:00";"1";"973";"97311";"1";"1";"1";"3";"route de cayenne";"5,4744300";" -53,9301896"
"201900040326";"23";"6";"2019";"05:40";"5";"973";"97305";"1";"3";"2";"2";"PK 14 - RN1";"4,9323797";" -52,4006224"
"201900040327";"22";"6";"2019";"00:55";"3";"971";"97106";"1";"1";"1";"6";"Lieu-dit Marquis";"16,1387490";" -61,7493170"
"201900040328";"22";"6";"2019";"01:00";"3";"33";"33070";"1";"1";"1";"6";"D 207";"45,0425800";" -0,9234800"
"201900040329";"21";"6";"2019";"14:30";"1";"95";"95199";"2";"1";"1";"3";"Route de Montmorency";"49,0181950";"2,3154010"
"201900040330";"21";"6";"2019";"19:05";"2";"91";"91338";"1";"3";"1";"3";"CD 988";"48,6546220";"2,0770650"
"201900040331";"22";"6";"2019";"05:44";"2";"2B";"2B332";"1";"3";"1";"6";"RT 30";"42,6162307";"9,1371598"
"201900040332";"21";"6";"2019";"11:20";"1";"2B";"2B169";"1";"1";"1";"1";"route départementale 71";"42,4346240";"9,2995940"
"201900040333";"23";"6";"2019";"00:15";"3";"2B";"2B205";"1";"6";"1";"6";"D81";"42,6975370";"9,3612760"
"201900040334";"21";"6";"2019";"14:55";"1";"2B";"2B178";"1";"1";"1";"1";"D80";"42,7977750";"9,3470230"
"201900040335";"22";"6";"2019";"05:15";"2";"30";"30258";"2";"1";"1";"1";"Route d'Arles";"43,6719330";"4,4367710"
"201900040336";"21";"6";"2019";"15:11";"1";"11";"11285";"1";"1";"1";"1";"rd 6009";"43,1091700";"2,9481840"
"201900040337";"16";"6";"2019";"17:30";"1";"84";"84112";"2";"1";"1";"6";"Le Boisset";"43,8483910";"5,5160180"
"201900040338";"22";"6";"2019";"22:40";"5";"6";"06122";"2";"1";"1";"4";"Route de Saint-Jeannet";"43,7492140";"7,1470430"
"201900040339";"22";"6";"2019";"18:00";"1";"6";"06048";"1";"1";"1";"6";"Avenue Flaminius Raiberti";"43,8165071";"7,3076248"
"201900040340";"20";"6";"2019";"17:35";"1";"4";"04143";"2";"2";"1";"3";"RD 4 / Accès lot Infernet";"43,9061830";"5,9116890"
"201900040341";"21";"6";"2019";"20:00";"1";"13";"13042";"2";"3";"1";"3";"Carrefour Bd des alliés, RD 396";"43,2953030";"5,6263230"
"201900040342";"23";"6";"2019";"18:00";"1";"13";"13096";"2";"1";"7";"1";"Route de Cacharel, BAS FRIGOULES";"43,5000640";"4,4293330"
"201900040343";"22";"6";"2019";"13:28";"1";"13";"13027";"1";"1";"1";"1";"Route de Tarascon";"43,8752090";"4,8261000"
"201900040344";"23";"6";"2019";"17:45";"1";"38";"38072";"1";"1";"1";"3";"A7";"45,3238600";"4,8120100"
"201900040345";"22";"6";"2019";"04:05";"5";"71";"71176";"2";"3";"1";"2";"Rue de la Faïencerie";"46,4860590";"3,9904070"
"201900040346";"21";"6";"2019";"15:30";"1";"10";"10195";"1";"1";"1";"6";"D9";"48,5699650";"4,2484030"
"201900040347";"22";"6";"2019";"06:00";"1";"67";"67180";"1";"3";"2";"3";"D27";"48,8786771";"7,7589269"
"201900040348";"21";"6";"2019";"18:35";"1";"67";"67348";"2";"1";"1";"7";"rue de la paix";"48,4622930";"7,4810310"
"201900040349";"23";"6";"2019";"10:51";"1";"88";"88196";"1";"1";"1";"1";"D486";"48,0620620";"6,8586940"
"201900040350";"22";"6";"2019";"15:24";"1";"88";"88104";"1";"2";"1";"3";"Route départementale 1";"48,3087670";"5,6903530"
"201900040351";"11";"5";"2019";"02:00";"5";"57";"57443";"2";"1";"3";"6";"83 rue de la République";"49,2101190";"6,1033360"
"201900040352";"23";"6";"2019";"15:35";"1";"74";"74110";"1";"1";"1";"4";"D12";"45,9566724";"6,3882828"
"201900040353";"23";"6";"2019";"14:17";"1";"74";"74136";"1";"4";"1";"3";"ROUTE DU CHINAILLON";"45,9601830";"6,4372100"
"201900040354";"20";"6";"2019";"06:00";"2";"73";"73181";"2";"1";"1";"6";"rue du général de gaulle";"45,4860955";"6,5336002"
"201900040355";"23";"6";"2019";"11:50";"1";"73";"73054";"1";"1";"7";"6";"RD 119 PK 4";"45,5991448";"6,7693879"
"201900040356";"21";"6";"2019";"12:15";"1";"38";"38537";"2";"1";"1";"3";"rue des alpes";"45,6367570";"5,1426490"
"201900040357";"22";"6";"2019";"08:10";"1";"38";"38474";"2";"1";"2";"2";"22 Avenue de Romans";"45,2014680";"5,6680260"
"201900040358";"22";"6";"2019";"04:30";"3";"26";"26235";"1";"3";"1";"3";"CD59/D879";"44,3608900";"4,6890500"
"201900040359";"9";"6";"2019";"09:30";"1";"26";"26138";"1";"3";"2";"3";"Intersection D572/D158";"44,3865850";"4,7485590"
"201900040360";"23";"6";"2019";"19:15";"1";"1";"01064";"1";"1";"1";"3";"D19";"45,7597390";"5,4918470"
"201900040361";"20";"6";"2019";"19:00";"1";"69";"69183";"1";"1";"1";"1";"Route du Lacheron";"46,0740800";"4,3994780"
"201900040362";"21";"6";"2019";"13:00";"1";"81";"81140";"1";"1";"1";"6";"Route Departementale N87";"43,6447902";"1,8250380"
"201900040363";"3";"6";"2019";"11:45";"1";"17";"17155";"2";"1";"1";"7";"3 Rue de la Matte à la Canette";"45,7278010";" -1,0896760"
"201900040364";"25";"5";"2019";"02:25";"5";"33";"33238";"2";"6";"1";"1";"Avenue de Bordeaux";"44,7432410";" -0,5970180"
"201900040365";"22";"6";"2019";"19:36";"1";"85";"85092";"2";"1";"7";"2";"53 Rue de la République";"46,4646500";" -0,8015800"
"201900040366";"22";"6";"2019";"16:35";"1";"85";"85151";"1";"2";"1";"2";"LA TOUCHE ALLAIRE";"47,0083400";" -1,0039200"
"201900040367";"21";"6";"2019";"14:20";"1";"53";"53168";"2";"3";"1";"6";"Rue du Moulin";"47,9868450";" -0,7803870"
"201900040368";"20";"6";"2019";"20:55";"1";"56";"56176";"2";"6";"1";"6";"Rue du Bono";"47,6660710";" -2,9670240"
"201900040369";"21";"6";"2019";"16:45";"1";"29";"29046";"2";"3";"1";"7";"Rue Désiré Lucas";"48,0854430";" -4,3289380"
"201900040370";"21";"6";"2019";"15:45";"1";"35";"35088";"1";"1";"1";"3";"Le Grand Beauvais";"48,0053540";" -1,5492180"
"201900040371";"21";"6";"2019";"18:00";"1";"60";"60589";"1";"4";"7";"2";"D 44";"49,2118140";"2,4296780"
"201900040372";"22";"6";"2019";"08:00";"1";"59";"59430";"1";"1";"7";"1";"D955";"50,1338220";"3,5305680"
"201900040373";"22";"6";"2019";"15:30";"1";"13";"13019";"1";"1";"1";"7";"A51-Sens Marseille vers Aix en Provence";"43,4222770";"5,3715320"
"201900040374";"18";"6";"2019";"08:10";"1";"13";"13055";"1";"1";"1";"2";"A507 sens Aubagne- Marseille";"43,3300068";"5,4061867"
"201900040375";"22";"6";"2019";"04:30";"3";"13";"13071";"1";"1";"1";"2";"A7-Sens Marseille vers Lyon";"43,4063300";"5,3236700"
"201900040376";"22";"6";"2019";"01:13";"5";"13";"13212";"1";"9";"1";"2";"A507 sens Aubagne- Marseille";"43,3092560";"5,4249130"
"201900040377";"21";"6";"2019";"16:30";"1";"13";"13088";"1";"1";"1";"5";"A55-Sens Marseille vers Martigues";"43,3856790";"5,2391390"
"201900040378";"20";"6";"2019";"08:20";"1";"13";"13001";"2";"1";"1";"6";"A51-Sens Aix en Provence vers Marseille";"43,5148340";"5,4273970"
"201900040379";"19";"6";"2019";"09:35";"1";"13";"13214";"2";"1";"1";"7";"A7-Sens Marseille vers Lyon";"43,3374945";"5,3769927"
"201900040380";"22";"6";"2019";"05:05";"3";"69";"69152";"1";"1";"1";"2";"A7   4.270 A 5.756";"45,7051278";"4,8328847"
"201900040381";"18";"6";"2019";"17:20";"1";"42";"42218";"1";"1";"1";"3";"RN88";"45,4363300";"4,4414200"
"201900040382";"19";"6";"2019";"06:55";"1";"42";"42330";"1";"1";"1";"4";"A72";"45,4779600";"4,3535900"
"201900040383";"21";"6";"2019";"17:50";"1";"67";"67447";"1";"1";"1";"4";"Autoroute A.4";"48,6012700";"7,7336100"
"201900040384";"20";"6";"2019";"16:30";"1";"67";"67482";"1";"1";"1";"2";"Autoroute A.35";"48,5553100";"7,7326900"
"201900040385";"19";"6";"2019";"19:50";"1";"67";"67482";"1";"1";"1";"3";"Autoroute A35";"48,5868530";"7,7269870"
"201900040386";"21";"6";"2019";"17:50";"1";"33";"33397";"1";"1";"1";"5";"AUTOROUTE A 10";"44,8968200";" -0,4959400"
"201900040387";"21";"6";"2019";"15:55";"1";"33";"33063";"1";"1";"2";"2";"ROCADE A 630";"44,8833600";" -0,5553900"
"201900040388";"21";"6";"2019";"15:25";"1";"33";"33063";"1";"1";"2";"2";"ROCADE A 630";"44,8805400";" -0,5395300"
"201900040389";"19";"6";"2019";"09:30";"1";"33";"33013";"1";"1";"1";"3";"ROUTE NATIONALE 230";"44,8482300";" -0,5031700"
"201900040390";"20";"6";"2019";"10:30";"1";"33";"33249";"1";"1";"1";"4";"ROUTE NATIONALE 230";"44,8774600";" -0,5088100"
"201900040391";"20";"6";"2019";"06:35";"1";"33";"33065";"1";"1";"1";"6";"ROUTE NATIONALE 230";"44,8107500";" -0,5193100"
"201900040392";"21";"6";"2019";"15:50";"1";"92";"92002";"1";"1";"1";"3";"RN 385 Extèrieure";"48,7603866";"2,2885075"
"201900040393";"20";"6";"2019";"19:00";"1";"91";"91216";"1";"1";"1";"2";"AUTOROUTE A6";"48,6845300";"2,3281300"
"201900040394";"20";"6";"2019";"17:10";"1";"92";"92002";"1";"1";"1";"5";"AUTOROUTE A6";"48,7333556";"2,3157608"
"201900040395";"20";"6";"2019";"14:00";"1";"91";"91340";"1";"1";"1";"7";"AUTOROUTE A6";"48,5998800";"2,4396000"
"201900040396";"20";"6";"2019";"09:45";"1";"91";"91363";"1";"1";"2";"2";"RN 104";"48,6351700";"2,2138400"
"201900040397";"20";"6";"2019";"07:54";"1";"92";"92002";"1";"1";"2";"3";"AUTOROUTE A86";"48,7597966";"2,2737613"
"201900040398";"19";"6";"2019";"01:40";"5";"94";"94034";"1";"1";"1";"5";"AUTOROUTE A86";"48,7569400";"2,3302700"