"Num_Acc";"jour";"mois";"an";"hrmn";"lum";"dep";"com";"agg";"int";"atm";"col";"adr";"lat";"long"
"201900040399";"30";"10";"2019";"09:45";"1";"94";"94081";"2";"1";"8";"6";"FELIX FAURE (R)";"48,8008600";"2,3970800"
"201900040400";"2";"11";"2019";"20:35";"5";"94";"94067";"2";"2";"1";"3";"GALLIENI (AV)";"48,8465400";"2,4174600"
"201900040401";"1";"11";"2019";"22:40";"3";"94";"94078";"2";"1";"2";"2";"PARIS (R DE)";"48,7388600";"2,4466200"
"201900040402";"26";"10";"2019";"09:30";"1";"94";"94041";"2";"1";"1";"7";"LENINE (R)";"48,8169100";"2,3957100"
"201900040403";"2";"11";"2019";"01:15";"5";"94";"94076";"2";"1";"2";"3";"MAXIME GORKI (BD)";"48,7869600";"2,3673800"
"201900040404";"1";"11";"2019";"00:10";"5";"94";"94073";"2";"3";"1";"3";"FONTAINEBLEAU (AV DE)";"48,7631000";"2,3683000"
"201900040405";"30";"10";"2019";"18:30";"5";"94";"94073";"2";"1";"1";"2";"boulevard du midi";"48,7540500";"2,3723000"
"201900040406";"25";"10";"2019";"15:25";"1";"94";"94033";"2";"1";"1";"3";"LOUISON BOBET (AV)";"48,8524100";"2,4894800"
"201900040407";"2";"11";"2019";"19:05";"5";"94";"94054";"2";"1";"2";"6";"VICTOIRE (AV DE LA)";"48,7446400";"2,3966600"
"201900040408";"31";"10";"2019";"14:50";"1";"94";"94054";"2";"2";"1";"3";"PAIX (AV DE LA)";"48,7503000";"2,3993600"
"201900040409";"30";"10";"2019";"07:30";"1";"94";"94022";"2";"2";"1";"1";"LUGO (AV DE)";"48,7734180";"2,4094350"
"201900040410";"30";"10";"2019";"08:15";"1";"94";"94022";"2";"1";"1";"2";"DEFFORGE (R)";"48,7706150";"2,4159040"
"201900040411";"2";"11";"2019";"22:05";"5";"94";"94017";"2";"1";"2";"3";"LOUIS TALAMONI (R)";"48,8134000";"2,5136700"
"201900040412";"30";"10";"2019";"15:15";"1";"94";"94017";"2";"1";"1";"6";"REGARD DES LUATS (R DU)";"48,8199900";"2,5319900"
"201900040413";"30";"10";"2019";"18:00";"5";"94";"94075";"2";"3";"1";"3";"MESANGES (ALL DES)";"48,7182000";"2,5364000"
"201900040414";"30";"10";"2019";"07:10";"1";"94";"94004";"2";"1";"1";"7";"GENERAL LECLERC (AV DU)";"48,7580000";"2,5010000"
"201900040415";"1";"11";"2019";"18:15";"5";"93";"93078";"2";"1";"2";"3";"SAUSSET (AVENUE DU)";"48,9609314";"2,5139103"
"201900040416";"31";"10";"2019";"10:00";"1";"93";"93073";"2";"2";"2";"3";"CHAPIT RE ( RUE DU)";"49,0029480";"2,5368790"
"201900040417";"30";"9";"2019";"11:00";"1";"93";"93078";"2";"2";"8";"3";"LECLERC (AVENUE DU GENERAL)";"48,9481000";"2,5612000"
"201900040418";"1";"11";"2019";"07:10";"2";"93";"93072";"2";"1";"2";"2";"STALINGRAD (AVENUE DE) DES N° 126 A 156";"48,9529000";"2,3896300"
"201900040419";"2";"11";"2019";"16:55";"1";"93";"93066";"2";"1";"1";"3";"""LANDY RD 20, NR IMPAIRS 1 A 144""";"48,9158000";"2,3624000"
"201900040420";"1";"11";"2019";"04:15";"5";"93";"93064";"2";"9";"1";"2";"PERI (BOULEVARD GABRIEL) 39 / 44 - FIN";"48,8775202";"2,4835783"
"201900040421";"31";"10";"2019";"16:50";"1";"93";"93077";"2";"1";"1";"6";"GRANDE RUE";"48,8828200";"2,5135600"
"201900040422";"1";"11";"2019";"03:35";"5";"93";"93031";"2";"1";"2";"7";"DE LATTRE DE TASSIGNY (1 A 51)";"48,9592100";"2,3056800"
"201900040423";"2";"11";"2019";"18:25";"5";"93";"93010";"2";"9";"1";"3";"ROSNY (AV. DE)";"48,9019180";"2,4707990"
"201900040424";"31";"10";"2019";"17:50";"5";"93";"93008";"2";"1";"1";"6";"ETOILE (RUE DE L')";"48,9111700";"2,4274200"
"201900040425";"1";"11";"2019";"16:45";"2";"93";"93005";"2";"1";"2";"4";"LEON JOUHAUX (RUE)";"48,9540760";"2,4822900"
"201900040426";"31";"10";"2019";"19:50";"4";"93";"93005";"2";"4";"1";"3";"LOUISE MICHEL (RUE)";"48,9310000";"2,5040000"
"201900040427";"30";"10";"2019";"08:30";"1";"93";"93005";"2";"1";"1";"2";"JEAN CHARCOT [CD115] (RUE)";"48,9348500";"2,4925000"
"201900040428";"30";"10";"2019";"23:05";"5";"92";"92075";"2";"4";"2";"1";"FABIEN (BOULEVARD DU COLONEL)";"48,8128400";"2,2796100"
"201900040429";"30";"10";"2019";"10:30";"1";"92";"92075";"2";"3";"1";"3";"FABIEN (BOULEVARD DU COLONEL)";"48,8118600";"2,2806800"
"201900040430";"31";"10";"2019";"18:15";"5";"92";"92073";"2";"3";"8";"3";"NIEUPORT (RUE EDOUARD)";"48,8723400";"2,2314500"
"201900040431";"30";"10";"2019";"06:52";"5";"92";"92073";"2";"9";"1";"3";"ROOSVELT (AVENUE FRANKLIN)";"48,8723100";"2,2211200"
"201900040432";"7";"11";"2019";"13:33";"1";"92";"92072";"2";"3";"1";"3";"EUROPE (AVENUE DE L')";"48,8231839";"2,2100008"
"201900040433";"29";"10";"2019";"21:59";"5";"92";"92072";"2";"1";"2";"3";"GRANDE RUE";"48,8269747";"2,2211617"
"201900040434";"31";"10";"2019";"15:15";"1";"92";"92051";"2";"7";"1";"6";"ACHILLE PERETTI (AVENUE,  N° 98 A 166 ET";"48,8862300";"2,2618800"
"201900040435";"31";"10";"2019";"09:23";"1";"92";"92036";"2";"1";"1";"2";"LAURENT CELY (AVENUE) (145/329)";"48,9269235";"2,3037417"
"201900040436";"31";"10";"2019";"09:10";"1";"92";"92036";"2";"3";"1";"3";"MARCEL PAUL (AVENUE) (52/102)";"48,9439301";"2,3035102"
"201900040437";"30";"10";"2019";"18:30";"5";"92";"92036";"2";"3";"1";"6";"LUCIEN LANTERNIER (AVENUE) (19/65)";"48,9329800";"2,2942300"
"201900040438";"31";"10";"2019";"05:38";"5";"92";"92024";"2";"6";"2";"6";"REPUBLIQUE (PLACE DE LA)";"48,9030588";"2,3126838"
"201900040439";"1";"11";"2019";"13:45";"1";"92";"92023";"2";"1";"2";"2";"GARENNE (ROUTE DE LA)";"48,7808300";"2,2271200"
"201900040440";"30";"10";"2019";"20:25";"5";"92";"92023";"2";"9";"1";"3";"MOULIN DE LA TOUR (BOULEVARD)";"48,7889900";"2,2668600"
"201900040441";"30";"10";"2019";"16:47";"1";"92";"92060";"2";"1";"8";"7";"EDMOND ABOUT (RUE)";"48,7815800";"2,2736900"
"201900040442";"31";"10";"2019";"17:25";"1";"92";"92019";"2";"3";"1";"3";"DIVISION LECLERC (AVENUE DE LA)";"48,7686385";"2,2509291"
"201900040443";"31";"10";"2019";"15:10";"1";"92";"92012";"2";"1";"8";"6";"GENERAL LECLERC (AVENUE DU) 35/FIN - 60/";"48,8311287";"2,2352754"
"201900040444";"2";"11";"2019";"20:57";"5";"92";"92007";"2";"1";"2";"3";"BRIAND (AVENUE ARISTIDE) N° 2 A 98";"48,7982741";"2,3225826"
"201900040445";"2";"11";"2019";"18:50";"5";"92";"92004";"2";"1";"1";"6";"ARGENTEUIL AV D'";"48,9118600";"2,2849837"
"201900040446";"30";"10";"2019";"06:15";"3";"65";"65429";"1";"1";"5";"6";"Route départementale 935";"43,4909685";"0,0111019"
"201900040447";"31";"10";"2019";"09:35";"1";"12";"12263";"1";"1";"2";"1";"D926";"44,3514080";"1,9762350"
"201900040448";"1";"11";"2019";"04:55";"3";"47";"47044";"1";"1";"2";"6";"170 Red Fournier";"44,6619660";"0,5612480"
"201900040449";"2";"11";"2019";"16:15";"1";"47";"47137";"1";"1";"3";"7";"D268";"44,1031760";"0,5673850"
"201900040450";"31";"10";"2019";"17:45";"3";"54";"54062";"1";"1";"1";"7";"RN 57 -- pk 54+ 800 -- sens Nancy/Epinal";"48,5370750";"6,2071620"
"201900040451";"31";"10";"2019";"19:00";"3";"86";"86081";"2";"1";"1";"6";"Route des Lavoirs";"46,7689720";"0,4188710"
"201900040452";"31";"10";"2019";"16:15";"1";"60";"60559";"2";"1";"1";"3";"Rue du Jardin à But";"49,4100040";"2,2937370"
"201900040453";"12";"10";"2019";"05:40";"3";"74";"74186";"1";"1";"1";"2";"A41";"45,8621470";"6,0571170"
"201900040454";"1";"11";"2019";"01:23";"3";"91";"91001";"1";"1";"2";"6";"D721";"48,3389640";"2,1874380"
"201900040455";"30";"10";"2019";"14:50";"1";"95";"95313";"2";"1";"1";"1";"24 Avenue du Chemin Vert";"49,1192760";"2,2251340"
"201900040456";"30";"10";"2019";"22:40";"3";"34";"34243";"1";"1";"1";"1";"D986";"43,8736700";"3,7423130"
"201900040457";"31";"10";"2019";"14:00";"1";"41";"41040";"1";"1";"2";"6";"D957";"47,6665340";"1,2464470"
"201900040458";"2";"11";"2019";"01:45";"3";"988";"98812";"1";"1";"1";"7";"R.T.1";" -20,5386030";"164,2636120"
"201900040459";"1";"11";"2019";"15:05";"1";"28";"28139";"1";"1";"1";"6";"A11";"48,3144900";"1,3216060"
"201900040460";"1";"11";"2019";"12:15";"1";"5";"05085";"1";"1";"1";"7";"D201";"44,9378490";"6,6843500"
"201900040461";"3";"11";"2019";"22:30";"3";"974";"97412";"2";"1";"1";"3";"74 Rue Victor Hugo";" -21,3804290";"55,6419640"
"201900040462";"31";"10";"2019";"18:20";"3";"972";"97201";"1";"1";"8";"7";"RN3 Pk 34+800";"14,8038610";" -61,1242850"
"201900040463";"30";"10";"2019";"16:00";"1";"35";"35337";"2";"1";"2";"7";"Avenue Félicité Lamennais";"48,3312047";" -1,8407965"
"201900040464";"26";"10";"2019";"19:30";"5";"1";"01427";"2";"1";"1";"6";"151 Route de Reyrieux";"45,9393710";"4,7877000"
"201900040465";"31";"10";"2019";"18:38";"5";"68";"68289";"2";"2";"1";"3";"Rue du Général de Gaulle";"47,8279090";"7,3346110"
"201900040466";"1";"11";"2019";"09:20";"1";"74";"74010";"2";"1";"1";"1";"113 Route des Vernes";"45,9427570";"6,1284330"
"201900040467";"2";"11";"2019";"13:20";"1";"60";"60380";"2";"1";"1";"1";"11 Allee des Coudriers";"49,1286780";"3,0811670"
"201900040468";"19";"10";"2019";"19:00";"5";"974";"97413";"2";"1";"1";"6";"12 Ruelle 46";" -21,1770170";"55,2878770"
"201900040469";"3";"11";"2019";"02:30";"3";"85";"85153";"1";"1";"6";"6";"Soillerat";"46,7615310";" -1,0459300"
"201900040470";"1";"11";"2019";"05:00";"3";"30";"30226";"1";"9";"1";"6";"N86";"44,2379329";"4,6387043"
"201900040471";"30";"10";"2019";"19:41";"3";"34";"34095";"1";"1";"1";"1";"D114 Route de Cournonterral";"43,5388370";"3,7514970"
"201900040472";"30";"10";"2019";"15:45";"1";"34";"34077";"1";"3";"1";"3";"route départementale 21";"43,6517840";"3,8975760"
"201900040473";"27";"10";"2019";"21:30";"3";"74";"74210";"1";"1";"1";"5";"D903";"46,2993350";"6,4342490"
"201900040474";"31";"10";"2019";"16:45";"1";"57";"57512";"1";"1";"1";"1";"Voie communale";"49,1274821";"6,2435850"
"201900040475";"1";"11";"2019";"21:30";"3";"62";"62268";"2";"2";"2";"3";"41 Rue de Crémarest";"50,6738810";"1,8224900"
"201900040476";"31";"10";"2019";"20:50";"3";"51";"51054";"1";"1";"1";"2";"RD 980";"49,2989983";"4,3513265"
"201900040477";"1";"11";"2019";"23:12";"3";"56";"56173";"1";"1";"8";"6";"RD 768 PR 66+915";"47,9925700";" -2,9800490"
"201900040478";"2";"11";"2019";"12:30";"1";"56";"56247";"1";"1";"1";"7";"Route de Kergate";"47,6574440";" -2,5747980"
"201900040479";"31";"10";"2019";"17:30";"5";"74";"74099";"2";"3";"2";"3";"Route de Sallanches";"45,8689120";"6,6284420"
"201900040480";"2";"11";"2019";"19:20";"3";"77";"77236";"1";"4";"2";"3";"D411 X D2411";"48,4123180";"3,2688270"
"201900040481";"31";"10";"2019";"12:30";"1";"76";"76198";"2";"1";"1";"1";"Rue Charles Angrand";"49,6815440";"0,8462390"
"201900040482";"31";"10";"2019";"11:30";"1";"76";"76115";"1";"2";"8";"3";"720 Route de Yébleron";"49,6057030";"0,5605620"
"201900040483";"28";"10";"2019";"17:50";"2";"79";"79174";"2";"1";"8";"3";"6 rue du Pont-de-Pérouzeau";"46,1756260";" -0,1691050"
"201900040484";"1";"11";"2019";"18:30";"3";"33";"33544";"1";"1";"3";"1";"RD 1215";"45,5229500";" -1,1027990"
"201900040485";"31";"10";"2019";"15:45";"1";"33";"33484";"1";"1";"1";"6";"D220 E2";"44,4028730";" -0,6141300"
"201900040486";"1";"11";"2019";"12:35";"1";"33";"33506";"1";"1";"3";"6";"D17 lieu dit beaulieu";"44,7224340";" -0,0642870"
"201900040487";"30";"10";"2019";"13:20";"1";"32";"32304";"1";"1";"1";"1";"D128";"43,3784720";"0,5754100"
"201900040488";"2";"11";"2019";"11:00";"1";"11";"11033";"2";"1";"8";"6";"Hameau de Marty";"43,2005630";"1,7345080"
"201900040489";"2";"11";"2019";"09:40";"1";"71";"71419";"2";"1";"3";"6";"8 Place du Marché";"46,7530380";"5,2432380"
"201900040490";"31";"10";"2019";"17:55";"2";"71";"71014";"2";"3";"2";"4";"Route de Beaune";"46,9591750";"4,3204350"
"201900040491";"1";"11";"2019";"11:20";"1";"71";"71582";"1";"1";"2";"7";"D7";"46,4593850";"4,6198050"
"201900040492";"30";"10";"2019";"19:15";"3";"63";"63022";"2";"4";"1";"7";"Avenue des Mineurs";"45,4391310";"3,3113990"
"201900040493";"31";"10";"2019";"17:08";"1";"49";"49215";"1";"1";"1";"2";"D938";"47,1129420";" -0,1631480"
"201900040494";"2";"11";"2019";"00:30";"3";"49";"49261";"2";"1";"3";"7";"Quai de la Loire";"47,3510040";" -0,2291420"
"201900040495";"2";"11";"2019";"17:10";"2";"49";"49336";"1";"3";"3";"3";"D167";"47,0390040";" -0,6009210"
"201900040496";"2";"11";"2019";"14:00";"1";"12";"12076";"1";"1";"2";"1";"Route d'Arjac (Pont)";"44,5323710";"2,4065820"
"201900040497";"31";"10";"2019";"17:15";"2";"47";"47315";"1";"1";"8";"6";"D 911";"44,4325250";"0,8589110"
"201900040498";"31";"10";"2019";"09:45";"1";"47";"47077";"1";"2";"8";"1";"D710";"44,5237200";"0,9481990"
"201900040499";"31";"10";"2019";"07:15";"1";"68";"68148";"1";"1";"8";"7";"d16";"47,5991870";"7,3291870"
"201900040500";"2";"11";"2019";"12:00";"1";"25";"25240";"1";"1";"3";"3";"D461";"47,0464720";"6,6359130"
"201900040501";"31";"10";"2019";"17:40";"2";"25";"25282";"1";"2";"1";"6";"N 57 / D48 - La vrine";"46,9796370";"6,3377380"
"201900040502";"31";"10";"2019";"15:00";"1";"25";"25162";"2";"3";"1";"1";"D11";"47,2264790";"5,8101430"
"201900040503";"30";"10";"2019";"18:45";"5";"44";"44128";"2";"9";"2";"6";"Rue de Guemene";"47,5416251";" -1,8861792"
"201900040504";"1";"11";"2019";"20:00";"3";"29";"29209";"1";"1";"3";"7";"77 Lieu-dit le Qurlu";"48,5555363";" -4,4288194"
"201900040505";"3";"11";"2019";"05:30";"3";"29";"29143";"2";"9";"3";"7";"90 Lanrin";"48,0354849";" -4,4648184"
"201900040506";"31";"10";"2019";"16:30";"1";"31";"31080";"1";"2";"1";"3";"D633";"43,2863370";"0,6501100"
"201900040507";"18";"10";"2019";"08:45";"1";"2";"02342";"1";"1";"3";"7";"D31";"49,9124940";"3,9292740"
"201900040508";"30";"10";"2019";"07:20";"2";"3";"03163";"2";"1";"8";"6";"5 rue des mésanges";"46,0176670";"3,4909051"
"201900040509";"30";"10";"2019";"11:15";"1";"70";"70427";"1";"1";"3";"1";"D56";"47,7475530";"6,0080340"
"201900040510";"3";"11";"2019";"20:00";"3";"72";"72168";"1";"1";"1";"6";"La Tuilerie";"48,0171630";" -0,1061940"
"201900040511";"1";"11";"2019";"03:00";"5";"6";"06127";"2";"1";"8";"7";"Chemin de Berthemont";"44,0619870";"7,2617020"
"201900040512";"31";"10";"2019";"17:45";"1";"50";"50487";"1";"3";"2";"3";"Le Poteau";"48,5518630";" -1,4075840"
"201900040513";"1";"11";"2019";"09:40";"1";"60";"60537";"2";"1";"2";"3";"ZAC de la Grerie";"49,5173330";"2,9301380"
"201900040514";"3";"11";"2019";"16:45";"1";"60";"60029";"1";"1";"2";"7";"Rue Binette";"49,3653310";"2,0323518"
"201900040515";"30";"10";"2019";"22:30";"3";"64";"64256";"1";"1";"2";"5";"1049 Quartier Hasquette";"43,4031220";" -1,3136434"
"201900040516";"31";"10";"2019";"18:10";"4";"73";"73171";"2";"1";"3";"1";"Route départementale 1006";"45,4989095";"6,0597589"
"201900040517";"2";"11";"2019";"09:20";"1";"43";"43137";"1";"1";"1";"1";"N88";"45,2631970";"4,1523920"
"201900040518";"31";"10";"2019";"12:10";"1";"7";"07314";"1";"1";"2";"6";"l'orme";"44,8925140";"4,6055150"
"201900040519";"11";"10";"2019";"08:30";"1";"7";"07010";"2";"1";"1";"6";"Rue de la Croisette";"45,2439910";"4,6641780"
"201900040520";"2";"11";"2019";"00:25";"3";"7";"07198";"1";"1";"2";"6";" Les 5 ponts";"44,7820610";"4,7664900"
"201900040521";"1";"11";"2019";"08:00";"1";"7";"07022";"1";"1";"2";"6";"5 Impasse Noel Claret";"44,7238060";"4,7452370"
"201900040522";"1";"11";"2019";"03:15";"5";"53";"53097";"2";"3";"2";"6";"Rue de la Libération";"48,1562220";" -0,4060310"
"201900040523";"31";"10";"2019";"17:45";"3";"40";"40209";"1";"6";"1";"3";"Avenue du 11 Novembre 1918";"43,5781200";" -1,4355430"
"201900040524";"31";"10";"2019";"11:20";"1";"24";"24544";"1";"1";"2";"7";"LIEU DIT GALINAT";"44,9921480";"1,1423230"
"201900040525";"31";"10";"2019";"02:15";"3";"24";"24312";"1";"1";"5";"6";"Route de Marsaneix";"45,1136000";"0,7343900"
"201900040526";"12";"7";"2019";"01:00";"3";"4";"04155";"1";"1";"1";"7";"Piste la favière";"44,2294070";"6,4695040"
"201900040527";"2";"11";"2019";"15:40";"1";"85";"85146";"2";"2";"2";"3";"Rue Alfred de VIGNY";"46,9795630";" -1,3288940"
"201900040528";"3";"11";"2019";"16:50";"2";"27";"27388";"1";"1";"2";"2";"Marais-Vernier";"49,4633500";"0,4742160"
"201900040529";"1";"11";"2019";"11:15";"1";"28";"28418";"1";"2";"3";"3";"D127";"48,1376960";"1,5036610"
"201900040530";"2";"11";"2019";"17:50";"3";"87";"87111";"1";"1";"3";"6";"Chez Lacroix";"45,7220570";"0,8842780"
"201900040531";"30";"10";"2019";"08:20";"1";"37";"37104";"1";"1";"2";"3";"510 Route du Noble Joué";"47,3031560";"0,7712660"
"201900040532";"2";"11";"2019";"11:40";"1";"37";"37108";"1";"1";"3";"6";"D764";"47,1480830";"1,0397130"
"201900040533";"17";"10";"2019";"18:00";"2";"30";"30182";"1";"1";"2";"7";"Route de Sommieres";"43,8439480";"4,1441310"
"201900040534";"17";"9";"2019";"16:20";"1";"987";"98734";"2";"3";"1";"3";"PK 34 - route territoriale n°01";" -17,7233790";" -149,5057300"
"201900040535";"1";"11";"2019";"04:30";"3";"67";"67506";"1";"1";"1";"6";"A35";"48,6739833";"7,7442274"
"201900040536";"1";"11";"2019";"17:50";"2";"35";"35352";"1";"1";"3";"7";"Vern-sur-Seiche";"48,0755741";" -1,6054934"
"201900040537";"31";"10";"2019";"11:55";"1";"4";"04242";"1";"1";"2";"3";"A 51";"43,8567301";"5,8613941"
"201900040538";"31";"10";"2019";"17:00";"2";"78";"78233";"1";"1";"1";"5";"D30";"48,8829710";"1,9775650"
"201900040539";"1";"11";"2019";"22:30";"3";"1";"01089";"1";"1";"2";"5";"Autoroute A42";"45,9807860";"5,3116880"
"201900040540";"30";"10";"2019";"18:40";"3";"79";"79276";"1";"1";"2";"6";"N/A";"46,3745390";" -0,2117100"
"201900040541";"14";"10";"2019";"09:15";"1";"13";"13001";"1";"1";"1";"4";"A8";"43,5234960";"5,4084310"
"201900040542";"2";"11";"2019";"02:45";"3";"67";"67506";"1";"1";"2";"1";"A4";"48,6577830";"7,7371410"
"201900040543";"2";"11";"2019";"20:30";"3";"11";"11262";"1";"1";"2";"6";"A9";"43,1683720";"3,0076650"
"201900040544";"2";"11";"2019";"19:50";"3";"30";"30317";"1";"1";"3";"6";"A9";"43,9251870";"4,5876620"
"201900040545";"1";"11";"2019";"13:15";"1";"17";"17354";"1";"1";"3";"6";"A 10";"45,6093170";" -0,5983220"
"201900040546";"1";"11";"2019";"10:20";"1";"77";"77071";"1";"1";"3";"6";"autoroute A77";"48,2097939";"2,7750779"
"201900040547";"28";"10";"2019";"16:30";"1";"987";"98724";"1";"1";"1";"6";"RT 111 District de MAEVA";" -16,7273840";" -151,0112500"
"201900040548";"1";"11";"2019";"09:10";"1";"987";"98729";"2";"1";"1";"6";"Pk 6+500 - PATAE";" -17,5331890";" -149,8386110"
"201900040549";"1";"11";"2019";"02:20";"5";"974";"97415";"2";"2";"1";"6";"D101";" -21,0527450";"55,2673780"
"201900040550";"2";"11";"2019";"06:25";"2";"973";"97305";"1";"1";"1";"5";"PK 17.300, RN1";"4,9488320";" -52,4230910"
"201900040551";"1";"11";"2019";"19:30";"3";"971";"97111";"1";"1";"1";"5";"RN2";"16,3106360";" -61,7840130"
"201900040552";"1";"11";"2019";"11:30";"1";"37";"37118";"1";"1";"2";"3";"impasse des sanguiers";"47,2287640";"0,2501090"
"201900040553";"26";"10";"2019";"16:25";"1";"77";"77339";"1";"1";"1";"7";"D64";"48,3844500";"2,5637100"
"201900040554";"3";"11";"2019";"10:05";"1";"77";"77486";"1";"1";"2";"1";"D231";"48,6872280";"3,1004270"
"201900040555";"26";"10";"2019";"21:05";"3";"78";"78364";"1";"1";"1";"3";"D11";"48,8566320";"1,8105340"
"201900040556";"31";"10";"2019";"20:30";"5";"2B";"2B303";"1";"1";"1";"6";"Fiorentine";"42,2828130";"9,5505980"
"201900040557";"3";"10";"2019";"06:30";"2";"2B";"2B148";"2";"3";"1";"3";"Strada Di Mariana";"42,5450620";"9,4799700"
"201900040558";"1";"11";"2019";"12:20";"1";"2A";"2A041";"1";"1";"1";"6";"T10";"41,4311205";"9,1883313"
"201900040559";"31";"10";"2019";"11:00";"1";"34";"34199";"2";"6";"1";"3";"Avenue de Plaisance";"43,4606750";"3,4105524"
"201900040560";"29";"10";"2019";"16:24";"1";"34";"34199";"1";"6";"1";"3";"N9";"43,4465260";"3,4071970"
"201900040561";"2";"11";"2019";"11:25";"1";"83";"83053";"1";"1";"1";"5";"Route de Toulon";"43,1579440";"5,8378370"
"201900040562";"1";"11";"2019";"13:30";"1";"83";"83016";"1";"1";"8";"6";"RD N8";"43,2319090";"5,8083700"
"201900040563";"30";"10";"2019";"14:20";"1";"83";"83059";"2";"1";"1";"5";"4 Hameau Saint Jean";"43,3337720";"6,0769350"
"201900040564";"31";"10";"2019";"18:00";"5";"13";"13086";"2";"1";"1";"6";"2 Avenue des Allies";"43,3510370";"5,6041870"
"201900040565";"31";"10";"2019";"17:50";"5";"13";"13015";"2";"3";"2";"6";"Lotissement Terre Blanche";"43,4538130";"5,4178400"
"201900040566";"31";"10";"2019";"12:00";"1";"39";"39356";"1";"1";"2";"6";"N/A";"46,7075170";"5,8172020"
"201900040567";"31";"10";"2019";"17:50";"5";"89";"89206";"2";"1";"2";"6";"16 Boulevard Lésiré Lacam";"47,9845290";"3,3970330"
"201900040568";"30";"10";"2019";"15:30";"1";"10";"10299";"2";"1";"1";"6";"Rue de l'Egalité";"48,5401720";"4,0717540"
"201900040569";"1";"11";"2019";"15:50";"1";"67";"67544";"1";"1";"2";"6";"D34";"48,9915540";"7,9808690"
"201900040570";"27";"10";"2019";"14:33";"1";"73";"73290";"1";"1";"1";"7";"D1006";"45,2156201";"6,9624647"
"201900040571";"31";"10";"2019";"14:25";"1";"38";"38565";"1";"1";"2";"5";"route départementale 520A";"45,2868930";"5,6358290"
"201900040572";"30";"7";"2019";"15:00";"1";"26";"26347";"2";"1";"1";"6";"29 Avenue du President Roosevelt";"45,0684800";"4,8443500"
"201900040573";"31";"10";"2019";"06:30";"3";"26";"26169";"1";"1";"2";"1";"D884";"44,4831470";"4,7419540"
"201900040574";"13";"9";"2019";"17:30";"1";"26";"26206";"1";"2";"1";"3";"Chemin de l'Oye";"44,8325170";"4,9682470"
"201900040575";"3";"11";"2019";"21:25";"5";"7";"07324";"2";"1";"1";"3";"avenue Maréchal Foch";"45,0712630";"4,8255520"
"201900040576";"30";"10";"2019";"08:15";"1";"69";"69143";"2";"1";"1";"3";"Rue Rey Loras";"45,8783900";"4,8381300"
"201900040577";"1";"11";"2019";"03:55";"5";"69";"69072";"1";"1";"8";"6";"Route Departementale 307";"45,7939700";"4,7413100"
"201900040578";"2";"11";"2019";"21:15";"3";"81";"81219";"1";"1";"3";"6";"D84";"43,5799761";"1,9973380"
"201900040579";"30";"10";"2019";"18:00";"3";"81";"81099";"1";"6";"8";"3";"Chemin Toulze";"43,9188200";"1,9405290"
"201900040580";"31";"10";"2019";"14:45";"1";"19";"19146";"1";"1";"8";"1";"Avenue Albert de la Pradelle";"45,2904970";"1,7739960"
"201900040581";"3";"11";"2019";"15:50";"1";"79";"79189";"1";"3";"3";"3";"N/A";"46,4254660";" -0,1533600"
"201900040582";"31";"10";"2019";"15:55";"1";"17";"17395";"1";"2";"1";"3";"Chemin des Perchaud";"45,7356258";" -0,4686694"
"201900040583";"1";"11";"2019";"14:10";"1";"33";"33302";"1";"1";"3";"5";"Lieu Dit Bertineau";"44,9432900";" -0,2046900"
"201900040584";"2";"11";"2019";"12:25";"1";"14";"14322";"1";"1";"1";"6";"Route de la Belle Epine";"49,2471600";" -0,7081640"
"201900040585";"31";"10";"2019";"18:15";"3";"27";"27022";"2";"1";"1";"6";"rue saint Fiacre";"49,1739690";"1,3359470"
"201900040586";"2";"11";"2019";"19:50";"3";"60";"60139";"1";"1";"2";"6";"D924";"49,1844330";"2,2364960"
"201900040587";"22";"10";"2019";"17:00";"1";"80";"80625";"2";"1";"1";"2";"D935";"49,7270970";"2,5323120"
"201900040588";"30";"10";"2019";"18:10";"3";"59";"59584";"1";"1";"1";"6";"Chaussée Brunehaut";"50,3070730";"3,8311910"
"201900040589";"2";"11";"2019";"10:06";"1";"13";"13106";"1";"1";"1";"4";"A7-Sens Marseille vers Lyon";"43,3942200";"5,3513500"
"201900040590";"18";"1";"2019";"01:30";"3";"26";"26377";"1";"1";"1";"6";"RD94";"44,3193940";"5,0623600"
"201900040591";"20";"1";"2019";"16:45";"1";"69";"69255";"1";"1";"2";"1";"PK20, Rue de Malval";"45,7469800";"4,6352400"
"201900040592";"16";"1";"2019";"12:45";"1";"69";"69255";"2";"1";"1";"3";"route du pont pinay";"45,7291900";"4,6742400"
"201900040593";"19";"1";"2019";"07:20";"5";"69";"69116";"2";"1";"1";"6";"avenue général de gaulle";"45,8375200";"4,7716100"
"201900040594";"20";"1";"2019";"19:25";"3";"32";"32200";"1";"1";"2";"5";"RN 21 - PR 54 + 200";"43,6060800";"0,5681720"