"Num_Acc";"jour";"mois";"an";"hrmn";"lum";"dep";"com";"agg";"int";"atm";"col";"adr";"lat";"long"
"201900040595";"18";"1";"2019";"13:35";"1";"9";"09282";"2";"1";"8";"1";"Rue de Villotte";"43,2331260";"1,5722530"
"201900040596";"19";"1";"2019";"14:00";"1";"64";"64139";"1";"1";"1";"3";"D24";"43,2155370";" -0,3365200"
"201900040597";"16";"1";"2019";"21:40";"3";"33";"33548";"1";"1";"2";"6";"RD138 route du petit bois - alcool + traversée de la chaussée par renard";"44,9756690";" -0,2959470"
"201900040598";"17";"1";"2019";"14:30";"1";"33";"33376";"1";"6";"7";"3";"EX RD 1215, Rond point de Picot";"44,9070300";" -0,7448900"
"201900040599";"21";"1";"2019";"08:00";"3";"85";"85080";"1";"1";"1";"2";"RD938Ter";"46,4361200";" -0,8262100"
"201900040600";"19";"1";"2019";"18:45";"3";"72";"72016";"1";"1";"5";"3";"la havardière";"47,9253700";" -0,3404050"
"201900040601";"17";"1";"2019";"21:20";"5";"72";"72264";"2";"1";"1";"3";"ROUTE DEPARTEMENTALE 309";"47,8388970";" -0,3087450"
"201900040602";"14";"1";"2019";"18:45";"3";"44";"44204";"1";"1";"1";"2";"route de Paris";"47,2890900";" -1,4323300"
"201900040603";"17";"1";"2019";"22:30";"3";"50";"50294";"1";"1";"1";"6";"Les Rosées";"49,5875620";" -1,6538850"
"201900040604";"18";"1";"2019";"19:30";"3";"56";"56009";"1";"1";"1";"3";"Parlavan RD 25";"47,3190080";" -3,1734290"
"201900040605";"17";"1";"2019";"11:50";"1";"56";"56176";"2";"1";"1";"2";"rue Georges Cadoudal";"47,6743440";" -2,9586100"
"201900040606";"18";"1";"2019";"21:10";"3";"29";"29055";"2";"1";"2";"3";"Zone Industrielle de Kerduff, ZI DE KERDUFF";"48,5663218";" -4,3536751"
"201900040607";"17";"1";"2019";"18:00";"2";"29";"29144";"1";"2";"1";"1";"RD 764";"48,4499907";" -4,1829905"
"201900040608";"19";"1";"2019";"05:55";"3";"76";"76303";"1";"1";"1";"1";"D10";"49,5540070";"0,3502740"
"201900040609";"18";"1";"2019";"19:35";"5";"60";"60439";"2";"1";"9";"1";"Avenue du 11 Novembre 1918 - D929";"49,3115950";"2,3259950"
"201900040610";"17";"1";"2019";"15:20";"1";"2";"02798";"1";"1";"2";"6";"Départementale 15";"48,9042200";"3,3975550"
"201900040611";"19";"1";"2019";"10:56";"1";"62";"62801";"2";"1";"1";"6";"80 rue Carnot";"50,3905190";"2,7419980"
"201900040612";"18";"1";"2019";"08:05";"2";"62";"62751";"1";"1";"1";"6";"Autoroute A16 - sens Boulogne/Calais";"50,8531700";"1,7275470"
"201900040613";"17";"1";"2019";"17:50";"5";"59";"59158";"2";"1";"1";"6";"1252 ROUTE NATIONALE";"50,4523350";"3,2013960"
"201900040614";"18";"1";"2019";"09:00";"1";"13";"13071";"1";"1";"1";"4";"A55-Sens Martigues vers Marseille";"43,3857000";"5,3102100"
"201900040615";"18";"1";"2019";"00:54";"5";"13";"13202";"2";"1";"1";"6";"Tunnel Joliette Marseille vers Aubagne";"43,2915900";"5,3662400"
"201900040616";"14";"1";"2019";"10:30";"1";"13";"13071";"1";"9";"1";"4";"A7-Sens Marseille vers Lyon";"43,4150300";"5,2786000"
"201900040617";"18";"1";"2019";"10:00";"1";"13";"13071";"1";"1";"1";"2";"A7-Sens Marseille vers Lyon";"43,4105910";"5,2842600"
"201900040618";"13";"1";"2019";"16:08";"1";"13";"13055";"2";"1";"1";"6";"A507 sens Marseille - Aubagne";"43,3308390";"5,3878070"
"201900040619";"17";"1";"2019";"18:50";"2";"13";"13001";"1";"1";"1";"4";"A51-Sens Marseille vers Aix en Provence";"43,4698100";"5,4072500"
"201900040620";"17";"1";"2019";"18:15";"3";"13";"13106";"1";"1";"1";"2";"A51-Sens Aix en Provence vers Marseille";"43,4021100";"5,3563600"
"201900040621";"17";"1";"2019";"14:10";"1";"13";"13001";"1";"1";"1";"2";"A51-Sens Marseille vers Aix en Provence";"43,4901520";"5,4074836"
"201900040622";"17";"1";"2019";"08:15";"1";"13";"13210";"1";"1";"2";"3";"A50-Sens Aubagne vers Marseille";"43,2848400";"5,4095300"
"201900040623";"17";"1";"2019";"09:00";"1";"13";"13056";"1";"1";"1";"2";"A55-Sens Marseille vers Martigues";"43,4028961";"5,0422043"
"201900040624";"16";"1";"2019";"15:15";"1";"13";"13117";"1";"1";"1";"4";"A7-Sens Marseille vers Lyon";"43,4131000";"5,2808800"
"201900040625";"16";"1";"2019";"11:35";"1";"13";"13210";"2";"1";"1";"3";"S10CM-Sens Marseille vers A.50 Aubagne";"43,2850830";"5,4209140"
"201900040626";"16";"1";"2019";"07:15";"2";"13";"13071";"1";"1";"1";"2";"A55-Sens Martigues vers Marseille";"43,3759600";"5,3169700"
"201900040627";"16";"1";"2019";"07:30";"1";"13";"13071";"1";"1";"1";"6";"A7-Sens Lyon vers Marseille";"43,4037100";"5,3115920"
"201900040628";"15";"1";"2019";"06:00";"3";"83";"83062";"1";"1";"1";"7";"N/A";"43,1434000";"6,0142000"
"201900040629";"19";"1";"2019";"21:10";"3";"33";"33366";"1";"1";"1";"5";"AUTOROUTE A 10";"44,9826500";" -0,4287100"
"201900040630";"18";"1";"2019";"23:09";"5";"94";"94003";"1";"1";"1";"7";"AUTOROUTE A6B";"48,8044800";"2,3443470"
"201900040631";"17";"1";"2019";"18:45";"5";"91";"91377";"2";"1";"1";"6";"RN20";"48,7298100";"2,3002100"
"201900040632";"17";"1";"2019";"16:45";"1";"91";"91345";"1";"1";"2";"4";"AUTOROUTE A6";"48,6874100";"2,3258300"
"201900040633";"17";"1";"2019";"16:45";"4";"91";"91345";"1";"1";"1";"6";"AUTOROUTE A6";"48,6871300";"2,3258700"
"201900040634";"17";"1";"2019";"16:10";"1";"91";"91347";"1";"1";"2";"4";"RN 104";"48,6222610";"2,2851400"
"201900040635";"17";"1";"2019";"08:10";"1";"94";"94003";"1";"1";"1";"3";"AUTOROUTE A6A";"48,8057800";"2,3416700"
"201900040636";"17";"1";"2019";"07:02";"2";"94";"94034";"1";"1";"1";"7";"AUTOROUTE A6A";"48,7519600";"2,3304400"
"201900040637";"16";"1";"2019";"18:45";"3";"91";"91136";"1";"1";"1";"4";"AUTOROUTE A126";"48,7123900";"2,2850700"
"201900040638";"16";"1";"2019";"07:40";"2";"91";"91659";"1";"1";"1";"6";"AUTOROUTE A6";"48,5925800";"2,4445900"
"201900040639";"15";"1";"2019";"19:05";"3";"91";"91377";"1";"1";"1";"2";"RN20";"48,7148000";"2,2898000"
"201900040640";"18";"1";"2019";"23:40";"3";"78";"78140";"1";"1";"1";"2";"A13";"48,9610990";"1,9300620"
"201900040641";"18";"1";"2019";"11:53";"1";"92";"92002";"1";"1";"1";"4";"AUTOROUTE A86";"48,7631600";"2,3107700"
"201900040642";"18";"1";"2019";"09:13";"1";"92";"92047";"1";"1";"1";"3";"A13";"48,8335700";"2,1630100"
"201900040643";"18";"1";"2019";"02:25";"3";"92";"92072";"1";"1";"1";"6";"N118";"48,8241234";"2,2213719"
"201900040644";"17";"1";"2019";"16:00";"1";"78";"78073";"1";"1";"1";"2";"RN12 INT";"48,7985100";"2,0064000"
"201900040645";"20";"1";"2019";"02:15";"1";"92";"92002";"1";"1";"1";"6";"AUTOROUTE A86";"48,7631590";"2,3107490"
"201900040646";"19";"1";"2019";"05:00";"3";"93";"93005";"1";"1";"9";"5";"AUTOROUTE A1";"48,9578400";"2,4625800"
"201900040647";"19";"1";"2019";"02:45";"3";"93";"93066";"1";"1";"1";"6";"AUTOROUTE A1";"48,9275200";"2,3573500"
"201900040648";"17";"1";"2019";"18:30";"3";"95";"95424";"1";"1";"1";"2";"AUTOROUTE A15";"48,9931000";"2,1864100"
"201900040649";"17";"1";"2019";"18:40";"3";"95";"95424";"1";"1";"1";"6";"AUTOROUTE A15";"48,9910900";"2,1925100"
"201900040650";"16";"1";"2019";"13:00";"1";"93";"93008";"1";"1";"1";"2";"AUTOROUTE A86";"48,9127200";"2,4368000"
"201900040651";"15";"1";"2019";"20:45";"1";"93";"93073";"2";"1";"1";"3";"STADE DE FRANCE (AVENUE DU)";"48,9649300";"2,5552500"
"201900040652";"19";"1";"2019";"17:25";"3";"77";"77373";"1";"1";"2";"5";"RN104";"48,7831600";"2,6164800"
"201900040653";"19";"1";"2019";"13:38";"1";"94";"94052";"1";"1";"8";"5";"A86 INT";"48,8293026";"2,4811072"
"201900040654";"18";"1";"2019";"22:35";"3";"94";"94069";"1";"1";"1";"2";"A4";"48,8175520";"2,4361590"
"201900040655";"18";"1";"2019";"20:12";"4";"77";"77337";"1";"1";"8";"6";"RN104";"48,8252810";"2,6159160"
"201900040656";"13";"1";"2019";"21:25";"3";"77";"77337";"1";"1";"2";"6";"RN104";"48,8260700";"2,6161900"
"201900040657";"14";"1";"2019";"12:15";"1";"76";"76351";"2";"3";"1";"3";"PALFRAY";"49,4912300";"0,1247300"
"201900040658";"14";"1";"2019";"16:05";"1";"71";"71499";"2";"1";"2";"5";"JEAN JAURES (RUE)";"46,6644400";"4,3058700"
"201900040659";"11";"1";"2019";"12:07";"1";"49";"49007";"2";"1";"1";"3";"BARRE CITE ET RUE";"47,4722100";" -0,5944900"
"201900040660";"14";"1";"2019";"19:15";"5";"25";"25056";"2";"2";"8";"6";"MALLARME RUE STEPHANE";"47,2427100";"5,9991200"
"201900040661";"13";"1";"2019";"23:00";"3";"92";"92036";"1";"1";"2";"6";"AUTOROUTE A15";"48,9389585";"2,2943794"
"201900040662";"13";"1";"2019";"22:15";"3";"95";"95212";"1";"1";"1";"2";"AUTOROUTE A1";"49,0301600";"2,5390000"
"201900040663";"12";"1";"2019";"23:20";"3";"95";"95277";"1";"1";"1";"2";"RD 170 ";"48,9756900";"2,4825800"
"201900040664";"15";"1";"2019";"13:45";"1";"974";"97407";"2";"6";"1";"3";"ROND POINT TAMATAVE";" -20,9305300";"55,3089400"
"201900040665";"15";"1";"2019";"11:25";"1";"973";"97302";"2";"2";"1";"3";"MANGUES (RUE DES - CITE MANGUIERS)";"4,9344100";" -52,3227400"
"201900040666";"15";"1";"2019";"15:10";"1";"69";"69388";"2";"1";"1";"7";"JEAN XXIII                          (BD)";"45,7425600";"4,8778800"
"201900040667";"15";"1";"2019";"14:15";"1";"69";"69259";"2";"3";"1";"1";"LEON TOLSTOI                        (R )";"45,6999300";"4,8616500"
"201900040668";"14";"1";"2019";"12:55";"1";"69";"69387";"2";"3";"1";"6";"CHAMBAUD DE LA BRUYERE              (BD)";"45,7209300";"4,8424000"
"201900040669";"15";"1";"2019";"18:00";"2";"69";"69034";"2";"1";"1";"4";"SOLDATS (DES)                       (MO)";"45,7947800";"4,8592700"
"201900040670";"15";"1";"2019";"11:20";"1";"69";"69382";"2";"3";"7";"6";"BELLECOUR                           (PL)";"45,7568100";"4,8315000"
"201900040671";"15";"1";"2019";"09:45";"1";"69";"69384";"2";"1";"1";"2";"SCHUMAN          (PT)";"45,7799700";"4,8109200"
"201900040672";"14";"1";"2019";"13:40";"1";"69";"69286";"2";"2";"8";"3";"AIN (DE L')                         (AV)";"45,8216900";"4,8897100"
"201900040673";"14";"1";"2019";"18:07";"3";"2B";"2B037";"1";"1";"1";"3";"TOUTES RUES";"42,6029700";"9,4382000"
"201900040674";"14";"1";"2019";"18:13";"5";"2B";"2B033";"2";"6";"1";"5";"TOUTES RUES";"42,6994900";"9,4452500"
"201900040675";"14";"1";"2019";"12:13";"1";"2B";"2B033";"2";"6";"1";"3";"VEZZANI - RUE CESAR";"42,6928500";"9,4500000"
"201900040676";"14";"1";"2019";"14:30";"1";"2A";"2A004";"2";"1";"1";"3";"GRANDE ARMEE AVENUE";"41,9278300";"8,7331000"
"201900040677";"15";"1";"2019";"10:37";"1";"95";"95210";"2";"1";"1";"6";"LECLERC (AVENUE DE LA DIVISION)";"48,9731700";"2,3098500"
"201900040678";"15";"1";"2019";"07:20";"2";"91";"91339";"1";"1";"1";"2";"RN 20";"48,6175000";"2,2574000"
"201900040679";"15";"1";"2019";"07:20";"5";"90";"90099";"2";"1";"8";"6";"DE GAULLE (RUE DU GENERAL)";"47,6647876";"6,8444192"
"201900040680";"15";"1";"2019";"12:45";"1";"88";"88462";"1";"1";"1";"3";"Route de Julienrupt";"48,0538900";"6,7043300"
"201900040681";"8";"1";"2019";"18:40";"5";"86";"86066";"2";"1";"1";"6";"BRANLY (RUE)";"46,8023700";"0,5454700"
"201900040682";"15";"1";"2019";"02:25";"5";"85";"85191";"2";"1";"1";"6";"RUE DU PRESIDENT DE GAULLE ";"46,6714500";" -1,4233200"
"201900040683";"15";"1";"2019";"07:45";"1";"83";"83137";"2";"1";"1";"3";"LECLERC (AVE GENERAL)";"43,1258500";"5,9273800"
"201900040684";"14";"1";"2019";"09:45";"1";"83";"83061";"2";"9";"1";"6";"AVENUE HENRI GIRAUD";"43,4433800";"6,7545500"
"201900040685";"14";"1";"2019";"12:15";"1";"80";"80489";"1";"1";"1";"4";"RN 25";"49,8704200";"2,3722000"
"201900040686";"11";"1";"2019";"16:50";"2";"80";"80021";"2";"1";"2";"3";"PAUL CLAUDEL (AVENUE)";"49,8746400";"2,2660400"
"201900040687";"15";"1";"2019";"07:10";"5";"78";"78005";"1";"5";"1";"3";"RD 30";"48,9788300";"2,0822100"
"201900040688";"11";"1";"2019";"17:40";"5";"77";"77379";"2";"1";"2";"6";"D403 - COURLOISON (RUE DE)";"48,5634500";"3,3046400"
"201900040689";"14";"1";"2019";"15:45";"1";"67";"67482";"2";"1";"1";"6";"WATTWILLER (RUE DE)";"48,5609600";"7,7855600"
"201900040690";"14";"1";"2019";"06:50";"2";"67";"67043";"2";"3";"8";"3";"BRUMATH (ROUTE DE)";"48,6189900";"7,7316800"
"201900040691";"15";"1";"2019";"09:50";"1";"66";"66136";"1";"1";"1";"1";"Chemin de St Estève";"42,7098000";"2,8667000"
"201900040692";"15";"1";"2019";"17:10";"1";"64";"64483";"2";"1";"1";"3";"CHANTACO (AVENUE DE )";"43,3826500";" -1,6480600"
"201900040693";"15";"1";"2019";"17:50";"5";"59";"59599";"2";"1";"8";"4";"GAMBETTA (BOULEVARD)";"50,7121946";"3,1592089"
"201900040694";"15";"1";"2019";"17:30";"2";"59";"59599";"2";"9";"9";"6";"ROUBAIX (RUE DE)";"50,7145100";"3,1644500"
"201900040695";"13";"1";"2019";"12:10";"1";"59";"59569";"2";"1";"2";"3";"BOIS DES RETZ (RUE DU)";"50,3895200";"3,1399000"
"201900040696";"14";"1";"2019";"10:30";"1";"58";"58194";"2";"6";"1";"2";"CROIX JOYEUSE (CARREFOUR)";"46,9952000";"3,1684000"
"201900040697";"15";"1";"2019";"09:50";"1";"51";"51454";"2";"1";"8";"6";"AVENUE DE CHAMPAGNE ";"49,2314700";"4,0353700"
"201900040698";"15";"1";"2019";"10:40";"1";"49";"49099";"2";"1";"1";"6";"LORRAINE (RUE DE)";"47,0517300";" -0,8528900"
"201900040699";"14";"1";"2019";"07:25";"3";"49";"49007";"1";"1";"1";"6";"BELLE BEILLE";"47,4695200";" -0,6001400"
"201900040700";"15";"1";"2019";"02:35";"5";"45";"45232";"1";"1";"1";"6";"AVENUE DE SOLOGNE";"47,8310200";"1,9180400"
"201900040701";"14";"1";"2019";"08:54";"1";"45";"45068";"2";"9";"1";"6";"RUE SAINT JUST";"48,0058170";"2,7189100"
"201900040702";"11";"1";"2019";"23:00";"4";"44";"44184";"2";"1";"1";"6";"TRIGNAC (RUE DE)";"47,3029000";" -2,1840000"
"201900040703";"10";"1";"2019";"10:50";"1";"43";"43157";"2";"1";"1";"6";"ST-LOUIS (BD)";"45,0429900";"3,8804400"
"201900040704";"11";"1";"2019";"13:05";"1";"41";"41018";"2";"1";"2";"2";"GALLOIS (RUE)";"47,5867500";"1,3303800"
"201900040705";"15";"1";"2019";"08:50";"1";"38";"38185";"2";"1";"1";"6";"RUE PAUL STRAUSS";"45,1687800";"5,7046600"
"201900040706";"15";"1";"2019";"19:00";"5";"37";"37261";"1";"1";"1";"4";"MAGINOT (AV. ANDRE)";"47,4363883";"0,7091543"
"201900040707";"15";"1";"2019";"13:18";"1";"37";"37261";"2";"1";"1";"3";"VAILLANT (RUE EDOUARD)";"47,3819740";"0,7054376"
"201900040708";"15";"1";"2019";"07:45";"1";"37";"37261";"2";"1";"1";"3";"MARECHAL JUIN (BD)";"47,4183800";"0,7044600"
"201900040709";"14";"1";"2019";"08:30";"5";"35";"35288";"2";"6";"1";"3";"GRAND JARDIN (RUE DU)";"48,6374800";" -1,9820900"
"201900040710";"14";"1";"2019";"15:55";"1";"35";"35238";"2";"9";"1";"6";"PATTON (AVENUE DU GENERAL SIR GEORGES)";"48,1255500";" -1,6661600"
"201900040711";"14";"1";"2019";"13:30";"1";"35";"35281";"2";"3";"8";"3";"VALLES (RUE JULES)";"48,0634285";" -1,7276443"
"201900040712";"15";"1";"2019";"16:09";"1";"34";"34172";"2";"1";"1";"2";"FLANDRES-DUNKERQUE (PLACE)";"43,5901600";"3,8556700"
"201900040713";"15";"1";"2019";"13:40";"1";"34";"34172";"2";"1";"7";"2";"TANNEURS (QUAI DES)";"43,6159320";"3,8753600"
"201900040714";"15";"1";"2019";"07:25";"2";"34";"34172";"2";"1";"1";"7";"AGATHOIS (RUE DE L')";"43,6295200";"3,8226200"
"201900040715";"14";"1";"2019";"20:23";"5";"34";"34172";"2";"3";"1";"2";"LAVERUNE (ROUTE DE";"43,6008100";"3,8454500"
"201900040716";"14";"1";"2019";"15:00";"1";"34";"34172";"2";"9";"1";"3";"JUSTICE DE CASTELNAU (AVENUE DE LA)";"43,6262000";"3,8843200"
"201900040717";"15";"1";"2019";"09:30";"1";"31";"31555";"2";"2";"1";"6";"RUE MICHEL ANGE";"43,6271800";"1,4458400"
"201900040718";"15";"1";"2019";"07:40";"2";"31";"31149";"2";"1";"1";"3";"8 AV YVES BRUNAUD";"43,6150900";"1,3463400"
"201900040719";"15";"1";"2019";"08:30";"1";"29";"29232";"2";"1";"1";"7";"LE GOFFIC CHARLES RUE";"47,9848200";" -4,0596100"
"201900040720";"15";"1";"2019";"20:30";"5";"26";"26362";"2";"3";"1";"6";"BERTHELOT RUE";"44,9300200";"4,8973400"
"201900040721";"14";"1";"2019";"14:10";"1";"22";"22360";"1";"9";"1";"3";"Vallées (rue des )";"48,4778800";" -2,7189500"
"201900040722";"14";"1";"2019";"15:58";"1";"21";"21054";"2";"1";"2";"6";"LYONNAIS (AVENUE DES)";"47,0224100";"4,8472900"
"201900040723";"15";"1";"2019";"18:44";"5";"17";"17300";"2";"1";"1";"6";"MAIL   ALLEE DU";"46,1559060";" -1,1663190"
"201900040724";"13";"1";"2019";"05:30";"5";"14";"14118";"2";"9";"1";"6";"BASSE (RUE   - 93 IMPAIRS . 66 PAIRS)";"49,1853200";" -0,3451700"
"201900040725";"8";"1";"2019";"16:34";"1";"14";"14118";"2";"1";"1";"6";"FALAISE (RUE DE -144)";"49,1736714";" -0,3539906"
"201900040726";"15";"1";"2019";"10:00";"1";"13";"13211";"2";"2";"1";"3";"LOUIS REGIS (RUE)";"43,2891170";"5,4970160"
"201900040727";"15";"1";"2019";"20:15";"5";"6";"06088";"2";"2";"1";"3";"BARBUSSE (AV. HENRI)";"43,7106600";"7,2566300"
"201900040728";"15";"1";"2019";"16:10";"1";"6";"06088";"2";"9";"1";"3";"MERCANTOUR (BD)";"43,7021600";"7,1887600"
"201900040729";"15";"1";"2019";"09:42";"1";"6";"06088";"2";"1";"1";"6";"ANGLAIS (DU N° 1 AU N° 43)";"43,6949000";"7,2635000"
"201900040730";"15";"1";"2019";"15:50";"1";"1";"01053";"2";"3";"1";"5";"BELGES (AVENUE DES)";"46,2070034";"5,2317588"
"201900040731";"15";"1";"2019";"17:40";"3";"75";"75115";"2";"4";"1";"2";"BOULEVARD PERIPHERIQUE";"48,8348260";"2,2740150"
"201900040732";"14";"1";"2019";"18:50";"3";"75";"75108";"2";"1";"1";"3";"AVENUE DES CHAMPS ELYSEES";"48,8697750";"2,3076610"
"201900040733";"15";"1";"2019";"14:20";"1";"75";"75106";"2";"2";"1";"6";"RUE DE VAUGIRARD";"48,8482290";"2,3310160"
"201900040734";"15";"1";"2019";"08:10";"2";"75";"75119";"2";"4";"1";"6";"RUE LAUZIN";"48,8752390";"2,3786500"
"201900040735";"14";"1";"2019";"23:45";"5";"75";"75119";"2";"3";"1";"6";"RUE DE CRIMEE";"48,8806690";"2,3882210"
"201900040736";"15";"1";"2019";"21:00";"5";"75";"75118";"2";"2";"1";"6";"BOULEVARD BARBES";"48,8915610";"2,3496000"
"201900040737";"15";"1";"2019";"09:30";"1";"75";"75118";"2";"4";"1";"6";"RUE DE JESSAINT";"48,8849820";"2,3552170"
"201900040738";"15";"1";"2019";"19:15";"2";"75";"75117";"2";"1";"1";"6";"RUE DE COURCELLES";"48,8797100";"2,3025650"
"201900040739";"15";"1";"2019";"18:50";"5";"75";"75117";"2";"1";"1";"3";"RUE GUY MOQUET";"48,8923300";"2,3242930"
"201900040740";"15";"1";"2019";"11:30";"1";"75";"75116";"2";"1";"1";"6";"AVENUE KLEBER";"48,8640050";"2,2877560"
"201900040741";"15";"1";"2019";"19:35";"5";"75";"75113";"2";"1";"1";"6";"RUE DE DOMREMY";"48,8306500";"2,3735970"
"201900040742";"15";"1";"2019";"08:07";"2";"75";"75113";"2";"7";"1";"3";"PLACE D ITALIE";"48,8322300";"2,3560600"
"201900040743";"14";"1";"2019";"23:02";"5";"75";"75113";"2";"2";"1";"2";"AVENUE D ITALIE";"48,8261840";"2,3572720"
"201900040744";"15";"1";"2019";"20:50";"5";"75";"75112";"2";"3";"1";"3";"QUAI DE BERCY";"48,8337280";"2,3824930"
"201900040745";"15";"1";"2019";"09:10";"1";"75";"75112";"2";"1";"8";"3";"AVENUE LEDRU ROLLIN";"48,8493330";"2,3737730"
"201900040746";"15";"1";"2019";"09:45";"1";"75";"75111";"2";"2";"1";"3";"BOULEVARD RICHARD LENOIR";"48,8577890";"2,3709390"
"201900040747";"15";"1";"2019";"01:50";"5";"75";"75110";"2";"7";"1";"3";"BOULEVARD DE MAGENTA";"48,8705510";"2,3612000"
"201900040748";"15";"1";"2019";"12:25";"1";"75";"75109";"2";"3";"1";"6";"RUE D AMSTERDAM";"48,8804380";"2,3270570"
"201900040749";"14";"1";"2019";"18:55";"5";"75";"75108";"2";"2";"1";"3";"RUE LA BOETIE";"48,8742090";"2,3175180"
"201900040750";"15";"1";"2019";"17:45";"5";"94";"94078";"2";"1";"1";"6";"PARIS (R DE)";"48,7287000";"2,4470000"
"201900040751";"15";"1";"2019";"06:40";"5";"94";"94074";"2";"1";"1";"2";"FONTAINE SAINT-MARTIN (R DE LA)";"48,7369100";"2,4714400"
"201900040752";"15";"1";"2019";"17:40";"2";"94";"94033";"2";"4";"1";"3";"PARMENTIER (AV)";"48,8538100";"2,4532400"
"201900040753";"14";"1";"2019";"17:50";"3";"94";"94004";"2";"2";"1";"5";"GENERAL LECLERC (AV DU)";"48,7548800";"2,5052300"
"201900040754";"15";"1";"2019";"17:05";"5";"93";"93073";"1";"9";"1";"7";"CHAPIT RE ( RUE DU)";"49,0121400";"2,5302000"
"201900040755";"15";"1";"2019";"18:20";"5";"93";"93066";"2";"1";"1";"2";"CACHIN MARCEL (AVENUE)";"48,9392300";"2,3695000"
"201900040756";"15";"1";"2019";"09:00";"1";"93";"93066";"2";"3";"1";"3";"STADE DE FRANCE (AVENUE DU)";"48,9217200";"2,3614200"
"201900040757";"15";"1";"2019";"06:40";"5";"93";"93077";"2";"2";"1";"6";"GRANDE RUE";"48,8825300";"2,5247600"
"201900040758";"15";"1";"2019";"18:20";"5";"93";"93010";"2";"3";"1";"3";"GALLIENI (AV.) DE 1 A 109";"48,9060100";"2,4803600"
"201900040759";"15";"1";"2019";"22:15";"5";"93";"93001";"2";"1";"1";"3";"REPUBLIQUE (AVE DE LA ) => NO 41/50";"48,9117100";"2,3844000"
"201900040760";"15";"1";"2019";"11:30";"1";"92";"92051";"2";"1";"1";"1";"ACHILLE PERETTI (AVENUE, N° 90 A 96 ET 9";"48,8841880";"2,2702780"
"201900040761";"15";"1";"2019";"09:15";"1";"92";"92051";"2";"1";"1";"2";"COMMANDANT CHARCOT (BOULEVARD DU)";"48,8796800";"2,2580100"
"201900040762";"15";"1";"2019";"07:35";"2";"92";"92026";"2";"2";"1";"3";"AVENUE GAMBETTA";"48,8928142";"2,2452393"
"201900040763";"13";"1";"2019";"09:00";"1";"92";"92062";"2";"1";"8";"7";"PARVIS (LE)";"48,8916000";"2,2401000"
"201900040764";"10";"1";"2019";"18:30";"5";"92";"92024";"2";"2";"1";"3";"MADAME DE SANZILLON (RUE)";"48,9035200";"2,3180200"
"201900040765";"15";"1";"2019";"17:40";"5";"62";"62309";"2";"1";"2";"6";"Rue bernard Chochoy";"50,7081770";"2,1767720"
"201900040766";"1";"10";"2019";"09:00";"1";"3";"03185";"2";"3";"7";"3";"quai de la Libération M Leclerc";"46,3315953";"2,5984044"
"201900040767";"1";"10";"2019";"16:20";"1";"75";"75116";"2";"1";"1";"6";"BD PERIPHERIQUE EXTERIEUR";"48,8628920";"2,2650759"
"201900040768";"1";"10";"2019";"14:00";"1";"75";"75115";"2";"4";"1";"2";"BP PERIPHERIQUE INTERIEUR";"48,8267978";"2,2956032"
"201900040769";"30";"9";"2019";"09:15";"1";"75";"75114";"2";"1";"1";"4";"BD PERIPHERIQUE INTERIEUR";"48,8217520";"2,3179320"
"201900040770";"1";"10";"2019";"12:45";"1";"75";"75116";"2";"2";"1";"2";"RUE RAYNOUARD";"48,8537189";"2,2774148"
"201900040771";"30";"9";"2019";"09:06";"1";"75";"75102";"2";"2";"1";"3";"RUE DU QUATRE SEPTEMBRE";"48,8695427";"2,3367855"
"201900040772";"1";"10";"2019";"13:00";"1";"75";"75106";"2";"3";"1";"6";"BOULEVARD DU MONTPARNASSE";"48,8424572";"2,3284386"
"201900040773";"1";"10";"2019";"19:40";"5";"75";"75119";"2";"3";"8";"6";"RUE DE MEAUX";"48,8840276";"2,3778528"
"201900040774";"1";"10";"2019";"13:25";"1";"75";"75119";"2";"3";"2";"6";"RUE BOTZARIS";"48,8792974";"2,3843365"
"201900040775";"1";"10";"2019";"07:50";"1";"75";"75119";"2";"3";"1";"6";"PASSAGE DES FOURS A CHAUX";"48,8793045";"2,3743648"
"201900040776";"30";"9";"2019";"19:10";"1";"75";"75119";"2";"4";"1";"6";"BOULEVARD MACDONALD";"48,8970050";"2,3924150"
"201900040777";"1";"10";"2019";"11:55";"1";"75";"75118";"2";"2";"8";"3";"RUE DES ROSES";"48,8932570";"2,3614050"
"201900040778";"30";"9";"2019";"08:57";"1";"75";"75117";"2";"3";"1";"6";"AVENUE DE VILLIERS";"48,8830710";"2,3082980"
"201900040779";"1";"10";"2019";"13:00";"1";"75";"75116";"2";"2";"2";"2";"AVENUE FOCH";"48,8721885";"2,2847217"
"201900040780";"1";"10";"2019";"17:45";"1";"75";"75115";"2";"3";"2";"6";"BOULEVARD GARIBALDI";"48,8477904";"2,3024760"
"201900040781";"1";"10";"2019";"14:00";"1";"75";"75114";"2";"4";"1";"3";"AVENUE DU MAINE";"48,8291031";"2,3263588"
"201900040782";"30";"9";"2019";"07:00";"2";"75";"75114";"2";"1";"1";"6";"BOULEVARD JOURDAN";"48,8217542";"2,3325128"
"201900040783";"1";"10";"2019";"09:30";"1";"75";"75112";"2";"1";"2";"6";"AVENUE DE SAINT MAURICE";"48,8292648";"2,4199601"
"201900040784";"1";"10";"2019";"09:37";"1";"75";"75110";"2";"2";"2";"2";"BOULEVARD DE MAGENTA";"48,8705283";"2,3612177"