"Num_Acc";"jour";"mois";"an";"hrmn";"lum";"dep";"com";"agg";"int";"atm";"col";"adr";"lat";"long"
"201900040785";"1";"10";"2019";"06:10";"5";"75";"75110";"2";"4";"1";"6";"BOULEVARD DE MAGENTA";"48,8771274";"2,3553150"
"201900040786";"1";"10";"2019";"18:30";"1";"75";"75109";"2";"2";"2";"6";"RUE AUBER";"48,8717858";"2,3306023"
"201900040787";"1";"10";"2019";"20:58";"5";"75";"75108";"2";"1";"2";"2";"AVENUE DES CHAMPS ELYSEES";"48,8683195";"2,3121822"
"201900040788";"1";"10";"2019";"13:55";"1";"75";"75107";"2";"7";"8";"3";"PLACE DE LA RESISTANCE";"48,8619072";"2,3020347"
"201900040789";"1";"10";"2019";"07:20";"2";"75";"75104";"2";"2";"1";"2";"BOULEVARD DE SEBASTOPOL";"48,8585260";"2,3481940"
"201900040790";"1";"10";"2019";"10:40";"1";"75";"75102";"2";"7";"2";"3";"PLACE DE L OPERA";"48,8703153";"2,3326675"
"201900040791";"20";"9";"2019";"07:35";"1";"94";"94081";"2";"1";"1";"6";"COMMUNE DE PARIS (AV DE LA)";"48,7826400";"2,3910000"
"201900040792";"1";"10";"2019";"15:55";"1";"94";"94033";"2";"1";"1";"6";"EMILE ROUX (R)";"48,8452900";"2,4634700"
"201900040793";"1";"10";"2019";"17:26";"1";"94";"94028";"2";"9";"2";"2";"GALLIENI.(AVENUE DU GENERAL)";"48,7964400";"2,4579100"
"201900040794";"30";"9";"2019";"08:30";"1";"94";"94028";"2";"1";"1";"6";"CHOISY(ROUTE DE)";"48,7828700";"2,4464800"
"201900040795";"30";"9";"2019";"11:15";"1";"94";"94002";"2";"5";"1";"3";"BLANQUI (QU)";"48,7982600";"2,4205200"
"201900040796";"30";"9";"2019";"22:40";"3";"93";"93073";"2";"3";"2";"3";"CHAPIT RE ( RUE DU)";"49,0029480";"2,5368790"
"201900040797";"1";"10";"2019";"18:05";"1";"93";"93070";"2";"1";"2";"6";"CHARLES SCHMIDT(RUE) : APRES 49";"48,9023600";"2,3344800"
"201900040798";"1";"10";"2019";"09:58";"1";"93";"93064";"2";"1";"2";"6";"REPUBLIQUE (AVENUE DE LA)";"48,8705500";"2,4847400"
"201900040799";"1";"10";"2019";"00:48";"5";"93";"93006";"2";"2";"8";"3";"GAMBETTA AV.";"48,8707800";"2,4175100"
"201900040800";"1";"10";"2019";"20:50";"5";"93";"93007";"2";"1";"2";"1";"PASTEUR (AVENUE)";"48,9362000";"2,4751600"
"201900040801";"1";"10";"2019";"18:50";"1";"92";"92072";"2";"1";"2";"6";"DAMMOUSE (RUE ALBERT)";"48,8170300";"2,2153200"
"201900040802";"1";"10";"2019";"18:30";"1";"92";"92050";"2";"2";"8";"7";"PONS NOEL RUE";"48,9040750";"2,2189711"
"201900040803";"1";"10";"2019";"17:45";"1";"92";"92050";"2";"9";"2";"6";"TIMBAUD JEAN PIERRE ALLEE";"48,8974900";"2,2103400"
"201900040804";"28";"9";"2019";"20:15";"5";"92";"92050";"2";"2";"1";"3";"VIEUX PONT RUE DU";"48,8897600";"2,1868000"
"201900040805";"1";"10";"2019";"21:15";"5";"92";"92026";"2";"6";"2";"2";"JEAN MERMOZ (SQUARE ET PLACE)";"48,9026540";"2,2745750"
"201900040806";"30";"9";"2019";"14:00";"1";"92";"92024";"2";"1";"1";"7";"VICTOR HUGO (BD)";"48,8975668";"2,3106260"
"201900040807";"26";"9";"2019";"13:10";"1";"92";"92024";"2";"1";"1";"2";"CLICHY (QUAI DE) DE (8 A 60)";"48,9075809";"2,2981213"
"201900040808";"22";"8";"2019";"02:40";"3";"2A";"2A189";"1";"1";"1";"7";"D157";"41,6995500";"8,8756830"
"201900040809";"30";"9";"2019";"17:30";"1";"38";"38425";"1";"1";"1";"5";"N7";"45,3997500";"4,8085500"
"201900040810";"2";"10";"2019";"08:40";"1";"85";"85041";"1";"1";"1";"5";"RD 938 TER";"46,6015000";" -0,7903700"
"201900040811";"1";"10";"2019";"18:30";"1";"22";"22004";"1";"1";"3";"7";"RD 767, Pr 35+300G";"48,6147017";" -3,2834766"
"201900040812";"30";"9";"2019";"13:30";"1";"6";"06140";"2";"1";"1";"7";"Route de Saint-Cezaire";"43,6392690";"6,8437490"
"201900040813";"1";"10";"2019";"06:40";"5";"62";"62571";"2";"1";"2";"6";"1755 Rue Auguste Biblocq";"50,4410780";"1,6151440"
"201900040814";"2";"10";"2019";"17:15";"1";"71";"71117";"1";"1";"1";"7";"rue frerat";"46,7911310";"4,8932840"
"201900040815";"1";"10";"2019";"10:20";"1";"30";"30143";"1";"1";"1";"7";"D 174";"44,2981840";"4,5041480"
"201900040816";"27";"9";"2019";"23:30";"3";"34";"34295";"1";"1";"1";"6";"D613";"43,5650400";"3,8040150"
"201900040817";"30";"9";"2019";"04:30";"3";"79";"79066";"1";"1";"2";"6";"Route de Saint-Maixent l'École";"46,4806820";" -0,3952580"
"201900040818";"1";"10";"2019";"21:30";"3";"80";"80198";"1";"2";"2";"3";"3 Rue du Sac";"49,8557140";"2,1787650"
"201900040819";"1";"10";"2019";"18:40";"1";"42";"42219";"1";"1";"2";"1";"Route de Boën";"45,7382080";"4,0892630"
"201900040820";"2";"10";"2019";"13:35";"1";"68";"68235";"1";"1";"2";"7";"Route départementale 1 Bis";"47,9901430";"7,4028510"
"201900040821";"1";"10";"2019";"11:08";"1";"68";"68235";"1";"1";"1";"3";"D1 bis";"47,9899250";"7,4031910"
"201900040822";"1";"10";"2019";"18:00";"1";"22";"22228";"2";"1";"2";"6";"35 rue Jean-Baptiste LE CORRE";"48,5569070";" -3,4462940"
"201900040823";"2";"10";"2019";"08:50";"1";"44";"44133";"2";"8";"1";"2";"Lieu dit La Gare";"47,1172730";" -1,7388840"
"201900040824";"1";"10";"2019";"18:20";"1";"38";"38140";"2";"1";"1";"6";"Avenue de l'Abbaye";"45,2748700";"5,8808200"
"201900040825";"4";"9";"2019";"07:15";"2";"1";"01130";"2";"1";"5";"6";"Route de Montrevel";"46,3339670";"5,1831140"
"201900040826";"1";"10";"2019";"17:40";"2";"9";"09257";"1";"1";"2";"7";"Coustures";"43,1159050";"1,1882220"
"201900040827";"2";"10";"2019";"17:20";"1";"73";"73151";"1";"4";"1";"3";"D1090  Route de Chignin";"45,5099858";"6,0052273"
"201900040828";"1";"10";"2019";"19:10";"3";"16";"16400";"1";"1";"2";"6";"Ld La Croix d'Ebaupin";"45,9873170";"0,2011020"
"201900040829";"2";"10";"2019";"17:55";"1";"21";"21501";"2";"1";"1";"6";"27 Avenue General de Gaulle";"47,2636910";"4,5542470"
"201900040830";"28";"9";"2019";"13:30";"1";"17";"17434";"2";"1";"1";"7";"avenue François mitterand";"46,1075380";" -0,7519760"
"201900040831";"14";"9";"2019";"18:55";"1";"87";"87059";"1";"1";"1";"1";"MAS VILLAUD";"46,2010360";"1,0665710"
"201900040832";"1";"10";"2019";"18:15";"1";"37";"37182";"1";"1";"8";"1";"RD 3";"47,4366850";"0,5251350"
"201900040833";"5";"8";"2019";"15:45";"1";"987";"98734";"1";"1";"1";"6";"PK 34+100 RT01";" -17,7233790";" -149,5057300"
"201900040834";"2";"10";"2019";"07:30";"2";"80";"80485";"1";"1";"2";"2";"A16";"49,7580780";"2,2303640"
"201900040835";"25";"8";"2019";"06:30";"1";"987";"98738";"1";"1";"1";"6";"Pk 10+600 route des plaines";" -17,6184160";" -149,5708030"
"201900040836";"2";"10";"2019";"09:00";"1";"63";"63082";"1";"1";"2";"2";"A71 pk 355.3";"46,0537099";"3,1128176"
"201900040837";"25";"7";"2019";"18:30";"4";"987";"98715";"2";"1";"1";"6";"RT1 face magasin Nuutania";" -17,5845220";" -149,5685780"
"201900040838";"2";"10";"2019";"07:40";"1";"13";"13001";"1";"1";"1";"2";"A8, PK021.500 vers LYON";"43,5132600";"5,4691240"
"201900040839";"20";"8";"2019";"07:56";"1";"974";"97415";"2";"1";"1";"6";"Rue du Général de Gaulle";" -21,0532360";"55,2292750"
"201900040840";"18";"8";"2019";"18:20";"3";"974";"97415";"1";"1";"1";"1";"Route de Saint-Pierre";" -21,0936000";"55,2442240"
"201900040841";"1";"10";"2019";"21:50";"5";"77";"77183";"2";"2";"1";"2";"D603 X RUE HARDY GUILLARD";"48,9464131";"3,1258416"
"201900040842";"1";"10";"2019";"17:05";"1";"78";"78006";"2";"3";"3";"3";"Route de Nogent";"48,7319450";"1,6386260"
"201900040843";"1";"10";"2019";"20:45";"3";"68";"68036";"1";"1";"1";"6";"RD52";"48,0505940";"7,5561020"
"201900040844";"2";"10";"2019";"12:00";"1";"73";"73248";"2";"2";"2";"6";"D926  396 av henri Falcoz";"45,2766466";"6,3522355"
"201900040845";"2";"10";"2019";"14:40";"1";"26";"26039";"1";"1";"8";"6";"Route Départementale 532";"45,0448380";"5,1357540"
"201900040846";"30";"6";"2019";"12:25";"1";"33";"33177";"1";"1";"1";"7";"route de Soulac";"45,3302450";" -0,9719920"
"201900040847";"1";"10";"2019";"21:30";"3";"50";"50288";"1";"1";"3";"6";"d105";"48,7060510";" -1,3958250"
"201900040848";"30";"9";"2019";"16:45";"1";"22";"22070";"2";"1";"2";"7";"rue notre dame";"48,5608390";" -3,1492810"
"201900040849";"2";"10";"2019";"13:30";"1";"22";"22077";"1";"1";"1";"3";"SAINT-GUELTAS";"48,5330860";" -2,4144550"
"201900040850";"26";"6";"2019";"11:45";"1";"60";"60097";"1";"3";"1";"3";"D153";"49,3202220";"1,8841600"
"201900040851";"2";"10";"2019";"07:00";"3";"59";"59137";"1";"1";"1";"3";"Route Nationale D643";"50,0723740";"3,6419220"
"201900040852";"30";"9";"2019";"19:20";"2";"13";"13005";"1";"1";"1";"7";"A50-Sens Aubagne vers Marseille";"43,2770200";"5,5873200"
"201900040853";"30";"9";"2019";"18:08";"1";"13";"13210";"1";"1";"1";"2";"A50-Sens Marseille vers Aubagne";"43,2847200";"5,4084600"
"201900040854";"30";"9";"2019";"22:50";"3";"13";"13106";"1";"1";"1";"2";"A7-Sens Marseille vers Lyon";"43,3888200";"5,3511300"
"201900040855";"30";"9";"2019";"07:37";"1";"13";"13055";"1";"1";"1";"2";"A507 sens Marseille - Aubagne";"43,2897000";"5,4243000"
"201900040856";"30";"9";"2019";"11:53";"1";"69";"69290";"1";"1";"1";"3";"A46S   40.883 A 43.680";"45,6965800";"4,9693000"
"201900040857";"25";"9";"2019";"15:00";"1";"69";"69266";"1";"9";"1";"3";"RD383   3.750 A 7.640";"45,7675900";"4,9046900"
"201900040858";"1";"10";"2019";"01:26";"3";"59";"59456";"1";"1";"1";"6";"AUTOROUTE A 21";"50,3800000";"3,2000000"
"201900040859";"1";"10";"2019";"18:50";"1";"91";"91064";"1";"1";"2";"4";"RN 118";"48,7533700";"2,2212900"
"201900040860";"1";"10";"2019";"17:05";"3";"92";"92025";"1";"1";"2";"6";"A86";"48,9340953";"2,2708282"
"201900040861";"1";"10";"2019";"10:00";"1";"92";"92050";"1";"1";"1";"2";"A86";"48,8934848";"2,1888630"
"201900040862";"30";"9";"2019";"17:15";"1";"78";"78640";"1";"1";"1";"4";"A86 EXT";"48,7773070";"2,2238950"
"201900040863";"29";"9";"2019";"20:00";"3";"95";"95582";"1";"1";"2";"6";"AUTOROUTE A115";"48,9762400";"2,2417800"
"201900040864";"30";"9";"2019";"12:00";"1";"93";"93008";"1";"1";"1";"2";"AUTOROUTE A86";"48,9107600";"2,4420000"
"201900040865";"29";"9";"2019";"12:39";"1";"95";"95394";"1";"1";"8";"6";"AUTOROUTE A115";"49,0514700";"2,1821500"
"201900040866";"1";"10";"2019";"12:00";"1";"77";"77449";"1";"1";"1";"4";"A4";"48,8329180";"2,7893874"
"201900040867";"24";"9";"2019";"17:26";"1";"91";"91691";"2";"1";"1";"6";"RAYMOND POINCARE(RUE)";"48,7114700";"2,5005700"
"201900040868";"13";"8";"2019";"15:30";"1";"73";"73008";"2";"1";"1";"6";"CLEMENCEAU GEORGES PLACE";"45,6937523";"5,9102877"
"201900040869";"26";"9";"2019";"16:45";"1";"54";"54323";"2";"1";"1";"3";"RD520";"49,5121300";"5,7739500"
"201900040870";"19";"9";"2019";"19:43";"1";"36";"36044";"2";"1";"1";"3";"12 RUE VICTOR HUGO";"46,8116785";"1,6943303"
"201900040871";"30";"9";"2019";"15:30";"1";"13";"13205";"2";"2";"1";"6";"EUGENE PIERRE (BOULEVARD)";"43,2987786";"5,3904812"
"201900040872";"29";"9";"2019";"17:00";"1";"94";"94068";"2";"2";"2";"3";"CARNOT (AV)";"48,8026800";"2,4873000"
"201900040873";"27";"9";"2019";"01:00";"5";"988";"98818";"1";"4";"1";"6";"Interection VE2/VE1";" -22,2244500";"166,4678000"
"201900040874";"30";"9";"2019";"13:05";"1";"974";"97409";"2";"1";"1";"1";"DUMESNIL D'ENGENTE(RUE)";" -20,9533200";"55,6533200"
"201900040875";"1";"10";"2019";"01:00";"1";"69";"69386";"2";"2";"1";"3";"LAFAYETTE (CO)";"45,7635900";"4,8459900"
"201900040876";"30";"9";"2019";"23:10";"5";"69";"69259";"2";"2";"1";"3";"OSCHATZ (D')                        (AV)";"45,6951700";"4,8803400"
"201900040877";"30";"9";"2019";"22:30";"3";"69";"69383";"2";"5";"1";"7";"PAUL BERT                           (R )";"45,7570800";"4,8625200"
"201900040878";"30";"9";"2019";"10:15";"1";"69";"69383";"2";"2";"1";"6";"GARIBALDI                           (R )";"45,7529200";"4,8533600"
"201900040879";"30";"9";"2019";"15:25";"1";"972";"97209";"1";"9";"1";"3";"ROCHERS (ROUTE DES)";"14,6320100";" -61,0751900"
"201900040880";"30";"9";"2019";"18:05";"1";"69";"69382";"2";"1";"1";"6";"PERRACHE                            (QU)";"45,7338700";"4,8178800"
"201900040881";"30";"9";"2019";"13:40";"1";"69";"69081";"1";"1";"1";"6";"SOURCES (DES)                       (AV)";"45,7923000";"4,7838700"
"201900040882";"29";"9";"2019";"23:15";"5";"69";"69389";"2";"1";"1";"3";"PIERRE BAIZET                       (R )";"45,7884500";"4,8107100"
"201900040883";"30";"9";"2019";"09:38";"1";"2A";"2A004";"2";"3";"1";"3";"MORETTI ANGE RUE";"41,9337600";"8,7440700"
"201900040884";"29";"9";"2019";"12:27";"1";"2A";"2A004";"2";"4";"1";"4";"ALATA ROUTE";"41,9346100";"8,7367000"
"201900040885";"30";"9";"2019";"22:10";"5";"91";"91434";"2";"1";"2";"7";"COMMANDANT BARRE (AVENUE DU)";"48,6630410";"2,3583020"
"201900040886";"27";"9";"2019";"08:40";"1";"89";"89387";"2";"2";"3";"3";"ARISTIDE BRIAND (BOULEVARD)";"48,2049800";"3,2850000"
"201900040887";"20";"9";"2019";"13:40";"1";"88";"88413";"2";"1";"1";"6";"RUE DES 3 VILLES";"48,2913800";"6,9425000"
"201900040888";"27";"9";"2019";"20:08";"5";"87";"87085";"2";"3";"2";"6";"29 GAMBETTA (BOULEVARD)";"45,8277500";"1,2581600"
"201900040889";"27";"9";"2019";"13:05";"1";"87";"87085";"2";"1";"2";"6";"MONTPLAISIR (RUE)";"45,8374000";"1,2773900"
"201900040890";"28";"9";"2019";"19:06";"1";"86";"86041";"2";"3";"1";"5";"FRERES LUMIERE (RUE DES)";"46,6106700";"0,3674700"
"201900040891";"27";"9";"2019";"21:50";"3";"80";"80021";"2";"1";"1";"2";"ROCADE NORD RN 1";"49,9261700";"2,2709300"
"201900040892";"27";"9";"2019";"16:30";"1";"80";"80489";"2";"1";"1";"6";"AVENUE DE L'ARC";"49,8688800";"2,3709700"
"201900040893";"28";"9";"2019";"09:40";"1";"80";"80021";"2";"1";"1";"1";"PRESIDENT KENNEDY (RUE DU)";"49,9067200";"2,3024200"
"201900040894";"28";"9";"2019";"13:38";"1";"80";"80021";"2";"1";"1";"3";"EUROPE (AVENUE DE L')";"49,9136400";"2,3026600"
"201900040895";"28";"9";"2019";"18:05";"1";"77";"77458";"2";"1";"1";"3";"D607 - AV. MARECHAL LECLERC";"48,1878900";"2,7298600"
"201900040896";"30";"9";"2019";"14:25";"1";"77";"77194";"1";"2";"1";"3";"D210 X D67";"48,4243092";"2,9471185"
"201900040897";"30";"9";"2019";"09:20";"1";"77";"77058";"2";"1";"8";"6";"GENERAL DE GAULLE  (AVENUE DU)";"48,8376400";"2,7084600"
"201900040898";"29";"9";"2019";"22:40";"5";"77";"77018";"1";"1";"2";"3";"D406 X BRET. SORTIE D344P";"48,8482948";"2,8105573"
"201900040899";"29";"9";"2019";"18:25";"1";"76";"76681";"2";"2";"2";"3";"RASPAIL. RUE FRANCOIS";"49,4156600";"1,0946400"
"201900040900";"27";"9";"2019";"18:10";"1";"76";"76351";"2";"1";"2";"7";"LENINGRAD (BD DE)";"49,4999900";"0,1696500"
"201900040901";"30";"9";"2019";"13:55";"1";"74";"74298";"2";"1";"1";"2";"TANINGES (ROUTE DE )";"46,1906000";"6,2601200"
"201900040902";"18";"9";"2019";"17:40";"1";"73";"73008";"2";"6";"1";"3";"D1201  ROOSEVELT FRANKLIN AVENUE";"45,7018625";"5,9092476"
"201900040903";"30";"9";"2019";"08:55";"1";"69";"69290";"2";"3";"1";"5";"PIERRE MENDES FRANCE                (R )";"45,6918100";"4,9573200"
"201900040904";"25";"9";"2019";"16:40";"1";"69";"69266";"2";"2";"1";"6";"TOLSTOI    (Cours)";"45,7609300";"4,8847200"
"201900040905";"30";"9";"2019";"08:49";"1";"67";"67447";"2";"3";"1";"3";"GENERAL DE GAULLE (ROUTE DU)";"48,6107100";"7,7339000"
"201900040906";"28";"9";"2019";"22:05";"5";"67";"67482";"2";"1";"1";"7";"RHIN (AVENUE DU)";"48,5727100";"7,7939900"
"201900040907";"27";"9";"2019";"18:30";"2";"67";"67482";"2";"1";"8";"6";"PLAINE DES BOUCHERS (RUE DE LA)";"48,5690050";"7,7392990"
"201900040908";"30";"9";"2019";"08:20";"1";"66";"66136";"2";"1";"1";"6";"Bd.FRANCE LIBRE (rdpt coqueliquots)";"42,7054800";"2,9019140"
"201900040909";"28";"9";"2019";"04:25";"3";"66";"66136";"1";"1";"1";"7";"Départementale 914";"42,6638700";"2,9077000"
"201900040910";"28";"9";"2019";"18:37";"1";"66";"66136";"2";"1";"1";"6";"BANYULS SUR MER AVENUE DE ET PASSAGE";"42,6777700";"2,9076700"
"201900040911";"30";"9";"2019";"22:40";"5";"64";"64237";"2";"1";"1";"7";"LOUIS BARTHOU";"43,2829800";" -0,3724400"
"201900040912";"28";"9";"2019";"17:25";"1";"64";"64024";"2";"1";"1";"6";"LAPORTE (AVENUE JEAN LEON)";"43,4899300";" -1,4989900"
"201900040913";"28";"9";"2019";"00:30";"5";"64";"64102";"2";"1";"1";"7";"AQUITAINE (AVENUE DE L')";"43,4863095";" -1,4710122"
"201900040914";"27";"9";"2019";"22:15";"3";"63";"63164";"1";"6";"1";"3";"Rond point de COURLANDE";"45,8417517";"3,1577777"
"201900040915";"30";"9";"2019";"12:51";"1";"63";"63075";"2";"1";"1";"6";"THERMALE (AVENUE)";"45,7730600";"3,0548900"
"201900040916";"27";"9";"2019";"13:37";"1";"63";"63113";"2";"1";"1";"2";"COTE BLATIN (BD)";"45,7719000";"3,0938300"
"201900040917";"30";"9";"2019";"11:40";"1";"59";"59599";"2";"1";"1";"6";"GRAND PLACE";"50,7228015";"3,1589717"
"201900040918";"28";"9";"2019";"19:55";"5";"59";"59365";"2";"4";"1";"6";"LANDRECIES (ROUTE DE)";"50,2566763";"3,9509687"
"201900040919";"30";"9";"2019";"17:10";"1";"54";"54547";"2";"1";"1";"4";"MIRECOURT (ROUTE DE)";"48,6612800";"6,1874400"
"201900040920";"30";"9";"2019";"15:33";"1";"54";"54395";"2";"3";"1";"3";"VINGTIEME CORPS (AVENUE DU)";"48,6965500";"6,1970600"
"201900040921";"7";"4";"2019";"12:15";"1";"54";"54439";"2";"1";"1";"7";"rue de faymont";"48,7039300";"6,2523000"
"201900040922";"5";"4";"2019";"15:10";"1";"54";"54184";"2";"1";"1";"3";"RD2074";"48,7050600";"6,2213500"
"201900040923";"30";"9";"2019";"13:00";"1";"54";"54257";"2";"1";"1";"2";"LANEUVEVILLE (RUE DE)";"48,6548100";"6,1996960"
"201900040924";"4";"4";"2019";"11:00";"1";"54";"54328";"2";"3";"2";"3";"avenue du bon curé";"48,6177700";"6,1664300"
"201900040925";"27";"9";"2019";"07:35";"2";"54";"54323";"2";"1";"1";"7";"ALBERT LABRO (RUE)";"49,5127510";"5,7670790"
"201900040926";"29";"9";"2019";"18:26";"1";"49";"49267";"1";"1";"2";"7";"A87N";"47,4643900";" -0,5170100"
"201900040927";"27";"9";"2019";"09:20";"1";"49";"49007";"2";"2";"1";"3";"VILLEMORGE";"47,4790500";" -0,5449700"
"201900040928";"28";"9";"2019";"01:56";"3";"49";"49267";"2";"1";"1";"6";"Route d'ANGERS";"47,4690300";" -0,5073800"
"201900040929";"29";"9";"2019";"00:55";"3";"49";"49007";"2";"1";"1";"6";"VIVIERS";"47,4531800";" -0,5351100"
"201900040930";"30";"9";"2019";"22:40";"5";"44";"44109";"2";"3";"2";"3";"BOULEVARD JEAN MOULIN / RUE DES BOURDERIES";"47,2064404";" -1,6008386"
"201900040931";"10";"9";"2019";"11:44";"1";"36";"36044";"2";"6";"1";"6";"2 RUE DIDEROT";"46,8106957";"1,6913777"
"201900040932";"14";"8";"2019";"16:51";"1";"36";"36044";"2";"1";"1";"1";"125 RUE DES ETATS-UNIS";"46,8175147";"1,7035393"
"201900040933";"19";"9";"2019";"17:54";"1";"36";"36044";"2";"1";"1";"6";"10 RUE SAINT LUC";"46,8124508";"1,6972870"
"201900040934";"10";"8";"2019";"19:26";"1";"36";"36044";"2";"3";"1";"3";"RUE DE PROVENCE/BD DES MARINS";"46,8071268";"1,6794429"
"201900040935";"30";"9";"2019";"14:50";"1";"35";"35281";"2";"1";"8";"4";"RN136";"48,0887140";" -1,7026870"
"201900040936";"30";"9";"2019";"08:35";"1";"35";"35238";"2";"6";"1";"1";"GRIMAULT (BD LEON)";"48,0911800";" -1,6504000"
"201900040937";"26";"9";"2019";"08:05";"1";"27";"27701";"1";"4";"1";"3";"ANDELLE (CHAUSSEE D')";"49,2757600";"1,2298890"
"201900040938";"6";"9";"2019";"22:00";"5";"14";"14118";"2";"1";"1";"7";"DELIVRANDE (RUE DE LA)";"49,1909700";" -0,3594700"
"201900040939";"27";"9";"2019";"08:00";"1";"13";"13026";"2";"9";"1";"6";"MARECHAL LECLERC (avenue du)";"43,3807300";"5,1728120"
"201900040940";"30";"9";"2019";"18:00";"1";"13";"13207";"2";"9";"7";"7";"CHARLES LIVON (BOULEVARD)";"43,2921300";"5,3598640"
"201900040941";"30";"9";"2019";"15:20";"1";"13";"13204";"2";"1";"1";"4";"SAKAKINI (BOULEVARD)";"43,2983600";"5,4011300"
"201900040942";"30";"9";"2019";"14:30";"1";"13";"13214";"2";"3";"1";"2";"PONS (BOULEVARD)";"43,3164100";"5,3834800"
"201900040943";"30";"9";"2019";"08:16";"1";"13";"13204";"2";"4";"1";"6";"CHARTREUX (AVENUE DES)";"43,3109600";"5,4007100"
"201900040944";"25";"2";"2019";"12:15";"1";"94";"94044";"2";"6";"7";"3";"VALENTON (AV DE)";"48,7422800";"2,4913800"
"201900040945";"25";"2";"2019";"09:45";"1";"94";"94071";"2";"1";"1";"7";"WINSTON CHURCHILL (R)";"48,7661100";"2,5250900"
"201900040946";"1";"3";"2019";"11:50";"1";"94";"94002";"2";"3";"1";"2";"ETIENNE DOLET (R)";"48,7880200";"2,4256400"
"201900040947";"25";"2";"2019";"19:00";"5";"93";"93078";"2";"4";"1";"3";"BALLANGER (BD ROBERT)";"48,9514600";"2,5268900"
"201900040948";"25";"2";"2019";"18:30";"2";"93";"93070";"2";"3";"1";"3";"SEVERINE(RUE)";"48,9100000";"2,3400000"
"201900040949";"3";"3";"2019";"03:00";"5";"93";"93066";"2";"1";"1";"6";"SAINT OUEN (QUAI DE )";"48,9251100";"2,3359300"
"201900040950";"27";"2";"2019";"18:30";"5";"93";"93066";"2";"3";"1";"1";"LIBERATION RD14 (BOULEVARD)";"48,9257900";"2,3421700"
"201900040951";"3";"3";"2019";"02:00";"5";"93";"93077";"2";"1";"1";"3";"NEUILLY (RUE DE)";"48,8790100";"2,5162400"
"201900040952";"26";"2";"2019";"19:20";"5";"93";"93077";"2";"1";"1";"3";"GRANDE RUE";"48,8825100";"2,5248900"
"201900040953";"26";"2";"2019";"07:15";"2";"93";"93077";"2";"2";"1";"3";"ROSNY (AVENUE DE)";"48,8839400";"2,5005200"
"201900040954";"25";"2";"2019";"09:20";"1";"93";"93077";"2";"2";"1";"3";"DE GAULLE (BOULEVARD DU GENERAL)";"48,8865200";"2,5157800"
"201900040955";"28";"2";"2019";"10:10";"1";"93";"93055";"2";"3";"1";"3";"GENERAL LECLERC(AVE DU)(43/87 ET 78/120)";"48,9001700";"2,4106400"
"201900040956";"25";"2";"2019";"14:07";"1";"93";"93053";"2";"2";"1";"3";"PARC (RUE DU)";"48,8919900";"2,4446300"
"201900040957";"25";"2";"2019";"10:15";"1";"93";"93053";"2";"3";"7";"6";"PIERRE BROSSELETTE (RUE)";"48,8913900";"2,4576100"
"201900040958";"1";"3";"2019";"17:55";"1";"93";"93051";"2";"2";"1";"6";"NEUILLY (ROUTE)";"48,8469100";"2,5404000"
"201900040959";"1";"3";"2019";"16:39";"1";"93";"93051";"2";"1";"1";"2";"AUGUSTE RODIN (ALLEE)";"48,8330650";"2,5515650"
"201900040960";"1";"3";"2019";"22:05";"5";"93";"93049";"2";"1";"1";"3";"GALLIENI (BOULEVARD)";"48,8528900";"2,5166600"
"201900040961";"26";"2";"2019";"16:45";"1";"93";"93049";"2";"2";"1";"3";"PARMENTIER (RUE)";"48,8576500";"2,5015000"
"201900040962";"9";"2";"2019";"13:00";"1";"93";"93050";"2";"9";"8";"2";"JEAN JAURES (AVENUE) COTE MAISON BLANCHE";"48,8627200";"2,5451700"
"201900040963";"3";"3";"2019";"16:40";"1";"93";"93048";"2";"2";"2";"3";"PARIS (RUE DE)";"48,8575380";"2,4332860"
"201900040964";"3";"3";"2019";"07:48";"1";"93";"93048";"2";"9";"1";"6";"BOISSIERE (BOULEVARD DE LA)";"48,8778400";"2,4592130"
"201900040965";"28";"2";"2019";"09:20";"1";"93";"93048";"2";"9";"1";"6";"ETIENNE MARCEL (RUE)";"48,8556000";"2,4163900"
"201900040966";"26";"2";"2019";"09:15";"1";"93";"93048";"2";"3";"7";"3";"COTE DU NORD (RUE DE LA)";"48,8621330";"2,4741960"
"201900040967";"25";"2";"2019";"18:10";"1";"93";"93048";"2";"9";"1";"6";"THEOPHILE SUEUR (BOULEVARD)";"48,8639370";"2,4672910"
"201900040968";"3";"3";"2019";"17:20";"1";"93";"93046";"2";"1";"2";"3";"MARX DORMOY BOULEVARD";"48,9096800";"2,5266400"
"201900040969";"1";"3";"2019";"16:35";"1";"93";"93046";"2";"1";"2";"1";"DOCTEUR ROUX RUE DU";"48,9334000";"2,5467000"
"201900040970";"25";"2";"2019";"10:30";"1";"93";"93074";"2";"1";"1";"6";"Route Nationale 3";"48,9333000";"2,5911000"
"201900040971";"28";"2";"2019";"17:55";"1";"93";"93063";"2";"1";"3";"6";"LAMAZE AVENUE DU DOCTEUR FERNAND";"48,8770000";"2,4500600"
"201900040972";"28";"2";"2019";"09:20";"1";"93";"93045";"2";"3";"1";"6";"DECROS EUGENE BOULEVARD";"48,8813230";"2,4140480"
"201900040973";"10";"2";"2019";"16:10";"1";"93";"93006";"2";"1";"2";"6";"GAL DE GAULLE AV. DU";"48,8642000";"2,4167800"
"201900040974";"26";"2";"2019";"14:05";"1";"93";"93031";"2";"1";"1";"6";"GALLIENI (AVENUE)";"48,9637190";"2,2978040"