"Num_Acc";"jour";"mois";"an";"hrmn";"lum";"dep";"com";"agg";"int";"atm";"col";"adr";"lat";"long"
"201900040975";"25";"2";"2019";"17:50";"1";"93";"93079";"2";"1";"1";"6";"SAINT LEU (ROUTE)";"48,9483500";"2,3449200"
"201900040976";"1";"3";"2019";"22:05";"5";"93";"93029";"2";"7";"1";"3";"SADI CARNOT";"48,9266000";"2,4387800"
"201900040977";"26";"2";"2019";"13:50";"1";"93";"93027";"2";"2";"1";"3";"CONVENTION (RUE DE LA)";"48,9278671";"2,3903351"
"201900040978";"28";"2";"2019";"20:30";"5";"93";"93047";"2";"2";"3";"3";"GABRIEL PERI  (AVENUE)";"48,8872360";"2,5515250"
"201900040979";"27";"2";"2019";"09:15";"1";"93";"93014";"2";"1";"1";"2";"VEUVE LINDET GIRARD (ALLEE)";"48,9116400";"2,5524200"
"201900040980";"2";"3";"2019";"00:05";"5";"93";"93010";"2";"1";"1";"3";"GALLIENI (AV.) DE 188 A 230";"48,9071200";"2,4897100"
"201900040981";"28";"2";"2019";"21:17";"5";"93";"93010";"2";"1";"1";"4";"GALLIENI (AV.) DE 111 A 175";"48,9062265";"2,4818922"
"201900040982";"28";"2";"2019";"12:10";"1";"93";"93010";"2";"1";"1";"1";"VERGER (RUE DU)";"48,9176500";"2,4763000"
"201900040983";"25";"2";"2019";"17:55";"1";"93";"93010";"2";"1";"1";"6";"BARBUSSE (AV. HENRI) DE 1 A 75 COTE IMPA";"48,9020533";"2,4837368"
"201900040984";"2";"3";"2019";"23:00";"5";"93";"93008";"2";"2";"1";"3";"TEHERAN (RUE DE)";"48,9116600";"2,4649000"
"201900040985";"3";"3";"2019";"10:45";"1";"93";"93007";"2";"1";"8";"6";"""PAUL VAILLANT COUTURIER (AVENUE """"DU 13";"48,9290680";"2,4789160"
"201900040986";"25";"2";"2019";"12:40";"1";"93";"93005";"2";"1";"1";"6";"LOUIS ARMAND (CARREFOUR)";"48,9557040";"2,4816720"
"201900040987";"23";"2";"2019";"06:21";"5";"92";"92036";"1";"9";"1";"7";"MOULIN CAGE (QUAI)";"48,9226020";"2,3271150"
"201900040988";"27";"2";"2019";"17:05";"1";"92";"92073";"2";"2";"1";"3";"WASHINGTON (BOULEVARD)";"48,8704619";"2,2180367"
"201900040989";"3";"3";"2019";"18:30";"5";"92";"92072";"2";"1";"8";"6";"EUROPE (AVENUE DE L')";"48,8221668";"2,2073657"
"201900040990";"1";"3";"2019";"13:10";"1";"92";"92077";"2";"4";"1";"3";"ST CLOUD (RUE DE)";"48,8294298";"2,1938679"
"201900040991";"24";"2";"2019";"10:10";"1";"92";"92077";"2";"1";"1";"6";"SEVRES (RUE DE)";"48,8260000";"2,1970000"
"201900040992";"24";"2";"2019";"21:20";"5";"92";"92033";"2";"3";"1";"2";"GENERAL DE GAULLE";"48,8411900";"2,1965200"
"201900040993";"19";"2";"2019";"08:15";"1";"92";"92064";"2";"1";"1";"6";"GOUNOD";"48,8428731";"2,2122840"
"201900040994";"28";"2";"2019";"14:15";"1";"92";"92063";"2";"3";"1";"3";"DIX-HUIT JUIN 1940 (AVENUE DU) EST";"48,8682784";"2,1911307"
"201900040995";"31";"1";"2019";"17:50";"2";"92";"92063";"2";"3";"2";"6";"DOUMER (AVENUE PAUL) EST";"48,8787300";"2,1772300"
"201900040996";"1";"3";"2019";"19:40";"5";"92";"92062";"2";"3";"1";"1";"REPUBLIQUE (RUE DE LA) DU 157 AU 175";"48,8838300";"2,2332500"
"201900040997";"28";"2";"2019";"19:15";"5";"92";"92051";"2";"9";"2";"3";"COMMANDANT CHARCOT (BOULEVARD DU)";"48,8919400";"2,2662200"
"201900040998";"27";"2";"2019";"18:49";"3";"92";"92051";"2";"1";"1";"6";"GENERAL LECLERC (BOULEVARD DU N° 29 A 65";"48,8925100";"2,2654030"
"201900040999";"26";"2";"2019";"21:15";"5";"92";"92051";"2";"1";"1";"1";"GENERAL LECLERC (BOULEVARD DU, N° 1 A 27";"48,8819400";"2,2662200"
"201900041000";"26";"2";"2019";"14:35";"1";"92";"92051";"2";"2";"1";"6";"ROULE (AVENUE DU, N° 29 A 91 ET 30 A 86)";"48,8835200";"2,2806600"
"201900041001";"1";"3";"2019";"16:15";"1";"92";"92050";"2";"9";"8";"6";"BARBUSSE HENRI RUE";"48,8902000";"2,1949000"
"201900041002";"27";"2";"2019";"16:00";"1";"92";"92050";"2";"1";"7";"6";"33 JOFFRE MARECHAL AVENUE DU";"48,8858900";"2,1972500"
"201900041003";"18";"2";"2019";"09:35";"1";"92";"92050";"2";"9";"1";"3";"COMMUNE DE PARIS AVENUE DE LA";"48,9078100";"2,2126400"
"201900041004";"24";"1";"2019";"13:55";"1";"92";"92050";"2";"9";"1";"3";"PONS NOEL RUE";"48,9049930";"2,2210670"
"201900041005";"2";"3";"2019";"14:35";"1";"92";"92044";"2";"2";"1";"1";"P.V.COUTURIER(RUE)1A39 ET2A26";"48,8932604";"2,2764220"
"201900041006";"1";"3";"2019";"11:45";"1";"92";"92040";"2";"1";"2";"3";"STALINGRAD (QUAI DE)";"48,8232400";"2,2543600"
"201900041007";"24";"2";"2019";"09:45";"1";"92";"92036";"2";"1";"1";"2";"LAURENT CELY (AVENUE) (145/329)";"48,9291276";"2,3021558"
"201900041008";"12";"2";"2019";"13:00";"1";"92";"92036";"2";"9";"1";"6";"GABRIEL PERI (AVENUE) (147/177)";"48,9254900";"2,2941900"
"201900041009";"25";"2";"2019";"08:25";"1";"92";"92026";"2";"1";"1";"6";"ANDRE PROTHIN (AVENUE)";"48,8905366";"2,2424134"
"201900041010";"25";"2";"2019";"12:35";"1";"92";"92026";"2";"2";"1";"3";"ARCHE (AVENUE)";"48,8996600";"2,2384300"
"201900041011";"12";"2";"2019";"18:30";"5";"92";"92026";"2";"1";"1";"3";"MARECHAL JOFFRE (QUAI DU)";"48,9013500";"2,2783300"
"201900041012";"6";"2";"2019";"14:40";"1";"92";"92026";"2";"9";"8";"3";"VERDUN (DE 62 A FIN)";"48,9013541";"2,2598746"
"201900041013";"27";"2";"2019";"06:45";"2";"92";"92025";"2";"2";"1";"3";"STALINGRAD (AV DE)";"48,9244000";"2,2630000"
"201900041014";"27";"2";"2019";"12:00";"1";"92";"92004";"2";"2";"1";"1";"ENGHIEN (RUE D')";"48,9273670";"2,2728510"
"201900041015";"27";"2";"2019";"09:00";"1";"92";"92025";"2";"2";"1";"1";"CHARLES DE GAULLE (BD)";"48,9145227";"2,2291970"
"201900041016";"28";"1";"2019";"07:55";"2";"92";"92025";"2";"1";"1";"3";"AGENT SARRE (AV DE L')";"48,9246651";"2,2657459"
"201900041017";"14";"1";"2019";"18:50";"5";"92";"92025";"2";"1";"1";"6";"GABRIEL PERI (RUE)";"48,9170810";"2,2358360"
"201900041018";"26";"2";"2019";"17:20";"1";"92";"92024";"2";"1";"1";"2";"CLICHY (QUAI DE) DE (104 A 202)";"48,9122659";"2,3111283"
"201900041019";"22";"2";"2019";"14:45";"1";"92";"92024";"2";"2";"1";"3";"JEAN JAURES (BD) DE (111 A 159)";"48,9054986";"2,3018005"
"201900041020";"21";"2";"2019";"17:30";"1";"92";"92024";"2";"2";"1";"6";"RUE DU 08 MAI 1945";"48,8970000";"2,3105000"
"201900041021";"28";"2";"2019";"09:35";"1";"92";"92060";"2";"2";"1";"6";"PAUL RIVET (RUE) COTE PAIR";"48,7860100";"2,2587300"
"201900041022";"26";"2";"2019";"13:00";"1";"92";"92023";"2";"1";"1";"6";"GENERAL DE GAULLE (AV DU) N°130 A 340 ET";"48,7896491";"2,2619667"
"201900041023";"12";"1";"2019";"23:30";"4";"92";"92023";"2";"2";"1";"3";"GENERAL DE GAULLE (AVENUE DU)";"48,7770334";"2,2309791"
"201900041024";"28";"2";"2019";"21:15";"5";"92";"92012";"2";"1";"1";"5";"JEAN JAURES (BOULEVARD) 217/FIN - 210/FI";"48,8284800";"2,2462300"
"201900041025";"25";"2";"2019";"14:40";"1";"92";"92002";"2";"3";"1";"3";"ARISTIDE BRIAND (AVENUE)";"48,7590291";"2,3072066"
"201900041026";"2";"3";"2019";"15:15";"1";"49";"49024";"1";"1";"1";"7";"D 218 - CHATEAU D'EAU";"47,3150490";" -0,9111400"
"201900041027";"23";"2";"2019";"20:30";"5";"49";"49244";"2";"1";"1";"3";"Rue de Vendée - La Pommeraye";"47,3508310";" -0,8647710"
"201900041028";"26";"2";"2019";"19:10";"2";"62";"62549";"2";"6";"1";"3";"D928";"50,3714430";"2,0292570"
"201900041029";"30";"1";"2019";"09:30";"1";"24";"24409";"1";"1";"1";"7";"D38";"45,0613000";"0,3507700"
"201900041030";"1";"2";"2019";"14:20";"1";"26";"26045";"1";"1";"3";"1";"ROUTE DE DIEULEFIT";"44,5433230";"4,9454750"
"201900041031";"3";"3";"2019";"17:20";"1";"24";"24157";"1";"5";"1";"3";"Croisement RD3/Rue Grimoard";"45,0827000";"0,4175600"
"201900041032";"2";"3";"2019";"20:45";"3";"38";"38336";"1";"1";"1";"2";"D4 B";"45,4964100";"4,8370200"
"201900041033";"1";"3";"2019";"21:55";"3";"38";"38157";"1";"1";"1";"6";"Le Plan";"45,5059200";"4,9396200"
"201900041034";"26";"2";"2019";"21:27";"5";"95";"95205";"2";"1";"1";"6";"14 rue georges joyeux - RD370";"49,0184040";"2,3811480"
"201900041035";"3";"3";"2019";"14:25";"1";"17";"17194";"2";"1";"1";"6";"rue du château d'eau";"46,1309830";" -1,0079110"
"201900041036";"28";"2";"2019";"08:10";"1";"74";"74161";"1";"1";"7";"5";"Route départementale RD 16";"45,8747870";"6,0020690"
"201900041037";"26";"2";"2019";"09:55";"1";"57";"57650";"2";"1";"1";"6";"Quai des Ducs de Lorraine";"49,4417320";"6,3551830"
"201900041038";"22";"2";"2019";"23:49";"3";"11";"11095";"1";"1";"1";"6";"PK 342";"43,1788480";"2,5888750"
"201900041039";"20";"2";"2019";"16:30";"1";"33";"33138";"2";"3";"1";"3";"RD674E5 P. SÉMARD / RUE DE LA REPUBLIQUE";"45,0394900";" -0,1280100"
"201900041040";"26";"2";"2019";"20:05";"5";"49";"49231";"2";"6";"1";"1";"D 960, rond-point du boulingrin";"47,0936290";" -0,8003710"
"201900041041";"28";"2";"2019";"01:05";"3";"988";"98812";"1";"1";"1";"7";"RM16";" -20,5083800";"164,3019100"
"201900041042";"5";"2";"2019";"10:15";"1";"31";"31454";"1";"2";"2";"3";"route de sainte-foy de peyrolliere";"43,4240760";"1,1276330"
"201900041043";"28";"2";"2019";"19:32";"3";"31";"31053";"2";"1";"1";"6";"Route de Lavaur";"43,6464270";"1,5583670"
"201900041044";"1";"3";"2019";"11:30";"1";"81";"81097";"1";"1";"8";"7";"D13 pk 53+900";"43,8713340";"2,2179350"
"201900041045";"1";"3";"2019";"17:00";"1";"83";"83061";"1";"1";"1";"2";"N/A";"43,4689170";"6,7292500"
"201900041046";"2";"3";"2019";"02:40";"3";"83";"83130";"1";"6";"1";"7";"N/A";"43,1956650";"6,0412190"
"201900041047";"1";"3";"2019";"21:45";"3";"68";"68249";"1";"1";"1";"6";"Lieu-dit le pré bracot";"48,1269800";"7,1197250"
"201900041048";"26";"2";"2019";"09:24";"1";"10";"10412";"1";"1";"1";"6";"Départementale 610";"48,3085500";"4,1322700"
"201900041049";"2";"3";"2019";"07:00";"1";"974";"97422";"2";"1";"1";"7";"56 RUE DU PAILLE EN QUEUE";" -21,2952910";"55,5281140"
"201900041050";"28";"2";"2019";"06:15";"3";"69";"69277";"1";"9";"1";"1";"Rue Lamartine genas";"45,7467430";"5,0315360"
"201900041051";"28";"2";"2019";"16:55";"1";"67";"67505";"1";"1";"1";"7";"d167";"48,2827940";"7,3256100"
"201900041052";"3";"3";"2019";"15:25";"1";"974";"97412";"2";"4";"1";"3";"Rue Amiral Lacaze";" -21,3827860";"55,6128150"
"201900041053";"28";"2";"2019";"18:53";"2";"974";"97401";"2";"1";"1";"6";"19 chemin n°1";" -21,2017480";"55,3628090"
"201900041054";"2";"3";"2019";"02:45";"3";"26";"26085";"1";"1";"1";"1";"RN7";"44,5061720";"4,7439710"
"201900041055";"27";"2";"2019";"11:20";"1";"26";"26106";"1";"1";"1";"6";"Route Nationale 7";"44,6354190";"4,7717480"
"201900041056";"1";"3";"2019";"23:05";"3";"60";"60088";"1";"1";"1";"1";"rue louis Denoual";"49,2050967";"2,1990933"
"201900041057";"24";"2";"2019";"16:35";"1";"46";"46148";"1";"1";"7";"1";"Conquefaune";"44,3381840";"1,5164630"
"201900041058";"1";"3";"2019";"09:20";"1";"76";"76404";"1";"1";"8";"6";"CD925";"49,5853701";"0,2503091"
"201900041059";"2";"3";"2019";"17:50";"1";"64";"64548";"1";"9";"1";"6";"chemin communal de Saou";"43,4688845";" -0,5016643"
"201900041060";"25";"2";"2019";"19:20";"3";"64";"64554";"1";"1";"1";"2";"RD 945";"43,4151776";" -0,4676226"
"201900041061";"1";"3";"2019";"13:25";"1";"62";"62491";"1";"1";"1";"6";"70 rue bacquerot";"50,6035600";"2,7687920"
"201900041062";"26";"2";"2019";"16:50";"1";"67";"67452";"1";"1";"1";"1";"RD720";"48,6508480";"7,5629690"
"201900041063";"1";"3";"2019";"13:30";"1";"67";"67437";"2";"1";"1";"3";"Rue de Bouxwiller";"48,7402740";"7,3693070"
"201900041064";"24";"2";"2019";"20:45";"3";"22";"22081";"1";"1";"1";"7";"RN 12";"48,4812703";" -2,6416787"
"201900041065";"28";"2";"2019";"18:55";"2";"22";"22004";"1";"1";"1";"3";"RD 767 PR 34+800";"48,6126395";" -3,2785986"
"201900041066";"1";"3";"2019";"19:15";"3";"22";"22251";"1";"1";"1";"7";"RN 12 PR 065+000";"48,5398374";" -2,8416696"
"201900041067";"28";"2";"2019";"08:30";"1";"22";"22030";"1";"1";"1";"7";"RD 767 PR 48+500";"48,7069454";" -3,3799182"
"201900041068";"25";"2";"2019";"09:15";"1";"22";"22034";"1";"1";"1";"7";"rd 767 pr 44+0920 G";"48,6783671";" -3,3549899"
"201900041069";"25";"2";"2019";"09:25";"1";"74";"74019";"1";"1";"1";"3";"D1203";"45,9465850";"6,1574160"
"201900041070";"28";"2";"2019";"11:00";"1";"25";"25388";"1";"1";"1";"7";"A 36 - sortie n°8 MONTBELIARD - PK 050+000";"47,5011850";"6,8211360"
"201900041071";"26";"2";"2019";"10:00";"1";"54";"54302";"1";"3";"1";"3";"lieu dit ""Le cerisier""";"49,2529300";"5,9241660"
"201900041072";"27";"2";"2019";"06:35";"5";"83";"83054";"1";"1";"1";"3";"329 route de La Crau";"43,1594650";"6,0635400"
"201900041073";"26";"2";"2019";"15:30";"1";"79";"79083";"1";"1";"1";"7";"Les Vaux";"46,1314230";" -0,0864300"
"201900041074";"2";"3";"2019";"17:15";"1";"42";"42283";"2";"1";"8";"6";"387 route du pré Chevalier";"45,5548250";"4,5418080"
"201900041075";"28";"2";"2019";"16:55";"1";"42";"42271";"2";"1";"1";"2";"43 route de saint paul";"45,4873330";"4,5719250"
"201900041076";"3";"3";"2019";"15:50";"1";"65";"65290";"2";"1";"1";"3";"48 Rue du Montaigu";"43,1494850";"0,1787400"
"201900041077";"1";"3";"2019";"13:00";"1";"978";"97801";"2";"1";"1";"3";"D 208 - Rue de Sandy Ground";"18,0635880";" -63,0908330"
"201900041078";"26";"2";"2019";"06:10";"2";"30";"30315";"1";"1";"1";"2";"ROUTE NATIONALE 100";"43,9488840";"4,6973870"
"201900041079";"22";"2";"2019";"08:15";"1";"30";"30041";"1";"1";"1";"6";"départementale 979";"43,9661150";"4,3867880"
"201900041080";"25";"2";"2019";"13:45";"1";"22";"22020";"2";"1";"1";"3";"09 rue de l'avenir";"48,3149530";" -2,2473110"
"201900041081";"28";"2";"2019";"12:15";"1";"2B";"2B143";"1";"1";"1";"3";"RT10 PK 110+400";"42,2177770";"9,5098210"
"201900041082";"1";"3";"2019";"22:00";"3";"62";"62102";"1";"1";"2";"7";"RD341 PK 80 + 800";"50,6521660";"1,8854900"
"201900041083";"1";"3";"2019";"17:58";"1";"77";"77512";"1";"1";"1";"7";"D6-11 ROUTE DE VERDELOT";"48,8710900";"3,3568300"
"201900041084";"3";"3";"2019";"18:07";"2";"77";"77002";"1";"1";"8";"7";"D209";"48,7481600";"3,1129200"
"201900041085";"26";"2";"2019";"12:58";"1";"41";"41238";"1";"1";"1";"1";"Lieu-dit ""COULIEU"" (PK 26+150 SENS SAVIGNY SUR VRAYE - ST CALAIS)";"47,8966200";"0,7769240"
"201900041086";"22";"2";"2019";"14:00";"1";"34";"34095";"1";"1";"1";"5";"D613";"43,5401580";"3,7637090"
"201900041087";"26";"2";"2019";"08:30";"1";"66";"66028";"2";"1";"1";"6";"Chemin de Saint Gaudérique";"42,6833180";"2,9304280"
"201900041088";"1";"3";"2019";"09:35";"1";"34";"34217";"2";"1";"1";"6";"Chemin du Nouau";"43,6876620";"3,8692970"
"201900041089";"25";"2";"2019";"13:40";"1";"74";"74263";"2";"1";"1";"6";"Avenue de bonnatrait";"46,3334700";"6,3879360"
"201900041090";"3";"3";"2019";"06:40";"2";"83";"83031";"1";"1";"1";"6";"DN7";"43,3999360";"6,3724840"
"201900041091";"27";"2";"2019";"11:45";"1";"83";"83097";"1";"1";"1";"3";"D23";"43,5290450";"5,7342070"
"201900041092";"3";"3";"2019";"10:15";"1";"57";"57693";"2";"3";"1";"3";"35 Rue Jean Julien Barbe";"49,1296230";"6,2301590"
"201900041093";"2";"3";"2019";"19:45";"3";"51";"51018";"1";"1";"1";"2";"RD 3";"49,0147318";"4,1285748"
"201900041094";"2";"3";"2019";"21:50";"3";"59";"59502";"1";"2";"1";"3";"intersection des CD942 et CD 118";"50,1855490";"3,3436430"
"201900041095";"3";"3";"2019";"01:00";"3";"59";"59661";"1";"1";"1";"7";"RD 133 - rue du val joly";"50,1207700";"4,1019390"
"201900041096";"28";"2";"2019";"17:20";"1";"19";"19214";"1";"1";"1";"1";"Lieu dit la prade";"45,1341890";"2,1294710"
"201900041097";"23";"2";"2019";"16:20";"1";"56";"56128";"1";"1";"1";"6";"La Croix Rouge";"47,9972900";" -3,0983700"
"201900041098";"26";"2";"2019";"19:25";"5";"56";"56178";"2";"9";"1";"6";"57 avenue de la Libération";"48,0676910";" -2,9504750"
"201900041099";"2";"3";"2019";"16:00";"1";"56";"56013";"2";"1";"1";"2";"Rue du Général de Gaulle";"47,6757100";" -3,1694400"
"201900041100";"28";"2";"2019";"07:50";"2";"56";"56094";"1";"3";"1";"3";"Le Porzo";"47,7970700";" -3,2416900"
"201900041101";"26";"2";"2019";"14:10";"1";"56";"56243";"2";"1";"1";"6";"Place des Vosges";"47,6504920";" -2,7209630"
"201900041102";"1";"3";"2019";"16:43";"1";"74";"74195";"2";"1";"2";"1";"D1508";"46,0053620";"5,9598940"
"201900041103";"28";"2";"2019";"19:15";"3";"74";"74309";"1";"1";"1";"3";"2360 route de bellegarde";"46,1134930";"6,0076790"
"201900041104";"28";"2";"2019";"19:40";"3";"74";"74002";"1";"9";"2";"3";"Route de Rumilly";"45,8176630";"6,0022570"
"201900041105";"25";"2";"2019";"09:00";"1";"74";"74104";"2";"1";"1";"6";"38 Rue des Fontaines";"45,7745210";"6,2200990"
"201900041106";"23";"2";"2019";"21:30";"3";"77";"77025";"1";"1";"1";"6";"chemin de mousseaux les bray";"48,4046970";"3,2021360"
"201900041107";"26";"2";"2019";"14:42";"1";"76";"76302";"1";"3";"1";"3";"RD 910";"49,6397541";"0,3703736"
"201900041108";"22";"2";"2019";"09:30";"1";"79";"79299";"1";"1";"1";"7";"RD 28";"46,8755870";" -0,2108290"
"201900041109";"1";"3";"2019";"03:50";"3";"2A";"2A139";"1";"1";"1";"7";"RT 10 PK 37+850";"41,6893030";"9,3271862"
"201900041110";"18";"2";"2019";"17:30";"1";"2A";"2A085";"1";"1";"1";"4";"RT 40";"41,9133574";"8,8322329"
"201900041111";"3";"3";"2019";"17:25";"1";"2B";"2B096";"1";"1";"1";"7";"Route territoriale 20";"42,3054610";"9,1496550"
"201900041112";"1";"3";"2019";"07:10";"2";"80";"80765";"1";"1";"2";"6";"rue de gamaches";"50,0288780";"1,6672650"
"201900041113";"27";"2";"2019";"17:05";"1";"80";"80308";"2";"1";"1";"7";"RUe Victor Hugo";"50,0630870";"1,5883120"
"201900041114";"26";"2";"2019";"08:35";"1";"80";"80722";"2";"1";"7";"6";"14 RUE D'AMIENS";"49,9682970";"2,2071570"
"201900041115";"28";"2";"2019";"08:40";"1";"80";"80455";"1";"1";"1";"7";"D919";"49,7670670";"1,9601280"
"201900041116";"21";"2";"2019";"18:30";"2";"82";"82089";"2";"2";"1";"3";"Rue de la Libération";"44,1240690";"0,8217500"
"201900041117";"26";"2";"2019";"07:35";"2";"41";"41016";"1";"6";"1";"3";"D956";"47,3207314";"1,4966780"
"201900041118";"3";"3";"2019";"16:00";"1";"65";"65371";"2";"9";"1";"3";"122 CAMI DE BEAUCENS";"42,9933910";" -0,0702550"
"201900041119";"26";"2";"2019";"11:50";"1";"33";"33236";"2";"1";"1";"1";"D3E4 route du moulin";"44,7941700";" -1,1376400"
"201900041120";"1";"3";"2019";"18:50";"5";"32";"32083";"2";"1";"1";"6";"18 Avenue Claude Bordenave";"43,8021020";"0,4338420"
"201900041121";"6";"2";"2019";"16:40";"1";"71";"71254";"1";"1";"1";"6";"RD 203 - Route de pierre";"46,9107610";"5,2510050"
"201900041122";"28";"2";"2019";"10:15";"1";"71";"71014";"2";"2";"1";"3";"Route d'Arnay-Le-Duc";"46,9675910";"4,3052570"
"201900041123";"27";"2";"2019";"16:50";"1";"89";"89262";"1";"1";"7";"7";"D202 - PR6.300";"47,8975000";"4,0498100"
"201900041124";"1";"3";"2019";"09:30";"1";"63";"63249";"1";"1";"1";"7";"RD 906";"45,8022220";"3,5177780"
"201900041125";"27";"2";"2019";"21:30";"3";"63";"63420";"1";"1";"1";"6";"D2089";"45,8189670";"3,3498740"
"201900041126";"27";"2";"2019";"15:30";"1";"63";"63390";"1";"1";"1";"7";"lieu dit beaudéduit";"46,0963735";"3,0905807"
"201900041127";"27";"2";"2019";"17:15";"1";"63";"63273";"2";"1";"1";"6";"Route de MIREFLEURS";"45,7292127";"3,2277548"
"201900041128";"26";"2";"2019";"08:00";"1";"63";"63453";"1";"3";"1";"5";"D4 D2089";"45,7869035";"3,2723862"
"201900041129";"3";"3";"2019";"18:40";"3";"76";"76618";"1";"9";"8";"6";"route de mahomet - GLICOURT";"49,9294520";"1,2553630"
"201900041130";"2";"3";"2019";"08:12";"1";"61";"61342";"1";"1";"8";"6";"la rechinière";"48,7449820";"0,5680690"
"201900041131";"25";"2";"2019";"17:10";"1";"61";"61162";"1";"2";"7";"3";"RD3";"48,6716150";"0,5091060"
"201900041132";"20";"2";"2019";"16:43";"1";"61";"61486";"2";"1";"7";"7";"allée de Robinson";"48,7686070";" -0,7258640"
"201900041133";"26";"2";"2019";"05:00";"3";"61";"61287";"1";"1";"1";"6";"le déluge";"48,7946880";" -0,5647030"
"201900041134";"28";"2";"2019";"22:00";"3";"55";"55443";"1";"1";"2";"6";"Base aérienne du Lieutenant Etienne MANTOUX";"49,2247740";"5,6851820"
"201900041135";"26";"8";"2019";"22:25";"5";"75";"75114";"2";"7";"1";"3";"PLACE VICTOR ET HELENE BASCH";"48,8278911";"2,3266339"
"201900041136";"29";"8";"2019";"17:50";"1";"75";"75113";"2";"2";"1";"3";"AVENUE D ITALIE";"48,8261835";"2,3572661"
"201900041137";"28";"8";"2019";"00:30";"5";"75";"75113";"2";"1";"1";"1";"QUAI D AUSTERLITZ";"48,8409524";"2,3692435"
"201900041138";"30";"8";"2019";"18:30";"1";"75";"75112";"2";"1";"1";"3";"AVENUE DU TREMBLAY";"48,8394720";"2,4506595"
"201900041139";"28";"8";"2019";"23:30";"5";"75";"75111";"2";"1";"1";"6";"BOULEVARD DU TEMPLE";"48,8660449";"2,3649645"
"201900041140";"28";"8";"2019";"17:50";"1";"75";"75112";"2";"1";"1";"3";"RUE DE CHARENTON";"48,8393750";"2,3889180"
"201900041141";"27";"8";"2019";"09:10";"1";"75";"75112";"2";"4";"1";"6";"RUE DU GENERAL DE LANGLE DE CARY";"48,8281256";"2,3921896"
"201900041142";"26";"8";"2019";"19:20";"1";"75";"75112";"2";"1";"1";"3";"ROUTE DE LA PYRAMIDE";"48,8396140";"2,4373930"
"201900041143";"26";"8";"2019";"09:40";"1";"75";"75112";"2";"4";"1";"3";"AVENUE DE NOGENT";"48,8420442";"2,4491497"
"201900041144";"31";"8";"2019";"13:10";"1";"75";"75111";"2";"3";"1";"3";"RUE RICHARD LENOIR";"48,8564440";"2,3812370"
"201900041145";"29";"8";"2019";"15:50";"1";"75";"75111";"2";"2";"1";"3";"BOULEVARD VOLTAIRE";"48,8546900";"2,3853800"
"201900041146";"29";"8";"2019";"14:15";"1";"75";"75111";"2";"2";"1";"3";"RUE SAINT SABIN";"48,8556868";"2,3716669"
"201900041147";"28";"8";"2019";"20:30";"2";"75";"75111";"2";"4";"1";"2";"AVENUE LEDRU ROLLIN";"48,8547390";"2,3781360"
"201900041148";"28";"8";"2019";"16:00";"1";"75";"75111";"2";"2";"1";"6";"BOULEVARD RICHARD LENOIR";"48,8555146";"2,3699029"
"201900041149";"26";"8";"2019";"13:10";"1";"75";"75111";"2";"2";"1";"3";"AVENUE PHILIPPE AUGUSTE";"48,8557720";"2,3913500"
"201900041150";"27";"8";"2019";"22:30";"5";"75";"75110";"2";"2";"1";"3";"RUE DE DUNKERQUE";"48,8808070";"2,3511660"
"201900041151";"27";"8";"2019";"13:35";"1";"75";"75110";"2";"4";"1";"6";"RUE JULIETTE DODU";"48,8753050";"2,3692030"
"201900041152";"31";"8";"2019";"05:35";"5";"75";"75109";"2";"5";"1";"3";"RUE PIERRE FONTAINE";"48,8804522";"2,3350702"
"201900041153";"29";"8";"2019";"20:38";"1";"75";"75108";"2";"2";"1";"6";"BOULEVARD HAUSSMANN";"48,8750220";"2,3091890"
"201900041154";"29";"8";"2019";"18:27";"1";"75";"75108";"2";"7";"1";"6";"RUE ROYALE";"48,8666647";"2,3220141"
"201900041155";"27";"8";"2019";"15:10";"1";"75";"75116";"2";"7";"1";"3";"PLACE CHARLES DE GAULLE";"48,8731623";"2,2951394"
"201900041156";"26";"8";"2019";"10:35";"1";"75";"75107";"2";"2";"1";"7";"AVENUE DE SUFFREN";"48,8494320";"2,3037870"
"201900041157";"28";"8";"2019";"10:10";"1";"75";"75104";"2";"3";"1";"6";"RUE SAINT ANTOINE";"48,8550681";"2,3616791"
"201900041158";"27";"8";"2019";"09:30";"1";"75";"75103";"2";"2";"1";"6";"BOULEVARD DE SEBASTOPOL";"48,8669630";"2,3529780"
"201900041159";"26";"8";"2019";"09:55";"1";"75";"75104";"2";"2";"1";"3";"RUE MORNAY";"48,8495169";"2,3656266"
"201900041160";"30";"8";"2019";"18:30";"1";"75";"75102";"2";"2";"1";"3";"BOULEVARD DE SEBASTOPOL";"48,8644270";"2,3515190"
"201900041161";"27";"8";"2019";"21:15";"5";"75";"75102";"2";"7";"1";"3";"PLACE DE L OPERA";"48,8702860";"2,3324407"
"201900041162";"26";"8";"2019";"09:20";"1";"75";"75101";"2";"1";"1";"2";"QUAI DES TUILERIES";"48,8627920";"2,3241430"
"201900041163";"29";"8";"2019";"00:45";"5";"94";"94081";"2";"2";"1";"3";"MARIO CAPRA (R)";"48,7832600";"2,3897500"
"201900041164";"27";"8";"2019";"19:54";"1";"94";"94081";"2";"1";"1";"1";"HENRI BARBUSSE (AV)";"48,7920000";"2,3900000"
"201900041165";"29";"8";"2019";"15:30";"1";"94";"94067";"2";"1";"1";"6";"GENERAL DE GAULLE (AV DU)";"48,8409800";"2,4176200"