"Num_Acc";"jour";"mois";"an";"hrmn";"lum";"dep";"com";"agg";"int";"atm";"col";"adr";"lat";"long"
"201900041166";"28";"8";"2019";"18:10";"1";"94";"94080";"2";"1";"1";"6";"MASSUE (R)";"48,8479100";"2,4244200"
"201900041167";"31";"8";"2019";"16:50";"1";"94";"94074";"2";"3";"1";"2";"RU DE GIRONDE (AV DU)";"48,7396040";"2,4686770"
"201900041168";"30";"8";"2019";"22:30";"5";"94";"94074";"2";"1";"1";"6";"COLONEL FABIEN (R)";"48,7462100";"2,4684100"
"201900041169";"30";"8";"2019";"17:15";"1";"94";"94078";"2";"3";"1";"6";"THIMONNIER (R)";"48,7495500";"2,4517900"
"201900041170";"29";"8";"2019";"13:50";"1";"94";"94077";"2";"1";"1";"2";"ARISTIDE BRIAND (AV)";"48,7325000";"2,4130300"
"201900041171";"28";"8";"2019";"21:35";"3";"94";"94074";"2";"1";"1";"6";"RU DE GIRONDE (AV DU)";"48,7394200";"2,4689600"
"201900041172";"31";"8";"2019";"05:45";"3";"94";"94068";"2";"1";"1";"6";"ANGLAIS (PROM DES)";"48,7800000";"2,5100000"
"201900041173";"28";"8";"2019";"20:20";"2";"94";"94068";"2";"2";"1";"3";"AUGUSTE MARIN (AV)";"48,8100000";"2,4700000"
"201900041174";"31";"8";"2019";"02:45";"5";"94";"94042";"2";"1";"1";"2";"CANADIENS (AV DES)";"48,8187900";"2,4623805"
"201900041175";"29";"8";"2019";"16:40";"1";"94";"94052";"2";"9";"1";"6";"STRASBOURG (BD DE)";"48,8401000";"2,4812000"
"201900041176";"31";"8";"2019";"21:10";"5";"94";"94046";"2";"1";"1";"7";"GENERAL DE GAULLE (AV DU)";"48,8081700";"2,4245900"
"201900041177";"31";"8";"2019";"10:55";"1";"94";"94046";"2";"2";"1";"3";"EUGENE RENAULT - CAR DE LA RESISTANCE (R";"48,8153032";"2,4201873"
"201900041178";"30";"8";"2019";"09:25";"1";"94";"94046";"2";"2";"1";"3";"REPUBLIQUE (AV DE LA)";"48,8028300";"2,4340800"
"201900041179";"28";"8";"2019";"18:10";"1";"94";"94046";"2";"1";"7";"6";"JOFFRE (AV)";"48,8157000";"2,4465000"
"201900041180";"24";"8";"2019";"22:15";"5";"94";"94046";"2";"2";"1";"6";"REPUBLIQUE (AV DE LA)";"48,8072000";"2,4460000"
"201900041181";"31";"8";"2019";"18:30";"1";"94";"94003";"2";"9";"1";"6";"DIVISION DU GENERAL LECLERC (R DE LA)";"48,8023100";"2,3351700"
"201900041182";"27";"8";"2019";"17:00";"1";"94";"94076";"2";"1";"1";"6";"MARCEL GROSMESNIL (R)";"48,7958200";"2,3544000"
"201900041183";"30";"8";"2019";"20:42";"5";"94";"94041";"2";"1";"1";"3";"PIERRE SEMARD (AV)";"48,8179700";"2,3814100"
"201900041184";"29";"8";"2019";"12:45";"1";"94";"94041";"2";"3";"1";"3";"VERDUN (AV DE)";"48,8167900";"2,3671400"
"201900041185";"27";"8";"2019";"12:20";"1";"94";"94041";"2";"1";"1";"3";"MARCEL SALLNAVE (R)";"48,8150000";"2,4059700"
"201900041186";"25";"8";"2019";"11:50";"1";"94";"94033";"2";"2";"1";"3";"VERDUN (BD DE)";"48,8536815";"2,4697338"
"201900041187";"30";"8";"2019";"00:00";"5";"94";"94011";"2";"1";"1";"2";"BOISSY.(AVENUE DE)";"48,7709900";"2,4851000"
"201900041188";"29";"8";"2019";"18:50";"1";"94";"94011";"2";"9";"7";"6";"D'ORVES (rue D'Estienne)";"48,7738500";"2,4873900"
"201900041189";"30";"8";"2019";"06:25";"2";"94";"94054";"2";"3";"1";"6";"CHARMILLES (ALL DES)";"48,7425000";"2,4015200"
"201900041190";"29";"8";"2019";"16:10";"1";"94";"94022";"2";"1";"1";"6";"DEFFORGE (R)";"48,7709300";"2,4159200"
"201900041191";"29";"8";"2019";"02:40";"5";"94";"94059";"2";"6";"1";"6";"MAURICE BERTEAUX (AV)";"48,8010905";"2,5753308"
"201900041192";"27";"8";"2019";"09:10";"1";"94";"94018";"2";"1";"1";"3";"PARIS (R DE)";"48,8236000";"2,4103000"
"201900041193";"26";"8";"2019";"17:25";"1";"94";"94044";"2";"1";"1";"6";"AUVERGNE (R D)";"48,7447200";"2,4751800"
"201900041194";"30";"8";"2019";"16:50";"1";"93";"93078";"2";"6";"1";"6";"BREGUET (ALLEE LOUIS)";"48,9581100";"2,5621600"
"201900041195";"30";"8";"2019";"15:30";"1";"93";"93073";"2";"2";"1";"3";"HUITIEME (AVENUE)";"48,9630000";"2,5710000"
"201900041196";"28";"8";"2019";"20:45";"3";"93";"93066";"2";"1";"1";"6";"LANGUEDOC";"48,9257400";"2,3723200"
"201900041197";"31";"8";"2019";"18:50";"1";"93";"93062";"2";"1";"1";"1";"RESISTANCE (AVENUE DE LA)";"48,8947100";"2,5134770"
"201900041198";"30";"8";"2019";"13:00";"1";"93";"93055";"2";"3";"1";"3";"JEAN JAURES (AVENUE)(130 AU 172)";"48,9090800";"2,3982300"
"201900041199";"28";"8";"2019";"13:10";"1";"93";"93055";"2";"4";"1";"3";"GENERAL LECLERC(AVE DU)89/FIN ET 122/FIN";"48,8994000";"2,4090400"
"201900041200";"26";"8";"2019";"13:50";"1";"93";"93055";"2";"1";"1";"6";"MEHUL (1/37. 2/24)";"48,8891600";"2,4132000"
"201900041201";"31";"8";"2019";"15:00";"1";"93";"93051";"2";"1";"1";"2";"NEUILLY (ROUTE)";"48,8499500";"2,5362700"
"201900041202";"31";"8";"2019";"13:00";"1";"93";"93064";"2";"1";"1";"3";"HUGO (RUE VICTOR)";"48,8658060";"2,4896150"
"201900041203";"31";"8";"2019";"02:40";"5";"93";"93050";"2";"1";"1";"6";"LOUIS ARMAND (RUE)";"48,8608200";"2,5201700"
"201900041204";"29";"8";"2019";"22:40";"5";"93";"93049";"2";"2";"1";"3";"MARCEL DASSAULT (AVENUE)";"48,8642100";"2,5168700"
"201900041205";"30";"8";"2019";"13:20";"1";"93";"93048";"2";"3";"7";"6";"REVOLUTION (RUE DE LA)";"48,8550000";"2,4289000"
"201900041206";"28";"8";"2019";"13:00";"1";"93";"93048";"2";"1";"1";"3";"PIERRE DE MONTREUIL S5 (RUE)";"48,8631450";"2,4505410"
"201900041207";"30";"8";"2019";"21:05";"5";"93";"93046";"2";"2";"1";"2";"WINSTON CHURCHILL AVENUE";"48,9139800";"2,5364900"
"201900041208";"28";"8";"2019";"19:35";"1";"93";"93046";"2";"2";"1";"2";"MARX DORMOY BOULEVARD";"48,9096200";"2,5267100"
"201900041209";"30";"7";"2019";"16:10";"1";"93";"93045";"2";"1";"1";"6";"PARIS RUE DE";"48,8796100";"2,4156400"
"201900041210";"28";"8";"2019";"13:19";"1";"93";"93032";"2";"2";"1";"3";"PAUL VAILLANT COUTURIER (RUE)";"48,8760000";"2,5490000"
"201900041211";"27";"8";"2019";"16:50";"1";"93";"93032";"2";"1";"1";"1";"DAHLIAS (CITE DES)";"48,8930200";"2,5428000"
"201900041212";"30";"8";"2019";"17:16";"1";"93";"93047";"2";"2";"1";"3";"GABRIEL PERI  (AVENUE)";"48,8941201";"2,5526611"
"201900041213";"26";"8";"2019";"08:55";"1";"93";"93010";"2";"1";"1";"6";"BARBUSSE (AV. HENRI) DE 1 A 75 COTE IMPA";"48,9019400";"2,4844600"
"201900041214";"29";"8";"2019";"20:30";"2";"93";"93008";"2";"2";"8";"5";"VAILLANT (AVENUE EDOUARD)";"48,9117300";"2,4646700"
"201900041215";"30";"8";"2019";"19:10";"1";"93";"93007";"2";"2";"1";"3";"JULIEN GRIMAU (RUE)";"48,9410520";"2,4586980"
"201900041216";"29";"8";"2019";"07:45";"1";"93";"93071";"2";"3";"1";"3";"WESTINGHOUSE (BOULEVARD)";"48,9283990";"2,5186270"
"201900041217";"28";"8";"2019";"14:00";"1";"93";"93005";"2";"3";"1";"2";"SUZANNE LENGLEN (AVENUE)";"48,9513300";"2,5137200"
"201900041218";"24";"8";"2019";"23:10";"3";"93";"93005";"2";"2";"1";"3";"LELIEVRE (AVENUE)";"48,9365200";"2,4940600"
"201900041219";"30";"8";"2019";"16:30";"1";"93";"93001";"2";"1";"1";"3";"LONG-SENTIER (RUE DU)";"48,9100000";"2,3940000"
"201900041220";"30";"8";"2019";"16:00";"1";"93";"93001";"2";"3";"1";"6";"EMILE DUBOIS (RUE)";"48,9194500";"2,4029500"
"201900041221";"27";"8";"2019";"14:55";"1";"93";"93001";"2";"1";"1";"3";"VALMY (RUE DE)";"48,9214300";"2,3778400"
"201900041222";"26";"8";"2019";"15:30";"1";"93";"93001";"2";"1";"1";"2";"JEAN JAURES  (AVE)  157 A 213";"48,9105600";"2,3994500"
"201900041223";"30";"8";"2019";"21:30";"3";"92";"92078";"2";"9";"1";"4";"MOULIN CAGE (QUAI)";"48,9241800";"2,3291700"
"201900041224";"31";"8";"2019";"05:45";"5";"92";"92075";"2";"1";"1";"6";"PIERRE BROSSOLETTE (AVENUE)";"48,8134700";"2,3038500"
"201900041225";"30";"8";"2019";"09:07";"1";"92";"92073";"2";"1";"1";"6";"SELLIER (BOULEVARD HENRI)";"48,8670300";"2,2213900"
"201900041226";"28";"8";"2019";"10:10";"1";"92";"92073";"2";"1";"1";"6";"DASSAULT (QUAI MARCEL)";"48,8599110";"2,2244030"
"201900041227";"28";"8";"2019";"09:40";"1";"92";"92073";"2";"1";"1";"2";"SELLIER (BOULEVARD HENRI)";"48,8675581";"2,2268727"
"201900041228";"31";"8";"2019";"16:00";"1";"92";"92062";"2";"1";"1";"2";"DE DION BOUTON (QUAI) DU 29 AU 65";"48,8855900";"2,2514900"
"201900041229";"29";"8";"2019";"07:45";"1";"92";"92062";"2";"1";"1";"6";"GENERAL DE GAULLE (AV) DU 44 AU 106";"48,8856000";"2,2284000"
"201900041230";"28";"8";"2019";"06:55";"2";"92";"92062";"2";"4";"1";"2";"DE DION BOUTON (QUAI) DU 1 AU 28";"48,8769800";"2,2410700"
"201900041231";"30";"8";"2019";"21:40";"5";"92";"92024";"2";"9";"1";"3";"CLICHY (QUAI DE) DE (8 A 60)";"48,9120500";"2,3105000"
"201900041232";"30";"8";"2019";"13:10";"1";"92";"92051";"2";"1";"1";"3";"CHEZY (RUE DE , N°14 A 100)";"48,8865560";"2,2695690"
"201900041233";"29";"8";"2019";"23:30";"5";"92";"92051";"2";"9";"1";"3";"CLICHY (QUAI DE) DE (8 A 60)";"48,8905651";"2,2650665"
"201900041234";"27";"8";"2019";"18:35";"1";"92";"92050";"2";"1";"1";"6";"HUIT MAI 1945 RUE DU";"48,8910800";"2,2027600"
"201900041235";"26";"8";"2019";"17:00";"1";"92";"92050";"2";"2";"1";"3";"REPUBLIQUE AVENUE DE LA";"48,9051591";"2,2094568"
"201900041236";"31";"8";"2019";"19:30";"1";"92";"92020";"2";"1";"1";"3";"VANVES BOULEVARD N° IMPAIRS";"48,8086088";"2,2838848"
"201900041237";"28";"8";"2019";"19:15";"1";"92";"92020";"2";"1";"1";"6";"PARIS AVENUE DE N° IMPAIRS";"48,8061588";"2,2921076"
"201900041238";"26";"8";"2019";"16:05";"1";"92";"92048";"2";"1";"1";"2";"TRIVAUX (AVENUE DE) N° 9";"48,8022400";"2,2340357"
"201900041239";"1";"8";"2019";"14:10";"1";"92";"92044";"2";"1";"1";"6";"LOUISE MICHEL(RUE) 41+ ET 39+";"48,8888328";"2,2877667"
"201900041240";"2";"7";"2019";"08:40";"1";"92";"92044";"2";"1";"1";"6";"ED.VAILLANT(RUE) 47A73 ET 50A78";"48,8944348";"2,2903812"
"201900041241";"26";"8";"2019";"08:15";"1";"92";"92040";"2";"1";"1";"6";"CHEMIN VERT (RUE DU)";"48,8142400";"2,2693000"
"201900041242";"25";"8";"2019";"13:10";"1";"92";"92040";"2";"3";"1";"6";"PONT D ISSY";"48,8309320";"2,2581910"
"201900041243";"29";"8";"2019";"22:30";"5";"92";"92036";"2";"3";"1";"7";"PIERRE DE COUBERTIN (BOULEVARD) (PORT ->";"48,9239544";"2,2858387"
"201900041244";"29";"8";"2019";"10:55";"1";"92";"92036";"2";"3";"1";"2";"MARCEL PAUL (AVENUE) (52/102)";"48,9425877";"2,3030003"
"201900041245";"25";"8";"2019";"13:20";"1";"92";"92036";"2";"1";"1";"6";"CABOEUFS (RUE DES) (103/291)";"48,9266000";"2,3046200"
"201900041246";"29";"8";"2019";"08:50";"1";"92";"92062";"2";"1";"1";"5";"BOULEVARD CIRCULAIRE";"48,8926352";"2,2273729"
"201900041247";"28";"8";"2019";"16:15";"1";"92";"92026";"2";"9";"7";"1";"BOULEVARD CIRCULAIRE";"48,8921890";"2,2458860"
"201900041248";"27";"8";"2019";"08:10";"5";"92";"92062";"2";"9";"1";"3";"CLICHY (QUAI DE) DE (8 A 60)";"48,9120500";"2,3105000"
"201900041249";"29";"8";"2019";"17:05";"1";"92";"92026";"2";"1";"1";"5";"MARECHAL JOFFRE (QUAI DU)";"48,9001900";"2,2740100"
"201900041250";"26";"8";"2019";"13:30";"1";"92";"92026";"2";"3";"1";"3";"COLOMBES";"48,9022900";"2,2562000"
"201900041251";"25";"8";"2019";"21:45";"5";"92";"92026";"2";"1";"1";"3";"EUROPE ( AVENUE DE L' )";"48,9060000";"2,2580300"
"201900041252";"23";"8";"2019";"11:55";"1";"92";"92025";"2";"1";"1";"1";"HOCHE (RUE)";"48,9222320";"2,2645550"
"201900041253";"27";"8";"2019";"14:35";"1";"92";"92024";"2";"3";"1";"3";"LANDY (RUE DU) DE (21 A 51)";"48,9059000";"2,3095200"
"201900041254";"26";"8";"2019";"09:50";"1";"92";"92024";"2";"2";"1";"3";"JEAN JAURES (BD) DE (120 A 138)";"48,9054700";"2,3018200"
"201900041255";"27";"8";"2019";"09:10";"1";"92";"92060";"2";"1";"1";"3";"DESCARTES (AVENUE)";"48,7767100";"2,2462100"
"201900041256";"13";"8";"2019";"23:35";"5";"92";"92032";"2";"1";"1";"6";"DIVISION LECLERC (AVENUE DE LA)";"48,7950900";"2,2745900"
"201900041257";"29";"8";"2019";"22:45";"5";"92";"92012";"2";"7";"1";"3";"JEAN JAURES (BOULEVARD) 217/FIN - 210/FI";"48,8322360";"2,2442720"
"201900041258";"28";"8";"2019";"09:55";"1";"92";"92012";"2";"9";"1";"3";"JEAN JAURES (BOULEVARD) 217/FIN - 210/FI";"48,8378600";"2,2407700"
"201900041259";"30";"8";"2019";"14:20";"1";"92";"92002";"2";"1";"1";"3";"ADOLPHE PAJEAUD (RUE)";"48,7403079";"2,2804455"
"201900041260";"21";"8";"2019";"17:20";"1";"92";"92002";"2";"1";"1";"6";"ADOLPHE PAJEAUD (RUE)";"48,7426869";"2,2867954"
"201900041261";"20";"8";"2019";"14:35";"1";"86";"86170";"2";"1";"1";"1";"12 Route de Montmorillon";"46,3296560";"0,8130330"
"201900041262";"29";"8";"2019";"17:35";"1";"80";"80514";"1";"9";"1";"1";"D152";"50,1051210";"2,4428450"
"201900041263";"26";"8";"2019";"13:45";"1";"47";"47284";"1";"1";"1";"1";"Raulhiac";"44,5317410";"0,9112670"
"201900041264";"29";"8";"2019";"08:50";"1";"8";"08362";"2";"9";"1";"6";"Rue Louis Jouvet";"49,5082550";"4,3762190"
"201900041265";"29";"8";"2019";"23:10";"3";"86";"86190";"1";"1";"1";"6";"Route Départementale 12";"46,3463630";"0,7293270"
"201900041266";"1";"9";"2019";"11:30";"1";"51";"51510";"1";"2";"1";"3";"RD 60";"48,7843448";"4,6506591"
"201900041267";"30";"8";"2019";"17:40";"1";"1";"01362";"2";"1";"1";"2";"360 Route de Rancé";"45,9539960";"4,8815410"
"201900041268";"29";"8";"2019";"00:45";"3";"26";"26087";"2";"1";"1";"3";"D112";"45,0879610";"5,1299950"
"201900041269";"26";"8";"2019";"14:30";"1";"26";"26231";"1";"1";"1";"1";"Saint-Ange";"45,1187800";"5,0479090"
"201900041270";"30";"8";"2019";"16:00";"1";"24";"24236";"1";"3";"1";"3";"Le Petit Moulin";"45,1688150";"0,5625570"
"201900041271";"27";"8";"2019";"11:05";"1";"24";"24010";"1";"1";"1";"7";"Route de Saint-Astier";"45,1724310";"0,5780390"
"201900041272";"30";"8";"2019";"17:10";"1";"38";"38336";"1";"3";"1";"5";"Route du Barrage";"45,4925270";"4,8286580"
"201900041273";"28";"8";"2019";"11:30";"1";"38";"38157";"1";"1";"1";"6";"2669 porte des alpes";"45,5166170";"4,9637550"
"201900041274";"27";"8";"2019";"17:50";"1";"25";"25058";"1";"1";"1";"1";"RN83 PK 027+250";"47,2012790";"5,9939580"
"201900041275";"28";"8";"2019";"20:30";"2";"52";"52411";"1";"1";"1";"3";"D13";"48,5032340";"4,7379300"
"201900041276";"29";"8";"2019";"18:20";"1";"17";"17030";"2";"3";"1";"6";"CD 728 - Route de l'Océan";"45,7417490";" -0,8353920"
"201900041277";"29";"8";"2019";"16:00";"1";"73";"73273";"1";"1";"1";"5";"RD 210";"45,7722444";"5,8135261"
"201900041278";"18";"8";"2019";"10:34";"1";"16";"16373";"1";"2";"1";"3";"route départementale 19";"45,9733750";"0,0557470"
"201900041279";"29";"8";"2019";"18:19";"1";"69";"69228";"1";"1";"1";"1";"RD 342 PK034.700 lieu-dit ""la serve""";"45,5755700";"4,6496910"
"201900041280";"26";"8";"2019";"11:39";"1";"11";"11281";"1";"1";"1";"4";"A61 PK 296.000, sens Toulouse-Narbonne";"43,2583090";"2,0295290"
"201900041281";"27";"8";"2019";"07:30";"2";"40";"40296";"2";"1";"1";"6";"Avenue des Tucs";"43,6944060";" -1,4287360"
"201900041282";"29";"8";"2019";"12:20";"1";"33";"33352";"2";"2";"1";"5";"18 Rue des Remparts";"44,5831000";" -0,0336700"
"201900041283";"6";"5";"2019";"12:15";"1";"49";"49257";"1";"2";"1";"1";"La Noiraie";"47,6443952";" -0,2151954"
"201900041284";"28";"8";"2019";"13:55";"1";"6";"06161";"2";"2";"1";"5";"ROUTE DEPARTEMENTALE 6007";"43,6579490";"7,1214650"
"201900041285";"30";"8";"2019";"18:15";"3";"988";"98810";"1";"1";"1";"6";"Rue des Bois de Fer";" -20,6578500";"164,4116000"
"201900041286";"29";"8";"2019";"04:00";"3";"988";"98812";"1";"4";"2";"7";"Route des grottes";" -20,5406600";"164,3072700"
"201900041287";"24";"8";"2019";"02:55";"3";"84";"84110";"1";"9";"1";"6";"Route départementale 40";"44,2119350";"5,2754320"
"201900041288";"27";"8";"2019";"22:20";"5";"31";"31446";"2";"1";"1";"3";"3 Avenue Tolosane";"43,5521430";"1,4691810"
"201900041289";"26";"8";"2019";"09:05";"1";"31";"31184";"1";"1";"1";"1";"D64";"43,6084670";"1,5395060"
"201900041290";"31";"8";"2019";"20:00";"1";"81";"81078";"1";"1";"1";"6";"La Rasairie";"43,6619840";"1,9926070"
"201900041291";"31";"8";"2019";"10:30";"1";"81";"81295";"1";"1";"1";"2";"D81";"43,8360770";"2,3292230"
"201900041292";"29";"8";"2019";"13:00";"1";"44";"44130";"1";"1";"1";"5";"RD178";"47,1086800";" -1,5457070"
"201900041293";"28";"8";"2019";"10:55";"1";"83";"83049";"1";"1";"8";"6";"N/A";"43,2265061";"6,0757135"
"201900041294";"27";"8";"2019";"19:00";"2";"68";"68295";"1";"1";"1";"6";"Route de Herrlisheim";"48,0156990";"7,3535090"
"201900041295";"5";"8";"2019";"10:22";"1";"68";"68146";"1";"6";"7";"4";"Rosenkranz";"48,1266630";"7,3634150"
"201900041296";"1";"9";"2019";"04:30";"5";"28";"28127";"2";"9";"2";"7";"Rue de Bonneval";"48,2073700";"1,2874630"
"201900041297";"1";"9";"2019";"17:30";"1";"69";"69285";"2";"1";"1";"2";"38 route nationale";"45,7604100";"5,0586900"
"201900041298";"29";"8";"2019";"12:45";"1";"5";"05027";"1";"1";"1";"3";"cd902";"44,8775835";"6,6818279"
"201900041299";"31";"8";"2019";"19:35";"3";"972";"97206";"2";"1";"1";"1";"Rue des Arawaks";"14,4789340";" -61,0296630"
"201900041300";"1";"8";"2019";"19:40";"3";"972";"97206";"1";"1";"1";"6";"Fonds Manoel";"14,4920620";" -60,9904100"
"201900041301";"30";"8";"2019";"15:40";"1";"972";"97204";"2";"1";"1";"3";"RN2";"14,6987750";" -61,1784170"
"201900041302";"23";"8";"2019";"11:20";"1";"972";"97204";"1";"1";"1";"1";"RN2";"14,7319660";" -61,1789800"
"201900041303";"28";"8";"2019";"19:41";"1";"23";"23100";"2";"1";"1";"7";"rue du 19 mars 1962";"46,1744010";"2,0824940"
"201900041304";"26";"8";"2019";"16:00";"1";"88";"88218";"1";"1";"1";"7";"Route de Bruyères (Aumontzey)";"48,1736980";"6,7712320"
"201900041305";"1";"9";"2019";"14:35";"1";"21";"21463";"1";"1";"1";"6";"A6 - PK 248.100";"47,3574580";"4,4313320"
"201900041306";"27";"8";"2019";"13:45";"1";"21";"21630";"1";"1";"8";"2";"A6";"47,2620380";"4,5215290"
"201900041307";"28";"8";"2019";"11:40";"1";"67";"67109";"1";"1";"1";"6";"D79";"48,6769780";"7,5793410"
"201900041308";"29";"8";"2019";"17:20";"1";"54";"54314";"2";"1";"1";"3";"D618";"49,5142270";"5,7332040"
"201900041309";"28";"8";"2019";"07:15";"2";"29";"29302";"1";"1";"2";"7";"N165";"48,2432080";" -4,1067141"
"201900041310";"27";"8";"2019";"09:30";"1";"76";"76244";"1";"1";"1";"6";"A28";"49,7204380";"1,4308660"
"201900041311";"21";"7";"2019";"19:40";"1";"91";"91363";"2";"1";"1";"1";"Rue Henriette d'Entragues";"48,6361530";"2,2407160"
"201900041312";"29";"8";"2019";"19:00";"1";"6";"06095";"2";"1";"1";"3";"11 Avenue de Peygros";"43,6361320";"6,8652280"
"201900041313";"31";"8";"2019";"08:45";"1";"41";"41234";"1";"1";"1";"6";"autoroute A10 pk:169.450 sens province paris";"47,5896400";"1,0861690"
"201900041314";"28";"8";"2019";"17:15";"1";"41";"41252";"1";"1";"1";"6";"A10, PK 141.500";"47,6770230";"1,4024730"
"201900041315";"31";"8";"2019";"14:00";"1";"62";"62360";"1";"2";"1";"3";"RD 304";"50,9087620";"1,8242230"
"201900041316";"28";"8";"2019";"17:45";"1";"62";"62408";"1";"1";"1";"6";"2666 Route de Guînes";"50,9011360";"1,8803920"
"201900041317";"28";"8";"2019";"16:30";"1";"54";"54283";"1";"1";"7";"3";"RD 13";"49,1582160";"5,9501600"
"201900041318";"11";"7";"2019";"14:00";"1";"974";"97413";"2";"1";"1";"6";"cd3 le plate";" -21,1681890";"55,2856810"
"201900041319";"31";"8";"2019";"09:20";"1";"72";"72299";"1";"1";"1";"6";"route de Brette les pins";"47,8826840";"0,3401480"
"201900041320";"29";"8";"2019";"17:34";"1";"72";"72260";"1";"6";"1";"7";"Les Hunaudières";"47,9411370";"0,2362390"
"201900041321";"3";"4";"2019";"19:30";"1";"75";"75116";"2";"1";"1";"3";"AVENUE RAYMOND POINCARE";"48,8667070";"2,2860980"
"201900041322";"6";"4";"2019";"08:10";"1";"75";"75115";"2";"1";"1";"6";"RUE LECOURBE";"48,8436310";"2,3061160"
"201900041323";"5";"4";"2019";"18:30";"1";"75";"75115";"2";"3";"1";"3";"RUE LECOURBE";"48,8415670";"2,2991400"
"201900041324";"4";"4";"2019";"12:35";"1";"75";"75115";"2";"2";"1";"2";"AVENUE DE LA PORTE DE SEVRES";"48,8341530";"2,2772350"
"201900041325";"4";"4";"2019";"08:15";"1";"75";"75115";"2";"2";"1";"3";"RUE CAMBRONNE";"48,8426040";"2,3026770"
"201900041326";"4";"4";"2019";"16:10";"1";"75";"75114";"2";"1";"1";"4";"RUE ALPHONSE DAUDET";"48,8265110";"2,3277310"
"201900041327";"4";"4";"2019";"09:00";"1";"75";"75114";"2";"3";"1";"5";"AVENUE DU GENERAL LECLERC";"48,8287760";"2,3276990"
"201900041328";"4";"4";"2019";"08:35";"1";"75";"75115";"2";"2";"1";"6";"RUE PAUL BARRUEL";"48,8373520";"2,3059950"
"201900041329";"5";"4";"2019";"17:30";"1";"75";"75113";"2";"3";"1";"3";"RUE DE TOLBIAC";"48,8270960";"2,3671440"
"201900041330";"4";"4";"2019";"07:50";"1";"75";"75113";"2";"1";"1";"2";"RUE JACQUES DESTREE";"48,8173380";"2,3540610"
"201900041331";"5";"4";"2019";"18:30";"1";"75";"75112";"2";"1";"1";"3";"RUE PROUDHON";"48,8367830";"2,3889590"
"201900041332";"5";"4";"2019";"13:15";"1";"75";"75112";"2";"3";"1";"6";"RUE BARON LE ROY";"48,8359070";"2,3864750"
"201900041333";"5";"4";"2019";"08:05";"1";"75";"75112";"2";"2";"1";"3";"AVENUE DE SAINT MANDE";"48,8446690";"2,4057320"
"201900041334";"4";"4";"2019";"20:00";"1";"75";"75112";"2";"4";"1";"3";"ROUTE DE LA PYRAMIDE";"48,8400850";"2,4367170"
"201900041335";"4";"4";"2019";"15:20";"1";"75";"75112";"2";"2";"1";"6";"AVENUE DAUMESNIL";"48,8371840";"2,4021230"
"201900041336";"6";"4";"2019";"17:50";"1";"75";"75111";"2";"3";"1";"6";"BOULEVARD BEAUMARCHAIS";"48,8558080";"2,3684870"
"201900041337";"6";"4";"2019";"12:50";"1";"75";"75104";"2";"1";"1";"3";"BOULEVARD BEAUMARCHAIS";"48,8545240";"2,3688060"
"201900041338";"3";"4";"2019";"23:40";"5";"75";"75111";"2";"1";"1";"1";"AVENUE DE LA REPUBLIQUE";"48,8665820";"2,3676050"
"201900041339";"6";"4";"2019";"05:00";"5";"75";"75110";"2";"1";"1";"6";"RUE DU FAUBOURG SAINT MARTIN";"48,8797480";"2,3635110"
"201900041340";"5";"4";"2019";"20:30";"2";"75";"75110";"2";"1";"1";"7";"BOULEVARD DE LA CHAPELLE";"48,8842900";"2,3637910"
"201900041341";"6";"4";"2019";"00:25";"5";"75";"75110";"2";"5";"1";"6";"RUE LA FAYETTE";"48,8826700";"2,3698750"
"201900041342";"4";"4";"2019";"17:10";"1";"75";"75110";"2";"1";"1";"2";"RUE DE LA GRANGE AUX BELLES";"48,8763750";"2,3687410"
"201900041343";"6";"4";"2019";"16:23";"1";"75";"75102";"2";"5";"1";"3";"RUE ETIENNE MARCEL";"48,8638670";"2,3490260"
"201900041344";"4";"4";"2019";"12:28";"1";"75";"75108";"2";"2";"1";"5";"RUE TRONCHET";"48,8731240";"2,3267170"
"201900041345";"4";"4";"2019";"09:50";"1";"75";"75109";"2";"2";"1";"7";"RUE DE PROVENCE";"48,8740360";"2,3424240"
"201900041346";"5";"4";"2019";"16:09";"1";"75";"75108";"2";"3";"1";"3";"AVENUE GEORGE V";"48,8700680";"2,3009940"
"201900041347";"4";"4";"2019";"13:15";"1";"75";"75115";"2";"1";"1";"3";"AVENUE DE NEW YORK";"48,8323800";"2,2937170"
"201900041348";"3";"4";"2019";"12:40";"1";"75";"75108";"2";"1";"1";"3";"RUE ROQUEPINE";"48,8733610";"2,3190920"
"201900041349";"3";"4";"2019";"11:55";"1";"75";"75117";"2";"1";"1";"6";"BOULEVARD DE COURCELLES";"48,8806410";"2,3107960"
"201900041350";"4";"4";"2019";"19:30";"1";"75";"75104";"2";"1";"1";"6";"RUE SAINT ANTOINE";"48,8553030";"2,3598790"
"201900041351";"4";"4";"2019";"11:18";"1";"75";"75103";"2";"2";"1";"3";"RUE BEAUBOURG";"48,8612140";"2,3535000"
"201900041352";"4";"4";"2019";"19:40";"1";"75";"75102";"2";"2";"1";"3";"RUE ETIENNE MARCEL";"48,8636500";"2,3500030"
"201900041353";"6";"4";"2019";"13:55";"1";"94";"94081";"2";"1";"1";"5";"PAUL VAILLANT COUTURIER (AV)";"48,7921000";"2,3951000"
"201900041354";"6";"4";"2019";"02:11";"5";"94";"94074";"2";"1";"1";"2";"HENRI BARBUSSE (AV)";"48,7674200";"2,4410350"
"201900041355";"5";"4";"2019";"15:40";"1";"94";"94078";"2";"1";"1";"4";"PARIS (R DE)";"48,7457200";"2,4465700"
"201900041356";"5";"4";"2019";"13:55";"1";"94";"94077";"2";"2";"1";"2";"LE FOLL (AV)";"48,7298200";"2,4279100"