"Num_Acc";"jour";"mois";"an";"hrmn";"lum";"dep";"com";"agg";"int";"atm";"col";"adr";"lat";"long"
"201900041357";"3";"4";"2019";"22:50";"5";"94";"94078";"2";"1";"1";"2";"L'APPEL DU DIX-HUIT JUIN 1940 (AV DE)";"48,7591400";"2,4434400"
"201900041358";"6";"4";"2019";"19:00";"1";"94";"94068";"2";"1";"1";"3";"MARECHAL LYAUTEY (AV DU)";"48,7911000";"2,4868500"
"201900041359";"6";"4";"2019";"13:40";"1";"94";"94052";"2";"1";"1";"4";"STRASBOURG (BD DE)";"48,8416500";"2,4831200"
"201900041360";"5";"4";"2019";"16:30";"1";"94";"94052";"2";"1";"1";"2";"VICTOR HUGO (R)";"48,8337450";"2,4741260"
"201900041361";"4";"4";"2019";"15:00";"1";"94";"94042";"2";"1";"1";"2";"MARECHAL LECLERC (BD DU)";"48,8156100";"2,4675200"
"201900041362";"5";"4";"2019";"08:25";"1";"94";"94016";"2";"9";"1";"6";"GUICHARD (R)";"48,7936700";"2,3385300"
"201900041363";"4";"4";"2019";"14:38";"1";"94";"94076";"2";"9";"1";"3";"JEAN LURCAT (R)";"48,7840000";"2,3700000"
"201900041364";"4";"4";"2019";"09:30";"1";"94";"94043";"2";"9";"1";"3";"CHARLES GIDE (AV)";"48,8047400";"2,3448200"
"201900041365";"4";"4";"2019";"18:25";"1";"94";"94041";"2";"3";"1";"3";"GEORGES GOSNAT (AV)";"48,8132400";"2,3884000"
"201900041366";"4";"4";"2019";"17:50";"1";"94";"94041";"2";"1";"1";"3";"VERDUN (AV DE)";"48,8159400";"2,3678400"
"201900041367";"5";"4";"2019";"13:25";"1";"94";"94034";"2";"1";"1";"3";"LIBERTE (AV DE LA)";"48,7640400";"2,3182100"
"201900041368";"4";"4";"2019";"13:15";"1";"94";"94033";"2";"1";"1";"1";"PAUL LANGEVIN (R)";"48,8545100";"2,4802800"
"201900041369";"6";"4";"2019";"19:00";"1";"94";"94011";"2";"1";"1";"6";"ORADOUR SUR GLANE(AVENUE D')";"48,7689300";"2,4812700"
"201900041370";"6";"4";"2019";"14:30";"1";"94";"94028";"2";"1";"1";"6";"POMPADOUR.(CHEMIN DE LA)";"48,7650400";"2,4802700"
"201900041371";"5";"4";"2019";"18:00";"1";"94";"94011";"2";"1";"1";"6";"REPUBLIQUE(AVENUE DE LA)";"48,7677100";"2,4785800"
"201900041372";"5";"4";"2019";"16:00";"1";"94";"94011";"2";"1";"1";"3";"GROSS(RUE AUGUSTE)";"48,7667000";"2,4833000"
"201900041373";"5";"4";"2019";"17:35";"1";"94";"94054";"2";"1";"1";"3";"CHARLES TILLON (route)";"48,7462800";"2,3815500"
"201900041374";"6";"4";"2019";"00:00";"5";"94";"94017";"2";"2";"1";"6";"LOUIS TALAMONI (R)";"48,8135800";"2,5105400"
"201900041375";"5";"4";"2019";"13:00";"1";"94";"94017";"2";"2";"1";"3";"RASPAIL (R)";"48,8261700";"2,4788500"
"201900041376";"4";"4";"2019";"23:00";"3";"94";"94017";"2";"3";"1";"3";"MARX DORMOY (AV)";"48,8063600";"2,5281400"
"201900041377";"6";"4";"2019";"14:00";"1";"94";"94075";"1";"3";"1";"6";"MARECHAL DE LATTRE DE TASSIGNY (AV)";"48,7342200";"2,5206800"
"201900041378";"4";"4";"2019";"16:30";"1";"94";"94071";"2";"9";"1";"6";"GARE (PL DE LA)";"48,7713400";"2,5081800"
"201900041379";"5";"4";"2019";"17:10";"1";"94";"94002";"2";"2";"1";"3";"BLANQUI (QU)";"48,7982529";"2,4203951"
"201900041380";"4";"4";"2019";"19:10";"1";"93";"93073";"1";"1";"1";"3";"CHAPIT RE ( RUE DU)";"49,0026300";"2,5369300"
"201900041381";"6";"4";"2019";"16:30";"1";"93";"93059";"2";"1";"1";"6";"LAENNEC (AVENUE)";"48,9620200";"2,3711400"
"201900041382";"5";"4";"2019";"21:30";"5";"93";"93070";"2";"9";"1";"6";"BATELIERS (RUE DES)";"48,9145100";"2,3298400"
"201900041383";"5";"4";"2019";"10:00";"1";"93";"93070";"2";"1";"1";"6";"MICHELET (AVE) : DU 1 AU 103";"48,9140700";"2,3441200"
"201900041384";"28";"3";"2019";"18:40";"1";"93";"93001";"2";"1";"1";"6";"""LANDY, NR PAIR 20 A 80""";"48,9153100";"2,3708200"
"201900041385";"4";"4";"2019";"22:40";"5";"93";"93066";"2";"9";"1";"1";"""STALINGRAD (AVENUE), NR 88 A 114 BIS""";"48,9470010";"2,3722090"
"201900041386";"4";"4";"2019";"11:00";"1";"93";"93066";"2";"2";"1";"3";"MITERRAND FRANCOIS (AVENUE)";"48,9181100";"2,3549000"
"201900041387";"2";"4";"2019";"15:30";"1";"93";"93066";"2";"1";"1";"3";"ORNANO (BOULEVARD)";"48,9156800";"2,3442800"
"201900041388";"5";"4";"2019";"16:31";"1";"93";"93051";"2";"1";"1";"6";"GALLIENI (PLACE)";"48,8487100";"2,5550600"
"201900041389";"4";"4";"2019";"10:25";"1";"93";"93045";"2";"2";"1";"1";"PARIS RUE DE";"48,8793710";"2,4149010"
"201900041390";"6";"4";"2019";"14:28";"1";"93";"93027";"2";"2";"1";"3";"CONVENTION (RUE DE LA)";"48,9270000";"2,3900000"
"201900041391";"5";"4";"2019";"08:50";"1";"93";"93047";"2";"3";"1";"1";"BARGUE  (BOULEVARD)";"48,8987200";"2,5536600"
"201900041392";"5";"4";"2019";"16:15";"1";"93";"93010";"2";"1";"1";"3";"LYSSANDRE (PL. GEORGES)";"48,9002490";"2,4897250"
"201900041393";"4";"4";"2019";"16:50";"1";"93";"93057";"2";"9";"1";"6";"ESTIENNE (AL. ROBERT)";"48,9060860";"2,5128630"
"201900041394";"6";"4";"2019";"00:41";"5";"93";"93005";"2";"1";"1";"3";"MARCEL SEMBAT (RUE)";"48,9356600";"2,4868900"
"201900041395";"6";"4";"2019";"18:30";"1";"93";"93001";"2";"1";"1";"6";"LANDY (RUE DU) 18 A 32 /27";"48,9152300";"2,3742500"
"201900041396";"4";"4";"2019";"21:00";"3";"93";"93001";"2";"1";"1";"3";"VICTOR HUGO (AVE)  131 A 165";"48,9095000";"2,3782600"
"201900041397";"4";"4";"2019";"13:40";"1";"93";"93001";"2";"1";"1";"2";"HENRI BARBUSSE (RUE)  111 =>";"48,9124400";"2,3913000"
"201900041398";"6";"4";"2019";"12:35";"1";"92";"92075";"2";"9";"1";"7";"ANTOINE FRATACCI (RUE)";"48,8205553";"2,2904631"
"201900041399";"5";"4";"2019";"19:45";"2";"92";"92075";"2";"1";"1";"6";"JEAN BLEUZEN (RUE)";"48,8243900";"2,2989400"
"201900041400";"4";"4";"2019";"20:30";"5";"92";"92075";"2";"9";"1";"6";"AVENIR (RUE DE L')";"48,8151700";"2,2822300"
"201900041401";"12";"2";"2019";"17:30";"1";"92";"92046";"2";"9";"1";"3";"GABRIEL PERI";"48,8192000";"2,3021900"
"201900041402";"5";"4";"2019";"14:30";"1";"92";"92073";"2";"9";"1";"3";"DASSAULT (QUAI MARCEL)";"48,8590000";"2,2240000"
"201900041403";"5";"4";"2019";"08:40";"1";"92";"92064";"2";"1";"1";"3";"PASTEUR";"48,8419500";"2,2028700"
"201900041404";"4";"4";"2019";"22:35";"5";"92";"92064";"2";"9";"1";"3";"MARCEL DASSAULT";"48,8548220";"2,2228230"
"201900041405";"4";"4";"2019";"09:30";"1";"92";"92062";"2";"1";"1";"6";"REPUBLIQUE (RUE DE LA) DU 102 AU 200";"48,8837800";"2,2335700"
"201900041406";"10";"2";"2019";"15:30";"1";"92";"92062";"2";"2";"2";"6";"DE DION BOUTON (QUAI) DU 29 AU 65/ SOLJENITSYNE  (BD ALEXANDRE)";"48,8839025";"2,2492898"
"201900041407";"6";"4";"2019";"17:45";"1";"92";"92050";"2";"1";"1";"3";"JOFFRE MARECHAL AVENUE DU";"48,8862400";"2,1981700"
"201900041408";"3";"4";"2019";"19:25";"1";"92";"92050";"2";"3";"9";"3";"LIBERTE AVENUE DE LA";"48,8874390";"2,2075624"
"201900041409";"2";"4";"2019";"17:50";"1";"92";"92050";"2";"1";"2";"4";"VAILLANT COUTURIER PAUL RUE";"48,8867234";"2,2010037"
"201900041410";"3";"4";"2019";"10:40";"1";"92";"92050";"2";"1";"1";"6";"CLEMENCEAU GEORGES AVENUE N°IMPAIR";"48,8862550";"2,2117950"
"201900041411";"6";"4";"2019";"17:00";"1";"92";"92048";"2";"1";"1";"7";"TRIVAUX (AVENUE DE) N° 1";"48,8013200";"2,2343600"
"201900041412";"4";"4";"2019";"18:40";"1";"92";"92048";"2";"1";"1";"3";"MARECHAL JUIN (AVENUE DU)";"48,7885100";"2,2131400"
"201900041413";"4";"4";"2019";"09:43";"1";"92";"92048";"2";"1";"1";"7";"JEAN JAURES (AVENUE) N° 8 A 72";"48,8097400";"2,2425400"
"201900041414";"5";"4";"2019";"22:10";"5";"92";"92026";"2";"6";"1";"3";"BEZONS  (DE 01 A 22)";"48,8934500";"2,2521320"
"201900041415";"5";"4";"2019";"21:30";"5";"92";"92026";"2";"9";"1";"3";"GAMBETTA";"48,8927000";"2,2460000"
"201900041416";"4";"4";"2019";"08:45";"1";"92";"92026";"2";"1";"1";"2";"MARECHAL JOFFRE (QUAI DU)";"48,9000850";"2,2736410"
"201900041417";"3";"4";"2019";"20:40";"2";"92";"92025";"2";"1";"1";"3";"PRESIDENT SALVADOR ALLENDE (RUE DU)";"48,9220960";"2,2431350"
"201900041418";"3";"4";"2019";"20:05";"1";"92";"92025";"2";"2";"1";"3";"AUDRA (AV)";"48,9274250";"2,2470320"
"201900041419";"4";"4";"2019";"18:30";"1";"92";"92060";"2";"1";"1";"6";"CARREAU (RUE DU)";"48,7795700";"2,2553100"
"201900041420";"5";"4";"2019";"13:50";"1";"92";"92012";"2";"1";"1";"6";"EDOUARD VAILLANT (AVENUE) 57/FIN - 58/FI";"48,8347653";"2,2470685"
"201900041421";"5";"4";"2019";"08:40";"1";"92";"92012";"2";"1";"1";"2";"ALPHONSE LE GALLO (QUAI) 1/34";"48,8304306";"2,2280730"
"201900041422";"6";"4";"2019";"03:15";"5";"92";"92004";"2";"1";"2";"7";"AULAGNIER ( QUAI )";"48,9149317";"2,3127300"
"201900041423";"5";"4";"2019";"23:45";"3";"47";"47044";"1";"1";"1";"6";"lieu-dit Les garnges";"44,6642010";"0,5565680"
"201900041424";"22";"3";"2019";"19:10";"2";"62";"62534";"2";"1";"1";"6";"Rue Jean Baptiste Macaux";"50,7001390";"2,1101530"
"201900041425";"6";"4";"2019";"19:30";"1";"85";"85261";"1";"1";"2";"6";"A 83   échangeur aire de Vendée  sens Niort/Nantes";"46,5704300";" -1,1115100"
"201900041426";"5";"4";"2019";"07:40";"1";"973";"97353";"2";"1";"1";"7";"Avenue Lalaymia Abdallah";"3,6442590";" -54,0327210"
"201900041427";"4";"4";"2019";"14:45";"1";"33";"33250";"1";"3";"2";"6";"intersection D21et D129";"44,6136800";" -0,0275300"
"201900041428";"7";"4";"2019";"11:30";"1";"988";"98812";"2";"1";"1";"7";"RT1";" -20,5397880";"164,2672600"
"201900041429";"7";"4";"2019";"14:56";"1";"83";"83026";"1";"1";"4";"4";"A8 PK90";"43,4010328";"6,2596439"
"201900041430";"5";"4";"2019";"09:45";"1";"68";"68019";"1";"1";"1";"3";"RD 52";"48,0956580";"7,5729460"
"201900041431";"4";"4";"2019";"22:00";"5";"972";"97222";"1";"1";"1";"7";"Chemin de Fonds d'Or";"14,6660980";" -60,9624500"
"201900041432";"7";"4";"2019";"01:35";"3";"28";"28301";"1";"1";"1";"6";"PK 56+600";"48,4994490";"1,4675800"
"201900041433";"5";"4";"2019";"16:50";"1";"68";"68300";"1";"4";"1";"3";"D238 A36";"47,7741960";"7,3801880"
"201900041434";"6";"4";"2019";"12:30";"1";"62";"62338";"2";"2";"1";"3";"Rue Louis Bouquet";"50,6259240";"2,8186260"
"201900041435";"4";"4";"2019";"16:15";"1";"67";"67149";"1";"2";"2";"3";"Route départementale 41";"48,7179920";"7,4376320"
"201900041436";"6";"4";"2019";"04:23";"3";"35";"35363";"1";"1";"1";"6";"RN137 - PR33+558";"47,9940920";" -1,6949450"
"201900041437";"4";"4";"2019";"19:00";"1";"91";"91363";"2";"9";"7";"3";"Rue de Montlhéry";"48,6398270";"2,2484030"
"201900041438";"6";"4";"2019";"02:00";"3";"17";"17472";"1";"9";"1";"6";"RD 106E";"46,2359340";" -1,0915550"
"201900041439";"4";"4";"2019";"15:15";"1";"84";"84062";"1";"9";"1";"1";"D24";"43,8898320";"5,1014670"
"201900041440";"23";"3";"2019";"06:30";"2";"26";"26010";"1";"1";"1";"7";"RD132";"45,2546520";"4,9336040"
"201900041441";"2";"4";"2019";"07:10";"1";"34";"34035";"1";"1";"1";"2";"A750 PK 22+500";"43,6234270";"3,6257550"
"201900041442";"5";"4";"2019";"07:30";"2";"71";"71117";"1";"3";"5";"2";"RD 673 - PK 06+300";"46,7940980";"4,9249990"
"201900041443";"7";"4";"2019";"02:15";"3";"22";"22145";"1";"1";"2";"6";"Rue des Granitiers";"48,3807030";" -2,2461520"
"201900041444";"4";"4";"2019";"16:20";"1";"66";"66141";"2";"1";"1";"3";"avenue Torcatis";"42,7447600";"2,9174300"
"201900041445";"4";"4";"2019";"08:50";"1";"69";"69100";"2";"1";"2";"1";"Rue du Broteau";"45,6848600";"4,8299600"
"201900041446";"6";"4";"2019";"18:25";"1";"51";"51537";"1";"2";"1";"3";"RD 982 / RD 65";"49,0015884";"4,8794021"
"201900041447";"4";"4";"2019";"21:45";"3";"51";"51395";"1";"1";"1";"1";"RD 248";"48,6425334";"3,5647070"
"201900041448";"31";"3";"2019";"15:30";"1";"59";"59262";"1";"3";"1";"3";"route de poperinge";"50,8137710";"2,6578610"
"201900041449";"23";"3";"2019";"17:00";"1";"74";"74042";"2";"4";"1";"3";"Route de Bouverat";"46,0694730";"6,4199850"
"201900041450";"7";"4";"2019";"04:30";"3";"74";"74267";"2";"1";"2";"7";"2830 Route d'Albertville (Sévrier)";"45,8542420";"6,1437760"
"201900041451";"4";"4";"2019";"13:40";"1";"67";"67201";"1";"1";"2";"6";"D40";"48,8270620";"7,1081080"
"201900041452";"7";"4";"2019";"18:15";"1";"79";"79179";"2";"9";"7";"1";"3 rue de la vendée";"46,7209750";" -0,5910700"
"201900041453";"6";"4";"2019";"22:10";"5";"79";"79005";"2";"1";"1";"7";"Rue des Acacias";"46,8285840";" -0,0946820"
"201900041454";"5";"4";"2019";"19:30";"1";"79";"79339";"1";"1";"1";"7";"Les Garennes";"46,5908260";"0,0049570"
"201900041455";"31";"3";"2019";"22:00";"4";"79";"79123";"2";"3";"1";"3";"36 rue de la vendée";"46,7433510";" -0,6646150"
"201900041456";"7";"4";"2019";"05:50";"3";"79";"79279";"1";"1";"1";"7";"Chemin du maillet";"46,2218620";" -0,1734430"
"201900041457";"5";"4";"2019";"16:00";"1";"2A";"2A085";"1";"3";"1";"3";"intersection RT40 / D203";"41,9186110";"8,8886000"
"201900041458";"5";"4";"2019";"10:40";"1";"2B";"2B341";"2";"9";"1";"1";"RT 20 - PK 70";"42,2292390";"9,1730060"
"201900041459";"23";"3";"2019";"23:15";"3";"2B";"2B050";"1";"1";"1";"6";"Route de l'aéoport";"42,5431290";"8,7896640"
"201900041460";"6";"4";"2019";"17:45";"1";"80";"80525";"2";"1";"1";"7";"7 rue de poix";"49,7677210";"1,8953720"
"201900041461";"6";"4";"2019";"17:45";"1";"80";"80507";"2";"1";"1";"6";"26 rue caron";"49,8518990";"2,5744340"
"201900041462";"5";"4";"2019";"19:10";"1";"82";"82112";"1";"1";"1";"6";"Route des Vergers";"44,1041190";"1,1202550"
"201900041463";"5";"4";"2019";"15:40";"1";"33";"33298";"2";"1";"1";"6";"Gueyrosse";"44,8496700";" -0,2280200"
"201900041464";"7";"4";"2019";"07:45";"2";"33";"33382";"1";"1";"1";"6";"La Musette";"45,1190240";" -0,5277190"
"201900041465";"6";"4";"2019";"23:45";"3";"32";"32346";"1";"1";"1";"7";"Lieu-dit La Cassagne";"43,6956190";"0,2712500"
"201900041466";"6";"4";"2019";"00:45";"3";"71";"71359";"1";"1";"1";"7";"RD 37";"46,5352483";"4,9802147"
"201900041467";"7";"4";"2019";"05:00";"3";"71";"71313";"1";"1";"1";"6";"Départemental 681";"46,9359670";"4,2130960"
"201900041468";"5";"4";"2019";"23:30";"5";"63";"63338";"2";"3";"1";"3";" rue aristide Briand/rue grands bassins";"46,1678150";"2,8323610"
"201900041469";"7";"4";"2019";"15:08";"1";"61";"61194";"1";"1";"1";"6";"Fontaine (Goulet)";"48,7464840";" -0,0806850"
"201900041470";"6";"4";"2019";"19:15";"1";"14";"14332";"1";"1";"8";"6";"Manoir du Hameau Fleuri";"48,8288330";" -0,1748150"
"201900041471";"7";"4";"2019";"15:55";"1";"42";"42267";"2";"1";"1";"6";"Chemin des Cours";"46,1541000";"4,1230700"
"201900041472";"5";"4";"2019";"13:20";"1";"41";"41143";"2";"2";"1";"3";"Rue Saint-Denis";"47,9805360";"0,8975880"
"201900041473";"6";"4";"2019";"17:10";"1";"29";"29045";"1";"1";"2";"1";"Kerlaouenan";"48,3941389";" -4,2424124"
"201900041474";"4";"4";"2019";"11:15";"1";"34";"34101";"1";"1";"1";"7";"d32";"43,4052910";"3,4507670"
"201900041475";"5";"4";"2019";"18:35";"1";"68";"68266";"1";"4";"1";"3";"Route Départementale 2";"47,8765090";"7,3861340"
"201900041476";"6";"4";"2019";"08:00";"1";"25";"25105";"1";"1";"1";"6";"RD12";"47,0913680";"5,8292770"
"201900041477";"5";"4";"2019";"17:00";"1";"25";"25434";"2";"1";"1";"6";"allée granvelle";"47,1042260";"6,1420980"
"201900041478";"4";"4";"2019";"19:20";"1";"25";"25532";"1";"1";"1";"3";"RD67";"47,2042200";"6,1038060"
"201900041479";"6";"3";"2019";"18:45";"1";"25";"25112";"2";"2";"1";"3";"rue des Bruyeres";"47,2658970";"6,0609280"
"201900041480";"5";"4";"2019";"13:24";"1";"35";"35338";"1";"2";"1";"5";"Les Quatre Chemins";"48,0715560";" -1,2785910"
"201900041481";"30";"3";"2019";"00:05";"3";"29";"29202";"2";"3";"9";"3";"Rue du Général Leclerc";"48,4409029";" -3,8854412"
"201900041482";"3";"4";"2019";"10:18";"1";"31";"31357";"1";"2";"2";"3";"RD 60";"43,0404270";"0,8844450"
"201900041483";"6";"4";"2019";"17:55";"1";"38";"38335";"1";"1";"1";"3";"Route de Pact";"45,3626010";"5,0148970"
"201900041484";"7";"4";"2019";"13:40";"1";"38";"38450";"1";"3";"1";"3";"D1532 - Chemin du Marais";"45,2895100";"5,5691500"
"201900041485";"6";"4";"2019";"14:35";"1";"38";"38027";"2";"3";"1";"1";"route du faye - D9";"45,4287400";"5,9780400"
"201900041486";"6";"4";"2019";"00:18";"3";"2";"02236";"1";"1";"1";"1";"route départementale 1";"49,4963580";"3,3320260"
"201900041487";"6";"4";"2019";"18:30";"1";"3";"03080";"1";"1";"1";"7";"route de Bellerive sur Allier";"46,1106793";"3,3212982"
"201900041488";"6";"4";"2019";"21:25";"3";"3";"03218";"1";"1";"1";"7";"Bessais";"46,5478768";"3,0284688"
"201900041489";"7";"4";"2019";"03:08";"5";"15";"15187";"2";"9";"1";"6";"Rue Marie-Aimée Meraville";"45,0344160";"3,0984560"
"201900041490";"6";"4";"2019";"07:15";"2";"1";"01367";"1";"1";"1";"6";"RD975";"46,3990730";"5,1135310"
"201900041491";"5";"4";"2019";"23:17";"5";"1";"01266";"1";"1";"1";"7";"Route de Cuet";"46,3296330";"5,1172650"
"201900041492";"5";"4";"2019";"17:05";"1";"70";"70169";"1";"4";"1";"1";"Route Communale 1";"47,6731370";"5,8757480"
"201900041493";"29";"3";"2019";"07:40";"2";"26";"26011";"2";"6";"7";"3";"RD 93";"44,7154200";"5,0605790"
"201900041494";"6";"4";"2019";"17:50";"1";"66";"66027";"1";"1";"1";"1";"RN 116";"42,5039890";"2,1021700"
"201900041495";"6";"4";"2019";"15:25";"1";"72";"72141";"1";"1";"1";"6";"Les Gautelleries";"48,3720720";"0,0313770"
"201900041496";"5";"4";"2019";"15:05";"1";"72";"72316";"1";"1";"1";"7";"Les Terres noires";"48,3224800";"0,3908100"
"201900041497";"5";"4";"2019";"21:40";"3";"72";"72255";"2";"1";"1";"7";"La Haie Bert";"48,1556340";" -0,2162040"
"201900041498";"7";"4";"2019";"12:30";"1";"6";"06068";"1";"1";"2";"7";"Route du Bar sur Loup";"43,7205797";"6,9746067"
"201900041499";"5";"4";"2019";"13:55";"1";"14";"14546";"2";"3";"1";"6";"24 Rue des Canadiens";"49,0069491";" -0,1749615"
"201900041500";"3";"4";"2019";"17:15";"1";"14";"14492";"1";"1";"1";"1";"RD 62";"49,3938962";"0,1902564"
"201900041501";"5";"4";"2019";"09:45";"1";"50";"50031";"1";"2";"2";"3";"D650";"49,3786240";" -1,7422820"
"201900041502";"4";"4";"2019";"16:30";"1";"50";"50572";"1";"2";"3";"1";"d 650";"49,4316400";" -1,7889740"
"201900041503";"6";"4";"2019";"20:45";"2";"50";"50274";"1";"1";"2";"6";"Le Rohardel D997";"48,5331250";" -1,0901380"
"201900041504";"6";"4";"2019";"17:50";"1";"50";"50062";"1";"1";"2";"1";"Le Bourigny";"48,7959740";" -1,1463150"
"201900041505";"19";"7";"2019";"13:10";"1";"26";"26281";"2";"3";"1";"3";"VERLAINE PAUL (RUE)";"45,0503500";"5,0653900"
"201900041506";"18";"7";"2019";"19:30";"1";"26";"26339";"1";"1";"1";"6";"HOMME D'ARMES (Rte de l')";"44,5891460";"4,7421870"
"201900041507";"18";"7";"2019";"09:55";"1";"26";"26198";"2";"1";"1";"6";"TEIL (Route du)";"44,5554000";"4,7206200"
"201900041508";"13";"7";"2019";"16:20";"1";"22";"22187";"2";"3";"1";"3";"GABRIEL PERI (Quai)";"48,5245820";" -2,7452280"
"201900041509";"20";"7";"2019";"20:59";"1";"17";"17300";"2";"6";"1";"1";"ROMPSAY   AVENUE DE";"46,1621200";" -1,1410100"
"201900041510";"20";"7";"2019";"16:00";"1";"17";"17200";"1";"1";"1";"2";"RD 104E2";"46,1857400";" -1,1778600"
"201900041511";"19";"7";"2019";"17:08";"1";"17";"17300";"2";"2";"1";"3";"EGLANTIERS   RUE DES";"46,1676430";" -1,1239830"
"201900041512";"17";"7";"2019";"13:30";"1";"17";"17300";"2";"3";"1";"3";"Rue de Périgny";"46,1577200";" -1,1381900"
"201900041513";"18";"7";"2019";"16:10";"1";"15";"15014";"2";"1";"1";"2";"VERDUN (BOULEVARD DE)";"44,9130310";"2,4425430"
"201900041514";"18";"7";"2019";"11:20";"1";"14";"14437";"1";"1";"2";"6";"PERIPHERIQUE SUD (BOULEVARD)";"49,1508300";" -0,4158500"
"201900041515";"18";"7";"2019";"12:05";"1";"14";"14118";"2";"2";"8";"3";"BAYEUX (RUE DU 143 IMPAIR . 160 PAIR";"49,1831500";" -0,3845400"
"201900041516";"20";"7";"2019";"21:00";"5";"13";"13211";"2";"2";"1";"3";"SAINT MENET (MONTEE)";"43,2943560";"5,4915700"
"201900041517";"20";"7";"2019";"16:30";"1";"13";"13205";"2";"1";"1";"6";"LIBERATION (BOULEVARD)";"43,3019985";"5,3942404"
"201900041518";"20";"7";"2019";"10:10";"1";"13";"13210";"2";"1";"1";"2";"ROMAIN ROLLAND (BOULEVARD)";"43,2795100";"5,4235800"
"201900041519";"20";"7";"2019";"07:10";"1";"13";"13211";"2";"1";"1";"2";"DUPRE (RUE)";"43,2889800";"5,4259000"
"201900041520";"20";"7";"2019";"06:35";"2";"13";"13203";"2";"2";"1";"3";"STRASBOURG (BOULEVARD)";"43,3090000";"5,3782000"
"201900041521";"19";"7";"2019";"10:00";"1";"13";"13204";"2";"1";"1";"6";"CHARTREUX (AVENUE DES)";"43,3034900";"5,3977700"
"201900041522";"19";"7";"2019";"09:55";"1";"13";"13212";"2";"1";"1";"3";"LAURIERS ROSES avenue des";"43,2999300";"5,4237500"
"201900041523";"10";"7";"2019";"07:00";"1";"13";"13207";"2";"1";"1";"7";"Corniche John Fitzgérald Kennedy";"43,2801900";"5,3536700"
"201900041524";"19";"7";"2019";"03:20";"5";"13";"13212";"2";"1";"1";"6";"ERNEST GASQUY (RUE)";"43,3002268";"5,4228182"
"201900041525";"18";"7";"2019";"16:05";"1";"13";"13209";"2";"1";"1";"4";"ROY D'ESPAGNE (chemin)";"43,2410700";"5,3972800"
"201900041526";"18";"7";"2019";"14:20";"1";"13";"13208";"2";"1";"1";"6";"PRADO (AVENUE DU)";"43,2702400";"5,3877950"
"201900041527";"17";"7";"2019";"08:45";"1";"13";"13209";"2";"1";"1";"6";"REDON (BOULEVARD DU)";"43,2531290";"5,4218504"
"201900041528";"18";"7";"2019";"16:45";"1";"13";"13098";"1";"1";"1";"3";"COLLES CHEMIN DES";"43,4398873";"5,0215405"
"201900041529";"16";"7";"2019";"23:10";"5";"13";"13028";"2";"1";"1";"3";"FONTSAINTE (AVENUE DE)";"43,1907000";"5,6390900"
"201900041530";"19";"7";"2019";"14:55";"1";"13";"13001";"2";"7";"7";"1";"PIGONNET (AV DU)";"43,5178870";"5,4393960"
"201900041531";"19";"7";"2019";"19:40";"1";"12";"12089";"2";"6";"1";"2";"ABRAHAM G. (PLACE)";"44,5628100";"2,2481700"
"201900041532";"18";"7";"2019";"20:07";"1";"11";"11037";"1";"1";"1";"3";"D303";"43,2100000";"2,3900000"
"201900041533";"20";"7";"2019";"22:40";"5";"10";"10362";"2";"2";"1";"3";"GENERAL GALLIENI (RUE DU)";"48,2939100";"4,0544100"
"201900041534";"19";"7";"2019";"18:38";"1";"10";"10387";"2";"3";"1";"6";"DAMPIERRE (QUAI)";"48,2995300";"4,0767700"
"201900041535";"17";"7";"2019";"18:20";"1";"10";"10387";"2";"1";"1";"3";"EDOUARD HERRIOT (RUE)";"48,2793300";"4,0819600"
"201900041536";"19";"7";"2019";"08:25";"1";"8";"08105";"2";"1";"1";"6";"DE GAULLE AVENUE";"49,7672000";"4,7178600"
"201900041537";"20";"7";"2019";"15:42";"1";"6";"06088";"2";"1";"1";"6";"MERCANTOUR (BD)";"43,6784670";"7,2002560"
"201900041538";"17";"7";"2019";"15:40";"1";"6";"06088";"2";"1";"1";"6";"FRANCE (R. DE) A PARTIR DU N° 66-91";"43,6920300";"7,2469900"
"201900041539";"19";"7";"2019";"16:40";"1";"6";"06083";"2";"3";"1";"3";"MADONE (AVENUE DE LA)";"43,7688300";"7,4911800"
"201900041540";"19";"7";"2019";"15:33";"1";"6";"06083";"2";"1";"1";"3";"SOLEIL (PROMENADE DU,N°962 A 1292)";"43,7730377";"7,4998453"
"201900041541";"19";"7";"2019";"14:15";"1";"6";"06069";"2";"9";"1";"3";"PLAN (ROUTE DU) -D304-";"43,6511600";"6,9483600"
"201900041542";"18";"7";"2019";"13:30";"1";"6";"06069";"2";"1";"1";"3";"DE LATTRE DE TASSIGNY (AVENUE DU MARECHA";"43,6484019";"6,9292295"
"201900041543";"19";"7";"2019";"11:06";"1";"6";"06027";"2";"9";"1";"3";"COLLES CHEMIN DES";"43,6604789";"7,1297558"
"201900041544";"17";"7";"2019";"17:35";"1";"6";"06123";"2";"1";"1";"3";"VESPINS ROUTE DES";"43,6600600";"7,1832100"
"201900041545";"18";"7";"2019";"15:00";"1";"5";"05061";"2";"3";"1";"3";"COMMANDANT DUMONT ( AVENUE)";"44,5632400";"6,0838300"
"201900041546";"18";"7";"2019";"14:25";"1";"5";"05061";"2";"3";"1";"3";"EYSSAGNIERES ( ROUTE DES )";"44,5483000";"6,0545900"
"201900041547";"17";"7";"2019";"12:20";"1";"5";"05061";"2";"1";"1";"2";"JUSTICE ( ROUTE DE  LA )";"44,5642000";"6,1007300"
"201900041548";"17";"7";"2019";"10:25";"1";"5";"05023";"2";"1";"1";"3";"FORGUES (AVENUE DU PROF.)";"44,9055400";"6,6303100"