"Num_Acc";"jour";"mois";"an";"hrmn";"lum";"dep";"com";"agg";"int";"atm";"col";"adr";"lat";"long"
"201900041549";"12";"7";"2019";"20:00";"2";"4";"04070";"2";"1";"7";"6";"RD 19 Bd Thiers";"44,0907400";"6,2328900"
"201900041550";"19";"7";"2019";"19:30";"1";"1";"01289";"1";"2";"1";"3";"DOMBES (ALLEE DES)";"46,1697000";"5,1907000"
"201900041551";"19";"7";"2019";"21:10";"1";"75";"75117";"2";"4";"1";"5";"BD PERIPHERIQUE INTERIEUR";"48,8816200";"2,2828360"
"201900041552";"19";"7";"2019";"19:25";"1";"75";"75114";"2";"1";"1";"3";"PORTE D ORLEANS";"48,8198080";"2,3270240"
"201900041553";"19";"7";"2019";"15:00";"1";"75";"75118";"2";"1";"1";"4";"PORTE DE LA CHAPELLE";"48,9008600";"2,3657120"
"201900041554";"19";"7";"2019";"03:15";"5";"75";"75116";"2";"1";"1";"7";"ECHANGEUR MAILLOT";"48,8766426";"2,2796494"
"201900041555";"18";"7";"2019";"17:45";"1";"75";"75117";"2";"1";"1";"3";"PORTE DE CHAMPERRET";"48,8881980";"2,2923650"
"201900041556";"18";"7";"2019";"17:05";"1";"75";"75112";"2";"1";"1";"4";"PORTE DE CHARENTON";"48,8319340";"2,4050920"
"201900041557";"18";"7";"2019";"15:25";"1";"75";"75120";"2";"4";"8";"3";"PORTE DE MONTREUIL";"48,8518730";"2,4149580"
"201900041558";"18";"7";"2019";"14:35";"1";"75";"75113";"2";"1";"1";"2";"QUAI D IVRY";"48,8257910";"2,3865890"
"201900041559";"16";"7";"2019";"13:30";"1";"75";"75120";"2";"1";"1";"4";"PORTE DE MONTREUIL";"48,8581330";"2,4141100"
"201900041560";"19";"7";"2019";"20:25";"1";"75";"75109";"2";"2";"1";"6";"BOULEVARD DES ITALIENS";"48,8712860";"2,3359300"
"201900041561";"19";"7";"2019";"11:33";"1";"75";"75115";"2";"1";"1";"6";"RUE BALARD";"48,8414970";"2,2778030"
"201900041562";"18";"7";"2019";"20:52";"5";"75";"75109";"2";"1";"1";"3";"RUE DES MATHURINS";"48,8731070";"2,3272740"
"201900041563";"16";"7";"2019";"16:45";"1";"75";"75116";"2";"7";"1";"3";"PLACE CHARLES DE GAULLE";"48,8732180";"2,2946170"
"201900041564";"15";"7";"2019";"22:55";"5";"75";"75116";"2";"1";"1";"6";"ROUTE DE LA MUETTE A NEUILLY";"48,8672260";"2,2652540"
"201900041565";"20";"7";"2019";"03:30";"5";"75";"75105";"2";"2";"1";"6";"QUAI SAINT BERNARD";"48,8493890";"2,3568250"
"201900041566";"20";"7";"2019";"03:57";"5";"75";"75105";"2";"1";"1";"6";"BOULEVARD DE L HOPITAL";"48,8413170";"2,3627990"
"201900041567";"19";"7";"2019";"11:50";"1";"75";"75105";"2";"2";"1";"3";"RUE GAY LUSSAC";"48,8460850";"2,3411440"
"201900041568";"20";"7";"2019";"16:15";"1";"75";"75120";"2";"4";"1";"2";"AVENUE IBSEN";"48,8665145";"2,4126846"
"201900041569";"18";"7";"2019";"10:00";"1";"75";"75120";"2";"1";"1";"2";"RUE DES COURONNES";"48,8702710";"2,3851910"
"201900041570";"19";"7";"2019";"16:05";"1";"75";"75119";"2";"2";"1";"7";"AVENUE MATHURIN MOREAU";"48,8782860";"2,3731410"
"201900041571";"19";"7";"2019";"16:00";"1";"75";"75119";"2";"1";"1";"3";"RUE GASTON TESSIER";"48,8963370";"2,3757800"
"201900041572";"20";"7";"2019";"17:20";"1";"75";"75118";"2";"2";"1";"3";"AVENUE DE LA PORTE DE CLIGNANCOURT";"48,8994485";"2,3441273"
"201900041573";"20";"7";"2019";"12:08";"1";"75";"75118";"2";"7";"1";"6";"BOULEVARD DE CLICHY";"48,8838876";"2,3328097"
"201900041574";"19";"7";"2019";"18:40";"1";"75";"75118";"2";"3";"1";"3";"RUE DE LA CHAPELLE";"48,8910380";"2,3598770"
"201900041575";"18";"7";"2019";"09:20";"1";"75";"75118";"2";"5";"1";"3";"RUE ORDENER";"48,8917210";"2,3487230"
"201900041576";"18";"7";"2019";"02:40";"5";"75";"75118";"2";"7";"1";"3";"PLACE ALBERT KAHN";"48,8960090";"2,3460000"
"201900041577";"19";"7";"2019";"12:45";"1";"75";"75117";"2";"3";"1";"6";"BOULEVARD MALESHERBES";"48,8845910";"2,3079980"
"201900041578";"19";"7";"2019";"08:45";"1";"75";"75117";"2";"1";"1";"6";"BOULEVARD BESSIERES";"48,8955910";"2,3172170"
"201900041579";"19";"7";"2019";"08:40";"1";"75";"75117";"2";"2";"1";"3";"BOULEVARD BERTHIER";"48,8901150";"2,3037800"
"201900041580";"17";"7";"2019";"22:10";"5";"75";"75117";"2";"2";"1";"3";"AVENUE DE WAGRAM";"48,8815440";"2,3006960"
"201900041581";"20";"7";"2019";"15:15";"1";"75";"75116";"2";"1";"1";"2";"AVENUE DE LA GRANDE ARMEE";"48,8766540";"2,2859780"
"201900041582";"20";"7";"2019";"00:05";"5";"75";"75117";"2";"3";"1";"6";"AVENUE DE LA GRANDE ARMEE";"48,8750780";"2,2911970"
"201900041583";"18";"7";"2019";"19:45";"1";"75";"75117";"2";"1";"1";"5";"AVENUE DE LA GRANDE ARMEE";"48,8760620";"2,2878760"
"201900041584";"18";"7";"2019";"15:15";"1";"75";"75116";"2";"3";"1";"6";"RUE DE LA TOUR";"48,8591780";"2,2831240"
"201900041585";"18";"7";"2019";"14:30";"1";"75";"75116";"2";"2";"1";"3";"AVENUE MOZART";"48,8572920";"2,2730180"
"201900041586";"17";"7";"2019";"22:50";"5";"75";"75116";"2";"3";"1";"3";"BOULEVARD LANNES";"48,8688190";"2,2735330"
"201900041587";"19";"7";"2019";"17:20";"1";"75";"75115";"2";"3";"1";"6";"RUE DESAIX";"48,8525490";"2,2926680"
"201900041588";"18";"7";"2019";"20:35";"2";"75";"75115";"2";"2";"2";"6";"RUE CAMBRONNE";"48,8404040";"2,3042720"
"201900041589";"18";"7";"2019";"09:20";"1";"75";"75115";"2";"1";"1";"6";"RUE CAMBRONNE";"48,8446340";"2,3022390"
"201900041590";"20";"7";"2019";"02:40";"5";"75";"75114";"2";"1";"1";"7";"BOULEVARD ROMAIN ROLLAND";"48,8199680";"2,3250150"
"201900041591";"18";"7";"2019";"18:10";"1";"75";"75114";"2";"3";"1";"2";"RUE D ALESIA";"48,8278240";"2,3291590"
"201900041592";"18";"7";"2019";"06:50";"1";"75";"75114";"2";"7";"1";"6";"AVENUE PAUL VAILLANT COUTURIER";"48,8159300";"2,3439220"
"201900041593";"17";"7";"2019";"20:30";"1";"75";"75114";"2";"2";"1";"3";"BOULEVARD SAINT JACQUES";"48,8317020";"2,3408830"
"201900041594";"20";"7";"2019";"03:45";"5";"75";"75113";"2";"4";"1";"6";"QUAI DE LA GARE";"48,8371210";"2,3740680"
"201900041595";"18";"7";"2019";"12:45";"1";"75";"75111";"2";"2";"1";"6";"RUE SEDAINE";"48,8564420";"2,3735060"
"201900041596";"18";"7";"2019";"06:40";"1";"75";"75111";"2";"4";"1";"2";"AVENUE DE LA REPUBLIQUE";"48,8632890";"2,3849930"
"201900041597";"20";"7";"2019";"15:20";"1";"75";"75110";"2";"1";"1";"3";"RUE JACQUES LOUVEL TESSIER";"48,8715880";"2,3713360"
"201900041598";"18";"7";"2019";"18:30";"1";"75";"75110";"2";"4";"1";"3";"QUAI DE VALMY";"48,8825100";"2,3692450"
"201900041599";"20";"7";"2019";"02:46";"5";"75";"75108";"2";"3";"1";"6";"AVENUE DES CHAMPS ELYSEES";"48,8670870";"2,3160900"
"201900041600";"18";"7";"2019";"23:25";"5";"75";"75108";"2";"2";"2";"6";"AVENUE DES CHAMPS ELYSEES";"48,8719210";"2,3008480"
"201900041601";"18";"7";"2019";"22:30";"5";"75";"75108";"2";"7";"2";"2";"AVENUE DES CHAMPS ELYSEES";"48,8734810";"2,2958980"
"201900041602";"18";"7";"2019";"22:40";"3";"75";"75108";"2";"2";"2";"3";"AVENUE DES CHAMPS ELYSEES";"48,8700780";"2,3066620"
"201900041603";"19";"7";"2019";"17:55";"1";"75";"75107";"2";"3";"1";"3";"AVENUE BOSQUET";"48,8598310";"2,3030060"
"201900041604";"19";"7";"2019";"15:35";"1";"75";"75107";"2";"7";"1";"3";"PLACE DE LA RESISTANCE";"48,8624240";"2,3019710"
"201900041605";"20";"7";"2019";"10:00";"1";"75";"75104";"2";"2";"1";"6";"RUE DES DEUX PONTS";"48,8518340";"2,3565430"
"201900041606";"19";"7";"2019";"14:30";"1";"75";"75104";"2";"2";"1";"3";"QUAI DES CELESTINS";"48,8533230";"2,3578450"
"201900041607";"19";"7";"2019";"09:15";"1";"75";"75104";"2";"3";"1";"3";"RUE GEOFFROY L ASNIER";"48,8541150";"2,3558000"
"201900041608";"16";"7";"2019";"14:50";"1";"75";"75101";"2";"2";"1";"6";"RUE DE RIVOLI";"48,8591030";"2,3464010"
"201900041609";"19";"7";"2019";"13:50";"1";"94";"94081";"2";"2";"1";"3";"JULES GUESDE (QU)";"48,7947800";"2,4179500"
"201900041610";"17";"7";"2019";"18:45";"1";"94";"94081";"2";"1";"1";"6";"EVA SALMON (AV)";"48,8017900";"2,4039500"
"201900041611";"12";"7";"2019";"20:05";"1";"94";"94080";"2";"1";"1";"3";"FONTENAY (R DE)";"48,8479000";"2,4433900"
"201900041612";"14";"7";"2019";"02:15";"5";"94";"94078";"2";"3";"1";"3";"WINSTON CHURCHILL (AV)";"48,7550200";"2,4444200"
"201900041613";"19";"7";"2019";"18:25";"1";"94";"94076";"2";"1";"1";"4";"MAXIME GORKI (BD)";"48,7987600";"2,3667900"
"201900041614";"18";"7";"2019";"16:50";"1";"94";"94016";"2";"1";"1";"6";"CAMILLE DESMOULINS (R)";"48,7935000";"2,3334900"
"201900041615";"18";"7";"2019";"16:05";"1";"94";"94003";"2";"1";"1";"6";"ARISTIDE BRIAND (AV)";"48,8045200";"2,3253100"
"201900041616";"15";"7";"2019";"09:00";"1";"94";"94037";"2";"1";"1";"2";"PAUL VAILLANT COUTURIER (AV)";"48,8166660";"2,3353806"
"201900041617";"18";"7";"2019";"14:40";"1";"94";"94043";"2";"1";"1";"7";"VERDUN (R DE)";"48,8090700";"2,3581800"
"201900041618";"19";"7";"2019";"23:30";"3";"94";"94041";"2";"2";"1";"3";"JEAN JACQUES ROUSSEAU (R)";"48,8179200";"2,3940600"
"201900041619";"20";"7";"2019";"03:35";"5";"94";"94033";"2";"2";"1";"7";"PIERRE BROSSOLETTE (R)";"48,8419200";"2,4749600"
"201900041620";"19";"7";"2019";"17:35";"1";"94";"94033";"2";"3";"1";"6";"ROGER SALENGRO (R)";"48,8516200";"2,4869300"
"201900041621";"19";"7";"2019";"13:25";"1";"94";"94028";"2";"3";"1";"5";"LAFERRIERE(AVENUE)";"48,8000100";"2,4558800"
"201900041622";"18";"7";"2019";"09:15";"1";"94";"94028";"2";"1";"1";"6";"GAULLE(AVENUE DU GENERAL DE)";"48,7900000";"2,4400000"
"201900041623";"19";"7";"2019";"13:00";"1";"94";"94022";"2";"1";"1";"3";"PABLO PICASSO (AV)";"48,7660500";"2,4092700"
"201900041624";"19";"7";"2019";"09:20";"1";"94";"94054";"2";"4";"1";"3";"MARTYRS DE CHATEAUBRIANT (AV DES)";"48,7435300";"2,4081600"
"201900041625";"19";"7";"2019";"08:25";"1";"94";"94059";"2";"2";"1";"3";"PROPHETE (AV DU)";"48,8207000";"2,5620500"
"201900041626";"18";"7";"2019";"08:57";"1";"94";"94071";"2";"1";"1";"6";"FORT (AV DU)";"48,7700000";"2,5200000"
"201900041627";"20";"7";"2019";"15:05";"1";"93";"93078";"2";"2";"1";"3";"SOURCE (AVENUE DE LA)";"48,9483200";"2,5537200"
"201900041628";"20";"7";"2019";"17:40";"1";"93";"93071";"2";"2";"1";"3";"PIERRE BROSSOLETTE (RUE)";"48,9347500";"2,5127000"
"201900041629";"19";"7";"2019";"18:00";"1";"93";"93066";"2";"1";"1";"3";"WILSON (AVENUE DU PRESIDENT)";"48,9148980";"2,3580960"
"201900041630";"19";"7";"2019";"13:00";"1";"93";"93066";"2";"3";"1";"3";"CROIZAT AMBROISE RD 29 BIS";"48,9395800";"2,3450000"
"201900041631";"17";"7";"2019";"15:15";"1";"93";"93066";"2";"1";"1";"6";"FRANCE ANATOLE (BOULEVARD) NR AUTRES";"48,9174000";"2,3403100"
"201900041632";"17";"7";"2019";"07:45";"1";"93";"93066";"1";"9";"1";"6";"FRANCE ANATOLE (BOULEVARD) NR AUTRES";"48,9247400";"2,3494700"
"201900041633";"18";"7";"2019";"15:55";"1";"93";"93077";"2";"1";"1";"2";"GRANDE RUE";"48,8844100";"2,5089500"
"201900041634";"20";"7";"2019";"14:00";"1";"93";"93048";"2";"2";"1";"3";"VALMY (RUE DE)";"48,8507750";"2,4183050"
"201900041635";"20";"7";"2019";"13:30";"1";"93";"93048";"2";"1";"1";"6";"BOISSIERE (BOULEVARD DE LA)";"48,8770900";"2,4636300"
"201900041636";"19";"7";"2019";"08:10";"1";"93";"93048";"2";"2";"1";"2";"MARCEAU (RUE)";"48,8522000";"2,4262800"
"201900041637";"18";"7";"2019";"20:00";"1";"93";"93074";"2";"1";"1";"6";"DE GAULLE AVENUE DU GENERAL";"48,9388600";"2,5715200"
"201900041638";"20";"7";"2019";"16:30";"1";"93";"93045";"2";"1";"1";"6";"PARIS RUE DE";"48,8800300";"2,4173000"
"201900041639";"20";"7";"2019";"10:20";"1";"93";"93063";"2";"1";"1";"1";"ETHIS RUE MARCEL";"48,8776120";"2,4438410"
"201900041640";"20";"7";"2019";"00:40";"5";"93";"93031";"2";"1";"1";"6";"GALLIENI (AVENUE)";"48,9643500";"2,2987000"
"201900041641";"18";"7";"2019";"19:30";"1";"93";"93031";"2";"3";"1";"1";"SAINT LEU (ROUTE DE) 1 à 157";"48,9503840";"2,3405040"
"201900041642";"19";"7";"2019";"18:20";"1";"93";"93029";"2";"2";"1";"3";"HENRI BARBUSSE (AVE) N°126-280";"48,9194600";"2,4505900"
"201900041643";"18";"7";"2019";"11:20";"1";"93";"93029";"2";"4";"1";"3";"JUMELLE (AVENUE DE LA )";"48,9152000";"2,4617630"
"201900041644";"19";"7";"2019";"19:50";"1";"93";"93047";"2";"9";"1";"5";"CLICHY (AVENUE DE)";"48,9042770";"2,5605620"
"201900041645";"20";"7";"2019";"17:00";"1";"93";"93010";"2";"1";"1";"6";"PONT (CHEM. DU)";"48,9081890";"2,4897080"
"201900041646";"20";"7";"2019";"02:20";"3";"93";"93010";"2";"1";"1";"2";"GUESDES (RUE JULES)";"48,9036700";"2,4764200"
"201900041647";"19";"7";"2019";"20:30";"2";"93";"93005";"2";"9";"1";"2";"EUGENE DELACROIX (RUE)";"48,9522520";"2,4989560"
"201900041648";"21";"2";"2019";"17:50";"1";"92";"92078";"2";"9";"1";"2";"MARECHAL LECLERC (AVENUE) (PAIRS)";"48,9400500";"2,3237400"
"201900041649";"20";"7";"2019";"19:34";"1";"92";"92073";"2";"9";"1";"3";"BAS ROGERS (RUE DES)";"48,8810128";"2,2271132"
"201900041650";"19";"7";"2019";"07:50";"1";"92";"92073";"2";"1";"8";"6";"TOURNEROCHES (RUE DES)";"48,8627400";"2,2169200"
"201900041651";"18";"7";"2019";"20:05";"1";"92";"92073";"2";"3";"1";"6";"ROOSVELT (AVENUE FRANKLIN)";"48,8755627";"2,2178221"
"201900041652";"16";"7";"2019";"18:30";"1";"92";"92072";"2";"5";"1";"3";"PAVE DES GARDES (ROUTE DU)";"48,8122542";"2,2149920"
"201900041653";"18";"7";"2019";"19:40";"1";"92";"92063";"2";"1";"1";"3";"MOLIERE (RUE)";"48,8778500";"2,1895000"
"201900041654";"19";"7";"2019";"17:50";"1";"92";"92051";"2";"1";"9";"3";"PAULINE BORGHESE (RUE)";"48,8849300";"2,2682700"
"201900041655";"18";"7";"2019";"14:20";"1";"92";"92051";"2";"2";"1";"3";"BINEAU (BOULEVARD, N°53 A 131 ET 52 A 13";"48,8880261";"2,2755271"
"201900041656";"19";"7";"2019";"11:56";"1";"92";"92050";"2";"1";"1";"6";"29 AVENUE VLADIMIR ILLITCH";"48,8878000";"2,1960600"
"201900041657";"12";"7";"2019";"20:45";"1";"92";"92050";"2";"3";"1";"3";"LEGER FERNAND ALLEE";"48,8810000";"2,2174800"
"201900041658";"19";"7";"2019";"16:10";"1";"92";"92049";"2";"1";"1";"6";"BRIAND AVENUE ARISTIDE AUTRES N°";"48,8126700";"2,3258000"
"201900041659";"18";"7";"2019";"09:00";"1";"92";"92009";"2";"1";"1";"6";"VERDUN (AVENUE)";"48,9167310";"2,2682350"
"201900041660";"18";"7";"2019";"10:22";"1";"92";"92040";"2";"1";"1";"7";"AUGUSTE GERVAIS";"48,8234900";"2,2732400"
"201900041661";"19";"7";"2019";"11:20";"1";"92";"92026";"2";"3";"1";"3";"GENERAL AUDRAN";"48,8900900";"2,2518600"
"201900041662";"14";"7";"2019";"08:17";"1";"92";"92026";"2";"3";"1";"3";"VERDUN (DE 62 A FIN)";"48,9030390";"2,2582070"
"201900041663";"18";"7";"2019";"11:05";"1";"92";"92025";"2";"1";"1";"6";"PRESIDENT SALVADOR ALLENDE (RUE DU)";"48,9222060";"2,2360440"
"201900041664";"18";"7";"2019";"15:55";"1";"92";"92024";"2";"2";"1";"6";"CLICHY (QUAI DE) DE (8 A 60)";"48,9083007";"2,2996315"
"201900041665";"15";"7";"2019";"14:00";"1";"92";"92024";"2";"3";"1";"6";"NEUILLY (RUE DE) DE (3 A 36)";"48,8991800";"2,2966800"
"201900041666";"17";"7";"2019";"23:10";"5";"92";"92019";"2";"1";"1";"1";"DIVISION LECLERC (AVENUE DE LA)";"48,7669400";"2,2539600"
"201900041667";"18";"7";"2019";"09:45";"1";"92";"92004";"2";"2";"1";"3";"PONT D'ASNIERES";"48,9049500";"2,2879000"
"201900041668";"18";"7";"2019";"04:31";"1";"92";"92002";"2";"1";"1";"6";"ARISTIDE BRIAND (AVENUE)";"48,7582646";"2,3069068"
"201900041669";"18";"7";"2019";"02:45";"3";"22";"22259";"1";"1";"1";"1";"Rue des Frères l'Hermitte";"48,4736250";" -2,0878150"
"201900041670";"20";"7";"2019";"01:35";"3";"17";"17315";"1";"1";"1";"7";"RD108";"46,1358180";" -0,9549380"
"201900041671";"18";"7";"2019";"19:27";"1";"68";"68032";"1";"1";"1";"2";"D83";"47,8375070";"7,2265330"
"201900041672";"18";"7";"2019";"20:35";"2";"33";"33334";"2";"2";"7";"2";"Route des Graves";"44,6928800";" -0,4319600"
"201900041673";"20";"7";"2019";"11:00";"1";"49";"49127";"1";"1";"1";"1";"Les petites Pligères";"47,6713510";" -0,2417600"
"201900041674";"21";"7";"2019";"15:30";"1";"68";"68044";"1";"1";"1";"6";"CD148 - PK 09.300";"48,1729750";"7,0903510"
"201900041675";"18";"7";"2019";"13:30";"1";"10";"10066";"2";"1";"1";"6";"18 Rue Jean Thomas Bonnemain";"48,2589290";"3,8649780"
"201900041676";"19";"7";"2019";"08:00";"1";"974";"97412";"1";"1";"2";"1";"Chemin du Solitaire";" -21,3686170";"55,6000220"
"201900041677";"20";"7";"2019";"18:50";"5";"974";"97401";"2";"1";"1";"3";"Route du Tevelave";" -21,2136990";"55,3531570"
"201900041678";"11";"7";"2019";"11:30";"1";"972";"97221";"2";"1";"1";"6";"échangeur RD7";"14,5241780";" -60,9823630"
"201900041679";"20";"7";"2019";"04:25";"3";"11";"11064";"1";"3";"1";"6";"Départementale 212";"43,1194140";"2,6542350"
"201900041680";"20";"7";"2019";"17:56";"1";"60";"60395";"2";"1";"1";"7";"Rue Roger Salengro";"49,2388159";"2,1406139"
"201900041681";"19";"7";"2019";"16:50";"1";"68";"68300";"1";"1";"1";"7";"cd39";"47,7863970";"7,4330680"
"201900041682";"20";"7";"2019";"17:05";"1";"67";"67302";"2";"6";"1";"3";"Rue de Dettwiller";"48,7421145";"7,3976666"
"201900041683";"21";"7";"2019";"17:33";"1";"60";"60176";"1";"4";"1";"7";"Route de pierrefonds";"49,2477580";"2,9004622"
"201900041684";"20";"7";"2019";"00:00";"5";"83";"83070";"2";"1";"1";"5";"AVENUE DE PROVENCE";"43,1381120";"6,3629450"
"201900041685";"21";"7";"2019";"02:50";"3";"974";"97413";"1";"1";"1";"6";"Route Hubert Delisle";" -21,1819210";"55,3281020"
"201900041686";"20";"7";"2019";"18:30";"1";"72";"72350";"2";"1";"1";"7";"47 rue de l'arche";"47,8870520";"0,2699400"
"201900041687";"20";"7";"2019";"11:00";"1";"2B";"2B009";"1";"1";"1";"3";"RT10 PK92";"42,0796460";"9,4767830"
"201900041688";"19";"7";"2019";"18:50";"1";"41";"41010";"2";"1";"1";"3";"Route de Galette";"47,8489620";"0,9954200"
"201900041689";"14";"7";"2019";"14:30";"1";"74";"74263";"2";"4";"1";"3";"Avenue de Bonnatrait";"46,3337176";"6,3894025"
"201900041690";"18";"7";"2019";"13:15";"1";"31";"31157";"2";"6";"1";"3";"Avenue du Général Leclerc Philippe de Hautecloque";"43,5390390";"1,3394990"
"201900041691";"20";"7";"2019";"18:20";"1";"57";"57615";"1";"1";"1";"3";"D674";"49,0329380";"6,8950970"
"201900041692";"18";"7";"2019";"22:45";"3";"4";"04126";"1";"1";"1";"7";"RD 207";"44,3978660";"6,3485690"
"201900041693";"20";"7";"2019";"04:15";"5";"91";"91225";"2";"1";"1";"6";"Avenue de la Fontaine au Soulier";"48,6332280";"2,4664800"
"201900041694";"15";"7";"2019";"09:42";"1";"51";"51028";"2";"8";"1";"3";"AVENUE PIERRE DUBOIS";"49,0643583";"4,0435115"
"201900041695";"19";"7";"2019";"16:20";"1";"19";"19261";"1";"1";"1";"7";"Lieu-Dit La Renardière";"45,6668580";"2,1921410"
"201900041696";"11";"12";"2019";"18:05";"3";"95";"95134";"1";"1";"1";"4";"D301";"49,1478690";"2,2488980"
"201900041697";"11";"12";"2019";"21:00";"3";"33";"33385";"1";"1";"3";"5";"D21";"45,0983650";" -0,0030680"
"201900041698";"12";"12";"2019";"07:45";"2";"59";"59046";"1";"1";"9";"1";"3 Route d'Oost-cappel";"50,9075380";"2,5570740"
"201900041699";"6";"12";"2019";"07:35";"1";"34";"34270";"1";"1";"1";"6";"D132e2";"43,5881490";"3,8252490"
"201900041700";"11";"12";"2019";"17:00";"5";"57";"57155";"2";"1";"3";"6";"31 Avenue de la Libération";"49,1089790";"6,3980720"
"201900041701";"12";"12";"2019";"08:20";"1";"62";"62829";"1";"1";"8";"1";"D917";"50,0497370";"2,9053760"
"201900041702";"11";"12";"2019";"19:00";"3";"56";"56251";"1";"1";"1";"5";"Rue du Golfe RD7";"47,6189990";" -2,6813580"
"201900041703";"12";"12";"2019";"00:55";"3";"61";"61167";"1";"1";"2";"6";"D14";"48,8387290";"0,4736360"
"201900041704";"10";"12";"2019";"16:17";"2";"68";"68163";"2";"1";"1";"3";"Rue du Moulin";"47,6538090";"7,5050760"
"201900041705";"10";"12";"2019";"18:45";"4";"35";"35272";"1";"1";"2";"6";"D178";"48,0144040";" -1,1978870"
"201900041706";"7";"12";"2019";"09:30";"1";"38";"38399";"1";"1";"1";"6";"D518";"45,4734930";"5,1471830"
"201900041707";"12";"12";"2019";"09:55";"1";"2";"02065";"1";"1";"1";"1";"D1044";"49,9749440";"3,2332930"
"201900041708";"11";"12";"2019";"17:25";"5";"1";"01265";"2";"6";"1";"6";"2 Rue du Lyonnais";"46,1706680";"5,5761390"
"201900041709";"10";"12";"2019";"21:00";"5";"58";"58083";"2";"2";"1";"3";"Place de l'Hotel de Ville";"47,2574070";"3,6842130"
"201900041710";"9";"12";"2019";"17:30";"3";"54";"54288";"1";"1";"2";"4";"D908";"48,7402080";"5,8023410"
"201900041711";"12";"12";"2019";"13:00";"1";"6";"06079";"2";"1";"1";"6";"520 Avenue Janvier Passero";"43,5508280";"6,9381810"
"201900041712";"12";"12";"2019";"11:00";"1";"6";"06079";"2";"1";"1";"7";"13 avenue frédéric mistral";"43,5491110";"6,9266420"
"201900041713";"12";"12";"2019";"09:45";"1";"6";"06079";"2";"1";"1";"6";"195 Avenue Janvier Passero";"43,5483350";"6,9385210"
"201900041714";"12";"12";"2019";"09:20";"1";"45";"45016";"1";"1";"2";"1";"D51 - les planches";"47,6036000";"2,5906450"
"201900041715";"11";"12";"2019";"20:20";"5";"64";"64405";"2";"1";"3";"1";"Avenue de la Résistance";"43,3359289";" -0,2760197"
"201900041716";"11";"12";"2019";"21:04";"5";"16";"16101";"2";"1";"2";"6";"6 Route de Blanzac";"45,5535200";"0,0436130"
"201900041717";"12";"12";"2019";"18:35";"4";"7";"07269";"2";"1";"2";"6";"D237";"44,9314920";"4,3582140"
"201900041718";"11";"12";"2019";"11:10";"1";"53";"53186";"2";"3";"1";"6";"2 Rue de Laval";"47,9250120";" -0,8035600"
"201900041719";"10";"12";"2019";"14:15";"1";"40";"40126";"2";"1";"1";"6";"23 Route de Dax";"43,7018450";" -0,9272260"
"201900041720";"12";"12";"2019";"12:55";"1";"40";"40287";"1";"1";"3";"7";"Avenue de Parentis";"44,4496180";" -1,0709980"
"201900041721";"11";"12";"2019";"12:45";"1";"4";"04116";"1";"2";"1";"3";"RD 4 La croix";"44,0380550";"5,9959220"
"201900041722";"12";"12";"2019";"13:45";"1";"87";"87122";"1";"1";"2";"1";"D220";"46,0515650";"1,3585920"
"201900041723";"12";"12";"2019";"08:12";"1";"37";"37267";"2";"3";"2";"7";"route de tours";"47,3609390";"0,8045440"
"201900041724";"12";"12";"2019";"13:35";"1";"37";"37109";"2";"1";"2";"3";"Rue François Rabelais";"47,4036904";"0,6031199"
"201900041725";"9";"12";"2019";"18:10";"3";"30";"30305";"1";"1";"1";"2";"Route d'Alès";"44,1669100";"4,1306870"
"201900041726";"12";"12";"2019";"17:51";"5";"48";"48092";"2";"1";"2";"6";"2 Avenue Théophile Roussel";"44,5556360";"3,2910040"
"201900041727";"8";"12";"2019";"22:40";"5";"973";"97307";"2";"2";"3";"6";"Route Nationale 2";"4,8860160";" -52,3353290"
"201900041728";"11";"12";"2019";"23:40";"3";"973";"97307";"1";"1";"2";"6";"N2";"4,8587919";" -52,3339319"
"201900041729";"10";"12";"2019";"06:30";"1";"973";"97309";"2";"3";"1";"1";"Avenue Tropicana";"4,9074217";" -52,2678781"
"201900041730";"11";"12";"2019";"05:35";"3";"17";"17116";"1";"1";"8";"2";"A10";"45,4188460";" -0,6033050"
"201900041731";"12";"12";"2019";"07:05";"3";"57";"57762";"1";"1";"2";"2";"A4";"49,1332020";"6,5778490"
"201900041732";"7";"12";"2019";"18:35";"5";"38";"38486";"2";"1";"1";"3";"Avenue Louis Vicat";"45,1553040";"5,6891350"
"201900041733";"9";"12";"2019";"11:00";"1";"45";"45154";"1";"1";"3";"4";"A10";"48,0242053";"1,8412470"
"201900041734";"12";"12";"2019";"01:00";"3";"62";"62708";"1";"1";"1";"2";"Autoroute A1";"50,0994590";"2,8713470"
"201900041735";"11";"12";"2019";"17:05";"2";"37";"37011";"2";"1";"2";"6";"26 Rue Marcel Vignaud";"47,2051739";"0,1826423"
"201900041736";"11";"12";"2019";"16:30";"2";"83";"83107";"1";"1";"1";"2";"N/A";"43,4550240";"6,6903690"
"201900041737";"11";"12";"2019";"17:50";"3";"13";"13101";"2";"1";"2";"6";"chemin des rampauds";"43,4128400";"5,5241950"
"201900041738";"10";"12";"2019";"08:45";"2";"21";"21021";"2";"3";"8";"6";"1 Rue des Chézeaux";"47,3420110";"5,1800670"
"201900041739";"12";"12";"2019";"12:10";"1";"88";"88196";"2";"1";"1";"6";"Boulevard de Saint-dié";"48,0718420";"6,8817650"
"201900041740";"12";"12";"2019";"07:50";"5";"88";"88321";"2";"2";"2";"6";"22 Rue Paul Mélin";"48,3631740";"5,6967960"