"Num_Acc";"jour";"mois";"an";"hrmn";"lum";"dep";"com";"agg";"int";"atm";"col";"adr";"lat";"long"
"201900041741";"12";"12";"2019";"00:30";"5";"88";"88321";"2";"6";"2";"3";"Place Albert Voilquin";"48,3568940";"5,6924770"
"201900041742";"12";"12";"2019";"06:50";"3";"79";"79184";"1";"1";"2";"7";"N/A";"46,3500540";" -0,1288970"
"201900041743";"10";"12";"2019";"16:30";"2";"16";"16348";"1";"3";"1";"1";"Ld Les Benecheres";"45,6499210";"0,0411880"
"201900041744";"11";"12";"2019";"23:15";"3";"24";"24382";"1";"1";"2";"7";"Route de Bergerac";"44,8445000";"0,6434500"
"201900041745";"11";"12";"2019";"21:15";"5";"14";"14762";"2";"3";"3";"3";"Rue Deslongrais";"48,8378600";" -0,8891650"
"201900041746";"12";"12";"2019";"08:10";"2";"59";"59005";"1";"1";"9";"7";"Route des Ansereuilles";"50,5439140";"2,9484880"
"201900041747";"6";"12";"2019";"18:30";"3";"13";"13088";"1";"1";"1";"4";"A55-Sens Marseille vers Martigues";"43,3915000";"5,2681000"
"201900041748";"8";"12";"2019";"13:55";"1";"83";"83062";"1";"1";"1";"2";"A57";"43,1434000";"6,0142000"
"201900041749";"8";"12";"2019";"01:20";"3";"69";"69199";"1";"1";"1";"7";"RD383   14.250 A 18.000";"45,6977800";"4,8452530"
"201900041750";"29";"11";"2019";"09:20";"1";"69";"69290";"1";"1";"8";"3";"A46S   40.883 A 43.680";"45,7005700";"4,9662000"
"201900041751";"10";"12";"2019";"17:30";"2";"57";"57463";"2";"9";"1";"3";"Autoroute A31";"49,1190256";"6,1604360"
"201900041752";"11";"12";"2019";"15:50";"1";"33";"33192";"1";"1";"2";"5";"ROCADE A 630";"44,7899200";" -0,6075200"
"201900041753";"11";"12";"2019";"07:45";"2";"33";"33075";"1";"1";"1";"5";"ROCADE A 630";"44,8898600";" -0,6116600"
"201900041754";"11";"12";"2019";"03:35";"3";"33";"33162";"1";"1";"1";"5";"ROCADE A 630";"44,8690800";" -0,6463000"
"201900041755";"11";"12";"2019";"07:45";"3";"91";"91432";"1";"1";"2";"3";"AUTOROUTE A6";"48,6922000";"2,3209000"
"201900041756";"10";"12";"2019";"19:00";"3";"93";"93010";"1";"1";"1";"4";"AUTOROUTE A3";"48,9027700";"2,4710200"
"201900041757";"10";"12";"2019";"08:00";"3";"93";"93005";"1";"1";"1";"3";"AUTOROUTE A3";"48,9414300";"2,4787100"
"201900041758";"28";"11";"2019";"08:10";"1";"69";"69389";"2";"1";"9";"7";"BALMONT (DE)                        (BD)";"45,7856400";"4,8008900"
"201900041759";"24";"11";"2019";"02:55";"5";"69";"69382";"2";"1";"1";"4";"PERRACHE                            (QU)";"45,7459800";"4,8280600"
"201900041760";"8";"12";"2019";"16:00";"1";"89";"89387";"1";"1";"3";"3";"D606";"48,2105415";"3,3104565"
"201900041761";"9";"12";"2019";"21:37";"3";"87";"87085";"2";"1";"2";"6";"AUTOROUTE A20";"45,8498000";"1,2762400"
"201900041762";"3";"12";"2019";"11:00";"1";"64";"64445";"2";"3";"1";"3";"ALSACE LORRAINE D'";"43,3054270";" -0,3742003"
"201900041763";"7";"12";"2019";"13:10";"1";"63";"63113";"2";"2";"3";"6";"POURCHON (BD MAURICE)";"45,7925700";"3,0916500"
"201900041764";"9";"12";"2019";"16:25";"1";"45";"45234";"2";"1";"1";"6";"BD ROCHEPLATTE";"47,9065100";"1,8990600"
"201900041765";"9";"12";"2019";"23:30";"5";"13";"13201";"2";"1";"1";"7";"BRETEUIL (RUE)    2 A 18";"43,2920000";"5,3748000"
"201900041766";"3";"12";"2019";"01:35";"5";"1";"01053";"2";"1";"1";"2";"DE GAULLE ( BD GAL) IMPAIR";"46,1976900";"5,2392500"
"201900041767";"4";"12";"2019";"08:14";"1";"988";"98818";"2";"3";"1";"2";"RUE DU 18 JUIN/RUE ANDRE ROLLY";" -22,2739400";"166,4658100"
"201900041768";"10";"12";"2019";"14:30";"1";"976";"97611";"1";"1";"1";"3";"m'tsapere-Nationale 2 (route)";" -12,7969100";"45,2157600"
"201900041769";"28";"11";"2019";"18:20";"3";"976";"97611";"1";"9";"1";"7";"m'tsapere-Nationale 2 (route)";" -12,8047900";"45,2106300"
"201900041770";"10";"12";"2019";"07:10";"1";"974";"97411";"2";"1";"1";"3";"JAURES (BLD 1 JEAN)";" -20,9012000";"55,4973000"
"201900041771";"2";"12";"2019";"18:15";"1";"974";"97411";"2";"1";"1";"6";"MACE (BOULEVARD GABRIEL)";" -20,8740300";"55,4466100"
"201900041772";"16";"11";"2019";"18:00";"1";"974";"97407";"2";"1";"1";"7";"SACRE COEUR (RD POINT) -RIV. DES GALETS ";" -20,9567300";"55,3134600"
"201900041773";"6";"12";"2019";"04:20";"5";"69";"69382";"2";"1";"1";"7";"GALLIENI                            (PT)";"45,7487600";"4,8308300"
"201900041774";"10";"12";"2019";"17:45";"5";"69";"69386";"2";"3";"1";"3";"CHARLES DE GAULLE                   (QU)";"45,7830900";"4,8484300"
"201900041775";"10";"12";"2019";"17:00";"5";"69";"69259";"2";"1";"1";"3";"REPUBLIQUE (DE LA) (AV)";"45,7069500";"4,8724000"
"201900041776";"10";"12";"2019";"09:00";"1";"972";"97213";"2";"6";"1";"4";"ROUTE NATIONALE 1";"14,6188100";" -61,0057700"
"201900041777";"10";"12";"2019";"16:30";"1";"69";"69034";"1";"1";"1";"6";"BELLEVUE                            (QU)";"45,7876900";"4,8528900"
"201900041778";"10";"12";"2019";"16:15";"2";"69";"69081";"2";"1";"1";"6";"PROFESSEUR PAUL SANTY (DU)   AL";"45,7741500";"4,7727800"
"201900041779";"8";"10";"2019";"22:30";"5";"69";"69382";"2";"1";"1";"7";"JULES COURMONT                      (QU)";"45,7602500";"4,8376800"
"201900041780";"28";"11";"2019";"23:13";"5";"69";"69382";"2";"9";"2";"2";"BELLECOUR                           (PL)";"45,7586000";"4,8308000"
"201900041781";"10";"12";"2019";"15:46";"1";"2B";"2B033";"2";"1";"1";"2";"PAOLI DU NR 21 AU 45 -BLD";"42,7008500";"9,4502800"
"201900041782";"9";"12";"2019";"16:20";"1";"971";"97120";"2";"9";"1";"6";"CHANZY (BOULEVARD)";"16,2424000";" -61,5380000"
"201900041783";"10";"12";"2019";"01:01";"5";"95";"95585";"2";"4";"1";"2";"RD 316";"48,9746500";"2,3660400"
"201900041784";"10";"12";"2019";"09:23";"1";"91";"91645";"2";"9";"9";"7";"PARIS (RUE DE)";"48,7393720";"2,2469100"
"201900041785";"10";"12";"2019";"08:30";"1";"91";"91421";"2";"1";"1";"6";"REPUBLIQUE (AVENUE DE LA)";"48,7080700";"2,4535900"
"201900041786";"10";"12";"2019";"09:52";"1";"91";"91425";"2";"1";"1";"3";"PONT AUX PINS (RUE DU)";"48,6470000";"2,2760000"
"201900041787";"10";"12";"2019";"17:18";"5";"88";"88160";"2";"3";"9";"6";"SCHUMAN (AV. ROBERT-)";"48,1798402";"6,4553088"
"201900041788";"10";"12";"2019";"10:40";"1";"86";"86194";"2";"1";"1";"6";"JOHN KENNEDY (AVENUE)";"46,5772089";"0,3703765"
"201900041789";"10";"12";"2019";"08:45";"1";"86";"86194";"2";"3";"1";"3";"PAIX (AVENUE DE LA)";"46,5893569";"0,3341117"
"201900041790";"10";"12";"2019";"15:00";"1";"79";"79191";"2";"3";"1";"6";"22 boulevard de l'Atlantique";"46,3163500";" -0,4782200"
"201900041791";"8";"12";"2019";"10:33";"1";"77";"77083";"2";"6";"2";"7";"BRET.SORTIE D199 X G. DE  GAULLE (AVENUE DU)";"48,8503300";"2,5878400"
"201900041792";"6";"12";"2019";"17:04";"5";"77";"77053";"2";"1";"8";"6";"D216-VERDUN (RUE DE)";"48,6968700";"2,6148200"
"201900041793";"2";"12";"2019";"06:35";"3";"77";"77335";"1";"1";"9";"1";"RN3 (ROUTE NATIONALE)";"48,9586700";"2,8369900"
"201900041794";"10";"12";"2019";"15:50";"1";"77";"77186";"2";"4";"1";"2";"D210 X RUE A. BRIAND";"48,4123764";"2,7098802"
"201900041795";"10";"12";"2019";"09:36";"1";"76";"76540";"2";"1";"1";"7";"BELGES. BOULEVARD DES";"49,4451800";"1,0859500"
"201900041796";"9";"12";"2019";"13:39";"1";"76";"76575";"2";"1";"1";"2";"CROIZAT. AVENUE AMBROISE";"49,3728900";"1,1030100"
"201900041797";"9";"12";"2019";"17:40";"2";"76";"76447";"2";"1";"1";"6";"FONTAINE LA MALLET (DE)";"49,5430800";"0,1665700"
"201900041798";"8";"12";"2019";"06:33";"5";"76";"76351";"2";"3";"2";"3";"JEAN JACQUES ROUSSEAU (PONT)";"49,4956800";"0,1314700"
"201900041799";"9";"12";"2019";"16:30";"1";"76";"76259";"2";"1";"1";"1";"DUGLE ( RUE ROBERT)";"49,7525300";"0,3766100"
"201900041800";"9";"12";"2019";"19:50";"5";"73";"73011";"2";"3";"3";"6";"CHARRETTE (CHEMIN DE LA)";"45,6612660";"6,3668460"
"201900041801";"8";"12";"2019";"18:50";"5";"71";"71270";"2";"2";"2";"3";"REVILLON (RUE JULES)";"46,3201100";"4,8187400"
"201900041802";"10";"12";"2019";"14:55";"1";"69";"69256";"2";"1";"1";"6";"MEBOUD (DU)                         (R )";"45,7776000";"4,9161000"
"201900041803";"8";"12";"2019";"00:30";"3";"69";"69091";"1";"1";"2";"1";"MORNANT (DE) (RTE)";"45,5845600";"4,7424600"
"201900041804";"9";"12";"2019";"18:25";"4";"67";"67218";"1";"1";"8";"3";"ALFRED KASTLER (ROUTE)";"48,5374000";"7,7463800"
"201900041805";"9";"12";"2019";"12:50";"1";"67";"67482";"2";"1";"1";"3";"LAUSANNE (RUE DE)";"48,5758000";"7,7563000"
"201900041806";"7";"12";"2019";"12:00";"1";"67";"67482";"2";"1";"2";"6";"JEAN GIRAUDOUX (RUE)";"48,5849900";"7,7019500"
"201900041807";"7";"12";"2019";"09:15";"1";"67";"67447";"2";"1";"2";"2";"BISCHWILLER (ROUTE DE)";"48,6047250";"7,7476630"
"201900041808";"9";"12";"2019";"17:15";"1";"66";"66136";"1";"1";"1";"2";"R D 900";"42,6600400";"2,8830300"
"201900041809";"9";"12";"2019";"09:45";"1";"66";"66136";"2";"1";"1";"6";"Départementale  617";"42,6987900";"2,9286000"
"201900041810";"10";"12";"2019";"12:26";"1";"65";"65440";"2";"3";"1";"6";"FAURE (RUE GABRIEL)";"43,2253910";"0,0662580"
"201900041811";"9";"12";"2019";"11:36";"1";"65";"65440";"2";"1";"1";"2";"DESPOURRINS (RUE)";"43,2333800";"0,0731400"
"201900041812";"6";"12";"2019";"15:39";"1";"65";"65226";"1";"1";"1";"6";"54 RUE DES PYRENEES";"43,2260270";" -0,0012150"
"201900041813";"10";"12";"2019";"19:30";"5";"64";"64445";"2";"3";"1";"3";"MARCA";"43,2946000";" -0,3714500"
"201900041814";"10";"12";"2019";"17:59";"5";"64";"64445";"2";"1";"8";"6";"RENE CASSAGNE";"43,3054300";" -0,3524000"
"201900041815";"10";"12";"2019";"12:15";"1";"64";"64445";"2";"2";"1";"3";"MONTPENSIER";"43,3014199";" -0,3733799"
"201900041816";"9";"12";"2019";"12:45";"1";"64";"64024";"2";"1";"2";"1";"PITOYS (ROUTE DE)";"43,4637217";" -1,5125584"
"201900041817";"9";"12";"2019";"07:55";"2";"63";"63124";"1";"5";"2";"7";"RD 212";"45,7547100";"3,1575900"
"201900041818";"9";"12";"2019";"18:30";"5";"63";"63113";"2";"1";"1";"2";"BINGEN (BD JACQUES)";"45,7732600";"3,1263500"
"201900041819";"9";"12";"2019";"18:17";"5";"63";"63113";"2";"9";"1";"2";"BINGEN (BD JACQUES) proche sortie Oradou";"45,7693400";"3,1121800"
"201900041820";"9";"12";"2019";"17:27";"2";"63";"63113";"2";"2";"3";"6";"BOURGEOIS (RUE LEON)";"45,7679867";"3,0865568"
"201900041821";"9";"12";"2019";"17:20";"2";"63";"63113";"2";"9";"1";"3";"CUGNOT (RUE NICOLAS-JOSEPH)";"45,7832600";"3,1232800"
"201900041822";"8";"12";"2019";"07:05";"5";"62";"62193";"2";"6";"6";"6";"CHEVREUL";"50,9374800";"1,8608700"
"201900041823";"2";"12";"2019";"18:12";"5";"62";"62643";"2";"1";"1";"6";"INDUSTRIEL ( Bld)";"50,7091500";"1,6072200"
"201900041824";"10";"12";"2019";"09:00";"1";"59";"59599";"2";"1";"1";"6";"THÊATRE (PLACE DU)";"50,7205300";"3,1529770"
"201900041825";"9";"12";"2019";"14:30";"1";"59";"59350";"2";"3";"2";"3";"GUTENBERG RUE";"50,6369800";"3,0974200"
"201900041826";"9";"12";"2019";"20:50";"5";"56";"56098";"2";"1";"1";"2";"JAURES (RUE  JEAN )";"47,7648700";" -3,3591900"
"201900041827";"9";"12";"2019";"07:20";"3";"54";"54300";"2";"1";"2";"7";"GALTIER (RUE LUCIEN)";"48,6627520";"6,2202540"
"201900041828";"10";"12";"2019";"13:10";"1";"51";"51454";"2";"1";"1";"7";"BOULEVARD DE LA PAIX";"49,2537912";"4,0408645"
"201900041829";"9";"12";"2019";"16:00";"1";"49";"49007";"2";"1";"1";"3";"HOTEL DIEU AVENUE";"47,4806300";" -0,5597300"
"201900041830";"10";"12";"2019";"08:15";"2";"45";"45234";"2";"1";"1";"6";"AV DU PRESIDENT KENNEDY";"47,8383400";"1,9376700"
"201900041831";"27";"11";"2019";"19:19";"5";"45";"45208";"2";"1";"2";"1";"RUE DU LOING";"47,9979610";"2,7340570"
"201900041832";"7";"12";"2019";"18:00";"2";"40";"40281";"2";"1";"1";"1";"Route de Grenade RD 624";"43,8667000";" -0,4889300"
"201900041833";"10";"12";"2019";"10:55";"1";"38";"38544";"2";"1";"1";"6";"RN 7 - PR 4+750 - BERTHELOT(AV)";"45,5376390";"4,8727270"
"201900041834";"10";"12";"2019";"14:55";"1";"38";"38185";"2";"1";"1";"6";"GAMBETTA (BOULEVARD)";"45,1832651";"5,7265860"
"201900041835";"10";"12";"2019";"17:50";"2";"37";"37233";"2";"1";"1";"2";"DUCLOS (AVENUE JACQUES)";"47,3807418";"0,7324194"
"201900041836";"10";"12";"2019";"07:30";"5";"37";"37261";"2";"2";"1";"3";"CURIE (RUE PIERRE ET MARIE)";"47,4289200";"0,6838700"
"201900041837";"10";"12";"2019";"17:50";"3";"35";"35238";"1";"1";"1";"2";"PORTE DES LOGES";"48,0880120";" -1,6340280"
"201900041838";"10";"12";"2019";"08:00";"1";"35";"35238";"2";"2";"1";"3";"PATTON (AVENUE DU GENERAL SIR GEORGES)";"48,1386600";" -1,6586700"
"201900041839";"10";"12";"2019";"10:25";"1";"34";"34172";"2";"9";"1";"3";"CAUSSE (RUE PIERRE)";"43,6094700";"3,8390600"
"201900041840";"9";"12";"2019";"12:15";"1";"33";"33119";"2";"9";"3";"5";"BD ENTRE DEUX MERS";"44,8454700";" -0,5329800"
"201900041841";"9";"12";"2019";"07:15";"5";"33";"33522";"2";"6";"2";"7";"RUE DE LA MISSION DU HAUT BRION";"44,8149500";" -0,6031700"
"201900041842";"9";"12";"2019";"17:00";"1";"31";"31555";"2";"3";"1";"3";"RUE JEAN BAPTISTE NOULET";"43,5869100";"1,4633700"
"201900041843";"9";"12";"2019";"17:55";"5";"30";"30189";"2";"1";"1";"6";"UZES (ROUTE D')";"43,8636100";"4,3774700"
"201900041844";"9";"12";"2019";"18:05";"3";"29";"29232";"1";"1";"1";"4";"BENODET ROUTE DE";"47,9764800";" -4,0928800"
"201900041845";"10";"12";"2019";"11:50";"1";"25";"25462";"2";"3";"1";"3";"MORTEAU DE (DU 31 A LA FIN)";"46,9161000";"6,3549600"
"201900041846";"10";"12";"2019";"06:05";"2";"25";"25462";"1";"1";"4";"1";"ETRACHES LES";"46,9176500";"6,3879500"
"201900041847";"6";"12";"2019";"19:00";"5";"25";"25388";"2";"1";"1";"1";"PARMENTIER (RUE)";"47,5154400";"6,7921200"
"201900041848";"8";"11";"2019";"17:55";"5";"24";"24037";"2";"4";"1";"6";"DAUDET (RUE ALPHONSE)";"44,8437000";"0,4780700"
"201900041849";"6";"12";"2019";"17:45";"2";"22";"22278";"2";"1";"1";"3";"CORNOUAILLE (DE)";"48,5167200";" -2,7884400"
"201900041850";"6";"12";"2019";"16:15";"1";"21";"21231";"2";"4";"8";"6";"PERRIERES (DES) (RUE)";"47,3243600";"5,0290000"
"201900041851";"10";"12";"2019";"20:05";"5";"17";"17306";"2";"1";"1";"6";"FONCILLON (FACADE DE)";"45,6196800";" -1,0334000"
"201900041852";"9";"12";"2019";"07:30";"3";"15";"15012";"1";"1";"1";"6";"GRANGES (LIEU-DIT LES)";"44,8743692";"2,4437449"
"201900041853";"10";"12";"2019";"19:25";"3";"13";"13071";"2";"1";"1";"2";"ROUTE NATIONALE 368 (PLAN DES PENNES)";"43,4048500";"5,2822500"
"201900041854";"10";"12";"2019";"23:00";"5";"13";"13203";"2";"2";"1";"3";"MIRES (RUE)";"43,3115800";"5,3713200"
"201900041855";"10";"12";"2019";"07:37";"1";"13";"13206";"2";"9";"1";"3";"VINCENT DELPUECH (BOULEVARD)";"43,2831130";"5,3896090"
"201900041856";"9";"12";"2019";"17:55";"5";"13";"13209";"2";"1";"1";"3";"LUMINY (AVENUE DE)";"43,2378300";"5,4356630"
"201900041857";"9";"12";"2019";"17:45";"5";"12";"12145";"2";"1";"3";"6";"JAURES JEAN (AVENUE)";"44,1070300";"3,0809150"
"201900041858";"9";"12";"2019";"17:50";"3";"11";"11262";"2";"1";"1";"2";"MARCORIGNAN (ROUTE DE)";"43,1951500";"2,9784500"
"201900041859";"6";"12";"2019";"16:55";"2";"11";"11262";"2";"1";"1";"6";"GIRARD (RUE)";"43,1861500";"3,0006200"
"201900041860";"7";"12";"2019";"20:20";"5";"11";"11069";"2";"1";"1";"6";"BUFFON RUE JUSQUAU 48 ET 39";"43,2215900";"2,3534500"
"201900041861";"10";"12";"2019";"09:50";"1";"7";"07281";"1";"1";"1";"6";"N/A";"44,9297600";"4,8113700"
"201900041862";"7";"12";"2019";"14:55";"1";"7";"07281";"2";"9";"1";"3";"BOUVAT (AVENUE MARC)";"44,9471900";"4,8507900"
"201900041863";"9";"12";"2019";"18:15";"5";"7";"07019";"2";"9";"1";"5";"BELLANDE (AVENUE DE )";"44,6119700";"4,3972000"
"201900041864";"10";"12";"2019";"13:00";"1";"6";"06069";"2";"3";"1";"3";"SAINT EXUPERY (AVENUE ANTOINE DE)";"43,6621750";"6,9341660"
"201900041865";"10";"12";"2019";"09:30";"1";"6";"06069";"2";"1";"1";"3";"RENOIR (AVENUE AUGUSTE)";"43,6797930";"6,9482970"
"201900041866";"10";"12";"2019";"08:30";"1";"1";"01283";"2";"1";"2";"6";"NORMANDIE NIEMEN (AVENUE)";"46,2580400";"5,6433500"
"201900041867";"10";"12";"2019";"18:50";"5";"1";"01289";"1";"2";"1";"5";"DOMBES (ALLEE DES)";"46,1697900";"5,1907800"
"201900041868";"9";"12";"2019";"16:00";"2";"75";"75116";"2";"1";"1";"6";"BD PERIPHERIQUE EXTERIEUR";"48,8674120";"2,2691630"
"201900041869";"10";"12";"2019";"14:00";"1";"75";"75120";"2";"1";"1";"6";"RUE D AVRON";"48,8529980";"2,4077770"
"201900041870";"26";"11";"2019";"19:08";"5";"75";"75120";"2";"3";"8";"6";"RUE DE MENILMONTANT";"48,8675513";"2,3850870"
"201900041871";"8";"5";"2019";"19:00";"2";"94";"94077";"2";"2";"2";"3";"POINCARE (AV)";"48,7331200";"2,4234500"
"201900041872";"8";"5";"2019";"16:50";"1";"94";"94078";"2";"1";"2";"5";"L'APPEL DU DIX-HUIT JUIN 1940 (AV DE)";"48,7490397";"2,4457347"
"201900041873";"7";"5";"2019";"21:45";"5";"94";"94077";"2";"2";"1";"3";"FAISANDERIE ( RUE DE LA)";"48,7336547";"2,4154559"
"201900041874";"7";"5";"2019";"08:50";"1";"94";"94074";"2";"1";"1";"5";"HENRI BARBUSSE (AV)";"48,7624200";"2,4424400"
"201900041875";"5";"5";"2019";"15:11";"1";"94";"94077";"2";"1";"1";"7";"MARECHAL JOFFRE (AV)";"48,7328470";"2,4182380"
"201900041876";"3";"5";"2019";"20:30";"2";"94";"94078";"2";"1";"2";"2";"PARIS (R DE)";"48,7465200";"2,4463700"
"201900041877";"12";"4";"2019";"15:15";"1";"94";"94078";"2";"1";"1";"1";"PORT (R DU)";"48,7279530";"2,4454390"
"201900041878";"6";"4";"2019";"05:25";"5";"94";"94078";"2";"1";"1";"1";"CHATAIGNIERS (R DES)";"48,7345870";"2,4625670"
"201900041879";"29";"4";"2019";"20:50";"3";"94";"94078";"2";"1";"1";"1";"ANATOLE FRANCE (AV)";"48,7475300";"2,4528700"
"201900041880";"29";"4";"2019";"17:40";"1";"94";"94077";"2";"1";"1";"2";"MARECHAL LYAUTEY (R DU)";"48,7293400";"2,4187200"
"201900041881";"18";"5";"2019";"17:00";"1";"94";"94068";"2";"2";"1";"3";"EST (AV DE L)";"48,8073300";"2,5062600"
"201900041882";"16";"5";"2019";"03:09";"5";"94";"94071";"2";"6";"1";"7";"WINSTON CHURCHILL (R)";"48,7710000";"2,5190000"
"201900041883";"14";"5";"2019";"12:30";"1";"94";"94068";"2";"1";"1";"6";"CHAMPIGNY (BD DE)";"48,7998970";"2,5046430"
"201900041884";"14";"5";"2019";"09:00";"1";"94";"94068";"2";"1";"1";"6";"VARENNE (R DE LA)";"48,8084310";"2,4729780"
"201900041885";"13";"5";"2019";"10:10";"1";"94";"94068";"2";"7";"1";"3";"8 MAI 1945 (CARR DU)";"48,8022300";"2,4923800"
"201900041886";"12";"5";"2019";"11:50";"1";"94";"94068";"2";"1";"1";"3";"FOCH (AV)";"48,7981500";"2,5022000"
"201900041887";"12";"5";"2019";"09:40";"1";"94";"94068";"2";"1";"1";"3";"MARNE (BD DE LA)";"48,7907612";"2,5067337"
"201900041888";"11";"5";"2019";"11:10";"1";"94";"94068";"2";"2";"2";"3";"VARENNE (R DE LA)";"48,8084310";"2,4729780"
"201900041889";"9";"5";"2019";"08:20";"1";"94";"94068";"2";"3";"2";"3";"RABELAIS (BD)";"48,8054980";"2,4826910"
"201900041890";"8";"5";"2019";"02:05";"5";"94";"94068";"2";"2";"2";"1";"SEBASTOPOL (AV DE)";"48,7940400";"2,5073700"
"201900041891";"3";"5";"2019";"15:45";"1";"94";"94068";"2";"1";"2";"7";"BAC (AV DU)";"48,8026280";"2,5115920"
"201900041892";"2";"5";"2019";"20:45";"2";"94";"94068";"2";"2";"1";"3";"BOURDIGNON (R)";"48,8050200";"2,4778400"
"201900041893";"30";"4";"2019";"14:05";"1";"94";"94068";"2";"3";"1";"3";"CORNEILLES (BD DES)";"48,7845000";"2,4921300"
"201900041894";"30";"4";"2019";"10:20";"1";"94";"94068";"2";"1";"1";"6";"ABBAYE (IMP DE L)";"48,8130750";"2,4748500"
"201900041895";"28";"4";"2019";"21:30";"5";"94";"94068";"2";"2";"1";"3";"PIERRE SEMARD (AV)";"48,8026280";"2,5115920"
"201900041896";"27";"5";"2019";"13:25";"1";"94";"94058";"2";"3";"1";"3";"GABRIEL PERI (AV)";"48,8373200";"2,5002000"
"201900041897";"19";"4";"2019";"14:30";"1";"94";"94042";"2";"3";"1";"3";"PARIS (R DE)";"48,8150000";"2,4700000"
"201900041898";"23";"5";"2019";"08:55";"1";"94";"94052";"2";"3";"1";"3";"GEORGES CLEMENCEAU (AV)";"48,8361100";"2,4713500"
"201900041899";"22";"5";"2019";"21:00";"1";"94";"94015";"2";"1";"1";"3";"MARECHAL FOCH (R DU)";"48,8406400";"2,5202100"
"201900041900";"21";"5";"2019";"16:30";"1";"94";"94052";"2";"2";"1";"3";"GEORGES CLEMENCEAU (AV)";"48,8363800";"2,4698500"
"201900041901";"19";"5";"2019";"15:55";"1";"94";"94052";"2";"9";"3";"3";"STRASBOURG (BD DE)";"48,8419200";"2,4838400"
"201900041902";"18";"5";"2019";"12:30";"1";"94";"94058";"2";"1";"1";"3";"PIERRE BROSSOLETTE (AV)";"48,8345630";"2,5098830"
"201900041903";"13";"5";"2019";"20:45";"1";"94";"94058";"2";"1";"1";"7";"GUY MOCQUET (ALL)";"48,8312140";"2,5097820"
"201900041904";"7";"5";"2019";"13:50";"1";"94";"94015";"2";"2";"1";"3";"RIGNY (AV DE)";"48,8470500";"2,5261800"
"201900041905";"6";"5";"2019";"18:15";"1";"94";"94058";"2";"1";"1";"6";"GENERAL DE GAULLE (AV DU)";"48,8411900";"2,5089800"
"201900041906";"6";"5";"2019";"07:10";"1";"94";"94052";"2";"1";"1";"1";"GENERAL FAIDHERBE (R DU)";"48,8385280";"2,4751310"
"201900041907";"1";"5";"2019";"01:50";"5";"94";"94058";"2";"4";"1";"6";"ONZE NOVEMBRE (AV DU)";"48,8489200";"2,4961700"
"201900041908";"10";"5";"2019";"11:30";"1";"94";"94046";"2";"1";"1";"3";"GENERAL DE GAULLE (AV DU)";"48,8026800";"2,4286200"
"201900041909";"10";"5";"2019";"12:55";"1";"94";"94046";"2";"1";"1";"7";"REPUBLIQUE (AV DE LA)";"48,8015500";"2,4318700"
"201900041910";"9";"5";"2019";"18:10";"1";"94";"94046";"2";"1";"1";"6";"GEORGES CLEMENCEAU (AV)";"48,8081000";"2,4435000"
"201900041911";"9";"5";"2019";"10:25";"1";"94";"94046";"2";"1";"2";"7";"EUGENE RENAULT (R)";"48,8150100";"2,4192200"
"201900041912";"5";"5";"2019";"23:00";"4";"94";"94046";"2";"3";"1";"6";"RUE GUE AUX AUROCHS";"48,8145000";"2,4238000"
"201900041913";"27";"5";"2019";"19:05";"1";"94";"94003";"2";"1";"1";"1";"LAPLACE (AV)";"48,8075800";"2,3343000"
"201900041914";"27";"5";"2019";"16:55";"1";"94";"94076";"2";"1";"1";"3";"PAUL VAILLANT COUTURIER (AV)";"48,7945000";"2,3600900"
"201900041915";"25";"5";"2019";"22:30";"5";"94";"94076";"2";"1";"1";"6";"MAXIME GORKI (BD)";"48,7902900";"2,3691600"
"201900041916";"23";"5";"2019";"17:15";"1";"94";"94043";"2";"3";"1";"3";"CHARLES GIDE (AV)";"48,8073299";"2,3538670"
"201900041917";"22";"5";"2019";"21:40";"2";"94";"94076";"2";"2";"1";"2";"REPUBLIQUE (AV DE LA)";"48,7885100";"2,3616800"
"201900041918";"22";"5";"2019";"09:20";"1";"94";"94076";"2";"1";"1";"3";"PARIS (AV DE)";"48,8000000";"2,3650000"
"201900041919";"17";"5";"2019";"18:30";"1";"94";"94043";"2";"1";"8";"6";"FONTAINEBLEAU (AV DE)";"48,8120100";"2,3618200"
"201900041920";"17";"5";"2019";"08:40";"1";"94";"94076";"2";"1";"1";"1";"JEAN JAURES (R)";"48,7971300";"2,3663100"
"201900041921";"16";"5";"2019";"15:40";"1";"94";"94037";"2";"1";"1";"6";"ARCUEIL (R D)";"48,8142800";"2,3469300"
"201900041922";"16";"5";"2019";"02:48";"5";"94";"94076";"2";"1";"1";"7";"MAXIME GORKI (BD)";"48,7982000";"2,3676700"
"201900041923";"14";"5";"2019";"16:20";"1";"94";"94037";"2";"1";"1";"6";"ARCUEIL (R D)";"48,8127300";"2,3441700"
"201900041924";"9";"5";"2019";"22:15";"5";"94";"94076";"2";"1";"1";"2";"CHARDONS (AV DES)";"48,7850000";"2,3730000"
"201900041925";"6";"5";"2019";"12:50";"1";"94";"94076";"2";"3";"1";"2";"JEAN BAPTISTE CLEMENT (R)";"48,7969000";"2,3716000"
"201900041926";"5";"5";"2019";"19:35";"1";"94";"94003";"2";"6";"8";"3";"PAUL VAILLANT COUTURIER (AV)";"48,8105000";"2,3305400"
"201900041927";"5";"5";"2019";"04:55";"5";"94";"94003";"2";"2";"1";"3";"PAUL VAILLANT COUTURIER (AV)";"48,8120000";"2,3427700"
"201900041928";"29";"5";"2019";"20:55";"1";"94";"94041";"2";"1";"1";"2";"SPINOZA (AV)";"48,8117700";"2,3900500"