"Num_Acc";"jour";"mois";"an";"hrmn";"lum";"dep";"com";"agg";"int";"atm";"col";"adr";"lat";"long"
"201900041929";"15";"5";"2019";"17:00";"1";"94";"94041";"2";"1";"1";"2";"AUGUSTE DESHAIES (QU)";"48,8188900";"2,3994400"
"201900041930";"10";"5";"2019";"17:00";"1";"94";"94041";"2";"1";"2";"6";"STALINGRAD (BD DE)";"48,8046100";"2,3771400"
"201900041931";"4";"5";"2019";"17:50";"1";"94";"94041";"2";"9";"1";"3";"FRANCOIS MITTERAND";"48,8240000";"2,3870000"
"201900041932";"3";"5";"2019";"10:00";"1";"94";"94041";"2";"1";"1";"6";"VERDUN (AV DE)";"48,8070700";"2,3751600"
"201900041933";"29";"5";"2019";"08:35";"1";"94";"94021";"2";"1";"1";"6";"D'AGEN (RUE)";"48,7616400";"2,3512000"
"201900041934";"28";"5";"2019";"18:00";"1";"94";"94034";"2";"1";"1";"5";"PAUL VAILLANT COUTURIER (AV)";"48,7604400";"2,3181800"
"201900041935";"26";"5";"2019";"11:50";"1";"94";"94073";"2";"1";"7";"6";"MARCEL CERDAN (RUE)";"48,7667400";"2,3811500"
"201900041936";"25";"5";"2019";"14:20";"1";"94";"94021";"2";"1";"1";"3";"STALINGRAD (AV DE)";"48,7702200";"2,3677200"
"201900041937";"24";"5";"2019";"09:30";"1";"94";"94065";"2";"1";"1";"3";"CHARLES LINDBERGH (AV)";"48,7494280";"2,3558800"
"201900041938";"23";"5";"2019";"08:25";"1";"94";"94034";"2";"1";"1";"6";"PARC DES SPORTS (AV DU)";"48,7498100";"2,3228600"
"201900041939";"22";"5";"2019";"16:20";"1";"94";"94073";"2";"9";"1";"3";"VERSAILLES (AV DE)";"48,7539000";"2,3794000"
"201900041940";"20";"5";"2019";"08:20";"1";"94";"94073";"2";"1";"2";"1";"BAS MARIN (R DU)";"48,7538400";"2,3866500"
"201900041941";"17";"5";"2019";"08:45";"1";"94";"94038";"2";"1";"1";"6";"PAUL HOCHART (R)";"48,7772500";"2,3612100"
"201900041942";"15";"5";"2019";"18:10";"1";"94";"94021";"2";"1";"1";"2";"RUE PAUL HOCHART";"48,7733100";"2,3613100"
"201900041943";"12";"5";"2019";"09:30";"1";"94";"94021";"2";"1";"1";"3";"PEPINIERES (AV)";"48,7670000";"2,3498500"
"201900041944";"11";"5";"2019";"12:45";"1";"94";"94073";"2";"1";"2";"1";"RENE PANHARD (AV)";"48,7639700";"2,3956000"
"201900041945";"7";"5";"2019";"22:55";"5";"94";"94073";"2";"2";"1";"3";"LUXEMBOURG (AV DU)";"48,7558000";"2,3740200"
"201900041946";"6";"5";"2019";"17:00";"1";"94";"94021";"2";"1";"8";"2";"GEORGES GUYNEMER (AV)";"48,7640500";"2,3392100"
"201900041947";"5";"5";"2019";"17:50";"1";"94";"94073";"2";"2";"1";"3";"VERSAILLES (AV DE)";"48,7583000";"2,3929200"
"201900041948";"4";"5";"2019";"19:30";"1";"94";"94038";"2";"9";"2";"3";"GENERAL DE GAULLE (AV DU)";"48,7835500";"2,3455700"
"201900041949";"3";"5";"2019";"04:40";"5";"94";"94065";"2";"1";"1";"7";"VANNE (R DE LA)";"48,7560300";"2,3510610"
"201900041950";"29";"4";"2019";"17:10";"1";"94";"94011";"2";"1";"1";"3";"ROSTAND.(RUE JEAN)";"48,7666700";"2,4844700"
"201900041951";"29";"5";"2019";"07:15";"1";"94";"94033";"2";"5";"1";"3";"REPUBLIQUE (AV DE LA)";"48,8525300";"2,4651100"
"201900041952";"22";"5";"2019";"19:10";"1";"94";"94033";"2";"1";"1";"3";"LOUISON BOBET (AV)";"48,8524000";"2,4899100"
"201900041953";"16";"5";"2019";"19:00";"1";"94";"94033";"2";"2";"1";"2";"PEPINIERE (AV DE LA)";"48,8453200";"2,4511200"
"201900041954";"10";"5";"2019";"08:10";"1";"94";"94033";"2";"1";"1";"3";"CARNOT (R)";"48,8533430";"2,4920170"
"201900041955";"9";"5";"2019";"12:10";"1";"94";"94033";"2";"1";"8";"6";"VERDUN (BD DE)";"48,8539000";"2,4694900"
"201900041956";"1";"5";"2019";"15:45";"1";"94";"94033";"2";"1";"1";"6";"MAXIMILIEN ROBESPIERRE (R)";"48,8493000";"2,4850500"
"201900041957";"29";"5";"2019";"18:30";"1";"94";"94028";"2";"1";"1";"2";"FOCH(AVENUE DU MARECHAL)";"48,7770000";"2,4384000"
"201900041958";"25";"5";"2019";"16:45";"1";"94";"94028";"2";"1";"2";"6";"FRANCE LIBRE(AVENUE DE LA)";"48,7796800";"2,4550800"
"201900041959";"23";"5";"2019";"17:54";"1";"94";"94028";"2";"9";"1";"3";"SARRAIL.(RUE DU GENERAL)";"48,7946800";"2,4560100"
"201900041960";"22";"5";"2019";"13:20";"1";"94";"94028";"2";"1";"1";"4";"FOCH(AVENUE DU MARECHAL)";"48,7751000";"2,4391100"
"201900041961";"21";"5";"2019";"19:40";"1";"94";"94028";"2";"1";"1";"3";"DEMENITROUX(RUE MAURICE)";"48,7800000";"2,4500000"
"201900041962";"20";"5";"2019";"13:45";"1";"94";"94028";"2";"1";"8";"2";"CHOISY(ROUTE DE)";"48,7834700";"2,4472000"
"201900041963";"14";"5";"2019";"17:45";"1";"94";"94028";"2";"1";"1";"3";"MECHES.(RUE DES)";"48,7916400";"2,4558700"
"201900041964";"13";"5";"2019";"11:00";"1";"94";"94028";"2";"1";"1";"7";"VERDUN.(AVENUE DE)";"48,7992351";"2,4664367"
"201900041965";"11";"5";"2019";"11:00";"1";"94";"94068";"2";"9";"1";"6";"JEAN BART (R)";"48,7914400";"2,4775300"
"201900041966";"11";"5";"2019";"03:00";"5";"94";"94011";"2";"5";"3";"3";"CATALAS.(RUE JEAN)";"48,7629900";"2,4795600"
"201900041967";"29";"4";"2019";"20:35";"2";"94";"94028";"2";"9";"1";"4";"MAGELLAN (AVENUE)";"48,7689000";"2,4547000"
"201900041968";"7";"5";"2019";"12:45";"1";"94";"94081";"1";"9";"1";"2";"BRETELLE A86";"48,7742280";"2,4029833"
"201900041969";"6";"5";"2019";"17:17";"1";"94";"94011";"2";"1";"1";"3";"BICENTENAIRE.(AVENUE DU)";"48,7657300";"2,4888700"
"201900041970";"3";"5";"2019";"19:00";"1";"94";"94028";"2";"1";"3";"3";"avenue de la POMPADOUR";"48,7732800";"2,4357100"
"201900041971";"1";"5";"2019";"22:25";"5";"94";"94028";"1";"1";"1";"4";"FOCH(AVENUE DU MARECHAL)";"48,7812000";"2,4372600"
"201900041972";"30";"4";"2019";"19:05";"1";"94";"94011";"2";"3";"1";"3";"ROSTAND.(RUE JEAN)";"48,7666700";"2,4844700"
"201900041973";"30";"4";"2019";"01:50";"3";"94";"94011";"1";"1";"1";"7";"BOISSY.(AVENUE DE)";"48,7608900";"2,4975700"
"201900041974";"18";"5";"2019";"20:10";"1";"94";"94054";"2";"1";"1";"1";"NORMANDE (VOI)";"48,7389800";"2,4020600"
"201900041975";"18";"5";"2019";"16:30";"1";"94";"94022";"2";"1";"1";"6";"INSURRECTION PARISIENNE (R DE L)";"48,7694900";"2,4048500"
"201900041976";"15";"5";"2019";"15:13";"1";"94";"94022";"2";"9";"1";"2";"ANATOLE FRANCE (AV)";"48,7645700";"2,4097500"
"201900041977";"13";"5";"2019";"23:30";"5";"94";"94022";"2";"2";"1";"3";"STALINGRAD (BD DE)";"48,7727600";"2,4001700"
"201900041978";"13";"5";"2019";"15:20";"1";"94";"94022";"2";"1";"1";"6";"LUGO (AV DE)";"48,7686000";"2,4088400"
"201900041979";"11";"5";"2019";"14:45";"1";"94";"94022";"2";"1";"1";"2";"STALINGRAD (BD DE)";"48,7703200";"2,4016800"
"201900041980";"10";"5";"2019";"10:15";"1";"94";"94054";"2";"1";"1";"2";"CHARLES TILLON (route)";"48,7462600";"2,3754300"
"201900041981";"4";"5";"2019";"03:50";"5";"94";"94022";"2";"1";"1";"6";"LUGO (AV DE)";"48,7732910";"2,4094600"
"201900041982";"7";"5";"2019";"00:50";"5";"94";"94022";"2";"1";"1";"3";"LUGO (AV DE)";"48,7697485";"2,4088705"
"201900041983";"5";"5";"2019";"14:45";"1";"94";"94022";"2";"1";"2";"6";"LEON GOURDAULT (AV)";"48,7642300";"2,4057700"
"201900041984";"30";"4";"2019";"10:40";"1";"94";"94054";"2";"1";"1";"4";"FER A CHEVAL (R DU)";"48,7420800";"2,4064500"
"201900041985";"28";"5";"2019";"12:20";"1";"94";"94019";"2";"3";"2";"3";"LIBERATION (RTE DE LA)";"48,8032230";"2,5378420"
"201900041986";"18";"5";"2019";"15:40";"1";"94";"94059";"2";"1";"1";"6";"LEFEBVRE (AV)";"48,8000000";"2,5800000"
"201900041987";"13";"5";"2019";"14:20";"1";"94";"94079";"2";"1";"2";"6";"HENRI DUNANT (AV)";"48,8231200";"2,5407300"
"201900041988";"9";"5";"2019";"14:30";"1";"94";"94060";"2";"1";"1";"3";"GENERAL DE GAULLE (R DU)";"48,7809200";"2,5735100"
"201900041989";"7";"5";"2019";"16:05";"1";"94";"94059";"2";"1";"1";"5";"MAURICE BERTEAUX (AV)";"48,8129000";"2,5666800"
"201900041990";"2";"5";"2019";"13:20";"1";"94";"94059";"2";"1";"1";"2";"Andre Rouy (AV)";"48,8191400";"2,5581800"
"201900041991";"30";"4";"2019";"16:30";"1";"94";"94079";"2";"1";"1";"5";"BISHOP'S STORDFORD (BD DE)";"48,8342338";"2,5382296"
"201900041992";"28";"5";"2019";"10:10";"1";"94";"94018";"2";"2";"8";"3";"PARIS (R DE)";"48,8258800";"2,4068900"
"201900041993";"16";"5";"2019";"11:45";"1";"94";"94069";"2";"1";"1";"6";"REPUBLIQUE (QU DE LA)";"48,8177700";"2,4226600"
"201900041994";"15";"5";"2019";"18:00";"1";"94";"94069";"2";"1";"7";"3";"MARECHAL LECLERC (R DU)";"48,8180400";"2,4228200"
"201900041995";"15";"5";"2019";"08:50";"1";"94";"94018";"2";"1";"7";"3";"GRAVELLE (AV DE)";"48,8284100";"2,4049700"
"201900041996";"14";"5";"2019";"09:50";"1";"94";"94018";"2";"2";"1";"1";"PARIS (R DE)";"48,8259000";"2,4068000"
"201900041997";"10";"5";"2019";"09:00";"1";"94";"94018";"2";"3";"1";"3";"PARIS (R DE)";"48,8214429";"2,4138524"
"201900041998";"1";"5";"2019";"15:00";"1";"94";"94018";"2";"1";"1";"6";"PARIS (R DE)";"48,8269997";"2,4050994"
"201900041999";"24";"5";"2019";"12:15";"1";"94";"94017";"2";"1";"1";"7";"VERDUN (R DE)";"48,8150000";"2,4900000"
"201900042000";"23";"5";"2019";"16:40";"1";"94";"94017";"2";"6";"1";"6";"ALFRED GREVIN (R)";"48,8146800";"2,5200500"
"201900042001";"20";"5";"2019";"10:10";"1";"94";"94017";"2";"1";"2";"3";"ALEXANDRE FOURNY (R)";"48,8189700";"2,5327800"
"201900042002";"19";"5";"2019";"13:50";"1";"94";"94017";"2";"2";"1";"3";"STALINGRAD (BD DE)";"48,8277000";"2,4940000"
"201900042003";"18";"5";"2019";"18:35";"1";"94";"94017";"2";"1";"1";"6";"MARX DORMOY (AV)";"48,8063600";"2,5273000"
"201900042004";"16";"5";"2019";"21:20";"5";"94";"94017";"2";"1";"1";"6";"BOILEAU (AV)";"48,8033500";"2,5501300"
"201900042005";"13";"5";"2019";"18:50";"1";"94";"94017";"2";"1";"1";"2";"STALINGRAD (BD DE)";"48,8180000";"2,5040000"
"201900042006";"5";"5";"2019";"12:40";"1";"94";"94017";"2";"2";"1";"3";"BEAUREGARD (AV DE)";"48,8161900";"2,5481500"
"201900042007";"28";"5";"2019";"09:00";"1";"94";"94004";"2";"1";"1";"2";"8 MAI 1945 (AV DU)";"48,7584600";"2,5038300"
"201900042008";"19";"5";"2019";"03:57";"5";"94";"94004";"2";"4";"1";"6";"GENERAL LECLERC (AV DU)";"48,7525891";"2,5064304"
"201900042009";"24";"5";"2019";"07:50";"1";"94";"94004";"2";"2";"1";"3";"SABLONS (R DES)";"48,7629910";"2,4996300"
"201900042010";"22";"5";"2019";"08:30";"1";"94";"94075";"2";"1";"1";"7";"MANDRES (R DE)";"48,7123000";"2,5384000"
"201900042011";"17";"5";"2019";"23:55";"5";"94";"94044";"2";"1";"1";"6";"VERDUN (AV DE)";"48,7333000";"2,4833000"
"201900042012";"17";"5";"2019";"16:37";"1";"94";"94044";"2";"9";"1";"3";"EUGENE VARLIN (R)";"48,7423500";"2,4912500"
"201900042013";"13";"5";"2019";"11:00";"1";"94";"94071";"2";"2";"1";"3";"MAURICE BERTEAUX (R)";"48,7739400";"2,5172300"
"201900042014";"13";"5";"2019";"00:00";"5";"94";"94071";"2";"1";"1";"7";"CHARLES DE GAULLE (R)";"48,7669000";"2,5323000"
"201900042015";"4";"5";"2019";"17:15";"1";"94";"94070";"2";"1";"2";"7";"MAROLLES (RTE DE)";"48,7276800";"2,5709200"
"201900042016";"3";"5";"2019";"19:45";"1";"94";"94004";"2";"1";"2";"6";"CHARLES LOUIS (PL)";"48,7500800";"2,5049500"
"201900042017";"21";"5";"2019";"11:40";"1";"94";"94002";"2";"3";"1";"6";"EUROPE (PL DE L)";"48,7888800";"2,4288800"
"201900042018";"14";"5";"2019";"17:00";"1";"94";"94002";"2";"1";"1";"6";"ETIENNE DOLET (R)";"48,7905658";"2,4257525"
"201900042019";"10";"5";"2019";"08:20";"1";"94";"94002";"2";"3";"1";"3";"EMILE ZOLA (R)";"48,7984200";"2,4217000"
"201900042020";"7";"5";"2019";"11:30";"1";"94";"94002";"2";"2";"1";"6";"CARNOT (PL)";"48,7958340";"2,4258020"
"201900042021";"3";"5";"2019";"14:30";"1";"94";"94002";"2";"1";"1";"6";"BLANQUI (QU)";"48,8116100";"2,4108800"
"201900042022";"28";"5";"2019";"21:58";"5";"93";"93078";"2";"1";"1";"3";"BALLANGER (BD ROBERT)";"48,9548200";"2,5369200"
"201900042023";"27";"5";"2019";"17:51";"1";"93";"93073";"2";"1";"1";"6";"BERGER (RUE GILBERT)";"48,9508200";"2,5806500"
"201900042024";"25";"5";"2019";"15:20";"1";"93";"93073";"1";"4";"2";"3";"CHAPIT RE ( RUE DU)";"49,0017940";"2,5370140"
"201900042025";"15";"5";"2019";"14:10";"1";"93";"93073";"2";"9";"1";"2";"CHAPIT RE ( RUE DU)";"49,0061500";"2,5064500"
"201900042026";"14";"5";"2019";"18:05";"1";"93";"93073";"2";"2";"1";"3";"KALIFAT (RUE)";"48,9553000";"2,5844700"
"201900042027";"13";"5";"2019";"16:36";"1";"93";"93073";"2";"1";"1";"1";"LANGEVIN (RUE PAUL)";"48,9500000";"2,5600000"
"201900042028";"7";"5";"2019";"07:50";"1";"93";"93073";"1";"9";"1";"2";"CHAPIT RE ( RUE DU)";"49,0085100";"2,5650000"
"201900042029";"6";"5";"2019";"08:45";"1";"93";"93073";"2";"1";"1";"3";"PAIX (AVENUE DE LA)";"48,9520630";"2,5667770"
"201900042030";"30";"4";"2019";"13:14";"1";"93";"93073";"2";"6";"1";"2";"PETITS PONTS (ROUTE DES)";"48,9616000";"2,5562000"
"201900042031";"14";"5";"2019";"16:30";"1";"93";"93059";"2";"1";"7";"3";"LAENNEC (AVENUE)";"48,9622500";"2,3721400"
"201900042032";"14";"5";"2019";"09:00";"1";"93";"93072";"2";"1";"1";"1";"STALINGRAD (AVENUE DE) DES N° 126 A 156";"48,9494800";"2,3852400"
"201900042033";"7";"5";"2019";"17:30";"1";"93";"93072";"2";"2";"1";"6";"AMELIE (RUE)";"48,9665900";"2,3867000"
"201900042034";"5";"5";"2019";"14:00";"1";"93";"93072";"2";"3";"2";"3";"FLEURS (RUE DES) JEAN JAURES (RUE)";"48,9669200";"2,3819900"
"201900042035";"1";"5";"2019";"15:00";"1";"93";"93059";"2";"1";"1";"6";"JULES VALLES (RUE)";"48,9585400";"2,3620500"
"201900042036";"29";"5";"2019";"19:00";"1";"93";"93071";"2";"9";"1";"6";"COMMANDANT CHARCOT (AVENUE DU)";"48,9355480";"2,5176200"
"201900042037";"28";"5";"2019";"17:50";"1";"93";"93071";"2";"1";"1";"6";"SALVADOR ALLENDE (AVENUE)";"48,9479900";"2,5287900"
"201900042038";"27";"5";"2019";"23:30";"5";"93";"93005";"2";"9";"1";"4";"MARC CHAGALL (BOULEVARD)";"48,9515900";"2,4888900"
"201900042039";"24";"5";"2019";"16:00";"1";"93";"93071";"2";"1";"1";"3";"HENRI DUNANT (AVENUE)";"48,9377390";"2,5224340"
"201900042040";"21";"5";"2019";"10:50";"1";"93";"93071";"2";"1";"1";"6";"RAOUL DAUTRY (AVENUE)";"48,9490670";"2,5248930"
"201900042041";"19";"5";"2019";"00:00";"5";"93";"93071";"2";"1";"1";"3";"LIVRY (AVENUE DE)";"48,9310300";"2,5392700"
"201900042042";"17";"5";"2019";"17:10";"1";"93";"93071";"2";"3";"1";"2";"VICTOR HUGO (AVENUE)";"48,9301880";"2,5257560"
"201900042043";"15";"5";"2019";"01:50";"5";"93";"93071";"2";"4";"1";"2";"LUCIEN SPORTISS (RUE)";"48,9375150";"2,5308000"
"201900042044";"24";"5";"2019";"15:15";"1";"93";"93070";"2";"2";"1";"3";"JEAN-JAURES (BD)";"48,9151000";"2,3377400"
"201900042045";"16";"5";"2019";"18:00";"1";"93";"93070";"2";"9";"1";"6";"CAPITAINE-GLARNER (AV)";"48,9046000";"2,3287000"
"201900042046";"13";"5";"2019";"19:50";"1";"93";"93070";"2";"3";"1";"3";"ALBERT-DHALENNE (RUE)";"48,9145100";"2,3322000"
"201900042047";"13";"5";"2019";"12:25";"1";"93";"93070";"2";"4";"1";"1";"GABRIEL-PERI (AV)";"48,9071700";"2,3345230"
"201900042048";"6";"5";"2019";"16:55";"1";"93";"93070";"2";"1";"1";"3";"MICHELET(AV):N°1AU 103";"48,9105200";"2,3441200"
"201900042049";"30";"4";"2019";"18:05";"1";"93";"93070";"2";"9";"1";"3";"MICHELET (AVE) : DU 1 AU 103";"48,9063200";"2,3443500"
"201900042050";"30";"4";"2019";"17:30";"1";"93";"93070";"2";"1";"1";"6";"MICHELET(AV):N°1AU 103";"48,9041200";"2,3442100"
"201900042051";"29";"4";"2019";"21:25";"5";"93";"93070";"2";"1";"1";"1";"ALBERT-DHALENNE (RUE)";"48,9100000";"2,3300000"
"201900042052";"28";"5";"2019";"09:40";"1";"93";"93066";"2";"1";"8";"6";"ANDRE CAMPRA (RUE)";"48,9192000";"2,3520000"
"201900042053";"28";"5";"2019";"07:00";"1";"93";"93066";"2";"1";"2";"6";"GORKI MAXIME";"48,9415000";"2,3872000"
"201900042054";"25";"5";"2019";"13:58";"1";"93";"93027";"1";"1";"1";"1";"BLOCH (IMPASSE PRAEGER)";"48,9281829";"2,4135070"
"201900042055";"24";"5";"2019";"09:30";"1";"93";"93066";"2";"2";"1";"3";"""LANDY RD 20, NR IMPAIRS 146 A 254""";"48,9142105";"2,3442078"
"201900042056";"23";"5";"2019";"19:10";"1";"93";"93066";"2";"1";"1";"6";"STADE DE FRANCE (AVENUE DU)";"48,9191170";"2,3617850"
"201900042057";"19";"5";"2019";"21:15";"5";"93";"93066";"2";"1";"2";"3";"FORT DE LA BRICHE";"48,9428100";"2,3401800"
"201900042058";"17";"5";"2019";"09:00";"1";"93";"93066";"2";"1";"1";"2";"WILSON (AVENUE DU PRESIDENT)";"48,9024700";"2,3589900"
"201900042059";"15";"5";"2019";"19:50";"1";"93";"93066";"2";"2";"1";"3";"FRUITIERS (AVENUE)";"48,9165100";"2,3547600"
"201900042060";"14";"5";"2019";"10:05";"1";"93";"93066";"2";"6";"1";"3";"""LANDY RD 20, NR IMPAIRS 1 A 144""";"48,9154000";"2,3576300"
"201900042061";"21";"6";"2019";"13:15";"1";"78";"78418";"1";"1";"1";"3";"A14";"48,9170280";"2,1241450"
"201900042062";"21";"6";"2019";"09:20";"1";"78";"78640";"1";"1";"1";"5";"RN12 EXT";"48,7813180";"2,1690620"
"201900042063";"20";"6";"2019";"17:45";"1";"92";"92025";"1";"1";"1";"3";"A86";"48,9207542";"2,2254576"
"201900042064";"20";"6";"2019";"17:30";"1";"78";"78140";"1";"1";"1";"7";"A13";"48,9650940";"1,9248550"
"201900042065";"20";"6";"2019";"10:00";"1";"92";"92062";"1";"1";"1";"7";"RN1014 W";"48,8877062";"2,2515497"
"201900042066";"20";"6";"2019";"07:55";"1";"78";"78140";"1";"1";"2";"2";"A13";"48,9672890";"1,9206450"
"201900042067";"21";"6";"2019";"17:41";"1";"95";"95527";"1";"1";"1";"5";"AUTOROUTE A1";"48,9871600";"2,5076400"
"201900042068";"22";"6";"2019";"12:30";"1";"95";"95582";"1";"1";"1";"4";"AUTOROUTE A15";"48,9691900";"2,2507500"
"201900042069";"22";"6";"2019";"10:00";"1";"93";"93007";"1";"1";"1";"2";"AUTOROUTE A3";"48,9340900";"2,4808100"
"201900042070";"22";"6";"2019";"06:10";"2";"95";"95572";"1";"1";"1";"6";"RN 184";"49,0485200";"2,1344600"
"201900042071";"21";"6";"2019";"18:15";"1";"95";"95607";"1";"1";"1";"5";"AUTOROUTE A115";"49,0289000";"2,2025800"
"201900042072";"21";"6";"2019";"13:30";"1";"93";"93066";"1";"1";"1";"2";"AUTOROUTE A1";"48,9253400";"2,3568800"
"201900042073";"21";"6";"2019";"08:45";"1";"95";"95241";"1";"1";"1";"7";"RN 104";"49,0534700";"2,4260300"
"201900042074";"20";"6";"2019";"21:00";"2";"95";"95582";"1";"1";"1";"3";"AUTOROUTE A15";"48,9664600";"2,2571000"
"201900042075";"20";"6";"2019";"15:00";"1";"95";"95028";"1";"1";"1";"3";"RN 104";"49,0625500";"2,3370400"
"201900042076";"20";"6";"2019";"10:25";"1";"93";"93010";"1";"1";"2";"2";"AUTOROUTE A3";"48,9065300";"2,4724700"
"201900042077";"20";"6";"2019";"09:05";"1";"93";"93064";"1";"1";"2";"7";"AUTOROUTE A86";"48,8842600";"2,4695800"
"201900042078";"19";"6";"2019";"08:23";"1";"92";"92036";"1";"1";"1";"7";"AUTOROUTE A15";"48,9370324";"2,2950094"
"201900042079";"22";"6";"2019";"10:45";"1";"94";"94017";"1";"1";"1";"3";"A4";"48,8132600";"2,5084600"
"201900042080";"22";"6";"2019";"02:35";"4";"94";"94017";"1";"1";"1";"7";"A4";"48,8280945";"2,5033698"
"201900042081";"21";"6";"2019";"23:10";"5";"94";"94046";"1";"1";"1";"6";"A86 INT";"48,8042000";"2,4484000"
"201900042082";"21";"6";"2019";"17:10";"1";"94";"94069";"1";"1";"1";"3";"A4";"48,8178400";"2,4357500"
"201900042083";"21";"6";"2019";"11:20";"1";"77";"77372";"1";"1";"1";"3";"A104";"48,8917600";"2,6669040"
"201900042084";"20";"6";"2019";"07:40";"1";"94";"94015";"1";"1";"3";"7";"A4";"48,8317416";"2,5314883"
"201900042085";"19";"6";"2019";"09:20";"1";"94";"94028";"1";"1";"1";"5";"A86 EXT";"48,7898168";"2,4406865"
"201900042086";"6";"6";"2019";"23:31";"5";"2B";"2B033";"2";"9";"1";"3";"SEBASTIANI  - AVENUE";"42,7022000";"9,4508000"
"201900042087";"3";"6";"2019";"06:25";"1";"91";"91377";"2";"1";"1";"6";"CARNOT (AVENUE)";"48,7248200";"2,2600200"
"201900042088";"9";"6";"2019";"19:40";"1";"91";"91687";"2";"9";"1";"3";"VICTOR SCHOELCHER (PLACE)";"48,6475600";"2,3672800"
"201900042089";"8";"1";"2019";"16:30";"1";"84";"84007";"2";"3";"1";"6";"AMANDIER (Avenue de l')";"43,9317000";"4,8472800"
"201900042090";"29";"5";"2019";"18:25";"1";"73";"73065";"1";"1";"1";"4";"N201 VRU";"45,5871555";"5,9037458"
"201900042091";"11";"6";"2019";"10:15";"1";"71";"71306";"2";"1";"1";"7";"NOUVEAU PORT (QUAI DU)";"46,6618900";"4,3475400"
"201900042092";"3";"6";"2019";"19:05";"1";"71";"71270";"2";"1";"1";"6";"JEANTON (RUE GABRIEL)";"46,3035000";"4,8289600"
"201900042093";"3";"6";"2019";"09:30";"1";"71";"71059";"2";"1";"1";"6";"COUCHES (ROUTE DE)";"46,8073400";"4,4641700"
"201900042094";"5";"6";"2019";"20:00";"2";"69";"69013";"2";"1";"1";"2";"RN6 (CHARTONNIERE)";"46,0027400";"4,7195100"
"201900042095";"29";"5";"2019";"13:30";"1";"69";"69092";"2";"4";"1";"3";"REMUET (rue Joseph)";"45,9847600";"4,6904000"
"201900042096";"15";"6";"2019";"21:50";"1";"64";"64335";"2";"1";"1";"6";"EUROPE DE L'";"43,3177000";" -0,4329000"
"201900042097";"4";"6";"2019";"16:20";"1";"64";"64445";"2";"1";"1";"6";"MONTPENSIER";"43,3005300";" -0,3725900"
"201900042098";"14";"6";"2019";"10:45";"1";"63";"63113";"2";"3";"1";"6";"INDUSTRIE (RUE DE L')";"45,7857140";"3,1195180"
"201900042099";"12";"6";"2019";"12:59";"1";"63";"63113";"2";"1";"1";"2";"LAFAYETTE (BD)";"45,7714097";"3,0996818"
"201900042100";"29";"5";"2019";"16:30";"1";"62";"62498";"2";"2";"1";"6";"BETHUNE (RTE DE)";"50,4327000";"2,8224600"
"201900042101";"27";"5";"2019";"08:50";"1";"62";"62771";"2";"3";"1";"1";"MARAIS (R DU)";"50,4253800";"2,8623800"
"201900042102";"4";"6";"2019";"16:18";"1";"51";"51454";"2";"3";"1";"1";"RUE LAMOUCHE";"49,2659365";"4,0211900"
"201900042103";"13";"6";"2019";"16:35";"1";"50";"50218";"2";"3";"1";"2";"SAINTONGE (RUE)";"48,8366220";" -1,5995500"
"201900042104";"3";"6";"2019";"10:30";"1";"49";"49328";"2";"1";"2";"3";"CADRE NOIR (PONT DU) N 347";"47,2729400";" -0,0816200"
"201900042105";"31";"5";"2019";"07:50";"1";"49";"49328";"2";"1";"1";"2";"CADRE NOIR (PONT DU) N 347";"47,2668700";" -0,0914500"
"201900042106";"29";"5";"2019";"03:30";"3";"45";"45004";"1";"9";"1";"7";"RD 2060";"48,0073700";"2,8246500"
"201900042107";"8";"4";"2019";"17:30";"1";"44";"44109";"2";"1";"1";"2";"RUE JULES SIEGFRIED";"47,2041500";" -1,5670000"
"201900042108";"10";"6";"2019";"15:15";"1";"44";"44132";"2";"1";"1";"7";"SAINT NAZAIRE (BOULEVARD DE)";"47,2599100";" -2,3309400"
"201900042109";"17";"6";"2019";"17:15";"1";"41";"41047";"2";"1";"1";"1";"CHAMPLOUET (RUE DE)";"47,6157300";"1,3490800"
"201900042110";"8";"6";"2019";"13:10";"1";"41";"41047";"2";"3";"1";"3";"RD 2152";"47,6172600";"1,3657000"
"201900042111";"2";"6";"2019";"13:25";"1";"41";"41018";"2";"1";"1";"2";"CURIE (RUE PIERRE ET MARIE)";"47,5924100";"1,3185800"
"201900042112";"15";"6";"2019";"19:10";"1";"34";"34129";"2";"1";"1";"3";"PALAVAS D986 (ROUTE DE)";"43,5812500";"3,8983400"
"201900042113";"30";"5";"2019";"10:00";"1";"34";"34172";"2";"9";"1";"2";"AURIOL (AVENUE VINCENT)";"43,6415747";"3,8474960"
"201900042114";"18";"6";"2019";"22:10";"5";"31";"31483";"2";"1";"1";"7";"ISLE (AVENUE DE L')";"43,1116900";"0,7257900"
"201900042115";"12";"6";"2019";"18:45";"1";"29";"29051";"1";"1";"8";"4";"RN 165";"48,0025205";" -4,0549769"
"201900042116";"4";"6";"2019";"13:20";"1";"26";"26252";"1";"1";"1";"4";"BEAUVALLON ROUTE";"44,8882200";"4,8933620"
"201900042117";"6";"6";"2019";"07:20";"1";"25";"25056";"2";"1";"1";"6";"BLUM  BOULEVARD LEON (inf 51)";"47,2624800";"6,0404300"
"201900042118";"1";"6";"2019";"20:50";"1";"25";"25056";"2";"1";"1";"5";"20 rue de Vesoul";"47,2504300";"6,0186000"
"201900042119";"12";"6";"2019";"18:00";"1";"21";"21231";"2";"1";"1";"3";"PIERRE DE COUBERTIN (RUE)";"47,3118100";"5,0808500"
"201900042120";"5";"6";"2019";"03:12";"4";"17";"17028";"2";"1";"1";"6";"CLAIRES   RUE DES";"46,1291080";" -1,1344270"
"201900042121";"15";"6";"2019";"00:40";"5";"13";"13056";"2";"1";"1";"6";"ALLENDE BOULEVARD SALVADOR";"43,4157600";"5,0590300"
"201900042122";"17";"6";"2019";"21:00";"1";"13";"13207";"2";"2";"1";"3";"Corniche John Fitzgérald Kennedy";"43,2830000";"5,3500000"