"Num_Acc";"jour";"mois";"an";"hrmn";"lum";"dep";"com";"agg";"int";"atm";"col";"adr";"lat";"long"
"201900042123";"16";"6";"2019";"06:45";"1";"13";"13205";"2";"2";"1";"3";"SAKAKINI (BOULEVARD)";"43,2998900";"5,4007000"
"201900042124";"16";"6";"2019";"02:00";"5";"13";"13205";"2";"3";"1";"3";"TERRUSSE (RUE)";"43,2963400";"5,3916400"
"201900042125";"15";"6";"2019";"23:02";"5";"13";"13201";"2";"1";"1";"6";"BELGES (QUAI DES)";"43,2941100";"5,3743400"
"201900042126";"12";"6";"2019";"15:45";"1";"13";"13206";"2";"1";"1";"6";"PRADO (AVENUE DU)";"43,2854600";"5,3839200"
"201900042127";"11";"6";"2019";"09:00";"1";"13";"13205";"2";"4";"2";"6";"SAINT PIERRE (RUE)";"43,2912300";"5,4171000"
"201900042128";"10";"6";"2019";"23:25";"5";"13";"13205";"2";"1";"1";"2";"BAILLE (BOULEVARD)";"43,2877600";"5,3901100"
"201900042129";"10";"6";"2019";"12:10";"1";"13";"13207";"2";"1";"1";"3";"CORDERIE (BOULEVARD DE LA)";"43,2903300";"5,3689400"
"201900042130";"10";"6";"2019";"09:15";"1";"13";"13207";"2";"1";"1";"6";"ENDOUME (RUE D')";"43,2912200";"5,3667700"
"201900042131";"5";"6";"2019";"20:45";"1";"13";"13206";"2";"7";"1";"3";"CASTELLANE (PLACE)";"43,2856700";"5,3840600"
"201900042132";"5";"6";"2019";"10:30";"1";"13";"13204";"2";"3";"1";"6";"FISSIAUX (IMPASSE)";"43,3025310";"5,3960170"
"201900042133";"5";"6";"2019";"08:20";"1";"13";"13206";"2";"1";"1";"6";"BAILLE (BOULEVARD)";"43,2874800";"5,3890700"
"201900042134";"4";"6";"2019";"10:05";"1";"13";"13207";"2";"1";"1";"6";"Corniche John Fitzgérald Kennedy";"43,2706400";"5,3633300"
"201900042135";"1";"6";"2019";"11:35";"1";"13";"13206";"2";"1";"1";"6";"PRADO (AVENUE DU)";"43,2839000";"5,3845600"
"201900042136";"1";"6";"2019";"10:50";"1";"13";"13207";"2";"1";"1";"3";"Corniche John Fitzgérald Kennedy";"43,2876900";"5,3522600"
"201900042137";"30";"5";"2019";"19:00";"1";"13";"13206";"2";"1";"1";"6";"BAILLE (BOULEVARD)";"43,2864300";"5,3858900"
"201900042138";"2";"6";"2019";"16:20";"1";"5";"05061";"1";"1";"1";"7";"RD944";"44,6022200";"6,1108500"
"201900042139";"29";"4";"2019";"18:15";"1";"94";"94080";"2";"1";"1";"6";"PARIS (AV DE)";"48,8452200";"2,4330600"
"201900042140";"4";"6";"2019";"08:50";"1";"94";"94080";"2";"1";"8";"6";"CHATEAU (AV DU)";"48,8471000";"2,4368700"
"201900042141";"12";"6";"2019";"07:45";"1";"94";"94041";"2";"1";"1";"3";"PIERRE SEMARD (AV)";"48,8190800";"2,3805400"
"201900042142";"18";"6";"2019";"13:25";"1";"94";"94060";"2";"2";"1";"3";"GENERAL DE GAULLE (R DU)";"48,7818940";"2,5702070"
"201900042143";"10";"6";"2019";"00:00";"5";"94";"94055";"2";"1";"1";"2";"PROVINS (RTE DE)";"48,7957300";"2,5499800"
"201900042144";"4";"6";"2019";"08:35";"1";"94";"94017";"2";"1";"9";"3";"STALINGRAD (BD DE)";"48,8222500";"2,4981300"
"201900042145";"3";"6";"2019";"12:30";"1";"93";"93073";"1";"9";"8";"2";"CHAPIT RE ( RUE DU)";"49,0030910";"2,5368530"
"201900042146";"31";"5";"2019";"18:50";"1";"93";"93047";"2";"1";"1";"6";"JEAN JAURES (AVENUE)";"48,8996800";"2,5478200"
"201900042147";"16";"3";"2019";"01:10";"5";"93";"93014";"2";"2";"1";"3";"GAGARINE (BOULEVARD)";"48,9081000";"2,5329000"
"201900042148";"5";"6";"2019";"09:25";"1";"92";"92049";"2";"3";"1";"3";"BROSSOLETTE AVENUE PIERRE";"48,8175951";"2,3077344"
"201900042149";"4";"6";"2019";"10:10";"1";"92";"92049";"2";"1";"8";"6";"REPUBLIQUE AVENUE DE LA N°1 A 79";"48,8190300";"2,3199800"
"201900042150";"2";"6";"2019";"20:14";"1";"92";"92049";"2";"1";"1";"1";"BRIAND AVENUE ARISTIDE AUTRES N°";"48,7983955";"2,3226301"
"201900042151";"25";"3";"2019";"16:17";"1";"92";"92009";"2";"1";"1";"6";"R. P.CORENTIN-CLOAREC ( AVE )";"48,9137410";"2,2621910"
"201900042152";"24";"2";"2019";"19:30";"5";"69";"69244";"2";"1";"1";"6";"16 promenade des tuileries";"45,7627860";"4,7786250"
"201900042153";"4";"6";"2019";"20:40";"1";"33";"33080";"1";"1";"2";"6";"AUTOROUTE A 62";"44,7239200";" -0,5249700"
"201900042154";"18";"6";"2019";"16:15";"1";"94";"94016";"1";"1";"1";"5";"AUTOROUTE A6A";"48,7977000";"2,3437000"
"201900042155";"18";"6";"2019";"15:05";"1";"91";"91589";"1";"1";"1";"3";"AUTOROUTE A6";"48,6766000";"2,3394000"
"201900042156";"17";"6";"2019";"17:00";"1";"91";"91534";"1";"1";"1";"4";"RN 118";"48,7398000";"2,1814000"
"201900042157";"13";"6";"2019";"09:45";"1";"94";"94034";"1";"1";"1";"2";"AUTOROUTE A86";"48,7572000";"2,3298000"
"201900042158";"11";"6";"2019";"19:00";"2";"91";"91471";"1";"1";"3";"4";"RD 188 CHEVREUSE";"48,7080000";"2,1904000"
"201900042159";"6";"6";"2019";"19:00";"1";"91";"91689";"1";"1";"1";"2";"AUTOROUTE A6";"48,7276000";"2,3138000"
"201900042160";"6";"6";"2019";"16:45";"1";"94";"94076";"1";"1";"1";"7";"AUTOROUTE A6B";"48,7860000";"2,3454000"
"201900042161";"4";"6";"2019";"18:45";"1";"93";"93066";"1";"1";"3";"2";"AUTOROUTE A1";"48,9299100";"2,3641900"
"201900042162";"2";"6";"2019";"18:40";"1";"93";"93005";"1";"1";"1";"2";"AUTOROUTE A3";"48,9535500";"2,4737900"
"201900042163";"1";"6";"2019";"19:35";"1";"93";"93053";"1";"1";"1";"2";"AUTOROUTE A3";"48,8839200";"2,4662900"
"201900042164";"10";"6";"2019";"00:00";"5";"988";"98818";"2";"3";"1";"3";"IEKAWE (RUE JACQUES)";" -22,2223000";"166,4813300"
"201900042165";"9";"6";"2019";"23:55";"5";"988";"98818";"2";"1";"1";"6";"ROUTE EXPRESS DU MONT DORE";" -22,2344800";"166,4875100"
"201900042166";"9";"6";"2019";"17:30";"5";"988";"98818";"1";"1";"2";"2";"RUE CONTRE AMIRAL JOSEPH DU BOUZET";" -22,2672600";"166,4114300"
"201900042167";"9";"6";"2019";"16:20";"1";"988";"98818";"1";"1";"2";"2";"VE1 SENS SUD/NORD";" -22,2451600";"166,4584400"
"201900042168";"4";"6";"2019";"08:00";"1";"988";"98818";"2";"9";"1";"2";"VE1 SENS SUD/NORD";" -22,2573100";"166,4476000"
"201900042169";"4";"6";"2019";"08:15";"1";"988";"98818";"2";"3";"1";"2";"RUE R.P. GAUDET/RUE TARAGNAT";" -22,2725500";"166,4539300"
"201900042170";"30";"5";"2019";"09:55";"1";"988";"98818";"2";"2";"1";"6";"AVENUE DU MARECHAL FOCH/VERDUN";" -22,2759724";"166,4429160"
"201900042171";"29";"5";"2019";"12:00";"1";"988";"98818";"2";"1";"1";"4";"AVENUE JAMES COOK";" -22,2680560";"166,4228610"
"201900042172";"17";"6";"2019";"10:58";"1";"976";"97611";"2";"3";"1";"6";"kaweni-Kaweni sud  (Z I)";" -12,7731000";"45,2229900"
"201900042173";"14";"6";"2019";"19:40";"5";"976";"97611";"2";"9";"1";"2";"kaweni-GEOLE (la)";" -12,7670400";"45,2246300"
"201900042174";"14";"6";"2019";"17:00";"1";"976";"97611";"2";"1";"1";"6";"tsoundzou-Cadjifouteni ( rue )";" -12,8065800";"45,2053200"
"201900042175";"8";"6";"2019";"21:15";"3";"976";"97611";"2";"3";"1";"3";"mamoudzou centre-RP Passot quai colas (R";" -12,7760700";"45,2320900"
"201900042176";"6";"6";"2019";"20:15";"5";"976";"97611";"2";"1";"1";"6";"mamoudzou centre-Rassi Boina Kaïm (rue)";" -12,7844650";"45,2292360"
"201900042177";"3";"6";"2019";"12:45";"1";"976";"97611";"2";"9";"1";"3";"kaweni-Mangrove (route de la)";" -12,7730000";"45,2230300"
"201900042178";"3";"6";"2019";"06:57";"1";"976";"97611";"2";"9";"1";"6";"passamanty-Cavani-Be (rue)";" -12,8001500";"45,2156700"
"201900042179";"1";"6";"2019";"17:20";"2";"976";"97611";"2";"1";"1";"3";"kaweni-Mangrove (route de la)";" -12,7727700";"45,2249300"
"201900042180";"30";"5";"2019";"22:25";"3";"976";"97611";"2";"1";"1";"7";"tsoundzou-Cadjifouteni ( rue )";" -12,8079000";"45,2044700"
"201900042181";"9";"6";"2019";"18:00";"5";"974";"97416";"1";"1";"1";"6";"Allée des cèdres";" -21,3081600";"55,4266500"
"201900042182";"17";"6";"2019";"17:20";"1";"974";"97416";"2";"1";"1";"6";"Rue de Cambuston";" -20,9325900";"55,6483000"
"201900042183";"17";"6";"2019";"06:30";"1";"974";"97416";"1";"3";"1";"4";"ANCIENNE RN2 (2)";" -21,3324420";"55,4803980"
"201900042184";"12";"6";"2019";"19:15";"1";"974";"97416";"2";"3";"2";"6";"Avenue Marcel Hoarau";" -20,9017400";"55,4921600"
"201900042185";"8";"6";"2019";"18:30";"3";"974";"97416";"1";"1";"1";"6";"DIAGONALE(CHEMIN)";" -21,3073900";"55,4711200"
"201900042186";"8";"6";"2019";"17:50";"2";"974";"97416";"2";"3";"1";"3";"ZONE (ALLEE DE LA)";" -21,3171600";"55,4742100"
"201900042187";"2";"6";"2019";"11:45";"1";"974";"97416";"1";"1";"1";"3";"Chemin Badamier";" -21,3083200";"55,4570500"
"201900042188";"16";"6";"2019";"05:15";"5";"974";"97411";"2";"1";"1";"6";"JAURES (BOULEVARD JEAN)";" -20,8973000";"55,4752000"
"201900042189";"7";"6";"2019";"15:00";"1";"974";"97411";"1";"1";"1";"2";"JAURES (BLD 2 JEAN)";" -20,9010600";"55,4910600"
"201900042190";"15";"6";"2019";"14:15";"1";"974";"97411";"2";"1";"1";"2";"Boulevard Notre dame de la Trinité";" -20,8943000";"55,4674900"
"201900042191";"15";"6";"2019";"10:30";"1";"974";"97411";"2";"1";"1";"6";"LECONTE DE LISLE (AVENUE)";" -20,8923072";"55,4828078"
"201900042192";"14";"6";"2019";"15:00";"1";"974";"97411";"2";"3";"1";"6";"Avenue Leconte de Lisle";" -20,9031840";"55,4920080"
"201900042193";"11";"6";"2019";"17:02";"5";"974";"97411";"2";"1";"1";"5";"Avenue Pasteur";" -20,9450000";"55,2929000"
"201900042194";"11";"6";"2019";"17:10";"1";"974";"97411";"2";"1";"8";"6";"MONNERVILLE (BOULEVARD GASTON)";" -20,8950000";"55,4498000"
"201900042195";"10";"6";"2019";"17:10";"1";"974";"97411";"2";"3";"1";"2";"Boulevard Jean Jaurès";" -20,8937050";"55,4856560"
"201900042196";"8";"6";"2019";"17:35";"1";"974";"97411";"2";"1";"1";"3";"Boulevard Notre dame de la trinité";" -20,8945400";"55,4676700"
"201900042197";"7";"6";"2019";"18:15";"5";"974";"97411";"2";"3";"1";"3";"CHATEL (JEAN)";" -20,8727600";"55,4484000"
"201900042198";"7";"6";"2019";"21:30";"5";"974";"97411";"1";"1";"1";"4";"Rue Marcel Hoarau";" -20,9068500";"55,4889000"
"201900042199";"5";"6";"2019";"12:23";"1";"974";"97411";"2";"1";"1";"6";"Rue Léopold Rambaud";" -20,8851800";"55,4674000"
"201900042200";"4";"6";"2019";"13:00";"1";"974";"97411";"2";"2";"1";"3";"CHATEL (JEAN)";" -20,8817500";"55,4510600"
"201900042201";"4";"6";"2019";"08:30";"1";"974";"97411";"2";"1";"1";"6";"DAUDET (ALPHONSE)";" -20,8945700";"55,4597600"
"201900042202";"1";"6";"2019";"21:30";"5";"974";"97411";"2";"9";"1";"1";"BOUGAINVILLEES (ROUTE DES)";" -20,8917000";"55,4196000"
"201900042203";"14";"6";"2019";"15:50";"1";"974";"97409";"2";"1";"1";"6";"CAMBUSTON (rue de)";" -20,9321400";"55,6445200"
"201900042204";"11";"6";"2019";"08:20";"1";"974";"97409";"2";"1";"8";"6";"Boulevard Gaston Monnerville";" -20,8950000";"55,4498000"
"201900042205";"2";"6";"2019";"20:10";"1";"974";"97409";"2";"1";"1";"3";"Rue Alphonse Daudet";" -20,8945700";"55,4597600"
"201900042206";"29";"5";"2019";"12:15";"1";"974";"97409";"2";"1";"1";"3";"Rue Arc en ciel";" -20,9634200";"55,6437000"
"201900042207";"18";"6";"2019";"07:00";"1";"974";"97407";"2";"4";"1";"3";"Rond point de Cambaie";" -20,9522700";"55,2947000"
"201900042208";"12";"6";"2019";"11:50";"1";"974";"97407";"2";"1";"1";"6";"Rue de Nice";" -20,9434600";"55,2879600"
"201900042209";"12";"6";"2019";"01:50";"3";"974";"97407";"1";"1";"2";"6";"RD 26 (à vérifier avec PV)";" -20,9503509";"55,2925354"
"201900042210";"3";"6";"2019";"16:30";"1";"974";"97407";"2";"1";"1";"3";"VERGES(AVENUE)";" -20,9394700";"55,3028000"
"201900042211";"29";"5";"2019";"16:20";"1";"974";"97407";"1";"1";"1";"6";"ROUTE NATIONALE N° 1";" -20,9469500";"55,3230000"
"201900042212";"2";"6";"2019";"09:10";"1";"974";"97407";"2";"1";"1";"6";"Avenue Raymond Vergès";" -20,9393000";"55,3010800"
"201900042213";"28";"5";"2019";"18:10";"5";"974";"97407";"2";"3";"1";"6";"Avenue Raymond Vergès";" -20,9395600";"55,3026700"
"201900042214";"17";"6";"2019";"07:30";"1";"973";"97302";"1";"6";"1";"3";"LEBLOND (ROND POINT)";"4,9215409";" -52,3298121"
"201900042215";"14";"6";"2019";"17:10";"1";"973";"97302";"2";"1";"1";"3";"MADELEINE (ROUTE DE LA)";"4,9158300";" -52,3212300"
"201900042216";"14";"6";"2019";"08:00";"1";"973";"97302";"2";"1";"1";"3";"BADUEL (ROUTE DE)";"4,9289806";" -52,2972286"
"201900042217";"12";"6";"2019";"14:00";"1";"973";"97302";"2";"2";"1";"3";"MANDELA  (BOULEVARD)";"4,9400474";" -52,3266507"
"201900042218";"10";"6";"2019";"08:57";"1";"973";"97302";"1";"3";"2";"6";"MONTABO (ROUTE DE) 2";"4,9417433";" -52,3041916"
"201900042219";"8";"6";"2019";"16:48";"1";"973";"97302";"2";"2";"1";"3";"BADUEL (ROUTE DE)";"4,9392956";" -52,3183912"
"201900042220";"7";"6";"2019";"05:55";"5";"973";"97302";"2";"1";"2";"6";"MADELEINE (ROUTE DE LA)";"4,9185693";" -52,3216367"
"201900042221";"2";"11";"2019";"08:20";"1";"13";"13015";"1";"1";"2";"7";"A515CD-Gardanne vers A51-Marseille";"43,4302000";"5,3902000"
"201900042222";"27";"10";"2019";"11:05";"1";"13";"13202";"2";"9";"1";"2";"TVPCD-Sens Les Ports vers Saint Victor";"43,2916500";"5,3675900"
"201900042223";"22";"10";"2019";"16:50";"1";"13";"13071";"1";"1";"2";"2";"A51-Sens Aix en Provence vers Marseille";"43,3892296";"5,3509119"
"201900042224";"30";"10";"2019";"17:15";"1";"13";"13106";"1";"1";"1";"5";"A7-Sens Lyon vers Marseille";"43,3902000";"5,3509000"
"201900042225";"1";"11";"2019";"15:40";"1";"69";"69276";"1";"1";"3";"7";"BUS (RD301)   0.000 A 2.800";"45,6790500";"4,8473400"
"201900042226";"31";"10";"2019";"21:30";"5";"69";"69100";"1";"1";"1";"6";"A450 1.090 A 1.740 ";"45,6926900";"4,8222800"
"201900042227";"31";"10";"2019";"19:25";"5";"33";"33090";"1";"1";"1";"4";"AUTOROUTE A 63";"44,7721400";" -0,6581800"
"201900042228";"31";"10";"2019";"18:55";"1";"33";"33167";"1";"1";"1";"2";"ROUTE NATIONALE 230";"44,8455400";" -0,5022900"
"201900042229";"31";"10";"2019";"17:00";"1";"33";"33162";"1";"1";"1";"3";"ROCADE A 630";"44,8767700";" -0,6325200"
"201900042230";"31";"10";"2019";"09:00";"2";"33";"33039";"1";"1";"2";"3";"ROUTE NATIONALE 230";"44,8065800";" -0,5290300"
"201900042231";"31";"10";"2019";"07:30";"2";"33";"33249";"1";"1";"1";"4";"ROUTE NATIONALE 230";"44,8720900";" -0,5059600"
"201900042232";"30";"10";"2019";"18:30";"3";"33";"33318";"1";"1";"1";"4";"ROCADE A 630";"44,8020700";" -0,6589100"
"201900042233";"1";"11";"2019";"23:05";"3";"91";"91086";"1";"1";"2";"6";"RN 104";"48,6234800";"2,3835460"
"201900042234";"1";"11";"2019";"15:50";"1";"91";"91340";"1";"1";"2";"2";"RN 104";"48,6087300";"2,4368800"
"201900042235";"1";"11";"2019";"16:56";"1";"91";"91340";"1";"1";"2";"6";"RN 104";"48,6088000";"2,4353100"
"201900042236";"1";"11";"2019";"14:00";"1";"91";"91661";"1";"4";"2";"6";"AUTOROUTE A10";"48,6912700";"2,2241800"
"201900042237";"1";"11";"2019";"10:00";"1";"91";"91136";"1";"1";"2";"3";"AUTOROUTE A10";"48,7133100";"2,2803400"
"201900042238";"31";"10";"2019";"16:10";"1";"91";"91689";"1";"1";"2";"2";"AUTOROUTE A6";"48,7323100";"2,3156400"
"201900042239";"31";"10";"2019";"07:45";"2";"91";"91687";"1";"1";"2";"2";"AUTOROUTE A6";"48,6635000";"2,3666000"
"201900042240";"1";"11";"2019";"23:25";"3";"92";"92063";"1";"1";"2";"6";"A86";"48,8902939";"2,1713956"
"201900042241";"1";"11";"2019";"04:35";"5";"92";"92050";"1";"1";"3";"6";"A86";"48,8920518";"2,1790481"
"201900042242";"31";"10";"2019";"21:30";"3";"78";"78217";"1";"1";"1";"2";"A13";"48,9637000";"1,8272000"
"201900042243";"31";"10";"2019";"19:55";"3";"78";"78133";"1";"1";"2";"2";"A13 Y";"48,8919400";"2,0089900"
"201900042244";"31";"10";"2019";"17:50";"1";"92";"92050";"1";"1";"1";"6";"A86";"48,9009261";"2,2018138"
"201900042245";"30";"10";"2019";"16:00";"1";"92";"92050";"1";"1";"1";"2";"A86";"48,8988383";"2,1992747"
"201900042246";"29";"10";"2019";"18:55";"3";"78";"78217";"1";"1";"2";"3";"A13";"48,9656600";"1,8078900"
"201900042247";"29";"10";"2019";"18:46";"3";"95";"95488";"1";"1";"2";"3";"AUTOROUTE A15";"49,0185600";"2,1406900"
"201900042248";"29";"10";"2019";"09:50";"1";"92";"92036";"1";"1";"1";"5";"AUTOROUTE A86";"48,9385653";"2,3095845"
"201900042249";"29";"10";"2019";"09:50";"1";"92";"92036";"1";"1";"1";"5";"AUTOROUTE A86";"48,9385653";"2,3095845"
"201900042250";"29";"10";"2019";"08:10";"1";"95";"95582";"1";"1";"2";"3";"AUTOROUTE A115";"48,9756000";"2,2406700"
"201900042251";"29";"10";"2019";"06:25";"3";"93";"93005";"1";"1";"2";"6";"AUTOROUTE A3";"48,9514000";"2,4764000"
"201900042252";"2";"11";"2019";"11:10";"1";"77";"77337";"1";"1";"2";"2";"RN104";"48,8274000";"2,6170000"
"201900042253";"1";"11";"2019";"22:00";"3";"77";"77337";"1";"1";"1";"6";"RN104";"48,8299220";"2,6189730"
"201900042254";"31";"10";"2019";"20:10";"5";"94";"94073";"1";"1";"1";"5";"A86 EXT";"48,7710000";"2,3889000"
"201900042255";"30";"10";"2019";"18:20";"3";"77";"77258";"1";"1";"1";"2";"A4.W";"48,8313536";"2,6414360"
"201900042256";"29";"10";"2019";"21:21";"5";"75";"75112";"1";"1";"2";"3";"A4";"48,8246301";"2,4632806"
"201900042257";"19";"10";"2019";"09:30";"1";"77";"77258";"1";"1";"2";"2";"A4.Y";"48,8295000";"2,6224000"
"201900042258";"2";"11";"2019";"14:35";"1";"64";"64335";"2";"1";"1";"3";"OUSSE DE L'";"43,3400900";" -0,4328000"
"201900042259";"4";"11";"2019";"14:40";"1";"49";"49328";"1";"1";"1";"6";"DEMOISELLES (BOULEVARD DES)";"47,2788500";" -0,0651000"
"201900042260";"4";"11";"2019";"16:00";"1";"41";"41295";"2";"1";"2";"7";"TERTRE (RUE DU)";"47,5804372";"1,3757589"
"201900042261";"4";"11";"2019";"08:35";"1";"41";"41295";"1";"1";"1";"7";"RD 174";"47,5831000";"1,3660000"
"201900042262";"5";"11";"2019";"14:42";"1";"10";"10387";"2";"1";"8";"6";"EDOUARD HERRIOT (RUE)";"48,2739400";"4,0806500"
"201900042263";"6";"11";"2019";"08:50";"1";"92";"92049";"2";"1";"8";"7";"SALENGRO RUE ROGER N°1 A 23";"48,8131600";"2,3058600"
"201900042264";"5";"11";"2019";"22:15";"5";"92";"92020";"2";"1";"1";"3";"VERDUN AVENUE DE AUTRES N°";"48,7998800";"2,2822700"
"201900042265";"29";"10";"2019";"07:00";"2";"92";"92020";"2";"1";"2";"1";"PARIS AVENUE DE N°84 A FIN";"48,8115514";"2,3001815"
"201900042266";"4";"11";"2019";"18:45";"3";"83";"83137";"1";"1";"1";"2";"A57";"43,1334900";"5,9847600"
"201900042267";"3";"11";"2019";"23:15";"3";"93";"93008";"1";"1";"1";"6";"AUTOROUTE A86";"48,9059700";"2,4624300"
"201900042268";"30";"10";"2019";"19:55";"5";"93";"93066";"1";"1";"1";"2";"AUTOROUTE A1";"48,9112300";"2,3581900"
"201900042269";"30";"10";"2019";"08:50";"1";"93";"93007";"1";"1";"1";"2";"AUTOROUTE A3";"48,9372920";"2,4802110"
"201900042270";"6";"11";"2019";"14:50";"1";"988";"98818";"2";"6";"2";"6";"IEKAWE (RUE JACQUES)";" -22,2309300";"166,4813000"
"201900042271";"4";"11";"2019";"16:47";"1";"988";"98818";"2";"3";"1";"3";"RUE MONTCALM/RUE LAPEROUSE";" -22,2769300";"166,4514300"
"201900042272";"3";"11";"2019";"10:25";"1";"988";"98818";"2";"2";"1";"4";"18 JUIN (RUE DU)";" -22,2704200";"166,4639400"
"201900042273";"30";"10";"2019";"12:10";"1";"988";"98818";"2";"3";"1";"3";"AVENUE JAMES COOK/FELIX REUSSEIL";" -22,2678000";"166,4333100"
"201900042274";"6";"11";"2019";"15:50";"1";"974";"97416";"1";"1";"1";"6";"CHARETTE (CHEMIN)";" -21,3171000";"55,4408400"
"201900042275";"6";"11";"2019";"07:05";"1";"974";"97411";"2";"1";"1";"3";"CLINIQUE (DE LA)";" -20,9019900";"55,4776490"
"201900042276";"6";"11";"2019";"18:30";"5";"973";"97302";"2";"1";"1";"3";"BADUEL (ROUTE DE)";"4,9275055";" -52,2911453"
"201900042277";"6";"11";"2019";"08:30";"1";"973";"97302";"2";"3";"8";"3";"BRASSE (LIEUTENANT)";"4,9364200";" -52,3324700"
"201900042278";"6";"11";"2019";"03:45";"5";"973";"97302";"2";"1";"1";"6";"CHARLERY (GUSTAVE)";"4,9423686";" -52,3175865"
"201900042279";"6";"11";"2019";"22:00";"5";"69";"69386";"2";"3";"1";"3";"MOLIERE                             (R )";"45,7658400";"4,8425500"
"201900042280";"6";"11";"2019";"17:30";"5";"69";"69383";"2";"2";"1";"3";"RANCY (DES)                         (R )";"45,7561600";"4,8565900"
"201900042281";"6";"11";"2019";"13:15";"1";"69";"69388";"2";"1";"1";"3";"VIENNE (DE)                         (RO)";"45,7338200";"4,8533600"
"201900042282";"6";"11";"2019";"13:25";"1";"972";"97209";"2";"4";"1";"2";"BISHOP (Avenue Maurice)";"14,6144000";" -61,0510000"
"201900042283";"6";"11";"2019";"20:32";"5";"69";"69382";"2";"3";"1";"6";"DOCTEUR GAILLETON (DU)              (QU)";"45,7506000";"4,8319400"
"201900042284";"6";"11";"2019";"12:10";"1";"69";"69382";"2";"1";"1";"3";"CHARLEMAGNE                         (CO)";"45,7430500";"4,8212300"
"201900042285";"6";"11";"2019";"09:20";"1";"69";"69034";"2";"3";"1";"6";"LUCIEN MAITRE                       (R )";"45,7915000";"4,8230900"
"201900042286";"6";"11";"2019";"01:50";"4";"2B";"2B120";"1";"1";"1";"6";"11 - RT";"42,3843000";"9,2624000"
"201900042287";"6";"11";"2019";"07:20";"1";"971";"97120";"2";"1";"1";"6";"CHANZY (BOULEVARD)";"16,2409300";" -61,5354500"
"201900042288";"6";"11";"2019";"08:35";"1";"2A";"2A004";"2";"1";"3";"2";"ROUTE DU STILETTO";"41,9465980";"8,7660915"
"201900042289";"5";"11";"2019";"21:54";"5";"91";"91421";"2";"1";"1";"4";"NATIONALE 6 (PARTIE FORET)";"48,6837400";"2,4895100"
"201900042290";"6";"11";"2019";"08:30";"2";"91";"91687";"2";"1";"2";"2";"VICTOR SCHOELCHER (AVENUE)";"48,6521600";"2,3701000"
"201900042291";"5";"11";"2019";"16:40";"1";"91";"91457";"2";"1";"1";"6";"LOGES (ROUTE DES)";"48,5813750";"2,2876960"
"201900042292";"5";"11";"2019";"14:50";"1";"91";"91021";"2";"1";"1";"4";"JAURES JEAN (BOULEVARD)";"48,5870000";"2,2460000"
"201900042293";"5";"11";"2019";"17:24";"1";"87";"87050";"2";"1";"2";"6";"GARE (AVENUE DE LA) ";"45,8833600";"1,2432200"
"201900042294";"5";"11";"2019";"07:05";"3";"87";"87085";"1";"1";"2";"4";"AUTOROUTE A20";"45,8526800";"1,2759800"
"201900042295";"6";"11";"2019";"12:30";"1";"83";"83137";"2";"3";"1";"3";"BORIES (RUE PIERRE)";"43,1237400";"5,9595100"
"201900042296";"6";"11";"2019";"16:12";"1";"83";"83123";"1";"1";"1";"3";"BANDOL (ROUTE de)";"43,1353700";"5,7787200"
"201900042297";"5";"11";"2019";"17:16";"1";"79";"79329";"2";"2";"2";"3";"Boulevard Alfred de Vigny";"46,9770900";" -0,2074800"
"201900042298";"5";"11";"2019";"18:10";"2";"79";"79191";"2";"1";"2";"6";"1 rue Robert Turgot";"46,3324900";" -0,4108400"
"201900042299";"2";"11";"2019";"11:55";"1";"77";"77285";"2";"2";"2";"3";"D1009T X AV MAURICE DAUVERGNE";"48,5429400";"2,6315800"
"201900042300";"6";"11";"2019";"23:00";"3";"77";"77335";"1";"6";"2";"6";"N330 X VC";"48,9637700";"2,8609700"
"201900042301";"6";"11";"2019";"08:10";"1";"77";"77284";"2";"1";"8";"3";"CLAUDE (RUE GEORGES)";"48,9583600";"2,9173900"
"201900042302";"5";"11";"2019";"15:07";"1";"76";"76108";"1";"6";"1";"2";"D1043";"49,4830287";"1,1324394"
"201900042303";"5";"11";"2019";"11:35";"1";"76";"76216";"2";"3";"1";"3";"REPUBLIQUE. RUE DE LA";"49,4724700";"1,0425400"
"201900042304";"2";"11";"2019";"09:25";"1";"76";"76540";"2";"1";"1";"3";"SAINT PAUL. PLACE";"49,4346700";"1,1058900"
"201900042305";"30";"10";"2019";"16:40";"1";"76";"76576";"1";"1";"1";"1";"D6015";"49,5597700";"0,4692100"
"201900042306";"6";"11";"2019";"17:30";"5";"74";"74118";"2";"3";"1";"1";"SAINT-JULIEN (ROUTE DE)";"46,1752400";"6,2214900"
"201900042307";"5";"11";"2019";"07:55";"2";"74";"74012";"2";"1";"2";"6";"VALLEES (ROUTE DES)";"46,1938600";"6,2414500"
"201900042308";"5";"11";"2019";"17:26";"3";"72";"72181";"1";"1";"2";"4";"LATTRE DE TASSIGNY MARECHAL DE (BD)";"48,0307200";"0,1871300"
"201900042309";"6";"11";"2019";"04:15";"5";"71";"71105";"2";"1";"2";"5";"COUPEE (GRANDE-RUE DE LA)";"46,3077400";"4,8163100"
"201900042310";"5";"11";"2019";"18:25";"5";"71";"71059";"2";"1";"1";"2";"CREUSOT (RUE DU)";"46,8020100";"4,4734500"
"201900042311";"5";"11";"2019";"09:10";"1";"70";"70550";"2";"1";"1";"3";"GIRARD (RUE JEAN GEORGES)";"47,6301100";"6,1416600"