"Num_Acc";"jour";"mois";"an";"hrmn";"lum";"dep";"com";"agg";"int";"atm";"col";"adr";"lat";"long"
"201900042312";"6";"11";"2019";"17:40";"5";"69";"69266";"2";"9";"1";"6";"ANTONIN PERRIN     (Rue)";"45,7595300";"4,8849300"
"201900042313";"5";"11";"2019";"23:30";"3";"67";"67204";"1";"1";"1";"2";"WANTZENAU (ROUTE DE LA)";"48,6354100";"7,7738200"
"201900042314";"5";"11";"2019";"16:55";"5";"67";"67482";"2";"1";"2";"6";"JEAN JAURES (AVENUE)";"48,5692900";"7,7642900"
"201900042315";"5";"11";"2019";"16:10";"1";"67";"67482";"2";"1";"1";"6";"HUMANN (RUE)";"48,5756400";"7,7384200"
"201900042316";"6";"11";"2019";"18:47";"3";"67";"67462";"1";"1";"2";"2";"RN 59";"48,2678800";"7,4280200"
"201900042317";"5";"11";"2019";"22:33";"5";"67";"67462";"2";"5";"2";"3";"GENERAL DE GAULLE (PLACE DU)";"48,2591800";"7,4461600"
"201900042318";"6";"11";"2019";"17:40";"4";"64";"64445";"2";"2";"2";"2";"PERE PARDIES DU";"43,3063100";" -0,3753700"
"201900042319";"6";"11";"2019";"14:40";"1";"64";"64445";"2";"1";"2";"6";"ALSACE LORRAINE D'";"43,3029200";" -0,3625600"
"201900042320";"4";"11";"2019";"12:33";"1";"64";"64348";"1";"1";"2";"5";"MARTYRS DU PONT LONG DES";"43,3520928";" -0,3799922"
"201900042321";"5";"11";"2019";"22:50";"3";"63";"63193";"1";"1";"1";"6";"RD 769";"45,7742500";"3,2097700"
"201900042322";"6";"11";"2019";"19:23";"5";"60";"60057";"2";"2";"2";"3";"EUROPE (AVENUE DE L')";"49,4408817";"2,0764990"
"201900042323";"31";"10";"2019";"12:30";"1";"59";"59526";"1";"9";"1";"3";"ROCADE NORD(A PARTIR RUE BASSE)";"50,4369800";"3,4403800"
"201900042324";"4";"11";"2019";"18:00";"5";"57";"57757";"2";"1";"2";"6";"ROOSEVELT (RUE DU PRESIDENT) - IMPAIR";"49,3497500";"6,1892000"
"201900042325";"31";"10";"2019";"19:45";"5";"56";"56260";"2";"1";"1";"6";"LECLERC(RUE DU MARECHAL)";"47,6581000";" -2,7518700"
"201900042326";"5";"11";"2019";"17:55";"2";"54";"54578";"2";"3";"1";"3";"FORET DE HAYE (AVENUE DE LA)";"48,6568000";"6,1317000"
"201900042327";"6";"11";"2019";"08:15";"1";"51";"51454";"2";"3";"2";"2";"RUE BRIMONTEL";"49,2718798";"4,0339052"
"201900042328";"4";"11";"2019";"12:10";"1";"50";"50129";"2";"1";"8";"7";"NAPOLEON (PLACE)";"49,6424200";" -1,6233800"
"201900042329";"4";"11";"2019";"16:15";"1";"50";"50129";"2";"1";"1";"3";"VAL DE SAIRE (RUE DU)";"49,6386800";" -1,6155700"
"201900042330";"5";"11";"2019";"08:24";"1";"49";"49007";"2";"1";"2";"3";"LIZE";"47,4905500";" -0,5647400"
"201900042331";"5";"11";"2019";"08:55";"4";"49";"49267";"2";"1";"2";"4";"A87N";"47,4641600";" -0,5167400"
"201900042332";"4";"11";"2019";"17:26";"2";"49";"49007";"2";"1";"2";"4";"BON PASTEUR BOULEVARD";"47,4736200";" -0,5793500"
"201900042333";"6";"11";"2019";"13:00";"1";"45";"45004";"2";"1";"8";"6";"RUE DES PONTS";"47,9630850";"2,7659370"
"201900042334";"25";"10";"2019";"07:45";"5";"44";"44162";"2";"1";"2";"5";"BOULEVARD MARCEL PAUL";"47,2359205";" -1,6290115"
"201900042335";"6";"11";"2019";"15:25";"1";"37";"37261";"2";"2";"1";"6";"DE GAULLE (AVENUE DU GENERAL)";"47,3809600";"0,6999900"
"201900042336";"6";"11";"2019";"13:45";"1";"37";"37261";"2";"1";"1";"7";"ROTONDE (ROND-POINT DE LA)";"47,3813300";"0,7067500"
"201900042337";"6";"11";"2019";"09:45";"1";"37";"37122";"2";"1";"1";"2";"BORDEAUX (AVENUE DE)";"47,3580400";"0,6981300"
"201900042338";"4";"11";"2019";"12:10";"1";"37";"37261";"2";"1";"1";"6";"BERT (QUAI PAUL)";"47,4030000";"0,7010000"
"201900042339";"6";"11";"2019";"19:30";"5";"35";"35281";"2";"6";"8";"6";"DODIN (AVENUE ROGER)";"48,0818900";" -1,7116400"
"201900042340";"6";"11";"2019";"18:30";"5";"35";"35238";"1";"1";"1";"3";"PORTE DE LORIENT";"48,1129400";" -1,7187850"
"201900042341";"6";"11";"2019";"18:30";"3";"35";"35238";"1";"1";"2";"4";"PORTE DE BREST";"48,1222900";" -1,7194400"
"201900042342";"6";"11";"2019";"09:00";"1";"35";"35238";"1";"2";"1";"3";"PREVALAYE (CHEMIN DE LA)";"48,0980400";" -1,7272000"
"201900042343";"5";"11";"2019";"17:30";"2";"35";"35278";"1";"1";"2";"4";"RN136";"48,1412720";" -1,6760890"
"201900042344";"5";"11";"2019";"08:50";"1";"34";"34172";"2";"1";"1";"3";"RAYMOND DUGRAND (AVENUE)";"43,5936200";"3,9059400"
"201900042345";"6";"11";"2019";"19:55";"5";"33";"33063";"2";"2";"2";"3";"AVE DE TOURVILLE";"44,8779200";" -0,5568500"
"201900042346";"6";"11";"2019";"17:20";"2";"33";"33063";"2";"3";"2";"6";"BACALAN (QUAI DE)";"44,8596700";" -0,5546900"
"201900042347";"6";"11";"2019";"13:00";"1";"33";"33063";"2";"1";"1";"7";"MONNAIE (QUAI DE LA) (1-30)";"44,8341500";" -0,5627600"
"201900042348";"5";"11";"2019";"10:00";"1";"33";"33063";"2";"3";"3";"6";"RUE TILLET";"44,8217000";" -0,5725000"
"201900042349";"6";"11";"2019";"08:40";"1";"33";"33075";"1";"2";"2";"3";"ROCADE INTERIEURE";"44,8895800";" -0,6139800"
"201900042350";"5";"11";"2019";"20:40";"5";"33";"33063";"2";"1";"8";"4";"BD ALFRED DANEY";"44,8688000";" -0,5691400"
"201900042351";"11";"10";"2019";"13:00";"1";"33";"33162";"1";"1";"1";"4";"D1215";"44,8711100";" -0,6571800"
"201900042352";"31";"10";"2019";"11:10";"1";"33";"33063";"2";"3";"2";"2";"QUAI DESCHAMPS";"44,8386500";" -0,5587200"
"201900042353";"6";"11";"2019";"15:15";"1";"30";"30189";"1";"1";"1";"6";"BEAUCAIRE (ROUTE)";"43,8349112";"4,4100183"
"201900042354";"5";"11";"2019";"08:00";"3";"22";"22278";"2";"1";"3";"6";"GENEVE (DE)";"48,5174178";" -2,7391255"
"201900042355";"5";"11";"2019";"18:25";"3";"22";"22278";"2";"2";"1";"3";"BERT (PAUL)";"48,5032501";" -2,7538240"
"201900042356";"5";"11";"2019";"09:05";"1";"19";"19031";"2";"1";"8";"4";"POMPIDOU (AVENUE GEORGES)";"45,1578100";"1,5504500"
"201900042357";"6";"11";"2019";"07:55";"1";"18";"18279";"2";"1";"8";"3";"BAS DE GRANGE (RUE ET PLACE)";"47,2238800";"2,0577700"
"201900042358";"6";"11";"2019";"07:45";"2";"17";"17449";"2";"2";"1";"3";"BRIAND AVENUE ARISTIDE";"45,9462340";" -0,8920110"
"201900042359";"4";"11";"2019";"14:05";"1";"13";"13108";"1";"3";"1";"1";"ARLES (PETITE ROUTE D ARLES CD 35)";"43,7986500";"4,6641500"
"201900042360";"6";"11";"2019";"08:20";"1";"13";"13213";"2";"1";"1";"3";"OLIVES (AVENUE DES)";"43,3263290";"5,4388950"
"201900042361";"6";"11";"2019";"08:00";"2";"13";"13213";"2";"1";"1";"6";"ALBERT EINSTEIN (RUE)";"43,3336000";"5,4312000"
"201900042362";"4";"11";"2019";"19:00";"3";"13";"13205";"2";"2";"1";"3";"BERCEAU (RUE)";"43,2856800";"5,3962500"
"201900042363";"4";"11";"2019";"10:00";"1";"13";"13208";"2";"1";"1";"3";"MAZARGUES (AVENUE DE)";"43,2674400";"5,3894010"
"201900042364";"4";"11";"2019";"20:00";"5";"13";"13001";"2";"2";"1";"3";"GALICE (RTE DE)";"43,5287900";"5,4364500"
"201900042365";"5";"11";"2019";"08:43";"1";"13";"13001";"1";"1";"1";"3";"PETIT MOULIN (RTE DU)";"43,5106000";"5,3269000"
"201900042366";"2";"11";"2019";"19:05";"5";"13";"13001";"2";"3";"1";"3";"BRIAND ARISTIDE (BD)";"43,5327500";"5,4478100"
"201900042367";"1";"11";"2019";"06:50";"2";"13";"13001";"2";"3";"5";"3";"BERRE (ROUTE DE)";"43,5357300";"5,4038900"
"201900042368";"30";"10";"2019";"13:17";"1";"13";"13001";"2";"9";"1";"6";"MINIMES (COURS DES)";"43,5288670";"5,4377630"
"201900042369";"29";"10";"2019";"09:35";"1";"13";"13001";"2";"3";"1";"2";"PREMIERE DIV FRANCAISE LIB (AV)";"43,5485480";"5,4279860"
"201900042370";"6";"11";"2019";"23:40";"5";"10";"10387";"2";"1";"2";"6";"JUMELAGES (RUE DES)";"48,3042500";"4,0934500"
"201900042371";"6";"11";"2019";"22:30";"5";"6";"06088";"2";"2";"1";"3";"LEPANTE (R. DE)";"43,7064390";"7,2685300"
"201900042372";"6";"11";"2019";"14:47";"1";"6";"06088";"2";"1";"1";"2";"LYAUTEY (AV. DU MAL)";"43,7100760";"7,2825290"
"201900042373";"5";"11";"2019";"18:15";"1";"6";"06069";"2";"1";"1";"6";"RAYBAUD (AVENUE FELIX)  - D609-";"43,6413930";"6,9115990"
"201900042374";"3";"11";"2019";"19:29";"3";"5";"05061";"2";"3";"8";"6";"EVEQUES ( CHEMIN DES )";"44,5635900";"6,0576900"
"201900042375";"6";"11";"2019";"15:35";"1";"2";"02738";"2";"3";"8";"3";"BRUNEHAUT (CHAUSSEE)";"49,6688090";"3,2787180"
"201900042376";"5";"11";"2019";"18:15";"5";"1";"01053";"2";"2";"2";"6";"JOLIOT CURIE ( BOULEVARD IRENE COTE PAIR";"46,2090000";"5,2340000"
"201900042377";"5";"11";"2019";"10:00";"1";"75";"75117";"2";"1";"1";"2";"BD PERIPHERIQUE INTERIEUR";"48,9005580";"2,3276200"
"201900042378";"4";"11";"2019";"11:15";"1";"75";"75116";"2";"4";"1";"2";"ECHANGEUR MAILLOT";"48,8740896";"2,2754218"
"201900042379";"30";"10";"2019";"18:05";"2";"75";"75114";"2";"1";"1";"4";"BD PERIPHERIQUE EXTERIEUR";"48,8164595";"2,3414779"
"201900042380";"5";"11";"2019";"17:40";"5";"75";"75118";"2";"1";"1";"3";"BOULEVARD BARBES";"48,8854128";"2,3495246"
"201900042381";"5";"11";"2019";"10:08";"1";"75";"75117";"2";"1";"1";"2";"BD PERIPHERIQUE INTERIEUR";"48,9005580";"2,3276200"
"201900042382";"5";"11";"2019";"09:00";"1";"75";"75114";"2";"1";"1";"2";"BD PERIPHERIQUE EXTERIEUR";"48,8177210";"2,3339990"
"201900042383";"6";"11";"2019";"15:10";"1";"75";"75120";"2";"1";"1";"6";"RUE DES COURONNES";"48,8722710";"2,3893560"
"201900042384";"6";"11";"2019";"12:45";"1";"75";"75120";"2";"1";"1";"2";"RUE DES PYRENEES";"48,8609426";"2,4004713"
"201900042385";"6";"11";"2019";"11:00";"1";"75";"75119";"2";"1";"1";"3";"RUE DE BELLEVILLE";"48,8757775";"2,4009533"
"201900042386";"5";"11";"2019";"21:50";"5";"75";"75118";"2";"2";"1";"6";"RUE ORDENER";"48,8902401";"2,3599141"
"201900042387";"6";"11";"2019";"18:05";"5";"75";"75117";"2";"2";"1";"6";"RUE DE PRONY";"48,8832596";"2,3019462"
"201900042388";"5";"11";"2019";"09:15";"1";"75";"75117";"2";"4";"1";"3";"BOULEVARD PERSHING";"48,8817954";"2,2852421"
"201900042389";"5";"11";"2019";"08:58";"1";"75";"75117";"2";"4";"1";"6";"BOULEVARD BESSIERES";"48,8952305";"2,3161421"
"201900042390";"6";"11";"2019";"16:20";"1";"75";"75116";"2";"3";"8";"6";"AVENUE DU PRESIDENT WILSON";"48,8649617";"2,2958949"
"201900042391";"6";"11";"2019";"09:00";"1";"75";"75116";"2";"4";"1";"4";"BD PERIPHERIQUE INTERIEUR";"48,8513454";"2,2522831"
"201900042392";"4";"11";"2019";"12:00";"1";"75";"75116";"2";"2";"1";"6";"RUE WILHEM";"48,8464669";"2,2706079"
"201900042393";"5";"11";"2019";"15:00";"1";"75";"75114";"2";"1";"1";"3";"RUE LEBOUIS";"48,8364510";"2,3219300"
"201900042394";"6";"11";"2019";"18:05";"5";"75";"75111";"2";"3";"2";"6";"BOULEVARD VOLTAIRE";"48,8610043";"2,3748363"
"201900042395";"5";"11";"2019";"12:07";"1";"75";"75108";"2";"2";"1";"3";"BOULEVARD DE COURCELLES";"48,8791460";"2,3031592"
"201900042396";"31";"10";"2019";"09:45";"1";"75";"75107";"2";"3";"1";"3";"QUAI D ORSAY";"48,8626492";"2,3190592"
"201900042397";"5";"11";"2019";"20:00";"5";"75";"75111";"2";"3";"1";"3";"BOULEVARD BEAUMARCHAIS";"48,8585599";"2,3678434"
"201900042398";"5";"11";"2019";"14:30";"1";"94";"94081";"2";"1";"1";"6";"CONSTANT COQUELIN (R)";"48,7776200";"2,3983900"
"201900042399";"6";"11";"2019";"21:20";"5";"94";"94080";"2";"1";"1";"3";"PARIS (AV DE)";"48,8452000";"2,4304000"
"201900042400";"5";"11";"2019";"16:30";"2";"94";"94068";"2";"1";"1";"6";"CARNOT (AV)";"48,8012200";"2,4872100"
"201900042401";"5";"11";"2019";"15:30";"1";"94";"94041";"2";"1";"1";"2";"JEAN COMPAGNON (QU)";"48,8195000";"2,3982500"
"201900042402";"31";"10";"2019";"20:40";"5";"94";"94022";"2";"2";"2";"3";"REPUBLIQUE (AV DE LA)";"48,7612700";"2,4076900"
"201900042403";"6";"11";"2019";"14:50";"1";"93";"93078";"2";"9";"1";"3";"BALLANGER (BD ROBERT)";"48,9556958";"2,5395942"
"201900042404";"6";"11";"2019";"17:30";"5";"93";"93072";"2";"3";"1";"1";"HUCAILLES (RUE DES)";"48,9625600";"2,3826900"
"201900042405";"2";"3";"2019";"10:30";"1";"49";"49080";"1";"2";"1";"3";"carrefour entre la D89 route de Contigné et la route de la Guinoisellerie";"47,6917370";" -0,4927500"
"201900042406";"26";"2";"2019";"16:25";"1";"12";"12021";"1";"3";"1";"6";"Lieu-dit LESTRADE";"44,3110300";"2,1280430"
"201900042407";"23";"2";"2019";"08:10";"2";"42";"42023";"1";"1";"1";"1";"D503";"45,3103800";"4,5985910"
"201900042408";"4";"2";"2019";"18:50";"3";"86";"86109";"1";"1";"2";"6";"D46 Pr4+050";"46,9169846";"0,1431183"
"201900042409";"26";"2";"2019";"09:30";"1";"86";"86288";"1";"1";"7";"1";"d5 chantegros";"46,7205050";"0,8617340"
"201900042410";"26";"2";"2019";"16:45";"1";"34";"34016";"1";"1";"1";"7";"D114";"43,6021080";"3,5980280"
"201900042411";"3";"3";"2019";"03:45";"3";"34";"34064";"1";"1";"1";"6";"département D9";"43,8568308";"3,3309469"
"201900042412";"27";"2";"2019";"13:50";"1";"34";"34096";"1";"1";"1";"3";"D909";"43,5523800";"3,1825500"
"201900042413";"2";"3";"2019";"12:20";"1";"68";"68222";"1";"1";"1";"3";"Départementale 473";"47,5278970";"7,4135820"
"201900042414";"3";"3";"2019";"01:10";"5";"68";"68240";"2";"1";"1";"6";"192 rue du chemin de fer";"47,5673540";"7,2963450"
"201900042415";"1";"3";"2019";"17:30";"1";"68";"68338";"1";"1";"2";"1";"CD10 I";"48,0808810";"7,2653190"
"201900042416";"2";"3";"2019";"04:30";"5";"25";"25370";"2";"1";"1";"6";"103 Rue de l'Europe";"47,4406320";"6,7853380"
"201900042417";"2";"3";"2019";"01:30";"5";"44";"44036";"2";"1";"2";"6";"Boulevard de la république";"47,7181040";" -1,3796140"
"201900042418";"24";"2";"2019";"21:00";"3";"35";"35012";"1";"3";"1";"3";"RD 772 (intersection entre la hélière et la loulais)";"47,8431380";" -1,7099450"
"201900042419";"21";"2";"2019";"19:50";"3";"29";"29188";"1";"1";"1";"2";"2255 Route de Kerastren,";"48,6721226";" -3,7863064"
"201900042420";"25";"2";"2019";"17:20";"1";"29";"29260";"2";"1";"1";"6";"rue de l'aber";"48,4370310";" -4,6300730"
"201900042421";"23";"2";"2019";"16:45";"1";"29";"29201";"1";"1";"1";"1";"D67";"48,3854920";" -4,7014310"
"201900042422";"2";"3";"2019";"21:20";"3";"29";"29296";"1";"2";"1";"3";"kerbenfous";"47,9103939";" -4,2385905"
"201900042423";"24";"2";"2019";"18:20";"1";"29";"29135";"1";"1";"1";"6";"lieu dit hent croas";"47,8285040";" -4,1935690"
"201900042424";"3";"3";"2019";"19:05";"2";"31";"31348";"1";"1";"1";"6";"RD 618";"42,9824950";"0,7178470"
"201900042425";"22";"2";"2019";"08:30";"2";"31";"31499";"1";"2";"1";"3";"D12-D82";"43,5108650";"1,2200790"
"201900042426";"3";"3";"2019";"02:45";"3";"31";"31033";"1";"1";"1";"6";"D 12d route de caujac";"43,3302760";"1,4779650"
"201900042427";"3";"3";"2019";"09:15";"1";"31";"31587";"1";"1";"1";"3";"route de fronton";"43,7717320";"1,4061890"
"201900042428";"26";"2";"2019";"10:25";"1";"31";"31091";"2";"1";"7";"1";"28 route de BRUGUIÈRES";"43,7201240";"1,4158080"
"201900042429";"22";"2";"2019";"14:15";"1";"38";"38480";"1";"1";"1";"1";"Route Départementale 38";"45,5390900";"5,0066450"
"201900042430";"2";"3";"2019";"22:30";"5";"38";"38034";"1";"6";"1";"2";"D 538 - Avenue d'Auenwald";"45,3464700";"5,0420300"
"201900042431";"3";"3";"2019";"16:45";"1";"2";"02543";"2";"1";"1";"6";"Rue du 12e Étrangers";"49,1772370";"3,2629050"
"201900042432";"4";"3";"2019";"06:00";"3";"2";"02076";"1";"1";"6";"7";"D52";"49,3895710";"4,0178320"
"201900042433";"27";"2";"2019";"10:35";"1";"3";"03178";"1";"3";"1";"3";"Chantalouette";"46,2634663";"3,7811718"
"201900042434";"3";"3";"2019";"14:15";"1";"3";"03220";"1";"1";"1";"7";"N/A";"46,1568075";"3,1407863"
"201900042435";"28";"2";"2019";"11:40";"1";"3";"03269";"1";"2";"1";"3";"La croix tirée";"46,4346798";"2,7999393"
"201900042436";"2";"3";"2019";"00:30";"3";"3";"03275";"1";"1";"1";"6";"Chéry";"46,5321906";"3,2139868"
"201900042437";"27";"2";"2019";"08:30";"1";"3";"03155";"1";"1";"7";"1";"Le Meillier";"46,7489819";"2,9259012"
"201900042438";"1";"3";"2019";"19:15";"3";"15";"15055";"1";"1";"1";"7";"colsac";"45,0875410";"3,1086470"
"201900042439";"2";"3";"2019";"14:40";"1";"15";"15160";"1";"3";"1";"2";"D.922 angle D.453";"44,9722870";"2,4104250"
"201900042440";"1";"3";"2019";"15:10";"1";"1";"01069";"1";"1";"2";"3";"Route départementale n°1075";"46,1478650";"5,2806010"
"201900042441";"3";"3";"2019";"10:00";"1";"1";"01010";"1";"1";"1";"7";"Départementale 992";"45,9046130";"5,8076270"
"201900042442";"25";"2";"2019";"13:20";"1";"1";"01036";"1";"1";"1";"6";"D8";"45,8722400";"5,6631870"
"201900042443";"2";"3";"2019";"19:15";"2";"1";"01338";"1";"4";"1";"1";"D10";"45,6729930";"5,6094360"
"201900042444";"26";"2";"2019";"09:15";"1";"1";"01098";"1";"1";"1";"2";"RD32C";"45,7746850";"5,6875960"
"201900042445";"27";"2";"2019";"19:45";"3";"1";"01364";"1";"1";"1";"7";"La Mire";"46,4005520";"5,0622210"
"201900042446";"4";"3";"2019";"19:15";"5";"58";"58095";"2";"1";"2";"6";"107 route de moulins";"46,8208140";"3,4514970"
"201900042447";"27";"2";"2019";"18:50";"3";"54";"54205";"1";"1";"1";"6";"D400";"48,6837280";"5,7988280"
"201900042448";"3";"3";"2019";"19:40";"5";"54";"54533";"2";"1";"1";"7";"Rue Raymond Clause";"49,3221070";"5,9201090"
"201900042449";"2";"3";"2019";"17:00";"1";"72";"72148";"1";"1";"1";"7";"LA PLEE";"48,2074790";"0,3758110"
"201900042450";"2";"3";"2019";"12:10";"1";"72";"72221";"1";"1";"1";"6";"D10";"47,6712810";"0,4009600"
"201900042451";"26";"2";"2019";"19:09";"2";"72";"72334";"2";"3";"1";"3";"Intersection D4 - Chemin des petits Cours";"48,1731980";" -0,1420320"
"201900042452";"26";"2";"2019";"15:35";"1";"6";"06059";"1";"1";"1";"1";"1285 M 6007 - Moyenne corniche";"43,7289900";"7,3673900"
"201900042453";"13";"2";"2019";"05:42";"3";"6";"06059";"1";"1";"1";"7";"avenue de Verdun";"43,7300370";"7,3663860"
"201900042454";"22";"2";"2019";"17:20";"2";"6";"06079";"2";"1";"1";"3";"Rue du capitaine de corvette marché";"43,5172930";"6,9388930"
"201900042455";"28";"2";"2019";"08:00";"2";"14";"14143";"1";"1";"8";"6";"le bisson";"49,0894320";" -0,8740160"
"201900042456";"28";"2";"2019";"01:50";"3";"14";"14714";"1";"1";"1";"6";"CD 572 la commune";"49,2127163";" -0,8118815"
"201900042457";"1";"3";"2019";"16:57";"1";"5";"05084";"1";"2";"1";"3";"RN94 pk 84 + 465";"44,5520000";"6,2480950"
"201900042458";"27";"2";"2019";"17:00";"1";"5";"05004";"2";"1";"1";"6";"Les Taillas";"44,6221460";"6,2091910"
"201900042459";"2";"3";"2019";"07:00";"1";"5";"05068";"1";"1";"1";"7";"Les bournas";"44,5260140";"6,0996070"
"201900042460";"2";"3";"2019";"00:55";"3";"50";"50405";"1";"1";"3";"6";"rue Sainte-Anne";"49,2801330";" -1,4217460"
"201900042461";"3";"3";"2019";"21:00";"3";"50";"50132";"1";"1";"6";"6";"LA BATARDIÈRE - D 110";"48,6367050";" -1,2361500"
"201900042462";"2";"3";"2019";"23:50";"3";"50";"50589";"1";"1";"1";"7";"N 175";"48,5730040";" -1,4586010"
"201900042463";"27";"2";"2019";"16:50";"1";"50";"50639";"2";"3";"1";"3";"Rue du Général HUARD";"48,8419330";" -1,2192580"
"201900042464";"3";"3";"2019";"19:45";"3";"60";"60147";"1";"1";"1";"7";"Départementale 15";"49,5034170";"2,8394587"
"201900042465";"1";"3";"2019";"17:00";"1";"60";"60030";"1";"1";"2";"1";"D927";"49,3485910";"2,0967360"
"201900042466";"28";"2";"2019";"08:30";"1";"60";"60477";"2";"1";"8";"6";"1190 route de la vallée";"49,4202092";"1,9111951"
"201900042467";"4";"3";"2019";"07:00";"2";"45";"45181";"1";"2";"6";"3";"D97 - D22";"48,2334702";"2,0768245"
"201900042468";"2";"3";"2019";"23:45";"3";"45";"45262";"1";"1";"1";"6";"D6";"48,0621120";"1,7355550"
"201900042469";"25";"2";"2019";"17:35";"1";"64";"64493";"2";"1";"7";"3";" Avenue de NAVARRE";"43,3158207";" -1,0199473"
"201900042470";"3";"3";"2019";"03:30";"4";"73";"73032";"2";"6";"1";"6";"D990 - 3091 Rue Paul Girod";"45,6209312";"6,4498594"
"201900042471";"27";"2";"2019";"15:30";"1";"73";"73154";"2";"1";"1";"2";"D64 rte de la foret";"45,6665045";"6,3440584"
"201900042472";"26";"2";"2019";"15:20";"1";"43";"43142";"1";"1";"1";"6";"Aulagny";"45,1559780";"4,3019920"
"201900042473";"1";"3";"2019";"15:45";"1";"36";"36222";"2";"1";"1";"6";"Rue des Maîtres Sonneurs";"46,8947064";"1,9461662"
"201900042474";"3";"3";"2019";"15:00";"1";"16";"16393";"1";"1";"1";"3";"Ld l'Ermitage";"45,7672510";"0,1355533"
"201900042475";"3";"3";"2019";"16:05";"1";"7";"07343";"1";"1";"1";"7";"Route de Chaunes";"44,5639940";"4,3212860"
"201900042476";"26";"2";"2019";"16:20";"1";"53";"53147";"2";"6";"1";"2";"Place de l'europe";"48,3010870";" -0,6237010"
"201900042477";"3";"3";"2019";"17:30";"1";"40";"40115";"1";"1";"1";"4";"D10";"43,7752880";" -0,9083270"
"201900042478";"28";"2";"2019";"17:53";"1";"40";"40261";"1";"1";"1";"1";"D 12";"43,6692940";" -1,2404280"
"201900042479";"25";"2";"2019";"07:10";"2";"40";"40316";"1";"1";"1";"6";"CD 947";"43,5885300";" -0,8653260"
"201900042480";"3";"3";"2019";"17:45";"1";"40";"40162";"1";"1";"1";"6";"ROUTE DE CANENX";"43,9922820";" -0,4189290"
"201900042481";"26";"2";"2019";"08:00";"1";"24";"24111";"1";"1";"1";"5";"pigerias";"45,4541290";"0,6665210"
"201900042482";"3";"3";"2019";"15:49";"1";"24";"24302";"1";"1";"1";"7";"Voie rural du lieu dit les Chapelots, entre les parcelles 246 et 248";"45,2253810";"1,1368200"
"201900042483";"28";"2";"2019";"21:00";"3";"4";"04122";"1";"1";"1";"7";"RN 85 - Tarelle";"44,0332010";"6,0910550"
"201900042484";"27";"2";"2019";"19:15";"3";"85";"85234";"1";"3";"1";"6";"227 Rue des Sables";"46,7823500";" -2,0192000"
"201900042485";"28";"2";"2019";"18:45";"2";"85";"85021";"2";"1";"1";"6";"15 Rue des Jardins";"47,0505100";" -1,2668400"
"201900042486";"3";"3";"2019";"16:00";"1";"85";"85051";"1";"1";"8";"6";"La Chauvetière";"46,7100000";" -1,0330400"
"201900042487";"26";"2";"2019";"16:57";"2";"27";"27428";"2";"9";"7";"6";"rue du général De Gaulle";"49,1499470";"0,9057700"
"201900042488";"27";"2";"2019";"10:00";"1";"28";"28391";"1";"1";"1";"7";"route départementale 2020";"48,1825724";"1,9278587"
"201900042489";"4";"3";"2019";"08:30";"1";"28";"28425";"2";"1";"2";"3";"RD116";"48,5121150";"1,6945340"
"201900042490";"26";"2";"2019";"09:00";"1";"23";"23228";"1";"3";"1";"5";"Intersection RD 941/D80a2 lieu dit la croix de la vedrenne";"45,9464260";"2,2408830"
"201900042491";"26";"2";"2019";"12:10";"1";"87";"87150";"1";"1";"1";"6";"NOYERAS";"45,6729340";"1,1511320"
"201900042492";"1";"3";"2019";"18:00";"1";"37";"37281";"1";"1";"1";"5";"RD952";"47,4041810";"0,8047700"
"201900042493";"28";"2";"2019";"22:30";"3";"30";"30083";"1";"9";"1";"3";"N113";"43,7239930";"4,2137610"
"201900042494";"18";"2";"2019";"21:45";"5";"30";"30212";"1";"1";"1";"1";"route nationale 100";"43,9400934";"4,6014642"
"201900042495";"1";"3";"2019";"20:30";"3";"30";"30237";"1";"1";"1";"1";"CD 904";"44,2851720";"4,1875660"
"201900042496";"25";"2";"2019";"10:45";"1";"30";"30171";"2";"7";"1";"3";"départementale 244 pk 1";"44,2563120";"4,1534230"
"201900042497";"25";"2";"2019";"18:22";"1";"30";"30029";"2";"9";"1";"3";"Départementale 901 pk 29+100";"44,3146870";"4,3454140"
"201900042498";"1";"3";"2019";"18:50";"3";"8";"08355";"1";"1";"2";"6";"d 32";"49,9208900";"4,4111900"
"201900042499";"24";"2";"2019";"11:50";"1";"78";"78406";"1";"1";"1";"7";"Route de Romainville";"48,7305000";"2,0399430"
"201900042500";"2";"3";"2019";"08:00";"1";"68";"68028";"1";"1";"1";"5";"A35";"48,2114410";"7,4016030"
"201900042501";"25";"2";"2019";"22:00";"3";"973";"97307";"2";"1";"1";"3";"route départementale 19";"4,9019579";" -52,3585975"
"201900042502";"27";"2";"2019";"16:45";"1";"45";"45306";"1";"2";"1";"4";"RD 2060";"48,0158710";"2,8719450"
"201900042503";"15";"2";"2019";"20:00";"3";"45";"45242";"1";"1";"1";"6";"A77 Nevers-Paris";"47,8797630";"2,6894470"
"201900042504";"28";"2";"2019";"19:15";"3";"80";"80100";"1";"1";"2";"6";"Autoroute A16 - PK 147.000 sens PARIS vers BOULOGNE";"50,0217000";"2,1048710"
"201900042505";"27";"2";"2019";"14:25";"1";"1";"01443";"1";"1";"1";"1";"D1083";"46,0119560";"5,0452260"