"Num_Acc";"jour";"mois";"an";"hrmn";"lum";"dep";"com";"agg";"int";"atm";"col";"adr";"lat";"long"
"201900042506";"27";"2";"2019";"18:35";"2";"30";"30344";"2";"1";"1";"6";"88 avenue de la Camargue";"43,7433930";"4,2159400"
"201900042507";"1";"3";"2019";"19:00";"3";"13";"13044";"1";"1";"1";"3";"D69";"43,6185190";"5,0350550"
"201900042508";"26";"2";"2019";"20:45";"3";"13";"13044";"1";"1";"1";"4";"DÉPARTEMENTALE 16";"43,6244680";"5,0758620"
"201900042509";"25";"2";"2019";"13:20";"1";"974";"97415";"2";"1";"1";"2";"333 rue Montrouge";" -21,0366350";"55,3101670"
"201900042510";"3";"3";"2019";"09:50";"1";"973";"97309";"2";"1";"2";"7";"Face au n°2800, route de Dégrade";"4,8714810";" -52,2769140"
"201900042511";"1";"3";"2019";"15:40";"1";"973";"97309";"2";"1";"1";"3";"Route de Dégrade";"4,8909047";" -52,2882485"
"201900042512";"26";"2";"2019";"13:05";"1";"6";"06152";"1";"1";"1";"6";"ROUTE DU PARC";"43,6168560";"7,0389080"
"201900042513";"4";"3";"2019";"00:27";"3";"67";"67084";"1";"1";"1";"1";"A35";"48,3127840";"7,4788330"
"201900042514";"14";"2";"2019";"17:00";"1";"33";"33192";"2";"3";"1";"6";"Rue de Canteloup / impasse Rodin";"44,7648900";" -0,6175500"
"201900042515";"1";"3";"2019";"08:50";"1";"68";"68135";"1";"1";"2";"2";"A35 - PK 124+350";"47,5896950";"7,5461560"
"201900042516";"27";"2";"2019";"14:45";"1";"64";"64198";"1";"1";"1";"2";"A64";"43,3762003";" -0,4947419"
"201900042517";"19";"2";"2019";"06:45";"3";"13";"13013";"1";"1";"1";"2";"A52 pk 006.000 sens nord";"43,4201590";"5,5751490"
"201900042518";"28";"2";"2019";"08:00";"2";"13";"13001";"1";"1";"5";"3";"AUTOROUTE A8 PK 21.300 DIRECTION NICE";"43,5129330";"5,4694880"
"201900042519";"26";"2";"2019";"14:14";"1";"57";"57320";"1";"1";"1";"5";"N4, point routier 009+041 G";"48,6876060";"6,9566050"
"201900042520";"27";"2";"2019";"12:00";"1";"6";"06088";"1";"1";"1";"4";"A8";"43,7176230";"7,2137230"
"201900042521";"2";"3";"2019";"16:40";"1";"38";"38052";"1";"1";"2";"1";"D 1091";"45,0650300";"6,0286800"
"201900042522";"27";"2";"2019";"07:25";"1";"31";"31254";"1";"1";"1";"6";"D916";"43,5502530";"1,4983500"
"201900042523";"4";"3";"2019";"00:50";"3";"34";"34166";"1";"1";"1";"2";"A.9 PK 152+300 Sens Nord";"43,3626830";"3,3724460"
"201900042524";"1";"3";"2019";"17:50";"2";"34";"34207";"1";"1";"1";"3";"A9 PK 137+300";"43,4176400";"3,5243200"
"201900042525";"1";"3";"2019";"21:45";"3";"13";"13038";"1";"5";"1";"1";"Les Clapiers";"43,7270520";"4,7578000"
"201900042526";"3";"3";"2019";"18:45";"2";"13";"13032";"2";"1";"1";"3";"760 route d'Aix";"43,5683470";"5,3539110"
"201900042527";"3";"3";"2019";"09:13";"1";"45";"45006";"1";"1";"1";"7";"A71 PK 108+900";"47,8126100";"1,8554000"
"201900042528";"27";"2";"2019";"17:20";"1";"11";"11040";"1";"1";"1";"4";"Autoroute A61, PK 366.200";"43,1538100";"2,8671600"
"201900042529";"27";"2";"2019";"12:30";"1";"17";"17299";"1";"1";"1";"6";"A 837";"45,9676290";" -0,9768480"
"201900042530";"25";"2";"2019";"06:45";"2";"38";"38381";"1";"1";"1";"6";"autoroute A43";"45,5641386";"5,5168940"
"201900042531";"26";"2";"2019";"05:15";"3";"59";"59322";"1";"1";"1";"2";"A2 PK 41 SENS BRUXELLES - PARIS";"50,2459880";"3,3087560"
"201900042532";"27";"2";"2019";"20:23";"3";"13";"13067";"1";"1";"1";"2";"A7 Pk 213+500 Sens Marseille - Lyon";"43,8159190";"5,0346440"
"201900042533";"27";"2";"2019";"20:30";"4";"987";"98722";"1";"1";"1";"7";"PK 22+200 - RT2 - district de TIAREI";" -17,5940310";" -149,3962270"
"201900042534";"28";"2";"2019";"05:20";"2";"988";"98802";"1";"2";"2";"3";"carrefour RT1 - route des paillotes de la ouenghi";" -21,8991450";"166,1084180"
"201900042535";"1";"3";"2019";"11:20";"1";"986";"98613";"1";"1";"2";"2";"RT1 - Tepa - District Mua";" -22,2640630";"166,4567960"
"201900042536";"28";"2";"2019";"08:00";"1";"974";"97415";"1";"1";"1";"2";"RN1";" -21,0010350";"55,2835030"
"201900042537";"3";"3";"2019";"20:30";"3";"974";"97402";"1";"1";"1";"6";"RN 2 - PK 34 sens St Benoit vers St Denis";" -20,9833290";"55,6552250"
"201900042538";"20";"2";"2019";"17:15";"1";"974";"97418";"1";"1";"1";"7";"chemin 23";" -20,9072500";"55,5614030"
"201900042539";"23";"2";"2019";"05:40";"2";"974";"97408";"2";"1";"1";"6";"rue Mahatma Gandhi";" -20,9573220";"55,3227380"
"201900042540";"1";"3";"2019";"05:30";"3";"973";"97305";"1";"1";"1";"1";"PK14 - RN1";"4,9316956";" -52,3992491"
"201900042541";"21";"2";"2019";"19:30";"5";"971";"97128";"2";"2";"2";"3";"Poirier";"16,2456250";" -61,3687730"
"201900042542";"3";"3";"2019";"10:30";"1";"971";"97112";"1";"1";"1";"1";"section clairance";"15,9070000";" -61,2620150"
"201900042543";"24";"2";"2019";"09:30";"1";"971";"97115";"1";"9";"1";"3";"rn2";"16,2619330";" -61,6371890"
"201900042544";"3";"3";"2019";"07:55";"1";"13";"13087";"2";"1";"1";"1";"RD7N";"43,4870330";"5,6099400"
"201900042545";"1";"3";"2019";"18:15";"1";"13";"13040";"2";"3";"1";"3";"Avenue du 8 Mai 1945";"43,4540890";"5,5582380"
"201900042546";"27";"2";"2019";"09:35";"1";"37";"37072";"2";"1";"1";"2";"avenue Gambetta";"47,1662732";"0,2549723"
"201900042547";"1";"3";"2019";"08:20";"1";"45";"45122";"1";"1";"8";"6";"RD 953";"47,7429202";"2,4973085"
"201900042548";"24";"2";"2019";"15:20";"1";"45";"45051";"1";"1";"1";"6";"rond point de tournebride";"47,8247480";"2,3801290"
"201900042549";"26";"2";"2019";"08:30";"1";"45";"45144";"1";"9";"1";"3";"Lieu dit ""Vizy""";"47,8253550";"2,0977160"
"201900042550";"3";"3";"2019";"05:15";"3";"77";"77168";"2";"1";"1";"6";"D30A-domaine de Ville Gardin, route de Jouy";"48,1709410";"2,9140170"
"201900042551";"28";"2";"2019";"16:30";"1";"77";"77473";"1";"1";"1";"7";"D136";"48,2897700";"2,8171000"
"201900042552";"27";"2";"2019";"15:05";"1";"77";"77534";"1";"3";"1";"4";"D619 X VC";"48,6362100";"2,7618900"
"201900042553";"27";"2";"2019";"19:28";"3";"77";"77103";"1";"1";"1";"6";"D408";"48,5441700";"2,7948200"
"201900042554";"1";"3";"2019";"19:37";"3";"95";"95535";"1";"1";"2";"6";"chemin de saillancourt";"49,0380332";"1,9806343"
"201900042555";"20";"2";"2019";"18:15";"1";"91";"91200";"2";"6";"1";"7";"Avenue Pierre Mendes-France";"48,5298710";"2,0281200"
"201900042556";"1";"3";"2019";"17:35";"2";"2B";"2B223";"1";"1";"1";"7";"D8";"42,5381340";"9,1830450"
"201900042557";"1";"3";"2019";"23:40";"3";"2B";"2B148";"2";"9";"1";"6";"route de l'aéroport - STRADA DI ROSA à proximité résidence A PAULINA";"42,5484770";"9,5023840"
"201900042558";"28";"2";"2019";"02:00";"5";"2B";"2B148";"1";"1";"1";"6";"Lieu-dit Gugliermucci - PK 0+400 - Route territoriale 205";"42,5348210";"9,4427730"
"201900042559";"3";"3";"2019";"02:40";"3";"66";"66144";"1";"1";"1";"6";"cd 900";"42,6166400";"2,8645400"
"201900042560";"3";"3";"2019";"09:30";"1";"30";"30155";"2";"1";"1";"6";"cours Jean-Jaures";"43,8187000";"4,4726040"
"201900042561";"25";"2";"2019";"19:00";"5";"34";"34024";"2";"4";"1";"3";"place de la mairie";"43,4601220";"3,6852800"
"201900042562";"11";"2";"2019";"08:30";"1";"34";"34299";"2";"3";"1";"6";"allées de la république";"43,2821610";"3,2808630"
"201900042563";"28";"2";"2019";"08:00";"1";"34";"34176";"1";"1";"1";"5";"RD 24";"43,6347670";"4,0469810"
"201900042564";"27";"2";"2019";"18:00";"2";"34";"34090";"2";"1";"1";"6";"N/A";"43,6464970";"3,9380210"
"201900042565";"8";"1";"2019";"08:19";"1";"83";"83112";"2";"1";"1";"1";"47 avenue de tauroentum";"43,1804080";"5,7103270"
"201900042566";"2";"3";"2019";"11:17";"1";"83";"83068";"1";"1";"1";"5";"Route de Cogolin";"43,2581500";"6,5317490"
"201900042567";"28";"2";"2019";"23:55";"3";"5";"05065";"1";"1";"1";"7";"D902 A";"44,6598370";"6,6396430"
"201900042568";"2";"3";"2019";"16:00";"1";"13";"13007";"1";"1";"1";"1";"D45 A - Route de la Sainte BAUME";"43,3594100";"5,6613000"
"201900042569";"26";"2";"2019";"08:50";"2";"13";"13119";"2";"1";"7";"6";"avenue Charcot";"43,2557480";"5,5640250"
"201900042570";"2";"3";"2019";"05:50";"2";"13";"13042";"1";"6";"1";"6";"rd8N, rond point de la plaine de jouques";"43,2980040";"5,6442560"
"201900042571";"24";"2";"2019";"11:20";"1";"13";"13030";"2";"2";"1";"3";"RD8N PK 60.100";"43,2755120";"5,7156730"
"201900042572";"26";"2";"2019";"12:05";"1";"13";"13072";"2";"1";"1";"2";"D908";"43,4336300";"5,6270000"
"201900042573";"1";"3";"2019";"10:23";"1";"13";"13041";"2";"1";"1";"3";"avenue du 8 mai 1945";"43,4540290";"5,4752560"
"201900042574";"4";"3";"2019";"05:40";"3";"89";"89029";"1";"1";"6";"2";"Départementale 606";"47,9312020";"3,5118090"
"201900042575";"26";"2";"2019";"22:45";"3";"71";"71512";"1";"1";"1";"1";"RD906";"46,6283410";"4,8767620"
"201900042576";"3";"3";"2019";"09:43";"1";"67";"67180";"1";"1";"1";"7";"RD 1340";"48,7823600";"7,7255110"
"201900042577";"27";"2";"2019";"17:45";"1";"88";"88321";"2";"1";"7";"6";"Avenue de la Première Armée Française";"48,3566830";"5,6918660"
"201900042578";"26";"2";"2019";"02:40";"3";"55";"55446";"1";"1";"1";"7";"D 901";"48,8351130";"5,2879130"
"201900042579";"25";"2";"2019";"17:40";"1";"57";"57303";"1";"1";"1";"3";"RD 52";"49,2197780";"6,1874850"
"201900042580";"28";"2";"2019";"16:15";"1";"74";"74308";"2";"2";"1";"3";"route de Vers les Granges";"46,3516580";"6,6195410"
"201900042581";"28";"2";"2019";"15:35";"1";"74";"74243";"2";"1";"1";"6";"route des vignes";"46,1391540";"6,0697070"
"201900042582";"2";"3";"2019";"00:05";"3";"74";"74250";"1";"3";"2";"3";"D1203";"46,0722100";"6,3833160"
"201900042583";"21";"2";"2019";"18:40";"5";"74";"74042";"2";"1";"1";"6";"144 Avenue des Glières";"46,0749420";"6,4036720"
"201900042584";"23";"2";"2019";"12:00";"1";"73";"73328";"1";"1";"1";"2";"D1201";"45,6573657";"5,8946298"
"201900042585";"27";"2";"2019";"04:30";"3";"73";"73228";"1";"1";"1";"2";"D1006";"45,5445960";"5,8819426"
"201900042586";"25";"2";"2019";"14:50";"1";"42";"42319";"1";"1";"1";"3";"d 10";"45,7125630";"4,2980250"
"201900042587";"27";"2";"2019";"19:50";"3";"42";"42147";"1";"2";"1";"3";"D204";"45,5885150";"4,0818920"
"201900042588";"14";"2";"2019";"21:00";"5";"38";"38558";"2";"1";"1";"6";"chemin de l'oie";"45,5863830";"4,9080470"
"201900042589";"23";"2";"2019";"11:10";"1";"38";"38540";"1";"1";"1";"2";"d 1532";"45,2562000";"5,6281100"
"201900042590";"22";"2";"2019";"16:50";"1";"38";"38474";"2";"6";"1";"3";"Place Jean Prévost";"45,2130800";"5,6615600"
"201900042591";"28";"2";"2019";"17:10";"1";"1";"01049";"2";"3";"7";"1";"RD 1084, à l'intersection de la rue de la meule";"45,8466560";"5,0419170"
"201900042592";"25";"2";"2019";"16:50";"1";"69";"69246";"1";"1";"1";"6";"lieu dit le marquison d96";"45,9391710";"4,6160450"
"201900042593";"27";"2";"2019";"17:30";"1";"69";"69069";"2";"1";"1";"3";"Rue Joseph Moulin";"45,7440500";"4,7160600"
"201900042594";"30";"9";"2019";"20:45";"5";"13";"13028";"2";"1";"1";"3";"SUBILIA (AVENUE ERNEST )";"43,1831029";"5,6124419"
"201900042595";"30";"9";"2019";"14:15";"1";"13";"13004";"2";"1";"1";"1";"RPT COLETTE LAFFINEUR RD 570";"43,6871400";"4,6436800"
"201900042596";"29";"9";"2019";"21:00";"3";"12";"12176";"1";"1";"1";"1";"RN88";"44,3736700";"2,6213700"
"201900042597";"24";"9";"2019";"21:36";"5";"6";"06088";"2";"1";"1";"6";"ANGLAIS (DU N° 114 AU N° 263)";"43,6885860";"7,2412570"
"201900042598";"30";"9";"2019";"17:02";"1";"6";"06159";"2";"1";"1";"6";"MARINIERES (PROMENADE DES)";"43,7056000";"7,3130000"
"201900042599";"15";"1";"2019";"15:00";"1";"41";"41160";"1";"1";"1";"5";"D923 PK 15+680";"47,5565000";"1,5603520"
"201900042600";"29";"9";"2019";"12:06";"1";"6";"06104";"2";"1";"1";"5";"VOYAGE (AVENUE NOTRE DAME  BON)";"43,7592000";"7,4507700"
"201900042601";"15";"1";"2019";"18:40";"3";"54";"54322";"1";"1";"2";"6";"RD618";"49,4778820";"5,6021280"
"201900042602";"30";"9";"2019";"09:05";"1";"6";"06069";"2";"1";"1";"2";"MISTRAL (AVENUE ET PLACE FREDERIC)";"43,6500500";"6,9214700"
"201900042603";"15";"1";"2019";"17:55";"5";"57";"57540";"2";"9";"1";"6";"rue du 23 novembre";"48,7679370";"7,2552910"
"201900042604";"30";"9";"2019";"16:40";"1";"5";"05023";"2";"1";"1";"7";"PETSCHE (AVENUE MAURICE)";"44,8960800";"6,6334300"
"201900042605";"16";"1";"2019";"18:00";"5";"74";"74267";"2";"1";"1";"6";"1928 route d'albertville";"45,8662287";"6,1398077"
"201900042606";"16";"1";"2019";"10:37";"1";"2B";"2B252";"1";"1";"1";"6";"lieu dit champlan";"42,4207010";"9,4461250"
"201900042607";"10";"1";"2019";"18:15";"5";"71";"71263";"2";"1";"1";"6";"Rue d'Alsace";"46,6302050";"5,2281300"
"201900042608";"30";"9";"2019";"17:30";"1";"75";"75116";"2";"4";"1";"3";"BD PERIPHERIQUE INTERIEUR";"48,8750969";"2,2766567"
"201900042609";"11";"1";"2019";"23:45";"3";"63";"63271";"1";"1";"4";"2";"la chauprillade";"45,9031497";"3,5184360"
"201900042610";"30";"9";"2019";"18:46";"2";"75";"75110";"2";"1";"1";"6";"PLACE DE LA REPUBLIQUE";"48,8681330";"2,3637340"
"201900042611";"16";"1";"2019";"04:00";"3";"63";"63453";"1";"1";"1";"7";"D 2089 - CHIGNAT";"45,7919650";"3,2985820"
"201900042612";"16";"1";"2019";"09:30";"1";"22";"22219";"1";"1";"8";"7";"Montorien";"48,3011946";" -2,6970220"
"201900042613";"30";"9";"2019";"07:10";"2";"75";"75107";"2";"7";"1";"3";"PLACE VAUBAN";"48,8532690";"2,3130300"
"201900042614";"15";"1";"2019";"13:30";"1";"14";"14625";"2";"1";"1";"3";"rue du commerce";"49,1128860";"0,2190930"
"201900042615";"14";"1";"2019";"20:30";"3";"60";"60581";"1";"1";"2";"6";"Route Départementale 916";"49,5189175";"2,4142391"
"201900042616";"29";"9";"2019";"16:50";"1";"75";"75105";"2";"7";"2";"3";"BOULEVARD SAINT MICHEL";"48,8473401";"2,3408404"
"201900042617";"15";"1";"2019";"17:00";"1";"64";"64303";"1";"1";"1";"6";"D26";"43,0987500";" -0,8626390"
"201900042618";"30";"9";"2019";"14:45";"1";"75";"75106";"2";"2";"1";"3";"BOULEVARD RASPAIL";"48,8450742";"2,3287826"
"201900042619";"15";"1";"2019";"16:10";"1";"7";"07346";"2";"3";"1";"6";"cité du barrage";"44,4384640";"4,6672570"
"201900042620";"30";"9";"2019";"09:20";"1";"75";"75106";"2";"1";"1";"6";"BOULEVARD DU MONTPARNASSE";"48,8437208";"2,3245871"
"201900042621";"15";"1";"2019";"17:50";"3";"37";"37179";"1";"1";"1";"3";"RD910";"47,4555592";"0,7350390"
"201900042622";"30";"9";"2019";"08:45";"1";"75";"75116";"2";"3";"1";"3";"AVENUE DE VERSAILLES";"48,8496850";"2,2760180"
"201900042623";"15";"1";"2019";"15:45";"1";"88";"88442";"1";"1";"1";"1";"route du chana";"48,0260340";"6,7821380"
"201900042624";"30";"9";"2019";"14:40";"1";"75";"75115";"2";"7";"1";"6";"RUE BRANCION";"48,8362910";"2,3064741"
"201900042625";"15";"1";"2019";"19:25";"3";"30";"30169";"1";"1";"1";"3";"RN 113";"43,7820654";"4,3090373"
"201900042626";"30";"9";"2019";"08:35";"1";"75";"75115";"2";"7";"1";"6";"PLACE CHARLES MICHELS";"48,8467749";"2,2856498"
"201900042627";"15";"1";"2019";"19:10";"3";"77";"77480";"1";"1";"1";"4";"Autoroute A5 pk 25+400 sens province/paris";"48,4473900";"2,9017100"
"201900042628";"30";"9";"2019";"17:30";"1";"75";"75113";"2";"1";"1";"6";"RUE NEUVE TOLBIAC";"48,8320300";"2,3793930"
"201900042629";"16";"1";"2019";"15:40";"1";"66";"66195";"2";"1";"1";"1";"1 rue des Palmiers";"42,6794410";"2,7790463"
"201900042630";"30";"9";"2019";"08:20";"1";"75";"75113";"2";"2";"1";"3";"RUE DES GRANDS MOULINS";"48,8284580";"2,3787120"
"201900042631";"16";"1";"2019";"06:00";"3";"38";"38530";"1";"1";"1";"4";"Autoroute A43";"45,6211700";"5,1835280"
"201900042632";"30";"9";"2019";"19:00";"2";"75";"75111";"2";"5";"1";"6";"RUE DE MONTREUIL";"48,8504732";"2,3844620"
"201900042633";"15";"1";"2019";"14:00";"1";"986";"98613";"2";"1";"1";"2";"RT2 MANAVA - Ahoa";" -13,2849890";" -176,1721640"
"201900042634";"13";"1";"2019";"15:40";"1";"971";"97107";"1";"6";"1";"3";"rond-point bel-air";"16,0872480";" -61,5630230"
"201900042635";"30";"9";"2019";"16:40";"1";"75";"75111";"2";"3";"1";"3";"AVENUE LEDRU ROLLIN";"48,8524930";"2,3768559"
"201900042636";"16";"1";"2019";"11:30";"1";"78";"78531";"1";"1";"1";"6";"a13";"49,0001710";"1,6109500"
"201900042637";"30";"9";"2019";"11:15";"1";"75";"75111";"2";"2";"1";"6";"RUE SAINT MAUR";"48,8684390";"2,3749350"
"201900042638";"15";"1";"2019";"09:45";"1";"26";"26002";"1";"1";"1";"2";"A7";"45,2378410";"4,8461850"
"201900042639";"30";"9";"2019";"16:05";"1";"75";"75110";"2";"1";"1";"6";"RUE D ENGHIEN";"48,8717473";"2,3525022"
"201900042640";"15";"1";"2019";"21:30";"3";"89";"89055";"1";"1";"1";"7";"route de saint florentin";"47,9979870";"3,6433610"
"201900042641";"16";"1";"2019";"15:20";"1";"21";"21623";"1";"1";"1";"6";"RD 116";"47,1962980";"5,2053840"
"201900042642";"16";"1";"2019";"07:45";"2";"67";"67080";"2";"8";"1";"6";"rue de la gare";"48,5430130";"7,5333130"
"201900042643";"30";"9";"2019";"10:45";"1";"75";"75108";"2";"3";"1";"2";"AVENUE DES CHAMPS ELYSEES";"48,8710947";"2,3035133"
"201900042644";"16";"1";"2019";"12:20";"1";"42";"42147";"2";"9";"1";"6";"7 avenue d'allard";"45,6076200";"4,0605550"
"201900042645";"30";"9";"2019";"14:20";"1";"75";"75101";"2";"2";"1";"6";"PONT ROYAL";"48,8606801";"2,3306952"
"201900042646";"16";"1";"2019";"06:50";"5";"38";"38449";"2";"1";"9";"6";"80 Rue du Ruisseau";"45,6408870";"5,0978980"
"201900042647";"30";"9";"2019";"14:10";"1";"75";"75109";"2";"1";"1";"6";"BOULEVARD DES CAPUCINES";"48,8700470";"2,3287290"
"201900042648";"16";"1";"2019";"08:35";"1";"69";"69143";"2";"3";"1";"3";"2 rue Rey Loras";"45,8795400";"4,8379200"
"201900042649";"30";"9";"2019";"08:20";"1";"94";"94074";"2";"9";"1";"2";"SALVADOR ALLENDE (AV)";"48,7518200";"2,4572300"
"201900042650";"30";"9";"2019";"13:45";"1";"94";"94068";"2";"1";"1";"6";"CRETEIL (BD DE)";"48,7980773";"2,4874002"
"201900042651";"29";"9";"2019";"22:00";"5";"94";"94046";"2";"3";"2";"3";"JEAN JAURES (R)";"48,7904000";"2,4351000"
"201900042652";"14";"1";"2019";"08:00";"2";"85";"85211";"1";"4";"1";"3";"D12";"46,6246400";" -1,5918300"
"201900042653";"29";"9";"2019";"15:15";"1";"94";"94003";"2";"1";"2";"6";"ARISTIDE BRIAND (AV)";"48,8091300";"2,3264000"
"201900042654";"15";"1";"2019";"18:10";"3";"60";"60116";"1";"6";"1";"6";"CD 12";"49,3134480";"2,3354150"
"201900042655";"16";"1";"2019";"08:20";"1";"60";"60700";"1";"1";"1";"3";" RD 1001";"49,3957888";"2,1400006"
"201900042656";"30";"9";"2019";"20:05";"5";"94";"94073";"2";"1";"1";"2";"LUXEMBOURG (AV DU)";"48,7572800";"2,3734800"
"201900042657";"15";"1";"2019";"14:40";"1";"60";"60462";"1";"1";"1";"6";"départementale 137";"49,3284105";"2,2108401"
"201900042658";"30";"9";"2019";"17:30";"1";"94";"94065";"2";"2";"1";"5";"SOLETS (R DES)";"48,7424700";"2,3538000"
"201900042659";"15";"1";"2019";"09:00";"1";"13";"13106";"1";"1";"1";"4";"A7-Sens Marseille vers Lyon";"43,3939000";"5,3512900"
"201900042660";"12";"9";"2019";"20:40";"5";"94";"94033";"2";"2";"1";"3";"VERDUN (BD DE)";"48,8566100";"2,4673900"
"201900042661";"9";"1";"2019";"15:35";"1";"13";"13215";"1";"1";"1";"4";"A7-Sens Marseille vers Lyon";"43,3671800";"5,3608800"
"201900042662";"30";"9";"2019";"12:20";"1";"94";"94017";"2";"1";"1";"6";"GENERAL DE GAULLE (AV DU)";"48,8202400";"2,4853500"
"201900042663";"14";"1";"2019";"17:34";"2";"57";"57303";"1";"1";"1";"5";"Autoroute A31";"49,2121867";"6,1747241"
"201900042664";"30";"9";"2019";"17:37";"1";"93";"93072";"2";"3";"1";"5";"MAXIME GORKI (BOULEVARD) DES N°1 AU 87";"48,9507600";"2,3855900"
"201900042665";"14";"1";"2019";"16:10";"1";"67";"67137";"1";"1";"1";"2";"Route Métropolitaine 1083";"48,5010130";"7,6920680"
"201900042666";"30";"9";"2019";"10:05";"1";"93";"93071";"2";"9";"1";"3";"HOCHE (AVENUE)";"48,9311600";"2,5310170"
"201900042667";"30";"9";"2019";"15:00";"1";"93";"93050";"2";"9";"1";"2";"GENERAL DE GAULLE (AVENUE)";"48,8568900";"2,5308600"
"201900042668";"30";"9";"2019";"13:00";"1";"93";"93049";"2";"3";"1";"3";"PRESIDENT JOHN KENNEDY (AVENUE)";"48,8662900";"2,5109400"
"201900042669";"12";"1";"2019";"22:35";"3";"59";"59179";"1";"1";"8";"5";"AUTOROUTE A2";"50,3062100";"3,3800300"
"201900042670";"15";"1";"2019";"00:59";"3";"91";"91617";"1";"1";"1";"2";"RN 104";"48,6317310";"2,5169500"
"201900042671";"14";"1";"2019";"19:26";"3";"92";"92019";"1";"1";"1";"2";"RN385";"48,7768732";"2,2298239"
"201900042672";"30";"9";"2019";"19:25";"2";"93";"93046";"2";"6";"1";"1";"DOCTEUR ROUX RUE DU";"48,9332980";"2,5498040"
"201900042673";"30";"9";"2019";"16:45";"1";"93";"93046";"2";"1";"1";"6";"ARISTIDE BRIAND AVENUE";"48,9113800";"2,5177700"
"201900042674";"12";"1";"2019";"19:20";"4";"94";"94076";"1";"1";"2";"2";"AUTOROUTE A6B";"48,7777500";"2,3467600"
"201900042675";"29";"9";"2019";"22:19";"5";"93";"93006";"2";"1";"8";"2";"REPUBLIQUE AVENUE DE LA";"48,8622300";"2,4164200"
"201900042676";"14";"1";"2019";"08:45";"1";"92";"92064";"1";"1";"1";"4";"A13";"48,8393404";"2,2173851"
"201900042677";"29";"9";"2019";"07:05";"5";"93";"93032";"2";"1";"1";"6";"MONTFERMEIL   (ALLEE DE)";"48,8991400";"2,5421500"
"201900042678";"14";"1";"2019";"21:30";"4";"93";"93053";"1";"1";"1";"4";"AUTOROUTE A3";"48,8839000";"2,4595200"
"201900042679";"29";"9";"2019";"17:10";"1";"93";"93031";"2";"1";"2";"5";"LA BRUYERE (RUE)";"48,9604320";"2,3163200"
"201900042680";"14";"1";"2019";"09:47";"1";"92";"92036";"1";"1";"1";"4";"RN 315 ";"48,9374981";"2,2983683"
"201900042681";"30";"9";"2019";"21:20";"5";"93";"93001";"2";"1";"2";"6";"JEAN JAURES (AVE)  215 =>";"48,9152700";"2,4043520"
"201900042682";"14";"1";"2019";"10:15";"1";"77";"77294";"1";"1";"1";"4";"A104";"48,9666700";"2,6052700"
"201900042683";"30";"9";"2019";"19:15";"1";"92";"92046";"2";"1";"1";"2";"Charles de gaulle";"48,8211440";"2,2970490"
"201900042684";"14";"1";"2019";"09:15";"1";"77";"77294";"1";"1";"1";"6";"A104";"48,9731100";"2,5905500"
"201900042685";"14";"1";"2019";"16:27";"1";"91";"91064";"2";"9";"1";"7";"PARIS (RUE DE)";"48,7664200";"2,2292600"
"201900042686";"28";"9";"2019";"15:10";"1";"92";"92033";"2";"1";"1";"2";"GENERAL DE GAULLE";"48,8410541";"2,1962002"
"201900042687";"30";"9";"2019";"18:15";"1";"92";"92044";"2";"3";"1";"6";"GREFFULHE (RUE)";"48,8954004";"2,2757560"
"201900042688";"30";"9";"2019";"08:10";"1";"92";"92044";"2";"9";"1";"3";"JACQUES IBERT(RUE)26+";"48,8877030";"2,2880717"
"201900042689";"27";"9";"2019";"18:00";"1";"92";"92036";"2";"1";"2";"6";"CAMELINAT (BOULEVARD) (2 AU 66)";"48,9286700";"2,2995600"
"201900042690";"27";"9";"2019";"13:45";"1";"92";"92036";"2";"3";"1";"3";"MARCEL PAUL (AVENUE) (1/103)";"48,9426200";"2,3029900"
"201900042691";"28";"9";"2019";"20:45";"5";"92";"92024";"2";"1";"1";"4";"CLICHY (PONT DE)";"48,9095133";"2,2995333"
"201900042692";"30";"9";"2019";"11:40";"1";"92";"92023";"2";"9";"1";"3";"GARDE (PLACE DU) S101";"48,8031700";"2,2566900"
"201900042693";"14";"1";"2019";"08:00";"5";"17";"17300";"2";"2";"2";"3";"LECLERC   AVENUE DU GENERAL";"46,1625800";" -1,1599000"
"201900042694";"28";"9";"2019";"19:20";"5";"92";"92019";"2";"1";"1";"1";"DE VINCI LEONARD (AVENUE)";"48,7661000";"2,2504600"
"201900042695";"28";"9";"2019";"09:55";"1";"22";"22259";"2";"1";"1";"6";"2 Rue du 18 Juin 1940";"48,4618890";" -2,0590050"
"201900042696";"29";"9";"2019";"18:50";"2";"2A";"2A258";"2";"1";"1";"7";"village de Renno";"42,2101840";"8,8256730"
"201900042697";"1";"10";"2019";"08:33";"1";"80";"80296";"1";"1";"3";"2";"autoroute A16";"50,0326900";"2,0597060"
"201900042698";"14";"1";"2019";"08:15";"2";"94";"94071";"2";"3";"8";"7";"MARAIS (CHE DES)";"48,7670195";"2,5049753"
"201900042699";"12";"1";"2019";"20:10";"3";"95";"95252";"1";"1";"2";"4";"AUTOROUTE A15";"48,9776100";"2,2324400"