"Num_Acc";"jour";"mois";"an";"hrmn";"lum";"dep";"com";"agg";"int";"atm";"col";"adr";"lat";"long"
"201900042700";"14";"1";"2019";"06:00";"3";"974";"97411";"2";"7";"1";"6";"Chemin Rio";" -20,9485500";"55,6636000"
"201900042701";"14";"1";"2019";"18:45";"5";"973";"97302";"2";"1";"1";"3";"BADUEL (ROUTE DE)";"4,9304557";" -52,3050499"
"201900042702";"14";"1";"2019";"16:45";"1";"69";"69259";"2";"1";"8";"3";"FRANCIS DE PRESSENSE                (AV)";"45,7177900";"4,8698900"
"201900042703";"14";"1";"2019";"18:15";"5";"69";"69383";"2";"1";"1";"2";"ROCKEFELLER                         (AV)";"45,7402100";"4,8882900"
"201900042704";"14";"1";"2019";"13:00";"1";"972";"97213";"1";"1";"1";"4";"AUTOROUTE A1";"14,6181200";" -61,0291700"
"201900042705";"14";"1";"2019";"18:30";"5";"972";"97209";"2";"1";"1";"7";"JULES ALARIC (RUE)";"14,6048200";" -61,0580300"
"201900042706";"30";"9";"2019";"07:19";"2";"16";"16012";"1";"1";"8";"6";"D24";"45,3865600";"0,1744000"
"201900042707";"27";"9";"2019";"08:00";"1";"36";"36230";"2";"1";"2";"1";"Avenue de Paris";"47,0770511";"1,8155945"
"201900042708";"9";"8";"2019";"13:45";"1";"68";"68338";"1";"1";"1";"7";"RD 11";"48,0942110";"7,2235290"
"201900042709";"30";"9";"2019";"21:30";"3";"62";"62038";"2";"1";"2";"7";"Chemin du fort batard";"50,8543910";"1,9766900"
"201900042710";"1";"10";"2019";"12:15";"1";"71";"71512";"1";"1";"1";"3";"AUTOROUTE A6";"46,6385080";"4,8593600"
"201900042711";"14";"1";"2019";"07:50";"1";"972";"97209";"2";"1";"1";"6";"MARIE-THERESE GERTRUDE (RUE)";"14,6040200";" -61,0837500"
"201900042712";"1";"10";"2019";"08:50";"1";"42";"42233";"1";"2";"1";"6";"Route de Beaujeu";"46,0713930";"3,9340170"
"201900042713";"14";"1";"2019";"08:30";"1";"69";"69034";"2";"3";"2";"6";"MARC SANGNIER                       (AV)";"45,7921100";"4,8416800"
"201900042714";"13";"1";"2019";"23:40";"5";"69";"69034";"2";"1";"2";"6";"CHARLES SENARD                      (QU)";"45,7871900";"4,8515400"
"201900042715";"11";"1";"2019";"19:22";"5";"91";"91021";"2";"1";"1";"3";"VERDUN (AVENUE DE)";"48,5820600";"2,2427100"
"201900042716";"11";"1";"2019";"13:54";"1";"87";"87085";"2";"1";"1";"3";"PERRIN (RUE FRANCOIS)";"45,8297500";"1,2479800"
"201900042717";"11";"1";"2019";"14:18";"1";"87";"87085";"2";"3";"1";"3";"DEGAS (RUE)";"45,8549600";"1,2676000"
"201900042718";"11";"1";"2019";"09:00";"1";"86";"86194";"2";"4";"1";"3";"PETIT POLYGONE (RUE DU)";"46,5773100";"0,3588100"
"201900042719";"30";"9";"2019";"17:58";"1";"23";"23075";"1";"1";"1";"6";"D5";"46,2885090";"1,6743460"
"201900042720";"30";"9";"2019";"22:00";"3";"56";"56053";"1";"1";"2";"5";"Le Pont Guilmet";"47,7465680";" -2,5694180"
"201900042721";"30";"9";"2019";"13:50";"1";"2A";"2A139";"1";"1";"7";"6";"D468";"41,6388530";"9,3363210"
"201900042722";"13";"1";"2019";"19:15";"3";"85";"85194";"1";"1";"2";"6";"Le Coudriou";"46,5097000";" -1,6862100"
"201900042723";"11";"1";"2019";"08:10";"5";"80";"80021";"2";"1";"2";"3";"AV PIERRE MENDES FRANCE";"49,8998500";"2,2886200"
"201900042724";"11";"1";"2019";"11:35";"1";"80";"80021";"2";"1";"1";"3";"144, AV DE LA DEFENSE PASSIVE";"49,9095190";"2,3284770"
"201900042725";"30";"9";"2019";"12:15";"1";"65";"65065";"2";"1";"7";"4";"1 Route de Pau";"43,1495260";" -0,0986200"
"201900042726";"29";"9";"2019";"14:25";"1";"71";"71506";"1";"9";"1";"7";"A39";"46,6583050";"5,4177320"
"201900042727";"30";"9";"2019";"18:01";"1";"71";"71038";"1";"9";"7";"3";"RD 980 PR 58, lieu dit des beaux jours";"46,7509150";"4,3899640"
"201900042728";"3";"1";"2019";"19:00";"5";"68";"68066";"2";"7";"2";"3";"LATTRE DE TASSIGNY (PLACE JEAN DE)";"48,0785750";"7,3518690"
"201900042729";"12";"1";"2019";"01:50";"5";"67";"67482";"2";"1";"2";"6";"OSTWALD (RUE D )";"48,5645300";"7,7070500"
"201900042730";"11";"1";"2019";"21:30";"5";"67";"67482";"1";"1";"4";"3";"PAUL DOPFF (RUE) ";"48,5562400";"7,7731800"
"201900042731";"11";"1";"2019";"18:00";"5";"67";"67482";"2";"1";"4";"2";"VOSGES (PONT DES)";"48,5880800";"7,7590500"
"201900042732";"12";"1";"2019";"05:30";"5";"66";"66136";"2";"2";"1";"3";"PYRENEES (BOULEVARD DES)";"42,6967000";"2,8881200"
"201900042733";"11";"1";"2019";"20:00";"3";"66";"66136";"2";"1";"1";"6";"PALAIS-DES-EXPO (AVENUE DU)";"42,7075700";"2,9018300"
"201900042734";"1";"10";"2019";"10:40";"1";"71";"71313";"1";"1";"1";"1";"Branges";"46,9539420";"4,2498310"
"201900042735";"30";"9";"2019";"16:55";"1";"22";"22152";"2";"1";"1";"7";"Le Guindy";"48,7825530";" -3,2550340"
"201900042736";"29";"9";"2019";"18:00";"1";"44";"44111";"1";"4";"2";"3";"Les Ardillières";"47,3675850";" -1,7297160"
"201900042737";"30";"9";"2019";"18:45";"2";"29";"29130";"1";"1";"2";"1";"La Croix Normand";"48,3586550";" -4,6423790"
"201900042738";"24";"9";"2019";"17:15";"1";"38";"38416";"1";"1";"8";"3";"D518";"45,1342300";"5,3258000"
"201900042739";"30";"9";"2019";"07:50";"1";"6";"06150";"2";"1";"1";"1";"218 Route de Laghet";"43,7442770";"7,3922940"
"201900042740";"14";"1";"2019";"11:05";"1";"59";"59350";"2";"9";"1";"6";"KUHLMANN RUE";"50,6308000";"3,0054300"
"201900042741";"13";"1";"2019";"03:00";"3";"59";"59637";"2";"1";"2";"6";"MURATON JEAN(RUE)";"50,3971000";"3,2929800"
"201900042742";"12";"1";"2019";"19:20";"5";"57";"57672";"2";"1";"2";"6";"EUROPE (CHAUSSEE D')";"49,3562300";"6,1435300"
"201900042743";"1";"10";"2019";"00:05";"5";"6";"06059";"2";"1";"1";"3";"Avenue Raymond Poincaré";"43,7213250";"7,3779770"
"201900042744";"29";"9";"2019";"03:30";"3";"64";"64547";"1";"1";"1";"1";"74 Chemin Arkia";"43,4081624";" -1,4690354"
"201900042745";"30";"9";"2019";"05:45";"3";"18";"18268";"1";"1";"1";"2";"D2144";"46,8246600";"2,4244980"
"201900042746";"13";"1";"2019";"15:10";"1";"54";"54373";"1";"1";"1";"6";"RN 59";"48,5678800";"6,5365900"
"201900042747";"1";"10";"2019";"12:40";"1";"10";"10295";"1";"1";"1";"6";"RD671";"48,0829880";"4,3837060"
"201900042748";"1";"10";"2019";"16:52";"1";"7";"07261";"2";"1";"1";"3";"Chemin d'Autussac";"44,8267610";"4,7566410"
"201900042749";"26";"9";"2019";"17:55";"1";"40";"40273";"1";"1";"1";"2";"D817";"43,5241050";" -1,4080990"
"201900042750";"1";"10";"2019";"09:13";"1";"28";"28149";"2";"1";"2";"6";"1 Rue Pauline";"48,6128490";"0,8993510"
"201900042751";"6";"9";"2019";"03:50";"5";"30";"30341";"2";"2";"1";"3";"Rue Fernand Granon";"43,6929510";"4,2741090"
"201900042752";"30";"9";"2019";"12:50";"1";"52";"52093";"2";"1";"1";"3";"40 Rue de la République";"47,8062450";"5,4401180"
"201900042753";"14";"1";"2019";"13:30";"1";"51";"51454";"2";"1";"1";"7";"RUE DE L'EQUERRE";"49,2481600";"4,0369400"
"201900042754";"12";"1";"2019";"17:18";"1";"49";"49007";"2";"1";"1";"2";"JOUVET SQUARE";"47,4514900";" -0,5266500"
"201900042755";"1";"10";"2019";"10:20";"1";"49";"49021";"1";"1";"2";"1";"RD 60 LIEU DIT FEURIE";"47,4387420";" -0,2157250"
"201900042756";"12";"1";"2019";"11:26";"1";"49";"49246";"2";"1";"1";"7";"BROSSE CHEMINE DE LA";"47,4393300";" -0,5055700"
"201900042757";"1";"10";"2019";"18:15";"1";"78";"78251";"1";"1";"1";"3";"RD 98";"48,8798240";"2,0641040"
"201900042758";"14";"1";"2019";"18:20";"5";"45";"45169";"2";"1";"1";"1";"42 ROUTE D'ORLEANS";"47,9163880";"1,8363210"
"201900042759";"18";"9";"2019";"19:30";"2";"34";"34032";"1";"1";"3";"6";"AUTOROUTE A9, P165+650, sens BEZIER-SETE";"43,3061710";"3,2394080"
"201900042760";"14";"1";"2019";"08:40";"1";"45";"45234";"2";"1";"1";"2";"AV DE TREVISE";"47,8945200";"1,8999400"
"201900042761";"31";"8";"2019";"11:35";"1";"13";"13001";"1";"1";"1";"3";"Autoroute A8 PK 014+500 direction LYON";"43,5316970";"5,3887860"
"201900042762";"1";"10";"2019";"09:30";"1";"988";"98808";"1";"1";"1";"6";"Tribu de Neya";" -21,2251920";"165,5946770"
"201900042763";"30";"9";"2019";"17:20";"1";"971";"97128";"1";"1";"1";"3";"Berard";"16,2654610";" -61,3581790"
"201900042764";"30";"9";"2019";"18:00";"1";"77";"77415";"2";"1";"1";"7";"D603-100 rue pasteur";"48,9538900";"3,0083500"
"201900042765";"14";"1";"2019";"07:55";"5";"45";"45234";"2";"2";"8";"3";"ROUTE D'OLIVET";"47,8849100";"1,9044200"
"201900042766";"27";"9";"2019";"22:35";"3";"84";"84141";"1";"1";"1";"7";"avenue charles de gaulle";"43,9673020";"4,9227030"
"201900042767";"28";"9";"2019";"01:00";"3";"83";"83027";"1";"1";"1";"6";"Chemin de la Cadière à Bandol";"43,1630110";"5,7644360"
"201900042768";"11";"1";"2019";"16:10";"1";"44";"44184";"2";"2";"1";"3";"BDS LIBÉRATION/ANJOU";"47,2827400";" -2,2091300"
"201900042769";"30";"9";"2019";"10:15";"1";"83";"83107";"1";"1";"7";"3";"Chemin de l'Homede";"43,4216190";"6,6808740"
"201900042770";"29";"9";"2019";"17:45";"1";"71";"71176";"2";"1";"1";"6";"Place Maréchal Leclerc";"46,4903360";"3,9960030"
"201900042771";"11";"1";"2019";"20:05";"5";"41";"41212";"2";"1";"1";"4";"NATIONALE (ROUTE)";"47,5629400";"1,3708000"
"201900042772";"28";"9";"2019";"20:50";"3";"67";"67300";"1";"1";"1";"6";"route départementale RD 127";"48,5605830";"7,5125540"
"201900042773";"29";"9";"2019";"21:20";"3";"57";"57408";"1";"1";"3";"6";"D31 BIS";"49,1495820";"6,9872360"
"201900042774";"14";"1";"2019";"13:40";"1";"37";"37261";"2";"2";"1";"3";"CHOISEUL (PLACE)";"47,4015800";"0,6683800"
"201900042775";"30";"9";"2019";"15:40";"1";"69";"69148";"1";"1";"1";"1";"Route des Sept Chemins";"45,6581100";"4,7416800"
"201900042776";"1";"10";"2019";"09:20";"1";"64";"64230";"1";"6";"1";"3";"rond-point Baragat, N134";"43,2370466";" -0,3899496"
"201900042777";"14";"1";"2019";"07:28";"4";"37";"37208";"2";"6";"8";"3";"LAC (AVENUE DU)";"47,3670936";"0,7205597"
"201900042778";"27";"9";"2019";"14:56";"1";"59";"59250";"2";"2";"8";"3";"882 Rue Faidherbe";"50,5839720";"2,8846520"
"201900042779";"13";"1";"2019";"17:25";"1";"33";"33063";"2";"3";"2";"6";"PLACE GAMBETTA / COURS G CLEMENCEAU - Sens VT vers Place Tourny - enfant sur trottinette traversant avec parent sur passage piéton des n° impairs vers pairs.";"44,8417100";" -0,5799700"
"201900042780";"30";"9";"2019";"15:05";"1";"13";"13071";"1";"1";"1";"2";"A7-Sens Marseille vers Lyon";"43,4132979";"5,2803800"
"201900042781";"11";"1";"2019";"20:05";"5";"31";"31555";"2";"1";"1";"3";"AV DE LARDENNE";"43,5925300";"1,4016600"
"201900042782";"12";"1";"2019";"05:40";"5";"31";"31555";"2";"6";"2";"7";"RPT DE L ABBE G. LAFFORGUE";"43,6430600";"1,4615700"
"201900042783";"11";"1";"2019";"17:45";"4";"31";"31555";"1";"1";"1";"2";"VA007331 A620";"43,6420300";"1,4216700"
"201900042784";"13";"1";"2019";"19:10";"5";"27";"27375";"2";"2";"1";"3";"OISEAUX (RUE DES)";"49,2212100";"1,1635100"
"201900042785";"14";"1";"2019";"14:55";"1";"27";"27229";"2";"1";"1";"6";"SEMARD (RUE PIERRE)";"49,0182000";"1,1565600"
"201900042786";"8";"1";"2019";"09:00";"1";"22";"22278";"2";"6";"1";"2";"GALLOIS (CARREFOUR DES)";"48,4971681";" -2,7470075"
"201900042787";"28";"9";"2019";"19:50";"2";"83";"83137";"1";"1";"1";"2";"A50 Sortie Tunnel Tube Sud";"43,1209300";"5,9435000"
"201900042788";"14";"1";"2019";"12:58";"1";"21";"21231";"2";"2";"1";"3";"CARNOT (BOULEVARD)";"47,3190200";"5,0479400"
"201900042789";"29";"9";"2019";"05:17";"3";"67";"67482";"1";"1";"1";"4";"Autoroute A.35";"48,5890000";"7,7306000"
"201900042790";"30";"9";"2019";"07:45";"1";"33";"33162";"1";"1";"1";"7";"ROCADE A 630";"44,8763400";" -0,6336500"
"201900042791";"30";"9";"2019";"08:00";"1";"33";"33162";"1";"1";"1";"5";"ROCADE A 630";"44,8762300";" -0,6334500"
"201900042792";"28";"9";"2019";"04:20";"3";"59";"59475";"1";"1";"2";"5";"AUTOROUTE A2";"50,3391278";"3,4601248"
"201900042793";"30";"9";"2019";"16:20";"1";"91";"91363";"1";"1";"1";"4";"RN 104";"48,6511300";"2,1830200"
"201900042794";"27";"9";"2019";"22:45";"1";"91";"91064";"1";"1";"1";"6";"RN 118";"48,7695640";"2,2297050"
"201900042795";"30";"9";"2019";"08:30";"1";"94";"94021";"1";"1";"1";"4";"AUTOROUTE A106";"48,7624000";"2,3445000"
"201900042796";"30";"9";"2019";"08:00";"1";"91";"91377";"1";"1";"1";"2";"BRETELLE A10 / RN20";"48,7166000";"2,2911000"
"201900042797";"30";"9";"2019";"08:40";"1";"92";"92048";"1";"1";"1";"2";"N118";"48,7982991";"2,2164766"
"201900042798";"30";"9";"2019";"02:55";"5";"92";"92050";"1";"1";"1";"6";"A86";"48,9040579";"2,2072533"
"201900042799";"29";"9";"2019";"04:45";"3";"92";"92036";"1";"1";"1";"6";"AUTOROUTE A15";"48,9435993";"2,2873587"
"201900042800";"29";"9";"2019";"01:45";"3";"93";"93053";"1";"1";"1";"2";"AUTOROUTE A3";"48,8937200";"2,4723200"
"201900042801";"29";"9";"2019";"23:00";"3";"77";"77373";"1";"1";"2";"7";"RN104";"48,7729820";"2,6117110"
"201900042802";"29";"9";"2019";"06:50";"3";"94";"94017";"1";"1";"1";"5";"A4";"48,8292560";"2,4990600"
"201900042803";"28";"9";"2019";"04:00";"5";"988";"98818";"1";"1";"1";"6";"ROUTE EXPRESS DU MONT DORE";" -22,2364200";"166,4862900"
"201900042804";"29";"9";"2019";"14:00";"1";"988";"98818";"2";"9";"1";"6";"NORMANDIE N-E-1 (ROUTE PROVINCIALE DU)";" -22,2308017";"166,4574033"
"201900042805";"28";"9";"2019";"20:25";"3";"974";"97416";"1";"1";"1";"3";"MAURICE THOREZ(CHEMIN)";" -21,2610900";"55,4816400"
"201900042806";"29";"9";"2019";"10:10";"1";"974";"97407";"2";"2";"1";"3";"MAHY FRANCOIS (RUE)";" -20,9376200";"55,2900400"
"201900042807";"30";"9";"2019";"00:35";"5";"69";"69387";"2";"1";"1";"7";"BENJAMIN DELESSERT                  (R )";"45,7282400";"4,8333300"
"201900042808";"23";"9";"2019";"15:00";"1";"69";"69259";"2";"1";"1";"2";"VIENNE (DE)                         (RO)";"45,7173200";"4,8544700"
"201900042809";"29";"9";"2019";"06:30";"2";"69";"69387";"2";"2";"1";"3";"JABOULAY                            (R )";"45,7487500";"4,8369500"
"201900042810";"29";"9";"2019";"10:25";"1";"69";"69259";"2";"1";"1";"2";"PARILLY (DE)                        (BD)";"45,7155000";"4,9066700"
"201900042811";"12";"1";"2019";"18:40";"5";"19";"19031";"2";"1";"1";"3";"RIVET (AVENUE JEAN CHARLES)";"45,1490900";"1,4924300"
"201900042812";"14";"1";"2019";"20:05";"5";"13";"13213";"2";"1";"1";"4";"ALBERT EINSTEIN (RUE)";"43,3327400";"5,4300900"
"201900042813";"14";"1";"2019";"21:00";"5";"13";"13208";"2";"1";"1";"3";"PRADO (AVENUE DU)";"43,2779586";"5,3885844"
"201900042814";"14";"1";"2019";"13:15";"1";"13";"13213";"2";"1";"1";"3";"OLIVES (AVENUE DES)";"43,3264460";"5,4384640"
"201900042815";"14";"1";"2019";"08:00";"1";"13";"13213";"2";"1";"1";"3";"JEAN PAUL SARTRE (AVENUE)";"43,3218960";"5,4177550"
"201900042816";"14";"1";"2019";"07:00";"5";"13";"13214";"2";"1";"1";"6";"RAFFINERIE (BOULEVARD)";"43,3338900";"5,3789000"
"201900042817";"14";"1";"2019";"17:20";"1";"13";"13047";"2";"1";"6";"6";"HELENE BOUCHER AVENUE";"43,5119400";"4,9880300"
"201900042818";"14";"1";"2019";"14:40";"1";"6";"06088";"2";"1";"1";"3";"RICOLFI (R. HUMBERT)";"43,7120000";"7,2890000"
"201900042819";"14";"1";"2019";"14:00";"1";"6";"06088";"2";"2";"1";"6";"DELFINO (BD GENERAL)";"43,7040900";"7,2888600"
"201900042820";"13";"1";"2019";"23:35";"5";"6";"06104";"2";"1";"1";"1";"MONLEON (AVENUE SYLVIO DE)";"43,7556340";"7,4816030"
"201900042821";"14";"1";"2019";"08:40";"1";"6";"06027";"2";"1";"1";"3";"PROMENADE DE L HIPPODROME";"43,6489600";"7,1499100"
"201900042822";"14";"1";"2019";"18:45";"5";"75";"75114";"2";"1";"1";"3";"PORTE DE CHATILLON";"48,8217520";"2,3179320"
"201900042823";"13";"1";"2019";"22:50";"5";"75";"75119";"2";"1";"1";"2";"PORTE DES LILAS";"48,8810000";"2,4036530"
"201900042824";"14";"1";"2019";"07:40";"1";"75";"75120";"2";"1";"8";"3";"PORTE DE BAGNOLET";"48,8599300";"2,4139820"
"201900042825";"14";"1";"2019";"17:00";"5";"75";"75106";"2";"2";"1";"3";"RUE DE BUCI";"48,8531460";"2,3358880"
"201900042826";"14";"1";"2019";"09:00";"1";"75";"75120";"2";"3";"1";"6";"RUE BLANCHARD";"48,8575700";"2,4107980"
"201900042827";"14";"1";"2019";"15:15";"1";"75";"75115";"2";"5";"1";"6";"RUE DE L ABBE ROGER DERRY";"48,8499140";"2,3011140"
"201900042828";"14";"1";"2019";"11:00";"1";"75";"75115";"2";"2";"1";"3";"BOULEVARD LEFEBVRE";"48,8284810";"2,3013730"
"201900042829";"28";"9";"2019";"21:10";"5";"972";"97209";"2";"1";"1";"7";"FRANCOIS ARAGO (RUE)";"14,6067250";" -61,0724210"
"201900042830";"14";"1";"2019";"16:20";"1";"75";"75114";"2";"2";"1";"5";"RUE D ALESIA";"48,8327370";"2,3115370"
"201900042831";"14";"1";"2019";"17:42";"5";"75";"75113";"2";"4";"2";"3";"RUE DE LA POTERNE DES PEUPLIERS";"48,8182100";"2,3533750"
"201900042832";"14";"1";"2019";"17:05";"5";"75";"75113";"2";"2";"1";"6";"AVENUE D ITALIE";"48,8261820";"2,3572730"
"201900042833";"14";"1";"2019";"15:20";"1";"75";"75112";"2";"2";"1";"3";"AVENUE DAUMESNIL";"48,8348864";"2,4198712"
"201900042834";"14";"1";"2019";"21:50";"5";"75";"75110";"2";"3";"1";"2";"RUE DU FAUBOURG DU TEMPLE";"48,8712360";"2,3746430"
"201900042835";"28";"9";"2019";"05:30";"2";"972";"97209";"2";"2";"1";"3";"GENERAL DE GAULLE (BLD DU)";"14,6073100";" -61,0677700"
"201900042836";"28";"9";"2019";"18:00";"1";"69";"69034";"2";"3";"1";"2";"CREPIEUX (DE)                       (CH)";"45,8016800";"4,8665600"
"201900042837";"29";"9";"2019";"05:25";"2";"95";"95063";"2";"1";"1";"1";"RUE LUCIEN SAMPAIX";"48,9396050";"2,2068890"
"201900042838";"29";"9";"2019";"18:15";"1";"91";"91223";"2";"3";"1";"6";"CROIX DE VERNAILLES (RUE DE LA)";"48,4516570";"2,1700830"
"201900042839";"29";"9";"2019";"18:00";"1";"81";"81004";"2";"1";"1";"6";"JOFFRE (AV MARECHAL)";"43,9224900";"2,1415000"
"201900042840";"29";"9";"2019";"10:42";"1";"78";"78498";"2";"2";"1";"1";"GAMBETTA BD";"48,9321100";"2,0445700"
"201900042841";"29";"9";"2019";"06:30";"5";"77";"77284";"2";"2";"1";"3";"D603 X S. ALLENDE (AVENUE DU ML.)";"48,9547051";"2,8932633"
"201900042842";"14";"1";"2019";"17:00";"1";"75";"75110";"2";"1";"1";"5";"AVENUE CLAUDE VELLEFAUX";"48,8768570";"2,3702990"
"201900042843";"13";"1";"2019";"15:45";"1";"75";"75104";"2";"3";"1";"6";"RUE SAINT ANTOINE";"48,8547800";"2,3624130"
"201900042844";"13";"1";"2019";"21:47";"5";"94";"94081";"2";"1";"1";"7";"LEON GEFFROY (R)";"48,7759400";"2,4091000"
"201900042845";"13";"1";"2019";"05:45";"5";"94";"94003";"2";"1";"2";"5";"PAUL VAILLANT COUTURIER (AV)";"48,8031900";"2,3382400"
"201900042846";"14";"1";"2019";"14:00";"1";"94";"94028";"2";"1";"1";"6";"POMPADOUR(ROUTE DE LA)";"48,7672100";"2,4705100"
"201900042847";"14";"1";"2019";"18:50";"5";"94";"94053";"2";"1";"1";"1";"GENERAL DE GAULLE (R DU)";"48,7767000";"2,5411000"
"201900042848";"13";"1";"2019";"01:35";"5";"94";"94019";"2";"2";"2";"3";"LIBERATION (RTE DE LA)";"48,8027610";"2,5386370"
"201900042849";"14";"1";"2019";"13:55";"1";"94";"94044";"2";"9";"1";"3";"PAUL VALERY (R)";"48,7532100";"2,4750700"
"201900042850";"13";"1";"2019";"20:50";"5";"93";"93066";"2";"1";"2";"3";"LIBERATION RD14 (BOULEVARD)";"48,9289200";"2,3405700"
"201900042851";"14";"1";"2019";"18:55";"5";"93";"93066";"2";"1";"1";"6";"BRISE ECHALAS";"48,9384100";"2,3457700"
"201900042852";"14";"1";"2019";"00:45";"5";"93";"93077";"2";"1";"2";"6";"GRANDE RUE  18 / FIN";"48,8828000";"2,5163200"
"201900042853";"14";"1";"2019";"12:42";"1";"93";"93051";"2";"1";"1";"3";"PAUL PAMBRUN (BOULEVARD)";"48,8501700";"2,5513000"
"201900042854";"29";"9";"2019";"21:00";"5";"77";"77268";"2";"2";"8";"3";"CLE DES CHAMPS ( RUE DE LA )";"48,8674600";"2,8147000"
"201900042855";"13";"1";"2019";"22:55";"5";"93";"93048";"2";"9";"2";"6";"GALLIENI (AV.) DE 1 A 109";"48,8708600";"2,4510800"
"201900042856";"23";"9";"2019";"08:15";"1";"76";"76194";"2";"1";"1";"6";"BOUT DE LA VILLE ( RUE DU)";"49,7374000";"0,3378000"
"201900042857";"29";"9";"2019";"18:15";"1";"74";"74305";"2";"1";"1";"6";"TOURNELLES (RUE DES)";"46,2000316";"6,2458039"
"201900042858";"29";"9";"2019";"14:50";"1";"69";"69256";"2";"1";"1";"7";"MAXIMILIEN DE ROBESPIERRE           (R )";"45,7756600";"4,9177500"
"201900042859";"14";"1";"2019";"08:00";"2";"93";"93032";"2";"1";"1";"6";"ARISTIDE BRIAND (RUE)";"48,8769500";"2,5314100"
"201900042860";"29";"9";"2019";"00:05";"5";"69";"69029";"2";"2";"1";"1";"LEON BOURGEOIS                      (R )";"45,7275200";"4,9007000"
"201900042861";"29";"9";"2019";"00:30";"5";"65";"65440";"2";"1";"1";"6";"MARTINET (BOULEVARD DU)";"43,2341100";"0,0845640"
"201900042862";"14";"1";"2019";"17:50";"5";"93";"93027";"2";"1";"1";"3";"MERMOZ (AVENUE JEAN)";"48,9327700";"2,4119600"
"201900042863";"28";"9";"2019";"19:50";"2";"65";"65100";"1";"1";"1";"7";"BORDEAUX (ROUTE DE) CD 935";"43,2623170";"0,0715770"
"201900042864";"29";"9";"2019";"17:50";"1";"64";"64249";"2";"1";"1";"3";"GETARIA(AVENUE)";"43,4243200";" -1,6047400"
"201900042865";"13";"1";"2019";"23:50";"5";"93";"93008";"2";"2";"2";"1";"TEHERAN (RUE DE)";"48,9117000";"2,4649800"
"201900042866";"28";"9";"2019";"14:40";"1";"64";"64260";"2";"1";"1";"2";"MER (BOULEVARD DE LA)";"43,3739300";" -1,7704100"
"201900042867";"29";"9";"2019";"12:10";"1";"64";"64260";"2";"1";"1";"3";"BAIE DE CHINGUDY (AVENUE DE LA)";"43,3697800";" -1,7732200"
"201900042868";"14";"1";"2019";"12:40";"1";"972";"97215";"2";"1";"1";"1";"rivière roches";"14,8687530";" -61,1298110"
"201900042869";"28";"9";"2019";"16:55";"1";"62";"62826";"2";"1";"3";"6";"THIERRY SABINE (BOULEVARD)";"50,5314200";"1,5864950"
"201900042870";"29";"9";"2019";"03:40";"3";"62";"62735";"1";"1";"2";"1";"CD 943";"50,4953440";"2,7042680"
"201900042871";"12";"1";"2019";"18:00";"3";"1";"01158";"1";"1";"1";"3";"D884";"46,1610216";"5,9095107"
"201900042872";"15";"1";"2019";"08:10";"2";"29";"29095";"1";"1";"1";"2";" PK 065.750 sens Morlaix - Brest";"48,4643225";" -4,3467811"
"201900042873";"29";"9";"2019";"21:25";"5";"59";"59599";"2";"3";"2";"3";"COTY (RUE DU PRESIDENT)";"50,7450094";"3,1784302"
"201900042874";"14";"1";"2019";"15:50";"2";"34";"34169";"2";"9";"7";"6";"chemin du val de lironde";"43,6729100";"3,8446700"
"201900042875";"13";"1";"2019";"16:20";"1";"57";"57560";"1";"3";"2";"3";"D174G";"48,9331400";"6,6666670"
"201900042876";"15";"1";"2019";"16:35";"1";"56";"56255";"1";"1";"1";"7";"RN 166 Kerboulard";"47,6976480";" -2,6271360"
"201900042877";"29";"9";"2019";"21:00";"5";"54";"54547";"2";"1";"2";"1";"28 rue Aristide Briand";"48,6729420";"6,1824020"
"201900042878";"14";"1";"2019";"18:30";"5";"56";"56184";"2";"4";"1";"3";"Place du Marchix";"47,6615620";" -2,4570400"
"201900042879";"28";"9";"2019";"10:07";"1";"50";"50165";"2";"1";"1";"2";"D 135E";"48,8524700";" -1,5624000"
"201900042880";"29";"9";"2019";"12:40";"1";"45";"45302";"2";"1";"8";"6";" Bretelle d'échangeur D520";"47,9450908";"1,8940596"
"201900042881";"29";"9";"2019";"19:25";"5";"37";"37261";"2";"1";"3";"6";"ORIGET (RUE)";"47,3870900";"0,6897300"
"201900042882";"29";"9";"2019";"09:15";"1";"37";"37261";"2";"2";"1";"3";"BERANGER (BOULEVARD)";"47,3894818";"0,6827278"
"201900042883";"29";"9";"2019";"05:58";"5";"37";"37214";"2";"1";"1";"7";"CROIX PERIGOURD (RUE DE LA)";"47,4121925";"0,6592749"
"201900042884";"30";"9";"2019";"00:00";"5";"33";"33119";"2";"2";"1";"4";"AVE DU PRESIDENT J.F. KENNEDY";"44,8675600";" -0,5068900"
"201900042885";"29";"9";"2019";"19:15";"2";"33";"33529";"2";"1";"1";"3";"46 Av SAINT-EXUPERY";"44,6226500";" -1,1402500"
"201900042886";"15";"1";"2019";"16:00";"1";"33";"33125";"1";"1";"1";"6";"CD 205";"45,2157100";" -0,8322900"
"201900042887";"29";"9";"2019";"04:25";"5";"30";"30189";"2";"6";"1";"6";"FAITA VINCENT (RUE)";"43,8431800";"4,3697800"
"201900042888";"15";"1";"2019";"14:20";"1";"89";"89459";"1";"3";"1";"3";"RD 369";"48,1538510";"3,1687530"