"Num_Acc";"jour";"mois";"an";"hrmn";"lum";"dep";"com";"agg";"int";"atm";"col";"adr";"lat";"long"
"201900042889";"29";"9";"2019";"19:15";"1";"17";"17300";"2";"1";"2";"7";"GARROS   RUE ROLAND";"46,1759000";" -1,1450000"
"201900042890";"14";"1";"2019";"19:00";"5";"63";"63286";"1";"1";"1";"6";"Le pont de menat";"46,1027720";"2,9347990"
"201900042891";"30";"9";"2019";"20:00";"5";"13";"13215";"2";"1";"1";"1";"MARDIROSSIA (TRAVERSE)";"43,3367450";"5,3598870"
"201900042892";"14";"1";"2019";"11:45";"1";"63";"63030";"1";"1";"2";"1";"RD91";"46,0201210";"3,2976390"
"201900042893";"29";"9";"2019";"22:30";"5";"13";"13201";"2";"1";"1";"1";"VOLTAIRE    PAIRS (BOULEVARD)";"43,3021350";"5,3829910"
"201900042894";"29";"9";"2019";"19:10";"2";"13";"13206";"2";"3";"1";"3";"BAILLE (BOULEVARD)";"43,2363700";"5,3855200"
"201900042895";"14";"1";"2019";"14:30";"1";"55";"55216";"1";"3";"1";"2";"D618";"49,2964100";"5,6552120"
"201900042896";"11";"1";"2019";"18:00";"3";"86";"86160";"1";"3";"1";"3";"La Haute Chaussée";"46,7951901";"0,2245014"
"201900042897";"29";"9";"2019";"17:55";"1";"13";"13203";"2";"3";"1";"3";"PARIS (BOULEVARD DE)";"43,3074190";"5,3715860"
"201900042898";"29";"9";"2019";"16:45";"1";"13";"13203";"2";"3";"1";"6";"HOCHE (RUE)";"43,3089440";"5,3745170"
"201900042899";"14";"1";"2019";"22:45";"5";"68";"68098";"2";"1";"1";"6";"06 rue principale";"47,5619430";"7,1566640"
"201900042900";"29";"9";"2019";"12:50";"1";"13";"13202";"2";"1";"1";"6";"TOURETTE (QUAI DE LA)";"43,2977400";"5,3629500"
"201900042901";"13";"1";"2019";"18:35";"5";"38";"38559";"2";"7";"1";"3";"D1092 - PLACE DE L'HÔTEL DE VILLE";"45,2107100";"5,4038400"
"201900042902";"29";"9";"2019";"15:20";"1";"13";"13028";"1";"1";"1";"5";"BODIN (AVENUE EMILE)";"43,2065800";"5,5855800"
"201900042903";"10";"1";"2019";"21:25";"3";"85";"85179";"1";"1";"1";"6";"RD45";"46,5197100";" -1,5442000"
"201900042904";"29";"9";"2019";"09:54";"1";"9";"09122";"2";"9";"1";"6";"VILLOTE (PARKING DE)";"42,9637100";"1,6063500"
"201900042905";"3";"9";"2019";"13:00";"1";"7";"07186";"2";"1";"1";"6";"MOBILES (BLD. DES)";"44,7359700";"4,6013600"
"201900042906";"15";"1";"2019";"08:45";"1";"37";"37198";"1";"1";"8";"5";"LE PERRE";"47,4520140";"0,2389270"
"201900042907";"29";"9";"2019";"20:40";"5";"6";"06088";"2";"2";"1";"3";"BARBERIS (RUE)";"43,7121600";"7,2882500"
"201900042908";"15";"1";"2019";"12:30";"1";"30";"30020";"1";"1";"1";"5";"CD 135";"43,7479990";"4,3029160"
"201900042909";"29";"9";"2019";"09:30";"1";"6";"06088";"2";"5";"1";"3";"COMBOUL (AV. RAYMOND)";"43,7080100";"7,2678600"
"201900042910";"29";"9";"2019";"00:20";"5";"75";"75120";"2";"1";"1";"6";"ECHANGEUR BAGNOLET";"48,8638805";"2,4131537"
"201900042911";"14";"1";"2019";"13:36";"1";"40";"40295";"1";"1";"2";"2";"Barrière de péage pleine voie n°105";"44,3471590";" -0,8605690"
"201900042912";"28";"9";"2019";"23:55";"5";"75";"75120";"2";"4";"1";"6";"AVENUE CARTELLIER";"48,8647537";"2,4120914"
"201900042913";"15";"1";"2019";"15:28";"1";"13";"13029";"1";"3";"1";"1";"D70 - CHEMIN DE LA COPÉRATIVE";"43,5720910";"5,0753450"
"201900042914";"29";"9";"2019";"20:15";"5";"75";"75119";"2";"2";"2";"3";"RUE D AUBERVILLIERS";"48,8987373";"2,3711260"
"201900042915";"15";"1";"2019";"09:10";"1";"33";"33122";"2";"1";"1";"6";"impasse du Trinquet";"44,7389900";" -0,6804400"
"201900042916";"29";"9";"2019";"20:35";"5";"75";"75116";"2";"7";"2";"7";"PLACE DE VERDUN";"48,8781723";"2,2810256"
"201900042917";"14";"1";"2019";"17:38";"3";"24";"24584";"1";"1";"1";"6";"La planche du bois RD9";"44,9322620";"0,0421030"
"201900042918";"15";"1";"2019";"11:30";"1";"42";"42302";"2";"2";"1";"3";"RD1498 intersection RD106";"45,4815590";"4,4444690"
"201900042919";"14";"1";"2019";"16:45";"1";"971";"97107";"1";"1";"7";"3";"boulevard bananier";"15,9969450";" -61,6069550"
"201900042920";"28";"9";"2019";"23:20";"5";"75";"75116";"2";"1";"1";"6";"AVENUE THEOPHILE GAUTIER";"48,8508240";"2,2743820"
"201900042921";"15";"1";"2019";"07:00";"3";"77";"77063";"1";"3";"1";"4";"D216 X rue du Montlevon";"48,7971050";"2,9660160"
"201900042922";"29";"9";"2019";"10:10";"1";"75";"75115";"2";"4";"2";"4";"RUE BRANCION";"48,8296790";"2,3017590"
"201900042923";"15";"1";"2019";"15:40";"1";"2B";"2B205";"2";"1";"1";"1";"D81";"42,6916670";"9,3752780"
"201900042924";"29";"9";"2019";"14:30";"1";"75";"75103";"2";"2";"2";"3";"BOULEVARD DES FILLES DU CALVAIRE";"48,8624704";"2,3668896"
"201900042925";"15";"1";"2019";"10:00";"1";"21";"21656";"1";"1";"1";"6";"ROUTE DÉPARTEMENTALE 25";"47,2341100";"5,1920980"
"201900042926";"29";"9";"2019";"16:25";"1";"75";"75108";"2";"5";"2";"6";"RUE DE MIROMESNIL";"48,8765530";"2,3156990"
"201900042927";"14";"1";"2019";"16:00";"1";"67";"67151";"2";"1";"1";"6";"1 rue du sapin";"48,6952350";"7,8832290"
"201900042928";"29";"9";"2019";"17:30";"1";"94";"94076";"2";"1";"2";"2";"PARIS (AV DE)";"48,8062500";"2,3634800"
"201900042929";"13";"1";"2019";"13:00";"1";"73";"73232";"1";"1";"4";"3";"D902";"45,5671474";"6,8893254"
"201900042930";"28";"9";"2019";"21:50";"5";"94";"94073";"2";"9";"1";"3";"BAS MARIN (R DU)";"48,7545000";"2,3860700"
"201900042931";"29";"9";"2019";"15:15";"1";"94";"94028";"2";"2";"2";"3";"ARCOS.(RUE RENE)";"48,7779500";"2,4658900"
"201900042932";"15";"1";"2019";"10:20";"1";"86";"86163";"1";"1";"1";"3";"RD3";"46,6406320";"0,4901790"
"201900042933";"29";"9";"2019";"02:15";"3";"94";"94017";"2";"1";"1";"1";"HENRI-MARIE LE BOURSICAUD (AV)";"48,8150000";"2,5238000"
"201900042934";"15";"1";"2019";"19:15";"5";"59";"59398";"2";"1";"1";"3";"route de pont à marcq";"50,5170910";"3,1120460"
"201900042935";"29";"9";"2019";"16:00";"1";"93";"93051";"2";"3";"8";"3";"PIERRE BROSSOLETTE";"48,8436160";"2,5287610"
"201900042936";"14";"1";"2019";"18:30";"3";"13";"13071";"1";"1";"1";"4";"A55-Sens Martigues vers Marseille";"43,3852000";"5,3110000"
"201900042937";"29";"9";"2019";"04:45";"5";"93";"93027";"2";"1";"1";"6";"VAILLANT-COUTURIER (AVENUE PAUL)";"48,9201300";"2,4098900"
"201900042938";"5";"1";"2019";"00:55";"3";"13";"13005";"1";"1";"1";"6";"A50 - Sens Aubagne vers Marseille";"43,2792700";"5,5852900"
"201900042939";"13";"1";"2019";"05:20";"3";"69";"69276";"1";"1";"3";"7";"A7   8.630 A 10.992";"45,6782000";"4,8479000"
"201900042940";"29";"9";"2019";"19:00";"2";"93";"93005";"2";"6";"2";"2";"EUGENE SCHUELLER (AVENUE)";"48,9301000";"2,5089300"
"201900042941";"13";"1";"2019";"23:25";"3";"54";"54232";"1";"1";"3";"2";"Autoroute 31";"48,6885400";"5,9982000"
"201900042942";"29";"9";"2019";"19:00";"2";"92";"92049";"2";"1";"2";"5";"BRIAND AVENUE ARISTIDE N°2 A 114";"48,8193600";"2,3255100"
"201900042943";"14";"1";"2019";"18:20";"3";"33";"33397";"1";"1";"1";"4";"AUTOROUTE A 10";"44,8942500";" -0,4984100"
"201900042944";"29";"9";"2019";"06:25";"5";"92";"92020";"2";"1";"1";"5";"VERDUN AVENUE DE AUTRES N°";"48,7981748";"2,2792290"
"201900042945";"13";"1";"2019";"19:30";"3";"33";"33080";"1";"1";"2";"2";"AUTOROUTE A 62";"44,7262900";" -0,5268100"
"201900042946";"13";"9";"2019";"11:15";"1";"24";"24372";"1";"1";"7";"3";"rue de la basse vaure";"45,1313760";"0,5068960"
"201900042947";"29";"9";"2019";"21:15";"1";"38";"38353";"2";"1";"1";"7";"Route de la Meuille";"45,4189800";"4,7545600"
"201900042948";"14";"1";"2019";"11:40";"1";"33";"33448";"1";"1";"3";"4";"AUTOROUTE A 62";"44,7231700";" -0,5244100"
"201900042949";"28";"9";"2019";"21:06";"5";"95";"95487";"2";"1";"1";"5";"Avenue Jacques Vogt";"49,1553400";"2,2678040"
"201900042950";"28";"9";"2019";"11:30";"1";"49";"49119";"1";"1";"1";"7";"D859";"47,6844640";" -0,4312570"
"201900042951";"14";"1";"2019";"07:55";"2";"33";"33162";"1";"1";"2";"6";"ROCADE A 630";"44,8678100";" -0,6484900"
"201900042952";"13";"1";"2019";"23:20";"3";"93";"93066";"1";"1";"1";"6";"AUTOROUTE A1";"48,9333000";"2,3835100"
"201900042953";"13";"1";"2019";"20:45";"5";"93";"93066";"1";"1";"1";"4";"AUTOROUTE A1";"48,9148200";"2,3576100"
"201900042954";"13";"1";"2019";"10:10";"1";"93";"93027";"1";"1";"1";"1";"BDL";"48,9271950";"2,4034794"
"201900042955";"14";"1";"2019";"00:20";"3";"77";"77337";"1";"9";"2";"6";"A4";"48,8307200";"2,6238600"
"201900042956";"13";"1";"2019";"23:20";"3";"77";"77384";"1";"1";"1";"2";"A5b";"48,6118600";"2,6322500"
"201900042957";"7";"1";"2019";"11:00";"1";"94";"94044";"1";"1";"1";"6";"RN406.W";"48,7580093";"2,4707582"
"201900042958";"4";"1";"2019";"22:15";"3";"75";"75112";"1";"1";"1";"6";"A4";"48,8283860";"2,4749130"
"201900042959";"14";"1";"2019";"11:10";"1";"988";"98818";"2";"3";"1";"6";"ROUTE DE L'ANSE VATA/RUE BOULARI";" -22,3018100";"166,4450400"
"201900042960";"10";"1";"2019";"15:30";"1";"973";"97302";"2";"1";"1";"6";"CABASSOU (ROUTE DE)";"4,9189327";" -52,3169804"
"201900042961";"12";"1";"2019";"11:40";"1";"972";"97209";"1";"1";"1";"6";"RD 13";"14,6179600";" -61,0395500"
"201900042962";"11";"1";"2019";"10:30";"1";"95";"95476";"2";"6";"2";"3";"JULES CESAR (CHAUSSEE)";"49,0498300";"2,0746800"
"201900042963";"25";"8";"2019";"18:30";"1";"50";"50487";"2";"1";"1";"7";"Rue Saint-Jacques de Compostelle (La Croix-Avranchin)";"48,5459110";" -1,3831010"
"201900042964";"31";"8";"2019";"20:30";"3";"38";"38264";"1";"1";"1";"6";"D114";"45,0138140";"5,8730220"
"201900042965";"13";"8";"2019";"18:30";"1";"38";"38366";"1";"1";"1";"7";"Hameau de Longueville";"44,7921400";"5,7926300"
"201900042966";"23";"8";"2019";"17:45";"1";"30";"30273";"1";"1";"1";"3";"d141";"44,2873980";"4,5639770"
"201900042967";"1";"9";"2019";"02:56";"3";"30";"30334";"1";"1";"1";"6";"D 125";"44,0482810";"4,4179960"
"201900042968";"26";"8";"2019";"14:45";"1";"22";"22267";"1";"1";"1";"1";"Bougueneuf";"48,3045227";" -2,3421864"
"201900042969";"26";"6";"2019";"16:15";"1";"21";"21081";"1";"2";"7";"3";"PK 44";"47,3609540";"4,7755460"
"201900042970";"30";"8";"2019";"12:00";"1";"62";"62269";"1";"1";"1";"1";"CD941";"50,4337840";"2,4490540"
"201900042971";"31";"8";"2019";"10:00";"1";"77";"77406";"1";"1";"1";"1";"D222";"48,8470481";"3,2062404"
"201900042972";"28";"8";"2019";"12:30";"1";"77";"77043";"1";"1";"1";"6";"D55";"48,8953900";"3,2526700"
"201900042973";"31";"8";"2019";"09:45";"1";"66";"66141";"2";"1";"1";"6";"Route de Rivesaltes";"42,7485890";"2,9122160"
"201900042974";"25";"8";"2019";"20:05";"1";"40";"40246";"1";"1";"1";"6";"D77";"44,1420550";" -0,7648610"
"201900042975";"1";"9";"2019";"18:30";"1";"69";"69046";"2";"2";"1";"3";"intersection rue de la fée des eaux et rue des corcelles";"45,6518500";"4,7963200"
"201900042976";"28";"8";"2019";"04:20";"5";"74";"74293";"2";"6";"1";"1";"Route des Voirons";"46,2680721";"6,2611814"
"201900042977";"27";"8";"2019";"01:25";"3";"74";"74020";"2";"1";"1";"7";"Route d'Armoy";"46,3515857";"6,5163759"
"201900042978";"31";"8";"2019";"19:30";"1";"83";"83097";"1";"1";"1";"1";"Avenue des Bastides";"43,5033980";"5,7491210"
"201900042979";"30";"8";"2019";"06:12";"3";"62";"62773";"1";"9";"1";"6";"route de l'eperche";"50,6327120";"1,7573090"
"201900042980";"7";"8";"2019";"01:00";"3";"51";"51564";"1";"1";"2";"7";"RD 9";"49,1282516";"4,1066119"
"201900042981";"31";"8";"2019";"12:15";"1";"51";"51032";"1";"1";"1";"6";"RUE DE LA VIGNE";"48,5718347";"3,8486980"
"201900042982";"30";"8";"2019";"17:10";"1";"51";"51353";"1";"1";"1";"7";"ROUTE DE MARSANGIS";"48,6006980";"3,8324080"
"201900042983";"30";"8";"2019";"08:45";"1";"51";"51018";"1";"1";"7";"5";"RD 3";"49,0162309";"4,1043829"
"201900042984";"30";"8";"2019";"01:15";"3";"19";"19229";"2";"1";"1";"6";"LA MARQUISIE";"45,1556762";"1,4798123"
"201900042985";"27";"8";"2019";"18:45";"1";"56";"56081";"1";"1";"1";"7";"Kerjulien";"48,0300360";" -3,5737840"
"201900042986";"28";"8";"2019";"17:40";"1";"56";"56237";"1";"1";"1";"5";"Chemin de Kerlodet";"48,0230900";" -2,9608710"
"201900042987";"24";"8";"2019";"06:30";"2";"56";"56178";"2";"4";"1";"6";"Rue Pierre-François Jouanno";"48,0701880";" -2,9652090"
"201900042988";"14";"7";"2019";"11:30";"1";"56";"56110";"1";"1";"7";"7";"Saint-Connet";"48,0054080";" -3,2526160"
"201900042989";"1";"9";"2019";"16:55";"1";"56";"56197";"1";"1";"1";"1";"Le Roc Saint-André";"47,8658090";" -2,4538200"
"201900042990";"28";"8";"2019";"09:15";"1";"56";"56186";"2";"1";"1";"6";"6 Avenue du Général de Gaulle";"47,4883440";" -3,1202790"
"201900042991";"26";"8";"2019";"18:00";"1";"59";"59089";"2";"3";"1";"3";"rue de Merckeghem";"50,8658720";"2,3249660"
"201900042992";"26";"8";"2019";"17:15";"1";"74";"74173";"2";"6";"1";"3";"Rue d'Oberstdorf";"45,8592630";"6,6198800"
"201900042993";"31";"8";"2019";"12:00";"1";"74";"74269";"1";"3";"1";"1";"D992";"45,9579861";"5,8363392"
"201900042994";"30";"8";"2019";"15:30";"1";"74";"74029";"1";"2";"1";"3";"D14";"45,9951340";"5,8191682"
"201900042995";"29";"8";"2019";"07:50";"1";"74";"74309";"2";"1";"1";"3";"rd 118";"46,1225610";"6,0344490"
"201900042996";"26";"8";"2019";"19:00";"1";"74";"74190";"1";"1";"1";"1";"Les Esserts";"46,0693160";"6,6711640"
"201900042997";"27";"8";"2019";"10:25";"1";"77";"77051";"2";"3";"1";"3";"Rue Pasteur";"48,4099940";"3,2344814"
"201900042998";"28";"8";"2019";"20:10";"2";"67";"67414";"2";"6";"1";"3";"D1420";"48,4578330";"7,2082850"
"201900042999";"31";"8";"2019";"16:15";"1";"76";"76636";"1";"1";"1";"6";"route départemenale 43";"49,4956870";"0,9079510"
"201900043000";"29";"8";"2019";"08:10";"1";"76";"76115";"1";"2";"8";"3";"RD 6015";"49,5924040";"0,5720200"
"201900043001";"28";"8";"2019";"02:20";"3";"76";"76080";"1";"1";"1";"6";"D926";"49,6290420";"0,6414790"
"201900043002";"31";"8";"2019";"11:05";"1";"76";"76572";"1";"1";"1";"2";"Le Haut de St Denis";"49,8562980";"0,9258360"
"201900043003";"28";"8";"2019";"17:00";"1";"79";"79109";"1";"1";"1";"4";"N/A";"46,3938080";" -0,4218590"
"201900043004";"27";"8";"2019";"10:15";"1";"2A";"2A032";"1";"1";"1";"1";"chemin de Budiccie";"41,9269370";"8,8176980"
"201900043005";"14";"8";"2019";"17:50";"1";"2A";"2A017";"1";"1";"1";"1";"D81";"42,0143150";"8,7352690"
"201900043006";"28";"8";"2019";"05:15";"3";"2B";"2B050";"1";"1";"1";"7";"Route terrioriale 30";"42,5516340";"8,7782910"
"201900043007";"30";"8";"2019";"16:00";"1";"80";"80010";"2";"3";"1";"1";"17 Rue Saint-Martin";"49,7568400";"2,3629760"
"201900043008";"31";"8";"2019";"19:45";"1";"80";"80011";"2";"1";"1";"3";"43 rue Jean Catelas";"49,9258820";"2,1929410"
"201900043009";"29";"8";"2019";"16:05";"1";"80";"80799";"2";"1";"1";"6";"Rue de Melbourne";"49,8664210";"2,5182760"
"201900043010";"31";"8";"2019";"19:45";"1";"82";"82017";"2";"1";"1";"6";"Route de Bordeaux";"43,8823070";"1,2547510"
"201900043011";"30";"8";"2019";"16:00";"1";"65";"65072";"2";"6";"1";"7";"D935";"43,2901350";"0,0688473"
"201900043012";"28";"8";"2019";"18:25";"1";"69";"69214";"1";"1";"1";"1";"Lieu-dit Le Bancillon (RD504)";"46,0031300";"4,3375900"
"201900043013";"31";"8";"2019";"19:30";"1";"81";"81196";"1";"1";"2";"6";"13 route de Malacan";"43,5792520";"2,3539260"
"201900043014";"27";"8";"2019";"18:20";"1";"32";"32458";"1";"2";"1";"3";"D111";"43,7355360";" -0,0122660"
"201900043015";"29";"8";"2019";"01:45";"3";"11";"11145";"1";"1";"1";"6";"D1118";"43,1898870";"3,1777710"
"201900043016";"26";"8";"2019";"08:20";"1";"11";"11170";"2";"4";"8";"6";"BOULEVARD PECH MAYAUD";"43,1116300";"3,0948600"
"201900043017";"29";"8";"2019";"13:20";"1";"71";"71412";"1";"1";"1";"7";"D 974 Route du Canal";"46,7194460";"4,4437980"
"201900043018";"30";"8";"2019";"15:45";"1";"71";"71302";"1";"1";"1";"6";"D977";"46,7151380";"4,6650170"
"201900043019";"1";"9";"2019";"02:30";"3";"63";"63231";"1";"1";"2";"1";"Rue de Champ Blanc";"45,8722330";"3,6263560"
"201900043020";"28";"8";"2019";"14:45";"1";"63";"63430";"2";"3";"1";"5";"Rue Terrasse";"45,8556405";"3,5463828"
"201900043021";"26";"8";"2019";"18:30";"1";"63";"63165";"2";"1";"1";"7";"Avenue de la Gare";"45,8017690";"2,4669840"
"201900043022";"28";"8";"2019";"23:15";"3";"63";"63366";"1";"1";"1";"3";"D214";"45,5207060";"3,3542930"
"201900043023";"23";"8";"2019";"09:00";"1";"63";"63350";"1";"2";"1";"1";"D212";"45,7247870";"3,2784400"
"201900043024";"1";"9";"2019";"10:30";"1";"61";"61426";"1";"1";"1";"6";"Rue Guillaume Seznec";"48,3749810";"0,5416250"
"201900043025";"28";"8";"2019";"05:30";"3";"61";"61492";"1";"3";"1";"6";"La Bigotière";"48,6061990";"0,2723310"
"201900043026";"26";"8";"2019";"01:15";"3";"61";"61156";"1";"1";"1";"6";"Montperroux";"48,5359100";"0,2691230"
"201900043027";"30";"8";"2019";"21:00";"2";"49";"49061";"1";"1";"1";"6";"route départementale n°6";"47,6204740";" -1,0388330"
"201900043028";"30";"8";"2019";"20:50";"2";"49";"49125";"2";"1";"1";"7";"D178(Concourson-sur-Layon)";"47,1776300";" -0,3446330"
"201900043029";"31";"8";"2019";"14:00";"1";"49";"49218";"1";"2";"1";"3";"D92";"47,2505470";" -1,0699680"
"201900043030";"28";"8";"2019";"18:00";"1";"42";"42059";"2";"1";"1";"6";"22 Rue Max Flechet";"45,6373120";"4,3893440"
"201900043031";"26";"8";"2019";"21:20";"5";"42";"42323";"1";"9";"1";"6";"départementale 100";"45,5619750";"4,3105140"
"201900043032";"22";"8";"2019";"19:10";"1";"47";"47226";"1";"2";"1";"3";"Grand Marty";"44,6278750";"0,3585590"
"201900043033";"30";"8";"2019";"19:15";"1";"41";"41095";"2";"1";"1";"6";"23 route du plessis";"47,8880410";"1,2095720"
"201900043034";"28";"8";"2019";"12:15";"1";"41";"41211";"1";"1";"1";"7";"D976";"47,3234620";"1,1005770"
"201900043035";"28";"8";"2019";"04:30";"3";"34";"34147";"1";"1";"1";"6";"D909";"43,4898900";"3,1914290"
"201900043036";"28";"8";"2019";"18:00";"1";"68";"68135";"1";"2";"1";"5";"D 105";"47,5909600";"7,5499600"
"201900043037";"27";"8";"2019";"17:30";"1";"68";"68039";"1";"1";"1";"7";"D463";"47,5352300";"7,2088090"
"201900043038";"29";"8";"2019";"09:50";"1";"68";"68068";"2";"6";"1";"3";"Rue de Belfort";"47,6311340";"7,1152510"
"201900043039";"25";"8";"2019";"11:00";"1";"39";"39261";"1";"1";"1";"3";"N/A";"46,4636070";"5,4487560"
"201900043040";"31";"8";"2019";"19:25";"2";"25";"25139";"2";"1";"1";"1";"Le Petit Communal";"47,0219910";"6,4262670"
"201900043041";"28";"8";"2019";"17:05";"1";"25";"25463";"1";"1";"1";"3";"Départementale 437";"47,3716790";"6,7610930"
"201900043042";"30";"8";"2019";"15:40";"1";"25";"25243";"1";"1";"1";"1";"D 31 -lieu dit niellans";"47,1585050";"6,4702710"
"201900043043";"28";"8";"2019";"17:30";"1";"25";"25056";"2";"9";"1";"2";"REVOLUTION PLACE DE LA";"47,2396900";"6,0228600"
"201900043044";"31";"8";"2019";"13:30";"1";"44";"44006";"1";"1";"9";"5";"D 139, Tahon";"47,4473440";" -2,4040700"
"201900043045";"28";"8";"2019";"02:57";"3";"35";"35354";"1";"1";"1";"6";"Le Haut Vilque";"48,5065040";" -1,5550910"
"201900043046";"27";"8";"2019";"20:00";"1";"35";"35243";"2";"3";"1";"5";"51 rue nationale";"48,3402860";" -1,2794130"
"201900043047";"27";"8";"2019";"17:15";"1";"29";"29249";"2";"1";"1";"6";"vieille route de chateauneuf du faou";"48,1629140";" -3,7885760"
"201900043048";"25";"8";"2019";"01:10";"4";"29";"29155";"2";"1";"1";"7";"Lampaul";"48,4570850";" -5,0981810"
"201900043049";"25";"8";"2019";"10:11";"1";"29";"29135";"2";"3";"1";"2";"général de gaulle";"47,8338018";" -4,1706952"
"201900043050";"27";"8";"2019";"14:15";"1";"29";"29215";"1";"3";"1";"1";"Lieu-dit Gorréquer";"47,9856323";" -4,4251286"
"201900043051";"29";"7";"2019";"19:55";"1";"31";"31026";"1";"1";"1";"3";"Passage de Luxel";"43,5249710";"1,8249320"
"201900043052";"30";"8";"2019";"07:10";"2";"31";"31091";"2";"1";"1";"5";"Avenue de Montauban";"43,7314091";"1,4155233"
"201900043053";"30";"8";"2019";"16:55";"1";"38";"38130";"1";"2";"1";"1";"Chemin des Blaches";"45,4105320";"5,2345370"
"201900043054";"28";"8";"2019";"13:15";"1";"38";"38229";"2";"3";"1";"3";"Rue Dubois Aymé";"45,2117700";"5,7898800"
"201900043055";"27";"8";"2019";"18:30";"1";"38";"38150";"2";"3";"1";"3";"Rue de Savoie";"45,2053100";"5,8456700"
"201900043056";"27";"8";"2019";"12:49";"1";"38";"38013";"1";"6";"1";"2";"Route de Lyon";"45,4001800";"5,4677000"
"201900043057";"27";"8";"2019";"22:00";"5";"38";"38013";"2";"2";"1";"1";"Route de Lyon";"45,4001500";"5,4899900"
"201900043058";"26";"8";"2019";"18:10";"1";"2";"02467";"1";"1";"1";"1";"D79";"49,1859480";"3,2394300"
"201900043059";"31";"8";"2019";"14:20";"1";"2";"02579";"1";"1";"1";"7";"Chemin Communal";"49,2129940";"3,3559450"
"201900043060";"29";"8";"2019";"16:55";"1";"15";"15122";"2";"1";"1";"6";"58 Tour de Ville";"44,7097070";"2,1978980"
"201900043061";"29";"8";"2019";"11:50";"1";"1";"01118";"1";"1";"1";"2";"324 Grande Route";"45,9593360";"5,8128600"
"201900043062";"27";"8";"2019";"18:45";"1";"1";"01231";"1";"3";"1";"3";"RD 933";"46,3489590";"4,9001610"
"201900043063";"1";"9";"2019";"02:00";"3";"70";"70311";"1";"1";"2";"6";"RD 957";"47,8330130";"6,3765490"
"201900043064";"28";"8";"2019";"13:45";"1";"70";"70428";"2";"1";"1";"6";"Rue Lucie Aubrac";"47,6567210";"6,1328540"
"201900043065";"30";"8";"2019";"17:45";"1";"26";"26124";"1";"1";"1";"1";"RN7";"44,8505810";"4,8526430"
"201900043066";"29";"8";"2019";"06:50";"2";"58";"58134";"2";"2";"1";"3";"intersection rue edouard vaillant et rue daniel petit";"46,9372620";"3,2578280"
"201900043067";"25";"8";"2019";"10:00";"1";"66";"66149";"1";"1";"1";"6";"ROUTE NATIONALLE 116";"42,6229510";"2,4402480"
"201900043068";"1";"9";"2019";"00:30";"3";"66";"66024";"2";"1";"1";"7";"N/A";"42,5184300";"2,8319260"
"201900043069";"30";"8";"2019";"12:50";"1";"66";"66015";"1";"1";"1";"1";"Route Départementale 40 B";"42,5726461";"2,8634590"
"201900043070";"30";"8";"2019";"20:50";"3";"54";"54306";"1";"1";"1";"7";"Rue de Trondes";"48,6872730";"5,7657930"
"201900043071";"30";"8";"2019";"12:35";"1";"54";"54135";"2";"1";"1";"7";"15 Rue Pasteur";"48,5277750";"5,8986590"
"201900043072";"30";"8";"2019";"15:45";"1";"54";"54152";"2";"4";"1";"1";"chemin du saulcy";"48,5588300";"6,3868920"
"201900043073";"23";"8";"2019";"08:20";"1";"54";"54299";"1";"1";"1";"3";"RD9";"48,4713210";"6,2733380"
"201900043074";"29";"8";"2019";"18:50";"1";"72";"72050";"1";"1";"1";"3";"Vaumichel";"47,9793650";" -0,2182760"
"201900043075";"30";"8";"2019";"09:50";"1";"72";"72071";"1";"1";"1";"1";"LES JOUBERDIERES (Vouvray-sur-Loir)";"47,6989180";"0,4600950"
"201900043076";"31";"8";"2019";"14:25";"1";"6";"06151";"1";"1";"8";"7";"m2565 PK 11.620";"43,9294660";"7,2661750"
"201900043077";"6";"7";"2019";"11:45";"1";"6";"06119";"1";"1";"1";"3";"RM 2205";"44,3266850";"6,8077210"
"201900043078";"30";"8";"2019";"17:00";"1";"6";"06032";"1";"1";"1";"7";"Avenue Prince Rainier III de Monaco";"43,7253850";"7,3895790"
"201900043079";"31";"8";"2019";"20:15";"5";"6";"06079";"2";"1";"1";"6";"91 Avenue de la Mer";"43,5398980";"6,9369510"
"201900043080";"30";"8";"2019";"20:45";"2";"14";"14478";"2";"1";"1";"6";"Rue du Petit Four";"49,0199970";"0,4091250"
"201900043081";"1";"9";"2019";"13:10";"1";"14";"14110";"1";"1";"1";"6";"RD 49";"49,2576610";" -0,0949290"
"201900043082";"31";"8";"2019";"15:10";"1";"14";"14494";"1";"1";"1";"1";"D400";"49,2643830";" -0,1046060"
"201900043083";"17";"8";"2019";"09:30";"1";"14";"14700";"1";"3";"2";"6";"Rue des Hautes Londes";"49,2752110";" -0,8018280"
"201900043084";"29";"8";"2019";"12:30";"1";"5";"05056";"1";"1";"1";"7";"RD114";"44,6423810";"6,1368770"
"201900043085";"20";"8";"2019";"12:30";"1";"50";"50427";"2";"1";"1";"7";"Avenue de la plage";"49,4561410";" -1,2707060"