"Num_Acc";"jour";"mois";"an";"hrmn";"lum";"dep";"com";"agg";"int";"atm";"col";"adr";"lat";"long"
"201900043086";"1";"9";"2019";"16:48";"1";"50";"50433";"1";"2";"1";"3";"Route du Cap";"49,6271370";" -1,2603620"
"201900043087";"31";"8";"2019";"10:50";"1";"50";"50292";"2";"1";"1";"6";"12 Avenue du 13 Juin 1944";"49,0984250";" -1,2416050"
"201900043088";"28";"8";"2019";"09:40";"1";"9";"09113";"1";"1";"1";"1";"d32";"42,7998180";"1,3270960"
"201900043089";"31";"8";"2019";"12:15";"1";"9";"09023";"1";"1";"1";"7";"Route de Pailhères";"42,7288940";"1,9611140"
"201900043090";"27";"8";"2019";"21:25";"3";"60";"60408";"1";"1";"1";"1";"RD 935";"49,4819139";"2,7474438"
"201900043091";"31";"8";"2019";"19:00";"1";"60";"60298";"2";"3";"1";"6";"Route departementale 95";"49,5119451";"1,8799533"
"201900043092";"30";"8";"2019";"20:30";"2";"45";"45148";"2";"1";"1";"7";"23 Route des Marnières";"48,0890348";"2,7764175"
"201900043093";"27";"8";"2019";"17:15";"1";"45";"45279";"2";"1";"1";"1";"44 Avenue de Pourprix";"47,9530492";"2,8391134"
"201900043094";"31";"8";"2019";"10:45";"1";"45";"45182";"1";"1";"1";"3";"Route de Villeny";"47,6786350";"1,7811590"
"201900043095";"29";"8";"2019";"06:00";"5";"45";"45203";"2";"1";"1";"1";"rue du pont";"47,8216833";"1,7042103"
"201900043096";"1";"9";"2019";"08:30";"2";"64";"64062";"1";"1";"2";"7";"D918";"43,1192831";" -0,4894370"
"201900043097";"22";"8";"2019";"18:05";"1";"73";"73270";"1";"1";"1";"1";"D911 Rue du Col du Frêne";"45,5865815";"6,1535588"
"201900043098";"30";"8";"2019";"23:00";"3";"18";"18011";"1";"1";"1";"1";"948";"47,5791940";"2,4348080"
"201900043099";"29";"8";"2019";"17:30";"1";"18";"18230";"1";"1";"1";"3";"lieu dit BAGNEUX";"46,6779630";"2,2891320"
"201900043100";"29";"8";"2019";"09:30";"1";"18";"18229";"1";"1";"1";"3";"D940";"47,2263050";"2,4252810"
"201900043101";"29";"8";"2019";"19:00";"1";"18";"18166";"2";"2";"1";"3";"RN151";"47,1073440";"2,5655820"
"201900043102";"28";"8";"2019";"16:30";"1";"36";"36047";"1";"1";"1";"6";"L'EPINAT";"46,4223720";"1,3914010"
"201900043103";"14";"8";"2019";"22:15";"5";"36";"36018";"2";"6";"1";"3";"Route de Poitiers";"46,6294883";"1,0546768"
"201900043104";"1";"9";"2019";"00:10";"3";"16";"16375";"1";"1";"1";"6";"RN141";"45,8503110";"0,5028940"
"201900043105";"27";"8";"2019";"16:20";"1";"16";"16295";"2";"1";"1";"1";"Rue Basse";"45,7986300";"0,1363390"
"201900043106";"26";"8";"2019";"12:00";"1";"16";"16088";"2";"1";"1";"1";"Route du Cluzeau";"45,7272060";" -0,1961410"
"201900043107";"31";"8";"2019";"17:15";"1";"16";"16030";"1";"3";"1";"4";"Ld Terriers de Rateau";"45,4973230";" -0,2379230"
"201900043108";"30";"8";"2019";"16:15";"1";"7";"07222";"1";"1";"1";"6";"N/A";"44,9248380";"4,4608040"
"201900043109";"31";"8";"2019";"01:00";"3";"7";"07214";"1";"1";"1";"6";"Bravay";"44,9362640";"4,5742820"
"201900043110";"30";"8";"2019";"08:50";"1";"7";"07142";"1";"2";"7";"3";"Lieu-dit Lafayette - PK 94 + 995";"44,7659600";"3,9152410"
"201900043111";"29";"8";"2019";"19:00";"1";"53";"53096";"2";"5";"7";"3";"rue du douanier rousseau";"48,3000470";" -0,9201080"
"201900043112";"31";"8";"2019";"18:00";"1";"53";"53004";"2";"1";"1";"6";"12,Rue de l'anjou";"47,8105460";" -0,8256010"
"201900043113";"31";"8";"2019";"16:10";"1";"21";"21290";"1";"1";"1";"1";"D974";"47,4482950";"5,1233750"
"201900043114";"30";"8";"2019";"23:30";"5";"21";"21501";"2";"1";"1";"6";"Ruelle du Gué";"47,2622160";"4,5565590"
"201900043115";"26";"8";"2019";"15:50";"1";"40";"40303";"1";"1";"1";"6";"La Gare";"44,1451190";" -0,9351060"
"201900043116";"31";"8";"2019";"07:50";"1";"24";"24447";"1";"1";"1";"6";"d6089";"45,1268720";"0,8402950"
"201900043117";"29";"8";"2019";"15:25";"1";"4";"04163";"2";"1";"1";"6";"Av Brochery";"44,0818400";"5,5489570"
"201900043118";"29";"8";"2019";"22:35";"3";"4";"04206";"1";"1";"1";"6";"RD 16";"43,9963070";"5,8244960"
"201900043119";"24";"8";"2019";"10:45";"1";"4";"04045";"1";"1";"1";"5";"RD 31";"43,8326042";"5,6123091"
"201900043120";"26";"8";"2019";"18:25";"1";"4";"04166";"2";"1";"1";"6";"3 place neuve";"43,8181130";"6,0936290"
"201900043121";"31";"8";"2019";"21:10";"2";"85";"85024";"1";"1";"1";"6";"Rue du Grand Marais";"46,9623700";" -1,9212200"
"201900043122";"31";"8";"2019";"09:30";"1";"85";"85090";"1";"1";"1";"1";"Borne n°5 - D79";"46,8402500";" -0,9328960"
"201900043123";"28";"8";"2019";"17:20";"1";"85";"85256";"1";"1";"1";"7";"lieu-dit ""Albert""";"46,4993600";" -0,7229500"
"201900043124";"27";"8";"2019";"17:45";"1";"85";"85108";"1";"1";"1";"6";"RD 763";"46,9118700";" -1,3844600"
"201900043125";"30";"8";"2019";"14:40";"1";"85";"85039";"1";"1";"1";"2";"La Grande Martiniere";"47,0096300";" -1,1300150"
"201900043126";"27";"8";"2019";"18:45";"1";"85";"85084";"1";"1";"1";"6";"L'HEBERGEMENT HYDREAU (L'Oie)";"46,7905720";" -1,1339980"
"201900043127";"30";"8";"2019";"19:40";"1";"85";"85046";"1";"1";"1";"2";"route départementale 948 PK 22+750 mères";"46,6656400";" -1,2947900"
"201900043128";"29";"8";"2019";"17:30";"1";"27";"27056";"2";"9";"1";"3";"Rue Jean Racine";"49,0802540";"0,5966290"
"201900043129";"31";"8";"2019";"19:00";"1";"27";"27548";"2";"2";"1";"3";"Route du Mesnil";"48,7629440";"1,2601370"
"201900043130";"30";"8";"2019";"01:30";"3";"17";"17440";"1";"1";"1";"6";"D 218 lieu dit Ganochaud";"45,9491590";" -0,5727390"
"201900043131";"27";"8";"2019";"17:25";"1";"17";"17366";"1";"1";"1";"3";"D159";"45,1642880";" -0,1210600"
"201900043132";"31";"8";"2019";"08:00";"1";"17";"17392";"1";"1";"1";"2";"RD 2 E1";"45,4398830";" -0,7560420"
"201900043133";"25";"8";"2019";"19:30";"1";"17";"17163";"1";"2";"1";"3";"Le Perroquet";"45,3796950";" -0,3826020"
"201900043134";"27";"8";"2019";"18:55";"1";"87";"87106";"1";"1";"1";"7";"Le Courdein";"45,6720490";"1,1756040"
"201900043135";"30";"8";"2019";"09:00";"1";"37";"37028";"1";"1";"7";"2";"La Rabaudiere";"46,8716245";"0,9486387"
"201900043136";"2";"8";"2019";"15:00";"1";"37";"37067";"1";"1";"1";"6";"L'Andruère";"47,2404960";"0,4782120"
"201900043137";"25";"8";"2019";"10:14";"1";"30";"30133";"1";"6";"1";"2";"Rond point de la Mole";"43,5605320";"4,1526920"
"201900043138";"29";"8";"2019";"08:05";"1";"30";"30062";"1";"1";"1";"1";"route départementale 1";"43,7768220";"4,1969170"
"201900043139";"1";"9";"2019";"18:00";"1";"30";"30341";"1";"3";"1";"6";"D58";"43,5479050";"4,3450820"
"201900043140";"31";"8";"2019";"06:55";"1";"30";"30350";"1";"1";"1";"6";"D999";"44,0008990";"3,6577050"
"201900043141";"1";"9";"2019";"03:45";"3";"30";"30073";"1";"1";"1";"6";"Départementale 6086";"43,9518720";"4,5671270"
"201900043142";"28";"8";"2019";"12:15";"1";"48";"48140";"2";"6";"1";"3";"Rond-point Avenue Pierre Pignide et rue de la Gravière face au 9 rue de la Gravière";"44,7981590";"3,2759850"
"201900043143";"1";"9";"2019";"01:25";"3";"52";"52120";"1";"1";"1";"6";"D163";"47,9638410";"5,4370870"
"201900043144";"28";"8";"2019";"10:20";"1";"8";"08367";"1";"1";"1";"7";"RD1";"49,9257780";"4,5525570"
"201900043145";"7";"4";"2019";"13:50";"1";"9";"09171";"1";"1";"1";"7";"D55 PK 04+800";"42,7752530";"1,7513260"
"201900043146";"5";"4";"2019";"10:20";"1";"45";"45322";"1";"1";"1";"6";"Lieu-dit la Grande Halte";"48,0203950";"2,8984860"
"201900043147";"6";"4";"2019";"19:30";"1";"43";"43039";"1";"1";"2";"7";"""Pont de l'Ourzille""";"44,9310060";"3,8719820"
"201900043148";"4";"4";"2019";"20:30";"2";"36";"36131";"1";"1";"1";"6";"D40   Pk 20 +200";"46,6235930";"1,6322890"
"201900043149";"5";"4";"2019";"21:20";"3";"36";"36149";"1";"1";"1";"2";"Les Augères";"46,9183680";"1,3102730"
"201900043150";"30";"3";"2019";"11:00";"1";"16";"16167";"2";"2";"1";"3";"rue de condé";"45,6784287";" -0,1743723"
"201900043151";"5";"4";"2019";"17:15";"1";"7";"07222";"1";"1";"1";"6";"le bail";"44,9141870";"4,4588730"
"201900043152";"6";"4";"2019";"03:30";"3";"7";"07024";"1";"1";"1";"6";"La Bildoire";"44,3629030";"4,1657500"
"201900043153";"5";"4";"2019";"19:25";"1";"7";"07211";"1";"1";"1";"6";"D221 pk 9- 20";"44,3181680";"4,2182350"
"201900043154";"5";"4";"2019";"07:40";"1";"53";"53185";"1";"2";"1";"3";"LE BAS BOURGNEUF";"48,4428310";" -0,1730350"
"201900043155";"7";"4";"2019";"06:00";"2";"21";"21381";"1";"2";"2";"3";"Croisement D70/D26";"47,3937470";"4,5072920"
"201900043156";"5";"4";"2019";"20:30";"2";"21";"21462";"1";"3";"1";"6";"RD974 PR 57+700";"47,3923690";"5,0609550"
"201900043157";"4";"4";"2019";"13:45";"1";"40";"40160";"1";"2";"2";"3";"ROUTE DE DAX";"43,7333320";" -0,7915110"
"201900043158";"6";"4";"2019";"20:00";"3";"24";"24577";"1";"1";"5";"6";"La Prade";"44,8362410";"1,1617210"
"201900043159";"28";"3";"2019";"18:50";"2";"24";"24540";"1";"1";"1";"1";"La Jalounias (Sorges, Sorges-et-Ligueux-en-Périgord)";"45,3094000";"0,8384800"
"201900043160";"28";"3";"2019";"16:45";"1";"27";"27467";"2";"3";"1";"3";"Rue des Papetiers";"49,3586530";"0,5081830"
"201900043161";"5";"4";"2019";"17:35";"1";"17";"17072";"2";"1";"1";"1";"22 Boulevard Goulebeneze";"45,7741610";" -0,4223100"
"201900043162";"4";"4";"2019";"21:15";"3";"87";"87106";"1";"1";"1";"7";"rd 15";"45,6776620";"1,1860090"
"201900043163";"4";"4";"2019";"15:45";"1";"87";"87133";"1";"1";"1";"5";"La Croisière";"46,2028700";"1,3781870"
"201900043164";"4";"4";"2019";"23:40";"5";"30";"30133";"2";"1";"1";"6";"1795 Route de l'Espiguette";"43,5107100";"4,1460350"
"201900043165";"5";"4";"2019";"06:35";"1";"973";"97307";"1";"2";"1";"6";"Route nationale 1 la chaumière";"4,8939530";" -52,3545340"
"201900043166";"12";"3";"2019";"14:00";"1";"38";"38193";"1";"1";"1";"4";"RD 1006";"45,6146080";"5,1950010"
"201900043167";"7";"4";"2019";"15:30";"1";"13";"13051";"1";"1";"1";"2";"D10";"43,5343110";"5,1126460"
"201900043168";"5";"4";"2019";"15:00";"1";"42";"42066";"1";"1";"1";"2";"Autoroute A 72 PK 95+800  sens SAINT ETENNE / CLERMONT FERAND";"45,7325280";"4,1829240"
"201900043169";"6";"4";"2019";"21:00";"5";"973";"97309";"2";"1";"1";"1";"Rue Roucou";"4,8929935";" -52,2859415"
"201900043170";"5";"4";"2019";"18:30";"1";"69";"69244";"2";"1";"1";"5";"boulevard des hesperides";"45,7621940";"4,7836140"
"201900043171";"6";"4";"2019";"09:40";"1";"66";"66038";"1";"1";"1";"7";"VC -Canohes ";"42,6464500";"2,8502900"
"201900043172";"4";"4";"2019";"07:30";"2";"13";"13031";"1";"1";"1";"3";"Autoroute A52";"43,3827470";"5,6055050"
"201900043173";"1";"4";"2019";"12:25";"1";"6";"06088";"1";"9";"1";"7";"A8 PK 197.500 CHAUSSÉE NORD";"43,7300060";"7,2570890"
"201900043174";"8";"4";"2019";"22:45";"3";"51";"51193";"1";"1";"1";"7";"A4";"49,0290084";"4,5334606"
"201900043175";"6";"4";"2019";"06:20";"3";"34";"34022";"1";"1";"3";"2";"A9 - PK 089+600";"43,6592061";"3,9989215"
"201900043176";"7";"4";"2019";"08:00";"1";"76";"76705";"1";"9";"1";"6";"échangeur 21";"49,3264730";"1,0904600"
"201900043177";"7";"4";"2019";"19:00";"3";"988";"98815";"1";"1";"1";"6";"RM3 TRIBU DE MEBUET";" -21,5277300";"167,8556000"
"201900043178";"6";"4";"2019";"19:30";"3";"986";"98613";"1";"1";"2";"7";"Lano - hahake";"43,2872240";"5,4567310"
"201900043179";"7";"4";"2019";"07:45";"1";"974";"97419";"2";"1";"2";"6";"Route Nationale 2";" -21,1254280";"55,7679430"
"201900043180";"5";"4";"2019";"09:55";"1";"971";"97107";"1";"1";"1";"3";"Sainte-Marie";"16,1029670";" -61,5711630"
"201900043181";"23";"3";"2019";"18:35";"1";"41";"41136";"2";"1";"1";"6";"18 Route d'Orléans";"47,7042520";"1,5160470"
"201900043182";"5";"4";"2019";"16:35";"1";"45";"45292";"2";"3";"1";"3";"Rue du Docteur Charpentier-RUE DU CHAMP DE FOIRE";"47,8521741";"2,9273156"
"201900043183";"6";"4";"2019";"23:25";"5";"45";"45108";"2";"1";"1";"6";"42 Rue Pierre Laurent Bourassin";"47,6137510";"2,4928770"
"201900043184";"7";"4";"2019";"05:20";"3";"77";"77264";"1";"1";"1";"6";"D 143";"48,7342000";"2,9321700"
"201900043185";"5";"4";"2019";"11:12";"1";"91";"91386";"2";"6";"1";"6";"Avenue Darblay";"48,5671870";"2,4262040"
"201900043186";"5";"4";"2019";"11:25";"1";"78";"78310";"2";"3";"1";"6";"Carrefour Impasse Dumontier / Rue de Paris";"48,7926520";"1,6005320"
"201900043187";"5";"4";"2019";"12:35";"1";"78";"78107";"2";"1";"1";"7";"Rue des Bateaux";"48,9623960";"1,5370570"
"201900043188";"30";"3";"2019";"10:50";"1";"30";"30132";"2";"6";"1";"6";"Rue de la Clede";"44,2109510";"4,0313910"
"201900043189";"4";"4";"2019";"22:40";"3";"11";"11138";"1";"1";"1";"6";"CD 6";"43,2726220";"1,9443270"
"201900043190";"4";"4";"2019";"13:00";"1";"34";"34023";"2";"9";"9";"7";"D2";"43,4536380";"3,6909010"
"201900043191";"1";"4";"2019";"17:45";"1";"84";"84132";"2";"1";"1";"3";"route d'orange";"43,9510530";"4,9879130"
"201900043192";"6";"4";"2019";"18:30";"1";"13";"13086";"1";"1";"8";"2";"848 Route de Saint-Vincent";"43,3582160";"5,6100070"
"201900043193";"4";"4";"2019";"12:15";"1";"13";"13015";"2";"4";"1";"1";"Avenue du Général de Gaulle";"43,4504790";"5,4114670"
"201900043194";"5";"4";"2019";"08:10";"2";"13";"13059";"1";"4";"7";"3";"RD 15 intersection bretelle entrée A 51";"43,6591270";"5,5023620"
"201900043195";"5";"4";"2019";"18:20";"1";"89";"89453";"2";"1";"1";"2";"Avenue de la Puisaye";"47,7833940";"3,5023950"
"201900043196";"5";"4";"2019";"14:40";"1";"71";"71150";"2";"1";"1";"6";"Route Départementale 906";"46,2415050";"4,7870680"
"201900043197";"5";"4";"2019";"13:40";"1";"58";"58117";"2";"6";"1";"3";"Rue du Pont";"47,0123800";"3,0785610"
"201900043198";"27";"3";"2019";"13:50";"1";"67";"67223";"1";"1";"1";"3";"RD 147";"48,5027080";"7,5669380"
"201900043199";"2";"3";"2019";"11:17";"1";"67";"67130";"2";"2";"1";"6";"1 rue de STRASBOURG";"48,4226380";"7,6617520"
"201900043200";"7";"4";"2019";"11:15";"1";"3";"03050";"1";"1";"1";"6";"Chaudagne";"46,0274491";"3,7440611"
"201900043201";"4";"4";"2019";"16:45";"1";"74";"74160";"2";"3";"1";"6";"rue de l'ancienne école";"45,8610770";"6,3694640"
"201900043202";"5";"4";"2019";"16:30";"1";"26";"26138";"1";"1";"1";"1";"D458 via aggrippa";"44,4012390";"4,7422650"
"201900043203";"4";"4";"2019";"11:45";"1";"7";"07324";"2";"1";"1";"6";"Avenue du 8 Mai 1945";"45,0617910";"4,8366130"
"201900043204";"4";"4";"2019";"14:30";"1";"7";"07324";"2";"1";"1";"6";"Quai Farconnet";"45,0693360";"4,8289020"
"201900043205";"6";"4";"2019";"09:25";"1";"69";"69028";"1";"1";"8";"2";"Route du Naizy";"45,7195308";"4,6832291"
"201900043206";"6";"4";"2019";"07:45";"2";"64";"64460";"1";"1";"3";"5";"RN134";"43,1835027";" -0,5765372"
"201900043207";"23";"3";"2019";"00:30";"3";"33";"33448";"1";"2";"1";"3";"RD 1113";"44,7100700";" -0,5181900"
"201900043208";"5";"4";"2019";"15:00";"1";"49";"49299";"2";"3";"1";"1";"Rue des Mauges";"47,1004130";" -0,9170390"
"201900043209";"29";"3";"2019";"17:00";"1";"14";"14762";"2";"3";"1";"1";"Rue de Granville (Vire, Vire-Normandie)";"48,8428490";" -0,8995440"
"201900043210";"5";"4";"2019";"18:15";"1";"14";"14663";"2";"1";"1";"1";"Rue de Courseulles";"49,2841920";" -0,6808750"
"201900043211";"4";"4";"2019";"15:20";"1";"56";"56069";"2";"2";"1";"3";"Rue de la Marine";"47,6400210";" -3,4493720"
"201900043212";"5";"4";"2019";"13:15";"1";"27";"27003";"1";"1";"1";"6";"Rue de Pacy";"49,1753440";"1,1868050"
"201900043213";"5";"4";"2019";"18:00";"1";"76";"76758";"1";"2";"1";"3";"RD 131 E";"49,6143140";"0,7835290"
"201900043214";"6";"4";"2019";"19:00";"1";"76";"76432";"1";"1";"1";"6";"3 Route de Neufchâtel";"49,6639539";"1,5132209"
"201900043215";"22";"3";"2019";"02:10";"3";"60";"60116";"1";"1";"5";"7";"Route départementale 137";"49,3168230";"2,3736320"
"201900043216";"6";"4";"2019";"20:00";"2";"2";"02833";"2";"1";"1";"1";"Rue de la Libération";"49,9325550";"4,0040500"
"201900043217";"6";"4";"2019";"18:15";"1";"59";"59398";"1";"2";"1";"3";"Rue Nationale";"50,5109550";"3,1217770"
"201900043218";"5";"4";"2019";"15:00";"1";"13";"13022";"1";"1";"1";"2";"A50-Sens Toulon vers Aubagne";"43,2207936";"5,5810037"
"201900043219";"4";"4";"2019";"09:00";"1";"13";"13211";"1";"1";"1";"2";"A50-Sens Marseille vers Aubagne";"43,2923000";"5,4487600"
"201900043220";"3";"4";"2019";"05:00";"3";"13";"13211";"1";"1";"2";"6";"A50-Sens Aubagne vers Marseille";"43,2948086";"5,4641084"
"201900043221";"3";"4";"2019";"20:20";"3";"83";"83144";"1";"1";"2";"3";"N/A";"43,1334900";"5,9847600"
"201900043222";"19";"3";"2019";"15:30";"1";"69";"69273";"1";"1";"1";"3";"BUS (RD301)   7.000 A 7.560";"45,6668800";"4,9191100"
"201900043223";"4";"4";"2019";"18:15";"1";"38";"38544";"2";"1";"1";"4";"Boulevard du Rhône";"45,5412800";"4,8540600"
"201900043224";"20";"3";"2019";"12:20";"1";"69";"69029";"1";"1";"1";"2";"A43   0.550 A 3.353";"45,7282000";"4,9047000"
"201900043225";"3";"4";"2019";"19:05";"1";"67";"67309";"1";"1";"2";"2";"Autoroute A4";"48,6394500";"7,7290800"
"201900043226";"6";"4";"2019";"05:15";"3";"33";"33318";"1";"1";"3";"6";"ROCADE A 630 chauffeur VTC qui perd le contrôle de son véhicule en utilisation pro.";"44,7984400";" -0,6534200"
"201900043227";"5";"4";"2019";"11:35";"1";"33";"33063";"1";"1";"1";"4";"ROCADE A 630";"44,8832700";" -0,5542100"
"201900043228";"5";"4";"2019";"05:10";"3";"33";"33281";"1";"1";"1";"2";"ROCADE A 630";"44,8137800";" -0,6725700"
"201900043229";"4";"4";"2019";"10:00";"1";"33";"33075";"1";"1";"1";"2";"ROCADE A 630";"44,8901000";" -0,6121400"
"201900043230";"4";"4";"2019";"07:15";"5";"33";"33096";"1";"1";"1";"4";"AUTOROUTE A10";"44,8956800";" -0,4970900"
"201900043231";"6";"4";"2019";"19:15";"1";"94";"94034";"1";"1";"1";"4";"AUTOROUTE A86";"48,7587000";"2,3280000"
"201900043232";"5";"4";"2019";"15:30";"1";"94";"94034";"1";"1";"1";"7";"AUTOROUTE A86";"48,7618823";"2,3148152"
"201900043233";"5";"4";"2019";"21:20";"3";"77";"77251";"1";"1";"1";"7";"AUTOROUTE A5A";"48,6082964";"2,5795048"
"201900043234";"5";"4";"2019";"19:27";"1";"91";"91339";"1";"1";"1";"4";"RN 104";"48,6240000";"2,2656000"
"201900043235";"6";"4";"2019";"00:40";"3";"91";"91216";"1";"1";"1";"6";"AUTOROUTE A6";"48,6819500";"2,3302000"
"201900043236";"5";"4";"2019";"16:15";"1";"94";"94003";"1";"1";"1";"7";"AUTOROUTE A6A";"48,8108000";"2,3377900"
"201900043237";"5";"4";"2019";"12:10";"1";"91";"91521";"1";"1";"1";"5";"RN 104";"48,6322700";"2,4006300"
"201900043238";"5";"4";"2019";"09:09";"1";"91";"91549";"1";"1";"1";"4";"RN 104";"48,6263400";"2,3436900"
"201900043239";"4";"4";"2019";"15:10";"1";"91";"91434";"1";"1";"1";"6";"AUTOROUTE A6";"48,6694600";"2,3505400"
"201900043240";"4";"4";"2019";"14:25";"1";"91";"91136";"1";"1";"1";"7";"RN20";"48,7063000";"2,2878900"
"201900043241";"4";"4";"2019";"12:05";"1";"91";"91687";"1";"1";"1";"2";"AUTOROUTE A6";"48,6655300";"2,3632400"
"201900043242";"4";"4";"2019";"09:36";"1";"94";"94034";"1";"1";"1";"7";"AUTOROUTE A86";"48,7562300";"2,3356900"
"201900043243";"4";"4";"2019";"07:45";"1";"91";"91347";"1";"1";"1";"5";"RN 104";"48,6229970";"2,2907650"
"201900043244";"6";"4";"2019";"04:20";"5";"92";"92050";"1";"1";"1";"2";"A14";"48,9011441";"2,2057456"
"201900043245";"5";"4";"2019";"13:10";"1";"92";"92025";"1";"1";"1";"6";"A86";"48,9249439";"2,2319256"
"201900043246";"5";"4";"2019";"13:20";"1";"78";"78545";"1";"1";"1";"3";"A12 W";"48,8038000";"2,0493000"
"201900043247";"4";"4";"2019";"16:50";"1";"78";"78117";"1";"1";"1";"6";"RN12";"48,7876700";"2,1449400"
"201900043248";"4";"4";"2019";"16:10";"1";"92";"92047";"1";"1";"1";"7";"A13";"48,8368239";"2,1868132"
"201900043249";"4";"4";"2019";"08:10";"1";"78";"78640";"1";"1";"1";"3";"RN12 INT";"48,7819130";"2,1636730"
"201900043250";"6";"4";"2019";"00:45";"3";"95";"95252";"1";"1";"1";"4";"AUTOROUTE A15";"48,9873500";"2,2080200"
"201900043251";"5";"4";"2019";"18:00";"1";"93";"93064";"1";"9";"1";"2";"AUTOROUTE A86";"48,8828200";"2,4725300"
"201900043252";"5";"4";"2019";"07:30";"1";"95";"95176";"1";"1";"1";"6";"AUTOROUTE A15";"48,9894000";"2,2019800"
"201900043253";"5";"4";"2019";"08:50";"1";"93";"93066";"1";"1";"1";"3";"AUTOROUTE A1";"48,9189900";"2,3572800"
"201900043254";"5";"4";"2019";"07:40";"1";"93";"93066";"1";"1";"1";"5";"AUTOROUTE A1";"48,9234700";"2,3569900"
"201900043255";"5";"4";"2019";"03:30";"4";"95";"95582";"1";"1";"1";"7";"AUTOROUTE A15";"48,9715100";"2,2487100"
"201900043256";"4";"4";"2019";"10:15";"1";"93";"93005";"1";"1";"1";"5";"AUTOROUTE A3";"48,9385600";"2,4798700"
"201900043257";"4";"4";"2019";"08:51";"1";"93";"93078";"1";"1";"1";"2";"AUTOROUTE A104";"48,9591500";"2,5361500"
"201900043258";"4";"4";"2019";"07:30";"2";"93";"93066";"1";"1";"1";"3";"AUTOROUTE A1";"48,9339600";"2,3833900"
"201900043259";"3";"4";"2019";"17:45";"1";"93";"93010";"1";"1";"1";"3";"AUTOROUTE A3";"48,9001800";"2,4697300"
"201900043260";"3";"4";"2019";"09:25";"1";"93";"93027";"1";"1";"1";"3";"AUTOROUTE A86";"48,9268100";"2,4045200"
"201900043261";"2";"4";"2019";"19:10";"1";"95";"95306";"1";"1";"2";"2";"AUTOROUTE A15";"49,0094100";"2,1573200"
"201900043262";"6";"4";"2019";"08:35";"1";"77";"77053";"1";"1";"1";"6";"RN104";"48,6770327";"2,6096592"
"201900043263";"5";"4";"2019";"20:40";"2";"94";"94081";"1";"1";"1";"2";"A86 INT";"48,7750100";"2,4112500"
"201900043264";"4";"4";"2019";"15:49";"1";"77";"77373";"1";"1";"1";"6";"RN104";"48,7773900";"2,6138400"
"201900043265";"4";"4";"2019";"09:30";"1";"94";"94018";"1";"1";"1";"3";"A4";"48,8217000";"2,3984000"
"201900043266";"4";"4";"2019";"01:20";"3";"77";"77121";"1";"1";"1";"2";"A4";"48,8322573";"2,6678090"
"201900043267";"2";"4";"2019";"11:45";"1";"94";"94052";"1";"1";"2";"5";"A86 INT";"48,8458200";"2,4912400"
"201900043268";"13";"2";"2019";"19:08";"5";"78";"78498";"2";"2";"1";"3";"ROBESPIERRE BD";"48,9333100";"2,0491400"
"201900043269";"19";"2";"2019";"19:52";"5";"78";"78624";"2";"3";"1";"3";"DOUMER / SENET";"48,9791820";"2,0041600"
"201900043270";"29";"3";"2019";"19:50";"5";"59";"59271";"1";"2";"1";"7";"RD 601";"51,0223110";"2,3043360"
"201900043271";"31";"1";"2019";"08:45";"1";"94";"94043";"2";"1";"4";"7";"FONTAINEBLEAU (AV DE)";"48,8148604";"2,3607647"
"201900043272";"12";"1";"2019";"07:35";"3";"94";"94076";"2";"7";"8";"3";"PARIS (AV DE)";"48,8056800";"2,3635600"
"201900043273";"11";"1";"2019";"21:25";"5";"94";"94016";"2";"3";"2";"2";"ARISTIDE BRIAND (AV)";"48,7967000";"2,3222000"
"201900043274";"10";"1";"2019";"20:50";"5";"94";"94016";"2";"9";"1";"7";"CAMILLE DESMOULINS (R)";"48,7900000";"2,3310000"
"201900043275";"10";"1";"2019";"03:23";"5";"94";"94003";"2";"1";"8";"7";"DOCTEUR DURAND (AV DU)";"48,8055000";"2,3298900"
"201900043276";"8";"1";"2019";"11:10";"1";"94";"94043";"2";"6";"1";"3";"FONTAINEBLEAU (AV DE)";"48,8098100";"2,3623000"
"201900043277";"6";"1";"2019";"21:10";"5";"94";"94003";"2";"6";"1";"3";"LAPLACE (AV)";"48,8099949";"2,3271199"
"201900043278";"3";"4";"2019";"12:15";"1";"988";"98818";"2";"2";"1";"3";"AVENUE PAUL DOUMER/CLEMENCEAU";" -22,2680300";"166,4414100"
"201900043279";"3";"4";"2019";"06:50";"1";"973";"97302";"2";"1";"1";"3";"MONTABO (ROUTE DE) 2";"4,9389000";" -52,3001100"
"201900043280";"30";"3";"2019";"21:30";"4";"973";"97302";"2";"1";"1";"6";"HAMEAU DES ENCENS (RUE DU) Cité St Marti";"4,9168162";" -52,2968853"
"201900043281";"3";"4";"2019";"19:10";"5";"69";"69386";"2";"1";"1";"6";"GRANDE BRETAGNE (DE)                (AV)";"45,7777900";"4,8445900"
"201900043282";"3";"4";"2019";"14:10";"1";"69";"69276";"2";"1";"3";"6";"HUIT MAI 1945 (DU)                      ";"45,6648600";"4,8499700"