"Num_Acc";"jour";"mois";"an";"hrmn";"lum";"dep";"com";"agg";"int";"atm";"col";"adr";"lat";"long"
"201900043283";"3";"4";"2019";"08:00";"1";"69";"69383";"2";"2";"2";"3";"GAMBETTA                            (CO)";"45,7521000";"4,8522300"
"201900043284";"3";"4";"2019";"12:50";"1";"972";"97213";"2";"1";"1";"4";"AUTOROUTE A1";"14,6182400";" -61,0262000"
"201900043285";"1";"4";"2019";"19:50";"5";"972";"97213";"2";"1";"2";"6";"PLACE D'ARMES";"14,6149700";" -60,9924000"
"201900043286";"30";"3";"2019";"22:15";"5";"972";"97209";"1";"1";"1";"3";"AUTOROUTE (A1)";"14,6177800";" -61,0403900"
"201900043287";"3";"4";"2019";"15:20";"1";"69";"69385";"2";"1";"2";"1";"JOLIOT CURIE                        (R )";"45,7558000";"4,7908000"
"201900043288";"3";"4";"2019";"06:40";"2";"69";"69286";"2";"3";"2";"3";"ROUTE DE STRASBOURG                 (RO)";"45,8212700";"4,8987200"
"201900043289";"3";"4";"2019";"08:56";"1";"2B";"2B037";"1";"9";"1";"3";"MARANA (ROUTE)";"42,6155900";"9,4784100"
"201900043290";"2";"4";"2019";"18:40";"5";"971";"97101";"1";"1";"1";"1";"PAPIN";"16,2864700";" -61,4521100"
"201900043291";"3";"4";"2019";"10:50";"1";"91";"91432";"2";"2";"1";"3";"DE GAULLE  (AVENUE CHARLES)";"48,7053500";"2,3463600"
"201900043292";"3";"4";"2019";"12:15";"1";"91";"91687";"2";"9";"1";"3";"GENERAL DE GAULLE (AVENUE DU)";"48,6806100";"2,3798300"
"201900043293";"3";"4";"2019";"10:20";"1";"91";"91339";"1";"1";"1";"2";"RN 20";"48,6184200";"2,2571400"
"201900043294";"29";"3";"2019";"11:35";"1";"88";"88519";"2";"6";"1";"1";"Route Principale";"48,3450400";"6,8920100"
"201900043295";"2";"4";"2019";"03:50";"5";"87";"87085";"2";"4";"2";"3";"BEL AIR (BOULEVARD DE)";"45,8211300";"1,2457600"
"201900043296";"2";"4";"2019";"15:05";"1";"86";"86194";"1";"1";"1";"3";"ROCADE EST (RD 162)";"46,5531700";"0,3097500"
"201900043297";"3";"4";"2019";"15:35";"1";"78";"78440";"2";"1";"1";"6";"PAUL RAOULT (AVENUE)";"48,9968990";"1,9135040"
"201900043298";"2";"4";"2019";"17:05";"1";"71";"71486";"2";"1";"1";"6";"MICHELET (RUE)";"46,6607400";"4,3655200"
"201900043299";"3";"4";"2019";"15:20";"1";"69";"69266";"2";"2";"2";"3";"TOLSTOI    (Cours)";"45,7620200";"4,8807100"
"201900043300";"3";"4";"2019";"11:10";"1";"67";"67447";"2";"1";"1";"6";"BISCHWILLER (ROUTE DE)";"48,6030500";"7,7462300"
"201900043301";"3";"4";"2019";"13:45";"1";"65";"65440";"2";"1";"1";"6";"PAUL (BOULEVARD JEAN RAOUL)";"43,2242640";"0,0908290"
"201900043302";"3";"4";"2019";"13:55";"1";"64";"64189";"2";"9";"2";"3";"EVADES (CARREFOUR DES)";"43,3846768";" -1,6666652"
"201900043303";"3";"4";"2019";"00:25";"5";"64";"64024";"2";"1";"3";"7";"LAPORTE (AVENUE JEAN LEON)";"43,4863500";" -1,5021800"
"201900043304";"12";"3";"2019";"16:30";"1";"62";"62351";"2";"1";"2";"3";"LECLERC (R DU MARECHAL)";"50,4229000";"2,9001500"
"201900043305";"23";"3";"2019";"03:50";"5";"59";"59350";"2";"3";"1";"5";"SOLFERINO RUE N°110 - 206";"50,6320400";"3,0530800"
"201900043306";"1";"4";"2019";"10:53";"1";"49";"49007";"2";"1";"1";"6";"ARBRISSEL";"47,4486900";" -0,5728800"
"201900043307";"2";"4";"2019";"11:45";"1";"49";"49007";"2";"1";"1";"3";"MIRABEAU";"47,4596148";" -0,5492467"
"201900043308";"3";"4";"2019";"14:52";"1";"45";"45147";"2";"1";"1";"4";"RUE ANDRE DESSAUX";"47,9259518";"1,8995570"
"201900043309";"3";"4";"2019";"15:07";"1";"45";"45234";"2";"7";"1";"6";"RUE SAINT PIERRE DU MARTROI";"47,9024730";"1,9053790"
"201900043310";"3";"4";"2019";"07:20";"1";"42";"42095";"2";"1";"2";"3";"RD 88";"45,3821800";"4,2787600"
"201900043311";"2";"4";"2019";"17:45";"1";"38";"38563";"1";"3";"1";"2";"VERDIN (MONTEE DU)";"45,3927900";"5,5708100"
"201900043312";"3";"4";"2019";"15:15";"1";"38";"38185";"2";"1";"3";"6";"ALFRED DE VIGNY (RUE )";"45,1693700";"5,7262900"
"201900043313";"3";"4";"2019";"14:25";"1";"37";"37261";"2";"2";"1";"3";"SUEDE (RUE DE)";"47,4354551";"0,6931643"
"201900043314";"3";"4";"2019";"14:20";"1";"37";"37261";"2";"3";"8";"6";"BOURDAISIERE (ALLEE DE LA)";"47,3863445";"0,6953520"
"201900043315";"2";"4";"2019";"21:30";"5";"35";"35238";"2";"4";"8";"3";"BOURGEOIS (BOULEVARD LEON)";"48,0991760";" -1,6528570"
"201900043316";"3";"4";"2019";"16:30";"1";"34";"34172";"2";"3";"1";"3";"SALINS (RUE DES)";"43,5993900";"3,8631000"
"201900043317";"3";"4";"2019";"13:45";"1";"34";"34172";"2";"3";"2";"2";"ROQUETURIERE (RUE DE LA)";"43,6310355";"3,8851449"
"201900043318";"3";"4";"2019";"11:00";"1";"34";"34172";"2";"1";"2";"3";"ANTONELLI (AVENUE DU PROFESSEUR ETIENNE)";"43,5998700";"3,8955800"
"201900043319";"2";"4";"2019";"15:00";"1";"29";"29019";"2";"1";"1";"6";"TREMAUDAN ERNESTINE DE";"48,4291599";" -4,4764844"
"201900043320";"2";"4";"2019";"19:10";"1";"19";"19275";"2";"4";"1";"3";"CARNOT (AVENUE) N° IMPAIRS";"45,5533800";"2,3147300"
"201900043321";"2";"4";"2019";"20:40";"5";"19";"19031";"2";"2";"1";"7";"CLEMENCEAU (BOULEVARD)";"45,1535800";"1,5315000"
"201900043322";"3";"4";"2019";"13:00";"1";"17";"17200";"1";"1";"1";"2";"NIEUL SUR MER  ROUTE DE";"46,1972500";" -1,1576400"
"201900043323";"3";"4";"2019";"12:50";"1";"13";"13102";"2";"1";"2";"3";"JEAN MLOUIS CALDERON (BD )";"43,4118000";"5,2346400"
"201900043324";"3";"4";"2019";"19:25";"1";"13";"13208";"2";"1";"1";"6";"RABATAU (BOULEVARD)";"43,2738700";"5,3932500"
"201900043325";"3";"4";"2019";"17:15";"1";"13";"13213";"2";"1";"2";"6";"ALPHONSE DAUDET (RUE)";"43,3206300";"5,4100000"
"201900043326";"3";"4";"2019";"12:15";"1";"13";"13208";"2";"1";"1";"2";"RABATAU (BOULEVARD)";"43,2727000";"5,3917000"
"201900043327";"3";"4";"2019";"08:55";"1";"13";"13201";"2";"1";"8";"2";"NATIONAL   1 A 51 (BOULEVARD)";"43,3024200";"5,3868500"
"201900043328";"2";"4";"2019";"09:40";"1";"13";"13208";"2";"1";"1";"3";"PIERRE DUPRE (RUE)";"43,2819800";"5,3854800"
"201900043329";"2";"4";"2019";"10:10";"1";"13";"13201";"2";"2";"1";"3";"BELGES (QUAI DES)";"43,2953200";"5,3743460"
"201900043330";"31";"3";"2019";"17:25";"1";"3";"03101";"2";"1";"1";"3";"7 rue des glaïeuls";"46,3479379";"2,5727005"
"201900043331";"2";"4";"2019";"14:35";"1";"75";"75116";"2";"9";"8";"4";"ECHANGEUR MUETTE";"48,8608720";"2,2639720"
"201900043332";"3";"7";"2019";"20:40";"2";"95";"95527";"2";"1";"1";"6";"29 Rue Jean Moulin";"49,0036070";"2,5108040"
"201900043333";"20";"7";"2019";"04:00";"3";"56";"56090";"1";"1";"2";"1";"Ty Flûte";"47,8482220";" -3,2356530"
"201900043334";"20";"7";"2019";"13:30";"1";"56";"56058";"1";"1";"1";"7";"Rue du Courtil du Coq";"47,5087270";" -2,3475400"
"201900043335";"22";"6";"2019";"14:26";"1";"56";"56001";"1";"3";"1";"3";"ZA DE SAINTE-ANNE";"47,6260930";" -2,1632660"
"201900043336";"20";"7";"2019";"09:05";"1";"74";"74299";"2";"1";"1";"6";"34 Route de la Tournette";"45,8839117";"6,1772594"
"201900043337";"19";"7";"2019";"18:30";"1";"76";"76605";"2";"3";"1";"1";"Chemin Sous les Bruyères";"49,9098310";"0,9579206"
"201900043338";"20";"7";"2019";"13:10";"1";"79";"79043";"1";"1";"1";"1";"N/A";"47,0696870";" -0,2896790"
"201900043339";"20";"7";"2019";"22:30";"3";"79";"79062";"1";"1";"1";"1";"la guérinière";"46,8334690";" -0,6580010"
"201900043340";"20";"7";"2019";"11:15";"1";"79";"79216";"2";"7";"1";"6";"Place de l'Église";"46,2589680";" -0,3446060"
"201900043341";"19";"7";"2019";"12:45";"1";"2A";"2A228";"2";"1";"1";"3";"Route dépatementale D55";"41,8116970";"8,7752440"
"201900043342";"20";"7";"2019";"20:30";"1";"80";"80426";"1";"2";"1";"2";"CD 929";"49,9627850";"2,5146090"
"201900043343";"15";"7";"2019";"20:40";"2";"65";"65022";"1";"1";"1";"3";"D918";"42,9797280";" -0,1633360"
"201900043344";"16";"7";"2019";"17:10";"1";"69";"69018";"2";"9";"1";"6";"Place de l'Hôtel de Ville";"46,1545240";"4,5874820"
"201900043345";"18";"7";"2019";"19:15";"1";"32";"32211";"1";"1";"1";"6";"Luzeau";"43,8663160";" -0,0834260"
"201900043346";"21";"7";"2019";"13:50";"1";"71";"71451";"1";"1";"1";"6";"RD 987 PK 4";"46,2033860";"4,2469150"
"201900043347";"21";"7";"2019";"05:50";"2";"71";"71426";"1";"1";"1";"7";"RN80";"46,7368930";"4,6187970"
"201900043348";"19";"7";"2019";"19:15";"1";"71";"71010";"1";"3";"1";"2";"D680";"46,9028480";"4,4109470"
"201900043349";"18";"7";"2019";"17:40";"1";"63";"63455";"1";"9";"1";"3";"D 978 - Pont Henri";"45,6548338";"3,1679533"
"201900043350";"16";"7";"2019";"13:47";"1";"61";"61404";"1";"1";"1";"1";"Mauregard";"48,5471890";"0,5512700"
"201900043351";"21";"7";"2019";"00:30";"3";"61";"61262";"1";"1";"1";"7";"La Boeltiere";"48,7570170";" -0,8024970"
"201900043352";"21";"7";"2019";"04:22";"3";"49";"49215";"2";"1";"1";"6";"rue de l'école";"47,1305080";" -0,1537510"
"201900043353";"19";"7";"2019";"14:52";"1";"49";"49364";"1";"4";"1";"1";"Les Perrières";"47,1681520";" -0,2609690"
"201900043354";"15";"7";"2019";"08:15";"1";"49";"49223";"1";"2";"1";"3";"les grands champs";"47,4086360";" -0,5794660"
"201900043355";"17";"7";"2019";"11:00";"1";"47";"47264";"1";"1";"1";"6";"Rebequet";"44,6135800";"0,3592880"
"201900043356";"19";"7";"2019";"01:30";"3";"86";"86009";"1";"1";"1";"7";"D6";"46,6210625";"0,6525315"
"201900043357";"20";"7";"2019";"14:31";"1";"86";"86083";"1";"1";"1";"7";"Route départementale 95";"46,4784940";"0,1950720"
"201900043358";"18";"7";"2019";"18:00";"1";"34";"34142";"2";"1";"1";"1";"Route d'Olmet et Villecun - D48-E1";"43,7224210";"3,3125320"
"201900043359";"19";"7";"2019";"19:45";"1";"39";"39084";"1";"1";"1";"1";"N/A";"46,9320200";"5,9378560"
"201900043360";"19";"7";"2019";"13:30";"1";"25";"25411";"2";"3";"1";"6";"2 rue de la chaussée";"47,0566490";"6,6030630"
"201900043361";"18";"7";"2019";"17:00";"1";"25";"25157";"1";"1";"1";"3";"Les Rosiers";"46,8848500";"6,3649570"
"201900043362";"20";"7";"2019";"18:03";"1";"25";"25219";"1";"1";"1";"1";"Lieu Dit l'homme mort";"47,1422230";"6,3734430"
"201900043363";"19";"7";"2019";"21:10";"1";"44";"44014";"1";"1";"1";"1";"d137";"47,1300710";" -1,5042940"
"201900043364";"20";"7";"2019";"14:00";"1";"44";"44131";"1";"1";"1";"3";"CD 213";"47,1271680";" -2,1148757"
"201900043365";"20";"7";"2019";"02:00";"3";"44";"44217";"1";"1";"1";"6";"Rd 42 (au niveau de la RD 281) La Paquelais";"47,3375330";" -1,7003960"
"201900043366";"19";"7";"2019";"20:45";"1";"35";"35095";"1";"1";"1";"7";"RN176";"48,5546780";" -1,7426610"
"201900043367";"19";"7";"2019";"22:30";"3";"35";"35243";"1";"2";"1";"1";"Le Coudrais";"48,3420130";" -1,2900170"
"201900043368";"20";"7";"2019";"07:45";"2";"29";"29209";"2";"6";"1";"7";"Rue du Tregor";"48,5252880";" -4,4516430"
"201900043369";"19";"7";"2019";"04:25";"3";"29";"29117";"1";"1";"1";"7";"Tregolle Bras";"48,5737562";" -4,5387827"
"201900043370";"21";"7";"2019";"14:30";"1";"38";"38443";"1";"1";"1";"6";"D31";"45,1139600";"5,3674200"
"201900043371";"11";"2";"2019";"14:01";"1";"38";"38256";"1";"1";"4";"3";"Route des chevalier l'an mil";"45,4602810";"5,5473590"
"201900043372";"19";"7";"2019";"11:00";"1";"2";"02217";"1";"1";"1";"7";"départementale 1";"49,5066400";"3,3266990"
"201900043373";"19";"7";"2019";"20:15";"1";"3";"03292";"1";"1";"1";"7";"N/A";"46,4225650";"3,0693769"
"201900043374";"20";"7";"2019";"11:00";"1";"1";"01022";"2";"3";"1";"6";"rue de Savoie";"45,8731140";"5,6974230"
"201900043375";"21";"7";"2019";"02:00";"3";"72";"72137";"1";"1";"1";"7";"Le buisson";"48,4475760";"0,2529820"
"201900043376";"19";"7";"2019";"15:20";"1";"6";"06038";"1";"3";"1";"1";"route de Nice";"43,6730950";"6,9914920"
"201900043377";"19";"7";"2019";"07:05";"1";"14";"14514";"2";"1";"1";"6";"Rue Georges Clemenceau";"49,2890350";"0,1945140"
"201900043378";"21";"7";"2019";"14:30";"1";"90";"90067";"1";"9";"1";"3";"Rue des Grands Indets";"47,6911370";"6,9470670"
"201900043379";"20";"7";"2019";"17:30";"1";"90";"90065";"1";"1";"1";"6";"Route départementale 465";"47,7995840";"6,8411090"
"201900043380";"16";"7";"2019";"12:35";"1";"9";"09182";"2";"9";"1";"6";"Caychounet";"42,8809090";"1,3665820"
"201900043381";"19";"7";"2019";"18:00";"1";"45";"45289";"1";"1";"1";"7";"RD 97-RTE D ORLEANS";"48,0194868";"1,9636989"
"201900043382";"21";"7";"2019";"19:20";"1";"64";"64499";"1";"1";"1";"1";"Voie Communale Arribourdes, D 17";"43,4747367";" -0,9579663"
"201900043383";"20";"7";"2019";"10:25";"1";"64";"64040";"1";"1";"1";"7";"CD 132";"42,9725028";" -0,7584912"
"201900043384";"20";"7";"2019";"12:40";"1";"64";"64060";"1";"1";"1";"3";"RD 2";"43,3300201";" -0,4814575"
"201900043385";"21";"7";"2019";"14:15";"1";"18";"18088";"1";"1";"1";"6";"RD 30";"47,4159690";"2,3736110"
"201900043386";"12";"7";"2019";"12:30";"1";"18";"18226";"1";"1";"1";"4";"La Fringale";"47,1355060";"2,4977750"
"201900043387";"17";"7";"2019";"18:30";"1";"43";"43020";"2";"1";"1";"3";"route de beauzac";"45,2968250";"4,1133990"
"201900043388";"21";"7";"2019";"14:50";"1";"36";"36001";"1";"1";"1";"2";"La Bouzanne";"46,4466160";"1,8078530"
"201900043389";"18";"7";"2019";"18:30";"1";"16";"16379";"1";"1";"7";"6";"Route départmentale 941";"45,7918230";"0,4199300"
"201900043390";"21";"7";"2019";"03:00";"3";"7";"07308";"1";"1";"1";"1";"RD221";"45,1919270";"4,7879500"
"201900043391";"21";"7";"2019";"16:05";"1";"53";"53051";"1";"1";"1";"7";"rd 34 PK 20.600";"48,3633610";" -0,5471770"
"201900043392";"19";"7";"2019";"07:55";"1";"53";"53108";"1";"1";"1";"6";"Les Paves";"48,0791240";" -1,0341550"
"201900043393";"18";"7";"2019";"12:15";"1";"40";"40128";"1";"1";"1";"3";"route des pyrénées";"43,6828380";" -0,5981560"
"201900043394";"12";"7";"2019";"11:35";"1";"40";"40261";"2";"6";"1";"6";"Route de Bayonne";"43,6875290";" -1,2297420"
"201900043395";"19";"7";"2019";"12:15";"1";"24";"24081";"2";"1";"1";"7";"Le bourg";"44,8801000";"1,3515500"
"201900043396";"19";"7";"2019";"11:10";"1";"24";"24164";"1";"1";"1";"1";"D76";"45,3370000";"1,0629700"
"201900043397";"20";"7";"2019";"11:45";"1";"4";"04166";"1";"1";"1";"6";"RD 6";"43,8210540";"6,0497910"
"201900043398";"20";"7";"2019";"14:35";"1";"4";"04076";"1";"1";"1";"1";"Route du brec";"43,9664450";"6,7807440"
"201900043399";"23";"6";"2019";"20:10";"1";"85";"85234";"1";"2";"1";"3";"Route du Both";"46,8095700";" -2,0505000"
"201900043400";"20";"7";"2019";"16:45";"1";"85";"85156";"1";"1";"1";"1";"RD 747";"46,4914700";" -1,4445300"
"201900043401";"6";"7";"2019";"15:30";"1";"85";"85050";"1";"1";"1";"7";"La Mothe Freslon";"46,5108200";" -1,3539100"
"201900043402";"18";"7";"2019";"18:45";"1";"85";"85190";"2";"3";"1";"3";"Rue des Alouettes";"46,9413200";" -1,5030000"
"201900043403";"19";"7";"2019";"13:20";"1";"85";"85160";"1";"1";"1";"3";"LIEU DIT LE CHAILLOT";"46,5941900";" -1,4277500"
"201900043404";"20";"7";"2019";"08:10";"1";"28";"28149";"2";"3";"1";"3";"Rue de Senonches";"48,6110680";"0,8999000"
"201900043405";"28";"6";"2019";"10:15";"1";"17";"17166";"1";"2";"1";"1";"RD 939";"46,0996000";" -0,8945870"
"201900043406";"18";"7";"2019";"09:25";"1";"17";"17108";"2";"3";"1";"3";"carrefour rue des ardys rue de Chaillot";"45,4929870";" -0,4464080"
"201900043407";"21";"7";"2019";"11:10";"1";"23";"23130";"1";"1";"1";"2";"LE POINT DU JOUR";"46,4160870";"1,7776650"
"201900043408";"19";"7";"2019";"13:30";"1";"37";"37277";"1";"1";"1";"6";"Villebaslin";"47,1207570";"1,2268670"
"201900043409";"18";"7";"2019";"11:00";"1";"30";"30006";"1";"6";"1";"3";"d 6313";"43,6843310";"4,2077280"
"201900043410";"20";"7";"2019";"14:55";"1";"88";"88442";"1";"1";"1";"6";"D23";"48,0119230";"6,7559010"
"201900043411";"19";"7";"2019";"09:30";"1";"30";"30169";"2";"2";"1";"6";"Rue du Moulin";"43,7887430";"4,3081000"
"201900043412";"20";"7";"2019";"20:54";"1";"77";"77165";"1";"1";"1";"6";"autoroute A5";"48,4870792";"2,8514724"
"201900043413";"20";"7";"2019";"12:13";"1";"1";"01451";"1";"1";"1";"2";"Autoroute A.40 - pk 173+900";"46,2644910";"5,2034280"
"201900043414";"21";"7";"2019";"08:50";"1";"1";"01445";"1";"1";"1";"6";"A39 PK 131+800 SENS BOURG DOLE";"46,3588170";"5,2861550"
"201900043415";"20";"7";"2019";"15:35";"1";"89";"89208";"1";"1";"1";"7";"PK 192+700 Autoroute A6 sens LYON / PARIS";"47,6446318";"3,9068842"
"201900043416";"17";"7";"2019";"17:00";"1";"13";"13001";"1";"1";"1";"4";"A8";"43,5118150";"5,4471870"
"201900043417";"11";"7";"2019";"06:00";"2";"13";"13073";"2";"1";"1";"7";"A52 PK010+900 SENS SUD";"43,4048390";"5,5771850"
"201900043418";"18";"7";"2019";"10:00";"1";"976";"97603";"1";"1";"1";"7";"CCD4 MTSAMOUDOU";" -12,9338240";"45,1694780"
"201900043419";"18";"7";"2019";"11:25";"1";"25";"25517";"1";"1";"1";"5";"RN 57";"47,0139160";"6,3258230"
"201900043420";"19";"7";"2019";"14:10";"1";"17";"17157";"1";"1";"1";"7";"A 10";"45,8889180";" -0,6107080"
"201900043421";"19";"7";"2019";"17:30";"1";"38";"38029";"1";"1";"1";"6";"A43 PK 057.000";"45,5792110";"5,5278490"
"201900043422";"20";"7";"2019";"19:10";"1";"69";"69242";"1";"6";"2";"7";"A6 aire de Taponas";"46,1338720";"4,7664893"
"201900043423";"17";"7";"2019";"22:20";"3";"69";"69206";"1";"1";"1";"4";"Autoroute A6, PK 416.500, sens Lyon-Paris";"46,0637930";"4,7384670"
"201900043424";"18";"7";"2019";"11:10";"1";"27";"27351";"1";"1";"1";"6";"Bretelle d'insertion A154";"49,2396060";"1,1848530"
"201900043425";"20";"7";"2019";"23:00";"3";"77";"77216";"1";"1";"1";"3";"Autoroute A6 PK 68+00 sens LYON vers PARIS4";"48,2989694";"2,6684938"
"201900043426";"20";"7";"2019";"18:10";"1";"33";"33229";"2";"3";"7";"3";"RD3E9 / Av Gériacault";"44,7210690";" -1,0494650"
"201900043427";"20";"7";"2019";"12:55";"1";"973";"97311";"1";"1";"1";"1";"route du fleuve N3";"5,3997514";" -54,0602875"
"201900043428";"19";"7";"2019";"14:02";"1";"971";"97117";"2";"2";"1";"3";"Rue Achille René Boisneuf";"16,3310520";" -61,3433470"
"201900043429";"20";"7";"2019";"08:45";"1";"971";"97129";"1";"1";"1";"5";"Baret";"16,3117150";" -61,6786240"
"201900043430";"20";"7";"2019";"11:50";"1";"971";"97131";"1";"1";"2";"7";"Route de l'Anse Rodrigue";"15,8586380";" -61,5796230"
"201900043431";"20";"7";"2019";"22:25";"3";"971";"97114";"1";"1";"1";"6";"PK39,240 - Section Sarcelle Est";"16,1551180";" -61,5853900"
"201900043432";"20";"7";"2019";"02:00";"5";"971";"97111";"1";"1";"1";"6";"Route de Mazeau";"16,2962980";" -61,7906320"
"201900043433";"19";"7";"2019";"20:30";"1";"33";"33199";"2";"6";"1";"6";"10 avenue de lattre de tassigny";"44,6394900";" -1,1161800"
"201900043434";"17";"7";"2019";"16:10";"1";"37";"37225";"1";"9";"1";"7";"Chandon";"47,3450865";"0,9100070"
"201900043435";"27";"6";"2019";"08:13";"1";"18";"18285";"1";"2";"1";"3";"D27";"47,0257070";"2,2103390"
"201900043436";"20";"7";"2019";"22:50";"3";"45";"45082";"1";"1";"1";"6";"RD 2060 - PK 72+0";"47,8882747";"2,2197513"
"201900043437";"20";"7";"2019";"15:15";"1";"77";"77183";"2";"1";"1";"3";"D603-Avenue de Château Thierry";"48,9633000";"3,1337300"
"201900043438";"8";"7";"2019";"16:15";"1";"77";"77142";"2";"1";"1";"4";"D934-rue nationale";"48,8588000";"2,9195200"
"201900043439";"20";"7";"2019";"11:30";"1";"95";"95039";"2";"1";"1";"7";"41 Rue du Valhermeil";"49,0696180";"2,1268200"
"201900043440";"21";"7";"2019";"06:30";"1";"2A";"2A247";"2";"1";"1";"1";"Rue du 9 Septembre 1943";"41,5822400";"9,2780520"
"201900043441";"8";"7";"2019";"12:35";"1";"66";"66037";"2";"6";"1";"6";"voie de Mediterranée";"42,7052000";"3,0060950"
"201900043442";"18";"6";"2019";"21:15";"3";"11";"11190";"1";"1";"1";"7";"Route Départementale 11";"43,2495416";"2,6612730"
"201900043443";"17";"7";"2019";"13:30";"1";"34";"34213";"1";"1";"1";"3";"D613";"43,4743750";"3,6890770"
"201900043444";"11";"7";"2019";"07:30";"1";"34";"34058";"1";"3";"7";"3";"FONTMAGNE";"43,6939840";"4,0107280"
"201900043445";"19";"7";"2019";"10:45";"1";"83";"83150";"1";"1";"1";"1";"RD952";"43,7240400";"5,8109580"
"201900043446";"21";"7";"2019";"17:10";"1";"5";"05077";"1";"1";"1";"1";"Lieu dit fontgillarde";"44,7193380";"6,9027140"
"201900043447";"18";"7";"2019";"15:45";"1";"5";"05181";"1";"1";"1";"1";"RD1091";"45,0423650";"6,3548920"
"201900043448";"21";"7";"2019";"12:30";"1";"4";"04096";"1";"1";"1";"1";"RD 900";"44,4306604";"6,7379987"
"201900043449";"16";"7";"2019";"14:50";"1";"4";"04143";"2";"2";"1";"1";"RD 4 Av Flourens Aillaud";"43,9162534";"5,9184540"
"201900043450";"21";"7";"2019";"14:15";"1";"13";"13111";"1";"1";"1";"7";"Cabassol";"43,5545790";"5,6021290"
"201900043451";"20";"7";"2019";"08:36";"1";"26";"26058";"1";"1";"1";"2";"A7, sens nord / sud  PK068.600";"44,9467780";"4,8943360"
"201900043452";"21";"7";"2019";"12:20";"1";"71";"71060";"1";"1";"1";"1";"Lieu dit ""Au Cray"" RD199";"46,3007260";"4,1548170"
"201900043453";"19";"7";"2019";"15:55";"1";"71";"71150";"1";"1";"1";"7";"287 D908";"46,2290890";"4,7843770"
"201900043454";"19";"7";"2019";"13:05";"1";"52";"52025";"1";"2";"1";"1";"RD74";"48,1062280";"5,5108030"
"201900043455";"19";"7";"2019";"16:00";"1";"68";"68231";"2";"2";"1";"3";"rue du temple";"48,0194160";"7,5280720"
"201900043456";"2";"7";"2019";"10:30";"1";"67";"67397";"1";"1";"1";"7";"D20";"48,3292430";"7,7422910"
"201900043457";"21";"7";"2019";"13:00";"1";"3";"03141";"1";"1";"1";"7";"Matichard";"46,0010143";"3,6842971"
"201900043458";"19";"7";"2019";"14:25";"1";"74";"74007";"1";"1";"1";"1";"D903";"46,0813890";"6,3130130"
"201900043459";"21";"7";"2019";"18:50";"1";"73";"73034";"1";"1";"1";"6";"D925 Beaubois";"45,6984338";"6,6209406"
"201900043460";"18";"7";"2019";"10:50";"1";"73";"73329";"1";"1";"1";"3";"D1504 Route du Bourget";"45,6176261";"5,8821021"
"201900043461";"17";"7";"2019";"05:45";"2";"42";"42056";"1";"1";"1";"3";"RD 1086";"45,4027440";"4,7371140"
"201900043462";"21";"7";"2019";"05:50";"2";"38";"38054";"1";"1";"1";"6";"rd 52";"45,7823850";"5,4392120"
"201900043463";"19";"7";"2019";"20:00";"2";"38";"38415";"1";"1";"1";"6";"RD 163 38080";"45,6320190";"5,2500020"
"201900043464";"20";"7";"2019";"05:50";"2";"38";"38348";"1";"1";"1";"3";"Route D1006";"45,5834410";"5,3213330"
"201900043465";"19";"7";"2019";"07:15";"1";"38";"38276";"2";"1";"1";"3";"2903 Route Départementale 1085";"45,5557780";"5,3054140"
"201900043466";"18";"7";"2019";"17:00";"1";"1";"01032";"2";"1";"1";"3";"236 Route de Geneve";"45,8507340";"5,1261680"
"201900043467";"21";"7";"2019";"06:40";"2";"1";"01211";"1";"1";"1";"6";"Route Départementale 22";"46,0916900";"5,1937200"
"201900043468";"20";"7";"2019";"17:45";"1";"69";"69206";"2";"1";"1";"3";"Route du Poirier";"46,0702260";"4,7277960"
"201900043469";"20";"7";"2019";"15:10";"1";"9";"09178";"1";"1";"1";"7";"D119";"43,1165070";"1,9312310"
"201900043470";"19";"7";"2019";"17:45";"1";"17";"17289";"1";"2";"1";"3";"route de bordeaux";"45,6758229";" -0,6043481"
"201900043471";"17";"7";"2019";"11:00";"1";"17";"17161";"1";"6";"1";"3";"RD 735";"46,1796120";" -1,3334400"
"201900043472";"19";"7";"2019";"20:30";"1";"16";"16138";"2";"1";"7";"6";"42 Rue de Badoris";"45,6528550";"0,0951370"
"201900043473";"14";"3";"2019";"10:30";"1";"44";"44077";"1";"1";"2";"7";"Saint-Michel";"47,4736999";" -1,4612299"
"201900043474";"20";"7";"2019";"00:20";"3";"61";"61279";"1";"1";"1";"6";"Les Fourneaux";"48,4185480";" -0,0093340"
"201900043475";"28";"6";"2019";"08:10";"1";"14";"14047";"2";"4";"1";"6";"rue du marché";"49,2723130";" -0,7182320"
"201900043476";"20";"7";"2019";"15:55";"1";"56";"56176";"1";"1";"1";"2";"Lissaden";"47,6711290";" -2,9419400"
"201900043477";"20";"7";"2019";"06:30";"2";"76";"76057";"1";"9";"1";"6";"D67";"49,5275300";"0,9621430"