"Num_Acc";"jour";"mois";"an";"hrmn";"lum";"dep";"com";"agg";"int";"atm";"col";"adr";"lat";"long"
"201900043478";"18";"7";"2019";"18:20";"1";"57";"57764";"1";"1";"1";"1";"Rue Principale";"49,4616620";"6,1432180"
"201900043479";"21";"7";"2019";"12:32";"1";"60";"60103";"2";"2";"1";"3";"rue du petit chantilly bresles";"49,4108001";"2,2479854"
"201900043480";"19";"7";"2019";"21:30";"1";"59";"59057";"1";"1";"1";"7";"Route de Solesmes";"50,2286530";"3,5848710"
"201900043481";"20";"7";"2019";"19:05";"1";"59";"59466";"2";"1";"7";"1";"Rue des Tisserands";"50,5209940";"3,1173860"
"201900043482";"19";"7";"2019";"18:25";"1";"13";"13106";"2";"1";"1";"5";"A7-Sens Marseille vers Lyon";"43,3908160";"5,3511790"
"201900043483";"19";"7";"2019";"08:34";"1";"13";"13055";"1";"1";"1";"3";"A507 sens Aubagne- Marseille";"43,3117600";"5,4245100"
"201900043484";"18";"7";"2019";"09:40";"1";"13";"13055";"2";"1";"1";"3";"A507 sens Aubagne- Marseille";"43,3356042";"5,3812261"
"201900043485";"18";"7";"2019";"00:15";"5";"13";"13202";"2";"1";"1";"2";"Tunnel Joliette Marseille vers Aubagne";"43,3077780";"5,3661110"
"201900043486";"17";"7";"2019";"16:55";"1";"13";"13211";"1";"1";"1";"5";"A50-Sens Marseille vers Aubagne";"43,2900190";"5,4903110"
"201900043487";"17";"7";"2019";"08:45";"1";"13";"13056";"1";"1";"1";"7";"A55-Sens Marseille vers Martigues";"43,4027700";"5,1140000"
"201900043488";"17";"7";"2019";"08:25";"1";"13";"13055";"1";"1";"1";"4";"A507 sens Marseille - Aubagne";"43,2944640";"5,4243550"
"201900043489";"17";"7";"2019";"16:30";"1";"83";"83144";"1";"1";"1";"3";"A57";"43,1334900";"5,9847600"
"201900043490";"9";"7";"2019";"18:00";"1";"69";"69382";"1";"1";"1";"4";"A7   0.000 A 2.278";"45,7450000";"4,8277000"
"201900043491";"9";"7";"2019";"09:35";"5";"69";"69389";"1";"1";"1";"5";"BPNL   36.318 A 37.781";"45,7795200";"4,7963000"
"201900043492";"17";"7";"2019";"09:45";"1";"42";"42183";"1";"9";"1";"3";"RN88";"45,4018148";"4,3707401"
"201900043493";"16";"7";"2019";"22:50";"3";"57";"57463";"1";"9";"1";"3";"Autoroute A31";"49,1188039";"6,1604898"
"201900043494";"20";"7";"2019";"09:20";"1";"33";"33013";"1";"1";"1";"6";"ROUTE NATIONALE 230";"44,8614300";" -0,5039800"
"201900043495";"20";"7";"2019";"02:00";"5";"33";"33039";"1";"1";"1";"6";"ROCADE A 631";"44,8182500";" -0,5377700"
"201900043496";"19";"7";"2019";"18:15";"1";"33";"33013";"1";"1";"1";"2";"ROUTE NATIONALE 230";"44,8446800";" -0,5017300"
"201900043497";"19";"7";"2019";"16:20";"1";"33";"33318";"1";"1";"1";"5";"ROCADE A 630";"44,7877900";" -0,6399000"
"201900043498";"19";"7";"2019";"15:10";"1";"33";"33063";"1";"1";"1";"4";"ROCADE A 630";"44,8821500";" -0,5482400"
"201900043499";"20";"7";"2019";"20:00";"1";"77";"77251";"1";"1";"1";"7";"AUTOROUTE A5A";"48,6180500";"2,5555900"
"201900043500";"20";"7";"2019";"06:10";"1";"91";"91589";"1";"1";"1";"5";"AUTOROUTE A6";"48,6799000";"2,3328000"
"201900043501";"19";"7";"2019";"22:24";"5";"94";"94065";"1";"1";"1";"2";"AUTOROUTE A106";"48,7540000";"2,3523000"
"201900043502";"19";"7";"2019";"14:20";"1";"91";"91689";"1";"1";"1";"5";"AUTOROUTE A6";"48,7304000";"2,3148000"
"201900043503";"19";"7";"2019";"13:10";"1";"91";"91432";"1";"1";"1";"3";"AUTOROUTE A6";"48,6922180";"2,3215750"
"201900043504";"18";"7";"2019";"12:07";"1";"91";"91521";"1";"1";"1";"7";"RN 449";"48,6347900";"2,4072700"
"201900043505";"18";"7";"2019";"03:30";"3";"91";"91161";"1";"1";"1";"3";"AUTOROUTE A6";"48,7186300";"2,3104900"
"201900043506";"20";"7";"2019";"10:50";"1";"78";"78498";"1";"1";"1";"3";"A13";"48,9096800";"2,0053180"
"201900043507";"19";"7";"2019";"15:40";"1";"92";"92036";"1";"1";"1";"4";"A86";"48,9350904";"2,2660668"
"201900043508";"20";"7";"2019";"12:15";"1";"95";"95277";"1";"1";"1";"2";"AUTOROUTE A3";"48,9717700";"2,4853200"
"201900043509";"1";"7";"2019";"09:30";"1";"93";"93010";"1";"1";"1";"3";"AUTOROUTE A3";"48,9062500";"2,4721300"
"201900043510";"19";"7";"2019";"21:35";"1";"93";"93010";"1";"1";"1";"5";"AUTOROUTE A3";"48,9090000";"2,4740500"
"201900043511";"19";"7";"2019";"15:30";"1";"93";"93048";"1";"1";"1";"3";"AUTOROUTE A3";"48,8731300";"2,4359400"
"201900043512";"19";"7";"2019";"16:55";"1";"93";"93007";"1";"1";"1";"2";"AUTOROUTE A1";"48,9467100";"2,4420200"
"201900043513";"18";"7";"2019";"20:20";"1";"95";"95252";"1";"1";"2";"6";"AUTOROUTE A15";"48,9823300";"2,2207600"
"201900043514";"19";"7";"2019";"01:15";"3";"92";"92078";"1";"1";"2";"6";"AUTOROUTE A86";"48,9281243";"2,3319329"
"201900043515";"18";"7";"2019";"11:00";"1";"95";"95572";"1";"1";"1";"3";"RN 184";"49,0337100";"2,1115000"
"201900043516";"18";"7";"2019";"09:30";"1";"93";"93053";"1";"1";"1";"2";"AUTOROUTE A103";"48,8887600";"2,4729000"
"201900043517";"18";"7";"2019";"09:15";"1";"93";"93008";"1";"1";"1";"3";"AUTOROUTE A86";"48,9122700";"2,4367900"
"201900043518";"18";"7";"2019";"06:40";"1";"93";"93007";"1";"9";"1";"3";"AUTOROUTE A3";"48,9372920";"2,4802110"
"201900043519";"17";"7";"2019";"12:40";"1";"93";"93005";"1";"1";"1";"3";"AUTOROUTE A104";"48,9732990";"2,4910890"
"201900043520";"17";"7";"2019";"13:45";"1";"93";"93066";"1";"1";"1";"2";"AUTOROUTE A1";"48,9339600";"2,3833900"
"201900043521";"17";"7";"2019";"05:00";"2";"95";"95277";"1";"1";"1";"6";"RD 170 ";"48,9754700";"2,4833900"
"201900043522";"15";"7";"2019";"14:45";"1";"93";"93078";"1";"1";"1";"5";"AUTOROUTE A104";"48,9601900";"2,5400100"
"201900043523";"20";"7";"2019";"20:30";"1";"77";"77384";"1";"1";"1";"6";"A5b";"48,6208000";"2,6302000"
"201900043524";"20";"7";"2019";"14:25";"1";"94";"94052";"1";"1";"1";"3";"A86 INT";"48,8300000";"2,4900000"
"201900043525";"19";"7";"2019";"20:30";"1";"77";"77495";"1";"1";"1";"2";"A5b";"48,5600000";"2,6400000"
"201900043526";"10";"12";"2019";"19:30";"5";"75";"75118";"2";"1";"1";"6";"BOULEVARD NEY";"48,8987228";"2,3695336"
"201900043527";"10";"12";"2019";"11:30";"1";"75";"75118";"2";"2";"8";"6";"RUE ORDENER";"48,8928690";"2,3419630"
"201900043528";"9";"12";"2019";"15:45";"1";"75";"75116";"2";"2";"2";"3";"AVENUE VICTOR HUGO";"48,8729810";"2,2931520"
"201900043529";"9";"12";"2019";"06:30";"5";"75";"75116";"2";"1";"2";"3";"AVENUE FOCH";"48,8724930";"2,2830640"
"201900043530";"10";"12";"2019";"09:25";"1";"75";"75115";"2";"3";"1";"6";"RUE CHARLES LECOCQ";"48,8402811";"2,2951911"
"201900043531";"10";"12";"2019";"09:20";"1";"75";"75115";"2";"1";"1";"2";"BOULEVARD VICTOR";"48,8355172";"2,2801791"
"201900043532";"9";"12";"2019";"15:15";"1";"75";"75114";"2";"7";"1";"6";"BOULEVARD BRUNE";"48,8245351";"2,3192533"
"201900043533";"9";"12";"2019";"12:40";"1";"75";"75110";"2";"3";"2";"6";"RUE DE L AQUEDUC";"48,8840443";"2,3673228"
"201900043534";"10";"12";"2019";"13:01";"1";"75";"75109";"2";"1";"1";"6";"RUE SAINT LAZARE";"48,8758670";"2,3291830"
"201900043535";"10";"12";"2019";"21:30";"5";"75";"75108";"2";"3";"1";"2";"AVENUE DUTUIT";"48,8670800";"2,3160550"
"201900043536";"10";"12";"2019";"19:15";"5";"75";"75108";"2";"7";"2";"3";"PLACE DE LA CONCORDE";"48,8649441";"2,3193693"
"201900043537";"10";"12";"2019";"16:50";"5";"75";"75108";"2";"1";"1";"6";"AVENUE GEORGE V";"48,8659900";"2,3013630"
"201900043538";"10";"12";"2019";"17:10";"5";"75";"75107";"2";"3";"1";"3";"QUAI D ORSAY";"48,8623770";"2,3092400"
"201900043539";"10";"12";"2019";"09:40";"1";"75";"75115";"2";"3";"1";"6";"SQUARE DESAIX";"48,8522260";"2,2912440"
"201900043540";"10";"12";"2019";"08:50";"1";"75";"75104";"2";"1";"1";"3";"QUAI DE L HOTEL DE VILLE";"48,8536450";"2,3569073"
"201900043541";"9";"12";"2019";"12:00";"1";"75";"75101";"2";"7";"2";"6";"PLACE DES VICTOIRES";"48,8656816";"2,3414509"
"201900043542";"10";"12";"2019";"10:15";"1";"75";"75104";"2";"7";"1";"3";"PLACE DE LA BASTILLE";"48,8532300";"2,3686160"
"201900043543";"10";"12";"2019";"09:00";"1";"94";"94046";"2";"1";"1";"3";"GENERAL LECLERC - CAR DE LA RESISTANCE (";"48,8126500";"2,4280700"
"201900043544";"10";"12";"2019";"08:15";"1";"94";"94076";"2";"4";"1";"5";"EDOUARD VAILLANT (R)";"48,7931839";"2,3546906"
"201900043545";"9";"12";"2019";"11:00";"1";"94";"94076";"2";"2";"8";"6";"LOUIS ARAGON (AV)";"48,7885000";"2,3685000"
"201900043546";"10";"12";"2019";"08:42";"1";"94";"94033";"2";"3";"1";"6";"25 AOUT 1944 (BD DU)";"48,8480600";"2,4787600"
"201900043547";"9";"12";"2019";"18:30";"5";"94";"94079";"2";"1";"1";"6";"FRIEDBERG (BD DE)";"48,8300000";"2,5300000"
"201900043548";"9";"12";"2019";"16:35";"1";"94";"94019";"2";"1";"1";"6";"EDMOND (AV)";"48,8000000";"2,5400000"
"201900043549";"10";"12";"2019";"08:35";"1";"94";"94047";"2";"1";"1";"6";"BRIE (R DE)";"48,6971800";"2,5521900"
"201900043550";"10";"12";"2019";"02:05";"3";"93";"93073";"2";"3";"9";"2";"CHAPIT RE ( RUE DU)";"48,9850600";"2,5234900"
"201900043551";"10";"12";"2019";"20:10";"5";"93";"93066";"2";"2";"2";"3";"LENINE (AVENUE) NR 28 A 62 ET 13 A 41";"48,9420500";"2,3654700"
"201900043552";"9";"12";"2019";"13:00";"1";"93";"93066";"2";"1";"8";"3";"WILSON (AVENUE DU PRESIDENT)";"48,9360028";"2,3563786"
"201900043553";"8";"12";"2019";"13:20";"1";"93";"93063";"2";"1";"2";"6";"BRANLY BD EDOUARD";"48,8740710";"2,4405440"
"201900043554";"10";"12";"2019";"21:00";"5";"93";"93029";"2";"1";"2";"6";"FAIDHERBE N°";"48,9162207";"2,4304747"
"201900043555";"9";"12";"2019";"17:00";"2";"92";"92063";"2";"1";"1";"6";"VOLTAIRE (RUE)";"48,8732400";"2,1952200"
"201900043556";"6";"12";"2019";"20:00";"5";"92";"92063";"2";"3";"2";"2";"DOUMER (AVENUE PAUL) NORD";"48,8779100";"2,1753100"
"201900043557";"9";"12";"2019";"11:00";"1";"92";"92050";"2";"1";"1";"6";"HEBERT CELESTIN RUE";"48,8966000";"2,2238000"
"201900043558";"10";"12";"2019";"09:55";"1";"92";"92048";"2";"3";"1";"6";"MAL DE LATTRE DE TASSIGNY (AVENUE)";"48,7869650";"2,2315969"
"201900043559";"9";"12";"2019";"12:45";"1";"92";"92048";"2";"1";"1";"6";"VERD DE SAINT JULIEN (BOULEVARD)";"48,8152690";"2,2337890"
"201900043560";"10";"12";"2019";"09:22";"1";"92";"92007";"2";"2";"8";"6";"PETIT (AVENUE ALBERT) N° 1 A 37";"48,7952480";"2,3092860"
"201900043561";"11";"12";"2019";"14:25";"1";"1";"01371";"1";"3";"3";"5";"D1083";"45,9576840";"4,9986450"
"201900043562";"10";"12";"2019";"18:00";"3";"38";"38238";"1";"3";"1";"3";"D502";"45,5025870";"5,0033090"
"201900043563";"10";"12";"2019";"10:00";"1";"81";"81250";"1";"1";"1";"1";"D92";"43,7251450";"2,1447860"
"201900043564";"10";"12";"2019";"18:55";"3";"35";"35085";"1";"1";"1";"1";"D795";"48,3888530";" -1,7530540"
"201900043565";"11";"12";"2019";"10:15";"1";"60";"60570";"1";"2";"1";"3";"D923";"49,2506720";"2,0392350"
"201900043566";"11";"12";"2019";"07:22";"5";"17";"17264";"2";"1";"2";"6";"16 Rue Clément Marot";"46,2055100";" -1,1718220"
"201900043567";"10";"12";"2019";"03:50";"3";"56";"56166";"1";"1";"1";"1";"D769";"47,9426280";" -3,3763420"
"201900043568";"10";"12";"2019";"03:30";"3";"56";"56036";"1";"1";"1";"6";"D769";"47,8021200";" -3,3379780"
"201900043569";"11";"12";"2019";"10:50";"1";"74";"74309";"1";"1";"1";"3";"rd1206";"46,1327590";"6,0546410"
"201900043570";"10";"12";"2019";"19:00";"3";"80";"80639";"1";"1";"1";"1";"Avenue Roger Dumoulin";"49,9503360";"2,2764020"
"201900043571";"10";"12";"2019";"14:20";"1";"82";"82026";"1";"2";"1";"3";"RD115";"44,0646090";"1,6606440"
"201900043572";"11";"12";"2019";"13:00";"1";"42";"42020";"1";"1";"2";"6";"Route de Montbrison Rd 496";"45,6418930";"4,2216350"
"201900043573";"10";"12";"2019";"11:50";"1";"22";"22325";"1";"1";"1";"7";"rue des dalliots";"48,6593300";" -2,8597660"
"201900043574";"12";"11";"2019";"17:30";"2";"44";"44187";"1";"1";"1";"1";"Les Lardieres";"47,2218082";" -2,1105008"
"201900043575";"5";"12";"2019";"18:32";"3";"35";"35116";"1";"1";"1";"2";"88 Rue de Dol";"48,5778310";" -1,8123928"
"201900043576";"10";"12";"2019";"16:30";"1";"29";"29059";"2";"1";"1";"6";"Place Yves Laviec";"48,6016900";" -3,7569420"
"201900043577";"2";"12";"2019";"17:55";"5";"38";"38229";"2";"1";"1";"3";"Allee de la Faculte";"45,2089400";"5,7754170"
"201900043578";"10";"12";"2019";"10:00";"1";"3";"03181";"1";"1";"1";"7";"N/A";"46,3602706";"3,7115281"
"201900043579";"10";"12";"2019";"18:00";"3";"18";"18094";"1";"1";"1";"5";"D50";"47,2002870";"2,8804480"
"201900043580";"10";"12";"2019";"18:00";"5";"85";"85010";"2";"1";"8";"6";"Av du Mal de Lattre de Tassigny";"46,4698700";" -1,4898700"
"201900043581";"11";"12";"2019";"14:40";"1";"27";"27252";"1";"1";"1";"6";"route départementale 28";"49,1515750";"0,4599680"
"201900043582";"10";"12";"2019";"16:30";"2";"37";"37154";"2";"3";"8";"6";"25 Rue Nationale";"47,2875394";"0,7146424"
"201900043583";"11";"12";"2019";"18:15";"3";"37";"37130";"1";"3";"2";"3";"D31";"47,0557310";"0,8364280"
"201900043584";"10";"12";"2019";"09:45";"1";"30";"30218";"1";"1";"1";"6";"D51";"44,2408300";"4,2778980"
"201900043585";"9";"12";"2019";"10:30";"1";"48";"48141";"2";"1";"2";"1";"Le Village";"44,3098390";"3,3997080"
"201900043586";"10";"12";"2019";"08:00";"3";"35";"35208";"1";"2";"2";"3";"2 La Belle Etoile";"47,9763830";" -1,6748080"
"201900043587";"7";"12";"2019";"16:15";"1";"6";"06085";"2";"6";"1";"6";"84 Route de la Roquette";"43,6164720";"6,9733660"
"201900043588";"11";"12";"2019";"07:40";"1";"974";"97415";"1";"1";"1";"1";"D100";" -21,0700540";"55,2312850"
"201900043589";"9";"11";"2019";"19:20";"5";"971";"97118";"2";"1";"1";"6";"39 Rue Victor Schoelcher";"16,1913840";" -61,5907700"
"201900043590";"2";"12";"2019";"15:45";"1";"13";"13088";"1";"1";"1";"1";"D568";"43,3631540";"5,2693090"
"201900043591";"11";"12";"2019";"11:25";"1";"77";"77367";"1";"2";"1";"3";"D405 X D146A3";"49,0471870";"2,9970330"
"201900043592";"10";"12";"2019";"11:45";"1";"77";"77162";"1";"4";"1";"2";"D204 X D31";"48,9141300";"3,1555500"
"201900043593";"10";"12";"2019";"16:45";"1";"66";"66190";"1";"1";"1";"7";"D5";"42,8124690";"2,8763330"
"201900043594";"11";"12";"2019";"17:20";"3";"13";"13035";"1";"3";"2";"3";"D569";"43,6563480";"5,0205930"
"201900043595";"11";"12";"2019";"11:45";"1";"26";"26072";"1";"1";"1";"6";"A7 pk49+000";"45,1221900";"4,8963690"
"201900043596";"10";"12";"2019";"17:30";"5";"68";"68226";"2";"1";"1";"6";"9 Rue du 9e Zouaves";"48,0420630";"7,1310410"
"201900043597";"11";"12";"2019";"06:00";"3";"1";"01390";"1";"1";"1";"1";"RD 20";"45,8470380";"5,2967700"
"201900043598";"3";"12";"2019";"12:45";"1";"86";"86123";"2";"3";"1";"3";"PAIX (AVENUE DE LA)";"46,5893569";"0,3341117"
"201900043599";"10";"12";"2019";"08:15";"1";"13";"13001";"1";"1";"1";"4";"A51-Sens Aix en Provence vers Marseille";"43,4961500";"5,4065600"
"201900043600";"6";"12";"2019";"17:45";"3";"42";"42207";"1";"1";"1";"2";"A47";"45,4874186";"4,5053069"
"201900043601";"10";"12";"2019";"17:50";"5";"33";"33167";"1";"1";"1";"4";"ROUTE NATIONALE 230";"44,8218600";" -0,5155700"
"201900043602";"10";"12";"2019";"15:10";"1";"33";"33063";"1";"1";"1";"2";"ROCADE A 630";"44,8839600";" -0,5583700"
"201900043603";"10";"12";"2019";"08:10";"1";"33";"33039";"1";"1";"1";"3";"ROCADE A 630";"44,8017300";" -0,5339200"
"201900043604";"10";"12";"2019";"18:30";"3";"91";"91174";"1";"1";"1";"2";"RN 104";"48,6130300";"2,4506200"
"201900043605";"10";"12";"2019";"17:00";"3";"91";"91345";"1";"1";"1";"2";"AUTOROUTE A6";"48,6873450";"2,3255950"
"201900043606";"10";"12";"2019";"06:30";"4";"94";"94034";"1";"1";"1";"3";"AUTOROUTE A6B";"48,7522000";"2,3297000"
"201900043607";"10";"12";"2019";"02:30";"5";"94";"94003";"1";"1";"1";"7";"AUTOROUTE A6A";"48,8147900";"2,3362400"
"201900043608";"10";"12";"2019";"07:00";"5";"78";"78418";"1";"1";"1";"2";"A14";"48,9144890";"2,1470840"
"201900043609";"9";"12";"2019";"19:50";"3";"92";"92050";"1";"9";"1";"3";"A86";"48,9080769";"2,2134852"
"201900043610";"9";"12";"2019";"15:00";"1";"92";"92036";"1";"1";"1";"3";"A86";"48,9348396";"2,2672858"
"201900043611";"9";"12";"2019";"00:04";"5";"92";"92012";"1";"1";"1";"6";"A13";"48,8484349";"2,2407769"
"201900043612";"9";"12";"2019";"15:00";"1";"93";"93078";"1";"1";"1";"2";"AUTOROUTE A104";"48,9616400";"2,5451400"
"201900043613";"9";"12";"2019";"08:30";"2";"95";"95678";"1";"1";"3";"7";"RN 184";"49,0594800";"2,2106700"
"201900043614";"8";"12";"2019";"20:45";"3";"93";"93005";"1";"1";"1";"2";"AUTOROUTE A3";"48,9646800";"2,4742200"
"201900043615";"10";"12";"2019";"17:00";"2";"94";"94033";"1";"1";"1";"2";"A86.EXT";"48,8503000";"2,4903000"
"201900043616";"10";"12";"2019";"14:15";"1";"77";"77514";"1";"1";"1";"2";"A104";"48,9318181";"2,6277366"
"201900043617";"26";"4";"2019";"11:45";"1";"36";"36088";"2";"3";"1";"2";"PLACE DE LA RÉPUBLIQUE";"47,0713770";"1,8096850"
"201900043618";"9";"12";"2019";"06:15";"1";"972";"97209";"2";"4";"1";"3";"PIONNIERS (RUE DES)";"14,6019819";" -61,0782444"
"201900043619";"7";"12";"2019";"10:45";"1";"87";"87085";"2";"1";"2";"6";"POMPIDOU (AVENUE GEORGES)";"45,8153200";"1,2691600"
"201900043620";"5";"12";"2019";"14:15";"1";"63";"63113";"2";"1";"1";"6";"ROUVIER (RUE)";"45,8070500";"3,1179000"
"201900043621";"6";"12";"2019";"08:42";"1";"63";"63075";"2";"1";"9";"6";"VILLARS (AVENUE DE)";"45,7760000";"3,0613300"
"201900043622";"30";"8";"2019";"17:00";"1";"59";"59079";"2";"1";"1";"3";"ONZE NOVEMBRE (PLACE DU)";"50,3838400";"3,5072900"
"201900043623";"8";"12";"2019";"20:30";"5";"59";"59170";"2";"1";"3";"2";"TOBIN (RUE JAMES)";"50,3423800";"3,1053400"
"201900043624";"2";"12";"2019";"16:10";"1";"51";"51454";"2";"1";"1";"2";"AVENUE PAUL MARCHANDEAU";"49,2415929";"4,0237382"
"201900043625";"28";"11";"2019";"16:00";"1";"51";"51454";"2";"2";"1";"1";"RUE DES MOULINS";"49,2455800";"4,0358800"
"201900043626";"6";"6";"2019";"15:57";"1";"49";"49007";"2";"1";"1";"3";"FOCH BOULEVARD";"47,4675800";" -0,5513700"
"201900043627";"8";"12";"2019";"14:10";"1";"41";"41212";"2";"9";"2";"7";"PATTE D'OIE (rond point)";"47,5618800";"1,3737200"
"201900043628";"7";"12";"2019";"17:48";"5";"30";"30189";"2";"9";"1";"2";"Lt Col Pierre COLIN";"43,8367240";"4,3602915"
"201900043629";"8";"12";"2019";"21:40";"5";"25";"25388";"2";"1";"2";"6";"TANNEURS (QUAI DES)";"47,5086520";"6,7948800"
"201900043630";"9";"12";"2019";"16:55";"2";"17";"17028";"1";"1";"1";"2";"RN 137";"46,1264500";" -1,1071600"
"201900043631";"7";"11";"2019";"18:30";"5";"92";"92004";"2";"1";"1";"4";"DOCTEUR DERVAUX  ( QUAI DU )";"48,9060351";"2,2893524"
"201900043632";"8";"12";"2019";"05:49";"2";"974";"97416";"2";"1";"1";"6";"HUBERT DE LISLE(BOULEVARD)";" -21,3435200";"55,4747600"
"201900043633";"9";"12";"2019";"07:40";"1";"974";"97407";"2";"1";"1";"2";"ROUTE DU SACRE COEUR";" -20,9524900";"55,3060900"
"201900043634";"9";"12";"2019";"21:20";"5";"69";"69259";"2";"2";"9";"3";"CORSIERE (DE LA)                    (R )";"45,6954300";"4,8591100"
"201900043635";"9";"12";"2019";"15:45";"1";"69";"69199";"2";"1";"2";"5";"JEAN JAURES                         (AV)";"45,7130000";"4,8550000"
"201900043636";"9";"12";"2019";"16:50";"1";"972";"97213";"1";"1";"1";"2";"ROUTE DEPARTEMENTALE 3";"14,6149000";" -60,9922900"
"201900043637";"28";"11";"2019";"13:00";"1";"972";"97213";"2";"1";"1";"3";"ROUTE NATIONALE 1";"14,6202500";" -61,0017000"
"201900043638";"9";"12";"2019";"18:45";"5";"972";"97209";"2";"1";"1";"1";"ABATTOIR (RUE DE L')";"14,6035300";" -61,0738700"
"201900043639";"2";"12";"2019";"12:11";"1";"972";"97209";"2";"1";"1";"7";"BRISANTS (RUE DES)";"14,6011900";" -61,0901200"
"201900043640";"9";"12";"2019";"12:25";"1";"69";"69081";"2";"9";"2";"6";"BON PASTEUR (DU)                  AV";"45,7870500";"4,7773400"
"201900043641";"9";"12";"2019";"08:30";"1";"69";"69286";"2";"4";"8";"3";"COTE CHEVALIER (DE LA)              (CH)";"45,8085500";"4,8831100"
"201900043642";"9";"12";"2019";"07:45";"2";"69";"69385";"2";"1";"1";"3";"CHAMPVERT (DE)                      (R )";"45,7627700";"4,7953400"
"201900043643";"5";"12";"2019";"16:23";"1";"971";"97113";"1";"1";"1";"7";"Section Port Blanc";"16,2308000";" -61,4661000"
"201900043644";"7";"12";"2019";"21:03";"5";"971";"97113";"1";"1";"1";"6";"SECTION LABROUSSE";"16,2203700";" -61,5175200"
"201900043645";"7";"12";"2019";"04:05";"5";"971";"97113";"1";"1";"1";"6";"Section Port Blanc";"16,2237270";" -61,4701020"
"201900043646";"6";"12";"2019";"16:20";"1";"971";"97113";"1";"1";"1";"1";"SECTION LABROUSSE";"16,2208200";" -61,5156900"
"201900043647";"2";"12";"2019";"19:34";"2";"971";"97113";"2";"1";"1";"6";"MONTAUBAN (SECTEUR)";"16,2079100";" -61,4998100"
"201900043648";"2";"12";"2019";"08:00";"1";"971";"97113";"1";"1";"1";"6";"Chemin de la BOUAYE";"16,2182600";" -61,4904800"
"201900043649";"9";"12";"2019";"07:45";"1";"2A";"2A004";"2";"1";"8";"6";"SEBASTIANU COSTA BD";"41,9417000";"8,7482000"
"201900043650";"7";"12";"2019";"10:30";"1";"91";"91549";"2";"2";"8";"2";"SAINT MICHEL (BOULEVARD)";"48,6502100";"2,3092600"
"201900043651";"8";"12";"2019";"18:50";"3";"91";"91223";"2";"1";"1";"6";"GUETTARD (RUE J.E.)";"48,4434200";"2,1662400"
"201900043652";"9";"12";"2019";"08:40";"2";"91";"91201";"2";"1";"2";"6";"HENRI BARBUSSE(BOULEVARD)";"48,6798900";"2,4097700"
"201900043653";"7";"12";"2019";"10:26";"1";"87";"87085";"2";"6";"2";"6";"NEXON (RUE DE) RD 11";"45,8110800";"1,2572500"
"201900043654";"6";"12";"2019";"18:15";"5";"80";"80021";"1";"1";"2";"2";"ROCADE NORD RN 1";"49,8994090";"2,3713800"
"201900043655";"6";"12";"2019";"17:30";"5";"77";"77491";"2";"1";"2";"6";"D302 - FONTAINEBLEAU (AVENUE DE)";"48,3770900";"2,7947200"
"201900043656";"9";"12";"2019";"00:40";"3";"77";"77306";"1";"1";"2";"6";"D.57";"48,6001800";"2,6757600"
"201900043657";"6";"12";"2019";"18:50";"5";"76";"76540";"2";"1";"1";"6";"CORNEILLE. PONT PIERRE";"49,4358400";"1,0956000"
"201900043658";"6";"12";"2019";"12:15";"1";"76";"76540";"2";"2";"1";"3";"SAINT JULIEN. RUE";"49,4245200";"1,0710500"
"201900043659";"9";"12";"2019";"08:35";"1";"74";"74008";"2";"1";"1";"6";"JURA (RUE DU)";"46,1959800";"6,2274800"
"201900043660";"9";"12";"2019";"18:35";"5";"73";"73065";"2";"1";"3";"6";"BOISSE (AVENUE DE LA)";"45,5817586";"5,9112275"
"201900043661";"4";"12";"2019";"17:39";"5";"72";"72181";"2";"1";"1";"6";"MAC JEAN (AV) N° IMP 1 A 51";"47,9826700";"0,2125500"
"201900043662";"8";"12";"2019";"05:50";"5";"71";"71475";"2";"1";"2";"7";"AUGUSTE MARTIN (RUE)";"46,7640000";"4,8380000"
"201900043663";"9";"12";"2019";"08:10";"1";"69";"69271";"1";"1";"8";"6";"DAUPHINE (DU)                           ";"45,7371600";"4,9581900"
"201900043664";"6";"12";"2019";"19:45";"5";"67";"67482";"2";"1";"1";"2";"PAIX (AVENUE DE LA)";"48,5888500";"7,7549600"
"201900043665";"5";"12";"2019";"17:00";"5";"67";"67482";"2";"3";"5";"3";"JACOUTOT (QUAI)";"48,5915900";"7,7823200"
"201900043666";"9";"12";"2019";"10:28";"1";"66";"66136";"2";"1";"1";"6";"BRIQUETERIE DE LA";"42,6869300";"2,8934100"
"201900043667";"9";"12";"2019";"09:15";"1";"66";"66136";"2";"2";"1";"3";"BAZY DU COMMANDANT";"42,6918000";"2,8883600"
"201900043668";"8";"12";"2019";"12:30";"1";"66";"66136";"2";"1";"1";"6";"ESPAGNE (ROUTE D')";"42,6837500";"2,8958300"
"201900043669";"6";"12";"2019";"19:22";"5";"66";"66136";"2";"1";"1";"2";"ARGELES SUR MER AVENUE D'";"42,6826300";"2,9098100"
"201900043670";"7";"12";"2019";"01:25";"5";"64";"64122";"2";"1";"1";"2";"GENERAL MAC CROSKEY (AV DU)";"43,4923500";" -1,5493900"
"201900043671";"7";"12";"2019";"12:50";"1";"64";"64122";"2";"1";"1";"7";"HIRONDELLES";"43,4628800";" -1,5410700"
"201900043672";"7";"12";"2019";"18:40";"5";"64";"64102";"2";"4";"1";"3";"SOULT (AVENUE MARECHAL)";"43,4861494";" -1,4899419"