"Num_Acc";"jour";"mois";"an";"hrmn";"lum";"dep";"com";"agg";"int";"atm";"col";"adr";"lat";"long"
"201900043673";"6";"12";"2019";"17:56";"3";"63";"63019";"1";"1";"1";"1";"Av du Brézet (RD769)";"45,7909184";"3,1829453"
"201900043674";"6";"12";"2019";"15:38";"1";"63";"63113";"2";"1";"1";"6";"ROMAGNAT (RUE DE)";"45,7732300";"3,0931500"
"201900043675";"8";"12";"2019";"18:25";"3";"59";"59253";"1";"1";"2";"6";"D935";"50,4292163";"3,6001575"
"201900043676";"3";"12";"2019";"13:25";"1";"58";"58194";"2";"1";"1";"2";"AMIRAL JACQUINOT";"46,9863400";"3,1863900"
"201900043677";"9";"12";"2019";"17:20";"3";"51";"51454";"2";"1";"8";"2";"BOULEVARD LOUIS ROEDERER";"49,2533767";"4,0189742"
"201900043678";"8";"12";"2019";"12:00";"1";"50";"50129";"2";"1";"1";"6";"FRANCOIS 1ER (RUE)";"49,6362900";" -1,6239000"
"201900043679";"8";"12";"2019";"18:25";"3";"49";"49007";"2";"1";"2";"2";"GRAND MONTREJEAU";"47,4677300";" -0,5298800"
"201900043680";"6";"12";"2019";"19:04";"3";"49";"49246";"2";"1";"2";"4";"A87N";"47,4203200";" -0,5048800"
"201900043681";"5";"12";"2019";"20:40";"3";"49";"49267";"2";"1";"5";"7";"A87N";"47,4664300";" -0,5159000"
"201900043682";"9";"12";"2019";"20:00";"2";"44";"44109";"2";"2";"1";"6";"Bd Cassin La Maziere (Point de recyclage)";"47,2638690";" -1,5782290"
"201900043683";"6";"12";"2019";"19:00";"5";"42";"42223";"2";"1";"1";"6";"MONTBRISON (ROUTE DE)";"45,4498500";"4,3347000"
"201900043684";"9";"12";"2019";"08:18";"2";"37";"37261";"2";"1";"2";"6";"AULNES (ALLEE DES)";"47,3760855";"0,6814635"
"201900043685";"7";"12";"2019";"16:00";"1";"36";"36044";"2";"3";"2";"3";"AVENUE DE VERDUN";"46,8017618";"1,6966224"
"201900043686";"9";"12";"2019";"18:55";"5";"35";"35238";"2";"2";"1";"3";"SAINT-HELIER";"48,1069680";" -1,6706130"
"201900043687";"9";"12";"2019";"15:40";"1";"35";"35238";"2";"2";"1";"3";"PATTON (AVENUE DU GENERAL SIR GEORGES)";"48,1326900";" -1,6613700"
"201900043688";"9";"12";"2019";"13:45";"1";"35";"35238";"2";"1";"1";"3";"PATTON (AVENUE DU GENERAL SIR GEORGES)";"48,1334080";" -1,6606490"
"201900043689";"9";"12";"2019";"18:45";"5";"34";"34172";"2";"2";"1";"3";"LODEVE (AVENUE DE";"43,6123000";"3,8456000"
"201900043690";"8";"12";"2019";"18:10";"5";"33";"33063";"2";"2";"1";"3";"RUE DUPATY";"44,8585600";" -0,5636500"
"201900043691";"7";"12";"2019";"13:35";"1";"31";"31069";"1";"6";"1";"3";"CORNEBARRIEU (ROUTE DE)";"43,6455800";"1,3664100"
"201900043692";"9";"12";"2019";"07:35";"2";"30";"30189";"2";"1";"1";"6";"TRIAIRE SERGENT (BOULEVARD)";"43,8284300";"4,3599300"
"201900043693";"8";"12";"2019";"06:40";"3";"29";"29232";"1";"1";"2";"6";"MORBIHAN AVENUE DU";"47,9781000";" -4,0221700"
"201900043694";"4";"12";"2019";"18:50";"5";"27";"27229";"2";"1";"5";"3";"DESMOULINS (RUE C. ET L.)";"49,0303200";"1,1792500"
"201900043695";"7";"12";"2019";"10:00";"1";"22";"22113";"2";"9";"1";"7";"ROUD AR ROC'H (RUE DE)";"48,7271000";" -3,4523000"
"201900043696";"6";"12";"2019";"14:05";"1";"19";"19031";"2";"1";"1";"2";"RIVET (AVENUE JEAN CHARLES)";"45,1495400";"1,4951000"
"201900043697";"9";"12";"2019";"16:40";"1";"17";"17306";"1";"1";"1";"1";"EXPRESS (VOIE)";"45,6456400";" -1,0442100"
"201900043698";"9";"12";"2019";"18:12";"4";"17";"17028";"1";"1";"1";"4";"114 PK RN137 ROCHEFORT JUSTICE";"46,1380000";" -1,1041090"
"201900043699";"8";"12";"2019";"22:00";"5";"14";"14366";"2";"1";"1";"6";"PRESIDENT JOHN KENNEDY (BOULEVARD)";"49,1416400";"0,2377000"
"201900043700";"9";"12";"2019";"14:14";"3";"14";"14574";"1";"1";"1";"6";"DIVES (D.45 route de)";"49,1597300";"0,1935300"
"201900043701";"9";"12";"2019";"13:00";"1";"13";"13212";"2";"1";"1";"3";"ENCO DE BOTTE (RTE)";"43,3137702";"5,4659753"
"201900043702";"7";"12";"2019";"19:00";"2";"13";"13213";"2";"4";"1";"3";"CHATEAU GOMBERT CHEMIN";"43,3375500";"5,4209600"
"201900043703";"10";"5";"2019";"21:15";"3";"93";"93001";"2";"1";"3";"1";"VICTOR HUGO (AVE)  131 A 165";"48,9121790";"2,3802400"
"201900043704";"6";"5";"2019";"17:20";"1";"93";"93066";"2";"1";"1";"6";"LIBERATION RD14 (BOULEVARD)";"48,9254200";"2,3420800"
"201900043705";"3";"5";"2019";"17:53";"1";"93";"93066";"2";"1";"1";"6";"DE PRESSENSE FRANCIS";"48,9240900";"2,3722800"
"201900043706";"28";"4";"2019";"13:00";"1";"93";"93070";"2";"9";"1";"6";"DOCTEUR BAUER(RUE DU) :N° 1 AU 73";"48,9104100";"2,3377500"
"201900043707";"2";"5";"2019";"18:40";"1";"93";"93066";"2";"2";"1";"3";"SEMAT ROGER";"48,9500000";"2,3500000"
"201900043708";"2";"5";"2019";"17:45";"1";"93";"93066";"2";"1";"3";"6";"FRUITIERS (AVENUE)";"48,9185450";"2,3545320"
"201900043709";"20";"5";"2019";"14:38";"1";"93";"93064";"2";"2";"1";"3";"LAVOISIER (RUE)";"48,8623300";"2,4985400"
"201900043710";"15";"5";"2019";"20:11";"1";"93";"93064";"2";"1";"1";"6";"ROSNY 2 (CENTRE COMMERCIAL)";"48,8843040";"2,4750345"
"201900043711";"11";"5";"2019";"14:45";"1";"93";"93064";"2";"2";"1";"1";"ALSACE-LORRAINE (BOULEVARD)";"48,8839090";"2,4883830"
"201900043712";"6";"5";"2019";"16:50";"1";"93";"93064";"2";"6";"1";"6";"REPUBLIQUE (AVENUE DE LA)";"48,8723650";"2,4852660"
"201900043713";"5";"5";"2019";"01:11";"5";"93";"93077";"2";"1";"1";"6";"FREDY (AVENUE DE)";"48,8816456";"2,5215156"
"201900043714";"4";"5";"2019";"23:00";"5";"93";"93064";"2";"1";"1";"6";"DE GAULLE (AV DU GENERAL) 58/49 - FIN";"48,8784900";"2,4787200"
"201900043715";"30";"4";"2019";"18:20";"1";"93";"93064";"2";"1";"1";"1";"LAVOISIER (RUE)";"48,8627620";"2,4938440"
"201900043716";"25";"5";"2019";"11:30";"1";"93";"93077";"2";"1";"1";"2";"NEUILLY (RUE DE)";"48,8775200";"2,5232700"
"201900043717";"24";"5";"2019";"10:15";"1";"93";"93077";"2";"9";"1";"6";"GARE (PLACE DE LA)";"48,8891300";"2,5110900"
"201900043718";"17";"5";"2019";"10:30";"1";"93";"93077";"2";"1";"1";"3";"GRANDE RUE";"48,8825300";"2,5182300"
"201900043719";"14";"5";"2019";"16:45";"1";"93";"93077";"2";"1";"1";"6";"FOSSE AUX BERGERS (RUE DE LA)";"48,8871500";"2,4950800"
"201900043720";"14";"5";"2019";"03:05";"3";"93";"93062";"2";"9";"1";"3";"SAPINS (ALLEE DES)";"48,8979200";"2,5300300"
"201900043721";"13";"5";"2019";"11:40";"1";"93";"93062";"2";"1";"7";"1";"EST (BOULEVARD DE L')";"48,9026500";"2,5228100"
"201900043722";"8";"5";"2019";"13:15";"1";"93";"93077";"2";"1";"1";"2";"GUITLEVITCH (RUE SIMON)";"48,8783400";"2,5249800"
"201900043723";"27";"5";"2019";"17:40";"1";"93";"93055";"2";"1";"1";"6";"EDOUARD VAILLANT DU 64/130";"48,8999120";"2,3960440"
"201900043724";"23";"5";"2019";"18:20";"1";"93";"93055";"2";"1";"1";"6";"JEAN JAURES (AVENUE) (2/74)";"48,9034400";"2,3919500"
"201900043725";"14";"5";"2019";"21:00";"1";"93";"93055";"2";"1";"1";"6";"JEAN LOLIVE (AVENUE)(1/55 2/60)";"48,8901400";"2,3990200"
"201900043726";"13";"5";"2019";"00:10";"5";"93";"93001";"2";"1";"1";"3";"FELIX FAURE (BLD) => 121";"48,9050000";"2,3817700"
"201900043727";"7";"5";"2019";"13:30";"1";"93";"93055";"2";"1";"1";"6";"LATERAL AU CHEMIN DE FER (CHEMIN)";"48,8964000";"2,4161400"
"201900043728";"24";"5";"2019";"01:00";"5";"93";"93053";"2";"9";"1";"5";"PARC (RUE DU)";"48,8917000";"2,4451000"
"201900043729";"23";"5";"2019";"19:10";"1";"93";"93053";"2";"2";"1";"3";"PARC (RUE DU)";"48,8862630";"2,4406010"
"201900043730";"23";"5";"2019";"01:45";"5";"93";"93053";"2";"3";"1";"3";"ROSNY (AVENUE DE) N° 56 A 242";"48,9032400";"2,4706700"
"201900043731";"18";"5";"2019";"17:30";"1";"93";"93053";"2";"1";"1";"3";"ANATOLE FRANCE (RUE)";"48,8851000";"2,4426700"
"201900043732";"13";"5";"2019";"09:05";"1";"93";"93053";"2";"3";"1";"1";"CHASSE (RUE DE LA)";"48,8795400";"2,4559500"
"201900043733";"2";"5";"2019";"22:18";"5";"93";"93053";"2";"1";"1";"6";"STRASBOURG (AVENUE DE)";"48,8961300";"2,4672300"
"201900043734";"26";"5";"2019";"09:30";"1";"93";"93051";"2";"2";"7";"1";"EMILE COSSONNEAU (AVE)";"48,8493400";"2,5672700"
"201900043735";"12";"5";"2019";"21:25";"5";"93";"93051";"2";"1";"1";"5";"NEUILLY (ROUTE)";"48,8499600";"2,5362900"
"201900043736";"7";"5";"2019";"17:00";"1";"93";"93051";"2";"1";"1";"2";"MONT D'EST (BD)";"48,8429400";"2,5455000"
"201900043737";"5";"5";"2019";"20:00";"1";"93";"93050";"2";"1";"1";"3";"LOUIS VANNINI (RUE)";"48,8663600";"2,5268400"
"201900043738";"1";"5";"2019";"14:50";"1";"93";"93051";"2";"1";"1";"3";"VILLIERS (ROUTE)";"48,8443300";"2,5486800"
"201900043739";"22";"5";"2019";"13:00";"1";"93";"93051";"2";"9";"1";"3";"GEORGES CLEMENCEAU (AVENUE)";"48,8400000";"2,5500000"
"201900043740";"10";"5";"2019";"20:30";"5";"93";"93049";"2";"2";"3";"3";"POULET LANGLET (RUE)";"48,8618830";"2,5002900"
"201900043741";"29";"5";"2019";"12:40";"1";"93";"93048";"2";"1";"1";"6";"BOISSIERE (BOULEVARD DE LA)";"48,8754500";"2,4687900"
"201900043742";"24";"5";"2019";"18:00";"1";"93";"93048";"2";"1";"1";"6";"PAIX (AVENUE DE LA)";"48,8776070";"2,4604070"
"201900043743";"19";"5";"2019";"02:00";"5";"93";"93048";"2";"1";"1";"6";"PIERRE DE MONTREUIL S5 (RUE)";"48,8629000";"2,4522300"
"201900043744";"18";"5";"2019";"12:15";"1";"93";"93064";"2";"2";"1";"3";"KENNEDY (AVENUE DU PRESIDENT)";"48,8775500";"2,4858900"
"201900043745";"16";"5";"2019";"19:30";"1";"93";"93048";"2";"1";"1";"6";"PARIS (RUE DE)";"48,8568000";"2,4293100"
"201900043746";"16";"5";"2019";"09:30";"1";"93";"93048";"2";"1";"7";"6";"CHANZY (BOULEVARD)";"48,8584400";"2,4325300"
"201900043747";"13";"5";"2019";"16:40";"1";"93";"93048";"2";"2";"1";"6";"ROBESPIERRE (RUE)";"48,8532200";"2,4236800"
"201900043748";"9";"5";"2019";"17:45";"1";"93";"93048";"2";"1";"1";"6";"PRESIDENT SALVADOR ALLENDE (AVENUE DU)";"48,8742800";"2,4611400"
"201900043749";"7";"5";"2019";"14:50";"1";"93";"93048";"2";"1";"1";"6";"JAURES (AV. JEAN) 1 A 123";"48,8626480";"2,4422150"
"201900043750";"5";"5";"2019";"19:45";"1";"93";"93048";"2";"2";"8";"3";"PRESIDENT WILSON (AVENUE DU)";"48,8604900";"2,4409200"
"201900043751";"3";"5";"2019";"10:35";"1";"93";"93048";"2";"1";"1";"6";"RESISTANCE (AVENUE DE LA)";"48,8626040";"2,4367880"
"201900043752";"2";"5";"2019";"19:40";"1";"93";"93048";"2";"1";"1";"6";"PARIS (RUE DE)";"48,8577800";"2,4343600"
"201900043753";"1";"5";"2019";"06:50";"2";"93";"93048";"2";"3";"1";"1";"ETIENNE MARCEL (RUE)";"48,8576100";"2,4274200"
"201900043754";"28";"5";"2019";"18:55";"1";"93";"93074";"2";"1";"1";"4";"MEAUX RUE DE";"48,9362200";"2,5790600"
"201900043755";"27";"5";"2019";"13:15";"1";"93";"93046";"2";"2";"1";"3";"CONSUL GENERAL NORDLING AVENUE";"48,9165300";"2,5315700"
"201900043756";"21";"5";"2019";"17:20";"1";"93";"93046";"2";"9";"1";"6";"LEON JOUHAUX RUE";"48,9194800";"2,5327060"
"201900043757";"19";"5";"2019";"15:05";"1";"93";"93046";"2";"2";"3";"3";"CONSUL GENERAL NORDLING AVENUE";"48,9165700";"2,5316300"
"201900043758";"17";"5";"2019";"14:55";"1";"93";"93046";"2";"2";"1";"3";"ARISTIDE BRIAND AVENUE";"48,9106800";"2,5123970"
"201900043759";"17";"5";"2019";"13:00";"1";"93";"93046";"2";"2";"1";"3";"VAUBAN AVENUE";"48,9166200";"2,5221100"
"201900043760";"10";"5";"2019";"07:05";"1";"93";"93015";"2";"1";"1";"3";"COURTRY RUE DE";"48,9109800";"2,5844400"
"201900043761";"7";"5";"2019";"07:50";"2";"93";"93046";"2";"1";"1";"6";"ALEMBERT AVENUE";"48,9072200";"2,5179700"
"201900043762";"30";"4";"2019";"07:45";"1";"93";"93046";"2";"3";"1";"2";"ARISTIDE BRIAND AVENUE";"48,9123100";"2,5217400"
"201900043763";"20";"5";"2019";"20:50";"1";"93";"93006";"2";"9";"1";"6";"MOULIN RUE DU";"48,8721710";"2,4239470"
"201900043764";"20";"5";"2019";"18:00";"1";"93";"93006";"2";"1";"1";"6";"GAMBETTA AV.";"48,8712010";"2,4178330"
"201900043765";"20";"5";"2019";"15:40";"1";"93";"93063";"2";"1";"1";"1";"KOCK RUE PAUL DE";"48,8889370";"2,4385750"
"201900043766";"20";"5";"2019";"10:10";"1";"93";"93063";"2";"6";"2";"2";"BARBUSSE HENRI BOULEVARD";"48,8768300";"2,4417400"
"201900043767";"15";"5";"2019";"08:50";"1";"93";"93061";"2";"1";"7";"3";"ESTIENNE D'ORVES RUE D'";"48,8856710";"2,4014140"
"201900043768";"13";"5";"2019";"06:45";"1";"93";"93063";"2";"1";"1";"3";"BRANLY BD EDOUARD";"48,8745600";"2,4404500"
"201900043769";"12";"5";"2019";"20:30";"1";"93";"93006";"2";"1";"1";"2";"REPUBLIQUE AVENUE DE LA";"48,8633300";"2,4146100"
"201900043770";"10";"5";"2019";"17:30";"1";"93";"93006";"2";"1";"2";"3";"GAL DE GAULLE AV. DU";"48,8639370";"2,4167860"
"201900043771";"10";"5";"2019";"16:25";"1";"93";"93063";"2";"1";"2";"1";"BENFLEET RUE DE";"48,8789500";"2,4390500"
"201900043772";"8";"5";"2019";"17:30";"1";"93";"93006";"2";"1";"1";"6";"REPUBLIQUE AVENUE DE LA";"48,8618390";"2,4170550"
"201900043773";"7";"5";"2019";"12:00";"1";"93";"93006";"2";"1";"1";"3";"REPUBLIQUE AVENUE DE LA";"48,8610000";"2,4170000"
"201900043774";"30";"4";"2019";"16:15";"1";"93";"93061";"2";"2";"1";"3";"JOINEAU ANDRE RUE";"48,8854560";"2,4038130"
"201900043775";"27";"5";"2019";"14:00";"1";"93";"93032";"2";"1";"1";"6";"GENERAL LECLERC   (RUE DU)";"48,8849200";"2,5350100"
"201900043776";"25";"5";"2019";"07:30";"1";"93";"93032";"2";"1";"1";"2";"MONTGUICHET  (CHEMIN DE)";"48,8806700";"2,5473800"
"201900043777";"22";"5";"2019";"18:00";"1";"93";"93032";"2";"1";"1";"3";"CONTANT   (RUE)";"48,8919200";"2,5313100"
"201900043778";"15";"5";"2019";"16:10";"1";"93";"93032";"2";"3";"1";"3";"JEAN JAURES (AVENUE)";"48,8836500";"2,5303100"
"201900043779";"14";"5";"2019";"09:45";"1";"93";"93032";"2";"9";"1";"3";"JEAN JAURES (AVENUE)";"48,8845000";"2,5321500"
"201900043780";"25";"5";"2019";"02:20";"5";"93";"93031";"2";"1";"1";"1";"DE LATTRE DE TASSIGNY (1 A 51)";"48,9600000";"2,3000000"
"201900043781";"19";"5";"2019";"01:30";"5";"93";"93031";"2";"1";"1";"3";"ENGHIEN (AV D')";"48,9600000";"2,3000000"
"201900043782";"16";"5";"2019";"08:50";"1";"93";"93070";"2";"1";"1";"2";"MICHELET (AVE) : DU 1 AU 103";"48,9063300";"2,3441800"
"201900043783";"14";"5";"2019";"11:20";"1";"93";"93066";"2";"1";"1";"3";"BLES";"48,9129450";"2,3594530"
"201900043784";"11";"5";"2019";"11:30";"2";"93";"93031";"2";"3";"2";"1";"JEAN JAURES (AVENUE)";"48,9570350";"2,3208010"
"201900043785";"9";"5";"2019";"20:10";"1";"93";"93031";"2";"1";"1";"6";"ROMAIN ROLLAND (RUE)";"48,9544100";"2,3283600"
"201900043786";"2";"5";"2019";"14:00";"1";"93";"93031";"2";"1";"2";"3";"JOFFRE (AVENUE)";"48,9617000";"2,3020000"
"201900043787";"13";"5";"2019";"12:40";"1";"93";"93029";"2";"9";"1";"6";"JEAN JAURES (AVENUE)";"48,9200400";"2,4511400"
"201900043788";"12";"5";"2019";"17:30";"1";"93";"93008";"2";"3";"1";"3";"GROSLAY (CHEMIN DE) D20";"48,9159200";"2,4754700"
"201900043789";"11";"5";"2019";"11:41";"1";"93";"93029";"2";"1";"2";"6";"SAINT-STENAY";"48,9197700";"2,4202300"
"201900043790";"6";"5";"2019";"15:35";"1";"93";"93029";"2";"1";"1";"1";"BOIS DE GROSLAY (DES)";"48,9178900";"2,4667700"
"201900043791";"5";"5";"2019";"20:00";"1";"93";"93029";"2";"9";"8";"3";"STALINGRAD (DE)";"48,9150300";"2,4295100"
"201900043792";"26";"5";"2019";"07:55";"1";"93";"93027";"2";"1";"1";"6";"CONVENTION (RUE DE LA)";"48,9278570";"2,3911190"
"201900043793";"24";"5";"2019";"17:15";"1";"93";"93027";"2";"3";"1";"3";"RASPAIL (RUE)";"48,9233500";"2,3952000"
"201900043794";"22";"5";"2019";"16:33";"1";"93";"93013";"2";"7";"1";"5";"LECLERC (AVENU DE LA DIVISION)";"48,9374700";"2,4282000"
"201900043795";"22";"5";"2019";"14:30";"1";"93";"93030";"2";"2";"1";"3";"DE GAULLE (AVENUE DU GENERAL)";"48,9496200";"2,4150200"
"201900043796";"21";"5";"2019";"11:10";"1";"93";"93027";"2";"1";"1";"6";"VAILLANT-COUTURIER (AVENUE PAUL)";"48,9181600";"2,4079300"
"201900043797";"20";"5";"2019";"12:40";"1";"93";"93030";"2";"1";"1";"3";"LECLERC DE HAUTECLOQUE (AVENUE DU MARECH";"48,9440200";"2,4177940"
"201900043798";"20";"5";"2019";"10:30";"1";"93";"93013";"2";"2";"2";"3";"JAURES (AVENUE JEAN) DE 1 A 27";"48,9336600";"2,4224500"
"201900043799";"17";"5";"2019";"09:44";"1";"93";"93030";"2";"7";"1";"6";"PERI (PLACE GABRIEL)";"48,9547600";"2,4167100"
"201900043800";"14";"5";"2019";"17:40";"1";"93";"93013";"2";"1";"1";"3";"GUYNEMER (RUE)";"48,9377500";"2,4296300"
"201900043801";"11";"5";"2019";"09:17";"1";"93";"93027";"2";"1";"2";"6";"SAINT-DENIS (RUE DE)";"48,9315362";"2,3796136"
"201900043802";"9";"5";"2019";"16:15";"1";"93";"93013";"2";"1";"1";"4";"LINDBERGH (CARREFOUR)";"48,9411000";"2,4247000"
"201900043803";"5";"5";"2019";"21:30";"2";"93";"93027";"2";"6";"1";"3";"HUIT-MAI-1945 (PLACE DU)";"48,9206600";"2,4108400"
"201900043804";"3";"5";"2019";"06:08";"2";"93";"93027";"2";"2";"1";"3";"CONVENTION (RUE DE LA)";"48,9270000";"2,3932000"
"201900043805";"2";"5";"2019";"17:00";"1";"93";"93013";"2";"1";"2";"3";"CAVILLON (RUE ANIZAN)";"48,9330000";"2,4145000"
"201900043806";"28";"5";"2019";"21:45";"5";"93";"93014";"2";"1";"1";"6";"GAGARINE (BOULEVARD)";"48,9059000";"2,5392300"
"201900043807";"18";"5";"2019";"14:44";"1";"93";"93014";"2";"2";"1";"3";"MONTFERMEIL (ALLEE DE)";"48,8986650";"2,5372080"
"201900043808";"7";"5";"2019";"05:45";"2";"93";"93014";"2";"3";"1";"1";"COUBRON (ALLEE DE)";"48,9133500";"2,5542500"
"201900043809";"2";"5";"2019";"05:53";"2";"93";"93047";"2";"1";"1";"3";"JEAN JAURES (AVENUE)";"48,8989000";"2,5461400"
"201900043810";"1";"5";"2019";"08:07";"1";"93";"93047";"2";"3";"1";"1";"VICTOR HUGO  (AVENUE)";"48,8995200";"2,5632800"
"201900043811";"27";"5";"2019";"12:35";"1";"93";"93057";"2";"9";"1";"7";"MONTYON (AL.) 1 A 74";"48,9130370";"2,5063150"
"201900043812";"25";"5";"2019";"08:00";"1";"93";"93010";"2";"9";"1";"3";"STAINS (RTE DE)";"48,9047640";"2,4703496"
"201900043813";"22";"5";"2019";"18:13";"1";"93";"93010";"2";"2";"1";"3";"BLANQUI (R. LOUIS-AUGUSTE) DE 127 A FIN";"48,8977400";"2,4926600"
"201900043814";"16";"5";"2019";"08:10";"1";"93";"93057";"2";"2";"1";"3";"BRIAND ( AV.  ARISTIDE) 93 A 175";"48,9092900";"2,5033100"
"201900043815";"14";"5";"2019";"21:05";"1";"93";"93010";"1";"1";"1";"2";"AULNAY (ROUTE) DE 1 A 45 COTE IMPAIRE";"48,9077860";"2,4798250"
"201900043816";"13";"5";"2019";"08:25";"1";"93";"93057";"2";"1";"1";"6";"ALBRECHT (AL. BERTHIE)";"48,8998300";"2,4991500"
"201900043817";"10";"5";"2019";"16:31";"1";"93";"93010";"2";"2";"2";"3";"CARNOT (AV.) DE 130 A FIN";"48,8962400";"2,4797800"
"201900043818";"10";"5";"2019";"16:00";"1";"93";"93010";"2";"9";"2";"6";"VILLEMOMBLE (RTE DE) DE 2 A 20";"48,8938460";"2,4780100"
"201900043819";"9";"5";"2019";"10:05";"1";"93";"93010";"2";"2";"1";"6";"CARNOT (AV.) DE 1 A 57";"48,8998900";"2,4814550"
"201900043820";"7";"5";"2019";"14:55";"1";"93";"93057";"2";"2";"1";"3";"BRIAND ( AV. ARISTIDE) 31 A 91";"48,9093000";"2,5032000"
"201900043821";"5";"5";"2019";"23:15";"5";"93";"93010";"2";"1";"1";"6";"BARBUSSE (AV. HENRI) DE 2 A 124 COTE PAI";"48,9008600";"2,4904800"
"201900043822";"3";"5";"2019";"13:40";"1";"93";"93010";"2";"1";"2";"6";"MOULIN (AV. JEAN) COTE IMPAIRS";"48,9105700";"2,5130000"
"201900043823";"2";"5";"2019";"23:42";"5";"93";"93010";"2";"1";"1";"3";"GUESDES (RUE JULES)";"48,9036330";"2,4775070"
"201900043824";"2";"5";"2019";"12:40";"1";"93";"93010";"2";"2";"1";"3";"REPUBLIQUE (AV. DE LA) 57 A 119";"48,8964800";"2,4781100"
"201900043825";"1";"5";"2019";"16:25";"1";"93";"93057";"2";"1";"1";"6";"HUGO (AV. VICTOR)";"48,9097380";"2,5142680"
"201900043826";"30";"4";"2019";"20:06";"2";"93";"93010";"2";"3";"1";"3";"BOREL (RUE)";"48,9067880";"2,4861250"
"201900043827";"29";"4";"2019";"22:45";"5";"93";"93057";"2";"1";"1";"2";"JAURES (AV. JEAN) 125 A FIN";"48,9029000";"2,5085000"
"201900043828";"28";"4";"2019";"22:50";"5";"93";"93010";"2";"1";"1";"7";"DOUVILLEZ (RUE ROBERT)";"48,9054880";"2,4934110"
"201900043829";"29";"5";"2019";"16:00";"1";"93";"93008";"2";"1";"1";"6";"LENINE (BOULEVARD)";"48,9067100";"2,4442300"
"201900043830";"28";"5";"2019";"08:10";"1";"93";"93008";"2";"2";"8";"6";"CAMIER (RUE RENE)";"48,9097720";"2,4512130"
"201900043831";"27";"5";"2019";"16:20";"1";"93";"93008";"2";"1";"1";"4";"BARBUSSE (AVENUE HENRI) A30";"48,9079500";"2,4265100"
"201900043832";"24";"5";"2019";"16:30";"1";"93";"93008";"2";"1";"1";"3";"ESTIENNE D'ORVES (RUE D')";"48,9000000";"2,4500000"
"201900043833";"13";"5";"2019";"18:55";"1";"93";"93008";"2";"1";"1";"1";"REPUBLIQUE (RUE DE LA)";"48,9067340";"2,4312380"
"201900043834";"13";"5";"2019";"18:00";"1";"93";"93008";"2";"1";"1";"3";"BARBUSSE (AVENUE HENRI) A30";"48,9087800";"2,4280700"
"201900043835";"13";"5";"2019";"15:30";"1";"93";"93008";"2";"1";"1";"3";"ALLENDE (AVE DU P. SALVADOR)";"48,9042240";"2,4435410"
"201900043836";"9";"5";"2019";"19:55";"1";"93";"93008";"2";"1";"1";"6";"LATERAL (CHEMIN)";"48,9040000";"2,4538700"
"201900043837";"3";"5";"2019";"15:50";"1";"93";"93008";"2";"1";"2";"2";"PARIS (RUE DE)";"48,8960000";"2,4310000"
"201900043838";"3";"5";"2019";"12:00";"1";"93";"93008";"2";"6";"1";"3";"VAILLANT COUTURIER (AVENUE PAUL)";"48,9097000";"2,4472000"
"201900043839";"29";"4";"2019";"18:05";"1";"93";"93008";"2";"1";"1";"6";"VIENNE (RUE DE)";"48,9114300";"2,4663400"
"201900043840";"29";"4";"2019";"17:20";"2";"93";"93008";"2";"6";"1";"3";"SEMARD (AVENUE PIERRE)";"48,9090000";"2,4450000"
"201900043841";"29";"4";"2019";"14:10";"1";"93";"93008";"2";"1";"8";"2";"SEMARD (AVENUE PIERRE)";"48,9080000";"2,4450000"
"201900043842";"22";"5";"2019";"14:00";"1";"93";"93007";"2";"1";"1";"6";"""DESCARTES (AVENUE """"DU 43AU 180"""")Z2""";"48,9503800";"2,4515900"
"201900043843";"21";"5";"2019";"09:40";"1";"93";"93007";"2";"3";"1";"3";"""PAUL VAILLANT COUTURIER (AVENUE """"DU 01";"48,9294400";"2,4800000"
"201900043844";"13";"5";"2019";"14:05";"1";"93";"93007";"2";"1";"1";"6";"COSMONAUTES (AVENUE DES)         Z2";"48,9484000";"2,4570700"
"201900043845";"12";"5";"2019";"17:30";"1";"93";"93007";"2";"2";"1";"6";"BEL ABBES (AVENUE DE)";"48,9280900";"2,4796700"
"201900043846";"28";"5";"2019";"13:50";"1";"93";"93005";"2";"7";"2";"6";"GENERAL GALLIENI (BOULEVARD DU)";"48,9314000";"2,4956070"
"201900043847";"27";"5";"2019";"16:30";"1";"93";"93005";"2";"9";"1";"6";"VERSEAU (ALLEE DU)";"48,9564890";"2,5037080"
"201900043848";"26";"5";"2019";"22:43";"5";"93";"93005";"2";"1";"1";"6";"JACQUES DUCLOS [CD44] (RUE)";"48,9505510";"2,4870840"
"201900043849";"25";"5";"2019";"15:25";"1";"93";"93005";"2";"9";"1";"6";"JACQUES DUCLOS [CD44] (RUE)";"48,9473980";"2,4918420"
"201900043850";"23";"5";"2019";"22:00";"3";"93";"93005";"2";"1";"1";"4";"SUZANNE LENGLEN (AVENUE)";"48,9519150";"2,5130160"
"201900043851";"22";"5";"2019";"19:50";"1";"93";"93005";"2";"2";"1";"3";"HONORE SOHIER (RUE)";"48,9418570";"2,4880700"
"201900043852";"21";"5";"2019";"08:40";"1";"93";"93005";"2";"1";"1";"6";"ISAAC NEWTON (RUE)";"48,9300470";"2,5113510"
"201900043853";"19";"5";"2019";"13:45";"1";"93";"93005";"2";"1";"3";"6";"DIVISION LECLERC (RUE DE LA)";"48,9241200";"2,4903200"
"201900043854";"15";"5";"2019";"16:15";"1";"93";"93005";"2";"1";"1";"6";"MARECHAL JUIN (AVENUE DU)";"48,9381400";"2,5062300"
"201900043855";"14";"5";"2019";"12:30";"1";"93";"93005";"2";"1";"1";"6";"JACQUES DUCLOS [CD44] (RUE)";"48,9555010";"2,4922450"
"201900043856";"13";"5";"2019";"16:10";"1";"93";"93005";"2";"1";"1";"7";"VIENNE (ALLEE DE)";"48,9495800";"2,4903800"
"201900043857";"13";"5";"2019";"18:00";"1";"93";"93005";"2";"1";"1";"6";"ORDENER (RUE)";"48,9434000";"2,4926000"
"201900043858";"13";"5";"2019";"09:35";"1";"93";"93005";"2";"2";"1";"6";"FERME (CARREFOUR DE LA)";"48,9493700";"2,4974300"
"201900043859";"10";"5";"2019";"16:50";"1";"93";"93005";"2";"2";"2";"3";"ROME (RUE DE)";"48,9199000";"2,4894500"