"Num_Acc";"jour";"mois";"an";"hrmn";"lum";"dep";"com";"agg";"int";"atm";"col";"adr";"lat";"long"
"201900043860";"9";"5";"2019";"01:35";"5";"93";"93005";"2";"6";"2";"6";"ROBERT SCHUMAN (CARREFOUR)";"48,9489520";"2,5166680"
"201900043861";"5";"5";"2019";"02:45";"5";"93";"93005";"2";"2";"1";"3";"SEVRAN (CD44) (RUE DE)";"48,9402340";"2,5022240"
"201900043862";"4";"5";"2019";"18:00";"1";"93";"93005";"2";"1";"1";"6";"EDGAR DEGAS (RUE)";"48,9550400";"2,4977300"
"201900043863";"28";"5";"2019";"08:30";"1";"93";"93001";"2";"9";"2";"3";"DANIELLE CASANOVA (RUE)  => 54/57";"48,9185025";"2,3926605"
"201900043864";"27";"5";"2019";"07:10";"1";"93";"93001";"2";"1";"2";"6";"PONT-BLANC (PETIT CHEMIN DU)";"48,9209400";"2,3925100"
"201900043865";"26";"5";"2019";"14:30";"1";"93";"93001";"1";"1";"1";"2";"ALPHONSE DAUDET (RUE)";"48,9180850";"2,3682110"
"201900043866";"24";"5";"2019";"09:00";"1";"93";"93001";"2";"1";"1";"1";"PRESIDENT ROOSEVELT (AVENUE DU)";"48,9170000";"2,3790000"
"201900043867";"17";"5";"2019";"21:05";"5";"93";"93001";"2";"1";"1";"6";"LEOPOLD RECHOSSIERE (RUE)  (RESTE)";"48,9115400";"2,3999800"
"201900043868";"17";"5";"2019";"17:50";"1";"93";"93001";"2";"1";"1";"1";"DANIELLE CASANOVA (RUE)  59 =>";"48,9156300";"2,3997300"
"201900043869";"14";"5";"2019";"23:00";"5";"93";"93001";"2";"1";"1";"6";"JEAN JAURES (AVE) 55 A 129";"48,9160000";"2,4050000"
"201900043870";"11";"5";"2019";"16:00";"1";"93";"93001";"2";"1";"1";"6";"FILLETTES (RUE DES)";"48,9146700";"2,3666400"
"201900043871";"11";"5";"2019";"12:50";"1";"93";"93001";"2";"3";"3";"3";"EDOUARD VAILLANT (BLD)";"48,9182970";"2,3990950"
"201900043872";"10";"5";"2019";"21:30";"3";"93";"93001";"2";"2";"3";"3";"VICTOR HUGO (AVE)  => 120";"48,9070000";"2,3760000"
"201900043873";"9";"5";"2019";"15:00";"1";"93";"93001";"2";"2";"1";"3";"SADI CARNOT (RUE)  (RESTE)";"48,9074100";"2,3847000"
"201900043874";"8";"5";"2019";"20:15";"2";"93";"93001";"2";"7";"2";"1";"VICTOR HUGO (AVE)  N° 167 =>";"48,9145300";"2,3808400"
"201900043875";"7";"5";"2019";"15:50";"1";"93";"93001";"2";"1";"1";"3";"HAIE COQ (RUE DE LA ) => 91/92";"48,9071540";"2,3729250"
"201900043876";"7";"5";"2019";"06:35";"2";"93";"93001";"2";"9";"1";"2";"ADRIEN AGNES (QUAI)";"48,9178000";"2,3697400"
"201900043877";"30";"4";"2019";"17:00";"1";"93";"93055";"2";"1";"1";"2";"JEAN JAURES (AVENUE) (2/74)";"48,9020000";"2,3910000"
"201900043878";"29";"4";"2019";"13:40";"1";"92";"92024";"2";"1";"1";"6";"TROIS PAVILLONS (RUE DES)";"48,9109361";"2,3135501"
"201900043879";"27";"5";"2019";"08:05";"1";"92";"92075";"2";"1";"8";"2";"LARMEROUX (RUE)";"48,8165258";"2,2802717"
"201900043880";"24";"5";"2019";"10:50";"1";"92";"92046";"2";"2";"1";"6";"PAUL BERT (RUE)";"48,8192414";"2,2978404"
"201900043881";"20";"5";"2019";"18:30";"1";"92";"92075";"2";"4";"1";"3";"Antoine Fratacci";"48,8205370";"2,2905151"
"201900043882";"19";"5";"2019";"17:50";"1";"92";"92046";"2";"1";"2";"6";"DOUZE FEVRIER 1934 (AVENUE DU)";"48,8194000";"2,3063100"
"201900043883";"17";"5";"2019";"15:30";"1";"92";"92046";"2";"1";"1";"6";"HOCHE";"48,8144990";"2,2918310"
"201900043884";"15";"5";"2019";"12:00";"1";"92";"92046";"2";"2";"1";"2";"FABIEN (BOULEVARD DU COLONEL)";"48,8128150";"2,2796520"
"201900043885";"14";"5";"2019";"10:00";"1";"92";"92046";"2";"1";"1";"3";"DE STALINGRAD";"48,8132213";"2,2906085"
"201900043886";"14";"5";"2019";"09:25";"1";"92";"92075";"2";"6";"1";"3";"HENRI BARBUSSE (ROND POINT)";"48,8143000";"2,2874000"
"201900043887";"10";"5";"2019";"13:40";"1";"92";"92046";"2";"1";"1";"3";"DANTON (RUE)";"48,8213600";"2,2982600"
"201900043888";"9";"5";"2019";"10:45";"5";"92";"75075";"2";"1";"1";"6";"JACQUES JEZEQUEL (AVENUE)";"48,8197200";"2,2905600"
"201900043889";"3";"5";"2019";"10:45";"1";"92";"92075";"2";"2";"1";"3";"PIERRE BROSSOLETTE (AVENUE)";"48,8176910";"2,3078679"
"201900043890";"3";"5";"2019";"08:50";"1";"92";"92046";"2";"3";"1";"6";"Charles de gaulle";"48,8226270";"2,2990420"
"201900043891";"21";"5";"2019";"10:40";"1";"92";"92073";"2";"1";"1";"3";"FOUILLEUSE (AVENUE DE)";"48,8604900";"2,2068200"
"201900043892";"15";"5";"2019";"21:05";"1";"92";"92051";"2";"1";"1";"3";"BINEAU (BOULEVARD, N°133 A 217 ET 134 A";"48,8888182";"2,2740305"
"201900043893";"9";"5";"2019";"18:18";"1";"92";"92073";"2";"3";"1";"1";"DE LATTRE DE TASSIGNY (BOULEVARD DU MARE";"48,8661019";"2,2155742"
"201900043894";"2";"5";"2019";"11:45";"1";"92";"92073";"2";"2";"1";"3";"ROOSVELT (AVENUE FRANKLIN)";"48,8711900";"2,2246200"
"201900043895";"3";"6";"2019";"08:30";"1";"973";"97302";"2";"1";"3";"6";"FELIX EBOUE(ROCADE)";"4,9322700";" -52,3112000"
"201900043896";"31";"5";"2019";"12:15";"1";"973";"97302";"2";"1";"2";"3";"CATAYEE (JUSTIN)";"4,9394131";" -52,3306060"
"201900043897";"18";"6";"2019";"17:20";"1";"69";"69388";"2";"1";"1";"6";"CHAMPAGNEUX (DE)                    (R )";"45,7306400";"4,8850800"
"201900043898";"18";"6";"2019";"17:50";"1";"69";"69388";"2";"3";"1";"3";"GENERAL FRERE (DU)                  (AV)";"45,7326900";"4,8748700"
"201900043899";"18";"6";"2019";"14:10";"1";"69";"69387";"2";"1";"1";"6";"BERTHELOT                           (AV)";"45,7427190";"4,8496104"
"201900043900";"13";"5";"2019";"18:00";"1";"69";"69387";"2";"1";"1";"2";"UNIVERSITE (DE L')                  (R )";"45,7514400";"4,8380300"
"201900043901";"18";"6";"2019";"07:50";"1";"69";"69388";"2";"1";"7";"3";"FRERES LUMIERE (DES)                (AV)";"45,7470800";"4,8595300"
"201900043902";"17";"6";"2019";"15:45";"1";"69";"69259";"2";"2";"1";"3";"CARNOT                              (R )";"45,7037600";"4,8800900"
"201900043903";"17";"6";"2019";"17:30";"1";"69";"69387";"2";"1";"1";"7";"SEBASTIEN GRYPHE                    (R )";"45,7498600";"4,8412400"
"201900043904";"17";"6";"2019";"01:02";"5";"69";"69383";"2";"2";"1";"7";"LAFAYETTE                           (CO)";"45,7636000";"4,8535000"
"201900043905";"16";"6";"2019";"19:15";"1";"69";"69383";"2";"3";"1";"2";"BONNEL (DE)                         (R )";"45,7614705";"4,8433882"
"201900043906";"16";"6";"2019";"19:05";"1";"69";"69259";"2";"1";"1";"3";"AMBROISE CROIZAT                    (BD)";"45,6991500";"4,8875000"
"201900043907";"14";"6";"2019";"23:55";"5";"69";"69387";"2";"1";"8";"7";"YVES FARGES                         (BD)";"45,7445000";"4,8352500"
"201900043908";"14";"6";"2019";"20:20";"1";"69";"69383";"2";"2";"1";"3";"PENSIONNAT (DU)                     (R )";"45,7548000";"4,8543300"
"201900043909";"14";"6";"2019";"11:30";"1";"69";"69386";"2";"2";"2";"6";"BOILEAU                             (R )";"45,7684600";"4,8491300"
"201900043910";"14";"6";"2019";"12:15";"1";"69";"69259";"2";"1";"2";"6";"FRANCIS DE PRESSENSE                (AV)";"45,7130743";"4,8738742"
"201900043911";"14";"6";"2019";"06:50";"1";"69";"69259";"2";"1";"8";"5";"IRENE JOLIOT CURIE                  (BD)";"45,7239700";"4,8719400"
"201900043912";"12";"6";"2019";"08:00";"1";"69";"69199";"2";"1";"1";"1";"CARNOT                              (R )";"45,7081500";"4,8572200"
"201900043913";"11";"6";"2019";"23:40";"5";"69";"69386";"2";"7";"2";"3";"RENE DEROUDILLE                        (";"45,7659500";"4,8558300"
"201900043914";"11";"6";"2019";"18:25";"1";"69";"69387";"2";"2";"8";"3";"TONY GARNIER                        (AV)";"45,7266300";"4,8269300"
"201900043915";"11";"6";"2019";"17:15";"1";"69";"69259";"2";"1";"8";"6";"FRANCIS DE PRESSENSE                (AV)";"45,7257500";"4,8633000"
"201900043916";"11";"6";"2019";"13:00";"1";"69";"69259";"1";"2";"2";"5";"CHARLES DE GAULLE                   (AV)";"45,7174741";"4,8913461"
"201900043917";"11";"6";"2019";"14:50";"1";"69";"69388";"2";"2";"2";"2";"ETATS UNIS (DES)                    (BD)";"45,7348300";"4,8632000"
"201900043918";"10";"6";"2019";"22:40";"5";"69";"69387";"2";"1";"2";"6";"JABOULAY                            (R )";"45,7461100";"4,8440400"
"201900043919";"10";"6";"2019";"18:30";"2";"69";"69259";"2";"2";"2";"3";"AMBROISE CROIZAT                    (BD)";"45,7005600";"4,8877600"
"201900043920";"10";"6";"2019";"13:10";"1";"69";"69387";"2";"2";"2";"3";"JEAN JAURES                         (AV)";"45,7313200";"4,8335800"
"201900043921";"9";"6";"2019";"18:50";"1";"69";"69383";"2";"3";"2";"6";"MARECHAL DE SAXE                    (AV)";"45,7562900";"4,8464600"
"201900043922";"9";"6";"2019";"18:00";"1";"69";"69383";"2";"1";"2";"3";"FELIX FAURE                         (AV)";"45,7526600";"4,8508100"
"201900043923";"9";"6";"2019";"01:50";"5";"69";"69199";"2";"3";"1";"3";"CARNOT                              (R )";"45,7080100";"4,8597900"
"201900043924";"7";"6";"2019";"19:00";"2";"69";"69276";"2";"1";"8";"3";"LYON (DE)                               ";"45,6799999";"4,8611981"
"201900043925";"7";"6";"2019";"17:50";"1";"69";"69383";"2";"1";"1";"6";"MARIUS VIVIER MERLE                 (BD)";"45,7614300";"4,8577100"
"201900043926";"7";"6";"2019";"11:45";"1";"69";"69387";"2";"3";"1";"3";"CAVENNE                             (R )";"45,7534800";"4,8392300"
"201900043927";"7";"6";"2019";"08:05";"1";"69";"69383";"2";"2";"1";"3";"VERLET HANUS                        (R )";"45,7579600";"4,8500300"
"201900043928";"7";"6";"2019";"00:30";"5";"69";"69387";"2";"9";"1";"6";"TONY GARNIER                        (AV)";"45,7264400";"4,8305300"
"201900043929";"5";"6";"2019";"16:15";"1";"69";"69276";"2";"1";"1";"1";"HUIT MAI 1945 (DU)                      ";"45,6640600";"4,8496000"
"201900043930";"19";"5";"2019";"04:45";"5";"69";"69259";"2";"1";"1";"6";"HONORE DE BALZAC                    (R )";"45,7184100";"4,8621400"
"201900043931";"4";"6";"2019";"19:30";"1";"69";"69388";"2";"1";"6";"3";"VIENNE (DE)                         (RO)";"45,7333400";"4,8534600"
"201900043932";"5";"6";"2019";"09:00";"1";"69";"69387";"2";"2";"1";"3";"BERTHELOT                           (AV)";"45,7477900";"4,8336000"
"201900043933";"5";"6";"2019";"02:00";"5";"69";"69383";"2";"2";"1";"3";"SERVIENT                            (R )";"45,7604700";"4,8506600"
"201900043934";"1";"6";"2019";"12:20";"1";"69";"69259";"2";"1";"1";"3";"AMBROISE CROIZAT                    (BD)";"45,7026500";"4,8877200"
"201900043935";"30";"5";"2019";"15:45";"1";"69";"69383";"2";"1";"1";"3";"FELIX FAURE                         (AV)";"45,7531600";"4,8549000"
"201900043936";"30";"5";"2019";"16:45";"1";"69";"69383";"2";"1";"1";"6";"LAFAYETTE                           (CO)";"45,7636200";"4,8668400"
"201900043937";"29";"5";"2019";"23:00";"5";"69";"69386";"2";"2";"1";"6";"THIERS                              (AV)";"45,7636560";"4,8616970"
"201900043938";"30";"5";"2019";"03:00";"5";"69";"69383";"2";"2";"1";"3";"EUGENIE                             (CO)";"45,7488600";"4,8871800"
"201900043939";"16";"6";"2019";"20:10";"3";"972";"97213";"2";"1";"1";"1";"ROUTE DEPARTEMENTALE 3";"14,6052700";" -60,9980500"
"201900043940";"7";"6";"2019";"15:15";"1";"972";"97213";"2";"1";"1";"1";"FLORAINDRE ( RUE DE)";"14,6186580";" -61,0006370"
"201900043941";"15";"6";"2019";"18:40";"5";"972";"97213";"2";"1";"1";"2";"ROUTE NATIONALE 1";"14,6571970";" -60,9724100"
"201900043942";"15";"6";"2019";"04:39";"4";"972";"97213";"1";"1";"2";"6";"ROUTE NATIONALE 5";"14,5941500";" -60,9838300"
"201900043943";"13";"6";"2019";"10:35";"1";"972";"97213";"2";"1";"1";"2";"ERNEST ANDRE (RUE)";"14,6160630";" -61,0016160"
"201900043944";"8";"6";"2019";"04:10";"5";"972";"97213";"1";"1";"3";"6";"AUTOROUTE A1";"14,6180690";" -61,0334760"
"201900043945";"3";"6";"2019";"07:10";"1";"972";"97213";"1";"9";"1";"3";"ROUTE DEPARTEMENTALE 3 BIS";"14,6482800";" -60,9879200"
"201900043946";"3";"6";"2019";"21:50";"3";"972";"97213";"1";"1";"1";"4";"AUTOROUTE A1";"14,6181900";" -61,0336500"
"201900043947";"1";"6";"2019";"23:35";"4";"972";"97213";"1";"3";"2";"3";"ROUTE DEPARTEMENTALE 14";"14,6445200";" -61,0232300"
"201900043948";"1";"6";"2019";"02:55";"5";"972";"97213";"1";"1";"2";"7";"ROUTE DEPARTEMENTALE 14 BIS";"14,6202700";" -61,0176900"
"201900043949";"31";"5";"2019";"07:39";"1";"972";"97213";"1";"1";"2";"1";"MORNE PITAULT (ROUTE DE)";"14,6077200";" -60,9485500"
"201900043950";"11";"6";"2019";"07:15";"1";"972";"97209";"2";"6";"1";"6";"BISHOP (Avenue Maurice)";"14,6140500";" -61,0518100"
"201900043951";"9";"6";"2019";"20:55";"5";"972";"97209";"2";"3";"1";"3";"Bretelle sortie A1";"14,6140000";" -61,0513000"
"201900043952";"6";"6";"2019";"09:50";"1";"972";"97209";"2";"6";"1";"6";"BISHOP (Avenue Maurice)";"14,6070000";" -61,0570000"
"201900043953";"4";"6";"2019";"16:35";"1";"972";"97209";"2";"1";"1";"7";"MOUTTE (ROUTE DE)";"14,6182100";" -61,0567200"
"201900043954";"3";"6";"2019";"16:35";"1";"972";"97209";"1";"9";"1";"1";"RAVINE VILAINE (CHEMIN DEPARTEMENTAL DE)";"14,6419000";" -61,0592000"
"201900043955";"1";"6";"2019";"08:20";"1";"972";"97209";"2";"1";"2";"6";"GENERAL DE GAULLE (BLD DU)";"14,6072100";" -61,0667500"
"201900043956";"1";"6";"2019";"03:25";"3";"972";"97209";"2";"1";"8";"6";"RD 41 (ROCADE)";"14,6110300";" -61,0651100"
"201900043957";"31";"5";"2019";"12:40";"1";"972";"97209";"1";"1";"8";"2";"AUTOROUTE (A1)";"14,6183000";" -61,0377000"
"201900043958";"31";"5";"2019";"08:10";"1";"972";"97209";"2";"1";"2";"7";"REDOUTE (ROUTE DE LA)";"14,6340300";" -61,0536900"
"201900043959";"17";"6";"2019";"10:20";"1";"69";"69389";"2";"1";"1";"1";"GRANGE (DE LA)                      (R )";"45,7688478";"4,8048003"
"201900043960";"16";"6";"2019";"23:10";"5";"69";"69382";"2";"1";"1";"3";"VERDUN GENSOUL                      (VO)";"45,7508700";"4,8241300"
"201900043961";"16";"6";"2019";"13:00";"1";"69";"69385";"2";"3";"1";"6";"TRAMASSAC                           (R )";"45,7602000";"4,8256000"
"201900043962";"15";"6";"2019";"22:55";"5";"69";"69389";"2";"1";"2";"6";"SERGENT MICHEL BERTHET (DU)         (R )";"45,7672900";"4,8054700"
"201900043963";"15";"6";"2019";"05:20";"2";"69";"69389";"2";"1";"1";"6";"JAYR                                (QU)";"45,7746599";"4,8087126"
"201900043964";"14";"6";"2019";"06:00";"1";"69";"69034";"2";"1";"1";"2";"BELLEVUE (TUNNEL) - (QU BELLEVUE COU(XX)";"45,7876900";"4,8529000"
"201900043965";"11";"6";"2019";"10:45";"1";"69";"69034";"2";"3";"2";"6";"COSTE                               (R )";"45,7856600";"4,8334400"
"201900043966";"11";"6";"2019";"18:50";"1";"69";"69385";"2";"1";"8";"3";"FAVORITE (DE LA )                   (R )";"45,7567645";"4,8086517"
"201900043967";"11";"6";"2019";"15:50";"1";"69";"69389";"2";"1";"2";"2";"MARIETTON                           (R )";"45,7749400";"4,7942700"
"201900043968";"11";"6";"2019";"14:40";"1";"69";"69389";"2";"2";"2";"3";"BALMONT (DE)                        (BD)";"45,7898111";"4,7974706"
"201900043969";"10";"6";"2019";"01:20";"5";"69";"69389";"2";"3";"1";"3";"ROGER SALENGRO                      (R )";"45,7780300";"4,8056700"
"201900043970";"9";"6";"2019";"04:00";"5";"69";"69286";"2";"1";"1";"6";"EUROPE (DE L')                      (AV)";"45,8167219";"4,8998219"
"201900043971";"9";"6";"2019";"18:25";"1";"69";"69382";"2";"2";"3";"3";"GENTIL                              (R )";"45,7649800";"4,8368300"
"201900043972";"24";"5";"2019";"21:30";"5";"69";"69382";"2";"1";"1";"6";"GRENETTE                            (R )";"45,7633800";"4,8336800"
"201900043973";"7";"6";"2019";"08:15";"1";"69";"69389";"2";"1";"1";"2";"SERGENT MICHEL BERTHET (DU)         (R )";"45,7670300";"4,8055200"
"201900043974";"7";"6";"2019";"08:01";"1";"69";"69385";"2";"1";"1";"1";"PIERRE SCIZE                        (QU)";"45,7673708";"4,8266995"
"201900043975";"6";"6";"2019";"15:15";"1";"69";"69389";"2";"9";"1";"5";"GEORGES CLEMENCEAU                  (PT)";"45,7748510";"4,8091959"
"201900043976";"6";"6";"2019";"12:10";"1";"69";"69382";"2";"9";"1";"3";"CHARLEMAGNE                         (CO)";"45,7390341";"4,8176278"
"201900043977";"6";"6";"2019";"10:50";"1";"69";"69382";"2";"1";"1";"6";"GROLEE                              (R )";"45,7613900";"4,8369800"
"201900043978";"5";"6";"2019";"13:15";"1";"69";"69081";"2";"2";"1";"3";"FRANKLIN ROOSEVELT        AV";"45,7663400";"4,7693000"
"201900043979";"4";"6";"2019";"12:00";"1";"69";"69382";"2";"1";"1";"2";"CHARITE (DE LA)                     (R )";"45,7563300";"4,8334500"
"201900043980";"3";"6";"2019";"18:50";"1";"69";"69286";"2";"9";"1";"3";"DE LATTRE DE TASSIGNY      (BD)";"45,8132000";"4,9051000"
"201900043981";"31";"5";"2019";"20:40";"1";"69";"69385";"2";"2";"1";"3";"DEBROUSSE                           (AV)";"45,7508400";"4,8143800"
"201900043982";"1";"6";"2019";"08:25";"1";"69";"69389";"2";"1";"1";"6";"TUILERIES (DES)                     (R )";"45,7717250";"4,8022519"
"201900043983";"31";"5";"2019";"16:15";"1";"69";"69382";"2";"1";"7";"5";"BELLECOUR                           (PL)";"45,7581900";"4,8332600"
"201900043984";"31";"5";"2019";"08:10";"1";"69";"69034";"2";"6";"1";"3";"STRASBOURG (DE)                     (RO)";"45,7910200";"4,8607200"
"201900043985";"30";"5";"2019";"10:55";"1";"69";"69389";"2";"2";"1";"3";"GORGE DE LOUP                       (R )";"45,7694530";"4,8009328"
"201900043986";"29";"5";"2019";"11:45";"1";"69";"69202";"2";"1";"1";"7";"COMMANDANT CHARCOT (DU)             (R )";"45,7467900";"4,7890500"
"201900043987";"15";"6";"2019";"18:55";"1";"2B";"2B033";"2";"1";"1";"6";"TOUTES RUES";"42,6818900";"9,4388700"
"201900043988";"12";"5";"2019";"11:10";"1";"2B";"2B033";"2";"1";"1";"3";"DANESI - BLD BENOITE";"42,6954200";"9,4405800"
"201900043989";"9";"6";"2019";"06:45";"1";"2B";"2B033";"1";"1";"1";"7";"ST FLORENT-ANCIENNE RT DE";"42,6851500";"9,4164700"
"201900043990";"6";"6";"2019";"21:30";"5";"2B";"2B120";"2";"1";"1";"2";"11 - RT";"42,6400000";"9,4400000"
"201900043991";"6";"6";"2019";"17:05";"5";"2B";"2B033";"2";"1";"1";"4";"TUNNEL";"42,6949800";"9,4521700"
"201900043992";"30";"5";"2019";"15:05";"1";"2B";"2B120";"1";"9";"1";"3";"LAGUNE (Route de la) D107";"42,6433000";"9,4568000"
"201900043993";"11";"6";"2019";"10:40";"1";"971";"97101";"2";"9";"1";"3";"STADE";"16,2693600";" -61,5064000"
"201900043994";"5";"6";"2019";"20:15";"5";"971";"97105";"2";"6";"1";"2";"BOLOGNE (ROUTE DE)";"16,0053000";" -61,7397400"
"201900043995";"15";"6";"2019";"09:35";"1";"2A";"2A004";"2";"9";"1";"3";"T21";"41,9298724";"8,7571599"
"201900043996";"14";"6";"2019";"21:47";"5";"2A";"2A004";"2";"3";"1";"6";"NAPOLEON COURS APRES BEVERINI";"41,9206997";"8,7371431"
"201900043997";"13";"6";"2019";"17:50";"1";"2A";"2A004";"2";"1";"1";"2";"NICOLI JEAN COURS";"41,9333026";"8,7431787"
"201900043998";"10";"6";"2019";"19:00";"1";"2A";"2A004";"2";"1";"1";"2";"T22";"41,9478420";"8,7643666"
"201900043999";"7";"6";"2019";"19:05";"1";"2A";"2A004";"1";"1";"1";"3";"ILES SANGUINAIRES ROUTE DES";"41,9134296";"8,7277297"
"201900044000";"5";"6";"2019";"13:58";"1";"2A";"2A004";"2";"3";"1";"4";"CALVI  ROUTE";"41,9585012";"8,7806493"
"201900044001";"3";"6";"2019";"23:55";"4";"2A";"2A004";"2";"1";"1";"6";"MEZZAVIA ROUTE DE";"41,9485848";"8,7660403"
"201900044002";"16";"5";"2019";"18:00";"1";"95";"95585";"2";"1";"1";"3";"VALERY (AVEUE PAUL)";"48,9797900";"2,3763500"
"201900044003";"12";"6";"2019";"11:00";"1";"95";"95585";"2";"1";"1";"6";"BROSSELETTE (RUE PIERRE)";"48,9931600";"2,3768000"
"201900044004";"9";"6";"2019";"14:20";"1";"95";"95680";"2";"1";"1";"6";"ENTREPRENEURS (AVENUE DES)";"48,9996475";"2,3908650"
"201900044005";"7";"6";"2019";"17:00";"1";"95";"95268";"2";"3";"2";"5";"AV DU GENERAL DE GAULLE";"48,9745275";"2,3986009"
"201900044006";"14";"6";"2019";"05:45";"2";"95";"95277";"2";"1";"1";"6";"ARSONVAL (RUE D')";"48,9903000";"2,4572300"
"201900044007";"15";"6";"2019";"18:45";"1";"95";"95607";"2";"3";"1";"3";"HERBLAY (RUE D'";"49,0189400";"2,2125500"
"201900044008";"18";"5";"2019";"09:00";"1";"95";"95197";"2";"1";"1";"6";"CDT MANOUKIAN (AVENUE DU)";"48,9755138";"2,3371100"
"201900044009";"4";"6";"2019";"18:00";"1";"95";"95598";"2";"3";"1";"3";"AVENUE KELLERMANN   ";"48,9814000";"2,2924900"
"201900044010";"15";"6";"2019";"15:30";"1";"95";"95018";"2";"3";"1";"5";"NONNAISE (RUE DE LA)";"48,9542800";"2,2409000"
"201900044011";"14";"6";"2019";"09:25";"1";"95";"95018";"2";"3";"1";"1";"ROLLAND (ALLEE ET PLACE ROMAI";"48,9508400";"2,2310700"
"201900044012";"14";"6";"2019";"20:20";"1";"91";"91589";"2";"2";"1";"3";"PERI (AVENUE GABRIEL)";"48,6911300";"2,3503100"
"201900044013";"7";"6";"2019";"03:00";"5";"91";"91589";"2";"1";"1";"7";"BELGES (BOULEVARD DES)";"48,6983300";"2,3542000"
"201900044014";"5";"6";"2019";"15:30";"1";"91";"91549";"2";"1";"2";"6";"GABRIEL PERI (AVENUE)";"48,6471072";"2,3277440"
"201900044015";"31";"5";"2019";"10:28";"1";"91";"91477";"2";"1";"1";"2";"GUTEMBERG (RUE)";"48,7111000";"2,2482000"
"201900044016";"17";"6";"2019";"09:40";"1";"91";"91421";"2";"3";"1";"1";"JEAN JAURES (AVENUE)";"48,7156000";"2,4470000"
"201900044017";"14";"6";"2019";"12:00";"1";"91";"91421";"2";"1";"1";"6";"REPUBLIQUE (AVENUE DE LA)";"48,7001700";"2,4676800"
"201900044018";"13";"6";"2019";"05:30";"1";"91";"91421";"1";"1";"1";"2";"NATIONALE 6 (PARTIE FORET)";"48,6837300";"2,4895000"
"201900044019";"8";"6";"2019";"08:05";"1";"91";"91691";"2";"2";"1";"3";"GABRIEL PERI(RUE) DU N°124 AU N°183";"48,6999200";"2,4865600"
"201900044020";"17";"6";"2019";"07:00";"1";"91";"91161";"2";"9";"1";"3";"LONGJUMEAU (route de)";"48,7094400";"2,2974600"
"201900044021";"5";"6";"2019";"07:45";"1";"91";"91161";"2";"1";"2";"7";"PIERRE BROSSOLETTE (AVENUE)";"48,6996369";"2,3116379"
"201900044022";"8";"6";"2019";"13:20";"1";"91";"91687";"2";"9";"2";"4";"GENERAL DE GAULLE (AVENUE DU)";"48,6815100";"2,3787490"
"201900044023";"9";"6";"2019";"13:48";"1";"91";"91223";"1";"1";"1";"7";"R.N.20";"48,4175370";"2,1313840"
"201900044024";"8";"6";"2019";"19:30";"1";"91";"91433";"2";"1";"1";"1";"PONTS (RUE DES)";"48,4500900";"2,1756100"
"201900044025";"8";"6";"2019";"01:10";"3";"91";"91433";"1";"1";"1";"3";"R.N. 20";"48,4654700";"2,1815900"
"201900044026";"6";"6";"2019";"17:10";"1";"91";"91223";"1";"1";"1";"7";"R.N.20";"48,4093260";"2,1261170"
"201900044027";"6";"6";"2019";"16:20";"1";"91";"91223";"1";"1";"1";"2";"R.N.20";"48,4109800";"2,1272000"
"201900044028";"16";"6";"2019";"18:30";"1";"91";"91201";"2";"1";"1";"4";"FERDINAND BUISSON(RUE)";"48,6768600";"2,4058800"
"201900044029";"13";"6";"2019";"19:40";"1";"91";"91657";"2";"1";"1";"6";"GAULOIS (RUE DES )";"48,7138000";"2,4355000"
"201900044030";"10";"6";"2019";"18:10";"1";"91";"91174";"2";"1";"1";"5";"JOHN KENNEDY (BOULEVARD)";"48,5769370";"2,4758060"
"201900044031";"2";"6";"2019";"09:40";"1";"91";"91174";"2";"1";"1";"7";"BERT(RUE PAUL)";"48,5823990";"2,4715300"
"201900044032";"3";"6";"2019";"06:45";"1";"91";"91514";"1";"1";"1";"3";"ROUTE NATIONALE 6";"48,6630600";"2,5150800"
"201900044033";"13";"6";"2019";"21:42";"2";"91";"91027";"1";"9";"1";"7";"NATIONALE 7 (ROUTE)";"48,7200000";"2,3709000"
"201900044034";"10";"6";"2019";"04:00";"5";"91";"91479";"2";"1";"2";"2";"FONTAINEBLEAU (ROUTE DE)";"48,7131000";"2,3711000"
"201900044035";"8";"6";"2019";"18:45";"1";"91";"91479";"2";"6";"1";"6";"ALEXANDRE DUMAS (AVENUE)";"48,7095200";"2,3590700"
"201900044036";"3";"6";"2019";"10:45";"1";"91";"91479";"2";"3";"2";"1";"GENERAL DE GAULLE (AVENUE DU)";"48,7155400";"2,3658000"