"Num_Acc";"jour";"mois";"an";"hrmn";"lum";"dep";"com";"agg";"int";"atm";"col";"adr";"lat";"long"
"201900044037";"2";"6";"2019";"12:15";"1";"91";"91027";"2";"2";"1";"3";"DEMANGE (RUE PAUL)";"48,7160930";"2,3708660"
"201900044038";"17";"6";"2019";"19:10";"1";"91";"91103";"2";"1";"1";"2";"MAISON NEUVE (AVENUE DE LA)";"48,5860000";"2,3040000"
"201900044039";"14";"6";"2019";"05:39";"5";"91";"91339";"2";"1";"1";"7";"RN 20";"48,6332050";"2,2651250"
"201900044040";"6";"6";"2019";"16:59";"1";"91";"91339";"1";"1";"1";"2";"RN 20";"48,6306400";"2,2635800"
"201900044041";"5";"6";"2019";"13:45";"1";"91";"91103";"2";"7";"3";"2";"BROSSOLETTE PIERRE (RUE)";"48,6056700";"2,3002200"
"201900044042";"2";"6";"2019";"00:10";"3";"91";"91103";"2";"1";"1";"3";"VIEUX PAVE (CHEMIN DU)";"48,6230000";"2,3090000"
"201900044043";"8";"6";"2019";"14:25";"1";"88";"88413";"2";"3";"1";"6";"Rue d'ALSACE";"48,2801800";"6,9554700"
"201900044044";"10";"6";"2019";"19:00";"1";"88";"88429";"1";"1";"8";"5";"RN 57";"48,0735790";"6,5936270"
"201900044045";"17";"6";"2019";"10:10";"1";"87";"87085";"2";"1";"1";"2";"27 BLANC LOUIS (BOULEVARD)";"45,8279400";"1,2611600"
"201900044046";"16";"6";"2019";"16:32";"1";"87";"87085";"2";"2";"1";"3";"GARIBALDI (AVENUE)";"45,8318000";"1,2624500"
"201900044047";"14";"6";"2019";"17:57";"1";"87";"87085";"2";"1";"3";"2";"4 CHURCHILL WINSTON (PLACE)";"45,8316100";"1,2535100"
"201900044048";"14";"6";"2019";"13:46";"1";"87";"87085";"2";"1";"1";"6";"10 ARCADES (BOULEVARD DES)";"45,8521300";"1,2619000"
"201900044049";"14";"6";"2019";"11:09";"1";"87";"87085";"2";"1";"1";"3";"72 PALAIS (ROUTE DU)";"45,8509500";"1,3000000"
"201900044050";"12";"6";"2019";"18:36";"1";"87";"87085";"2";"2";"1";"6";"BEL AIR (BOULEVARD DE)";"45,8214000";"1,2403600"
"201900044051";"12";"6";"2019";"10:54";"1";"87";"87085";"2";"1";"2";"6";"bretelle pont G. Guingoin";"45,8171500";"1,2527400"
"201900044052";"9";"6";"2019";"03:34";"5";"87";"87085";"2";"3";"1";"3";"DE-LATTRE DE TASSIGNY (AVE DE)";"45,8270600";"1,2835500"
"201900044053";"8";"6";"2019";"04:14";"5";"87";"87085";"2";"3";"1";"3";"PORT DU NAVEIX (RUE DU)";"45,8323000";"1,2740000"
"201900044054";"11";"6";"2019";"14:51";"1";"87";"87114";"1";"1";"1";"4";"RD941 (EST)";"45,8432400";"1,3361300"
"201900044055";"8";"6";"2019";"01:34";"5";"87";"87085";"2";"4";"1";"3";"PERRIN (RUE FRANCOIS)";"45,8271500";"1,2392100"
"201900044056";"6";"6";"2019";"09:04";"1";"87";"87085";"2";"3";"1";"4";"96 BELLAC (RUE DE)";"45,8496500";"1,2450100"
"201900044057";"5";"6";"2019";"19:15";"1";"87";"87085";"2";"1";"1";"6";"Bretelle pont G. Guingoin";"45,8173400";"1,2520900"
"201900044058";"4";"6";"2019";"07:54";"1";"87";"87085";"2";"1";"1";"5";"5 DE-LATTRE-DE-TASSIGNY (AVENUE DU MARECHAL)";"45,8255500";"1,2709000"
"201900044059";"4";"6";"2019";"18:43";"1";"87";"87085";"2";"1";"1";"3";"LANDOUGE (AVENUE DE)";"45,8391900";"1,2118500"
"201900044060";"2";"6";"2019";"20:20";"2";"87";"87085";"2";"3";"1";"3";"BELLAC (RUE DE)";"45,8517800";"1,2445200"
"201900044061";"3";"6";"2019";"08:06";"1";"87";"87075";"2";"3";"2";"3";"PERIGUEUX (ROUTE DE)";"45,8000400";"1,2290100"
"201900044062";"31";"5";"2019";"23:37";"5";"87";"87085";"2";"1";"1";"6";"LECLERC (AVENUE DU GENERAL)";"45,8480500";"1,2618600"
"201900044063";"1";"6";"2019";"15:36";"1";"87";"87085";"2";"1";"1";"6";"MAISON DIEU (PLACE)";"45,8364300";"1,2661300"
"201900044064";"29";"5";"2019";"16:31";"1";"87";"87085";"2";"3";"1";"6";"CORDERIE (BOULEVARD DE LA)";"45,8288200";"1,2641800"
"201900044065";"16";"6";"2019";"13:00";"1";"86";"86158";"2";"1";"1";"6";"MARCELLIN MAURY (RUE)";"46,6301600";"0,2804400"
"201900044066";"15";"5";"2019";"23:20";"5";"86";"86194";"2";"2";"1";"3";"PAILLERIE (RUE DE LA)";"46,5533300";"0,3097200"
"201900044067";"2";"3";"2019";"14:00";"1";"9";"09306";"2";"1";"1";"6";"rue des sarrasins";"42,8442580";"1,6055830"
"201900044068";"2";"3";"2019";"19:15";"5";"9";"09272";"1";"1";"1";"5";"Route Nationale 20 - PK 44 +500";"42,9150900";"1,6389340"
"201900044069";"1";"3";"2019";"12:25";"1";"31";"31417";"2";"1";"1";"6";"114 avenue François Verdier";"43,6252450";"1,2560280"
"201900044070";"28";"2";"2019";"07:35";"2";"17";"17460";"1";"1";"1";"6";"RN 150";"45,7036260";" -0,7220850"
"201900044071";"3";"3";"2019";"07:00";"2";"16";"16078";"1";"1";"1";"6";"Rue du Basilic-Ld Chamarande";"45,6982370";"0,2308850"
"201900044072";"26";"2";"2019";"17:30";"1";"16";"16078";"2";"1";"7";"1";"Route de paris";"45,6828100";"0,1779160"
"201900044073";"26";"2";"2019";"17:30";"1";"86";"86095";"1";"1";"1";"2";"rd 910";"46,7202280";"0,4214730"
"201900044074";"28";"2";"2019";"22:30";"3";"33";"33362";"1";"1";"1";"6";"lieu dit le canton";"45,0270700";" -0,1834100"
"201900044075";"4";"3";"2019";"12:00";"1";"33";"33539";"1";"1";"1";"1";"Avenue Juncarret";"44,8846200";" -0,3270900"
"201900044076";"26";"2";"2019";"08:40";"1";"33";"33243";"2";"9";"1";"3";"Rue du Président Wilson";"44,9190800";" -0,2440100"
"201900044077";"26";"2";"2019";"17:35";"1";"33";"33297";"1";"3";"1";"1";"D208 / Rte du Brule";"45,0505160";" -0,7750830"
"201900044078";"24";"2";"2019";"21:20";"4";"33";"33435";"1";"1";"1";"6";"RD 1113 - Viaduc";"44,5600200";" -0,2496900"
"201900044079";"1";"3";"2019";"11:30";"1";"33";"33474";"1";"9";"1";"1";"D 109";"44,6463600";" -0,4589600"
"201900044080";"27";"2";"2019";"16:50";"1";"85";"85071";"1";"1";"1";"6";"Dolbeau";"46,7493000";" -1,7982600"
"201900044081";"26";"2";"2019";"15:45";"1";"61";"61357";"1";"1";"1";"6";"le haut boulay";"48,5379700";" -0,0765540"
"201900044082";"25";"2";"2019";"18:25";"1";"29";"29280";"2";"1";"1";"6";"chemin de aubépines, résidence de la baie";"48,2295817";" -4,3588602"
"201900044083";"31";"1";"2019";"18:50";"5";"29";"29046";"2";"3";"2";"3";"route de brest";"48,0803590";" -4,3190020"
"201900044084";"27";"2";"2019";"16:25";"1";"22";"22273";"1";"1";"1";"3";"LA COUDRAIE";"48,5590287";" -2,5263750"
"201900044085";"25";"2";"2019";"11:45";"1";"35";"35253";"1";"1";"1";"6";"La Lyzenderie";"48,2499510";" -1,4346910"
"201900044086";"1";"3";"2019";"17:00";"1";"27";"27343";"1";"3";"1";"2";"INTERSECTION RD836/RD57";"49,0590980";"1,3333620"
"201900044087";"26";"2";"2019";"07:15";"1";"60";"60500";"1";"1";"1";"4";"ROUTE NATIONALE 2";"49,1024570";"2,7445290"
"201900044088";"25";"2";"2019";"16:15";"1";"60";"60671";"1";"1";"1";"7";"Chemin communal C11";"49,1619448";"2,7724110"
"201900044089";"25";"2";"2019";"09:30";"1";"80";"80464";"2";"1";"1";"7";"rue Geneviève Blandin";"50,1592480";"1,5557330"
"201900044090";"26";"2";"2019";"18:00";"1";"62";"62014";"2";"1";"7";"2";"80 boulevard Foch";"50,6360530";"2,3936170"
"201900044091";"24";"2";"2019";"13:00";"1";"62";"62318";"2";"1";"1";"6";"Boulevard Bigot Descellers";"50,5167670";"1,6419670"
"201900044092";"27";"2";"2019";"20:20";"3";"62";"62196";"1";"1";"1";"7";"Autoroute A16 - sens Calais/Abbeville";"50,4666788";"1,7034495"
"201900044093";"25";"2";"2019";"13:45";"1";"59";"59136";"2";"1";"7";"6";"boulevard paturle";"50,1051960";"3,5403990"
"201900044094";"26";"2";"2019";"07:13";"2";"59";"59258";"2";"1";"1";"6";"rue Henri Connynck";"50,5358680";"3,2088570"
"201900044095";"27";"2";"2019";"08:39";"1";"59";"59400";"1";"2";"7";"3";"351 Route d'Hazebrouck";"50,6559310";"2,6083900"
"201900044096";"1";"3";"2019";"19:10";"3";"13";"13001";"2";"1";"1";"2";"A51-Sens Marseille vers Aix en Provence";"43,4700470";"5,4069790"
"201900044097";"19";"2";"2019";"00:15";"3";"13";"13005";"1";"1";"1";"7";"A50 - Sens Aubagne vers Marseille";"43,2858700";"5,5314500"
"201900044098";"28";"2";"2019";"08:50";"1";"13";"13088";"1";"1";"1";"2";"A55-Sens Martigues vers Marseille";"43,3911400";"5,2623800"
"201900044099";"28";"2";"2019";"09:55";"1";"13";"13211";"1";"1";"1";"3";"A50-Sens Aubagne vers Marseille";"43,2879600";"5,4412600"
"201900044100";"27";"2";"2019";"08:30";"1";"13";"13202";"1";"1";"1";"3";"A55-Sens Marseille vers Martigues";"43,3162100";"5,3644100"
"201900044101";"26";"2";"2019";"08:20";"1";"13";"13005";"1";"1";"1";"2";"A501-Sens Pont de l'Etoile vers Aubagne";"43,2882900";"5,5617200"
"201900044102";"24";"2";"2019";"20:45";"3";"13";"13215";"1";"1";"1";"2";"A7-Sens Lyon vers Marseille";"43,3782800";"5,3559200"
"201900044103";"25";"2";"2019";"18:10";"2";"83";"83126";"1";"1";"1";"5";"N/A";"43,1242400";"5,8720000"
"201900044104";"22";"2";"2019";"17:10";"1";"83";"83137";"1";"1";"1";"3";"N/A";"43,1250600";"5,9062500"
"201900044105";"3";"3";"2019";"16:40";"1";"69";"69256";"1";"1";"1";"7";"RN346  S/N   25.686 A 29.300";"45,8041984";"4,9260001"
"201900044106";"26";"2";"2019";"19:20";"3";"69";"69283";"1";"1";"1";"5";"A46S   43.680 A 47.880";"45,6707900";"4,9348700"
"201900044107";"26";"2";"2019";"06:57";"2";"69";"69276";"1";"1";"1";"7";"BUS (RD301)   0.000 A 2.800";"45,6827800";"4,8519000"
"201900044108";"25";"2";"2019";"22:00";"3";"69";"69279";"1";"1";"1";"7";"RD302   5.000 A 6.350";"45,7688100";"5,0402900"
"201900044109";"1";"3";"2019";"13:40";"1";"42";"42110";"1";"1";"1";"2";"A47";"45,4944300";"4,5408300"
"201900044110";"1";"3";"2019";"07:00";"3";"57";"57412";"1";"9";"3";"6";"Autoroute A31";"49,1125600";"6,1597000"
"201900044111";"27";"2";"2019";"08:15";"1";"57";"57764";"1";"1";"1";"4";"Autoroute A.31";"49,4697700";"6,1215200"
"201900044112";"22";"2";"2019";"18:10";"1";"57";"57445";"1";"1";"1";"4";"Autoroute A31";"49,0092807";"6,1120838"
"201900044113";"25";"2";"2019";"16:15";"1";"67";"67309";"1";"1";"1";"3";"Autoroute A4";"48,6419390";"7,7309780"
"201900044114";"19";"2";"2019";"07:30";"1";"67";"67152";"1";"1";"1";"4";"Route Nationale 83";"48,5252500";"7,6952600"
"201900044115";"24";"2";"2019";"00:30";"3";"67";"67482";"1";"1";"1";"6";"Autoroute A.4";"48,5950669";"7,7420331"
"201900044116";"6";"11";"2019";"14:00";"1";"93";"93051";"2";"1";"8";"2";"NEUILLY (ROUTE)";"48,8466200";"2,5404700"
"201900044117";"2";"3";"2019";"16:50";"1";"33";"33249";"1";"1";"1";"4";"ROUTE NATIONALE 230";"44,8843100";" -0,5130600"
"201900044118";"1";"3";"2019";"16:55";"1";"33";"33039";"1";"1";"1";"2";"jonction A630 RN230";"44,8035600";" -0,5327300"
"201900044119";"27";"2";"2019";"20:00";"5";"33";"33192";"1";"1";"1";"4";"ROCADE A 630";"44,7892900";" -0,6190300"
"201900044120";"6";"11";"2019";"12:00";"1";"93";"93048";"2";"1";"1";"3";"PARIS (RUE DE)";"48,8567000";"2,4280100"
"201900044121";"27";"2";"2019";"19:20";"3";"33";"33162";"1";"1";"1";"3";"ROCADE A 630";"44,8708600";" -0,6428000"
"201900044122";"31";"10";"2019";"18:55";"5";"93";"93007";"2";"2";"1";"6";"ROME (AVENUE DE)";"48,9262950";"2,4778420"
"201900044123";"28";"2";"2019";"14:40";"1";"91";"91689";"1";"1";"1";"5";"AUTOROUTE A6B";"48,7410000";"2,3210000"
"201900044124";"6";"11";"2019";"13:00";"1";"93";"93005";"2";"1";"1";"2";"JEAN CHARCOT [CD115] (RUE)";"48,9510000";"2,4960000"
"201900044125";"28";"2";"2019";"09:25";"1";"94";"94021";"1";"1";"7";"3";"AUTOROUTE A6B";"48,7640800";"2,3429100"
"201900044126";"27";"2";"2019";"09:30";"1";"91";"91345";"1";"1";"1";"4";"AUTOROUTE A6";"48,6883100";"2,3248800"
"201900044127";"6";"11";"2019";"09:00";"2";"92";"92073";"2";"1";"8";"2";"CHEVREUL (RUE)";"48,8669600";"2,2229300"
"201900044128";"26";"2";"2019";"00:30";"3";"91";"91689";"1";"1";"1";"2";"AUTOROUTE A6";"48,7275600";"2,3137500"
"201900044129";"6";"11";"2019";"09:35";"1";"92";"92064";"2";"1";"1";"4";"ROUTE DE PARIS A VERSAILLES";"48,8379773";"2,2039163"
"201900044130";"25";"2";"2019";"13:58";"1";"91";"91617";"1";"1";"1";"6";"RN 104";"48,6436600";"2,5347900"
"201900044131";"6";"11";"2019";"21:25";"5";"92";"92062";"2";"3";"1";"6";"REPUBLIQUE (RUE DE LA) DU 157 AU 175";"48,8838770";"2,2331900"
"201900044132";"25";"2";"2019";"10:04";"1";"91";"91689";"1";"1";"1";"2";"AUTOROUTE A6B";"48,7406000";"2,3211000"
"201900044133";"6";"11";"2019";"03:00";"5";"92";"92062";"2";"1";"1";"2";"PUTEAUX (PONT DE)";"48,8772200";"2,2442500"
"201900044134";"24";"2";"2019";"07:15";"2";"91";"91553";"1";"1";"1";"7";"RN 104";"48,6308600";"2,4887200"
"201900044135";"6";"11";"2019";"00:53";"5";"92";"92051";"2";"1";"1";"2";"CHARLES DE GAULLE (AVENUE, N° 18 A 116)";"48,8812700";"2,2715300"
"201900044136";"1";"3";"2019";"10:15";"3";"92";"92036";"1";"1";"2";"6";"A86";"48,9344900";"2,2699900"
"201900044137";"4";"11";"2019";"11:40";"1";"92";"92050";"2";"1";"1";"2";"HAVRE BOULEVARD DU";"48,9189376";"2,2226071"
"201900044138";"1";"3";"2019";"09:10";"1";"78";"78133";"1";"1";"8";"6";"A13";"48,8860350";"2,0124350"
"201900044139";"6";"11";"2019";"12:40";"1";"92";"92040";"2";"1";"1";"6";"GALLIENI (BOULEVARD)";"48,8328100";"2,2671200"
"201900044140";"1";"3";"2019";"06:40";"3";"92";"92036";"1";"1";"2";"3";"A86";"48,9355794";"2,2622340"
"201900044141";"20";"9";"2019";"13:00";"1";"92";"92026";"2";"1";"1";"6";"EDITH CAVEL (DE01 A 46)";"48,9031300";"2,2682060"
"201900044142";"28";"2";"2019";"16:20";"1";"92";"92062";"1";"1";"1";"6";"RN1014 W";"48,8883600";"2,2484800"
"201900044143";"28";"2";"2019";"13:20";"1";"78";"78455";"1";"1";"1";"6";"A13";"48,8554200";"2,0579400"
"201900044144";"5";"11";"2019";"18:50";"5";"92";"92025";"2";"1";"1";"6";"GABRIEL PERI (RUE)";"48,9179890";"2,2383570"
"201900044145";"6";"11";"2019";"14:55";"1";"92";"92007";"2";"1";"1";"6";"TERTRES (RUE DES)";"48,7877900";"2,3096900"
"201900044146";"28";"2";"2019";"10:00";"1";"92";"92062";"1";"1";"1";"5";"RN1014 W";"48,8884994";"2,2490971"
"201900044147";"6";"11";"2019";"09:15";"1";"92";"92004";"2";"1";"1";"3";"BAS ( RUE DES )";"48,9121000";"2,2980500"
"201900044148";"27";"2";"2019";"11:50";"1";"92";"92047";"1";"1";"1";"2";"A13";"48,8330229";"2,1581509"
"201900044149";"27";"8";"2019";"15:47";"1";"38";"38107";"1";"3";"1";"1";"Allée des Muriers";"45,4510310";"4,8231170"
"201900044150";"26";"2";"2019";"10:20";"1";"92";"92048";"1";"1";"1";"3";"N118";"48,8118481";"2,2131876"
"201900044151";"7";"11";"2019";"17:45";"5";"6";"06114";"2";"1";"2";"6";"M19";"43,7410790";"7,2878820"
"201900044152";"26";"2";"2019";"07:30";"1";"92";"92036";"1";"1";"1";"3";"RN315 W";"48,9237681";"2,2299620"
"201900044153";"5";"11";"2019";"10:30";"1";"71";"71220";"1";"1";"2";"6";"D979";"46,5400310";"3,7511810"
"201900044154";"25";"2";"2019";"10:00";"1";"92";"92025";"1";"1";"1";"2";"A86";"48,9345016";"2,2581551"
"201900044155";"6";"11";"2019";"22:00";"3";"49";"49092";"1";"1";"1";"1";"D961";"47,2665520";" -0,7296910"
"201900044156";"25";"2";"2019";"09:00";"1";"78";"78571";"1";"1";"1";"2";"A13";"48,8698000";"2,0297000"
"201900044157";"6";"11";"2019";"22:26";"3";"81";"81258";"1";"1";"1";"6";"D30";"43,7543090";"2,0886390"
"201900044158";"25";"2";"2019";"07:50";"1";"92";"92047";"1";"1";"1";"3";"A13";"48,8356539";"2,1795230"
"201900044159";"2";"3";"2019";"18:10";"1";"93";"93027";"1";"1";"1";"3";"AUTOROUTE A86";"48,9235300";"2,3832200"
"201900044160";"2";"3";"2019";"16:10";"1";"95";"95394";"1";"1";"1";"6";"AUTOROUTE A115";"49,0497400";"2,1835300"
"201900044161";"2";"3";"2019";"10:00";"1";"95";"95582";"1";"1";"2";"3";"AUTOROUTE A15";"48,9634500";"2,2643000"
"201900044162";"2";"3";"2019";"06:00";"3";"95";"95582";"1";"1";"2";"5";"AUTOROUTE A15";"48,9699100";"2,2499500"
"201900044163";"3";"11";"2019";"12:25";"1";"27";"27183";"1";"3";"1";"3";"D833";"48,8941030";"1,4225610"
"201900044164";"1";"3";"2019";"08:50";"1";"95";"95572";"1";"1";"2";"6";"RN 184";"49,0337200";"2,1115000"
"201900044165";"1";"3";"2019";"08:00";"1";"93";"93027";"1";"1";"3";"7";"AUTOROUTE A86";"48,9253300";"2,3938200"
"201900044166";"6";"11";"2019";"19:45";"3";"26";"26138";"1";"1";"1";"5";"A7";"44,4050140";"4,7292880"
"201900044167";"21";"2";"2019";"09:30";"1";"93";"93063";"1";"1";"1";"3";"AUTOROUTE A3";"48,8768800";"2,4436300"
"201900044168";"27";"2";"2019";"15:10";"1";"93";"93066";"1";"1";"1";"4";"AUTOROUTE A1";"48,9193500";"2,3575400"
"201900044169";"6";"11";"2019";"19:10";"3";"71";"71256";"1";"1";"2";"3";"Route de Chalon";"46,7427310";"5,0756530"
"201900044170";"3";"11";"2019";"14:00";"1";"56";"56075";"1";"1";"1";"7";"N24";"47,9284080";" -2,1898410"
"201900044171";"27";"2";"2019";"02:25";"4";"93";"93063";"1";"1";"1";"2";"AUTOROUTE A3";"48,8787774";"2,4474555"
"201900044172";"5";"11";"2019";"18:30";"5";"74";"74256";"2";"2";"2";"6";"Route du Fayet";"45,9306700";"6,6355390"
"201900044173";"26";"2";"2019";"09:45";"1";"95";"95277";"1";"1";"1";"2";"AUTOROUTE A3";"48,9800000";"2,4966200"
"201900044174";"26";"2";"2019";"08:25";"1";"95";"95582";"1";"1";"1";"3";"AUTOROUTE A15";"48,9758500";"2,2386700"
"201900044175";"7";"11";"2019";"07:45";"1";"79";"79174";"2";"3";"1";"3";"26 rue de la Béronne";"46,2316750";" -0,1389470"
"201900044176";"6";"11";"2019";"23:00";"5";"60";"60006";"1";"6";"2";"7";"D200";"49,3240120";"2,6026500"
"201900044177";"25";"2";"2019";"17:30";"1";"92";"92078";"1";"1";"1";"4";"AUTOROUTE A86";"48,9311358";"2,3235175"
"201900044178";"7";"11";"2019";"06:47";"3";"71";"71010";"1";"4";"2";"2";"D680";"46,9160150";"4,3754290"
"201900044179";"25";"2";"2019";"01:15";"3";"95";"95252";"1";"1";"1";"2";"AUTOROUTE A15";"48,9833300";"2,2185100"
"201900044180";"7";"11";"2019";"09:35";"1";"61";"61484";"1";"1";"1";"7";"Lieu Dit le Gene";"48,2831990";"0,7210760"
"201900044181";"24";"2";"2019";"23:45";"5";"93";"93066";"1";"1";"1";"5";"AUTOROUTE A1";"48,9139000";"2,3577200"
"201900044182";"7";"11";"2019";"11:00";"1";"68";"68374";"1";"1";"2";"1";"4 RUE PRINCIPALE";"48,0642700";"7,2445680"
"201900044183";"13";"10";"2019";"13:40";"1";"25";"25112";"2";"1";"1";"2";"D683";"47,2638840";"6,0643450"
"201900044184";"6";"11";"2019";"18:45";"3";"44";"44002";"1";"3";"2";"3";"La Basse Chaise";"47,0674870";" -1,3908900"
"201900044185";"6";"11";"2019";"16:45";"1";"2";"02420";"1";"1";"2";"1";"D8";"49,9056770";"3,3377220"
"201900044186";"6";"11";"2019";"15:50";"1";"66";"66160";"2";"1";"2";"6";"Le Village";"42,4769080";"2,7075890"
"201900044187";"5";"11";"2019";"15:15";"1";"14";"14489";"1";"3";"1";"2";"le buhot 14489";"49,0508690";" -0,0400670"
"201900044188";"7";"11";"2019";"17:30";"3";"5";"05111";"1";"1";"3";"7";"D9";"44,5553690";"6,4500640"
"201900044189";"6";"11";"2019";"17:55";"3";"50";"50243";"1";"1";"8";"6";"Route Belle Croix";"49,0382980";" -1,4993850"
"201900044190";"6";"11";"2019";"16:00";"1";"64";"64495";"1";"1";"2";"7";"D307";"43,3714816";" -1,5877371"
"201900044191";"28";"10";"2019";"16:31";"1";"64";"64147";"1";"1";"1";"7";"D 223 route de Briscous";"43,4745720";" -1,3092370"
"201900044192";"7";"11";"2019";"10:30";"1";"18";"18088";"1";"1";"2";"6";"Les Blinieres";"47,4409370";"2,4360740"
"201900044193";"7";"11";"2019";"18:20";"3";"18";"18092";"1";"1";"1";"6";"D157";"47,0880745";"2,6500951"
"201900044194";"30";"10";"2019";"16:30";"1";"43";"43216";"2";"1";"1";"6";"D25";"45,1293040";"3,8253190"
"201900044195";"6";"11";"2019";"15:15";"1";"40";"40046";"1";"1";"2";"1";"D146";"44,4254110";" -1,2198600"
"201900044196";"31";"10";"2019";"19:45";"3";"85";"85027";"1";"1";"1";"1";"D202";"46,9678200";" -1,3290200"
"201900044197";"2";"3";"2019";"16:30";"1";"94";"94042";"1";"1";"1";"4";"A4";"48,8272900";"2,4686500"
"201900044198";"7";"11";"2019";"16:15";"1";"27";"27372";"1";"1";"1";"6";"Route de Nojeon En Vexin";"49,3489910";"1,6095710"
"201900044199";"5";"11";"2019";"10:45";"1";"87";"87133";"1";"1";"8";"2";"Saint-Amand-Magnazeix";"46,1870630";"1,3560820"
"201900044200";"7";"11";"2019";"18:07";"5";"87";"87088";"2";"1";"3";"7";"8 Route de Chateau Chervix";"45,6151030";"1,4268530"
"201900044201";"1";"3";"2019";"19:40";"3";"94";"94069";"1";"1";"1";"7";"A4";"48,8175615";"2,4358851"
"201900044202";"8";"10";"2019";"21:00";"3";"30";"30123";"1";"1";"1";"7";"D12";"43,6994760";"4,1675620"
"201900044203";"1";"3";"2019";"14:14";"1";"94";"94046";"1";"1";"2";"6";"A86 INT";"48,8061675";"2,4489416"
"201900044204";"7";"11";"2019";"07:28";"3";"31";"31399";"1";"1";"3";"6";"Impasse des Agnets";"43,3460953";"1,2625479"
"201900044205";"6";"11";"2019";"17:00";"1";"35";"35131";"2";"1";"8";"6";"13 Rue de Mordelles";"48,1199870";" -1,8219110"
"201900044206";"28";"2";"2019";"18:20";"1";"94";"94033";"1";"1";"2";"3";"A86.EXT";"48,8531330";"2,4899730"
"201900044207";"18";"10";"2019";"07:53";"1";"33";"33122";"1";"1";"8";"1";"RD214 110 Avenue Salvador Allende";"44,7731500";" -0,6918300"
"201900044208";"28";"2";"2019";"16:00";"1";"94";"94073";"1";"1";"1";"3";"A86 EXT";"48,7635200";"2,3807700"
"201900044209";"6";"11";"2019";"18:30";"5";"6";"06088";"1";"1";"1";"4";"A8 PK 185+500 NORD";"43,6683860";"7,1978980"
"201900044210";"28";"2";"2019";"09:45";"1";"94";"94017";"1";"1";"1";"3";"A4";"48,8285000";"2,4753600"
"201900044211";"28";"2";"2019";"00:25";"3";"77";"77175";"1";"1";"1";"6";"A5b";"48,6505842";"2,6197747"
"201900044212";"3";"11";"2019";"19:55";"3";"45";"45067";"1";"1";"2";"4";"A10 - PR104+400";"47,8955050";"1,7773010"
"201900044213";"27";"2";"2019";"14:20";"1";"77";"77146";"1";"1";"1";"2";"A4.Y";"48,8313600";"2,6432200"
"201900044214";"26";"2";"2019";"18:10";"2";"94";"94069";"1";"1";"1";"2";"A4";"48,8100000";"2,4200000"
"201900044215";"7";"11";"2019";"11:50";"1";"13";"13037";"1";"1";"2";"5";"A7";"43,5671720";"5,2234540"
"201900044216";"26";"2";"2019";"16:20";"1";"94";"94017";"1";"1";"1";"2";"A4";"48,8200000";"2,4700000"
"201900044217";"26";"2";"2019";"14:30";"1";"77";"77294";"1";"1";"1";"2";"A104";"48,9702300";"2,5705100"
"201900044218";"1";"11";"2019";"19:30";"5";"973";"97311";"2";"3";"1";"3";"Allée du Lac Bleu";"5,4751110";" -54,0348560"
"201900044219";"26";"2";"2019";"13:30";"1";"94";"94017";"1";"1";"1";"2";"A4";"48,8200000";"2,4900000"
"201900044220";"7";"11";"2019";"07:30";"1";"971";"97115";"2";"3";"1";"1";"Chemin de Ravine Houel";"16,2580190";" -61,6668650"
"201900044221";"7";"11";"2019";"09:30";"1";"77";"77515";"1";"1";"1";"6";"D54";"48,9927600";"2,7681300"
"201900044222";"25";"2";"2019";"08:55";"1";"94";"94069";"1";"1";"1";"3";"A4";"48,8169339";"2,4445438"
"201900044223";"7";"11";"2019";"08:15";"2";"77";"77005";"1";"1";"3";"1";"D418";"48,9341700";"2,7101700"
"201900044224";"7";"11";"2019";"08:25";"1";"95";"95199";"2";"1";"2";"6";"5 Rue Carnot";"49,0293620";"2,3277810"
"201900044225";"2";"10";"2019";"05:50";"3";"91";"91661";"1";"9";"2";"1";"33 Avenue de la Plesse";"48,6961100";"2,2405140"
"201900044226";"9";"2";"2019";"14:00";"1";"62";"62186";"2";"3";"1";"3";"BEUGNET (R CASIMIR )";"50,4542000";"2,7210000"
"201900044227";"6";"11";"2019";"06:30";"3";"11";"11266";"1";"1";"1";"6";"D709";"42,9977830";"3,0417400"
"201900044228";"18";"2";"2019";"15:30";"1";"50";"50602";"2";"1";"1";"6";"RN 13";"49,6351360";" -1,5655770"
"201900044229";"20";"2";"2019";"12:00";"1";"11";"11069";"2";"6";"1";"3";"MUSSET ALFRED -ET IMPASSE-";"43,2183200";"2,3447100"
"201900044230";"7";"11";"2019";"08:00";"2";"34";"34022";"2";"2";"8";"3";"16 Rue de la Croix de Jallie";"43,6594810";"4,0178010"
"201900044231";"22";"2";"2019";"01:55";"5";"988";"98818";"2";"1";"1";"6";"PROMENADE PIERRE VERNIER";" -22,3089900";"166,4516900"
"201900044232";"7";"11";"2019";"05:20";"5";"68";"68348";"2";"2";"1";"6";"42 Route de Mulhouse";"47,8046780";"7,1194830"
"201900044233";"24";"2";"2019";"23:10";"3";"976";"97611";"2";"1";"1";"2";"m'tsapere-Nationale 2 (route)";" -12,7945600";"45,2181500"
"201900044234";"20";"2";"2019";"09:40";"1";"974";"97407";"2";"2";"1";"1";"MASCAREIGNES(BOULEVARD)";" -20,9335160";"55,3088410"