"Num_Acc";"jour";"mois";"an";"hrmn";"lum";"dep";"com";"agg";"int";"atm";"col";"adr";"lat";"long"
"201900044235";"24";"2";"2019";"14:20";"1";"69";"69383";"2";"2";"1";"3";"ST ANTOINE                          (R )";"45,7629100";"4,8620300"
"201900044236";"7";"11";"2019";"07:38";"1";"74";"74201";"1";"2";"3";"1";"Route de la Forge";"46,1144050";"6,1081240"
"201900044237";"24";"2";"2019";"07:00";"2";"69";"69276";"2";"6";"1";"6";"312                                     ";"45,6619800";"4,8431700"
"201900044238";"5";"11";"2019";"14:00";"1";"38";"38087";"2";"2";"1";"5";"Avenue de Nor-hadjin";"45,5812360";"4,7968420"
"201900044239";"22";"2";"2019";"23:40";"5";"69";"69387";"2";"1";"1";"2";"JEAN JAURES                         (AV)";"45,7380200";"4,8376500"
"201900044240";"31";"10";"2019";"16:15";"1";"81";"81105";"2";"1";"1";"3";"2 Rue Beausejour";"43,7642010";"1,9832570"
"201900044241";"21";"2";"2019";"21:00";"5";"69";"69387";"2";"2";"1";"1";"JEAN JAURES                         (AV)";"45,7539400";"4,8468800"
"201900044242";"21";"2";"2019";"14:00";"1";"69";"69259";"1";"1";"1";"2";"CHARLES DE GAULLE                   (AV)";"45,7128800";"4,8987200"
"201900044243";"6";"11";"2019";"19:50";"3";"17";"17240";"1";"1";"2";"3";"Lieu dit Le Lezard";"45,2563118";" -0,4032674"
"201900044244";"21";"2";"2019";"08:47";"1";"69";"69383";"2";"1";"1";"3";"PAUL BERT                           (R )";"45,7570600";"4,8584400"
"201900044245";"7";"11";"2019";"15:50";"1";"33";"33037";"1";"1";"2";"1";"D1113";"44,6969490";" -0,4794670"
"201900044246";"25";"2";"2019";"14:10";"1";"972";"97209";"2";"3";"1";"2";"BEAUSEJOUR JAMBETTE (ROUTE)";"14,6460000";" -61,0442500"
"201900044247";"23";"10";"2019";"09:54";"1";"44";"44198";"1";"1";"1";"1";"""clos des granges""";"47,1297928";" -1,5324222"
"201900044248";"24";"2";"2019";"17:30";"1";"69";"69149";"2";"2";"1";"3";"GRANDE RUE                          (GR)";"45,7100000";"4,7997300"
"201900044249";"29";"10";"2019";"15:10";"1";"22";"22272";"1";"2";"3";"3";"Traou Maudez";"48,5669880";" -3,1315890"
"201900044250";"20";"2";"2019";"19:40";"1";"69";"69152";"2";"1";"1";"2";"VOLTAIRE                            (R )";"45,7003900";"4,8150700"
"201900044251";"21";"2";"2019";"09:40";"1";"69";"69381";"2";"9";"1";"3";"CROIX ROUSSE (TUNNEL DE LA)         (XX)";"45,7726500";"4,8383400"
"201900044252";"21";"2";"2019";"12:25";"1";"2B";"2B033";"2";"3";"1";"6";"SAMPIERO CORSO - AV";"42,6634000";"9,4420000"
"201900044253";"9";"2";"2019";"01:25";"5";"971";"97101";"2";"9";"1";"6";"MARECHAL LECLERC";"16,2567900";" -61,5249800"
"201900044254";"20";"2";"2019";"11:50";"1";"971";"97120";"2";"1";"1";"3";"RUE EUVREMONT GENE";"16,2493100";" -61,5404100"
"201900044255";"6";"11";"2019";"19:00";"5";"22";"22162";"2";"1";"3";"6";"13 Rue du Professeur Jean Renaud";"48,7779700";" -3,0386770"
"201900044256";"21";"2";"2019";"18:55";"2";"971";"97107";"2";"1";"1";"2";"PERRINON ( RUE )";"16,0428100";" -61,5651300"
"201900044257";"7";"11";"2019";"18:35";"3";"27";"27448";"1";"1";"2";"2";"D141";"48,9973300";"1,3455870"
"201900044258";"24";"2";"2019";"21:00";"5";"2A";"2A004";"2";"9";"1";"3";"CALVI  ROUTE";"41,9541000";"8,7839000"
"201900044259";"6";"11";"2019";"20:00";"3";"76";"76244";"1";"1";"2";"7";"D928";"49,7056480";"1,3994730"
"201900044260";"20";"2";"2019";"13:25";"1";"86";"86194";"1";"4";"1";"5";"BIGNOUX (RUE DE)";"46,5842900";"0,3938000"
"201900044261";"19";"2";"2019";"16:50";"1";"86";"86194";"2";"1";"1";"6";"NORMANDIE NIEMEN (RUE)";"46,5646157";"0,3389032"
"201900044262";"6";"11";"2019";"18:59";"5";"13";"13211";"1";"1";"1";"4";"A50-Sens Marseille vers Aubagne";"43,2867030";"5,4340290"
"201900044263";"24";"2";"2019";"14:30";"1";"85";"85008";"2";"1";"1";"3";"D160";"46,6532000";" -1,5054000"
"201900044264";"6";"11";"2019";"08:30";"1";"13";"13215";"1";"1";"1";"3";"A7-Sens Marseille vers Lyon";"43,3580430";"5,3627890"
"201900044265";"20";"2";"2019";"18:55";"5";"84";"84007";"2";"1";"1";"3";"LYON (route de )";"43,9509400";"4,8259600"
"201900044266";"5";"11";"2019";"21:30";"3";"13";"13071";"1";"1";"1";"2";"A7-Sens Lyon vers Marseille";"43,4153200";"5,2776500"
"201900044267";"19";"2";"2019";"17:05";"1";"83";"83126";"1";"9";"1";"3";"MAR VIVO AUX DEUX CHENES (CHEMIN DE)";"43,0765800";"5,8810500"
"201900044268";"31";"10";"2019";"19:00";"3";"83";"83062";"1";"1";"2";"5";"A57";"43,1434000";"6,0142000"
"201900044269";"18";"2";"2019";"17:05";"1";"78";"78646";"2";"1";"1";"3";"MARECHAL JOFFRE (RUE DU)";"48,7947300";"2,1211200"
"201900044270";"20";"2";"2019";"06:45";"5";"78";"78220";"1";"1";"5";"4";"RN 10";"48,7222300";"1,8884100"
"201900044271";"1";"11";"2019";"01:00";"3";"69";"69256";"1";"1";"2";"6";"A42     0.560 A 4.020";"45,8041865";"4,9261387"
"201900044272";"23";"2";"2019";"18:30";"5";"78";"78642";"2";"3";"1";"6";"MALRAUX BD ANDRE";"48,9808000";"1,9732000"
"201900044273";"6";"11";"2019";"06:15";"3";"91";"91174";"1";"1";"2";"7";"RN 104";"48,6249000";"2,4682000"
"201900044274";"24";"2";"2019";"04:00";"3";"77";"77291";"1";"1";"1";"7";"BRETELLE ACCES N1104";"49,0098600";"2,6151700"
"201900044275";"6";"11";"2019";"07:30";"1";"78";"78090";"1";"1";"1";"4";"A13";"48,9703490";"1,9052340"
"201900044276";"5";"11";"2019";"14:15";"1";"93";"93007";"1";"1";"1";"2";"AUTOROUTE A3";"48,9372920";"2,4802110"
"201900044277";"21";"2";"2019";"14:00";"1";"77";"77390";"2";"1";"1";"6";"D1021 - JEAN MONNET (AVENUE)";"48,7965100";"2,6483800"
"201900044278";"5";"11";"2019";"10:30";"1";"93";"93008";"1";"1";"1";"2";"AUTOROUTE A86";"48,9137500";"2,4329800"
"201900044279";"28";"10";"2019";"20:45";"3";"95";"95277";"1";"1";"1";"6";"AUTOROUTE A1";"48,9825200";"2,5014700"
"201900044280";"6";"11";"2019";"17:30";"5";"94";"94042";"1";"1";"2";"4";"A4";"48,8288000";"2,4784700"
"201900044281";"21";"2";"2019";"15:50";"1";"77";"77243";"2";"1";"1";"6";"POIDS AUX LOMBARDS  (RUE DES  )";"48,8763000";"2,7054600"
"201900044282";"25";"2";"2019";"01:00";"3";"77";"77186";"1";"1";"1";"6";"RD58";"48,3913200";"2,7070500"
"201900044283";"6";"11";"2019";"18:15";"3";"77";"77337";"1";"1";"2";"4";"A4";"48,8299000";"2,6167000"
"201900044284";"20";"2";"2019";"16:50";"1";"76";"76540";"2";"1";"1";"1";"DESSEAUX. RUE";"49,4309900";"1,0930200"
"201900044285";"4";"11";"2019";"12:40";"1";"71";"71306";"2";"1";"1";"7";"JULES CHAGOT (QUAI)";"46,6780900";"4,3644300"
"201900044286";"23";"2";"2019";"12:35";"1";"68";"68297";"2";"1";"1";"7";"ACACIAS ( RUE DES )";"47,5897260";"7,5651990"
"201900044287";"31";"10";"2019";"12:10";"1";"45";"45068";"2";"1";"2";"7";"81 R A BRIAND";"48,0118421";"2,7396272"
"201900044288";"2";"11";"2019";"21:00";"5";"13";"13205";"2";"1";"2";"6";"ISLY (RUE D')";"43,2863300";"5,3929200"
"201900044289";"31";"10";"2019";"23:15";"5";"13";"13075";"2";"3";"1";"3";"FREDERIC MISTRAL (AVE)";"43,3490000";"5,4681300"
"201900044290";"20";"2";"2019";"17:00";"1";"67";"67482";"2";"3";"1";"3";"SAINT FLORENT (RUE)";"48,5943500";"7,7218200"
"201900044291";"30";"10";"2019";"18:15";"5";"13";"13209";"2";"1";"1";"6";"CHE DE LA COLLINE SAINT JOSEPH";"43,2528490";"5,4145250"
"201900044292";"23";"2";"2019";"09:00";"1";"64";"64545";"1";"1";"1";"3";"RD810";"43,3460849";" -1,7522329"
"201900044293";"29";"10";"2019";"16:35";"1";"13";"13208";"2";"2";"1";"6";"JEAN MERMOZ (RUE)";"43,2745300";"5,3869200"
"201900044294";"28";"10";"2019";"18:45";"5";"13";"13209";"2";"1";"1";"3";"MARÉCHAL DE LATTRE (AVENUE)";"43,2400000";"5,4100000"
"201900044295";"6";"2";"2019";"18:55";"3";"62";"62528";"1";"1";"2";"1";"BETHUNE (RTE DE)";"50,4603400";"2,7705400"
"201900044296";"30";"10";"2019";"18:28";"5";"13";"13028";"2";"1";"1";"3";"ROUMANILLE (AVENUE JOSEPH)";"43,1900000";"5,6100000"
"201900044297";"21";"2";"2019";"11:35";"1";"61";"61001";"2";"3";"1";"3";"LAZARE CARNOT (RUE)";"48,4448470";"0,0980730"
"201900044298";"24";"6";"2019";"08:22";"1";"75";"75115";"2";"1";"1";"3";"RUE D ORADOUR SUR GLANE";"48,8314310";"2,2825200"
"201900044299";"1";"11";"2019";"20:05";"5";"93";"93045";"2";"2";"2";"3";"DECROS EUGENE BOULEVARD";"48,8828890";"2,4157060"
"201900044300";"24";"2";"2019";"12:45";"1";"59";"59009";"2";"1";"1";"7";"OUEST BOULEVARD DE L";"50,6387823";"3,1221201"
"201900044301";"4";"11";"2019";"09:30";"1";"95";"95218";"1";"1";"1";"2";"AUTOROUTE A15";"49,0361900";"2,0952800"
"201900044302";"19";"2";"2019";"07:05";"5";"57";"57221";"2";"2";"2";"3";"LORRAINE (AVENUE DE)";"49,3232118";"6,1166990"
"201900044303";"2";"11";"2019";"21:35";"3";"93";"93064";"1";"1";"2";"2";"AUTOROUTE A86";"48,8853400";"2,4716700"
"201900044304";"2";"11";"2019";"02:10";"5";"93";"93066";"1";"1";"2";"5";"AUTOROUTE A1";"48,9281100";"2,3580000"
"201900044305";"20";"2";"2019";"15:15";"1";"54";"54395";"2";"1";"1";"7";"REPUBLIQUE (RUE DE LA)";"48,6824490";"6,1784820"
"201900044306";"31";"10";"2019";"21:20";"4";"95";"95582";"1";"1";"1";"2";"AUTOROUTE A15";"48,9699400";"2,2500100"
"201900044307";"4";"11";"2019";"19:55";"5";"988";"98818";"2";"3";"1";"3";"RUE AUGUSTE BENEBIG/RUE BATAILLE";" -22,2718800";"166,4505500"
"201900044308";"23";"2";"2019";"17:38";"1";"51";"51454";"2";"1";"1";"2";"ROUTE DE WITRY";"49,2680643";"4,0681002"
"201900044309";"5";"11";"2019";"18:05";"3";"976";"97611";"2";"1";"1";"6";"kaweni-Pendu (Place)";" -12,7615900";"45,2280000"
"201900044310";"23";"2";"2019";"19:30";"3";"50";"50147";"1";"1";"1";"1";"ROCADE NORD";"49,0616400";" -1,4520200"
"201900044311";"21";"2";"2019";"22:10";"3";"42";"42031";"1";"1";"1";"6";"RD 3";"45,4038900";"4,2353900"
"201900044312";"2";"11";"2019";"21:05";"5";"973";"97302";"2";"3";"1";"1";"MONTABO (ROUTE DE) 1";"4,9416578";" -52,3041916"
"201900044313";"30";"10";"2019";"10:50";"1";"973";"97302";"2";"1";"1";"6";"MANGUES (RUE DES - CITE MANGUIERS)";"4,9343572";" -52,3230314"
"201900044314";"5";"11";"2019";"18:15";"5";"69";"69387";"2";"3";"1";"3";"CHALLEMEL LACOUR                    (R )";"45,7293900";"4,8458600"
"201900044315";"19";"2";"2019";"18:30";"5";"38";"38563";"2";"6";"1";"3";"BRUNERIE (CARREFOUR DE LA)";"45,3797000";"5,5808500"
"201900044316";"5";"11";"2019";"07:30";"2";"69";"69387";"2";"1";"2";"3";"JEAN JAURES                         (AV)";"45,7403600";"4,8389500"
"201900044317";"21";"2";"2019";"14:37";"1";"37";"37261";"2";"1";"1";"6";"GUYNEMER (RUE GEORGES)";"47,3806385";"0,7042642"
"201900044318";"7";"2";"2019";"12:20";"1";"35";"35281";"2";"2";"1";"6";"AURIOL (JACQUELINE)";"48,0756300";" -1,7243500"
"201900044319";"31";"10";"2019";"14:50";"1";"69";"69386";"2";"2";"1";"3";"GERMAIN                             (R )";"45,7651800";"4,8658200"
"201900044320";"5";"11";"2019";"17:05";"2";"69";"69149";"2";"1";"2";"6";"GRANDE RUE                          (GR)";"45,7129000";"4,8041000"
"201900044321";"20";"2";"2019";"23:20";"5";"35";"35238";"2";"2";"1";"3";"FREVILLE (AVENUE HENRI)";"48,0837370";" -1,6751040"
"201900044322";"4";"11";"2019";"21:20";"3";"971";"97101";"2";"1";"1";"2";"PETIT PEROU";"16,2574842";" -61,5198424"
"201900044323";"20";"2";"2019";"12:10";"1";"34";"34172";"2";"3";"1";"6";"CLEMENCEAU (AVENUE GEORGES)";"43,6044600";"3,8736400"
"201900044324";"2";"11";"2019";"05:00";"5";"971";"97101";"1";"1";"2";"2";"GRAND CAMP(SECTION)";"16,2538400";" -61,5410300"
"201900044325";"20";"2";"2019";"23:00";"4";"34";"34129";"1";"1";"1";"1";"AGAU (AVENUE DE L')";"43,5799300";"3,9081700"
"201900044326";"25";"10";"2019";"12:20";"1";"91";"91312";"2";"1";"1";"3";"PIERRE LESCOT (RUE)";"48,7331300";"2,2223400"
"201900044327";"2";"11";"2019";"17:00";"1";"91";"91692";"1";"1";"2";"3";"OCEANIE (AVENUE DE L')";"48,6812860";"2,2032160"
"201900044328";"8";"2";"2019";"14:40";"1";"33";"33249";"2";"3";"1";"6";"Av de la Libération / R. Jean Auriac";"44,8758700";" -0,5193600"
"201900044329";"4";"11";"2019";"09:15";"1";"91";"91377";"2";"9";"1";"1";"DE LATTRE DE TASSIGNY (AVENUE DU MARECHA";"48,7253300";"2,2834300"
"201900044330";"21";"2";"2019";"09:35";"1";"31";"31555";"1";"1";"1";"3";"VA007331 A620";"43,5689900";"1,4222700"
"201900044331";"5";"11";"2019";"18:40";"2";"91";"91657";"2";"2";"1";"6";"JULES VERNE (RUE)";"48,7032300";"2,4345700"
"201900044332";"21";"2";"2019";"12:30";"1";"31";"31555";"2";"1";"1";"6";"RUE MAURICE FONVIEILLE";"43,6036400";"1,4506200"
"201900044333";"5";"11";"2019";"07:35";"2";"91";"91201";"2";"2";"2";"6";"RIS (RUE DE)";"48,6626000";"2,4176300"
"201900044334";"21";"2";"2019";"11:45";"1";"31";"31555";"2";"3";"1";"3";"RUE DU FAUBOURG BONNEFOY";"43,6162600";"1,4534100"
"201900044335";"3";"11";"2019";"20:44";"5";"87";"87085";"2";"2";"2";"3";"PERRIN (RUE FRANCOIS)";"45,8272700";"1,2395100"
"201900044336";"19";"2";"2019";"18:00";"5";"31";"31149";"2";"1";"1";"3";"MARCEL DASSAULT (BOULEVARD)";"43,6100600";"1,3499100"
"201900044337";"2";"11";"2019";"23:22";"5";"87";"87075";"2";"2";"2";"3";"BAYLES (AVENUE DES)";"45,8099400";"1,2200000"
"201900044338";"21";"2";"2019";"08:36";"1";"31";"31555";"1";"1";"1";"3";"VA007553 A61";"43,6341800";"1,4779100"
"201900044339";"20";"2";"2019";"16:15";"1";"31";"31555";"1";"1";"1";"2";"VA007331 A620";"43,6259500";"1,4188900"
"201900044340";"1";"11";"2019";"17:48";"1";"87";"87085";"2";"3";"2";"3";"GARIBALDI (AVENUE)";"45,8384000";"1,2585900"
"201900044341";"1";"11";"2019";"19:20";"5";"86";"86194";"2";"1";"2";"6";"FAUBOURG SAINT CYPRIEN (RUE DU)";"46,5666132";"0,3443044"
"201900044342";"18";"2";"2019";"04:40";"5";"30";"30007";"2";"3";"1";"3";"ONZE NOVEMBRE 1918 (QUAI DU)";"44,1336930";"4,0782489"
"201900044343";"1";"11";"2019";"12:20";"1";"86";"86066";"2";"6";"2";"2";"BROSSOLETTE (ROND POINT PIERRE)";"46,7959900";"0,5275500"
"201900044344";"4";"11";"2019";"18:55";"5";"83";"83137";"2";"3";"1";"3";"FILS MARESCOT (AVE DES)";"43,1522800";"5,9035600"
"201900044345";"19";"2";"2019";"14:50";"1";"29";"29019";"2";"6";"1";"3";"EUROPE (DE 201 A 215)";"48,4091346";" -4,5200921"
"201900044346";"4";"11";"2019";"17:50";"5";"83";"83069";"2";"1";"8";"2";"COSTEBELLE (MONTEE DE)";"43,1094000";"6,1221000"
"201900044347";"17";"2";"2019";"13:22";"1";"22";"22187";"2";"1";"1";"7";"PECHEURS (rue des )";"48,5325003";" -2,7308621"
"201900044348";"4";"11";"2019";"10:35";"1";"80";"80021";"2";"1";"1";"3";"ALEXANDRE DUMAS (RUE)";"49,8715500";"2,2986600"
"201900044349";"4";"11";"2019";"07:55";"1";"80";"80021";"2";"1";"2";"6";"VERDUN (RUE DE )";"49,8939600";"2,3115300"
"201900044350";"21";"2";"2019";"14:35";"1";"17";"17300";"2";"3";"1";"6";"CHAUDRIER   RUE";"46,1627200";" -1,1524130"
"201900044351";"5";"11";"2019";"17:45";"5";"77";"77284";"2";"1";"8";"6";"ROSE (BD.JEAN)";"48,9620000";"2,8790000"
"201900044352";"5";"11";"2019";"16:50";"1";"77";"77284";"2";"1";"1";"6";"BRAILLE (RUE LOUIS)";"48,9670800";"2,8731000"
"201900044353";"4";"11";"2019";"19:15";"5";"76";"76575";"2";"1";"1";"6";"CROIZAT. AVENUE AMBROISE";"49,3705100";"1,1049900"
"201900044354";"4";"11";"2019";"21:25";"5";"76";"76447";"2";"1";"2";"6";"BELLE ETOILE";"49,5352000";"0,1771100"
"201900044355";"1";"11";"2019";"19:08";"5";"76";"76351";"2";"1";"3";"6";"FLEURUS (DE)";"49,4906560";"0,1398460"
"201900044356";"24";"2";"2019";"17:05";"1";"13";"13207";"2";"1";"1";"3";"Corniche John Fitzgérald Kennedy";"43,2841400";"5,3497800"
"201900044357";"4";"11";"2019";"16:50";"1";"72";"72181";"2";"1";"2";"6";"CHAMPION HENRI (RUE) N° PAIRS";"47,9824900";"0,2282300"
"201900044358";"21";"2";"2019";"16:40";"1";"13";"13210";"2";"9";"1";"1";"RABATAU (BOULEVARD)";"43,2811600";"5,3994600"
"201900044359";"21";"2";"2019";"08:40";"1";"13";"13204";"2";"3";"1";"3";"FRANÇOISE DUPARC (BOULEVARD)";"43,3065480";"5,4009980"
"201900044360";"5";"11";"2019";"14:20";"1";"69";"69290";"2";"1";"8";"3";"GENAS (DE)                          (CH)";"45,7137900";"4,9579500"
"201900044361";"21";"2";"2019";"07:20";"1";"13";"13005";"2";"1";"1";"1";"THUILIERE (CHEMIN DE LA CD44)";"43,2964600";"5,5403100"
"201900044362";"5";"11";"2019";"13:00";"1";"67";"67482";"2";"3";"8";"6";"KENTZINGER (RUE)";"48,5735302";"7,7963037"
"201900044363";"21";"2";"2019";"13:50";"1";"12";"12202";"2";"1";"1";"6";"PARAIRE (RUE DE)";"44,3485000";"2,5622000"
"201900044364";"14";"2";"2019";"17:25";"1";"7";"07019";"2";"1";"1";"6";"LESIN LACOSTE (RUE)";"44,6209500";"4,3868700"
"201900044365";"4";"11";"2019";"23:50";"5";"67";"67482";"2";"1";"1";"6";"WILSON (TUNNEL WODLI )";"48,5881200";"7,7373800"
"201900044366";"4";"11";"2019";"10:45";"1";"67";"67482";"2";"1";"1";"3";"SCHUTZENBERGER (AVENUE)";"48,5951150";"7,7583240"
"201900044367";"21";"2";"2019";"18:10";"5";"6";"06088";"2";"1";"1";"2";"VOIE RAPIDE";"43,6999700";"7,2508800"
"201900044368";"4";"11";"2019";"08:20";"5";"66";"66136";"2";"2";"1";"3";"PANCHOT (AVENUE JULIEN)";"42,6859100";"2,8679430"
"201900044369";"21";"2";"2019";"11:35";"1";"6";"06069";"2";"1";"1";"6";"CROISSET (AVENUE FR. DE)";"43,6667800";"6,9363400"
"201900044370";"4";"11";"2019";"11:30";"1";"66";"66136";"2";"1";"1";"2";" Bd BERLIET MARIUS";"42,7335200";"2,8901900"
"201900044371";"24";"2";"2019";"01:50";"5";"6";"06029";"2";"1";"1";"6";"JOURDAN (AVENUE MICHEL)";"43,5594500";"6,9681700"
"201900044372";"5";"11";"2019";"14:50";"1";"64";"64483";"2";"9";"3";"6";"CHANTACO (AVENUE DE )";"43,3888700";" -1,6535900"
"201900044373";"21";"2";"2019";"07:40";"1";"6";"06027";"2";"1";"1";"3";"TRAVAILS CHEMIN DES";"43,6676600";"7,1393600"
"201900044374";"30";"10";"2019";"12:15";"1";"64";"64445";"2";"9";"1";"3";"RAYMOND DE CARBONNIERES";"43,3030100";" -0,3521200"
"201900044375";"19";"2";"2019";"06:45";"1";"6";"06027";"2";"4";"1";"6";"GARE AVENUE DE LA";"43,6583580";"7,1480750"
"201900044376";"30";"10";"2019";"19:55";"5";"64";"64122";"2";"1";"1";"6";"PITCHOT (RUE DE)";"43,4655597";" -1,5374313"
"201900044377";"22";"2";"2019";"20:15";"3";"1";"01031";"1";"1";"1";"1";"ALEX (ROUTE D')";"46,2330440";"5,6319110"
"201900044378";"30";"10";"2019";"22:20";"5";"64";"64125";"2";"1";"8";"3";"ESPAGNE (AVENUE D')";"43,4303300";" -1,5992700"
"201900044379";"23";"2";"2019";"06:10";"5";"75";"75112";"2";"4";"1";"6";"PORTE DE VINCENNES";"48,8443560";"2,4138960"
"201900044380";"25";"10";"2019";"19:30";"5";"63";"63124";"2";"1";"1";"6";"LECLERC (AVENUE MARECHAL)";"45,7404800";"3,1732600"
"201900044381";"24";"2";"2019";"18:35";"5";"75";"75106";"2";"2";"1";"3";"BOULEVARD DU MONTPARNASSE";"48,8438050";"2,3242940"
"201900044382";"4";"11";"2019";"14:15";"1";"59";"59350";"2";"2";"1";"3";"JAURES RUE JEAN";"50,6226100";"3,0730500"
"201900044383";"24";"2";"2019";"04:55";"5";"75";"75117";"2";"1";"1";"6";"RUE DE COURCELLES";"48,8895380";"2,2927600"
"201900044384";"4";"11";"2019";"08:00";"2";"58";"58194";"2";"3";"2";"3";"MONTOTS";"46,9925000";"3,1354000"
"201900044385";"7";"10";"2019";"07:20";"1";"57";"57240";"2";"6";"1";"3";"HOPITAL (RUE DE L')";"49,1460316";"6,8100616"
"201900044386";"23";"2";"2019";"21:40";"5";"75";"75115";"2";"3";"1";"6";"RUE LEBLANC";"48,8363890";"2,2805690"
"201900044387";"5";"11";"2019";"12:46";"1";"54";"54395";"2";"1";"1";"7";"SAINT DIZIER (RUE 2 A 80-1 A 109 BIS)";"48,6887000";"6,1838000"
"201900044388";"5";"11";"2019";"17:00";"2";"51";"51454";"2";"3";"1";"1";"RUE PIERRE MEHAULT";"49,2259225";"4,0292140"
"201900044389";"23";"2";"2019";"17:50";"1";"75";"75115";"2";"2";"1";"3";"RUE DE LA CONVENTION";"48,8367550";"2,2980600"
"201900044390";"4";"11";"2019";"14:04";"1";"49";"49015";"2";"1";"2";"2";"VIEILLE PREE AVENUE DE LA";"47,5034200";" -0,5943300"
"201900044391";"4";"11";"2019";"08:11";"5";"49";"49007";"2";"1";"2";"2";"VOIE DES BERGES";"47,4712500";" -0,5600300"
"201900044392";"4";"11";"2019";"17:53";"2";"49";"49007";"2";"1";"2";"4";"VOIE DES BERGES";"47,4885000";" -0,5457000"
"201900044393";"30";"10";"2019";"20:42";"5";"49";"49007";"2";"1";"3";"3";"CHEF DE VILLE";"47,4762200";" -0,5729800"
"201900044394";"6";"11";"2019";"00:20";"5";"45";"45234";"2";"2";"1";"3";"R DU PRESSOIR NEUF - R DE LA BORDE";"47,9096200";"1,9239400"
"201900044395";"5";"11";"2019";"10:00";"1";"45";"45232";"2";"1";"2";"6";"AV VICTOR HUGO";"47,8578760";"1,9049950"
"201900044396";"5";"11";"2019";"20:00";"3";"43";"43089";"1";"1";"1";"6";"SAUGUES (ROUTE DE)";"45,0389900";"3,8648400"
"201900044397";"4";"11";"2019";"12:40";"1";"42";"42184";"2";"3";"1";"3";"FOCH MARECHAL (RUE)";"46,0395900";"4,0378400"
"201900044398";"5";"11";"2019";"20:50";"5";"37";"37261";"2";"7";"2";"6";"COLLON (RUE GEORGES)";"47,3817000";"0,7067200"
"201900044399";"5";"11";"2019";"07:40";"1";"37";"37261";"2";"2";"8";"3";"MAINE (RUE DU)";"47,4253300";"0,6771300"
"201900044400";"5";"11";"2019";"20:55";"5";"35";"35238";"2";"1";"2";"6";"PORTE DE VILLEJEAN";"48,1245700";" -1,7157100"
"201900044401";"5";"11";"2019";"15:50";"1";"35";"35278";"2";"6";"1";"6";"ROBIQUETTE (ROND POINT DE LA)";"48,1349500";" -1,6935600"
"201900044402";"30";"10";"2019";"11:10";"1";"34";"34172";"2";"1";"1";"3";"MICHEL (RUE ERNEST)";"43,6015000";"3,8738800"
"201900044403";"25";"10";"2019";"13:07";"1";"33";"33063";"2";"2";"1";"2";"RUE DES VIGNES";"44,8320000";" -0,5656900"
"201900044404";"4";"11";"2019";"07:10";"2";"33";"33063";"2";"4";"3";"6";"AVE MARCEL DASSAULT";"44,8774600";" -0,5762000"
"201900044405";"5";"11";"2019";"13:30";"1";"33";"33529";"2";"6";"2";"3";"BERANGER (CH. DE)";"44,6195400";" -1,1426500"
"201900044406";"5";"11";"2019";"07:20";"1";"31";"31555";"1";"1";"2";"2";"VA007495 A62";"43,6514300";"1,4306400"
"201900044407";"4";"11";"2019";"12:20";"1";"29";"29232";"2";"1";"3";"7";"STANG BIHAN RUE DE";"48,0100900";" -4,1046100"
"201900044408";"2";"11";"2019";"16:20";"1";"28";"28134";"2";"1";"1";"3";"LONGS REAGES (RUE DES)";"48,7377600";"1,3331000"
"201900044409";"5";"11";"2019";"07:47";"1";"25";"25056";"2";"6";"1";"2";"CHAR  RUE RENE";"47,2195400";"5,9562700"
"201900044410";"28";"10";"2019";"17:35";"4";"25";"25056";"1";"1";"1";"4";"RN 1057 (CH. EPITAPHE-CH. MONTBOUCONS)";"47,2682150";"6,0026230"
"201900044411";"4";"11";"2019";"10:40";"1";"17";"17306";"2";"1";"2";"3";"rue louis lépine";"45,6339100";" -0,9913000"
"201900044412";"5";"11";"2019";"18:10";"5";"17";"17274";"1";"1";"1";"4";"JOLIOT-CURIE   AVENUE";"46,1574830";" -1,0748030"
"201900044413";"1";"11";"2019";"19:10";"5";"13";"13071";"1";"1";"1";"3";"ROUTE NATIONALE 113 - VILLAGE";"43,4121100";"5,3193600"
"201900044414";"5";"11";"2019";"22:30";"4";"13";"13213";"2";"1";"8";"3";"COROT (AVENUE)";"43,3226380";"5,4067210"
"201900044415";"5";"11";"2019";"15:45";"1";"13";"13202";"2";"2";"1";"3";"PEYSSONNEL (RUE)";"43,3153000";"5,3681000"
"201900044416";"5";"11";"2019";"12:15";"1";"13";"13216";"2";"3";"8";"3";"ALBIN MEYLAN (RUE)";"43,3639300";"5,3412800"
"201900044417";"31";"10";"2019";"04:20";"5";"13";"13208";"2";"1";"1";"6";"OUTRE MER (AVE)";"43,2392500";"5,3632170"
"201900044418";"31";"10";"2019";"19:15";"5";"12";"12176";"2";"1";"1";"2";"ESPALION (ROUTE D')";"44,3758030";"2,5925000"
"201900044419";"30";"10";"2019";"14:20";"1";"12";"12202";"2";"3";"1";"6";"VICTOR HUGO (AVENUE)";"44,3512630";"2,5682220"
"201900044420";"4";"11";"2019";"09:35";"1";"12";"12100";"1";"2";"3";"3";"ZAC DU PUY DE WOLF";"44,5468010";"2,3009440"
"201900044421";"5";"11";"2019";"21:33";"5";"10";"10387";"2";"2";"1";"3";"FAUBOURG CRONCELS (RUE DU)";"48,2771800";"4,0826900"
"201900044422";"5";"11";"2019";"16:10";"1";"10";"10387";"2";"1";"8";"3";"PREIZE (RUE DE)";"48,3025000";"4,0728700"