"Num_Acc";"jour";"mois";"an";"hrmn";"lum";"dep";"com";"agg";"int";"atm";"col";"adr";"lat";"long"
"201900044423";"5";"11";"2019";"16:10";"2";"10";"10387";"2";"1";"8";"6";"LOMBARDS (AVENUE)";"48,2693200";"4,0838900"
"201900044424";"2";"11";"2019";"06:20";"5";"10";"10387";"2";"1";"8";"6";"PREIZE (RUE DE)";"48,3068000";"4,0690700"
"201900044425";"5";"11";"2019";"18:40";"5";"9";"09122";"2";"1";"1";"3";"ESPAGNE (ROUTE D')";"42,9469600";"1,6271200"
"201900044426";"13";"1";"2019";"18:52";"5";"91";"91477";"2";"1";"1";"3";"MAURICE BERTEAUX (RUE)";"48,7172300";"2,2397500"
"201900044427";"13";"1";"2019";"15:10";"1";"91";"91421";"2";"4";"1";"3";"CORBEIL (ROUTE DE)";"48,7082720";"2,4410820"
"201900044428";"13";"1";"2019";"15:35";"1";"91";"91027";"2";"1";"8";"6";"JULES VALLES (AVENUE)";"48,7056500";"2,3835700"
"201900044429";"13";"1";"2019";"08:20";"1";"83";"83137";"2";"6";"1";"3";"BON RENCONTRE (ROND POINT)";"43,1279700";"5,9071900"
"201900044430";"13";"1";"2019";"06:30";"5";"83";"83069";"2";"1";"1";"2";"OLBIA  (VOIE)";"43,1151800";"6,1378000"
"201900044431";"13";"1";"2019";"05:40";"5";"77";"77118";"2";"3";"8";"5";"D422 X D404 X RUE JEAN JAURES";"48,9458300";"2,6895100"
"201900044432";"12";"1";"2019";"12:00";"1";"76";"76414";"1";"1";"2";"1";"D1";"49,8947600";"1,1359000"
"201900044433";"13";"1";"2019";"02:45";"5";"69";"69256";"2";"1";"2";"6";"GABRIEL PERI                        (AV)";"45,7728500";"4,9126600"
"201900044434";"12";"1";"2019";"10:25";"1";"69";"69029";"2";"7";"8";"6";"PIERRE BROSSOLETTE                 (AV)";"45,7429900";"4,9196900"
"201900044435";"13";"1";"2019";"21:40";"5";"44";"44162";"2";"6";"1";"6";"BD DU TERTRE/branchoire";"47,2177800";" -1,6041300"
"201900044436";"13";"1";"2019";"10:50";"1";"44";"44109";"2";"1";"1";"6";"BOULEVARD EMILE ROMANET";"47,2102200";" -1,5998400"
"201900044437";"9";"1";"2019";"18:55";"5";"18";"18033";"2";"1";"8";"6";"AVENIR (BOULEVARD)";"47,0821000";"2,3841000"
"201900044438";"13";"1";"2019";"18:50";"5";"17";"17300";"2";"1";"1";"6";"POINCARE   AVENUE RAYMOND";"46,1669000";" -1,1923700"
"201900044439";"13";"1";"2019";"02:30";"5";"17";"17300";"2";"1";"2";"6";"SAUTEL  BOULEVARD ANDRE";"46,1703660";" -1,1253810"
"201900044440";"13";"1";"2019";"17:40";"2";"13";"13202";"2";"1";"1";"4";"BASSINS DE RADOUB (BOULEVARD DES)";"43,3255500";"5,3594300"
"201900044441";"13";"1";"2019";"17:00";"2";"13";"13214";"2";"9";"1";"3";"SAINT JOSEPH (CHEMIN DE)";"43,3403700";"5,3869200"
"201900044442";"13";"1";"2019";"15:45";"1";"13";"13207";"2";"1";"1";"2";"ROCHES (AVENUE DES)";"43,2781000";"5,3631000"
"201900044443";"12";"1";"2019";"16:20";"1";"13";"13203";"2";"1";"1";"6";"FÉLIX PYAT (RUE)";"43,3146300";"5,3758200"
"201900044444";"13";"1";"2019";"01:20";"5";"13";"13075";"2";"1";"1";"6";"L'ENJOLRAS (AVE DE)";"43,3396000";"5,4549000"
"201900044445";"13";"1";"2019";"18:15";"5";"6";"06088";"2";"1";"1";"6";"JOLY (CORNICHE ANDRE DE)";"43,7010770";"7,2967470"
"201900044446";"13";"1";"2019";"20:10";"5";"6";"06069";"2";"2";"1";"3";"TASSIGNY (AVENUE DELATTRE)RD 6085";"43,6490800";"6,9317200"
"201900044447";"13";"1";"2019";"15:00";"1";"6";"06069";"2";"1";"1";"6";"MARIGARDE (ROUTE DE LA)";"43,6552300";"6,9415900"
"201900044448";"13";"1";"2019";"02:30";"5";"75";"75116";"2";"1";"2";"3";"PORTE DE SAINT CLOUD";"48,8355390";"2,2586700"
"201900044449";"13";"1";"2019";"19:40";"5";"75";"75119";"2";"3";"2";"6";"RUE DE KABYLIE";"48,8842960";"2,3675560"
"201900044450";"13";"1";"2019";"02:40";"5";"75";"75119";"2";"2";"2";"3";"AVENUE DE FLANDRE";"48,8924370";"2,3788940"
"201900044451";"13";"1";"2019";"14:55";"1";"75";"75118";"2";"3";"1";"6";"RUE DAMREMONT";"48,8893040";"2,3335550"
"201900044452";"13";"1";"2019";"04:00";"4";"75";"75116";"2";"2";"1";"3";"AVENUE KLEBER";"48,8724360";"2,2940710"
"201900044453";"13";"1";"2019";"16:30";"1";"75";"75110";"2";"3";"1";"3";"BOULEVARD DE STRASBOURG";"48,8706060";"2,3549670"
"201900044454";"13";"1";"2019";"20:55";"5";"75";"75108";"2";"3";"2";"3";"AVENUE CESAR CAIRE";"48,8761640";"2,3194710"
"201900044455";"12";"1";"2019";"21:30";"5";"75";"75101";"2";"4";"2";"6";"AVENUE DE L OPERA";"48,8663660";"2,3341550"
"201900044456";"13";"1";"2019";"19:55";"5";"94";"94017";"2";"9";"2";"6";"MATISSE (R)";"48,8077400";"2,5498400"
"201900044457";"13";"1";"2019";"21:40";"3";"93";"93073";"2";"1";"2";"6";"CIRCUIT CAROLE";"49,0079000";"2,5115000"
"201900044458";"13";"1";"2019";"11:30";"1";"93";"93078";"2";"3";"8";"3";"BALLANGER (BD ROBERT)";"48,9532820";"2,5323660"
"201900044459";"13";"1";"2019";"15:00";"1";"93";"93064";"2";"9";"8";"2";"KENNEDY (AVENUE DU PRESIDENT)";"48,8803600";"2,4936500"
"201900044460";"13";"1";"2019";"19:45";"3";"93";"93064";"2";"3";"1";"6";"BLUM (RUE LEON)";"48,8854770";"2,4775870"
"201900044461";"13";"1";"2019";"21:50";"5";"93";"93027";"2";"1";"2";"6";"VAILLANT-COUTURIER (AVENUE PAUL)";"48,9260100";"2,4163900"
"201900044462";"5";"1";"2019";"17:15";"2";"92";"92035";"2";"2";"1";"6";"National ( boulevard )";"48,9066400";"2,2391100"
"201900044463";"13";"1";"2019";"13:50";"1";"92";"92007";"2";"2";"1";"3";"PASTEUR (AVENUE LOUIS) N° 1 A 39 ET 2 A";"48,7979000";"2,3175000"
"201900044464";"13";"1";"2019";"18:00";"3";"52";"52307";"1";"1";"8";"6";"Autoroute A5 PK 224+100";"47,9367320";"5,2027100"
"201900044465";"13";"1";"2019";"15:00";"1";"59";"59123";"1";"1";"8";"6";"D925";"50,5185101";"2,9910090"
"201900044466";"13";"1";"2019";"18:00";"2";"974";"97423";"1";"1";"1";"6";"RD 9 - Montée Panon";" -21,1054910";"55,2744720"
"201900044467";"7";"1";"2019";"13:15";"1";"978";"97801";"2";"1";"1";"1";"boulevard de France et rue Félix Eboué";"18,0665490";" -63,0870720"
"201900044468";"14";"1";"2019";"09:26";"1";"74";"74173";"1";"1";"4";"5";"ROUTE NATIONALE";"45,8427810";"6,5896470"
"201900044469";"13";"1";"2019";"11:40";"1";"82";"82126";"1";"1";"2";"6";"chemin de traversié";"44,1572030";"1,5579170"
"201900044470";"13";"1";"2019";"22:15";"3";"33";"33391";"1";"1";"2";"6";"lieu dit le coutan";"44,4204400";" -0,1558800"
"201900044471";"13";"1";"2019";"13:10";"1";"33";"33381";"2";"6";"2";"3";"Avenue de LUZANNE";"44,7486700";" -0,4323800"
"201900044472";"13";"1";"2019";"21:20";"3";"32";"32269";"1";"1";"1";"6";"D 654";"43,7916420";"0,8331220"
"201900044473";"13";"1";"2019";"05:30";"3";"47";"47051";"1";"1";"2";"6";"D215";"44,1730090";"0,7196620"
"201900044474";"9";"1";"2019";"11:50";"1";"34";"34010";"1";"1";"1";"5";"RD 27";"43,6953150";"3,5786490"
"201900044475";"13";"1";"2019";"10:50";"1";"68";"68107";"1";"9";"3";"6";"cd419";"47,6306670";"7,1363690"
"201900044476";"13";"1";"2019";"18:55";"3";"22";"22248";"1";"1";"2";"1";"kermilon";"48,6057466";" -3,1239399"
"201900044477";"11";"1";"2019";"15:30";"1";"22";"22147";"2";"3";"1";"3";"place de la madeleine";"48,1935141";" -2,4143776"
"201900044478";"13";"1";"2019";"11:30";"1";"3";"03223";"1";"1";"1";"6";"Chitin";"46,1747868";"3,5847263"
"201900044479";"11";"1";"2019";"09:30";"2";"66";"66148";"2";"1";"7";"2";"rue du grand large";"42,5197490";"3,1041670"
"201900044480";"14";"1";"2019";"14:40";"1";"7";"07338";"2";"1";"2";"6";"avenue de privas D2";"44,8939010";"4,6411360"
"201900044481";"13";"1";"2019";"16:00";"1";"53";"53215";"1";"1";"8";"6";"le bois";"47,7928700";" -0,7083490"
"201900044482";"14";"1";"2019";"12:20";"1";"85";"85012";"1";"1";"1";"6";"63 route de la rive";"46,8764900";" -2,1242300"
"201900044483";"13";"1";"2019";"20:45";"3";"85";"85107";"1";"1";"1";"6";"La Promenade";"46,9582900";" -1,2484400"
"201900044484";"12";"1";"2019";"16:15";"1";"24";"24532";"1";"2";"2";"3";"moulin neuf";"44,6691000";"0,4653300"
"201900044485";"9";"1";"2019";"16:10";"1";"77";"77480";"1";"9";"4";"2";"autoroute A5";"48,4473900";"2,9017100"
"201900044486";"13";"1";"2019";"06:10";"3";"73";"73151";"1";"1";"3";"3";"Autoroute A41";"45,4724044";"6,0173464"
"201900044487";"14";"1";"2019";"11:20";"1";"4";"04197";"1";"1";"1";"7";"autoroute A.51, PK 67+530";"43,7822620";"5,8040730"
"201900044488";"14";"1";"2019";"08:45";"1";"42";"42011";"1";"1";"8";"4";"Autoroute A89 - PK 490+500 sens LYON/BALBIGNY";"45,8402030";"4,2021060"
"201900044489";"14";"1";"2019";"07:40";"1";"6";"06152";"1";"3";"1";"1";"946 route d'Antibes";"43,6234390";"7,0103750"
"201900044490";"13";"1";"2019";"18:30";"3";"67";"67239";"1";"1";"3";"2";"A35 pk 445.800";"48,2351904";"7,4076816"
"201900044491";"13";"1";"2019";"21:50";"3";"77";"77339";"1";"1";"2";"4";"Autoroute A6 PK 54+600 dans le sens Paris/Lyon";"48,3893300";"2,5553700"
"201900044492";"13";"1";"2019";"19:30";"5";"974";"97415";"2";"1";"1";"1";"RN1A";" -21,0148224";"55,2707248"
"201900044493";"13";"1";"2019";"20:40";"3";"973";"97311";"2";"7";"1";"6";"ZAE DESMARINIERES, route des chutes voltaire";"5,4663750";" -54,0292170"
"201900044494";"14";"1";"2019";"07:30";"1";"973";"97304";"2";"3";"7";"2";"félix éboué";"5,1663751";" -52,6398857"
"201900044495";"13";"1";"2019";"20:30";"5";"971";"97116";"2";"1";"1";"6";"Route Remy NAINSOUTA";"16,3246930";" -61,4801790"
"201900044496";"13";"1";"2019";"04:00";"5";"971";"97128";"2";"1";"2";"6";"Fond Thézan, RN4";"16,2182000";" -61,4083170"
"201900044497";"14";"1";"2019";"12:15";"1";"11";"11076";"2";"1";"2";"1";"avenue du campus Jean Durand";"43,3048780";"1,9394200"
"201900044498";"11";"1";"2019";"14:40";"1";"21";"21464";"2";"1";"1";"2";"rue Charles Arnoult";"47,1335160";"4,9674920"
"201900044499";"13";"1";"2019";"19:50";"3";"42";"42304";"1";"1";"1";"6";"Route de les chaux";"45,5240910";"4,1827500"
"201900044500";"13";"1";"2019";"05:20";"5";"44";"44047";"2";"6";"1";"7";"45 boulevard de la libération";"47,2152850";" -1,6816580"
"201900044501";"13";"1";"2019";"18:00";"3";"13";"13005";"1";"1";"1";"2";"A52-Sens Pont de l'Etoile vers Toulon";"43,3099520";"5,5917810"
"201900044502";"12";"1";"2019";"03:00";"3";"13";"13043";"1";"1";"1";"7";"A55-Sens Marseille vers Martigues";"43,3853390";"5,2383620"
"201900044503";"13";"1";"2019";"00:00";"3";"1";"01275";"1";"1";"2";"6";"A42   4.353 A 5.760   GEN/LYON";"45,8061370";"4,9241290"
"201900044504";"13";"1";"2019";"07:05";"3";"94";"94065";"1";"1";"1";"6";"AUTOROUTE A106";"48,7501700";"2,3557900"
"201900044505";"13";"1";"2019";"01:20";"3";"91";"91064";"1";"9";"2";"7";"RN 118";"48,7489700";"2,2185000"
"201900044506";"13";"1";"2019";"10:05";"1";"78";"78297";"1";"1";"1";"6";"RN12";"48,7929730";"2,0533230"
"201900044507";"12";"1";"2019";"12:40";"1";"92";"92036";"1";"1";"1";"3";"A86";"48,9379475";"2,2980531"
"201900044508";"7";"1";"2019";"18:00";"3";"91";"91421";"1";"1";"1";"4";"NATIONALE 6 (PARTIE FORET)";"48,6894680";"2,4756650"
"201900044509";"7";"1";"2019";"18:15";"3";"62";"62617";"1";"1";"1";"1";"DROUVIN (RUE DE)";"50,4847700";"2,6547300"
"201900044510";"9";"1";"2019";"18:10";"5";"59";"59350";"2";"2";"1";"6";"ROTONDE AVENUE DE LA";"50,6328400";"2,9906000"
"201900044511";"8";"1";"2019";"17:10";"5";"59";"59155";"2";"2";"2";"6";"VAUBAN - BOULEVARD";"51,0241900";"2,3885600"
"201900044512";"7";"1";"2019";"08:10";"3";"59";"59155";"1";"1";"1";"4";"LIBERATION - AVENUE";"51,0282800";"2,4032100"
"201900044513";"3";"1";"2019";"16:00";"1";"42";"42218";"1";"1";"7";"6";"CONDAMINE (LIEU DIT)";"45,4555620";"4,2631060"
"201900044514";"9";"1";"2019";"18:05";"3";"41";"41018";"2";"1";"2";"2";"CITES UNIES (ROND POINT)";"47,6101100";"1,3393500"
"201900044515";"7";"1";"2019";"17:15";"5";"27";"27229";"2";"1";"1";"6";"CARNOT (RUE)";"49,0294900";"1,1796500"
"201900044516";"10";"1";"2019";"09:45";"1";"93";"93078";"1";"1";"1";"3";"AUTOROUTE A104";"48,9706000";"2,5010700"
"201900044517";"10";"1";"2019";"08:30";"1";"95";"95582";"1";"1";"1";"7";"RD 170";"48,9647700";"2,2694300"
"201900044518";"8";"1";"2019";"19:45";"3";"93";"93007";"1";"1";"1";"2";"AUTOROUTE A3";"48,9189400";"2,4786700"
"201900044519";"8";"1";"2019";"15:00";"1";"60";"60138";"1";"1";"1";"6";"AUTOROUTE A1";"49,2152300";"2,6255600"
"201900044520";"8";"1";"2019";"15:30";"1";"93";"93006";"1";"1";"1";"7";"AUTOROUTE A3";"48,8644400";"2,4143500"
"201900044521";"8";"1";"2019";"01:20";"3";"93";"93066";"1";"1";"1";"3";"AUTOROUTE A1";"48,9284200";"2,3583700"
"201900044522";"6";"1";"2019";"22:10";"3";"95";"95572";"1";"1";"1";"6";"AUTOROUTE A15";"49,0310700";"2,1214300"
"201900044523";"11";"1";"2019";"10:00";"1";"988";"98818";"2";"6";"1";"2";"Iekawe/DE BECHADE (RUE ANDRE)";" -22,2446100";"166,4686400"
"201900044524";"8";"1";"2019";"12:39";"1";"988";"98818";"2";"3";"1";"3";"AVENUE JAMES COOK/CDT AMIRAL J. DU BOUZET";" -22,2671700";"166,4118500"
"201900044525";"11";"1";"2019";"16:30";"1";"976";"97611";"2";"1";"1";"6";"cavani-Rond point du Stade";" -12,7844300";"45,2239000"
"201900044526";"11";"1";"2019";"05:55";"1";"976";"97611";"2";"1";"1";"6";"kaweni-Kaweni sud  (Z I)";" -12,7700000";"45,2200000"
"201900044527";"10";"1";"2019";"20:40";"4";"976";"97611";"2";"1";"1";"7";"mgombani-M'Gombani ( rue de )";" -12,7828800";"45,2324500"
"201900044528";"12";"1";"2019";"02:10";"5";"974";"97416";"2";"1";"1";"6";"GEOFFROY (RUE LISLET)";" -21,3438900";"55,4753800"
"201900044529";"7";"1";"2019";"08:15";"3";"974";"97411";"2";"7";"1";"3";"LITTORAL (ROUTE 3 DU)";" -20,8958300";"55,3767700"
"201900044530";"9";"1";"2019";"19:35";"3";"974";"97411";"1";"7";"1";"3";"route du Littoral";" -20,8958280";"55,3765919"
"201900044531";"7";"1";"2019";"17:45";"1";"974";"97407";"1";"6";"8";"3";"TAMATAVE (BOULEVARD)";" -20,9306320";"55,3080820"
"201900044532";"7";"1";"2019";"12:30";"1";"974";"97407";"1";"1";"2";"2";"Route Nationale 1";" -20,9580200";"55,3096200"
"201900044533";"12";"1";"2019";"04:15";"5";"973";"97302";"2";"1";"1";"6";"MADELEINE (ROUTE DE LA)";"4,9299640";" -52,3258853"
"201900044534";"12";"1";"2019";"07:30";"1";"973";"97302";"2";"6";"1";"3";"GALMOT (AVENUE)";"4,9313800";" -52,3299000"
"201900044535";"8";"1";"2019";"16:30";"1";"973";"97302";"2";"1";"1";"3";"TROUBIRAN (CHEMIN DE)";"4,9249615";" -52,3036337"
"201900044536";"12";"1";"2019";"04:30";"3";"69";"69276";"2";"6";"2";"6";"DEPARTEMENTAL 12                        ";"45,6619700";"4,8430600"
"201900044537";"12";"1";"2019";"03:05";"5";"69";"69259";"2";"2";"2";"3";"CHARLES DE GAULLE                   (AV)";"45,7175400";"4,8916300"
"201900044538";"11";"1";"2019";"15:20";"1";"69";"69388";"2";"1";"1";"2";"MARIUS BERLIET                      (R )";"45,7409800";"4,8627600"
"201900044539";"10";"1";"2019";"17:45";"5";"69";"69387";"2";"1";"1";"6";"JEAN JAURES                         (AV)";"45,7371500";"4,8368800"
"201900044540";"10";"1";"2019";"16:55";"2";"69";"69387";"2";"2";"1";"3";"JEAN JAURES                         (AV)";"45,7424100";"4,8402700"
"201900044541";"10";"1";"2019";"17:30";"5";"69";"69388";"2";"1";"1";"6";"ETATS UNIS (DES)                    (BD)";"45,7361000";"4,8620900"
"201900044542";"10";"1";"2019";"01:30";"5";"69";"69388";"2";"1";"8";"7";"EPARGNE (DE L')                     (R )";"45,7423300";"4,8582700"
"201900044543";"9";"1";"2019";"09:41";"1";"69";"69386";"2";"2";"2";"4";"THIERS                              (AV)";"45,7638100";"4,8618400"
"201900044544";"9";"1";"2019";"07:40";"5";"69";"69383";"2";"2";"1";"6";"PAUL BERT                           (R )";"45,7570100";"4,8528500"
"201900044545";"8";"1";"2019";"13:50";"1";"69";"69386";"2";"1";"2";"6";"BOILEAU                             (R )";"45,7711100";"4,8486400"
"201900044546";"8";"1";"2019";"08:25";"1";"69";"69383";"2";"1";"2";"3";"FELIX FAURE                         (AV)";"45,7555600";"4,8751900"
"201900044547";"8";"1";"2019";"08:00";"1";"69";"69387";"2";"2";"2";"3";"GUILLOTIERE (DE LA)                 (GR)";"45,7530500";"4,8450800"
"201900044548";"11";"1";"2019";"18:40";"5";"972";"97213";"1";"9";"1";"3";"ROUTE DEPARTEMENTALE 13";"14,3890000";" -61,1220000"
"201900044549";"10";"1";"2019";"14:35";"1";"972";"97213";"2";"1";"1";"2";"MAHAULT";"14,6191060";" -61,0052660"
"201900044550";"9";"1";"2019";"14:45";"1";"972";"97213";"1";"1";"1";"7";"Z I LES MANGLES";"14,6163800";" -61,0153300"
"201900044551";"8";"1";"2019";"19:10";"5";"972";"97213";"1";"1";"1";"2";"AUTOROUTE A1";"14,6178200";" -61,0300260"
"201900044552";"10";"1";"2019";"21:15";"5";"972";"97209";"2";"1";"1";"3";"BALATA (ROUTE DE)";"14,6161100";" -61,0716900"
"201900044553";"10";"1";"2019";"16:05";"1";"972";"97209";"1";"1";"1";"7";"JULES BEAUNES (CHEMIN)";"14,6443900";" -61,0752900"
"201900044554";"7";"1";"2019";"22:55";"5";"972";"97209";"2";"1";"1";"7";"RD 41 (ROCADE)";"14,6161100";" -61,0607500"
"201900044555";"6";"1";"2019";"11:30";"1";"972";"97209";"1";"1";"1";"2";"REDOUTE (ROUTE DE LA)";"14,6348100";" -61,0550900"
"201900044556";"11";"1";"2019";"19:37";"5";"69";"69034";"2";"1";"1";"4";"SOLDATS (DES)                       (MO)";"45,7941400";"4,8595900"
"201900044557";"12";"1";"2019";"01:00";"5";"69";"69382";"2";"1";"2";"4";"GUILLOTIERE (DE LA)                 (PT)";"45,7572200";"4,8370800"
"201900044558";"11";"1";"2019";"16:30";"1";"69";"69384";"2";"1";"1";"3";"JOSEPH GILLET                       (QU)";"45,7889400";"4,8195800"
"201900044559";"11";"1";"2019";"08:00";"1";"69";"69389";"2";"1";"1";"6";"DUCHERE (DE LA)                     (BD)";"45,7761600";"4,7945700"
"201900044560";"10";"1";"2019";"08:30";"1";"69";"69384";"2";"1";"2";"6";"DELEUVRE                            (R )";"45,7800500";"4,8253600"
"201900044561";"9";"1";"2019";"12:30";"1";"69";"69381";"2";"9";"2";"6";"TERREAUX (DES)                      (PL)";"45,7672800";"4,8336400"
"201900044562";"8";"1";"2019";"18:30";"5";"69";"69382";"2";"3";"8";"6";"RAMBAUD                             (QU)";"45,7486900";"4,8202200"
"201900044563";"8";"1";"2019";"17:44";"5";"69";"69389";"2";"1";"2";"6";"ROSA PARKS                        (AV)";"45,7865800";"4,7951900"
"201900044564";"12";"1";"2019";"20:25";"5";"2B";"2B033";"1";"3";"1";"3";"ROUTE ROYALE";"42,6828000";"9,4219000"
"201900044565";"11";"1";"2019";"12:30";"1";"2B";"2B120";"1";"1";"1";"4";"11 - RT";"42,6495000";"9,4405300"
"201900044566";"7";"1";"2019";"18:15";"4";"2B";"2B037";"1";"1";"1";"2";"TOUTES RUES";"42,6074193";"9,4381249"
"201900044567";"8";"1";"2019";"16:30";"1";"971";"97101";"2";"1";"1";"7";"VIEUX BOURG";"16,2489700";" -61,5310600"
"201900044568";"10";"1";"2019";"18:08";"5";"2A";"2A004";"2";"1";"1";"4";"GEORGES POMPIDOU AVENUE";"41,9297300";"8,7592300"
"201900044569";"10";"1";"2019";"15:15";"1";"2A";"2A004";"2";"1";"1";"6";"NAPOLEON COURS AVANT BEVERINI";"41,9232300";"8,7376400"
"201900044570";"9";"1";"2019";"20:10";"5";"2A";"2A004";"2";"3";"1";"3";"PARIS AVENUE";"41,9184300";"8,7358100"
"201900044571";"9";"1";"2019";"13:05";"1";"2A";"2A004";"2";"3";"1";"6";"PIETRALBA RCE AV MONT THABOR";"41,9366700";"8,7589700"
"201900044572";"8";"1";"2019";"15:10";"1";"2A";"2A004";"2";"1";"1";"3";"CAMPI LOUIS BD";"41,9425900";"8,7511800"
"201900044573";"7";"1";"2019";"19:25";"5";"2A";"2A004";"2";"1";"1";"1";"RECCO ABBE BOULEVARD";"41,9371300";"8,7371200"
"201900044574";"7";"1";"2019";"15:45";"1";"2A";"2A004";"2";"1";"1";"6";"GEORGES POMPIDOU AVENUE";"41,9328500";"8,7556700"
"201900044575";"29";"9";"2019";"03:45";"3";"972";"97222";"1";"1";"1";"1";"lestrade";"14,7019350";" -60,9405960"
"201900044576";"7";"1";"2019";"13:00";"1";"2A";"2A004";"2";"1";"1";"6";"SEBASTIANU COSTA BD";"41,9405500";"8,7448000"
"201900044577";"29";"9";"2019";"08:20";"1";"60";"60395";"1";"6";"3";"7";"boulevard Pierre de Coubertin";"49,2196777";"2,1487339"
"201900044578";"12";"1";"2019";"17:58";"3";"95";"95268";"1";"1";"2";"4";"RUE EMILE LEVEN";"48,9590800";"2,4082500"
"201900044579";"29";"9";"2019";"23:40";"3";"974";"97413";"2";"1";"1";"6";"RN1A - Rue du Général Lambert";" -21,1779560";"55,2879260"
"201900044580";"13";"8";"2019";"19:00";"1";"62";"62361";"2";"1";"7";"6";"Rue du Marais";"50,2758360";"2,2868420"
"201900044581";"11";"1";"2019";"19:30";"3";"95";"95585";"2";"1";"2";"5";"RD 301 PARIS PROVINCE";"48,9920000";"2,3603900"
"201900044582";"27";"9";"2019";"07:30";"2";"77";"77345";"1";"3";"2";"3";"D68 X Rue de la Montagne Blanche";"48,9000980";"3,2172000"
"201900044583";"29";"9";"2019";"10:15";"1";"41";"41020";"1";"1";"3";"7";"La Detourne";"47,8302990";"0,7592620"
"201900044584";"11";"1";"2019";"10:35";"1";"95";"95607";"2";"2";"2";"3";"HERBLAY (RUE D')";"49,0228400";"2,2175300"
"201900044585";"28";"9";"2019";"13:10";"1";"24";"24053";"1";"9";"2";"7";"A89 - Echangeur sortie 16-";"45,1484190";"0,8029050"
"201900044586";"7";"1";"2019";"09:50";"1";"95";"95369";"2";"1";"1";"6";"ROGER  SALENGRO        RUE";"49,0034400";"2,2915800"
"201900044587";"28";"9";"2019";"22:45";"3";"19";"19016";"1";"1";"2";"6";"Meyrignac";"45,3550960";"1,8380470"
"201900044588";"28";"9";"2019";"12:50";"1";"56";"56222";"2";"6";"1";"3";"Giratoire du Sullio";"47,8437540";" -2,7276040"
"201900044589";"11";"1";"2019";"23:00";"5";"91";"91421";"2";"3";"2";"3";"MARECHAL FOCH (AVENUE DU)";"48,7087200";"2,4641100"
"201900044590";"29";"9";"2019";"17:30";"1";"56";"56244";"1";"1";"1";"1";"Le Coudray RN166 PK 30+200";"47,8233180";" -2,4336710"
"201900044591";"28";"9";"2019";"13:00";"1";"76";"76709";"2";"1";"1";"6";"172 Rue Aristide Briand";"49,4807380";"0,8094280"
"201900044592";"30";"9";"2019";"08:20";"1";"76";"76591";"1";"1";"1";"3";"Route de Gournay";"49,4427853";"1,1936285"
"201900044593";"2";"1";"2019";"15:39";"1";"91";"91286";"2";"1";"1";"5";"ROUTE NATIONALE 7";"48,6623470";"2,4012450"
"201900044594";"29";"9";"2019";"23:10";"3";"2B";"2B150";"1";"1";"1";"6";"T30";"42,5689010";"8,8257770"
"201900044595";"9";"1";"2019";"11:20";"1";"91";"91326";"2";"9";"1";"6";"19 MARS 1962 (SQUARE DU)";"48,6880800";"2,3812500"
"201900044596";"8";"1";"2019";"13:40";"1";"91";"91286";"2";"3";"1";"6";"SABLONS (AVENUE DES)";"48,6542400";"2,3940900"
"201900044597";"30";"9";"2019";"15:00";"1";"2B";"2B286";"2";"1";"1";"2";"Querciolo";"42,4876410";"9,4794280"
"201900044598";"8";"1";"2019";"22:16";"5";"91";"91521";"2";"1";"1";"2";"BONTE (RUE)";"48,6566400";"2,4097000"
"201900044599";"29";"9";"2019";"05:20";"3";"81";"81171";"1";"1";"1";"6";"le vialar 81600";"43,8641060";"1,8359610"
"201900044600";"11";"1";"2019";"18:30";"3";"91";"91223";"1";"9";"1";"2";"R.N.20";"48,4280900";"2,1562700"
"201900044601";"29";"9";"2019";"07:00";"2";"71";"71212";"1";"1";"1";"7";"N70";"46,5857510";"4,2212820"
"201900044602";"11";"1";"2019";"13:42";"1";"91";"91223";"2";"2";"2";"3";"GEOFFROY ST HILAIRE (AVENUE)";"48,4351400";"2,1464000"
"201900044603";"29";"9";"2019";"16:00";"1";"42";"42011";"2";"1";"1";"2";"42 Rue de Roanne";"45,8243890";"4,1772610"
"201900044604";"10";"1";"2019";"22:30";"3";"91";"91109";"1";"1";"1";"3";"POISLEES (CHEMIN DES)";"48,4640000";"2,1433000"
"201900044605";"30";"9";"2019";"08:45";"1";"47";"47138";"2";"6";"1";"3";"Place de l'Hôtel de Ville";"44,2819520";"0,7637880"
"201900044606";"24";"9";"2019";"18:05";"1";"41";"41046";"1";"1";"1";"7";"D35";"47,6126060";"1,9519400"
"201900044607";"10";"1";"2019";"18:30";"5";"91";"91109";"2";"1";"1";"1";"VILLECONIN (ROUTE DE)      RD207";"48,4576580";"2,1623820"
"201900044608";"10";"1";"2019";"15:45";"1";"91";"91657";"2";"4";"1";"3";"PORT COURCEL (RUE)";"48,7087900";"2,4104000"
"201900044609";"11";"1";"2019";"22:40";"5";"91";"91027";"2";"2";"2";"3";"BARBUSSE (RUE HENRI)";"48,7001000";"2,3677000"