"Num_Acc";"jour";"mois";"an";"hrmn";"lum";"dep";"com";"agg";"int";"atm";"col";"adr";"lat";"long"
"201900044610";"10";"1";"2019";"16:20";"1";"91";"91027";"2";"1";"1";"2";"BENARD (AVENUE JEAN-PIERRE)";"48,7162000";"2,3713000"
"201900044611";"30";"9";"2019";"16:05";"1";"68";"68266";"1";"2";"1";"3";"D3bis / D50";"47,9045930";"7,4018380"
"201900044612";"9";"1";"2019";"17:24";"2";"87";"87085";"2";"3";"1";"3";"GAY-LUSSAC (COURS)";"45,8364800";"1,2652000"
"201900044613";"28";"9";"2019";"12:30";"1";"3";"03093";"1";"6";"1";"7";"route de Vichy";"46,1838662";"3,4537529"
"201900044614";"10";"1";"2019";"17:29";"1";"87";"87085";"2";"3";"1";"3";"1  DE-LATTRE-DE-TASSIGNY (AVENUE DU MARECHAL)";"45,8256300";"1,2706000"
"201900044615";"9";"1";"2019";"17:00";"1";"87";"87085";"2";"3";"1";"6";"ALLENDE (QUAI SALVADOR)";"45,8211700";"1,2627800"
"201900044616";"30";"9";"2019";"16:51";"1";"15";"15019";"1";"1";"1";"4";"CD922";"45,3230040";"2,4135460"
"201900044617";"11";"1";"2019";"05:00";"5";"85";"85194";"2";"1";"1";"6";"AVENUE CHARLES DE GAULLE ";"46,5207400";" -1,7563300"
"201900044618";"29";"9";"2019";"17:00";"1";"1";"01068";"1";"1";"1";"1";"D1084";"46,0749335";"5,4765571"
"201900044619";"8";"1";"2019";"18:35";"5";"85";"85194";"2";"2";"1";"3";"RUE DU DOCTEUR CHARCOT";"46,5058380";" -1,7853170"
"201900044620";"30";"9";"2019";"17:25";"1";"85";"85017";"1";"1";"1";"1";"D 23";"46,8991900";" -1,0677000"
"201900044621";"28";"9";"2019";"12:25";"1";"70";"70489";"1";"1";"1";"2";"route des vosges, D.486";"47,8366858";"6,7139078"
"201900044622";"30";"9";"2019";"07:30";"1";"58";"58118";"1";"1";"1";"1";"Le Bas de Fours";"46,8304690";"3,6952170"
"201900044623";"30";"9";"2019";"15:00";"1";"72";"72050";"1";"1";"1";"6";"La Gandonnière";"47,9840390";" -0,2435450"
"201900044624";"30";"9";"2019";"07:22";"1";"6";"06059";"2";"1";"1";"1";"Avenue de la Liberté";"43,7202950";"7,3532290"
"201900044625";"12";"1";"2019";"23:35";"5";"85";"85191";"2";"9";"1";"7";"IMPASSE MONGE ";"46,6878900";" -1,4330700"
"201900044626";"29";"9";"2019";"15:50";"1";"6";"06079";"2";"1";"1";"3";"avenue de Fréjus";"43,5307250";"6,9295100"
"201900044627";"30";"9";"2019";"15:00";"1";"14";"14761";"2";"1";"1";"2";"Route de Saint Pierre sur Dives";"49,1196560";" -0,1955920"
"201900044628";"5";"1";"2019";"11:40";"1";"84";"84007";"2";"2";"1";"3";"SOURCES (Avenue des)";"43,9380200";"4,8158500"
"201900044629";"26";"9";"2019";"18:02";"1";"83";"83046";"1";"1";"1";"3";"Départementale 13";"43,5073150";"6,1598690"
"201900044630";"11";"1";"2019";"12:40";"1";"83";"83137";"2";"1";"1";"6";"HERRIOT (AVE EDOUARD)";"43,1289600";"5,8956500"
"201900044631";"30";"9";"2019";"18:08";"1";"16";"16028";"2";"1";"1";"6";"6 Boulevard Chanzy";"45,4731400";" -0,1515560"
"201900044632";"7";"1";"2019";"12:17";"1";"83";"83126";"2";"1";"1";"3";"PAUL (AV MARCEL)";"43,1090200";"5,8564000"
"201900044633";"30";"9";"2019";"11:20";"1";"27";"27284";"2";"1";"8";"6";"Route de Boisgeloup";"49,2681700";"1,7816030"
"201900044634";"11";"1";"2019";"18:00";"5";"82";"82121";"2";"2";"1";"3";"ARDUS (AVENUE D')";"44,0369400";"1,3570400"
"201900044635";"29";"9";"2019";"22:00";"3";"60";"60461";"1";"1";"6";"6";"Autoroute A16 PK 73.500";"49,4414452";"2,1490431"
"201900044636";"30";"9";"2019";"09:05";"1";"42";"42155";"1";"1";"1";"2";"nervieux";"45,8214390";"4,1172550"
"201900044637";"30";"9";"2019";"14:20";"1";"72";"72022";"1";"1";"1";"2";"a 11";"47,7844470";" -0,1924540"
"201900044638";"28";"9";"2019";"11:00";"1";"30";"30344";"1";"1";"1";"6";"Autoroute A9 - PK 68+000 sens Nimes vers Montellier";"43,7427030";"4,2188900"
"201900044639";"30";"9";"2019";"16:07";"1";"77";"77339";"1";"1";"1";"2";"Autoroute A6, direction LYON, PK 56+300";"48,3765634";"2,5615439"
"201900044640";"28";"9";"2019";"18:20";"5";"971";"97104";"2";"9";"1";"3";"Allée des Pères Blancs";"16,0125450";" -61,7434230"
"201900044641";"27";"9";"2019";"19:15";"5";"972";"97230";"2";"9";"1";"1";"Rue des Amours";"14,7396390";" -60,9631480"
"201900044642";"1";"9";"2019";"02:30";"3";"13";"13087";"1";"1";"1";"6";"Jas du Cengle";"43,4981940";"5,6275680"
"201900044643";"28";"9";"2019";"20:00";"3";"45";"45252";"1";"6";"1";"7";"RD2152";"48,1861380";"2,2657430"
"201900044644";"29";"9";"2019";"10:40";"1";"77";"77508";"1";"1";"3";"6";"D21";"48,8183900";"2,8651300"
"201900044645";"29";"9";"2019";"18:00";"1";"5";"05070";"2";"9";"1";"3";"Avenue du Maquis Morvan";"44,3102170";"5,8211780"
"201900044646";"30";"9";"2019";"13:30";"1";"4";"04106";"1";"3";"1";"6";"RD 116 / RD 12";"43,9574330";"5,8669230"
"201900044647";"23";"9";"2019";"18:30";"1";"13";"13081";"1";"1";"1";"3";"Avenue Denis Papin, ZI NORD";"43,4984310";"5,2150440"
"201900044648";"13";"8";"2019";"08:05";"1";"13";"13004";"1";"1";"1";"1";"RD.8Chemin de l'Ilon et Pâti";"43,6686890";"4,7405910"
"201900044649";"29";"9";"2019";"14:00";"1";"25";"25188";"1";"1";"1";"7";"Rue d'Allenjoie";"47,5415600";"6,8744760"
"201900044650";"30";"9";"2019";"15:00";"1";"89";"89059";"1";"1";"1";"7";"D47";"48,0224340";"3,5147750"
"201900044651";"30";"9";"2019";"14:50";"1";"71";"71556";"1";"1";"1";"1";"RD 906";"46,2695820";"4,8050280"
"201900044652";"20";"9";"2019";"07:10";"1";"58";"58160";"1";"1";"1";"6";"96 Route de Corcelles";"46,9932400";"3,0792200"
"201900044653";"29";"9";"2019";"17:30";"1";"42";"42094";"2";"1";"1";"6";"rue de la République";"45,7435200";"4,2227680"
"201900044654";"29";"9";"2019";"17:30";"1";"38";"38515";"2";"1";"1";"1";"Route de Crémieu";"45,6870600";"5,3204500"
"201900044655";"29";"9";"2019";"17:30";"1";"69";"69141";"1";"3";"1";"6";"Montarcis";"45,6144400";"4,7039970"
"201900044656";"30";"9";"2019";"07:20";"2";"27";"27191";"2";"3";"1";"1";"Rue de Louviers (La Croix-Saint-Leufroy)";"49,1143410";"1,2332830"
"201900044657";"18";"9";"2019";"03:23";"5";"13";"13055";"1";"1";"1";"6";"A507 sens Aubagne- Marseille";"43,3186100";"5,4225700"
"201900044658";"27";"9";"2019";"08:30";"1";"13";"13211";"1";"1";"1";"2";"A50-Sens Marseille vers Aubagne";"43,2930100";"5,4755500"
"201900044659";"27";"9";"2019";"23:50";"3";"13";"13001";"1";"1";"1";"2";"A51-Sens Marseille vers Aix en Provence";"43,4768949";"5,4081434"
"201900044660";"29";"9";"2019";"15:50";"1";"91";"91064";"1";"1";"2";"7";"RN 118";"48,7500500";"2,2105600"
"201900044661";"28";"9";"2019";"20:50";"3";"91";"91434";"1";"1";"1";"4";"AUTOROUTE A6";"48,6681700";"2,3551000"
"201900044662";"27";"9";"2019";"22:45";"3";"91";"91179";"1";"1";"1";"2";"AUTOROUTE A6";"48,5652700";"2,4752100"
"201900044663";"28";"9";"2019";"22:55";"5";"78";"78217";"1";"1";"1";"3";"A13";"48,9647000";"1,8207900"
"201900044664";"29";"9";"2019";"20:25";"3";"77";"77373";"1";"1";"1";"3";"RN104";"48,7977470";"2,6230180"
"201900044665";"28";"9";"2019";"19:45";"3";"77";"77146";"1";"1";"1";"3";"A4.Y";"48,8321200";"2,6535100"
"201900044666";"28";"9";"2019";"18:00";"1";"69";"69259";"2";"3";"1";"3";"MARCEL SEMBAT                       (BD)";"45,7130800";"4,8768300"
"201900044667";"28";"9";"2019";"12:30";"1";"69";"69383";"2";"1";"1";"2";"MARECHAL DE SAXE                    (AV)";"45,7564600";"4,8464700"
"201900044668";"28";"9";"2019";"06:10";"1";"972";"97213";"2";"1";"1";"6";"ROUTE NATIONALE 6";"14,5979940";" -60,9765140"
"201900044669";"27";"9";"2019";"23:03";"3";"972";"97213";"2";"9";"1";"1";"MANGOT VULCIN (ROND POINT)";"14,6233000";" -60,9887790"
"201900044670";"26";"9";"2019";"22:25";"4";"972";"97213";"1";"1";"1";"2";"ROUTE NATIONALE 1";"14,6324000";" -60,9779000"
"201900044671";"28";"9";"2019";"17:50";"5";"972";"97209";"2";"2";"1";"3";"ERNEST DEPROGE (RUE)";"14,6034900";" -61,0726000"
"201900044672";"28";"9";"2019";"21:20";"5";"69";"69381";"2";"9";"1";"3";"CROIX ROUSSE (TUNNEL DE LA)         (XX)";"45,7735700";"4,8253400"
"201900044673";"28";"9";"2019";"21:15";"5";"2A";"2A004";"2";"1";"1";"6";"MACCHINI EUGENE AVENUE";"41,9184800";"8,7369200"
"201900044674";"28";"9";"2019";"11:10";"1";"95";"95585";"2";"2";"1";"2";"REFUZNICKS (ROUTE DES)";"48,9842259";"2,3872240"
"201900044675";"28";"9";"2019";"20:50";"5";"85";"85191";"2";"1";"1";"3";" RUE GUTEMBERG";"46,6804700";" -1,4300100"
"201900044676";"28";"9";"2019";"06:26";"3";"82";"82121";"1";"1";"1";"6";"CAMP D'AVIATION (CHEMIN DU)";"44,0181700";"1,3867300"
"201900044677";"28";"9";"2019";"20:20";"4";"78";"78638";"2";"1";"1";"6";"GARE (AVENUE DE LA)";"49,0069210";"1,9631810"
"201900044678";"28";"9";"2019";"05:30";"5";"78";"78401";"2";"2";"1";"3";"ALBERT JOZON (RUE)";"49,0043080";"1,9068520"
"201900044679";"27";"9";"2019";"18:01";"1";"77";"77108";"2";"2";"1";"6";"D34A X CHEMIN DU VIEUX MOULIN";"48,8698900";"2,5921100"
"201900044680";"28";"9";"2019";"13:50";"1";"74";"74012";"2";"1";"1";"3";"RESISTANCE (RUE DE LA)";"46,1962600";"6,2592500"
"201900044681";"28";"9";"2019";"12:15";"1";"72";"72181";"2";"9";"1";"3";"ALENCON (RTE D')";"48,0296200";"0,1796400"
"201900044682";"28";"9";"2019";"01:50";"5";"71";"71153";"2";"1";"1";"6";"YOUGOSLAVIE (RUE DE)";"46,7889400";"4,4220600"
"201900044683";"28";"9";"2019";"05:25";"5";"69";"69290";"2";"2";"1";"3";"URBAIN LE VERRIER                   (AV)";"45,7112200";"4,9586300"
"201900044684";"28";"9";"2019";"23:50";"5";"69";"69264";"2";"1";"1";"6";"MONTET PIERRE  R";"45,9848700";"4,7045700"
"201900044685";"29";"9";"2019";"01:25";"3";"64";"64284";"2";"1";"1";"7";"18 JUIN 1940 DU";"43,2945053";" -0,4134963"
"201900044686";"28";"9";"2019";"22:35";"5";"64";"64445";"2";"1";"1";"2";"JEAN MERMOZ";"43,3119000";" -0,3772900"
"201900044687";"28";"9";"2019";"19:00";"1";"64";"64445";"2";"3";"1";"3";"JEAN MERMOZ";"43,3245800";" -0,3792500"
"201900044688";"28";"9";"2019";"06:05";"5";"64";"64445";"2";"1";"1";"7";"BARBANEGRE";"43,2972407";" -0,3620699"
"201900044689";"28";"9";"2019";"19:50";"5";"59";"59512";"2";"1";"2";"6";"ROUGET DE LISLE (RUE)";"50,6823500";"3,1894300"
"201900044690";"27";"9";"2019";"04:19";"5";"54";"54547";"2";"1";"1";"7";"BOURGOGNE (AVENUE DE)";"48,6526200";"6,1508600"
"201900044691";"28";"9";"2019";"18:40";"1";"51";"51454";"2";"1";"1";"7";"BOULEVARD DU GENERAL LECLERC";"49,2569899";"4,0255309"
"201900044692";"28";"9";"2019";"17:05";"1";"51";"51454";"2";"2";"1";"3";"RUE HUGUES KRAFFT";"49,2752200";"4,0203400"
"201900044693";"28";"9";"2019";"12:45";"1";"45";"45234";"2";"1";"1";"4";"BD ALEXANDRE MARTIN";"47,9055353";"1,9084899"
"201900044694";"28";"9";"2019";"18:19";"1";"42";"42187";"2";"1";"1";"6";"ALSACE - LORRAINE (RUE)";"46,0362100";"4,0691000"
"201900044695";"28";"9";"2019";"22:55";"5";"37";"37261";"2";"2";"1";"3";"TONNELLE (BOULEVARD)";"47,3847000";"0,6680700"
"201900044696";"28";"9";"2019";"14:28";"1";"37";"37261";"2";"2";"1";"3";"HEURTELOUP (BOULEVARD)";"47,3922200";"0,7006100"
"201900044697";"28";"9";"2019";"16:15";"1";"35";"35055";"1";"1";"1";"4";"PORTE DES LOGES";"48,0965890";" -1,6186890"
"201900044698";"28";"9";"2019";"10:08";"1";"32";"32013";"2";"6";"1";"3";"rond point des justes";"43,6628100";"0,5994000"
"201900044699";"25";"9";"2019";"18:10";"1";"31";"31483";"2";"1";"1";"2";"ROUTE DE LA SERRE DE CAZAUX";"43,1285960";"0,7242270"
"201900044700";"28";"9";"2019";"15:35";"1";"26";"26057";"1";"1";"1";"3";"RD 102";"45,0114100";"5,0628800"
"201900044701";"27";"9";"2019";"19:58";"5";"25";"25056";"2";"2";"2";"3";"NICOLE  RUE NICOLAS";"47,2574630";"6,0418930"
"201900044702";"28";"9";"2019";"16:30";"1";"13";"13209";"2";"1";"1";"6";"MAZARGUES (AVENUE DE)";"43,2485950";"5,3981099"
"201900044703";"28";"9";"2019";"12:00";"1";"13";"13202";"2";"1";"1";"3";"DAMES (BOULEVARD DES)";"43,3027270";"5,3682900"
"201900044704";"28";"9";"2019";"06:00";"2";"13";"13208";"2";"1";"1";"6";"PARADIS (RUE)";"43,2757730";"5,3842180"
"201900044705";"27";"9";"2019";"00:00";"5";"13";"13005";"2";"9";"1";"6";"GEMENOS (ROUTE DE CD2)";"43,2962900";"5,5834700"
"201900044706";"28";"9";"2019";"02:54";"3";"13";"13004";"1";"1";"1";"7";"RTE N113 MARSEILLE A BORBEAUX";"43,6568193";"4,6511467"
"201900044707";"28";"9";"2019";"08:40";"1";"10";"10362";"2";"4";"3";"2";"DANTON (RUE)";"48,2954600";"4,0618600"
"201900044708";"28";"9";"2019";"19:30";"2";"9";"09122";"1";"1";"1";"5";"D17";"42,9606950";"1,5764060"
"201900044709";"28";"9";"2019";"15:45";"1";"7";"07281";"2";"9";"1";"3";"GROSS-UMSTADT (AVENUE DE)";"44,9453000";"4,8546000"
"201900044710";"28";"9";"2019";"02:20";"5";"75";"75117";"2";"1";"1";"2";"BD PERIPHERIQUE EXTERIEUR";"48,8890100";"2,2946760"
"201900044711";"27";"9";"2019";"17:55";"1";"75";"75116";"2";"1";"1";"6";"BD PERIPHERIQUE EXTERIEUR";"48,8565835";"2,2575295"
"201900044712";"27";"9";"2019";"20:10";"5";"75";"75118";"2";"3";"1";"3";"AVENUE DE LA PORTE DE MONTMARTRE";"48,9004966";"2,3354923"
"201900044713";"27";"9";"2019";"23:30";"5";"75";"75117";"2";"5";"1";"3";"AVENUE DE SAINT OUEN";"48,8930520";"2,3274460"
"201900044714";"28";"9";"2019";"18:30";"1";"75";"75116";"2";"1";"1";"2";"VOIE GEORGES POMPIDOU";"48,8492730";"2,2767820"
"201900044715";"28";"9";"2019";"16:30";"1";"75";"75116";"2";"1";"1";"3";"ROUTE DE LA MUETTE A NEUILLY";"48,8660063";"2,2651577"
"201900044716";"28";"9";"2019";"12:57";"1";"75";"75116";"2";"4";"1";"2";"ROUTE DES TRIBUNES";"48,8638660";"2,2366033"
"201900044717";"28";"9";"2019";"13:10";"1";"75";"75111";"2";"1";"8";"6";"BOULEVARD DE CHARONNE";"48,8558246";"2,3947165"
"201900044718";"28";"9";"2019";"02:45";"5";"75";"75108";"2";"7";"1";"2";"AVENUE DES CHAMPS ELYSEES";"48,8675661";"2,3146069"
"201900044719";"28";"9";"2019";"09:50";"1";"94";"94081";"2";"3";"1";"3";"EUGENE HENAFF (R)";"48,7940000";"2,4170000"
"201900044720";"28";"9";"2019";"02:00";"5";"94";"94037";"2";"1";"1";"2";"PAUL VAILLANT COUTURIER (AV)";"48,8162800";"2,3417800"
"201900044721";"28";"9";"2019";"05:50";"5";"93";"93050";"2";"1";"1";"6";"LOUIS ARMAND (RUE)";"48,8600300";"2,5203900"
"201900044722";"28";"9";"2019";"13:00";"1";"93";"93046";"2";"1";"1";"2";"JEAN MOULIN BOULEVARD";"48,9128940";"2,5146530"
"201900044723";"28";"9";"2019";"20:30";"5";"93";"93031";"2";"1";"1";"3";"SAINT LEU (ROUTE DE) 1 à 157";"48,9538866";"2,3355248"
"201900044724";"28";"9";"2019";"01:00";"5";"93";"93029";"2";"1";"1";"2";"REPUBLIQUE (DE LA) N° 1-161";"48,9238500";"2,4380600"
"201900044725";"28";"9";"2019";"17:05";"1";"93";"93027";"2";"1";"1";"4";"CONVENTION (RUE DE LA)";"48,9293800";"2,3869100"
"201900044726";"28";"9";"2019";"16:50";"1";"92";"92046";"2";"2";"1";"1";"CAMELINAT";"48,8147165";"2,2968391"
"201900044727";"28";"9";"2019";"12:30";"1";"92";"92046";"2";"3";"1";"6";"Charles de gaulle";"48,8225200";"2,2987900"
"201900044728";"28";"9";"2019";"18:15";"1";"92";"92077";"2";"1";"1";"2";"VERSAILLES (RUE DE)";"48,8214363";"2,1803658"
"201900044729";"28";"6";"2019";"15:05";"1";"92";"92033";"2";"1";"1";"2";"GENERAL DE GAULLE";"48,8401400";"2,1925900"
"201900044730";"28";"9";"2019";"17:05";"1";"92";"92049";"2";"1";"1";"4";"JAURES AVENUE JEAN N°53 A FIN";"48,8121300";"2,3045300"
"201900044731";"27";"9";"2019";"22:10";"5";"92";"92040";"2";"4";"1";"1";"GENERAL DE GAULLE (AVE DU) 32 A 62";"48,8248300";"2,2817600"
"201900044732";"28";"9";"2019";"14:30";"1";"92";"92023";"2";"1";"8";"2";"GENERAL DE GAULLE (AVENUE DU)";"48,7915103";"2,2665041"
"201900044733";"28";"9";"2019";"22:15";"3";"1";"01333";"1";"3";"1";"3";"D4";"45,9259534";"4,9668449"
"201900044734";"29";"9";"2019";"18:30";"2";"26";"26294";"1";"1";"1";"1";"785 Route de la Plaine";"45,0958680";"4,9779430"
"201900044735";"28";"9";"2019";"11:15";"1";"43";"43022";"1";"1";"1";"1";"RD19";"45,3211030";"3,3336080"
"201900044736";"28";"9";"2019";"21:10";"5";"6";"06161";"2";"9";"1";"6";"Rd6007";"43,6264870";"7,1322260"
"201900044737";"28";"9";"2019";"16:55";"1";"972";"97232";"2";"1";"1";"3";"RN6 - Ravine plate";"14,5647620";" -60,8573080"
"201900044738";"29";"9";"2019";"15:45";"1";"63";"63093";"2";"1";"1";"6";"Place du Haut du Bourg";"45,9957510";"3,0008150"
"201900044739";"28";"9";"2019";"21:00";"5";"86";"86070";"2";"1";"1";"6";"33 Rue Faubourg de l'Aumônerie";"46,5642770";"0,6437210"
"201900044740";"28";"9";"2019";"10:00";"1";"6";"06095";"2";"1";"1";"3";"88 Route de Draguignan";"43,6383060";"6,8650130"
"201900044741";"28";"9";"2019";"02:00";"3";"59";"59499";"1";"1";"3";"6";"Rue de West-Cappel";"50,9315040";"2,5259980"
"201900044742";"29";"9";"2019";"15:00";"1";"85";"85017";"1";"1";"1";"7";"La Maison Neuve";"46,9070900";" -1,1172400"
"201900044743";"9";"8";"2019";"15:13";"1";"77";"77492";"2";"1";"3";"1";"L'Épinoche, HAMEAU DE L'EPINOCHE";"48,8827900";"3,3644100"
"201900044744";"28";"9";"2019";"20:15";"3";"74";"74070";"1";"1";"1";"5";"D1005";"46,2853950";"6,2632740"
"201900044745";"29";"9";"2019";"11:15";"1";"57";"57382";"1";"1";"1";"1";"RD 27";"48,7783020";"6,9429480"
"201900044746";"28";"9";"2019";"16:56";"1";"51";"51488";"1";"1";"1";"1";"RD 951";"49,0924670";"3,9744633"
"201900044747";"28";"9";"2019";"04:15";"3";"59";"59432";"1";"1";"1";"7";"CD 960 NIERGNIES";"50,1442330";"3,2713380"
"201900044748";"28";"9";"2019";"17:45";"1";"74";"74065";"1";"3";"1";"3";"Le Malpas";"46,0346340";"5,9677150"
"201900044749";"29";"9";"2019";"09:10";"1";"81";"81325";"1";"1";"1";"5";"RD621";"43,5529964";"2,1872413"
"201900044750";"29";"9";"2019";"09:40";"1";"71";"71410";"1";"1";"1";"6";"route de louhans";"46,7037790";"5,0683740"
"201900044751";"29";"9";"2019";"06:55";"3";"61";"61072";"1";"1";"2";"6";"la briquetterie, D 16";"48,9465530";"0,2460150"
"201900044752";"28";"9";"2019";"20:55";"3";"55";"55328";"1";"2";"8";"3";"11 Rue de la Gare";"48,5382820";"5,6702040"
"201900044753";"29";"9";"2019";"15:20";"1";"39";"39333";"1";"1";"1";"7";"N/A";"46,4663910";"5,7767630"
"201900044754";"28";"9";"2019";"21:30";"3";"25";"25318";"1";"1";"1";"6";"rn57";"46,7466390";"6,3749780"
"201900044755";"29";"9";"2019";"18:10";"1";"38";"38130";"1";"1";"1";"3";"RD71";"45,3801550";"5,2625500"
"201900044756";"28";"9";"2019";"18:10";"2";"38";"38065";"1";"3";"7";"3";"D51b";"45,4435420";"5,4295320"
"201900044757";"28";"9";"2019";"16:20";"1";"2";"02290";"1";"1";"1";"7";"Essômes-sur-Marne";"49,0545830";"3,3196960"
"201900044758";"28";"9";"2019";"18:00";"1";"83";"83084";"1";"1";"1";"1";"route de Riez";"43,6719330";"6,0541690"
"201900044759";"28";"9";"2019";"10:40";"1";"45";"45115";"1";"1";"2";"4";"Route de Cudot";"48,0368410";"3,0731030"
"201900044760";"29";"9";"2019";"11:50";"1";"64";"64559";"1";"1";"7";"6";"Route de Saint-Palais";"43,2578560";" -0,8791870"
"201900044761";"29";"9";"2019";"18:15";"1";"64";"64119";"1";"1";"1";"3";"CD 938";"43,2166170";" -0,2465280"
"201900044762";"29";"9";"2019";"18:06";"1";"73";"73033";"1";"1";"7";"3";"D921 Route d'Aiguebelette";"45,4847220";"5,7670115"
"201900044763";"29";"9";"2019";"17:35";"1";"18";"18092";"1";"1";"8";"6";"D66";"47,0663540";"2,6234640"
"201900044764";"28";"9";"2019";"21:45";"3";"40";"40046";"2";"1";"1";"3";"Route de Parentis";"44,3790710";" -1,1380480"
"201900044765";"29";"9";"2019";"10:30";"1";"85";"85029";"2";"2";"3";"3";"Rue du Marais Doux";"46,9724400";" -1,9953700"
"201900044766";"28";"9";"2019";"21:00";"3";"85";"85006";"1";"1";"1";"6";"La Mongie";"46,7597600";" -1,7548600"
"201900044767";"29";"9";"2019";"07:00";"2";"23";"23003";"1";"1";"1";"6";"Ourdeaux";"45,9876000";"2,1517400"
"201900044768";"29";"9";"2019";"19:15";"1";"30";"30006";"2";"6";"1";"2";"Chemin d'Aigues Vives";"43,6988860";"4,2031820"
"201900044769";"27";"9";"2019";"17:00";"1";"30";"30228";"1";"1";"1";"3";"D22";"43,9580970";"4,3319720"
"201900044770";"29";"9";"2019";"12:20";"1";"48";"48166";"1";"1";"1";"7";"D983";"44,2734760";"3,5992550"
"201900044771";"28";"9";"2019";"20:00";"3";"52";"52310";"1";"1";"1";"7";"D117";"48,2785300";"5,0211720"
"201900044772";"25";"9";"2019";"07:15";"1";"974";"97415";"2";"1";"1";"6";"Lotissement Combavas";" -21,0280440";"55,2673880"
"201900044773";"29";"9";"2019";"15:45";"1";"74";"74081";"1";"9";"7";"6";"Route de Chamonix";"46,0506900";"6,5920710"
"201900044774";"29";"9";"2019";"06:30";"3";"84";"84083";"1";"1";"1";"5";"A7";"44,2027550";"4,7250990"
"201900044775";"28";"9";"2019";"16:30";"1";"51";"51147";"1";"1";"1";"7";"A4";"49,0303633";"4,4782600"
"201900044776";"29";"9";"2019";"15:30";"1";"91";"91111";"1";"1";"2";"6";"Autoroute A10 PK 06.550";"48,6283630";"2,1408160"
"201900044777";"29";"9";"2019";"10:00";"1";"988";"98822";"1";"1";"1";"1";"R.M.1";" -20,8944240";"165,2301900"
"201900044778";"28";"9";"2019";"06:00";"1";"971";"97129";"1";"1";"1";"6";"Leotard";"16,3071230";" -61,6733610"
"201900044779";"28";"8";"2019";"17:30";"1";"88";"88465";"1";"1";"1";"7";"Avenue du Général de Gaulle";"48,2439740";"6,4452140"
"201900044780";"27";"8";"2019";"17:47";"1";"72";"72115";"1";"1";"1";"2";"A28, PK 052+600";"47,6595250";"0,4349050"
"201900044781";"31";"8";"2019";"05:38";"3";"10";"10263";"1";"1";"1";"7";"Autoroute A5 Melun Langres";"48,2744580";"3,7843360"
"201900044782";"31";"8";"2019";"11:15";"1";"80";"80793";"1";"1";"1";"2";"autoroute A16 PK 139+000";"49,9903980";"2,1787320"
"201900044783";"28";"8";"2019";"21:15";"3";"80";"80717";"1";"1";"1";"6";"Autoroute A16 PK 114+100";"49,7911660";"2,2388990"
"201900044784";"23";"8";"2019";"11:45";"1";"31";"31324";"1";"1";"1";"6";"A64 PK 233.900 sens TOULOUSE / BAYONNE";"43,2076950";"1,0219460"
"201900044785";"31";"8";"2019";"15:25";"1";"4";"04209";"1";"1";"1";"6";"A 51";"44,1926630";"5,9538110"
"201900044786";"28";"8";"2019";"01:25";"3";"40";"40134";"1";"1";"1";"6";"A63";"44,2544940";" -0,9029410"
"201900044787";"30";"8";"2019";"15:15";"1";"88";"88022";"1";"1";"1";"3";"Autoroute A31, PK 179+772, sens NANCY/DIJON";"48,2441740";"5,8615430"
"201900044788";"27";"8";"2019";"17:00";"1";"9";"09239";"1";"1";"1";"6";"RD 16";"42,6821770";"2,1266730"
"201900044789";"31";"8";"2019";"21:40";"5";"69";"69244";"2";"5";"1";"1";"Avenue Charles de Gaulle";"45,7582200";"4,7747400"
"201900044790";"31";"8";"2019";"16:35";"1";"69";"69244";"2";"3";"1";"3";"51 avenue de la République";"45,7638900";"4,7792150"
"201900044791";"31";"8";"2019";"03:50";"3";"6";"06152";"2";"1";"1";"7";"Chemin de Peidessalle";"43,6396760";"7,0306680"
"201900044792";"20";"8";"2019";"20:20";"1";"6";"06018";"2";"1";"1";"1";"Route de Valbonne";"43,6301060";"7,0933230"
"201900044793";"26";"8";"2019";"05:35";"2";"6";"06085";"2";"6";"1";"7";"avenue des alliés mougins";"43,5857390";"7,0064160"
"201900044794";"31";"8";"2019";"23:17";"3";"82";"82025";"1";"1";"1";"6";"A20";"43,9440130";"1,3230910"
"201900044795";"26";"8";"2019";"16:30";"1";"44";"44213";"1";"9";"1";"2";"autoroute A 11 PK 301.200";"47,4188440";" -1,0130840"
"201900044796";"29";"8";"2019";"15:25";"1";"53";"53228";"1";"1";"7";"5";"N/A";"48,0434040";" -0,3902110"
"201900044797";"27";"8";"2019";"10:15";"1";"53";"53262";"1";"1";"1";"7";"A81";"48,0741710";" -0,5965030"
"201900044798";"29";"8";"2019";"13:00";"1";"74";"74143";"1";"3";"1";"2";"RN 205 sortie 26";"45,8907330";"6,7921530"
"201900044799";"31";"8";"2019";"13:00";"1";"89";"89339";"1";"1";"1";"6";"Autoroute A6 P.K202+400 Sens LYON/PARIS";"47,5645893";"3,9416564"
"201900044800";"29";"8";"2019";"19:10";"1";"89";"89277";"1";"9";"1";"6";"AutorouteA6 PK 184+000";"47,6962033";"3,8253095"
"201900044801";"31";"8";"2019";"15:50";"1";"18";"18089";"1";"1";"1";"7";"A71";"46,5528570";"2,5486840"
"201900044802";"1";"9";"2019";"08:30";"1";"49";"49068";"1";"1";"1";"6";"a11 pk 288+600";"47,4372650";" -0,8462930"