"Num_Acc";"jour";"mois";"an";"hrmn";"lum";"dep";"com";"agg";"int";"atm";"col";"adr";"lat";"long"
"201900044803";"29";"8";"2019";"09:15";"1";"86";"86280";"1";"1";"1";"5";"A10, PK 262";"46,9263290";"0,5383850"
"201900044804";"26";"8";"2019";"13:10";"1";"38";"38173";"1";"1";"1";"3";"D1091";"45,0442300";"6,1251350"
"201900044805";"30";"8";"2019";"09:51";"1";"69";"69160";"1";"1";"1";"1";"RD 337";"46,1601500";"4,4547100"
"201900044806";"31";"8";"2019";"10:45";"1";"30";"30185";"1";"1";"1";"4";"Pk 71, autorouteA9";"43,7393100";"4,2001990"
"201900044807";"24";"8";"2019";"19:15";"5";"971";"97103";"2";"1";"1";"1";"Bonnardel";"16,2301050";" -61,6241420"
"201900044808";"26";"8";"2019";"17:21";"1";"42";"42129";"2";"3";"1";"1";"Route de Pélussin";"45,3646420";"4,6824360"
"201900044809";"30";"8";"2019";"23:50";"3";"17";"17277";"1";"1";"1";"3";"A10 sens Paris/bordeaux";"45,9961720";" -0,5437820"
"201900044810";"1";"9";"2019";"07:00";"2";"38";"38029";"1";"1";"1";"6";"a43";"45,5792110";"5,5278490"
"201900044811";"1";"9";"2019";"06:40";"3";"60";"60149";"1";"1";"1";"2";"A1 - PK 59.200";"49,3310179";"2,6921626"
"201900044812";"31";"8";"2019";"00:50";"3";"76";"76682";"1";"1";"1";"2";"A13";"49,3177180";"1,1055020"
"201900044813";"24";"8";"2019";"09:15";"1";"84";"84091";"1";"1";"1";"3";"A7 - PK 163+500 - Sens Nord / Sud";"44,1618230";"4,7671340"
"201900044814";"16";"8";"2019";"10:55";"1";"13";"13118";"1";"1";"1";"2";"A8 , PK 005+400";"43,5525220";"5,2484080"
"201900044815";"31";"8";"2019";"18:15";"1";"13";"13097";"1";"1";"1";"2";"A54, PK 50+650";"43,6377440";"4,8346480"
"201900044816";"26";"8";"2019";"21:00";"3";"13";"13001";"1";"1";"1";"4";"a8";"43,5326460";"5,3797090"
"201900044817";"30";"8";"2019";"17:40";"1";"28";"28363";"1";"1";"1";"7";"A10 PK 40.656";"48,4164270";"1,8979890"
"201900044818";"1";"9";"2019";"12:00";"1";"988";"98820";"2";"1";"3";"1";"tribu de Hnymehe";" -20,6151210";"166,5562410"
"201900044819";"30";"8";"2019";"17:00";"1";"988";"98819";"1";"1";"2";"6";"route de bondé";" -20,4296760";"164,4274740"
"201900044820";"25";"8";"2019";"21:25";"3";"988";"98829";"1";"1";"1";"6";"Col de la Nembrou";" -21,6714200";"166,1594600"
"201900044821";"26";"8";"2019";"20:10";"3";"974";"97415";"1";"1";"1";"5";"Saint-Gilles les Bains";" -21,0676520";"55,2294830"
"201900044822";"30";"8";"2019";"02:30";"3";"974";"97415";"1";"1";"1";"2";"Route Nationale 1";" -20,9645810";"55,3004750"
"201900044823";"30";"8";"2019";"15:18";"1";"974";"97420";"2";"1";"8";"6";"Chemin Transversal du Bel-Air";" -20,9072380";"55,5828050"
"201900044824";"24";"8";"2019";"15:00";"1";"973";"97306";"1";"1";"1";"7";"PK 211 + 850";"5,3890915";" -53,6700797"
"201900044825";"1";"9";"2019";"03:20";"5";"973";"97311";"2";"1";"1";"7";"94 Avenue Paul Castaing";"5,4888903";" -54,0188944"
"201900044826";"28";"8";"2019";"14:50";"1";"973";"97311";"1";"3";"1";"2";"Route de Saint-Jean";"5,4510330";" -54,0414330"
"201900044827";"31";"8";"2019";"17:30";"1";"973";"97304";"1";"1";"1";"5";"RN1";"5,1188995";" -52,6539087"
"201900044828";"31";"8";"2019";"21:00";"3";"971";"97117";"1";"1";"1";"1";"25 Lotissement l'Oranger";"16,3351400";" -61,3782580"
"201900044829";"7";"8";"2019";"13:30";"1";"971";"97117";"1";"1";"1";"6";"Route de Bellevue";"16,3255130";" -61,3705660"
"201900044830";"23";"8";"2019";"10:10";"1";"971";"97110";"2";"1";"1";"6";"Le Desert";"16,3049930";" -61,0643870"
"201900044831";"30";"8";"2019";"18:05";"1";"33";"33199";"2";"1";"1";"3";"156 Av du Mal de Lattre de Tassigny";"44,6370220";" -1,0992690"
"201900044832";"30";"8";"2019";"16:40";"1";"29";"29233";"2";"1";"1";"5";"Rue de Pont-Aven";"47,8717810";" -3,5595480"
"201900044833";"26";"8";"2019";"18:50";"1";"37";"37022";"2";"1";"1";"6";"107 Rue du Véron";"47,1853940";"0,1709100"
"201900044834";"26";"8";"2019";"19:30";"1";"28";"28371";"1";"2";"1";"6";"2 Rue de Sorel";"48,8471310";"1,4034210"
"201900044835";"1";"9";"2019";"04:40";"3";"77";"77211";"1";"1";"2";"6";"D619";"48,5875090";"2,9275420"
"201900044836";"30";"8";"2019";"21:53";"3";"77";"77044";"1";"6";"1";"7";"D408 X D227";"48,5479996";"2,8762917"
"201900044837";"28";"8";"2019";"12:26";"1";"77";"77453";"1";"1";"1";"6";"RD408";"48,5486800";"2,7551500"
"201900044838";"30";"8";"2019";"14:20";"1";"95";"95351";"1";"6";"7";"3";"D317";"49,0287460";"2,4993100"
"201900044839";"31";"8";"2019";"15:25";"1";"95";"95489";"1";"1";"1";"1";"route de la tete richard";"49,0197550";"2,3523030"
"201900044840";"25";"8";"2019";"11:00";"1";"95";"95690";"1";"1";"1";"6";"Rue Saint-Romain";"49,1035520";"1,8344430"
"201900044841";"28";"8";"2019";"17:00";"1";"91";"91132";"1";"1";"1";"7";"RN 20 PK 26 sens PARIS vers PROVINCE";"48,5154580";"2,2160090"
"201900044842";"28";"8";"2019";"12:30";"1";"78";"78683";"2";"1";"1";"6";"route de Saint-Germain";"48,8100080";"1,8820270"
"201900044843";"28";"8";"2019";"16:54";"1";"78";"78655";"1";"2";"1";"3";"Route d'Auffargis";"48,6822200";"1,8869070"
"201900044844";"17";"8";"2019";"18:45";"1";"2B";"2B313";"2";"9";"1";"3";"Les Marines de Moriani/RT10";"42,3664630";"9,5296340"
"201900044845";"1";"9";"2019";"09:15";"1";"2A";"2A247";"1";"1";"1";"1";"D368";"41,5904060";"9,2793320"
"201900044846";"30";"8";"2019";"08:00";"1";"66";"66088";"2";"3";"1";"6";"Rue Jean Baptiste Moynier";"42,6751440";"2,6297250"
"201900044847";"27";"8";"2019";"20:30";"1";"30";"30258";"2";"2";"1";"3";"Route de Montpellier";"43,6709118";"4,3949536"
"201900044848";"1";"9";"2019";"16:25";"1";"34";"34039";"1";"6";"1";"3";"rd 613";"43,4489720";"3,6449380"
"201900044849";"31";"8";"2019";"19:15";"1";"84";"84064";"1";"1";"1";"1";"D8";"44,3035610";"4,6885410"
"201900044850";"27";"8";"2019";"06:36";"1";"84";"84019";"2";"6";"1";"3";"Rond-Point des Portes de Provence";"44,2882460";"4,7520450"
"201900044851";"31";"8";"2019";"04:30";"3";"84";"84112";"1";"1";"1";"6";"CD900";"43,8592090";"5,5114830"
"201900044852";"16";"8";"2019";"14:00";"1";"83";"83065";"1";"1";"1";"2";"RD559";"43,2284840";"6,5846050"
"201900044853";"26";"8";"2019";"15:00";"1";"83";"83068";"1";"1";"1";"2";"616 Route de Cogolin";"43,2642600";"6,5294230"
"201900044854";"1";"9";"2019";"15:00";"1";"6";"06151";"1";"1";"1";"6";"m6102 pk4+080";"43,9192090";"7,2637810"
"201900044855";"29";"8";"2019";"14:15";"1";"6";"06145";"1";"1";"1";"7";"RD27, PR 015.000";"43,8889580";"7,1344520"
"201900044856";"28";"8";"2019";"17:00";"1";"5";"05166";"2";"3";"1";"2";"Avenue Jean MOULIN";"44,4252060";"5,7094830"
"201900044857";"27";"8";"2019";"16:20";"1";"13";"13046";"1";"1";"1";"6";"Départementale 96";"43,4319870";"5,5643750"
"201900044858";"29";"8";"2019";"16:45";"1";"13";"13022";"1";"1";"1";"5";"cd 559";"43,2244660";"5,5516860"
"201900044859";"28";"8";"2019";"23:30";"3";"13";"13066";"1";"1";"1";"6";"3348 Route nationale 7";"43,8554620";"4,9201530"
"201900044860";"26";"8";"2019";"15:10";"1";"89";"89298";"1";"1";"1";"2";"Autoroute A6";"48,0434955";"3,1167483"
"201900044861";"31";"8";"2019";"16:45";"1";"21";"21656";"2";"1";"7";"6";"44 Route de Rouvres";"47,2323080";"5,1877110"
"201900044862";"29";"8";"2019";"19:20";"1";"21";"21005";"2";"1";"1";"6";"28 Rue des Sirénes";"47,1747710";"5,1630490"
"201900044863";"26";"8";"2019";"15:00";"1";"10";"10095";"1";"1";"1";"7";"départementale 105";"48,5491110";"4,1760890"
"201900044864";"31";"8";"2019";"14:25";"1";"68";"68247";"1";"1";"1";"6";"D 13 bis";"47,9062340";"6,9748330"
"201900044865";"31";"8";"2019";"10:40";"1";"68";"68344";"1";"1";"1";"1";"route nationale 66";"47,8819770";"6,9216720"
"201900044866";"29";"8";"2019";"17:55";"1";"68";"68063";"2";"1";"1";"2";"41 A Avenue Charles de Gaulle";"47,8005750";"7,1823630"
"201900044867";"29";"8";"2019";"16:40";"1";"68";"68368";"1";"1";"2";"5";"CD 417";"48,0467940";"7,2091840"
"201900044868";"18";"8";"2019";"10:35";"1";"67";"67100";"2";"1";"1";"7";"D758";"48,7170530";"7,6513080"
"201900044869";"31";"8";"2019";"10:40";"1";"67";"67411";"1";"3";"1";"2";"D435 PK1.5";"48,5041090";"7,4482880"
"201900044870";"24";"8";"2019";"19:30";"2";"67";"67411";"1";"1";"1";"7";"D35";"48,5044930";"7,4924160"
"201900044871";"31";"8";"2019";"01:50";"3";"67";"67046";"1";"1";"1";"1";"route départemental 29";"48,7656580";"7,8560030"
"201900044872";"22";"8";"2019";"17:20";"1";"67";"67348";"2";"1";"1";"4";"RD 422";"48,4622930";"7,4810310"
"201900044873";"31";"8";"2019";"17:35";"1";"88";"88196";"1";"1";"1";"7";"Chemin du Tour du Lac";"48,0660270";"6,8476970"
"201900044874";"29";"8";"2019";"18:40";"1";"88";"88367";"2";"1";"1";"3";"1 Avenue du Dix Septième Bcp";"48,3398380";"6,6349860"
"201900044875";"24";"8";"2019";"19:00";"1";"54";"54065";"2";"1";"1";"6";"62 Rue du Général Leclerc";"48,4296740";"6,7925140"
"201900044876";"23";"8";"2019";"12:00";"1";"54";"54305";"1";"6";"1";"7";"d321";"48,7407600";"6,1856400"
"201900044877";"25";"8";"2019";"15:45";"1";"63";"63335";"2";"2";"1";"3";"Le Cheix";"45,5443075";"3,0008594"
"201900044878";"29";"8";"2019";"17:45";"1";"63";"63226";"1";"3";"1";"3";"Route de Dallet";"45,7536870";"3,2363130"
"201900044879";"28";"8";"2019";"22:30";"3";"63";"63263";"1";"1";"1";"1";"Route de la Baraque";"45,7846670";"3,0477000"
"201900044880";"1";"9";"2019";"20:10";"2";"74";"74037";"1";"3";"1";"7";"Route de Chez Layât";"46,2165150";"6,3946490"
"201900044881";"27";"8";"2019";"09:10";"1";"74";"74001";"1";"1";"1";"1";"RD 22";"46,2958330";"6,6791460"
"201900044882";"29";"8";"2019";"19:48";"1";"74";"74094";"1";"1";"1";"1";"Route de Lucinges";"46,1823945";"6,3064048"
"201900044883";"29";"8";"2019";"15:40";"1";"74";"74239";"1";"1";"1";"3";"D4";"45,9346180";"6,4155810"
"201900044884";"28";"8";"2019";"08:50";"1";"38";"38064";"2";"1";"1";"2";"82 Route de Chambéry";"45,5661270";"5,3852280"
"201900044885";"31";"8";"2019";"16:20";"1";"38";"38474";"2";"9";"1";"3";"D 1532";"45,2146200";"5,6612500"
"201900044886";"29";"8";"2019";"21:30";"3";"7";"07293";"1";"1";"1";"6";"N/A";"44,9689430";"4,8033000"
"201900044887";"26";"8";"2019";"18:35";"2";"69";"69102";"1";"3";"1";"3";"Le Barrage";"45,8952000";"4,3851700"
"201900044888";"31";"8";"2019";"18:10";"1";"69";"69050";"1";"1";"2";"6";"Coleymieux";"45,8560600";"4,6524680"
"201900044889";"29";"8";"2019";"20:05";"2";"69";"69009";"2";"1";"1";"4";"route de lyon";"45,9353700";"4,7224800"
"201900044890";"31";"8";"2019";"17:20";"1";"69";"69051";"2";"1";"1";"7";"route de mornant";"45,6320100";"4,6435160"
"201900044891";"31";"8";"2019";"01:25";"5";"69";"69284";"2";"1";"1";"6";"1031 Rue de Neuville";"45,8773800";"4,8501400"
"201900044892";"27";"8";"2019";"08:30";"1";"81";"81038";"1";"1";"8";"6";"Route de Montans";"43,8826830";"1,8973252"
"201900044893";"28";"8";"2019";"19:00";"1";"81";"81105";"2";"3";"1";"3";"21 Avenue Jules Ferry";"43,7639960";"1,9831500"
"201900044894";"28";"8";"2019";"16:05";"1";"9";"09282";"2";"1";"1";"3";"route de Toulouse";"43,2440380";"1,5701450"
"201900044895";"27";"8";"2019";"13:30";"1";"9";"09270";"2";"1";"1";"6";"Route départemetale 626 A";"43,1677230";"1,4949640"
"201900044896";"29";"6";"2019";"16:00";"1";"9";"09302";"1";"1";"1";"7";"Aygue-Rouge et Arbu";"42,8064610";"1,4205660"
"201900044897";"30";"8";"2019";"08:45";"1";"17";"17452";"1";"1";"1";"3";"D728 E mus de loup";"45,7960450";" -1,1441260"
"201900044898";"25";"8";"2019";"18:55";"1";"17";"17121";"1";"9";"1";"3";"RD 735";"46,1984450";" -1,4261660"
"201900044899";"31";"8";"2019";"18:55";"1";"33";"33268";"2";"3";"7";"3";"D2";"45,0408240";" -0,6742550"
"201900044900";"31";"8";"2019";"22:05";"3";"33";"33022";"1";"1";"1";"7";"Route de Saint-Raphaël";"44,9930280";" -0,7806750"
"201900044901";"27";"8";"2019";"19:25";"1";"33";"33339";"1";"1";"1";"1";"87 avenue des cotes de bourg";"45,0319700";" -0,4895600"
"201900044902";"29";"8";"2019";"13:00";"1";"33";"33519";"2";"1";"7";"3";"Chemin de Sabaton";"44,9054400";" -0,6863200"
"201900044903";"28";"8";"2019";"14:30";"1";"33";"33436";"1";"1";"1";"1";"2 Route de Hazera - RD 111E1";"44,5328500";" -0,6459800"
"201900044904";"27";"8";"2019";"17:50";"1";"85";"85003";"1";"1";"1";"7";"Le Bois Braud";"46,7222660";" -1,6191250"
"201900044905";"22";"8";"2019";"11:29";"1";"44";"44168";"1";"1";"1";"2";"RD 50";"47,4043080";" -2,2227630"
"201900044906";"27";"8";"2019";"08:10";"1";"50";"50041";"1";"1";"1";"1";"Route des Avoines (Acqueville)";"49,6073130";" -1,7410150"
"201900044907";"31";"8";"2019";"17:30";"1";"50";"50612";"1";"1";"1";"3";"D911";"48,6798470";" -1,4028630"
"201900044908";"28";"8";"2019";"19:20";"1";"14";"14762";"1";"3";"1";"6";"6 Rue des Remparts";"48,8379710";" -0,8898580"
"201900044909";"1";"9";"2019";"17:20";"1";"22";"22223";"1";"3";"1";"3";"Kernilien";"48,5661640";" -3,1894440"
"201900044910";"25";"8";"2019";"19:30";"1";"22";"22201";"1";"3";"1";"7";"LA THEBAUDAIS";"48,6589170";" -2,3263820"
"201900044911";"25";"8";"2019";"17:22";"1";"22";"22093";"1";"1";"7";"3";"LA DOBERIE";"48,4973422";" -2,4706621"
"201900044912";"29";"8";"2019";"19:20";"1";"27";"27322";"2";"2";"1";"1";"Rue des Tuileries";"49,2253620";"1,0637570"
"201900044913";"21";"8";"2019";"19:00";"1";"27";"27168";"2";"1";"1";"3";"17 Route d'Amfreville-Sous-Les-Monts";"49,2555670";"1,2704580"
"201900044914";"24";"8";"2019";"21:10";"2";"27";"27070";"1";"1";"1";"1";"CD 12";"49,2757520";"1,4746820"
"201900044915";"28";"8";"2019";"17:00";"1";"76";"76057";"1";"3";"1";"3";"Rue Pierre et Marie Curie";"49,5363440";"0,9599690"
"201900044916";"30";"8";"2019";"18:55";"1";"76";"76727";"1";"1";"1";"6";"Route d'Aizier";"49,4498322";"0,6592011"
"201900044917";"26";"8";"2019";"11:20";"1";"76";"76758";"2";"2";"1";"6";"le mail";"49,6167530";"0,7528010"
"201900044918";"23";"8";"2019";"16:50";"1";"76";"76250";"1";"2";"7";"3";"route d'etretat";"49,5597060";"0,3209860"
"201900044919";"27";"8";"2019";"17:15";"1";"76";"76313";"1";"1";"1";"5";"RD 6015 PK 3 + 400";"49,3545190";"1,1297920"
"201900044920";"26";"8";"2019";"16:40";"1";"60";"60612";"1";"1";"1";"3";"Route Départementale 1330";"49,2211305";"2,5672432"
"201900044921";"26";"8";"2019";"16:45";"1";"60";"60211";"2";"1";"7";"5";"D915";"49,3148560";"1,7734680"
"201900044922";"28";"8";"2019";"15:20";"1";"60";"60628";"2";"2";"1";"6";"rue aimé besnard";"49,4251660";"2,1347410"
"201900044923";"28";"8";"2019";"11:35";"1";"80";"80685";"1";"2";"1";"3";"RD 1017/RD 186";"49,6965140";"2,8064150"
"201900044924";"31";"8";"2019";"13:00";"1";"80";"80721";"1";"1";"1";"3";"départementale 940";"50,1730470";"1,6348530"
"201900044925";"26";"8";"2019";"20:00";"1";"59";"59249";"2";"1";"1";"7";"Rue Antoine Renaud";"50,0294920";"4,0650800"
"201900044926";"30";"8";"2019";"10:55";"1";"59";"59168";"2";"3";"1";"6";"rue GAMBETTA cysoing";"50,5662760";"3,2142920"
"201900044927";"27";"8";"2019";"20:30";"2";"59";"59581";"1";"3";"1";"3";"rue du doulieu";"50,6952460";"2,7377480"
"201900044928";"31";"8";"2019";"15:00";"1";"59";"59237";"1";"1";"1";"7";"Route de Godewaersvelde";"50,7642310";"2,6432910"
"201900044929";"31";"8";"2019";"04:05";"3";"13";"13214";"2";"1";"1";"2";"A7-Sens Marseille vers Lyon";"43,3329360";"5,3775440"
"201900044930";"26";"8";"2019";"11:50";"1";"13";"13211";"1";"1";"1";"3";"A50-Sens Marseille vers Aubagne";"43,2877642";"5,5016138"
"201900044931";"27";"8";"2019";"19:00";"2";"13";"13202";"2";"1";"1";"4";"A55-Sens Martigues vers Marseille";"43,3117180";"5,3685800"
"201900044932";"27";"8";"2019";"00:42";"3";"13";"13088";"1";"1";"1";"4";"A55-Sens Martigues vers Marseille";"43,3917100";"5,2728800"
"201900044933";"26";"8";"2019";"15:30";"1";"13";"13071";"1";"1";"1";"7";"A55 - Sens Marseille vers Martigues";"43,3929060";"5,3000940"
"201900044934";"29";"8";"2019";"21:45";"5";"83";"83090";"1";"1";"1";"2";"A50";"43,1250600";"5,9062500"
"201900044935";"28";"8";"2019";"17:40";"1";"83";"83090";"1";"1";"1";"3";"A50";"43,1265500";"5,8913100"
"201900044936";"24";"8";"2019";"12:30";"1";"83";"83144";"1";"1";"1";"4";"A57";"43,1334900";"5,9847600"
"201900044937";"31";"8";"2019";"09:00";"1";"69";"69115";"1";"1";"1";"6";"A6   427.300 A 428.640";"45,9733800";"4,7319400"
"201900044938";"26";"8";"2019";"16:20";"1";"69";"69266";"1";"1";"1";"4";"RD383 2.321 A 3.750";"45,7876000";"4,8872000"
"201900044939";"23";"8";"2019";"09:30";"1";"57";"57356";"1";"1";"1";"4";"Autoroute A31";"49,4428600";"6,1186300"
"201900044940";"30";"8";"2019";"13:00";"1";"57";"57666";"1";"1";"7";"2";"Autoroute A31";"49,3507117";"6,1448147"
"201900044941";"26";"8";"2019";"15:15";"1";"67";"67137";"1";"1";"7";"2";"Route Métropolitaine 1083";"48,5035300";"7,6940500"
"201900044942";"31";"8";"2019";"14:05";"1";"33";"33550";"1";"1";"1";"2";"ROCADE A 630";"44,7785100";" -0,5542100"
"201900044943";"30";"8";"2019";"22:30";"5";"33";"33063";"1";"1";"1";"2";"ROCADE A 630";"44,8833500";" -0,5553200"
"201900044944";"30";"8";"2019";"18:40";"1";"33";"33249";"1";"1";"1";"3";"ROUTE NATIONALE 230";"44,8812500";" -0,5109000"
"201900044945";"30";"8";"2019";"18:00";"1";"33";"33080";"1";"1";"1";"3";"AUTOROUTE A 62";"44,7432300";" -0,5374100"
"201900044946";"30";"8";"2019";"16:10";"1";"33";"33167";"1";"1";"1";"4";"ROUTE NATIONALE 230";"44,8392980";" -0,5013530"
"201900044947";"29";"8";"2019";"18:40";"1";"33";"33281";"1";"1";"1";"2";"ROCADE A 630";"44,8288900";" -0,6755200"
"201900044948";"27";"8";"2019";"11:25";"1";"33";"33063";"1";"1";"1";"4";"ROCADE A 630";"44,8799300";" -0,5370000"
"201900044949";"26";"8";"2019";"17:25";"1";"33";"33065";"1";"1";"1";"3";"ROUTE NATIONALE 230";"44,8093800";" -0,5249500"
"201900044950";"13";"8";"2019";"02:00";"3";"59";"59123";"1";"1";"1";"4";"AUTOROUTE A1";"50,4988900";"3,0049500"
"201900044951";"24";"8";"2019";"04:00";"3";"59";"59350";"1";"1";"1";"2";"ROUTE NATIONALE 356";"50,6307320";"3,0824700"
"201900044952";"31";"8";"2019";"15:15";"1";"91";"91377";"1";"1";"1";"3";"AUTOROUTE A10";"48,7277410";"2,3039330"
"201900044953";"30";"8";"2019";"17:15";"1";"94";"94003";"1";"1";"1";"3";"AUTOROUTE A6A";"48,8158600";"2,3366100"
"201900044954";"30";"8";"2019";"18:15";"1";"91";"91340";"1";"1";"1";"3";"RN 104";"48,6091180";"2,4389650"
"201900044955";"30";"8";"2019";"11:00";"1";"91";"91689";"1";"1";"1";"2";"AUTOROUTE A6";"48,7295000";"2,3144000"
"201900044956";"29";"8";"2019";"18:00";"1";"91";"91553";"1";"1";"1";"4";"RN 104";"48,6312000";"2,4899000"
"201900044957";"29";"8";"2019";"17:30";"1";"91";"91377";"1";"1";"1";"2";"AUTOROUTE A10";"48,7131180";"2,2815950"
"201900044958";"28";"8";"2019";"19:00";"1";"91";"91521";"1";"1";"1";"2";"AUTOROUTE A6";"48,6357400";"2,4004600"
"201900044959";"27";"8";"2019";"18:24";"3";"92";"92002";"1";"1";"2";"4";"AUTOROUTE A10";"48,7301614";"2,3079008"
"201900044960";"27";"8";"2019";"13:40";"1";"91";"91689";"1";"1";"1";"4";"AUTOROUTE A6B";"48,7482300";"2,3276900"
"201900044961";"27";"8";"2019";"14:18";"1";"94";"94034";"1";"1";"1";"7";"AUTOROUTE A6A";"48,7535800";"2,3323000"
"201900044962";"27";"8";"2019";"13:05";"1";"94";"94038";"1";"1";"1";"2";"AUTOROUTE A6B";"48,7834445";"2,3467767"
"201900044963";"26";"8";"2019";"18:30";"1";"91";"91179";"1";"1";"1";"7";"RN 337";"48,5566300";"2,4946800"
"201900044964";"26";"8";"2019";"14:55";"1";"91";"91689";"1";"1";"1";"4";"AUTOROUTE A6";"48,7268800";"2,3136100"
"201900044965";"26";"8";"2019";"14:10";"1";"94";"94076";"1";"1";"1";"3";"AUTOROUTE A6B";"48,7878000";"2,3455800"
"201900044966";"26";"8";"2019";"04:40";"2";"91";"91363";"1";"1";"1";"2";"AUTOROUTE A10";"48,6621090";"2,1973540"
"201900044967";"26";"8";"2019";"05:35";"3";"91";"91347";"1";"1";"1";"6";"RN 104";"48,6223020";"2,2859100"
"201900044968";"28";"3";"2019";"13:25";"1";"75";"75120";"2";"1";"1";"4";"BD PERIPHERIQUE INTERIEUR";"48,8723760";"2,4125040"
"201900044969";"3";"4";"2019";"01:09";"5";"75";"75105";"2";"3";"1";"7";"QUAI DE MONTEBELLO";"48,8517750";"2,3495570"
"201900044970";"2";"4";"2019";"12:21";"1";"75";"75115";"2";"2";"1";"6";"RUE BRANCION";"48,8321370";"2,3029730"
"201900044971";"3";"4";"2019";"16:45";"1";"75";"75119";"2";"1";"8";"6";"AVENUE DE FLANDRE";"48,8894350";"2,3754540"
"201900044972";"3";"4";"2019";"09:00";"1";"75";"75119";"2";"1";"1";"3";"BOULEVARD DE LA VILLETTE";"48,8759730";"2,3726610"
"201900044973";"3";"4";"2019";"17:40";"1";"75";"75118";"2";"7";"1";"6";"PLACE ALBERT KAHN";"48,8958220";"2,3464750"
"201900044974";"3";"4";"2019";"15:30";"1";"75";"75115";"2";"1";"1";"3";"RUE DE LA CONVENTION";"48,8402130";"2,2898600"
"201900044975";"3";"4";"2019";"00:03";"5";"75";"75115";"2";"2";"8";"2";"QUAI DE GRENELLE";"48,8508430";"2,2836870"
"201900044976";"3";"4";"2019";"18:20";"1";"75";"75113";"2";"1";"1";"1";"QUAI PANHARD ET LEVASSOR";"48,8277820";"2,3852720"
"201900044977";"3";"4";"2019";"20:50";"5";"75";"75112";"2";"1";"1";"7";"SOUTERRAIN QUAI DE LA RAPEE";"48,8433500";"2,3702990"
"201900044978";"3";"4";"2019";"10:30";"1";"75";"75112";"2";"1";"1";"6";"PLACE LOUIS ARMAND";"48,8450430";"2,3726350"
"201900044979";"2";"4";"2019";"13:40";"1";"75";"75112";"2";"1";"1";"4";"RUE DE BERCY";"48,8440780";"2,3728270"
"201900044980";"3";"4";"2019";"19:10";"1";"75";"75111";"2";"3";"1";"6";"RUE ROUBO";"48,8496770";"2,3873290"
"201900044981";"3";"4";"2019";"15:30";"1";"75";"75108";"2";"2";"1";"5";"AVENUE DE FRIEDLAND";"48,8739770";"2,2972860"
"201900044982";"3";"4";"2019";"09:22";"1";"75";"75117";"2";"1";"1";"3";"BOULEVARD DE COURCELLES";"48,8807560";"2,3107720"
"201900044983";"3";"4";"2019";"22:25";"5";"75";"75103";"2";"1";"2";"6";"BOULEVARD SAINT MARTIN";"48,8683420";"2,3597090"
"201900044984";"3";"4";"2019";"18:35";"1";"94";"94081";"2";"3";"1";"3";"MARECHAL FOCH (R DU)";"48,7962000";"2,3967800"
"201900044985";"3";"4";"2019";"09:25";"1";"94";"94081";"2";"1";"1";"6";"MOULIN DE SAQUET (AV DU)";"48,7921000";"2,3852000"
"201900044986";"2";"4";"2019";"09:25";"1";"94";"94081";"2";"9";"8";"3";"GABRIEL PERI (R)";"48,7980000";"2,3990000"
"201900044987";"2";"4";"2019";"11:35";"1";"94";"94068";"2";"1";"1";"6";"VARENNE (R DE LA)";"48,8066000";"2,4773590"
"201900044988";"3";"4";"2019";"18:20";"1";"94";"94046";"2";"1";"1";"2";"GENERAL LECLERC (AV DU)";"48,8073000";"2,4378000"
"201900044989";"2";"4";"2019";"18:05";"1";"94";"94046";"2";"3";"2";"3";"GENERAL LECLERC (AV DU)";"48,8101500";"2,4351800"
"201900044990";"3";"4";"2019";"09:30";"1";"94";"94003";"2";"6";"1";"2";"VOLTAIRE (R)";"48,8107700";"2,3341600"
"201900044991";"3";"4";"2019";"17:20";"1";"94";"94004";"2";"3";"1";"3";"GENERAL LECLERC (AV)";"48,7544491";"2,5059390"
"201900044992";"2";"4";"2019";"09:20";"1";"94";"94002";"2";"9";"2";"6";"BLANQUI (QU)";"48,8056900";"2,4108700"
"201900044993";"2";"4";"2019";"07:50";"2";"93";"93066";"2";"3";"3";"3";"ELUARD PAUL - AUTRES";"48,9416400";"2,3418500"
"201900044994";"3";"4";"2019";"17:00";"1";"93";"93064";"2";"1";"1";"1";"MEDERIC (RUE)";"48,8661300";"2,4827000"
"201900044995";"3";"4";"2019";"13:40";"1";"93";"93013";"2";"1";"1";"3";"LINDBERGH (CARREFOUR)";"48,9430200";"2,4323800"
"201900044996";"3";"4";"2019";"14:45";"1";"93";"93014";"2";"1";"1";"6";"GAGNY (ALLEE DE)";"48,9104800";"2,5497000"
"201900044997";"3";"4";"2019";"07:30";"2";"93";"93010";"2";"9";"1";"6";"GALLIENI (AV.) DE 177 A 211";"48,9069100";"2,4883000"
"201900044998";"3";"4";"2019";"11:15";"1";"93";"93005";"2";"1";"1";"6";"MARCO POLO (RUE)";"48,9559130";"2,4950830"