"Num_Acc";"jour";"mois";"an";"hrmn";"lum";"dep";"com";"agg";"int";"atm";"col";"adr";"lat";"long"
"201900044999";"18";"1";"2019";"10:00";"1";"93";"93005";"2";"1";"1";"6";"ROBERT BREMOND (RUE)";"48,9569210";"2,4618430"
"201900045000";"3";"4";"2019";"16:10";"1";"92";"92078";"2";"9";"1";"2";"VERDUN (AVENUE) (IMPAIRS JJAURES>A86)";"48,9347020";"2,3216900"
"201900045001";"9";"1";"2019";"20:50";"5";"92";"92064";"2";"1";"2";"5";"PASTEUR";"48,8416600";"2,2002500"
"201900045002";"6";"2";"2019";"19:00";"5";"92";"92062";"2";"9";"2";"3";"GENERAL DE GAULLE (AV) DU 63 AU 107";"48,8853100";"2,2279400"
"201900045003";"4";"2";"2019";"15:54";"1";"92";"92062";"2";"1";"8";"7";"JAURES(RUE JEAN) DU 178 AU 116";"48,8803850";"2,2372800"
"201900045004";"3";"4";"2019";"07:25";"2";"92";"92040";"2";"9";"1";"3";"VERDUN (AVENUE DE) DU 83 AU 113 BIS";"48,8206950";"2,2596170"
"201900045005";"3";"4";"2019";"10:20";"1";"92";"92004";"2";"1";"1";"2";"PONT DE CLICHY";"48,9109700";"2,2986500"
"201900045006";"3";"4";"2019";"07:50";"1";"92";"92002";"2";"3";"1";"6";"RABATS (RUE DES)/  DIVISION LECLERC (53 A 217 - 58 A 186)";"48,7370653";"2,3017098"
"201900045007";"4";"4";"2019";"19:00";"1";"95";"95313";"1";"1";"1";"2";"rd922";"49,1223460";"2,2445420"
"201900045008";"31";"3";"2019";"14:40";"1";"33";"33154";"1";"1";"1";"6";"LD Monfourat - D674";"45,0799110";" -0,0699900"
"201900045009";"3";"4";"2019";"18:05";"1";"40";"40004";"2";"1";"8";"3";"625 Route de Tyrosse";"43,6581680";" -1,3617940"
"201900045010";"3";"4";"2019";"23:00";"3";"974";"97405";"1";"1";"2";"6";"Rue Maxime Payet";" -21,3690330";"55,5760490"
"201900045011";"3";"4";"2019";"15:40";"1";"22";"22093";"1";"1";"1";"5";"Bretelle de sortie RN12 ""la petite chapelle""";"48,4550500";" -2,4946000"
"201900045012";"3";"4";"2019";"17:55";"1";"14";"14027";"1";"1";"1";"6";"Les Malais (Aunay-sur-Odon)";"49,0318610";" -0,6424580"
"201900045013";"3";"4";"2019";"01:15";"5";"67";"67140";"2";"4";"2";"6";"rue de roppenheim";"48,8593390";"8,0368220"
"201900045014";"3";"4";"2019";"18:00";"1";"34";"34118";"1";"4";"8";"1";"D26";"43,7429340";"3,9064390"
"201900045015";"4";"4";"2019";"07:35";"1";"83";"83057";"1";"1";"1";"3";"les brasques";"43,3653580";"6,2031920"
"201900045016";"4";"4";"2019";"06:45";"2";"2A";"2A104";"1";"1";"1";"7";"RT40";"41,9134663";"8,8493913"
"201900045017";"4";"4";"2019";"19:20";"1";"80";"80680";"1";"1";"1";"6";"Rue des Quatre Épines";"49,8269750";"2,6969790"
"201900045018";"4";"4";"2019";"18:15";"1";"33";"33108";"2";"3";"1";"3";"PLACE PIERRE ORUS / VC RUE VISTOR HUGO";"44,8533500";" -0,0433800"
"201900045019";"23";"3";"2019";"02:15";"3";"61";"61491";"1";"1";"1";"6";"route départementale 5 - PK 03+125";"48,5646730";"0,6378520"
"201900045020";"31";"3";"2019";"05:30";"3";"46";"46337";"1";"1";"1";"6";"Route départementale 15";"44,9025120";"1,5386520"
"201900045021";"3";"4";"2019";"07:05";"3";"44";"44087";"2";"1";"2";"2";"Rue de Nantes (Machecoul)";"46,9915710";" -1,8087580"
"201900045022";"31";"3";"2019";"04:00";"5";"44";"44203";"2";"4";"1";"6";"rue de la chapelle";"47,3277420";" -1,7921540"
"201900045023";"3";"4";"2019";"17:35";"1";"29";"29175";"1";"1";"1";"4";"RN164";"48,2112919";" -3,7665729"
"201900045024";"3";"4";"2019";"09:00";"1";"38";"38389";"1";"1";"2";"1";"rd53";"45,5615250";"5,0724350"
"201900045025";"3";"4";"2019";"11:45";"1";"70";"70311";"2";"1";"3";"7";"Avenue de Lattre de Tassigny";"47,8180930";"6,3631050"
"201900045026";"4";"4";"2019";"00:10";"3";"83";"83046";"1";"1";"2";"6";"N/A";"43,5142210";"6,1614190"
"201900045027";"2";"4";"2019";"16:50";"1";"60";"60291";"1";"1";"8";"6";"D932";"49,6610400";"3,0535420"
"201900045028";"28";"3";"2019";"20:15";"3";"88";"88160";"1";"1";"1";"3";"LIEU DIT LES 4 VENTS";"48,1306580";"6,4328550"
"201900045029";"4";"4";"2019";"16:30";"1";"68";"68042";"1";"1";"2";"2";"autoroute35";"47,6175980";"7,5148150"
"201900045030";"2";"4";"2019";"06:30";"1";"988";"98811";"2";"3";"1";"1";"Intersection RT1 et rue des CORBEAUX";" -21,0993890";"164,8947790"
"201900045031";"4";"4";"2019";"18:30";"1";"83";"83081";"1";"1";"1";"3";"rd 562";"43,6177290";"6,7651660"
"201900045032";"29";"3";"2019";"03:25";"3";"26";"26325";"1";"1";"1";"7";"Autoroute A7 pk 28 sens N/S";"45,2916510";"4,8236970"
"201900045033";"2";"4";"2019";"16:45";"1";"89";"89206";"2";"1";"2";"1";"Route de Montargis";"47,9763830";"3,3708850"
"201900045034";"2";"4";"2019";"18:00";"1";"58";"58121";"2";"1";"1";"7";"81 RUE ROLAND BROUARD";"47,0465010";"3,0948350"
"201900045035";"2";"4";"2019";"16:00";"1";"67";"67248";"1";"1";"1";"1";"D215";"48,4861560";"7,5682690"
"201900045036";"4";"4";"2019";"00:45";"5";"3";"03174";"1";"1";"1";"6";"N/A";"46,1105160";"3,5638440"
"201900045037";"29";"3";"2019";"22:00";"3";"63";"63417";"1";"9";"5";"1";"RD2";"45,8198574";"3,0626750"
"201900045038";"4";"4";"2019";"12:45";"1";"31";"31433";"2";"7";"1";"6";"boulevard de l'europe";"43,5330580";"1,4037430"
"201900045039";"3";"4";"2019";"15:15";"1";"33";"33058";"2";"6";"2";"6";"30 Cours Bacalan";"45,1172500";" -0,6566500"
"201900045040";"3";"4";"2019";"10:15";"1";"13";"13210";"1";"1";"8";"2";"A50-Sens Marseille vers Aubagne";"43,2858500";"5,4295500"
"201900045041";"15";"3";"2019";"08:40";"1";"69";"69256";"1";"1";"9";"2";"A42     0.560 A 4.020";"45,7911200";"4,9099100"
"201900045042";"2";"4";"2019";"23:00";"5";"69";"69091";"1";"1";"1";"6";"A47";"45,5892476";"4,7631062"
"201900045043";"29";"3";"2019";"15:25";"1";"57";"57666";"1";"1";"1";"4";"Autoroute A31";"49,3507214";"6,1446753"
"201900045044";"3";"4";"2019";"08:50";"1";"92";"92048";"1";"1";"1";"3";"N118";"48,7929817";"2,2191141"
"201900045045";"2";"4";"2019";"14:00";"1";"92";"92048";"1";"1";"1";"6";"N118";"48,8263992";"2,2234662"
"201900045046";"2";"4";"2019";"12:15";"1";"93";"93053";"1";"1";"1";"2";"AUTOROUTE A3";"48,8946100";"2,4712900"
"201900045047";"2";"4";"2019";"09:30";"1";"93";"93008";"1";"1";"2";"3";"AUTOROUTE A86";"48,9085900";"2,4503400"
"201900045048";"2";"4";"2019";"10:20";"1";"93";"93010";"1";"1";"1";"7";"AUTOROUTE A3";"48,9019300";"2,4703400"
"201900045049";"3";"4";"2019";"18:45";"1";"94";"94017";"1";"1";"1";"4";"A4";"48,8130300";"2,5079400"
"201900045050";"3";"4";"2019";"08:10";"1";"94";"94065";"1";"1";"1";"3";"A86 EXT";"48,7536897";"2,3544961"
"201900045051";"3";"4";"2019";"08:00";"1";"94";"94028";"1";"1";"1";"3";"A86 EXT";"48,7922000";"2,4412000"
"201900045052";"2";"4";"2019";"20:00";"1";"94";"94033";"1";"1";"2";"3";"A86.INT";"48,8530000";"2,4899000"
"201900045053";"1";"4";"2019";"15:45";"1";"71";"71486";"2";"1";"1";"7";"MAX DORMOY (AVENUE)";"46,6442290";"4,3223900"
"201900045054";"30";"3";"2019";"23:13";"5";"94";"94068";"2";"3";"1";"3";"LOUIS BLANC (AV)";"48,7902470";"2,4959820"
"201900045055";"2";"4";"2019";"11:40";"1";"92";"92049";"2";"1";"1";"6";"PERIER RUE N°35 A 88 ET 26B A 90";"48,8155700";"2,3112800"
"201900045056";"2";"4";"2019";"07:30";"2";"92";"92020";"2";"1";"2";"6";"LASSEGUE RUE N° PAIRS";"48,8015500";"2,2844800"
"201900045057";"1";"4";"2019";"09:30";"1";"92";"92049";"2";"1";"1";"6";"PERI RUE GABRIEL N°1 A 35";"48,8182300";"2,3209600"
"201900045058";"11";"1";"2019";"11:15";"1";"92";"92004";"2";"1";"2";"2";"PONT DE CLICHY";"48,9112749";"2,2987200"
"201900045059";"31";"3";"2019";"21:00";"4";"92";"92036";"1";"1";"1";"2";"AUTOROUTE A86";"48,9383709";"2,3000965"
"201900045060";"2";"4";"2019";"20:05";"5";"988";"98818";"2";"1";"1";"7";"PORT DESPOINTES (ROUTE DU)";" -22,2830700";"166,4533600"
"201900045061";"2";"4";"2019";"18:10";"5";"988";"98818";"1";"4";"1";"3";"VE1 HAUTEUR PONT DE KOWEKARA";" -22,2319100";"166,4575800"
"201900045062";"2";"4";"2019";"18:00";"2";"974";"97411";"2";"5";"2";"5";"Rue de la source";" -20,8887800";"55,4488400"
"201900045063";"1";"4";"2019";"21:20";"4";"973";"97302";"2";"1";"1";"6";"EAU-LISETTE (CITE)";"4,9292157";" -52,3222160"
"201900045064";"2";"4";"2019";"22:10";"5";"69";"69387";"2";"5";"1";"3";"MARC BLOCH                          (R )";"45,7469900";"4,8457600"
"201900045065";"2";"4";"2019";"18:40";"1";"69";"69387";"2";"1";"1";"6";"TONY GARNIER                        (AV)";"45,7273700";"4,8245600"
"201900045066";"2";"4";"2019";"18:50";"1";"69";"69383";"2";"2";"1";"3";"LOUIS                               (R )";"45,7497600";"4,8897700"
"201900045067";"2";"4";"2019";"11:10";"1";"69";"69259";"2";"7";"1";"1";"ACACIAS (DES)                       (AL)";"45,7247697";"4,8690838"
"201900045068";"1";"4";"2019";"12:00";"1";"69";"69387";"2";"1";"1";"2";"JEAN JAURES                         (AV)";"45,7500900";"4,8447900"
"201900045069";"2";"4";"2019";"17:00";"1";"972";"97209";"1";"1";"1";"3";"FONTAINE DIDIER (RUE DE LA)";"14,6386900";" -61,0822600"
"201900045070";"2";"4";"2019";"08:00";"1";"972";"97209";"2";"1";"2";"2";"PROFESSEUR RAYMOND GARCIN (RUE DU)";"14,6203200";" -61,0779900"
"201900045071";"1";"4";"2019";"14:20";"1";"972";"97209";"2";"2";"1";"6";"LORRAINE HANBERRY";"14,6100300";" -61,0468300"
"201900045072";"2";"4";"2019";"18:00";"1";"69";"69081";"1";"1";"1";"2";"VALVERT                                 ";"45,7658300";"4,7786900"
"201900045073";"19";"3";"2019";"07:10";"1";"971";"97113";"1";"3";"1";"3";"ROUTE DE BEL  AIR";"16,2080900";" -61,4640600"
"201900045074";"31";"3";"2019";"19:25";"5";"971";"97101";"2";"1";"1";"6";"RN11";"16,2717140";" -61,5151910"
"201900045075";"2";"4";"2019";"10:00";"1";"95";"95427";"2";"1";"2";"3";"EPINAY (RUE D')";"48,9639700";"2,3356100"
"201900045076";"2";"4";"2019";"21:40";"5";"91";"91589";"2";"1";"1";"7";"GAY LUSSAC (AVENUE)";"48,6905500";"2,3455900"
"201900045077";"2";"4";"2019";"08:10";"1";"91";"91477";"2";"1";"2";"3";"EMILE BAUDOT (RUE)";"48,7185400";"2,2641900"
"201900045078";"31";"3";"2019";"05:40";"4";"91";"91691";"2";"9";"1";"2";"RAYMOND POINCARE(RUE)";"48,7165900";"2,5007700"
"201900045079";"31";"3";"2019";"08:15";"1";"91";"91691";"1";"6";"1";"7";"GOURGAUD(AVENUE)";"48,7300400";"2,4998400"
"201900045080";"2";"4";"2019";"08:10";"1";"91";"91201";"2";"3";"2";"3";"HENRI BARBUSSE(BOULEVARD)";"48,6668900";"2,4174400"
"201900045081";"2";"4";"2019";"16:15";"1";"91";"91174";"2";"1";"1";"3";"JEAN COCTEAU (RUE)";"48,6088700";"2,4471600"
"201900045082";"1";"4";"2019";"16:13";"1";"87";"87114";"1";"1";"1";"3";"AUTOROUTE A20";"45,8312900";"1,2826200"
"201900045083";"1";"4";"2019";"13:15";"1";"84";"84007";"1";"3";"1";"6";"GRANDE CHAUSSEE (chemin de la) ";"43,9224900";"4,8329100"
"201900045084";"1";"4";"2019";"13:17";"1";"80";"80021";"2";"2";"1";"3";"572, AV DU QUATORZE JUILLET 1789 ";"49,8773500";"2,2827800"
"201900045085";"1";"4";"2019";"07:48";"1";"78";"78646";"2";"1";"1";"6";"EDOUARD LABOULAYE (PLACE)";"48,8190400";"2,1387600"
"201900045086";"30";"3";"2019";"18:15";"1";"77";"77180";"1";"1";"1";"7";"CD 35";"48,7483200";"2,6715200"
"201900045087";"2";"4";"2019";"15:35";"1";"77";"77372";"2";"3";"1";"2";"D418 X RUE MAURICE LAINE";"48,8809500";"2,7012500"
"201900045088";"1";"4";"2019";"16:20";"1";"76";"76540";"2";"1";"1";"6";"SAINT JULIEN. RUE";"49,4262000";"1,0750400"
"201900045089";"30";"3";"2019";"11:00";"1";"76";"76270";"2";"1";"1";"1";"JEAN JAURES";"49,5355633";"0,1464773"
"201900045090";"29";"3";"2019";"18:10";"1";"76";"76351";"2";"1";"1";"4";"ACACIAS (DES)";"49,5079300";"0,1374200"
"201900045091";"30";"3";"2019";"17:50";"1";"76";"76447";"1";"1";"1";"6";"MELAY  ( RTE DU )";"49,5647700";"0,2033300"
"201900045092";"31";"3";"2019";"11:40";"1";"69";"69275";"2";"1";"1";"6";"NUNGESSER                           (R )";"45,7705500";"4,9471300"
"201900045093";"1";"4";"2019";"08:20";"1";"67";"67482";"2";"1";"1";"3";"ROUGET DE L ISLE (QUAI)";"48,5876600";"7,7636500"
"201900045094";"30";"3";"2019";"20:45";"5";"67";"67482";"1";"3";"1";"3";"STEPHANIE (RUE)";"48,5298030";"7,7685990"
"201900045095";"30";"3";"2019";"15:00";"1";"67";"67482";"2";"1";"1";"6";"PAUL ELUARD (RUE)";"48,5873600";"7,6997300"
"201900045096";"29";"3";"2019";"15:35";"1";"67";"67482";"2";"3";"1";"6";"REUSS (ALLEE)";"48,5434200";"7,7721940"
"201900045097";"27";"3";"2019";"14:40";"1";"64";"64445";"2";"1";"1";"6";"FEDERICO GARCIA LORCA";"43,3108700";" -0,3545100"
"201900045098";"19";"2";"2019";"18:55";"5";"62";"62249";"2";"1";"1";"6";"PASTEUR (R )";"50,4183505";"3,0115275"
"201900045099";"31";"3";"2019";"04:30";"4";"62";"62457";"2";"1";"1";"6";"BONDUELLE (RUE DU DOCTEUR)";"50,4534847";"2,5454672"
"201900045100";"2";"4";"2019";"08:00";"1";"59";"59279";"1";"1";"1";"2";"RD 191";"50,7683775";"3,1101072"
"201900045101";"1";"4";"2019";"21:48";"5";"59";"59512";"2";"7";"1";"1";"BELFORT (BOULEVARD DE)";"50,6912000";"3,1884000"
"201900045102";"1";"4";"2019";"01:25";"5";"59";"59512";"2";"1";"1";"2";"DUNKERQUE (QUAI DE)";"50,7052700";"3,1692000"
"201900045103";"20";"3";"2019";"20:00";"5";"59";"59350";"2";"9";"1";"6";"GRAND BUT ZONE COMMERCIALE DU";"50,6518300";"2,9745500"
"201900045104";"2";"4";"2019";"22:30";"5";"59";"59183";"2";"1";"1";"6";"VANCASSEL PAUL";"51,0435400";"2,4095300"
"201900045105";"30";"3";"2019";"09:34";"1";"57";"57631";"2";"1";"7";"6";"LOUVAIN (CHAUSSEE)";"49,1122000";"7,0690100"
"201900045106";"15";"3";"2019";"13:40";"1";"57";"57631";"1";"1";"1";"1";"NANCY(ROUTE)D662";"49,0989000";"7,0551000"
"201900045107";"1";"4";"2019";"14:20";"1";"56";"56121";"2";"1";"1";"7";"MONISTROL (RUE)";"47,7370300";" -3,3826300"
"201900045108";"31";"3";"2019";"17:00";"1";"56";"56121";"2";"1";"1";"6";"LE SANT (RUE  GEORGES )";"47,7396600";" -3,3908900"
"201900045109";"31";"3";"2019";"05:05";"3";"56";"56107";"1";"4";"1";"6";"Route de Kerpape";"47,7198100";" -3,4089500"
"201900045110";"2";"4";"2019";"10:45";"1";"52";"52448";"2";"1";"2";"2";"LOYES (RUE DES)";"48,6276300";"4,9719800"
"201900045111";"2";"4";"2019";"14:10";"1";"51";"51454";"2";"2";"1";"7";"BOULEVARD ALBERT 1ER";"49,2749800";"4,0176600"
"201900045112";"2";"4";"2019";"16:10";"1";"51";"51454";"2";"3";"2";"3";"RUE DE L'EQUERRE";"49,2487700";"4,0364100"
"201900045113";"2";"4";"2019";"10:30";"1";"51";"51454";"2";"2";"1";"3";"RUE LEONARD DE VINCI";"49,2701100";"4,0115600"
"201900045114";"2";"4";"2019";"18:10";"1";"45";"45234";"2";"1";"2";"7";"RUE DE LA REPUBLIQUE";"47,9041480";"1,9043520"
"201900045115";"2";"4";"2019";"13:30";"1";"45";"45234";"2";"3";"1";"3";"PONT M JOFFRE - AV DE TREVISE";"47,8945450";"1,8956972"
"201900045116";"2";"4";"2019";"09:20";"1";"45";"45234";"2";"6";"1";"3";"SQUARE CHARLES PEGUY";"47,9007500";"1,9193100"
"201900045117";"2";"4";"2019";"09:04";"1";"37";"37261";"2";"3";"1";"3";"BERT (QUAI PAUL)";"47,4012167";"0,6842852"
"201900045118";"2";"4";"2019";"14:58";"1";"34";"34172";"2";"1";"1";"4";"VALERY (BOULEVARD PAUL";"43,5903300";"3,8554400"
"201900045119";"2";"4";"2019";"12:40";"1";"34";"34172";"2";"2";"1";"6";"CORINTHE (RUE DE)";"43,6080900";"3,8986500"
"201900045120";"31";"3";"2019";"14:10";"1";"34";"34032";"2";"3";"1";"3";"MOULIN JEAN (AV)";"43,3500697";"3,2274435"
"201900045121";"29";"3";"2019";"00:50";"5";"34";"34032";"2";"2";"1";"3";"MISTRAL FREDERIC (BD)";"43,3440100";"3,2204800"
"201900045122";"24";"3";"2019";"20:20";"2";"33";"33167";"1";"1";"9";"6";"VOIE PENETRANTE EST";"44,8438700";" -0,5197300"
"201900045123";"29";"3";"2019";"18:20";"1";"33";"33522";"2";"3";"1";"3";"CRS DU MARECHAL GALLIENI";"44,8241200";" -0,5914200"
"201900045124";"27";"3";"2019";"11:45";"1";"33";"33063";"2";"3";"1";"6";"47 CRS LE ROUZIC - piéton place Camelle vers le n°47 (à gauche du VU)";"44,8429700";" -0,5507400"
"201900045125";"2";"4";"2019";"16:06";"1";"25";"25056";"2";"1";"1";"3";"19 bd Churchill";"47,2505030";"6,0062490"
"201900045126";"2";"4";"2019";"21:40";"3";"17";"17306";"2";"7";"1";"3";"EUROPE (COURS DE L')";"45,6250000";" -1,0189330"
"201900045127";"1";"4";"2019";"16:35";"1";"16";"16358";"1";"1";"1";"6";"BRETELLE ACCES";"45,6733300";"0,1436900"
"201900045128";"2";"4";"2019";"17:15";"1";"14";"14271";"1";"1";"1";"2";"ECHANGEUR N° 10 ( ETERVILLE )";"49,1547900";" -0,4214100"
"201900045129";"2";"4";"2019";"08:30";"1";"13";"13206";"2";"1";"1";"6";"LOUIS MAUREL (RUE)";"43,2857000";"5,3829600"
"201900045130";"1";"4";"2019";"18:35";"1";"13";"13213";"2";"4";"1";"1";"LIONEL TERRAY (BOULEVARD)";"43,3160200";"5,4015300"
"201900045131";"1";"4";"2019";"08:30";"1";"11";"11262";"2";"3";"1";"4";"LECLERC (AVENUE DU GENERAL)";"43,1802300";"2,9964500"
"201900045132";"2";"4";"2019";"19:00";"1";"10";"10387";"2";"9";"1";"2";"COMTES DE CHAMPAGNE (QUAI DES)";"48,3008700";"4,0754800"
"201900045133";"2";"4";"2019";"17:40";"1";"10";"10333";"1";"1";"1";"2";"ROCADE OUEST (RD 610)";"48,2721800";"4,0478900"
"201900045134";"2";"4";"2019";"14:09";"1";"10";"10387";"2";"1";"1";"3";"ST DOMINIQUE (QUAI)";"48,2953100";"4,0826300"
"201900045135";"2";"4";"2019";"17:40";"1";"6";"06069";"2";"1";"1";"3";"MARIGARDE (ROUTE DE LA)";"43,6549800";"6,9421100"
"201900045136";"1";"4";"2019";"08:15";"1";"6";"06123";"2";"1";"1";"6";"PROVENCE BOULEVARD DE";"43,6687760";"7,1861320"
"201900045137";"1";"4";"2019";"08:15";"1";"6";"06004";"2";"1";"1";"3";"ROCHAT AV.PHILIPPE";"43,5903000";"7,1069000"
"201900045138";"31";"3";"2019";"05:50";"3";"2";"02722";"2";"7";"1";"2";"LAON ( PLACE DE )";"49,3861470";"3,3329300"
"201900045139";"2";"4";"2019";"19:00";"2";"75";"75120";"2";"1";"2";"6";"PORTE DES LILAS";"48,8755560";"2,4099530"
"201900045140";"2";"4";"2019";"12:40";"1";"75";"75119";"2";"1";"1";"7";"PLACE DE LA BATAILLE DE STALINGRAD";"48,8832730";"2,3693820"
"201900045141";"2";"4";"2019";"19:38";"1";"75";"75118";"2";"2";"2";"3";"BOULEVARD DE CLICHY";"48,8846610";"2,3295240"
"201900045142";"1";"4";"2019";"22:35";"5";"75";"75118";"2";"1";"1";"6";"RUE DE LA CHAPELLE";"48,8913960";"2,3598660"
"201900045143";"2";"4";"2019";"13:40";"1";"75";"75117";"2";"2";"1";"2";"BOULEVARD PERSHING";"48,8822330";"2,2861650"
"201900045144";"1";"4";"2019";"22:00";"5";"75";"75117";"2";"3";"1";"7";"AVENUE DE CLICHY";"48,8940830";"2,3141310"
"201900045145";"1";"4";"2019";"10:45";"1";"75";"75117";"2";"2";"1";"3";"AVENUE DE VILLIERS";"48,8832960";"2,3072640"
"201900045146";"1";"4";"2019";"19:15";"1";"75";"75114";"2";"2";"1";"6";"BOULEVARD ROMAIN ROLLAND";"48,8201710";"2,3239890"
"201900045147";"2";"4";"2019";"07:25";"1";"75";"75113";"2";"3";"2";"6";"RUE DE LA VISTULE";"48,8228080";"2,3583390"
"201900045148";"2";"4";"2019";"09:30";"1";"75";"75111";"2";"2";"2";"3";"RUE MORAND";"48,8688410";"2,3763110"
"201900045149";"19";"7";"2019";"20:40";"1";"77";"77258";"1";"1";"1";"5";"A4.W";"48,8313634";"2,6413816"
"201900045150";"17";"7";"2019";"07:00";"1";"77";"77053";"1";"1";"1";"2";"RN104";"48,6740000";"2,6110100"
"201900045151";"16";"7";"2019";"23:00";"3";"77";"77373";"1";"1";"1";"6";"RN104";"48,8009000";"2,6251000"
"201900045152";"31";"3";"2019";"01:30";"5";"76";"76552";"2";"1";"1";"6";"IGNAUVAL (D')";"49,5130500";"0,0842600"
"201900045153";"16";"7";"2019";"23:30";"3";"71";"71499";"2";"1";"1";"3";"GOUNOD (RUE)";"46,6497200";"4,3014300"
"201900045154";"16";"7";"2019";"20:50";"1";"71";"71486";"2";"1";"1";"6";"RN 70 (ROUTE EXPRESS)";"46,6447900";"4,3288800"
"201900045155";"15";"7";"2019";"13:00";"1";"64";"64348";"2";"3";"1";"3";"MARTYRS DU PONT LONG DES";"43,3483471";" -0,3799724"
"201900045156";"6";"7";"2019";"12:30";"1";"63";"63113";"2";"2";"1";"3";"av REPUBLIQUE-rue Estaing";"45,7876100";"3,1058500"
"201900045157";"19";"6";"2019";"07:50";"1";"34";"34172";"2";"1";"1";"2";"ABRIVADO (RUE DE L')";"43,5894700";"3,8885600"
"201900045158";"18";"6";"2019";"12:00";"1";"34";"34172";"1";"9";"1";"3";"GENNEVAUX (ROND-POINT MAURICE)";"43,5932000";"3,8208600"
"201900045159";"16";"7";"2019";"15:40";"1";"13";"13206";"2";"1";"1";"3";"PAUL PEYTRAL (BOULEVARD)";"43,2905450";"5,3799190"
"201900045160";"15";"7";"2019";"20:15";"1";"93";"93013";"1";"1";"1";"2";"AUTOROUTE A1";"48,9402400";"2,4235600"
"201900045161";"17";"7";"2019";"18:00";"5";"988";"98818";"2";"6";"1";"3";"GERVOLINO (RUE ROGER)";" -22,2538951";"166,4712676"
"201900045162";"17";"7";"2019";"17:40";"2";"974";"97411";"2";"2";"1";"4";"JAURES (BOULEVARD JEAN)";" -20,8898000";"55,4645000"
"201900045163";"17";"7";"2019";"12:10";"1";"974";"97411";"2";"1";"1";"6";"VICTOIRE (AVENUE DE LA)";" -20,8751700";"55,4472600"
"201900045164";"15";"7";"2019";"10:50";"1";"973";"97302";"2";"1";"1";"6";"MANDELA  (BOULEVARD)";"4,9350520";" -52,3260784"
"201900045165";"17";"7";"2019";"11:25";"1";"69";"69383";"2";"2";"1";"7";"GARIBALDI                           (R )";"45,7606700";"4,8520700"
"201900045166";"17";"7";"2019";"09:05";"1";"69";"69386";"2";"1";"1";"7";"PROFESSEUR WEILL (DU)               (R )";"45,7682240";"4,8564630"
"201900045167";"17";"7";"2019";"08:00";"1";"69";"69259";"2";"4";"1";"3";"VIENNE (DE)                         (RO)";"45,7235500";"4,8540900"
"201900045168";"16";"7";"2019";"11:20";"1";"972";"97209";"2";"1";"1";"2";"Carrefour de la Meynard";"14,6273000";" -61,0400000"
"201900045169";"17";"7";"2019";"23:55";"5";"69";"69382";"2";"1";"1";"3";"REPUBLIQUE (DE LA)                  (R )";"45,7643800";"4,8358400"
"201900045170";"16";"7";"2019";"08:40";"1";"69";"69389";"2";"1";"1";"2";"SERGENT MICHEL BERTHET (DU)         (R )";"45,7685500";"4,8055800"
"201900045171";"16";"7";"2019";"18:15";"1";"2B";"2B033";"2";"6";"1";"3";"AV DE LA LIBERATION";"42,6783700";"9,4431100"
"201900045172";"17";"7";"2019";"01:51";"5";"2A";"2A004";"1";"6";"1";"6";"STEPHANOPOLI NICEPHORE  DE COMENE BD";"41,9084266";"8,7081483"
"201900045173";"17";"7";"2019";"15:50";"1";"95";"95598";"2";"1";"1";"2";"RUE DU DR SCHWEITZER  ";"48,9932070";"2,3090796"
"201900045174";"17";"7";"2019";"08:03";"1";"91";"91692";"1";"6";"1";"3";"CD35";"48,6755600";"2,1923400"
"201900045175";"16";"7";"2019";"16:00";"1";"91";"91223";"1";"1";"1";"2";"R.N.20";"48,4479800";"2,1751500"
"201900045176";"16";"7";"2019";"09:46";"1";"87";"87050";"1";"2";"1";"3";"VILLAGEAS ( route de)";"45,8877100";"1,2213800"
"201900045177";"16";"7";"2019";"17:20";"1";"84";"84080";"1";"2";"1";"5";"LORIOL ROUTE DE";"44,0546400";"4,9989500"
"201900045178";"17";"7";"2019";"13:25";"1";"83";"83069";"1";"1";"1";"1";"ALMANARRE (ROUTE DE L')";"43,0803700";"6,1225500"
"201900045179";"13";"7";"2019";"17:40";"1";"78";"78490";"1";"1";"1";"2";"DEUX PLATEAUX (ROUTE DES)";"48,8139250";"1,9597560"
"201900045180";"17";"7";"2019";"14:10";"1";"78";"78401";"2";"1";"1";"6";"PELLETIER BD";"49,0052900";"1,9128310"
"201900045181";"16";"7";"2019";"10:30";"1";"77";"77067";"2";"1";"1";"6";"MAISON BLANCHE (DE LA)";"48,5859899";"2,5988391"
"201900045182";"12";"7";"2019";"15:50";"1";"71";"71076";"2";"1";"1";"6";"SAINT JEAN DE MAIZEL (PLACE)";"46,7792900";"4,8513900"
"201900045183";"17";"7";"2019";"15:40";"1";"69";"69275";"2";"3";"1";"6";"EMILE BERTRAND                      (R )";"45,7699800";"4,9524700"
"201900045184";"16";"7";"2019";"12:00";"1";"67";"67218";"1";"1";"1";"3";"RM468";"48,5009504";"7,7316562"
"201900045185";"16";"7";"2019";"11:45";"1";"67";"67482";"2";"1";"1";"3";"VOSGES (AVENUE DES)";"48,5906400";"7,7477900"
"201900045186";"14";"7";"2019";"00:35";"3";"67";"67482";"2";"1";"1";"2";"JEAN SEBASTIEN BACH (BOULEVARD)";"48,5885630";"7,7784460"
"201900045187";"16";"7";"2019";"17:53";"1";"66";"66136";"2";"1";"1";"6";"ARGELES SUR MER AVENUE D'";"42,6703800";"2,9162700"