"Num_Acc";"jour";"mois";"an";"hrmn";"lum";"dep";"com";"agg";"int";"atm";"col";"adr";"lat";"long"
"201900045188";"17";"7";"2019";"18:05";"1";"64";"64260";"2";"3";"1";"3";"ALLEES (RUE DES)";"43,3570800";" -1,7742200"
"201900045189";"16";"7";"2019";"07:52";"1";"64";"64024";"2";"3";"1";"7";"VENISE (RUE DE)";"43,4883680";" -1,5092398"
"201900045190";"12";"7";"2019";"20:20";"1";"63";"63308";"2";"2";"1";"3";" Agid / Montagnards";"45,7601845";"3,0622358"
"201900045191";"16";"7";"2019";"18:50";"1";"59";"59375";"2";"1";"1";"2";"ORCHIES CD 957 (ROUTE D')";"50,4124500";"3,2722900"
"201900045192";"13";"7";"2019";"18:40";"1";"57";"57306";"2";"1";"1";"1";"VERDUN (RUE DE)";"49,3275181";"6,0569805"
"201900045193";"16";"7";"2019";"16:20";"1";"56";"56121";"2";"1";"1";"2";"HERRIOT ( BD EDOUARD )";"47,7413200";" -3,3803600"
"201900045194";"16";"7";"2019";"14:55";"1";"56";"56098";"1";"1";"1";"7";"Avenue Victor Schoelcher";"47,7515000";" -3,3257400"
"201900045195";"16";"7";"2019";"11:30";"1";"56";"56121";"2";"2";"1";"3";"CARNOT (RUE  LAZARE )";"47,7426700";" -3,3606900"
"201900045196";"10";"7";"2019";"12:15";"1";"55";"55029";"2";"2";"1";"6";"CYGNE ( RUE DU )";"48,7748600";"5,1597700"
"201900045197";"16";"7";"2019";"08:00";"1";"54";"54431";"2";"2";"1";"4";"RD657";"48,9167000";"6,0630000"
"201900045198";"11";"7";"2019";"13:50";"1";"54";"54395";"2";"1";"1";"7";"QUATRE EGLISES (RUE";"48,6877500";"6,1833640"
"201900045199";"15";"7";"2019";"11:10";"1";"49";"49007";"2";"1";"1";"6";"LIZE";"47,4874500";" -0,5734900"
"201900045200";"7";"7";"2019";"16:25";"1";"47";"47027";"1";"2";"1";"3";"VC 106";"44,4111600";"0,6696300"
"201900045201";"16";"7";"2019";"17:30";"1";"45";"45004";"2";"3";"1";"3";"RUE DE LA LIBERATION - RUE FALOUR";"47,9934420";"2,7225010"
"201900045202";"17";"7";"2019";"20:40";"2";"42";"42187";"2";"9";"1";"3";"WILSON (RUE DU PRESIDENT )";"46,0580400";"4,0913400"
"201900045203";"16";"7";"2019";"17:50";"1";"38";"38185";"2";"1";"1";"3";"RUE DU 140ÈME R.I. ALPINE";"45,1749890";"5,7415230"
"201900045204";"17";"7";"2019";"14:00";"1";"37";"37261";"2";"6";"1";"2";"MAGINOT (AV. ANDRE)";"47,4262937";"0,7018407"
"201900045205";"16";"7";"2019";"20:40";"1";"37";"37261";"2";"2";"1";"3";"HEURTELOUP (BOULEVARD)";"47,3907800";"0,6919300"
"201900045206";"17";"7";"2019";"09:05";"1";"37";"37122";"2";"6";"1";"3";"JAURES (BOULEVARD JEAN)";"47,3520600";"0,6866400"
"201900045207";"17";"7";"2019";"19:45";"1";"35";"35238";"2";"2";"1";"3";"LECLERC (AVENUE DU GENERAL)";"48,1139671";" -1,6396612"
"201900045208";"17";"7";"2019";"16:30";"1";"35";"35238";"2";"1";"1";"7";"VEZIN (ROUTE DE)";"48,1162400";" -1,7161900"
"201900045209";"17";"7";"2019";"00:25";"5";"35";"35238";"2";"1";"1";"6";"CHEZY (BD DE)";"48,1147090";" -1,6874890"
"201900045210";"16";"7";"2019";"12:00";"1";"34";"34172";"2";"7";"1";"6";"8 MAI 1945 (PLACE DU)";"43,6014200";"3,8684600"
"201900045211";"16";"7";"2019";"21:30";"1";"33";"33281";"2";"1";"1";"2";"AVE DE LA MARNE";"44,8347000";" -0,6366000"
"201900045212";"16";"7";"2019";"21:30";"1";"33";"33069";"2";"6";"1";"3";"CRS LOUIS BLANC";"44,8636500";" -0,5945500"
"201900045213";"16";"7";"2019";"09:15";"1";"33";"33200";"2";"3";"1";"6";"RUE VICTOR HUGO";"44,8788300";" -0,6745500"
"201900045214";"16";"7";"2019";"09:00";"1";"33";"33063";"2";"3";"1";"3";"R. Charles Chaumet / R. Bahr (Caudéran)";"44,8468890";" -0,6136560"
"201900045215";"16";"7";"2019";"04:35";"3";"33";"33281";"2";"3";"1";"3";"MAGUDAS (AVE DE)";"44,8567300";" -0,6549700"
"201900045216";"9";"5";"2019";"04:15";"5";"33";"33529";"2";"1";"3";"6";"LIGNON (BD Louis)";"44,6337200";" -1,1693300"
"201900045217";"3";"5";"2019";"11:55";"1";"33";"33009";"2";"3";"1";"2";"LEGALLAIS (RUE FRANCOIS)";"44,6610500";" -1,1743900"
"201900045218";"18";"7";"2019";"00:20";"5";"30";"30007";"2";"3";"1";"1";"GAMBETTA (BOULEVARD)";"44,1219900";"4,0847200"
"201900045219";"15";"7";"2019";"19:45";"1";"29";"29151";"2";"1";"1";"7";"GAUGUIN (RUE PAUL)";"48,5902000";" -3,8228500"
"201900045220";"16";"7";"2019";"17:30";"1";"29";"29019";"2";"3";"1";"1";"BORGNIS DESBORDES GENERAL";"48,4020991";" -4,5117791"
"201900045221";"13";"7";"2019";"11:05";"1";"19";"19031";"2";"3";"1";"3";"LAPRADELLE (RUE)";"45,1550000";"1,5258300"
"201900045222";"17";"7";"2019";"19:00";"1";"17";"17300";"2";"2";"1";"3";"TRUFFAUT  RUE FRANCOIS";"46,1461400";" -1,1544700"
"201900045223";"17";"7";"2019";"20:00";"1";"17";"17299";"2";"6";"1";"3";"BUISSON BOULEVARD";"45,9433250";" -0,9796400"
"201900045224";"17";"7";"2019";"14:25";"1";"14";"14437";"2";"1";"1";"6";"CHASSEURS (IMPASSE DES )";"49,1724890";" -0,2974970"
"201900045225";"17";"7";"2019";"09:50";"1";"14";"14118";"2";"9";"1";"3";"CHEMIN VERT (RUE DU - N°79)";"49,1914900";" -0,3924600"
"201900045226";"17";"7";"2019";"19:00";"1";"13";"13208";"2";"1";"1";"3";"MONTREDON (AVENUE DE)";"43,2446210";"5,3721760"
"201900045227";"17";"7";"2019";"18:30";"1";"13";"13210";"2";"2";"1";"1";"PIERRE DOIZE  (RUE)";"43,2797540";"5,4288700"
"201900045228";"17";"7";"2019";"16:45";"1";"13";"13213";"2";"3";"1";"3";"OLIVES (AVENUE DES)";"43,3269962";"5,4370539"
"201900045229";"17";"7";"2019";"17:30";"1";"13";"13208";"2";"1";"1";"3";"HAIFA (rue)";"43,2516570";"5,3909080"
"201900045230";"17";"7";"2019";"11:35";"1";"13";"13206";"2";"2";"1";"3";"BRETEUIL (RUE)";"43,2875300";"5,3769600"
"201900045231";"17";"7";"2019";"07:00";"1";"13";"13214";"2";"3";"1";"3";"ALEX ANSALDI (RUE)";"43,3344440";"5,4013610"
"201900045232";"16";"7";"2019";"17:16";"1";"13";"13215";"2";"2";"1";"5";"LE CHATELIER";"43,3463310";"5,3660780"
"201900045233";"16";"7";"2019";"18:45";"1";"13";"13205";"2";"2";"1";"3";"JEANNE D'ARC (BOULEVARD)";"43,2933700";"5,4036700"
"201900045234";"17";"7";"2019";"06:20";"1";"13";"13063";"1";"1";"1";"6";"MARTES CHEMIN DE";"43,5741960";"5,0222400"
"201900045235";"17";"7";"2019";"22:53";"4";"13";"13005";"2";"2";"1";"3";"MANOUCHIAN (AVENUE)";"43,2846100";"5,5484300"
"201900045236";"16";"7";"2019";"18:40";"1";"13";"13005";"2";"1";"1";"1";"VERDUN (AVENUE DE)";"43,2878422";"5,5815971"
"201900045237";"16";"7";"2019";"14:10";"1";"12";"12176";"2";"1";"1";"2";"QUATRE SAISONS (AVENUE DES )";"44,3680370";"2,5804150"
"201900045238";"13";"7";"2019";"17:25";"1";"12";"12202";"1";"1";"1";"6";"CHEMIN DEPARTEMENTAL N°84";"44,3468900";"2,5631700"
"201900045239";"15";"7";"2019";"11:30";"1";"11";"11262";"2";"1";"1";"2";"BORDEAUX (AVENUE DE)";"43,1816600";"2,9812000"
"201900045240";"16";"7";"2019";"21:31";"5";"6";"06083";"2";"1";"1";"7";"GREVILLE (RUE HENRI)";"43,7761890";"7,4965300"
"201900045241";"17";"7";"2019";"18:12";"1";"6";"06069";"2";"1";"1";"2";"DRAGUIGNAN (ROUTE DE) - D2562-";"43,6447200";"6,8968090"
"201900045242";"16";"7";"2019";"14:50";"1";"6";"06069";"2";"1";"1";"1";"CANNES (ROUTE DE)  -RD 6085-";"43,6336800";"6,9517500"
"201900045243";"18";"7";"2019";"01:10";"5";"6";"06027";"2";"9";"1";"1";"CHENES AVENUE DES";"43,6645600";"7,1716300"
"201900045244";"17";"7";"2019";"12:09";"1";"75";"75106";"2";"3";"1";"3";"QUAI DE CONTI";"48,8571650";"2,3386183"
"201900045245";"16";"7";"2019";"21:20";"5";"75";"75120";"2";"4";"1";"2";"RUE DES PYRENEES";"48,8710870";"2,3930400"
"201900045246";"17";"7";"2019";"17:25";"1";"75";"75118";"2";"2";"1";"3";"RUE HERMEL";"48,8917040";"2,3446050"
"201900045247";"17";"7";"2019";"08:50";"1";"75";"75118";"2";"6";"1";"6";"RUE DE LA CHAPELLE";"48,8955050";"2,3593210"
"201900045248";"17";"7";"2019";"09:45";"1";"75";"75117";"2";"7";"1";"3";"PLACE CHARLES DE GAULLE";"48,8742930";"2,2945600"
"201900045249";"16";"7";"2019";"23:45";"5";"75";"75115";"2";"2";"1";"3";"RUE MARMONTEL";"48,8371900";"2,3001610"
"201900045250";"16";"7";"2019";"18:55";"1";"75";"75115";"2";"2";"1";"6";"BOULEVARD PASTEUR";"48,8406410";"2,3149820"
"201900045251";"17";"7";"2019";"08:15";"1";"75";"75113";"2";"1";"1";"3";"RUE NEUVE TOLBIAC";"48,8317720";"2,3788990"
"201900045252";"17";"7";"2019";"17:15";"1";"75";"75112";"2";"1";"1";"6";"AVENUE DAUMESNIL";"48,8378220";"2,4001870"
"201900045253";"17";"7";"2019";"19:00";"1";"75";"75108";"2";"3";"1";"3";"BOULEVARD DE COURCELLES";"48,8786130";"2,3006300"
"201900045254";"17";"7";"2019";"09:45";"1";"75";"75108";"2";"2";"1";"6";"RUE DE LA BIENFAISANCE";"48,8766310";"2,3177160"
"201900045255";"17";"7";"2019";"08:30";"1";"75";"75108";"2";"3";"1";"2";"AVENUE DE FRIEDLAND";"48,8742340";"2,2995630"
"201900045256";"17";"7";"2019";"00:10";"5";"75";"75101";"2";"4";"1";"6";"RUE ETIENNE MARCEL";"48,8638620";"2,3490420"
"201900045257";"17";"7";"2019";"07:30";"1";"75";"75101";"2";"2";"1";"6";"RUE ETIENNE MARCEL";"48,8652851";"2,3430820"
"201900045258";"15";"7";"2019";"09:40";"1";"75";"75103";"2";"1";"1";"6";"BOULEVARD DU TEMPLE";"48,8642600";"2,3660090"
"201900045259";"14";"7";"2019";"03:30";"4";"94";"94081";"2";"3";"1";"6";"GENERAL DE GAULLE (R DU)";"48,7930000";"2,3929500"
"201900045260";"17";"7";"2019";"16:45";"1";"94";"94074";"2";"9";"1";"3";"RU DE GIRONDE (AV DU)";"48,7470000";"2,4620000"
"201900045261";"17";"7";"2019";"16:10";"1";"94";"94016";"2";"1";"1";"2";"PROVIGNY (R DE)";"48,7971500";"2,3310800"
"201900045262";"17";"7";"2019";"01:30";"5";"94";"94043";"2";"5";"1";"1";"FONTAINEBLEAU (AV DE)";"48,8145800";"2,3607600"
"201900045263";"12";"7";"2019";"20:00";"1";"94";"94065";"2";"1";"1";"3";"RN 186";"48,7538000";"2,3621000"
"201900045264";"17";"7";"2019";"15:00";"1";"94";"94079";"2";"1";"1";"3";"ANDRE ROUY (R)";"48,8219800";"2,5542400"
"201900045265";"17";"7";"2019";"05:30";"2";"94";"94018";"2";"1";"1";"6";"BERCY (QU DE)";"48,8262200";"2,3925100"
"201900045266";"17";"7";"2019";"15:35";"1";"93";"93073";"2";"1";"1";"2";"CHAPIT RE ( RUE DU)";"49,0078700";"2,5575500"
"201900045267";"17";"7";"2019";"20:00";"1";"93";"93071";"2";"7";"1";"6";"GASTON BUSSIERE (PLACE)";"48,9378100";"2,5297000"
"201900045268";"17";"7";"2019";"00:10";"5";"93";"93039";"2";"1";"1";"2";"SEINE (QUAI DE )";"48,9352420";"2,3409610"
"201900045269";"17";"7";"2019";"13:40";"1";"93";"93046";"2";"5";"1";"3";"GAMBETTA AVENUE";"48,9199100";"2,5176600"
"201900045270";"16";"7";"2019";"17:40";"1";"93";"93045";"2";"1";"1";"2";"BRUYERES RUE DES";"48,8788000";"2,4131400"
"201900045271";"17";"7";"2019";"12:40";"1";"93";"93029";"2";"1";"1";"3";"HENRI BARBUSSE (AVE) N°2-124";"48,9154200";"2,4422700"
"201900045272";"17";"7";"2019";"19:00";"1";"93";"93010";"2";"1";"1";"6";"PASTEUR (AV.)";"48,9050140";"2,4859190"
"201900045273";"16";"7";"2019";"14:00";"1";"93";"93007";"2";"1";"1";"6";"""PAUL VAILLANT COUTURIER (AVENUE """"DU 13";"48,9269600";"2,4723400"
"201900045274";"17";"7";"2019";"17:28";"1";"93";"93005";"2";"1";"1";"6";"CROIX VERTE (RUE DE LA)";"48,9402820";"2,5015240"
"201900045275";"4";"7";"2019";"08:13";"1";"92";"92078";"2";"9";"1";"1";"CHARLES DE GAULLE (BD) (4 AU 70)";"48,9377580";"2,3288330"
"201900045276";"12";"7";"2019";"18:10";"1";"92";"92062";"2";"3";"1";"6";"LAFARGUES (RUE PAUL)";"48,8855650";"2,2465200"
"201900045277";"16";"7";"2019";"08:15";"1";"92";"92050";"2";"1";"1";"3";"PESARO BOULEVARD DE";"48,8969600";"2,2202400"
"201900045278";"17";"7";"2019";"17:50";"1";"92";"92048";"2";"9";"1";"2";"ROBERT SCHUMAN (AVENUE)";"48,7889690";"2,2341000"
"201900045279";"17";"7";"2019";"07:55";"1";"92";"92036";"2";"6";"1";"6";"MERCIERES (ROUTE DES)";"48,9356100";"2,2663900"
"201900045280";"15";"7";"2019";"08:20";"1";"92";"92024";"2";"2";"1";"3";"VICTOR HUGO (BD)";"48,8974931";"2,3105082"
"201900045281";"17";"7";"2019";"07:45";"1";"92";"92012";"2";"5";"1";"3";"GALLIENI (RUE) 55/157 - 50/140";"48,8363100";"2,2367100"
"201900045282";"17";"7";"2019";"09:55";"1";"92";"92002";"2";"1";"1";"3";"JEANNE D'ARC (AVENUE)";"48,7573109";"2,3058376"
"201900045283";"18";"7";"2019";"11:50";"1";"37";"37178";"1";"1";"1";"6";"Le Pont";"47,1306674";"0,3937198"
"201900045284";"17";"7";"2019";"06:30";"1";"62";"62245";"1";"1";"7";"6";"route nationale";"50,7115680";"2,0271760"
"201900045285";"18";"7";"2019";"15:15";"1";"41";"41104";"2";"1";"1";"7";"rue de villeneuve";"47,5946180";"1,4528990"
"201900045286";"18";"7";"2019";"09:45";"1";"68";"68030";"1";"9";"1";"1";"CHEMIN VITICOLE";"47,9274630";"7,2326480"
"201900045287";"18";"7";"2019";"06:15";"1";"33";"33076";"1";"1";"1";"1";"Route de l'Heretey - D11";"44,5203900";" -0,4358300"
"201900045288";"17";"7";"2019";"17:50";"1";"28";"28075";"1";"2";"1";"3";"route national 10";"48,0540190";"1,3238110"
"201900045289";"17";"7";"2019";"18:30";"1";"23";"23245";"1";"6";"1";"2";"RD47";"46,2004040";"1,8276230"
"201900045290";"16";"7";"2019";"11:45";"1";"67";"67539";"1";"9";"1";"2";"D58 - Roue de Krautwiller";"48,7212780";"7,6353440"
"201900045291";"17";"7";"2019";"18:30";"1";"41";"41223";"1";"1";"1";"7";"A10";"47,6165130";"1,2095480"
"201900045292";"16";"7";"2019";"23:05";"4";"71";"71215";"1";"1";"1";"6";"Route de Chalon";"46,8470750";"4,9448900"
"201900045293";"15";"7";"2019";"11:45";"1";"62";"62361";"2";"1";"1";"6";"Rue de Doullens";"50,2733435";"2,2915512"
"201900045294";"18";"7";"2019";"13:35";"1";"62";"62834";"1";"1";"2";"1";"départemenale 124";"50,3132200";"2,0646950"
"201900045295";"17";"7";"2019";"10:40";"1";"51";"51365";"2";"4";"1";"3";"RUE DE REIMS";"49,2232755";"3,9631711"
"201900045296";"18";"7";"2019";"13:30";"1";"74";"74236";"2";"1";"1";"7";"1900 Route des Amerands";"45,8992260";"6,7033050"
"201900045297";"16";"7";"2019";"16:20";"1";"79";"79079";"2";"9";"1";"1";"Rue de Bel-Air";"46,9433660";" -0,6872600"
"201900045298";"17";"7";"2019";"14:00";"1";"2A";"2A098";"1";"3";"1";"1";"Portigliolo";"41,7974134";"8,7413546"
"201900045299";"18";"7";"2019";"15:00";"1";"11";"11367";"1";"1";"1";"1";"RD 629";"43,3668400";"2,1582080"
"201900045300";"17";"7";"2019";"17:50";"1";"71";"71225";"2";"2";"1";"3";"4 Rue de Bourgogne";"46,7226080";"4,7622710"
"201900045301";"16";"7";"2019";"15:20";"1";"76";"76618";"1";"1";"1";"3";"RD925 - Pk 106.950";"49,9520000";"1,2211000"
"201900045302";"16";"7";"2019";"16:45";"1";"42";"42302";"1";"1";"1";"6";"D3";"45,5099100";"4,4233170"
"201900045303";"17";"7";"2019";"14:30";"1";"86";"86207";"2";"3";"1";"1";"carrefour de la rue des sarrazins et de l'avenue du Mal De Lattre de Tassigny";"46,7887190";"0,8076780"
"201900045304";"27";"5";"2019";"16:10";"1";"29";"29105";"1";"1";"1";"7";"Le Canardic";"48,5085770";" -4,0683790"
"201900045305";"17";"7";"2019";"08:45";"1";"29";"29061";"2";"6";"1";"3";"Route de Saint-Renan";"48,4492120";" -4,4763849"
"201900045306";"18";"7";"2019";"06:30";"1";"84";"84102";"1";"1";"1";"6";"D900";"43,8635300";"5,2958340"
"201900045307";"13";"7";"2019";"10:40";"1";"15";"15198";"1";"1";"1";"7";"RD 56";"44,8720130";"2,8644060"
"201900045308";"17";"7";"2019";"14:45";"1";"15";"15267";"1";"1";"1";"7";"Foulan";"44,9259920";"2,3656710"
"201900045309";"16";"7";"2019";"12:15";"1";"66";"66003";"2";"9";"1";"6";"Rue de la Riviera";"42,4765650";"2,6655260"
"201900045310";"17";"7";"2019";"18:30";"1";"14";"14057";"1";"9";"1";"3";"Route de Paris - Avenue des chenes";"49,1335790";" -0,2267440"
"201900045311";"18";"7";"2019";"08:15";"1";"14";"14085";"1";"1";"1";"6";"Route de Pont l'Évêque";"49,2767360";"0,3248160"
"201900045312";"18";"7";"2019";"11:50";"1";"64";"64157";"1";"2";"1";"7";"2 Route de Belair";"43,1626233";" -0,4510624"
"201900045313";"17";"7";"2019";"16:45";"1";"64";"64398";"1";"1";"1";"7";"Costa de Lasserras";"43,3452469";" -0,0334045"
"201900045314";"17";"7";"2019";"18:05";"1";"36";"36030";"1";"1";"1";"2";"route départementale 12";"46,6413930";"1,7328200"
"201900045315";"17";"7";"2019";"14:50";"1";"53";"53096";"2";"9";"1";"6";"13 Boulevard Pasteur";"48,2971690";" -0,9314320"
"201900045316";"18";"7";"2019";"17:20";"1";"21";"21558";"2";"2";"1";"3";"Rue du Mont du Chat";"46,9727580";"4,8938940"
"201900045317";"18";"7";"2019";"09:35";"1";"85";"85018";"2";"6";"1";"3";"rue des sables";"46,9110100";" -2,0470600"
"201900045318";"5";"6";"2019";"14:20";"1";"85";"85207";"1";"1";"8";"2";"Les Petites Places";"46,4035600";" -1,2821500"
"201900045319";"18";"7";"2019";"09:50";"1";"30";"30322";"1";"1";"1";"7";"route départementale 39";"44,0666470";"3,8340660"
"201900045320";"18";"7";"2019";"14:45";"1";"88";"88516";"2";"1";"1";"6";"CD 229 - PK 26.850";"48,1944920";"5,9694110"
"201900045321";"17";"7";"2019";"11:15";"1";"33";"33362";"1";"1";"1";"1";"D910E1 lieu dit pont de guitres";"45,0369270";" -0,1911880"
"201900045322";"18";"7";"2019";"17:50";"1";"13";"13069";"1";"1";"1";"1";"Route de Cazan";"43,6422390";"5,1811610"
"201900045323";"14";"7";"2019";"13:22";"1";"13";"13001";"1";"1";"1";"7";"A51 PK 023.900";"43,5645750";"5,4631160"
"201900045324";"18";"7";"2019";"13:20";"1";"1";"01350";"1";"1";"1";"2";"A39 - PK 140+400";"46,2886170";"5,2444750"
"201900045325";"18";"7";"2019";"07:12";"1";"17";"17265";"1";"2";"1";"3";"Intersection RD.118/RD.131";"45,7560560";" -0,9841370"
"201900045326";"11";"7";"2019";"17:00";"1";"69";"69043";"2";"1";"1";"2";"37 Rue Étienne Gros";"45,7054608";"4,7463818"
"201900045327";"17";"7";"2019";"21:05";"3";"11";"11202";"1";"1";"1";"3";"Route départemental 627";"42,8429890";"3,0398950"
"201900045328";"17";"7";"2019";"16:05";"1";"971";"97117";"2";"1";"1";"3";"route de gustave";"16,3352940";" -61,3958400"
"201900045329";"3";"12";"2019";"17:45";"5";"13";"13005";"2";"3";"1";"2";"RD 8N";"43,2834220";"5,5381450"
"201900045330";"9";"12";"2019";"18:00";"5";"10";"10387";"2";"1";"8";"5";"FAUBOURG CRONCELS (RUE DU)";"48,2768100";"4,0829200"
"201900045331";"28";"11";"2019";"14:19";"1";"6";"06088";"2";"2";"1";"3";"MEDECIN (AV. JEAN)";"43,7006120";"7,2680520"
"201900045332";"9";"12";"2019";"13:20";"1";"6";"06069";"2";"1";"1";"6";"ROUQUIER (BOULEVARD EMMANUEL)";"43,6340530";"6,9393880"
"201900045333";"7";"12";"2019";"00:03";"5";"5";"05061";"2";"1";"1";"6";"SAGNIERES ( RUE DES )";"44,5498618";"6,0654214"
"201900045334";"6";"12";"2019";"22:05";"3";"5";"05061";"1";"1";"1";"6";"RN 94";"44,5768700";"6,1181500"
"201900045335";"7";"12";"2019";"18:30";"5";"3";"03310";"2";"1";"1";"3";"boulevard Maréchal de Lattre de Tassigny";"46,1318688";"3,4152765"
"201900045336";"8";"12";"2019";"18:10";"5";"75";"75119";"2";"1";"1";"3";"BD PERIPHERIQUE EXTERIEUR";"48,8909580";"2,3960330"
"201900045337";"8";"12";"2019";"09:10";"1";"75";"75116";"2";"4";"2";"2";"BD PERIPHERIQUE INTERIEUR";"48,8696491";"2,2715422"
"201900045338";"7";"12";"2019";"09:25";"1";"75";"75112";"2";"1";"1";"4";"BD PERIPHERIQUE EXTERIEUR";"48,8422500";"2,4138630"
"201900045339";"9";"12";"2019";"10:55";"1";"75";"75106";"2";"1";"8";"6";"RUE DE RENNES";"48,8460000";"2,3259450"
"201900045340";"9";"12";"2019";"11:00";"1";"75";"75120";"2";"2";"8";"6";"AVENUE GAMBETTA";"48,8665290";"2,3999150"
"201900045341";"9";"12";"2019";"10:30";"1";"75";"75120";"2";"2";"2";"6";"BOULEVARD MORTIER";"48,8690834";"2,4090528"
"201900045342";"9";"12";"2019";"14:20";"1";"75";"75119";"2";"1";"2";"3";"RUE AUGUSTIN THIERRY";"48,8761248";"2,3937154"
"201900045343";"9";"12";"2019";"20:30";"5";"75";"75118";"2";"3";"1";"6";"BOULEVARD DE CLICHY";"48,8832920";"2,3347260"
"201900045344";"9";"12";"2019";"14:40";"1";"75";"75118";"2";"3";"1";"5";"BOULEVARD NEY";"48,8986192";"2,3643078"
"201900045345";"9";"12";"2019";"16:00";"1";"75";"75117";"2";"1";"1";"5";"BOULEVARD DE COURCELLES";"48,8805700";"2,3103330"
"201900045346";"9";"12";"2019";"10:20";"1";"75";"75116";"2";"7";"2";"2";"AVENUE KLEBER";"48,8634020";"2,2874951"
"201900045347";"9";"12";"2019";"11:15";"1";"75";"75115";"2";"1";"2";"3";"RUE DE LA CROIX NIVERT";"48,8470740";"2,3003540"
"201900045348";"9";"12";"2019";"09:15";"1";"75";"75115";"2";"2";"3";"6";"RUE DE LA CONVENTION";"48,8447560";"2,2798940"
"201900045349";"8";"12";"2019";"19:45";"5";"75";"75115";"2";"7";"2";"3";"RUE SAINT CHARLES";"48,8421588";"2,2816454"
"201900045350";"9";"12";"2019";"14:10";"1";"75";"75114";"2";"1";"1";"3";"RUE DE L ABBE CARTON";"48,8281134";"2,3197944"
"201900045351";"9";"12";"2019";"08:10";"2";"75";"75114";"2";"4";"3";"3";"RUE DU PERE CORENTIN";"48,8241050";"2,3277600"
"201900045352";"9";"12";"2019";"07:20";"5";"75";"75114";"2";"2";"3";"3";"RUE D ALESIA";"48,8318130";"2,3141560"
"201900045353";"9";"12";"2019";"07:57";"5";"75";"75113";"2";"7";"3";"3";"PLACE D ITALIE";"48,8309916";"2,3557895"
"201900045354";"8";"12";"2019";"23:00";"5";"75";"75113";"2";"1";"1";"3";"BOULEVARD VINCENT AURIOL";"48,8355290";"2,3693780"
"201900045355";"9";"12";"2019";"08:10";"2";"75";"75112";"2";"3";"3";"6";"AVENUE DAUMESNIL";"48,8381040";"2,3996600"
"201900045356";"9";"12";"2019";"12:50";"1";"75";"75109";"2";"1";"1";"6";"BOULEVARD DE CLICHY";"48,8834490";"2,3333313"
"201900045357";"9";"12";"2019";"10:04";"1";"75";"75108";"2";"7";"2";"7";"AVENUE FRANKLIN D ROOSEVELT";"48,8682810";"2,3101620"
"201900045358";"9";"12";"2019";"06:39";"5";"75";"75108";"2";"2";"3";"6";"BOULEVARD DES BATIGNOLLES";"48,8819860";"2,3205100"
"201900045359";"9";"12";"2019";"17:05";"5";"75";"75104";"2";"3";"1";"6";"RUE DE RIVOLI";"48,8582340";"2,3490770"
"201900045360";"9";"12";"2019";"13:50";"1";"94";"94078";"2";"9";"8";"6";"MELUN (AV DE)";"48,7226540";"2,4434581"
"201900045361";"9";"12";"2019";"19:55";"5";"94";"94003";"2";"1";"1";"3";"BERTHOLLET (R)";"48,8052900";"2,3268800"
"201900045362";"9";"12";"2019";"12:40";"1";"94";"94041";"2";"2";"2";"2";"RASPAIL (R)";"48,8123642";"2,3863699"
"201900045363";"6";"12";"2019";"11:40";"1";"94";"94034";"2";"9";"2";"6";"ROGER SALENGRO (R)";"48,7557400";"2,3213300"
"201900045364";"8";"12";"2019";"20:00";"5";"94";"94022";"2";"1";"1";"6";"DANTON (SQ)";"48,7674400";"2,4102600"
"201900045365";"9";"12";"2019";"16:30";"1";"93";"93073";"2";"9";"1";"6";"RESISTANCE (RUE DE LA)";"48,9525800";"2,5634800"
"201900045366";"9";"12";"2019";"16:45";"1";"93";"93071";"2";"2";"1";"3";"JEAN BAPTISTE (AVENUE)";"48,9337450";"2,5329410"
"201900045367";"7";"12";"2019";"18:34";"5";"93";"93066";"2";"1";"1";"1";"FRANCE ANATOLE (BOULEVARD) NR AUTRES";"48,9222740";"2,3462060"
"201900045368";"5";"12";"2019";"10:50";"1";"93";"93066";"2";"1";"2";"3";"""STRASBOURG, NR 1 A 71 ET 2 A 34""";"48,9359100";"2,3685400"
"201900045369";"9";"12";"2019";"18:10";"5";"93";"93064";"2";"1";"1";"6";"OFFENBACH (RUE JACQUES)";"48,8832000";"2,4811900"
"201900045370";"9";"12";"2019";"09:30";"1";"93";"93049";"2";"1";"2";"6";"GALLIENI (BOULEVARD)";"48,8532250";"2,5154880"
"201900045371";"27";"11";"2019";"11:30";"1";"93";"93050";"2";"9";"1";"6";"MARECHAL FOCH (AVENUE) COTE IMPAIR";"48,8579210";"2,5250710"
"201900045372";"8";"12";"2019";"14:50";"1";"93";"93063";"2";"1";"8";"3";"LENINE AVENUE";"48,8846000";"2,4304000"
"201900045373";"9";"12";"2019";"07:58";"2";"93";"93027";"2";"1";"3";"3";"MERMOZ (AVENUE JEAN)";"48,9320400";"2,4028100"
"201900045374";"9";"12";"2019";"06:30";"5";"93";"93005";"2";"2";"2";"3";"PIMODAN (RUE DE)";"48,9258700";"2,4907900"
"201900045375";"9";"12";"2019";"16:39";"5";"93";"93001";"2";"1";"1";"3";"ADRIEN AGNES (QUAI)";"48,9150000";"2,3700000"
"201900045376";"5";"12";"2019";"08:00";"5";"92";"92063";"2";"3";"1";"3";"DANTON (RUE)";"48,8778200";"2,1967100"
"201900045377";"9";"12";"2019";"16:00";"1";"92";"92051";"2";"1";"1";"3";"CHARLES DE GAULLE (AVENUE, N°27 A 129)";"48,8809000";"2,2715000"
"201900045378";"8";"12";"2019";"22:27";"5";"92";"92040";"2";"1";"1";"2";"GALLIENI (BOULEVARD)";"48,8315200";"2,2672200"