"Num_Acc";"jour";"mois";"an";"hrmn";"lum";"dep";"com";"agg";"int";"atm";"col";"adr";"lat";"long"
"201900045379";"9";"12";"2019";"11:09";"1";"92";"92060";"2";"1";"1";"2";"RESISTANCE (AVENUE DE LA) (RD 75)";"48,7832800";"2,2756311"
"201900045380";"9";"12";"2019";"10:30";"1";"92";"92012";"2";"2";"1";"1";"ROBERT SCHUMAN (AVENUE)";"48,8455300";"2,2506100"
"201900045381";"10";"12";"2019";"09:19";"1";"49";"49244";"2";"7";"1";"3";"Allée Romy Schneider";"47,3568550";" -0,8598620"
"201900045382";"8";"12";"2019";"16:00";"1";"51";"51608";"1";"1";"3";"7";"RUE DU TILLEUL";"48,8548590";"4,8265742"
"201900045383";"10";"12";"2019";"16:11";"1";"25";"25410";"1";"1";"7";"3";"N57";"47,2203500";"6,0818420"
"201900045384";"28";"11";"2019";"23:15";"3";"76";"76456";"1";"1";"3";"5";"Motteville";"49,6183660";"0,8505200"
"201900045385";"8";"12";"2019";"07:30";"3";"77";"77415";"1";"1";"1";"2";"Autoroute A4 PK 50.100 direction la province";"48,9239680";"3,0074100"
"201900045386";"7";"12";"2019";"14:15";"1";"974";"97422";"2";"1";"1";"3";"251 Rue Marius et Ary Leblond";" -21,2724270";"55,5246060"
"201900045387";"8";"12";"2019";"22:30";"3";"972";"97207";"1";"1";"1";"3";"RN 5 Lieu-dit riviere la manche";"14,5647210";" -60,9789510"
"201900045388";"9";"12";"2019";"08:15";"3";"59";"59278";"1";"1";"2";"5";"D207";"50,6126460";"2,9496530"
"201900045389";"10";"12";"2019";"08:25";"2";"22";"22032";"2";"1";"1";"2";"28 Rue de la Gare";"48,2863480";" -2,1545760"
"201900045390";"9";"12";"2019";"17:50";"3";"74";"74171";"1";"1";"2";"1";"D1005 - Route de Genève";"46,3157340";"6,3262200"
"201900045391";"9";"12";"2019";"07:45";"3";"56";"56050";"1";"1";"1";"7";"D724";"47,9589270";" -2,5353160"
"201900045392";"9";"12";"2019";"21:09";"3";"74";"74309";"1";"1";"2";"1";"2360 Route de Bellegarde";"46,1135950";"6,0084310"
"201900045393";"9";"12";"2019";"17:45";"3";"89";"89388";"1";"2";"8";"3";"D943";"47,9373540";"3,2385070"
"201900045394";"7";"12";"2019";"16:15";"1";"61";"61145";"1";"1";"1";"1";"La Semasiere";"48,5870900";" -0,6145870"
"201900045395";"9";"12";"2019";"17:55";"3";"46";"46265";"1";"1";"2";"1";"D803 cote des mathieux";"44,9478650";"1,6624590"
"201900045396";"5";"12";"2019";"08:30";"1";"86";"86293";"1";"1";"1";"6";"PK 28+500";"46,4286310";"0,2499180"
"201900045397";"9";"12";"2019";"14:30";"1";"22";"22147";"1";"1";"1";"7";"Lieu Dit la Ville Cocatrie";"48,1942460";" -2,3835300"
"201900045398";"10";"12";"2019";"02:55";"3";"29";"29037";"1";"1";"1";"7";"D785";"47,9269600";" -4,1874320"
"201900045399";"8";"12";"2019";"11:55";"1";"38";"38078";"1";"1";"1";"6";"Lieut dit BEAUVOIR";"45,4285700";"6,1228500"
"201900045400";"6";"12";"2019";"07:30";"2";"38";"38303";"1";"1";"5";"6";"Route de Savoie";"45,2947200";"5,9448600"
"201900045401";"10";"12";"2019";"00:10";"5";"2";"02173";"2";"1";"1";"1";"65 Rue de la Chaussée";"49,6088880";"3,2212130"
"201900045402";"9";"12";"2019";"18:00";"3";"58";"58072";"1";"1";"1";"2";"route départementale 13 point routier 08+750";"46,9256220";"3,2262120"
"201900045403";"8";"12";"2019";"16:40";"1";"72";"72103";"1";"1";"1";"7";"chantemele";"47,8000520";"0,5362290"
"201900045404";"10";"12";"2019";"08:10";"1";"6";"06150";"1";"1";"1";"3";"Route de Beausoleil";"43,7451140";"7,4147330"
"201900045405";"10";"12";"2019";"13:50";"1";"6";"06079";"2";"1";"1";"6";"244 Avenue Janvier Passero";"43,5487510";"6,9385770"
"201900045406";"9";"12";"2019";"09:00";"1";"5";"05022";"1";"1";"8";"6";"D951";"44,4346690";"6,2025380"
"201900045407";"10";"12";"2019";"17:45";"3";"50";"50567";"1";"2";"2";"3";"La Chapelle";"49,5857060";" -1,5147280"
"201900045408";"10";"12";"2019";"12:45";"1";"60";"60393";"1";"1";"1";"6";"2 Route de Clermont";"49,2820420";"2,3750910"
"201900045409";"8";"12";"2019";"17:31";"3";"24";"24220";"1";"1";"2";"7";"D45";"45,0304070";"0,8026480"
"201900045410";"9";"12";"2019";"20:15";"5";"17";"17349";"2";"1";"9";"2";"15 b Rue de la Vendée";"46,2778060";" -0,8583520"
"201900045411";"9";"12";"2019";"14:50";"1";"88";"88124";"2";"6";"2";"2";"33 Rue Jules Ferry";"48,0890900";"6,0498180"
"201900045412";"10";"12";"2019";"17:20";"2";"13";"13069";"1";"1";"1";"1";"D22";"43,6519240";"5,1800880"
"201900045413";"10";"12";"2019";"13:00";"1";"13";"13099";"1";"9";"1";"2";"A51";"43,7019420";"5,7278820"
"201900045414";"9";"12";"2019";"09:57";"1";"973";"97309";"1";"1";"2";"6";"N 3 (rn3)";"4,8907541";" -52,2881753"
"201900045415";"10";"12";"2019";"07:00";"2";"53";"53155";"1";"3";"5";"2";"D31";"48,2733030";" -0,9155370"
"201900045416";"7";"12";"2019";"22:45";"3";"62";"62427";"1";"1";"1";"4";"A1";"50,3948240";"2,9824520"
"201900045417";"10";"12";"2019";"17:05";"3";"29";"29233";"1";"9";"2";"3";"N165";"47,8596830";" -3,5342380"
"201900045418";"9";"12";"2019";"17:30";"5";"28";"28064";"2";"1";"1";"6";"Route de Bercheres";"48,8195070";"1,5141000"
"201900045419";"16";"11";"2019";"21:45";"1";"66";"66065";"1";"1";"1";"5";"D914";"42,5956600";"2,9811600"
"201900045420";"6";"12";"2019";"15:55";"2";"66";"66037";"2";"6";"1";"6";"rond point Général De Gaulle";"42,7029390";"3,0148960"
"201900045421";"10";"12";"2019";"07:10";"2";"34";"34102";"1";"1";"1";"6";"D109";"43,8038750";"3,9238780"
"201900045422";"10";"12";"2019";"07:30";"2";"57";"57601";"1";"1";"5";"1";"D603";"49,1181330";"6,0497050"
"201900045423";"10";"12";"2019";"07:30";"5";"85";"85178";"2";"3";"8";"3";"Rue de la Brachetière";"46,7666000";" -1,5056500"
"201900045424";"8";"12";"2019";"17:40";"4";"22";"22171";"2";"6";"3";"6";"2 Allée des Chênes";"48,4251710";" -2,8251130"
"201900045425";"8";"12";"2019";"00:23";"3";"35";"35212";"1";"1";"2";"6";"D47";"47,8725160";" -1,6431410"
"201900045426";"10";"12";"2019";"17:50";"3";"27";"27254";"1";"1";"1";"6";"Rue des Forêts";"49,0648590";"1,2852000"
"201900045427";"7";"12";"2019";"22:00";"3";"83";"83123";"1";"1";"1";"2";"A50";"43,1293100";"5,8168300"
"201900045428";"6";"12";"2019";"15:46";"1";"69";"69266";"1";"1";"1";"2";"RD383   3.750 A 7.640";"45,7559100";"4,9087700"
"201900045429";"9";"12";"2019";"20:45";"3";"33";"33080";"1";"1";"2";"6";"AUTOROUTE A 62";"44,7335600";" -0,5316300"
"201900045430";"9";"12";"2019";"17:00";"2";"91";"91339";"1";"1";"1";"7";"RN 104";"48,6231000";"2,2689000"
"201900045431";"9";"12";"2019";"11:11";"1";"91";"91340";"1";"1";"8";"6";"RN 104";"48,6088600";"2,4353300"
"201900045432";"9";"12";"2019";"09:00";"2";"91";"91064";"1";"1";"3";"2";"RN 118";"48,7416100";"2,1851800"
"201900045433";"9";"12";"2019";"16:40";"3";"92";"92050";"1";"9";"1";"3";"A86";"48,9017137";"2,2029619"
"201900045434";"9";"12";"2019";"09:15";"1";"92";"92063";"1";"1";"2";"6";"A86";"48,8909838";"2,1748255"
"201900045435";"8";"12";"2019";"19:40";"3";"92";"92064";"1";"1";"8";"5";"A13";"48,8387199";"2,1930655"
"201900045436";"8";"12";"2019";"06:45";"3";"78";"78043";"1";"1";"1";"6";"A12 Y";"48,8275900";"2,0781800"
"201900045437";"9";"12";"2019";"02:30";"3";"95";"95252";"1";"1";"1";"2";"AUTOROUTE A15";"48,9767900";"2,2350200"
"201900045438";"8";"12";"2019";"22:10";"3";"93";"93005";"1";"1";"1";"5";"AUTOROUTE A1";"48,9687130";"2,4803630"
"201900045439";"8";"12";"2019";"14:50";"1";"95";"95582";"1";"1";"1";"5";"AUTOROUTE A15";"48,9634400";"2,2642800"
"201900045440";"8";"12";"2019";"14:30";"1";"93";"93066";"1";"1";"1";"5";"AUTOROUTE A1";"48,9273500";"2,3572600"
"201900045441";"7";"12";"2019";"18:20";"5";"93";"93027";"1";"1";"1";"2";"AUTOROUTE A1";"48,9341800";"2,3949300"
"201900045442";"7";"12";"2019";"18:30";"3";"92";"92036";"1";"1";"1";"2";"AUTOROUTE A15";"48,9453367";"2,2842401"
"201900045443";"9";"12";"2019";"15:30";"1";"93";"93051";"1";"1";"2";"6";"A4";"48,8365700";"2,5422010"
"201900045444";"9";"12";"2019";"10:20";"1";"94";"94017";"1";"1";"2";"6";"A4";"48,8304500";"2,4933800"
"201900045445";"9";"12";"2019";"09:20";"1";"94";"94028";"1";"1";"2";"6";"A86 INT";"48,7763000";"2,4335000"
"201900045446";"9";"12";"2019";"05:20";"3";"77";"77258";"1";"1";"3";"6";"A4.W";"48,8313200";"2,6407800"
"201900045447";"7";"2";"2019";"21:10";"5";"40";"40192";"2";"1";"8";"6";"JUIN (V DU MARECHAL)";"43,9076340";" -0,4705220"
"201900045448";"9";"12";"2019";"09:35";"1";"988";"98818";"2";"1";"1";"4";"HT N°192 rue Jacques IEKAWE";" -22,2480700";"166,4649800"
"201900045449";"8";"12";"2019";"12:30";"1";"976";"97611";"2";"1";"2";"6";"doujani-Mosquée de doujani ( rue de la )";" -12,7798110";"45,2296880"
"201900045450";"8";"12";"2019";"14:31";"1";"976";"97611";"1";"1";"2";"6";"passamanty-Vahibé ( route )";" -12,7923900";"45,1871100"
"201900045451";"8";"12";"2019";"08:15";"1";"974";"97411";"1";"1";"1";"6";"SAINT-BERNARD (CHEMIN DE)";" -20,8995000";"55,4014000"
"201900045452";"8";"12";"2019";"11:55";"1";"974";"97407";"1";"9";"1";"2";"ROUTE DU SACRE COEUR";" -20,9538000";"55,3083000"
"201900045453";"8";"12";"2019";"20:30";"5";"69";"69387";"2";"2";"2";"7";"THIBAUDIERE (DE LA)                 (R )";"45,7501000";"4,8457500"
"201900045454";"8";"12";"2019";"18:50";"5";"69";"69383";"2";"2";"2";"3";"PAUL BERT                           (R )";"45,7561200";"4,8727100"
"201900045455";"8";"12";"2019";"14:45";"1";"69";"69259";"2";"1";"1";"6";"PERRIERE (DE LA)                    (CH)";"45,6894120";"4,8952830"
"201900045456";"8";"12";"2019";"22:20";"5";"69";"69381";"2";"1";"1";"2";"BON PASTEUR (DU)                    (R )";"45,7721400";"4,8280400"
"201900045457";"8";"12";"2019";"14:20";"1";"69";"69149";"2";"2";"1";"3";"EMILE ZOLA                          (BD)";"45,7195600";"4,8042200"
"201900045458";"8";"12";"2019";"20:15";"5";"2B";"2B033";"2";"1";"1";"6";"CHANOINE LESCHI - RUE";"42,7051000";"9,4538000"
"201900045459";"8";"12";"2019";"02:27";"5";"2A";"2A004";"2";"9";"1";"2";"1ER CONSUL RCE RUE CANDIA";"41,9343300";"8,7455800"
"201900045460";"5";"12";"2019";"23:00";"3";"95";"95218";"2";"1";"1";"4";"BVD JACQUES DUCLOS";"49,0160400";"2,0919500"
"201900045461";"8";"12";"2019";"19:45";"5";"91";"91589";"2";"1";"2";"6";"DE GAULLE (AVENUE CHARLES)";"48,6798600";"2,3443700"
"201900045462";"6";"12";"2019";"20:45";"5";"91";"91103";"2";"1";"2";"4";"COMMUNE DE PARIS (RUE DE LA)";"48,5955400";"2,3034800"
"201900045463";"8";"12";"2019";"16:35";"1";"78";"78551";"1";"1";"1";"6";"ST GERMAIN (RUE DE)";"48,9494800";"2,0737500"
"201900045464";"8";"12";"2019";"22:30";"5";"77";"77468";"2";"2";"1";"3";"PARIS (RUE DE)";"48,8496900";"2,6441000"
"201900045465";"8";"12";"2019";"12:25";"1";"77";"77108";"2";"1";"1";"6";"RESISTANCE (AVENUE DE LA)";"48,8768510";"2,5851010"
"201900045466";"3";"12";"2019";"18:45";"5";"69";"69256";"2";"2";"1";"3";"GENAS (DE)                          (RO)";"45,7472500";"4,9234500"
"201900045467";"7";"12";"2019";"11:18";"1";"67";"67180";"2";"6";"2";"3";"LANDAU (ROND-POINT DE)";"48,8210000";"7,7910000"
"201900045468";"2";"12";"2019";"17:30";"5";"62";"62826";"2";"3";"1";"6";"GEORGES BESSE (AVENUE)";"50,5104000";"1,6196000"
"201900045469";"7";"12";"2019";"08:05";"3";"62";"62139";"2";"1";"8";"1";"SAND (RUE GEORGES......)";"50,7084000";"2,2841900"
"201900045470";"7";"12";"2019";"19:30";"5";"62";"62160";"2";"9";"1";"6";"NAVARIN (Place)";"50,7269000";"1,6071000"
"201900045471";"7";"12";"2019";"19:10";"1";"60";"60057";"2";"1";"1";"6";"ARISTIDE BRIAND (BOULEVARD)";"49,4265500";"2,0834400"
"201900045472";"7";"12";"2019";"10:45";"1";"47";"47323";"1";"1";"1";"6";"LAURIER (AVENUE DU)";"44,3917500";"0,6632000"
"201900045473";"8";"12";"2019";"18:56";"3";"44";"44055";"2";"1";"2";"1";"BD JOSEPH HOUSSAIS ";"47,2924830";" -2,3485040"
"201900045474";"8";"12";"2019";"20:35";"3";"32";"32013";"1";"1";"8";"3";"ROCADE (RN 124 OUEST)";"43,6700000";"0,5315000"
"201900045475";"7";"12";"2019";"05:55";"3";"29";"29232";"2";"1";"8";"7";"POULGUINAN BOULEVARD DE";"47,9798824";" -4,1210057"
"201900045476";"22";"11";"2019";"17:40";"2";"28";"28085";"2";"1";"8";"6";"GORD A LAUNAY (CHEMIN DU)";"48,4306400";"1,4914000"
"201900045477";"8";"12";"2019";"11:05";"1";"17";"17300";"2";"1";"2";"3";"CHAMP DE MARS   AVENUE DU";"46,1691200";" -1,1495300"
"201900045478";"8";"12";"2019";"11:55";"1";"13";"13106";"2";"1";"1";"6";"BEDOULE (CHEMIN DE LA)";"43,3866200";"5,3522100"
"201900045479";"9";"12";"2019";"00:00";"5";"13";"13210";"2";"1";"2";"3";"CAPELETTE (AVENUE DE LA)";"43,2808130";"5,4073890"
"201900045480";"8";"12";"2019";"17:00";"2";"13";"13203";"2";"1";"1";"6";"NATIONAL (BOULEVARD)";"43,3120718";"5,3769332"
"201900045481";"8";"12";"2019";"15:31";"1";"10";"10362";"2";"1";"3";"6";"ROCADE OUEST (RD 610)";"48,2880981";"4,0396714"
"201900045482";"8";"12";"2019";"18:35";"5";"9";"09225";"2";"1";"3";"3";"RIJOLE AVENUE DE LA";"43,1352500";"1,6230800"
"201900045483";"8";"12";"2019";"01:45";"5";"75";"75112";"2";"1";"1";"4";"QUAI DE BERCY";"48,8343410";"2,3812870"
"201900045484";"8";"12";"2019";"18:45";"5";"75";"75120";"2";"2";"8";"6";"RUE DE MENILMONTANT";"48,8700258";"2,3944403"
"201900045485";"7";"12";"2019";"11:15";"1";"75";"75120";"2";"4";"1";"6";"RUE DE BAGNOLET";"48,8570705";"2,3981363"
"201900045486";"8";"12";"2019";"14:30";"1";"75";"75119";"2";"2";"1";"3";"RUE SIGMUND FREUD";"48,8819750";"2,4025080"
"201900045487";"8";"12";"2019";"10:50";"1";"75";"75119";"2";"2";"2";"6";"AVENUE JEAN JAURES";"48,8878466";"2,3892546"
"201900045488";"7";"12";"2019";"23:55";"5";"75";"75119";"2";"2";"1";"3";"AVENUE DE FLANDRE";"48,8906240";"2,3768500"
"201900045489";"8";"12";"2019";"19:30";"5";"75";"75117";"2";"3";"1";"3";"RUE DE ROME";"48,8846550";"2,3178630"
"201900045490";"8";"12";"2019";"22:02";"5";"75";"75116";"2";"2";"1";"3";"RUE JEAN DE LA FONTAINE";"48,8511090";"2,2723220"
"201900045491";"6";"12";"2019";"12:30";"1";"75";"75116";"2";"2";"2";"2";"ALLEE DE LA REINE MARGUERITE";"48,8676510";"2,2508800"
"201900045492";"8";"12";"2019";"19:20";"5";"75";"75113";"2";"1";"2";"2";"AVENUE DE FRANCE";"48,8289384";"2,3781009"
"201900045493";"8";"12";"2019";"06:20";"5";"75";"75110";"2";"2";"2";"6";"AVENUE CLAUDE VELLEFAUX";"48,8752300";"2,3703180"
"201900045494";"8";"12";"2019";"02:15";"5";"75";"75110";"2";"7";"1";"6";"PLACE DE LA BATAILLE DE STALINGRAD";"48,8838610";"2,3685940"
"201900045495";"7";"12";"2019";"17:00";"5";"75";"75109";"2";"1";"1";"7";"RUE NOTRE DAME DE LORETTE";"48,8772590";"2,3386900"
"201900045496";"8";"12";"2019";"20:11";"5";"75";"75117";"2";"2";"1";"3";"BOULEVARD MALESHERBES";"48,8808520";"2,3125440"
"201900045497";"7";"12";"2019";"12:44";"1";"75";"75108";"2";"4";"1";"3";"AVENUE MONTAIGNE";"48,8677213";"2,3076868"
"201900045498";"8";"12";"2019";"19:55";"5";"75";"75107";"2";"1";"1";"6";"RUE FABERT";"48,8620440";"2,3115960"
"201900045499";"8";"12";"2019";"19:45";"5";"75";"75107";"2";"1";"1";"2";"PLACE JOFFRE";"48,8527256";"2,3031753"
"201900045500";"7";"12";"2019";"14:30";"1";"75";"75107";"2";"4";"1";"3";"AVENUE DE LA BOURDONNAIS";"48,8558130";"2,3030350"
"201900045501";"8";"12";"2019";"21:45";"5";"75";"75103";"2";"7";"2";"7";"RUE DU PAS DE LA MULE";"48,8560580";"2,3666150"
"201900045502";"8";"12";"2019";"00:50";"3";"75";"75101";"2";"2";"1";"2";"QUAI FRANCOIS MITTERRAND";"48,8601130";"2,3333500"
"201900045503";"8";"12";"2019";"22:08";"5";"94";"94078";"2";"1";"2";"7";"PARIS (R DE)";"48,7282600";"2,4466600"
"201900045504";"8";"12";"2019";"13:55";"1";"94";"94018";"2";"3";"8";"4";"GABRIELLE (R)";"48,8212457";"2,4183930"
"201900045505";"8";"12";"2019";"20:10";"5";"94";"94017";"2";"3";"1";"3";"ROGER SALENGRO (AV)";"48,8195100";"2,4886100"
"201900045506";"8";"12";"2019";"15:20";"1";"93";"93073";"1";"1";"2";"1";"CIRCUIT CAROLE";"49,0029890";"2,5368690"
"201900045507";"8";"12";"2019";"08:05";"2";"93";"93077";"2";"3";"3";"3";"GRANDE RUE";"48,8844600";"2,5078600"
"201900045508";"1";"12";"2019";"08:10";"2";"93";"93049";"2";"1";"1";"3";"GALLIENI (BOULEVARD)";"48,8527000";"2,5130500"
"201900045509";"8";"12";"2019";"16:50";"2";"93";"93048";"2";"1";"8";"6";"HENRI BARBUSSE (BOULEVARD)";"48,8650000";"2,4400000"
"201900045510";"8";"12";"2019";"15:46";"1";"92";"92044";"2";"1";"1";"7";"CHARLES PASQUA (QUAI) 32 A 58";"48,8997300";"2,2805100"
"201900045511";"7";"12";"2019";"10:30";"1";"51";"51608";"1";"1";"1";"7";"RD 62";"48,8421184";"4,8529512"
"201900045512";"7";"12";"2019";"00:20";"5";"74";"74243";"1";"1";"1";"3";"Bretelle d'accés A40 vers A41";"46,1323270";"6,0948950"
"201900045513";"30";"4";"2019";"08:20";"1";"92";"92073";"2";"1";"1";"1";"FUSILLES DE LA RESISTANCE 1940-1945 (ROU";"48,8779855";"2,2162611"
"201900045514";"27";"5";"2019";"16:20";"1";"92";"92072";"2";"1";"1";"6";"GRANDE RUE";"48,8255025";"2,2161269"
"201900045515";"25";"5";"2019";"17:30";"1";"92";"92072";"2";"1";"2";"6";"LECLERC (AVENUE DE LA DIVISION)";"48,8230129";"2,2216359"
"201900045516";"23";"5";"2019";"09:30";"1";"92";"92072";"2";"1";"1";"6";"GRANDE RUE";"48,8241455";"2,2104367"
"201900045517";"21";"5";"2019";"09:10";"1";"92";"92072";"2";"3";"1";"1";"VILLE D'AVRAY (RUE DE )";"48,8259349";"2,2000739"
"201900045518";"21";"5";"2019";"09:25";"1";"92";"92072";"2";"1";"1";"7";"GRANDE RUE";"48,8239793";"2,2097745"
"201900045519";"16";"5";"2019";"20:30";"2";"92";"92072";"2";"1";"1";"2";"MANUFACTURE NATIONALE (PLACE DE LA)";"48,8285013";"2,2244724"
"201900045520";"15";"5";"2019";"21:00";"2";"92";"92072";"2";"4";"1";"2";"GRANDE RUE";"48,8272859";"2,2228586"
"201900045521";"13";"5";"2019";"15:10";"1";"92";"92072";"2";"1";"1";"6";"GRANDE RUE";"48,8258182";"2,2174847"
"201900045522";"27";"5";"2019";"14:05";"1";"92";"92064";"2";"1";"1";"1";"GOUNOD";"48,8423737";"2,2074653"
"201900045523";"27";"5";"2019";"09:30";"1";"92";"92064";"2";"1";"1";"6";"EMILE VERHAEREN";"48,8437000";"2,2137600"
"201900045524";"26";"5";"2019";"16:00";"1";"92";"92064";"2";"3";"8";"3";"CAMP CANADIEN";"48,8529000";"2,2059100"
"201900045525";"25";"5";"2019";"12:40";"1";"92";"92064";"2";"1";"1";"3";"REPUBLIQUE";"48,8500250";"2,2135840"
"201900045526";"24";"5";"2019";"08:30";"1";"92";"92064";"2";"3";"1";"3";"GOUNOD";"48,8431700";"2,2151100"
"201900045527";"22";"5";"2019";"15:15";"1";"92";"92064";"2";"2";"1";"6";"REPUBLIQUE";"48,8493715";"2,2136919"
"201900045528";"20";"5";"2019";"12:15";"1";"92";"92064";"2";"1";"8";"6";"PARC SAINT CLOUD";"48,8412970";"2,2163320"
"201900045529";"14";"5";"2019";"17:40";"1";"92";"92076";"2";"2";"1";"3";"VILLENEUVE";"48,8468520";"2,1527020"
"201900045530";"14";"5";"2019";"08:55";"1";"92";"92076";"2";"6";"1";"3";"VICTOR DURET";"48,8467900";"2,1689600"
"201900045531";"10";"5";"2019";"10:00";"1";"92";"92064";"2";"1";"1";"6";"REPUBLIQUE";"48,8565501";"2,2113241"
"201900045532";"9";"5";"2019";"21:20";"5";"92";"92064";"2";"1";"1";"6";"DAILLY";"48,8436100";"2,2174200"
"201900045533";"9";"5";"2019";"11:15";"1";"92";"92064";"2";"3";"3";"7";"MARCEL DASSAULT";"48,8556940";"2,2230232"
"201900045534";"4";"5";"2019";"11:30";"1";"92";"92033";"2";"1";"2";"6";"ABREUVROIR";"48,8432200";"2,1859800"
"201900045535";"29";"4";"2019";"20:00";"1";"92";"92064";"2";"1";"1";"3";"CAMP CANADIEN";"48,8528100";"2,2056200"
"201900045536";"17";"4";"2019";"11:20";"1";"92";"92064";"2";"1";"1";"6";"REPUBLIQUE";"48,8540300";"2,2124000"
"201900045537";"15";"5";"2019";"13:50";"1";"92";"92063";"2";"1";"1";"6";"HUGO (AVENUE VICTOR)";"48,8856804";"2,1761406"
"201900045538";"14";"5";"2019";"13:45";"1";"92";"92063";"2";"2";"1";"3";"FLOQUET (RUE CHARLES) EST";"48,8751700";"2,1775392"
"201900045539";"10";"5";"2019";"11:45";"1";"92";"92063";"2";"3";"1";"3";"LABICHE (RUE EUGENE)";"48,8696500";"2,1809600"
"201900045540";"9";"5";"2019";"08:50";"1";"92";"92063";"2";"3";"2";"3";"REPUBLIQUE (AVENUE DE LA)";"48,8831700";"2,1713100"
"201900045541";"7";"5";"2019";"10:50";"1";"92";"92063";"2";"1";"1";"3";"DIX-HUIT JUIN 1940 (AVENUE DU) SUD";"48,8659029";"2,2025820"
"201900045542";"3";"5";"2019";"16:15";"1";"92";"92063";"2";"1";"1";"6";"PERI (AVENUE GABRIEL)";"48,8835600";"2,1892000"
"201900045543";"30";"4";"2019";"09:30";"1";"92";"92063";"2";"1";"1";"3";"MONTBRISON (RUE DU LIEUTENANT COLONEL DE";"48,8672400";"2,1982100"
"201900045544";"22";"5";"2019";"14:20";"1";"92";"92062";"2";"2";"1";"3";"PARMENTIER (RUE)";"48,8784100";"2,2390700"
"201900045545";"16";"5";"2019";"13:09";"1";"92";"92062";"2";"1";"1";"3";"DE DION BOUTON (QUAI) DU 29 AU 65";"48,8830600";"2,2483600"
"201900045546";"15";"5";"2019";"02:15";"5";"92";"92062";"2";"1";"1";"7";"BAS-ROGERS (RUE DES) N° 38 AU 96";"48,8806800";"2,2285000"
"201900045547";"14";"5";"2019";"08:35";"1";"92";"92062";"2";"1";"7";"3";"GENERAL DE GAULLE (AV) DU 44 AU 106";"48,8865900";"2,2315200"
"201900045548";"13";"5";"2019";"08:55";"1";"92";"92062";"2";"1";"1";"3";"VERDUN (RUE DE) N° 78 A 164";"48,8785000";"2,2351000"
"201900045549";"13";"5";"2019";"00:20";"5";"92";"92062";"2";"2";"1";"2";"DE DION BOUTON (QUAI) DU 29 AU 65";"48,8839561";"2,2494208"
"201900045550";"9";"5";"2019";"20:15";"2";"92";"92062";"2";"3";"1";"6";"VERNES (RUE JULES)";"48,8885700";"2,2322200"
"201900045551";"4";"5";"2019";"16:05";"1";"92";"92062";"2";"1";"2";"6";"CARTAULT (RUE)";"48,8819700";"2,2306400"
"201900045552";"24";"5";"2019";"09:30";"1";"92";"92051";"2";"1";"1";"6";"BOURDON (BOULEVARD)";"48,8922600";"2,2662000"
"201900045553";"19";"5";"2019";"08:00";"1";"92";"92051";"2";"1";"1";"6";"ARGENSON (BOULEVARD, N° 24 AU 48)";"48,8875400";"2,2658900"
"201900045554";"18";"5";"2019";"23:45";"5";"92";"92051";"2";"1";"1";"2";"CHARLES DE GAULLE (AVENUE,N°118 A 192 +";"48,8824290";"2,2675671"
"201900045555";"11";"5";"2019";"19:50";"2";"92";"92051";"2";"1";"1";"3";"ROULE (AVENUE DU, N° 29 A 91 ET 30 A 86)";"48,8828300";"2,2752200"
"201900045556";"1";"5";"2019";"14:20";"1";"92";"92051";"2";"9";"1";"3";"INKERMANN (BOULEVARD D')";"48,8894900";"2,2570700"
"201900045557";"29";"5";"2019";"06:50";"1";"92";"92050";"2";"1";"1";"2";"HAVRE BOULEVARD DU";"48,9188000";"2,2226000"
"201900045558";"28";"5";"2019";"01:00";"5";"92";"92050";"2";"1";"1";"2";"JOFFRE MARECHAL AVENUE DU";"48,8852125";"2,1954129"
"201900045559";"24";"5";"2019";"13:15";"1";"92";"92050";"2";"3";"1";"2";"CLEMENCEAU GEORGES AVENUE N° PAIR";"48,8866690";"2,2066670"
"201900045560";"19";"5";"2019";"15:40";"1";"92";"92050";"2";"2";"1";"3";"SURESNES RUE DE";"48,8839200";"2,2151800"
"201900045561";"11";"5";"2019";"18:30";"1";"92";"92050";"2";"2";"8";"3";"PLACE NELSON MANDELA";"48,8976000";"2,2182000"
"201900045562";"10";"5";"2019";"01:08";"5";"92";"92050";"2";"1";"1";"7";"ARLEQUIN ALLEE DE L'";"48,8902900";"2,2279300"
"201900045563";"4";"5";"2019";"11:30";"1";"92";"92050";"2";"1";"2";"2";"RD 914";"48,9073360";"2,2129923"
"201900045564";"2";"5";"2019";"11:45";"1";"92";"92049";"2";"2";"8";"3";"BROSSOLETTE AVENUE PIERRE";"48,8181346";"2,3084877"
"201900045565";"29";"4";"2019";"21:05";"5";"92";"92049";"2";"1";"1";"6";"BRIAND AVENUE ARISTIDE N°1 A 129";"48,8194000";"2,3257000"
"201900045566";"13";"5";"2019";"09:20";"1";"92";"92048";"2";"1";"1";"7";"TRIVAUX (AVENUE DE) N° 6BIS A 8";"48,8011300";"2,2342200"
"201900045567";"3";"5";"2019";"14:00";"1";"92";"92048";"2";"2";"2";"6";"PAUL BERT (AVENUE)";"48,8124700";"2,2506700"
"201900045568";"29";"4";"2019";"08:35";"1";"92";"92048";"2";"1";"1";"3";"GENERAL DE GAULLE (AVENUE DU)";"48,7875200";"2,2272600"
"201900045569";"29";"5";"2019";"17:04";"1";"92";"92044";"2";"2";"1";"3";"MARIUS AUFAN(RUE) 1A67 ET 2A78";"48,8900070";"2,2850000"
"201900045570";"23";"5";"2019";"16:45";"1";"92";"92044";"2";"1";"1";"6";"DANTON(RUE) 1A73 ET 2A88";"48,8919557";"2,2821505"