"Num_Acc";"jour";"mois";"an";"hrmn";"lum";"dep";"com";"agg";"int";"atm";"col";"adr";"lat";"long"
"201900045571";"15";"5";"2019";"18:40";"1";"92";"92044";"2";"2";"1";"6";"P.V.COUTURIER(RUE)1A39 ET2A26";"48,8949369";"2,2809438"
"201900045572";"13";"5";"2019";"08:10";"1";"92";"92044";"2";"1";"1";"6";"RIVAY(RUE)1A23 ET 2A20";"48,8919999";"2,2914790"
"201900045573";"7";"5";"2019";"09:35";"1";"92";"92044";"2";"2";"1";"3";"P.V.COUTURIER(RUE)1A39 ET2A26";"48,8968445";"2,2883826"
"201900045574";"6";"5";"2019";"18:50";"1";"92";"92044";"2";"1";"1";"3";"VILLIERS(RUE DE)  88A140";"48,8946321";"2,2749774"
"201900045575";"3";"5";"2019";"17:27";"1";"92";"92044";"2";"2";"1";"6";"VICTOR HUGO (RUE)";"48,8982940";"2,2943640"
"201900045576";"29";"5";"2019";"19:25";"1";"92";"92040";"2";"1";"1";"3";"GALLIENI (BOULEVARD)";"48,8266600";"2,2676900"
"201900045577";"23";"5";"2019";"19:10";"1";"92";"92040";"2";"1";"1";"7";"STALINGRAD (QUAI DE)";"48,8218400";"2,2506800"
"201900045578";"10";"5";"2019";"09:15";"1";"92";"92040";"2";"1";"1";"3";"PDT ROOSEVELT (QUAI DU)";"48,8336700";"2,2639300"
"201900045579";"10";"5";"2019";"08:00";"1";"92";"92040";"2";"1";"1";"3";"GAMBETTA (BOULEVARD)";"48,8273010";"2,2781002"
"201900045580";"9";"5";"2019";"12:00";"1";"92";"92040";"2";"1";"2";"3";"ROUGET DE L'ISLE";"48,8278700";"2,2668700"
"201900045581";"9";"5";"2019";"11:13";"1";"92";"92040";"2";"1";"2";"3";"ETIENNE DOLET";"48,8229700";"2,2751000"
"201900045582";"7";"5";"2019";"09:50";"1";"92";"92040";"2";"1";"1";"6";"GALLIENI (BOULEVARD)";"48,8269600";"2,2675100"
"201900045583";"5";"5";"2019";"04:28";"5";"92";"92040";"2";"2";"1";"3";"LEON BLUM (PLACE)";"48,8208355";"2,2601441"
"201900045584";"23";"5";"2019";"17:10";"1";"92";"92036";"2";"2";"1";"6";"PIERRE DE COUBERTIN (BOULEVARD) (PORT ->";"48,9315765";"2,2835379"
"201900045585";"14";"5";"2019";"22:10";"5";"92";"92036";"2";"3";"1";"3";"GRESILLONS (AVENUE DES) (103/139)";"48,9145500";"2,3004700"
"201900045586";"14";"5";"2019";"13:45";"1";"92";"92036";"2";"1";"1";"6";"LOUIS CALMEL (RUE) (18/58)";"48,9252494";"2,2906227"
"201900045587";"6";"5";"2019";"09:10";"1";"92";"92036";"2";"6";"1";"5";"MARCEL PAUL (AVENUE) (1/103)";"48,9333910";"2,3026590"
"201900045588";"4";"5";"2019";"17:25";"1";"92";"92036";"2";"1";"2";"6";"GABRIEL PERI (AVENUE) (147/177)";"48,9234900";"2,2946800"
"201900045589";"29";"4";"2019";"17:00";"1";"92";"92036";"2";"1";"1";"6";"PIERRE DE COUBERTIN PROLONGE";"48,9267050";"2,2847150"
"201900045590";"15";"5";"2019";"10:45";"1";"92";"92035";"2";"2";"1";"3";"SARTORIS (RUE)";"48,8830600";"2,2483600"
"201900045591";"27";"5";"2019";"14:30";"1";"92";"92026";"2";"9";"1";"3";"DIVISION LECLERC (AVENUE DE LA)";"48,8944660";"2,2411820"
"201900045592";"26";"5";"2019";"15:40";"1";"92";"92026";"2";"1";"1";"2";"VERDUN (DE 62 A FIN)";"48,9007350";"2,2605110"
"201900045593";"25";"5";"2019";"23:40";"5";"92";"92026";"2";"8";"1";"3";"MISSION MARCHAND (COTE IMPAIR)";"48,8990020";"2,2398490"
"201900045594";"23";"5";"2019";"17:30";"1";"92";"92026";"2";"1";"9";"4";"MARECHAL JOFFRE (QUAI DU)";"48,8970400";"2,2650600"
"201900045595";"23";"5";"2019";"14:20";"1";"92";"92026";"2";"3";"1";"3";"JULES FERRY ( RUE )";"48,8987700";"2,2625700"
"201900045596";"17";"5";"2019";"00:28";"5";"92";"92026";"2";"2";"1";"3";"MARECHAL JOFFRE (QUAI DU)";"48,9006953";"2,2752054"
"201900045597";"14";"5";"2019";"09:05";"1";"92";"92026";"2";"1";"1";"6";"ALMA";"48,8967253";"2,2539236"
"201900045598";"13";"5";"2019";"17:20";"1";"92";"92026";"2";"1";"1";"3";"VICTOR HUGO (DE 01 A 45)";"48,8947520";"2,2589360"
"201900045599";"13";"5";"2019";"13:40";"1";"92";"92026";"2";"6";"1";"2";"VICTOR HUGO (PLACE";"48,8920800";"2,2537700"
"201900045600";"10";"5";"2019";"22:50";"5";"92";"92026";"2";"3";"3";"3";"PRÉSIDENT PAUL DOUMER (QUAI DU)";"48,8900095";"2,2563831"
"201900045601";"10";"5";"2019";"19:35";"2";"92";"92026";"2";"3";"2";"3";"COLOMBES";"48,9045000";"2,2558800"
"201900045602";"6";"5";"2019";"12:30";"1";"92";"92026";"2";"1";"1";"6";"STRASBOURG";"48,8911700";"2,2476100"
"201900045603";"6";"5";"2019";"09:10";"1";"92";"92026";"2";"1";"1";"6";"BEZONS  (DE 01 A 22)";"48,8923500";"2,2554100"
"201900045604";"26";"5";"2019";"01:45";"5";"92";"92025";"2";"1";"1";"3";"PAUL BERT (RUE)";"48,9244000";"2,2630000"
"201900045605";"23";"5";"2019";"08:50";"1";"92";"92025";"2";"2";"1";"6";"PIERRE GEOFFROIX (RUE)";"48,9174600";"2,2582230"
"201900045606";"21";"5";"2019";"15:40";"1";"92";"92025";"2";"1";"1";"6";"GABRIEL PERI (RUE)";"48,9178520";"2,2379260"
"201900045607";"18";"5";"2019";"12:47";"1";"92";"92025";"2";"1";"1";"1";"PROGRES (RUE DU)";"48,9289750";"2,2623400"
"201900045608";"18";"5";"2019";"00:45";"5";"92";"92025";"2";"1";"1";"1";"CHARLES DE GAULLE (BD)";"48,9140610";"2,2297590"
"201900045609";"17";"5";"2019";"22:10";"5";"92";"92025";"2";"1";"1";"2";"VICTOR HUGO (AV.VILLA.RUE)";"48,9209950";"2,2635430"
"201900045610";"11";"5";"2019";"06:15";"2";"92";"92025";"2";"2";"1";"3";"SELLIER (RUE)";"48,9244000";"2,2630000"
"201900045611";"7";"5";"2019";"09:50";"1";"92";"92025";"2";"2";"1";"3";"HENRI BARBUSSE (AV)";"48,9208030";"2,2526428"
"201900045612";"6";"5";"2019";"18:00";"1";"92";"92025";"2";"2";"1";"3";"GABRIEL PERI (RUE)";"48,9244000";"2,2630000"
"201900045613";"5";"5";"2019";"14:15";"1";"92";"92025";"2";"1";"1";"3";"GENERAL LECLERC (PLACE DU)";"48,9227830";"2,2526600"
"201900045614";"17";"5";"2019";"19:50";"1";"92";"92024";"2";"1";"1";"6";"ASNIERES (ROUTE D')";"48,9024155";"2,2906636"
"201900045615";"16";"5";"2019";"23:35";"5";"92";"92024";"2";"9";"9";"1";"VILLENEUVE (RUE) DE (55 A 87BIS)";"48,9058700";"2,3119760"
"201900045616";"16";"5";"2019";"16:10";"1";"92";"92024";"2";"3";"1";"1";"VICTOR HUGO (BD)";"48,9023586";"2,3184108"
"201900045617";"3";"5";"2019";"10:18";"1";"92";"92024";"2";"1";"1";"3";"DOCTEUR CALMETTE (RUE DU)";"48,9045800";"2,3113500"
"201900045618";"2";"5";"2019";"18:00";"1";"92";"92024";"2";"1";"1";"2";"GEORGES BOISSEAU (RUE)";"48,9050760";"2,3153930"
"201900045619";"29";"5";"2019";"13:00";"1";"92";"92023";"2";"3";"1";"6";"GENERAL DE GAULLE (AVENUE DU)";"48,7853900";"2,2514700"
"201900045620";"28";"5";"2019";"18:40";"1";"92";"92023";"2";"2";"1";"3";"GENERAL DE GAULLE (AVENUE DU)";"48,7919437";"2,2676545"
"201900045621";"26";"5";"2019";"06:30";"2";"92";"92023";"2";"1";"1";"6";"GENERAL DE GAULLE (AV DU) N°130 A 340 ET";"48,7876300";"2,2572500"
"201900045622";"24";"5";"2019";"20:30";"1";"92";"92023";"2";"1";"1";"6";"PAIX (AVENUE DE LA)";"48,8151700";"2,2723700"
"201900045623";"24";"5";"2019";"15:25";"1";"92";"92023";"2";"2";"1";"6";"HENRI BARBUSSE (AVENUE)";"48,8109600";"2,2582400"
"201900045624";"15";"5";"2019";"12:20";"1";"92";"92023";"2";"3";"1";"3";"GENERAL DE GAULLE (AVENUE DU)";"48,7828185";"2,2450762"
"201900045625";"13";"5";"2019";"18:30";"1";"92";"92023";"2";"1";"1";"6";"PIERRE LOUVRIER (RUE)";"48,8055500";"2,2707900"
"201900045626";"7";"5";"2019";"21:00";"2";"92";"92023";"2";"1";"1";"6";"CHAMPAGNE (RUE)";"48,7859100";"2,2487700"
"201900045627";"7";"5";"2019";"10:45";"1";"92";"92023";"2";"1";"1";"6";"PORTE DE TRIVAUX (RUE DE) N°57 A 197 ET";"48,7909100";"2,2589300"
"201900045628";"2";"5";"2019";"06:30";"1";"92";"92023";"2";"6";"1";"6";"DIVISION LECLERC (ROND POINT DE LA) N°17";"48,7769600";"2,2310200"
"201900045629";"30";"4";"2019";"20:10";"1";"92";"92060";"2";"3";"1";"6";"LOUP PENDU (RUE DU)";"48,7757800";"2,2512600"
"201900045630";"30";"4";"2019";"06:30";"2";"92";"92024";"2";"6";"1";"2";"CLAUDE TREBIGNAUD (AVENUE) BOIS S102";"48,7898000";"2,2526000"
"201900045631";"23";"5";"2019";"23:00";"5";"92";"92019";"2";"1";"1";"7";"DIVISION LECLERC (AVENUE DE LA)";"48,7669400";"2,2539600"
"201900045632";"14";"5";"2019";"16:50";"1";"92";"92071";"2";"1";"1";"3";"CLEMENCEAU GEORGES (AVENUE)";"48,7838300";"2,3064300"
"201900045633";"26";"5";"2019";"15:15";"1";"92";"92012";"2";"2";"1";"6";"FESSART (RUE)";"48,8421900";"2,2398900"
"201900045634";"24";"5";"2019";"02:15";"5";"92";"92012";"2";"1";"1";"6";"EDOUARD VAILLANT (AVENUE) 57/FIN - 58/FI";"48,8341959";"2,2454379"
"201900045635";"23";"5";"2019";"23:00";"5";"92";"92012";"2";"1";"1";"3";"PONT DE SEVRES (METRO)";"48,8297600";"2,2307800"
"201900045636";"22";"5";"2019";"17:00";"1";"92";"92012";"2";"1";"1";"3";"REINE (ROUTE DE LA) 1/37- 6/80";"48,8388793";"2,2492560"
"201900045637";"22";"5";"2019";"15:25";"1";"92";"92012";"2";"1";"1";"6";"REINE (ROUTE DE LA) 82/FIN - 107TER/FIN";"48,8402441";"2,2338198"
"201900045638";"22";"5";"2019";"09:00";"1";"92";"92012";"2";"3";"1";"2";"QUATRE SEPTEMBRE (QUAI DU)";"48,8528291";"2,2263978"
"201900045639";"17";"5";"2019";"09:00";"1";"92";"92012";"2";"1";"1";"2";"MARCEL SEMBAT (PLACE)";"48,8336278";"2,2434011"
"201900045640";"15";"5";"2019";"20:10";"2";"92";"92012";"2";"1";"1";"3";"VICTOR GRIFFUELHES (RUE) - COTE IMPAIR";"48,8306900";"2,2422000"
"201900045641";"15";"5";"2019";"18:00";"1";"92";"92012";"2";"2";"7";"6";"REINE (ROUTE DE LA) 82/FIN - 107TER/FIN";"48,8404402";"2,2315999"
"201900045642";"11";"5";"2019";"15:15";"1";"92";"92012";"2";"1";"1";"6";"ALPHONSE LE GALLO (QUAI) 1/34";"48,8358494";"2,2248259"
"201900045643";"13";"5";"2019";"21:15";"2";"92";"92007";"2";"1";"1";"6";"BARBUSSE (AVENUE HENRI) AUTRES NUMEROS";"48,8031900";"2,3190500"
"201900045644";"7";"5";"2019";"19:10";"1";"92";"92007";"2";"1";"1";"2";"BRIAND (AVENUE ARISTIDE) N° 100 A 160";"48,7987000";"2,3227500"
"201900045645";"7";"5";"2019";"12:20";"1";"92";"92007";"2";"2";"1";"2";"SUISSES (VOIE DES)";"48,8000500";"2,3013960"
"201900045646";"28";"5";"2019";"09:00";"1";"92";"92024";"2";"1";"2";"3";"GENNEVILLIERS (PONT DE)";"48,9121900";"2,3115600"
"201900045647";"25";"5";"2019";"15:25";"1";"92";"92009";"2";"1";"1";"6";"BOURGUIGNONS ( RUE 33 A FIN )";"48,9135126";"2,2732367"
"201900045648";"26";"5";"2019";"01:00";"4";"92";"92004";"2";"3";"1";"3";"COLOMBES (RUE DE 1 A 29)";"48,9125607";"2,2844691"
"201900045649";"10";"5";"2019";"14:30";"1";"92";"92004";"2";"1";"1";"4";"AULAGNIER ( QUAI )";"48,9124460";"2,3031002"
"201900045650";"19";"4";"2019";"14:45";"1";"92";"92004";"2";"1";"1";"6";"MAURICE BOKANOWSKI";"48,9158600";"2,2823500"
"201900045651";"23";"3";"2019";"23:15";"5";"92";"92022";"2";"1";"1";"3";"SALENGRO (AVENUE ROGER)";"48,8077100";"2,1863000"
"201900045652";"24";"5";"2019";"10:15";"1";"92";"92004";"2";"1";"1";"2";"HENRI BERGSON";"48,9166400";"2,3105100"
"201900045653";"10";"3";"2019";"22:30";"5";"92";"92004";"2";"3";"1";"3";"VOLTAIRE ( BD )";"48,9160289";"2,2908475"
"201900045654";"16";"5";"2019";"17:35";"1";"92";"92009";"2";"3";"1";"3";"CHARLES-DE-GAULLE ( AVENUE )";"48,9199049";"2,2770079"
"201900045655";"15";"5";"2019";"20:26";"1";"92";"92004";"2";"3";"1";"3";"PONT D'ASNIERES";"48,9048926";"2,2878888"
"201900045656";"2";"5";"2019";"09:45";"1";"92";"92004";"2";"1";"1";"3";"DOCTEUR DERVAUX  ( QUAI DU )";"48,9087242";"2,2930868"
"201900045657";"16";"4";"2019";"08:45";"1";"92";"92004";"2";"1";"1";"3";"DOCTEUR DERVAUX  ( QUAI DU )";"48,9091173";"2,2938323"
"201900045658";"28";"5";"2019";"18:50";"1";"92";"92002";"2";"1";"1";"3";"ADOLPHE PAJEAUD (RUE)";"48,7435883";"2,2893731"
"201900045659";"28";"5";"2019";"17:05";"1";"92";"92014";"2";"1";"1";"6";"GENERAL LECLERC (AV.) (57 A 135 - 50 A 1";"48,7814511";"2,3162701"
"201900045660";"26";"5";"2019";"13:35";"1";"92";"92002";"2";"2";"1";"1";"BOIS DE VERRIERES (AVENUE DU)";"48,7555179";"2,2958710"
"201900045661";"24";"5";"2019";"03:50";"1";"92";"92014";"2";"2";"1";"1";"BOIS DE VERRIERES (AVENUE DU)";"48,7555179";"2,2958710"
"201900045662";"21";"5";"2019";"07:00";"1";"92";"92002";"2";"3";"1";"2";"ABBAYE (RUE DE L')";"48,7520281";"2,2982585"
"201900045663";"18";"5";"2019";"18:00";"1";"92";"92002";"2";"2";"1";"6";"ESTEREL (ALLEE DE L')";"48,7350285";"2,2851813"
"201900045664";"16";"5";"2019";"11:55";"1";"92";"92002";"2";"1";"1";"6";"AUGUSTE MOUNIE (RUE)";"48,7539442";"2,3024878"
"201900045665";"13";"5";"2019";"23:00";"5";"92";"92002";"2";"3";"1";"3";"ARISTIDE BRIAND (AVENUE)";"48,7598485";"2,3075305"
"201900045666";"6";"5";"2019";"06:05";"5";"92";"92002";"2";"7";"1";"3";"GENERAL DE GAULLE (PLACE DU)";"48,7632744";"2,3091036"
"201900045667";"30";"4";"2019";"07:26";"1";"92";"92002";"2";"1";"1";"6";"ADOLPHE PAJEAUD (RUE)";"48,7433419";"2,2886062"
"201900045668";"13";"5";"2019";"20:56";"1";"60";"60275";"1";"1";"1";"1";"D22";"49,4896082";"1,9010961"
"201900045669";"27";"2";"2019";"06:35";"1";"976";"97610";"2";"1";"1";"4";"Route Nationale";" -12,7372470";"45,2061180"
"201900045670";"5";"5";"2019";"10:20";"1";"80";"80420";"1";"1";"2";"6";"départementale 47";"50,0260740";"2,4968000"
"201900045671";"12";"5";"2019";"17:45";"1";"49";"49244";"1";"1";"7";"1";"D151";"47,3551330";" -0,8604840"
"201900045672";"10";"5";"2019";"15:30";"1";"49";"49244";"1";"1";"2";"7";"La Grande Angevinière, LA GRANDE ANGEVINERIE (La Pommeraye)";"47,3637147";" -0,8874464"
"201900045673";"2";"5";"2019";"12:10";"1";"49";"49063";"1";"1";"1";"1";"D961";"47,3438140";" -0,7590030"
"201900045674";"7";"5";"2019";"08:45";"1";"37";"37005";"1";"2";"1";"3";"Intersection RD18-RD20";"46,9663380";"0,5875260"
"201900045675";"6";"5";"2019";"18:00";"1";"12";"12300";"2";"1";"1";"6";"Chemin de Causseroux";"44,3657720";"2,0350720"
"201900045676";"5";"5";"2019";"15:45";"1";"12";"12301";"2";"2";"1";"3";"Lieu dit Le COUTAL";"44,4674920";"1,9972500"
"201900045677";"30";"5";"2019";"09:55";"1";"47";"47091";"1";"3";"1";"3";"Rocade d'Estillac";"44,1684538";"0,5836271"
"201900045678";"24";"5";"2019";"17:00";"1";"35";"35120";"2";"1";"1";"1";"La Bourdonnais - RD 287";"48,2244500";" -1,7860550"
"201900045679";"21";"5";"2019";"08:00";"1";"35";"35050";"1";"3";"5";"3";"le noyer";"48,2723750";" -1,8916060"
"201900045680";"5";"5";"2019";"11:42";"1";"35";"35276";"1";"2";"1";"3";"Rue de la Croisade";"48,2653830";" -1,8401500"
"201900045681";"6";"5";"2019";"07:58";"2";"14";"14284";"2";"9";"1";"6";"rd 244 point kilométrique 008.700";"48,8529060";" -0,2467640"
"201900045682";"12";"5";"2019";"20:30";"1";"62";"62492";"2";"1";"1";"6";"55 Rue du Couvent";"50,4686420";"1,9802830"
"201900045683";"7";"5";"2019";"15:55";"1";"87";"87002";"2";"1";"1";"6";"Avenue François Mitterrand";"45,9477920";"1,3930320"
"201900045684";"29";"5";"2019";"19:30";"1";"86";"86228";"1";"1";"1";"7";"rd13";"46,3836060";"0,5322590"
"201900045685";"14";"5";"2019";"19:50";"1";"86";"86015";"1";"1";"1";"7";"Le Pou";"46,1480870";"0,6016100"
"201900045686";"11";"5";"2019";"13:00";"1";"86";"86171";"1";"3";"1";"1";"La Grande Vergne";"46,2497060";"0,6903590"
"201900045687";"7";"5";"2019";"14:58";"1";"2A";"2A212";"2";"1";"1";"6";"village - RN81";"42,2372044";"8,6355412"
"201900045688";"7";"5";"2019";"10:20";"1";"2A";"2A198";"1";"1";"1";"6";"Route départementale 84, PK 7+50";"42,2493500";"8,7442734"
"201900045689";"7";"5";"2019";"16:30";"1";"24";"24264";"1";"1";"1";"3";"La Croix de Pierre";"45,0119180";"0,1227600"
"201900045690";"26";"5";"2019";"16:15";"1";"51";"51510";"2";"1";"1";"3";"6 GRANDE RUE";"48,7815360";"4,6433764"
"201900045691";"18";"5";"2019";"06:00";"2";"51";"51334";"1";"1";"1";"1";"RN 4";"48,7116933";"4,6402479"
"201900045692";"17";"5";"2019";"07:55";"1";"51";"51649";"2";"1";"1";"7";"FAUBOURG DE VITRY LE BRULE";"48,7289892";"4,5920106"
"201900045693";"15";"5";"2019";"09:40";"1";"51";"51340";"1";"1";"1";"2";"RN 4";"48,7433913";"4,5205560"
"201900045694";"17";"5";"2019";"13:15";"1";"2A";"2A064";"1";"1";"1";"1";"RT 40";"41,8545925";"8,9611187"
"201900045695";"13";"5";"2019";"17:00";"1";"1";"01424";"2";"7";"6";"6";"Rue du Marquis de Sallmard";"45,8748930";"4,9650880"
"201900045696";"2";"5";"2019";"18:15";"1";"1";"01005";"2";"1";"1";"6";"route de saint-jean de thrignieux";"45,9911720";"4,9026420"
"201900045697";"27";"4";"2019";"08:55";"1";"1";"01383";"2";"3";"2";"3";"Intersection rue de DOMBES et RD1083";"46,0959067";"5,1240586"
"201900045698";"6";"5";"2019";"20:15";"1";"62";"62295";"2";"1";"1";"2";"Rue de Saint-Omer (Enquin-les-Mines)";"50,5900500";"2,2811910"
"201900045699";"21";"5";"2019";"06:30";"2";"26";"26379";"1";"1";"1";"3";"Départementale 532";"45,0541430";"4,9726000"
"201900045700";"30";"5";"2019";"02:00";"3";"24";"24108";"1";"1";"1";"7";"les chats pendus";"45,2300500";"0,6129140"
"201900045701";"6";"5";"2019";"12:15";"1";"24";"24010";"2";"1";"1";"2";"Route de Saint-Astier";"45,1719000";"0,5902300"
"201900045702";"5";"5";"2019";"14:40";"1";"24";"24372";"1";"6";"1";"7";"jevah";"45,1400950";"0,5490170"
"201900045703";"29";"5";"2019";"15:00";"1";"83";"83136";"1";"1";"1";"7";"D17";"43,4404500";"6,3177550"
"201900045704";"12";"6";"2019";"16:46";"1";"86";"86194";"2";"1";"1";"3";"JEAN BRUNET (RUE)";"46,1947000";"0,1947000"
"201900045705";"9";"6";"2019";"18:45";"1";"86";"86041";"1";"1";"1";"2";"RN 147 BUXEROLLES";"46,3503000";"0,2336000"
"201900045706";"11";"6";"2019";"07:40";"1";"86";"86194";"2";"1";"2";"6";"QUINCAY (RUE DE)";"46,5898400";"0,3269400"
"201900045707";"6";"6";"2019";"16:05";"1";"86";"86194";"2";"6";"1";"3";"GIBAUDERIE (RUE DE LA)";"46,5525192";"0,3868040"
"201900045708";"5";"6";"2019";"08:40";"1";"86";"86194";"2";"1";"3";"6";"Route Départementale 910";"46,5773000";"0,3150000"
"201900045709";"31";"5";"2019";"11:05";"1";"86";"86194";"2";"1";"7";"6";"8 MAI 1945 (AVENUE DU)";"46,5607488";"0,3141510"
"201900045710";"30";"5";"2019";"02:40";"5";"86";"86066";"2";"2";"1";"3";"RASSETEAU (RUE AIME)";"46,8130500";"0,5430300"
"201900045711";"16";"6";"2019";"09:25";"1";"85";"85194";"2";"1";"1";"6";" RUE DES DEUX PHARES";"46,4921100";" -1,7719100"
"201900045712";"30";"5";"2019";"17:55";"1";"85";"85194";"2";"1";"1";"2";" ROND POINT DE LA VANNERIE";"46,5155400";" -1,7587500"
"201900045713";"29";"5";"2019";"17:25";"1";"85";"85194";"2";"1";"1";"6";"PROMENADE DU PRESIDENT JF KENNEDY";"46,4849500";" -1,7657200"
"201900045714";"3";"6";"2019";"17:20";"1";"85";"85191";"2";"9";"1";"6";"Bande Cyclable Départementale";"46,6834000";" -1,4388200"
"201900045715";"31";"5";"2019";"16:15";"1";"85";"85191";"1";"1";"1";"6";"RD 42 RTE DE VENANSAULT";"46,6700300";" -1,4720700"
"201900045716";"1";"6";"2019";"08:55";"1";"84";"84087";"2";"9";"1";"6";"LIBERATION (PLACE DE LA)";"44,1360900";"4,8008800"
"201900045717";"16";"9";"2019";"09:26";"1";"84";"84035";"1";"4";"1";"3";"ROBION-RD2 (ROUTE DE)";"43,8431000";"5,0747400"
"201900045718";"6";"7";"2019";"05:59";"1";"84";"84035";"1";"1";"1";"1";"BANON (ROUTE DE)";"43,8846000";"4,9846000"
"201900045719";"11";"4";"2019";"20:34";"2";"84";"84007";"2";"2";"1";"3";"TROIS FAUCONS (rue des)";"43,9451200";"4,8074200"
"201900045720";"21";"5";"2019";"14:00";"1";"84";"84007";"2";"3";"1";"1";"ARBAUD (RUE JOSEPH D')";"43,9265200";"4,8112900"
"201900045721";"21";"3";"2019";"10:38";"1";"84";"84007";"2";"1";"1";"1";"LIMBERT (Boulevard)";"43,9465000";"4,8173700"
"201900045722";"11";"6";"2019";"22:40";"5";"83";"83137";"2";"2";"1";"3";"JOFFRE (BD MARECHAL)";"43,1234800";"5,9481100"
"201900045723";"12";"6";"2019";"21:13";"5";"83";"83137";"2";"9";"1";"3";"CLEMENCEAU (BD GEORGES)";"43,1227000";"5,9390000"
"201900045724";"12";"6";"2019";"19:40";"1";"83";"83137";"2";"1";"1";"1";"ARMARIS (BD DES)";"43,1260560";"5,9813260"
"201900045725";"12";"6";"2019";"14:50";"1";"83";"83090";"1";"1";"1";"1";"GORGES (ROUTE DES)";"43,1484360";"5,8467220"
"201900045726";"12";"6";"2019";"12:20";"1";"83";"83137";"1";"1";"1";"3";"N/A";"43,1527235";"5,9645624"
"201900045727";"12";"6";"2019";"07:21";"1";"83";"83137";"2";"9";"7";"6";"RAMEAU (RUE JP)";"43,1184800";"5,9410500"
"201900045728";"11";"6";"2019";"18:40";"1";"83";"83144";"2";"1";"1";"3";"UNIVERSITE (AVE DE L')";"43,1380700";"6,0150700"
"201900045729";"11";"6";"2019";"17:20";"1";"83";"83137";"2";"1";"1";"6";"STRASBOURG (BD DE )";"43,1250000";"5,9320000"
"201900045730";"8";"6";"2019";"22:25";"5";"83";"83137";"2";"1";"1";"6";"REPUBLIQUE (AVE DE LA)";"43,1196040";"5,9334310"
"201900045731";"8";"6";"2019";"12:30";"1";"83";"83137";"2";"1";"1";"5";"BRIAND (AVE ARISTIDE DE 1 A 1219";"43,1274300";"5,9047700"
"201900045732";"6";"6";"2019";"16:45";"1";"83";"83090";"2";"1";"1";"4";"REPUBLIQUE (RUE DE LA)";"43,1367900";"5,8470800"
"201900045733";"5";"6";"2019";"10:10";"1";"83";"83137";"2";"3";"1";"3";"LEBON (AVE PHILIPPE)";"43,1227100";"5,9339000"
"201900045734";"12";"6";"2019";"10:05";"1";"83";"83126";"2";"1";"1";"6";"MERLE (BD TOUSSAINT)";"43,1011100";"5,8885400"
"201900045735";"2";"6";"2019";"15:50";"1";"83";"83126";"1";"1";"1";"1";"GIOVANNINI (CORNICHE PHILIPPE)";"43,1026010";"5,9019360"
"201900045736";"30";"5";"2019";"10:50";"1";"83";"83126";"2";"1";"1";"6";"JUIN (AV MARECHAL)";"43,1071100";"5,8751700"
"201900045737";"16";"6";"2019";"21:00";"1";"83";"83009";"2";"1";"1";"1";"PIERRE PUGET (BD)";"43,1397270";"5,7547760"
"201900045738";"10";"6";"2019";"10:15";"1";"83";"83129";"2";"1";"1";"3";"MER (AVENUE DE LA) ";"43,1050500";"5,8170100"
"201900045739";"17";"6";"2019";"18:59";"1";"83";"83034";"2";"1";"1";"6";"N/A";"43,0924700";"6,0771400"
"201900045740";"2";"6";"2019";"13:20";"1";"83";"83034";"1";"1";"1";"5";"RUE DES 3 PINS";"43,0995800";"6,0631700"
"201900045741";"8";"6";"2019";"21:20";"2";"83";"83118";"2";"9";"1";"6";"PROMENADE RENÉ COTY";"43,4217500";"6,7676700"
"201900045742";"6";"6";"2019";"18:50";"1";"83";"83061";"1";"9";"1";"3";"D8";"43,4254700";"6,7144200"
"201900045743";"16";"6";"2019";"00:20";"5";"82";"82033";"2";"1";"1";"6";"GARNOUILLAC VC 79 (CHEMIN DE)";"44,0556500";"1,1055900"
"201900045744";"13";"6";"2019";"18:05";"1";"81";"81060";"2";"1";"1";"1";"MALROUX (BD AUGUSTIN)";"44,0487100";"2,1532100"
"201900045745";"11";"6";"2019";"12:42";"1";"81";"81060";"2";"6";"1";"3";"CROIX DU MARQUIS (CARREFOUR)";"44,0502759";"2,1462339"
"201900045746";"6";"6";"2019";"17:40";"1";"81";"81004";"2";"1";"1";"6";"PALAIS (ET PL DU)";"43,9265900";"2,1460300"
"201900045747";"2";"6";"2019";"19:15";"1";"81";"81004";"2";"1";"1";"1";"GAILLAGUES (CHEM DE)";"43,9553800";"2,1366900"
"201900045748";"17";"6";"2019";"13:22";"1";"80";"80021";"2";"1";"1";"3";"493, AV DU QUATORZE JUILLET 1789";"49,8749200";"2,2815700"
"201900045749";"17";"6";"2019";"16:35";"1";"80";"80021";"2";"1";"1";"6";"BATONNIER MAHIU (RUE DU)";"49,8961491";"2,2746527"
"201900045750";"14";"6";"2019";"07:15";"1";"80";"80021";"2";"1";"2";"3";"R DE VIGNACOURT ";"49,9058680";"2,2896630"
"201900045751";"16";"6";"2019";"21:10";"1";"80";"80001";"2";"1";"1";"6";"R DU CHEVALIER LA BARRE ";"50,1055800";"1,8295700"
"201900045752";"14";"6";"2019";"17:40";"1";"80";"80021";"2";"1";"1";"4";"BD DE BAPAUME";"49,8802000";"2,3105320"
"201900045753";"12";"6";"2019";"08:50";"1";"80";"80021";"2";"1";"2";"3";"ABBEVILLE (RUE D')";"49,9107900";"2,2566100"
"201900045754";"12";"6";"2019";"20:00";"1";"80";"80131";"1";"1";"8";"3";"N/A";"49,8459600";"2,4194200"
"201900045755";"11";"6";"2019";"09:15";"1";"80";"80021";"2";"3";"1";"3";"11, R SAINT GERMAIN";"49,8962600";"2,2963400"
"201900045756";"11";"6";"2019";"17:40";"1";"80";"80256";"2";"1";"1";"3";"421, AV LOUIS PASTEUR";"49,9135820";"2,2355480"
"201900045757";"10";"6";"2019";"11:55";"1";"80";"80021";"2";"1";"1";"3";"AV DU QUATORZE JUILLET 1789";"49,8755420";"2,2817490"