"Num_Acc";"jour";"mois";"an";"hrmn";"lum";"dep";"com";"agg";"int";"atm";"col";"adr";"lat";"long"
"201900045758";"5";"6";"2019";"09:40";"1";"80";"80021";"2";"1";"1";"6";"PROMENADE DU SOUVENIR";"49,8888500";"2,2808200"
"201900045759";"2";"6";"2019";"18:18";"1";"80";"80021";"2";"1";"1";"3";"4, AV DE LA PAIX";"49,9116500";"2,3079000"
"201900045760";"18";"6";"2019";"20:35";"1";"80";"80001";"2";"2";"1";"3";"R DU CHEVALIER LA BARRE ";"50,1055800";"1,8295700"
"201900045761";"17";"6";"2019";"14:09";"1";"80";"80001";"2";"1";"1";"7";"AV DU PRESIDENT VINCENT AURIOL";"50,0988300";"1,8551600"
"201900045762";"7";"6";"2019";"11:38";"1";"80";"80021";"2";"1";"1";"6";"PROMENADE DU SOUVENIR";"49,8888500";"2,2808200"
"201900045763";"14";"6";"2019";"10:28";"1";"79";"79329";"2";"1";"1";"6";"5 boulevard Pierre Curie";"46,9797100";" -0,2165900"
"201900045764";"30";"5";"2019";"09:35";"1";"79";"79329";"2";"1";"1";"6";"33 avenue Henri Barbusse";"46,9844000";" -0,2107000"
"201900045765";"15";"6";"2019";"10:30";"1";"79";"79191";"2";"3";"8";"6";"TELOUZE";"46,3451200";" -0,4843900"
"201900045766";"11";"6";"2019";"04:20";"5";"79";"79191";"2";"1";"2";"6";"Avenue de Paris";"46,3335730";" -0,4321700"
"201900045767";"30";"5";"2019";"19:10";"1";"79";"79191";"2";"1";"1";"1";"9 rue Jean-Baptiste Berlier";"46,3390900";" -0,4162800"
"201900045768";"6";"6";"2019";"20:50";"1";"78";"78126";"2";"1";"1";"3";"n°2 SAUT DU LOUP (AVENUE DU)";"48,8390800";"2,1293400"
"201900045769";"16";"6";"2019";"21:25";"1";"78";"78311";"2";"1";"1";"6";"PIERRE JOSEPH PROUDHON (RUE)";"48,9338000";"2,1992500"
"201900045770";"16";"6";"2019";"22:44";"4";"78";"78358";"2";"1";"1";"3";"PARIS (RUE DE)";"48,9459000";"2,1514600"
"201900045771";"11";"6";"2019";"13:30";"1";"78";"78586";"2";"1";"8";"3";"BERTEAUX (MAURICE) N°137 A FIN";"48,9370600";"2,1733640"
"201900045772";"16";"6";"2019";"18:40";"1";"78";"78220";"1";"1";"1";"7";"RD 202";"48,7070300";"1,9193600"
"201900045773";"1";"6";"2019";"23:45";"5";"78";"78486";"2";"1";"1";"7";"VERGERS (RUE DES)";"48,6967000";"1,8545700"
"201900045774";"26";"5";"2019";"16:30";"1";"78";"78490";"2";"3";"1";"3";"LAURENT (AVENUE MARC)";"48,8217570";"1,9445970"
"201900045775";"15";"6";"2019";"23:25";"5";"78";"78440";"1";"1";"1";"5";"VERNEUIL (ROUTE DE)";"48,9965620";"1,9283240"
"201900045776";"7";"6";"2019";"14:03";"1";"78";"78362";"2";"2";"1";"6";"AVENUE DU BREUIL";"48,9695200";"1,7171500"
"201900045777";"16";"6";"2019";"14:12";"1";"78";"78172";"2";"1";"1";"6";"MARTYRS DE LA RESISTANCE (QUAI DES)";"48,9916600";"2,0957200"
"201900045778";"13";"6";"2019";"17:05";"1";"78";"78498";"2";"1";"1";"6";"CASTILLE AV BLANCHE DE";"48,9225200";"2,0278490"
"201900045779";"5";"6";"2019";"14:31";"1";"78";"78015";"2";"1";"3";"6";"CHANTELOUP (RUE DE)";"48,9674200";"2,0456800"
"201900045780";"1";"6";"2019";"14:00";"1";"78";"78498";"2";"1";"1";"6";"SAINT BARTHELEMY RUE";"48,9184000";"2,0377000"
"201900045781";"31";"5";"2019";"11:45";"1";"78";"78382";"2";"3";"1";"6";"LECLERC (RUE DU MARECHAL)";"48,9955300";"2,0629900"
"201900045782";"8";"6";"2019";"03:45";"3";"77";"77350";"1";"1";"2";"7";"RN4";"48,7680000";"2,6446000"
"201900045783";"31";"5";"2019";"20:15";"1";"77";"77350";"2";"6";"1";"3";"MAURICE CHEVALIER (AVENUE)";"48,7684600";"2,6890600"
"201900045784";"2";"6";"2019";"22:12";"5";"77";"77468";"2";"3";"1";"3";"D128 X D199";"48,8455700";"2,6472400"
"201900045785";"15";"6";"2019";"21:30";"2";"77";"77333";"1";"1";"1";"6";"D607 - PIERRE-LE-SAULT (ROUTE DE)";"48,2408000";"2,7084500"
"201900045786";"17";"6";"2019";"18:45";"1";"77";"77494";"1";"2";"1";"5";"D210 X D39A";"48,4186400";"2,8790500"
"201900045787";"15";"6";"2019";"09:25";"1";"77";"77482";"2";"1";"1";"1";"D605-SENS (ROUTE DE)";"48,3721800";"2,9576900"
"201900045788";"13";"6";"2019";"13:35";"1";"77";"77445";"2";"3";"1";"3";"MURILLO (RUE BARTOLOME)";"48,5809100";"2,5774040"
"201900045789";"6";"6";"2019";"00:20";"5";"77";"77122";"2";"1";"2";"6";"SOMMEVILLE(RUE)";"48,6663500";"2,5594830"
"201900045790";"2";"6";"2019";"15:35";"1";"77";"77450";"1";"1";"1";"3";"D 51";"48,7249900";"2,5951100"
"201900045791";"13";"6";"2019";"18:12";"1";"77";"77276";"1";"1";"1";"3";"RD 228";"48,9129700";"2,9033200"
"201900045792";"13";"6";"2019";"08:44";"1";"77";"77284";"2";"2";"1";"6";"D603 X COURS RAOULT";"48,9576900";"2,8818300"
"201900045793";"13";"6";"2019";"15:35";"1";"77";"77058";"2";"1";"1";"6";"D35-LAGNY (BOULEVARD DE)";"48,8335000";"2,7059000"
"201900045794";"7";"6";"2019";"08:20";"1";"77";"77243";"2";"3";"2";"6";"D231 X RUE DOCTEUR DEMARS";"48,8737780";"2,7249270"
"201900045795";"7";"6";"2019";"06:50";"1";"77";"77085";"2";"2";"2";"3";"D5 X VC TEMPS MODERNES";"48,8602300";"2,7534500"
"201900045796";"2";"6";"2019";"02:50";"3";"77";"77479";"1";"1";"1";"1";"D934-THIEBAULT (AVENUE VICTOR)";"48,8830300";"2,6443400"
"201900045797";"18";"6";"2019";"00:40";"5";"76";"76540";"2";"2";"1";"3";"LECANUET. RUE JEAN";"49,4447300";"1,0921800"
"201900045798";"14";"6";"2019";"18:10";"1";"76";"76540";"2";"1";"1";"6";"CAEN. AVENUE DE";"49,4301600";"1,0769600"
"201900045799";"11";"6";"2019";"09:00";"1";"76";"76498";"1";"1";"1";"6";"SUD III (RN 338)";"49,4196900";"1,0500100"
"201900045800";"9";"6";"2019";"17:30";"1";"76";"76157";"1";"4";"1";"5";"VALETTE. RUE DE LA (CD 51)";"49,4630800";"1,0411600"
"201900045801";"7";"6";"2019";"22:50";"5";"76";"76540";"1";"1";"1";"7";"ROCADE Nord-Est";"49,4517800";"1,1456400"
"201900045802";"7";"6";"2019";"14:00";"1";"76";"76540";"2";"2";"1";"6";"LECANUET. RUE JEAN";"49,4446700";"1,0921300"
"201900045803";"5";"6";"2019";"21:05";"1";"76";"76540";"2";"2";"1";"2";"GALLIENI. RUE DU MARECHAL";"49,4178600";"1,0768100"
"201900045804";"4";"6";"2019";"17:50";"1";"76";"76108";"2";"2";"1";"3";"EGLISE. RUE DE L'";"49,4668600";"1,1079800"
"201900045805";"1";"6";"2019";"15:00";"1";"76";"76540";"2";"2";"1";"3";"SAINT SEVER. RUE";"49,4347900";"1,0936000"
"201900045806";"30";"5";"2019";"19:25";"1";"76";"76540";"2";"2";"1";"3";"CORNEILLE. QUAI (HAUT) PIERRE";"49,4380400";"1,0918700"
"201900045807";"15";"6";"2019";"04:01";"2";"76";"76351";"2";"1";"1";"6";"SAONE (QUAI DE LA)";"49,4828000";"0,1370800"
"201900045808";"14";"6";"2019";"10:50";"1";"76";"76351";"2";"2";"1";"6";"DEMIDOFF (RUE)";"49,4975200";"0,1341000"
"201900045809";"15";"6";"2019";"00:45";"3";"76";"76481";"2";"6";"1";"7";"RD 6382";"49,5317800";"0,1032500"
"201900045810";"6";"6";"2019";"08:47";"1";"76";"76351";"1";"1";"1";"6";"LOUIS LUMIERE";"49,5284300";"0,1336700"
"201900045811";"1";"6";"2019";"13:25";"1";"76";"76341";"2";"6";"1";"2";"BREQUE";"49,5045000";"0,1962000"
"201900045812";"30";"5";"2019";"00:00";"5";"76";"76351";"2";"1";"1";"6";"PAUL BERT (AVENUE).";"49,5066986";"0,1696873"
"201900045813";"31";"5";"2019";"18:10";"1";"76";"76351";"2";"2";"1";"3";"REPUBLIQUE (COURS DE LA)";"49,4960100";"0,1266600"
"201900045814";"29";"5";"2019";"13:50";"1";"76";"76351";"2";"1";"1";"1";"EUGENE MOPIN (RUE)";"49,5190300";"0,1581600"
"201900045815";"30";"5";"2019";"21:35";"2";"76";"76351";"2";"2";"1";"2";"GUSTAVE BRINDEAU (RUE)";"49,4925700";"0,1395000"
"201900045816";"28";"5";"2019";"16:40";"1";"76";"76351";"2";"1";"1";"3";"BOIS AU COQ (AVENUE)";"49,5102800";"0,1315600"
"201900045817";"4";"6";"2019";"18:39";"1";"76";"76565";"1";"3";"8";"2";"RD 915";"49,8827300";"1,0902600"
"201900045818";"16";"6";"2019";"06:30";"1";"74";"74218";"1";"1";"1";"6";"PAYS DE GAVOT (ROUTE DU)  RD11";"46,3852378";"6,5499544"
"201900045819";"7";"6";"2019";"17:32";"1";"74";"74013";"2";"1";"1";"3";"PRE-ROBERT NORD";"46,3497900";"6,4318400"
"201900045820";"13";"6";"2019";"20:10";"2";"74";"74012";"2";"6";"1";"6";"VALLEES (ROUTE DES)";"46,1940802";"6,2408275"
"201900045821";"13";"6";"2019";"00:00";"5";"74";"74008";"2";"9";"1";"6";"TILLEULS (PLACE DES)";"46,1965400";"6,2265800"
"201900045822";"8";"6";"2019";"18:10";"1";"74";"74012";"2";"1";"1";"2";"BONNEVILLE (ROUTE DE)";"46,1893000";"6,2352800"
"201900045823";"5";"6";"2019";"23:52";"5";"74";"74012";"2";"1";"8";"3";"VERDUN (AVENUE DE)";"46,1862700";"6,2428400"
"201900045824";"5";"6";"2019";"09:00";"1";"74";"74298";"2";"1";"1";"4";"BONNEVILLE (ROUTE DE )";"46,1733903";"6,2499492"
"201900045825";"4";"6";"2019";"10:00";"1";"74";"74012";"2";"9";"1";"6";"AMOUREUX (RUE DES)";"46,1903900";"6,2334500"
"201900045826";"3";"6";"2019";"17:05";"1";"74";"74012";"2";"6";"1";"2";"MERMOZ RUE JEAN)";"46,1945000";"6,2515000"
"201900045827";"17";"6";"2019";"18:00";"1";"74";"74010";"2";"1";"1";"6";"LOVERCHY (CIMETIERE/AVENUE)";"45,8942300";"6,1185200"
"201900045828";"12";"6";"2019";"17:47";"1";"74";"74010";"2";"1";"1";"6";"CHEVESNES (RUE + QUARTIER)";"45,9010100";"6,1175200"
"201900045829";"24";"5";"2019";"17:45";"1";"74";"74010";"2";"1";"1";"3";"GENEVE (AVENUE DE)(SECTEUR 410)";"45,9220852";"6,1238215"
"201900045830";"13";"6";"2019";"21:20";"1";"73";"73087";"2";"2";"1";"1";"PAIX (RUE DE LA)";"45,5586189";"5,8974630"
"201900045831";"14";"6";"2019";"22:05";"5";"73";"73124";"2";"1";"1";"3";"ARLANDAZ (ROUTE DE L')";"45,6677065";"6,3604462"
"201900045832";"17";"6";"2019";"09:14";"1";"72";"72095";"2";"1";"1";"3";"SAINT NICOLAS (BD)";"48,0278300";"0,2023500"
"201900045833";"16";"6";"2019";"16:00";"1";"72";"72095";"1";"1";"1";"1";"BALLON (RTE DE)";"48,0417800";"0,2140200"
"201900045834";"11";"6";"2019";"20:45";"1";"72";"72181";"2";"1";"1";"6";"BONNETABLE (RTE) N° IMP";"47,9954600";"0,2072700"
"201900045835";"9";"6";"2019";"20:45";"1";"72";"72181";"2";"1";"1";"6";"NATIONALE (RUE)";"47,9965000";"0,2018300"
"201900045836";"7";"6";"2019";"13:20";"1";"72";"72181";"2";"3";"2";"3";"BOLLEE (AV) N° IMP 65 A 199";"47,9987300";"0,2099400"
"201900045837";"6";"6";"2019";"21:05";"1";"72";"72003";"2";"1";"1";"6";"CROIX GEORGETTE (RTE DE LA)";"47,9834500";"0,1510900"
"201900045838";"5";"6";"2019";"14:20";"1";"72";"72181";"2";"1";"1";"3";"ANATOLE FRANCE (BD )";"48,0101116";"0,1876654"
"201900045839";"5";"6";"2019";"13:45";"1";"72";"72181";"2";"3";"2";"1";"FOUCAUDIERE (PONT DE LA)";"47,9796000";"0,2008800"
"201900045840";"31";"5";"2019";"12:30";"1";"72";"72181";"2";"1";"1";"2";"ESTIENNE D'ORVES (BD D')";"47,9960700";"0,2066900"
"201900045841";"30";"5";"2019";"21:40";"2";"72";"72181";"2";"1";"1";"3";"RAPHAEL (ALLEE)";"47,9721900";"0,2112500"
"201900045842";"9";"6";"2019";"19:20";"1";"71";"71486";"2";"1";"2";"6";"HENRI BARBUSSE (RUE)";"46,6455700";"4,3822400"
"201900045843";"5";"6";"2019";"12:35";"1";"71";"71306";"2";"1";"1";"7";"LAMARTINE (RUE)";"46,6712830";"4,3603810"
"201900045844";"2";"6";"2019";"19:15";"1";"71";"71486";"2";"1";"1";"3";"HENRI BARBUSSE (RUE)";"46,6479100";"4,3977800"
"201900045845";"16";"6";"2019";"22:35";"5";"71";"71270";"2";"1";"1";"6";"BIGONNET (RUE)";"46,3008800";"4,8255600"
"201900045846";"13";"6";"2019";"18:45";"1";"71";"71270";"2";"1";"1";"6";"CHARLES DE GAULLE (AV)";"46,3148100";"4,8361900"
"201900045847";"13";"6";"2019";"21:55";"1";"71";"71270";"2";"1";"1";"3";"LACRETELLE (RUE)";"46,3041900";"4,8297100"
"201900045848";"1";"6";"2019";"21:00";"1";"71";"71270";"2";"2";"1";"1";"SANCE (RUE DE)";"46,3203400";"4,8320100"
"201900045849";"23";"2";"2019";"22:30";"5";"75";"75112";"2";"1";"1";"3";"QUAI DE BERCY";"48,8348580";"2,3805330"
"201900045850";"24";"2";"2019";"14:00";"1";"75";"75110";"2";"2";"1";"3";"RUE LEON JOUHAUX";"48,8691410";"2,3643880"
"201900045851";"24";"2";"2019";"03:26";"5";"75";"75108";"2";"1";"1";"6";"RUE DU COLISEE";"48,8719080";"2,3115020"
"201900045852";"24";"2";"2019";"17:05";"1";"94";"94078";"2";"1";"1";"6";"HENRI JANIN (R)";"48,7292400";"2,4476700"
"201900045853";"24";"2";"2019";"01:20";"3";"94";"94004";"2";"1";"1";"7";"GENERAL LECLERC (AV)";"48,7424600";"2,5137000"
"201900045854";"24";"2";"2019";"20:05";"5";"93";"93070";"2";"2";"1";"6";"LANDY-PROLONGEE(RUE)";"48,9174590";"2,3319160"
"201900045855";"24";"2";"2019";"07:00";"5";"93";"93006";"2";"1";"1";"4";"REPUBLIQUE AVENUE DE LA";"48,8626000";"2,4157000"
"201900045856";"24";"2";"2019";"21:30";"5";"93";"93029";"2";"9";"1";"6";"HENRI BARBUSSE (AVE) N°2-124";"48,9201420";"2,4519470"
"201900045857";"24";"2";"2019";"20:25";"5";"93";"93029";"2";"1";"1";"3";"HENRI BARBUSSE (AVE) N°2-124";"48,9170140";"2,4454600"
"201900045858";"24";"2";"2019";"17:05";"1";"93";"93005";"2";"3";"1";"2";"PREFET CHALEIL (CD44) (RUE DU)";"48,9396230";"2,5080230"
"201900045859";"24";"2";"2019";"19:25";"5";"92";"92050";"2";"6";"1";"3";"BOULE PLACE DE LA";"48,8869400";"2,2007800"
"201900045860";"24";"2";"2019";"12:05";"1";"92";"92026";"2";"5";"1";"3";"PRÉSIDENT PAUL DOUMER (QUAI DU)";"48,8900052";"2,2563216"
"201900045861";"24";"2";"2019";"01:15";"5";"92";"92019";"2";"1";"1";"2";"CLEMENT JEAN BAPTISTE (RUE)";"48,7636200";"2,2717200"
"201900045862";"24";"2";"2019";"18:15";"1";"92";"92012";"2";"6";"1";"6";"CHATEAU (RUE DU) 1/125 - 2/136";"48,8435400";"2,2466200"
"201900045863";"24";"2";"2019";"13:40";"1";"40";"40304";"2";"3";"7";"6";"allée émile benoist";"43,6587200";" -1,4310450"
"201900045864";"25";"2";"2019";"05:45";"3";"68";"68162";"1";"6";"1";"3";"D4.1";"48,1328200";"7,3186290"
"201900045865";"22";"2";"2019";"15:55";"1";"11";"11210";"2";"1";"1";"6";"RD61 - Avenue Jean Moulin";"43,1776350";"2,7841970"
"201900045866";"23";"2";"2019";"01:00";"5";"60";"60395";"2";"9";"1";"7";"parking lycée condorcet";"49,2352790";"2,1350780"
"201900045867";"23";"2";"2019";"17:40";"2";"28";"28024";"1";"3";"7";"3";"rue des pierres missigault";"48,4145040";"1,4665600"
"201900045868";"25";"2";"2019";"07:30";"1";"62";"62491";"1";"2";"1";"3";"rue du bois CD 171";"50,5952072";"2,7804229"
"201900045869";"25";"2";"2019";"09:10";"1";"62";"62817";"1";"1";"1";"1";"CD60";"50,2772580";"2,8118870"
"201900045870";"24";"2";"2019";"12:45";"1";"62";"62214";"1";"1";"1";"4";"RD 901";"50,6559052";"1,7111892"
"201900045871";"25";"2";"2019";"13:45";"1";"19";"19052";"1";"1";"1";"6";"Chavanac";"45,6293600";"2,1027930"
"201900045872";"25";"2";"2019";"01:10";"3";"56";"56010";"1";"1";"1";"6";"Kermarin";"47,8674520";" -3,0521640"
"201900045873";"24";"2";"2019";"16:45";"1";"56";"56116";"2";"1";"1";"6";"Route de Kerere";"47,5674230";" -2,9503250"
"201900045874";"19";"2";"2019";"09:27";"1";"56";"56206";"1";"1";"5";"2";"Rue de Bilaire";"47,6719100";" -2,7455000"
"201900045875";"24";"2";"2019";"15:00";"1";"67";"67310";"1";"3";"1";"3";"Route de Selestat - D205";"48,2100100";"7,5271990"
"201900045876";"24";"2";"2019";"15:15";"1";"65";"65327";"1";"1";"1";"7";"pk 10 sur D75";"43,0533417";"0,4798164"
"201900045877";"25";"2";"2019";"00:06";"3";"81";"81171";"1";"1";"1";"6";"Saint-Martin";"43,8508383";"1,8319004"
"201900045878";"25";"2";"2019";"05:40";"3";"32";"32297";"1";"1";"1";"6";"D39";"43,5172160";"0,9615500"
"201900045879";"25";"2";"2019";"16:00";"1";"11";"11330";"2";"1";"1";"6";"19 Avenue de l'Europe";"43,2158830";"2,4725330"
"201900045880";"24";"2";"2019";"17:15";"1";"11";"11088";"2";"1";"1";"7";"RD 42";"43,1894180";"2,3632070"
"201900045881";"25";"2";"2019";"17:00";"1";"89";"89370";"2";"3";"1";"3";"RD81 - route de sens";"48,1788900";"3,1002890"
"201900045882";"25";"2";"2019";"17:30";"1";"61";"61293";"2";"1";"7";"1";"Rue de Longny";"48,5211740";"0,5559700"
"201900045883";"24";"2";"2019";"11:00";"1";"61";"61339";"1";"1";"7";"1";"D909";"48,7735250";" -0,2495830"
"201900045884";"24";"2";"2019";"16:30";"1";"25";"25415";"1";"1";"1";"7";"RD 67 - PK62+500";"47,0251020";"6,2890300"
"201900045885";"25";"2";"2019";"16:47";"1";"31";"31385";"1";"1";"7";"7";"gorges de la save";"43,2234310";"0,6367710"
"201900045886";"13";"2";"2019";"16:00";"1";"1";"01320";"1";"1";"1";"3";"D 1079";"46,3027000";"4,8619790"
"201900045887";"25";"2";"2019";"11:25";"1";"5";"05054";"1";"4";"1";"2";"RN 85";"44,6663830";"6,0808710"
"201900045888";"25";"2";"2019";"07:20";"2";"50";"50135";"1";"1";"1";"1";"D 26";"49,6461260";" -1,3785060"
"201900045889";"25";"2";"2019";"09:15";"1";"45";"45093";"2";"1";"1";"1";"143 RUE DE PARIS";"48,0343865";"1,8742580"
"201900045890";"24";"2";"2019";"19:00";"2";"85";"85280";"1";"1";"1";"1";"Route du Pont Orgueil";"46,8655700";" -2,0155100"
"201900045891";"23";"2";"2019";"18:30";"2";"27";"27192";"1";"2";"1";"3";"D39";"49,1328860";"0,9389230"
"201900045892";"23";"2";"2019";"15:45";"1";"28";"28178";"2";"2";"1";"3";"carrefour D147.8 et D303";"48,7436010";"1,4763400"
"201900045893";"24";"2";"2019";"18:50";"2";"37";"37281";"1";"1";"1";"6";"lieu-dit ""les herbes blanches""";"47,4460320";"0,7902270"
"201900045894";"22";"2";"2019";"15:15";"1";"88";"88075";"2";"4";"1";"6";"03 rue de la clairie";"48,0030080";"6,8745080"
"201900045895";"17";"2";"2019";"18:00";"1";"24";"24335";"1";"1";"1";"7";"Lieu dit ""Le coteaux""";"44,8506880";"0,2030930"
"201900045896";"23";"2";"2019";"15:50";"1";"33";"33029";"1";"1";"1";"2";"A63";"44,6880800";" -0,7767500"
"201900045897";"24";"2";"2019";"20:30";"3";"33";"33229";"1";"1";"1";"2";"route de blagon D3E10";"44,7229200";" -1,0202400"
"201900045898";"25";"2";"2019";"07:40";"1";"973";"97312";"1";"1";"1";"7";"rn1 - route du centre spatial";"5,3163890";" -52,8725000"
"201900045899";"25";"2";"2019";"16:00";"1";"29";"29005";"2";"1";"1";"7";"rue Jean-Marie CARER - RD 783";"47,8571450";" -3,6056690"
"201900045900";"15";"2";"2019";"08:20";"1";"95";"95199";"2";"6";"1";"6";"rue carnot";"49,0295823";"2,3300541"
"201900045901";"24";"2";"2019";"12:15";"1";"95";"95039";"1";"1";"1";"3";"Chemin de Cordeville";"49,0845810";"2,1740280"
"201900045902";"23";"2";"2019";"03:00";"3";"66";"66103";"1";"1";"1";"7";"RN116";"42,6435740";"2,4899820"
"201900045903";"25";"2";"2019";"17:40";"1";"34";"34135";"1";"1";"1";"6";"d14";"43,2738600";"3,1718200"
"201900045904";"23";"2";"2019";"14:30";"1";"84";"84092";"2";"3";"1";"3";"AVENUE DE SAINT TRONQUET";"43,9795914";"4,8748970"
"201900045905";"24";"2";"2019";"22:20";"3";"83";"83035";"1";"1";"1";"3";"Avenue des cigales";"43,1902900";"5,7834650"
"201900045906";"26";"1";"2019";"12:10";"1";"83";"83065";"2";"9";"1";"3";"RD98A";"43,2624500";"6,6004900"
"201900045907";"24";"2";"2019";"20:35";"3";"52";"52449";"1";"1";"1";"1";"Départementale 122";"47,8384282";"5,3342539"
"201900045908";"13";"2";"2019";"11:00";"1";"67";"67130";"2";"1";"1";"6";"20 rue du Général de Lattre de Tassigny";"48,4170640";"7,6564220"
"201900045909";"24";"2";"2019";"17:10";"1";"69";"69238";"2";"1";"1";"1";"Avenue Emmanuel Clément";"45,6355480";"4,4599200"
"201900045910";"24";"2";"2019";"16:30";"1";"31";"31381";"1";"1";"1";"7";"d16";"43,4670780";"1,5889530"
"201900045911";"23";"2";"2019";"19:50";"3";"44";"44037";"1";"2";"1";"3";"carrefour D 62 avec D 105";"47,1163432";" -1,4737558"
"201900045912";"25";"2";"2019";"10:15";"1";"22";"22086";"1";"2";"1";"3";"lieu-dit le savazou";"48,7468359";" -3,0383374"
"201900045913";"25";"2";"2019";"13:30";"1";"35";"35108";"1";"2";"1";"3";"la lande du saule";"47,9287400";" -1,3980990"
"201900045914";"24";"2";"2019";"13:45";"1";"59";"59366";"2";"1";"1";"6";"163 rue de cassel";"50,7304760";"2,4699700"
"201900045915";"24";"2";"2019";"06:30";"3";"13";"13211";"1";"1";"1";"4";"Sens Aubagne vers Marseille";"43,2882570";"5,5001320"
"201900045916";"24";"2";"2019";"15:30";"1";"33";"33281";"1";"1";"1";"2";"ROCADE A 630";"44,8433800";" -0,6727100"
"201900045917";"24";"2";"2019";"15:20";"1";"77";"77294";"1";"1";"1";"4";"A104";"48,9727956";"2,5912480"
"201900045918";"24";"2";"2019";"11:20";"1";"94";"94033";"1";"1";"1";"4";"A86.EXT";"48,8472500";"2,4914000"
"201900045919";"23";"2";"2019";"20:13";"3";"77";"77121";"1";"1";"1";"2";"A4";"48,8318500";"2,6747600"
"201900045920";"22";"2";"2019";"19:45";"5";"94";"94046";"1";"1";"1";"3";"A86 EXT";"48,8057400";"2,4488600"
"201900045921";"16";"2";"2019";"09:20";"1";"73";"73222";"2";"6";"7";"6";" D912  Rte FECLAZ";"45,5749562";"5,9641548"
"201900045922";"12";"2";"2019";"09:00";"1";"73";"73029";"1";"1";"1";"3";"VRU N201";"45,5618803";"5,9485455"
"201900045923";"21";"2";"2019";"18:30";"2";"71";"71445";"2";"1";"1";"3";"LOUISE MICHEL (RUE)";"46,7745300";"4,8901500"
"201900045924";"21";"2";"2019";"14:30";"1";"33";"33009";"2";"1";"1";"5";"PLAGE (BD DE LA) DU 161 ET +";"44,6626700";" -1,1745000"
"201900045925";"21";"2";"2019";"11:00";"1";"33";"33009";"2";"1";"1";"6";"PLAGE (BD DE LA) DU 196 ET +";"44,6624400";" -1,1696700"
"201900045926";"18";"2";"2019";"16:50";"1";"93";"93048";"2";"1";"1";"3";"BOISSIERE (BOULEVARD DE LA)";"48,8769000";"2,4649000"
"201900045927";"12";"2";"2019";"10:00";"1";"93";"93006";"2";"1";"8";"3";"GAMBETTA AV.";"48,8709400";"2,4173800"
"201900045928";"13";"1";"2019";"19:50";"5";"93";"93032";"2";"3";"2";"3";"JULES GUESDES  (RUE, DU 2 AU 96 ET DE 1";"48,8761400";"2,5498100"
"201900045929";"7";"1";"2019";"09:20";"1";"93";"93032";"2";"1";"1";"6";"JEAN JAURES (AVENUE)";"48,8828200";"2,5262400"
"201900045930";"6";"2";"2019";"07:37";"5";"92";"92049";"2";"1";"8";"6";"BRIAND AVENUE ARISTIDE AUTRES N°";"48,8173300";"2,3254500"
"201900045931";"5";"2";"2019";"07:10";"2";"92";"92020";"2";"1";"1";"6";"PARIS AVENUE DE N° IMPAIRS";"48,8044056";"2,2892010"
"201900045932";"4";"2";"2019";"19:57";"5";"92";"92049";"2";"1";"1";"6";"GINOUX AVENUE HENRI AUTRES N°";"48,8142900";"2,3203400"
"201900045933";"26";"1";"2019";"08:25";"1";"92";"92020";"2";"1";"2";"6";"VERDUN AVENUE DE N°2 A 28";"48,8034200";"2,2874700"
"201900045934";"24";"1";"2019";"19:08";"5";"92";"92049";"2";"1";"9";"3";"BROSSOLETTE AVENUE PIERRE";"48,8177500";"2,3078400"
"201900045935";"24";"1";"2019";"11:15";"1";"92";"92049";"2";"1";"8";"7";"MARNE AVENUE DE LA";"48,8158000";"2,3070000"
"201900045936";"20";"1";"2019";"20:05";"5";"92";"92049";"2";"6";"1";"2";"JAURES PLACE JEAN";"48,8161300";"2,3115500"
"201900045937";"19";"1";"2019";"23:05";"5";"92";"92020";"2";"2";"3";"6";"TIMBAUD RUE JEAN-PIERRE N° PAIRS";"48,8019400";"2,2872100"
"201900045938";"18";"1";"2019";"07:30";"5";"92";"92049";"2";"1";"1";"6";"ORY RUE FRANCOIS";"48,8179500";"2,3289800"
"201900045939";"14";"1";"2019";"16:25";"1";"92";"92049";"2";"1";"1";"2";"BASCH RUE VICTOR";"48,8121620";"2,3204040"
"201900045940";"11";"1";"2019";"18:40";"5";"92";"92049";"2";"1";"1";"6";"PERI RUE GABRIEL N°37 A 99";"48,8194809";"2,3140038"
"201900045941";"11";"1";"2019";"17:40";"5";"92";"92020";"2";"4";"2";"2";"BROSSOLETTE RUE PIERRE AUTRES N°";"48,8018538";"2,2730916"
"201900045942";"7";"1";"2019";"19:50";"5";"92";"92049";"2";"1";"1";"3";"GAMBETTA AVENUE LEON N° PAIRS";"48,8137780";"2,3235580"
"201900045943";"31";"1";"2019";"14:35";"1";"92";"92036";"2";"3";"1";"6";"GENERAL DE GAULLE (AVENUE) (PAIRS)";"48,9337636";"2,3133913"
"201900045944";"26";"1";"2019";"10:50";"1";"92";"92036";"2";"2";"2";"3";"PIERRE DE COUBERTIN (BOULEVARD) (G.SAND";"48,9261200";"2,2847900"
"201900045945";"7";"1";"2019";"18:15";"5";"92";"92036";"2";"1";"2";"6";"BASSIN N°5 (ROUTE DU)";"48,9449200";"2,2890600"
"201900045946";"8";"1";"2019";"03:30";"5";"92";"92036";"2";"1";"1";"7";"PIERRE DE COUBERTIN (BOULEVARD) (G.SAND";"48,9243163";"2,2856328"
"201900045947";"4";"2";"2019";"19:25";"5";"92";"92035";"2";"3";"8";"1";"Général de Gaulle  ( avenue du )";"48,9096200";"2,2550400"
"201900045948";"19";"2";"2019";"21:50";"3";"93";"93005";"1";"1";"1";"6";"AUTOROUTE A1";"48,9594600";"2,4659800"