"Num_Acc";"jour";"mois";"an";"hrmn";"lum";"dep";"com";"agg";"int";"atm";"col";"adr";"lat";"long"
"201900045949";"22";"2";"2019";"18:32";"3";"988";"98818";"2";"1";"1";"1";"RUE ROGER GERVOLINO";" -22,2579000";"166,4720900"
"201900045950";"18";"2";"2019";"15:55";"1";"988";"98818";"2";"2";"1";"3";"FOHC/V. H. LAFLEUR";" -22,2743400";"166,4428200"
"201900045951";"23";"2";"2019";"06:25";"1";"976";"97611";"2";"1";"1";"6";"tsoundzou-Mariage (place -tsoundzou 2)";" -12,8221000";"45,1937700"
"201900045952";"22";"2";"2019";"14:10";"1";"976";"97611";"1";"1";"1";"1";"vahibe-Departementale 3 ( route )";" -12,7925400";"45,1866500"
"201900045953";"23";"2";"2019";"15:40";"5";"974";"97416";"2";"1";"1";"1";"Avenue Laurent Vergès";" -21,2986826";"55,4560947"
"201900045954";"23";"2";"2019";"01:20";"5";"974";"97411";"2";"1";"1";"3";"RAMBAUD (LEOPOLD)";" -20,8850600";"55,4671600"
"201900045955";"22";"2";"2019";"08:10";"1";"974";"97411";"2";"1";"1";"6";"PITON (ROUTE DU BOIS DE NEFLES)";" -20,9202500";"55,4741800"
"201900045956";"22";"2";"2019";"20:00";"5";"973";"97302";"2";"1";"1";"2";"MADELEINE (ROUTE DE LA)";"4,9329356";" -52,3263788"
"201900045957";"22";"2";"2019";"15:50";"1";"973";"97302";"2";"1";"2";"6";"EBOUE (ROCADE FELIX)";"4,9406103";" -52,3047924"
"201900045958";"22";"2";"2019";"09:30";"1";"973";"97302";"2";"9";"1";"3";"DIGUE RONJON";"4,9341595";" -52,3287767"
"201900045959";"23";"2";"2019";"17:55";"2";"69";"69383";"2";"3";"1";"5";"VICTOR AUGAGNEUR                    (QU)";"45,7572700";"4,8407600"
"201900045960";"23";"2";"2019";"15:30";"1";"69";"69383";"2";"1";"1";"1";"GAMBETTA                            (CO)";"45,7539500";"4,8467400"
"201900045961";"23";"2";"2019";"13:15";"1";"69";"69259";"2";"9";"1";"2";"GERMAINE TILLION                        ";"45,7057200";"4,8761000"
"201900045962";"23";"2";"2019";"10:30";"1";"69";"69387";"2";"1";"1";"6";"DEBOURG                             (AV)";"45,7314400";"4,8297400"
"201900045963";"22";"2";"2019";"21:00";"5";"69";"69387";"2";"3";"1";"3";"ARTILLERIE (DE L')                  (BD)";"45,7338800";"4,8427000"
"201900045964";"22";"2";"2019";"05:23";"5";"69";"69383";"2";"2";"1";"3";"SERVIENT                            (R )";"45,7606500";"4,8520600"
"201900045965";"22";"2";"2019";"05:45";"5";"69";"69259";"2";"2";"1";"3";"LENINE                              (BD)";"45,6927700";"4,8639400"
"201900045966";"22";"2";"2019";"04:55";"5";"69";"69259";"2";"3";"1";"3";"FRANCIS DE PRESSENSE                (AV)";"45,7240700";"4,8646300"
"201900045967";"22";"2";"2019";"14:10";"1";"972";"97209";"1";"1";"1";"6";"RAVINE VILAINE (CHEMIN DEPARTEMENTAL DE)";"14,6289800";" -61,0595600"
"201900045968";"22";"2";"2019";"07:15";"1";"972";"97209";"2";"1";"1";"3";"ARAWAKS (AVENUE DES)";"14,6163700";" -61,0460800"
"201900045969";"22";"2";"2019";"06:45";"1";"972";"97209";"2";"6";"1";"7";"JULES ALARIC (RUE)";"14,6033500";" -61,0611000"
"201900045970";"22";"2";"2019";"16:55";"1";"69";"69385";"2";"9";"7";"6";"JOLIOT CURIE                        (R )";"45,7560500";"4,7918000"
"201900045971";"22";"2";"2019";"16:05";"1";"69";"69149";"2";"3";"1";"6";"CAMILLE (DE LA)                     (R )";"45,7126000";"4,8020500"
"201900045972";"19";"2";"2019";"18:45";"2";"69";"69034";"2";"1";"1";"6";"MARGNOLLES (DE)                     (R )";"45,7826000";"4,8339300"
"201900045973";"21";"2";"2019";"08:30";"1";"69";"69202";"2";"1";"1";"3";"CHATELAIN                           (R )";"45,7363000";"4,7946900"
"201900045974";"19";"2";"2019";"06:55";"1";"971";"97105";"2";"3";"1";"3";"PAUL LACAVE (AVENUE )";"15,9928600";" -61,7200600"
"201900045975";"22";"2";"2019";"17:00";"1";"95";"95427";"2";"3";"1";"6";"JULES FERRY (RUE)";"48,9628500";"2,3388900"
"201900045976";"22";"2";"2019";"20:50";"5";"91";"91589";"2";"6";"1";"3";"PERI (AVENUE GABRIEL)";"48,6879650";"2,3576670"
"201900045977";"22";"2";"2019";"17:20";"1";"91";"91691";"2";"1";"1";"6";"FRANCOIS MILLET(RUE)";"48,7091700";"2,4786300"
"201900045978";"21";"2";"2019";"07:30";"2";"91";"91521";"2";"1";"1";"6";"HERONS CENDRES (ALLEE DES)";"48,6490600";"2,4169100"
"201900045979";"22";"2";"2019";"21:18";"5";"91";"91223";"2";"4";"1";"3";"R.N.20";"48,4333000";"2,1672400"
"201900045980";"22";"2";"2019";"19:20";"2";"91";"91223";"2";"2";"1";"6";"MAI 1945 (AVENUE DU 8)";"48,4402000";"2,1554000"
"201900045981";"22";"2";"2019";"09:09";"1";"91";"91223";"2";"1";"1";"2";"MAI 1945 (AVENUE DU 8)";"48,4394600";"2,1590400"
"201900045982";"22";"2";"2019";"20:55";"5";"91";"91097";"2";"9";"1";"3";"JEAN MOULIN (AVENUE)";"48,6832700";"2,5321900"
"201900045983";"21";"2";"2019";"19:12";"5";"87";"87085";"2";"1";"1";"6";"POMPIDOU (AVENUE GEORGES)";"45,8173900";"1,2668600"
"201900045984";"19";"2";"2019";"19:35";"5";"85";"85191";"2";"1";"1";"2";"AVENUE ALIENOR D' AQUITAINE ";"46,6885400";" -1,4299100"
"201900045985";"21";"2";"2019";"16:50";"1";"80";"80021";"2";"3";"1";"3";"213, R DE CAGNY";"49,8810600";"2,3206300"
"201900045986";"21";"2";"2019";"17:10";"1";"79";"79191";"2";"3";"1";"6";"Rue Pierre de Coubertin";"46,3340700";" -0,4548000"
"201900045987";"23";"2";"2019";"00:00";"5";"77";"77294";"2";"1";"1";"6";"LAVOISIER (AVENUE)";"48,9543600";"2,5898100"
"201900045988";"21";"2";"2019";"06:58";"5";"77";"77083";"2";"1";"1";"6";"ALBERT SCHWEITZER (RUE)";"48,8517300";"2,5776500"
"201900045989";"21";"2";"2019";"08:40";"1";"77";"77053";"2";"2";"1";"6";" D50 X AV VICTOR HUGO";"48,6894700";"2,6065100"
"201900045990";"22";"2";"2019";"09:25";"1";"77";"77243";"1";"9";"1";"3";"D934 X VOIE INSERTION";"48,8684500";"2,7104200"
"201900045991";"17";"2";"2019";"13:05";"1";"77";"77186";"1";"1";"1";"5";"D142 (ROUTE RONDE)";"48,4315300";"2,6615200"
"201900045992";"23";"2";"2019";"09:30";"1";"77";"77307";"1";"6";"1";"6";"D231 X RUE DE ROME";"48,8565100";"2,7548600"
"201900045993";"22";"2";"2019";"12:20";"1";"76";"76540";"2";"2";"1";"3";"EUROPE. BOULEVARD DE L'";"49,4272000";"1,0836200"
"201900045994";"23";"2";"2019";"21:10";"5";"72";"72181";"1";"1";"1";"2";"PATTON GENERAL RTE ST-AUBIN A AV RUBILLA";"48,0197600";"0,1698600"
"201900045995";"22";"2";"2019";"16:18";"1";"72";"72181";"2";"1";"1";"6";"BRIAND ARISTIDE (PL)";"48,0015000";"0,1977600"
"201900045996";"22";"2";"2019";"15:40";"1";"71";"71306";"2";"2";"1";"3";"BEAUBERNARD (RUE)";"46,6721000";"4,3701600"
"201900045997";"21";"2";"2019";"12:15";"1";"71";"71105";"2";"1";"1";"3";"Rue François Xavier Bichat";"46,3167600";"4,8106500"
"201900045998";"23";"2";"2019";"04:25";"5";"69";"69282";"2";"6";"1";"6";"REPUBLIQUE (DE)                     (R )";"45,7649400";"5,0115500"
"201900045999";"22";"2";"2019";"15:40";"1";"69";"69029";"2";"9";"1";"3";"FRANKLIN ROOSEVELT                  (AV)";"45,7350100";"4,9044700"
"201900046000";"20";"2";"2019";"10:45";"1";"68";"68297";"2";"1";"7";"6";"MULHOUSE ( RUE)CITE BOURGLIBRE JUSQUE RU";"47,5970080";"7,5527790"
"201900046001";"22";"2";"2019";"07:00";"2";"67";"67043";"1";"1";"1";"4";"EUROPE (CARREFOUR DE L )";"48,6158700";"7,7205300"
"201900046002";"21";"2";"2019";"18:10";"2";"67";"67043";"2";"1";"1";"6";"ROBERTSAU (RUE DE LA)";"48,6132900";"7,7637400"
"201900046003";"21";"2";"2019";"14:45";"1";"67";"67482";"2";"1";"1";"1";"ALPES (QUAI DES)";"48,5741900";"7,7715100"
"201900046004";"19";"2";"2019";"19:43";"5";"67";"67180";"2";"7";"1";"6";"RUE DU MARCHE AUX BESTIAUX";"48,8185200";"7,7865600"
"201900046005";"21";"2";"2019";"12:40";"1";"66";"66136";"2";"1";"1";"6";"WILSON (BOULEVARD THOMAS)";"42,7021437";"2,8968932"
"201900046006";"22";"2";"2019";"19:15";"5";"64";"64445";"1";"1";"1";"7";"EUROPE DE L'";"43,3289240";" -0,3421470"
"201900046007";"23";"2";"2019";"13:00";"1";"62";"62826";"2";"1";"1";"6";"ATLANTIQUE (AVENUE DE L')";"50,5167330";"1,5838712"
"201900046008";"22";"2";"2019";"09:35";"1";"62";"62193";"2";"7";"8";"3";"FOCH (PLACE)";"50,9562100";"1,8498200"
"201900046009";"23";"2";"2019";"14:00";"1";"62";"62848";"1";"1";"7";"6";"941 (CD)";"50,5084900";"2,6426400"
"201900046010";"21";"2";"2019";"12:15";"1";"62";"62041";"2";"3";"1";"3";"ABBE PIERRE ( DE L ' )";"50,2954899";"2,7711859"
"201900046011";"24";"1";"2019";"19:28";"5";"61";"61001";"2";"6";"2";"3";"GENERAL DE GAULLE (PLACE DU)";"48,4343240";"0,0939250"
"201900046012";"22";"2";"2019";"17:00";"1";"60";"60463";"2";"1";"1";"6";"HUIT MAI (AVENUE DU)";"49,2738300";"2,4667000"
"201900046013";"21";"2";"2019";"17:40";"1";"60";"60175";"2";"1";"1";"6";"BERGSON (RUE HENRI)";"49,2541900";"2,4872100"
"201900046014";"23";"2";"2019";"21:30";"5";"60";"60057";"2";"1";"1";"3";"WAGE (RUE DU)";"49,4269300";"2,0939100"
"201900046015";"22";"2";"2019";"20:05";"5";"59";"59350";"2";"1";"1";"1";"FAUBOURG DES POSTES RUE";"50,6158400";"3,0483700"
"201900046016";"22";"2";"2019";"17:55";"5";"59";"59350";"2";"1";"1";"3";"FAUBOURG DE ROUBAIX RUE";"50,6418100";"3,0845700"
"201900046017";"22";"2";"2019";"17:40";"1";"56";"56260";"2";"1";"1";"6";"MARNE(BLD DE LA) 111 A 119 ET 126 A FIN";"47,6602370";" -2,7912170"
"201900046018";"21";"2";"2019";"12:15";"1";"54";"54395";"2";"1";"1";"3";"OUDINOT (RUE DU MAL)";"48,6739400";"6,1787500"
"201900046019";"23";"2";"2019";"15:40";"1";"51";"51454";"2";"3";"1";"3";"AVENUE DE L'EUROPE";"49,2542000";"4,0617000"
"201900046020";"21";"2";"2019";"12:00";"1";"51";"51454";"2";"6";"1";"2";"PLACE DES COMBATTANTS D'AFN";"49,2135210";"4,0156989"
"201900046021";"15";"2";"2019";"19:01";"2";"49";"49015";"2";"1";"1";"7";"TERNIERE RUE DE LA";"47,5063300";" -0,5917600"
"201900046022";"21";"2";"2019";"11:55";"1";"49";"49007";"2";"1";"1";"6";"ROUAUD";"47,4491700";" -0,5295000"
"201900046023";"21";"2";"2019";"17:47";"1";"49";"49007";"2";"1";"1";"7";"MAIL";"47,4734300";" -0,5506900"
"201900046024";"23";"2";"2019";"18:47";"2";"45";"45285";"2";"2";"1";"1";"R CROIX BAUDU - R DES CHAISES";"47,9213700";"1,8831800"
"201900046025";"23";"2";"2019";"17:05";"1";"45";"45298";"2";"3";"1";"3";"RUE DES 4 TOURELLES - R DE SAINT PRYVE";"47,8871000";"1,8768800"
"201900046026";"21";"2";"2019";"10:35";"1";"45";"45232";"2";"2";"1";"3";"R DE BOURGES - R DE CHAMPAGNE";"47,8443400";"1,9200900"
"201900046027";"21";"2";"2019";"17:50";"2";"42";"42186";"2";"1";"1";"6";"VAILLANT RUE EDOUARD";"45,5233710";"4,6041940"
"201900046028";"23";"2";"2019";"18:54";"3";"38";"38151";"1";"1";"1";"6";"RN 87 (RONDEAU A J.DUCLOS)";"45,1578500";"5,7016600"
"201900046029";"22";"2";"2019";"17:20";"1";"37";"37261";"2";"1";"1";"4";"DANIEL MAYER";"47,4188500";"0,6986200"
"201900046030";"5";"11";"2019";"21:11";"5";"6";"06088";"2";"1";"1";"6";"FRANCE (R. DE) A PARTIR DU N° 66-91";"43,6916360";"7,2454030"
"201900046031";"5";"11";"2019";"13:10";"1";"6";"06069";"2";"3";"1";"3";"RIOU BLANQUET (AVENUE ET TRAVERSE)";"43,6626200";"6,9301750"
"201900046032";"5";"11";"2019";"12:44";"1";"6";"06030";"2";"1";"2";"6";"SADI CARNOT (BOULEVARD)";"43,5673142";"7,0164340"
"201900046033";"5";"11";"2019";"18:45";"5";"1";"01053";"2";"2";"3";"6";"HUCHET ( BOULEVARD EMILE)";"46,1955460";"5,2230250"
"201900046034";"4";"11";"2019";"18:30";"5";"75";"75120";"2";"1";"1";"3";"BD PERIPHERIQUE INTERIEUR";"48,8763622";"2,4094555"
"201900046035";"18";"5";"2019";"17:15";"1";"75";"75116";"2";"1";"1";"4";"BOULEVARD PERIPHERIQUE";"48,8752280";"2,2765120"
"201900046036";"5";"11";"2019";"14:16";"1";"75";"75112";"2";"1";"1";"3";"RUE DE CHARENTON";"48,8342640";"2,3939260"
"201900046037";"5";"11";"2019";"11:12";"1";"75";"75106";"2";"3";"1";"6";"BOULEVARD SAINT MICHEL";"48,8488275";"2,3417337"
"201900046038";"5";"11";"2019";"18:50";"5";"75";"75120";"2";"1";"1";"6";"BOULEVARD MORTIER";"48,8766888";"2,4071230"
"201900046039";"5";"11";"2019";"16:15";"1";"75";"75117";"2";"1";"1";"3";"RUE DE TOCQUEVILLE";"48,8884990";"2,3062260"
"201900046040";"4";"11";"2019";"13:15";"1";"75";"75116";"2";"2";"8";"6";"BOULEVARD EXELMANS";"48,8437640";"2,2594500"
"201900046041";"5";"11";"2019";"12:35";"1";"75";"75107";"2";"1";"8";"3";"AVENUE DE LA MOTTE PICQUET";"48,8548434";"2,3063752"
"201900046042";"5";"11";"2019";"08:00";"1";"75";"75112";"2";"1";"1";"4";"BOULEVARD DIDEROT";"48,8472500";"2,3858000"
"201900046043";"5";"11";"2019";"18:10";"5";"75";"75110";"2";"3";"1";"2";"RUE DU FAUBOURG SAINT MARTIN";"48,8710760";"2,3568200"
"201900046044";"4";"11";"2019";"14:13";"1";"75";"75109";"2";"7";"1";"6";"PLACE DE L OPERA";"48,8711652";"2,3323524"
"201900046045";"5";"11";"2019";"14:55";"1";"75";"75108";"2";"7";"1";"2";"PLACE CHARLES DE GAULLE";"48,8732681";"2,2955847"
"201900046046";"5";"11";"2019";"22:50";"5";"75";"75107";"2";"3";"1";"3";"PONT DE LA CONCORDE";"48,8625990";"2,3190222"
"201900046047";"5";"11";"2019";"12:50";"1";"75";"75107";"2";"2";"1";"6";"BOULEVARD DE LA TOUR MAUBOURG";"48,8599368";"2,3101758"
"201900046048";"5";"11";"2019";"09:55";"1";"75";"75101";"2";"1";"8";"3";"BOULEVARD DU PALAIS";"48,8549850";"2,3454950"
"201900046049";"4";"11";"2019";"12:50";"1";"94";"94081";"2";"1";"1";"2";"LEON GEFFROY (R)";"48,7781500";"2,4083900"
"201900046050";"5";"11";"2019";"10:00";"1";"94";"94067";"2";"1";"2";"2";"PARIS (av. de)";"48,8463200";"2,4188900"
"201900046051";"5";"11";"2019";"18:41";"5";"94";"94078";"2";"1";"1";"6";"ANATOLE FRANCE (AV)";"48,7400000";"2,4500000"
"201900046052";"5";"11";"2019";"12:05";"1";"94";"94074";"2";"1";"2";"2";"RU DE GIRONDE (AV DU)";"48,7411210";"2,4669950"
"201900046053";"31";"10";"2019";"23:15";"5";"94";"94011";"2";"9";"2";"4";"SEMARD(RUE PIERRE)";"48,7621200";"2,4789800"
"201900046054";"4";"11";"2019";"12:30";"1";"94";"94011";"2";"2";"1";"3";"STAINS(ROUTE DE)";"48,7823000";"2,4944100"
"201900046055";"4";"11";"2019";"12:45";"1";"94";"94011";"2";"3";"1";"3";"LYS.(AVENUE DES)";"48,7709000";"2,4903000"
"201900046056";"4";"11";"2019";"07:40";"1";"94";"94028";"2";"3";"1";"6";"SAINT SIMON (rue)";"48,7948000";"2,4449000"
"201900046057";"4";"11";"2019";"14:00";"1";"94";"94004";"2";"1";"1";"6";"GARE (BD DE LA)";"48,7533000";"2,5057200"
"201900046058";"5";"11";"2019";"14:15";"1";"94";"94002";"2";"1";"1";"5";"BLANQUI (QU)";"48,7975300";"2,4193300"
"201900046059";"5";"11";"2019";"13:00";"1";"93";"93066";"2";"1";"1";"2";"WILSON (AVENUE DU PRESIDENT)";"48,9047700";"2,3590400"
"201900046060";"5";"11";"2019";"13:00";"1";"93";"93031";"2";"3";"1";"3";"REPUBLIQUE (AVENUE)";"48,9519300";"2,3208400"
"201900046061";"5";"11";"2019";"13:55";"1";"93";"93047";"2";"1";"2";"6";"MORISOT (RUE)";"48,9042500";"2,5593300"
"201900046062";"5";"11";"2019";"17:20";"1";"93";"93010";"2";"3";"8";"1";"GROSLAY (CHEM. DE)";"48,9110800";"2,4746100"
"201900046063";"5";"11";"2019";"07:18";"5";"92";"92078";"2";"9";"1";"6";"VERDUN (AVENUE) (PAIRS 2 A 38)";"48,9355300";"2,3350800"
"201900046064";"5";"11";"2019";"10:30";"1";"92";"92051";"2";"9";"8";"3";"CHARLES DE GAULLE (AVENUE, N°27 A 129)";"48,8813800";"2,2711500"
"201900046065";"5";"11";"2019";"12:30";"1";"92";"92024";"2";"2";"1";"3";"NATIONS UNIES (PLACE DES)";"48,8974400";"2,3104500"
"201900046066";"5";"11";"2019";"18:40";"5";"92";"92023";"2";"1";"1";"6";"JEAN JAURES (AVENUE) N°57 A 259 ET 64 A";"48,8116000";"2,2705000"
"201900046067";"5";"11";"2019";"12:20";"1";"92";"92012";"2";"1";"1";"6";"DENFERT ROCHEREAU (RUE)";"48,8418000";"2,2468700"
"201900046068";"5";"11";"2019";"10:20";"1";"92";"92012";"2";"3";"1";"3";"BONTEMPS (rue Marcel)";"48,8261200";"2,2405700"
"201900046069";"4";"11";"2019";"17:10";"2";"92";"92002";"2";"1";"1";"6";"GARENNES (RUE DES)";"48,7396156";"2,2869259"
"201900046070";"2";"11";"2019";"19:07";"3";"62";"62447";"2";"1";"2";"6";"Rue du Manège";"50,3746540";"2,0409030"
"201900046071";"6";"11";"2019";"07:40";"2";"62";"62364";"1";"1";"2";"4";"D928";"50,5290180";"2,1272760"
"201900046072";"5";"11";"2019";"23:40";"5";"73";"73286";"2";"1";"3";"6";"D991 Route des Allobroges";"45,8935293";"5,8428873"
"201900046073";"5";"11";"2019";"08:10";"1";"10";"10191";"1";"1";"1";"2";"D610";"48,3311540";"4,1100560"
"201900046074";"5";"11";"2019";"18:15";"3";"69";"69277";"1";"1";"2";"4";"RD147";"45,7286100";"5,0134100"
"201900046075";"5";"11";"2019";"18:47";"4";"62";"62736";"2";"1";"1";"3";"Rue de la Lys";"50,6618940";"2,7997830"
"201900046076";"5";"11";"2019";"11:30";"1";"83";"83036";"2";"1";"1";"6";"AVENUE MARECHAL LYAUTEY";"43,1714230";"6,5259220"
"201900046077";"2";"11";"2019";"07:50";"2";"36";"36219";"1";"1";"8";"6";"A20 PK 086.750";"46,6190000";"1,5428120"
"201900046078";"3";"11";"2019";"11:00";"1";"51";"51019";"1";"2";"2";"3";"RD 931";"49,1876776";"4,4130334"
"201900046079";"5";"11";"2019";"17:25";"2";"56";"56200";"1";"1";"8";"5";"La Souricaie";"47,8074460";" -2,3229700"
"201900046080";"31";"10";"2019";"15:10";"1";"74";"74267";"2";"1";"2";"3";"Route d'Albertville";"45,8476400";"6,1464050"
"201900046081";"1";"11";"2019";"04:45";"3";"79";"79217";"1";"1";"2";"7";"N/A";"46,3301340";" -0,1997180"
"201900046082";"23";"10";"2019";"11:18";"1";"65";"65342";"1";"1";"1";"1";"Route Departementale 632";"43,3000983";"0,2872797"
"201900046083";"3";"11";"2019";"11:30";"1";"69";"69104";"1";"1";"2";"1";"Rue du Robert";"46,2428300";"4,6737100"
"201900046084";"30";"10";"2019";"18:00";"2";"69";"69012";"1";"1";"5";"7";"D23";"46,1972900";"4,5199790"
"201900046085";"4";"11";"2019";"14:10";"1";"89";"89036";"1";"1";"1";"7";"Rue des Rousseaux";"48,1526220";"3,0867260"
"201900046086";"31";"10";"2019";"07:30";"1";"63";"63471";"1";"1";"2";"6";"D987";"46,1280970";"2,8473330"
"201900046087";"25";"10";"2019";"15:50";"1";"49";"49338";"1";"2";"1";"3";"Lieu Dit le Moulin de Prince";"47,3882639";" -0,5258770"
"201900046088";"6";"11";"2019";"17:30";"2";"12";"12148";"2";"1";"8";"5";"10 Avenue de la Résistance";"44,4801160";"2,2279760"
"201900046089";"6";"11";"2019";"15:30";"1";"47";"47026";"1";"1";"8";"7";"Route de Mayrac";"44,3142680";"0,0420110"
"201900046090";"5";"11";"2019";"23:40";"3";"44";"44206";"1";"1";"2";"6";"D65";"46,9181480";" -1,6831920"
"201900046091";"5";"11";"2019";"08:30";"1";"44";"44187";"1";"1";"1";"5";"D5";"47,2183362";" -2,1024610"
"201900046092";"6";"11";"2019";"18:55";"5";"29";"29209";"2";"6";"3";"6";"24 Rue de Cornouaille";"48,5249970";" -4,4513190"
"201900046093";"6";"11";"2019";"06:40";"2";"72";"72039";"2";"1";"2";"6";"33 Rue du 8 Mai 1945";"48,1718730";"0,4204100"
"201900046094";"5";"11";"2019";"19:50";"5";"6";"06079";"2";"1";"1";"2";"Avenue du Général de Gaulle";"43,5322460";"6,9490360"
"201900046095";"5";"11";"2019";"17:00";"2";"60";"60281";"1";"2";"1";"3";"d1017";"49,4955930";"2,6712130"
"201900046096";"1";"11";"2019";"14:15";"1";"64";"64094";"2";"1";"2";"1";"D931 borne 105";"43,4638730";" -1,2319590"
"201900046097";"10";"10";"2019";"20:10";"3";"43";"43020";"1";"1";"1";"2";"CD 46";"45,3214160";"4,1220990"
"201900046098";"4";"11";"2019";"20:30";"3";"7";"07204";"2";"1";"1";"6";"Veron";"45,0060045";"4,4008071"
"201900046099";"16";"10";"2019";"18:45";"2";"27";"27463";"1";"1";"1";"2";"D438";"49,1308760";"0,6410320"
"201900046100";"5";"11";"2019";"16:55";"1";"30";"30020";"1";"3";"1";"4";"cd 135";"43,7481592";"4,3030446"
"201900046101";"6";"11";"2019";"06:50";"3";"49";"49132";"1";"3";"1";"2";"D89";"47,6585420";" -0,4646460"
"201900046102";"5";"11";"2019";"20:25";"3";"1";"01067";"1";"1";"2";"6";"A40";"46,1148191";"5,4727404"
"201900046103";"5";"11";"2019";"22:45";"3";"976";"97606";"2";"9";"1";"6";"Village de Mramadoudou - CCD5";" -12,9166408";"45,1592481"
"201900046104";"31";"10";"2019";"07:40";"1";"976";"97602";"1";"1";"1";"1";"N1";" -12,7278530";"45,1286230"
"201900046105";"5";"11";"2019";"11:05";"1";"17";"17415";"1";"1";"3";"7";"A10";"45,7093670";" -0,6541940"
"201900046106";"5";"11";"2019";"22:16";"3";"27";"27188";"1";"1";"2";"2";"351 Chemin du Val Richard";"49,3068970";"1,1146970"
"201900046107";"30";"8";"2019";"17:00";"1";"987";"98739";"1";"1";"1";"7";"District de rairua";" -23,8768290";" -147,7004360"
"201900046108";"1";"11";"2019";"01:00";"3";"988";"98819";"1";"1";"1";"6";"Route de Pam";" -20,2509300";"164,3070200"
"201900046109";"19";"10";"2019";"05:00";"2";"988";"98821";"1";"1";"1";"7";"VE n°2 SAVANNAH";" -22,1645470";"166,3894070"
"201900046110";"4";"8";"2019";"06:15";"1";"988";"98821";"1";"1";"1";"6";"R.T.1";" -22,0013500";"166,2156700"
"201900046111";"5";"11";"2019";"15:35";"1";"77";"77465";"1";"1";"3";"5";"D219";"48,3166900";"2,9496200"
"201900046112";"1";"11";"2019";"12:30";"1";"2B";"2B332";"1";"3";"1";"3";"RT30 - PK 45";"42,6162200";"9,1371720"
"201900046113";"3";"11";"2019";"15:25";"1";"2B";"2B134";"2";"6";"6";"7";"Rue Louis Philippe";"42,6347130";"8,9386720"
"201900046114";"6";"11";"2019";"08:05";"1";"34";"34240";"1";"3";"1";"1";"Avenue des Romarins";"43,6503520";"3,9758590"
"201900046115";"5";"11";"2019";"15:42";"1";"84";"84132";"1";"3";"1";"6";"19 Chemin de Tourraque";"43,9194570";"4,9817540"
"201900046116";"6";"11";"2019";"13:59";"1";"55";"55184";"2";"3";"2";"3";"49 Rue du Port";"48,7427160";"5,6369840"
"201900046117";"4";"11";"2019";"15:41";"3";"54";"54573";"1";"1";"3";"7";"D10";"48,8225260";"6,0074300"
"201900046118";"6";"11";"2019";"19:00";"5";"54";"54430";"2";"1";"2";"1";"131 Avenue du Général de Gaulle";"48,7753210";"6,1306720"
"201900046119";"5";"11";"2019";"18:10";"5";"54";"54115";"2";"3";"8";"3";"RD657";"48,7358140";"6,1648530"
"201900046120";"6";"11";"2019";"18:10";"3";"3";"03173";"1";"1";"1";"6";"44 route de Moulins";"46,4758930";"3,9274020"
"201900046121";"31";"10";"2019";"12:35";"1";"38";"38537";"2";"2";"1";"2";"Rue Saint-cyr-girier";"45,6328110";"5,1447420"
"201900046122";"5";"11";"2019";"16:15";"1";"84";"84078";"1";"3";"1";"3";"Avenue Henri Benissa";"44,2273480";"4,7134040"
"201900046123";"6";"11";"2019";"07:40";"3";"85";"85071";"1";"1";"1";"1";"LA LÉONIÈRE,";"46,7537500";" -1,7914800"
"201900046124";"5";"11";"2019";"10:40";"1";"61";"61080";"1";"4";"9";"3";"D908";"48,5650210";" -0,1194650"
"201900046125";"6";"11";"2019";"18:00";"5";"22";"22070";"2";"1";"2";"6";"Place du Champ au Roy";"48,5612830";" -3,1487230"
"201900046126";"4";"11";"2019";"17:30";"2";"13";"13056";"1";"1";"1";"2";"A55-Sens Martigues vers Marseille";"43,3966820";"5,0420113"
"201900046127";"5";"11";"2019";"08:35";"1";"13";"13211";"1";"1";"8";"4";"A50-Sens Aubagne vers Marseille";"43,2932300";"5,4558400"
"201900046128";"5";"11";"2019";"07:10";"2";"13";"13071";"1";"1";"1";"5";"A7-Sens Marseille vers Lyon";"43,4138600";"5,2801800"
"201900046129";"4";"11";"2019";"04:45";"3";"13";"13005";"1";"1";"1";"7";"A50 - Sens Aubagne vers Marseille";"43,2851329";"5,5708368"
"201900046130";"4";"11";"2019";"17:35";"3";"13";"13056";"1";"1";"1";"2";"A55-Sens Martigues vers Marseille";"43,3979247";"5,0751726"
"201900046131";"5";"11";"2019";"12:50";"1";"33";"33063";"1";"1";"8";"6";"ROCADE A 630";"44,8847900";" -0,5599600"
"201900046132";"5";"11";"2019";"07:00";"4";"33";"33550";"1";"1";"3";"4";"AUTOROUTE A 62";"44,7776200";" -0,5561600"
"201900046133";"4";"11";"2019";"16:10";"1";"78";"78640";"1";"1";"1";"2";"N118";"48,7824820";"2,2230510"
"201900046134";"4";"11";"2019";"08:50";"5";"92";"92050";"1";"1";"1";"5";"A86";"48,8949981";"2,1930614"
"201900046135";"1";"11";"2019";"09:05";"1";"92";"92051";"1";"1";"8";"3";"RN13";"48,8867284";"2,2546248"
"201900046136";"4";"11";"2019";"11:35";"1";"93";"93010";"1";"1";"2";"6";"AUTOROUTE A3";"48,9048800";"2,4714000"
"201900046137";"4";"11";"2019";"09:30";"1";"93";"93006";"1";"1";"1";"3";"AUTOROUTE A3";"48,8699800";"2,4301600"