"Num_Acc";"jour";"mois";"an";"hrmn";"lum";"dep";"com";"agg";"int";"atm";"col";"adr";"lat";"long"
"201900046138";"4";"11";"2019";"06:45";"4";"92";"92036";"1";"1";"2";"5";"AUTOROUTE A15";"48,9490189";"2,2807839"
"201900046139";"4";"11";"2019";"09:20";"1";"95";"95607";"1";"1";"2";"2";"AUTOROUTE A115";"49,0326900";"2,1989300"
"201900046140";"4";"11";"2019";"08:15";"1";"92";"92036";"1";"1";"1";"2";"AUTOROUTE A15";"48,9466200";"2,2826300"
"201900046141";"3";"11";"2019";"21:00";"3";"60";"60612";"1";"1";"1";"6";"AUTOROUTE A1";"49,1980800";"2,6056500"
"201900046142";"3";"11";"2019";"19:15";"3";"95";"95042";"1";"1";"1";"2";"RN 104";"49,0582600";"2,3010300"
"201900046143";"3";"11";"2019";"14:25";"1";"95";"95151";"1";"1";"2";"3";"RN 104";"49,0627600";"2,2748200"
"201900046144";"30";"10";"2019";"18:39";"3";"95";"95277";"1";"1";"1";"4";"AUTOROUTE A3";"48,9709500";"2,4830700"
"201900046145";"5";"11";"2019";"10:15";"1";"94";"94073";"1";"1";"2";"3";"A4";"48,7594000";"2,3836700"
"201900046146";"5";"11";"2019";"09:40";"4";"75";"75112";"1";"1";"2";"3";"A86 EXT";"48,8186599";"2,4567425"
"201900046147";"5";"11";"2019";"08:50";"3";"77";"77514";"1";"1";"2";"3";"A104";"48,9319200";"2,6277490"
"201900046148";"4";"11";"2019";"08:00";"1";"94";"94069";"1";"1";"2";"3";"A4";"48,8184000";"2,4347000"
"201900046149";"4";"11";"2019";"07:50";"1";"93";"93051";"1";"1";"1";"4";"A4";"48,8360500";"2,5553100"
"201900046150";"31";"10";"2019";"08:00";"1";"94";"94018";"1";"1";"5";"3";"A4";"48,8100000";"2,4100000"
"201900046151";"30";"10";"2019";"18:10";"2";"94";"94069";"1";"1";"1";"2";"A4";"48,8173100";"2,4242700"
"201900046152";"31";"10";"2019";"13:30";"1";"93";"93055";"2";"2";"8";"3";"FORMAGNE";"48,8933400";"2,4221600"
"201900046153";"26";"8";"2019";"06:15";"1";"987";"98725";"1";"1";"1";"6";"Route de la pointe vénus";" -17,5625910";" -149,4760510"
"201900046154";"2";"11";"2019";"19:20";"3";"95";"95582";"1";"1";"1";"4";"AUTOROUTE A15";"48,9634600";"2,2642900"
"201900046155";"1";"11";"2019";"19:00";"3";"95";"95582";"1";"1";"2";"4";"AUTOROUTE A15";"48,9751600";"2,2427900"
"201900046156";"1";"11";"2019";"13:45";"1";"93";"93027";"1";"1";"1";"6";"AUTOROUTE A86";"48,9281900";"2,4117100"
"201900046157";"1";"11";"2019";"15:45";"1";"93";"93027";"1";"1";"2";"6";"BDL";"48,9267900";"2,4032100"
"201900046158";"31";"10";"2019";"21:20";"5";"75";"75116";"2";"1";"1";"2";"BD PERIPHERIQUE INTERIEUR";"48,8619340";"2,2646000"
"201900046159";"30";"10";"2019";"09:20";"1";"75";"75118";"2";"1";"1";"3";"BD PERIPHERIQUE EXTERIEUR";"48,9008920";"2,3654454"
"201900046160";"1";"11";"2019";"20:30";"5";"75";"75119";"2";"4";"2";"3";"BD PERIPHERIQUE EXTERIEUR";"48,9003367";"2,3771827"
"201900046161";"31";"10";"2019";"15:50";"1";"75";"75115";"2";"1";"1";"3";"BD PERIPHERIQUE EXTERIEUR";"48,8272410";"2,2931350"
"201900046162";"31";"10";"2019";"00:08";"5";"75";"75115";"2";"4";"2";"3";"QUAI D ISSY LES MOULINEAUX";"48,8354582";"2,2669842"
"201900046163";"18";"10";"2019";"00:19";"5";"75";"75118";"2";"1";"1";"6";"BD PERIPHERIQUE INTERIEUR";"48,9010523";"2,3520877"
"201900046164";"4";"11";"2019";"16:00";"1";"75";"75105";"2";"1";"2";"6";"BOULEVARD DE L HOPITAL";"48,8426332";"2,3637658"
"201900046165";"4";"11";"2019";"15:40";"1";"75";"75106";"2";"2";"8";"6";"BOULEVARD RASPAIL";"48,8473538";"2,3279594"
"201900046166";"4";"11";"2019";"11:10";"1";"75";"75106";"2";"1";"2";"3";"RUE DE RENNES";"48,8495963";"2,3293027"
"201900046167";"4";"11";"2019";"11:12";"1";"75";"75106";"2";"5";"1";"6";"RUE MAZARINE";"48,8536779";"2,3384006"
"201900046168";"4";"11";"2019";"10:00";"1";"75";"75106";"2";"2";"1";"7";"BOULEVARD SAINT GERMAIN";"48,8527125";"2,3377536"
"201900046169";"4";"11";"2019";"18:05";"5";"75";"75120";"2";"3";"1";"6";"RUE VICTOR LETALLE";"48,8675477";"2,3850723"
"201900046170";"4";"11";"2019";"14:40";"1";"75";"75119";"2";"3";"1";"7";"AVENUE DE FLANDRE";"48,8857985";"2,3709752"
"201900046171";"4";"11";"2019";"17:50";"5";"75";"75117";"2";"1";"1";"6";"AVENUE DE VILLIERS";"48,8843370";"2,3019840"
"201900046172";"4";"11";"2019";"00:14";"5";"75";"75116";"2";"4";"1";"3";"VOIE GEORGES POMPIDOU";"48,8544580";"2,2837603"
"201900046173";"2";"11";"2019";"03:45";"5";"75";"75116";"2";"2";"2";"3";"ALLEE DE LONGCHAMP";"48,8676600";"2,2508910"
"201900046174";"4";"11";"2019";"10:00";"1";"75";"75115";"2";"6";"7";"3";"BOULEVARD PASTEUR";"48,8406038";"2,3150068"
"201900046175";"31";"10";"2019";"16:15";"1";"75";"75115";"2";"2";"7";"3";"RUE DE LA CONVENTION";"48,8411159";"2,2878709"
"201900046176";"4";"11";"2019";"12:10";"1";"75";"75114";"2";"1";"1";"3";"BOULEVARD ARAGO";"48,8344667";"2,3338390"
"201900046177";"4";"11";"2019";"18:45";"5";"75";"75112";"2";"1";"8";"6";"RUE DE WATTIGNIES";"48,8356868";"2,3968473"
"201900046178";"4";"11";"2019";"16:45";"1";"75";"75112";"2";"2";"1";"6";"AVENUE DU GENERAL MICHEL BIZOT";"48,8332932";"2,3989523"
"201900046179";"4";"11";"2019";"12:20";"1";"75";"75111";"2";"3";"1";"6";"BOULEVARD RICHARD LENOIR";"48,8648727";"2,3706665"
"201900046180";"4";"11";"2019";"05:57";"5";"75";"75109";"2";"5";"2";"3";"BOULEVARD DES CAPUCINES";"48,8699060";"2,3280135"
"201900046181";"4";"11";"2019";"19:40";"5";"75";"75117";"2";"3";"1";"6";"RUE DE COURCELLES";"48,8811715";"2,3153220"
"201900046182";"2";"11";"2019";"14:05";"1";"75";"75108";"2";"4";"1";"6";"AVENUE MONTAIGNE";"48,8676017";"2,3077061"
"201900046183";"4";"11";"2019";"13:20";"1";"75";"75107";"2";"2";"1";"3";"QUAI D ORSAY";"48,8628233";"2,3134575"
"201900046184";"4";"11";"2019";"22:35";"3";"75";"75103";"2";"7";"1";"3";"PLACE DE LA REPUBLIQUE";"48,8679472";"2,3623717"
"201900046185";"4";"11";"2019";"02:57";"5";"75";"75104";"2";"4";"3";"6";"QUAI HENRI IV";"48,8508268";"2,3614515"
"201900046186";"4";"11";"2019";"19:15";"5";"75";"75101";"2";"3";"1";"6";"RUE DE RIVOLI";"48,8660294";"2,3250475"
"201900046187";"4";"11";"2019";"08:13";"1";"75";"75104";"2";"2";"2";"6";"RUE AUBRY LE BOUCHER";"48,8601668";"2,3508980"
"201900046188";"1";"11";"2019";"08:20";"1";"94";"94081";"2";"3";"3";"3";"ROUGET DE L ISLE (AV)";"48,7763100";"2,3980700"
"201900046189";"30";"10";"2019";"19:25";"5";"94";"94081";"2";"1";"1";"2";"PRESIDENT SALVADOR ALLENDE (AV DU)";"48,7958000";"2,4100700"
"201900046190";"30";"10";"2019";"11:50";"1";"94";"94081";"2";"1";"1";"6";"GENERAL DE GAULLE (R DU)";"48,7934800";"2,3926900"
"201900046191";"4";"11";"2019";"08:30";"5";"94";"94068";"2";"2";"2";"6";"LOUIS TALAMONI (R)";"48,8110000";"2,4690000"
"201900046192";"2";"11";"2019";"15:45";"1";"94";"94016";"2";"1";"1";"6";"ARISTIDE BRIAND (AV)";"48,7943100";"2,3213100"
"201900046193";"30";"10";"2019";"20:25";"5";"94";"94043";"2";"1";"1";"7";"FONTAINEBLEAU (AV DE)";"48,8099000";"2,3620000"
"201900046194";"4";"11";"2019";"21:15";"5";"94";"94041";"2";"1";"1";"3";"JEAN LE GALLEU (R)";"48,8133100";"2,3773500"
"201900046195";"3";"11";"2019";"13:45";"1";"94";"94041";"2";"9";"2";"6";"HOCHE (R)";"48,8126600";"2,3716000"
"201900046196";"1";"11";"2019";"22:05";"5";"94";"94041";"2";"2";"2";"3";"MARCEL LAMANT (R)";"48,8043330";"2,3856550"
"201900046197";"3";"11";"2019";"00:40";"5";"94";"94038";"2";"1";"2";"7";"DIVISION LECLERC (AV)";"48,7737860";"2,3341870"
"201900046198";"1";"11";"2019";"19:55";"5";"94";"94011";"2";"1";"8";"6";"BICENTENAIRE.(AVENUE DU)";"48,7645400";"2,4893800"
"201900046199";"30";"10";"2019";"12:00";"1";"94";"94079";"2";"2";"8";"4";"FAVORITE (AV DE LA)";"48,8227200";"2,5622200"
"201900046200";"4";"11";"2019";"13:20";"1";"94";"94075";"2";"1";"1";"6";"PERREUX (CHE DES)";"48,7170100";"2,5321000"
"201900046201";"4";"11";"2019";"09:50";"1";"93";"93073";"1";"3";"8";"3";"CHAPIT RE ( RUE DU)";"49,0029890";"2,5368690"
"201900046202";"2";"11";"2019";"13:55";"1";"93";"93066";"2";"1";"1";"3";"WILSON (AVENUE DU PRESIDENT)";"48,9175600";"2,3572600"
"201900046203";"3";"11";"2019";"12:30";"1";"93";"93055";"2";"1";"1";"3";"GENERAL LECLERC(AVE DU)89/FIN ET 122/FIN";"48,9002972";"2,4105291"
"201900046204";"30";"10";"2019";"01:00";"5";"93";"93053";"2";"6";"2";"6";"ANATOLE FRANCE (RUE)";"48,8888500";"2,4514400"
"201900046205";"4";"11";"2019";"15:30";"1";"93";"93046";"2";"1";"1";"6";"POSTES CHEMIN DES";"48,9168436";"2,5424266"
"201900046206";"3";"11";"2019";"00:10";"5";"93";"93063";"2";"9";"1";"1";"VASSOU RUE";"48,8856050";"2,4295350"
"201900046207";"1";"11";"2019";"05:00";"5";"93";"93032";"2";"1";"2";"6";"PAUL VAILLANT COUTURIER (RUE)";"48,8678451";"2,5576445"
"201900046208";"3";"11";"2019";"12:00";"1";"93";"93031";"2";"1";"2";"3";"JOFFRE (AVENUE)";"48,9610800";"2,2970000"
"201900046209";"30";"10";"2019";"14:05";"1";"93";"93027";"2";"3";"1";"3";"SALENGRO (AVENUE ROGER)";"48,9415700";"2,3876000"
"201900046210";"4";"11";"2019";"19:20";"5";"93";"93010";"2";"9";"1";"3";"GALLIENI (AV.) DE 177 A 211";"48,9000000";"2,4800000"
"201900046211";"4";"11";"2019";"08:50";"1";"93";"93008";"2";"1";"2";"6";"TARRAL (RUE GEORGES)";"48,9084782";"2,4707986"
"201900046212";"4";"11";"2019";"04:19";"5";"93";"93029";"2";"3";"2";"3";"VICTOR HUGO";"48,9362900";"2,4512600"
"201900046213";"4";"11";"2019";"08:45";"1";"93";"93007";"2";"1";"1";"2";"BLES D'OR (RUE DES)";"48,9212168";"2,4685845"
"201900046214";"1";"5";"2019";"20:50";"1";"92";"92078";"2";"9";"1";"6";"BRANDIN (RUE)";"48,9356200";"2,3337900"
"201900046215";"4";"11";"2019";"09:15";"1";"92";"92073";"2";"1";"1";"6";"JAURES (AVENUE JEAN)";"48,8621800";"2,2114500"
"201900046216";"4";"11";"2019";"09:20";"1";"92";"92062";"2";"1";"1";"6";"DE DION BOUTON (QUAI) DU 29 AU 65";"48,8830540";"2,2482820"
"201900046217";"31";"10";"2019";"00:40";"5";"92";"92050";"2";"2";"2";"3";"ARAGO FRANCOIS AVENUE";"48,9012500";"2,2252700"
"201900046218";"2";"11";"2019";"19:10";"5";"92";"92036";"2";"3";"1";"6";"LUCIEN LANTERNIER (AVENUE) (1/17)";"48,9309300";"2,2861900"
"201900046219";"4";"11";"2019";"12:55";"1";"92";"92023";"2";"1";"1";"2";"GENERAL DE GAULLE (AV DU) N°130 A 340 ET";"48,7837979";"2,2475096"
"201900046220";"10";"1";"2019";"18:10";"3";"82";"82121";"1";"1";"1";"6";"CHEMIN DES MOURETS";"44,0341499";"1,4267273"
"201900046221";"8";"1";"2019";"14:50";"1";"82";"82033";"1";"1";"8";"6";"TOULOUSE RD 813 (ROUTE DE) ";"44,0246900";"1,1475400"
"201900046222";"10";"1";"2019";"17:00";"2";"80";"80021";"2";"1";"2";"6";"38, BD D'ALSACE LORRAINE";"49,8929500";"2,3081700"
"201900046223";"11";"1";"2019";"05:00";"5";"80";"80021";"2";"1";"2";"6";"22, R LEON DUPONTREUE";"49,9043700";"2,3096400"
"201900046224";"9";"1";"2019";"08:40";"1";"80";"80632";"2";"1";"2";"6";"R BERNARD RISBOURG";"49,8767230";"2,2574030"
"201900046225";"9";"1";"2019";"11:15";"1";"80";"80021";"2";"2";"1";"3";"R DU COMTE RAOUL ";"49,8853800";"2,3136900"
"201900046226";"9";"1";"2019";"14:10";"1";"80";"80021";"2";"2";"2";"5";"AV PAUL CLAUDEL";"49,8756000";"2,2817600"
"201900046227";"8";"1";"2019";"17:35";"5";"80";"80021";"2";"3";"1";"3";"R DES AUGUSTINS ";"49,8946300";"2,3057700"
"201900046228";"9";"1";"2019";"17:09";"2";"78";"78646";"2";"2";"1";"6";"PARIS (AVENUE DE)";"48,7984200";"2,1537300"
"201900046229";"9";"1";"2019";"16:30";"2";"78";"78551";"1";"1";"1";"1";"RD 308";"48,9371000";"2,0654000"
"201900046230";"8";"1";"2019";"00:20";"5";"78";"78502";"2";"1";"2";"2";"SIMON VOUET (AVENUE)";"48,8773030";"2,1160840"
"201900046231";"9";"1";"2019";"17:43";"5";"78";"78440";"2";"3";"2";"3";"ALBERT THOMAS (RUE)";"48,9856500";"1,9211200"
"201900046232";"4";"1";"2019";"18:00";"5";"78";"78361";"2";"1";"1";"6";"RUE MAURICE BRAUNSTEIN";"48,9989600";"1,7037600"
"201900046233";"9";"1";"2019";"10:28";"1";"78";"78172";"2";"1";"1";"6";"CARNOT (AVENUE) n°73";"48,9994000";"2,0936300"
"201900046234";"12";"1";"2019";"16:20";"1";"77";"77241";"1";"2";"2";"3";"D404 X D9";"49,0104500";"2,6994200"
"201900046235";"5";"1";"2019";"23:00";"5";"77";"77468";"2";"3";"1";"4";"D199 - MARNE (RUE DE LA)";"48,8455500";"2,6471800"
"201900046236";"11";"1";"2019";"14:00";"1";"77";"77305";"2";"1";"2";"3";"SURVILLE (AVENUE DE)";"48,3916700";"2,9542300"
"201900046237";"4";"1";"2019";"19:35";"3";"77";"77054";"1";"1";"1";"3";"D606";"48,3502100";"3,0170900"
"201900046238";"7";"1";"2019";"20:15";"5";"77";"77296";"2";"1";"2";"6";"JEAN JAURES (AVENUE)";"48,6273851";"2,5769667"
"201900046239";"10";"1";"2019";"00:35";"5";"76";"76540";"2";"1";"1";"6";"GRAND COURS. AVENUE DU";"49,4276700";"1,1029900"
"201900046240";"8";"1";"2019";"00:50";"5";"76";"76540";"2";"1";"2";"6";"LA FAYETTE. RUE";"49,4329500";"1,0900900"
"201900046241";"10";"1";"2019";"13:00";"1";"76";"76351";"2";"2";"1";"3";"ALEMBERT";"49,5122100";"0,1103100"
"201900046242";"8";"1";"2019";"20:15";"5";"76";"76351";"2";"1";"1";"4";"APLEMONT (AVENUE D')";"49,5030000";"0,1813000"
"201900046243";"8";"1";"2019";"18:30";"1";"76";"76351";"2";"1";"1";"6";"CLEMENT MARICAL";"49,5010900";"0,0960500"
"201900046244";"8";"1";"2019";"08:45";"1";"76";"76324";"1";"1";"1";"2";"RD 925";"49,9304300";"1,1377400"
"201900046245";"12";"1";"2019";"20:20";"5";"74";"74281";"2";"3";"1";"6";"EVIAN (AVENUE D')";"46,3779300";"6,4889600"
"201900046246";"12";"1";"2019";"11:40";"1";"72";"72181";"2";"6";"1";"3";"CHURCHILL WINSTON (BD) IMP DE 13 A 39";"47,9908100";"0,2246000"
"201900046247";"10";"1";"2019";"17:50";"5";"72";"72181";"2";"1";"1";"3";"CHAMPION HENRI (RUE) N° IMP";"47,9823900";"0,2280900"
"201900046248";"8";"1";"2019";"09:58";"1";"72";"72003";"1";"3";"2";"3";"CROIX GEORGETTE (RTE DE LA)";"47,9714800";"0,1412400"
"201900046249";"11";"1";"2019";"08:30";"1";"71";"71306";"2";"1";"1";"6";"ANTOINE EMORINE (RUE)";"46,6704410";"4,3782330"
"201900046250";"10";"1";"2019";"17:30";"2";"71";"71059";"2";"3";"1";"3";"RD 984 PR 8+0 - COUCHES (ROUTE DE)";"46,8103800";"4,4743300"
"201900046251";"9";"1";"2019";"15:40";"1";"69";"69266";"2";"1";"1";"6";"ANATOLE FRANCE     (Rue)";"45,7683400";"4,8808500"
"201900046252";"7";"1";"2019";"11:50";"1";"69";"69266";"2";"1";"1";"3";"LEON BLUM      (Rue)";"45,7609400";"4,9077300"
"201900046253";"8";"1";"2019";"13:25";"1";"69";"69091";"2";"1";"1";"6";"PIERRE ET MARIE CURIE  ( R )";"45,5962200";"4,7691900"
"201900046254";"8";"1";"2019";"07:30";"3";"68";"68224";"2";"1";"2";"6";"JUIN (AVENUE ALPHONSE)";"47,7553780";"7,3510960"
"201900046255";"9";"1";"2019";"15:50";"1";"67";"67482";"2";"1";"2";"6";"GANZAU (RUE DE LA)";"48,5385200";"7,7608300"
"201900046256";"8";"1";"2019";"15:40";"2";"67";"67482";"2";"1";"2";"2";"BISCHWILLER (ROUTE DE)";"48,5969375";"7,7419727"
"201900046257";"7";"1";"2019";"18:30";"5";"67";"67482";"2";"3";"8";"3";"CERVANTES (AVENUE)";"48,5943000";"7,7000100"
"201900046258";"7";"1";"2019";"14:45";"1";"67";"67482";"2";"3";"8";"3";"SAINT JEAN (QUAI)";"48,5845000";"7,7408200"
"201900046259";"11";"1";"2019";"10:30";"1";"66";"66136";"2";"1";"1";"6";"WALDECK-ROUSSEAU (RENE)";"42,6936000";"2,9031000"
"201900046260";"2";"1";"2019";"22:45";"5";"66";"66136";"2";"1";"1";"3";"SAINT-ASSISCLE (BOULEVARD DE)";"42,6913000";"2,8770000"
"201900046261";"7";"1";"2019";"12:20";"1";"66";"66136";"2";"1";"1";"6";"PASSIO-VELLA (CHEMIN DE LA)";"42,6874400";"2,9006200"
"201900046262";"11";"1";"2019";"02:55";"5";"64";"64445";"2";"1";"1";"1";"CASTETNAU";"43,3004300";" -0,3650900"
"201900046263";"10";"1";"2019";"12:20";"1";"64";"64445";"2";"1";"1";"3";"PHILIPPON";"43,3253100";" -0,3609000"
"201900046264";"9";"1";"2019";"18:35";"5";"64";"64445";"2";"2";"1";"6";"LOUP DU";"43,3034800";" -0,3570700"
"201900046265";"9";"1";"2019";"15:00";"1";"64";"64132";"2";"1";"1";"6";"GEORGES CLEMENCEAU";"43,2895100";" -0,3548700"
"201900046266";"9";"1";"2019";"19:40";"5";"64";"64122";"2";"1";"1";"3";"VERDUN (AVENUE DE)";"43,4818600";" -1,5579800"
"201900046267";"8";"1";"2019";"20:35";"5";"64";"64102";"2";"1";"2";"6";"DUVERGIER DE HAURANNE (AVENUE)";"43,4882700";" -1,4675400"
"201900046268";"8";"1";"2019";"20:10";"5";"64";"64102";"2";"1";"2";"6";"DUVERGIER DE HAURANNE (AVENUE)";"43,4882700";" -1,4675400"
"201900046269";"7";"1";"2019";"10:00";"1";"64";"64024";"2";"3";"1";"3";"HAUSQUETTE (RUE DE)";"43,4954900";" -1,5097100"
"201900046270";"4";"1";"2019";"18:59";"5";"64";"64102";"2";"3";"1";"1";"SABALCE (CHEMIN DE)";"43,4925600";" -1,4912100"
"201900046271";"12";"1";"2019";"05:40";"5";"62";"62040";"2";"1";"9";"6";"LIBERATION (AVENUE DE LA.....)";"50,7341500";"2,2845200"
"201900046272";"6";"1";"2019";"08:45";"3";"62";"62765";"1";"1";"1";"6";"SAINT MOMELIN (ROUTE DE.........)";"50,7860000";"2,2530100"
"201900046273";"11";"1";"2019";"12:20";"1";"62";"62617";"2";"9";"1";"6";"ROUTE NATIONALE (CD 937)";"50,4681580";"2,6722870"
"201900046274";"11";"1";"2019";"19:00";"5";"62";"62774";"1";"1";"8";"6";"Route Départementale 940";"50,9417181";"1,7410970"
"201900046275";"6";"1";"2019";"11:35";"1";"62";"62193";"2";"1";"8";"6";"ARMES (PLACE D')";"50,9597400";"1,8500000"
"201900046276";"10";"1";"2019";"08:05";"5";"62";"62119";"2";"3";"8";"3";"ETATS UNIS ( BOULEVARD DES )";"50,5176000";"2,6302400"
"201900046277";"11";"1";"2019";"10:25";"1";"60";"60159";"2";"1";"2";"6";"CURIE (AV. PIERRE ET MARIE)";"49,3958757";"2,7932269"
"201900046278";"9";"1";"2019";"18:20";"3";"60";"60665";"1";"1";"8";"6";"Rd 1131";"49,4085100";"2,7763100"
"201900046279";"12";"1";"2019";"13:10";"1";"59";"59599";"2";"1";"1";"6";"DRON (AVENUE GUSTAVE)";"50,7173300";"3,1668280"
"201900046280";"11";"1";"2019";"16:10";"1";"59";"59279";"2";"1";"2";"6";"LINSELLES (ROUTE DE)";"50,7790300";"3,1156100"
"201900046281";"11";"1";"2019";"15:30";"1";"59";"59009";"2";"1";"2";"3";"JAURES JEAN RUE    N°5 AU 99";"50,6548000";"3,1317000"
"201900046282";"11";"1";"2019";"02:40";"5";"59";"59350";"2";"1";"2";"6";"DECONYNCK ERNEST RUE";"50,6312017";"3,0558890"
"201900046283";"10";"1";"2019";"17:40";"5";"59";"59350";"2";"3";"2";"6";"ROYALE RUE";"50,6429532";"3,0558246"
"201900046284";"4";"1";"2019";"19:10";"5";"59";"59507";"2";"1";"1";"6";"JAURES JEAN AVENUE.";"50,6006300";"3,0791800"
"201900046285";"11";"1";"2019";"11:00";"1";"59";"59271";"2";"1";"2";"7";"ANCIEN VILLAGE - AVENUE";"51,0108600";"2,2927200"
"201900046286";"11";"1";"2019";"12:10";"1";"57";"57672";"2";"1";"2";"2";"ARLON (ROUTE DE)";"49,3588000";"6,1311500"
"201900046287";"11";"1";"2019";"07:33";"4";"57";"57630";"2";"2";"4";"3";"BELLEVUE (DE)";"48,7446400";"7,0715000"
"201900046288";"9";"1";"2019";"06:54";"5";"57";"57630";"2";"1";"2";"6";"Rue de Sarreguemines";"48,7506600";"7,0683600"
"201900046289";"10";"1";"2019";"17:40";"2";"56";"56083";"1";"1";"1";"6";"MANE EL CULF (LIEU-DIT)";"47,8198300";" -3,2955200"
"201900046290";"9";"1";"2019";"16:30";"1";"56";"56083";"2";"1";"1";"6";"JOFFRE (RUE  DU MARECHAL )";"47,8083000";" -3,2695800"
"201900046291";"5";"1";"2019";"17:30";"5";"54";"54184";"1";"1";"2";"7";"BRIGACHTAL (AVENUE DE)";"48,7079600";"6,2430600"
"201900046292";"12";"1";"2019";"02:10";"5";"51";"51454";"2";"1";"1";"7";"AVENUE D'EPERNAY";"49,2351100";"4,0140600"
"201900046293";"11";"1";"2019";"09:20";"1";"51";"51454";"2";"6";"8";"6";"CHEMIN SAINT LEONARD";"49,2249200";"4,0968200"
"201900046294";"10";"1";"2019";"17:15";"5";"51";"51454";"2";"3";"1";"3";"BOULEVARD DE LATTRE DE TASSIGNY";"49,2561000";"4,0616800"
"201900046295";"8";"1";"2019";"08:29";"1";"51";"51454";"2";"2";"1";"3";"AVENUE D'EPERNAY";"49,2367500";"4,0135500"
"201900046296";"7";"1";"2019";"18:45";"5";"51";"51454";"2";"1";"2";"6";"RUE COGNACQ JAY";"49,2311100";"4,0173700"
"201900046297";"7";"1";"2019";"17:39";"5";"51";"51108";"2";"1";"2";"7";"AVENUE PIERRE SEMARD";"48,9466480";"4,3402442"
"201900046298";"7";"1";"2019";"13:45";"1";"51";"51108";"2";"1";"1";"7";"RUE DU CHATELET";"48,9579200";"4,3706200"
"201900046299";"8";"1";"2019";"04:30";"5";"50";"50147";"2";"6";"2";"7";"DIVISION LECLERC";"49,0596460";" -1,4355300"
"201900046300";"10";"1";"2019";"18:05";"1";"49";"49007";"2";"1";"1";"5";"DEUX CROIX BOULEVARD";"47,4749600";" -0,5289900"
"201900046301";"8";"1";"2019";"14:50";"1";"49";"49007";"2";"1";"1";"3";"BOREAU";"47,4770700";" -0,5443900"
"201900046302";"7";"1";"2019";"16:58";"1";"49";"49007";"2";"1";"1";"2";"SAUMUROISE IMPASSE ET RUE";"47,4569048";" -0,5320068"
"201900046303";"8";"1";"2019";"08:33";"1";"49";"49267";"2";"1";"1";"3";"HERAUDIERES";"47,4615800";" -0,4805500"
"201900046304";"7";"1";"2019";"09:30";"1";"49";"49007";"1";"1";"8";"2";"ATLANTIQUE  AVENUE DE L'";"47,4647800";" -0,5743600"
"201900046305";"7";"1";"2019";"07:51";"2";"49";"49007";"2";"1";"8";"3";"ROI RENE BOULEVARD";"47,4673700";" -0,5558800"
"201900046306";"8";"1";"2019";"19:08";"5";"47";"47201";"2";"1";"2";"2";"48 MARNE (AV. DE LA)";"44,1941000";"0,6010000"
"201900046307";"11";"1";"2019";"16:44";"1";"45";"45234";"2";"3";"2";"6";" AVENUE DE LA RECHERCHE SCIENTIFIQUE";"47,8396400";"1,9430800"
"201900046308";"10";"1";"2019";"19:05";"5";"45";"45147";"2";"1";"1";"2";"34 RUE JEAN JAURES";"47,9318100";"1,9081000"
"201900046309";"9";"1";"2019";"19:15";"5";"45";"45075";"2";"1";"2";"6";"RTE D'ORLEANS";"47,8912250";"1,8418540"
"201900046310";"9";"1";"2019";"14:55";"1";"45";"45147";"2";"2";"1";"3";" RUE DE LA BARRIERE ST MARC";"47,9320100";"1,9353400"
"201900046311";"9";"1";"2019";"18:20";"5";"45";"45208";"2";"1";"8";"1";"RUE DES DEPORTES ET INTERNES DE LA RESISTANCE";"47,9944250";"2,7445850"
"201900046312";"9";"1";"2019";"20:23";"5";"44";"44162";"2";"9";"1";"3";"RUE FRANCOISE DOLTO";"47,2161000";" -1,6369000"
"201900046313";"9";"1";"2019";"17:30";"2";"44";"44162";"2";"1";"1";"6";"Parking ROUTE DE VANNES";"47,2464000";" -1,6059000"
"201900046314";"9";"1";"2019";"12:15";"1";"44";"44109";"2";"1";"1";"5";"BERLIN";"47,2158400";" -1,5316400"
"201900046315";"8";"1";"2019";"07:45";"2";"42";"42207";"2";"3";"8";"6";"ARDAILLON RUE";"45,4761900";"4,5209100"
"201900046316";"9";"1";"2019";"10:45";"1";"42";"42187";"2";"1";"1";"3";"DOURDEIN (RUE AUGUSTE )";"46,0424100";"4,0582200"
"201900046317";"9";"1";"2019";"10:24";"1";"42";"42187";"2";"2";"1";"3";"PARIS (AVENUE DE)";"46,0505900";"4,0666200"
"201900046318";"9";"1";"2019";"08:10";"2";"38";"38544";"2";"3";"1";"6";"RIONDET(QUAI)";"45,5177100";"4,8648800"
"201900046319";"8";"1";"2019";"13:10";"1";"38";"38318";"2";"2";"2";"3";"LUCIEN MAGNAT(MONTEE)";"45,5296000";"4,9019000"
"201900046320";"12";"1";"2019";"15:35";"1";"37";"37261";"2";"1";"1";"6";"RENAULT (RUE DU GAL)";"47,3797100";"0,6752200"
"201900046321";"11";"1";"2019";"18:45";"5";"37";"37261";"2";"1";"1";"4";"DANIEL MAYER";"47,4189200";"0,7074600"
"201900046322";"12";"1";"2019";"00:40";"5";"37";"37261";"2";"2";"1";"3";"WALVEIN (RUE)";"47,3902700";"0,6705900"
"201900046323";"11";"1";"2019";"18:00";"3";"37";"37261";"2";"1";"1";"4";"SAVONNIERES (ROUTE DE)";"47,3692600";"0,6688800"
"201900046324";"11";"1";"2019";"12:00";"1";"37";"37261";"2";"1";"2";"6";"FRANCE (PLACE ANATOLE)";"47,3967068";"0,6863511"
"201900046325";"10";"1";"2019";"07:45";"2";"37";"37261";"2";"3";"1";"3";"FUYE( RUE DE LE )";"47,3877600";"0,7030400"
"201900046326";"10";"1";"2019";"05:52";"4";"36";"36202";"1";"1";"1";"7";"Route Départementale 925";"46,7902845";"1,6095523"
"201900046327";"3";"1";"2019";"15:15";"1";"35";"35288";"2";"1";"1";"3";"REPUBLIQUE (BOULEVARD DE LA)";"48,6508500";" -2,0082600"
"201900046328";"12";"1";"2019";"18:50";"5";"35";"35281";"2";"1";"2";"3";"DODIN (AVENUE ROGER)";"48,0848300";" -1,7087800"