"Num_Acc";"jour";"mois";"an";"hrmn";"lum";"dep";"com";"agg";"int";"atm";"col";"adr";"lat";"long"
"201900046329";"11";"1";"2019";"18:00";"3";"35";"35206";"1";"9";"2";"4";"PORTE ALMA";"48,0801260";" -1,6815210"
"201900046330";"11";"1";"2019";"06:55";"3";"35";"35051";"1";"1";"2";"6";"LONGCHAMPS (PORTE DES)";"48,1403290";" -1,6288120"
"201900046331";"11";"1";"2019";"07:55";"2";"35";"35051";"1";"1";"2";"4";"RN136";"48,1406370";" -1,6281167"
"201900046332";"11";"1";"2019";"08:20";"5";"35";"35238";"2";"3";"1";"2";"SAUVAIE (DE LA)";"48,0952600";" -1,6340200"
"201900046333";"10";"1";"2019";"08:15";"2";"35";"35278";"1";"1";"1";"2";"PORTE DE MAUREPAS";"48,1416560";" -1,6669420"
"201900046334";"9";"1";"2019";"11:20";"1";"35";"35278";"1";"1";"1";"2";"RD137";"48,1646300";" -1,7093600"
"201900046335";"9";"1";"2019";"08:17";"2";"35";"35238";"2";"2";"1";"3";"LANGUEDOC (AVENUE DU)";"48,1160500";" -1,7052100"
"201900046336";"7";"1";"2019";"15:30";"1";"35";"35278";"2";"6";"1";"3";"AUGE DE PIERRE (ROND POINT DE L')";"48,1366700";" -1,6929100"
"201900046337";"11";"1";"2019";"14:00";"1";"34";"34172";"2";"2";"1";"3";"CHOLET (RUE DE)";"43,5835800";"3,8661700"
"201900046338";"11";"1";"2019";"05:55";"3";"34";"34172";"1";"1";"1";"6";"BIONNE (RUE DE)";"43,6080560";"3,8213520"
"201900046339";"10";"1";"2019";"12:35";"1";"34";"34172";"2";"1";"1";"3";"CROIX VERTE (RUE DE LA)";"43,6420900";"3,8439100"
"201900046340";"9";"1";"2019";"20:10";"5";"34";"34172";"2";"1";"1";"3";"VALLOIS (RUE PROFESSEUR LEON)";"43,6144200";"3,8838000"
"201900046341";"9";"1";"2019";"08:00";"1";"34";"34172";"2";"1";"1";"3";"ALCO (RUE D'";"43,6197000";"3,8378100"
"201900046342";"4";"1";"2019";"19:50";"5";"33";"33063";"2";"3";"1";"3";"CRS D'ALBRET / PLACE REPUBLIQUE";"44,8346200";" -0,5802900"
"201900046343";"5";"1";"2019";"01:10";"5";"33";"33063";"2";"2";"1";"4";"départ accident 20 Crs de l'Yser";"44,8207200";" -0,5717600"
"201900046344";"6";"1";"2019";"08:55";"2";"33";"33281";"1";"1";"1";"6";"AVE DE BELLEVUE";"44,8350800";" -0,7307700"
"201900046345";"6";"1";"2019";"18:05";"5";"33";"33063";"2";"2";"1";"6";"RUE FERRERE / RUE FOY";"44,8480700";" -0,5727000"
"201900046346";"17";"2";"2019";"18:00";"2";"33";"33069";"2";"2";"1";"3";"Av DE TIVOLI / R.Raymond POINCARE";"44,8622800";" -0,5930800"
"201900046347";"1";"1";"2019";"05:15";"5";"33";"33063";"2";"3";"1";"6";"CRS D'ALBRET / PLACE REPUBLIQUE";"44,8346200";" -0,5802900"
"201900046348";"10";"1";"2019";"10:33";"1";"33";"33009";"2";"2";"1";"3";"GAMBETTA (AVE) DU 01 AU 35";"44,6584100";" -1,1682200"
"201900046349";"11";"1";"2019";"18:02";"5";"32";"32013";"2";"3";"1";"3";"PREMIERE ARMEE FRANCAISE (AVENUE DE LA)";"43,6510500";"0,6024290"
"201900046350";"11";"1";"2019";"07:40";"3";"31";"31555";"2";"1";"1";"6";"66 RTE D AGDE";"43,6251200";"1,4752200"
"201900046351";"10";"1";"2019";"18:00";"1";"31";"31555";"2";"1";"1";"6";"171 route d'Espagne";"43,5530240";"1,4224600"
"201900046352";"10";"1";"2019";"09:15";"1";"31";"31149";"2";"1";"1";"2";"27 MONNET (AVENUE JEAN)";"43,6213360";"1,3450200"
"201900046353";"9";"1";"2019";"08:20";"2";"31";"31555";"1";"1";"1";"3";"VA007306 A64";"43,5576200";"1,4129200"
"201900046354";"8";"1";"2019";"15:35";"1";"31";"31149";"2";"6";"1";"3";"RD PT TERRE ENVOL";"43,5948100";"1,3258000"
"201900046355";"8";"1";"2019";"19:50";"5";"31";"31555";"2";"1";"1";"7";"202 AV JEAN RIEUX";"43,5908200";"1,4695100"
"201900046356";"8";"1";"2019";"18:30";"5";"31";"31555";"2";"1";"2";"6";"158 AV DE LA GLOIRE";"43,6068700";"1,4730200"
"201900046357";"5";"1";"2019";"09:13";"1";"31";"31555";"2";"1";"1";"1";"80 RUE DE CUGNAUX";"43,5938700";"1,4262600"
"201900046358";"7";"1";"2019";"22:10";"5";"31";"31555";"2";"1";"1";"2";"12 BD SILVIO TRENTIN";"43,6229600";"1,4260900"
"201900046359";"8";"1";"2019";"13:50";"1";"31";"31344";"2";"1";"1";"7";"96 VERDUN (RUE DE)";"43,0951700";"0,7483500"
"201900046360";"9";"1";"2019";"18:48";"3";"30";"30189";"1";"3";"1";"3";"ANDUZE (ROUTE OU ANCIENNE ROUTE)";"43,8674630";"4,3011115"
"201900046361";"7";"1";"2019";"08:30";"1";"30";"30189";"2";"1";"1";"6";"11 NOVEMBRE 1918 (SQUARE OU RUE)";"43,8346000";"4,3610000"
"201900046362";"11";"1";"2019";"15:05";"1";"30";"30007";"2";"1";"1";"6";"GAGARINE (AVE YOURI)";"44,1311300";"4,0967240"
"201900046363";"10";"1";"2019";"12:25";"1";"30";"30007";"2";"3";"1";"6";"SERRE (RUE DU DOCTEUR)";"44,1224500";"4,0802000"
"201900046364";"11";"1";"2019";"08:20";"5";"29";"29232";"2";"1";"1";"6";"STANG BIHAN RUE DE";"48,0104200";" -4,0960300"
"201900046365";"10";"1";"2019";"08:13";"5";"29";"29232";"2";"6";"9";"3";"PONTIGOU RUE DU";"48,0021800";" -4,1140460"
"201900046366";"8";"1";"2019";"17:30";"2";"29";"29051";"1";"1";"1";"7";"CORAY ROUTE DE";"48,0271000";" -3,9700500"
"201900046367";"9";"1";"2019";"07:35";"5";"26";"26057";"2";"9";"9";"6";"ALPES PROVENCE (BOULEVARD)";"45,0381900";"5,0554600"
"201900046368";"8";"1";"2019";"18:05";"3";"25";"25056";"2";"1";"2";"6";"CHAMPAGNE RUE DE";"47,2250900";"5,9745300"
"201900046369";"11";"1";"2019";"07:50";"5";"21";"21231";"2";"3";"1";"6";"JOUVENCE (DE) (RUE)";"47,3315600";"5,0384100"
"201900046370";"8";"1";"2019";"07:55";"5";"19";"19272";"2";"9";"5";"6";"Carmes (Pont)";"45,2695200";"1,7741000"
"201900046371";"10";"1";"2019";"08:45";"1";"19";"19031";"2";"3";"1";"6";"MONGE (RUE)";"45,1556509";"1,5460736"
"201900046372";"12";"1";"2019";"04:30";"5";"18";"18279";"2";"1";"1";"6";"DE LATTRE DE TASSIGNY (AVENUE)";"47,2039200";"2,0739200"
"201900046373";"11";"1";"2019";"18:30";"5";"18";"18279";"2";"1";"1";"6";"MERIGOT (RUE LEO )";"47,2272200";"2,0535400"
"201900046374";"11";"1";"2019";"07:38";"3";"17";"17415";"1";"1";"1";"4";"RD 137";"45,7194500";" -0,6367100"
"201900046375";"10";"1";"2019";"10:55";"1";"17";"17306";"2";"1";"1";"6";"54 rue Pierre Loti";"45,6270000";" -1,0316100"
"201900046376";"8";"1";"2019";"02:57";"5";"17";"17306";"2";"1";"9";"6";"BAILLET (BD COLONEL ROBERT)";"45,6265000";" -1,0437000"
"201900046377";"12";"1";"2019";"20:00";"3";"17";"17142";"1";"1";"2";"2";"RN11";"46,1790910";" -1,0965510"
"201900046378";"11";"1";"2019";"08:30";"1";"17";"17028";"2";"1";"1";"4";"NEWTON   RUE";"46,1294180";" -1,0951100"
"201900046379";"10";"1";"2019";"10:40";"1";"17";"17300";"2";"2";"1";"7";"COLIGNY   AVENUE";"46,1615300";" -1,1653900"
"201900046380";"9";"1";"2019";"15:52";"1";"17";"17291";"1";"1";"1";"4";"RN 11";"46,1738320";" -1,1146080"
"201900046381";"9";"1";"2019";"12:10";"1";"17";"17291";"1";"1";"1";"4";"RN 11";"46,1728500";" -1,1178700"
"201900046382";"8";"1";"2019";"19:00";"3";"17";"17291";"1";"1";"1";"4";"RN 11";"46,1730400";" -1,1172200"
"201900046383";"8";"1";"2019";"12:50";"1";"17";"17028";"2";"2";"2";"5";"GAULLE   AVENUE DU GENERAL DE";"46,1297840";" -1,1167240"
"201900046384";"27";"9";"2019";"14:30";"1";"91";"91044";"1";"4";"1";"5";"Route nationale 20";"48,6751750";"2,2951070"
"201900046385";"29";"9";"2019";"10:30";"1";"2A";"2A247";"2";"1";"1";"6";"85 Avenue de Bastia";"41,6018830";"9,2763430"
"201900046386";"29";"9";"2019";"12:20";"1";"48";"48135";"1";"1";"1";"7";"RD 906";"44,4189890";"3,9298110"
"201900046387";"28";"9";"2019";"16:30";"1";"83";"83001";"1";"1";"1";"1";"N/A";"43,5283520";"6,8180640"
"201900046388";"29";"9";"2019";"08:30";"1";"4";"04242";"1";"1";"1";"1";"RD 13";"43,8977438";"5,8356005"
"201900046389";"28";"9";"2019";"05:45";"5";"13";"13022";"1";"1";"1";"6";"CD 41E";"43,2150020";"5,5363760"
"201900046390";"28";"9";"2019";"23:30";"3";"10";"10006";"1";"1";"1";"6";"RD10";"48,5456700";"4,1373280"
"201900046391";"29";"9";"2019";"19:25";"5";"67";"67348";"2";"2";"1";"1";"45 boulevard de l'Europe";"48,4643910";"7,4948260"
"201900046392";"28";"9";"2019";"16:30";"1";"55";"55252";"1";"1";"8";"6";"rd643";"49,4755270";"5,3878870"
"201900046393";"29";"9";"2019";"10:45";"1";"38";"38537";"1";"1";"1";"7";"chemin du bret";"45,6367570";"5,1426490"
"201900046394";"28";"9";"2019";"19:50";"3";"38";"38190";"1";"1";"1";"1";"D 65";"45,8203000";"5,3102800"
"201900046395";"29";"9";"2019";"16:30";"1";"38";"38478";"1";"1";"1";"1";"D 1091";"45,0538000";"5,8392600"
"201900046396";"28";"9";"2019";"19:50";"2";"17";"17086";"1";"1";"1";"1";"route du plessis";"45,7395400";" -0,5438680"
"201900046397";"29";"9";"2019";"10:30";"1";"33";"33339";"2";"1";"7";"5";"50 Avenue des Cotes de Bourg";"45,0347200";" -0,4962300"
"201900046398";"29";"9";"2019";"11:30";"1";"14";"14036";"2";"1";"8";"6";"Chemin du Grand Marais";"49,1648220";" -0,2085260"
"201900046399";"27";"9";"2019";"18:45";"1";"67";"67218";"1";"1";"1";"2";"Autoroute A.35";"48,5321000";"7,6965000"
"201900046400";"25";"9";"2019";"18:44";"1";"67";"67482";"1";"1";"1";"3";"Autoroute A.35";"48,5574000";"7,7330000"
"201900046401";"28";"9";"2019";"17:00";"1";"91";"91377";"1";"1";"1";"6";"AUTOROUTE A10";"48,7276520";"2,3038130"
"201900046402";"28";"9";"2019";"18:50";"1";"92";"92047";"1";"1";"1";"2";"A13";"48,8350356";"2,1743654"
"201900046403";"28";"9";"2019";"09:00";"1";"95";"95488";"1";"1";"1";"3";"AUTOROUTE A15";"49,0114400";"2,1527600"
"201900046404";"27";"9";"2019";"05:00";"3";"92";"92036";"1";"1";"2";"5";"AUTOROUTE A15";"48,9442508";"2,2866746"
"201900046405";"27";"9";"2019";"21:15";"3";"93";"93027";"1";"1";"1";"2";"BDL";"48,9293700";"2,4028700"
"201900046406";"26";"9";"2019";"19:00";"1";"93";"93048";"1";"1";"1";"7";"AUTOROUTE A3";"48,8724000";"2,4349300"
"201900046407";"27";"9";"2019";"18:00";"1";"77";"77258";"1";"1";"1";"5";"A4.W";"48,8299600";"2,6221800"
"201900046408";"25";"9";"2019";"12:20";"1";"63";"63113";"2";"1";"1";"3";"BLERIOT (AVENUE LOUIS)";"45,7832041";"3,1343382"
"201900046409";"7";"9";"2019";"18:50";"1";"62";"62570";"2";"3";"8";"3";"BERNANOS";"50,4018230";"2,8834710"
"201900046410";"29";"6";"2019";"12:15";"1";"54";"54547";"2";"6";"1";"2";"VELODROME (CARREFOUR DU)";"48,6662850";"6,1670180"
"201900046411";"25";"9";"2019";"12:10";"1";"51";"51454";"2";"1";"2";"7";"BOULEVARD CHARLES ARNOULD";"49,2676300";"4,0178900"
"201900046412";"26";"9";"2019";"10:05";"1";"45";"45234";"2";"1";"2";"7";"BOULEVARD SAINT EUVERTE";"47,9031008";"1,9173430"
"201900046413";"17";"1";"2019";"16:45";"2";"37";"37208";"2";"1";"1";"6";"DE LARCAY (RUE)";"47,3687391";"0,7413885"
"201900046414";"27";"9";"2019";"00:10";"5";"13";"13207";"2";"9";"1";"5";"Corniche John Fitzgérald Kennedy";"43,2766110";"5,3579330"
"201900046415";"26";"9";"2019";"16:20";"1";"13";"13205";"2";"1";"1";"6";"ROGER BRUN (RUE)";"43,2872400";"5,3925900"
"201900046416";"26";"9";"2019";"17:13";"1";"10";"10333";"2";"1";"1";"4";"AUXERRE (ROUTE)";"48,2747000";"4,0595000"
"201900046417";"25";"9";"2019";"12:20";"1";"10";"10362";"2";"1";"3";"6";"ANTOINE PARMENTIER (RUE)";"48,2947600";"4,0559400"
"201900046418";"27";"9";"2019";"08:50";"1";"94";"94055";"2";"3";"8";"3";"OLIVIER D ORMESSON (AV)";"48,7840800";"2,5363800"
"201900046419";"25";"9";"2019";"07:00";"2";"92";"92025";"2";"2";"1";"3";"PAUL BERT (RUE)";"48,9309567";"2,2445983"
"201900046420";"25";"9";"2019";"14:00";"1";"93";"93005";"1";"1";"8";"4";"AUTOROUTE A3";"48,9508000";"2,4743500"
"201900046421";"24";"9";"2019";"21:20";"1";"92";"92047";"1";"1";"1";"6";"A13";"48,8398452";"2,2076946"
"201900046422";"27";"9";"2019";"16:17";"1";"988";"98818";"2";"6";"1";"3";"NORMANDIE N-E-1 (ROUTE PROVINCIALE DU)";" -22,2601100";"166,4448000"
"201900046423";"27";"9";"2019";"07:00";"1";"974";"97416";"1";"1";"1";"2";"RN03";" -21,3227000";"55,4803000"
"201900046424";"26";"9";"2019";"13:30";"1";"974";"97416";"1";"3";"1";"3";"LIGNE PARADIS(ROUTE DE LA)";" -21,3082200";"55,4674900"
"201900046425";"28";"9";"2019";"01:30";"5";"974";"97407";"2";"9";"1";"3";"COMMUNE DE PARIS (AVENUE)";" -20,9377000";"55,2906000"
"201900046426";"27";"9";"2019";"13:25";"1";"974";"97407";"2";"1";"1";"3";"ROUTE DU SACRE COEUR";" -20,9561100";"55,3122200"
"201900046427";"27";"9";"2019";"12:30";"1";"69";"69387";"2";"3";"1";"3";"YVES FARGES                         (BD)";"45,7403400";"4,8317400"
"201900046428";"27";"9";"2019";"14:20";"1";"69";"69387";"2";"1";"1";"3";"UNIVERSITE (DE L')                  (R )";"45,7514700";"4,8380600"
"201900046429";"27";"9";"2019";"16:40";"1";"972";"97209";"2";"1";"1";"3";"RN9";"14,5966400";" -61,0551900"
"201900046430";"27";"9";"2019";"17:00";"1";"972";"97209";"2";"9";"1";"6";"MARNE (BOULEVARD DE LA)";"14,6048200";" -61,0847700"
"201900046431";"27";"9";"2019";"08:50";"1";"972";"97209";"2";"1";"1";"3";"ABBE LAVIGNE (AVENUE)";"14,6132940";" -61,0726440"
"201900046432";"27";"9";"2019";"08:05";"1";"972";"97209";"2";"1";"1";"6";"NORD (BOULEVARD DU)";"14,6337000";" -61,0682000"
"201900046433";"27";"9";"2019";"16:45";"1";"69";"69389";"2";"2";"1";"3";"CLAIRE (DE LA)                      (R )";"45,7803300";"4,8071880"
"201900046434";"27";"9";"2019";"13:15";"1";"69";"69382";"2";"1";"1";"4";"MARECHAL JOFFRE (DU)                (QU)";"45,7516900";"4,8239900"
"201900046435";"26";"9";"2019";"12:15";"1";"69";"69034";"2";"1";"1";"6";"ST CLAIR (DE)                       (GR)";"45,7883200";"4,8525100"
"201900046436";"27";"9";"2019";"12:10";"1";"2A";"2A004";"2";"6";"1";"3";"T21";"41,9299000";"8,7574000"
"201900046437";"26";"9";"2019";"18:15";"1";"95";"95539";"2";"2";"1";"2";"RD 301";"48,9916360";"2,3601920"
"201900046438";"23";"9";"2019";"20:35";"5";"91";"91477";"2";"9";"1";"6";"COSMONAUTES (AVENUE DES)";"48,7142800";"2,2585000"
"201900046439";"27";"9";"2019";"21:00";"5";"91";"91286";"2";"1";"1";"6";"CORBEIL (ROUTE DE)";"48,6531600";"2,3949700"
"201900046440";"27";"9";"2019";"15:15";"1";"91";"91286";"2";"2";"1";"3";"PLESSIS (CHEMIN DU)";"48,6518300";"2,3849800"
"201900046441";"27";"9";"2019";"01:25";"5";"87";"87085";"2";"1";"2";"1";"LATTRE-DE-TASSIGNY (AVENUE DU MARECHAL)";"45,8268300";"1,2858000"
"201900046442";"26";"6";"2019";"18:09";"1";"86";"86194";"1";"6";"1";"3";"PARTHENAY (Rte de) (RD 30)";"46,6046100";"0,3084100"
"201900046443";"26";"9";"2019";"20:00";"4";"83";"83062";"2";"2";"1";"3";"FABRI DE PEIRESC (AVENUE)";"43,1409600";"6,0299800"
"201900046444";"20";"9";"2019";"12:30";"1";"78";"78640";"2";"1";"1";"6";"GENERAL VALERIE ANDRE (RUE DU)";"48,7776100";"2,1915100"
"201900046445";"24";"9";"2019";"17:10";"1";"77";"77243";"2";"9";"1";"6";"DELAMBRE (RUE  )";"48,8792500";"2,7061800"
"201900046446";"26";"9";"2019";"13:02";"1";"77";"77070";"1";"1";"2";"1";"D 934";"48,7874300";"3,1396700"
"201900046447";"25";"9";"2019";"13:10";"1";"77";"77070";"1";"1";"2";"1";"D 934";"48,7875100";"3,1312400"
"201900046448";"26";"9";"2019";"16:00";"1";"76";"76402";"2";"1";"1";"6";"MARTYRS DE LA RESISTANCE. RUE DES";"49,5267700";"1,0404600"
"201900046449";"27";"9";"2019";"08:15";"1";"74";"74012";"2";"1";"1";"3";"GENEVE (RUE DE)";"46,1930200";"6,2264400"
"201900046450";"25";"9";"2019";"12:10";"1";"74";"74012";"2";"2";"1";"3";"DUSSONCHET (RUE JEAN-PHILIPPE)";"46,1876100";"6,2454600"
"201900046451";"27";"9";"2019";"21:50";"5";"72";"72181";"2";"1";"1";"3";"PIFFAULT PIERRE (AV) BESSEMER A MONNIER";"47,9614600";"0,1864600"
"201900046452";"27";"9";"2019";"19:38";"2";"72";"72181";"2";"1";"1";"4";"CUGNOT NICOLAS (BD)";"47,9853800";"0,2240200"
"201900046453";"27";"9";"2019";"17:00";"1";"72";"72181";"2";"2";"1";"3";"RUBILLARD AV N° PAIRS 2 A 116";"48,0109300";"0,1816400"
"201900046454";"27";"9";"2019";"11:00";"1";"72";"72095";"2";"9";"1";"3";"BELLE ILE (RUE DE)";"47,9958900";"0,2069600"
"201900046455";"27";"9";"2019";"22:10";"5";"69";"69266";"2";"3";"1";"3";"GENAS    (Route de)";"45,7545300";"4,8820500"
"201900046456";"28";"9";"2019";"00:50";"5";"67";"67462";"2";"2";"1";"3";"CARREFOUR LES CHATEAUX";"48,2629020";"7,4411200"
"201900046457";"27";"9";"2019";"12:50";"1";"66";"66136";"2";"1";"1";"6";"7 rue du castillet";"42,7008900";"2,8948900"
"201900046458";"26";"9";"2019";"16:28";"1";"66";"66136";"2";"1";"1";"6";"36 ave Paul Alduy";"42,6847600";"2,9018360"
"201900046459";"26";"9";"2019";"20:50";"5";"64";"64125";"2";"1";"1";"3";"BIARRITZ (AVENUE DE)";"43,4583453";" -1,5725829"
"201900046460";"15";"9";"2019";"05:00";"5";"62";"62250";"1";"1";"1";"6";"DOUAI (CHE. DE)";"50,4507040";"2,9504890"
"201900046461";"27";"9";"2019";"09:15";"1";"62";"62193";"2";"1";"2";"6";"GAMBETTA (BOULEVARD)";"50,9461541";"1,8396028"
"201900046462";"28";"9";"2019";"00:15";"5";"60";"60159";"2";"3";"1";"3";"HUY (AV. DE)";"49,4025576";"2,8188515"
"201900046463";"27";"9";"2019";"13:00";"1";"59";"59279";"2";"2";"1";"6";"LILLE (RUE DE)";"50,7827990";"3,1261110"
"201900046464";"27";"9";"2019";"22:30";"5";"59";"59183";"2";"2";"2";"3";"PETITE-SYNTHE CD 940 - AVENUE";"51,0204900";"2,3321900"
"201900046465";"14";"10";"2019";"12:10";"1";"57";"57221";"2";"1";"1";"6";"LORRAINE (AVENUE DE)";"49,3253434";"6,1215359"
"201900046466";"26";"9";"2019";"06:05";"5";"57";"57672";"2";"1";"2";"6";"ROBERT SCHUMANN (BOULEVARD)";"49,3533100";"6,1748000"
"201900046467";"26";"9";"2019";"23:50";"5";"56";"56121";"2";"6";"1";"7";"NORMANDIE (BD DE)";"47,7599200";" -3,3660000"
"201900046468";"27";"9";"2019";"15:00";"1";"54";"54265";"2";"9";"2";"3";"rue de Vandoeuvre";"48,6512920";"6,1779290"
"201900046469";"22";"3";"2019";"14:30";"1";"54";"54395";"2";"1";"1";"6";"AUSTRASIE (BOULEVARD)";"48,6899700";"6,2028500"
"201900046470";"22";"3";"2019";"11:45";"1";"54";"54547";"2";"1";"1";"1";"WILSON (RUE)";"48,6709140";"6,1785900"
"201900046471";"27";"9";"2019";"11:20";"1";"54";"54395";"2";"1";"1";"2";"CARMES (RUE DES)";"48,6919240";"6,1802680"
"201900046472";"27";"9";"2019";"11:05";"1";"54";"54197";"1";"1";"1";"3";"RD71";"48,6385780";"6,2113250"
"201900046473";"19";"3";"2019";"08:40";"1";"54";"54547";"2";"1";"1";"7";"EUROPE (BOULEVARD DE L')";"48,6625200";"6,1727800"
"201900046474";"31";"3";"2019";"18:15";"1";"54";"54184";"2";"1";"1";"2";"PATTON (RUE DU GENERAL)";"48,7053500";"6,2206000"
"201900046475";"26";"9";"2019";"13:35";"1";"50";"50602";"2";"9";"1";"3";"LEMARESQUIER (RUE AUGUSTIN)";"49,6468200";" -1,5805100"
"201900046476";"27";"9";"2019";"15:30";"1";"45";"45234";"2";"1";"1";"6";"RUE AUX LIGNEAUX";"47,9047982";"1,9306088"
"201900046477";"26";"9";"2019";"15:55";"1";"38";"38563";"2";"3";"1";"6";"RAVAT (RUE J.)";"45,3684000";"5,5869400"
"201900046478";"27";"9";"2019";"17:56";"1";"35";"35238";"2";"2";"1";"6";"ITALIE (AVENUE D')";"48,0881400";" -1,6677500"
"201900046479";"27";"9";"2019";"08:00";"2";"35";"35238";"2";"1";"1";"6";"PATTON (AVENUE DU GENERAL SIR GEORGES)";"48,1356400";" -1,6595200"
"201900046480";"27";"9";"2019";"11:45";"1";"34";"34172";"2";"1";"1";"3";"MONTPELLIER (AVENUE MARIE DE)";"43,6017100";"3,9002500"
"201900046481";"27";"9";"2019";"09:00";"1";"34";"34172";"2";"3";"1";"6";"PAS DU LOUP (RUE DU";"43,5965802";"3,8449626"
"201900046482";"27";"9";"2019";"08:35";"1";"34";"34172";"2";"2";"1";"3";"CHASLES (RUE MICHEL)";"43,6129200";"3,9065000"
"201900046483";"27";"9";"2019";"07:10";"3";"33";"33318";"2";"3";"1";"1";"AVE MAL DE LATTRE DE TASSIGNY";"44,7807900";" -0,6923100"
"201900046484";"26";"9";"2019";"21:50";"5";"33";"33550";"2";"1";"1";"3";"PYRENEES (AVE DES)";"44,7662800";" -0,5628700"
"201900046485";"26";"9";"2019";"22:28";"5";"33";"33318";"2";"3";"1";"6";"BD DU HAUT LIVRAC";"44,7987995";" -0,6722589"
"201900046486";"26";"9";"2019";"19:00";"1";"33";"33069";"2";"6";"1";"6";"AVE D'EYSINES";"44,8606700";" -0,6129300"
"201900046487";"20";"9";"2019";"19:20";"1";"33";"33063";"2";"3";"1";"2";"Bd Godard / R. Ampère (à proximité de)";"44,8622200";" -0,5851000"
"201900046488";"26";"9";"2019";"14:00";"1";"33";"33281";"2";"2";"1";"3";"AVE DE VERDUN";"44,8393700";" -0,6351800"
"201900046489";"26";"9";"2019";"12:48";"1";"33";"33318";"2";"3";"1";"3";"AVE ROGER COHE";"44,8091200";" -0,6328200"
"201900046490";"25";"9";"2019";"20:15";"5";"33";"33063";"2";"3";"2";"3";"Av des Quarante Journaux / Voie Parking Auchan";"44,8787500";" -0,5684400"
"201900046491";"25";"9";"2019";"14:45";"1";"33";"33063";"2";"2";"1";"3";"R. Lacornée / R. Tastet";"44,8347600";" -0,5827900"
"201900046492";"25";"9";"2019";"14:10";"1";"33";"33318";"2";"3";"2";"3";"AVE DU DOCTEUR NANCEL PENARD";"44,8090200";" -0,6345000"
"201900046493";"27";"9";"2019";"14:00";"1";"31";"31555";"2";"6";"1";"3";"ROND POINT LALANDE";"43,6527300";"1,4247000"
"201900046494";"27";"9";"2019";"07:05";"4";"29";"29232";"2";"4";"1";"6";"MENDES FRANCE  PIERRE AVENUE";"47,9783622";" -4,1216522"
"201900046495";"28";"9";"2019";"01:05";"3";"29";"29019";"2";"2";"1";"3";"8 AVENUE CLEMENCEAU";"48,3898183";" -4,4855895"
"201900046496";"21";"9";"2019";"20:50";"5";"28";"28085";"2";"1";"1";"3";"COURTILLE (BOULEVARD DE LA)";"48,4421000";"1,4934000"
"201900046497";"27";"9";"2019";"01:10";"5";"16";"16089";"1";"1";"2";"6";" RUE FRANÇOIS MITTERRAND";"45,6752600";" -0,3044500"
"201900046498";"27";"9";"2019";"13:05";"1";"13";"13117";"2";"7";"1";"3";"TOUCHE ( RUE HILAIRE)";"43,4459410";"5,2502340"
"201900046499";"26";"9";"2019";"15:20";"1";"13";"13039";"1";"1";"1";"6";"SAINT-GERVAIS (Carrefour)";"43,4335293";"4,9406505"
"201900046500";"27";"9";"2019";"18:50";"2";"13";"13208";"2";"1";"1";"3";"MAZARGUES (AVENUE DE)";"43,2605000";"5,3939270"
"201900046501";"27";"9";"2019";"15:20";"1";"13";"13210";"2";"1";"1";"4";"FRANCOIS MAURIAC (RUE)";"43,2724940";"5,4210430"
"201900046502";"27";"9";"2019";"08:30";"1";"13";"13063";"2";"1";"1";"2";"SAINT SUSPY CHEMIN DE";"43,5872380";"5,0137510"
"201900046503";"26";"9";"2019";"09:10";"1";"13";"13028";"2";"6";"1";"2";"DULAC (AVENUE GUILLAUME)";"43,1926400";"5,6092100"
"201900046504";"27";"9";"2019";"21:30";"5";"10";"10333";"2";"2";"2";"3";"VICTOR HUGO (RUE)";"48,2834600";"4,0683100"
"201900046505";"27";"9";"2019";"18:45";"1";"9";"09122";"2";"1";"1";"6";"LAFAGETTE (AVENUE)";"42,9531700";"1,6076100"
"201900046506";"26";"9";"2019";"15:35";"1";"6";"06027";"2";"1";"1";"6";"CHENES AVENUE DES";"43,6610040";"7,1588370"
"201900046507";"26";"9";"2019";"12:15";"1";"5";"05061";"1";"1";"1";"7";"plaine de lachaup";"44,5118000";"6,0437200"
"201900046508";"27";"9";"2019";"19:25";"2";"4";"04070";"1";"1";"1";"1";"RN 85";"44,0701078";"6,2087104"
"201900046509";"25";"9";"2019";"06:56";"2";"75";"75118";"2";"1";"2";"1";"RUE DE L EVANGILE";"48,8936144";"2,3643595"
"201900046510";"26";"9";"2019";"23:15";"5";"75";"75105";"2";"2";"1";"6";"RUE GAY LUSSAC";"48,8443487";"2,3420402"
"201900046511";"27";"9";"2019";"16:30";"1";"75";"75120";"2";"1";"2";"3";"BOULEVARD MORTIER";"48,8740130";"2,4083260"
"201900046512";"27";"9";"2019";"18:00";"1";"75";"75117";"2";"2";"2";"3";"PLACE DU BRESIL";"48,8842460";"2,3026660"
"201900046513";"27";"9";"2019";"14:00";"1";"75";"75116";"2";"5";"1";"6";"AVENUE VICTOR HUGO";"48,8678483";"2,2810686"
"201900046514";"27";"9";"2019";"13:00";"1";"75";"75116";"2";"7";"2";"3";"PLACE DU TROCADERO ET DU 11 NOVEMBRE";"48,8625224";"2,2872586"
"201900046515";"27";"9";"2019";"00:40";"5";"75";"75114";"2";"2";"2";"3";"BOULEVARD ROMAIN ROLLAND";"48,8198588";"2,3255052"
"201900046516";"26";"9";"2019";"09:15";"1";"75";"75114";"2";"3";"8";"3";"BOULEVARD RASPAIL";"48,8387025";"2,3308370"
"201900046517";"27";"9";"2019";"00:20";"5";"75";"75113";"2";"1";"2";"6";"QUAI D AUSTERLITZ";"48,8393663";"2,3713879"
"201900046518";"27";"9";"2019";"00:05";"5";"75";"75113";"2";"3";"3";"7";"QUAI FRANCOIS MAURIAC";"48,8356823";"2,3753723"