"Num_Acc";"jour";"mois";"an";"hrmn";"lum";"dep";"com";"agg";"int";"atm";"col";"adr";"lat";"long"
"201900046519";"27";"9";"2019";"12:35";"1";"75";"75112";"2";"3";"1";"6";"BOULEVARD PONIATOWSKI";"48,8325640";"2,4001330"
"201900046520";"26";"9";"2019";"10:10";"1";"75";"75112";"2";"3";"8";"2";"BOULEVARD PONIATOWSKI";"48,8292489";"2,3903755"
"201900046521";"27";"9";"2019";"16:40";"1";"75";"75110";"2";"3";"1";"3";"RUE DU FAUBOURG SAINT MARTIN";"48,8803880";"2,3643250"
"201900046522";"27";"9";"2019";"02:05";"5";"75";"75108";"2";"5";"2";"6";"AVENUE DES CHAMPS ELYSEES";"48,8701243";"2,3065958"
"201900046523";"26";"9";"2019";"22:50";"5";"75";"75108";"2";"7";"1";"6";"PLACE DE LA CONCORDE";"48,8649427";"2,3193334"
"201900046524";"27";"9";"2019";"10:40";"1";"75";"75103";"2";"1";"1";"3";"BOULEVARD SAINT MARTIN";"48,8685675";"2,3582180"
"201900046525";"26";"9";"2019";"11:45";"1";"75";"75104";"2";"1";"8";"7";"BOULEVARD BOURDON";"48,8479440";"2,3659220"
"201900046526";"26";"9";"2019";"12:35";"1";"75";"75103";"2";"3";"8";"6";"RUE CHARLOT";"48,8640351";"2,3639198"
"201900046527";"25";"9";"2019";"12:35";"2";"94";"94081";"2";"3";"1";"3";"PAUL ARMANGOT (R)";"48,7766240";"2,3761360"
"201900046528";"27";"9";"2019";"03:35";"5";"94";"94076";"2";"2";"2";"3";"MAXIME GORKI (BD)";"48,7886100";"2,3683800"
"201900046529";"26";"9";"2019";"08:00";"2";"94";"94016";"2";"1";"2";"6";"DIVISION LECLERC (AV DE LA)";"48,7863006";"2,3291539"
"201900046530";"27";"9";"2019";"19:45";"5";"94";"94076";"2";"1";"2";"6";"PARIS (AV DE)";"48,7979000";"2,3660000"
"201900046531";"27";"9";"2019";"20:53";"4";"94";"94059";"2";"9";"1";"3";"MARECHALE (AV DE LA)";"48,8100000";"2,5700000"
"201900046532";"26";"9";"2019";"16:15";"1";"94";"94002";"2";"1";"8";"6";"ETIENNE DOLET (R)";"48,7951200";"2,4253800"
"201900046533";"27";"9";"2019";"15:45";"1";"93";"93039";"2";"1";"1";"2";"CHATELIER (QUAI DU )";"48,9197900";"2,3289600"
"201900046534";"27";"9";"2019";"14:50";"1";"93";"93053";"2";"3";"8";"6";"LEO LAGRANGE (RUE)";"48,8917233";"2,4516726"
"201900046535";"27";"9";"2019";"08:14";"1";"93";"93046";"2";"2";"1";"2";"MAURICE BERTHEAUX ALLEE";"48,9141201";"2,5158423"
"201900046536";"27";"9";"2019";"18:15";"1";"93";"93006";"2";"9";"1";"2";"RASPAIL AVENUE";"48,8761410";"2,4271090"
"201900046537";"25";"9";"2019";"09:10";"1";"93";"93031";"2";"1";"2";"6";"SAULES (CHEMIN DES)";"48,9595300";"2,3104200"
"201900046538";"27";"9";"2019";"09:40";"1";"93";"93010";"2";"1";"1";"6";"GUESDES (RUE JULES)";"48,9036330";"2,4775070"
"201900046539";"27";"9";"2019";"20:30";"5";"93";"93005";"2";"3";"8";"3";"EUGENE DELACROIX (RUE)";"48,9511817";"2,4989703"
"201900046540";"27";"9";"2019";"13:15";"1";"92";"92064";"2";"1";"2";"2";"DAILLY";"48,8441600";"2,2173900"
"201900046541";"26";"9";"2019";"02:36";"5";"92";"92051";"2";"1";"1";"2";"CHARLES DE GAULLE (AVENUE, N° 18 A 116)";"48,8813200";"2,2714400"
"201900046542";"27";"9";"2019";"16:20";"1";"92";"92050";"2";"1";"1";"3";"ALLENDE SALVADOR RUE";"48,8955840";"2,2207310"
"201900046543";"26";"9";"2019";"13:10";"1";"92";"92050";"2";"2";"1";"3";"PONS NOEL RUE";"48,9041391";"2,2191417"
"201900046544";"27";"9";"2019";"18:30";"1";"92";"92049";"2";"2";"8";"2";"GINOUX AVENUE HENRI AUTRES N°";"48,8182300";"2,3224100"
"201900046545";"27";"9";"2019";"17:45";"1";"92";"92049";"2";"1";"8";"3";"BROSSOLETTE AVENUE PIERRE";"48,8132894";"2,3020294"
"201900046546";"27";"9";"2019";"09:00";"1";"92";"92020";"2";"3";"1";"1";"VERDUN AVENUE DE AUTRES N°";"48,8015000";"2,2845600"
"201900046547";"27";"9";"2019";"08:40";"1";"92";"92020";"2";"1";"1";"7";"PARIS AVENUE DE N° IMPAIRS";"48,8048691";"2,2899429"
"201900046548";"27";"9";"2019";"10:50";"1";"92";"92044";"2";"2";"1";"6";"LOUIS ROUQUIER(RUE)47A111 ET 50A104";"48,8913766";"2,2883626"
"201900046549";"26";"9";"2019";"23:00";"5";"92";"92024";"2";"6";"2";"3";"REPUBLIQUE (PLACE DE LA)";"48,9030200";"2,3127600"
"201900046550";"26";"9";"2019";"09:35";"1";"92";"92004";"2";"3";"1";"3";"DOCTEUR DERVAUX  ( QUAI DU )";"48,9051300";"2,2876500"
"201900046551";"27";"9";"2019";"07:35";"2";"92";"92004";"2";"1";"1";"3";"AULAGNIER ( QUAI )";"48,9141105";"2,3100413"
"201900046552";"28";"9";"2019";"11:15";"1";"1";"01416";"1";"9";"1";"3";"RD21";"45,9286080";"5,5253240"
"201900046553";"28";"9";"2019";"12:50";"1";"57";"57365";"1";"2";"1";"3";"D855";"49,4015890";"6,4147010"
"201900046554";"23";"9";"2019";"00:10";"5";"974";"97405";"1";"6";"3";"6";"Rue Augustin Mezino";" -21,3675790";"55,5684720"
"201900046555";"25";"9";"2019";"07:20";"1";"972";"97205";"1";"9";"1";"3";"LA CARAIBE";"14,6306150";" -61,1234660"
"201900046556";"1";"9";"2019";"16:35";"1";"23";"23101";"1";"1";"2";"7";"route départementale 940";"46,2563990";"1,9354800"
"201900046557";"27";"9";"2019";"18:30";"1";"22";"22044";"1";"1";"1";"4";"N/A";"48,4757069";" -2,5805766"
"201900046558";"28";"9";"2019";"08:50";"1";"6";"06046";"2";"1";"1";"3";"RM6202";"43,7623720";"7,2035950"
"201900046559";"26";"9";"2019";"21:50";"5";"84";"84039";"2";"9";"1";"1";"444 Boulevard Jean Vilar";"44,0918750";"4,8824270"
"201900046560";"28";"9";"2019";"00:15";"3";"62";"62280";"1";"1";"1";"1";"RD 956";"50,2448300";"2,9957200"
"201900046561";"28";"9";"2019";"09:25";"1";"83";"83057";"1";"1";"1";"1";"RDN7 - Pichabert";"43,3719210";"6,2179720"
"201900046562";"26";"9";"2019";"17:48";"1";"74";"74071";"1";"1";"1";"3";"D 1508   PK 012+900";"46,0262760";"5,8989000"
"201900046563";"27";"9";"2019";"21:10";"3";"67";"67528";"1";"3";"1";"7";"route départementale 1061";"48,8695920";"7,1725450"
"201900046564";"30";"8";"2019";"22:10";"3";"78";"78466";"1";"1";"1";"2";"A13";"48,9250500";"1,9988550"
"201900046565";"30";"8";"2019";"17:10";"1";"78";"78640";"1";"1";"1";"5";"N118";"48,7822550";"2,2230500"
"201900046566";"29";"8";"2019";"09:14";"1";"78";"78646";"1";"1";"1";"6";"RN12";"48,7850830";"2,1553990"
"201900046567";"26";"8";"2019";"18:43";"1";"78";"78640";"1";"1";"1";"4";"A86 EXT";"48,7776920";"2,2195270"
"201900046568";"26";"8";"2019";"18:38";"1";"92";"92025";"1";"1";"1";"3";"A86";"48,9237681";"2,2299620"
"201900046569";"30";"8";"2019";"19:45";"1";"93";"93066";"1";"1";"1";"5";"AUTOROUTE A1";"48,9139500";"2,3580000"
"201900046570";"30";"8";"2019";"13:45";"1";"93";"93006";"1";"1";"7";"2";"AUTOROUTE A3";"48,8655800";"2,4188200"
"201900046571";"30";"8";"2019";"10:50";"1";"95";"95365";"1";"1";"1";"7";"RN 104";"49,0658100";"2,4065800"
"201900046572";"30";"8";"2019";"00:55";"3";"95";"95678";"1";"1";"1";"6";"RN 104";"49,0731300";"2,2387400"
"201900046573";"29";"8";"2019";"18:25";"1";"93";"93010";"1";"1";"1";"3";"AUTOROUTE A86";"48,8890311";"2,4737330"
"201900046574";"29";"8";"2019";"17:30";"1";"93";"93078";"1";"1";"1";"2";"AUTOROUTE A104";"48,9624700";"2,5475800"
"201900046575";"29";"8";"2019";"16:15";"1";"95";"95351";"1";"1";"1";"6";"RN 104";"49,0436700";"2,4792300"
"201900046576";"29";"8";"2019";"11:30";"1";"93";"93063";"1";"1";"1";"3";"AUTOROUTE A3";"48,8784300";"2,4471400"
"201900046577";"28";"8";"2019";"18:45";"1";"93";"93005";"1";"1";"1";"3";"AUTOROUTE A3";"48,9535200";"2,4738100"
"201900046578";"28";"8";"2019";"18:25";"1";"95";"95018";"1";"1";"1";"4";"AUTOROUTE A15";"48,9552300";"2,2759500"
"201900046579";"28";"8";"2019";"11:50";"1";"93";"93005";"1";"1";"1";"2";"AUTOROUTE A3";"48,9553300";"2,4734900"
"201900046580";"27";"8";"2019";"19:55";"1";"95";"95306";"1";"1";"1";"6";"AUTOROUTE A15";"49,0086300";"2,1599800"
"201900046581";"26";"8";"2019";"12:30";"1";"95";"95678";"1";"1";"1";"3";"RN 184";"49,0698500";"2,2213200"
"201900046582";"27";"8";"2019";"02:30";"3";"95";"95604";"1";"1";"1";"6";"AUTOROUTE A1";"49,1058900";"2,5507900"
"201900046583";"26";"8";"2019";"18:30";"1";"95";"95060";"1";"1";"1";"4";"AUTOROUTE A115";"49,0432300";"2,1882600"
"201900046584";"25";"8";"2019";"21:00";"2";"95";"95678";"1";"1";"1";"6";"RN 184";"49,0626200";"2,2127600"
"201900046585";"26";"8";"2019";"01:00";"3";"93";"93066";"1";"1";"1";"3";"AUTOROUTE A1";"48,9193700";"2,3575400"
"201900046586";"30";"8";"2019";"19:50";"1";"94";"94017";"1";"1";"1";"3";"A4";"48,8271300";"2,5240300"
"201900046587";"30";"8";"2019";"14:20";"1";"94";"94017";"1";"1";"1";"3";"A4";"48,8264500";"2,5164700"
"201900046588";"30";"8";"2019";"11:40";"1";"94";"94081";"1";"1";"1";"2";"A86 INT";"48,7739860";"2,4034030"
"201900046589";"30";"8";"2019";"07:00";"1";"77";"77258";"1";"1";"1";"3";"A4.Y";"48,8300430";"2,6271810"
"201900046590";"29";"8";"2019";"19:20";"1";"77";"77169";"1";"1";"1";"3";"A4.Y";"48,8327340";"2,5960560"
"201900046591";"29";"8";"2019";"19:00";"1";"77";"77294";"1";"1";"1";"2";"A104";"48,9707420";"2,5717420"
"201900046592";"29";"8";"2019";"15:20";"1";"94";"94065";"1";"1";"1";"2";"A86 INT";"48,7562517";"2,3404216"
"201900046593";"27";"8";"2019";"13:55";"1";"77";"77249";"1";"1";"1";"3";"RN104";"48,7436930";"2,6125370"
"201900046594";"26";"8";"2019";"11:15";"1";"94";"94073";"1";"1";"1";"2";"A86 INT";"48,7596210";"2,3833326"
"201900046595";"26";"8";"2019";"08:15";"1";"94";"94044";"1";"1";"1";"6";"RN406.W";"48,7575714";"2,4780214"
"201900046596";"18";"8";"2019";"13:30";"1";"77";"77258";"1";"1";"2";"6";"A4.Y";"48,8306000";"2,6323000"
"201900046597";"25";"8";"2019";"00:50";"5";"92";"92050";"1";"1";"1";"5";"A14";"48,8955515";"2,2267127"
"201900046598";"25";"8";"2019";"19:50";"1";"69";"69388";"2";"2";"1";"3";"ST AGNAN                            (R )";"45,7396000";"4,8621300"
"201900046599";"25";"8";"2019";"19:10";"2";"69";"69199";"2";"3";"1";"3";"ALBERT THOMAS                       (AV)";"45,7079800";"4,8589300"
"201900046600";"24";"8";"2019";"12:10";"1";"69";"69388";"2";"1";"1";"6";"ST GERVAIS                          (R )";"45,7419840";"4,8622200"
"201900046601";"24";"8";"2019";"12:05";"1";"69";"69034";"2";"1";"1";"7";"MARC SANGNIER                       (AV)";"45,7963400";"4,8474400"
"201900046602";"25";"8";"2019";"14:30";"1";"69";"69384";"2";"1";"1";"6";"PHILIPPE DE LASSALLE                (R )";"45,7839000";"4,8208200"
"201900046603";"25";"8";"2019";"02:30";"5";"69";"69381";"2";"2";"1";"3";"ROYALE                              (R )";"45,7705200";"4,8372500"
"201900046604";"25";"8";"2019";"14:30";"1";"83";"83137";"2";"9";"1";"3";"CAMUS (AVE ALBERT)";"43,1303290";"5,8817780"
"201900046605";"25";"8";"2019";"05:45";"3";"83";"83126";"1";"1";"1";"1";"LA SEYNE A OLLIOULES (CHEMIN DE)";"43,1237160";"5,8470290"
"201900046606";"20";"8";"2019";"19:10";"1";"83";"83118";"2";"1";"1";"2";"BOULEVARD DE L'ASPÉ";"43,2500000";"6,4800000"
"201900046607";"24";"8";"2019";"18:00";"2";"69";"69266";"2";"1";"1";"1";"8 MAI 1945   (Rue du)";"45,7811900";"4,8913600"
"201900046608";"25";"8";"2019";"07:20";"1";"69";"69266";"2";"2";"1";"3";"EMILE ZOLA     (Cours)";"45,7706000";"4,8737000"
"201900046609";"25";"8";"2019";"14:00";"1";"69";"69264";"2";"2";"1";"3";"NATIONALE (R)";"45,9872600";"4,7183300"
"201900046610";"25";"8";"2019";"18:30";"1";"64";"64445";"2";"1";"1";"3";"ALSACE LORRAINE D'";"43,3029900";" -0,3626400"
"201900046611";"24";"8";"2019";"12:30";"1";"59";"59090";"2";"6";"1";"2";"LEBAS (RUE JEAN BAPTISTE)";"50,7148250";"3,1178360"
"201900046612";"25";"8";"2019";"03:32";"5";"59";"59410";"2";"3";"1";"3";"ACACIAS AVENUE DES";"50,6420000";"3,0993100"
"201900046613";"25";"8";"2019";"19:40";"1";"59";"59122";"2";"3";"1";"3";"LIBERTE (BOULEVARD DE LA)";"50,1702000";"3,2315000"
"201900046614";"24";"8";"2019";"10:08";"1";"56";"56260";"2";"1";"1";"6";"MARTIN(RUE JEAN)";"47,6541600";" -2,7487000"
"201900046615";"25";"8";"2019";"03:20";"3";"47";"47215";"1";"1";"1";"7";"MON PUJOLS (cote du)";"44,3868883";"0,6838936"
"201900046616";"25";"8";"2019";"19:30";"1";"35";"35238";"2";"1";"1";"2";"ROCADE 11-12";"48,1226500";" -1,7193300"
"201900046617";"25";"8";"2019";"19:55";"2";"34";"34172";"2";"1";"1";"4";"PAVELET (AVENUE DU COLONEL)";"43,5799694";"3,8685704"
"201900046618";"25";"8";"2019";"17:00";"1";"34";"34172";"2";"6";"1";"3";"FLANDRES-DUNKERQUE (PLACE)";"43,5895000";"3,8566000"
"201900046619";"25";"8";"2019";"07:45";"1";"34";"34172";"2";"1";"1";"1";"BOUNIN (RUE JACQUES)";"43,5920600";"3,8616700"
"201900046620";"24";"8";"2019";"19:00";"1";"31";"31483";"2";"1";"1";"3";"FRANCOIS MITTERAND ( AVENUE)";"43,1101300";"0,7336300"
"201900046621";"25";"8";"2019";"05:55";"5";"27";"27562";"2";"1";"1";"7";"ROUEN (ROUTE DE )";"49,1050600";"1,4598800"
"201900046622";"25";"8";"2019";"08:19";"1";"22";"22113";"2";"1";"1";"7";"PEN AN ALLE (ROUTE DE)";"48,7298500";" -3,4415300"
"201900046623";"24";"8";"2019";"19:25";"1";"17";"17380";"2";"1";"1";"6";"GRANDE COTE (AVENUE DE LA)";"45,6485600";" -1,1159600"
"201900046624";"24";"8";"2019";"07:40";"1";"17";"17306";"2";"6";"1";"3";"HEDDE (AVENUE DANIEL)";"45,6364700";" -1,0285700"
"201900046625";"25";"8";"2019";"20:50";"2";"13";"13209";"2";"3";"1";"3";"ROMAIN ROLLAND (BOULEVARD)";"43,2705800";"5,4074900"
"201900046626";"25";"8";"2019";"19:30";"1";"13";"13210";"1";"1";"1";"2";"ROMAIN ROLLAND (BOULEVARD)";"43,2737830";"5,4138940"
"201900046627";"25";"8";"2019";"09:50";"1";"13";"13212";"2";"1";"1";"1";"ALL DE LA GRANDE BASTIDE CAZAULX";"43,2982100";"5,4369170"
"201900046628";"25";"8";"2019";"02:40";"5";"13";"13208";"2";"1";"1";"6";"MENDES FRANCE (AVENUE)";"43,2547900";"5,3764100"
"201900046629";"24";"8";"2019";"11:15";"1";"13";"13210";"2";"1";"1";"3";"MAURIAC (RUE)";"43,2600000";"5,4200000"
"201900046630";"25";"8";"2019";"21:00";"5";"13";"13004";"2";"1";"1";"7";"RUE DU 4 SEPTEMBRE";"43,6789800";"4,6292700"
"201900046631";"24";"8";"2019";"15:40";"1";"6";"06069";"2";"1";"1";"6";"BRASSAURIE (CHEMIN DE)";"43,6440240";"6,9635290"
"201900046632";"24";"8";"2019";"17:12";"1";"2";"02738";"2";"1";"7";"3";"BRUNEHAUT (CHAUSSEE)";"49,6723000";"3,2784900"
"201900046633";"25";"8";"2019";"04:35";"5";"75";"75106";"2";"3";"1";"7";"RUE SAINT SULPICE";"48,8513240";"2,3353300"
"201900046634";"25";"8";"2019";"00:08";"5";"75";"75106";"2";"1";"1";"6";"RUE DE L ANCIENNE COMEDIE";"48,8530380";"2,3386480"
"201900046635";"24";"8";"2019";"12:05";"1";"75";"75118";"2";"3";"1";"6";"RUE VAUVENARGUES";"48,8975583";"2,3293966"
"201900046636";"25";"8";"2019";"06:29";"2";"75";"75108";"2";"7";"1";"3";"PLACE DE LA CONCORDE";"48,8665992";"2,3220152"
"201900046637";"25";"8";"2019";"06:40";"2";"75";"75107";"2";"2";"1";"3";"BOULEVARD SAINT GERMAIN";"48,8585109";"2,3231145"
"201900046638";"25";"8";"2019";"06:10";"2";"75";"75107";"2";"7";"1";"3";"PLACE DE LA RESISTANCE";"48,8624350";"2,3016010"
"201900046639";"25";"8";"2019";"21:10";"5";"94";"94075";"2";"3";"1";"3";"MARECHAL DE LATTRE DE TASSIGNY (AV)";"48,7275100";"2,5311000"
"201900046640";"25";"8";"2019";"20:20";"1";"93";"93066";"2";"1";"1";"1";"FRANCE ANATOLE (BOULEVARD) NR AUTRES";"48,9251600";"2,3500500"
"201900046641";"24";"8";"2019";"18:48";"1";"93";"93049";"2";"2";"1";"3";"MARECHAL FOCH (AVENUE) F.BUISSON->PL J.M";"48,8624000";"2,5044000"
"201900046642";"24";"8";"2019";"22:30";"5";"93";"93046";"2";"2";"1";"3";"EUROPE BOULEVARD DE L'";"48,9247600";"2,5479300"
"201900046643";"25";"8";"2019";"17:10";"1";"93";"93013";"1";"1";"1";"6";"LINDBERGH (CARREFOUR)";"48,9432500";"2,4322420"
"201900046644";"25";"8";"2019";"22:50";"5";"92";"92012";"2";"1";"1";"3";"JEAN JAURES (BOULEVARD) 217/FIN - 210/FI";"48,8266200";"2,2475200"
"201900046645";"25";"8";"2019";"02:30";"5";"37";"37063";"2";"3";"1";"6";"Rue Marceau";"47,5898257";"0,9119345"
"201900046646";"22";"8";"2019";"18:14";"1";"85";"85136";"2";"1";"1";"1";"RD 19 lieu-dt ""le cerf""";"46,5694110";" -0,6326600"
"201900046647";"25";"8";"2019";"11:19";"1";"11";"11146";"1";"1";"1";"4";"Autoroute A61 PK 333.550 sens NARBONNE-TOULOUSE";"43,1870550";"2,4677240"
"201900046648";"26";"8";"2019";"12:45";"1";"81";"81218";"1";"2";"1";"6";"RD 612 PK 79+080 INTERSECTION CHEMIN DE LA BORIE";"43,8913190";"2,1578070"
"201900046649";"25";"8";"2019";"10:55";"1";"28";"28061";"2";"1";"1";"2";"Route des Moulins";"48,2084620";"1,1555250"
"201900046650";"26";"8";"2019";"16:20";"1";"28";"28233";"1";"3";"1";"3";"N10";"48,1311300";"1,3385010"
"201900046651";"24";"8";"2019";"16:25";"1";"5";"05161";"2";"1";"1";"2";"23 Route de Briançon";"44,9447830";"6,5629060"
"201900046652";"25";"8";"2019";"14:45";"1";"23";"23002";"2";"3";"1";"2";"RD 11";"46,2080900";"1,9953280"
"201900046653";"21";"8";"2019";"17:00";"1";"63";"63354";"1";"1";"1";"7";"CD227";"46,0277810";"2,8254460"
"201900046654";"23";"8";"2019";"14:05";"1";"35";"35200";"1";"3";"1";"3";"La Chautliére";"47,9875250";" -1,2040650"
"201900046655";"26";"8";"2019";"09:30";"1";"60";"60380";"2";"1";"1";"7";"RD 922";"49,1398530";"3,0758272"
"201900046656";"26";"8";"2019";"09:00";"1";"77";"77421";"2";"1";"1";"3";"D111";"48,7347470";"3,3067730"
"201900046657";"26";"8";"2019";"05:20";"3";"37";"37166";"1";"1";"1";"2";"A10 PK184+700 SENS PARIS/TOURS";"47,5171470";"0,9124680"
"201900046658";"25";"8";"2019";"17:30";"1";"51";"51232";"1";"1";"1";"6";"RD 980";"49,2872598";"4,2287549"
"201900046659";"26";"8";"2019";"07:25";"2";"56";"56013";"2";"1";"1";"3";"Route des Quatre Chemins";"47,6679660";" -3,1812270"
"201900046660";"26";"8";"2019";"17:45";"1";"77";"77239";"1";"1";"7";"6";"RD209";"48,6372300";"3,1027100"
"201900046661";"25";"8";"2019";"04:33";"3";"67";"67435";"1";"1";"1";"7";"D8";"48,9200110";"7,0860920"
"201900046662";"26";"8";"2019";"19:15";"1";"76";"76317";"1";"2";"1";"3";"Route du Fond de Grainville";"49,6511080";"0,4017740"
"201900046663";"26";"8";"2019";"06:15";"2";"76";"76419";"2";"1";"5";"6";"D64";"49,4004860";"0,9206040"
"201900046664";"26";"8";"2019";"06:15";"2";"80";"80358";"1";"1";"1";"6";"D934 - PK 23+600";"49,7769370";"2,6016210"
"201900046665";"25";"8";"2019";"17:30";"1";"82";"82031";"1";"1";"1";"7";"D26";"44,0465600";"1,0300460"
"201900046666";"23";"8";"2019";"21:50";"2";"63";"63435";"1";"1";"1";"3";"D23";"45,5302112";"3,1383240"
"201900046667";"24";"8";"2019";"17:45";"1";"55";"55496";"1";"3";"1";"3";"cd39";"48,7111690";"5,6330500"
"201900046668";"19";"8";"2019";"15:25";"1";"34";"34070";"1";"1";"1";"7";"Fontjun";"43,4155090";"2,9747970"
"201900046669";"23";"8";"2019";"18:30";"1";"68";"68050";"2";"1";"1";"7";"chemin du ehekammen wald";"47,6677330";"7,0678040"
"201900046670";"24";"8";"2019";"22:00";"3";"44";"44069";"1";"9";"1";"5";"D99";"47,3334534";" -2,4584935"
"201900046671";"25";"8";"2019";"17:00";"1";"35";"35248";"1";"1";"1";"6";"RN 176";"48,5636115";" -1,6352070"
"201900046672";"25";"8";"2019";"18:15";"1";"31";"31085";"1";"1";"1";"7";"D85";"42,9392950";"0,8099860"
"201900046673";"23";"8";"2019";"21:15";"3";"38";"38394";"1";"1";"1";"1";"D21";"45,1005210";"5,2480090"
"201900046674";"24";"8";"2019";"00:30";"3";"38";"38504";"1";"1";"1";"7";"RD 281 A";"45,3000640";"5,9964830"
"201900046675";"26";"8";"2019";"09:00";"1";"2";"02789";"2";"1";"1";"7";"7 Rue d'Hirson";"49,8374490";"3,9130420"
"201900046676";"20";"8";"2019";"17:50";"1";"3";"03083";"1";"1";"1";"7";"Boutelière";"46,3426281";"3,2891302"
"201900046677";"25";"8";"2019";"23:00";"3";"3";"03297";"1";"1";"1";"6";"Route de Paris (Meaulne)";"46,5621380";"2,6220480"
"201900046678";"25";"8";"2019";"03:40";"3";"1";"01232";"1";"1";"1";"7";"Le Cochet";"46,3656870";"5,2540710"
"201900046679";"18";"6";"2019";"07:10";"2";"70";"70058";"1";"1";"1";"6";"RD 13";"47,4933900";"5,6788730"
"201900046680";"24";"8";"2019";"20:30";"2";"58";"58205";"1";"1";"1";"7";"Rue de la croix de la maison";"47,1858280";"3,9455480"
"201900046681";"26";"8";"2019";"19:33";"1";"72";"72116";"1";"4";"1";"3";"Lieu dit Beaulieu";"48,2370180";"0,2962960"
"201900046682";"25";"8";"2019";"19:30";"1";"6";"06163";"2";"1";"1";"6";"Avenue Georges Bidault";"44,0790340";"7,5988230"
"201900046683";"25";"8";"2019";"15:30";"1";"5";"05045";"1";"1";"1";"7";"abbaye de boscodon";"44,5206800";"6,4433260"
"201900046684";"25";"8";"2019";"19:45";"1";"10";"10238";"2";"1";"1";"6";"RUE DU LAC";"48,2595330";"4,3424860"
"201900046685";"24";"8";"2019";"18:30";"1";"36";"36149";"1";"1";"1";"6";"ONZAY";"46,9326674";"1,3162887"
"201900046686";"26";"7";"2019";"14:20";"1";"16";"16149";"1";"2";"2";"3";"Ld La Pouyerie";"45,8448807";"0,5897936"
"201900046687";"24";"8";"2019";"18:15";"1";"7";"07339";"1";"9";"1";"2";"Route de l'Escrinet";"44,6628390";"4,4513220"
"201900046688";"25";"8";"2019";"20:30";"3";"7";"07027";"1";"1";"1";"6";"route de saint laurent";"44,8291200";"4,7841290"
"201900046689";"24";"8";"2019";"16:38";"1";"40";"40312";"2";"1";"1";"3";"2 Rue de Castillon";"43,5298000";" -1,4615040"
"201900046690";"25";"8";"2019";"00:00";"3";"27";"27135";"1";"1";"1";"7";"Route de Saint-Aubin";"49,1715140";"0,9814120"
"201900046691";"23";"8";"2019";"12:25";"1";"17";"17003";"2";"1";"1";"3";"RD 113";"46,1180780";" -0,9320590"
"201900046692";"25";"8";"2019";"20:30";"2";"17";"17466";"2";"1";"1";"7";"Rue des Saulniers";"46,1793560";" -0,9576630"
"201900046693";"26";"8";"2019";"11:03";"1";"87";"87028";"1";"1";"1";"6";"Rn 147 pk 060+000";"46,2419070";"0,8912470"
"201900046694";"25";"8";"2019";"18:00";"1";"30";"30083";"1";"1";"1";"7";"RD 979";"43,7154272";"4,2197137"
"201900046695";"25";"8";"2019";"13:45";"1";"30";"30341";"1";"1";"1";"7";"route départementale 58 pk 11";"43,5521200";"4,3327440"
"201900046696";"25";"8";"2019";"17:10";"1";"18";"18279";"1";"1";"1";"4";"A20";"47,2430020";"2,0467670"
"201900046697";"23";"8";"2019";"01:05";"3";"68";"68042";"1";"1";"1";"2";"A35 - PK 121+400";"47,5943900";"7,5429060"
"201900046698";"26";"8";"2019";"00:10";"3";"89";"89415";"1";"1";"1";"7";"autoroute A6 - aire d'Hervaux";"47,5887610";"3,9189530"
"201900046699";"25";"8";"2019";"22:30";"3";"13";"13007";"1";"1";"1";"7";"A520 PK 1";"43,3477240";"5,6164950"
"201900046700";"26";"8";"2019";"02:10";"3";"30";"30189";"1";"1";"1";"6";"autoroute A9 PK 50+200 Sens 2";"43,8426170";"4,4157000"
"201900046701";"17";"8";"2019";"15:00";"1";"971";"97103";"1";"2";"1";"3";"La Retraite";"16,2279620";" -61,6195070"
"201900046702";"26";"8";"2019";"16:30";"1";"64";"64292";"1";"1";"1";"7";"RD 936";"43,1821509";" -0,1573876"
"201900046703";"25";"8";"2019";"20:15";"1";"13";"13051";"1";"1";"1";"2";"Autoroute A7 - PK 243.200 - sens Lyon/Marseille";"43,6015570";"5,1546350"
"201900046704";"25";"8";"2019";"01:20";"3";"51";"51099";"1";"9";"1";"6";"A26";"48,8086866";"4,2865629"
"201900046705";"25";"8";"2019";"13:00";"1";"91";"91408";"2";"4";"1";"7";"Rue du Souvenir";"48,4350870";"2,4541630"
"201900046706";"25";"8";"2019";"17:15";"1";"78";"78601";"1";"3";"1";"1";"Pk 22+500, D936, Le Moulin de Béchereau";"48,5681240";"1,8887300"
"201900046707";"25";"8";"2019";"17:30";"1";"6";"06091";"1";"1";"1";"7";"Route des Clues";"43,8215390";"7,3759570"
"201900046708";"24";"8";"2019";"12:50";"1";"67";"67529";"2";"3";"1";"3";"rue de la république";"48,7211270";"7,8007840"
"201900046709";"26";"8";"2019";"13:30";"1";"57";"57256";"1";"1";"1";"7";"RD 603";"49,1176444";"6,0384705"
"201900046710";"25";"8";"2019";"14:56";"1";"74";"74250";"2";"3";"1";"1";"Route des Gorges du Borne";"46,0594010";"6,3812490"
"201900046711";"24";"8";"2019";"16:30";"1";"73";"73285";"1";"4";"1";"2";"D1090 lieu dit le reclus";"45,6260748";"6,7936356"
"201900046712";"26";"8";"2019";"07:00";"2";"81";"81105";"1";"1";"1";"6";"Route de Lavaur";"43,7578487";"1,9531109"
"201900046713";"25";"8";"2019";"14:45";"1";"65";"65145";"1";"1";"1";"3";"D921";"42,9129155";" -0,0371969"