"Num_Acc";"jour";"mois";"an";"hrmn";"lum";"dep";"com";"agg";"int";"atm";"col";"adr";"lat";"long"
"201900046714";"25";"8";"2019";"16:40";"1";"33";"33128";"1";"1";"1";"6";"Route d'Escurac";"45,3545400";" -0,9516900"
"201900046715";"25";"8";"2019";"19:50";"1";"61";"61216";"1";"1";"1";"1";"D908";"48,5741720";" -0,0904010"
"201900046716";"25";"8";"2019";"18:10";"1";"14";"14245";"1";"1";"1";"6";"RD 131";"49,0161700";" -0,1245670"
"201900046717";"25";"8";"2019";"21:15";"2";"22";"22201";"1";"1";"1";"3";"D34";"48,6695890";" -2,3343220"
"201900046718";"21";"8";"2019";"04:46";"3";"22";"22143";"2";"3";"1";"3";"Rue du Chemin Vert";"48,5906340";" -2,2672100"
"201900046719";"25";"8";"2019";"22:10";"3";"35";"35287";"1";"1";"1";"3";"La Ville Grignon";"48,6246540";" -2,1064890"
"201900046720";"25";"8";"2019";"20:45";"2";"2";"02391";"2";"1";"1";"7";"Longue Rue";"49,8172570";"4,0794140"
"201900046721";"23";"8";"2019";"22:40";"4";"69";"69152";"1";"1";"1";"6";"A450   0.000 A 1.090";"45,6963100";"4,8330800"
"201900046722";"25";"8";"2019";"17:55";"1";"33";"33063";"1";"1";"1";"2";"ROCADE A 630";"44,8822700";" -0,5494900"
"201900046723";"25";"8";"2019";"16:00";"1";"33";"33366";"1";"1";"1";"5";"AUTOROUTE A 10";"44,9975000";" -0,4267100"
"201900046724";"24";"8";"2019";"19:15";"1";"94";"94034";"1";"1";"1";"4";"AUTOROUTE A86";"48,7558000";"2,3384900"
"201900046725";"24";"8";"2019";"11:30";"1";"78";"78571";"1";"1";"1";"6";"A13";"48,8775850";"2,0197450"
"201900046726";"25";"8";"2019";"21:15";"3";"92";"92078";"1";"1";"1";"7";"AUTOROUTE A86";"48,9274511";"2,3330193"
"201900046727";"25";"8";"2019";"13:20";"1";"93";"93027";"1";"1";"1";"6";"AUTOROUTE A86";"48,9284800";"2,4151800"
"201900046728";"24";"8";"2019";"17:00";"1";"93";"93005";"1";"1";"1";"6";"AUTOROUTE A3";"48,9492100";"2,4754000"
"201900046729";"25";"8";"2019";"12:45";"1";"94";"94002";"1";"1";"1";"2";"A86 INT";"48,7935684";"2,4415194"
"201900046730";"25";"8";"2019";"02:15";"3";"77";"77146";"1";"9";"1";"2";"RN104.EXT";"48,8324010";"2,6660080"
"201900046731";"22";"8";"2019";"08:52";"1";"91";"91027";"2";"1";"1";"6";"DUNANT (AVENUE HENRI)";"48,7244200";"2,4072000"
"201900046732";"4";"8";"2019";"22:11";"3";"78";"78621";"2";"2";"1";"6";"NATIONALE 10 (ROUTE)";"48,7737700";"1,9938800"
"201900046733";"20";"8";"2019";"20:27";"2";"76";"76351";"2";"2";"1";"3";"VAUBAN";"49,4898200";"0,1193900"
"201900046734";"22";"8";"2019";"22:20";"5";"34";"34172";"2";"1";"1";"3";"BLAYAC (RUE DU PROFESSEUR)";"43,6230800";"3,8327300"
"201900046735";"22";"8";"2019";"15:42";"1";"29";"29039";"2";"1";"1";"7";"GARE (AVENUE DE LA)";"47,8772200";" -3,9195500"
"201900046736";"21";"8";"2019";"00:20";"5";"13";"13201";"2";"1";"1";"3";"CANEBIERE    30 A 68";"43,2961000";"5,3773000"
"201900046737";"22";"8";"2019";"09:10";"1";"93";"93063";"2";"1";"1";"5";"METZ AVENUE DE";"48,8966100";"2,4317400"
"201900046738";"1";"6";"2019";"19:30";"1";"93";"93014";"2";"5";"1";"1";"GAGARINE (BOULEVARD)";"48,9000000";"2,5330000"
"201900046739";"22";"8";"2019";"10:15";"1";"95";"95018";"1";"1";"1";"3";"AUTOROUTE A15";"48,9529200";"2,2793800"
"201900046740";"23";"8";"2019";"09:20";"1";"988";"98818";"2";"1";"1";"6";"RUE TABOU";" -22,3007300";"166,4454300"
"201900046741";"22";"8";"2019";"12:00";"1";"976";"97611";"2";"1";"1";"6";"kaweni-Lazerevouni ( rue )";" -12,7737800";"45,2212100"
"201900046742";"23";"8";"2019";"09:15";"1";"974";"97411";"2";"1";"1";"2";"BOIS DE NEFLES (ROUTE DE)";" -20,8865500";"55,4524100"
"201900046743";"23";"8";"2019";"19:40";"5";"974";"97409";"2";"3";"1";"1";"MANGUIER (Rue des)";" -20,9758000";"55,6594400"
"201900046744";"22";"8";"2019";"05:50";"2";"974";"97409";"1";"1";"1";"3";"MASCAREIGNES (Avenue des)";" -20,9421600";"55,6474700"
"201900046745";"2";"4";"2019";"02:35";"5";"75";"75109";"2";"2";"1";"3";"RUE DE CHATEAUDUN";"48,8760880";"2,3371190"
"201900046746";"2";"4";"2019";"18:40";"1";"75";"75108";"2";"2";"2";"2";"AVENUE DES CHAMPS ELYSEES";"48,8705170";"2,3052500"
"201900046747";"2";"4";"2019";"14:10";"1";"75";"75108";"2";"4";"1";"3";"BOULEVARD DES BATIGNOLLES";"48,8829750";"2,3254460"
"201900046748";"2";"4";"2019";"08:45";"1";"75";"75103";"2";"7";"2";"3";"PLACE DE LA REPUBLIQUE";"48,8673450";"2,3633780"
"201900046749";"1";"4";"2019";"08:15";"1";"94";"94058";"2";"9";"1";"3";"GENERAL LECLERC (PLACE)";"48,8491570";"2,4958510"
"201900046750";"2";"4";"2019";"10:40";"1";"94";"94076";"2";"1";"1";"6";"AMBROISE CROIZAT (R)";"48,8025400";"2,3640600"
"201900046751";"2";"4";"2019";"08:35";"1";"94";"94059";"2";"1";"2";"6";"Andre Rouy (AV)";"48,8182600";"2,5592800"
"201900046752";"1";"4";"2019";"16:40";"1";"94";"94060";"2";"9";"1";"3";"COMBAULT (RTE DE)";"48,7940000";"2,5941000"
"201900046753";"8";"3";"2019";"17:30";"1";"94";"94060";"2";"1";"1";"1";"JEAN JAURES (R)";"48,7847300";"2,5786000"
"201900046754";"31";"3";"2019";"22:20";"5";"94";"94002";"2";"1";"1";"6";"JEAN BAPTISTE PREUX (ALL)";"48,7775700";"2,4206500"
"201900046755";"1";"4";"2019";"17:40";"1";"94";"94002";"2";"1";"1";"4";"BLANQUI (QU)";"48,8106000";"2,4106800"
"201900046756";"1";"4";"2019";"23:17";"5";"93";"93073";"2";"1";"1";"6";"PARMENTIER (AVENUE)";"48,9565000";"2,5818900"
"201900046757";"1";"4";"2019";"16:10";"1";"93";"93049";"2";"1";"1";"3";"DEUX COMMUNES (RUE)";"48,8651700";"2,4998400"
"201900046758";"1";"4";"2019";"23:00";"5";"93";"93048";"2";"1";"1";"3";"PARIS (RUE DE)";"48,8561950";"2,4257100"
"201900046759";"1";"4";"2019";"16:05";"1";"93";"93007";"2";"1";"1";"6";"PASTEUR (AVENUE)";"48,9392500";"2,4720700"
"201900046760";"2";"4";"2019";"20:10";"1";"93";"93005";"2";"5";"1";"3";"JULES VALLES (RUE)";"48,9347300";"2,5031200"
"201900046761";"17";"2";"2019";"12:00";"1";"93";"93005";"2";"1";"1";"6";"CHARLES GOUPPY (RUE)";"48,9429500";"2,4968000"
"201900046762";"8";"2";"2019";"19:50";"5";"93";"93005";"2";"2";"1";"3";"MARC CHAGALL (BOULEVARD)";"48,9538000";"2,5064200"
"201900046763";"27";"1";"2019";"11:30";"1";"93";"93005";"2";"2";"3";"3";"NONNEVILLE (AVENUE DE)";"48,9249750";"2,5040770"
"201900046764";"25";"1";"2019";"08:20";"1";"93";"93005";"2";"2";"1";"3";"MARECHAL DE LATTRE DE TASSIGNY (AVENUE D";"48,9264560";"2,4864350"
"201900046765";"22";"1";"2019";"11:35";"1";"93";"93005";"2";"1";"4";"2";"ALFRED SISLEY (RUE)";"48,9538781";"2,4995665"
"201900046766";"21";"1";"2019";"09:30";"1";"93";"93005";"2";"1";"1";"3";"JEAN JAURES (AVENUE)";"48,9240400";"2,5027640"
"201900046767";"2";"4";"2019";"12:40";"1";"93";"93055";"2";"6";"1";"6";"CHEMIN DE FER (DU)";"48,8993100";"2,3969600"
"201900046768";"24";"1";"2019";"19:20";"5";"92";"92073";"2";"1";"1";"1";"DE LATTRE DE TASSIGNY (BOULEVARD DU MARE";"48,8688586";"2,2174951"
"201900046769";"2";"4";"2019";"12:00";"1";"92";"92064";"2";"1";"1";"6";"REPUBLIQUE";"48,8465610";"2,2140640"
"201900046770";"15";"2";"2019";"23:50";"5";"92";"92064";"2";"1";"1";"3";"GEORGES CLEMENCEAU";"48,8416112";"2,2218722"
"201900046771";"7";"1";"2019";"07:50";"5";"92";"92033";"2";"1";"1";"5";"BUZENVAL";"48,8541000";"2,1996000"
"201900046772";"2";"4";"2019";"08:15";"1";"92";"92063";"2";"6";"2";"6";"GALLIENI (RUE)";"48,8716300";"2,2032300"
"201900046773";"26";"1";"2019";"19:15";"5";"92";"92063";"2";"1";"2";"6";"SOLFERINO (BOULEVARD)";"48,8738200";"2,1830000"
"201900046774";"9";"1";"2019";"12:55";"1";"92";"92062";"2";"1";"1";"6";"COLLIN (RUE)";"48,8804900";"2,2411800"
"201900046775";"2";"4";"2019";"18:00";"1";"92";"92050";"2";"1";"2";"2";"JOLIOT CURIE F. ET IRENE AVENUE  N°PAIRS";"48,8910600";"2,2071700"
"201900046776";"2";"4";"2019";"11:35";"1";"92";"92050";"2";"1";"1";"2";"CLEMENCEAU GEORGES AVENUE N° PAIR";"48,8863820";"2,2120970"
"201900046777";"1";"4";"2019";"08:00";"1";"92";"92050";"2";"1";"1";"6";"MARTIN HENRI AVENUE";"48,8943092";"2,1916160"
"201900046778";"29";"3";"2019";"08:50";"1";"92";"92050";"2";"1";"1";"3";"HAVRE BOULEVARD DU";"48,9198497";"2,2213397"
"201900046779";"4";"1";"2019";"16:20";"1";"92";"92048";"2";"1";"1";"2";"VERD DE SAINT JULIEN (BOULEVARD)";"48,8167400";"2,2317400"
"201900046780";"10";"1";"2019";"20:00";"3";"92";"92044";"2";"2";"1";"2";"VIC. HUGO(RUE)001A067 ET002A078";"48,8935178";"2,2994256"
"201900046781";"2";"4";"2019";"07:45";"2";"92";"92044";"2";"2";"3";"4";"VIC. HUGO(RUE)069A075 ET 080A088";"48,8955158";"2,2968766"
"201900046782";"2";"4";"2019";"18:20";"1";"92";"92024";"2";"3";"2";"6";"PIERRE BEREGOVOY (RUE)";"48,9040700";"2,2988700"
"201900046783";"2";"4";"2019";"17:30";"1";"978";"97801";"2";"3";"1";"1";"Rue Round The Pond";"18,0777120";" -63,0292100"
"201900046784";"3";"4";"2019";"10:40";"1";"57";"57694";"1";"1";"2";"1";"RD 69C PK2+500";"49,1508240";"6,2484150"
"201900046785";"30";"3";"2019";"23:30";"3";"56";"56101";"1";"1";"1";"6";"Pont Er Pache";"47,8320050";" -3,1956560"
"201900046786";"11";"3";"2019";"04:30";"3";"76";"76654";"2";"2";"1";"7";"Rue François Prevel";"49,6921360";"1,0073107"
"201900046787";"3";"4";"2019";"08:15";"1";"82";"82179";"1";"1";"3";"1";"Canto Luserp";"44,1766100";"1,6439350"
"201900046788";"1";"4";"2019";"12:00";"1";"89";"89425";"2";"1";"1";"7";"D220 route de Saint-Laurent à l'HOPITAL";"48,0378544";"3,7403941"
"201900046789";"26";"3";"2019";"18:25";"1";"61";"61426";"2";"6";"1";"6";"La Macissiere";"48,3759140";"0,5416570"
"201900046790";"3";"4";"2019";"00:50";"3";"46";"46194";"1";"1";"3";"6";"Départemenale 47";"44,7881850";"1,3687350"
"201900046791";"3";"4";"2019";"03:10";"3";"41";"41232";"1";"1";"8";"7";"Route Départementale 944";"47,4094470";"2,0853160"
"201900046792";"24";"3";"2019";"12:55";"1";"34";"34031";"1";"1";"1";"7";"route départementale 28";"43,3612040";"3,3792270"
"201900046793";"3";"4";"2019";"16:29";"1";"2";"02128";"2";"9";"1";"7";"6 Rue Porte de Reims";"49,5239430";"3,6648830"
"201900046794";"2";"4";"2019";"20:25";"3";"1";"01269";"1";"1";"1";"1";"Route départementale 1084";"46,1629360";"5,5943940"
"201900046795";"2";"4";"2019";"09:40";"1";"70";"70258";"2";"6";"1";"3";"Avenue de la Vallée du Breuchin";"47,8250750";"6,4119550"
"201900046796";"3";"4";"2019";"14:25";"1";"26";"26213";"1";"1";"3";"1";"Route de Manthes RD139";"45,2938370";"4,9869640"
"201900046797";"3";"4";"2019";"19:05";"2";"58";"58182";"2";"1";"2";"3";"Rue des Promenades";"46,9870920";"3,8124160"
"201900046798";"3";"4";"2019";"16:05";"1";"58";"58303";"2";"1";"2";"3";"33 Boulevard Camille Dagonneau";"47,0093360";"3,1504070"
"201900046799";"2";"4";"2019";"17:50";"1";"60";"60509";"2";"1";"2";"6";"Rue Jean Jaurès";"49,3013840";"2,6043120"
"201900046800";"2";"4";"2019";"13:45";"1";"45";"45201";"1";"2";"1";"3";"Route de Rozoy  Hameau de la Roche";"48,1007310";"2,9465530"
"201900046801";"2";"4";"2019";"16:45";"1";"18";"18206";"1";"2";"1";"3";"Route de Bourges";"47,1644830";"2,3482050"
"201900046802";"2";"4";"2019";"18:50";"1";"10";"10331";"1";"1";"2";"6";"D42";"48,1429040";"4,2154530"
"201900046803";"1";"4";"2019";"15:00";"1";"36";"36184";"2";"1";"1";"6";"Rue des Maîtres Sonneurs";"46,6500263";"1,9769172"
"201900046804";"3";"4";"2019";"10:15";"1";"16";"16031";"1";"2";"8";"3";"N/A";"45,9998866";"0,2153866"
"201900046805";"21";"3";"2019";"17:38";"1";"85";"85014";"1";"1";"1";"6";"La Frambretière";"46,6796800";" -0,9508300"
"201900046806";"22";"3";"2019";"20:08";"3";"28";"28227";"1";"1";"1";"3";"RD 906";"48,5958900";"1,5976350"
"201900046807";"9";"3";"2019";"10:05";"1";"37";"37277";"1";"2";"2";"3";"Rue des Dames de Touraine";"47,1422180";"1,2339180"
"201900046808";"1";"4";"2019";"09:00";"1";"30";"30126";"1";"1";"1";"5";"CD 982";"43,9904640";"4,2972310"
"201900046809";"31";"3";"2019";"11:40";"1";"52";"52194";"1";"1";"1";"7";"RN67 - PK11+700";"48,5717847";"5,0352895"
"201900046810";"27";"3";"2019";"05:45";"3";"974";"97415";"1";"1";"2";"7";"Avenue Paul Juluis Bénard";" -21,0230680";"55,2660800"
"201900046811";"2";"4";"2019";"12:15";"1";"57";"57119";"1";"1";"1";"2";"RN4 - PR 21+400 - vers NANCY";"48,7363170";"7,0867360"
"201900046812";"31";"3";"2019";"12:50";"1";"76";"76484";"1";"1";"1";"3";"A139 PK 001+000";"49,3444830";"1,0451200"
"201900046813";"30";"3";"2019";"08:50";"1";"988";"98833";"1";"1";"1";"7";"COL DE KOH";" -21,5325400";"165,8219300"
"201900046814";"2";"4";"2019";"20:00";"3";"973";"97305";"1";"1";"2";"1";"rue Omer Bace";"5,0527570";" -52,5825780"
"201900046815";"2";"4";"2019";"17:40";"1";"38";"38498";"1";"2";"8";"3";"chemin des routes";"45,5274580";"5,3383610"
"201900046816";"3";"4";"2019";"08:15";"1";"38";"38524";"1";"1";"1";"1";"route du martinaus d'en haut";"45,0875610";"5,6691420"
"201900046817";"30";"3";"2019";"16:10";"1";"69";"69117";"2";"1";"1";"2";"route de chasselay";"45,8712510";"4,7480320"
"201900046818";"3";"4";"2019";"14:30";"1";"35";"35126";"1";"1";"2";"6";"145 Les Barres";"47,9928120";" -1,7697130"
"201900046819";"2";"4";"2019";"19:00";"1";"13";"13071";"1";"9";"1";"2";"A7-Sens Lyon vers Marseille";"43,4143000";"5,2788000"
"201900046820";"2";"4";"2019";"17:30";"1";"13";"13071";"1";"1";"1";"4";"A7-Sens Lyon vers Marseille";"43,4038600";"5,3149200"
"201900046821";"2";"4";"2019";"14:00";"1";"13";"13215";"1";"1";"1";"3";"A55-Sens Marseille vers Martigues";"43,3306100";"5,3545000"
"201900046822";"2";"4";"2019";"07:35";"1";"13";"13055";"2";"1";"1";"5";"A507 sens Aubagne- Marseille";"43,2948900";"5,4247860"
"201900046823";"24";"3";"2019";"11:30";"1";"69";"69266";"1";"1";"1";"2";"RD383   3.750 A 7.640";"45,7782700";"4,8961600"
"201900046824";"2";"4";"2019";"13:15";"1";"33";"33249";"1";"1";"1";"5";"ROUTE NATIONALE 230";"44,8748700";" -0,5073800"
"201900046825";"2";"4";"2019";"02:40";"3";"33";"33162";"1";"1";"1";"2";"ROCADE A 630";"44,8670400";" -0,6494200"
"201900046826";"2";"4";"2019";"20:30";"2";"91";"91136";"1";"1";"1";"7";"RD 188 PARIS / A 10 PROVINCE";"48,7171200";"2,2673100"
"201900046827";"2";"4";"2019";"06:50";"3";"91";"91103";"1";"1";"1";"7";"RN 104";"48,6246000";"2,3019000"
"201900046828";"1";"4";"2019";"10:30";"1";"95";"95042";"1";"1";"1";"6";"RN 104";"49,0568100";"2,2935400"
"201900046829";"1";"4";"2019";"10:10";"1";"95";"95582";"1";"1";"1";"2";"AUTOROUTE A15";"48,9653400";"2,2596200"
"201900046830";"1";"4";"2019";"08:20";"1";"95";"95252";"1";"1";"1";"3";"AUTOROUTE A115";"48,9850800";"2,2417300"
"201900046831";"1";"4";"2019";"14:15";"1";"94";"94052";"1";"1";"1";"3";"A86.EXT";"48,8328700";"2,4923000"
"201900046832";"29";"3";"2019";"21:35";"3";"71";"71499";"2";"1";"1";"7";"DOMPIERRE (RUE DE)";"46,6400000";"4,2800000"
"201900046833";"31";"3";"2019";"13:35";"1";"51";"51454";"2";"1";"1";"2";"RUE GUTENBERG";"49,2744800";"4,0016600"
"201900046834";"31";"3";"2019";"14:48";"1";"34";"34172";"2";"1";"1";"3";"MAS ARGELLIERS (AVENUE DU)";"43,5871211";"3,8896054"
"201900046835";"8";"1";"2019";"08:20";"1";"93";"93005";"2";"1";"1";"6";"VOILLAUME (AVENUE)";"48,9447000";"2,5100000"
"201900046836";"2";"4";"2019";"06:25";"1";"988";"98818";"2";"2";"1";"4";"RUE DU DOCTEUR GEORGES COLLARD/RUE CHARPENTIER";" -22,2510800";"166,4532900"
"201900046837";"1";"4";"2019";"08:10";"1";"988";"98818";"2";"3";"1";"7";"ROUTE DU VELODROME - IMPASSE ELOGETTTE";" -22,2897100";"166,4452300"
"201900046838";"29";"3";"2019";"19:45";"5";"974";"97411";"2";"4";"1";"6";"BRASSENS (AVENUE GEORGES)";" -20,9023800";"55,4808100"
"201900046839";"31";"3";"2019";"20:05";"5";"973";"97302";"2";"2";"1";"3";"DEVEZE (GABRIEL)";"4,9423200";" -52,3255000"
"201900046840";"2";"4";"2019";"00:30";"5";"69";"69388";"2";"1";"1";"7";"JEAN XXIII                          (BD)";"45,7390000";"4,8730000"
"201900046841";"1";"4";"2019";"16:00";"1";"69";"69387";"2";"1";"1";"2";"MARC BLOCH                          (R )";"45,7464500";"4,8465600"
"201900046842";"1";"4";"2019";"12:52";"1";"69";"69383";"2";"2";"1";"6";"FRANCFORT                           (PL)";"45,7604610";"4,8620100"
"201900046843";"1";"4";"2019";"13:15";"1";"69";"69387";"2";"1";"1";"6";"VIVIER (DU)                         (R )";"45,7429000";"4,8472200"
"201900046844";"31";"3";"2019";"06:03";"1";"972";"97213";"1";"1";"1";"7";"ROUTE NATIONALE 5";"14,5966600";" -60,9978000"
"201900046845";"31";"3";"2019";"07:50";"3";"972";"97213";"1";"1";"1";"7";"ROUTE NATIONALE 1";"14,6181080";" -61,0068980"
"201900046846";"30";"3";"2019";"18:00";"3";"972";"97213";"1";"1";"1";"1";"ROUTE NATIONALE 5";"14,5958040";" -60,9868410"
"201900046847";"1";"4";"2019";"15:40";"1";"69";"69382";"2";"1";"1";"2";"GENTIL                              (R )";"45,7649400";"4,8362700"
"201900046848";"1";"4";"2019";"15:15";"1";"95";"95203";"2";"2";"1";"3";"MONTLIGNON (ROUTE DE)";"48,9990300";"2,2775000"
"201900046849";"1";"4";"2019";"08:30";"1";"91";"91286";"2";"1";"1";"6";"CORBEIL (ROUTE DE)";"48,6543340";"2,3895580"
"201900046850";"31";"3";"2019";"18:10";"1";"91";"91109";"1";"1";"1";"1";"ETAMPES (ROUTE D')    RD 207";"48,4576870";"2,1624040"
"201900046851";"1";"4";"2019";"18:07";"1";"91";"91479";"1";"1";"1";"3";"FONTAINEBLEAU (ROUTE DE)";"48,7331000";"2,3665200"
"201900046852";"23";"3";"2019";"06:40";"5";"85";"85191";"2";"1";"1";"6";" RUE GEORGES POMPIDOU";"46,6703600";" -1,4135300"
"201900046853";"31";"3";"2019";"15:30";"1";"80";"80021";"2";"2";"1";"3";"R DU BLAMONT";"49,8854900";"2,3122000"
"201900046854";"31";"3";"2019";"11:35";"1";"80";"80021";"2";"1";"1";"6";"R WINSTON CHURCHILL ";"49,9115760";"2,3070330"
"201900046855";"30";"3";"2019";"17:20";"1";"80";"80021";"2";"3";"1";"3";"7, R DELPECH";"49,8877000";"2,2969200"
"201900046856";"1";"4";"2019";"08:00";"1";"78";"78401";"2";"2";"1";"3";"MAURICE BERTEAUX (RUE)";"49,0021970";"1,9063710"
"201900046857";"1";"4";"2019";"10:42";"1";"77";"77337";"2";"2";"1";"6";"LUZARD (COURS DU)";"48,8470700";"2,6176500"
"201900046858";"1";"4";"2019";"08:30";"1";"77";"77083";"2";"2";"1";"2";"D51 - ALSACE (RUE D')";"48,8521600";"2,6002000"
"201900046859";"29";"3";"2019";"23:00";"5";"76";"76351";"2";"2";"1";"3";"FRANCOIS 1ER (BD)";"49,4871780";"0,1033660"
"201900046860";"31";"3";"2019";"19:20";"1";"76";"76351";"2";"1";"1";"6";"HUIT MAI 1945 (AVENUE DU)";"49,5160400";"0,1698400"
"201900046861";"31";"3";"2019";"06:25";"3";"76";"76349";"1";"1";"1";"6";"FALAISES (ROUTE DES)";"49,9171000";"1,0385500"
"201900046862";"30";"3";"2019";"10:48";"1";"74";"74298";"2";"1";"1";"2";"EUROPE (AVENUE DE L')";"46,1831370";"6,2463300"
"201900046863";"29";"3";"2019";"21:10";"5";"72";"72181";"2";"1";"1";"3";"ANATOLE FRANCE (BD )";"48,0010300";"0,1848300"
"201900046864";"31";"3";"2019";"12:10";"1";"72";"72181";"2";"1";"1";"6";"JOINVILLE (RUE)";"47,9968700";"0,2049200"
"201900046865";"31";"3";"2019";"11:30";"1";"72";"72181";"2";"1";"1";"3";"DEMORIEUX PAIRS-ROCADE A RP D'ALLONNES";"47,9775100";"0,1722900"
"201900046866";"1";"4";"2019";"17:55";"1";"69";"69256";"2";"3";"1";"2";"19 MARS 1962 (DU)                   (R )";"45,7815000";"4,9316600"
"201900046867";"1";"4";"2019";"13:58";"1";"68";"68056";"2";"1";"1";"6";"ASHE (rue Arthur)";"47,7295850";"7,3210570"
"201900046868";"29";"3";"2019";"14:23";"1";"68";"68066";"2";"6";"1";"6";"LORRAINE (AVENUE DE)";"48,0923200";"7,3490000"
"201900046869";"30";"3";"2019";"11:16";"1";"68";"68066";"2";"2";"1";"3";"GRAD (RUE CHARLES)";"48,0807020";"7,3434280"
"201900046870";"29";"3";"2019";"09:02";"1";"67";"67482";"2";"1";"7";"6";"PAUL ELUARD (RUE)";"48,5876100";"7,6987000"
"201900046871";"29";"3";"2019";"09:05";"1";"67";"67482";"2";"1";"1";"6";"TRAVAIL (RUE DU)";"48,5883510";"7,7420520"
"201900046872";"31";"3";"2019";"17:35";"1";"67";"67462";"2";"7";"1";"3";"ALBERT SCHWEITZER (SQUARE)";"48,2617000";"7,4543000"
"201900046873";"29";"3";"2019";"23:15";"5";"64";"64102";"2";"1";"1";"6";"SOULT (AVENUE MARECHAL)";"43,4868626";" -1,4869083"
"201900046874";"21";"3";"2019";"21:20";"5";"59";"59328";"2";"2";"1";"5";"SAINTE CECILE AVENUE";"50,6402000";"3,0278100"
"201900046875";"31";"3";"2019";"15:10";"1";"54";"54580";"2";"2";"1";"1";"ROBESPIERRE (RUE)";"49,4587800";"5,9371200"
"201900046876";"30";"3";"2019";"17:35";"1";"54";"54304";"2";"1";"2";"3";"MAREVILLE (CHEMIN ET RUE DE)";"48,6819160";"6,1475150"
"201900046877";"31";"3";"2019";"05:10";"5";"54";"54382";"2";"1";"1";"7";"METZ (BOULEVARD DE)";"49,5543700";"5,7870500"
"201900046878";"1";"4";"2019";"21:00";"2";"51";"51454";"2";"1";"1";"3";"AVENUE D'EPERNAY";"49,2419300";"4,0139000"
"201900046879";"29";"3";"2019";"09:20";"1";"49";"49099";"2";"2";"1";"3";"MAINE (BOULEVARD DU)";"47,0730900";" -0,8623800"
"201900046880";"30";"3";"2019";"19:26";"1";"49";"49007";"2";"9";"1";"2";"BEAUSSIER BOULEVARD";"47,4779900";" -0,5985900"
"201900046881";"31";"3";"2019";"16:55";"1";"49";"49007";"2";"1";"1";"2";"LAC DE MAINE AVENUE";"47,4603700";" -0,5966000"
"201900046882";"29";"3";"2019";"17:30";"1";"49";"49007";"2";"1";"1";"6";"FOCH BOULEVARD";"47,4693700";" -0,5494700"
"201900046883";"29";"3";"2019";"04:00";"1";"49";"49007";"2";"1";"1";"6";"ESTIENNE D'ORVES BOULEVARD";"47,4555900";" -0,5301600"
"201900046884";"1";"4";"2019";"17:00";"1";"45";"45284";"1";"1";"1";"2";"D 2060";"47,9246200";"1,9743200"
"201900046885";"1";"4";"2019";"15:05";"1";"45";"45234";"2";"1";"1";"3";"RUE GUSTAVE EIFFEL";"47,9237820";"1,9403598"
"201900046886";"29";"3";"2019";"21:15";"5";"44";"44184";"2";"3";"1";"2";"RUES HENRI GAUTIER / MENHIR";"47,2793000";" -2,2046000"
"201900046887";"21";"3";"2019";"17:59";"1";"42";"42218";"2";"1";"1";"6";"POURCEL ALEXANDRE JUSQU'AUX Nø 25-24";"45,4234800";"4,3932500"
"201900046888";"30";"3";"2019";"15:03";"1";"42";"42218";"2";"9";"1";"6";"BUARD CLAUDIUS";"45,4218200";"4,3956600"
"201900046889";"10";"1";"2019";"11:20";"1";"41";"41269";"2";"1";"1";"1";"RONSARD (AVENUE) (SECTEUR 3)";"47,7982500";"1,0460400"
"201900046890";"1";"4";"2019";"08:56";"1";"37";"37261";"2";"1";"1";"6";"BOISDENIER (RUE DE)";"47,3845571";"0,6770468"
"201900046891";"29";"3";"2019";"20:00";"2";"36";"36044";"2";"1";"1";"3";"19 BOULEVARD DE L'ECOLE NORMALE";"46,8188200";"1,6775800"
"201900046892";"23";"3";"2019";"05:20";"3";"35";"35288";"2";"1";"1";"6";"MARETTES (LIEU DIT LES)";"48,6480800";" -1,9679800"
"201900046893";"1";"4";"2019";"18:05";"1";"35";"35238";"2";"7";"7";"6";"ALBERT 1ER (BD)";"48,0885500";" -1,6764100"
"201900046894";"1";"4";"2019";"09:35";"1";"35";"35238";"2";"6";"1";"3";"GAYEULLES (ROND POINT)";"48,1324100";" -1,6521200"
"201900046895";"31";"3";"2019";"20:10";"5";"35";"35238";"2";"2";"1";"1";"CLEMENCEAU (BD GEORGES)";"48,0936300";" -1,6710860"
"201900046896";"31";"3";"2019";"16:00";"1";"35";"35051";"1";"1";"1";"3";"A84";"48,1526750";" -1,6032600"
"201900046897";"31";"3";"2019";"18:25";"1";"30";"30189";"2";"6";"1";"6";"BEAUCAIRE (ROUTE)";"43,8364800";"4,3947000"
"201900046898";"25";"3";"2019";"23:28";"5";"29";"29019";"2";"2";"1";"3";"EUROPE (DE 13 A 15)";"48,4132600";" -4,4866300"
"201900046899";"25";"3";"2019";"23:15";"5";"29";"29019";"2";"1";"1";"2";"TOURVILLE";"48,3940600";" -4,4938900"
"201900046900";"30";"3";"2019";"17:00";"1";"22";"22215";"2";"1";"1";"7";"PONT DES ILES (RUE DU)";"48,5228527";" -2,8172153"
"201900046901";"26";"3";"2019";"08:45";"1";"22";"22113";"2";"1";"1";"7";"CALVAIRE (RUE DU)";"48,7458600";" -3,4916400"
"201900046902";"31";"3";"2019";"00:30";"5";"19";"19272";"2";"1";"1";"6";"Bastille (Av)";"45,2740600";"1,7727400"
"201900046903";"29";"3";"2019";"17:25";"1";"19";"19031";"2";"2";"1";"3";"POINCARE (AVENUE)";"45,1538800";"1,5364400"