"Num_Acc";"jour";"mois";"an";"hrmn";"lum";"dep";"com";"agg";"int";"atm";"col";"adr";"lat";"long"
"201900046904";"1";"4";"2019";"12:40";"1";"17";"17415";"2";"2";"1";"6";"DENFERT ROCHEREAU RUE";"45,7464700";" -0,6210800"
"201900046905";"1";"4";"2019";"16:24";"1";"17";"17461";"2";"6";"1";"3";"COTE DE BEAUTE (BOULEVARD DE)";"45,6365700";" -1,0700000"
"201900046906";"1";"4";"2019";"18:04";"1";"17";"17274";"2";"1";"1";"3";"JOLIOT-CURIE   AVENUE";"46,1546800";" -1,1114000"
"201900046907";"27";"3";"2019";"09:16";"1";"17";"17028";"2";"8";"1";"6";"MER   BOULEVARD DE LA";"46,1276300";" -1,1284300"
"201900046908";"1";"4";"2019";"09:45";"1";"16";"16166";"1";"1";"1";"1";"RD 1000";"45,6731790";"0,1896500"
"201900046909";"6";"3";"2019";"18:30";"1";"14";"14366";"2";"1";"1";"6";"LOUIS PASTEUR (BOULEVARD)";"49,1438443";"0,2192790"
"201900046910";"29";"3";"2019";"20:20";"5";"14";"14366";"2";"1";"1";"4";"DUCHESNE FOURNET (BOULEVARD)";"49,1470673";"0,2290915"
"201900046911";"1";"4";"2019";"19:55";"1";"14";"14118";"2";"2";"1";"3";"BRUXELLES (AVENUE DE)";"49,1959200";" -0,3679100"
"201900046912";"29";"3";"2019";"03:30";"3";"30";"30032";"1";"1";"1";"6";"MARGUILLIERS CHEMIN DES";"43,8188900";"4,6343800"
"201900046913";"29";"3";"2019";"09:50";"1";"13";"13056";"2";"1";"1";"6";"LECLERC QUAI GENERAL CHARLES";"43,4029300";"5,0574500"
"201900046914";"1";"4";"2019";"18:45";"1";"13";"13201";"2";"2";"1";"3";"ROTONDE (RUE DE LA)";"43,3015360";"5,3856550"
"201900046915";"1";"4";"2019";"14:14";"1";"13";"13215";"2";"9";"1";"6";"VISTE (AVENUE DE LA)";"43,3599680";"5,3576180"
"201900046916";"1";"4";"2019";"07:40";"1";"13";"13201";"2";"1";"1";"6";"ESTELLE (RUE)";"43,2934300";"5,3821400"
"201900046917";"1";"4";"2019";"02:30";"5";"13";"13210";"2";"2";"1";"3";"JEAN MOULIN (BOULEVARD)";"43,2860323";"5,3989453"
"201900046918";"29";"3";"2019";"19:40";"2";"11";"11262";"2";"3";"1";"3";"JONQUIERES (RUE ET CHEMIN DE)";"43,1662200";"2,9818000"
"201900046919";"29";"3";"2019";"13:15";"1";"11";"11262";"2";"1";"1";"6";"NAUTIQUE (CHEMIN DE LA)";"43,1609650";"2,9890260"
"201900046920";"31";"3";"2019";"14:30";"1";"11";"11069";"2";"2";"1";"1";"BUNAU VARILLA -AV-";"43,2108400";"2,3409000"
"201900046921";"30";"3";"2019";"06:50";"1";"11";"11069";"2";"2";"1";"3";"RAMOND AIME";"43,2119100";"2,3474400"
"201900046922";"1";"4";"2019";"12:30";"1";"6";"06088";"1";"1";"1";"3";"BOULEVARD DE L'OBSERVATOIRE";"43,7279340";"7,3029000"
"201900046923";"1";"4";"2019";"08:00";"2";"75";"75116";"2";"1";"1";"2";"PORTE DE SAINT CLOUD";"48,8387510";"2,2543590"
"201900046924";"1";"4";"2019";"07:50";"1";"75";"75119";"2";"4";"1";"3";"PORTE DE LA VILLETTE";"48,9003500";"2,3804280"
"201900046925";"31";"3";"2019";"20:40";"5";"75";"75114";"2";"4";"1";"3";"PORTE D ORLEANS";"48,8208080";"2,3217200"
"201900046926";"17";"7";"2019";"20:15";"3";"977";"97701";"2";"9";"1";"1";"Petit cul de sac";"17,9027540";" -62,7985670"
"201900046927";"17";"7";"2019";"18:30";"1";"37";"37129";"1";"3";"1";"1";"Rue Saint-Martin";"47,1082121";"0,2694023"
"201900046928";"16";"7";"2019";"11:00";"1";"34";"34162";"2";"1";"1";"6";"1 Avenue Général de Gaulle";"43,4768040";"3,4823530"
"201900046929";"17";"7";"2019";"20:45";"1";"6";"06122";"2";"1";"1";"7";"RM18";"43,7419520";"7,1454440"
"201900046930";"2";"6";"2019";"13:20";"1";"4";"04034";"1";"1";"1";"3";"Ch de la prise";"43,9272120";"5,8936380"
"201900046931";"17";"7";"2019";"16:00";"1";"13";"13022";"2";"1";"1";"6";"D41E";"43,2267930";"5,5389900"
"201900046932";"18";"7";"2019";"12:00";"1";"13";"13066";"1";"1";"1";"3";"CD30";"43,8765664";"4,9024802"
"201900046933";"17";"7";"2019";"16:00";"1";"88";"88160";"1";"1";"1";"6";"Route Nationale 57";"48,1505180";"6,4874000"
"201900046934";"18";"7";"2019";"07:40";"1";"3";"03270";"1";"1";"1";"1";"Le Grand Champ";"46,3475480";"2,9937080"
"201900046935";"18";"7";"2019";"05:15";"3";"73";"73288";"1";"1";"1";"6";"Route de Rages";"45,6265642";"5,9100005"
"201900046936";"18";"7";"2019";"17:50";"1";"38";"38494";"1";"1";"1";"1";"Route de Morestel";"45,6895500";"5,3832200"
"201900046937";"10";"7";"2019";"17:00";"1";"32";"32279";"1";"1";"1";"6";"Malartic";"43,6898840";"0,6354760"
"201900046938";"17";"7";"2019";"18:15";"1";"17";"17161";"2";"1";"1";"2";"Cours Eugène Chauffour";"46,1900170";" -1,3282170"
"201900046939";"17";"7";"2019";"19:38";"1";"33";"33322";"2";"1";"1";"1";"360 Route de Pauillac";"44,9518500";" -0,6299000"
"201900046940";"16";"7";"2019";"19:50";"1";"85";"85163";"2";"1";"1";"6";"5 Avenue Georges Clemenceau";"47,0089160";" -2,2277440"
"201900046941";"17";"7";"2019";"11:40";"1";"44";"44215";"2";"8";"1";"3";"Rue les Mortiers";"47,1788660";" -1,4463790"
"201900046942";"18";"7";"2019";"20:50";"1";"50";"50025";"2";"1";"1";"7";"rue des écoles";"48,6798680";" -1,3574850"
"201900046943";"17";"7";"2019";"12:27";"1";"14";"14724";"1";"2";"1";"3";"D27";"49,2560520";" -0,1339840"
"201900046944";"18";"7";"2019";"13:10";"1";"14";"14488";"2";"1";"1";"3";"Place du Général de Gaulle";"49,2787260";" -0,2502450"
"201900046945";"17";"7";"2019";"08:00";"1";"14";"14384";"2";"2";"7";"3";"Rue Abel Lemarchand";"49,3109000";" -0,3619170"
"201900046946";"18";"7";"2019";"17:30";"1";"27";"27489";"1";"2";"3";"3";"RD 316 / C17";"49,0680540";"1,2121470"
"201900046947";"18";"7";"2019";"09:24";"1";"76";"76495";"1";"3";"1";"3";"Route d'Émanville";"49,5974110";"0,9536670"
"201900046948";"17";"7";"2019";"19:46";"1";"60";"60509";"1";"1";"1";"7";"Impasse du Château de Villette";"49,3311650";"2,6119390"
"201900046949";"17";"7";"2019";"16:50";"1";"13";"13211";"1";"1";"1";"5";"A50-Sens Aubagne vers Marseille";"43,2943390";"5,4592120"
"201900046950";"17";"7";"2019";"07:25";"1";"57";"57764";"1";"1";"1";"3";"Autoroute A.31";"49,4674700";"6,1216600"
"201900046951";"14";"7";"2019";"02:20";"4";"67";"67482";"1";"9";"1";"3";"Autoroute A.35";"48,5861750";"7,7259600"
"201900046952";"17";"7";"2019";"11:55";"1";"33";"33075";"1";"1";"1";"4";"ROCADE A 630";"44,8879000";" -0,5794300"
"201900046953";"17";"7";"2019";"06:50";"2";"91";"91534";"1";"1";"1";"6";"RN 118";"48,7394000";"2,1806400"
"201900046954";"15";"7";"2019";"15:30";"1";"91";"91339";"1";"1";"7";"6";"RN 104";"48,6298300";"2,2540700"
"201900046955";"17";"7";"2019";"07:58";"1";"92";"92025";"1";"1";"1";"3";"A86";"48,9284967";"2,2395843"
"201900046956";"16";"7";"2019";"20:38";"1";"92";"92050";"1";"1";"1";"2";"A86";"48,9170955";"2,2220565"
"201900046957";"14";"7";"2019";"23:35";"5";"93";"93066";"1";"1";"1";"2";"AUTOROUTE A1";"48,9174800";"2,3574700"
"201900046958";"29";"6";"2019";"10:47";"1";"64";"64348";"2";"1";"1";"6";"CHARLES DE GAULLE";"43,3137905";" -0,4172163"
"201900046959";"15";"7";"2019";"14:00";"1";"63";"63113";"2";"1";"1";"3";"CHANTERANNE (RUE DE)";"45,7874900";"3,0984500"
"201900046960";"13";"7";"2019";"11:45";"1";"63";"63113";"2";"2";"1";"3";"POURCHON (BD MAURICE)";"45,7831100";"3,0842500"
"201900046961";"10";"7";"2019";"05:50";"1";"63";"63113";"2";"6";"1";"2";"POMPIDOU (BD GEORGES)";"45,8026700";"3,1321900"
"201900046962";"4";"7";"2019";"15:45";"1";"63";"63113";"2";"6";"1";"3";"BLERIOT (AVENUE LOUIS)";"45,7799317";"3,1310163"
"201900046963";"15";"7";"2019";"17:58";"1";"38";"38544";"2";"1";"1";"1";"MALISSOL(MONTEE DE)";"45,5140200";"4,9180300"
"201900046964";"15";"7";"2019";"19:45";"1";"29";"29232";"2";"6";"1";"2";"KERUSTUM  ROND POINT DE";"47,9788900";" -4,0943700"
"201900046965";"14";"7";"2019";"11:53";"1";"23";"23096";"1";"1";"1";"1";"FAYOLLE (Route de)";"46,1560200";"1,8566400"
"201900046966";"16";"7";"2019";"11:30";"1";"13";"13207";"2";"1";"1";"6";"ROUCAS BLAN (CHEMIN)";"43,2847910";"5,3672230"
"201900046967";"15";"7";"2019";"17:00";"1";"13";"13201";"2";"1";"1";"6";"HENRI BARBUSSE (RUE)";"43,2983697";"5,3740793"
"201900046968";"13";"7";"2019";"15:00";"1";"94";"94068";"2";"2";"1";"3";"DIDIER (AV)";"48,7984500";"2,5106100"
"201900046969";"13";"7";"2019";"00:50";"5";"988";"98818";"2";"1";"1";"6";"PROMENADE ROGER LAROQUE";" -22,3030037";"166,4378446"
"201900046970";"16";"7";"2019";"09:05";"1";"974";"97407";"2";"1";"1";"3";"CARPAYE(AVENUE)";" -20,9445700";"55,2978700"
"201900046971";"16";"7";"2019";"16:20";"1";"972";"97209";"2";"9";"1";"3";"CIMENTERIE (RUE DE LA )";"14,5959600";" -61,0591100"
"201900046972";"16";"7";"2019";"20:00";"1";"95";"95585";"2";"1";"1";"6";"GARGES (ROUTE DE)";"48,9864500";"2,3799120"
"201900046973";"16";"7";"2019";"17:15";"1";"91";"91064";"2";"1";"1";"4";"Léon MIGNOTTE (rue)";"48,7583530";"2,2072960"
"201900046974";"16";"7";"2019";"09:35";"1";"91";"91692";"2";"1";"1";"2";"OCEANIE (AVENUE DE L')";"48,6794500";"2,2007700"
"201900046975";"16";"7";"2019";"18:50";"1";"91";"91421";"2";"9";"7";"3";"GENERAL LELONG (RUE DU)";"48,7012000";"2,4659700"
"201900046976";"16";"7";"2019";"17:05";"1";"91";"91345";"2";"1";"1";"6";"rue Maurice";"48,6936000";"2,2907000"
"201900046977";"6";"6";"2019";"09:00";"1";"84";"84080";"2";"1";"1";"6";"BELLE CROIX BOULEVARD";"44,0344300";"4,9942000"
"201900046978";"12";"7";"2019";"15:30";"1";"81";"81163";"2";"1";"1";"6";"GUIRAUD (PIERRE-EUGENE)";"43,4982800";"2,3715300"
"201900046979";"16";"7";"2019";"13:10";"1";"77";"77514";"2";"1";"7";"6";"LIBELLULES (AVENUE DES)";"48,9455200";"2,5997200"
"201900046980";"15";"7";"2019";"17:25";"1";"77";"77016";"2";"1";"1";"6";"FROMONCEAU (RUE) RD 40";"48,2380880";"2,7032520"
"201900046981";"14";"7";"2019";"01:00";"3";"77";"77316";"1";"1";"1";"4";"D606";"48,3646800";"2,8130800"
"201900046982";"13";"7";"2019";"15:54";"1";"77";"77296";"1";"6";"7";"3";"D402 X D305 SUD";"48,6318194";"2,6258987"
"201900046983";"16";"7";"2019";"17:30";"1";"77";"77335";"1";"2";"1";"3";"D140 X D129";"48,9698400";"2,8298200"
"201900046984";"15";"7";"2019";"21:40";"1";"76";"76157";"1";"1";"1";"1";"CANTELEU. COTE DE (CD 982)";"49,4414200";"1,0329100"
"201900046985";"15";"7";"2019";"18:20";"1";"76";"76296";"2";"2";"1";"3";"CHATAIGNIERS(COTE DES)";"49,5235000";"0,2610000"
"201900046986";"14";"7";"2019";"13:50";"1";"76";"76351";"2";"3";"1";"4";"SOCRATE";"49,5143500";"0,1573900"
"201900046987";"16";"7";"2019";"15:00";"1";"69";"69266";"2";"2";"1";"3";"4 AOUT 1789    (Rue du)";"45,7666200";"4,9025300"
"201900046988";"15";"7";"2019";"10:10";"1";"67";"67482";"2";"1";"1";"3";"PLAINE DES BOUCHERS (RUE DE LA)";"48,5650000";"7,7386200"
"201900046989";"15";"7";"2019";"17:18";"1";"64";"64483";"2";"1";"1";"2";"VERDUN (AVENUE DE)";"43,3862500";" -1,6621500"
"201900046990";"15";"7";"2019";"10:05";"1";"64";"64445";"2";"1";"1";"7";"DESPOURRINS";"43,2999120";" -0,3668910"
"201900046991";"16";"7";"2019";"17:30";"1";"60";"60057";"2";"1";"1";"6";"RD 938";"49,4449300";"2,0933200"
"201900046992";"16";"7";"2019";"05:50";"1";"59";"59599";"2";"1";"1";"3";"COLBERT (RUE)";"50,7351300";"3,1847900"
"201900046993";"15";"7";"2019";"18:26";"1";"56";"56083";"2";"2";"1";"3";"ALLENDE ( AV. PRES. SALVADOR )";"47,8105900";" -3,2523200"
"201900046994";"15";"7";"2019";"14:55";"1";"56";"56121";"2";"6";"1";"3";"LENINE ( AVENUE )";"47,7617200";" -3,3758800"
"201900046995";"15";"7";"2019";"13:20";"1";"56";"56162";"2";"7";"1";"6";"Place Gustave le Floch";"47,7019900";" -3,4318800"
"201900046996";"15";"7";"2019";"11:45";"1";"56";"56121";"2";"2";"1";"2";"GUIEYSSE (RUE  PAUL )";"47,7576100";" -3,3717400"
"201900046997";"11";"7";"2019";"17:20";"1";"54";"54395";"2";"2";"1";"7";"TAPIS VERT (RUE DU)";"48,6917200";"6,1926600"
"201900046998";"16";"7";"2019";"17:50";"1";"51";"51454";"2";"2";"1";"1";"BOULEVARD CHARLES ARNOULD";"49,2669000";"4,0162300"
"201900046999";"16";"7";"2019";"08:55";"1";"51";"51454";"2";"2";"1";"1";"BOULEVARD CHARLES ARNOULD";"49,2669300";"4,0162700"
"201900047000";"16";"7";"2019";"14:50";"1";"51";"51525";"1";"1";"1";"5";"RN 44";"48,9197697";"4,4195836"
"201900047001";"16";"7";"2019";"10:25";"1";"50";"50147";"2";"1";"1";"7";"LA MARE";"49,0607150";" -1,4298380"
"201900047002";"16";"7";"2019";"20:20";"1";"45";"45234";"2";"2";"1";"6";"QUAI CYPIERRE - R ROYALE";"47,8981300";"1,9041200"
"201900047003";"16";"7";"2019";"16:20";"1";"45";"45234";"2";"1";"1";"3";"AV DES DROITS DE L'HOMME";"47,9124073";"1,9231365"
"201900047004";"15";"7";"2019";"07:55";"1";"44";"44109";"2";"1";"1";"3";"VERNE ( BD JULES )";"47,2471560";" -1,5228780"
"201900047005";"16";"7";"2019";"19:22";"1";"42";"42103";"2";"1";"1";"6";"JAURES RUE JEAN";"45,5085100";"4,5727400"
"201900047006";"13";"7";"2019";"18:30";"1";"42";"42187";"2";"2";"1";"3";"REIMS (BOULEVARD DE)";"46,0613843";"4,0761578"
"201900047007";"16";"7";"2019";"18:50";"1";"37";"37261";"2";"2";"1";"3";"WEDELLS (RUE JEANNE)";"47,4120400";"0,7057700"
"201900047008";"16";"7";"2019";"14:50";"1";"37";"37261";"2";"1";"1";"6";"HEURTELOUP (BOULEVARD)";"47,3913100";"0,6979000"
"201900047009";"16";"7";"2019";"12:00";"1";"35";"35051";"1";"1";"1";"2";"EST (ROCADE)";"48,1079000";" -1,5966500"
"201900047010";"15";"7";"2019";"19:55";"1";"33";"33249";"2";"3";"1";"2";"AVE DES ACACIAS";"44,8846200";" -0,5256400"
"201900047011";"15";"7";"2019";"14:00";"1";"33";"33039";"2";"2";"1";"2";"RUE CALIXTE CAMELLE";"44,8087400";" -0,5421800"
"201900047012";"15";"7";"2019";"08:05";"1";"33";"33063";"2";"3";"1";"2";"PONT SAINT JEAN";"44,8344200";" -0,5520700"
"201900047013";"15";"7";"2019";"08:15";"1";"33";"33318";"2";"3";"1";"3";"Av Jean Jaurès / Av du Bas-Brion";"44,8111240";" -0,6192510"
"201900047014";"15";"7";"2019";"18:15";"1";"31";"31555";"1";"1";"1";"2";"VA007331 A620";"43,5695400";"1,4244200"
"201900047015";"16";"7";"2019";"12:05";"1";"31";"31483";"2";"1";"1";"7";"SUBERVILLE JEAN (RUE)";"43,1121300";"0,7397900"
"201900047016";"16";"7";"2019";"20:40";"1";"29";"29232";"2";"1";"1";"7";"POULGUINAN PONT DE";"47,9858200";" -4,1123700"
"201900047017";"12";"7";"2019";"13:00";"1";"19";"19031";"2";"1";"1";"6";"GRIVEL (BOULEVARD AMIRAL)";"45,1552000";"1,5399800"
"201900047018";"15";"7";"2019";"07:55";"1";"13";"13106";"2";"1";"1";"3";"NELSON MANDELA (AVENUE)";"43,4103300";"5,3713000"
"201900047019";"11";"7";"2019";"14:30";"1";"13";"13056";"2";"1";"1";"6";"QUATORZE JUILLET";"43,4079600";"5,0538400"
"201900047020";"16";"7";"2019";"23:30";"5";"13";"13215";"2";"2";"1";"1";"LE CHATELIER";"43,3463809";"5,3661222"
"201900047021";"14";"7";"2019";"03:45";"5";"13";"13210";"2";"1";"1";"6";"MAURIAC (RUE)";"43,2724550";"5,4210220"
"201900047022";"16";"7";"2019";"18:00";"1";"13";"13209";"2";"1";"1";"6";"GUSTAVE GANAY (BOULEVARD)";"43,2656480";"5,3986260"
"201900047023";"16";"7";"2019";"15:10";"1";"13";"13214";"2";"3";"1";"3";"AVENUE RAIMU";"43,3332100";"5,3989400"
"201900047024";"16";"7";"2019";"14:00";"1";"13";"13208";"2";"1";"1";"2";"DUMONT D'URVILLE (RUE)";"43,2710170";"5,3837800"
"201900047025";"16";"7";"2019";"13:10";"1";"10";"10333";"2";"1";"1";"6";"ILE GERMAINE (RUE)";"48,2839000";"4,0523000"
"201900047026";"16";"7";"2019";"12:50";"1";"6";"06069";"2";"6";"1";"3";"LIBERATION (AVENUE DE LA)";"43,6414600";"6,9113800"
"201900047027";"16";"7";"2019";"15:00";"1";"6";"06123";"2";"9";"1";"3";"SAUVAIGO PIERRE AVENUE";"43,6657833";"7,1867576"
"201900047028";"16";"7";"2019";"16:00";"1";"6";"06004";"2";"9";"1";"6";"ALGER RUE D'";"43,5817422";"7,1189590"
"201900047029";"15";"7";"2019";"16:10";"1";"5";"05061";"1";"1";"1";"6";"RD944";"44,5966400";"6,0974500"
"201900047030";"16";"7";"2019";"21:55";"2";"75";"75120";"2";"1";"1";"6";"ECHANGEUR BAGNOLET";"48,8617127";"2,4140524"
"201900047031";"16";"7";"2019";"17:10";"1";"75";"75115";"2";"1";"1";"5";"PORTE DE SEVRES";"48,8351950";"2,2720850"
"201900047032";"16";"7";"2019";"16:45";"1";"75";"75110";"2";"2";"1";"3";"RUE LA FAYETTE";"48,8806240";"2,3619930"
"201900047033";"16";"7";"2019";"02:25";"5";"75";"75119";"2";"3";"1";"6";"RUE DE LA CLOTURE";"48,8973090";"2,3925960"
"201900047034";"15";"7";"2019";"00:45";"3";"75";"75116";"2";"1";"1";"3";"ALLEE DE LONGCHAMP";"48,8758450";"2,2736350"
"201900047035";"16";"7";"2019";"12:20";"1";"75";"75107";"2";"2";"1";"3";"AVENUE DE SUFFREN";"48,8547110";"2,2953740"
"201900047036";"16";"7";"2019";"12:10";"1";"75";"75115";"2";"2";"1";"6";"RUE DE LA CROIX NIVERT";"48,8385980";"2,2894310"
"201900047037";"16";"7";"2019";"16:00";"1";"75";"75113";"2";"1";"1";"6";"BOULEVARD DE L HOPITAL";"48,8369980";"2,3596060"
"201900047038";"16";"7";"2019";"18:45";"1";"75";"75109";"2";"2";"1";"3";"RUE DU FAUBOURG POISSONNIERE";"48,8740180";"2,3479140"
"201900047039";"14";"7";"2019";"04:30";"5";"75";"75109";"2";"2";"1";"6";"RUE LA FAYETTE";"48,8746720";"2,3393600"
"201900047040";"16";"7";"2019";"22:20";"5";"75";"75108";"2";"7";"1";"3";"PLACE CHARLES DE GAULLE";"48,8738370";"2,2959020"
"201900047041";"15";"7";"2019";"03:50";"5";"75";"75116";"2";"3";"1";"6";"RUE DE PRESBOURG";"48,8727820";"2,2932780"
"201900047042";"16";"7";"2019";"02:35";"5";"75";"75108";"2";"3";"1";"6";"AVENUE WINSTON CHURCHILL";"48,8671160";"2,3139380"
"201900047043";"16";"7";"2019";"08:45";"1";"94";"94067";"2";"9";"1";"3";"PARIS (av. de)";"48,8450000";"2,4230000"
"201900047044";"16";"7";"2019";"20:15";"1";"94";"94076";"2";"2";"1";"3";"PAUL VAILLANT COUTURIER (AV)";"48,7944800";"2,3582800"
"201900047045";"16";"7";"2019";"19:10";"1";"94";"94037";"2";"3";"1";"1";"VAL DE MARNE (R DU)";"48,8129400";"2,3417000"
"201900047046";"16";"7";"2019";"12:15";"1";"94";"94041";"2";"2";"1";"3";"VERDUN (AV DE)";"48,8089200";"2,3732500"
"201900047047";"16";"7";"2019";"16:00";"1";"94";"94065";"2";"9";"1";"2";"PONT DES HALLES (R DU)";"48,7580300";"2,3472500"
"201900047048";"16";"7";"2019";"12:15";"1";"94";"94073";"2";"9";"1";"2";"VERSAILLES (AV DE)";"48,7580000";"2,3930000"
"201900047049";"16";"7";"2019";"17:35";"1";"93";"93070";"2";"1";"1";"3";"SEINE (QUAI DE)";"48,9155400";"2,3224400"
"201900047050";"16";"7";"2019";"15:45";"1";"93";"93070";"2";"1";"1";"6";"MICHELET (AVE) : DU 1 AU 103";"48,9050700";"2,3440500"
"201900047051";"16";"7";"2019";"13:40";"1";"93";"93070";"2";"1";"1";"2";"SEINE (QUAI DE)";"48,9157100";"2,3228400"
"201900047052";"16";"7";"2019";"10:10";"1";"93";"93048";"2";"3";"1";"1";"THEOPHILE SUEUR (BOULEVARD)";"48,8639970";"2,4672910"
"201900047053";"16";"7";"2019";"09:15";"1";"93";"93010";"2";"1";"1";"2";"GALLIENI (AV.) CONFORAMA 53";"48,9053200";"2,4744500"
"201900047054";"16";"7";"2019";"19:50";"1";"93";"93008";"2";"1";"1";"6";"GREMILLON (RUE JEAN)";"48,9139326";"2,4280724"
"201900047055";"16";"7";"2019";"16:10";"1";"93";"93008";"2";"1";"1";"3";"BARBUSSE (AVENUE HENRI) A30";"48,9042400";"2,4188300"
"201900047056";"16";"7";"2019";"15:40";"1";"93";"93005";"2";"1";"1";"2";"JACQUES DUCLOS [CD44] (RUE)";"48,9451400";"2,4949900"
"201900047057";"13";"7";"2019";"20:34";"1";"92";"92078";"2";"9";"1";"3";"ARTOIS (IMPASSE)";"48,9345560";"2,3302350"
"201900047058";"14";"7";"2019";"20:10";"5";"92";"92078";"2";"1";"1";"6";"PRINCIPALE DU PORT (ROUTE) (19/+)";"48,9400550";"2,2885360"
"201900047059";"15";"7";"2019";"22:10";"5";"92";"92064";"2";"1";"1";"3";"PASTEUR";"48,8414000";"2,1988000"
"201900047060";"14";"7";"2019";"20:25";"2";"92";"92033";"2";"1";"1";"2";"BUZENVAL";"48,8528064";"2,2023836"
"201900047061";"12";"7";"2019";"01:35";"5";"92";"92062";"2";"2";"1";"3";"EICHENBERGER (RUE)";"48,8811376";"2,2371520"
"201900047062";"12";"7";"2019";"18:30";"1";"92";"92050";"2";"1";"1";"6";"LEGER FERNAND ALLEE";"48,8810000";"2,2174800"
"201900047063";"12";"7";"2019";"14:00";"1";"92";"92026";"2";"9";"1";"6";"GAULTIER";"48,8990000";"2,2435350"
"201900047064";"14";"7";"2019";"17:00";"1";"92";"92026";"2";"9";"1";"3";"FAUVELLES ( RUE DES )";"48,9022200";"2,2394500"
"201900047065";"16";"7";"2019";"18:30";"1";"92";"92012";"2";"1";"1";"2";"REPUBLIQUE (BOULEVARD DE LA) 5/77BIS - 6";"48,8326254";"2,2495947"
"201900047066";"12";"7";"2019";"15:50";"1";"92";"92004";"2";"1";"1";"3";"LAURENT-CELY  ( AVENUE )";"48,9156700";"2,3087000"
"201900047067";"16";"7";"2019";"09:45";"1";"92";"92002";"2";"1";"1";"6";"PIERRE BROSSOLETTE (BOULEVARD)";"48,7550058";"2,3008148"
"201900047068";"16";"7";"2019";"21:00";"1";"63";"63026";"2";"1";"1";"1";"Rue Sidoine Apollinaire";"45,6617146";"2,9737084"
"201900047069";"17";"7";"2019";"10:45";"1";"49";"49244";"2";"1";"2";"1";"LE MARILLAIS";"47,3606370";" -1,0373240"
"201900047070";"17";"7";"2019";"11:30";"1";"28";"28088";"2";"7";"1";"6";"place de la liberté";"48,0729670";"1,3436400"
"201900047071";"16";"7";"2019";"20:30";"4";"974";"97422";"2";"1";"1";"1";"Rue Marius et Ary Leblond";" -21,2781660";"55,5242590"
"201900047072";"17";"7";"2019";"18:00";"1";"83";"83048";"2";"1";"1";"3";"Boulevard Sylvabelle";"43,1943530";"6,5810950"
"201900047073";"16";"7";"2019";"18:30";"1";"58";"58102";"1";"9";"1";"1";"la grande brosse";"47,3705720";"3,1232360"
"201900047074";"15";"7";"2019";"18:30";"1";"30";"30117";"1";"6";"1";"7";"D6113";"43,6939530";"4,5994420"
"201900047075";"17";"7";"2019";"12:45";"1";"51";"51248";"1";"1";"1";"7";"RD 43";"48,7312178";"4,0139503"
"201900047076";"16";"7";"2019";"23:45";"3";"56";"56240";"1";"1";"1";"6";"La Maison Neuve";"47,5155340";" -2,6871080"
"201900047077";"11";"7";"2019";"02:00";"3";"76";"76609";"1";"1";"1";"7";"D940";"49,6554700";"0,1944930"
"201900047078";"17";"7";"2019";"18:30";"1";"80";"80290";"1";"3";"1";"3";"rue de la fontaine";"50,2474740";"1,9365350"
"201900047079";"16";"7";"2019";"18:30";"1";"32";"32444";"1";"1";"1";"3";"rd654";"43,6859620";"0,9995220"
"201900047080";"17";"7";"2019";"16:10";"1";"71";"71412";"1";"1";"1";"6";"rd 601 PK 3+300";"46,7152970";"4,4252590"
"201900047081";"10";"7";"2019";"17:43";"1";"63";"63139";"1";"2";"7";"3";"Intersection RD 202b RD906";"45,3805320";"3,7486220"
"201900047082";"16";"7";"2019";"16:00";"1";"61";"61484";"1";"3";"1";"3";"Route nationale 923 MALE 61246";"48,2647970";"0,7546040"
"201900047083";"6";"7";"2019";"12:05";"1";"61";"61309";"1";"1";"1";"1";"LA METAIRIE (Saint-Jean-de-la-Forêt)";"48,3981870";"0,6360070"
"201900047084";"17";"7";"2019";"16:00";"1";"49";"49362";"2";"2";"1";"3";"Allée des Tilleuls";"47,2170720";" -0,0619910"
"201900047085";"17";"7";"2019";"05:25";"2";"34";"34194";"1";"1";"1";"6";"D609";"43,5572980";"3,4690280"
"201900047086";"14";"7";"2019";"17:40";"1";"1";"01389";"1";"1";"1";"7";"Route de Baneins";"46,0789330";"4,8966320"
"201900047087";"17";"7";"2019";"06:00";"2";"1";"01227";"1";"1";"1";"6";"D992";"45,7611610";"5,7152220"
"201900047088";"17";"7";"2019";"09:15";"1";"70";"70181";"1";"1";"7";"6";"Point kilométrique 10 - RD 11";"47,3441050";"5,8270170"
"201900047089";"29";"6";"2019";"11:25";"1";"7";"07117";"1";"2";"1";"6";"D104A";"44,4453160";"4,2067980"
"201900047090";"12";"7";"2019";"13:00";"1";"40";"40312";"1";"6";"1";"3";"D817";"43,5399460";" -1,4622850"
"201900047091";"16";"7";"2019";"21:30";"2";"4";"04111";"1";"1";"1";"6";"RD 4100";"43,9271810";"5,7573220"
"201900047092";"17";"7";"2019";"17:50";"1";"4";"04081";"1";"1";"1";"1";"RD 315";"43,7570996";"5,9451771"
"201900047093";"16";"7";"2019";"15:05";"1";"27";"27428";"2";"1";"1";"1";"8 Route de Conches";"49,1358660";"0,9051680"
"201900047094";"15";"7";"2019";"09:30";"1";"30";"30133";"1";"1";"1";"2";"departemenatle 62 A";"43,5529440";"4,1434490"
"201900047095";"16";"7";"2019";"17:00";"1";"19";"19176";"1";"1";"1";"2";"AUTOROUTE A.89 - PK 241.500 - Sens de circulation CLERMONT-FERRAND - BORDEAUX";"45,4067960";"2,0091940"