"Num_Acc";"jour";"mois";"an";"hrmn";"lum";"dep";"com";"agg";"int";"atm";"col";"adr";"lat";"long"
"201900047096";"15";"7";"2019";"11:05";"1";"19";"19236";"1";"1";"1";"6";"autoroute A89";"45,3363390";"1,8981720"
"201900047097";"15";"7";"2019";"18:10";"3";"974";"97415";"2";"3";"1";"3";"Rue Raphaël Barquissau";" -21,0347450";"55,2689850"
"201900047098";"16";"7";"2019";"18:30";"1";"34";"34333";"1";"2";"1";"3";"Boulevard des Aresquiers";"43,4893680";"3,8001850"
"201900047099";"16";"7";"2019";"12:30";"1";"78";"78455";"1";"1";"1";"7";"rd 307";"48,8447080";"2,0558200"
"201900047100";"17";"7";"2019";"11:30";"1";"6";"06085";"2";"1";"1";"6";"56 Avenue du Maréchal Juin";"43,5971159";"6,9871749"
"201900047101";"17";"7";"2019";"09:40";"1";"89";"89277";"1";"1";"1";"2";"Autorout A6, PK 186.900";"47,6814739";"3,8564041"
"201900047102";"17";"7";"2019";"16:21";"1";"17";"17348";"1";"1";"1";"5";"RD 123, PR 7+185";"45,8468670";" -1,0099300"
"201900047103";"7";"7";"2019";"19:25";"1";"34";"34166";"1";"1";"1";"6";"Avenue de la Paix";"43,3600030";"3,3452270"
"201900047104";"16";"7";"2019";"17:45";"1";"83";"83096";"1";"1";"1";"2";"N/A";"43,4718520";"5,8215670"
"201900047105";"16";"7";"2019";"21:40";"3";"973";"97311";"1";"1";"1";"1";"Avenue Jean Galmot";"5,5037349";" -53,9687920"
"201900047106";"16";"7";"2019";"12:10";"1";"973";"97311";"2";"3";"1";"1";"1500 avenue C.colomb 9732";"5,4799194";" -54,0370917"
"201900047107";"17";"7";"2019";"09:20";"1";"33";"33199";"1";"3";"1";"3";"D652";"44,5754600";" -1,1006900"
"201900047108";"17";"7";"2019";"14:10";"1";"37";"37072";"1";"1";"1";"1";"la motte";"47,1497843";"0,2966308"
"201900047109";"17";"7";"2019";"06:40";"1";"77";"77099";"1";"1";"1";"6";"RD 40";"48,1744300";"2,7031000"
"201900047110";"16";"7";"2019";"18:30";"1";"2B";"2B205";"1";"1";"1";"6";"D80";"42,7087020";"9,3418460"
"201900047111";"7";"12";"2019";"14:00";"1";"80";"80779";"1";"1";"1";"7";"A16";"50,1015710";"1,8741180"
"201900047112";"7";"12";"2019";"11:40";"1";"49";"49343";"2";"6";"1";"6";"29 Rue du Maréchal Juin";"47,0028290";" -0,8449250"
"201900047113";"8";"12";"2019";"18:00";"1";"988";"98810";"1";"1";"2";"7";"R.T.1";" -20,6399020";"164,3485840"
"201900047114";"6";"12";"2019";"16:30";"1";"972";"97231";"1";"1";"1";"2";"RD7";"14,5331410";" -61,0243880"
"201900047115";"8";"12";"2019";"17:50";"4";"35";"35085";"2";"1";"3";"6";"54 Avenue Gautier Pere et Fils";"48,4113260";" -1,7389900"
"201900047116";"8";"12";"2019";"20:00";"3";"11";"11172";"1";"1";"2";"1";"D610";"43,2655010";"2,7199970"
"201900047117";"9";"12";"2019";"10:00";"1";"60";"60395";"1";"1";"3";"1";"D923 - Boulevard Pierre de coubertin";"49,2220200";"2,1478750"
"201900047118";"9";"12";"2019";"09:15";"1";"26";"26332";"1";"4";"2";"7";"rue Louis Poulenard";"45,1798390";"4,8491410"
"201900047119";"9";"12";"2019";"16:05";"1";"72";"72058";"1";"6";"1";"6";"D145";"47,9901000";"0,3250200"
"201900047120";"5";"12";"2019";"15:45";"1";"61";"61282";"1";"1";"1";"6";"A28";"48,8872170";"0,3832350"
"201900047121";"4";"12";"2019";"17:45";"5";"51";"51535";"2";"4";"2";"3";"RUE DE PARIS";"48,7251235";"3,7140960"
"201900047122";"9";"12";"2019";"08:00";"2";"77";"77227";"1";"1";"2";"6";"D78";"48,4861700";"3,3461800"
"201900047123";"7";"12";"2019";"01:15";"3";"76";"76224";"1";"1";"1";"6";"Les Partages";"49,6450970";"0,2959870"
"201900047124";"9";"12";"2019";"12:25";"1";"2B";"2B315";"2";"1";"1";"4";"RT 20";"42,2482150";"9,1758600"
"201900047125";"2";"11";"2019";"18:10";"5";"82";"82141";"2";"2";"2";"3";"D96";"44,1022050";"0,9337750"
"201900047126";"9";"12";"2019";"11:30";"1";"63";"63227";"2";"1";"2";"1";"Avenue de l'Allier";"45,6912089";"3,2133179"
"201900047127";"9";"12";"2019";"13:40";"1";"76";"76255";"2";"1";"1";"6";"120 Chaussee de Picardie";"50,0541450";"1,4226350"
"201900047128";"9";"12";"2019";"17:00";"3";"55";"55079";"1";"1";"2";"7";"1 Rue Marcel Rondeau";"48,7076550";"5,0914560"
"201900047129";"9";"12";"2019";"01:15";"3";"55";"55568";"1";"1";"9";"6";"D997";"48,7091020";"5,0687060"
"201900047130";"6";"12";"2019";"11:45";"1";"49";"49069";"1";"1";"2";"1";"Lieu Dit la Pohuere";"47,3506040";" -1,0957820"
"201900047131";"6";"12";"2019";"10:35";"1";"42";"42222";"2";"1";"1";"1";"28 Route de Cuzieu";"45,5955800";"4,3082550"
"201900047132";"8";"12";"2019";"14:15";"1";"34";"34175";"1";"3";"1";"1";"D908";"43,6110930";"3,3222140"
"201900047133";"8";"12";"2019";"12:15";"1";"25";"25583";"2";"1";"8";"6";"D36";"47,3435030";"6,6603990"
"201900047134";"22";"11";"2019";"17:35";"3";"44";"44018";"1";"1";"3";"1";"Rue de la Noë";"47,1393110";" -1,6680700"
"201900047135";"8";"11";"2019";"16:30";"1";"44";"44212";"2";"1";"1";"3";"15 Route d'Ancenis";"47,1660410";" -1,2675510"
"201900047136";"8";"12";"2019";"18:38";"3";"35";"35338";"1";"1";"3";"6";"Lieu Dit les Rues";"48,0562600";" -1,2805760"
"201900047137";"6";"12";"2019";"08:40";"1";"29";"29153";"2";"1";"2";"3";"Rue de Park Nonn";"47,8197120";" -3,7951260"
"201900047138";"9";"12";"2019";"04:30";"3";"31";"31341";"1";"1";"3";"6";"D17";"43,7237960";"1,2463720"
"201900047139";"8";"12";"2019";"20:35";"5";"1";"01050";"1";"1";"2";"6";"D1";"46,3845150";"5,0013220"
"201900047140";"7";"12";"2019";"17:00";"2";"70";"70533";"1";"1";"8";"7";"D23";"47,4439990";"5,8055380"
"201900047141";"8";"12";"2019";"18:55";"3";"58";"58247";"1";"1";"8";"1";"D978";"47,0016840";"3,3377490"
"201900047142";"9";"12";"2019";"10:30";"1";"14";"14102";"1";"1";"8";"1";"D264";"49,2220130";"0,2489630"
"201900047143";"9";"12";"2019";"17:00";"1";"50";"50410";"1";"1";"8";"2";"Route de Saint-georges";"48,5591140";" -1,5290350"
"201900047144";"7";"12";"2019";"12:05";"1";"17";"17480";"1";"1";"8";"6";"RD 108";"46,1438896";" -0,8850321"
"201900047145";"9";"12";"2019";"08:35";"1";"30";"30340";"1";"1";"1";"7";"D6086";"43,9951880";"4,5766110"
"201900047146";"9";"12";"2019";"05:45";"4";"88";"88447";"1";"1";"3";"6";"Rue des Martinets";"47,9539050";"6,7450380"
"201900047147";"9";"12";"2019";"13:00";"1";"974";"97415";"2";"1";"1";"3";"Rue Auguste Vinson";" -21,0287790";"55,2680560"
"201900047148";"9";"12";"2019";"14:30";"1";"80";"80507";"1";"1";"8";"2";"autoroute A29 pk 218+500";"49,8604900";"2,5710650"
"201900047149";"9";"12";"2019";"10:10";"1";"69";"69244";"2";"1";"2";"1";"av charles de gaulle";"45,7517900";"4,7613010"
"201900047150";"9";"12";"2019";"08:05";"2";"85";"85029";"1";"1";"1";"6";"Route de Bourgneuf";"47,0072500";" -1,9622800"
"201900047151";"8";"12";"2019";"05:15";"3";"38";"38431";"1";"1";"5";"2";"A41";"45,2433100";"5,8586940"
"201900047152";"8";"12";"2019";"00:05";"5";"38";"38053";"1";"1";"1";"2";"A43 PK 035.200";"45,5975240";"5,2776130"
"201900047153";"8";"12";"2019";"12:00";"1";"987";"98757";"2";"1";"7";"7";"Vallée de HAKAMAII RT 455";" -9,3987830";" -140,0732300"
"201900047154";"6";"12";"2019";"16:00";"1";"988";"98822";"1";"1";"1";"7";"tribu d'Ometteux";" -20,9855830";"165,4007530"
"201900047155";"8";"12";"2019";"21:10";"3";"988";"98831";"1";"1";"8";"7";"R.T.1";" -20,8858080";"164,6605850"
"201900047156";"7";"12";"2019";"23:35";"3";"971";"97117";"1";"1";"1";"3";"D101";"16,3077480";" -61,3933730"
"201900047157";"9";"12";"2019";"13:30";"1";"971";"97118";"1";"1";"1";"7";"N1";"16,2171250";" -61,5995410"
"201900047158";"7";"12";"2019";"19:50";"5";"18";"18207";"2";"1";"1";"6";"Avenue Gabriel Dordain";"46,9960970";"2,2532380"
"201900047159";"9";"12";"2019";"15:30";"1";"34";"34145";"2";"9";"1";"3";"Avenue Gaston Baissette";"43,6729690";"4,1247810"
"201900047160";"7";"12";"2019";"11:45";"1";"84";"84122";"2";"1";"1";"7";"Route de Bédarrides";"44,0749720";"4,9533010"
"201900047161";"19";"10";"2019";"14:30";"1";"83";"83065";"1";"1";"1";"2";"N/A";"43,2611340";"6,5753610"
"201900047162";"9";"12";"2019";"20:07";"5";"13";"13027";"2";"1";"1";"1";"Avenue de la Durance";"43,8902180";"4,8802490"
"201900047163";"9";"12";"2019";"16:00";"1";"3";"03139";"1";"1";"3";"7";"N/A";"45,9966731";"3,7266961"
"201900047164";"8";"12";"2019";"19:55";"5";"69";"69121";"2";"1";"1";"1";"120 Route de Lyon";"45,8550300";"4,6815300"
"201900047165";"8";"12";"2019";"22:50";"3";"81";"81271";"1";"1";"2";"6";"D630";"43,7619000";"1,6978000"
"201900047166";"2";"12";"2019";"11:30";"1";"9";"09160";"2";"1";"2";"6";"1 Rue Alphonse Daudet";"42,9402080";"1,8542930"
"201900047167";"8";"12";"2019";"05:30";"3";"29";"29087";"1";"1";"2";"2";"D765";"48,0348000";" -4,2443170"
"201900047168";"3";"12";"2019";"07:45";"2";"35";"35047";"1";"1";"9";"1";"La Roche Marguerite";"47,9991780";" -1,7401950"
"201900047169";"9";"12";"2019";"08:45";"2";"60";"60009";"1";"6";"3";"2";"RD 1001 - A16";"49,4050642";"2,1207054"
"201900047170";"9";"12";"2019";"16:55";"5";"80";"80685";"2";"4";"1";"3";"Rue Saint-gilles";"49,6902590";"2,7880830"
"201900047171";"7";"12";"2019";"12:00";"1";"13";"13215";"1";"1";"1";"2";"A7-Sens Lyon vers Marseille";"43,3674300";"5,3607600"
"201900047172";"7";"12";"2019";"23:30";"3";"13";"13215";"1";"1";"1";"2";"A7-Sens Lyon vers Marseille";"43,3476000";"5,3713100"
"201900047173";"8";"12";"2019";"22:45";"5";"33";"33249";"1";"1";"8";"6";"ROUTE NATIONALE 230";"44,8844500";" -0,5104600"
"201900047174";"8";"12";"2019";"16:21";"1";"94";"94034";"1";"1";"1";"4";"AUTOROUTE A86";"48,7588000";"2,3248000"
"201900047175";"5";"12";"2019";"09:00";"1";"78";"78418";"1";"1";"1";"2";"A14";"48,9133800";"2,1585000"
"201900047176";"7";"12";"2019";"18:30";"5";"92";"92050";"1";"1";"1";"4";"A14";"48,9011006";"2,2059360"
"201900047177";"8";"12";"2019";"20:45";"3";"93";"93064";"1";"1";"1";"4";"AUTOROUTE A103";"48,8867106";"2,4800627"
"201900047178";"8";"12";"2019";"13:40";"1";"77";"77249";"1";"1";"3";"6";"RN104";"48,7572990";"2,6154540"
"201900047179";"8";"12";"2019";"01:05";"3";"77";"77384";"1";"1";"2";"2";"A5b";"48,5949500";"2,6353100"
"201900047180";"7";"12";"2019";"00:40";"5";"94";"94028";"1";"1";"2";"2";"A86 INT";"48,8031100";"2,4480800"
"201900047181";"27";"11";"2019";"18:10";"3";"71";"71153";"2";"3";"2";"3";"MARECHAL FOCH (RUE)";"46,8051930";"4,4573810"
"201900047182";"7";"12";"2019";"18:30";"5";"69";"69388";"2";"2";"1";"3";"VIENNE (DE)                         (RO)";"45,7297600";"4,8536000"
"201900047183";"7";"12";"2019";"13:15";"1";"69";"69386";"2";"2";"1";"3";"MASSENA                             (R )";"45,7682000";"4,8544500"
"201900047184";"5";"12";"2019";"21:00";"5";"972";"97209";"2";"1";"1";"6";"CHATEAUBOEUF (ROUTE DE)";"14,6151100";" -61,0394100"
"201900047185";"7";"12";"2019";"22:20";"5";"69";"69381";"2";"1";"1";"6";"JEAN MOULIN                         (QU)";"45,7676700";"4,8378900"
"201900047186";"7";"12";"2019";"15:47";"1";"69";"69389";"2";"1";"1";"6";"BEN GOURION   (AV)";"45,7880000";"4,7880000"
"201900047187";"7";"12";"2019";"04:10";"5";"69";"69382";"2";"7";"1";"6";"HRANT DINK                         (R)";"45,7379000";"4,8152000"
"201900047188";"2";"12";"2019";"19:00";"5";"69";"69149";"1";"3";"1";"2";"FRANCISQUE JOMARD                   (R )";"45,7194900";"4,7785000"
"201900047189";"6";"12";"2019";"12:30";"1";"2B";"2B120";"1";"1";"1";"3";"IMPERIALE (Route) D464 ";"42,6324100";"9,4353100"
"201900047190";"7";"12";"2019";"13:30";"1";"971";"97101";"2";"1";"2";"6";"BAZIN";"16,2741000";" -61,4989000"
"201900047191";"3";"12";"2019";"08:10";"1";"971";"97101";"1";"9";"1";"2";"RN1-  HAUTEUR DE SORTIE LAURICISQUE";"16,2539400";" -61,5364200"
"201900047192";"6";"12";"2019";"09:43";"1";"88";"88209";"2";"1";"8";"3";"EPINAL (RUE D')";"48,1933000";"6,4379000"
"201900047193";"28";"11";"2019";"19:30";"5";"80";"80001";"2";"9";"8";"6";"DOULLENS (de)";"50,1081300";"1,8533500"
"201900047194";"7";"12";"2019";"22:00";"3";"78";"78551";"1";"2";"1";"6";"RN 184";"48,9468300";"2,0951700"
"201900047195";"21";"11";"2019";"19:00";"5";"78";"78498";"2";"3";"2";"2";"FOCH AV";"48,9331000";"2,0568500"
"201900047196";"7";"12";"2019";"17:21";"5";"69";"69256";"2";"2";"1";"3";"JEAN MOULIN                         (AV)";"45,7893600";"4,9177700"
"201900047197";"7";"12";"2019";"11:45";"1";"64";"64284";"2";"1";"1";"2";"CHARLES DE GAULLE";"43,2866000";" -0,3896200"
"201900047198";"7";"12";"2019";"11:00";"1";"64";"64445";"2";"1";"1";"2";"GENERAL DE GAULLE DU";"43,3020613";" -0,3548376"
"201900047199";"7";"12";"2019";"17:35";"5";"64";"64102";"2";"1";"1";"2";"SABALCE (CHEMIN DE)";"43,4931800";" -1,4913300"
"201900047200";"7";"12";"2019";"07:40";"2";"64";"64024";"2";"1";"1";"6";"ADOUR (AVENUE DE L')";"43,5157527";" -1,5013224"
"201900047201";"7";"12";"2019";"05:15";"5";"59";"59350";"2";"3";"2";"1";"ESPLANADE FACADE";"50,6435400";"3,0529100"
"201900047202";"7";"12";"2019";"01:00";"5";"56";"56121";"2";"1";"1";"6";"BELGIQUE (RUE  DE )";"47,7582000";" -3,3760400"
"201900047203";"6";"12";"2019";"08:45";"1";"56";"56083";"2";"1";"1";"6";"ALLENDE ( AV. PRES. SALVADOR )";"47,8055600";" -3,2605600"
"201900047204";"7";"12";"2019";"18:50";"5";"51";"51454";"2";"2";"1";"3";"AVENUE GEORGES HODIN";"49,2247300";"4,0375900"
"201900047205";"6";"12";"2019";"19:35";"5";"51";"51573";"2";"3";"2";"3";"ROUTE DE CHAMPIGNY";"49,2555124";"3,9824621"
"201900047206";"7";"12";"2019";"16:20";"1";"45";"45232";"2";"1";"8";"6";"RUE DE CHAMPAGNE";"47,8427272";"1,9177955"
"201900047207";"6";"12";"2019";"19:15";"5";"43";"43046";"2";"9";"1";"6";"CHAMPS-ELYSEES (AVENUE DES)";"45,0533883";"3,8983440"
"201900047208";"6";"12";"2019";"10:55";"1";"42";"42207";"2";"9";"7";"7";"RIVE QUAI DE LA";"45,4821000";"4,5251800"
"201900047209";"7";"12";"2019";"18:05";"5";"37";"37122";"2";"1";"2";"3";"SAINT LEGER (RUE DE)";"47,3456300";"0,6531500"
"201900047210";"7";"12";"2019";"21:30";"3";"35";"35051";"1";"1";"1";"2";"POMMERAIE (LIEU-DIT LA)";"48,1314300";" -1,5988000"
"201900047211";"7";"12";"2019";"20:15";"5";"35";"35238";"2";"2";"8";"3";"CLEMENCEAU (BD GEORGES)";"48,0939600";" -1,6774100"
"201900047212";"7";"12";"2019";"18:05";"3";"35";"35238";"1";"1";"1";"4";"RN136";"48,1059640";" -1,7169460"
"201900047213";"7";"12";"2019";"13:00";"1";"34";"34172";"2";"6";"1";"3";"ALCO (ROND-POINT D')";"43,6254200";"3,8369300"
"201900047214";"7";"12";"2019";"23:20";"5";"33";"33032";"2";"6";"2";"6";"QUAI DE VIAL";"44,8991500";" -0,5323100"
"201900047215";"7";"12";"2019";"03:45";"5";"33";"33039";"2";"3";"1";"2";"Ex A631 sens Bordeaux - Bègles";"44,8193900";" -0,5385200"
"201900047216";"7";"12";"2019";"05:30";"5";"33";"33529";"2";"6";"1";"6";"RN 250 (OUSTALET - BONNEVAL)";"44,6169400";" -1,1382500"
"201900047217";"6";"12";"2019";"15:30";"1";"30";"30007";"2";"1";"1";"6";"VIGET (CHEMIN DU)";"44,1377300";"4,1057500"
"201900047218";"6";"12";"2019";"21:30";"5";"29";"29019";"2";"3";"1";"6";"COROT";"48,4142000";" -4,4718000"
"201900047219";"6";"12";"2019";"19:15";"5";"29";"29019";"1";"1";"1";"7";"RD112 (DE PONT DESFOSES A LIMITE CICONSC";"48,4226411";" -4,4770414"
"201900047220";"1";"12";"2019";"17:35";"2";"28";"28134";"2";"1";"2";"6";"KENNEDY (AVENUE DU PRESIDENT)";"48,7294400";"1,3842100"
"201900047221";"7";"12";"2019";"02:45";"5";"27";"27229";"2";"1";"2";"6";"CHURCHILL (AVENUE WINSTON)";"49,0200200";"1,1591400"
"201900047222";"5";"12";"2019";"06:45";"5";"24";"24037";"2";"9";"5";"3";"RD 936 E1";"44,8260900";"0,4872800"
"201900047223";"7";"12";"2019";"16:10";"1";"17";"17300";"2";"2";"8";"3";"JOFFRE   BOULEVARD (79 et 18)";"46,1579500";" -1,1423400"
"201900047224";"7";"12";"2019";"20:25";"5";"13";"13213";"2";"1";"1";"3";"(RUE) RAYMONDE MARTIN";"43,3287289";"5,4101796"
"201900047225";"7";"12";"2019";"13:20";"1";"13";"13213";"2";"2";"1";"2";"CROIX ROUGE (AVENUE)";"43,3332190";"5,4381430"
"201900047226";"7";"12";"2019";"20:00";"5";"13";"13004";"2";"1";"1";"3";"BD DES LICES";"43,6754210";"4,6290910"
"201900047227";"7";"12";"2019";"15:05";"1";"11";"11069";"2";"9";"1";"3";"RD 6161 - Rocade Ouest";"43,2067100";"2,3108400"
"201900047228";"7";"12";"2019";"18:50";"3";"10";"10387";"1";"1";"1";"1";"GEORGES POMPIDOU (RUE)";"48,3052000";"4,1003000"
"201900047229";"7";"12";"2019";"06:30";"5";"6";"06069";"2";"1";"1";"3";"CANNES (ROUTE DE)  -RD 6085-";"43,6297850";"6,9589180"
"201900047230";"7";"12";"2019";"21:10";"5";"1";"01053";"2";"2";"1";"6";"VERNE (AVENUE JEAN MARIE )";"46,1953548";"5,2252873"
"201900047231";"7";"12";"2019";"19:45";"3";"1";"01289";"1";"1";"1";"6";"COUPES BLANCHES (CHEMIN DES) COTE SEILLO";"46,1752848";"5,2376079"
"201900047232";"6";"12";"2019";"20:45";"3";"75";"75117";"2";"1";"1";"4";"BD PERIPHERIQUE INTERIEUR";"48,8996850";"2,3196400"
"201900047233";"7";"12";"2019";"07:05";"5";"75";"75107";"2";"2";"1";"6";"QUAI VOLTAIRE";"48,8595552";"2,3292947"
"201900047234";"7";"12";"2019";"05:41";"5";"75";"75108";"2";"7";"2";"6";"PLACE CHARLES DE GAULLE";"48,8732681";"2,2955739"
"201900047235";"7";"12";"2019";"04:25";"5";"75";"75120";"2";"3";"1";"3";"RUE DE MENILMONTANT";"48,8679300";"2,3866160"
"201900047236";"7";"12";"2019";"16:15";"1";"75";"75116";"2";"1";"1";"6";"AVENUE DE NEW YORK";"48,8625540";"2,2938990"
"201900047237";"6";"12";"2019";"13:00";"1";"75";"75116";"2";"1";"2";"3";"BOULEVARD D AUTEUIL";"48,8454713";"2,2529635"
"201900047238";"7";"12";"2019";"14:30";"1";"75";"75115";"2";"1";"1";"6";"RUE DE VAUGIRARD";"48,8364180";"2,2947090"
"201900047239";"6";"12";"2019";"03:50";"5";"75";"75115";"2";"7";"1";"6";"RUE CAMBRONNE";"48,8477780";"2,3015790"
"201900047240";"6";"12";"2019";"19:50";"5";"75";"75114";"2";"2";"2";"6";"BOULEVARD JOURDAN";"48,8212230";"2,3343050"
"201900047241";"7";"12";"2019";"06:20";"5";"75";"75114";"2";"2";"8";"6";"AVENUE DE MAZAGRAN";"48,8156060";"2,3443389"
"201900047242";"7";"12";"2019";"15:10";"1";"75";"75112";"2";"1";"1";"6";"ROUTE DE LA PYRAMIDE";"48,8394780";"2,4375490"
"201900047243";"7";"12";"2019";"16:30";"1";"75";"75111";"2";"1";"8";"2";"RUE DU FAUBOURG SAINT ANTOINE";"48,8498750";"2,3860610"
"201900047244";"7";"12";"2019";"01:50";"5";"75";"75111";"2";"1";"2";"6";"BOULEVARD VOLTAIRE";"48,8590001";"2,3781149"
"201900047245";"7";"12";"2019";"00:54";"5";"75";"75115";"2";"1";"2";"3";"RUE EUGENE GIBEZ";"48,8354570";"2,2954720"
"201900047246";"7";"12";"2019";"09:35";"1";"75";"75104";"2";"2";"2";"7";"RUE SAINT MERRI";"48,8590210";"2,3537190"
"201900047247";"7";"12";"2019";"15:30";"1";"75";"75103";"2";"1";"1";"3";"RUE DU GRENIER SAINT LAZARE";"48,8630220";"2,3532350"
"201900047248";"7";"12";"2019";"06:25";"5";"94";"94068";"2";"3";"8";"7";"PIE (QU DE LA)";"48,7855614";"2,4826693"
"201900047249";"7";"12";"2019";"10:15";"1";"94";"94016";"2";"1";"1";"6";"ARISTIDE BRIAND (AV)";"48,7913000";"2,3200500"
"201900047250";"6";"12";"2019";"18:10";"5";"94";"94069";"2";"2";"2";"3";"CANADIENS (AV DES)";"48,8169963";"2,4594140"
"201900047251";"25";"11";"2019";"10:50";"1";"93";"93055";"2";"1";"1";"6";"GENERAL LECLERC(AVE DU)(43/87 ET 78/120)";"48,8976300";"2,4050500"
"201900047252";"7";"12";"2019";"16:50";"5";"93";"93063";"2";"2";"1";"6";"BERLIOZ AVENUE";"48,8718400";"2,4383800"
"201900047253";"7";"12";"2019";"12:50";"1";"93";"93063";"2";"1";"1";"1";"LEMOINE RUE JEAN";"48,8791000";"2,4471000"
"201900047254";"7";"12";"2019";"17:25";"3";"93";"93007";"2";"3";"8";"6";"ALEXANDRE DUMAS (RUE)";"48,9377100";"2,4744800"
"201900047255";"7";"12";"2019";"14:05";"1";"93";"93001";"1";"1";"1";"3";"BERGERIES (RUE DES)";"48,9207600";"2,3727400"
"201900047256";"7";"12";"2019";"13:50";"1";"92";"92049";"2";"1";"8";"5";"BARBES RUE";"48,8173820";"2,3274560"
"201900047257";"6";"12";"2019";"15:10";"1";"92";"92036";"2";"1";"1";"2";"LAURENT CELY (AVENUE) (154/336)";"48,9243204";"2,3045271"
"201900047258";"7";"12";"2019";"08:50";"1";"92";"92002";"2";"2";"2";"3";"JOSEPH DELON (RUE)";"48,7475463";"2,2986383"
"201900047259";"8";"12";"2019";"10:15";"1";"974";"97412";"2";"3";"1";"6";"458 Rue Raphaël Babet";" -21,3797530";"55,6352960"
"201900047260";"7";"12";"2019";"23:59";"3";"972";"97231";"1";"1";"2";"1";"D7";"14,5340490";" -61,0273550"
"201900047261";"8";"12";"2019";"10:03";"1";"972";"97232";"1";"1";"1";"3";"Grand Case";"14,5726810";" -60,8622410"
"201900047262";"8";"12";"2019";"15:00";"1";"972";"97205";"2";"2";"1";"3";"Rue de l'Autre Bord";"14,6436930";" -61,1381840"
"201900047263";"8";"12";"2019";"12:00";"1";"30";"30202";"2";"1";"1";"6";"Avenue General de gaulle";"44,2440740";"4,6402010"
"201900047264";"8";"12";"2019";"10:35";"1";"69";"69260";"2";"1";"1";"2";"D315";"45,6474160";"4,8117770"
"201900047265";"7";"12";"2019";"18:45";"3";"83";"83057";"1";"1";"1";"2";"N/A";"43,3838440";"6,1756420"
"201900047266";"7";"12";"2019";"08:30";"1";"57";"57541";"2";"1";"2";"6";"5 Route de Bitche";"48,9878290";"7,5651730"
"201900047267";"8";"12";"2019";"10:30";"1";"51";"51042";"1";"1";"3";"7";"RD 951";"48,8633680";"3,7660352"
"201900047268";"7";"12";"2019";"12:25";"1";"56";"56240";"1";"1";"3";"2";"Duer";"47,5358750";" -2,7421150"
"201900047269";"7";"12";"2019";"17:40";"3";"2A";"2A271";"2";"1";"1";"1";"Ponte Bonello";"41,9734490";"8,8220970"
"201900047270";"8";"12";"2019";"00:45";"3";"80";"80750";"2";"1";"1";"7";"Rue de la Chaussee";"49,8571840";"3,0773170"
"201900047271";"8";"12";"2019";"06:04";"5";"89";"89025";"2";"1";"8";"6";"13 Rue de Hopital";"47,4926540";"3,9051990"
"201900047272";"6";"12";"2019";"17:50";"3";"61";"61206";"1";"1";"2";"5";"N12";"48,6152430";"0,7150140"
"201900047273";"8";"12";"2019";"06:45";"3";"25";"25195";"1";"1";"8";"7";"D673";"47,2066430";"5,8965510"
"201900047274";"7";"12";"2019";"20:35";"3";"25";"25186";"1";"1";"1";"1";"RD 1";"47,3236730";"5,9538970"
"201900047275";"7";"12";"2019";"18:40";"3";"44";"44067";"1";"1";"1";"2";"D3";"47,5943030";" -1,8502140"
"201900047276";"8";"12";"2019";"02:00";"5";"29";"29259";"2";"1";"3";"7";"28 Rue Cadiou";"48,6815760";" -3,9873120"
"201900047277";"6";"12";"2019";"06:20";"5";"31";"31232";"2";"1";"5";"6";"41 Allee Alsace Lorraine";"43,7713370";"1,2968780"
"201900047278";"8";"12";"2019";"07:25";"5";"31";"31182";"1";"1";"1";"6";"1 Rue des Battants";"43,6947660";"1,4009360"
"201900047279";"6";"12";"2019";"00:40";"3";"54";"54162";"1";"1";"1";"7";"N4";"48,6508230";"5,8538390"
"201900047280";"7";"12";"2019";"23:15";"3";"5";"05170";"1";"1";"1";"6";"D46";"44,4611740";"6,0374260"
"201900047281";"8";"12";"2019";"14:00";"1";"50";"50454";"1";"1";"2";"5";"D650";"49,5559010";" -1,7497070"
"201900047282";"7";"12";"2019";"23:25";"3";"50";"50580";"1";"4";"1";"6";"Le Taillis";"49,5430920";" -1,7555100"
"201900047283";"7";"12";"2019";"23:55";"3";"64";"64547";"1";"1";"1";"7";"Route de Potoa";"43,4030886";" -1,5056236"
"201900047284";"7";"12";"2019";"23:45";"5";"16";"16028";"2";"1";"2";"3";"Boulevard Chanzy";"45,4731480";" -0,1514560"
"201900047285";"8";"12";"2019";"00:55";"3";"21";"21252";"1";"1";"1";"6";"D980";"47,7039190";"4,4310630"
"201900047286";"7";"12";"2019";"04:45";"4";"27";"27228";"2";"3";"1";"6";"Place de l'Église";"49,3699580";"0,6946130"
"201900047287";"6";"12";"2019";"22:10";"3";"17";"17463";"2";"1";"2";"6";"15 Rue Beausejour";"45,9728636";" -0,9779334"
"201900047288";"6";"12";"2019";"17:20";"2";"17";"17016";"2";"3";"1";"3";"Route de Saint Maigrin";"45,5152940";" -0,3008160"
"201900047289";"8";"12";"2019";"19:00";"3";"80";"80261";"1";"1";"3";"7";"A29";"49,8578790";"2,2780700"
"201900047290";"5";"12";"2019";"18:35";"3";"60";"60533";"1";"1";"2";"7";"Autoroute A1 - PK 083+000 sens PARIS - LILLE";"49,5425901";"2,7280216"