"Num_Acc";"jour";"mois";"an";"hrmn";"lum";"dep";"com";"agg";"int";"atm";"col";"adr";"lat";"long"
"201900047291";"8";"12";"2019";"09:15";"1";"83";"83107";"1";"1";"1";"2";"N/A";"43,4623050";"6,6486500"
"201900047292";"8";"12";"2019";"08:45";"1";"71";"71556";"2";"1";"1";"6";"Hameau de la Croix";"46,2735230";"4,7992670"
"201900047293";"7";"12";"2019";"20:45";"3";"8";"08237";"1";"1";"2";"7";"D13";"49,8266430";"4,7752240"
"201900047294";"7";"12";"2019";"22:45";"3";"57";"57017";"1";"1";"1";"6";"D643";"49,1591670";"6,0571620"
"201900047295";"7";"12";"2019";"20:30";"3";"7";"07099";"1";"1";"1";"6";"D262";"44,4315400";"4,5659950"
"201900047296";"8";"12";"2019";"20:10";"3";"27";"27599";"1";"1";"9";"1";"Route Departementale 6015";"49,1495610";"1,3833900"
"201900047297";"12";"5";"2019";"15:20";"1";"83";"83003";"1";"1";"1";"7";"D49";"43,5640150";"6,4100020"
"201900047298";"2";"5";"2019";"14:13";"1";"74";"74118";"1";"1";"1";"7";"A40 CHAMONIX vers MACON";"46,1760222";"6,2209790"
"201900047299";"23";"5";"2019";"17:50";"1";"86";"86221";"1";"1";"1";"5";"RD 725";"46,8144550";"0,3739870"
"201900047300";"9";"5";"2019";"12:15";"1";"86";"86258";"2";"1";"1";"6";"D23 PK 48";"46,8123770";"0,4160440"
"201900047301";"5";"5";"2019";"06:55";"1";"86";"86128";"2";"1";"1";"6";"04 rue leon gambetta";"46,8138250";"0,3279570"
"201900047302";"15";"5";"2019";"12:34";"1";"85";"85147";"1";"1";"7";"5";"rd 752 - pk 30+980";"46,7293100";" -0,8102500"
"201900047303";"16";"5";"2019";"17:20";"1";"67";"67446";"2";"1";"1";"6";"18 Rue du Pasteur Schroeder";"48,8723670";"7,5253350"
"201900047304";"25";"4";"2019";"08:05";"1";"6";"06147";"2";"1";"1";"2";"Boulevard Léon Sauvan";"43,7877210";"7,2725970"
"201900047305";"12";"1";"2019";"05:30";"3";"6";"06114";"1";"1";"1";"1";"Route de LEVENS";"43,7518570";"7,2778920"
"201900047306";"12";"5";"2019";"15:20";"1";"52";"52282";"1";"1";"1";"6";"CHEMIN COMMUNAL";"47,9748460";"5,1646390"
"201900047307";"1";"5";"2019";"18:00";"1";"52";"52282";"1";"1";"1";"3";"rd 143 - pk12+300";"47,9965620";"5,1791230"
"201900047308";"14";"5";"2019";"15:50";"1";"73";"73330";"1";"1";"6";"6";"D1504";"45,7058414";"5,7427439"
"201900047309";"15";"5";"2019";"12:45";"1";"9";"09061";"1";"1";"1";"2";"intersection D628 - lieu dit Montagne";"43,1241730";"1,3445690"
"201900047310";"6";"5";"2019";"16:15";"1";"60";"60034";"1";"1";"1";"1";"RD 916";"49,4451378";"2,4361753"
"201900047311";"23";"5";"2019";"15:55";"1";"16";"16144";"1";"1";"1";"3";"Ld Les Maisons Rouges";"45,8860440";"0,0599510"
"201900047312";"3";"5";"2019";"13:15";"1";"16";"16366";"1";"1";"1";"7";"N/A";"45,6279470";" -0,2541660"
"201900047313";"9";"5";"2019";"18:39";"1";"74";"74268";"1";"1";"1";"5";"A41";"45,8803600";"6,0760130"
"201900047314";"28";"5";"2019";"12:30";"1";"84";"84142";"1";"3";"1";"3";"Route de l'Isle Sur la Sorgue";"43,9743290";"5,0388100"
"201900047315";"27";"5";"2019";"17:00";"1";"43";"43040";"2";"1";"1";"1";"Avenue d'Auvergne";"45,3072770";"3,3768790"
"201900047316";"13";"5";"2019";"12:33";"1";"68";"68178";"2";"1";"1";"1";"5 rue de la lauch";"47,9436050";"7,1261730"
"201900047317";"21";"5";"2019";"20:05";"2";"95";"95504";"1";"1";"1";"3";"D78";"49,1018810";"2,3038680"
"201900047318";"21";"5";"2019";"06:50";"2";"86";"86297";"2";"1";"5";"1";"3 Rue Firmin Petit";"46,6020620";"0,2868890"
"201900047319";"12";"5";"2019";"12:25";"1";"86";"86297";"1";"1";"7";"3";"Route de la Torchaise";"46,5544360";"0,2503260"
"201900047320";"13";"5";"2019";"01:00";"5";"33";"33332";"1";"1";"1";"5";"D 10";"45,0338490";"0,0080000"
"201900047321";"25";"5";"2019";"19:50";"1";"40";"40304";"2";"9";"1";"1";"Quai du Bourret";"43,6538880";" -1,4330860"
"201900047322";"30";"4";"2019";"11:55";"1";"40";"40065";"2";"6";"1";"6";"Boulevard des Cigales";"43,6446260";" -1,4268740"
"201900047323";"16";"5";"2019";"17:45";"1";"33";"33352";"2";"1";"1";"3";"RD9E1/Parking agents SNCF";"44,5796200";" -0,0297000"
"201900047324";"11";"5";"2019";"15:30";"1";"33";"33221";"2";"3";"1";"3";"le bourg";"44,5593600";"0,0578100"
"201900047325";"24";"5";"2019";"13:40";"1";"17";"17230";"1";"1";"1";"3";"123 Boulevard de Suzac";"45,5773065";" -0,9838423"
"201900047326";"17";"5";"2019";"19:10";"1";"17";"17131";"2";"6";"2";"3";"Boulevard du Repos";"45,5811720";" -0,8323240"
"201900047327";"27";"5";"2019";"17:00";"1";"34";"34243";"2";"1";"1";"6";"rue du chemin neuf";"43,8964960";"3,7374420"
"201900047328";"10";"5";"2019";"19:00";"2";"6";"06044";"2";"4";"1";"3";"747 Route du Pont de Pierre";"43,6829280";"7,0911240"
"201900047329";"30";"5";"2019";"12:15";"1";"74";"74238";"1";"1";"1";"1";"Tunnel des Tines D902";"46,2470350";"6,6366170"
"201900047330";"29";"5";"2019";"14:15";"1";"36";"36230";"2";"1";"1";"2";"PLACE DE LA RÉPUBLIQUE";"47,0713770";"1,8096850"
"201900047331";"6";"5";"2019";"18:40";"1";"36";"36059";"1";"1";"1";"6";"Lieu dit : Les Genêts";"46,8790007";"1,9674374"
"201900047332";"4";"5";"2019";"12:40";"1";"36";"36229";"1";"1";"3";"7";"lieu dit le port";"47,2128955";"1,6048561"
"201900047333";"31";"5";"2019";"15:10";"1";"41";"41055";"1";"4";"1";"3";"Route de Chambon (seillac, Chouzy-sur-Cisse)";"47,5294820";"1,2354550"
"201900047334";"17";"5";"2019";"11:45";"1";"41";"41167";"1";"3";"1";"1";"CHEMIN DU ROY";"47,4826310";"1,1401130"
"201900047335";"30";"5";"2019";"05:10";"3";"76";"76288";"1";"1";"1";"6";"Rue des Essarts";"49,8099639";"1,2558532"
"201900047336";"9";"5";"2019";"12:40";"1";"76";"76624";"2";"9";"2";"7";"Rue robert lefranc";"49,8771170";"1,2310470"
"201900047337";"13";"5";"2019";"18:40";"1";"31";"31116";"2";"6";"1";"5";"100 Route de Pechbonnieu";"43,6955080";"1,4505910"
"201900047338";"7";"5";"2019";"17:00";"1";"31";"31282";"2";"7";"1";"1";"Place Vincent Auriol";"43,6710670";"1,4509200"
"201900047339";"23";"5";"2019";"12:30";"1";"988";"98812";"1";"1";"1";"6";"RPN7";" -20,4768620";"164,3185440"
"201900047340";"29";"5";"2019";"14:00";"1";"42";"42120";"2";"2";"1";"3";"Rue de la Bruyère";"45,9927110";"3,9841080"
"201900047341";"25";"5";"2019";"08:50";"1";"42";"42074";"1";"1";"1";"7";"RD 57- La Charmadery";"46,0801500";"4,1785510"
"201900047342";"2";"5";"2019";"11:25";"1";"42";"42069";"2";"1";"2";"6";"D43";"46,0152310";"4,0713100"
"201900047343";"18";"5";"2019";"18:05";"1";"31";"31253";"2";"1";"8";"1";"39 Route de l'Aérodrome";"43,4588190";"1,2522100"
"201900047344";"8";"5";"2019";"09:25";"1";"31";"31547";"1";"1";"1";"6";"2051 ROUTE DE LABASTIDETTE";"43,4905670";"1,2820990"
"201900047345";"24";"5";"2019";"11:09";"1";"31";"31044";"2";"6";"2";"1";"rond point ribaute";"43,6095680";"1,4978470"
"201900047346";"3";"5";"2019";"13:30";"1";"31";"31163";"1";"1";"1";"1";"D826";"43,5993700";"1,6247680"
"201900047347";"30";"5";"2019";"16:10";"1";"57";"57725";"2";"1";"1";"6";"RD 88 A";"48,9501640";"6,9283300"
"201900047348";"28";"5";"2019";"13:10";"1";"57";"57255";"2";"1";"1";"1";"27 grande rue";"48,7906700";"7,0059690"
"201900047349";"21";"5";"2019";"15:30";"1";"81";"81315";"1";"1";"1";"6";"AU SANS-SOUCI";"43,6259286";"2,1166523"
"201900047350";"18";"5";"2019";"21:45";"5";"81";"81040";"2";"1";"1";"6";"1 Chemin des Roseaux";"43,7160380";"2,0710850"
"201900047351";"24";"5";"2019";"10:00";"1";"81";"81097";"1";"1";"3";"2";"RD 13";"43,8651000";"2,2295440"
"201900047352";"22";"5";"2019";"15:30";"1";"81";"81026";"1";"1";"1";"1";"RD 77 - PK04+500";"43,9197160";"2,3028860"
"201900047353";"12";"5";"2019";"06:15";"3";"81";"81260";"1";"1";"8";"7";"La Rouzade";"43,7749766";"2,2241204"
"201900047354";"7";"5";"2019";"05:15";"3";"77";"77141";"1";"1";"1";"2";"autoroute A4";"48,8667900";"2,8522700"
"201900047355";"18";"5";"2019";"15:50";"1";"28";"28398";"1";"1";"3";"6";"A11 - PK 101.3000";"48,2369570";"1,0537890"
"201900047356";"29";"5";"2019";"15:50";"1";"83";"83061";"1";"1";"1";"3";"A8";"43,4676010";"6,7249800"
"201900047357";"19";"5";"2019";"09:55";"1";"83";"83100";"1";"1";"2";"6";"N/A";"43,2701392";"6,1768083"
"201900047358";"3";"5";"2019";"10:15";"1";"83";"83004";"1";"1";"1";"2";"N/A";"43,4516605";"6,5075192"
"201900047359";"24";"5";"2019";"10:55";"1";"68";"68249";"2";"1";"1";"7";"48 rue Général de Gaulle";"48,1263050";"7,1599330"
"201900047360";"7";"5";"2019";"20:20";"2";"68";"68298";"1";"4";"8";"7";"Chemin";"48,1925760";"7,1143570"
"201900047361";"2";"5";"2019";"08:35";"1";"68";"68005";"2";"3";"1";"5";"Route du Vin";"48,1238110";"7,2848470"
"201900047362";"1";"5";"2019";"17:45";"1";"68";"68044";"1";"1";"1";"7";"CD148 - PK 04.020";"48,1367870";"7,0666310"
"201900047363";"1";"5";"2019";"09:00";"1";"68";"68146";"2";"1";"1";"7";"rue de lattre houssen";"48,1250090";"7,3723250"
"201900047364";"1";"5";"2019";"02:30";"3";"68";"68295";"2";"1";"1";"7";"Rue de Neuf Brisach";"48,0052550";"7,3947220"
"201900047365";"30";"5";"2019";"10:30";"1";"10";"10142";"1";"1";"1";"1";"departementale 23";"48,2773020";"3,7934470"
"201900047366";"2";"5";"2019";"11:10";"1";"10";"10211";"1";"1";"2";"5";"d60";"48,3182140";"3,9638000"
"201900047367";"22";"5";"2019";"11:45";"1";"28";"28088";"2";"2";"1";"3";"2 Boulevard Toutin";"48,0712160";"1,3373900"
"201900047368";"31";"5";"2019";"10:10";"1";"974";"97422";"2";"3";"7";"6";"Rue du Père Rognard";" -21,2820740";"55,5189370"
"201900047369";"26";"5";"2019";"06:40";"2";"85";"85040";"1";"2";"1";"7";"Le Logis de la Bréchoire";"46,6329300";" -0,9277200"
"201900047370";"30";"5";"2019";"19:15";"1";"69";"69285";"2";"1";"1";"6";"8 route nationale";"45,7601032";"5,0490493"
"201900047371";"22";"5";"2019";"16:00";"1";"69";"69277";"2";"6";"1";"3";"CD 29";"45,7279304";"5,0212294"
"201900047372";"30";"4";"2019";"14:20";"1";"69";"69277";"1";"1";"1";"2";"D147";"45,7312440";"5,0009620"
"201900047373";"30";"5";"2019";"08:05";"1";"974";"97412";"2";"6";"1";"6";"Rue Albert Lougnon";" -21,3736530";"55,6150990"
"201900047374";"11";"5";"2019";"16:23";"1";"974";"97405";"1";"1";"1";"6";"rue de l'établissement";" -21,3320880";"55,5651090"
"201900047375";"10";"5";"2019";"14:00";"1";"974";"97412";"2";"3";"1";"3";"36 Rue Raphaël Babet";" -21,3805470";"55,6096710"
"201900047376";"8";"5";"2019";"02:45";"3";"974";"97405";"1";"1";"1";"6";"Allée des Filaos";" -21,3610840";"55,5376690"
"201900047377";"30";"4";"2019";"15:30";"1";"972";"97222";"2";"6";"1";"2";"Pontalery";"14,6730730";" -60,9432460"
"201900047378";"7";"4";"2019";"04:00";"3";"972";"97222";"1";"1";"1";"6";"augrain";"14,6700940";" -60,9557990"
"201900047379";"20";"5";"2019";"16:00";"1";"972";"97214";"1";"1";"1";"1";"RN 1, PK 45,8";"14,8366720";" -61,0663060"
"201900047380";"17";"5";"2019";"13:51";"1";"972";"97207";"2";"9";"1";"6";"Rue Zizine et des Etages";"14,5755520";" -60,9750240"
"201900047381";"1";"5";"2019";"15:15";"1";"972";"97220";"2";"1";"1";"7";"MORNE PAVILLON";"14,4748640";" -60,9039040"
"201900047382";"24";"4";"2019";"06:45";"1";"972";"97227";"1";"1";"1";"6";"Monesie";"14,4954900";" -60,9507560"
"201900047383";"27";"5";"2019";"17:45";"1";"972";"97218";"1";"1";"1";"7";"Plateau Sable, PLT SABLE";"14,7634150";" -61,1520570"
"201900047384";"21";"4";"2019";"14:20";"1";"972";"97219";"1";"1";"1";"7";"Anse Belleville";"14,8161000";" -61,2285480"
"201900047385";"25";"5";"2019";"19:15";"3";"972";"97234";"1";"1";"1";"1";"rn2 pégase cheval blanc";"14,6623180";" -61,1539710"
"201900047386";"23";"5";"2019";"18:40";"5";"972";"97205";"2";"1";"1";"3";"RN 2";"14,6429820";" -61,1372670"
"201900047387";"19";"5";"2019";"12:40";"1";"35";"35265";"1";"1";"1";"6";"La Ramée";"48,3767340";" -1,8540980"
"201900047388";"28";"5";"2019";"07:55";"1";"63";"63257";"1";"1";"2";"1";"route départementale 2089";"45,7320820";"2,8709360"
"201900047389";"26";"5";"2019";"05:00";"2";"63";"63135";"2";"1";"1";"6";"Rue des Prés";"45,9470690";"3,1124340"
"201900047390";"22";"5";"2019";"17:45";"1";"63";"63135";"2";"3";"1";"3";"route de riom";"45,9450186";"3,1099982"
"201900047391";"10";"5";"2019";"23:30";"3";"63";"63061";"2";"2";"1";"6";"chemin du bois/RD443";"46,0043330";"3,2324780"
"201900047392";"5";"5";"2019";"09:50";"1";"63";"63108";"2";"1";"1";"6";"Route de Paris";"45,9579380";"3,1732330"
"201900047393";"31";"5";"2019";"17:20";"1";"88";"88349";"1";"1";"1";"7";"Route départementale 23";"48,1290110";"7,0284570"
"201900047394";"14";"5";"2019";"13:50";"1";"41";"41046";"1";"1";"1";"7";"A71 sens 1 PK 132.000";"47,6285010";"1,9573420"
"201900047395";"13";"5";"2019";"16:22";"1";"41";"41161";"1";"1";"1";"2";"Autouroute A71 - PK141+800 - sens 1";"47,5493550";"2,0088240"
"201900047396";"20";"5";"2019";"07:10";"2";"52";"52469";"1";"1";"5";"2";"A5 PK 208.600";"48,0393190";"5,0634330"
"201900047397";"27";"5";"2019";"06:55";"1";"28";"28006";"1";"1";"1";"3";"route départementale 923";"48,4368100";"1,4240210"
"201900047398";"25";"5";"2019";"11:35";"1";"28";"28337";"1";"4";"1";"3";"D143";"48,4161060";"1,3396920"
"201900047399";"24";"5";"2019";"16:05";"1";"28";"28158";"1";"4";"1";"3";"Intersection D921 et D149";"48,4078530";"1,4173040"
"201900047400";"16";"5";"2019";"19:30";"1";"28";"28201";"1";"2";"1";"1";"RD 6";"48,5279530";"1,5688170"
"201900047401";"28";"5";"2019";"17:40";"1";"1";"01194";"2";"6";"1";"3";"Rue du Marmont";"45,9871710";"4,7603290"
"201900047402";"28";"5";"2019";"11:30";"1";"1";"01285";"2";"9";"1";"3";"Chemin des Eguets";"45,9208300";"4,8150830"
"201900047403";"28";"5";"2019";"09:15";"1";"1";"01446";"1";"2";"2";"3";"RD 70";"46,0227740";"4,8984900"
"201900047404";"24";"5";"2019";"15:00";"1";"1";"01194";"2";"6";"1";"3";"rd933";"45,9959490";"4,7529720"
"201900047405";"24";"4";"2019";"06:30";"2";"1";"01347";"1";"4";"1";"1";"route de sainte euphemie";"45,9476740";"4,7957480"
"201900047406";"30";"5";"2019";"20:55";"2";"64";"64374";"1";"1";"7";"7";"D945";"43,4526415";" -0,4994770"
"201900047407";"26";"5";"2019";"20:55";"2";"86";"86273";"1";"1";"1";"6";"Route de Bélâbre";"46,4706620";"1,0572870"
"201900047408";"17";"5";"2019";"13:10";"1";"21";"21652";"1";"1";"1";"6";"A6";"47,2142450";"4,6059760"
"201900047409";"17";"5";"2019";"06:41";"1";"21";"21630";"1";"1";"1";"1";"AUTOROUTE A6";"47,2593590";"4,5262910"
"201900047410";"10";"5";"2019";"15:35";"1";"62";"62520";"2";"1";"2";"6";"Rue du 8 Mai";"50,5626500";"2,6603070"
"201900047411";"1";"5";"2019";"11:30";"1";"62";"62338";"1";"1";"1";"6";"r de la chapelle grenier";"50,6449260";"2,8486190"
"201900047412";"5";"5";"2019";"13:45";"1";"83";"83036";"1";"1";"1";"2";"Boulevard de Saint-Raphaël";"43,1887760";"6,5492630"
"201900047413";"5";"5";"2019";"21:30";"3";"67";"67117";"1";"1";"1";"7";"ROUTE DEPARTEMENTALE 1004";"48,7676110";"7,3143380"
"201900047414";"23";"5";"2019";"05:00";"2";"54";"54590";"1";"1";"1";"7";"Rd 618";"49,4936060";"5,6165440"
"201900047415";"2";"5";"2019";"14:30";"1";"1";"01354";"2";"9";"1";"3";"rue du tiocan";"46,2552840";"6,0267560"
"201900047416";"13";"5";"2019";"13:00";"1";"1";"01288";"2";"2";"6";"1";"Route de Lyon";"46,1876890";"5,9298080"
"201900047417";"14";"5";"2019";"08:49";"1";"22";"22246";"1";"1";"1";"4";"N12 - PR046+000 - en direction de ST BRIEUC";"48,4783813";" -2,6194090"
"201900047418";"25";"5";"2019";"19:15";"1";"14";"14061";"1";"1";"1";"2";"La Miraudière (Sainte-Marie-Laumont)";"48,9054270";" -0,9005820"
"201900047419";"21";"5";"2019";"14:30";"1";"14";"14027";"1";"2";"1";"6";"Quaye (Ondefontaine)";"48,9895330";" -0,6611340"
"201900047420";"9";"5";"2019";"00:55";"3";"71";"71170";"1";"1";"8";"6";"Autoroute A6 demigny 71150";"46,8988450";"4,8226020"
"201900047421";"28";"5";"2019";"09:30";"1";"59";"59462";"1";"3";"1";"3";"RD 925";"50,5232070";"3,0003050"
"201900047422";"26";"5";"2019";"06:00";"2";"17";"17222";"1";"1";"1";"1";"RD 105";"46,2295510";" -1,1241920"
"201900047423";"20";"5";"2019";"06:10";"2";"974";"97414";"2";"1";"1";"3";"RN5";" -21,2772360";"55,4366340"
"201900047424";"7";"5";"2019";"06:55";"1";"974";"97414";"2";"1";"2";"7";"Chemin Neuf";" -21,2427680";"55,4438890"
"201900047425";"12";"5";"2019";"18:00";"1";"6";"06118";"2";"3";"1";"1";"927 RD13";"43,6493510";"6,7932522"
"201900047426";"9";"5";"2019";"05:45";"3";"14";"14480";"1";"1";"2";"6";"route nationale 13 PR 122+800 sens Caen-Cherbourg";"49,3288150";" -1,0765260"
"201900047427";"22";"5";"2019";"11:20";"1";"38";"38474";"2";"2";"1";"3";"Rue de l'Argentière";"45,2056330";"5,6824130"
"201900047428";"17";"5";"2019";"12:10";"1";"51";"51031";"1";"1";"1";"2";"RD 335";"49,1520560";"4,3486084"
"201900047429";"27";"5";"2019";"16:50";"1";"62";"62408";"1";"1";"1";"2";"2280 Route de Guînes";"50,8940190";"1,8815800"
"201900047430";"15";"5";"2019";"12:45";"1";"69";"69283";"2";"6";"1";"3";"Route d'Heyrieux";"45,6769786";"4,9666603"
"201900047431";"24";"5";"2019";"16:25";"1";"38";"38270";"1";"3";"1";"3";"Route de la Couratière";"45,3864100";"5,5261000"
"201900047432";"12";"5";"2019";"17:15";"1";"38";"38239";"1";"1";"1";"6";"D1085";"45,3243390";"5,5635320"
"201900047433";"25";"5";"2019";"15:50";"1";"6";"06064";"1";"3";"1";"3";"intersection Chemin de Provence / Route des Condamines";"43,7629270";"7,1859620"
"201900047434";"21";"5";"2019";"15:30";"1";"83";"83033";"1";"1";"1";"5";"CD 13 route de BESSE SUR ISSOLE, PR 59 + 450";"43,3132880";"6,1864340"
"201900047435";"10";"5";"2019";"08:00";"1";"1";"01135";"1";"1";"1";"1";"d89";"46,2927970";"6,0273110"
"201900047436";"26";"5";"2019";"15:14";"1";"1";"01091";"1";"1";"1";"7";"RD 1084";"46,1440770";"5,7987890"
"201900047437";"11";"5";"2019";"04:35";"5";"62";"62261";"2";"1";"2";"6";"847 Avenue de la Libération";"50,4801390";"1,6229510"
"201900047438";"30";"4";"2019";"08:45";"1";"62";"62233";"1";"1";"8";"6";"Rue de Nempont";"50,3695660";"1,6798820"
"201900047439";"21";"5";"2019";"15:30";"1";"79";"79153";"1";"1";"8";"6";"La pérouze";"46,0740650";" -0,0584510"
"201900047440";"24";"5";"2019";"20:15";"2";"26";"26325";"2";"1";"1";"2";"Rue de l ouest - Pont autoroute A7";"45,2908826";"4,8128978"
"201900047441";"29";"5";"2019";"11:20";"1";"83";"83019";"1";"1";"1";"6";"rd 559 A";"43,1516260";"6,3425080"
"201900047442";"18";"5";"2019";"18:30";"1";"83";"83019";"1";"1";"8";"6";"rd 98";"43,2024170";"6,4282630"
"201900047443";"6";"5";"2019";"23:30";"3";"83";"83071";"1";"1";"1";"2";"RD 98 - PK 25+100";"43,1489760";"6,2784250"
"201900047444";"17";"5";"2019";"16:03";"1";"65";"65104";"1";"1";"2";"1";"D632";"43,2467480";"0,1324647"
"201900047445";"19";"5";"2019";"17:30";"1";"72";"72058";"1";"1";"1";"5";"D304";"47,9872590";"0,2808740"
"201900047446";"18";"5";"2019";"09:30";"1";"72";"72058";"2";"1";"2";"3";"Allée du pont";"47,9872590";"0,2808740"
"201900047447";"4";"5";"2019";"17:05";"1";"72";"72231";"1";"1";"1";"3";"D304";"47,9429030";"0,3504480"
"201900047448";"28";"5";"2019";"13:25";"1";"44";"44138";"1";"1";"1";"7";"Départemntale 33";"47,4914859";" -1,6334385"
"201900047449";"14";"5";"2019";"17:50";"1";"44";"44149";"1";"2";"1";"2";"La Sauzaie";"47,4737120";" -1,5826570"
"201900047450";"29";"5";"2019";"21:45";"3";"978";"97801";"1";"1";"1";"1";"N7 - grand case";"18,0986850";" -63,0489250"
"201900047451";"11";"5";"2019";"23:00";"5";"978";"97801";"2";"1";"1";"6";"Rue de Hollande";"18,0536830";" -63,0858280"
"201900047452";"30";"4";"2019";"18:00";"4";"978";"97801";"2";"4";"1";"6";"boulevard de france";"18,0966840";" -63,0373220"
"201900047453";"29";"4";"2019";"21:00";"5";"978";"97801";"2";"1";"1";"3";"RN7 - Grand Case";"18,0992460";" -63,0624000"
"201900047454";"17";"4";"2019";"12:45";"1";"978";"97801";"2";"1";"1";"5";"rond point agrement";"26,4312280";" -52,4707040"
"201900047455";"9";"4";"2019";"11:40";"1";"978";"97801";"1";"1";"1";"2";"RN7 - 240, rue de Quartier d'Orléans";"18,0781250";" -63,0288620"
"201900047456";"30";"5";"2019";"22:25";"3";"85";"85109";"1";"1";"1";"6";"La Baudrière";"46,8766300";" -1,0531800"
"201900047457";"20";"5";"2019";"18:10";"1";"85";"85109";"1";"1";"1";"5";"Avenue de la Barotière";"46,8758800";" -1,0591800"
"201900047458";"26";"5";"2019";"12:10";"1";"67";"67194";"2";"9";"1";"6";"1 Rue du Général Reibel";"48,7301040";"7,9073000"
"201900047459";"16";"5";"2019";"12:20";"1";"34";"34068";"1";"1";"1";"6";"A75 - PK 307+600";"43,5036221";"3,4443022"
"201900047460";"12";"5";"2019";"17:50";"1";"41";"41072";"1";"1";"1";"7";"Route départementale";"47,7141850";"1,0844730"
"201900047461";"3";"5";"2019";"17:00";"1";"41";"41017";"2";"1";"1";"1";"Rue du Huit Mai 1945";"47,9034760";"1,4656540"
"201900047462";"30";"5";"2019";"02:23";"3";"38";"38492";"1";"8";"1";"6";"RD 1075 lieu dit la motte";"44,9539250";"5,6404210"
"201900047463";"29";"5";"2019";"12:15";"1";"30";"30202";"2";"1";"1";"6";"1 Avenue Kennedy";"44,2597410";"4,6470870"
"201900047464";"13";"5";"2019";"11:05";"1";"30";"30334";"2";"1";"1";"6";"10 Avenue de la Libération";"44,0117690";"4,4156970"
"201900047465";"11";"5";"2019";"05:25";"3";"30";"30334";"1";"1";"1";"6";"RD 979";"44,0407240";"4,4071160"
"201900047466";"17";"5";"2019";"11:45";"1";"22";"22337";"1";"3";"1";"3";"Les Champs Queneux";"48,3247863";" -2,2870729"
"201900047467";"15";"5";"2019";"07:35";"2";"23";"23263";"1";"1";"1";"7";"Pont de l'Enfer";"46,3270000";"1,7275000"
"201900047468";"20";"5";"2019";"10:50";"1";"2B";"2B009";"1";"3";"1";"2";"Cateraggio";"42,1244980";"9,5102790"
"201900047469";"9";"5";"2019";"15:00";"1";"2B";"2B143";"1";"1";"1";"2";"Bravone - RT 10";"42,2210880";"9,5378520"
"201900047470";"12";"5";"2019";"17:40";"1";"87";"87202";"1";"6";"1";"3";"Chantemerle";"45,9029200";"1,1000420"
"201900047471";"6";"5";"2019";"17:15";"1";"87";"87177";"1";"1";"7";"7";"42 Route de Tarnaud";"45,8074250";"1,1133230"
"201900047472";"22";"5";"2019";"22:45";"5";"83";"83054";"2";"1";"1";"6";"Avenue de la République";"43,1669690";"6,0428930"
"201900047473";"1";"5";"2019";"14:30";"1";"62";"62372";"1";"1";"1";"7";"D8";"50,3011100";"2,4953570"
"201900047474";"26";"5";"2019";"16:15";"1";"62";"62109";"1";"2";"1";"3";"Route départementale 343";"50,4613540";"2,2360020"
"201900047475";"8";"5";"2019";"05:30";"5";"62";"62166";"2";"1";"8";"6";"53 Rue de Griscourt";"50,4599370";"2,4093330"
"201900047476";"15";"5";"2019";"20:40";"1";"62";"62312";"1";"1";"1";"6";"CD 150 Rue de Montreuil";"50,4943040";"1,7893170"
"201900047477";"19";"5";"2019";"14:50";"1";"62";"62391";"2";"1";"2";"7";"CD 186";"50,6098860";"2,4894360"
"201900047478";"3";"5";"2019";"16:15";"1";"62";"62620";"1";"1";"1";"3";"départementale 943";"50,5870790";"2,4064900"
"201900047479";"10";"5";"2019";"18:50";"1";"62";"62739";"1";"1";"2";"7";"D16";"50,1844940";"3,0900410"
"201900047480";"21";"5";"2019";"17:40";"1";"66";"66141";"2";"1";"1";"1";"rue DIDEROT";"42,7447320";"2,9207060"
"201900047481";"27";"5";"2019";"17:15";"1";"34";"34088";"1";"1";"1";"2";"Rd 5";"43,5680110";"3,7349530"
"201900047482";"25";"5";"2019";"11:10";"1";"34";"34270";"2";"1";"8";"3";"Route de Béziers";"43,5763420";"3,8230100"
"201900047483";"15";"5";"2019";"17:30";"1";"34";"34087";"2";"1";"1";"5";"D5 (sortie de cournonsec diretion montbazin)";"43,5444966";"3,7040985"
"201900047484";"1";"5";"2019";"07:30";"1";"34";"34270";"1";"1";"1";"1";"RD 132E2";"43,5907060";"3,8207520"
"201900047485";"10";"5";"2019";"13:27";"1";"37";"37153";"1";"9";"1";"4";"A10 Barrière de péage";"47,4902580";"0,8194280"
"201900047486";"13";"5";"2019";"09:50";"1";"61";"61181";"1";"1";"1";"2";"A28";"48,7801970";"0,3152990"