"Num_Acc";"jour";"mois";"an";"hrmn";"lum";"dep";"com";"agg";"int";"atm";"col";"adr";"lat";"long"
"201900047487";"5";"5";"2019";"15:00";"1";"69";"69260";"2";"1";"1";"6";"rue du pont";"45,6472790";"4,8133744"
"201900047488";"4";"5";"2019";"13:45";"1";"69";"69100";"1";"1";"3";"1";"60 Rue du Vieux Port";"45,6785961";"4,8308703"
"201900047489";"17";"5";"2019";"14:05";"1";"77";"77065";"1";"9";"1";"6";"D372-Route de Melun";"48,4678490";"2,5406380"
"201900047490";"31";"5";"2019";"19:20";"1";"71";"71497";"2";"1";"1";"2";"GENERAL DE GAULLE (BOULEVARD DU)";"46,3362700";"4,8452900"
"201900047491";"31";"5";"2019";"19:55";"1";"71";"71270";"2";"1";"1";"3";"LIBERTE (RUE DE LA)";"46,3228500";"4,8120600"
"201900047492";"7";"6";"2019";"19:40";"1";"71";"71153";"2";"1";"1";"2";"ALBERT 1ER (RUE)";"46,7936700";"4,4271100"
"201900047493";"7";"6";"2019";"16:50";"1";"71";"71540";"1";"1";"2";"4";"C.D.18";"46,7743300";"4,4471100"
"201900047494";"14";"6";"2019";"07:10";"1";"71";"71475";"1";"1";"1";"6";"BUXY (ROUTE DE )";"46,7487173";"4,8179179"
"201900047495";"4";"6";"2019";"11:45";"1";"71";"71445";"2";"1";"1";"6";"GRANDE RUE";"46,7755800";"4,8901800"
"201900047496";"31";"5";"2019";"13:35";"1";"70";"70550";"2";"1";"1";"1";"VAUGINE (RUE DE LA )";"47,6426400";"6,1445500"
"201900047497";"18";"6";"2019";"13:00";"1";"69";"69256";"2";"1";"1";"6";"FRERES LUMIERE (DES)                (R )";"45,7494446";"4,9304527"
"201900047498";"24";"5";"2019";"17:00";"1";"69";"69266";"2";"2";"1";"6";"JULES GRANDCLEMENT    (Place)";"45,7591314";"4,8890662"
"201900047499";"27";"4";"2019";"05:55";"2";"69";"69266";"2";"6";"1";"6";"LAURENT BONNEVAY    (Boulevard)";"45,7847263";"4,8642642"
"201900047500";"12";"6";"2019";"14:20";"1";"69";"69275";"2";"1";"1";"3";"CHARLES DE GAULLE                   (BD)";"45,7465600";"4,9366000"
"201900047501";"12";"6";"2019";"09:10";"1";"69";"69266";"2";"2";"1";"3";"TOLSTOI    (Cours)";"45,7626281";"4,8781979"
"201900047502";"11";"6";"2019";"18:00";"1";"69";"69282";"2";"1";"8";"2";"JEAN JAURES                         (R )";"45,7691500";"5,0110100"
"201900047503";"11";"6";"2019";"16:40";"1";"69";"69266";"2";"2";"3";"6";"GENAS    (Route de)";"45,7493100";"4,9142200"
"201900047504";"11";"6";"2019";"13:40";"1";"69";"69290";"2";"2";"2";"3";"DAUPHINE (DU)                       (R )";"45,7119768";"4,9204803"
"201900047505";"11";"6";"2019";"15:00";"1";"69";"69029";"2";"1";"2";"6";"ANDRE BOULLOCHE                     (R )";"45,7220100";"4,9213700"
"201900047506";"10";"6";"2019";"10:25";"1";"69";"69266";"2";"1";"2";"6";"FRANCIS DE PRESSENSE    (Rue)";"45,7716500";"4,8800700"
"201900047507";"9";"6";"2019";"01:25";"5";"69";"69290";"2";"1";"1";"2";"EGALITE (DE L')                     (R )";"45,6892000";"4,9468400"
"201900047508";"7";"6";"2019";"17:45";"1";"69";"69256";"2";"3";"8";"6";"GARIBALDI                           (AV)";"45,7672000";"4,9330000"
"201900047509";"7";"6";"2019";"12:10";"1";"69";"69266";"2";"1";"1";"6";"ARMAND         (Rue)";"45,7788503";"4,8851663"
"201900047510";"7";"6";"2019";"08:20";"1";"69";"69271";"1";"4";"1";"2";"JEAN MERMOZ                             ";"45,7423000";"4,9419800"
"201900047511";"6";"6";"2019";"19:10";"1";"69";"69029";"2";"1";"1";"3";"GENAS (DE)                          (RO)";"45,7493011";"4,9138767"
"201900047512";"5";"6";"2019";"20:00";"1";"69";"69029";"2";"1";"1";"6";"JEAN LURCAT                      (R )";"45,7464600";"4,9200500"
"201900047513";"5";"6";"2019";"16:05";"1";"69";"69266";"2";"3";"1";"3";"BIENVENUS   (Rue des)";"45,7761100";"4,8842600"
"201900047514";"31";"5";"2019";"17:30";"1";"69";"69275";"2";"3";"7";"3";"MARCEAU                             (R )";"45,7615300";"4,9852500"
"201900047515";"31";"5";"2019";"16:05";"1";"69";"69029";"2";"9";"1";"3";"GENAS (DE)                          (RO)";"45,7478800";"4,9213400"
"201900047516";"17";"6";"2019";"10:45";"1";"69";"69264";"2";"1";"1";"2";"HERRIOT EDOUARD  AV";"45,9791123";"4,7290810"
"201900047517";"9";"6";"2019";"15:15";"1";"69";"69092";"2";"1";"1";"4";"THIZY (rue de)";"45,9891500";"4,7082900"
"201900047518";"12";"6";"2019";"22:00";"3";"69";"69092";"1";"1";"1";"7";"SOTIZON (chemin du)";"45,9795232";"4,6960491"
"201900047519";"8";"6";"2019";"23:45";"5";"69";"69013";"1";"6";"1";"3";"RN6 (CHARTONNIERE)";"46,0199400";"4,7205700"
"201900047520";"3";"6";"2019";"08:40";"1";"69";"69264";"2";"6";"1";"6";"BURDEAU   BD ( HORS GEANT CASINO)";"45,9978841";"4,7340621"
"201900047521";"14";"6";"2019";"16:25";"1";"69";"69091";"2";"1";"1";"6";"DOCTEUR ROUX (DU) ( R )";"45,6026746";"4,7616808"
"201900047522";"8";"6";"2019";"11:55";"1";"69";"69091";"2";"9";"1";"3";"RIVE DE GIER (DE) (RTE)";"45,5795347";"4,7247730"
"201900047523";"12";"6";"2019";"13:55";"1";"68";"68376";"2";"1";"1";"3";"VALLES (RUE JULES)";"47,8044760";"7,3219230"
"201900047524";"18";"6";"2019";"15:06";"1";"68";"68297";"2";"9";"1";"3";"MULHOUSE ( RUE)CITE BOURGLIBRE JUSQUE RU";"47,5954590";"7,5540310"
"201900047525";"12";"6";"2019";"17:20";"1";"68";"68297";"2";"3";"1";"2";"BALLON ( RUE DU )";"47,5846500";"7,5610560"
"201900047526";"11";"6";"2019";"07:05";"1";"68";"68297";"2";"1";"1";"3";"BACHMANN ( RUE THEO )";"47,5859550";"7,5614310"
"201900047527";"30";"5";"2019";"15:10";"1";"68";"68149";"2";"1";"1";"3";"HUNINGUE ( RUE DE )";"47,5888540";"7,5711640"
"201900047528";"18";"6";"2019";"12:40";"1";"68";"68224";"2";"3";"1";"7";"SOULTZ (RUE DE)";"47,7696150";"7,3210710"
"201900047529";"12";"6";"2019";"02:16";"5";"68";"68256";"2";"1";"1";"6";"POTASSE (RUE DE LA)";"47,7734100";"7,3061200"
"201900047530";"30";"5";"2019";"19:21";"1";"68";"68224";"2";"1";"1";"3";"KATZ (ALLEE NATHAN)";"47,7578900";"7,3522900"
"201900047531";"2";"6";"2019";"20:26";"1";"68";"68066";"2";"1";"7";"1";"ROUFFACH (ROUTE DE)";"48,0620380";"7,3384380"
"201900047532";"17";"6";"2019";"17:30";"1";"67";"67267";"2";"3";"1";"3";"GRAFFENSTADEN (RUE DE)";"48,5497000";"7,6804430"
"201900047533";"18";"6";"2019";"13:40";"1";"67";"67482";"2";"3";"1";"3";"RHIN TORTU (RUE DU)";"48,5484400";"7,7579900"
"201900047534";"16";"6";"2019";"22:50";"5";"67";"67482";"2";"1";"1";"7";"DETTWILLER (RUE DE)";"48,5958500";"7,7221100"
"201900047535";"15";"6";"2019";"19:42";"1";"67";"67482";"2";"1";"1";"6";"LA WANTZENAU (ROUTE DE)";"48,6182240";"7,7889030"
"201900047536";"14";"6";"2019";"16:40";"1";"67";"67482";"2";"3";"1";"3";"GAZON (RUE DU)";"48,5875180";"7,7178420"
"201900047537";"14";"6";"2019";"15:40";"1";"67";"67482";"2";"3";"2";"3";"Paul BATIMENT (rue)";"48,5426480";"7,7759490"
"201900047538";"14";"6";"2019";"12:20";"1";"67";"67218";"2";"3";"2";"3";"POSTE (RUE DE LA)";"48,5273500";"7,7098500"
"201900047539";"14";"6";"2019";"09:05";"1";"67";"67482";"2";"1";"1";"3";"SCHIRMECK (ROUTE DE)";"48,5625510";"7,6996380"
"201900047540";"13";"6";"2019";"12:00";"1";"67";"67482";"2";"1";"1";"6";"FRANCS BOURGEOIS (RUE DES)";"48,5827490";"7,7456210"
"201900047541";"11";"6";"2019";"12:30";"1";"67";"67447";"2";"3";"8";"3";"DACHSTEIN (RUE DE)";"48,6071450";"7,7343900"
"201900047542";"9";"6";"2019";"11:55";"1";"67";"67482";"2";"1";"8";"7";"COLMAR (AVENUE DE)";"48,5599630";"7,7501540"
"201900047543";"8";"6";"2019";"11:30";"1";"67";"67482";"2";"1";"1";"3";"RATHSAMHAUSEN (RUE DE)";"48,5671430";"7,7611920"
"201900047544";"7";"6";"2019";"18:00";"1";"67";"67482";"2";"1";"1";"6";"LANGEVIN (RUE)";"48,6038150";"7,7153140"
"201900047545";"7";"6";"2019";"13:05";"1";"67";"67482";"2";"3";"1";"1";"MEINAU (ROUTE DE LA)";"48,5521810";"7,7517220"
"201900047546";"29";"5";"2019";"12:05";"1";"67";"67447";"2";"1";"1";"1";"MARAIS (RUE DU)";"48,6094600";"7,7652550"
"201900047547";"5";"6";"2019";"18:45";"1";"67";"67482";"2";"1";"1";"6";"LANDSBERG (RUE DU)";"48,5707620";"7,7640720"
"201900047548";"4";"6";"2019";"22:55";"5";"67";"67482";"2";"1";"1";"3";"NEUHOF (ROUTE)";"48,5578930";"7,7661170"
"201900047549";"4";"6";"2019";"20:30";"1";"67";"67482";"2";"3";"1";"1";"PIERRE CORNEILLE (AVENUE)";"48,5929910";"7,6970120"
"201900047550";"4";"6";"2019";"20:20";"1";"67";"67482";"2";"1";"1";"6";"MOLSHEIM (RUE DE)";"48,5760290";"7,7315910"
"201900047551";"4";"6";"2019";"18:35";"1";"67";"67482";"2";"1";"1";"3";"CANONNIERS (RUE DES)";"48,5543630";"7,7639490"
"201900047552";"4";"6";"2019";"14:10";"1";"67";"67482";"2";"1";"1";"6";"CHALON SUR SAONE (RUE DE)";"48,5683520";"7,7895910"
"201900047553";"3";"6";"2019";"18:20";"1";"67";"67482";"2";"1";"1";"3";"DANUBE (PONT DU)";"48,5740060";"7,7712030"
"201900047554";"3";"6";"2019";"11:40";"1";"67";"67267";"2";"1";"1";"6";"PEUPLIERS (RUE DES)";"48,5536600";"7,6868500"
"201900047555";"2";"6";"2019";"19:35";"1";"67";"67482";"2";"1";"1";"3";"THUMENAU (RUE DE LA)";"48,5718710";"7,7548270"
"201900047556";"1";"6";"2019";"08:40";"1";"67";"67482";"2";"1";"1";"2";"GARE (PLACE DE LA)";"48,5850200";"7,7364500"
"201900047557";"29";"5";"2019";"14:25";"1";"67";"67482";"2";"3";"1";"3";"COLMAR (AVENUE DE)";"48,5672910";"7,7517180"
"201900047558";"7";"6";"2019";"15:01";"1";"67";"67462";"2";"1";"1";"6";"MARCKOLSHEIM (ROUTE DE)";"48,2539800";"7,4574200"
"201900047559";"7";"6";"2019";"11:35";"1";"67";"67462";"1";"3";"1";"3";"VIEUX CHEMIN DE SCHERWILLER (RUE DU)";"48,2740100";"7,4369700"
"201900047560";"13";"6";"2019";"17:59";"1";"67";"67180";"2";"3";"1";"1";"SOUFFLENHEIM (ROUTE DE)";"48,8261000";"7,8073000"
"201900047561";"30";"5";"2019";"10:50";"1";"67";"67180";"2";"2";"1";"1";"JUNCKER (CHEMIN)";"48,8219000";"7,7833000"
"201900047562";"17";"6";"2019";"15:15";"1";"66";"66136";"2";"1";"1";"4";"COTE RADIEUSE (DE LA)";"42,6744213";"2,9070136"
"201900047563";"16";"6";"2019";"11:00";"1";"66";"66136";"2";"1";"1";"6";"VERTEFEUILLE (RAMBLA DE)";"42,6788600";"2,9082300"
"201900047564";"16";"6";"2019";"00:25";"5";"66";"66136";"2";"1";"1";"6";"CLEMENCEAU (BOULEVARD)";"42,7012300";"2,8900700"
"201900047565";"15";"6";"2019";"18:20";"1";"66";"66136";"2";"1";"1";"6";"ESCARGUEL (COURS LAZARE)";"42,7000800";"2,8865100"
"201900047566";"13";"6";"2019";"15:00";"1";"66";"66136";"2";"1";"1";"6";"KENNEDY (BD JOHN-FITZGERALD)";"42,6871100";"2,9061700"
"201900047567";"12";"6";"2019";"09:20";"1";"66";"66136";"2";"1";"1";"6";"BRIAND BOULEVARD ARISTIDE";"42,6977000";"2,9041800"
"201900047568";"11";"6";"2019";"16:15";"1";"66";"66136";"2";"2";"1";"1";"MARCEAU (FRANCOIS)";"42,6963000";"2,8831800"
"201900047569";"11";"6";"2019";"18:30";"1";"66";"66136";"1";"1";"1";"4";"SAINT CHARLES (ROCADE)";"42,6737700";"2,8626400"
"201900047570";"10";"6";"2019";"23:55";"3";"66";"66136";"2";"1";"1";"2";"COQUELICOTS (DES)";"42,7053000";"2,9019100"
"201900047571";"10";"6";"2019";"20:10";"1";"66";"66136";"2";"1";"1";"2";"ESPAGNE (ROUTE D')";"42,6781100";"2,8805800"
"201900047572";"7";"6";"2019";"05:10";"3";"66";"66136";"1";"1";"1";"6";"R D 900";"42,7241600";"2,8767400"
"201900047573";"4";"6";"2019";"16:00";"1";"66";"66136";"2";"1";"1";"7";"CLEMENCEAU (BOULEVARD)";"42,7008500";"2,8918100"
"201900047574";"2";"6";"2019";"15:30";"1";"66";"66136";"2";"1";"1";"2";"ESPAGNE (ROUTE D')";"42,6824403";"2,8947320"
"201900047575";"1";"6";"2019";"16:00";"1";"66";"66136";"2";"1";"1";"2";"ESPAGNE (ROUTE D')";"42,6797700";"2,8924700"
"201900047576";"13";"6";"2019";"06:30";"2";"65";"65440";"2";"2";"1";"3";"DUPARC (RUE HENRI)";"43,2248000";"0,0624000"
"201900047577";"7";"6";"2019";"19:40";"1";"65";"65440";"2";"1";"1";"5";"ALSACE LORRAINE (AVENUE)";"43,2403949";"0,0737259"
"201900047578";"15";"6";"2019";"18:10";"1";"64";"64260";"2";"1";"1";"1";"AIZPURDI (RUE D')";"43,3562857";" -1,7720356"
"201900047579";"15";"6";"2019";"17:50";"1";"64";"64483";"2";"1";"1";"5";"PYRENEES (AVENUE DES)";"43,3875383";" -1,6561511"
"201900047580";"31";"5";"2019";"15:45";"1";"64";"64483";"2";"1";"1";"3";"RD810";"43,4057143";" -1,6296274"
"201900047581";"17";"6";"2019";"08:05";"1";"64";"64445";"2";"3";"1";"3";"PEBOUE";"43,3120762";" -0,3276559"
"201900047582";"13";"6";"2019";"12:20";"1";"64";"64445";"2";"9";"1";"3";"BUFFON";"43,3454600";" -0,3790600"
"201900047583";"13";"6";"2019";"08:45";"1";"64";"64132";"2";"1";"1";"1";"COMMANDANT RENE MOUCHOTTE DU";"43,3034500";" -0,3222000"
"201900047584";"13";"6";"2019";"08:00";"1";"64";"64445";"2";"1";"1";"3";"14 JUILLET DU";"43,2909500";" -0,3788500"
"201900047585";"11";"6";"2019";"19:20";"1";"64";"64129";"2";"3";"8";"3";"BAYONNE DE";"43,3002300";" -0,3928600"
"201900047586";"11";"6";"2019";"07:55";"1";"64";"64284";"2";"2";"1";"3";"HENRI IV";"43,2835000";" -0,3864000"
"201900047587";"10";"6";"2019";"20:30";"1";"64";"64420";"1";"3";"1";"1";"Route du Laus";"43,3300570";" -0,7222670"
"201900047588";"10";"6";"2019";"10:40";"1";"64";"64445";"2";"9";"1";"6";"CATHERINE DE BOURBON";"43,3191100";" -0,3601400"
"201900047589";"8";"6";"2019";"15:00";"1";"64";"64445";"2";"6";"1";"3";"COMMANDANT RENE MOUCHOTTE DU";"43,3053300";" -0,3285100"
"201900047590";"7";"6";"2019";"16:45";"1";"64";"64445";"2";"3";"1";"3";"ANDRE MAGINOT";"43,3157600";" -0,3568600"
"201900047591";"6";"6";"2019";"15:45";"1";"64";"64348";"2";"6";"1";"3";"SANTONA DE";"43,3209611";" -0,3920649"
"201900047592";"6";"6";"2019";"17:55";"1";"64";"64445";"2";"1";"1";"3";"PIERRE MASSE";"43,3157600";" -0,3568600"
"201900047593";"6";"6";"2019";"15:05";"1";"64";"64445";"2";"6";"1";"3";"COMMANDANT RENE MOUCHOTTE DU";"43,3052000";" -0,3284000"
"201900047594";"3";"6";"2019";"16:45";"1";"64";"64445";"2";"2";"7";"3";"BENGHOZI AUDREY";"43,3190366";" -0,3640674"
"201900047595";"2";"6";"2019";"22:05";"5";"64";"64445";"2";"1";"1";"7";"14 JUILLET DU";"43,2905900";" -0,3806700"
"201900047596";"2";"6";"2019";"20:20";"1";"64";"64445";"2";"3";"1";"3";"PAIX";"43,3165700";" -0,3395600"
"201900047597";"2";"6";"2019";"16:55";"1";"64";"64445";"2";"2";"1";"3";"ALSACE LORRAINE D'";"43,3048930";" -0,3706330"
"201900047598";"31";"5";"2019";"15:45";"1";"64";"64445";"2";"2";"1";"3";"CATHERINE DE BOURBON";"43,3247652";" -0,3573861"
"201900047599";"9";"6";"2019";"11:20";"1";"64";"64125";"2";"1";"1";"3";"CUMBA (AVENUE)";"43,4466640";" -1,5796650"
"201900047600";"4";"6";"2019";"02:02";"5";"64";"64122";"2";"1";"1";"6";"LOUIS BARTHOU (RUE)";"43,4820025";" -1,5579684"
"201900047601";"31";"5";"2019";"20:58";"2";"64";"64122";"2";"9";"1";"7";"CASCAIS (BD DE)";"43,4676000";" -1,5413800"
"201900047602";"16";"6";"2019";"13:13";"1";"64";"64102";"2";"1";"1";"7";"FEUILLEE (RUE)";"43,4842859";" -1,4998328"
"201900047603";"14";"6";"2019";"15:25";"1";"64";"64102";"2";"2";"8";"5";"CHEMIN DE CAZENAVE";"43,5136743";" -1,4358561"
"201900047604";"11";"6";"2019";"17:50";"1";"64";"64024";"2";"1";"8";"3";"chemin de juzan";"43,4705000";" -1,5048300"
"201900047605";"6";"6";"2019";"14:45";"1";"64";"64102";"2";"6";"1";"3";"AQUITAINE  (Rond Point d')";"43,4870700";" -1,4687000"
"201900047606";"6";"6";"2019";"11:15";"1";"64";"64102";"2";"1";"1";"6";"BARTHES (CHEMIN DES)";"43,4954400";" -1,4942100"
"201900047607";"4";"6";"2019";"18:30";"1";"64";"64024";"2";"1";"8";"7";"LAROCHEFOUCAULD (AVENUE DE)";"43,4875728";" -1,5351792"
"201900047608";"31";"5";"2019";"09:10";"1";"64";"64102";"2";"1";"1";"3";"LOUIS DE FOIX (AVENUE)";"43,5088019";" -1,4677939"
"201900047609";"30";"5";"2019";"20:45";"1";"64";"64024";"2";"1";"1";"3";"ADOUR (AV DE L')";"43,5264000";" -1,5118900"
"201900047610";"29";"5";"2019";"18:25";"1";"63";"63300";"2";"1";"1";"6";"RD2029";"45,8951100";"3,1109200"
"201900047611";"16";"6";"2019";"18:13";"1";"63";"63099";"1";"1";"1";"6";"RD 2009";"45,8523787";"3,1141277"
"201900047612";"16";"6";"2019";"05:30";"2";"63";"63164";"2";"1";"1";"6";"PONT (RUE DU)";"45,8261119";"3,1409400"
"201900047613";"13";"6";"2019";"17:05";"1";"63";"63113";"2";"1";"1";"2";"LAFAYETTE (BD)";"45,7714097";"3,0996818"
"201900047614";"7";"6";"2019";"14:21";"1";"63";"63113";"2";"1";"2";"6";"BLATIN (RUE)";"45,7769300";"3,0800007"
"201900047615";"7";"6";"2019";"13:25";"1";"63";"63113";"2";"1";"1";"6";"FRANCE (RUE ANATOLE)";"45,7793654";"3,1147206"
"201900047616";"1";"6";"2019";"12:17";"1";"63";"63014";"2";"1";"1";"6";"GALOIS (ALLEE EVARISTE)";"45,7602700";"3,1301900"
"201900047617";"29";"5";"2019";"15:42";"1";"63";"63014";"1";"1";"1";"7";"POMPIDOU (CHEMIN)";"45,7455900";"3,1356100"
"201900047618";"29";"5";"2019";"06:40";"1";"63";"63113";"2";"5";"1";"3";"FLAUBERT (BD GUSTAVE)";"45,7728800";"3,1208300"
"201900047619";"2";"6";"2019";"21:40";"2";"62";"62224";"2";"2";"1";"3";"BETHUNE (RUE DE)";"50,5402160";"2,5778440"
"201900047620";"13";"5";"2019";"21:00";"2";"62";"62510";"2";"1";"1";"3";"CHANZY (R)";"50,4167100";"2,7769200"
"201900047621";"6";"6";"2019";"15:00";"1";"62";"62427";"1";"1";"8";"1";"DOUAI (R DE)";"50,3841700";"2,9908500"
"201900047622";"18";"5";"2019";"14:30";"1";"62";"62427";"2";"9";"1";"6";"PIETTE (BD JACQUES) )";"50,4170500";"2,9688300"
"201900047623";"15";"6";"2019";"17:10";"1";"62";"62193";"2";"1";"1";"6";"FAGUER (RUE J.)";"50,9453400";"1,8671800"
"201900047624";"12";"6";"2019";"09:30";"1";"62";"62193";"2";"1";"8";"6";"A216";"50,9499700";"1,9055700"
"201900047625";"11";"6";"2019";"20:25";"1";"62";"62193";"2";"2";"7";"3";"LAFAYETTE (BOULEVARD)";"50,9573781";"1,8544699"
"201900047626";"9";"6";"2019";"01:00";"3";"62";"62239";"1";"1";"1";"1";"CD 243E";"50,9313200";"1,7947630"
"201900047627";"8";"6";"2019";"19:30";"1";"62";"62193";"2";"2";"1";"3";"ROBESPIERRE (RUE M.)";"50,9415200";"1,8419900"
"201900047628";"3";"6";"2019";"17:45";"1";"62";"62193";"2";"1";"7";"2";"VERDUN (RUE DE)";"50,9405000";"1,8379100"
"201900047629";"14";"6";"2019";"15:30";"1";"62";"62119";"2";"1";"1";"3";"POINCARE   ( BOULEVARD RAYMOND)";"50,5257400";"2,6404500"
"201900047630";"15";"6";"2019";"20:55";"1";"62";"62132";"2";"4";"1";"6";"DE GAULLE ( RUE DU GENERAL )";"50,5227600";"2,8735800"
"201900047631";"12";"6";"2019";"18:00";"1";"62";"62848";"1";"1";"1";"6";"941 (CD)";"50,5090600";"2,6467300"
"201900047632";"2";"6";"2019";"14:25";"1";"62";"62108";"2";"2";"1";"3";"MER";"50,4066100";"1,5629000"
"201900047633";"9";"6";"2019";"03:40";"3";"62";"62013";"1";"1";"8";"1";"RD 919";"50,2432400";"2,7668800"
"201900047634";"14";"6";"2019";"18:16";"1";"61";"61169";"2";"1";"1";"3";"RESTOUT (ALLEE)";"48,7470500";" -0,5471900"
"201900047635";"3";"6";"2019";"16:20";"1";"61";"61006";"2";"3";"7";"5";"BEREGOVOY (RUE PIERRE) COTE IMPAIR";"48,7563757";" -0,0092751"
"201900047636";"17";"6";"2019";"20:10";"1";"60";"60175";"2";"4";"1";"6";"GOURNAY (RUE DE)";"49,2611500";"2,4605400"
"201900047637";"13";"6";"2019";"15:45";"1";"60";"60414";"1";"6";"1";"6";"ROND POINT PATHE- RD 200";"49,2599300";"2,4531900"
"201900047638";"4";"6";"2019";"11:10";"1";"60";"60175";"2";"3";"2";"3";"GENERAL LECLERC (RUE DU)";"49,2559000";"2,4707600"
"201900047639";"2";"6";"2019";"20:25";"1";"60";"60175";"1";"1";"1";"7";"BRANLY (RUE EDOUARD)";"49,2534128";"2,4896909"
"201900047640";"14";"6";"2019";"10:05";"1";"60";"60382";"1";"3";"1";"3";"RD 935";"49,4376900";"2,8028900"
"201900047641";"11";"6";"2019";"19:25";"1";"60";"60159";"2";"1";"1";"3";"REPUBLIQUE (QUAI DE LA)";"49,4218100";"2,8232800"
"201900047642";"18";"6";"2019";"10:40";"1";"59";"59508";"2";"9";"1";"2";"HALLUIN (BOULEVARD D')";"50,7497193";"3,1317419"
"201900047643";"17";"6";"2019";"20:00";"1";"59";"59599";"2";"1";"1";"6";"HENAUX (RUE MARCEL)";"50,7200000";"3,1600000"
"201900047644";"12";"6";"2019";"13:20";"1";"59";"59599";"2";"1";"3";"3";"PONT ROMPU (RUE DU)";"50,7376740";"3,1484789"
"201900047645";"7";"6";"2019";"11:00";"1";"59";"59508";"2";"1";"1";"6";"LILLE (RUE DE)MENIN A 8 MAI 1945";"50,7477220";"3,1223971"
"201900047646";"2";"6";"2019";"11:20";"1";"59";"59508";"2";"1";"1";"2";"LINSELLES (RUE DE)";"50,7362345";"3,1120545"
"201900047647";"13";"6";"2019";"18:25";"1";"59";"59350";"2";"2";"1";"3";"VANACKER RUE";"50,6222500";"3,0965700"
"201900047648";"6";"5";"2019";"12:45";"1";"59";"59507";"2";"1";"1";"3";"BERLIOZ HECTOR AVENUE";"50,5965000";"3,0909400"
"201900047649";"5";"6";"2019";"14:30";"1";"59";"59560";"2";"1";"2";"1";"MULLIER JEAN BAPTISTE RUE";"50,5346600";"3,0536600"
"201900047650";"12";"6";"2019";"09:45";"1";"59";"59350";"2";"2";"2";"3";"ROYALE RUE";"50,6419700";"3,0564400"
"201900047651";"31";"5";"2019";"03:45";"5";"59";"59350";"2";"1";"1";"6";"BELFORT BOULEVARD DE";"50,6234100";"3,0801800"
"201900047652";"7";"6";"2019";"17:15";"1";"59";"59507";"2";"1";"1";"6";"JAURES JEAN AVENUE.";"50,6071100";"3,0766400"
"201900047653";"9";"6";"2019";"03:45";"5";"59";"59350";"2";"7";"1";"6";"SOLFERINO RUE N°110 - 206";"50,6301000";"3,0568000"
"201900047654";"4";"6";"2019";"23:45";"5";"59";"59350";"2";"1";"1";"6";"DUNKERQUE AVENUE DE";"50,6457100";"2,9870100"
"201900047655";"1";"6";"2019";"01:00";"5";"59";"59350";"2";"3";"1";"3";"IENA RUE";"50,6231390";"3,0506470"
"201900047656";"2";"6";"2019";"16:30";"1";"59";"59527";"2";"1";"7";"6";"LECLERC RUE DU GENERAL";"50,6630190";"3,0501920"
"201900047657";"26";"5";"2019";"15:55";"1";"59";"59350";"2";"3";"1";"6";"DE LILLE ALAIN RUE";"50,6194300";"3,0750000"
"201900047658";"30";"5";"2019";"17:05";"1";"59";"59350";"2";"2";"1";"3";"NEUVE RUE";"50,6390700";"3,0159900"
"201900047659";"18";"2";"2019";"15:11";"1";"36";"36159";"2";"1";"1";"2";"AVENUE DE LA FORET";"46,7671300";"1,7159400"
"201900047660";"22";"2";"2019";"13:30";"1";"35";"35051";"2";"6";"7";"3";"ALLIES (BOULEVARD DES)";"48,1362200";" -1,6240200"
"201900047661";"21";"2";"2019";"18:55";"5";"34";"34129";"2";"1";"1";"4";"PALAVAS D986 (ROUTE DE)";"43,5875800";"3,8931500"
"201900047662";"21";"2";"2019";"16:15";"1";"34";"34172";"2";"1";"1";"2";"LAVERUNE (ROUTE DE";"43,5979700";"3,8405500"
"201900047663";"15";"2";"2019";"07:30";"2";"33";"33162";"2";"2";"1";"3";"Rte du Médoc / Roc A630 E7";"44,8801400";" -0,6277000"
"201900047664";"21";"2";"2019";"09:30";"1";"31";"31555";"2";"3";"1";"3";"RUE MATABIAU";"43,6130500";"1,4493100"
"201900047665";"22";"2";"2019";"05:50";"5";"31";"31555";"2";"1";"1";"1";"RTE DE LAUNAGUET";"43,6471000";"1,4391900"
"201900047666";"21";"2";"2019";"19:30";"5";"31";"31555";"2";"1";"1";"6";"BD LAZARE CARNOT";"43,6006300";"1,4521300"
"201900047667";"21";"2";"2019";"12:45";"1";"31";"31555";"1";"1";"1";"5";"VA008482 A624";"43,6045600";"1,4000100"
"201900047668";"21";"2";"2019";"07:30";"1";"31";"31557";"2";"1";"1";"3";"TARBES (ROUTE DE)";"43,5756100";"1,3199100"
"201900047669";"23";"2";"2019";"17:00";"1";"30";"30007";"2";"3";"1";"3";"HERSTAL (RUE  D')";"44,1250000";"4,0768900"
"201900047670";"22";"2";"2019";"19:05";"5";"28";"28134";"2";"1";"1";"6";"LIEVRE D'OR (RUE DU)";"48,7365600";"1,3887900"
"201900047671";"22";"2";"2019";"15:20";"1";"28";"28134";"2";"2";"1";"3";"HENRI IV (BD)";"48,7424500";"1,3578900"
"201900047672";"21";"2";"2019";"14:40";"1";"27";"27229";"2";"9";"1";"6";"VERDUN (RUE DE)";"49,0239500";"1,1442100"
"201900047673";"22";"2";"2019";"06:40";"5";"25";"25056";"2";"1";"1";"6";"TREY  RUE DE (inf 36)";"47,2555300";"6,0217300"
"201900047674";"20";"2";"2019";"07:40";"2";"19";"19031";"2";"6";"1";"3";"COSNAC (RUE DANIEL DE)";"45,1543200";"1,5580600"
"201900047675";"21";"2";"2019";"07:30";"2";"18";"18033";"2";"2";"1";"3";"AUGER (BOULEVARD)";"47,0781900";"2,4096400"
"201900047676";"16";"2";"2019";"15:25";"1";"18";"18033";"2";"3";"7";"3";"MALLET (RUE LOUIS)";"47,0785700";"2,3873900"