"Num_Acc";"jour";"mois";"an";"hrmn";"lum";"dep";"com";"agg";"int";"atm";"col";"adr";"lat";"long"
"201900047677";"23";"2";"2019";"08:20";"1";"17";"17415";"2";"1";"1";"3";"LECLERC COURS DU MARECHAL";"45,7500900";" -0,6470200"
"201900047678";"22";"2";"2019";"11:10";"1";"17";"17028";"2";"1";"7";"2";"LYSIACK  AVENUE DU COMMANDANT";"46,1384070";" -1,1299850"
"201900047679";"23";"2";"2019";"17:30";"1";"14";"14118";"2";"1";"1";"3";"MOULIN (RUE DU GENERAL)";"49,2967700";" -0,3709400"
"201900047680";"21";"2";"2019";"16:45";"1";"13";"13043";"1";"1";"1";"5";"GEORGES POMPIDOU (AV )";"43,3919800";"5,2068100"
"201900047681";"23";"2";"2019";"22:45";"5";"13";"13205";"2";"1";"1";"6";"SAKAKINI (BOULEVARD)";"43,2959000";"5,4002000"
"201900047682";"23";"2";"2019";"18:40";"5";"13";"13209";"2";"1";"1";"3";"MORGIOU (chemin de )";"43,2408000";"5,4068000"
"201900047683";"23";"2";"2019";"15:00";"1";"13";"13208";"2";"1";"1";"3";" MIREILLE JOURDAN-BARRY (BD)";"43,2452100";"5,3759700"
"201900047684";"23";"2";"2019";"01:15";"5";"13";"13208";"2";"1";"1";"6";"JONCS (BOULEVARD DES)";"43,2471800";"5,3825100"
"201900047685";"22";"2";"2019";"23:20";"3";"13";"13215";"2";"1";"1";"6";"MADRAGUE VILLE (chemin de la)";"43,3322100";"5,3589000"
"201900047686";"22";"2";"2019";"16:00";"1";"13";"13201";"2";"1";"1";"7";"MARSEILLAISES (PLACE DES)    IMPAIRS";"43,3013900";"5,3801900"
"201900047687";"22";"2";"2019";"16:45";"2";"13";"13209";"1";"1";"7";"6";"ROY D'ESPAGNE (CHEMIN)";"43,2402770";"5,3974470"
"201900047688";"22";"2";"2019";"14:50";"1";"13";"13214";"2";"1";"1";"6";"AMELIE (RUE)";"43,3270350";"5,3760920"
"201900047689";"22";"2";"2019";"10:15";"1";"13";"13202";"2";"1";"1";"6";"FRANCOIS MASSABO (RUE)";"43,3050000";"5,3707000"
"201900047690";"22";"2";"2019";"08:30";"2";"13";"13213";"2";"1";"1";"3";"CROIX ROUGE (AVENUE)";"43,3350400";"5,4456300"
"201900047691";"20";"2";"2019";"20:55";"5";"13";"13047";"2";"9";"1";"3";"NELSON MANDELA ROND POINT";"43,4987700";"4,9861500"
"201900047692";"21";"2";"2019";"19:15";"5";"13";"13005";"1";"1";"1";"5";"RD 43 C";"43,3097500";"5,5928400"
"201900047693";"22";"2";"2019";"17:45";"1";"12";"12202";"2";"1";"1";"2";"Boscary Monsservin (Avenue)";"44,3611200";"2,5592700"
"201900047694";"22";"2";"2019";"16:25";"1";"10";"10387";"2";"1";"1";"6";"VOULDY (CHAUSSEE DU)";"48,2942900";"4,0828100"
"201900047695";"21";"2";"2019";"19:51";"5";"10";"10387";"2";"2";"1";"3";"JACQUIN (RUE)";"48,3043000";"4,0825000"
"201900047696";"22";"2";"2019";"11:30";"1";"6";"06088";"2";"1";"1";"1";"HUGO (BD VICTOR)";"43,6991000";"7,2631000"
"201900047697";"23";"2";"2019";"11:40";"1";"6";"06029";"2";"1";"1";"1";"POESIE (AVENUE PIERRE)";"43,5528200";"6,9628900"
"201900047698";"21";"2";"2019";"17:00";"1";"6";"06123";"2";"9";"1";"3";"CURIE PIERRE ET MARIE AVENUE";"43,6834000";"7,1885000"
"201900047699";"21";"2";"2019";"13:20";"1";"3";"03321";"2";"1";"1";"3";"rue des Époux Contoux";"46,5437683";"3,3445303"
"201900047700";"22";"2";"2019";"09:45";"1";"75";"75116";"2";"1";"1";"3";"PORTE DAUPHINE";"48,8704830";"2,2725290"
"201900047701";"21";"2";"2019";"17:45";"1";"75";"75116";"2";"1";"1";"3";"ECHANGEUR MUETTE";"48,8657000";"2,2682450"
"201900047702";"21";"2";"2019";"16:35";"1";"75";"75119";"2";"1";"1";"6";"PORTE DE PANTIN";"48,8935410";"2,3950710"
"201900047703";"21";"2";"2019";"14:30";"1";"75";"75116";"2";"1";"1";"2";"PORTE DE PASSY";"48,8559600";"2,2565860"
"201900047704";"21";"2";"2019";"11:00";"1";"75";"75120";"2";"1";"1";"2";"PORTE DE MONTREUIL";"48,8554280";"2,4140510"
"201900047705";"21";"2";"2019";"08:40";"1";"75";"75115";"2";"1";"1";"3";"PORTE DE VERSAILLES";"48,8273430";"2,2931980"
"201900047706";"22";"2";"2019";"05:11";"5";"75";"75107";"2";"2";"1";"6";"AVENUE DU MARECHAL GALLIENI";"48,8599520";"2,3130990"
"201900047707";"21";"2";"2019";"23:09";"5";"75";"75108";"2";"2";"2";"6";"RUE TRONCHET";"48,8731270";"2,3267250"
"201900047708";"21";"2";"2019";"11:27";"1";"75";"75113";"2";"3";"1";"6";"AVENUE D ITALIE";"48,8274330";"2,3568740"
"201900047709";"22";"2";"2019";"17:10";"1";"75";"75106";"2";"3";"1";"6";"RUE DE RENNES";"48,8531590";"2,3325770"
"201900047710";"22";"2";"2019";"12:03";"1";"75";"75105";"2";"1";"1";"6";"BOULEVARD SAINT MARCEL";"48,8390700";"2,3588820"
"201900047711";"21";"2";"2019";"10:05";"1";"75";"75119";"2";"2";"1";"1";"RUE DE BELLEVILLE";"48,8754630";"2,3979190"
"201900047712";"21";"2";"2019";"09:10";"1";"75";"75119";"2";"1";"1";"7";"AVENUE JEAN JAURES";"48,8838380";"2,3742500"
"201900047713";"23";"2";"2019";"13:30";"1";"75";"75117";"2";"3";"1";"4";"AVENUE DE SAINT OUEN";"48,8958790";"2,3284150"
"201900047714";"22";"2";"2019";"00:50";"5";"75";"75118";"2";"2";"1";"6";"RUE DU MONT CENIS";"48,8943340";"2,3453790"
"201900047715";"23";"2";"2019";"19:00";"5";"75";"75117";"2";"1";"1";"3";"AVENUE DE LA PORTE D ASNIERES";"48,8911670";"2,3025620"
"201900047716";"22";"2";"2019";"18:05";"2";"75";"75117";"2";"1";"1";"3";"AVENUE DES TERNES";"48,8781920";"2,2962210"
"201900047717";"22";"2";"2019";"09:50";"1";"75";"75117";"2";"3";"1";"3";"BOULEVARD GOUVION SAINT CYR";"48,8834730";"2,2881310"
"201900047718";"22";"2";"2019";"08:25";"1";"75";"75117";"2";"1";"1";"2";"AVENUE DE LA PORTE DE CHAMPERRET";"48,8862600";"2,2868630"
"201900047719";"20";"2";"2019";"20:40";"5";"75";"75117";"2";"1";"1";"2";"AVENUE DE VILLIERS";"48,8840080";"2,3038750"
"201900047720";"21";"2";"2019";"09:55";"1";"75";"75116";"2";"1";"1";"3";"BOULEVARD LANNES";"48,8666010";"2,2715830"
"201900047721";"21";"2";"2019";"08:10";"2";"75";"75116";"2";"1";"1";"6";"ALLEE DE LONGCHAMP";"48,8731670";"2,2661880"
"201900047722";"20";"2";"2019";"12:50";"1";"75";"75116";"2";"1";"1";"6";"RUE EUGENE DELACROIX";"48,8630080";"2,2780390"
"201900047723";"20";"2";"2019";"11:40";"1";"75";"75116";"2";"1";"1";"6";"AVENUE THEOPHILE GAUTIER";"48,8486760";"2,2703860"
"201900047724";"20";"2";"2019";"08:30";"1";"75";"75116";"2";"2";"1";"3";"BOULEVARD MURAT";"48,8371010";"2,2601670"
"201900047725";"22";"2";"2019";"17:15";"1";"75";"75115";"2";"2";"1";"3";"ROND POINT DU PONT MIRABEAU";"48,8460830";"2,2769400"
"201900047726";"22";"2";"2019";"17:20";"1";"75";"75115";"2";"1";"1";"6";"RUE DUTOT";"48,8390370";"2,3091150"
"201900047727";"22";"2";"2019";"10:50";"1";"75";"75115";"2";"1";"1";"3";"RUE HENRY FARMAN";"48,8332790";"2,2703520"
"201900047728";"22";"2";"2019";"09:10";"1";"75";"75115";"2";"1";"1";"2";"BOULEVARD LEFEBVRE";"48,8318990";"2,2902210"
"201900047729";"21";"2";"2019";"15:50";"1";"75";"75115";"2";"4";"1";"3";"RUE LEBLANC";"48,8366100";"2,2813200"
"201900047730";"21";"2";"2019";"10:20";"1";"75";"75114";"2";"2";"1";"3";"BOULEVARD DU MONTPARNASSE";"48,8419120";"2,3295900"
"201900047731";"19";"2";"2019";"00:12";"5";"75";"75114";"2";"4";"1";"7";"RUE DE LA SABLIERE";"48,8317320";"2,3239870"
"201900047732";"23";"2";"2019";"16:00";"1";"75";"75112";"2";"2";"1";"3";"BOULEVARD DIDEROT";"48,8467620";"2,3817370"
"201900047733";"21";"2";"2019";"19:00";"3";"75";"75112";"2";"7";"1";"6";"RUE FABRE D EGLANTINE";"48,8473270";"2,3957290"
"201900047734";"21";"2";"2019";"10:58";"1";"75";"75112";"2";"3";"1";"6";"RUE BARON LE ROY";"48,8347480";"2,3879010"
"201900047735";"21";"2";"2019";"08:15";"1";"75";"75112";"2";"1";"1";"6";"RUE DE BERCY";"48,8438510";"2,3732400"
"201900047736";"23";"2";"2019";"16:25";"1";"75";"75111";"2";"2";"1";"3";"RUE DE CHARONNE";"48,8551220";"2,3871390"
"201900047737";"23";"2";"2019";"12:30";"1";"75";"75111";"2";"2";"1";"6";"AVENUE PARMENTIER";"48,8666740";"2,3734990"
"201900047738";"21";"2";"2019";"16:50";"1";"75";"75111";"2";"2";"1";"3";"RUE DU CHEMIN VERT";"48,8615830";"2,3825830"
"201900047739";"23";"2";"2019";"19:05";"5";"75";"75110";"2";"3";"1";"6";"BOULEVARD DE MAGENTA";"48,8757790";"2,3565200"
"201900047740";"21";"2";"2019";"21:25";"5";"75";"75102";"2";"2";"1";"6";"BOULEVARD DE STRASBOURG";"48,8693280";"2,3542410"
"201900047741";"21";"2";"2019";"19:50";"5";"75";"75109";"2";"7";"1";"6";"BOULEVARD DE CLICHY";"48,8834460";"2,3276820"
"201900047742";"20";"2";"2019";"10:10";"1";"75";"75108";"2";"3";"1";"5";"RUE D AMSTERDAM";"48,8807990";"2,3270600"
"201900047743";"22";"2";"2019";"10:45";"1";"75";"75108";"2";"6";"1";"3";"PLACE CHARLES DE GAULLE";"48,8741030";"2,2957700"
"201900047744";"21";"2";"2019";"18:26";"5";"75";"75108";"2";"7";"1";"3";"COURS ALBERT 1ER";"48,8642860";"2,3022370"
"201900047745";"21";"2";"2019";"13:55";"1";"75";"75103";"2";"7";"1";"6";"PLACE DE LA REPUBLIQUE";"48,8673410";"2,3633780"
"201900047746";"22";"2";"2019";"15:30";"1";"75";"75101";"2";"1";"1";"3";"QUAI DU LOUVRE";"48,8588020";"2,3408830"
"201900047747";"22";"2";"2019";"09:05";"1";"75";"75101";"2";"2";"1";"6";"PLACE DU PALAIS ROYAL";"48,8629030";"2,3365070"
"201900047748";"20";"2";"2019";"13:35";"1";"75";"75101";"2";"2";"1";"2";"QUAI DE LA MEGISSERIE";"48,8584930";"2,3424750"
"201900047749";"2";"3";"2019";"16:25";"1";"94";"94080";"2";"1";"8";"7";"MARECHAL MAUNOURY (R DU)";"48,8440000";"2,4301800"
"201900047750";"21";"2";"2019";"13:30";"1";"94";"94068";"2";"1";"1";"2";"GENERAL GIRAUD (BD DU)";"48,7924000";"2,4800300"
"201900047751";"21";"2";"2019";"15:12";"1";"94";"94052";"2";"9";"1";"6";"GEORGES CLEMENCEAU (AV)";"48,8358900";"2,4720200"
"201900047752";"15";"2";"2019";"19:13";"5";"94";"94058";"2";"1";"1";"3";"HUIT MAI 1945 (AV DU)";"48,8463800";"2,5073800"
"201900047753";"20";"2";"2019";"11:30";"1";"94";"94037";"2";"1";"1";"6";"RASPAIL (AV)";"48,8149700";"2,3522700"
"201900047754";"22";"2";"2019";"15:50";"1";"94";"94041";"2";"1";"1";"6";"JEAN MARIE POULMARCH (R)";"48,8160800";"2,3737600"
"201900047755";"18";"2";"2019";"11:15";"1";"94";"94041";"2";"1";"1";"3";"LOUIS BERTRAND (R)";"48,8171900";"2,3804000"
"201900047756";"20";"2";"2019";"22:15";"5";"94";"94022";"2";"3";"1";"5";"JEAN JAURES (R)";"48,7658010";"2,4097330"
"201900047757";"22";"2";"2019";"19:10";"5";"94";"94059";"2";"1";"1";"1";"JEAN CLAUDE DELUBAC (AV)";"48,8190000";"2,5660000"
"201900047758";"16";"2";"2019";"18:50";"1";"94";"94069";"2";"9";"1";"3";"GRAVELLE (AV DE)";"48,8238630";"2,4281460"
"201900047759";"22";"2";"2019";"18:00";"1";"94";"94044";"2";"9";"9";"7";"DEUX CLOCHERS (AV DES)";"48,7548600";"2,4874800"
"201900047760";"21";"2";"2019";"23:00";"5";"94";"94071";"2";"6";"9";"7";"VILLENEUVE (R DE)";"48,7641500";"2,5125000"
"201900047761";"23";"2";"2019";"17:10";"1";"94";"94002";"2";"3";"1";"3";"ETIENNE DOLET (R)";"48,7909100";"2,4258300"
"201900047762";"22";"2";"2019";"19:00";"5";"93";"93073";"2";"2";"1";"3";"SALENGRO (AVENUE ROGER)";"48,9430900";"2,5780600"
"201900047763";"22";"2";"2019";"13:30";"1";"93";"93078";"2";"4";"1";"6";"ROSES (AVENUE DES)";"48,9548100";"2,5553300"
"201900047764";"21";"2";"2019";"13:10";"1";"93";"93078";"2";"1";"1";"3";"BREGUET (ALLEE LOUIS)";"48,9566710";"2,5615750"
"201900047765";"18";"2";"2019";"09:45";"1";"93";"93072";"2";"3";"1";"3";"MARCEL CACHIN (AVENUE) DES N°1 AU 17";"48,9580900";"2,3822800"
"201900047766";"21";"2";"2019";"08:15";"1";"93";"93070";"2";"1";"1";"3";"MICHELET(AV):N°1AU 103";"48,9091960";"2,3439160"
"201900047767";"21";"2";"2019";"22:15";"5";"93";"93070";"2";"3";"1";"3";"MICHELET(AV):N°1AU 103";"48,9053000";"2,3441000"
"201900047768";"22";"2";"2019";"09:00";"1";"93";"93066";"2";"1";"1";"2";"VAILLANT COUTURIER PAUL (AV) NR 2 A 110";"48,9317580";"2,3645760"
"201900047769";"21";"2";"2019";"16:45";"1";"93";"93066";"2";"1";"7";"6";"CARNOT (BOULEVARD)";"48,9382870";"2,3528350"
"201900047770";"22";"2";"2019";"19:20";"5";"93";"93064";"2";"1";"1";"3";"ALSACE-LORRAINE (BOULEVARD)";"48,8853200";"2,4791800"
"201900047771";"17";"2";"2019";"18:52";"5";"93";"93064";"2";"9";"1";"2";"KENNEDY (AVENUE DU PRESIDENT)";"48,8809300";"2,4944100"
"201900047772";"23";"2";"2019";"11:10";"1";"93";"93051";"2";"2";"1";"2";"NEUILLY (ROUTE)";"48,8471000";"2,5401900"
"201900047773";"19";"2";"2019";"10:15";"1";"93";"93048";"2";"3";"1";"6";"VINCENNES (RUE DE)";"48,8524290";"2,4348480"
"201900047774";"22";"2";"2019";"13:15";"1";"93";"93046";"2";"1";"1";"3";"LIBERATION PLACE DE LA";"48,9227300";"2,5442400"
"201900047775";"23";"2";"2019";"16:50";"1";"93";"93032";"2";"9";"1";"3";"JEAN JAURES (AVENUE)";"48,8836100";"2,5293600"
"201900047776";"22";"2";"2019";"13:50";"1";"93";"93031";"2";"1";"1";"6";"JEAN JAURES (AVENUE)";"48,9545100";"2,3177100"
"201900047777";"23";"2";"2019";"12:30";"1";"93";"93029";"2";"1";"1";"6";"AUGUSTE BLANQUI";"48,9203580";"2,4576450"
"201900047778";"22";"2";"2019";"17:40";"1";"93";"93027";"2";"1";"1";"5";"CONVENTION (RUE DE LA)";"48,9267600";"2,3942800"
"201900047779";"21";"2";"2019";"17:40";"1";"93";"93030";"2";"1";"2";"6";"DE GAULLE (AVENUE DU GENERAL)";"48,9477400";"2,4137600"
"201900047780";"19";"2";"2019";"19:00";"5";"93";"93027";"2";"1";"1";"2";"SALENGRO (AVENUE ROGER)";"48,9355120";"2,3873010"
"201900047781";"21";"2";"2019";"13:30";"1";"93";"93047";"2";"2";"1";"3";"GENERAL DE GAULLE (RUE DU)";"48,8993480";"2,5595020"
"201900047782";"22";"2";"2019";"16:30";"1";"93";"93057";"2";"1";"1";"6";"BRIAND ( AV. ARISTIDE) 238 A 308";"48,9079400";"2,4945300"
"201900047783";"20";"2";"2019";"20:00";"5";"93";"93057";"2";"3";"1";"3";"BRIAND ( AV. ARISTIDE) 134 A 212";"48,9092313";"2,5032956"
"201900047784";"23";"2";"2019";"18:45";"5";"93";"93001";"2";"1";"1";"3";"LUCIEN LEFRANC (QUAI)";"48,9138100";"2,3721800"
"201900047785";"21";"2";"2019";"17:50";"1";"93";"93001";"2";"1";"1";"3";"PRESIDENT ROOSEVELT (AVENUE DU)";"48,9164400";"2,3800600"
"201900047786";"21";"2";"2019";"17:45";"1";"92";"92078";"2";"3";"1";"2";"CHARLES DE GAULLE (BD) (71 AU 153)";"48,9400687";"2,3238257"
"201900047787";"7";"2";"2019";"12:35";"1";"92";"92046";"2";"1";"1";"2";"PIERRE BROSSOLETTE (AVENUE)";"48,8200510";"2,3109280"
"201900047788";"22";"2";"2019";"19:31";"5";"92";"92073";"2";"5";"1";"3";"LOUCHEUR (BOULEVARD LOUIS)";"48,8617860";"2,2126050"
"201900047789";"21";"2";"2019";"14:00";"1";"92";"92077";"2";"1";"1";"2";"SEVRES (RUE DE)";"48,8262380";"2,1925284"
"201900047790";"21";"2";"2019";"18:15";"2";"92";"92047";"1";"1";"1";"1";"PORTE VERTE";"48,8352800";"2,1874400"
"201900047791";"22";"2";"2019";"16:50";"1";"92";"92062";"2";"6";"1";"3";"ROND POINT DE LA LIBERTE";"48,8860900";"2,2452600"
"201900047792";"21";"2";"2019";"20:00";"3";"92";"92062";"2";"1";"1";"3";"WALLACE (BD RICHARD) DU 17 AU 91 ET DU 3";"48,8799300";"2,2397900"
"201900047793";"21";"2";"2019";"16:29";"1";"92";"92051";"2";"1";"1";"1";"ACHILLE PERETTI (AVENUE,  N° 98 A 166 ET";"48,8858000";"2,2704700"
"201900047794";"21";"2";"2019";"08:10";"1";"92";"92050";"2";"9";"1";"6";"boulevard Aimé Césaire";"48,8946600";"2,2260100"
"201900047795";"20";"2";"2019";"16:40";"1";"92";"92050";"2";"1";"1";"6";"LIBERTE AVENUE DE LA";"48,8885210";"2,2089370"
"201900047796";"15";"2";"2019";"11:40";"1";"92";"92050";"2";"1";"1";"2";"HAVRE BOULEVARD DU";"48,9191630";"2,2223025"
"201900047797";"12";"1";"2019";"18:55";"5";"92";"92049";"2";"1";"2";"6";"PERI RUE GABRIEL N°2 A 36";"48,8182070";"2,3215820"
"201900047798";"22";"2";"2019";"08:00";"1";"92";"92048";"2";"1";"1";"6";"ROBERT SCHUMAN (AVENUE)";"48,7889700";"2,2339000"
"201900047799";"23";"2";"2019";"07:05";"5";"92";"92040";"2";"5";"1";"1";"GALLIENI (BOULEVARD)";"48,8252960";"2,2678180"
"201900047800";"22";"2";"2019";"13:35";"1";"92";"92040";"2";"1";"1";"6";"ERNEST RENAN";"48,8293300";"2,2832800"
"201900047801";"8";"2";"2019";"12:30";"1";"92";"92036";"2";"1";"1";"6";"CAMELINAT (BOULEVARD) (2 AU 66)";"48,9279970";"2,2983267"
"201900047802";"8";"2";"2019";"07:50";"2";"92";"92036";"2";"1";"1";"6";"HENRI BARBUSSE (RUE) (37/135)";"48,9233700";"2,2999200"
"201900047803";"17";"2";"2019";"19:25";"5";"92";"92035";"2";"2";"1";"3";"National ( boulevard )";"48,9046215";"2,2393977"
"201900047804";"22";"2";"2019";"17:15";"1";"92";"92026";"2";"1";"1";"6";"SAINT DENIS BD (120 A 174 / 199 A 315)";"48,8996550";"2,2677570"
"201900047805";"15";"2";"2019";"13:28";"1";"92";"92025";"2";"1";"1";"6";"GABRIEL PERI (RUE)";"48,9182200";"2,2388320"
"201900047806";"4";"2";"2019";"16:35";"1";"92";"92025";"2";"1";"1";"6";"EDGARD QUINET (BD)";"48,9240520";"2,2480500"
"201900047807";"21";"2";"2019";"11:00";"1";"92";"92023";"2";"1";"1";"6";"GENERAL DE GAULLE (AVENUE DU)";"48,7868168";"2,2550446"
"201900047808";"23";"2";"2019";"16:50";"1";"92";"92019";"2";"1";"1";"1";"FRERES MONTGOLFIERS (AVENUE DES)";"48,7670000";"2,2499500"
"201900047809";"23";"2";"2019";"10:30";"1";"92";"92012";"2";"1";"1";"6";"TONY GARNIER (RUE)";"48,8374400";"2,2390200"
"201900047810";"21";"2";"2019";"20:15";"5";"92";"92012";"2";"3";"1";"6";"NATIONALE (RUE) 1/37 - 2/30BIS";"48,8240016";"2,2449130"
"201900047811";"23";"2";"2019";"05:25";"5";"92";"92004";"2";"1";"1";"1";"AULAGNIER ( QUAI )";"48,9148730";"2,3125620"
"201900047812";"13";"1";"2019";"14:30";"1";"92";"92004";"2";"1";"1";"6";"GRESILLONS ( AVENUE DES  )";"48,9164364";"2,3051588"
"201900047813";"23";"2";"2019";"13:20";"1";"92";"92014";"2";"3";"1";"5";"ARISTIDE BRIAND (AVENUE)";"48,7590197";"2,3072030"
"201900047814";"8";"2";"2019";"07:05";"2";"92";"92014";"2";"3";"2";"2";"MARECHAL JOFFRE (BD DU) (43 A 97 - 58 A";"48,7823184";"2,3147142"
"201900047815";"11";"1";"2019";"04:40";"5";"92";"92014";"2";"3";"2";"7";"GENERAL LECLERC (AV.) (57 A 135 - 50 A 1";"48,7836557";"2,3155171"
"201900047816";"1";"1";"2019";"15:35";"1";"92";"92002";"2";"1";"8";"6";"ARMAND GUILLEBAUD (AVENUE)";"48,7445073";"2,3159888"
"201900047817";"18";"2";"2019";"14:45";"1";"51";"51649";"2";"9";"1";"7";"AVENUE DU COLONEL MOLL";"48,7226420";"4,5843830"
"201900047818";"7";"2";"2019";"15:00";"1";"67";"67061";"2";"6";"1";"6";"route obermodern";"48,8305440";"7,4909570"
"201900047819";"24";"2";"2019";"13:15";"1";"36";"36228";"1";"1";"1";"7";"D960";"47,1662500";"1,5847230"
"201900047820";"22";"2";"2019";"00:15";"4";"76";"76286";"2";"1";"5";"6";"Route de Londinières";"49,8875940";"1,4281350"
"201900047821";"23";"2";"2019";"20:00";"5";"84";"84137";"2";"1";"1";"6";"avenue victor hugo";"44,2421150";"5,0811000"
"201900047822";"22";"2";"2019";"14:15";"1";"972";"97232";"2";"1";"1";"1";"Calvaire La montagne";"14,5540810";" -60,8742180"
"201900047823";"20";"2";"2019";"19:55";"3";"972";"97229";"2";"3";"2";"3";"route de l'université";"14,6214310";" -61,0947970"
"201900047824";"22";"2";"2019";"23:00";"5";"62";"62038";"2";"1";"5";"7";"RD 943";"50,8530800";"1,9857300"
"201900047825";"22";"2";"2019";"20:45";"4";"62";"62766";"2";"1";"1";"6";"480 Route Départementale";"50,9381640";"2,0969880"
"201900047826";"23";"2";"2019";"18:25";"1";"11";"11172";"1";"3";"1";"7";"D610";"43,2660760";"2,7356330"
"201900047827";"22";"2";"2019";"12:10";"1";"42";"42182";"2";"9";"1";"4";"D8";"46,0601150";"3,9275470"
"201900047828";"23";"2";"2019";"08:45";"1";"87";"87119";"1";"1";"1";"2";"A20 pk 200+200 sens sud/nord";"45,6904870";"1,3663810"
"201900047829";"23";"2";"2019";"17:05";"1";"62";"62397";"2";"1";"1";"1";"Face au 880, chemin du 1er Banc";"50,8837000";"1,9032700"
"201900047830";"24";"2";"2019";"19:00";"2";"59";"59570";"1";"1";"1";"6";"ancien chemin d'esquelbecq";"50,9258420";"2,4296780"
"201900047831";"18";"2";"2019";"17:20";"1";"42";"42093";"2";"2";"7";"1";"rue des sources";"45,4980820";"4,5799050"
"201900047832";"22";"2";"2019";"19:50";"3";"65";"65259";"1";"1";"1";"6";"Départementale 5";"43,2216370";"0,1727450"
"201900047833";"24";"2";"2019";"09:15";"1";"72";"72260";"1";"1";"7";"2";"Route de Brette les Pins";"47,9336790";"0,2777720"
"201900047834";"22";"2";"2019";"07:00";"2";"58";"58155";"1";"1";"1";"2";"A77 pk 135+560";"47,1306990";"3,0453020"
"201900047835";"22";"2";"2019";"16:04";"1";"12";"12291";"1";"1";"1";"2";"A75";"44,2159560";"3,0716290"
"201900047836";"22";"2";"2019";"17:30";"1";"30";"30174";"1";"1";"1";"6";"rd 981";"44,0223770";"4,3949270"
"201900047837";"23";"2";"2019";"07:55";"1";"27";"27569";"1";"1";"1";"6";"A28";"49,1183960";"0,5273040"
"201900047838";"24";"2";"2019";"11:10";"1";"77";"77435";"2";"1";"1";"3";"D50-34 rue de Montgermont";"48,5051100";"2,5342100"
"201900047839";"22";"2";"2019";"19:00";"5";"30";"30060";"2";"1";"1";"1";"D42";"43,7943290";"4,3838700"
"201900047840";"21";"2";"2019";"23:28";"3";"30";"30135";"1";"1";"5";"7";"D999";"43,8312440";"4,5816130"
"201900047841";"22";"2";"2019";"20:25";"3";"51";"51232";"1";"1";"1";"2";"RD 980";"49,2831270";"4,2098794"
"201900047842";"24";"2";"2019";"03:30";"3";"51";"51634";"1";"1";"1";"7";"RD 5";"48,9058139";"4,2661417"
"201900047843";"19";"2";"2019";"09:30";"1";"56";"56166";"2";"1";"1";"6";"Rue de la Chaumière";"47,9073700";" -3,3364900"
"201900047844";"18";"2";"2019";"17:50";"1";"56";"56101";"1";"3";"1";"2";"Kerhann Saint Germain";"47,8167040";" -3,2226950"
"201900047845";"22";"2";"2019";"11:02";"1";"74";"74168";"1";"1";"1";"6";"D1508";"46,0102180";"6,0002510"
"201900047846";"22";"2";"2019";"19:50";"3";"79";"79062";"1";"1";"1";"7";"N/A";"46,8059650";" -0,6672650"
"201900047847";"3";"11";"2019";"23:16";"1";"25";"25368";"1";"1";"1";"2";"N/A";"47,3189920";"6,0946330"
"201900047848";"16";"10";"2019";"20:05";"5";"95";"95205";"2";"1";"3";"1";"41 Rue de la Gare";"49,0241130";"2,3649040"
"201900047849";"3";"11";"2019";"15:47";"1";"43";"43096";"2";"1";"8";"1";"D20";"45,2889720";"3,4180010"
"201900047850";"4";"11";"2019";"19:10";"3";"972";"97206";"1";"1";"1";"1";"Thoraille";"14,4908780";" -61,0440110"
"201900047851";"29";"10";"2019";"21:45";"3";"27";"27193";"1";"3";"2";"3";"D143";"48,8400350";"1,3670990"
"201900047852";"4";"11";"2019";"19:25";"3";"26";"26116";"1";"1";"3";"2";"autoroute A7 , PK 130+800, sens sud/nord";"44,4306820";"4,7428010"
"201900047853";"4";"11";"2019";"11:50";"1";"87";"87146";"1";"1";"3";"2";"A20";"45,5829280";"1,4755150"
"201900047854";"5";"11";"2019";"05:30";"3";"87";"87014";"1";"1";"3";"6";"A20";"46,1619030";"1,3770120"
"201900047855";"5";"11";"2019";"07:15";"2";"76";"76012";"1";"1";"1";"1";"RD11";"49,6678320";"0,4583370"
"201900047856";"5";"11";"2019";"08:31";"1";"2B";"2B286";"2";"1";"1";"6";"T10";"42,4865930";"9,4797600"
"201900047857";"1";"11";"2019";"09:30";"1";"80";"80682";"1";"2";"3";"1";"D34";"49,7762340";"2,7137960"
"201900047858";"3";"11";"2019";"06:00";"3";"80";"80650";"1";"1";"2";"2";"D929";"49,9430280";"2,4191440"
"201900047859";"4";"11";"2019";"08:34";"1";"11";"11397";"2";"1";"1";"6";"3 Route de Narbonne";"43,2059150";"2,4356570"
"201900047860";"3";"11";"2019";"13:25";"1";"89";"89086";"1";"1";"2";"1";"3 Ham Haute Cave";"47,8831590";"3,0803850"
"201900047861";"28";"10";"2019";"17:15";"1";"12";"12257";"1";"2";"1";"3";"D88";"44,5252390";"2,0555210"
"201900047862";"31";"10";"2019";"10:01";"1";"46";"46334";"2";"6";"1";"6";"D673";"44,7415640";"1,4422060"
"201900047863";"4";"11";"2019";"07:26";"2";"47";"47089";"1";"2";"3";"3";"Papin";"44,7046800";"0,1399790"
"201900047864";"5";"11";"2019";"16:20";"2";"68";"68042";"2";"3";"2";"7";"Rue du Rhin";"47,6027030";"7,5018730"
"201900047865";"5";"11";"2019";"09:00";"1";"25";"25434";"1";"1";"1";"1";"D492";"47,0827460";"6,1581990"
"201900047866";"4";"11";"2019";"17:15";"2";"38";"38547";"1";"1";"3";"6";"D10A";"45,2646100";"5,9009600"
"201900047867";"5";"11";"2019";"08:10";"1";"1";"01267";"2";"1";"2";"1";"16 La Prairie";"46,1765330";"5,5178430"
"201900047868";"31";"10";"2019";"18:15";"3";"14";"14593";"1";"1";"1";"1";"D101";"49,2637910";"0,1760070"