"Num_Acc";"jour";"mois";"an";"hrmn";"lum";"dep";"com";"agg";"int";"atm";"col";"adr";"lat";"long"
"201900047869";"29";"10";"2019";"23:00";"3";"45";"45222";"1";"1";"2";"6";"Route de Château-landon";"48,1213139";"2,7520095"
"201900047870";"4";"11";"2019";"16:30";"1";"16";"16245";"1";"1";"1";"6";"Ld Fontafie";"45,8673790";"0,5441520"
"201900047871";"5";"11";"2019";"08:47";"1";"16";"16337";"1";"1";"2";"3";"Ld La Tournerie";"45,9785200";"0,6843730"
"201900047872";"2";"11";"2019";"11:00";"1";"7";"07181";"1";"1";"2";"3";"N/A";"44,7570850";"4,7456980"
"201900047873";"4";"11";"2019";"16:20";"1";"53";"53203";"1";"1";"1";"2";"D28";"47,8687590";" -0,4479540"
"201900047874";"5";"11";"2019";"08:15";"1";"4";"04116";"1";"1";"2";"1";"RD 4";"44,0357701";"5,9894412"
"201900047875";"4";"11";"2019";"16:45";"1";"27";"27428";"1";"1";"2";"1";"Rue Alexandre Duval";"49,1369950";"0,9163590"
"201900047876";"2";"11";"2019";"16:50";"1";"87";"87185";"1";"1";"3";"1";"D3";"45,8599130";"1,0185450"
"201900047877";"5";"11";"2019";"09:40";"1";"79";"79137";"1";"1";"3";"1";"N/A";"46,2364090";" -0,4363210"
"201900047878";"4";"11";"2019";"17:20";"2";"44";"44110";"1";"1";"9";"1";"D16 - lieu-dit Gorion";"47,4305200";" -1,5352430"
"201900047879";"4";"11";"2019";"16:00";"1";"976";"97604";"2";"1";"1";"6";"Boulevard du General de Gaulle";" -12,9086690";"45,0811690"
"201900047880";"3";"11";"2019";"13:00";"1";"51";"51418";"1";"1";"2";"6";"A344";"49,2428525";"3,9652346"
"201900047881";"5";"11";"2019";"09:13";"1";"69";"69089";"2";"1";"1";"6";"88 Avenue du Chater";"45,7338100";"4,7758200"
"201900047882";"5";"11";"2019";"09:30";"1";"11";"11202";"2";"6";"1";"6";"23 Rue des Cauquillous";"42,8608120";"3,0415900"
"201900047883";"31";"10";"2019";"21:14";"5";"77";"77453";"2";"1";"2";"6";"D605";"48,5292170";"2,7511270"
"201900047884";"4";"11";"2019";"08:45";"2";"78";"78472";"1";"5";"2";"3";"Intersection RD119 et RN191";"48,4838490";"1,8485350"
"201900047885";"5";"11";"2019";"14:45";"1";"2B";"2B188";"1";"1";"2";"6";"D82";"42,6008860";"9,3794720"
"201900047886";"2";"11";"2019";"12:00";"1";"38";"38536";"1";"1";"1";"6";"D131";"45,4328220";"4,8731140"
"201900047887";"5";"11";"2019";"07:50";"1";"71";"71250";"1";"1";"2";"3";"D82 - ROUTE DE MACON";"46,3682470";"4,8040410"
"201900047888";"5";"11";"2019";"08:55";"1";"68";"68296";"1";"2";"1";"3";"D1b1";"48,2258930";"7,3869930"
"201900047889";"2";"11";"2019";"00:10";"3";"42";"42132";"1";"1";"2";"3";"D503";"45,3796350";"4,7188540"
"201900047890";"3";"11";"2019";"13:10";"1";"69";"69207";"1";"1";"2";"6";"Avenue Jacques Brel";"45,8856100";"4,8095700"
"201900047891";"30";"10";"2019";"10:45";"1";"65";"65328";"2";"9";"1";"3";"D26";"43,0764170";"0,0694790"
"201900047892";"15";"10";"2019";"20:40";"3";"31";"31417";"1";"1";"1";"2";"Ancienne Route de Bayonne";"43,6047687";"1,2709335"
"201900047893";"4";"11";"2019";"11:20";"1";"85";"85226";"2";"6";"6";"2";"Rond-point de l'Europe";"46,7099220";" -1,9676630"
"201900047894";"4";"11";"2019";"18:15";"5";"14";"14762";"2";"1";"1";"6";"4 Rue de la Cavee";"48,8454930";" -0,8955600"
"201900047895";"5";"11";"2019";"10:20";"1";"29";"29103";"2";"1";"1";"6";"27 Rue de la Fontaine Blanche";"48,4513500";" -4,2517410"
"201900047896";"4";"11";"2019";"20:35";"3";"60";"60138";"1";"1";"1";"6";"D932a";"49,2285444";"2,6225504"
"201900047897";"4";"11";"2019";"07:00";"2";"60";"60251";"1";"1";"1";"7";"D938";"49,4603026";"2,2218888"
"201900047898";"4";"11";"2019";"19:15";"3";"62";"62106";"1";"1";"2";"2";"D956";"50,2971300";"3,0514500"
"201900047899";"5";"11";"2019";"10:13";"1";"59";"59602";"1";"1";"1";"6";"D941";"50,6091550";"3,1772780"
"201900047900";"30";"10";"2019";"18:00";"3";"13";"13071";"1";"1";"1";"4";"A7-Sens Marseille vers Lyon";"43,4128000";"5,2815000"
"201900047901";"4";"11";"2019";"12:10";"1";"33";"33039";"1";"1";"8";"4";"ROCADE A 630";"44,7947900";" -0,5391700"
"201900047902";"4";"11";"2019";"06:45";"3";"33";"33474";"1";"1";"3";"5";"AUTOROUTE A 62";"44,6779300";" -0,4846300"
"201900047903";"4";"11";"2019";"10:00";"1";"91";"91617";"1";"1";"3";"6";"RN 104";"48,6353000";"2,5357000"
"201900047904";"3";"11";"2019";"23:36";"3";"91";"91363";"1";"1";"2";"6";"RN 104";"48,6430450";"2,1972950"
"201900047905";"4";"11";"2019";"16:10";"1";"78";"78524";"1";"1";"1";"3";"A13";"48,8410660";"2,1084110"
"201900047906";"4";"11";"2019";"15:45";"1";"92";"92026";"1";"1";"1";"3";"RN 13";"48,8877132";"2,2515279"
"201900047907";"3";"11";"2019";"18:00";"3";"95";"95582";"1";"1";"2";"3";"RD 170";"48,9646500";"2,2697200"
"201900047908";"3";"11";"2019";"15:40";"1";"95";"95018";"1";"1";"1";"6";"AUTOROUTE A15";"48,9629000";"2,2682600"
"201900047909";"3";"11";"2019";"11:30";"1";"93";"93027";"1";"1";"2";"2";"AUTOROUTE A86";"48,9262100";"2,4004100"
"201900047910";"3";"11";"2019";"11:15";"1";"93";"93053";"1";"1";"2";"6";"AUTOROUTE A86";"48,9013880";"2,4691011"
"201900047911";"3";"11";"2019";"10:10";"1";"93";"93027";"1";"1";"2";"6";"AUTOROUTE A86";"48,9284700";"2,4162700"
"201900047912";"3";"11";"2019";"05:20";"3";"93";"93053";"1";"1";"2";"6";"AUTOROUTE A86";"48,9009300";"2,4693100"
"201900047913";"1";"11";"2019";"18:15";"5";"93";"93010";"1";"1";"1";"3";"AUTOROUTE A3";"48,9156200";"2,4779100"
"201900047914";"2";"11";"2019";"02:50";"3";"95";"95641";"1";"1";"2";"3";"AUTOROUTE A1";"49,0686700";"2,5523900"
"201900047915";"1";"11";"2019";"18:10";"4";"93";"93064";"1";"1";"2";"2";"AUTOROUTE A86";"48,8840200";"2,4715500"
"201900047916";"1";"11";"2019";"14:30";"1";"60";"60138";"1";"1";"2";"6";"AUTOROUTE A1";"49,2151300";"2,6265900"
"201900047917";"1";"11";"2019";"11:51";"1";"93";"93027";"1";"1";"2";"6";"BDL";"48,9268400";"2,4027600"
"201900047918";"1";"11";"2019";"07:30";"1";"95";"95582";"1";"1";"3";"6";"AUTOROUTE A15";"48,9665700";"2,2559800"
"201900047919";"31";"10";"2019";"19:40";"4";"95";"95154";"1";"1";"8";"4";"AUTOROUTE A1";"49,0389000";"2,5422400"
"201900047920";"31";"10";"2019";"09:00";"1";"92";"92036";"1";"1";"2";"6";"AUTOROUTE A15";"48,9480252";"2,2812886"
"201900047921";"31";"10";"2019";"07:45";"1";"95";"95018";"1";"1";"2";"2";"AUTOROUTE A15";"48,9532000";"2,2791800"
"201900047922";"4";"11";"2019";"07:30";"1";"93";"93051";"1";"1";"1";"5";"A4";"48,8362690";"2,5524450"
"201900047923";"1";"11";"2019";"18:40";"5";"69";"69264";"2";"1";"3";"3";"SALENGRO ROGER  BD";"45,9971400";"4,7156400"
"201900047924";"2";"11";"2019";"08:28";"2";"13";"13204";"2";"3";"1";"6";"MARÉCHAL JUIN (BOULEVARD)";"43,3138400";"5,4060800"
"201900047925";"24";"2";"2019";"18:00";"1";"987";"98729";"2";"1";"1";"1";"pk 3 maharepa";" -17,4800060";" -149,7937950"
"201900047926";"23";"3";"2019";"00:15";"5";"987";"98729";"2";"1";"1";"6";"RT 91 - PK 4+200  VAIARE";" -17,5379250";" -149,8896790"
"201900047927";"4";"11";"2019";"08:40";"1";"988";"98818";"2";"3";"1";"1";"ROUTE DE L'ANSE VATA";" -22,2909329";"166,4477152"
"201900047928";"31";"10";"2019";"18:50";"5";"974";"97409";"2";"2";"1";"3";"JEAN ALBANI(RUE)";" -20,9673000";"55,6511600"
"201900047929";"3";"11";"2019";"18:20";"5";"69";"69259";"2";"1";"1";"6";"VIVIANI                             (AV)";"45,7262800";"4,8645900"
"201900047930";"3";"11";"2019";"16:00";"1";"69";"69386";"2";"2";"2";"6";"WALDECK ROUSSEAU                    (R )";"45,7700400";"4,8584700"
"201900047931";"3";"11";"2019";"09:15";"1";"69";"69381";"2";"1";"3";"2";"ANDRE LASSAGNE                      (QU)";"45,7730400";"4,8383500"
"201900047932";"2";"11";"2019";"11:48";"1";"69";"69202";"2";"3";"1";"3";"COMMANDANT CHARCOT (DU)             (R )";"45,7515300";"4,8020000"
"201900047933";"3";"11";"2019";"01:45";"5";"971";"97113";"1";"1";"1";"1";"RN4 - SECTION RIVIERA";"16,2189000";" -61,5025000"
"201900047934";"4";"10";"2019";"13:30";"1";"95";"95598";"2";"1";"1";"3";"SAINT PAUL   RUE";"48,9926400";"2,3110500"
"201900047935";"2";"11";"2019";"18:00";"3";"91";"91421";"1";"9";"2";"2";"NATIONALE 6 (GLACIERE)";"48,7058130";"2,4434070"
"201900047936";"3";"11";"2019";"16:25";"1";"83";"83009";"2";"1";"7";"6";"VIVIEN (ALLEE ALFRED)";"43,1353500";"5,7538100"
"201900047937";"2";"11";"2019";"18:50";"3";"83";"83069";"2";"1";"2";"1";"MARINE (BOULEVARD DE LA)";"43,0883800";"6,1586900"
"201900047938";"29";"10";"2019";"17:33";"1";"81";"81060";"2";"1";"1";"2";"HOCHE ( RUE )";"44,0493900";"2,1517600"
"201900047939";"11";"10";"2019";"15:05";"1";"81";"81060";"2";"7";"1";"6";"JAURES ( PLACE JEAN )";"44,0501096";"2,1500150"
"201900047940";"30";"10";"2019";"21:45";"5";"69";"69029";"1";"4";"1";"2";"LAURENT BONNEVAY            (BD)";"45,7396430";"4,9050700"
"201900047941";"2";"11";"2019";"23:35";"5";"65";"65440";"2";"2";"2";"3";"ODOS (CHEMIN D')";"43,2241700";"0,0683489"
"201900047942";"3";"11";"2019";"20:55";"5";"64";"64140";"2";"2";"3";"3";"DUVERT (RUE RENE)";"43,5226000";" -1,4893300"
"201900047943";"31";"10";"2019";"13:40";"1";"62";"62160";"2";"1";"1";"6";"CAMP DE DROITE (Rue du)";"50,7285600";"1,6018400"
"201900047944";"30";"10";"2019";"16:15";"1";"50";"50218";"2";"1";"2";"6";"SAINT SAUVEUR (RUE)";"48,8365400";" -1,5966800"
"201900047945";"3";"11";"2019";"22:15";"3";"44";"44215";"1";"9";"3";"6";"801";"47,1697400";" -1,5137100"
"201900047946";"4";"11";"2019";"00:18";"5";"42";"42187";"1";"1";"1";"2";"Route nationale 7";"46,0524000";"4,0811400"
"201900047947";"3";"11";"2019";"14:45";"1";"37";"37261";"2";"1";"2";"2";"PROUDHON (AVENUE)";"47,3940513";"0,6661393"
"201900047948";"2";"11";"2019";"11:40";"1";"37";"37208";"2";"1";"2";"3";"CORMERY (RUE DE)";"47,3388400";"0,7395700"
"201900047949";"3";"11";"2019";"17:15";"3";"35";"35051";"2";"1";"2";"2";"RN136";"48,1104440";" -1,5899560"
"201900047950";"2";"11";"2019";"05:50";"5";"35";"35238";"2";"2";"3";"3";"FREVILLE (AVENUE HENRI)";"48,0836518";" -1,6745247"
"201900047951";"3";"11";"2019";"18:50";"5";"34";"34172";"2";"1";"1";"2";"LAVERUNE (ROUTE DE";"43,6007900";"3,8454700"
"201900047952";"2";"11";"2019";"18:00";"3";"30";"30028";"2";"3";"3";"6";"MAYRE (AVENUE DE LA)";"44,1578850";"4,6235080"
"201900047953";"3";"11";"2019";"21:20";"3";"29";"29232";"1";"1";"2";"5";"VOIE EXPRESS QUIMPER - BREST";"48,0274017";" -4,0863401"
"201900047954";"3";"11";"2019";"17:30";"2";"13";"13208";"2";"2";"8";"3";"BERNEX (bd)";"43,2478600";"5,3838700"
"201900047955";"3";"11";"2019";"18:40";"5";"13";"13205";"2";"1";"1";"6";"CHAVE (BOULEVARD)";"43,2956660";"5,3966570"
"201900047956";"3";"11";"2019";"05:15";"5";"13";"13206";"2";"1";"2";"7";"GRIGNAN (RUE)";"43,2919530";"5,3761790"
"201900047957";"2";"11";"2019";"22:20";"5";"13";"13004";"2";"1";"2";"2";"RTE DE CRAU";"43,6722000";"4,6414000"
"201900047958";"3";"11";"2019";"15:00";"1";"11";"11262";"1";"1";"1";"6";"CHAUX (RUE DES FOURS A)";"43,1700600";"2,9991200"
"201900047959";"31";"10";"2019";"13:10";"1";"75";"75120";"2";"1";"1";"2";"BD PERIPHERIQUE EXTERIEUR";"48,8714470";"2,4132320"
"201900047960";"29";"10";"2019";"15:34";"1";"75";"75117";"2";"3";"1";"2";"BOULEVARD MALESHERBES";"48,8866951";"2,3054016"
"201900047961";"30";"10";"2019";"18:25";"5";"75";"75105";"2";"1";"1";"6";"RUE DES FOSSES SAINT BERNARD";"48,8480598";"2,3541846"
"201900047962";"3";"11";"2019";"06:55";"2";"75";"75118";"2";"2";"2";"6";"AVENUE DE LA PORTE DE MONTMARTRE";"48,8991610";"2,3362767"
"201900047963";"2";"11";"2019";"15:00";"1";"75";"75115";"2";"3";"8";"3";"RUE DE LA CONVENTION";"48,8383300";"2,2939400"
"201900047964";"3";"11";"2019";"15:31";"1";"75";"75114";"2";"1";"1";"7";"RUE DU DEPART";"48,8414560";"2,3220890"
"201900047965";"3";"11";"2019";"13:00";"1";"75";"75114";"2";"2";"2";"7";"BOULEVARD BRUNE";"48,8261919";"2,3128050"
"201900047966";"3";"11";"2019";"09:49";"1";"75";"75113";"2";"5";"2";"6";"AVENUE D IVRY";"48,8243117";"2,3637215"
"201900047967";"3";"11";"2019";"18:35";"5";"75";"75112";"2";"3";"8";"7";"RUE DU SAHEL";"48,8408059";"2,4058679"
"201900047968";"3";"11";"2019";"14:50";"1";"75";"75112";"2";"4";"2";"6";"AVENUE DE GRAVELLE";"48,8195160";"2,4372120"
"201900047969";"2";"11";"2019";"21:00";"5";"75";"75109";"2";"3";"2";"1";"RUE DE DOUAI";"48,8838645";"2,3285752"
"201900047970";"2";"11";"2019";"10:30";"1";"75";"75109";"2";"5";"1";"6";"RUE DE ROCHECHOUART";"48,8820100";"2,3465948"
"201900047971";"3";"11";"2019";"05:00";"5";"75";"75107";"2";"1";"3";"6";"AVENUE DE BRETEUIL";"48,8521550";"2,3125911"
"201900047972";"3";"11";"2019";"00:12";"5";"94";"94067";"2";"3";"2";"3";"LIEGE (AV DE)";"48,8434000";"2,4185600"
"201900047973";"3";"11";"2019";"22:30";"5";"94";"94046";"2";"1";"2";"7";"GENERAL DE GAULLE (AV DU)";"48,8014000";"2,4312000"
"201900047974";"3";"11";"2019";"16:45";"1";"94";"94033";"2";"1";"2";"2";"VINCENNES (BD DE)";"48,8443900";"2,4623500"
"201900047975";"3";"11";"2019";"12:50";"1";"93";"93064";"2";"1";"1";"1";"GARDEBLED (RUE RICHARD)";"48,8757469";"2,4841593"
"201900047976";"3";"11";"2019";"07:02";"5";"93";"93027";"2";"1";"2";"2";"VAILLANT-COUTURIER (AVENUE PAUL)";"48,9265100";"2,4167800"
"201900047977";"3";"11";"2019";"17:30";"5";"93";"93005";"2";"3";"2";"3";"EUGENE DELACROIX (RUE)";"48,9515800";"2,4989500"
"201900047978";"2";"11";"2019";"08:50";"1";"92";"92078";"2";"1";"1";"2";"VERDUN (AVENUE) (IMPAIRS JJAURES>A86)";"48,9345100";"2,3213000"
"201900047979";"3";"11";"2019";"05:20";"3";"54";"54062";"1";"1";"2";"2";"N57";"48,5217560";"6,2297790"
"201900047980";"2";"11";"2019";"16:00";"1";"24";"24264";"1";"2";"2";"5";"D6089";"45,0138370";"0,1059370"
"201900047981";"22";"2";"2019";"17:45";"1";"84";"84069";"1";"3";"1";"1";"D938 PK 9 + 400";"44,1839470";"5,1243250"
"201900047982";"30";"10";"2019";"19:15";"3";"31";"31163";"1";"1";"1";"1";"Route de Castres";"43,5985070";"1,6166680"
"201900047983";"2";"11";"2019";"17:55";"5";"28";"28088";"2";"1";"3";"6";"Boulevard Grindelle";"48,0721240";"1,3373210"
"201900047984";"4";"11";"2019";"08:00";"1";"974";"97412";"2";"1";"1";"3";"Rue Raphaël Babet";" -21,3810210";"55,6110920"
"201900047985";"11";"10";"2019";"21:00";"5";"23";"23245";"1";"1";"1";"1";"Saint-Sulpice-le-Guérétois";"46,1857820";"1,8297000"
"201900047986";"4";"11";"2019";"13:50";"1";"50";"50224";"1";"1";"1";"2";"A84";"48,9689850";" -0,9708330"
"201900047987";"3";"11";"2019";"16:09";"2";"44";"44203";"1";"1";"2";"3";"Route Nationale 165 PR 22 sens VANNES/NANTES";"47,3288220";" -1,7838450"
"201900047988";"4";"11";"2019";"09:00";"1";"61";"61282";"1";"1";"8";"6";"A28";"48,8844330";"0,3824410"
"201900047989";"31";"10";"2019";"18:45";"3";"57";"57321";"1";"1";"1";"5";"Route de Nitting";"48,6844160";"7,0467820"
"201900047990";"23";"10";"2019";"18:05";"1";"51";"51099";"1";"1";"2";"7";"RD 977";"48,7949979";"4,2293308"
"201900047991";"2";"11";"2019";"11:40";"1";"56";"56001";"1";"1";"8";"6";"Kerfouesnel Route de la Bousselaie";"47,6331278";" -2,1411860"
"201900047992";"3";"11";"2019";"16:30";"1";"59";"59094";"2";"3";"1";"3";"Rue Jean Varlet";"50,9423090";"2,1953450"
"201900047993";"2";"11";"2019";"17:40";"5";"2A";"2A104";"1";"1";"3";"1";"T40";"41,9186270";"8,8988350"
"201900047994";"3";"11";"2019";"17:55";"5";"80";"80368";"2";"6";"2";"1";"Rue Henri Barbusse";"50,0813030";"1,5427140"
"201900047995";"1";"11";"2019";"17:00";"2";"69";"69066";"1";"1";"2";"1";"D108";"46,0912400";"4,3694300"
"201900047996";"4";"11";"2019";"09:55";"1";"81";"81120";"2";"2";"1";"6";"3 Boulevard Henri Pinel";"43,5392957";"2,2611689"
"201900047997";"3";"11";"2019";"19:10";"3";"11";"11145";"1";"1";"1";"6";"D1118";"43,1886350";"3,1788660"
"201900047998";"4";"11";"2019";"11:00";"1";"71";"71263";"2";"3";"2";"6";"Rue d'Alsace";"46,6299440";"5,2261160"
"201900047999";"2";"11";"2019";"10:10";"1";"71";"71269";"2";"1";"1";"2";"1 Route de Lyon";"46,7525440";"4,8480920"
"201900048000";"1";"11";"2019";"02:40";"3";"89";"89008";"2";"1";"2";"6";"Hameau de Marzy";"47,5712830";"4,0087220"
"201900048001";"31";"10";"2019";"15:30";"1";"42";"42153";"1";"1";"2";"7";"N7";"45,9655080";"4,1614470"
"201900048002";"3";"11";"2019";"02:10";"3";"47";"47004";"1";"2";"2";"3";"La Lisse";"44,3202140";"0,3508770"
"201900048003";"14";"10";"2019";"04:30";"3";"41";"41049";"1";"1";"2";"7";"D956";"47,3676680";"1,4748750"
"201900048004";"4";"11";"2019";"11:15";"1";"34";"34086";"1";"1";"1";"7";"Marthomis";"43,4979610";"2,7118920"
"201900048005";"1";"11";"2019";"18:55";"5";"22";"22232";"1";"1";"3";"1";"Lieu Dit le Carrefour";"48,6414450";" -2,8916860"
"201900048006";"3";"11";"2019";"15:25";"1";"39";"39470";"1";"1";"2";"1";"N/A";"46,5031920";"6,0299560"
"201900048007";"30";"10";"2019";"17:15";"1";"44";"44022";"2";"1";"2";"6";"7 Place de l'Eglise";"47,0434830";" -1,1866980"
"201900048008";"23";"10";"2019";"17:20";"1";"35";"35112";"1";"1";"1";"6";"La Haute Gambrie";"48,3719700";" -1,0963040"
"201900048009";"4";"11";"2019";"15:10";"1";"29";"29026";"1";"1";"2";"1";"D887";"48,2027490";" -4,0798490"
"201900048010";"3";"11";"2019";"20:30";"5";"2";"02455";"2";"2";"2";"3";"Rue du Général de Gaulle";"49,9084690";"3,7416800"
"201900048011";"17";"10";"2019";"13:06";"1";"3";"03005";"1";"1";"2";"1";"N/A";"46,3614941";"2,4322664"
"201900048012";"1";"11";"2019";"12:15";"1";"3";"03180";"1";"1";"3";"7";"N/A";"46,5173774";"3,4723617"
"201900048013";"3";"11";"2019";"17:00";"2";"1";"01422";"1";"8";"8";"3";"La Vavrette";"46,1332310";"5,2873070"
"201900048014";"30";"10";"2019";"17:55";"5";"70";"70428";"2";"6";"1";"3";"RUE DE L'OASIS - RD322 -GIRATOIRE";"47,6473930";"6,1378050"
"201900048015";"3";"11";"2019";"20:15";"3";"72";"72172";"1";"1";"2";"7";"les hautes rogeries";"48,0814110";"0,6216300"
"201900048016";"3";"11";"2019";"19:00";"3";"50";"50481";"1";"2";"1";"6";"D650";"49,2332130";" -1,5735890"
"201900048017";"31";"10";"2019";"14:05";"1";"50";"50168";"2";"1";"2";"6";"18 rue du génie";"48,6193990";" -1,2915410"
"201900048018";"4";"11";"2019";"08:40";"1";"45";"45040";"1";"3";"2";"3";"Les Loups";"47,5809310";"2,8176570"
"201900048019";"3";"11";"2019";"13:30";"1";"7";"07281";"1";"1";"2";"1";"D533";"44,9367456";"4,7913759"
"201900048020";"2";"11";"2019";"15:30";"1";"53";"53085";"1";"1";"2";"6";"D20";"48,3864960";" -0,2568600"
"201900048021";"1";"11";"2019";"16:35";"1";"53";"53243";"1";"1";"2";"7";"D30";"48,1406680";" -0,9285720"
"201900048022";"4";"11";"2019";"01:29";"3";"21";"21531";"1";"1";"2";"6";"D906";"47,4243170";"4,1167930"
"201900048023";"3";"11";"2019";"21:45";"3";"24";"24398";"1";"1";"2";"7";"Séguinaud Nord";"45,6216240";"0,6713160"
"201900048024";"1";"11";"2019";"18:00";"5";"27";"27467";"2";"6";"2";"3";"Place de Verdun";"49,3576650";"0,5166010"
"201900048025";"31";"10";"2019";"00:30";"3";"27";"27044";"1";"1";"2";"3";"D51";"48,9404810";"1,1149330"
"201900048026";"2";"11";"2019";"11:18";"1";"23";"23008";"2";"9";"8";"3";"Rue des Fusillés";"45,9571360";"2,1779110"
"201900048027";"3";"11";"2019";"18:15";"3";"80";"80754";"1";"1";"2";"6";"Thieulloy-l'Abbaye";"49,8129370";"1,9423750"
"201900048028";"4";"11";"2019";"08:55";"1";"38";"38416";"1";"1";"2";"1";"D518";"45,1338400";"5,3258670"
"201900048029";"4";"11";"2019";"09:00";"1";"73";"73213";"1";"1";"3";"4";"A43";"45,5411558";"5,9640142"
"201900048030";"2";"1";"2019";"22:55";"5";"17";"17449";"2";"1";"1";"7";"15 VARRONNIERE RUE DE LA";"45,9625900";" -0,8701800"
"201900048031";"8";"1";"2019";"04:55";"5";"14";"14366";"2";"3";"2";"2";"PAUL CORNU ( RD48 RUE)";"49,1671324";"0,2190173"
"201900048032";"8";"1";"2019";"10:20";"1";"13";"13043";"2";"1";"1";"4";"FRANCOIS MITTERAND (AV )";"43,3969300";"5,2490500"
"201900048033";"12";"1";"2019";"23:00";"5";"13";"13204";"2";"1";"1";"2";"FRANÇOISE DUPARC (BOULEVARD)";"43,3033300";"5,4009000"
"201900048034";"12";"1";"2019";"17:50";"2";"13";"13215";"2";"1";"1";"3";"DE BEAUREGARD";"43,3684350";"5,3461510"
"201900048035";"12";"1";"2019";"17:00";"1";"13";"13209";"2";"1";"1";"6";"GRANDE BAST (AVENUE)";"43,2621300";"5,4195350"
"201900048036";"12";"1";"2019";"14:00";"1";"13";"13201";"2";"4";"1";"2";"CANEBIERE     1 A 79";"43,2973000";"5,3802000"
"201900048037";"12";"1";"2019";"12:30";"1";"13";"13002";"2";"3";"1";"3";"AUBAGNENS (AVENUE DES)";"43,3290000";"5,4758000"
"201900048038";"11";"1";"2019";"20:22";"5";"13";"13209";"2";"1";"1";"2";"SAINTE MARGUERITE (BOULEVARD)";"43,2682900";"5,4060100"
"201900048039";"11";"1";"2019";"17:00";"2";"13";"13202";"2";"2";"1";"6";"DESIREE CLARY (RUE)";"43,3091000";"5,3717000"
"201900048040";"11";"1";"2019";"13:30";"1";"13";"13204";"2";"1";"1";"6";"BLANCARDE (BOULEVARD)";"43,3035000";"5,4056400"
"201900048041";"11";"1";"2019";"13:10";"1";"13";"13202";"2";"3";"1";"3";"CHEMIN DU LITTORAL (CHEMIN DU)";"43,3386700";"5,3483500"
"201900048042";"11";"1";"2019";"12:10";"1";"13";"13212";"2";"3";"1";"3";"GAROUTTE (BOULEVARD)";"43,3063130";"5,4130360"
"201900048043";"11";"1";"2019";"10:00";"1";"13";"13209";"2";"1";"1";"2";"MARTHELINE (AVENUE DE LA)";"43,2457420";"5,4003120"
"201900048044";"11";"1";"2019";"08:15";"1";"13";"13210";"2";"1";"1";"3";"PAUL CLAUDEL (BOULEVARD)";"43,2680000";"5,4170000"
"201900048045";"11";"1";"2019";"07:50";"2";"13";"13210";"2";"1";"1";"6";"PONT DE VIVAUX (BOULEVARD)";"43,2795600";"5,4175800"
"201900048046";"10";"1";"2019";"19:55";"5";"13";"13214";"2";"1";"1";"3";"CLAUDE MONET (avenue)";"43,3247770";"5,3937660"
"201900048047";"10";"1";"2019";"19:00";"5";"13";"13208";"2";"1";"1";"6";"HAMBOURG (BOULEVARD)";"43,2472300";"5,3932100"
"201900048048";"10";"1";"2019";"15:30";"1";"13";"13213";"2";"4";"7";"3";"GRIVES (CHEMIN DES)";"43,3515600";"5,4149600"
"201900048049";"10";"1";"2019";"15:50";"1";"13";"13209";"2";"1";"1";"7";"EMMANUEL CHABRIER)";"43,2375300";"5,3968600"
"201900048050";"10";"1";"2019";"16:15";"1";"13";"13214";"2";"1";"1";"6";"AVENUE RAIMU";"43,3319920";"5,3987190"
"201900048051";"10";"1";"2019";"14:30";"1";"13";"13208";"2";"2";"1";"3";"SAINTE FAMILLE (RUE)";"43,2784300";"5,3939000"
"201900048052";"10";"1";"2019";"13:50";"1";"13";"13212";"2";"3";"1";"3";"BOISERAIE (RUE)";"43,2950000";"5,4229000"
"201900048053";"10";"1";"2019";"11:00";"1";"13";"13215";"2";"1";"1";"6";"VISTE (AVENUE DE LA)";"43,3596580";"5,3577160"
"201900048054";"9";"1";"2019";"11:50";"1";"13";"13205";"2";"1";"6";"6";"BAILLE (BOULEVARD)";"43,2894300";"5,3969700"
"201900048055";"6";"1";"2019";"18:40";"5";"13";"13208";"2";"1";"1";"4";"MENDES FRANCE (AVENUE)";"43,2497100";"5,3752500"
"201900048056";"9";"1";"2019";"10:50";"1";"13";"13213";"2";"1";"1";"6";"LAZARE BARIELLE (TRAVERSE)";"43,3309900";"5,4216000"
"201900048057";"8";"1";"2019";"15:30";"1";"13";"13209";"2";"1";"1";"3";"SAINTE MARGUERITE (BOULEVARD)";"43,2600000";"5,4100000"
"201900048058";"8";"1";"2019";"12:00";"1";"13";"13214";"2";"1";"1";"6";"ALEX ANSALDI (RUE)";"43,3333610";"5,4030210"
"201900048059";"8";"1";"2019";"11:30";"1";"13";"13209";"2";"1";"1";"6";"LUDOVIC LEGRE (AVENUE)";"43,2509230";"5,3982610"
"201900048060";"8";"1";"2019";"09:30";"1";"13";"13209";"2";"1";"1";"3";"VITON (AVENUE)";"43,2607400";"5,4065400"
"201900048061";"7";"1";"2019";"17:55";"5";"13";"13210";"2";"1";"1";"3";"JEAN MOULIN (BOULEVARD)";"43,2853000";"5,3987000"
"201900048062";"10";"1";"2019";"09:10";"1";"13";"13005";"2";"1";"1";"1";"SALENGRO (AVENUE ROGER)";"43,3023700";"5,5713700"
"201900048063";"9";"1";"2019";"10:50";"1";"13";"13005";"2";"6";"1";"3";"GEMENOS (ROUTE DE CD2)";"43,2963428";"5,5831448"