"Num_Acc";"jour";"mois";"an";"hrmn";"lum";"dep";"com";"agg";"int";"atm";"col";"adr";"lat";"long"
"201900048064";"11";"1";"2019";"10:15";"1";"13";"13001";"1";"4";"1";"3";"RD 14";"43,5522500";"5,4359700"
"201900048065";"10";"1";"2019";"08:25";"1";"13";"13001";"2";"1";"1";"6";"BELGES (AV DES)";"43,5248780";"5,4439320"
"201900048066";"9";"1";"2019";"18:50";"3";"13";"13001";"1";"1";"1";"4";"TOUR D'ARBOIS (RTE DE LA)";"43,4582230";"5,3189090"
"201900048067";"11";"1";"2019";"10:20";"1";"11";"11262";"2";"1";"1";"7";"GRUISSAN (ROUTE DE)";"43,1788700";"3,0207000"
"201900048068";"6";"1";"2019";"00:05";"5";"11";"11069";"2";"1";"1";"6";"JAURES JEAN -BD- PAIR";"43,2159000";"2,3543000"
"201900048069";"9";"1";"2019";"10:52";"1";"10";"10081";"2";"1";"1";"2";"ROGER SALENGRO (NATIONALE)";"48,3142000";"4,0457000"
"201900048070";"9";"1";"2019";"12:35";"1";"6";"06088";"2";"2";"1";"3";"SAINT-LAMBERT (AV.) (A PARTIR DU N° 131)";"43,7183800";"7,2630700"
"201900048071";"8";"1";"2019";"18:20";"5";"6";"06159";"2";"3";"1";"3";"MARECHAL FOCH (AVENUE)";"43,7015400";"7,3068500"
"201900048072";"8";"1";"2019";"15:15";"1";"6";"06088";"2";"3";"8";"3";"BORRIGLIONE (JUSQU'AU N° 40-49)";"43,7123400";"7,2617400"
"201900048073";"11";"1";"2019";"20:49";"5";"6";"06083";"2";"3";"1";"6";"PARTOUNEAUX (RUE)";"43,7748400";"7,4985000"
"201900048074";"11";"1";"2019";"18:20";"5";"6";"06083";"2";"1";"1";"2";"SOSPEL (AVENUE DE, N° 1 A 55)";"43,7763100";"7,4942000"
"201900048075";"10";"1";"2019";"13:55";"1";"6";"06083";"2";"1";"1";"6";"DELATTRE DE TASSIGNY (ALLEE)";"43,7884500";"7,4928500"
"201900048076";"10";"1";"2019";"14:30";"1";"6";"06104";"2";"1";"1";"6";"VERDUN (AVENUE DE, N° 131 ET +)";"43,7625910";"7,4708540"
"201900048077";"10";"1";"2019";"09:50";"1";"6";"06069";"2";"1";"7";"6";"ROUQUIER (BOULEVARD EMMANUEL)";"43,6444200";"6,9409100"
"201900048078";"9";"1";"2019";"13:40";"1";"6";"06069";"2";"1";"1";"3";"SANTON (CHEMIN DU)";"43,6406100";"6,9489000"
"201900048079";"11";"1";"2019";"16:50";"1";"6";"06029";"2";"6";"1";"3";"JOURDAN (AVENUE MICHEL)";"43,5680400";"6,9587000"
"201900048080";"10";"1";"2019";"14:10";"1";"6";"06029";"2";"1";"1";"2";"TONNER (AVENUE FRANCIS)";"43,5499100";"6,9691200"
"201900048081";"12";"1";"2019";"16:00";"1";"6";"06123";"2";"1";"1";"4";"VESPINS ROUTE DES";"43,6602733";"7,1824224"
"201900048082";"7";"1";"2019";"23:00";"3";"5";"05061";"1";"1";"9";"6";"LUYE ( ROUTE DE LA )";"44,5154000";"6,0656000"
"201900048083";"12";"1";"2019";"03:55";"5";"1";"01053";"2";"2";"2";"3";"N/A";"46,1953600";"5,2252702"
"201900048084";"12";"1";"2019";"01:20";"5";"75";"75120";"2";"1";"2";"6";"PORTE DE BAGNOLET";"48,8642570";"2,4132790"
"201900048085";"11";"1";"2019";"15:15";"1";"75";"75112";"2";"1";"2";"3";"PORTE DE CHARENTON";"48,8309270";"2,4029910"
"201900048086";"10";"1";"2019";"09:00";"1";"75";"75113";"2";"1";"1";"2";"PORTE DE GENTILLY";"48,8175220";"2,3495590"
"201900048087";"9";"1";"2019";"14:30";"1";"75";"75120";"2";"1";"1";"4";"PORTE DE BAGNOLET";"48,8608230";"2,4138320"
"201900048088";"9";"1";"2019";"09:05";"1";"75";"75118";"2";"1";"1";"6";"PORTE DE CLIGNANCOURT";"48,9012080";"2,3534760"
"201900048089";"8";"1";"2019";"22:40";"5";"75";"75120";"2";"1";"1";"3";"PORTE DE MONTREUIL";"48,8527130";"2,4144640"
"201900048090";"8";"1";"2019";"09:15";"1";"75";"75115";"2";"1";"1";"3";"PORTE DE LA PLAINE";"48,8257930";"2,2995930"
"201900048091";"8";"1";"2019";"09:30";"2";"75";"75119";"2";"1";"1";"4";"PORTE DE LA CHAPELLE";"48,8877840";"2,3964630"
"201900048092";"11";"1";"2019";"12:51";"1";"75";"75107";"2";"4";"1";"3";"BOULEVARD SAINT GERMAIN";"48,8563810";"2,3254260"
"201900048093";"10";"1";"2019";"08:42";"1";"75";"75110";"2";"1";"1";"6";"RUE DU FAUBOURG SAINT DENIS";"48,8817300";"2,3583560"
"201900048094";"8";"1";"2019";"08:54";"1";"75";"75107";"2";"3";"8";"7";"RUE FABERT";"48,8621790";"2,3116270"
"201900048095";"8";"1";"2019";"00:07";"5";"75";"75105";"2";"3";"2";"6";"BOULEVARD DE PORT ROYAL";"48,8383900";"2,3420980"
"201900048096";"12";"1";"2019";"02:21";"5";"75";"75106";"2";"7";"2";"3";"PLACE SAINT MICHEL";"48,8537530";"2,3442820"
"201900048097";"11";"1";"2019";"09:56";"1";"75";"75105";"2";"1";"2";"6";"QUAI SAINT BERNARD";"48,8466480";"2,3612740"
"201900048098";"10";"1";"2019";"10:45";"1";"75";"75105";"2";"2";"1";"3";"RUE MONGE";"48,8437820";"2,3523010"
"201900048099";"10";"1";"2019";"09:45";"1";"75";"75105";"2";"2";"1";"6";"RUE MONGE";"48,8466050";"2,3516290"
"201900048100";"9";"1";"2019";"14:55";"1";"75";"75106";"2";"2";"1";"3";"BOULEVARD DU MONTPARNASSE";"48,8468630";"2,3167100"
"201900048101";"9";"1";"2019";"13:40";"1";"75";"75105";"2";"4";"1";"6";"RUE SAINT JACQUES";"48,8443060";"2,3420520"
"201900048102";"12";"1";"2019";"18:30";"5";"75";"75119";"2";"2";"2";"6";"RUE DE BELLEVILLE";"48,8752480";"2,3952500"
"201900048103";"11";"1";"2019";"15:25";"1";"75";"75120";"2";"2";"8";"7";"RUE DES ORTEAUX";"48,8561100";"2,4058820"
"201900048104";"9";"1";"2019";"22:15";"5";"75";"75120";"2";"2";"1";"6";"RUE DE BELLEVILLE";"48,8759970";"2,4025490"
"201900048105";"8";"1";"2019";"17:30";"5";"75";"75120";"2";"2";"1";"4";"BOULEVARD DAVOUT";"48,8535220";"2,4107890"
"201900048106";"8";"1";"2019";"10:45";"1";"75";"75120";"2";"1";"1";"6";"RUE HOUDART";"48,8639460";"2,3877620"
"201900048107";"11";"1";"2019";"21:10";"5";"75";"75119";"2";"3";"1";"6";"AVENUE CORENTIN CARIOU";"48,8958440";"2,3835480"
"201900048108";"10";"1";"2019";"08:30";"2";"75";"75119";"2";"3";"1";"3";"AVENUE JEAN JAURES";"48,8871300";"2,3867800"
"201900048109";"9";"1";"2019";"22:30";"5";"75";"75119";"2";"3";"1";"3";"RUE MANIN";"48,8843390";"2,3912820"
"201900048110";"8";"1";"2019";"17:05";"2";"75";"75118";"2";"2";"1";"6";"BOULEVARD NEY";"48,8985360";"2,3590040"
"201900048111";"8";"1";"2019";"05:10";"5";"75";"75118";"2";"7";"2";"1";"PLACE ALBERT KAHN";"48,8960380";"2,3462830"
"201900048112";"12";"1";"2019";"11:15";"1";"75";"75117";"2";"1";"1";"2";"RUE LEGENDRE";"48,8854480";"2,3164400"
"201900048113";"11";"1";"2019";"20:40";"5";"75";"75117";"2";"2";"1";"3";"AVENUE DE VILLIERS";"48,8825940";"2,3105930"
"201900048114";"11";"1";"2019";"18:30";"5";"75";"75117";"2";"1";"2";"7";"BOULEVARD DE REIMS";"48,8886660";"2,2962630"
"201900048115";"11";"1";"2019";"10:05";"1";"75";"75117";"2";"2";"3";"3";"AVENUE MAC MAHON";"48,8752390";"2,2948040"
"201900048116";"10";"1";"2019";"16:05";"1";"75";"75117";"2";"2";"1";"3";"BOULEVARD BESSIERES";"48,8944450";"2,3134930"
"201900048117";"10";"1";"2019";"13:00";"1";"75";"75117";"2";"2";"1";"2";"AVENUE NIEL";"48,8796500";"2,2947010"
"201900048118";"9";"1";"2019";"09:35";"1";"75";"75117";"2";"1";"1";"3";"AVENUE DE LA PORTE DE CLICHY";"48,8954920";"2,3112800"
"201900048119";"9";"1";"2019";"06:00";"5";"75";"75117";"2";"2";"1";"6";"AVENUE DE WAGRAM";"48,8803280";"2,2998180"
"201900048120";"12";"1";"2019";"04:20";"5";"75";"75116";"2";"1";"2";"6";"ALLEE DE LONGCHAMP";"48,8698310";"2,2570130"
"201900048121";"11";"1";"2019";"19:45";"5";"75";"75116";"2";"3";"1";"6";"BOULEVARD DE BEAUSEJOUR";"48,8566240";"2,2662880"
"201900048122";"10";"1";"2019";"18:40";"2";"75";"75116";"2";"2";"1";"7";"RUE FELICIEN DAVID";"48,8490930";"2,2739000"
"201900048123";"11";"1";"2019";"11:45";"1";"75";"75116";"2";"4";"2";"3";"PLACE DE LA PORTE MAILLOT";"48,8773750";"2,2813650"
"201900048124";"10";"1";"2019";"13:10";"1";"75";"75116";"2";"1";"1";"3";"RUE DU GENERAL DELESTRAINT";"48,8430180";"2,2589270"
"201900048125";"9";"1";"2019";"16:20";"1";"75";"75116";"2";"7";"2";"7";"PLACE DU MARECHAL DE LATTRE DE TASSIGNY";"48,8722060";"2,2747480"
"201900048126";"8";"1";"2019";"19:20";"5";"75";"75116";"2";"1";"1";"4";"AVENUE DES NATIONS UNIES";"48,8615230";"2,2915590"
"201900048127";"8";"1";"2019";"09:07";"1";"75";"75116";"2";"1";"1";"6";"CARREFOUR DES CASCADES";"48,8632380";"2,2375590"
"201900048128";"7";"1";"2019";"19:00";"5";"75";"75116";"2";"3";"2";"6";"AVENUE D IENA";"48,8700120";"2,2957750"
"201900048129";"12";"1";"2019";"01:50";"5";"75";"75115";"2";"3";"1";"6";"RUE OLIVIER DE SERRES";"48,8321040";"2,2933760"
"201900048130";"10";"1";"2019";"16:30";"2";"75";"75115";"2";"2";"1";"6";"BOULEVARD LEFEBVRE";"48,8284790";"2,3013720"
"201900048131";"10";"1";"2019";"02:15";"5";"75";"75115";"2";"3";"1";"6";"RUE DU COMMERCE";"48,8485450";"2,2973240"
"201900048132";"9";"1";"2019";"13:40";"1";"75";"75115";"2";"7";"2";"6";"PLACE DU GENERAL BEURET";"48,8419720";"2,3031610"
"201900048133";"8";"1";"2019";"06:00";"5";"75";"75115";"2";"7";"2";"6";"PLACE RAOUL DAUTRY";"48,8418610";"2,3199640"
"201900048134";"12";"1";"2019";"20:55";"5";"75";"75114";"2";"1";"8";"6";"BOULEVARD DU MONTPARNASSE";"48,8424170";"2,3280930"
"201900048135";"12";"1";"2019";"04:30";"5";"75";"75113";"2";"4";"1";"7";"RUE DU MOULIN DES PRES";"48,8281230";"2,3527320"
"201900048136";"11";"1";"2019";"16:50";"1";"75";"75114";"2";"2";"2";"3";"RUE FROIDEVAUX";"48,8360210";"2,3276300"
"201900048137";"11";"1";"2019";"10:00";"1";"75";"75114";"2";"1";"2";"6";"AVENUE DU MAINE";"48,8299790";"2,3260010"
"201900048138";"11";"1";"2019";"06:00";"3";"75";"75114";"2";"2";"1";"3";"RUE DU CHATEAU";"48,8351130";"2,3203160"
"201900048139";"9";"1";"2019";"02:06";"5";"75";"75114";"2";"3";"1";"3";"AVENUE DU MAINE";"48,8325380";"2,3249590"
"201900048140";"12";"1";"2019";"20:40";"5";"75";"75113";"2";"1";"2";"6";"RUE DARMESTETER";"48,8225730";"2,3756290"
"201900048141";"12";"1";"2019";"18:15";"5";"75";"75113";"2";"2";"2";"6";"RUE REGNAULT";"48,8229140";"2,3687050"
"201900048142";"11";"1";"2019";"11:10";"1";"75";"75113";"2";"2";"1";"3";"QUAI DE LA GARE";"48,8367570";"2,3743870"
"201900048143";"10";"1";"2019";"19:00";"5";"75";"75113";"2";"2";"1";"6";"RUE NEUVE TOLBIAC";"48,8306130";"2,3768240"
"201900048144";"10";"1";"2019";"16:00";"1";"75";"75113";"2";"2";"1";"3";"RUE NATIONALE";"48,8215540";"2,3693840"
"201900048145";"10";"1";"2019";"13:00";"1";"75";"75113";"2";"2";"1";"6";"RUE NEUVE TOLBIAC";"48,8322360";"2,3797730"
"201900048146";"9";"1";"2019";"17:25";"5";"75";"75113";"2";"5";"8";"3";"BOULEVARD VINCENT AURIOL";"48,8307680";"2,3563160"
"201900048147";"9";"1";"2019";"15:06";"1";"75";"75113";"2";"1";"1";"6";"BOULEVARD AUGUSTE BLANQUI";"48,8298130";"2,3488730"
"201900048148";"9";"1";"2019";"08:13";"1";"75";"75105";"2";"3";"1";"3";"BOULEVARD DE L HOPITAL";"48,8423600";"2,3635650"
"201900048149";"10";"1";"2019";"17:45";"5";"75";"75112";"2";"2";"1";"3";"BOULEVARD DIDEROT";"48,8462770";"2,3774840"
"201900048150";"10";"1";"2019";"12:24";"1";"75";"75112";"2";"1";"1";"3";"RUE DE CHARENTON";"48,8382760";"2,3900380"
"201900048151";"10";"1";"2019";"10:00";"1";"75";"75112";"2";"7";"1";"6";"PLACE DE LA BASTILLE";"48,8529940";"2,3695870"
"201900048152";"9";"1";"2019";"16:30";"1";"75";"75112";"2";"3";"1";"3";"AVENUE DU DOCTEUR ARNOLD NETTER";"48,8433130";"2,4053650"
"201900048153";"9";"1";"2019";"13:35";"1";"75";"75112";"2";"3";"1";"2";"QUAI DE LA RAPEE";"48,8452670";"2,3683640"
"201900048154";"12";"1";"2019";"14:20";"1";"75";"75111";"2";"1";"1";"6";"RUE MERLIN";"48,8605400";"2,3854010"
"201900048155";"11";"1";"2019";"19:50";"5";"75";"75111";"2";"1";"1";"3";"BOULEVARD VOLTAIRE";"48,8569300";"2,3815790"
"201900048156";"11";"1";"2019";"12:41";"1";"75";"75111";"2";"3";"2";"6";"RUE DE LAPPE";"48,8528400";"2,3745050"
"201900048157";"10";"1";"2019";"07:50";"5";"75";"75111";"2";"3";"1";"6";"AVENUE PHILIPPE AUGUSTE";"48,8523650";"2,3934410"
"201900048158";"12";"1";"2019";"19:50";"5";"75";"75110";"2";"1";"2";"7";"BOULEVARD DE MAGENTA";"48,8809610";"2,3518700"
"201900048159";"12";"1";"2019";"13:40";"1";"75";"75110";"2";"2";"1";"3";"RUE LA FAYETTE";"48,8789770";"2,3557590"
"201900048160";"11";"1";"2019";"01:35";"5";"75";"75110";"2";"2";"1";"2";"RUE D HAUTEVILLE";"48,8738160";"2,3505060"
"201900048161";"9";"1";"2019";"20:15";"3";"75";"75110";"2";"1";"1";"6";"QUAI DE JEMMAPES";"48,8701340";"2,3665880"
"201900048162";"11";"1";"2019";"19:20";"5";"75";"75108";"2";"1";"1";"3";"AVENUE DES CHAMPS ELYSEES";"48,8665140";"2,3178330"
"201900048163";"10";"1";"2019";"10:50";"1";"75";"75108";"2";"1";"1";"3";"AVENUE MARCEAU";"48,8668630";"2,2994310"
"201900048164";"9";"1";"2019";"09:50";"1";"75";"75108";"2";"3";"2";"3";"AVENUE DES CHAMPS ELYSEES";"48,8700450";"2,3066840"
"201900048165";"9";"1";"2019";"00:23";"5";"75";"75108";"2";"2";"1";"3";"RUE DE MIROMESNIL";"48,8739300";"2,3158920"
"201900048166";"8";"1";"2019";"08:37";"1";"75";"75108";"2";"3";"1";"2";"AVENUE DE WAGRAM";"48,8762960";"2,2968660"
"201900048167";"8";"1";"2019";"04:00";"5";"75";"75108";"2";"3";"2";"6";"BOULEVARD HAUSSMANN";"48,8739080";"2,3260840"
"201900048168";"9";"1";"2019";"19:35";"5";"75";"75107";"2";"7";"2";"6";"AVENUE DE TOURVILLE";"48,8538130";"2,3125990"
"201900048169";"8";"1";"2019";"18:05";"5";"75";"75107";"2";"2";"1";"3";"AVENUE DU MARECHAL GALLIENI";"48,8599490";"2,3131010"
"201900048170";"8";"1";"2019";"16:40";"1";"75";"75107";"2";"3";"1";"3";"BOULEVARD SAINT GERMAIN";"48,8611460";"2,3206450"
"201900048171";"10";"1";"2019";"12:15";"1";"75";"75104";"2";"3";"1";"6";"RUE SAINT ANTOINE";"48,8550640";"2,3616850"
"201900048172";"10";"1";"2019";"08:40";"2";"75";"75104";"2";"3";"1";"6";"QUAI D ANJOU";"48,8519090";"2,3586240"
"201900048173";"9";"1";"2019";"15:35";"1";"75";"75104";"2";"1";"1";"7";"RUE SAINT ANTOINE";"48,8540830";"2,3643140"
"201900048174";"8";"1";"2019";"10:00";"1";"75";"75104";"2";"3";"1";"7";"RUE SAINT ANTOINE";"48,8546410";"2,3627640"
"201900048175";"8";"1";"2019";"17:25";"2";"75";"75103";"2";"1";"8";"6";"RUE DE BRETAGNE";"48,8643080";"2,3602450"
"201900048176";"10";"1";"2019";"12:30";"1";"75";"75102";"2";"3";"1";"6";"RUE DALAYRAC";"48,8681800";"2,3350810"
"201900048177";"9";"1";"2019";"15:25";"1";"75";"75102";"2";"3";"2";"6";"AVENUE DE L OPERA";"48,8692450";"2,3329030"
"201900048178";"9";"1";"2019";"14:40";"1";"75";"75102";"2";"2";"8";"6";"RUE DU SENTIER";"48,8677540";"2,3454690"
"201900048179";"8";"1";"2019";"20:30";"5";"75";"75102";"2";"2";"1";"3";"BOULEVARD DE BONNE NOUVELLE";"48,8696810";"2,3526600"
"201900048180";"9";"1";"2019";"17:30";"2";"75";"75101";"2";"3";"2";"6";"QUAI DU LOUVRE";"48,8586600";"2,3416080"
"201900048181";"8";"1";"2019";"14:00";"1";"75";"75101";"2";"3";"8";"3";"RUE DE CASTIGLIONE";"48,8653120";"2,3272570"
"201900048182";"12";"1";"2019";"18:30";"5";"94";"94081";"2";"1";"1";"2";"PONT DU PORT A L'ANGLAIS";"48,7973259";"2,4188132"
"201900048183";"9";"1";"2019";"18:50";"5";"94";"94081";"2";"1";"1";"3";"CLEMENT PERROT (R)";"48,7873400";"2,3926300"
"201900048184";"7";"1";"2019";"12:20";"1";"94";"94077";"2";"2";"8";"3";"VICTOR HUGO (AV)";"48,7324480";"2,4167120"
"201900048185";"8";"1";"2019";"13:20";"1";"94";"94078";"2";"3";"1";"2";"PARIS (R DE)";"48,7389500";"2,4467300"
"201900048186";"8";"1";"2019";"08:40";"1";"94";"94077";"2";"2";"1";"3";"JULES FERRY (R)";"48,7346900";"2,4152200"
"201900048187";"10";"1";"2019";"11:30";"1";"94";"94068";"2";"3";"1";"3";"MURIERS (BD DES)";"48,7892000";"2,5019400"
"201900048188";"9";"1";"2019";"15:25";"1";"94";"94068";"2";"7";"8";"2";"8 MAI 1945 (CARR DU)";"48,8019090";"2,4920340"
"201900048189";"8";"1";"2019";"20:55";"5";"94";"94068";"2";"2";"1";"3";"GARNIER PAGES (R)";"48,7991400";"2,4962800"
"201900048190";"9";"1";"2019";"17:45";"5";"94";"94042";"2";"1";"1";"4";"GENERAL GALLIENI - PONT DE JOINVILLE (AV";"48,8201300";"2,4685700"
"201900048191";"9";"1";"2019";"19:30";"5";"94";"94042";"2";"1";"1";"3";"GENERAL GALLIENI (AV DU)";"48,8200800";"2,4738000"
"201900048192";"9";"1";"2019";"16:00";"1";"94";"94015";"2";"1";"8";"7";"GEORGES MELIES (BD)";"48,8310900";"2,5291000"
"201900048193";"7";"1";"2019";"19:15";"5";"94";"94052";"2";"1";"1";"6";"GEORGES CLEMENCEAU - PL DU GENERAL LECLE";"48,8354693";"2,4738181"
"201900048194";"12";"1";"2019";"01:05";"5";"94";"94046";"2";"2";"2";"3";"JEAN JAURES (R)";"48,7974000";"2,4334000"
"201900048195";"12";"1";"2019";"17:45";"5";"94";"94041";"2";"4";"2";"1";"JEAN JAURES (AV)";"48,8046000";"2,4051300"
"201900048196";"7";"1";"2019";"16:45";"2";"94";"94041";"2";"1";"2";"6";"HOCHE (R)";"48,8123400";"2,3733600"
"201900048197";"12";"1";"2019";"20:35";"3";"94";"94033";"2";"1";"2";"6";"MARECHAL DE LATTRE DE TASSIGNY (AV DU)";"48,8600500";"2,4903700"
"201900048198";"12";"1";"2019";"21:15";"5";"94";"94033";"2";"2";"2";"1";"VERDUN (BD DE)";"48,8516400";"2,4734400"
"201900048199";"11";"1";"2019";"16:20";"1";"94";"94033";"2";"2";"1";"3";"PEPINIERE (AV DE LA)";"48,8445100";"2,4507900"
"201900048200";"5";"1";"2019";"18:15";"2";"94";"94033";"2";"1";"8";"4";"VERDUN (BD DE)";"48,8540000";"2,4680000"
"201900048201";"11";"1";"2019";"18:40";"3";"94";"94011";"2";"3";"2";"3";"LYS.(AVENUE DES)";"48,7706900";"2,4937900"
"201900048202";"11";"1";"2019";"15:10";"1";"94";"94028";"2";"1";"2";"6";"C.C.R CRETEIL SOLEIL (Parking)";"48,7820000";"2,4570000"
"201900048203";"11";"1";"2019";"19:10";"3";"94";"94011";"2";"1";"2";"7";"LYS.(AVENUE DES)";"48,7706900";"2,4937900"
"201900048204";"8";"1";"2019";"10:15";"1";"94";"94055";"2";"1";"1";"2";"TOURELLES (AV DES)";"48,7807500";"2,5365600"
"201900048205";"8";"1";"2019";"17:30";"5";"94";"94018";"2";"1";"1";"3";"GENERAL DE GAULLE (AV DU)";"48,8243900";"2,3956800"
"201900048206";"9";"1";"2019";"20:35";"5";"94";"94017";"2";"9";"1";"3";"STALINGRAD (BD DE)";"48,8220000";"2,4983000"
"201900048207";"8";"1";"2019";"15:30";"1";"94";"94071";"2";"1";"8";"6";"PENDANTS (R DES)";"48,7700000";"2,5200000"
"201900048208";"9";"1";"2019";"11:35";"1";"93";"93078";"2";"4";"2";"3";"BALLANGER (BD ROBERT)";"48,9572200";"2,5444000"
"201900048209";"10";"1";"2019";"07:35";"5";"93";"93072";"2";"9";"1";"6";"MARCEL CACHIN (AVENUE) COTE N°16 AU 50";"48,9599600";"2,3819900"
"201900048210";"11";"1";"2019";"08:30";"1";"93";"93070";"2";"1";"2";"3";"MICHELET(AV):N°1AU 103";"48,9052600";"2,3440600"
"201900048211";"12";"1";"2019";"14:40";"1";"93";"93066";"2";"1";"1";"3";"FRANCE ANATOLE (BOULEVARD) NR AUTRES";"48,9258900";"2,3515400"
"201900048212";"11";"1";"2019";"17:45";"2";"93";"93066";"2";"1";"1";"5";"DELAUNAY HENRI";"48,9258700";"2,3574000"
"201900048213";"10";"1";"2019";"15:20";"1";"93";"93066";"2";"9";"8";"3";"FRANCE ANATOLE (BOULEVARD) NR AUTRES";"48,9210500";"2,3449500"
"201900048214";"10";"1";"2019";"10:40";"1";"93";"93066";"2";"9";"1";"6";"COURNEUVE (ROUTE)";"48,9324600";"2,3748300"
"201900048215";"10";"1";"2019";"07:15";"5";"93";"93072";"2";"1";"1";"2";"MAXIME GORKI (BOULEVARD) DES N°1 AU 87";"48,9515500";"2,3851300"
"201900048216";"8";"1";"2019";"22:09";"3";"93";"93039";"2";"1";"1";"6";"16, CHATELIER (QUAI DU )";"48,9296824";"2,3384502"
"201900048217";"8";"1";"2019";"08:40";"2";"93";"93066";"2";"1";"2";"6";"FRUITIERS (AVENUE)";"48,9209200";"2,3540300"
"201900048218";"7";"1";"2019";"18:55";"5";"93";"93066";"2";"1";"2";"6";"WILSON (AVENUE DU PRESIDENT)";"48,9161000";"2,3582800"
"201900048219";"8";"1";"2019";"11:25";"1";"93";"93064";"2";"3";"1";"3";"ALSACE-LORRAINE (BOULEVARD)";"48,8839400";"2,4882900"
"201900048220";"28";"9";"2019";"13:00";"1";"76";"76744";"1";"3";"8";"3";"La Basse Belloye";"49,8346850";"1,5449560"
"201900048221";"28";"9";"2019";"08:00";"1";"33";"33545";"1";"1";"8";"6";"36 rue de la chatellénie";"45,2479260";" -0,8442330"
"201900048222";"28";"9";"2019";"02:10";"3";"42";"42318";"1";"4";"1";"6";"Les terrasses";"45,3971230";"3,9276650"
"201900048223";"27";"9";"2019";"14:30";"1";"38";"38335";"1";"2";"1";"3";"Route de Vienne";"45,3742960";"5,0262960"
"201900048224";"27";"9";"2019";"07:00";"2";"3";"03043";"1";"5";"1";"3";"route de Saint-Didier";"46,1953833";"3,2773104"
"201900048225";"26";"9";"2019";"10:45";"1";"15";"15267";"1";"1";"2";"1";"D922";"44,9370800";"2,4087090"
"201900048226";"28";"9";"2019";"11:45";"1";"26";"26238";"1";"1";"1";"6";"RD94";"44,3786370";"5,1837310"
"201900048227";"28";"9";"2019";"09:20";"1";"14";"14020";"2";"1";"1";"2";"Rue du 19 Mars 1962";"49,1238990";" -0,1710550"
"201900048228";"27";"9";"2019";"17:45";"1";"64";"64492";"1";"1";"1";"7";"chemin napoleon RD 428";"43,1242133";" -1,2450004"
"201900048229";"23";"9";"2019";"13:20";"1";"73";"73096";"2";"1";"1";"1";"D11 Place de Marechet";"45,5288753";"6,0894319"
"201900048230";"28";"9";"2019";"10:08";"1";"73";"73204";"2";"1";"1";"1";"D1006  14 Avenue du Baron de Crousaz";"45,5326863";"5,6789493"
"201900048231";"27";"9";"2019";"17:00";"1";"7";"07306";"2";"1";"1";"5";"Route d'Ales, LE QUERRAS";"44,4217780";"4,3153850"
"201900048232";"28";"9";"2019";"12:30";"1";"4";"04108";"1";"6";"1";"6";"RN 85 RP ZA du Prieuré";"44,0462678";"6,0442615"
"201900048233";"28";"9";"2019";"04:30";"3";"85";"85164";"1";"1";"1";"7";"Le Pré de la Route";"46,8434200";" -2,1042900"
"201900048234";"26";"9";"2019";"16:00";"1";"37";"37206";"1";"1";"1";"1";"D428";"47,4939550";"0,6242910"
"201900048235";"27";"9";"2019";"18:15";"1";"17";"17191";"1";"1";"1";"1";"RD 137";"45,6573431";" -0,5904387"
"201900048236";"28";"9";"2019";"14:30";"1";"34";"34162";"1";"1";"1";"7";"lieu dit la Briffaude RD 613";"43,4589260";"3,5202040"
"201900048237";"28";"9";"2019";"19:40";"3";"84";"84138";"1";"1";"1";"6";"DEPARTEMENTALE 941";"44,3840630";"4,9897720"
"201900048238";"27";"9";"2019";"17:15";"1";"83";"83104";"1";"1";"1";"3";"Route de Jouques";"43,6120600";"5,7037000"
"201900048239";"28";"9";"2019";"15:00";"1";"13";"13022";"1";"1";"1";"1";"RD559A";"43,2317690";"5,5896520"
"201900048240";"28";"9";"2019";"16:27";"1";"89";"89083";"1";"1";"1";"1";"D89";"47,8131600";"3,4730620"
"201900048241";"28";"9";"2019";"17:10";"1";"1";"01281";"2";"1";"1";"3";"1564 Rue de Geneve";"46,2636851";"6,1025363"
"201900048242";"28";"9";"2019";"04:30";"5";"1";"01202";"2";"1";"1";"6";"D40 LIEU DIT POSAFOL";"45,8835370";"5,3181860"
"201900048243";"27";"9";"2019";"22:58";"3";"69";"69065";"1";"8";"1";"3";"Route des Tournissons";"46,1517500";"4,7369500"
"201900048244";"15";"9";"2019";"14:30";"1";"69";"69153";"1";"1";"1";"3";"route de la glande";"45,8545100";"4,7739600"
"201900048245";"28";"9";"2019";"17:00";"1";"31";"31486";"2";"1";"1";"1";"rue d'Occitanie";"43,4211370";"1,2815180"
"201900048246";"27";"9";"2019";"08:50";"1";"86";"86204";"2";"1";"1";"1";"38 Rue des Charbonniers";"46,6291000";"0,2188900"
"201900048247";"27";"9";"2019";"09:15";"1";"33";"33243";"2";"1";"1";"6";"Rue du Président Wilson";"44,9189100";" -0,2435800"
"201900048248";"27";"9";"2019";"21:45";"5";"85";"85178";"2";"1";"1";"7";"Rue de la Colonne";"46,7662160";" -1,5175390"
"201900048249";"28";"9";"2019";"17:44";"1";"49";"49193";"2";"1";"1";"2";"la source";"47,1349402";" -0,8930837"
"201900048250";"28";"9";"2019";"10:20";"1";"60";"60213";"1";"6";"1";"7";"N330";"49,1178372";"2,7133821"
"201900048251";"27";"9";"2019";"18:40";"1";"60";"60500";"2";"1";"1";"2";"route de senlis";"49,0932718";"2,7480816"
"201900048252";"27";"9";"2019";"16:18";"1";"13";"13202";"1";"1";"1";"3";"Tunnel Joliette Marseille vers Aubagne";"43,2980600";"5,3633800"
"201900048253";"27";"9";"2019";"08:50";"1";"13";"13210";"1";"1";"1";"4";"A50 Sens Marseille vers Aubagne";"43,2847900";"5,4174620"
"201900048254";"26";"9";"2019";"20:00";"2";"13";"13210";"1";"1";"1";"7";"Tunnel Prado Carénage";"43,2826200";"5,3934200"
"201900048255";"18";"9";"2019";"16:00";"1";"69";"69297";"1";"1";"1";"3";"A47   0.000  A 1.657";"45,5883200";"4,7923600"