"Num_Acc";"jour";"mois";"an";"hrmn";"lum";"dep";"com";"agg";"int";"atm";"col";"adr";"lat";"long"
"201900048256";"16";"9";"2019";"21:30";"5";"69";"69256";"1";"1";"1";"2";"RN346  S/N   25.686 A 29.300";"45,7945200";"4,9496000"
"201900048257";"27";"9";"2019";"17:45";"1";"94";"94003";"1";"1";"2";"4";"AUTOROUTE A6A";"48,8023000";"2,3417000"
"201900048258";"27";"9";"2019";"17:10";"1";"78";"78321";"1";"1";"1";"6";"RN12 EXT";"48,7977070";"1,9116750"
"201900048259";"27";"9";"2019";"19:50";"2";"95";"95572";"1";"1";"1";"2";"RN 184";"49,0327700";"2,1085000"
"201900048260";"27";"9";"2019";"18:15";"1";"93";"93066";"1";"1";"8";"5";"AUTOROUTE A1";"48,9281200";"2,3579700"
"201900048261";"27";"9";"2019";"13:50";"1";"60";"60612";"1";"1";"1";"4";"AUTOROUTE A1";"49,1980800";"2,6056800"
"201900048262";"27";"9";"2019";"03:15";"5";"93";"93066";"1";"1";"2";"2";"AUTOROUTE A1";"48,9292700";"2,3616300"
"201900048263";"27";"9";"2019";"02:00";"3";"93";"93027";"1";"1";"3";"6";"BDL";"48,9260400";"2,4015700"
"201900048264";"26";"9";"2019";"06:30";"3";"95";"95572";"1";"1";"2";"6";"RN 184";"49,0320500";"2,1087200"
"201900048265";"26";"9";"2019";"08:40";"1";"93";"93066";"1";"1";"1";"3";"AUTOROUTE A1";"48,9058200";"2,3583600"
"201900048266";"25";"9";"2019";"13:00";"1";"95";"95394";"1";"1";"1";"6";"AUTOROUTE A115";"49,0492800";"2,1817700"
"201900048267";"9";"7";"2019";"15:10";"1";"54";"54357";"2";"3";"1";"3";"PATTON (AV. DU GENERAL)";"48,7058400";"6,1623800"
"201900048268";"4";"7";"2019";"07:55";"1";"54";"54395";"2";"2";"1";"3";"SAINT GEORGES (RUE)";"48,6912200";"6,1839000"
"201900048269";"26";"6";"2019";"17:25";"1";"54";"54395";"2";"1";"1";"2";"JUIN (AVENUE DU MARECHAL 2 A 20-1 A 21)";"48,6794720";"6,1754910"
"201900048270";"2";"7";"2019";"09:15";"1";"54";"54395";"2";"8";"1";"7";"VERLAINE (RUE 23 A 59-18 A 56)";"48,6875890";"6,1627710"
"201900048271";"26";"9";"2019";"08:25";"1";"54";"54395";"2";"1";"1";"3";"CARNOT (PLACE)";"48,6952660";"6,1768790"
"201900048272";"1";"7";"2019";"15:45";"1";"54";"54395";"2";"1";"1";"3";"DOUMER (AVENUE PAUL)";"48,6765580";"6,1913760"
"201900048273";"11";"6";"2019";"08:45";"1";"54";"54547";"2";"6";"1";"2";"MIRECOURT (ROUTE DE)";"48,6681600";"6,1907800"
"201900048274";"25";"9";"2019";"13:10";"1";"45";"45302";"2";"1";"1";"3";"RUE GEORGES COIGNET";"47,9523660";"1,8789373"
"201900048275";"26";"9";"2019";"14:15";"1";"14";"14079";"2";"2";"3";"6";"TOURGEVILLE (ROUTE DE)";"49,3240680";"0,0365010"
"201900048276";"26";"9";"2019";"01:02";"5";"13";"13206";"2";"2";"1";"3";"ROME (RUE DE)";"43,2912000";"5,3808000"
"201900048277";"25";"9";"2019";"18:18";"1";"13";"13202";"2";"3";"1";"3";"ARENC (QUAI D')";"43,3132500";"5,3662600"
"201900048278";"25";"9";"2019";"15:20";"1";"13";"13047";"1";"1";"1";"2";"D.5";"43,5680500";"4,9574300"
"201900048279";"25";"9";"2019";"18:10";"1";"10";"10387";"2";"1";"1";"2";"GEORGES POMPIDOU (RUE)";"48,2876000";"4,0803000"
"201900048280";"24";"9";"2019";"13:30";"1";"94";"94068";"2";"2";"2";"3";"VICTOR HUGO (AV)";"48,8038000";"2,4770500"
"201900048281";"27";"9";"2019";"10:15";"1";"988";"98818";"2";"1";"1";"6";"RUE JACQUES IEKAWE";" -22,2294113";"166,4812857"
"201900048282";"26";"9";"2019";"12:45";"1";"69";"69387";"2";"1";"1";"6";"GAMBETTA                            (CO)";"45,7538200";"4,8472200"
"201900048283";"27";"9";"2019";"00:40";"5";"69";"69384";"2";"2";"1";"3";"CANUTS (DES)                        (BD)";"45,7795500";"4,8274400"
"201900048284";"26";"9";"2019";"17:50";"1";"971";"97113";"2";"1";"1";"3";"BESSON";"16,2300000";" -61,5100000"
"201900048285";"24";"9";"2019";"19:55";"5";"95";"95268";"2";"1";"3";"6";"RUE VAN GOGH";"48,9753440";"2,3997870"
"201900048286";"26";"9";"2019";"11:55";"1";"91";"91161";"2";"1";"8";"2";"PIERRE BROSSOLETTE (AVENUE)";"48,6996630";"2,3115690"
"201900048287";"26";"9";"2019";"08:20";"1";"91";"91687";"2";"1";"2";"3";"GABRIEL PERI (AVENUE)";"48,6749800";"2,3670800"
"201900048288";"26";"9";"2019";"07:46";"3";"91";"91339";"2";"1";"1";"7";"RN 20";"48,6210000";"2,2590000"
"201900048289";"25";"9";"2019";"21:30";"5";"91";"91021";"2";"1";"1";"6";"JAURES JEAN (BOULEVARD)";"48,5890000";"2,2450000"
"201900048290";"19";"9";"2019";"17:00";"1";"89";"89024";"2";"1";"1";"6";"FOURNEAUX (RUE DES)";"47,8153300";"3,5710200"
"201900048291";"25";"9";"2019";"20:24";"3";"87";"87085";"1";"1";"3";"6";"RD 39";"45,9070000";"1,2948700"
"201900048292";"26";"9";"2019";"16:45";"1";"83";"83069";"2";"1";"1";"6";"GARE ( RUE DE LA)";"43,1089900";"6,1254600"
"201900048293";"16";"9";"2019";"10:30";"1";"78";"78402";"1";"3";"1";"3";"CD 113";"48,9614200";"1,7847900"
"201900048294";"25";"9";"2019";"12:20";"1";"77";"77237";"1";"4";"2";"3";"D10 X D88";"48,8295273";"2,7557298"
"201900048295";"25";"9";"2019";"15:55";"1";"74";"74012";"2";"3";"1";"3";"FERRY (AVENUE JULES)";"46,1929900";"6,2374100"
"201900048296";"26";"9";"2019";"15:00";"1";"69";"69266";"2";"3";"1";"3";"4 AOUT 1789    (Rue du)";"45,7646000";"4,8905000"
"201900048297";"20";"9";"2019";"01:08";"5";"68";"68066";"2";"1";"1";"6";"BARTHOLDI (RUE)";"48,0717200";"7,3558300"
"201900048298";"26";"9";"2019";"19:40";"1";"64";"64335";"1";"1";"1";"2";"EUROPE DE L'";"43,3274682";" -0,4428305"
"201900048299";"26";"9";"2019";"17:40";"1";"64";"64445";"2";"1";"1";"6";"TOURASSE";"43,3082100";" -0,3395800"
"201900048300";"26";"9";"2019";"16:30";"1";"64";"64445";"2";"3";"1";"1";"PAUL RAMADIER";"43,3179846";" -0,3183738"
"201900048301";"22";"9";"2019";"03:50";"3";"62";"62758";"2";"1";"3";"7";"CROIX ABOT ( Rue )";"50,7163380";"1,6380570"
"201900048302";"22";"9";"2019";"16:00";"1";"61";"61006";"2";"2";"1";"3";"PETITS FOSSES (RUE DES) N° 11 A N° 29";"48,7499340";" -0,0232480"
"201900048303";"20";"8";"2019";"22:15";"3";"59";"59392";"1";"1";"1";"1";"VOIE RAPIDE MAUBEUGE / JEUMONT";"50,2876000";"4,0084700"
"201900048304";"26";"9";"2019";"16:45";"1";"59";"59009";"2";"2";"2";"6";"MONS BOULEVARD DE";"50,6437220";"3,1356901"
"201900048305";"26";"9";"2019";"15:35";"1";"59";"59350";"2";"6";"2";"3";"DOREZ BARTHELEMY PLACE";"50,6178400";"3,0505100"
"201900048306";"26";"9";"2019";"12:10";"1";"56";"56098";"2";"6";"2";"3";"Rue Salvador Allende RD 326";"47,7593523";" -3,3263670"
"201900048307";"25";"9";"2019";"22:00";"4";"56";"56083";"1";"1";"2";"6";"RN 165 (sortie Hennebont)";"47,7921200";" -3,3101700"
"201900048308";"30";"3";"2019";"16:05";"1";"54";"54339";"2";"1";"1";"2";"LECLERC (AVENUE ET IMPASSE DU GENERAL)";"48,7156600";"6,1848500"
"201900048309";"28";"3";"2019";"14:05";"1";"54";"54274";"2";"1";"1";"3";"REPUBLIQUE (RUE DE LA)";"48,6712990";"6,2057740"
"201900048310";"12";"7";"2019";"10:50";"1";"54";"54526";"2";"1";"1";"3";"RD 674";"48,6815400";"6,2159900"
"201900048311";"25";"3";"2019";"17:20";"1";"54";"54395";"2";"3";"1";"3";"AUSTRASIE (BOULEVARD)";"48,6917200";"6,2000600"
"201900048312";"24";"9";"2019";"15:50";"1";"54";"54159";"2";"1";"2";"6";"CARNOT (RUE)";"48,6252100";"6,3489520"
"201900048313";"25";"9";"2019";"12:50";"1";"50";"50173";"2";"1";"8";"6";"MILLET (RUE JEAN FRANCOIS)";"49,6494100";" -1,6474800"
"201900048314";"23";"9";"2019";"20:30";"5";"50";"50129";"2";"6";"3";"3";"THEMIS (ROND POINT DE)";"49,6345200";" -1,6139800"
"201900048315";"25";"9";"2019";"17:00";"1";"46";"46042";"2";"9";"2";"5";"LAFAGE (RUE VICTOR)";"44,4428900";"1,4464000"
"201900048316";"25";"9";"2019";"12:20";"1";"45";"45302";"2";"1";"9";"1";"RUE DU CHAMP ROUGE";"47,9573000";"1,8478000"
"201900048317";"26";"9";"2019";"08:50";"1";"45";"45004";"2";"6";"2";"7";"RUE DE L'EUROPE";"47,9782000";"2,7293000"
"201900048318";"26";"9";"2019";"08:50";"1";"44";"44109";"2";"7";"1";"3";"RUE DE LA BRASSERIE";"47,2090900";" -1,5718600"
"201900048319";"26";"9";"2019";"13:45";"1";"35";"35238";"2";"9";"2";"3";"LEROUX (BD OSCAR)";"48,0912700";" -1,6646700"
"201900048320";"25";"9";"2019";"16:00";"1";"35";"35238";"2";"1";"2";"3";"CHATEAUGIRON (DE)";"48,0915550";" -1,6268700"
"201900048321";"25";"9";"2019";"12:05";"1";"35";"35238";"2";"6";"1";"3";"PORTUGAL (BD DU)";"48,0833670";" -1,6610120"
"201900048322";"25";"9";"2019";"18:40";"2";"35";"35115";"2";"6";"2";"6";"VERRERIE (AVENUE DE LA)";"48,3660000";" -1,1853300"
"201900048323";"17";"9";"2019";"18:15";"1";"33";"33281";"2";"1";"1";"2";"AVE DE LA MARNE";"44,8362800";" -0,6232100"
"201900048324";"22";"9";"2019";"14:45";"1";"33";"33063";"1";"1";"1";"6";"COURS DE QUEBEC";"44,8815300";" -0,5696000"
"201900048325";"20";"9";"2019";"16:45";"1";"33";"33281";"2";"2";"1";"1";"VERDUN (AVE DE)";"44,8411100";" -0,6433400"
"201900048326";"26";"9";"2019";"10:30";"1";"32";"32013";"2";"1";"1";"2";"PREMIERE ARMEE FRANCAISE (AVENUE DE LA)";"43,6494900";"0,5971700"
"201900048327";"25";"9";"2019";"15:20";"1";"32";"32013";"2";"1";"1";"5";"YSER (AVENUE DE L')";"43,6487900";"0,5931600"
"201900048328";"25";"9";"2019";"18:35";"1";"31";"31555";"2";"1";"1";"6";"PONT PIERRE DE COUBERTIN";"43,5843300";"1,4342000"
"201900048329";"25";"9";"2019";"13:50";"1";"31";"31555";"2";"1";"1";"3";"RUE DU PONT GUILHEMERY";"43,6014300";"1,4574200"
"201900048330";"25";"9";"2019";"07:24";"5";"29";"29232";"2";"3";"1";"7";"CHATEAU RUE DU";"48,0080494";" -4,1116825"
"201900048331";"22";"9";"2019";"18:20";"1";"22";"22360";"2";"6";"1";"7";"BOCAGE (RUE DU)";"48,4833910";" -2,7488300"
"201900048332";"25";"9";"2019";"01:00";"3";"22";"22215";"1";"1";"1";"6";"PONT DES ILES (RUE DU)";"48,5242992";" -2,8214165"
"201900048333";"26";"9";"2019";"00:30";"5";"21";"21231";"2";"2";"2";"3";"LANGRES (DE) (AVENUE)";"47,3507100";"5,0455600"
"201900048334";"23";"9";"2019";"16:25";"1";"16";"16015";"2";"2";"1";"3";"rue d'IENA";"45,6472500";"0,1558280"
"201900048335";"26";"9";"2019";"02:10";"5";"13";"13210";"2";"1";"1";"2";"PIERRE DOIZE  (RUE)";"43,2719000";"5,4276000"
"201900048336";"26";"9";"2019";"02:00";"5";"13";"13215";"2";"3";"1";"6";"ANCIENS COMBATTANTS (ALLEE DES)";"43,3738400";"5,3558600"
"201900048337";"25";"9";"2019";"17:38";"1";"13";"13047";"1";"1";"1";"6";"D.16";"43,5902700";"5,0137600"
"201900048338";"25";"9";"2019";"22:00";"5";"6";"06069";"2";"1";"1";"7";"CANNES (ROUTE DE)  -RD 6085-";"43,6389210";"6,9499160"
"201900048339";"26";"9";"2019";"20:00";"5";"6";"06004";"1";"1";"1";"6";"SAINT CLAUDE CH.DE";"43,6032500";"7,0870200"
"201900048340";"25";"9";"2019";"17:55";"1";"5";"05061";"2";"3";"8";"6";"EYSSAGNIERES ( ROUTE DES )";"44,5453800";"6,0534300"
"201900048341";"26";"9";"2019";"10:10";"1";"75";"75105";"2";"4";"1";"3";"PONT DE SULLY";"48,8494060";"2,3567876"
"201900048342";"26";"9";"2019";"07:30";"5";"75";"75105";"2";"1";"8";"6";"BOULEVARD DE PORT ROYAL";"48,8390823";"2,3389772"
"201900048343";"26";"9";"2019";"11:40";"1";"75";"75120";"2";"1";"2";"7";"RUE DES PYRENEES";"48,8507471";"2,4063760"
"201900048344";"26";"9";"2019";"15:50";"1";"75";"75119";"2";"2";"8";"3";"AVENUE DE LAUMIERE";"48,8846720";"2,3798370"
"201900048345";"26";"9";"2019";"17:30";"1";"75";"75117";"2";"2";"1";"3";"BOULEVARD BERTHIER";"48,8880390";"2,2996960"
"201900048346";"26";"9";"2019";"13:30";"1";"75";"75117";"2";"2";"1";"6";"AVENUE DE LA PORTE DE CLICHY";"48,8944490";"2,3134896"
"201900048347";"26";"9";"2019";"00:01";"5";"75";"75116";"2";"1";"2";"3";"RUE MOLITOR";"48,8452940";"2,2598340"
"201900048348";"26";"9";"2019";"18:45";"1";"75";"75115";"2";"2";"1";"6";"RUE LECOURBE";"48,8385745";"2,2893968"
"201900048349";"26";"9";"2019";"09:00";"1";"75";"75112";"2";"1";"1";"6";"AVENUE DES CANADIENS";"48,8171040";"2,4580266"
"201900048350";"26";"9";"2019";"15:49";"1";"75";"75108";"2";"2";"8";"4";"COURS LA REINE";"48,8645940";"2,3103170"
"201900048351";"26";"9";"2019";"14:15";"1";"75";"75108";"2";"1";"1";"4";"BOULEVARD HAUSSMANN";"48,8738256";"2,3265830"
"201900048352";"26";"9";"2019";"16:45";"1";"75";"75103";"2";"7";"1";"3";"PLACE DE LA REPUBLIQUE";"48,8673422";"2,3633752"
"201900048353";"26";"9";"2019";"14:00";"1";"75";"75102";"2";"2";"8";"3";"RUE DU QUATRE SEPTEMBRE";"48,8691750";"2,3386911"
"201900048354";"24";"9";"2019";"12:45";"1";"75";"75102";"2";"3";"2";"6";"RUE DE CLERY";"48,8689520";"2,3494730"
"201900048355";"26";"9";"2019";"14:20";"1";"94";"94081";"2";"1";"1";"5";"ROUGET DE L ISLE (AV)";"48,7736000";"2,4003000"
"201900048356";"26";"9";"2019";"09:55";"1";"94";"94081";"2";"3";"1";"6";"GENIE (R DU)";"48,7969800";"2,3715400"
"201900048357";"25";"9";"2019";"18:10";"1";"94";"94041";"2";"1";"1";"3";"MARCEL BOYER (QU)";"48,8239400";"2,3905500"
"201900048358";"25";"9";"2019";"10:50";"1";"94";"94028";"2";"2";"2";"3";"CHOISY(ROUTE DE)";"48,7904400";"2,4533720"
"201900048359";"26";"9";"2019";"18:00";"1";"94";"94022";"2";"1";"1";"6";"ANATOLE FRANCE (AV)";"48,7650400";"2,4095300"
"201900048360";"26";"9";"2019";"10:25";"1";"94";"94022";"2";"1";"2";"6";"LEON GOURDAULT (AV)";"48,7638600";"2,4059100"
"201900048361";"26";"9";"2019";"18:40";"2";"93";"93073";"2";"6";"1";"2";"PETITS PONTS (ROUTE DES)";"48,9643220";"2,5656420"
"201900048362";"26";"9";"2019";"08:30";"1";"93";"93073";"1";"1";"2";"2";"CHAPIT RE ( RUE DU)";"48,9496000";"2,5684000"
"201900048363";"26";"9";"2019";"11:30";"1";"93";"93064";"2";"9";"2";"6";"DE GAULLE (AV DU GENERAL) 0 / 56 - 47";"48,8813000";"2,4783800"
"201900048364";"26";"9";"2019";"10:10";"1";"93";"93062";"2";"1";"2";"6";"THIERS (AVENUE)";"48,9008000";"2,5133000"
"201900048365";"26";"9";"2019";"18:05";"1";"93";"93048";"2";"2";"1";"2";"FRANKLIN (RUE)";"48,8606000";"2,4434000"
"201900048366";"26";"9";"2019";"09:00";"1";"93";"93046";"2";"3";"2";"3";"WINSTON CHURCHILL AVENUE";"48,9140000";"2,5353000"
"201900048367";"26";"9";"2019";"08:25";"2";"93";"93014";"2";"1";"2";"3";"SEVIGNE (AVENUE DE)";"48,9130660";"2,5445390"
"201900048368";"25";"9";"2019";"12:18";"1";"93";"93014";"2";"9";"3";"1";"STRATEGIQUE (ROUTE)";"48,9208600";"2,5589000"
"201900048369";"25";"9";"2019";"12:25";"1";"93";"93014";"2";"1";"2";"1";"MAURICE AUDIN (ALLEE)";"48,9082500";"2,5376500"
"201900048370";"26";"9";"2019";"10:30";"1";"93";"93005";"2";"6";"2";"2";"DOCTEUR FLEMING (RUE DU)";"48,9520000";"2,5170000"
"201900048371";"26";"9";"2019";"17:15";"1";"93";"93001";"2";"2";"1";"3";"FILLETTES (RUE DES)";"48,9059400";"2,3669500"
"201900048372";"26";"9";"2019";"13:25";"1";"93";"93001";"2";"1";"1";"3";"COMMUNE DE PARIS (RUE DE LA )  => 38/45";"48,9142800";"2,3817800"
"201900048373";"25";"9";"2019";"14:35";"1";"92";"92064";"2";"1";"1";"2";"CALVAIRE";"48,8485600";"2,2184300"
"201900048374";"26";"9";"2019";"21:30";"5";"92";"92062";"2";"9";"1";"3";"GENERAL DE GAULLE (AV) DU 63 AU 107";"48,8875700";"2,2329600"
"201900048375";"26";"9";"2019";"08:33";"1";"92";"92051";"2";"3";"8";"3";"MONTROSIER (RUE)/  CHARLES DE GAULLE (AVENUE, N° 18 A 116)";"48,8793120";"2,2784910"
"201900048376";"26";"9";"2019";"09:35";"1";"92";"92023";"2";"3";"2";"3";"PORTE DE TRIVAUX (RUE DE) N°57 A 197 ET";"48,7885000";"2,2497900"
"201900048377";"26";"9";"2019";"07:45";"2";"92";"92012";"2";"1";"2";"6";"CHATEAU (RUE DU) 1/125 - 2/136";"48,8428700";"2,2432000"
"201900048378";"25";"9";"2019";"19:25";"1";"92";"92012";"2";"2";"2";"3";"ANDRE MORIZET (AVENUE) ";"48,8398579";"2,2302968"
"201900048379";"27";"9";"2019";"05:50";"3";"37";"37175";"1";"1";"1";"6";"D 47 , PR 16+600";"47,5474850";"0,7884860"
"201900048380";"27";"9";"2019";"07:00";"2";"62";"62183";"1";"1";"8";"2";"D939";"50,3884490";"1,8591190"
"201900048381";"16";"9";"2019";"08:00";"1";"38";"38131";"1";"4";"1";"2";"D 131";"45,4322900";"4,8732800"
"201900048382";"29";"7";"2019";"14:30";"1";"6";"06149";"1";"1";"1";"6";"d2204b";"43,7480710";"7,3171440"
"201900048383";"12";"9";"2019";"14:00";"1";"68";"68026";"2";"1";"1";"6";"RD4 - Bennwhr Gare";"48,1309900";"7,3563950"
"201900048384";"25";"9";"2019";"20:25";"5";"10";"10100";"2";"1";"1";"1";"18 Rue de l'Église";"48,2084440";"4,1905590"
"201900048385";"26";"9";"2019";"12:05";"1";"19";"19136";"2";"1";"2";"1";"rue de la cote";"45,5368500";"2,1397900"
"201900048386";"27";"9";"2019";"16:15";"1";"79";"79161";"1";"1";"1";"1";"N/A";"46,9141500";" -0,1957600"
"201900048387";"27";"9";"2019";"09:30";"1";"65";"65121";"2";"1";"1";"7";"14 Route de Bazillac";"43,3591512";"0,0791431"
"201900048388";"26";"9";"2019";"09:45";"1";"81";"81048";"1";"3";"1";"1";"D600 PK34+700";"43,9573449";"2,1108973"
"201900048389";"27";"9";"2019";"18:15";"1";"61";"61443";"1";"1";"1";"6";"La Pannetière";"48,7355670";" -0,6388860"
"201900048390";"27";"9";"2019";"10:00";"1";"34";"34310";"1";"1";"1";"7";"D19 PK18+700";"43,4186810";"3,1621820"
"201900048391";"27";"9";"2019";"04:30";"3";"34";"34038";"1";"1";"1";"6";"D8";"43,7048740";"3,1645000"
"201900048392";"25";"9";"2019";"21:30";"3";"58";"58122";"1";"1";"2";"7";"D 221";"47,2853610";"3,0485420"
"201900048393";"24";"8";"2019";"19:45";"5";"973";"97302";"2";"9";"1";"3";"MANDELA  (BOULEVARD)";"4,9416258";" -52,3270494"
"201900048394";"23";"8";"2019";"14:29";"1";"973";"97302";"2";"2";"1";"3";"MONTABO (ROUTE DE) 1";"4,9435177";" -52,3187935"
"201900048395";"22";"8";"2019";"11:25";"1";"973";"97302";"2";"9";"1";"1";"TIGRE (ROUTE DU)";"4,9177141";" -52,3135471"
"201900048396";"24";"8";"2019";"21:15";"5";"69";"69387";"2";"3";"1";"6";"TONY GARNIER                        (AV)";"45,7264500";"4,8355400"
"201900048397";"23";"8";"2019";"15:00";"1";"69";"69259";"2";"2";"1";"3";"YVES FARGE                          (R )";"45,6886400";"4,8615740"
"201900048398";"23";"8";"2019";"14:45";"1";"69";"69386";"2";"2";"1";"3";"GERMAIN                             (R )";"45,7651400";"4,8636200"
"201900048399";"22";"8";"2019";"21:06";"5";"69";"69388";"2";"2";"1";"7";"JEAN SARRAZIN                       (R )";"45,7311800";"4,8660900"
"201900048400";"22";"8";"2019";"19:30";"1";"69";"69199";"2";"9";"1";"6";"TERTRE (DU)                         (PL)";"45,6923500";"4,8554400"
"201900048401";"22";"8";"2019";"17:20";"1";"69";"69259";"2";"1";"1";"4";"PRESIDENT SALVADOR ALLENDE (DU)     (R )";"45,6962500";"4,8979100"
"201900048402";"23";"8";"2019";"01:45";"5";"972";"97213";"1";"1";"1";"7";"ROUTE DEPARTEMENTALE 15";"14,6521000";" -60,0112000"
"201900048403";"22";"8";"2019";"16:15";"1";"972";"97213";"2";"1";"1";"6";"FOUR A CHAUX (CHEMIN DU)";"14,6100050";" -61,0008870"
"201900048404";"22";"8";"2019";"13:25";"1";"972";"97213";"1";"9";"1";"2";"ROUTE NATIONALE 5";"14,5970000";" -60,9960000"
"201900048405";"21";"8";"2019";"18:10";"1";"972";"97213";"2";"1";"1";"6";"ROUTE DEPARTEMENTALE 15";"14,6271500";" -61,0084500"
"201900048406";"24";"8";"2019";"06:30";"1";"972";"97209";"2";"1";"2";"7";"Chateauboeuf  (Pont de)";"14,6187200";" -61,0395400"
"201900048407";"24";"8";"2019";"00:45";"5";"972";"97209";"1";"6";"2";"7";"PROFESSEUR RAYMOND GARCIN (RUE DU)";"14,6273500";" -61,0790000"
"201900048408";"22";"8";"2019";"00:00";"3";"972";"97209";"2";"1";"1";"1";"RD 41 (ROCADE)";"14,6155800";" -61,0718800"
"201900048409";"24";"8";"2019";"17:15";"1";"69";"69382";"2";"7";"1";"3";"BARRE (DE LA)                       (R )";"45,7578600";"4,8343300"
"201900048410";"22";"8";"2019";"13:15";"1";"69";"69286";"2";"3";"1";"3";"PESAGE (DU)                         (R )";"45,8169100";"4,8892600"
"201900048411";"22";"8";"2019";"11:45";"1";"2B";"2B037";"2";"1";"1";"6";"MARANA (ROUTE)";"42,6139500";"9,4801600"
"201900048412";"21";"8";"2019";"09:40";"1";"2B";"2B033";"2";"1";"1";"2";"AV DE LA LIBERATION";"42,6817300";"9,4440300"
"201900048413";"22";"8";"2019";"09:15";"1";"95";"95218";"2";"2";"1";"6";"JACQUES DUCLOS (BOULEVARD)";"49,0184200";"2,0961600"
"201900048414";"24";"8";"2019";"17:30";"1";"91";"91326";"2";"3";"1";"3";"MONTAINS (RUE DES)";"48,6905500";"2,3860100"
"201900048415";"22";"8";"2019";"22:30";"5";"91";"91552";"2";"1";"1";"4";"CORBEIL (ROUTE DE)";"48,5936900";"2,2628600"
"201900048416";"20";"8";"2019";"15:09";"1";"87";"87085";"2";"1";"1";"7";"MADOUMIER (RUE MARCEL)";"45,8367500";"1,2247200"
"201900048417";"21";"8";"2019";"21:30";"3";"86";"86041";"1";"1";"1";"2";"RN 147 BUXEROLLES";"46,6153629";"0,3835716"
"201900048418";"22";"8";"2019";"10:35";"1";"86";"86194";"2";"1";"1";"2";"NANTES (AVENUE DE)";"46,5840800";"0,3316700"
"201900048419";"22";"8";"2019";"09:30";"1";"86";"86214";"1";"1";"1";"2";"ROCADE SUD EST (RD 162)";"46,5518300";"0,3213100"
"201900048420";"19";"8";"2019";"12:00";"1";"86";"86066";"2";"1";"1";"6";"ESTREES (BOULEVARD GABRIELLE D')";"46,7998097";"0,5255990"
"201900048421";"14";"8";"2019";"09:15";"1";"84";"84007";"2";"1";"1";"6";"OULLE (Allées de l')";"43,9505760";"4,8019152"
"201900048422";"23";"8";"2019";"00:05";"3";"84";"84007";"2";"1";"1";"6";"VERTES RIVES (Avenue des ) - MONTFAVET";"43,9377510";"4,8852130"
"201900048423";"22";"8";"2019";"22:04";"5";"83";"83137";"2";"1";"1";"6";"ESTIENNE D'ORVES (AVE)";"43,1268239";"5,9146126"
"201900048424";"20";"8";"2019";"14:55";"1";"80";"80021";"2";"1";"1";"3";"LUXEMBOURG (AVENUE DU)";"49,8709400";"2,2807800"
"201900048425";"20";"8";"2019";"18:20";"1";"78";"78646";"2";"1";"1";"2";"MARECHAL JOFFRE (RUE DU)";"48,7958010";"2,1218190"
"201900048426";"23";"8";"2019";"06:00";"5";"77";"77251";"1";"1";"1";"7";"D402 -AV. PAUL DELOUVRIER";"48,6231600";"2,5605600"
"201900048427";"21";"8";"2019";"19:40";"1";"77";"77186";"1";"2";"1";"3";"D606 X D115";"48,4811200";"2,6693300"
"201900048428";"23";"8";"2019";"01:10";"5";"76";"76540";"2";"2";"1";"2";"BRETAGNE. AVENUE DE";"49,4330859";"1,0852094"
"201900048429";"21";"8";"2019";"01:00";"5";"76";"76351";"2";"2";"1";"6";"AUGUSTE BLANQUI";"49,5022300";"0,1610100"
"201900048430";"22";"8";"2019";"21:08";"5";"74";"74010";"2";"1";"1";"6";"EUSTACHE CHAPPUIS";"45,8992000";"6,1286000"
"201900048431";"23";"8";"2019";"21:15";"5";"71";"71306";"2";"1";"1";"6";"DE LATTRE DE TASSIGNY (BLD DU MARECHAL)";"46,6715960";"4,3849500"
"201900048432";"24";"8";"2019";"15:45";"1";"69";"69029";"1";"2";"7";"3";"PIERRE MENDES FRANCE                (AV)";"45,7178900";"4,9095100"
"201900048433";"24";"8";"2019";"08:20";"1";"69";"69266";"2";"8";"1";"5";"FREDERIC FAYS      (Rue)";"45,7580400";"4,9077400"
"201900048434";"23";"8";"2019";"15:30";"1";"69";"69290";"2";"1";"1";"3";"COLETTE                             (R )";"45,6911200";"4,9401300"
"201900048435";"23";"8";"2019";"16:10";"1";"69";"69264";"2";"1";"1";"6";"BERNAND ETIENNE ( boulvard) ";"45,9857500";"4,7150700"
"201900048436";"22";"8";"2019";"08:30";"1";"67";"67204";"1";"1";"1";"6";"FONTAINE (RUE DE LA)";"48,6244500";"7,7413900"
"201900048437";"15";"8";"2019";"15:55";"1";"67";"67482";"2";"1";"1";"6";"ILL (RUE DE L )";"48,6127200";"7,7746400"
"201900048438";"22";"8";"2019";"16:15";"1";"66";"66136";"2";"1";"1";"6";"KENNEDY (BD JOHN-FITZGERALD)";"42,6868814";"2,9064920"
"201900048439";"22";"8";"2019";"09:20";"1";"64";"64129";"2";"9";"1";"6";"BAYONNE DE";"43,3010188";" -0,3942833"
"201900048440";"21";"8";"2019";"19:15";"1";"63";"63300";"2";"1";"1";"1";"Hans et Sophie SCHOLL";"45,8851431";"3,1205463"
"201900048441";"21";"8";"2019";"17:00";"1";"62";"62617";"2";"1";"1";"2";"ROUTE NATIONALE (CD 937)";"50,4720300";"2,6694200"
"201900048442";"22";"8";"2019";"17:50";"1";"62";"62193";"1";"1";"1";"3";"A216";"50,9492300";"1,9052800"
"201900048443";"21";"8";"2019";"22:40";"5";"62";"62178";"2";"1";"1";"6";"BASLY ( EMILE )";"50,4846500";"2,5339900"
"201900048444";"23";"8";"2019";"19:25";"1";"59";"59599";"2";"1";"1";"4";"HALLUIN (BOULEVARD D')";"50,7305000";"3,1394000"