"Num_Acc";"jour";"mois";"an";"hrmn";"lum";"dep";"com";"agg";"int";"atm";"col";"adr";"lat";"long"
"201900048445";"23";"8";"2019";"12:55";"1";"59";"59352";"2";"9";"1";"3";"CASTELNAU (RUE)";"50,7369600";"3,0737000"
"201900048446";"23";"8";"2019";"18:00";"1";"59";"59350";"2";"9";"1";"1";"DUNKERQUE AVENUE DE";"50,6452010";"3,0119850"
"201900048447";"21";"8";"2019";"18:15";"1";"59";"59488";"2";"1";"1";"3";"ROUTE D'ARRAS";"50,1903301";"3,1675550"
"201900048448";"23";"8";"2019";"17:20";"1";"59";"59143";"2";"1";"1";"6";"NATIONALE (ROUTE)IWEZ MACQUART";"50,6599900";"2,9277500"
"201900048449";"23";"8";"2019";"09:20";"1";"59";"59017";"2";"1";"1";"6";"LILLE (RUE DE )";"50,6854900";"2,8818800"
"201900048450";"22";"8";"2019";"14:00";"1";"56";"56098";"2";"1";"1";"3";"LAGRANGE (RUE  LEO )";"47,7667600";" -3,3421400"
"201900048451";"22";"8";"2019";"15:55";"1";"56";"56121";"2";"6";"1";"6";"LE GONIDEC (RUE  JF)";"47,7435700";" -3,3937900"
"201900048452";"22";"8";"2019";"12:10";"1";"56";"56121";"2";"6";"1";"6";"LE BARILLEC (RUE  DU COLONEL )";"47,7622400";" -3,3964500"
"201900048453";"21";"8";"2019";"20:20";"1";"56";"56083";"2";"3";"1";"3";"TALHOUET (RUE  DU )";"47,8171200";" -3,2592500"
"201900048454";"24";"8";"2019";"12:00";"1";"54";"54395";"2";"1";"1";"3";"VINGT SIXIEME R.I.";"48,6976400";"6,1885300"
"201900048455";"22";"8";"2019";"19:03";"1";"54";"54395";"2";"6";"1";"7";"PINCHARD (AVENUE - OMBELLES)";"48,7010400";"6,1474810"
"201900048456";"22";"8";"2019";"15:45";"1";"54";"54578";"2";"1";"1";"3";"MULLER (AVENUE PAUL)";"48,6576000";"6,1130700"
"201900048457";"22";"8";"2019";"09:15";"1";"54";"54578";"2";"1";"1";"7";"MULLER (AVENUE PAUL)";"48,6587800";"6,1169600"
"201900048458";"23";"8";"2019";"10:55";"1";"54";"54382";"1";"1";"1";"7";"RN52";"49,5427360";"5,7630830"
"201900048459";"22";"8";"2019";"14:53";"1";"54";"54391";"1";"1";"1";"1";"RD643";"49,2372600";"5,9524800"
"201900048460";"23";"8";"2019";"08:55";"1";"53";"53130";"2";"1";"1";"6";"AVESNIERES ( QUAI D' )";"48,0611910";" -0,7643370"
"201900048461";"21";"8";"2019";"20:15";"1";"51";"51108";"2";"3";"1";"3";"AVENUE DU GENERAL SARRAIL";"48,9754902";"4,3576315"
"201900048462";"21";"8";"2019";"15:25";"1";"50";"50532";"1";"1";"1";"2";"D973";"48,8079010";" -1,5346920"
"201900048463";"21";"8";"2019";"16:10";"1";"50";"50203";"2";"1";"1";"6";"ROUGES TERRES (LES)";"49,6204600";" -1,6140300"
"201900048464";"20";"8";"2019";"17:25";"1";"50";"50416";"1";"1";"1";"1";"VAL AVRIL (RUE DU)";"49,6556900";" -1,6994300"
"201900048465";"23";"8";"2019";"03:25";"3";"49";"49099";"1";"1";"1";"6";"RD 752";"47,0113300";" -0,8846600"
"201900048466";"22";"8";"2019";"08:29";"1";"49";"49007";"2";"1";"1";"4";"DUNANT BOULEVARD";"47,4831700";" -0,5234800"
"201900048467";"22";"8";"2019";"08:23";"1";"49";"49007";"2";"1";"1";"3";"RESISTANCE ET DEPORTATION BLD";"47,4714700";" -0,5470700"
"201900048468";"22";"8";"2019";"18:31";"1";"49";"49007";"2";"1";"1";"6";"LAREVELLIERE";"47,4711800";" -0,5325500"
"201900048469";"22";"8";"2019";"10:36";"1";"49";"49007";"2";"1";"1";"7";"CAMUS BOULEVARD";"47,4835100";" -0,5760600"
"201900048470";"22";"8";"2019";"08:30";"1";"49";"49353";"2";"1";"1";"3";"CAMUS";"47,4563200";" -0,5082700"
"201900048471";"21";"8";"2019";"18:30";"1";"47";"47001";"1";"6";"1";"3";"RIOLS (ALLEE DE)";"44,1788900";"0,6186800"
"201900048472";"22";"8";"2019";"11:30";"1";"44";"44184";"2";"1";"1";"6";"VECQUERIE (RUE DE LA)";"47,2565000";" -2,2588000"
"201900048473";"24";"8";"2019";"14:00";"1";"44";"44114";"2";"1";"1";"3";"ROUTE DE VANNES";"47,2434719";" -1,5977798"
"201900048474";"22";"8";"2019";"07:22";"1";"44";"44109";"2";"1";"1";"6";"RUE BAPTISTE MARCET";"47,2140660";" -1,6025970"
"201900048475";"22";"8";"2019";"00:52";"3";"44";"44190";"1";"1";"1";"6";"PERIPHERIQUE SUD";"47,2005600";" -1,4840200"
"201900048476";"24";"8";"2019";"19:45";"1";"43";"43157";"2";"1";"1";"6";"ALLENDE ( AVENUE SALVADOR)";"45,0258300";"3,8817500"
"201900048477";"22";"8";"2019";"12:15";"1";"42";"42316";"2";"1";"1";"6";"PASTEUR (RUE)";"45,3966600";"4,2650500"
"201900048478";"21";"8";"2019";"20:50";"1";"42";"42095";"2";"6";"1";"7";"RD 500-1";"45,3883500";"4,3012100"
"201900048479";"22";"8";"2019";"14:50";"1";"37";"37214";"2";"1";"1";"6";"DE GAULLE (BD CHARLES)";"47,4160398";"0,6677180"
"201900048480";"22";"8";"2019";"15:50";"1";"37";"37261";"2";"1";"1";"2";"GANCE (BOULEVARD ABEL)";"47,4089047";"0,7209671"
"201900048481";"22";"8";"2019";"08:40";"1";"37";"37261";"2";"9";"1";"1";"MONTJOYEUX (AVENUE)";"47,3634000";"0,7012000"
"201900048482";"23";"8";"2019";"18:45";"1";"35";"35281";"2";"1";"1";"3";"MENDES FRANCE (BD PIERRE)";"48,0949200";" -1,6912300"
"201900048483";"21";"8";"2019";"08:24";"1";"35";"35238";"2";"9";"1";"6";"CHEZY (BD DE)";"48,1124680";" -1,6866900"
"201900048484";"21";"8";"2019";"22:56";"5";"34";"34172";"2";"2";"1";"3";"PONT JUVENAL (AVENUE DU)";"43,6059025";"3,8940898"
"201900048485";"22";"8";"2019";"15:05";"1";"34";"34003";"2";"1";"1";"6";"SERGENTS (I14 A K17";"43,2865500";"3,5073900"
"201900048486";"24";"8";"2019";"13:45";"1";"33";"33119";"2";"2";"1";"3";"RUE PAULINE KERGOMARD";"44,8487800";" -0,5076400"
"201900048487";"23";"8";"2019";"21:30";"5";"33";"33063";"2";"2";"1";"2";"Quai de Bacalan / R. Lucien Faure";"44,8600000";" -0,5541100"
"201900048488";"23";"8";"2019";"12:45";"1";"33";"33281";"2";"6";"1";"6";"TPC Av. Roland Garros - VL sens Av.Roland Garros vers AV.du Souvenir";"44,8162700";" -0,6807300"
"201900048489";"10";"8";"2019";"16:35";"1";"33";"33281";"2";"2";"1";"3";"LECLERC (AVE DU MARECHAL)";"44,8370200";" -0,6470400"
"201900048490";"22";"8";"2019";"20:33";"2";"33";"33550";"2";"3";"1";"3";"RUE DU DOCTEUR SCHWEITZER";"44,7737700";" -0,5308000"
"201900048491";"26";"7";"2019";"16:30";"1";"33";"33039";"2";"2";"2";"1";"RTE DE TOULOUSE";"44,7969300";" -0,5683300"
"201900048492";"21";"8";"2019";"13:50";"1";"33";"33200";"1";"6";"1";"6";"D1215";"44,8914600";" -0,6711100"
"201900048493";"22";"8";"2019";"18:00";"1";"33";"33529";"1";"3";"1";"3";"PALUE (CH. DE LA)";"44,6331100";" -1,1614100"
"201900048494";"22";"8";"2019";"20:15";"1";"33";"33529";"2";"6";"1";"6";"LECLERC (AVE DU GAL) DU 01 ET +";"44,6393700";" -1,1470600"
"201900048495";"20";"8";"2019";"16:50";"1";"33";"33529";"1";"1";"1";"3";"BISCAROSSE (AVE) DUNE VERS BISCA";"44,5414300";" -1,2390300"
"201900048496";"21";"8";"2019";"11:20";"1";"32";"32013";"2";"1";"1";"6";"TREILLE (PONT DE LA)";"43,6489400";"0,5894000"
"201900048497";"21";"8";"2019";"15:18";"1";"32";"32013";"2";"1";"1";"6";"VOLTAIRE";"43,6465800";"0,5918400"
"201900048498";"22";"8";"2019";"10:00";"1";"31";"31149";"2";"6";"1";"3";"FONTAINE LUMINEUSE (Rd Point)";"43,6095400";"1,3526400"
"201900048499";"24";"8";"2019";"15:05";"1";"31";"31344";"1";"1";"1";"7";"POINTIS INARD (ROUTE DE)";"43,0972722";"0,7698746"
"201900048500";"24";"8";"2019";"04:30";"3";"30";"30189";"2";"1";"1";"6";"BEAUCAIRE (ROUTE)";"43,8352000";"4,4068800"
"201900048501";"21";"8";"2019";"10:20";"1";"30";"30189";"2";"1";"1";"3";"AVIGNON (ROUTE)";"43,8418100";"4,3772200"
"201900048502";"7";"8";"2019";"17:30";"1";"30";"30007";"1";"6";"1";"3";"NIMES (ROUTE DE)";"44,1089600";"4,1017500"
"201900048503";"22";"8";"2019";"14:45";"1";"29";"29232";"2";"6";"1";"7";"FLANDRES DUNKERQUE 1940 BOULEVARD";"47,9798545";" -4,0806249"
"201900048504";"20";"8";"2019";"12:30";"1";"29";"29232";"2";"1";"1";"6";"LAPERRINE HENRY RUE";"48,0025400";" -4,1076900"
"201900048505";"13";"8";"2019";"14:35";"1";"26";"26362";"2";"1";"1";"5";"PROVENCE AVENUE DE";"44,9199800";"4,8783200"
"201900048506";"23";"8";"2019";"07:50";"1";"17";"17333";"2";"2";"1";"7";"TOURTET (AV. LT COLONEL)";"45,6064400";" -0,9901700"
"201900048507";"22";"8";"2019";"13:10";"1";"17";"17300";"2";"1";"1";"2";"GRASSET   AVENUE EDMOND (61-85B)";"46,1633300";" -1,1682600"
"201900048508";"20";"8";"2019";"09:31";"1";"14";"14225";"2";"1";"1";"6";"GAULLE (RUE DU GAL)";"49,2854495";" -0,1022664"
"201900048509";"21";"8";"2019";"18:50";"1";"13";"13019";"1";"1";"1";"6";"CD6";"43,4240000";"5,3760000"
"201900048510";"16";"8";"2019";"19:15";"1";"13";"13056";"2";"1";"1";"2";"TURCAN FRANCIS";"43,4127300";"5,0506400"
"201900048511";"24";"8";"2019";"19:24";"1";"13";"13202";"2";"2";"1";"3";"VINCENT LEBLANC (RUE)";"43,3043300";"5,3685922"
"201900048512";"24";"8";"2019";"11:55";"1";"13";"13211";"2";"1";"1";"3";"SAINT MARCEL (BOULEVARD DE )";"43,2887300";"5,4583400"
"201900048513";"23";"8";"2019";"18:00";"1";"13";"13213";"2";"1";"1";"3";"FRAIS VALLON (AVENUE)";"43,3236000";"5,4296000"
"201900048514";"23";"8";"2019";"18:10";"1";"13";"13213";"2";"1";"1";"6";"CROIX ROUGE (AVENUE)";"43,3180100";"5,3741200"
"201900048515";"23";"8";"2019";"14:45";"1";"13";"13213";"2";"2";"1";"2";"ROSE (AVENUE DE LA)";"43,3263870";"5,4216340"
"201900048516";"23";"8";"2019";"11:10";"1";"13";"13215";"2";"1";"1";"3";"LYON (RUE DE)";"43,3224066";"5,3691118"
"201900048517";"23";"8";"2019";"00:10";"5";"13";"13205";"2";"1";"1";"7";"CHAVE (BOULEVARD)";"43,2954300";"5,3921700"
"201900048518";"22";"8";"2019";"19:18";"1";"13";"13206";"2";"3";"2";"7";"FONTANGE (RUE)";"43,2919500";"5,3851000"
"201900048519";"22";"8";"2019";"06:33";"2";"13";"13201";"2";"2";"1";"6";"GARIBALDI (BOULEVARD) N° IMPAIRS";"43,2974700";"5,3810200"
"201900048520";"20";"8";"2019";"23:20";"5";"13";"13206";"2";"2";"1";"3";"ROME (RUE DE)";"43,2911800";"5,3808000"
"201900048521";"24";"8";"2019";"19:40";"1";"13";"13004";"2";"1";"1";"5";"RTE N570 AVIGNON STES MARIES";"43,7190600";"4,6468500"
"201900048522";"23";"8";"2019";"13:35";"1";"12";"12176";"1";"1";"1";"2";"RD 840";"44,3924300";"2,5106200"
"201900048523";"22";"8";"2019";"20:00";"1";"12";"12089";"1";"1";"1";"6";"D 963";"44,5813120";"2,2452490"
"201900048524";"18";"8";"2019";"20:55";"5";"11";"11069";"2";"3";"1";"3";"BLUM PAIRS JUSQUAU 1402";"43,2241000";"2,3539000"
"201900048525";"24";"8";"2019";"09:15";"1";"10";"10081";"2";"6";"1";"3";"CD60";"48,3085000";"4,0209000"
"201900048526";"22";"8";"2019";"11:30";"1";"10";"10333";"2";"1";"7";"6";"CHARLES DE REFUGE (RUE)";"48,2811000";"4,0517200"
"201900048527";"22";"8";"2019";"11:20";"1";"8";"08105";"2";"1";"1";"6";"CHARCOT J. QUAI";"49,7754380";"4,7246180"
"201900048528";"20";"8";"2019";"14:40";"1";"8";"08105";"2";"1";"1";"6";"MONGE";"49,7606450";"4,7179040"
"201900048529";"23";"8";"2019";"00:30";"5";"6";"06088";"2";"1";"1";"2";"ANGLAIS (DU N° 265 AU N° 350)";"43,6708510";"7,2239640"
"201900048530";"22";"8";"2019";"15:00";"1";"6";"06088";"2";"1";"1";"2";"VOIE RAPIDE";"43,7045600";"7,2587500"
"201900048531";"24";"8";"2019";"10:26";"1";"6";"06069";"2";"1";"1";"6";"CAPUCINS (CHEMIN ET IMPASSE DES)";"43,6530930";"6,9293370"
"201900048532";"23";"8";"2019";"18:55";"1";"6";"06069";"2";"1";"3";"7";"BON MARCHE (AVENUE ET TRAVERSE DU)";"43,6613110";"6,9280690"
"201900048533";"23";"8";"2019";"07:15";"1";"6";"06069";"2";"6";"1";"3";"CAPUCINS (CHEMIN ET IMPASSE DES)";"43,6497820";"6,9315490"
"201900048534";"22";"8";"2019";"17:30";"1";"6";"06027";"2";"1";"1";"3";"115 AVENUE DE NICE (RM 6007)";"43,6595850";"7,1692640"
"201900048535";"21";"8";"2019";"08:25";"1";"4";"04070";"2";"1";"7";"6";"RD 19 Av du 8 mai 1945";"44,0900292";"6,2373027"
"201900048536";"23";"8";"2019";"18:30";"1";"75";"75119";"2";"1";"1";"4";"BD PERIPHERIQUE INTERIEUR";"48,8848550";"2,3980600"
"201900048537";"23";"8";"2019";"15:55";"1";"75";"75114";"2";"2";"1";"6";"RUE D ALESIA";"48,8264501";"2,3415872"
"201900048538";"21";"8";"2019";"19:25";"2";"75";"75104";"2";"3";"1";"7";"RUE DE SEVIGNE";"48,8550648";"2,3616730"
"201900048539";"24";"8";"2019";"14:00";"1";"75";"75106";"2";"5";"1";"3";"RUE DES ECOLES";"48,8503453";"2,3426137"
"201900048540";"23";"8";"2019";"10:20";"1";"75";"75106";"2";"1";"1";"6";"RUE MAYET";"48,8461700";"2,3194340"
"201900048541";"22";"8";"2019";"13:35";"1";"75";"75113";"2";"1";"1";"6";"BOULEVARD VINCENT AURIOL";"48,8337710";"2,3641416"
"201900048542";"24";"8";"2019";"15:50";"1";"75";"75111";"2";"3";"1";"6";"RUE DU FAUBOURG DU TEMPLE";"48,8701420";"2,3715502"
"201900048543";"23";"8";"2019";"09:37";"1";"75";"75119";"2";"7";"1";"6";"BOULEVARD DE LA VILLETTE";"48,8827862";"2,3702819"
"201900048544";"23";"8";"2019";"00:30";"5";"75";"75119";"2";"2";"1";"6";"AVENUE CORENTIN CARIOU";"48,8983563";"2,3861888"
"201900048545";"24";"8";"2019";"13:20";"1";"75";"75118";"2";"7";"1";"6";"BOULEVARD DE CLICHY";"48,8846915";"2,3294502"
"201900048546";"23";"8";"2019";"21:00";"5";"75";"75116";"2";"1";"1";"2";"ALLEE DU BORD DE L EAU";"48,8707300";"2,2400340"
"201900048547";"24";"8";"2019";"18:35";"1";"75";"75114";"2";"7";"1";"6";"PLACE DU VINGT CINQ AOUT 1944";"48,8230617";"2,3254943"
"201900048548";"23";"8";"2019";"20:00";"1";"75";"75115";"2";"1";"1";"6";"PLACE DES MARTYRS DE LA RESISTANCE";"48,8332150";"2,2770670"
"201900048549";"21";"8";"2019";"22:45";"5";"75";"75115";"2";"1";"1";"6";"RUE BRANCION";"48,8332458";"2,3039147"
"201900048550";"24";"8";"2019";"05:10";"5";"75";"75105";"2";"4";"1";"2";"BOULEVARD DE L HOPITAL";"48,8409425";"2,3625039"
"201900048551";"24";"8";"2019";"02:29";"5";"75";"75113";"2";"2";"1";"6";"AVENUE DES GOBELINS";"48,8367860";"2,3518790"
"201900048552";"23";"8";"2019";"20:55";"5";"75";"75113";"2";"2";"1";"6";"RUE DE LA GLACIERE";"48,8264499";"2,3417964"
"201900048553";"23";"8";"2019";"14:33";"1";"75";"75113";"2";"2";"1";"3";"BOULEVARD DE L HOPITAL";"48,8365716";"2,3592918"
"201900048554";"22";"8";"2019";"08:20";"1";"75";"75113";"2";"2";"1";"3";"RUE NATIONALE";"48,8216993";"2,3693634"
"201900048555";"24";"8";"2019";"08:50";"1";"75";"75112";"2";"3";"1";"3";"ROUTE DU PESAGE";"48,8206080";"2,4453540"
"201900048556";"23";"8";"2019";"20:40";"2";"75";"75112";"2";"4";"1";"3";"BOULEVARD DIDEROT";"48,8465346";"2,3796650"
"201900048557";"22";"8";"2019";"16:50";"1";"75";"75111";"2";"2";"1";"6";"BOULEVARD VOLTAIRE";"48,8547110";"2,3853050"
"201900048558";"22";"8";"2019";"16:05";"1";"75";"75110";"2";"2";"1";"3";"RUE PHILIPPE DE GIRARD";"48,8806240";"2,3620100"
"201900048559";"23";"8";"2019";"03:00";"5";"75";"75108";"2";"2";"1";"3";"AVENUE MONTAIGNE";"48,8670156";"2,3063189"
"201900048560";"21";"8";"2019";"13:30";"1";"75";"75108";"2";"4";"1";"2";"BOULEVARD HAUSSMANN";"48,8739315";"2,3258024"
"201900048561";"24";"8";"2019";"00:40";"5";"75";"75107";"2";"3";"1";"7";"QUAI ANATOLE FRANCE";"48,8611260";"2,3241560"
"201900048562";"22";"8";"2019";"13:44";"1";"75";"75115";"2";"3";"1";"5";"QUAI BRANLY";"48,8574690";"2,2910540"
"201900048563";"23";"8";"2019";"17:00";"1";"75";"75103";"2";"1";"7";"7";"RUE DE TURENNE";"48,8577960";"2,3644720"
"201900048564";"21";"8";"2019";"11:50";"1";"94";"94081";"2";"1";"1";"6";"GENERAL DE GAULLE (R DU)";"48,7935100";"2,3926000"
"201900048565";"22";"8";"2019";"11:45";"1";"94";"94077";"2";"1";"1";"2";"VERDUN (COUR DE)";"48,7378400";"2,4080300"
"201900048566";"23";"8";"2019";"23:35";"5";"94";"94042";"2";"2";"1";"3";"GENERAL GALLIENI (AV DU)";"48,8200300";"2,4784200"
"201900048567";"22";"8";"2019";"00:05";"5";"94";"94041";"2";"1";"1";"7";"LOUIS BERTRAND (R)";"48,8169300";"2,3778700"
"201900048568";"17";"7";"2019";"11:30";"1";"83";"83068";"1";"1";"1";"6";"Route du littoral ";"43,2813700";"6,5832950"
"201900048569";"17";"7";"2019";"10:45";"1";"5";"05079";"1";"1";"1";"3";"route départementale 1091";"45,0289810";"6,4463510"
"201900048570";"17";"7";"2019";"18:15";"1";"4";"04220";"1";"1";"1";"4";"RD 900";"44,3935730";"6,5587470"
"201900048571";"16";"7";"2019";"12:30";"1";"89";"89453";"1";"1";"1";"6";"D158";"47,7925081";"3,5238521"
"201900048572";"16";"6";"2019";"19:10";"1";"67";"67205";"2";"1";"1";"6";"Rue Brandt";"48,6997070";"7,7814940"
"201900048573";"17";"7";"2019";"01:25";"3";"54";"54397";"2";"1";"1";"7";"RD115";"48,6131990";"6,1201030"
"201900048574";"16";"7";"2019";"15:20";"1";"26";"26168";"1";"1";"1";"7";"lieu dit "" Cassarel""";"44,7107370";"5,6773440"
"201900048575";"17";"7";"2019";"07:55";"1";"69";"69143";"2";"6";"1";"3";"Avenue Auguste Wissel";"45,8764136";"4,8430312"
"201900048576";"15";"7";"2019";"17:55";"1";"32";"32312";"2";"1";"1";"7";"RD 626 - PR50+100";"43,6220140";"0,6406200"
"201900048577";"14";"7";"2019";"04:55";"3";"40";"40043";"1";"1";"1";"7";"D652";"44,1222800";" -1,3021190"
"201900048578";"16";"7";"2019";"07:50";"1";"33";"33274";"2";"6";"1";"3";"D214E9 Route de Bernin / rue du Hameau des Sources";"44,7181900";" -0,5395800"
"201900048579";"6";"7";"2019";"02:20";"5";"29";"29103";"2";"6";"1";"7";"Rue de la Petite Palud";"48,4491790";" -4,2545950"
"201900048580";"16";"7";"2019";"23:15";"5";"22";"22186";"2";"1";"1";"6";"Quai des Terre Neuvas";"48,5781230";" -2,5662600"
"201900048581";"15";"7";"2019";"21:45";"1";"22";"22162";"1";"1";"1";"1";"route romaine";"48,7654750";" -3,0583050"
"201900048582";"10";"7";"2019";"17:34";"1";"22";"22093";"2";"6";"1";"3";"Boulevard Jobert";"48,4667625";" -2,5081245"
"201900048583";"16";"7";"2019";"22:00";"2";"35";"35236";"2";"1";"1";"2";"Rue Chico Mendès";"47,6532070";" -2,0979910"
"201900048584";"16";"7";"2019";"13:30";"1";"60";"60612";"2";"1";"1";"6";"20 Rue de Villevert";"49,2078870";"2,5858130"
"201900048585";"17";"7";"2019";"13:18";"1";"80";"80521";"1";"1";"1";"2";"Autoroute A1";"49,9703970";"2,8621170"
"201900048586";"15";"7";"2019";"19:00";"1";"13";"13210";"1";"1";"1";"2";"S10CD-Sens Aubagne vers Marseille";"43,2867160";"5,4330890"
"201900048587";"11";"7";"2019";"08:15";"1";"13";"13117";"2";"1";"1";"3";"A7-Sens Lyon vers Marseille";"43,4619500";"5,2346400"
"201900048588";"16";"7";"2019";"09:50";"1";"13";"13211";"1";"1";"1";"7";"A50-Sens Marseille vers Aubagne";"43,2900532";"5,4902297"
"201900048589";"16";"7";"2019";"17:05";"1";"33";"33122";"1";"1";"1";"4";"A63 voie gauche";"44,7225900";" -0,7356700"
"201900048590";"16";"7";"2019";"17:40";"1";"33";"33096";"1";"1";"1";"3";"AUTOROUTE A 10";"44,8900500";" -0,5032400"
"201900048591";"15";"7";"2019";"21:26";"1";"91";"91477";"1";"1";"7";"6";"AUTOROUTE A126";"48,7186200";"2,2596900"
"201900048592";"15";"7";"2019";"19:00";"1";"94";"94037";"1";"1";"1";"4";"AUTOROUTE A6B";"48,8157600";"2,3561109"
"201900048593";"15";"7";"2019";"19:50";"1";"91";"91064";"1";"1";"1";"2";"RN 118";"48,7417600";"2,1860300"
"201900048594";"15";"7";"2019";"17:15";"1";"78";"78043";"1";"1";"1";"3";"A13W";"48,8482300";"2,0749200"
"201900048595";"15";"7";"2019";"21:20";"2";"95";"95018";"1";"1";"1";"3";"AUTOROUTE A15";"48,9523600";"2,2797600"
"201900048596";"15";"7";"2019";"15:30";"1";"93";"93064";"1";"1";"1";"4";"AUTOROUTE A86";"48,8842700";"2,4695800"
"201900048597";"15";"7";"2019";"13:45";"1";"93";"93064";"1";"1";"1";"2";"AUTOROUTE A86";"48,8833800";"2,4692700"
"201900048598";"15";"7";"2019";"10:35";"1";"93";"93013";"1";"1";"1";"7";"AUTOROUTE A1";"48,9414300";"2,4287200"
"201900048599";"16";"7";"2019";"18:35";"1";"94";"94069";"1";"1";"1";"6";"A4";"48,8172715";"2,4280859"
"201900048600";"15";"7";"2019";"21:20";"1";"77";"77294";"1";"9";"1";"2";"A104 X VOIE INSERTION";"48,9683600";"2,6018500"
"201900048601";"15";"7";"2019";"08:45";"1";"77";"77363";"1";"1";"1";"4";"A104";"48,9125226";"2,6354436"
"201900048602";"13";"7";"2019";"18:10";"1";"71";"71486";"2";"1";"1";"2";"11 NOVEMBRE 1918 (RUE DU)";"46,6451340";"4,3659620"
"201900048603";"13";"7";"2019";"19:00";"1";"51";"51172";"2";"3";"1";"3";"RUE MEHAUT-DUPONT";"49,2245900";"4,0484400"
"201900048604";"13";"7";"2019";"19:23";"1";"41";"41018";"2";"1";"1";"7";"DUPUIS (BOULEVARD DANIEL)";"47,5794400";"1,3200600"
"201900048605";"15";"7";"2019";"08:30";"1";"13";"13206";"2";"2";"1";"6";"PRADO (AVENUE DU)";"43,2840800";"5,3847900"
"201900048606";"14";"7";"2019";"16:30";"1";"92";"92049";"2";"3";"1";"3";"BROSSOLETTE AVENUE PIERRE";"48,8181339";"2,3084867"
"201900048607";"13";"7";"2019";"06:00";"1";"95";"95018";"1";"1";"1";"2";"AUTOROUTE A15";"48,9496800";"2,2808000"
"201900048608";"24";"7";"2019";"07:45";"1";"988";"98818";"2";"3";"1";"3";"OLRY (RUE)";" -22,2721100";"166,4478627"
"201900048609";"15";"7";"2019";"16:30";"1";"974";"97416";"1";"1";"1";"2";"RN02";" -21,3405500";"55,4936000"
"201900048610";"14";"7";"2019";"18:45";"2";"974";"97409";"1";"9";"1";"3";"RN2 SENS ST BENOIT ST DENIS";" -20,9633482";"55,6581283"
"201900048611";"15";"7";"2019";"21:00";"1";"69";"69259";"2";"1";"1";"6";"JEAN CAGNE                          (AV)";"45,6955800";"4,8724800"
"201900048612";"15";"7";"2019";"21:15";"2";"69";"69387";"2";"2";"1";"6";"JEAN JAURES                         (AV)";"45,7482315";"4,8436401"
"201900048613";"15";"7";"2019";"15:38";"1";"972";"97209";"1";"1";"1";"5";"AUTOROUTE (A1)";"14,6144000";" -61,0485800"
"201900048614";"15";"7";"2019";"17:50";"1";"69";"69081";"2";"9";"7";"6";"CENTRE COMMERCIAL GRAND OUEST           ";"45,7900000";"4,7760000"
"201900048615";"15";"7";"2019";"09:00";"1";"69";"69385";"2";"1";"1";"3";"FULCHIRON                           (QU)";"45,7519700";"4,8218000"
"201900048616";"15";"7";"2019";"09:00";"1";"2A";"2A004";"2";"1";"1";"6";"NICOLI JEAN COURS";"41,9332200";"8,7434000"
"201900048617";"14";"7";"2019";"14:40";"1";"95";"95428";"2";"1";"1";"3";"AV DE LA FONTAINE RENE";"48,9939200";"2,3194500"
"201900048618";"15";"7";"2019";"13:45";"1";"91";"91223";"2";"1";"1";"6";"MOREAU (RUE LOUIS)";"48,4370100";"2,1631800"
"201900048619";"15";"7";"2019";"09:50";"1";"91";"91201";"2";"3";"1";"1";"VILLIERS ( AVENUE DE )";"48,6818100";"2,4051300"
"201900048620";"14";"7";"2019";"17:55";"1";"91";"91103";"2";"1";"1";"6";"REPUBLIQUE (BOULEVARD DE LA)";"48,6070000";"2,3050000"
"201900048621";"12";"7";"2019";"15:00";"1";"91";"91425";"2";"1";"1";"6";"PARIS (RUE DE)";"48,6430000";"2,2700000"
"201900048622";"8";"7";"2019";"09:50";"1";"89";"89387";"2";"1";"1";"2";"GROSSE TOUR (RUE DE LA)";"48,1973800";"3,2778600"
"201900048623";"13";"7";"2019";"21:00";"2";"87";"87085";"2";"1";"1";"6";"117 NEXON (RUE DE)";"45,8138600";"1,2588000"
"201900048624";"12";"7";"2019";"22:05";"5";"87";"87085";"2";"3";"1";"3";"BAC (RUE THEODORE)";"45,8394300";"1,2595600"
"201900048625";"28";"6";"2019";"21:35";"2";"86";"86194";"2";"1";"1";"2";"PONT ACHARD (BOULEVARD)";"46,5753459";"0,3293484"
"201900048626";"14";"7";"2019";"03:35";"5";"85";"85194";"1";"1";"1";"3";"BOULEVARD DU VENDEE GLOBE ";"46,5092300";" -1,7934600"
"201900048627";"15";"7";"2019";"17:15";"1";"83";"83090";"1";"1";"1";"4";"DEPARTEMENTALE 11 (ROUTE)";"43,1258400";"5,8287800"
"201900048628";"15";"7";"2019";"10:15";"1";"83";"83137";"2";"1";"1";"6";"SAINT BERNARD (RUE / PAS)";"43,1237000";"5,9362000"
"201900048629";"16";"7";"2019";"00:55";"3";"82";"82121";"1";"1";"1";"6";"AUTOROUTE A20";"43,9825200";"1,3351700"
"201900048630";"12";"7";"2019";"12:30";"1";"80";"80021";"2";"3";"1";"3";"R MARIVAUX";"49,9116000";"2,3247200"
"201900048631";"15";"7";"2019";"01:20";"3";"78";"78646";"1";"1";"1";"2";"SAINT CYR (ROUTE DE)";"48,8029900";"2,1093900"
"201900048632";"15";"7";"2019";"05:45";"1";"77";"77294";"2";"1";"1";"7";"JEAN BAPTISTE CLEMENT (AVENUE)";"48,9549990";"2,6025512"
"201900048633";"14";"7";"2019";"07:40";"1";"77";"77131";"2";"6";"1";"6";"D402 X D222-ROND POINT DE VERDUN";"48,8159055";"3,0838942"
"201900048634";"15";"7";"2019";"16:25";"1";"76";"76351";"2";"3";"1";"6";"HOTEL DE VILLE (PLACE DE)";"49,4923700";"0,1069500"