"Num_Acc";"jour";"mois";"an";"hrmn";"lum";"dep";"com";"agg";"int";"atm";"col";"adr";"lat";"long"
"201900048635";"13";"7";"2019";"12:25";"1";"76";"76351";"2";"3";"1";"3";"GERANIUMS (DES)";"49,5054000";"0,1691000"
"201900048636";"12";"7";"2019";"16:34";"1";"76";"76351";"2";"1";"1";"7";"RENE COTY";"49,4975700";"0,1136700"
"201900048637";"14";"7";"2019";"19:09";"1";"74";"74013";"1";"1";"1";"6";"GENEVE R.N 5 (ROUTE DE)";"46,3553500";"6,4473700"
"201900048638";"13";"7";"2019";"07:30";"1";"74";"74119";"2";"1";"1";"6";"NOAILLES (AVENUE ANNA DE) RD 1005";"46,3988500";"6,5773900"
"201900048639";"9";"7";"2019";"20:00";"1";"69";"69092";"1";"1";"1";"6";"BRUYERES (route des)";"45,9936000";"4,6830800"
"201900048640";"15";"7";"2019";"02:00";"5";"67";"67482";"2";"3";"1";"6";"GENERAL OFFENSTEIN (RUE DU)";"48,5559660";"7,7518400"
"201900048641";"12";"7";"2019";"14:15";"1";"67";"67482";"2";"1";"1";"6";"FAUBOURG DE SAVERNE (RUE DU)";"48,5849230";"7,7404760"
"201900048642";"14";"7";"2019";"05:00";"3";"66";"66136";"1";"1";"1";"1";"Départementale  617";"42,7106359";"2,9722511"
"201900048643";"14";"7";"2019";"08:28";"1";"66";"66136";"2";"1";"1";"6";"GRANDE LA REAL (IMPASSE ET RUE)";"42,6971200";"2,8954500"
"201900048644";"31";"3";"2019";"19:00";"1";"75";"75112";"2";"1";"1";"3";"PORTE DOREE";"48,8331910";"2,4069460"
"201900048645";"15";"7";"2019";"19:35";"1";"62";"62193";"2";"1";"1";"6";"ROGER SALENGRO (AVENUE)";"50,9452933";"1,8310824"
"201900048646";"31";"3";"2019";"18:25";"1";"75";"75119";"2";"1";"1";"6";"PLACE DE LA BATAILLE DE STALINGRAD";"48,8836840";"2,3699520"
"201900048647";"14";"7";"2019";"23:10";"5";"59";"59599";"2";"3";"1";"2";"TESTELIN (RUE ACHILLE)";"50,7330000";"3,1820000"
"201900048648";"1";"4";"2019";"08:55";"1";"75";"75119";"2";"1";"1";"7";"GALERIE DE LA VILLETTE";"48,8911660";"2,3895790"
"201900048649";"1";"4";"2019";"07:55";"1";"75";"75119";"2";"1";"1";"6";"BOULEVARD MACDONALD";"48,8987560";"2,3735260"
"201900048650";"23";"6";"2019";"05:45";"2";"59";"59350";"2";"2";"1";"3";"CONDE RUE DE";"50,6195200";"3,0636670"
"201900048651";"1";"4";"2019";"07:53";"2";"75";"75113";"2";"2";"1";"3";"BOULEVARD VINCENT AURIOL";"48,8330100";"2,3618310"
"201900048652";"13";"7";"2019";"21:00";"1";"59";"59314";"1";"1";"1";"7";"DUEZ JEAN(RUE)";"50,3842100";"3,3326800"
"201900048653";"1";"4";"2019";"07:00";"2";"75";"75108";"2";"7";"1";"3";"PLACE CHARLES DE GAULLE";"48,8738310";"2,2959090"
"201900048654";"15";"7";"2019";"08:15";"1";"56";"56121";"2";"2";"1";"6";"FONTAINES (RUE  DES )";"47,7477500";" -3,3590400"
"201900048655";"1";"4";"2019";"20:20";"5";"75";"75104";"2";"1";"1";"7";"VOIE GEORGES POMPIDOU";"48,8532210";"2,3575850"
"201900048656";"12";"7";"2019";"19:35";"1";"56";"56121";"2";"2";"1";"3";"INDES ( QUAI DES )";"47,7459100";" -3,3602300"
"201900048657";"1";"4";"2019";"19:15";"1";"94";"94080";"2";"3";"1";"6";"BERAULT (PL)";"48,8400000";"2,4200000"
"201900048658";"1";"4";"2019";"12:45";"1";"94";"94068";"2";"2";"1";"3";"DOCTEUR ROUX (R DU)";"48,7885900";"2,4892900"
"201900048659";"30";"3";"2019";"14:08";"1";"94";"94052";"2";"1";"1";"2";"ALBERT 1ER (BD)";"48,8342200";"2,4929700"
"201900048660";"13";"7";"2019";"15:50";"1";"50";"50129";"2";"1";"1";"3";"Quai Lawton COLLINS";"49,6396900";" -1,6186100"
"201900048661";"1";"4";"2019";"18:10";"1";"94";"94034";"2";"1";"1";"3";"ORMES (R DES)";"48,7531400";"2,3276500"
"201900048662";"11";"7";"2019";"17:50";"1";"50";"50129";"2";"3";"1";"3";"ABBAYE (RUE DE L')";"49,6454600";" -1,6376800"
"201900048663";"30";"3";"2019";"21:15";"5";"94";"94034";"2";"1";"1";"6";"EMILE ZOLA (R)";"48,7652100";"2,3275700"
"201900048664";"14";"7";"2019";"00:50";"5";"49";"49007";"2";"1";"1";"1";"place François Mitterand";"47,4772300";" -0,5517600"
"201900048665";"1";"4";"2019";"16:45";"1";"94";"94028";"2";"9";"1";"6";"GAULLE(AVENUE DU GENERAL DE)";"48,7850700";"2,4513500"
"201900048666";"1";"4";"2019";"17:30";"1";"94";"94079";"2";"1";"1";"6";"HUIT MAI 1945 (R DU)";"48,8268500";"2,5487000"
"201900048667";"13";"7";"2019";"21:45";"2";"49";"49007";"2";"1";"1";"2";"FARCY PLACE";"47,4728100";" -0,5768500"
"201900048668";"13";"7";"2019";"11:08";"1";"49";"49007";"2";"1";"1";"6";"BALLEE";"47,4557100";" -0,5220600"
"201900048669";"1";"4";"2019";"09:45";"1";"94";"94017";"2";"2";"1";"3";"PLESSIS TREVISE (R DU)";"48,8110000";"2,5500000"
"201900048670";"15";"7";"2019";"09:15";"1";"45";"45147";"2";"2";"1";"6";"RUE DE MONTARAN - RUE A FRANCE";"47,9440000";"1,9173300"
"201900048671";"1";"4";"2019";"19:36";"1";"94";"94004";"2";"1";"1";"2";"BREVANNES (R DE)";"48,7500400";"2,5049800"
"201900048672";"14";"7";"2019";"10:05";"1";"41";"41212";"2";"1";"1";"7";"PATTE D'OIE (rond point)";"47,5621700";"1,3727500"
"201900048673";"26";"3";"2019";"11:00";"1";"93";"93070";"2";"1";"1";"2";"MICHELET(AV):N°1AU 103";"48,9043700";"2,3440900"
"201900048674";"15";"7";"2019";"19:09";"1";"37";"37233";"2";"1";"1";"2";"LOIRE (LEVEE DE LA)";"47,3967257";"0,7249178"
"201900048675";"1";"4";"2019";"21:30";"5";"93";"93064";"2";"1";"1";"6";"CHOPIN (SQUARE FREDERIC)";"48,8820985";"2,4853778"
"201900048676";"15";"7";"2019";"20:10";"1";"35";"35238";"2";"9";"1";"3";"VERN (DE)";"48,1006300";" -1,6588000"
"201900048677";"1";"4";"2019";"17:30";"1";"93";"93053";"2";"9";"1";"2";"BERTRAND BONIN (RUE)";"48,9004000";"2,4683000"
"201900048678";"1";"4";"2019";"21:40";"5";"93";"93046";"2";"1";"1";"3";"Allée Jean Coulon";"48,9293030";"2,5547970"
"201900048679";"15";"7";"2019";"08:15";"1";"35";"35278";"2";"6";"1";"3";"CERISAIE (ROND POINT DE LA)";"48,1373000";" -1,6894600"
"201900048680";"1";"4";"2019";"09:40";"1";"93";"93007";"2";"4";"1";"6";"""PIERRE SEMARD (ROND-POINT """"COTE IMPAIR";"48,9339000";"2,4770200"
"201900048681";"1";"4";"2019";"07:45";"1";"92";"92075";"2";"3";"1";"6";"PIERRE LAROUSSE (AVENUE)";"48,8201500";"2,3056300"
"201900048682";"14";"7";"2019";"21:05";"2";"34";"34172";"2";"1";"1";"3";"LAVERUNE (ROUTE DE";"43,6023300";"3,8537900"
"201900048683";"30";"3";"2019";"13:30";"1";"92";"92063";"2";"2";"1";"6";"LECLERC DE HAUTECLOQUE (AVENUE DU MARECH";"48,8583800";"2,1917400"
"201900048684";"14";"7";"2019";"09:45";"1";"34";"34172";"2";"2";"1";"7";"FABREGES (RUE FREDERIC)";"43,6004600";"3,8795100"
"201900048685";"1";"4";"2019";"05:18";"5";"92";"92050";"2";"1";"1";"3";"REPUBLIQUE AVENUE DE LA";"48,9056610";"2,2102510"
"201900048686";"14";"2";"2019";"19:15";"5";"92";"92050";"2";"1";"1";"6";"THOREZ MAURICE RUE";"48,8921560";"2,1958090"
"201900048687";"13";"7";"2019";"12:30";"1";"34";"34336";"1";"1";"1";"7";"CD.37";"43,3146400";"3,3131100"
"201900048688";"1";"4";"2019";"01:44";"5";"92";"92040";"2";"1";"1";"6";"GOUVERNEUR GAL EBOUE DU 09 AU 65 BIS";"48,8340200";"2,2671000"
"201900048689";"11";"7";"2019";"08:20";"1";"33";"33063";"2";"1";"1";"6";"PCE DE LA VICTOIRE";"44,8307300";" -0,5727600"
"201900048690";"30";"3";"2019";"14:56";"1";"92";"92035";"2";"6";"1";"6";"Europe ( rond point de l' )";"48,9055826";"2,2558095"
"201900048691";"1";"4";"2019";"01:15";"5";"92";"92026";"2";"1";"1";"6";"MISSION MARCHAND (COTE PAIR)";"48,8992760";"2,2400800"
"201900048692";"14";"7";"2019";"05:40";"1";"33";"33529";"2";"1";"1";"7";"SAINT-EXUPERY (AVE)";"44,6245000";" -1,1409000"
"201900048693";"29";"3";"2019";"08:00";"1";"92";"92024";"2";"3";"1";"6";"JEAN JAURES (BD) DE (111 A 159)";"48,9062622";"2,3011953"
"201900048694";"15";"7";"2019";"13:20";"1";"31";"31555";"2";"1";"1";"2";"CHE VIREBENT";"43,6512000";"1,4651700"
"201900048695";"30";"3";"2019";"20:00";"3";"51";"51130";"1";"1";"1";"6";"RD 17";"48,8712931";"4,8848194"
"201900048696";"31";"3";"2019";"14:33";"1";"73";"73149";"1";"1";"1";"6";"D921";"45,7759410";"5,7832842"
"201900048697";"1";"4";"2019";"01:20";"3";"41";"41194";"2";"1";"1";"6";"Rue de Longueval";"47,3553860";"1,7677300"
"201900048698";"14";"7";"2019";"20:25";"1";"31";"31555";"2";"1";"1";"3";"AV HONORE SERRES";"43,6137300";"1,4379900"
"201900048699";"31";"3";"2019";"18:00";"1";"33";"33221";"1";"2";"1";"3";"lieu dit saint martin";"44,5643970";"0,0656280"
"201900048700";"14";"7";"2019";"02:45";"5";"31";"31555";"2";"1";"1";"3";"RUE DU POLE";"43,6479200";"1,4220006"
"201900048701";"30";"3";"2019";"16:15";"1";"18";"18241";"1";"1";"1";"7";"Route de Menetreol";"47,3288360";"2,8502400"
"201900048702";"12";"7";"2019";"22:55";"5";"31";"31555";"1";"1";"1";"2";"VA007331 A620";"43,5688100";"1,4152600"
"201900048703";"31";"3";"2019";"12:15";"1";"31";"31053";"1";"1";"1";"3";"Route de Gragnague";"43,6560190";"1,5548000"
"201900048704";"14";"7";"2019";"12:18";"1";"29";"29232";"2";"1";"1";"7";"FROUT RUE DU";"47,9959664";" -4,1001942"
"201900048705";"21";"3";"2019";"08:00";"1";"68";"68005";"1";"2";"1";"2";"feldweg";"48,1207990";"7,3094270"
"201900048706";"15";"7";"2019";"13:52";"1";"29";"29039";"1";"1";"1";"4";"COLGUEN ( RUE DE)";"47,9182500";" -3,9035300"
"201900048707";"2";"4";"2019";"06:50";"3";"10";"10263";"1";"1";"2";"2";"D660";"48,2703750";"3,7816670"
"201900048708";"14";"7";"2019";"05:40";"2";"29";"29039";"2";"1";"1";"7";"CABELLOU ( AVENUE DU)";"47,8564400";" -3,9006000"
"201900048709";"22";"3";"2019";"09:38";"1";"10";"10349";"1";"1";"1";"2";"départementale 60";"48,3163370";"3,9706660"
"201900048710";"2";"4";"2019";"12:20";"1";"974";"97422";"2";"1";"1";"1";"174 Rue Émile Zola";" -21,2401840";"55,4967790"
"201900048711";"15";"7";"2019";"16:20";"1";"29";"29019";"2";"2";"1";"3";"FRANCE ANATOLE (DE 55 A 247 ET 48 A 240)";"48,3827673";" -4,5152966"
"201900048712";"15";"7";"2019";"14:05";"1";"25";"25462";"2";"2";"1";"3";"PAIX DE LA";"46,9109640";"6,3492580"
"201900048713";"16";"3";"2019";"20:50";"5";"974";"97412";"2";"3";"1";"6";"Rue Amiral Lacaze";" -21,3846800";"55,6159950"
"201900048714";"21";"3";"2019";"17:20";"1";"974";"97404";"2";"3";"1";"3";"Rue Octave Bénard";" -21,2675010";"55,3346900"
"201900048715";"13";"7";"2019";"15:10";"1";"21";"21231";"2";"2";"1";"3";"CHARLES DUMONT (RUE)";"47,3133700";"5,0406700"
"201900048716";"15";"7";"2019";"02:15";"3";"18";"18033";"1";"1";"1";"6";"RD 400 (Rocade)";"47,1211000";"2,4348000"
"201900048717";"31";"3";"2019";"17:00";"1";"972";"97220";"1";"1";"1";"1";"Guenot";"14,4910910";" -60,8967960"
"201900048718";"2";"4";"2019";"05:30";"3";"83";"83004";"1";"1";"1";"1";"Les Founses";"43,4574670";"6,4882800"
"201900048719";"1";"4";"2019";"20:33";"3";"11";"11012";"2";"1";"1";"6";"CD326";"43,3048850";"2,9104190"
"201900048720";"22";"3";"2019";"17:15";"1";"11";"11360";"1";"2";"1";"5";"CD607/CD207";"43,2618250";"2,9050760"
"201900048721";"12";"7";"2019";"13:50";"1";"14";"14366";"2";"1";"1";"6";"SAINTE ANNE (BOULEVARD)";"49,1428800";"0,2259160"
"201900048722";"31";"3";"2019";"14:30";"1";"1";"01075";"1";"3";"1";"3";"D44";"46,0071936";"4,8015829"
"201900048723";"31";"3";"2019";"20:00";"1";"35";"35310";"1";"1";"1";"6";"autoroute A84";"48,3547240";" -1,3013230"
"201900048724";"15";"7";"2019";"19:45";"1";"13";"13207";"2";"1";"1";"6";"SAUVEUR TOBELEM (RUE)";"43,2880300";"5,3635600"
"201900048725";"20";"3";"2019";"15:00";"1";"22";"22337";"1";"1";"1";"7";"N12 PR 017+150";"48,3528198";" -2,2978081"
"201900048726";"15";"7";"2019";"15:50";"1";"13";"13206";"2";"1";"1";"6";"PRADO (AVENUE DU)";"43,2827590";"5,3855360"
"201900048727";"15";"7";"2019";"14:40";"1";"13";"13201";"2";"1";"1";"6";"NARVIK (SQUARE)";"43,3020440";"5,3814431"
"201900048728";"15";"7";"2019";"08:30";"1";"13";"13202";"2";"6";"1";"3";"MARCEAU (PLACE)";"43,3048630";"5,3728740"
"201900048729";"1";"4";"2019";"14:23";"1";"67";"67472";"2";"1";"1";"2";"72 Rue de Haguenau";"48,8307540";"7,9525810"
"201900048730";"15";"7";"2019";"00:00";"5";"13";"13215";"2";"1";"1";"1";"SAINT JOSEPH A SAINT ANTOINE (CHEMIN DE)";"43,3589558";"5,3650564"
"201900048731";"1";"4";"2019";"12:45";"1";"15";"15168";"1";"1";"1";"2";"a75";"44,9777610";"3,1861760"
"201900048732";"14";"7";"2019";"18:30";"1";"13";"13028";"2";"1";"1";"3";"CROZET (AVENUE LOUIS )";"43,1798450";"5,5992680"
"201900048733";"31";"3";"2019";"00:18";"3";"38";"38115";"1";"6";"1";"6";"RD 1075 _La coyenlle";"44,9880050";"5,6485750"
"201900048734";"29";"3";"2019";"12:40";"1";"30";"30334";"2";"1";"1";"3";"rue du prés de savy";"44,0126750";"4,4157000"
"201900048735";"14";"7";"2019";"06:45";"1";"10";"10362";"2";"1";"1";"2";"SAVIPOL (ZI)";"48,2917000";"4,0156000"
"201900048736";"10";"3";"2019";"05:00";"3";"83";"83132";"1";"1";"1";"6";"Autoroute A57";"43,1769542";"6,0478374"
"201900048737";"13";"7";"2019";"18:20";"1";"10";"10387";"2";"1";"1";"6";"ANATOLE FRANCE (RUE)";"48,2799200";"4,0693100"
"201900048738";"17";"3";"2019";"14:45";"1";"61";"61464";"1";"1";"4";"6";"A 28 pk 180.625";"48,6205630";"0,1914240"
"201900048739";"14";"7";"2019";"15:50";"1";"7";"07072";"1";"1";"1";"7";"RD 104";"44,7364450";"4,6137210"
"201900048740";"23";"3";"2019";"16:40";"1";"57";"57505";"1";"1";"1";"1";"RD 45 PR7+345";"48,6931034";"7,1336624"
"201900048741";"15";"7";"2019";"00:00";"5";"75";"75118";"2";"1";"1";"2";"BD PERIPHERIQUE EXTERIEUR";"48,9009350";"2,3385420"
"201900048742";"2";"4";"2019";"00:10";"5";"57";"57667";"1";"8";"1";"3";"D954";"49,2355150";"6,5614940"
"201900048743";"15";"7";"2019";"18:40";"1";"75";"75120";"2";"3";"1";"2";"RUE DE MENILMONTANT";"48,8683140";"2,3881690"
"201900048744";"29";"3";"2019";"07:50";"1";"57";"57552";"1";"1";"1";"3";"D 913";"49,0566070";"6,1872720"
"201900048745";"15";"7";"2019";"14:05";"1";"75";"75119";"2";"1";"1";"6";"AVENUE DE LA PORTE DE LA VILLETTE";"48,8988630";"2,3867950"
"201900048746";"15";"7";"2019";"16:10";"1";"75";"75117";"2";"7";"1";"3";"PLACE DE LA PORTE DE CHAMPERRET";"48,8856650";"2,2916080"
"201900048747";"2";"4";"2019";"11:30";"1";"51";"51072";"1";"1";"2";"1";"RD 980";"49,2052541";"3,8984988"
"201900048748";"15";"7";"2019";"11:05";"1";"75";"75117";"2";"2";"1";"6";"RUE DES BATIGNOLLES";"48,8840210";"2,3224330"
"201900048749";"21";"3";"2019";"17:45";"1";"19";"19289";"1";"1";"1";"1";"Les Pouyges";"45,2042490";"1,3910830"
"201900048750";"14";"7";"2019";"22:40";"5";"75";"75117";"2";"1";"1";"6";"RUE PIERRE DEMOURS";"48,8799640";"2,2917970"
"201900048751";"15";"7";"2019";"16:00";"1";"75";"75116";"2";"7";"1";"3";"PLACE CHARLES DE GAULLE";"48,8737480";"2,2941420"
"201900048752";"15";"7";"2019";"03:55";"5";"75";"75114";"2";"1";"1";"7";"AVENUE DENFERT ROCHEREAU";"48,8350840";"2,3330820"
"201900048753";"22";"3";"2019";"00:50";"3";"79";"79104";"1";"1";"1";"6";"La Billardière";"46,4890290";" -0,4390250"
"201900048754";"15";"7";"2019";"07:05";"1";"75";"75112";"2";"3";"1";"6";"RUE DE CHARENTON";"48,8501820";"2,3736210"
"201900048755";"1";"4";"2019";"18:15";"1";"82";"82096";"1";"2";"1";"3";"Route de Beaumont de Lomagne";"44,0276380";"1,2059530"
"201900048756";"14";"7";"2019";"23:35";"5";"75";"75112";"2";"2";"1";"3";"AVENUE LEDRU ROLLIN";"48,8486240";"2,3725230"
"201900048757";"13";"7";"2019";"14:45";"1";"75";"75112";"2";"2";"1";"3";"RUE PROUDHON";"48,8372990";"2,3912110"
"201900048758";"2";"4";"2019";"10:55";"1";"82";"82176";"1";"3";"2";"3";"D8";"43,9786220";"1,4877290"
"201900048759";"15";"7";"2019";"16:15";"1";"75";"75111";"2";"1";"1";"6";"RUE DU FAUBOURG SAINT ANTOINE";"48,8491060";"2,3912460"
"201900048760";"30";"3";"2019";"12:10";"1";"76";"76192";"1";"1";"1";"1";"D 925";"50,0157800";"1,3160240"
"201900048761";"15";"7";"2019";"08:55";"1";"75";"75111";"2";"2";"1";"6";"BOULEVARD DU TEMPLE";"48,8646710";"2,3657920"
"201900048762";"2";"4";"2019";"01:30";"4";"61";"61063";"2";"6";"5";"6";"D924";"48,7027580";" -0,3655650"
"201900048763";"15";"7";"2019";"19:20";"1";"75";"75110";"2";"3";"1";"3";"RUE DU FAUBOURG SAINT MARTIN";"48,8758240";"2,3602830"
"201900048764";"1";"4";"2019";"17:00";"1";"61";"61474";"1";"1";"1";"6";"Le Faubourg (Exmes)";"48,7590120";"0,1860430"
"201900048765";"15";"7";"2019";"12:00";"1";"75";"75108";"2";"1";"7";"2";"AVENUE DES CHAMPS ELYSEES";"48,8669380";"2,3165270"
"201900048766";"29";"3";"2019";"06:00";"2";"49";"49331";"1";"1";"1";"7";"CD 775, LA CHAPELLE SUR OUDON";"47,6687870";" -0,8241370"
"201900048767";"15";"7";"2019";"20:15";"1";"75";"75101";"2";"2";"1";"6";"RUE DE RIVOLI";"48,8663590";"2,3234630"
"201900048768";"31";"3";"2019";"14:33";"1";"49";"49046";"1";"1";"1";"2";"Route Départementale 93";"47,1808500";" -0,0591800"
"201900048769";"14";"7";"2019";"13:30";"1";"75";"75101";"2";"3";"1";"6";"RUE DU MONT THABOR";"48,8663780";"2,3264840"
"201900048770";"31";"3";"2019";"08:00";"1";"49";"49018";"1";"1";"1";"7";"La Pature, St Martin d'Arcé";"47,5661650";" -0,0975470"
"201900048771";"11";"7";"2019";"17:05";"1";"94";"94080";"2";"1";"1";"6";"PARIS (AV DE)";"48,8454100";"2,4289000"
"201900048772";"31";"3";"2019";"15:05";"1";"49";"49259";"2";"1";"1";"1";"Rue René Gasnier";"47,3531040";" -0,6645670"
"201900048773";"10";"7";"2019";"15:30";"1";"94";"94080";"2";"2";"1";"1";"FONTENAY (R DE)";"48,8488900";"2,4265000"
"201900048774";"1";"4";"2019";"12:00";"1";"46";"46229";"1";"3";"1";"3";"RD803 / D3";"44,9126760";"1,7784120"
"201900048775";"1";"4";"2019";"08:15";"1";"86";"86160";"2";"1";"1";"1";"Route de Poitiers";"46,7759080";"0,1893860"
"201900048776";"30";"3";"2019";"15:40";"1";"34";"34312";"1";"1";"1";"7";"Route de Boussagues";"43,6513180";"3,1489640"
"201900048777";"28";"3";"2019";"15:45";"1";"68";"68349";"2";"6";"1";"3";"Rue de Huningue";"47,6019850";"7,5748430"
"201900048778";"13";"7";"2019";"10:20";"1";"94";"94080";"2";"1";"1";"2";"PARIS (AV DE)";"48,8455640";"2,4284940"
"201900048779";"10";"7";"2019";"08:15";"1";"94";"94068";"2";"1";"1";"3";"BONNEUIL (QU DE)";"48,7848700";"2,4955300"
"201900048780";"22";"3";"2019";"11:34";"1";"39";"39367";"1";"1";"1";"1";"N/A";"46,5351410";"6,0250510"
"201900048781";"15";"7";"2019";"16:30";"1";"94";"94046";"2";"1";"1";"6";"GAMBETTA (AV)";"48,8100000";"2,4397600"
"201900048782";"31";"3";"2019";"07:30";"2";"39";"39531";"1";"1";"1";"6";"N/A";"46,5132520";"5,7491470"
"201900048783";"1";"4";"2019";"11:20";"1";"25";"25466";"2";"1";"1";"1";"place de l'église";"47,2070190";"5,8454560"
"201900048784";"13";"7";"2019";"09:15";"1";"94";"94016";"2";"2";"1";"3";"CAMILLE DESMOULINS (R)";"48,7937500";"2,3337300"
"201900048785";"29";"3";"2019";"23:30";"3";"44";"44188";"1";"1";"1";"2";"CD117, PR n°31";"47,0494850";" -1,6328900"
"201900048786";"15";"7";"2019";"15:40";"1";"94";"94065";"2";"1";"1";"7";"HALLIERS (R DES)";"48,7535000";"2,3448000"
"201900048787";"31";"3";"2019";"14:00";"1";"35";"35162";"2";"1";"1";"6";"avenue de Normandie";"48,4874210";" -1,1168140"
"201900048788";"6";"3";"2019";"23:30";"3";"29";"29073";"2";"1";"8";"1";"9 Hent Lanmeur";"48,6660160";" -3,7088440"
"201900048789";"14";"7";"2019";"23:30";"5";"94";"94028";"2";"1";"1";"7";"BILLOTTE.(AVE DU GAL PIERRE)";"48,7739070";"2,4577370"
"201900048790";"15";"7";"2019";"19:30";"1";"94";"94079";"2";"1";"1";"2";"BRY (RTE DE)";"48,8310000";"2,5340000"
"201900048791";"27";"3";"2019";"13:50";"1";"29";"29119";"1";"1";"1";"2";"LE CAMP -  CD 68";"48,4580880";" -4,6300410"
"201900048792";"15";"7";"2019";"17:30";"1";"94";"94017";"2";"1";"1";"3";"STALINGRAD (BD DE)";"48,8171600";"2,5098800"
"201900048793";"10";"3";"2019";"07:30";"1";"31";"31585";"1";"1";"2";"6";"14 chemin de la chapelle";"43,1172170";"0,6780370"
"201900048794";"12";"7";"2019";"07:25";"1";"94";"94071";"2";"1";"1";"2";"GENERAL LECLERC (R DU)";"48,7770000";"2,5110000"
"201900048795";"30";"3";"2019";"11:50";"1";"38";"38130";"2";"3";"1";"3";"3 Avenue Camille Rocher";"45,3932170";"5,2653400"
"201900048796";"2";"4";"2019";"12:40";"1";"2";"02558";"1";"1";"1";"1";"RD1043";"50,0059290";"3,8268140"
"201900048797";"15";"7";"2019";"11:45";"1";"94";"94002";"2";"3";"1";"3";"BLANQUI (QU)";"48,8033800";"2,4132300"
"201900048798";"28";"3";"2019";"17:30";"1";"2";"02780";"1";"3";"1";"3";"INTERSECTION RN31 et D953";"49,3658167";"3,3752127"
"201900048799";"15";"7";"2019";"09:30";"1";"93";"93071";"2";"3";"1";"3";"WESTINGHOUSE (BOULEVARD)";"48,9380000";"2,5387100"
"201900048800";"1";"4";"2019";"12:31";"1";"2";"02770";"1";"1";"1";"7";"route nationale 02";"49,3623320";"3,2987180"
"201900048801";"15";"7";"2019";"09:45";"1";"93";"93070";"2";"1";"1";"4";"MICHELET(AV):N°1AU 103";"48,9064946";"2,3441447"
"201900048802";"1";"4";"2019";"07:45";"1";"3";"03264";"2";"4";"1";"1";"avenue de Vichy";"46,0709303";"3,4639727"
"201900048803";"28";"3";"2019";"03:30";"5";"1";"01348";"2";"1";"1";"6";"rue de la liberation";"46,1770250";"4,8184350"
"201900048804";"15";"7";"2019";"12:21";"1";"93";"93059";"2";"3";"1";"3";"JEAN MERMOZ (N°59 AU 185)";"48,9711790";"2,3662300"
"201900048805";"13";"7";"2019";"11:50";"1";"93";"93062";"2";"1";"1";"6";"MONTFERMEIL (ROND POINT DE)";"48,8958200";"2,5261600"
"201900048806";"24";"3";"2019";"14:40";"1";"1";"01374";"1";"1";"1";"5";"RD 1075";"46,0869280";"5,3165320"
"201900048807";"15";"7";"2019";"13:50";"1";"93";"93029";"2";"3";"1";"3";"HENRI BARBUSSE (AVE) N°2-124";"48,9191400";"2,4497200"
"201900048808";"31";"3";"2019";"17:20";"1";"70";"70235";"2";"1";"1";"3";"19 Grande Rue";"47,6999310";"6,1900350"
"201900048809";"15";"7";"2019";"11:55";"1";"93";"93005";"2";"1";"1";"2";"JACQUES DUCLOS [CD44] (RUE)";"48,9428600";"2,4968000"
"201900048810";"2";"4";"2019";"08:20";"1";"26";"26083";"2";"1";"1";"6";"Rue Geoffroy de Moirans";"45,2310030";"4,9561770"
"201900048811";"15";"7";"2019";"21:30";"2";"93";"93001";"2";"1";"1";"6";"VICTOR HUGO (AVE)  N° 167 =>";"48,9110352";"2,3792613"
"201900048812";"31";"3";"2019";"18:40";"1";"72";"72020";"1";"9";"1";"7";"d59";"48,2345796";"0,6522596"
"201900048813";"15";"7";"2019";"07:50";"1";"93";"93066";"1";"1";"1";"2";"MARTEAU";"48,9019740";"2,3615992"
"201900048814";"2";"4";"2019";"17:10";"1";"72";"72113";"1";"1";"2";"6";"La Filatriere";"48,0485510";"0,0757030"
"201900048815";"2";"4";"2019";"16:30";"1";"72";"72073";"2";"1";"2";"3";"départementale 357";"48,0246070";"0,0735790"
"201900048816";"13";"7";"2019";"23:30";"5";"92";"92050";"2";"3";"1";"3";"PICASSO PABLO AVENUE";"48,8936900";"2,2120400"
"201900048817";"14";"7";"2019";"15:00";"1";"92";"92050";"2";"9";"1";"2";"DROITS DE L'HOMME PLACE DES";"48,8958190";"2,2155230"
"201900048818";"11";"7";"2019";"09:34";"1";"92";"92048";"2";"3";"1";"3";"GENERAL DE GAULLE (AVENUE DU)";"48,7870800";"2,2255600"
"201900048819";"25";"3";"2019";"14:32";"1";"14";"14474";"2";"6";"1";"6";"Carrefour Saint-Jean";"49,1406798";" -0,0081623"
"201900048820";"1";"4";"2019";"12:50";"1";"14";"14281";"1";"1";"1";"6";"CD517";"49,3456431";" -0,8910535"
"201900048821";"2";"4";"2019";"13:40";"1";"5";"05046";"2";"1";"1";"7";"BOULEVARD PASTEUR";"44,5646990";"6,4942830"
"201900048822";"13";"7";"2019";"17:30";"1";"92";"92025";"2";"2";"1";"3";"GABRIEL PERI (RUE)";"48,9228890";"2,2497380"
"201900048823";"13";"7";"2019";"12:30";"1";"92";"92025";"2";"1";"1";"3";"CHARLES DE GAULLE (BD)";"48,9140986";"2,2297061"
"201900048824";"1";"4";"2019";"17:00";"1";"60";"60513";"2";"1";"1";"6";"66 rue de beauvais";"49,2131450";"2,3677420"
"201900048825";"13";"7";"2019";"16:00";"1";"26";"26310";"1";"1";"1";"7";"D155";"45,1790960";"5,1267760"
"201900048826";"1";"4";"2019";"20:15";"3";"45";"45015";"1";"1";"1";"7";"Quatrevaux";"48,2890820";"2,0624740"
"201900048827";"15";"7";"2019";"17:20";"1";"11";"11369";"1";"1";"1";"6";"1600 Route de Mirepeisset";"43,2731770";"2,9323010"