"Num_Acc";"jour";"mois";"an";"hrmn";"lum";"dep";"com";"agg";"int";"atm";"col";"adr";"lat";"long"
"201900048828";"31";"3";"2019";"16:40";"1";"73";"73270";"2";"1";"1";"2";"D911 rte du col du frene";"45,5705587";"6,1598745"
"201900048829";"16";"7";"2019";"07:20";"2";"28";"28006";"1";"2";"7";"3";"D 24 - D149";"48,4543880";"1,4042580"
"201900048830";"2";"4";"2019";"09:26";"1";"18";"18054";"1";"1";"2";"6";"RD 2076 charly";"46,8709770";"2,7975080"
"201900048831";"23";"6";"2019";"09:00";"1";"6";"06095";"2";"3";"7";"6";"Chemin des Maures et des Adrets";"43,6401270";"6,8935020"
"201900048832";"30";"3";"2019";"17:45";"1";"36";"36094";"1";"1";"1";"3";"LIEU DIT  BERNIER";"46,4566880";"1,1958010"
"201900048833";"31";"3";"2019";"18:05";"1";"16";"16236";"1";"1";"1";"6";"RD 12";"45,5405630";"0,1180500"
"201900048834";"15";"7";"2019";"15:25";"1";"38";"38400";"2";"1";"1";"1";"Route de Voiron";"45,3441900";"5,5692200"
"201900048835";"31";"3";"2019";"06:00";"2";"16";"16285";"1";"1";"1";"6";"D16";"45,5297260";"0,3416930"
"201900048836";"16";"7";"2019";"07:30";"1";"44";"44036";"1";"1";"1";"1";"D771";"47,6986330";" -1,3979920"
"201900048837";"31";"3";"2019";"14:45";"1";"27";"27214";"1";"1";"1";"1";"CD 6014";"49,3232850";"1,4066180"
"201900048838";"15";"7";"2019";"17:25";"1";"87";"87107";"1";"1";"1";"1";"RN 147, PR11+300";"45,9183560";"1,2080590"
"201900048839";"31";"3";"2019";"14:45";"1";"87";"87154";"2";"1";"1";"3";"AVENUE SADI CARNOT";"45,8854790";"0,8954630"
"201900048840";"1";"4";"2019";"07:17";"2";"37";"37081";"1";"1";"1";"6";"La Salonnière";"47,4383390";"0,3451260"
"201900048841";"31";"3";"2019";"17:45";"1";"30";"30276";"1";"1";"1";"2";"departementae 979";"43,6425460";"4,1955220"
"201900048842";"1";"4";"2019";"10:00";"1";"30";"30012";"1";"1";"1";"3";"D2";"43,8762840";"4,6507690"
"201900048843";"2";"4";"2019";"00:30";"3";"30";"30223";"1";"1";"1";"6";"55 Route de Saint-Ambroix";"44,1863960";"4,1283530"
"201900048844";"15";"7";"2019";"05:35";"3";"36";"36219";"1";"1";"1";"6";"A20 PR 077.950";"46,6909510";"1,5833940"
"201900048845";"31";"3";"2019";"23:00";"3";"8";"08489";"1";"1";"1";"7";"RD983";"49,4493040";"4,6490310"
"201900048846";"1";"4";"2019";"13:47";"1";"67";"67405";"1";"1";"1";"2";"A 35 PK 220+430";"48,8308616";"8,0077499"
"201900048847";"29";"3";"2019";"16:00";"1";"69";"69244";"2";"1";"1";"6";"14 avenue victor Hugo";"45,7688100";"4,7870040"
"201900048848";"1";"4";"2019";"18:00";"1";"6";"06152";"1";"1";"1";"2";"route des Lucioles";"43,6183480";"7,0554080"
"201900048849";"1";"4";"2019";"08:20";"1";"6";"06018";"1";"1";"1";"3";"3725 Route des Dolines";"43,6208880";"7,0616030"
"201900048850";"16";"7";"2019";"08:30";"1";"62";"62297";"2";"3";"1";"2";"Rue de la Meullemotte";"50,8047130";"2,1473820"
"201900048851";"1";"4";"2019";"16:15";"1";"47";"47091";"1";"1";"1";"5";"A 62 PK 123.000";"44,1644575";"0,5896224"
"201900048852";"15";"7";"2019";"20:43";"2";"57";"57752";"2";"1";"1";"7";"Rue du Stade";"49,0754080";"7,0018380"
"201900048853";"31";"3";"2019";"12:05";"1";"33";"33527";"1";"1";"1";"2";"A660, PR 018";"44,6143900";" -1,0507600"
"201900048854";"15";"7";"2019";"12:46";"1";"56";"56178";"2";"7";"7";"6";"Place Anne de Bretagne";"48,0678550";" -2,9660710"
"201900048855";"1";"4";"2019";"11:30";"1";"86";"86174";"1";"1";"1";"2";"Autoroute A10, PK 278+500";"46,7814190";"0,5007590"
"201900048856";"14";"7";"2019";"19:00";"2";"56";"56229";"1";"2";"7";"3";"Le Grand Houssa";"47,7757740";" -2,2701200"
"201900048857";"1";"4";"2019";"08:45";"1";"51";"51599";"1";"1";"1";"2";"A4";"49,0867194";"4,2603698"
"201900048858";"23";"6";"2019";"14:15";"1";"56";"56124";"1";"1";"1";"6";"Tirpen";"47,7961150";" -2,4060500"
"201900048859";"21";"3";"2019";"19:38";"3";"35";"35066";"1";"4";"1";"1";"RD34";"48,0403520";" -1,6870060"
"201900048860";"15";"7";"2019";"00:15";"3";"56";"56078";"2";"1";"1";"6";"Rue de Kerbastic";"47,7958000";" -3,4940580"
"201900048861";"1";"4";"2019";"14:10";"1";"13";"13032";"1";"1";"1";"2";"CD7 ROUTE DE PELSSANNE";"43,5683470";"5,3539110"
"201900048862";"16";"7";"2019";"09:10";"1";"56";"56123";"1";"4";"7";"3";"RD774 - Route de St Fiacre";"47,6912313";" -2,3429310"
"201900048863";"1";"4";"2019";"20:05";"3";"986";"98613";"2";"1";"1";"1";"ALELE";" -27,0591260";"174,0234380"
"201900048864";"1";"4";"2019";"16:45";"1";"974";"97415";"1";"6";"1";"3";"RN7 - Zone industrielle de Cambaie";" -20,9654370";"55,2946710"
"201900048865";"16";"7";"2019";"09:45";"1";"74";"74083";"1";"3";"1";"3";"Route de Saint gervais / D909";"45,8846558";"6,6473160"
"201900048866";"1";"4";"2019";"23:30";"3";"974";"97418";"1";"1";"1";"6";"Ravine des Chevres les Bas";" -20,8993540";"55,5691980"
"201900048867";"22";"3";"2019";"00:50";"3";"974";"97418";"1";"1";"1";"2";"RN 2";" -20,9029880";"55,5410060"
"201900048868";"1";"4";"2019";"18:00";"1";"973";"97311";"1";"1";"1";"6";"Route de Saint-Jean";"5,4369423";" -54,0376174"
"201900048869";"16";"7";"2019";"15:30";"1";"89";"89420";"1";"1";"1";"3";"Route Départementale 1 PR 44+150";"47,5412850";"3,1774390"
"201900048870";"1";"4";"2019";"19:00";"3";"971";"97119";"1";"1";"1";"1";"Section Chabert - RD 121";"16,3799720";" -61,4369020"
"201900048871";"16";"7";"2019";"11:15";"1";"89";"89179";"1";"1";"1";"6";"Les Robineaux";"47,6380671";"3,2880257"
"201900048872";"31";"3";"2019";"11:15";"1";"971";"97112";"1";"1";"1";"3";"D203";"15,8722660";" -61,2908180"
"201900048873";"1";"4";"2019";"17:15";"1";"37";"37072";"2";"1";"1";"6";"Rue de la Croix Marion";"47,1686747";"0,2393707"
"201900048874";"15";"7";"2019";"16:00";"1";"63";"63236";"1";"1";"1";"5";"CD 130";"45,5865338";"2,7920121"
"201900048875";"15";"7";"2019";"21:15";"2";"61";"61491";"1";"1";"1";"7";"RN12";"48,6223780";"0,7248420"
"201900048876";"31";"3";"2019";"16:00";"1";"45";"45028";"2";"3";"1";"1";"R DE CHATEAUDUN-R R BOTHEREAU";"47,7878560";"1,6285020"
"201900048877";"31";"3";"2019";"16:35";"1";"77";"77163";"1";"1";"1";"7";"RD 38";"49,0487700";"2,8959100"
"201900048878";"2";"4";"2019";"09:50";"1";"77";"77440";"1";"9";"1";"3";"D603 X RUE DU BAC";"48,9461300";"3,0982700"
"201900048879";"30";"3";"2019";"18:30";"1";"77";"77354";"2";"2";"1";"4";"D605 - AV de la Libération";"48,4632100";"2,8693600"
"201900048880";"16";"7";"2019";"06:30";"1";"49";"49183";"1";"1";"1";"7";"La Roterie (Le Louroux-Béconnais, Val d'Erdre-Auxence)";"47,5159140";" -0,9413560"
"201900048881";"16";"7";"2019";"07:45";"1";"42";"42150";"1";"1";"1";"7";"RD 5";"45,7181210";"4,0952710"
"201900048882";"30";"3";"2019";"00:16";"2";"95";"95213";"1";"1";"1";"3";"chemin départemental 22";"49,1117057";"2,0551164"
"201900048883";"12";"7";"2019";"10:45";"1";"34";"34053";"1";"1";"1";"5";"RD 908";"43,6291150";"3,2245870"
"201900048884";"15";"7";"2019";"17:50";"1";"22";"22347";"1";"2";"1";"3";"Kerguezec";"48,7835550";" -3,2047600"
"201900048885";"16";"7";"2019";"05:50";"2";"39";"39286";"1";"1";"1";"1";"N/A";"46,3854110";"5,7960850"
"201900048886";"31";"3";"2019";"14:20";"1";"91";"91338";"1";"2";"1";"5";"intersecion CD 988 Cd 838";"48,6377220";"2,0618510"
"201900048887";"31";"3";"2019";"01:30";"3";"91";"91249";"1";"1";"1";"1";"D988";"48,6289790";"2,0462420"
"201900048888";"31";"3";"2019";"19:45";"2";"91";"91175";"1";"1";"1";"7";"chemin des chitries";"48,5090090";"1,9734750"
"201900048889";"31";"3";"2019";"13:45";"1";"2B";"2B093";"1";"1";"1";"6";"rt 30";"42,6241940";"8,9193760"
"201900048890";"31";"3";"2019";"06:00";"5";"84";"84081";"2";"1";"1";"6";"Route des Portugaises";"43,9450290";"4,9086930"
"201900048891";"1";"4";"2019";"08:20";"1";"83";"83023";"1";"1";"7";"5";"RD N7";"43,4162260";"6,0585780"
"201900048892";"1";"4";"2019";"17:15";"1";"13";"13100";"2";"2";"1";"1";"Avenue Albert Schweitzer";"43,7938290";"4,8334720"
"201900048893";"2";"4";"2019";"15:15";"1";"13";"13041";"2";"6";"1";"1";"Chemin de Payannet";"43,4720930";"5,4810160"
"201900048894";"29";"3";"2019";"18:00";"1";"26";"26165";"1";"1";"1";"6";"A7 PK 090.500 SENS NORD-SUD";"44,7758540";"4,8073440"
"201900048895";"1";"4";"2019";"10:30";"1";"25";"25097";"1";"1";"1";"2";"Départementale 278";"47,5290150";"6,8564840"
"201900048896";"1";"4";"2019";"15:09";"1";"89";"89438";"1";"1";"1";"2";"D965";"47,7968128";"3,6562198"
"201900048897";"20";"3";"2019";"06:35";"2";"52";"52295";"1";"1";"1";"6";"Départemental 107";"48,0397640";"5,2863040"
"201900048898";"1";"4";"2019";"08:45";"1";"68";"68226";"2";"3";"1";"3";"rue principale";"48,0360600";"7,1190790"
"201900048899";"30";"3";"2019";"17:00";"1";"68";"68329";"1";"3";"1";"3";"route de la schlucht";"48,0678330";"7,0595020"
"201900048900";"31";"3";"2019";"00:48";"3";"67";"67285";"1";"1";"1";"6";"rue du ried";"48,3840660";"7,6295090"
"201900048901";"2";"4";"2019";"18:00";"1";"73";"73155";"1";"1";"1";"7";"D211 Route de la Fruitière";"45,6394252";"5,9336275"
"201900048902";"2";"4";"2019";"18:40";"1";"38";"38083";"1";"1";"1";"5";"D52 C";"45,8170160";"5,3449480"
"201900048903";"30";"3";"2019";"13:30";"1";"1";"01160";"1";"1";"1";"6";"route de Meyrin";"46,2455330";"6,0949640"
"201900048904";"31";"3";"2019";"12:55";"1";"69";"69227";"1";"1";"1";"5";"Route Départementale";"45,6686600";"4,5554750"
"201900048905";"26";"3";"2019";"19:49";"2";"9";"09002";"1";"1";"1";"1";"RD 625";"42,9980890";"1,8800350"
"201900048906";"1";"4";"2019";"16:25";"1";"17";"17064";"1";"1";"1";"7";"Route de Coulonges";"45,7126370";" -1,0492400"
"201900048907";"1";"4";"2019";"18:30";"1";"33";"33179";"1";"1";"1";"3";"Bourricaud";"44,9990900";" -0,2614600"
"201900048908";"29";"3";"2019";"11:40";"1";"33";"33035";"1";"3";"1";"3";"D669 / acces Sociéte type Garage";"45,0524600";" -0,5938800"
"201900048909";"20";"3";"2019";"11:00";"1";"49";"49301";"2";"1";"1";"6";"Boulevard du 08 mai 1945";"47,1195450";" -0,9951230"
"201900048910";"28";"3";"2019";"12:30";"1";"35";"35063";"1";"2";"1";"3";"route départemantale 105";"48,3061930";" -1,3079630"
"201900048911";"1";"4";"2019";"11:35";"1";"60";"60575";"1";"1";"1";"1";"route départementale 1001";"49,3027000";"2,1979520"
"201900048912";"1";"4";"2019";"09:35";"1";"13";"13071";"1";"1";"1";"1";"A7-Sens Marseille vers Lyon";"43,4049020";"5,3180320"
"201900048913";"1";"4";"2019";"11:43";"1";"33";"33013";"1";"1";"1";"4";"ROUTE NATIONALE 230";"44,8645800";" -0,5037700"
"201900048914";"20";"3";"2019";"09:45";"1";"33";"33550";"1";"1";"1";"2";"AUTOROUTE A 62";"44,7612100";" -0,5469500"
"201900048915";"1";"4";"2019";"18:20";"1";"91";"91377";"1";"1";"1";"2";"AUTOROUTE A10";"48,7274000";"2,3030000"
"201900048916";"1";"4";"2019";"17:50";"1";"75";"75116";"1";"1";"1";"3";"A13";"48,8484200";"2,2467990"
"201900048917";"1";"4";"2019";"16:02";"1";"78";"78362";"1";"1";"1";"6";"A13";"48,9759200";"1,7221100"
"201900048918";"31";"3";"2019";"03:40";"5";"92";"92062";"1";"1";"1";"2";"RN 1014 Y";"48,8912499";"2,2409173"
"201900048919";"31";"3";"2019";"00:30";"3";"78";"78217";"1";"1";"1";"5";"A13";"48,9650000";"1,8192000"
"201900048920";"1";"4";"2019";"02:15";"3";"93";"93005";"1";"1";"1";"5";"AUTOROUTE A3";"48,9448400";"2,4771700"
"201900048921";"31";"3";"2019";"03:15";"3";"93";"93010";"1";"1";"1";"6";"AUTOROUTE A3";"48,8997000";"2,4696000"
"201900048922";"31";"3";"2019";"18:30";"1";"77";"77053";"1";"1";"1";"3";"RN104";"48,6746600";"2,6108500"
"201900048923";"31";"3";"2019";"08:20";"1";"94";"94052";"1";"1";"1";"7";"A86 INT";"48,8344920";"2,4932930"
"201900048924";"31";"3";"2019";"12:00";"1";"69";"69282";"2";"2";"1";"3";"JOSEPH DESBOIS                      (R )";"45,7819000";"5,0053400"
"201900048925";"31";"3";"2019";"20:21";"5";"988";"98818";"2";"3";"1";"6";"RUE AUGUSTE BENEBIG/RUE DU CDT ROUGY";" -22,2722700";"166,4502100"
"201900048926";"31";"3";"2019";"11:45";"1";"988";"98818";"2";"2";"1";"2";"VE1/RUE GALLIENI";" -22,2660800";"166,4377600"
"201900048927";"31";"3";"2019";"07:20";"1";"976";"97611";"2";"1";"1";"7";"kaweni-Mangrove (route de la)";" -12,7766900";"45,2260300"
"201900048928";"31";"3";"2019";"14:55";"1";"974";"97407";"1";"1";"1";"3";"ROUTE NATIONALE N° 1";" -20,9502500";"55,3197600"
"201900048929";"31";"3";"2019";"07:00";"2";"69";"69383";"2";"1";"1";"3";"DAUPHINE (DU)                       (R )";"45,7532500";"4,8705900"
"201900048930";"31";"3";"2019";"15:10";"1";"69";"69034";"2";"3";"1";"6";"PAUL DOUMER                         (BD)";"45,7946300";"4,8359300"
"201900048931";"30";"3";"2019";"12:20";"1";"2B";"2B033";"2";"3";"1";"3";"ROUTE ROYALE";"42,6759000";"9,4370000"
"201900048932";"31";"3";"2019";"13:20";"1";"90";"90039";"2";"3";"1";"3";"DE GAULLE (RUE DU GENERAL)";"47,6406503";"6,7984906"
"201900048933";"31";"3";"2019";"07:45";"2";"83";"83062";"2";"1";"1";"6";"DE LATTRE DE TASSIGNY (AVENUE)";"43,1130200";"5,9969200"
"201900048934";"30";"3";"2019";"10:45";"1";"76";"76565";"1";"1";"1";"2";"RD 915";"49,8931200";"1,0798200"
"201900048935";"31";"3";"2019";"06:25";"5";"71";"71076";"2";"1";"1";"6";"ROMPION (RUE DU LIEUTENANT)";"46,7837900";"4,8389000"
"201900048936";"31";"3";"2019";"00:20";"5";"69";"69256";"2";"2";"1";"3";"GABRIEL PERI                        (AV)";"45,7727000";"4,9124500"
"201900048937";"29";"3";"2019";"16:50";"1";"69";"69275";"2";"1";"1";"3";"FRANKLIN ROOSEVELT                  (AV)";"45,7666073";"4,9368530"
"201900048938";"9";"5";"2019";"10:20";"1";"77";"77065";"1";"1";"3";"3";"D372-Route de Milly";"48,4528800";"2,5115500"
"201900048939";"31";"5";"2019";"09:30";"1";"83";"83120";"2";"1";"1";"2";"place du 4 septembre";"43,3827140";"5,7065750"
"201900048940";"30";"5";"2019";"18:45";"1";"83";"83116";"1";"1";"1";"2";"Intersection RD560/D64 - Route de Mazaugues";"43,4398580";"5,8629370"
"201900048941";"2";"5";"2019";"13:54";"1";"83";"83116";"1";"1";"8";"7";"route de mazaugue";"43,4399750";"5,8630230"
"201900048942";"22";"5";"2019";"23:35";"3";"30";"30117";"1";"1";"1";"7";"Clos de Bastony";"43,7160260";"4,6064100"
"201900048943";"6";"5";"2019";"12:40";"1";"30";"30125";"1";"1";"1";"1";"D6113";"43,7768140";"4,4623060"
"201900048944";"2";"5";"2019";"17:58";"1";"3";"03286";"1";"1";"1";"1";"N/A";"46,5001817";"3,4045645"
"201900048945";"12";"5";"2019";"12:20";"1";"31";"31588";"2";"3";"1";"3";"7 Avenue de Francazal";"43,5255750";"1,3449760"
"201900048946";"11";"5";"2019";"12:30";"1";"31";"31157";"2";"3";"1";"3";"Avenue Général Joseph Bares";"43,5420550";"1,3543600"
"201900048947";"26";"5";"2019";"10:00";"1";"57";"57260";"1";"1";"1";"6";"rue de l'écluse";"49,1828620";"7,0334780"
"201900048948";"4";"5";"2019";"12:10";"1";"57";"57376";"1";"1";"3";"6";"CHEMIN LA WINTERHALT";"49,0295900";"7,3726810"
"201900048949";"8";"5";"2019";"15:05";"1";"57";"57169";"1";"1";"3";"6";"Route départementale 38";"48,7478780";"7,2447510"
"201900048950";"1";"5";"2019";"13:40";"1";"57";"57700";"2";"1";"1";"2";"Rue de METZ";"49,2840190";"6,5245160"
"201900048951";"11";"5";"2019";"18:10";"1";"57";"57547";"1";"2";"2";"3";"RD 913";"48,9856610";"6,1981790"
"201900048952";"12";"5";"2019";"06:30";"2";"4";"04205";"1";"1";"1";"6";"RD 900 - Le Grand Puy";"44,3229390";"6,3980930"
"201900048953";"28";"4";"2019";"03:00";"3";"89";"89240";"1";"1";"9";"7";"d 225";"48,2003076";"3,3594346"
"201900048954";"3";"5";"2019";"07:50";"1";"95";"95056";"2";"6";"1";"6";"route départementale 909";"49,0794540";"2,3525390"
"201900048955";"1";"5";"2019";"02:40";"3";"95";"95149";"1";"1";"1";"7";"D316";"49,1264420";"2,4287130"
"201900048956";"26";"4";"2019";"19:00";"1";"91";"91600";"2";"1";"1";"6";"Rue des Francs Bourgeois";"48,6476180";"2,4511320"
"201900048957";"24";"5";"2019";"12:55";"1";"51";"51507";"2";"2";"1";"3";"RD 3 / RD 85E2";"49,0909304";"4,9031818"
"201900048958";"16";"5";"2019";"04:18";"3";"51";"51138";"1";"2";"1";"3";"RD 982";"49,0229919";"4,8824201"
"201900048959";"24";"5";"2019";"14:00";"1";"62";"62075";"1";"1";"1";"6";"D240";"50,7098220";"1,6800090"
"201900048960";"28";"5";"2019";"15:04";"1";"62";"62829";"1";"3";"1";"3";"départementale 917";"50,0502050";"2,9049250"
"201900048961";"25";"5";"2019";"16:15";"1";"51";"51241";"2";"1";"2";"6";"317 RUE HAUTE";"48,7213738";"4,0338529"
"201900048962";"27";"5";"2019";"16:00";"1";"51";"51600";"2";"1";"1";"7";"RUE SAINT REMI";"49,2210639";"4,4082827"
"201900048963";"25";"5";"2019";"01:25";"3";"51";"51333";"1";"1";"1";"6";"RD 33";"49,1755725";"4,0920210"
"201900048964";"19";"5";"2019";"01:30";"3";"51";"51439";"1";"9";"1";"2";"RN 51";"49,3331229";"4,1729640"
"201900048965";"17";"5";"2019";"23:15";"3";"51";"51418";"1";"1";"1";"6";"RD 980";"49,2235710";"3,9472083"
"201900048966";"3";"5";"2019";"14:25";"1";"51";"51362";"2";"3";"8";"1";"ROUTE DE MACO";"49,2952990";"3,9455876"
"201900048967";"29";"5";"2019";"21:00";"2";"51";"51018";"1";"1";"1";"2";"RD 19";"49,0241338";"4,1266233"
"201900048968";"20";"5";"2019";"08:20";"1";"59";"59157";"2";"1";"2";"6";"Route Nationale";"50,2472500";"4,1490340"
"201900048969";"20";"5";"2019";"11:00";"1";"19";"19252";"1";"1";"2";"3";"Le Chassang (Sarroux)";"45,4171490";"2,4588690"
"201900048970";"12";"5";"2019";"03:30";"3";"19";"19256";"1";"1";"1";"6";"D168";"45,3259150";"2,3195270"
"201900048971";"5";"5";"2019";"20:00";"1";"19";"19162";"1";"1";"1";"3";"Les Infirmeries";"45,3238070";"1,5355470"
"201900048972";"21";"5";"2019";"01:00";"2";"19";"19007";"1";"1";"1";"6";"La combotte";"44,9569800";"1,8553541"
"201900048973";"31";"3";"2019";"03:50";"3";"56";"56140";"1";"1";"1";"6";"Kerbolot";"47,9054170";" -2,8388570"
"201900048974";"25";"5";"2019";"15:00";"1";"56";"56092";"1";"2";"1";"5";"lieu dit Penvern";"48,0244210";" -2,8357140"
"201900048975";"22";"3";"2019";"02:10";"5";"56";"56246";"1";"6";"1";"6";"Route de Saint Michel";"48,0398500";" -2,9704500"
"201900048976";"23";"5";"2019";"17:25";"1";"56";"56019";"1";"1";"1";"1";"Kerhello";"47,8623660";" -2,6692660"
"201900048977";"8";"5";"2019";"14:30";"1";"56";"56079";"1";"1";"6";"7";"D122";"47,9190500";" -2,4770400"
"201900048978";"2";"4";"2019";"19:30";"1";"56";"56061";"1";"1";"1";"1";"Route de la Chapelle Gaceline";"47,7750890";" -2,1195730"
"201900048979";"12";"4";"2019";"06:30";"2";"56";"56211";"1";"1";"1";"1";"Foveno";"47,8061130";" -2,3557360"
"201900048980";"25";"5";"2019";"15:15";"1";"56";"56208";"1";"1";"1";"7";"La Justice";"48,0933220";" -2,3590620"
"201900048981";"29";"5";"2019";"16:10";"1";"56";"56169";"2";"1";"1";"3";"14 rue du général de Gaulle";"47,6979460";" -3,2528740"
"201900048982";"26";"5";"2019";"10:45";"1";"56";"56169";"2";"6";"1";"3";"4 Rue du Pont-Lorois";"47,6817000";" -3,2102000"
"201900048983";"9";"5";"2019";"07:20";"1";"56";"56185";"1";"1";"1";"1";"Kerrousseau";"47,8057300";" -3,4134900"
"201900048984";"15";"5";"2019";"15:15";"1";"56";"56177";"2";"3";"1";"6";"Rue de Penn Prat";"47,7827750";" -3,0127720"
"201900048985";"10";"5";"2019";"16:10";"1";"56";"56148";"1";"1";"2";"1";"moulin de rhodes";"47,7460960";" -3,1975870"
"201900048986";"10";"5";"2019";"16:30";"1";"56";"56175";"1";"1";"8";"1";"Coet Digo";"47,7125280";" -2,9262090"
"201900048987";"26";"4";"2019";"19:40";"1";"56";"56148";"1";"1";"2";"7";"Moulin de Saint-Georges";"47,7664650";" -3,2020450"
"201900048988";"28";"5";"2019";"16:55";"1";"56";"56168";"1";"2";"1";"3";"Kerberenne";"47,6069200";" -3,1218630"
"201900048989";"19";"5";"2019";"13:55";"1";"56";"56168";"1";"1";"3";"1";"LE RUNESTO";"47,6081060";" -3,0971010"
"201900048990";"20";"5";"2019";"08:30";"2";"56";"56240";"1";"1";"1";"2";"Rue de Banastère";"47,5193210";" -2,6614450"
"201900048991";"12";"5";"2019";"18:30";"1";"56";"56240";"1";"1";"1";"6";"La Cour de Penvins";"47,5103650";" -2,7013130"
"201900048992";"25";"5";"2019";"12:20";"1";"56";"56053";"1";"1";"1";"7";"la ville maigre";"47,7385920";" -2,6113410"
"201900048993";"20";"5";"2019";"09:20";"1";"56";"56184";"1";"2";"1";"2";"LE HERLO";"47,6220500";" -2,4063120"
"201900048994";"4";"5";"2019";"03:11";"3";"56";"56184";"1";"1";"1";"6";"Le Galinio";"47,6566550";" -2,4797460"
"201900048995";"19";"5";"2019";"06:40";"2";"56";"56003";"1";"1";"1";"3";"le Moustoir";"47,6270500";" -2,8566900"
"201900048996";"23";"3";"2019";"14:34";"1";"56";"56067";"1";"3";"7";"1";"Le Poteau";"47,7682680";" -2,8984400"
"201900048997";"10";"5";"2019";"16:15";"1";"59";"59663";"2";"1";"1";"6";"Rue d'Herzeele";"50,8824790";"2,4764030"
"201900048998";"8";"5";"2019";"11:00";"1";"59";"59111";"2";"2";"2";"3";"CD 928";"50,8301050";"2,3139150"
"201900048999";"16";"5";"2019";"21:13";"3";"74";"74085";"1";"1";"1";"6";"464 Route du Plan du Moulin";"45,8206320";"6,7232470"
"201900049000";"18";"5";"2019";"10:30";"1";"74";"74269";"2";"1";"1";"7";"Route de Droisy";"45,9572590";"5,8584530"
"201900049001";"26";"5";"2019";"06:00";"2";"74";"74038";"1";"1";"1";"7";"Route de Plaine Joux";"46,1956301";"6,4577777"
"201900049002";"22";"5";"2019";"18:20";"1";"74";"74311";"1";"1";"1";"3";"27 Route du Fer à Cheval";"46,1584540";"6,3666470"
"201900049003";"25";"5";"2019";"19:20";"1";"74";"74275";"1";"1";"3";"7";"La Perriere (Montmin)";"45,7976770";"6,2631970"
"201900049004";"19";"5";"2019";"17:00";"1";"74";"74104";"2";"1";"2";"1";"300 Route de Talloires";"45,7834902";"6,2307850"
"201900049005";"10";"5";"2019";"13:45";"1";"74";"74123";"2";"1";"1";"6";"Rue de la république";"45,7476611";"6,2911461"
"201900049006";"9";"5";"2019";"19:50";"2";"74";"74137";"1";"1";"2";"6";"route départementale 2";"46,0024330";"6,1988150"
"201900049007";"27";"5";"2019";"16:09";"1";"77";"77239";"1";"1";"1";"6";"Route départementale 231";"48,6745970";"3,1174240"
"201900049008";"15";"5";"2019";"11:30";"1";"67";"67463";"1";"1";"1";"6";"d28";"48,8911540";"8,1119640"
"201900049009";"20";"5";"2019";"12:00";"1";"67";"67281";"2";"3";"1";"3";"Rue de l'Industrie";"48,1579480";"7,5491750"
"201900049010";"8";"5";"2019";"11:40";"1";"67";"67281";"1";"9";"8";"6";"départementale 20";"48,1634280";"7,5432170"
"201900049011";"22";"3";"2019";"15:06";"1";"67";"67276";"1";"1";"1";"7";"Rue Principale - rd 392";"48,5220120";"7,2940390"
"201900049012";"25";"5";"2019";"02:45";"3";"76";"76686";"1";"2";"1";"3";"VC1 - VC 202";"49,7545240";"0,5385120"
"201900049013";"5";"5";"2019";"09:30";"1";"76";"76015";"2";"9";"1";"6";"Rue d'Iclon";"49,8304580";"0,7941340"
"201900049014";"4";"5";"2019";"18:10";"1";"76";"76219";"2";"2";"1";"3";"rue de bad nenndorf";"49,7209146";"0,7766152"
"201900049015";"1";"5";"2019";"19:50";"2";"76";"76750";"1";"1";"1";"6";"D982";"49,4599890";"0,8345770"
"201900049016";"28";"5";"2019";"16:25";"1";"76";"76258";"1";"1";"1";"1";"Route de la Chaussée Romaine (Sainte-Marguerite-sur-Fauville)";"49,6710030";"0,5945470"
"201900049017";"24";"5";"2019";"17:18";"1";"76";"76126";"2";"1";"1";"1";"D118 - route du village";"49,6617315";"1,3467251"
"201900049018";"11";"5";"2019";"19:00";"1";"76";"76197";"1";"3";"1";"1";"CD 149";"49,7793246";"1,0780738"
"201900049019";"28";"5";"2019";"15:45";"1";"79";"79311";"2";"9";"2";"3";"47 rue du Poitou";"46,6085250";" -0,4098110"
"201900049020";"4";"2";"2019";"15:18";"1";"79";"79342";"1";"1";"4";"2";"N/A";"46,6319160";" -0,5593800"
"201900049021";"24";"5";"2019";"20:20";"2";"79";"79025";"2";"1";"7";"6";"22 rue du Pontreau";"46,6233550";" -0,3459800"
"201900049022";"11";"5";"2019";"23:20";"3";"79";"79139";"1";"1";"1";"6";"N/A";"46,5220800";" -0,4101700"