"Num_Acc";"jour";"mois";"an";"hrmn";"lum";"dep";"com";"agg";"int";"atm";"col";"adr";"lat";"long"
"201900049023";"24";"5";"2019";"17:55";"1";"79";"79157";"1";"2";"1";"3";"Chemin de Sainte-Verge à Orbe";"46,9928220";" -0,1825360"
"201900049024";"25";"5";"2019";"07:00";"1";"79";"79079";"1";"1";"1";"6";"Les Petites Eules";"46,9607670";" -0,6739660"
"201900049025";"3";"5";"2019";"15:45";"1";"79";"79062";"2";"6";"1";"2";"Rond point faisant l'intersection entre la RD 960 bis et la RD 744";"46,8289470";" -0,6750600"
"201900049026";"9";"5";"2019";"15:15";"1";"79";"79003";"1";"3";"1";"3";"Route de Prahecq";"46,2768510";" -0,3949900"
"201900049027";"12";"5";"2019";"04:00";"3";"2A";"2A269";"1";"1";"1";"6";"RT 10 PK 6+100";"41,8509379";"9,3996811"
"201900049028";"13";"4";"2019";"00:05";"3";"2A";"2A362";"2";"1";"1";"6";"lieu dit fiorino Sainte-Lucie de Porto-Vecchio";"41,7025154";"9,3363330"
"201900049029";"30";"5";"2019";"15:40";"1";"2A";"2A085";"1";"1";"1";"5";"RT40";"41,9118170";"8,9255820"
"201900049030";"26";"5";"2019";"18:50";"1";"2B";"2B123";"1";"1";"2";"3";"RT10";"42,0633190";"9,4404770"
"201900049031";"18";"5";"2019";"02:15";"3";"2B";"2B096";"1";"1";"2";"1";"route territoriale 20";"42,3184390";"9,1600670"
"201900049032";"8";"5";"2019";"21:40";"3";"2B";"2B354";"1";"1";"1";"3";"rt 20 - PK 051+ 950";"42,1324030";"9,1392320"
"201900049033";"30";"5";"2019";"10:15";"1";"2B";"2B150";"1";"3";"1";"1";"RT30";"42,5941410";"8,8363770"
"201900049034";"30";"5";"2019";"09:35";"1";"2B";"2B050";"2";"1";"1";"7";"RT30";"42,5508430";"8,7700090"
"201900049035";"25";"5";"2019";"16:15";"1";"2B";"2B346";"2";"1";"1";"6";"RD 237";"42,4917750";"9,4406700"
"201900049036";"19";"5";"2019";"15:30";"1";"2B";"2B319";"1";"1";"2";"1";"Ficaretto";"42,4164300";"9,5293660"
"201900049037";"21";"5";"2019";"12:25";"1";"80";"80608";"2";"2";"1";"5";"D1017";"49,8142940";"2,8473540"
"201900049038";"20";"5";"2019";"06:45";"2";"80";"80192";"1";"3";"1";"3";"CD 1";"49,9082790";"2,6494730"
"201900049039";"19";"5";"2019";"17:45";"1";"80";"80628";"1";"1";"2";"7";"D54";"49,7547890";"2,5492530"
"201900049040";"31";"5";"2019";"12:10";"1";"80";"80086";"1";"1";"1";"1";"LE BLANC BOIS";"50,1304770";"2,1631430"
"201900049041";"13";"5";"2019";"19:10";"1";"80";"80318";"2";"1";"1";"3";"D1001";"50,0318540";"2,0651440"
"201900049042";"25";"5";"2019";"12:30";"1";"80";"80631";"2";"4";"1";"1";"rue jean brun";"50,3068950";"1,8937300"
"201900049043";"24";"5";"2019";"18:20";"2";"80";"80613";"2";"1";"1";"3";"Route de Paris";"50,0388200";"1,4717210"
"201900049044";"4";"5";"2019";"03:19";"3";"80";"80183";"1";"1";"3";"6";"D 29";"49,9861760";"1,7438260"
"201900049045";"3";"5";"2019";"05:30";"5";"80";"80260";"2";"1";"1";"1";"Route Nationale - Hameau de Le Plessiel";"50,1557420";"1,8549760"
"201900049046";"1";"5";"2019";"16:20";"1";"80";"80476";"1";"1";"1";"6";"CD 901";"50,0332550";"1,8899960"
"201900049047";"5";"5";"2019";"09:30";"1";"80";"80187";"1";"1";"2";"2";"Chemin Saint-Vaast";"49,9637650";"2,1737110"
"201900049048";"1";"5";"2019";"19:20";"1";"80";"80799";"2";"1";"1";"3";"Route de Péronne";"49,8706360";"2,5241230"
"201900049049";"16";"5";"2019";"22:00";"5";"82";"82089";"2";"2";"1";"3";"1 Rue de la Libération";"44,1243680";"0,8197629"
"201900049050";"23";"5";"2019";"11:20";"1";"82";"82112";"2";"1";"1";"3";"79 rue gambetta";"44,1017000";"1,0782700"
"201900049051";"4";"5";"2019";"20:45";"2";"82";"82096";"1";"1";"2";"6";"Route de Montech - RD 42";"44,0285320";"1,2218970"
"201900049052";"3";"5";"2019";"15:05";"1";"82";"82051";"1";"1";"2";"6";"RD2";"44,1957250";"1,1440400"
"201900049053";"13";"5";"2019";"09:50";"1";"82";"82161";"1";"2";"1";"2";"Croisement D.115 et chemin des barrayrous";"44,0581230";"1,4814940"
"201900049054";"17";"5";"2019";"18:00";"1";"82";"82178";"1";"1";"2";"6";"CD3";"43,8441280";"1,1580680"
"201900049055";"2";"5";"2019";"22:10";"3";"82";"82125";"1";"1";"1";"6";"RD928";"43,9532160";"1,1876420"
"201900049056";"4";"5";"2019";"19:50";"1";"82";"82113";"1";"1";"2";"7";"RD20";"44,1832080";"1,3442510"
"201900049057";"1";"5";"2019";"01:11";"3";"82";"82148";"1";"1";"1";"6";"RD17";"44,2353936";"1,6056548"
"201900049058";"7";"4";"2019";"14:15";"1";"82";"82087";"1";"1";"1";"3";"D927";"44,0908020";"1,2657200"
"201900049059";"6";"5";"2019";"08:20";"1";"41";"41099";"1";"1";"1";"4";"A85 PK 171+500";"47,3393390";"1,6045010"
"201900049060";"29";"5";"2019";"17:10";"1";"65";"65032";"1";"1";"1";"7";"Route Soulor";"42,9601840";" -0,2501970"
"201900049061";"2";"5";"2019";"19:50";"1";"65";"65004";"1";"1";"8";"7";"D821";"43,0354313";" -0,0637860"
"201900049062";"8";"12";"2019";"07:00";"3";"62";"62235";"1";"1";"2";"6";"D119";"50,6365730";"1,6228910"
"201900049063";"1";"5";"2019";"02:30";"3";"65";"65056";"1";"6";"1";"7";"Giratoire D821 - D821A";"43,0128790";" -0,0866660"
"201900049064";"30";"5";"2019";"16:45";"1";"65";"65460";"1";"1";"1";"3";"Départementale 6";"43,3889286";"0,0120769"
"201900049065";"27";"5";"2019";"19:15";"1";"65";"65442";"1";"1";"1";"7";"D632";"43,2988365";"0,6088977"
"201900049066";"21";"5";"2019";"17:35";"1";"65";"65401";"2";"1";"1";"2";"Route de Bagnères";"43,1822137";"0,1020803"
"201900049067";"7";"12";"2019";"20:40";"5";"59";"59400";"2";"1";"1";"5";"92 Route de la Gorgue";"50,6369940";"2,6492730"
"201900049068";"7";"12";"2019";"18:30";"3";"59";"59295";"2";"1";"2";"3";"ROUTE DEPARTEMENTALE 642";"50,7349090";"2,5655550"
"201900049069";"18";"5";"2019";"11:55";"1";"33";"33386";"1";"1";"2";"6";"voie communale n°5";"44,9351500";" -0,0213600"
"201900049070";"7";"7";"2019";"04:50";"3";"13";"13019";"1";"1";"1";"2";"A51-Sens Aix en Provence vers Marseille";"43,4242200";"5,3748800"
"201900049071";"12";"5";"2019";"07:30";"2";"33";"33437";"1";"1";"1";"6";"RD 936 Avenue de l'Europe";"44,8548600";" -0,0719690"
"201900049072";"7";"12";"2019";"17:30";"3";"13";"13215";"1";"1";"1";"5";"A7-Sens Marseille vers Lyon";"43,3470260";"5,3723610"
"201900049073";"25";"5";"2019";"17:55";"1";"33";"33298";"1";"1";"1";"1";"Genequin";"44,8358900";" -0,2102900"
"201900049074";"4";"12";"2019";"19:00";"3";"67";"67482";"1";"1";"1";"4";"Autoroute A.351";"48,5869780";"7,7151580"
"201900049075";"11";"5";"2019";"08:40";"1";"33";"33036";"2";"3";"1";"6";"Rue de l'Eyrevieille / Parking";"44,4323490";" -0,2160880"
"201900049076";"7";"12";"2019";"12:30";"1";"91";"91661";"1";"1";"9";"5";"AUTOROUTE A10";"48,6926400";"2,2269500"
"201900049077";"7";"12";"2019";"12:45";"1";"91";"91521";"1";"1";"1";"3";"RN 104";"48,6361500";"2,4021000"
"201900049078";"30";"4";"2019";"17:00";"1";"33";"33116";"1";"1";"1";"1";"PK 8+900";"44,4784920";" -0,2290240"
"201900049079";"6";"12";"2019";"13:07";"1";"78";"78640";"1";"1";"2";"2";"A86 EXT";"48,7777360";"2,2187020"
"201900049080";"24";"5";"2019";"15:35";"1";"33";"33473";"1";"1";"1";"3";"180 lieu-dit les saugues";"45,1338280";" -0,4294120"
"201900049081";"24";"5";"2019";"08:15";"1";"33";"33241";"2";"1";"1";"6";"Chemin de Jipon";"44,6911200";" -0,3723300"
"201900049082";"7";"12";"2019";"19:45";"3";"95";"95252";"1";"1";"1";"2";"AUTOROUTE A15";"48,9763000";"2,2360300"
"201900049083";"10";"5";"2019";"19:30";"1";"33";"33408";"1";"1";"1";"6";"Route de Langoiran";"44,7632330";" -0,3621960"
"201900049084";"15";"5";"2019";"07:05";"1";"33";"33140";"1";"1";"1";"5";"LA FORET - d121 - PR 52+020";"44,7803400";" -0,3342900"
"201900049085";"7";"12";"2019";"17:15";"2";"95";"95042";"1";"1";"1";"4";"RN 104";"49,0631800";"2,3284600"
"201900049086";"15";"5";"2019";"18:20";"1";"33";"33381";"2";"1";"1";"7";"D115";"44,7424200";" -0,4307300"
"201900049087";"7";"12";"2019";"06:00";"3";"93";"93027";"1";"1";"2";"6";"AUTOROUTE A86";"48,9285300";"2,4135700"
"201900049088";"24";"5";"2019";"12:05";"1";"69";"69006";"1";"1";"1";"5";"ROUTE DE CUBLIZE";"45,9828788";"4,3376859"
"201900049089";"6";"12";"2019";"22:40";"3";"93";"93027";"1";"1";"2";"2";"AUTOROUTE A86";"48,9285100";"2,4130800"
"201900049090";"21";"5";"2019";"22:25";"5";"69";"69063";"2";"1";"1";"7";"3 Rue de la République";"45,8161070";"4,8391770"
"201900049091";"6";"12";"2019";"20:20";"5";"93";"93006";"1";"1";"1";"6";"AUTOROUTE A3";"48,8699900";"2,4301500"
"201900049092";"23";"5";"2019";"18:00";"1";"81";"81042";"1";"9";"1";"6";"Route Départemental 622";"43,6212530";"2,3118770"
"201900049093";"6";"12";"2019";"17:45";"3";"95";"95042";"1";"1";"2";"4";"RN 104";"49,0631800";"2,3282600"
"201900049094";"22";"5";"2019";"16:00";"1";"81";"81128";"2";"7";"1";"3";"26 Chemin de la Bouriatte";"43,6612220";"2,3473060"
"201900049095";"15";"5";"2019";"19:13";"2";"81";"81182";"1";"1";"7";"6";"Lieu dit St Martin de Calmes";"43,7380784";"2,2859766"
"201900049096";"28";"5";"2019";"06:30";"2";"32";"32369";"1";"1";"1";"6";"D931 PK58+600";"43,7883170";"0,0091810"
"201900049097";"6";"12";"2019";"17:30";"1";"92";"92036";"1";"1";"1";"2";"AUTOROUTE A15";"48,9396358";"2,2945247"
"201900049098";"21";"4";"2019";"01:50";"3";"32";"32045";"1";"1";"1";"1";"La Carau";"43,4764690";"0,4184580"
"201900049099";"29";"5";"2019";"13:15";"1";"32";"32208";"1";"1";"1";"6";"RN 21 PR 017+600";"43,9116780";"0,6322500"
"201900049100";"6";"12";"2019";"15:00";"1";"95";"95424";"1";"1";"2";"5";"AUTOROUTE A15";"48,9908900";"2,1939800"
"201900049101";"6";"12";"2019";"13:20";"1";"92";"92036";"1";"1";"1";"6";"AUTOROUTE A15";"48,9396358";"2,2945247"
"201900049102";"12";"5";"2019";"01:35";"3";"32";"32176";"1";"1";"1";"6";"Rd36";"43,9864330";"0,5814190"
"201900049103";"4";"5";"2019";"20:00";"2";"32";"32396";"1";"1";"2";"6";"latapie";"44,0263610";"0,5646170"
"201900049104";"6";"12";"2019";"11:30";"1";"95";"95394";"1";"1";"2";"3";"RN 184";"49,0503700";"2,1447800"
"201900049105";"23";"5";"2019";"19:30";"1";"32";"32449";"1";"3";"1";"3";"D125 PK 2";"43,8378730";" -0,1806530"
"201900049106";"1";"5";"2019";"18:30";"1";"32";"32162";"1";"1";"1";"7";"voie communale";"43,7693850";"0,4387890"
"201900049107";"3";"12";"2019";"06:20";"3";"93";"93005";"1";"1";"1";"2";"AUTOROUTE A1";"48,9647000";"2,4734900"
"201900049108";"5";"12";"2019";"21:00";"5";"94";"94018";"1";"1";"5";"6";"A4";"48,8172000";"2,4113000"
"201900049109";"30";"5";"2019";"07:00";"2";"32";"32160";"1";"4";"1";"1";"N224";"43,6157850";"1,0642170"
"201900049110";"2";"12";"2019";"07:40";"1";"77";"77181";"1";"1";"1";"2";"JOSEPH PAXTON (avenue de)";"48,8270216";"2,7161292"
"201900049111";"16";"5";"2019";"14:45";"1";"32";"32262";"1";"1";"1";"1";"RD 39";"43,6718240";"1,0315800"
"201900049112";"18";"4";"2019";"15:50";"1";"32";"32160";"1";"3";"1";"5";"Le Choulon";"43,6018480";"1,0304540"
"201900049113";"6";"12";"2019";"07:10";"5";"71";"71540";"2";"6";"9";"6";"HUIT MAI (AVENUE DU)";"46,7784400";"4,4412400"
"201900049114";"2";"5";"2019";"12:40";"1";"32";"32268";"1";"1";"1";"1";"RN124";"43,6024200";"1,0101020"
"201900049115";"17";"5";"2019";"15:30";"1";"71";"71182";"2";"1";"8";"1";"Rue de Givry";"46,7980820";"4,7596720"
"201900049116";"7";"5";"2019";"17:50";"1";"11";"11024";"1";"1";"1";"4";"Prat de Cest";"43,1250680";"2,9577540"
"201900049117";"18";"5";"2019";"03:15";"5";"11";"11103";"2";"1";"1";"6";"Avenue Jean Pierre Marty";"42,9423540";"2,2573930"
"201900049118";"7";"5";"2019";"18:00";"1";"11";"11165";"1";"1";"1";"1";"RD 117";"42,8748250";"2,1628100"
"201900049119";"20";"5";"2019";"16:30";"1";"11";"11206";"2";"1";"1";"7";"D 30";"43,0513020";"2,2021090"
"201900049120";"24";"5";"2019";"07:35";"1";"11";"11397";"2";"9";"2";"6";"Route de Narbonne";"43,2035080";"2,4416320"
"201900049121";"10";"5";"2019";"10:40";"1";"11";"11185";"2";"1";"1";"6";"Boulevard de la Promenade";"43,0904170";"2,6206610"
"201900049122";"15";"5";"2019";"17:30";"1";"11";"11410";"1";"1";"1";"1";"D620";"43,2634260";"2,4224110"
"201900049123";"9";"5";"2019";"13:10";"1";"11";"11052";"1";"1";"1";"6";"DÉPARTEMENALE 48";"43,3296200";"2,2510870"
"201900049124";"6";"5";"2019";"17:40";"1";"71";"71351";"2";"1";"1";"6";"28 Rue du Parc";"46,8829800";"5,2616030"
"201900049125";"6";"5";"2019";"12:40";"1";"71";"71206";"1";"1";"1";"6";"RD 44";"46,6419260";"5,0272020"
"201900049126";"2";"12";"2019";"18:10";"5";"64";"64445";"2";"1";"2";"6";"VIARD";"43,3054200";" -0,3744800"
"201900049127";"30";"5";"2019";"11:30";"1";"71";"71143";"1";"1";"1";"1";"Route de saint sulpice";"46,4543810";"5,3092050"
"201900049128";"29";"11";"2019";"07:25";"5";"59";"59654";"2";"6";"2";"3";"TOURNAI (ROUTE DE)";"50,3910300";"3,1066300"
"201900049129";"26";"5";"2019";"14:50";"1";"71";"71177";"1";"1";"1";"3";"chemin de chevalot";"46,5140900";"5,3031540"
"201900049130";"5";"12";"2019";"20:50";"5";"34";"34172";"2";"2";"1";"1";"BOUISSES (RUE DES)";"43,6081900";"3,8322100"
"201900049131";"30";"5";"2019";"14:20";"1";"71";"71565";"2";"3";"1";"3";"La Condemine";"46,6239180";"4,0483060"
"201900049132";"12";"5";"2019";"17:00";"1";"71";"71088";"1";"1";"1";"7";"CD 198 route de Grury";"46,6330270";"3,9696360"
"201900049133";"2";"12";"2019";"10:50";"1";"34";"34172";"2";"1";"1";"2";"TOULOUSE (AVENUE DE";"43,5924500";"3,8588100"
"201900049134";"5";"12";"2019";"02:30";"5";"13";"13206";"2";"1";"1";"6";"BRETEUIL (RUE)";"43,2830625";"5,3787705"
"201900049135";"5";"12";"2019";"15:10";"1";"13";"13206";"2";"1";"1";"3";"JULES CANTINI (AVENUE)";"43,2845000";"5,3867000"
"201900049136";"30";"5";"2019";"19:15";"1";"71";"71479";"1";"1";"1";"1";"Lieu-dit La Borne Creuse";"46,8621530";"4,4371570"
"201900049137";"3";"12";"2019";"16:10";"1";"13";"13207";"2";"1";"1";"7";"Corniche John Fitzgérald Kennedy";"43,2686000";"5,3690000"
"201900049138";"22";"5";"2019";"18:20";"1";"71";"71310";"2";"1";"1";"5";"146 avenue de la République";"46,7424810";"4,4726050"
"201900049139";"3";"12";"2019";"12:05";"1";"13";"13204";"2";"1";"1";"2";"SAKAKINI (BOULEVARD)";"43,2983114";"5,4009836"
"201900049140";"6";"5";"2019";"15:45";"1";"71";"71509";"1";"1";"1";"6";"RD 978";"47,0116770";"4,1820890"
"201900049141";"12";"5";"2019";"00:45";"3";"71";"71289";"1";"1";"2";"6";"Lieu-dit Montgrenot";"46,3066760";"4,4813440"
"201900049142";"2";"12";"2019";"21:24";"5";"13";"13204";"2";"2";"1";"3";"ORGUES (RUE DES)";"43,2996000";"5,3977000"
"201900049143";"11";"5";"2019";"02:00";"5";"89";"89309";"2";"1";"2";"6";"Quai Nicolas de Vères";"48,2876270";"3,2053123"
"201900049144";"14";"5";"2019";"12:15";"1";"89";"89277";"1";"1";"1";"7";"CD 49";"47,6747840";"3,8966370"
"201900049145";"5";"12";"2019";"08:00";"1";"11";"11069";"2";"3";"1";"3";"VILLEMOUSTAUSSOU -ROUTE DE-";"43,2327000";"2,3621000"
"201900049146";"23";"5";"2019";"07:30";"1";"89";"89344";"1";"1";"1";"6";"d965";"47,6486885";"3,0846718"
"201900049147";"4";"12";"2019";"04:10";"3";"93";"93066";"1";"1";"5";"6";"AUTOROUTE A1";"48,9281300";"2,3580000"
"201900049148";"18";"5";"2019";"13:35";"1";"89";"89068";"2";"1";"1";"6";"Lieu dit Le Patis";"47,8191470";"3,7975880"
"201900049149";"8";"5";"2019";"18:00";"1";"89";"89307";"1";"1";"4";"3";"route nationale 77 - PK 17+100";"47,8985638";"3,7118554"
"201900049150";"6";"5";"2019";"06:00";"2";"89";"89201";"2";"2";"5";"3";"Les Baudieres";"47,9233884";"3,6524606"
"201900049151";"6";"12";"2019";"13:15";"1";"976";"97611";"1";"1";"1";"1";"kaweni-Pendu (Place)";" -12,7593500";"45,2293100"
"201900049152";"27";"5";"2019";"07:00";"1";"63";"63072";"2";"1";"1";"3";"route de clermont";"45,8784392";"3,6965049"
"201900049153";"1";"12";"2019";"19:00";"3";"974";"97416";"1";"1";"1";"7";"RN3 (3)";" -21,3097000";"55,4976300"
"201900049154";"6";"12";"2019";"02:40";"3";"974";"97416";"1";"1";"1";"7";"RN2 (1)";" -21,3530200";"55,5096400"
"201900049155";"7";"5";"2019";"20:00";"1";"63";"63233";"1";"2";"1";"3";"Rue de la Croix Verte";"46,1765912";"2,7993787"
"201900049156";"6";"12";"2019";"16:45";"1";"973";"97302";"2";"1";"1";"6";"BOUDINOT (AUGUSTE) CITE THEMIRE";"4,9343740";" -52,3191320"
"201900049157";"31";"5";"2019";"07:00";"2";"63";"63118";"1";"3";"5";"1";"lieu dit LA BARRAQUE";"45,8600407";"2,5919724"
"201900049158";"26";"5";"2019";"14:05";"1";"63";"63278";"1";"1";"1";"6";"D211 PK 4+300";"45,9287365";"3,1689967"
"201900049159";"6";"12";"2019";"22:23";"5";"69";"69387";"2";"2";"1";"3";"JEAN JAURES                         (AV)";"45,7524400";"4,8461900"
"201900049160";"25";"5";"2019";"01:00";"3";"63";"63432";"1";"1";"1";"7";"CD 211 - PK 11 + 800";"45,9657765";"3,2441132"
"201900049161";"6";"12";"2019";"16:50";"2";"69";"69387";"2";"2";"1";"2";"JEAN JAURES                         (AV)";"45,7488700";"4,8440500"
"201900049162";"18";"5";"2019";"10:30";"1";"63";"63089";"1";"1";"2";"6";"D51 - route de Chavaroux";"45,8606980";"3,2371130"
"201900049163";"6";"12";"2019";"20:00";"5";"972";"97213";"2";"1";"3";"2";"ROUTE NATIONALE 1";"14,6224000";" -60,9901700"
"201900049164";"5";"5";"2019";"19:30";"2";"63";"63295";"1";"1";"2";"1";"D1093";"46,0033870";"3,3552590"
"201900049165";"6";"12";"2019";"13:50";"1";"972";"97213";"2";"3";"1";"6";"ERNEST ANDRE (RUE)";"14,6163500";" -61,0029000"
"201900049166";"6";"12";"2019";"07:00";"1";"972";"97209";"2";"3";"1";"1";"LEOPOLD BISSOL (BOULEVARD)";"14,6101800";" -61,0733900"
"201900049167";"7";"12";"2019";"00:05";"5";"69";"69034";"2";"1";"2";"6";"PIERRE BRUNIER                      (R )";"45,7871600";"4,8300400"
"201900049168";"6";"12";"2019";"20:30";"5";"69";"69384";"2";"1";"1";"4";"JOSEPH GILLET                       (QU)";"45,7817600";"4,8128500"
"201900049169";"5";"12";"2019";"18:00";"5";"69";"69382";"2";"2";"5";"3";"SEGUIN                              (R )";"45,7459900";"4,8227600"
"201900049170";"6";"12";"2019";"17:45";"5";"69";"69389";"2";"1";"1";"3";"ST CYR (DE)                         (R )";"45,7876700";"4,8086600"
"201900049171";"1";"12";"2019";"11:50";"1";"971";"97101";"2";"3";"1";"3";"CHEMIN DE PENNEL";"16,2513400";" -61,5162700"
"201900049172";"5";"12";"2019";"17:57";"3";"95";"95277";"2";"9";"5";"6";"47 CHEMIN DU DEPART";"49,0067100";"2,4783200"
"201900049173";"6";"12";"2019";"18:40";"5";"91";"91692";"2";"1";"2";"6";"BERRY (AVENUE DU)";"48,6825750";"2,1691210"
"201900049174";"30";"11";"2019";"13:00";"1";"91";"91421";"1";"1";"1";"5";"NATIONALE 6 (CES POMPIDOU)";"48,6924200";"2,4502900"
"201900049175";"6";"12";"2019";"08:30";"1";"91";"91377";"2";"9";"2";"6";"LECLERC (AVENUE DU MARECHAL)";"48,7270600";"2,2999700"
"201900049176";"3";"12";"2019";"07:57";"2";"91";"91228";"2";"1";"8";"6";"MARECHAL LECLERC (BD)";"48,6278400";"2,4465400"
"201900049177";"6";"12";"2019";"13:17";"1";"87";"87085";"2";"1";"1";"6";"MAROT (RUE CLEMENT)";"45,8474100";"1,2610000"
"201900049178";"6";"12";"2019";"00:39";"5";"87";"87085";"2";"1";"1";"6";"LABUSSIERE (AVENUE EMILE)";"45,8406800";"1,2569600"
"201900049179";"5";"12";"2019";"17:48";"2";"87";"87114";"2";"3";"1";"6";"PROXIMART (ALLEE DE)";"45,8391600";"1,3012600"
"201900049180";"4";"12";"2019";"17:06";"1";"87";"87050";"2";"1";"1";"6";"GARE (AVENUE DE LA) Voie Communale";"45,8799200";"1,2389700"
"201900049181";"6";"12";"2019";"16:15";"1";"86";"86194";"2";"1";"1";"6";"WINSTON CHURCHILL (AVENUE)";"46,5912800";"0,3555500"
"201900049182";"5";"12";"2019";"12:35";"1";"86";"86066";"2";"3";"1";"3";"FOMBEURE (RUE MAURICE)";"46,8290310";"0,5635310"
"201900049183";"1";"12";"2019";"14:00";"1";"83";"83137";"2";"1";"1";"7";"LECLERC (AVE GENERAL)";"43,2412000";"6,1020600"
"201900049184";"5";"12";"2019";"20:00";"5";"80";"80021";"2";"1";"1";"3";"LESUEUR (RUE)";"49,8935000";"2,3016100"
"201900049185";"6";"12";"2019";"14:30";"1";"79";"79191";"2";"1";"8";"2";"342 avenue de Paris";"46,3367010";" -0,4212700"
"201900049186";"12";"11";"2019";"18:50";"5";"78";"78423";"2";"2";"1";"6";"LECLERC (AVENUE DU  GENERAL)";"48,7760650";"2,0368550"
"201900049187";"30";"11";"2019";"19:30";"5";"78";"78498";"2";"1";"1";"4";"BON ROI SAINT LOUIS AVENUE";"48,9271100";"2,0188700"
"201900049188";"6";"12";"2019";"19:50";"5";"77";"77284";"2";"1";"2";"6";"DUNANT (AVENUE HENRI)";"48,9488600";"2,8941400"
"201900049189";"6";"12";"2019";"17:45";"5";"77";"77513";"2";"1";"2";"6";"D603 - CH DE PARIS (RUE DE LA)";"48,9555600";"2,8658200"
"201900049190";"5";"12";"2019";"07:15";"2";"76";"76410";"1";"1";"1";"4";"A150";"49,4720470";"1,0299683"
"201900049191";"5";"12";"2019";"18:34";"3";"76";"76319";"1";"1";"1";"6";"RN 138";"49,3414100";"0,9987300"
"201900049192";"4";"12";"2019";"12:45";"1";"76";"76540";"2";"1";"1";"6";"BELGES. BOULEVARD DES";"49,4457300";"1,0863800"
"201900049193";"5";"12";"2019";"09:00";"1";"76";"76575";"2";"3";"1";"2";"CROIZAT. AVENUE AMBROISE";"49,3728100";"1,1030000"
"201900049194";"4";"12";"2019";"07:40";"2";"76";"76498";"2";"1";"1";"6";"11 NOVEMBRE. BOULEVARD DU";"49,4171600";"1,0701400"
"201900049195";"5";"12";"2019";"15:50";"1";"76";"76447";"1";"1";"1";"1";"RD 31";"49,5484016";"0,2173755"
"201900049196";"6";"12";"2019";"07:50";"1";"74";"74010";"2";"4";"5";"3";"BROGNY (AVENUE DE) (SECTEUR 110)";"45,9193100";"6,1256500"
"201900049197";"6";"12";"2019";"12:20";"1";"69";"69275";"2";"3";"7";"6";"MARCELIN BERTHELOT                  (R )";"45,7674000";"4,9605500"
"201900049198";"6";"12";"2019";"20:15";"5";"68";"68224";"2";"2";"1";"3";"KINGERSHEIM (RUE DE)";"47,7608200";"7,3326700"
"201900049199";"5";"12";"2019";"08:32";"1";"68";"68224";"2";"1";"1";"3";"SCHWARTZ (RUE HENRI)";"47,7380500";"7,2952800"
"201900049200";"6";"12";"2019";"09:00";"1";"66";"66136";"2";"1";"1";"6";"RUBENS (PAUL)";"42,6961000";"2,9133800"
"201900049201";"5";"12";"2019";"17:27";"2";"66";"66136";"2";"1";"1";"6";"Bd KOENING";"42,6872100";"2,9018000"
"201900049202";"5";"12";"2019";"14:00";"1";"66";"66136";"2";"1";"1";"6";"FRANCE LIBRE (BOULEVARD DE LA)";"42,7029800";"2,8931000"
"201900049203";"6";"12";"2019";"19:23";"3";"65";"65226";"1";"1";"1";"2";"RN21";"43,2194390";"0,0173470"
"201900049204";"6";"12";"2019";"18:45";"5";"64";"64284";"2";"1";"1";"3";"GASTON CAMBOT";"43,2921861";" -0,3963604"
"201900049205";"6";"12";"2019";"16:50";"1";"64";"64445";"2";"1";"1";"4";"14 JUILLET DU";"43,2886500";" -0,3798600"
"201900049206";"6";"12";"2019";"17:10";"1";"64";"64445";"2";"1";"1";"1";"ALFRED NOBEL";"43,3100225";" -0,3260015"
"201900049207";"6";"12";"2019";"14:45";"1";"64";"64445";"2";"1";"7";"6";"BORDEU DE";"43,3039555";" -0,3708167"
"201900049208";"5";"12";"2019";"14:05";"1";"64";"64445";"2";"1";"1";"2";"LOUP DU";"43,3066200";" -0,3565900"
"201900049209";"5";"12";"2019";"11:00";"1";"64";"64445";"2";"1";"1";"3";"ETIGNY D'";"43,2964000";" -0,3843900"
"201900049210";"5";"12";"2019";"19:10";"5";"64";"64024";"2";"6";"1";"3";"ADOUR (AVENUE DE L')";"43,5211000";" -1,5029400"
"201900049211";"3";"12";"2019";"16:15";"1";"62";"62274";"2";"1";"1";"6";"LEBLOND (R )";"50,4313500";"2,9711900"
"201900049212";"28";"11";"2019";"14:30";"2";"60";"60159";"2";"3";"1";"3";"RONSARD (PIERRE)";"49,4072203";"2,8056628"
"201900049213";"5";"12";"2019";"14:25";"1";"59";"59599";"2";"1";"1";"6";"GUISNES (RUE DE)";"50,7234132";"3,1692325"
"201900049214";"30";"11";"2019";"18:44";"5";"59";"59350";"2";"3";"8";"3";"DUNKERQUE AVENUE DE";"50,6451467";"3,0123528"
"201900049215";"28";"11";"2019";"16:50";"5";"59";"59183";"2";"3";"2";"7";"CAMBON PAUL - BOULEVARD";"51,0439400";"2,4040800"
"201900049216";"28";"11";"2019";"18:05";"3";"59";"59588";"2";"1";"2";"6";"CHAPEAU ROUGE - ROUTE";"51,0287667";"2,4270101"
"201900049217";"3";"12";"2019";"17:15";"2";"58";"58194";"2";"1";"1";"6";"VERNAI (IMPASSE)";"46,9849000";"3,1877000"