"Num_Acc";"jour";"mois";"an";"hrmn";"lum";"dep";"com";"agg";"int";"atm";"col";"adr";"lat";"long"
"201900049218";"4";"12";"2019";"09:15";"1";"58";"58194";"2";"1";"1";"4";"COLBERT";"46,9930000";"3,1601000"
"201900049219";"6";"12";"2019";"17:30";"5";"56";"56260";"2";"1";"2";"6";"SUFFREN(AVENUE DE)";"47,6399300";" -2,7763400"
"201900049220";"6";"12";"2019";"18:00";"5";"54";"54395";"2";"3";"2";"7";"BOUDONVILLE (Rue de)";"48,6979000";"6,1639000"
"201900049221";"6";"12";"2019";"08:20";"1";"54";"54526";"2";"4";"8";"3";"TOLSTOI (BOULEVARD)";"48,6810750";"6,2160890"
"201900049222";"3";"12";"2019";"11:45";"1";"54";"54526";"2";"1";"1";"2";"FRATERNITE (RUE DE LA)";"48,6952630";"6,2173650"
"201900049223";"3";"12";"2019";"16:00";"1";"52";"52448";"2";"1";"1";"6";"FRANCE (RUE ANATOLE)";"48,6427000";"4,9624900"
"201900049224";"6";"12";"2019";"16:50";"3";"50";"50002";"2";"6";"2";"6";"ORATOIRE";"49,1193000";" -1,1061100"
"201900049225";"29";"11";"2019";"13:10";"1";"50";"50203";"1";"1";"1";"7";"R N 13";"49,5924100";" -1,5957000"
"201900049226";"5";"12";"2019";"07:01";"5";"49";"49007";"2";"1";"5";"3";"BAUMETTE PROMENADE";"47,4618300";" -0,5669900"
"201900049227";"5";"12";"2019";"11:50";"1";"45";"45234";"2";"3";"1";"3";"R ALBERT 1ER - R M PROUST";"47,9083400";"1,9068300"
"201900049228";"4";"12";"2019";"19:00";"5";"45";"45068";"2";"1";"1";"1";"RUE DU GATINAIS";"48,0108473";"2,7052645"
"201900049229";"29";"11";"2019";"16:00";"3";"44";"44184";"1";"1";"1";"6";"avenue de la république";"47,2817450";" -2,2116030"
"201900049230";"6";"12";"2019";"19:45";"5";"44";"44162";"2";"1";"2";"6";"BOULEVARD MARCEL PAUL";"47,2230222";" -1,6393459"
"201900049231";"5";"12";"2019";"17:30";"5";"42";"42207";"2";"1";"1";"4";"WALDECK ROUSSEAU BOULEVARD";"45,4771100";"4,5070400"
"201900049232";"6";"12";"2019";"08:00";"2";"38";"38544";"2";"3";"5";"6";"ST MARCEL(MONTEE)";"45,5243000";"4,8767000"
"201900049233";"6";"12";"2019";"13:45";"1";"38";"38053";"2";"3";"1";"3";"ITALIE (AVE)";"45,5845000";"5,2782800"
"201900049234";"4";"12";"2019";"12:28";"1";"37";"37261";"2";"1";"1";"1";"SUEDE (RUE DE)";"47,4340474";"0,6887822"
"201900049235";"5";"12";"2019";"02:30";"5";"35";"35288";"2";"1";"1";"6";"TABARLY ERIC  (CHAUSSEE)";"48,6433500";" -2,0222200"
"201900049236";"6";"12";"2019";"02:20";"5";"35";"35238";"2";"2";"1";"3";"VILLEBOIS MAREUIL (BD)";"48,1102800";" -1,6554600"
"201900049237";"6";"11";"2019";"09:00";"1";"33";"33075";"2";"9";"3";"3";"RUE DU MEDOC";"44,8796400";" -0,6268000"
"201900049238";"2";"12";"2019";"18:20";"5";"33";"33063";"2";"2";"1";"6";"RUE DU JARDIN PUBLIC";"44,8603100";" -0,5706100"
"201900049239";"5";"12";"2019";"08:00";"5";"33";"33281";"2";"4";"1";"3";"RUE STEHELIN CAUD";"44,8566800";" -0,6378500"
"201900049240";"23";"11";"2019";"03:55";"5";"33";"33529";"2";"1";"1";"1";"HUGO (33 RUE VICTOR)";"44,6318700";" -1,1514000"
"201900049241";"6";"12";"2019";"12:23";"1";"31";"31555";"2";"2";"1";"3";"BD LAZARE CARNOT";"43,6044500";"1,4502700"
"201900049242";"5";"12";"2019";"18:20";"3";"31";"31069";"2";"1";"1";"6";"AV GENERAL DE GAULLE";"43,6405800";"1,3825500"
"201900049243";"6";"12";"2019";"12:39";"1";"29";"29232";"2";"1";"2";"2";"PRESIDENT ALLENDE BOULEVARD";"47,9932300";" -4,0734100"
"201900049244";"6";"12";"2019";"12:40";"1";"29";"29232";"2";"3";"2";"2";"LE HARS THEODORE RUE";"47,9941293";" -4,0997567"
"201900049245";"6";"12";"2019";"12:26";"1";"29";"29232";"2";"1";"2";"6";"POMPIDOU GEORGES AVENUE";"47,9827500";" -4,0720100"
"201900049246";"3";"12";"2019";"09:16";"1";"29";"29232";"2";"1";"1";"6";"FRUGY RUE DU";"47,9871600";" -4,1028000"
"201900049247";"6";"12";"2019";"05:31";"3";"28";"28209";"1";"1";"8";"1";"RN 1154";"48,4798800";"1,4611700"
"201900049248";"6";"12";"2019";"18:05";"5";"26";"26198";"2";"1";"1";"4";"SERRES (Rue Olivier de)";"44,5606700";"4,7464100"
"201900049249";"28";"11";"2019";"17:50";"5";"19";"19275";"2";"3";"1";"6";"POSTES (RUE DES)";"45,5466600";"2,3072900"
"201900049250";"5";"12";"2019";"19:30";"5";"19";"19031";"2";"1";"1";"3";"96 av pierre semard";"45,1551681";"1,5153020"
"201900049251";"5";"12";"2019";"14:20";"1";"19";"19031";"2";"2";"1";"1";"JAURES (AVENUE JEAN)";"45,1541300";"1,5299100"
"201900049252";"4";"12";"2019";"15:35";"1";"19";"19031";"2";"1";"1";"3";"TURGOT (AVENUE)";"45,1652100";"1,5315300"
"201900049253";"6";"12";"2019";"02:20";"5";"16";"16102";"2";"1";"1";"6";"Rampe de Château";"45,6980500";" -0,3303900"
"201900049254";"6";"12";"2019";"02:20";"3";"14";"14574";"1";"1";"1";"6";"DIVES (D.45 route de)";"49,1597300";"0,1935300"
"201900049255";"6";"12";"2019";"08:25";"2";"14";"14333";"2";"6";"2";"3";"CARNOT (ROND POINT)";"49,4183100";"0,2400700"
"201900049256";"6";"12";"2019";"08:30";"1";"13";"13117";"2";"2";"1";"3";"RABIN ( AVENUE YITZHAK )";"43,4483400";"5,2465400"
"201900049257";"6";"12";"2019";"17:40";"4";"13";"13201";"2";"1";"1";"2";"LIEUTAUD (COURS)      2 A 52";"43,2956916";"5,3815747"
"201900049258";"6";"12";"2019";"14:00";"1";"13";"13206";"2";"1";"1";"6";"SAINT JACQUES (RUE)";"43,2878500";"5,3761500"
"201900049259";"6";"12";"2019";"13:30";"1";"13";"13202";"2";"2";"1";"6";"PARIS (BOULEVARD DE)";"43,3136800";"5,3681100"
"201900049260";"6";"12";"2019";"11:43";"1";"13";"13005";"1";"3";"7";"3";"SAINT PIERRE (CHEMIN DE)";"43,3015980";"5,5915330"
"201900049261";"5";"12";"2019";"14:50";"1";"10";"10387";"2";"1";"5";"1";"MARIE DE CHAMPAGNE (RUE)";"48,3101000";"4,0621300"
"201900049262";"4";"12";"2019";"11:20";"1";"10";"10387";"2";"2";"1";"3";"LOMBARDS (AVENUE)";"48,2703000";"4,0819000"
"201900049263";"6";"12";"2019";"15:30";"1";"6";"06029";"2";"9";"1";"6";"SEMARD (PLACE PIERRE)";"43,5538000";"7,0204000"
"201900049264";"3";"12";"2019";"13:15";"1";"6";"06027";"2";"1";"1";"5";"BESSET AVENUE CYRILLE";"43,6626030";"7,1549810"
"201900049265";"6";"12";"2019";"14:20";"1";"75";"75117";"2";"4";"1";"6";"BD PERIPHERIQUE EXTERIEUR";"48,8830720";"2,2837008"
"201900049266";"6";"12";"2019";"07:40";"2";"75";"75115";"2";"1";"2";"7";"BD PERIPHERIQUE EXTERIEUR";"48,8348400";"2,2640670"
"201900049267";"5";"12";"2019";"18:15";"5";"75";"75113";"2";"1";"1";"6";"BD PERIPHERIQUE EXTERIEUR";"48,8215800";"2,3791310"
"201900049268";"5";"12";"2019";"21:51";"5";"75";"75120";"2";"2";"1";"6";"RUE PAGANINI";"48,8513000";"2,4118886"
"201900049269";"5";"12";"2019";"02:05";"5";"75";"75105";"2";"7";"1";"6";"BOULEVARD SAINT MICHEL";"48,8473400";"2,3408395"
"201900049270";"6";"12";"2019";"13:05";"1";"75";"75120";"2";"2";"2";"3";"RUE DE LA REUNION";"48,8539820";"2,4026210"
"201900049271";"6";"12";"2019";"15:25";"1";"75";"75119";"2";"2";"8";"6";"AVENUE JEAN JAURES";"48,8887900";"2,3930720"
"201900049272";"5";"12";"2019";"13:20";"1";"75";"75119";"2";"1";"5";"3";"RUE DE L OURCQ";"48,8886600";"2,3840980"
"201900049273";"6";"12";"2019";"19:00";"5";"75";"75117";"2";"2";"2";"6";"AVENUE DE VILLIERS";"48,8842540";"2,3026710"
"201900049274";"6";"12";"2019";"17:20";"5";"75";"75117";"2";"7";"2";"3";"AVENUE DES TERNES";"48,8792660";"2,2915920"
"201900049275";"5";"12";"2019";"17:00";"5";"75";"75117";"2";"4";"1";"3";"AVENUE DE LA PORTE DE CLICHY";"48,8964617";"2,3104766"
"201900049276";"6";"12";"2019";"08:15";"1";"75";"75115";"2";"2";"2";"7";"RUE DU GENERAL GUILLAUMAT";"48,8289290";"2,2941360"
"201900049277";"6";"12";"2019";"19:00";"5";"75";"75114";"2";"1";"2";"6";"AVENUE DU MAINE";"48,8331651";"2,3247162"
"201900049278";"6";"12";"2019";"07:35";"2";"75";"75114";"2";"1";"8";"7";"BOULEVARD JOURDAN";"48,8204050";"2,3388110"
"201900049279";"6";"12";"2019";"17:50";"5";"75";"75114";"2";"5";"1";"2";"AVENUE RENE COTY";"48,8242270";"2,3360620"
"201900049280";"6";"12";"2019";"16:20";"1";"75";"75112";"2";"1";"2";"3";"RUE VILLIOT";"48,8413730";"2,3749670"
"201900049281";"6";"12";"2019";"06:20";"5";"75";"75111";"2";"1";"1";"3";"BOULEVARD JULES FERRY";"48,8685290";"2,3671670"
"201900049282";"5";"12";"2019";"23:25";"5";"75";"75111";"2";"7";"1";"6";"PLACE LEON BLUM";"48,8578647";"2,3799937"
"201900049283";"6";"12";"2019";"10:10";"1";"75";"75110";"2";"4";"2";"6";"BOULEVARD DE MAGENTA";"48,8765210";"2,3558590"
"201900049284";"6";"12";"2019";"12:00";"1";"75";"75109";"2";"5";"2";"6";"RUE DE LA CHAUSSEE D ANTIN";"48,8729440";"2,3332480"
"201900049285";"6";"12";"2019";"17:59";"5";"75";"75108";"2";"3";"2";"6";"RUE TRONCHET";"48,8720520";"2,3259650"
"201900049286";"6";"12";"2019";"18:20";"5";"75";"75114";"2";"4";"2";"3";"RUE D ALESIA";"48,8272030";"2,3367240"
"201900049287";"6";"12";"2019";"16:15";"2";"75";"75107";"2";"1";"2";"7";"QUAI VOLTAIRE";"48,8589830";"2,3310690"
"201900049288";"6";"12";"2019";"11:15";"1";"75";"75104";"2";"2";"2";"7";"BOULEVARD DE SEBASTOPOL";"48,8585140";"2,3482200"
"201900049289";"5";"12";"2019";"05:20";"5";"75";"75102";"2";"2";"1";"3";"RUE SAINT AUGUSTIN";"48,8688720";"2,3366980"
"201900049290";"5";"12";"2019";"14:00";"1";"75";"75101";"2";"3";"1";"3";"RUE DU LOUVRE";"48,8631083";"2,3419521"
"201900049291";"6";"12";"2019";"19:15";"5";"94";"94081";"2";"1";"2";"6";"LUDWIG VAN BEETHOVEN (R)";"48,7984100";"2,3814000"
"201900049292";"6";"12";"2019";"18:55";"5";"94";"94018";"2";"1";"2";"2";"PARIS (R DE)";"48,8239100";"2,4099300"
"201900049293";"4";"12";"2019";"13:10";"1";"94";"94046";"2";"1";"1";"3";"CARNOT (R)";"48,8011400";"2,4294400"
"201900049294";"6";"12";"2019";"19:55";"5";"94";"94076";"2";"3";"2";"6";"CAMILLE BLANC (R)";"48,7827100";"2,3622300"
"201900049295";"6";"12";"2019";"21:10";"5";"94";"94041";"2";"1";"1";"7";"JEAN-BAPTISTE RENOULT (R)";"48,8028000";"2,3955000"
"201900049296";"6";"12";"2019";"15:20";"1";"94";"94041";"2";"1";"2";"7";"ROBESPIERRE (R)";"48,8083578";"2,3863038"
"201900049297";"6";"12";"2019";"16:30";"2";"94";"94038";"2";"1";"8";"2";"BERGERE (R DE LA)";"48,7728000";"2,3353800"
"201900049298";"6";"12";"2019";"07:50";"2";"94";"94018";"2";"1";"8";"4";"PONT NELSON MENDELA";"48,8202300";"2,4005900"
"201900049299";"5";"12";"2019";"08:05";"2";"94";"94018";"2";"1";"1";"6";"PARIS (R DE)";"48,8238600";"2,4100200"
"201900049300";"6";"12";"2019";"13:29";"1";"94";"94071";"2";"3";"2";"3";"DAUPHINE (R)";"48,7560000";"2,5376000"
"201900049301";"15";"6";"2019";"13:40";"1";"59";"59271";"2";"2";"1";"2";"CLEMENCEAU";"51,0145840";"2,3032343"
"201900049302";"11";"6";"2019";"10:00";"1";"59";"59509";"2";"3";"1";"3";"FERRER (RUE FRANCISCO)";"50,3995662";"3,1042264"
"201900049303";"2";"6";"2019";"13:40";"1";"59";"59122";"2";"1";"1";"2";"PREMIER (AVENUE ALBERT)";"50,1785000";"3,2382000"
"201900049304";"16";"6";"2019";"13:50";"1";"58";"58194";"2";"3";"1";"3";"HENRI FOUCAUD";"46,9992000";"3,1591000"
"201900049305";"9";"6";"2019";"17:00";"1";"58";"58194";"2";"1";"1";"6";"MOLIERE";"47,0041000";"3,1514000"
"201900049306";"31";"5";"2019";"13:50";"1";"58";"58194";"2";"1";"1";"2";"CHARLEVILLE";"46,9919000";"3,1491000"
"201900049307";"9";"6";"2019";"02:15";"5";"57";"57757";"2";"3";"1";"3";"Nations (Avenue)";"49,3569019";"6,1863458"
"201900049308";"1";"6";"2019";"22:00";"5";"57";"57441";"2";"1";"1";"6";"MONDORFF (ROUTE DE)";"49,3787100";"6,1702000"
"201900049309";"12";"6";"2019";"06:35";"2";"57";"57019";"1";"1";"2";"3";"CD8";"49,2613800";"6,1270600"
"201900049310";"9";"6";"2019";"17:10";"1";"56";"56121";"2";"6";"1";"3";"MULLER (DU COLONEL JEAN)";"47,7633400";" -3,3946300"
"201900049311";"7";"6";"2019";"17:25";"1";"56";"56098";"2";"1";"8";"6";"LECLERC (RUE GENERAL)";"47,7623700";" -3,3506000"
"201900049312";"7";"6";"2019";"12:15";"1";"56";"56121";"2";"6";"1";"3";"MARIENNE ( AV CAPITAINE )";"47,7387500";" -3,3918100"
"201900049313";"6";"6";"2019";"08:00";"1";"56";"56121";"2";"6";"1";"6";"MONISTROL (RUE)";"47,7365100";" -3,3829100"
"201900049314";"5";"6";"2019";"08:00";"1";"56";"56121";"2";"8";"1";"3";"Cours de CHAZELLES";"47,7557400";" -3,3638200"
"201900049315";"4";"6";"2019";"13:20";"1";"56";"56162";"1";"1";"1";"6";"Rue de Kergalan";"47,7183900";" -3,4105600"
"201900049316";"2";"6";"2019";"19:45";"1";"56";"56121";"2";"6";"1";"6";"CONVENTION ( PL. DE LA )";"47,7549300";" -3,3916300"
"201900049317";"31";"5";"2019";"19:50";"1";"56";"56121";"2";"1";"1";"6";"MULLER ( DU COLONEL JEAN )";"47,7651200";" -3,3990400"
"201900049318";"31";"5";"2019";"11:55";"1";"56";"56121";"1";"1";"1";"1";"RN 465 (DESSERTE PORTUAIRE)";"47,7465400";" -3,3866900"
"201900049319";"30";"5";"2019";"21:00";"1";"56";"56162";"2";"2";"1";"3";"PINS (RUE DES)";"47,7337800";" -3,4328100"
"201900049320";"29";"5";"2019";"20:45";"1";"56";"56121";"2";"1";"1";"6";"DE GAULLE ( AVE DU GENERAL )";"47,7421700";" -3,3703700"
"201900049321";"8";"6";"2019";"18:15";"1";"54";"54270";"1";"1";"1";"2";"D26  ";"49,4848200";"5,8811300"
"201900049322";"15";"6";"2019";"14:20";"1";"54";"54431";"2";"3";"1";"2";"DE LATTRE DE TASSIGNY (BOULEVARD)";"48,9030500";"6,0610900"
"201900049323";"6";"6";"2019";"01:40";"5";"54";"54431";"2";"3";"1";"7";"CHAMPAGNE (AVENUE DE)";"48,9115110";"6,0569460"
"201900049324";"23";"5";"2019";"10:20";"1";"54";"54431";"2";"4";"1";"6";"DUROC (PLACE)";"48,9021200";"6,0550300"
"201900049325";"16";"5";"2019";"10:50";"1";"54";"54498";"2";"1";"1";"3";"DE GAULLE (AVENUE DU GENERAL)";"48,7137000";"6,2508000"
"201900049326";"15";"5";"2019";"19:10";"1";"54";"54395";"2";"3";"1";"3";"STRASBOURG (AVENUE DE)";"48,6771900";"6,1991200"
"201900049327";"9";"5";"2019";"17:14";"1";"54";"54395";"2";"2";"1";"7";"LOBAU (BOULEVARD)";"48,6869600";"6,1950800"
"201900049328";"3";"5";"2019";"08:15";"1";"54";"54395";"2";"2";"1";"1";"DURIVAL (RUE)";"48,6801800";"6,1739400"
"201900049329";"28";"5";"2019";"11:45";"1";"54";"54197";"2";"1";"1";"7";"CHATEAU (RUE DU)";"48,6269760";"6,2066440"
"201900049330";"1";"6";"2019";"05:00";"2";"54";"54526";"2";"2";"1";"3";"JAURES (BOULEVARD JEAN)";"48,6933090";"6,2114870"
"201900049331";"15";"5";"2019";"10:05";"1";"54";"54395";"2";"2";"1";"3";"FRANCE (AVENUE ANATOLE)";"48,6872700";"6,1630300"
"201900049332";"1";"6";"2019";"18:20";"1";"54";"54323";"2";"1";"1";"7";"AVIATION (AVENUE DE L')";"49,5182400";"5,7528700"
"201900049333";"16";"6";"2019";"10:55";"1";"54";"54469";"1";"4";"7";"3";"RD135";"49,1756900";"5,9982200"
"201900049334";"6";"6";"2019";"17:45";"1";"52";"52448";"2";"9";"1";"1";"DUNANT (BOULEVARD HENRI)";"48,6444800";"4,9857400"
"201900049335";"11";"6";"2019";"08:02";"1";"52";"52121";"2";"1";"1";"6";"FARADAY (RUE)";"48,0876100";"5,1390700"
"201900049336";"5";"6";"2019";"09:25";"1";"52";"52121";"2";"1";"1";"6";"REPUBLIQUE (AVENUE)";"48,1031000";"5,1443600"
"201900049337";"17";"6";"2019";"17:45";"1";"51";"51573";"2";"1";"1";"7";"RUE GUY BAZARD";"49,2465373";"3,9932467"
"201900049338";"17";"6";"2019";"11:30";"1";"51";"51454";"2";"1";"1";"7";"AVENUE GEORGES HODIN";"49,2243528";"4,0380139"
"201900049339";"16";"6";"2019";"21:30";"1";"51";"51454";"2";"2";"1";"3";"RUE DU MONT D'ARENE";"49,2613056";"4,0187444"
"201900049340";"16";"6";"2019";"13:50";"1";"51";"51454";"2";"2";"1";"4";"BOULEVARD POMMERY";"49,2560865";"4,0554225"
"201900049341";"14";"6";"2019";"21:25";"5";"51";"51454";"2";"1";"1";"3";"AVENUE DE CHAMPAGNE";"49,2349746";"4,0412783"
"201900049342";"13";"6";"2019";"18:18";"1";"51";"51454";"2";"3";"1";"3";"RUE DU COLONEL FABIEN";"49,2491907";"4,0166156"
"201900049343";"12";"6";"2019";"20:10";"1";"51";"51454";"2";"1";"1";"3";"RUE ALBERTO SANTOS DUMONT";"49,2379300";"4,0717400"
"201900049344";"12";"6";"2019";"16:50";"1";"51";"51454";"2";"6";"1";"2";"BOULEVARD FRANCHET D'ESPEREY";"49,2417300";"4,0172500"
"201900049345";"12";"6";"2019";"10:25";"1";"51";"51454";"2";"1";"1";"7";"RUE DU GENERAL KOENIG";"49,2252000";"4,0189000"
"201900049346";"11";"6";"2019";"12:30";"1";"51";"51454";"2";"1";"1";"6";"RUE JACQUES DE LA GIRAUDIERE";"49,2398900";"4,0834400"
"201900049347";"11";"6";"2019";"08:20";"1";"51";"51454";"2";"3";"1";"3";"RUE GABRIEL VOISIN";"49,2320100";"4,0669800"
"201900049348";"11";"6";"2019";"03:05";"5";"51";"51454";"2";"1";"1";"3";"BOULEVARD HENRI HENROT";"49,2435083";"4,0339889"
"201900049349";"9";"6";"2019";"01:00";"5";"51";"51454";"2";"2";"1";"3";"AVENUE D'EPERNAY";"49,2413444";"4,0135750"
"201900049350";"7";"6";"2019";"18:25";"1";"51";"51454";"2";"1";"1";"3";"BOULEVARD DAUPHINOT";"49,2632731";"4,0572629"
"201900049351";"4";"6";"2019";"13:50";"1";"51";"51573";"2";"1";"1";"3";"RUE PASTEUR";"49,2502000";"4,0007300"
"201900049352";"2";"6";"2019";"04:50";"5";"51";"51454";"2";"3";"1";"3";"RUE SAINT THIERRY";"49,2708300";"4,0143900"
"201900049353";"31";"5";"2019";"13:20";"1";"51";"51454";"2";"9";"1";"3";"PLACE DES COMBATTANTS D'AFN";"49,2135300";"4,0156800"
"201900049354";"11";"6";"2019";"18:00";"1";"51";"51108";"2";"2";"1";"1";"AVENUE DU GENERAL SARRAIL";"48,9754917";"4,3576278"
"201900049355";"8";"6";"2019";"17:25";"1";"50";"50502";"2";"1";"1";"6";"PORTS (promenade des)";"49,1228300";" -1,1008600"
"201900049356";"6";"6";"2019";"09:55";"1";"50";"50502";"2";"1";"1";"7";"LAITIERE NORMANDE";"49,1157000";" -1,0901100"
"201900049357";"14";"6";"2019";"18:15";"1";"50";"50218";"2";"1";"1";"6";"PAUL DE GIBON (RUE)";"48,8354940";" -1,5652430"
"201900049358";"31";"5";"2019";"14:00";"1";"50";"50532";"1";"1";"1";"4";"D973";"48,8181600";" -1,5491280"
"201900049359";"17";"6";"2019";"18:00";"1";"50";"50173";"1";"1";"1";"2";"D 409";"49,6275800";" -1,6729200"
"201900049360";"14";"6";"2019";"16:25";"1";"50";"50602";"2";"2";"1";"3";"CHENES (RUE DES)";"49,6311650";" -1,5859050"
"201900049361";"13";"6";"2019";"09:00";"1";"50";"50173";"2";"1";"1";"6";"LECLERC (RUE DU GENERAL)";"49,6464800";" -1,6495900"
"201900049362";"12";"6";"2019";"19:20";"1";"50";"50602";"2";"6";"1";"3";"EST (BOULEVARD DE L')";"49,6350700";" -1,5909300"
"201900049363";"8";"6";"2019";"02:10";"3";"50";"50602";"2";"6";"3";"6";"FLAMANDS (ROND POINT)";"49,6536000";" -1,5787200"
"201900049364";"6";"6";"2019";"17:10";"1";"50";"50129";"2";"1";"1";"3";"SCHMITT (AVENUE RENE)";"49,6313800";" -1,6466800"
"201900049365";"5";"6";"2019";"12:20";"1";"50";"50129";"2";"1";"1";"6";"LAVIEILLE (RUE FRANCOIS)";"49,6460200";" -1,6260700"
"201900049366";"5";"6";"2019";"15:15";"1";"50";"50602";"2";"2";"1";"3";"GAMBETTA (RUE)";"49,6414900";" -1,5800700"
"201900049367";"1";"6";"2019";"02:35";"5";"50";"50129";"2";"1";"1";"6";"CALIGNY (QUAI DE)";"49,6395200";" -1,6211100"
"201900049368";"12";"6";"2019";"08:55";"1";"49";"49328";"2";"1";"1";"6";"DELESSERT (BOULEVARD BENJAMIN)";"47,2598200";" -0,0889800"
"201900049369";"7";"6";"2019";"12:10";"1";"49";"49099";"2";"1";"6";"3";"CHENONCEAUX (RUE DE)";"47,0545400";" -0,8960400"
"201900049370";"31";"5";"2019";"21:45";"1";"49";"49099";"2";"1";"1";"7";"MANCEAU (AVENUE ANATOLE)";"47,0510200";" -0,8783200"
"201900049371";"17";"6";"2019";"21:40";"1";"49";"49007";"2";"1";"1";"6";"SAINT MICHEL BOULEVARD";"47,4720800";" -0,5419700"
"201900049372";"17";"6";"2019";"17:46";"1";"49";"49007";"2";"1";"1";"6";"LETANDUERE";"47,4593900";" -0,5543700"
"201900049373";"17";"6";"2019";"18:00";"1";"49";"49007";"2";"2";"1";"6";"SCHWEITZER";"47,4817000";" -0,5231600"
"201900049374";"15";"6";"2019";"13:20";"1";"49";"49007";"2";"1";"1";"2";"PATTON AVENUE";"47,4736800";" -0,5794200"
"201900049375";"16";"6";"2019";"09:20";"1";"49";"49007";"2";"1";"8";"1";"GASNIER AVENUE";"47,4845500";" -0,5769000"
"201900049376";"14";"6";"2019";"10:00";"1";"49";"49007";"2";"1";"1";"6";"MIRABEAU";"47,4604400";" -0,5512700"
"201900049377";"13";"6";"2019";"07:27";"2";"49";"49007";"2";"1";"1";"6";"CARNOT";"47,4785100";" -0,5631200"
"201900049378";"12";"6";"2019";"09:15";"1";"49";"49267";"1";"1";"8";"2";"ROCADE EST";"47,4645700";" -0,5166600"
"201900049379";"12";"6";"2019";"05:39";"2";"49";"49007";"2";"2";"8";"6";"TARDAT";"47,4444100";" -0,5517400"
"201900049380";"12";"6";"2019";"17:09";"1";"49";"49007";"2";"1";"8";"2";"RAMON BOULEVARD";"47,4856500";" -0,5335200"
"201900049381";"11";"6";"2019";"17:13";"1";"49";"49007";"1";"1";"2";"6";"ATLANTIQUE  AVENUE DE L'";"47,4683100";" -0,5857800"
"201900049382";"9";"6";"2019";"00:06";"3";"49";"49246";"2";"1";"1";"3";"LAGRANGE";"47,4350100";" -0,4992500"
"201900049383";"8";"6";"2019";"13:07";"1";"49";"49007";"2";"1";"1";"2";"PAUL BERT";"47,4654800";" -0,5503100"
"201900049384";"8";"6";"2019";"10:34";"1";"49";"49347";"2";"1";"8";"6";"ROI RENE BOULEVARD";"47,6152500";" -0,4684400"
"201900049385";"7";"6";"2019";"19:11";"1";"49";"49007";"1";"1";"2";"2";"ATLANTIQUE  AVENUE DE L'";"47,4676200";" -0,5848200"
"201900049386";"7";"6";"2019";"19:40";"1";"49";"49007";"2";"2";"1";"6";"FLANDRE";"47,4809000";" -0,5274800"
"201900049387";"6";"6";"2019";"11:58";"1";"49";"49267";"2";"1";"1";"7";"BEAUFORT ROUTE";"47,4666900";" -0,4913300"
"201900049388";"5";"6";"2019";"16:58";"1";"49";"49007";"2";"1";"1";"7";"LETANDUERE";"47,4546300";" -0,5535100"
"201900049389";"5";"6";"2019";"18:55";"1";"49";"49015";"2";"1";"1";"7";"MENDES FRANCE AVENUE PIERRE";"47,5074500";" -0,5902100"
"201900049390";"4";"6";"2019";"17:19";"1";"49";"49007";"2";"1";"1";"2";"PORTET BOULEVARD";"47,4570800";" -0,5722600"
"201900049391";"4";"6";"2019";"11:02";"1";"49";"49007";"2";"1";"1";"3";"MILLOT BOULEVARD JACQUES";"47,4540100";" -0,5358100"
"201900049392";"3";"6";"2019";"17:45";"1";"49";"49007";"2";"1";"1";"7";"DUMESNIL BOULEVARD";"47,4725000";" -0,5656000"
"201900049393";"3";"6";"2019";"16:51";"1";"49";"49353";"2";"1";"1";"3";"VAILLANT";"47,4566800";" -0,5084800"
"201900049394";"3";"6";"2019";"17:35";"1";"49";"49007";"2";"1";"1";"4";"VOIE DES BERGES";"47,4762598";" -0,5545092"
"201900049395";"1";"6";"2019";"17:12";"1";"49";"49007";"2";"1";"1";"1";"DOYENNE BOULEVARD ET PASSAGE";"47,4912200";" -0,5295800"
"201900049396";"31";"5";"2019";"20:28";"1";"49";"49007";"2";"2";"1";"6";"BRISSAC";"47,4654020";" -0,5503600"
"201900049397";"31";"5";"2019";"10:27";"1";"49";"49007";"2";"1";"1";"6";"CANTENAY EPINARD ROUTE";"47,5014309";" -0,5695974"
"201900049398";"30";"5";"2019";"11:27";"1";"49";"49007";"2";"1";"1";"6";"MEIGNANNE";"47,4808100";" -0,5736300"
"201900049399";"10";"5";"2019";"23:05";"4";"49";"49007";"2";"1";"1";"7";"ARAGO BOULEVARD";"47,4785200";" -0,5562300"
"201900049400";"11";"6";"2019";"14:10";"1";"48";"48095";"1";"1";"1";"6";"RN 88 (ROUTE DU PUY)";"44,5265304";"3,5146701"
"201900049401";"5";"6";"2019";"14:00";"1";"47";"47323";"2";"1";"3";"1";"1215 SCORAILLES(AVE)";"44,4135657";"0,7559142"
"201900049402";"17";"6";"2019";"23:40";"5";"47";"47001";"2";"2";"1";"6";"14 JUILLET (COURS DU)";"44,2041300";"0,6248200"
"201900049403";"8";"6";"2019";"10:40";"1";"47";"47001";"2";"7";"1";"6";"JASMIN (PLACE)";"44,2037943";"0,6117963"
"201900049404";"5";"6";"2019";"08:40";"1";"47";"47001";"1";"1";"2";"5";"BLUM (AV. LEON)";"44,2088400";"0,6425800"
"201900049405";"18";"6";"2019";"14:15";"1";"45";"45302";"2";"6";"1";"6";"GIRATOIRE GERONDEAU";"47,9573905";"1,8904306"
"201900049406";"17";"6";"2019";"17:19";"1";"45";"45232";"2";"2";"1";"2";"AVENUE DE SOLOGNE - R DE VERDUN";"47,8681904";"1,9122262"
"201900049407";"17";"6";"2019";"12:30";"1";"45";"45234";"2";"3";"1";"3";"RUE JEAN D'AULON - R DE CRACOVIE";"47,8367971";"1,9315470"
"201900049408";"15";"6";"2019";"01:30";"5";"45";"45234";"2";"1";"3";"6";" TANGENTIELLE-D2060";"47,9244400";"1,9404800"
"201900049409";"14";"6";"2019";"16:10";"1";"45";"45234";"2";"1";"1";"6";"RUE DES CORDIERS";"47,9026427";"1,9207070"