"Num_Acc";"jour";"mois";"an";"hrmn";"lum";"dep";"com";"agg";"int";"atm";"col";"adr";"lat";"long"
"201900049410";"14";"6";"2019";"15:45";"1";"45";"45147";"2";"2";"1";"3";"R DE VERDUN - R JEAN JAURES";"47,9347298";"1,9090564"
"201900049411";"14";"6";"2019";"09:00";"1";"45";"45284";"1";"1";"1";"2";"TANGENTIELLE-SORTIE 11";"47,9240140";"1,9903770"
"201900049412";"13";"6";"2019";"19:00";"1";"45";"45302";"2";"1";"1";"7";"BRETELLE D ACCES TANGENTIELLE";"47,9438326";"1,8888203"
"201900049413";"13";"6";"2019";"02:50";"5";"45";"45302";"1";"1";"1";"2";"TANGENTIELLE-D520";"47,9391211";"1,8884996"
"201900049414";"12";"6";"2019";"17:20";"1";"45";"45284";"2";"1";"3";"4";"AVENUE DENIS PAPIN";"47,9144844";"1,9493490"
"201900049415";"11";"6";"2019";"17:40";"1";"45";"45302";"2";"1";"2";"5";"D2701";"47,9488700";"1,8616000"
"201900049416";"11";"6";"2019";"14:45";"1";"45";"45298";"2";"6";"2";"3";"GIRATOIRE RTE DE ST MESMIN";"47,8804300";"1,8646800"
"201900049417";"11";"6";"2019";"11:05";"1";"45";"45234";"2";"2";"1";"2";"AV R SECRETAIN - R DE LA MOUILLERE";"47,8799000";"1,9081000"
"201900049418";"7";"6";"2019";"11:45";"1";"45";"45234";"2";"2";"2";"3";"AV DU PARC FLORAL - CHEMIN DE COBSON";"47,8462515";"1,9410273"
"201900049419";"6";"6";"2019";"09:05";"1";"45";"45285";"2";"1";"1";"6";"CHEMIN DE CHAINGY";"47,9025690";"1,8708280"
"201900049420";"5";"6";"2019";"17:55";"1";"45";"45232";"2";"1";"2";"3";"RUE DE LA BERGERESSE";"47,8488300";"1,9126400"
"201900049421";"4";"6";"2019";"19:00";"1";"45";"45234";"2";"2";"1";"3";"AV R SECRETAIN - AV W BAUDIN";"47,8840700";"1,8981700"
"201900049422";"4";"6";"2019";"13:10";"1";"45";"45234";"2";"1";"1";"7";"QUAI DE PRAGUE";"47,8947213";"1,9032875"
"201900049423";"3";"6";"2019";"15:08";"1";"45";"45234";"2";"1";"1";"6";"RUE EUGENE VIGNAT";"47,9074870";"1,9105130"
"201900049424";"2";"6";"2019";"18:15";"1";"45";"45285";"2";"3";"1";"6";"RUE GAMBETTA - RUE C BEAUHAIRE";"47,9098100";"1,8815600"
"201900049425";"1";"6";"2019";"17:30";"1";"45";"45147";"2";"6";"1";"6";"Rue des Droits de l'Enfant";"47,9266489";"1,9140747"
"201900049426";"1";"6";"2019";"16:04";"1";"45";"45234";"2";"1";"1";"4";"ROUTE D'OLIVET";"47,8810000";"1,9033700"
"201900049427";"1";"6";"2019";"10:10";"1";"45";"45302";"2";"1";"1";"4";"GIRATOIRE D2020";"47,9580980";"1,8902550"
"201900049428";"29";"5";"2019";"08:20";"1";"45";"45147";"2";"1";"1";"3";"RUE VICTOR HUGO";"47,9235430";"1,9048200"
"201900049429";"14";"6";"2019";"14:45";"1";"45";"45004";"1";"1";"1";"2";"RD 2060";"47,9694974";"2,7284376"
"201900049430";"12";"6";"2019";"17:55";"1";"45";"45208";"2";"2";"1";"6";"R CARNOT - R SERMONT";"48,0038610";"2,7389050"
"201900049431";"11";"6";"2019";"13:00";"1";"45";"45208";"2";"2";"1";"3";"RUE EMILE DECOURT - RUE ROUX-FEDRY";"47,9982680";"2,7463970"
"201900049432";"6";"6";"2019";"05:15";"3";"45";"45004";"1";"9";"8";"6";"BRETELLE SORTIE RD 2060";"48,0012480";"2,7818220"
"201900049433";"1";"6";"2019";"19:30";"1";"45";"45208";"2";"2";"1";"3";"RUE J.F KENNEDY - RUE CLAUDIE ROLFE";"47,9994800";"2,7210800"
"201900049434";"17";"6";"2019";"09:15";"1";"44";"44184";"2";"1";"1";"2";"BASSINS (ROUTE DES)";"47,2838700";" -2,2415600"
"201900049435";"18";"6";"2019";"08:00";"1";"44";"44184";"2";"1";"1";"1";"APPRENTIS (BOULEVARD DES)";"47,2922120";" -2,1914480"
"201900049436";"14";"6";"2019";"13:25";"1";"44";"44184";"2";"2";"1";"3";" AVENUES FRANÇOIS MITTERRAND/LEO LAGRANGE";"47,2693600";" -2,2282900"
"201900049437";"11";"6";"2019";"14:45";"1";"44";"44184";"2";"1";"2";"6";"NEYMAN (BOULEVARD JEAN DE)";"47,2779200";" -2,2382700"
"201900049438";"2";"6";"2019";"10:35";"1";"44";"44184";"2";"1";"1";"3";"VECQUERIE (RUE DE LA)";"47,2564600";" -2,2629400"
"201900049439";"17";"6";"2019";"20:40";"1";"44";"44109";"2";"1";"1";"3";"BOULEVARD DE LA BEAUJOIRE";"47,2589251";" -1,5279592"
"201900049440";"16";"6";"2019";"03:05";"5";"44";"44109";"2";"1";"1";"7";"BOULEVARD DE LA PRAIRIE AU DUC";"47,2040100";" -1,5662300"
"201900049441";"15";"6";"2019";"11:05";"1";"44";"44109";"2";"7";"1";"6";"RUE FENELON";"47,2171000";" -1,5540100"
"201900049442";"13";"6";"2019";"16:00";"1";"44";"44162";"2";"2";"1";"3";"BOULEVARD PROFESSEUR JACQUES MONOD";"47,2486580";" -1,6344280"
"201900049443";"13";"6";"2019";"19:00";"1";"44";"44162";"2";"1";"1";"3";"BOULEVARD SALVADOR ALLENDE";"47,2208100";" -1,6299800"
"201900049444";"13";"6";"2019";"17:20";"1";"44";"44143";"2";"1";"1";"2";"RUE CHARLES RIVIERE";"47,1771100";" -1,5441500"
"201900049445";"13";"6";"2019";"12:10";"1";"44";"44109";"2";"1";"1";"2";"RUE DE LA BOURGEONNIERE";"47,2519700";" -1,5512800"
"201900049446";"7";"6";"2019";"09:30";"1";"44";"44109";"2";"1";"2";"6";"RUE DU CHAPEAU ROUGE";"47,2150000";" -1,5596100"
"201900049447";"3";"6";"2019";"14:05";"1";"44";"44109";"2";"1";"1";"7";"BOULEVARD DU TERTRE";"47,2175100";" -1,6042400"
"201900049448";"29";"5";"2019";"17:43";"1";"44";"44109";"2";"3";"1";"3";"BD ESTUAIRE / RUE GROLEAU";"47,2045134";" -1,5544606"
"201900049449";"9";"6";"2019";"03:24";"3";"44";"44132";"2";"4";"1";"1";"avenues de la plage / barthou";"47,2606500";" -2,3396700"
"201900049450";"2";"6";"2019";"18:00";"1";"44";"44109";"2";"1";"1";"6";"RUE L'OUCHE DE VERSAILLES";"47,2289400";" -1,5548400"
"201900049451";"6";"6";"2019";"12:05";"1";"43";"43041";"2";"3";"1";"3";"DUPUY (AVENUE CHARLES)";"45,0480499";"3,9232411"
"201900049452";"10";"6";"2019";"15:05";"1";"42";"42186";"2";"1";"8";"3";"CHEMIN DEPARTEMENTAL 88";"45,5305096";"4,6197067"
"201900049453";"16";"6";"2019";"09:54";"1";"42";"42170";"1";"3";"1";"3";"R.D 504";"46,0388100";"4,1110300"
"201900049454";"14";"6";"2019";"12:10";"1";"42";"42187";"2";"1";"3";"6";"JAURES (RUE JEAN)";"46,0348300";"4,0737100"
"201900049455";"14";"6";"2019";"23:45";"5";"42";"42184";"2";"9";"2";"3";"FOCH MARECHAL (RUE)";"46,0395000";"4,0376000"
"201900049456";"14";"6";"2019";"09:35";"1";"42";"42127";"2";"1";"1";"6";"Route nationale 7";"46,0683700";"4,0508300"
"201900049457";"13";"6";"2019";"20:46";"1";"42";"42187";"2";"2";"1";"7";"DORMOY (RUE MARX)";"46,0404600";"4,0677600"
"201900049458";"5";"6";"2019";"07:10";"1";"42";"42187";"2";"1";"1";"3";"NANCY (BD de )";"46,0578500";"4,0835700"
"201900049459";"14";"6";"2019";"18:50";"1";"42";"42095";"2";"1";"1";"6";"TREMOLLET (RUE)";"45,3848500";"4,2840100"
"201900049460";"14";"6";"2019";"16:45";"1";"42";"42095";"2";"6";"8";"3";"HUGO (RUE VICTOR)";"45,3784000";"4,2734000"
"201900049461";"7";"6";"2019";"10:30";"1";"42";"42044";"1";"1";"1";"3";"RD 10";"45,3863500";"4,3172400"
"201900049462";"6";"6";"2019";"13:15";"1";"42";"42095";"2";"6";"1";"6";"SAINT-CHARLES (BOULEVARD)";"45,3860100";"4,2829400"
"201900049463";"2";"6";"2019";"10:10";"1";"42";"42316";"2";"1";"1";"6";"JAURES (RUE JEAN)";"45,3954300";"4,2813590"
"201900049464";"7";"6";"2019";"13:45";"1";"41";"41269";"2";"1";"1";"6";"RONSARD (AVENUE) (SECTEUR 3)";"47,7984400";"1,0451600"
"201900049465";"1";"6";"2019";"17:05";"1";"41";"41269";"2";"1";"1";"6";"CHARTRAIN (FAUBOURG)";"47,7955400";"1,0678500"
"201900049466";"12";"6";"2019";"12:40";"1";"41";"41018";"2";"1";"1";"2";"DUPUIS (BOULEVARD DANIEL)";"47,5811200";"1,3219100"
"201900049467";"3";"6";"2019";"10:15";"1";"41";"41018";"2";"1";"2";"6";"SCHUMAN (AVENUE ROBERT)";"47,6056400";"1,3313700"
"201900049468";"3";"6";"2019";"04:50";"5";"41";"41018";"2";"1";"1";"7";"FRANCE (AVENUE DE)  1";"47,5982700";"1,3177300"
"201900049469";"2";"6";"2019";"06:00";"2";"38";"38563";"1";"1";"1";"6";"rocade ouest";"45,3729700";"5,5697800"
"201900049470";"11";"6";"2019";"18:25";"1";"38";"38544";"2";"1";"1";"3";"MALISSOL(MONTEE DE)";"45,5185190";"4,9181950"
"201900049471";"14";"6";"2019";"18:50";"1";"38";"38185";"2";"2";"9";"1";"RUE JEAN MACÉ";"45,1921800";"5,7159800"
"201900049472";"14";"6";"2019";"16:25";"1";"38";"38185";"2";"1";"1";"6";"MARCEAU (RUE)";"45,1822700";"5,7224500"
"201900049473";"13";"6";"2019";"18:30";"1";"38";"38421";"1";"1";"1";"6";"RN 87";"45,1689230";"5,7603712"
"201900049474";"1";"6";"2019";"16:40";"1";"38";"38421";"2";"1";"1";"1";"AVENUE AMBROISE CROIZAT";"45,1826000";"5,7590300"
"201900049475";"1";"6";"2019";"14:50";"1";"38";"38185";"2";"1";"1";"3";"BERTHELOT (AV. M.)MALLIFAUD/RUE E. ZOLA";"45,1815900";"5,7316500"
"201900049476";"30";"5";"2019";"17:45";"1";"38";"38169";"2";"2";"1";"3";"BOULEVARD JOLIOT-CURIE";"45,1975300";"5,6934300"
"201900049477";"30";"5";"2019";"16:30";"1";"38";"38151";"2";"2";"1";"3";"JAURES (COURS J. 1 A 48-75)";"45,1518200";"5,7069600"
"201900049478";"29";"5";"2019";"16:20";"1";"38";"38421";"1";"1";"1";"4";"RN87";"45,1685863";"5,7598195"
"201900049479";"18";"6";"2019";"09:59";"1";"37";"37261";"2";"1";"1";"3";"HEURTELOUP (BOULEVARD)";"47,3930000";"0,7020000"
"201900049480";"17";"6";"2019";"07:50";"1";"37";"37261";"2";"1";"1";"4";"RN 76 - Route de St Avertin";"47,3644952";"0,7072704"
"201900049481";"24";"2";"2019";"05:15";"3";"79";"79100";"1";"1";"1";"6";"RD648, PK 12+800";"46,3637230";" -0,5563390"
"201900049482";"23";"2";"2019";"08:50";"1";"80";"80295";"1";"2";"1";"3";"D1";"49,9414540";"2,6888930"
"201900049483";"22";"2";"2019";"13:12";"1";"80";"80497";"1";"1";"1";"3";"D938 PK 80+000";"50,2736400";"1,7997100"
"201900049484";"22";"2";"2019";"11:30";"1";"80";"80443";"1";"1";"1";"3";"D51";"49,8427290";"1,9132120"
"201900049485";"22";"2";"2019";"19:30";"3";"82";"82157";"2";"1";"1";"7";"Lieu-dit ""Périgord""";"44,3419380";"0,9210730"
"201900049486";"21";"2";"2019";"14:45";"1";"69";"69006";"1";"1";"7";"3";"RD10 Lieu-dit Rébé""";"45,9866910";"4,3425910"
"201900049487";"21";"2";"2019";"13:00";"1";"69";"69063";"2";"1";"7";"6";"rue Blaise Pascal";"45,8187300";"4,8507700"
"201900049488";"21";"2";"2019";"16:45";"1";"69";"69168";"2";"1";"7";"6";"rue henri bouchard";"45,8399650";"4,8352700"
"201900049489";"23";"2";"2019";"12:30";"1";"81";"81164";"1";"1";"1";"6";"Cambou";"43,7945440";"1,6714710"
"201900049490";"23";"2";"2019";"07:50";"2";"11";"11355";"1";"1";"1";"7";"D19";"43,1060320";"2,1958300"
"201900049491";"22";"2";"2019";"11:30";"1";"11";"11009";"1";"8";"1";"6";"D34";"43,2422840";"2,1811870"
"201900049492";"21";"2";"2019";"16:45";"1";"71";"71514";"1";"1";"1";"3";"lieu-dit condé";"46,7318480";"5,2777420"
"201900049493";"24";"2";"2019";"16:40";"1";"71";"71230";"2";"2";"1";"2";"Rue de la Paix";"46,6061300";"4,0553330"
"201900049494";"22";"2";"2019";"21:59";"3";"89";"89201";"1";"1";"1";"2";"D5";"47,9016160";"3,6172750"
"201900049495";"24";"2";"2019";"14:25";"1";"63";"63210";"2";"2";"1";"3";"19 rue des recollets/montagon";"45,9259626";"3,3335922"
"201900049496";"22";"2";"2019";"16:45";"1";"61";"61094";"1";"1";"1";"2";"D962";"48,6968100";" -0,5794390"
"201900049497";"24";"2";"2019";"02:20";"3";"61";"61084";"1";"1";"1";"6";"La Chardiniere";"48,7885690";" -0,2346130"
"201900049498";"22";"2";"2019";"16:50";"1";"49";"49112";"1";"1";"1";"7";"les ruaux";"47,1853440";" -0,1130910"
"201900049499";"21";"2";"2019";"18:45";"3";"49";"49041";"1";"2";"1";"5";"Route départementale 10";"47,2882400";"0,0477850"
"201900049500";"10";"2";"2019";"12:45";"1";"68";"68240";"1";"1";"1";"7";"rue de RUEDERBACH";"47,5614070";"7,2883290"
"201900049501";"24";"2";"2019";"01:15";"4";"22";"22236";"2";"1";"1";"6";"14 rue du manoir";"48,6682900";" -2,9808610"
"201900049502";"22";"2";"2019";"21:30";"3";"39";"39176";"1";"1";"1";"6";"N/A";"46,9963230";"5,7908430"
"201900049503";"22";"2";"2019";"13:00";"1";"44";"44023";"2";"1";"1";"6";"RN171";"47,4190620";" -1,8459250"
"201900049504";"21";"2";"2019";"08:00";"1";"35";"35109";"1";"2";"5";"3";"La Miochère";"48,0648790";" -1,1792090"
"201900049505";"22";"2";"2019";"14:22";"1";"29";"29184";"1";"1";"1";"1";"Kergenetal Ty Bras - D75";"48,5948190";" -3,9916466"
"201900049506";"21";"2";"2019";"22:00";"5";"29";"29075";"2";"1";"1";"3";"rond-point de palaren";"48,3970332";" -4,4351182"
"201900049507";"23";"2";"2019";"04:15";"3";"31";"31517";"1";"1";"1";"6";"D4";"43,3109650";"1,3263450"
"201900049508";"24";"2";"2019";"10:10";"1";"31";"31574";"2";"1";"1";"6";"Avenue de la Mairie, parking du Leader Price";"43,4337350";"1,4320670"
"201900049509";"20";"2";"2019";"18:24";"2";"31";"31033";"2";"1";"1";"6";"55 route de TOULOUSE";"43,3588170";"1,4654340"
"201900049510";"23";"2";"2019";"14:15";"1";"31";"31232";"1";"1";"1";"1";"PR 64+600, CD 17";"43,7665170";"1,2791450"
"201900049511";"21";"2";"2019";"17:00";"1";"2";"02054";"1";"3";"1";"2";"RN 31 -";"49,3139550";"3,6099620"
"201900049512";"23";"2";"2019";"21:15";"3";"2";"02263";"1";"3";"1";"3";"Intersection CD 22 rue - rue de dhuizy";"49,3655450";"3,5940940"
"201900049513";"22";"2";"2019";"21:40";"3";"70";"70525";"1";"1";"1";"6";"RD 42";"47,6590910";"5,8114820"
"201900049514";"21";"2";"2019";"19:40";"1";"70";"70492";"1";"3";"1";"7";"RD 23";"47,5841360";"5,8701600"
"201900049515";"23";"2";"2019";"14:15";"1";"26";"26144";"1";"1";"1";"1";"D104";"44,7567880";"4,8497190"
"201900049516";"21";"2";"2019";"18:40";"5";"58";"58303";"2";"1";"1";"3";"rue du 8 mai 1945";"47,0122340";"3,1461120"
"201900049517";"23";"2";"2019";"08:50";"1";"54";"54035";"2";"2";"1";"7";"1, Grande Rue";"48,6451530";"6,8060110"
"201900049518";"23";"2";"2019";"18:00";"1";"72";"72044";"1";"1";"1";"7";"Le chene";"47,7692480";" -0,0822190"
"201900049519";"22";"2";"2019";"16:30";"1";"14";"14357";"1";"1";"7";"6";"La Roctière (Saint-Vigor-des-Mézerets)";"48,9033891";" -0,6434943"
"201900049520";"23";"2";"2019";"23:00";"3";"14";"14654";"1";"6";"1";"6";"Intersection RD40 - RD131";"49,0254250";" -0,0492030"
"201900049521";"22";"2";"2019";"10:20";"1";"14";"14489";"1";"1";"5";"1";"la Haie Fleurie (Ouville-la-Bien-Tournée)";"49,0499057";" -0,0127457"
"201900049522";"22";"2";"2019";"18:00";"2";"14";"14492";"1";"1";"1";"2";"RD62";"49,4037580";"0,1795480"
"201900049523";"23";"2";"2019";"10:00";"1";"14";"14342";"2";"1";"7";"1";"32 rue résidence fleurie";"49,3136149";" -1,1063484"
"201900049524";"23";"2";"2019";"17:30";"1";"5";"05068";"1";"1";"1";"7";"D942A";"44,4970250";"6,1156790"
"201900049525";"24";"2";"2019";"10:55";"1";"50";"50613";"1";"1";"1";"1";"rue du pont d'esseule";"49,6418230";" -1,2990110"
"201900049526";"22";"2";"2019";"17:00";"1";"83";"83007";"1";"1";"1";"6";"N/A";"43,5978950";"6,2215660"
"201900049527";"23";"2";"2019";"11:40";"1";"83";"83012";"1";"1";"1";"6";"798 route de Marseille";"43,5507210";"6,0024650"
"201900049528";"23";"2";"2019";"06:00";"3";"60";"60150";"1";"1";"1";"6";"D48";"49,5289898";"2,9851205"
"201900049529";"22";"2";"2019";"14:30";"1";"64";"64211";"1";"1";"7";"1";"D42";"43,2978729";" -0,1413065"
"201900049530";"23";"2";"2019";"14:03";"1";"73";"73270";"1";"6";"1";"3";"D911 RP de Carouge";"45,5560897";"6,1659555"
"201900049531";"23";"2";"2019";"15:10";"1";"73";"73270";"2";"2";"1";"3";"D911 Av de L'arclusaz";"45,5616819";"6,1542868"
"201900049532";"12";"2";"2019";"12:00";"1";"43";"43162";"1";"3";"1";"1";"Lieu dit charrées";"45,2322410";"4,0182510"
"201900049533";"22";"2";"2019";"01:00";"3";"43";"43018";"1";"1";"1";"6";"Cordes";"45,0075603";"3,8076639"
"201900049534";"24";"2";"2019";"10:50";"1";"36";"36165";"1";"1";"1";"2";"Route départementale 950";"46,6466960";"1,0360190"
"201900049535";"23";"2";"2019";"10:05";"1";"7";"07260";"1";"1";"1";"2";"D2";"44,6930400";"4,7109170"
"201900049536";"22";"2";"2019";"15:42";"1";"21";"21574";"1";"1";"1";"1";"D30 PR 21+300";"47,5044070";"5,4235050"
"201900049537";"22";"2";"2019";"06:50";"2";"24";"24014";"1";"2";"1";"3";"lieu dit Baunac";"45,0957830";"1,1741960"
"201900049538";"23";"2";"2019";"18:00";"2";"4";"04116";"1";"1";"1";"6";"RD 4";"44,0469160";"6,0233390"
"201900049539";"23";"2";"2019";"14:45";"1";"85";"85294";"2";"1";"1";"6";"20 rue du Maupas";"46,3527300";" -1,4240500"
"201900049540";"23";"2";"2019";"18:45";"1";"28";"28140";"2";"1";"1";"6";"rue des grands moulins";"48,6036240";"1,6775540"
"201900049541";"23";"2";"2019";"15:10";"1";"17";"17385";"2";"1";"1";"6";"rue du port";"45,9158240";" -1,3283660"
"201900049542";"23";"2";"2019";"16:40";"1";"17";"17140";"2";"2";"1";"3";"route du large";"45,8826640";" -1,2505860"
"201900049543";"17";"2";"2019";"02:25";"3";"17";"17093";"1";"1";"1";"6";"D26 PK 5+300";"45,8557580";" -1,1844470"
"201900049544";"19";"2";"2019";"18:05";"1";"17";"17197";"1";"1";"1";"1";"Départementale 2";"45,4450790";" -0,4245690"
"201900049545";"21";"2";"2019";"01:30";"3";"37";"37018";"1";"1";"1";"2";"RD 751 PK 40+700 sens CHINON / JOUE LES TOURS";"47,3341756";"0,6162628"
"201900049546";"21";"2";"2019";"21:00";"3";"52";"52438";"1";"1";"1";"1";"RN 19 PR 85+970";"47,7995840";"5,5619070"
"201900049547";"22";"2";"2019";"22:35";"3";"88";"88319";"2";"1";"1";"6";"rue paul couzineau";"48,3767230";"6,9722200"
"201900049548";"22";"2";"2019";"08:55";"1";"10";"10216";"1";"1";"1";"2";"autoroute A26";"48,6724700";"4,1704000"
"201900049549";"23";"2";"2019";"14:30";"1";"63";"63048";"1";"1";"1";"7";"Autoroute 89 , PK 295.362";"45,6329910";"2,5439850"
"201900049550";"24";"2";"2019";"16:00";"1";"67";"67194";"1";"1";"1";"6";"bretelle accès autoroute";"48,7472730";"7,9144320"
"201900049551";"23";"2";"2019";"02:25";"3";"18";"18140";"1";"1";"1";"6";"A20 - PK 016+000";"47,1370630";"1,9590900"
"201900049552";"23";"2";"2019";"18:15";"2";"973";"97309";"1";"1";"1";"3";"Route des plages";"4,8672390";" -52,2505800"
"201900049553";"22";"2";"2019";"10:30";"1";"6";"06018";"2";"1";"1";"3";"1110 route d'antibes";"43,6187300";"7,1024300"
"201900049554";"24";"2";"2019";"08:10";"1";"31";"31374";"1";"1";"1";"6";"A61";"43,4160170";"1,6275670"
"201900049555";"10";"2";"2019";"15:45";"1";"89";"89339";"1";"1";"4";"5";"A6, PK 198+900, sens 1";"47,5903100";"3,9166940"
"201900049556";"21";"2";"2019";"20:00";"3";"76";"76360";"1";"1";"5";"6";"N27, pk 029+300, sens DIEPPE - ROUEN";"49,7346900";"1,0992670"
"201900049557";"21";"2";"2019";"20:00";"3";"76";"76360";"1";"1";"5";"6";"N27, pk 029+400, sens ROUEN / DIEPPE";"49,7366847";"1,0675514"
"201900049558";"24";"2";"2019";"14:37";"1";"90";"90097";"1";"1";"1";"6";"AUTOROUTE A36";"47,5641150";"6,8604730"
"201900049559";"23";"2";"2019";"15:40";"1";"86";"86115";"1";"1";"7";"2";"autoroute A.10";"46,7143740";"0,3778360"
"201900049560";"18";"2";"2019";"16:42";"1";"971";"97103";"2";"4";"1";"6";"rue merosiers narbal / rue des épices.";"16,2586220";" -61,5918380"
"201900049561";"20";"2";"2019";"16:50";"1";"971";"97103";"1";"3";"1";"3";"CASTELBON";"16,2419030";" -61,6218470"
"201900049562";"24";"2";"2019";"06:00";"1";"988";"98817";"1";"1";"1";"6";"RP1 ROUTE DU SUD";" -22,2964600";"166,6609000"
"201900049563";"22";"2";"2019";"15:30";"1";"976";"97607";"1";"1";"1";"3";"route nationale 2 village Ongoujou";" -12,8531390";"45,1760570"
"201900049564";"23";"2";"2019";"17:52";"1";"974";"97422";"1";"1";"1";"1";"RN3";" -21,2103300";"55,5667770"
"201900049565";"22";"2";"2019";"17:30";"1";"974";"97403";"2";"1";"1";"6";"rue hubert delisle";" -21,2495630";"55,4707640"
"201900049566";"21";"2";"2019";"11:35";"1";"971";"97125";"2";"2";"1";"2";"Avenue Luther King";"16,2575840";" -61,2732530"
"201900049567";"23";"2";"2019";"03:00";"5";"971";"97112";"1";"1";"1";"6";"RN9 section Bonneval";"15,8936430";" -61,3194680"
"201900049568";"22";"2";"2019";"23:45";"3";"37";"37022";"1";"1";"1";"6";"lieu dit Coulaine - D749";"47,1847565";"0,1851384"
"201900049569";"19";"2";"2019";"16:40";"1";"45";"45155";"2";"1";"1";"6";"3 Rue de Montbricon";"47,6876250";"2,6348090"
"201900049570";"23";"2";"2019";"15:20";"1";"78";"78590";"1";"1";"1";"1";"D91 PK 21+300";"48,6867150";"1,9711840"
"201900049571";"20";"2";"2019";"14:50";"1";"78";"78003";"1";"2";"1";"3";"Croisement N191 et N177";"48,5093870";"1,8317070"
"201900049572";"22";"2";"2019";"08:00";"2";"78";"78089";"2";"3";"5";"6";"rue Valère Haegeman";"49,0377640";"1,5869870"
"201900049573";"24";"2";"2019";"10:00";"1";"34";"34141";"1";"1";"1";"2";"RD52, PK3+130";"43,3378260";"2,6329750"
"201900049574";"23";"2";"2019";"13:00";"1";"6";"06048";"2";"6";"1";"7";"d15";"43,7980900";"7,3244020"
"201900049575";"23";"2";"2019";"22:10";"5";"13";"13062";"1";"3";"1";"3";"D8";"43,4238360";"5,4797830"
"201900049576";"22";"2";"2019";"21:02";"3";"71";"71223";"2";"1";"1";"6";"route de saint prix";"46,9643870";"4,1389650"
"201900049577";"22";"2";"2019";"10:05";"1";"71";"71150";"2";"4";"1";"6";"rue de la gare";"46,2464620";"4,7860910"
"201900049578";"22";"2";"2019";"17:40";"1";"74";"74042";"2";"4";"7";"3";"Avenue du Faucigny";"46,0692180";"6,4124270"
"201900049579";"22";"2";"2019";"16:25";"1";"74";"74087";"1";"3";"1";"5";"route des Vallées";"46,1501800";"6,3262430"
"201900049580";"22";"2";"2019";"18:45";"2";"42";"42005";"2";"1";"1";"6";"27 avenue de ST ETIENNE";"45,5264770";"4,2744580"
"201900049581";"23";"2";"2019";"18:40";"5";"42";"42147";"2";"1";"1";"6";"18 rue tupinerie";"45,6066000";"4,0638950"
"201900049582";"22";"2";"2019";"15:30";"1";"38";"38260";"1";"1";"1";"7";"RD 18 A";"45,6801780";"5,2592640"
"201900049583";"23";"2";"2019";"00:05";"5";"38";"38565";"2";"1";"1";"6";"avenue du 11 novembre";"45,2860130";"5,6433390"
"201900049584";"17";"1";"2019";"20:15";"5";"26";"26250";"2";"1";"1";"3";"Avenue du 45e Parallèle";"45,0018440";"4,8722340"
"201900049585";"22";"2";"2019";"16:50";"1";"26";"26220";"1";"1";"1";"3";"Route de Montélimar";"44,3707220";"5,1141600"
"201900049586";"23";"2";"2019";"17:20";"1";"1";"01202";"2";"1";"1";"6";"51 rue pasteur";"45,9027080";"5,3486490"
"201900049587";"23";"2";"2019";"19:30";"3";"69";"69208";"1";"2";"1";"2";"RD 118";"45,8614000";"4,6161200"
"201900049588";"23";"2";"2019";"18:05";"1";"9";"09086";"1";"9";"1";"1";"D334";"43,0376450";"1,0919870"
"201900049589";"22";"2";"2019";"00:20";"3";"9";"09243";"1";"1";"1";"7";"RD 28";"42,9885480";"1,8988070"
"201900049590";"23";"2";"2019";"08:30";"1";"31";"31248";"2";"1";"1";"6";"Chemin d'Embourrel";"43,4555420";"1,4129430"
"201900049591";"21";"2";"2019";"17:45";"1";"79";"79049";"1";"4";"1";"1";"Boulevard de Nantes";"46,8419700";" -0,5104570"
"201900049592";"23";"2";"2019";"02:14";"3";"17";"17086";"1";"2";"1";"7";"RN 141";"45,7276080";" -0,5160590"
"201900049593";"24";"2";"2019";"12:45";"1";"86";"86137";"1";"2";"1";"3";"D347 PK 44+500";"47,0002420";"0,0800910"
"201900049594";"22";"2";"2019";"16:45";"1";"33";"33274";"1";"2";"1";"3";"intersection route de la Salle et Chemin du Carosse";"44,7251000";" -0,5583900"
"201900049595";"23";"2";"2019";"02:20";"3";"85";"85019";"2";"1";"1";"6";"Rue de l'Aulnière";"46,8085800";" -1,4286900"
"201900049596";"22";"2";"2019";"15:45";"1";"85";"85238";"2";"6";"1";"3";"Rue Monseigneur Cazaux";"46,9534600";" -0,8955300"
"201900049597";"22";"2";"2019";"15:30";"1";"44";"44103";"2";"2";"1";"6";"rue des pâtures";"47,3328250";" -2,1780870"
"201900049598";"23";"2";"2019";"12:40";"1";"14";"14047";"2";"7";"7";"6";"rue de bretagne";"49,2802170";" -0,7051930"
"201900049599";"21";"2";"2019";"15:15";"1";"22";"22093";"2";"7";"1";"6";"rue Mouexigné";"48,4587963";" -2,5137287"
"201900049600";"23";"2";"2019";"00:05";"3";"27";"27439";"1";"1";"1";"7";"Route de Louviers";"49,0762920";"1,1779000"
"201900049601";"21";"2";"2019";"06:55";"2";"60";"60612";"2";"6";"1";"6";"cour Bouteville";"49,2063020";"2,5897760"
"201900049602";"24";"2";"2019";"04:00";"5";"60";"60338";"2";"9";"1";"6";"Rue Robert Schumann";"49,3798530";"2,7842670"