"Num_Acc";"jour";"mois";"an";"hrmn";"lum";"dep";"com";"agg";"int";"atm";"col";"adr";"lat";"long"
"201900049603";"23";"2";"2019";"19:30";"3";"2";"02521";"1";"1";"1";"1";"Avenue de Paris";"49,0277470";"3,2147960"
"201900049604";"23";"2";"2019";"14:15";"1";"62";"62014";"1";"1";"1";"7";"rue du bruveau";"50,6486210";"2,3740190"
"201900049605";"23";"2";"2019";"13:15";"1";"59";"59035";"2";"1";"1";"6";"route de Sains";"50,1122360";"3,9471610"
"201900049606";"23";"2";"2019";"18:50";"5";"59";"59419";"2";"1";"1";"6";"117 route de Douai";"50,5226710";"3,2806910"
"201900049607";"22";"2";"2019";"02:03";"5";"13";"13207";"1";"9";"1";"6";"Tunnel Prado Carénage";"43,2912300";"5,3654600"
"201900049608";"22";"2";"2019";"17:40";"2";"13";"13056";"1";"1";"1";"3";"A55-Sens Marseille vers Martigues";"43,4029039";"5,0421613"
"201900049609";"21";"2";"2019";"18:40";"3";"13";"13005";"1";"1";"1";"2";"A50-Sens Aubagne vers Marseille";"43,2887200";"5,4972000"
"201900049610";"16";"2";"2019";"21:50";"3";"13";"13005";"1";"1";"1";"2";"A50-Sens Marseille vers Aubagne";"43,2960800";"5,5589800"
"201900049611";"17";"2";"2019";"18:00";"1";"13";"13106";"1";"1";"1";"2";"A51-Sens Aix en Provence vers Marseille";"43,4033820";"5,3571010"
"201900049612";"23";"2";"2019";"04:15";"3";"69";"69382";"1";"1";"1";"6";"A7   0.000 A 2.278";"45,7358700";"4,8198000"
"201900049613";"22";"2";"2019";"16:15";"1";"69";"69029";"1";"1";"1";"2";"RD383   7.640 A 11.044";"45,7380900";"4,9039300"
"201900049614";"18";"2";"2019";"22:25";"5";"69";"69259";"1";"1";"1";"2";"RD383   11.0044 A 11.460";"45,7240800";"4,8929600"
"201900049615";"21";"2";"2019";"12:45";"1";"69";"69297";"1";"1";"1";"3";"A47";"45,5885400";"4,7931800"
"201900049616";"15";"2";"2019";"15:40";"1";"69";"69382";"1";"1";"1";"4";"A7   0.000 A 2.278";"45,7415700";"4,8247900"
"201900049617";"21";"2";"2019";"18:20";"1";"33";"33318";"1";"1";"1";"3";"AUTOROUTE A 63";"44,7839100";" -0,6310700"
"201900049618";"23";"2";"2019";"14:10";"1";"94";"94065";"1";"1";"1";"5";"AUTOROUTE A86";"48,7544300";"2,3475700"
"201900049619";"23";"2";"2019";"15:50";"1";"91";"91589";"1";"1";"1";"2";"AUTOROUTE A6";"48,6773000";"2,3385000"
"201900049620";"23";"2";"2019";"06:50";"1";"77";"77251";"1";"1";"5";"6";"D 403";"48,6105638";"2,5740829"
"201900049621";"22";"2";"2019";"19:55";"5";"94";"94038";"1";"1";"1";"2";"AUTOROUTE A6B";"48,7797000";"2,3462700"
"201900049622";"22";"2";"2019";"16:30";"1";"91";"91363";"1";"1";"1";"2";"RN 104";"48,6648100";"2,1899900"
"201900049623";"21";"2";"2019";"18:40";"1";"91";"91434";"1";"1";"1";"2";"AUTOROUTE A6";"48,6660900";"2,3620600"
"201900049624";"20";"2";"2019";"20:55";"3";"91";"91521";"1";"9";"1";"3";"RN 104";"48,6326200";"2,4025500"
"201900049625";"20";"2";"2019";"18:10";"2";"91";"91549";"1";"1";"7";"6";"RN 104";"48,6262500";"2,3391300"
"201900049626";"20";"2";"2019";"09:15";"1";"94";"94065";"1";"1";"1";"2";"AUTOROUTE A106";"48,7474000";"2,3588000"
"201900049627";"20";"2";"2019";"08:00";"1";"94";"94034";"1";"1";"8";"2";"AUTOROUTE A86";"48,7611000";"2,3170000"
"201900049628";"23";"2";"2019";"15:20";"1";"78";"78646";"1";"1";"1";"6";"RN12";"48,7900620";"2,1161010"
"201900049629";"23";"2";"2019";"15:10";"1";"78";"78362";"1";"1";"1";"6";"A13";"48,9761350";"1,7216360"
"201900049630";"22";"2";"2019";"18:48";"3";"92";"92048";"1";"1";"1";"6";"N118";"48,7985800";"2,2166100"
"201900049631";"21";"2";"2019";"22:00";"3";"78";"78322";"1";"1";"1";"2";"RN12 EXT";"48,7844000";"2,1562000"
"201900049632";"21";"2";"2019";"15:55";"1";"78";"78646";"1";"1";"1";"3";"RN12";"48,7906480";"2,1108270"
"201900049633";"22";"2";"2019";"21:20";"4";"93";"93063";"1";"1";"1";"2";"AUTOROUTE A3";"48,8747200";"2,4392600"
"201900049634";"22";"2";"2019";"15:20";"1";"93";"93053";"1";"1";"1";"5";"AUTOROUTE A3";"48,8983900";"2,4695800"
"201900049635";"22";"2";"2019";"11:00";"1";"93";"93053";"1";"1";"1";"3";"AUTOROUTE A3";"48,8970800";"2,4696300"
"201900049636";"22";"2";"2019";"07:00";"2";"95";"95582";"1";"1";"1";"4";"RD 170";"48,9642700";"2,2682900"
"201900049637";"21";"2";"2019";"09:30";"1";"93";"93006";"1";"1";"1";"3";"AUTOROUTE A3";"48,8661200";"2,4230200"
"201900049638";"21";"2";"2019";"11:30";"1";"93";"93027";"1";"1";"1";"5";"AUTOROUTE A86";"48,9226000";"2,3795600"
"201900049639";"21";"2";"2019";"07:25";"3";"92";"92036";"1";"1";"1";"6";"AUTOROUTE A15";"48,9371669";"2,2943733"
"201900049640";"20";"2";"2019";"20:20";"4";"93";"93066";"1";"1";"1";"3";"AUTOROUTE A1";"48,9042800";"2,3585500"
"201900049641";"20";"2";"2019";"16:30";"1";"93";"93078";"1";"1";"1";"3";"AUTOROUTE A104";"48,9713700";"2,4985600"
"201900049642";"19";"2";"2019";"19:10";"3";"93";"93027";"1";"1";"1";"6";"AUTOROUTE A86";"48,9270600";"2,4057200"
"201900049643";"19";"2";"2019";"17:45";"1";"93";"93027";"1";"1";"1";"4";"AUTOROUTE A1";"48,9380800";"2,4137600"
"201900049644";"23";"2";"2019";"15:20";"1";"94";"94065";"1";"1";"1";"2";"A86 INT";"48,7537961";"2,3544108"
"201900049645";"22";"2";"2019";"18:50";"5";"94";"94028";"1";"1";"1";"7";"A86 EXT";"48,7762100";"2,4360000"
"201900049646";"22";"2";"2019";"09:55";"1";"77";"77384";"1";"1";"1";"6";"A5b";"48,6182900";"2,6308300"
"201900049647";"21";"2";"2019";"18:30";"3";"77";"77468";"1";"1";"2";"4";"A104";"48,8485800";"2,6618200"
"201900049648";"20";"2";"2019";"20:00";"3";"94";"94074";"1";"1";"1";"2";"RN406.W";"48,7641800";"2,4638200"
"201900049649";"20";"2";"2019";"18:00";"1";"77";"77121";"1";"1";"1";"2";"A4";"48,8317700";"2,6736900"
"201900049650";"20";"2";"2019";"00:45";"4";"94";"94073";"1";"1";"1";"6";"A86 INT";"48,7702466";"2,3824570"
"201900049651";"17";"2";"2019";"16:15";"1";"94";"94028";"1";"1";"1";"4";"A86 EXT";"48,8067600";"2,4488400"
"201900049652";"15";"2";"2019";"16:40";"1";"89";"89387";"2";"1";"1";"6";"8 AV PIERRE DE COUBERTIN";"48,1926600";"3,2996400"
"201900049653";"18";"2";"2019";"11:30";"1";"94";"94068";"2";"2";"1";"3";"GENERAL GIRAUD (BD DU)";"48,7886100";"2,4893000"
"201900049654";"20";"2";"2019";"06:35";"1";"976";"97611";"2";"9";"1";"1";"kaweni-Caserne ( rue de la )";" -12,7758900";"45,2266100"
"201900049655";"19";"2";"2019";"19:00";"5";"974";"97409";"2";"9";"2";"2";"Chemin Lagourgue";" -20,9540260";"55,6550160"
"201900049656";"20";"2";"2019";"08:05";"1";"69";"69199";"2";"1";"1";"6";"EMILE ZOLA                          (R )";"45,7105400";"4,8554400"
"201900049657";"20";"2";"2019";"07:00";"2";"69";"69388";"2";"1";"1";"6";"FRERES LUMIERE (DES)                (AV)";"45,7446500";"4,8679000"
"201900049658";"20";"2";"2019";"17:55";"2";"69";"69382";"2";"1";"1";"2";"GRENETTE                            (R )";"45,7634800";"4,8350400"
"201900049659";"20";"2";"2019";"08:25";"1";"2A";"2A004";"1";"1";"1";"3";"MEZZAVIA ROUTE DE";"41,9523300";"8,7802400"
"201900049660";"4";"11";"2019";"07:06";"1";"3";"03082";"2";"8";"2";"2";"route de Malicorne";"46,2947992";"2,7647739"
"201900049661";"2";"11";"2019";"10:45";"1";"3";"03175";"1";"1";"1";"6";"Aire de Chantelle en Bourbonnais (aire de repos)";"46,2298145";"3,1015401"
"201900049662";"21";"10";"2019";"17:25";"2";"38";"38339";"1";"1";"3";"1";"D 126";"45,5982750";"5,1644030"
"201900049663";"2";"11";"2019";"10:45";"1";"42";"42209";"1";"1";"1";"6";"Sainte-Colombe-sur-Gand";"45,8711730";"4,2913700"
"201900049664";"25";"10";"2019";"12:40";"1";"34";"34153";"1";"1";"1";"2";"D986";"43,7085660";"3,8068900"
"201900049665";"2";"11";"2019";"06:20";"3";"13";"13007";"1";"1";"1";"2";"A52";"43,3597850";"5,6152290"
"201900049666";"2";"11";"2019";"14:50";"1";"976";"97603";"1";"1";"1";"7";"N3";" -12,9363800";"45,1622260"
"201900049667";"4";"11";"2019";"08:30";"1";"24";"24487";"1";"1";"3";"7";"Route des Feroux";"44,8650840";"0,3229820"
"201900049668";"2";"11";"2019";"04:30";"3";"27";"27648";"1";"1";"2";"6";"A13";"49,2681010";"1,1372510"
"201900049669";"4";"11";"2019";"01:30";"3";"91";"91111";"1";"1";"3";"4";"A10 PK 007.000 sens province-paris";"48,6221370";"2,1341000"
"201900049670";"3";"11";"2019";"08:40";"1";"34";"34202";"2";"9";"2";"3";"Route de Saussan";"43,5801140";"3,7675690"
"201900049671";"1";"11";"2019";"19:10";"5";"45";"45252";"2";"1";"2";"6";"Faubourg de Paris";"48,1782130";"2,2515510"
"201900049672";"17";"10";"2019";"15:30";"1";"77";"77126";"1";"1";"2";"2";"D405";"49,0245110";"2,9694060"
"201900049673";"31";"10";"2019";"16:00";"1";"48";"48198";"1";"1";"1";"7";"D906";"44,4577820";"3,9409040"
"201900049674";"1";"11";"2019";"18:00";"3";"84";"84068";"1";"1";"8";"1";"D943";"43,7848310";"5,3461920"
"201900049675";"4";"11";"2019";"06:35";"5";"6";"06048";"2";"1";"1";"6";"Chemin du Gheit";"43,8082500";"7,3151250"
"201900049676";"16";"10";"2019";"14:40";"1";"13";"13016";"1";"3";"1";"3";"24 Avenue du 19 Mars 1962";"43,4039820";"5,5819480"
"201900049677";"1";"11";"2019";"09:05";"2";"89";"89388";"1";"1";"2";"4";"A6";"47,9498740";"3,2316190"
"201900049678";"1";"11";"2019";"13:15";"1";"71";"71275";"2";"1";"2";"6";"03 rue des roches";"46,2781620";"4,0380700"
"201900049679";"21";"10";"2019";"07:25";"2";"21";"21555";"2";"6";"8";"3";"Rue de la Petite Fin";"47,3983900";"5,1330960"
"201900049680";"2";"11";"2019";"05:00";"3";"57";"57039";"1";"1";"2";"6";"D68";"49,0455560";"6,1105590"
"201900049681";"31";"10";"2019";"07:40";"1";"57";"57543";"1";"1";"1";"1";"N52";"49,2257070";"6,1127240"
"201900049682";"3";"11";"2019";"17:27";"2";"38";"38565";"1";"1";"2";"3";"D520a";"45,3019530";"5,6359580"
"201900049683";"4";"11";"2019";"11:20";"1";"64";"64376";"1";"2";"2";"1";"1 Cote Mauhourat";"43,2655826";" -0,2983429"
"201900049684";"30";"10";"2019";"07:35";"2";"44";"44047";"2";"1";"2";"4";"Rue Marcel de la Provoté";"47,2111180";" -1,7341810"
"201900049685";"4";"11";"2019";"10:45";"1";"22";"22070";"2";"1";"7";"6";"Route de Corlay";"48,5543310";" -3,1499080"
"201900049686";"4";"11";"2019";"08:30";"1";"35";"35196";"1";"1";"7";"1";"le marais";"48,0618250";" -1,8081140"
"201900049687";"1";"11";"2019";"13:00";"1";"35";"35240";"1";"1";"2";"6";"RN 24, le rheu";"48,0998021";" -1,7566779"
"201900049688";"4";"11";"2019";"09:35";"1";"60";"60700";"1";"1";"1";"7";"D1001";"49,3795413";"2,1495707"
"201900049689";"3";"11";"2019";"11:50";"1";"80";"80288";"1";"1";"8";"6";"Rue du Tour de Ville";"49,8784070";"2,8373390"
"201900049690";"3";"11";"2019";"06:20";"2";"59";"59096";"2";"1";"1";"1";"20 Rue du 24 Aout";"50,5684620";"3,2486260"
"201900049691";"3";"11";"2019";"03:10";"3";"59";"59044";"1";"1";"1";"7";"Rue Gounod";"50,6173350";"3,2258530"
"201900049692";"2";"11";"2019";"19:10";"5";"13";"13055";"1";"1";"1";"2";"A507 sens Marseille - Aubagne";"43,2857540";"5,4283445"
"201900049693";"3";"11";"2019";"02:10";"5";"13";"13207";"1";"1";"1";"7";"Tunnel Prado Carénage";"43,2911700";"5,3661900"
"201900049694";"1";"11";"2019";"23:10";"3";"69";"69290";"1";"1";"2";"7";"RN346   38.960 A 40.883";"45,7141200";"4,9679100"
"201900049695";"3";"11";"2019";"00:40";"5";"33";"33487";"1";"1";"3";"2";"AUTOROUTE A 10";"44,9540900";" -0,4564300"
"201900049696";"3";"11";"2019";"19:30";"3";"91";"91340";"1";"1";"2";"6";"RN 104";"48,6112000";"2,4335000"
"201900049697";"3";"11";"2019";"14:00";"1";"94";"94003";"1";"1";"2";"2";"AUTOROUTE A6A";"48,8019000";"2,3421000"
"201900049698";"2";"11";"2019";"18:00";"3";"91";"91689";"1";"1";"1";"5";"AUTOROUTE A6";"48,7403000";"2,3199000"
"201900049699";"3";"11";"2019";"18:00";"3";"92";"92036";"1";"1";"2";"6";"A86";"48,9342849";"2,2797438"
"201900049700";"2";"11";"2019";"16:05";"1";"92";"92076";"1";"1";"1";"5";"A13";"48,8322297";"2,1530397"
"201900049701";"3";"11";"2019";"11:00";"1";"93";"93027";"1";"1";"2";"4";"AUTOROUTE A86";"48,9265300";"2,4039300"
"201900049702";"3";"11";"2019";"19:25";"3";"94";"94022";"1";"1";"2";"2";"A86 EXT";"48,7762000";"2,4364500"
"201900049703";"2";"11";"2019";"20:00";"5";"94";"94017";"1";"1";"2";"4";"A4";"48,8297400";"2,4883200"
"201900049704";"31";"10";"2019";"19:45";"3";"77";"77175";"1";"1";"2";"2";"N104";"48,6659800";"2,6128100"
"201900049705";"26";"2";"2019";"14:43";"1";"50";"50502";"2";"1";"1";"6";"N/A";"49,1130200";" -1,1001100"
"201900049706";"28";"10";"2019";"19:00";"5";"71";"71306";"2";"1";"1";"2";"DE LATTRE DE TASSIGNY (BLD DU MARECHAL)";"46,6716000";"4,3849930"
"201900049707";"26";"10";"2019";"01:33";"5";"63";"63113";"2";"2";"1";"3";"JAURES (BD JEAN)";"45,7678301";"3,0818666"
"201900049708";"11";"9";"2019";"21:57";"5";"33";"33192";"1";"1";"1";"3";"AUTOROUTE A 63";"44,7833900";" -0,6320900"
"201900049709";"27";"10";"2019";"20:30";"3";"92";"92036";"1";"1";"2";"2";"RN 315 ";"48,9360767";"2,3010035"
"201900049710";"27";"10";"2019";"15:00";"1";"93";"93027";"2";"1";"2";"6";"AUTOROUTE A86";"48,9285200";"2,4142800"
"201900049711";"29";"10";"2019";"14:00";"1";"976";"97611";"2";"1";"1";"3";"kaweni-Massakini (rue)";" -12,7757800";"45,2266300"
"201900049712";"29";"10";"2019";"16:20";"1";"974";"97416";"2";"3";"1";"3";"LIGNE PARADIS(ROUTE DE LA)";" -21,3156400";"55,4778100"
"201900049713";"28";"10";"2019";"16:15";"1";"974";"97416";"1";"1";"1";"3";"ANCIENNE RN2";" -21,3304430";"55,4740320"
"201900049714";"29";"10";"2019";"15:30";"1";"974";"97407";"2";"1";"1";"6";"LENINE (AVENUE)";" -20,9416500";"55,3014700"
"201900049715";"29";"10";"2019";"10:55";"1";"973";"97302";"2";"9";"1";"5";"BADUEL (ROUTE DE)";"4,9290661";" -52,3012948"
"201900049716";"29";"10";"2019";"21:40";"5";"69";"69383";"2";"4";"1";"3";"LACASSAGNE                          (AV)";"45,7477800";"4,8814200"
"201900049717";"29";"10";"2019";"09:55";"1";"69";"69386";"2";"1";"8";"6";"MARECHAL FOCH (DU)                  (AV)";"45,7702200";"4,8435300"
"201900049718";"29";"10";"2019";"08:40";"1";"69";"69383";"2";"1";"8";"6";"EGLISE (DE L')                      (R )";"45,7528700";"4,8916000"
"201900049719";"5";"11";"2019";"19:27";"5";"972";"97209";"2";"1";"1";"6";"JEAN-MARIE SERREAU (AVENUE)";"14,6069700";" -61,0514900"
"201900049720";"4";"11";"2019";"13:30";"1";"972";"97209";"2";"3";"1";"3";"CHATEAUBOEUF (ROUTE DE)";"14,6161400";" -61,0503200"
"201900049721";"28";"10";"2019";"08:58";"1";"91";"91161";"2";"1";"1";"2";"LONGJUMEAU (route de)";"48,7095300";"2,2974600"
"201900049722";"19";"10";"2019";"15:20";"1";"91";"91223";"2";"3";"1";"3";"MAI 1945 (AVENUE DU 8)";"48,4396670";"2,1580790"
"201900049723";"28";"10";"2019";"12:50";"1";"91";"91223";"2";"1";"1";"6";"VALORY (RUE DE)";"48,4316100";"2,1738900"
"201900049724";"28";"10";"2019";"18:45";"5";"91";"91223";"2";"3";"2";"1";"HAMEAU DE BRETAGNE ( RUE DU)";"48,4329000";"2,1768000"
"201900049725";"28";"10";"2019";"22:50";"5";"91";"91425";"2";"2";"2";"3";"NATIONALE 20 (ROUTE)";"48,6404700";"2,2683600"
"201900049726";"29";"10";"2019";"20:11";"5";"88";"88429";"1";"1";"1";"4";"RN 57";"48,0802400";"6,5950100"
"201900049727";"29";"10";"2019";"10:15";"1";"83";"83062";"2";"9";"7";"5";"THOUAR MONTEE";"43,1316200";"6,0100800"
"201900049728";"25";"10";"2019";"10:50";"1";"83";"83129";"2";"1";"1";"6";"MER (AVENUE DE LA) N°IMPAIRS";"43,0982000";"5,8279000"
"201900049729";"11";"10";"2019";"18:30";"1";"78";"78545";"2";"3";"1";"2";"PERI (RUE GABRIEL)";"48,8062130";"2,0531190"
"201900049730";"28";"10";"2019";"08:58";"1";"77";"77514";"2";"2";"8";"3";"ARISTIDE BRIAND (AVENUE)";"48,9465298";"2,6096800"
"201900049731";"28";"10";"2019";"13:15";"1";"76";"76540";"2";"5";"1";"1";"DUPUIS. RUE ALBERT";"49,4608800";"1,1308800"
"201900049732";"25";"10";"2019";"14:15";"1";"71";"71270";"2";"1";"1";"3";"LYON (ROUTE DE)";"46,2850000";"4,8070000"
"201900049733";"29";"10";"2019";"09:15";"1";"69";"69029";"2";"1";"8";"6";"8 MAI 1945 (DU)                     (AV)";"45,7274000";"4,9155700"
"201900049734";"26";"10";"2019";"17:45";"1";"67";"67482";"2";"3";"1";"3";"REUSS (ALLEE)";"48,5450190";"7,7692560"
"201900049735";"29";"10";"2019";"16:35";"1";"67";"67482";"2";"1";"1";"6";"CHARLES PEGUY (RUE)";"48,5886030";"7,6984120"
"201900049736";"16";"10";"2019";"10:13";"1";"67";"67482";"2";"1";"1";"1";"SCHWEIGHAEUSER (RUE)";"48,5878400";"7,7681400"
"201900049737";"29";"10";"2019";"19:35";"5";"64";"64445";"2";"2";"1";"3";"GASTON LACOSTE";"43,2924320";" -0,3636450"
"201900049738";"29";"10";"2019";"20:05";"5";"64";"64445";"2";"3";"1";"3";"MONNAIE";"43,2942200";" -0,3773500"
"201900049739";"29";"10";"2019";"12:35";"1";"64";"64445";"2";"1";"1";"3";"ETIGNY D'";"43,2958754";" -0,3798727"
"201900049740";"29";"10";"2019";"12:10";"1";"64";"64445";"2";"1";"1";"6";"NORMAN PRINCE";"43,3032700";" -0,3512600"
"201900049741";"28";"10";"2019";"05:40";"3";"64";"64122";"2";"1";"1";"7";"PRINCE DE GALLES (BD DU)";"43,4780300";" -1,5666300"
"201900049742";"29";"10";"2019";"16:45";"1";"62";"62555";"2";"1";"1";"3";"GAMBETTA (RUE LEON )";"50,4999710";"2,4959140"
"201900049743";"28";"10";"2019";"18:00";"5";"62";"62193";"2";"1";"1";"1";"CHEMIN VERT";"50,9413200";"1,8371100"
"201900049744";"26";"10";"2019";"18:55";"5";"54";"54300";"2";"6";"1";"7";"RD126";"48,6586790";"6,2300600"
"201900049745";"28";"10";"2019";"09:03";"1";"49";"49267";"2";"1";"8";"6";"A87N";"47,4662412";" -0,5165562"
"201900049746";"25";"10";"2019";"10:28";"1";"49";"49353";"2";"1";"8";"6";"FOUCAUDIERE";"47,4571121";" -0,5147052"
"201900049747";"27";"10";"2019";"20:13";"5";"49";"49007";"2";"1";"2";"3";"PORTET BOULEVARD";"47,4520980";" -0,5635270"
"201900049748";"27";"10";"2019";"19:30";"2";"49";"49007";"2";"1";"2";"3";"TALET AVENUE";"47,4762800";" -0,5477200"
"201900049749";"29";"10";"2019";"22:10";"5";"44";"44162";"2";"1";"1";"6";"RUE KONRAD ADENAUER";"47,2071200";" -1,6358200"
"201900049750";"29";"10";"2019";"19:00";"5";"44";"44109";"2";"1";"2";"2";"BOULEVARD DE CARDIFF";"47,1988200";" -1,5840700"
"201900049751";"24";"10";"2019";"15:25";"1";"43";"43041";"2";"1";"1";"3";"COUBON (AVENUE DE)";"45,0453800";"3,9249300"
"201900049752";"29";"10";"2019";"16:35";"1";"42";"42044";"2";"1";"1";"2";"EUROPE (RUE DE)";"45,3962300";"4,3321500"
"201900049753";"29";"10";"2019";"14:40";"1";"37";"37214";"2";"1";"1";"6";"DE GAULLE (BD CHARLES)";"47,4135200";"0,6714300"
"201900049754";"29";"10";"2019";"18:50";"5";"35";"35238";"2";"9";"2";"3";"CLEMENCEAU (BD GEORGES)";"48,0942184";" -1,6805407"
"201900049755";"29";"10";"2019";"17:45";"5";"34";"34172";"2";"2";"1";"1";"JUSTICE DE CASTELNAU (AVENUE DE LA)";"43,6260500";"3,8822800"
"201900049756";"11";"10";"2019";"09:40";"1";"33";"33063";"2";"1";"1";"2";"BD DU PRESIDENT WILSON";"44,8451000";" -0,5988200"
"201900049757";"28";"10";"2019";"21:10";"5";"33";"33039";"2";"2";"1";"3";"AVE MAL DE LATTRE DE TASSIGNY";"44,8088100";" -0,5422500"
"201900049758";"28";"10";"2019";"13:40";"1";"33";"33032";"2";"2";"1";"3";"AVE JEAN JAURES";"44,9005900";" -0,5167800"
"201900049759";"10";"10";"2019";"21:00";"5";"29";"29019";"2";"2";"1";"3";"CLEMENCEAU GEORGES (DE 2 A 14 ET 15 A 35";"48,3906495";" -4,4869456"
"201900049760";"29";"10";"2019";"23:00";"5";"27";"27681";"2";"2";"2";"2";"YVELIN (RUE)";"49,0860780";"1,4817340"
"201900049761";"29";"10";"2019";"12:50";"1";"17";"17291";"2";"1";"1";"2";"JUIN 18  RUE";"46,1759500";" -1,1116450"
"201900049762";"28";"10";"2019";"11:28";"1";"12";"12145";"2";"1";"1";"6";"LADOUX";"44,1101300";"3,0687600"
"201900049763";"28";"10";"2019";"18:10";"5";"10";"10081";"2";"1";"1";"3";"DOUANE (RUE)";"48,3218000";"4,0374100"
"201900049764";"25";"10";"2019";"20:47";"5";"10";"10387";"2";"1";"1";"3";"JEAN BERTHELIN (RUE)";"48,2756300";"4,0754000"
"201900049765";"28";"10";"2019";"11:31";"1";"3";"03023";"2";"1";"2";"6";"pont de Bellerive";"46,1181469";"3,4156648"
"201900049766";"28";"10";"2019";"08:50";"1";"75";"75113";"2";"1";"1";"2";"BD PERIPHEDIQUE INTERIEUR";"48,8189119";"2,3708716"
"201900049767";"29";"10";"2019";"17:40";"5";"75";"75120";"2";"1";"2";"4";"BD PERIPHERIQUE INTERIEUR";"48,8500990";"2,4151060"
"201900049768";"28";"10";"2019";"13:05";"1";"75";"75112";"2";"2";"1";"6";"QUAI DE BERCY";"48,8335084";"2,3821001"
"201900049769";"28";"10";"2019";"11:05";"1";"75";"75106";"2";"2";"1";"2";"BOULEVARD SAINT GERMAIN";"48,8529020";"2,3369913"
"201900049770";"29";"10";"2019";"09:40";"1";"75";"75120";"2";"2";"2";"7";"RUE DES PYRENEES";"48,8655012";"2,3980166"
"201900049771";"29";"10";"2019";"14:15";"1";"75";"75119";"2";"1";"1";"2";"AVENUE SIMON BOLIVAR";"48,8763840";"2,3787390"
"201900049772";"28";"10";"2019";"20:10";"5";"75";"75120";"2";"5";"1";"6";"RUE DE BELLEVILLE";"48,8739368";"2,3853622"
"201900049773";"29";"10";"2019";"09:05";"1";"75";"75118";"2";"3";"2";"3";"RUE MARX DORMOY";"48,8868708";"2,3596372"
"201900049774";"28";"10";"2019";"16:35";"1";"75";"75117";"2";"2";"1";"2";"PLACE DE LA PORTE DE CHAMPERRET";"48,8856722";"2,2914702"
"201900049775";"28";"10";"2019";"07:50";"2";"75";"75115";"2";"7";"1";"7";"PLACE DES INSURGES DE VARSOVIE";"48,8277609";"2,2926850"
"201900049776";"29";"10";"2019";"13:36";"1";"75";"75114";"2";"1";"1";"3";"RUE DE L OUEST";"48,8373020";"2,3219590"
"201900049777";"29";"10";"2019";"17:00";"1";"75";"75112";"2";"3";"1";"3";"AVENUE DES MINIMES";"48,8406170";"2,4387020"
"201900049778";"29";"10";"2019";"13:40";"1";"75";"75112";"2";"2";"1";"3";"RUE PARROT";"48,8469295";"2,3738672"
"201900049779";"29";"10";"2019";"11:20";"1";"75";"75110";"2";"4";"8";"6";"RUE LA FAYETTE";"48,8773460";"2,3496205"
"201900049780";"29";"10";"2019";"11:33";"1";"75";"75109";"2";"2";"1";"3";"BOULEVARD DE CLICHY";"48,8819280";"2,3396510"
"201900049781";"28";"10";"2019";"23:00";"5";"75";"75109";"2";"2";"2";"3";"RUE SAINT LAZARE";"48,8755439";"2,3266686"
"201900049782";"29";"10";"2019";"08:00";"1";"75";"75108";"2";"7";"2";"3";"PLACE DE LA CONCORDE";"48,8640686";"2,3201196"
"201900049783";"28";"10";"2019";"21:20";"5";"75";"75108";"2";"2";"1";"6";"RUE PASQUIER";"48,8715057";"2,3231129"
"201900049784";"29";"10";"2019";"10:10";"1";"75";"75107";"2";"2";"8";"3";"QUAI D ORSAY";"48,8628264";"2,3134543"
"201900049785";"18";"10";"2019";"09:15";"1";"94";"94017";"2";"4";"2";"3";"GENERAL DE GAULLE (AV DU)";"48,8275200";"2,5099500"
"201900049786";"29";"10";"2019";"15:00";"1";"93";"93073";"2";"1";"1";"2";"CHAPIT RE ( RUE DU)";"49,0029480";"2,5368790"
"201900049787";"29";"10";"2019";"08:45";"1";"93";"93064";"2";"1";"2";"3";"PERI (BOULEVARD GABRIEL) 39 / 44 - FIN";"48,8781400";"2,4736700"
"201900049788";"29";"10";"2019";"14:15";"1";"93";"93051";"2";"1";"1";"6";"BALLON";"48,8331500";"2,5804700"
"201900049789";"29";"10";"2019";"08:20";"2";"93";"93048";"2";"9";"2";"3";"FRANCOIS MITTERAND (PLACE)";"48,8653000";"2,4435000"
"201900049790";"28";"10";"2019";"10:30";"1";"93";"93006";"2";"1";"1";"6";"GAMBETTA AV.";"48,8714900";"2,4183000"
"201900049791";"29";"10";"2019";"18:25";"1";"93";"93001";"2";"1";"1";"3";"LUCIEN LEFRANC (QUAI)";"48,9127576";"2,3728424"
"201900049792";"12";"1";"2019";"20:50";"5";"93";"93053";"2";"9";"2";"3";"ROGER SALENGRO (BLD)";"48,8835700";"2,4552200"
"201900049793";"29";"10";"2019";"10:30";"1";"92";"92062";"2";"2";"8";"7";"REPUBLIQUE (RUE DE LA) DU 102 AU 200";"48,8839500";"2,2349200"
"201900049794";"11";"1";"2019";"16:40";"1";"93";"93053";"2";"3";"2";"3";"VAILLANT COUTURIER (RUE)";"48,8907600";"2,4509700"
"201900049795";"29";"10";"2019";"08:30";"1";"92";"92040";"2";"1";"2";"6";"QUATRE SEPTEMBRE (DU)";"48,8288895";"2,2856210"
"201900049796";"11";"1";"2019";"20:30";"5";"93";"93033";"2";"2";"9";"3";"GEORGES CLEMENCEAU (AVENUE)";"48,8612300";"2,5743500"