"Num_Acc";"jour";"mois";"an";"hrmn";"lum";"dep";"com";"agg";"int";"atm";"col";"adr";"lat";"long"
"201900049797";"27";"10";"2019";"06:20";"3";"51";"51349";"1";"1";"1";"7";"2 RUE D'HANCOURT";"48,5654778";"4,5313737"
"201900049798";"9";"1";"2019";"13:30";"1";"93";"93051";"2";"3";"1";"3";"MALNOUE (NR 1 A 93)";"48,8477600";"2,5599000"
"201900049799";"11";"1";"2019";"19:27";"5";"93";"93049";"2";"3";"1";"3";"MARECHAL FOCH (AVENUE) F.BUISSON->PL J.M";"48,8598100";"2,5159700"
"201900049800";"29";"10";"2019";"10:55";"1";"1";"01297";"1";"1";"1";"1";"départementale 22";"45,8793100";"5,0879220"
"201900049801";"10";"1";"2019";"10:05";"1";"93";"93050";"2";"3";"1";"6";"LIBERATION (RUE)";"48,8635000";"2,5263000"
"201900049802";"25";"10";"2019";"15:35";"1";"86";"86224";"2";"1";"1";"3";"Rue de Pontoise";"46,9007110";"0,4087210"
"201900049803";"8";"1";"2019";"12:15";"1";"93";"93046";"2";"1";"1";"3";"JEAN MOULIN BOULEVARD";"48,9133100";"2,5149100"
"201900049804";"29";"10";"2019";"22:15";"3";"974";"97401";"1";"1";"1";"6";"Route des Poivriers";" -21,2310730";"55,3406550"
"201900049805";"30";"10";"2019";"08:12";"1";"25";"25020";"1";"9";"2";"6";"A36";"47,4853420";"6,8079360"
"201900049806";"11";"1";"2019";"16:10";"1";"93";"93031";"2";"3";"8";"3";"JOFFRE (AVENUE)";"48,9584900";"2,3010400"
"201900049807";"30";"10";"2019";"16:00";"1";"59";"59478";"2";"1";"1";"3";"125 Faubourg de Cassel";"50,9594650";"2,4336500"
"201900049808";"8";"1";"2019";"14:45";"1";"93";"93029";"2";"1";"1";"6";"SADI CARNOT";"48,9248200";"2,4420200"
"201900049809";"12";"1";"2019";"12:45";"5";"93";"93013";"2";"9";"2";"2";"GALLIENI (AV.) DE 1 A 109";"48,9391999";"2,4298885"
"201900049810";"29";"10";"2019";"14:10";"1";"12";"12225";"1";"1";"1";"3";"A75 pk 223+500";"44,0601710";"3,0295730"
"201900049811";"29";"10";"2019";"14:20";"1";"87";"87202";"1";"1";"1";"3";"Route de la Madeleine";"45,8927680";"1,1116120"
"201900049812";"10";"1";"2019";"07:50";"5";"93";"93010";"2";"4";"1";"3";"PASTEUR (AV.)";"48,9068000";"2,4886000"
"201900049813";"9";"1";"2019";"15:50";"1";"93";"93010";"2";"1";"2";"6";"PONT (CHEM. DU)";"48,9078000";"2,4893000"
"201900049814";"29";"10";"2019";"15:30";"1";"56";"56158";"2";"2";"3";"3";"Rue Andre Ampere";"47,6833370";" -2,8008980"
"201900049815";"11";"1";"2019";"11:30";"1";"93";"93008";"2";"2";"2";"3";"SEMARD (AVENUE PIERRE)";"48,9067400";"2,4455200"
"201900049816";"9";"1";"2019";"13:50";"1";"93";"93007";"2";"2";"2";"3";"GILBERT DRU (RUE)";"48,9472900";"2,4391700"
"201900049817";"30";"10";"2019";"11:40";"1";"74";"74134";"2";"3";"1";"3";"71 Rue des Marais";"46,1566490";"6,6647700"
"201900049818";"29";"10";"2019";"16:55";"2";"67";"67191";"2";"1";"1";"7";"55 Rue de Keskastel";"49,0092100";"7,0766940"
"201900049819";"10";"1";"2019";"14:30";"1";"93";"93005";"2";"1";"1";"6";"JACQUES DUCLOS [CD44] (RUE)";"48,9478520";"2,4912260"
"201900049820";"11";"1";"2019";"13:07";"1";"92";"92073";"2";"1";"2";"6";"SELLIER (BOULEVARD HENRI)";"48,8675531";"2,2265339"
"201900049821";"29";"10";"2019";"18:15";"3";"79";"79014";"1";"2";"2";"3";"Loretz-d'Argenton";"47,0629300";" -0,2420400"
"201900049822";"30";"10";"2019";"13:35";"1";"31";"31351";"1";"1";"1";"1";"N224";"43,6708160";"1,2980640"
"201900049823";"8";"1";"2019";"18:40";"5";"92";"92073";"2";"3";"1";"5";"LATTRE DE TASSIGNY (BOULEVARD DU MARECHA";"48,8656900";"2,2150700"
"201900049824";"29";"10";"2019";"18:50";"3";"82";"82189";"1";"3";"1";"6";"D34";"44,1989710";"1,2796100"
"201900049825";"11";"1";"2019";"05:55";"5";"92";"92063";"2";"3";"1";"3";"DIX-HUIT JUIN 1940 (AVENUE DU) EST";"48,8660000";"2,2023300"
"201900049826";"29";"10";"2019";"20:48";"5";"65";"65373";"2";"1";"1";"7";"D632";"43,3055310";"0,4699410"
"201900049827";"10";"1";"2019";"07:45";"5";"92";"92063";"2";"1";"1";"3";"RICHELIEU (BOULEVARD)";"48,8718900";"2,1832700"
"201900049828";"29";"10";"2019";"08:05";"1";"69";"69293";"1";"6";"1";"3";"Chemin de la Vallée";"45,8315000";"4,8678350"
"201900049829";"30";"10";"2019";"10:30";"1";"61";"61050";"1";"1";"2";"6";"Lieu Dit Perrin";"48,4533930";"0,6863400"
"201900049830";"29";"10";"2019";"19:10";"5";"68";"68155";"2";"9";"2";"6";"Route de Turckheim";"48,0923920";"7,3009490"
"201900049831";"10";"1";"2019";"11:40";"1";"92";"92051";"2";"1";"1";"2";"CHARLES DE GAULLE (AVENUE, N° 18 A 116)";"48,8806990";"2,2741440"
"201900049832";"29";"10";"2019";"13:45";"1";"22";"22135";"2";"1";"2";"7";"Le Manaty";"48,5762700";" -3,3308290"
"201900049833";"11";"1";"2019";"09:05";"1";"92";"92048";"2";"1";"2";"6";"GENERAL DE GAULLE (AVENUE DU)";"48,7880700";"2,2288700"
"201900049834";"28";"10";"2019";"18:50";"4";"44";"44010";"2";"3";"8";"6";"Rue Léon Bureau";"47,2768100";" -2,4771060"
"201900049835";"11";"1";"2019";"13:15";"1";"92";"92044";"2";"2";"1";"6";"RIVAY(RUE)1A23 ET 2A20";"48,8924527";"2,2911137"
"201900049836";"30";"10";"2019";"18:30";"3";"72";"72346";"1";"1";"1";"2";"D23";"47,8785400";"0,0245260"
"201900049837";"27";"10";"2019";"11:55";"1";"64";"64256";"1";"1";"1";"5";"D10";"43,3670123";" -1,3592491"
"201900049838";"11";"1";"2019";"09:45";"1";"92";"92035";"2";"9";"2";"3";"République ( boulevard de la )";"48,9072179";"2,2418792"
"201900049839";"11";"1";"2019";"00:45";"5";"92";"92026";"2";"1";"1";"6";"COLOMBES";"48,8978800";"2,2566800"
"201900049840";"29";"10";"2019";"14:45";"1";"64";"64160";"2";"2";"1";"6";"Avenue de Navarre";"43,3543485";" -1,3988061"
"201900049841";"29";"10";"2019";"17:15";"1";"16";"16307";"1";"1";"1";"2";"Lieu Dit Le Breuil";"45,8543200";"0,2612850"
"201900049842";"29";"10";"2019";"14:55";"1";"7";"07007";"1";"1";"1";"6";"D533";"44,9437040";"4,7026970"
"201900049843";"9";"1";"2019";"18:58";"5";"92";"92024";"2";"1";"1";"2";"VICTOR HUGO (BD)";"48,8975730";"2,3106367"
"201900049844";"25";"10";"2019";"17:55";"2";"85";"85067";"1";"1";"1";"1";"Les Girardieres";"46,6576700";" -0,7747500"
"201900049845";"9";"1";"2019";"15:45";"1";"92";"92023";"2";"2";"2";"3";"VILLACOUBLAY (AVENUE DE)";"48,7829020";"2,2293070"
"201900049846";"29";"10";"2019";"07:45";"2";"27";"27207";"1";"9";"3";"6";"Rue du Lavoir";"49,1358740";"0,4776760"
"201900049847";"5";"1";"2019";"22:00";"5";"92";"92023";"2";"1";"1";"2";"HENRI BARBUSSE (AVENUE)";"48,8161600";"2,2534700"
"201900049848";"30";"10";"2019";"17:31";"3";"80";"80157";"1";"1";"1";"2";"Courcelles-sous-Moyencourt";"49,8113310";"2,0155670"
"201900049849";"28";"10";"2019";"11:15";"1";"35";"35352";"2";"3";"3";"2";"8 Rue de Châteaubriant";"48,0453090";" -1,6016740"
"201900049850";"9";"1";"2019";"15:00";"1";"92";"92012";"2";"1";"1";"4";"EDOUARD VAILLANT (AVENUE) - DEBUT/55 - C";"48,8354054";"2,2490310"
"201900049851";"29";"10";"2019";"16:16";"1";"13";"13001";"1";"1";"1";"3";"30 Avenue Henri Malacrida";"43,5129480";"5,4691450"
"201900049852";"9";"1";"2019";"18:30";"2";"92";"92004";"2";"1";"1";"2";"DOCTEUR DERVAUX  ( QUAI DU )";"48,9065649";"2,2905838"
"201900049853";"29";"10";"2019";"09:50";"1";"988";"98803";"2";"1";"1";"1";"Bourail";" -21,5527610";"165,4802110"
"201900049854";"8";"1";"2019";"13:20";"1";"37";"37276";"1";"1";"1";"2";"RD 910";"47,5787010";"0,8968027"
"201900049855";"29";"10";"2019";"20:40";"3";"973";"97312";"1";"1";"1";"2";"RN.1 PK. 112";"5,3575030";" -52,9440580"
"201900049856";"3";"1";"2019";"17:40";"3";"51";"51649";"2";"1";"8";"1";"ROUTE DE VITRY EN PERTHOIS";"48,7302527";"4,5983931"
"201900049857";"29";"10";"2019";"19:20";"5";"33";"33199";"2";"2";"1";"6";"AVENUE DU MARECHAL DE LATTRE DE TASSIGNY";"44,6366000";" -1,0964400"
"201900049858";"3";"1";"2019";"04:20";"3";"38";"38448";"1";"1";"1";"7";"D37 - Route de Glay";"45,4410000";"4,7970000"
"201900049859";"10";"10";"2019";"18:15";"2";"13";"13003";"1";"2";"1";"3";"D17d";"43,7090160";"5,1155970"
"201900049860";"15";"10";"2019";"19:25";"3";"68";"68021";"1";"1";"3";"1";"2 Rue de Bartenheim";"47,6391280";"7,5151450"
"201900049861";"11";"1";"2019";"08:24";"1";"3";"03063";"1";"1";"1";"1";"N/A";"46,4234386";"3,9769152"
"201900049862";"30";"10";"2019";"14:10";"1";"57";"57507";"1";"2";"1";"3";"D25";"49,1580410";"6,5590470"
"201900049863";"8";"1";"2019";"07:10";"2";"6";"06019";"1";"1";"1";"6";"D2204";"43,7798650";"7,3379450"
"201900049864";"9";"1";"2019";"16:30";"1";"95";"95313";"2";"1";"1";"6";"RUE DE PONTOISE";"49,1107190";"2,2243470"
"201900049865";"30";"10";"2019";"13:24";"1";"42";"42059";"1";"1";"1";"1";"D12.2";"45,6473190";"4,3650180"
"201900049866";"11";"1";"2019";"02:23";"3";"86";"86294";"1";"1";"1";"7";"RN149";"46,6447810";"0,1838100"
"201900049867";"12";"1";"2019";"08:00";"2";"49";"49163";"1";"1";"5";"3";"CD 766";"47,5604340";" -0,2352110"
"201900049868";"1";"9";"2019";"02:15";"5";"33";"33324";"2";"2";"1";"3";"carrefour D936 E6 / D130";"44,8395200";"0,2107600"
"201900049869";"10";"1";"2019";"10:41";"1";"6";"06161";"2";"1";"1";"6";"1 Avenue du loup";"43,6429260";"7,1435270"
"201900049870";"9";"1";"2019";"09:45";"1";"74";"74238";"2";"1";"4";"1";"Route de la Moussiere d'En Haut";"46,2262400";"6,6401740"
"201900049871";"29";"10";"2019";"15:00";"1";"33";"33256";"1";"1";"1";"3";"D2";"44,9658400";" -0,6264300"
"201900049872";"11";"1";"2019";"14:00";"1";"57";"57177";"2";"1";"4";"7";"17 Avenue de la division polonaise de grenadiers";"48,8138520";"6,7210490"
"201900049873";"30";"10";"2019";"00:50";"3";"59";"59177";"2";"1";"1";"7";"Rue de la Brasserie";"50,1429890";"3,8650080"
"201900049874";"12";"1";"2019";"13:50";"1";"28";"28141";"1";"1";"1";"6";"autoroute A11 - PK 076+200 - sens Paris vers Province";"48,3222770";"1,3586390"
"201900049875";"10";"1";"2019";"17:10";"1";"972";"97227";"1";"1";"1";"1";"D7 - Fond Banane";"14,4665230";" -60,9445090"
"201900049876";"29";"10";"2019";"19:05";"2";"13";"13215";"1";"4";"1";"2";"A7-Sens Lyon vers Marseille";"43,3788000";"5,3556900"
"201900049877";"29";"10";"2019";"09:45";"1";"13";"13202";"1";"1";"1";"2";"A55-Sens Martigues vers Marseille";"43,3093020";"5,3665960"
"201900049878";"11";"1";"2019";"18:40";"3";"23";"23092";"1";"1";"2";"4";"RD 940";"46,2414382";"1,9027041"
"201900049879";"25";"10";"2019";"19:20";"4";"69";"69029";"1";"1";"1";"4";"A43   0.550 A 3.353";"45,7267200";"4,9146900"
"201900049880";"24";"10";"2019";"09:05";"1";"69";"69034";"1";"1";"1";"2";"BPNL   37.781 A 41.124";"45,7919000";"4,8372800"
"201900049881";"10";"1";"2019";"13:50";"1";"63";"63257";"1";"1";"1";"1";"RD 553";"45,7387170";"2,8667310"
"201900049882";"27";"10";"2019";"01:40";"3";"67";"67152";"1";"1";"1";"7";"Autoroute A.35";"48,5261600";"7,6727300"
"201900049883";"29";"10";"2019";"05:46";"5";"33";"33167";"1";"1";"1";"2";"ROUTE NATIONALE 230";"44,8280600";" -0,5051700"
"201900049884";"26";"10";"2019";"05:20";"3";"59";"59043";"1";"1";"1";"2";"AUTOROUTE A25";"50,7200000";"2,7200000"
"201900049885";"12";"1";"2019";"17:20";"1";"86";"86165";"1";"1";"1";"1";"avenue de chauvigny";"46,4292444";"0,8533213"
"201900049886";"29";"10";"2019";"18:10";"3";"94";"94076";"1";"1";"1";"3";"AUTOROUTE A6B";"48,7912000";"2,3446700"
"201900049887";"12";"1";"2019";"10:15";"1";"35";"35084";"1";"1";"8";"1";"lieu dit Le Coudray";"47,8933310";" -2,0939190"
"201900049888";"29";"10";"2019";"18:00";"3";"91";"91521";"1";"1";"1";"3";"AUTOROUTE A6";"48,6374400";"2,3981700"
"201900049889";"6";"1";"2019";"18:35";"3";"29";"29140";"1";"1";"1";"7";"RN 165 - PR:106+210";"48,3840104";" -4,3138758"
"201900049890";"29";"10";"2019";"16:30";"1";"91";"91521";"1";"1";"1";"3";"RN 104";"48,6361400";"2,4024900"
"201900049891";"29";"10";"2019";"12:45";"1";"91";"91161";"1";"1";"1";"4";"AUTOROUTE A6";"48,7012000";"2,3094000"
"201900049892";"12";"1";"2019";"18:45";"3";"41";"41114";"1";"1";"2";"5";"autoroute A10 - PK128";"47,7505380";"1,5420790"
"201900049893";"12";"1";"2019";"09:40";"1";"38";"38337";"1";"1";"7";"1";"RD 1085";"45,3463240";"5,4960820"
"201900049894";"13";"1";"2019";"03:30";"3";"42";"42085";"1";"1";"2";"7";"RD 120 lieu-dit "" les Ayats""";"45,4173140";"4,5890450"
"201900049895";"10";"1";"2019";"09:50";"1";"974";"97423";"2";"3";"1";"3";"RN1A - RD 09";" -21,1230930";"55,2639340"
"201900049896";"9";"1";"2019";"21:00";"3";"58";"58067";"1";"1";"1";"3";"A 77 PK 137+500 SENS PARIS/NEVERS";"47,1047220";"3,0715880"
"201900049897";"12";"1";"2019";"10:15";"1";"30";"30202";"2";"1";"1";"6";"Boulevard Allègre Chemin";"44,2542580";"4,6509090"
"201900049898";"12";"1";"2019";"03:30";"3";"62";"62741";"1";"1";"2";"7";"D26";"50,1731494";"2,5766574"
"201900049899";"11";"1";"2019";"07:24";"3";"62";"62672";"1";"1";"5";"7";"D919";"50,1051840";"2,6719570"
"201900049900";"12";"1";"2019";"11:00";"1";"66";"66141";"2";"1";"1";"7";"chemin de la gardiole";"42,7421520";"2,9348790"
"201900049901";"11";"1";"2019";"18:10";"5";"35";"35024";"2";"2";"1";"6";"3, rue du mont saint michel";"48,1808720";" -1,6358100"
"201900049902";"10";"1";"2019";"19:00";"3";"57";"57390";"1";"1";"1";"1";"D36";"49,0055850";"7,3532170"
"201900049903";"9";"1";"2019";"18:45";"4";"91";"91534";"1";"2";"8";"1";"D36";"48,7288610";"2,1754330"
"201900049904";"9";"1";"2019";"11:10";"1";"51";"51582";"1";"3";"2";"1";"RD 75";"49,2943873";"3,8868753"
"201900049905";"10";"1";"2019";"06:30";"3";"19";"19128";"1";"1";"1";"1";"Lieu dit LAJOTTE";"45,4479040";"2,4183720"
"201900049906";"12";"1";"2019";"05:55";"3";"19";"19274";"1";"6";"5";"6";"Rond point SAINT-ANTOINE LES PLANTADES";"45,1956211";"1,5417503"
"201900049907";"9";"1";"2019";"11:40";"1";"19";"19151";"1";"9";"8";"1";"RD920";"45,1059580";"1,5194050"
"201900049908";"11";"1";"2019";"20:40";"5";"56";"56165";"2";"6";"2";"3";"giratoire Lucie Aubrac";"47,9285660";" -2,3828510"
"201900049909";"12";"1";"2019";"21:00";"3";"56";"56031";"1";"1";"1";"2";"Penvern";"47,8049760";" -3,0103370"
"201900049910";"12";"1";"2019";"08:55";"1";"74";"74029";"1";"1";"1";"6";"route de Seyssel";"45,9781300";"5,8361100"
"201900049911";"11";"1";"2019";"11:37";"1";"67";"67281";"1";"3";"1";"3";"Intersection RD20 - RD 10";"48,1471260";"7,5786940"
"201900049912";"11";"1";"2019";"18:10";"5";"76";"76141";"2";"2";"1";"7";"ROUTE DÉPARTEMENTALE D910";"49,6274420";"0,3977410"
"201900049913";"8";"1";"2019";"19:30";"5";"79";"79292";"2";"1";"1";"6";"38 rue du stade";"46,9946580";" -0,2495600"
"201900049914";"11";"1";"2019";"14:50";"1";"79";"79162";"2";"1";"8";"6";"185 avenue du marais poitevin";"46,3132800";" -0,5369300"
"201900049915";"10";"1";"2019";"18:00";"5";"80";"80793";"2";"3";"2";"3";"436 rue d'amour";"50,0147650";"2,1929580"
"201900049916";"3";"1";"2019";"18:15";"3";"80";"80318";"2";"1";"1";"6";"29b, rue Roger Godart";"50,0149130";"2,0809530"
"201900049917";"12";"1";"2019";"16:00";"1";"80";"80450";"1";"1";"2";"6";"D211";"49,8837380";"1,7392850"
"201900049918";"13";"1";"2019";"11:40";"1";"82";"82184";"1";"1";"2";"2";"D66, lieu dit les taudis bas";"44,0075350";"1,5212240"
"201900049919";"11";"1";"2019";"17:50";"3";"82";"82134";"1";"1";"1";"3";"RD 115";"44,0613320";"1,4906540"
"201900049920";"10";"1";"2019";"10:58";"1";"82";"82062";"2";"1";"1";"1";"RD 813";"43,9169170";"1,2248870"
"201900049921";"8";"1";"2019";"08:00";"1";"82";"82171";"1";"2";"1";"2";"route départementale 14";"44,0261940";"1,2023830"
"201900049922";"12";"1";"2019";"10:15";"1";"33";"33394";"1";"1";"1";"6";"rd670";"44,8845700";" -0,1781000"
"201900049923";"12";"1";"2019";"06:31";"3";"81";"81288";"1";"1";"2";"6";"ROUTE DE REVEL";"43,4514125";"2,0458367"
"201900049924";"7";"1";"2019";"13:30";"1";"32";"32083";"2";"1";"1";"6";"60 avenue des Thermes";"43,8054550";"0,4287180"
"201900049925";"10";"1";"2019";"08:00";"2";"11";"11206";"2";"1";"8";"6";"Route de Carcassonne";"43,0562810";"2,2134610"
"201900049926";"11";"1";"2019";"08:30";"1";"71";"71310";"2";"2";"9";"6";"02 rue Jean Jaures";"46,7492530";"4,4687760"
"201900049927";"10";"1";"2019";"05:30";"3";"71";"71412";"1";"1";"4";"7";"RN70 PR 43+300";"46,7283400";"4,4611610"
"201900049928";"9";"1";"2019";"11:45";"1";"71";"71267";"2";"9";"2";"6";"RD82";"46,4777530";"4,8040030"
"201900049929";"12";"1";"2019";"10:00";"1";"89";"89419";"2";"3";"1";"6";"Place des Frères GENET";"47,7336902";"3,2944327"
"201900049930";"13";"1";"2019";"04:20";"3";"89";"89256";"1";"1";"2";"1";"N151 PR 19+620";"47,6716550";"3,5192240"
"201900049931";"10";"1";"2019";"10:40";"1";"63";"63291";"2";"1";"2";"6";"8 place jean jaurés";"45,9603220";"3,4741910"
"201900049932";"7";"1";"2019";"18:45";"3";"49";"49045";"1";"1";"8";"2";"LIEU DIT LA ROCAILLE";"47,3605330";"0,0282450"
"201900049933";"2";"1";"2019";"09:45";"1";"49";"49307";"1";"3";"1";"1";"Intersection Rue Cendreuse - Levée de la Loire";"47,4203060";" -0,3859910"
"201900049934";"9";"1";"2019";"08:20";"1";"12";"12270";"1";"1";"1";"6";"RD 64 - Lieu-dit ""Ginals"" - BUZEINS";"44,3870210";"2,9576380"
"201900049935";"12";"1";"2019";"18:50";"3";"42";"42052";"1";"1";"1";"5";"D487";"46,1712790";"4,1919190"
"201900049936";"9";"1";"2019";"17:30";"2";"46";"46092";"1";"1";"1";"6";"route départementale 911";"44,4127410";"1,5814490"
"201900049937";"9";"1";"2019";"13:45";"1";"47";"47297";"1";"1";"1";"7";"d 113";"44,3267920";"0,6263300"
"201900049938";"8";"1";"2019";"17:25";"2";"47";"47220";"2";"2";"2";"3";"lieu dit Beroy";"44,3520131";"0,2446190"
"201900049939";"9";"1";"2019";"06:30";"3";"41";"41095";"2";"2";"1";"3";"62 rue de la gare";"47,8938510";"1,2168410"
"201900049940";"12";"1";"2019";"08:50";"1";"68";"68245";"2";"1";"1";"1";"50 rue Principale";"47,6449710";"7,3124530"
"201900049941";"8";"1";"2019";"20:30";"5";"68";"68284";"2";"1";"2";"6";"1 RUE PRINCIPALE";"47,5428890";"7,3279030"
"201900049942";"9";"1";"2019";"08:10";"3";"22";"22266";"1";"3";"1";"3";"N 164";"48,2443547";" -3,3446084"
"201900049943";"8";"1";"2019";"12:05";"1";"39";"39275";"1";"1";"4";"1";"N/A";"46,4248370";"6,0139520"
"201900049944";"11";"1";"2019";"10:30";"1";"39";"39449";"1";"3";"1";"3";"N/A";"47,1531760";"5,4871270"
"201900049945";"8";"1";"2019";"17:34";"5";"25";"25578";"2";"1";"2";"6";"5 GRANDE RUE";"47,1485280";"6,3338670"
"201900049946";"1";"1";"2019";"20:20";"3";"44";"44129";"1";"1";"1";"1";"Lieu dit Brignand";"47,4227330";" -2,0902760"
"201900049947";"11";"1";"2019";"06:00";"3";"44";"44169";"1";"1";"1";"6";"RD115 - lieu dit ""Le Breuillet""";"47,2340592";" -1,3944407"
"201900049948";"4";"1";"2019";"08:45";"1";"44";"44124";"1";"1";"5";"7";"lieu-dit bel air - RD 163";"47,5932000";" -1,1351100"
"201900049949";"9";"1";"2019";"14:00";"1";"35";"35006";"1";"1";"1";"2";"RD 178";"48,0222870";" -1,1954310"
"201900049950";"6";"1";"2019";"03:55";"3";"34";"34192";"1";"1";"1";"6";"CD 986";"43,5345480";"3,9062100"
"201900049951";"11";"1";"2019";"10:30";"1";"29";"29110";"2";"4";"1";"3";"Bellevue";"48,0630730";" -3,9124460"
"201900049952";"9";"1";"2019";"07:55";"3";"29";"29175";"1";"1";"1";"6";"KERHOADEN";"48,3049010";" -3,8364190"
"201900049953";"12";"1";"2019";"13:15";"1";"29";"29205";"1";"2";"2";"3";"Coat Guern";"48,3001990";" -3,5881570"
"201900049954";"11";"1";"2019";"19:46";"3";"29";"29235";"1";"1";"2";"7";"D67";"48,4141836";" -4,3876753"
"201900049955";"12";"1";"2019";"05:25";"3";"29";"29174";"1";"1";"1";"7";"quélordan";"47,8750058";" -4,2530639"
"201900049956";"10";"1";"2019";"07:50";"1";"38";"38314";"2";"1";"1";"6";"avenue de la Gare";"45,4335050";"6,0136140"
"201900049957";"9";"1";"2019";"14:30";"1";"84";"84089";"1";"2";"6";"3";"VC du VIDALET";"43,6897470";"5,4824970"
"201900049958";"11";"1";"2019";"10:15";"1";"3";"03175";"2";"1";"1";"6";"Chantelle la Vieille";"46,2388248";"3,1135267"
"201900049959";"10";"1";"2019";"01:45";"3";"3";"03033";"1";"1";"9";"7";"N/A";"46,1950854";"3,4935614"
"201900049960";"13";"1";"2019";"00:55";"3";"3";"03269";"1";"1";"8";"7";"Le Galetas";"46,4238358";"2,7840160"
"201900049961";"12";"1";"2019";"02:20";"5";"3";"03195";"2";"1";"5";"6";"15 rue du commandant Goëtschy";"46,2869035";"2,6631987"
"201900049962";"9";"1";"2019";"05:35";"3";"70";"70383";"1";"1";"2";"1";"n 57 pk 73 +100";"47,3990870";"6,0658540"
"201900049963";"11";"1";"2019";"18:00";"5";"58";"58088";"2";"1";"2";"6";"boulevard de Beauregard";"47,0104780";"3,1769450"
"201900049964";"9";"1";"2019";"14:15";"1";"54";"54008";"1";"3";"1";"3";"intersection RD 674 / RD 12D";"48,5519320";"5,8960200"
"201900049965";"11";"1";"2019";"18:10";"5";"54";"54076";"2";"1";"2";"7";"Avenue Pierre Semard";"48,5562820";"6,3961460"
"201900049966";"10";"1";"2019";"14:00";"1";"72";"72297";"1";"1";"1";"1";"CD 293";"48,1836780";"0,1300100"
"201900049967";"11";"1";"2019";"17:22";"2";"6";"06150";"1";"1";"1";"7";"Route de Cap d'Ail";"43,7450900";"7,4000400"
"201900049968";"8";"1";"2019";"15:05";"1";"6";"06032";"2";"1";"1";"3";"44 avenue prince Rainier III";"43,7310950";"7,4098460"
"201900049969";"10";"1";"2019";"12:45";"1";"6";"06090";"2";"9";"1";"3";"320 avenue de cannes";"43,5908850";"6,9335430"
"201900049970";"8";"1";"2019";"12:10";"1";"14";"14174";"1";"1";"1";"2";"Lieu-dit les Folies - Condé-sur-Noireau";"48,8520260";" -0,5263520"
"201900049971";"10";"1";"2019";"17:15";"1";"14";"14692";"1";"1";"1";"6";"route d'audrieu";"49,1879260";" -0,6046970"
"201900049972";"12";"1";"2019";"16:55";"1";"5";"05040";"1";"1";"1";"3";"PK 089.930, RN94";"44,5330700";"6,3068100"
"201900049973";"10";"1";"2019";"19:10";"5";"50";"50272";"1";"3";"2";"1";"rue des verrouis";"48,9454710";" -1,5399350"
"201900049974";"7";"1";"2019";"19:45";"3";"50";"50413";"1";"1";"1";"1";"N175";"48,6018700";" -1,3952780"
"201900049975";"9";"1";"2019";"19:00";"3";"83";"83083";"1";"1";"1";"1";"ROUTE DÉPARTEMENTALE 22";"43,4770060";"6,1368330"
"201900049976";"12";"1";"2019";"21:55";"3";"64";"64482";"1";"1";"1";"6";"route de la hagède";"43,3645790";" -0,2653400"
"201900049977";"8";"1";"2019";"18:15";"3";"7";"07330";"1";"1";"1";"5";"D 579";"44,4248120";"4,3550680"
"201900049978";"12";"1";"2019";"13:50";"1";"40";"40312";"2";"1";"1";"7";"Parking Méga CGR";"43,5283740";" -1,4423320"
"201900049979";"13";"1";"2019";"03:35";"3";"40";"40118";"2";"1";"8";"6";"Boulevard des Sports";"43,5729780";" -0,9296800"
"201900049980";"10";"1";"2019";"23:00";"3";"4";"04160";"1";"1";"1";"7";"RD 14";"43,9105539";"5,6559322"
"201900049981";"12";"1";"2019";"14:40";"1";"4";"04166";"2";"3";"1";"3";"Av de Verdun / RD 953";"43,8185980";"6,0905560"
"201900049982";"12";"1";"2019";"17:25";"2";"4";"04046";"1";"3";"1";"3";"RD 12 / RD 17";"44,0377340";"6,1459760"
"201900049983";"8";"1";"2019";"21:35";"5";"27";"27198";"2";"2";"1";"3";"RUE DE BRETEUIL - DAMVILLE";"48,8696700";"1,0714400"
"201900049984";"8";"1";"2019";"16:41";"1";"28";"28319";"1";"1";"1";"1";"départementale RD2020";"48,2852239";"1,9798205"
"201900049985";"10";"1";"2019";"07:40";"2";"28";"28194";"1";"1";"9";"1";"D24";"48,4372270";"1,6572850"
"201900049986";"12";"1";"2019";"07:41";"3";"17";"17288";"1";"3";"5";"4";"intersection Rue du moulin - RD 950";"45,9488010";" -0,4629540"
"201900049987";"10";"1";"2019";"07:30";"3";"23";"23241";"1";"1";"1";"6";"N/A";"45,9739857";"2,3051197"
"201900049988";"11";"1";"2019";"04:25";"3";"37";"37257";"1";"1";"1";"6";"Rue de la Vallée du Lys";"47,2320300";"0,5831430"
"201900049989";"12";"1";"2019";"11:15";"1";"52";"52550";"1";"1";"2";"1";"d2";"48,5169715";"4,9354993"
"201900049990";"11";"1";"2019";"13:50";"1";"52";"52194";"2";"1";"2";"6";"D335 - Sens EURVILLE-BIENVILLE - PREZ-SUR-MARNE";"48,5826720";"5,0389940"