"Num_Acc";"jour";"mois";"an";"hrmn";"lum";"dep";"com";"agg";"int";"atm";"col";"adr";"lat";"long"
"201900049991";"11";"1";"2019";"06:40";"5";"8";"08242";"2";"1";"2";"6";"parking de la gare";"49,9114190";"4,6924800"
"201900049992";"12";"1";"2019";"17:00";"2";"68";"68234";"1";"1";"8";"6";"Autoroute 35";"47,9521210";"7,3659830"
"201900049993";"9";"1";"2019";"16:24";"1";"10";"10076";"1";"1";"4";"7";"Autoroute A5";"48,1292790";"4,6728780"
"201900049994";"12";"1";"2019";"22:27";"5";"71";"71177";"1";"6";"2";"1";"A39  PR 114+450 - aire du poulet de Bresse";"46,4955580";"5,3150140"
"201900049995";"9";"1";"2019";"04:25";"3";"30";"30347";"1";"1";"1";"1";"D135";"43,7378084";"4,2847381"
"201900049996";"9";"1";"2019";"16:05";"1";"77";"77480";"1";"1";"4";"4";"AUTOROUTE A5 PK 026.400";"48,4515100";"2,8974900"
"201900049997";"8";"1";"2019";"15:10";"1";"3";"03027";"1";"1";"2";"6";"N/A";"46,3487592";"2,8546925"
"201900049998";"13";"1";"2019";"15:30";"1";"988";"98805";"1";"1";"2";"6";"RT1 - lieu dit "" la pépinière """;" -22,1719500";"166,4629580"
"201900049999";"8";"1";"2019";"07:35";"2";"63";"63300";"1";"1";"1";"4";"A 71";"45,8991930";"3,1540290"
"201900050000";"13";"1";"2019";"17:30";"1";"13";"13051";"2";"3";"1";"3";"AVENUE MARECHAL LECLERC";"43,5943250";"5,1274820"
"201900050001";"12";"1";"2019";"00:50";"3";"1";"01373";"1";"1";"1";"6";"A404";"46,1356920";"5,5408380"
"201900050002";"8";"1";"2019";"17:40";"3";"13";"13048";"1";"1";"1";"6";"A51 - Pk 051.345";"43,6726750";"5,6469620"
"201900050003";"9";"1";"2019";"07:45";"2";"973";"97309";"2";"1";"3";"1";"BOULEVARD EUGÈNE BASSIÈRE (anciennement chemin Patient)";"4,9112222";" -52,2933789"
"201900050004";"10";"1";"2019";"06:35";"2";"6";"06085";"2";"1";"1";"6";"121 chemin des campelières";"43,5798500";"6,9995400"
"201900050005";"8";"1";"2019";"18:08";"3";"72";"72339";"1";"1";"1";"6";"A11, PK 188+300, sens PARIS/PROVINCE";"47,9587470";"0,0211230"
"201900050006";"10";"1";"2019";"19:27";"3";"49";"49176";"1";"1";"1";"5";"D770";"47,6190400";" -0,7424420"
"201900050007";"10";"1";"2019";"09:30";"1";"6";"06149";"1";"1";"1";"3";"Autoroute A8 PK 201 chaussée sud";"43,7414120";"7,3316420"
"201900050008";"12";"1";"2019";"09:15";"1";"36";"36005";"1";"1";"1";"4";"N/A";"46,7718940";"1,7904070"
"201900050009";"8";"1";"2019";"16:33";"1";"86";"86131";"1";"1";"1";"1";"RN 147";"46,4443020";"0,5793690"
"201900050010";"13";"1";"2019";"05:50";"3";"13";"13065";"1";"1";"1";"6";"d24";"43,6866980";"4,8659740"
"201900050011";"9";"1";"2019";"15:07";"1";"25";"25308";"1";"1";"4";"1";"RN 57";"46,8078360";"6,3616470"
"201900050012";"12";"1";"2019";"18:48";"3";"38";"38064";"1";"1";"1";"4";"A43";"45,5617420";"5,3782570"
"201900050013";"11";"1";"2019";"06:40";"3";"69";"69193";"1";"1";"1";"3";"ROUTE DEPARTEMENTAL 386";"45,5174000";"4,8601100"
"201900050014";"13";"1";"2019";"06:00";"2";"988";"98814";"2";"3";"8";"6";"Hors Réseau/RT2 ";" -20,9042900";"167,2544300"
"201900050015";"1";"1";"2019";"17:15";"1";"976";"97608";"2";"1";"1";"6";"rue ciné 2000";" -12,7896820";"45,2772850"
"201900050016";"13";"1";"2019";"04:16";"3";"974";"97415";"1";"1";"1";"1";"Voie cannière";" -21,0673870";"55,2299510"
"201900050017";"10";"1";"2019";"06:45";"2";"973";"97311";"1";"1";"1";"1";"route des chutes voltaire PK 6";"5,4546291";" -54,0411150"
"201900050018";"9";"1";"2019";"20:10";"3";"971";"97134";"1";"9";"2";"3";"morne a jules";"16,0731710";" -61,7635330"
"201900050019";"8";"1";"2019";"18:10";"5";"21";"21540";"2";"1";"8";"6";"cours de gray";"47,3320320";"5,0890270"
"201900050020";"9";"1";"2019";"18:15";"5";"37";"37003";"2";"3";"1";"3";"avenue des Montils";"47,4023153";"0,9857304"
"201900050021";"12";"1";"2019";"10:10";"1";"77";"77200";"2";"2";"2";"3";"D98 X VC-rue saint-martin";"48,2364950";"2,5520200"
"201900050022";"11";"1";"2019";"18:45";"5";"91";"91047";"2";"5";"1";"3";"Carrefour des Départementales 191 & 831";"48,4890100";"2,3540480"
"201900050023";"8";"1";"2019";"08:30";"2";"78";"78321";"2";"6";"1";"7";"Route de PARIS";"48,7981100";"1,9113710"
"201900050024";"9";"1";"2019";"15:20";"1";"2B";"2B298";"2";"1";"1";"7";"route du collège";"42,6821740";"9,3022180"
"201900050025";"11";"1";"2019";"08:45";"1";"83";"83107";"2";"1";"7";"6";"parking des messugues";"43,3692690";"6,7121900"
"201900050026";"13";"1";"2019";"04:45";"3";"83";"83146";"1";"1";"1";"1";"Route de Saint Julien";"43,6443580";"5,9319060"
"201900050027";"11";"1";"2019";"12:40";"1";"5";"05014";"1";"1";"1";"1";"D942";"44,2633610";"5,7417330"
"201900050028";"9";"1";"2019";"06:45";"2";"13";"13004";"1";"1";"1";"6";"D37";"43,5727300";"4,5499600"
"201900050029";"10";"1";"2019";"18:15";"5";"71";"71574";"2";"1";"8";"1";"980 route de la roche vineuse; Lieu dit Marigny";"46,3698900";"4,7297320"
"201900050030";"11";"1";"2019";"16:15";"2";"68";"68298";"2";"3";"1";"4";"Route départementale 459";"48,2557740";"7,2040730"
"201900050031";"4";"1";"2019";"20:00";"3";"88";"88173";"2";"3";"1";"1";"1 route de Mirecourt";"48,3621430";"6,2574670"
"201900050032";"11";"1";"2019";"16:50";"2";"54";"54459";"2";"3";"4";"7";"rue de Nancy";"48,5949720";"6,1692640"
"201900050033";"21";"9";"2019";"12:30";"1";"58";"58037";"1";"1";"1";"7";"D6";"47,2741280";"3,9827980"
"201900050034";"26";"9";"2019";"19:50";"2";"66";"66004";"1";"1";"1";"1";"Route Départementale 32";"42,5616900";"2,0749000"
"201900050035";"12";"9";"2019";"18:30";"1";"54";"54222";"2";"2";"1";"7";"rue Saint Pierre";"48,4950250";"6,5103200"
"201900050036";"26";"9";"2019";"18:10";"1";"14";"14057";"1";"1";"1";"7";"D227";"49,1369660";" -0,2036230"
"201900050037";"26";"9";"2019";"09:35";"1";"14";"14353";"1";"1";"2";"7";"D8";"49,0775600";" -0,5563930"
"201900050038";"22";"9";"2019";"15:55";"1";"14";"14370";"2";"1";"1";"6";"rd 5";"49,2425760";" -0,8725360"
"201900050039";"27";"9";"2019";"16:10";"1";"60";"60286";"2";"1";"1";"6";"Place Barbier, D901";"49,6642914";"1,9398897"
"201900050040";"25";"9";"2019";"09:45";"1";"60";"60703";"1";"1";"2";"7";"D981";"49,4048328";"2,0432852"
"201900050041";"26";"9";"2019";"16:50";"1";"73";"73298";"1";"2";"1";"6";"D 122";"45,6516807";"6,4362225"
"201900050042";"27";"9";"2019";"13:50";"1";"18";"18142";"1";"1";"3";"5";"D10";"46,7433080";"2,5072600"
"201900050043";"27";"9";"2019";"10:17";"1";"16";"16276";"1";"1";"1";"6";"route nationle 10";"45,4460000";" -0,1639000"
"201900050044";"27";"9";"2019";"18:30";"1";"7";"07198";"1";"1";"1";"5";"D 86";"44,7773170";"4,7619630"
"201900050045";"26";"9";"2019";"19:00";"2";"53";"53059";"1";"1";"3";"7";"D20 - Pk 51+650 Sens SOULGE SUR OUETTE VERS LA CHAPELLE RAINSOUIN";"48,0963890";" -0,5230960"
"201900050046";"27";"9";"2019";"16:30";"1";"40";"40284";"2";"1";"7";"3";"7 Rue du Bardot";"43,6582170";" -1,3054930"
"201900050047";"27";"9";"2019";"11:15";"1";"4";"04054";"1";"1";"1";"6";"RN 85";"44,0229820";"6,2106810"
"201900050048";"26";"9";"2019";"13:00";"1";"37";"37159";"1";"1";"1";"1";"RD 86 PK 1+150";"47,2769910";"0,6238810"
"201900050049";"23";"9";"2019";"10:40";"1";"37";"37050";"2";"2";"1";"4";"104 Avenue de la République";"47,3390953";"0,7280624"
"201900050050";"26";"9";"2019";"08:27";"1";"38";"38524";"1";"1";"1";"6";"A51 PK 003.200";"45,0875490";"5,6699470"
"201900050051";"27";"9";"2019";"14:30";"1";"73";"73237";"1";"1";"1";"2";"A 43 PK 137.100";"45,5082840";"6,3053061"
"201900050052";"28";"1";"2019";"06:00";"3";"1";"01357";"1";"1";"4";"3";"autoroute A40, PK 106+500, sens Macon / Genève";"46,1677810";"5,7522800"
"201900050053";"24";"9";"2019";"11:25";"1";"34";"34270";"1";"1";"1";"1";"Bretelle de sortie  n°32  - A709";"43,5691770";"3,8370920"
"201900050054";"26";"9";"2019";"17:00";"1";"973";"97312";"1";"1";"1";"1";"RN1 - PK 106";"5,3201420";" -52,9141940"
"201900050055";"26";"9";"2019";"16:10";"1";"29";"29297";"1";"1";"2";"1";"Rue de Quimperlé";"47,8803600";" -3,5378210"
"201900050056";"26";"9";"2019";"20:15";"3";"77";"77211";"1";"1";"2";"1";"RD 619";"48,5816500";"2,9611400"
"201900050057";"27";"9";"2019";"15:00";"1";"26";"26165";"1";"1";"1";"6";"A7 PK 085+904 sens Sud/Nord";"44,7992000";"4,8464000"
"201900050058";"26";"9";"2019";"23:00";"4";"74";"74243";"2";"3";"1";"2";"Avenue Louis Armand";"46,1424710";"6,0862830"
"201900050059";"27";"9";"2019";"15:15";"1";"7";"07345";"1";"1";"1";"6";"les perrets";"45,1026279";"4,8168113"
"201900050060";"27";"9";"2019";"09:10";"1";"69";"69009";"2";"9";"1";"1";"Route de Villefranche";"45,9427500";"4,7155870"
"201900050061";"27";"9";"2019";"17:15";"1";"17";"17452";"2";"3";"1";"3";"RD 14";"45,7617450";" -1,1417230"
"201900050062";"26";"9";"2019";"20:15";"5";"85";"85222";"2";"1";"3";"7";"Route de la Roche";"46,6935820";" -1,8997680"
"201900050063";"27";"9";"2019";"14:15";"1";"27";"27229";"1";"3";"1";"3";"Route de Conches";"49,0146040";"1,1074980"
"201900050064";"27";"9";"2019";"16:00";"1";"76";"76039";"2";"1";"1";"5";"Rue de l'assemblée";"49,3512840";"1,1278820"
"201900050065";"27";"9";"2019";"09:25";"1";"59";"59423";"1";"1";"1";"6";"Rue de Merville";"50,6682250";"2,6425420"
"201900050066";"26";"9";"2019";"17:20";"1";"13";"13215";"2";"1";"1";"3";"A7-Sens Marseille vers Lyon";"43,3605610";"5,3619380"
"201900050067";"20";"9";"2019";"18:23";"1";"13";"13202";"2";"1";"1";"6";"TVPCM-Sens Saint Victor vers Les Ports";"43,2928600";"5,3652300"
"201900050068";"26";"9";"2019";"00:45";"3";"13";"13056";"1";"1";"1";"2";"A55-Sens Marseille vers Martigues";"43,3979030";"5,0744762"
"201900050069";"25";"9";"2019";"17:50";"1";"13";"13071";"1";"1";"1";"2";"A7-Sens Lyon vers Marseille";"43,4034814";"5,3104741"
"201900050070";"25";"9";"2019";"16:20";"1";"13";"13215";"2";"1";"1";"2";"A7-Sens Lyon vers Marseille";"43,3617780";"5,3612700"
"201900050071";"25";"9";"2019";"08:18";"1";"13";"13210";"1";"1";"1";"3";"A50-Sens Aubagne vers Marseille";"43,2863000";"5,4314000"
"201900050072";"25";"9";"2019";"08:00";"1";"69";"69266";"1";"1";"1";"2";"RD383   3.750 A 7.640";"45,7505300";"4,9075000"
"201900050073";"24";"9";"2019";"19:30";"3";"67";"67471";"1";"1";"2";"4";"Autoroute A.4";"48,6381400";"7,7280100"
"201900050074";"13";"9";"2019";"10:05";"1";"67";"67482";"1";"1";"1";"2";"Autoroute A.35";"48,5800800";"7,7244300"
"201900050075";"26";"9";"2019";"20:25";"5";"33";"33550";"1";"1";"1";"6";"ROCADE A 630";"44,7852100";" -0,5418600"
"201900050076";"25";"9";"2019";"16:45";"1";"59";"59350";"2";"1";"2";"6";"AUTOROUTE A25";"50,6100000";"3,0300000"
"201900050077";"25";"9";"2019";"20:30";"3";"59";"59009";"1";"1";"2";"6";"ROUTE NATIONALE 227";"50,6100000";"3,1300000"
"201900050078";"26";"9";"2019";"09:10";"1";"91";"91589";"1";"1";"8";"7";"AUTOROUTE A6";"48,6774000";"2,3378000"
"201900050079";"26";"9";"2019";"06:00";"3";"91";"91340";"1";"1";"2";"7";"RN 104";"48,6080700";"2,4343800"
"201900050080";"25";"9";"2019";"18:20";"1";"91";"91661";"2";"1";"1";"3";"RD 188 PARIS / A 10 PARIS";"48,7051900";"2,2498810"
"201900050081";"25";"9";"2019";"07:05";"3";"92";"92002";"1";"1";"2";"4";"AUTOROUTE A10";"48,7301614";"2,3079008"
"201900050082";"25";"9";"2019";"12:25";"1";"95";"95582";"1";"1";"1";"6";"RD 170";"48,9646600";"2,2697400"
"201900050083";"25";"9";"2019";"05:50";"3";"95";"95394";"1";"1";"1";"7";"AUTOROUTE A115";"49,0508100";"2,1816800"
"201900050084";"24";"9";"2019";"19:45";"2";"93";"93027";"1";"1";"3";"7";"AUTOROUTE A86";"48,9283900";"2,4167000"
"201900050085";"24";"9";"2019";"16:46";"1";"93";"93066";"1";"1";"1";"2";"AUTOROUTE A1";"48,9078800";"2,3584700"
"201900050086";"26";"9";"2019";"18:50";"5";"94";"94073";"1";"1";"1";"3";"A86 EXT";"48,7703857";"2,3845352"
"201900050087";"26";"9";"2019";"09:30";"1";"77";"77258";"1";"1";"1";"2";"A4.Y";"48,8454000";"2,6366000"
"201900050088";"26";"9";"2019";"09:15";"1";"94";"94069";"1";"1";"1";"3";"A4";"48,8174000";"2,4233000"
"201900050089";"24";"9";"2019";"09:25";"1";"2B";"2B033";"2";"1";"1";"6";"SEBASTIANI  - AVENUE";"42,7023300";"9,4501000"
"201900050090";"13";"9";"2019";"22:20";"5";"73";"73065";"2";"1";"1";"6";"BIOLLAY (CHEMIN DU)";"45,5638200";"5,9084200"
"201900050091";"24";"9";"2019";"20:39";"3";"45";"45232";"1";"1";"1";"1";"D2271 - PK 1+700";"47,8417300";"1,8951300"
"201900050092";"24";"9";"2019";"13:15";"1";"45";"45234";"2";"1";"3";"1";"AV DE TREVISE";"47,8945700";"1,8971200"
"201900050093";"6";"9";"2019";"07:00";"2";"13";"13204";"2";"3";"1";"6";"FRANÇOISE DUPARC (BOULEVARD)";"43,3079370";"5,4018650"
"201900050094";"24";"9";"2019";"22:30";"5";"13";"13204";"2";"1";"1";"3";"FRANÇOISE DUPARC (BOULEVARD)";"43,3040410";"5,4009500"
"201900050095";"25";"9";"2019";"10:02";"1";"94";"94055";"2";"1";"2";"3";"OLIVIER D ORMESSON (AV)";"48,7822300";"2,5320500"
"201900050096";"24";"9";"2019";"17:02";"1";"94";"94019";"2";"2";"1";"3";"PONT (R DU)";"48,7922500";"2,5259900"
"201900050097";"13";"8";"2019";"16:30";"1";"93";"93048";"2";"4";"1";"6";"STALINGRAD (RUE DE)";"48,8576000";"2,4441000"
"201900050098";"25";"9";"2019";"09:00";"1";"13";"13211";"1";"1";"1";"3";"Sens Aubagne vers Marseille";"43,2940500";"5,4581000"
"201900050099";"25";"9";"2019";"22:50";"5";"974";"97416";"2";"6";"1";"3";"BANK (BOULEVARD)";" -21,3307100";"55,4749300"
"201900050100";"25";"9";"2019";"16:50";"1";"974";"97416";"2";"2";"1";"6";"HUBERT DE LISLE(BOULEVARD)";" -21,3435802";"55,4743092"
"201900050101";"19";"9";"2019";"07:00";"1";"974";"97407";"2";"1";"1";"3";"LISZT FRANTZ(RUELLE)";" -20,9599000";"55,3204000"
"201900050102";"25";"9";"2019";"21:20";"5";"69";"69387";"2";"5";"2";"7";"VIENNE (DE)                         (RO)";"45,7452200";"4,8489100"
"201900050103";"25";"9";"2019";"19:20";"2";"69";"69388";"2";"1";"2";"3";"FRERES LUMIERE (DES)                (AV)";"45,7448900";"4,8670500"
"201900050104";"25";"9";"2019";"15:30";"1";"69";"69259";"2";"1";"1";"6";"PIERRE COT                          (AV)";"45,7070000";"4,8980000"
"201900050105";"25";"9";"2019";"15:10";"1";"972";"97213";"2";"1";"1";"3";"ROUTE NATIONALE 1";"14,6173540";" -61,0174680"
"201900050106";"25";"9";"2019";"15:08";"1";"972";"97209";"2";"3";"1";"3";"ERNEST DEPROGE (RUE)";"14,6033600";" -61,0731700"
"201900050107";"25";"9";"2019";"18:45";"1";"69";"69389";"2";"1";"2";"6";"ANDREI SAKHAROV                     (AV)";"45,7872300";"4,7995900"
"201900050108";"25";"9";"2019";"10:00";"1";"69";"69382";"2";"7";"1";"6";"JEAN DE TOURNES                     (R )";"45,7607000";"4,8341000"
"201900050109";"25";"9";"2019";"08:05";"1";"2A";"2A004";"2";"3";"1";"3";"NICOLI JEAN COURS";"41,9323600";"8,7406400"
"201900050110";"19";"9";"2019";"09:10";"1";"91";"91228";"1";"9";"1";"3";"RN7";"48,6403000";"2,4290600"
"201900050111";"25";"9";"2019";"11:10";"1";"91";"91201";"2";"1";"2";"2";"RIS (RUE DE)";"48,6617900";"2,4171600"
"201900050112";"25";"9";"2019";"09:51";"1";"87";"87085";"2";"1";"2";"6";"ALLENDE (QUAI SALVADOR)";"45,8171100";"1,2523200"
"201900050113";"24";"9";"2019";"17:09";"1";"87";"87085";"2";"1";"1";"2";"TUILIERES (RUE DES)";"45,8524400";"1,2551200"
"201900050114";"24";"9";"2019";"13:05";"1";"87";"87085";"2";"1";"2";"6";"A20 - Diffuseur 33";"45,8389500";"1,2836100"
"201900050115";"24";"9";"2019";"08:40";"2";"85";"85194";"2";"3";"3";"3";"RUE BEL AIR ";"46,4981600";" -1,7728400"
"201900050116";"27";"10";"2019";"08:00";"1";"83";"83050";"2";"9";"1";"6";"DE GAULLE(AVENUE CHARLES)";"43,5449400";"6,4620300"
"201900050117";"24";"9";"2019";"13:45";"1";"80";"80021";"2";"3";"2";"6";"FEDERES (BOULEVARD DES)";"49,8956200";"2,2833110"
"201900050118";"24";"9";"2019";"10:00";"1";"80";"80379";"2";"1";"3";"6";"PHILEAS FOGG (AVENUE)";"49,8654000";"2,3789600"
"201900050119";"20";"9";"2019";"17:05";"1";"77";"77350";"2";"1";"1";"6";"ALBERT LE PETIT (RUE)";"48,7719124";"2,6753434"
"201900050120";"25";"9";"2019";"08:50";"1";"77";"77243";"1";"1";"2";"2";"D934-BRETELLE SORTIE";"48,8755500";"2,7205400"
"201900050121";"24";"9";"2019";"09:15";"1";"76";"76498";"1";"6";"2";"3";"ALLIES. AVENUE DES";"49,4211300";"1,0516200"
"201900050122";"24";"9";"2019";"19:55";"5";"74";"74010";"2";"6";"8";"3";"ROCADE (BOULEVARD DE LA)";"45,9063600";"6,1147800"
"201900050123";"15";"9";"2019";"04:03";"5";"74";"74010";"2";"1";"1";"6";"ALBIGNY (AVE)";"45,9035400";"6,1364800"
"201900050124";"24";"9";"2019";"22:05";"5";"72";"72181";"2";"2";"1";"3";"LOUIS BLANC (QUAI)";"48,0014400";"0,1979600"
"201900050125";"25";"9";"2019";"13:00";"1";"71";"71153";"2";"3";"2";"3";"PRESIDENT WILSON (RUE DU)";"46,7975000";"4,4333700"
"201900050126";"25";"9";"2019";"07:45";"1";"67";"67482";"2";"1";"1";"3";"ROME (RUE DE)";"48,5773620";"7,7665400"
"201900050127";"24";"9";"2019";"07:45";"2";"67";"67267";"2";"6";"1";"2";"LORRAINE (RUE DE)";"48,5635520";"7,6884530"
"201900050128";"24";"9";"2019";"18:30";"1";"66";"66136";"2";"1";"1";"2";"ALDUY (Paul)";"42,6803600";"2,9031900"
"201900050129";"25";"9";"2019";"21:22";"5";"64";"64445";"2";"1";"1";"7";"LAURIERS DES";"43,3013760";" -0,3430220"
"201900050130";"25";"9";"2019";"08:54";"1";"63";"63113";"2";"1";"1";"6";"VALLIERES (RUE DE)";"45,7669600";"3,0803100"
"201900050131";"25";"9";"2019";"09:01";"1";"60";"60057";"2";"1";"1";"6";"LAVERDURE DU PONT (RUE)";"49,4264135";"2,1034152"
"201900050132";"25";"9";"2019";"17:50";"1";"59";"59090";"2";"3";"2";"3";"PERI (RUE GABRIEL)";"50,7039500";"3,0982300"
"201900050133";"24";"9";"2019";"07:45";"1";"59";"59178";"2";"1";"8";"6";"BREBIERES (RUE DE)";"50,3634600";"3,0676500"
"201900050134";"25";"9";"2019";"14:30";"1";"59";"59122";"2";"2";"1";"3";"LISBONNE (RUE DE)";"50,1621100";"3,2610800"
"201900050135";"23";"9";"2019";"14:25";"1";"57";"57672";"2";"1";"1";"2";"ESCH SUR ALZETTE (ROUTE D') - IMPAIR";"49,3569000";"6,1413300"
"201900050136";"24";"9";"2019";"09:50";"1";"56";"56083";"2";"1";"1";"2";"LIBERATION ( AV. DE LA )";"47,8043100";" -3,2726600"
"201900050137";"23";"9";"2019";"19:10";"1";"56";"56121";"1";"1";"2";"6";"RN 165 Kerdual";"47,7709200";" -3,3782700"
"201900050138";"20";"9";"2019";"10:40";"1";"56";"56098";"1";"1";"1";"4";"RN 165 PR 94+295";"47,7870000";" -3,3310200"
"201900050139";"22";"9";"2019";"08:50";"1";"56";"56162";"2";"1";"1";"6";"DUQUESNE (RUE)";"47,7047300";" -3,3919800"
"201900050140";"25";"9";"2019";"14:55";"1";"51";"51454";"2";"2";"2";"7";"RUE JACQUART";"49,2625979";"4,0411418"
"201900050141";"24";"9";"2019";"15:40";"1";"49";"49099";"2";"2";"1";"6";"CALINS (AVENUE DES)";"47,0593700";" -0,8739200"
"201900050142";"24";"9";"2019";"11:40";"1";"49";"49267";"2";"1";"2";"6";"A87N";"47,4656200";" -0,5162900"
"201900050143";"24";"9";"2019";"23:25";"3";"49";"49007";"2";"1";"2";"7";"JEANNETEAU";"47,4960528";" -0,5558771"
"201900050144";"24";"9";"2019";"13:00";"1";"49";"49007";"2";"1";"2";"5";"MONTAIGNE AVENUE";"47,4704300";" -0,5358100"
"201900050145";"23";"9";"2019";"19:02";"2";"49";"49246";"1";"9";"8";"4";"A87N";"47,4303500";" -0,5060700"
"201900050146";"23";"9";"2019";"08:00";"1";"49";"49015";"1";"1";"2";"5";"RD 106";"47,5012300";" -0,6209700"
"201900050147";"25";"9";"2019";"15:10";"1";"44";"44162";"1";"1";"2";"1";"BOULEVARD PROFESSEUR JACQUES MONOD";"47,2481000";" -1,6346700"
"201900050148";"25";"9";"2019";"12:45";"5";"44";"44162";"2";"3";"2";"3";"bd massacre/tolède";"47,2334260";" -1,5901750"
"201900050149";"22";"9";"2019";"09:50";"1";"44";"44055";"2";"1";"1";"3";"ANDRÉ ( ESPLANADE FRANÇOIS )";"47,2812275";" -2,4038483"
"201900050150";"25";"9";"2019";"20:20";"5";"41";"41018";"2";"1";"2";"3";"VENDOME (AVENUE DE)";"47,5967400";"1,3259900"
"201900050151";"25";"9";"2019";"22:05";"5";"37";"37261";"2";"3";"1";"3";"VAILLANT (RUE EDOUARD)";"47,3842400";"0,7012700"
"201900050152";"24";"9";"2019";"05:56";"5";"37";"37261";"2";"3";"2";"7";"MANS (AVENUE DU)";"47,4097000";"0,6796200"
"201900050153";"25";"9";"2019";"19:10";"2";"35";"35238";"2";"6";"2";"3";"VOIE DE LA LIBERTE";"48,0825702";" -1,6404331"
"201900050154";"24";"9";"2019";"11:00";"1";"35";"35238";"2";"3";"1";"3";"ALBERT 1ER (BD)";"48,0900800";" -1,6910000"
"201900050155";"23";"9";"2019";"17:15";"1";"35";"35238";"2";"1";"8";"3";"SAINT-MALO (RUE DE)";"48,1253060";" -1,6854170"
"201900050156";"24";"9";"2019";"08:30";"1";"35";"35051";"2";"1";"3";"6";"METAIRIES (BOULEVARD DES)";"48,1222390";" -1,6002710"
"201900050157";"25";"9";"2019";"18:38";"2";"33";"33529";"2";"1";"3";"6";"BERANGER (CH. DE)";"44,6198100";" -1,1402200"
"201900050158";"24";"9";"2019";"16:30";"1";"31";"31555";"2";"1";"1";"6";"RUE DE LA MARTINIQUE";"43,5804600";"1,4112000"
"201900050159";"25";"9";"2019";"18:51";"2";"29";"29019";"1";"1";"2";"4";"RN 12";"48,4224200";" -4,4771500"
"201900050160";"24";"9";"2019";"15:20";"1";"19";"19272";"2";"1";"2";"6";"Henri de Bournazel (Av)";"45,2695900";"1,7680400"
"201900050161";"24";"9";"2019";"17:50";"1";"19";"19031";"2";"3";"1";"3";"MAILLARD (AVENUE)";"45,1658700";"1,5400800"
"201900050162";"24";"9";"2019";"11:35";"1";"19";"19031";"2";"1";"2";"6";"PARIS (AVENUE DE)";"45,1624100";"1,5326400"
"201900050163";"25";"9";"2019";"20:50";"5";"17";"17300";"2";"1";"2";"6";"REMPARTS   CHEMIN DES";"46,1655000";" -1,1544500"
"201900050164";"25";"9";"2019";"17:40";"1";"17";"17300";"2";"1";"1";"6";"MONNET   AVENUE JEAN";"46,1443230";" -1,1530890"
"201900050165";"25";"9";"2019";"11:30";"1";"17";"17028";"1";"1";"3";"4";"RN137";"46,1335000";" -1,1012000"
"201900050166";"26";"9";"2019";"00:10";"5";"13";"13208";"2";"1";"1";"3";"PRADO (AVENUE DU)";"43,2664588";"5,3822643"
"201900050167";"25";"9";"2019";"21:30";"5";"13";"13204";"2";"1";"1";"2";"FRANÇOISE DUPARC (BOULEVARD)";"43,3042670";"5,4009500"
"201900050168";"25";"9";"2019";"17:20";"1";"13";"13201";"2";"2";"1";"3";"BAILLI DE SUFFREN (RUE)";"43,2946900";"5,3745900"
"201900050169";"1";"9";"2019";"14:45";"1";"13";"13201";"2";"7";"9";"6";"GÉNÉRAL DE GAULE (PLACE DU )";"43,2950880";"5,3760690"
"201900050170";"24";"9";"2019";"13:27";"1";"10";"10060";"2";"1";"2";"6";"GENERAL LECLERC (AVENUE DU)";"48,2573176";"4,0954810"
"201900050171";"24";"9";"2019";"11:55";"1";"10";"10387";"2";"1";"2";"6";"DAMPIERRE (QUAI)";"48,3016000";"4,0761000"
"201900050172";"24";"9";"2019";"14:55";"1";"5";"05061";"2";"1";"1";"4";"EMILE DIDIER ( AV )";"44,5642900";"6,0894300"
"201900050173";"24";"9";"2019";"07:40";"1";"75";"75112";"2";"1";"8";"3";"BD PERIPHERIQUE INTERIEUR";"48,8449410";"2,4140350"
"201900050174";"25";"9";"2019";"14:29";"1";"75";"75107";"2";"3";"1";"6";"QUAI ANATOLE FRANCE";"48,8624078";"2,3198351"
"201900050175";"24";"9";"2019";"04:47";"5";"75";"75105";"2";"1";"1";"6";"SQUARE ADANSON";"48,8394207";"2,3518338"
"201900050176";"25";"9";"2019";"13:00";"1";"75";"75120";"2";"3";"8";"6";"RUE LE VAU";"48,8678978";"2,4110055"
"201900050177";"25";"9";"2019";"14:25";"1";"75";"75119";"2";"4";"1";"6";"PLACE AUGUSTE BARON";"48,9008494";"2,3889440"
"201900050178";"25";"9";"2019";"09:30";"1";"75";"75118";"2";"1";"2";"6";"RUE DE CLIGNANCOURT";"48,8991213";"2,3441554"
"201900050179";"24";"9";"2019";"18:30";"1";"75";"75117";"2";"1";"2";"4";"BOULEVARD MALESHERBES";"48,8848133";"2,3077105"
"201900050180";"24";"9";"2019";"11:45";"1";"75";"75116";"2";"2";"2";"3";"ALLEE DE LONGCHAMP";"48,8749190";"2,2711180"
"201900050181";"25";"9";"2019";"17:20";"1";"75";"75115";"2";"2";"1";"3";"AVENUE EMILE ZOLA";"48,8462994";"2,2809046"
"201900050182";"25";"9";"2019";"19:15";"2";"75";"75114";"2";"4";"2";"6";"RUE D ALESIA";"48,8278418";"2,3289868"