"Num_Acc";"jour";"mois";"an";"hrmn";"lum";"dep";"com";"agg";"int";"atm";"col";"adr";"lat";"long"
"201900050183";"24";"9";"2019";"15:55";"1";"75";"75114";"2";"1";"1";"5";"RUE D ALESIA";"48,8278460";"2,3285850"
"201900050184";"24";"9";"2019";"12:18";"1";"75";"75112";"2";"1";"2";"6";"RUE DE REUILLY";"48,8416730";"2,3933990"
"201900050185";"25";"9";"2019";"08:50";"1";"75";"75112";"2";"1";"2";"3";"AVENUE DES CANADIENS";"48,8189500";"2,4623240"
"201900050186";"25";"9";"2019";"01:40";"5";"75";"75112";"2";"2";"1";"4";"BOULEVARD DIDEROT";"48,8464453";"2,3789554"
"201900050187";"25";"9";"2019";"10:05";"1";"75";"75111";"2";"3";"2";"3";"BOULEVARD VOLTAIRE";"48,8532815";"2,3877187"
"201900050188";"25";"9";"2019";"11:45";"1";"75";"75110";"2";"1";"8";"3";"RUE DE LA GRANGE AUX BELLES";"48,8749830";"2,3668790"
"201900050189";"25";"9";"2019";"09:00";"1";"75";"75110";"2";"1";"3";"7";"RUE DU FAUBOURG SAINT MARTIN";"48,8705700";"2,3564400"
"201900050190";"25";"9";"2019";"09:30";"1";"75";"75110";"2";"7";"2";"6";"RUE DE DUNKERQUE";"48,8806227";"2,3521587"
"201900050191";"24";"9";"2019";"08:50";"1";"75";"75109";"2";"3";"8";"3";"BOULEVARD HAUSSMANN";"48,8721277";"2,3391918"
"201900050192";"25";"9";"2019";"09:20";"1";"75";"75108";"2";"3";"3";"3";"BOULEVARD MALESHERBES";"48,8804987";"2,3129615"
"201900050193";"25";"9";"2019";"07:25";"5";"75";"75108";"2";"4";"2";"6";"AVENUE DES CHAMPS ELYSEES";"48,8719167";"2,3008379"
"201900050194";"25";"9";"2019";"21:30";"5";"94";"94078";"2";"1";"2";"2";"MELUN (AV DE)";"48,7239500";"2,4447500"
"201900050195";"23";"9";"2019";"11:20";"1";"94";"94041";"2";"3";"1";"5";"PENICHES (R DES)";"48,8145962";"2,4043225"
"201900050196";"24";"9";"2019";"21:45";"5";"94";"94028";"2";"1";"2";"2";"FOCH(AVENUE DU MARECHAL)";"48,7779500";"2,4383800"
"201900050197";"24";"9";"2019";"16:33";"1";"94";"94059";"2";"1";"1";"3";"MAURICE BERTEAUX (AV)";"48,8080030";"2,5700460"
"201900050198";"23";"9";"2019";"17:05";"1";"94";"94059";"2";"3";"1";"3";"PROPHETE (AV DU)";"48,8217200";"2,5608500"
"201900050199";"25";"9";"2019";"06:50";"5";"94";"94017";"2";"1";"2";"6";"GENERAL DE GAULLE (AV DU)";"48,8231300";"2,4953700"
"201900050200";"25";"9";"2019";"07:55";"1";"93";"93051";"2";"1";"2";"2";"MONT D'EST (BD)";"48,8431000";"2,5454200"
"201900050201";"25";"9";"2019";"20:15";"5";"93";"93046";"2";"9";"2";"4";"LUCIE ALLEE";"48,9110000";"2,5105200"
"201900050202";"25";"9";"2019";"07:15";"2";"93";"93029";"2";"3";"2";"6";"HENRI BARBUSSE (AVE) N°126-280";"48,9200000";"2,4500000"
"201900050203";"24";"9";"2019";"18:39";"1";"93";"93029";"2";"1";"1";"6";"HENRI BARBUSSE (AVE) N°126-280";"48,9195000";"2,4507100"
"201900050204";"25";"9";"2019";"11:15";"1";"93";"93008";"1";"1";"2";"6";"PARIS (RUE DE)";"48,8994702";"2,4469786"
"201900050205";"25";"9";"2019";"03:00";"5";"93";"93055";"2";"1";"1";"7";"GENERAL LECLERC(AVE DU)89/FIN ET 122/FIN";"48,9023200";"2,4148400"
"201900050206";"25";"9";"2019";"08:40";"1";"93";"93001";"2";"1";"2";"2";"VICTOR HUGO (AVE)  => 120";"48,9034000";"2,3720100"
"201900050207";"25";"9";"2019";"16:00";"1";"92";"92033";"2";"1";"1";"6";"SURESNES";"48,8468200";"2,1949500"
"201900050208";"25";"9";"2019";"12:08";"1";"92";"92048";"2";"2";"2";"6";"TERRE NEUVE (RUE)";"48,8077000";"2,2359100"
"201900050209";"23";"5";"2019";"13:25";"1";"92";"92044";"2";"2";"1";"3";"P.V.COUTURIER(RUE)1A39 ET2A26";"48,8949369";"2,2809438"
"201900050210";"25";"9";"2019";"08:30";"2";"92";"92040";"2";"6";"2";"1";"AUGUSTE GERVAIS";"48,8234880";"2,2731550"
"201900050211";"25";"9";"2019";"10:00";"1";"92";"92026";"2";"2";"3";"2";"VERDUN (DE 62 A FIN)";"48,9005100";"2,2606600"
"201900050212";"25";"9";"2019";"09:10";"1";"92";"92002";"2";"6";"2";"3";"LEWISHAM (PLACE DE)";"48,7500143";"2,3090893"
"201900050213";"25";"9";"2019";"20:05";"3";"86";"86165";"1";"1";"2";"2";"Avenue Fernand Tribot";"46,4196280";"0,8764400"
"201900050214";"26";"9";"2019";"16:00";"1";"54";"54090";"1";"2";"8";"4";"RD 40";"48,7471630";"6,1663280"
"201900050215";"25";"9";"2019";"21:30";"3";"51";"51156";"2";"1";"1";"7";"RD 13";"48,6648866";"4,6392850"
"201900050216";"22";"8";"2019";"13:50";"1";"94";"94073";"2";"2";"1";"6";"REPUBLIQUE (AV DE LA)";"48,7665100";"2,3934200"
"201900050217";"22";"8";"2019";"12:28";"1";"94";"94073";"2";"1";"1";"1";"RENE PANHARD (AV)";"48,7632500";"2,4000400"
"201900050218";"21";"8";"2019";"09:50";"1";"94";"94065";"2";"1";"1";"2";"CHARLES LINDBERGH (AV)";"48,7518800";"2,3529100"
"201900050219";"23";"8";"2019";"09:30";"1";"94";"94033";"2";"1";"1";"4";"MARECHAL DE LATTRE DE TASSIGNY (AV DU)";"48,8597100";"2,4899800"
"201900050220";"23";"8";"2019";"13:10";"1";"94";"94011";"2";"9";"1";"2";"SEMARD(RUE PIERRE)";"48,7627800";"2,4784300"
"201900050221";"22";"8";"2019";"07:00";"1";"94";"94028";"2";"1";"1";"7";"OUDRY.(BOULVARD JEAN BAPTISTE)";"48,7751800";"2,4592100"
"201900050222";"23";"8";"2019";"01:15";"5";"94";"94018";"2";"1";"1";"3";"PONT NELSON MENDELA";"48,8208000";"2,4013500"
"201900050223";"17";"8";"2019";"19:55";"1";"94";"94075";"2";"1";"1";"6";"FEUILLEE (CHE DE LA)";"48,7288500";"2,5263600"
"201900050224";"20";"8";"2019";"11:20";"1";"94";"94002";"2";"4";"1";"6";"ALOUETTES (R DES)";"48,7842900";"2,4276900"
"201900050225";"22";"8";"2019";"22:30";"5";"93";"93073";"1";"1";"1";"2";"CHAPIT RE ( RUE DU)";"48,9850600";"2,5234900"
"201900050226";"24";"8";"2019";"21:15";"5";"93";"93066";"2";"1";"1";"4";"WILSON (AVENUE DU PRESIDENT)";"48,9260000";"2,3570000"
"201900050227";"24";"8";"2019";"14:30";"1";"93";"93070";"2";"1";"7";"3";"JEAN-JAURES (PL)";"48,9129500";"2,3352200"
"201900050228";"23";"8";"2019";"08:52";"1";"93";"93070";"2";"1";"1";"3";"VICTOR-HUGO (BD)";"48,9064930";"2,3441060"
"201900050229";"24";"8";"2019";"19:00";"2";"93";"93077";"2";"1";"1";"2";"NOISY (ROUTE DE) JUSQU'AU 45 ET 50";"48,8831500";"2,4971000"
"201900050230";"24";"8";"2019";"13:05";"1";"93";"93051";"1";"1";"1";"4";"PAVE NEUF (AVENUE)";"48,8360600";"2,5648300"
"201900050231";"24";"8";"2019";"09:10";"1";"93";"93050";"2";"1";"1";"4";"GENERAL DE GAULLE (AVENUE)";"48,8573800";"2,5317700"
"201900050232";"23";"8";"2019";"17:40";"1";"93";"93048";"2";"1";"1";"6";"BARBES (RUE)";"48,8553100";"2,4242500"
"201900050233";"22";"8";"2019";"12:20";"1";"93";"93048";"2";"2";"1";"3";"PASTEUR S2  (AVENUE)";"48,8709900";"2,4309000"
"201900050234";"23";"8";"2019";"16:30";"1";"93";"93046";"2";"1";"1";"6";"LUCIE AUBRAC ALLEE";"48,9282600";"2,5494200"
"201900050235";"22";"8";"2019";"11:37";"1";"93";"93046";"2";"2";"1";"3";"VAUBAN AVENUE";"48,9215100";"2,5298700"
"201900050236";"24";"8";"2019";"19:45";"1";"93";"93014";"2";"2";"1";"3";"GAGNY (ALLEE DE)";"48,9014100";"2,5470200"
"201900050237";"22";"8";"2019";"18:00";"1";"93";"93057";"2";"2";"1";"1";"PARIS (BD DE)";"48,9139900";"2,4917200"
"201900050238";"22";"8";"2019";"22:42";"5";"93";"93008";"2";"1";"1";"2";"PARIS (RUE DE)";"48,9019900";"2,4596500"
"201900050239";"21";"8";"2019";"11:40";"1";"93";"93007";"2";"1";"1";"3";"DE LA REPUBLIQUE (AVENUE)";"48,9352000";"2,4733000"
"201900050240";"15";"2";"2019";"22:00";"5";"92";"92078";"2";"9";"1";"6";"MARC SANGNIER (AVENUE)";"48,9258000";"2,3261800"
"201900050241";"22";"8";"2019";"08:40";"5";"92";"92078";"2";"1";"1";"6";"PRINCIPALE DU PORT (ROUTE) (19/+)";"48,9375200";"2,2700000"
"201900050242";"24";"8";"2019";"03:00";"5";"92";"92075";"2";"1";"1";"6";"ANTOINE FRATACCI (RUE)";"48,8209600";"2,2893400"
"201900050243";"21";"8";"2019";"07:05";"1";"92";"92072";"2";"1";"8";"2";"MANUFACTURE NATIONALE (PLACE DE LA)";"48,8287045";"2,2241014"
"201900050244";"23";"8";"2019";"07:10";"1";"92";"92062";"2";"1";"1";"2";"BELLINI (TERRASSE)";"48,8871300";"2,2519200"
"201900050245";"23";"8";"2019";"10:30";"1";"92";"92051";"2";"2";"1";"1";"VICTOR HUGO (BOULEVARD, N° 9 A 49 ET 16";"48,8855400";"2,2802700"
"201900050246";"24";"8";"2019";"04:27";"5";"92";"92050";"2";"1";"1";"6";"CALVAIRE RUE DU";"48,8792700";"2,2079100"
"201900050247";"21";"8";"2019";"09:10";"1";"92";"92049";"2";"1";"1";"3";"BROSSOLETTE AVENUE PIERRE";"48,8216300";"2,3133800"
"201900050248";"23";"8";"2019";"09:00";"1";"92";"92040";"2";"1";"1";"5";"PDT ROOSEVELT (QUAI DU)";"48,8278400";"2,2606100"
"201900050249";"23";"8";"2019";"10:30";"1";"92";"92035";"2";"1";"1";"3";"National ( boulevard )";"48,9033500";"2,2392100"
"201900050250";"23";"8";"2019";"23:35";"5";"92";"92026";"2";"3";"1";"3";"COLOMBES";"48,9023400";"2,2562400"
"201900050251";"17";"8";"2019";"00:45";"5";"92";"92026";"2";"1";"1";"6";"JOFFRE ( DE 02 A 26 ET DE 05 A 27 )";"48,8977669";"2,2675342"
"201900050252";"23";"8";"2019";"23:20";"5";"92";"92012";"2";"1";"1";"3";"EDOUARD VAILLANT (AVENUE) 57/FIN - 58/FI";"48,8340513";"2,2446154"
"201900050253";"22";"8";"2019";"18:00";"1";"92";"92012";"2";"2";"1";"2";"ANDRE MORIZET (AVENUE) 1/47 - 2/52";"48,8350000";"2,2413200"
"201900050254";"22";"8";"2019";"16:30";"1";"92";"92002";"2";"3";"1";"3";"PRESIDENT KENNEDY (50 A LA FIN)";"48,7376034";"2,2954593"
"201900050255";"21";"8";"2019";"10:45";"1";"92";"92014";"2";"1";"1";"2";"MARECHAL JOFFRE (BD DU) (43 A 97 - 58 A";"48,7825260";"2,3148250"
"201900050256";"22";"8";"2019";"19:40";"2";"14";"14689";"1";"1";"7";"1";"Le Costil Blot (Saint-Martin-de-Sallen)";"48,9830600";" -0,4753720"
"201900050257";"23";"8";"2019";"20:30";"3";"1";"01362";"1";"1";"1";"2";"D66";"45,9659720";"4,8975608"
"201900050258";"24";"8";"2019";"21:00";"3";"83";"83058";"1";"1";"1";"6";"N/A";"43,5450740";"6,3185280"
"201900050259";"24";"8";"2019";"00:00";"3";"38";"38157";"2";"1";"1";"1";"Rue des Potiers";"45,4885900";"4,9501400"
"201900050260";"24";"8";"2019";"23:30";"4";"86";"86275";"1";"2";"1";"6";"RD 9";"46,8780180";"0,5088270"
"201900050261";"24";"8";"2019";"03:50";"3";"66";"66190";"1";"1";"1";"4";"autoroute A9 PK 234+87";"42,8395900";"2,9109550"
"201900050262";"24";"8";"2019";"17:35";"1";"67";"67371";"1";"1";"1";"3";"D178";"48,8601200";"7,3200670"
"201900050263";"20";"8";"2019";"09:45";"1";"9";"09105";"1";"1";"2";"6";"D628";"43,1504590";"1,2961620"
"201900050264";"24";"8";"2019";"20:00";"1";"9";"09181";"1";"1";"1";"6";"Route du Faubourg Saint-Ferréol";"43,0752450";"1,3589180"
"201900050265";"25";"8";"2019";"03:00";"3";"16";"16204";"1";"1";"1";"6";"Le Fief de Foncie (Touzac)";"45,5206790";" -0,1586190"
"201900050266";"20";"8";"2019";"15:20";"1";"33";"33098";"1";"1";"1";"1";"BIBEY";"44,6840000";" -0,3196500"
"201900050267";"20";"8";"2019";"17:50";"1";"49";"49110";"1";"1";"1";"7";"D323";"47,5573540";" -0,3777420"
"201900050268";"23";"8";"2019";"17:05";"1";"17";"17425";"1";"1";"1";"3";"Voie longeant la RD 730";"45,6044370";" -0,9114830"
"201900050269";"22";"8";"2019";"15:07";"1";"17";"17244";"1";"2";"1";"1";"Intersection RD 114 / RD 136";"45,6393790";" -0,7734840"
"201900050270";"24";"8";"2019";"15:40";"1";"6";"06161";"2";"5";"1";"3";"RD 6098";"43,6579492";"7,1216058"
"201900050271";"24";"8";"2019";"09:46";"1";"74";"74238";"1";"3";"1";"3";"Route des Grandes Alpes";"46,2246970";"6,6612290"
"201900050272";"25";"8";"2019";"19:20";"1";"41";"41203";"1";"4";"7";"2";"Lieu-dit Grivelle";"47,6439760";"1,2630590"
"201900050273";"24";"8";"2019";"12:15";"1";"31";"31116";"2";"6";"1";"6";"Rue de l'Église";"43,6945970";"1,4284660"
"201900050274";"24";"8";"2019";"16:30";"1";"28";"28018";"1";"1";"1";"3";"A11";"48,1935560";"0,8560880"
"201900050275";"23";"8";"2019";"10:47";"1";"28";"28161";"1";"1";"1";"2";"Autoroute A11";"48,2654010";"1,1477840"
"201900050276";"25";"8";"2019";"03:30";"3";"83";"83134";"1";"1";"1";"6";"N/A";"43,4488160";"6,4384550"
"201900050277";"22";"7";"2019";"15:00";"1";"35";"35085";"1";"1";"1";"2";"La Touche aux Barrières";"48,3996570";" -1,7416910"
"201900050278";"23";"8";"2019";"13:10";"1";"11";"11172";"1";"3";"1";"5";"RD 610";"43,2660600";"2,7356670"
"201900050279";"22";"8";"2019";"17:15";"1";"63";"63326";"1";"1";"1";"7";"La Baraquette";"45,7087720";"2,8567960"
"201900050280";"22";"8";"2019";"21:15";"3";"63";"63061";"1";"1";"1";"2";"Le Bois";"45,9924310";"3,2473480"
"201900050281";"25";"8";"2019";"11:50";"1";"88";"88349";"1";"1";"1";"2";"Route départementale 61 Lieu dit Gazon du Faing";"48,1121760";"7,0646470"
"201900050282";"22";"8";"2019";"17:00";"1";"83";"83048";"2";"1";"1";"3";"Rue du Train des Pignes";"43,2062180";"6,5664660"
"201900050283";"22";"8";"2019";"16:15";"1";"29";"29068";"1";"1";"1";"7";"RN 12, PK 35.300";"48,5260200";" -3,9685630"
"201900050284";"24";"8";"2019";"23:00";"3";"58";"58187";"1";"1";"1";"2";"route départementale 9 55 A lieu-dit l'étape";"47,4462350";"2,9336510"
"201900050285";"22";"8";"2019";"00:30";"3";"971";"97133";"1";"1";"1";"6";"RD6";"15,9542300";" -61,7083850"
"201900050286";"22";"8";"2019";"14:25";"1";"48";"48128";"1";"3";"1";"7";"bretelle d'entrée échangeur 34 sens Nord Sud";"44,7773666";"3,2873181"
"201900050287";"25";"8";"2019";"14:10";"1";"62";"62568";"1";"1";"1";"5";"RD 919";"50,2346310";"2,7956090"
"201900050288";"23";"8";"2019";"19:23";"1";"62";"62164";"2";"2";"1";"5";"CD 939";"50,1982000";"3,1362000"
"201900050289";"23";"8";"2019";"21:50";"5";"34";"34270";"2";"6";"1";"3";"D612";"43,5708720";"3,8490120"
"201900050290";"24";"8";"2019";"11:02";"1";"27";"27547";"1";"1";"1";"6";"A28 PK231+900";"49,0324040";"0,4427480"
"201900050291";"22";"8";"2019";"20:15";"2";"83";"83067";"1";"1";"1";"7";"Route du Luc";"43,3347320";"6,2960400"
"201900050292";"25";"8";"2019";"12:15";"1";"31";"31157";"2";"1";"1";"1";"Avenue du Général Barès";"43,5384170";"1,3573300"
"201900050293";"21";"8";"2019";"21:00";"1";"35";"35173";"1";"1";"1";"6";"Le Poirier Tort";"48,2135300";" -1,6734650"
"201900050294";"23";"8";"2019";"16:10";"1";"57";"57097";"2";"2";"1";"6";"Rue Robert Schumann";"49,1845870";"6,4930330"
"201900050295";"23";"8";"2019";"14:05";"1";"89";"89399";"1";"1";"1";"6";"D939";"48,2412290";"3,3155608"
"201900050296";"22";"8";"2019";"19:08";"1";"89";"89432";"1";"1";"1";"6";"D84";"48,1496303";"3,5371765"
"201900050297";"23";"8";"2019";"19:10";"1";"95";"95652";"1";"1";"1";"3";"RD922";"49,1352640";"2,3830310"
"201900050298";"25";"8";"2019";"10:40";"1";"56";"56060";"1";"2";"1";"3";"Ker graud";"47,7376830";" -2,2222690"
"201900050299";"23";"8";"2019";"19:45";"2";"56";"56221";"1";"1";"1";"1";"Le Bochet";"47,6883260";" -2,2266710"
"201900050300";"17";"8";"2019";"02:30";"3";"56";"56123";"1";"1";"3";"6";"Le Perron";"47,6932600";" -2,3058900"
"201900050301";"22";"8";"2019";"12:55";"1";"56";"56008";"1";"4";"1";"7";"Keryonvarch";"47,6172630";" -2,8976300"
"201900050302";"23";"8";"2019";"20:05";"2";"59";"59663";"1";"3";"1";"3";"la belle vue";"50,9066720";"2,4545280"
"201900050303";"24";"8";"2019";"17:50";"1";"74";"74195";"2";"1";"1";"5";"D1508";"46,0128995";"5,9479574"
"201900050304";"23";"8";"2019";"14:45";"1";"74";"74294";"1";"1";"1";"1";"Route de la Valentine";"46,0886472";"6,6864818"
"201900050305";"23";"8";"2019";"17:14";"1";"74";"74310";"1";"3";"1";"3";"D5";"45,8099538";"6,0619895"
"201900050306";"25";"8";"2019";"12:15";"1";"76";"76196";"1";"1";"1";"1";"RD 139";"49,6428070";"0,2556370"
"201900050307";"22";"8";"2019";"21:40";"5";"79";"79016";"2";"1";"1";"7";"Rue Grand'rue";"46,7530520";" -0,0531620"
"201900050308";"25";"8";"2019";"11:30";"1";"79";"79079";"1";"1";"1";"7";"N/A";"46,9323990";" -0,8369800"
"201900050309";"24";"8";"2019";"17:40";"1";"80";"80190";"2";"2";"1";"3";"Rue du Docteur Roger Castel";"50,0598250";"1,6434360"
"201900050310";"24";"8";"2019";"13:05";"1";"80";"80019";"1";"3";"1";"1";"CD936";"49,9579950";"1,8990730"
"201900050311";"24";"8";"2019";"16:00";"1";"80";"80488";"1";"1";"1";"1";"Chemin du Marais";"50,0196080";"1,9873930"
"201900050312";"23";"8";"2019";"18:05";"1";"65";"65392";"2";"1";"1";"1";"d935";"43,1642425";"0,0863160"
"201900050313";"24";"8";"2019";"23:25";"5";"33";"33114";"2";"3";"1";"6";"avenue de Paris";"45,0969410";" -0,3887280"
"201900050314";"3";"8";"2019";"20:45";"2";"81";"81080";"1";"1";"1";"6";"Puech Del Cel";"44,0151297";"1,9298734"
"201900050315";"24";"8";"2019";"21:15";"3";"32";"32235";"1";"1";"1";"6";"Route du Parre";"43,7266490";"0,1431020"
"201900050316";"25";"8";"2019";"06:10";"3";"11";"11262";"1";"1";"1";"6";"d 68";"43,1952060";"3,0286290"
"201900050317";"23";"8";"2019";"02:00";"5";"11";"11106";"2";"2";"1";"3";"Rue Jean JAURÈS";"43,2339689";"3,0593031"
"201900050318";"22";"8";"2019";"17:40";"1";"11";"11103";"2";"3";"1";"7";"avenue Jean Pierre Marty";"42,9420440";"2,2581040"
"201900050319";"24";"8";"2019";"12:12";"1";"71";"71419";"1";"1";"1";"3";"RD 24";"46,7506560";"5,2284540"
"201900050320";"22";"8";"2019";"19:40";"1";"71";"71028";"2";"2";"1";"3";"Rue de la Tuilerie";"46,8329060";"5,4422380"
"201900050321";"22";"8";"2019";"18:00";"1";"89";"89344";"1";"1";"1";"7";"D85";"47,6173991";"3,1202396"
"201900050322";"24";"8";"2019";"07:30";"1";"61";"61253";"1";"1";"1";"6";"CD 438 PK 31 + 750";"48,6777930";"0,2068100"
"201900050323";"22";"8";"2019";"16:00";"1";"55";"55557";"1";"1";"1";"2";"D 908";"49,1297250";"5,6255340"
"201900050324";"23";"8";"2019";"16:25";"1";"49";"49331";"1";"1";"1";"7";"LE BOIS I NOYANT (Segré)";"47,6828060";" -0,8762280"
"201900050325";"23";"8";"2019";"18:10";"1";"49";"49012";"1";"1";"1";"1";"748";"47,2118240";" -0,4613420"
"201900050326";"22";"8";"2019";"10:25";"1";"49";"49238";"2";"1";"1";"4";"Route de Blitourne";"47,5252580";" -0,4349700"
"201900050327";"22";"8";"2019";"15:15";"1";"12";"12289";"1";"1";"1";"5";"Meraville";"44,5068170";"2,2366890"
"201900050328";"23";"8";"2019";"11:55";"1";"12";"12213";"1";"1";"1";"6";"D 911 PR 10+0000";"44,1556190";"3,0067750"
"201900050329";"24";"8";"2019";"17:40";"1";"29";"29189";"2";"6";"1";"3";"Boulevard Filliger";"48,3819720";" -4,3781700"
"201900050330";"24";"8";"2019";"11:50";"1";"68";"68126";"1";"3";"1";"3";"Rue de Bourgfelden";"47,5656520";"7,5342300"
"201900050331";"21";"8";"2019";"23:35";"3";"68";"68240";"2";"3";"1";"1";"134 Rue du Chemin de Fer (illtal, Oberdorf)";"47,5589380";"7,3067180"
"201900050332";"23";"8";"2019";"18:00";"1";"22";"22236";"1";"1";"1";"7";"Pont Plencot";"48,6581940";" -2,9857100"
"201900050333";"22";"8";"2019";"15:15";"1";"39";"39441";"1";"1";"1";"1";"N/A";"46,4414540";"6,0835000"
"201900050334";"23";"8";"2019";"19:20";"1";"39";"39491";"1";"1";"1";"1";"Ancienne commune de Saint Lupicin";"46,3890530";"5,8037350"
"201900050335";"25";"8";"2019";"11:15";"1";"39";"39532";"1";"1";"1";"6";"N/A";"46,4304050";"5,3948160"
"201900050336";"24";"8";"2019";"18:42";"1";"25";"25111";"1";"6";"7";"3";"Rond point D683";"47,2715200";"6,0847840"
"201900050337";"24";"8";"2019";"03:30";"3";"44";"44028";"1";"1";"1";"6";"LA ROBINIERE";"47,3340720";" -1,3649260"
"201900050338";"23";"8";"2019";"15:30";"1";"29";"29213";"2";"6";"1";"2";"rue de saint pol";"48,6057310";" -4,1064766"
"201900050339";"23";"8";"2019";"01:35";"3";"31";"31399";"1";"1";"1";"6";"Route de Mauzac";"43,3712470";"1,2801886"
"201900050340";"25";"8";"2019";"02:16";"3";"31";"31584";"1";"1";"1";"6";"Route départementale D22 bondigoux";"43,8466250";"1,5190890"
"201900050341";"23";"8";"2019";"16:00";"1";"38";"38559";"1";"1";"1";"1";"D22";"45,2098950";"5,4027910"
"201900050342";"20";"8";"2019";"23:25";"5";"38";"38422";"1";"1";"2";"6";"Route de Gières";"45,1497800";"5,8251000"
"201900050343";"23";"8";"2019";"05:30";"3";"38";"38182";"1";"1";"1";"6";"Route de Bièvre";"45,3938400";"5,4164400"
"201900050344";"19";"8";"2019";"11:30";"1";"84";"84020";"1";"1";"1";"2";"D943 COL DU POINTU";"43,8223340";"5,3059300"
"201900050345";"24";"8";"2019";"10:36";"1";"3";"03014";"1";"1";"1";"6";"Clavegry";"46,3440093";"3,9849585"
"201900050346";"22";"8";"2019";"16:20";"1";"15";"15138";"2";"1";"1";"7";"ZA le matinet 15300 MURAT";"45,0982120";"2,8517530"
"201900050347";"22";"8";"2019";"01:15";"3";"15";"15216";"1";"1";"1";"6";"Montfermier";"44,7053450";"3,0066460"
"201900050348";"23";"8";"2019";"11:45";"1";"1";"01022";"2";"4";"1";"3";"Rue de la Côte d'Yon";"45,8775960";"5,6890870"
"201900050349";"24";"8";"2019";"09:30";"1";"70";"70473";"1";"1";"1";"1";"RN 57 pk 17+500";"47,8004001";"6,4043528"
"201900050350";"23";"8";"2019";"19:15";"1";"58";"58069";"1";"1";"1";"6";"route départementale 977B";"47,2575520";"3,6411610"
"201900050351";"23";"8";"2019";"18:20";"1";"54";"54129";"2";"1";"1";"7";"3 RUE RAYMOND POINCARÉ";"48,5822540";"6,9463450"
"201900050352";"24";"8";"2019";"22:00";"3";"72";"72353";"1";"1";"1";"7";"La Gadelière";"48,1921860";"0,7911090"
"201900050353";"23";"8";"2019";"21:30";"3";"72";"72296";"1";"1";"1";"1";"Les ganches";"48,0812460";"0,6746520"
"201900050354";"25";"8";"2019";"09:20";"1";"6";"06163";"1";"1";"1";"7";"RD 6204 PK 38+800";"44,1386510";"7,5701630"
"201900050355";"22";"8";"2019";"15:40";"1";"6";"06036";"1";"1";"1";"7";"D2566";"43,8285370";"7,4765590"
"201900050356";"22";"8";"2019";"15:10";"1";"14";"14514";"2";"3";"1";"3";"rue Laplace";"49,2842760";"0,2039990"
"201900050357";"25";"8";"2019";"17:20";"1";"14";"14380";"1";"1";"1";"6";"D613";"49,2323970";" -0,5830330"
"201900050358";"25";"8";"2019";"11:15";"1";"50";"50349";"2";"3";"1";"3";"Rue de la Mer";"48,9905280";" -1,5326690"
"201900050359";"24";"8";"2019";"01:15";"3";"50";"50551";"1";"4";"1";"1";"D900";"49,3952210";" -1,5373390"
"201900050360";"23";"8";"2019";"13:00";"1";"50";"50480";"1";"1";"1";"5";"RD650";"49,4883210";" -1,7959690"
"201900050361";"23";"8";"2019";"10:25";"1";"50";"50487";"2";"1";"1";"6";"Rue du Calvaire";"48,5234300";" -1,3212410"
"201900050362";"25";"8";"2019";"04:35";"4";"90";"90052";"2";"1";"1";"6";"Place des Mineurs";"47,7412760";"6,8268800"
"201900050363";"22";"8";"2019";"18:15";"1";"45";"45325";"1";"1";"7";"6";"RD 2020 - PK 2+0";"48,1566770";"1,9095861"
"201900050364";"23";"8";"2019";"17:35";"1";"64";"64086";"1";"3";"1";"3";"RD 10";"43,4018821";" -1,2719653"
"201900050365";"24";"8";"2019";"15:15";"1";"18";"18186";"1";"1";"1";"7";"RD 27";"47,0877770";"2,1770360"
"201900050366";"15";"8";"2019";"01:00";"3";"18";"18190";"1";"1";"1";"7";"Route de Preuilly";"47,1267720";"2,1596990"
"201900050367";"21";"8";"2019";"11:15";"1";"18";"18189";"1";"1";"1";"1";"La concurrence";"47,2244705";"2,4251888"
"201900050368";"23";"8";"2019";"07:35";"1";"43";"43087";"2";"2";"1";"6";"Berthollet";"45,2208180";"4,3471010"
"201900050369";"24";"8";"2019";"14:35";"1";"10";"10148";"2";"4";"1";"3";"10 route de nogent";"48,4493220";"3,6105360"
"201900050370";"23";"8";"2019";"10:30";"1";"10";"10193";"1";"1";"1";"6";"D960 PK 28+100";"48,4268540";"4,4139940"
"201900050371";"24";"8";"2019";"19:25";"1";"36";"36232";"1";"2";"1";"3";"carrefour du gué rossignol";"46,7719830";"1,3840983"
"201900050372";"25";"8";"2019";"01:30";"3";"7";"07073";"1";"1";"1";"7";"le pont de ratier";"45,0125720";"4,6657130"
"201900050373";"23";"8";"2019";"18:55";"1";"40";"40312";"2";"2";"1";"3";"14 boulevard Jacques Duclos 40220";"43,5408480";" -1,4608680"
"201900050374";"24";"8";"2019";"12:20";"1";"40";"40093";"1";"1";"1";"1";"route departementale 59";"44,0128350";"0,0425120"
"201900050375";"22";"8";"2019";"14:30";"1";"4";"04208";"1";"4";"8";"1";"RD 118 / RD 18 Le Petit Chavon";"44,0096270";"5,5363080"
"201900050376";"23";"8";"2019";"18:00";"1";"85";"85234";"1";"1";"1";"7";"248 route de Notre Dame de Monts";"46,8097490";" -2,1099170"