"Num_Acc";"jour";"mois";"an";"hrmn";"lum";"dep";"com";"agg";"int";"atm";"col";"adr";"lat";"long"
"201900050377";"24";"8";"2019";"13:20";"1";"85";"85232";"1";"1";"1";"6";"Le Combey";"46,6701200";" -1,1834700"
"201900050378";"23";"8";"2019";"16:10";"1";"85";"85008";"2";"3";"1";"3";"Grand Rue";"46,6015700";" -1,4526100"
"201900050379";"25";"8";"2019";"17:20";"1";"27";"27370";"1";"1";"1";"6";"RD.2";"49,3573920";"1,4576880"
"201900050380";"27";"7";"2019";"23:15";"3";"37";"37184";"1";"1";"1";"7";"Ré";"46,9168870";"0,9029410"
"201900050381";"22";"8";"2019";"19:00";"1";"30";"30114";"1";"1";"1";"2";"RD 6110 PK 6+335";"43,8183650";"4,0957120"
"201900050382";"20";"8";"2019";"15:50";"1";"30";"30263";"2";"1";"1";"6";"Avenue de la 1ère Armée";"43,9629390";"3,8512230"
"201900050383";"25";"8";"2019";"16:30";"1";"48";"48115";"1";"1";"1";"7";"RD9, PR:008+910";"44,1976630";"3,6377600"
"201900050384";"25";"8";"2019";"08:00";"1";"48";"48086";"1";"1";"1";"7";"Pranlac";"44,6343420";"3,8947810"
"201900050385";"24";"8";"2019";"15:30";"1";"48";"48027";"1";"1";"1";"6";"RD120, CHASSERADES";"44,5322680";"3,7940960"
"201900050386";"24";"8";"2019";"07:25";"2";"72";"72129";"1";"1";"1";"3";"A11 pk 160 sens paris-le mans";"48,0533770";"0,3287650"
"201900050387";"25";"8";"2019";"03:35";"3";"10";"10076";"1";"1";"1";"2";"AUTOROUTE A5";"48,1299270";"4,6672480"
"201900050388";"21";"8";"2019";"11:10";"1";"53";"53045";"1";"1";"1";"6";"A81";"48,0797191";" -1,0022475"
"201900050389";"2";"8";"2019";"21:45";"3";"68";"68300";"1";"1";"1";"5";"a35 - PK 99+273";"47,7861770";"7,4015850"
"201900050390";"23";"8";"2019";"05:55";"1";"31";"31162";"1";"1";"1";"6";"A61 pk249.400";"43,4802760";"1,5536250"
"201900050391";"23";"8";"2019";"11:22";"1";"74";"74014";"1";"1";"1";"6";"Route de Lâchât";"46,0374411";"6,6383678"
"201900050392";"25";"8";"2019";"00:50";"3";"66";"66012";"1";"1";"1";"2";"Avenue des Albères";"42,6969630";"2,8209390"
"201900050393";"18";"8";"2019";"06:00";"2";"13";"13025";"1";"1";"1";"7";"autoroute A8 PK 28+200 sens N/S";"43,5195290";"5,4261040"
"201900050394";"1";"8";"2019";"11:30";"1";"42";"42249";"1";"1";"1";"3";"Route de Sainte colombe - RD 103";"45,8822300";"4,2566220"
"201900050395";"23";"8";"2019";"18:10";"1";"6";"06088";"1";"9";"1";"7";"A8 PK 197+500 Nord";"43,7288800";"7,2592950"
"201900050396";"24";"8";"2019";"14:45";"1";"86";"86085";"1";"1";"1";"1";"RD 347, PK 25";"46,8364850";"0,1622420"
"201900050397";"24";"8";"2019";"15:15";"1";"38";"38212";"1";"1";"1";"1";"D1091";"45,1181400";"5,9733200"
"201900050398";"23";"8";"2019";"18:05";"1";"68";"68118";"2";"1";"1";"3";"76 Rue du Général de Gaulle";"47,7300350";"7,4165110"
"201900050399";"24";"8";"2019";"15:20";"1";"27";"27188";"1";"1";"1";"4";"autoroute A13 pk 107";"49,3077130";"1,1142610"
"201900050400";"14";"8";"2019";"02:52";"3";"62";"62782";"1";"1";"1";"6";"A26";"50,2437740";"3,0392050"
"201900050401";"24";"8";"2019";"21:20";"3";"988";"98802";"1";"1";"1";"7";"RT1 - PR 80+150";" -21,8601300";"166,0361700"
"201900050402";"20";"8";"2019";"19:15";"3";"971";"97129";"1";"3";"1";"3";"Route de Conodor";"16,2904870";" -61,6749110"
"201900050403";"24";"8";"2019";"12:15";"1";"13";"13104";"1";"1";"1";"6";"D9";"43,3428400";"5,1284390"
"201900050404";"16";"8";"2019";"18:30";"1";"77";"77154";"1";"1";"1";"7";"D20";"48,8203137";"2,9053798"
"201900050405";"24";"8";"2019";"12:10";"1";"95";"95409";"2";"1";"1";"3";"RD 11";"49,0436990";"2,3390210"
"201900050406";"21";"8";"2019";"05:45";"5";"91";"91376";"2";"1";"1";"6";"Rue de la gare";"48,5618500";"2,2979870"
"201900050407";"30";"3";"2019";"18:25";"1";"64";"64189";"2";"1";"1";"2";"JAURES JEAN  (AVENUE)";"43,3816431";" -1,6677164"
"201900050408";"31";"3";"2019";"23:10";"5";"59";"59043";"1";"1";"1";"2";"LOCRE (ROUTE DE)";"50,7527054";"2,7477314"
"201900050409";"31";"3";"2019";"07:30";"1";"56";"56260";"2";"6";"1";"3";"RACKER(GIRATOIRE DU)";"47,6386730";" -2,7677620"
"201900050410";"28";"3";"2019";"23:00";"5";"45";"45004";"2";"9";"1";"2";"AVENUE D'ANTIBES";"47,9704642";"2,7334979"
"201900050411";"31";"3";"2019";"14:05";"1";"38";"38544";"2";"1";"7";"3";"CLAUDE BERNARD(QUAI)";"45,5396800";"4,8600000"
"201900050412";"31";"3";"2019";"16:05";"1";"37";"37233";"2";"2";"1";"3";"CURIE (RUE PIERRE)";"47,3883700";"0,7203600"
"201900050413";"30";"3";"2019";"10:25";"1";"30";"30189";"2";"1";"1";"3";"BOEGNER PASTEUR MARC (BOULEVARD)";"43,8170979";"4,3393163"
"201900050414";"27";"3";"2019";"12:32";"1";"25";"25388";"2";"3";"1";"5";"FOCH (AVENUE DU MARECHAL)";"47,5172800";"6,7937700"
"201900050415";"30";"3";"2019";"09:20";"1";"25";"25031";"2";"1";"1";"6";"REVOLUTION DE 1789 AVENUE DE LA)";"47,4878300";"6,8415500"
"201900050416";"30";"3";"2019";"18:00";"1";"13";"13117";"2";"1";"1";"1";"ROUCAS ( CORNICHE DU )";"43,4623300";"5,2401500"
"201900050417";"31";"3";"2019";"19:11";"1";"13";"13206";"2";"1";"1";"6";"VINCENT DELPUECH (BOULEVARD)";"43,2830400";"5,3903500"
"201900050418";"31";"3";"2019";"16:30";"1";"13";"13208";"2";"1";"1";"6";"PRADO (contre allée)";"43,2799400";"5,3874600"
"201900050419";"31";"3";"2019";"09:15";"1";"13";"13047";"2";"1";"1";"6";"BAUMES RUE DES";"43,5097030";"4,9811260"
"201900050420";"28";"3";"2019";"17:55";"1";"12";"12202";"1";"1";"1";"2";"DECAZEVILLE (AVENUE DE) RD 840";"44,3658300";"2,5505200"
"201900050421";"31";"3";"2019";"03:20";"5";"9";"09225";"2";"6";"1";"6";"GABRIELAT LIEU DIT";"43,1521600";"1,6052500"
"201900050422";"31";"3";"2019";"19:40";"5";"6";"06159";"2";"1";"1";"1";"CORNE D OR (BOULEVARD DE LA)";"43,7076700";"7,3032400"
"201900050423";"31";"3";"2019";"04:50";"3";"6";"06004";"2";"1";"1";"1";"NICE(RN.7) AV.ET RTE DE";"43,6094000";"7,1251000"
"201900050424";"30";"3";"2019";"06:45";"2";"6";"06004";"2";"1";"1";"1";"GRASSE RTE DE";"43,5900000";"7,1000000"
"201900050425";"31";"3";"2019";"07:09";"1";"75";"75116";"2";"4";"1";"6";"AVENUE DE VERSAILLES";"48,8474180";"2,2737220"
"201900050426";"31";"3";"2019";"06:12";"5";"75";"75109";"2";"4";"1";"3";"RUE DU FAUBOURG MONTMARTRE";"48,8729600";"2,3430820"
"201900050427";"29";"3";"2019";"12:19";"1";"75";"75108";"2";"3";"1";"1";"AVENUE WINSTON CHURCHILL";"48,8649920";"2,3136880"
"201900050428";"30";"3";"2019";"19:40";"5";"75";"75105";"2";"2";"1";"2";"AVENUE DE L OBSERVATOIRE";"48,8400630";"2,3368230"
"201900050429";"31";"3";"2019";"10:10";"1";"75";"75120";"2";"3";"1";"6";"RUE FERME DE SAVY";"48,8720270";"2,3831940"
"201900050430";"16";"7";"2019";"07:15";"1";"25";"25565";"1";"2";"1";"3";"D45";"46,7883540";"6,3497270"
"201900050431";"31";"3";"2019";"18:15";"1";"75";"75118";"2";"3";"1";"3";"AVENUE DE LA PORTE DE LA CHAPELLE";"48,8986970";"2,3586660"
"201900050432";"31";"3";"2019";"17:15";"1";"75";"75116";"2";"2";"1";"3";"BOULEVARD EXELMANS";"48,8453420";"2,2586840"
"201900050433";"27";"6";"2019";"13:35";"1";"44";"44081";"1";"1";"7";"5";"RD753";"46,8932210";" -1,5830430"
"201900050434";"30";"3";"2019";"18:09";"1";"75";"75116";"2";"3";"1";"7";"ROUTE DES TRIBUNES";"48,8619740";"2,2304020"
"201900050435";"15";"7";"2019";"17:22";"1";"44";"44043";"2";"6";"7";"6";"Boulevard Pierre et Marie Curie";"47,0841390";" -1,2912720"
"201900050436";"13";"7";"2019";"08:55";"1";"31";"31451";"2";"2";"1";"3";"Bd Jean Jaurès";"43,4583220";"2,0102670"
"201900050437";"30";"3";"2019";"15:20";"1";"75";"75116";"2";"1";"1";"4";"VOIE GEORGES POMPIDOU";"48,8518300";"2,2802820"
"201900050438";"31";"3";"2019";"17:10";"1";"75";"75115";"2";"2";"1";"2";"RUE CAMBRONNE";"48,8404060";"2,3042470"
"201900050439";"16";"7";"2019";"08:00";"1";"38";"38453";"1";"1";"1";"4";"1529 Route de Valence";"45,1064390";"5,3154080"
"201900050440";"31";"3";"2019";"12:15";"1";"75";"75115";"2";"2";"1";"6";"RUE DE VAUGIRARD";"48,8429900";"2,3127830"
"201900050441";"16";"7";"2019";"09:30";"1";"3";"03036";"2";"1";"1";"6";"rue de la Burge";"46,5863852";"3,0585833"
"201900050442";"30";"3";"2019";"23:25";"5";"75";"75114";"2";"3";"1";"6";"RUE DE L OUEST";"48,8322320";"2,3128700"
"201900050443";"15";"7";"2019";"06:00";"2";"70";"70525";"1";"1";"1";"7";"D43";"47,6440720";"5,8438670"
"201900050444";"31";"3";"2019";"13:10";"1";"75";"75113";"2";"2";"1";"6";"RUE BAUDRICOURT";"48,8249560";"2,3624500"
"201900050445";"31";"3";"2019";"05:30";"5";"75";"75113";"2";"7";"1";"3";"PLACE D ITALIE";"48,8318760";"2,3553140"
"201900050446";"15";"7";"2019";"17:00";"1";"5";"05176";"1";"1";"1";"6";"RD942";"44,5011341";"6,1546502"
"201900050447";"31";"3";"2019";"14:40";"1";"75";"75112";"2";"2";"1";"3";"ROUTE DE BOURDON";"48,8279850";"2,4438910"
"201900050448";"14";"7";"2019";"20:55";"1";"50";"50371";"1";"1";"1";"6";"Cd 977";"48,6623890";" -0,9462960"
"201900050449";"31";"3";"2019";"11:55";"1";"75";"75110";"2";"1";"1";"3";"RUE DU FAUBOURG SAINT MARTIN";"48,8705040";"2,3564470"
"201900050450";"31";"3";"2019";"05:40";"5";"75";"75110";"2";"2";"1";"2";"RUE LA FAYETTE";"48,8807200";"2,3624080"
"201900050451";"30";"3";"2019";"23:53";"5";"75";"75110";"2";"1";"1";"3";"RUE LOUIS BLANC";"48,8802200";"2,3667400"
"201900050452";"31";"3";"2019";"13:35";"1";"75";"75108";"2";"1";"1";"3";"RUE D AMSTERDAM";"48,8767690";"2,3268970"
"201900050453";"31";"3";"2019";"18:25";"1";"75";"75107";"2";"2";"1";"3";"RUE DU BAC";"48,8517100";"2,3235220"
"201900050454";"31";"3";"2019";"10:35";"1";"75";"75101";"2";"1";"1";"2";"RUE DE RIVOLI";"48,8663500";"2,3238460"
"201900050455";"30";"3";"2019";"08:45";"1";"75";"75101";"2";"3";"1";"3";"RUE DE TURBIGO";"48,8632830";"2,3463230"
"201900050456";"3";"7";"2019";"16:30";"1";"60";"60636";"2";"3";"1";"3";"Route de Plessis Brion";"49,4743294";"2,8832737"
"201900050457";"31";"3";"2019";"18:35";"2";"94";"94078";"2";"1";"1";"4";"HUIT MAI 1945 (AV DU)";"48,7255800";"2,4446600"
"201900050458";"16";"7";"2019";"08:50";"1";"45";"45300";"1";"1";"1";"1";"Route de Férolles";"47,8356060";"2,0576240"
"201900050459";"31";"3";"2019";"19:40";"2";"94";"94018";"2";"1";"1";"2";"VICTOR HUGO (R)";"48,8203100";"2,4121700"
"201900050460";"31";"3";"2019";"01:30";"5";"94";"94018";"2";"1";"1";"2";"PARIS (R DE)";"48,8277900";"2,4038400"
"201900050461";"16";"7";"2019";"16:25";"1";"16";"16287";"1";"1";"1";"4";"Ld Le Berguille";"45,5832680";"0,0472360"
"201900050462";"16";"7";"2019";"15:40";"1";"21";"21673";"2";"1";"1";"6";"chemin neuf";"47,1796240";"4,7095420"
"201900050463";"15";"7";"2019";"08:20";"1";"85";"85131";"1";"1";"7";"1";"D949";"46,4682830";" -1,2226180"
"201900050464";"31";"3";"2019";"16:40";"1";"94";"94017";"2";"1";"1";"3";"SONIA DE LAUNAY (VOI)";"48,8128000";"2,5313900"
"201900050465";"15";"7";"2019";"14:18";"1";"85";"85039";"1";"1";"1";"5";"D753";"46,9913800";" -1,1850890"
"201900050466";"30";"3";"2019";"22:30";"5";"94";"94044";"2";"1";"1";"7";"JEAN MONNET (R)";"48,7570000";"2,4776700"
"201900050467";"16";"7";"2019";"11:45";"1";"48";"48003";"2";"3";"1";"1";"Le Couderc";"44,5395790";"3,6582630"
"201900050468";"31";"3";"2019";"13:00";"1";"93";"93064";"2";"3";"1";"1";"REPUBLIQUE (AVENUE DE LA)";"48,8703110";"2,4849160"
"201900050469";"16";"7";"2019";"12:40";"1";"8";"08436";"2";"1";"7";"1";"Rue du Rouilly";"49,9246930";"4,4678740"
"201900050470";"31";"3";"2019";"00:30";"5";"93";"93048";"2";"3";"1";"3";"PARIS (RUE DE)";"48,8553800";"2,4212100"
"201900050471";"14";"7";"2019";"06:10";"2";"10";"10380";"1";"9";"1";"2";"Autoroute A26";"48,5244570";"4,1792780"
"201900050472";"30";"3";"2019";"10:40";"1";"93";"93029";"2";"6";"1";"6";"DIDEROT (ROND-POINT)";"48,9168600";"2,4291800"
"201900050473";"13";"7";"2019";"22:10";"3";"77";"77165";"1";"1";"1";"7";"Autoroute A5 sens PARIS vers TROYES pk 26+300";"48,4982300";"2,8388570"
"201900050474";"30";"3";"2019";"23:00";"5";"93";"93005";"2";"1";"1";"6";"CHARLES GOUPPY (RUE)";"48,9414700";"2,4986200"
"201900050475";"24";"5";"2019";"10:00";"1";"35";"35210";"2";"1";"1";"6";"bd dumaine de la josserie";"48,1441210";" -1,7706410"
"201900050476";"14";"7";"2019";"23:35";"1";"44";"44048";"2";"1";"1";"6";"N/A";"47,3761564";" -1,2667869"
"201900050477";"31";"3";"2019";"20:13";"2";"92";"92026";"2";"1";"1";"4";"MARECHAL JOFFRE (QUAI DU)";"48,8993821";"2,2715137"
"201900050478";"1";"7";"2019";"10:30";"1";"30";"30034";"1";"1";"1";"4";"autoroute A54 30127";"43,7335899";"4,4691128"
"201900050479";"31";"3";"2019";"04:00";"3";"13";"13211";"1";"1";"1";"2";"A50-Sens Aubagne vers Marseille";"43,2878065";"5,5021689"
"201900050480";"15";"7";"2019";"10:00";"1";"978";"97801";"2";"1";"1";"3";"Galisbay";"18,0735760";" -63,0825920"
"201900050481";"30";"3";"2019";"23:44";"5";"13";"13055";"2";"1";"1";"2";"A507 sens Aubagne- Marseille";"43,3298910";"5,4079670"
"201900050482";"16";"7";"2019";"13:00";"1";"2B";"2B010";"2";"1";"1";"5";"RT30";"42,6063340";"8,8638430"
"201900050483";"30";"3";"2019";"15:32";"1";"13";"13005";"1";"1";"1";"3";"A50-Sens Marseille vers Aubagne";"43,2855100";"5,5698400"
"201900050484";"16";"7";"2019";"08:05";"1";"34";"34154";"2";"9";"1";"6";"boulevard de la liberté";"43,6161850";"4,0068840"
"201900050485";"29";"3";"2019";"18:30";"1";"13";"13215";"1";"1";"1";"2";"A7-Sens Marseille vers Lyon";"43,3340900";"5,3775700"
"201900050486";"31";"3";"2019";"07:35";"1";"57";"57194";"1";"1";"1";"6";"Autoroute A31";"49,4126200";"6,1110300"
"201900050487";"13";"7";"2019";"13:15";"1";"84";"84132";"1";"1";"1";"7";"D31";"43,9272580";"5,0297770"
"201900050488";"14";"7";"2019";"21:35";"3";"83";"83065";"1";"1";"1";"2";"RD 98 A";"43,2640600";"6,6214890"
"201900050489";"30";"3";"2019";"22:50";"3";"57";"57356";"1";"1";"1";"2";"Autoroute A31";"49,4433300";"6,1186800"
"201900050490";"16";"7";"2019";"13:40";"1";"89";"89196";"1";"1";"1";"2";"Autoroute A6 PK 143+50";"47,8876291";"3,4188509"
"201900050491";"31";"3";"2019";"14:30";"1";"33";"33397";"1";"1";"1";"3";"AUTOROUTE A 10";"44,9134400";" -0,4817600"
"201900050492";"16";"7";"2019";"10:10";"1";"71";"71510";"1";"1";"1";"6";"Les vignes des cotes";"46,2624560";"4,0906060"
"201900050493";"14";"7";"2019";"10:20";"1";"52";"52205";"1";"1";"1";"7";"D143 PK 007+500";"48,0304810";"5,1633080"
"201900050494";"31";"3";"2019";"06:05";"3";"33";"33281";"1";"1";"1";"2";"ROCADE A 630";"44,8514100";" -0,6669000"
"201900050495";"14";"7";"2019";"13:25";"1";"54";"54196";"1";"1";"8";"7";"D115";"48,5828220";"6,1890850"
"201900050496";"16";"7";"2019";"16:10";"1";"74";"74166";"2";"3";"1";"3";"Route de Thonon";"46,3761180";"6,5281830"
"201900050497";"30";"3";"2019";"22:30";"3";"33";"33080";"1";"1";"1";"2";"AUTOROUTE A 62";"44,7298900";" -0,5293400"
"201900050498";"31";"3";"2019";"19:00";"2";"91";"91363";"1";"1";"1";"6";"RN 104";"48,6373000";"2,2046000"
"201900050499";"30";"3";"2019";"19:30";"3";"78";"78640";"1";"1";"1";"2";"A86 EXT";"48,7795400";"2,1917900"
"201900050500";"28";"3";"2019";"07:50";"2";"91";"91687";"1";"1";"1";"2";"VICTOR SCHOELCHER (AVENUE)";"48,6484000";"2,3671000"
"201900050501";"16";"7";"2019";"17:14";"1";"38";"38076";"1";"2";"1";"3";"Chemin de Chal";"45,5904560";"5,4645450"
"201900050502";"1";"3";"2019";"09:20";"1";"62";"62510";"2";"9";"1";"6";"COURTIN (R FRANCOIS)";"50,4219700";"2,7783000"
"201900050503";"15";"7";"2019";"11:54";"1";"38";"38509";"2";"1";"1";"4";"Avenue du général de Gaulle 38110";"45,5714750";"5,4427720"
"201900050504";"27";"3";"2019";"07:00";"1";"27";"27229";"2";"1";"1";"3";"MENDES FRANCE (RUE PIERRE)";"49,0312790";"1,1517530"
"201900050505";"15";"7";"2019";"17:50";"1";"69";"69176";"1";"1";"1";"6";"d25";"45,6772890";"4,7089730"
"201900050506";"28";"3";"2019";"13:45";"1";"25";"25056";"2";"1";"1";"6";"PIEMONT RUE DU";"47,2227300";"5,9654500"
"201900050507";"19";"2";"2019";"08:30";"1";"94";"94017";"2";"1";"1";"3";"REPUBLIQUE (AV DE LA)";"48,8207900";"2,5109300"
"201900050508";"16";"7";"2019";"18:15";"1";"16";"16078";"1";"3";"1";"3";"La Simarde";"45,7167760";"0,2296880"
"201900050509";"28";"3";"2019";"13:50";"1";"93";"93055";"2";"1";"1";"7";"LATERAL AU CHEMIN DE FER (CHEMIN)";"48,8965700";"2,4208800"
"201900050510";"13";"3";"2019";"18:00";"5";"92";"92004";"2";"1";"2";"6";"COLOMBES ( RUE DE 31 A )";"48,9129690";"2,2833050"
"201900050511";"22";"5";"2019";"11:15";"1";"80";"80033";"1";"9";"1";"3";"Autoroute A1 124+400";"49,8960930";"2,8345130"
"201900050512";"27";"6";"2019";"16:00";"1";"13";"13215";"1";"9";"1";"3";"A7-Sens Lyon vers Marseille";"43,3793000";"5,3542000"
"201900050513";"13";"7";"2019";"18:30";"1";"83";"83137";"1";"1";"1";"2";"A50";"43,1213200";"5,9533100"
"201900050514";"7";"2";"2019";"19:30";"1";"92";"92004";"2";"3";"1";"3";"EMILE ZOLA ( RUE )";"48,9254048";"2,2816265"
"201900050515";"15";"7";"2019";"03:00";"3";"1";"01238";"1";"1";"1";"6";"A46N   7.065 A 9.020";"45,9020423";"4,8170516"
"201900050516";"5";"2";"2019";"18:35";"5";"92";"92004";"2";"3";"1";"3";"AULAGNIER ( QUAI )";"48,9174536";"2,3199247"
"201900050517";"12";"7";"2019";"09:50";"1";"67";"67137";"1";"9";"1";"3";"Route Métropolitaine 1083";"48,4975000";"7,6892000"
"201900050518";"27";"3";"2019";"16:30";"1";"83";"83137";"1";"1";"1";"7";"N/A";"43,1213200";"5,9533100"
"201900050519";"27";"3";"2019";"12:35";"1";"33";"33284";"1";"1";"1";"3";"AUTOROUTE A 63";"44,6651900";" -0,8175400"
"201900050520";"28";"3";"2019";"08:40";"1";"93";"93006";"1";"1";"1";"3";"AUTOROUTE A3";"48,8662000";"2,4148500"
"201900050521";"25";"3";"2019";"23:00";"3";"95";"95277";"1";"1";"1";"6";"AUTOROUTE A3";"48,9733700";"2,4862000"
"201900050522";"15";"7";"2019";"18:40";"1";"33";"33090";"1";"1";"1";"2";"AUTOROUTE A 63";"44,7766000";" -0,6472500"
"201900050523";"30";"3";"2019";"11:45";"1";"988";"98818";"2";"1";"1";"2";"A HAUTEUR DU N°92 RUE DU PORT DESPOINTES ";" -22,2853200";"166,4548100"
"201900050524";"15";"7";"2019";"16:20";"1";"33";"33281";"1";"1";"1";"5";"ROCADE A 630";"44,8489300";" -0,6683500"
"201900050525";"30";"3";"2019";"05:30";"1";"988";"98818";"2";"1";"1";"1";"COOK (AVENUE JAMES)";" -22,2620200";"166,4029800"
"201900050526";"15";"7";"2019";"07:40";"1";"33";"33075";"1";"1";"1";"4";"ROCADE A 630";"44,8898300";" -0,6106900"
"201900050527";"29";"3";"2019";"13:30";"1";"988";"98818";"2";"3";"1";"2";"RUE AMPERE/RUE ARAGO";" -22,2338900";"166,4469700"
"201900050528";"15";"7";"2019";"05:00";"3";"33";"33448";"1";"1";"1";"6";"AUTOROUTE A 62";"44,7080800";" -0,5110600"
"201900050529";"29";"3";"2019";"08:35";"1";"988";"98818";"2";"2";"1";"6";"RUE VERDUN/RUE DU G. MANGIN";" -22,2726200";"166,4403000"
"201900050530";"15";"7";"2019";"16:39";"1";"91";"91312";"1";"1";"1";"1";"RD 444";"48,7312620";"2,2395620"
"201900050531";"29";"3";"2019";"06:05";"1";"976";"97611";"2";"9";"1";"1";"kaweni-Kaweni nord ( Z I )";" -12,7700000";"45,2200000"
"201900050532";"15";"7";"2019";"09:00";"1";"91";"91589";"1";"1";"1";"2";"AUTOROUTE A6";"48,6729410";"2,3440440"
"201900050533";"14";"7";"2019";"11:00";"1";"77";"77251";"1";"1";"1";"6";"RN 104";"48,6441830";"2,5393341"
"201900050534";"14";"7";"2019";"17:50";"1";"95";"95500";"1";"1";"1";"2";"AUTOROUTE A15";"49,0378700";"2,0888900"
"201900050535";"30";"3";"2019";"09:50";"1";"974";"97416";"2";"3";"1";"3";"Rue Marius et Ary Leblond";" -21,3350370";"55,4647990"
"201900050536";"12";"7";"2019";"14:20";"1";"93";"93066";"1";"1";"1";"7";"AUTOROUTE A1";"48,9286100";"2,3584500"
"201900050537";"28";"3";"2019";"08:00";"1";"974";"97416";"1";"9";"2";"7";"D28 LIGNE DES BAMBOUS";" -21,3059500";"55,4971800"
"201900050538";"29";"3";"2019";"22:00";"5";"974";"97411";"2";"9";"1";"6";"RN2/092";" -20,8856200";"55,4973100"
"201900050539";"28";"3";"2019";"17:02";"1";"974";"97411";"2";"4";"1";"1";"Rue du Verger";" -20,8974100";"55,4653100"
"201900050540";"15";"7";"2019";"12:40";"1";"77";"77373";"1";"1";"1";"3";"RN104";"48,8000000";"2,6200000"
"201900050541";"15";"7";"2019";"02:10";"3";"77";"77373";"1";"1";"1";"6";"RN104";"48,8021150";"2,6264830"
"201900050542";"15";"7";"2019";"02:23";"3";"77";"77373";"1";"1";"1";"7";"RN104";"48,8024500";"2,6263700"
"201900050543";"28";"3";"2019";"12:40";"1";"974";"97411";"2";"6";"1";"3";"MONDON (RUE MONSEIGNEUR)";" -20,8934100";"55,4605000"
"201900050544";"28";"3";"2019";"11:14";"1";"974";"97411";"2";"3";"1";"2";"CORDEMOY (JACOB DE)";" -20,8952200";"55,4888400"
"201900050545";"29";"3";"2019";"06:55";"1";"974";"97407";"2";"1";"1";"2";"Avenue Raymond Mondon";" -20,9348600";"55,3004600"
"201900050546";"29";"3";"2019";"23:40";"5";"973";"97302";"2";"1";"1";"3";"MADELEINE (ROUTE DE LA)";"4,9172900";" -52,3214600"
"201900050547";"11";"7";"2019";"14:30";"1";"974";"97409";"1";"1";"1";"6";"DE LA RAVINE(RUE)";" -20,9543000";"55,6500700"
"201900050548";"14";"7";"2019";"09:45";"1";"973";"97302";"2";"2";"1";"3";"ZEPHIR (ROCADE)";"4,9286400";" -52,2999700"
"201900050549";"29";"3";"2019";"15:30";"1";"973";"97302";"2";"1";"1";"3";"CABASSOU (ROUTE DE)";"4,9176286";" -52,3135901"
"201900050550";"14";"7";"2019";"07:45";"1";"69";"69387";"2";"2";"1";"3";"ST LAZARE                           (R )";"45,7465600";"4,8451100"
"201900050551";"14";"7";"2019";"16:20";"1";"971";"97113";"1";"1";"1";"1";"SECTION LABROUSSE";"16,2196539";" -61,5116706"
"201900050552";"10";"3";"2019";"01:45";"5";"69";"69199";"2";"2";"1";"6";"MARCELLIN BERTHELOT                 (R )";"45,7076400";"4,8563000"
"201900050553";"29";"3";"2019";"20:40";"2";"69";"69387";"2";"1";"1";"7";"TCHECOSLOVAQUES (DES)         (BD)";"45,7437800";"4,8579200"
"201900050554";"14";"7";"2019";"20:00";"1";"91";"91589";"2";"2";"1";"1";"ALLEMANE (RUE JEAN)";"48,6870200";"2,3412500"
"201900050555";"29";"3";"2019";"13:45";"1";"69";"69388";"2";"2";"1";"3";"ALBERT THOMAS                       (CO)";"45,7455100";"4,8712300"
"201900050556";"14";"7";"2019";"15:00";"1";"83";"83129";"1";"1";"1";"1";"RAYOLET (CORNICHE DU)";"43,0828975";"5,8070415"
"201900050557";"14";"7";"2019";"06:15";"2";"77";"77294";"1";"1";"7";"2";"ROUTE NATIONALE 2";"48,9752240";"2,5821300"
"201900050558";"29";"3";"2019";"11:10";"1";"69";"69387";"2";"1";"1";"6";"BERTHELOT                           (AV)";"45,7426500";"4,8498100"
"201900050559";"14";"7";"2019";"00:30";"3";"77";"77118";"1";"9";"1";"6";"ROUTE NATIONALE 3";"48,9437200";"2,6699700"
"201900050560";"14";"7";"2019";"17:40";"1";"77";"77458";"2";"1";"1";"6";"TRAVERSIERE (RUE)";"48,1869140";"2,7547650"
"201900050561";"29";"3";"2019";"09:56";"1";"69";"69388";"2";"2";"1";"3";"MARYSE BASTIE                       (R )";"45,7331400";"4,8742100"
"201900050562";"14";"7";"2019";"08:50";"1";"77";"77407";"2";"1";"1";"2";"236 GARENNES(CHEMIN DE)";"48,5361700";"2,5341800"
"201900050563";"28";"3";"2019";"18:15";"1";"69";"69387";"2";"1";"1";"6";"REPOS (DU)                          (R )";"45,7447100";"4,8513600"
"201900050564";"28";"3";"2019";"17:10";"1";"69";"69387";"2";"1";"1";"6";"RACHAIS                             (R )";"45,7506900";"4,8502300"
"201900050565";"14";"7";"2019";"15:30";"1";"69";"69256";"2";"1";"1";"1";"LOUIS DUCLOS PROLONGEE              (R )";"45,7940800";"4,9236300"
"201900050566";"14";"7";"2019";"11:30";"1";"64";"64545";"2";"1";"1";"3";"PAUL GELOS (RUE)";"43,3779100";" -1,6724400"
"201900050567";"29";"3";"2019";"21:00";"5";"69";"69382";"2";"3";"1";"3";"CELESTINS (DES)                     (QU)";"45,7600300";"4,8305500"
"201900050568";"29";"3";"2019";"02:30";"5";"69";"69381";"2";"1";"1";"6";"JOSEPH SERLIN                       (R )";"45,7677000";"4,8373700"