"Num_Acc";"jour";"mois";"an";"hrmn";"lum";"dep";"com";"agg";"int";"atm";"col";"adr";"lat";"long"
"201900050569";"14";"7";"2019";"15:05";"1";"59";"59279";"1";"2";"1";"2";"LYS (BOULEVARD DE LA)";"50,7696850";"3,0919900"
"201900050570";"28";"3";"2019";"23:00";"5";"69";"69389";"2";"1";"1";"2";"PORT MOUTON (DU)                    (PL)";"45,7738400";"4,8088500"
"201900050571";"28";"3";"2019";"15:30";"1";"69";"69034";"2";"1";"1";"6";"GENERAL DE GAULLE                   (AV)";"45,8053000";"4,8535600"
"201900050572";"14";"7";"2019";"15:15";"1";"51";"51202";"2";"4";"1";"2";"RUE DE DIZY";"49,0729000";"3,9319600"
"201900050573";"29";"3";"2019";"17:50";"2";"2B";"2B120";"2";"3";"7";"3";"VULPAGHJU (Chemin de)";"42,6605600";"9,4377400"
"201900050574";"14";"7";"2019";"00:00";"3";"50";"50147";"1";"6";"1";"7";"ROCADE NORD";"49,0364390";" -1,4442110"
"201900050575";"13";"7";"2019";"12:05";"1";"37";"37122";"2";"1";"1";"3";"BORDEAUX (AVENUE DE)";"47,3551074";"0,6988885"
"201900050576";"28";"3";"2019";"11:56";"1";"2B";"2B033";"2";"6";"1";"2";"GIACCOBBI - AV PAUL";"42,6710271";"9,4429046"
"201900050577";"16";"3";"2019";"00:47";"5";"971";"97120";"1";"1";"1";"6";"BLANCHARD";"16,2272911";" -61,5243555"
"201900050578";"14";"7";"2019";"13:15";"1";"34";"34172";"2";"1";"1";"2";"CARRIEU (RUE MARIUS)";"43,6171800";"3,8426000"
"201900050579";"28";"3";"2019";"22:30";"5";"971";"97120";"2";"2";"1";"2";"BD LEGITIMUS";"16,2451250";" -61,5341090"
"201900050580";"11";"7";"2019";"20:00";"1";"31";"31483";"2";"6";"1";"3";"FOURNIER (PLACE )";"43,1100000";"0,7100000"
"201900050581";"28";"3";"2019";"03:30";"5";"971";"97101";"1";"1";"1";"6";"RN1 ROCADE DE CHAUVEL";"16,2700000";" -61,5200000"
"201900050582";"27";"3";"2019";"21:30";"5";"971";"97107";"2";"1";"1";"6";"SCHOELCHER  (RUE )";"16,0432400";" -61,5650500"
"201900050583";"14";"7";"2019";"17:05";"1";"29";"29039";"2";"1";"1";"2";"CABELLOU ( AVENUE DU)";"47,8564285";" -3,9041653"
"201900050584";"29";"3";"2019";"07:45";"1";"2A";"2A004";"2";"6";"1";"2";"AVENUE DU DOCTEUR NOEL FRANCHINI";"41,9449100";"8,7582800"
"201900050585";"13";"7";"2019";"22:45";"5";"25";"25056";"2";"2";"1";"3";"SIFFERT  AVENUE CHARLES";"47,2400140";"6,0150740"
"201900050586";"28";"3";"2019";"11:19";"1";"2A";"2A004";"2";"3";"1";"5";"GEORGES POMPIDOU AVENUE";"41,9333200";"8,7547400"
"201900050587";"13";"7";"2019";"17:50";"1";"17";"17306";"2";"2";"1";"2";"PARIS (DE) (AVENUE)";"45,6270800";" -1,0496000"
"201900050588";"29";"3";"2019";"17:05";"1";"95";"95585";"2";"3";"1";"6";"8 MAI 1945 (AVENUE DU)";"48,9766800";"2,3769500"
"201900050589";"14";"7";"2019";"03:10";"5";"14";"14117";"2";"2";"1";"3";"DIVETTE (AVENUE DE LA)";"49,2847100";" -0,1220500"
"201900050590";"14";"7";"2019";"17:00";"1";"13";"13202";"2";"3";"1";"3";"FAUCHIER (RUE)";"43,3036100";"5,3689600"
"201900050591";"14";"7";"2019";"12:00";"1";"13";"13214";"2";"1";"1";"2";"ALEX ANSALDI (RUE)";"43,3339480";"5,4021540"
"201900050592";"29";"3";"2019";"13:40";"1";"95";"95555";"2";"1";"1";"6";"MATHILDE (AVENUE)";"48,9743600";"2,2935700"
"201900050593";"29";"3";"2019";"15:45";"1";"91";"91589";"2";"2";"1";"6";"HUGO (RUE VICTOR)";"48,6841000";"2,3422600"
"201900050594";"14";"7";"2019";"08:20";"1";"13";"13047";"1";"1";"1";"2";"RN 1569";"43,5351600";"4,9584300"
"201900050595";"14";"7";"2019";"20:40";"1";"7";"07281";"1";"1";"1";"7";"C.D. 533 (VERS LE PUY)";"44,9363300";"4,8260800"
"201900050596";"30";"3";"2019";"08:25";"1";"91";"91471";"2";"3";"1";"1";"PARIS (RUE DE)";"48,6968230";"2,1894700"
"201900050597";"25";"3";"2019";"12:10";"1";"91";"91692";"2";"1";"1";"6";"BOURGOGNE (AVENUE DE)";"48,6838710";"2,1767990"
"201900050598";"14";"7";"2019";"21:00";"5";"6";"06088";"2";"2";"1";"3";"CESSOLE (BD DE) (JUSQU'AU N° 93-110)";"43,7172700";"7,2530300"
"201900050599";"13";"7";"2019";"20:05";"1";"6";"06088";"2";"1";"1";"7";"FLIREY (AV. DE)";"43,7247674";"7,2752286"
"201900050600";"13";"7";"2019";"20:05";"1";"6";"06069";"1";"1";"1";"7";"ROUQUIER (BOULEVARD EMMANUEL)";"43,6263793";"6,9352806"
"201900050601";"14";"7";"2019";"12:25";"1";"75";"75112";"2";"1";"1";"3";"BD PERIPHERIQUE INTERIEUR";"48,8386920";"2,4129990"
"201900050602";"29";"3";"2019";"19:40";"5";"91";"91687";"2";"1";"1";"3";"VICTOR SCHOELCHER (AVENUE)";"48,6559400";"2,3718300"
"201900050603";"14";"7";"2019";"02:40";"5";"75";"75115";"2";"1";"1";"2";"PORTE DE SEVRES";"48,8328450";"2,2793860"
"201900050604";"30";"3";"2019";"11:10";"1";"91";"91174";"2";"1";"1";"6";"CARNOT(AVENUE)";"48,6072600";"2,4827200"
"201900050605";"30";"3";"2019";"09:40";"1";"91";"91114";"2";"6";"1";"7";"CERCAY (RUE DE)";"48,7084000";"2,5240000"
"201900050606";"14";"7";"2019";"04:10";"5";"75";"75116";"2";"3";"1";"6";"AVENUE PAUL DOUMER";"48,8612700";"2,2842380"
"201900050607";"28";"3";"2019";"17:15";"1";"91";"91514";"2";"5";"1";"5";"JEAN JAURES (DU N°52 AU 131) (AVENUE)";"48,6734200";"2,5299200"
"201900050608";"30";"3";"2019";"06:25";"2";"91";"91027";"2";"2";"1";"4";"MITTERAND (AVENUE FRANCOIS) N° 112 A 188";"48,7129700";"2,3712700"
"201900050609";"14";"7";"2019";"18:45";"1";"75";"75112";"2";"4";"1";"6";"ESPLANADE SAINT LOUIS";"48,8406130";"2,4345600"
"201900050610";"28";"3";"2019";"17:55";"1";"91";"91333";"2";"3";"1";"3";"MOULIN D'AULNAY (ROUTE DU)";"48,6107700";"2,2656900"
"201900050611";"13";"7";"2019";"20:45";"1";"75";"75112";"2";"3";"1";"3";"RUE DE DIJON";"48,8356930";"2,3860830"
"201900050612";"13";"7";"2019";"21:15";"2";"75";"75108";"2";"2";"1";"3";"RUE MARBEUF";"48,8679610";"2,3028320"
"201900050613";"28";"3";"2019";"16:00";"1";"91";"91457";"2";"1";"1";"2";"COMMUNE DE PARIS (RUE DE LA)";"48,5800800";"2,2510400"
"201900050614";"14";"7";"2019";"00:40";"5";"94";"94078";"2";"9";"1";"3";"WINSTON CHURCHILL (AV)";"48,7544535";"2,4471188"
"201900050615";"13";"7";"2019";"00:45";"5";"94";"94017";"2";"1";"1";"1";"ROGER SALENGRO (AV)";"48,8165000";"2,5006300"
"201900050616";"29";"3";"2019";"06:43";"5";"87";"87085";"2";"1";"1";"6";"BARBES (RUE ARMAND)";"45,8362700";"1,2623600"
"201900050617";"13";"7";"2019";"19:00";"1";"94";"94044";"2";"1";"1";"3";"GABRIEL PERI (AV)";"48,7541400";"2,4849200"
"201900050618";"27";"3";"2019";"08:37";"1";"86";"86194";"2";"1";"1";"6";"IASSY (AVENUE DE)";"46,5711494";"0,3922784"
"201900050619";"19";"3";"2019";"16:40";"1";"86";"86066";"1";"1";"1";"2";"GRENADIER FRANCAIS (RUE DU)";"46,8195479";"0,5737031"
"201900050620";"28";"3";"2019";"18:45";"1";"30";"30011";"1";"1";"1";"7";"R.N. 100";"43,9495300";"4,7851100"
"201900050621";"14";"7";"2019";"08:00";"1";"92";"92032";"2";"1";"1";"2";"LECLERC GENERAL (AVENUE DU)";"48,7929200";"2,2806630"
"201900050622";"29";"3";"2019";"13:15";"1";"83";"83090";"2";"9";"1";"3";"SANARY (ROUTE DE)";"43,1266100";"5,8389500"
"201900050623";"29";"3";"2019";"07:15";"2";"83";"83129";"2";"1";"1";"3";"MASCOTTE (AVENUE DE LA) N° IMPAIRS";"43,0898100";"5,8443400"
"201900050624";"14";"7";"2019";"05:30";"2";"92";"92002";"2";"3";"1";"3";"ARMAND GUILLEBAUD (AVENUE)";"48,7486287";"2,3074054"
"201900050625";"7";"3";"2019";"11:10";"1";"83";"83050";"2";"7";"1";"6";"MIREUR(RUE FREDERIC)";"43,5389700";"6,4643300"
"201900050626";"14";"7";"2019";"12:10";"1";"22";"22021";"1";"1";"1";"2";"Rue de Dinan";"48,3925740";" -2,1266970"
"201900050627";"13";"7";"2019";"20:15";"1";"37";"37123";"1";"1";"1";"1";"D15";"47,3414730";"0,4066240"
"201900050628";"29";"3";"2019";"18:10";"1";"82";"82033";"2";"1";"1";"3";"TOURNESOLS (ALL DES) ";"44,0554100";"1,1048500"
"201900050629";"14";"7";"2019";"19:15";"1";"43";"43027";"1";"1";"7";"3";"D561";"45,2930480";"3,5961320"
"201900050630";"17";"6";"2019";"13:16";"1";"84";"84069";"1";"1";"1";"3";"Rocher du Portail St Jean";"44,1607070";"5,1468720"
"201900050631";"30";"3";"2019";"13:10";"1";"81";"81004";"2";"1";"7";"3";"LATTRE DE TASSIGNY (AV DE)";"43,9306291";"2,1612757"
"201900050632";"11";"7";"2019";"20:15";"2";"28";"28224";"1";"2";"1";"3";"D955";"48,0550840";"1,4084850"
"201900050633";"11";"7";"2019";"16:50";"1";"28";"28358";"1";"1";"1";"6";"route départementale 906";"48,5089920";"1,5121260"
"201900050634";"28";"3";"2019";"17:30";"1";"79";"79191";"2";"2";"1";"3";"Rue des Colombes";"46,3283600";" -0,4228700"
"201900050635";"10";"7";"2019";"12:30";"1";"38";"38337";"2";"2";"1";"3";"Rue Assia Djebar";"45,3442310";"5,4965460"
"201900050636";"14";"7";"2019";"20:13";"2";"12";"12291";"1";"1";"1";"2";"A 75 pk 207+200";"44,1947940";"3,0634010"
"201900050637";"29";"3";"2019";"07:35";"1";"78";"78686";"2";"2";"1";"3";"GENERAL LECLERC (AVENUE DU)";"48,8030100";"2,1658500"
"201900050638";"15";"7";"2019";"09:30";"1";"87";"87038";"1";"9";"1";"6";"Le Touyer";"45,9198270";"1,2540750"
"201900050639";"13";"7";"2019";"18:30";"1";"77";"77240";"2";"1";"1";"7";"Chemin de la Montagne";"48,7938730";"3,2722500"
"201900050640";"26";"3";"2019";"17:40";"1";"78";"78640";"2";"2";"1";"6";"LOUIS BREGUET (AVENUE)";"48,7805900";"2,1910200"
"201900050641";"14";"7";"2019";"16:36";"1";"57";"57716";"1";"9";"1";"7";"Départementale 52";"49,2111790";"6,3141830"
"201900050642";"12";"7";"2019";"15:15";"1";"19";"19054";"1";"1";"1";"7";"Chamalières";"45,0438590";"1,8564310"
"201900050643";"13";"7";"2019";"17:35";"1";"79";"79268";"1";"1";"1";"7";"N/A";"46,7859890";" -0,1391320"
"201900050644";"15";"7";"2019";"09:00";"1";"79";"79030";"1";"2";"1";"3";"N/A";"46,2981300";" -0,1958500"
"201900050645";"8";"7";"2019";"11:40";"1";"79";"79057";"1";"2";"1";"2";"N/A";"46,1217690";" -0,2383520"
"201900050646";"12";"7";"2019";"14:26";"1";"80";"80212";"1";"1";"1";"3";"route de Daours";"49,9133160";"2,4801270"
"201900050647";"14";"7";"2019";"18:00";"1";"81";"81247";"1";"1";"1";"6";"D74";"43,9600660";"2,3730370"
"201900050648";"28";"3";"2019";"15:20";"1";"78";"78440";"2";"1";"1";"7";"PIERRE BÉRÉGOVOY (RUE)";"48,9828490";"1,9050130"
"201900050649";"14";"7";"2019";"17:15";"1";"32";"32208";"2";"1";"1";"6";"48 avenue Alsace Lorraine";"43,9341380";"0,6303590"
"201900050650";"13";"7";"2019";"11:25";"1";"11";"11020";"1";"1";"1";"1";"D 613";"42,9559440";"2,4941390"
"201900050651";"29";"3";"2019";"16:39";"1";"77";"77514";"2";"1";"1";"6";"VOLTAIRE (AVENUE)";"48,9424500";"2,6069600"
"201900050652";"14";"7";"2019";"06:00";"1";"11";"11425";"1";"1";"1";"6";"d 118";"43,2748040";"2,3575770"
"201900050653";"14";"7";"2019";"16:30";"1";"89";"89344";"2";"1";"1";"2";"Départemntale 18";"47,6352330";"3,0675500"
"201900050654";"27";"3";"2019";"09:30";"1";"77";"77118";"1";"1";"1";"5";"ROUTE NATIONALE 3";"48,9430900";"2,6578200"
"201900050655";"13";"7";"2019";"23:40";"3";"63";"63267";"1";"1";"1";"3";"D7";"45,8995070";"3,6326210"
"201900050656";"27";"3";"2019";"05:25";"3";"77";"77118";"1";"1";"1";"6";"ROUTE NATIONALE 3";"48,9426291";"2,6517497"
"201900050657";"14";"7";"2019";"21:00";"2";"61";"61394";"1";"1";"1";"6";"La Grande Vallee";"48,2526040";"0,6144630"
"201900050658";"24";"3";"2019";"13:50";"1";"77";"77114";"1";"1";"1";"7";"D35";"48,7069500";"2,6716400"
"201900050659";"15";"7";"2019";"05:55";"1";"12";"12248";"1";"1";"1";"1";"route départementale 999";"43,8815230";"2,6162330"
"201900050660";"30";"3";"2019";"14:30";"1";"77";"77255";"1";"3";"1";"1";"D39 X  RUE DU FOUR A CHAUX";"48,5052300";"2,6824300"
"201900050661";"29";"3";"2019";"16:25";"1";"77";"77243";"2";"1";"1";"3";"SAINT DENIS  (RUE   )";"48,8800000";"2,7100000"
"201900050662";"15";"7";"2019";"11:05";"1";"47";"47320";"1";"1";"1";"1";"LIEU-DIT PEYREBLANQUE""""";"44,2745480";"0,1917250"
"201900050663";"15";"7";"2019";"15:25";"1";"68";"68082";"2";"3";"1";"3";"RD 2";"47,8650320";"7,3453160"
"201900050664";"26";"3";"2019";"14:00";"1";"76";"76351";"2";"2";"1";"2";"BOIS AU COQ (AVENUE)";"49,5160200";"0,1209800"
"201900050665";"14";"7";"2019";"23:15";"5";"68";"68332";"2";"1";"2";"7";"47 A Grand-Rue";"47,6557630";"7,2751500"
"201900050666";"15";"7";"2019";"07:40";"1";"22";"22333";"1";"2";"1";"3";"Les Barres";"48,2641241";" -2,4694561"
"201900050667";"15";"7";"2019";"11:51";"1";"39";"39006";"1";"1";"1";"2";"N/A";"46,9674310";"5,7992080"
"201900050668";"29";"3";"2019";"17:10";"1";"76";"76217";"2";"6";"1";"4";"AVENUE DE BREAUTE";"49,9140300";"1,0922800"
"201900050669";"15";"7";"2019";"06:15";"2";"44";"44069";"1";"1";"1";"1";"Rue de Pradel";"47,3153380";" -2,4419960"
"201900050670";"24";"3";"2019";"20:59";"5";"76";"76217";"2";"1";"1";"1";"CANADIENS (AVENUE DES)  RN27";"49,9083800";"1,0760500"
"201900050671";"15";"7";"2019";"15:25";"1";"44";"44154";"2";"1";"1";"6";"avenue des sableaux";"47,2456340";" -2,1675560"
"201900050672";"27";"3";"2019";"22:45";"5";"71";"71270";"2";"2";"1";"6";"CHARMILLES (RUE DES)";"46,3050600";"4,8200700"
"201900050673";"13";"7";"2019";"18:30";"1";"35";"35039";"1";"1";"1";"7";"Route de Rennes";"48,1137397";" -1,5171642"
"201900050674";"2";"7";"2019";"10:47";"1";"35";"35161";"1";"2";"1";"5";"Rue des Frères Amyot l'Inville";"48,0458500";" -1,3379210"
"201900050675";"14";"7";"2019";"21:30";"2";"35";"35044";"1";"1";"1";"6";"D87";"48,4772380";" -1,6494020"
"201900050676";"15";"7";"2019";"18:15";"1";"38";"38476";"1";"2";"1";"3";"D53 B";"45,5048100";"5,0623100"
"201900050677";"14";"7";"2019";"17:50";"1";"2";"02355";"1";"1";"1";"6";"Départementale 1044";"49,8892810";"3,2654370"
"201900050678";"29";"3";"2019";"11:10";"1";"69";"69282";"2";"6";"1";"3";"REPUBLIQUE (DE)                     (R )";"45,7684300";"4,9911600"
"201900050679";"26";"3";"2019";"08:10";"1";"69";"69275";"2";"1";"1";"6";"EMILE BERTRAND                      (R )";"45,7711000";"4,9548000"
"201900050680";"14";"7";"2019";"11:10";"1";"1";"01204";"1";"9";"1";"3";"867 Route de Geneve (Lalleyriat)";"46,1669210";"5,6903070"
"201900050681";"8";"7";"2019";"14:00";"1";"66";"66149";"1";"1";"8";"6";"route nationale 116";"42,6243360";"2,4440780"
"201900050682";"27";"3";"2019";"10:25";"1";"69";"69290";"2";"1";"1";"6";"CHARLES DE GAULLE                   (AV)";"45,7035800";"4,9343200"
"201900050683";"15";"7";"2019";"04:15";"3";"14";"14731";"1";"1";"1";"6";"D118 Lieu-dit les Aunais";"49,2960890";"0,0692230"
"201900050684";"28";"3";"2019";"17:50";"1";"69";"69264";"2";"1";"1";"6";"REMPARTS RUE DES";"45,9925000";"4,7173000"
"201900050685";"14";"7";"2019";"20:45";"2";"5";"05164";"1";"1";"1";"1";"rn94";"44,5333470";"6,3760340"
"201900050686";"29";"3";"2019";"18:47";"1";"68";"68224";"2";"1";"1";"6";"FRANKLIN (RUE)";"47,7509700";"7,3316700"
"201900050687";"14";"7";"2019";"15:46";"1";"5";"05009";"1";"1";"1";"7";"RN 85";"44,8055670";"5,9560000"
"201900050688";"28";"3";"2019";"17:00";"1";"67";"67482";"2";"3";"1";"3";"CHRISTIAN PFISTER (AVENUE)";"48,5551450";"7,7536250"
"201900050689";"15";"7";"2019";"14:20";"1";"50";"50523";"1";"9";"1";"1";"Route de la Fière";"49,4046440";" -1,3529530"
"201900050690";"28";"3";"2019";"17:00";"1";"67";"67482";"2";"1";"1";"6";"ILL (RUE DE L )";"48,6129700";"7,7765700"
"201900050691";"15";"7";"2019";"00:45";"3";"16";"16148";"1";"1";"1";"6";"Ld Le Penché des Tanges";"45,8047637";"0,0009172"
"201900050692";"14";"7";"2019";"19:25";"1";"7";"07039";"1";"2";"1";"3";"Carrefour de l'homme D 578 - D234";"45,0665710";"4,6648020"
"201900050693";"14";"7";"2019";"14:09";"1";"7";"07294";"1";"1";"1";"7";"Le Sauzet";"44,2937220";"4,2758270"
"201900050694";"27";"3";"2019";"18:58";"5";"67";"67482";"2";"1";"1";"2";"LANDSBERG (RUE DU)";"48,5704930";"7,7638790"
"201900050695";"12";"7";"2019";"15:40";"1";"40";"40267";"1";"1";"1";"3";"D933 N";"43,9898150";" -0,2180750"
"201900050696";"27";"3";"2019";"16:25";"1";"67";"67482";"2";"1";"1";"6";"HOCHFELDEN (RUE DE)";"48,6013700";"7,7234000"
"201900050697";"14";"7";"2019";"10:20";"1";"24";"24284";"1";"1";"1";"6";"La trémouille";"45,1863920";"0,9548810"
"201900050698";"27";"3";"2019";"11:59";"1";"67";"67482";"2";"3";"1";"6";"MOLIERE (AVENUE)";"48,5951460";"7,7070640"
"201900050699";"9";"7";"2019";"09:15";"1";"85";"85284";"1";"1";"1";"1";"Route de Bageonne";"46,8015500";" -1,8843500"
"201900050700";"13";"7";"2019";"20:30";"3";"23";"23073";"1";"1";"1";"7";"route départementale 4,  Pk 89+700";"45,9867670";"2,5582030"
"201900050701";"27";"3";"2019";"11:20";"1";"67";"67267";"2";"1";"1";"6";"MARECHAL FOCH (RUE DU)";"48,5589400";"7,6880400"
"201900050702";"13";"7";"2019";"10:45";"1";"23";"23045";"1";"9";"1";"6";"RD 917";"46,1887810";"2,4243240"
"201900050703";"26";"3";"2019";"10:25";"1";"67";"67180";"1";"1";"1";"6";"RD 72";"48,8605513";"7,6608444"
"201900050704";"14";"7";"2019";"20:15";"1";"37";"37086";"1";"1";"1";"7";"Nallay";"47,4840580";"0,3429580"
"201900050705";"23";"3";"2019";"14:42";"1";"67";"67458";"1";"6";"1";"3";"WINTERSHOUSE (ROUTE DE)";"48,8043214";"7,7466196"
"201900050706";"14";"7";"2019";"17:20";"1";"30";"30235";"1";"1";"1";"1";"RD6086";"43,9266920";"4,5441280"
"201900050707";"15";"7";"2019";"11:20";"1";"48";"48034";"1";"1";"1";"7";"LA TIEULE";"44,4740260";"3,2146410"
"201900050708";"30";"3";"2019";"11:55";"1";"65";"65047";"2";"1";"1";"3";"JAURES (AVE JEAN)";"43,2348660";"0,0925520"
"201900050709";"15";"7";"2019";"11:15";"1";"48";"48080";"2";"3";"1";"6";"3 Rue des Ribes";"44,7269290";"3,8564280"
"201900050710";"29";"3";"2019";"15:40";"1";"64";"64545";"2";"1";"1";"2";"PAUL GELOS (RUE)";"43,3783437";" -1,6710348"
"201900050711";"14";"7";"2019";"02:20";"3";"88";"88500";"1";"1";"1";"1";"Cd 43 le Daval";"47,9424400";"6,8454850"
"201900050712";"8";"7";"2019";"13:10";"1";"74";"74268";"2";"3";"1";"3";"196, Route de Sacconges (Seynod)";"45,8727107";"6,1003979"
"201900050713";"29";"3";"2019";"12:20";"1";"64";"64445";"2";"1";"1";"2";"FOUCHET";"43,3130100";" -0,3699000"
"201900050714";"14";"7";"2019";"13:20";"1";"33";"33199";"1";"1";"1";"2";"a.660 pk 021+700";"44,6151500";" -1,0965800"
"201900050715";"12";"7";"2019";"18:40";"1";"34";"34172";"1";"1";"1";"2";"A709";"43,6019720";"3,9224290"
"201900050716";"15";"7";"2019";"04:30";"2";"38";"38053";"1";"1";"1";"7";"A43";"45,5956000";"5,2831000"
"201900050717";"14";"7";"2019";"16:25";"1";"60";"60149";"1";"1";"1";"6";"Autoroute A1 - PK 56.800 - Sens Paris / Lille";"49,3278320";"2,6907151"
"201900050718";"14";"7";"2019";"18:00";"5";"976";"97615";"2";"1";"1";"7";"Boulevard du General de Gaulle";" -12,7989230";"45,2835580"
"201900050719";"29";"3";"2019";"07:40";"1";"64";"64445";"2";"1";"1";"2";"LEON BLUM";"43,3176200";" -0,3299700"
"201900050720";"14";"7";"2019";"17:50";"1";"973";"97311";"1";"1";"1";"7";"Route de Saint-Jean";"5,4431373";" -54,0381652"
"201900050721";"29";"3";"2019";"06:15";"2";"64";"64445";"2";"1";"1";"1";"CHANOINE LABORDE DU";"43,3035400";" -0,3604100"
"201900050722";"28";"3";"2019";"15:45";"1";"64";"64024";"2";"1";"1";"2";"BAB (BOULEVARD DU)";"43,4941573";" -1,5192585"
"201900050723";"13";"7";"2019";"21:40";"3";"973";"97305";"1";"1";"1";"1";"pk 16";"4,9421281";" -52,4138832"
"201900050724";"27";"3";"2019";"18:45";"1";"64";"64024";"2";"1";"1";"3";"BAYONNE (AVENUE DE)";"43,4804533";" -1,5148753"
"201900050725";"15";"7";"2019";"07:50";"1";"973";"97305";"1";"1";"1";"5";"PK11+900 - RN1";"4,9192961";" -52,3825121"
"201900050726";"14";"7";"2019";"14:45";"1";"37";"37072";"1";"1";"1";"1";"RD 751 PK PR 079.100";"47,1667400";"0,2417540"
"201900050727";"14";"7";"2019";"09:15";"1";"37";"37089";"2";"1";"1";"3";"12 Les Coteaux de Sonnay";"47,1606310";"0,3299500"
"201900050728";"24";"3";"2019";"11:55";"1";"63";"63193";"1";"2";"1";"3";"RD 52/rue Dallet";"45,7719700";"3,2082800"
"201900050729";"25";"6";"2019";"08:30";"1";"77";"77448";"1";"3";"1";"2";"D603 X RUE DU HAINAULT";"48,9447200";"3,1103300"
"201900050730";"27";"3";"2019";"21:10";"5";"62";"62617";"2";"2";"1";"3";"COQUELICOTS (RUE DES)";"50,4740000";"2,6748000"
"201900050731";"13";"7";"2019";"09:50";"1";"66";"66182";"1";"1";"1";"5";"Route Départementale 81";"42,7218700";"3,0298000"
"201900050732";"14";"7";"2019";"11:00";"1";"30";"30080";"1";"1";"1";"7";"Departementale 906";"44,3013770";"3,9776870"
"201900050733";"25";"3";"2019";"19:45";"5";"62";"62065";"2";"1";"1";"1";"VOLTAIRE";"50,4172800";"2,8455300"
"201900050734";"30";"3";"2019";"20:50";"1";"62";"62480";"2";"1";"7";"6";"F.T.P.F. (RUE DES )";"50,4989500";"2,6779600"
"201900050735";"28";"3";"2019";"15:00";"1";"62";"62193";"2";"1";"1";"3";"CHAROST";"50,9494000";"1,8567000"
"201900050736";"14";"7";"2019";"18:40";"1";"4";"04152";"1";"1";"1";"7";"RD 06 Valgas ";"43,8235930";"5,7523440"
"201900050737";"30";"3";"2019";"13:50";"1";"62";"62480";"2";"1";"7";"6";"F.T.P.F. (RUE DES )";"50,4989500";"2,6779600"
"201900050738";"15";"7";"2019";"16:40";"1";"70";"70279";"1";"1";"1";"7";"RD 475 PK 4";"47,4242590";"5,5891150"
"201900050739";"30";"3";"2019";"15:40";"1";"59";"59279";"2";"1";"1";"3";"LILLE (RUE DE)";"50,7860600";"3,1270000"
"201900050740";"14";"7";"2019";"12:50";"1";"70";"70279";"2";"1";"1";"6";"4 Rue de l'Aspirant Edmond Drouot";"47,4358920";"5,5947560"
"201900050741";"15";"7";"2019";"07:10";"1";"71";"71382";"1";"1";"1";"7";"Palissard";"46,4940960";"3,8987400"
"201900050742";"13";"7";"2019";"01:30";"4";"14";"14060";"2";"3";"1";"6";"Route départementale 35";"49,2478320";" -0,2760650"
"201900050743";"14";"7";"2019";"19:50";"1";"80";"80386";"1";"1";"1";"6";"D935";"49,7154580";"2,5912140"
"201900050744";"18";"3";"2019";"13:00";"1";"59";"59343";"2";"2";"1";"5";"DELORY GUSTAVE RUE";"50,5854500";"3,1051800"
"201900050745";"14";"7";"2019";"23:45";"5";"62";"62014";"2";"1";"1";"2";"Route Départementale 943";"50,6327890";"2,3896400"
"201900050746";"9";"7";"2019";"14:30";"1";"59";"59268";"2";"1";"1";"6";"45 rue du génral de Gaulle";"50,6399540";"2,7201910"
"201900050747";"29";"3";"2019";"20:30";"3";"59";"59253";"2";"9";"1";"6";"C.D. 935 (NOUVEAU )";"50,4354400";"3,6034400"
"201900050748";"14";"7";"2019";"20:50";"1";"13";"13206";"1";"1";"1";"7";"Tunnel Prado Carénage";"43,2821300";"5,3941100"
"201900050749";"13";"7";"2019";"20:00";"1";"13";"13203";"1";"1";"1";"6";"A557-Liaison A7 Marseille-A55 Marseille";"43,3202830";"5,3723430"
"201900050750";"13";"7";"2019";"20:00";"1";"13";"13203";"1";"1";"1";"3";"A557-Liaison A7 Marseille-A55 Marseille";"43,3201850";"5,3719370"
"201900050751";"14";"7";"2019";"20:20";"1";"69";"69081";"1";"1";"1";"2";"A6   449.510 A 451.640";"45,7761400";"4,7827800"
"201900050752";"14";"7";"2019";"07:20";"1";"92";"92036";"1";"1";"1";"6";"A86";"48,9335355";"2,2742065"
"201900050753";"12";"7";"2019";"16:15";"1";"93";"93051";"1";"1";"1";"2";"A4";"48,8363510";"2,5532480"
"201900050754";"11";"7";"2019";"19:00";"1";"91";"91027";"2";"4";"1";"3";"MORANGIS (AVENUE DE)";"48,7056000";"2,3581200"
"201900050755";"11";"7";"2019";"17:35";"1";"91";"91333";"2";"1";"1";"7";"FAURE RAYMOND (RUE)";"48,6105900";"2,2566570"
"201900050756";"10";"7";"2019";"19:15";"1";"83";"83137";"2";"1";"1";"2";"MARCHAND (AVE COMMANDANT)";"43,1262000";"5,9365000"
"201900050757";"11";"7";"2019";"20:30";"1";"71";"71040";"2";"1";"1";"6";"FELIX CLERC (RUE)";"46,6968200";"4,3862000"
"201900050758";"12";"7";"2019";"09:30";"1";"59";"59350";"2";"7";"1";"2";"TELL GUILLAUME RUE";"50,6300000";"3,0200000"
"201900050759";"11";"7";"2019";"09:15";"1";"51";"51454";"2";"2";"2";"3";"RUE ROGER SALENGRO";"49,2716910";"4,0246500"
"201900050760";"11";"7";"2019";"09:00";"1";"44";"44020";"1";"6";"1";"3";"ROUTE DE PORNIC";"47,1866100";" -1,5978400"