"Num_Acc";"jour";"mois";"an";"hrmn";"lum";"dep";"com";"agg";"int";"atm";"col";"adr";"lat";"long"
"201900050761";"10";"7";"2019";"10:50";"1";"34";"34172";"2";"1";"1";"6";"CHENAIE (RUE DE LA)";"43,6355119";"3,8696222"
"201900050762";"10";"7";"2019";"10:05";"1";"27";"27229";"2";"1";"1";"2";"BENET (RUE ARMAND)";"49,0256600";"1,1591790"
"201900050763";"10";"6";"2019";"08:55";"1";"14";"14118";"2";"1";"1";"7";"ECHANGEUR N° 5 ( COTE DE NACRE )";"49,2031700";" -0,3612000"
"201900050764";"10";"7";"2019";"14:15";"1";"13";"13201";"2";"6";"1";"3";"LEVERRIER (PLACE)";"43,3059960";"5,3935620"
"201900050765";"7";"7";"2019";"18:18";"1";"7";"07281";"1";"1";"2";"6";"C.D. 533 (VERS LE PUY)";"44,9283800";"4,7954100"
"201900050766";"18";"4";"2019";"12:30";"1";"63";"63352";"1";"1";"1";"1";"RD 720";"45,4681060";"3,2269840"
"201900050767";"7";"5";"2019";"11:20";"1";"63";"63448";"2";"3";"1";"6";"Place Saint-Roch/D999";"45,4738780";"3,4507650"
"201900050768";"29";"5";"2019";"19:23";"1";"63";"63027";"1";"1";"7";"7";"CD205";"45,4776128";"3,8196948"
"201900050769";"15";"5";"2019";"07:10";"1";"63";"63229";"1";"1";"1";"7";"RD 10";"45,7801069";"3,3447890"
"201900050770";"1";"5";"2019";"14:55";"1";"63";"63155";"1";"1";"1";"7";"Coutarade";"45,6933106";"3,4409048"
"201900050771";"23";"5";"2019";"17:15";"1";"61";"61230";"1";"1";"1";"1";"D8 LD LA SAUTELLERIE";"48,5258210";"0,7119240"
"201900050772";"31";"5";"2019";"01:45";"3";"61";"61405";"1";"3";"5";"6";"La Massuette";"48,2977550";"0,7526510"
"201900050773";"4";"5";"2019";"07:35";"1";"61";"61208";"1";"1";"3";"6";"D918";"48,6713320";"0,6724850"
"201900050774";"18";"5";"2019";"17:30";"1";"61";"61211";"1";"1";"1";"6";"la bretonnière";"48,5146890";" -0,5532820"
"201900050775";"5";"5";"2019";"15:30";"1";"61";"61063";"1";"1";"1";"1";"Les Buissons";"48,7071130";" -0,3660040"
"201900050776";"3";"5";"2019";"16:52";"1";"61";"61332";"1";"1";"1";"5";"le cheney";"48,7056120";" -0,3381310"
"201900050777";"25";"5";"2019";"13:35";"1";"61";"61287";"1";"1";"1";"6";"RD 962";"48,8167630";" -0,5647460"
"201900050778";"14";"5";"2019";"19:10";"1";"61";"61069";"1";"1";"7";"1";"D 1";"48,8721950";" -0,4342970"
"201900050779";"11";"5";"2019";"12:45";"1";"61";"61443";"1";"9";"1";"6";"La Pannetière";"48,7351300";" -0,6398360"
"201900050780";"4";"5";"2019";"18:35";"1";"61";"61011";"1";"1";"1";"5";"Route des Tisserands, LA VILLIERE";"48,7829650";" -0,5559430"
"201900050781";"30";"4";"2019";"16:40";"1";"61";"61007";"1";"1";"1";"1";"Les Clos (Athis-de-l'Orne)";"48,7721970";" -0,5339650"
"201900050782";"5";"5";"2019";"01:25";"3";"61";"61163";"1";"1";"1";"6";"Les Novalles";"48,6443990";" -0,4823250"
"201900050783";"20";"4";"2019";"17:03";"1";"61";"61145";"1";"3";"1";"2";"Le Pont de Caen (La Haute-Chapelle)";"48,6024410";" -0,6430510"
"201900050784";"24";"5";"2019";"17:20";"1";"61";"61072";"1";"1";"1";"2";"ROUTE DÉPARTEMENTALE 33, PK 15.500";"48,9644150";"0,2684750"
"201900050785";"19";"5";"2019";"03:00";"3";"61";"61481";"1";"1";"5";"6";"La Morandiere";"48,6338500";"0,3991550"
"201900050786";"4";"5";"2019";"17:15";"1";"55";"55181";"1";"1";"1";"6";"N/A";"49,2385280";"5,6641990"
"201900050787";"24";"5";"2019";"10:30";"1";"55";"55502";"2";"6";"1";"3";"rond-point de la bécasse";"49,4919520";"5,1929090"
"201900050788";"14";"5";"2019";"09:40";"1";"55";"55014";"2";"2";"1";"3";"rue Bergère";"49,1472520";"5,0888070"
"201900050789";"7";"5";"2019";"17:41";"1";"55";"55523";"1";"1";"1";"1";"route déparemntale 905";"49,2206820";"5,3596400"
"201900050790";"17";"5";"2019";"18:30";"1";"55";"55504";"1";"9";"1";"3";"RN135";"48,7301460";"5,2333680"
"201900050791";"11";"5";"2019";"17:20";"1";"55";"55466";"2";"1";"1";"6";"chemin rural";"48,7507700";"5,3269470"
"201900050792";"1";"5";"2019";"04:35";"3";"55";"55488";"2";"9";"5";"6";"2 Grand-Rue";"48,7347840";"5,2440360"
"201900050793";"12";"5";"2019";"05:15";"3";"49";"49170";"1";"9";"1";"6";"D308";"47,6561280";" -0,5031840"
"201900050794";"3";"5";"2019";"17:40";"1";"49";"49176";"2";"9";"1";"6";"5 rue du chemin de fer";"47,6280020";" -0,7235060"
"201900050795";"7";"5";"2019";"18:45";"1";"49";"49367";"2";"2";"1";"5";"CARREFOUR D 770 ET D 961";"47,6004960";" -0,8343840"
"201900050796";"2";"5";"2019";"12:15";"1";"49";"49364";"1";"1";"1";"2";"Fierbois";"47,1611235";" -0,2547939"
"201900050797";"29";"5";"2019";"11:45";"1";"49";"49086";"2";"1";"1";"6";"6 Rue du Commerce (Chavagnes)";"47,2692670";" -0,4537760"
"201900050798";"17";"5";"2019";"15:00";"1";"49";"49160";"2";"2";"1";"6";"rue du pont";"47,4029912";" -0,9207890"
"201900050799";"18";"5";"2019";"17:20";"1";"49";"49160";"2";"1";"1";"5";"Place du Champ de Foire (Ingrandes)";"47,4049800";" -0,9213230"
"201900050800";"22";"5";"2019";"10:00";"1";"49";"49129";"1";"1";"1";"1";"La Petite Plesse";"47,5225510";" -0,5099523"
"201900050801";"17";"5";"2019";"17:30";"1";"49";"49149";"1";"2";"1";"3";"D751 - D21 - proche de la Genaudière";"47,3577850";" -0,3263720"
"201900050802";"14";"5";"2019";"17:20";"1";"12";"12069";"1";"1";"1";"6";"Route départementale 999";"43,8737620";"2,6660150"
"201900050803";"4";"5";"2019";"10:15";"1";"12";"12186";"1";"1";"1";"6";"route départementale 999";"43,8699880";"2,5873730"
"201900050804";"9";"5";"2019";"18:30";"1";"12";"12006";"1";"3";"1";"3";"Intersection D56 et D25";"44,1414700";"2,6511880"
"201900050805";"13";"5";"2019";"08:40";"2";"12";"12090";"1";"2";"7";"1";"D994";"44,3687370";"2,5301180"
"201900050806";"3";"5";"2019";"16:20";"1";"42";"42052";"1";"1";"1";"2";"route de fleury";"46,1748100";"4,1474350"
"201900050807";"3";"5";"2019";"09:00";"1";"42";"42254";"1";"1";"8";"2";"Route NATIONALE 82";"45,8491570";"4,1710320"
"201900050808";"30";"5";"2019";"15:10";"1";"42";"42264";"1";"2";"1";"4";"rd 6";"45,5883400";"4,3716640"
"201900050809";"24";"5";"2019";"15:25";"1";"42";"42222";"2";"1";"7";"6";"boulevard thilolliere de l'isle";"45,5886470";"4,3185820"
"201900050810";"14";"5";"2019";"18:30";"1";"42";"42323";"2";"1";"1";"6";"7 Avenue Irénée Laurent";"45,5667290";"4,2938280"
"201900050811";"31";"5";"2019";"15:00";"1";"42";"42006";"2";"1";"1";"6";"245 Route de Saint-Maurice";"45,3830740";"3,9976780"
"201900050812";"26";"5";"2019";"17:00";"1";"42";"42050";"1";"1";"1";"6";"Route départementale 96";"45,4762220";"3,9692560"
"201900050813";"4";"5";"2019";"13:20";"1";"46";"46028";"1";"2";"2";"3";"D20, PK 27.200";"44,9295060";"1,7400580"
"201900050814";"28";"5";"2019";"18:45";"1";"46";"46240";"1";"1";"3";"1";"RD 840";"44,8208430";"1,6599340"
"201900050815";"25";"5";"2019";"21:45";"3";"46";"46297";"1";"1";"1";"1";"D673 - PK 82 + 250";"44,5527290";"1,5885830"
"201900050816";"11";"5";"2019";"07:30";"2";"46";"46072";"1";"1";"1";"6";"D12";"44,6891380";"1,3630320"
"201900050817";"4";"5";"2019";"18:20";"1";"46";"46194";"1";"1";"2";"6";"Le Baillargal";"44,7875540";"1,3681100"
"201900050818";"3";"5";"2019";"17:50";"1";"46";"46284";"1";"1";"8";"2";"la croix blanche";"44,9020500";"1,8535270"
"201900050819";"6";"5";"2019";"15:00";"1";"46";"46203";"2";"1";"1";"6";"La vitarelle";"44,7397750";"2,0170500"
"201900050820";"7";"5";"2019";"12:20";"1";"46";"46231";"2";"1";"1";"6";"48 Rue Ernest Marcouly";"44,5049120";"1,1384930"
"201900050821";"2";"5";"2019";"11:20";"1";"46";"46231";"1";"3";"1";"6";"Carrefour RD811-RD44";"44,5018000";"1,1458650"
"201900050822";"27";"5";"2019";"14:00";"1";"47";"47252";"1";"2";"1";"3";"Le Bousquet";"44,3805285";"0,5737756"
"201900050823";"21";"5";"2019";"12:00";"1";"47";"47252";"1";"1";"1";"6";"Route d'Agen Zone de Nombel";"44,3890040";"0,5844440"
"201900050824";"29";"5";"2019";"16:40";"1";"47";"47315";"1";"1";"1";"1";"Michounet";"44,4279984";"0,8478890"
"201900050825";"27";"5";"2019";"17:45";"1";"47";"47195";"2";"3";"2";"3";"9 Avenue Jean Jaurès";"44,1335520";"0,3454441"
"201900050826";"27";"5";"2019";"06:55";"2";"47";"47127";"1";"1";"1";"2";"D666";"44,3518070";"0,4251630"
"201900050827";"23";"5";"2019";"11:15";"1";"47";"47065";"1";"3";"1";"3";"RD 911";"44,3680080";"0,3623350"
"201900050828";"11";"5";"2019";"06:40";"1";"47";"47310";"2";"2";"1";"6";"D813";"44,3837412";"0,3183334"
"201900050829";"25";"5";"2019";"11:00";"1";"47";"47289";"2";"1";"1";"6";"le bourg";"44,2252860";"0,7975620"
"201900050830";"2";"5";"2019";"11:00";"1";"47";"47128";"1";"1";"8";"6";"Bout de l'Ile";"44,1576360";"0,7070750"
"201900050831";"12";"5";"2019";"15:18";"1";"47";"47038";"1";"1";"1";"6";"d205";"44,3187710";"0,4009750"
"201900050832";"3";"5";"2019";"15:30";"1";"41";"41143";"2";"1";"1";"6";"Rue Leroy";"47,9824360";"0,9025110"
"201900050833";"1";"5";"2019";"14:45";"1";"41";"41014";"1";"1";"1";"7";"La Croix d'Aigre";"47,9336450";"0,9712200"
"201900050834";"13";"5";"2019";"18:40";"1";"41";"41296";"1";"1";"1";"3";"Le Rabot";"47,6522880";"1,9875220"
"201900050835";"4";"5";"2019";"18:15";"1";"41";"41249";"1";"1";"8";"7";"d724";"47,4431210";"2,2466560"
"201900050836";"26";"5";"2019";"17:50";"1";"41";"41146";"1";"1";"1";"7";"RD 85";"47,3613950";"1,2706220"
"201900050837";"14";"5";"2019";"17:45";"1";"41";"41059";"1";"1";"1";"2";"Départementale 122";"47,4181520";"1,4793670"
"201900050838";"12";"5";"2019";"05:30";"3";"29";"29043";"1";"1";"1";"7";"Route de Saint-Urbain";"48,3682730";" -4,2562500"
"201900050839";"22";"5";"2019";"11:45";"1";"86";"86300";"1";"2";"1";"3";"RD 62";"46,6746870";"0,2233960"
"201900050840";"19";"5";"2019";"18:50";"1";"86";"86002";"1";"2";"7";"3";"boudet";"46,7635780";"0,1544740"
"201900050841";"16";"5";"2019";"10:25";"1";"86";"86277";"1";"2";"7";"3";"RD18 / RD24";"46,7328140";"0,1923180"
"201900050842";"2";"5";"2019";"09:30";"1";"86";"86178";"2";"1";"1";"6";"Allée du Champ de Foire";"46,4853940";"0,4549040"
"201900050843";"10";"5";"2019";"17:00";"1";"34";"34239";"2";"1";"1";"6";"Rue Pierre de Coubertin";"43,6536900";"3,4993260"
"201900050844";"7";"5";"2019";"08:30";"1";"34";"34241";"1";"1";"1";"6";"RD131";"43,6081900";"3,5455800"
"201900050845";"2";"5";"2019";"18:45";"1";"34";"34281";"1";"1";"1";"1";"Route de Villeveyrac";"43,5274500";"3,5464470"
"201900050846";"1";"5";"2019";"15:30";"1";"34";"34079";"1";"1";"1";"3";"Route de Bédarieux";"43,6080170";"3,3796780"
"201900050847";"21";"5";"2019";"17:20";"1";"34";"34188";"1";"4";"1";"7";"D157";"43,7065599";"3,2875306"
"201900050848";"11";"5";"2019";"11:50";"1";"34";"34305";"1";"4";"2";"3";"Départementale 907 - hameau La Roque";"43,5467390";"2,7417820"
"201900050849";"25";"5";"2019";"21:00";"2";"34";"34094";"1";"1";"1";"6";"RD15";"43,4326600";"3,2561030"
"201900050850";"6";"5";"2019";"08:40";"1";"34";"34223";"1";"1";"1";"1";"D909";"43,4434110";"3,2143240"
"201900050851";"26";"5";"2019";"13:00";"1";"34";"34235";"1";"1";"1";"7";"D22";"43,6659802";"3,0036008"
"201900050852";"25";"5";"2019";"14:30";"1";"68";"68201";"2";"2";"1";"3";"23 Rue du Lieutenant-Colonel Gambiez (Masevaux)";"47,7693010";"6,9932720"
"201900050853";"16";"5";"2019";"14:10";"1";"68";"68082";"1";"1";"1";"1";"ROUTE DÉPARTEMENTALE 2";"47,8505380";"7,3245310"
"201900050854";"13";"5";"2019";"07:00";"1";"68";"68228";"1";"3";"7";"3";"Cd Route Departementale 201";"47,9239010";"7,3574640"
"201900050855";"10";"5";"2019";"23:55";"3";"68";"68039";"1";"1";"2";"7";"rue d'ALTKIRCH";"47,5377880";"7,2224340"
"201900050856";"23";"5";"2019";"01:00";"3";"68";"68085";"1";"9";"1";"2";"D483";"47,7156880";"7,0611950"
"201900050857";"15";"5";"2019";"18:15";"1";"68";"68052";"1";"1";"1";"7";"RD 483";"47,7148340";"7,0630790"
"201900050858";"30";"4";"2019";"11:52";"1";"68";"68077";"2";"1";"1";"6";"44 Rue de la Croix";"47,6626220";"7,1842480"
"201900050859";"26";"4";"2019";"13:30";"1";"68";"68374";"2";"3";"2";"3";"Route d'Eguisheim";"48,0853360";"7,3103740"
"201900050860";"11";"4";"2019";"15:55";"1";"68";"68374";"2";"3";"1";"3";"Rue Acker";"48,0882170";"7,3161910"
"201900050861";"11";"5";"2019";"23:20";"3";"22";"22247";"2";"1";"1";"7";"GARDENN MARICHAL";"48,7235247";" -3,2375014"
"201900050862";"10";"5";"2019";"17:00";"1";"22";"22152";"2";"1";"1";"2";"Chemin de la Corderie";"48,7787550";" -3,2386310"
"201900050863";"9";"5";"2019";"17:50";"1";"22";"22322";"1";"1";"1";"7";"bois meur D24";"48,4855649";" -3,0739814"
"201900050864";"5";"5";"2019";"11:00";"1";"22";"22031";"1";"1";"1";"3";"Toull Blei";"48,3735939";" -3,5474569"
"201900050865";"25";"5";"2019";"00:15";"3";"22";"22258";"1";"1";"1";"1";"Saint-Blaise";"48,4068880";" -2,6236580"
"201900050866";"10";"5";"2019";"17:35";"1";"22";"22236";"1";"1";"2";"2";"Route Départementale 7";"48,6774590";" -3,0195130"
"201900050867";"1";"5";"2019";"16:25";"1";"39";"39258";"1";"4";"1";"3";"N/A";"46,5008020";"5,9150900"
"201900050868";"27";"5";"2019";"16:15";"1";"39";"39478";"2";"1";"1";"6";"28 Avenue de la Gare";"46,3915960";"5,8609710"
"201900050869";"25";"5";"2019";"13:27";"1";"39";"39286";"1";"1";"1";"4";"N/A";"46,3860330";"5,7782430"
"201900050870";"9";"5";"2019";"10:05";"1";"39";"39286";"1";"1";"1";"1";"N/A";"46,3845390";"5,7748020"
"201900050871";"11";"5";"2019";"18:30";"1";"39";"39189";"2";"1";"1";"6";"N/A";"47,0766480";"5,4126990"
"201900050872";"4";"5";"2019";"17:50";"1";"39";"39338";"1";"1";"3";"2";"N/A";"47,0134620";"5,4147930"
"201900050873";"10";"5";"2019";"08:00";"1";"25";"25411";"2";"6";"2";"6";"29 Rue de la Louhière";"47,0606620";"6,6059240"
"201900050874";"4";"5";"2019";"19:30";"2";"25";"25042";"1";"1";"4";"3";"CD 437";"47,1187710";"6,6962480"
"201900050875";"29";"5";"2019";"14:30";"1";"25";"25052";"1";"1";"1";"3";"D30 PK 35+400";"47,2196080";"6,3612720"
"201900050876";"14";"5";"2019";"06:30";"2";"25";"25022";"1";"1";"1";"7";"RD33 - PK 00+500";"47,5315940";"6,6488690"
"201900050877";"19";"5";"2019";"16:40";"1";"25";"25084";"1";"2";"2";"3";"D105-D107";"47,1444230";"5,8899810"
"201900050878";"30";"4";"2019";"17:35";"1";"25";"25466";"1";"9";"1";"2";"D673";"47,1948490";"5,8541610"
"201900050879";"13";"5";"2019";"15:00";"1";"44";"44139";"1";"1";"1";"6";"RD 3";"47,4681420";" -1,9231270"
"201900050880";"5";"5";"2019";"20:30";"2";"44";"44152";"1";"2";"1";"3";"hessin";"47,4669740";" -2,0051920"
"201900050881";"21";"5";"2019";"16:20";"1";"44";"44010";"2";"1";"1";"2";"Rue Olivier Guichard";"47,2784450";" -2,4644340"
"201900050882";"12";"5";"2019";"20:25";"1";"44";"44030";"2";"2";"1";"3";"Rue de la Brière";"47,4465530";" -2,2429330"
"201900050883";"7";"5";"2019";"17:00";"1";"44";"44069";"1";"2";"1";"3";"Route de Cogea";"47,3445702";" -2,3527449"
"201900050884";"3";"5";"2019";"18:05";"1";"44";"44081";"1";"1";"1";"6";"le breuil - rue du puits";"46,8899616";" -1,6280142"
"201900050885";"15";"5";"2019";"22:25";"5";"44";"44120";"2";"1";"1";"7";"Rue de la Jouardais";"47,1971690";" -1,7581750"
"201900050886";"6";"5";"2019";"17:40";"1";"44";"44084";"1";"2";"1";"5";"Rue de Saint-Barthélemy";"47,2464540";" -1,3509780"
"201900050887";"25";"5";"2019";"10:00";"1";"44";"44002";"2";"1";"1";"6";"Rue du Fief";"47,0747600";" -1,4148450"
"201900050888";"18";"5";"2019";"17:10";"1";"44";"44131";"2";"1";"1";"3";"Avenue de la Noeveillard";"47,1113100";" -2,1120630"
"201900050889";"12";"5";"2019";"10:18";"1";"44";"44012";"2";"1";"1";"6";"rue jean du plessis";"47,0804570";" -2,0370890"
"201900050890";"20";"5";"2019";"11:50";"1";"44";"44023";"1";"1";"1";"6";"La Gare";"47,4249850";" -1,8528320"
"201900050891";"1";"5";"2019";"16:10";"1";"44";"44199";"1";"2";"1";"3";"domaine rené";"47,7462550";" -1,3024730"
"201900050892";"29";"5";"2019";"18:30";"1";"44";"44180";"1";"1";"1";"3";"La Cocaudiere Neuve (Maumusson)";"47,4738834";" -1,0959287"
"201900050893";"29";"5";"2019";"07:45";"1";"44";"44003";"2";"6";"1";"3";"Avenue Francis Robert";"47,3732555";" -1,1790481"
"201900050894";"9";"5";"2019";"17:35";"1";"44";"44180";"2";"1";"1";"6";"96 RUE DE L'ESPÉRANCE";"47,5751860";" -1,2058720"
"201900050895";"29";"4";"2019";"18:35";"1";"35";"35068";"2";"1";"1";"6";"Rue du Maréchal Leclerc";"48,1086980";" -1,4051590"
"201900050896";"30";"5";"2019";"17:20";"1";"35";"35360";"2";"1";"1";"3";"59 chemin du pavillion";"48,1170840";" -1,2249290"
"201900050897";"18";"5";"2019";"21:20";"2";"35";"35246";"1";"2";"1";"3";"La Halte";"48,5342664";" -1,8077762"
"201900050898";"12";"5";"2019";"14:55";"1";"35";"35263";"2";"1";"1";"3";"Route de la Touesse d201";"48,6797710";" -1,9142010"
"201900050899";"14";"5";"2019";"17:00";"1";"35";"35243";"1";"2";"1";"3";"Les Vilhates";"48,3599480";" -1,2711560"
"201900050900";"15";"5";"2019";"18:45";"1";"35";"35081";"1";"3";"1";"1";"La Métairie";"48,1744170";" -1,8463220"
"201900050901";"23";"5";"2019";"08:10";"1";"35";"35117";"1";"2";"7";"3";"route départementale 166";"48,1342048";" -2,2303952"
"201900050902";"15";"5";"2019";"13:30";"1";"29";"29241";"2";"1";"1";"3";"rue des saules 29140";"47,9632870";" -3,8346070"
"201900050903";"2";"5";"2019";"08:45";"1";"29";"29272";"1";"1";"1";"4";"RN 165 PK39";"47,9540450";" -3,9482105"
"201900050904";"1";"5";"2019";"06:30";"2";"29";"29272";"1";"1";"1";"2";"Entre PK 40+600 et PK 40+700";"47,9637550";" -3,9680910"
"201900050905";"4";"5";"2019";"18:00";"1";"29";"29004";"2";"1";"1";"1";"Route de Pont Aven";"47,9234580";" -3,7089540"
"201900050906";"13";"5";"2019";"01:40";"3";"29";"29236";"1";"1";"1";"7";"Kernezet";"47,8868132";" -3,7166811"
"201900050907";"24";"5";"2019";"11:45";"1";"29";"29259";"1";"1";"1";"3";"Barrière de la Croix";"48,7032762";" -3,9879065"
"201900050908";"14";"5";"2019";"16:45";"1";"29";"29259";"2";"1";"1";"6";"avenue de la gare";"48,6783749";" -3,9884139"
"201900050909";"25";"5";"2019";"12:35";"1";"29";"29105";"2";"1";"1";"7";"Avenue Maréchal Foch";"48,5143011";" -4,0576735"
"201900050910";"27";"5";"2019";"19:55";"1";"29";"29106";"1";"1";"1";"7";"ty pin";"48,0893140";" -4,0758561"
"201900050911";"14";"5";"2019";"13:35";"1";"29";"29261";"1";"1";"1";"7";"Penn Ar Guer";"48,3437088";" -4,0146260"
"201900050912";"18";"5";"2019";"04:30";"4";"29";"29302";"2";"1";"1";"7";"81 Rue de Quimper";"48,2488910";" -4,0850550"
"201900050913";"3";"5";"2019";"23:15";"3";"29";"29177";"1";"1";"1";"2";"Kerarc'Hreac'H Braz";"48,4360700";" -4,6602320"
"201900050914";"27";"5";"2019";"13:25";"1";"29";"29212";"2";"6";"1";"2";"Rond point François ARZEL";"48,3819780";" -4,6094470"
"201900050915";"20";"5";"2019";"17:45";"1";"29";"29212";"2";"2";"1";"3";"Avenue du Technopole";"48,3606470";" -4,5688220"
"201900050916";"15";"5";"2019";"11:00";"1";"29";"29069";"1";"6";"1";"2";"route départementale 105";"48,4188620";" -4,5597450"
"201900050917";"29";"5";"2019";"19:15";"1";"29";"29195";"2";"1";"8";"1";"Kerféré";"48,6050644";" -4,5159407"
"201900050918";"22";"5";"2019";"12:50";"1";"29";"29075";"2";"1";"1";"6";"boulevard de coataudon";"48,4139020";" -4,4443030"
"201900050919";"17";"5";"2019";"18:25";"1";"29";"29075";"2";"6";"1";"3";"rue de Normandie guipavas";"48,4396421";" -4,3927269"
"201900050920";"3";"5";"2019";"10:31";"1";"29";"29235";"2";"1";"1";"6";"Boulevard Charles de Gaulle";"48,4006800";" -4,4063430"
"201900050921";"29";"4";"2019";"00:55";"5";"29";"29075";"2";"1";"1";"6";"68 rue de Paris";"48,4354777";" -4,3967281"
"201900050922";"11";"5";"2019";"14:15";"1";"29";"29037";"1";"2";"1";"3";"Pen ar garn";"47,8837398";" -4,1635946"
"201900050923";"26";"5";"2019";"15:00";"1";"31";"31396";"2";"1";"1";"3";"36 avenue francois mittterrand";"43,3594990";"1,6376170"
"201900050924";"10";"5";"2019";"17:36";"1";"31";"31552";"2";"3";"1";"1";"Le village";"43,2414640";"0,9631510"
"201900050925";"20";"5";"2019";"17:05";"1";"31";"31187";"1";"1";"1";"1";"D68 PR 11+780";"43,5275980";"1,2506310"
"201900050926";"8";"5";"2019";"13:30";"1";"31";"31424";"2";"9";"2";"6";"RD 632";"43,5597200";"1,2823570"
"201900050927";"27";"5";"2019";"17:45";"1";"31";"31107";"2";"1";"1";"7";"Chemin de Laveran";"43,2845580";"1,1884700"
"201900050928";"10";"5";"2019";"16:40";"1";"31";"31375";"1";"3";"1";"3";"Route de la Morère";"43,2314480";"1,1856570"
"201900050929";"10";"5";"2019";"17:15";"1";"31";"31052";"1";"1";"1";"1";"D4";"43,3798580";"1,3570390"
"201900050930";"9";"5";"2019";"17:00";"1";"31";"31507";"2";"1";"1";"1";"Route de Montaigut";"43,6948830";"1,2264380"
"201900050931";"3";"5";"2019";"16:10";"1";"31";"31118";"1";"1";"1";"7";"Route Départementale 20";"43,7792230";"1,3254010"
"201900050932";"11";"5";"2019";"18:30";"1";"31";"31066";"1";"1";"1";"2";"route de montauban";"43,8085590";"1,5718750"
"201900050933";"9";"5";"2019";"09:55";"1";"31";"31358";"2";"1";"1";"6";"1 Avenue du Mur de Ronde";"43,7176260";"1,5912130"
"201900050934";"20";"5";"2019";"23:00";"3";"31";"31579";"1";"1";"1";"6";"RD15";"43,7345020";"1,4886510"
"201900050935";"22";"5";"2019";"22:10";"3";"38";"38074";"1";"1";"1";"3";"D 1092";"45,2540100";"5,4559100"
"201900050936";"26";"5";"2019";"11:35";"1";"38";"38018";"1";"2";"1";"3";"D 518";"45,0694100";"5,3216400"
"201900050937";"30";"4";"2019";"08:38";"1";"38";"38416";"2";"1";"1";"2";"rue gambetta";"45,1535190";"5,3228680"
"201900050938";"19";"4";"2019";"18:00";"1";"38";"38409";"1";"1";"1";"1";"D 1532";"45,0645300";"5,2687200"
"201900050939";"20";"5";"2019";"10:50";"1";"38";"38175";"1";"1";"2";"1";"D10A";"45,2671700";"5,9094100"
"201900050940";"17";"5";"2019";"22:30";"3";"38";"38175";"1";"1";"3";"7";"d10a";"45,2667760";"5,9090710"
"201900050941";"2";"5";"2019";"08:00";"1";"38";"38140";"1";"3";"1";"3";"RD10";"45,2660660";"5,8982140"
"201900050942";"24";"5";"2019";"11:30";"1";"38";"38104";"1";"1";"1";"1";"Route de Bolland";"45,5897700";"5,5816500"
"201900050943";"16";"5";"2019";"09:30";"1";"38";"38315";"2";"1";"1";"6";"Place Flandrin";"45,5361810";"5,6699500"
"201900050944";"25";"5";"2019";"22:30";"3";"38";"38497";"1";"1";"1";"6";"La Sauze";"44,9141600";"5,7997800"
"201900050945";"8";"5";"2019";"12:00";"1";"38";"38269";"2";"1";"2";"6";"51 Avenue Chion Ducollet";"44,9035250";"5,7864340"
"201900050946";"1";"5";"2019";"15:25";"1";"13";"13010";"1";"1";"1";"1";"RD 35";"43,8994030";"4,7321370"
"201900050947";"30";"5";"2019";"05:30";"2";"2";"02801";"1";"1";"2";"6";"Vigneux";"49,7502690";"3,9814600"
"201900050948";"31";"5";"2019";"17:43";"1";"2";"02110";"1";"9";"1";"1";"D 22 Pk 26+700";"49,3484090";"3,5467880"
"201900050949";"27";"5";"2019";"19:29";"1";"2";"02589";"1";"1";"1";"1";"Ferme du Panthéon CD 18 CD pk 3+300";"49,4524010";"3,5352460"
"201900050950";"18";"5";"2019";"22:00";"3";"2";"02230";"1";"9";"2";"7";"Ferme de la siège";"49,3191310";"3,4789410"
"201900050951";"24";"5";"2019";"17:35";"1";"2";"02643";"1";"1";"1";"2";"RN31";"49,3974380";"3,1469900"
"201900050952";"11";"5";"2019";"21:35";"3";"2";"02420";"1";"1";"1";"7";"DEPARTEMENTALE 71 PK12+800";"49,9054250";"3,3112060"
"201900050953";"28";"5";"2019";"15:45";"1";"2";"02164";"1";"4";"1";"1";"Route de Jaulgonne";"49,1097760";"3,5496870"
"201900050954";"18";"5";"2019";"04:15";"3";"2";"02085";"1";"1";"1";"1";"CD 1";"49,1048030";"3,3983030"
"201900050955";"16";"5";"2019";"16:53";"1";"2";"02187";"2";"1";"1";"1";"79  avenue charles degaulle";"49,0394660";"3,4339660"
"201900050956";"15";"5";"2019";"13:45";"1";"2";"02114";"2";"9";"1";"2";"45 Avenue de Château-Thierry";"49,0440480";"3,4131620"
"201900050957";"3";"5";"2019";"19:30";"1";"2";"02560";"2";"1";"1";"7";"12 Rue de la Cense";"49,6954660";"3,4593360"
"201900050958";"25";"5";"2019";"12:10";"1";"84";"84066";"1";"1";"1";"1";"Route de Javon";"43,9457820";"5,3009520"