"Num_Acc";"jour";"mois";"an";"hrmn";"lum";"dep";"com";"agg";"int";"atm";"col";"adr";"lat";"long"
"201900050959";"25";"5";"2019";"12:25";"1";"84";"84085";"1";"1";"1";"3";"D4";"43,9688700";"5,2413070"
"201900050960";"29";"5";"2019";"17:00";"1";"3";"03083";"1";"3";"1";"1";"Les Boursons";"46,3361797";"3,3130566"
"201900050961";"14";"5";"2019";"14:50";"1";"3";"03148";"1";"1";"6";"6";"Les Bonichons";"46,2780956";"3,3305956"
"201900050962";"6";"12";"2019";"14:30";"1";"94";"94002";"2";"2";"2";"3";"ETIENNE DOLET (R)";"48,7987800";"2,4233400"
"201900050963";"6";"12";"2019";"08:50";"1";"93";"93066";"2";"1";"8";"6";"""PERI GABRIEL, NR 2  A 114 ET 1 A 133""";"48,9335100";"2,3555600"
"201900050964";"4";"12";"2019";"09:20";"1";"93";"93066";"2";"1";"1";"3";"STADE DE FRANCE (AVENUE DU)";"48,9196000";"2,3617000"
"201900050965";"5";"12";"2019";"15:00";"1";"93";"93066";"2";"1";"8";"3";"ELUARD PAUL NR 2 A 36 ET 1 A 49";"48,9392125";"2,3466003"
"201900050966";"4";"12";"2019";"11:00";"1";"93";"93066";"2";"3";"1";"6";"""BONNEVIDE, NR 2-56 ET 3-11""";"48,9388800";"2,3603700"
"201900050967";"6";"12";"2019";"00:50";"5";"93";"93077";"2";"1";"1";"6";"GRANDE RUE";"48,8825700";"2,5171600"
"201900050968";"6";"12";"2019";"13:15";"1";"93";"93055";"2";"1";"2";"1";"JEAN LOLIVE (AVENUE)(137/FIN ET 134/FIN)";"48,8931520";"2,4127330"
"201900050969";"3";"12";"2019";"08:05";"1";"93";"93050";"2";"1";"1";"1";"LOUIS ARMAND (RUE)";"48,8605120";"2,5202060"
"201900050970";"3";"12";"2019";"12:40";"1";"93";"93051";"2";"1";"1";"2";"SOUCHET (BOULEVARD)";"48,8398530";"2,5408720"
"201900050971";"5";"12";"2019";"22:10";"5";"93";"93063";"2";"4";"5";"3";"BARBUSSE HENRI BOULEVARD";"48,8811390";"2,4410760"
"201900050972";"2";"12";"2019";"09:00";"1";"93";"93031";"2";"1";"1";"6";"REPUBLIQUE (AVENUE)";"48,9497100";"2,3293800"
"201900050973";"4";"12";"2019";"08:55";"1";"93";"93014";"2";"1";"8";"6";"MONTFERMEIL (ALLEE DE)";"48,8991400";"2,5433100"
"201900050974";"6";"12";"2019";"16:25";"1";"93";"93057";"2";"1";"2";"2";"BRIAND ( AV. ARISTIDE) 1 A29";"48,9081000";"2,4935000"
"201900050975";"6";"12";"2019";"22:50";"5";"93";"93007";"2";"1";"2";"7";"PABLO NERUDA (AVENUE)";"48,9514557";"2,4679756"
"201900050976";"4";"12";"2019";"10:40";"1";"93";"93007";"2";"3";"1";"3";"GEORGES BIZET (RUE)";"48,9383740";"2,4687570"
"201900050977";"6";"12";"2019";"14:59";"1";"93";"93005";"2";"1";"2";"6";"ALBERT BALLET (RUE)";"48,9216310";"2,4910490"
"201900050978";"6";"12";"2019";"17:30";"5";"92";"92078";"2";"1";"1";"3";"GALLIENI (BD) (1 A 79 ET 22 A 102)";"48,9264092";"2,3286480"
"201900050979";"6";"12";"2019";"11:58";"1";"92";"92051";"2";"3";"2";"6";"CHARLES DE GAULLE (AVENUE, N°27 A 129)";"48,8813020";"2,2723060"
"201900050980";"4";"12";"2019";"21:20";"5";"92";"92036";"2";"1";"1";"6";"GENEAL DE GAULLE (AVENUE) (1/41)";"48,9333923";"2,3086557"
"201900050981";"5";"12";"2019";"18:00";"5";"92";"92036";"2";"1";"1";"6";"GENERAL DE GAULLE (AVENUE) (PAIRS)";"48,9331400";"2,3129200"
"201900050982";"6";"12";"2019";"10:10";"1";"92";"92024";"2";"2";"2";"6";"HENRI BARBUSSE (RUE) DE (73 A 139)/ MARTRE";"48,9008972";"2,3080301"
"201900050983";"6";"12";"2019";"13:50";"1";"92";"92012";"2";"2";"1";"3";"PAUL BERT (RUE)";"48,8348000";"2,2394800"
"201900050984";"6";"12";"2019";"17:15";"5";"49";"49333";"2";"3";"9";"3";"Rue Nationale";"47,5784470";" -0,3516264"
"201900050985";"7";"12";"2019";"01:00";"3";"22";"22004";"1";"1";"1";"7";"D767";"48,6447480";" -3,3269240"
"201900050986";"7";"12";"2019";"09:51";"1";"62";"62043";"2";"2";"1";"3";"Route d'Andres";"50,9064010";"1,9327240"
"201900050987";"7";"12";"2019";"10:45";"1";"59";"59287";"2";"1";"2";"4";"Rue du Chateau d'Eau";"50,1060990";"3,3377810"
"201900050988";"7";"12";"2019";"06:50";"3";"56";"56050";"1";"1";"1";"3";"93 Rue du Grand Champ de Brambuan";"47,9511460";" -2,5277520"
"201900050989";"6";"12";"2019";"20:55";"5";"56";"56005";"2";"1";"2";"7";"31 Rue des Ramandeurs";"47,5437186";" -2,8839612"
"201900050990";"6";"12";"2019";"22:00";"3";"71";"71410";"1";"1";"1";"6";"D978";"46,7005890";"5,0747900"
"201900050991";"6";"12";"2019";"13:30";"1";"63";"63323";"1";"1";"1";"7";"D265";"45,4412230";"3,6005040"
"201900050992";"6";"12";"2019";"14:24";"1";"86";"86075";"1";"1";"2";"1";"D347";"46,8192130";"0,1699880"
"201900050993";"18";"11";"2019";"14:03";"1";"34";"34207";"2";"1";"1";"6";"50 grande rue";"43,3883080";"3,5180700"
"201900050994";"6";"12";"2019";"13:30";"1";"68";"68349";"2";"2";"1";"3";"22 Rue des Alliés";"47,6096530";"7,5634160"
"201900050995";"6";"12";"2019";"19:15";"3";"22";"22061";"1";"1";"2";"1";"D3";"48,2199848";" -3,4258997"
"201900050996";"6";"12";"2019";"19:40";"3";"2";"02320";"1";"1";"2";"1";"D930";"49,8191680";"3,2046580"
"201900050997";"6";"12";"2019";"22:20";"3";"15";"15019";"1";"1";"1";"6";"D922";"45,3191300";"2,4087390"
"201900050998";"6";"12";"2019";"20:00";"3";"1";"01406";"1";"2";"1";"3";"D46";"46,4302650";"5,0660620"
"201900050999";"6";"12";"2019";"14:50";"1";"58";"58140";"1";"1";"8";"6";"RD27";"46,8684660";"3,9927150"
"201900051000";"7";"12";"2019";"14:15";"1";"72";"72297";"1";"1";"1";"6";"lieu dit tremblay";"48,1810270";"0,1204350"
"201900051001";"6";"12";"2019";"11:50";"1";"90";"90017";"2";"1";"1";"3";"20 Rue de Delle";"47,5575720";"6,9242110"
"201900051002";"6";"12";"2019";"20:05";"3";"9";"09046";"1";"1";"1";"6";"D3";"43,0834500";"1,1202430"
"201900051003";"7";"12";"2019";"18:30";"1";"60";"60477";"2";"1";"1";"4";"N31";"49,4267230";"1,9314530"
"201900051004";"5";"12";"2019";"10:10";"1";"18";"18109";"1";"1";"7";"1";"Lieu Dit le Perry";"47,3158610";"2,5123130"
"201900051005";"6";"12";"2019";"16:05";"1";"16";"16259";"1";"1";"8";"6";"Ld Chante Graule";"45,8793590";"0,6243500"
"201900051006";"7";"12";"2019";"10:23";"1";"4";"04054";"1";"1";"1";"6";"RN 85 Col de l'Orme";"44,0303500";"6,2051130"
"201900051007";"6";"12";"2019";"16:00";"1";"85";"85204";"1";"1";"1";"5";"D754";"46,8403900";" -1,7492980"
"201900051008";"7";"12";"2019";"17:46";"5";"87";"87041";"2";"9";"2";"6";"intersection rue des fosses et rue josniere C7";"46,1372270";"1,2715200"
"201900051009";"2";"12";"2019";"18:10";"3";"24";"24335";"1";"9";"1";"7";"Avenue d'Angoulême";"44,8488000";"0,2085300"
"201900051010";"6";"12";"2019";"07:20";"2";"77";"77295";"1";"1";"8";"5";"A5";"48,5689900";"2,7545400"
"201900051011";"7";"12";"2019";"07:30";"1";"973";"97309";"2";"1";"1";"2";"Route de Montjoly";"4,9239690";" -52,2838730"
"201900051012";"6";"12";"2019";"20:30";"3";"973";"97309";"1";"1";"1";"6";"Route de la Matourienne";"4,8719530";" -52,3068120"
"201900051013";"6";"12";"2019";"18:30";"5";"13";"13001";"1";"1";"1";"2";"A8 pk 19+700 direction lyon";"43,5133530";"5,4735650"
"201900051014";"7";"12";"2019";"12:40";"1";"34";"34123";"2";"1";"1";"6";"Route de Saint Georges d'Orques";"43,6129572";"3,8063723"
"201900051015";"7";"12";"2019";"07:45";"1";"974";"97415";"2";"1";"1";"6";"10 Avenue de Bourbon";" -21,0617900";"55,2233190"
"201900051016";"7";"12";"2019";"02:20";"3";"29";"29233";"2";"1";"2";"1";"Boulevard de la Gare";"47,8693132";" -3,5523015"
"201900051017";"5";"12";"2019";"07:35";"1";"91";"91338";"2";"1";"9";"6";"D988";"48,6492350";"2,0730580"
"201900051018";"6";"12";"2019";"20:30";"5";"91";"91047";"2";"4";"2";"3";"route de corbeil";"48,4888870";"2,3540410"
"201900051019";"22";"6";"2019";"07:20";"2";"91";"91226";"1";"1";"1";"3";"N20";"48,5108540";"2,2020130"
"201900051020";"5";"12";"2019";"17:35";"5";"66";"66094";"2";"1";"2";"6";"D40";"42,6073970";"2,9970810"
"201900051021";"6";"12";"2019";"19:05";"5";"6";"06048";"2";"1";"1";"6";"Route de la Pointe";"43,7869230";"7,3441000"
"201900051022";"6";"12";"2019";"19:20";"5";"70";"70528";"2";"4";"1";"2";"8 Rue d'Onay";"47,4164870";"5,7019110"
"201900051023";"7";"12";"2019";"07:45";"3";"89";"89108";"1";"1";"2";"2";"A6";"47,7692630";"3,7253350"
"201900051024";"6";"12";"2019";"22:40";"5";"71";"71090";"2";"1";"1";"6";"319 Route des Burriers";"46,2155020";"4,7485190"
"201900051025";"7";"12";"2019";"07:00";"3";"73";"73068";"1";"1";"9";"6";"RD102, ferme des gabelins";"45,5623238";"6,2089821"
"201900051026";"7";"12";"2019";"20:00";"5";"42";"42094";"2";"1";"8";"6";"5 Grande Rue de Randan";"45,7411222";"4,2179675"
"201900051027";"7";"12";"2019";"15:30";"1";"38";"38298";"2";"2";"1";"6";"10 Rue des Iles";"45,3687520";"4,7946480"
"201900051028";"7";"12";"2019";"10:45";"1";"69";"69094";"1";"1";"1";"7";"21 Route de Pollionnay";"45,7534200";"4,6813030"
"201900051029";"7";"12";"2019";"07:00";"3";"61";"61203";"1";"1";"2";"7";"D30";"48,3940240";"0,0564800"
"201900051030";"30";"11";"2019";"02:00";"3";"57";"57574";"1";"4";"9";"6";"14 Rue des Lilas";"49,4964360";"6,2165870"
"201900051031";"7";"12";"2019";"18:12";"5";"60";"60575";"2";"1";"1";"6";"1 Rue du Centre";"49,2900093";"2,2005296"
"201900051032";"6";"12";"2019";"21:15";"3";"59";"59161";"1";"9";"3";"2";"Rue des Liniers";"50,1237700";"3,2461300"
"201900051033";"29";"11";"2019";"18:20";"5";"13";"13215";"1";"1";"1";"4";"A55-Sens Marseille vers Martigues";"43,3557920";"5,3468542"
"201900051034";"4";"12";"2019";"19:15";"3";"83";"83123";"1";"1";"1";"2";"A50";"43,1271550";"5,8223040"
"201900051035";"6";"12";"2019";"09:50";"1";"33";"33192";"1";"1";"1";"3";"ROCADE A 630";"44,7890500";" -0,6023500"
"201900051036";"6";"12";"2019";"21:53";"3";"91";"91434";"1";"1";"2";"3";"AUTOROUTE A6";"48,6674760";"2,3578700"
"201900051037";"6";"12";"2019";"17:00";"3";"91";"91534";"1";"1";"2";"3";"RN 118";"48,7381900";"2,1785000"
"201900051038";"6";"12";"2019";"16:30";"1";"91";"91340";"1";"1";"2";"4";"RN 104";"48,6082900";"2,4382900"
"201900051039";"5";"12";"2019";"15:40";"1";"91";"91161";"1";"1";"1";"5";"AUTOROUTE A6";"48,6960000";"2,3172600"
"201900051040";"6";"12";"2019";"17:48";"4";"78";"78118";"1";"1";"2";"2";"A13";"48,9865720";"1,6665570"
"201900051041";"6";"12";"2019";"13:30";"1";"78";"78640";"1";"1";"2";"2";"A86 EXT";"48,7775600";"2,2198700"
"201900051042";"5";"12";"2019";"20:45";"3";"92";"92078";"1";"1";"1";"6";"AUTOROUTE A86";"48,9295925";"2,3283012"
"201900051043";"5";"12";"2019";"11:15";"1";"95";"95572";"1";"1";"5";"6";"AUTOROUTE A15";"49,0330800";"2,1050400"
"201900051044";"4";"12";"2019";"16:40";"1";"92";"92078";"1";"1";"2";"6";"AUTOROUTE A15";"48,9436437";"2,2877633"
"201900051045";"6";"12";"2019";"20:15";"3";"94";"94017";"1";"1";"2";"6";"A4";"48,8287204";"2,4770220"
"201900051046";"6";"12";"2019";"19:00";"3";"77";"77258";"1";"1";"2";"6";"A4.Y";"48,8307900";"2,6364800"
"201900051047";"6";"12";"2019";"06:00";"3";"77";"77181";"1";"1";"1";"4";"A4";"48,8293800";"2,7163100"
"201900051048";"29";"11";"2019";"09:53";"1";"63";"63075";"2";"2";"2";"2";"GAMBETTA (BOULEVARD)";"45,7680800";"3,0737800"
"201900051049";"30";"11";"2019";"18:51";"5";"63";"63113";"2";"5";"1";"6";"JULIEN (AVENUE)";"45,7738400";"3,0755300"
"201900051050";"3";"12";"2019";"18:25";"3";"41";"41047";"2";"1";"1";"4";"RD 952";"47,6007100";"1,3497600"
"201900051051";"28";"11";"2019";"17:35";"5";"37";"37261";"2";"1";"1";"6";"ALOUETTE (AVENUE)";"47,3622885";"0,6958284"
"201900051052";"28";"11";"2019";"10:45";"1";"37";"37261";"2";"1";"9";"1";"MARECHAL JUIN (BD)";"47,4086500";"0,7035400"
"201900051053";"23";"11";"2019";"22:00";"5";"14";"14118";"2";"1";"1";"3";"LEROY (BOULEVARD)";"49,1706900";" -0,3531500"
"201900051054";"4";"12";"2019";"21:15";"3";"11";"11069";"1";"3";"1";"3";"VILLEMOUSTAUSSOU -ROUTE DE-";"43,2325908";"2,3618916"
"201900051055";"4";"12";"2019";"11:34";"1";"93";"93055";"2";"1";"1";"3";"JEAN LOLIVE (AVENUE)(137/FIN ET 134/FIN)";"48,8943000";"2,4201000"
"201900051056";"4";"12";"2019";"07:27";"2";"92";"92072";"2";"1";"1";"2";"SAINT CLOUD (RUE DE)";"48,8287122";"2,2246359"
"201900051057";"3";"12";"2019";"06:20";"3";"93";"93078";"1";"1";"9";"6";"AUTOROUTE A104";"48,9676500";"2,5108000"
"201900051058";"5";"12";"2019";"20:30";"5";"974";"97407";"2";"1";"1";"7";"BIRHAKEIM (ALLEE)";" -20,9401900";"55,3042800"
"201900051059";"5";"12";"2019";"16:30";"1";"973";"97302";"2";"9";"1";"2";"UNIVERSITE CHICAGO (RUE DE)";"4,9356310";" -52,2987520"
"201900051060";"4";"12";"2019";"13:08";"1";"973";"97302";"2";"9";"1";"3";"COLLERY (ZONE INDUSTRIELLE)";"4,9009630";" -52,3276022"
"201900051061";"5";"12";"2019";"01:00";"5";"973";"97307";"1";"1";"1";"7";"CRIQUE FOUILLEE (ROND POINT)";"4,8971529";" -52,3287955"
"201900051062";"5";"12";"2019";"22:45";"5";"69";"69383";"2";"1";"5";"3";"GAMBETTA                            (CO)";"45,7519900";"4,8526800"
"201900051063";"5";"12";"2019";"20:55";"5";"69";"69259";"2";"1";"5";"6";"MARCEL CACHIN                       (AV)";"45,6923400";"4,8778800"
"201900051064";"5";"12";"2019";"17:20";"5";"69";"69387";"2";"2";"1";"3";"CHALOPIN                            (R )";"45,7520100";"4,8449700"
"201900051065";"5";"12";"2019";"18:15";"5";"972";"97213";"1";"1";"1";"2";"ROUTE NATIONALE 6";"14,5942300";" -60,9829400"
"201900051066";"5";"12";"2019";"13:55";"1";"972";"97213";"2";"1";"1";"6";"ROUTE DEPARTEMENTALE 14";"14,6207300";" -61,0205400"
"201900051067";"6";"12";"2019";"01:20";"5";"69";"69381";"2";"2";"1";"3";"ALGERIE (D')                        (R )";"45,7672200";"4,8309600"
"201900051068";"5";"12";"2019";"19:50";"5";"69";"69389";"2";"1";"5";"1";"SERGENT MICHEL BERTHET (DU)         (R )";"45,7665100";"4,8054200"
"201900051069";"5";"12";"2019";"00:05";"5";"69";"69385";"2";"2";"1";"3";"JOLIOT CURIE                        (R )";"45,7544200";"4,7817100"
"201900051070";"3";"12";"2019";"17:45";"5";"971";"97101";"1";"3";"1";"3";"PETIT PEROU";"16,2514800";" -61,5161500"
"201900051071";"3";"12";"2019";"12:35";"1";"91";"91471";"2";"2";"1";"6";"GUY MOQUET (RUE)";"48,7002830";"2,1881900"
"201900051072";"5";"12";"2019";"14:10";"1";"91";"91377";"2";"9";"1";"6";"BEL-AIR (AVENUE DU)";"48,7302500";"2,3021400"
"201900051073";"5";"12";"2019";"13:50";"1";"91";"91097";"2";"9";"1";"6";"ROCHOPT (RUE)";"48,6908900";"2,5257700"
"201900051074";"4";"12";"2019";"20:49";"5";"91";"91103";"2";"1";"1";"6";"COMMUNE DE PARIS (RUE DE LA)";"48,5939900";"2,3027900"
"201900051075";"21";"11";"2019";"19:20";"5";"85";"85191";"2";"1";"1";"6";" BOULEVARD ARISTIDE BRIAND";"46,6678500";" -1,4308400"
"201900051076";"4";"12";"2019";"18:15";"3";"82";"82121";"2";"3";"1";"3";"LANIS (CHEMIN DE)";"44,0297300";"1,3345200"
"201900051077";"4";"12";"2019";"17:20";"5";"80";"80021";"2";"2";"5";"3";"SAINT QUENTIN (BOULEVARD)";"49,8796500";"2,2920800"
"201900051078";"4";"12";"2019";"09:30";"1";"78";"78517";"2";"3";"1";"6";"CLAIREFONTAINE (RUE DE)";"48,6503100";"1,8310600"
"201900051079";"5";"12";"2019";"23:00";"5";"77";"77067";"1";"6";"5";"3";"D346 X D82";"48,5606200";"2,5958600"
"201900051080";"2";"12";"2019";"08:30";"1";"76";"76165";"2";"3";"1";"6";"MAZAGRAN. RUE";"49,2839027";"1,0123730"
"201900051081";"4";"12";"2019";"21:20";"5";"76";"76351";"2";"3";"1";"5";"DEMIDOFF (RUE)";"49,4975000";"0,1341100"
"201900051082";"4";"12";"2019";"21:25";"5";"76";"76305";"2";"3";"1";"1";"Jacques EBERHARD (Avenue)";"49,5078500";"0,2317000"
"201900051083";"4";"12";"2019";"13:15";"1";"67";"67365";"2";"3";"1";"3";"LECLERC (RUE DU GENERAL)";"48,5584120";"7,7120960"
"201900051084";"4";"12";"2019";"09:45";"1";"67";"67365";"2";"1";"7";"6";"MICHAEL FARADAY (RUE)";"48,5365400";"7,6993300"
"201900051085";"5";"12";"2019";"20:25";"5";"64";"64335";"2";"1";"1";"6";"AVENUE DE L'EUROPE";"43,3288599";" -0,3475481"
"201900051086";"5";"12";"2019";"17:45";"5";"64";"64445";"1";"1";"1";"4";"EUROPE DE L'";"43,3289000";" -0,3475700"
"201900051087";"4";"12";"2019";"18:35";"5";"64";"64348";"2";"1";"1";"2";"NORD SUD VOIE";"43,3012565";" -0,4096672"
"201900051088";"5";"12";"2019";"13:30";"1";"64";"64024";"2";"1";"1";"2";"HAUSQUETTE (RUE DE)";"43,4973100";" -1,5088400"
"201900051089";"4";"12";"2019";"12:50";"1";"64";"64102";"2";"1";"1";"3";"VAINSOT (RUE)";"43,4939800";" -1,4539600"
"201900051090";"5";"12";"2019";"13:15";"1";"63";"63113";"2";"1";"1";"6";"FOREST (AVENUE FERNAND)";"45,7998220";"3,1112999"
"201900051091";"3";"12";"2019";"13:55";"1";"62";"62178";"2";"6";"1";"3";"LIBERATION ( AVENUE )";"50,2955000";"2,3500000"
"201900051092";"4";"12";"2019";"17:30";"5";"57";"57672";"2";"1";"1";"6";"CHATEAU JEANNOT (RUE) ";"49,3671100";"6,1516300"
"201900051093";"2";"12";"2019";"18:25";"5";"56";"56098";"2";"1";"1";"2";"MITTERAND ( AV. FRANCOIS )";"47,7660600";" -3,3274900"
"201900051094";"2";"12";"2019";"15:45";"1";"56";"56098";"2";"1";"1";"6";"LAVOISIER (RUE  ANTOINE )";"47,7800700";" -3,3410600"
"201900051095";"1";"12";"2019";"18:48";"5";"56";"56083";"2";"6";"1";"3";"BOUETIEZ (LIEU-DIT)";"47,7982300";" -3,2513200"
"201900051096";"1";"12";"2019";"17:00";"1";"56";"56121";"2";"1";"1";"3";"MARIENNE ( AV CAPITAINE )";"47,7394900";" -3,3938800"
"201900051097";"29";"11";"2019";"20:05";"5";"56";"56121";"2";"1";"1";"6";"COSMAO-DUMANOIR ( BD )";"47,7540600";" -3,3673700"
"201900051098";"4";"12";"2019";"18:00";"5";"50";"50502";"2";"3";"1";"3";"HAVIN";"49,1148850";" -1,0904690"
"201900051099";"4";"12";"2019";"17:15";"2";"49";"49328";"1";"1";"1";"1";"VIEUX VIVY (ROUTE DU)";"47,2865600";" -0,0691500"
"201900051100";"4";"12";"2019";"18:38";"5";"49";"49007";"2";"1";"1";"3";"VILLESICARD RUE ET SQUARE";"47,4520000";" -0,5380600"
"201900051101";"29";"11";"2019";"12:30";"1";"47";"47201";"2";"3";"1";"3";"VERDUN";"44,1908600";"0,6042400"
"201900051102";"4";"12";"2019";"07:40";"5";"44";"44143";"2";"1";"1";"2";"RUE MAURICE JOUAUD";"47,1858300";" -1,5560800"
"201900051103";"16";"11";"2019";"02:00";"3";"42";"42189";"1";"1";"4";"2";"ROCADE OUEST";"45,4291300";"4,3499500"
"201900051104";"15";"11";"2019";"23:13";"3";"42";"42189";"1";"1";"4";"2";"ROCADE OUEST";"45,4291300";"4,3499500"
"201900051105";"28";"10";"2019";"18:50";"5";"42";"42189";"2";"3";"2";"4";"PASCAL BLAISE (BOULEVARD)";"45,4275300";"4,3196900"
"201900051106";"4";"12";"2019";"12:05";"1";"37";"37261";"1";"1";"1";"7";"DANEMARK (AVENUE DU)";"47,4317525";"0,6909585"
"201900051107";"3";"12";"2019";"14:45";"1";"37";"37122";"2";"1";"1";"6";"CHATEAUBRIAND (RUE DE)";"47,3513600";"0,6636500"
"201900051108";"2";"12";"2019";"23:35";"5";"37";"37261";"2";"2";"1";"3";"GIRAUDEAU (RUE)";"47,3797200";"0,6773800"
"201900051109";"4";"12";"2019";"18:54";"3";"36";"36202";"1";"1";"1";"6";"ROUTE DEPARTEMENTALE 64 B";"46,8344140";"1,6343611"
"201900051110";"4";"12";"2019";"11:45";"1";"33";"33281";"2";"6";"1";"3";"YSER (AVE DE L)";"44,8416200";" -0,6664400"
"201900051111";"4";"12";"2019";"16:15";"1";"33";"33162";"2";"2";"1";"3";"RUE ANDRE BLANC";"44,8784200";" -0,6413600"
"201900051112";"29";"11";"2019";"18:30";"3";"31";"31149";"2";"3";"1";"3";"SALVETAT (CHEMIN DE LA)";"43,5990800";"1,2954900"
"201900051113";"5";"12";"2019";"18:25";"5";"25";"25462";"2";"2";"1";"6";"DEPORTES DES";"46,9154100";"6,3424100"
"201900051114";"4";"12";"2019";"15:55";"1";"24";"24322";"2";"3";"1";"3";"ANGOULEME (ROUTE D')";"45,1993900";"0,6983400"
"201900051115";"25";"11";"2019";"17:25";"3";"24";"24557";"1";"1";"1";"1";"AVENUE DE L'AUTOMOBILE";"45,2018260";"0,7989830"
"201900051116";"5";"12";"2019";"17:55";"1";"14";"14327";"2";"2";"1";"7";"CD N° 60";"49,2126700";"0,3421700"
"201900051117";"4";"12";"2019";"15:00";"1";"13";"13211";"2";"1";"1";"6";"boulevard de la VALBARELLE ";"43,2865180";"5,4445640"
"201900051118";"5";"12";"2019";"13:45";"1";"13";"13211";"2";"6";"1";"5";"JEAN MONDET (ROND POINT )";"43,2899000";"5,4817600"
"201900051119";"5";"12";"2019";"18:20";"5";"13";"13047";"2";"9";"1";"3";"GEORGES GUYNEMER AVENUE";"43,5183700";"4,9649400"
"201900051120";"5";"12";"2019";"13:45";"1";"6";"06088";"2";"1";"1";"3";"VOIE RAPIDE";"43,7083450";"7,2701720"
"201900051121";"5";"12";"2019";"13:15";"1";"6";"06069";"2";"1";"1";"3";"PAOUTE (ROUTE ET TRAVERSE DE LA)";"43,6355330";"6,9567960"
"201900051122";"5";"12";"2019";"18:35";"5";"75";"75115";"2";"1";"1";"3";"BD PERIPHERIQUE EXTERIEUR";"48,8275960";"2,2918880"
"201900051123";"4";"12";"2019";"22:10";"5";"75";"75115";"2";"1";"1";"3";"BD PERIPHERIQUE EXTERIEUR";"48,8284525";"2,2896624"
"201900051124";"4";"12";"2019";"14:15";"1";"75";"75120";"2";"4";"1";"3";"BD PERIPHERIQUE INTERIEUR";"48,8673364";"2,4132119"
"201900051125";"4";"12";"2019";"13:10";"1";"75";"75116";"2";"1";"1";"2";"BD PERIPHERIQUE EXTERIEUR";"48,8649780";"2,2674270"
"201900051126";"5";"12";"2019";"20:15";"5";"75";"75105";"2";"3";"1";"6";"PLACE SAINT MICHEL";"48,8534210";"2,3441820"
"201900051127";"4";"12";"2019";"15:35";"1";"75";"75106";"2";"2";"1";"6";"RUE DES ECOLES";"48,8503380";"2,3426390"
"201900051128";"5";"12";"2019";"20:40";"5";"75";"75120";"2";"2";"5";"6";"RUE DE GUEBRIANT";"48,8728948";"2,4086286"
"201900051129";"5";"12";"2019";"18:45";"5";"75";"75120";"2";"2";"8";"3";"AVENUE LEON GAUMONT";"48,8492750";"2,4162018"
"201900051130";"5";"12";"2019";"09:30";"1";"75";"75117";"2";"4";"1";"6";"AVENUE DE VILLIERS";"48,8844446";"2,3012039"
"201900051131";"5";"12";"2019";"22:30";"5";"75";"75116";"2";"3";"5";"6";"AVENUE VICTOR HUGO";"48,8724919";"2,2919798"
"201900051132";"4";"12";"2019";"15:15";"1";"75";"75116";"2";"4";"1";"6";"RUE JEAN DE LA FONTAINE";"48,8503006";"2,2703075"
"201900051133";"5";"12";"2019";"08:55";"1";"75";"75116";"2";"3";"5";"3";"BOULEVARD LANNES";"48,8686649";"2,2733592"
"201900051134";"5";"12";"2019";"11:30";"1";"75";"75115";"2";"2";"1";"6";"RUE DU COMMERCE";"48,8462000";"2,2951970"
"201900051135";"5";"12";"2019";"06:50";"5";"75";"75115";"2";"3";"8";"3";"BOULEVARD LEFEBVRE";"48,8310141";"2,2923485"
"201900051136";"4";"12";"2019";"21:20";"5";"75";"75111";"2";"2";"1";"4";"RUE DE LA ROQUETTE";"48,8567735";"2,3778786"
"201900051137";"5";"12";"2019";"09:50";"1";"75";"75111";"2";"2";"1";"6";"AVENUE LEDRU ROLLIN";"48,8532765";"2,3772955"
"201900051138";"5";"12";"2019";"15:30";"1";"94";"94077";"2";"1";"1";"6";"PARMENTIER (AV)";"48,7417000";"2,4211000"
"201900051139";"5";"12";"2019";"10:40";"1";"94";"94074";"2";"1";"8";"2";"JULIEN DURANTON (avenue)";"48,7687600";"2,4467500"
"201900051140";"4";"12";"2019";"19:45";"5";"94";"94046";"2";"3";"1";"1";"REPUBLIQUE (AV DE LA)";"48,8065480";"2,4433350"
"201900051141";"16";"6";"2019";"14:06";"1";"37";"37233";"2";"2";"1";"3";"DUCLOS (AVENUE JACQUES)";"47,3812115";"0,7367602"
"201900051142";"15";"6";"2019";"06:25";"1";"37";"37233";"2";"2";"1";"3";"STALINGRAD (AVENUE)";"47,3872700";"0,7203200"
"201900051143";"14";"6";"2019";"23:00";"5";"37";"37261";"2";"2";"1";"6";"DEVILDE (RUE)";"47,4112900";"0,6913600"
"201900051144";"14";"6";"2019";"19:35";"1";"37";"37261";"2";"1";"1";"6";"ALOUETTE (AVENUE)";"47,3622423";"0,6957165"
"201900051145";"14";"6";"2019";"11:40";"1";"37";"37261";"2";"1";"1";"6";"VAILLANT (RUE EDOUARD)";"47,3773235";"0,7128037"
"201900051146";"13";"6";"2019";"14:25";"1";"37";"37214";"2";"1";"1";"6";"DE GAULLE (BD CHARLES)";"47,4154861";"0,6684658"
"201900051147";"12";"6";"2019";"13:25";"1";"37";"37261";"2";"1";"3";"6";"ALOUETTE (AVENUE)";"47,3628928";"0,6968333"
"201900051148";"12";"6";"2019";"09:51";"1";"37";"37261";"2";"3";"2";"3";"MAINE (RUE DU)";"47,4256289";"0,6795383"
"201900051149";"10";"6";"2019";"21:00";"2";"37";"37261";"2";"1";"1";"3";"ROUGE (RUE JACQUES-MARIE)";"47,3837954";"0,6973357"