"Num_Acc";"jour";"mois";"an";"hrmn";"lum";"dep";"com";"agg";"int";"atm";"col";"adr";"lat";"long"
"201900051150";"10";"6";"2019";"18:25";"1";"37";"37261";"2";"1";"1";"6";"BREL (RUE JACQUES)";"47,4333800";"0,6989300"
"201900051151";"9";"6";"2019";"16:05";"1";"37";"37261";"2";"3";"1";"3";"BOISDENIER (RUE DE)";"47,3843603";"0,6830360"
"201900051152";"9";"6";"2019";"17:07";"1";"37";"37261";"2";"1";"1";"7";"DANIEL MAYER";"47,4185828";"0,6900273"
"201900051153";"7";"6";"2019";"10:23";"1";"37";"37122";"2";"1";"2";"7";"RD 37";"47,3737246";"0,6526921"
"201900051154";"7";"6";"2019";"09:40";"1";"37";"37261";"2";"1";"3";"3";"PONT CHER (AVENUE DE)";"47,3689062";"0,6765911"
"201900051155";"6";"6";"2019";"07:37";"1";"37";"37122";"2";"1";"1";"6";"RD 37";"47,3418850";"0,6480866"
"201900051156";"5";"6";"2019";"16:10";"1";"37";"37261";"2";"1";"8";"6";"BOISDENIER (RUE DE)";"47,3840994";"0,6895680"
"201900051157";"5";"6";"2019";"12:10";"1";"37";"37261";"2";"1";"3";"6";"TRIBUT (RUE MARCEL)";"47,3894000";"0,6976700"
"201900051158";"4";"6";"2019";"18:00";"1";"37";"37261";"2";"1";"1";"6";"PROUDHON (AVENUE)";"47,3946345";"0,6700816"
"201900051159";"3";"6";"2019";"16:00";"1";"37";"37261";"2";"2";"1";"3";"CLUZEL (RUE DU)";"47,3825745";"0,6848018"
"201900051160";"2";"6";"2019";"17:01";"1";"37";"37261";"2";"1";"1";"5";"BERT (QUAI PAUL)";"47,4016918";"0,6887643"
"201900051161";"2";"6";"2019";"09:20";"1";"37";"37233";"2";"1";"1";"7";"FOUSSIER (IMPASSE ANDRE)";"47,3914500";"0,7129800"
"201900051162";"1";"6";"2019";"15:05";"1";"37";"37261";"2";"3";"1";"5";"MAINE (RUE DU)";"47,4256278";"0,6795265"
"201900051163";"1";"6";"2019";"06:50";"1";"37";"37261";"2";"1";"1";"7";"PROUDHON (AVENUE)";"47,3947148";"0,6704221"
"201900051164";"31";"5";"2019";"12:34";"1";"37";"37122";"2";"1";"1";"2";"CHINON (BOULEVARD DE)";"47,3503436";"0,6768490"
"201900051165";"30";"5";"2019";"18:00";"1";"37";"37233";"2";"2";"1";"2";"PERI (RUE GABRIEL)";"47,3897800";"0,7152000"
"201900051166";"30";"5";"2019";"16:00";"1";"37";"37261";"2";"2";"1";"3";"SUEDE (RUE DE)";"47,4354538";"0,6931806"
"201900051167";"5";"6";"2019";"17:05";"1";"36";"36202";"1";"1";"2";"6";"16 ROUTE DE CHATELLERAULT";"46,7982564";"1,6386527"
"201900051168";"4";"6";"2019";"20:20";"1";"35";"35288";"2";"6";"1";"6";"GREVES DE CHASLES (CARREFOUR)";"48,6399600";" -2,0087600"
"201900051169";"17";"6";"2019";"15:45";"1";"35";"35238";"2";"9";"1";"3";"ALMA (DE L')";"48,0992600";" -1,6757400"
"201900051170";"14";"6";"2019";"10:00";"1";"35";"35238";"2";"2";"1";"3";"CHATEAUGIRON (DE)";"48,0951310";" -1,6375700"
"201900051171";"14";"6";"2019";"08:45";"1";"35";"35207";"1";"1";"1";"4";"RN157";"48,1133400";" -1,5490400"
"201900051172";"14";"6";"2019";"08:30";"1";"35";"35238";"2";"1";"1";"6";"PAVIE (AUGUSTE)";"48,1045640";" -1,6489690"
"201900051173";"12";"6";"2019";"12:16";"1";"35";"35281";"1";"6";"2";"3";"DODIN (AVENUE ROGER)";"48,0870690";" -1,7073590"
"201900051174";"11";"6";"2019";"19:00";"1";"35";"35238";"1";"1";"3";"4";"RN136";"48,1118400";" -1,7182800"
"201900051175";"10";"6";"2019";"11:10";"1";"35";"35238";"2";"1";"1";"3";"SAINT-HELIER";"48,1070700";" -1,6710300"
"201900051176";"7";"6";"2019";"20:15";"1";"35";"35238";"2";"1";"6";"3";"SOLFERINO (BD)";"48,1043400";" -1,6702600"
"201900051177";"7";"6";"2019";"10:15";"1";"35";"35238";"2";"2";"1";"6";"LAMARTINE (QUAI)";"48,1101900";" -1,6779400"
"201900051178";"6";"6";"2019";"18:08";"1";"35";"35238";"1";"1";"1";"2";"RN136";"48,0839828";" -1,6421247"
"201900051179";"6";"6";"2019";"12:10";"1";"35";"35238";"2";"1";"1";"2";"TILLON (AVENUE CHARLES)";"48,1254800";" -1,6964800"
"201900051180";"5";"6";"2019";"07:00";"1";"35";"35238";"2";"1";"1";"6";"PATTON (AVENUE DU GENERAL SIR GEORGES)";"48,1337700";" -1,6603200"
"201900051181";"1";"6";"2019";"02:20";"5";"35";"35238";"2";"1";"1";"6";"176 FOUGERES (RUE DE)";"48,1242630";" -1,6583470"
"201900051182";"30";"5";"2019";"18:00";"1";"35";"35238";"2";"1";"1";"3";"MUSSAT (AVENUE ANDRE)";"48,1313000";" -1,6951000"
"201900051183";"16";"5";"2019";"08:00";"1";"35";"35051";"1";"1";"1";"2";"PORTE DE LA RIGOURDIERE";"48,1139900";" -1,5790300"
"201900051184";"30";"5";"2019";"13:45";"1";"35";"35238";"1";"1";"1";"4";"PORTE DE LORIENT";"48,1084000";" -1,7175400"
"201900051185";"18";"6";"2019";"07:45";"1";"35";"35115";"2";"1";"1";"5";"GROSLAY (BD DE JUSQU'AU N°23)";"48,3596300";" -1,1869200"
"201900051186";"18";"6";"2019";"08:20";"1";"34";"34129";"2";"1";"1";"2";"VERDUN (PLACE DE)";"43,5674900";"3,9016200"
"201900051187";"17";"6";"2019";"11:04";"1";"34";"34172";"2";"2";"1";"3";"BRINGUIER (AVENUE PAUL)";"43,6136863";"3,8391666"
"201900051188";"14";"6";"2019";"17:40";"1";"34";"34172";"2";"1";"2";"3";"PALAVAS (AVENUE DE)";"43,5963500";"3,8875300"
"201900051189";"14";"6";"2019";"06:15";"2";"34";"34172";"2";"2";"1";"3";"CHAPTAL (RUE)";"43,6049600";"3,8699400"
"201900051190";"13";"6";"2019";"09:30";"1";"34";"34129";"2";"1";"1";"3";"D132";"43,5724800";"3,8936500"
"201900051191";"12";"6";"2019";"13:00";"1";"34";"34172";"2";"1";"1";"6";"BERTHELOT (BOULEVARD)";"43,6014200";"3,8690310"
"201900051192";"11";"6";"2019";"11:30";"1";"34";"34172";"2";"2";"2";"3";"PELLICIER (RUE GUILLAUME)";"43,6090400";"3,8669500"
"201900051193";"10";"6";"2019";"15:50";"1";"34";"34172";"2";"1";"1";"3";"RABELAIS (BOULEVARD)";"43,6010843";"3,8812208"
"201900051194";"4";"6";"2019";"16:10";"1";"34";"34172";"2";"2";"1";"4";"CARDONILLE (RUE DE LA)";"43,6362800";"3,8479900"
"201900051195";"5";"6";"2019";"09:45";"1";"34";"34172";"2";"1";"1";"3";"MOULARES (CHEMIN DE";"43,5954900";"3,8914200"
"201900051196";"3";"6";"2019";"13:30";"1";"34";"34172";"2";"2";"1";"1";"LIBERTE (AVENUE DE LA";"43,6113600";"3,8280000"
"201900051197";"2";"6";"2019";"11:10";"1";"34";"34172";"2";"1";"1";"2";"LIBERTE (AVENUE DE LA";"43,6088600";"3,8428000"
"201900051198";"1";"6";"2019";"19:20";"1";"34";"34172";"2";"1";"1";"2";"GANGES (ROUTE DE";"43,6363900";"3,8478600"
"201900051199";"28";"5";"2019";"16:00";"1";"34";"34172";"2";"3";"1";"3";"MOULIN DE SEMALEN (RUE DU)";"43,6097600";"3,8955100"
"201900051200";"31";"5";"2019";"18:00";"1";"34";"34172";"2";"3";"1";"6";"BERTHELOT (BOULEVARD)";"43,5997200";"3,8755900"
"201900051201";"31";"5";"2019";"16:45";"1";"34";"34172";"2";"1";"1";"3";"CITADELLE (ALLEE DE LA)";"43,6121000";"3,8827300"
"201900051202";"6";"6";"2019";"07:50";"1";"34";"34032";"2";"1";"1";"7";"MOULIN JEAN (AV)";"43,3533200";"3,2339000"
"201900051203";"1";"6";"2019";"15:35";"1";"34";"34032";"2";"1";"7";"7";"STRASBOURG (BD DE)";"43,3472900";"3,2184300"
"201900051204";"19";"6";"2019";"00:06";"5";"33";"33167";"2";"2";"3";"3";"AVE H. DUBEDOUT";"44,8470700";" -0,5103000"
"201900051205";"29";"5";"2019";"21:30";"1";"33";"33039";"2";"9";"1";"3";"Rte de Toulouse / Chem de l'Epargne";"44,7936470";" -0,5674810"
"201900051206";"17";"6";"2019";"08:00";"1";"33";"33075";"2";"2";"1";"3";"RUE DES REDUITS";"44,8841800";" -0,5990700"
"201900051207";"30";"5";"2019";"17:00";"1";"33";"33069";"2";"2";"1";"3";"AVE PIERRE BROSSOLETTE";"44,8580900";" -0,6003500"
"201900051208";"16";"6";"2019";"02:20";"5";"33";"33318";"2";"1";"1";"6";"AVE DE BEUTRE";"44,8018000";" -0,6790400"
"201900051209";"16";"6";"2019";"00:45";"5";"33";"33063";"2";"1";"1";"6";"BD JOLIOT-CURIE sens Cenon - Bordeaux";"44,8406500";" -0,5436500"
"201900051210";"15";"6";"2019";"19:45";"1";"33";"33281";"2";"3";"1";"3";"AVE PIERRE MENDES FRANCE";"44,8147900";" -0,6347900"
"201900051211";"14";"6";"2019";"16:55";"1";"33";"33063";"2";"3";"1";"3";"38 RTE DE TOULOUSE";"44,8131800";" -0,5733100"
"201900051212";"29";"5";"2019";"15:40";"1";"33";"33063";"2";"6";"1";"6";"PCE RENE MARAN";"44,8756000";" -0,5534900"
"201900051213";"26";"5";"2019";"06:50";"1";"33";"33318";"2";"4";"1";"3";"AVE DU GENERAL LECLERC";"44,7991000";" -0,6631800"
"201900051214";"22";"5";"2019";"11:30";"1";"33";"33063";"2";"2";"1";"6";"RUE BLANQUI";"44,8699180";" -0,5507130"
"201900051215";"12";"6";"2019";"13:00";"1";"33";"33063";"2";"3";"3";"2";"RUE BERNARD ADOUR CAUD";"44,8382400";" -0,6093040"
"201900051216";"21";"5";"2019";"20:30";"1";"33";"33063";"2";"1";"1";"6";"LOUIS XVIII (QUAI )";"44,8484000";" -0,5703600"
"201900051217";"23";"5";"2019";"17:40";"1";"33";"33065";"1";"1";"1";"6";"RUE DE LA GABARE";"44,8151000";" -0,5224000"
"201900051218";"17";"5";"2019";"08:30";"1";"33";"33063";"2";"2";"2";"6";"BD DU PRESIDENT WILSON";"44,8365990";" -0,5988884"
"201900051219";"11";"6";"2019";"15:20";"1";"33";"33075";"2";"3";"1";"6";"Rte du Médoc / Accès parking centre commercial";"44,8752000";" -0,6195600"
"201900051220";"11";"6";"2019";"13:00";"1";"33";"33550";"2";"4";"1";"2";"RUE DE LA CROIX DE MONJOUS";"44,7805300";" -0,5861800"
"201900051221";"13";"5";"2019";"09:30";"1";"33";"33063";"2";"2";"1";"6";"CRS MARECHAL JUIN";"44,8345100";" -0,5884500"
"201900051222";"16";"5";"2019";"14:40";"1";"33";"33075";"2";"3";"1";"2";"RUE PIERRE DUCASSE";"44,8836000";" -0,5936000"
"201900051223";"9";"6";"2019";"01:05";"5";"33";"33063";"2";"4";"1";"3";"CRS D'ALSACE ET LORRAINE";"44,8379900";" -0,5677200"
"201900051224";"9";"6";"2019";"00:15";"5";"33";"33119";"2";"2";"1";"3";"AVE JEAN JAURES";"44,8570000";" -0,5323200"
"201900051225";"8";"6";"2019";"20:35";"1";"33";"33249";"2";"1";"1";"6";"QUAI ELISABETH DUPEYRON";"44,8712000";" -0,5374700"
"201900051226";"8";"6";"2019";"08:25";"1";"33";"33063";"2";"3";"7";"6";"PCE BIR HAKEIM";"44,8365900";" -0,5653300"
"201900051227";"7";"6";"2019";"17:35";"1";"33";"33318";"2";"1";"1";"6";"RUE DE LA MIRANTE";"44,8021500";" -0,6719700"
"201900051228";"7";"6";"2019";"16:25";"1";"33";"33522";"2";"4";"1";"4";"Bd du Président Franklin Roosevelt / R. de la Fraternité";"44,8202360";" -0,5813840"
"201900051229";"7";"6";"2019";"11:27";"1";"33";"33249";"1";"1";"1";"6";"RUE DES CAVAILLES";"44,8640800";" -0,5248500"
"201900051230";"13";"7";"2019";"02:30";"5";"33";"33063";"2";"1";"1";"3";"RUE DE BEGLES";"44,8178400";" -0,5662000"
"201900051231";"15";"5";"2019";"17:05";"1";"33";"33522";"2";"3";"1";"6";"AVE ROUL";"44,8059400";" -0,5983800"
"201900051232";"7";"6";"2019";"07:35";"1";"33";"33063";"2";"1";"3";"3";"QUAI DES CHARTRONS";"44,8507100";" -0,5694200"
"201900051233";"15";"5";"2019";"11:20";"1";"33";"33063";"2";"1";"1";"5";"BD ALFRED DANEY";"44,8687900";" -0,5689300"
"201900051234";"6";"6";"2019";"15:20";"1";"33";"33200";"2";"3";"1";"3";"Av  Pasteur / Av de l'Aiglon";"44,8670060";" -0,6685710"
"201900051235";"6";"6";"2019";"13:50";"1";"33";"33063";"2";"1";"1";"4";"AVE DE NONTRASTE";"44,8773700";" -0,5650300"
"201900051236";"5";"6";"2019";"11:20";"1";"33";"33069";"2";"1";"3";"6";"RUE PASTEUR";"44,8592700";" -0,6017300"
"201900051237";"6";"6";"2019";"07:55";"1";"33";"33162";"2";"3";"1";"3";"AVE DE SAINT-MEDARD";"44,8630400";" -0,6552400"
"201900051238";"29";"5";"2019";"19:10";"1";"33";"33281";"1";"1";"1";"6";"AVE FRANCOIS MITTERRAND";"44,8152000";" -0,6833100"
"201900051239";"26";"5";"2019";"21:20";"5";"33";"33069";"2";"1";"1";"3";"65 AVE DE L'HIPPODROME - cyclo sort du parking coté n°impairs vers Rte du Médoc puis est percuté par VT A ne respectant pas feu rouge chantier";"44,8740600";" -0,6287800"
"201900051240";"22";"5";"2019";"17:15";"1";"33";"33063";"2";"2";"1";"6";"RUE ROBERT SCHUMAN";"44,8581600";" -0,5845900"
"201900051241";"30";"5";"2019";"01:55";"5";"33";"33063";"2";"2";"1";"6";"RUE JUDAIQUE";"44,8407710";" -0,5922770"
"201900051242";"21";"5";"2019";"14:30";"1";"33";"33281";"2";"2";"1";"3";"Av Roland Garros/Accès Hôtel/R. des Avions Antoinette";"44,8322900";" -0,6908800"
"201900051243";"4";"6";"2019";"12:00";"1";"33";"33200";"2";"1";"1";"6";"Av.DE MAGUDAS";"44,8581700";" -0,6796900"
"201900051244";"4";"6";"2019";"19:47";"1";"33";"33249";"2";"3";"1";"6";"DUPIN (RUE ANDRE)";"44,8797000";" -0,5229600"
"201900051245";"4";"6";"2019";"17:45";"1";"33";"33063";"2";"3";"1";"6";"RUE DE L'EGLISE CAUD";"44,8506600";" -0,6140200"
"201900051246";"19";"5";"2019";"18:00";"1";"33";"33069";"2";"3";"1";"3";"Av de Tivoli/R. Bourbaki";"44,8607020";" -0,5926610"
"201900051247";"4";"6";"2019";"14:15";"1";"33";"33069";"2";"3";"1";"3";"GODARD (BD )";"44,8657300";" -0,5763900"
"201900051248";"14";"5";"2019";"12:00";"1";"33";"33119";"2";"3";"1";"1";"R. Jules Guesde/R. Albert Dupeyron";"44,8569980";" -0,5373950"
"201900051249";"10";"5";"2019";"02:00";"5";"33";"33063";"2";"3";"1";"6";"CRS BALGUERIE STUTTENBERG";"44,8599767";" -0,5645395"
"201900051250";"4";"6";"2019";"00:30";"5";"33";"33069";"2";"2";"1";"1";"BD PIERRE 1ER";"44,8569700";" -0,5911000"
"201900051251";"1";"6";"2019";"02:30";"5";"33";"33063";"2";"1";"1";"6";"PONT SAINT JEAN";"44,8302300";" -0,5552200"
"201900051252";"30";"5";"2019";"21:00";"2";"33";"33200";"2";"3";"1";"3";"AVE DE LA REPUBLIQUE";"44,8728200";" -0,6814700"
"201900051253";"6";"6";"2019";"09:30";"1";"33";"33075";"2";"2";"1";"3";"RUE DE LA TOUR DE GASSIES";"44,8819300";" -0,6207900"
"201900051254";"29";"5";"2019";"07:10";"1";"33";"33249";"2";"1";"1";"6";"RTE DE CARBON-BLANC";"44,8807000";" -0,5237500"
"201900051255";"9";"6";"2019";"17:10";"1";"33";"33009";"2";"1";"1";"6";"PLAGE (BD DE LA)  53";"44,6589300";" -1,1518300"
"201900051256";"12";"6";"2019";"16:10";"1";"33";"33529";"1";"9";"1";"2";"RN250 (BONNEVAL - LA HUME) - Z.A.";"44,6165800";" -1,1382100"
"201900051257";"11";"6";"2019";"17:25";"1";"33";"33529";"2";"9";"2";"2";"INDUSTRIE (BD DE L') DU 02 ET +";"44,6125500";" -1,1284400"
"201900051258";"7";"6";"2019";"12:25";"1";"33";"33529";"2";"3";"1";"3";"Av de l'Europe / Av.Curie ";"44,6166500";" -1,1133800"
"201900051259";"31";"5";"2019";"10:20";"1";"33";"33529";"2";"2";"1";"3";"PARC DES EXPOSITIONS (Ave du)";"44,6148600";" -1,1187400"
"201900051260";"4";"6";"2019";"10:20";"1";"32";"32013";"1";"1";"1";"6";"ARCADIE (CHEMIN D')";"43,6495400";"0,5606800"
"201900051261";"18";"6";"2019";"06:15";"1";"31";"31555";"1";"1";"1";"5";"VA007331 A620";"43,6123400";"1,4174300"
"201900051262";"17";"6";"2019";"07:55";"1";"31";"31555";"2";"1";"1";"3";"RUE DU DR MARCEL BOUVIER";"43,6247400";"1,4568000"
"201900051263";"17";"6";"2019";"10:20";"1";"31";"31555";"2";"1";"1";"6";"RUE DE LIMAYRAC";"43,5928500";"1,4750000"
"201900051264";"16";"6";"2019";"03:10";"4";"31";"31555";"2";"2";"1";"3";"RTE D AGDE";"43,6281300";"1,4793600"
"201900051265";"16";"6";"2019";"00:01";"5";"31";"31555";"2";"1";"1";"6";"BD DE STRASBOURG";"43,6075900";"1,4467400"
"201900051266";"15";"6";"2019";"19:10";"1";"31";"31555";"2";"2";"1";"3";"CHE DE CROIX BENITE";"43,6639700";"1,4330200"
"201900051267";"15";"6";"2019";"14:15";"1";"31";"31555";"2";"1";"1";"3";"RTE DE LAUNAGUET";"43,6600600";"1,4389600"
"201900051268";"15";"6";"2019";"03:30";"5";"31";"31149";"2";"1";"1";"6";"SAINT GRANIER (AVENUE DE)";"43,5975600";"1,3633900"
"201900051269";"14";"6";"2019";"20:15";"1";"31";"31555";"2";"1";"1";"2";"GLOIRE (AV DE LA) DU 2AU 160";"43,6055200";"1,4589500"
"201900051270";"14";"6";"2019";"19:15";"1";"31";"31555";"2";"1";"1";"3";"PL ROQUELAINE";"43,6127500";"1,4487500"
"201900051271";"14";"6";"2019";"16:00";"1";"31";"31555";"1";"1";"1";"4";"VA007331 A620";"43,5749800";"1,4091400"
"201900051272";"13";"6";"2019";"18:30";"1";"31";"31555";"2";"3";"1";"3";"SALADE PONSAN (CHE DE LA) DU 19AU 181";"43,5987100";"1,4514300"
"201900051273";"12";"6";"2019";"20:50";"2";"31";"31555";"2";"3";"1";"3";"MARCAISSONNE (AV DE LA) DU 1AU 157";"43,5732800";"1,5003400"
"201900051274";"12";"6";"2019";"13:55";"1";"31";"31555";"2";"1";"1";"2";"RUE DU CHER";"43,5817900";"1,4064500"
"201900051275";"11";"6";"2019";"15:00";"1";"31";"31555";"1";"1";"1";"6";"VA008482 A624";"43,6051600";"1,3972800"
"201900051276";"11";"6";"2019";"08:35";"1";"31";"31555";"2";"3";"2";"3";"CHE DU SEMINAIRE";"43,6394000";"1,4391800"
"201900051277";"10";"6";"2019";"18:05";"1";"31";"31555";"2";"1";"1";"3";"ALL DE BRIENNE";"43,6056400";"1,4316900"
"201900051278";"10";"6";"2019";"07:45";"1";"31";"31555";"1";"1";"3";"7";"VA007331 A620";"43,5735900";"1,4657000"
"201900051279";"8";"6";"2019";"19:00";"1";"31";"31555";"2";"1";"1";"1";"CHE DU CHAPITRE";"43,5594000";"1,4109400"
"201900051280";"7";"6";"2019";"17:16";"1";"31";"31555";"2";"1";"1";"1";"IMP DES VERGERS";"43,5913000";"1,3986100"
"201900051281";"7";"6";"2019";"13:20";"1";"31";"31555";"2";"1";"1";"3";"RUE DE LA CHARENTE";"43,5828900";"1,4093900"
"201900051282";"7";"6";"2019";"08:40";"1";"31";"31555";"2";"1";"1";"3";"RUE MICHEL ANGE";"43,6271900";"1,4458400"
"201900051283";"6";"6";"2019";"17:08";"1";"31";"31555";"2";"6";"1";"3";"RTE DE REVEL";"43,5667000";"1,5089100"
"201900051284";"6";"6";"2019";"13:30";"1";"31";"31555";"2";"1";"1";"6";"REYNERIE (AV DE) DU 66AU 85";"43,5750300";"1,4056600"
"201900051285";"3";"6";"2019";"17:14";"1";"31";"31069";"1";"1";"1";"7";"VOIE LACTEE (RD902)";"43,6498300";"1,3655100"
"201900051286";"4";"6";"2019";"19:25";"1";"31";"31555";"1";"1";"1";"3";"VA007473 A62";"43,6499500";"1,4320900"
"201900051287";"2";"6";"2019";"03:00";"5";"31";"31555";"2";"7";"1";"3";"PL ROGER SALENGRO";"43,6029600";"1,4448400"
"201900051288";"1";"6";"2019";"06:25";"2";"31";"31555";"2";"1";"1";"6";"CHE DE MOULIS";"43,6655900";"1,4388500"
"201900051289";"1";"6";"2019";"18:29";"1";"31";"31555";"1";"1";"1";"3";"SAINT SIMON (RTE DE) DU 3 AU 108";"43,5857800";"1,4037800"
"201900051290";"31";"5";"2019";"19:23";"1";"31";"31555";"2";"1";"1";"4";"CHE DE RISPET";"43,6486600";"1,4394700"
"201900051291";"31";"5";"2019";"15:00";"1";"31";"31555";"2";"2";"1";"3";"AV DE BIARRITZ";"43,6074700";"1,4096500"
"201900051292";"31";"5";"2019";"02:00";"5";"31";"31555";"2";"1";"1";"1";"PORT DE L EMBOUCHURE";"43,6109100";"1,4187000"
"201900051293";"30";"5";"2019";"11:50";"1";"31";"31555";"1";"1";"1";"2";"VA007553 A61";"43,6202200";"1,4818600"
"201900051294";"29";"5";"2019";"15:50";"1";"31";"31149";"2";"1";"1";"6";"AMPERE (AVENUE ANDRE MARIE)";"43,6111200";"1,3058800"
"201900051295";"14";"6";"2019";"01:05";"5";"30";"30189";"2";"3";"1";"6";"ALOUETTE (CHEMIN)";"43,8364500";"4,3370100"
"201900051296";"12";"6";"2019";"22:40";"5";"30";"30189";"2";"1";"1";"6";"ALLENDE SALVADOR (RUE)";"43,8326000";"4,3850000"
"201900051297";"9";"6";"2019";"02:50";"5";"30";"30189";"2";"3";"1";"3";"FAITA VINCENT (RUE)";"43,8456900";"4,3716500"
"201900051298";"17";"6";"2019";"08:42";"1";"30";"30028";"2";"1";"1";"3";"ROUTE D'AVIGNON";"44,1554860";"4,6398160"
"201900051299";"31";"5";"2019";"08:40";"1";"30";"30007";"1";"2";"1";"3";"BAGNOLS (ROUTE DE)";"44,1306400";"4,1132500"
"201900051300";"17";"6";"2019";"16:00";"1";"29";"29232";"2";"6";"1";"6";"ERGUE ARMEL  ROND POINT D'";"47,9836633";" -4,0746596"
"201900051301";"12";"6";"2019";"20:23";"1";"29";"29232";"1";"9";"2";"7";"RN 165";"48,0272600";" -4,0860400"
"201900051302";"14";"6";"2019";"14:32";"1";"29";"29232";"2";"9";"1";"7";"TREQUEFFELEC  ROND POINT DE";"48,0034499";" -4,0838770"
"201900051303";"11";"6";"2019";"17:00";"1";"29";"29232";"2";"1";"2";"6";"LE DEAN AIME JEAN RUE";"47,9927800";" -4,0918000"
"201900051304";"8";"6";"2019";"18:35";"1";"29";"29232";"2";"6";"1";"3";"FLANDRES DUNKERQUE 1940 BOULEVARD";"47,9793000";" -4,0940000"
"201900051305";"5";"6";"2019";"20:20";"1";"29";"29051";"1";"1";"1";"1";"STANGALA ROUTE";"48,0049768";" -4,0572765"
"201900051306";"5";"6";"2019";"10:20";"1";"29";"29232";"2";"1";"1";"6";"PONT L'ABBE ROUTE DE";"47,9880400";" -4,1196700"
"201900051307";"16";"6";"2019";"12:05";"1";"29";"29254";"1";"1";"2";"2";"ROUTE NATIONALE 12";"48,5646000";" -3,8609500"
"201900051308";"6";"6";"2019";"17:00";"1";"29";"29039";"2";"9";"1";"2";"CHARLEMAGNE ( COURS)";"47,8645200";" -3,9025000"
"201900051309";"30";"5";"2019";"20:20";"1";"29";"29039";"1";"2";"1";"3";"KEROSE ( RUE DE )";"47,8742000";" -3,8982900"
"201900051310";"13";"6";"2019";"13:45";"1";"29";"29019";"2";"6";"1";"2";"PEN AR CH'LEUZ (ROND POINT)";"48,4145000";" -4,4787000"
"201900051311";"11";"6";"2019";"14:46";"1";"29";"29019";"2";"1";"1";"3";"PLYMOUTH (DE 89 A 135 ET 54 A 118)";"48,3846000";" -4,5357200"
"201900051312";"17";"6";"2019";"19:48";"1";"29";"29019";"2";"1";"1";"6";"EUSEN VICTOR";"48,4000000";" -4,4900000"
"201900051313";"31";"5";"2019";"19:10";"1";"29";"29019";"2";"1";"1";"1";"MAISSIN";"48,3877889";" -4,5033564"
"201900051314";"27";"5";"2019";"08:48";"1";"29";"29019";"2";"1";"1";"2";"GOUESNOU (DE 221 ET 214 A FIN)";"48,4153631";" -4,4683709"
"201900051315";"15";"6";"2019";"18:45";"1";"28";"28134";"2";"9";"1";"3";"D 929";"48,7318645";"1,3758888"
"201900051316";"1";"6";"2019";"20:05";"1";"28";"28134";"2";"1";"1";"2";"LIVRAINDIERES (RUE DES)";"48,7485000";"1,3552300"
"201900051317";"28";"5";"2019";"20:55";"1";"28";"28085";"2";"1";"1";"6";"CHASLES (BOULEVARD)";"48,4421900";"1,4886800"
"201900051318";"10";"6";"2019";"19:15";"1";"28";"28229";"2";"9";"1";"1";"CHATEAU D'EAU (RUE DU)";"48,4497600";"1,4569600"
"201900051319";"1";"6";"2019";"21:40";"5";"28";"28218";"2";"1";"1";"6";"EUROPE (AVENUE DE L')";"48,4415100";"1,4517800"
"201900051320";"7";"6";"2019";"17:05";"1";"27";"27681";"2";"1";"2";"2";"ROUTE DEPARTEMENTALE 313 Route de Magny";"49,0990900";"1,5051100"
"201900051321";"6";"6";"2019";"18:25";"1";"27";"27562";"2";"1";"1";"2";"ROUEN (ROUTE DE )";"49,1084700";"1,4546800"
"201900051322";"19";"6";"2019";"00:35";"3";"27";"27701";"2";"2";"1";"3";"LOUVIERS (ROUTE DE) BLANCHE A LERY";"49,2715180";"1,2061288"
"201900051323";"16";"6";"2019";"06:55";"2";"27";"27701";"1";"1";"1";"6";"RD6015";"49,2651500";"1,1614700"
"201900051324";"6";"6";"2019";"12:20";"1";"27";"27375";"2";"1";"1";"6";"DUNANT (AVENUE HENRI)";"49,2054000";"1,1682200"
"201900051325";"6";"6";"2019";"22:25";"5";"27";"27375";"2";"1";"1";"6";"MENDES FRANCE (RUE PIERRE)";"49,2134100";"1,1694600"
"201900051326";"1";"6";"2019";"02:45";"5";"27";"27375";"2";"1";"1";"6";"MONTFORT (ROUTE DE)";"49,2125930";"1,1556180"
"201900051327";"17";"6";"2019";"09:25";"1";"26";"26362";"2";"1";"1";"6";"VERDUN AVENUE DE (301)";"44,9384000";"4,9005000"
"201900051328";"13";"2";"2019";"19:05";"5";"91";"91345";"2";"1";"1";"6";"CORBEIL (ROUTE DE)";"48,6886500";"2,3023400"
"201900051329";"19";"2";"2019";"13:50";"1";"91";"91223";"1";"9";"1";"4";"R.N.20";"48,4338700";"2,1676600"
"201900051330";"18";"2";"2019";"22:25";"5";"86";"86194";"2";"1";"8";"1";"BEL AIR (RUE)";"46,5937500";"0,3349500"
"201900051331";"19";"2";"2019";"15:20";"1";"80";"80021";"2";"1";"1";"3";"342, R DE ROUEN";"49,8863600";"2,2771400"
"201900051332";"20";"2";"2019";"17:30";"1";"77";"77514";"2";"9";"1";"3";"D105 X CH. DE LA COURONNEAURES (RUE)";"48,9392700";"2,6093700"
"201900051333";"20";"2";"2019";"12:10";"1";"77";"77514";"2";"6";"1";"3";"D84 X BD MARCEL SEMBAT";"48,9513800";"2,6052000"
"201900051334";"28";"1";"2019";"19:05";"3";"76";"76575";"2";"1";"1";"2";"ROUSSILLON. RUE DU";"49,3714500";"1,1074600"
"201900051335";"19";"2";"2019";"19:55";"5";"74";"74012";"2";"6";"1";"6";"VALLEES (ROUTE DES)";"46,1941070";"6,2407300"
"201900051336";"20";"2";"2019";"16:40";"1";"71";"71270";"2";"1";"1";"6";"Rue Simone Veil";"46,3262700";"4,8269000"
"201900051337";"19";"2";"2019";"11:20";"1";"69";"69290";"2";"1";"1";"6";"GRENOBLE (DE)  -  RN 6              (RO)";"45,7144900";"4,9653600"
"201900051338";"20";"2";"2019";"08:35";"2";"65";"65286";"2";"9";"7";"6";"ROMAIN (BOULEVARD DU CDT CELESTIN)";"43,0999190";" -0,0519820"