"Num_Acc";"jour";"mois";"an";"hrmn";"lum";"dep";"com";"agg";"int";"atm";"col";"adr";"lat";"long"
"201900051339";"20";"2";"2019";"14:20";"1";"64";"64189";"2";"1";"1";"6";"OLASCUAGA GEORGES  (RUE)";"43,3831700";" -1,6656600"
"201900051340";"20";"2";"2019";"01:50";"5";"62";"62188";"2";"1";"1";"6";"LILLERS (DE)";"50,5417500";"2,4702000"
"201900051341";"13";"2";"2019";"15:00";"1";"59";"59183";"2";"3";"1";"6";"ROYER";"51,0343900";"2,3806000"
"201900051342";"20";"2";"2019";"17:05";"1";"48";"48095";"1";"1";"1";"7";"RD 42";"44,5282630";"3,4340910"
"201900051343";"20";"2";"2019";"17:36";"1";"45";"45285";"2";"3";"1";"3";"R DES AMETHYSTES - R DES CORNALINES";"47,9225200";"1,8822200"
"201900051344";"20";"2";"2019";"14:00";"1";"45";"45235";"2";"1";"1";"4";"RUE DES CHATAIGNIERS";"47,9509800";"1,8430800"
"201900051345";"16";"2";"2019";"23:30";"5";"42";"42207";"2";"2";"1";"6";"VARIZELLE ROUTE DE LA";"45,4644240";"4,4919410"
"201900051346";"20";"2";"2019";"18:54";"5";"37";"37261";"2";"3";"1";"4";"BERGONIE (RUE DOCTEUR)";"47,3785652";"0,7107485"
"201900051347";"20";"2";"2019";"17:54";"1";"37";"37233";"2";"3";"1";"3";"ERIDENCE (RUE DE L')";"47,3949086";"0,7221094"
"201900051348";"20";"2";"2019";"13:18";"1";"37";"37122";"2";"1";"1";"6";"GAMARD (RUE)";"47,3492480";"0,6631949"
"201900051349";"19";"2";"2019";"08:15";"1";"37";"37122";"2";"1";"8";"3";"RENAN (RUE ERNEST)";"47,3522300";"0,6725400"
"201900051350";"20";"2";"2019";"18:10";"2";"34";"34172";"2";"1";"1";"3";"GAMBETTA (COURS)";"43,6061700";"3,8727300"
"201900051351";"20";"2";"2019";"07:50";"1";"34";"34172";"2";"3";"1";"3";"MONTPELLIERET (RUE)";"43,6111600";"3,8800000"
"201900051352";"13";"2";"2019";"08:30";"1";"33";"33063";"2";"4";"1";"6";"PAUL (RUE SAINT VINCENT DE)";"44,8274400";" -0,5584200"
"201900051353";"17";"2";"2019";"15:15";"1";"33";"33063";"2";"2";"1";"3";"RUE LAGRANGE";"44,8509700";" -0,5828900"
"201900051354";"18";"2";"2019";"14:24";"1";"33";"33009";"2";"1";"1";"2";"CHAPELLE (ALL.) DU 01 ET +";"44,6620000";" -1,1812400"
"201900051355";"20";"2";"2019";"13:40";"1";"31";"31555";"1";"1";"1";"4";"VA008482 A624";"43,6055000";"1,3959200"
"201900051356";"19";"2";"2019";"15:30";"1";"31";"31555";"2";"1";"1";"6";"NARBONNE (ROUTE DE)";"43,5693100";"1,4560400"
"201900051357";"20";"2";"2019";"06:30";"5";"31";"31555";"1";"1";"1";"7";"VA007331 A620";"43,5851200";"1,4028700"
"201900051358";"19";"2";"2019";"22:00";"5";"31";"31555";"2";"1";"1";"3";"AV DES ETATS UNIS";"43,6588500";"1,4190600"
"201900051359";"19";"2";"2019";"08:55";"1";"31";"31555";"1";"1";"1";"4";"VA007306 A64";"43,5632500";"1,4180700"
"201900051360";"17";"2";"2019";"20:00";"5";"13";"13106";"2";"1";"1";"3";"8 MAI 1945 (AVENUE DU)";"43,4065200";"5,3712300"
"201900051361";"19";"2";"2019";"17:37";"2";"13";"13108";"1";"1";"1";"3";"RD 99 ROUTE DE SAINT REMY";"43,7958500";"4,6947400"
"201900051362";"19";"2";"2019";"19:46";"5";"13";"13056";"2";"1";"1";"5";"TURCAN FRANCIS";"43,4122500";"5,0470600"
"201900051363";"19";"2";"2019";"11:30";"1";"13";"13206";"2";"1";"1";"6";"LODI (RUE DE)";"43,2887700";"5,3877900"
"201900051364";"20";"2";"2019";"13:35";"1";"13";"13001";"1";"1";"1";"6";"RN 296";"43,5413600";"5,4323500"
"201900051365";"19";"2";"2019";"18:36";"2";"10";"10387";"2";"2";"1";"3";"JACQUIN (RUE)";"48,3039900";"4,0809200"
"201900051366";"19";"2";"2019";"16:09";"1";"10";"10333";"2";"6";"1";"3";"ABBAYES (RUE DES)";"48,2857500";"4,0529300"
"201900051367";"18";"2";"2019";"17:01";"1";"10";"10362";"1";"9";"1";"2";"RD 660";"48,3015800";"4,0244700"
"201900051368";"16";"2";"2019";"17:20";"1";"7";"07102";"2";"1";"1";"6";"SADI-CARNOT (AV.) [DU N° AU N°]";"44,9246250";"4,8679960"
"201900051369";"19";"2";"2019";"13:46";"1";"6";"06027";"2";"1";"1";"4";"ALPES AVENUE DES";"43,6614900";"7,1331500"
"201900051370";"20";"2";"2019";"17:00";"2";"75";"75112";"2";"4";"1";"3";"ECHANGEUR BERCY";"48,8275850";"2,3903190"
"201900051371";"19";"2";"2019";"16:20";"1";"75";"75120";"2";"1";"1";"2";"PORTE DE BAGNOLET";"48,8608230";"2,4138820"
"201900051372";"19";"2";"2019";"08:30";"1";"75";"75120";"2";"1";"1";"3";"PORTE DE MONTREUIL";"48,8581330";"2,4141100"
"201900051373";"18";"2";"2019";"12:05";"1";"75";"75116";"2";"1";"1";"4";"PORTE DE PASSY";"48,8572460";"2,2584890"
"201900051374";"20";"2";"2019";"16:53";"1";"75";"75116";"2";"2";"1";"3";"RUE D AUTEUIL";"48,8475660";"2,2663210"
"201900051375";"20";"2";"2019";"07:18";"5";"75";"75116";"2";"2";"1";"3";"AVENUE RAYMOND POINCARE";"48,8726830";"2,2845640"
"201900051376";"19";"2";"2019";"21:30";"5";"75";"75117";"2";"4";"1";"2";"AVENUE DE LA PORTE DE CLICHY";"48,8962780";"2,3100000"
"201900051377";"20";"2";"2019";"09:56";"1";"75";"75105";"2";"3";"1";"3";"RUE SAINT JACQUES";"48,8455950";"2,3426730"
"201900051378";"20";"2";"2019";"16:50";"1";"75";"75120";"2";"2";"1";"3";"AVENUE IBSEN";"48,8656490";"2,4118840"
"201900051379";"20";"2";"2019";"17:35";"1";"75";"75120";"2";"3";"1";"3";"RUE BELGRAND";"48,8646090";"2,4059850"
"201900051380";"20";"2";"2019";"03:00";"5";"75";"75118";"2";"2";"1";"6";"AVENUE DE LA PORTE DE LA CHAPELLE";"48,8987000";"2,3593490"
"201900051381";"20";"2";"2019";"11:00";"1";"75";"75117";"2";"1";"1";"3";"BOULEVARD DE DOUAUMONT";"48,8949460";"2,3056840"
"201900051382";"19";"2";"2019";"18:00";"1";"75";"75117";"2";"5";"1";"6";"RUE DE PHALSBOURG";"48,8827990";"2,3089720"
"201900051383";"19";"2";"2019";"12:30";"1";"75";"75116";"2";"1";"1";"6";"ALLEE DE LONGCHAMP";"48,8706520";"2,2592310"
"201900051384";"20";"2";"2019";"16:45";"1";"75";"75114";"2";"2";"1";"3";"AVENUE DE LA PORTE D ORLEANS";"48,8202560";"2,3257380"
"201900051385";"20";"2";"2019";"20:45";"5";"75";"75110";"2";"1";"1";"6";"BOULEVARD DE MAGENTA";"48,8724850";"2,3594590"
"201900051386";"20";"2";"2019";"16:35";"1";"75";"75117";"2";"1";"1";"3";"BOULEVARD DE COURCELLES";"48,8810610";"2,3143750"
"201900051387";"20";"2";"2019";"09:05";"1";"75";"75108";"2";"2";"1";"3";"BOULEVARD HAUSSMANN";"48,8749420";"2,3184790"
"201900051388";"19";"2";"2019";"20:25";"5";"75";"75108";"2";"7";"1";"6";"PLACE DE LA CONCORDE";"48,8656550";"2,3217980"
"201900051389";"20";"2";"2019";"01:40";"5";"75";"75104";"2";"2";"1";"6";"RUE DE RIVOLI";"48,8559550";"2,3579760"
"201900051390";"19";"2";"2019";"23:40";"5";"75";"75104";"2";"1";"1";"6";"RUE DES NONNAINS D HYERES";"48,8540550";"2,3584460"
"201900051391";"19";"2";"2019";"08:34";"1";"75";"75103";"2";"2";"1";"6";"RUE DU TEMPLE";"48,8668040";"2,3620060"
"201900051392";"19";"2";"2019";"13:22";"1";"75";"75101";"2";"4";"1";"3";"BOULEVARD DE LA MADELEINE";"48,8699140";"2,3280070"
"201900051393";"19";"2";"2019";"11:30";"1";"94";"94080";"2";"1";"1";"6";"FONTENAY (R DE)";"48,8480600";"2,4388000"
"201900051394";"19";"2";"2019";"21:00";"5";"94";"94068";"2";"2";"1";"3";"CHANZY (AV)";"48,7900000";"2,5100000"
"201900051395";"20";"2";"2019";"08:00";"2";"94";"94076";"2";"2";"5";"6";"KARL MARX (AV)";"48,7844723";"2,3621985"
"201900051396";"19";"2";"2019";"15:30";"1";"94";"94016";"2";"1";"1";"6";"DIVISION LECLERC (AV DE LA)";"48,7862850";"2,3292920"
"201900051397";"16";"2";"2019";"13:45";"1";"94";"94037";"2";"1";"1";"3";"PAUL VAILLANT COUTURIER (AV)";"48,8169704";"2,3321459"
"201900051398";"11";"2";"2019";"16:00";"1";"94";"94076";"2";"1";"1";"3";"AMBROISE CROIZAT (R)";"48,8023015";"2,3630382"
"201900051399";"10";"2";"2019";"13:20";"1";"94";"94076";"2";"2";"1";"3";"STALINGRAD (AV DE)";"48,7843400";"2,3659600"
"201900051400";"8";"2";"2019";"08:45";"1";"94";"94076";"2";"1";"8";"6";"MAXIME GORKI (BD)";"48,7956600";"2,3687500"
"201900051401";"7";"2";"2019";"17:00";"1";"94";"94003";"2";"1";"1";"2";"ARISTIDE BRIAND (AV)";"48,8071000";"2,3263000"
"201900051402";"5";"2";"2019";"20:15";"5";"94";"94043";"2";"1";"1";"6";"DOCTEUR ANTOINE LACROIX (AV DU)";"48,8151900";"2,3581600"
"201900051403";"3";"2";"2019";"15:10";"1";"94";"94043";"2";"1";"1";"5";"FONTAINEBLEAU (AV DE)";"48,8091700";"2,3628000"
"201900051404";"2";"2";"2019";"11:20";"1";"94";"94076";"2";"1";"1";"6";"AUGUSTE DELAUNE (R)";"48,7884200";"2,3617100"
"201900051405";"20";"2";"2019";"09:40";"1";"94";"94065";"2";"3";"1";"3";"CHARLES LINDBERGH (AV)";"48,7555100";"2,3468400"
"201900051406";"20";"2";"2019";"14:30";"1";"94";"94065";"2";"3";"1";"3";"CHARLES LINDBERGH (AV)";"48,7555100";"2,3468400"
"201900051407";"20";"2";"2019";"12:58";"1";"94";"94022";"2";"9";"1";"6";"VICTOR HUGO (AV)";"48,7691400";"2,4214600"
"201900051408";"18";"2";"2019";"11:10";"1";"94";"94022";"2";"1";"1";"6";"JEAN JAURES (R)";"48,7654000";"2,4088400"
"201900051409";"15";"2";"2019";"14:05";"1";"94";"94022";"2";"1";"1";"3";"GUYNEMER (AV)";"48,7607400";"2,4163500"
"201900051410";"12";"2";"2019";"10:25";"1";"94";"94054";"2";"1";"1";"6";"JEAN MERMOZ (R)";"48,7489700";"2,4147700"
"201900051411";"13";"2";"2019";"11:25";"1";"94";"94069";"2";"1";"1";"2";"CANADIENS (AV DES)";"48,8171800";"2,4572500"
"201900051412";"20";"2";"2019";"18:20";"1";"93";"93073";"2";"1";"1";"6";"VERT (CHEMIN)";"48,9803400";"2,5610500"
"201900051413";"20";"2";"2019";"15:50";"1";"93";"93070";"2";"1";"1";"6";"MICHELET(AV):N°1AU 103";"48,9105000";"2,3441000"
"201900051414";"19";"2";"2019";"15:20";"1";"93";"93070";"2";"1";"1";"6";"CAPITAINE-GLARNER (AV)";"48,9043800";"2,3287600"
"201900051415";"19";"2";"2019";"19:35";"5";"93";"93049";"2";"3";"1";"1";"PAUL DOUMER (AVENUE)";"48,8593700";"2,5183100"
"201900051416";"19";"2";"2019";"06:50";"5";"93";"93045";"2";"2";"1";"5";"JUIN AVENUE DU MARECHAL";"48,8783110";"2,4225000"
"201900051417";"20";"2";"2019";"16:30";"1";"93";"93029";"2";"1";"1";"5";"HENRI BARBUSSE (AVE) N°126-280";"48,9199700";"2,4517700"
"201900051418";"19";"2";"2019";"14:30";"1";"93";"93027";"2";"1";"1";"2";"SALENGRO (AVENUE ROGER)";"48,9389600";"2,3878800"
"201900051419";"29";"1";"2019";"08:50";"1";"92";"92046";"2";"4";"1";"6";"JULES GUESDE (RUE)";"48,8140000";"2,2871500"
"201900051420";"16";"2";"2019";"22:20";"5";"92";"92050";"2";"3";"1";"6";"REPUBLIQUE AVENUE DE LA";"48,9074700";"2,2128500"
"201900051421";"20";"2";"2019";"09:40";"1";"92";"92049";"2";"1";"1";"3";"BROSSOLETTE AVENUE PIERRE";"48,8122327";"2,3009703"
"201900051422";"10";"2";"2019";"12:45";"1";"92";"92020";"2";"1";"2";"6";"EXUPERY AVENUE SAINT";"48,8089300";"2,2983600"
"201900051423";"20";"2";"2019";"14:00";"1";"92";"92004";"2";"1";"1";"6";"PONT DE CLICHY";"48,9093390";"2,2996560"
"201900051424";"20";"2";"2019";"23:15";"3";"50";"50066";"1";"1";"1";"7";"Lieu dit Milha - SAINT MICHEL DES LOUPS";"48,7743880";" -1,5664620"
"201900051425";"20";"2";"2019";"16:30";"1";"86";"86111";"1";"2";"1";"6";"Route de Oyré";"46,8739990";"0,5747930"
"201900051426";"20";"2";"2019";"17:35";"2";"83";"83148";"1";"9";"1";"5";"RN7";"43,4270580";"6,4314120"
"201900051427";"21";"2";"2019";"07:35";"2";"23";"23247";"1";"1";"1";"6";"D76 / route de la brionne";"46,2003570";"1,7594060"
"201900051428";"21";"2";"2019";"00:30";"5";"38";"38133";"1";"3";"1";"6";"Route de Chartreuse";"45,3652300";"5,6212000"
"201900051429";"20";"2";"2019";"17:45";"1";"84";"84039";"1";"1";"1";"3";"D72";"44,0973470";"4,8532370"
"201900051430";"20";"2";"2019";"20:00";"3";"15";"15259";"1";"1";"1";"2";"autoroute A75 - PK 085+685";"45,1083120";"3,1334880"
"201900051431";"28";"1";"2019";"21:08";"3";"57";"57358";"2";"1";"1";"1";"Rue de BOUZONVILLE";"49,3049753";"6,3379712"
"201900051432";"21";"2";"2019";"16:45";"1";"76";"76471";"1";"1";"1";"7";"CD 81";"49,4758160";"0,6310520"
"201900051433";"21";"2";"2019";"10:00";"1";"33";"33296";"1";"2";"1";"4";"D119/D15/D119E1";"44,8457770";" -0,0490890"
"201900051434";"20";"2";"2019";"07:00";"2";"11";"11102";"1";"1";"5";"1";"RD 118";"43,1743100";"2,3035440"
"201900051435";"21";"2";"2019";"08:20";"1";"61";"61075";"1";"1";"5";"5";"PK 05.450";"48,5035880";" -0,6339040"
"201900051436";"21";"2";"2019";"15:35";"1";"47";"47208";"1";"5";"1";"3";"lieu dit auba";"44,2361400";"0,0891410"
"201900051437";"13";"2";"2019";"09:30";"1";"31";"31093";"1";"9";"1";"6";"lieu dit pouchot";"43,7845210";"1,1312510"
"201900051438";"20";"2";"2019";"21:35";"3";"31";"31118";"1";"9";"1";"7";"ROUTE DEPARTEMENTALE 29";"43,7969230";"1,3603880"
"201900051439";"21";"2";"2019";"14:30";"1";"2";"02827";"1";"2";"1";"3";"RN2";"49,6988120";"3,7148210"
"201900051440";"21";"2";"2019";"10:30";"1";"58";"58046";"2";"1";"1";"6";"Pont du canal du Nivernais";"46,8682660";"3,6446030"
"201900051441";"21";"1";"2019";"15:15";"1";"6";"06032";"2";"2";"1";"3";"Avenue Prince Rainier III";"43,7310950";"7,4098460"
"201900051442";"19";"2";"2019";"11:20";"1";"60";"60513";"2";"2";"1";"3";"D 17";"49,2018070";"2,3765720"
"201900051443";"19";"2";"2019";"00:05";"3";"40";"40197";"1";"9";"1";"6";"route de marsan";"44,0088010";" -0,8214450"
"201900051444";"20";"2";"2019";"15:10";"1";"85";"85232";"2";"9";"1";"7";"Rue du Cormier";"46,6843900";" -1,1299700"
"201900051445";"20";"2";"2019";"14:20";"1";"48";"48122";"2";"1";"1";"7";"rue de la source minérale";"44,3723470";"3,5242600"
"201900051446";"21";"2";"2019";"03:35";"3";"31";"31181";"1";"1";"1";"2";"A64";"43,4009260";"1,2903820"
"201900051447";"20";"2";"2019";"16:30";"1";"1";"01228";"1";"1";"1";"7";"A40";"46,1331756";"5,5225410"
"201900051448";"18";"2";"2019";"00:45";"3";"51";"51428";"1";"1";"1";"7";"A4";"49,1257798";"4,2342194"
"201900051449";"20";"2";"2019";"14:40";"1";"17";"17181";"1";"1";"1";"2";"A 10";"45,8878230";" -0,6126100"
"201900051450";"20";"2";"2019";"20:25";"3";"27";"27701";"1";"1";"1";"6";"autoroute A13 PK 95+650";"49,2328530";"1,2041600"
"201900051451";"21";"2";"2019";"19:50";"3";"988";"98821";"1";"1";"1";"6";"savexpress";" -22,1647200";"166,3882600"
"201900051452";"20";"2";"2019";"14:55";"1";"971";"97111";"1";"1";"1";"7";"chemin de Bornave";"16,2734730";" -61,7981040"
"201900051453";"15";"2";"2019";"08:00";"1";"971";"97121";"1";"1";"2";"2";"RN2 - route de la source";"16,2406260";" -61,7908660"
"201900051454";"20";"2";"2019";"11:45";"1";"95";"95308";"1";"1";"1";"7";"D927";"49,0947490";"2,1207080"
"201900051455";"20";"2";"2019";"19:30";"3";"2B";"2B148";"1";"1";"1";"6";"D107 strada di a canonica";"42,5424800";"9,4691500"
"201900051456";"21";"2";"2019";"16:35";"1";"30";"30211";"2";"2";"1";"3";"Avenue de la poste";"43,8282000";"4,4960300"
"201900051457";"20";"2";"2019";"15:40";"1";"52";"52116";"1";"2";"7";"3";"RN19 pk 74+756";"47,8460095";"5,4431008"
"201900051458";"20";"2";"2019";"16:35";"1";"38";"38449";"1";"1";"1";"6";"rue des oiseaux";"45,6278800";"5,0923700"
"201900051459";"20";"2";"2019";"17:40";"1";"69";"69245";"2";"1";"1";"1";"D385";"45,9452600";"4,5375360"
"201900051460";"12";"2";"2019";"15:15";"1";"69";"69284";"2";"3";"1";"1";"rue centrale";"45,8783000";"4,8592900"
"201900051461";"21";"2";"2019";"07:50";"2";"85";"85211";"1";"1";"5";"2";"N/A";"46,6106500";" -1,6343700"
"201900051462";"20";"2";"2019";"17:12";"1";"50";"50564";"1";"1";"1";"7";"d971 SAINTENY";"49,2563420";" -1,3028820"
"201900051463";"20";"2";"2019";"14:10";"1";"60";"60589";"2";"1";"1";"6";"rue de la liberté";"49,2419690";"2,4698630"
"201900051464";"20";"2";"2019";"17:13";"1";"13";"13071";"1";"1";"1";"4";"A51-Sens Aix en Provence vers Marseille";"43,4100000";"5,3600000"
"201900051465";"20";"2";"2019";"16:25";"1";"33";"33039";"1";"1";"1";"2";"ROUTE NATIONALE 230";"44,8056300";" -0,5303700"
"201900051466";"19";"2";"2019";"07:30";"3";"94";"94003";"1";"1";"1";"2";"AUTOROUTE A6B";"48,7988000";"2,3438000"
"201900051467";"19";"2";"2019";"17:25";"1";"92";"92064";"1";"1";"1";"3";"A13";"48,8398367";"2,2071470"
"201900051468";"19";"2";"2019";"07:15";"2";"78";"78043";"1";"1";"1";"3";"A12 Y";"48,8408190";"2,0933500"
"201900051469";"19";"2";"2019";"08:50";"1";"93";"93001";"1";"1";"1";"3";"AUTOROUTE A86";"48,9214800";"2,3757600"
"201900051470";"19";"2";"2019";"09:05";"1";"94";"94028";"1";"1";"1";"2";"A86 INT";"48,7764852";"2,4365932"
"201900051471";"18";"2";"2019";"00:00";"3";"77";"77337";"1";"1";"1";"7";"A4";"48,8299700";"2,6145900"
"201900051472";"19";"2";"2019";"15:10";"1";"14";"14715";"1";"2";"1";"2";"AGUESSEAU (ROUTE D')";"49,3711372";"0,1190400"
"201900051473";"19";"2";"2019";"18:16";"1";"974";"97416";"2";"1";"1";"3";"STEPHANE (CHEMIN)";" -21,2759000";"55,4880000"
"201900051474";"1";"2";"2019";"17:25";"1";"974";"97416";"2";"3";"1";"6";"Rue de l'Amiral de Caen";" -21,3020380";"55,4298050"
"201900051475";"18";"2";"2019";"11:20";"1";"91";"91471";"2";"6";"1";"3";"PARIS (RUE DE)";"48,6963990";"2,1965700"
"201900051476";"19";"2";"2019";"11:50";"1";"91";"91687";"2";"1";"1";"5";"GENERAL DE GAULLE (AVENUE DU)";"48,6781980";"2,3828040"
"201900051477";"18";"2";"2019";"16:10";"1";"91";"91433";"1";"1";"1";"2";"R.N. 20";"48,4412230";"2,1743330"
"201900051478";"16";"2";"2019";"12:40";"1";"91";"91657";"2";"2";"1";"3";"CACTUS (RUE DES )";"48,6938080";"2,4342860"
"201900051479";"19";"2";"2019";"14:40";"1";"91";"91174";"2";"1";"1";"4";"PAPETERIE(RUE)";"48,5918650";"2,4704930"
"201900051480";"19";"2";"2019";"17:45";"1";"91";"91027";"2";"3";"1";"6";"DUNANT (AVENUE HENRI)";"48,7107740";"2,3883850"
"201900051481";"15";"2";"2019";"17:09";"1";"87";"87114";"2";"1";"1";"3";"DE-GAULLE (AVENUE DU GENERAL-)";"45,8327200";"1,3009500"
"201900051482";"18";"2";"2019";"14:00";"1";"80";"80021";"2";"1";"1";"6";"28, BD DU PORT D'AMONT";"49,8949400";"2,3081500"
"201900051483";"17";"2";"2019";"11:10";"1";"77";"77458";"2";"6";"1";"6";"ROLLIN (RUE)";"48,1828900";"2,7344800"
"201900051484";"19";"2";"2019";"14:30";"1";"74";"74281";"2";"3";"1";"6";"THUYSET (AVENUE DE)";"46,3823600";"6,5026600"
"201900051485";"18";"2";"2019";"10:50";"1";"74";"74012";"2";"1";"1";"7";"ETREMBIERES (ROUTE D')";"46,1850600";"6,2302800"
"201900051486";"14";"2";"2019";"17:30";"2";"72";"72181";"2";"1";"1";"6";"HERRIOT EDOUARD (RUE)";"47,9947200";"0,2295800"
"201900051487";"19";"2";"2019";"17:05";"1";"69";"69266";"2";"1";"1";"6";"CHARNY      (Rue)";"45,7549100";"4,8903000"
"201900051488";"19";"2";"2019";"07:30";"1";"69";"69256";"2";"2";"1";"3";"GARIBALDI                           (AV)";"45,7669400";"4,9326100"
"201900051489";"20";"2";"2019";"00:15";"5";"69";"69264";"2";"2";"1";"1";"LECLERC GENERAL  BD";"45,9983800";"4,7086300"
"201900051490";"15";"2";"2019";"14:00";"1";"66";"66136";"2";"1";"1";"6";"LECLERC (AVENUE DU GENERAL)";"42,7017128";"2,8912731"
"201900051491";"18";"2";"2019";"22:30";"3";"66";"66136";"2";"3";"1";"3";"MOULIN (PLACE JEAN)";"42,6962200";"2,8988300"
"201900051492";"16";"2";"2019";"15:00";"3";"66";"66136";"2";"1";"1";"3";"Cours Escarguel (pont Arago)";"42,7000400";"2,8865300"
"201900051493";"18";"2";"2019";"15:01";"1";"66";"66136";"2";"1";"1";"6";"ALDUY (Paul)";"42,6808678";"2,9027315"
"201900051494";"19";"2";"2019";"17:50";"1";"65";"65440";"2";"1";"1";"6";"PAUL (BOULEVARD JEAN RAOUL)";"43,2283500";"0,0887680"
"201900051495";"19";"2";"2019";"13:55";"1";"65";"65440";"2";"2";"1";"6";"RENAUDET (BOULEVARD PIERRE)";"43,2444800";"0,0734400"
"201900051496";"18";"2";"2019";"14:21";"1";"64";"64445";"2";"1";"1";"1";"GENERAL POEYMIRAU DU";"43,2952900";" -0,3586500"
"201900051497";"15";"2";"2019";"09:40";"1";"64";"64102";"2";"1";"1";"3";"LAHARIE (CHEMIN DE)";"43,5052760";" -1,4709910"
"201900051498";"17";"2";"2019";"18:00";"1";"58";"58194";"2";"3";"1";"6";"MARZY";"46,9874500";"3,1392400"
"201900051499";"15";"2";"2019";"08:45";"1";"58";"58194";"2";"3";"1";"3";"CAMILLE BAYNAC";"46,9888300";"3,1332500"
"201900051500";"18";"2";"2019";"19:25";"5";"56";"56121";"2";"6";"1";"3";"BLUM ( BD LEON )";"47,7491950";" -3,3735520"
"201900051501";"15";"2";"2019";"16:55";"1";"55";"55545";"2";"1";"1";"7";"ANTHOUARD  (CITE D' )";"49,1570000";"5,3840000"
"201900051502";"15";"2";"2019";"15:20";"1";"55";"55545";"2";"1";"1";"3";"JULES FERRY ( AVENUE )";"49,1470000";"5,3920000"
"201900051503";"15";"2";"2019";"07:45";"1";"54";"54547";"2";"1";"1";"6";"BRIAND (RUE ARISTIDE)";"48,6722060";"6,1813720"
"201900051504";"16";"2";"2019";"23:15";"5";"54";"54395";"2";"1";"1";"7";"SAINT JEAN (RUE)";"48,6901500";"6,1804120"
"201900051505";"29";"10";"2019";"09:20";"1";"94";"94021";"1";"1";"1";"7";"AUTOROUTE A6B";"48,7703000";"2,3459000"
"201900051506";"29";"10";"2019";"06:15";"3";"92";"92002";"1";"1";"2";"5";"AUTOROUTE A86";"48,7614695";"2,2972064"
"201900051507";"28";"10";"2019";"15:50";"1";"91";"91182";"1";"1";"1";"3";"RN 104";"48,6280000";"2,4135000"
"201900051508";"28";"10";"2019";"21:10";"5";"78";"78238";"2";"1";"1";"6";"A13";"48,9688000";"1,8654000"
"201900051509";"27";"10";"2019";"16:00";"1";"94";"94018";"1";"1";"2";"5";"A4";"48,8196161";"2,4053199"
"201900051510";"25";"10";"2019";"11:45";"1";"45";"45284";"2";"2";"8";"3";"AV P M FRANCE - AV JEAN MERMOZ";"47,9145634";"1,9778961"
"201900051511";"17";"10";"2019";"09:40";"1";"22";"22187";"2";"1";"1";"7";"VIEUX MOULIN (RUE DU)";"48,5244757";" -2,7553990"
"201900051512";"26";"10";"2019";"10:10";"1";"7";"07102";"2";"3";"1";"3";"DUNANT (RUE HENRI)";"44,9391320";"4,8738060"
"201900051513";"29";"10";"2019";"07:00";"1";"988";"98818";"1";"1";"1";"2";"IEKAWE (RUE JACQUES)";" -22,2250900";"166,4808900"
"201900051514";"25";"10";"2019";"18:50";"5";"974";"97416";"1";"1";"1";"7";"REBECCA (CHEMIN STEPHEN)";" -21,3140300";"55,4715000"
"201900051515";"28";"10";"2019";"14:45";"1";"69";"69388";"2";"2";"1";"3";"JEAN MERMOZ                         (AV)";"45,7304800";"4,8876900"
"201900051516";"28";"10";"2019";"18:15";"5";"69";"69387";"2";"1";"2";"6";"REPOS (DU)                          (R )";"45,7461800";"4,8503900"
"201900051517";"28";"10";"2019";"13:15";"1";"69";"69383";"2";"2";"8";"3";"VILLETTE (DE LA)                    (R )";"45,7591300";"4,8618500"
"201900051518";"28";"10";"2019";"14:28";"1";"69";"69387";"2";"2";"1";"3";"JEAN JAURES                         (AV)";"45,7473300";"4,8431000"
"201900051519";"27";"10";"2019";"21:30";"5";"69";"69383";"2";"2";"1";"2";"ALBERT THOMAS                       (CO)";"45,7480220";"4,8641500"
"201900051520";"28";"10";"2019";"15:05";"1";"972";"97213";"1";"1";"1";"1";"DUCHESNES 1";"14,6594000";" -60,9679100"
"201900051521";"27";"10";"2019";"03:45";"3";"972";"97213";"1";"1";"2";"7";"ROUTE NATIONALE 5";"14,5949000";" -60,9846000"
"201900051522";"27";"9";"2019";"08:50";"1";"972";"97209";"1";"1";"1";"1";"TIVOLI (ROUTE DE )";"14,6412900";" -61,0708500"
"201900051523";"28";"10";"2019";"18:30";"5";"69";"69389";"2";"3";"2";"3";"ROGER SALENGRO                      (R )";"45,7781000";"4,8057500"
"201900051524";"28";"10";"2019";"09:00";"1";"69";"69389";"2";"1";"2";"6";"SERGENT MICHEL BERTHET (DU)         (R )";"45,7669200";"4,8054800"
"201900051525";"28";"10";"2019";"18:10";"5";"91";"91691";"2";"1";"1";"6";"HUIT MAI 1945 (PLACE DU)";"48,7123300";"2,4878600"
"201900051526";"28";"10";"2019";"10:30";"1";"91";"91021";"2";"1";"1";"3";"GRANDE (RUE)";"48,5878000";"2,2468000"
"201900051527";"26";"10";"2019";"16:40";"1";"88";"88160";"2";"2";"1";"3";"GAULLE (AV. ET PL. GEN. DE)";"48,1763150";"6,4426730"
"201900051528";"28";"10";"2019";"10:57";"1";"87";"87085";"2";"1";"2";"6";"ABBE PIERRE (Rue)";"45,8402200";"1,1942900"
"201900051529";"26";"10";"2019";"17:08";"1";"87";"87065";"2";"3";"1";"3";"VANNIERS (RUE)";"45,7881700";"1,3193800"
"201900051530";"26";"10";"2019";"13:13";"1";"87";"87085";"2";"1";"1";"6";"BLANC LOUIS (BOULEVARD)";"45,8276400";"1,2600000"