"Num_Acc";"jour";"mois";"an";"hrmn";"lum";"dep";"com";"agg";"int";"atm";"col";"adr";"lat";"long"
"201900051531";"27";"10";"2019";"21:00";"4";"85";"85194";"2";"1";"1";"6";"RUE DES SAUNIERS ";"46,5053300";" -1,7982100"
"201900051532";"28";"10";"2019";"17:00";"5";"83";"83144";"2";"9";"1";"3";"UNIVERSITE (AVE DE L')";"43,1371200";"6,0045100"
"201900051533";"27";"10";"2019";"14:30";"1";"83";"83137";"2";"1";"1";"6";"LECLERC (AVE GENERAL)";"43,1257700";"5,9282400"
"201900051534";"25";"10";"2019";"15:20";"1";"80";"80021";"2";"1";"1";"2";"PIERRE ROLLIN (RUE)";"49,8773400";"2,3126300"
"201900051535";"25";"10";"2019";"07:10";"2";"78";"78208";"1";"6";"1";"6";"DEPARTEMENTALE 912 (ROUTE)";"48,7894260";"1,9737310"
"201900051536";"28";"10";"2019";"08:15";"1";"77";"77291";"1";"1";"1";"2";"NATIONALE 1104 (ROUTE)";"49,0213300";"2,5834200"
"201900051537";"27";"10";"2019";"19:00";"3";"77";"77350";"1";"1";"8";"4";"RN4 HORS AGGLOMERATION";"48,7582300";"2,6689100"
"201900051538";"26";"10";"2019";"06:45";"5";"76";"76540";"2";"1";"1";"3";"CAEN. AVENUE DE";"49,4299600";"1,0759600"
"201900051539";"25";"10";"2019";"17:20";"1";"76";"76351";"2";"1";"2";"2";"PIERRE MENDES FRANCE";"49,5157000";"0,1550000"
"201900051540";"28";"10";"2019";"08:05";"1";"74";"74008";"2";"3";"2";"6";"JURA (RUE DU)";"46,1992300";"6,2260000"
"201900051541";"28";"10";"2019";"20:45";"5";"72";"72181";"2";"1";"2";"6";"CLEMENCEAU GEORGES ( BD) N° IMP";"47,9785600";"0,2139400"
"201900051542";"28";"10";"2019";"11:40";"1";"72";"72003";"1";"1";"2";"6";"GRAND CHENE (RUE DU)";"47,9547400";"0,1341800"
"201900051543";"27";"10";"2019";"18:10";"5";"72";"72181";"2";"1";"2";"6";"JAURES JEAN (AV) N° PAIRS 60 ET >";"47,9800000";"0,2000000"
"201900051544";"27";"10";"2019";"18:50";"5";"69";"69266";"2";"2";"1";"3";"POIZAT      (Rue)";"45,7582000";"4,8933000"
"201900051545";"25";"10";"2019";"16:00";"1";"66";"66136";"2";"2";"1";"6";"FERMAT (PIERRE DE)";"42,7091000";"2,8925700"
"201900051546";"26";"10";"2019";"11:00";"1";"66";"66136";"2";"1";"1";"6";"LAVOISIER (ANTOINE)";"42,6625300";"2,9071900"
"201900051547";"28";"10";"2019";"17:30";"2";"64";"64335";"1";"1";"1";"3";"SAULT DE NAVAILLES DE";"43,3470347";" -0,4359556"
"201900051548";"28";"10";"2019";"17:35";"1";"64";"64445";"2";"1";"1";"3";"ROGER SALENGRO";"43,3154940";" -0,3267532"
"201900051549";"27";"10";"2019";"20:45";"5";"64";"64102";"2";"1";"1";"3";"SOULT (AVENUE MARECHAL)";"43,4872105";" -1,4851292"
"201900051550";"17";"10";"2019";"18:00";"1";"62";"62215";"2";"1";"1";"6";"RUE DE TOULOUSE";"50,4402600";"2,8434500"
"201900051551";"25";"10";"2019";"09:30";"1";"60";"60463";"2";"1";"1";"6";"PAIX (RUE DE LA)";"49,2755800";"2,4650200"
"201900051552";"28";"10";"2019";"14:00";"1";"59";"59009";"2";"2";"1";"3";"TRADITION RUE DE LA";"50,6146800";"3,1421600"
"201900051553";"21";"10";"2019";"20:45";"5";"59";"59560";"2";"2";"1";"3";"GONDECOURT RUE DE";"50,5432959";"3,0223829"
"201900051554";"24";"10";"2019";"15:25";"1";"54";"54274";"2";"3";"1";"1";"CARNOT (RUE)";"48,6718370";"6,2049360"
"201900051555";"23";"10";"2019";"17:00";"1";"54";"54395";"2";"1";"1";"7";"VINGTIEME CORPS (AVENUE DU)";"48,6975300";"6,1989200"
"201900051556";"23";"10";"2019";"15:40";"1";"54";"54323";"2";"4";"1";"3";"GIRAUD (PLACE)";"49,5149000";"5,7688100"
"201900051557";"27";"10";"2019";"13:00";"1";"49";"49007";"2";"1";"2";"3";"BIRGE BOULEVARD";"47,4811400";" -0,5221200"
"201900051558";"24";"10";"2019";"16:44";"1";"49";"49007";"2";"1";"1";"1";"PYRAMIDE ROUTE";"47,4519000";" -0,5222000"
"201900051559";"27";"10";"2019";"13:35";"1";"44";"44184";"1";"2";"1";"6";"BD VICTOR HUGO / RUE ARISTIDE BRIAND";"47,2777700";" -2,2172200"
"201900051560";"28";"10";"2019";"18:30";"5";"37";"37122";"2";"3";"2";"7";"CHERISY (RUE DE)";"47,3566770";"0,6892114"
"201900051561";"28";"10";"2019";"10:14";"1";"37";"37261";"2";"3";"1";"3";"MALRAUX (QUAI ANDRE)";"47,3974432";"0,6924427"
"201900051562";"28";"10";"2019";"19:50";"3";"35";"35051";"1";"1";"2";"3";"PIED (LIEU-DIT MOUILLE)";"48,1181280";" -1,5654670"
"201900051563";"28";"10";"2019";"09:30";"1";"35";"35238";"2";"6";"2";"3";"MOUNIER (BD EMMANUEL)";"48,1245000";" -1,6619000"
"201900051564";"13";"10";"2019";"22:25";"5";"33";"33119";"2";"1";"1";"6";"CRS DE VERDUN";"44,8517000";" -0,5379000"
"201900051565";"17";"10";"2019";"15:45";"1";"33";"33063";"2";"1";"1";"3";"RUE D'ARMAGNAC";"44,8213400";" -0,5516300"
"201900051566";"27";"10";"2019";"21:00";"5";"33";"33249";"2";"2";"1";"3";"Rue Joachim du BELLAY";"44,8731900";" -0,5118900"
"201900051567";"27";"10";"2019";"18:50";"5";"31";"31555";"1";"1";"1";"4";"VA007331 A620";"43,6488000";"1,4217400"
"201900051568";"27";"10";"2019";"05:45";"4";"31";"31555";"1";"1";"1";"2";"VA007331 A620";"43,5986400";"1,3972500"
"201900051569";"25";"10";"2019";"20:00";"2";"31";"31555";"2";"1";"1";"1";"CHE DE RISPET";"43,6479100";"1,4422000"
"201900051570";"28";"10";"2019";"17:30";"1";"17";"17300";"2";"1";"1";"3";"MOITESSIER  PLACE BERNARD";"46,1488500";" -1,1510700"
"201900051571";"28";"10";"2019";"17:10";"1";"14";"14101";"1";"1";"3";"4";"RN 814";"49,1644700";" -0,4284400"
"201900051572";"25";"10";"2019";"19:20";"5";"13";"13077";"2";"1";"1";"6";"MILLAT JOSEPH (avenue)";"43,4134800";"4,9857500"
"201900051573";"28";"10";"2019";"22:40";"5";"13";"13211";"2";"1";"1";"2";"SAINT MARCEL (BOULEVARD DE )";"43,2887700";"5,4618300"
"201900051574";"27";"10";"2019";"05:20";"5";"13";"13063";"2";"1";"1";"7";"MARECHAL JUIN AVENUE";"43,5821000";"4,9965900"
"201900051575";"27";"10";"2019";"11:45";"1";"12";"12089";"1";"1";"1";"7";"ESTAQUES (LES)";"44,5858800";"2,2477600"
"201900051576";"26";"10";"2019";"14:21";"1";"11";"11262";"2";"1";"1";"2";"LECLERC (AVENUE DU GENERAL)";"43,1806200";"3,0068800"
"201900051577";"28";"10";"2019";"11:05";"1";"6";"06088";"2";"1";"1";"3";"CASSIN (BD RENE)";"43,6697740";"7,2163550"
"201900051578";"26";"10";"2019";"13:50";"1";"5";"05061";"2";"9";"1";"3";"PARKING DECATHLON";"44,5673500";"6,0952100"
"201900051579";"26";"10";"2019";"13:00";"1";"5";"05061";"2";"3";"1";"5";"SAGNIERES ( RUE DES )";"44,5497600";"6,0651500"
"201900051580";"28";"10";"2019";"15:20";"1";"75";"75116";"2";"4";"1";"3";"ECHANGEUR SAINT CLOUD";"48,8411157";"2,2539462"
"201900051581";"28";"10";"2019";"18:00";"5";"75";"75120";"2";"2";"1";"6";"AVENUE DE LA PORTE DES LILAS";"48,8770891";"2,4069000"
"201900051582";"9";"1";"2019";"19:45";"3";"74";"74042";"1";"1";"9";"2";"3326 route de Genève";"46,0954750";"6,3687550"
"201900051583";"28";"10";"2019";"08:35";"1";"75";"75120";"2";"1";"1";"3";"AVENUE GAMBETTA";"48,8635600";"2,3900320"
"201900051584";"11";"1";"2019";"14:40";"1";"42";"42147";"2";"1";"1";"6";"boulevard Carnot";"45,6081550";"4,0679830"
"201900051585";"28";"10";"2019";"20:45";"5";"75";"75118";"2";"2";"1";"6";"RUE ORDENER";"48,8933650";"2,3382625"
"201900051586";"10";"1";"2019";"18:35";"5";"42";"42299";"2";"1";"9";"1";"lieu-dit LA BRUYÈRE - D496";"45,6106230";"4,0982080"
"201900051587";"28";"10";"2019";"09:20";"1";"75";"75118";"2";"1";"1";"3";"BOULEVARD NEY";"48,8986130";"2,3620400"
"201900051588";"27";"10";"2019";"23:50";"5";"75";"75115";"2";"2";"1";"6";"QUAI BRANLY";"48,8545784";"2,2888558"
"201900051589";"9";"1";"2019";"17:45";"5";"38";"38051";"1";"2";"2";"3";"Route de Chanas - D519 Grange Neuve";"45,3271560";"4,8753300"
"201900051590";"9";"1";"2019";"07:50";"2";"38";"38247";"2";"1";"2";"6";"D1075 - Grande Rue";"45,8175400";"5,4049100"
"201900051591";"28";"10";"2019";"19:00";"5";"75";"75111";"2";"5";"1";"3";"BOULEVARD VOLTAIRE";"48,8503712";"2,3925573"
"201900051592";"12";"1";"2019";"20:40";"3";"7";"07156";"1";"1";"1";"6";"cd536";"44,6914670";"4,2616910"
"201900051593";"12";"1";"2019";"06:10";"3";"7";"07156";"2";"1";"1";"6";"Route du gerbier de jonc- Champagne de Meyras";"44,6972730";"4,2429010"
"201900051594";"28";"10";"2019";"16:20";"1";"75";"75107";"2";"2";"8";"3";"BOULEVARD RASPAIL";"48,8534139";"2,3261957"
"201900051595";"9";"1";"2019";"09:00";"1";"1";"01012";"1";"1";"4";"4";"Route départementale 8";"46,0052260";"5,5364510"
"201900051596";"28";"10";"2019";"17:40";"5";"75";"75103";"2";"7";"1";"3";"PLACE DE LA REPUBLIQUE";"48,8673292";"2,3633995"
"201900051597";"28";"10";"2019";"02:40";"5";"75";"75104";"2";"7";"1";"7";"PLACE DE LA BASTILLE";"48,8529291";"2,3684186"
"201900051598";"11";"1";"2019";"17:45";"3";"69";"69163";"1";"2";"1";"3";"Lieu dit Chamalan";"45,9355100";"4,7745200"
"201900051599";"9";"1";"2019";"03:30";"3";"69";"69163";"1";"1";"8";"6";"Route départementale 51";"45,9178940";"4,7660840"
"201900051600";"7";"1";"2019";"18:15";"5";"69";"69069";"2";"1";"1";"1";"1 Avenue Edouard Millaud";"45,7473600";"4,7474550"
"201900051601";"27";"10";"2019";"12:30";"1";"94";"94052";"2";"2";"2";"6";"GENERAL FAIDHERBE (R DU)";"48,8371100";"2,4765000"
"201900051602";"10";"1";"2019";"08:50";"3";"9";"09262";"1";"1";"1";"1";"D117 route de Bélesta";"42,9242950";"1,8669550"
"201900051603";"28";"10";"2019";"07:05";"1";"94";"94037";"2";"1";"1";"6";"DOCTEUR TENINE (R DU)";"48,8150000";"2,3470000"
"201900051604";"10";"1";"2019";"22:20";"3";"47";"47326";"1";"1";"1";"6";"Lieu-dit Le Moulin d'Ané";"44,4936630";"0,2459070"
"201900051605";"28";"10";"2019";"13:40";"1";"94";"94073";"2";"1";"1";"2";"RENE PANHARD (AV)";"48,7638000";"2,3939300"
"201900051606";"9";"1";"2019";"11:45";"1";"24";"24242";"1";"1";"8";"6";"route départementale 32, pk 38";"44,8988990";"0,6474660"
"201900051607";"28";"10";"2019";"10:00";"1";"94";"94073";"1";"1";"1";"3";"ROUTE NATIONALE 186";"48,7539900";"2,3698000"
"201900051608";"27";"10";"2019";"16:45";"1";"94";"94011";"2";"3";"1";"3";"PARIS(AVENUE DE)";"48,7767000";"2,4794000"
"201900051609";"13";"1";"2019";"00:40";"3";"33";"33362";"1";"3";"8";"3";"intersection D.910 / D.910 E.1";"45,0350160";" -0,1850090"
"201900051610";"27";"10";"2019";"22:00";"5";"94";"94028";"2";"1";"8";"1";"SAVAR.(RUE JULIETTE)";"48,7822300";"2,4644300"
"201900051611";"9";"1";"2019";"18:30";"3";"33";"33433";"1";"1";"1";"3";"D242";"44,9223500";" -0,4614600"
"201900051612";"27";"10";"2019";"17:25";"5";"94";"94054";"2";"9";"9";"6";"PIERRE CURIE (AV)";"48,7399100";"2,4037700"
"201900051613";"11";"1";"2019";"01:00";"3";"33";"33422";"1";"1";"1";"6";"D211 E2 - rte de boulac";"44,8179800";" -0,7524200"
"201900051614";"28";"10";"2019";"07:55";"1";"94";"94017";"2";"1";"1";"3";"GENERAL DE GAULLE (AV DU)";"48,8208500";"2,4874900"
"201900051615";"27";"10";"2019";"14:50";"1";"94";"94002";"2";"1";"1";"3";"BLANQUI (QU)";"48,8057200";"2,4108200"
"201900051616";"11";"1";"2019";"18:30";"3";"14";"14762";"1";"1";"2";"5";"D407";"48,8636020";" -0,8685670"
"201900051617";"28";"10";"2019";"02:40";"5";"94";"94002";"2";"2";"1";"3";"GENERAL CHARLES DE GAULLE (R DU)";"48,8145400";"2,4118300"
"201900051618";"28";"10";"2019";"20:05";"5";"93";"93077";"2";"1";"1";"7";"ROSNY (AVENUE DE)";"48,8829700";"2,4987000"
"201900051619";"9";"1";"2019";"10:20";"1";"22";"22259";"2";"1";"1";"6";"rue de cassepot";"48,4475998";" -2,0725441"
"201900051620";"13";"1";"2019";"17:30";"4";"76";"76057";"2";"1";"1";"6";"Rue des martyrs de la résistance";"49,5428620";"0,9472650"
"201900051621";"27";"10";"2019";"14:45";"1";"93";"93001";"2";"1";"2";"2";"FELIX FAURE (BLD) =>174";"48,9056900";"2,3810300"
"201900051622";"28";"10";"2019";"16:35";"1";"92";"92073";"2";"1";"1";"6";"SELLIER (BOULEVARD HENRI)";"48,8623000";"2,2163000"
"201900051623";"9";"1";"2019";"17:30";"5";"13";"13207";"2";"1";"1";"2";"Tunnel Prado Carénage";"43,3126600";"5,3682200"
"201900051624";"9";"1";"2019";"09:00";"1";"13";"13202";"2";"1";"1";"2";"A55-Sens Marseille vers Martigues";"43,2922000";"5,3656100"
"201900051625";"28";"10";"2019";"18:20";"5";"92";"92044";"2";"3";"1";"5";"CHARLES PASQUA (QUAI) 32 A 58";"48,9008363";"2,2844171"
"201900051626";"25";"10";"2019";"13:30";"1";"92";"92025";"2";"1";"1";"3";"STALINGRAD (AV DE)";"48,9287980";"2,2688651"
"201900051627";"9";"1";"2019";"12:30";"1";"13";"13056";"1";"1";"1";"4";"A55-Sens Martigues vers Marseille";"43,4095100";"5,0371200"
"201900051628";"28";"10";"2019";"16:20";"1";"29";"29038";"1";"1";"1";"3";"D764";"48,4047540";" -3,9470200"
"201900051629";"13";"10";"2019";"18:20";"1";"47";"47178";"1";"1";"1";"3";"Route de Saint Aubin";"44,4853110";"0,8785540"
"201900051630";"28";"10";"2019";"17:30";"2";"38";"38134";"1";"3";"2";"2";"D38";"45,4556000";"4,9969090"
"201900051631";"28";"10";"2019";"20:10";"5";"38";"38160";"1";"1";"2";"3";"D538";"45,4718500";"4,9734000"
"201900051632";"28";"10";"2019";"07:35";"2";"13";"13078";"1";"6";"5";"6";"D268";"43,4176740";"4,8058440"
"201900051633";"28";"10";"2019";"19:05";"3";"22";"22225";"1";"9";"2";"2";"Guingamp";"48,5497216";" -3,1480624"
"201900051634";"20";"10";"2019";"11:55";"1";"58";"58215";"1";"1";"3";"6";"A77";"47,2923770";"2,9559090"
"201900051635";"29";"10";"2019";"18:30";"3";"62";"62341";"1";"1";"1";"6";"Route départementale 6";"50,1462000";"2,6043670"
"201900051636";"10";"1";"2019";"08:30";"2";"13";"13071";"2";"1";"1";"2";"A7-Sens Lyon vers Marseille";"43,2848610";"5,4180680"
"201900051637";"17";"10";"2019";"11:00";"1";"51";"51569";"2";"6";"1";"3";"RD 275";"49,2615274";"3,9615764"
"201900051638";"9";"1";"2019";"22:45";"3";"13";"13001";"1";"1";"1";"1";"A51-Sens Marseille vers Aix en Provence";"43,5113200";"5,4207100"
"201900051639";"27";"10";"2019";"22:30";"5";"51";"51193";"2";"1";"1";"7";"98 RUE SAINT JULIEN";"48,9881060";"4,5575770"
"201900051640";"9";"1";"2019";"10:50";"1";"13";"13081";"2";"1";"1";"2";"A7-Sens Lyon vers Marseille";"43,4619320";"5,2348590"
"201900051641";"28";"10";"2019";"15:25";"1";"67";"67134";"1";"4";"1";"7";"D655";"48,8577560";"7,1192980"
"201900051642";"14";"9";"2019";"17:10";"1";"79";"79126";"1";"2";"1";"3";"N/A";"46,1780260";" -0,3664600"
"201900051643";"8";"1";"2019";"12:00";"1";"13";"13055";"1";"1";"6";"2";"A507 sens Aubagne- Marseille";"43,3212500";"5,4226600"
"201900051644";"7";"1";"2019";"18:50";"3";"13";"13022";"1";"1";"1";"6";"A50-Sens Aubagne vers Toulon";"43,2143000";"5,6068800"
"201900051645";"25";"9";"2019";"14:15";"1";"49";"49018";"1";"1";"2";"1";"Route des Sourches (Saint-Quentin-lès-Beaurepaire)";"47,6252520";" -0,0950730"
"201900051646";"29";"10";"2019";"09:15";"1";"12";"12044";"2";"1";"1";"6";"18 Avenue de Saint Affrique";"43,8285080";"2,8755200"
"201900051647";"7";"1";"2019";"18:10";"3";"13";"13055";"1";"1";"1";"4";"A507 sens Marseille - Aubagne";"43,2959150";"5,4247280"
"201900051648";"28";"10";"2019";"20:30";"5";"68";"68374";"2";"1";"1";"7";"avenue de l'europe logelbach";"48,0826860";"7,3166870"
"201900051649";"27";"10";"2019";"20:55";"3";"22";"22251";"1";"1";"8";"6";"Aéroport de Saint-Brieuc (Aérodrome)";"48,5364650";" -2,8478800"
"201900051650";"7";"1";"2019";"21:50";"3";"83";"83035";"1";"1";"1";"5";"N/A";"43,1614400";"5,7674300"
"201900051651";"28";"10";"2019";"17:15";"2";"35";"35263";"1";"1";"2";"1";"LE HINDRE";"48,6787210";" -1,8885590"
"201900051652";"26";"10";"2019";"01:45";"4";"29";"29075";"2";"1";"1";"7";"133 Rue de Brest";"48,4298000";" -4,4092190"
"201900051653";"11";"1";"2019";"03:00";"5";"69";"69266";"2";"9";"1";"6";"RD383   3.750 A 7.640";"45,7812200";"4,8935000"
"201900051654";"13";"10";"2019";"09:05";"1";"31";"31563";"1";"1";"1";"1";"Chemin des Sudres";"43,8016140";"1,4960970"
"201900051655";"6";"1";"2019";"04:05";"5";"69";"69382";"2";"4";"1";"6";"A7   0.000 A 2.278";"45,7477800";"4,8300800"
"201900051656";"28";"10";"2019";"08:40";"1";"1";"01024";"1";"3";"2";"5";"Route de Montrevel";"46,2961710";"5,1540490"
"201900051657";"10";"1";"2019";"22:15";"3";"54";"54312";"1";"1";"1";"2";"Autoroute 31";"48,9333300";"6,1115600"
"201900051658";"8";"1";"2019";"11:55";"1";"67";"67482";"1";"1";"1";"6";"Bretelle sortie autoroute";"48,5929500";"7,7401500"
"201900051659";"29";"10";"2019";"08:00";"1";"64";"64023";"1";"2";"1";"3";"Chemin du Pont de Boeil";"43,2284350";" -0,2393600"
"201900051660";"7";"1";"2019";"18:50";"3";"67";"67482";"1";"1";"2";"2";"N.4 CONTOURNEMENT-SUD";"48,5724600";"7,7297400"
"201900051661";"29";"10";"2019";"08:15";"2";"18";"18111";"1";"1";"5";"6";"Lieu Dit Cevry";"47,2698170";"2,6513920"
"201900051662";"26";"10";"2019";"12:20";"1";"36";"36035";"1";"1";"1";"3";"N/A";"46,4346500";"1,3023550"
"201900051663";"29";"10";"2019";"12:15";"1";"16";"16107";"2";"6";"1";"3";"D40";"45,8098080";"0,2851200"
"201900051664";"27";"10";"2019";"16:45";"2";"21";"21129";"1";"1";"2";"6";"D22";"47,8008090";"4,8957730"
"201900051665";"12";"1";"2019";"20:20";"3";"33";"33249";"1";"1";"1";"5";"AUTOROUTE A 10";"44,8864500";" -0,5069800"
"201900051666";"28";"10";"2019";"08:20";"1";"40";"40175";"1";"3";"1";"3";"Route de Mont de Marsan";"43,8344290";" -0,3669700"
"201900051667";"27";"10";"2019";"11:30";"1";"4";"04135";"1";"1";"1";"3";"RD 952";"43,8058097";"6,2540637"
"201900051668";"12";"1";"2019";"08:30";"1";"33";"33003";"1";"1";"1";"3";"AUTOROUTE A 10";"44,9267900";" -0,4716400"
"201900051669";"28";"10";"2019";"16:40";"1";"973";"97307";"1";"3";"7";"3";"route nationale 1";"4,8924030";" -52,3484560"
"201900051670";"10";"1";"2019";"01:35";"3";"33";"33080";"1";"1";"1";"2";"AUTOROUTE A 62";"44,7271900";" -0,5274600"
"201900051671";"24";"10";"2019";"10:00";"1";"82";"82050";"1";"1";"1";"6";"A62 - PK 143+100, SENS Bordeaux/Toulouse";"44,0837990";"0,7961740"
"201900051672";"29";"10";"2019";"16:35";"2";"67";"67089";"1";"1";"1";"6";"A4";"48,7735930";"7,4454980"
"201900051673";"8";"1";"2019";"14:55";"1";"33";"33039";"1";"1";"2";"5";"ROCADE A 630";"44,7942800";" -0,5395500"
"201900051674";"8";"1";"2019";"09:00";"1";"33";"33039";"1";"1";"1";"3";"ROCADE A 630";"44,7881300";" -0,5411500"
"201900051675";"28";"10";"2019";"20:30";"5";"988";"98821";"2";"6";"1";"7";"Rond point de la Karikouie";" -22,1308700";"166,3710820"
"201900051676";"29";"10";"2019";"14:20";"1";"978";"97801";"2";"3";"1";"3";"rue de hollande";"18,0736052";" -63,0801286"
"201900051677";"8";"1";"2019";"07:30";"3";"33";"33090";"1";"1";"1";"4";"AUTOROUTE A 63";"44,7715000";" -0,6592400"
"201900051678";"8";"1";"2019";"14:00";"1";"59";"59646";"1";"1";"1";"5";"ROUTE DEPARTEMENTALE 656";"50,6737700";"3,1184500"
"201900051679";"28";"10";"2019";"18:00";"2";"91";"91041";"1";"1";"2";"4";"D19";"48,5733770";"2,2457660"
"201900051680";"25";"10";"2019";"19:35";"3";"30";"30258";"1";"1";"1";"7";"4492 Route de Beaucaire";"43,7010410";"4,4506230"
"201900051681";"29";"10";"2019";"12:10";"1";"71";"71106";"1";"1";"8";"1";"D985 PR 52+500";"46,4232760";"4,2726190"
"201900051682";"23";"10";"2019";"18:50";"5";"68";"68193";"2";"1";"8";"7";"Rue de la Mairie";"48,0314920";"7,1184560"
"201900051683";"29";"10";"2019";"17:55";"5";"55";"55351";"2";"1";"1";"3";"2 Avenue de Verdun";"49,5152930";"5,3715930"
"201900051684";"29";"10";"2019";"12:00";"1";"57";"57752";"2";"1";"1";"1";"Rue de Nancy";"49,0722290";"7,0048610"
"201900051685";"25";"10";"2019";"14:10";"1";"57";"57337";"1";"3";"8";"3";"D656";"49,0677730";"6,8931660"
"201900051686";"28";"10";"2019";"10:30";"1";"74";"74124";"2";"3";"2";"3";"Route de Présilly";"46,1086490";"6,0786790"
"201900051687";"11";"1";"2019";"18:15";"2";"94";"94038";"1";"1";"1";"4";"AUTOROUTE A6A";"48,7802000";"2,3465900"
"201900051688";"29";"10";"2019";"00:40";"3";"38";"38507";"1";"1";"2";"6";"Chemin de Vavres";"45,7311010";"5,2000550"
"201900051689";"11";"1";"2019";"15:30";"1";"91";"91161";"1";"1";"8";"3";"AUTOROUTE A126";"48,7107200";"2,2994100"
"201900051690";"29";"10";"2019";"02:35";"3";"38";"38557";"1";"1";"2";"1";"d142z";"45,7712840";"5,1260470"
"201900051691";"9";"1";"2019";"19:52";"3";"94";"94003";"1";"1";"1";"3";"AUTOROUTE A6A";"48,8001400";"2,3420400"
"201900051692";"9";"1";"2019";"16:00";"1";"91";"91377";"1";"1";"2";"1";"AUTOROUTE A10";"48,7145750";"2,2891530"
"201900051693";"28";"10";"2019";"22:50";"3";"56";"56176";"1";"1";"1";"6";"Route de Kerzuhen";"47,6609900";" -2,9357000"
"201900051694";"9";"1";"2019";"12:15";"1";"94";"94037";"1";"1";"2";"7";"AUTOROUTE A6A";"48,8138800";"2,3363800"
"201900051695";"27";"10";"2019";"19:31";"3";"59";"59268";"2";"1";"1";"6";"1210 Rue de la Lys";"50,6417710";"2,7508640"
"201900051696";"9";"1";"2019";"09:45";"1";"94";"94037";"1";"1";"1";"7";"AUTOROUTE A6B";"48,8094900";"2,3491680"
"201900051697";"29";"10";"2019";"11:00";"1";"59";"59497";"2";"1";"1";"6";"32 Rue Gaston Robbe";"50,7292590";"2,3726400"
"201900051698";"8";"1";"2019";"21:25";"3";"91";"91235";"1";"1";"1";"7";"RN 104";"48,6259400";"2,3531900"
"201900051699";"28";"10";"2019";"00:20";"3";"13";"13216";"1";"1";"1";"6";"A55-Sens Martigues vers Marseille";"43,3496278";"5,3459125"
"201900051700";"8";"1";"2019";"08:15";"2";"91";"91161";"1";"1";"1";"2";"AUTOROUTE A6";"48,6968000";"2,3159000"
"201900051701";"28";"10";"2019";"00:15";"3";"13";"13071";"1";"1";"1";"3";"A51-Sens Aix en Provence vers Marseille";"43,4141452";"5,3645619"
"201900051702";"19";"10";"2019";"18:25";"3";"38";"38336";"1";"1";"2";"6";"A7   32.870 A 35.680";"45,4992800";"4,8392900"
"201900051703";"28";"10";"2019";"19:45";"2";"33";"33039";"1";"1";"1";"4";"ROCADE A 630";"44,8002500";" -0,5353900"
"201900051704";"7";"1";"2019";"18:25";"3";"91";"91659";"1";"1";"1";"2";"AUTOROUTE A6";"48,5796000";"2,4615000"
"201900051705";"28";"10";"2019";"18:35";"3";"91";"91174";"1";"1";"1";"2";"RN 104";"48,6224000";"2,4642000"
"201900051706";"7";"1";"2019";"17:10";"3";"91";"91340";"1";"1";"2";"2";"RN 104";"48,6080000";"2,4374000"
"201900051707";"21";"9";"2019";"03:30";"3";"91";"91689";"1";"1";"1";"6";"AUTOROUTE A6B";"48,7333000";"2,3333300"
"201900051708";"7";"1";"2019";"09:15";"1";"94";"94003";"1";"1";"1";"3";"AUTOROUTE A6A";"48,8118100";"2,3372300"
"201900051709";"27";"10";"2019";"13:03";"1";"91";"91521";"1";"1";"2";"6";"RN 104";"48,6291500";"2,4005600"
"201900051710";"12";"1";"2019";"13:15";"1";"92";"92036";"1";"1";"1";"6";"A86";"48,9343155";"2,2801566"
"201900051711";"28";"10";"2019";"12:55";"1";"92";"92036";"1";"1";"1";"4";"A86";"48,9336854";"2,2767478"
"201900051712";"11";"1";"2019";"20:00";"3";"92";"92025";"1";"1";"1";"6";"A86";"48,9242594";"2,2309633"
"201900051713";"28";"10";"2019";"07:30";"2";"92";"92050";"1";"1";"1";"6";"A86";"48,9073538";"2,2124605"
"201900051714";"11";"1";"2019";"11:00";"1";"78";"78007";"1";"1";"1";"4";"A13W";"48,8966250";"2,0066860"
"201900051715";"27";"10";"2019";"12:20";"1";"78";"78646";"1";"1";"2";"6";"RN12";"48,7934500";"2,0758500"
"201900051716";"11";"1";"2019";"09:20";"1";"92";"92025";"1";"1";"2";"2";"A86";"48,9203180";"2,2250369"
"201900051717";"10";"1";"2019";"09:00";"1";"92";"92050";"1";"1";"1";"2";"A86";"48,8954181";"2,1942390"
"201900051718";"27";"10";"2019";"07:40";"3";"78";"78322";"1";"1";"2";"2";"RN12 EXT";"48,7815680";"2,1661370"
"201900051719";"9";"1";"2019";"09:50";"1";"92";"92048";"1";"1";"1";"5";"N118";"48,8035845";"2,2142064"
"201900051720";"8";"1";"2019";"10:55";"1";"78";"78423";"1";"1";"1";"6";"A12 W";"48,7890110";"2,0375540"
"201900051721";"7";"1";"2019";"19:00";"4";"92";"92025";"1";"1";"1";"3";"A86";"48,9335229";"2,2533518"
"201900051722";"26";"10";"2019";"18:50";"3";"92";"92048";"1";"1";"1";"2";"N118";"48,7929740";"2,2191184"
"201900051723";"12";"1";"2019";"20:30";"4";"93";"93066";"1";"1";"2";"2";"AUTOROUTE A86";"48,9220700";"2,3586100"