"Num_Acc";"jour";"mois";"an";"hrmn";"lum";"dep";"com";"agg";"int";"atm";"col";"adr";"lat";"long"
"201900051724";"27";"10";"2019";"12:10";"1";"95";"95365";"1";"1";"2";"6";"RN 104";"49,0649200";"2,4062100"
"201900051725";"27";"10";"2019";"11:00";"1";"95";"95277";"1";"1";"2";"6";"AUTOROUTE A3";"48,9736400";"2,4856100"
"201900051726";"11";"1";"2019";"19:20";"3";"93";"93005";"1";"1";"1";"4";"AUTOROUTE A3";"48,9312600";"2,4809600"
"201900051727";"27";"10";"2019";"09:30";"1";"95";"95582";"1";"1";"3";"6";"AUTOROUTE A15";"48,9665400";"2,2559700"
"201900051728";"11";"1";"2019";"18:40";"3";"92";"92036";"1";"1";"8";"6";"AUTOROUTE A15";"48,9370435";"2,2952178"
"201900051729";"27";"10";"2019";"05:50";"3";"92";"92078";"1";"1";"3";"6";"AUTOROUTE A86";"48,9309854";"2,3232930"
"201900051730";"11";"1";"2019";"14:50";"1";"92";"92036";"1";"1";"8";"6";"AUTOROUTE A15";"48,9371213";"2,2955972"
"201900051731";"28";"10";"2019";"18:00";"5";"94";"94017";"1";"1";"1";"2";"A4";"48,8279244";"2,5042838"
"201900051732";"28";"10";"2019";"14:40";"1";"94";"94017";"1";"1";"1";"6";"A4";"48,8282016";"2,5028891"
"201900051733";"28";"10";"2019";"08:00";"1";"94";"94028";"1";"1";"1";"2";"A86 EXT";"48,7934741";"2,4417029"
"201900051734";"11";"1";"2019";"07:35";"3";"93";"93027";"1";"1";"1";"4";"AUTOROUTE A86";"48,9278600";"2,4095700"
"201900051735";"28";"10";"2019";"00:54";"5";"75";"75112";"1";"1";"1";"6";"A4";"48,8247354";"2,4633569"
"201900051736";"10";"1";"2019";"21:20";"3";"93";"93053";"1";"1";"1";"4";"AUTOROUTE A86";"48,9028000";"2,4673200"
"201900051737";"27";"10";"2019";"14:25";"1";"77";"77337";"1";"1";"2";"6";"A4";"48,8299570";"2,6185600"
"201900051738";"26";"10";"2019";"16:00";"1";"69";"69264";"2";"1";"1";"6";"LOUVET  PIERRE  R";"45,9797500";"4,7385400"
"201900051739";"26";"10";"2019";"19:20";"5";"69";"69013";"1";"3";"1";"3";"LONGSARD (route de)";"46,0153100";"4,7073800"
"201900051740";"27";"10";"2019";"14:45";"1";"974";"97416";"2";"3";"1";"3";"HUBERT DE LISLE(BOULEVARD)";" -21,3426200";"55,4657400"
"201900051741";"27";"10";"2019";"21:00";"5";"69";"69383";"2";"2";"1";"3";"FERDINAND BUISSON                   (R )";"45,7516600";"4,8949300"
"201900051742";"10";"1";"2019";"17:10";"2";"95";"95572";"1";"1";"1";"4";"RN 184";"49,0378300";"2,1230500"
"201900051743";"27";"10";"2019";"11:00";"1";"69";"69386";"2";"7";"1";"3";"RENE DEROUDILLE                        (";"45,7659300";"4,8559400"
"201900051744";"9";"1";"2019";"12:20";"1";"95";"95607";"1";"1";"1";"6";"AUTOROUTE A115";"49,0292500";"2,2016500"
"201900051745";"8";"1";"2019";"09:30";"1";"93";"93063";"1";"1";"1";"2";"AUTOROUTE A3";"48,8752400";"2,4403800"
"201900051746";"8";"1";"2019";"09:35";"1";"95";"95582";"1";"1";"1";"6";"RD 170";"48,9626100";"2,2642600"
"201900051747";"27";"10";"2019";"02:20";"3";"69";"69386";"2";"2";"1";"3";"DUQUESNE (R)";"45,7724500";"4,8411500"
"201900051748";"8";"1";"2019";"07:50";"2";"95";"95572";"1";"1";"1";"6";"AUTOROUTE A15";"49,0319700";"2,1071200"
"201900051749";"7";"1";"2019";"17:00";"2";"93";"93066";"1";"1";"2";"3";"AUTOROUTE A86";"48,9224100";"2,3572100"
"201900051750";"7";"1";"2019";"18:00";"3";"95";"95572";"1";"1";"1";"3";"RN 184";"49,0491600";"2,1379400"
"201900051751";"12";"1";"2019";"12:00";"1";"77";"77146";"1";"1";"1";"6";"A4.Y";"48,8323000";"2,6570700"
"201900051752";"25";"10";"2019";"21:30";"3";"972";"97213";"1";"6";"1";"1";"ROUTE NATIONALE 1";"14,6488140";" -60,9751500"
"201900051753";"11";"1";"2019";"14:30";"1";"77";"77258";"1";"1";"8";"7";"A4.W";"48,8322400";"2,6523400"
"201900051754";"25";"10";"2019";"19:15";"2";"91";"91201";"2";"3";"1";"3";"PIERRE BROSSOLETTE (RUE)";"48,6917800";"2,4263300"
"201900051755";"10";"1";"2019";"09:00";"1";"77";"77251";"1";"1";"1";"4";"RN104";"48,6452900";"2,5484100"
"201900051756";"27";"10";"2019";"17:00";"1";"77";"77350";"2";"3";"8";"7";"MAURICE CHEVALIER (AVENUE)";"48,7656900";"2,6817900"
"201900051757";"9";"1";"2019";"09:05";"1";"77";"77337";"1";"1";"1";"2";"A4";"48,8300500";"2,6158400"
"201900051758";"8";"1";"2019";"12:10";"1";"77";"77237";"1";"1";"1";"2";"A4";"48,8293800";"2,7406800"
"201900051759";"27";"10";"2019";"13:40";"1";"71";"71153";"2";"2";"1";"3";"EPINAC (ROUTE D')";"46,8230100";"4,4548900"
"201900051760";"4";"1";"2019";"21:15";"3";"91";"91021";"1";"1";"1";"6";"RN 20";"48,5954400";"2,2434200"
"201900051761";"4";"1";"2019";"14:25";"1";"91";"91339";"2";"1";"1";"6";"RN 20";"48,5867200";"2,2348800"
"201900051762";"26";"10";"2019";"17:45";"1";"69";"69282";"2";"2";"1";"1";"PLANTEES (DES)                      (AV)";"45,7610800";"5,0087500"
"201900051763";"5";"1";"2019";"13:15";"1";"71";"71306";"1";"1";"1";"7";"RN 70 (ROUTE EXPRESS)";"46,6899717";"4,3801247"
"201900051764";"7";"1";"2019";"10:40";"1";"976";"97611";"2";"1";"1";"6";"kaweni-Centrale EDM (rue de la )";" -12,7613664";"45,2262920"
"201900051765";"27";"10";"2019";"02:45";"5";"64";"64348";"1";"1";"1";"1";"EUROPE DE L'";"43,3395157";" -0,3853430"
"201900051766";"6";"1";"2019";"18:35";"1";"974";"97411";"2";"1";"1";"7";"Avenue Stanislas Gimart";" -20,8952400";"55,4744300"
"201900051767";"27";"10";"2019";"15:10";"1";"62";"62737";"2";"1";"1";"1";"RACINE (RUE)";"50,4395800";"2,6721700"
"201900051768";"7";"1";"2019";"17:45";"1";"974";"97409";"1";"6";"8";"6";"Avenue de Tamatave";" -20,9305000";"55,3078900"
"201900051769";"7";"1";"2019";"16:00";"1";"973";"97302";"1";"1";"1";"2";"ROUTE NATIONALE 1";"4,9134811";" -52,3286963"
"201900051770";"7";"1";"2019";"06:40";"5";"69";"69385";"2";"2";"2";"3";"MENIVAL (DE)                        (AV)";"45,7546500";"4,7885100"
"201900051771";"27";"10";"2019";"11:05";"1";"54";"54547";"2";"1";"1";"2";"GEMBLOUX (RUE DE)";"48,6616080";"6,1783090"
"201900051772";"7";"1";"2019";"15:00";"1";"95";"95539";"2";"9";"2";"2";"MARAINVAL  (ROUTE DE)";"49,0061700";"2,3582700"
"201900051773";"6";"1";"2019";"22:20";"5";"91";"91432";"2";"1";"1";"7";"SAVIGNY (RUE DE)";"48,6927100";"2,3378000"
"201900051774";"7";"1";"2019";"09:35";"5";"91";"91689";"1";"1";"2";"6";"ARAGO (BOULEVARD)";"48,7293000";"2,3176500"
"201900051775";"7";"1";"2019";"17:30";"5";"91";"91689";"1";"1";"2";"4";"ARAGO (BOULEVARD)";"48,7293000";"2,3176500"
"201900051776";"7";"1";"2019";"17:35";"5";"91";"91377";"2";"1";"2";"6";"SCHUMAN (RUE ROBERT)";"48,7294650";"2,2579780"
"201900051777";"5";"1";"2019";"15:25";"1";"91";"91021";"2";"1";"1";"7";"BRIAND ARISTIDE (RUE)";"48,5869800";"2,2448100"
"201900051778";"6";"1";"2019";"13:00";"1";"80";"80021";"2";"2";"1";"3";"R COMMANDANT DEFONTAINE";"49,8966510";"2,2886700"
"201900051779";"4";"1";"2019";"18:24";"5";"80";"80021";"2";"1";"1";"3";"124, R ALEXANDRE DUMAS";"49,8746000";"2,2866700"
"201900051780";"6";"1";"2019";"16:25";"1";"77";"77288";"2";"1";"1";"7";"D415A - NOTRE DAME  (PONT)";"48,5337500";"2,6589200"
"201900051781";"6";"1";"2019";"02:45";"5";"76";"76540";"2";"2";"1";"3";"EUROPE. BOULEVARD DE L'";"49,4272400";"1,0836300"
"201900051782";"4";"1";"2019";"11:00";"1";"76";"76351";"2";"1";"1";"6";"THEOPHILE GAUTIER";"49,5169100";"0,0935100"
"201900051783";"5";"1";"2019";"09:30";"1";"67";"67482";"2";"3";"4";"2";"PRESIDENT POINCARE (BOULEVARD DU)";"48,5898800";"7,7425200"
"201900051784";"6";"1";"2019";"03:40";"5";"64";"64122";"2";"1";"1";"6";"MARCEL DASSAULT (BD)";"43,4515900";" -1,5560800"
"201900051785";"4";"1";"2019";"16:40";"1";"64";"64125";"2";"1";"1";"6";"BURRUNTZ (RUE)";"43,4364800";" -1,5651000"
"201900051786";"5";"1";"2019";"15:15";"1";"64";"64102";"2";"1";"1";"6";"LACHEPAILLET (RUE DES REMPARTS)";"43,4902500";" -1,4790600"
"201900051787";"3";"1";"2019";"20:00";"5";"63";"63113";"2";"3";"1";"3";"COTE BLATIN (BD)";"45,7718800";"3,0938200"
"201900051788";"7";"1";"2019";"17:40";"2";"59";"59350";"2";"1";"1";"6";"COURBET GUSTAVE  RUE";"50,6086400";"3,0400800"
"201900051789";"4";"1";"2019";"17:10";"1";"56";"56121";"2";"1";"1";"6";"BLUM ( BD LEON )";"47,7483000";" -3,3743700"
"201900051790";"4";"1";"2019";"14:00";"1";"56";"56121";"2";"2";"1";"3";"SCHUMAN (RUE  ROBERT )";"47,7655000";" -3,3891100"
"201900051791";"6";"1";"2019";"18:25";"5";"51";"51454";"2";"1";"1";"3";"62 BOULEVARD SAINT MARCEAUX";"49,2558600";"4,0467200"
"201900051792";"5";"1";"2019";"15:20";"1";"49";"49328";"2";"1";"1";"6";"ROUEN rue";"47,2714457";" -0,0650449"
"201900051793";"6";"1";"2019";"03:16";"5";"49";"49015";"2";"1";"1";"7";"MENDES FRANCE AVENUE PIERRE";"47,5081900";" -0,5908600"
"201900051794";"6";"1";"2019";"12:22";"1";"49";"49007";"2";"2";"1";"3";"PASTEUR AVENUE";"47,4797900";" -0,5265200"
"201900051795";"7";"1";"2019";"23:10";"5";"45";"45302";"1";"1";"2";"6";"RD 9701";"47,9425000";"1,8836000"
"201900051796";"7";"1";"2019";"18:55";"5";"44";"44109";"2";"1";"1";"3";"BOULEVARD LOUIS MILLET";"47,2262300";" -1,5215500"
"201900051797";"7";"1";"2019";"07:45";"3";"44";"44109";"2";"3";"1";"6";"Rues Paul Bellamy/Bel Aair";"47,2250000";" -1,5590300"
"201900051798";"4";"1";"2019";"17:00";"1";"41";"41018";"2";"1";"1";"6";"AUVERGNE (RUE D')";"47,5956500";"1,3343300"
"201900051799";"3";"1";"2019";"18:15";"5";"35";"35288";"2";"3";"1";"3";"ROULAIS (PLACE DE LA )";"48,6336870";" -2,0127560"
"201900051800";"7";"1";"2019";"19:20";"5";"35";"35238";"2";"1";"1";"3";"ALMA (DE L')";"48,0987100";" -1,6755200"
"201900051801";"7";"1";"2019";"12:15";"1";"35";"35238";"2";"1";"1";"6";"LAMARTINE (QUAI)";"48,1101600";" -1,6791900"
"201900051802";"7";"1";"2019";"22:17";"3";"30";"30189";"2";"1";"1";"3";"GRETRY (RUE)";"43,8382000";"4,3511000"
"201900051803";"7";"1";"2019";"08:50";"1";"29";"29232";"2";"1";"2";"3";"LIBERATION AVENUE DE LA";"47,9925000";" -4,0832300"
"201900051804";"6";"1";"2019";"16:53";"1";"29";"29019";"2";"1";"1";"3";"PARIS (DE 1 A 31 ET 2 A 40)";"48,4049400";" -4,4636700"
"201900051805";"6";"1";"2019";"12:10";"1";"29";"29019";"2";"2";"1";"2";"PORTE (DE 1 A 75 ET 2 A 64)";"48,3841914";" -4,5008122"
"201900051806";"4";"1";"2019";"17:05";"1";"19";"19031";"2";"3";"1";"3";"PASTEUR (AVENUE)";"45,1676600";"1,5314800"
"201900051807";"7";"1";"2019";"19:45";"2";"17";"17300";"2";"2";"1";"3";"GUITON   AVENUE JEAN (1-7 et 2)";"46,1587300";" -1,1595100"
"201900051808";"7";"1";"2019";"18:20";"3";"17";"17300";"2";"3";"1";"6";"JUIN   AVENUE DU MARECHAL";"46,1598500";" -1,1795800"
"201900051809";"7";"1";"2019";"20:50";"5";"13";"13206";"2";"4";"1";"3";"VINCENT DELPUECH (BOULEVARD)";"43,2829800";"5,3900300"
"201900051810";"7";"1";"2019";"17:00";"1";"13";"13002";"2";"1";"7";"6";"VALLON VERT (AVENUE DU )";"43,3378200";"5,4653400"
"201900051811";"7";"1";"2019";"16:45";"1";"13";"13212";"2";"1";"1";"6";"WILLIAM BOOTH (AVENUE)";"43,2944240";"5,4423930"
"201900051812";"7";"1";"2019";"14:10";"1";"13";"13212";"2";"1";"1";"1";"LA MARTINE (TRAVERSE)";"43,3008190";"5,4673180"
"201900051813";"7";"1";"2019";"16:20";"1";"13";"13001";"2";"1";"1";"6";"EUROPE (AV)";"43,5243100";"5,4318100"
"201900051814";"7";"1";"2019";"22:30";"5";"6";"06123";"2";"3";"1";"3";"PAGNOL MARCEL BOULEVARD";"43,6668300";"7,1809400"
"201900051815";"5";"1";"2019";"03:30";"3";"3";"03095";"1";"1";"1";"6";"N/A";"46,1642500";"3,5012935"
"201900051816";"6";"1";"2019";"19:30";"5";"75";"75113";"2";"1";"1";"2";"PORTE DE GENTILLY";"48,8164670";"2,3445500"
"201900051817";"6";"1";"2019";"00:10";"5";"75";"75116";"2";"3";"1";"6";"AVENUE ALBERT DE MUN";"48,8625340";"2,2925610"
"201900051818";"5";"1";"2019";"15:20";"1";"75";"75114";"2";"1";"8";"6";"RUE EMILE FAGUET";"48,8213140";"2,3299440"
"201900051819";"7";"1";"2019";"07:40";"5";"75";"75105";"2";"2";"1";"2";"BOULEVARD SAINT GERMAIN";"48,8495130";"2,3528800"
"201900051820";"7";"1";"2019";"19:55";"5";"75";"75120";"2";"1";"1";"3";"RUE DE LA CHINE";"48,8685620";"2,3976060"
"201900051821";"7";"1";"2019";"17:50";"5";"75";"75120";"2";"1";"2";"6";"AVENUE LEON GAUMONT";"48,8509870";"2,4158940"
"201900051822";"7";"1";"2019";"16:45";"1";"75";"75120";"2";"2";"2";"6";"RUE LE BUA";"48,8678100";"2,4035770"
"201900051823";"7";"1";"2019";"08:50";"1";"75";"75119";"2";"2";"1";"3";"BOULEVARD MACDONALD";"48,8987420";"2,3711040"
"201900051824";"6";"1";"2019";"17:55";"5";"75";"75116";"2";"2";"1";"6";"RUE MOLITOR";"48,8452380";"2,2619050"
"201900051825";"7";"1";"2019";"21:25";"5";"75";"75113";"2";"3";"2";"3";"AVENUE D ITALIE";"48,8251400";"2,3575820"
"201900051826";"7";"1";"2019";"15:25";"1";"75";"75112";"2";"3";"2";"6";"AVENUE DU GENERAL MICHEL BIZOT";"48,8376870";"2,4038140"
"201900051827";"7";"1";"2019";"07:25";"5";"75";"75109";"2";"2";"1";"3";"RUE DE CHATEAUDUN";"48,8760870";"2,3371220"
"201900051828";"5";"1";"2019";"20:40";"5";"75";"75102";"2";"2";"8";"3";"BOULEVARD DES CAPUCINES";"48,8709690";"2,3341540"
"201900051829";"7";"1";"2019";"17:20";"2";"75";"75103";"2";"5";"2";"6";"RUE DE TURBIGO";"48,8653570";"2,3556710"
"201900051830";"3";"1";"2019";"14:55";"1";"94";"94081";"2";"9";"1";"6";"CAMILLE GROULT (R)";"48,7860790";"2,3918340"
"201900051831";"7";"1";"2019";"13:55";"1";"94";"94059";"2";"1";"1";"7";"KIOSQUES (ALL DES)";"48,8010600";"2,5886600"
"201900051832";"7";"1";"2019";"20:35";"5";"93";"93010";"2";"9";"2";"2";"GALLIENI (AV.) DE 1 A 109";"48,9050350";"2,4758830"
"201900051833";"7";"1";"2019";"08:00";"1";"92";"92050";"2";"4";"1";"2";"COMMUNE DE PARIS (AVENUE DE LA)";"48,9075674";"2,2122145"
"201900051834";"6";"1";"2019";"14:15";"1";"972";"97231";"2";"1";"1";"6";"D7";"14,5362120";" -61,0336340"
"201900051835";"6";"1";"2019";"10:45";"1";"972";"97221";"1";"1";"1";"7";"Quartier Là-haut";"14,5224170";" -60,9664110"
"201900051836";"8";"1";"2019";"02:35";"3";"71";"71256";"2";"4";"1";"6";"route de villegaudin";"46,7448490";"5,0835060"
"201900051837";"5";"1";"2019";"16:50";"1";"87";"87177";"1";"1";"1";"6";"lieu-dit le moulin de la mie";"45,8097790";"1,1152660"
"201900051838";"6";"1";"2019";"10:30";"1";"62";"62750";"2";"1";"1";"3";"rue principale";"50,5749420";"2,4111240"
"201900051839";"7";"1";"2019";"06:55";"3";"57";"57178";"1";"1";"1";"6";"RD 674 PK 45+285";"49,0122035";"6,8599051"
"201900051840";"7";"1";"2019";"13:50";"1";"57";"57422";"1";"1";"7";"6";"D910";"48,9563550";"6,1787300"
"201900051841";"7";"1";"2019";"19:30";"3";"56";"56022";"1";"1";"1";"7";"Kerdréan la Forêt";"47,7924000";" -2,8946200"
"201900051842";"4";"1";"2019";"18:45";"5";"82";"82101";"2";"1";"1";"6";"01 Avenue de quercy";"44,0915730";"0,9720450"
"201900051843";"7";"1";"2019";"16:45";"1";"82";"82134";"2";"1";"8";"6";"1 rue du 11 novembre 1918";"44,0761190";"1,5212320"
"201900051844";"7";"1";"2019";"17:30";"3";"61";"61126";"1";"3";"1";"3";"D509";"48,5381170";"0,3949060"
"201900051845";"7";"1";"2019";"19:10";"5";"49";"49002";"2";"1";"1";"6";"rue albert pottier";"47,2932680";"0,0233760"
"201900051846";"7";"1";"2019";"14:18";"1";"12";"12224";"1";"1";"1";"6";"lieu dit le GOUTAL";"44,4697530";"2,9448500"
"201900051847";"7";"1";"2019";"16:30";"1";"44";"44041";"2";"3";"1";"1";"intersection D65 et rue de la michellerie";"47,0993970";" -1,6084540"
"201900051848";"5";"1";"2019";"17:40";"2";"29";"29235";"1";"1";"1";"6";"N165";"48,3959570";" -4,4080970"
"201900051849";"8";"1";"2019";"07:00";"2";"2";"02063";"1";"1";"1";"1";"D1044";"49,9144160";"3,2556040"
"201900051850";"8";"1";"2019";"08:15";"2";"50";"50200";"1";"2";"1";"3";"lieu dit le bouillonnet";"48,6720960";" -0,8322800"
"201900051851";"8";"1";"2019";"01:10";"3";"40";"40078";"1";"1";"1";"7";"Route du pontic";"43,6842220";" -0,7590700"
"201900051852";"8";"1";"2019";"17:55";"3";"24";"24353";"1";"1";"2";"1";"D 939 - PK 53 + 600";"45,4886000";"0,4004900"
"201900051853";"8";"1";"2019";"10:15";"1";"4";"04162";"1";"1";"1";"7";"D5";"43,9828370";"5,6532750"
"201900051854";"8";"1";"2019";"07:10";"3";"27";"27427";"1";"1";"1";"6";"RD 830";"48,8795390";"0,7416000"
"201900051855";"8";"1";"2019";"10:50";"1";"17";"17463";"1";"1";"1";"7";"route de la Rochelle, canal de Rochefort";"45,9810690";" -1,0003730"
"201900051856";"3";"1";"2019";"11:50";"1";"88";"88472";"1";"1";"1";"7";"D18 - PK24 + 100";"48,1622560";"6,0037430"
"201900051857";"8";"1";"2019";"09:00";"1";"13";"13044";"1";"1";"1";"3";"RD 69";"43,6194080";"5,0377120"
"201900051858";"7";"1";"2019";"17:15";"5";"78";"78043";"2";"1";"2";"6";"14 rue de Maule";"48,8409150";"2,0767750"
"201900051859";"7";"1";"2019";"12:12";"1";"973";"97309";"2";"1";"1";"1";"boulevard docteur edmard lama";"4,9048380";" -52,2750440"
"201900051860";"7";"1";"2019";"23:20";"5";"6";"06152";"2";"6";"1";"6";"carrefour des Bouillides";"43,6172400";"7,0380640"
"201900051861";"7";"1";"2019";"17:25";"1";"976";"97607";"1";"1";"1";"2";"IRONI BE";" -12,8531390";"45,1760570"
"201900051862";"8";"1";"2019";"14:45";"1";"971";"97131";"1";"1";"1";"7";"route de pompierre";"15,8715960";" -61,5733440"
"201900051863";"8";"1";"2019";"19:00";"3";"11";"11243";"1";"1";"2";"3";"D6113 - PK 103.700 -";"43,3571300";"1,8201060"
"201900051864";"7";"1";"2019";"16:00";"1";"34";"34344";"2";"1";"1";"6";"avenue du plein soleil";"43,5609140";"4,0689150"
"201900051865";"8";"1";"2019";"11:20";"1";"84";"84081";"2";"1";"1";"6";"Rue Gérard Philippe";"43,9506500";"4,9027150"
"201900051866";"7";"1";"2019";"08:30";"1";"6";"06122";"2";"3";"1";"6";"route de saint laurent";"43,7422240";"7,1449660"
"201900051867";"25";"9";"2019";"11:55";"1";"60";"60106";"1";"1";"2";"6";"D1016";"49,3803363";"2,4360977"
"201900051868";"26";"9";"2019";"14:15";"1";"33";"33508";"1";"1";"2";"1";"D12";"44,5275300";" -0,1036190"
"201900051869";"26";"9";"2019";"11:35";"1";"69";"69288";"2";"2";"1";"1";"Avenue Jean MOULIN";"45,6858600";"5,0566000"
"201900051870";"22";"9";"2019";"12:35";"1";"51";"51199";"1";"1";"1";"6";"CHEMIN DE VIGNE";"49,1331070";"3,8167472"
"201900051871";"25";"9";"2019";"20:45";"3";"1";"01194";"1";"1";"3";"1";"departementale 131";"45,9964410";"4,7582510"
"201900051872";"26";"9";"2019";"16:28";"1";"22";"22182";"1";"1";"1";"2";"Route nationale 12,  pr 71+200, sens RENNES-BREST";"48,5311780";" -2,9215550"
"201900051873";"26";"9";"2019";"10:05";"1";"44";"44113";"1";"1";"2";"7";"La Touche d'Aguenais";"47,5948680";" -1,5885150"
"201900051874";"26";"9";"2019";"10:15";"1";"71";"71420";"1";"1";"8";"6";"D197";"46,7163440";"4,9902090"
"201900051875";"25";"9";"2019";"11:20";"1";"83";"83130";"1";"1";"1";"3";"Chemin de Sauvebonne";"43,1793205";"6,0695107"
"201900051876";"25";"9";"2019";"19:35";"3";"37";"37141";"1";"1";"3";"7";"A85";"47,2851140";"1,0628010"
"201900051877";"21";"9";"2019";"17:15";"2";"83";"83031";"2";"1";"3";"1";"ROUTE DU THORONET";"43,3944710";"6,3501140"
"201900051878";"25";"9";"2019";"14:30";"1";"30";"30135";"1";"1";"1";"2";"RD 999";"43,8313800";"4,5762250"
"201900051879";"24";"9";"2019";"08:30";"1";"31";"31157";"2";"3";"1";"5";"Avenue du Comminges";"43,5349750";"1,3630530"
"201900051880";"24";"9";"2019";"16:57";"1";"57";"57099";"1";"1";"1";"1";"D955";"48,7230970";"6,7221910"
"201900051881";"24";"9";"2019";"17:00";"1";"65";"65388";"2";"6";"1";"6";"ROUTE D'AUTUN";"42,8217450";"0,3280660"
"201900051882";"26";"9";"2019";"17:36";"1";"71";"71109";"1";"1";"1";"7";"D109";"46,8813910";"4,6981050"
"201900051883";"26";"9";"2019";"09:55";"1";"89";"89086";"1";"1";"2";"3";"Les Bonnins (Saint-Martin-sur-Ouanne)";"47,8684017";"3,1127238"
"201900051884";"25";"9";"2019";"17:45";"1";"63";"63050";"2";"3";"1";"2";"Av Coussonnière /av Grand Champ";"45,4173210";"3,3202450"
"201900051885";"26";"9";"2019";"08:00";"2";"29";"29146";"2";"2";"3";"3";"D22";"47,9044640";" -3,8381860"
"201900051886";"25";"9";"2019";"16:50";"1";"29";"29259";"1";"1";"2";"1";"feunteun ven";"48,6673210";" -4,0033040"
"201900051887";"15";"9";"2019";"14:45";"1";"29";"29260";"2";"1";"1";"6";"Rue de l'Étain";"48,4398140";" -4,6202990"
"201900051888";"24";"9";"2019";"08:10";"1";"29";"29035";"1";"2";"2";"3";"Milin Ar Roc'H";"48,5052680";" -4,5469140"
"201900051889";"25";"9";"2019";"20:35";"3";"31";"31451";"2";"1";"1";"3";"Route de Castelnaudary";"43,4531940";"1,9875330"
"201900051890";"25";"9";"2019";"14:45";"1";"38";"38409";"1";"1";"1";"2";"d1532";"45,0624860";"5,2637300"
"201900051891";"26";"9";"2019";"08:45";"1";"15";"15152";"1";"1";"2";"6";"Route départementale 990";"44,9268400";"2,8462700"
"201900051892";"15";"9";"2019";"17:50";"1";"26";"26243";"1";"1";"1";"3";"CD540";"44,5302720";"5,0142200"
"201900051893";"26";"9";"2019";"16:45";"1";"73";"73070";"1";"1";"1";"6";"D1516  Rue des Tulliers";"45,6134050";"5,6522030"
"201900051894";"26";"9";"2019";"09:30";"1";"36";"36165";"1";"6";"8";"3";"N/A";"46,6821393";"1,0414969"
"201900051895";"24";"9";"2019";"17:00";"1";"7";"07319";"2";"3";"1";"3";"Avenue Henri Barbusse";"44,5398230";"4,6853040"
"201900051896";"25";"9";"2019";"20:00";"3";"24";"24115";"1";"1";"2";"1";"la Monnerie";"45,2623210";"0,6824200"
"201900051897";"25";"9";"2019";"11:15";"1";"4";"04088";"2";"1";"1";"1";"Av de Verdun";"43,9584403";"5,7777067"
"201900051898";"26";"9";"2019";"05:45";"3";"85";"85190";"1";"1";"2";"6";"D7";"46,9329000";" -1,5152700"
"201900051899";"25";"9";"2019";"18:25";"1";"8";"08078";"2";"2";"8";"1";"Place de la Roquette";"49,8901900";"4,5402620"
"201900051900";"25";"9";"2019";"23:20";"3";"88";"88165";"1";"1";"2";"6";"Avenue de Bellefontaine";"48,3543380";"6,8831560"
"201900051901";"21";"9";"2019";"14:45";"1";"67";"67388";"1";"1";"1";"3";"D53";"48,9509410";"7,6768650"
"201900051902";"25";"9";"2019";"11:30";"1";"13";"13080";"1";"1";"1";"2";"Route de Saint-Canadet";"43,6306190";"5,4561420"
"201900051903";"26";"9";"2019";"07:55";"1";"13";"13001";"1";"1";"1";"3";"A51 PK 023.400";"43,5630200";"5,4600260"
"201900051904";"26";"9";"2019";"08:05";"1";"973";"97309";"2";"3";"1";"3";"Avenue Gaston Monnerville";"4,8875820";" -52,2783530"
"201900051905";"26";"9";"2019";"07:10";"1";"973";"97309";"2";"2";"1";"7";"Rue des Bougainvilliers";"4,9100820";" -52,2838290"
"201900051906";"26";"9";"2019";"15:20";"1";"6";"06152";"1";"3";"1";"1";"Route des Macarons";"43,6380950";"7,0462300"
"201900051907";"19";"9";"2019";"10:55";"1";"6";"06152";"2";"1";"1";"1";"route des lucioles";"43,6179800";"7,0571430"
"201900051908";"20";"8";"2019";"14:15";"1";"74";"74010";"2";"6";"3";"6";"Boulevard du Semnoz (Seynod)";"45,8984040";"6,1296950"
"201900051909";"25";"9";"2019";"08:10";"1";"67";"67239";"1";"1";"1";"2";"A35 PK 444.4";"48,2476180";"7,4101600"
"201900051910";"26";"9";"2019";"02:00";"3";"44";"44048";"1";"1";"2";"1";"A11 PK 324.800";"47,3749640";" -1,2692670"
"201900051911";"25";"9";"2019";"21:00";"4";"69";"69086";"1";"1";"2";"6";"A89";"45,8446500";"4,6739800"
"201900051912";"26";"9";"2019";"10:40";"1";"17";"17188";"1";"1";"1";"3";"RD 739";"45,8713660";" -0,2492100"
"201900051913";"25";"9";"2019";"17:45";"1";"68";"68278";"2";"1";"1";"2";"rue de l'ile napoléon";"47,7680050";"7,3918320"
"201900051914";"21";"9";"2019";"07:25";"1";"971";"97106";"1";"1";"1";"1";"Route de la Traversee";"16,1792300";" -61,7481200"
"201900051915";"26";"9";"2019";"09:00";"1";"84";"84132";"1";"2";"1";"3";"D25";"43,9263851";"4,9853316"
"201900051916";"26";"9";"2019";"16:25";"1";"83";"83016";"1";"3";"1";"2";"Route de Toulon à Marseille";"43,1795170";"5,8248820"
"201900051917";"26";"9";"2019";"07:57";"1";"81";"81050";"1";"1";"1";"5";"RN 126 PK 19+315";"43,5796080";"1,8395710"
"201900051918";"25";"9";"2019";"12:45";"1";"17";"17219";"2";"2";"3";"3";"Rue de la gataudière";"45,8328360";" -1,1127980"