"Num_Acc";"jour";"mois";"an";"hrmn";"lum";"dep";"com";"agg";"int";"atm";"col";"adr";"lat";"long"
"201900051919";"14";"9";"2019";"15:00";"1";"85";"85002";"1";"1";"1";"3";"Sainte-Jeanne";"46,6724000";" -1,7824500"
"201900051920";"25";"9";"2019";"18:10";"1";"85";"85155";"1";"1";"2";"6";"7 Le Coq Vert";"46,6981500";" -1,4891600"
"201900051921";"25";"9";"2019";"18:15";"1";"35";"35212";"1";"1";"2";"3";"La Pinconnière";"47,8845590";" -1,6259850"
"201900051922";"6";"9";"2019";"15:10";"1";"13";"13055";"1";"1";"1";"4";"A507 sens Aubagne- Marseille";"43,3347223";"5,3825659"
"201900051923";"24";"9";"2019";"05:35";"3";"54";"54578";"1";"1";"1";"6";"Autoroute33";"48,6725700";"6,1214900"
"201900051924";"25";"9";"2019";"19:18";"2";"91";"91363";"1";"1";"8";"7";"RN 118";"48,6682400";"2,1941200"
"201900051925";"25";"9";"2019";"16:30";"1";"91";"91161";"1";"1";"1";"3";"AUTOROUTE A6";"48,7053200";"2,3060400"
"201900051926";"25";"9";"2019";"07:30";"2";"91";"91534";"1";"1";"2";"3";"RN 118";"48,7362000";"2,1748000"
"201900051927";"25";"9";"2019";"07:00";"3";"94";"94038";"1";"1";"2";"3";"AUTOROUTE A6A";"48,7888100";"2,3445300"
"201900051928";"25";"9";"2019";"17:00";"1";"78";"78545";"1";"1";"1";"2";"A12 Y";"48,8054660";"2,0507390"
"201900051929";"24";"9";"2019";"22:30";"4";"92";"92050";"1";"9";"2";"6";"A86";"48,9144481";"2,2195986"
"201900051930";"24";"9";"2019";"19:45";"2";"92";"92036";"1";"1";"2";"3";"AUTOROUTE A86";"48,9381790";"2,3134203"
"201900051931";"24";"9";"2019";"21:45";"3";"93";"93027";"1";"1";"2";"6";"AUTOROUTE A86";"48,9286000";"2,4145000"
"201900051932";"25";"9";"2019";"00:50";"3";"95";"95277";"1";"1";"1";"7";"AUTOROUTE A104";"48,9723300";"2,4847400"
"201900051933";"24";"9";"2019";"22:45";"3";"93";"93078";"1";"1";"2";"6";"AUTOROUTE A104";"48,9647100";"2,5192700"
"201900051934";"24";"9";"2019";"16:45";"1";"95";"95241";"1";"1";"2";"3";"RN 104";"49,0475200";"2,4603400"
"201900051935";"23";"9";"2019";"14:20";"1";"93";"93010";"1";"1";"1";"4";"AUTOROUTE A3";"48,8920200";"2,4731700"
"201900051936";"23";"9";"2019";"13:00";"1";"77";"77053";"1";"1";"1";"3";"RN104";"48,6906000";"2,5954000"
"201900051937";"23";"9";"2019";"08:00";"1";"91";"91471";"2";"3";"1";"3";"MONTHLERY (ROUTE DE)";"48,6882500";"2,1831700"
"201900051938";"23";"9";"2019";"15:20";"1";"45";"45169";"2";"1";"1";"6";"RUE DE CHANGELIN";"47,9211100";"1,8261100"
"201900051939";"24";"9";"2019";"08:50";"1";"17";"17274";"1";"1";"2";"7";"RD 108";"46,1608700";" -1,0829100"
"201900051940";"22";"9";"2019";"18:30";"1";"10";"10081";"2";"2";"2";"3";"TEILHARD DE CHARDIN (RUE)";"48,3042700";"4,0329500"
"201900051941";"24";"9";"2019";"17:00";"1";"976";"97611";"1";"1";"1";"6";"passamanty-Vahibé ( route )";" -12,7944400";"45,1964600"
"201900051942";"22";"9";"2019";"18:53";"3";"974";"97407";"1";"1";"1";"6";"TAMATAVE (BOULEVARD)";" -20,9304400";"55,3031000"
"201900051943";"22";"9";"2019";"11:30";"1";"974";"97407";"2";"2";"1";"3";"CARPAYE(AVENUE)";" -20,9474680";"55,2991420"
"201900051944";"24";"9";"2019";"13:00";"1";"69";"69259";"2";"1";"1";"2";"CHARLES DE GAULLE                   (AV)";"45,7204000";"4,8874800"
"201900051945";"24";"9";"2019";"12:50";"1";"69";"69386";"2";"2";"2";"3";"CHARLES DE GAULLE                   (QU)";"45,7843900";"4,8505600"
"201900051946";"19";"9";"2019";"09:30";"1";"69";"69259";"2";"9";"1";"3";"IRENE JOLIOT CURIE                  (BD)";"45,7168400";"4,8758300"
"201900051947";"24";"9";"2019";"06:45";"2";"69";"69386";"2";"1";"1";"6";"VIABERT (DE LA)                     (R )";"45,7663500";"4,8667700"
"201900051948";"23";"9";"2019";"16:46";"1";"972";"97213";"1";"1";"1";"3";"PELLETIER (ROUTE DE)";"14,6579300";" -60,9860000"
"201900051949";"23";"9";"2019";"07:31";"1";"69";"69385";"2";"1";"1";"6";"BARTHELEMY BUYER                    (AV)";"45,7635800";"4,7967900"
"201900051950";"24";"9";"2019";"11:25";"1";"2B";"2B120";"2";"1";"1";"6";"IMPERIALE (Route) D464 ";"42,6580600";"9,4317500"
"201900051951";"24";"9";"2019";"10:35";"1";"971";"97101";"2";"9";"1";"6";"PROVIDENCE";"16,2644000";" -61,5118700"
"201900051952";"21";"9";"2019";"20:45";"5";"95";"95598";"2";"3";"1";"3";"AVENUE DE LA DIVISION LECLERC";"48,9794100";"2,3041000"
"201900051953";"23";"9";"2019";"11:12";"1";"95";"95428";"2";"1";"1";"6";"CHARLES DE GAULLE  AVENUE";"48,9841058";"2,3280834"
"201900051954";"24";"9";"2019";"20:05";"5";"91";"91097";"2";"1";"2";"1";"GEORGES COUBARD (RUE)";"48,6937600";"2,5356900"
"201900051955";"24";"9";"2019";"10:06";"1";"87";"87085";"1";"1";"2";"6";"A20 -Diffuseur 33";"45,8390500";"1,2811500"
"201900051956";"24";"9";"2019";"09:53";"1";"87";"87113";"2";"1";"2";"6";"CARNOT (AVENUE SADI)";"45,8677700";"1,3241400"
"201900051957";"23";"9";"2019";"09:39";"1";"87";"87085";"2";"1";"1";"7";"11 BERTHELOT (AVENUE)";"45,8372300";"1,2518400"
"201900051958";"21";"9";"2019";"17:10";"1";"87";"87085";"2";"3";"1";"3";"BEAUBREUIL (PLACE DE)";"45,8807900";"1,2941100"
"201900051959";"21";"9";"2019";"00:35";"5";"87";"87085";"2";"1";"1";"7";"NEXON (RUE DE)";"45,8182100";"1,2636700"
"201900051960";"21";"9";"2019";"00:15";"5";"80";"80021";"2";"9";"1";"3";"PARMENTIER (PLACE)";"49,8955300";"2,3053800"
"201900051961";"19";"9";"2019";"18:30";"1";"80";"80131";"2";"1";"1";"2";"DEPORTES RESISTANTS (RUE DES)";"49,8486100";"2,3925500"
"201900051962";"23";"9";"2019";"17:00";"1";"77";"77146";"2";"6";"1";"3";"D10P X D1406-SOUBRIARDE (AVENUE DE LA)";"48,8235661";"2,6408182"
"201900051963";"21";"9";"2019";"19:15";"1";"76";"76351";"2";"1";"1";"7";"SAINT QUENTIN (DE)";"49,5153200";"0,1134700"
"201900051964";"21";"9";"2019";"16:20";"1";"76";"76351";"2";"2";"1";"3";"ARISTIDE BRIAND";"49,5005200";"0,1392000"
"201900051965";"23";"9";"2019";"22:15";"3";"74";"74298";"2";"1";"1";"3";"BONNEVILLE (ROUTE DE )";"46,1687124";"6,2591939"
"201900051966";"24";"9";"2019";"08:15";"1";"67";"67482";"2";"3";"1";"6";"FAUBOURG DE PIERRE (PONT DU)";"48,5869400";"7,7464900"
"201900051967";"22";"9";"2019";"13:30";"1";"67";"67482";"2";"3";"1";"3";"MONTAGNE VERTE (PONT DE LA)";"48,5705330";"7,7258150"
"201900051968";"21";"9";"2019";"12:30";"1";"67";"67482";"2";"1";"1";"6";"RIMBACH (RUE)";"48,5589500";"7,7836300"
"201900051969";"20";"9";"2019";"13:30";"1";"67";"67482";"2";"1";"1";"2";"GENERAL KOENIG (QUAI DU)";"48,5752460";"7,7583090"
"201900051970";"24";"9";"2019";"07:10";"5";"64";"64445";"2";"1";"1";"3";"PAIX";"43,3221922";" -0,3666053"
"201900051971";"22";"9";"2019";"11:44";"1";"64";"64348";"2";"1";"2";"2";"CHARLES DE GAULLE";"43,3135873";" -0,4173297"
"201900051972";"23";"9";"2019";"08:05";"2";"64";"64024";"2";"1";"1";"5";"BAB (Boulevard)";"43,4933873";" -1,5302602"
"201900051973";"22";"9";"2019";"21:00";"4";"63";"63063";"2";"1";"3";"1";"FONTENILLE (RUE DE)";"45,8414659";"3,1055409"
"201900051974";"24";"9";"2019";"02:30";"5";"62";"62510";"2";"1";"1";"6";"GOULET (R SILAS)";"50,4223000";"2,7792000"
"201900051975";"24";"9";"2019";"10:10";"1";"59";"59508";"2";"1";"1";"3";"LOEUL (AVENUE ALPHONSE)";"50,7588000";"3,1214600"
"201900051976";"24";"9";"2019";"10:00";"1";"59";"59512";"2";"1";"1";"6";"LAGACHE (AVENUE JULIEN)";"50,6830600";"3,1969700"
"201900051977";"20";"9";"2019";"14:25";"1";"57";"57463";"2";"2";"1";"3";"LOTHAIRE (RUE )";"49,1006800";"6,1885600"
"201900051978";"21";"9";"2019";"20:30";"2";"56";"56121";"2";"1";"1";"3";"BELGIQUE (RUE  DE )";"47,7604900";" -3,3840900"
"201900051979";"21";"9";"2019";"16:00";"1";"56";"56121";"2";"6";"1";"3";"BLUM ( BD LEON )";"47,7472118";" -3,3764740"
"201900051980";"20";"9";"2019";"20:40";"2";"56";"56098";"2";"2";"1";"3";"MAURICE (RUE  JEAN-MARIE )";"47,7561600";" -3,3405900"
"201900051981";"15";"3";"2019";"05:19";"3";"54";"54395";"2";"2";"3";"6";"BOUDONVILLE (Rue de)";"48,6988800";"6,1679100"
"201900051982";"17";"9";"2019";"18:30";"1";"54";"54395";"2";"1";"1";"3";"TOMBLAINE (RUE DE)";"48,6865000";"6,2000900"
"201900051983";"12";"3";"2019";"23:00";"3";"54";"54395";"2";"3";"3";"1";"LOUIS (RUE BARON)";"48,6966500";"6,1743000"
"201900051984";"24";"9";"2019";"10:40";"1";"54";"54395";"2";"1";"1";"3";"LIBERATION (AVENUE DE LA)";"48,6962790";"6,1516700"
"201900051985";"7";"3";"2019";"13:35";"1";"54";"54395";"2";"1";"1";"5";"METZ (RUE DE)";"48,7006000";"6,1722700"
"201900051986";"24";"9";"2019";"08:35";"1";"54";"54395";"2";"1";"1";"4";"FRANCE (AVENUE ANATOLE)";"48,6867510";"6,1615480"
"201900051987";"22";"9";"2019";"22:30";"5";"52";"52121";"2";"1";"1";"2";"TREFOUSSE (RUE JULES)";"48,1103000";"5,1412000"
"201900051988";"24";"9";"2019";"08:30";"1";"51";"51454";"2";"6";"1";"2";"ALLEE DU VIGNOBLE";"49,2134143";"4,0147707"
"201900051989";"24";"9";"2019";"07:45";"1";"51";"51454";"2";"2";"1";"7";"BOULEVARD PASTEUR";"49,2496031";"4,0428185"
"201900051990";"23";"9";"2019";"15:40";"1";"49";"49099";"1";"1";"8";"7";"SARTHE (RUE DE LA)";"47,0772400";" -0,8579200"
"201900051991";"23";"9";"2019";"07:52";"3";"49";"49007";"2";"1";"1";"7";"PARMENTIER";"47,4531077";" -0,5183262"
"201900051992";"23";"9";"2019";"17:06";"1";"49";"49007";"2";"2";"1";"6";"MARIANNE BOULEVARD";"47,4521600";" -0,5252800"
"201900051993";"24";"9";"2019";"09:10";"1";"47";"47323";"2";"1";"2";"6";"GENERAL DE GAULLE (AVENUE DU)";"44,4162900";"0,7159700"
"201900051994";"24";"9";"2019";"10:45";"1";"45";"45234";"2";"1";"2";"6";"AV DES DROITS DE L'HOMME";"47,9119600";"1,9233000"
"201900051995";"24";"9";"2019";"13:45";"1";"44";"44184";"2";"2";"1";"3";"BOULEVARD EMILE ZOLA / RUE CHAILLON";"47,2992420";" -2,1918543"
"201900051996";"24";"9";"2019";"12:00";"1";"41";"41018";"2";"3";"2";"3";"FRANCE (AVENUE DE)  1";"47,5923970";"1,3132950"
"201900051997";"27";"7";"2019";"11:58";"1";"36";"36044";"2";"1";"1";"6";"24 RUE BOURDILLON";"46,8084698";"1,6962747"
"201900051998";"26";"7";"2019";"20:30";"1";"36";"36044";"2";"2";"1";"6";"AVENUE DE VERDUN";"46,8036334";"1,6954605"
"201900051999";"21";"7";"2019";"10:55";"1";"36";"36044";"2";"1";"1";"3";"78 BIS AVENUE JOHN KENNEDY";"46,8007971";"1,6923886"
"201900052000";"20";"7";"2019";"23:07";"5";"36";"36044";"2";"2";"1";"3";"BOULEVARD DE BRYAS/BOULEVARD DE CLUIS";"46,8088000";"1,7048000"
"201900052001";"24";"9";"2019";"11:25";"1";"35";"35238";"2";"3";"2";"3";"STRASBOURG (BOULEVARD DE)";"48,1117000";" -1,6560700"
"201900052002";"23";"9";"2019";"13:20";"1";"35";"35238";"2";"5";"2";"3";"NANTES (DE)";"48,1000100";" -1,6866900"
"201900052003";"24";"9";"2019";"15:20";"1";"34";"34172";"2";"1";"1";"2";"DUBOUT (AVENUE ALBERT)";"43,5979600";"3,8880500"
"201900052004";"25";"9";"2019";"00:25";"5";"33";"33063";"2";"2";"1";"1";"Crs d'Albret / Crs du Maréchal Juin";"44,8364400";" -0,5810700"
"201900052005";"24";"9";"2019";"00:25";"5";"33";"33063";"2";"4";"1";"6";"PCE MARTYRS DE LA RESISTANCE";"44,8418800";" -0,5843100"
"201900052006";"24";"9";"2019";"08:00";"1";"33";"33318";"2";"2";"2";"6";"CHATEAUBRIAND (RUE )";"44,8050500";" -0,6258900"
"201900052007";"23";"9";"2019";"23:30";"5";"33";"33063";"2";"3";"1";"2";"Bd Georges Pompidou / R. du Commandant Marchand";"44,8333820";" -0,6003550"
"201900052008";"23";"9";"2019";"17:25";"1";"33";"33063";"2";"3";"1";"3";"Q. Deschamps / R. Letellier";"44,8377500";" -0,5574100"
"201900052009";"23";"9";"2019";"08:35";"1";"33";"33192";"2";"2";"1";"3";"RUE DE CANTARANNE";"44,7818400";" -0,6234100"
"201900052010";"24";"9";"2019";"09:15";"1";"31";"31069";"2";"1";"1";"6";"GRENADE (ROUTE DE)";"43,6499200";"1,3817400"
"201900052011";"23";"9";"2019";"18:10";"1";"31";"31149";"2";"4";"1";"3";"SELERY (BOULEVARD DE)";"43,6191100";"1,3203600"
"201900052012";"23";"9";"2019";"23:00";"4";"31";"31555";"2";"2";"1";"3";"AGDE (RTE D) DU 1AU 67";"43,6281300";"1,4794000"
"201900052013";"24";"9";"2019";"08:25";"1";"30";"30189";"2";"1";"1";"6";"ALLENDE SALVADOR (RUE)";"43,8225500";"4,3660000"
"201900052014";"24";"9";"2019";"10:45";"1";"27";"27681";"2";"1";"2";"2";"HUGO (AVENUE VICTOR)";"49,0930000";"1,4820000"
"201900052015";"22";"9";"2019";"20:50";"5";"26";"26281";"2";"1";"3";"1";"VOLTAIRE (BOULVEVARD)";"45,0433600";"5,0583400"
"201900052016";"23";"9";"2019";"09:45";"1";"25";"25056";"2";"9";"1";"3";"EDISON RUE THOMAS";"47,2326800";"5,9733600"
"201900052017";"20";"9";"2019";"08:20";"1";"14";"14574";"1";"1";"7";"2";"D.613 ( SAINT DESIR)";"49,1241600";"0,2056530"
"201900052018";"17";"9";"2019";"17:45";"1";"13";"13039";"2";"1";"1";"3";"POMPIDOU GEORGES (avenue)";"43,4623200";"4,9411600"
"201900052019";"24";"9";"2019";"17:15";"1";"13";"13208";"2";"1";"1";"6";"PRADO (AVENUE DU)";"43,2626210";"5,3759370"
"201900052020";"24";"9";"2019";"09:30";"1";"13";"13213";"2";"1";"1";"2";"CROIX ROUGE (AVENUE)";"43,3317590";"5,4339180"
"201900052021";"25";"9";"2019";"21:02";"3";"13";"13047";"1";"1";"1";"7";"MARTIGUES ROUTE DE";"43,4733020";"4,9979390"
"201900052022";"24";"9";"2019";"18:33";"1";"10";"10357";"2";"1";"3";"3";"GENERAL DE GAULLE (RUE DU)";"48,2982400";"4,1193600"
"201900052023";"24";"9";"2019";"16:55";"1";"9";"09225";"1";"1";"1";"6";"BELPECH ROUTE DE";"43,1264590";"1,6488100"
"201900052024";"21";"9";"2019";"00:10";"3";"7";"07070";"1";"1";"1";"3";"COLONNEL ROUSSET (AVENUE DU)";"44,9732900";"4,8517100"
"201900052025";"18";"9";"2019";"12:00";"1";"7";"07229";"2";"7";"1";"3";"ROUTE DE MONTELIMAR";"44,6087690";"4,4132260"
"201900052026";"23";"9";"2019";"19:25";"5";"6";"06069";"2";"3";"1";"1";"6 AVENUE VICTORIA";"43,6638260";"6,9280370"
"201900052027";"24";"9";"2019";"07:10";"1";"6";"06123";"2";"9";"1";"3";"CURIE PIERRE ET MARIE AVENUE";"43,6885860";"7,1864650"
"201900052028";"23";"9";"2019";"14:05";"1";"5";"05061";"2";"1";"1";"7";"Bernard GIVAUDAN (Avenue) D900B";"44,5370600";"6,0627000"
"201900052029";"24";"9";"2019";"17:15";"1";"75";"75119";"2";"1";"1";"2";"BD PERIPHERIQUE INTERIEUR";"48,8820440";"2,4014770"
"201900052030";"24";"9";"2019";"12:00";"1";"75";"75119";"2";"4";"2";"2";"PORTE DE PANTIN";"48,8925784";"2,3956954"
"201900052031";"23";"9";"2019";"19:15";"2";"75";"75120";"2";"4";"1";"6";"BD PERIPHERIQUE EXTERIEUR";"48,8565086";"2,4141621"
"201900052032";"23";"9";"2019";"12:50";"1";"75";"75119";"2";"4";"1";"4";"BD PERIPHERIQUE EXTERIEUR";"48,8927250";"2,3955280"
"201900052033";"23";"9";"2019";"10:40";"1";"75";"75113";"2";"1";"1";"4";"BD PERIPHERIQUE EXTERIEUR";"48,8184538";"2,3700774"
"201900052034";"23";"9";"2019";"10:00";"1";"75";"75117";"2";"1";"1";"3";"BD PERIPHERIQUE INTERIEUR";"48,8931720";"2,3035210"
"201900052035";"20";"9";"2019";"18:55";"1";"75";"75112";"2";"1";"1";"4";"BD PERIPHERIQUE INTERIEUR";"48,8368700";"2,4124010"
"201900052036";"23";"9";"2019";"23:24";"5";"75";"75116";"2";"2";"1";"6";"ALLEE DE LONGCHAMP";"48,8733060";"2,2665890"
"201900052037";"24";"9";"2019";"12:40";"1";"75";"75106";"2";"2";"2";"2";"QUAI MALAQUAIS";"48,8578163";"2,3352839"
"201900052038";"24";"9";"2019";"11:00";"1";"75";"75120";"2";"3";"2";"1";"RUE DE MENILMONTANT";"48,8675450";"2,3850910"
"201900052039";"24";"9";"2019";"08:00";"1";"75";"75120";"2";"2";"1";"6";"RUE DES MARAICHERS";"48,8561152";"2,4055087"
"201900052040";"24";"9";"2019";"16:20";"1";"75";"75119";"2";"1";"1";"2";"AVENUE DE FLANDRE";"48,8936960";"2,3805600"
"201900052041";"24";"9";"2019";"16:00";"1";"75";"75119";"2";"5";"8";"6";"AVENUE SECRETAN";"48,8801510";"2,3757000"
"201900052042";"24";"9";"2019";"07:30";"1";"75";"75118";"2";"2";"1";"6";"AVENUE DE LA PORTE DE CLIGNANCOURT";"48,8993669";"2,3441495"
"201900052043";"23";"9";"2019";"17:00";"1";"75";"75117";"2";"2";"1";"3";"AVENUE DE LA PORTE DES TERNES";"48,8815060";"2,2818120"
"201900052044";"23";"9";"2019";"20:20";"5";"75";"75116";"2";"7";"1";"6";"ROUTE DE LA PTE DES SABLONS A LA PTE MAI";"48,8773255";"2,2703934"
"201900052045";"23";"9";"2019";"22:15";"5";"75";"75116";"2";"3";"1";"6";"AVENUE D IENA";"48,8671310";"2,2954980"
"201900052046";"24";"9";"2019";"17:50";"1";"75";"75115";"2";"1";"2";"3";"RUE DE LA CROIX NIVERT";"48,8469740";"2,3002030"
"201900052047";"23";"8";"2019";"05:30";"3";"91";"91129";"1";"1";"1";"3";"D191";"48,4765580";"2,3275420"
"201900052048";"24";"8";"2019";"02:15";"3";"34";"34063";"1";"1";"1";"6";"d 13 E5";"43,4865350";"3,3889260"
"201900052049";"21";"8";"2019";"00:30";"3";"34";"34141";"1";"1";"1";"6";"D52";"43,3040383";"2,6348000"
"201900052050";"22";"8";"2019";"23:20";"3";"34";"34154";"1";"3";"1";"3";"D189";"43,6221850";"3,9923170"
"201900052051";"24";"8";"2019";"16:30";"1";"34";"34145";"2";"6";"1";"6";"Rue Jules Ferry";"43,6725279";"4,1475534"
"201900052052";"25";"8";"2019";"12:45";"1";"84";"84065";"1";"6";"1";"6";"ROUTE E CAVAILLON";"43,7458890";"5,3067530"
"201900052053";"9";"6";"2019";"12:00";"1";"83";"83047";"2";"1";"1";"6";"Avenue Édouard Aiguier";"43,1200680";"6,0691620"
"201900052054";"24";"8";"2019";"12:15";"1";"83";"83150";"2";"1";"1";"5";"Avenue de la République";"43,7231210";"5,8104730"
"201900052055";"23";"8";"2019";"21:15";"5";"5";"05065";"2";"1";"1";"1";"Le Villard";"44,6614930";"6,6199870"
"201900052056";"24";"8";"2019";"03:45";"5";"4";"04039";"2";"1";"1";"6";"RD 952";"43,8458820";"6,5071790"
"201900052057";"14";"8";"2019";"16:00";"1";"4";"04143";"1";"1";"1";"1";"Ch des Buissonnades";"43,8852700";"5,9056170"
"201900052058";"23";"8";"2019";"09:16";"1";"13";"13022";"2";"6";"1";"6";"avenue du 11 novembre";"43,2175240";"5,5417370"
"201900052059";"17";"8";"2019";"13:30";"1";"13";"13041";"2";"1";"1";"6";"avenue lieutaud";"43,4540290";"5,4752560"
"201900052060";"23";"8";"2019";"12:20";"1";"70";"70577";"1";"1";"1";"7";"RD 18";"47,6486990";"6,4906620"
"201900052061";"25";"8";"2019";"15:15";"1";"71";"71342";"2";"4";"1";"6";"4 Rue Parmentier";"46,4556290";"4,1161220"
"201900052062";"1";"8";"2019";"19:15";"1";"71";"71176";"2";"2";"1";"3";"Avenue des Platanes";"46,4828590";"3,9787010"
"201900052063";"23";"8";"2019";"19:10";"1";"68";"68360";"2";"1";"1";"1";"1 rue principale";"48,0051050";"7,5122430"
"201900052064";"23";"8";"2019";"17:30";"1";"68";"68368";"1";"1";"1";"1";"Départementale 417 - PK 24.300";"48,0507530";"7,2176060"
"201900052065";"21";"8";"2019";"18:00";"1";"67";"67118";"2";"2";"1";"3";"rue de Lingolsheim";"48,5747120";"7,6868550"
"201900052066";"23";"8";"2019";"16:42";"1";"67";"67397";"1";"1";"1";"6";"CD20";"48,3194230";"7,7026290"
"201900052067";"23";"8";"2019";"09:15";"1";"55";"55514";"2";"1";"1";"6";"82 Rue Raymod POINCARÉ";"48,7460740";"5,0515080"
"201900052068";"23";"8";"2019";"14:45";"1";"3";"03256";"1";"1";"1";"1";"N/A";"46,3487320";"2,9107532"
"201900052069";"24";"8";"2019";"00:15";"3";"74";"74032";"1";"1";"8";"6";"D236";"46,2141340";"6,5665580"
"201900052070";"24";"8";"2019";"11:30";"1";"42";"42056";"2";"1";"1";"6";"Grande rue";"45,4137410";"4,7298010"
"201900052071";"22";"8";"2019";"17:05";"1";"38";"38475";"1";"1";"1";"6";"Rue des etraits";"45,6928590";"5,1293970"
"201900052072";"23";"8";"2019";"07:45";"1";"26";"26313";"2";"2";"1";"3";"rue de la roche- rue emile zola";"44,9642570";"4,9411780"
"201900052073";"20";"8";"2019";"16:50";"1";"26";"26313";"2";"1";"2";"6";"ZA de Laye";"44,9586620";"4,9346980"
"201900052074";"24";"8";"2019";"20:25";"2";"1";"01386";"1";"1";"1";"6";"Route du Port via rhona";"45,8851614";"5,3502828"
"201900052075";"23";"8";"2019";"03:50";"5";"1";"01224";"2";"1";"1";"7";"02 Rue du Bugey";"45,7739240";"5,2055080"
"201900052076";"23";"8";"2019";"23:30";"5";"69";"69273";"2";"1";"1";"6";"5 Avenue des Dauphins";"45,6653100";"4,9050900"
"201900052077";"23";"8";"2019";"17:30";"1";"81";"81038";"2";"1";"1";"6";"Avenue de la Fedarie";"43,8855313";"1,9086732"
"201900052078";"23";"8";"2019";"18:15";"1";"81";"81140";"2";"1";"1";"6";"route du pech";"43,6903140";"1,8148090"
"201900052079";"23";"8";"2019";"20:15";"1";"64";"64460";"1";"1";"1";"7";"D24 Sens OLORON-LASEUBE PR33";"43,2073095";" -0,5656949"
"201900052080";"23";"8";"2019";"17:00";"1";"33";"33436";"1";"2";"1";"3";"Intersection D110 E6 et D651";"44,5214100";" -0,6268600"
"201900052081";"22";"8";"2019";"15:15";"1";"85";"85222";"2";"2";"1";"3";"Rue Ambroise Paré";"46,6947600";" -1,9167200"
"201900052082";"23";"8";"2019";"17:20";"1";"22";"22170";"2";"2";"1";"3";"route du petit moulin";"48,4477880";" -2,8576110"
"201900052083";"24";"8";"2019";"20:30";"1";"27";"27147";"2";"2";"1";"6";"1 Rue du Champ du Four";"49,1042070";"1,1765490"
"201900052084";"24";"8";"2019";"17:50";"1";"76";"76718";"1";"1";"1";"1";"Route Départementale 6015";"49,6151960";"0,6890720"
"201900052085";"25";"8";"2019";"11:30";"1";"60";"60446";"1";"1";"7";"7";"Route nationale 2";"49,1319800";"2,7966090"
"201900052086";"22";"8";"2019";"16:20";"1";"2";"02381";"2";"1";"1";"7";"Rue Alfred Godon Prolongée";"49,9148210";"4,0895920"
"201900052087";"22";"8";"2019";"17:25";"1";"2";"02381";"1";"9";"1";"3";"rd 3050";"49,9283470";"4,1046270"
"201900052088";"25";"8";"2019";"01:40";"3";"80";"80101";"1";"1";"1";"6";"Autoroute A PK 093.100 sens Lille/Paris";"49,6444140";"2,7675180"
"201900052089";"21";"8";"2019";"10:05";"1";"62";"62226";"1";"1";"1";"5";"D77";"50,6458370";"2,2764880"
"201900052090";"25";"8";"2019";"11:15";"1";"62";"62054";"1";"3";"1";"3";"Hameau d'Haringzelle";"50,8389662";"1,5981820"
"201900052091";"24";"8";"2019";"01:15";"3";"62";"62865";"1";"1";"1";"6";"Départementale 950";"50,3344750";"2,9402880"
"201900052092";"24";"8";"2019";"01:20";"3";"59";"59659";"2";"9";"1";"3";"Rue Léo Lagrange";"50,0180710";"4,0153570"
"201900052093";"25";"8";"2019";"09:55";"1";"59";"59374";"2";"2";"1";"3";"d962";"50,1282240";"3,8410270"
"201900052094";"24";"8";"2019";"04:15";"3";"59";"59387";"2";"1";"1";"7";"Route d'Abscon";"50,2963840";"3,2686110"
"201900052095";"24";"8";"2019";"12:30";"1";"13";"13203";"1";"1";"1";"7";"A557-Liaison A7 Marseille-A55 Marseille";"43,3171100";"5,3639500"
"201900052096";"23";"8";"2019";"04:30";"3";"13";"13085";"1";"1";"1";"6";"A50-Sens Aubagne vers Toulon";"43,2576100";"5,5925190"
"201900052097";"21";"8";"2019";"08:45";"1";"13";"13056";"1";"1";"1";"5";"A55-Sens Marseille vers Martigues";"43,3991290";"5,0899660"
"201900052098";"21";"8";"2019";"23:00";"3";"54";"54265";"1";"1";"1";"6";"Autoroute 33";"48,6404600";"6,1703200"
"201900052099";"24";"8";"2019";"15:10";"1";"33";"33065";"1";"1";"1";"2";"ROUTE NATIONALE 230";"44,8181200";" -0,5206100"
"201900052100";"16";"8";"2019";"02:05";"3";"59";"59447";"1";"1";"1";"2";"AUTOROUTE A2";"50,3865800";"3,6118000"
"201900052101";"24";"8";"2019";"02:40";"3";"91";"91216";"1";"1";"1";"2";"AUTOROUTE A6";"48,6834800";"2,3285100"
"201900052102";"23";"8";"2019";"13:00";"1";"91";"91689";"1";"1";"1";"2";"RN 385 INT";"48,7462350";"2,3253250"
"201900052103";"22";"8";"2019";"18:00";"1";"91";"91434";"1";"1";"1";"2";"AUTOROUTE A6";"48,6693000";"2,3508000"
"201900052104";"22";"8";"2019";"08:25";"1";"94";"94037";"1";"1";"1";"5";"AUTOROUTE A6B";"48,8158735";"2,3594690"
"201900052105";"24";"8";"2019";"14:20";"1";"92";"92050";"1";"1";"1";"7";"A86";"48,9017136";"2,2029617"
"201900052106";"22";"8";"2019";"13:50";"1";"92";"92050";"1";"1";"1";"3";"A86";"48,9017031";"2,2029449"
"201900052107";"21";"8";"2019";"23:25";"3";"78";"78545";"1";"1";"1";"4";"A12 Y";"48,8194670";"2,0671900"
"201900052108";"21";"8";"2019";"18:40";"1";"92";"92064";"1";"1";"1";"2";"A13";"48,8380067";"2,1903289"
"201900052109";"24";"8";"2019";"02:45";"3";"93";"93053";"1";"1";"1";"2";"AUTOROUTE A3";"48,8928600";"2,4727500"