"Num_Acc";"jour";"mois";"an";"hrmn";"lum";"dep";"com";"agg";"int";"atm";"col";"adr";"lat";"long"
"201900052110";"23";"8";"2019";"18:15";"1";"93";"93010";"1";"1";"1";"6";"AUTOROUTE A3";"48,9060700";"2,4728400"
"201900052111";"22";"8";"2019";"18:15";"1";"95";"95351";"1";"1";"1";"2";"RN 104";"49,0283100";"2,5241900"
"201900052112";"22";"8";"2019";"10:15";"1";"93";"93066";"1";"1";"1";"3";"AUTOROUTE A86";"48,9223600";"2,3545500"
"201900052113";"21";"8";"2019";"19:40";"1";"60";"60631";"1";"1";"1";"3";"AUTOROUTE A1";"49,1457400";"2,5773500"
"201900052114";"23";"8";"2019";"15:00";"1";"75";"75112";"1";"1";"1";"2";"A4";"48,8246274";"2,4635285"
"201900052115";"23";"8";"2019";"12:15";"1";"77";"77083";"1";"1";"1";"2";"A4.W";"48,8332450";"2,5935670"
"201900052116";"22";"8";"2019";"19:00";"1";"94";"94018";"1";"1";"1";"2";"A4";"48,8176712";"2,4171617"
"201900052117";"22";"8";"2019";"10:50";"1";"94";"94052";"1";"1";"1";"3";"A86.EXT";"48,8453900";"2,4926200"
"201900052118";"19";"8";"2019";"18:00";"1";"58";"58194";"2";"1";"1";"2";"MARECHAL JUIN";"47,0030200";"3,1546100"
"201900052119";"19";"6";"2019";"01:20";"5";"6";"06088";"2";"2";"1";"3";"NOTRE-DAME (AV.)";"43,7041400";"7,2684600"
"201900052120";"21";"8";"2019";"16:50";"1";"974";"97416";"2";"9";"1";"6";"LEBLOND 2 (RUE MARIUS ET ARY)";" -21,3341400";"55,4608500"
"201900052121";"21";"8";"2019";"15:25";"1";"974";"97411";"2";"3";"1";"3";"CHAUDRON  (BLD 1 DU)";" -20,8960600";"55,4953300"
"201900052122";"21";"8";"2019";"11:15";"1";"974";"97411";"2";"2";"1";"3";"JAURES (BOULEVARD JEAN)";" -20,8887000";"55,4463000"
"201900052123";"21";"8";"2019";"22:20";"5";"69";"69387";"2";"9";"1";"2";"TONY GARNIER                        (AV)";"45,7266700";"4,8284600"
"201900052124";"18";"8";"2019";"18:55";"5";"971";"97107";"2";"5";"1";"3";"LEOPOLD DORVAL ( RUE )";"16,0453563";" -61,5652853"
"201900052125";"20";"8";"2019";"07:40";"1";"971";"97105";"2";"9";"1";"1";"GOUVERNEUR DU LYON (AVE)";"16,0029293";" -61,7387914"
"201900052126";"12";"8";"2019";"08:00";"1";"91";"91421";"1";"1";"1";"2";"NATIONALE 6 (GLACIERE)";"48,7051600";"2,4435000"
"201900052127";"20";"8";"2019";"17:52";"1";"91";"91103";"2";"1";"1";"6";"MOINEAUX (SQUARE DES)";"48,6020000";"2,3080000"
"201900052128";"21";"8";"2019";"13:45";"1";"88";"88413";"2";"3";"1";"5";"Résistance ( Quai de la )";"48,2858900";"6,9653600"
"201900052129";"21";"8";"2019";"11:24";"1";"87";"87085";"2";"3";"1";"3";"MATISSE (RUE HENRI)";"45,8517100";"1,2726600"
"201900052130";"20";"8";"2019";"11:50";"1";"85";"85194";"2";"1";"1";"6";"RUE BEAUSEJOUR";"46,4984800";" -1,7766500"
"201900052131";"20";"8";"2019";"10:30";"1";"83";"83062";"2";"1";"1";"3";"FERRY (RUE ET AVENUE JULES)";"43,1246600";"6,0173300"
"201900052132";"20";"8";"2019";"23:00";"5";"82";"82121";"2";"1";"1";"6";"ARLETTY (rue)";"44,0097500";"1,3768600"
"201900052133";"9";"8";"2019";"16:48";"1";"81";"81065";"1";"1";"1";"4";"LAUTREC RD 83 (RTE DE)";"43,6394700";"2,1940800"
"201900052134";"10";"8";"2019";"12:20";"1";"78";"78486";"1";"1";"1";"2";"RN 10";"48,7100500";"1,8689600"
"201900052135";"12";"8";"2019";"18:35";"1";"78";"78335";"1";"3";"1";"6";"R.D 146";"48,9890000";"1,7320800"
"201900052136";"19";"8";"2019";"17:30";"1";"78";"78335";"2";"1";"1";"2";"AVENUE J.B COROT";"48,9933600";"1,7264100"
"201900052137";"21";"8";"2019";"00:00";"5";"64";"64122";"2";"1";"1";"3";"MARECHAL JOFFRE (RUE DU)";"43,4780799";" -1,5622805"
"201900052138";"20";"8";"2019";"18:40";"1";"62";"62200";"1";"3";"1";"2";"NOYELLES ( RUE DE )";"50,5043300";"2,7353700"
"201900052139";"10";"7";"2019";"11:35";"1";"62";"62041";"2";"1";"1";"6";"FAIDHERBE ( BOULEVARD )";"50,2921770";"2,7823090"
"201900052140";"21";"8";"2019";"19:55";"1";"59";"59457";"2";"1";"1";"3";"LOMME RUE DE";"50,6594900";"2,9761800"
"201900052141";"21";"8";"2019";"04:35";"3";"59";"59355";"2";"1";"1";"1";"LAVOISIER RUE";"50,6441510";"3,0082370"
"201900052142";"20";"8";"2019";"17:00";"1";"59";"59350";"2";"1";"1";"2";"MOSELLE BOULEVARD N°IMPAIRS";"50,6293900";"3,0341000"
"201900052143";"21";"7";"2019";"02:20";"5";"59";"59295";"1";"2";"1";"3";"CD 916";"50,7453000";"2,5509100"
"201900052144";"20";"8";"2019";"20:45";"1";"49";"49099";"2";"6";"1";"3";"LYAUTEY (RUE DU MARECHAL)";"47,0563400";" -0,8638300"
"201900052145";"20";"8";"2019";"21:58";"5";"35";"35238";"2";"3";"1";"1";"FOUGERES (RUE DE)";"48,1289400";" -1,6456800"
"201900052146";"21";"8";"2019";"12:50";"1";"34";"34172";"2";"1";"1";"3";"MARIE DE MONTPELLIER";"43,6007500";"3,8975000"
"201900052147";"8";"8";"2019";"15:20";"1";"34";"34003";"2";"1";"1";"3";"ROCHELONGUE (H7 A L6";"43,2800800";"3,4809500"
"201900052148";"11";"8";"2019";"17:50";"1";"34";"34003";"2";"1";"1";"3";"NOTRE DAME A ST. MARTIN (O8 A Q13";"43,2915600";"3,4608900"
"201900052149";"21";"8";"2019";"00:50";"5";"33";"33063";"2";"3";"1";"3";"Quai Louis XVIII / All de Munich";"44,8449700";" -0,5705700"
"201900052150";"20";"8";"2019";"15:10";"1";"33";"33063";"2";"2";"1";"3";"R. Camille Godard / Crs Portal / Crs Saint Louis";"44,8550240";" -0,5718230"
"201900052151";"20";"8";"2019";"15:15";"1";"31";"31555";"1";"1";"1";"4";"3 COLOMIERS EST (A624)";"43,6095700";"1,3865800"
"201900052152";"21";"8";"2019";"13:25";"1";"29";"29151";"1";"1";"1";"7";"LANNION (ROUTE DE)";"48,5917500";" -3,8233800"
"201900052153";"21";"8";"2019";"18:20";"1";"29";"29019";"2";"6";"1";"2";"SAUPIN L'ANSE";"48,3969600";" -4,5144600"
"201900052154";"22";"8";"2019";"00:50";"5";"27";"27375";"2";"6";"1";"6";"FOCH (RUE DU ML)";"49,2103000";"1,1707500"
"201900052155";"18";"8";"2019";"08:55";"1";"22";"22106";"2";"9";"1";"1";"croix sanson (RUE DE LA)";"48,4924230";" -2,7092230"
"201900052156";"20";"8";"2019";"11:45";"1";"19";"19031";"2";"2";"1";"3";"DOUMER (AVENUE PAUL)";"45,1658800";"1,5179700"
"201900052157";"20";"8";"2019";"15:30";"1";"17";"17028";"2";"2";"1";"5";"GAULLE   AVENUE DU GENERAL DE";"46,1297700";" -1,1169300"
"201900052158";"21";"8";"2019";"17:20";"1";"13";"13216";"2";"1";"1";"6";"LITTORAL (CHEMIN DU)";"43,3582450";"5,3217414"
"201900052159";"21";"8";"2019";"09:00";"1";"13";"13213";"2";"2";"1";"3";"ROSE (AVENUE DE LA)";"43,3289700";"5,4274500"
"201900052160";"21";"8";"2019";"09:40";"1";"6";"06088";"1";"1";"1";"1";"CAL DE SPAGNOL SOUBRAN (CH.)";"43,6952891";"7,2021168"
"201900052161";"21";"8";"2019";"15:50";"1";"6";"06069";"2";"1";"1";"3";"MARCEL PAGNOL (AVENUE)";"43,6452980";"6,9434410"
"201900052162";"21";"8";"2019";"16:10";"1";"75";"75116";"2";"4";"1";"5";"PORTE D AUTEUIL";"48,8499248";"2,2523582"
"201900052163";"20";"8";"2019";"23:25";"5";"75";"75116";"2";"4";"1";"2";"BD PERIPHERIQUE INTERIEUR";"48,8750509";"2,2766032"
"201900052164";"20";"8";"2019";"20:15";"2";"75";"75112";"2";"3";"1";"6";"RUE CROZATIER";"48,8496531";"2,3794419"
"201900052165";"21";"8";"2019";"19:50";"1";"75";"75117";"2";"2";"1";"2";"AVENUE DE LA PORTE D ASNIERES";"48,8901130";"2,3038325"
"201900052166";"20";"8";"2019";"07:10";"1";"75";"75116";"2";"1";"1";"6";"VOIE GEORGES POMPIDOU";"48,8412117";"2,2690251"
"201900052167";"21";"8";"2019";"08:45";"1";"75";"75112";"2";"1";"1";"2";"AVENUE DE GRAVELLE";"48,8242006";"2,4226909"
"201900052168";"21";"8";"2019";"19:35";"1";"75";"75104";"2";"2";"1";"3";"RUE FRANCOIS MIRON";"48,8555180";"2,3577480"
"201900052169";"21";"8";"2019";"08:30";"1";"94";"94058";"2";"9";"1";"2";"FONTENAY (BD DE)";"48,8488000";"2,4942200"
"201900052170";"21";"8";"2019";"08:50";"1";"93";"93078";"2";"9";"1";"3";"AUDAT (RUE)";"48,9589000";"2,5443000"
"201900052171";"21";"8";"2019";"18:30";"1";"93";"93051";"2";"1";"1";"3";"RU DE NESLE (BOULEVARD)";"48,8315000";"2,5841400"
"201900052172";"21";"8";"2019";"11:15";"1";"93";"93050";"2";"1";"1";"6";"GASTON NAVAILLE (RUE)";"48,8708200";"2,5330700"
"201900052173";"21";"8";"2019";"12:11";"1";"93";"93046";"2";"2";"1";"3";"JEAN JAURES BOULEVARD";"48,9225600";"2,5243600"
"201900052174";"20";"8";"2019";"22:00";"2";"93";"93046";"2";"3";"1";"3";"JEAN JAURES BOULEVARD";"48,9161900";"2,5307700"
"201900052175";"21";"8";"2019";"20:05";"1";"93";"93005";"2";"1";"7";"6";"NONNEVILLE (AVENUE DE)";"48,9239360";"2,5011480"
"201900052176";"19";"8";"2019";"12:46";"1";"92";"92050";"2";"2";"1";"3";"BOULEVARD DE LA DEFENSE";"48,8972580";"2,2243019"
"201900052177";"21";"8";"2019";"18:30";"1";"92";"92026";"2";"3";"1";"3";"SAINT-DENIS BD DE (01 A 197 / 02 A 118)";"48,8980060";"2,2637220"
"201900052178";"18";"8";"2019";"12:30";"1";"92";"92025";"2";"1";"2";"4";"EUROPE (AV DE L')";"48,9263840";"2,2436360"
"201900052179";"21";"8";"2019";"17:45";"1";"92";"92060";"2";"3";"1";"3";"MOULIN DE LA TOUR (BOULEVARD DU)";"48,7888500";"2,2662900"
"201900052180";"21";"8";"2019";"13:50";"1";"92";"92004";"2";"1";"1";"6";"CHANZY ( RUE DE )";"48,9100400";"2,2724900"
"201900052181";"6";"8";"2019";"19:45";"1";"86";"86165";"2";"1";"1";"1";"32 Rue Charles Dubois";"46,4218900";"0,8662360"
"201900052182";"21";"8";"2019";"23:55";"3";"2A";"2A189";"1";"1";"1";"7";"Vigna Maggiore";"41,6982690";"8,8985830"
"201900052183";"21";"8";"2019";"12:20";"1";"68";"68156";"1";"1";"1";"2";"83";"47,8946710";"7,2571470"
"201900052184";"21";"8";"2019";"11:58";"1";"67";"67116";"1";"1";"1";"1";"D210";"48,3105220";"7,5372410"
"201900052185";"15";"8";"2019";"15:45";"1";"83";"83019";"2";"1";"1";"1";"Route du Baguier";"43,1567020";"6,3449770"
"201900052186";"19";"8";"2019";"17:30";"1";"63";"63052";"1";"9";"1";"7";"A 75 - PK 40+800 sens sud Nord  - Echangeur 17";"45,4631700";"3,2559090"
"201900052187";"20";"8";"2019";"20:00";"2";"22";"22175";"1";"1";"1";"7";"Saint-Aubin";"48,4843350";" -2,3741680"
"201900052188";"21";"8";"2019";"17:25";"1";"37";"37166";"1";"1";"1";"6";"A10";"47,5131760";"0,9032630"
"201900052189";"21";"8";"2019";"16:50";"1";"34";"34217";"1";"1";"1";"6";"D68";"43,7281680";"3,8648150"
"201900052190";"21";"8";"2019";"16:30";"1";"83";"83031";"1";"1";"1";"6";"RD17, PR 12b";"43,3911860";"6,3403720"
"201900052191";"22";"8";"2019";"08:55";"1";"19";"19202";"1";"2";"1";"3";"D44";"45,2193210";"1,5856190"
"201900052192";"18";"8";"2019";"16:14";"1";"56";"56063";"1";"1";"1";"7";"Rue de Kergornet";"47,8078000";" -3,4350000"
"201900052193";"22";"8";"2019";"11:30";"1";"74";"74215";"2";"3";"1";"3";"120 Route de Megève";"45,8382793";"6,5728734"
"201900052194";"21";"8";"2019";"21:15";"3";"2A";"2A031";"1";"1";"1";"1";"ROUTE DÉPARTEMENTALE 27";"41,9829160";"9,0198620"
"201900052195";"22";"8";"2019";"18:00";"1";"61";"61389";"2";"2";"7";"3";"Grande Rue";"48,7142620";"0,4291540"
"201900052196";"22";"8";"2019";"10:30";"1";"34";"34018";"1";"1";"1";"1";"d909";"43,4978980";"3,1876310"
"201900052197";"22";"8";"2019";"10:15";"1";"15";"15153";"2";"1";"1";"1";"21 avenue du puy mary";"45,1395010";"2,2302690"
"201900052198";"21";"8";"2019";"15:00";"1";"1";"01073";"1";"1";"1";"3";"RD 37";"45,8452740";"5,7360790"
"201900052199";"22";"8";"2019";"16:10";"1";"1";"01337";"1";"2";"1";"3";"D933";"46,4463310";"4,9471220"
"201900052200";"16";"8";"2019";"10:15";"1";"58";"58271";"1";"1";"7";"1";"D128 - lieu-dit ""vaux""";"47,3408330";"3,6869950"
"201900052201";"21";"8";"2019";"10:45";"1";"58";"58095";"2";"1";"1";"3";"11 Rue Joseph Boigues";"46,8280600";"3,4733230"
"201900052202";"22";"8";"2019";"08:15";"1";"58";"58095";"2";"1";"7";"1";"115 BIS Avenue de Verdun";"46,8280300";"3,4816500"
"201900052203";"22";"8";"2019";"17:30";"1";"50";"50082";"1";"1";"1";"1";"rd 50";"49,4597940";" -1,6308300"
"201900052204";"22";"8";"2019";"15:10";"1";"50";"50639";"2";"1";"1";"6";"8 Rue Carnot (Villedieu-les-Poêles)";"48,8393390";" -1,2213580"
"201900052205";"22";"8";"2019";"14:45";"1";"50";"50483";"1";"1";"1";"1";"6 La Landette";"49,1026960";" -1,1577300"
"201900052206";"21";"8";"2019";"23:18";"5";"43";"43038";"2";"1";"1";"6";"Route de Brioude";"45,3626210";"3,3130680"
"201900052207";"22";"8";"2019";"09:50";"1";"10";"10401";"2";"9";"1";"6";"Rue du Pont Chevallier";"48,2374840";"4,4670000"
"201900052208";"22";"8";"2019";"00:10";"3";"36";"36018";"1";"1";"1";"6";"La Petite Planchette";"46,6170030";"1,1143500"
"201900052209";"21";"8";"2019";"13:00";"1";"7";"07018";"1";"1";"1";"7";"PK75 ";"44,6825810";"4,0682780"
"201900052210";"22";"8";"2019";"00:10";"3";"24";"24413";"1";"1";"1";"7";"La Fargue Basse";"44,9054000";"0,3755300"
"201900052211";"22";"8";"2019";"18:00";"1";"28";"28310";"1";"1";"1";"6";"RD 318";"48,6058410";"0,9627600"
"201900052212";"21";"8";"2019";"18:20";"1";"17";"17050";"1";"3";"1";"3";"Rue des Burettes";"45,4923630";" -0,6135460"
"201900052213";"18";"8";"2019";"15:06";"1";"31";"31587";"1";"1";"1";"5";"Autoroute A 62";"43,7705930";"1,3844950"
"201900052214";"22";"8";"2019";"12:55";"1";"973";"97309";"2";"1";"1";"2";"Route de Montjoly";"4,9131066";" -52,2730410"
"201900052215";"21";"8";"2019";"20:00";"1";"68";"68300";"1";"1";"1";"3";"autoroute A36";"47,7761060";"7,3905390"
"201900052216";"18";"8";"2019";"11:30";"1";"57";"57630";"1";"1";"1";"6";"ROUTE NATIONAL 4 - PR 18+200 - sens ""SARREBOURG-PHALSBOURG""";"48,7169960";"7,0484770"
"201900052217";"22";"8";"2019";"16:20";"1";"13";"13114";"1";"1";"1";"7";"A8 PK 5+500 sens Aix / Salon";"43,5550040";"5,2852420"
"201900052218";"20";"8";"2019";"14:15";"1";"988";"98817";"1";"1";"1";"7";"route du col de la fontaine de PLUM";" -22,2597200";"166,6185500"
"201900052219";"21";"8";"2019";"18:05";"1";"33";"33097";"1";"1";"1";"6";"RD207";"45,0793430";" -1,0292300"
"201900052220";"22";"8";"2019";"19:05";"1";"77";"77392";"1";"3";"1";"3";"D401 X RTE DE ROUVRES";"49,0550500";"2,7155900"
"201900052221";"22";"8";"2019";"15:00";"1";"95";"95483";"1";"2";"1";"3";"Route départemenale 51";"49,1072020";"1,9269680"
"201900052222";"21";"8";"2019";"05:30";"5";"83";"83042";"2";"6";"1";"7";"rond poin st maure";"43,2519140";"6,5293950"
"201900052223";"22";"8";"2019";"07:00";"1";"5";"05173";"1";"1";"1";"6";"RD 51";"44,3200380";"5,8855750"
"201900052224";"27";"3";"2019";"16:00";"1";"59";"59043";"1";"1";"1";"3";"ESTAIRES (ROUTE D')";"50,7263200";"2,7114400"
"201900052225";"26";"3";"2019";"16:00";"1";"57";"57672";"2";"1";"1";"6";"GENERAL DE CASTELNAU (RUE DU)";"49,3526900";"6,1608500"
"201900052226";"27";"3";"2019";"19:15";"2";"56";"56121";"2";"1";"1";"6";"LANVEUR (rue de)";"47,7421400";" -3,3862500"
"201900052227";"27";"3";"2019";"14:30";"1";"54";"54547";"2";"1";"1";"2";"AIGUILLETTES (BD 1 A 3)";"48,6672300";"6,1646000"
"201900052228";"29";"3";"2019";"15:54";"1";"54";"54323";"2";"1";"1";"6";"AVIATION (AVENUE DE L')";"49,5183000";"5,7582000"
"201900052229";"28";"3";"2019";"17:10";"1";"54";"54367";"1";"1";"1";"1";"RN52";"49,5054750";"5,7650730"
"201900052230";"27";"3";"2019";"17:05";"1";"52";"52121";"2";"3";"1";"2";"SIMON (RUE PIERRE)";"48,1111900";"5,1280600"
"201900052231";"30";"3";"2019";"17:55";"1";"51";"51172";"2";"2";"1";"3";"AVENUE DU ROUSSILLON";"49,2211200";"4,0412300"
"201900052232";"29";"3";"2019";"18:00";"1";"51";"51454";"2";"2";"1";"1";"BOULEVARD CHARLES ARNOULD";"49,2692400";"4,0200900"
"201900052233";"29";"3";"2019";"16:15";"1";"51";"51454";"2";"7";"1";"3";"RUE DE LA MAISON BLANCHE";"49,2350400";"4,0250600"
"201900052234";"30";"3";"2019";"14:00";"1";"50";"50218";"2";"1";"1";"6";"VILLEDIEU LES POELES (ROUTE)";"48,8376570";" -1,5442530"
"201900052235";"30";"3";"2019";"09:28";"1";"50";"50218";"2";"9";"1";"3";"VILLEDIEU LES POELES (ROUTE)";"48,8376200";" -1,5510100"
"201900052236";"27";"3";"2019";"11:40";"1";"50";"50129";"2";"3";"1";"3";"LEMONNIER (AVENUE AMIRAL)";"49,6337800";" -1,6062600"
"201900052237";"27";"3";"2019";"17:36";"1";"49";"49007";"2";"3";"1";"7";"MILLET";"47,4719000";" -0,5560400"
"201900052238";"27";"3";"2019";"17:21";"1";"49";"49246";"2";"3";"1";"3";"EUROPE AVENUE";"47,4407300";" -0,5288500"
"201900052239";"27";"3";"2019";"18:50";"1";"49";"49353";"2";"1";"1";"2";"DAUTEL BOULEVARD";"47,4424800";" -0,4834600"
"201900052240";"29";"3";"2019";"17:40";"1";"45";"45285";"2";"1";"1";"2";"Chemin de Halage";"47,8958900";"1,8649700"
"201900052241";"29";"3";"2019";"09:00";"1";"45";"45286";"2";"3";"1";"3";"RTE DE SANDILLON - RTE DE ST CYR";"47,8801400";"1,9345500"
"201900052242";"28";"3";"2019";"14:40";"1";"45";"45285";"2";"1";"1";"3";"PARKING AUCHAN";"47,9043400";"1,8631400"
"201900052243";"28";"3";"2019";"13:00";"1";"45";"45234";"2";"1";"1";"6";"AVENUE DES DROITS DE L'HOMME";"47,9183889";"1,9244903"
"201900052244";"27";"3";"2019";"14:48";"1";"45";"45004";"2";"1";"1";"3";"RUE DES HAUTS DE VIROY";"47,9892237";"2,7642141"
"201900052245";"29";"3";"2019";"07:35";"1";"44";"44109";"2";"1";"1";"5";"FOSSE ( QUAI DE LA )";"47,2070200";" -1,5723000"
"201900052246";"29";"3";"2019";"00:30";"5";"44";"44109";"2";"2";"1";"3";"RUES DE STRASBOURG / GAL LECLERC HAUTECLOQUE";"47,2179760";" -1,5529273"
"201900052247";"25";"3";"2019";"17:50";"1";"44";"44162";"2";"1";"1";"6";"PLACE DE LA REVOLUTION FRANCAISE";"47,2286980";" -1,6052350"
"201900052248";"11";"7";"2019";"01:30";"3";"95";"95582";"1";"1";"1";"5";"AUTOROUTE A15";"48,9750700";"2,2425900"
"201900052249";"26";"3";"2019";"08:00";"1";"44";"44162";"2";"1";"1";"6";"AVENUE DU PARNASSE";"47,2351600";" -1,5957700"
"201900052250";"13";"7";"2019";"10:20";"1";"988";"98818";"2";"1";"1";"5";"N°88 RUE A. BENEBIG";" -22,2682500";"166,4556900"
"201900052251";"28";"3";"2019";"18:50";"1";"43";"43041";"2";"1";"1";"3";"GENEBRET (RUE DE)";"45,0501500";"3,9059300"
"201900052252";"12";"7";"2019";"15:00";"1";"988";"98818";"2";"1";"1";"4";"RUE JACQUES IEKAWE";" -22,2470000";"166,4590900"
"201900052253";"13";"7";"2019";"16:15";"1";"976";"97611";"2";"1";"1";"6";"mamoudzou centre-Commandant Passot (Plac";" -12,7781300";"45,2314000"
"201900052254";"12";"7";"2019";"09:20";"1";"976";"97611";"1";"1";"1";"2";"kaweni-Europe (avenue)";" -12,7603400";"45,2266300"
"201900052255";"28";"3";"2019";"09:50";"1";"42";"42071";"2";"1";"1";"6";"LIBERATION (AVENUE DE LA)";"46,0313700";"4,0826500"
"201900052256";"18";"6";"2019";"11:50";"1";"976";"97611";"2";"1";"1";"7";"mamoudzou centre-Mariage (place -mamoudz";" -12,7777700";"45,2302500"
"201900052257";"10";"7";"2019";"11:40";"1";"976";"97611";"2";"1";"1";"3";"kaweni-Mangrove (route de la)";" -12,7586400";"45,2309600"
"201900052258";"13";"7";"2019";"16:00";"1";"974";"97416";"2";"1";"1";"3";"GENERAL DE GAULLE(AVENUE)";" -21,3618800";"55,5312400"
"201900052259";"28";"3";"2019";"08:04";"1";"41";"41047";"2";"1";"1";"2";"RD 2152";"47,6121200";"1,3597900"
"201900052260";"11";"7";"2019";"08:42";"1";"974";"97416";"1";"1";"1";"2";"RN1 (ROUTE NATIONALE)";" -21,3214000";"55,4464100"
"201900052261";"30";"3";"2019";"17:30";"1";"38";"38185";"2";"1";"1";"6";"REY (BOULEVARD E.)";"45,1901400";"5,7241200"
"201900052262";"12";"7";"2019";"13:00";"1";"974";"97416";"1";"1";"1";"2";"OLIVINES (RUE DES)";" -21,3253400";"55,4724300"
"201900052263";"29";"3";"2019";"09:00";"1";"38";"38423";"2";"1";"1";"1";"ROBESPIERRE(RUE)";"45,2141020";"5,6881070"
"201900052264";"11";"7";"2019";"12:50";"1";"974";"97416";"2";"9";"1";"3";"DU LYCEE(RUE)";" -21,3456800";"55,4917400"
"201900052265";"29";"3";"2019";"17:47";"1";"37";"37122";"2";"1";"1";"3";"JEAN JAURES";"47,3492901";"0,6667968"
"201900052266";"11";"7";"2019";"08:15";"1";"974";"97416";"1";"9";"1";"6";"DELISLES (ROUTE HUBERT) CD3";" -21,3434000";"55,4813000"
"201900052267";"29";"3";"2019";"10:35";"1";"37";"37122";"2";"1";"1";"2";"COMTE DE MONTS (RUE DU)";"47,3517900";"0,6616300"
"201900052268";"11";"7";"2019";"22:20";"5";"974";"97411";"2";"1";"1";"6";"JAURES (BOULEVARD JEAN)";" -20,8898200";"55,4620800"
"201900052269";"29";"3";"2019";"07:20";"1";"37";"37233";"2";"4";"1";"2";"LOIRE (LEVEE DE LA)";"47,3966880";"0,7260212"
"201900052270";"11";"7";"2019";"14:45";"1";"974";"97409";"1";"1";"1";"6";"Route de Salazie";" -21,0001600";"55,5928200"
"201900052271";"11";"7";"2019";"10:00";"1";"974";"97409";"2";"3";"1";"3";"CHEMIN AGENOR";" -20,9411733";"55,6785380"
"201900052272";"28";"3";"2019";"05:55";"5";"37";"37261";"2";"1";"1";"7";"PORTILLON (RUE DE)";"47,4044800";"0,6790500"
"201900052273";"30";"3";"2019";"20:27";"5";"35";"35278";"1";"6";"1";"3";"MELESSE (ROND POINT DE)";"48,1617000";" -1,6898000"
"201900052274";"12";"7";"2019";"08:30";"1";"973";"97302";"2";"1";"1";"3";"LEBLOND (ROND POINT)";"4,9215623";" -52,3297584"
"201900052275";"28";"3";"2019";"16:55";"1";"35";"35238";"2";"3";"1";"6";"SUEDE (DE)";"48,0867100";" -1,6764700"
"201900052276";"11";"7";"2019";"06:40";"2";"973";"97302";"2";"1";"1";"6";"BARTHELEMY (RENE)";"4,9342183";" -52,3305738"
"201900052277";"28";"3";"2019";"17:15";"1";"35";"35238";"1";"1";"1";"4";"RN136";"48,1032200";" -1,7165500"
"201900052278";"13";"7";"2019";"17:50";"1";"69";"69383";"2";"2";"1";"3";"LAFAYETTE                           (CO)";"45,7636600";"4,8580800"
"201900052279";"27";"3";"2019";"17:30";"1";"35";"35238";"2";"1";"1";"4";"PORTE DES LOGES";"48,0904600";" -1,6297400"
"201900052280";"13";"7";"2019";"03:08";"5";"69";"69259";"2";"1";"1";"7";"CHAUSSON                            (R )";"45,7284500";"4,8550000"
"201900052281";"27";"3";"2019";"12:30";"1";"35";"35238";"2";"1";"1";"2";"CLOS COURTEL (DU)";"48,1262700";" -1,6283600"
"201900052282";"27";"3";"2019";"12:25";"1";"35";"35238";"2";"9";"1";"2";"ROUTE DE SAINT-MALO";"48,1327000";" -1,6910000"
"201900052283";"12";"7";"2019";"21:10";"2";"69";"69383";"2";"1";"1";"1";"ANTOINE CHARIAL                             (R )";"45,7576400";"4,8706100"
"201900052284";"12";"7";"2019";"09:10";"1";"69";"69388";"2";"2";"1";"7";"AUDIBERT ET LAVIROTTE               (R )";"45,7406900";"4,8600700"
"201900052285";"12";"7";"2019";"09:30";"1";"69";"69383";"2";"2";"1";"3";"CREQUI (DE)                         (R )";"45,7596000";"4,8478000"
"201900052286";"11";"7";"2019";"21:20";"5";"69";"69199";"2";"1";"1";"6";"YVES FARGE                          (BD)";"45,7013700";"4,8557800"
"201900052287";"11";"7";"2019";"07:45";"1";"69";"69387";"2";"1";"1";"2";"GAMBETTA                            (CO)";"45,7543600";"4,8456500"
"201900052288";"10";"7";"2019";"11:30";"1";"69";"69383";"2";"5";"1";"2";"GAMBETTA                            (CO)";"45,7552100";"4,8434100"
"201900052289";"11";"7";"2019";"11:10";"1";"972";"97209";"2";"1";"1";"6";"CHATEAUBOEUF (ROUTE DE)";"14,6207800";" -61,0432000"
"201900052290";"28";"3";"2019";"08:40";"1";"34";"34172";"2";"1";"1";"2";"ABRIVADO (RUE DE L')";"43,5894100";"3,8891800"
"201900052291";"10";"7";"2019";"18:25";"2";"972";"97209";"2";"3";"1";"3";"FRANCOIS ARAGO (RUE)";"14,6047800";" -61,0725500"
"201900052292";"26";"3";"2019";"15:40";"1";"33";"33318";"2";"3";"1";"3";"AVE DE BEUTRE";"44,8000000";" -0,6723500"
"201900052293";"12";"7";"2019";"23:25";"5";"69";"69149";"2";"2";"1";"6";"FLEURY                              (R )";"45,7150776";"4,8080038"
"201900052294";"24";"3";"2019";"11:50";"1";"33";"33063";"2";"1";"1";"3";"QUAI DE BRAZZA vers Pont Chaban";"44,8543600";" -0,5526800"
"201900052295";"11";"7";"2019";"23:50";"5";"69";"69382";"2";"9";"1";"3";"BELLECOUR                           (PL)";"45,7584240";"4,8323429"
"201900052296";"12";"7";"2019";"19:15";"1";"69";"69385";"2";"1";"1";"7";"DEBROUSSE                           (AV)";"45,7508500";"4,8147600"
"201900052297";"26";"3";"2019";"17:00";"1";"33";"33063";"2";"2";"1";"3";"CRS DE L'YSER";"44,8242300";" -0,5703600"