"Num_Acc";"jour";"mois";"an";"hrmn";"lum";"dep";"com";"agg";"int";"atm";"col";"adr";"lat";"long"
"201900052298";"10";"7";"2019";"11:10";"1";"69";"69034";"2";"2";"1";"3";"SOLDATS (DES)                       (MO)";"45,7909900";"4,8607100"
"201900052299";"12";"7";"2019";"08:10";"1";"69";"69034";"2";"1";"1";"7";"GENERAL LECLERC                     (AV)";"45,8003247";"4,8541423"
"201900052300";"12";"7";"2019";"05:00";"5";"69";"69389";"2";"1";"1";"2";"JOANNES MASSET                      (AV)";"45,7695300";"4,8008800"
"201900052301";"29";"3";"2019";"13:06";"1";"31";"31149";"2";"1";"1";"3";"ST EXUPERY (CH DE)";"43,5897900";"1,3596100"
"201900052302";"11";"7";"2019";"00:55";"5";"69";"69385";"2";"1";"1";"1";"CHOULANS (DE)                       (CH)";"45,7525000";"4,8203900"
"201900052303";"29";"3";"2019";"08:06";"1";"31";"31557";"2";"3";"1";"3";"COUDRIERS (RUE DES)";"43,5769000";"1,3280600"
"201900052304";"28";"3";"2019";"12:25";"1";"31";"31555";"2";"1";"1";"3";"AV D ATLANTA";"43,6355700";"1,4730300"
"201900052305";"10";"7";"2019";"19:40";"1";"69";"69142";"2";"1";"1";"6";"BUISSET (DU)                        (CH)";"45,7240500";"4,8049000"
"201900052306";"28";"3";"2019";"19:50";"5";"31";"31555";"2";"1";"1";"6";"CHE DE GARRIC";"43,6212400";"1,4082600"
"201900052307";"12";"7";"2019";"12:38";"1";"2A";"2A004";"2";"3";"1";"3";"MARECHAL MONCEY AVENUE";"41,9299928";"8,7333833"
"201900052308";"28";"3";"2019";"19:10";"1";"31";"31555";"2";"1";"1";"6";"ESQUIROL (PL ETIENNE ) DU 1AU 23";"43,6004100";"1,4443100"
"201900052309";"27";"3";"2019";"15:33";"1";"31";"31555";"2";"1";"1";"6";"ALL HENRI SELLIER";"43,5774000";"1,4386100"
"201900052310";"13";"7";"2019";"08:40";"1";"95";"95585";"2";"1";"1";"6";"DIVISION LECLERC (AVENUE DE LA)";"48,9858600";"2,3716500"
"201900052311";"27";"3";"2019";"09:30";"1";"31";"31555";"1";"1";"1";"5";"VA007331 A620";"43,5813300";"1,4051800"
"201900052312";"12";"7";"2019";"23:45";"5";"95";"95450";"2";"3";"1";"1";"DAGNAUDES (CHEMIN DES)";"49,0143673";"2,0579034"
"201900052313";"27";"3";"2019";"08:00";"1";"31";"31555";"1";"1";"1";"3";"VA007331 A620";"43,6040200";"1,4015700"
"201900052314";"11";"7";"2019";"12:15";"1";"95";"95063";"2";"1";"1";"3";"RUE EMILE ZOLA";"48,9234100";"2,2107500"
"201900052315";"29";"3";"2019";"19:54";"5";"30";"30189";"2";"1";"1";"6";"SERRE PARADIS (CHEMIN)";"43,8476700";"4,3837100"
"201900052316";"29";"3";"2019";"08:50";"1";"30";"30189";"2";"1";"1";"6";"MENDES FRANCE PIERRE (AVENUE)";"43,8267000";"4,3759000"
"201900052317";"12";"7";"2019";"20:10";"1";"91";"91657";"2";"3";"7";"6";"HENRI CHARON (AVENUE)";"48,7041100";"2,4287400"
"201900052318";"13";"3";"2019";"12:25";"1";"30";"30028";"2";"1";"1";"6";"CHARRIER (AVENUE)";"44,1613200";"4,6241300"
"201900052319";"30";"3";"2019";"08:25";"1";"29";"29232";"2";"1";"1";"6";"LIBERATION AVENUE DE LA";"47,9917325";" -4,0765306"
"201900052320";"28";"3";"2019";"16:45";"1";"29";"29232";"2";"4";"1";"3";"MADEC RENE RUE";"47,9942300";" -4,1060000"
"201900052321";"29";"6";"2019";"17:55";"1";"89";"89387";"2";"1";"1";"6";"EMILE ZOLA (RUE)";"48,1977200";"3,2732300"
"201900052322";"30";"3";"2019";"15:40";"1";"29";"29019";"2";"6";"1";"6";"CHATEAU (DE 37 A 55 ET 34 A 50)";"48,3863095";" -4,4872131"
"201900052323";"11";"7";"2019";"16:58";"1";"87";"87085";"2";"1";"1";"6";"PERRIN (RUE FRANCOIS)";"45,8247700";"1,2288200"
"201900052324";"29";"3";"2019";"18:35";"1";"29";"29019";"2";"4";"1";"6";"DUPLEIX";"48,3928937";" -4,4841076"
"201900052325";"27";"3";"2019";"16:10";"1";"28";"28404";"2";"1";"1";"6";"CHAPPEY (AVE MARC)";"48,7302100";"1,3398700"
"201900052326";"10";"7";"2019";"21:45";"1";"87";"87085";"2";"5";"1";"3";"LIBERATION (AVENUE DE LA)";"45,8341400";"1,2598700"
"201900052327";"29";"3";"2019";"12:50";"1";"28";"28134";"2";"9";"1";"6";"MARCHE COUVERT (PLACE DU)";"48,7350300";"1,3642400"
"201900052328";"11";"7";"2019";"12:06";"1";"87";"87085";"2";"3";"1";"3";"ISLE (RUE D')";"45,8247100";"1,2345800"
"201900052329";"28";"3";"2019";"16:10";"1";"22";"22113";"2";"9";"1";"6";"SAINT MARC (RUE DE)";"48,7338774";" -3,4422915"
"201900052330";"28";"3";"2019";"13:55";"1";"19";"19031";"2";"3";"1";"3";"PAIX (RUE DE LA)";"45,1674958";"1,5356384"
"201900052331";"10";"7";"2019";"11:25";"1";"87";"87085";"1";"1";"1";"2";"A20  DIFFUSEUR 28";"45,8937200";"1,2936100"
"201900052332";"31";"3";"2019";"00:45";"3";"17";"17415";"2";"1";"1";"6";"RD 24";"45,7402300";" -0,6668800"
"201900052333";"28";"3";"2019";"08:13";"1";"14";"14327";"1";"9";"1";"6";"GAULLE (AVENUE DU GENERAL DE)";"49,2054400";" -0,3507100"
"201900052334";"9";"7";"2019";"14:44";"1";"87";"87085";"2";"2";"1";"2";"LECLERC (AVENUE DU GENERAL)";"45,8517900";"1,2648600"
"201900052335";"28";"3";"2019";"17:35";"1";"13";"13054";"2";"1";"1";"4";"LIBERATION (AV DE LA )";"43,4193100";"5,2175000"
"201900052336";"10";"7";"2019";"18:26";"1";"87";"87085";"2";"3";"1";"2";"HALEVY (RUE)";"45,8527600";"1,2592500"
"201900052337";"11";"7";"2019";"05:50";"5";"85";"85194";"2";"1";"1";"6";"AVENUE DU COMMANDANT BELMONT ";"46,4870200";" -1,7523700"
"201900052338";"30";"3";"2019";"21:45";"5";"13";"13208";"2";"1";"1";"3";"CORAIL (AVENUE DU)";"43,2401600";"5,3772000"
"201900052339";"9";"7";"2019";"19:00";"1";"84";"84007";"2";"3";"1";"3";"CHEVALIER de FOLARD (avenue du)";"43,9314900";"4,8169900"
"201900052340";"30";"3";"2019";"20:00";"5";"13";"13002";"2";"1";"1";"3";"7 RMENT DE TIRAILLEURS ALGERIENS (AVENUE";"43,3383200";"5,4741300"
"201900052341";"30";"3";"2019";"18:30";"3";"13";"13209";"2";"1";"1";"2";"MICHELET (BOULEVARD)";"43,2615480";"5,3975890"
"201900052342";"13";"7";"2019";"01:50";"3";"82";"82121";"1";"1";"1";"6";"SAINT-MARTIAL (4935 ROUTE DE)";"43,9849240";"1,4346330"
"201900052343";"30";"3";"2019";"11:30";"1";"13";"13212";"2";"1";"1";"6";"GASTON FLOTTE (RUE)";"43,2972890";"5,4276350"
"201900052344";"30";"3";"2019";"09:50";"1";"13";"13216";"2";"1";"1";"2";"MILLIE MATHYS (AVENUE)";"43,3656270";"5,3505950"
"201900052345";"30";"3";"2019";"08:25";"1";"13";"13211";"2";"1";"1";"2";"SAINT MENET (AVENUE DE)";"43,2908900";"5,4875100"
"201900052346";"30";"3";"2019";"00:20";"5";"13";"13208";"2";"1";"1";"3";"RABATAU (BOULEVARD)";"43,2765100";"5,3975400"
"201900052347";"29";"3";"2019";"22:40";"5";"13";"13204";"2";"1";"1";"2";"SAKAKINI (BOULEVARD)";"43,2965400";"5,4004500"
"201900052348";"29";"3";"2019";"16:20";"1";"13";"13205";"2";"1";"1";"6";"CAMAS (RUE DU)";"43,2978500";"5,3931400"
"201900052349";"11";"7";"2019";"10:45";"1";"78";"78372";"2";"1";"1";"6";"ABREUVOIR (AVENUE DE L')";"48,8684600";"2,1025000"
"201900052350";"29";"3";"2019";"13:50";"1";"13";"13206";"2";"3";"1";"6";"TROIS FRERES (RUE DES)";"43,2930400";"5,3854400"
"201900052351";"28";"3";"2019";"15:10";"1";"13";"13214";"2";"1";"1";"1";"AMPERE (BOULEVARD)";"43,3383700";"5,3732920"
"201900052352";"28";"3";"2019";"13:00";"1";"13";"13206";"2";"3";"1";"3";"GOUFFE (COURS)";"43,2853900";"5,3898100"
"201900052353";"27";"6";"2019";"18:00";"1";"78";"78498";"2";"3";"1";"3";"DEVAUX BD";"48,9293500";"2,0428000"
"201900052354";"30";"3";"2019";"15:30";"1";"13";"13047";"1";"1";"1";"2";"RASSUEN ROUTE DE";"43,4971570";"4,9752140"
"201900052355";"26";"3";"2019";"20:00";"5";"13";"13028";"2";"1";"1";"3";"BODIN (AVENUE EMILE)";"43,1892600";"5,6042400"
"201900052356";"30";"3";"2019";"04:00";"5";"13";"13001";"2";"1";"1";"6";"ROI RENE (BD DU)";"43,5241110";"5,4514090"
"201900052357";"10";"7";"2019";"10:20";"1";"77";"77152";"2";"2";"1";"5";"D372 MONTEBELLUNA(ROND POINT DE)";"48,5249400";"2,6426200"
"201900052358";"29";"3";"2019";"16:00";"1";"13";"13001";"2";"1";"1";"2";"VAIR GUILLAUME DU (RUE)";"43,5076440";"5,4024620"
"201900052359";"26";"3";"2019";"17:00";"1";"11";"11069";"1";"1";"1";"3";"ROCADE OUEST";"43,2181300";"2,3234700"
"201900052360";"30";"3";"2019";"16:00";"1";"6";"06088";"2";"1";"1";"6";"DEUDON (RUE YON)";"43,7013390";"7,2684663"
"201900052361";"11";"7";"2019";"10:30";"1";"76";"76322";"2";"2";"1";"3";"POUDRIERE. CHEMIN DE LA";"49,3963708";"1,0610175"
"201900052362";"29";"3";"2019";"14:05";"1";"6";"06088";"2";"9";"1";"1";"VAUBAN (R. MARECHAL)";"43,7116000";"7,2864200"
"201900052363";"11";"7";"2019";"13:00";"1";"76";"76540";"2";"2";"1";"3";"MALOUET. RUE";"49,4322700";"1,0913900"
"201900052364";"10";"7";"2019";"23:05";"3";"76";"76157";"1";"1";"1";"7";"MAUPASSANT. COTE GUY DE";"49,4475600";"1,0439400"
"201900052365";"30";"3";"2019";"02:26";"5";"6";"06104";"2";"1";"1";"6";"KENNEDY (AVENUE PRESIDENT)";"43,7544600";"7,4407200"
"201900052366";"10";"7";"2019";"13:35";"1";"76";"76540";"1";"1";"1";"4";"MATHILDE. PONT";"49,4301700";"1,1010900"
"201900052367";"29";"3";"2019";"19:55";"5";"6";"06027";"2";"1";"1";"2";"RENOIR AVENUE AUGUSTE";"43,6650100";"7,1529000"
"201900052368";"28";"3";"2019";"12:20";"1";"6";"06027";"2";"1";"1";"4";"VAL FLEURI CHEMIN DU";"43,6632010";"7,1722430"
"201900052369";"28";"3";"2019";"10:45";"1";"6";"06004";"2";"9";"1";"3";"GAROUPE BD DE LA";"43,5553345";"7,1336321"
"201900052370";"16";"3";"2019";"12:00";"1";"4";"04112";"2";"2";"1";"3";"RD 4096 / Av René Cassin";"43,8217700";"5,7875800"
"201900052371";"11";"7";"2019";"15:30";"1";"72";"72181";"2";"1";"1";"3";"LEDRU ROLLIN QUAI N° 103 ET plus";"47,9958100";"0,2073800"
"201900052372";"30";"3";"2019";"13:10";"1";"75";"75116";"2";"1";"1";"4";"ECHANGEUR MUETTE";"48,8642390";"2,2666410"
"201900052373";"11";"7";"2019";"15:50";"1";"71";"71059";"1";"1";"1";"1";"R.D 290";"46,7776200";"4,4748300"
"201900052374";"29";"3";"2019";"16:15";"1";"75";"75118";"2";"1";"1";"5";"PORTE DE LA CHAPELLE";"48,9009110";"2,3602460"
"201900052375";"29";"3";"2019";"09:40";"1";"75";"75118";"2";"1";"1";"6";"PORTE DE CLIGNANCOURT";"48,9011040";"2,3466460"
"201900052376";"12";"7";"2019";"07:40";"1";"69";"69290";"2";"2";"1";"5";"TEMPS MODERNES (DES)            (AV)";"45,7112120";"4,9122959"
"201900052377";"10";"7";"2019";"20:20";"2";"69";"69029";"2";"1";"1";"6";"FRANKLIN ROOSEVELT                  (AV)";"45,7378400";"4,8958200"
"201900052378";"27";"3";"2019";"19:45";"5";"75";"75116";"2";"1";"1";"3";"PORTE DAUPHINE";"48,8721470";"2,2741430"
"201900052379";"10";"7";"2019";"17:45";"1";"69";"69283";"2";"1";"1";"3";"JOSEPH MARIE JACQUARD     R";"45,6773800";"4,9605600"
"201900052380";"27";"3";"2019";"16:40";"1";"75";"75112";"2";"1";"1";"3";"PORTE DOREE";"48,8367960";"2,4126110"
"201900052381";"12";"7";"2019";"02:05";"5";"67";"67482";"2";"3";"1";"3";"RHIN TORTU (RUE DU)";"48,5451150";"7,7583370"
"201900052382";"27";"3";"2019";"12:20";"1";"75";"75120";"2";"1";"1";"4";"PORTE DES LILAS";"48,8731820";"2,4119050"
"201900052383";"29";"3";"2019";"11:35";"1";"75";"75105";"2";"1";"1";"3";"BOULEVARD DE L HOPITAL";"48,8416200";"2,3630250"
"201900052384";"10";"7";"2019";"18:45";"1";"67";"67482";"2";"3";"1";"3";"MICHEL ANGE (RUE)";"48,5645770";"7,7264340"
"201900052385";"30";"3";"2019";"18:20";"1";"75";"75105";"2";"2";"1";"6";"BOULEVARD SAINT MICHEL";"48,8439280";"2,3389800"
"201900052386";"10";"7";"2019";"18:00";"1";"67";"67447";"2";"1";"1";"2";"MARAIS (RUE DU)";"48,6094401";"7,7652554"
"201900052387";"30";"3";"2019";"16:10";"1";"75";"75105";"2";"2";"1";"6";"QUAI DE LA TOURNELLE";"48,8511370";"2,3513000"
"201900052388";"10";"7";"2019";"17:15";"1";"67";"67482";"2";"1";"1";"6";"SEBASTOPOL (RUE DE)";"48,5867670";"7,7426290"
"201900052389";"29";"3";"2019";"12:55";"1";"75";"75105";"2";"1";"1";"2";"RUE DE L EPEE DE BOIS";"48,8415360";"2,3505590"
"201900052390";"11";"7";"2019";"14:20";"1";"66";"66136";"2";"1";"1";"6";"ESPAGNE (ROUTE D')";"42,6785600";"2,8908000"
"201900052391";"28";"3";"2019";"14:40";"1";"75";"75106";"2";"2";"1";"3";"RUE DE VAUGIRARD";"48,8484150";"2,3316640"
"201900052392";"11";"7";"2019";"17:10";"1";"66";"66136";"2";"1";"1";"2";"ARGELES SUR MER AVENUE D'";"42,6697300";"2,9170500"
"201900052393";"28";"3";"2019";"11:00";"1";"75";"75105";"2";"2";"1";"3";"PONT DE SULLY";"48,8494090";"2,3567870"
"201900052394";"27";"3";"2019";"14:05";"1";"75";"75105";"2";"1";"1";"3";"RUE DES FOSSES SAINT BERNARD";"48,8479890";"2,3540730"
"201900052395";"29";"3";"2019";"08:45";"1";"75";"75120";"2";"3";"1";"3";"RUE DES MARAICHERS";"48,8525230";"2,4066970"
"201900052396";"11";"7";"2019";"21:00";"5";"66";"66136";"2";"1";"1";"6";"LESAGE (ALAIN)";"42,6897700";"2,8867600"
"201900052397";"30";"3";"2019";"18:00";"1";"75";"75119";"2";"1";"1";"3";"AVENUE CORENTIN CARIOU";"48,8968940";"2,3846700"
"201900052398";"10";"7";"2019";"16:20";"1";"66";"66136";"2";"1";"1";"7";"CABESTANY-A-BOMPAS CHEMIN DE";"42,6996700";"2,9283000"
"201900052399";"30";"3";"2019";"18:25";"1";"75";"75119";"2";"2";"1";"3";"BOULEVARD DE LA VILLETTE";"48,8824800";"2,3703850"
"201900052400";"11";"7";"2019";"20:20";"1";"64";"64189";"2";"1";"1";"2";"Route de la Corniche";"43,3901390";" -1,6856560"
"201900052401";"30";"3";"2019";"08:50";"1";"75";"75110";"2";"2";"1";"6";"BOULEVARD DE LA VILLETTE";"48,8814910";"2,3700460"
"201900052402";"29";"3";"2019";"08:25";"1";"75";"75119";"2";"1";"1";"6";"AVENUE SIMON BOLIVAR";"48,8764590";"2,3780370"
"201900052403";"28";"3";"2019";"20:38";"5";"75";"75119";"2";"2";"1";"6";"RUE RIQUET";"48,8892500";"2,3712850"
"201900052404";"29";"3";"2019";"19:40";"5";"75";"75118";"2";"5";"1";"3";"AVENUE DE LA PORTE DE CLIGNANCOURT";"48,8980760";"2,3443710"
"201900052405";"3";"7";"2019";"23:15";"5";"64";"64483";"2";"1";"1";"2";"HUGO VICTOR (BOULEVARD)";"43,3882330";" -1,6595880"
"201900052406";"28";"3";"2019";"23:10";"5";"75";"75118";"2";"2";"1";"6";"AVENUE DE LA PORTE DE CLIGNANCOURT";"48,8978720";"2,3443210"
"201900052407";"28";"3";"2019";"08:30";"1";"75";"75118";"2";"2";"1";"3";"RUE DE LA CHAPELLE";"48,8954980";"2,3593240"
"201900052408";"11";"7";"2019";"14:15";"1";"64";"64129";"2";"1";"1";"4";"BAYONNE DE";"43,3011300";" -0,3945400"
"201900052409";"30";"3";"2019";"20:30";"5";"75";"75117";"2";"1";"1";"2";"BOULEVARD GOUVION SAINT CYR";"48,8804250";"2,2852410"
"201900052410";"11";"7";"2019";"12:00";"1";"64";"64445";"2";"1";"1";"3";"TOURASSE";"43,3084000";" -0,3402800"
"201900052411";"29";"3";"2019";"06:07";"1";"75";"75117";"2";"2";"1";"6";"RUE JEAN OESTREICHER";"48,8870780";"2,2895650"
"201900052412";"11";"7";"2019";"08:30";"1";"64";"64335";"2";"1";"1";"1";"D817";"43,3422231";" -0,4107541"
"201900052413";"30";"3";"2019";"16:35";"1";"75";"75108";"2";"2";"1";"6";"AVENUE CESAR CAIRE";"48,8767130";"2,3193020"
"201900052414";"30";"3";"2019";"01:40";"5";"75";"75116";"2";"2";"1";"3";"AVENUE KLEBER";"48,8650530";"2,2887160"
"201900052415";"10";"7";"2019";"17:20";"1";"64";"64122";"2";"1";"1";"3";"7 RUE LUIS MARIANO ";"43,4593933";" -1,5426900"
"201900052416";"29";"3";"2019";"15:30";"1";"75";"75116";"2";"2";"1";"6";"AVENUE FOCH";"48,8735930";"2,2927870"
"201900052417";"28";"3";"2019";"07:40";"1";"75";"75117";"2";"3";"1";"4";"AVENUE DE LA GRANDE ARMEE";"48,8748310";"2,2917260"
"201900052418";"12";"7";"2019";"01:40";"5";"64";"64024";"2";"1";"1";"7";"ETCHECOPAR (ALLEE)";"43,4649140";" -1,5298876"
"201900052419";"30";"3";"2019";"18:30";"1";"75";"75115";"2";"3";"1";"3";"RUE DE LA CROIX NIVERT";"48,8356700";"2,2897030"
"201900052420";"13";"7";"2019";"13:30";"1";"62";"62548";"2";"1";"1";"1";"RUE ROBELIN";"50,9802100";"1,9596900"
"201900052421";"29";"3";"2019";"19:15";"2";"75";"75115";"2";"2";"1";"3";"RUE PEGOUD";"48,8345746";"2,2669455"
"201900052422";"29";"3";"2019";"11:40";"1";"75";"75115";"2";"1";"1";"3";"RUE DE LA PORTE D ISSY";"48,8325410";"2,2814040"
"201900052423";"28";"3";"2019";"19:05";"2";"75";"75115";"2";"7";"1";"6";"AVENUE ERNEST RENAN";"48,8323510";"2,2876780"
"201900052424";"11";"7";"2019";"13:50";"1";"62";"62193";"2";"1";"1";"2";"DORET (RUE M.)";"50,9517415";"1,9109717"
"201900052425";"28";"3";"2019";"10:37";"1";"75";"75115";"2";"2";"1";"6";"RUE FONDARY";"48,8459440";"2,2987000"
"201900052426";"28";"6";"2019";"09:35";"1";"59";"59350";"2";"1";"1";"6";"MONTEBELLO BD PAIRS DE 78 -196";"50,6225600";"3,0447100"
"201900052427";"30";"3";"2019";"14:00";"1";"75";"75114";"2";"1";"1";"6";"RUE D ODESSA";"48,8419060";"2,3246600"
"201900052428";"30";"3";"2019";"11:40";"1";"75";"75113";"2";"4";"1";"2";"AVENUE PIERRE DE COUBERTIN";"48,8168250";"2,3441310"
"201900052429";"24";"6";"2019";"08:20";"1";"59";"59346";"2";"9";"1";"3";"CHANZY RUE";"50,6073700";"3,1275300"
"201900052430";"29";"3";"2019";"16:18";"1";"75";"75113";"2";"1";"1";"6";"BOULEVARD VINCENT AURIOL";"48,8317140";"2,3591330"
"201900052431";"28";"3";"2019";"18:20";"1";"75";"75113";"2";"3";"1";"6";"AVENUE DE FRANCE";"48,8276200";"2,3796610"
"201900052432";"28";"3";"2019";"06:30";"1";"75";"75113";"2";"7";"1";"3";"PLACE VALHUBERT";"48,8438650";"2,3648070"
"201900052433";"10";"7";"2019";"20:15";"1";"58";"58194";"2";"2";"1";"3";"CHAUVELLES";"46,9973000";"3,1589000"
"201900052434";"29";"3";"2019";"11:25";"1";"75";"75112";"2";"1";"1";"3";"AVENUE DE SAINT MAURICE";"48,8320210";"2,4205110"
"201900052435";"29";"3";"2019";"09:20";"1";"75";"75111";"2";"5";"1";"6";"AVENUE LEDRU ROLLIN";"48,8513040";"2,3761370"
"201900052436";"29";"3";"2019";"04:00";"5";"75";"75112";"2";"2";"1";"6";"RUE DE BERCY";"48,8443190";"2,3724300"
"201900052437";"28";"3";"2019";"17:40";"1";"75";"75112";"2";"1";"1";"3";"AVENUE DE SAINT MAURICE";"48,8326100";"2,4203770"
"201900052438";"29";"3";"2019";"20:30";"5";"75";"75110";"2";"3";"1";"3";"RUE DU FAUBOURG SAINT MARTIN";"48,8761160";"2,3605790"
"201900052439";"9";"7";"2019";"17:30";"1";"58";"58194";"2";"4";"1";"3";"COLBERT";"46,9996000";"3,1559000"
"201900052440";"28";"3";"2019";"10:00";"1";"75";"75108";"2";"1";"1";"3";"AVENUE DES CHAMPS ELYSEES";"48,8696240";"2,3081370"
"201900052441";"11";"7";"2019";"18:00";"1";"56";"56121";"2";"6";"1";"3";"FRANCE ( AVE ANATOLE )";"47,7467200";" -3,3663200"
"201900052442";"28";"3";"2019";"09:48";"1";"75";"75107";"2";"2";"1";"3";"PONT ALEXANDRE III";"48,8628490";"2,3134450"
"201900052443";"11";"7";"2019";"15:58";"1";"56";"56121";"2";"6";"1";"3";"LE MAUX ( BD JEAN )";"47,7572900";" -3,3876500"
"201900052444";"28";"3";"2019";"23:27";"5";"75";"75103";"2";"3";"1";"3";"RUE DU TEMPLE";"48,8658190";"2,3608920"
"201900052445";"30";"3";"2019";"18:20";"1";"75";"75101";"2";"1";"7";"2";"QUAI DE LA MEGISSERIE";"48,8574290";"2,3463900"
"201900052446";"10";"7";"2019";"18:00";"1";"56";"56162";"2";"1";"1";"7";"PENHER (ROUTE DU)";"47,7120400";" -3,4702600"
"201900052447";"30";"3";"2019";"16:50";"1";"75";"75101";"2";"3";"1";"3";"AVENUE GENERAL LEMONNIER";"48,8608460";"2,3301320"
"201900052448";"9";"7";"2019";"21:50";"2";"56";"56121";"2";"1";"2";"7";"SAINT-MARCEL (RUE)";"47,7470600";" -3,3823200"
"201900052449";"30";"3";"2019";"10:40";"1";"94";"94081";"2";"1";"1";"3";"ROUGET DE L ISLE (AV)";"48,7810000";"2,3940000"
"201900052450";"27";"6";"2019";"14:50";"1";"54";"54304";"2";"1";"1";"3";"ONZE NOVEMBRE 1918 (RUE DU)";"48,6810000";"6,1510000"
"201900052451";"27";"3";"2019";"22:35";"5";"94";"94080";"2";"2";"1";"3";"REPUBLIQUE (AV DE LA)";"48,8475400";"2,4307500"
"201900052452";"21";"6";"2019";"10:30";"1";"54";"54184";"2";"2";"1";"3";"BRIGACHTAL (AVENUE DE)";"48,7005710";"6,2247000"
"201900052453";"29";"3";"2019";"21:00";"5";"94";"94068";"2";"2";"1";"3";"BONNEUIL (QU DE)";"48,7845000";"2,4921300"
"201900052454";"4";"6";"2019";"10:00";"1";"54";"54274";"2";"2";"1";"7";"MALGRANGE (AVENUE DE LA)";"48,6658000";"6,1977000"
"201900052455";"27";"3";"2019";"16:00";"1";"94";"94068";"2";"2";"1";"3";"BOIS DES MOINES (R DU)";"48,7859370";"2,5047970"
"201900052456";"12";"6";"2019";"14:00";"1";"54";"54395";"2";"1";"1";"3";"JAURES (BOULEVARD JE";"48,6799500";"6,1792400"
"201900052457";"28";"3";"2019";"08:45";"1";"94";"94042";"2";"1";"1";"2";"GENERAL GALLIENI (AV DU)";"48,8201200";"2,4748800"
"201900052458";"28";"3";"2019";"11:15";"1";"94";"94046";"2";"2";"1";"3";"LEON BLUM (AV)";"48,8005972";"2,4352356"
"201900052459";"30";"6";"2019";"19:20";"1";"54";"54304";"2";"6";"1";"3";"av des quatre vents";"48,7009300";"6,1358500"
"201900052460";"30";"3";"2019";"14:04";"1";"94";"94043";"2";"1";"1";"6";"PROFESSEUR BERGONIE (R DU)";"48,8042800";"2,3459900"
"201900052461";"29";"3";"2019";"14:00";"1";"94";"94043";"2";"2";"7";"3";"FONTAINEBLEAU (AV DE)";"48,8071600";"2,3630700"
"201900052462";"29";"6";"2019";"14:20";"1";"54";"54304";"2";"2";"1";"3";"RESISTANCE (AV. DE LA -IMPAIR-)";"48,6948600";"6,1380500"
"201900052463";"8";"7";"2019";"20:30";"1";"54";"54547";"2";"2";"1";"3";"GEMBLOUX (RUE DE)";"48,6642200";"6,1742700"
"201900052464";"28";"3";"2019";"12:15";"1";"94";"94041";"2";"1";"1";"6";"VERDUN (AV DE)";"48,8171400";"2,3670500"
"201900052465";"27";"3";"2019";"20:10";"5";"94";"94041";"2";"9";"1";"6";"CARNOT (R)";"48,8083800";"2,3695800"
"201900052466";"10";"7";"2019";"08:35";"1";"52";"52121";"2";"1";"1";"3";"BOURGOGNE (RUE DE)";"48,0979000";"5,1431800"
"201900052467";"28";"3";"2019";"16:40";"1";"94";"94054";"2";"2";"1";"3";"MARCEL CACHIN (AV)";"48,7435600";"2,4086000"
"201900052468";"28";"3";"2019";"10:57";"1";"94";"94022";"2";"2";"1";"3";"GAMBETTA (AV)";"48,7632500";"2,4015500"
"201900052469";"28";"3";"2019";"14:30";"1";"94";"94060";"2";"3";"1";"3";"PONT BANNERET (RTE DU)";"48,7861100";"2,5775800"
"201900052470";"12";"7";"2019";"07:50";"1";"51";"51454";"2";"6";"1";"3";"RUE DU GENERAL KOENIG";"49,2266600";"4,0252300"
"201900052471";"28";"3";"2019";"21:35";"5";"94";"94069";"2";"2";"1";"3";"NATIONALE 6 - PONT DE CHARENTON (RTE)";"48,8178187";"2,4198533"
"201900052472";"11";"7";"2019";"16:50";"1";"51";"51506";"2";"1";"1";"3";"AVENUE DU PRESIDENT ROOSEVELT";"48,9449765";"4,3826167"
"201900052473";"28";"3";"2019";"18:20";"1";"94";"94017";"2";"1";"1";"4";"STALINGRAD (BD DE)";"48,8174400";"2,5093000"
"201900052474";"10";"7";"2019";"08:35";"1";"50";"50602";"1";"1";"1";"6";"Axe Nord-Sud";"49,6335600";" -1,5778700"
"201900052475";"28";"3";"2019";"08:39";"1";"94";"94004";"2";"1";"1";"3";"LEON REVILLON (BD)";"48,7480400";"2,5128000"
"201900052476";"9";"7";"2019";"08:50";"1";"50";"50129";"2";"1";"1";"3";"ABBAYE (RUE DE L')";"49,6458600";" -1,6400900"
"201900052477";"28";"3";"2019";"15:30";"1";"93";"93073";"1";"9";"1";"3";"CHAPIT RE ( RUE DU)";"49,0030910";"2,5368530"
"201900052478";"12";"7";"2019";"01:25";"5";"49";"49007";"2";"1";"1";"6";"BOUCHEMAINE ROUTE";"47,4500000";" -0,5726700"
"201900052479";"28";"3";"2019";"08:30";"1";"93";"93078";"2";"1";"1";"5";"VAUBAN (AVENUE)";"48,9672000";"2,5517000"
"201900052480";"11";"7";"2019";"17:35";"1";"49";"49007";"2";"1";"1";"3";"JOFFRE BOULEVARD";"47,4720500";" -0,5455900"
"201900052481";"27";"3";"2019";"23:30";"5";"93";"93073";"2";"9";"1";"6";"CHAPIT RE ( RUE DU)";"48,9496000";"2,5684000"
"201900052482";"11";"7";"2019";"19:01";"1";"49";"49007";"2";"1";"1";"2";"RAMON BOULEVARD";"47,4863167";" -0,5361468"
"201900052483";"30";"3";"2019";"15:20";"1";"93";"93039";"2";"1";"1";"6";"EPINAY (AVENUE DU PONT D' )";"48,9503200";"2,3067800"
"201900052484";"10";"7";"2019";"09:05";"1";"49";"49007";"2";"2";"1";"6";"MAINE";"47,4778300";" -0,5473300"
"201900052485";"27";"3";"2019";"07:45";"1";"93";"93066";"2";"3";"1";"3";"ROUSSEAU JEAN JACQUES";"48,9653100";"2,3792500"
"201900052486";"28";"3";"2019";"16:00";"1";"93";"93055";"2";"1";"1";"6";"SCANDICCI";"48,8914790";"2,3986200"