"Num_Acc";"jour";"mois";"an";"hrmn";"lum";"dep";"com";"agg";"int";"atm";"col";"adr";"lat";"long"
"201900052487";"13";"7";"2019";"20:25";"1";"45";"45234";"2";"1";"1";"6";"38 AV DE LA MOUILLERE";"47,8849500";"1,9079600"
"201900052488";"28";"3";"2019";"14:08";"1";"93";"93055";"2";"1";"1";"5";"ANATOLE FRANCE (AVENUE)";"48,8925600";"2,4238900"
"201900052489";"12";"7";"2019";"19:10";"1";"45";"45234";"2";"1";"1";"6";"AVENUE DE LA MARNE";"47,9163296";"1,9353648"
"201900052490";"27";"3";"2019";"12:05";"1";"93";"93048";"2";"3";"1";"3";"MARCEAU (RUE)";"48,8530040";"2,4260570"
"201900052491";"12";"7";"2019";"08:25";"1";"45";"45302";"2";"2";"1";"3";"R A FAUCHEUX - CH DU MOULIN";"47,9311300";"1,8609700"
"201900052492";"28";"3";"2019";"07:10";"2";"93";"93046";"2";"1";"1";"3";"WINSTON CHURCHILL AVENUE";"48,9145730";"2,5368720"
"201900052493";"13";"7";"2019";"18:00";"3";"44";"44109";"2";"1";"1";"6";"Bd de la Chauvinière";"47,2519600";" -1,5731600"
"201900052494";"29";"3";"2019";"21:20";"5";"93";"93063";"2";"1";"1";"2";"KERAUTRET AVENUE PIERRE";"48,8817500";"2,4459700"
"201900052495";"28";"3";"2019";"22:10";"5";"93";"93031";"2";"1";"1";"6";"RESISTANCE (PONT)";"48,9566200";"2,3041100"
"201900052496";"13";"7";"2019";"11:55";"1";"44";"44109";"2";"1";"1";"6";"STRASBOURG ( RUE DE )";"47,2170100";" -1,5519900"
"201900052497";"28";"3";"2019";"19:55";"5";"93";"93031";"2";"9";"1";"6";"PARIS (RUE DE)";"48,9526500";"2,3150300"
"201900052498";"29";"3";"2019";"08:25";"1";"93";"93029";"2";"9";"1";"6";"RAYMOND JUSTICE";"48,9181600";"2,4398000"
"201900052499";"11";"7";"2019";"19:45";"1";"44";"44162";"2";"1";"1";"1";"rue du danube";"47,2445300";" -1,6171760"
"201900052500";"11";"7";"2019";"18:30";"1";"44";"44109";"2";"2";"1";"3";"BOULEVARD DE LA BEAUJOIRE";"47,2595170";" -1,5111900"
"201900052501";"11";"7";"2019";"18:55";"1";"42";"42270";"1";"1";"1";"6";"RD 108";"45,3947800";"4,2261100"
"201900052502";"30";"3";"2019";"13:00";"1";"93";"93013";"2";"3";"1";"6";"LECLERC (AVENU DE LA DIVISION)";"48,9345300";"2,4259900"
"201900052503";"28";"3";"2019";"09:30";"1";"93";"93027";"2";"9";"1";"3";"JOLLOIS (RUE)";"48,9214500";"2,3847900"
"201900052504";"29";"3";"2019";"08:30";"1";"93";"93057";"2";"1";"1";"4";"BRIAND ( AV. ARISTIDE) 31 A 91";"48,9087810";"2,4996720"
"201900052505";"28";"3";"2019";"17:00";"1";"93";"93010";"2";"1";"1";"6";"SAKHAROV (RUE ANDREI)";"48,9106490";"2,4755260"
"201900052506";"28";"3";"2019";"17:53";"1";"93";"93007";"2";"9";"7";"1";"ARISTIDE BRIAND (AVENUE COTE PAIRS)";"48,9434600";"2,4440700"
"201900052507";"28";"3";"2019";"11:36";"1";"93";"93007";"2";"1";"1";"3";"""REPUBLIQUE (AVENUE DE LA """"COTE PAIRS""""";"48,9366400";"2,4649100"
"201900052508";"30";"3";"2019";"10:40";"1";"93";"93005";"2";"4";"1";"3";"MARECHAL JUIN (AVENUE DU)";"48,9357350";"2,5032210"
"201900052509";"29";"3";"2019";"15:00";"1";"93";"93005";"2";"1";"1";"3";"JEAN CHARCOT [CD115] (RUE)";"48,9335330";"2,4901350"
"201900052510";"29";"3";"2019";"12:10";"1";"93";"93005";"2";"1";"1";"3";"PAUL CEZANNE (RUE)";"48,9526780";"2,4918490"
"201900052511";"19";"6";"2019";"12:10";"1";"40";"40088";"2";"1";"1";"3";"CHAULET (RUE GEORGES)";"43,7159000";" -1,0525200"
"201900052512";"12";"7";"2019";"18:50";"1";"37";"37261";"2";"1";"1";"7";"FUYE( RUE DE LE )";"47,3869200";"0,7033100"
"201900052513";"29";"3";"2019";"18:50";"2";"93";"93001";"2";"3";"1";"3";"JEAN JAURES (AVE)  => 53";"48,9038380";"2,3918180"
"201900052514";"12";"7";"2019";"19:10";"1";"35";"35238";"2";"2";"1";"3";"VOLCLAIR (BD LOUIS)";"48,0883100";" -1,6691200"
"201900052515";"27";"3";"2019";"19:10";"2";"92";"92064";"2";"1";"1";"6";"MONT VALERIEN";"48,8534400";"2,2156000"
"201900052516";"12";"7";"2019";"19:45";"1";"35";"35238";"1";"1";"1";"2";"RN 137";"48,0909940";" -1,6288470"
"201900052517";"27";"3";"2019";"14:00";"1";"92";"92063";"2";"1";"1";"2";"BONAPARTE (AVENUE NAPOLEON) SUD";"48,8704254";"2,1590608"
"201900052518";"12";"7";"2019";"16:50";"1";"35";"35189";"1";"1";"1";"5";"RD 137";"48,1461850";" -1,6988550"
"201900052519";"29";"3";"2019";"16:45";"1";"92";"92062";"2";"1";"1";"6";"BRAZZA (RUE)";"48,8847200";"2,2378000"
"201900052520";"28";"3";"2019";"18:30";"1";"92";"92051";"2";"1";"1";"3";"CHATEAU (RUE DU)";"48,8867860";"2,2623310"
"201900052521";"12";"7";"2019";"13:45";"1";"35";"35238";"2";"9";"1";"1";"CUCILLE (AVENUE DE)";"48,1283370";" -1,7010420"
"201900052522";"12";"7";"2019";"12:30";"1";"35";"35238";"2";"6";"1";"3";"ROCHESTER (AVENUE DE)";"48,1270000";" -1,6520000"
"201900052523";"11";"7";"2019";"16:15";"1";"35";"35206";"1";"1";"1";"4";"ROCADE 6-7";"48,0794900";" -1,6862100"
"201900052524";"11";"7";"2019";"17:30";"1";"35";"35278";"1";"1";"1";"3";"RN 136";"48,1399540";" -1,6954830"
"201900052525";"10";"7";"2019";"14:20";"1";"35";"35238";"1";"1";"1";"2";"RN136";"48,1072010";" -1,7172390"
"201900052526";"10";"7";"2019";"10:00";"1";"35";"35238";"2";"9";"1";"3";"GAYEULLES (AVENUE DES)";"48,1313300";" -1,6518700"
"201900052527";"13";"7";"2019";"06:55";"1";"34";"34129";"1";"1";"1";"1";"CALADE (ALLEE DE LA)";"43,5803900";"3,8978800"
"201900052528";"10";"7";"2019";"20:40";"1";"34";"34172";"2";"3";"1";"5";"PAVELET (AVENUE DU COLONEL)";"43,5817400";"3,8642400"
"201900052529";"11";"7";"2019";"22:24";"5";"34";"34172";"2";"1";"1";"6";"HEIDELBERG (AVENUE DE)";"43,6235200";"3,8114500"
"201900052530";"13";"7";"2019";"16:40";"1";"33";"33162";"2";"4";"1";"1";"AVE DU MEDOC";"44,8851000";" -0,6365800"
"201900052531";"12";"7";"2019";"13:10";"1";"33";"33063";"2";"3";"1";"3";"Crs de la Somme / R. Pascal Mothes";"44,8247080";" -0,5726010"
"201900052532";"22";"6";"2019";"23:30";"5";"33";"33039";"2";"2";"1";"3";"RUE LEON GAMBETTA";"44,8076000";" -0,5515360"
"201900052533";"8";"7";"2019";"05:49";"3";"33";"33281";"2";"1";"1";"6";"AVE DE LA LIBERATION";"44,8580400";" -0,6435100"
"201900052534";"12";"7";"2019";"00:00";"5";"33";"33063";"2";"1";"1";"6";"PALUDATE (QUAI DE)";"44,8307600";" -0,5578800"
"201900052535";"11";"7";"2019";"22:15";"5";"33";"33063";"2";"2";"1";"3";"R. Mandron / R. Henri Expert";"44,8580020";" -0,5877930"
"201900052536";"21";"6";"2019";"20:15";"1";"33";"33192";"2";"1";"1";"6";"RUE SAINT-FRANCOIS XAVIER";"44,7755700";" -0,5906000"
"201900052537";"1";"7";"2019";"09:20";"1";"33";"33063";"2";"2";"1";"3";"RUE DES FRANCAIS LIBRES";"44,8754100";" -0,5688500"
"201900052538";"7";"7";"2019";"15:20";"1";"33";"33063";"2";"1";"1";"2";"CRS DU MEDOC";"44,8571100";" -0,5653900"
"201900052539";"8";"7";"2019";"16:45";"1";"33";"33063";"2";"3";"1";"3";"R. Tastet / Crs d'Albret";"44,8356580";" -0,5807300"
"201900052540";"7";"7";"2019";"17:00";"1";"33";"33039";"2";"1";"7";"6";"R.GASTON MONMOUSSEAU / Cycliste traverse entre 2 buissons sans regarder";"44,8013500";" -0,5400300"
"201900052541";"1";"7";"2019";"09:20";"1";"33";"33063";"2";"3";"1";"3";"RUE EDMOND BESSE";"44,8871900";" -0,5469700"
"201900052542";"28";"6";"2019";"20:20";"2";"33";"33063";"2";"3";"1";"2";"BD DU PRESIDENT WILSON";"44,8498650";" -0,5963410"
"201900052543";"13";"7";"2019";"18:50";"1";"33";"33529";"2";"1";"1";"3";"SEMAPHORE (AVE DU)";"44,6310600";" -1,2020500"
"201900052544";"11";"7";"2019";"17:00";"1";"31";"31555";"1";"1";"1";"2";"VA007331 A620";"43,5743800";"1,4396900"
"201900052545";"12";"7";"2019";"08:26";"1";"31";"31149";"2";"6";"1";"3";"PIBRAC (BOULEVARD DE)";"43,6162300";"1,3318100"
"201900052546";"11";"7";"2019";"22:50";"5";"31";"31149";"2";"3";"1";"3";"AUCH (RUE D')";"43,6082900";"1,3392200"
"201900052547";"11";"7";"2019";"16:20";"1";"31";"31555";"2";"1";"1";"5";"RTE D AGDE";"43,6203600";"1,4688900"
"201900052548";"11";"7";"2019";"15:30";"1";"31";"31555";"2";"1";"1";"6";"RUE DU PETIT CASTELET";"43,6332400";"1,4578100"
"201900052549";"10";"7";"2019";"16:50";"1";"31";"31555";"2";"1";"1";"2";"RUE DES FRERES LION";"43,6003000";"1,4523300"
"201900052550";"11";"7";"2019";"10:25";"1";"29";"29232";"2";"6";"1";"7";"PRESIDENT ALLENDE BOULEVARD";"47,9915300";" -4,0734600"
"201900052551";"9";"7";"2019";"12:14";"1";"29";"29019";"2";"3";"1";"3";"GUILERS (DE 39 A 137 ET 32 A 134)";"48,3886500";" -4,5169600"
"201900052552";"6";"7";"2019";"04:10";"5";"29";"29019";"2";"1";"1";"6";"SAINT POL ROUX";"48,4007724";" -4,4832356"
"201900052553";"11";"7";"2019";"11:50";"1";"28";"28404";"2";"1";"1";"2";"SAINT THIBAULT (RUE)";"48,7335353";"1,3517071"
"201900052554";"11";"7";"2019";"09:00";"1";"28";"28134";"2";"9";"1";"6";"MELSUNGEN  (AVENUE DE)";"48,7309000";"1,3650900"
"201900052555";"13";"7";"2019";"09:00";"1";"27";"27229";"2";"2";"1";"3";"LUXEMBOURG (RUE DU)";"49,0303700";"1,1834500"
"201900052556";"11";"7";"2019";"12:50";"1";"27";"27229";"2";"1";"1";"2";"NATIONALE 13 (ROUTE)";"49,0154100";"1,1868800"
"201900052557";"11";"7";"2019";"10:50";"1";"27";"27229";"2";"1";"1";"6";"Chemin de Huest";"49,0332200";"1,1689600"
"201900052558";"10";"7";"2019";"09:50";"1";"26";"26057";"2";"2";"1";"3";"PATRIOTES (AVENUE DES)";"45,0347080";"5,0524500"
"201900052559";"13";"7";"2019";"23:30";"5";"18";"18033";"2";"2";"1";"6";"LATTRE DE TASSIGNY (AVENUE DU MARECHAL D";"47,0988000";"2,4166500"
"201900052560";"11";"7";"2019";"23:50";"5";"18";"18205";"2";"2";"1";"1";"MALITORNE (RUE DE)";"47,1068200";"2,3884800"
"201900052561";"10";"7";"2019";"09:15";"1";"17";"17306";"2";"3";"1";"2";"Boulevard Frédéric Garnier";"45,6145000";" -1,0114700"
"201900052562";"12";"7";"2019";"15:45";"1";"17";"17300";"2";"2";"1";"2";"CHAUDRIER   RUE";"46,1607300";" -1,1533100"
"201900052563";"11";"7";"2019";"15:50";"1";"17";"17142";"1";"1";"1";"6";"RN11 PK35";"46,1787770";" -1,0976410"
"201900052564";"8";"7";"2019";"11:55";"1";"14";"14069";"2";"3";"1";"3";"LOGES (CHEMIN DES)";"49,1302600";"0,2475950"
"201900052565";"13";"7";"2019";"04:45";"5";"14";"14327";"2";"2";"1";"3";"VILLAGE DU CITIS (LOTISSEMENT LE)";"49,2091100";" -0,3516300"
"201900052566";"12";"7";"2019";"19:30";"1";"14";"14167";"2";"1";"1";"2";"CD N°  513";"49,2002900";" -0,2914800"
"201900052567";"10";"7";"2019";"15:30";"1";"13";"13077";"2";"1";"1";"3";"MILLE CLEMENT (avenue)";"43,4124600";"4,9995900"
"201900052568";"13";"7";"2019";"12:00";"1";"13";"13211";"2";"1";"1";"3";"SABLIERE (ROUTE DE LA)";"43,2938230";"5,4804010"
"201900052569";"12";"7";"2019";"21:00";"1";"13";"13208";"2";"1";"1";"2";"pointe rouge (ave)";"43,2455200";"5,3733600"
"201900052570";"4";"12";"2019";"14:00";"1";"94";"94046";"2";"1";"1";"7";"REPUBLIQUE (AV DE LA)";"48,8060263";"2,4415251"
"201900052571";"5";"12";"2019";"18:00";"5";"94";"94003";"2";"1";"8";"6";"ARISTIDE BRIAND (AV)";"48,8052400";"2,3255100"
"201900052572";"5";"12";"2019";"13:00";"1";"94";"94041";"2";"1";"1";"6";"GABRIEL PERI (R)";"48,8133331";"2,3832017"
"201900052573";"29";"11";"2019";"17:50";"2";"94";"94028";"2";"1";"1";"4";"HALPERN.(AVENUE BERNARD)";"48,7709100";"2,4633100"
"201900052574";"4";"12";"2019";"14:00";"1";"94";"94028";"2";"1";"1";"3";"FOCH(AVENUE DU MARECHAL)";"48,7812000";"2,4372600"
"201900052575";"4";"12";"2019";"22:25";"5";"94";"94004";"2";"4";"9";"3";"GENERAL LECLERC (AV DU)";"48,7536610";"2,5066310"
"201900052576";"4";"12";"2019";"02:20";"5";"94";"94002";"2";"1";"1";"7";"MARCELIN BERTHELOT (R)";"48,8057500";"2,4204000"
"201900052577";"2";"12";"2019";"09:30";"1";"93";"93073";"2";"1";"1";"4";"CHAPIT RE ( RUE DU)";"49,0029720";"2,5368850"
"201900052578";"5";"12";"2019";"20:30";"5";"93";"93066";"2";"1";"1";"2";"""STRASBOURG, NR 36 ET SUIV ET 73 ET SUIV";"48,9359300";"2,3660600"
"201900052579";"5";"12";"2019";"18:00";"5";"93";"93077";"2";"1";"8";"6";"GALLIENI (AVENUE DU GENERAL)";"48,8899800";"2,5107100"
"201900052580";"28";"11";"2019";"21:30";"5";"93";"93050";"2";"3";"1";"6";"MARECHAL LECLERCQ (AVENUE) COTE IMPAIR";"48,8586550";"2,5351810"
"201900052581";"5";"12";"2019";"11:45";"1";"93";"93005";"2";"2";"1";"3";"VERCINGETORIX (AVENUE)";"48,9250000";"2,5013000"
"201900052582";"3";"12";"2019";"09:30";"1";"93";"93007";"2";"1";"9";"3";"ABBE NIORT (RUE DE L')";"48,9404800";"2,4320500"
"201900052583";"5";"12";"2019";"15:40";"1";"92";"92025";"2";"1";"1";"3";"PAUL BERT (RUE)";"48,9306540";"2,2449950"
"201900052584";"5";"12";"2019";"20:10";"5";"92";"92012";"2";"3";"2";"3";"CHATEAU (RUE DU) 1/125 - 2/136";"48,8427950";"2,2428910"
"201900052585";"5";"12";"2019";"17:40";"5";"92";"92012";"2";"2";"1";"6";"TRAVERSIERE (RUE)";"48,8255000";"2,2472400"
"201900052586";"5";"12";"2019";"15:40";"1";"92";"92012";"2";"1";"1";"6";"REPUBLIQUE (BOULEVARD DE LA) 79/FIN - 76";"48,8331700";"2,2456430"
"201900052587";"6";"12";"2019";"13:40";"1";"71";"71301";"2";"2";"1";"3";"D42";"46,6246080";"3,8151400"
"201900052588";"15";"10";"2019";"19:00";"2";"84";"84037";"2";"3";"1";"3";"27 Avenue General de Gaulle";"44,0584980";"4,8345110"
"201900052589";"6";"12";"2019";"15:40";"1";"63";"63257";"1";"3";"1";"3";"D2089";"45,7380950";"2,8480410"
"201900052590";"3";"12";"2019";"07:00";"5";"63";"63012";"2";"2";"8";"3";"2 Rue de la Combe Ronde";"46,0002270";"3,1475210"
"201900052591";"19";"11";"2019";"19:15";"3";"47";"47233";"1";"3";"1";"3";"569 Lieu Dit Font de Lauque";"44,5366350";"0,1095950"
"201900052592";"5";"12";"2019";"17:30";"3";"63";"63163";"1";"1";"1";"7";"A89";"45,7675830";"2,7309250"
"201900052593";"6";"12";"2019";"10:35";"1";"51";"51343";"2";"1";"1";"3";"64 AVENUE DES TILLEULS";"48,5551472";"3,7030158"
"201900052594";"1";"12";"2019";"02:30";"3";"56";"56164";"1";"1";"1";"2";"RN 165 - PK 54";"47,6610500";" -2,8698530"
"201900052595";"6";"12";"2019";"17:20";"3";"74";"74002";"1";"1";"1";"7";"Route de Saint - Sylvestre";"45,8270800";"6,0241980"
"201900052596";"4";"12";"2019";"11:45";"1";"67";"67325";"1";"1";"7";"1";"D392";"48,5252476";"7,3553982"
"201900052597";"3";"12";"2019";"07:05";"2";"11";"11201";"2";"3";"1";"4";"Avenue de Carcassonne";"43,1503630";"2,3202610"
"201900052598";"6";"12";"2019";"09:30";"1";"12";"12190";"1";"1";"7";"1";"LE TRAVERS";"44,3634600";"2,2339370"
"201900052599";"5";"12";"2019";"15:55";"1";"12";"12238";"1";"1";"1";"6";"CD 911  lieu dit la FARE";"44,2253940";"2,9929990"
"201900052600";"6";"12";"2019";"07:30";"2";"46";"46169";"1";"1";"1";"6";"D47";"44,7220680";"1,3126980"
"201900052601";"4";"12";"2019";"15:40";"1";"86";"86160";"2";"1";"1";"6";"29 Avenue du General de Gaulle";"46,7830490";"0,1859010"
"201900052602";"27";"11";"2019";"07:30";"2";"68";"68257";"2";"2";"1";"1";"1 Rue de Moos";"47,5017900";"7,1674580"
"201900052603";"6";"12";"2019";"07:30";"5";"25";"25356";"2";"1";"1";"1";"19 Rue de Saint Hippolyte";"47,2557350";"6,8005830"
"201900052604";"5";"12";"2019";"16:20";"1";"44";"44130";"1";"1";"1";"6";"7 Rue des 3 Moulins";"47,1473130";" -1,5630240"
"201900052605";"5";"12";"2019";"18:50";"3";"44";"44029";"1";"1";"5";"6";"D7";"47,2986200";" -1,3294350"
"201900052606";"6";"12";"2019";"08:15";"1";"29";"29272";"1";"1";"2";"3";"Saint-Yvi";"47,9632960";" -3,9671040"
"201900052607";"5";"12";"2019";"14:10";"1";"29";"29135";"2";"1";"1";"1";"place des anciens combattants";"47,8329096";" -4,1750976"
"201900052608";"6";"12";"2019";"05:25";"3";"70";"70005";"1";"1";"5";"5";"RD 486";"47,5849520";"6,4287630"
"201900052609";"6";"12";"2019";"18:15";"5";"72";"72128";"2";"6";"2";"6";"Rue du Godet";"47,9005650";"0,6304870"
"201900052610";"5";"12";"2019";"19:00";"3";"50";"50147";"1";"1";"1";"2";"D2";"49,0650840";" -1,4539330"
"201900052611";"5";"12";"2019";"19:00";"3";"83";"83025";"1";"1";"1";"3";"Route de Barjols";"43,5327780";"5,9818990"
"201900052612";"5";"12";"2019";"15:00";"1";"45";"45161";"1";"2";"5";"3";"D315 - D115";"48,0672600";"2,8246470"
"201900052613";"2";"12";"2019";"20:50";"3";"64";"64519";"1";"9";"2";"6";"Route de Bordeaux";"43,3654253";" -0,3801926"
"201900052614";"4";"12";"2019";"17:15";"2";"7";"07236";"1";"1";"1";"6";"route de St Victor";"45,0927210";"4,6337520"
"201900052615";"5";"12";"2019";"17:20";"3";"53";"53276";"1";"2";"5";"2";"D32";"48,1455840";" -0,2924630"
"201900052616";"5";"12";"2019";"15:54";"1";"21";"21584";"1";"1";"5";"1";"D906";"47,2559210";"4,2710740"
"201900052617";"5";"12";"2019";"16:50";"2";"52";"52107";"1";"1";"5";"1";"D674";"48,2019910";"5,2657690"
"201900052618";"5";"12";"2019";"17:40";"3";"68";"68375";"2";"3";"1";"3";"D2";"47,8166040";"7,2674740"
"201900052619";"26";"11";"2019";"19:15";"3";"67";"67405";"1";"1";"1";"2";"A35";"48,8380080";"8,0191380"
"201900052620";"5";"12";"2019";"08:30";"1";"987";"98738";"2";"1";"1";"3";"RT1";" -17,6353080";" -149,6088700"
"201900052621";"2";"12";"2019";"15:25";"1";"67";"67343";"2";"9";"1";"7";"5 Allee de l'Euro";"48,6047050";"7,7047290"
"201900052622";"6";"12";"2019";"20:45";"3";"13";"13069";"2";"1";"1";"2";"44 Avenue Jean Moulin";"43,6327270";"5,1428160"
"201900052623";"3";"12";"2019";"18:40";"5";"69";"69244";"2";"1";"1";"5";"4 Allée du Valvert";"45,7669400";"4,7820560"
"201900052624";"6";"12";"2019";"07:15";"2";"1";"01244";"1";"1";"5";"5";"Route de Lyon";"45,8982477";"5,1885282"
"201900052625";"6";"12";"2019";"17:02";"3";"68";"68042";"1";"1";"1";"2";"A35";"47,6125120";"7,5205260"
"201900052626";"5";"12";"2019";"11:06";"1";"64";"64396";"1";"1";"1";"5";"A64";"43,4356545";" -0,6360936"
"201900052627";"5";"12";"2019";"16:25";"1";"6";"06029";"1";"1";"2";"7";"A8";"43,5609210";"6,9681930"
"201900052628";"3";"12";"2019";"07:00";"2";"13";"13086";"1";"1";"1";"3";"A52";"43,3483250";"5,6170960"
"201900052629";"31";"10";"2019";"16:35";"1";"974";"97422";"2";"1";"1";"2";"47 Chemin Mussard";" -21,2247760";"55,5570490"
"201900052630";"5";"12";"2019";"18:00";"2";"978";"97801";"2";"3";"1";"3";"bellevue RN 7";"18,0592450";" -63,0857030"
"201900052631";"4";"12";"2019";"18:50";"3";"45";"45335";"1";"1";"9";"6";"D14";"47,8012230";"2,1553750"
"201900052632";"6";"12";"2019";"05:50";"3";"77";"77003";"1";"1";"5";"6";"D36";"48,2874800";"2,5372800"
"201900052633";"6";"12";"2019";"14:30";"1";"77";"77145";"1";"1";"2";"6";"D57";"48,5864500";"2,7411900"
"201900052634";"6";"12";"2019";"08:50";"1";"91";"91041";"1";"4";"8";"3";"D26";"48,5593410";"2,2275320"
"201900052635";"4";"12";"2019";"17:45";"5";"39";"39389";"2";"1";"1";"6";"1487 Route de Champagnole";"46,7394590";"5,9059370"
"201900052636";"6";"12";"2019";"13:15";"1";"89";"89295";"2";"3";"1";"5";"Allée Fontaine / Rue Terres et Vignes";"47,8179440";"3,5546980"
"201900052637";"5";"12";"2019";"15:40";"1";"42";"42013";"1";"1";"1";"3";"D1089";"45,6500780";"4,3138610"
"201900052638";"5";"12";"2019";"15:45";"1";"38";"38449";"2";"1";"1";"6";"Rue de la Pontière";"45,6371470";"5,1146310"
"201900052639";"3";"12";"2019";"19:45";"5";"38";"38374";"1";"2";"8";"3";"Route des Gravières";"45,6214520";"5,3532150"
"201900052640";"6";"12";"2019";"09:05";"1";"38";"38412";"2";"9";"1";"6";"Rue de la Halle";"45,3870390";"5,7348720"
"201900052641";"27";"11";"2019";"17:10";"5";"7";"07324";"2";"1";"1";"6";"9 Place Carnot";"45,0644540";"4,8358200"
"201900052642";"6";"12";"2019";"02:25";"3";"64";"64315";"1";"1";"1";"3";"Route de Jurançon";"43,2979971";" -0,4190987"
"201900052643";"5";"12";"2019";"08:05";"1";"33";"33052";"2";"3";"1";"3";"30 Route de Paris";"44,9527400";" -0,2320800"
"201900052644";"5";"12";"2019";"05:50";"2";"33";"33312";"2";"3";"1";"3";"127 Rue de Landegrand";"44,9601080";" -0,6278640"
"201900052645";"5";"12";"2019";"12:15";"1";"61";"61076";"1";"1";"1";"7";"Le Logis";"48,5987210";"0,0183140"
"201900052646";"5";"12";"2019";"08:15";"1";"27";"27439";"1";"1";"1";"3";"D52";"49,0817870";"1,1404780"
"201900052647";"5";"12";"2019";"14:30";"1";"60";"60330";"2";"2";"5";"3";"1 Rue Madame";"49,2960396";"2,1595833"
"201900052648";"5";"12";"2019";"07:50";"1";"13";"13215";"1";"1";"1";"3";"A7-Sens Lyon vers Marseille";"43,3842400";"5,3507500"
"201900052649";"5";"12";"2019";"07:00";"3";"13";"13215";"1";"1";"1";"4";"A7-Sens Marseille vers Lyon";"43,3525400";"5,3659700"
"201900052650";"4";"12";"2019";"18:36";"5";"13";"13215";"1";"1";"1";"2";"A7-Sens Lyon vers Marseille";"43,3786640";"5,3552990"
"201900052651";"4";"12";"2019";"13:42";"1";"13";"13055";"1";"1";"1";"1";"A507 sens Marseille - Aubagne";"43,3289170";"5,4155920"
"201900052652";"4";"12";"2019";"10:40";"1";"13";"13026";"1";"1";"1";"7";"A55-Sens Marseille vers Martigues";"43,3902100";"5,1365300"
"201900052653";"5";"12";"2019";"05:10";"5";"69";"69029";"1";"1";"5";"2";"RD383   7.640 A 11.044";"45,7251600";"4,8927900"
"201900052654";"3";"12";"2019";"20:10";"5";"67";"67137";"1";"1";"1";"2";"Route Métropolitaine 1083";"48,4970000";"7,6880000"
"201900052655";"5";"12";"2019";"08:20";"1";"33";"33448";"1";"1";"1";"6";"AUTOROUTE A 62";"44,7224500";" -0,5237500"
"201900052656";"4";"12";"2019";"13:40";"1";"59";"59429";"1";"1";"1";"4";"AUTOROUTE A2";"50,2900000";"3,3600000"
"201900052657";"5";"12";"2019";"17:25";"5";"94";"94037";"1";"1";"1";"2";"AUTOROUTE A6B";"48,8121000";"2,3520000"
"201900052658";"5";"12";"2019";"15:45";"1";"91";"91689";"1";"1";"5";"3";"AUTOROUTE A6B";"48,7437700";"2,3236300"
"201900052659";"5";"12";"2019";"06:00";"5";"94";"94038";"1";"1";"1";"3";"AUTOROUTE A6B";"48,7888000";"2,3441000"
"201900052660";"5";"12";"2019";"05:45";"5";"94";"94038";"1";"1";"5";"3";"AUTOROUTE A6B";"48,7871000";"2,3461000"
"201900052661";"4";"12";"2019";"18:05";"3";"94";"94038";"1";"1";"1";"3";"AUTOROUTE A6A";"48,7775000";"2,3461000"
"201900052662";"4";"12";"2019";"11:10";"1";"78";"78238";"1";"1";"1";"6";"A13";"48,9690910";"1,8663130"
"201900052663";"4";"12";"2019";"05:00";"3";"92";"92036";"1";"1";"1";"3";"A86";"48,9357566";"2,2871856"
"201900052664";"4";"12";"2019";"14:00";"1";"93";"93064";"1";"1";"1";"4";"AUTOROUTE A86";"48,8815400";"2,4744600"
"201900052665";"4";"12";"2019";"13:21";"1";"95";"95154";"1";"1";"1";"2";"AUTOROUTE A1";"49,0397600";"2,5426500"
"201900052666";"4";"12";"2019";"09:00";"1";"93";"93064";"1";"1";"1";"3";"AUTOROUTE A86";"48,8694600";"2,4824100"
"201900052667";"4";"12";"2019";"00:40";"3";"95";"95241";"1";"1";"5";"2";"RN 104";"49,0512700";"2,4292031"
"201900052668";"3";"12";"2019";"19:50";"3";"95";"95641";"1";"1";"1";"6";"AUTOROUTE A1";"49,0748100";"2,5516400"
"201900052669";"3";"12";"2019";"16:50";"2";"95";"95491";"1";"1";"1";"3";"AUTOROUTE A115";"49,0008000";"2,2463100"
"201900052670";"3";"12";"2019";"08:00";"2";"60";"60631";"1";"1";"5";"2";"AUTOROUTE A1";"49,1491800";"2,5817100"
"201900052671";"3";"12";"2019";"08:00";"3";"95";"95018";"1";"1";"1";"3";"AUTOROUTE A15";"48,9505600";"2,2799500"
"201900052672";"5";"12";"2019";"07:45";"1";"94";"94018";"1";"1";"5";"3";"A4";"48,8200000";"2,4034000"
"201900052673";"4";"12";"2019";"21:15";"3";"77";"77058";"1";"1";"1";"7";"A4";"48,8286900";"2,7286300"
"201900052674";"4";"12";"2019";"08:00";"1";"94";"94069";"1";"1";"1";"2";"A4";"48,8172803";"2,4288456"
"201900052675";"3";"12";"2019";"23:00";"5";"94";"94018";"1";"1";"1";"2";"A4";"48,8170000";"2,4169000"
"201900052676";"27";"6";"2019";"01:44";"4";"95";"95428";"2";"9";"1";"2";"GEORGES CLEMENCEAU";"48,9932700";"2,3233000"
"201900052677";"18";"6";"2019";"17:50";"1";"95";"95210";"2";"1";"1";"3";"COUSSAYE (RUE DE LA)";"48,9633653";"2,3062382"
"201900052678";"2";"12";"2019";"08:50";"1";"68";"68376";"2";"1";"1";"3";"PFASTATT (RUE DE)";"47,8034900";"7,3331300"
"201900052679";"3";"12";"2019";"19:10";"5";"68";"68224";"2";"1";"1";"7";"PFASTATT (RUE DE)";"47,7529900";"7,3155600"