"Num_Acc";"jour";"mois";"an";"hrmn";"lum";"dep";"com";"agg";"int";"atm";"col";"adr";"lat";"long"
"201900052680";"9";"10";"2019";"16:20";"1";"62";"62244";"2";"3";"1";"3";"CLIPET (RUE LOUIS)";"50,9229712";"1,8880245"
"201900052681";"27";"11";"2019";"18:15";"5";"54";"54526";"2";"6";"2";"2";"PAIX (AVENUE DE LA)";"48,6846200";"6,2140900"
"201900052682";"3";"12";"2019";"15:30";"1";"45";"45286";"1";"1";"1";"3";"PONT RENE THINAT";"47,8956800";"1,9211700"
"201900052683";"22";"11";"2019";"19:05";"3";"35";"35150";"1";"6";"2";"6";"PILAIS (LA) LIEUX-DITS";"48,3520100";" -1,2299500"
"201900052684";"17";"7";"2019";"01:10";"5";"29";"29019";"2";"1";"1";"3";"FRANCE ANATOLE (DE 1 A 53 ET 2 A 46)";"48,3826425";" -4,5212810"
"201900052685";"22";"11";"2019";"23:05";"5";"22";"22278";"2";"1";"2";"2";"PARIS (DE)";"48,5043600";" -2,7417500"
"201900052686";"27";"11";"2019";"02:50";"3";"974";"97407";"2";"1";"1";"7";"RUE SULLY PRUD'HOMME";" -20,9414900";"55,3108600"
"201900052687";"4";"12";"2019";"18:38";"5";"973";"97302";"2";"1";"1";"6";"BRASSE (LIEUTENANT)";"4,9362086";" -52,3332630"
"201900052688";"1";"12";"2019";"04:31";"3";"972";"97213";"1";"1";"2";"2";"ROUTE NATIONALE 1";"14,6251000";" -60,9827500"
"201900052689";"4";"12";"2019";"19:28";"3";"972";"97209";"2";"1";"2";"1";"RAVINE VILAINE (CHEMIN DEPARTEMENTAL DE)";"14,6272900";" -61,0589600"
"201900052690";"4";"12";"2019";"13:50";"1";"69";"69381";"2";"1";"1";"6";"LOUIS PRADEL                        (PL)";"45,7683600";"4,8364600"
"201900052691";"4";"12";"2019";"07:48";"1";"69";"69382";"2";"1";"1";"6";"BOURSE (DE LA)                      (R )";"45,7652300";"4,8368900"
"201900052692";"3";"12";"2019";"19:15";"5";"69";"69034";"2";"3";"1";"6";"MARC SANGNIER                       (AV)";"45,7986500";"4,8491600"
"201900052693";"28";"11";"2019";"18:15";"3";"2B";"2B033";"2";"1";"6";"2";"11 - RT";"42,6231000";"9,4369900"
"201900052694";"28";"11";"2019";"04:50";"5";"2B";"2B033";"2";"1";"1";"1";"AV DE LA LIBERATION";"42,6838400";"9,4446500"
"201900052695";"4";"12";"2019";"14:30";"1";"2A";"2A004";"2";"1";"1";"3";"CAMPI LOUIS BD";"41,9444495";"8,7562698"
"201900052696";"4";"12";"2019";"18:05";"5";"91";"91421";"2";"3";"1";"2";"MARGUERITE (RUE)";"48,6956500";"2,4635000"
"201900052697";"3";"12";"2019";"23:15";"5";"91";"91223";"2";"1";"1";"7";"SAINT MICHEL (BOULEVARD)";"48,4435500";"2,1707500"
"201900052698";"4";"12";"2019";"18:10";"2";"91";"91114";"2";"1";"1";"6";"BRIE (ROUTE DE)";"48,7071400";"2,5228300"
"201900052699";"4";"12";"2019";"07:30";"2";"91";"91479";"1";"1";"8";"2";"RN7";"48,7300800";"2,3679000"
"201900052700";"4";"12";"2019";"12:30";"1";"91";"91457";"2";"1";"1";"2";"LOGES (ROUTE DES)";"48,5813200";"2,2877200"
"201900052701";"4";"12";"2019";"08:45";"1";"91";"91425";"2";"1";"1";"2";"TEMPLIERS (ROUTE DES)";"48,6473190";"2,2652720"
"201900052702";"4";"12";"2019";"08:00";"1";"91";"91347";"2";"1";"1";"7";"DIVISION LECLERC (AVENUE DE LA)";"48,6572000";"2,2750000"
"201900052703";"3";"12";"2019";"07:00";"5";"91";"91339";"2";"1";"1";"2";"RN 20";"48,6330000";"2,2690000"
"201900052704";"3";"12";"2019";"22:16";"5";"87";"87085";"2";"2";"1";"3";"BELLAC (RUE DE)";"45,8480500";"1,2454500"
"201900052705";"30";"11";"2019";"12:51";"1";"87";"87085";"2";"2";"1";"3";"BORIE (BOULEVARD DE LA)";"45,8350600";"1,2266700"
"201900052706";"4";"12";"2019";"07:00";"1";"86";"86194";"2";"3";"1";"6";"PAIX (AVENUE DE LA)";"46,5893569";"0,3341117"
"201900052707";"4";"12";"2019";"12:15";"1";"83";"83090";"1";"1";"1";"3";"SANARY (ROUTE DE)";"43,1257112";"5,8331130"
"201900052708";"25";"11";"2019";"08:50";"1";"83";"83126";"2";"9";"8";"3";"Rue Francois Ferrandin";"43,1032440";"5,8782120"
"201900052709";"3";"12";"2019";"18:00";"5";"80";"80256";"2";"1";"1";"2";"LOUIS PASTEUR (AVENUE)";"49,9141100";"2,2340400"
"201900052710";"4";"12";"2019";"13:12";"1";"79";"79329";"2";"6";"1";"3";"Rue Jules Renard";"46,9789600";" -0,2001600"
"201900052711";"4";"12";"2019";"18:30";"5";"77";"77243";"2";"1";"1";"6";"SAINT DENIS  (RUE   )";"48,8791000";"2,7121000"
"201900052712";"4";"12";"2019";"14:40";"1";"77";"77014";"2";"1";"1";"6";"D210-VALVINS (AVENUE DE)";"48,4215606";"2,7373244"
"201900052713";"3";"12";"2019";"05:45";"3";"77";"77371";"1";"1";"5";"6";"D25-PARIS (RUE DE)";"48,8232600";"2,9838200"
"201900052714";"3";"12";"2019";"07:45";"2";"76";"76351";"2";"2";"1";"3";"MARECHAL JOFFRE (RUE)";"49,5001100";"0,1299200"
"201900052715";"3";"12";"2019";"16:48";"2";"74";"74133";"2";"1";"1";"7";"ARVE (RUE DE L')";"46,1876890";"6,2196350"
"201900052716";"3";"12";"2019";"19:55";"5";"72";"72181";"2";"1";"1";"6";"ACACIAS (RUE DES)";"47,9959600";"0,2076100"
"201900052717";"3";"12";"2019";"17:35";"5";"72";"72181";"2";"1";"1";"2";"DEMORIEUX PT DE FER AU PT DE CHEM DE FER";"47,9972300";"0,1879900"
"201900052718";"3";"12";"2019";"09:30";"1";"72";"72181";"2";"1";"1";"2";"RHIN ET DANUBE (AV) N° IMP 1 A 269";"48,0207200";"0,1837200"
"201900052719";"26";"11";"2019";"07:10";"5";"71";"71076";"2";"1";"2";"6";"KENNEDY (AVENUE JOHN FITZGERALD)";"46,7963000";"4,8626900"
"201900052720";"3";"12";"2019";"19:45";"5";"69";"69266";"2";"1";"8";"6";"GENAS    (Route de)";"45,7519800";"4,9044400"
"201900052721";"4";"12";"2019";"09:15";"1";"69";"69290";"2";"2";"1";"3";"NUMERO 8 (CITE BERLIET)             (R )";"45,7079100";"4,9025100"
"201900052722";"1";"12";"2019";"19:30";"5";"69";"69266";"2";"1";"1";"6";"CHARLES HERNU       (Place)";"45,7703500";"4,8629400"
"201900052723";"3";"12";"2019";"17:30";"5";"68";"68224";"2";"1";"1";"7";"KATZ (ALLEE NATHAN)";"47,7536000";"7,3482900"
"201900052724";"3";"12";"2019";"14:20";"1";"67";"67482";"2";"1";"1";"6";"POLYGONE (ROUTE DU)";"48,5650300";"7,7600800"
"201900052725";"27";"11";"2019";"07:45";"2";"67";"67462";"2";"6";"8";"3";"NANCY (BOULEVARD DE)";"48,2643369";"7,4589385"
"201900052726";"3";"12";"2019";"11:12";"1";"66";"66136";"2";"1";"1";"3";"JOFFRE (AVENUE DU MARECHAL CD 88)";"42,7184600";"2,8871500"
"201900052727";"4";"12";"2019";"15:55";"2";"59";"59386";"1";"1";"7";"6";"MENIN RUE DE";"50,6766288";"3,0808389"
"201900052728";"3";"12";"2019";"17:35";"5";"59";"59560";"2";"6";"1";"3";"REPUBLIQUE AVENUE DE LA";"50,5541800";"3,0358900"
"201900052729";"2";"12";"2019";"16:05";"1";"57";"57757";"2";"3";"1";"3";"Nations (Avenue)";"49,3641723";"6,2017608"
"201900052730";"30";"11";"2019";"18:58";"5";"56";"56260";"2";"1";"8";"6";"PAIX(BLD DE LA) 41 A 109 ET 52 A 124";"47,6599300";" -2,7525500"
"201900052731";"4";"12";"2019";"18:30";"2";"54";"54257";"2";"1";"1";"4";"Autoroute 330";"48,6388900";"6,1824200"
"201900052732";"4";"12";"2019";"15:35";"1";"54";"54395";"2";"1";"1";"7";"COMMANDERIE (RUE/PLACE DE LA)";"48,6861000";"6,1673000"
"201900052733";"4";"12";"2019";"19:15";"5";"51";"51454";"2";"1";"1";"3";"BOULEVARD DE LA PAIX";"49,2532147";"4,0411352"
"201900052734";"3";"12";"2019";"18:20";"5";"51";"51454";"2";"1";"5";"4";"RUE HENRI MIDOL";"49,2637044";"4,0070384"
"201900052735";"3";"12";"2019";"01:20";"3";"50";"50203";"1";"1";"1";"6";"TOULORGE LEFEVRE (RUE)";"49,6241400";" -1,6094500"
"201900052736";"27";"11";"2019";"10:15";"1";"50";"50129";"2";"1";"2";"6";"HOPITAL (AVENUE DE)";"49,6349800";" -1,6139600"
"201900052737";"4";"12";"2019";"17:45";"5";"45";"45232";"2";"1";"1";"2";"RUE MARCEL BELOT";"47,8405300";"1,9139900"
"201900052738";"4";"12";"2019";"11:00";"1";"41";"41269";"2";"2";"1";"6";"JAURES (RUE JEAN)";"47,7984500";"1,0665600"
"201900052739";"12";"10";"2019";"11:50";"1";"38";"38053";"2";"1";"1";"7";"LAMARCK";"45,6107700";"5,2636000"
"201900052740";"4";"12";"2019";"16:45";"1";"37";"37122";"2";"1";"1";"1";"SAINT LEGER (RUE DE)";"47,3430396";"0,6509429"
"201900052741";"4";"12";"2019";"17:00";"5";"35";"35238";"2";"9";"1";"6";"MAGINOT (AVENUE SERGENT)";"48,1099800";" -1,6566800"
"201900052742";"4";"12";"2019";"10:00";"1";"34";"34172";"2";"2";"1";"3";"CROVA (RUE)";"43,6212900";"3,8672300"
"201900052743";"2";"12";"2019";"15:00";"1";"34";"34032";"2";"1";"1";"6";"FRANCO JEAN (RUE)";"43,3367200";"3,2511300"
"201900052744";"23";"11";"2019";"18:20";"2";"34";"34073";"1";"9";"1";"1";"ROUTE D'AGDE (RD612)";"43,3143100";"3,3178500"
"201900052745";"28";"11";"2019";"12:20";"1";"33";"33063";"2";"2";"1";"3";"RUE CAPDEVILLE";"44,8441700";" -0,5889100"
"201900052746";"3";"12";"2019";"18:15";"3";"33";"33162";"1";"1";"1";"3";"AVE DU TAILLAN-MEDOC";"44,8952800";" -0,6692500"
"201900052747";"26";"11";"2019";"14:20";"1";"33";"33281";"2";"1";"1";"1";"RUE JACQUES PREVERT";"44,8471300";" -0,6675500"
"201900052748";"13";"11";"2019";"15:00";"1";"33";"33032";"2";"1";"1";"6";"RUE PAUL BERT";"44,9003000";" -0,5154700"
"201900052749";"3";"12";"2019";"22:50";"5";"33";"33063";"2";"3";"1";"6";"FAURE (RUE LUCIEN)";"44,8676900";" -0,5637800"
"201900052750";"3";"12";"2019";"18:50";"5";"33";"33318";"2";"1";"1";"6";"MADRAN (AVE DE)";"44,8051200";" -0,6579500"
"201900052751";"3";"12";"2019";"18:20";"5";"33";"33529";"2";"3";"1";"3";"R.VICTOR HUGO / R.GENERAL GALLIENI";"44,6322300";" -1,1497900"
"201900052752";"1";"5";"2019";"17:30";"1";"3";"03018";"1";"1";"1";"6";"Les Edelins";"46,2503967";"3,2667381"
"201900052753";"12";"5";"2019";"19:10";"1";"3";"03291";"1";"1";"1";"6";"La Bamboche";"46,3336560";"3,5806080"
"201900052754";"8";"5";"2019";"13:05";"1";"3";"03118";"1";"1";"3";"1";"route d'Ébreuil";"46,1078138";"3,1371669"
"201900052755";"22";"5";"2019";"17:50";"1";"3";"03264";"1";"1";"1";"1";"N/A";"46,0380434";"3,4750153"
"201900052756";"16";"5";"2019";"10:56";"1";"3";"03082";"2";"1";"1";"6";"2 rue Jean Jaurès";"46,2892568";"2,7421401"
"201900052757";"22";"5";"2019";"08:00";"1";"3";"03168";"2";"3";"1";"3";"2 route de Paris";"46,5977370";"2,6132673"
"201900052758";"30";"5";"2019";"13:00";"1";"3";"03111";"1";"1";"1";"6";"N/A";"46,4162398";"2,6120413"
"201900052759";"31";"5";"2019";"19:00";"1";"3";"03292";"1";"1";"1";"7";"Montazeaud";"46,4169599";"3,0561492"
"201900052760";"15";"5";"2019";"10:30";"1";"3";"03025";"1";"1";"1";"7";"N/A";"46,4277744";"3,3806200"
"201900052761";"12";"5";"2019";"16:00";"1";"15";"15151";"1";"1";"6";"6";"RN 122 pr 124+500";"45,1987280";"3,0859410"
"201900052762";"22";"5";"2019";"21:00";"2";"15";"15187";"2";"1";"1";"7";"Route de Neussargues";"45,0480330";"3,0829870"
"201900052763";"10";"5";"2019";"13:30";"1";"15";"15168";"1";"4";"3";"1";"RD 4";"45,0066530";"3,2100760"
"201900052764";"15";"5";"2019";"19:50";"1";"15";"15164";"1";"1";"1";"1";"RD 926 Mons";"45,0526340";"3,0145650"
"201900052765";"1";"5";"2019";"20:15";"1";"15";"15054";"1";"1";"1";"7";"Féniers";"45,3296120";"2,7716440"
"201900052766";"30";"5";"2019";"17:20";"1";"15";"15181";"1";"1";"1";"3";"Le Pechaire (Saint-Constant)";"44,6936680";"2,2202070"
"201900052767";"26";"5";"2019";"16:45";"1";"15";"15157";"1";"1";"1";"5";"Route nationale 122, plateau de quezac";"44,7475050";"2,1945540"
"201900052768";"24";"5";"2019";"14:50";"1";"15";"15267";"1";"2";"1";"6";"route départementale RD18";"44,9226500";"2,4001710"
"201900052769";"2";"5";"2019";"18:35";"1";"1";"01295";"1";"2";"1";"2";"D933";"46,1358220";"4,8022450"
"201900052770";"30";"5";"2019";"08:20";"1";"1";"01068";"1";"4";"1";"3";"RD 1084";"46,0756070";"5,4728710"
"201900052771";"12";"5";"2019";"03:45";"3";"1";"01199";"1";"1";"1";"6";"RD 36";"46,0513750";"5,3884000"
"201900052772";"25";"5";"2019";"21:00";"2";"1";"01267";"2";"1";"2";"6";"Route du Moulin RD11";"46,1895470";"5,5246780"
"201900052773";"30";"5";"2019";"15:50";"1";"1";"01010";"1";"1";"1";"7";"route du grand colombier";"45,8882330";"5,7806550"
"201900052774";"20";"5";"2019";"16:00";"1";"1";"01452";"1";"1";"2";"1";"route de thezillieu";"45,8481950";"5,6431750"
"201900052775";"3";"5";"2019";"19:35";"1";"1";"01407";"1";"1";"1";"7";"quai de la gare d'eau";"45,9468680";"5,8319950"
"201900052776";"31";"5";"2019";"00:00";"4";"1";"01159";"2";"2";"1";"1";"intersection grande rue et route de brux";"46,3400720";"4,8931450"
"201900052777";"28";"5";"2019";"18:04";"1";"1";"01305";"2";"2";"1";"6";"Rue Maréchal de Lattre de Tassigny";"46,4325790";"4,9375970"
"201900052778";"10";"5";"2019";"09:44";"1";"85";"85067";"1";"1";"8";"5";"LE PUY VISET";"46,6818200";" -0,7959500"
"201900052779";"24";"5";"2019";"17:30";"1";"70";"70311";"2";"1";"1";"6";"Rue Jules Jeanneney";"47,8144400";"6,3812430"
"201900052780";"23";"5";"2019";"16:10";"1";"70";"70413";"1";"1";"1";"3";"Rue Brosset, CD 4";"47,7049920";"6,7216970"
"201900052781";"17";"5";"2019";"18:45";"1";"70";"70063";"1";"4";"2";"1";"route de servance";"47,7743540";"6,6203520"
"201900052782";"11";"5";"2019";"19:40";"2";"70";"70104";"1";"1";"8";"6";"RD 474";"47,4244190";"5,8380890"
"201900052783";"6";"5";"2019";"00:15";"3";"70";"70122";"1";"1";"1";"1";"MONTVAUDON";"47,6693890";"5,4178080"
"201900052784";"16";"5";"2019";"07:40";"1";"70";"70381";"1";"1";"1";"1";"D77";"47,5788170";"6,1936480"
"201900052785";"4";"5";"2019";"06:00";"2";"26";"26086";"1";"1";"1";"6";"RD 539";"44,6938350";"5,4830220"
"201900052786";"2";"5";"2019";"21:20";"3";"26";"26299";"1";"1";"8";"6";"ROUTE DE DIE";"44,7627750";"5,3018050"
"201900052787";"7";"5";"2019";"15:15";"1";"26";"26011";"1";"1";"1";"3";"RD 93 - PK 21+200";"44,7148890";"5,0685190"
"201900052788";"23";"5";"2019";"11:25";"1";"26";"26006";"2";"1";"7";"6";"Montée de Laye";"44,7646810";"4,9159220"
"201900052789";"2";"5";"2019";"01:15";"5";"26";"26165";"2";"1";"1";"1";"Avenue Joseph Combier";"44,7701100";"4,8415690"
"201900052790";"24";"4";"2019";"18:00";"1";"58";"58032";"1";"1";"7";"6";"Route d'Etais";"47,4825870";"3,3956420"
"201900052791";"22";"5";"2019";"21:15";"2";"58";"58164";"1";"1";"1";"6";"d907";"47,2122700";"3,0075360"
"201900052792";"18";"5";"2019";"05:55";"2";"58";"58188";"2";"1";"1";"6";"Route de Vézelay";"47,2561050";"3,1870100"
"201900052793";"17";"5";"2019";"10:00";"1";"58";"58264";"1";"1";"8";"6";"RN 7 - PR 93+800";"46,7879790";"3,1261330"
"201900052794";"15";"5";"2019";"16:10";"1";"58";"58060";"1";"1";"1";"6";"Route de Geneve";"46,7852980";"3,6085890"
"201900052795";"14";"5";"2019";"20:00";"1";"58";"58151";"2";"1";"1";"3";"Rue Louis-Henri Roblin";"46,8899560";"3,4686410"
"201900052796";"17";"5";"2019";"20:30";"2";"66";"66105";"1";"1";"8";"7";"cd 118 - PR 11+145";"42,5845200";"2,1159460"
"201900052797";"12";"5";"2019";"10:25";"1";"66";"66192";"1";"1";"1";"7";"Route Nationale 116";"42,5073580";"2,1308700"
"201900052798";"26";"5";"2019";"19:50";"1";"66";"66196";"2";"9";"1";"6";"21 Avenue de la Vallée Heureuse";"42,5281190";"2,9509460"
"201900052799";"14";"5";"2019";"17:30";"1";"66";"66049";"1";"1";"1";"4";"D115";"42,5004840";"2,7548500"
"201900052800";"9";"4";"2019";"15:25";"1";"54";"54055";"1";"1";"1";"3";"Moulin d'Ecorse";"49,0156880";"6,0005890"
"201900052801";"30";"5";"2019";"13:30";"1";"72";"72132";"2";"3";"1";"3";"Avenue du Général de Gaulle";"48,1801160";"0,6522260"
"201900052802";"19";"5";"2019";"07:10";"2";"72";"72080";"1";"6";"5";"7";"La Bretonniere";"48,1966580";"0,6677480"
"201900052803";"15";"5";"2019";"08:25";"1";"72";"72180";"2";"1";"7";"6";"Rue du Docteur Godard";"48,3515640";"0,3638170"
"201900052804";"23";"5";"2019";"18:40";"1";"72";"72239";"1";"1";"1";"3";"Les grandes barres";"47,9144490";" -0,2923830"
"201900052805";"18";"5";"2019";"02:45";"3";"72";"72223";"1";"1";"2";"6";"départementale 35";"47,8614680";" -0,0867750"
"201900052806";"13";"5";"2019";"09:27";"1";"72";"72134";"1";"1";"1";"7";"Lieu-dit ""bertre""";"47,7277540";"0,4505260"
"201900052807";"19";"5";"2019";"16:50";"1";"72";"72320";"1";"1";"1";"5";"D338";"48,0564450";"0,1727330"
"201900052808";"20";"5";"2019";"12:00";"1";"72";"72122";"1";"1";"1";"4";"RD323";"48,0667580";"0,5189980"
"201900052809";"19";"3";"2019";"18:10";"1";"72";"72129";"1";"9";"1";"3";"la maladrie";"48,0385730";"0,3457270"
"201900052810";"30";"5";"2019";"10:15";"1";"72";"72381";"1";"1";"1";"7";"lieu dit les courterus";"47,9384470";"0,1123740"
"201900052811";"25";"5";"2019";"18:35";"1";"72";"72004";"1";"1";"1";"3";"D21";"48,0528250";" -0,0692530"
"201900052812";"19";"5";"2019";"17:10";"1";"72";"72166";"2";"1";"1";"3";"D357";"48,0209800";" -0,0817540"
"201900052813";"15";"5";"2019";"11:30";"1";"72";"72346";"1";"6";"1";"3";"D23";"47,8906560";"0,0431730"
"201900052814";"9";"5";"2019";"16:00";"1";"72";"72278";"1";"1";"1";"6";"bresteau";"48,0177940";" -0,2887350"
"201900052815";"31";"5";"2019";"00:00";"5";"6";"06032";"2";"3";"1";"3";"M6007";"43,7247400";"7,3920530"
"201900052816";"12";"5";"2019";"21:24";"5";"6";"06150";"2";"1";"1";"6";"avenue du général de Gaulle";"43,7454532";"7,3999779"
"201900052817";"8";"5";"2019";"07:45";"1";"6";"06150";"1";"3";"1";"3";"route de cap d'ail";"43,7361910";"7,3966423"
"201900052818";"12";"5";"2019";"18:21";"1";"6";"06023";"1";"1";"1";"7";"RD 6204 PK 03+200 (Pont de Piene)";"43,9215710";"7,5189800"
"201900052819";"23";"3";"2019";"15:20";"1";"6";"06023";"1";"4";"1";"3";"PK 3+000 RD6204";"43,9084629";"7,5248804"
"201900052820";"13";"5";"2019";"19:25";"1";"6";"06067";"1";"4";"1";"3";"Route de Menton";"43,7856140";"7,4507880"
"201900052821";"25";"5";"2019";"15:20";"1";"6";"06068";"1";"1";"1";"7";"Route départementale 03";"43,7175910";"6,9717460"
"201900052822";"13";"5";"2019";"14:05";"1";"6";"06112";"2";"9";"1";"3";"route départementale 2085";"43,6742460";"7,0056260"
"201900052823";"11";"5";"2019";"08:20";"1";"6";"06112";"2";"1";"1";"3";"chemin des princes";"43,6731230";"7,0065780"
"201900052824";"10";"5";"2019";"13:45";"1";"6";"06089";"1";"1";"1";"5";"Route de Cannes";"43,6577482";"6,9987153"
"201900052825";"3";"5";"2019";"05:30";"3";"6";"06105";"1";"1";"1";"6";"Route de la Colle-Sur-Loup";"43,6879398";"7,0697964"
"201900052826";"12";"5";"2019";"07:00";"1";"6";"06079";"2";"1";"1";"7";"Avenue de Beausite";"43,5523408";"6,9347291"
"201900052827";"4";"5";"2019";"12:20";"1";"6";"06138";"2";"1";"1";"3";"Boulevard de la Corniche d'Or";"43,5047420";"6,9487580"
"201900052828";"12";"5";"2019";"12:00";"1";"14";"14431";"1";"1";"1";"6";"Route de Caen Vieux Fume (Mézidon-Canon)";"49,0748860";" -0,1362570"
"201900052829";"26";"5";"2019";"17:45";"1";"14";"14303";"1";"1";"1";"5";"RD613";"49,1448800";"0,2832210"
"201900052830";"13";"5";"2019";"07:10";"1";"14";"14740";"1";"3";"1";"3";"RD 4 pk 00+100";"49,0302650";"0,4272880"
"201900052831";"31";"5";"2019";"15:30";"1";"14";"14473";"1";"1";"1";"1";"D613";"49,1147130";"0,0399860"
"201900052832";"30";"5";"2019";"18:00";"1";"14";"14731";"1";"1";"1";"2";"617 la cour notre dame";"49,3188710";"0,0562320"
"201900052833";"21";"5";"2019";"12:35";"1";"14";"14398";"1";"1";"1";"6";"Chemin de Repinville";"49,1845600";"0,1740670"
"201900052834";"26";"5";"2019";"10:00";"1";"14";"14055";"1";"1";"1";"2";"D58";"49,2622330";"0,1071330"
"201900052835";"25";"5";"2019";"15:10";"1";"14";"14269";"1";"9";"1";"2";"Route de Blangy-Le-Château";"49,2490030";"0,2334400"
"201900052836";"22";"5";"2019";"04:45";"3";"14";"14086";"1";"1";"5";"2";"Route de Deauville, RD 677";"49,3372288";"0,1058101"
"201900052837";"19";"5";"2019";"17:30";"1";"14";"14492";"1";"1";"8";"6";"RD62";"49,4063090";"0,1771870"
"201900052838";"2";"5";"2019";"07:20";"1";"14";"14399";"1";"1";"1";"7";"CD 579";"49,2739600";"0,2165080"
"201900052839";"31";"5";"2019";"19:00";"1";"14";"14026";"2";"3";"1";"3";"Rue du Moutier";"49,2107860";" -0,5933060"
"201900052840";"31";"5";"2019";"16:45";"1";"14";"14692";"2";"1";"1";"6";"Rue Jean de la Varende";"49,1775040";" -0,6208790"
"201900052841";"2";"5";"2019";"15:15";"1";"14";"14342";"1";"2";"2";"3";"RUPALLEY";"49,3028890";" -1,1124440"
"201900052842";"30";"5";"2019";"02:15";"3";"50";"50481";"1";"1";"2";"6";" -";"49,2390520";" -1,6196290"
"201900052843";"30";"3";"2019";"18:30";"1";"50";"50215";"2";"9";"1";"3";"Rue du Nord";"49,0974270";" -1,5838380"
"201900052844";"8";"5";"2019";"16:20";"1";"50";"50610";"1";"1";"1";"7";"Route des Maurouards";"49,4443520";" -1,4452420"
"201900052845";"24";"5";"2019";"16:25";"1";"50";"50402";"2";"1";"1";"7";"Route de Flamanville";"49,5128200";" -1,8094660"
"201900052846";"11";"5";"2019";"15:00";"1";"50";"50579";"1";"1";"1";"1";"RD50";"49,5234490";" -1,5908970"
"201900052847";"8";"5";"2019";"19:30";"1";"50";"50087";"1";"1";"1";"1";"RD 56";"49,5595250";" -1,6370740"
"201900052848";"5";"5";"2019";"18:05";"1";"50";"50142";"1";"1";"1";"3";"116";"49,6933640";" -1,3696140"
"201900052849";"31";"5";"2019";"07:55";"1";"50";"50456";"1";"1";"1";"1";"La Métairie";"48,6540980";" -0,8826420"
"201900052850";"20";"5";"2019";"12:45";"1";"50";"50628";"1";"1";"1";"6";"les tabouries";"48,7149070";" -1,2250170"
"201900052851";"20";"5";"2019";"16:00";"1";"90";"90057";"1";"1";"8";"6";"Route Départementale 13";"47,7169710";"6,8104460"
"201900052852";"11";"5";"2019";"16:30";"1";"90";"90086";"2";"1";"2";"6";"50 BIS Rue des Vosges";"47,7198380";"6,9696840"
"201900052853";"1";"5";"2019";"17:00";"1";"90";"90065";"1";"1";"1";"1";"Route départementale 465";"47,8108310";"6,8393070"
"201900052854";"26";"5";"2019";"14:15";"1";"90";"90042";"2";"1";"1";"1";"33 Rue de la Forêt";"47,6577380";"6,7838680"
"201900052855";"20";"3";"2019";"12:50";"1";"90";"90012";"1";"1";"1";"6";"RD 419";"47,6501440";"6,9433980"
"201900052856";"13";"5";"2019";"16:50";"1";"83";"83082";"1";"1";"1";"1";"RD955 - PR 032+200";"43,6053990";"6,4797400"
"201900052857";"23";"3";"2019";"16:40";"1";"83";"83056";"1";"1";"1";"4";"N/A";"43,5645600";"6,5087080"
"201900052858";"26";"5";"2019";"12:30";"1";"83";"83122";"1";"1";"1";"1";"D957";"43,7382620";"6,2219680"
"201900052859";"12";"5";"2019";"21:40";"3";"9";"09324";"1";"1";"1";"7";"Laborie";"43,0633040";"1,6341230"
"201900052860";"24";"5";"2019";"17:20";"1";"60";"60509";"2";"2";"1";"2";"rue Goerges Decroze";"49,3014808";"2,6044301"
"201900052861";"15";"5";"2019";"10:55";"1";"60";"60667";"2";"1";"1";"6";"Rue saint pierre";"49,3104700";"2,7301253"
"201900052862";"25";"5";"2019";"06:55";"2";"60";"60119";"2";"1";"1";"6";"Rue séverine";"49,5043446";"2,9187914"
"201900052863";"7";"5";"2019";"09:00";"1";"60";"60368";"2";"1";"1";"3";"Rue des Efaloises";"49,4704531";"2,8707761"
"201900052864";"14";"5";"2019";"18:15";"1";"60";"60465";"1";"1";"1";"1";"D 34";"49,5503270";"2,2158146"
"201900052865";"29";"5";"2019";"15:45";"1";"60";"60086";"1";"1";"1";"3";"D603";"49,1801788";"2,3628299"
"201900052866";"15";"5";"2019";"17:40";"1";"60";"60513";"2";"2";"1";"1";"Sente de Sorel";"49,2101106";"2,3782787"
"201900052867";"25";"5";"2019";"16:00";"1";"60";"60029";"2";"1";"1";"7";"Route de Beauvais";"49,3753130";"1,9908800"
"201900052868";"1";"5";"2019";"09:30";"1";"60";"60235";"1";"1";"1";"7";"Rue de la Tremblée";"49,3426332";"1,8316849"
"201900052869";"5";"5";"2019";"16:00";"1";"45";"45095";"2";"3";"1";"3";"GRANDE RUE - RUE DE LA GARE";"48,0737511";"2,1365290"
"201900052870";"27";"5";"2019";"12:25";"1";"45";"45272";"2";"2";"2";"3";"RUE DE LA GARE-RUE DES IRIS";"47,8275710";"1,9646410"
"201900052871";"8";"5";"2019";"13:50";"1";"45";"45182";"1";"1";"2";"7";"RD 19 - PK 18+800";"47,6723720";"1,7816780"
"201900052872";"16";"5";"2019";"18:00";"1";"45";"45067";"2";"3";"7";"6";"R DE LA GROUE - R DE LA GALINIERE";"47,8859412";"1,7777645"
"201900052873";"1";"5";"2019";"09:50";"1";"64";"64437";"1";"1";"1";"3";"RD933";"43,2416108";" -1,0800819"