"Num_Acc";"jour";"mois";"an";"hrmn";"lum";"dep";"com";"agg";"int";"atm";"col";"adr";"lat";"long"
"201900052874";"14";"5";"2019";"08:00";"1";"64";"64484";"2";"1";"1";"1";"D2933";"43,1662482";" -1,1878630"
"201900052875";"3";"5";"2019";"19:15";"1";"64";"64066";"1";"1";"2";"1";"D 918 - PK 58+100";"43,1900776";" -1,2531242"
"201900052876";"1";"5";"2019";"15:15";"1";"64";"64047";"1";"1";"1";"7";"D933";"43,1084950";" -1,2814440"
"201900052877";"10";"5";"2019";"10:30";"1";"64";"64537";"2";"9";"1";"6";"parking";"43,1328097";" -0,8767003"
"201900052878";"1";"5";"2019";"13:40";"1";"64";"64038";"2";"3";"1";"3";"Départementale 3";"43,4405939";" -1,5189248"
"201900052879";"14";"5";"2019";"11:00";"1";"64";"64495";"2";"3";"1";"3";"Quartier Ibarron";"43,3561790";" -1,5668780"
"201900052880";"3";"5";"2019";"14:00";"1";"64";"64495";"2";"7";"8";"7";"Parking de la poste";"43,3559950";" -1,5517520"
"201900052881";"26";"5";"2019";"09:45";"1";"64";"64256";"1";"1";"2";"6";"Route départementale 10 (D10)";"43,3822287";" -1,3276239"
"201900052882";"24";"5";"2019";"15:30";"1";"64";"64256";"1";"1";"8";"1";"D22 PK 025.500";"43,3812446";" -1,2918957"
"201900052883";"24";"5";"2019";"15:45";"1";"64";"64191";"2";"9";"3";"1";"27 avenue de la gare";"43,1776920";" -0,2390066"
"201900052884";"30";"5";"2019";"11:30";"1";"64";"64331";"2";"5";"1";"6";"rue joseph peyre";"43,4524612";" -0,1097947"
"201900052885";"29";"5";"2019";"18:15";"1";"64";"64503";"1";"1";"1";"7";"RD295";"43,4419200";" -0,1175823"
"201900052886";"24";"5";"2019";"23:00";"3";"64";"64405";"1";"1";"3";"1";"AVENUE DE LA RESISTANCE";"43,3306661";" -0,2830274"
"201900052887";"22";"5";"2019";"17:00";"1";"64";"64518";"2";"3";"1";"2";"d 38";"43,3089056";" -0,2755216"
"201900052888";"9";"5";"2019";"22:10";"3";"73";"73007";"1";"1";"2";"6";"D1006";"45,5595196";"6,2790864"
"201900052889";"1";"5";"2019";"17:30";"1";"73";"73067";"2";"1";"1";"2";"D76 Route de la Pontière";"45,3660101";"6,2977117"
"201900052890";"30";"5";"2019";"13:15";"1";"73";"73312";"1";"1";"1";"1";"D201C";"45,6558529";"6,3119235"
"201900052891";"28";"5";"2019";"18:35";"1";"73";"73124";"2";"1";"2";"2";"232 Avenue Georges Pompidou";"45,6553001";"6,3592999"
"201900052892";"5";"5";"2019";"17:30";"1";"73";"73114";"1";"1";"1";"7";"D1212";"45,8290156";"6,5497854"
"201900052893";"14";"4";"2019";"11:10";"1";"73";"73151";"1";"2";"1";"3";"rd1006";"45,5073092";"6,0236289"
"201900052894";"1";"5";"2019";"15:15";"1";"73";"73103";"2";"2";"1";"3";"Route de Serarges";"45,6548225";"5,9394113"
"201900052895";"31";"5";"2019";"12:00";"1";"18";"18037";"1";"1";"7";"2";"D24E";"47,5550590";"2,1833880"
"201900052896";"10";"5";"2019";"16:45";"1";"18";"18147";"1";"1";"8";"1";"RD 924";"47,4431580";"2,2487270"
"201900052897";"4";"5";"2019";"16:20";"1";"18";"18149";"1";"1";"1";"6";"RD940, PR 75+500";"47,2836290";"2,4281560"
"201900052898";"11";"5";"2019";"16:30";"1";"18";"18195";"1";"3";"1";"3";"rd2076";"46,8593940";"2,8263040"
"201900052899";"14";"5";"2019";"22:00";"3";"18";"18248";"1";"1";"1";"6";"rue des vignes";"46,9289940";"2,4391530"
"201900052900";"30";"5";"2019";"15:30";"1";"18";"18038";"1";"1";"1";"1";"Rd 35";"46,7955670";"2,4083080"
"201900052901";"18";"5";"2019";"01:00";"5";"18";"18052";"2";"1";"1";"6";"76 Rue Nationale";"46,7297890";"2,6407590"
"201900052902";"26";"5";"2019";"17:40";"1";"18";"18115";"1";"1";"1";"7";"La Retraite";"47,3005990";"2,4836030"
"201900052903";"20";"5";"2019";"02:00";"3";"18";"18003";"1";"1";"1";"2";"Les Poirioux";"47,1819430";"2,5451440"
"201900052904";"27";"5";"2019";"07:45";"1";"18";"18224";"1";"1";"1";"6";"route départementale 920";"47,1663410";"2,9227180"
"201900052905";"28";"5";"2019";"13:50";"1";"43";"43244";"2";"3";"1";"1";"route de Saint Agrève";"45,1088649";"4,2957241"
"201900052906";"18";"5";"2019";"21:00";"3";"43";"43172";"1";"1";"3";"6";"gambonnet";"45,1183250";"4,4381010"
"201900052907";"29";"5";"2019";"15:25";"1";"43";"43058";"1";"1";"1";"3";"D471";"45,3345840";"4,2065000"
"201900052908";"14";"5";"2019";"12:00";"1";"43";"43025";"1";"1";"1";"4";"RD 42 - PR 14+000";"45,2730960";"4,1126740"
"201900052909";"2";"5";"2019";"06:45";"1";"43";"43239";"2";"1";"1";"3";"Pre Deginliou";"45,0929200";"3,6261840"
"201900052910";"30";"4";"2019";"16:50";"1";"43";"43234";"1";"1";"1";"6";"la ginguette";"44,9597700";"3,5465710"
"201900052911";"14";"5";"2019";"00:45";"3";"43";"43005";"1";"1";"1";"7";"Départementale 33";"44,9153380";"3,6850430"
"201900052912";"2";"5";"2019";"10:20";"1";"43";"43154";"1";"1";"1";"5";"Route Nationale n°88- P 98+800";"44,7694320";"3,8821810"
"201900052913";"12";"5";"2019";"14:25";"1";"10";"10295";"2";"1";"1";"7";"grande rue";"48,0710010";"4,3709130"
"201900052914";"25";"5";"2019";"16:15";"1";"10";"10401";"2";"1";"1";"6";"39 grande rue";"48,2381410";"4,4668610"
"201900052915";"26";"5";"2019";"19:00";"1";"10";"10209";"1";"2";"1";"3";"D 1F";"48,2539560";"4,2665220"
"201900052916";"12";"5";"2019";"16:15";"1";"10";"10165";"1";"9";"1";"2";"RD1";"48,3028860";"4,3114580"
"201900052917";"23";"5";"2019";"21:28";"2";"10";"10080";"1";"1";"1";"6";"rd 444";"48,0632590";"4,1418350"
"201900052918";"15";"5";"2019";"08:20";"1";"10";"10140";"2";"2";"1";"3";"Rue Saint-Antoine";"48,0422170";"3,9077420"
"201900052919";"11";"5";"2019";"15:15";"1";"10";"10147";"1";"9";"1";"3";"rn 77";"48,1304980";"4,0210170"
"201900052920";"6";"5";"2019";"12:05";"1";"10";"10196";"1";"1";"1";"1";"RD 82";"47,9500000";"3,9600000"
"201900052921";"2";"5";"2019";"00:30";"3";"10";"10278";"2";"1";"1";"6";"5 Rue des Courots";"48,0348800";"4,1989220"
"201900052922";"4";"5";"2019";"04:15";"3";"36";"36056";"1";"1";"1";"7";"ROUTE DES CACOTS";"46,5375530";"1,7411870"
"201900052923";"26";"5";"2019";"04:45";"4";"36";"36189";"2";"1";"1";"6";"RUE JEAN TRAVERSAT";"46,5308200";"1,8697708"
"201900052924";"29";"5";"2019";"20:40";"1";"36";"36199";"1";"1";"1";"7";"Route d'Issoudun";"46,9870770";"2,0057390"
"201900052925";"10";"6";"2019";"04:15";"5";"26";"26362";"2";"2";"1";"6";"PROVENCE AVENUE DE";"44,9290700";"4,8829800"
"201900052926";"7";"6";"2019";"18:10";"1";"26";"26058";"2";"3";"1";"2";"SALENGRO RUE ROGER";"44,9446000";"4,9025000"
"201900052927";"6";"6";"2019";"12:27";"1";"26";"26058";"2";"9";"1";"6";"JAURES AVENUE JEAN";"44,9377600";"4,8964400"
"201900052928";"18";"6";"2019";"20:34";"1";"26";"26281";"2";"1";"1";"3";"VINAY LOUIS (RUE)";"45,0495500";"5,0752400"
"201900052929";"5";"6";"2019";"14:10";"1";"26";"26281";"2";"1";"1";"2";"SAILLANT LOUIS (AVENUE)";"45,0453100";"5,0336200"
"201900052930";"7";"6";"2019";"14:40";"1";"26";"26198";"2";"1";"1";"6";"DE GAULLE (Boulevard Général)";"44,5583000";"4,7470600"
"201900052931";"7";"6";"2019";"13:35";"1";"26";"26198";"1";"1";"1";"4";"GOURNIER (Avenue de)";"44,5313710";"4,7452620"
"201900052932";"15";"6";"2019";"11:50";"2";"25";"25462";"2";"1";"1";"6";"Bd Churchill";"46,9000850";"6,3611160"
"201900052933";"8";"6";"2019";"11:12";"1";"25";"25462";"2";"1";"1";"6";"MOULIN VIEUX";"46,9059400";"6,3550100"
"201900052934";"17";"6";"2019";"12:20";"1";"25";"25388";"2";"2";"1";"3";"CHAMP DU CERF (RUE DU)";"47,4976400";"6,8122700"
"201900052935";"12";"6";"2019";"09:20";"1";"70";"70285";"2";"7";"1";"6";"LÉON JOUHAUX(AVENUE)";"47,5790150";"6,7642570"
"201900052936";"14";"6";"2019";"10:43";"1";"25";"25056";"2";"1";"2";"6";"ALLENDE  BOULEVARD SALVADOR";"47,2204700";"5,9780700"
"201900052937";"12";"6";"2019";"20:36";"2";"25";"25056";"2";"2";"1";"6";"Bd Churchill";"47,2509290";"6,0092260"
"201900052938";"10";"6";"2019";"19:20";"1";"25";"25056";"2";"4";"2";"3";"FAMILLE RUE DE LA";"47,2558700";"6,0333600"
"201900052939";"6";"6";"2019";"17:14";"1";"25";"25056";"2";"1";"1";"4";"CLEMENCEAU AVENUE G.";"47,2366390";"6,0012760"
"201900052940";"31";"5";"2019";"18:20";"1";"25";"25056";"2";"1";"1";"3";"MOURAS RUE DOCTEUR";"47,2265400";"5,9847700"
"201900052941";"31";"5";"2019";"14:00";"1";"25";"25056";"2";"2";"1";"3";"EDISON RUE THOMAS";"47,2355000";"5,9823700"
"201900052942";"6";"6";"2019";"17:40";"1";"24";"24037";"2";"1";"1";"4";"RD 936 E1";"44,8265500";"0,4863800"
"201900052943";"16";"6";"2019";"15:45";"1";"22";"22106";"2";"1";"1";"6";"BREST (RUE DE)";"48,4950687";" -2,7163031"
"201900052944";"7";"6";"2019";"09:05";"1";"22";"22278";"1";"1";"7";"4";"RN12";"48,5096857";" -2,7390209"
"201900052945";"4";"6";"2019";"12:20";"1";"22";"22187";"2";"1";"1";"2";"RN 9012";"48,5443800";" -2,7717800"
"201900052946";"25";"5";"2019";"19:00";"1";"22";"22278";"2";"1";"1";"7";"ARAGO (BD)";"48,5175153";" -2,7705610"
"201900052947";"13";"6";"2019";"18:25";"1";"22";"22113";"2";"1";"1";"6";"LE DANTEC (RUE FELIX)";"48,7328200";" -3,4636200"
"201900052948";"9";"6";"2019";"19:15";"1";"22";"22113";"2";"1";"1";"1";"POMPIDOU (RUE GEORGES)";"48,7386200";" -3,4637900"
"201900052949";"8";"6";"2019";"11:00";"1";"22";"22113";"2";"1";"1";"3";"SAINT ELIVET (RUE DE)";"48,7282900";" -3,4490118"
"201900052950";"7";"6";"2019";"12:10";"1";"22";"22113";"2";"1";"1";"2";"MARZIN (AVENUE PIERRE)";"48,7532221";" -3,4585371"
"201900052951";"8";"6";"2019";"08:45";"1";"21";"21231";"2";"1";"1";"6";"ALBERT CAMUS (Avenue)";"47,3512400";"5,0500100"
"201900052952";"2";"6";"2019";"20:19";"1";"21";"21278";"2";"1";"1";"2";"ALLOBROGES (DES) (BOULEVARD)";"47,3365720";"5,0328710"
"201900052953";"10";"6";"2019";"12:10";"1";"19";"19275";"1";"1";"8";"7";"PONTY (ROUTE DE)";"45,5477900";"2,2905800"
"201900052954";"4";"6";"2019";"16:05";"1";"19";"19275";"2";"3";"1";"3";"N/A";"45,5458990";"2,3051700"
"201900052955";"13";"6";"2019";"09:25";"1";"19";"19031";"2";"3";"1";"3";"""MOULIN (BOULEVARD JEAN) COTE """"LES CEDR";"45,1613200";"1,5031500"
"201900052956";"4";"6";"2019";"11:20";"1";"19";"19031";"2";"1";"1";"4";"ALVITRE (AVENUE ABBE)";"45,1539800";"1,5108100"
"201900052957";"31";"5";"2019";"19:55";"1";"19";"19031";"2";"2";"1";"3";"MOISSAN (RUE)";"45,1507100";"1,5317800"
"201900052958";"31";"5";"2019";"18:35";"1";"19";"19031";"2";"1";"1";"2";"ALVITRE (AVENUE ABBE)";"45,1518200";"1,5027900"
"201900052959";"3";"6";"2019";"06:30";"2";"18";"18205";"1";"1";"1";"7";"RD 2076";"47,1200000";"2,3300000"
"201900052960";"19";"4";"2019";"15:30";"1";"18";"18033";"2";"1";"1";"6";"NOVEMBRE 1918 (AVENUE DU ONZE)";"47,0877800";"2,3980400"
"201900052961";"15";"6";"2019";"20:05";"1";"17";"17306";"2";"1";"1";"1";"QUEBEC (AVENUE)";"45,6300900";" -1,0149900"
"201900052962";"10";"6";"2019";"20:30";"1";"17";"17306";"2";"6";"1";"3";"HEDDE (AVENUE DANIEL)";"45,6365420";" -1,0286620"
"201900052963";"9";"6";"2019";"06:00";"5";"17";"17380";"2";"1";"3";"3";"GANIPOTE (AVENUE DE LA)";"45,6522900";" -1,0893000"
"201900052964";"31";"5";"2019";"17:05";"1";"17";"17333";"2";"3";"1";"3";"DE LATTRE DE TASSIGNY (BD)";"45,6072100";" -1,0068840"
"201900052965";"1";"6";"2019";"08:00";"1";"17";"17461";"1";"1";"1";"6";"TREMBLADE ( ROUTE DE LA)";"45,6523700";" -1,0510500"
"201900052966";"17";"6";"2019";"09:20";"1";"17";"17300";"2";"9";"1";"2";"SARTRE   AVENUE JEAN-PAUL";"46,1550700";" -1,1357200"
"201900052967";"16";"6";"2019";"18:55";"1";"17";"17300";"2";"2";"1";"1";"DURAND  QUAI LOUIS";"46,1581000";" -1,1450100"
"201900052968";"15";"6";"2019";"20:45";"1";"17";"17300";"2";"2";"1";"3";"FETILLY   AVENUE DE";"46,1720000";" -1,1545600"
"201900052969";"14";"6";"2019";"18:25";"1";"17";"17200";"1";"1";"1";"2";"03 PK RN237 RE MOULIN JUSTICE";"46,1803900";" -1,1492000"
"201900052970";"14";"6";"2019";"07:50";"1";"17";"17300";"1";"1";"1";"3";"DAHOMEY   RUE DU";"46,1608000";" -1,2317700"
"201900052971";"13";"6";"2019";"00:48";"3";"17";"17300";"2";"6";"1";"6";"GUITON   AVENUE JEAN (9-165 et 4)";"46,1605900";" -1,1711000"
"201900052972";"11";"6";"2019";"14:45";"1";"17";"17300";"2";"1";"2";"2";"DENFERT-ROCHEREAU   AVENUE (59)";"46,1647500";" -1,1962500"
"201900052973";"8";"6";"2019";"17:40";"1";"17";"17028";"2";"3";"1";"3";"GRASSET   AVENUE EDMOND";"46,1322000";" -1,1101100"
"201900052974";"7";"6";"2019";"14:38";"1";"17";"17300";"2";"2";"1";"2";"JOFFRES";"46,1578700";" -1,1423200"
"201900052975";"4";"6";"2019";"19:00";"1";"17";"17300";"1";"1";"1";"3";"NORMANDIN   RUE EMILE";"46,1471780";" -1,1432610"
"201900052976";"3";"6";"2019";"09:25";"1";"17";"17300";"2";"6";"2";"3";"REPUBLIQUE   AVENUE DE LA";"46,1399389";" -1,1450089"
"201900052977";"2";"6";"2019";"15:19";"1";"17";"17274";"2";"1";"1";"3";"LUMIERE   AVENUE LOUIS";"46,1574700";" -1,1005000"
"201900052978";"1";"6";"2019";"11:09";"1";"17";"17200";"2";"1";"1";"2";"NOUVEAU   RUE DU FIEF";"46,1862600";" -1,1525600"
"201900052979";"16";"6";"2019";"12:30";"1";"16";"16102";"2";"1";"1";"6";"Avenue Victor Hugo";"45,6905700";" -0,3214200"
"201900052980";"7";"6";"2019";"23:15";"3";"16";"16113";"1";"1";"1";"6";"route de Saint Michel";"45,6371000";"0,1014900"
"201900052981";"8";"6";"2019";"19:30";"1";"16";"16015";"2";"2";"1";"3";"rue de Montbron";"45,6503700";"0,1787500"
"201900052982";"3";"6";"2019";"08:45";"1";"16";"16015";"2";"3";"1";"1";"274 rue de Clerac a Sillac";"45,6440590";"0,1464310"
"201900052983";"14";"6";"2019";"08:25";"1";"15";"15014";"2";"1";"1";"6";"LESCUDILLIERS (BOULEVARD DE)";"44,9148290";"2,4311010"
"201900052984";"8";"6";"2019";"17:45";"1";"14";"14220";"2";"1";"1";"1";"MARINE (QUAI DE LA )";"49,3617800";"0,0797700"
"201900052985";"14";"6";"2019";"17:55";"1";"14";"14366";"2";"4";"1";"3";"PETITS JARDINS (RUE DES)";"49,1520902";"0,2257756"
"201900052986";"7";"6";"2019";"21:40";"1";"14";"14366";"2";"1";"6";"7";"EUGENE BOUDIN (RUE)";"49,1426100";"0,2465000"
"201900052987";"16";"6";"2019";"04:59";"2";"14";"14243";"2";"9";"1";"6";"CD 62";"49,3978000";"0,2110000"
"201900052988";"15";"6";"2019";"20:23";"1";"14";"14333";"2";"9";"1";"1";"CHAPDELAINE (RUE MARIA)";"49,3980100";"0,2487700"
"201900052989";"7";"6";"2019";"11:08";"1";"14";"14243";"2";"9";"1";"3";"CD 579";"49,2324000";"0,1218000"
"201900052990";"1";"6";"2019";"19:30";"1";"14";"14536";"1";"6";"7";"3";"ANGLAIS (ROND POINT DES)";"49,4116200";"0,2594500"
"201900052991";"25";"5";"2019";"09:50";"1";"14";"14225";"1";"1";"1";"6";"SARLABOT (COTE)";"49,2868400";" -0,0852400"
"201900052992";"18";"6";"2019";"22:30";"2";"14";"14118";"2";"2";"1";"1";"FOSSES DU CHATEAU (RUE DES)";"49,1881300";" -0,3600500"
"201900052993";"12";"6";"2019";"12:28";"1";"14";"14271";"2";"2";"1";"3";"HARCOURT (ROUTE D')";"49,1574400";" -0,3688700"
"201900052994";"8";"6";"2019";"16:12";"1";"14";"14341";"1";"1";"1";"6";"Route Nationale 814";"49,1467200";" -0,3586100"
"201900052995";"12";"6";"2019";"17:07";"1";"14";"14118";"2";"1";"1";"3";"TOURVILLE (AVENUE DE)";"49,1846100";" -0,3483800"
"201900052996";"16";"6";"2019";"15:50";"1";"14";"14118";"2";"2";"2";"3";"COTE DE NACRE(AVENUE)";"49,2058500";" -0,3613800"
"201900052997";"7";"6";"2019";"17:30";"1";"14";"14167";"2";"1";"1";"1";"RENAUDEL (RUE PIERRE)";"49,2031000";" -0,2972000"
"201900052998";"4";"6";"2019";"15:00";"1";"14";"14327";"2";"1";"1";"3";"CD N° 515 (ROUTE DE OUISTREHAM)";"49,2095800";" -0,3221200"
"201900052999";"5";"6";"2019";"06:15";"1";"13";"13117";"2";"1";"1";"6";"CD20 E";"43,4247100";"5,2377200"
"201900053000";"18";"6";"2019";"01:15";"5";"13";"13039";"1";"1";"1";"6";"ROUTE NATIONALE 568";"43,4307500";"4,9471100"
"201900053001";"10";"6";"2019";"15:00";"1";"13";"13039";"1";"1";"1";"5";"ROUTE NATIONALE 569";"43,4702800";"4,9458400"
"201900053002";"18";"6";"2019";"16:20";"1";"13";"13209";"2";"3";"1";"3";"MORGIOU (chemin de )";"43,2346850";"5,4113430"
"201900053003";"18";"6";"2019";"09:00";"1";"13";"13213";"2";"1";"1";"3";"CHATEAU GOMBERT CHEMIN";"43,3370200";"5,4209100"
"201900053004";"18";"6";"2019";"00:10";"5";"13";"13215";"2";"1";"1";"7";"MADRAGUE VILLE (chemin de la)";"43,3327570";"5,3587800"
"201900053005";"17";"6";"2019";"22:40";"5";"13";"13209";"2";"6";"1";"6";"SORMIOU (CHEMIN DE)";"43,2350100";"5,3991000"
"201900053006";"17";"6";"2019";"06:00";"1";"13";"13214";"2";"1";"1";"5";"CAPITAINE GEZE (BOULEVARD)";"43,3302900";"5,3702100"
"201900053007";"17";"6";"2019";"05:40";"1";"13";"13210";"2";"1";"1";"2";"CAPELETTE (AVENUE DE LA)";"43,2825600";"5,4025700"
"201900053008";"17";"6";"2019";"04:30";"5";"13";"13210";"2";"1";"1";"1";"JEAN MOULIN (BOULEVARD)";"43,2837400";"5,3986400"
"201900053009";"16";"6";"2019";"21:15";"2";"13";"13215";"2";"9";"1";"3";"SAINT JOSEPH A SAINT ANTOINE (CHEMIN DE)";"43,3595670";"5,3648430"
"201900053010";"16";"6";"2019";"15:25";"1";"13";"13208";"2";"1";"1";"2";"PRADO (AVENUE DU)";"43,2751000";"5,3894700"
"201900053011";"16";"6";"2019";"11:00";"1";"13";"13208";"2";"1";"1";"2";"MENDES FRANCE (AVENUE)";"43,2539100";"5,3761300"
"201900053012";"16";"6";"2019";"08:50";"1";"13";"13213";"2";"1";"1";"3";"JEAN PAUL SARTRE (AVENUE)";"43,3200000";"5,4250000"
"201900053013";"14";"6";"2019";"21:30";"5";"13";"13205";"2";"2";"1";"1";"CHAVE (BOULEVARD)";"43,2957180";"5,3978840"
"201900053014";"15";"6";"2019";"15:30";"1";"13";"13210";"2";"1";"1";"4";"FLORIAN (AVENUE)";"43,2800000";"5,4200000"
"201900053015";"14";"6";"2019";"23:30";"5";"13";"13216";"1";"1";"1";"1";"LITTORAL (CHEMIN DU)";"43,3538200";"5,3314900"
"201900053016";"14";"6";"2019";"17:45";"1";"13";"13209";"2";"9";"1";"3";"MARTHELINE (AVENUE DE LA)";"43,2457850";"5,4002020"
"201900053017";"14";"6";"2019";"13:30";"1";"13";"13204";"2";"2";"1";"3";"MARÉCHAL FOCH (AVENUE)";"43,2989200";"5,4022500"
"201900053018";"14";"6";"2019";"11:30";"1";"13";"13214";"2";"6";"1";"1";"GIBBES (CHEMIN DE)";"43,3241220";"5,3821310"
"201900053019";"14";"6";"2019";"07:00";"2";"13";"13211";"2";"3";"1";"3";"BERTHIER (BOULEVARD)";"43,2933450";"5,4342870"
"201900053020";"13";"6";"2019";"20:30";"2";"13";"13209";"2";"1";"1";"7";"COL DE LA GINESTE D559";"43,2469200";"5,4499300"
"201900053021";"13";"6";"2019";"13:25";"1";"13";"13209";"2";"1";"1";"6";"MARÉCHAL DE LATTRE (AVENUE)";"43,2500100";"5,4044400"
"201900053022";"12";"6";"2019";"22:35";"5";"13";"13215";"2";"1";"1";"3";"VISTE (AVENUE DE LA)";"43,3600540";"5,3576130"
"201900053023";"12";"6";"2019";"20:30";"1";"13";"13208";"2";"1";"1";"3";"MENDES FRANCE (AVENUE)";"43,2524100";"5,3759000"
"201900053024";"12";"6";"2019";"20:00";"2";"13";"13209";"2";"1";"1";"5";"ROY D'ESPAGNE (chemin)";"43,2438500";"5,3965300"
"201900053025";"12";"6";"2019";"17:15";"1";"13";"13216";"1";"1";"1";"6";"YVES GIROUD (AVENUE)";"43,3675200";"5,3409700"
"201900053026";"12";"6";"2019";"08:00";"1";"13";"13208";"2";"3";"1";"6";"PERIER (BOULEVARD)";"43,2787800";"5,3813340"
"201900053027";"11";"6";"2019";"21:00";"2";"13";"13210";"2";"1";"2";"6";"PONT DE VIVAUX (BOULEVARD)";"43,2816300";"5,4251200"
"201900053028";"11";"6";"2019";"17:00";"1";"13";"13212";"2";"1";"2";"3";"SAINT PIERRE (RUE)";"43,2906300";"5,4230300"
"201900053029";"11";"6";"2019";"12:30";"1";"13";"13208";"2";"1";"8";"6";"RAY GRASSI (Allée)";"43,2700000";"5,3930000"
"201900053030";"11";"6";"2019";"09:00";"1";"13";"13212";"2";"1";"2";"6";"CHARLES KADDOUZ (RUE)";"43,3099800";"5,4269500"
"201900053031";"10";"6";"2019";"18:00";"1";"13";"13210";"2";"1";"1";"6";"RABATAU (BOULEVARD)";"43,2769140";"5,3981820"
"201900053032";"9";"6";"2019";"13:30";"1";"13";"13211";"2";"1";"1";"6";"boulevard de la BARASSE";"43,2847290";"5,4839350"
"201900053033";"9";"6";"2019";"05:00";"4";"13";"13205";"2";"1";"1";"6";"OLIVIER (RUE DE L')";"43,2900000";"5,3900000"
"201900053034";"9";"6";"2019";"00:30";"5";"13";"13208";"2";"1";"1";"6";"MENDES FRANCE (AVENUE)";"43,2562500";"5,3765400"
"201900053035";"8";"6";"2019";"23:40";"5";"13";"13207";"2";"1";"1";"1";"RIVE NEUVE (QUAI)";"43,2929400";"5,3691170"
"201900053036";"8";"6";"2019";"18:45";"1";"13";"13214";"2";"2";"1";"3";"CAPITAINE GEZE (BOULEVARD)";"43,3314300";"5,3747700"
"201900053037";"8";"6";"2019";"18:00";"1";"13";"13211";"2";"1";"1";"6";"JEAN LOMBARD (AVENUE)";"43,2890310";"5,4301760"
"201900053038";"8";"6";"2019";"12:40";"1";"13";"13216";"2";"1";"1";"2";"RABELAIS (RUE)";"43,3607700";"5,3284900"
"201900053039";"8";"6";"2019";"13:55";"1";"13";"13208";"2";"9";"1";"3";"CLOT BEY (AVENUE)";"43,2566500";"5,3826600"
"201900053040";"5";"6";"2019";"18:45";"1";"13";"13207";"2";"3";"1";"3";"CORDERIE (BOULEVARD DE LA)";"43,2900710";"5,3676180"
"201900053041";"8";"6";"2019";"03:50";"5";"13";"13002";"2";"1";"1";"7";"PROVENCE (AVENUE DE)";"43,3236700";"5,4784900"
"201900053042";"8";"6";"2019";"04:31";"5";"13";"13201";"2";"1";"1";"6";"CANEBIERE    30 A 68";"43,2963930";"5,3777070"
"201900053043";"7";"6";"2019";"17:30";"1";"13";"13212";"2";"1";"1";"6";"MONTOLIVET (AVENUE DE)";"43,3143660";"5,4138480"
"201900053044";"7";"6";"2019";"12:25";"1";"13";"13212";"2";"3";"1";"3";"MONTOLIVET (AVENUE DE)";"43,3100000";"5,4000000"
"201900053045";"7";"6";"2019";"10:30";"1";"13";"13211";"2";"9";"1";"3";"MONTRE (TRAVERSE DE LA)";"43,2977300";"5,4784200"
"201900053046";"7";"6";"2019";"10:45";"1";"13";"13206";"2";"1";"1";"3";"EDMOND ROSTAND (RUE)";"43,2902500";"5,3795300"
"201900053047";"6";"6";"2019";"14:00";"1";"13";"13205";"2";"1";"1";"4";"SAINT PIERRE (RUE)";"43,2916900";"5,4140300"
"201900053048";"6";"6";"2019";"08:00";"1";"13";"13206";"2";"1";"1";"2";"PAUL PEYTRAL (BOULEVARD)";"43,2900400";"5,3793200"
"201900053049";"5";"6";"2019";"21:00";"2";"13";"13211";"2";"3";"1";"3";"BOIGNE (BOULEVARD)";"43,2887640";"5,4594950"
"201900053050";"5";"6";"2019";"20:45";"1";"13";"13208";"2";"1";"1";"3";"MADRAGUE DE MONTREDON (AVE DE LA) ";"43,2368900";"5,3628500"
"201900053051";"5";"6";"2019";"18:35";"1";"13";"13002";"2";"1";"1";"3";"CANTON VERT (AVENUE DU)";"43,3407280";"5,4730200"
"201900053052";"5";"6";"2019";"18:45";"1";"13";"13209";"2";"9";"1";"6";"MORGIOU (chemin de )";"43,2340830";"5,4118450"
"201900053053";"5";"6";"2019";"17:00";"1";"13";"13002";"2";"1";"1";"5";"PROVENCE (AVENUE DE)";"43,3258980";"5,4804240"
"201900053054";"5";"6";"2019";"09:50";"1";"13";"13216";"2";"1";"1";"6";"A. NEGIS (RUE)";"43,3612800";"5,3305660"
"201900053055";"4";"6";"2019";"17:09";"1";"13";"13210";"2";"3";"1";"3";"CAPELETTE (AVENUE DE LA)";"43,2807500";"5,4073510"
"201900053056";"3";"6";"2019";"16:30";"1";"13";"13211";"2";"1";"1";"4";"SABLIERE (ROUTE DE LA)";"43,2937390";"5,4803240"
"201900053057";"3";"6";"2019";"08:30";"1";"13";"13214";"2";"1";"1";"6";"MERLAN (AVENUE)";"43,3367650";"5,4072980"
"201900053058";"3";"6";"2019";"08:00";"1";"13";"13209";"2";"1";"1";"2";"GAYE (BOULEVARD DE LA)";"43,2589970";"5,4127750"
"201900053059";"3";"6";"2019";"01:10";"5";"13";"13210";"2";"3";"1";"3";"CAPELETTE (AVENUE DE LA)";"43,2821000";"5,4035500"
"201900053060";"2";"6";"2019";"14:00";"1";"13";"13213";"2";"1";"1";"1";"BARA (BOULEVARD)";"43,3466700";"5,4522400"
"201900053061";"2";"6";"2019";"02:50";"5";"13";"13209";"2";"1";"1";"3";"AVIATEUR LE BRIX (RUE)";"43,2608200";"5,4033000"
"201900053062";"1";"6";"2019";"20:50";"2";"13";"13201";"2";"1";"1";"1";"DUGOMMIER (BOULEVARD)     1 A 29";"43,2983030";"5,3809060"
"201900053063";"1";"6";"2019";"20:45";"5";"13";"13208";"2";"1";"1";"3";"BONNEVEINE (AVENUE)";"43,2543000";"5,3800000"
"201900053064";"1";"6";"2019";"11:20";"1";"13";"13208";"2";"1";"1";"6";"MADRAGUE DE MONTREDON (AVE DE LA) ";"43,2369440";"5,3630090"
"201900053065";"1";"6";"2019";"04:45";"5";"13";"13209";"2";"1";"1";"6";"MICHELET (BOULEVARD)";"43,2500000";"5,4000000"