"Num_Acc";"jour";"mois";"an";"hrmn";"lum";"dep";"com";"agg";"int";"atm";"col";"adr";"lat";"long"
"201900053066";"31";"5";"2019";"20:00";"2";"13";"13208";"2";"1";"1";"2";"MENDES FRANCE (AVENUE)";"43,2573700";"5,6589000"
"201900053067";"31";"5";"2019";"22:10";"5";"13";"13207";"2";"1";"1";"3";"CORDERIE (BOULEVARD DE LA)";"43,2901000";"5,3676400"
"201900053068";"31";"5";"2019";"19:00";"1";"13";"13206";"2";"1";"1";"2";"NOTRE DAME (BOULEVARD)";"43,2855000";"5,3744000"
"201900053069";"31";"5";"2019";"21:00";"1";"13";"13203";"2";"3";"1";"3";"LOUIS BIROARD (RUE)";"43,3068300";"5,3737200"
"201900053070";"31";"5";"2019";"18:20";"1";"13";"13206";"2";"1";"1";"3";"LODI (RUE DE)";"43,2903100";"5,3865800"
"201900053071";"31";"5";"2019";"18:15";"1";"13";"13210";"2";"1";"1";"3";"JEAN EUGENE CABASSUD (BOULEVARD)";"43,2859400";"5,4128000"
"201900053072";"31";"5";"2019";"15:40";"1";"13";"13208";"2";"1";"1";"5";"COMMANDANT ROLLAND";"43,2700420";"5,3816480"
"201900053073";"31";"5";"2019";"13:45";"1";"13";"13202";"2";"1";"1";"6";"ROBERT SCHUMANN (AVENUE)";"43,3021310";"5,3663060"
"201900053074";"31";"5";"2019";"14:15";"1";"13";"13210";"2";"1";"1";"3";"L ARMEE D AFRIQUE (CHEMIN DE L')";"43,3008600";"5,3837000"
"201900053075";"31";"5";"2019";"15:00";"1";"13";"13212";"2";"1";"1";"6";"MONTAIGNE (RUE)";"43,3039980";"5,4161230"
"201900053076";"31";"5";"2019";"11:00";"1";"13";"13211";"2";"6";"1";"6";"HENRI MARTINET (ROND POINT )";"43,2977360";"5,4791950"
"201900053077";"25";"5";"2019";"17:45";"1";"13";"13211";"2";"1";"1";"6";"ROUGUIERE (ALLÉE DE LA )";"43,2956180";"5,4575670"
"201900053078";"31";"5";"2019";"02:10";"5";"13";"13202";"2";"1";"1";"6";"ARENC (QUAI D')";"43,4131000";"5,3660000"
"201900053079";"30";"5";"2019";"17:20";"1";"13";"13209";"1";"1";"1";"1";"COL DE LA GINESTE D559";"43,2406000";"5,4589400"
"201900053080";"30";"5";"2019";"13:15";"1";"13";"13208";"1";"1";"1";"2";"MICHELET (BOULEVARD)";"43,2710000";"5,3922500"
"201900053081";"30";"5";"2019";"01:05";"5";"13";"13209";"2";"3";"1";"7";"HUVEAUNE (BOULEVARD DE)";"43,2738650";"5,4078790"
"201900053082";"29";"5";"2019";"19:15";"1";"13";"13211";"2";"3";"7";"3";"ARNOULD (RUE)";"43,3027800";"5,5216500"
"201900053083";"15";"6";"2019";"19:25";"1";"13";"13063";"2";"9";"1";"3";"NORD AVENUE DU";"43,6015600";"5,0067500"
"201900053084";"30";"5";"2019";"19:45";"1";"13";"13047";"1";"1";"1";"6";"RN 569";"43,5577200";"4,9756700"
"201900053085";"7";"6";"2019";"07:50";"1";"13";"13028";"2";"6";"1";"3";"Rond-point de la locomotive";"43,1916300";"5,6044500"
"201900053086";"15";"6";"2019";"21:00";"1";"13";"13005";"2";"3";"1";"3";"RN 8";"43,2852613";"5,5854111"
"201900053087";"12";"6";"2019";"19:50";"1";"13";"13070";"2";"1";"1";"6";"ANTONETTI (AVENUE)";"43,2869900";"5,5138700"
"201900053088";"12";"6";"2019";"17:00";"1";"13";"13005";"2";"1";"1";"6";"BEAUDINARD (ROUTE DE)";"43,3090700";"5,5821760"
"201900053089";"30";"5";"2019";"08:20";"1";"13";"13005";"1";"1";"1";"3";"CD 2 (CAMP MAJOR)";"43,2881800";"5,5399800"
"201900053090";"2";"6";"2019";"22:20";"4";"13";"13004";"2";"3";"1";"3";"RTE ST MARTIN DE CRAU";"43,6729700";"4,6404200"
"201900053091";"21";"5";"2019";"16:58";"1";"13";"13004";"2";"3";"1";"3";"AV STALINGRAD";"43,6941930";"4,6398800"
"201900053092";"31";"5";"2019";"12:10";"1";"13";"13004";"2";"1";"7";"5";"AV VICTOR HUGO";"43,6748800";"4,6333800"
"201900053093";"15";"6";"2019";"00:05";"5";"13";"13001";"2";"1";"1";"1";"BROSSOLETTE PIERRE (AV)";"43,5229000";"5,4423000"
"201900053094";"7";"6";"2019";"16:20";"1";"13";"13001";"2";"1";"1";"6";"NARVICK (PL DE)";"43,5253000";"5,4430600"
"201900053095";"5";"6";"2019";"08:55";"1";"13";"13001";"1";"1";"1";"7";"RN 296";"43,5612183";"5,4548711"
"201900053096";"30";"5";"2019";"11:45";"1";"13";"13001";"2";"9";"1";"6";"CHATEAUX DU MONT ROBERT (RTE)";"43,4928295";"5,4006547"
"201900053097";"11";"6";"2019";"18:05";"1";"12";"12176";"1";"6";"1";"3";"RD 840";"44,3789600";"2,5361900"
"201900053098";"10";"6";"2019";"18:50";"1";"12";"12176";"2";"3";"1";"3";"ESPALION (ROUTE D')";"44,3647000";"2,5863100"
"201900053099";"17";"6";"2019";"09:40";"1";"12";"12145";"2";"1";"1";"6";"BRASSENS GEORGES (BOULEVARD)";"44,1180200";"3,0695300"
"201900053100";"6";"6";"2019";"17:10";"1";"12";"12145";"2";"3";"1";"3";"GABRIAC JEAN (BOULEVARD)";"44,0922800";"3,0707140"
"201900053101";"17";"6";"2019";"13:50";"1";"12";"12013";"1";"1";"1";"1";"CROIX DE L'EVANGILE (LA) LIEU-DIT";"44,5342600";"2,3008300"
"201900053102";"15";"6";"2019";"14:20";"1";"11";"11262";"2";"1";"1";"6";"MARAUSSAN (BOULEVARD DE)";"43,1755650";"2,9996890"
"201900053103";"31";"5";"2019";"15:25";"1";"11";"11262";"2";"1";"1";"1";"PEUPLIERS (RUE DES)";"43,1870300";"2,9991200"
"201900053104";"12";"6";"2019";"03:00";"5";"11";"11069";"2";"6";"1";"6";"JUIN MARECHAL";"43,2128230";"2,3717670"
"201900053105";"5";"6";"2019";"18:20";"1";"11";"11069";"2";"1";"2";"2";"SARRAUT OMER BD -IMPAIRS-";"43,2164620";"2,3507790"
"201900053106";"30";"5";"2019";"11:10";"1";"11";"11069";"1";"1";"1";"5";"RD 6161 - Rocade Ouest";"43,2295280";"2,3415040"
"201900053107";"17";"6";"2019";"12:29";"1";"10";"10387";"2";"6";"1";"3";"LOUIS MAISON (RUE)";"48,2990700";"4,0610900"
"201900053108";"10";"2";"2019";"01:15";"3";"49";"49328";"2";"1";"1";"6";"BOUMOIS (RUE DE)";"47,2806800";" -0,0855800"
"201900053109";"18";"2";"2019";"09:03";"1";"49";"49007";"2";"2";"1";"6";"FOCH BOULEVARD";"47,4684000";" -0,5502700"
"201900053110";"18";"2";"2019";"20:55";"5";"46";"46156";"1";"1";"1";"6";"PECH DE CLARY (LIEU DIT)";"44,4742800";"1,4743400"
"201900053111";"19";"2";"2019";"19:00";"5";"45";"45234";"2";"9";"1";"6";"RUE EUGENE VIGNAT";"47,9095650";"1,9110510"
"201900053112";"18";"2";"2019";"10:07";"1";"38";"38544";"2";"1";"1";"6";"30 VERDUN(COUR DE)";"45,5178753";"4,8696550"
"201900053113";"19";"2";"2019";"11:10";"1";"38";"38421";"2";"1";"1";"6";"AVENUE GABRIEL PÉRI";"45,1862100";"5,7601900"
"201900053114";"19";"2";"2019";"19:15";"3";"37";"37122";"2";"3";"1";"3";"RD 86 DE MONTS à TOURS";"47,3310658";"0,6642440"
"201900053115";"19";"2";"2019";"14:10";"1";"37";"37261";"2";"1";"1";"6";"BELLINI (RUE)";"47,3669800";"0,7102300"
"201900053116";"19";"2";"2019";"06:22";"5";"37";"37122";"2";"2";"8";"3";"CHINON (BOULEVARD DE)";"47,3545644";"0,6953338"
"201900053117";"19";"2";"2019";"12:25";"1";"35";"35055";"2";"6";"1";"3";"BIGNON (RUE DU)";"48,0978600";" -1,6238100"
"201900053118";"19";"2";"2019";"10:30";"1";"35";"35238";"2";"1";"1";"2";"BERNHARDT (SQUARE SARAH)";"48,0909200";" -1,6820800"
"201900053119";"14";"2";"2019";"10:20";"1";"33";"33063";"2";"2";"1";"1";"MOUNEYRA (RUE )";"44,8289300";" -0,5913300"
"201900053120";"14";"2";"2019";"16:45";"1";"33";"33550";"2";"3";"1";"6";"39 R.Fernand Soors - Piéton traverse n°impairs vers pairs zone d'ombre";"44,7666100";" -0,5657100"
"201900053121";"19";"2";"2019";"13:00";"1";"31";"31555";"2";"1";"1";"3";"PERIOLE (RUE DE) DU 2AU 170";"43,6193700";"1,4667700"
"201900053122";"18";"2";"2019";"07:25";"2";"31";"31555";"2";"1";"1";"3";"AV YVES BRUNAUD";"43,6170800";"1,4656400"
"201900053123";"17";"2";"2019";"02:37";"5";"31";"31149";"2";"6";"1";"7";"RD PT DE LA MEDITERRANEE";"43,6126300";"1,3312100"
"201900053124";"19";"2";"2019";"18:40";"5";"30";"30189";"2";"1";"1";"6";"ALLENDE SALVADOR (RUE)";"43,8178000";"4,3480300"
"201900053125";"23";"2";"2019";"01:04";"5";"29";"29019";"2";"1";"1";"1";"LIBERATION";"48,3972046";" -4,5180812"
"201900053126";"25";"1";"2019";"11:40";"1";"22";"22113";"2";"1";"1";"2";"GUILLOUX (BOULEVARD LOUIS)";"48,7260430";" -3,4508260"
"201900053127";"18";"2";"2019";"08:30";"1";"21";"21231";"2";"7";"7";"6";"REPUBLIQUE (DE LA) (PLACE)";"47,3264808";"5,0443178"
"201900053128";"16";"2";"2019";"17:15";"1";"19";"19031";"2";"2";"1";"3";"POMPIDOU (AVENUE GEORGES)";"45,1576300";"1,5473700"
"201900053129";"19";"2";"2019";"09:35";"1";"13";"13117";"1";"1";"1";"2";"RD 113";"43,4334700";"5,2566500"
"201900053130";"19";"2";"2019";"23:20";"5";"13";"13211";"2";"3";"1";"3";"SAINT MARCEL (BOULEVARD DE )";"43,2888000";"5,4613700"
"201900053131";"19";"2";"2019";"12:30";"1";"13";"13204";"2";"1";"1";"7";"MARÉCHAL JUIN (BOULEVARD)";"43,3137100";"5,4055200"
"201900053132";"19";"2";"2019";"08:30";"1";"13";"13209";"2";"1";"1";"6";"VITON (AVENUE)";"43,2590000";"5,4000000"
"201900053133";"18";"2";"2019";"18:20";"1";"13";"13209";"2";"1";"1";"3";"MICHELET (BOULEVARD)";"43,2550000";"5,4010000"
"201900053134";"18";"2";"2019";"11:00";"1";"13";"13210";"2";"1";"1";"6";"ICARD (BOULEVARD)";"43,2781720";"5,4177950"
"201900053135";"18";"2";"2019";"16:32";"1";"10";"10325";"2";"1";"1";"3";"EGALITE (RUE DE L')";"48,2653000";"4,0599000"
"201900053136";"19";"2";"2019";"10:30";"1";"6";"06088";"2";"1";"1";"3";"ITALIE (R. D')";"43,7026100";"7,2636900"
"201900053137";"18";"2";"2019";"15:32";"1";"5";"05061";"2";"3";"1";"6";"FRANCOIS MITTERAND (AVENUE)";"44,5462000";"6,0640000"
"201900053138";"17";"2";"2019";"19:20";"5";"3";"03095";"2";"2";"1";"3";"rue de la République";"46,1334371";"3,4524004"
"201900053139";"19";"2";"2019";"16:08";"1";"75";"75116";"2";"2";"1";"5";"PLACE DE L AMIRAL DE GRASSE";"48,8678920";"2,2956820"
"201900053140";"19";"2";"2019";"12:40";"1";"75";"75112";"2";"1";"1";"2";"QUAI DE BERCY";"48,8321300";"2,3840700"
"201900053141";"16";"2";"2019";"11:10";"1";"75";"75105";"2";"7";"1";"3";"PLACE VALHUBERT";"48,8442320";"2,3647680"
"201900053142";"19";"2";"2019";"16:05";"1";"75";"75120";"2";"3";"1";"3";"RUE DE MENILMONTANT";"48,8679310";"2,3868120"
"201900053143";"19";"2";"2019";"13:55";"1";"75";"75119";"2";"1";"1";"3";"AVENUE JEAN JAURES";"48,8889240";"2,3936150"
"201900053144";"19";"2";"2019";"08:55";"1";"75";"75119";"2";"2";"1";"3";"RUE MANIN";"48,8829950";"2,3855630"
"201900053145";"18";"2";"2019";"19:20";"5";"75";"75116";"2";"1";"1";"3";"CARREFOUR DES CASCADES";"48,8584680";"2,2580040"
"201900053146";"19";"2";"2019";"17:00";"1";"75";"75111";"2";"6";"1";"3";"BOULEVARD DE MENILMONTANT";"48,8628600";"2,3872750"
"201900053147";"19";"2";"2019";"12:50";"1";"75";"75109";"2";"4";"1";"6";"RUE AUBER";"48,8730510";"2,3283090"
"201900053148";"19";"2";"2019";"19:25";"5";"75";"75108";"2";"1";"1";"3";"RUE DU FAUBOURG SAINT HONORE";"48,8714600";"2,3152080"
"201900053149";"19";"2";"2019";"17:21";"1";"75";"75108";"2";"2";"1";"6";"AVENUE FRANKLIN D ROOSEVELT";"48,8730730";"2,3100240"
"201900053150";"18";"2";"2019";"21:12";"3";"75";"75108";"2";"2";"1";"6";"BOULEVARD DES BATIGNOLLES";"48,8827370";"2,3242820"
"201900053151";"18";"2";"2019";"11:50";"1";"75";"75104";"2";"1";"1";"3";"RUE DE RIVOLI";"48,8567830";"2,3544290"
"201900053152";"19";"2";"2019";"10:00";"1";"93";"93051";"2";"1";"1";"5";"RU DE NESLE (BOULEVARD)";"48,8345000";"2,5832000"
"201900053153";"18";"2";"2019";"22:25";"5";"93";"93079";"2";"2";"1";"3";"SAINT LEU (ROUTE)";"48,9553494";"2,3333859"
"201900053154";"19";"2";"2019";"16:20";"1";"93";"93007";"2";"3";"1";"3";"PASTEUR (AVENUE)";"48,9368400";"2,4757560"
"201900053155";"19";"2";"2019";"09:00";"1";"92";"92063";"2";"1";"1";"5";"BONAPARTE (AVENUE NAPOLEON) SUD";"48,8726797";"2,1632947"
"201900053156";"18";"2";"2019";"21:39";"5";"92";"92025";"2";"1";"1";"2";"CHARLES DE GAULLE (BD)";"48,9170490";"2,2257070"
"201900053157";"17";"2";"2019";"17:40";"1";"35";"35177";"1";"1";"1";"6";"departementale 137";"48,2292120";" -1,7540980"
"201900053158";"20";"2";"2019";"02:00";"3";"74";"74116";"1";"1";"1";"7";"a410";"46,0649840";"6,2901390"
"201900053159";"30";"1";"2019";"18:00";"2";"49";"49127";"1";"1";"3";"1";"D59";"47,6609560";" -0,2421990"
"201900053160";"20";"2";"2019";"10:00";"1";"67";"67073";"1";"1";"1";"4";"RN 59";"48,2824420";"7,3683580"
"201900053161";"18";"2";"2019";"18:49";"3";"62";"62473";"1";"1";"1";"3";"rue de Lillers";"50,6008810";"2,4463670"
"201900053162";"20";"2";"2019";"11:40";"1";"19";"19255";"2";"2";"1";"3";"CARREFOUR DU CHATEAU -D44 et AVENUE NATIONALE -";"45,3697400";"1,7020800"
"201900053163";"18";"2";"2019";"13:50";"1";"77";"77227";"1";"1";"1";"3";"D18";"48,4817900";"3,3183300"
"201900053164";"20";"2";"2019";"17:45";"1";"80";"80723";"1";"2";"7";"1";"Rue du Moulin";"49,8907190";"2,1145950"
"201900053165";"20";"2";"2019";"17:20";"1";"32";"32213";"1";"1";"7";"1";"LIEU DIT DEZE";"43,4486550";"0,8849860"
"201900053166";"19";"2";"2019";"08:18";"1";"89";"89369";"1";"1";"1";"7";"D26";"48,2252520";"3,1786550"
"201900053167";"20";"2";"2019";"01:00";"3";"49";"49140";"1";"1";"1";"7";"RD 145";"47,1943650";"0,0023210"
"201900053168";"15";"2";"2019";"16:05";"1";"68";"68248";"1";"1";"1";"7";"D21 B PK 4+500";"47,4965250";"7,3948450"
"201900053169";"19";"2";"2019";"19:30";"2";"22";"22194";"1";"1";"9";"6";"CD 786 - Saint Efflam";"48,6697780";" -3,6115830"
"201900053170";"20";"2";"2019";"07:30";"2";"29";"29173";"1";"6";"5";"7";"Kergaben";"48,0121530";" -4,1972013"
"201900053171";"19";"2";"2019";"09:10";"1";"31";"31033";"1";"1";"1";"3";"D35";"43,3594290";"1,4764830"
"201900053172";"19";"2";"2019";"11:15";"1";"15";"15119";"2";"1";"7";"6";"30 avenue du général de Gaulle";"45,2542160";"3,1981190"
"201900053173";"20";"2";"2019";"06:10";"3";"72";"72385";"1";"1";"1";"1";"D307 - lieu-dit Le Rafeu";"47,8113100";"0,1691820"
"201900053174";"20";"2";"2019";"15:45";"1";"72";"72045";"1";"1";"1";"1";"RD357";"48,0184220";" -0,0339500"
"201900053175";"20";"2";"2019";"15:50";"1";"14";"14174";"2";"1";"1";"6";"Rue Saint Jacques";"48,8499130";" -0,5495750"
"201900053176";"14";"1";"2019";"14:30";"1";"60";"60308";"1";"3";"1";"1";"Croisement D26 / D1017";"49,4743170";"2,6646990"
"201900053177";"20";"2";"2019";"00:05";"5";"10";"10323";"2";"1";"1";"6";"37 rue Aristide Briand";"48,5083600";"3,7385690"
"201900053178";"18";"2";"2019";"17:45";"1";"27";"27034";"1";"1";"1";"7";"D1";"49,3262980";"1,3875800"
"201900053179";"20";"2";"2019";"07:10";"2";"30";"30305";"2";"3";"1";"6";"rue du centenaire péchiney";"44,1691500";"4,1597210"
"201900053180";"31";"1";"2019";"19:00";"3";"30";"30255";"2";"1";"2";"6";"quai de l'Agau";"43,9464740";"4,2182610"
"201900053181";"19";"2";"2019";"18:20";"2";"88";"88258";"2";"4";"1";"6";"rue du faubourg de France /  Place Jules Ferry";"48,0705340";"5,7820910"
"201900053182";"18";"2";"2019";"17:45";"1";"973";"97309";"1";"3";"1";"1";"N3";"4,8901090";" -52,2875950"
"201900053183";"19";"2";"2019";"20:45";"3";"13";"13086";"1";"1";"1";"5";"Autoroute A52";"43,3348030";"5,6058380"
"201900053184";"20";"2";"2019";"16:15";"1";"84";"84007";"1";"1";"1";"2";"A7 PK198+000";"43,8968210";"4,9159110"
"201900053185";"20";"2";"2019";"15:20";"1";"971";"97128";"1";"1";"1";"6";"130 route de Douville";"16,2635140";" -61,3759350"
"201900053186";"19";"2";"2019";"20:30";"3";"971";"97115";"2";"1";"1";"6";"route de vincent";"16,2698440";" -61,6532870"
"201900053187";"14";"2";"2019";"19:39";"3";"83";"83104";"1";"4";"1";"1";"D23";"43,6399010";"5,8052960"
"201900053188";"20";"2";"2019";"12:31";"1";"4";"04242";"1";"3";"1";"2";"RD 4096 / Ch de la Tuilisse ";"43,8959738";"5,8774567"
"201900053189";"19";"2";"2019";"18:17";"3";"68";"68163";"2";"1";"1";"6";"4 rue de Habsheim";"47,6908420";"7,5026340"
"201900053190";"20";"2";"2019";"17:08";"1";"74";"74220";"2";"2";"1";"3";"carrefour route de findrol et route de l'Eculaz";"46,1317660";"6,2975060"
"201900053191";"20";"2";"2019";"17:20";"1";"81";"81076";"1";"1";"7";"1";"RN126";"43,5657960";"1,9053920"
"201900053192";"20";"2";"2019";"09:35";"1";"80";"80342";"1";"1";"5";"6";"Autoroute A29 sens AMIENS vers ST QUENTIN pk 224+600";"49,8535590";"2,7142520"
"201900053193";"19";"2";"2019";"15:15";"1";"59";"59568";"1";"3";"1";"3";"Départementale 106";"50,7041160";"2,4412680"
"201900053194";"18";"2";"2019";"21:10";"4";"13";"13056";"1";"9";"1";"6";"A55-Sens Marseille vers Martigues";"43,3987700";"5,0850900"
"201900053195";"17";"2";"2019";"18:30";"2";"59";"59343";"1";"1";"1";"2";"AUTOROUTE A22";"50,6004900";"3,1169900"
"201900053196";"19";"2";"2019";"08:45";"1";"92";"92063";"1";"1";"1";"5";"A86";"48,8714566";"2,1572573"
"201900053197";"18";"2";"2019";"20:05";"5";"92";"92025";"1";"1";"1";"4";"A86";"48,9320904";"2,2474485"
"201900053198";"18";"2";"2019";"19:10";"5";"92";"92064";"1";"1";"1";"2";"A13";"48,8406055";"2,2204096"
"201900053199";"18";"2";"2019";"17:10";"1";"95";"95394";"1";"1";"1";"4";"RN 184";"49,0513900";"2,1513800"
"201900053200";"18";"2";"2019";"08:00";"1";"93";"93053";"1";"1";"1";"7";"AUTOROUTE A3";"48,8949200";"2,4710700"
"201900053201";"18";"2";"2019";"19:15";"3";"94";"94069";"1";"1";"1";"3";"A4";"48,8236800";"2,3950600"
"201900053202";"18";"2";"2019";"18:30";"3";"94";"94015";"1";"1";"1";"3";"A4";"48,8312964";"2,5308997"
"201900053203";"18";"2";"2019";"17:40";"1";"974";"97407";"2";"2";"1";"2";"LAUDE E(RUE)";" -20,9373200";"55,2994500"
"201900053204";"18";"2";"2019";"17:50";"1";"973";"97302";"2";"2";"1";"6";"HEDER (place)";"4,9413158";" -52,3323601"
"201900053205";"18";"2";"2019";"16:30";"1";"973";"97302";"2";"1";"1";"3";"MONTABO (ROUTE DE) 2";"4,9300923";" -52,2904801"
"201900053206";"19";"2";"2019";"00:20";"5";"69";"69387";"2";"1";"1";"6";"GAMBETTA                            (CO)";"45,7542200";"4,8460800"
"201900053207";"18";"2";"2019";"11:05";"1";"69";"69387";"2";"2";"1";"7";"CHALLEMEL LACOUR                    (R )";"45,7299900";"4,8380700"
"201900053208";"18";"2";"2019";"09:25";"1";"69";"69386";"2";"1";"1";"6";"5, rue JULIETTE RECAMIER                   (R )";"45,7639100";"4,8530400"
"201900053209";"18";"2";"2019";"17:58";"5";"2B";"2B033";"2";"1";"1";"3";"LES CAPUCINS";"42,6899500";"9,4449500"
"201900053210";"18";"2";"2019";"22:00";"5";"2A";"2A004";"2";"1";"1";"6";"MONTEE SAINT JEAN";"41,9320813";"8,7375983"
"201900053211";"18";"2";"2019";"19:00";"5";"91";"91201";"2";"1";"1";"7";"HENRI BARBUSSE(BOULEVARD)";"48,6843900";"2,4086200"
"201900053212";"17";"2";"2019";"08:30";"1";"91";"91479";"2";"7";"1";"3";"MAXIME VEDY (PLACE)";"48,7092900";"2,3590400"
"201900053213";"15";"2";"2019";"17:20";"1";"85";"85194";"2";"1";"1";"6";"RUE CHATEAUBRIAND ";"46,5122100";" -1,7752600"
"201900053214";"11";"2";"2019";"20:10";"5";"83";"83137";"2";"1";"1";"6";"LECLERC (AVE GENERAL)";"43,1257400";"5,9279000"
"201900053215";"16";"2";"2019";"16:30";"2";"80";"80021";"2";"3";"1";"3";"13, R JEAN CATELAS";"49,8955100";"2,2905700"
"201900053216";"16";"2";"2019";"23:55";"5";"78";"78490";"2";"1";"1";"2";"DEUX PLATEAUX (ROUTE DES)";"48,8138800";"1,9597900"
"201900053217";"15";"2";"2019";"03:35";"3";"77";"77495";"1";"6";"1";"6";"N105 X D605";"48,5599900";"2,6454000"
"201900053218";"12";"2";"2019";"08:15";"1";"77";"77059";"2";"6";"1";"6";"AVENUE DE L'EUROPE";"48,8421900";"2,6671900"
"201900053219";"17";"2";"2019";"10:00";"1";"76";"76457";"1";"1";"1";"1";"rue du lieutenant j Hergault";"49,3406800";"0,9578100"
"201900053220";"17";"2";"2019";"07:26";"2";"74";"74118";"2";"1";"1";"6";"DE GAULLE (RUE CHARLES)";"46,1642055";"6,1857839"
"201900053221";"2";"2";"2019";"09:05";"1";"73";"73065";"2";"6";"8";"3";"CHEVALIERE (SQUARE DE LA) D14";"45,5816887";"5,8873070"
"201900053222";"17";"2";"2019";"11:05";"1";"71";"71153";"2";"1";"1";"7";"Industrie ( Boulevard de l')";"46,7944800";"4,4358400"
"201900053223";"7";"2";"2019";"07:40";"2";"70";"70261";"2";"1";"1";"1";"RN 57";"47,6298700";"6,1753200"
"201900053224";"16";"2";"2019";"13:40";"1";"69";"69266";"2";"2";"1";"3";"BIENVENUS   (Rue des)";"45,7737400";"4,8847500"
"201900053225";"16";"2";"2019";"02:30";"5";"67";"67482";"2";"1";"1";"6";"ROMAINS (ROUTE DES)";"48,5781530";"7,7062790"
"201900053226";"15";"2";"2019";"16:05";"1";"67";"67482";"2";"1";"1";"6";"ROBERTSAU (ALLEE DE LA)";"48,5877730";"7,7649330"
"201900053227";"15";"2";"2019";"22:00";"3";"67";"67180";"2";"1";"1";"6";"QUATRE VENTS (RUE DES)";"48,8119160";"7,8169370"
"201900053228";"17";"2";"2019";"05:00";"3";"66";"66136";"2";"2";"1";"3";"BRIAND BOULEVARD ARISTIDE";"42,6952900";"2,9022500"
"201900053229";"18";"2";"2019";"10:05";"1";"64";"64483";"2";"9";"1";"3";"JALDAY III (AVENUE DE)";"43,4052500";" -1,6255800"
"201900053230";"16";"2";"2019";"16:47";"1";"61";"61006";"2";"1";"1";"3";"CARNOT (BOULEVARD)";"48,7380910";" -0,0235080"
"201900053231";"15";"2";"2019";"15:45";"1";"60";"60159";"1";"1";"1";"1";"RD 332 ";"49,4037700";"2,8393000"
"201900053232";"6";"2";"2019";"18:00";"5";"59";"59350";"2";"2";"1";"3";"SOLFERINO RUE N°1 - 159";"50,6307800";"3,0557100"
"201900053233";"17";"2";"2019";"14:35";"1";"59";"59361";"2";"1";"1";"6";"JAURES (RES. JEAN)";"50,3165940";"3,3593860"
"201900053234";"15";"2";"2019";"16:05";"1";"57";"57463";"2";"1";"1";"6";"SENTE A MY (RUE )";"49,0958300";"6,1774100"
"201900053235";"17";"2";"2019";"14:00";"1";"56";"56098";"2";"1";"1";"7";"PEROS (RUE DE)";"47,7612400";" -3,3206900"
"201900053236";"17";"2";"2019";"05:25";"5";"56";"56121";"2";"3";"8";"1";"MARNE ( AV DE LA )";"47,7435510";" -3,3682800"
"201900053237";"14";"2";"2019";"14:15";"1";"51";"51454";"2";"3";"1";"3";"BOULEVARD DU MARECHAL DE LATTRE DE TASSIGNY";"49,2563691";"4,0618999"
"201900053238";"17";"2";"2019";"16:00";"1";"50";"50129";"2";"1";"1";"2";"NORMANDIE (AVENUE DE)";"49,6281100";" -1,6244500"
"201900053239";"15";"2";"2019";"06:17";"5";"49";"49015";"2";"1";"1";"7";"MENDES FRANCE AVENUE PIERRE";"47,5103500";" -0,5940400"
"201900053240";"14";"2";"2019";"07:20";"5";"49";"49007";"1";"1";"1";"7";"MONTAIGNE AVENUE";"47,4659400";" -0,5229900"
"201900053241";"18";"2";"2019";"18:30";"3";"45";"45338";"1";"1";"1";"6";"RUE DU PONT DE FEUILLET";"47,9975200";"2,6876100"
"201900053242";"15";"2";"2019";"16:15";"1";"44";"44184";"2";"3";"1";"3";"G. ANDRÉ/G. SAND";"47,2688500";" -2,2281300"
"201900053243";"18";"2";"2019";"09:15";"1";"38";"38318";"1";"1";"1";"1";"RD 75";"45,5373000";"4,9270000"
"201900053244";"16";"2";"2019";"18:16";"1";"36";"36202";"2";"1";"1";"4";"AVENUE D'OCCITANIE";"46,7891000";"1,6604400"
"201900053245";"9";"2";"2019";"00:50";"5";"33";"33075";"2";"4";"1";"1";"AVE DE L EUROPE";"44,8851700";" -0,6110900"
"201900053246";"8";"2";"2019";"13:50";"1";"33";"33162";"2";"2";"1";"3";"RTE DE PAUILLAC";"44,8915100";" -0,6380800"
"201900053247";"12";"2";"2019";"16:50";"1";"33";"33167";"2";"2";"1";"6";"Piétonne traversant Av.SALVADOR ALLENDE depuis centre commercial percutée par VTA R.jules Vernes tournant à gauche";"44,8447400";" -0,5108300"
"201900053248";"14";"2";"2019";"19:54";"5";"33";"33318";"2";"1";"1";"6";"AVE COLONEL ROBERT JACQUI";"44,8113100";" -0,6315000"
"201900053249";"18";"2";"2019";"13:20";"1";"31";"31555";"2";"1";"1";"3";"BD DES MINIMES";"43,6163700";"1,4394800"
"201900053250";"18";"2";"2019";"10:30";"1";"31";"31555";"2";"1";"1";"6";"AV CAMILLE PUJOL";"43,6007600";"1,4633600"
"201900053251";"17";"2";"2019";"07:00";"3";"31";"31069";"1";"1";"1";"6";"VOIE LACTEE (RD902)";"43,6419500";"1,3730000"
"201900053252";"16";"2";"2019";"06:30";"2";"31";"31069";"1";"1";"5";"7";"VA001490 A621";"43,6205710";"1,3946010"
"201900053253";"17";"2";"2019";"17:55";"1";"31";"31557";"2";"1";"1";"3";"PETIT TRAIN (RUE DU)";"43,5792900";"1,3264500"
"201900053254";"15";"2";"2019";"18:30";"1";"31";"31149";"2";"1";"1";"3";"Av Edouard Serres";"43,6115600";"1,3520300"
"201900053255";"15";"2";"2019";"16:30";"1";"31";"31555";"1";"1";"1";"2";"VA007331 A620";"43,6013400";"1,3986300"
"201900053256";"15";"2";"2019";"12:20";"1";"31";"31555";"2";"1";"1";"3";"BD D ARCOLE";"43,6105700";"1,4433300"