"Num_Acc";"jour";"mois";"an";"hrmn";"lum";"dep";"com";"agg";"int";"atm";"col";"adr";"lat";"long"
"201900053257";"15";"2";"2019";"22:46";"5";"25";"25388";"2";"5";"1";"6";"COMBE AUX BICHES (RUE DE LA)";"47,5159600";"6,8105400"
"201900053258";"18";"2";"2019";"17:35";"1";"25";"25056";"2";"1";"1";"6";"LANCHY  RUE NARCISSE";"47,2591600";"6,0286000"
"201900053259";"16";"2";"2019";"12:50";"1";"22";"22187";"1";"1";"1";"2";"RN12";"48,5451700";" -2,8012700"
"201900053260";"16";"2";"2019";"19:00";"5";"19";"19031";"2";"1";"1";"6";"MISTRAL (RUE FREDERIC)";"45,1569400";"1,5136600"
"201900053261";"18";"2";"2019";"17:50";"1";"17";"17028";"2";"1";"1";"2";"ANVILLE   RUE D'";"46,1403800";" -1,1099200"
"201900053262";"18";"2";"2019";"17:19";"1";"13";"13210";"2";"1";"1";"3";"PAUL CLAUDEL (BOULEVARD)";"43,2682700";"5,4155700"
"201900053263";"18";"2";"2019";"15:45";"1";"13";"13210";"2";"1";"1";"2";"PAUL CLAUDEL (BOULEVARD)";"43,2690100";"5,4201900"
"201900053264";"18";"2";"2019";"15:30";"1";"13";"13202";"2";"1";"1";"3";"LAZARET (QUAI DU)";"43,3087690";"5,3663370"
"201900053265";"18";"2";"2019";"16:30";"1";"13";"13201";"2";"1";"1";"6";"STALINGRAD (SQUARE)";"43,2994240";"5,3849960"
"201900053266";"18";"2";"2019";"09:40";"1";"13";"13205";"2";"1";"1";"2";"SAKAKINI (BOULEVARD)";"43,2926500";"5,4011600"
"201900053267";"17";"2";"2019";"13:40";"1";"13";"13207";"2";"3";"1";"5";"Corniche John Fitzgérald Kennedy";"43,2773080";"5,3567210"
"201900053268";"17";"2";"2019";"03:20";"4";"12";"12176";"2";"1";"1";"2";"ESPALION (ROUTE D')";"44,3749600";"2,5923300"
"201900053269";"18";"2";"2019";"11:25";"1";"6";"06123";"2";"9";"1";"3";"MAICON PROMENADE";"43,6666400";"7,1960800"
"201900053270";"16";"2";"2019";"11:50";"1";"3";"03310";"2";"4";"1";"6";"avenue thermale prolongée";"46,1380321";"3,4183212"
"201900053271";"18";"2";"2019";"17:25";"1";"75";"75116";"2";"4";"1";"2";"PORTE D AUTEUIL";"48,8466280";"2,2546070"
"201900053272";"17";"2";"2019";"20:05";"5";"75";"75119";"2";"1";"1";"6";"BOULEVARD PERIPHERIQUE";"48,8835000";"2,3999450"
"201900053273";"18";"2";"2019";"14:40";"1";"75";"75112";"2";"1";"1";"3";"AVENUE DE NOGENT";"48,8399320";"2,4565800"
"201900053274";"16";"2";"2019";"19:10";"5";"75";"75112";"2";"1";"1";"3";"AVENUE DU GENERAL MICHEL BIZOT";"48,8349630";"2,4012220"
"201900053275";"17";"2";"2019";"21:55";"5";"75";"75120";"2";"7";"1";"6";"COURS DE VINCENNES";"48,8471770";"2,4112780"
"201900053276";"18";"2";"2019";"14:25";"1";"75";"75119";"2";"1";"1";"6";"SOUTERRAIN PANTIN VILLETTE";"48,8923370";"2,3955020"
"201900053277";"18";"2";"2019";"16:40";"1";"75";"75117";"2";"1";"1";"6";"RUE DE COURCELLES";"48,8895380";"2,2927570"
"201900053278";"18";"2";"2019";"12:05";"1";"75";"75113";"2";"1";"1";"6";"RUE DE PATAY";"48,8274130";"2,3717840"
"201900053279";"18";"2";"2019";"09:05";"1";"75";"75112";"2";"3";"1";"6";"AVENUE DE SAINT MAURICE";"48,8274680";"2,4193940"
"201900053280";"18";"2";"2019";"12:15";"1";"75";"75110";"2";"1";"1";"3";"BOULEVARD DE MAGENTA";"48,8728600";"2,3591240"
"201900053281";"18";"2";"2019";"08:20";"1";"75";"75108";"2";"2";"1";"3";"RUE D ARTOIS";"48,8737000";"2,3065090"
"201900053282";"17";"2";"2019";"23:03";"4";"93";"93008";"2";"9";"1";"3";"VAILLANT COUTURIER (AVENUE PAUL)";"48,9064986";"2,4605942"
"201900053283";"18";"2";"2019";"08:40";"1";"92";"92073";"2";"1";"1";"3";"DASSAULT (QUAI MARCEL)";"48,8609100";"2,2246000"
"201900053284";"7";"2";"2019";"20:15";"3";"92";"92062";"2";"9";"8";"2";"RUE PIERRE GAUDIN";"48,8870379";"2,2467953"
"201900053285";"17";"2";"2019";"16:40";"1";"92";"92023";"2";"2";"1";"3";"GENERAL DE GAULLE (AV DU) N°440 A 544 ET";"48,7771221";"2,2308045"
"201900053286";"17";"2";"2019";"04:30";"3";"35";"35135";"2";"2";"1";"6";"D21 - carrefour du quengo";"48,2439170";" -1,9424610"
"201900053287";"15";"2";"2019";"18:20";"2";"84";"84142";"1";"1";"1";"4";"D31";"43,9571736";"5,0284366"
"201900053288";"18";"2";"2019";"18:00";"1";"33";"33138";"2";"1";"1";"3";"92 avenue Justin LUQUOT";"45,0399500";" -0,1145100"
"201900053289";"19";"2";"2019";"16:40";"1";"83";"83004";"2";"1";"1";"6";"voie jacques prévert";"43,4513190";"6,4876590"
"201900053290";"19";"2";"2019";"07:15";"3";"40";"40246";"1";"1";"5";"6";"CD DEPARTEMENTALE 626";"44,1239590";" -0,6770130"
"201900053291";"17";"2";"2019";"12:35";"1";"19";"19087";"1";"1";"1";"7";"RD 32";"45,5531420";"1,8815520"
"201900053292";"4";"1";"2019";"13:00";"1";"67";"67248";"1";"6";"1";"6";"Échangeur 10";"48,4750440";"7,5657220"
"201900053293";"8";"1";"2019";"07:31";"5";"55";"55288";"2";"1";"3";"7";"rue nationale";"48,7931240";"5,5415320"
"201900053294";"8";"1";"2019";"18:30";"3";"54";"54090";"2";"3";"2";"7";" rue raymond poincaré";"48,7493670";"6,1634420"
"201900053295";"7";"1";"2019";"18:25";"5";"63";"63263";"2";"1";"1";"6";"15 route de limoge";"45,7811499";"3,0216318"
"201900053296";"7";"1";"2019";"05:50";"5";"74";"74250";"1";"1";"1";"2";"Avenue des digues";"46,0667436";"6,3892230"
"201900053297";"8";"1";"2019";"01:50";"3";"73";"73024";"1";"1";"1";"6";"D95 - L'orée du bois";"45,4661456";"6,4464422"
"201900053298";"7";"1";"2019";"19:00";"3";"24";"24497";"2";"9";"1";"7";"D676";"44,6894490";"0,7531510"
"201900053299";"4";"1";"2019";"07:30";"3";"44";"44047";"1";"1";"1";"6";"M26";"47,2332030";" -1,7044930"
"201900053300";"6";"1";"2019";"06:25";"3";"83";"83090";"1";"1";"1";"4";"N/A";"43,1265500";"5,8913100"
"201900053301";"7";"1";"2019";"02:15";"4";"69";"69276";"1";"1";"1";"6";"A7  PR 10+800";"45,6623400";"4,8426800"
"201900053302";"6";"1";"2019";"18:20";"3";"91";"91434";"1";"9";"2";"2";"AUTOROUTE A6";"48,6680000";"2,3559000"
"201900053303";"6";"1";"2019";"23:00";"5";"93";"93010";"1";"1";"1";"5";"AUTOROUTE A3";"48,9161000";"2,4781200"
"201900053304";"6";"1";"2019";"19:40";"3";"93";"93007";"1";"1";"1";"7";"AUTOROUTE A3";"48,9172000";"2,4781400"
"201900053305";"6";"1";"2019";"04:57";"4";"95";"95154";"1";"1";"1";"5";"AUTOROUTE A1";"49,0354100";"2,5410200"
"201900053306";"6";"1";"2019";"18:40";"3";"976";"97611";"2";"1";"1";"6";"cavani-Mosquée (rue de la)";" -12,7807400";"45,2210600"
"201900053307";"5";"1";"2019";"23:35";"5";"973";"97302";"2";"7";"1";"3";"PLACE DU COQ";"4,9362492";" -52,3342538"
"201900053308";"7";"1";"2019";"00:16";"5";"69";"69386";"2";"3";"1";"6";"MARECHAL LYAUTEY (DU)               (PL)";"45,7687800";"4,8428700"
"201900053309";"6";"1";"2019";"18:00";"2";"972";"97209";"2";"1";"1";"1";"BISHOP (Avenue Maurice)";"14,6032200";" -61,0633500"
"201900053310";"6";"1";"2019";"09:40";"1";"972";"97209";"1";"1";"1";"6";"RD 41 (ROCADE)";"14,6161600";" -61,0606500"
"201900053311";"5";"1";"2019";"02:30";"4";"83";"83144";"2";"6";"1";"7";"UNIVERSITE (AVE DE L')";"43,1384000";"6,0165100"
"201900053312";"6";"1";"2019";"16:00";"1";"69";"69266";"2";"1";"8";"4";"ROGER SALENGRO     (Avenue)";"45,7812700";"4,8853800"
"201900053313";"6";"1";"2019";"12:00";"1";"59";"59299";"2";"1";"1";"6";"LECLERC (RUE DU GENERAL)";"50,6529900";"3,1862700"
"201900053314";"2";"1";"2019";"19:14";"5";"54";"54431";"2";"2";"1";"3";"GAMBETTA (RUE)";"48,9049800";"6,0585900"
"201900053315";"5";"1";"2019";"19:00";"5";"42";"42207";"2";"1";"1";"6";"ORIOL BENOIT RUE";"45,4761300";"4,5162000"
"201900053316";"5";"1";"2019";"13:55";"1";"35";"35238";"2";"1";"1";"3";"MITTERAND (MAIL FRANCOIS)";"48,1098800";" -1,6873500"
"201900053317";"6";"1";"2019";"15:45";"1";"34";"34172";"2";"1";"1";"6";"ERNEST HEMINGWAY (AVENUE)";"43,6312300";"3,8413700"
"201900053318";"5";"1";"2019";"06:45";"3";"31";"31483";"1";"1";"1";"1";"D921";"43,0933100";"0,7331300"
"201900053319";"6";"1";"2019";"15:10";"1";"29";"29039";"1";"3";"1";"7";"KERVIGOT";"47,9169566";" -3,9295091"
"201900053320";"6";"1";"2019";"13:30";"1";"13";"13207";"2";"3";"1";"2";"Corniche John Fitzgérald Kennedy";"43,2823500";"5,3508700"
"201900053321";"6";"1";"2019";"03:05";"3";"13";"13210";"2";"1";"1";"2";"SCHLOESING (BOULEVARD)";"43,2727800";"5,4009700"
"201900053322";"6";"1";"2019";"02:15";"3";"13";"13001";"1";"1";"1";"6";"CHATEAU D'ALPHERAN (CH DU)";"43,5874300";"5,4197100"
"201900053323";"5";"1";"2019";"12:16";"1";"10";"10387";"2";"1";"8";"4";"JULES GUESDE (RUE)";"48,2848700";"4,0836100"
"201900053324";"5";"1";"2019";"19:45";"5";"6";"06088";"2";"2";"1";"3";"PARIS (R. DE)";"43,7053160";"7,2692460"
"201900053325";"6";"1";"2019";"20:50";"5";"6";"06069";"2";"1";"1";"6";"POISSONNIERS (CHEMIN DES)";"43,6480600";"6,9434800"
"201900053326";"6";"1";"2019";"09:40";"1";"6";"06069";"2";"1";"1";"1";"ZILLER (AVENUE PIERRE)";"43,6763600";"6,9468700"
"201900053327";"6";"1";"2019";"04:35";"5";"75";"75118";"2";"3";"1";"6";"BOULEVARD BARBES";"48,8844860";"2,3494900"
"201900053328";"6";"1";"2019";"19:50";"5";"75";"75115";"2";"3";"1";"3";"RUE DE VAUGIRARD";"48,8348520";"2,2917080"
"201900053329";"6";"1";"2019";"18:10";"5";"75";"75115";"2";"2";"1";"6";"RUE CAMBRONNE";"48,8418140";"2,3032600"
"201900053330";"6";"1";"2019";"18:15";"5";"75";"75104";"2";"1";"8";"1";"BOULEVARD MORLAND";"48,8487580";"2,3646200"
"201900053331";"6";"1";"2019";"05:30";"5";"75";"75104";"2";"7";"1";"6";"QUAI DE L HOTEL DE VILLE";"48,8560730";"2,3507010"
"201900053332";"5";"1";"2019";"22:37";"5";"94";"94077";"2";"2";"1";"3";"BALU (R)";"48,7362500";"2,4101100"
"201900053333";"5";"1";"2019";"14:25";"1";"94";"94018";"2";"1";"1";"3";"BERCY (QU DE)";"48,8251800";"2,3943200"
"201900053334";"6";"1";"2019";"01:00";"5";"93";"93008";"2";"9";"1";"1";"ROBESPIERRE (RUE) D20";"48,9131720";"2,4689000"
"201900053335";"6";"1";"2019";"06:00";"5";"92";"92062";"2";"9";"1";"2";"GENERAL DE GAULLE (AVENUE DU)";"48,8892882";"2,2372092"
"201900053336";"5";"1";"2019";"21:40";"5";"92";"92026";"2";"2";"1";"5";"AVENUE GAMBETTA";"48,8927800";"2,2455300"
"201900053337";"7";"1";"2019";"04:15";"5";"74";"74191";"2";"1";"1";"6";"1461 route de la plagne";"46,1914980";"6,6923300"
"201900053338";"6";"1";"2019";"18:50";"5";"972";"97207";"1";"1";"1";"5";"RN5";"14,5899870";" -60,9828810"
"201900053339";"6";"1";"2019";"11:10";"1";"21";"21128";"1";"1";"2";"2";"Autoroute A6";"47,2822010";"4,5092880"
"201900053340";"7";"1";"2019";"13:15";"1";"41";"41172";"1";"2";"8";"3";"RD 924 / C7";"47,9448980";"1,3212540"
"201900053341";"6";"1";"2019";"19:15";"3";"33";"33266";"1";"1";"1";"1";"Route départementale 18";"45,0661440";" -0,3429130"
"201900053342";"5";"1";"2019";"17:45";"3";"89";"89189";"1";"3";"8";"1";"Intersection D606 - D 25";"48,2761930";"3,2228250"
"201900053343";"6";"1";"2019";"17:10";"2";"41";"41256";"1";"1";"1";"5";"D60- PK45+300";"47,3242960";"2,0295010"
"201900053344";"7";"1";"2019";"07:00";"5";"41";"41194";"1";"6";"5";"7";"d922";"47,3706980";"1,7384520"
"201900053345";"4";"1";"2019";"14:30";"1";"29";"29260";"2";"1";"7";"6";"rue des jardins";"48,4321960";" -4,6193540"
"201900053346";"6";"1";"2019";"20:45";"3";"31";"31481";"1";"1";"1";"6";"D632";"43,4909900";"1,1315000"
"201900053347";"7";"1";"2019";"19:15";"3";"2";"02201";"2";"1";"2";"6";"rue du ru du retz - D17";"49,3422530";"3,1611520"
"201900053348";"7";"1";"2019";"18:15";"3";"1";"01372";"1";"1";"1";"5";"RD 31 C";"45,8412530";"5,6750440"
"201900053349";"6";"1";"2019";"22:09";"5";"5";"05054";"2";"1";"1";"6";"Lieu-dit LES BARRAQUES";"44,6753160";"6,0721280"
"201900053350";"7";"1";"2019";"07:45";"1";"83";"83046";"1";"1";"1";"7";"route de carces";"43,4953060";"6,1637230"
"201900053351";"7";"1";"2019";"10:15";"1";"73";"73129";"2";"2";"1";"6";"Grande rue D201";"45,6016218";"6,2539239"
"201900053352";"6";"1";"2019";"06:00";"3";"43";"43216";"1";"1";"1";"6";"cd 906 PK 22+150";"45,1200320";"3,8211500"
"201900053353";"7";"1";"2019";"07:10";"3";"21";"21327";"1";"3";"8";"5";"RD 906/ RD 17";"47,0191840";"4,6493310"
"201900053354";"6";"1";"2019";"23:00";"3";"24";"24069";"1";"1";"1";"7";"cd 2";"45,2622370";"0,6247240"
"201900053355";"7";"1";"2019";"06:15";"3";"28";"28114";"1";"1";"1";"6";"R927 PK/PR 26+600";"48,1400390";"1,6417710"
"201900053356";"4";"1";"2019";"19:00";"5";"30";"30133";"2";"1";"1";"6";"rue du levant";"43,5347800";"4,1380100"
"201900053357";"7";"1";"2019";"08:05";"2";"8";"08198";"1";"2";"5";"3";"RD 946";"49,3558780";"4,8651970"
"201900053358";"7";"1";"2019";"06:40";"3";"73";"73151";"1";"1";"1";"6";"autoroute A43";"45,4942304";"6,0220557"
"201900053359";"6";"1";"2019";"18:30";"3";"17";"17444";"1";"1";"1";"5";"A 10";"45,6798970";" -0,6429590"
"201900053360";"7";"1";"2019";"07:25";"3";"62";"62121";"1";"1";"1";"4";"Autoroute A1 sens Paris Lille";"50,1338140";"2,8718990"
"201900053361";"6";"1";"2019";"00:35";"5";"987";"98722";"2";"1";"3";"5";"PK 37.500, route territoriale numéro 2";" -17,5940310";" -149,3962270"
"201900053362";"3";"1";"2019";"08:00";"2";"77";"77193";"1";"1";"1";"7";"D9 - Route de forfry";"49,0546580";"2,8505790"
"201900053363";"6";"1";"2019";"14:00";"1";"77";"77141";"1";"9";"8";"2";"D406 X BRET. A4";"48,8554700";"2,8554700"
"201900053364";"6";"1";"2019";"21:00";"3";"78";"78349";"1";"1";"1";"6";"D149 - le plessis mornay";"48,5668130";"1,9872880"
"201900053365";"4";"1";"2019";"15:47";"1";"84";"84092";"2";"1";"1";"3";"AVENUE JULES VERNE";"43,9840320";"4,8795390"
"201900053366";"6";"1";"2019";"19:05";"3";"89";"89196";"1";"1";"1";"2";"A6- Pk143+500 - Guerchy";"47,8854310";"3,4245680"
"201900053367";"7";"1";"2019";"07:45";"2";"67";"67526";"2";"1";"1";"2";"rue de kertzfeld";"48,3947980";"7,5829800"
"201900053368";"4";"1";"2019";"15:20";"1";"69";"69278";"2";"1";"7";"6";"34 route de St André de Corcy";"45,9018400";"4,8554870"
"201900053369";"7";"1";"2019";"14:00";"1";"33";"33228";"2";"1";"1";"1";"lamartine";"45,0625780";" -0,5331310"
"201900053370";"6";"1";"2019";"13:05";"1";"33";"33436";"1";"2";"8";"3";"D110E6 / RD651";"44,5214400";" -0,6268600"
"201900053371";"6";"1";"2019";"17:35";"2";"35";"35294";"1";"1";"1";"7";"la couplais";"47,7074970";" -1,9935530"
"201900053372";"5";"1";"2019";"22:30";"3";"59";"59218";"1";"1";"2";"7";"Route Nationale 2";"50,0620340";"3,9435760"
"201900053373";"5";"1";"2019";"17:40";"3";"67";"67482";"1";"1";"8";"3";"Autoroute A.35";"48,5818500";"7,7240200"
"201900053374";"1";"1";"2019";"05:50";"3";"67";"67218";"1";"1";"1";"2";"Autoroute A.35";"48,5460500";"7,7275900"
"201900053375";"6";"1";"2019";"07:10";"3";"33";"33122";"1";"1";"1";"6";"AUTOROUTE A 63";"44,7548700";" -0,6869000"
"201900053376";"6";"1";"2019";"02:25";"4";"92";"92036";"1";"1";"1";"2";"AUTOROUTE A86";"48,9387000";"2,3009000"
"201900053377";"24";"9";"2019";"08:40";"1";"75";"75113";"2";"1";"2";"6";"QUAI D AUSTERLITZ";"48,8401750";"2,3703080"
"201900053378";"6";"1";"2019";"10:00";"1";"94";"94042";"1";"1";"1";"2";"A4";"48,8294519";"2,4832160"
"201900053379";"24";"9";"2019";"08:00";"1";"75";"75113";"2";"3";"2";"6";"AVENUE D ITALIE";"48,8204289";"2,3590657"
"201900053380";"1";"1";"2019";"22:34";"3";"976";"97611";"2";"6";"1";"7";"mgombani-Mahabou (rond point)";" -12,7828899";"45,2344100"
"201900053381";"24";"9";"2019";"20:35";"5";"75";"75111";"2";"2";"1";"6";"RUE SAINT MAUR";"48,8656390";"2,3773600"
"201900053382";"24";"9";"2019";"18:15";"1";"75";"75111";"2";"1";"3";"6";"RUE SEDAINE";"48,8583441";"2,3778232"
"201900053383";"24";"9";"2019";"08:40";"1";"75";"75111";"2";"1";"2";"6";"BOULEVARD VOLTAIRE";"48,8645910";"2,3687980"
"201900053384";"1";"1";"2019";"12:50";"1";"49";"49007";"2";"1";"1";"6";"BEDIER BOULEVARD";"47,4519900";" -0,5436400"
"201900053385";"24";"9";"2019";"18:55";"1";"75";"75110";"2";"1";"2";"6";"BOULEVARD DE MAGENTA";"48,8770469";"2,3553874"
"201900053386";"2";"1";"2019";"22:05";"3";"95";"95582";"1";"1";"1";"6";"AUTOROUTE A15";"48,9679000";"2,2523000"
"201900053387";"24";"9";"2019";"18:10";"1";"75";"75118";"2";"2";"2";"2";"BOULEVARD DE CLICHY";"48,8846951";"2,3295093"
"201900053388";"1";"1";"2019";"17:25";"1";"988";"98818";"2";"3";"1";"7";"RUE GABRIEL LAROQUE/RUE NUNGESSER";" -22,3035300";"166,4495000"
"201900053389";"4";"1";"2019";"15:50";"1";"976";"97611";"2";"1";"1";"6";"passamanty-Sada ( rue de )";" -12,8037100";"45,2123500"
"201900053390";"1";"1";"2019";"13:55";"1";"974";"97416";"2";"3";"1";"1";"Rue Adrien Recherchant";" -21,2833700";"55,4772200"
"201900053391";"24";"9";"2019";"15:10";"1";"75";"75108";"2";"2";"1";"3";"AVENUE DES CHAMPS ELYSEES";"48,8658568";"2,3198935"
"201900053392";"2";"1";"2019";"11:20";"1";"974";"97411";"2";"3";"1";"6";"Rue Saint Marie";" -20,8828500";"55,4583000"
"201900053393";"24";"9";"2019";"13:00";"1";"75";"75107";"2";"4";"2";"3";"BOULEVARD SAINT GERMAIN";"48,8611803";"2,3206059"
"201900053394";"1";"1";"2019";"05:40";"1";"974";"97411";"2";"3";"1";"1";"Rue Sainte Marie";" -20,8828500";"55,4583000"
"201900053395";"1";"1";"2019";"00:10";"3";"974";"97409";"1";"1";"1";"2";"RN2";" -20,9611120";"55,6577380"
"201900053396";"22";"9";"2019";"23:45";"5";"75";"75104";"2";"1";"1";"6";"BOULEVARD BEAUMARCHAIS";"48,8543850";"2,3688040"
"201900053397";"4";"1";"2019";"11:40";"1";"974";"97407";"2";"1";"1";"6";"DIERX(RUE";" -20,9475662";"55,2913409"
"201900053398";"24";"9";"2019";"10:00";"1";"94";"94067";"2";"1";"8";"6";"GENERAL DE GAULLE (AV DU)";"48,8356700";"2,4193300"
"201900053399";"3";"1";"2019";"18:30";"1";"974";"97407";"2";"6";"1";"3";"Boulevard des Mascareignes";" -20,9400000";"55,3076700"
"201900053400";"5";"1";"2019";"00:45";"5";"973";"97302";"1";"1";"1";"2";"ROUTE NATIONALE II";"4,9017800";" -52,3249600"
"201900053401";"2";"1";"2019";"17:02";"1";"973";"97302";"2";"1";"2";"3";"MADELEINE (ROUTE DE LA)";"4,9221181";" -52,3230314"
"201900053402";"2";"1";"2019";"09:00";"1";"973";"97302";"2";"1";"1";"3";"MONT LUCAS 1 (CITE)";"4,9247477";" -52,3020512"
"201900053403";"23";"9";"2019";"16:40";"1";"94";"94043";"2";"3";"1";"3";"GABRIEL PERI (R)";"48,8061500";"2,3458200"
"201900053404";"23";"9";"2019";"18:15";"1";"94";"94043";"2";"2";"1";"3";"FONTAINEBLEAU (AV DE)";"48,8071700";"2,3631100"
"201900053405";"24";"9";"2019";"19:00";"1";"94";"94041";"2";"2";"1";"6";"MAURICE THOREZ (AV)";"48,8169300";"2,3761300"
"201900053406";"24";"9";"2019";"09:10";"1";"94";"94041";"2";"2";"2";"3";"MARCEL LAMANT (R)";"48,8056300";"2,3844200"
"201900053407";"24";"9";"2019";"16:45";"1";"94";"94034";"2";"4";"1";"3";"WISSOUS (R DE)";"48,7522000";"2,3236900"
"201900053408";"23";"9";"2019";"21:28";"4";"94";"94011";"2";"9";"1";"3";"MOULIN(RUE JEAN)";"48,7677000";"2,4834800"
"201900053409";"1";"1";"2019";"11:00";"1";"973";"97302";"2";"1";"1";"7";"CATAYEE (JUSTIN)";"4,9399690";" -52,3307562"
"201900053410";"23";"9";"2019";"23:30";"5";"94";"94017";"2";"1";"1";"6";"MARX DORMOY (AV)";"48,8090560";"2,5237240"
"201900053411";"4";"1";"2019";"09:35";"1";"69";"69387";"2";"2";"1";"3";"TONY GARNIER                        (AV)";"45,7265400";"4,8269200"
"201900053412";"17";"9";"2019";"19:00";"1";"94";"94071";"2";"3";"1";"3";"CITE VERTE (R DE LA)";"48,7715700";"2,5249800"
"201900053413";"3";"1";"2019";"15:25";"1";"69";"69383";"2";"1";"1";"5";"RICHARD VITTON                      (CO)";"45,7532200";"4,8935900"
"201900053414";"24";"9";"2019";"18:55";"1";"93";"93078";"2";"2";"3";"3";"CLEMENCEAU (AVENUE GEORGES)";"48,9581690";"2,5583750"
"201900053415";"3";"1";"2019";"13:15";"1";"69";"69388";"2";"1";"1";"1";"JEAN SARRAZIN                       (R )";"45,7300700";"4,8629500"
"201900053416";"2";"1";"2019";"14:45";"1";"69";"69383";"2";"1";"1";"2";"FELIX FAURE                         (AV)";"45,7549200";"4,8704200"
"201900053417";"2";"1";"2019";"14:30";"1";"69";"69383";"2";"1";"1";"6";"CHATEAU (DU)                        (AV)";"45,7487290";"4,8842200"
"201900053418";"2";"1";"2019";"08:45";"1";"69";"69383";"2";"2";"8";"3";"DUGUESCLIN                          (R )";"45,7548800";"4,8498800"
"201900053419";"24";"9";"2019";"15:30";"5";"93";"93073";"2";"3";"2";"3";"CHAPIT RE ( RUE DU)";"49,0035920";"2,5367900"
"201900053420";"1";"1";"2019";"05:40";"5";"69";"69387";"2";"9";"1";"3";"JEAN JAURES                         (AV)";"45,7278000";"4,8315400"
"201900053421";"23";"9";"2019";"14:10";"1";"93";"93070";"2";"1";"1";"6";"CHARLES SCHMIDT(RUE) : DU 1 AU 47";"48,9061100";"2,3321900"
"201900053422";"1";"1";"2019";"01:30";"5";"69";"69259";"2";"3";"2";"2";"PIERRE SEMARD                       (AV)";"45,7072900";"4,8768900"
"201900053423";"4";"1";"2019";"19:14";"3";"972";"97213";"1";"1";"1";"2";"AUTOROUTE A1";"14,6184500";" -61,0258100"
"201900053424";"24";"9";"2019";"14:30";"1";"93";"93066";"2";"1";"2";"4";"VAILLANT COUTURIER PAUL (AV) NR 2 A 110";"48,9320900";"2,3650000"
"201900053425";"23";"9";"2019";"18:40";"2";"93";"93055";"2";"3";"1";"6";"EDOUARD VAILLANT DU 64/130";"48,9025500";"2,3929200"
"201900053426";"27";"10";"2019";"13:10";"1";"35";"35238";"2";"3";"1";"3";"PAYS-BAS (AVENUE DES)";"48,0835000";" -1,6609100"
"201900053427";"24";"9";"2019";"16:25";"1";"93";"93046";"2";"1";"8";"1";"POSTES CHEMIN DES";"48,9166970";"2,5423917"
"201900053428";"4";"1";"2019";"17:00";"1";"972";"97209";"2";"1";"1";"6";"BISHOP (Avenue Maurice)";"14,6116000";" -61,0533000"
"201900053429";"24";"9";"2019";"08:00";"1";"93";"93074";"2";"1";"8";"3";"COURTRY RUE DE";"48,9359490";"2,6017780"
"201900053430";"4";"1";"2019";"16:25";"1";"972";"97209";"2";"1";"1";"2";"22 MAI 1848 (PLACE DU)";"14,6133900";" -61,0708400"
"201900053431";"4";"1";"2019";"03:05";"5";"69";"69382";"2";"1";"1";"6";"DOCTEUR GAILLETON (DU)              (QU)";"45,7497100";"4,8312600"
"201900053432";"23";"9";"2019";"22:30";"5";"93";"93029";"2";"1";"2";"1";"MARCEAU (AVENUE) N° 29-FIN";"48,9299400";"2,4321200"
"201900053433";"24";"9";"2019";"21:20";"5";"93";"93027";"2";"1";"2";"6";"VAILLANT-COUTURIER (AVENUE PAUL)";"48,9183200";"2,4078800"
"201900053434";"3";"1";"2019";"16:30";"1";"69";"69152";"2";"1";"1";"6";"MURIERS (DES)                       (CH)";"45,6951800";"4,8258500"
"201900053435";"24";"9";"2019";"10:00";"1";"93";"93047";"2";"3";"2";"6";"CHARDONNERETS  (AVENUE DES)";"48,8955500";"2,5651100"
"201900053436";"3";"1";"2019";"15:00";"1";"69";"69389";"2";"1";"7";"6";"24 MARS 1852 ";"45,7808800";"4,8060400"
"201900053437";"3";"1";"2019";"08:36";"2";"69";"69142";"2";"1";"1";"3";"STEPHANE DECHANT                    (R )";"45,7233500";"4,8122300"
"201900053438";"24";"9";"2019";"18:15";"1";"93";"93005";"2";"3";"3";"6";"MAXIMILIEN ROBESPIERRE (RUE)";"48,9456600";"2,4986300"
"201900053439";"1";"1";"2019";"20:20";"5";"69";"69381";"2";"1";"2";"3";"LOUIS PRADEL                        (PL)";"45,7685100";"4,8378100"
"201900053440";"24";"9";"2019";"12:10";"1";"92";"92064";"2";"1";"2";"7";"DAILLY";"48,8458000";"2,2180000"
"201900053441";"26";"10";"2019";"19:30";"2";"30";"30007";"2";"1";"1";"6";"GRAND'RUE";"44,1217200";"4,0795100"
"201900053442";"4";"1";"2019";"19:30";"5";"971";"97101";"2";"9";"1";"6";"BEAUSOLEIL";"16,2805700";" -61,4714900"
"201900053443";"24";"9";"2019";"07:40";"1";"92";"92033";"2";"1";"8";"2";"GRANDE RUE";"48,8429000";"2,1955900"
"201900053444";"3";"1";"2019";"20:00";"5";"2A";"2A004";"2";"3";"1";"6";"AVENUE DU DOCTEUR NOEL FRANCHINI";"41,9361700";"8,7534000"
"201900053445";"27";"10";"2019";"21:25";"5";"29";"29039";"1";"3";"1";"3";"PENANGUER ( RUE DE)";"47,9077857";" -3,9181709"
"201900053446";"23";"9";"2019";"19:15";"1";"92";"92049";"2";"1";"1";"3";"BARBES RUE";"48,8173104";"2,3277103"
"201900053447";"2";"1";"2019";"10:35";"1";"2A";"2A004";"2";"1";"1";"6";"LAZARET ROUTE DU";"41,9271800";"8,7593000"