"Num_Acc";"jour";"mois";"an";"hrmn";"lum";"dep";"com";"agg";"int";"atm";"col";"adr";"lat";"long"
"201900053448";"24";"9";"2019";"11:35";"1";"92";"92040";"2";"1";"2";"7";"GARIBALDI (BOULEVARD)";"48,8260800";"2,2618700"
"201900053449";"27";"10";"2019";"03:40";"5";"25";"25056";"2";"7";"1";"6";"FAURE AVENUE EDGAR";"47,2441200";"6,0178010"
"201900053450";"2";"1";"2019";"19:42";"5";"95";"95268";"2";"9";"1";"7";"RUE TOULOUSE LAUTREC";"48,9777500";"2,3927600"
"201900053451";"27";"10";"2019";"10:00";"1";"17";"17415";"2";"1";"1";"6";"ZOLA RUE EMILE";"45,7410300";" -0,6209900"
"201900053452";"24";"9";"2019";"07:45";"1";"92";"92040";"2";"1";"2";"3";"CAMILLE DESMOULINS";"48,8273970";"2,2610150"
"201900053453";"4";"1";"2019";"06:30";"5";"95";"95210";"2";"1";"1";"6";"CEINTURE (AVENUE DE)";"48,9699700";"2,3035900"
"201900053454";"24";"9";"2019";"13:40";"1";"92";"92036";"2";"1";"1";"6";"JEAN JAURES (RUE) (1/33)";"48,9308500";"2,2949700"
"201900053455";"27";"10";"2019";"18:50";"3";"13";"13209";"1";"1";"1";"6";"COL DE LA GINESTE D559";"43,2467500";"5,4497200"
"201900053456";"27";"10";"2019";"16:45";"1";"13";"13213";"2";"1";"1";"2";"NICOLAS APPERT (RUE)";"43,3396140";"5,4179920"
"201900053457";"24";"9";"2019";"08:00";"1";"92";"92026";"2";"6";"1";"3";"TROIS FRÈRES LEBOEUF (PLACE DES)";"48,8975080";"2,2383740"
"201900053458";"24";"9";"2019";"18:30";"1";"92";"92019";"2";"1";"2";"6";"VIGNES (GRANDE VOIE DES)";"48,7658700";"2,2848600"
"201900053459";"24";"9";"2019";"18:25";"1";"92";"92012";"2";"1";"1";"6";"EDOUARD VAILLANT (AVENUE) 57/FIN - 58/FI";"48,8347967";"2,2471736"
"201900053460";"27";"10";"2019";"12:30";"1";"13";"13209";"2";"6";"1";"2";"LANCIER (CHEMIN DU)";"43,2472430";"5,3969600"
"201900053461";"20";"9";"2019";"18:00";"1";"63";"63345";"1";"1";"1";"1";"D 90 - PK10+500";"45,7386299";"3,0187328"
"201900053462";"4";"1";"2019";"16:25";"1";"91";"91345";"2";"2";"1";"6";"PRESIDENT FRANCOIS MITTERAND";"48,6900400";"2,2888500"
"201900053463";"22";"9";"2019";"16:30";"1";"976";"97610";"2";"1";"1";"1";"Chemin de Dubai";" -12,7461810";"45,1878380"
"201900053464";"4";"1";"2019";"13:20";"1";"91";"91174";"2";"3";"1";"4";"JEAN JAURES (BOULEVARD)";"48,6089250";"2,4638720"
"201900053465";"23";"9";"2019";"14:54";"3";"47";"47324";"1";"1";"1";"5";"la margagne";"44,6429920";"0,7829958"
"201900053466";"21";"9";"2019";"16:10";"1";"18";"18079";"1";"1";"1";"7";"Chemin de la Cote";"47,3048891";"2,7315520"
"201900053467";"1";"1";"2019";"17:30";"5";"91";"91479";"2";"9";"1";"3";"GENERAL DE GAULLE (AVENUE DU)";"48,7068000";"2,3564000"
"201900053468";"3";"1";"2019";"08:30";"1";"91";"91425";"1";"1";"1";"2";"NATIONALE 20 (ROUTE)";"48,6450100";"2,2701610"
"201900053469";"25";"9";"2019";"11:55";"1";"41";"41167";"2";"9";"1";"6";"35 Rue Gustave Marc (Onzain)";"47,4968390";"1,1779510"
"201900053470";"3";"1";"2019";"16:40";"1";"85";"85194";"2";"1";"1";"6";"23 AVENUE DU GENERAL DE GAULLE ";"46,4986000";" -1,7812500"
"201900053471";"3";"1";"2019";"19:15";"5";"84";"84007";"2";"1";"6";"6";"RHONE (Boulevard du )";"43,9507200";"4,8024500"
"201900053472";"1";"1";"2019";"16:30";"1";"84";"84007";"2";"1";"1";"6";"WETZLAR (Avenue de )";"43,9466800";"4,8285600"
"201900053473";"5";"1";"2019";"08:00";"1";"83";"83137";"2";"1";"1";"3";"15EME CORPS (AVE DU)";"43,1284600";"5,9152700"
"201900053474";"2";"1";"2019";"11:10";"1";"83";"83069";"2";"1";"1";"3";"FONT DES HORTS (CHEMIN DE LA)";"43,0915700";"6,1230300"
"201900053475";"5";"1";"2019";"15:40";"1";"82";"82121";"2";"3";"1";"6";"MOULIN (avenue jean )N2020";"44,0271300";"1,3674600"
"201900053476";"12";"9";"2019";"14:00";"1";"12";"12033";"2";"2";"1";"3";"La Rotonde";"44,4695580";"2,7292730"
"201900053477";"24";"9";"2019";"17:40";"1";"83";"83036";"2";"7";"1";"3";"Boulevard Pasteur";"43,1697570";"6,5332930"
"201900053478";"24";"9";"2019";"12:10";"1";"62";"62022";"2";"1";"2";"7";"D 127";"50,7307910";"1,8010590"
"201900053479";"27";"10";"2019";"02:00";"5";"13";"13202";"2";"1";"1";"3";"ARENC (QUAI D')";"43,3133162";"5,3662142"
"201900053480";"24";"9";"2019";"09:00";"1";"56";"56179";"1";"4";"8";"1";"Resterzerh";"47,8448810";" -3,4098900"
"201900053481";"27";"10";"2019";"15:30";"1";"13";"13005";"1";"1";"1";"3";"THUILIERE (CHEMIN DE LA CD44)";"43,2998100";"5,5321800"
"201900053482";"26";"10";"2019";"21:31";"5";"3";"03185";"2";"2";"1";"6";"avenue du Président Auriol";"46,3321929";"2,5854933"
"201900053483";"25";"9";"2019";"12:50";"1";"79";"79062";"2";"2";"2";"3";"Rue du Passage-des-Pierres";"46,8204250";" -0,6706510"
"201900053484";"1";"1";"2019";"23:30";"5";"80";"80021";"2";"2";"1";"3";"R MORGAN";"49,8856500";"2,3015600"
"201900053485";"24";"9";"2019";"13:30";"1";"82";"82173";"2";"3";"1";"7";"D25";"43,8948260";"1,1374310"
"201900053486";"4";"1";"2019";"17:28";"2";"79";"79329";"2";"1";"1";"3";"2 boulevard Diepholz";"46,9813000";" -0,1977500"
"201900053487";"21";"9";"2019";"17:00";"1";"61";"61484";"1";"1";"1";"6";"RD 107  MALE";"48,2486290";"0,7064900"
"201900053488";"4";"1";"2019";"11:15";"1";"79";"79081";"2";"3";"1";"3";"Rue du Stade";"46,3444100";" -0,3760100"
"201900053489";"25";"9";"2019";"11:00";"1";"34";"34107";"1";"1";"1";"6";"CD14";"43,5848310";"2,8676530"
"201900053490";"19";"9";"2019";"16:15";"1";"38";"38240";"1";"1";"1";"1";"195 ROUTE DE L'HOPITAL";"45,3855960";"4,9872510"
"201900053491";"23";"9";"2019";"08:49";"1";"3";"03082";"2";"1";"7";"6";"rue Jean-Jacques Rousseau";"46,2886601";"2,7431319"
"201900053492";"27";"10";"2019";"10:35";"1";"75";"75107";"2";"2";"2";"3";"BOULEVARD SAINT GERMAIN";"48,8585157";"2,3231162"
"201900053493";"3";"1";"2019";"04:07";"3";"77";"77294";"1";"1";"1";"6";"CD 309";"48,9689800";"2,5914400"
"201900053494";"23";"9";"2019";"18:55";"1";"26";"26027";"1";"3";"1";"3";"intersection D157 et D739";"44,7289920";"5,2745080"
"201900053495";"2";"1";"2019";"18:40";"3";"77";"77518";"1";"9";"1";"6";"D607 X BRET. INSERTION CC.";"48,5039500";"2,5760800"
"201900053496";"25";"9";"2019";"07:15";"2";"6";"06007";"2";"1";"1";"3";"101 Route de Grasse";"43,6089150";"6,9154930"
"201900053497";"5";"1";"2019";"14:45";"1";"77";"77243";"2";"1";"1";"6";"MAL DE LATTRE DE TASSIGNY (AVENUE DU)";"48,8780700";"2,7000400"
"201900053498";"3";"1";"2019";"13:25";"1";"76";"76351";"2";"1";"1";"3";"PAUL VERLAINE (AVENUE)";"49,5095100";"0,1522600"
"201900053499";"11";"9";"2019";"18:15";"1";"14";"14005";"1";"1";"6";"1";"D40";"49,0792430";" -0,1434660"
"201900053500";"3";"1";"2019";"17:30";"5";"76";"76351";"2";"6";"1";"6";"MARCEAU (RUE)";"49,4914900";"0,1329700"
"201900053501";"25";"9";"2019";"15:05";"1";"60";"60471";"2";"1";"2";"6";"50 Avenue Jean Jaurès";"49,5764235";"2,9919733"
"201900053502";"4";"1";"2019";"11:20";"1";"76";"76259";"2";"1";"1";"6";"FORTS ( RUE DES)";"49,7549000";"0,3813000"
"201900053503";"25";"9";"2019";"11:00";"1";"40";"40211";"1";"1";"3";"6";"Route du Haou";"43,6405000";" -1,1772810"
"201900053504";"3";"1";"2019";"14:15";"1";"76";"76545";"1";"9";"1";"3";"BOURBON (COURS)";"49,9148600";"1,0943600"
"201900053505";"25";"9";"2019";"09:00";"1";"4";"04124";"1";"1";"1";"6";"RD 11";"43,7772870";"6,1262240"
"201900053506";"1";"1";"2019";"04:34";"3";"73";"73011";"1";"1";"9";"6";"Voie sur berges (RD 1212)";"45,6652586";"6,3906546"
"201900053507";"4";"1";"2019";"10:30";"1";"71";"71040";"2";"1";"8";"7";"MOULIN (RUE DU)";"46,7121050";"4,4004000"
"201900053508";"4";"1";"2019";"01:50";"3";"71";"71540";"1";"1";"1";"7";"RD 290 PR 5+900";"46,7708400";"4,4715900"
"201900053509";"25";"9";"2019";"14:40";"1";"27";"27226";"2";"1";"2";"1";"Route départementale 6";"49,3001190";"1,6084600"
"201900053510";"3";"1";"2019";"07:40";"5";"69";"69256";"2";"1";"1";"3";"ROGER SALENGRO                      (R )";"45,7578000";"4,9286500"
"201900053511";"25";"9";"2019";"00:45";"3";"27";"27324";"1";"4";"1";"3";"D17";"49,3644700";"1,7417450"
"201900053512";"1";"1";"2019";"18:50";"5";"69";"69282";"2";"3";"1";"3";"LOUIS SAULNIER                      (R )";"45,7628200";"5,0021100"
"201900053513";"25";"9";"2019";"06:00";"3";"87";"87018";"1";"1";"2";"6";"Le Petit Echerat";"46,0521790";"0,9723780"
"201900053514";"1";"1";"2019";"17:40";"5";"69";"69266";"2";"3";"1";"3";"LEON BLUM      (Rue)";"45,7635000";"4,9151600"
"201900053515";"23";"9";"2019";"09:10";"1";"37";"37133";"1";"1";"5";"7";"D9";"47,0925147";"1,2237909"
"201900053516";"25";"9";"2019";"00:50";"3";"30";"30177";"1";"1";"1";"6";"Route départementale 981, 30360 MONTEILS";"44,0922550";"4,1733930"
"201900053517";"1";"1";"2019";"04:40";"5";"69";"69266";"2";"1";"1";"4";"EDOUARD VAILLANT      (Rue)";"45,7719600";"4,8809000"
"201900053518";"3";"1";"2019";"18:25";"5";"67";"67482";"2";"1";"8";"6";"PAUL ELUARD (RUE)";"48,5886000";"7,6972300"
"201900053519";"25";"9";"2019";"10:55";"1";"48";"48131";"1";"1";"2";"7";"D996";"44,1921550";"3,2253210"
"201900053520";"3";"1";"2019";"17:55";"5";"67";"67482";"2";"1";"1";"6";"ROMAINS (ROUTE DES)";"48,5782400";"7,7068700"
"201900053521";"24";"9";"2019";"22:30";"3";"1";"01228";"1";"1";"1";"5";"A40";"46,1337700";"5,5229830"
"201900053522";"3";"1";"2019";"17:05";"5";"67";"67482";"2";"1";"1";"6";"LANGUEDOC (RUE DU)";"48,5480700";"7,7440700"
"201900053523";"26";"10";"2019";"16:15";"1";"75";"75107";"2";"2";"1";"6";"BOULEVARD DES INVALIDES";"48,8494428";"2,3151501"
"201900053524";"23";"9";"2019";"09:05";"1";"34";"34247";"2";"1";"1";"6";"Avenue de Saint-Sauveur";"43,7110940";"3,8335940"
"201900053525";"2";"1";"2019";"15:00";"1";"67";"67482";"2";"3";"1";"6";"NEUHOF (ROUTE)";"48,5548900";"7,7663300"
"201900053526";"30";"7";"2019";"09:55";"1";"74";"74268";"2";"9";"1";"6";"Avenue d'Aix-Les-Bains (Seynod)";"45,8925070";"6,1108380"
"201900053527";"27";"10";"2019";"08:50";"1";"75";"75119";"2";"7";"2";"7";"PLACE AUGUSTE BARON";"48,9006310";"2,3870339"
"201900053528";"3";"1";"2019";"15:15";"1";"64";"64483";"2";"1";"1";"6";"HUGO VICTOR (BOULEVARD)";"43,3888100";" -1,6582600"
"201900053529";"27";"10";"2019";"01:20";"5";"75";"75114";"2";"2";"1";"6";"RUE DE LA LEGION ETRANGERE";"48,8205600";"2,3242068"
"201900053530";"25";"9";"2019";"07:15";"2";"69";"69098";"1";"1";"1";"4";"D81E";"45,7201900";"4,4392490"
"201900053531";"5";"1";"2019";"20:10";"5";"64";"64445";"2";"1";"1";"2";"JEAN MERMOZ";"43,3056300";" -0,3450500"
"201900053532";"25";"9";"2019";"16:10";"1";"38";"38063";"1";"1";"1";"6";"A48 PK061.700 sens GRENOBLE-LYON";"45,4250660";"5,4393400"
"201900053533";"27";"10";"2019";"05:40";"5";"75";"75113";"2";"3";"2";"7";"RUE GIFFARD";"48,8379228";"2,3732586"
"201900053534";"24";"9";"2019";"14:20";"1";"21";"21405";"1";"1";"1";"2";"AUtoroute A6 - PK 312.850";"46,9547330";"4,8335670"
"201900053535";"1";"1";"2019";"02:10";"5";"64";"64445";"2";"2";"1";"3";"CASTETNAU";"43,3007100";" -0,3617500"
"201900053536";"27";"10";"2019";"11:55";"1";"75";"75112";"2";"2";"2";"6";"AVENUE DE SAINT MAURICE";"48,8242190";"2,4199724"
"201900053537";"23";"9";"2019";"22:40";"5";"971";"97117";"1";"2";"1";"3";"Intersection RN5 et RD 113 route de Lacroix";"16,3296310";" -61,3959390"
"201900053538";"24";"9";"2019";"16:20";"1";"33";"33199";"2";"1";"8";"6";"61 Allée Brémontier";"44,6244000";" -1,0668700"
"201900053539";"4";"1";"2019";"15:10";"1";"62";"62774";"2";"1";"1";"5";"CD 940";"50,9489759";"1,7633969"
"201900053540";"27";"10";"2019";"15:30";"1";"75";"75111";"2";"3";"2";"6";"AVENUE PARMENTIER";"48,8591370";"2,3794960"
"201900053541";"27";"10";"2019";"19:00";"5";"75";"75110";"2";"1";"1";"7";"RUE DU FAUBOURG DU TEMPLE";"48,8709630";"2,3739340"
"201900053542";"5";"1";"2019";"08:35";"1";"59";"59599";"2";"1";"2";"6";"LECLERCQ (RUE DU GENERAL)";"50,7222200";"3,1593500"
"201900053543";"24";"9";"2019";"18:15";"2";"77";"77115";"2";"3";"1";"1";"D219";"48,2505970";"2,9243610"
"201900053544";"3";"1";"2019";"17:40";"4";"59";"59599";"2";"1";"8";"6";"PHALEMPINS (RUE DES)";"50,7338940";"3,1543180"
"201900053545";"27";"10";"2019";"07:00";"4";"75";"75110";"2";"2";"2";"3";"RUE DE DUNKERQUE";"48,8808111";"2,3511654"
"201900053546";"23";"9";"2019";"08:50";"1";"95";"95002";"1";"1";"1";"3";"2 Rue du Vivier";"49,0698400";"1,9692180"
"201900053547";"27";"10";"2019";"01:00";"5";"75";"75101";"2";"3";"1";"3";"RUE DE RIVOLI";"48,8631940";"2,3337868"
"201900053548";"23";"9";"2019";"17:57";"1";"78";"78128";"1";"3";"1";"2";"ROUTE DÉPARTEMENTALE 91";"48,6693280";"1,9566640"
"201900053549";"1";"1";"2019";"05:45";"5";"59";"59508";"2";"1";"9";"1";"RD 191";"50,7592300";"3,1342500"
"201900053550";"25";"9";"2019";"06:30";"3";"2B";"2B289";"1";"1";"1";"3";"RT 20";"42,3551900";"9,1711180"
"201900053551";"27";"10";"2019";"01:20";"5";"75";"75104";"2";"3";"1";"3";"QUAI DE L HOTEL DE VILLE";"48,8553251";"2,3527582"
"201900053552";"3";"1";"2019";"18:25";"5";"59";"59650";"2";"1";"1";"6";"SAPIN VERT (RUE DU)";"50,7146300";"3,1814200"
"201900053553";"25";"9";"2019";"16:15";"1";"83";"83094";"1";"1";"1";"1";"route de grimaud";"43,3036110";"6,5556790"
"201900053554";"27";"10";"2019";"14:30";"1";"94";"94017";"2";"1";"8";"2";"MARX DORMOY (AV)";"48,8059800";"2,5327700"
"201900053555";"27";"10";"2019";"06:20";"5";"94";"94019";"2";"1";"2";"6";"LIBERATION (RTE DE LA)";"48,8046500";"2,5356200"
"201900053556";"21";"10";"2019";"09:00";"1";"93";"93039";"2";"9";"1";"6";"MARINE (QUAI DE LA )";"48,9504950";"2,3078381"
"201900053557";"25";"9";"2019";"18:18";"1";"83";"83068";"1";"1";"1";"2";"Lotissement les Jardins d'Andy";"43,2706690";"6,5420530"
"201900053558";"24";"9";"2019";"11:45";"1";"6";"06122";"2";"1";"1";"3";"732 Route de Saint-Jeannet";"43,7485710";"7,1518960"
"201900053559";"27";"10";"2019";"19:40";"5";"93";"93064";"2";"1";"1";"6";"BERTHELOT (RUE MARCELIN)";"48,8645890";"2,4891970"
"201900053560";"1";"1";"2019";"02:45";"5";"59";"59378";"2";"1";"2";"4";"CLEMENCEAU BLVD (N°168-294)";"50,6622600";"3,0963000"
"201900053561";"11";"9";"2019";"11:30";"1";"55";"55145";"2";"1";"1";"1";"D102";"49,3422070";"5,3996070"
"201900053562";"1";"1";"2019";"02:30";"5";"59";"59629";"2";"1";"2";"6";"PONT (RUE DU)";"50,3885523";"3,2356218"
"201900053563";"25";"9";"2019";"11:30";"1";"38";"38239";"2";"1";"1";"2";"Avenue Louis Moyroud";"45,3269800";"5,5557800"
"201900053564";"3";"1";"2019";"15:30";"1";"58";"58194";"2";"1";"1";"3";"BERNARD PALISSY";"46,9856000";"3,1745000"
"201900053565";"19";"9";"2019";"18:40";"1";"1";"01160";"2";"1";"1";"6";"avenue du jura";"46,2594650";"6,1111710"
"201900053566";"2";"1";"2019";"17:50";"5";"58";"58194";"2";"1";"1";"2";"PRE PLANTIN (BOULEVARD)";"46,9814000";"3,1237000"
"201900053567";"4";"1";"2019";"11:00";"1";"57";"57463";"2";"1";"1";"2";"JEAN XXIII (AVENUE )";"49,1129600";"6,1830600"
"201900053568";"27";"10";"2019";"04:45";"5";"93";"93049";"2";"3";"2";"3";"MEAUX (CHEMIN)";"48,8641220";"2,5169310"
"201900053569";"13";"9";"2019";"16:10";"1";"32";"32307";"1";"1";"1";"7";"Lieu Dit a Marine";"43,6133920";"0,6115880"
"201900053570";"25";"9";"2019";"12:30";"1";"31";"31458";"2";"1";"1";"6";"3 Rue des Genêts";"43,5027200";"1,3635900"
"201900053571";"3";"1";"2019";"14:50";"1";"56";"56162";"2";"3";"1";"6";"DUPUY DE LOME (RUE)";"47,7432100";" -3,4017000"
"201900053572";"25";"9";"2019";"10:00";"1";"79";"79049";"1";"1";"2";"2";"D748 - Lieu-dit Villiers";"46,8860990";" -0,4769620"
"201900053573";"2";"1";"2019";"15:45";"1";"56";"56098";"2";"1";"1";"6";"CROIZAT ( AVE AMBROISE )";"47,7710700";" -3,3490300"
"201900053574";"19";"9";"2019";"17:45";"1";"13";"13211";"1";"9";"1";"7";"A50-Sens Aubagne vers Marseille";"43,2902940";"5,4898780"
"201900053575";"2";"1";"2019";"17:00";"1";"49";"49099";"2";"1";"1";"6";"toutlemonde";"47,0649100";" -0,8322300"
"201900053576";"22";"9";"2019";"23:07";"3";"13";"13015";"1";"1";"3";"2";"A51-Sens Aix en Provence vers Marseille";"43,4592960";"5,4031560"
"201900053577";"3";"1";"2019";"16:14";"1";"49";"49007";"2";"1";"1";"6";"MOULIN BOULEVARD";"47,4923000";" -0,5539500"
"201900053578";"26";"10";"2019";"16:40";"1";"93";"93046";"2";"1";"1";"4";"EUROPE BOULEVARD DE L'";"48,9261900";"2,5499100"
"201900053579";"27";"10";"2019";"08:00";"2";"93";"93057";"2";"1";"3";"3";"BRIAND ( AV. ARISTIDE) 31 A 91";"48,9092700";"2,5035100"
"201900053580";"26";"10";"2019";"23:05";"5";"93";"93001";"2";"3";"1";"5";"JEAN JAURES (AVE)  215 =>";"48,9130000";"2,3820000"
"201900053581";"27";"10";"2019";"01:00";"3";"92";"92073";"1";"1";"1";"7";"MONT VALERIEN (ESPLANADE DU)";"48,8716200";"2,2138600"
"201900053582";"27";"10";"2019";"19:15";"5";"92";"92020";"2";"2";"1";"6";"FONTENAY RUE DE N°2 A 34";"48,7983330";"2,2875190"
"201900053583";"26";"10";"2019";"23:45";"5";"92";"92040";"2";"1";"1";"3";"STALINGRAD (QUAI DE)";"48,8254600";"2,2582900"
"201900053584";"8";"9";"2019";"03:00";"3";"54";"54027";"1";"1";"1";"2";"Autoroute 31";"48,8877800";"6,0985900"
"201900053585";"30";"9";"2019";"21:00";"3";"51";"51340";"1";"2";"1";"3";"RN 4";"48,7435132";"4,4999095"
"201900053586";"24";"9";"2019";"14:00";"1";"94";"94034";"1";"1";"2";"4";"AUTOROUTE A86";"48,7595900";"2,3221700"
"201900053587";"27";"10";"2019";"00:53";"5";"1";"01092";"2";"2";"1";"3";"Route de Chalamont";"45,9660930";"5,2503460"
"201900053588";"24";"9";"2019";"08:30";"1";"91";"91161";"1";"1";"2";"3";"AUTOROUTE A6";"48,7201000";"2,3110000"
"201900053589";"27";"10";"2019";"19:40";"3";"6";"06149";"1";"1";"1";"7";"Route de Laghet";"43,7479080";"7,3536140"
"201900053590";"24";"9";"2019";"04:40";"3";"91";"91339";"1";"1";"1";"6";"RN 104";"48,6300000";"2,2400000"
"201900053591";"21";"10";"2019";"19:00";"4";"95";"95487";"2";"1";"8";"7";"Rue des Rives de l'Oise";"49,1452430";"2,2805140"
"201900053592";"23";"9";"2019";"09:54";"1";"91";"91161";"1";"1";"1";"4";"AUTOROUTE A6";"48,6998000";"2,3117000"
"201900053593";"24";"9";"2019";"13:40";"1";"78";"78029";"1";"1";"2";"3";"A13W";"48,9639010";"1,8432060"
"201900053594";"27";"10";"2019";"17:30";"1";"974";"97405";"1";"1";"1";"6";"12 Chemin Laguerre";" -21,3664810";"55,5602860"
"201900053595";"23";"9";"2019";"19:20";"2";"93";"93063";"1";"1";"1";"2";"AUTOROUTE A3";"48,8784400";"2,4471500"
"201900053596";"23";"9";"2019";"09:20";"1";"95";"95252";"1";"1";"1";"3";"AUTOROUTE A15";"48,9795200";"2,2277900"
"201900053597";"27";"10";"2019";"18:35";"3";"83";"83067";"1";"1";"1";"1";"RD 97";"43,3708450";"6,2961470"
"201900053598";"28";"10";"2019";"04:45";"3";"56";"56184";"1";"1";"2";"7";"D1";"47,6572990";" -2,4283280"
"201900053599";"28";"10";"2019";"00:20";"3";"59";"59110";"1";"1";"1";"7";"Route de la Colme Vc 15";"50,9457360";"2,3104390"
"201900053600";"22";"9";"2019";"16:10";"1";"93";"93027";"1";"1";"2";"3";"AUTOROUTE A86";"48,9282900";"2,4122600"
"201900053601";"24";"9";"2019";"09:30";"1";"94";"94017";"1";"1";"1";"2";"A4";"48,8268250";"2,5128788"
"201900053602";"28";"10";"2019";"06:45";"3";"77";"77159";"1";"6";"1";"3";"D403 X D213 X D76";"48,4738783";"3,1185261"
"201900053603";"24";"9";"2019";"08:15";"1";"94";"94073";"1";"1";"1";"2";"A86 INT";"48,7522000";"2,3779000"
"201900053604";"24";"9";"2019";"07:20";"2";"75";"75112";"1";"1";"1";"4";"A4";"48,8246576";"2,4635500"
"201900053605";"28";"10";"2019";"07:30";"1";"79";"79347";"1";"1";"8";"3";"9 Lieu-Dit les-Champs-de-l'Etang";"46,6858420";" -0,2685650"
"201900053606";"28";"10";"2019";"16:32";"2";"71";"71014";"2";"2";"8";"3";"Rue du Faubourg Saint Andoche";"46,9522720";"4,2929940"
"201900053607";"23";"9";"2019";"19:15";"1";"94";"94073";"1";"1";"1";"2";"A86 INT";"48,7703000";"2,3828000"
"201900053608";"23";"9";"2019";"16:45";"1";"94";"94069";"1";"1";"1";"4";"A86 EXT";"48,8174000";"2,4237000"
"201900053609";"28";"10";"2019";"11:45";"1";"34";"34204";"1";"1";"1";"1";"D131";"43,5528350";"3,5344360"
"201900053610";"22";"9";"2019";"14:30";"1";"71";"71040";"2";"1";"1";"1";"MACON (ROUTE DE)";"46,6782840";"4,3876000"
"201900053611";"26";"10";"2019";"14:45";"1";"44";"44128";"1";"1";"1";"2";"Lieu-dit le pelerin";"47,5342256";" -1,9208146"
"201900053612";"27";"10";"2019";"17:25";"1";"38";"38314";"1";"1";"1";"7";"D525B";"45,4379400";"6,0456200"
"201900053613";"28";"10";"2019";"16:00";"1";"15";"15107";"1";"1";"1";"7";"fraissinoux";"44,9665880";"3,2714230"
"201900053614";"28";"10";"2019";"10:50";"1";"26";"26282";"1";"1";"1";"3";"Route de Die";"44,7755160";"5,4058560"
"201900053615";"20";"9";"2019";"16:00";"1";"63";"63300";"2";"1";"1";"6";"19 DESAIX (BOULEVARD)";"45,8920300";"3,1167800"
"201900053616";"20";"9";"2019";"10:17";"1";"47";"47201";"2";"3";"1";"6";"PYRENEES (AVENUE DES)";"44,1833300";"0,6036600"
"201900053617";"22";"9";"2019";"09:00";"1";"45";"45169";"1";"1";"1";"6";"ROUTE D'ORLEANS";"47,9151000";"1,8448500"
"201900053618";"28";"10";"2019";"17:55";"2";"14";"14514";"2";"1";"2";"5";"36 Rue Georges Clémenceau";"49,2883530";"0,1963490"
"201900053619";"22";"9";"2019";"06:40";"5";"94";"94068";"2";"3";"1";"7";"PONT DE CRETEIL (R DU)";"48,8004200";"2,4718000"
"201900053620";"14";"6";"2019";"21:12";"1";"93";"93007";"2";"9";"1";"6";"""PAUL VAILLANT COUTURIER (AVENUE """"DU 01";"48,9293000";"2,4799400"
"201900053621";"28";"10";"2019";"14:20";"1";"50";"50058";"2";"4";"2";"3";"Rue de la Monnerie";"49,0649460";" -1,5827610"
"201900053622";"20";"9";"2019";"17:00";"1";"93";"93027";"1";"9";"1";"3";"AUTOROUTE A1";"48,9378400";"2,4135800"
"201900053623";"28";"10";"2019";"14:00";"1";"9";"09328";"1";"1";"1";"1";"1 Route des Côtes";"42,7895080";"1,6892970"
"201900053624";"28";"10";"2019";"16:35";"1";"60";"60188";"2";"1";"1";"6";"21 Rue du Docteur Moussaud";"49,4039980";"3,0012760"
"201900053625";"26";"10";"2019";"22:45";"3";"18";"18230";"1";"1";"2";"6";"départementale 3";"46,6863390";"2,2923720"
"201900053626";"26";"10";"2019";"11:30";"1";"10";"10217";"1";"1";"1";"2";"D619";"48,2519180";"4,5678580"
"201900053627";"23";"9";"2019";"21:07";"3";"976";"97611";"2";"1";"1";"6";"mamoudzou centre-Manga MKakassi ( rue )";" -12,7537880";"45,2309690"
"201900053628";"26";"10";"2019";"16:30";"1";"36";"36204";"1";"1";"1";"1";"N/A";"46,7731166";"1,2252994"
"201900053629";"23";"9";"2019";"07:45";"1";"974";"97416";"1";"1";"1";"4";"RN03";" -21,3042700";"55,4278300"
"201900053630";"28";"10";"2019";"14:50";"1";"16";"16272";"1";"1";"1";"1";"Le Bois Ronde";"45,8712470";"0,1970680"
"201900053631";"27";"10";"2019";"21:15";"3";"16";"16065";"1";"1";"2";"6";"Lieu-dit la Boule d'Or";"46,0777140";"0,7494610"
"201900053632";"27";"10";"2019";"18:20";"3";"40";"40221";"1";"1";"1";"6";"D1";"43,8718980";" -0,2521600"
"201900053633";"27";"10";"2019";"11:53";"1";"37";"37050";"1";"1";"2";"6";"Avenue de l'Hommelaie";"47,3305451";"0,7195416"
"201900053634";"17";"10";"2019";"06:50";"3";"1";"01151";"1";"1";"1";"6";"Druillat";"46,0758260";"5,3059810"
"201900053635";"22";"10";"2019";"13:49";"1";"86";"86286";"1";"1";"1";"1";"D347";"46,8845450";"0,1402690"
"201900053636";"23";"9";"2019";"18:08";"1";"973";"97302";"2";"1";"1";"6";"14 ET 22 JUIN 1962";"4,9336678";" -52,3270494"
"201900053637";"23";"9";"2019";"12:28";"1";"973";"97302";"2";"1";"1";"6";"MIRZA (CITE)";"4,9329500";" -52,3224500"
"201900053638";"21";"10";"2019";"20:25";"3";"86";"86274";"1";"2";"5";"4";"RD347-RD49";"47,0627150";"0,0169730"
"201900053639";"23";"9";"2019";"22:30";"5";"69";"69387";"2";"2";"1";"3";"GUILLOTIERE (DE LA)                 (PT)";"45,7562400";"4,8403400"