"Num_Acc";"jour";"mois";"an";"hrmn";"lum";"dep";"com";"agg";"int";"atm";"col";"adr";"lat";"long"
"201900053640";"27";"10";"2019";"16:03";"1";"77";"77069";"1";"2";"2";"1";"RD 637 / Chemin vicinal 03";"48,4574104";"2,5879557"
"201900053641";"27";"10";"2019";"05:25";"5";"33";"33005";"2";"6";"1";"6";"RD3 Bvd République / Colonel Wurtz";"44,7302400";" -1,0757200"
"201900053642";"20";"9";"2019";"20:15";"5";"69";"69383";"2";"2";"1";"3";"FELIX FAURE                         (AV)";"45,7541500";"4,8631900"
"201900053643";"26";"10";"2019";"16:15";"1";"69";"69253";"2";"1";"1";"1";"Route Departementale 386";"45,4736100";"4,7785500"
"201900053644";"27";"10";"2019";"18:45";"5";"987";"98747";"1";"1";"1";"1";"PK 9 PUEU";" -17,7515450";" -149,2403540"
"201900053645";"27";"10";"2019";"17:40";"1";"987";"98748";"1";"1";"1";"7";"RT4 PK 3 + 500  Toahotu";" -17,8272130";" -149,2423950"
"201900053646";"22";"9";"2019";"16:00";"1";"972";"97209";"2";"1";"1";"3";"REDOUTE (ROUTE DE LA)";"14,6236700";" -61,0611800"
"201900053647";"27";"10";"2019";"12:00";"1";"988";"98822";"1";"1";"1";"7";"Vallée d'amoa";" -20,9959510";"165,1353100"
"201900053648";"22";"9";"2019";"06:40";"1";"69";"69202";"2";"1";"1";"3";"VALIOUD                             (AV)";"45,7385000";"4,8054800"
"201900053649";"27";"10";"2019";"21:20";"3";"971";"97134";"1";"1";"1";"7";"N2";"16,0358300";" -61,7502820"
"201900053650";"22";"9";"2019";"11:48";"1";"2B";"2B033";"2";"1";"2";"1";"MACCHIONE - CHEMIN DU";"42,4115000";"9,2635000"
"201900053651";"25";"10";"2019";"23:30";"3";"77";"77508";"1";"1";"8";"6";"D96";"48,8250400";"2,8364600"
"201900053652";"23";"9";"2019";"12:15";"1";"971";"97101";"1";"4";"2";"3";"Frédéric JALTON";"16,2730100";" -61,5050500"
"201900053653";"27";"10";"2019";"23:45";"3";"91";"91216";"1";"1";"8";"6";"186 Rue de Ballainvilliers";"48,6717320";"2,3038550"
"201900053654";"22";"9";"2019";"23:00";"3";"95";"95218";"2";"1";"1";"6";"JACQUES DUCLOS (BOULEVARD)";"49,0184740";"2,0961490"
"201900053655";"26";"10";"2019";"18:15";"2";"78";"78003";"1";"1";"7";"7";"Rue d'Auneau";"48,5035540";"1,8218250"
"201900053656";"28";"10";"2019";"15:50";"1";"2B";"2B079";"2";"1";"1";"2";"RT 20 lieu dit Ponte-Novu";"42,4760610";"9,2749950"
"201900053657";"23";"9";"2019";"08:20";"1";"91";"91421";"1";"1";"1";"3";"BERANGER (RUE)";"48,7048000";"2,4393700"
"201900053658";"27";"10";"2019";"18:40";"3";"11";"11198";"1";"1";"1";"2";"RD11";"43,2990742";"2,5412170"
"201900053659";"23";"9";"2019";"17:10";"1";"91";"91687";"2";"1";"1";"6";"FLANDRE (AVENUE DE)";"48,6681500";"2,3587200"
"201900053660";"28";"10";"2019";"17:05";"1";"34";"34176";"1";"1";"8";"6";"D24";"43,6365050";"4,0581280"
"201900053661";"22";"9";"2019";"16:09";"1";"91";"91425";"2";"1";"1";"1";"CROIX DU MESNIL (CHEMIN DE LA)";"48,6483700";"2,2739400"
"201900053662";"26";"10";"2019";"19:16";"3";"13";"13035";"1";"9";"1";"6";"D569";"43,7138000";"5,0263330"
"201900053663";"28";"10";"2019";"15:00";"1";"13";"13027";"1";"1";"1";"3";"2735 Route de Tarascon";"43,8700664";"4,8154832"
"201900053664";"28";"10";"2019";"15:45";"1";"89";"89156";"1";"1";"1";"2";"D943";"47,9892880";"3,5943410"
"201900053665";"22";"9";"2019";"22:13";"5";"87";"87085";"2";"1";"2";"6";"ALLENDE (QUAI SALVADOR)";"45,8174500";"1,2525500"
"201900053666";"27";"10";"2019";"17:55";"5";"88";"88178";"2";"4";"3";"3";"Route de Mirecourt";"48,1765310";"6,3893440"
"201900053667";"21";"9";"2019";"11:33";"1";"87";"87114";"2";"1";"1";"6";"AURIOL (AVENUE DU PDT-VINCENT-)";"45,8370200";"1,2939400"
"201900053668";"28";"10";"2019";"14:40";"1";"38";"38565";"2";"1";"1";"3";"Avenue de Juin 1940";"45,2994550";"5,6281250"
"201900053669";"20";"9";"2019";"15:08";"1";"87";"87085";"2";"7";"1";"3";"GAMBETTA (BOULEVARD)";"45,8298100";"1,2549900"
"201900053670";"28";"10";"2019";"15:30";"1";"26";"26168";"1";"1";"2";"3";"Rd 1075";"44,7079170";"5,6776280"
"201900053671";"22";"10";"2019";"17:00";"2";"17";"17462";"1";"1";"1";"1";"7 Route Nationale";"45,7982370";" -0,5655930"
"201900053672";"27";"10";"2019";"19:50";"3";"17";"17099";"1";"1";"1";"6";"RD 157";"45,2347619";" -0,3298983"
"201900053673";"26";"10";"2019";"17:00";"1";"40";"40125";"1";"1";"1";"3";"601 Route de Dax";"43,6499840";" -1,0981840"
"201900053674";"20";"9";"2019";"18:16";"1";"87";"87085";"2";"1";"1";"6";"AURIOL (AVENUE DU PRESIDENT VINCENT)";"45,8410000";"1,2289400"
"201900053675";"20";"9";"2019";"15:10";"1";"87";"87085";"2";"1";"1";"3";"7 GAGNANT (AVENUE JEAN)";"45,8338500";"1,2717500"
"201900053676";"21";"9";"2019";"14:35";"1";"85";"85194";"2";"1";"1";"6";"RUE JOSEPH BENATIER";"46,5008400";" -1,7967100"
"201900053677";"23";"9";"2019";"08:00";"1";"83";"83062";"2";"1";"7";"6";"ROUTE NATIONALE 98";"43,1373200";"6,0265200"
"201900053678";"25";"10";"2019";"14:52";"1";"22";"22160";"1";"8";"1";"3";"Les Préaux";"48,4504180";" -2,4718870"
"201900053679";"28";"10";"2019";"06:50";"2";"27";"27003";"1";"1";"1";"1";"D82";"49,1674590";"1,1360520"
"201900053680";"28";"10";"2019";"18:50";"3";"59";"59168";"2";"1";"1";"6";"Rue Felix Demesmay";"50,5682010";"3,2209120"
"201900053681";"18";"9";"2019";"19:08";"1";"79";"79081";"2";"1";"1";"7";"14 rue des Martyrs de la Guerre d'Algérie";"46,3547600";" -0,3812200"
"201900053682";"20";"10";"2019";"21:20";"5";"13";"13055";"2";"1";"1";"7";"A507 sens Marseille - Aubagne";"43,3102340";"5,4246030"
"201900053683";"25";"10";"2019";"06:45";"3";"13";"13071";"1";"1";"1";"5";"A55 - Sens Marseille vers Martigues";"43,3913403";"5,3015672"
"201900053684";"22";"9";"2019";"12:20";"1";"77";"77288";"1";"6";"2";"3";"D605 X D606";"48,5530980";"2,6492543"
"201900053685";"26";"10";"2019";"12:00";"1";"38";"38087";"1";"1";"1";"2";"A7   20.110 A 22.950";"45,5864100";"4,7995200"
"201900053686";"21";"9";"2019";"21:17";"5";"76";"76561";"2";"2";"1";"6";"REPUBLIQUE. RUE DE LA";"49,2973700";"1,0112100"
"201900053687";"21";"9";"2019";"05:30";"5";"76";"76351";"2";"1";"1";"6";"VALLEE (RUE DE LA)";"49,4932400";"0,1516300"
"201900053688";"26";"10";"2019";"19:15";"3";"67";"67152";"1";"1";"1";"4";"RM1083";"48,5230500";"7,6964100"
"201900053689";"27";"10";"2019";"13:20";"1";"33";"33281";"1";"1";"1";"2";"ROCADE A 630";"44,8551800";" -0,6641900"
"201900053690";"22";"9";"2019";"19:41";"2";"72";"72181";"2";"2";"1";"3";"RUAUDIN (RUE) N° PAIRS 74 A 190";"47,9791000";"0,2183100"
"201900053691";"27";"10";"2019";"16:00";"1";"91";"91521";"1";"1";"2";"7";"RN 449";"48,6338000";"2,4062000"
"201900053692";"23";"9";"2019";"07:00";"2";"71";"71270";"2";"1";"1";"3";"GAMBETTA (RUE)";"46,3016967";"4,8324924"
"201900053693";"27";"10";"2019";"12:55";"1";"91";"91521";"1";"1";"2";"2";"RN 441";"48,6400900";"2,3947400"
"201900053694";"27";"10";"2019";"02:20";"3";"91";"91179";"1";"1";"1";"7";"AUTOROUTE A6";"48,5700200";"2,4698300"
"201900053695";"23";"9";"2019";"21:46";"5";"69";"69029";"2";"9";"1";"3";"UNIVERSITE  (DE L')              (BD)";"45,7247100";"4,9236900"
"201900053696";"23";"9";"2019";"08:20";"1";"69";"69266";"2";"1";"1";"6";"8 MAI 1945   (Rue du)";"45,7700300";"4,8964000"
"201900053697";"27";"10";"2019";"00:50";"5";"94";"94034";"1";"1";"1";"6";"AUTOROUTE A86";"48,7785700";"2,3461000"
"201900053698";"22";"9";"2019";"19:15";"2";"69";"69029";"2";"3";"3";"3";"FRANKLIN ROOSEVELT                  (AV)";"45,7376300";"4,8963600"
"201900053699";"26";"10";"2019";"22:10";"5";"94";"94034";"1";"1";"1";"3";"AUTOROUTE A86";"48,7557300";"2,3427700"
"201900053700";"20";"9";"2019";"09:20";"1";"67";"67482";"2";"1";"1";"6";"VIEUX MARCHE AUX VINS (RUE DU)";"48,5839170";"7,7421510"
"201900053701";"27";"10";"2019";"13:45";"1";"77";"77258";"1";"1";"2";"3";"A4.Y";"48,8298260";"2,6230930"
"201900053702";"23";"9";"2019";"16:10";"1";"67";"67180";"2";"3";"1";"3";"CULTIVATEURS (RUE DES)";"48,8194500";"7,7888000"
"201900053703";"22";"9";"2019";"14:57";"1";"66";"66136";"2";"1";"1";"6";"POUDRIERE (CHEMIN DE LA)";"42,7083900";"2,8947000"
"201900053704";"20";"9";"2019";"18:08";"1";"66";"66136";"2";"3";"1";"3";"COTE DES CARMES";"42,6970300";"2,9003600"
"201900053705";"23";"9";"2019";"15:40";"1";"64";"64445";"2";"1";"1";"6";"JEAN MERMOZ";"43,3098600";" -0,3770400"
"201900053706";"22";"9";"2019";"06:05";"5";"64";"64102";"2";"1";"2";"2";"SOULT (AVENUE MARECHAL)";"43,4875800";" -1,4834100"
"201900053707";"27";"10";"2019";"01:55";"3";"94";"94018";"1";"1";"1";"2";"A4";"48,8203988";"2,4015747"
"201900053708";"21";"9";"2019";"17:55";"1";"64";"64024";"1";"2";"1";"3";"PLAGES (BOULEVARD DES)";"43,5181300";" -1,5237100"
"201900053709";"26";"10";"2019";"19:05";"1";"77";"77058";"1";"1";"1";"6";"A4";"48,8307200";"2,6941400"
"201900053710";"21";"9";"2019";"15:04";"1";"63";"63063";"1";"6";"1";"3";"GERZAT (ROUTE DE)";"45,8287676";"3,1140458"
"201900053711";"26";"10";"2019";"14:50";"1";"77";"77373";"1";"1";"1";"5";"RN104";"48,7837170";"2,6164630"
"201900053712";"30";"8";"2019";"13:35";"1";"59";"59560";"2";"1";"1";"6";"FLANDRE RUE DES COMTESSES DE";"50,5470000";"3,0269000"
"201900053713";"21";"9";"2019";"16:00";"1";"59";"59178";"2";"1";"7";"6";"COMEDIE (RUE DE LA)";"50,3665800";"3,0775900"
"201900053714";"25";"10";"2019";"15:40";"1";"71";"71540";"2";"6";"1";"6";"HUIT MAI (AVENUE DU)";"46,7784630";"4,4412390"
"201900053715";"20";"9";"2019";"17:00";"1";"59";"59327";"2";"1";"1";"1";"POILUS (RUE DES)";"50,3937500";"3,1652800"
"201900053716";"23";"9";"2019";"10:05";"1";"57";"57240";"2";"1";"1";"6";"METZ (RUE DE)";"49,1413000";"6,8090000"
"201900053717";"26";"10";"2019";"10:50";"1";"974";"97416";"2";"1";"1";"3";"SUFFREN(RUE)";" -21,3386692";"55,4722357"
"201900053718";"20";"9";"2019";"13:35";"1";"56";"56121";"2";"2";"1";"6";"JOFFRE ( BD MARECHAL )";"47,7527600";" -3,3621100"
"201900053719";"26";"10";"2019";"11:00";"1";"974";"97407";"1";"1";"1";"2";"Route Nationale 1";" -20,9556300";"55,3116900"
"201900053720";"19";"9";"2019";"13:20";"1";"54";"54382";"2";"1";"1";"7";"METZ (BOULEVARD DE)";"49,5450860";"5,7816380"
"201900053721";"22";"9";"2019";"11:14";"1";"50";"50218";"1";"1";"8";"7";"VOIE DE LIASON OUEST (D971)";"48,8217600";" -1,5508700"
"201900053722";"26";"10";"2019";"11:00";"1";"974";"97407";"1";"1";"1";"4";"Route Nationale 1";" -20,9550000";"55,3120000"
"201900053723";"27";"10";"2019";"02:30";"5";"69";"69388";"2";"1";"1";"2";"JEAN MERMOZ                         (AV)";"45,7356900";"4,8711800"
"201900053724";"22";"9";"2019";"10:00";"1";"50";"50129";"2";"1";"2";"1";"CALIGNY (QUAI DE)";"49,6416700";" -1,6212900"
"201900053725";"26";"10";"2019";"20:55";"5";"69";"69259";"2";"1";"1";"6";"MARCEL CACHIN                       (AV)";"45,6934500";"4,8758300"
"201900053726";"20";"9";"2019";"12:47";"1";"49";"49007";"2";"2";"1";"3";"PORTET BOULEVARD";"47,4507200";" -0,5605100"
"201900053727";"26";"10";"2019";"12:12";"1";"69";"69387";"2";"1";"1";"6";"JEAN MARIE CHAVANT                  (R )";"45,7529200";"4,8477500"
"201900053728";"22";"9";"2019";"15:30";"1";"49";"49267";"2";"1";"1";"7";"PLESSIS GRAMMOIRE ROUTE";"47,4777400";" -0,4910900"
"201900053729";"26";"10";"2019";"02:30";"5";"69";"69081";"2";"1";"1";"6";"TROUILLAT                               ";"45,7752800";"4,7707200"
"201900053730";"20";"9";"2019";"16:00";"1";"49";"49015";"2";"2";"1";"3";"POMPIDOU AVENUE GEORGES";"47,4967300";" -0,5916400"
"201900053731";"26";"10";"2019";"12:45";"1";"2B";"2B037";"1";"6";"1";"2";"TOUTES RUES";"42,5947000";"9,4390000"
"201900053732";"23";"9";"2019";"18:35";"1";"42";"42187";"2";"1";"1";"3";"ALSACE - LORRAINE (RUE)";"46,0364190";"4,0683560"
"201900053733";"26";"10";"2019";"12:10";"1";"91";"91687";"2";"9";"1";"2";"MARMONT (AVENUE)";"48,6631000";"2,3748000"
"201900053734";"23";"9";"2019";"18:15";"1";"42";"42095";"2";"1";"1";"6";"FAYOL (BOULEVARD)";"45,3883244";"4,2960529"
"201900053735";"26";"10";"2019";"12:35";"1";"91";"91223";"2";"1";"1";"7";"COQUERIVE (AVENUE DE)";"48,4336600";"2,1731100"
"201900053736";"23";"9";"2019";"17:55";"1";"37";"37122";"2";"1";"1";"4";"RD 37";"47,3442800";"0,6461700"
"201900053737";"26";"10";"2019";"12:09";"1";"91";"91223";"1";"6";"1";"6";"ROND POINT CHARLES DE GAULLES";"48,4271200";"2,1549200"
"201900053738";"25";"10";"2019";"15:50";"1";"91";"91223";"1";"1";"1";"2";"R.N.20";"48,4280500";"2,1565000"
"201900053739";"22";"9";"2019";"21:20";"5";"37";"37261";"2";"2";"1";"3";"CALAIS (RUE DE)";"47,4214400";"0,6860300"
"201900053740";"26";"10";"2019";"08:10";"2";"78";"78440";"2";"1";"1";"6";"CROIX VERTE (RUE DE LA)";"48,9890500";"1,9243200"
"201900053741";"26";"10";"2019";"00:55";"5";"77";"77305";"2";"1";"1";"1";"SURVILLE (AVENUE DE)";"48,3944800";"2,9562900"
"201900053742";"21";"10";"2019";"12:20";"1";"77";"77518";"1";"1";"1";"6";"D607";"48,4844300";"2,5921100"
"201900053743";"26";"10";"2019";"16:45";"1";"72";"72181";"2";"1";"1";"3";"NATIONALE (RUE)";"47,9952300";"0,2027200"
"201900053744";"23";"9";"2019";"09:20";"1";"34";"34172";"2";"3";"1";"3";"TOULOUSE (AVENUE DE";"43,5867600";"3,8529000"
"201900053745";"26";"10";"2019";"17:35";"1";"71";"71486";"2";"1";"1";"7";"RD 974";"46,6465300";"4,3360800"
"201900053746";"26";"10";"2019";"23:05";"3";"69";"69271";"1";"1";"1";"2";"EUREXPO (PARC DES EXPOSITIONS)          ";"45,7240200";"4,9517700"
"201900053747";"23";"9";"2019";"08:15";"1";"34";"34172";"2";"3";"1";"7";"TRAIN PETIT";"43,5996700";"3,8941100"
"201900053748";"26";"10";"2019";"14:00";"1";"69";"69266";"2";"3";"1";"3";"EMILE ZOLA     (Cours)";"45,7674300";"4,8907300"
"201900053749";"22";"9";"2019";"20:30";"5";"33";"33550";"2";"2";"1";"3";"PYRENEES (AVE DES)";"44,7622000";" -0,5589500"
"201900053750";"15";"10";"2019";"10:27";"1";"67";"67462";"2";"1";"1";"6";"HOPITAL (RUE DE L')";"48,2584125";"7,4558824"
"201900053751";"23";"9";"2019";"06:45";"3";"31";"31555";"1";"1";"2";"4";"A624 (PURPAN)";"43,6095000";"1,3865700"
"201900053752";"21";"9";"2019";"23:58";"3";"31";"31555";"2";"1";"1";"3";"AV DE FRONTON";"43,6324600";"1,4334700"
"201900053753";"20";"9";"2019";"21:05";"5";"31";"31557";"2";"1";"1";"3";"TARBES (ROUTE DE)";"43,5803000";"1,3333600"
"201900053754";"23";"9";"2019";"17:45";"1";"29";"29019";"2";"5";"2";"1";"FOCH MARECHAL";"48,3971700";" -4,4888500"
"201900053755";"23";"9";"2019";"17:00";"1";"24";"24037";"2";"3";"1";"3";"AVENUE ARISTIDE BRIAND";"44,8518000";"0,4649000"
"201900053756";"22";"9";"2019";"19:20";"5";"21";"21231";"2";"2";"3";"3";"CHAMPOLLION (AVENUE)";"47,3296700";"5,0708000"
"201900053757";"20";"9";"2019";"12:15";"1";"19";"19031";"2";"1";"1";"2";"SALAN (BOULEVARD DU)";"45,1598000";"1,5353900"
"201900053758";"23";"9";"2019";"13:55";"1";"17";"17306";"2";"1";"1";"1";"ROCHEFORT (DE)  (AVENUE)";"45,6423300";" -1,0246900"
"201900053759";"22";"9";"2019";"11:00";"1";"16";"16102";"2";"3";"1";"6";"Place d'ARMES";"45,6956600";" -0,3277700"
"201900053760";"23";"9";"2019";"18:00";"1";"14";"14536";"2";"3";"2";"7";"BOURG (RUE DU)";"49,4076800";"0,2687300"
"201900053761";"23";"9";"2019";"19:25";"1";"14";"14118";"2";"1";"1";"3";"BAYEUX (RUE DU143 IMPAIR . 160 PAIR";"49,1825300";" -0,3751700"
"201900053762";"23";"9";"2019";"18:00";"1";"13";"13210";"2";"1";"1";"7";"ROGER LUCCIONI (RUE PROFESSEUR)";"43,2730200";"5,4309500"
"201900053763";"23";"9";"2019";"16:30";"1";"13";"13213";"2";"1";"1";"3";"TAILLIS (RUE DES)";"43,3293766";"5,4467887"
"201900053764";"23";"9";"2019";"11:00";"1";"13";"13209";"2";"1";"1";"1";"COL DE LA GINESTE D559";"43,2325570";"5,5155480"
"201900053765";"23";"9";"2019";"06:25";"5";"13";"13210";"2";"3";"1";"1";"CAPELETTE (AVENUE DE LA)";"43,2822500";"5,4031100"
"201900053766";"23";"9";"2019";"11:40";"1";"13";"13028";"2";"6";"1";"3";"Rond Point DULAC/ROVARCH";"43,1924800";"5,6089900"
"201900053767";"26";"10";"2019";"18:40";"2";"64";"64260";"1";"1";"1";"2";"CORNICHE (ROUTE DE LA)";"43,3772800";" -1,7435900"
"201900053768";"26";"10";"2019";"12:55";"1";"64";"64445";"2";"1";"1";"3";"MANESCAU";"43,3019700";" -0,3741500"
"201900053769";"26";"10";"2019";"20:38";"5";"64";"64102";"2";"1";"1";"7";"SOULT (AVENUE MARECHAL)";"43,4870162";" -1,4859982"
"201900053770";"26";"10";"2019";"21:25";"5";"62";"62160";"2";"6";"2";"7";"PORTE NEUVE (Rue )";"50,7270840";"1,6163100"
"201900053771";"26";"10";"2019";"15:20";"1";"61";"61169";"1";"1";"1";"7";"BRISOULIERE (LA)";"48,7234000";" -0,5935000"
"201900053772";"25";"10";"2019";"22:50";"3";"60";"60665";"1";"1";"1";"2";"D 202";"49,4234400";"2,7981200"
"201900053773";"14";"10";"2019";"09:40";"1";"59";"59350";"2";"6";"1";"3";"DOREZ BARTHELEMY PLACE";"50,6180500";"3,0494200"
"201900053774";"25";"10";"2019";"13:25";"1";"58";"58194";"2";"3";"1";"3";"CARNOT (PLACE)";"46,9885700";"3,1573500"
"201900053775";"26";"10";"2019";"22:40";"5";"54";"54197";"1";"1";"1";"6";"RD71";"48,6264930";"6,2171200"
"201900053776";"26";"10";"2019";"11:15";"1";"54";"54257";"2";"1";"1";"7";"LEMAIRE (RUE GUSTAVE)";"48,6504580";"6,1940840"
"201900053777";"26";"10";"2019";"14:30";"1";"51";"51454";"2";"1";"1";"2";"AVENUE DE CHAMPAGNE";"49,2347118";"4,0411516"
"201900053778";"26";"10";"2019";"12:05";"1";"51";"51454";"2";"1";"1";"3";"RUE DE NICE";"49,2627400";"4,0615100"
"201900053779";"25";"10";"2019";"11:45";"1";"51";"51454";"2";"6";"1";"2";"BOULEVARD ALBERT 1ER";"49,2645926";"4,0097125"
"201900053780";"24";"10";"2019";"18:30";"2";"50";"50647";"2";"9";"9";"3";"VILLEDIEU (ROUTE DE)";"48,8377500";" -1,5572300"
"201900053781";"26";"10";"2019";"14:00";"1";"45";"45068";"2";"1";"1";"2";"R DU 23 AOUT 1944";"48,0035520";"2,7249960"
"201900053782";"25";"10";"2019";"18:10";"1";"42";"42207";"2";"1";"1";"6";"GAMBETTA RUE";"45,4734550";"4,5110500"
"201900053783";"27";"10";"2019";"00:05";"3";"35";"35281";"1";"9";"3";"3";"DODIN (AVENUE ROGER)";"48,0890880";" -1,7062320"
"201900053784";"26";"10";"2019";"18:55";"5";"35";"35238";"2";"9";"1";"3";"STRASBOURG (BOULEVARD DE)";"48,1143900";" -1,6570000"
"201900053785";"25";"10";"2019";"20:30";"5";"34";"34172";"2";"3";"1";"3";"SORBES (RUE DE LAS";"43,6139500";"3,8479900"
"201900053786";"26";"10";"2019";"11:40";"1";"34";"34003";"2";"1";"1";"6";"DE GAULLE (E14 A F15";"43,3117400";"3,4760400"
"201900053787";"27";"10";"2019";"02:30";"5";"33";"33063";"2";"2";"1";"3";"BOUDET (RUE )";"44,8460000";" -0,5766400"
"201900053788";"23";"10";"2019";"08:35";"1";"33";"33281";"2";"3";"2";"6";"AVE DE VERDUN";"44,8393100";" -0,6290600"
"201900053789";"26";"10";"2019";"08:05";"1";"32";"32013";"1";"1";"1";"3";"ROCADE (RN 124 EST)";"43,6634000";"0,6231000"
"201900053790";"26";"10";"2019";"10:45";"1";"29";"29019";"2";"9";"1";"6";"COLLIERE JULES (DE 1 A 27 ET 2 A 40)";"48,3990000";" -4,4497000"
"201900053791";"26";"10";"2019";"14:17";"1";"26";"26057";"2";"1";"1";"6";"MARTYRS DE LA LIBERATION (AVENUE DES)";"45,0403160";"5,0517240"
"201900053792";"25";"10";"2019";"20:15";"2";"25";"25056";"2";"1";"1";"6";"boulevard Charles DE GAULLE";"47,2323410";"6,0189950"
"201900053793";"23";"10";"2019";"18:10";"2";"24";"24557";"1";"1";"8";"6";"AVENUE MICHEL GRANDOU";"45,1893000";"0,7513000"
"201900053794";"26";"10";"2019";"10:50";"1";"17";"17291";"1";"1";"1";"4";"RN 11";"46,1730300";" -1,1173400"
"201900053795";"26";"10";"2019";"19:00";"5";"13";"13204";"2";"1";"1";"3";"BLANCARDE (BOULEVARD)";"43,3027500";"5,3982514"
"201900053796";"26";"10";"2019";"07:27";"3";"13";"13215";"2";"1";"1";"2";"LITTORAL (CHEMIN DU)";"43,3556540";"5,3276910"
"201900053797";"25";"10";"2019";"21:50";"5";"13";"13213";"2";"9";"1";"5";"BREMOND (RUE)";"43,3200150";"5,4084900"
"201900053798";"22";"10";"2019";"18:45";"5";"13";"13098";"2";"1";"1";"6";"MASSANE AVENUE DES";"43,4694700";"5,0149300"
"201900053799";"26";"10";"2019";"02:40";"5";"13";"13005";"2";"1";"1";"6";"PAGNOL (AVENUE MARCEL)";"43,2962614";"5,5705351"
"201900053800";"25";"10";"2019";"18:43";"3";"10";"10060";"1";"1";"1";"4";"ROCADE SUD (RD 610)";"48,2529000";"4,1080000"
"201900053801";"26";"10";"2019";"12:00";"1";"6";"06088";"2";"9";"1";"1";"MEDITERRANEE (AV.)";"43,6737960";"7,2047060"
"201900053802";"26";"10";"2019";"21:10";"5";"6";"06012";"2";"1";"1";"7";"CORNICHE (MOYENNE, N° 2017 ET +)";"43,7376520";"7,4120890"
"201900053803";"25";"10";"2019";"11:20";"1";"75";"75116";"2";"1";"1";"4";"BD PERIPHEDIQUE EXTERIEUR";"48,8572046";"2,2585541"
"201900053804";"26";"10";"2019";"20:35";"5";"75";"75120";"2";"2";"1";"3";"RUE BELGRAND";"48,8647888";"2,4013192"
"201900053805";"25";"10";"2019";"23:00";"5";"75";"75120";"2";"1";"1";"1";"RUE GASNIER GUY";"48,8650292";"2,3938840"
"201900053806";"26";"10";"2019";"01:35";"5";"75";"75119";"2";"3";"1";"6";"AVENUE JEAN JAURES";"48,8854117";"2,3800262"
"201900053807";"26";"10";"2019";"17:40";"1";"75";"75119";"2";"1";"1";"4";"RUE D AUBERVILLIERS";"48,8977400";"2,3707380"
"201900053808";"26";"10";"2019";"11:05";"1";"75";"75118";"2";"4";"1";"3";"BOULEVARD ORNANO";"48,8923380";"2,3490370"
"201900053809";"26";"10";"2019";"10:20";"1";"75";"75117";"2";"2";"1";"6";"BOULEVARD PEREIRE";"48,8828841";"2,2937371"
"201900053810";"26";"10";"2019";"16:20";"1";"75";"75116";"2";"7";"1";"6";"PLACE DU TROCADERO ET DU 11 NOVEMBRE";"48,8625333";"2,2868256"
"201900053811";"25";"10";"2019";"20:00";"5";"75";"75116";"2";"4";"1";"3";"AVENUE DE LA PORTE D AUTEUIL";"48,8479521";"2,2565437"
"201900053812";"25";"10";"2019";"18:32";"5";"75";"75116";"2";"1";"1";"3";"ROUTE DE LA PTE DAUPHINE A LA PTE DES SABLONS";"48,8737910";"2,2718720"
"201900053813";"25";"10";"2019";"16:39";"1";"75";"75116";"2";"2";"1";"6";"RUE JOSEPH ET MARIE HACKIN";"48,8784122";"2,2797865"
"201900053814";"26";"10";"2019";"16:15";"1";"75";"75113";"2";"2";"1";"6";"BOULEVARD MASSENA";"48,8241581";"2,3768198"
"201900053815";"26";"10";"2019";"16:00";"1";"75";"75111";"2";"2";"1";"6";"RUE DE COTTE";"48,8506999";"2,3785528"
"201900053816";"26";"10";"2019";"10:00";"1";"75";"75112";"2";"1";"1";"3";"AVENUE DU DOCTEUR ARNOLD NETTER";"48,8460700";"2,4060530"
"201900053817";"24";"10";"2019";"23:15";"5";"75";"75112";"2";"1";"1";"6";"ROUTE DU PESAGE";"48,8253023";"2,4463221"
"201900053818";"26";"10";"2019";"03:20";"5";"75";"75111";"2";"7";"1";"3";"BOULEVARD VOLTAIRE";"48,8491037";"2,3947079"
"201900053819";"26";"10";"2019";"00:00";"5";"75";"75111";"2";"2";"1";"3";"AVENUE PHILIPPE AUGUSTE";"48,8506719";"2,3945001"
"201900053820";"26";"10";"2019";"00:02";"5";"75";"75111";"2";"2";"1";"3";"BOULEVARD VOLTAIRE";"48,8651857";"2,3677469"
"201900053821";"26";"10";"2019";"06:00";"5";"75";"75103";"2";"3";"1";"3";"BOULEVARD DU TEMPLE";"48,8637224";"2,3663688"
"201900053822";"26";"10";"2019";"03:30";"5";"75";"75102";"2";"4";"1";"6";"BOULEVARD DES ITALIENS";"48,8716733";"2,3383124"
"201900053823";"26";"10";"2019";"16:05";"1";"94";"94069";"2";"2";"1";"1";"GRAVELLE (AV DE)";"48,8200000";"2,4200000"
"201900053824";"26";"10";"2019";"15:48";"1";"93";"93078";"2";"1";"1";"4";"CLEMENCEAU (AVENUE GEORGES)";"48,9615300";"2,5549400"
"201900053825";"26";"10";"2019";"01:15";"5";"93";"93073";"2";"9";"1";"6";"CHAPIT RE ( RUE DU)";"49,0110300";"2,5586700"
"201900053826";"26";"10";"2019";"14:55";"1";"93";"93050";"2";"2";"1";"3";"ONZE NOVEMBRE (RUE)";"48,8590300";"2,5264100"
"201900053827";"26";"10";"2019";"12:30";"1";"93";"93048";"2";"6";"1";"3";"ROSNY (RUE DE)";"48,8700000";"2,4600000"
"201900053828";"12";"7";"2019";"09:00";"1";"13";"13204";"2";"3";"1";"3";"FRANCOISE DUPARC (BOULEVARD)";"43,3009567";"5,4006093"