"Num_Acc";"jour";"mois";"an";"hrmn";"lum";"dep";"com";"agg";"int";"atm";"col";"adr";"lat";"long"
"201900053829";"11";"7";"2019";"21:50";"2";"13";"13216";"2";"1";"1";"6";"GRAWITZ (Bd)";"43,3546100";"5,3424400"
"201900053830";"11";"7";"2019";"11:45";"1";"13";"13214";"2";"1";"1";"6";"ROLAND DORGELES (BOULEVARD)";"43,3474800";"5,3781300"
"201900053831";"11";"7";"2019";"10:20";"1";"13";"13209";"2";"1";"1";"2";"MICHELET (BOULEVARD)";"43,2551000";"5,4012200"
"201900053832";"11";"7";"2019";"07:50";"1";"13";"13209";"2";"2";"1";"3";"SAINTE MARGUERITE (BOULEVARD)";"43,2691770";"5,4028527"
"201900053833";"26";"4";"2019";"07:45";"1";"13";"13202";"2";"9";"1";"6";"ROBERT SCHUMANN (AVENUE)";"43,2989700";"5,3647100"
"201900053834";"11";"7";"2019";"07:00";"1";"13";"13208";"2";"1";"1";"1";"ODESSA (AVENUE)";"43,2436000";"5,3697700"
"201900053835";"11";"7";"2019";"01:25";"5";"13";"13075";"2";"1";"1";"6";"PAUL SIRVENT (AVE)";"43,3441890";"5,4651280"
"201900053836";"12";"7";"2019";"05:20";"3";"13";"13047";"1";"1";"1";"6";"RD 569";"43,5709565";"4,9895229"
"201900053837";"12";"7";"2019";"19:15";"1";"13";"13004";"2";"1";"1";"6";"BD DES LICES";"43,6752600";"4,6299400"
"201900053838";"12";"7";"2019";"15:03";"1";"12";"12089";"2";"1";"1";"7";"MAI (AVENUE DU 8)";"44,5755100";"2,2485900"
"201900053839";"6";"7";"2019";"19:05";"1";"12";"12083";"1";"1";"7";"6";"MATERNITE (DE LA)";"44,5217900";"2,2674300"
"201900053840";"11";"7";"2019";"20:07";"1";"11";"11262";"2";"1";"1";"6";"MISTRAL (BOULEVARD FREDERIC)";"43,1700600";"2,9816400"
"201900053841";"10";"7";"2019";"18:35";"1";"11";"11262";"2";"1";"1";"6";"BORDEAUX (AVENUE DE)";"43,1816570";"2,9799730"
"201900053842";"10";"7";"2019";"12:00";"1";"11";"11262";"2";"1";"1";"6";"MISTRAL (BOULEVARD FREDERIC)";"43,1851870";"3,0006810"
"201900053843";"12";"7";"2019";"16:53";"1";"10";"10357";"1";"1";"1";"4";"ROCADE SUD";"48,2911800";"4,1516100"
"201900053844";"9";"7";"2019";"17:10";"1";"10";"10343";"2";"6";"1";"6";"CANAL (RUE DU)";"48,2719000";"4,0906000"
"201900053845";"9";"7";"2019";"12:24";"1";"10";"10362";"2";"1";"1";"7";"CHANTELOUP (CD)";"48,2955000";"4,0438600"
"201900053846";"12";"7";"2019";"08:55";"1";"9";"09122";"2";"1";"1";"4";"BOUYCHERES (COURS)";"42,9664600";"1,6094100"
"201900053847";"13";"7";"2019";"16:25";"1";"7";"07281";"2";"1";"1";"3";"ONZE NOVEMBRE (AVENUE DU)";"44,9461520";"4,8466270"
"201900053848";"12";"7";"2019";"12:55";"1";"7";"07070";"2";"1";"1";"1";"BOUVREUILS (RUE DES)";"44,9622060";"4,8531730"
"201900053849";"13";"7";"2019";"06:55";"1";"6";"06104";"2";"2";"1";"3";"PAIX (AVENUE DE LA)";"43,7618181";"7,4811755"
"201900053850";"12";"7";"2019";"10:07";"1";"6";"06069";"2";"1";"1";"3";"DRAGONNIERE (CHEMIN DE LA)";"43,6798271";"6,9578855"
"201900053851";"12";"7";"2019";"07:20";"1";"6";"06069";"2";"1";"1";"2";"DE LATTRE DE TASSIGNY (AVENUE DU MARECHA";"43,6495030";"6,9233080"
"201900053852";"11";"7";"2019";"20:20";"1";"6";"06069";"2";"1";"1";"2";"FRAGONARD (BOULEVARD ET IMPASSE)";"43,6571598";"6,9228515"
"201900053853";"13";"7";"2019";"17:30";"1";"6";"06027";"2";"1";"1";"2";"PASQUALINI RUE J.P.";"43,6604500";"7,1496200"
"201900053854";"11";"7";"2019";"19:00";"1";"6";"06027";"2";"1";"1";"6";"JAURES AVENUE JEAN";"43,6585189";"7,1696198"
"201900053855";"11";"7";"2019";"18:15";"1";"6";"06004";"2";"6";"1";"3";"EUCALYPTUS AV.ET CH.DES";"43,5789796";"7,0905843"
"201900053856";"12";"7";"2019";"16:20";"1";"5";"05023";"1";"1";"1";"2";"R N  94";"44,8855000";"6,6238900"
"201900053857";"10";"7";"2019";"14:20";"1";"4";"04070";"2";"1";"1";"3";"Av Simone Pellissier";"44,0843583";"6,2218180"
"201900053858";"13";"7";"2019";"10:50";"1";"75";"75114";"2";"1";"1";"3";"BD PERIPHERIQUE EXTERIEUR";"48,8228470";"2,3128650"
"201900053859";"13";"7";"2019";"09:10";"1";"75";"75112";"2";"4";"1";"2";"ECHANGEUR BERCY";"48,8269550";"2,3899280"
"201900053860";"12";"7";"2019";"22:18";"5";"75";"75120";"2";"1";"1";"4";"BOULEVARD PERIPHERIQUE";"48,8581330";"2,4141100"
"201900053861";"10";"7";"2019";"18:00";"1";"75";"75114";"2";"1";"1";"2";"PORTE D ORLEANS";"48,8198080";"2,3270240"
"201900053862";"10";"7";"2019";"14:25";"1";"75";"75120";"2";"1";"1";"2";"PORTE DES LILAS";"48,8739650";"2,4112290"
"201900053863";"9";"7";"2019";"20:10";"1";"75";"75113";"2";"1";"1";"2";"PORTE D ITALIE";"48,8167535";"2,3652115"
"201900053864";"13";"7";"2019";"02:20";"5";"75";"75117";"2";"1";"1";"6";"AVENUE DE VILLIERS";"48,8852920";"2,2944910"
"201900053865";"12";"7";"2019";"14:08";"1";"75";"75114";"2";"2";"1";"3";"RUE GASSENDI";"48,8349760";"2,3268810"
"201900053866";"13";"7";"2019";"01:05";"5";"75";"75105";"2";"3";"1";"6";"RUE SANTEUIL";"48,8406600";"2,3539770"
"201900053867";"11";"7";"2019";"10:25";"1";"75";"75113";"2";"1";"1";"3";"BOULEVARD MASSENA";"48,8231530";"2,3742510"
"201900053868";"11";"7";"2019";"01:10";"5";"75";"75120";"2";"1";"1";"6";"RUE DES PYRENEES";"48,8623510";"2,4000840"
"201900053869";"10";"7";"2019";"08:35";"1";"75";"75120";"2";"4";"1";"6";"RUE DES PYRENEES";"48,8634600";"2,3995910"
"201900053870";"11";"7";"2019";"19:55";"1";"75";"75119";"2";"1";"1";"2";"RUE ARMAND CARREL";"48,8829180";"2,3727440"
"201900053871";"11";"7";"2019";"11:45";"1";"75";"75119";"2";"7";"1";"3";"PLACE AUGUSTE BARON";"48,9009680";"2,3882010"
"201900053872";"10";"7";"2019";"13:30";"1";"75";"75119";"2";"1";"1";"6";"RUE EDOUARD PAILLERON";"48,8806410";"2,3768970"
"201900053873";"11";"7";"2019";"10:30";"1";"75";"75118";"2";"3";"1";"3";"RUE STEPHENSON";"48,8903590";"2,3558540"
"201900053874";"13";"7";"2019";"19:40";"1";"75";"75117";"2";"3";"1";"6";"AVENUE DE WAGRAM";"48,8822160";"2,3011750"
"201900053875";"11";"7";"2019";"06:45";"2";"75";"75117";"2";"7";"2";"7";"RUE CARDINET";"48,8886000";"2,3156640"
"201900053876";"28";"3";"2019";"17:35";"1";"92";"92051";"2";"1";"1";"3";"COMMANDANT CHARCOT (BOULEVARD DU)";"48,8778600";"2,2570650"
"201900053877";"11";"7";"2019";"13:50";"1";"75";"75116";"2";"3";"1";"3";"ALLEE DU BORD DE L EAU";"48,8674560";"2,2330230"
"201900053878";"28";"3";"2019";"07:55";"1";"92";"92050";"2";"1";"1";"5";"PORT RUE DU";"48,8947100";"2,1755600"
"201900053879";"11";"7";"2019";"11:05";"1";"75";"75108";"2";"2";"1";"6";"AVENUE MARCEAU";"48,8724870";"2,2962470"
"201900053880";"27";"3";"2019";"22:25";"5";"92";"92035";"2";"2";"1";"3";"National ( boulevard )";"48,9022412";"2,2394927"
"201900053881";"11";"7";"2019";"08:30";"1";"75";"75116";"2";"4";"1";"3";"VOIE GEORGES POMPIDOU";"48,8414330";"2,2691570"
"201900053882";"27";"3";"2019";"03:30";"5";"92";"92050";"2";"1";"1";"6";"HANRIOT FRANCOIS RUE";"48,9026300";"2,2217400"
"201900053883";"10";"7";"2019";"15:30";"1";"75";"75116";"2";"2";"1";"6";"AVENUE VICTOR HUGO";"48,8711660";"2,2888600"
"201900053884";"28";"3";"2019";"16:30";"1";"92";"92044";"2";"3";"1";"6";"PDT WILSON(RUE)51A75 ET 54A74";"48,8933784";"2,2892029"
"201900053885";"13";"7";"2019";"18:15";"1";"75";"75115";"2";"1";"1";"6";"SOUTERRAIN CITROEN CEVENNES";"48,8437960";"2,2749560"
"201900053886";"12";"7";"2019";"08:30";"1";"75";"75115";"2";"3";"1";"3";"RUE CASTAGNARY";"48,8306880";"2,3062790"
"201900053887";"8";"1";"2019";"09:00";"1";"92";"92044";"2";"1";"1";"3";"LORRAINE (RUE DE)";"48,8917000";"2,2944000"
"201900053888";"11";"7";"2019";"11:55";"1";"75";"75114";"2";"7";"1";"3";"BOULEVARD JOURDAN";"48,8232430";"2,3256190"
"201900053889";"11";"7";"2019";"00:01";"5";"75";"75114";"2";"2";"1";"6";"BOULEVARD ROMAIN ROLLAND";"48,8197990";"2,3257590"
"201900053890";"29";"3";"2019";"08:31";"1";"92";"92040";"2";"1";"1";"2";"CAPITAINE FERBER (DU)";"48,8256580";"2,2666890"
"201900053891";"11";"7";"2019";"00:26";"5";"75";"75114";"2";"7";"1";"6";"AVENUE PAUL APPELL";"48,8220540";"2,3254000"
"201900053892";"29";"3";"2019";"12:05";"1";"92";"92036";"2";"1";"1";"2";"LOUVRESSES (AVENUE)";"48,9447900";"2,3059100"
"201900053893";"13";"7";"2019";"18:10";"1";"75";"75113";"2";"1";"1";"6";"AVENUE D IVRY";"48,8222670";"2,3678270"
"201900053894";"13";"7";"2019";"01:50";"5";"75";"75113";"2";"3";"1";"6";"BOULEVARD AUGUSTE BLANQUI";"48,8297170";"2,3495680"
"201900053895";"29";"3";"2019";"16:35";"1";"92";"92035";"2";"1";"1";"6";"République ( boulevard de la )";"48,9066130";"2,2464150"
"201900053896";"13";"7";"2019";"08:00";"1";"75";"75111";"2";"7";"1";"3";"PLACE DE LA BASTILLE";"48,8532490";"2,3702140"
"201900053897";"12";"7";"2019";"16:15";"1";"75";"75112";"2";"3";"1";"3";"RUE VILLIOT";"48,8408840";"2,3738800"
"201900053898";"12";"7";"2019";"11:02";"1";"75";"75111";"2";"3";"1";"3";"BOULEVARD BEAUMARCHAIS";"48,8594970";"2,3676500"
"201900053899";"28";"3";"2019";"08:07";"1";"92";"92023";"2";"1";"1";"3";"CONSTANT PAPE (RUE)";"48,8076640";"2,2530050"
"201900053900";"11";"7";"2019";"19:30";"1";"75";"75111";"2";"1";"1";"7";"BOULEVARD BEAUMARCHAIS";"48,8550010";"2,3686860"
"201900053901";"27";"3";"2019";"18:00";"1";"92";"92023";"2";"1";"1";"6";"MOULIN DE LA TOUR (BOULEVARD)";"48,7873600";"2,2612700"
"201900053902";"27";"3";"2019";"17:00";"1";"92";"92023";"2";"5";"1";"3";"GENERAL LECLERC (PLACE DU)";"48,7771782";"2,2313096"
"201900053903";"13";"7";"2019";"18:30";"1";"75";"75109";"2";"2";"1";"6";"BOULEVARD DE LA CHAPELLE";"48,8836050";"2,3495340"
"201900053904";"20";"1";"2019";"17:50";"5";"92";"92023";"2";"5";"1";"3";"PETIT CLAMART (ROND POINT DU)";"48,7770100";"2,2310200"
"201900053905";"12";"7";"2019";"08:35";"1";"75";"75110";"2";"2";"1";"3";"RUE DES PETITS HOTELS";"48,8773250";"2,3551450"
"201900053906";"12";"7";"2019";"22:30";"5";"75";"75109";"2";"3";"1";"6";"BOULEVARD HAUSSMANN";"48,8726120";"2,3357420"
"201900053907";"11";"7";"2019";"23:00";"5";"75";"75108";"2";"2";"1";"3";"AVENUE GEORGE V";"48,8700460";"2,3009010"
"201900053908";"29";"3";"2019";"15:30";"1";"92";"92012";"2";"1";"1";"2";"MARCEL SEMBAT (PLACE)";"48,8337154";"2,2434433"
"201900053909";"28";"3";"2019";"13:05";"1";"92";"92012";"2";"1";"1";"3";"BILLANCOURT (RUE DE) 106/FIN - COTE PAIR";"48,8331800";"2,2377300"
"201900053910";"28";"3";"2019";"07:15";"1";"92";"92012";"2";"1";"1";"6";"GENERAL LECLERC (AVENUE DU) 1/33 - 2/58";"48,8322515";"2,2391905"
"201900053911";"29";"3";"2019";"13:30";"1";"35";"35177";"1";"1";"1";"6";"La Cornillère";"48,2131900";" -1,7689030"
"201900053912";"28";"3";"2019";"14:40";"1";"1";"01244";"2";"4";"1";"3";"RD 65";"45,8972220";"5,1963910"
"201900053913";"11";"7";"2019";"20:00";"1";"75";"75108";"2";"7";"1";"3";"PLACE CHARLES DE GAULLE";"48,8741150";"2,2958150"
"201900053914";"30";"3";"2019";"16:35";"1";"52";"52274";"1";"2";"1";"3";"intersection D65/D3";"47,9810800";"4,8938210"
"201900053915";"31";"3";"2019";"16:00";"1";"41";"41157";"1";"2";"1";"3";"D63 - Les quatre Routes";"47,3841170";"1,5595260"
"201900053916";"31";"3";"2019";"05:20";"5";"41";"41194";"2";"1";"1";"6";"66 Rue Auguste Vacher";"47,3647110";"1,7325070"
"201900053917";"26";"3";"2019";"16:35";"1";"95";"95116";"2";"1";"1";"6";"rue de boran";"49,1575000";"2,3329090"
"201900053918";"29";"3";"2019";"20:45";"3";"86";"86123";"1";"1";"1";"6";"Route de Vouillé";"46,5829510";"0,1043920"
"201900053919";"29";"3";"2019";"19:08";"5";"57";"57026";"2";"1";"1";"6";"Rue Nationale";"49,4591480";"6,3744730"
"201900053920";"29";"3";"2019";"02:20";"3";"40";"40065";"2";"1";"1";"6";"51 Avenue Jean Lartigau";"43,6336240";" -1,4282890"
"201900053921";"27";"3";"2019";"09:05";"1";"83";"83148";"2";"1";"1";"3";"Avenue du Maréchal Gallieni";"43,4238400";"6,4312640"
"201900053922";"28";"3";"2019";"21:15";"3";"11";"11098";"1";"1";"1";"6";"D 611 pk14+26 croissant";"43,1650380";"2,7327700"
"201900053923";"30";"3";"2019";"16:55";"1";"88";"88085";"1";"1";"1";"3";"route du plateau";"48,1306860";"6,7612320"
"201900053924";"31";"3";"2019";"08:00";"1";"46";"46103";"1";"1";"1";"6";"RD 19 - Lieu Dit Vilas  à FLAUGNAC";"44,2880740";"1,3835670"
"201900053925";"31";"3";"2019";"12:05";"1";"68";"68300";"1";"1";"1";"1";"route départementale 55";"47,7955480";"7,3761790"
"201900053926";"28";"3";"2019";"16:30";"1";"1";"01419";"2";"4";"1";"3";"Chemin de Pré Jacquet";"46,2296630";"5,9976060"
"201900053927";"28";"3";"2019";"09:00";"1";"22";"22081";"1";"1";"1";"4";"route nationale 12";"48,4812368";" -2,6382240"
"201900053928";"29";"3";"2019";"00:45";"3";"22";"22354";"1";"1";"5";"2";"RN 12 PR 099+500";"48,5692820";" -3,2784530"
"201900053929";"10";"7";"2019";"12:45";"1";"75";"75108";"2";"2";"1";"6";"RUE PIERRE CHARRON";"48,8705260";"2,3053100"
"201900053930";"22";"3";"2019";"15:30";"1";"974";"97410";"2";"3";"1";"6";"RN2 PK 101";" -21,0800940";"55,7449290"
"201900053931";"30";"3";"2019";"15:54";"1";"62";"62233";"1";"1";"1";"7";"Rue de Nempont";"50,3693060";"1,6804830"
"201900053932";"12";"7";"2019";"16:30";"1";"75";"75107";"2";"2";"1";"3";"QUAI D ORSAY";"48,8624010";"2,3104010"
"201900053933";"31";"3";"2019";"06:30";"2";"60";"60661";"2";"1";"1";"6";"70 D1324";"49,2352094";"2,9799139"
"201900053934";"28";"3";"2019";"19:20";"2";"85";"85064";"2";"1";"1";"7";"8 Lotissement des Acacias";"46,8316800";" -1,2775600"
"201900053935";"12";"7";"2019";"16:30";"1";"75";"75101";"2";"3";"1";"3";"AVENUE GENERAL LEMONNIER";"48,8609440";"2,3300540"
"201900053936";"30";"3";"2019";"02:45";"3";"44";"44089";"1";"1";"1";"6";"N165";"47,3405140";" -1,8250440"
"201900053937";"11";"7";"2019";"06:30";"1";"75";"75103";"2";"1";"2";"6";"RUE DU TEMPLE";"48,8607340";"2,3553170"
"201900053938";"21";"3";"2019";"13:25";"1";"44";"44098";"1";"1";"1";"1";"RN 165";"47,4804410";" -2,1871650"
"201900053939";"13";"7";"2019";"03:20";"5";"75";"75103";"2";"2";"1";"3";"RUE SAINT MARTIN";"48,8630900";"2,3524050"
"201900053940";"30";"3";"2019";"03:44";"3";"44";"44066";"1";"1";"1";"6";"Route Nationale 137, PR 041.650";"47,3701390";" -1,6470090"
"201900053941";"12";"7";"2019";"23:14";"5";"75";"75101";"2";"3";"1";"3";"RUE SAINT HONORE";"48,8622300";"2,3391670"
"201900053942";"28";"3";"2019";"15:20";"1";"30";"30221";"1";"1";"1";"3";"N 580";"44,0305140";"4,7357200"
"201900053943";"11";"7";"2019";"14:45";"1";"75";"75101";"2";"7";"1";"3";"RUE DE ROHAN";"48,8632050";"2,3355380"
"201900053944";"30";"3";"2019";"04:36";"3";"83";"83043";"1";"1";"1";"6";"N/A";"43,2316750";"6,2607630"
"201900053945";"11";"7";"2019";"10:55";"1";"94";"94081";"2";"1";"1";"6";"FONTAINEBLEAU (RTE DE)";"48,7730000";"2,3678300"
"201900053946";"12";"7";"2019";"11:15";"1";"94";"94080";"2";"1";"1";"5";"REPUBLIQUE (AV DE LA)";"48,8516500";"2,4372100"
"201900053947";"30";"3";"2019";"17:35";"3";"66";"66096";"1";"1";"1";"3";"Avenue du Général de Gaulle";"42,7678100";"2,6593100"
"201900053948";"10";"7";"2019";"02:45";"5";"94";"94076";"2";"1";"1";"6";"PAUL VAILLANT COUTURIER (AV)";"48,7940000";"2,3600000"
"201900053949";"28";"3";"2019";"17:30";"1";"66";"66050";"1";"9";"7";"3";"Sant Jaume du Crest";"42,7729600";"2,9117600"
"201900053950";"12";"7";"2019";"12:00";"1";"94";"94003";"2";"1";"1";"6";"CONVENTION (AV DE LA)";"48,8016500";"2,3335600"
"201900053951";"31";"3";"2019";"08:50";"1";"91";"91617";"1";"1";"1";"6";"RN6";"48,6394110";"2,5355090"
"201900053952";"30";"3";"2019";"19:45";"3";"56";"56122";"1";"1";"1";"7";"RD157 rue Haute";"47,9945940";" -2,3904120"
"201900053953";"11";"7";"2019";"14:40";"1";"94";"94076";"2";"2";"1";"3";"MAXIME GORKI (BD)";"48,7919700";"2,3699000"
"201900053954";"30";"3";"2019";"18:20";"1";"56";"56034";"1";"2";"7";"5";"Keriaval";"47,6154690";" -3,0853850"
"201900053955";"26";"3";"2019";"01:30";"5";"56";"56034";"2";"6";"1";"7";"Avenue des Druides";"47,5761470";" -3,0577630"
"201900053956";"30";"3";"2019";"17:30";"1";"56";"56147";"1";"3";"1";"3";"Bel Essor";"47,5387650";" -2,2274840"
"201900053957";"29";"3";"2019";"17:30";"1";"56";"56052";"1";"3";"1";"3";"Route de Muzillac";"47,5265400";" -2,5662500"
"201900053958";"12";"7";"2019";"15:15";"1";"94";"94073";"2";"3";"1";"6";"GEORGES HALGOULT (R)";"48,7603961";"2,3995417"
"201900053959";"31";"3";"2019";"00:30";"3";"74";"74282";"1";"3";"1";"6";"Route des Noyers (Thorens-Glières)";"46,0089910";"6,2725650"
"201900053960";"29";"3";"2019";"10:20";"1";"67";"67401";"1";"1";"1";"7";"Rd 1061";"48,9209700";"7,1185790"
"201900053961";"13";"7";"2019";"04:40";"5";"94";"94028";"2";"1";"1";"6";"BASSE QUINTE.(RUE DE LA)";"48,7746400";"2,4415500"
"201900053962";"30";"3";"2019";"23:30";"3";"76";"76317";"1";"1";"1";"6";"route de Bretteville -RD 10a";"49,6532200";"0,4033840"
"201900053963";"11";"7";"2019";"11:50";"1";"94";"94028";"2";"1";"1";"7";"HALPERN.(AVENUE BERNARD)";"48,7927000";"2,4435000"
"201900053964";"31";"3";"2019";"05:15";"3";"79";"79076";"1";"1";"1";"7";"D 19";"46,7349220";" -0,5044280"
"201900053965";"31";"3";"2019";"18:05";"1";"2B";"2B319";"2";"1";"1";"6";"Figaretto";"42,4168900";"9,5293330"
"201900053966";"11";"7";"2019";"13:35";"1";"94";"94022";"2";"1";"1";"4";"HUIT MAI 1945 (AV DU)";"48,7648100";"2,4106500"
"201900053967";"12";"7";"2019";"18:10";"1";"94";"94079";"2";"1";"1";"3";"GENERAL JOUBERT (AV DU)";"48,8212000";"2,5629000"
"201900053968";"30";"3";"2019";"18:05";"1";"80";"80303";"1";"1";"1";"6";"D940";"50,2163966";"1,6543651"
"201900053969";"29";"3";"2019";"21:00";"3";"82";"82127";"2";"1";"1";"6";"RD 957 - hauteur LA TUQUE ST THÈCLE";"44,1828110";"1,0854610"
"201900053970";"11";"7";"2019";"10:45";"1";"94";"94055";"2";"1";"1";"2";"PROVINS (RTE DE)";"48,7945770";"2,5517000"
"201900053971";"12";"7";"2019";"16:06";"1";"94";"94069";"2";"2";"1";"3";"GRAVELLE (AV DE)";"48,8240700";"2,4199900"
"201900053972";"11";"7";"2019";"10:00";"1";"94";"94017";"2";"1";"1";"7";"MARX DORMOY (AV)";"48,8063100";"2,5311900"
"201900053973";"12";"7";"2019";"17:20";"1";"94";"94071";"2";"1";"1";"2";"PARIS (R DE)";"48,7727000";"2,5010600"
"201900053974";"31";"3";"2019";"11:30";"1";"33";"33490";"1";"2";"1";"3";"Mirambeau";"45,4327900";" -1,0474400"
"201900053975";"11";"7";"2019";"17:10";"1";"94";"94004";"1";"1";"1";"3";"GENERAL LECLERC (AV DU)";"48,7563000";"2,5049800"
"201900053976";"24";"3";"2019";"12:05";"1";"69";"69267";"1";"1";"1";"1";"route du cru";"46,1647200";"4,6803100"
"201900053977";"30";"3";"2019";"22:30";"3";"81";"81219";"1";"1";"3";"6";"D84";"43,5180680";"2,1822720"
"201900053978";"11";"7";"2019";"13:50";"1";"93";"93078";"2";"1";"1";"3";"CLEMENCEAU (AVENUE GEORGES)";"48,9532000";"2,5630400"
"201900053979";"29";"3";"2019";"16:00";"1";"32";"32369";"1";"1";"1";"1";"CD 931";"43,7905580";"0,0169530"
"201900053980";"13";"7";"2019";"13:00";"1";"93";"93071";"2";"9";"7";"1";"GENERAL LECLERC (AVENUE DU)";"48,9389500";"2,5264100"
"201900053981";"12";"7";"2019";"16:15";"1";"93";"93071";"2";"2";"1";"3";"ANDRE TOUTAIN (AVENUE)";"48,9400000";"2,5200000"
"201900053982";"12";"7";"2019";"00:55";"5";"93";"93055";"2";"1";"1";"3";"JULES AUFFRET (51/FIN ET 56/FIN)";"48,8847000";"2,4113700"
"201900053983";"11";"7";"2019";"11:40";"1";"93";"93055";"2";"1";"1";"6";"JEAN JAURES (AVENUE) (76/128)";"48,9092000";"2,3982600"
"201900053984";"12";"7";"2019";"03:55";"5";"93";"93050";"2";"1";"1";"7";"LEON BLUM (AVENUE)";"48,8694600";"2,5385700"
"201900053985";"11";"7";"2019";"01:20";"5";"93";"93050";"2";"1";"1";"4";"JEAN JAURES (AVENUE) COTE VILLE EVRARD";"48,8625100";"2,5449700"
"201900053986";"13";"7";"2019";"18:35";"1";"93";"93015";"2";"1";"1";"6";"CONTRAT AVENUE DU";"48,9199100";"2,5645700"
"201900053987";"11";"7";"2019";"13:20";"1";"93";"93063";"2";"1";"1";"4";"REPUBLIQUE RUE DE LA";"48,8836000";"2,4300000"
"201900053988";"10";"7";"2019";"16:40";"1";"93";"93063";"2";"3";"1";"3";"DORY RUE LOUISE";"48,8930000";"2,4340000"
"201900053989";"13";"7";"2019";"07:30";"1";"93";"93027";"2";"1";"1";"6";"SALENGRO (AVENUE ROGER)";"48,9302320";"2,3860480"
"201900053990";"10";"7";"2019";"11:40";"1";"93";"93030";"2";"3";"1";"6";"LARIVIERE (RUE LOUIS)";"48,9537500";"2,4163900"
"201900053991";"29";"3";"2019";"18:40";"1";"32";"32352";"1";"2";"1";"3";"Rd 939";"43,8120900";"0,3864750"
"201900053992";"13";"7";"2019";"00:35";"5";"93";"93047";"2";"2";"1";"3";"PERVENCHES (AVENUE DES)";"48,8872300";"2,5515900"
"201900053993";"30";"3";"2019";"10:15";"1";"32";"32160";"1";"1";"1";"1";"RN124 PK 16+200";"43,6025110";"1,0396830"
"201900053994";"29";"3";"2019";"10:15";"1";"71";"71263";"2";"1";"1";"6";"90 rue du jura";"46,6323680";"5,2423580"
"201900053995";"11";"7";"2019";"21:40";"2";"93";"93014";"2";"1";"1";"2";"ROBERT BESSON (ALLEE)";"48,9007560";"2,5333200"
"201900053996";"30";"3";"2019";"05:30";"2";"71";"71170";"2";"1";"1";"6";"22 Rue Jules Seurre";"46,9296150";"4,8412060"
"201900053997";"11";"7";"2019";"19:10";"1";"93";"93010";"2";"3";"1";"3";"VAILLANT (RUE EDOUARD) 27 A 135";"48,8956500";"2,4844800"
"201900053998";"28";"3";"2019";"15:50";"1";"89";"89478";"2";"1";"1";"7";"rue du saule";"47,7011780";"3,6350320"
"201900053999";"30";"3";"2019";"11:00";"1";"63";"63430";"2";"1";"1";"2";"5 Avenue Léo Lagrange";"45,8498990";"3,5377390"
"201900054000";"31";"3";"2019";"08:30";"1";"61";"61324";"1";"1";"7";"2";"La Jariais (L'Épinay-le-Comte)";"48,4774230";" -0,7824350"
"201900054001";"11";"7";"2019";"13:11";"1";"93";"93007";"2";"2";"1";"3";"GENERAL GIRAUD (RUE)";"48,9408100";"2,4631400"
"201900054002";"28";"3";"2019";"16:45";"1";"42";"42081";"1";"3";"1";"3";"RD1082";"45,6004370";"4,2647660"
"201900054003";"29";"3";"2019";"08:15";"1";"42";"42150";"2";"1";"7";"6";"le bourg";"45,7145510";"4,0666010"
"201900054004";"29";"3";"2019";"16:30";"1";"47";"47310";"2";"3";"7";"3";"Avenue Pierre Mendès France";"44,3956490";"0,3017466"
"201900054005";"16";"3";"2019";"14:50";"1";"41";"41049";"1";"1";"1";"3";"Rue de Romorantin";"47,3466530";"1,4844770"
"201900054006";"27";"3";"2019";"13:55";"1";"68";"68082";"2";"1";"1";"6";"3 Rue des Pâquerettes hauteur école maternelle Les Mines";"47,8549180";"7,3354410"
"201900054007";"29";"3";"2019";"14:15";"1";"68";"68202";"2";"1";"1";"6";"8 Rue de Saint-Ulrich";"47,5918480";"7,1215910"
"201900054008";"12";"7";"2019";"23:52";"5";"93";"93001";"2";"1";"1";"6";"REPUBLIQUE (AVE DE LA ) 43/106 =>";"48,9111954";"2,3846355"
"201900054009";"31";"7";"2019";"18:00";"1";"67";"67529";"2";"1";"7";"1";"4C rue creuse";"48,7164120";"7,8037580"
"201900054010";"12";"7";"2019";"17:40";"1";"93";"93001";"2";"1";"1";"7";"DOCTEUR PESQUE (RUE DU)";"48,9136700";"2,3829800"
"201900054011";"12";"7";"2019";"12:15";"1";"93";"93001";"2";"9";"1";"3";"PONT BLANC.CHARLES TILLON (RUE)  3/80 =>";"48,9171400";"2,3930800"
"201900054012";"16";"8";"2019";"09:40";"1";"88";"88367";"1";"4";"1";"1";"Intersectin D32/D246";"48,3250480";"6,6316390"
"201900054013";"30";"5";"2019";"09:30";"1";"93";"93001";"2";"2";"1";"6";"HENRI BARBUSSE (RUE)  111 =>";"48,9088800";"2,3906000"
"201900054014";"20";"8";"2019";"11:50";"1";"38";"38565";"1";"1";"2";"6";"d520a";"45,2974210";"5,6363310"
"201900054015";"11";"7";"2019";"08:55";"1";"92";"92046";"2";"2";"1";"6";"DANTON (RUE)";"48,8219400";"2,2997300"
"201900054016";"28";"3";"2019";"16:30";"1";"68";"68004";"2";"1";"1";"2";"29 Rue du 3e Zouave";"47,6271480";"7,2625390"
"201900054017";"20";"8";"2019";"05:30";"3";"38";"38317";"1";"1";"2";"5";"Route Napoléon";"45,1203200";"5,6973500"
"201900054018";"22";"8";"2019";"07:10";"1";"69";"69038";"1";"1";"1";"6";"Route Départementale 7";"45,7714600";"4,3700500"
"201900054019";"12";"7";"2019";"18:15";"1";"92";"92050";"2";"1";"1";"3";"HENRI SELLIER (BD)";"48,8810000";"2,2174800"