"Num_Acc";"jour";"mois";"an";"hrmn";"lum";"dep";"com";"agg";"int";"atm";"col";"adr";"lat";"long"
"201900054020";"29";"3";"2019";"16:45";"1";"68";"68155";"2";"6";"1";"3";"Route départementale";"48,0899920";"7,3170240"
"201900054021";"22";"8";"2019";"07:40";"1";"69";"69175";"2";"4";"1";"3";"Rue Font de la Cure";"45,8180710";"4,5774260"
"201900054022";"29";"3";"2019";"17:05";"1";"22";"22310";"2";"2";"1";"3";"Lotissement Toul Barrière";"48,6150180";" -3,2362470"
"201900054023";"12";"7";"2019";"00:00";"5";"92";"92064";"2";"1";"1";"3";"DAILLY";"48,8450807";"2,2203326"
"201900054024";"11";"7";"2019";"22:32";"5";"92";"92063";"2";"1";"1";"1";"DIX-HUIT JUIN 1940 (AVENUE DU) EST";"48,8682900";"2,1908700"
"201900054025";"22";"8";"2019";"16:45";"1";"81";"81054";"1";"2";"1";"4";"Route Nationale 126";"43,5719353";"2,1368179"
"201900054026";"30";"3";"2019";"09:40";"1";"25";"25515";"1";"1";"1";"4";"RD 47";"46,8781790";"6,2911910"
"201900054027";"12";"7";"2019";"08:45";"1";"92";"92050";"2";"1";"1";"3";"COMMUNE DE PARIS AVENUE DE LA";"48,9031790";"2,2030470"
"201900054028";"21";"8";"2019";"11:30";"1";"31";"31248";"1";"3";"1";"3";"d19";"43,4497040";"1,4084420"
"201900054029";"30";"3";"2019";"15:55";"1";"25";"25387";"1";"1";"1";"1";"D437 - PK 104";"47,2922020";"6,8141800"
"201900054030";"29";"3";"2019";"12:00";"1";"25";"25564";"1";"1";"1";"1";"RD12";"47,1770280";"5,8873130"
"201900054031";"22";"8";"2019";"18:25";"1";"14";"14609";"1";"4";"1";"1";"La Pièce de Devant";"49,2661145";" -0,7093724"
"201900054032";"12";"7";"2019";"11:50";"1";"92";"92020";"2";"2";"1";"3";"PARIS AVENUE DE N°2 A82";"48,8040477";"2,2885928"
"201900054033";"21";"8";"2019";"15:45";"1";"22";"22134";"2";"1";"1";"3";"70 Route de Perros";"48,7970710";" -3,4302990"
"201900054034";"12";"7";"2019";"10:08";"1";"92";"92020";"2";"2";"1";"2";"PARIS AVENUE DE N°2 A82";"48,8039890";"2,2885790"
"201900054035";"28";"3";"2019";"18:15";"1";"29";"29188";"1";"1";"1";"7";"KERMOUSTER";"48,6606750";" -3,7917730"
"201900054036";"21";"8";"2019";"07:35";"1";"13";"13106";"1";"1";"1";"2";"A51-Sens Aix en Provence vers Marseille";"43,4046400";"5,3590600"
"201900054037";"30";"3";"2019";"09:40";"1";"31";"31451";"2";"1";"7";"6";"24 Avenue de Castelnaudary";"43,4557240";"1,9989840"
"201900054038";"16";"8";"2019";"17:30";"1";"13";"13071";"1";"1";"1";"6";"A7-Sens Marseille vers Lyon";"43,4053420";"5,3195890"
"201900054039";"12";"7";"2019";"08:55";"1";"92";"92026";"2";"1";"1";"3";"J.-BAPTISTE CHARCOT (DE 60 A FIN)";"48,9007600";"2,2741900"
"201900054040";"31";"3";"2019";"13:20";"1";"38";"38001";"1";"3";"1";"3";"Rue Victor Hugo (Les Abrets)";"45,5501060";"5,5835360"
"201900054041";"21";"8";"2019";"17:00";"1";"91";"91689";"1";"1";"1";"4";"AUTOROUTE A6";"48,7400200";"2,3202400"
"201900054042";"10";"7";"2019";"17:00";"1";"92";"92026";"2";"1";"1";"2";"MARECHAL JOFFRE (QUAI DU)";"48,9017644";"2,2796235"
"201900054043";"31";"3";"2019";"07:00";"2";"3";"03274";"1";"1";"1";"7";"Terreneuve";"46,3617963";"3,6691184"
"201900054044";"11";"7";"2019";"14:30";"1";"92";"92012";"2";"1";"1";"6";"GALLIENI (RUE) 159/FIN";"48,8361310";"2,2363340"
"201900054045";"21";"8";"2019";"19:55";"5";"92";"92050";"1";"1";"1";"3";"A14";"48,9008138";"2,2016658"
"201900054046";"31";"3";"2019";"19:30";"2";"3";"03297";"2";"1";"1";"7";"rue Pasteur";"46,5353473";"2,6114726"
"201900054047";"21";"8";"2019";"13:50";"1";"92";"92050";"1";"1";"1";"3";"A14";"48,9019123";"2,2025788"
"201900054048";"31";"3";"2019";"13:30";"1";"1";"01159";"2";"1";"1";"2";"Grande Rue";"46,3346690";"4,8889040"
"201900054049";"11";"7";"2019";"15:00";"1";"92";"92004";"2";"1";"1";"3";"AULAGNIER ( QUAI )";"48,9130615";"2,3066976"
"201900054050";"21";"8";"2019";"12:45";"1";"93";"93053";"1";"1";"1";"2";"AUTOROUTE A3";"48,8834200";"2,4585400"
"201900054051";"28";"3";"2019";"19:35";"3";"1";"01175";"1";"1";"1";"1";"1048 Route de Montrevel";"46,4206510";"4,9715570"
"201900054052";"10";"7";"2019";"17:45";"1";"92";"92004";"2";"1";"1";"2";"GEORGES GUYNEMER (RUE)";"48,9149800";"2,2893600"
"201900054053";"20";"8";"2019";"21:50";"5";"93";"93008";"1";"1";"1";"2";"AUTOROUTE A86";"48,9089800";"2,4482700"
"201900054054";"31";"3";"2019";"11:50";"1";"70";"70323";"1";"1";"1";"1";"Départmentale 417 p.k 020.120";"47,9161030";"6,1217820"
"201900054055";"23";"3";"2019";"09:45";"1";"70";"70491";"1";"1";"1";"6";"RD 13";"47,5233930";"5,7396840"
"201900054056";"14";"7";"2019";"16:20";"1";"8";"08211";"2";"9";"1";"1";"Route de Raucourt";"49,6186440";"4,9617340"
"201900054057";"20";"8";"2019";"22:10";"5";"93";"93008";"1";"1";"1";"2";"AUTOROUTE A86";"48,9083000";"2,4508000"
"201900054058";"30";"3";"2019";"14:20";"1";"70";"70563";"1";"1";"1";"2";"D9";"47,5742430";"6,2578880"
"201900054059";"11";"7";"2019";"08:30";"1";"62";"62550";"2";"6";"1";"5";"RD 928";"50,3715200";"2,0292250"
"201900054060";"29";"3";"2019";"21:35";"3";"66";"66096";"2";"1";"1";"3";"Avenue du Général de Gaulle";"42,7677950";"2,6592980"
"201900054061";"20";"8";"2019";"23:30";"5";"93";"93066";"1";"1";"1";"2";"AUTOROUTE A1";"48,9103400";"2,3582500"
"201900054062";"12";"7";"2019";"14:40";"1";"51";"51328";"1";"1";"1";"7";"RN 4";"48,7433862";"4,5219610"
"201900054063";"29";"3";"2019";"18:30";"2";"54";"54245";"1";"1";"1";"6";"RD9";"48,4864770";"6,3417480"
"201900054064";"21";"8";"2019";"20:20";"1";"77";"77449";"1";"1";"1";"3";"A4";"48,8332830";"2,7913430"
"201900054065";"30";"3";"2019";"23:30";"3";"54";"54081";"2";"1";"1";"1";"D643 PK 33";"49,4063430";"5,7390100"
"201900054066";"31";"3";"2019";"16:25";"1";"72";"72002";"1";"1";"1";"7";"La locherie";"48,4072620";"0,3309850"
"201900054067";"31";"3";"2019";"07:50";"2";"72";"72217";"1";"1";"1";"1";"Lieu dit La Groie";"48,0973780";"0,2012090"
"201900054068";"6";"7";"2019";"19:00";"1";"51";"51373";"1";"1";"1";"1";"RD 13";"48,6547564";"4,6613232"
"201900054069";"20";"8";"2019";"06:45";"5";"82";"82121";"2";"1";"3";"6";"19 AOUT 1944 ( AVENUE)";"44,0225400";"1,3617500"
"201900054070";"8";"5";"2019";"18:20";"1";"1";"01004";"2";"2";"2";"2";"Avenue de la Libération";"45,9608430";"5,3351900"
"201900054071";"29";"3";"2019";"22:30";"3";"72";"72146";"1";"1";"1";"6";"Route des Mollières";"47,8919180";"0,1411510"
"201900054072";"12";"7";"2019";"14:45";"1";"80";"80385";"1";"1";"1";"5";"Autoroute A28";"50,1101040";"1,7894030"
"201900054073";"22";"3";"2019";"09:05";"1";"72";"72070";"1";"2";"5";"6";"la groie";"48,0206930";" -0,1052500"
"201900054074";"20";"8";"2019";"10:00";"1";"974";"97416";"2";"3";"1";"3";"LIGNE DES BAMBOUS(ROUTE)";" -21,3032400";"55,4946000"
"201900054075";"29";"3";"2019";"08:30";"1";"6";"06038";"2";"9";"1";"1";"354 chemin du Camp de Tende";"43,6610440";"6,9743300"
"201900054076";"13";"7";"2019";"11:52";"1";"9";"09253";"1";"1";"1";"7";"Cap de la Coste";"43,1061270";"1,4014120"
"201900054077";"16";"8";"2019";"17:40";"1";"974";"97416";"1";"2";"1";"1";"BOISSY(CHEMIN)";" -21,3407900";"55,5083800"
"201900054078";"29";"3";"2019";"20:35";"3";"6";"06090";"2";"3";"1";"3";"Intersection route de la Fénerie et chemin de Cabrol";"43,5890480";"6,9275150"
"201900054079";"20";"8";"2019";"16:50";"1";"69";"69276";"2";"1";"3";"7";"BARTON (DE)                             ";"45,6651400";"4,8536300"
"201900054080";"14";"7";"2019";"09:20";"3";"9";"09181";"1";"1";"1";"1";"route de la grotte D119";"43,0680490";"1,3543330"
"201900054081";"28";"3";"2019";"16:55";"1";"83";"83032";"1";"1";"1";"7";"RD562";"43,4660430";"6,1445270"
"201900054082";"20";"8";"2019";"15:40";"1";"69";"69383";"2";"2";"3";"6";"PIERRE CORNEILLE                    (R )";"45,7586400";"4,8448000"
"201900054083";"29";"3";"2019";"19:40";"3";"83";"83012";"1";"1";"1";"6";"N/A";"43,5771990";"6,0163390"
"201900054084";"14";"7";"2019";"13:00";"1";"22";"22177";"1";"1";"1";"7";"Le Plessix";"48,6327600";" -2,9544280"
"201900054085";"20";"8";"2019";"12:35";"1";"69";"69259";"1";"9";"3";"7";"URBAIN EST                              ";"45,6878300";"4,8867800"
"201900054086";"30";"3";"2019";"15:25";"1";"60";"60105";"2";"1";"1";"6";"55 rue saint hubert";"49,5686226";"3,1138247"
"201900054087";"12";"7";"2019";"18:46";"2";"22";"22237";"1";"1";"1";"1";"la rougeraie";"48,5212310";" -2,2835740"
"201900054088";"20";"8";"2019";"06:00";"3";"69";"69388";"2";"2";"2";"6";"JEAN MERMOZ                         (AV)";"45,7305000";"4,8875100"
"201900054089";"31";"3";"2019";"01:50";"5";"60";"60044";"2";"1";"1";"7";"Rue du Général de Gaulle";"49,2915810";"2,3395220"
"201900054090";"12";"7";"2019";"18:45";"1";"11";"11418";"1";"1";"1";"2";"A61";"43,2396010";"2,0866780"
"201900054091";"20";"8";"2019";"06:50";"1";"972";"97209";"1";"1";"1";"5";"AUTOROUTE (A1)";"14,6182400";" -61,0355300"
"201900054092";"28";"3";"2019";"17:00";"1";"60";"60626";"2";"3";"1";"5";"26 Rue de Dieppe";"49,3886600";"1,7357910"
"201900054093";"11";"7";"2019";"10:44";"1";"49";"49220";"1";"1";"1";"7";"RD135";"47,7038900";" -0,3522930"
"201900054094";"20";"8";"2019";"16:15";"1";"69";"69382";"2";"2";"2";"3";"DENUZIERE                           (R )";"45,7445800";"4,8195300"
"201900054095";"31";"3";"2019";"18:00";"1";"45";"45245";"1";"1";"1";"6";"RD 122 PK 09 + 900";"47,6931237";"2,7557818"
"201900054096";"10";"7";"2019";"23:45";"3";"17";"17310";"1";"1";"1";"6";"18 Route de Saint-Seurin d'Uzet";"45,5917890";" -0,7578440"
"201900054097";"12";"7";"2019";"18:25";"1";"81";"81109";"1";"1";"1";"6";"D83";"43,6794286";"2,1542868"
"201900054098";"30";"3";"2019";"20:30";"3";"45";"45046";"1";"1";"1";"1";"D 955";"47,9768940";"1,7636340"
"201900054099";"19";"8";"2019";"15:18";"1";"69";"69389";"2";"2";"1";"3";"CHAMPAGNE (DE)                      (AV)";"45,7898100";"4,7974700"
"201900054100";"27";"3";"2019";"15:40";"1";"64";"64416";"2";"1";"1";"7";"Chemin de Bererenx";"43,3157890";" -0,7544110"
"201900054101";"14";"7";"2019";"12:10";"1";"10";"10406";"2";"1";"1";"2";"10 Rue des Tilleuls";"48,2391340";"4,1456960"
"201900054102";"20";"8";"2019";"22:45";"5";"2B";"2B033";"1";"6";"1";"3";"SAMPIERO CORSO - AV";"42,6712300";"9,4436300"
"201900054103";"20";"8";"2019";"13:45";"1";"95";"95582";"2";"1";"1";"6";"9 RUE JACQUES TROYNES";"48,9679000";"2,2404000"
"201900054104";"10";"7";"2019";"21:55";"3";"972";"97231";"2";"1";"1";"6";"D7 - PK 9+700";"14,5383850";" -61,0589890"
"201900054105";"31";"3";"2019";"05:30";"2";"36";"36094";"1";"1";"1";"6";"D44";"46,4747343";"1,2244299"
"201900054106";"13";"7";"2019";"10:50";"1";"972";"97204";"2";"1";"1";"6";"Avenue du Général de Gaulle";"14,7070990";" -61,1832650"
"201900054107";"20";"8";"2019";"21:35";"5";"91";"91377";"2";"2";"1";"3";"BOURGOGNE (AVENUE DE)";"48,7345100";"2,2927400"
"201900054108";"28";"3";"2019";"16:45";"1";"7";"07222";"1";"1";"1";"2";"Le Bail";"44,9146120";"4,4528860"
"201900054109";"11";"7";"2019";"12:45";"1";"83";"83086";"2";"2";"1";"6";"Boulevard de la Libération";"43,4728800";"6,5611500"
"201900054110";"19";"8";"2019";"19:30";"1";"91";"91223";"2";"1";"1";"6";"GUETTARD (RUE J.E.)";"48,4443800";"2,1638900"
"201900054111";"12";"7";"2019";"08:40";"1";"35";"35085";"2";"1";"2";"6";"Avenue de la Libération";"48,4149890";" -1,7340390"
"201900054112";"29";"3";"2019";"18:40";"1";"7";"07035";"1";"1";"1";"5";"D14";"44,9207380";"4,7221550"
"201900054113";"19";"8";"2019";"11:15";"1";"91";"91223";"2";"1";"1";"5";"AVENUE DE LA LIBERATION";"48,4321300";"2,1563100"
"201900054114";"12";"7";"2019";"22:00";"3";"84";"84127";"1";"1";"1";"6";"1872 Route de Sainte-Cécile";"44,1952230";"4,8647490"
"201900054115";"8";"3";"2019";"15:00";"1";"7";"07302";"1";"1";"8";"6";"RD2";"44,6709570";"4,7094980"
"201900054116";"17";"8";"2019";"00:58";"5";"86";"86066";"2";"3";"1";"3";"WILSON (AVENUE DU PRESIDENT)";"46,8144900";"0,5436500"
"201900054117";"31";"3";"2019";"16:50";"1";"53";"53127";"1";"1";"1";"6";"Les Yvets la Baroche";"48,4632380";" -0,4521740"
"201900054118";"13";"7";"2019";"18:00";"1";"63";"63327";"2";"3";"1";"7";"74 Rue Jeanne D'Arc";"45,9321780";"3,1204040"
"201900054119";"20";"8";"2019";"23:10";"5";"81";"81060";"2";"1";"1";"6";"JAURES ( AVENUE JEAN )";"44,0499703";"2,1523304"
"201900054120";"29";"3";"2019";"15:00";"1";"21";"21272";"1";"3";"1";"1";"Départementale 980 PK 35+700";"47,4374040";"4,3112930"
"201900054121";"13";"7";"2019";"19:30";"1";"1";"01238";"2";"1";"1";"1";"Route de la Genêtière";"45,9087050";"4,8157900"
"201900054122";"20";"8";"2019";"00:20";"5";"81";"81060";"2";"2";"2";"3";"TORCATIS ( AV. BOULOC)";"44,0560400";"2,1482500"
"201900054123";"16";"8";"2019";"22:30";"3";"80";"80131";"2";"1";"1";"7";"N/A";"49,8603000";"2,3828800"
"201900054124";"12";"7";"2019";"10:10";"1";"68";"68300";"2";"1";"1";"6";"25 Roue Départemetale 201";"47,7878990";"7,3881260"
"201900054125";"18";"8";"2019";"02:55";"5";"80";"80021";"2";"1";"2";"7";"JULES FERRY (CHAUSSEE)";"49,8837100";"2,3242800"
"201900054126";"13";"7";"2019";"18:14";"1";"12";"12033";"2";"1";"1";"6";"RD 988";"44,4637810";"2,7274000"
"201900054127";"30";"3";"2019";"14:23";"1";"40";"40284";"1";"1";"1";"1";"d810";"43,6493310";" -1,3266020"
"201900054128";"20";"8";"2019";"15:55";"1";"78";"78299";"2";"1";"1";"7";"GUILLAUME DE BEAUMONT (RUE)";"49,0066000";"1,8980700"
"201900054129";"14";"7";"2019";"01:50";"3";"35";"35239";"1";"1";"1";"6";"D41 - PK 33";"47,8863250";" -1,3279760"
"201900054130";"30";"3";"2019";"14:05";"1";"24";"24540";"1";"2";"1";"6";"Les 04 Routes - CD8";"45,2681000";"0,8332000"
"201900054131";"12";"7";"2019";"03:30";"3";"29";"29075";"1";"1";"2";"7";"N12";"48,4449180";" -4,3986110"
"201900054132";"20";"8";"2019";"00:50";"3";"77";"77215";"1";"1";"1";"2";"RN4 HORS AGGLOMERATION";"48,7347757";"2,7368821"
"201900054133";"29";"3";"2019";"18:40";"1";"85";"85103";"2";"2";"1";"3";"Rue des Lavandières";"46,5385700";" -1,6151000"
"201900054134";"13";"7";"2019";"05:55";"2";"74";"74272";"1";"1";"1";"1";"RD 1508";"45,9487780";"6,0461650"
"201900054135";"23";"3";"2019";"14:10";"1";"85";"85216";"1";"1";"1";"2";"RD 137";"46,4437100";" -1,1016800"
"201900054136";"12";"7";"2019";"00:05";"5";"74";"74112";"2";"1";"1";"2";"Route de Bellegarde (Épagny)";"45,9275110";"6,0846750"
"201900054137";"17";"8";"2019";"16:06";"1";"67";"67482";"2";"1";"1";"6";"CASTELNAU (RUE DU GENERAL DE)";"48,5878600";"7,7485910"
"201900054138";"31";"3";"2019";"05:50";"3";"85";"85261";"1";"1";"1";"7";"D19";"46,5644980";" -1,1143210"
"201900054139";"16";"8";"2019";"18:40";"1";"67";"67482";"2";"1";"1";"3";"FOUDAY (RUE DE)";"48,5746520";"7,7309340"
"201900054140";"15";"8";"2019";"04:20";"5";"67";"67482";"2";"1";"1";"6";"RHIN (AVENUE DU)";"48,5726740";"7,7927460"
"201900054141";"14";"8";"2019";"18:10";"1";"67";"67482";"2";"1";"1";"1";"LA FONTAINE (BOULEVARD)";"48,5890700";"7,7054200"
"201900054142";"9";"7";"2019";"23:15";"3";"87";"87019";"1";"1";"1";"7";"A20 PK 191.600";"45,7631520";"1,3294130"
"201900054143";"14";"8";"2019";"17:20";"1";"67";"67482";"2";"3";"2";"3";"ROTTERDAM (RUE DE)";"48,5820600";"7,7790500"
"201900054144";"13";"7";"2019";"21:15";"5";"1";"01033";"2";"1";"1";"6";"Rue Antoine Jacquet";"46,1175710";"5,8151610"
"201900054145";"20";"8";"2019";"12:20";"1";"66";"66136";"2";"1";"1";"2";"FRANCE LIBRE (BOULEVARD DE LA)";"42,7010200";"2,8855700"
"201900054146";"13";"7";"2019";"14:10";"1";"1";"01033";"1";"1";"1";"5";"rd1206";"46,0952290";"5,8546550"
"201900054147";"29";"3";"2019";"19:30";"3";"27";"27518";"1";"5";"1";"3";"D810, accès A131";"49,4508390";"0,5476440"
"201900054148";"18";"8";"2019";"15:35";"1";"60";"60175";"2";"1";"8";"1";"BOURSIER (RUE)";"49,2617900";"2,4776500"
"201900054149";"12";"7";"2019";"01:45";"3";"1";"01257";"1";"1";"1";"7";"RD14";"46,1813200";"5,8071560"
"201900054150";"29";"3";"2019";"23:50";"3";"28";"28319";"1";"1";"1";"3";"Route départementale 2020";"48,2756450";"1,9763420"
"201900054151";"20";"8";"2019";"16:20";"1";"59";"59352";"2";"1";"1";"2";"VILLAS (HAMEAU DES)";"50,7403700";"3,0834800"
"201900054152";"11";"7";"2019";"19:05";"1";"85";"85153";"1";"1";"1";"2";"La Bonnière";"46,7915000";" -1,1001800"
"201900054153";"29";"3";"2019";"18:25";"1";"37";"37085";"1";"1";"1";"1";"Le Bas Vau";"47,2462100";"0,8869180"
"201900054154";"12";"7";"2019";"19:00";"1";"34";"34259";"1";"1";"1";"6";"RN109";"43,6288640";"3,7746800"
"201900054155";"19";"8";"2019";"19:22";"1";"59";"59486";"2";"3";"1";"3";"NATIONALE (RUE)";"50,4163400";"3,1367900"
"201900054156";"28";"3";"2019";"13:00";"1";"37";"37139";"2";"2";"1";"3";"29 Avenue Louis-Charles d'Albert Duc de Luynes";"47,3901840";"0,5468972"
"201900054157";"12";"7";"2019";"11:15";"1";"38";"38113";"1";"1";"1";"1";"D1075";"44,8322800";"5,6046700"
"201900054158";"30";"3";"2019";"11:45";"1";"37";"37054";"1";"1";"1";"7";"Route de Vernou";"47,4754520";"0,7225030"
"201900054159";"18";"8";"2019";"12:05";"1";"57";"57757";"2";"3";"1";"6";"MARGUERITE (RUE)";"49,3473700";"6,2004400"
"201900054160";"13";"7";"2019";"18:30";"1";"23";"23080";"1";"1";"1";"6";"RD26";"45,7501190";"2,1266070"
"201900054161";"31";"3";"2019";"09:45";"1";"48";"48032";"2";"3";"1";"1";"La Brousse";"44,6289140";"3,2374770"
"201900054162";"19";"8";"2019";"17:23";"1";"56";"56121";"2";"6";"1";"6";"KENNEDY (RD-PT du Président)";"47,7637200";" -3,3796400"
"201900054163";"16";"3";"2019";"16:35";"1";"87";"87001";"1";"1";"1";"3";"D2000";"45,8185120";"1,1258650"
"201900054164";"19";"8";"2019";"13:10";"1";"56";"56121";"2";"1";"1";"2";"Av du Général de Gaulle";"47,7397100";" -3,3781200"
"201900054165";"29";"3";"2019";"19:45";"3";"8";"08381";"1";"1";"1";"7";"RD 50";"49,5243540";"4,1086400"
"201900054166";"11";"7";"2019";"08:15";"1";"62";"62027";"2";"1";"1";"1";"RD 54";"50,3114180";"2,4747620"
"201900054167";"20";"8";"2019";"09:40";"1";"54";"54395";"2";"1";"1";"3";"NOTRE DAME DE LOURDES (RUE)";"48,6755000";"6,1771500"
"201900054168";"30";"3";"2019";"18:59";"2";"10";"10130";"1";"1";"1";"2";"autoroute A26";"48,5960180";"4,1802650"
"201900054169";"14";"7";"2019";"02:00";"3";"62";"62081";"1";"1";"1";"6";"RD 939";"50,2114410";"3,0573710"
"201900054170";"19";"8";"2019";"13:50";"1";"50";"50602";"1";"1";"1";"6";"COUPLETS (ROUTE DES)";"49,6505200";" -1,5535500"
"201900054171";"30";"3";"2019";"08:10";"1";"973";"97307";"1";"1";"2";"6";"RN 4";"4,8617970";" -52,3117900"
"201900054172";"23";"3";"2019";"00:55";"3";"13";"13037";"1";"6";"1";"2";"Route départemantale 10";"43,5503160";"5,2287330"
"201900054173";"29";"3";"2019";"14:20";"1";"6";"06018";"2";"1";"1";"1";"Avenue Roumanille";"43,6188680";"7,0749820"
"201900054174";"29";"3";"2019";"17:40";"1";"6";"06152";"2";"1";"1";"1";"route du parc";"43,6148840";"7,0423830"
"201900054175";"29";"1";"2019";"19:15";"3";"6";"06152";"1";"9";"1";"4";"Route du Parc";"43,6077000";"7,0556000"
"201900054176";"17";"8";"2019";"17:04";"1";"49";"49267";"2";"1";"3";"7";"A87N";"47,4662900";" -0,5176200"
"201900054177";"26";"3";"2019";"14:50";"1";"33";"33284";"1";"1";"1";"6";"A660 PR7+690 coup de volant vers DBA suite malaise et finit sur accotement";"44,6314400";" -0,9259200"
"201900054178";"13";"7";"2019";"17:40";"1";"77";"77406";"1";"2";"1";"3";"D222 X RUE DU TEMPLE";"48,8412350";"3,1895840"
"201900054179";"17";"8";"2019";"12:14";"1";"49";"49267";"2";"1";"2";"7";"VERDUN";"47,4678100";" -0,4936600"
"201900054180";"30";"3";"2019";"00:55";"3";"74";"74064";"1";"1";"1";"6";"route de cluses";"46,0828030";"6,5784880"
"201900054181";"13";"7";"2019";"22:30";"5";"74";"74105";"2";"2";"1";"3";"AVENUE DE GENEVE";"46,3057730";"6,3014180"
"201900054182";"17";"8";"2019";"14:28";"1";"49";"49267";"2";"1";"2";"3";"A87N";"47,4662900";" -0,5177100"
"201900054183";"30";"3";"2019";"13:55";"1";"13";"13011";"1";"3";"1";"3";"Route Départementale 5";"43,7347580";"4,8211650"
"201900054184";"15";"8";"2019";"01:20";"3";"44";"44109";"2";"1";"1";"7";"BOULEVARD DE VENDEE";"47,1765090";" -1,5156820"
"201900054185";"12";"7";"2019";"17:08";"1";"74";"74150";"1";"3";"1";"3";"Route de Bons-En-Chablais";"46,2686266";"6,3170112"
"201900054186";"29";"3";"2019";"15:20";"1";"17";"17300";"1";"1";"7";"1";"RD 735";"46,1733430";" -1,2345270"
"201900054187";"19";"8";"2019";"10:15";"1";"42";"42184";"2";"1";"2";"6";"GALLIENI JOSEPH (AVENUE)";"46,0444000";"4,0526300"
"201900054188";"12";"7";"2019";"23:10";"3";"57";"57261";"1";"1";"2";"7";"PK 40+300";"49,0672770";"7,2181040"
"201900054189";"31";"3";"2019";"03:30";"3";"13";"13051";"1";"1";"1";"6";"Autoroute A7 PK 36+250 sens ud/Nord";"43,6182550";"5,1382240"
"201900054190";"20";"8";"2019";"08:00";"1";"37";"37214";"2";"6";"1";"3";"PORTILLON (PLACE)";"47,4003900";"0,6787400"
"201900054191";"19";"8";"2019";"14:30";"1";"35";"35278";"2";"6";"1";"3";"BETTON (ROND POINT DE)";"48,1636160";" -1,6758257"
"201900054192";"19";"8";"2019";"14:00";"1";"35";"35238";"2";"1";"1";"3";"TOUR D'AUVERGNE (BD DE LA)";"48,1068365";" -1,6844762"
"201900054193";"28";"3";"2019";"22:15";"3";"13";"13076";"1";"1";"1";"6";"A7 - PK 207+750 - Sens Sud Nord";"43,8394750";"4,9959590"
"201900054194";"18";"8";"2019";"01:45";"3";"34";"34032";"1";"3";"1";"2";"RD.64";"43,3300400";"3,1872500"
"201900054195";"31";"3";"2019";"14:45";"1";"60";"60494";"1";"1";"1";"1";"D126";"49,0952210";"2,5748590"
"201900054196";"10";"8";"2019";"11:10";"1";"33";"33063";"2";"3";"1";"6";"Crs du Raccordement / R. Bourbon";"44,8657390";" -0,5621640"
"201900054197";"30";"3";"2019";"08:00";"1";"988";"98822";"1";"3";"2";"6";"tribu de Tiéti";" -20,9162000";"165,3030700"
"201900054198";"20";"8";"2019";"02:30";"4";"33";"33039";"2";"4";"1";"6";"QUAI DU PRESIDENT WILSON";"44,8197900";" -0,5388000"
"201900054199";"28";"6";"2019";"15:10";"1";"51";"51569";"1";"3";"1";"1";"PARC MILLESIME";"49,2542290";"3,9628830"
"201900054200";"30";"3";"2019";"11:40";"1";"974";"97422";"1";"1";"1";"6";"route nationale 3";" -21,2337820";"55,5477520"
"201900054201";"20";"8";"2019";"08:43";"1";"29";"29232";"2";"1";"1";"6";"POHER RUE DU";"47,9823003";" -4,1086560"
"201900054202";"13";"7";"2019";"17:20";"1";"59";"59493";"1";"1";"1";"1";"13 Route de Sains";"50,1021380";"4,0213690"
"201900054203";"13";"3";"2019";"08:30";"1";"971";"97106";"1";"1";"1";"1";"Route de la Traversée";"16,1809820";" -61,7572660"
"201900054204";"12";"7";"2019";"17:40";"1";"56";"56054";"1";"4";"1";"3";"lieu dit La Croix Cordier";"47,6472240";" -3,1674180"
"201900054205";"28";"3";"2019";"20:00";"3";"971";"97134";"1";"1";"1";"7";"Route du Bouchu";"16,0660810";" -61,7617940"
"201900054206";"12";"7";"2019";"14:30";"1";"22";"22278";"2";"1";"1";"6";"BREST (DE)";"48,5118803";" -2,7662906"
"201900054207";"14";"7";"2019";"11:30";"1";"74";"74276";"2";"3";"1";"3";"55 Rue de la Poste";"46,1071470";"6,5945380"
"201900054208";"23";"3";"2019";"17:30";"1";"33";"33245";"1";"3";"1";"3";"D115 / Chemin de Peybotte";"44,8048700";" -0,4409900"
"201900054209";"29";"3";"2019";"10:35";"1";"77";"77270";"1";"1";"1";"3";"D228";"48,8672900";"2,9966000"
"201900054210";"17";"8";"2019";"09:47";"1";"22";"22360";"2";"1";"2";"1";"rue pierre de coubertin";"48,4942850";" -2,7619240"
"201900054211";"6";"7";"2019";"12:26";"1";"74";"74267";"1";"1";"1";"3";"RD1508";"45,8640355";"6,1402208"
"201900054212";"29";"3";"2019";"19:05";"3";"30";"30051";"2";"1";"1";"6";"Mas Superieur";"44,2192580";"3,9833050"
"201900054213";"12";"7";"2019";"12:10";"1";"76";"76748";"1";"1";"1";"1";"Le Hamel,76450";"49,8096420";"0,6380030"