"Num_Acc";"jour";"mois";"an";"hrmn";"lum";"dep";"com";"agg";"int";"atm";"col";"adr";"lat";"long"
"201900054214";"16";"8";"2019";"15:15";"1";"14";"14366";"2";"1";"1";"6";"SIX JUIN (AVENUE DU)";"49,1430000";"0,2174400"
"201900054215";"31";"3";"2019";"06:45";"2";"34";"34213";"1";"1";"1";"6";"D2 pk 30";"43,4982880";"3,6870380"
"201900054216";"13";"7";"2019";"16:13";"1";"76";"76085";"2";"2";"7";"1";"Rd 308";"49,8006832";"1,0528290"
"201900054217";"20";"8";"2019";"17:30";"1";"14";"14437";"1";"1";"1";"2";"PERIPHERIQUE NORD (BOULEVARD)";"49,1789500";" -0,3210300"
"201900054218";"13";"7";"2019";"01:15";"3";"79";"79034";"1";"1";"1";"1";"D611";"46,2880050";" -0,5111770"
"201900054219";"29";"3";"2019";"18:20";"1";"83";"83023";"2";"1";"1";"3";"Avenue Foch";"43,4084090";"6,0701120"
"201900054220";"20";"8";"2019";"13:38";"1";"14";"14327";"1";"6";"1";"1";"CD N° 515 (ROUTE DE OUISTREHAM)";"49,2119000";" -0,3221000"
"201900054221";"13";"7";"2019";"19:57";"1";"79";"79077";"1";"1";"1";"7";"N/A";"46,5562880";" -0,5387930"
"201900054222";"30";"3";"2019";"15:40";"1";"13";"13042";"1";"1";"7";"1";"d2, col de l'espigoulier";"43,2923350";"5,6568140"
"201900054223";"8";"7";"2019";"15:15";"1";"2A";"2A139";"1";"1";"1";"2";"Cala Rossa";"41,6249005";"9,3367036"
"201900054224";"31";"3";"2019";"00:15";"3";"13";"13094";"1";"1";"1";"6";"RD99 PK 24+363";"43,7860710";"4,7456980"
"201900054225";"13";"7";"2019";"01:30";"3";"80";"80044";"1";"1";"1";"6";"D938";"50,1370410";"2,3823440"
"201900054226";"19";"8";"2019";"18:30";"2";"13";"13117";"1";"1";"1";"2";"ROUTE NATIONALE 113-L'ANJOLY";"43,4236500";"5,2657800"
"201900054227";"29";"3";"2019";"17:30";"1";"13";"13100";"1";"1";"1";"2";"Route du Rougadou";"43,7886130";"4,8176270"
"201900054228";"12";"7";"2019";"17:50";"1";"80";"80212";"2";"1";"1";"3";"25 bis rue léon curé";"49,9107780";"2,5036120"
"201900054229";"30";"3";"2019";"12:50";"1";"25";"25057";"2";"1";"1";"3";"31 Rue Léonard de Vinci";"47,5347560";"6,8112380"
"201900054230";"10";"7";"2019";"19:37";"1";"33";"33047";"1";"1";"1";"3";"D134";"45,1174770";" -0,5393830"
"201900054231";"20";"8";"2019";"08:10";"1";"13";"13201";"2";"3";"1";"3";"BELSUNCE (COURS)";"43,2974360";"5,3771000"
"201900054232";"29";"3";"2019";"19:19";"2";"89";"89206";"2";"3";"1";"3";"Quai Général Leclerc";"47,9828760";"3,3896980"
"201900054233";"14";"7";"2019";"14:50";"1";"81";"81227";"2";"4";"1";"3";"intersection avenue de lattre de tassigny et rue du docteur Puech";"43,6653330";"2,2915400"
"201900054234";"20";"8";"2019";"08:00";"1";"13";"13210";"2";"1";"1";"2";"CAPELETTE (AVENUE DE LA)";"43,2830000";"5,4010000"
"201900054235";"29";"3";"2019";"13:00";"1";"71";"71108";"1";"1";"1";"6";"lieu dit mont int pierre";"46,2829390";"4,7225090"
"201900054236";"13";"7";"2019";"11:30";"1";"81";"81305";"1";"1";"1";"7";"RD53 PR 70+500";"43,6987930";"2,4294440"
"201900054237";"21";"8";"2019";"00:20";"5";"13";"13005";"2";"1";"1";"1";"PAIX (AVENUE DE LA )";"43,2802800";"5,5515200"
"201900054238";"11";"7";"2019";"19:30";"1";"32";"32106";"1";"1";"1";"6";"D654 PK 64+800";"43,7052000";"0,9930210"
"201900054239";"31";"3";"2019";"15:55";"1";"71";"71350";"1";"1";"1";"7";"ROUTE DE TRAMAYES";"46,3314780";"4,6589070"
"201900054240";"19";"8";"2019";"14:00";"1";"12";"12202";"2";"3";"1";"1";"LAROMIGUIERE (BOULEVARD)";"44,3482230";"2,5727900"
"201900054241";"12";"7";"2019";"11:50";"1";"11";"11310";"1";"1";"1";"1";"Départementale 74";"42,9179460";"2,3184740"
"201900054242";"20";"8";"2019";"14:30";"1";"7";"07072";"1";"1";"2";"7";"CHASSAGNE (HAUT)";"44,7479220";"4,6051380"
"201900054243";"12";"7";"2019";"15:10";"1";"71";"71351";"2";"1";"1";"6";"Route de Lons";"46,8829020";"5,2676790"
"201900054244";"13";"7";"2019";"23:20";"5";"71";"71438";"1";"1";"1";"7";"27 Rue des Belles Vues";"47,0226790";"4,4548810"
"201900054245";"29";"3";"2019";"18:15";"1";"57";"57644";"2";"1";"1";"6";"rue du 27 novembre";"49,1126590";"6,8309520"
"201900054246";"20";"8";"2019";"16:05";"1";"6";"06088";"1";"1";"1";"5";"BOULEVARD DE L'OBSERVATOIRE";"43,7207820";"7,2969440"
"201900054247";"13";"7";"2019";"16:50";"1";"71";"71190";"2";"1";"1";"6";"rue Roger Salengro";"46,9903320";"4,5124220"
"201900054248";"31";"3";"2019";"17:00";"1";"63";"63247";"1";"1";"1";"5";"5";"45,5769220";"2,9389790"
"201900054249";"19";"8";"2019";"21:10";"5";"6";"06027";"2";"3";"1";"3";"NICE AVENUE DE (RN7)";"43,6603258";"7,1742479"
"201900054250";"10";"7";"2019";"17:05";"1";"89";"89467";"1";"1";"1";"6";"Rue de Paris";"48,2534050";"3,0561170"
"201900054251";"27";"3";"2019";"15:50";"1";"74";"74279";"2";"1";"1";"1";"Route Departementale 24";"46,3903410";"6,7118480"
"201900054252";"20";"8";"2019";"20:00";"1";"75";"75112";"2";"2";"1";"3";"RUE THEOPHILE ROUSSEL";"48,8497800";"2,3770110"
"201900054253";"14";"7";"2019";"01:15";"3";"89";"89161";"1";"1";"1";"6";"D115";"47,6591298";"4,1393298"
"201900054254";"20";"8";"2019";"16:24";"1";"75";"75118";"2";"1";"1";"6";"RUE DUHESME";"48,8943600";"2,3441050"
"201900054255";"10";"7";"2019";"15:40";"1";"63";"63207";"1";"1";"1";"1";"Planche Godon";"45,6581180";"3,6990760"
"201900054256";"30";"3";"2019";"23:20";"3";"74";"74128";"1";"1";"1";"5";"D9";"46,1582190";"6,3416550"
"201900054257";"30";"3";"2019";"13:30";"1";"74";"74265";"1";"1";"1";"7";"RD12";"45,8021190";"6,3379260"
"201900054258";"20";"8";"2019";"07:55";"1";"75";"75119";"2";"2";"1";"3";"RUE D AUBERVILLIERS";"48,8986303";"2,3704988"
"201900054259";"31";"3";"2019";"07:15";"1";"42";"42179";"1";"1";"7";"7";"Route départementale 8";"45,6613870";"4,0453390"
"201900054260";"19";"8";"2019";"19:10";"1";"75";"75117";"2";"2";"1";"3";"BOULEVARD DE DOUAUMONT";"48,8962749";"2,3100009"
"201900054261";"30";"3";"2019";"16:40";"1";"38";"38215";"2";"1";"1";"3";"D36";"45,5860690";"4,9580370"
"201900054262";"20";"8";"2019";"17:40";"1";"75";"75113";"2";"1";"1";"6";"BOULEVARD DE L HOPITAL";"48,8427872";"2,3640556"
"201900054263";"30";"3";"2019";"06:50";"1";"38";"38374";"1";"9";"1";"6";"Route des Vignes";"45,6499670";"5,3819580"
"201900054264";"20";"8";"2019";"16:30";"1";"75";"75113";"2";"1";"1";"3";"RUE DE LA GLACIERE";"48,8293495";"2,3434085"
"201900054265";"31";"3";"2019";"14:35";"1";"1";"01160";"2";"4";"1";"3";"Rue de Meyrin";"46,2496315";"6,1016653"
"201900054266";"20";"8";"2019";"19:30";"1";"75";"75111";"2";"3";"1";"6";"BOULEVARD VOLTAIRE";"48,8609951";"2,3747903"
"201900054267";"29";"3";"2019";"14:00";"1";"69";"69278";"2";"2";"1";"3";"Rue du Bas Perron";"45,8925600";"4,8326200"
"201900054268";"20";"8";"2019";"14:10";"1";"75";"75107";"2";"2";"1";"3";"PONT DE L ALMA";"48,8624421";"2,3015982"
"201900054269";"29";"3";"2019";"19:15";"5";"69";"69040";"2";"3";"1";"3";"Avenue de Lanessan";"45,7983160";"4,7889890"
"201900054270";"20";"8";"2019";"08:15";"1";"75";"75107";"2";"2";"1";"3";"QUAI D ORSAY";"48,8628373";"2,3134536"
"201900054271";"30";"3";"2019";"14:00";"1";"81";"81046";"1";"2";"1";"3";"la bouffie";"43,8440385";"2,0372949"
"201900054272";"30";"3";"2019";"17:15";"1";"81";"81140";"2";"1";"1";"6";"48 route de gaillac";"43,7116520";"1,8214610"
"201900054273";"29";"3";"2019";"18:50";"1";"79";"79049";"2";"6";"1";"3";"Place Émile Zola";"46,8377480";" -0,4938120"
"201900054274";"26";"3";"2019";"13:15";"1";"79";"79024";"1";"1";"1";"3";"La Borne";"46,4148000";" -0,2467000"
"201900054275";"30";"3";"2019";"07:00";"1";"17";"17348";"1";"1";"1";"7";"la dechetterie";"45,8336440";" -0,9386250"
"201900054276";"26";"3";"2019";"19:30";"3";"16";"16388";"1";"2";"1";"3";"Carrefour D53 et D72";"45,6450333";"0,0351507"
"201900054277";"19";"8";"2019";"09:00";"1";"94";"94078";"2";"9";"1";"3";"HUIT MAI 1945 (AV DU)";"48,7294400";"2,4467500"
"201900054278";"31";"3";"2019";"18:35";"2";"16";"16078";"1";"3";"1";"1";"La Chignolle ";"45,7445350";"0,1871180"
"201900054279";"20";"8";"2019";"15:50";"1";"94";"94068";"2";"2";"1";"3";"MAHIEU (AV)";"48,8105460";"2,4762140"
"201900054280";"30";"3";"2019";"16:30";"1";"33";"33029";"1";"1";"1";"6";"RD5 course poursuite avec GN";"44,5668000";" -0,7144300"
"201900054281";"29";"3";"2019";"15:30";"1";"50";"50505";"1";"1";"1";"6";"la Herfrais";"48,6562740";" -1,3354910"
"201900054282";"29";"3";"2019";"23:45";"3";"35";"35257";"1";"1";"1";"6";"La Goudellerie (Saint-Brice-en-Coglès)";"48,4191540";" -1,3768560"
"201900054283";"29";"3";"2019";"19:30";"5";"27";"27394";"2";"2";"1";"3";"rue de la mairie";"49,2963510";"1,0650650"
"201900054284";"29";"3";"2019";"17:20";"1";"27";"27168";"2";"1";"1";"3";"19 Route d'Amfreville-Sous-Les-Monts";"49,2561440";"1,2705240"
"201900054285";"29";"3";"2019";"15:00";"1";"60";"60338";"1";"1";"1";"7";"RD200";"49,3661890";"2,7753210"
"201900054286";"30";"3";"2019";"14:35";"1";"59";"59611";"1";"1";"1";"3";"2 Chemin de la Vierge";"50,6786020";"2,9766600"
"201900054287";"18";"8";"2019";"21:55";"5";"94";"94046";"2";"5";"8";"3";"GENERAL LECLERC - CAR DE LA RESISTANCE (";"48,8154060";"2,4204630"
"201900054288";"29";"3";"2019";"20:00";"3";"13";"13071";"1";"1";"1";"2";"A7-Sens Marseille vers Lyon";"43,4129600";"5,2814000"
"201900054289";"19";"8";"2019";"07:45";"1";"94";"94076";"2";"1";"1";"3";"ALEXANDRE DUMAS (IMP)";"48,7969300";"2,3530000"
"201900054290";"26";"3";"2019";"08:50";"1";"13";"13215";"1";"1";"1";"4";"A7-Sens Lyon vers Marseille";"43,3626400";"5,3610200"
"201900054291";"21";"3";"2019";"21:30";"3";"13";"13210";"1";"1";"1";"2";"A50-Sens Marseille vers Aubagne";"43,2858200";"5,4286200"
"201900054292";"20";"8";"2019";"15:55";"1";"94";"94021";"2";"1";"1";"2";"GENERAL DE GAULLE (AV DU)";"48,7714300";"2,3477900"
"201900054293";"30";"3";"2019";"02:10";"5";"69";"69266";"1";"1";"1";"7";"RD383   3.750 A 7.640";"45,7812300";"4,8935500"
"201900054294";"28";"3";"2019";"14:40";"1";"69";"69272";"1";"1";"1";"6";"A46S   57.400 A 61.010";"45,5911800";"4,8339500"
"201900054295";"19";"8";"2019";"22:30";"5";"94";"94073";"2";"6";"1";"3";"RESISTANCE (R DE LA)";"48,7567600";"2,3878800"
"201900054296";"23";"3";"2019";"21:00";"3";"69";"69290";"1";"1";"1";"7";"A43   3.865 A 9.894";"45,7164400";"4,9416000"
"201900054297";"28";"3";"2019";"16:40";"1";"57";"57303";"1";"1";"1";"2";"Autoroute A31";"49,2148100";"6,1744100"
"201900054298";"19";"8";"2019";"15:25";"1";"94";"94054";"2";"1";"1";"6";"NOUVELET (R DU)";"48,7414210";"2,4050060"
"201900054299";"20";"8";"2019";"17:30";"1";"93";"93066";"2";"1";"1";"6";"CROIZAT AMBROISE RD 29 BIS";"48,9327000";"2,3486000"
"201900054300";"28";"3";"2019";"07:15";"1";"67";"67447";"1";"1";"1";"6";"Autoroute A.4";"48,5999000";"7,7500000"
"201900054301";"20";"8";"2019";"16:27";"1";"93";"93050";"2";"1";"1";"6";"PIERRE BROSSOLETTE (RUE)";"48,8561850";"2,5369150"
"201900054302";"29";"3";"2019";"16:40";"1";"33";"33281";"1";"1";"1";"3";"ROCADE A 630";"44,8520700";" -0,6662000"
"201900054303";"19";"8";"2019";"16:05";"1";"93";"93048";"2";"1";"1";"6";"ARISTIDE BRIAND (BOULEVARD)";"48,8713500";"2,4523600"
"201900054304";"28";"3";"2019";"17:40";"1";"33";"33162";"1";"1";"1";"3";"ROCADE A 630";"44,8668300";" -0,6497400"
"201900054305";"20";"8";"2019";"14:20";"1";"93";"93046";"2";"1";"1";"1";"BENOIT MALON AVENUE";"48,9166800";"2,5351400"
"201900054306";"20";"8";"2019";"11:40";"1";"93";"93029";"2";"2";"1";"3";"GASTON LANDRY";"48,9200000";"2,4500000"
"201900054307";"19";"8";"2019";"17:14";"1";"93";"93001";"2";"1";"1";"6";"GOULET (RUE DU)  => 24/31";"48,9089500";"2,3780400"
"201900054308";"19";"8";"2019";"08:52";"1";"92";"92026";"2";"1";"1";"2";"EDITH CAVELL (DE 47 A FIN)";"48,9008400";"2,2700700"
"201900054309";"15";"8";"2019";"02:30";"5";"92";"92004";"2";"1";"1";"6";"DOCTEUR DERVAUX  ( QUAI DU )";"48,9086857";"2,2930520"
"201900054310";"20";"8";"2019";"10:30";"1";"92";"92004";"2";"1";"1";"3";"BAS ( RUE DES )";"48,9186660";"2,2909740"
"201900054311";"21";"8";"2019";"09:30";"1";"54";"54109";"1";"1";"1";"5";"D913";"48,5466930";"6,1870130"
"201900054312";"19";"8";"2019";"12:30";"1";"9";"09109";"1";"3";"1";"3";"RD 14";"43,2038900";"1,4640160"
"201900054313";"21";"8";"2019";"08:25";"1";"31";"31389";"1";"1";"7";"1";"intersection chemin mireille / D66";"43,6329020";"1,5201510"
"201900054314";"16";"8";"2019";"06:35";"2";"13";"13078";"2";"1";"1";"6";"Rue Émile Serris";"43,3904780";"4,8024890"
"201900054315";"21";"8";"2019";"17:00";"1";"28";"28103";"2";"4";"1";"6";"Place de l'Église (Romilly-sur-Aigre, Autheuil)";"48,0070520";"1,2903480"
"201900054316";"18";"8";"2019";"03:30";"3";"1";"01157";"1";"1";"1";"5";"Le Poulet";"46,0223250";"4,7529520"
"201900054317";"20";"8";"2019";"14:30";"1";"57";"57163";"2";"3";"1";"3";"8 Rue Belle Vue";"48,6492190";"7,2755470"
"201900054318";"16";"8";"2019";"11:50";"1";"57";"57174";"1";"1";"1";"6";"D999";"48,9401280";"6,5911480"
"201900054319";"19";"8";"2019";"14:35";"1";"91";"91534";"1";"2";"1";"3";"Intersection CD 36 - rue de la martiière";"48,7287800";"2,1754590"
"201900054320";"20";"8";"2019";"03:50";"3";"51";"51516";"1";"1";"1";"6";"RD 76";"48,6267170";"3,8959110"
"201900054321";"19";"8";"2019";"17:45";"1";"56";"56186";"2";"1";"1";"6";"Rue de Saint-Julien";"47,4884420";" -3,1189260"
"201900054322";"21";"8";"2019";"10:45";"1";"77";"77236";"1";"4";"1";"7";"D411 X D2411";"48,4123700";"3,2689900"
"201900054323";"18";"8";"2019";"02:00";"3";"2A";"2A228";"1";"9";"1";"5";"Route Départementale 55";"41,8194540";"8,7746430"
"201900054324";"20";"8";"2019";"19:00";"1";"2B";"2B343";"1";"1";"1";"3";"RT 10";"42,4937370";"9,4719120"
"201900054325";"20";"8";"2019";"17:50";"1";"2B";"2B077";"1";"1";"1";"5";"corso";"42,4638900";"9,4961380"
"201900054326";"21";"8";"2019";"17:20";"1";"80";"80570";"1";"1";"1";"1";"Départementale 935";"49,7936590";"2,4713510"
"201900054327";"21";"8";"2019";"14:20";"1";"80";"80235";"2";"1";"1";"2";"4 Rue de la République";"50,0409250";"1,5244230"
"201900054328";"20";"8";"2019";"18:50";"1";"61";"61440";"1";"3";"1";"3";"Les Fosses";"48,7356640";"0,6454780"
"201900054329";"10";"8";"2019";"14:08";"5";"47";"47049";"2";"6";"9";"6";"Rond point de la route de casseneuil e de l'avenue de Belire";"44,4390670";"0,6144390"
"201900054330";"20";"8";"2019";"14:55";"1";"41";"41043";"2";"2";"1";"3";"Rue du Cher";"47,2762320";"1,4932530"
"201900054331";"20";"8";"2019";"11:45";"1";"34";"34284";"2";"1";"2";"6";"avenue de la gare";"43,4874704";"2,7676427"
"201900054332";"15";"8";"2019";"16:35";"1";"34";"34070";"1";"1";"1";"7";"Departementale 36";"43,4066000";"2,9883190"
"201900054333";"14";"8";"2019";"19:23";"1";"22";"22218";"2";"1";"1";"7";"Hent Sant Gonery";"48,8417190";" -3,2289480"
"201900054334";"18";"8";"2019";"16:30";"1";"29";"29187";"1";"9";"1";"2";"Créac'h";"48,5735781";" -4,1347511"
"201900054335";"29";"3";"2019";"13:15";"1";"29";"29076";"1";"3";"1";"3";"Guevric (Milizac)";"48,4662010";" -4,5896710"
"201900054336";"19";"8";"2019";"18:20";"1";"29";"29075";"2";"1";"1";"2";"Boulevard de Coataudon";"48,4132080";" -4,4500690"
"201900054337";"20";"8";"2019";"07:50";"1";"60";"60667";"2";"3";"2";"7";"rue pasteur";"49,3120810";"2,7372010"
"201900054338";"18";"8";"2019";"16:30";"1";"43";"43051";"2";"1";"1";"6";"Les Chatoux";"45,0513180";"4,3172490"
"201900054339";"30";"7";"2019";"12:45";"1";"7";"07319";"2";"3";"1";"3";"Boulevard Pasteur";"44,5585990";"4,6873500"
"201900054340";"18";"8";"2019";"16:27";"1";"21";"21420";"2";"1";"1";"6";"7 Grande Rue";"47,0147940";"4,5874690"
"201900054341";"20";"8";"2019";"17:50";"1";"48";"48188";"1";"1";"1";"1";"Route Départementale 806";"44,7168380";"3,3725970"
"201900054342";"20";"8";"2019";"18:15";"1";"17";"17464";"1";"1";"1";"2";"A 10";"46,0839930";" -0,5312070"
"201900054343";"21";"8";"2019";"08:00";"1";"62";"62718";"1";"1";"1";"5";"autoroute A1";"50,3021420";"2,8890720"
"201900054344";"20";"8";"2019";"23:13";"5";"973";"97311";"2";"1";"1";"6";"avenue paul castaing";"5,4856224";" -54,0160793"
"201900054345";"21";"7";"2019";"07:30";"1";"971";"97125";"1";"3";"1";"5";"N4";"16,2570120";" -61,3087910"
"201900054346";"21";"8";"2019";"00:40";"3";"41";"41252";"1";"9";"1";"7";"Chemin de Montcellereux 41500 Suèvres";"47,6675970";"1,4713460"
"201900054347";"16";"8";"2019";"17:35";"1";"66";"66065";"2";"1";"1";"1";"Avenue Paul Reig";"42,5970040";"2,9748650"
"201900054348";"19";"8";"2019";"19:30";"1";"21";"21038";"2";"1";"1";"3";"65 Avenue Général de Gaulle";"47,1847500";"5,3992940"
"201900054349";"19";"8";"2019";"17:58";"1";"63";"63284";"1";"3";"1";"2";"Départementale 2";"45,7974631";"3,2066569"
"201900054350";"13";"8";"2019";"01:00";"3";"7";"07182";"1";"1";"1";"6";"Route de Largentière";"44,6368960";"4,3198060"
"201900054351";"20";"8";"2019";"23:45";"3";"1";"01160";"2";"1";"9";"1";"Route de Meyrin";"46,2510410";"6,1148510"
"201900054352";"20";"8";"2019";"16:50";"1";"81";"81219";"1";"1";"1";"6";"N126";"43,5713499";"2,0110773"
"201900054353";"21";"8";"2019";"14:30";"1";"31";"31161";"1";"3";"1";"3";"intersection chemin du rival et RD 813";"43,4840440";"1,5353220"
"201900054354";"19";"8";"2019";"06:00";"3";"86";"86255";"1";"2";"1";"3";"D36/D27";"46,1928900";"0,3400830"
"201900054355";"17";"8";"2019";"14:45";"1";"33";"33449";"1";"1";"1";"3";"Route de Lacanau";"44,9072570";" -0,7518570"
"201900054356";"21";"8";"2019";"10:55";"1";"44";"44210";"2";"3";"1";"3";"rue de la gare";"47,3177480";" -2,1890990"
"201900054357";"20";"8";"2019";"15:45";"1";"35";"35041";"1";"1";"1";"1";"D777";"47,9275000";" -1,5512740"
"201900054358";"20";"8";"2019";"20:04";"2";"13";"13081";"1";"1";"1";"3";"A7-Sens Marseille vers Lyon";"43,4927500";"5,2399900"
"201900054359";"19";"8";"2019";"08:10";"1";"13";"13211";"1";"1";"1";"7";"Sens Aubagne vers Marseille";"43,2885400";"5,4986800"
"201900054360";"19";"8";"2019";"14:30";"1";"13";"13055";"1";"1";"8";"2";"A507 sens Aubagne- Marseille";"43,3119859";"5,4245371"
"201900054361";"20";"8";"2019";"13:25";"1";"69";"69279";"1";"1";"3";"6";"RD302   5.000 A 6.350";"45,7686900";"5,0401200"
"201900054362";"10";"8";"2019";"21:30";"3";"69";"69256";"1";"1";"1";"6";"A42     0.560 A 4.020";"45,7912700";"4,9101400"
"201900054363";"20";"8";"2019";"09:45";"1";"33";"33063";"1";"1";"1";"3";"ROCADE A 630";"44,8816800";" -0,5464700"
"201900054364";"20";"8";"2019";"18:00";"1";"91";"91136";"1";"1";"1";"3";"RD 188";"48,7086400";"2,2600800"
"201900054365";"20";"8";"2019";"17:55";"1";"94";"94069";"1";"1";"1";"7";"Autoroute A4";"48,8172300";"2,4299900"
"201900054366";"20";"8";"2019";"09:15";"1";"94";"94069";"1";"1";"1";"2";"A86 EXT";"48,8148000";"2,4484000"
"201900054367";"18";"6";"2019";"21:05";"2";"80";"80021";"2";"1";"1";"4";"GENERAL FOY (AVENUE DU )";"49,8873360";"2,2794900"
"201900054368";"18";"6";"2019";"17:04";"1";"80";"80021";"2";"1";"1";"3";"R EDOUARD LUCAS";"49,8990540";"2,2694110"
"201900054369";"18";"6";"2019";"07:40";"1";"80";"80021";"2";"1";"1";"2";"R FRANKLIN ROOSEVELT ";"49,9175890";"2,2931320"
"201900054370";"1";"6";"2019";"17:40";"1";"80";"80724";"1";"1";"1";"7";"N/A";"49,8505780";"2,2160820"
"201900054371";"17";"8";"2019";"15:40";"1";"63";"63032";"2";"1";"1";"3";"MONT-DORE (AVENUE DU)";"45,7493000";"3,0789600"
"201900054372";"14";"8";"2019";"19:45";"1";"63";"63014";"2";"6";"1";"2";"COURNON (AVENUE DE)";"45,7553700";"3,1459800"
"201900054373";"17";"8";"2019";"23:35";"3";"51";"51454";"2";"1";"3";"7";"ROUTE DE CERNAY";"49,2600098";"4,0674216"
"201900054374";"8";"6";"2019";"13:45";"1";"69";"69246";"1";"1";"1";"7";"D96";"45,9391710";"4,6160450"
"201900054375";"8";"6";"2019";"16:30";"1";"95";"95585";"2";"2";"1";"6";"PERRET (AVENUE AUGUSTE )";"48,9758045";"2,3829225"
"201900054376";"18";"8";"2019";"21:31";"5";"91";"91421";"2";"2";"1";"6";"CHARLES DE GAULLE (AVENUE)";"48,6948500";"2,4513900"
"201900054377";"18";"8";"2019";"20:20";"1";"89";"89024";"2";"2";"2";"3";"MONTARDOINS (RUE DES)";"47,7893200";"3,5803100"
"201900054378";"16";"8";"2019";"15:55";"1";"89";"89346";"1";"1";"1";"1";"LINDRY ( RUE DE )";"47,8009500";"3,5102500"
"201900054379";"17";"8";"2019";"19:31";"1";"87";"87075";"2";"1";"1";"1";"COURRIERES (ROUTE DES)";"45,8158700";"1,2150400"
"201900054380";"17";"8";"2019";"15:11";"1";"87";"87114";"1";"1";"1";"6";"FONSALADE - LIEU DIT";"45,8381100";"1,3411300"
"201900054381";"17";"8";"2019";"15:21";"1";"87";"87085";"2";"1";"1";"6";"PONT NEUF";"45,8258300";"1,2691700"
"201900054382";"18";"8";"2019";"09:00";"1";"85";"85194";"2";"6";"1";"3";" RUE DES CAPUCINES ";"46,5161700";" -1,7762100"
"201900054383";"19";"8";"2019";"10:20";"1";"83";"83137";"2";"9";"1";"3";"MOUTTET FELY (RUE)";"43,1201200";"5,9593400"
"201900054384";"18";"8";"2019";"21:00";"5";"83";"83126";"2";"1";"1";"6";"FABRE (QUAI SATURNIN)";"43,1017200";"5,8816600"
"201900054385";"17";"8";"2019";"10:35";"1";"83";"83061";"2";"1";"1";"3";"D37";"43,4556790";"6,7435980"
"201900054386";"13";"8";"2019";"18:45";"1";"83";"83050";"2";"1";"1";"6";"MENDES FRANCE(BOULEVARD PIERRE)";"43,5321600";"6,4649500"
"201900054387";"18";"8";"2019";"18:40";"1";"77";"77305";"2";"2";"1";"3";"PEPINIERE ROYALE (RUE DE LA)";"48,3861100";"2,9519200"
"201900054388";"19";"8";"2019";"00:20";"5";"77";"77475";"2";"2";"1";"3";"D603 X D17";"48,9577500";"2,9470900"
"201900054389";"16";"8";"2019";"16:00";"1";"76";"76351";"2";"1";"1";"4";"PONT V (DU)";"49,4846500";"0,1519100"
"201900054390";"17";"4";"2019";"16:50";"1";"36";"36121";"1";"1";"1";"7";"L'Orte";"46,8227740";"1,9535540"
"201900054391";"17";"5";"2019";"14:30";"1";"36";"36139";"1";"3";"1";"3";"LA FERRANDIERE";"46,7912780";"1,4862050"
"201900054392";"13";"5";"2019";"14:20";"1";"36";"36118";"1";"1";"1";"3";"D27";"46,7387129";"1,4259297"
"201900054393";"1";"5";"2019";"20:40";"2";"36";"36139";"1";"3";"1";"2";"La Croix Blanche";"46,7612216";"1,5065987"
"201900054394";"16";"5";"2019";"18:35";"2";"16";"16378";"1";"1";"1";"1";"Ld Boisvert";"46,0551870";"0,2261860"
"201900054395";"13";"5";"2019";"09:39";"1";"16";"16192";"2";"1";"1";"6";"Rue des 4 Vents";"45,8866780";"0,5793800"
"201900054396";"16";"5";"2019";"14:20";"1";"16";"16226";"1";"1";"1";"1";"RD 15 PK 013+900";"45,7736950";"0,0964800"
"201900054397";"26";"5";"2019";"12:15";"1";"16";"16016";"1";"1";"1";"7";"Ld Ris MARTIN";"45,9853340";"0,6435390"
"201900054398";"22";"5";"2019";"17:59";"1";"16";"16001";"1";"1";"1";"6";"N/A";"46,0747800";"0,6998710"
"201900054399";"17";"5";"2019";"18:00";"1";"16";"16337";"1";"1";"1";"2";"Ld Les Pettites Brosses";"45,9852270";"0,6775860"
"201900054400";"13";"5";"2019";"08:00";"1";"16";"16106";"1";"3";"1";"5";"Ld l'Alouette";"46,0320100";"0,6413920"
"201900054401";"22";"5";"2019";"17:15";"1";"16";"16088";"2";"9";"1";"1";"luchac";"45,7172260";" -0,2110510"
"201900054402";"18";"5";"2019";"21:45";"3";"16";"16276";"1";"1";"8";"6";"Ld  Chez Rouyer";"45,4306860";" -0,1556280"
"201900054403";"1";"5";"2019";"22:50";"3";"16";"16179";"1";"1";"2";"6";"Ld Le Mureau";"45,4089660";" -0,2311460"
"201900054404";"15";"5";"2019";"08:05";"1";"16";"16003";"1";"3";"1";"2";"La Petite Rivière";"45,7836170";"0,3435250"
"201900054405";"14";"5";"2019";"10:30";"1";"16";"16344";"1";"1";"1";"6";"Route de Chazelles";"45,7199190";"0,3819780"
"201900054406";"11";"5";"2019";"12:00";"1";"16";"16082";"1";"4";"2";"1";"Ld La Bourgne (Charmant)";"45,5017670";"0,1686470"
"201900054407";"29";"5";"2019";"15:10";"1";"7";"07276";"1";"1";"1";"7";"Le bouchet";"44,9034420";"4,4840640"