"Num_Acc";"jour";"mois";"an";"hrmn";"lum";"dep";"com";"agg";"int";"atm";"col";"adr";"lat";"long"
"201900054408";"11";"5";"2019";"15:45";"1";"7";"07338";"1";"9";"1";"6";"Gauthier";"44,9447600";"4,6035300"
"201900054409";"20";"5";"2019";"16:30";"1";"7";"07010";"2";"1";"1";"6";"Avenue de l'Europe";"45,2431590";"4,6687830"
"201900054410";"7";"5";"2019";"16:25";"1";"7";"07009";"2";"3";"1";"3";"Avenue de Beaucaire";"45,2371370";"4,7977870"
"201900054411";"8";"5";"2019";"11:50";"1";"7";"07330";"2";"1";"2";"3";"Avenue Jean Jaurès";"44,4072790";"4,3890710"
"201900054412";"14";"5";"2019";"09:05";"1";"7";"07155";"1";"3";"1";"1";"N/A";"44,6285690";"4,3554030"
"201900054413";"22";"5";"2019";"11:45";"1";"7";"07132";"2";"1";"1";"1";"la calade du tribunal";"44,5437930";"4,2950640"
"201900054414";"13";"5";"2019";"17:25";"1";"7";"07134";"1";"1";"1";"3";"104";"44,5048310";"4,3064690"
"201900054415";"13";"5";"2019";"18:00";"1";"7";"07117";"1";"1";"6";"6";"104A";"44,4508300";"4,2112720"
"201900054416";"8";"5";"2019";"15:30";"1";"53";"53126";"1";"1";"1";"7";"Chevaille";"48,3495780";" -0,9564410"
"201900054417";"17";"5";"2019";"14:00";"1";"53";"53249";"1";"1";"1";"7";"La Gauchardière";"48,2147710";" -0,1571350"
"201900054418";"15";"5";"2019";"21:25";"2";"53";"53098";"1";"1";"1";"6";"la blohinère";"47,9087110";" -1,1310150"
"201900054419";"20";"5";"2019";"06:45";"2";"53";"53247";"2";"6";"1";"7";"rue du maine";"48,1131530";" -1,0202440"
"201900054420";"18";"5";"2019";"11:55";"1";"53";"53161";"1";"1";"1";"2";"D 32";"48,1292260";" -0,5760100"
"201900054421";"6";"5";"2019";"10:40";"1";"53";"53141";"1";"1";"1";"1";"bouge";"48,0633450";" -1,2211160"
"201900054422";"15";"5";"2019";"20:10";"1";"21";"21505";"1";"2";"1";"3";"RD 10 L, PK 01+750";"47,4052810";"4,3310700"
"201900054423";"3";"5";"2019";"13:40";"1";"21";"21154";"2";"6";"1";"6";"Place Marmont";"47,8615950";"4,5747860"
"201900054424";"5";"5";"2019";"09:30";"1";"21";"21250";"2";"1";"8";"6";"chemin de la forge";"47,7552900";"4,7867440"
"201900054425";"30";"5";"2019";"15:00";"1";"21";"21408";"1";"9";"1";"5";"RD 7 PR 32+690 - Parking de JOUVENCE";"47,4153450";"4,9833850"
"201900054426";"28";"5";"2019";"23:50";"3";"21";"21567";"1";"1";"1";"1";"d906";"47,1048020";"4,5199200"
"201900054427";"12";"5";"2019";"16:15";"1";"21";"21210";"1";"4";"1";"7";"VC 8 des Bordes";"47,2407690";"4,6148650"
"201900054428";"12";"5";"2019";"11:35";"1";"21";"21210";"1";"3";"1";"1";"RD 18, PR 0+600 - zone d'activité le pré raby";"47,2517810";"4,5734410"
"201900054429";"1";"5";"2019";"03:00";"3";"21";"21630";"1";"1";"5";"6";"D977 BIS";"47,2677050";"4,5246550"
"201900054430";"24";"5";"2019";"12:10";"1";"21";"21327";"1";"2";"1";"3";"RD 906";"47,0328870";"4,6387230"
"201900054431";"8";"5";"2019";"03:00";"3";"21";"21534";"1";"1";"2";"7";"rd 973";"47,0111800";"4,9171450"
"201900054432";"14";"5";"2019";"10:20";"1";"40";"40031";"1";"1";"1";"1";"RD 41";"43,8498900";" -0,8286330"
"201900054433";"23";"5";"2019";"00:20";"3";"40";"40061";"1";"1";"1";"6";"D824";"43,8673120";" -0,6368220"
"201900054434";"27";"5";"2019";"13:30";"1";"40";"40333";"1";"1";"2";"2";"RD38 - route de mont de marsan";"43,9754310";" -0,7376510"
"201900054435";"31";"5";"2019";"10:00";"1";"40";"40248";"1";"1";"1";"1";"1526 Route de Saubrigues";"43,5794830";" -1,3508210"
"201900054436";"12";"5";"2019";"13:55";"1";"40";"40284";"2";"4";"1";"3";"RD 810 -";"43,6565350";" -1,3136190"
"201900054437";"21";"5";"2019";"08:25";"1";"40";"40034";"1";"9";"1";"3";"Route de Bélus";"43,5913280";" -1,1468940"
"201900054438";"27";"3";"2019";"16:10";"1";"40";"40183";"1";"1";"1";"2";"893 Route d'Orthez";"43,6509050";" -0,9504860"
"201900054439";"30";"4";"2019";"18:10";"1";"40";"40267";"1";"3";"1";"3";"Lahoueille";"43,9768440";" -0,2395510"
"201900054440";"9";"5";"2019";"16:30";"1";"40";"40250";"1";"1";"1";"1";"CD 932";"43,9206900";" -0,4464220"
"201900054441";"29";"5";"2019";"13:15";"1";"24";"24326";"1";"1";"1";"6";"Route Départementale 706";"44,9895380";"1,0616640"
"201900054442";"19";"5";"2019";"15:30";"1";"24";"24377";"1";"1";"8";"1";"Voie commuale C201";"44,9444710";"0,8813330"
"201900054443";"20";"5";"2019";"10:45";"1";"24";"24366";"1";"1";"1";"7";"La bolé";"44,8904240";"1,1810760"
"201900054444";"15";"5";"2019";"16:00";"1";"24";"24366";"1";"1";"1";"7";"D25";"44,8919970";"1,1426240"
"201900054445";"12";"5";"2019";"17:50";"1";"24";"24533";"1";"1";"1";"7";"Le Meynaud";"45,1402460";"0,1745160"
"201900054446";"20";"5";"2019";"10:45";"1";"24";"24303";"1";"1";"1";"7";"Le Moulin du Treuil";"45,3788740";"0,2595100"
"201900054447";"15";"5";"2019";"12:45";"1";"24";"24253";"1";"1";"1";"7";"Lespinasse";"45,4592570";"0,4427590"
"201900054448";"3";"5";"2019";"12:15";"1";"24";"24311";"2";"1";"1";"7";"Parking super U Avenue Jules Ferry";"45,5354390";"0,6664230"
"201900054449";"8";"5";"2019";"00:35";"3";"24";"24521";"1";"1";"2";"3";"rn21";"45,2593450";"0,8606480"
"201900054450";"1";"5";"2019";"13:30";"1";"24";"24115";"1";"1";"1";"7";"La Monnerie";"45,2596170";"0,6829560"
"201900054451";"10";"5";"2019";"18:15";"1";"4";"04065";"1";"1";"1";"7";"RD 16";"44,0579040";"5,8345270"
"201900054452";"24";"5";"2019";"15:00";"1";"4";"04138";"1";"3";"1";"3";"RD 4100 - La Tuiliere";"43,9350620";"5,8532810"
"201900054453";"18";"5";"2019";"00:30";"3";"4";"04106";"1";"1";"1";"7";"RD12";"43,9567070";"5,8650400"
"201900054454";"11";"5";"2019";"15:00";"1";"4";"04111";"1";"2";"1";"3";"RD13 / Ch du Plan";"43,9151870";"5,7795100"
"201900054455";"13";"5";"2019";"14:50";"1";"4";"04166";"1";"1";"1";"7";"RD 6";"43,8211470";"6,0514860"
"201900054456";"12";"5";"2019";"12:10";"1";"4";"04031";"1";"1";"1";"6";"RD 53";"43,8969850";"6,1343140"
"201900054457";"1";"5";"2019";"15:00";"1";"4";"04074";"1";"1";"1";"7";"RN 85";"44,0092330";"6,2739060"
"201900054458";"20";"5";"2019";"08:00";"1";"4";"04116";"1";"1";"1";"5";"RD 4A";"44,0360810";"5,9643680"
"201900054459";"18";"4";"2019";"17:25";"1";"4";"04001";"1";"1";"1";"5";"RN 85";"44,0635170";"6,1697180"
"201900054460";"31";"5";"2019";"03:25";"5";"85";"85234";"2";"6";"1";"6";"195 Avenue Valentin";"46,7883800";" -2,0335300"
"201900054461";"21";"5";"2019";"07:25";"1";"85";"85234";"2";"9";"1";"1";"121 Chemin de la Charraud Basse";"46,8037000";" -2,0877500"
"201900054462";"19";"5";"2019";"05:20";"3";"85";"85234";"2";"1";"1";"2";"N/A";"46,7996100";" -2,0596100"
"201900054463";"1";"5";"2019";"17:20";"1";"85";"85234";"1";"1";"1";"7";"Route de la Grande Borderie";"46,8327700";" -2,0835720"
"201900054464";"16";"5";"2019";"21:30";"2";"85";"85179";"1";"1";"1";"6";"Rue des Justices";"46,4932500";" -1,5252200"
"201900054465";"12";"5";"2019";"02:05";"5";"85";"85307";"2";"1";"1";"6";"Route de la Tranche";"46,3387900";" -1,3371500"
"201900054466";"24";"5";"2019";"16:50";"1";"85";"85076";"2";"1";"1";"2";"Voie de la Chaumière";"47,0705700";" -1,2595700"
"201900054467";"14";"5";"2019";"11:30";"1";"85";"85146";"2";"6";"1";"3";"Boulevard Auguste Durand";"46,9704100";" -1,3075100"
"201900054468";"30";"4";"2019";"13:05";"1";"85";"85021";"1";"2";"1";"3";"La Pénissière";"47,0405000";" -1,2534500"
"201900054469";"25";"5";"2019";"20:30";"1";"85";"85051";"1";"1";"1";"6";"PN 64 - Champ Roux";"46,6877400";" -1,0803000"
"201900054470";"15";"5";"2019";"16:00";"1";"85";"85034";"1";"1";"1";"7";"D7";"46,6095300";" -1,1518100"
"201900054471";"18";"5";"2019";"09:00";"1";"27";"27435";"1";"2";"2";"3";"CD 810";"49,2740160";"0,5197060"
"201900054472";"5";"5";"2019";"10:10";"1";"27";"27467";"2";"1";"1";"5";"route de quillebeuf";"49,3636870";"0,5114660"
"201900054473";"19";"5";"2019";"07:00";"1";"27";"27453";"1";"1";"1";"7";"D 18 Bois Meigle";"49,4102350";"1,3481890"
"201900054474";"5";"5";"2019";"17:00";"1";"27";"27346";"1";"1";"1";"2";"route départementale 20";"49,3025670";"1,3282330"
"201900054475";"19";"5";"2019";"21:30";"5";"27";"27056";"2";"1";"1";"7";"rue du pont de l'étang";"49,0896430";"0,5920830"
"201900054476";"1";"5";"2019";"01:30";"3";"27";"27252";"1";"6";"1";"6";"RD 613";"49,1453850";"0,4585190"
"201900054477";"10";"5";"2019";"20:15";"2";"27";"27678";"2";"4";"3";"6";"rue des bruyères";"48,9469640";"1,1042790"
"201900054478";"23";"5";"2019";"13:00";"1";"28";"28148";"1";"1";"1";"3";"D920";"48,4800300";"1,0963180"
"201900054479";"30";"5";"2019";"00:45";"3";"28";"28259";"1";"1";"1";"1";"Route Nationale 10 PK50+900";"48,2288820";"1,4053740"
"201900054480";"24";"5";"2019";"09:05";"1";"28";"28391";"1";"3";"1";"3";"Route départementale 2020";"48,2009000";"1,9344350"
"201900054481";"13";"5";"2019";"10:50";"1";"28";"28015";"2";"1";"1";"3";"49 Rue de Chartres (Auneau)";"48,4607740";"1,7679330"
"201900054482";"25";"5";"2019";"17:15";"1";"17";"17447";"2";"1";"1";"1";"Chemin des Barres de la Cure";"46,0859030";" -0,9160080"
"201900054483";"29";"5";"2019";"15:40";"1";"17";"17385";"1";"2";"1";"3";"RD 734";"45,9274150";" -1,2842960"
"201900054484";"19";"5";"2019";"23:15";"3";"17";"17385";"1";"1";"1";"7";"RD 734";"45,9265690";" -1,2832620"
"201900054485";"9";"5";"2019";"11:15";"1";"17";"17337";"2";"1";"1";"6";"rue de ponthezière";"45,9526040";" -1,3781720"
"201900054486";"25";"5";"2019";"17:00";"1";"17";"17168";"2";"1";"7";"6";"Avenue du Cadoret";"45,9926990";" -1,0852460"
"201900054487";"26";"5";"2019";"17:00";"1";"17";"17182";"1";"1";"1";"6";"CHEMIN VICINAL";"46,2346280";" -0,7505480"
"201900054488";"16";"5";"2019";"00:10";"3";"17";"17132";"1";"1";"1";"6";"Faute Faite";"46,2116640";" -0,6970660"
"201900054489";"9";"5";"2019";"08:45";"1";"17";"17322";"1";"1";"2";"6";"RD 206";"46,2728530";" -0,8250580"
"201900054490";"13";"4";"2019";"18:30";"1";"23";"23040";"1";"1";"1";"5";"Tiolet";"46,2069250";"2,2187070"
"201900054491";"18";"5";"2019";"04:45";"3";"23";"23049";"1";"1";"2";"1";"Bordas - D6";"46,2880790";"1,9116690"
"201900054492";"5";"5";"2019";"01:20";"3";"87";"87141";"1";"1";"1";"7";"route départementae N°21";"45,8183210";"0,9929550"
"201900054493";"6";"5";"2019";"08:05";"1";"87";"87126";"1";"1";"1";"6";"RD675";"45,8414100";"0,8483630"
"201900054494";"9";"5";"2019";"07:20";"2";"87";"87180";"1";"1";"2";"1";"RN145";"46,1921470";"1,2448270"
"201900054495";"26";"5";"2019";"08:40";"1";"87";"87047";"1";"1";"1";"6";"Nepoulas";"45,9915880";"1,2738710"
"201900054496";"28";"5";"2019";"13:15";"1";"87";"87033";"1";"1";"9";"6";"Juniat";"46,0106900";"1,1127330"
"201900054497";"27";"5";"2019";"07:30";"2";"87";"87100";"1";"1";"2";"7";"RD675";"46,0240860";"0,9517360"
"201900054498";"23";"5";"2019";"08:25";"1";"37";"37104";"2";"3";"1";"6";"Rue du Vallon";"47,2838498";"0,7863515"
"201900054499";"3";"5";"2019";"17:40";"1";"37";"37159";"2";"1";"1";"2";"7 Rue du Val de l'Indre";"47,2797330";"0,6425960"
"201900054500";"1";"5";"2019";"16:50";"1";"37";"37259";"1";"1";"1";"6";"Les Effes";"46,7697430";"0,9199210"
"201900054501";"29";"5";"2019";"07:40";"1";"37";"37216";"1";"5";"1";"1";"Le Coteau de la Billette";"47,1594770";"0,5743820"
"201900054502";"26";"5";"2019";"07:20";"1";"37";"37281";"1";"1";"1";"7";"La Frillière";"47,3958810";"0,8275760"
"201900054503";"26";"5";"2019";"13:05";"1";"37";"37182";"1";"1";"1";"1";"Route de Luynes";"47,4463474";"0,4954920"
"201900054504";"5";"5";"2019";"12:30";"1";"37";"37109";"1";"1";"1";"6";"départementale 367";"47,4186550";"0,6323160"
"201900054505";"27";"5";"2019";"16:20";"1";"37";"37152";"1";"1";"1";"2";"la perrée";"47,4459400";"0,6755640"
"201900054506";"7";"5";"2019";"08:25";"1";"37";"37206";"2";"1";"1";"6";"Le Bondonneau";"47,4950546";"0,6324487"
"201900054507";"12";"5";"2019";"04:15";"3";"37";"37050";"1";"1";"1";"6";"RD37 PK 3.5";"47,3218315";"0,7105515"
"201900054508";"28";"5";"2019";"19:45";"1";"30";"30003";"1";"6";"1";"1";"D 62";"43,5666240";"4,1916390"
"201900054509";"30";"5";"2019";"12:15";"1";"30";"30033";"2";"2";"1";"3";"Rue de la gare";"43,7180930";"4,3225950"
"201900054510";"21";"5";"2019";"10:00";"1";"30";"30083";"1";"2";"1";"3";"Place de la République";"43,7278430";"4,2127520"
"201900054511";"29";"5";"2019";"13:50";"1";"30";"30325";"2";"1";"1";"3";"Route de Ganges";"43,9749400";"3,7165260"
"201900054512";"28";"5";"2019";"23:40";"3";"30";"30346";"1";"1";"1";"6";"D 981";"43,9683800";"4,5240690"
"201900054513";"12";"5";"2019";"17:15";"1";"30";"30089";"1";"2";"6";"1";"intersection D986L et D2";"43,8418360";"4,6190670"
"201900054514";"9";"5";"2019";"19:40";"1";"30";"30073";"1";"1";"1";"7";"D 6086";"43,9872990";"4,5781560"
"201900054515";"24";"5";"2019";"01:25";"5";"30";"30259";"2";"1";"1";"6";"Route de Nîmes";"44,1048410";"4,1029530"
"201900054516";"7";"5";"2019";"16:30";"1";"30";"30275";"1";"9";"1";"7";"D7";"44,1157640";"4,2220440"
"201900054517";"7";"5";"2019";"15:35";"1";"30";"30223";"2";"1";"1";"1";"face au 44 rue de la mairie";"44,1781890";"4,1494300"
"201900054518";"6";"5";"2019";"11:50";"1";"30";"30330";"1";"1";"1";"1";"D982 PK+14.800";"44,0221750";"3,9953490"
"201900054519";"21";"5";"2019";"11:50";"1";"48";"48132";"1";"1";"1";"7";"Montalbert";"44,7973280";"3,3650540"
"201900054520";"27";"5";"2019";"17:30";"1";"48";"48018";"1";"3";"1";"3";"intersection RN 88 et RD 142";"44,5013340";"3,4055160"
"201900054521";"7";"5";"2019";"13:50";"1";"48";"48085";"1";"1";"1";"1";"Mijoule";"44,3697720";"3,3432210"
"201900054522";"1";"5";"2019";"17:03";"1";"48";"48176";"1";"1";"1";"6";"RD 996 PK 8,090";"44,1992080";"3,2577390"
"201900054523";"10";"5";"2019";"11:46";"1";"48";"48166";"1";"1";"1";"1";"Saint-Laurent-De-Treves (Saint-Laurent-de-Trèves)";"44,2693540";"3,6073870"
"201900054524";"31";"5";"2019";"15:30";"1";"48";"48013";"2";"3";"1";"3";"Chemin de la gare";"44,5331560";"3,5457600"
"201900054525";"30";"5";"2019";"11:30";"1";"48";"48027";"1";"1";"1";"6";"D901 (SAINT JULIEN DU TOURNEL)";"44,5026780";"3,6839160"
"201900054526";"14";"5";"2019";"10:50";"1";"48";"48137";"2";"1";"7";"6";"Rouffiac";"44,4789590";"3,4921160"
"201900054527";"2";"5";"2019";"02:55";"3";"52";"52149";"2";"3";"1";"7";"D13";"48,4169750";"4,9443540"
"201900054528";"27";"5";"2019";"17:30";"1";"52";"52118";"1";"1";"8";"5";"ROUTE NATIONLE 67 pk22+780";"48,4926848";"5,1108647"
"201900054529";"31";"5";"2019";"11:15";"1";"52";"52093";"2";"2";"1";"3";"Route de Torcenay";"47,8113005";"5,4512608"
"201900054530";"15";"5";"2019";"13:45";"1";"52";"52197";"1";"4";"1";"2";"RN19 PR088+600";"47,7870630";"5,5905210"
"201900054531";"2";"5";"2019";"21:20";"3";"52";"52306";"1";"1";"2";"6";"Route départementale 147";"48,2738600";"5,3712550"
"201900054532";"3";"5";"2019";"10:00";"1";"8";"08490";"1";"1";"8";"1";"Route de Reims";"49,3948130";"4,6756600"
"201900054533";"4";"5";"2019";"19:00";"1";"8";"08168";"1";"1";"1";"3";"RD 52";"49,5701670";"5,2476550"
"201900054534";"27";"5";"2019";"13:35";"1";"8";"08182";"1";"1";"1";"1";"CD 978 PK 8+100";"49,7247800";"4,2706240"
"201900054535";"1";"5";"2019";"04:40";"3";"8";"08037";"2";"1";"1";"1";"RD 8043 MON IDEE";"49,8726200";"4,3790070"
"201900054536";"7";"5";"2019";"19:20";"1";"8";"08207";"1";"1";"1";"1";"voie communale";"50,1117280";"4,7870470"
"201900054537";"16";"5";"2019";"17:45";"1";"88";"88082";"1";"1";"1";"1";"Rd 392A 88110 celles sur paine";"48,4747940";"6,9787600"
"201900054538";"7";"5";"2019";"16:45";"1";"88";"88372";"2";"1";"1";"6";"32 Rue Charles Weill";"48,4065350";"6,8419210"
"201900054539";"16";"5";"2019";"16:00";"1";"88";"88468";"2";"1";"8";"6";"60 Rue Charles de Gaulle";"47,8774790";"6,7689150"
"201900054540";"24";"5";"2019";"17:15";"1";"88";"88487";"1";"1";"1";"6";"Route des Breules";"47,9346540";"6,4848890"
"201900054541";"28";"5";"2019";"22:20";"3";"88";"88079";"1";"1";"1";"7";"CD 14";"48,2248790";"5,8326820"
"201900054542";"5";"5";"2019";"10:00";"1";"88";"88381";"1";"1";"8";"5";"RD 18";"48,1240260";"6,0247720"
"201900054543";"19";"5";"2019";"14:45";"1";"88";"88379";"1";"3";"1";"3";"D32";"48,3466730";"6,4906190"
"201900054544";"23";"4";"2019";"19:15";"1";"24";"24549";"1";"2";"1";"3";"Fongrive Bas";"44,7566510";"0,3126610"
"201900054545";"19";"5";"2019";"07:03";"1";"49";"49301";"1";"1";"1";"2";"N249 La Renaudière";"47,1143900";" -1,0580380"
"201900054546";"30";"5";"2019";"11:54";"1";"72";"72231";"1";"1";"1";"3";"Point kilométrique 89.700";"47,9508220";"0,3222950"
"201900054547";"24";"5";"2019";"18:20";"1";"78";"78620";"1";"3";"1";"3";"Rue des Frères Farman";"48,7402610";"2,1103890"
"201900054548";"9";"5";"2019";"12:05";"1";"68";"68295";"1";"1";"1";"4";"autoroute A 35";"48,0244680";"7,3725310"
"201900054549";"1";"5";"2019";"01:00";"3";"24";"24292";"1";"1";"1";"7";"PICONNEAU";"44,9184000";"0,0852600"
"201900054550";"25";"5";"2019";"17:10";"1";"45";"45229";"1";"1";"1";"6";"A77 - PK 49+100";"47,8267782";"2,6875428"
"201900054551";"13";"5";"2019";"14:15";"1";"71";"71143";"1";"9";"1";"6";"A 39, PK 120";"46,4812280";"5,3037490"
"201900054552";"5";"5";"2019";"10:15";"1";"31";"31503";"1";"1";"1";"2";"A 64 PK 222.900 sens Toulouse / Bayonne";"43,1319150";"0,9480113"
"201900054553";"5";"5";"2019";"18:55";"1";"76";"76660";"1";"9";"1";"6";"autoroute 131";"49,4904120";"0,2928114"
"201900054554";"21";"5";"2019";"11:28";"1";"30";"30036";"1";"9";"1";"6";"Route Nationale N113";"43,7756664";"4,2865837"
"201900054555";"26";"5";"2019";"16:40";"1";"13";"13091";"1";"1";"1";"7";"2675 RD7N";"43,6045670";"5,3387250"
"201900054556";"26";"5";"2019";"12:27";"1";"31";"31091";"1";"1";"1";"2";"barrière de péage";"43,7193600";"1,3923270"
"201900054557";"16";"5";"2019";"05:40";"2";"31";"31516";"1";"1";"1";"6";"A62";"43,7400910";"1,3920270"
"201900054558";"24";"3";"2019";"01:00";"3";"988";"98805";"1";"1";"1";"2";"VE2";" -22,1647950";"166,3935910"
"201900054559";"15";"4";"2019";"13:00";"1";"67";"67506";"1";"1";"1";"1";"Route Nationale 63";"48,6548226";"7,7229801"
"201900054560";"7";"5";"2019";"23:30";"3";"67";"67151";"1";"1";"1";"6";"D29";"48,6906700";"7,9109810"
"201900054561";"11";"5";"2019";"20:30";"2";"49";"49127";"1";"1";"1";"2";"Autoroute A11- PK 227 sens ANGERS /LE MANS";"47,6771250";" -0,2552610"
"201900054562";"25";"5";"2019";"18:20";"1";"3";"03175";"1";"1";"1";"6";"N/A";"46,2465019";"3,0888247"
"201900054563";"30";"5";"2019";"00:15";"3";"13";"13069";"1";"1";"1";"6";"D17";"43,6146200";"5,1690590"
"201900054564";"26";"5";"2019";"01:00";"3";"13";"13051";"1";"1";"1";"6";"Route Départementale 19";"43,5792970";"5,2029840"
"201900054565";"8";"5";"2019";"16:30";"1";"13";"13051";"1";"1";"1";"3";"ROUTE DEPARTEMENTALE 113";"43,5679410";"5,1542100"
"201900054566";"28";"5";"2019";"11:45";"1";"1";"01170";"1";"1";"2";"6";"A404, PK 5.000,sortieCroix Chalon";"46,1770290";"5,5603770"
"201900054567";"11";"5";"2019";"20:20";"2";"1";"01087";"1";"1";"3";"6";"A40 PK 113.500, direction Macon";"46,1708270";"5,6778430"
"201900054568";"28";"4";"2019";"10:23";"1";"1";"01331";"1";"1";"4";"5";"A40";"46,1073990";"5,4588570"
"201900054569";"22";"5";"2019";"10:10";"1";"34";"34337";"1";"1";"1";"4";"Avenue de Palavas";"43,5393820";"3,8870880"
"201900054570";"16";"5";"2019";"17:20";"1";"34";"34337";"2";"1";"1";"6";"rue maguelone";"43,5316390";"3,8629320"
"201900054571";"14";"5";"2019";"15:30";"1";"34";"34337";"1";"3";"1";"2";"RD 185 Lieu dit Le Larzat";"43,5453230";"3,8214490"
"201900054572";"27";"5";"2019";"15:00";"1";"18";"18190";"1";"1";"1";"6";"A71 - 196+000 SENS 2";"47,1391130";"2,1867690"
"201900054573";"14";"5";"2019";"17:20";"1";"18";"18159";"1";"1";"1";"6";"route départementale 29";"47,3183780";"2,1484330"
"201900054574";"22";"5";"2019";"17:55";"1";"42";"42011";"1";"1";"1";"6";"péage balbigny";"45,8409370";"4,1641440"
"201900054575";"6";"5";"2019";"12:40";"1";"35";"35210";"2";"6";"1";"3";"Boulevard P Dumaine de la Josserie";"48,1484710";" -1,7628330"
"201900054576";"28";"11";"2019";"10:26";"1";"32";"32013";"2";"1";"8";"6";"MARNE (AVENUE DE LA)";"43,6488800";"0,5951800"
"201900054577";"23";"5";"2019";"17:45";"1";"1";"01350";"1";"3";"1";"3";"Chemin des Chatonnières";"46,2656690";"5,2811330"
"201900054578";"3";"12";"2019";"18:15";"3";"31";"31555";"2";"2";"1";"6";"BD DEODAT DE SEVERAC";"43,5894070";"1,4219110"
"201900054579";"14";"5";"2019";"09:05";"1";"1";"01425";"1";"1";"1";"3";"A40 PK152";"46,1100620";"5,2919690"
"201900054580";"4";"5";"2019";"17:30";"1";"1";"01422";"1";"1";"4";"5";"autoroute A40";"46,1470320";"5,2919260"
"201900054581";"2";"5";"2019";"17:40";"2";"974";"97415";"1";"1";"1";"4";"r n 1";" -20,9761170";"55,2970960"
"201900054582";"11";"5";"2019";"04:00";"5";"973";"97309";"2";"1";"3";"7";"Avenue Morne Coco";"4,9031512";" -52,2870288"
"201900054583";"5";"5";"2019";"12:45";"1";"973";"97309";"2";"1";"1";"2";"Route de Remire RD2";"4,9070480";" -52,2728980"
"201900054584";"2";"5";"2019";"17:15";"1";"973";"97309";"2";"1";"1";"3";"Boulevard Edmar Lama";"4,9069697";" -52,2776076"
"201900054585";"11";"5";"2019";"01:20";"5";"69";"69244";"2";"1";"1";"2";"Route de Brignais";"45,7512500";"4,7716190"
"201900054586";"3";"12";"2019";"16:30";"1";"31";"31555";"2";"9";"1";"3";"BILLIERES (AV ETIENNE) DU 1AU 78";"43,5970130";"1,4263520"
"201900054587";"30";"4";"2019";"22:40";"5";"69";"69244";"2";"9";"1";"7";"boulevard des hesperides 69160 tassin";"45,7632870";"4,7795150"
"201900054588";"31";"5";"2019";"18:50";"1";"6";"06152";"2";"6";"1";"6";"Route de Cannes";"43,6246230";"6,9990810"
"201900054589";"4";"12";"2019";"00:55";"4";"30";"30189";"2";"3";"1";"6";"JAURES JEAN (BOULEVARD)";"43,8384560";"4,3498700"
"201900054590";"4";"12";"2019";"17:00";"1";"29";"29039";"1";"1";"1";"1";"RD 783";"47,8591885";" -3,8806866"
"201900054591";"4";"12";"2019";"12:15";"1";"26";"26198";"2";"1";"1";"6";"BLUM (Rue Léon)";"44,5675600";"4,7550600"
"201900054592";"4";"12";"2019";"15:10";"1";"25";"25031";"1";"1";"1";"1";"DASLE (RUE DE)";"47,4779700";"6,8757200"
"201900054593";"3";"12";"2019";"10:55";"1";"22";"22278";"2";"1";"1";"3";"GOUET (VIEILLE COTE DE)";"48,5217428";" -2,7644253"
"201900054594";"4";"12";"2019";"22:55";"5";"17";"17300";"2";"1";"1";"7";"LECLERC   AVENUE DU GENERAL";"46,1626200";" -1,1597500"
"201900054595";"4";"12";"2019";"19:45";"5";"17";"17300";"2";"1";"1";"2";"SCHWEITZER   RUE DU DOCTEUR ALB";"46,1581300";" -1,1435100"
"201900054596";"3";"12";"2019";"18:25";"5";"17";"17291";"1";"1";"1";"2";"RN 11";"46,1732800";" -1,1163900"
"201900054597";"13";"11";"2019";"13:10";"1";"15";"15014";"2";"1";"1";"5";"PUPILLES DE LA NATION (AVENUE DES)";"44,9210130";"2,4395780"
"201900054598";"4";"12";"2019";"19:30";"5";"14";"14699";"2";"1";"9";"6";"R.D. 74";"49,3714500";"0,1197200"
"201900054599";"4";"12";"2019";"22:30";"5";"13";"13208";"2";"1";"1";"6";"MENDES FRANCE (AVENUE)";"43,2553240";"5,3762730"
"201900054600";"4";"12";"2019";"18:00";"5";"13";"13204";"2";"1";"1";"4";"FRANÇOISE DUPARC (BOULEVARD)";"43,3002630";"5,4008510"
"201900054601";"4";"12";"2019";"15:00";"1";"13";"13214";"2";"1";"1";"4";"ST JOSEPH A STE MARTHE (chemin)";"43,3424660";"5,3862420"
"201900054602";"3";"12";"2019";"14:55";"1";"13";"13214";"2";"9";"1";"6";"BASILE BARRELIER (BOULEVARD)";"43,3391980";"5,3899980"
"201900054603";"4";"12";"2019";"06:40";"5";"13";"13205";"2";"1";"1";"6";"SAKAKINI (BOULEVARD)";"43,2963050";"5,4002900"
"201900054604";"4";"12";"2019";"00:00";"5";"13";"13207";"2";"1";"1";"6";"NEUVE SAINT (RUE)";"43,2919360";"5,3683050"