"Num_Acc";"jour";"mois";"an";"hrmn";"lum";"dep";"com";"agg";"int";"atm";"col";"adr";"lat";"long"
"201900054605";"3";"12";"2019";"17:45";"2";"12";"12145";"2";"8";"1";"3";"VOIE FERREE";"44,1045900";"3,0756800"
"201900054606";"3";"12";"2019";"19:00";"3";"7";"07019";"1";"6";"1";"3";"D104B";"44,5984500";"4,3948600"
"201900054607";"4";"12";"2019";"14:50";"1";"6";"06088";"2";"1";"1";"6";"PILATTE (BD FRANCK)";"43,6926090";"7,2906590"
"201900054608";"2";"12";"2019";"15:00";"1";"6";"06083";"2";"1";"1";"6";"PARTOUNEAUX (RUE)";"43,7745540";"7,4967240"
"201900054609";"4";"12";"2019";"16:25";"2";"6";"06069";"2";"1";"1";"5";"CANNES (ROUTE DE)  -RD 6085-";"43,6303850";"6,9587190"
"201900054610";"3";"12";"2019";"17:15";"5";"6";"06123";"2";"9";"1";"3";"DELATTRE DE TASSIGNY BD DU MAL";"43,6628160";"7,1905100"
"201900054611";"3";"12";"2019";"18:50";"5";"6";"06027";"2";"1";"1";"2";"GARE AVENUE DE LA";"43,6566410";"7,1468810"
"201900054612";"3";"12";"2019";"20:20";"5";"5";"05061";"2";"1";"1";"3";"FREDERIC MISTRAL ( COURS )";"44,5579700";"6,0744400"
"201900054613";"3";"12";"2019";"15:30";"1";"5";"05061";"2";"3";"7";"7";"GEORGES POMPIDOU ( BD)";"44,5596900";"6,0842500"
"201900054614";"4";"12";"2019";"13:45";"1";"75";"75112";"2";"1";"1";"4";"BD PERIPHERIQUE INTERIEUR";"48,8286956";"2,3983278"
"201900054615";"4";"12";"2019";"08:35";"1";"75";"75120";"2";"1";"1";"3";"BD PERIPHERIQUE INTERIEUR";"48,8563440";"2,4139230"
"201900054616";"3";"12";"2019";"09:20";"1";"75";"75116";"2";"1";"1";"3";"BD PERIPHERIQUE EXTERIEUR";"48,8465304";"2,2546327"
"201900054617";"4";"12";"2019";"11:40";"1";"75";"75113";"2";"1";"1";"4";"BD PERIPHERIQUE INTERIEUR";"48,8253570";"2,3853880"
"201900054618";"3";"12";"2019";"20:35";"5";"75";"75113";"2";"1";"1";"3";"QUAI DE LA GARE";"48,8357624";"2,3752985"
"201900054619";"4";"12";"2019";"18:25";"5";"75";"75119";"2";"4";"1";"3";"BOULEVARD DE LA COMMANDERIE";"48,9018840";"2,3851920"
"201900054620";"4";"12";"2019";"17:50";"5";"75";"75119";"2";"2";"1";"6";"AVENUE SIMON BOLIVAR";"48,8783981";"2,3742270"
"201900054621";"4";"12";"2019";"09:15";"1";"75";"75119";"2";"1";"1";"6";"BOULEVARD MACDONALD";"48,8988030";"2,3752680"
"201900054622";"4";"12";"2019";"16:45";"2";"75";"75118";"2";"3";"1";"3";"RUE CAULAINCOURT";"48,8897340";"2,3414180"
"201900054623";"4";"12";"2019";"10:00";"1";"75";"75118";"2";"2";"1";"3";"RUE MARX DORMOY";"48,8902506";"2,3599255"
"201900054624";"3";"12";"2019";"05:30";"5";"75";"75118";"2";"2";"1";"3";"RUE ORDENER";"48,8902350";"2,3599200"
"201900054625";"30";"11";"2019";"13:00";"1";"75";"75116";"2";"1";"1";"6";"AVENUE MOZART";"48,8505080";"2,2670711"
"201900054626";"3";"12";"2019";"11:50";"1";"75";"75116";"2";"2";"1";"3";"RUE MOLITOR";"48,8453480";"2,2575830"
"201900054627";"3";"12";"2019";"08:50";"1";"75";"75115";"2";"1";"1";"2";"PONT DU GARIGLIANO";"48,8392720";"2,2684780"
"201900054628";"4";"12";"2019";"16:50";"1";"75";"75115";"2";"2";"1";"3";"RUE DE LA CONVENTION";"48,8411020";"2,2878920"
"201900054629";"3";"12";"2019";"08:50";"1";"75";"75115";"2";"3";"1";"5";"RUE DE LA CROIX NIVERT";"48,8463265";"2,2992316"
"201900054630";"4";"12";"2019";"11:00";"1";"75";"75114";"2";"1";"1";"3";"BOULEVARD ARAGO";"48,8344730";"2,3340690"
"201900054631";"2";"12";"2019";"22:30";"5";"75";"75114";"2";"2";"1";"3";"RUE FROIDEVAUX";"48,8360200";"2,3276380"
"201900054632";"4";"12";"2019";"20:00";"5";"75";"75113";"2";"3";"1";"6";"AVENUE DE LA PORTE DE VITRY";"48,8228320";"2,3779177"
"201900054633";"4";"12";"2019";"05:45";"5";"75";"75112";"2";"2";"1";"6";"AVENUE LEDRU ROLLIN";"48,8486360";"2,3725690"
"201900054634";"4";"12";"2019";"20:40";"5";"75";"75111";"2";"2";"1";"3";"RUE AMELOT";"48,8559100";"2,3691800"
"201900054635";"4";"12";"2019";"14:30";"1";"75";"75111";"2";"2";"1";"3";"AVENUE DE LA REPUBLIQUE";"48,8651523";"2,3751605"
"201900054636";"4";"12";"2019";"12:30";"1";"75";"75111";"2";"3";"1";"6";"BOULEVARD VOLTAIRE";"48,8644520";"2,3689970"
"201900054637";"2";"12";"2019";"12:38";"1";"75";"75108";"2";"3";"1";"3";"PLACE CLEMENCEAU";"48,8677950";"2,3138670"
"201900054638";"4";"12";"2019";"14:40";"1";"75";"75107";"2";"7";"1";"3";"PLACE DE LA RESISTANCE";"48,8624500";"2,3019420"
"201900054639";"4";"12";"2019";"18:15";"2";"75";"75104";"2";"3";"1";"7";"QUAI DE L HOTEL DE VILLE";"48,8553290";"2,3527690"
"201900054640";"4";"12";"2019";"18:00";"2";"94";"94077";"2";"1";"1";"2";"HAUTE SEINE (R DE LA)";"48,7310100";"2,4333100"
"201900054641";"3";"12";"2019";"11:50";"1";"94";"94068";"2";"3";"1";"6";"FOUR (R DU)";"48,8110900";"2,4695300"
"201900054642";"2";"12";"2019";"21:10";"5";"94";"94068";"2";"2";"1";"3";"CRETEIL (BD DE)";"48,7980000";"2,4890000"
"201900054643";"4";"12";"2019";"12:00";"1";"94";"94046";"2";"9";"1";"6";"JEAN JAURES (R)";"48,7947230";"2,4341390"
"201900054644";"4";"12";"2019";"08:50";"1";"94";"94065";"2";"1";"1";"1";"VANNE (R DE LA)";"48,7597300";"2,3467600"
"201900054645";"4";"12";"2019";"10:50";"1";"94";"94002";"2";"1";"1";"6";"JEAN COLLY (R)";"48,8095000";"2,4158000"
"201900054646";"4";"12";"2019";"17:20";"2";"93";"93062";"2";"1";"1";"6";"THIERS (AVENUE)";"48,8987900";"2,5187800"
"201900054647";"3";"12";"2019";"11:30";"1";"93";"93077";"2";"1";"1";"3";"ROSNY (AVENUE DE)";"48,8842320";"2,5009130"
"201900054648";"4";"12";"2019";"19:05";"5";"93";"93053";"2";"9";"1";"2";"BREMENT (RUE DE) 1 A 83 - 2 A 78";"48,8994066";"2,4587288"
"201900054649";"29";"11";"2019";"11:49";"1";"93";"93053";"2";"2";"1";"3";"PARIS (RUE DE)";"48,9038600";"2,4705500"
"201900054650";"4";"12";"2019";"20:40";"5";"93";"93010";"2";"9";"1";"7";"GALLIENI (AV.) DE 1 A 109";"48,9067807";"2,4873626"
"201900054651";"4";"12";"2019";"16:23";"2";"93";"93007";"2";"1";"1";"6";"""PAUL VAILLANT COUTURIER (AVENUE """"DU 01";"48,9275000";"2,4739000"
"201900054652";"4";"12";"2019";"09:20";"1";"92";"92078";"2";"9";"1";"2";"CHARLES DE GAULLE (BD)(72 AU 308)";"48,9398800";"2,3237400"
"201900054653";"4";"12";"2019";"11:30";"1";"92";"92073";"2";"1";"1";"1";"WASHINGTON (BOULEVARD)";"48,8764000";"2,2175000"
"201900054654";"4";"12";"2019";"10:05";"1";"92";"92020";"2";"1";"1";"7";"BROSSOLETTE RUE PIERRE AUTRES N°";"48,8017000";"2,2761800"
"201900054655";"4";"12";"2019";"08:38";"1";"92";"92019";"2";"2";"1";"3";"FAYO VINCENT (RUE)";"48,7648676";"2,2812987"
"201900054656";"5";"12";"2019";"15:50";"1";"12";"12029";"1";"1";"1";"6";"chemin communal n°1";"44,1854350";"2,0692730"
"201900054657";"5";"12";"2019";"13:30";"1";"54";"54157";"2";"4";"7";"7";"2 Rue de la Gare";"48,8435020";"6,0697920"
"201900054658";"4";"12";"2019";"14:15";"1";"2A";"2A048";"1";"1";"1";"6";"D81";"42,0433560";"8,7534220"
"201900054659";"4";"12";"2019";"15:30";"1";"84";"84088";"2";"6";"1";"6";"COURS DE LA RÉPUBLIQUE";"43,9973600";"5,0621080"
"201900054660";"4";"12";"2019";"16:50";"1";"22";"22237";"1";"1";"1";"1";"D768";"48,5268370";" -2,3203310"
"201900054661";"4";"12";"2019";"19:15";"5";"972";"97212";"2";"1";"1";"6";"Chemin Courbaril";"14,7114670";" -61,0315440"
"201900054662";"4";"12";"2019";"14:45";"1";"972";"97221";"1";"1";"1";"1";"Chemin Pois Doux";"14,5080780";" -60,9455950"
"201900054663";"5";"12";"2019";"10:14";"1";"12";"12033";"2";"1";"1";"6";"18 Avenue Arsène Ratier";"44,4701130";"2,7266650"
"201900054664";"4";"12";"2019";"12:30";"1";"67";"67472";"2";"9";"7";"6";"14 Rue de Sessenheim";"48,8201850";"7,9657010"
"201900054665";"2";"12";"2019";"22:50";"3";"34";"34123";"1";"1";"1";"6";"N109";"43,6172490";"3,7958210"
"201900054666";"2";"12";"2019";"08:55";"1";"34";"34300";"1";"1";"1";"6";"A75";"43,4030970";"3,3445730"
"201900054667";"5";"12";"2019";"07:55";"2";"57";"57146";"1";"1";"9";"1";"D66";"49,0320507";"6,1666122"
"201900054668";"4";"12";"2019";"08:00";"2";"56";"56036";"2";"1";"1";"3";"819 Route de Caudan";"47,7888850";" -3,3531460"
"201900054669";"4";"12";"2019";"07:35";"2";"49";"49055";"1";"9";"1";"7";"Route départementale 191";"47,5526260";" -0,5810750"
"201900054670";"4";"12";"2019";"20:15";"3";"41";"41185";"1";"1";"5";"6";"PK 35+200, R.D. 765";"47,3584320";"1,7172892"
"201900054671";"4";"12";"2019";"18:30";"3";"34";"34300";"1";"1";"2";"1";"D18";"43,3924750";"3,3129870"
"201900054672";"3";"12";"2019";"13:45";"1";"22";"22258";"1";"3";"1";"4";"D765";"48,4333860";" -2,6348300"
"201900054673";"4";"12";"2019";"17:50";"3";"22";"22241";"1";"1";"1";"6";"Lieu Dit Bellevue";"48,0979757";" -2,5629387"
"201900054674";"29";"11";"2019";"10:10";"1";"44";"44102";"1";"1";"7";"3";"La Noisetterie";"47,0420093";" -1,4739259"
"201900054675";"3";"12";"2019";"17:20";"3";"2";"02456";"1";"1";"5";"1";"D922";"49,5755230";"3,1688410"
"201900054676";"4";"12";"2019";"18:35";"3";"3";"03278";"1";"1";"5";"7";"N/A";"46,2168361";"3,1622324"
"201900054677";"5";"12";"2019";"14:15";"1";"15";"15027";"1";"1";"1";"7";"D66";"44,7391697";"2,3639445"
"201900054678";"5";"12";"2019";"13:55";"1";"58";"58118";"2";"1";"1";"1";"25 Route de Luzy";"46,8158680";"3,7255570"
"201900054679";"5";"12";"2019";"00:50";"5";"72";"72132";"2";"1";"1";"6";"Rue Marceau";"48,1795070";"0,6345260"
"201900054680";"4";"12";"2019";"18:30";"3";"72";"72386";"1";"6";"1";"3";"D314";"48,0128710";"0,2738860"
"201900054681";"5";"12";"2019";"16:45";"3";"60";"60648";"1";"1";"1";"6";"D61";"49,6089540";"2,2477400"
"201900054682";"5";"12";"2019";"20:00";"3";"60";"60063";"1";"1";"5";"6";"D35";"49,3783030";"2,0530750"
"201900054683";"5";"12";"2019";"07:28";"2";"45";"45176";"2";"2";"5";"3";"2 Avenue de la Liberation";"48,0603330";"2,4835870"
"201900054684";"4";"12";"2019";"18:35";"3";"10";"10049";"1";"1";"1";"1";"RD444,";"48,1780550";"4,1219000"
"201900054685";"4";"12";"2019";"18:25";"3";"7";"07122";"1";"1";"1";"1";"N/A";"44,5518670";"4,3585150"
"201900054686";"4";"12";"2019";"13:10";"1";"7";"07240";"1";"1";"1";"6";"route de Vernoux";"44,8589930";"4,8292760"
"201900054687";"5";"12";"2019";"12:45";"1";"24";"24199";"1";"1";"1";"1";"D100e2";"45,4146520";"0,4422120"
"201900054688";"5";"12";"2019";"17:25";"5";"85";"85146";"2";"3";"5";"6";"Bd du Président Auguste Durand";"46,9752500";" -1,3038400"
"201900054689";"4";"12";"2019";"19:20";"5";"30";"30006";"2";"1";"1";"6";"6 Boulevard Fanfonne Guillerme";"43,6862330";"4,2104920"
"201900054690";"5";"12";"2019";"11:20";"5";"1";"01373";"1";"1";"1";"2";"A40";"46,1325360";"5,5990930"
"201900054691";"18";"11";"2019";"15:47";"1";"39";"39031";"1";"1";"1";"6";"N/A";"47,1660880";"5,6411930"
"201900054692";"5";"12";"2019";"10:18";"1";"72";"72375";"1";"1";"5";"6";"A11";"48,1224790";"0,6121460"
"201900054693";"5";"12";"2019";"09:45";"1";"6";"06079";"1";"1";"8";"7";"A8";"43,5479520";"6,9437950"
"201900054694";"5";"12";"2019";"08:15";"3";"77";"77414";"1";"1";"1";"7";"A4";"48,6294601";"3,2450625"
"201900054695";"5";"12";"2019";"07:10";"3";"78";"78389";"1";"1";"5";"7";"route nationale 12";"48,8005400";"1,8372750"
"201900054696";"5";"12";"2019";"17:12";"3";"2A";"2A247";"1";"1";"1";"1";"Route de l'Ospedale";"41,6164590";"9,2596100"
"201900054697";"3";"12";"2019";"12:30";"1";"5";"05173";"1";"1";"1";"7";"D22";"44,3045070";"5,8871740"
"201900054698";"5";"12";"2019";"05:10";"3";"74";"74280";"1";"1";"5";"1";"45 Route de Morette";"45,8993990";"6,2918830"
"201900054699";"5";"12";"2019";"09:50";"1";"69";"69072";"1";"1";"5";"7";"Chemin des Pins";"45,7924200";"4,7402200"
"201900054700";"5";"12";"2019";"16:25";"1";"64";"64430";"2";"1";"1";"6";"Rue Jeanne d'Albret";"43,4875390";" -0,7730150"
"201900054701";"4";"12";"2019";"08:10";"1";"33";"33177";"1";"1";"1";"6";"Route de Bassot";"45,3025720";" -0,9507700"
"201900054702";"4";"12";"2019";"18:25";"3";"33";"33433";"2";"1";"1";"1";"38 Chemin des Anglais";"44,9138800";" -0,4406200"
"201900054703";"4";"12";"2019";"20:35";"3";"27";"27347";"1";"1";"5";"6";"D57";"49,0432550";"1,2119630"
"201900054704";"1";"12";"2019";"05:30";"3";"62";"62810";"1";"1";"1";"1";"N17";"50,3507300";"2,7870640"
"201900054705";"2";"12";"2019";"07:05";"5";"83";"83137";"1";"1";"2";"2";"A57";"43,1213200";"5,9533100"
"201900054706";"29";"11";"2019";"17:05";"2";"67";"67482";"1";"1";"2";"4";"Autoroute A.351";"48,5875000";"7,7111600"
"201900054707";"3";"12";"2019";"16:20";"1";"67";"67482";"1";"1";"1";"3";"Autoroute A4";"48,5962757";"7,7402570"
"201900054708";"4";"12";"2019";"20:05";"5";"92";"92050";"1";"1";"1";"3";"A14";"48,8935271";"2,2331357"
"201900054709";"4";"12";"2019";"14:15";"1";"78";"78545";"1";"1";"1";"1";"A12 Y";"48,8090550";"2,0544210"
"201900054710";"3";"12";"2019";"20:40";"3";"78";"78646";"1";"1";"1";"2";"RN12 INT";"48,7903280";"2,1136680"
"201900054711";"2";"12";"2019";"20:50";"3";"93";"93064";"1";"1";"1";"2";"AUTOROUTE A86";"48,8819100";"2,4739400"
"201900054712";"2";"12";"2019";"18:25";"4";"93";"93066";"1";"1";"1";"2";"AUTOROUTE A1";"48,9157100";"2,3578700"
"201900054713";"2";"12";"2019";"16:30";"1";"95";"95212";"1";"1";"1";"2";"AUTOROUTE A1";"49,0241800";"2,5358900"
"201900054714";"4";"12";"2019";"18:15";"2";"94";"94081";"1";"1";"1";"2";"A86 INT";"48,7764477";"2,4216274"
"201900054715";"4";"12";"2019";"14:20";"1";"77";"77337";"1";"1";"1";"4";"RN104";"48,8281790";"2,6179090"
"201900054716";"2";"12";"2019";"20:18";"3";"94";"94038";"2";"1";"1";"6";"LEO LAGRANGE (R)";"48,7686300";"2,3221700"
"201900054717";"2";"12";"2019";"02:30";"1";"92";"92078";"1";"1";"1";"7";"AUTOROUTE A86";"48,9301881";"2,3258724"
"201900054718";"3";"12";"2019";"08:10";"1";"75";"75114";"2";"1";"1";"3";"BD PERIPHERIQUE INTERIEUR";"48,8168200";"2,3375730"
"201900054719";"2";"12";"2019";"08:30";"2";"75";"75116";"2";"1";"1";"3";"BD PERIPHERIQUE INTERIEUR";"48,8727940";"2,2746370"
"201900054720";"1";"12";"2019";"00:00";"4";"75";"75117";"2";"1";"1";"2";"BD PERIPHERIQUE EXTERIEUR";"48,8846580";"2,2861280"
"201900054721";"2";"12";"2019";"19:31";"5";"75";"75110";"2";"2";"1";"6";"BOULEVARD DE STRASBOURG";"48,8722690";"2,3559020"
"201900054722";"3";"12";"2019";"08:25";"1";"75";"75120";"2";"1";"1";"7";"AVENUE GAMBETTA";"48,8676482";"2,4008675"
"201900054723";"3";"12";"2019";"00:20";"5";"75";"75120";"2";"1";"1";"6";"RUE BELGRAND";"48,8645354";"2,4078335"
"201900054724";"3";"12";"2019";"18:00";"2";"75";"75116";"2";"4";"1";"3";"AVENUE D IENA";"48,8717439";"2,2953808"
"201900054725";"3";"12";"2019";"10:30";"1";"75";"75116";"2";"1";"1";"6";"VOIE GEORGES POMPIDOU";"48,8465657";"2,2741163"
"201900054726";"3";"12";"2019";"11:15";"1";"75";"75116";"2";"2";"1";"6";"BOULEVARD EXELMANS";"48,8435650";"2,2593749"
"201900054727";"3";"12";"2019";"08:30";"1";"75";"75112";"2";"1";"1";"6";"RUE VILLIOT";"48,8419090";"2,3759540"
"201900054728";"3";"12";"2019";"18:00";"5";"75";"75111";"2";"2";"1";"6";"RUE JEAN PIERRE TIMBAUD";"48,8678300";"2,3771370"
"201900054729";"3";"12";"2019";"10:30";"1";"75";"75111";"2";"1";"1";"6";"AVENUE LEDRU ROLLIN";"48,8543056";"2,3778927"
"201900054730";"3";"12";"2019";"05:00";"5";"75";"75109";"2";"1";"1";"7";"BOULEVARD DE CLICHY";"48,8827539";"2,3356151"
"201900054731";"3";"12";"2019";"13:25";"1";"75";"75107";"2";"2";"1";"6";"RUE DE VARENNE";"48,8539820";"2,3238660"
"201900054732";"3";"12";"2019";"16:00";"1";"75";"75103";"2";"2";"1";"6";"RUE DE TURENNE";"48,8581580";"2,3644850"
"201900054733";"2";"12";"2019";"21:56";"5";"94";"94081";"2";"3";"1";"5";"EDITH CAVELL (R)";"48,7970000";"2,4100000"
"201900054734";"2";"12";"2019";"17:30";"5";"94";"94081";"2";"1";"1";"3";"EUGENE HENAFF (R)";"48,7940000";"2,4150000"
"201900054735";"3";"12";"2019";"13:40";"1";"94";"94041";"2";"1";"1";"3";"WESTERMEYER (R)";"48,8183200";"2,3954200"
"201900054736";"1";"12";"2019";"14:35";"1";"94";"94028";"2";"9";"8";"4";"TASSIGNY(AVE DU MARECHAL DE LATTRE DE)";"48,7965300";"2,4572800"
"201900054737";"30";"11";"2019";"15:00";"1";"93";"93078";"2";"3";"1";"3";"DAMBEL (AVENUE EMILE)";"48,9530700";"2,5498600"
"201900054738";"30";"11";"2019";"11:15";"1";"93";"93074";"2";"3";"1";"3";"MEAUX RUE DE";"48,9361370";"2,5787760"
"201900054739";"2";"12";"2019";"08:00";"1";"93";"93032";"2";"3";"9";"6";"MUGUETS   (AVENUE DES)";"48,8947600";"2,5437500"
"201900054740";"3";"12";"2019";"08:35";"1";"93";"93001";"2";"1";"1";"1";"FELIX FAURE (BLD)  => 118/119";"48,9081500";"2,3782600"
"201900054741";"3";"12";"2019";"19:15";"5";"92";"92062";"2";"1";"1";"6";"WALLACE (BD RICHARD) DU 17 AU 91 ET DU 3";"48,8800000";"2,2300000"
"201900054742";"2";"12";"2019";"16:00";"1";"92";"92024";"2";"1";"1";"6";"VICTOR HUGO (BD)";"48,8984500";"2,3120600"
"201900054743";"3";"12";"2019";"18:15";"5";"92";"92060";"2";"1";"2";"6";"DESCARTES (AVENUE)";"48,7765600";"2,2484100"
"201900054744";"3";"12";"2019";"16:20";"1";"92";"92002";"2";"1";"1";"6";"FONTAINE MOUTON (AVENUE DE LA)";"48,7392821";"2,2899686"
"201900054745";"4";"12";"2019";"07:30";"3";"2";"02576";"1";"1";"5";"2";"1 Route de Fontenoy";"49,3988610";"3,2380390"
"201900054746";"28";"10";"2019";"18:00";"3";"44";"44180";"1";"3";"2";"3";"La Dandelière (Freigné)";"47,5435160";" -1,1344700"
"201900054747";"3";"12";"2019";"16:40";"1";"62";"62364";"2";"1";"9";"6";"Rue d'Hesdin";"50,5095080";"2,1328640"
"201900054748";"3";"12";"2019";"07:00";"1";"974";"97412";"2";"6";"1";"6";"Rue Hubert Delisle";" -21,3739530";"55,6151420"
"201900054749";"4";"12";"2019";"05:07";"3";"60";"60370";"1";"1";"5";"7";"D927";"49,2675130";"2,1150000"
"201900054750";"3";"12";"2019";"15:35";"1";"6";"06033";"2";"6";"1";"1";"2621 1ère Avenue";"43,7854350";"7,2134010"
"201900054751";"3";"12";"2019";"09:15";"2";"84";"84099";"2";"2";"5";"1";"chemin des mulets";"43,8607910";"5,0798160"
"201900054752";"1";"11";"2019";"12:35";"1";"34";"34254";"1";"1";"1";"4";"A750";"43,6576250";"3,4666350"
"201900054753";"3";"12";"2019";"02:50";"3";"63";"63404";"1";"1";"8";"6";"A75";"45,5942720";"3,2272720"
"201900054754";"4";"12";"2019";"01:00";"3";"56";"56102";"1";"1";"5";"6";"lieu-dit queroux";"47,9748890";" -2,5647880"
"201900054755";"2";"12";"2019";"06:20";"5";"67";"67025";"2";"1";"1";"5";"Route du Rhin";"48,8570567";"8,0869518"
"201900054756";"4";"12";"2019";"07:43";"2";"76";"76272";"1";"1";"5";"4";"Rue Albert Perne";"49,8085370";"0,8423660"
"201900054757";"3";"12";"2019";"13:20";"1";"76";"76312";"2";"3";"5";"6";"24 Boulevard de Verdun";"49,4849540";"1,7300050"
"201900054758";"2";"12";"2019";"17:50";"3";"80";"80599";"1";"1";"1";"3";"D56";"50,2057310";"2,0005680"
"201900054759";"4";"12";"2019";"13:15";"1";"80";"80036";"1";"1";"5";"6";"D167";"49,8894560";"2,4664550"
"201900054760";"3";"12";"2019";"18:30";"5";"33";"33071";"2";"3";"1";"6";"Rue du Fort Bayard";"44,8255600";" -0,1841600"
"201900054761";"29";"11";"2019";"14:30";"1";"49";"49305";"1";"3";"1";"3";"Lieu Dit la Gateliere";"47,7047990";" -0,7290480"
"201900054762";"1";"12";"2019";"16:56";"1";"49";"49003";"1";"1";"1";"6";"D761";"47,2551200";" -0,3329380"
"201900054763";"3";"12";"2019";"18:43";"3";"49";"49218";"1";"1";"1";"1";"D92";"47,2442910";" -1,0889150"
"201900054764";"3";"12";"2019";"13:10";"1";"29";"29259";"1";"5";"1";"1";"D58";"48,6504326";" -3,9600900"
"201900054765";"4";"12";"2019";"01:30";"4";"38";"38517";"1";"6";"1";"6";"Route de Saint Quentin";"45,2882100";"5,5213300"
"201900054766";"3";"12";"2019";"16:25";"2";"3";"03076";"1";"1";"7";"2";"N/A";"46,5912077";"3,4012275"
"201900054767";"4";"12";"2019";"06:30";"3";"14";"14252";"1";"3";"5";"7";"D43";"48,9962210";" -0,2571490"
"201900054768";"3";"12";"2019";"14:30";"1";"60";"60222";"1";"2";"5";"3";"D938";"49,4690470";"2,2620630"
"201900054769";"4";"12";"2019";"07:20";"3";"60";"60584";"1";"1";"5";"7";"D12";"49,2272620";"2,4138010"
"201900054770";"4";"12";"2019";"09:03";"2";"10";"10339";"1";"1";"5";"1";"D33";"48,3890110";"3,7560460"
"201900054771";"3";"12";"2019";"12:55";"1";"53";"53163";"1";"1";"1";"1";"CD 32 - PK 16.400";"48,1580480";" -0,4535300"
"201900054772";"3";"12";"2019";"09:55";"1";"40";"40312";"2";"9";"1";"6";"22 Rue du Muguet";"43,5488850";" -1,4892950"
"201900054773";"3";"12";"2019";"16:00";"1";"24";"24094";"1";"1";"1";"7";"D44";"45,0942000";"0,6763500"
"201900054774";"4";"12";"2019";"11:00";"1";"85";"85277";"1";"2";"1";"3";"D19";"46,5022800";" -1,3478900"
"201900054775";"3";"12";"2019";"18:06";"5";"85";"85111";"2";"1";"1";"6";"58 Rue des Faïenciers";"46,3251100";" -0,9563400"
"201900054776";"19";"2";"2019";"09:50";"1";"76";"76669";"1";"2";"1";"1";"route des loges";"49,6849082";"0,3172731"
"201900054777";"18";"2";"2019";"14:00";"1";"82";"82060";"1";"1";"1";"6";"St Romain";"44,2481590";"1,0272320"
"201900054778";"19";"2";"2019";"16:15";"1";"63";"63249";"1";"1";"1";"5";"CD 906 - LD CHAMP DES BRUGERETTES";"45,8136660";"3,5111189"
"201900054779";"16";"2";"2019";"18:40";"5";"63";"63125";"2";"1";"1";"6";"route de CLERMONT FERRAND D906";"45,7816420";"3,5329220"
"201900054780";"17";"2";"2019";"18:00";"2";"42";"42224";"1";"1";"1";"1";"lieu dit la Blache";"45,3470090";"4,4367950"
"201900054781";"19";"2";"2019";"16:35";"1";"86";"86235";"1";"1";"1";"6";"Lieu dit Mossais";"46,3782946";"0,4118108"
"201900054782";"18";"2";"2019";"13:10";"1";"39";"39132";"1";"2";"1";"3";"N/A";"46,8275900";"5,4673570"
"201900054783";"18";"2";"2019";"09:00";"1";"31";"31468";"1";"2";"1";"3";"RD 52";"43,2837540";"0,8477660"
"201900054784";"14";"2";"2019";"16:30";"2";"26";"26374";"1";"1";"7";"6";"route départementale 116";"44,3177800";"5,6161670"
"201900054785";"17";"2";"2019";"08:14";"2";"50";"50550";"1";"1";"1";"6";"route départementale D971";"49,1273960";" -1,4125800"
"201900054786";"19";"1";"2019";"06:30";"3";"18";"18231";"1";"1";"1";"6";"D951";"46,7284910";"2,5761880"
"201900054787";"18";"2";"2019";"16:45";"1";"7";"07191";"1";"1";"8";"1";"1205 Chemin de l'Île Blanc";"44,5902430";"4,7366430"
"201900054788";"19";"2";"2019";"09:30";"1";"7";"07319";"2";"1";"1";"3";"Avenue Paul Langevin";"44,5340330";"4,6862190"
"201900054789";"19";"2";"2019";"20:15";"5";"7";"07066";"2";"1";"1";"7";"chemin du pont";"44,7120130";"4,6641450"
"201900054790";"18";"2";"2019";"20:45";"3";"24";"24376";"1";"1";"1";"7";"La Poste - Puymangou";"45,1695000";"0,0891800"
"201900054791";"19";"2";"2019";"09:56";"1";"4";"04178";"1";"1";"1";"1";"D951";"44,0286290";"5,7527300"
"201900054792";"18";"2";"2019";"17:43";"2";"4";"04230";"2";"1";"1";"6";"chemin de l'espigaous";"43,8313660";"5,9903230"
"201900054793";"17";"2";"2019";"15:40";"1";"4";"04110";"1";"1";"1";"1";"Ch de St Clement";"44,0413560";"6,1032420"
"201900054794";"3";"2";"2019";"08:35";"1";"27";"27214";"1";"1";"1";"7";"D20";"49,3079350";"1,4069210"
"201900054795";"18";"2";"2019";"17:00";"1";"27";"27398";"2";"1";"1";"6";"19 route de Beaumont";"49,0970490";"0,6161790"
"201900054796";"19";"2";"2019";"14:07";"1";"28";"28227";"2";"1";"8";"6";"Avenue du général de GAULLE";"48,5868350";"1,5856510"
"201900054797";"19";"2";"2019";"11:30";"1";"37";"37108";"1";"1";"1";"7";"D764";"47,1467920";"1,0363230"
"201900054798";"19";"2";"2019";"18:25";"2";"988";"98805";"1";"1";"2";"6";"VE2";" -22,1904600";"166,4410900"
"201900054799";"16";"2";"2019";"08:15";"2";"63";"63300";"1";"1";"1";"2";"A 71";"45,8991930";"3,1540290"
"201900054800";"29";"1";"2019";"03:00";"3";"13";"13001";"1";"1";"1";"7";"A8 pk 21+500 sens sud";"43,5204940";"5,4175540"
"201900054801";"16";"1";"2019";"09:00";"1";"13";"13086";"1";"1";"1";"2";"A52";"43,3400450";"5,6093090"