"Num_Acc";"jour";"mois";"an";"hrmn";"lum";"dep";"com";"agg";"int";"atm";"col";"adr";"lat";"long"
"201900054802";"18";"2";"2019";"17:15";"1";"90";"90015";"1";"9";"1";"3";"Autoroute A36 - Pk 38.200 - en direction de MONTBELIARD";"47,5940550";"6,8571190"
"201900054803";"18";"2";"2019";"07:35";"2";"27";"27580";"1";"1";"1";"2";"autoroute A13, point kilométrique 123+907 en direction de Paris";"49,3487590";"0,9035830"
"201900054804";"19";"2";"2019";"15:00";"1";"13";"13051";"1";"1";"1";"6";"A7 pk 240+200 sens sud nord";"43,5928780";"5,1780700"
"201900054805";"17";"2";"2019";"21:40";"3";"972";"97228";"1";"1";"1";"6";"RD 15 carrefour rue fonds cacao";"14,7538320";" -61,0281900"
"201900054806";"17";"2";"2019";"19:10";"5";"972";"97228";"1";"1";"1";"6";"RN1";"14,7816940";" -60,9923970"
"201900054807";"19";"2";"2019";"10:15";"1";"2B";"2B134";"2";"1";"1";"3";"avenue charles de gaulle";"42,6299620";"8,9369860"
"201900054808";"19";"2";"2019";"01:51";"3";"26";"26252";"1";"1";"1";"2";"A7 PK 076.500 sens sud-nord";"44,8717140";"4,8648960"
"201900054809";"19";"2";"2019";"17:35";"1";"55";"55120";"1";"1";"1";"2";"N/A";"48,7530390";"5,1267830"
"201900054810";"17";"2";"2019";"16:33";"2";"69";"69255";"2";"2";"7";"3";"7 route de Bordeaux";"45,7367500";"4,6836600"
"201900054811";"13";"6";"2019";"07:45";"1";"10";"10357";"2";"1";"1";"2";"Prolongement Bd POMPIDOU";"48,2978000";"4,0953000"
"201900054812";"18";"2";"2019";"14:50";"1";"69";"69072";"1";"1";"1";"2";"D 307";"45,8060720";"4,7365250"
"201900054813";"12";"6";"2019";"17:19";"1";"10";"10387";"2";"1";"8";"2";"ROBERT SCHUMANN (RUE)";"48,3072000";"4,0954000"
"201900054814";"12";"6";"2019";"16:40";"1";"10";"10387";"2";"1";"1";"2";"VICTOR HUGO (RUE)";"48,2940700";"4,0679200"
"201900054815";"11";"6";"2019";"19:50";"1";"10";"10081";"2";"1";"1";"1";"MARIE NOEL (RUE)";"48,3090700";"4,0329700"
"201900054816";"19";"2";"2019";"11:45";"1";"16";"16385";"2";"1";"8";"6";"route de la Sablière";"45,6578844";"0,2502822"
"201900054817";"10";"6";"2019";"17:11";"1";"10";"10387";"2";"1";"2";"6";"CHARMILLES (MAIL DES)";"48,2986700";"4,0871800"
"201900054818";"19";"2";"2019";"17:50";"1";"22";"22339";"1";"3";"1";"2";"D2";"48,4737915";" -2,0608207"
"201900054819";"18";"2";"2019";"17:40";"1";"22";"22339";"2";"1";"2";"2";"2 route de ploubalay";"48,4634466";" -2,0583665"
"201900054820";"8";"6";"2019";"04:10";"3";"10";"10333";"1";"1";"1";"7";"ROCADE OUEST (RD 610)";"48,2689200";"4,0518800"
"201900054821";"19";"2";"2019";"16:00";"1";"80";"80421";"1";"1";"1";"3";"D132";"49,7824050";"2,7908980"
"201900054822";"19";"2";"2019";"13:00";"1";"62";"62354";"1";"1";"1";"6";"D 113";"50,5683130";"1,6987220"
"201900054823";"16";"2";"2019";"04:55";"3";"83";"83144";"1";"1";"1";"3";"N/A";"43,1334900";"5,9847600"
"201900054824";"5";"6";"2019";"12:25";"1";"8";"08105";"1";"1";"1";"1";"MONTHERME";"49,8150900";"4,7017600"
"201900054825";"15";"2";"2019";"08:55";"1";"69";"69029";"1";"1";"1";"2";"A43   3.353 A 3.865";"45,7241600";"4,9267400"
"201900054826";"8";"6";"2019";"10:10";"1";"7";"07316";"2";"9";"1";"3";"rue des sabotiers";"44,9192100";"4,8619100"
"201900054827";"18";"5";"2019";"14:20";"1";"7";"07019";"1";"1";"1";"1";"RN 102";"44,6218000";"4,3940810"
"201900054828";"18";"2";"2019";"17:50";"1";"33";"33075";"1";"1";"1";"3";"ROCADE A 630";"44,8898700";" -0,6113200"
"201900054829";"10";"6";"2019";"18:25";"1";"7";"07019";"1";"6";"8";"3";"D 104 (DEVIATION ST PRIVAS)";"44,6125200";"4,4077400"
"201900054830";"17";"2";"2019";"13:35";"1";"94";"94034";"1";"1";"1";"4";"AUTOROUTE A86";"48,7588000";"2,3250000"
"201900054831";"22";"5";"2019";"15:00";"1";"7";"07019";"2";"3";"1";"3";"PONSON (ZA)";"44,6165000";"4,4045600"
"201900054832";"18";"6";"2019";"20:20";"1";"6";"06088";"2";"1";"1";"6";"THIERS (AV.)";"43,7047128";"7,2633060"
"201900054833";"18";"6";"2019";"09:25";"1";"6";"06088";"2";"1";"1";"3";"JOLY (CORNICHE ANDRE DE)";"43,7042870";"7,2994800"
"201900054834";"18";"2";"2019";"15:20";"5";"92";"92050";"1";"1";"1";"3";"A14";"48,8973167";"2,2206840"
"201900054835";"18";"2";"2019";"11:30";"1";"78";"78402";"1";"1";"1";"5";"A13";"48,9653930";"1,8055370"
"201900054836";"17";"2";"2019";"07:00";"3";"78";"78402";"1";"1";"1";"5";"A13";"48,9640670";"1,7757290"
"201900054837";"15";"6";"2019";"15:30";"1";"6";"06088";"1";"1";"1";"1";"TERRON (CH. DE)";"43,6929800";"7,2177600"
"201900054838";"6";"6";"2019";"03:30";"5";"6";"06088";"2";"1";"1";"2";"ANGLAIS (DU N° 114 AU N° 263)";"43,6843070";"7,2350930"
"201900054839";"10";"6";"2019";"19:20";"2";"6";"06088";"1";"1";"1";"2";"MERCANTOUR (BD)";"43,7106800";"7,1877400"
"201900054840";"10";"6";"2019";"13:20";"1";"6";"06088";"1";"1";"8";"7";"MERCANTOUR (BD)";"43,7327224";"7,1845152"
"201900054841";"15";"2";"2019";"17:10";"1";"78";"78640";"1";"1";"1";"4";"RN12 INT";"48,7818270";"2,1648030"
"201900054842";"9";"6";"2019";"18:15";"1";"6";"06088";"2";"1";"1";"2";"MERCANTOUR (BD)";"43,6765500";"7,2009600"
"201900054843";"17";"2";"2019";"11:40";"1";"93";"93005";"1";"1";"1";"4";"AUTOROUTE A3";"48,9455800";"2,4766100"
"201900054844";"5";"6";"2019";"22:20";"5";"6";"06088";"2";"9";"1";"6";"PASTEUR (BD)";"43,7202400";"7,2817300"
"201900054845";"16";"2";"2019";"20:00";"5";"93";"93010";"1";"1";"1";"6";"AUTOROUTE A3";"48,8893800";"2,4738300"
"201900054846";"5";"6";"2019";"13:45";"1";"6";"06088";"2";"1";"1";"6";"DIABLES BLEUS (AV. DES)";"43,7079300";"7,2843000"
"201900054847";"4";"6";"2019";"12:36";"1";"6";"06088";"2";"6";"1";"3";"TURIN (RTE DE)";"43,7307631";"7,2884899"
"201900054848";"18";"2";"2019";"12:40";"1";"94";"94018";"1";"1";"1";"5";"A4";"48,8181100";"2,4115400"
"201900054849";"31";"5";"2019";"12:17";"1";"6";"06088";"2";"1";"1";"2";"ROQUEBILLIERE (R. DE)";"43,7074030";"7,2862350"
"201900054850";"31";"5";"2019";"09:47";"1";"6";"06088";"2";"9";"1";"2";"QUAI DES ETATS UNIS";"43,6952000";"7,2731000"
"201900054851";"18";"2";"2019";"12:15";"1";"77";"77438";"1";"1";"1";"2";"A104";"48,8578400";"2,6654600"
"201900054852";"31";"5";"2019";"09:05";"1";"6";"06088";"2";"1";"1";"6";"DIABLES BLEUS (AV. DES)";"43,7083080";"7,2901330"
"201900054853";"29";"5";"2019";"12:55";"1";"6";"06088";"2";"1";"1";"3";"MADELEINE (BD DE LA)";"43,7022630";"7,2363710"
"201900054854";"18";"2";"2019";"10:45";"1";"77";"77517";"1";"1";"1";"4";"A104.EXT";"48,9057600";"2,6417100"
"201900054855";"16";"6";"2019";"11:22";"1";"6";"06083";"2";"1";"1";"6";"PARTOUNEAUX (RUE)";"43,7748310";"7,4986320"
"201900054856";"18";"2";"2019";"09:25";"1";"93";"93051";"1";"1";"1";"2";"A4";"48,8361700";"2,5509400"
"201900054857";"7";"6";"2019";"23:00";"5";"6";"06104";"2";"1";"1";"6";"MONLEON (AVENUE SYLVIO DE)";"43,7552870";"7,4829790"
"201900054858";"18";"2";"2019";"09:00";"1";"77";"77018";"1";"1";"1";"3";"A4";"48,8360200";"2,8087800"
"201900054859";"14";"6";"2019";"10:30";"1";"6";"06069";"2";"9";"1";"3";"PAOUTE (ROUTE ET TRAVERSE DE LA)";"43,6322876";"6,9595452"
"201900054860";"18";"2";"2019";"00:35";"3";"77";"77058";"1";"1";"1";"5";"A4";"48,8305930";"2,6961140"
"201900054861";"11";"6";"2019";"12:50";"1";"6";"06069";"2";"1";"1";"3";"PROVENCE (AVENUE DE)";"43,6509540";"6,9228260"
"201900054862";"8";"6";"2019";"07:30";"1";"6";"06069";"2";"9";"1";"1";"ZILLER (AVENUE PIERRE)";"43,6772200";"6,9471900"
"201900054863";"7";"6";"2019";"15:25";"1";"6";"06069";"2";"1";"1";"5";"PLAN (ROUTE DU) -D304-";"43,6432336";"6,9559819"
"201900054864";"11";"2";"2019";"14:00";"1";"42";"42071";"2";"1";"1";"4";"LIBERATION (AVENUE DE LA)";"46,0289800";"4,0841100"
"201900054865";"15";"2";"2019";"09:21";"1";"29";"29232";"2";"1";"1";"6";"REPUBLIQUE RUE DE LA";"48,0033700";" -4,0880100"
"201900054866";"18";"6";"2019";"21:45";"5";"6";"06029";"2";"3";"1";"3";"BLANC (RUE LOUIS)";"43,5531856";"7,0127002"
"201900054867";"8";"6";"2019";"16:00";"1";"6";"06029";"2";"9";"1";"2";"LORRAINE (BOULEVARD DE)";"43,5528480";"7,0279850"
"201900054868";"6";"6";"2019";"15:45";"1";"6";"06029";"2";"2";"1";"3";"CROISETTE (BOULEVARD DE LA)";"43,5459410";"7,0339160"
"201900054869";"9";"2";"2019";"21:30";"5";"14";"14715";"2";"2";"2";"2";"FERNAND MOUREAUX (BOULEVARD)";"49,3643615";"0,0827146"
"201900054870";"5";"6";"2019";"12:00";"1";"6";"06029";"2";"1";"1";"3";"DIX HUIT JUIN (PLACE DU)";"43,5539980";"7,0170570"
"201900054871";"12";"2";"2019";"07:15";"2";"6";"06123";"2";"1";"1";"6";"DE GAULLE GENERAL AVENUE";"43,6624200";"7,1940800"
"201900054872";"31";"5";"2019";"21:50";"5";"6";"06029";"2";"6";"1";"3";"ANTIBES (RUE D')";"43,5513486";"7,0295298"
"201900054873";"14";"2";"2019";"15:30";"1";"93";"93072";"2";"2";"1";"3";"MAXIME GORKI (BOULEVARD) N°72 AU 80";"48,9497800";"2,3860000"
"201900054874";"15";"6";"2019";"22:15";"5";"6";"06123";"2";"9";"1";"3";"PONANT AVENUE DU";"43,6585020";"7,1883360"
"201900054875";"15";"6";"2019";"09:35";"1";"6";"06123";"2";"1";"1";"6";"LIBERATION AVENUE DE LA";"43,6692800";"7,1893500"
"201900054876";"13";"2";"2019";"16:05";"1";"93";"93048";"2";"1";"1";"6";"CHANZY (BOULEVARD)";"48,8582400";"2,4343100"
"201900054877";"14";"6";"2019";"11:15";"1";"6";"06123";"2";"1";"1";"1";"11 NOVEMBRE AVENUE DU";"43,6764000";"7,1909000"
"201900054878";"12";"6";"2019";"08:40";"1";"6";"06123";"2";"1";"1";"6";"BORD DE MER RN 98";"43,6569100";"7,1805000"
"201900054879";"11";"6";"2019";"18:55";"1";"6";"06027";"2";"1";"1";"6";"NICE AVENUE DE (RN7)";"43,6551200";"7,1516200"
"201900054880";"12";"2";"2019";"19:45";"3";"95";"95252";"1";"1";"1";"2";"AUTOROUTE A115";"48,9849900";"2,2418600"
"201900054881";"12";"2";"2019";"19:00";"3";"95";"95219";"1";"1";"1";"2";"AUTOROUTE A115";"48,9892900";"2,2439400"
"201900054882";"11";"6";"2019";"08:00";"1";"6";"06123";"2";"1";"1";"2";"BORD DE MER RN 98";"43,6635100";"7,1982600"
"201900054883";"16";"2";"2019";"00:20";"5";"988";"98818";"1";"1";"2";"6";"VE1 SENS SUD/NORD";" -22,2496800";"166,4503500"
"201900054884";"8";"6";"2019";"02:50";"3";"6";"06027";"2";"1";"1";"1";"FRANCE ROUTE DE";"43,6608160";"7,1294760"
"201900054885";"14";"2";"2019";"06:00";"1";"988";"98818";"1";"1";"2";"6";"VE1";" -22,2499300";"166,4498700"
"201900054886";"6";"6";"2019";"09:25";"1";"6";"06027";"2";"9";"1";"6";"GARE AVENUE DE LA";"43,6615000";"7,1488800"
"201900054887";"2";"2";"2019";"17:00";"1";"987";"98736";"2";"3";"1";"3";"AFARERII (RUE)";" -17,5292100";" -149,5536300"
"201900054888";"6";"6";"2019";"10:50";"1";"6";"06027";"2";"9";"1";"3";"VAL FLEURI CHEMIN DU";"43,6655780";"7,1702280"
"201900054889";"16";"2";"2019";"15:25";"1";"976";"97611";"2";"1";"1";"2";"doujani-Carrière ( route de la )";" -12,7932200";"45,2142000"
"201900054890";"6";"6";"2019";"08:50";"1";"6";"06027";"2";"3";"1";"3";"NICE AVENUE DE (RN7)";"43,6574200";"7,1580600"
"201900054891";"16";"2";"2019";"10:50";"1";"976";"97611";"2";"1";"1";"3";"kaweni-Madrasse (rue)";" -12,7752500";"45,2219500"
"201900054892";"4";"6";"2019";"17:20";"1";"6";"06123";"2";"1";"1";"3";"DE GAULLE GENERAL AVENUE";"43,6675630";"7,1923840"
"201900054893";"15";"2";"2019";"06:38";"1";"976";"97611";"2";"1";"1";"6";"cavani-Belle vue (rue)";" -12,7863600";"45,2200700"
"201900054894";"1";"6";"2019";"06:30";"1";"6";"06123";"2";"9";"1";"1";"VESPINS ROUTE DES";"43,6600200";"7,1880300"
"201900054895";"16";"2";"2019";"18:10";"1";"974";"97416";"1";"9";"1";"7";"RN3 (ANCIENNE ROUTE)";" -21,3315600";"55,4657300"
"201900054896";"1";"6";"2019";"05:20";"5";"6";"06123";"2";"9";"1";"1";"GARE ROUTE DE LA";"43,6619300";"7,1936800"
"201900054897";"15";"2";"2019";"07:50";"1";"974";"97411";"2";"1";"1";"4";"RN2/081";" -20,8862500";"55,4938400"
"201900054898";"31";"5";"2019";"14:40";"1";"6";"06123";"2";"9";"1";"5";"LECLERC GENERAL AVENUE";"43,6740470";"7,1896900"
"201900054899";"15";"2";"2019";"19:50";"5";"974";"97409";"2";"1";"1";"3";"CRESSONNIERE (rue de la)";" -20,9689000";"55,6567800"
"201900054900";"8";"6";"2019";"08:39";"1";"6";"06004";"2";"1";"1";"6";"BORD DE MER RN.98 LA SIESTA";"43,5999000";"7,1254900"
"201900054901";"12";"6";"2019";"19:05";"1";"5";"05061";"2";"1";"1";"2";"EMBRUN ( AVENUE D')";"44,5683000";"6,0992300"
"201900054902";"14";"2";"2019";"17:50";"1";"973";"97302";"2";"1";"1";"3";"GALMOT (AVENUE)";"4,9318881";" -52,3285890"
"201900054903";"12";"6";"2019";"13:35";"1";"5";"05061";"1";"9";"1";"4";"RN 85";"44,5802700";"6,0820000"
"201900054904";"17";"2";"2019";"18:35";"2";"69";"69259";"2";"1";"1";"6";"JEAN CAGNE                          (AV)";"45,6963000";"4,8717000"
"201900054905";"8";"6";"2019";"17:45";"1";"5";"05061";"2";"1";"1";"2";"D942 A";"44,5534500";"6,0787300"
"201900054906";"17";"2";"2019";"18:55";"5";"69";"69259";"2";"2";"1";"3";"IRENE JOLIOT CURIE                  (BD)";"45,7142800";"4,8792000"
"201900054907";"16";"2";"2019";"17:40";"1";"69";"69259";"2";"1";"1";"7";"JEAN CAGNE                          (AV)";"45,6955800";"4,8727700"
"201900054908";"2";"6";"2019";"16:50";"1";"5";"05061";"2";"3";"1";"7";"JARDINS  ( RUE DES )";"44,5636700";"6,0812800"
"201900054909";"16";"2";"2019";"13:15";"1";"69";"69259";"2";"3";"1";"6";"GABRIEL FAURE                       (R )";"45,6964600";"4,8740200"
"201900054910";"30";"5";"2019";"19:05";"1";"5";"05061";"2";"9";"1";"7";"COMMANDANT DUMONT ( AVENUE)";"44,5702500";"6,0830600"
"201900054911";"16";"2";"2019";"09:20";"1";"69";"69259";"2";"1";"7";"3";"VIVIANI                             (AV)";"45,7220400";"4,8796000"
"201900054912";"29";"5";"2019";"16:10";"1";"5";"05061";"2";"3";"1";"3";"ST EXUPERY ( RUE )";"44,5527500";"6,0683300"
"201900054913";"15";"2";"2019";"17:00";"1";"69";"69383";"2";"3";"1";"6";"DAUPHINE (DU)                       (R )";"45,7537850";"4,8719300"
"201900054914";"14";"6";"2019";"07:50";"1";"5";"05023";"2";"1";"8";"1";"CHAMP DE MARS";"44,9015300";"6,6443000"
"201900054915";"15";"2";"2019";"13:55";"1";"69";"69383";"2";"2";"1";"6";"ABONDANCE (DE L')                   (R )";"45,7538500";"4,8554200"
"201900054916";"13";"6";"2019";"11:20";"1";"5";"05023";"2";"1";"7";"7";"PETSCHE (AVENUE MAURICE)";"44,8964200";"6,6342400"
"201900054917";"15";"2";"2019";"13:50";"1";"69";"69388";"2";"1";"1";"3";"FRERES LUMIERE (DES)                (AV)";"45,7436200";"4,8725300"
"201900054918";"14";"2";"2019";"09:50";"1";"69";"69259";"2";"9";"1";"6";"GEORGES LYVET                       (R )";"45,6991700";"4,8697400"
"201900054919";"7";"6";"2019";"12:40";"1";"5";"05023";"2";"1";"1";"4";"GRENOBLE (ROUTE DE)";"44,9170680";"6,6221090"
"201900054920";"15";"2";"2019";"05:10";"5";"69";"69383";"2";"2";"1";"3";"PINEL                               (BD)";"45,7512300";"4,8966500"
"201900054921";"14";"2";"2019";"19:05";"5";"69";"69388";"2";"3";"1";"3";"PUISARD (DU)                        (R )";"45,7228200";"4,8774600"
"201900054922";"28";"5";"2019";"12:00";"1";"4";"04112";"2";"1";"1";"6";"Allée Alphonse Daudet";"43,8289300";"5,7823900"
"201900054923";"14";"2";"2019";"08:30";"1";"69";"69387";"2";"2";"1";"3";"ST MICHEL                           (R )";"45,7520100";"4,8449500"
"201900054924";"7";"6";"2019";"12:50";"1";"3";"03310";"2";"3";"1";"3";"rue Sidi Brahim";"46,1210414";"3,4387681"
"201900054925";"18";"6";"2019";"15:59";"1";"3";"03185";"2";"6";"1";"3";"rue Albert Einstein";"46,3480127";"2,6022499"
"201900054926";"16";"2";"2019";"02:25";"5";"972";"97213";"2";"1";"1";"6";"ROUTE NATIONALE 1";"14,6221900";" -60,9907000"
"201900054927";"20";"2";"2019";"07:10";"1";"972";"97209";"2";"3";"1";"6";"VINCENT PLACOLY (RUE)";"14,6054300";" -61,0855800"
"201900054928";"14";"6";"2019";"20:10";"2";"3";"03185";"2";"3";"3";"3";"rue des Faucheroux";"46,3315301";"2,6046247"
"201900054929";"5";"6";"2019";"18:20";"1";"3";"03185";"2";"1";"3";"6";"quai Rouget de l'Isle";"46,3408306";"2,5934656"
"201900054930";"16";"6";"2019";"10:00";"1";"2";"02243";"1";"1";"1";"1";"MONTAGNE DE VAUXROT";"49,4072900";"3,3357100"
"201900054931";"14";"2";"2019";"19:20";"5";"972";"97209";"2";"1";"1";"5";"AUTOROUTE (A1)";"14,6164300";" -61,0430200"
"201900054932";"13";"2";"2019";"12:20";"1";"972";"97209";"2";"1";"1";"6";"CHEVALIER SAINTE-MARTHE (BOULEVARD)";"14,6064000";" -61,0675000"
"201900054933";"3";"5";"2019";"22:20";"5";"2";"02691";"2";"5";"1";"3";"VERMAND (RUE DE)";"49,8483200";"3,2774200"
"201900054934";"27";"5";"2019";"09:40";"1";"2";"02691";"2";"6";"1";"6";"MULHOUSE DE 8 A 125 (RUE DE)";"49,8509400";"3,2979600"
"201900054935";"12";"2";"2019";"17:50";"1";"972";"97209";"1";"1";"2";"3";"CHATEAUBOEUF (ROUTE DE)";"14,6165600";" -61,0492500"
"201900054936";"27";"5";"2019";"11:00";"1";"2";"02408";"2";"2";"1";"3";"HUREE (RUE DE LA)";"49,5679400";"3,6420000"
"201900054937";"17";"2";"2019";"19:20";"5";"69";"69034";"2";"9";"1";"7";"ST CLAIR (DE)                       (GR)";"45,7909000";"4,8595700"
"201900054938";"14";"6";"2019";"08:38";"1";"2";"02168";"2";"6";"2";"6";"PRAIRIE (RUE DE LA)";"49,0388640";"3,4016050"
"201900054939";"16";"2";"2019";"18:50";"5";"69";"69384";"2";"1";"1";"6";"JOSEPH GILLET                       (QU)";"45,7797300";"4,8115900"
"201900054940";"24";"5";"2019";"12:20";"1";"1";"01014";"2";"1";"1";"1";"TUILERIE ( RUE DE LA )";"46,2733379";"5,6669861"
"201900054941";"16";"2";"2019";"15:45";"1";"69";"69034";"2";"7";"7";"2";"BASCULE (DE LA)                     (PL)";"45,8028200";"4,8511200"
"201900054942";"16";"6";"2019";"07:30";"1";"1";"01053";"2";"1";"1";"1";"CURTAFRAY ( CHEMIN DE)";"46,1939320";"5,2607022"
"201900054943";"7";"6";"2019";"12:20";"1";"1";"01053";"2";"1";"1";"6";"HUGO ( BD VICTOR) PAIR";"46,2011751";"5,2290961"
"201900054944";"16";"2";"2019";"00:15";"5";"69";"69381";"2";"1";"1";"6";"ROMARIN                             (R )";"45,7684400";"4,8344300"
"201900054945";"6";"6";"2019";"05:45";"3";"1";"01053";"2";"2";"1";"3";"EUROPE ( CARREFOUR DE L  COTE MC DO)";"46,2078496";"5,2362743"
"201900054946";"15";"2";"2019";"22:14";"5";"69";"69382";"2";"1";"1";"6";"BELLECOUR                           (PL)";"45,7571800";"4,8336900"
"201900054947";"31";"5";"2019";"22:15";"3";"1";"01451";"1";"1";"1";"6";"POLLIAT (ROUTE DE ) IMPAIR";"46,2337438";"5,1946387"
"201900054948";"15";"2";"2019";"19:50";"5";"69";"69389";"2";"3";"1";"3";"CHINARD                             (R )";"45,7781000";"4,8057200"
"201900054949";"30";"5";"2019";"16:05";"1";"1";"01053";"1";"6";"1";"6";"LOUHANS (ROND POINT)";"46,2280123";"5,2289725"
"201900054950";"15";"2";"2019";"17:38";"1";"69";"69202";"2";"1";"1";"7";"LEON BLONDEAU    (R)";"45,7427700";"4,7808500"
"201900054951";"19";"6";"2019";"19:05";"1";"75";"75116";"2";"1";"1";"2";"PORTE DE PASSY";"48,8620140";"2,2643930"
"201900054952";"15";"2";"2019";"14:05";"1";"69";"69384";"2";"1";"1";"3";"EUGENE PONS                         (R )";"45,7799100";"4,8397800"
"201900054953";"19";"6";"2019";"14:15";"1";"75";"75118";"2";"1";"1";"4";"PORTE DE CLIGNANCOURT";"48,9007580";"2,3371890"
"201900054954";"15";"2";"2019";"09:40";"1";"69";"69389";"2";"6";"1";"3";"25EME REGIMENT DE TIRAILLEURS SENEGA(AV)";"45,7817300";"4,8002400"
"201900054955";"19";"6";"2019";"13:30";"1";"75";"75118";"2";"1";"1";"3";"PORTE DE CLIGNANCOURT";"48,9008950";"2,3440140"
"201900054956";"18";"6";"2019";"20:00";"1";"75";"75114";"2";"1";"1";"4";"PORTE DE CHATILLON";"48,8235200";"2,3103580"
"201900054957";"17";"6";"2019";"13:00";"1";"75";"75119";"2";"1";"1";"2";"PORTE D AUBERVILLIERS";"48,9003090";"2,3779940"
"201900054958";"14";"2";"2019";"18:45";"5";"69";"69034";"2";"1";"1";"3";"JEAN PETIT                          (CH)";"45,8020700";"4,8622400"
"201900054959";"17";"6";"2019";"08:00";"1";"75";"75112";"2";"1";"7";"4";"BOULEVARD PERIPHERIQUE";"48,8271410";"2,3910300"
"201900054960";"15";"2";"2019";"13:43";"1";"2B";"2B033";"2";"1";"1";"3";"ROUTE ROYALE";"42,6770800";"9,4346000"
"201900054961";"16";"6";"2019";"03:45";"5";"75";"75116";"2";"4";"1";"6";"PORTE DE PASSY";"48,8600730";"2,2631900"
"201900054962";"13";"2";"2019";"11:25";"1";"971";"97113";"1";"1";"1";"3";"PETIT HAVRE (SECTEUR)";"16,2177289";" -61,4305992"
"201900054963";"15";"6";"2019";"16:55";"1";"75";"75117";"2";"1";"1";"6";"BOULEVARD PERIPHERIQUE";"48,9005010";"2,3248890"
"201900054964";"15";"6";"2019";"15:35";"1";"75";"75116";"2";"4";"1";"5";"BOULEVARD PERIPHERIQUE";"48,8750410";"2,2765920"
"201900054965";"14";"2";"2019";"17:00";"1";"2A";"2A004";"2";"1";"1";"2";"CAMPIGLIA HYACINTE  RUE";"41,9276517";"8,7378859"
"201900054966";"14";"6";"2019";"19:30";"1";"75";"75119";"2";"1";"1";"6";"PORTE D AUBERVILLIERS";"48,9007300";"2,3725630"
"201900054967";"1";"2";"2019";"20:00";"3";"95";"95288";"2";"1";"2";"6";"CHARLES DE GAULLE (RUE)";"48,9847300";"2,3530500"
"201900054968";"15";"2";"2019";"21:00";"5";"95";"95218";"2";"1";"1";"1";"JACQUES DUCLOS (BOULEVARD)";"49,0184300";"2,0959500"
"201900054969";"14";"6";"2019";"14:55";"1";"75";"75113";"2";"4";"1";"4";"QUAI D IVRY";"48,8247340";"2,3844650"
"201900054970";"15";"2";"2019";"07:30";"2";"95";"95306";"2";"1";"1";"6";"OSCAR THÉVENIN(BOULEVARD)";"48,9910300";"2,1617500"
"201900054971";"14";"6";"2019";"09:27";"1";"75";"75114";"2";"4";"1";"3";"PORTE DE CHATILLON";"48,8232900";"2,3113700"
"201900054972";"14";"6";"2019";"09:10";"1";"75";"75112";"2";"1";"1";"7";"ECHANGEUR BERCY";"48,8277765";"2,3934860"
"201900054973";"12";"2";"2019";"05:05";"5";"95";"95572";"2";"6";"1";"5";"BETHUNES (AVENUE DES)";"49,0470300";"2,1363800"
"201900054974";"13";"6";"2019";"18:15";"1";"75";"75120";"2";"1";"2";"4";"PORTE DE MONTREUIL";"48,8572400";"2,4140250"
"201900054975";"12";"6";"2019";"23:30";"5";"75";"75113";"2";"4";"1";"6";"PORTE D IVRY";"48,8210700";"2,3774720"
"201900054976";"12";"6";"2019";"13:50";"1";"75";"75114";"2";"1";"2";"4";"BOULEVARD PERIPHERIQUE";"48,8194170";"2,3282910"
"201900054977";"11";"6";"2019";"16:00";"1";"75";"75119";"2";"1";"1";"3";"PORTE DES LILAS";"48,8788790";"2,4079060"
"201900054978";"11";"6";"2019";"15:00";"1";"75";"75112";"2";"4";"1";"3";"PORT DE BERCY";"48,8277150";"2,3945180"
"201900054979";"11";"6";"2019";"11:00";"1";"75";"75116";"2";"4";"1";"2";"BOULEVARD PERIPHERIQUE";"48,8776550";"2,2803440"
"201900054980";"11";"6";"2019";"08:10";"1";"75";"75114";"2";"1";"1";"6";"BOULEVARD PERIPHERIQUE";"48,8217520";"2,3179320"
"201900054981";"6";"6";"2019";"12:50";"1";"75";"75120";"2";"1";"1";"4";"BOULEVARD PERIPHERIQUE";"48,8554470";"2,4138260"
"201900054982";"9";"6";"2019";"11:00";"1";"75";"75120";"2";"4";"1";"6";"BOULEVARD PERIPHERIQUE";"48,8520770";"2,4150750"
"201900054983";"14";"2";"2019";"00:35";"5";"91";"91687";"2";"1";"1";"3";"MARMONT (AVENUE)";"48,6668000";"2,3769400"
"201900054984";"9";"6";"2019";"07:30";"1";"75";"75113";"2";"4";"1";"6";"BOULEVARD PERIPHERIQUE";"48,8259140";"2,3869130"
"201900054985";"8";"6";"2019";"19:00";"1";"75";"75120";"2";"1";"1";"7";"BOULEVARD PERIPHERIQUE";"48,8733170";"2,4120540"
"201900054986";"14";"2";"2019";"08:35";"1";"91";"91216";"2";"1";"1";"6";"CORBEIL (RUE)";"48,6719300";"2,3308100"
"201900054987";"8";"6";"2019";"19:50";"1";"75";"75117";"2";"1";"1";"3";"BOULEVARD PERIPHERIQUE";"48,8801370";"2,2818950"
"201900054988";"8";"6";"2019";"19:10";"1";"75";"75117";"2";"1";"1";"4";"PORTE DE CLICHY";"48,8964620";"2,3100570"
"201900054989";"14";"2";"2019";"21:45";"3";"91";"91421";"1";"1";"1";"7";"NATIONALE 6 (PARTIE FORET)";"48,6892800";"2,4783190"
"201900054990";"8";"6";"2019";"15:50";"1";"75";"75117";"2";"4";"1";"6";"PORTE D ASNIERES";"48,8905500";"2,2987100"