"Num_Acc";"jour";"mois";"an";"hrmn";"lum";"dep";"com";"agg";"int";"atm";"col";"adr";"lat";"long"
"201900054991";"7";"6";"2019";"11:40";"1";"75";"75117";"2";"1";"1";"2";"BOULEVARD PERIPHERIQUE";"48,8895910";"2,2974170"
"201900054992";"14";"2";"2019";"16:00";"1";"91";"91421";"2";"7";"1";"6";"EUROPE (PLACE DE L')";"48,7046300";"2,4536400"
"201900054993";"7";"6";"2019";"09:00";"1";"75";"75120";"2";"1";"1";"4";"PORTE DES LILAS";"48,8714470";"2,4132320"
"201900054994";"14";"2";"2019";"12:00";"1";"91";"91691";"2";"1";"7";"6";"CONCY(RUE)";"48,7095100";"2,4842900"
"201900054995";"7";"6";"2019";"04:40";"5";"75";"75112";"2";"4";"1";"7";"QUAI DE BERCY";"48,8283980";"2,3883380"
"201900054996";"6";"6";"2019";"16:45";"1";"75";"75116";"2";"1";"1";"4";"PORTE DAUPHINE";"48,8719930";"2,2740200"
"201900054997";"6";"6";"2019";"08:30";"1";"75";"75120";"2";"1";"1";"3";"PORTE DE BAGNOLET";"48,8617120";"2,4136970"
"201900054998";"4";"6";"2019";"09:40";"1";"75";"75118";"2";"1";"1";"2";"ECHANGEUR SAINT OUEN";"48,9007580";"2,3371890"
"201900054999";"17";"2";"2019";"15:00";"1";"91";"91326";"2";"2";"1";"6";"COUR DE FRANCE (AVENUE DE LA)";"48,6845690";"2,3752060"
"201900055000";"3";"6";"2019";"17:00";"1";"75";"75119";"2";"1";"1";"2";"PORTE D AUBERVILLIERS";"48,9003680";"2,3751870"
"201900055001";"11";"2";"2019";"19:10";"5";"91";"91228";"2";"1";"1";"6";"PASCAL (COURS BLAISE)";"48,6268100";"2,4301000"
"201900055002";"1";"6";"2019";"19:40";"1";"75";"75112";"2";"1";"1";"2";"PORTE DE CHARENTON";"48,8308070";"2,4031540"
"201900055003";"1";"6";"2019";"11:20";"1";"75";"75118";"2";"1";"1";"6";"BOULEVARD PERIPHERIQUE";"48,9010410";"2,3507640"
"201900055004";"13";"2";"2019";"17:30";"1";"91";"91223";"1";"1";"1";"3";"R.N.20";"48,4378800";"2,1637900"
"201900055005";"29";"5";"2019";"23:40";"5";"75";"75119";"2";"1";"1";"3";"BOULEVARD PERIPHERIQUE";"48,8900100";"2,3960560"
"201900055006";"29";"5";"2019";"14:00";"1";"75";"75112";"2";"1";"1";"3";"BOULEVARD PERIPHERIQUE";"48,8320220";"2,4048750"
"201900055007";"28";"5";"2019";"07:10";"1";"75";"75119";"2";"1";"1";"3";"BOULEVARD PERIPHERIQUE";"48,8849220";"2,3982760"
"201900055008";"19";"6";"2019";"13:02";"1";"75";"75104";"2";"2";"1";"3";"QUAI HENRI IV";"48,8507810";"2,3614280"
"201900055009";"17";"6";"2019";"11:20";"1";"75";"75116";"2";"1";"1";"2";"BOULEVARD PERIPHERIQUE INTERIEUR OUEST";"48,8665240";"2,2687920"
"201900055010";"15";"6";"2019";"09:16";"1";"75";"75119";"2";"3";"1";"6";"RUE DE LA CLOTURE";"48,8970160";"2,3924250"
"201900055011";"15";"2";"2019";"08:30";"1";"91";"91027";"2";"1";"1";"2";"MITTERAND (AVENUE FRANCOIS) N° 2 A 110";"48,7019500";"2,3716600"
"201900055012";"14";"6";"2019";"23:39";"5";"75";"75107";"2";"2";"1";"3";"QUAI D ORSAY";"48,8628470";"2,3134420"
"201900055013";"14";"6";"2019";"15:50";"1";"75";"75117";"2";"1";"1";"6";"AVENUE DES TERNES";"48,8781880";"2,2962460"
"201900055014";"16";"2";"2019";"19:35";"5";"91";"91021";"2";"1";"1";"4";"DIVISION LECLERC (AVENUE DE LA)";"48,5930000";"2,2460000"
"201900055015";"14";"6";"2019";"14:43";"1";"75";"75116";"2";"1";"1";"6";"AVENUE RAYMOND POINCARE";"48,8674810";"2,2859120"
"201900055016";"13";"2";"2019";"19:04";"5";"91";"91425";"2";"1";"1";"2";"NATIONALE 20 (ROUTE)";"48,6515200";"2,2725700"
"201900055017";"13";"6";"2019";"00:44";"5";"75";"75120";"2";"4";"1";"2";"BOULEVARD PERIPHERIQUE";"48,8752550";"2,4104020"
"201900055018";"13";"2";"2019";"17:20";"1";"88";"88160";"2";"6";"1";"3";"SAINT-DIE (AV. DE)";"48,1839000";"6,4672000"
"201900055019";"12";"6";"2019";"07:58";"1";"75";"75117";"2";"1";"1";"3";"PORTE D ASNIERES";"48,8926100";"2,3024620"
"201900055020";"15";"2";"2019";"13:26";"1";"87";"87085";"2";"1";"1";"6";"THUILLAT (RUE VICTOR)";"45,8428400";"1,2569300"
"201900055021";"14";"2";"2019";"16:57";"1";"87";"87085";"2";"1";"1";"6";"BAUDIN ( AVENUE) (VC)";"45,8268100";"1,2591000"
"201900055022";"10";"6";"2019";"22:27";"5";"75";"75118";"2";"2";"1";"3";"RUE DOUDEAUVILLE";"48,8884870";"2,3535570"
"201900055023";"5";"6";"2019";"22:13";"4";"75";"75114";"2";"7";"3";"6";"RUE JULIA BARTET";"48,8272000";"2,3046030"
"201900055024";"12";"2";"2019";"13:47";"1";"87";"87085";"2";"2";"1";"3";"GARIBALDI (AVENUE)";"45,8351900";"1,2605100"
"201900055025";"5";"6";"2019";"11:00";"1";"75";"75120";"2";"1";"2";"6";"RUE DES FRERES FLAVIEN";"48,8762340";"2,4123990"
"201900055026";"5";"6";"2019";"00:05";"5";"75";"75107";"2";"1";"1";"6";"RUE DE GRENELLE";"48,8558250";"2,3230200"
"201900055027";"4";"6";"2019";"19:25";"1";"75";"75108";"2";"3";"1";"3";"BOULEVARD HAUSSMANN";"48,8750170";"2,3086190"
"201900055028";"3";"6";"2019";"18:55";"1";"75";"75120";"2";"1";"1";"6";"RUE PELLEPORT";"48,8714780";"2,3986460"
"201900055029";"3";"6";"2019";"13:10";"1";"75";"75117";"2";"1";"1";"5";"ECHANGEUR MAILLOT";"48,8833290";"2,2843200"
"201900055030";"2";"6";"2019";"16:43";"1";"75";"75116";"2";"2";"1";"3";"AVENUE KLEBER";"48,8724310";"2,2940610"
"201900055031";"13";"2";"2019";"14:25";"1";"87";"87085";"2";"2";"1";"6";"BARBES (RUE ARMAND)";"45,8404600";"1,2602100"
"201900055032";"2";"6";"2019";"01:01";"5";"75";"75102";"2";"2";"1";"3";"RUE DU QUATRE SEPTEMBRE";"48,8695330";"2,3367950"
"201900055033";"9";"2";"2019";"19:30";"3";"86";"86158";"1";"2";"1";"3";"PARTHENAY (Rte de) RD 30";"46,6102500";"0,2947800"
"201900055034";"31";"5";"2019";"10:55";"1";"75";"75116";"2";"1";"1";"3";"AVENUE DE NEW YORK";"48,8628010";"2,2945040"
"201900055035";"31";"5";"2019";"01:10";"5";"75";"75118";"2";"2";"1";"6";"RUE LABAT";"48,8890380";"2,3481470"
"201900055036";"29";"5";"2019";"17:30";"1";"75";"75113";"2";"1";"8";"3";"BOULEVARD PERIPHERIQUE";"48,8235130";"2,3823940"
"201900055037";"29";"5";"2019";"16:32";"1";"75";"75115";"2";"4";"1";"6";"RUE DE LA CONVENTION";"48,8370190";"2,2971240"
"201900055038";"12";"2";"2019";"07:30";"3";"85";"85194";"2";"3";"1";"3";"AVENUE DE TALMONT ";"46,4845800";" -1,7295500"
"201900055039";"29";"5";"2019";"14:10";"1";"75";"75118";"2";"1";"1";"3";"BOULEVARD PERIPHERIQUE";"48,9003880";"2,3590750"
"201900055040";"28";"5";"2019";"23:12";"4";"75";"75115";"2";"2";"1";"6";"BOULEVARD VICTOR";"48,8361010";"2,2782580"
"201900055041";"16";"2";"2019";"05:00";"5";"83";"83137";"2";"1";"1";"1";"GASQUET (AVE JOSEPH DE 1408 A FIN";"43,1220100";"5,9735100"
"201900055042";"18";"6";"2019";"20:25";"1";"75";"75106";"2";"4";"1";"6";"BOULEVARD SAINT MICHEL";"48,8469740";"2,3406180"
"201900055043";"14";"2";"2019";"17:10";"1";"83";"83137";"2";"1";"1";"6";"DE GAULLE (CORNICHE GENERAL)";"43,1085600";"5,9534500"
"201900055044";"18";"6";"2019";"15:55";"1";"75";"75106";"2";"4";"1";"2";"BOULEVARD DU MONTPARNASSE";"48,8419660";"2,3298970"
"201900055045";"18";"6";"2019";"09:28";"1";"75";"75113";"2";"2";"1";"3";"RUE NEUVE TOLBIAC";"48,8310510";"2,3775790"
"201900055046";"14";"6";"2019";"01:30";"5";"75";"75106";"2";"3";"1";"6";"RUE DU FOUR";"48,8526620";"2,3337070"
"201900055047";"13";"6";"2019";"09:50";"1";"75";"75106";"2";"1";"1";"6";"RUE NOTRE DAME DES CHAMPS";"48,8407600";"2,3344430"
"201900055048";"11";"6";"2019";"15:39";"1";"75";"75106";"2";"1";"1";"3";"RUE DE RENNES";"48,8453100";"2,3252750"
"201900055049";"11";"6";"2019";"09:50";"1";"75";"75105";"2";"7";"1";"3";"BOULEVARD SAINT GERMAIN";"48,8499750";"2,3490300"
"201900055050";"14";"2";"2019";"15:25";"1";"82";"82121";"2";"1";"1";"3";"PARIS N2020 cedeo (AVENUE DE)";"44,0324600";"1,3742600"
"201900055051";"6";"6";"2019";"16:25";"1";"75";"75106";"2";"2";"1";"6";"RUE VAVIN";"48,8439860";"2,3306120"
"201900055052";"5";"6";"2019";"13:10";"1";"75";"75106";"2";"1";"2";"6";"RUE DU CHERCHE MIDI";"48,8492830";"2,3259450"
"201900055053";"3";"6";"2019";"14:55";"1";"75";"75106";"2";"3";"1";"6";"RUE DE SEINE";"48,8552740";"2,3367920"
"201900055054";"1";"6";"2019";"20:00";"1";"75";"75106";"2";"1";"1";"1";"RUE DE VAUGIRARD";"48,8481810";"2,3308420"
"201900055055";"14";"2";"2019";"17:00";"1";"80";"80021";"2";"1";"1";"6";"15, AV DE LA DEFENSE PASSIVE";"49,9071800";"2,3195600"
"201900055056";"31";"5";"2019";"21:15";"5";"75";"75106";"2";"4";"1";"3";"AVENUE DE L OBSERVATOIRE";"48,8401220";"2,3366310"
"201900055057";"31";"5";"2019";"02:10";"5";"75";"75106";"2";"1";"1";"6";"BOULEVARD DU MONTPARNASSE";"48,8409090";"2,3330790"
"201900055058";"19";"6";"2019";"17:05";"1";"75";"75120";"2";"7";"1";"3";"AVENUE DE LA PORTE DES LILAS";"48,8775710";"2,4079430"
"201900055059";"18";"6";"2019";"16:45";"1";"75";"75120";"2";"2";"1";"3";"RUE DE MENILMONTANT";"48,8683050";"2,3881710"
"201900055060";"16";"2";"2019";"19:50";"4";"78";"78172";"2";"1";"1";"1";"CARNOT (AVENUE) n°48";"48,9984300";"2,0936900"
"201900055061";"15";"2";"2019";"12:35";"1";"78";"78123";"2";"2";"1";"3";"CLEMENCEAU RUE GEORGES";"48,9432000";"2,0288300"
"201900055062";"17";"6";"2019";"18:02";"1";"75";"75120";"2";"3";"1";"6";"RUE D AVRON";"48,8533360";"2,4096820"
"201900055063";"16";"6";"2019";"19:35";"1";"75";"75120";"2";"2";"1";"7";"BOULEVARD DAVOUT";"48,8479190";"2,4114960"
"201900055064";"16";"6";"2019";"18:10";"1";"75";"75120";"2";"3";"1";"6";"RUE DE GUEBRIANT";"48,8733720";"2,4102390"
"201900055065";"14";"2";"2019";"08:20";"1";"77";"77123";"1";"1";"1";"4";"CD 212";"48,9763300";"2,6605800"
"201900055066";"14";"6";"2019";"17:00";"1";"75";"75120";"2";"2";"1";"3";"RUE DES PYRENEES";"48,8561950";"2,4049200"
"201900055067";"14";"6";"2019";"13:10";"1";"75";"75120";"2";"2";"1";"2";"RUE DES DOCTEURS DEJERINE";"48,8546420";"2,4120830"
"201900055068";"14";"6";"2019";"10:40";"1";"75";"75120";"2";"3";"1";"6";"RUE BELGRAND";"48,8648430";"2,4001810"
"201900055069";"15";"2";"2019";"18:06";"2";"77";"77121";"1";"1";"1";"4";"DEPARTEMENTALE 471 (ROUTE)";"48,8211000";"2,6861300"
"201900055070";"11";"6";"2019";"18:10";"1";"75";"75120";"2";"1";"2";"6";"BOULEVARD DAVOUT";"48,8637270";"2,4086570"
"201900055071";"17";"2";"2019";"14:55";"1";"77";"77210";"1";"1";"1";"3";"D605 - Route Nationale 105";"48,4104900";"2,9236500"
"201900055072";"10";"6";"2019";"08:39";"1";"75";"75120";"2";"2";"1";"6";"COURS DE VINCENNES";"48,8475480";"2,4063250"
"201900055073";"7";"6";"2019";"13:25";"1";"75";"75120";"2";"2";"1";"3";"AVENUE DU PROFESSEUR ANDRE LEMIERE";"48,8543410";"2,4153410"
"201900055074";"16";"2";"2019";"12:20";"1";"77";"77058";"1";"6";"1";"3";"D406 X D35-MARIE CURIE (AV)";"48,8331000";"2,7057000"
"201900055075";"7";"6";"2019";"00:45";"5";"75";"75112";"2";"1";"1";"2";"AVENUE DE SAINT MANDE";"48,8449240";"2,4030170"
"201900055076";"15";"2";"2019";"10:15";"1";"77";"77131";"2";"9";"7";"6";"GENERAL DE GAULLE (RUE DU)";"48,8121484";"3,0842210"
"201900055077";"6";"6";"2019";"16:15";"1";"75";"75120";"2";"2";"1";"6";"RUE BELGRAND";"48,8646830";"2,4041580"
"201900055078";"13";"2";"2019";"12:25";"1";"76";"76540";"2";"2";"1";"3";"LECLERC. RUE DU GENERAL";"49,4392163";"1,0958031"
"201900055079";"5";"6";"2019";"18:50";"1";"75";"75120";"2";"4";"3";"7";"PLACE DE LA PORTE DE MONTREUIL";"48,8545710";"2,4134140"
"201900055080";"14";"2";"2019";"18:00";"1";"76";"76351";"2";"2";"1";"3";"THIRE ET BONFAIT (AV.)";"49,5079800";"0,1540600"
"201900055081";"5";"6";"2019";"13:50";"1";"75";"75120";"2";"2";"2";"3";"BOULEVARD DAVOUT";"48,8535390";"2,4107830"
"201900055082";"13";"2";"2019";"14:00";"1";"76";"76351";"2";"3";"1";"3";"ALGER";"49,4980000";"0,0960400"
"201900055083";"2";"6";"2019";"14:30";"1";"75";"75120";"2";"1";"1";"6";"RUE DE BELLEVILLE";"48,8760530";"2,4028610"
"201900055084";"19";"6";"2019";"17:45";"1";"75";"75119";"2";"2";"1";"3";"AVENUE CORENTIN CARIOU";"48,8981780";"2,3859910"
"201900055085";"19";"6";"2019";"14:00";"1";"75";"75119";"2";"2";"1";"6";"AVENUE DE FLANDRE";"48,8883790";"2,3741560"
"201900055086";"17";"2";"2019";"15:55";"1";"74";"74012";"2";"3";"1";"6";"BLANC (RUE RENE)";"46,1932900";"6,2360900"
"201900055087";"12";"6";"2019";"14:30";"1";"75";"75119";"2";"3";"3";"3";"RUE D AUBERVILLIERS";"48,8976140";"2,3711100"
"201900055088";"16";"2";"2019";"18:25";"5";"74";"74012";"2";"2";"1";"3";"GLIERES (RUE DES)";"46,1941700";"6,2453600"
"201900055089";"15";"2";"2019";"14:35";"1";"74";"74133";"2";"1";"1";"6";"POSTE (RUE DE LA)";"46,1912900";"6,2096700"
"201900055090";"11";"6";"2019";"18:00";"1";"75";"75119";"2";"3";"2";"3";"AVENUE JEAN JAURES";"48,8872260";"2,3871650"
"201900055091";"9";"6";"2019";"19:45";"1";"75";"75119";"2";"3";"1";"3";"RUE MANIN";"48,8840220";"2,3904830"
"201900055092";"13";"2";"2019";"12:55";"1";"74";"74012";"2";"6";"1";"2";"ETREMBIERES (ROUTE D')";"46,1900700";"6,2333100"
"201900055093";"8";"6";"2019";"16:10";"1";"75";"75119";"2";"4";"1";"6";"QUAI DE LA MARNE";"48,8896460";"2,3826050"
"201900055094";"13";"2";"2019";"07:30";"1";"74";"74298";"2";"1";"1";"6";"TANINGES (ROUTE DE )";"46,1888290";"6,2650910"
"201900055095";"8";"6";"2019";"15:40";"1";"75";"75119";"2";"1";"1";"3";"AVENUE DE FLANDRE";"48,8870730";"2,3721670"
"201900055096";"12";"2";"2019";"07:05";"2";"74";"74012";"2";"1";"2";"6";"DUSSONCHET (RUE CLAUDE PHILIPPE)";"46,1869900";"6,2473600"
"201900055097";"8";"6";"2019";"10:20";"1";"75";"75119";"2";"7";"1";"6";"PLACE DU COLONEL FABIEN";"48,8780180";"2,3706910"
"201900055098";"15";"2";"2019";"19:40";"5";"72";"72181";"2";"2";"1";"3";"LIBERATION (AV DE LA) N° PAIRS 124 ET+";"48,0009000";"0,1834300"
"201900055099";"8";"6";"2019";"09:10";"1";"75";"75119";"2";"3";"1";"7";"AVENUE JEAN JAURES";"48,8871290";"2,3867820"
"201900055100";"7";"6";"2019";"19:10";"2";"75";"75119";"2";"1";"2";"2";"AVENUE JEAN JAURES";"48,8852480";"2,3798970"
"201900055101";"14";"2";"2019";"12:45";"1";"71";"71270";"2";"1";"1";"6";"RD 906 - PR 48+100 - LYON (ROUTE DE)";"46,2887400";"4,8113700"
"201900055102";"7";"6";"2019";"07:45";"1";"75";"75119";"2";"1";"8";"4";"RUE MANIN";"48,8830810";"2,3861370"
"201900055103";"7";"6";"2019";"09:01";"1";"75";"75119";"2";"1";"8";"6";"AVENUE DE FLANDRE";"48,8854190";"2,3705560"
"201900055104";"3";"6";"2019";"15:30";"1";"75";"75119";"2";"1";"1";"6";"RUE BOTZARIS";"48,8795230";"2,3885400"
"201900055105";"2";"6";"2019";"20:05";"1";"75";"75119";"2";"1";"1";"3";"AVENUE JEAN JAURES";"48,8870970";"2,3865670"
"201900055106";"2";"6";"2019";"15:40";"1";"75";"75119";"2";"2";"1";"6";"RUE MANIN";"48,8847540";"2,3922270"
"201900055107";"1";"6";"2019";"09:48";"1";"75";"75119";"2";"3";"1";"6";"QUAI DE LA MARNE";"48,8901300";"2,3835660"
"201900055108";"31";"5";"2019";"12:55";"1";"75";"75119";"2";"1";"1";"6";"RUE GASTON TESSIER";"48,8961090";"2,3746440"
"201900055109";"31";"5";"2019";"08:30";"1";"75";"75119";"2";"4";"1";"6";"RUE EMILE REYNAUD";"48,9019020";"2,3851860"
"201900055110";"29";"5";"2019";"14:30";"1";"75";"75119";"2";"1";"1";"2";"BOULEVARD PERIPHERIQUE";"48,8790320";"2,4081160"
"201900055111";"15";"6";"2019";"15:50";"1";"75";"75118";"2";"1";"1";"6";"AVENUE DE LA PORTE DE MONTMARTRE";"48,9007940";"2,3353240"
"201900055112";"14";"6";"2019";"16:15";"1";"75";"75118";"2";"1";"1";"6";"RUE GERMAIN PILON";"48,8835930";"2,3365900"
"201900055113";"17";"2";"2019";"17:50";"1";"69";"69290";"2";"1";"1";"3";"EGALITE (DE L')                     (R )";"45,6892300";"4,9467800"
"201900055114";"17";"2";"2019";"15:00";"1";"69";"69266";"2";"1";"1";"6";"CUSSET   (Pont de)";"45,7680000";"4,9050000"
"201900055115";"17";"2";"2019";"08:00";"1";"69";"69266";"2";"1";"1";"6";"NORD      (Rue du)";"45,7637900";"4,8826100"
"201900055116";"16";"2";"2019";"12:30";"1";"69";"69282";"2";"1";"1";"3";"POMMIER (DE)                        (CH)";"45,7761900";"4,9974700"
"201900055117";"12";"6";"2019";"19:35";"1";"75";"75118";"2";"2";"2";"6";"RUE MARX DORMOY";"48,8890560";"2,3598790"
"201900055118";"11";"2";"2019";"11:45";"1";"69";"69290";"2";"9";"1";"6";"COLETTE                             (R )";"45,6895600";"4,9442200"
"201900055119";"15";"2";"2019";"17:15";"1";"69";"69271";"2";"6";"1";"6";"AUGUSTE DELAGE                          ";"45,7410000";"4,9786000"
"201900055120";"15";"2";"2019";"13:25";"1";"69";"69290";"2";"1";"1";"5";"ARISTIDE BRIAND (D 518)             (R )";"45,6925600";"4,9325800"
"201900055121";"17";"2";"2019";"18:50";"2";"69";"69091";"2";"6";"1";"6";"MONTROND (DE) ( R )";"45,5880500";"4,7604200"
"201900055122";"2";"1";"2019";"12:52";"1";"49";"49007";"2";"3";"1";"3";"GUICHARD";"47,4483300";" -0,5502600"
"201900055123";"1";"1";"2019";"05:45";"5";"49";"49007";"2";"6";"1";"7";"LEROY PLACE";"47,4647700";" -0,5487700"
"201900055124";"1";"1";"2019";"08:18";"2";"45";"45075";"2";"1";"1";"6";"RUE DES TROIS FOSSES";"47,8946270";"1,8436580"
"201900055125";"3";"1";"2019";"15:30";"1";"44";"44184";"2";"1";"1";"3";"VILLE HALLUARD (RUE DE LA)";"47,2843000";" -2,2019000"
"201900055126";"2";"1";"2019";"11:40";"1";"44";"44162";"2";"1";"8";"6";"PLACE OCEANE";"47,2256200";" -1,6298600"
"201900055127";"2";"1";"2019";"16:05";"1";"42";"42187";"2";"8";"1";"3";"POLYGONE (AVENUE DU )";"46,0548400";"4,0807800"
"201900055128";"3";"1";"2019";"22:27";"5";"38";"38516";"2";"1";"1";"6";"D 590 - AVENUE DU GRESIVAUDAN";"45,2048100";"5,7472400"
"201900055129";"2";"1";"2019";"17:30";"5";"38";"38421";"2";"1";"1";"7";"RUE RABELAIS";"45,1757700";"5,7637900"
"201900055130";"2";"1";"2019";"18:25";"5";"38";"38185";"2";"1";"1";"6";"RUE DE LA LIBERTE";"45,1883500";"5,7290500"
"201900055131";"3";"1";"2019";"17:10";"1";"37";"37261";"2";"1";"1";"3";"JUIN (BOULEVARD DU MARECHAL)";"47,4128700";"0,7030200"
"201900055132";"1";"1";"2019";"07:25";"5";"35";"35238";"2";"1";"1";"6";"RUE DE ST MALO";"48,1185100";" -1,6805300"
"201900055133";"1";"1";"2019";"01:15";"3";"35";"35051";"2";"1";"1";"6";"LIN (RUE DU)";"48,1120920";" -1,6200260"
"201900055134";"5";"1";"2019";"15:35";"1";"34";"34172";"2";"1";"1";"2";"MONDIAL 98 (AVENUE DU)";"43,6040200";"3,9124100"
"201900055135";"4";"1";"2019";"13:00";"1";"34";"34172";"2";"1";"1";"7";"POMPIGNANE (AVENUE DE LA)";"43,6074800";"3,8986000"
"201900055136";"1";"1";"2019";"04:30";"5";"34";"34172";"2";"1";"1";"6";"COMTE (RUE AUGUSTE)";"43,6104900";"3,8686000"
"201900055137";"2";"1";"2019";"16:55";"1";"34";"34032";"2";"1";"1";"6";"GAY- LUSSAC LOUIS JOSEPH (RUE)";"43,3468410";"3,2578990"
"201900055138";"24";"1";"2019";"17:55";"5";"33";"33063";"2";"1";"1";"3";"112 BD MARECHAL LECLERC - Ligne 9 ou retour dépot autobus à soufflet KEOLIS ";"44,8284500";" -0,5939000"
"201900055139";"5";"1";"2019";"14:40";"1";"32";"32013";"2";"1";"1";"2";"VICTOR HUGO (RUE)";"43,6507900";"0,5769900"
"201900055140";"4";"1";"2019";"02:00";"5";"31";"31555";"2";"1";"1";"7";"108 AV FREDERIC ESTEBE";"43,6252900";"1,4371100"
"201900055141";"26";"10";"2019";"14:03";"1";"93";"93074";"2";"9";"1";"3";"BOUCHER RUE ALEXANDRE";"48,9334700";"2,5669900"
"201900055142";"3";"1";"2019";"16:30";"1";"31";"31555";"2";"1";"1";"6";"5 AV DU MIRAIL";"43,5700100";"1,3903800"
"201900055143";"26";"10";"2019";"22:10";"3";"93";"93027";"2";"1";"1";"6";"VAILLANT-COUTURIER (AVENUE PAUL)";"48,9190200";"2,4086800"
"201900055144";"3";"1";"2019";"13:50";"1";"31";"31555";"2";"1";"1";"1";"RUE DANIEL FAUCHER";"43,5729500";"1,4011000"
"201900055145";"26";"10";"2019";"10:22";"1";"93";"93013";"2";"1";"1";"6";"JAURES (AVENUE JEAN) DE 28 A 62";"48,9328200";"2,4249500"
"201900055146";"4";"1";"2019";"23:06";"5";"30";"30189";"2";"9";"1";"2";"ALLENDE SALVADOR (RUE)";"43,8434900";"4,3920900"
"201900055147";"26";"10";"2019";"12:25";"1";"93";"93010";"2";"9";"1";"3";"GALLIENI (AV.) DE 2 A 96";"48,9047620";"2,4747390"
"201900055148";"26";"10";"2019";"02:30";"5";"93";"93055";"2";"6";"1";"3";"NOISY LE SEC (ROUTE DE)";"48,8955200";"2,4259800"
"201900055149";"26";"10";"2019";"14:00";"1";"93";"93007";"2";"3";"1";"3";"""DESCARTES (AVENUE """"DU 1 AU 41"""")  Z1""";"48,9504900";"2,4437000"
"201900055150";"25";"10";"2019";"08:10";"1";"92";"92046";"2";"6";"1";"6";"DE STALINGRAD/ youri GAGARINE (rond point)";"48,8121118";"2,2933968"
"201900055151";"5";"1";"2019";"19:05";"5";"27";"27229";"2";"1";"1";"4";"QUATORZE JUILLET (BOULEVARD)";"49,0106800";"1,1675700"
"201900055152";"26";"10";"2019";"16:50";"1";"92";"92022";"2";"1";"1";"6";"PAVE DES GARDES (RUE DU)";"48,8074234";"2,1880811"
"201900055153";"5";"1";"2019";"11:00";"1";"27";"27229";"2";"1";"1";"6";"JOSEPHINE (RUE)";"49,0236300";"1,1433300"
"201900055154";"26";"10";"2019";"20:40";"5";"92";"92062";"2";"1";"1";"3";"PDT WILSON (Avenue)";"48,8852000";"2,2248900"
"201900055155";"2";"1";"2019";"18:35";"2";"26";"26058";"2";"6";"1";"3";"LYON AVENUE DE";"44,9485300";"4,8927900"
"201900055156";"26";"10";"2019";"19:20";"5";"92";"92044";"2";"1";"1";"6";"BINEAU (BOULEVARD)";"48,8866649";"2,2835643"
"201900055157";"26";"10";"2019";"17:45";"1";"92";"92044";"2";"1";"1";"7";"ANATOLE.FRANCE(RUE) 141+ ET 126 +";"48,8962464";"2,2812877"
"201900055158";"26";"10";"2019";"10:16";"1";"92";"92012";"2";"1";"1";"6";"GENERAL LECLERC (AVENUE DU) 1/33 - 2/58";"48,8333299";"2,2425120"
"201900055159";"4";"1";"2019";"05:25";"5";"17";"17300";"2";"6";"1";"3";"ROMPSAY   AVENUE DE";"46,1616000";" -1,1399200"
"201900055160";"26";"10";"2019";"21:40";"4";"92";"92004";"2";"4";"1";"3";"MAURICE BOKANOWSKI";"48,9071050";"2,2858134"
"201900055161";"2";"1";"2019";"20:00";"5";"17";"17300";"2";"3";"1";"3";"VERDUN   PLACE DE";"46,1630800";" -1,1543200"
"201900055162";"26";"10";"2019";"12:50";"1";"51";"51295";"1";"1";"1";"7";"RD 14";"48,6866684";"4,4958196"
"201900055163";"3";"1";"2019";"13:08";"1";"13";"13039";"1";"1";"1";"2";"FOSSETTE (Rond-point de la)";"43,4876300";"4,8846300"
"201900055164";"26";"10";"2019";"18:10";"1";"1";"01333";"2";"3";"1";"1";"Rue du Mont Blanc";"45,9261780";"4,9552110"
"201900055165";"5";"1";"2019";"12:40";"1";"13";"13204";"2";"1";"1";"6";"CHAVE (BOULEVARD)";"43,2955370";"5,3960390"
"201900055166";"27";"10";"2019";"10:15";"1";"74";"74034";"1";"1";"1";"3";"D332";"46,2547360";"6,6305020"
"201900055167";"5";"1";"2019";"04:35";"5";"13";"13205";"2";"2";"1";"3";"ROGER BRUN (RUE)";"43,2857281";"5,3927095"
"201900055168";"4";"1";"2019";"14:00";"1";"13";"13203";"2";"1";"1";"3";"GÉNÉRAL LECLERC (RUE)";"43,3045010";"5,3762870"
"201900055169";"4";"1";"2019";"01:26";"5";"13";"13205";"2";"7";"1";"2";"JEAN MOULIN (BOULEVARD)";"43,2903900";"5,4000500"
"201900055170";"3";"1";"2019";"16:00";"1";"13";"13213";"2";"1";"1";"7";"COROT (AVENUE)";"43,3188000";"5,3730700"
"201900055171";"3";"1";"2019";"12:20";"1";"13";"13002";"1";"1";"1";"6";"QUATRE SAISONS (ROUTE DES)";"43,3129000";"5,4993600"
"201900055172";"2";"1";"2019";"23:45";"5";"13";"13204";"2";"1";"1";"3";"ALEX. FLEMING (BOULEVARD)";"43,3177800";"5,3742800"
"201900055173";"2";"1";"2019";"18:00";"2";"13";"13209";"2";"1";"1";"3";"MORGIOU (chemin de )";"43,2251000";"5,4036100"
"201900055174";"2";"1";"2019";"18:15";"5";"13";"13209";"2";"1";"1";"4";"AUGUSTIN AUBERT (RUE)";"43,2663680";"5,4030470"
"201900055175";"26";"10";"2019";"16:25";"1";"81";"81109";"1";"2";"1";"1";"D59";"43,6468311";"2,1384421"
"201900055176";"2";"1";"2019";"16:30";"1";"13";"13202";"2";"2";"1";"3";"RUFFI (RUE DE)";"43,3149300";"5,3694400"
"201900055177";"25";"10";"2019";"16:30";"1";"81";"81003";"1";"1";"1";"6";"D999";"43,8880530";"2,4417600"
"201900055178";"2";"1";"2019";"16:25";"1";"13";"13212";"2";"9";"1";"3";"MONTOLIVET (AVENUE DE)";"43,3144130";"5,4138910"
"201900055179";"27";"10";"2019";"17:25";"1";"974";"97405";"2";"1";"1";"3";"RN2";" -21,3680480";"55,5620340"
"201900055180";"1";"1";"2019";"04:46";"5";"13";"13214";"2";"2";"1";"3";"xxxxx";"43,3149100";"5,3878500"