"Num_Acc";"jour";"mois";"an";"hrmn";"lum";"dep";"com";"agg";"int";"atm";"col";"adr";"lat";"long"
"201900055181";"27";"10";"2019";"13:40";"1";"974";"97405";"1";"1";"1";"1";"RN2";" -21,3653800";"55,5450560"
"201900055182";"1";"1";"2019";"14:50";"1";"13";"13201";"2";"1";"1";"6";"COLBERT (RUE)    IMPAIRS";"43,3000100";"5,3795100"
"201900055183";"26";"10";"2019";"23:10";"3";"972";"97204";"1";"1";"2";"5";"Avenue du General de Gaulle";"14,6938820";" -61,1637450"
"201900055184";"1";"1";"2019";"08:05";"2";"13";"13075";"2";"1";"1";"6";"FREDERIC MISTRAL (AVE)";"43,3497000";"5,4700000"
"201900055185";"27";"10";"2019";"09:15";"1";"83";"83019";"2";"6";"1";"3";"Avenue Lou Mistraou";"43,1425830";"6,3368530"
"201900055186";"27";"10";"2019";"01:10";"3";"44";"44197";"1";"1";"2";"7";"D1";"47,7442850";" -1,5951030"
"201900055187";"27";"10";"2019";"14:30";"1";"62";"62060";"2";"2";"1";"3";"3 Rue de Noeux";"50,2329950";"2,1205760"
"201900055188";"2";"1";"2019";"16:15";"1";"12";"12202";"1";"3";"1";"3";"MOYRAZES (ROUTE DE)";"44,3511600";"2,5556400"
"201900055189";"27";"10";"2019";"14:55";"1";"62";"62649";"1";"1";"1";"6";"Route d'Henu";"50,1546110";"2,5061010"
"201900055190";"5";"1";"2019";"13:38";"1";"10";"10362";"2";"2";"1";"3";"GENERAL LECLERC (RUE DU)";"48,2920000";"4,0392000"
"201900055191";"27";"10";"2019";"03:44";"3";"30";"30034";"1";"1";"1";"1";"D6113";"43,7596360";"4,4902360"
"201900055192";"4";"1";"2019";"18:45";"5";"10";"10387";"2";"2";"1";"6";"REPUBLIQUE (RUE DE LA )";"48,2991600";"4,0731100"
"201900055193";"27";"10";"2019";"13:15";"1";"51";"51267";"1";"2";"2";"6";"RD 27";"49,2525642";"3,8704499"
"201900055194";"26";"10";"2019";"15:00";"1";"51";"51069";"1";"1";"1";"3";"RD 980";"49,1947885";"3,8630644"
"201900055195";"26";"10";"2019";"22:20";"3";"77";"77311";"1";"1";"1";"6";"D201";"48,4712100";"3,0529100"
"201900055196";"26";"10";"2019";"19:50";"3";"80";"80352";"1";"1";"1";"2";"D920";"49,7585180";"2,0824290"
"201900055197";"2";"1";"2019";"11:59";"1";"10";"10387";"2";"2";"1";"3";"VOULDY (CHAUSSEE DU)";"48,2947000";"4,0824000"
"201900055198";"26";"10";"2019";"17:30";"1";"82";"82125";"2";"3";"1";"6";"14 Faubourg Launet";"43,9569290";"1,2354680"
"201900055199";"1";"1";"2019";"14:55";"1";"10";"10387";"2";"6";"2";"7";"VOULDY (CHAUSSEE DU)";"48,2906900";"4,0877900"
"201900055200";"26";"10";"2019";"15:15";"1";"65";"65185";"1";"1";"1";"3";"D69";"43,2733090";" -0,1155070"
"201900055201";"3";"1";"2019";"12:35";"1";"9";"09225";"2";"1";"1";"6";"IRENEE CROS AVENUE";"43,1109200";"1,6132900"
"201900055202";"25";"10";"2019";"16:20";"1";"33";"33480";"1";"1";"1";"6";"D 122";"44,8448000";" -0,1818200"
"201900055203";"23";"10";"2019";"08:50";"1";"33";"33086";"1";"1";"2";"6";"Cabireau Rte de Pourcaud";"44,7872060";" -0,2971230"
"201900055204";"27";"10";"2019";"10:25";"1";"69";"69006";"2";"3";"1";"6";"1 Rue Saint Roch";"45,9733900";"4,3338600"
"201900055205";"27";"10";"2019";"20:00";"5";"71";"71092";"2";"1";"8";"1";"Route de Montpont-en-bresse";"46,5926250";"5,1910100"
"201900055206";"1";"1";"2019";"15:00";"1";"9";"09225";"1";"1";"5";"1";"ROUTE NATIONALE 20";"43,1378420";"1,6129320"
"201900055207";"5";"1";"2019";"21:04";"5";"6";"06088";"2";"7";"1";"3";"DUNANT (AV. HENRI)";"43,7202600";"7,2626900"
"201900055208";"26";"10";"2019";"17:50";"1";"63";"63223";"1";"1";"1";"7";"Pont de Menat";"46,1002950";"2,9273860"
"201900055209";"5";"1";"2019";"05:45";"5";"6";"06088";"2";"1";"1";"2";"ANGLAIS PLAGE (DU 265 AU 350)";"43,6774500";"7,2290100"
"201900055210";"26";"10";"2019";"20:00";"3";"12";"12025";"1";"1";"1";"6";"D32";"43,8550890";"2,7468520"
"201900055211";"3";"1";"2019";"14:20";"1";"6";"06088";"2";"1";"1";"3";"VERDUN (AV. DE)";"43,6968020";"7,2686510"
"201900055212";"27";"10";"2019";"14:45";"1";"42";"42287";"1";"1";"1";"6";"D503";"45,2585830";"4,4702770"
"201900055213";"3";"1";"2019";"10:45";"1";"6";"06088";"2";"1";"1";"6";"SAINTE-MARGUERITE (PL.)";"43,6790800";"7,2106000"
"201900055214";"23";"10";"2019";"07:50";"2";"41";"41049";"1";"1";"2";"5";"193 Rue de Selles";"47,3387380";"1,4827440"
"201900055215";"3";"1";"2019";"08:40";"1";"6";"06069";"2";"9";"1";"3";"MISTRAL (AVENUE ET PLACE FREDERIC)";"43,6460000";"6,9166000"
"201900055216";"26";"10";"2019";"17:10";"1";"29";"29272";"1";"3";"3";"1";"Kerudoc H";"47,9696815";" -3,9571349"
"201900055217";"5";"1";"2019";"10:45";"1";"6";"06029";"2";"1";"1";"6";"TONNER (AVENUE FRANCIS)";"43,5496900";"6,9733800"
"201900055218";"27";"10";"2019";"12:15";"1";"31";"31552";"1";"1";"1";"6";"Moussou";"43,2474869";"0,9604797"
"201900055219";"4";"1";"2019";"18:15";"2";"6";"06029";"2";"1";"1";"1";"PICAUD (AVENUE DR) BOCCA";"43,5505300";"6,9939100"
"201900055220";"27";"10";"2019";"00:30";"3";"1";"01338";"1";"1";"5";"7";"route du village";"45,7111465";"5,5630115"
"201900055221";"26";"10";"2019";"19:30";"3";"70";"70084";"1";"1";"1";"7";"D15";"47,3510330";"5,9627690"
"201900055222";"4";"1";"2019";"10:30";"1";"6";"06029";"2";"1";"1";"6";"ALSACE ( BOULEVARD D')";"43,5541020";"7,0235560"
"201900055223";"26";"10";"2019";"13:40";"1";"66";"66204";"2";"2";"1";"3";"Place de l'Oratory";"42,5795590";"2,4266170"
"201900055224";"2";"1";"2019";"17:15";"2";"6";"06029";"2";"3";"1";"1";"TONNER (AVENUE FRANCIS)";"43,5492100";"6,9851100"
"201900055225";"3";"1";"2019";"12:00";"1";"6";"06027";"2";"1";"1";"6";"ST PIERRE PLACE";"43,6573900";"7,1638900"
"201900055226";"26";"10";"2019";"15:05";"1";"9";"09265";"2";"2";"1";"3";"Avenue des Pyrénées";"43,0991200";"1,6242960"
"201900055227";"3";"1";"2019";"15:15";"1";"6";"06004";"2";"4";"1";"3";"ROSTAGNE AV.DE LA";"43,5717400";"7,1188300"
"201900055228";"25";"10";"2019";"17:15";"1";"60";"60503";"1";"2";"1";"3";"D152";"49,5849860";"2,5818829"
"201900055229";"2";"1";"2019";"01:00";"5";"6";"06004";"2";"1";"1";"6";"D. 35 BIS";"43,6017120";"7,0838196"
"201900055230";"1";"1";"2019";"00:30";"5";"2";"02738";"2";"1";"9";"6";"ROOSEVELT (BOULEVARD";"49,6576430";"3,2998070"
"201900055231";"27";"10";"2019";"05:05";"3";"10";"10416";"1";"4";"1";"7";"D25";"48,1957650";"4,0758520"
"201900055232";"27";"10";"2019";"02:10";"3";"7";"07078";"1";"6";"1";"6";"Rue de la République";"45,2559620";"4,7188760"
"201900055233";"3";"1";"2019";"15:20";"1";"1";"01451";"1";"3";"1";"5";"STRASBOURG (ROUTE DE)";"46,2412019";"5,2668505"
"201900055234";"1";"1";"2019";"20:30";"5";"1";"01053";"2";"9";"2";"7";"AVENUE AMEDEE MERCIER";"46,1990700";"5,2571300"
"201900055235";"4";"1";"2019";"19:20";"5";"75";"75113";"2";"1";"1";"6";"PORTE D IVRY";"48,8198740";"2,3743350"
"201900055236";"26";"10";"2019";"19:00";"2";"40";"40102";"1";"3";"1";"3";"1518 Route d'Eauze";"43,9699280";"0,0057610"
"201900055237";"4";"1";"2019";"18:00";"2";"75";"75115";"2";"1";"1";"5";"PORTE DE SEVRES";"48,8323730";"2,2805420"
"201900055238";"26";"10";"2019";"19:15";"3";"27";"27198";"1";"1";"1";"7";"Lieu Dit la Frileuse";"48,8451540";"1,0383390"
"201900055239";"20";"10";"2019";"01:10";"3";"27";"27181";"1";"1";"2";"6";"C14";"48,7959180";"1,2575090"
"201900055240";"4";"1";"2019";"00:20";"5";"75";"75109";"2";"2";"1";"3";"RUE LA FAYETTE";"48,8750700";"2,3409830"
"201900055241";"26";"10";"2019";"21:00";"3";"8";"08491";"1";"1";"1";"6";"D334";"49,7231710";"4,8531740"
"201900055242";"2";"1";"2019";"17:30";"5";"75";"75105";"2";"2";"1";"3";"QUAI DES GRANDS AUGUSTINS";"48,8537810";"2,3443210"
"201900055243";"25";"10";"2019";"17:15";"1";"88";"88299";"1";"3";"1";"3";"D166";"48,3077390";"5,9820730"
"201900055244";"29";"9";"2019";"16:00";"1";"24";"24226";"2";"3";"2";"3";"cd936- rue de la tour";"44,8517520";"0,0299280"
"201900055245";"2";"1";"2019";"18:05";"5";"75";"75106";"2";"2";"1";"6";"BOULEVARD RASPAIL";"48,8481340";"2,3279360"
"201900055246";"26";"10";"2019";"17:45";"1";"31";"31296";"1";"1";"1";"6";"A64";"43,1203850";"0,8955810"
"201900055247";"5";"1";"2019";"09:05";"1";"75";"75120";"2";"2";"1";"7";"RUE DES COURONNES";"48,8696550";"2,3821760"
"201900055248";"30";"9";"2019";"15:55";"1";"974";"97415";"2";"2";"1";"3";"20 Rue Jean Bernard Rousseau";" -21,0041490";"55,2786580"
"201900055249";"5";"1";"2019";"08:50";"1";"75";"75120";"2";"3";"8";"3";"AVENUE GAMBETTA";"48,8637970";"2,3910920"
"201900055250";"27";"10";"2019";"12:40";"1";"38";"38433";"1";"1";"1";"6";"Route des 4 Montagnes";"45,1660300";"5,6247300"
"201900055251";"3";"1";"2019";"19:43";"5";"75";"75120";"2";"2";"1";"6";"RUE LOUIS LUMIERE";"48,8626650";"2,4109820"
"201900055252";"27";"10";"2019";"00:40";"3";"51";"51636";"1";"1";"1";"7";"A4";"49,1379661";"4,2177984"
"201900055253";"1";"1";"2019";"21:00";"5";"75";"75120";"2";"3";"2";"3";"RUE DE MENILMONTANT";"48,8691120";"2,3914480"
"201900055254";"27";"10";"2019";"04:00";"5";"69";"69043";"1";"6";"1";"5";"Route de Brignais";"45,6987500";"4,7664600"
"201900055255";"1";"1";"2019";"02:40";"5";"75";"75120";"2";"7";"2";"6";"PLACE DE LA PORTE DE BAGNOLET";"48,8645440";"2,4090060"
"201900055256";"13";"8";"2019";"19:00";"3";"987";"98729";"2";"1";"1";"6";"Pk 2+5 - Teavaro - RT91";" -17,5331890";" -149,8386110"
"201900055257";"27";"10";"2019";"10:15";"1";"988";"98803";"1";"1";"1";"6";"R.T.3";" -21,5176500";"165,4732800"
"201900055258";"4";"1";"2019";"09:30";"1";"75";"75119";"2";"2";"1";"3";"RUE DE BELLEVILLE";"48,8752490";"2,3952570"
"201900055259";"26";"10";"2019";"23:20";"3";"37";"37079";"1";"1";"1";"6";"La Hardonnerie";"47,3182250";"1,0263770"
"201900055260";"26";"10";"2019";"23:04";"3";"91";"91630";"1";"1";"1";"6";"D132";"48,5811570";"2,0912700"
"201900055261";"27";"10";"2019";"10:35";"1";"78";"78478";"1";"1";"2";"1";"Rue Douaville";"48,4709400";"1,8657170"
"201900055262";"2";"1";"2019";"20:50";"5";"75";"75119";"2";"1";"1";"6";"RUE GASTON TESSIER";"48,8963010";"2,3756030"
"201900055263";"27";"10";"2019";"06:45";"1";"67";"67130";"2";"1";"1";"6";"19 Route du Rhin";"48,4139380";"7,6675610"
"201900055264";"1";"1";"2019";"20:05";"3";"75";"75119";"2";"2";"2";"6";"AVENUE DE FLANDRE";"48,8930380";"2,3800640"
"201900055265";"26";"10";"2019";"19:50";"5";"57";"57474";"2";"2";"1";"1";"Rue de Metz";"49,2655940";"6,1700830"
"201900055266";"1";"1";"2019";"14:50";"1";"75";"75119";"2";"2";"1";"3";"AVENUE DE LA PORTE CHAUMONT";"48,8862390";"2,3967340"
"201900055267";"26";"10";"2019";"17:40";"1";"74";"74063";"1";"1";"1";"7";"D22";"46,2544718";"6,8457172"
"201900055268";"1";"1";"2019";"06:00";"5";"75";"75119";"2";"7";"1";"2";"PLACE AUGUSTE BARON";"48,9009430";"2,3882240"
"201900055269";"27";"10";"2019";"19:00";"5";"74";"74220";"2";"1";"1";"6";"Route de la Roche-sur-foron";"46,1157600";"6,2725010"
"201900055270";"4";"1";"2019";"07:50";"2";"75";"75118";"2";"1";"1";"7";"BOULEVARD BARBES";"48,8910490";"2,3496120"
"201900055271";"26";"10";"2019";"23:50";"3";"38";"38344";"1";"1";"1";"6";"Route du Gue d'Agnin";"45,3594650";"4,8330680"
"201900055272";"1";"1";"2019";"19:00";"3";"75";"75118";"2";"2";"1";"6";"RUE DU MONT CENIS";"48,8943330";"2,3453740"
"201900055273";"5";"1";"2019";"12:00";"1";"75";"75117";"2";"2";"1";"3";"RUE JOUFFROY D ABBANS";"48,8859700";"2,3095600"
"201900055274";"4";"1";"2019";"19:20";"5";"75";"75117";"2";"7";"1";"6";"AVENUE GOURGAUD";"48,8853780";"2,2972710"
"201900055275";"2";"1";"2019";"16:40";"1";"75";"75117";"2";"2";"1";"6";"AVENUE DE WAGRAM";"48,8809820";"2,3003040"
"201900055276";"4";"1";"2019";"18:30";"5";"75";"75116";"2";"2";"1";"6";"RUE CHARDON LAGACHE";"48,8431000";"2,2648520"
"201900055277";"27";"10";"2019";"13:15";"1";"38";"38059";"2";"3";"1";"3";"Route de Grenoble";"45,1310800";"5,7766500"
"201900055278";"26";"10";"2019";"17:10";"1";"69";"69059";"1";"1";"1";"3";"Route de Lyon";"45,8472060";"4,7190150"
"201900055279";"27";"10";"2019";"08:20";"1";"46";"46102";"1";"1";"1";"1";"Avenue de Rodez";"44,6070350";"2,0449590"
"201900055280";"23";"10";"2019";"17:00";"1";"19";"19038";"1";"1";"1";"3";"RD 1089";"45,2233490";"1,7038780"
"201900055281";"26";"10";"2019";"18:00";"1";"33";"33243";"2";"3";"1";"1";"1 Rue Abbé Lewden";"44,9137890";" -0,2302370"
"201900055282";"25";"10";"2019";"18:00";"2";"27";"27335";"1";"1";"1";"6";"D836";"49,1449640";"1,1974910"
"201900055283";"3";"1";"2019";"23:10";"5";"75";"75116";"2";"2";"1";"3";"AVENUE THEOPHILE GAUTIER";"48,8482590";"2,2699380"
"201900055284";"26";"10";"2019";"16:15";"1";"27";"27684";"1";"1";"1";"3";"Rue de l'Aqueduc";"49,0106420";"1,1929640"
"201900055285";"2";"1";"2019";"00:05";"5";"75";"75108";"2";"7";"1";"6";"PLACE CHARLES DE GAULLE";"48,8735290";"2,2958460"
"201900055286";"27";"10";"2019";"04:40";"3";"60";"60628";"1";"1";"3";"2";"ROUTE NATIONALE 31";"49,4170548";"2,1723097"
"201900055287";"1";"1";"2019";"01:50";"5";"75";"75116";"2";"2";"2";"6";"AVENUE HENRI MARTIN";"48,8639600";"2,2773820"
"201900055288";"26";"10";"2019";"21:34";"3";"80";"80467";"1";"1";"1";"6";"D1017";"49,6756260";"2,7677570"
"201900055289";"4";"1";"2019";"12:30";"1";"75";"75115";"2";"2";"1";"3";"RUE DE VAUGIRARD";"48,8383090";"2,2984510"
"201900055290";"3";"1";"2019";"20:25";"5";"75";"75115";"2";"1";"1";"7";"RUE ALPHONSE BERTILLON";"48,8348720";"2,3112870"
"201900055291";"2";"1";"2019";"13:51";"1";"75";"75115";"2";"2";"1";"3";"BOULEVARD GENERAL MARTIAL VALIN";"48,8370570";"2,2744540"
"201900055292";"25";"10";"2019";"23:45";"3";"59";"59216";"2";"1";"1";"7";"Rue de Thun l'Eveque";"50,2204650";"3,2685370"
"201900055293";"1";"1";"2019";"22:40";"5";"75";"75115";"2";"3";"1";"2";"QUAI DE GRENELLE";"48,8528930";"2,2865380"
"201900055294";"4";"1";"2019";"19:50";"5";"75";"75114";"2";"3";"1";"6";"RUE RAYMOND LOSSERAND";"48,8337010";"2,3176550"
"201900055295";"4";"10";"2019";"13:10";"1";"69";"69029";"1";"1";"1";"2";"RD383   7.640 A 11.044";"45,7235200";"4,8906900"
"201900055296";"4";"1";"2019";"08:20";"1";"75";"75114";"2";"2";"1";"6";"AVENUE GEORGES LAFENESTRE";"48,8251250";"2,3111990"
"201900055297";"3";"1";"2019";"13:35";"1";"75";"75114";"2";"3";"1";"3";"RUE DAREAU";"48,8314320";"2,3380120"
"201900055298";"26";"10";"2019";"06:55";"2";"33";"33167";"1";"1";"1";"3";"ROUTE NATIONALE 230";"44,8204200";" -0,5192000"
"201900055299";"5";"1";"2019";"21:15";"5";"75";"75113";"2";"3";"1";"6";"RUE DE LA GLACIERE";"48,8282880";"2,3425910"
"201900055300";"5";"1";"2019";"12:55";"1";"75";"75112";"2";"1";"1";"3";"RUE DE REUILLY";"48,8491620";"2,3853720"
"201900055301";"4";"1";"2019";"20:40";"5";"75";"75111";"2";"1";"1";"6";"RUE DU FAUBOURG SAINT ANTOINE";"48,8505050";"2,3797380"
"201900055302";"26";"10";"2019";"15:00";"1";"91";"91689";"1";"1";"1";"4";"AUTOROUTE A6";"48,7292900";"2,3144800"
"201900055303";"23";"9";"2019";"14:55";"1";"6";"06069";"2";"1";"1";"6";"CHENES (CHEMIN DES)";"43,6408510";"6,9111790"
"201900055304";"4";"1";"2019";"21:30";"5";"75";"75111";"2";"1";"1";"3";"AVENUE PHILIPPE AUGUSTE";"48,8502650";"2,3947430"
"201900055305";"26";"10";"2019";"16:00";"1";"91";"91549";"1";"1";"1";"2";"RN 104";"48,6257800";"2,3387700"
"201900055306";"4";"1";"2019";"17:30";"5";"75";"75111";"2";"2";"1";"2";"BOULEVARD RICHARD LENOIR";"48,8580080";"2,3716340"
"201900055307";"4";"1";"2019";"10:50";"1";"75";"75103";"2";"3";"8";"3";"BOULEVARD DES FILLES DU CALVAIRE";"48,8609520";"2,3672640"
"201900055308";"21";"9";"2019";"16:00";"1";"6";"06123";"2";"3";"1";"6";"VESPINS ROUTE DES";"43,6600420";"7,1835380"
"201900055309";"1";"1";"2019";"22:15";"5";"75";"75111";"2";"2";"1";"6";"RUE DE CHARONNE";"48,8535780";"2,3804190"
"201900055310";"4";"1";"2019";"10:00";"1";"75";"75103";"2";"2";"1";"6";"BOULEVARD SAINT DENIS";"48,8693170";"2,3542980"
"201900055311";"3";"1";"2019";"20:25";"3";"75";"75110";"2";"1";"1";"6";"PLACE DE LA REPUBLIQUE";"48,8681370";"2,3637210"
"201900055312";"5";"1";"2019";"02:10";"5";"75";"75108";"2";"2";"1";"3";"PONT DES INVALIDES";"48,8646180";"2,3103220"
"201900055313";"26";"10";"2019";"12:50";"1";"92";"92025";"1";"1";"1";"6";"A86";"48,9258744";"2,2342563"
"201900055314";"3";"1";"2019";"18:15";"5";"75";"75108";"2";"1";"1";"2";"AVENUE DES CHAMPS ELYSEES";"48,8683900";"2,3119680"
"201900055315";"21";"9";"2019";"07:30";"1";"6";"06123";"2";"3";"1";"3";"VESPINS ROUTE DES";"43,6600000";"7,1882000"
"201900055316";"25";"10";"2019";"15:20";"1";"93";"93006";"1";"1";"1";"2";"AUTOROUTE A3";"48,8665900";"2,4244500"
"201900055317";"1";"1";"2019";"18:30";"5";"75";"75108";"2";"4";"2";"6";"AVENUE DE FRIEDLAND";"48,8742330";"2,2995400"
"201900055318";"24";"10";"2019";"19:45";"3";"93";"93006";"1";"1";"1";"5";"AUTOROUTE A3";"48,8654200";"2,4197500"
"201900055319";"3";"1";"2019";"16:15";"1";"75";"75104";"2";"3";"1";"7";"RUE SAINT ANTOINE";"48,8547630";"2,3624190"
"201900055320";"2";"1";"2019";"13:55";"1";"75";"75103";"2";"1";"8";"6";"RUE DES QUATRE FILS";"48,8608530";"2,3589280"
"201900055321";"2";"1";"2019";"17:20";"5";"75";"75101";"2";"2";"1";"6";"RUE DE MONTPENSIER";"48,8638560";"2,3359010"
"201900055322";"24";"10";"2019";"20:15";"5";"93";"93008";"1";"1";"1";"3";"AUTOROUTE A86";"48,9128600";"2,4359500"
"201900055323";"23";"9";"2019";"13:40";"1";"1";"01053";"2";"1";"1";"6";"ALAGNIER ( RUE DE L')";"46,1950000";"5,2735200"
"201900055324";"23";"9";"2019";"08:00";"2";"75";"75114";"2";"4";"1";"6";"BD PERIPHERIQUE INTERIEUR";"48,8220884";"2,3165864"
"201900055325";"22";"9";"2019";"12:20";"1";"75";"75117";"2";"1";"1";"2";"BD PERIPHERIQUE INTERIEUR";"48,8989860";"2,3172920"
"201900055326";"23";"9";"2019";"11:07";"1";"75";"75110";"2";"2";"1";"3";"RUE LOUIS BLANC";"48,8811050";"2,3651790"
"201900055327";"23";"9";"2019";"12:30";"1";"75";"75106";"2";"4";"1";"2";"BOULEVARD RASPAIL";"48,8438130";"2,3291610"
"201900055328";"4";"1";"2019";"19:35";"1";"94";"94078";"2";"9";"1";"6";"HENRI LEDUC (R)";"48,7317442";"2,4478866"
"201900055329";"26";"10";"2019";"15:30";"1";"77";"77514";"1";"1";"1";"6";"A104";"48,9354989";"2,6281022"
"201900055330";"26";"10";"2019";"10:15";"1";"77";"77468";"1";"1";"1";"6";"A104";"48,8534350";"2,6628413"
"201900055331";"26";"10";"2019";"00:30";"3";"94";"94018";"1";"1";"1";"2";"A4";"48,8178140";"2,4132640"
"201900055332";"24";"10";"2019";"19:05";"5";"69";"69264";"2";"1";"1";"3";"BELLEVILLE (rue de)";"45,9975900";"4,7192000"
"201900055333";"25";"10";"2019";"13:37";"1";"63";"63113";"2";"1";"1";"3";"PUY DE DOME (AVENUE DU)";"45,7879300";"3,0575500"
"201900055334";"24";"10";"2019";"19:22";"1";"63";"63113";"2";"1";"1";"2";"LAFAYETTE (BD)";"45,7731900";"3,0954200"
"201900055335";"23";"10";"2019";"14:05";"1";"63";"63113";"2";"6";"1";"3";"BERTHELOT (BOULEVARD)";"45,7815200";"3,0705500"
"201900055336";"25";"9";"2019";"12:13";"1";"42";"42218";"2";"1";"1";"6";"ROBERT";"45,4421571";"4,3879937"
"201900055337";"25";"10";"2019";"01:55";"5";"13";"13207";"2";"1";"1";"6";"Corniche John Fitzgérald Kennedy";"43,2787890";"5,3543670"
"201900055338";"12";"4";"2019";"11:45";"1";"987";"98722";"1";"1";"1";"3";"Point kilométrque 16.600, route territoriale n°2";" -17,5928790";" -149,3965100"
"201900055339";"2";"1";"2019";"13:40";"1";"94";"94077";"2";"1";"1";"1";"VILLENEUVE LE ROI (PONT DE)";"48,7284000";"2,4425000"
"201900055340";"3";"1";"2019";"13:35";"1";"94";"94041";"2";"1";"1";"6";"MICHELET (R)";"48,8076100";"2,3771100"
"201900055341";"23";"9";"2019";"11:50";"1";"75";"75120";"2";"2";"1";"3";"BOULEVARD DAVOUT";"48,8534852";"2,4105236"
"201900055342";"26";"10";"2019";"10:30";"1";"988";"98818";"2";"1";"1";"4";"AVENUE BONAPARTE";" -22,2393500";"166,4625200"
"201900055343";"23";"9";"2019";"19:45";"2";"75";"75117";"2";"2";"1";"3";"AVENUE DE VILLIERS";"48,8838196";"2,3047593"
"201900055344";"24";"10";"2019";"18:45";"3";"973";"97302";"2";"1";"1";"6";"TROUBIRAN (CHEMIN DE)";"4,9271848";" -52,3034835"
"201900055345";"23";"9";"2019";"18:10";"1";"75";"75117";"2";"3";"1";"3";"BOULEVARD DE DOUAUMONT";"48,8950464";"2,3058639"
"201900055346";"25";"10";"2019";"22:50";"5";"69";"69386";"2";"2";"1";"3";"VAUBAN                              (R )";"45,7648900";"4,8435900"
"201900055347";"23";"9";"2019";"09:45";"1";"75";"75117";"2";"2";"1";"6";"BOULEVARD DE DOUAUMONT";"48,8962835";"2,3100133"
"201900055348";"22";"9";"2019";"19:50";"5";"75";"75117";"2";"2";"8";"6";"AVENUE DE CLICHY";"48,8902553";"2,3207453"
"201900055349";"24";"10";"2019";"20:20";"5";"69";"69388";"2";"2";"1";"2";"VIVIANI                             (AV)";"45,7227100";"4,8772100"
"201900055350";"23";"9";"2019";"18:15";"1";"75";"75116";"2";"2";"1";"6";"AVENUE DE MALAKOFF";"48,8750920";"2,2839750"
"201900055351";"24";"10";"2019";"10:45";"1";"972";"97213";"1";"1";"1";"2";"ROUTE NATIONALE 5";"14,5963000";" -60,9924000"
"201900055352";"23";"9";"2019";"06:30";"5";"75";"75116";"2";"1";"1";"6";"RUE LA PEROUSE";"48,8701980";"2,2936350"
"201900055353";"25";"10";"2019";"20:15";"5";"69";"69081";"2";"1";"1";"7";"MARCHE (DU)                             ";"45,7752000";"4,7784000"
"201900055354";"23";"9";"2019";"14:30";"1";"75";"75115";"2";"2";"7";"6";"RUE LECOURBE";"48,8437140";"2,3064170"
"201900055355";"25";"10";"2019";"01:35";"5";"69";"69382";"2";"1";"1";"3";"TILSITT                             (QU)";"45,7579000";"4,8282100"
"201900055356";"23";"9";"2019";"10:20";"1";"75";"75115";"2";"7";"1";"3";"PLACE CHARLES VALLIN";"48,8354165";"2,3026853"
"201900055357";"24";"10";"2019";"14:40";"1";"69";"69385";"2";"1";"1";"7";"TRION (DE)                          (R )";"45,7581000";"4,8136000"
"201900055358";"5";"1";"2019";"18:50";"5";"94";"94060";"2";"1";"1";"3";"MARECHAL MORTIER (AV DU)";"48,7903100";"2,5757650"
"201900055359";"23";"9";"2019";"05:00";"5";"75";"75115";"2";"3";"1";"6";"RUE DE LA CROIX NIVERT";"48,8338693";"2,2901454"
"201900055360";"5";"1";"2019";"10:43";"1";"94";"94019";"2";"1";"1";"6";"LIBERATION (RTE DE LA)";"48,8023800";"2,5394300"
"201900055361";"22";"9";"2019";"12:50";"1";"75";"75114";"2";"1";"2";"2";"AVENUE DENFERT ROCHEREAU";"48,8366977";"2,3348064"
"201900055362";"4";"1";"2019";"14:10";"1";"94";"94018";"2";"3";"8";"3";"CARRIERES (QU DES)";"48,8192400";"2,4075500"
"201900055363";"3";"1";"2019";"16:30";"1";"94";"94018";"2";"3";"1";"3";"PARIS (R DE)";"48,8274387";"2,4045026"
"201900055364";"23";"9";"2019";"18:07";"1";"75";"75113";"2";"3";"1";"3";"BOULEVARD KELLERMANN";"48,8210092";"2,3507480"
"201900055365";"24";"10";"2019";"19:45";"5";"2B";"2B033";"2";"1";"9";"6";"TOGA";"42,7082300";"9,4537800"
"201900055366";"4";"1";"2019";"08:00";"3";"94";"94004";"1";"1";"1";"6";"MARECHAL DE LATTRE DE TASSIGNY (AV DU)";"48,7586000";"2,5022700"
"201900055367";"23";"9";"2019";"16:10";"1";"75";"75113";"2";"1";"1";"3";"AVENUE D ITALIE";"48,8294431";"2,3562697"
"201900055368";"23";"10";"2019";"12:25";"1";"971";"97105";"2";"9";"1";"2";"CHARLES DE GAULLE (BD DU GENERAL)";"15,9954100";" -61,7316810"
"201900055369";"25";"10";"2019";"23:00";"5";"2A";"2A004";"2";"3";"1";"2";"PRINCE IMPERIAL COURS";"41,9341315";"8,7453752"
"201900055370";"3";"1";"2019";"06:05";"3";"94";"94004";"1";"1";"1";"7";"MARECHAL DE LATTRE DE TASSIGNY (AV DU)";"48,7616400";"2,4962400"
"201900055371";"23";"9";"2019";"15:30";"1";"75";"75112";"2";"1";"1";"6";"BOULEVARD DE REUILLY";"48,8396110";"2,3987990"
"201900055372";"4";"1";"2019";"19:20";"5";"93";"93066";"2";"2";"1";"3";"PRESSENCE FRANCIS (AVENUE)";"48,9195700";"2,3616500"
"201900055373";"23";"9";"2019";"13:30";"1";"75";"75111";"2";"4";"1";"2";"BOULEVARD RICHARD LENOIR";"48,8540016";"2,3689672"