"Num_Acc";"jour";"mois";"an";"hrmn";"lum";"dep";"com";"agg";"int";"atm";"col";"adr";"lat";"long"
"201900055374";"26";"10";"2019";"02:15";"5";"95";"95428";"2";"1";"1";"6";"CHARLES DE GAULLE  AVENUE";"48,9760500";"2,3128800"
"201900055375";"3";"1";"2019";"10:00";"1";"93";"93070";"2";"1";"1";"3";"BATELIERS (RUE DES)";"48,9149400";"2,3304200"
"201900055376";"23";"9";"2019";"20:05";"5";"75";"75108";"2";"7";"1";"3";"PLACE DE LA CONCORDE";"48,8658652";"2,3199069"
"201900055377";"2";"1";"2019";"19:20";"5";"93";"93039";"2";"3";"1";"3";"MARINE (QUAI DE LA )";"48,9358000";"2,3408200"
"201900055378";"23";"9";"2019";"17:10";"1";"75";"75104";"2";"1";"1";"4";"BOULEVARD BOURDON";"48,8486210";"2,3662720"
"201900055379";"1";"1";"2019";"14:40";"1";"93";"93027";"2";"1";"1";"3";"CACHIN (AVENUE MARCEL)";"48,9299700";"2,3966000"
"201900055380";"23";"9";"2019";"09:55";"1";"94";"94015";"2";"1";"1";"2";"PASTEUR (BD)";"48,8409900";"2,5265800"
"201900055381";"23";"9";"2019";"10:10";"1";"94";"94041";"2";"2";"1";"6";"JEAN JAURES (AV)";"48,8083000";"2,4040700"
"201900055382";"23";"9";"2019";"16:00";"1";"94";"94073";"2";"1";"1";"3";"GENERAL DE GAULLE (AV DU)";"48,7682100";"2,3720100"
"201900055383";"25";"10";"2019";"16:30";"1";"91";"91589";"2";"1";"1";"2";"BRIAND (BOULEVARD ARISTIDE)";"48,6871220";"2,3539700"
"201900055384";"23";"9";"2019";"11:10";"1";"94";"94021";"2";"3";"1";"3";"JEAN MERMOZ (BD)";"48,7663900";"2,3357100"
"201900055385";"5";"1";"2019";"20:05";"5";"93";"93057";"2";"2";"1";"3";"ROSNY (AL. DE)";"48,9075400";"2,5179000"
"201900055386";"22";"9";"2019";"03:15";"5";"94";"94079";"2";"1";"1";"6";"FRIEDBERG (BD DE)";"48,8317600";"2,5415700"
"201900055387";"4";"1";"2019";"05:15";"5";"93";"93010";"2";"2";"1";"3";"VARAGNAT (AVENUE HENRI)";"48,9175400";"2,4851800"
"201900055388";"23";"9";"2019";"11:00";"1";"94";"94017";"2";"1";"1";"3";"REPUBLIQUE (AV DE LA)";"48,8187800";"2,5114500"
"201900055389";"2";"1";"2019";"19:20";"5";"93";"93057";"2";"1";"1";"2";"JAURES (AV. JEAN) 1 A 123";"48,9062200";"2,4996280"
"201900055390";"23";"9";"2019";"09:05";"1";"94";"94017";"2";"1";"7";"7";"ROGER SALENGRO (AV)";"48,8179000";"2,4942300"
"201900055391";"5";"1";"2019";"13:00";"1";"93";"93008";"2";"1";"1";"6";"LEBRUN (RUE DU LIEUTENANT)";"48,9088700";"2,4409010"
"201900055392";"22";"9";"2019";"23:17";"5";"94";"94002";"2";"2";"1";"3";"VAILLANT COUTURIER (R)";"48,7900000";"2,4200000"
"201900055393";"4";"1";"2019";"18:50";"5";"93";"93007";"2";"1";"1";"2";"DOCTEUR CALMETTE (RUE DU)";"48,9414000";"2,4749400"
"201900055394";"2";"1";"2019";"17:58";"5";"92";"92073";"2";"1";"1";"3";"GAULLE (AVENUE GENERAL CHARLES DE)";"48,8694584";"2,2241601"
"201900055395";"23";"9";"2019";"11:15";"1";"93";"93072";"2";"1";"1";"4";"MARCEL CACHIN (AVENUE) DES N°1 AU 17";"48,9560200";"2,3830600"
"201900055396";"1";"1";"2019";"15:50";"1";"92";"92073";"2";"1";"8";"6";"JAURES (AVENUE JEAN)";"48,8619000";"2,2119500"
"201900055397";"3";"1";"2019";"17:50";"5";"92";"92063";"2";"1";"1";"6";"ESTIENNE D'ORVES (RUE D')";"48,8868500";"2,1795900"
"201900055398";"24";"10";"2019";"16:00";"1";"91";"91433";"1";"6";"1";"7";"PITHIVIERS (ROND POINT)";"48,4342200";"2,1860400"
"201900055399";"23";"9";"2019";"09:30";"1";"93";"93066";"2";"1";"1";"3";"FORT DE LA BRICHE";"48,9438100";"2,3420500"
"201900055400";"25";"10";"2019";"07:15";"2";"91";"91201";"2";"2";"1";"3";"JACQUELINE JEUNON(RUE)";"48,6877800";"2,4239100"
"201900055401";"24";"10";"2019";"20:45";"5";"87";"87085";"1";"1";"2";"6";"AUTOROUTE A20";"45,8604800";"1,2850200"
"201900055402";"24";"10";"2019";"18:11";"1";"87";"87085";"1";"1";"2";"4";"AUTOROUTE A20";"45,9212700";"1,2991700"
"201900055403";"24";"10";"2019";"17:24";"1";"87";"87085";"2";"1";"2";"4";"PORT DU NAVEIX (RUE DU)";"45,8323100";"1,2740000"
"201900055404";"25";"10";"2019";"09:25";"1";"86";"86194";"2";"1";"1";"3";"GRAND CERF (BOULEVARD DU)";"46,5869000";"0,3391700"
"201900055405";"23";"9";"2019";"13:00";"1";"93";"93051";"2";"1";"1";"2";"MONT D'EST (BD)";"48,8432700";"2,5472300"
"201900055406";"24";"10";"2019";"15:40";"1";"85";"85194";"2";"6";"8";"3";"AVENUE DU PAS DU BOIS ";"46,5022900";" -1,7408400"
"201900055407";"23";"9";"2019";"19:40";"2";"93";"93031";"2";"1";"1";"3";"DIX HUIT JUIN 1940 (AVENUE DU)";"48,9539500";"2,3077600"
"201900055408";"24";"10";"2019";"18:15";"2";"83";"83137";"2";"9";"1";"6";"BRIAND (AVE ARISTIDE DE 1 A 1219";"43,1244100";"5,8959500"
"201900055409";"23";"9";"2019";"17:10";"1";"93";"93029";"2";"1";"1";"3";"LEJEUNE (AVENUE)";"48,9147000";"2,4690000"
"201900055410";"2";"1";"2019";"17:50";"5";"92";"92063";"2";"2";"1";"6";"COLMAR (AVENUE DE)";"48,8867727";"2,1744119"
"201900055411";"23";"9";"2019";"18:15";"1";"93";"93008";"2";"1";"1";"6";"VOLTAIRE (RUE)";"48,9126400";"2,4150700"
"201900055412";"25";"10";"2019";"07:40";"2";"82";"82121";"2";"9";"9";"3";"COS (AVENUE DE)";"44,0401500";"1,3670100"
"201900055413";"22";"9";"2019";"21:00";"5";"92";"92033";"2";"1";"2";"3";"GAUDONNES";"48,8543200";"2,1932700"
"201900055414";"23";"10";"2019";"00:05";"5";"80";"80021";"2";"1";"1";"2";"JULES BARNI (RUE)";"49,8882800";"2,3167700"
"201900055415";"20";"9";"2019";"20:45";"5";"92";"92063";"2";"3";"1";"3";"COLMAR (AVENUE DE)";"48,8868400";"2,1711200"
"201900055416";"23";"9";"2019";"13:40";"1";"92";"92063";"2";"1";"1";"6";"ALBERT 1ER (AVENUE)";"48,8841100";"2,1741900"
"201900055417";"22";"9";"2019";"03:25";"5";"92";"92062";"2";"9";"1";"7";"DE DION BOUTON (QUAI) DU 1 AU 28";"48,8700000";"2,2300000"
"201900055418";"25";"10";"2019";"00:30";"3";"77";"77186";"1";"1";"1";"7";"RD606";"48,4781100";"2,6738800"
"201900055419";"22";"10";"2019";"07:45";"5";"77";"77131";"2";"1";"8";"6";"D402-VICTOR HUGO (AVENUE)";"48,8147790";"3,0817720"
"201900055420";"23";"9";"2019";"11:05";"1";"92";"92020";"2";"1";"1";"3";"LIBERTE BOULEVARD DE LA N° PAIRS";"48,8030500";"2,2901400"
"201900055421";"23";"9";"2019";"18:15";"1";"92";"92024";"2";"1";"8";"3";"VICTOR HUGO (BD)";"48,8991047";"2,3131784"
"201900055422";"24";"10";"2019";"17:10";"2";"76";"76351";"2";"2";"2";"3";"FOCH (AVENUE)";"49,4935700";"0,1009600"
"201900055423";"23";"9";"2019";"10:10";"1";"92";"92012";"2";"1";"1";"6";"EST (RUE DE L') 1/FIN - 18/FIN";"48,8406000";"2,2448000"
"201900055424";"25";"10";"2019";"22:10";"5";"72";"72181";"2";"2";"1";"3";"STALINGRAD (PL DE)";"48,0001300";"0,1924900"
"201900055425";"23";"9";"2019";"14:30";"1";"29";"29262";"1";"1";"2";"1";"D11";"48,4352458";" -3,9828351"
"201900055426";"24";"10";"2019";"21:23";"5";"72";"72181";"2";"1";"1";"6";"TOULOUSE";"47,9741400";"0,2328400"
"201900055427";"2";"9";"2019";"12:35";"1";"12";"12104";"1";"1";"1";"6";"les encastrades";"44,4812410";"2,0283340"
"201900055428";"24";"10";"2019";"20:45";"5";"72";"72181";"2";"1";"1";"6";"JAURES JEAN (AV) N° PAIRS 60 ET >";"47,9860300";"0,2090100"
"201900055429";"22";"9";"2019";"02:10";"3";"14";"14689";"1";"1";"2";"6";"Route du Bois (Hamars)";"48,9837210";" -0,5611950"
"201900055430";"22";"9";"2019";"17:15";"1";"62";"62700";"1";"1";"1";"1";"RD928";"50,3094720";"2,0090220"
"201900055431";"17";"9";"2019";"14:30";"1";"38";"38157";"1";"1";"1";"6";"La Combe au Rieu";"45,5242060";"4,9996810"
"201900055432";"19";"9";"2019";"16:50";"1";"38";"38425";"2";"1";"1";"6";"24 Rue Sergent Geoffray";"45,4001370";"4,7721610"
"201900055433";"4";"1";"2019";"20:55";"5";"92";"92050";"2";"2";"1";"3";"JOILIOT CURIE F. ET IRENE AVENUE N°IMPAI";"48,8888003";"2,2032273"
"201900055434";"22";"10";"2019";"13:00";"1";"72";"72181";"1";"1";"1";"6";"LIBERTE (AV DE LA)";"47,9630400";"0,2245700"
"201900055435";"25";"10";"2019";"18:00";"3";"71";"71040";"2";"1";"1";"2";"RN 70 PR 37+850";"46,6990100";"4,3883600"
"201900055436";"24";"10";"2019";"20:30";"5";"69";"69266";"2";"2";"1";"3";"ROGER SALENGRO   Ciat   (Avenue)";"45,7782000";"4,8794300"
"201900055437";"24";"10";"2019";"14:50";"1";"69";"69282";"2";"2";"1";"3";"REPUBLIQUE (DE)                     (R )";"45,7667200";"4,9972000"
"201900055438";"24";"10";"2019";"08:10";"1";"69";"69256";"2";"2";"1";"3";"MARIUS GROSSO                       (R )";"45,7636400";"4,9333800"
"201900055439";"19";"10";"2019";"19:30";"5";"69";"69266";"2";"2";"2";"3";"FRANCOIS GILLET      (Rue)";"45,7596300";"4,8742900"
"201900055440";"11";"9";"2019";"14:00";"1";"49";"49355";"1";"1";"1";"7";"Les Poteries";"47,1349760";" -0,8118960"
"201900055441";"24";"10";"2019";"15:15";"1";"67";"67482";"2";"1";"1";"3";"DOUBS (RUE DU)";"48,5552410";"7,7334470"
"201900055442";"23";"9";"2019";"19:15";"2";"68";"68209";"2";"1";"1";"3";"3 Route du Vin";"48,1538140";"7,3203730"
"201900055443";"25";"10";"2019";"17:07";"1";"65";"65286";"2";"1";"1";"2";"4 ESPAGNE (BOULEVARD D')";"43,0882114";" -0,0431164"
"201900055444";"23";"9";"2019";"10:45";"1";"68";"68005";"1";"1";"1";"7";"RD 11-1 PK 7";"48,1213920";"7,2273170"
"201900055445";"23";"9";"2019";"07:05";"3";"59";"59174";"2";"1";"1";"6";"Route de Maubeuge";"50,1996120";"4,0383730"
"201900055446";"25";"10";"2019";"14:54";"1";"64";"64483";"1";"1";"1";"2";"ITHURRALDE ANDRE (AVENUE)";"43,3952700";" -1,6480000"
"201900055447";"22";"9";"2019";"21:30";"3";"56";"56060";"1";"1";"2";"6";"La Loirie";"47,7620950";" -2,1897180"
"201900055448";"24";"10";"2019";"13:20";"1";"64";"64445";"2";"1";"1";"6";"MARECHAL LECLERC DU";"43,3058700";" -0,3361800"
"201900055449";"24";"9";"2019";"17:10";"1";"56";"56177";"1";"1";"1";"3";"Route de Bieuzy RD16";"47,7956200";" -2,9742770"
"201900055450";"24";"9";"2019";"04:00";"3";"79";"79329";"1";"1";"3";"6";"Rue du Thouet";"46,9583210";" -0,1896650"
"201900055451";"23";"9";"2019";"10:40";"1";"2A";"2A323";"1";"3";"2";"2";"Route Territoriale 20  -- Lieu dit Valle di Bona";"42,0233082";"8,9005953"
"201900055452";"23";"9";"2019";"22:20";"3";"71";"71001";"1";"1";"1";"7";"Route des Sables";"46,5575090";"4,9669600"
"201900055453";"2";"1";"2019";"07:20";"5";"92";"92050";"2";"1";"1";"2";"CLEMENCEAU GEORGES AVENUE N° PAIR";"48,8860400";"2,2141100"
"201900055454";"24";"9";"2019";"09:00";"1";"71";"71248";"1";"1";"2";"1";"D975";"46,5557970";"4,9281060"
"201900055455";"23";"9";"2019";"23:30";"3";"89";"89169";"1";"1";"2";"7";"chemin des patis";"47,9373082";"3,8825586"
"201900055456";"2";"1";"2019";"19:15";"5";"92";"92026";"2";"9";"1";"3";"REPUBLIQUE (DE 29 A FIN)";"48,9006700";"2,2488000"
"201900055457";"25";"10";"2019";"18:35";"1";"64";"64102";"2";"1";"1";"7";"BARTHES (CHEMIN DES)";"43,4974493";" -1,4937899"
"201900055458";"18";"9";"2019";"17:30";"1";"63";"63180";"2";"1";"1";"1";"RD1093 Face école";"45,8636300";"3,3020870"
"201900055459";"2";"1";"2019";"12:45";"1";"92";"92012";"2";"1";"1";"2";"GENERAL LECLERC (AVENUE DU) 1/33 - 2/58";"48,8324024";"2,2397206"
"201900055460";"24";"9";"2019";"10:40";"1";"63";"63073";"1";"4";"2";"3";"rue du Cross/rue de la Combes";"45,5865860";"3,1824785"
"201900055461";"15";"9";"2019";"12:30";"1";"63";"63146";"1";"2";"1";"2";"La Boissiere - D997";"45,7083221";"3,4091681"
"201900055462";"2";"1";"2019";"10:45";"1";"92";"92012";"2";"1";"8";"3";"ALPHONSE LE GALLO (QUAI) 1/34";"48,8329378";"2,2272794"
"201900055463";"3";"1";"2019";"18:10";"5";"80";"80523";"1";"1";"1";"6";"Route Départementale 929";"49,9942820";"2,6681350"
"201900055464";"24";"9";"2019";"14:45";"1";"61";"61092";"2";"1";"2";"1";"Route de Paris";"48,7527180";"0,7439560"
"201900055465";"25";"10";"2019";"10:29";"1";"64";"64024";"2";"1";"1";"7";"BARRE (PROMENADE DE LA)";"43,5212719";" -1,5218346"
"201900055466";"14";"9";"2019";"14:00";"1";"61";"61508";"1";"1";"1";"6";"Route d'Orbec";"48,9344760";"0,2118090"
"201900055467";"5";"1";"2019";"12:30";"1";"37";"37153";"1";"1";"1";"1";"D910";"47,4851180";"0,7693740"
"201900055468";"1";"1";"2019";"00:40";"5";"12";"12300";"2";"1";"1";"7";"18 avenue Etienne Soulié";"44,3558260";"2,0388290"
"201900055469";"23";"9";"2019";"18:40";"1";"38";"38269";"1";"1";"1";"7";"RN85";"44,8997700";"5,8010500"
"201900055470";"5";"1";"2019";"02:35";"3";"81";"81131";"1";"1";"1";"2";"A68";"43,8845916";"2,0040105"
"201900055471";"23";"9";"2019";"08:45";"1";"58";"58134";"1";"1";"8";"6";"Bois de Landré";"46,9554720";"3,2918400"
"201900055472";"1";"1";"2019";"05:15";"5";"2A";"2A249";"2";"1";"1";"1";"RT402";"41,6688085";"8,9209281"
"201900055473";"23";"9";"2019";"18:00";"1";"72";"72341";"1";"1";"8";"3";"La Roche";"48,0182330";"0,4645970"
"201900055474";"4";"1";"2019";"15:30";"1";"26";"26294";"1";"1";"1";"6";"Route de Gaudillan";"45,0763150";"4,9862590"
"201900055475";"23";"9";"2019";"23:00";"3";"14";"14399";"1";"1";"1";"6";"D579";"49,2629650";"0,2174740"
"201900055476";"1";"1";"2019";"16:10";"1";"66";"66172";"1";"1";"1";"7";"A9 PK 250+697";"42,7038840";"2,8654010"
"201900055477";"24";"8";"2019";"19:50";"1";"83";"83135";"1";"1";"1";"6";"N/A";"43,5933760";"6,0163890"
"201900055478";"4";"1";"2019";"17:15";"2";"1";"01004";"2";"1";"1";"3";"Avenue de la libération";"45,9663710";"5,3382940"
"201900055479";"23";"9";"2019";"09:55";"1";"60";"60636";"1";"1";"1";"7";"RD 932";"49,4875470";"2,8725560"
"201900055480";"14";"9";"2019";"11:00";"1";"43";"43062";"2";"1";"1";"6";"Fontannes";"45,0679540";"3,7733630"
"201900055481";"4";"1";"2019";"14:00";"1";"80";"80332";"1";"1";"1";"2";".";"50,2335690";"1,7518840"
"201900055482";"1";"1";"2019";"20:30";"5";"973";"97353";"2";"3";"1";"7";"rue Léonard Domerger";"3,6435651";" -54,0317488"
"201900055483";"23";"9";"2019";"15:00";"1";"53";"53097";"2";"6";"1";"3";"Boulevard Foch";"48,1505730";" -0,3959250"
"201900055484";"2";"1";"2019";"11:45";"1";"84";"84088";"1";"1";"1";"6";"N°4268 route de mazan";"44,0192313";"5,0836834"
"201900055485";"14";"9";"2019";"11:00";"1";"40";"40248";"1";"3";"1";"1";"D54";"43,5682290";" -1,3606240"
"201900055486";"5";"1";"2019";"07:00";"3";"41";"41194";"2";"1";"1";"6";"12 rue Georges Clémenceau";"47,3583340";"1,7445100"
"201900055487";"25";"10";"2019";"02:45";"5";"64";"64102";"2";"1";"1";"7";"MAUBEC (RUE)";"43,5007950";" -1,4669710"
"201900055488";"7";"8";"2019";"11:10";"1";"24";"24547";"2";"1";"1";"7";"Rue du Gouverneur Général Cournarie";"45,1289700";"1,3024700"
"201900055489";"2";"1";"2019";"14:35";"1";"86";"86166";"1";"2";"1";"3";"D6 PK 12+800";"46,5653270";"0,1535130"
"201900055490";"9";"2";"2019";"21:50";"3";"4";"04122";"1";"1";"1";"1";"RN85 - Tarelle";"44,0328870";"6,0930710"
"201900055491";"23";"9";"2019";"23:10";"3";"27";"27067";"2";"1";"2";"6";"D14B";"49,2880560";"1,7203730"
"201900055492";"1";"1";"2019";"02:00";"3";"74";"74238";"1";"1";"1";"1";"D 902 ROUTE DES GRANDES ALPES";"46,2227787";"6,6635560"
"201900055493";"24";"9";"2019";"08:05";"1";"37";"37234";"1";"1";"2";"7";"Les Piaux";"47,1958211";"1,0285369"
"201900055494";"1";"1";"2019";"13:00";"1";"42";"42338";"2";"6";"1";"3";"AIGUILLY";"46,0742700";"4,0992730"
"201900055495";"1";"1";"2019";"07:15";"3";"31";"31512";"1";"1";"5";"6";"LE COURANJOU";"43,5565420";"1,6242040"
"201900055496";"23";"9";"2019";"18:15";"1";"73";"73151";"1";"1";"1";"6";"A43 Barrière de péage de Chignin Les Marches";"45,5127520";"6,0023270"
"201900055497";"5";"1";"2019";"07:38";"3";"57";"57210";"2";"1";"4";"6";"route de niederstinzel";"48,8521900";"7,0268580"
"201900055498";"25";"10";"2019";"07:40";"2";"63";"63124";"2";"2";"1";"1";"rt du Cendre/av du midi";"45,7305814";"3,1844060"
"201900055499";"17";"9";"2019";"10:25";"1";"6";"06152";"1";"1";"1";"7";"route du parc";"43,6141530";"7,0438850"
"201900055500";"25";"10";"2019";"19:25";"3";"59";"59426";"1";"1";"1";"2";"VERTUQUET (RUE DU)";"50,7561350";"3,1636290"
"201900055501";"22";"10";"2019";"17:40";"1";"59";"59291";"2";"1";"1";"3";"JEAN (RUE)";"50,2426700";"3,9016900"
"201900055502";"24";"10";"2019";"15:25";"1";"59";"59327";"2";"1";"1";"6";"TOURBIERES (CHEMIN DES)";"50,3868000";"3,1811000"
"201900055503";"17";"9";"2019";"11:55";"1";"6";"06018";"2";"1";"1";"6";"Route des Lucioles";"43,6170800";"7,0605580"
"201900055504";"3";"1";"2019";"14:15";"1";"974";"97404";"2";"1";"1";"6";"Rue du Stade";" -21,2664500";"55,3716110"
"201900055505";"25";"10";"2019";"10:20";"1";"53";"53130";"2";"3";"2";"6";"HILARD ( RUE D' )";"48,0771900";" -0,7765300"
"201900055506";"21";"9";"2019";"21:45";"3";"69";"69234";"1";"1";"1";"6";"A89-PK 523.100";"45,8763000";"4,5292970"
"201900055507";"24";"10";"2019";"12:55";"1";"52";"52121";"1";"1";"1";"7";"RD 674";"48,1230800";"5,1855100"
"201900055508";"17";"9";"2019";"15:20";"1";"45";"45024";"1";"1";"1";"6";"A10 - PK 115+770";"47,8300367";"1,6601886"
"201900055509";"22";"10";"2019";"05:45";"5";"49";"49099";"2";"1";"8";"2";"MOINIE(BOULEVARD DE LA )";"47,0587300";" -0,9042100"
"201900055510";"23";"9";"2019";"16:50";"2";"974";"97415";"2";"6";"1";"3";"Giratoire route du Trou d'Eau / Avenue de la Mer - HERMITAGE LES BAINS";" -21,0751600";"55,2273690"
"201900055511";"24";"10";"2019";"08:26";"1";"49";"49007";"2";"1";"1";"3";"PONTS DE CE";"47,4530400";" -0,5387000"
"201900055512";"24";"9";"2019";"12:20";"1";"45";"45324";"1";"1";"3";"5";"D11 - Lieu dit LES GRAZINS";"47,8068913";"2,2033665"
"201900055513";"26";"10";"2019";"00:55";"5";"44";"44162";"2";"1";"2";"6";"AVENUE DE L'ANGEVINIERE";"47,2444700";" -1,6138100"
"201900055514";"24";"9";"2019";"11:30";"1";"77";"77443";"1";"9";"3";"3";"D228";"48,8800000";"2,9740000"
"201900055515";"20";"10";"2019";"23:30";"3";"44";"44009";"1";"1";"1";"7";"PERIPHERIQUE SUD";"47,2307000";" -1,4703000"
"201900055516";"23";"9";"2019";"21:00";"5";"2B";"2B148";"2";"1";"1";"3";"Casamozza";"42,5258150";"9,4408200"
"201900055517";"2";"1";"2019";"16:27";"1";"974";"97404";"1";"3";"1";"3";"Intersection RD 11 / RD 110";" -21,2697740";"55,3778580"
"201900055518";"24";"9";"2019";"17:25";"1";"30";"30258";"2";"1";"1";"6";"Avenue des Costières";"43,6745550";"4,4216880"
"201900055519";"4";"1";"2019";"23:10";"3";"972";"97231";"1";"1";"1";"1";"départementale 7";"14,5288160";" -61,0168650"
"201900055520";"19";"10";"2019";"09:45";"1";"42";"42218";"2";"1";"1";"6";"MITTERAND FRANCOIS";"45,4675100";"4,3780300"
"201900055521";"4";"1";"2019";"14:50";"1";"11";"11203";"2";"1";"1";"7";"Boulevard Marx Dormoy";"43,2016630";"2,7564080"
"201900055522";"5";"10";"2019";"08:14";"1";"42";"42218";"2";"1";"1";"7";"NAUTIN LEON";"45,4347900";"4,3900100"
"201900055523";"3";"1";"2019";"02:40";"3";"52";"52147";"1";"9";"1";"2";"A 31 PK 108+800";"47,8631780";"5,2232310"
"201900055524";"23";"9";"2019";"11:50";"1";"13";"13015";"2";"7";"1";"6";"Rue de la Vierge";"43,4513080";"5,4112790"
"201900055525";"3";"1";"2019";"20:30";"3";"35";"35206";"1";"1";"1";"2";"RN137";"48,0520770";" -1,6819670"
"201900055526";"4";"10";"2019";"09:42";"1";"42";"42218";"2";"1";"2";"1";"MOMEY";"45,4607100";"4,3694200"
"201900055527";"24";"9";"2019";"07:30";"1";"88";"88086";"1";"1";"1";"1";"31 Rue du Coq de Bruyères";"48,1928740";"6,7368900"
"201900055528";"23";"9";"2019";"19:40";"2";"38";"38317";"2";"1";"1";"3";"11 Rue Mozart";"45,1298670";"5,6955180"
"201900055529";"25";"10";"2019";"15:20";"1";"42";"42187";"2";"3";"1";"3";"CARNOT (AVENUE)";"46,0404700";"4,0677000"
"201900055530";"3";"1";"2019";"10:25";"1";"71";"71384";"1";"1";"7";"2";"A6";"46,6908340";"4,8439540"
"201900055531";"17";"9";"2019";"09:35";"1";"7";"07324";"2";"1";"1";"6";"20 avenue Foch";"45,0716260";"4,8244040"
"201900055532";"5";"1";"2019";"08:05";"2";"41";"41208";"1";"1";"1";"6";"A.10 PK 170.800, sens 2";"47,5792780";"1,0646970"
"201900055533";"23";"9";"2019";"00:15";"5";"69";"69208";"1";"1";"8";"7";"411 Route de Chessy";"45,8695000";"4,6040500"
"201900055534";"2";"1";"2019";"10:45";"1";"62";"62849";"1";"1";"1";"3";"D142E2";"50,4015739";"1,6723007"
"201900055535";"24";"9";"2019";"17:45";"1";"19";"19098";"1";"1";"2";"3";"rd1120";"45,1952380";"1,8370600"
"201900055536";"23";"9";"2019";"16:30";"1";"79";"79049";"1";"1";"3";"6";"Rue de Niort";"46,8244400";" -0,4931200"
"201900055537";"18";"9";"2019";"18:30";"1";"33";"33213";"2";"2";"1";"3";"Avenue de l'Esprit des Loïs";"44,6879400";" -0,5386200"
"201900055538";"26";"10";"2019";"00:45";"5";"37";"37261";"2";"3";"1";"6";"MAGINOT (AV. ANDRE)";"47,4137600";"0,6867200"
"201900055539";"20";"9";"2019";"16:05";"1";"33";"33433";"2";"6";"1";"3";"26 Rue du Suisse";"44,9099200";" -0,4238700"
"201900055540";"31";"8";"2019";"15:15";"1";"33";"33312";"2";"1";"1";"3";"68 Rue de Macau";"44,9561000";" -0,6071400"
"201900055541";"25";"10";"2019";"16:16";"1";"37";"37233";"2";"3";"1";"4";"DUCLOS (AVENUE JACQUES)";"47,3810911";"0,7379408"
"201900055542";"24";"9";"2019";"07:35";"2";"85";"85243";"2";"3";"2";"3";"Rue du Huit Mai";"46,6019600";" -1,8272300"
"201900055543";"25";"10";"2019";"10:40";"1";"37";"37233";"2";"3";"8";"2";"LOIRE (LEVEE DE LA)";"47,3968122";"0,7103470"
"201900055544";"24";"10";"2019";"19:20";"3";"37";"37261";"2";"1";"1";"4";"PONT CHER (AVENUE DE)";"47,3688732";"0,6766254"
"201900055545";"24";"10";"2019";"18:52";"2";"37";"37261";"2";"2";"1";"2";"PAS NOTRE-DAME (RUE DU)";"47,4141805";"0,6966753"
"201900055546";"6";"1";"2019";"00:35";"3";"974";"97413";"1";"1";"1";"6";"RN1";" -21,2141670";"55,2958330"
"201900055547";"5";"1";"2019";"02:45";"3";"974";"97413";"2";"1";"1";"7";"2 Rue du Général Lambert";" -21,1593360";"55,2867760"
"201900055548";"1";"1";"2019";"10:45";"1";"974";"97413";"1";"1";"1";"4";"RN1A";" -21,1439980";"55,2723660"
"201900055549";"3";"1";"2019";"10:10";"1";"14";"14760";"1";"1";"1";"6";"A84";"49,0938890";" -0,6264060"
"201900055550";"25";"10";"2019";"11:00";"1";"35";"35238";"2";"3";"2";"3";"PATTON (AVENUE DU GENERAL SIR GEORGES)";"48,1320600";" -1,6617400"
"201900055551";"23";"9";"2019";"12:50";"1";"14";"14061";"1";"1";"2";"3";"D577";"48,8842936";" -0,8541308"
"201900055552";"2";"1";"2019";"15:15";"1";"48";"48009";"1";"1";"1";"6";"Autoroute A75 PK 132+180 direction PARIS";"44,7455598";"3,2884821"
"201900055553";"1";"1";"2019";"13:40";"1";"34";"34259";"1";"1";"1";"6";"A750 PK 11+100 en direction de Montpellier";"43,6337990";"3,7558170"
"201900055554";"24";"10";"2019";"10:15";"1";"34";"34172";"2";"3";"1";"3";"VERT-BOIS (AVENUE DU)";"43,6362310";"3,8685710"
"201900055555";"24";"10";"2019";"23:20";"5";"34";"34172";"2";"3";"1";"3";"SABATIER D'ESPEYRAN (AVENUE FREDERIC)";"43,6243717";"3,8627235"
"201900055556";"1";"1";"2019";"18:34";"3";"15";"15005";"1";"1";"1";"5";"A75 PK 101+800";"44,9924240";"3,1839580"
"201900055557";"24";"9";"2019";"13:10";"1";"76";"76099";"1";"1";"2";"3";"Route du Manoir";"49,5509950";"0,8529400"
"201900055558";"25";"10";"2019";"12:10";"1";"33";"33063";"2";"6";"1";"3";"ALL HAUSMANN";"44,8659300";" -0,5751800"
"201900055559";"1";"1";"2019";"04:00";"3";"87";"87201";"1";"1";"1";"6";"RD 941 2x2 voies";"45,8476900";"1,1694000"
"201900055560";"23";"9";"2019";"18:40";"1";"13";"13055";"1";"1";"1";"2";"A507 sens Marseille - Aubagne";"43,3363090";"5,3800940"
"201900055561";"4";"1";"2019";"20:00";"5";"83";"83054";"2";"1";"1";"4";"chemin de Hyères";"43,1719920";"6,0500560"
"201900055562";"24";"10";"2019";"18:20";"4";"33";"33281";"2";"4";"2";"5";"AVE DU PHARE";"44,8524700";" -0,6933400"
"201900055563";"19";"9";"2019";"08:00";"1";"69";"69199";"1";"1";"1";"3";"RD383   14.250 A 18.000";"45,7111200";"4,8439300"
"201900055564";"2";"1";"2019";"19:10";"5";"83";"83130";"2";"1";"1";"7";"rue de la république";"43,1854390";"6,0416160"