"Num_Acc";"jour";"mois";"an";"hrmn";"lum";"dep";"com";"agg";"int";"atm";"col";"adr";"lat";"long"
"201900055565";"25";"10";"2019";"11:15";"1";"33";"33318";"2";"1";"1";"6";"RUE DU ROYAUME-UNI";"44,7960800";" -0,7073100"
"201900055566";"4";"1";"2019";"18:30";"3";"62";"62199";"1";"1";"1";"1";"CD 341";"50,3847740";"2,6287170"
"201900055567";"7";"10";"2019";"15:10";"1";"33";"33281";"2";"3";"1";"3";"AVE DE KAOLACK";"44,8221900";" -0,6651200"
"201900055568";"1";"1";"2019";"18:35";"3";"66";"66141";"1";"1";"1";"6";"CD 900 - niveau PK16";"42,7530600";"2,8954900"
"201900055569";"22";"9";"2019";"18:45";"1";"59";"59350";"1";"1";"3";"2";"AUTOROUTE A25";"50,6100000";"3,0400000"
"201900055570";"3";"1";"2019";"16:55";"1";"61";"61192";"1";"1";"8";"7";"autoroute A 28, PR 188+155, sens 2";"48,6805620";"0,2308850"
"201900055571";"7";"10";"2019";"22:00";"5";"33";"33192";"2";"2";"1";"2";"CRS DU GENERAL DE GAULLE";"44,7784700";" -0,6097400"
"201900055572";"4";"1";"2019";"20:20";"5";"69";"69133";"2";"1";"1";"6";"rue du rivat";"45,6284130";"4,7774290"
"201900055573";"25";"10";"2019";"07:30";"2";"33";"33318";"2";"1";"1";"6";"RUE PAULIN DE NOLE";"44,7933400";" -0,6136400"
"201900055574";"22";"9";"2019";"04:05";"3";"95";"95176";"1";"1";"1";"3";"AUTOROUTE A15";"48,9890800";"2,2017500"
"201900055575";"2";"1";"2019";"06:00";"5";"83";"83116";"2";"1";"1";"6";"649 avenue du 8 mai 1945";"43,4529260";"5,8696890"
"201900055576";"24";"10";"2019";"23:10";"5";"33";"33119";"2";"2";"8";"3";"BD ENTRE DEUX MERS";"44,8438100";" -0,5296100"
"201900055577";"22";"9";"2019";"21:35";"3";"95";"95252";"1";"1";"1";"4";"AUTOROUTE A15";"48,9764400";"2,2362400"
"201900055578";"4";"1";"2019";"19:15";"5";"51";"51030";"2";"1";"1";"7";"RUE DU PONT";"49,0463620";"4,0900870"
"201900055579";"22";"9";"2019";"21:20";"3";"93";"93053";"1";"1";"1";"5";"AUTOROUTE A3";"48,8934400";"2,4722100"
"201900055580";"3";"1";"2019";"12:30";"1";"19";"19187";"1";"1";"1";"1";"La Bonnefougie";"45,2900420";"1,3378430"
"201900055581";"24";"10";"2019";"17:20";"1";"33";"33075";"2";"3";"2";"4";"AVE DE TERREFORT";"44,8881500";" -0,6105800"
"201900055582";"3";"1";"2019";"12:15";"1";"56";"56122";"1";"1";"1";"7";"RD 766 La Ville Cadio";"47,9803500";" -2,3737700"
"201900055583";"22";"9";"2019";"19:40";"1";"93";"93007";"1";"1";"1";"4";"AUTOROUTE A1";"48,9503900";"2,4488800"
"201900055584";"24";"10";"2019";"17:40";"1";"33";"33318";"2";"2";"1";"3";"BD DU HAUT LIVRAC";"44,7985300";" -0,6734900"
"201900055585";"4";"1";"2019";"09:10";"1";"74";"74173";"2";"1";"1";"6";"273 rue de la poste";"45,8576860";"6,6164300"
"201900055586";"22";"9";"2019";"16:00";"1";"95";"95582";"1";"1";"2";"3";"AUTOROUTE A15";"48,9634700";"2,2642900"
"201900055587";"2";"1";"2019";"09:20";"1";"79";"79063";"2";"2";"1";"6";"2 rue du moulin";"47,0460260";" -0,3536380"
"201900055588";"24";"10";"2019";"13:50";"1";"33";"33281";"2";"3";"2";"2";"KENNEDY (AVE PRESIDENT J.F.)";"44,8326600";" -0,6559300"
"201900055589";"22";"9";"2019";"08:00";"1";"93";"93008";"1";"1";"1";"2";"AUTOROUTE A86";"48,9064200";"2,4584700"
"201900055590";"5";"1";"2019";"05:40";"3";"2A";"2A271";"1";"1";"1";"1";"RT 20";"41,9811860";"8,8370930"
"201900055591";"24";"10";"2019";"10:30";"1";"33";"33063";"2";"3";"2";"1";"QUAI DES CHARTRONS";"44,8524000";" -0,5677500"
"201900055592";"6";"1";"2019";"04:45";"3";"2B";"2B318";"1";"1";"1";"1";"RT 10";"42,4382830";"9,5160600"
"201900055593";"22";"9";"2019";"04:35";"5";"95";"95527";"1";"1";"1";"6";"AUTOROUTE A1";"49,0112700";"2,5291300"
"201900055594";"2";"1";"2019";"17:45";"5";"2B";"2B346";"2";"6";"1";"2";"rt 10";"42,5262830";"9,5047850"
"201900055595";"24";"10";"2019";"00:15";"5";"33";"33119";"2";"2";"2";"3";"BD ENTRE DEUX MERS";"44,8452000";" -0,5322000"
"201900055596";"23";"9";"2019";"20:45";"4";"94";"94022";"1";"1";"1";"6";"A86 EXT";"48,7741000";"2,4075000"
"201900055597";"3";"1";"2019";"14:15";"1";"80";"80318";"2";"1";"1";"6";"29b, Rue Roger Godard";"50,0149130";"2,0809530"
"201900055598";"22";"9";"2019";"20:50";"5";"77";"77122";"1";"1";"8";"6";"RN104";"48,6463660";"2,5974380"
"201900055599";"24";"10";"2019";"20:06";"4";"31";"31555";"2";"1";"1";"6";"RUE LEON JOULIN";"43,5538600";"1,4224300"
"201900055600";"5";"1";"2019";"18:10";"5";"80";"80234";"2";"1";"1";"1";"départementale 1";"49,9026070";"2,4559620"
"201900055601";"24";"10";"2019";"16:30";"1";"31";"31555";"1";"1";"2";"2";"VA007331 A620";"43,5698200";"1,4133300"
"201900055602";"2";"1";"2019";"18:45";"3";"82";"82103";"1";"1";"1";"6";"D928";"43,8386500";"0,9269900"
"201900055603";"20";"9";"2019";"12:40";"1";"974";"97416";"2";"1";"1";"6";"LEBLOND 1 (RUE MARIUS ET ARY)";" -21,3365300";"55,4707400"
"201900055604";"24";"10";"2019";"15:30";"1";"31";"31555";"2";"1";"1";"1";"ALL JULES GUESDE";"43,5946300";"1,4490900"
"201900055605";"3";"1";"2019";"23:40";"5";"69";"69214";"2";"1";"1";"6";"avenue victor hugo";"46,0026900";"4,3254840"
"201900055606";"25";"10";"2019";"10:06";"1";"30";"30189";"2";"3";"1";"6";"VOULAND (RUE)";"43,8366000";"4,3566900"
"201900055607";"22";"9";"2019";"22:45";"5";"69";"69388";"2";"3";"8";"3";"ALBERT THOMAS                       (CO)";"45,7469600";"4,8671400"
"201900055608";"4";"1";"2019";"15:00";"1";"32";"32129";"1";"1";"1";"1";"Départementale 40";"43,8374510";"0,8244800"
"201900055609";"1";"1";"2019";"07:00";"3";"32";"32346";"1";"1";"5";"6";"lieu dit la plaine";"43,6851750";"0,2677630"
"201900055610";"1";"1";"2019";"16:20";"1";"32";"32262";"1";"1";"5";"6";"D39";"43,6636400";"1,0275780"
"201900055611";"22";"9";"2019";"22:15";"5";"69";"69383";"2";"1";"3";"3";"MAZENOD                             (R )";"45,7585100";"4,8429900"
"201900055612";"22";"9";"2019";"19:25";"2";"69";"69387";"2";"1";"3";"2";"BERTHELOT                           (AV)";"45,7421200";"4,8514300"
"201900055613";"25";"10";"2019";"15:45";"1";"29";"29019";"2";"1";"1";"3";"LE GORGEU (N°29 (TOTAL)-UBO(ALBERT 1ER )";"48,3988400";" -4,4944900"
"201900055614";"22";"9";"2019";"15:50";"1";"69";"69388";"2";"1";"1";"7";"ETATS UNIS (DES)                    (BD)";"45,7262700";"4,8699000"
"201900055615";"25";"10";"2019";"09:35";"1";"29";"29019";"2";"2";"1";"3";"GILOUX YVES (DE 13 A 63 ET 52 A 114)";"48,4155000";" -4,4808000"
"201900055616";"22";"9";"2019";"12:10";"1";"69";"69387";"2";"2";"1";"3";"JEAN JAURES                         (AV)";"45,7451900";"4,8418300"
"201900055617";"25";"10";"2019";"01:15";"3";"29";"29019";"2";"6";"1";"6";"PROVENCE (AVENUE ET ROND POINT)";"48,4073018";" -4,5133801"
"201900055618";"22";"9";"2019";"08:30";"1";"972";"97213";"2";"1";"2";"3";"ROUTE NATIONALE 1";"14,6209950";" -60,9917800"
"201900055619";"22";"9";"2019";"20:45";"5";"69";"69382";"2";"1";"2";"6";"CHARLEMAGNE                         (CO)";"45,7468000";"4,8243000"
"201900055620";"22";"9";"2019";"16:30";"1";"69";"69142";"2";"1";"1";"7";"STEPHANE DECHANT                    (R )";"45,7253200";"4,8139500"
"201900055621";"25";"10";"2019";"18:00";"1";"26";"26281";"1";"1";"1";"7";"RD 532 (DIRECTION TAIN)";"45,0571300";"5,0224500"
"201900055622";"21";"9";"2019";"11:00";"1";"76";"76217";"1";"1";"1";"2";"D485";"49,9245800";"1,1135200"
"201900055623";"22";"9";"2019";"06:05";"5";"69";"69266";"2";"1";"1";"6";"EMILE ZOLA     (Cours)";"45,7707700";"4,8726400"
"201900055624";"19";"9";"2019";"15:50";"1";"69";"69013";"2";"3";"1";"3";"JOUX (avenue de)";"46,0055300";"4,7316500"
"201900055625";"22";"9";"2019";"05:30";"5";"59";"59421";"2";"1";"1";"6";"ROUBAIX (RUE DE)";"50,6978000";"3,1400920"
"201900055626";"22";"9";"2019";"16:05";"1";"59";"59512";"2";"1";"1";"6";"VERDUN (AVENUE DE)";"50,6865000";"3,1993000"
"201900055627";"22";"9";"2019";"23:45";"5";"59";"59392";"2";"1";"2";"6";"ALPHONSE LAMARTINE (BOULEVARD)";"50,2875300";"3,9650100"
"201900055628";"22";"9";"2019";"15:10";"1";"51";"51454";"2";"9";"2";"3";"ALLEE BEETHOVEN";"49,2382540";"4,0205280"
"201900055629";"22";"9";"2019";"03:00";"5";"50";"50218";"2";"6";"1";"7";"SHERBONE (ROND POINT)";"48,8328600";" -1,5738400"
"201900055630";"21";"9";"2019";"14:30";"1";"43";"43157";"2";"9";"1";"2";"VALETTE (RUE ANTOINE)";"45,0201800";"3,8938500"
"201900055631";"22";"9";"2019";"15:25";"1";"37";"37261";"2";"1";"1";"3";"CHOISEUL (PLACE)";"47,4018400";"0,6842600"
"201900055632";"22";"9";"2019";"09:42";"1";"37";"37261";"2";"1";"2";"7";"ALOUETTE (AVENUE)";"47,3625858";"0,6961263"
"201900055633";"22";"9";"2019";"06:56";"5";"37";"37261";"2";"6";"8";"7";"FRANCAIS LIBRES (CARREFOUR DES)";"47,3969767";"0,7037219"
"201900055634";"22";"9";"2019";"08:20";"2";"34";"34172";"2";"2";"2";"3";"MARCHE GARE (AVENUE DU)";"43,5852700";"3,8821300"
"201900055635";"22";"9";"2019";"10:40";"1";"29";"29019";"2";"1";"1";"6";"AIGUILLON (DE 1 A 37 ET 2 A 46)";"48,3847670";" -4,4870589"
"201900055636";"22";"9";"2019";"20:00";"5";"13";"13211";"2";"1";"1";"3";"VALBARELLE (BOULEVARD DE LA )";"43,2869371";"5,4457378"
"201900055637";"22";"9";"2019";"17:55";"1";"13";"13202";"2";"1";"1";"3";"PARIS (BOULEVARD DE)";"43,3088100";"5,3707800"
"201900055638";"22";"9";"2019";"17:15";"1";"13";"13213";"2";"1";"1";"1";"TAOUME (RUE DU)";"43,3269540";"5,4576760"
"201900055639";"22";"9";"2019";"17:30";"1";"13";"13206";"2";"1";"1";"6";"PRADO (AVENUE DU)";"43,2849038";"5,3843107"
"201900055640";"22";"9";"2019";"02:30";"5";"13";"13215";"2";"2";"8";"3";"LYON (RUE DE)";"43,3292160";"5,3655930"
"201900055641";"14";"9";"2019";"12:10";"1";"1";"01283";"2";"1";"1";"6";"VERDUN (COURS DE DU 59-86 AU 151)";"46,2592660";"5,6469120"
"201900055642";"22";"9";"2019";"06:18";"5";"75";"75106";"2";"5";"1";"6";"BOULEVARD DU MONTPARNASSE";"48,8397520";"2,3365635"
"201900055643";"22";"9";"2019";"14:00";"1";"75";"75117";"2";"2";"2";"3";"RUE DE TOCQUEVILLE";"48,8878429";"2,3070866"
"201900055644";"19";"9";"2019";"08:30";"1";"75";"75116";"2";"2";"1";"3";"AVENUE DE L HIPPODROME";"48,8622868";"2,2383142"
"201900055645";"22";"9";"2019";"12:00";"1";"75";"75107";"2";"1";"2";"6";"PONT DES INVALIDES";"48,8633879";"2,3104012"
"201900055646";"22";"9";"2019";"01:36";"5";"75";"75116";"2";"2";"1";"3";"ALLEE DE LONGCHAMP";"48,8676860";"2,2509510"
"201900055647";"21";"9";"2019";"11:25";"1";"75";"75115";"2";"1";"1";"6";"RUE DES MORILLONS";"48,8332625";"2,2993017"
"201900055648";"21";"9";"2019";"08:15";"1";"75";"75115";"2";"2";"1";"7";"RUE DE LA CONVENTION";"48,8399731";"2,2903582"
"201900055649";"22";"9";"2019";"10:16";"1";"75";"75113";"2";"2";"8";"3";"QUAI D AUSTERLITZ";"48,8419153";"2,3678797"
"201900055650";"22";"9";"2019";"04:30";"5";"75";"75113";"2";"7";"1";"2";"BOULEVARD VINCENT AURIOL";"48,8330190";"2,3618259"
"201900055651";"22";"9";"2019";"13:10";"1";"75";"75107";"2";"2";"2";"6";"RUE DE GRENELLE";"48,8544183";"2,3259139"
"201900055652";"22";"9";"2019";"07:00";"2";"75";"75104";"2";"1";"1";"6";"QUAI HENRI IV";"48,8493846";"2,3618112"
"201900055653";"22";"9";"2019";"20:57";"5";"94";"94081";"2";"3";"2";"3";"YOURI GAGARINE (AV)";"48,7859815";"2,3915116"
"201900055654";"22";"9";"2019";"14:45";"1";"94";"94067";"2";"9";"2";"3";"GENERAL LECLERC (CENTRE (PL DU)";"48,8464996";"2,4179527"
"201900055655";"22";"9";"2019";"19:55";"2";"94";"94074";"2";"3";"2";"3";"RASPAIL (R)";"48,7650100";"2,4450900"
"201900055656";"22";"9";"2019";"18:15";"1";"94";"94046";"2";"2";"2";"1";"GEORGES CLEMENCEAU (AV)";"48,8120243";"2,4436181"
"201900055657";"21";"9";"2019";"16:40";"1";"94";"94022";"2";"1";"1";"6";"HUIT MAI 1945 (AV DU)";"48,7651100";"2,4107200"
"201900055658";"22";"9";"2019";"18:20";"1";"94";"94017";"2";"1";"8";"5";"François Mittérrand (avenue)";"48,8156500";"2,5143500"
"201900055659";"22";"9";"2019";"21:15";"5";"93";"93078";"2";"1";"2";"6";"DAMBEL (AVENUE EMILE)";"48,9558700";"2,5459900"
"201900055660";"22";"9";"2019";"17:00";"1";"93";"93008";"2";"1";"2";"6";"VAILLANT COUTURIER (AVENUE PAUL)";"48,9075800";"2,4544900"
"201900055661";"22";"9";"2019";"19:45";"5";"93";"93001";"2";"9";"1";"6";"REPUBLIQUE (AVE DE LA ) => NO 41/50";"48,9131800";"2,3829200"
"201900055662";"22";"9";"2019";"10:45";"1";"93";"93001";"2";"1";"1";"1";"VICTOR HUGO (AVE)  => 120";"48,9053200";"2,3742900"
"201900055663";"22";"9";"2019";"14:00";"1";"92";"92046";"2";"3";"3";"3";"Coulée Verte";"48,8201890";"2,2959610"
"201900055664";"22";"9";"2019";"10:25";"1";"92";"92046";"2";"3";"1";"1";"GABRIEL PERI";"48,8193000";"2,2957450"
"201900055665";"22";"9";"2019";"14:55";"1";"92";"92012";"2";"2";"2";"7";"SILLY (RUE DE) 1/87 - 2/88";"48,8414000";"2,2313000"
"201900055666";"4";"10";"2019";"21:25";"5";"92";"92012";"2";"2";"1";"3";"REINE (ROUTE DE LA) 1/37- 6/80";"48,8402610";"2,2338831"
"201900055667";"21";"9";"2019";"03:30";"5";"92";"92014";"2";"1";"1";"6";"PASTEUR (RUE)";"48,7734000";"2,3138000"
"201900055668";"19";"9";"2019";"18:00";"1";"54";"54563";"1";"1";"1";"7";"RD 5D PK 0+900";"48,4788460";"6,0826640"
"201900055669";"22";"9";"2019";"19:27";"3";"1";"01052";"1";"1";"3";"3";"D2";"46,0383350";"4,9941470"
"201900055670";"23";"9";"2019";"14:15";"1";"68";"68315";"2";"1";"1";"1";"35 rue du fossé";"47,8854170";"7,2275460"
"201900055671";"19";"9";"2019";"10:45";"1";"95";"95445";"2";"1";"1";"6";"RN 184";"49,0992190";"2,2655820"
"201900055672";"22";"9";"2019";"20:10";"5";"95";"95487";"1";"9";"1";"6";"RD301";"49,1525620";"2,2707920"
"201900055673";"23";"9";"2019";"09:00";"1";"33";"33138";"1";"1";"1";"1";"Les Mougneaux";"45,0589500";" -0,1042000"
"201900055674";"23";"9";"2019";"06:40";"2";"13";"13078";"2";"2";"1";"6";"avenue du port";"43,3939250";"4,7978830"
"201900055675";"15";"9";"2019";"14:20";"1";"972";"97232";"1";"1";"1";"1";"chemin cadette";"14,5725300";" -60,8621140"
"201900055676";"21";"9";"2019";"20:40";"2";"27";"27478";"1";"1";"1";"1";"ROUTE DE SAINT ANDRE CD52 PR17+500";"48,9488060";"1,2245940"
"201900055677";"21";"9";"2019";"12:05";"1";"35";"35176";"2";"6";"1";"2";"Place Bonabry (Messac)";"47,8241700";" -1,8100030"
"201900055678";"23";"9";"2019";"12:20";"1";"22";"22193";"1";"1";"2";"7";"Le Rocher";"48,3879280";" -2,4506650"
"201900055679";"12";"7";"2019";"16:00";"1";"76";"76058";"1";"1";"1";"3";"Route de Mesnil Reaume";"49,9793740";"1,4212310"
"201900055680";"14";"7";"2019";"11:30";"1";"61";"61362";"1";"1";"1";"1";"Le Champ Guide";"48,7024480";" -0,5289370"
"201900055681";"12";"7";"2019";"05:50";"1";"42";"42092";"1";"1";"1";"1";"route départemental 1498";"45,4820550";"4,3537510"
"201900055682";"13";"7";"2019";"21:30";"1";"46";"46029";"2";"1";"1";"6";"8 Avenue de la République";"44,9313090";"1,8482640"
"201900055683";"9";"7";"2019";"18:00";"1";"86";"86263";"2";"1";"1";"1";"les eulets, 86240 smarves";"46,5048710";"0,3474330"
"201900055684";"10";"7";"2019";"18:25";"2";"86";"86209";"1";"2";"7";"3";"Croisement D95 (pk 29+200) et D95A (PK 0)";"46,4707660";"0,3967100"
"201900055685";"13";"7";"2019";"03:15";"3";"34";"34051";"1";"1";"1";"6";"D2";"43,6020660";"3,4817740"
"201900055686";"12";"7";"2019";"17:50";"1";"68";"68115";"2";"3";"1";"1";"rue de soppe";"47,7490960";"7,0925410"
"201900055687";"11";"7";"2019";"11:55";"1";"22";"22204";"1";"1";"1";"1";"kervulguen";"48,7186100";" -3,1566460"
"201900055688";"14";"7";"2019";"08:00";"3";"39";"39222";"1";"1";"1";"7";"N/A";"46,7478810";"5,7319260"
"201900055689";"14";"7";"2019";"09:40";"1";"25";"25222";"1";"1";"1";"3";"Rue de l'Epine";"47,1553210";"6,2765350"
"201900055690";"12";"7";"2019";"19:15";"1";"44";"44152";"1";"1";"1";"1";"La Turcaudais";"47,4643120";" -1,9826510"
"201900055691";"5";"7";"2019";"16:30";"1";"44";"44063";"2";"3";"1";"3";"Rue du Pont Jean Vay";"47,0762890";" -1,2485010"
"201900055692";"11";"7";"2019";"22:05";"2";"44";"44015";"1";"1";"1";"6";"Les Freshes";"47,4749030";" -1,8512720"
"201900055693";"12";"7";"2019";"14:30";"1";"35";"35095";"2";"1";"1";"6";"Rue des Ponts";"48,5470760";" -1,7593080"
"201900055694";"13";"7";"2019";"05:26";"2";"29";"29041";"2";"6";"1";"6";"Rue de Pen Pavé";"48,0590770";" -3,8292610"
"201900055695";"12";"7";"2019";"20:05";"1";"29";"29209";"1";"1";"1";"5";"Tariec";"48,5452215";" -4,5045989"
"201900055696";"10";"7";"2019";"09:45";"1";"31";"31561";"2";"1";"1";"3";"Avenue Hermès";"43,6394940";"1,4967620"
"201900055697";"13";"7";"2019";"18:00";"1";"38";"38075";"1";"3";"1";"3";"RD 1090";"45,4653370";"5,9930780"
"201900055698";"21";"6";"2019";"14:20";"1";"38";"38039";"2";"1";"1";"2";"192 Route Départementale 1090";"45,2718960";"5,8687950"
"201900055699";"11";"7";"2019";"08:50";"1";"38";"38229";"2";"1";"1";"3";"Boulevard des Alpes";"45,2036700";"5,7734700"
"201900055700";"13";"7";"2019";"12:30";"1";"15";"15092";"1";"2";"1";"3";"Départemenatle 49";"45,4166340";"2,5430050"
"201900055701";"13";"7";"2019";"19:45";"2";"15";"15205";"1";"1";"1";"6";"D35 - PK43+600 sens croissant";"45,1412900";"2,5055110"
"201900055702";"13";"7";"2019";"15:50";"1";"1";"01229";"1";"2";"1";"1";"Route de Bourg";"46,3127140";"5,1437570"
"201900055703";"11";"7";"2019";"17:30";"1";"58";"58215";"1";"1";"1";"1";"D38";"47,2824060";"2,9563430"
"201900055704";"13";"7";"2019";"15:45";"1";"58";"58301";"2";"1";"1";"6";"bourg";"46,9129010";"3,7608310"
"201900055705";"12";"7";"2019";"17:00";"1";"66";"66205";"1";"1";"1";"7";"d69";"42,8022190";"2,6732680"
"201900055706";"12";"7";"2019";"19:40";"2";"66";"66154";"1";"1";"1";"7";"D118";"42,6602800";"2,1268500"
"201900055707";"10";"7";"2019";"20:00";"1";"54";"54583";"2";"1";"1";"7";"Rue de Maron";"48,6588750";"5,9800540"
"201900055708";"11";"7";"2019";"17:00";"1";"72";"72262";"1";"1";"1";"3";"La Foctière (Ruillé-sur-Loir)";"47,7493550";"0,5996090"
"201900055709";"13";"7";"2019";"18:50";"1";"6";"06023";"1";"1";"1";"5";"Rd 6204 beil sur roya PK 2";"43,9046360";"7,5241810"
"201900055710";"12";"7";"2019";"18:30";"1";"6";"06104";"1";"1";"1";"1";"Chemin de la Coupière";"43,7704270";"7,4553800"
"201900055711";"12";"7";"2019";"23:15";"5";"6";"06138";"2";"1";"1";"1";"avenue de lerins";"43,5135400";"6,9370680"
"201900055712";"13";"7";"2019";"01:05";"3";"14";"14471";"1";"1";"1";"6";"La gaillardière";"48,9906020";"0,2591120"
"201900055713";"13";"7";"2019";"15:30";"1";"14";"14739";"1";"1";"1";"7";"VER SUR MER RD514";"49,3399250";" -0,5409060"
"201900055714";"8";"7";"2019";"11:30";"1";"14";"14367";"1";"1";"1";"2";"Route Départementale 11";"49,2294340";" -1,0508280"
"201900055715";"13";"7";"2019";"05:10";"2";"14";"14738";"1";"3";"1";"2";"Rue Saint-Manvieu";"49,1553370";" -0,4602840"
"201900055716";"14";"7";"2019";"12:15";"1";"50";"50109";"1";"1";"1";"1";"RD 13 le pont au ferrey";"48,9124390";" -1,4450710"
"201900055717";"13";"7";"2019";"17:00";"1";"50";"50523";"1";"1";"1";"7";"La Fière";"49,4045460";" -1,3538750"
"201900055718";"12";"7";"2019";"22:30";"3";"60";"60151";"1";"1";"1";"6";"Départmentale 81";"49,4315695";"2,9176208"
"201900055719";"13";"7";"2019";"00:40";"3";"60";"60628";"1";"1";"1";"6";"N31";"49,4222996";"2,1527905"
"201900055720";"13";"7";"2019";"09:10";"1";"45";"45146";"2";"2";"7";"3";"R G BEAUMARIE - R DE LA ROTONDE";"47,7188400";"1,9374820"
"201900055721";"12";"7";"2019";"18:15";"1";"64";"64040";"1";"1";"7";"1";"Route de Lanne - CD 918";"43,1004767";" -0,7245380"
"201900055722";"12";"7";"2019";"09:55";"1";"73";"73159";"1";"2";"1";"3";"D202 Villarbet";"45,4710523";"6,0785374"
"201900055723";"14";"7";"2019";"04:49";"2";"18";"18235";"1";"1";"1";"6";"RD 955";"47,1598440";"2,5237080"
"201900055724";"13";"7";"2019";"02:30";"3";"18";"18166";"1";"1";"1";"7";"Rue des Alouettes";"47,0991570";"2,5645200"
"201900055725";"13";"7";"2019";"23:15";"3";"43";"43186";"1";"1";"1";"6";"chaudeyrac";"44,9690320";"4,1655450"
"201900055726";"17";"5";"2019";"12:15";"1";"7";"07349";"1";"3";"2";"1";"D86E";"44,8149670";"4,7921530"
"201900055727";"11";"7";"2019";"17:50";"1";"53";"53107";"2";"6";"1";"2";"Rue du Douanier Rousseau";"48,4109920";" -0,8059310"
"201900055728";"14";"7";"2019";"12:15";"1";"53";"53222";"2";"1";"1";"7";"8 Rue de la Mairie";"48,2206920";" -0,7346320"
"201900055729";"9";"7";"2019";"21:00";"1";"53";"53182";"2";"1";"1";"7";"19 Rue du Huit Mai 1945";"48,1153850";" -0,9727750"
"201900055730";"12";"7";"2019";"09:05";"1";"21";"21387";"1";"1";"1";"6";"RD973";"47,0070690";"4,9566920"
"201900055731";"18";"6";"2019";"22:40";"5";"40";"40009";"2";"6";"1";"6";"Rond-Point RD38";"44,0149280";" -0,8458210"
"201900055732";"14";"7";"2019";"15:00";"1";"24";"24330";"1";"1";"1";"7";"La Rousselie";"45,0704000";"1,0423800"
"201900055733";"10";"7";"2019";"06:15";"2";"4";"04066";"1";"1";"1";"6";"RD 4";"44,4040579";"5,9801242"
"201900055734";"13";"7";"2019";"14:15";"1";"4";"04104";"1";"1";"1";"7";"RD 950";"43,9936050";"5,7375490"
"201900055735";"12";"7";"2019";"14:05";"1";"4";"04111";"1";"1";"1";"1";"RD 13";"43,9224830";"5,7775460"
"201900055736";"12";"7";"2019";"11:10";"1";"4";"04166";"2";"1";"1";"7";"RD 952";"43,8184070";"6,1010750"
"201900055737";"11";"7";"2019";"17:25";"1";"85";"85142";"1";"1";"1";"3";"Rue des Essarts";"46,7718100";" -1,3095600"
"201900055738";"14";"7";"2019";"02:27";"5";"27";"27467";"2";"1";"1";"6";"95 TER Route de Rouen";"49,3557400";"0,5267870"
"201900055739";"11";"7";"2019";"21:25";"1";"28";"28023";"2";"1";"1";"6";"RUE DE L'ANCIENNE GARE";"48,5341480";"1,6533390"
"201900055740";"13";"7";"2019";"19:05";"1";"17";"17212";"1";"1";"1";"1";"RD 224";"45,8291920";" -0,2398380"
"201900055741";"14";"7";"2019";"03:15";"5";"17";"17241";"2";"1";"1";"6";"ZI Clairvent";"45,2111580";" -0,1757600"
"201900055742";"13";"7";"2019";"10:25";"1";"37";"37173";"1";"2";"1";"3";"départementale 12";"47,1685640";"1,2810902"
"201900055743";"12";"7";"2019";"17:50";"1";"37";"37109";"2";"2";"1";"3";"Rue Eugène Gouin";"47,4045400";"0,5997308"
"201900055744";"11";"7";"2019";"11:15";"1";"30";"30339";"2";"1";"1";"6";"Le Gasquet Haut";"44,0806230";"3,6417630"
"201900055745";"12";"7";"2019";"07:30";"1";"30";"30255";"1";"1";"1";"2";"RN106";"43,9538574";"4,2394878"
"201900055746";"14";"7";"2019";"13:45";"1";"8";"08214";"1";"1";"1";"3";"RD7";"50,0167260";"4,7558470"
"201900055747";"5";"7";"2019";"23:00";"3";"973";"97307";"2";"1";"1";"1";"1005 Rue du Champ de Canne";"4,8818611";" -52,3210144"
"201900055748";"12";"7";"2019";"20:00";"2";"80";"80754";"1";"1";"1";"7";"Autoroute A29 PK 163.000";"49,8141690";"1,9331910"
"201900055749";"31";"5";"2019";"15:00";"1";"80";"80632";"1";"1";"1";"6";"Autoroute a 16";"49,8945060";"2,2307450"
"201900055750";"13";"7";"2019";"15:50";"1";"31";"31395";"1";"1";"1";"2";"A64 PK 269+318 en direction de TOULOUSE";"43,4382690";"1,3093930"
"201900055751";"12";"7";"2019";"14:14";"1";"31";"31107";"1";"1";"1";"2";"A64 - PK 253.744";"43,3193330";"1,2165890"
"201900055752";"12";"7";"2019";"11:35";"1";"31";"31104";"1";"1";"1";"2";"A.64";"43,3374870";"1,2480460"
"201900055753";"11";"7";"2019";"16:15";"1";"34";"34337";"1";"1";"7";"2";"RD 612";"43,5528120";"3,8383260"
"201900055754";"14";"7";"2019";"03:00";"5";"6";"06018";"2";"1";"1";"7";"Chemin Neuf";"43,6270360";"7,0951620"
"201900055755";"14";"7";"2019";"13:35";"1";"1";"01089";"1";"1";"1";"5";"A 42 - PK 040.100 - SENS LYON/GENEVE";"45,9588410";"5,3052340"
"201900055756";"11";"7";"2019";"16:55";"1";"69";"69299";"1";"1";"1";"7";"A432 - pk027+500";"45,7064000";"5,0995500"
"201900055757";"13";"7";"2019";"11:30";"1";"79";"79048";"1";"1";"1";"4";"N/A";"46,3477440";" -0,3174240"
"201900055758";"12";"7";"2019";"19:55";"1";"89";"89022";"1";"1";"1";"7";"A6 pk 207.7 sens PARIS-LYON";"47,5286111";"3,9841453"