"Num_Acc";"jour";"mois";"an";"hrmn";"lum";"dep";"com";"agg";"int";"atm";"col";"adr";"lat";"long"
"201900055759";"12";"7";"2019";"16:00";"1";"67";"67067";"1";"1";"1";"5";"autoroute A4, PK 468.300";"48,7032470";"7,7128080"
"201900055760";"13";"7";"2019";"04:50";"3";"90";"90062";"1";"1";"1";"2";"A36";"47,6731950";"6,9736000"
"201900055761";"12";"7";"2019";"02:20";"3";"6";"06088";"1";"1";"1";"7";"A8 PK 207+000 sens Nord";"43,7450290";"7,3676820"
"201900055762";"14";"7";"2019";"08:15";"1";"976";"97613";"2";"1";"1";"6";"Rue du Collège";" -12,7590210";"45,0796040"
"201900055763";"13";"7";"2019";"12:45";"1";"34";"34101";"1";"1";"1";"4";"a9, PK 144+700";"43,3909470";"3,4606590"
"201900055764";"11";"7";"2019";"17:33";"1";"34";"34113";"1";"1";"1";"4";"Autoroute A9, bretelle d'entrée, aire de repos de GIGEAN Sud, PK 119+800, sens SETE MONTPELLIER";"43,4909090";"3,7167140"
"201900055765";"12";"7";"2019";"11:10";"1";"13";"13067";"1";"1";"1";"2";"Autoroute A7 Pk 217+300 sens Sud/ Nord";"43,7915700";"5,0431020"
"201900055766";"13";"7";"2019";"00:30";"3";"988";"98808";"1";"1";"1";"7";"Tribu de KARAGREU";" -21,3825600";"165,4126700"
"201900055767";"11";"7";"2019";"21:50";"3";"988";"98817";"1";"1";"2";"6";"RP3 - Col de Mouirange";" -22,2203100";"166,6651500"
"201900055768";"13";"7";"2019";"01:25";"3";"988";"98802";"1";"1";"1";"7";"RT 1 PK 74+50";" -21,8879940";"166,0713820"
"201900055769";"14";"7";"2019";"02:15";"5";"976";"97608";"2";"1";"1";"2";"Route des Badamiers";" -12,7804220";"45,2796480"
"201900055770";"11";"7";"2019";"16:45";"1";"973";"97311";"1";"1";"1";"1";"Route de Saint-Jean";"5,4336880";" -54,0374200"
"201900055771";"12";"7";"2019";"14:40";"1";"971";"97107";"2";"1";"1";"3";"Rue de Cambrefort - Bidou";"16,0613600";" -61,5689100"
"201900055772";"11";"7";"2019";"15:20";"1";"33";"33097";"1";"1";"1";"1";"D207";"45,0783300";" -1,1689300"
"201900055773";"12";"7";"2019";"11:45";"1";"77";"77383";"1";"2";"1";"2";"D619";"48,5621516";"3,0827447"
"201900055774";"12";"7";"2019";"03:30";"3";"77";"77367";"1";"1";"1";"5";"D405";"49,0453800";"2,9954300"
"201900055775";"5";"7";"2019";"17:00";"1";"77";"77183";"2";"1";"1";"3";"Rue des Carreaux";"48,9450520";"3,1294350"
"201900055776";"12";"7";"2019";"22:00";"2";"77";"77191";"1";"3";"1";"3";"D408 X D67";"48,5562860";"2,9683122"
"201900055777";"12";"7";"2019";"13:00";"1";"95";"95301";"2";"1";"1";"1";"36 Route de la Vallée";"49,0765290";"1,6798510"
"201900055778";"12";"7";"2019";"17:20";"1";"78";"78335";"1";"1";"1";"1";"D983";"49,0126340";"1,7364340"
"201900055779";"12";"7";"2019";"08:30";"1";"2B";"2B079";"2";"1";"1";"1";"Ponte Novu";"42,4852870";"9,2807240"
"201900055780";"13";"7";"2019";"16:50";"1";"2B";"2B298";"2";"1";"1";"6";"route de Calvi";"42,6777980";"9,3027400"
"201900055781";"12";"7";"2019";"05:30";"2";"66";"66017";"2";"6";"1";"6";"avenue du roussillon";"42,8384260";"3,0399370"
"201900055782";"6";"7";"2019";"10:00";"1";"66";"66037";"2";"6";"1";"6";"ROND POINT DES ONNEURS DE SANG BENEVOLES AVENUE DE LA MEDITERRANEE";"42,7051595";"3,0055387"
"201900055783";"14";"7";"2019";"16:45";"1";"34";"34199";"2";"1";"1";"5";"Avenue Jacques Denis Tastavin et Michel Llopis";"43,4629910";"3,4136070"
"201900055784";"11";"7";"2019";"13:45";"1";"34";"34161";"2";"1";"1";"6";"Avenue de Beziers";"43,3305880";"3,1231290"
"201900055785";"16";"6";"2019";"11:00";"1";"83";"83071";"1";"1";"1";"7";"Passage du Cerf";"43,1767240";"6,2123300"
"201900055786";"14";"7";"2019";"19:30";"1";"83";"83035";"1";"1";"1";"1";"N/A";"43,2565900";"5,7500910"
"201900055787";"13";"7";"2019";"19:25";"1";"83";"83016";"1";"1";"1";"6";"Passage de Pouyen";"43,2133800";"5,8147430"
"201900055788";"12";"7";"2019";"10:30";"1";"83";"83059";"1";"1";"1";"2";"RD 554";"43,3333660";"6,0748000"
"201900055789";"13";"7";"2019";"07:40";"1";"6";"06075";"1";"1";"7";"1";"5047 Route de Saint-Blaise";"43,8298630";"7,2391290"
"201900055790";"14";"7";"2019";"11:35";"1";"4";"04039";"1";"1";"1";"7";"RD 952";"43,8347390";"6,4930860"
"201900055791";"12";"7";"2019";"17:10";"1";"13";"13084";"1";"2";"7";"3";"D23";"43,7261290";"5,2749960"
"201900055792";"13";"7";"2019";"14:05";"1";"13";"13014";"2";"1";"1";"2";"Boulevard Henri Wallon";"43,4900340";"5,1728890"
"201900055793";"14";"7";"2019";"13:40";"1";"13";"13022";"2";"1";"1";"6";"Ancien Chemin de Marseille";"43,2180430";"5,5380950"
"201900055794";"11";"7";"2019";"14:30";"1";"13";"13042";"1";"1";"1";"1";"d8n";"43,2955499";"5,6259948"
"201900055795";"12";"7";"2019";"12:00";"1";"13";"13066";"1";"6";"1";"5";"Route de Châteaurenard Cd 28";"43,8853560";"4,8947480"
"201900055796";"8";"7";"2019";"23:45";"3";"13";"13004";"1";"1";"1";"3";"RD 453";"43,6774110";"4,6283890"
"201900055797";"13";"7";"2019";"17:40";"1";"89";"89099";"2";"3";"1";"1";"Rue Georges Jacob";"47,9541681";"3,5346195"
"201900055798";"14";"7";"2019";"05:55";"2";"8";"08328";"2";"1";"1";"6";"Lotissement le Soleil";"49,8218130";"4,7623580"
"201900055799";"12";"7";"2019";"08:10";"1";"68";"68185";"2";"3";"2";"3";"29 rue Clémenceau";"48,2714030";"7,2825610"
"201900055800";"4";"7";"2019";"19:30";"1";"68";"68230";"1";"1";"1";"7";"Rue de l'Église";"47,9343570";"7,5543100"
"201900055801";"10";"7";"2019";"19:30";"1";"68";"68223";"2";"3";"1";"1";"Rue Gaessle";"48,0267340";"7,0867590"
"201900055802";"13";"7";"2019";"11:30";"1";"68";"68226";"2";"1";"1";"1";"Grand rue";"48,0411970";"7,1362050"
"201900055803";"12";"7";"2019";"17:19";"1";"63";"63204";"1";"1";"1";"3";"Route départementale 2";"45,8042893";"3,2008232"
"201900055804";"13";"7";"2019";"15:22";"1";"73";"73054";"1";"1";"1";"2";"D902";"45,6935600";"6,7098363"
"201900055805";"13";"7";"2019";"02:50";"3";"73";"73081";"1";"1";"1";"6";"D911 Rue Henri Bouvier";"45,6768935";"6,1445598"
"201900055806";"13";"7";"2019";"17:10";"1";"38";"38468";"1";"1";"1";"2";"départementale 4, salaise sur sanne";"45,3492340";"4,7887640"
"201900055807";"6";"4";"2019";"01:40";"3";"38";"38425";"1";"1";"1";"6";"Montée de Louze";"45,3999410";"4,8084830"
"201900055808";"11";"7";"2019";"22:35";"4";"38";"38247";"2";"1";"1";"3";"05 RUE DES CARRIÈRES";"45,8134740";"5,4032990"
"201900055809";"13";"7";"2019";"18:00";"1";"69";"69167";"1";"1";"1";"2";"D 504";"46,0192100";"4,5725340"
"201900055810";"13";"7";"2019";"10:45";"1";"69";"69148";"2";"1";"1";"7";"place de l'église";"45,6590319";"4,7187039"
"201900055811";"10";"7";"2019";"02:35";"4";"17";"17225";"2";"1";"1";"6";"Route de la Fouasse";"45,7219260";" -1,1723290"
"201900055812";"12";"7";"2019";"09:40";"1";"33";"33243";"2";"1";"7";"3";"rue Jules Védrines";"44,9068320";" -0,2350480"
"201900055813";"14";"7";"2019";"05:20";"2";"72";"72244";"1";"1";"1";"6";"PK 20.900 CD 24";"47,7654040";" -0,3249840"
"201900055814";"13";"7";"2019";"14:30";"1";"72";"72151";"1";"1";"7";"7";"CD 252";"47,8725960";" -0,3068240"
"201900055815";"12";"6";"2019";"07:40";"1";"50";"50294";"2";"1";"3";"1";"Le vigny";"49,5957700";" -1,6484900"
"201900055816";"12";"7";"2019";"15:00";"1";"14";"14240";"1";"1";"1";"6";"Bois de catillon";"48,9474700";" -0,1682680"
"201900055817";"13";"7";"2019";"09:37";"1";"14";"14698";"1";"1";"1";"7";"D37";"49,2122650";" -0,2162720"
"201900055818";"13";"7";"2019";"17:15";"1";"14";"14538";"1";"1";"1";"6";"N158 sens Falaise Caen pr31+450";"49,0878020";" -0,3054290"
"201900055819";"13";"7";"2019";"10:30";"1";"29";"29006";"2";"3";"1";"3";"avenue de la mer";"47,8741210";" -4,1052290"
"201900055820";"21";"6";"2019";"07:50";"1";"27";"27410";"1";"6";"1";"3";"Route Nationale 13";"49,0140130";"1,2392910"
"201900055821";"11";"7";"2019";"21:20";"1";"60";"60446";"1";"1";"1";"3";"RN2";"49,1307430";"2,7949980"
"201900055822";"12";"7";"2019";"21:27";"2";"60";"60018";"1";"1";"1";"7";"D1001";"49,2468599";"2,2100734"
"201900055823";"12";"7";"2019";"08:25";"1";"59";"59396";"2";"3";"1";"3";"route d'avesnes";"50,2694010";"3,8201370"
"201900055824";"13";"7";"2019";"17:00";"1";"13";"13215";"1";"1";"1";"5";"A7-Sens Lyon vers Marseille";"43,3786470";"5,3554140"
"201900055825";"12";"7";"2019";"07:15";"1";"13";"13210";"2";"1";"1";"7";"A50-Sens Aubagne vers Marseille";"43,2858920";"5,4274720"
"201900055826";"12";"7";"2019";"19:40";"1";"13";"13106";"1";"1";"1";"2";"A51-Sens Aix en Provence vers Marseille";"43,4025800";"5,3562200"
"201900055827";"12";"7";"2019";"11:10";"1";"13";"13071";"1";"1";"1";"4";"A51-Sens Aix en Provence vers Marseille";"43,4163120";"5,3650340"
"201900055828";"18";"6";"2019";"18:18";"1";"69";"69029";"1";"1";"1";"3";"RD383   7.640 A 11.044";"45,7291100";"4,8982800"
"201900055829";"9";"7";"2019";"17:08";"1";"67";"67482";"1";"1";"1";"5";"Autoroute A.35";"48,5802600";"7,7243300"
"201900055830";"13";"7";"2019";"21:45";"1";"33";"33013";"1";"1";"1";"6";"ROUTE NATIONALE 230";"44,8668000";" -0,5038400"
"201900055831";"12";"7";"2019";"22:00";"3";"33";"33162";"1";"1";"1";"6";"ROCADE A 630";"44,8650500";" -0,6519500"
"201900055832";"12";"7";"2019";"07:20";"1";"33";"33550";"1";"1";"1";"3";"ROCADE A 630";"44,7786000";" -0,5544900"
"201900055833";"13";"7";"2019";"10:30";"1";"91";"91377";"1";"1";"1";"3";"RD 188";"48,7274000";"2,2882000"
"201900055834";"12";"7";"2019";"17:20";"1";"91";"91534";"1";"1";"1";"2";"RN 118";"48,7345000";"2,1712000"
"201900055835";"12";"7";"2019";"14:15";"1";"91";"91235";"1";"1";"1";"3";"RN 104";"48,6246200";"2,3729480"
"201900055836";"12";"7";"2019";"11:30";"5";"94";"94034";"1";"1";"1";"4";"AUTOROUTE A86";"48,7581300";"2,3265300"
"201900055837";"11";"7";"2019";"12:38";"1";"91";"91477";"1";"1";"1";"7";"AUTOROUTE A10";"48,7136800";"2,2528800"
"201900055838";"11";"7";"2019";"09:00";"1";"94";"94021";"1";"9";"8";"3";"AUTOROUTE A106";"48,7676300";"2,3452500"
"201900055839";"13";"7";"2019";"20:55";"2";"78";"78126";"1";"1";"1";"3";"A13";"48,8396870";"2,1176760"
"201900055840";"13";"7";"2019";"09:39";"1";"78";"78043";"1";"1";"1";"2";"A12 W";"48,8365830";"2,0893460"
"201900055841";"12";"7";"2019";"16:20";"1";"92";"92036";"1";"1";"1";"4";"A86";"48,9359905";"2,2883487"
"201900055842";"11";"7";"2019";"18:35";"1";"78";"78238";"1";"1";"1";"2";"A13";"48,9690000";"1,8632900"
"201900055843";"11";"7";"2019";"16:30";"1";"92";"92050";"1";"1";"1";"7";"A14";"48,9025139";"2,2007232"
"201900055844";"11";"7";"2019";"11:10";"1";"78";"78418";"1";"1";"1";"6";"A14";"48,9163160";"2,1281890"
"201900055845";"11";"7";"2019";"06:30";"2";"78";"78490";"1";"1";"1";"6";"RN12 EXT";"48,8012700";"1,9428800"
"201900055846";"11";"7";"2019";"06:00";"2";"78";"78490";"1";"1";"1";"7";"RN12 INT";"48,8015000";"1,9503000"
"201900055847";"13";"7";"2019";"19:45";"1";"95";"95028";"1";"1";"1";"2";"RN 104";"49,0597300";"2,3520800"
"201900055848";"13";"7";"2019";"19:00";"1";"92";"92036";"1";"1";"1";"2";"AUTOROUTE A86";"48,9384595";"2,3106864"
"201900055849";"12";"7";"2019";"19:45";"1";"93";"93005";"1";"1";"1";"7";"AUTOROUTE A3";"48,9286300";"2,4813200"
"201900055850";"12";"7";"2019";"16:50";"1";"92";"92036";"1";"1";"1";"3";"AUTOROUTE A15";"48,9424040";"2,2895003"
"201900055851";"12";"7";"2019";"08:40";"1";"93";"93010";"1";"1";"1";"4";"AUTOROUTE A3";"48,8905400";"2,4733300"
"201900055852";"12";"7";"2019";"06:20";"1";"93";"93005";"1";"1";"1";"4";"AUTOROUTE A3";"48,9593700";"2,4650600"
"201900055853";"11";"7";"2019";"17:20";"1";"95";"95306";"1";"1";"1";"4";"AUTOROUTE A15";"49,0002800";"2,1743200"
"201900055854";"10";"7";"2019";"23:20";"3";"92";"92036";"1";"1";"1";"6";"AUTOROUTE A86";"48,9385110";"2,3121015"
"201900055855";"10";"7";"2019";"16:15";"1";"92";"92036";"1";"9";"1";"3";"AUTOROUTE A86";"48,9390677";"2,3032914"
"201900055856";"10";"7";"2019";"09:15";"1";"93";"93005";"1";"1";"1";"2";"AUTOROUTE A3";"48,9519100";"2,4752900"
"201900055857";"10";"7";"2019";"09:50";"1";"93";"93053";"1";"1";"1";"4";"AUTOROUTE A103";"48,8879600";"2,4725100"
"201900055858";"9";"7";"2019";"19:10";"1";"93";"93027";"1";"1";"1";"3";"BDL";"48,9343630";"2,3966130"
"201900055859";"13";"7";"2019";"00:00";"3";"77";"77372";"1";"1";"1";"2";"A104";"48,8895450";"2,6674570"
"201900055860";"12";"7";"2019";"16:40";"1";"94";"94028";"1";"1";"1";"6";"A86 EXT";"48,8027305";"2,4483867"
"201900055861";"12";"7";"2019";"15:40";"1";"77";"77373";"1";"1";"1";"4";"RN104";"48,8011094";"2,6252425"
"201900055862";"12";"7";"2019";"12:45";"1";"94";"94052";"1";"1";"1";"6";"A86 INT";"48,8344183";"2,4932707"
"201900055863";"10";"7";"2019";"23:10";"5";"94";"94042";"1";"1";"1";"2";"A4";"48,7639581";"2,3420715"
"201900055864";"10";"7";"2019";"21:45";"5";"94";"94073";"1";"9";"1";"2";"A86 EXT";"48,7710535";"2,3889587"
"201900055865";"10";"7";"2019";"18:30";"1";"94";"94033";"1";"1";"1";"3";"A86.INT";"48,8535900";"2,4891600"
"201900055866";"9";"7";"2019";"13:02";"1";"49";"49007";"2";"1";"1";"7";"LETANDUERE";"47,4574300";" -0,5540500"
"201900055867";"28";"3";"2019";"12:50";"1";"33";"33192";"1";"1";"1";"3";"AUTOROUTE A 63";"44,7811600";" -0,6365500"
"201900055868";"28";"3";"2019";"12:35";"1";"33";"33090";"1";"1";"1";"2";"AUTOROUTE A 63";"44,7633900";" -0,6748000"
"201900055869";"30";"3";"2019";"16:20";"1";"91";"91689";"1";"1";"1";"4";"AUTOROUTE A6B";"48,7496680";"2,3286890"
"201900055870";"30";"3";"2019";"13:40";"1";"91";"91347";"1";"1";"1";"5";"RN 104";"48,6221200";"2,2829100"
"201900055871";"30";"3";"2019";"10:40";"1";"91";"91136";"1";"1";"1";"5";"AUTOROUTE A126";"48,7116200";"2,2928760"
"201900055872";"30";"3";"2019";"09:53";"1";"91";"91689";"1";"1";"1";"3";"AUTOROUTE A6B";"48,7469600";"2,3266000"
"201900055873";"29";"3";"2019";"11:50";"1";"94";"94065";"1";"9";"1";"4";"AUTOROUTE A86";"48,7547700";"2,3468500"
"201900055874";"28";"3";"2019";"21:58";"3";"91";"91312";"1";"1";"1";"1";"RD 444";"48,7312730";"2,2396310"
"201900055875";"28";"3";"2019";"11:00";"1";"94";"94034";"1";"1";"1";"2";"AUTOROUTE A86";"48,7620815";"2,3139095"
"201900055876";"28";"3";"2019";"07:05";"1";"94";"94038";"1";"1";"1";"2";"AUTOROUTE A6A";"48,7854000";"2,3464000"
"201900055877";"29";"3";"2019";"16:10";"1";"78";"78043";"1";"1";"1";"2";"A12 W";"48,8343800";"2,0872000"
"201900055878";"29";"3";"2019";"08:45";"1";"78";"78490";"1";"1";"1";"2";"RN12 EXT";"48,8004170";"1,9389110"
"201900055879";"28";"3";"2019";"23:00";"4";"92";"92050";"1";"1";"1";"2";"A86";"48,8924962";"2,1863429"
"201900055880";"28";"3";"2019";"21:10";"3";"78";"78545";"1";"1";"1";"6";"A12 Y";"48,8089330";"2,0544450"
"201900055881";"28";"3";"2019";"21:00";"5";"92";"92050";"1";"1";"1";"6";"AUTOROUTE A14";"48,8996754";"2,2115028"
"201900055882";"28";"3";"2019";"20:16";"3";"92";"92047";"1";"1";"1";"2";"A13";"48,8335438";"2,1618435"
"201900055883";"28";"3";"2019";"09:20";"1";"92";"92050";"1";"4";"1";"6";"A86";"48,9019463";"2,2029090"
"201900055884";"28";"3";"2019";"09:05";"1";"92";"92050";"1";"1";"1";"5";"A14";"48,9003493";"2,2094019"
"201900055885";"27";"3";"2019";"20:30";"3";"78";"78297";"1";"1";"1";"2";"RN12";"48,7890080";"2,0606240"
"201900055886";"30";"3";"2019";"17:05";"1";"95";"95018";"1";"1";"1";"7";"AUTOROUTE A15";"48,9549000";"2,2785300"
"201900055887";"30";"3";"2019";"16:00";"1";"92";"92036";"1";"1";"1";"2";"AUTOROUTE A15";"48,9435831";"2,2873876"
"201900055888";"30";"3";"2019";"01:20";"3";"93";"93010";"1";"1";"1";"6";"AUTOROUTE A3";"48,9065400";"2,4725000"
"201900055889";"29";"3";"2019";"18:35";"1";"95";"95572";"1";"1";"1";"4";"RN 184";"49,0353200";"2,1163700"
"201900055890";"29";"3";"2019";"16:25";"1";"95";"95394";"1";"1";"1";"2";"RN 184";"49,0505000";"2,1460800"
"201900055891";"29";"3";"2019";"16:30";"1";"93";"93027";"1";"1";"1";"2";"AUTOROUTE A1";"48,9340100";"2,3894900"
"201900055892";"29";"3";"2019";"15:00";"1";"93";"93007";"1";"1";"1";"2";"AUTOROUTE A3";"48,9182600";"2,4786700"
"201900055893";"29";"3";"2019";"10:30";"1";"92";"92036";"1";"1";"1";"4";"RN 315 ";"48,9366260";"2,2998723"
"201900055894";"28";"3";"2019";"19:45";"2";"93";"93078";"1";"1";"1";"3";"AUTOROUTE A104";"48,9616400";"2,5451400"
"201900055895";"28";"3";"2019";"11:15";"1";"93";"93064";"1";"1";"1";"5";"AUTOROUTE A86";"48,8767600";"2,4776700"
"201900055896";"27";"3";"2019";"21:35";"3";"93";"93064";"1";"1";"1";"3";"AUTOROUTE A3";"48,8856700";"2,4726400"
"201900055897";"27";"3";"2019";"18:45";"1";"93";"93027";"1";"1";"1";"7";"AUTOROUTE A86";"48,9225400";"2,3794200"
"201900055898";"27";"3";"2019";"14:30";"1";"93";"93007";"1";"1";"1";"2";"AUTOROUTE A3";"48,9375100";"2,4799700"
"201900055899";"27";"3";"2019";"14:23";"1";"93";"93066";"1";"1";"1";"4";"AUTOROUTE A1";"48,9197300";"2,3575300"
"201900055900";"27";"3";"2019";"13:20";"1";"93";"93066";"1";"1";"1";"7";"AUTOROUTE A86";"48,9237400";"2,3426900"
"201900055901";"27";"3";"2019";"09:10";"1";"95";"95252";"1";"1";"1";"2";"AUTOROUTE A115";"48,9867000";"2,2423500"
"201900055902";"27";"3";"2019";"10:15";"1";"93";"93006";"1";"1";"1";"2";"AUTOROUTE A3";"48,8659900";"2,4162000"
"201900055903";"27";"3";"2019";"08:00";"1";"93";"93064";"1";"1";"1";"3";"AUTOROUTE A86";"48,8808100";"2,4752500"
"201900055904";"26";"3";"2019";"14:30";"1";"93";"93013";"1";"1";"1";"5";"AUTOROUTE A1";"48,9402700";"2,4234600"
"201900055905";"30";"3";"2019";"17:20";"1";"94";"94073";"1";"1";"1";"5";"A86 INT";"48,7610000";"2,3826600"
"201900055906";"29";"3";"2019";"20:00";"3";"77";"77373";"1";"1";"1";"4";"RN104";"48,7906990";"2,6182710"
"201900055907";"29";"3";"2019";"15:15";"1";"94";"94033";"1";"1";"1";"6";"A86.INT";"48,8557566";"2,4882782"
"201900055908";"29";"3";"2019";"08:25";"1";"94";"94069";"1";"1";"1";"3";"A4";"48,8179000";"2,4285000"
"201900055909";"29";"3";"2019";"00:05";"5";"94";"94017";"1";"1";"1";"2";"A4";"48,8263400";"2,5183900"
"201900055910";"28";"3";"2019";"18:30";"1";"77";"77146";"1";"1";"1";"2";"A4.Y";"48,8323600";"2,6600500"
"201900055911";"27";"3";"2019";"08:35";"1";"77";"77251";"1";"1";"1";"2";"RN104";"48,6453175";"2,5486776"
"201900055912";"26";"3";"2019";"15:50";"1";"91";"91434";"2";"1";"1";"3";"CORBEIL (ROUTE DE)";"48,6596000";"2,3401700"
"201900055913";"25";"3";"2019";"18:00";"1";"38";"38544";"2";"1";"1";"6";"Cours BRILLIER";"45,5217337";"4,8727728"
"201900055914";"25";"3";"2019";"16:45";"1";"30";"30189";"2";"6";"1";"3";"ALLENDE SALVADOR (RUE)";"43,8159400";"4,3421300"
"201900055915";"26";"3";"2019";"09:20";"1";"94";"94068";"2";"4";"1";"3";"CARNOT (AV)";"48,8004900";"2,4872000"
"201900055916";"27";"3";"2019";"11:05";"1";"988";"98818";"2";"1";"1";"2";"HT N°9 PROMENADE ROGER LAROQUE";" -22,2963900";"166,4380800"
"201900055917";"27";"3";"2019";"18:45";"3";"974";"97416";"1";"1";"2";"6";"RN2 direction St Benoit sortie petit BazardPETIT BAZAR";" -20,9443200";"55,6493300"
"201900055918";"27";"3";"2019";"16:30";"1";"974";"97411";"2";"9";"2";"3";"RN2/111";" -20,8868400";"55,4901100"
"201900055919";"26";"3";"2019";"08:10";"1";"973";"97302";"1";"9";"1";"3";"ROUTE NATIONALE 3";"4,9044163";" -52,3178008"
"201900055920";"27";"3";"2019";"21:00";"5";"69";"69387";"2";"1";"1";"3";"YVES FARGES                         (BD)";"45,7405000";"4,8318300"
"201900055921";"27";"3";"2019";"20:00";"2";"69";"69383";"2";"3";"1";"3";"FREDERIC MISTRAL                    (R )";"45,7568900";"4,8763700"
"201900055922";"27";"3";"2019";"16:05";"1";"69";"69387";"2";"1";"1";"2";"CHAMBAUD DE LA BRUYERE              (BD)";"45,7225200";"4,8424100"
"201900055923";"27";"3";"2019";"09:35";"1";"69";"69383";"2";"3";"1";"6";"MARECHAL DE SAXE                    (AV)";"45,7552900";"4,8466700"
"201900055924";"26";"3";"2019";"20:15";"2";"69";"69388";"2";"2";"1";"1";"PROFESSEUR CALMETTE (DU)            (R )";"45,7429300";"4,8768700"
"201900055925";"27";"3";"2019";"00:40";"4";"972";"97213";"1";"1";"1";"7";"ROUTE NATIONALE 5";"14,6149320";" -61,0131820"
"201900055926";"27";"3";"2019";"20:00";"5";"972";"97209";"2";"1";"1";"7";"CHATEAUBOEUF (ROUTE DE)";"14,6212800";" -61,0430800"
"201900055927";"27";"3";"2019";"17:15";"1";"972";"97209";"1";"9";"1";"4";"AUTOROUTE (A1)";"14,6180000";" -61,0366000"
"201900055928";"27";"3";"2019";"06:30";"1";"972";"97209";"2";"2";"1";"3";"SALVATOR ALLENDE (AVENUE)";"14,6103300";" -61,0483500"
"201900055929";"26";"3";"2019";"21:43";"5";"972";"97209";"2";"2";"1";"3";"JULES MONNEROT (RUE)";"14,6112100";" -61,0707800"
"201900055930";"27";"3";"2019";"17:30";"1";"69";"69081";"2";"9";"1";"3";"JEAN MARIE VIANNEY              CH";"45,7857600";"4,7829900"
"201900055931";"26";"3";"2019";"17:35";"1";"69";"69034";"2";"1";"1";"6";"ST CLAIR (DE)                       (GR)";"45,7907600";"4,8590600"
"201900055932";"25";"3";"2019";"11:15";"1";"69";"69381";"2";"3";"1";"6";"PRESIDENT EDOUARD HERRIOT (DU)      (R )";"45,7672800";"4,8342500"
"201900055933";"30";"1";"2019";"18:00";"5";"69";"69081";"2";"2";"1";"3";"TRONCHON (DU)                 CH";"45,7992600";"4,7712100"
"201900055934";"26";"3";"2019";"08:15";"1";"971";"97105";"2";"1";"1";"6";"R.N.3";"15,9941900";" -61,7268100"
"201900055935";"27";"3";"2019";"16:45";"1";"2A";"2A004";"2";"1";"1";"3";"ROUTE DU STILETTO";"41,9465900";"8,7665400"
"201900055936";"26";"3";"2019";"12:10";"1";"91";"91103";"2";"1";"1";"7";"BRANLY EDOUARD (AVENUE)";"48,6040000";"2,3070000"
"201900055937";"26";"3";"2019";"18:58";"1";"87";"87085";"2";"7";"1";"2";"MAISON DIEU (PLACE)";"45,8368100";"1,2661800"
"201900055938";"27";"3";"2019";"01:50";"3";"86";"86157";"2";"1";"1";"7";"RN 147";"46,5769500";"0,3966800"
"201900055939";"27";"3";"2019";"10:15";"1";"83";"83137";"2";"1";"1";"6";"NICE (ROUTE DE)";"43,1321200";"5,9768500"
"201900055940";"26";"3";"2019";"20:50";"2";"80";"80021";"2";"1";"1";"3";"BD MAIGNAN LARIVIERE";"49,8903400";"2,2909200"
"201900055941";"26";"3";"2019";"08:50";"1";"76";"76212";"2";"1";"1";"6";"CARNOT. RUE SADI";"49,4407100";"1,1454300"
"201900055942";"27";"3";"2019";"23:15";"5";"69";"69266";"2";"2";"1";"3";"DEDIEU     (Rue)";"45,7696500";"4,8710600"
"201900055943";"27";"3";"2019";"14:30";"1";"65";"65440";"2";"1";"1";"6";"LARCHER (RUE JEAN)";"43,2357500";"0,0749570"
"201900055944";"27";"3";"2019";"13:10";"1";"65";"65417";"2";"1";"1";"6";"GUINIER (RUE DU DOCTEUR)";"43,2208830";"0,0951320"
"201900055945";"27";"3";"2019";"13:50";"1";"64";"64445";"2";"1";"1";"6";"ALSACE LORRAINE D'";"43,3036200";" -0,3649900"
"201900055946";"26";"3";"2019";"17:15";"1";"64";"64445";"2";"3";"1";"3";"BUROS DE";"43,3231400";" -0,3458900"
"201900055947";"25";"3";"2019";"17:55";"1";"64";"64102";"2";"1";"1";"3";"MAURICE DELAY (AVENUE DU DOCTEUR)";"43,4992300";" -1,4610200"
"201900055948";"27";"3";"2019";"13:05";"1";"60";"60057";"2";"2";"1";"3";"AMYOT D'INVILLE (BOULEVARD)";"49,4359700";"2,0830500"
"201900055949";"27";"3";"2019";"21:30";"3";"59";"59193";"1";"1";"1";"1";"D. 341";"50,5974500";"2,9936200"
"201900055950";"26";"3";"2019";"17:10";"1";"59";"59343";"2";"3";"1";"3";"DESCAT RUE";"50,5809900";"3,1098900"
"201900055951";"26";"3";"2019";"09:05";"1";"56";"56107";"2";"6";"1";"3";"LEROY QUERET (RUE DES 4 FRERES)";"47,7095800";" -3,3844000"
"201900055952";"21";"3";"2019";"16:50";"1";"54";"54357";"2";"1";"1";"7";"QUINZE SEPTEMBRE 1944 (RUE DU)";"48,7130520";"6,1633500"
"201900055953";"27";"3";"2019";"15:00";"1";"54";"54395";"2";"1";"1";"6";"CHARLES V (BOULEVARD)";"48,7039100";"6,1532000"
"201900055954";"27";"3";"2019";"11:00";"1";"52";"52121";"2";"1";"1";"6";"VOLTAIRE (BOULEVARD)";"48,1102100";"5,1424700"