"Num_Acc";"jour";"mois";"an";"hrmn";"lum";"dep";"com";"agg";"int";"atm";"col";"adr";"lat";"long"
"201900055955";"27";"3";"2019";"20:00";"5";"51";"51454";"2";"2";"1";"7";"BOULEVARD DIEU LUMIERE";"49,2400700";"4,0413500"
"201900055956";"27";"3";"2019";"13:00";"1";"51";"51454";"2";"1";"1";"4";"BOULEVARD DU PRESIDENT WILSON";"49,2403000";"4,0203500"
"201900055957";"26";"3";"2019";"22:00";"5";"51";"51454";"2";"9";"1";"1";"BOULEVARD DU PRESIDENT WILSON";"49,2399100";"4,0211200"
"201900055958";"22";"3";"2019";"13:05";"1";"50";"50129";"2";"1";"1";"2";"SCHMITT (AVENUE RENE)";"49,6313500";" -1,6465900"
"201900055959";"26";"3";"2019";"11:59";"1";"49";"49007";"2";"1";"1";"3";"BLANCHOIN BOULEVARD";"47,4451800";" -0,5470500"
"201900055960";"26";"3";"2019";"18:42";"1";"49";"49007";"2";"1";"1";"6";"ARBRISSEL";"47,4437700";" -0,5625700"
"201900055961";"27";"3";"2019";"07:07";"1";"45";"45235";"2";"3";"1";"3";"R DES SABLONS - R DES CHATAIGNIERS";"47,9502500";"1,8432700"
"201900055962";"27";"3";"2019";"08:40";"1";"45";"45272";"1";"1";"1";"2";"AV GASTON GALLOUX";"47,8685729";"1,9331511"
"201900055963";"27";"3";"2019";"16:40";"1";"42";"42184";"2";"6";"1";"2";"DUBREIL   PIERRE   (RUE)";"46,0454600";"4,0445700"
"201900055964";"27";"3";"2019";"08:10";"1";"41";"41226";"2";"1";"1";"3";"BOIS DE L'ORME (ALLEE DU)";"47,8209500";"1,0764200"
"201900055965";"26";"3";"2019";"12:20";"1";"41";"41018";"2";"1";"1";"6";"PIGELEE (RUE) N° PAIRS";"47,5985400";"1,3079500"
"201900055966";"27";"3";"2019";"18:00";"1";"37";"37261";"2";"1";"1";"7";"CHAGALL (AVENUE MARC)";"47,4146300";"0,6819700"
"201900055967";"27";"3";"2019";"17:05";"1";"37";"37214";"2";"1";"1";"6";"LOIRE (QUAI DE LA)";"47,3976760";"0,6682530"
"201900055968";"26";"3";"2019";"19:30";"2";"36";"36044";"2";"3";"1";"3";"BOULEVARD DE CLUIS/RUE PARMENTIER";"46,8064000";"1,7004900"
"201900055969";"26";"3";"2019";"18:00";"1";"35";"35238";"1";"1";"1";"7";"RN136";"48,1420800";" -1,6604700"
"201900055970";"26";"3";"2019";"16:40";"1";"35";"35238";"2";"3";"1";"6";"BREST (DE)";"48,1117260";" -1,6892200"
"201900055971";"26";"3";"2019";"11:00";"1";"35";"35238";"2";"9";"1";"3";"MERMOZ (BD JEAN)";"48,0973800";" -1,6894400"
"201900055972";"26";"3";"2019";"08:40";"1";"35";"35238";"1";"1";"1";"3";"PORTE DE VILLEJEAN";"48,1182800";" -1,7198200"
"201900055973";"27";"3";"2019";"19:25";"2";"34";"34172";"2";"1";"1";"3";"LAVERUNE (ROUTE DE";"43,5928600";"3,8265100"
"201900055974";"27";"3";"2019";"10:50";"1";"34";"34172";"2";"1";"1";"2";"CHASSEURS (RUE DES)";"43,6014100";"3,8577600"
"201900055975";"27";"3";"2019";"08:25";"1";"34";"34172";"2";"2";"1";"1";"FIZEAU (RUE HIPPOLYTE)";"43,6162000";"3,9129600"
"201900055976";"27";"3";"2019";"09:20";"1";"34";"34172";"2";"1";"1";"3";"VANIERES (AVENUE DE)";"43,5950549";"3,8487500"
"201900055977";"27";"3";"2019";"07:50";"1";"34";"34172";"2";"2";"1";"3";"TOULOUSE (AVENUE DE";"43,5973500";"3,8642500"
"201900055978";"26";"3";"2019";"10:45";"1";"34";"34172";"2";"1";"1";"4";"DUBOUT (AVENUE ALBERT)";"43,5971292";"3,8766596"
"201900055979";"18";"3";"2019";"16:45";"1";"33";"33167";"2";"2";"1";"6";"AVE DE LA LIBERATION";"44,8389900";" -0,5361200"
"201900055980";"25";"3";"2019";"18:45";"1";"29";"29232";"1";"3";"1";"3";"COAT OLIER CHEMIN DE";"48,0248061";" -4,0860186"
"201900055981";"25";"3";"2019";"19:45";"2";"29";"29232";"2";"9";"1";"3";"FRANCE LIBRE  AVENUE DE LA";"48,0049405";" -4,0978843"
"201900055982";"23";"3";"2019";"16:10";"1";"28";"28085";"2";"5";"1";"3";"ORLEANS (AVENUE D')";"48,4321700";"1,5094100"
"201900055983";"27";"3";"2019";"02:25";"5";"22";"22187";"1";"1";"1";"6";"RN12";"48,5245766";" -2,7509894"
"201900055984";"26";"3";"2019";"16:10";"1";"22";"22113";"2";"1";"1";"2";"AUDUBON (RUE JEAN-JACQUES)";"48,7515509";" -3,4528607"
"201900055985";"27";"3";"2019";"17:50";"1";"14";"14333";"2";"1";"1";"1";"CD513";"49,4189000";"0,1984600"
"201900055986";"27";"3";"2019";"07:20";"1";"14";"14333";"2";"1";"1";"6";"CD513";"49,4215700";"0,2071500"
"201900055987";"27";"3";"2019";"07:40";"1";"14";"14271";"2";"4";"1";"3";"HARCOURT (ROUTE D')";"49,1579500";" -0,3665000"
"201900055988";"27";"3";"2019";"20:45";"5";"13";"13201";"2";"9";"1";"6";"BELSUNCE (COURS)";"43,2979600";"5,3768840"
"201900055989";"27";"3";"2019";"15:00";"1";"13";"13203";"2";"1";"1";"3";"PLOMBIERES (BOULEVARD DES)";"43,3178600";"5,3741900"
"201900055990";"27";"3";"2019";"11:30";"1";"13";"13204";"2";"2";"1";"5";"PIERRE ROCHE (RUE)";"43,3092600";"5,4034500"
"201900055991";"27";"3";"2019";"13:30";"1";"13";"13209";"2";"1";"1";"3";"MARÉCHAL DE LATTRE (AVENUE)";"43,2461470";"5,4172320"
"201900055992";"27";"3";"2019";"12:20";"1";"13";"13206";"2";"3";"1";"3";"IENA (RUE D')";"43,2872000";"5,3931000"
"201900055993";"27";"3";"2019";"09:00";"1";"13";"13208";"2";"1";"1";"3";"RABATAU (BOULEVARD)";"43,2763000";"5,3969000"
"201900055994";"26";"3";"2019";"04:20";"5";"13";"13201";"2";"3";"1";"6";"RECOLETTES (RUE DES)     2 A 10";"43,2969830";"5,3779870"
"201900055995";"27";"3";"2019";"08:00";"1";"13";"13005";"2";"1";"1";"3";"RN 96 (ROUTE NATIONALE )";"43,3036000";"5,5716800"
"201900055996";"26";"3";"2019";"13:00";"1";"11";"11262";"2";"1";"1";"6";"1830 (BOULEVARD)";"43,1898000";"3,0178000"
"201900055997";"26";"3";"2019";"20:20";"2";"11";"11262";"2";"1";"1";"7";"MAYOLLE (BOULEVARD DE LA)";"43,1750500";"3,0089500"
"201900055998";"26";"3";"2019";"05:15";"5";"7";"07186";"1";"1";"1";"7";"VALENCE (ROUTE DE)";"44,7364543";"4,6137703"
"201900055999";"27";"3";"2019";"18:17";"1";"6";"06069";"2";"1";"1";"2";"ROUQUIER (BOULEVARD EMMANUEL)";"43,6395068";"6,9414765"
"201900056000";"26";"3";"2019";"10:20";"1";"5";"05061";"2";"6";"1";"3";"CHARLES AUROUZE ( RUE )";"44,5637500";"6,0785100"
"201900056001";"27";"3";"2019";"15:50";"1";"75";"75120";"2";"1";"1";"2";"PORTE DE BAGNOLET";"48,8712080";"2,4130710"
"201900056002";"26";"3";"2019";"16:10";"1";"75";"75119";"2";"1";"1";"4";"PORTE DE PANTIN";"48,8917770";"2,3955620"
"201900056003";"27";"3";"2019";"09:15";"1";"75";"75106";"2";"2";"1";"3";"BOULEVARD SAINT GERMAIN";"48,8529170";"2,3369820"
"201900056004";"27";"3";"2019";"16:45";"1";"75";"75119";"2";"2";"1";"3";"RUE MANIN";"48,8763670";"2,3796990"
"201900056005";"27";"3";"2019";"19:45";"5";"75";"75115";"2";"1";"1";"3";"RUE DE LA CROIX NIVERT";"48,8368620";"2,2895010"
"201900056006";"27";"3";"2019";"08:15";"1";"75";"75115";"2";"3";"1";"6";"RUE DE VAUGIRARD";"48,8411190";"2,3066630"
"201900056007";"27";"3";"2019";"08:40";"1";"75";"75115";"2";"3";"1";"6";"RUE D ORADOUR SUR GLANE";"48,8304800";"2,2848990"
"201900056008";"25";"3";"2019";"23:40";"5";"75";"75115";"2";"1";"1";"3";"RUE JEAN REY";"48,8553510";"2,2910260"
"201900056009";"27";"3";"2019";"15:20";"1";"75";"75114";"2";"3";"1";"6";"AVENUE DU MAINE";"48,8302650";"2,3258830"
"201900056010";"27";"3";"2019";"13:30";"1";"75";"75114";"2";"2";"1";"6";"RUE DES PLANTES";"48,8275980";"2,3209910"
"201900056011";"27";"3";"2019";"20:15";"5";"75";"75105";"2";"5";"1";"3";"AVENUE DES GOBELINS";"48,8368010";"2,3518630"
"201900056012";"27";"3";"2019";"00:48";"5";"75";"75113";"2";"3";"1";"7";"RUE NEUVE TOLBIAC";"48,8310420";"2,3776020"
"201900056013";"27";"3";"2019";"10:20";"1";"75";"75112";"2";"1";"1";"3";"AVENUE DES TERROIRS DE FRANCE";"48,8309670";"2,3871830"
"201900056014";"27";"3";"2019";"08:20";"1";"75";"75112";"2";"1";"1";"3";"QUAI DE LA RAPEE";"48,8415960";"2,3726130"
"201900056015";"27";"3";"2019";"10:10";"1";"75";"75107";"2";"2";"1";"3";"AVENUE DE TOURVILLE";"48,8539570";"2,3095310"
"201900056016";"26";"3";"2019";"12:45";"1";"75";"75103";"2";"3";"1";"7";"RUE DUPETIT THOUARS";"48,8655320";"2,3614460"
"201900056017";"26";"3";"2019";"01:40";"5";"75";"75101";"2";"3";"1";"6";"RUE DE RIVOLI";"48,8643960";"2,3301100"
"201900056018";"25";"3";"2019";"10:00";"1";"75";"75101";"2";"4";"1";"6";"RUE CROIX DES PETITS CHAMPS";"48,8647390";"2,3404410"
"201900056019";"27";"3";"2019";"20:55";"5";"94";"94041";"2";"1";"1";"3";"PAUL VAILLANT COUTURIER (BD)";"48,8170100";"2,3992800"
"201900056020";"27";"3";"2019";"15:20";"1";"94";"94021";"2";"3";"1";"3";"BOULEVARD CIRCULAIRE";"48,7688200";"2,3519300"
"201900056021";"27";"3";"2019";"07:55";"1";"94";"94044";"2";"1";"1";"3";"ROGER SALENGRO (R)";"48,7514400";"2,4895600"
"201900056022";"26";"3";"2019";"08:30";"1";"94";"94002";"2";"1";"1";"6";"PORT A L ANGLAIS (R DU)";"48,8056700";"2,4150500"
"201900056023";"25";"3";"2019";"09:58";"1";"93";"93039";"2";"1";"1";"6";"MECHIN";"48,9357460";"2,3394870"
"201900056024";"27";"3";"2019";"10:10";"1";"93";"93064";"2";"1";"1";"6";"BLUM (RUE LEON)";"48,8857100";"2,4763900"
"201900056025";"27";"3";"2019";"08:30";"1";"93";"93055";"2";"1";"1";"6";"GENERAL LECLERC(AVE DU)(43/87 ET 78/120)";"48,8966700";"2,4023200"
"201900056026";"27";"3";"2019";"14:30";"1";"93";"93048";"2";"1";"1";"6";"LAGNY (RUE DE)";"48,8492310";"2,4212410"
"201900056027";"26";"3";"2019";"15:30";"1";"93";"93061";"2";"9";"1";"1";"SEMANAZ JEAN-BAPTISTE RUE";"48,8847180";"2,4013370"
"201900056028";"27";"3";"2019";"21:00";"3";"93";"93014";"2";"9";"1";"6";"ANATOLE FRANCE (ALLEE)";"48,9062400";"2,5556200"
"201900056029";"27";"3";"2019";"17:50";"1";"93";"93010";"2";"6";"1";"6";"SALENGRO (RUE ROGER) 1 A 25";"48,9014290";"2,4789690"
"201900056030";"26";"3";"2019";"20:40";"5";"92";"92063";"2";"1";"1";"7";"DOUMER (AVENUE PAUL) NORD";"48,8824286";"2,1875471"
"201900056031";"15";"3";"2019";"16:15";"1";"92";"92050";"2";"3";"1";"6";"REPUBLIQUE AVENUE DE LA";"48,9145800";"2,2290900"
"201900056032";"25";"1";"2019";"11:06";"1";"92";"92060";"2";"9";"2";"6";"PAUL LANGEVIN (AVENUE) (RD 2)";"48,7833990";"2,2533370"
"201900056033";"21";"1";"2019";"17:00";"2";"92";"92023";"2";"1";"1";"6";"DIVISION LECLERC (RUE DE LA)";"48,7971910";"2,2682070"
"201900056034";"19";"1";"2019";"13:45";"1";"92";"92023";"2";"6";"1";"3";"MARQUIS (PLACE) SANS N° LE NARVAL/ HENRI BARBUSSE (AVENUE)";"48,8053922";"2,2592984"
"201900056035";"27";"3";"2019";"09:35";"1";"92";"92012";"2";"2";"1";"3";"JEAN JAURES (BOULEVARD) 217/FIN - 210/FI";"48,8279000";"2,2467000"
"201900056036";"27";"3";"2019";"11:30";"1";"92";"92002";"2";"1";"1";"6";"DIVISION LECLERC (53 A 217 - 58 A 186)";"48,7449632";"2,3033047"
"201900056037";"27";"3";"2019";"09:50";"1";"92";"92002";"2";"1";"1";"6";"ADOLPHE PAJEAUD (RUE)";"48,7442923";"2,2915533"
"201900056038";"28";"3";"2019";"09:15";"1";"24";"24372";"1";"1";"1";"1";"d41 route de saint germain du salembre";"45,1339650";"0,5014060"
"201900056039";"27";"3";"2019";"18:05";"1";"38";"38336";"2";"1";"1";"1";"Chemin de la tour";"45,4601450";"4,8347050"
"201900056040";"27";"3";"2019";"15:20";"1";"84";"84043";"2";"1";"1";"2";"27 Avenue des Valayans";"44,0066620";"4,9424650"
"201900056041";"28";"3";"2019";"09:20";"1";"83";"83085";"1";"1";"1";"5";"RD 54";"43,4819110";"6,5161110"
"201900056042";"28";"3";"2019";"11:45";"1";"11";"11241";"1";"1";"1";"1";"Rd 165";"43,1959880";"2,6959000"
"201900056043";"28";"3";"2019";"07:50";"1";"63";"63274";"1";"1";"1";"7";"lieu dit la roche";"45,6608850";"2,7649670"
"201900056044";"14";"3";"2019";"10:25";"1";"83";"83017";"2";"1";"1";"7";"place de l eglise";"43,2449710";"6,0004340"
"201900056045";"26";"3";"2019";"10:22";"1";"37";"37141";"1";"1";"1";"6";"Autoroute A85";"47,2873120";"1,0469010"
"201900056046";"27";"3";"2019";"13:30";"1";"74";"74005";"1";"2";"1";"4";"Route Departementale 903";"46,3411080";"6,4619940"
"201900056047";"27";"3";"2019";"20:00";"2";"35";"35079";"1";"1";"1";"1";"D175";"48,2384580";" -1,6220000"
"201900056048";"27";"3";"2019";"16:00";"1";"59";"59191";"2";"1";"1";"7";"47 Grande Rue";"50,0474420";"3,3727350"
"201900056049";"28";"3";"2019";"10:45";"1";"56";"56094";"1";"2";"1";"1";"Kervéhennec";"47,7673020";" -3,2261050"
"201900056050";"28";"3";"2019";"12:00";"1";"79";"79172";"2";"2";"1";"3";"Rue de la Verronnerie";"46,5324310";" -0,3240440"
"201900056051";"21";"3";"2019";"14:30";"1";"79";"79250";"2";"1";"1";"2";"La Butte";"46,9154290";" -0,2713110"
"201900056052";"28";"3";"2019";"17:30";"1";"80";"80714";"2";"1";"1";"6";"198 rue de bas";"50,0730170";"1,4510140"
"201900056053";"16";"8";"2019";"11:25";"1";"76";"76351";"2";"2";"1";"6";"CASIMIR PERIER";"49,4964700";"0,1103400"
"201900056054";"17";"8";"2019";"22:10";"5";"71";"71076";"2";"1";"1";"6";"BLERIOT (RUE LOUIS)";"46,8012700";"4,8590900"
"201900056055";"3";"8";"2019";"10:40";"1";"68";"68066";"2";"1";"1";"6";"ST PIERRE (BOULEVARD)";"48,0726700";"7,3562700"
"201900056056";"14";"8";"2019";"11:30";"1";"67";"67482";"2";"3";"1";"3";"CLEMENCEAU (BOULEVARD)";"48,5918100";"7,7529420"
"201900056057";"16";"8";"2019";"19:30";"1";"66";"66136";"2";"1";"1";"6";"GIRAL (ALLEE AIME)";"42,7153600";"2,8937000"
"201900056058";"19";"8";"2019";"14:20";"1";"64";"64445";"2";"1";"1";"2";"ESPALUNGUE D'";"43,2960000";" -0,3757000"
"201900056059";"16";"8";"2019";"17:30";"1";"64";"64122";"2";"1";"1";"6";"LAC MARION (AVENUE DU)";"43,4706900";" -1,5499100"
"201900056060";"16";"8";"2019";"14:55";"1";"64";"64024";"2";"2";"1";"3";"CINQ CANTONS (RUE DES)";"43,4884200";" -1,5222400"
"201900056061";"18";"8";"2019";"23:40";"5";"62";"62667";"2";"3";"1";"3";"SAN MARTIN ( Rue du Général )";"50,7100000";"1,5829970"
"201900056062";"15";"8";"2019";"00:00";"5";"59";"59178";"2";"1";"8";"6";"FAUBOURG DE PARIS (RUE DU)";"50,3536300";"3,0848000"
"201900056063";"17";"8";"2019";"20:15";"1";"56";"56083";"2";"3";"1";"6";"POMPIDOU (AV GEORGES)";"47,8016800";" -3,2637900"
"201900056064";"17";"8";"2019";"15:25";"1";"56";"56083";"2";"1";"1";"2";"Rue du Bouetiëz";"47,8070300";" -3,2446900"
"201900056065";"17";"8";"2019";"12:02";"1";"56";"56121";"2";"1";"1";"2";"LAENNEC ( BD )";"47,7582600";" -3,3607000"
"201900056066";"17";"8";"2019";"05:10";"4";"56";"56121";"2";"1";"3";"6";"Avenue Lénine";"47,7640600";" -3,3680800"
"201900056067";"16";"8";"2019";"16:10";"1";"56";"56107";"2";"1";"2";"6";"KERNEVEL (PORT DU)";"47,7178600";" -3,3700100"
"201900056068";"19";"8";"2019";"09:00";"1";"51";"51454";"2";"1";"1";"2";"BOULEVARD SAINT MARCEAUX";"49,2543400";"4,0456700"
"201900056069";"17";"8";"2019";"05:45";"5";"50";"50602";"2";"1";"1";"6";"MARITIME (BOULEVARD)";"49,6467300";" -1,5942200"
"201900056070";"16";"8";"2019";"19:25";"1";"49";"49267";"2";"1";"1";"6";"PELLERINIERE";"47,4581400";" -0,4829000"
"201900056071";"16";"8";"2019";"09:31";"1";"49";"49015";"2";"1";"1";"6";"PERRIERE ROUTE DE LA";"47,5076800";" -0,5821500"
"201900056072";"16";"8";"2019";"19:48";"1";"49";"49267";"2";"1";"1";"7";"ROMANERIE BOULEVARD";"47,4823400";" -0,4978400"
"201900056073";"20";"8";"2019";"01:05";"5";"38";"38185";"2";"1";"1";"6";"AVENUE LÉON BLUM";"45,1693800";"5,7224200"
"201900056074";"19";"8";"2019";"21:00";"2";"37";"37214";"2";"1";"1";"3";"DE GAULLE (BD CHARLES)";"47,4213614";"0,6608162"
"201900056075";"17";"8";"2019";"23:30";"3";"35";"35051";"1";"1";"3";"6";"D 175";"48,1541300";" -1,6244100"
"201900056076";"18";"8";"2019";"01:00";"3";"35";"35238";"1";"1";"3";"2";"RN136";"48,0875430";" -1,6351960"
"201900056077";"19";"8";"2019";"16:20";"1";"34";"34172";"2";"2";"1";"2";"CHOLET (RUE DE)";"43,5835300";"3,8661900"
"201900056078";"18";"8";"2019";"12:00";"1";"34";"34172";"2";"1";"1";"4";"PRES D'ARENES (ROND-POINT DES)";"43,5889300";"3,8909100"
"201900056079";"17";"8";"2019";"20:25";"1";"34";"34336";"2";"1";"1";"6";"BEREGOVOY (AVENUE PIERRE)";"43,3236200";"3,2629400"
"201900056080";"18";"8";"2019";"22:10";"5";"33";"33063";"2";"2";"3";"5";"BD DU PRESIDENT WILSON";"44,8366100";" -0,5990300"
"201900056081";"17";"8";"2019";"12:40";"1";"33";"33281";"2";"2";"1";"1";"AVE DES FRERES ROBINSON";"44,8541000";" -0,6550000"
"201900056082";"19";"8";"2019";"16:45";"1";"32";"32013";"2";"1";"1";"6";"PASTEUR";"43,6448600";"0,5895600"
"201900056083";"18";"8";"2019";"21:15";"5";"31";"31555";"1";"1";"1";"3";"VA007331 A620";"43,5732600";"1,4377200"
"201900056084";"18";"8";"2019";"08:54";"1";"31";"31555";"2";"3";"1";"3";"AV FRIZAC";"43,5896500";"1,4517400"
"201900056085";"17";"8";"2019";"05:45";"3";"31";"31557";"2";"1";"1";"2";"TARBES (ROUTE DE)";"43,5763300";"1,3235300"
"201900056086";"16";"8";"2019";"14:10";"1";"31";"31157";"2";"1";"1";"3";"TUCAUT (CHE DE) DU 8AU 364";"43,5598700";"1,3615700"
"201900056087";"18";"8";"2019";"02:07";"5";"29";"29019";"2";"9";"1";"6";"LAMOTTE PICQUET (N° 20 ECOLE ST ANNE)";"48,3969000";" -4,4897000"
"201900056088";"14";"8";"2019";"16:03";"1";"29";"29019";"1";"6";"2";"4";"D112";"48,4162000";" -4,4792000"
"201900056089";"17";"8";"2019";"19:30";"1";"27";"27375";"2";"1";"1";"6";"HAYE LE COMTE (ROUTE DE LA)";"49,2017800";"1,1503400"
"201900056090";"18";"8";"2019";"22:30";"3";"25";"25056";"2";"4";"3";"1";"DOLE RUE DE (sup 200)";"47,2261260";"5,9768580"
"201900056091";"17";"8";"2019";"15:55";"1";"19";"19031";"2";"2";"1";"3";"CONCORDE (RUE DE LA)";"45,1666900";"1,5368400"
"201900056092";"17";"8";"2019";"20:30";"1";"19";"19031";"2";"1";"1";"6";"KENNEDY (AVENUE JOHN)";"45,1669399";"1,5469785"
"201900056093";"18";"8";"2019";"12:24";"1";"17";"17300";"2";"1";"2";"2";"CHAMP DE MARS   AVENUE DU";"46,1693300";" -1,1509100"
"201900056094";"19";"8";"2019";"19:15";"1";"14";"14338";"2";"3";"1";"1";"LECLERC (RUE DU GAL)";"49,3000000";"0,0760000"
"201900056095";"19";"8";"2019";"16:25";"1";"14";"14167";"2";"2";"1";"2";"CD N°  226 A";"49,2022000";" -0,3052000"
"201900056096";"19";"8";"2019";"13:40";"1";"13";"13071";"1";"1";"1";"3";"ROUTE NATIONALE 368 (PLAN DES PENNES)";"43,4011300";"5,2687000"
"201900056097";"19";"8";"2019";"12:50";"1";"13";"13117";"1";"1";"1";"2";"CD20 E";"43,4455920";"5,2309360"
"201900056098";"19";"8";"2019";"17:40";"1";"13";"13214";"2";"1";"1";"2";"PLOMBIERES (BOULEVARD DES)";"43,3154938";"5,3863738"
"201900056099";"19";"8";"2019";"15:10";"1";"13";"13212";"2";"2";"1";"3";"AIGUILLETTE (RUE DE L')";"43,3155550";"5,4277310"
"201900056100";"19";"8";"2019";"03:30";"5";"13";"13205";"2";"2";"1";"3";"BRUYS (RUE DE)";"43,2969300";"5,3887600"
"201900056101";"18";"8";"2019";"05:20";"3";"8";"08105";"1";"1";"1";"6";"SOUS LES ROCHES CHEMIN";"49,7844900";"4,7231350"
"201900056102";"17";"8";"2019";"17:37";"1";"3";"03095";"2";"1";"1";"2";"boulevard du 8 mai 1945";"46,1288616";"3,4389572"
"201900056103";"18";"8";"2019";"16:10";"1";"75";"75117";"2";"3";"1";"3";"BOULEVARD PERSHING";"48,8818519";"2,2855592"
"201900056104";"19";"8";"2019";"20:30";"2";"75";"75115";"2";"2";"1";"3";"AVENUE EMILE ZOLA";"48,8468660";"2,2923930"
"201900056105";"19";"8";"2019";"11:15";"1";"75";"75115";"2";"1";"1";"6";"RUE DE LA CROIX NIVERT";"48,8474600";"2,3009060"
"201900056106";"19";"8";"2019";"14:20";"1";"75";"75112";"2";"1";"1";"3";"AVENUE DU BEL AIR";"48,8433885";"2,4206883"
"201900056107";"19";"8";"2019";"18:15";"1";"75";"75111";"2";"2";"1";"7";"BOULEVARD VOLTAIRE";"48,8553199";"2,3842639"
"201900056108";"19";"8";"2019";"09:50";"1";"75";"75109";"2";"2";"1";"6";"BOULEVARD DE MAGENTA";"48,8836191";"2,3494755"
"201900056109";"19";"8";"2019";"00:10";"5";"75";"75114";"2";"2";"1";"3";"RUE JULES GUESDE";"48,8367650";"2,3207600"
"201900056110";"18";"8";"2019";"17:40";"1";"94";"94081";"2";"3";"1";"3";"NORIETS (R DES)";"48,7944200";"2,3791400"
"201900056111";"18";"8";"2019";"00:05";"5";"94";"94052";"2";"4";"2";"1";"CHARLES DE GAULLE (GRAND RUE)";"48,8382000";"2,4938700"
"201900056112";"19";"8";"2019";"18:15";"1";"94";"94043";"2";"3";"1";"3";"FONTAINEBLEAU (AV DE)";"48,8149800";"2,3604100"
"201900056113";"18";"8";"2019";"22:42";"5";"94";"94022";"2";"1";"1";"6";"JEAN JAURES (R)";"48,7646416";"2,4060702"
"201900056114";"18";"8";"2019";"03:45";"5";"93";"93073";"2";"9";"3";"7";"CHAPIT RE ( RUE DU)";"49,0027640";"2,5369100"
"201900056115";"18";"8";"2019";"23:10";"5";"93";"93048";"2";"2";"8";"3";"PASTEUR S2  (AVENUE)";"48,8704200";"2,4316400"
"201900056116";"19";"8";"2019";"18:10";"1";"93";"93074";"2";"1";"1";"1";"COURTRY RUE DE";"48,9356500";"2,6020000"
"201900056117";"19";"8";"2019";"13:50";"1";"93";"93031";"2";"2";"1";"3";"MARNE (AVENUE DE LA)";"48,9527700";"2,3275400"
"201900056118";"18";"8";"2019";"22:30";"5";"93";"93046";"2";"9";"1";"6";"ROSNY ALLEE DE";"48,9041280";"2,5135990"
"201900056119";"19";"8";"2019";"18:55";"1";"93";"93001";"1";"1";"1";"6";"SAINT GOBAIN (RUE DE)";"48,9122000";"2,3726000"
"201900056120";"18";"8";"2019";"08:10";"1";"92";"92046";"2";"1";"2";"6";"Charles de gaulle";"48,8197000";"2,2957000"
"201900056121";"17";"8";"2019";"13:15";"1";"92";"92036";"2";"2";"1";"6";"BONGARDE (RUE DE LA) (35/107)";"48,9248910";"2,3254720"
"201900056122";"16";"8";"2019";"18:10";"1";"92";"92023";"2";"1";"1";"6";"GENERAL DE GAULLE (AVENUE DU)";"48,7850800";"2,2503600"
"201900056123";"19";"8";"2019";"01:40";"3";"22";"22035";"2";"1";"1";"7";"337 LA VILLE GROMIL";"48,4124220";" -1,9819520"
"201900056124";"19";"8";"2019";"19:10";"1";"47";"47246";"1";"1";"2";"1";"d107";"44,2457760";"0,5441460"
"201900056125";"17";"8";"2019";"17:50";"1";"87";"87125";"2";"1";"1";"3";"Avenue du 14 Juillet";"45,9004850";"1,3135880"
"201900056126";"19";"8";"2019";"17:10";"1";"2";"02124";"1";"1";"1";"2";"A26";"49,7468170";"3,3931530"
"201900056127";"13";"7";"2019";"15:05";"1";"2A";"2A362";"1";"1";"1";"7";"D368";"41,7519639";"9,1838877"
"201900056128";"14";"7";"2019";"01:25";"3";"2A";"2A254";"1";"1";"1";"6";"criviccia";"41,7659957";"9,1386777"
"201900056129";"20";"8";"2019";"16:00";"1";"71";"71448";"1";"1";"8";"3";"A6 PK 380+100 sens Lyon-Paris";"46,3755090";"4,8432770"
"201900056130";"19";"8";"2019";"07:40";"1";"10";"10191";"1";"1";"1";"2";"D610";"48,3200000";"4,0800000"
"201900056131";"18";"8";"2019";"17:40";"1";"63";"63100";"1";"1";"1";"7";"RD231 PR 0+300";"46,0201520";"2,8930160"
"201900056132";"20";"8";"2019";"14:30";"1";"83";"83070";"2";"1";"7";"2";"Boulevard de l'Hubac du Bleu";"43,1590790";"6,4323960"
"201900056133";"19";"8";"2019";"18:40";"2";"974";"97413";"2";"3";"1";"1";"Rue du Général Lambert";" -21,1683250";"55,2878800"
"201900056134";"19";"8";"2019";"20:20";"1";"62";"62773";"2";"1";"1";"6";"Rue de Neufchâtel";"50,6354670";"1,7358550"
"201900056135";"19";"8";"2019";"12:45";"1";"56";"56251";"1";"6";"1";"3";"Rond-point de Saint Léonard";"47,6479900";" -2,7042400"
"201900056136";"20";"8";"2019";"20:30";"1";"59";"59094";"1";"1";"1";"7";"D11";"50,9268830";"2,2369890"
"201900056137";"20";"8";"2019";"17:55";"1";"80";"80410";"1";"1";"1";"3";"D930";"49,7622470";"3,0798920"
"201900056138";"19";"8";"2019";"23:00";"3";"63";"63372";"1";"1";"1";"7";"D224";"45,9058747";"3,3008337"
"201900056139";"19";"8";"2019";"21:45";"3";"63";"63426";"1";"1";"1";"7";"CD 922";"45,5458530";"2,6217690"
"201900056140";"17";"8";"2019";"17:40";"1";"61";"61431";"1";"4";"1";"2";"D386";"48,5713190";" -0,4134690"
"201900056141";"18";"8";"2019";"17:45";"1";"39";"39441";"1";"1";"1";"7";"N/A";"46,4561810";"6,0638240"
"201900056142";"19";"8";"2019";"19:30";"1";"25";"25381";"1";"2";"1";"3";"RD108 PK 12+00";"47,2792620";"5,9796240"
"201900056143";"19";"8";"2019";"12:30";"1";"3";"03105";"1";"1";"1";"7";"les Charpes";"46,2177836";"3,7210363"
"201900056144";"19";"8";"2019";"15:30";"1";"15";"15045";"1";"1";"1";"7";"D13";"44,8656780";"3,0140510"
"201900056145";"18";"8";"2019";"17:30";"1";"15";"15113";"1";"1";"1";"7";"D17";"45,0606810";"2,6704930"