"Num_Acc";"jour";"mois";"an";"hrmn";"lum";"dep";"com";"agg";"int";"atm";"col";"adr";"lat";"long"
"201900056146";"17";"8";"2019";"16:29";"1";"70";"70460";"1";"1";"2";"7";"D 136";"47,8594670";"6,4881510"
"201900056147";"20";"8";"2019";"05:30";"3";"26";"26178";"1";"1";"1";"3";"D181 Route de RECOUBEAU";"44,6666270";"5,4284380"
"201900056148";"18";"8";"2019";"23:05";"3";"26";"26166";"2";"3";"1";"3";"3055 Boulevard Frédéric Mistral";"44,7533880";"4,8176230"
"201900056149";"19";"8";"2019";"16:30";"1";"58";"58301";"1";"1";"1";"5";"75 Le Mousseau";"46,9112060";"3,7712670"
"201900056150";"16";"8";"2019";"08:00";"1";"54";"54426";"1";"1";"1";"3";"RD 121";"48,6434230";"5,9366880"
"201900056151";"15";"8";"2019";"01:38";"3";"64";"64425";"1";"1";"1";"7";"Quartier de Laharanne";"43,3773574";" -1,1362468"
"201900056152";"19";"8";"2019";"04:35";"3";"73";"73298";"1";"1";"3";"6";"RN 90";"45,6549420";"6,4331491"
"201900056153";"17";"8";"2019";"16:00";"1";"18";"18237";"1";"1";"1";"7";"D23";"47,0768920";"2,1628050"
"201900056154";"19";"8";"2019";"11:15";"1";"10";"10359";"1";"1";"1";"3";"N77";"48,1349330";"3,9909440"
"201900056155";"14";"8";"2019";"17:00";"1";"10";"10104";"1";"1";"1";"7";"rd444";"48,1602230";"4,1283810"
"201900056156";"19";"8";"2019";"17:30";"1";"85";"85280";"1";"2";"1";"3";"D119";"46,8581400";" -2,0119200"
"201900056157";"19";"8";"2019";"18:30";"1";"28";"28391";"1";"1";"1";"2";"route départementale 2020";"48,1977970";"1,9298220"
"201900056158";"17";"8";"2019";"15:45";"1";"17";"17434";"1";"1";"1";"1";"RD 114";"46,0830850";" -0,7530160"
"201900056159";"16";"8";"2019";"10:00";"1";"87";"87059";"2";"1";"1";"1";"D675";"46,2145790";"1,0813040"
"201900056160";"19";"8";"2019";"07:50";"1";"37";"37267";"1";"2";"7";"1";"carrefour route départementale 85 et chemin communal 4";"47,3589010";"0,8044810"
"201900056161";"17";"8";"2019";"05:30";"4";"49";"49022";"1";"1";"2";"5";"A87";"47,3107990";" -0,6071680"
"201900056162";"17";"8";"2019";"17:00";"1";"13";"13050";"1";"9";"1";"3";"RD7N - CHEMIN DE ST MARC";"43,6531410";"5,2606910"
"201900056163";"19";"8";"2019";"22:55";"3";"13";"13044";"1";"1";"1";"1";"D569";"43,6177359";"5,0140141"
"201900056164";"18";"8";"2019";"10:30";"1";"42";"42106";"1";"1";"1";"7";"Autoroute A89 - PK 469+450";"45,8699170";"3,9460540"
"201900056165";"19";"8";"2019";"08:30";"1";"34";"34116";"1";"1";"2";"7";"D102";"43,6513260";"3,7803360"
"201900056166";"19";"8";"2019";"20:10";"2";"78";"78431";"1";"1";"1";"6";"15 Rue de la Vallée Maria";"48,9336990";"1,9454380"
"201900056167";"18";"8";"2019";"22:00";"5";"976";"97606";"2";"1";"1";"6";"Quartier Lotissement";" -12,9197370";"45,1566700"
"201900056168";"19";"8";"2019";"23:09";"3";"57";"57303";"1";"1";"1";"6";"Autoroute A31";"49,2029640";"6,1757590"
"201900056169";"20";"8";"2019";"08:40";"1";"60";"60533";"1";"9";"1";"3";"Aire de repos - EST - A1";"49,5229343";"2,7225514"
"201900056170";"20";"8";"2019";"10:00";"1";"988";"98808";"1";"1";"1";"7";"Tribu de Nédivin";" -21,2873700";"165,5596100"
"201900056171";"20";"8";"2019";"14:05";"1";"974";"97418";"2";"4";"1";"3";"Rue André Lardy";" -20,8977800";"55,5335250"
"201900056172";"19";"8";"2019";"11:35";"1";"978";"97801";"2";"2";"1";"6";"Rue de Friar's Bay";"18,0860140";" -63,0775550"
"201900056173";"19";"8";"2019";"20:30";"5";"971";"97114";"1";"1";"1";"7";"RN1";"16,1449850";" -61,5828090"
"201900056174";"18";"8";"2019";"19:25";"1";"77";"77420";"1";"1";"1";"6";"Route Nationale 2 77230 SAINT MARD";"49,0443041";"2,6893679"
"201900056175";"17";"8";"2019";"21:25";"3";"78";"78310";"1";"1";"2";"3";"RN 12 Sens Province / Paris PK 61.500";"48,7820210";"1,6008640"
"201900056176";"18";"8";"2019";"16:00";"1";"2B";"2B182";"1";"1";"1";"3";"RT 30";"42,6379130";"8,9852510"
"201900056177";"18";"8";"2019";"16:50";"1";"2B";"2B168";"2";"1";"1";"7";"Ballaccia Sottana";"42,6304940";"8,9474640"
"201900056178";"20";"8";"2019";"04:15";"3";"2A";"2A041";"1";"1";"1";"1";"D58";"41,3878260";"9,1779090"
"201900056179";"19";"8";"2019";"08:15";"1";"13";"13066";"1";"3";"1";"3";"D7n";"43,8733310";"4,9145510"
"201900056180";"17";"8";"2019";"18:30";"1";"68";"68334";"2";"1";"8";"7";"85 R: Kléber 68800";"47,8018470";"7,1018810"
"201900056181";"18";"8";"2019";"10:05";"1";"74";"74155";"2";"2";"1";"3";"D22";"46,2824890";"6,5204660"
"201900056182";"17";"8";"2019";"19:35";"1";"26";"26072";"1";"1";"1";"6";"440 route de Claveyson";"45,1172230";"4,8966490"
"201900056183";"1";"8";"2019";"16:40";"1";"24";"24022";"1";"1";"1";"1";"départementale 29";"44,8493860";"0,8012100"
"201900056184";"19";"8";"2019";"13:10";"1";"14";"14658";"1";"1";"1";"2";"D524";"48,8404480";" -0,9918730"
"201900056185";"20";"8";"2019";"00:00";"3";"14";"14040";"1";"1";"1";"7";"le Pont Roch";"49,2664970";" -0,7446690"
"201900056186";"20";"8";"2019";"14:00";"1";"56";"56023";"1";"3";"1";"7";"Kerberhuët";"47,6925670";" -3,0069140"
"201900056187";"18";"8";"2019";"10:45";"1";"29";"29198";"1";"1";"1";"2";"Coatiguinou";"48,5841950";" -4,2818030"
"201900056188";"19";"8";"2019";"15:25";"1";"27";"27203";"1";"3";"1";"3";"RD 181";"49,0432770";"1,4078090"
"201900056189";"19";"8";"2019";"17:15";"1";"33";"33096";"1";"1";"1";"4";"AUTOROUTE A10";"44,8981100";" -0,4954400"
"201900056190";"19";"8";"2019";"16:10";"1";"33";"33167";"1";"1";"1";"2";"ROUTE NATIONALE 230";"44,8221700";" -0,5145000"
"201900056191";"19";"8";"2019";"00:15";"5";"33";"33397";"1";"1";"2";"6";"AUTOROUTE A 10";"44,9082070";" -0,4893300"
"201900056192";"18";"8";"2019";"06:00";"3";"94";"94065";"1";"1";"1";"2";"AUTOROUTE A86";"48,7548000";"2,3484000"
"201900056193";"18";"8";"2019";"01:50";"3";"91";"91161";"1";"1";"2";"7";"AUTOROUTE A126";"48,7079000";"2,3060600"
"201900056194";"19";"8";"2019";"00:30";"5";"92";"92036";"1";"1";"1";"4";"A86";"48,9356000";"2,2623000"
"201900056195";"18";"8";"2019";"22:00";"5";"92";"92064";"1";"1";"1";"2";"A13";"48,8395738";"2,2129393"
"201900056196";"18";"8";"2019";"18:01";"1";"78";"78029";"1";"1";"1";"2";"A13Y";"48,9679360";"1,8580320"
"201900056197";"18";"8";"2019";"13:00";"1";"92";"92036";"1";"1";"2";"6";"A86";"48,9370001";"2,3180011"
"201900056198";"18";"8";"2019";"12:40";"1";"92";"92036";"1";"1";"1";"6";"A15";"48,9472531";"2,2819062"
"201900056199";"18";"8";"2019";"10:05";"1";"93";"93027";"1";"1";"3";"6";"BDL";"48,9264100";"2,4028500"
"201900056200";"17";"8";"2019";"17:45";"1";"95";"95488";"1";"1";"2";"6";"AUTOROUTE A15";"49,0238500";"2,1331900"
"201900056201";"19";"8";"2019";"13:00";"1";"94";"94017";"1";"1";"1";"7";"A4";"48,8298700";"2,4838700"
"201900056202";"18";"8";"2019";"07:50";"1";"77";"77249";"1";"1";"2";"6";"RN104";"48,7528600";"2,6144200"
"201900056203";"19";"6";"2019";"08:55";"1";"91";"91657";"2";"1";"1";"2";"PIERRE MARIN (RUE)";"48,6993900";"2,4170800"
"201900056204";"18";"8";"2019";"13:10";"1";"974";"97416";"2";"1";"1";"7";"L'ENTRE DEUX(ROUTE DE)";" -21,2983260";"55,4382350"
"201900056205";"18";"8";"2019";"21:10";"5";"69";"69388";"2";"2";"2";"1";"PAUL CAZENEUVE                      (R )";"45,7389900";"4,8665400"
"201900056206";"17";"8";"2019";"11:55";"1";"972";"97213";"1";"1";"1";"3";"ROUTE DEPARTEMENTALE 3";"14,6490820";" -60,9888200"
"201900056207";"18";"8";"2019";"17:58";"1";"2A";"2A004";"2";"1";"1";"2";"ASPRETTO ROUTE";"41,9308500";"8,7570600"
"201900056208";"18";"8";"2019";"18:25";"1";"2A";"2A004";"2";"1";"1";"3";"AVENUE DU DOCTEUR NOEL FRANCHINI";"41,9360058";"8,7534975"
"201900056209";"17";"8";"2019";"15:50";"1";"91";"91201";"2";"1";"2";"2";"HENRI BARBUSSE(BOULEVARD)";"48,6873100";"2,4092200"
"201900056210";"17";"8";"2019";"11:00";"1";"74";"74281";"1";"1";"1";"5";"GENEVE (AVE DE) JUSQUE CROISEE ANTHY";"46,3521349";"6,4396622"
"201900056211";"14";"8";"2019";"18:15";"1";"73";"73011";"2";"1";"7";"2";"PIQUAND (RUE EDOUARD)";"45,6777795";"6,3820492"
"201900056212";"18";"8";"2019";"17:00";"1";"69";"69256";"2";"1";"1";"3";"DROITS DE L'HOMME (DES)             (R )";"45,7604100";"4,9338300"
"201900056213";"18";"8";"2019";"11:50";"1";"64";"64189";"2";"1";"1";"2";"JAURES JEAN  (AVENUE)";"43,3833900";" -1,6674900"
"201900056214";"18";"8";"2019";"01:50";"5";"51";"51454";"2";"1";"2";"7";"AVENUE DU MARECHAL JUIN";"49,2245000";"4,0179000"
"201900056215";"17";"8";"2019";"11:10";"1";"45";"45298";"2";"1";"3";"3";"PLACE CLOVIS";"47,8798000";"1,8704200"
"201900056216";"18";"8";"2019";"03:02";"5";"41";"41018";"2";"1";"1";"7";"VERDUN (AVENUE DE)";"47,5974300";"1,3494800"
"201900056217";"18";"8";"2019";"21:20";"3";"37";"37122";"2";"1";"1";"1";"DOMAINE (RUE DU)";"47,3583300";"0,6894900"
"201900056218";"18";"8";"2019";"18:00";"1";"37";"37261";"2";"9";"1";"3";"HEURTELOUP (BOULEVARD)";"47,3922468";"0,7007190"
"201900056219";"15";"8";"2019";"04:25";"5";"37";"37214";"2";"1";"1";"6";"MAISONS BLANCHES (QUAI DES)";"47,3941100";"0,6503100"
"201900056220";"18";"8";"2019";"22:10";"3";"35";"35238";"1";"1";"1";"6";"BORON (CHEMIN DE)";"48,0936600";" -1,7242900"
"201900056221";"19";"8";"2019";"00:25";"5";"34";"34003";"2";"6";"1";"2";"NICOLAS-FOUQUET (ROND-POINT)";"43,2847600";"3,5036900"
"201900056222";"18";"8";"2019";"16:15";"1";"29";"29019";"2";"6";"1";"7";"CHATEAU (DE 37 A 55 ET 34 A 50)";"48,3863300";" -4,4872500"
"201900056223";"18";"8";"2019";"21:20";"5";"25";"25462";"2";"6";"9";"3";"ROCADE G.POMPIDOU (DU 25 A LA FIN)";"46,9107000";"6,3328000"
"201900056224";"17";"8";"2019";"19:50";"1";"25";"25056";"2";"1";"1";"2";"DOLE RUE DE (entre 82 et 185)";"47,2284800";"5,9860400"
"201900056225";"18";"8";"2019";"21:30";"5";"13";"13208";"2";"1";"1";"1";"JOSEPH VIDAL (AVENUE)";"43,2527400";"5,3800600"
"201900056226";"18";"8";"2019";"21:00";"1";"13";"13201";"2";"1";"1";"6";"VOLTAIRE    PAIRS (BOULEVARD)";"43,3029500";"5,3848300"
"201900056227";"18";"8";"2019";"14:06";"1";"13";"13202";"2";"1";"1";"6";"CAISSERIE (RUE)";"43,2971400";"5,3685200"
"201900056228";"18";"8";"2019";"05:35";"3";"13";"13201";"2";"1";"1";"6";"THUBANEAU (RUE)";"43,2980700";"5,3798000"
"201900056229";"14";"8";"2019";"15:35";"1";"7";"07019";"2";"1";"7";"6";"PAIX (PLACE DE LA)";"44,6178900";"4,3891900"
"201900056230";"18";"8";"2019";"07:30";"2";"6";"06088";"2";"2";"1";"1";"ST LAMBERT A PARTIR DU N° 131)";"43,7184035";"7,2630676"
"201900056231";"17";"8";"2019";"13:45";"1";"3";"03185";"2";"1";"1";"6";"22-28 avenue Pierre Villon";"46,3527198";"2,5878609"
"201900056232";"17";"8";"2019";"20:35";"2";"75";"75113";"2";"3";"3";"6";"AVENUE DE CHOISY";"48,8297716";"2,3571119"
"201900056233";"18";"8";"2019";"19:15";"1";"75";"75120";"2";"3";"1";"6";"AVENUE DE LA PORTE DE BAGNOLET";"48,8647750";"2,4101360"
"201900056234";"18";"8";"2019";"05:00";"5";"75";"75112";"2";"1";"1";"6";"BOULEVARD PONIATOWSKI";"48,8323299";"2,3988980"
"201900056235";"17";"8";"2019";"22:15";"5";"75";"75103";"2";"7";"2";"6";"PLACE DE LA REPUBLIQUE";"48,8677848";"2,3626560"
"201900056236";"17";"8";"2019";"22:20";"5";"94";"94076";"2";"1";"2";"6";"MARCEL GROSMESNIL (R)";"48,7977810";"2,3549190"
"201900056237";"18";"8";"2019";"09:00";"1";"93";"93073";"2";"1";"2";"6";"CHAPIT RE ( RUE DU)";"49,0025100";"2,5369540"
"201900056238";"18";"8";"2019";"00:30";"5";"93";"93046";"2";"3";"3";"6";"CONSUL GENERAL NORDLING AVENUE";"48,9161500";"2,5307000"
"201900056239";"17";"5";"2019";"20:40";"2";"6";"06152";"1";"1";"1";"7";"Route des Macarons";"43,6327470";"7,0486910"
"201900056240";"13";"5";"2019";"12:30";"1";"6";"06152";"1";"6";"1";"3";"route de Biot";"43,6444471";"7,0492435"
"201900056241";"6";"5";"2019";"15:08";"1";"6";"06018";"2";"1";"1";"1";"Route d'Antibes";"43,6236820";"7,0982680"
"201900056242";"3";"5";"2019";"13:00";"1";"6";"06018";"1";"1";"1";"2";"Route Départemental 535";"43,6138400";"7,0798050"
"201900056243";"11";"5";"2019";"22:45";"3";"35";"35219";"1";"1";"1";"6";"D177 PK 60.200";"47,8172789";" -1,9184978"
"201900056244";"25";"4";"2019";"12:55";"1";"33";"33351";"1";"1";"4";"3";"Autoroute A10 sens PARIS - BORDEAUX PK 501.600";"45,2247300";" -0,5146500"
"201900056245";"2";"5";"2019";"10:25";"1";"79";"79189";"1";"1";"1";"1";"autoroute A10";"46,4010850";" -0,1595600"
"201900056246";"30";"5";"2019";"18:20";"1";"67";"67411";"1";"1";"1";"6";"RD 500 sens Molsheim vers Obernai au PR 003+400";"48,4960850";"7,4690070"
"201900056247";"29";"5";"2019";"09:30";"1";"67";"67481";"1";"1";"1";"2";"a35 pk 432.300";"48,3699454";"7,4842085"
"201900056248";"17";"5";"2019";"18:45";"1";"67";"67445";"1";"1";"1";"6";"a35";"48,2746450";"7,4340290"
"201900056249";"6";"5";"2019";"12:30";"1";"67";"67045";"1";"1";"1";"2";"rd500 pk 4.2";"48,4883040";"7,5080370"
"201900056250";"1";"12";"2019";"00:00";"3";"38";"38530";"1";"6";"1";"3";"D1006";"45,6137860";"5,1971520"
"201900056251";"14";"5";"2019";"11:20";"1";"33";"33122";"1";"1";"1";"6";"Parking (erreur manoeuvre)";"44,7663800";" -0,6904100"
"201900056252";"4";"12";"2019";"14:01";"1";"67";"67155";"1";"1";"1";"2";"A35 PK 423.800";"48,4124030";"7,4824810"
"201900056253";"4";"12";"2019";"17:54";"3";"58";"58296";"1";"1";"1";"1";"Nationale 7";"46,7114860";"3,1923460"
"201900056254";"22";"5";"2019";"16:13";"1";"53";"53175";"1";"3";"1";"3";"Les Planches";"48,0220570";" -0,6842650"
"201900056255";"1";"11";"2019";"07:00";"1";"974";"97415";"1";"1";"1";"1";"Le Moulin à Eau";" -21,0910970";"55,2773870"
"201900056256";"21";"5";"2019";"12:05";"1";"33";"33284";"1";"1";"1";"2";"A63 PK 27+500";"44,6088900";" -0,8502600"
"201900056257";"5";"5";"2019";"04:40";"3";"33";"33284";"1";"1";"1";"2";"A660-PK 011+800";"44,6191300";" -0,9741000"
"201900056258";"3";"12";"2019";"11:22";"1";"30";"30307";"1";"1";"1";"3";"N106";"44,1955480";"4,0439980"
"201900056259";"3";"12";"2019";"17:45";"3";"34";"34299";"1";"1";"1";"6";"D64";"43,2944750";"3,2912930"
"201900056260";"5";"4";"2019";"11:05";"1";"33";"33284";"1";"1";"2";"2";"A63-PK22";"44,6554000";" -0,8308200"
"201900056261";"3";"12";"2019";"18:20";"3";"34";"34327";"1";"1";"1";"1";"D68";"43,6752080";"3,9527060"
"201900056262";"4";"5";"2019";"19:45";"1";"38";"38253";"1";"1";"1";"7";"Les Touches";"45,0269100";"6,0945500"
"201900056263";"3";"12";"2019";"19:19";"3";"84";"84132";"1";"3";"1";"3";"2374 Route de Cavaillon";"43,9006940";"5,0048160"
"201900056264";"25";"5";"2019";"22:10";"3";"89";"89277";"1";"1";"1";"5";"Autoroute A6";"47,6780659";"3,8600667"
"201900056265";"14";"5";"2019";"23:30";"3";"72";"72080";"1";"1";"1";"3";"Autoroute A11- PK 134.000";"48,1718180";"0,6576440"
"201900056266";"16";"5";"2019";"16:00";"1";"74";"74014";"1";"1";"1";"7";"Route de la Barliette";"46,0402940";"6,6349220"
"201900056267";"26";"5";"2019";"01:40";"3";"6";"06004";"1";"1";"1";"2";"Autoroute A8 pk 175 voie sud PK 175.000";"43,6086181";"7,0978432"
"201900056268";"3";"12";"2019";"15:20";"1";"13";"13059";"2";"1";"1";"3";"Rd 96";"43,6402400";"5,5234010"
"201900056269";"4";"12";"2019";"11:00";"1";"71";"71433";"1";"1";"1";"7";"D985";"46,3622500";"4,2594410"
"201900056270";"24";"5";"2019";"13:30";"1";"6";"06079";"1";"1";"1";"2";"A8 PK 159.100 chaussée Sud direction Nice";"43,5574290";"6,9490890"
"201900056271";"15";"5";"2019";"08:10";"1";"13";"13001";"1";"1";"8";"4";"AUTOROUTE A8 PK 020+000 SENS NORD";"43,5141930";"5,4358640"
"201900056272";"4";"12";"2019";"16:25";"2";"57";"57683";"1";"1";"1";"5";"D112d";"49,2992860";"6,1313520"
"201900056273";"4";"12";"2019";"05:45";"5";"74";"74124";"2";"1";"1";"6";"Route du Châble";"46,1019280";"6,0650320"
"201900056274";"4";"12";"2019";"15:30";"1";"17";"17369";"2";"6";"1";"6";"RD 735";"46,1981340";" -1,3549540"
"201900056275";"12";"5";"2019";"08:30";"1";"13";"13001";"1";"1";"1";"2";"A8 PK021.000 sens NICE-LYON";"43,5131820";"5,4792300"
"201900056276";"4";"12";"2019";"07:00";"3";"16";"16359";"1";"1";"1";"6";"Ld Montperron";"45,6442860";" -0,3288760"
"201900056277";"4";"12";"2019";"13:16";"1";"24";"24445";"1";"1";"1";"5";"D32";"44,9214730";"0,7180180"
"201900056278";"27";"5";"2019";"11:55";"1";"77";"77137";"2";"9";"1";"2";"N4 / D204";"48,6971417";"3,2922272"
"201900056279";"4";"12";"2019";"07:50";"1";"33";"33238";"2";"3";"1";"3";"D109";"44,7340000";" -0,6108400"
"201900056280";"1";"5";"2019";"09:05";"1";"44";"44072";"1";"3";"8";"2";"D774";"47,4225610";" -2,3404590"
"201900056281";"2";"12";"2019";"19:00";"3";"76";"76420";"1";"3";"1";"2";"Route de Rouen";"49,6023550";"1,4815060"
"201900056282";"3";"12";"2019";"19:20";"5";"59";"59035";"2";"1";"1";"6";"rue de l'ancienne gare";"50,1065860";"3,9512810"
"201900056283";"24";"5";"2019";"12:20";"1";"68";"68129";"1";"1";"1";"4";"Autoroute A36 P 004+100";"47,7361680";"7,2121130"
"201900056284";"28";"5";"2019";"22:30";"5";"6";"06067";"1";"9";"1";"7";"A8 PK 216+000 NORD";"43,7765120";"7,4488780"
"201900056285";"3";"12";"2019";"22:00";"5";"59";"59252";"2";"6";"1";"6";"Rue au Vent";"50,7113500";"2,9387430"
"201900056286";"19";"5";"2019";"21:55";"5";"6";"06088";"1";"1";"2";"2";"A8 PK 196+420 SUD";"43,7350204";"7,2477525"
"201900056287";"4";"12";"2019";"09:45";"1";"59";"59034";"2";"6";"7";"6";"Rue de Pont a Marcq";"50,5375900";"3,0807500"
"201900056288";"10";"5";"2019";"18:50";"1";"6";"06088";"1";"1";"1";"7";"A8 PK 187.200 NORD";"43,6891270";"7,1900550"
"201900056289";"10";"5";"2019";"09:50";"1";"6";"06104";"1";"1";"1";"2";"A8 PK 215.800 SUD";"43,7748923";"7,4495797"
"201900056290";"3";"12";"2019";"07:45";"2";"13";"13215";"1";"1";"1";"3";"A7-Sens Lyon vers Marseille";"43,3688926";"5,3610084"
"201900056291";"2";"12";"2019";"10:00";"2";"13";"13071";"1";"1";"1";"2";"A7-Sens Marseille vers Lyon";"43,4099926";"5,2851317"
"201900056292";"16";"5";"2019";"18:20";"1";"2";"02227";"1";"1";"1";"2";"AUTOROUTE A4 PK 100+400";"49,1282510";"3,5849420"
"201900056293";"2";"12";"2019";"07:45";"1";"13";"13211";"1";"1";"1";"2";"A50-Sens Aubagne vers Marseille";"43,2865510";"5,4329550"
"201900056294";"4";"5";"2019";"13:45";"1";"2";"02465";"1";"1";"4";"7";"autoroute A4  Sens Strasbourg Paris PK 71+100";"49,0401830";"3,2187450"
"201900056295";"28";"11";"2019";"17:40";"3";"13";"13071";"1";"1";"1";"2";"A7-Sens Marseille vers Lyon";"43,4055000";"5,2951110"
"201900056296";"28";"5";"2019";"07:15";"1";"976";"97603";"1";"1";"1";"6";"CD 3";" -12,8976050";"45,1951420"
"201900056297";"17";"10";"2019";"16:01";"1";"69";"69290";"1";"1";"1";"6";"RN346   38.960 A 40.883";"45,7055800";"4,9670700"
"201900056298";"7";"5";"2019";"06:45";"2";"49";"49068";"1";"6";"1";"3";"D723";"47,4120920";" -0,8465930"
"201900056299";"3";"12";"2019";"16:10";"1";"33";"33249";"1";"1";"1";"4";"ROUTE NATIONALE 230";"44,8736800";" -0,5067100"
"201900056300";"14";"5";"2019";"13:40";"1";"17";"17104";"1";"1";"1";"4";"RN 10";"45,2875080";" -0,2416140"
"201900056301";"20";"5";"2019";"14:25";"1";"86";"86116";"1";"1";"1";"2";"A10 PK 333.280 sens Bordeaux Paris";"46,4724650";"0,0446540"
"201900056302";"13";"5";"2019";"16:40";"1";"86";"86096";"1";"2";"1";"3";"ROUTE DÉPARTEMENTALE 41";"46,8137500";"0,3168450"
"201900056303";"30";"5";"2019";"04:55";"2";"57";"57129";"1";"1";"1";"2";"A4 - PK321+100";"49,1846430";"6,2382540"
"201900056304";"17";"5";"2019";"10:56";"1";"6";"06066";"1";"1";"1";"5";"D17, Pr 2+900";"43,8419820";"7,1862350"
"201900056305";"3";"12";"2019";"13:25";"1";"33";"33192";"1";"1";"1";"4";"ROCADE A 630";"44,7899500";" -0,6063700"
"201900056306";"30";"4";"2019";"16:20";"1";"51";"51515";"1";"1";"1";"7";"A4";"49,0356546";"4,6054756"
"201900056307";"3";"12";"2019";"10:50";"1";"33";"33249";"1";"1";"1";"2";"ROUTE NATIONALE 230";"44,8806800";" -0,5105500"
"201900056308";"3";"12";"2019";"09:00";"1";"33";"33162";"1";"1";"1";"3";"ROCADE A 630";"44,8739400";" -0,6374400"
"201900056309";"26";"11";"2019";"18:35";"3";"62";"62907";"1";"1";"1";"3";"AUTOROUTE A1";"50,4888320";"2,9883670"
"201900056310";"23";"5";"2019";"18:30";"1";"38";"38005";"1";"1";"1";"6";"75 Route des Chabottes";"45,2019970";"6,0403810"
"201900056311";"21";"5";"2019";"08:20";"1";"38";"38534";"1";"1";"1";"6";"Rampe des commères";"45,0308200";"6,0852100"
"201900056312";"3";"12";"2019";"13:00";"1";"91";"91216";"1";"1";"1";"4";"AUTOROUTE A6";"48,6862000";"2,3265000"
"201900056313";"3";"5";"2019";"15:00";"1";"38";"38052";"1";"1";"1";"7";"Rochetaillée";"45,1160400";"5,9914400"
"201900056314";"3";"12";"2019";"10:00";"1";"91";"91363";"1";"1";"1";"2";"RN 104";"48,6619000";"2,1874000"
"201900056315";"15";"5";"2019";"09:43";"1";"7";"07188";"1";"1";"1";"1";"RD578";"45,2035690";"4,6749730"
"201900056316";"3";"12";"2019";"08:50";"1";"91";"91363";"1";"1";"1";"2";"RN 104";"48,6490090";"2,1684440"
"201900056317";"24";"5";"2019";"15:29";"1";"51";"51571";"1";"1";"1";"7";"A4";"49,1594680";"4,1943647"
"201900056318";"16";"5";"2019";"09:00";"1";"51";"51454";"1";"1";"1";"2";"A344";"49,2258815";"4,0588452"
"201900056319";"2";"12";"2019";"17:40";"3";"92";"92050";"1";"1";"1";"4";"A86";"48,9046715";"2,2083247"
"201900056320";"11";"5";"2019";"07:00";"2";"51";"51571";"1";"1";"3";"3";" A4";"49,1504424";"4,2048384"
"201900056321";"2";"12";"2019";"12:20";"1";"92";"92050";"1";"1";"1";"4";"A86";"48,9064294";"2,2107174"
"201900056322";"3";"12";"2019";"11:30";"1";"95";"95491";"1";"1";"1";"4";"AUTOROUTE A115";"48,9991000";"2,2464500"
"201900056323";"2";"12";"2019";"10:00";"1";"92";"92036";"1";"1";"2";"6";"AUTOROUTE A15";"48,9436437";"2,2877633"
"201900056324";"2";"12";"2019";"07:40";"3";"93";"93005";"1";"1";"1";"3";"AUTOROUTE A3";"48,9570000";"2,4737100"
"201900056325";"2";"12";"2019";"06:30";"3";"93";"93006";"1";"1";"1";"2";"AUTOROUTE A3";"48,8656200";"2,4188200"
"201900056326";"1";"12";"2019";"19:00";"4";"93";"93048";"1";"1";"8";"3";"AUTOROUTE A86";"48,8637500";"2,4824500"
"201900056327";"3";"12";"2019";"09:04";"1";"77";"77294";"1";"1";"5";"2";"A104";"48,9703700";"2,5704800"
"201900056328";"2";"12";"2019";"11:00";"1";"94";"94069";"1";"1";"1";"6";"A4";"48,8176057";"2,4212441"
"201900056329";"15";"2";"2019";"17:55";"2";"67";"67482";"1";"1";"1";"6";"LA FONTAINE (BOULEVARD)";"48,5907200";"7,7022700"
"201900056330";"8";"5";"2019";"16:30";"1";"51";"51305";"1";"1";"4";"7";"A4";"49,2384946";"3,8753731"
"201900056331";"13";"2";"2019";"11:15";"1";"67";"67482";"2";"1";"1";"6";"MAROQUIN (RUE DU)";"48,5803100";"7,7511380"
"201900056332";"16";"4";"2019";"00:30";"3";"51";"51569";"1";"1";"1";"7";"A26";"49,2611646";"3,9612711"
"201900056333";"1";"12";"2019";"17:28";"5";"75";"75120";"2";"5";"2";"3";"AVENUE GAMBETTA";"48,8683110";"2,4014220"
"201900056334";"13";"2";"2019";"08:52";"1";"67";"67482";"2";"3";"7";"3";"VIRGILE (RUE)";"48,5813650";"7,6992350"
"201900056335";"18";"5";"2019";"07:55";"1";"33";"33547";"1";"1";"1";"1";"CD 03 - PR 156+072";"44,4570310";" -0,3905310"
"201900056336";"12";"2";"2019";"22:20";"3";"67";"67204";"1";"1";"1";"6";"FONTAINE (RUE DE LA)";"48,6237000";"7,7483400"
"201900056337";"15";"5";"2019";"15:01";"1";"34";"34143";"1";"1";"1";"2";"Autoroute A, PK 126+500";"43,4695139";"3,6401975"
"201900056338";"4";"5";"2019";"03:57";"5";"69";"69043";"2";"6";"1";"6";"20 Route de la Gare";"45,7004400";"4,7541000"
"201900056339";"1";"12";"2019";"02:48";"5";"75";"75112";"2";"2";"2";"3";"BOULEVARD DIDEROT";"48,8470000";"2,3837744"
"201900056340";"12";"2";"2019";"18:20";"5";"67";"67218";"2";"3";"1";"6";"ALTENHEIM (ROUTE D )";"48,5430200";"7,7360500"
"201900056341";"15";"2";"2019";"15:35";"1";"67";"67462";"2";"1";"1";"6";"COLMAR (ROUTE DE)";"48,2580400";"7,4443400"