"Num_Acc";"jour";"mois";"an";"hrmn";"lum";"dep";"com";"agg";"int";"atm";"col";"adr";"lat";"long"
"201900056342";"1";"12";"2019";"00:10";"5";"75";"75107";"2";"1";"1";"2";"QUAI ANATOLE FRANCE";"48,8620433";"2,3210563"
"201900056343";"15";"2";"2019";"11:13";"2";"66";"66136";"2";"1";"1";"6";"SAINT-ASSISCLE (BOULEVARD DE)";"42,6959000";"2,8783300"
"201900056344";"2";"5";"2019";"14:05";"1";"14";"14593";"1";"1";"1";"6";"A13, PK 184.960, sens CAEN-PARIS";"49,2671608";"0,1685998"
"201900056345";"14";"2";"2019";"13:45";"1";"64";"64483";"2";"1";"1";"6";"chemin d'Aguérria";"43,4112500";" -1,6230500"
"201900056346";"2";"12";"2019";"08:50";"1";"75";"75117";"2";"4";"1";"2";"BD PERIPHERIQUE INTERIEUR";"48,9003654";"2,3225355"
"201900056347";"27";"5";"2019";"20:25";"2";"21";"21295";"1";"1";"2";"2";"A 31 PK023.000 SENS sud-nord";"47,2072410";"4,9981050"
"201900056348";"13";"2";"2019";"17:00";"1";"64";"64348";"1";"1";"1";"2";"RD 834";"43,3172023";" -0,3949286"
"201900056349";"1";"12";"2019";"20:30";"5";"75";"75117";"2";"3";"2";"3";"BOULEVARD DES BATIGNOLLES";"48,8833290";"2,3258020"
"201900056350";"29";"5";"2019";"10:00";"1";"45";"45067";"1";"1";"1";"6";"A10 PK 104+560 aire de Bellevue";"47,8948680";"1,7714450"
"201900056351";"27";"5";"2019";"16:35";"1";"28";"28303";"1";"1";"1";"2";"A10 PK 76+900 sens Paris vers province";"48,1056750";"1,8510720"
"201900056352";"18";"5";"2019";"15:49";"1";"28";"28392";"1";"1";"8";"6";"autoroute 10 - P.K. 61 + 250";"48,2388580";"1,8509430"
"201900056353";"13";"2";"2019";"08:35";"1";"64";"64284";"2";"6";"1";"2";"BEAUVALLON";"43,2857279";" -0,3995755"
"201900056354";"18";"5";"2019";"02:24";"3";"28";"28367";"1";"1";"1";"6";"Autoroute A10 PK 070+150 Sens 2";"48,1455710";"1,8718900"
"201900056355";"14";"2";"2019";"10:40";"1";"64";"64102";"2";"1";"1";"6";"4 BOULEVARD ALSACE LORRAINE ";"43,4949560";" -1,4692460"
"201900056356";"13";"2";"2019";"16:55";"1";"64";"64024";"2";"1";"1";"3";"JOUANETOTE (RUE DE)";"43,4916990";" -1,5061910"
"201900056357";"28";"5";"2019";"05:00";"3";"11";"11014";"1";"1";"6";"2";"A9 - PK 186.660  sens sud/nord";"43,1883380";"3,0634120"
"201900056358";"2";"12";"2019";"18:45";"3";"75";"75116";"2";"7";"1";"6";"AVENUE PAUL DOUMER";"48,8625197";"2,2868621"
"201900056359";"14";"2";"2019";"18:45";"5";"62";"62826";"2";"6";"1";"6";"LOUIS QUETELART (AVENUE)";"50,5168229";"1,6008341"
"201900056360";"29";"5";"2019";"16:25";"1";"30";"30169";"1";"1";"1";"2";"autoroute A9 - PK 59.000";"43,7893820";"4,3068500"
"201900056361";"2";"12";"2019";"15:21";"1";"75";"75116";"2";"7";"1";"3";"PLACE DE VARSOVIE";"48,8607552";"2,2917116"
"201900056362";"2";"12";"2019";"11:30";"1";"75";"75116";"2";"1";"1";"3";"AVENUE DE L HIPPODROME";"48,8582110";"2,2550270"
"201900056363";"14";"2";"2019";"16:40";"1";"62";"62626";"1";"1";"1";"6";"CAMBRIN ( ROUTE DE )";"50,4976900";"2,7305300"
"201900056364";"6";"5";"2019";"06:57";"1";"30";"30189";"1";"1";"1";"6";"Autoroute A9 la Catalane";"43,8364470";"4,3589050"
"201900056365";"14";"2";"2019";"16:10";"1";"62";"62126";"2";"1";"1";"6";"DELBECQUE ( RUE )";"50,5152700";"2,6703600"
"201900056366";"1";"5";"2019";"12:45";"1";"30";"30123";"1";"9";"1";"5";"AUTOROUTE A9 - PK 71+000 SENS 1 VERS MONTPELLIER";"43,7207130";"4,1725110"
"201900056367";"5";"2";"2019";"14:15";"1";"62";"62516";"1";"6";"1";"6";"CD 943";"50,5686200";"2,4610300"
"201900056368";"1";"12";"2019";"15:30";"1";"75";"75116";"2";"1";"1";"5";"BOULEVARD LANNES";"48,8662350";"2,2712780"
"201900056369";"27";"5";"2019";"03:45";"5";"971";"97103";"1";"1";"1";"7";"RN1";"16,2545590";" -61,5576660"
"201900056370";"2";"12";"2019";"19:10";"5";"75";"75115";"2";"2";"1";"3";"ESPLANADE HENRI DE FRANCE";"48,8386045";"2,2697604"
"201900056371";"17";"2";"2019";"09:55";"1";"61";"61397";"2";"1";"1";"6";"CHAUVIGNY (RUE DE)";"48,4183250";"0,0722810"
"201900056372";"17";"2";"2019";"04:40";"5";"60";"60463";"2";"6";"9";"6";"RD200 RD1016";"49,2857868";"2,4670910"
"201900056373";"30";"4";"2019";"15:00";"1";"971";"97103";"2";"6";"3";"3";"3617 Boulevard du Marquisat de Houelbourg";"16,2428810";" -61,5597480"
"201900056374";"2";"12";"2019";"17:55";"5";"75";"75115";"2";"7";"1";"6";"PLACE DE BRETEUIL";"48,8471253";"2,3111881"
"201900056375";"8";"4";"2019";"20:45";"5";"971";"97103";"2";"1";"1";"6";"Boulevard Destrellan";"16,2522720";" -61,5879430"
"201900056376";"28";"1";"2019";"15:25";"1";"59";"59544";"2";"1";"1";"6";"LUMIERE (RUE DES FRERES)";"50,3653640";"3,5590350"
"201900056377";"2";"5";"2019";"07:00";"1";"976";"97614";"2";"1";"1";"3";"Quartier Coconi RN 2";" -12,8338640";"45,1351250"
"201900056378";"3";"5";"2019";"06:45";"1";"59";"59623";"1";"9";"1";"6";"A26 SENS REIMS CALAIS PK 144.500";"50,0397050";"3,1745420"
"201900056379";"28";"1";"2019";"18:00";"2";"59";"59606";"2";"1";"8";"3";"REIMS (AVENUE DE)";"50,3483700";"3,5247300"
"201900056380";"23";"4";"2019";"08:40";"1";"13";"13018";"1";"1";"3";"6";"autoroute A7 pk 202.000";"43,8598800";"4,9503650"
"201900056381";"17";"2";"2019";"10:30";"1";"59";"59152";"2";"6";"1";"2";"boulevard de la lys";"50,7552400";"3,0251000"
"201900056382";"16";"2";"2019";"04:15";"5";"59";"59421";"2";"9";"1";"7";"LORTHIOIS (RUE)2A60-1A61-100A260-101A261";"50,7135245";"3,1361265"
"201900056383";"5";"5";"2019";"17:30";"1";"13";"13103";"1";"1";"1";"6";"Autoroute A.54, PK 71+400, sens Ouest/Est";"43,6264790";"5,1166660"
"201900056384";"10";"5";"2019";"21:25";"2";"62";"62839";"1";"1";"2";"2";"Autotoute A1";"50,1450440";"2,8737040"
"201900056385";"19";"5";"2019";"16:00";"1";"45";"45032";"1";"1";"3";"6";"A6, PK 95+952";"48,1431730";"2,9092170"
"201900056386";"14";"5";"2019";"09:05";"1";"77";"77412";"1";"1";"1";"2";"Route Nationale 37 au PR 000+300 en sens Fontainebleau-Paris";"48,4748060";"2,5173560"
"201900056387";"2";"12";"2019";"10:45";"1";"75";"75115";"2";"2";"1";"6";"RUE DE LOURMEL";"48,8421580";"2,2855480"
"201900056388";"16";"2";"2019";"10:57";"1";"59";"59299";"2";"2";"1";"3";"CLEMENCEAU (BOULEVARD)";"50,6600000";"3,1800000"
"201900056389";"8";"5";"2019";"10:25";"1";"51";"51099";"1";"1";"8";"7";"A26";"48,8204296";"4,2895825"
"201900056390";"2";"12";"2019";"20:50";"5";"75";"75112";"2";"1";"1";"2";"BOULEVARD DIDEROT";"48,8465860";"2,3801900"
"201900056391";"16";"5";"2019";"09:15";"1";"69";"69119";"1";"1";"1";"1";"Rue de Sainte-Croix";"45,4992377";"4,6790217"
"201900056392";"2";"12";"2019";"16:45";"1";"75";"75112";"2";"4";"1";"3";"AVENUE DAUMESNIL";"48,8489190";"2,3719790"
"201900056393";"12";"5";"2019";"20:15";"1";"78";"78349";"1";"1";"1";"6";"A10";"48,5647730";"1,9745400"
"201900056394";"2";"12";"2019";"18:00";"5";"75";"75111";"2";"2";"1";"3";"BOULEVARD RICHARD LENOIR";"48,8640320";"2,3707510"
"201900056395";"2";"12";"2019";"16:55";"1";"75";"75111";"2";"1";"1";"6";"RUE KELLER";"48,8535930";"2,3767720"
"201900056396";"8";"5";"2019";"15:50";"1";"78";"78564";"1";"1";"4";"5";"A10";"48,5224950";"1,9080850"
"201900056397";"2";"5";"2019";"06:15";"2";"28";"28363";"1";"1";"1";"2";"Autoroute A10 point kilométrique 042.200";"48,4125740";"1,8967560"
"201900056398";"24";"5";"2019";"09:05";"1";"34";"34282";"2";"1";"1";"6";"4 Avenue de Montpellier";"43,6272595";"3,6815304"
"201900056399";"22";"5";"2019";"12:30";"1";"34";"34202";"1";"3";"1";"6";"CD5";"43,5847380";"3,7785770"
"201900056400";"13";"5";"2019";"15:15";"1";"34";"34163";"2";"3";"1";"3";"Avenue Gilbert Sénés";"43,6447130";"3,6964560"
"201900056401";"5";"5";"2019";"05:00";"2";"988";"98808";"1";"1";"1";"7";"tribu Boréaré";" -21,3534300";"165,4604000"
"201900056402";"3";"5";"2019";"19:10";"3";"988";"98803";"1";"1";"1";"1";"route territoriale N° 1";" -21,4850200";"165,4059000"
"201900056403";"14";"2";"2019";"16:00";"1";"57";"57666";"2";"1";"1";"6";"VERDUN (ROUTE DE)";"49,3466700";"6,1352800"
"201900056404";"10";"5";"2019";"08:03";"1";"988";"98817";"1";"1";"1";"6";"ROUTE DE LA CORNICHE";" -22,2781600";"166,6222100"
"201900056405";"17";"2";"2019";"02:35";"5";"57";"57630";"2";"1";"1";"6";"FRANCE (AV)";"48,7351600";"7,0482800"
"201900056406";"2";"12";"2019";"12:50";"1";"75";"75111";"2";"2";"1";"6";"AVENUE LEDRU ROLLIN";"48,8513040";"2,3761450"
"201900056407";"14";"2";"2019";"14:20";"1";"57";"57463";"2";"1";"1";"2";"TREVES (BOULEVARD DE )";"49,1229600";"6,1877700"
"201900056408";"7";"5";"2019";"16:30";"1";"988";"98817";"2";"6";"1";"1";"Route de Saint-Louis";" -22,2368600";"166,5843600"
"201900056409";"4";"5";"2019";"00:00";"3";"988";"98817";"1";"1";"1";"7";"route de la corniche";" -22,2837090";"166,6227170"
"201900056410";"15";"2";"2019";"08:50";"1";"57";"57480";"1";"2";"1";"3";"RD157B";"49,0950541";"6,1370981"
"201900056411";"2";"12";"2019";"13:15";"1";"75";"75110";"2";"2";"1";"6";"BOULEVARD DE LA CHAPELLE";"48,8837410";"2,3512620"
"201900056412";"23";"5";"2019";"21:35";"3";"988";"98821";"1";"1";"2";"7";"Col de la pirogue RT1";" -22,0813580";"166,3182320"
"201900056413";"14";"2";"2019";"15:30";"1";"56";"56098";"1";"1";"1";"2";"RN 165 (PATINOIRE)";"47,7768200";" -3,3609200"
"201900056414";"2";"12";"2019";"08:20";"1";"75";"75110";"2";"2";"1";"6";"RUE DU FAUBOURG SAINT DENIS";"48,8793310";"2,3571040"
"201900056415";"13";"2";"2019";"19:55";"4";"56";"56121";"2";"6";"1";"3";"BASE DE SOUS-MARINS ( RD PT DE LA )";"47,7358600";" -3,3747300"
"201900056416";"13";"2";"2019";"14:05";"1";"56";"56083";"2";"6";"1";"2";"Avenue Salvador Allende";"47,8029500";" -3,2655200"
"201900056417";"23";"5";"2019";"11:50";"1";"988";"98821";"1";"1";"1";"7";"col de tiaré - rout du littoral";" -22,1552670";"166,2780630"
"201900056418";"12";"2";"2019";"20:20";"5";"56";"56121";"2";"2";"1";"3";"RUE LANVEUR";"47,7430500";" -3,3889000"
"201900056419";"19";"5";"2019";"07:30";"1";"988";"98821";"1";"1";"1";"7";"RT.1, col de la pirogue, sens Sud-Nord";" -22,0970000";"166,3199600"
"201900056420";"12";"2";"2019";"14:10";"1";"56";"56083";"2";"1";"1";"3";"THOREZ (RUE  MAURICE )";"47,8095300";" -3,2685700"
"201900056421";"23";"5";"2019";"13:30";"1";"986";"98613";"1";"1";"2";"7";"À Teppa";"43,2771790";"5,5108590"
"201900056422";"2";"12";"2019";"19:45";"5";"75";"75107";"2";"2";"1";"3";"PONT D IENA";"48,8591333";"2,2931151"
"201900056423";"20";"5";"2019";"17:30";"1";"976";"97607";"1";"1";"1";"3";"RN 2 Ironi-bé";" -12,8337390";"45,1892410"
"201900056424";"17";"2";"2019";"15:56";"1";"51";"51055";"2";"2";"1";"3";"RUE DES TERRES SAINT REMI";"49,2872000";"4,0554200"
"201900056425";"2";"12";"2019";"09:50";"1";"94";"94043";"2";"1";"1";"3";"CHARLES GIDE (AV)";"48,8061720";"2,3499410"
"201900056426";"7";"4";"2019";"15:20";"1";"974";"97422";"2";"1";"1";"7";"Chemin Henri Cabeu";" -21,2250670";"55,5590650"
"201900056427";"15";"2";"2019";"10:25";"1";"51";"51454";"2";"1";"7";"2";"AVENUE DE CHAMPAGNE";"49,2332455";"4,0387378"
"201900056428";"23";"5";"2019";"13:05";"1";"974";"97415";"2";"1";"1";"2";"Fleurimont";" -21,0381360";"55,2700390"
"201900056429";"30";"11";"2019";"11:45";"1";"94";"94011";"2";"1";"1";"4";"LECLERC.(AVENUE DU MARECHAL)";"48,7732600";"2,4962000"
"201900056430";"30";"4";"2019";"17:25";"1";"974";"97415";"1";"1";"1";"1";"Rue Carreau le Camp D4e";" -21,0320110";"55,2825900"
"201900056431";"2";"12";"2019";"16:10";"1";"93";"93070";"2";"1";"1";"6";"GABRIEL-PERI (AV)";"48,9070000";"2,3324000"
"201900056432";"15";"2";"2019";"07:50";"3";"50";"50173";"2";"1";"1";"6";"RENAN (RUE ERNEST)";"49,6502500";" -1,6832900"
"201900056433";"30";"5";"2019";"14:55";"1";"974";"97415";"1";"1";"1";"6";"RN1A";" -21,0950010";"55,2458120"
"201900056434";"3";"5";"2019";"14:00";"1";"974";"97421";"1";"1";"5";"6";"Route forestière 13 du haut mafat";" -21,0526640";"55,5078160"
"201900056435";"14";"2";"2019";"20:20";"5";"50";"50129";"2";"7";"1";"6";"REPUBLIQUE (PLACE DE LA)";"49,6426000";" -1,6246900"
"201900056436";"2";"12";"2019";"05:40";"5";"93";"93051";"2";"1";"9";"2";"LUCIEN SALLES (AVENUE)";"48,8244500";"2,5719200"
"201900056437";"13";"2";"2019";"14:30";"1";"50";"50602";"2";"1";"1";"2";"NORTHEIM (AVENUE DE)";"49,6435500";" -1,5807700"
"201900056438";"26";"5";"2019";"00:30";"3";"974";"97418";"1";"1";"1";"6";"RD51";" -20,9275420";"55,5733430"
"201900056439";"13";"2";"2019";"17:40";"1";"50";"50173";"2";"1";"1";"1";"BLUM (AVENUE LEON)";"49,6465100";" -1,6582600"
"201900056440";"12";"2";"2019";"19:35";"5";"50";"50129";"2";"2";"1";"3";"LEMONNIER (AVENUE AMIRAL)";"49,6350100";" -1,6009500"
"201900056441";"6";"5";"2019";"20:00";"3";"974";"97408";"1";"1";"1";"6";"ROUTE NATIONALE 1";" -20,9293860";"55,3314930"
"201900056442";"15";"2";"2019";"17:40";"1";"47";"47323";"1";"3";"7";"3";"BERNOU";"44,4148000";"0,7617900"
"201900056443";"2";"12";"2019";"20:40";"5";"92";"92073";"2";"1";"1";"7";"TUILERIE (RUE DE LA)";"48,8625000";"2,2151700"
"201900056444";"14";"5";"2019";"19:50";"5";"973";"97306";"1";"1";"1";"1";"charvein";"5,5787421";" -53,8942909"
"201900056445";"16";"2";"2019";"16:35";"1";"45";"45298";"2";"1";"1";"5";"RUE GASTON DEFFIE";"47,8922600";"1,8689200"
"201900056446";"2";"12";"2019";"09:00";"1";"92";"92072";"2";"1";"1";"6";"VILLE D'AVRAY (RUE DE )";"48,8239187";"2,2085546"
"201900056447";"31";"5";"2019";"13:15";"1";"973";"97311";"2";"1";"1";"2";"route de st maurice";"5,4843408";" -54,0311479"
"201900056448";"14";"2";"2019";"22:25";"5";"45";"45068";"1";"1";"1";"7";"Parking PROàPRO-RUE ANDRE PETIT";"48,0136100";"2,7237400"
"201900056449";"30";"4";"2019";"23:30";"3";"973";"97311";"1";"1";"2";"6";"Avenue Jean Galmot";"5,5206180";" -53,9594970"
"201900056450";"27";"5";"2019";"19:00";"3";"973";"97303";"1";"1";"2";"6";"RN1 - PK 167+100";"5,5250719";" -53,3816832"
"201900056451";"2";"5";"2019";"05:40";"2";"973";"97304";"1";"1";"1";"4";"RN1 - PK 52";"5,1170401";" -52,6478577"
"201900056452";"25";"5";"2019";"12:50";"1";"973";"97305";"1";"1";"1";"3";"Tonate";"5,0011941";" -52,4583119"
"201900056453";"14";"2";"2019";"18:00";"1";"44";"44109";"2";"1";"1";"6";"RUE DE LA PRIERE";"47,2212300";" -1,5960400"
"201900056454";"2";"12";"2019";"13:50";"1";"92";"92064";"2";"1";"1";"2";"MARECHAL JUIN";"48,8389550";"2,2215297"
"201900056455";"13";"5";"2019";"06:30";"1";"971";"97128";"1";"1";"1";"1";"Boulevard de la Criée";"16,2168950";" -61,4135920"
"201900056456";"2";"12";"2019";"06:36";"5";"92";"92040";"2";"3";"1";"3";"PAIX (AVENUE DE LA)";"48,8166600";"2,2666700"
"201900056457";"30";"11";"2019";"08:50";"1";"92";"92036";"2";"1";"1";"6";"MOLE N°2 ET 3 (ROUTE DU)";"48,9401000";"2,2796300"
"201900056458";"31";"3";"2019";"18:30";"2";"971";"97128";"2";"1";"1";"1";"Durivage";"16,2229940";" -61,3993770"
"201900056459";"1";"12";"2019";"02:15";"5";"92";"92026";"2";"1";"1";"1";"VERDUN (DE 62 A FIN)";"48,9021225";"2,2591110"
"201900056460";"14";"2";"2019";"16:50";"1";"42";"42186";"2";"1";"7";"6";"MAI RUE DU PREMIER";"45,5329400";"4,6267600"
"201900056461";"11";"5";"2019";"12:10";"1";"971";"97112";"2";"1";"1";"6";"Ducos";"15,8860110";" -61,3058810"
"201900056462";"2";"12";"2019";"07:50";"1";"92";"92012";"2";"1";"1";"6";"PIERRE GRENIER (AVENUE)";"48,8332700";"2,2539500"
"201900056463";"13";"2";"2019";"08:08";"1";"42";"42218";"2";"4";"9";"6";"JOMAYERE";"45,4136500";"4,3885900"
"201900056464";"2";"12";"2019";"19:25";"5";"92";"92009";"2";"3";"1";"1";"ARGENTEUIL ( AVENUE D' )";"48,9211100";"2,2783800"
"201900056465";"28";"5";"2019";"19:35";"5";"971";"97129";"2";"3";"1";"1";"RD 18 - RN 2";"16,3492470";" -61,7238340"
"201900056466";"15";"2";"2019";"17:30";"1";"42";"42127";"1";"1";"1";"4";"Route nationale 7";"46,0806900";"4,0298900"
"201900056467";"3";"12";"2019";"09:15";"1";"35";"35216";"1";"1";"7";"6";"Launay Milon";"48,1846760";" -1,8138640"
"201900056468";"3";"12";"2019";"02:25";"3";"11";"11148";"1";"1";"1";"2";"A61";"43,1716740";"2,6969570"
"201900056469";"15";"2";"2019";"13:55";"1";"42";"42071";"2";"2";"1";"3";"ABATTOIR (RUE DE L')";"46,0308700";"4,0861800"
"201900056470";"14";"5";"2019";"13:15";"1";"971";"97129";"1";"3";"1";"1";"Nolivier";"16,2978550";" -61,6708770"
"201900056471";"16";"2";"2019";"08:28";"1";"42";"42044";"2";"1";"1";"6";"CROZET FRERES (RUE)";"45,3960400";"4,3310800"
"201900056472";"28";"11";"2019";"22:27";"5";"28";"28024";"1";"1";"2";"1";"D910";"48,4125460";"1,4624300"
"201900056473";"7";"5";"2019";"16:00";"1";"971";"97129";"1";"1";"1";"5";"Les Galbas";"16,3022420";" -61,6713280"
"201900056474";"15";"2";"2019";"11:30";"1";"41";"41018";"2";"9";"1";"3";"TOURVILLE (RUE DU MARECHAL DE)";"47,5908800";"1,3068300"
"201900056475";"2";"12";"2019";"08:15";"2";"35";"35024";"2";"1";"1";"6";"37 Rue du Mont Saint-michel";"48,1885168";" -1,6269473"
"201900056476";"20";"3";"2019";"09:00";"1";"971";"97118";"1";"1";"1";"1";"Section BAROTTEAU";"16,1708660";" -61,6610110"
"201900056477";"25";"5";"2019";"18:30";"2";"971";"97115";"1";"1";"2";"5";"Rn ZI LA JAULA";"16,2447320";" -61,6557500"
"201900056478";"28";"11";"2019";"07:40";"2";"51";"51391";"1";"1";"1";"5";"RN 31";"49,2702827";"3,9064722"
"201900056479";"12";"2";"2019";"10:35";"1";"39";"39300";"2";"1";"1";"2";"N/A";"46,6767100";"5,5597100"
"201900056480";"2";"12";"2019";"18:00";"3";"56";"56017";"1";"1";"1";"3";"Kersalouz Bas";"47,8828970";" -2,7956790"
"201900056481";"14";"2";"2019";"17:10";"1";"38";"38563";"2";"1";"1";"6";"HUIT-MAI 1945 (AVENUE DU)";"45,3756400";"5,5807200"
"201900056482";"3";"12";"2019";"12:15";"1";"2A";"2A271";"1";"1";"1";"1";"Rue Paul Picard";"41,9683040";"8,8170220"
"201900056483";"13";"5";"2019";"21:10";"4";"971";"97115";"2";"9";"1";"3";"Route de la Lézarde";"16,2361210";" -61,6537110"
"201900056484";"14";"2";"2019";"15:20";"1";"38";"38563";"2";"1";"1";"6";"BUTTERLIN (RUE DU DR.)";"45,3631200";"5,5877500"
"201900056485";"17";"2";"2019";"06:00";"5";"37";"37122";"2";"1";"9";"6";"DOUZILLIERE (RUE DE LA)";"47,3378937";"0,6534346"
"201900056486";"17";"2";"2019";"01:15";"3";"37";"37003";"1";"1";"1";"3";"D751- D31";"47,4141291";"0,9936025"
"201900056487";"15";"2";"2019";"14:50";"1";"37";"37122";"2";"2";"1";"3";"CHATEAU DU GENET(ROUTE DU)";"47,3381370";"0,6268418"
"201900056488";"15";"2";"2019";"11:25";"1";"37";"37261";"2";"1";"7";"3";"JEMMAPES (RUE)";"47,4233800";"0,6830700"
"201900056489";"14";"2";"2019";"22:50";"5";"37";"37261";"2";"1";"1";"6";"HEURTELOUP (BOULEVARD)";"47,3902900";"0,6907500"
"201900056490";"2";"12";"2019";"18:10";"5";"82";"82075";"2";"1";"1";"6";"1166 rue de la paix";"43,8366890";"1,2960040"
"201900056491";"14";"2";"2019";"16:15";"1";"37";"37214";"2";"9";"1";"3";"DE GAULLE (BD CHARLES)";"47,4246000";"0,6569100"
"201900056492";"10";"4";"2019";"13:16";"1";"971";"97115";"2";"2";"1";"3";"rue de bréfort";"16,2678860";" -61,6396990"
"201900056493";"3";"12";"2019";"07:50";"2";"61";"61293";"1";"4";"1";"3";"Rue de Paris";"48,5269170";"0,5511820"
"201900056494";"26";"5";"2019";"23:15";"5";"977";"97701";"1";"1";"1";"6";"D 209 - Face à laéroport de ST Jean";"43,8340990";"5,9766350"
"201900056495";"13";"2";"2019";"12:40";"1";"37";"37261";"2";"2";"1";"3";"BREGUET (RUE LOUIS)";"47,4203092";"0,6891738"
"201900056496";"8";"5";"2019";"00:06";"4";"971";"97107";"1";"1";"1";"7";"Cambrefort RN1 PK 10+900";"16,0658340";" -61,5676870"
"201900056497";"3";"12";"2019";"15:00";"1";"61";"61145";"1";"3";"7";"3";"Le Gue Thiboux";"48,5807950";" -0,6411030"
"201900056498";"3";"12";"2019";"03:45";"3";"42";"42228";"1";"1";"9";"7";"Chemin des Perrières";"45,5455160";"4,0972190"
"201900056499";"13";"4";"2019";"19:15";"3";"971";"97107";"1";"2";"1";"3";"Roseau";"16,0907820";" -61,5637600"
"201900056500";"15";"2";"2019";"22:35";"3";"35";"35238";"1";"9";"1";"6";"RN136";"48,0816520";" -1,6505530"
"201900056501";"4";"5";"2019";"04:45";"3";"971";"97124";"2";"1";"2";"1";"Saint-Phy";"16,0066780";" -61,7127630"
"201900056502";"15";"2";"2019";"13:30";"1";"35";"35051";"2";"1";"1";"7";"RIGOURDIERE (RUE DE LA)";"48,1157030";" -1,5867390"
"201900056503";"12";"2";"2019";"09:30";"1";"35";"35238";"2";"1";"1";"6";"Loriettes (Rue des)";"48,0840320";" -1,6775770"
"201900056504";"3";"5";"2019";"17:45";"1";"21";"21515";"2";"2";"8";"4";"Avenue de l'Université";"47,3134760";"5,0939780"
"201900056505";"14";"2";"2019";"17:30";"1";"35";"35238";"2";"6";"1";"3";"GROS MALHON (AVENUE)";"48,1335300";" -1,6851200"
"201900056506";"14";"2";"2019";"10:35";"1";"35";"35281";"1";"1";"1";"1";"HAIE-DES-COGNETS (BOUL DE LA)";"48,0804300";" -1,7368900"
"201900056507";"22";"5";"2019";"19:30";"1";"33";"33199";"1";"6";"1";"5";"RD650E3 Avenue de Cesarée";"44,6219100";" -1,0730500"
"201900056508";"3";"5";"2019";"22:30";"5";"33";"33199";"2";"2";"1";"3";"49 Rue Jules Barat";"44,6408460";" -1,0640530"
"201900056509";"16";"2";"2019";"14:35";"1";"34";"34172";"2";"3";"1";"3";"VIEILLE POSTE (RUE DE LA";"43,6161300";"3,9103500"
"201900056510";"25";"5";"2019";"12:45";"1";"13";"13033";"1";"1";"1";"1";"départementale D5";"43,3555000";"5,2033770"
"201900056511";"16";"5";"2019";"15:05";"1";"33";"33203";"1";"1";"1";"6";"RD 205";"45,1883600";" -0,9966300"
"201900056512";"3";"12";"2019";"07:18";"1";"68";"68004";"2";"6";"1";"6";"Rue des Alliés";"47,6257310";"7,2401650"
"201900056513";"15";"2";"2019";"14:35";"1";"34";"34172";"2";"1";"1";"3";"RAYMOND DUGRAND (AVENUE)";"43,5922600";"3,9069000"
"201900056514";"26";"5";"2019";"17:00";"1";"37";"37171";"1";"1";"1";"1";"Les Ormeaux";"47,4042559";"0,8876363"
"201900056515";"3";"12";"2019";"18:05";"3";"68";"68338";"1";"3";"1";"3";"45 Route de Colmar";"48,0846290";"7,3016190"
"201900056516";"22";"5";"2019";"16:40";"1";"37";"37003";"1";"2";"1";"3";"Boulevard Saint-Denis Hors";"47,4069370";"1,0209160"
"201900056517";"14";"2";"2019";"20:55";"5";"34";"34172";"2";"2";"1";"3";"GLAIZE (RUE)";"43,6111000";"3,8192100"
"201900056518";"3";"12";"2019";"08:00";"2";"22";"22245";"1";"1";"1";"3";"D33";"48,6501290";" -3,3470620"
"201900056519";"16";"5";"2019";"07:55";"1";"37";"37003";"1";"1";"1";"6";"D 31 Boulevard Saint-Denis Hors";"47,3934600";"1,0027770"
"201900056520";"1";"12";"2019";"08:10";"2";"25";"25287";"2";"1";"2";"6";"10 Rue du Crot";"47,1966930";"5,8989220"
"201900056521";"14";"2";"2019";"18:30";"5";"34";"34172";"2";"1";"1";"1";"CLEMENCEAU (AVENUE GEORGES)";"43,6041000";"3,8732400"
"201900056522";"5";"5";"2019";"13:10";"1";"37";"37131";"1";"9";"8";"7";"D952";"47,4458323";"1,0477848"
"201900056523";"3";"12";"2019";"11:15";"1";"31";"31138";"1";"1";"1";"3";"D98";"43,2368020";"0,7051330"
"201900056524";"14";"2";"2019";"09:10";"1";"34";"34172";"2";"1";"8";"2";"LIBERTE (AVENUE DE LA";"43,6117100";"3,8268800"
"201900056525";"5";"5";"2019";"12:00";"1";"28";"28180";"2";"1";"2";"6";"rue de la champagne";"48,9162960";"1,5160850"
"201900056526";"30";"11";"2019";"15:25";"1";"84";"84089";"2";"2";"1";"3";"Boulevard Ledru Rollin";"43,6913270";"5,5036770"
"201900056527";"3";"12";"2019";"13:05";"1";"60";"60076";"2";"1";"1";"1";"Route de Formerie";"49,6600110";"1,7577650"
"201900056528";"13";"2";"2019";"16:20";"1";"34";"34172";"2";"3";"1";"6";"PAVELET (AVENUE DU COLONEL)";"43,5817500";"3,8643800"
"201900056529";"2";"5";"2019";"18:45";"1";"45";"45253";"1";"1";"8";"6";"FBG D ORLEANS";"48,1624850";"2,2394570"
"201900056530";"18";"6";"2019";"08:55";"1";"987";"98734";"2";"1";"1";"6";"PK 36+800 - route territoriale n°01";" -17,7647100";" -149,4962760"
"201900056531";"30";"5";"2019";"07:30";"1";"45";"45315";"1";"1";"1";"2";"RD 951 - RTE D ORLEANS";"47,7824860";"2,3065770"