"Num_Acc";"jour";"mois";"an";"hrmn";"lum";"dep";"com";"agg";"int";"atm";"col";"adr";"lat";"long"
"201900056532";"3";"12";"2019";"05:45";"3";"34";"34154";"1";"1";"1";"6";"A709";"43,6093920";"3,9379060"
"201900056533";"17";"5";"2019";"11:45";"1";"45";"45315";"2";"2";"1";"6";"R des terres et RTE d'ISDES";"47,7529780";"2,3617820"
"201900056534";"13";"5";"2019";"19:15";"1";"45";"45244";"1";"1";"1";"6";"La Pinede";"47,7867540";"2,4944390"
"201900056535";"3";"12";"2019";"09:16";"1";"60";"60100";"1";"1";"5";"4";"A1";"49,2565200";"2,6842650"
"201900056536";"29";"5";"2019";"16:50";"1";"45";"45241";"1";"1";"1";"7";"Forcelles";"47,8207460";"2,1627890"
"201900056537";"3";"12";"2019";"11:15";"1";"988";"98822";"2";"1";"1";"1";"R.T.3";" -20,9364710";"165,3450540"
"201900056538";"21";"4";"2019";"12:05";"1";"45";"45028";"2";"1";"7";"6";"Promenade des accruaux";"47,7803810";"1,6408510"
"201900056539";"12";"5";"2019";"19:00";"1";"77";"77283";"1";"1";"1";"6";"D147";"49,0619200";"3,0214000"
"201900056540";"3";"12";"2019";"13:30";"1";"976";"97608";"2";"1";"1";"5";"Rue Mangamagari";" -12,7877120";"45,2716170"
"201900056541";"8";"5";"2019";"19:00";"1";"77";"77120";"1";"1";"2";"6";"D401";"49,0240040";"3,1402950"
"201900056542";"2";"12";"2019";"23:10";"3";"974";"97418";"2";"1";"1";"1";"Route Emile de la Giroday";" -20,9153010";"55,5354380"
"201900056543";"16";"5";"2019";"09:10";"1";"77";"77474";"1";"1";"1";"2";"Route Nationale 3";"48,9581800";"2,8096700"
"201900056544";"16";"2";"2019";"16:15";"1";"34";"34003";"2";"1";"1";"3";"LOUBATIERE (BD JEAN MONNET";"43,3028800";"3,4851300"
"201900056545";"20";"5";"2019";"03:45";"3";"77";"77322";"1";"1";"1";"1";"Route Départementale26 A";"49,0604300";"2,5944100"
"201900056546";"7";"2";"2019";"17:40";"1";"33";"33281";"2";"3";"1";"3";"RTE JEAN BRIAUD";"44,8218400";" -0,6723200"
"201900056547";"17";"5";"2019";"00:15";"3";"77";"77360";"1";"1";"1";"6";"ROUTE DEPARTEMENTALE 231";"48,7329900";"3,0003500"
"201900056548";"29";"5";"2019";"18:10";"1";"77";"77440";"2";"1";"1";"2";"D603-55 rue de metz";"48,9474010";"3,0827030"
"201900056549";"12";"2";"2019";"11:45";"1";"33";"33069";"2";"3";"1";"3";"BD GODARD";"44,8657800";" -0,5764500"
"201900056550";"30";"11";"2019";"10:30";"1";"973";"97305";"1";"1";"1";"4";"N1";"4,9074650";" -52,3679230"
"201900056551";"17";"2";"2019";"01:57";"3";"32";"32013";"1";"9";"1";"7";"ROCADE (RN 124 EST)";"43,6604040";"0,6388680"
"201900056552";"14";"2";"2019";"17:20";"1";"31";"31069";"2";"9";"1";"7";"CARRIERE (RUE)";"43,6391000";"1,3931100"
"201900056553";"8";"5";"2019";"12:23";"1";"77";"77183";"2";"1";"1";"1";"D3-Rue Pierre Marx";"48,9498800";"3,1135900"
"201900056554";"14";"2";"2019";"17:00";"1";"31";"31555";"2";"1";"1";"3";"CHE DU MIRAIL";"43,5819000";"1,4001300"
"201900056555";"22";"5";"2019";"14:00";"1";"77";"77413";"2";"1";"1";"7";"D8A-rue louis douvizie";"48,8803500";"2,8522000"
"201900056556";"1";"5";"2019";"16:20";"1";"77";"77128";"2";"1";"1";"6";"D8A - 1223 rue de condé";"48,8908100";"2,8414300"
"201900056557";"14";"2";"2019";"07:35";"2";"31";"31149";"2";"3";"1";"3";"GRAMONT (CHEMIN DE)";"43,6182100";"1,3389700"
"201900056558";"20";"5";"2019";"07:50";"1";"77";"77100";"2";"9";"1";"3";"D605 X Rue des Dames de Poissy";"48,5034410";"2,7936240"
"201900056559";"13";"2";"2019";"11:25";"1";"31";"31555";"2";"1";"1";"6";"CHE CARROSSE";"43,5721800";"1,4787200"
"201900056560";"29";"11";"2019";"20:10";"5";"77";"77153";"2";"1";"2";"6";"175b avenue du general de Gaulle";"49,0573400";"2,6836660"
"201900056561";"14";"2";"2019";"07:00";"5";"31";"31555";"2";"1";"1";"6";"RUE SAINT CHARLES";"43,6101600";"1,4406300"
"201900056562";"3";"5";"2019";"14:00";"1";"77";"77179";"1";"2";"1";"6";"D227 X ROUTE DE BOISSY";"48,4500800";"2,8074100"
"201900056563";"13";"2";"2019";"18:10";"1";"31";"31555";"2";"3";"1";"3";"PLACE DES TIBAOUS";"43,5504700";"1,3854900"
"201900056564";"22";"5";"2019";"19:30";"1";"95";"95351";"2";"3";"1";"3";"Avenue du Général Leclerc";"49,0480440";"2,5064500"
"201900056565";"13";"2";"2019";"13:39";"1";"31";"31069";"1";"1";"1";"4";"A621";"43,6214300";"1,3994400"
"201900056566";"2";"5";"2019";"22:15";"4";"91";"91579";"2";"1";"1";"4";"Avenue CHARLES RNE DE MORTEMART";"48,5400300";"2,3422610"
"201900056567";"26";"5";"2019";"20:30";"1";"91";"91041";"1";"1";"8";"7";"RN 20";"48,5593120";"2,2253590"
"201900056568";"10";"6";"2019";"19:20";"1";"75";"75118";"2";"1";"1";"2";"RUE POULET";"48,8865190";"2,3479760"
"201900056569";"9";"6";"2019";"20:40";"2";"75";"75118";"2";"5";"1";"6";"RUE CUSTINE";"48,8893250";"2,3446850"
"201900056570";"5";"6";"2019";"11:25";"1";"75";"75118";"2";"4";"1";"3";"AVENUE DE LA PORTE DE CLIGNANCOURT";"48,9006860";"2,3442090"
"201900056571";"22";"5";"2019";"19:40";"1";"91";"91136";"1";"1";"1";"7";"RN20";"48,7026630";"2,2855640"
"201900056572";"15";"2";"2019";"16:10";"1";"30";"30189";"1";"9";"1";"5";"CANAUX (CHEMIN)";"43,7859047";"4,3587580"
"201900056573";"3";"6";"2019";"19:35";"1";"75";"75118";"2";"2";"1";"1";"RUE LAMARCK";"48,8875390";"2,3445470"
"201900056574";"26";"5";"2019";"01:30";"3";"91";"91038";"1";"1";"2";"1";"d148";"48,4851890";"2,2018520"
"201900056575";"2";"12";"2019";"18:15";"5";"78";"78193";"2";"3";"1";"6";"Grande Rue";"48,7063160";"1,9876080"
"201900056576";"13";"2";"2019";"11:30";"1";"30";"30189";"2";"5";"1";"3";"TALABOT (BOULEVARD)";"43,8338000";"4,3674000"
"201900056577";"1";"5";"2019";"16:25";"1";"91";"91200";"2";"1";"1";"6";"Rue de Chartres";"48,5303490";"2,0113590"
"201900056578";"31";"5";"2019";"09:54";"1";"75";"75118";"2";"3";"1";"6";"RUE GUSTAVE ROUANET";"48,8964030";"2,3417600"
"201900056579";"19";"6";"2019";"09:00";"1";"75";"75118";"2";"1";"1";"6";"AVENUE DE SAINT OUEN";"48,8961670";"2,3285520"
"201900056580";"18";"6";"2019";"20:40";"1";"75";"75117";"2";"1";"1";"1";"RUE DU CAPITAINE LAGACHE";"48,8921010";"2,3256410"
"201900056581";"23";"5";"2019";"10:10";"1";"91";"91405";"1";"2";"1";"5";"D837";"48,4065350";"2,4549350"
"201900056582";"15";"2";"2019";"00:35";"5";"29";"29232";"1";"1";"1";"5";"GUTENBERG BOULEVARD";"47,9812100";" -4,0777200"
"201900056583";"3";"12";"2019";"16:00";"1";"84";"84141";"1";"3";"1";"3";"Av Maurice et Marguerite Vidier";"43,9732480";"4,8945930"
"201900056584";"1";"5";"2019";"20:00";"2";"91";"91386";"2";"1";"1";"7";"Rue du Parc";"48,5671800";"2,4389770"
"201900056585";"17";"6";"2019";"15:55";"1";"75";"75117";"2";"7";"1";"6";"BOULEVARD GOUVION SAINT CYR";"48,8853910";"2,2913030"
"201900056586";"17";"2";"2019";"17:50";"1";"29";"29039";"1";"1";"1";"7";"RD 783";"47,9163300";" -3,9413800"
"201900056587";"2";"12";"2019";"18:00";"5";"4";"04019";"2";"1";"9";"6";"Rue Manuel";"44,3867190";"6,6500120"
"201900056588";"16";"2";"2019";"04:50";"3";"29";"29039";"2";"1";"2";"6";"CABELLOU ( AVENUE DU)";"47,8564800";" -3,9013600"
"201900056589";"16";"6";"2019";"17:00";"1";"75";"75117";"2";"1";"1";"5";"AVENUE DE WAGRAM";"48,8867300";"2,3044440"
"201900056590";"16";"6";"2019";"16:45";"1";"75";"75117";"2";"3";"1";"2";"BOULEVARD BERTHIER";"48,8937490";"2,3117470"
"201900056591";"30";"4";"2019";"07:30";"1";"91";"91468";"2";"1";"1";"1";"Avenue des Roissys Haut";"48,5717200";"2,4677080"
"201900056592";"15";"2";"2019";"11:55";"1";"29";"29019";"1";"1";"7";"4";"ROCH GLAS (ROUTE ET CHEMIN)";"48,4315200";" -4,4866400"
"201900056593";"17";"5";"2019";"07:55";"2";"78";"78683";"2";"7";"1";"6";"Place de la Gare";"48,8204960";"1,8886190"
"201900056594";"2";"12";"2019";"18:30";"5";"89";"89013";"2";"3";"1";"6";"21 Grande Rue";"47,8764170";"3,5246890"
"201900056595";"13";"2";"2019";"17:46";"1";"29";"29019";"2";"1";"1";"6";"GUYNEMER CAPITAINE (DE 1 A 61 ET 2 A 72)";"48,3949000";" -4,4637000"
"201900056596";"15";"6";"2019";"18:40";"1";"75";"75117";"2";"2";"1";"2";"BOULEVARD DES BATIGNOLLES";"48,8832480";"2,3253200"
"201900056597";"14";"2";"2019";"13:30";"1";"29";"29019";"2";"1";"1";"6";"GOUESNOU (DE 221 ET 214 A FIN)";"48,4275303";" -4,4674668"
"201900056598";"13";"6";"2019";"09:45";"1";"75";"75117";"2";"2";"1";"2";"BOULEVARD DU FORT DE VAUX";"48,8922770";"2,3010120"
"201900056599";"2";"12";"2019";"17:20";"3";"71";"71583";"1";"2";"1";"3";"ROUTE DES ALLEMANDS";"46,2699120";"4,7799500"
"201900056600";"12";"5";"2019";"10:35";"1";"78";"78062";"1";"3";"1";"3";"D 119";"48,8506510";"1,8949420"
"201900056601";"16";"2";"2019";"15:05";"1";"27";"27681";"1";"9";"1";"6";"MAGNY (ROUTE DE)";"49,0989349";"1,5107727"
"201900056602";"2";"12";"2019";"15:29";"1";"88";"88196";"2";"2";"1";"3";"28 Boulevard de la Jamagne";"48,0759050";"6,8763990"
"201900056603";"18";"5";"2019";"17:20";"1";"78";"78398";"1";"1";"1";"7";"2 chemin des fontenelles";"48,7561420";"1,8369330"
"201900056604";"14";"2";"2019";"08:40";"1";"27";"27701";"2";"1";"1";"1";"CHAUSSE DU VEXIN";"49,2578700";"1,1829900"
"201900056605";"3";"12";"2019";"08:49";"1";"38";"38442";"1";"1";"4";"2";"D512";"45,2971000";"5,7696300"
"201900056606";"12";"6";"2019";"17:30";"1";"75";"75117";"2";"2";"2";"6";"RUE LANTIEZ";"48,8964690";"2,3251200"
"201900056607";"12";"5";"2019";"13:55";"1";"78";"78128";"2";"4";"1";"3";"1 Rue de Limours";"48,6734840";"1,9745280"
"201900056608";"14";"2";"2019";"14:00";"1";"26";"26198";"1";"1";"1";"6";"AURIOL ( Bd du président Vincent)";"44,5430600";"4,7712400"
"201900056609";"11";"6";"2019";"18:45";"1";"75";"75117";"2";"1";"2";"6";"BOULEVARD GOUVION SAINT CYR";"48,8783970";"2,2843510"
"201900056610";"12";"5";"2019";"12:00";"1";"78";"78590";"1";"1";"1";"6";"rue de dampierre";"48,6863980";"1,9811360"
"201900056611";"7";"6";"2019";"19:10";"1";"75";"75117";"2";"1";"6";"6";"RUE DE COURCELLES";"48,8866950";"2,2955360"
"201900056612";"11";"6";"2019";"15:10";"1";"75";"75117";"2";"3";"1";"6";"AVENUE DE SAINT OUEN";"48,8916080";"2,3269600"
"201900056613";"11";"6";"2019";"11:05";"1";"75";"75117";"2";"3";"1";"6";"RUE LECLUSE";"48,8849100";"2,3250340"
"201900056614";"28";"4";"2019";"18:30";"2";"78";"78472";"1";"2";"2";"5";"Intersection RD 116 / RN191";"48,4837990";"1,8485560"
"201900056615";"2";"12";"2019";"16:05";"1";"7";"07127";"2";"1";"1";"6";"69 Avenue de la Gare";"44,6474432";"4,3250393"
"201900056616";"2";"12";"2019";"16:15";"1";"79";"79283";"1";"1";"7";"6";"Route de la Crêche";"46,3674400";" -0,2803240"
"201900056617";"18";"5";"2019";"12:05";"1";"78";"78283";"1";"2";"2";"6";"RD983";"48,7269610";"1,6288350"
"201900056618";"8";"6";"2019";"11:45";"1";"75";"75117";"2";"3";"1";"3";"AVENUE DE LA PORTE D ASNIERES";"48,8906160";"2,3030990"
"201900056619";"24";"3";"2019";"12:19";"1";"78";"78531";"1";"1";"1";"7";"A13 Pk 055.050";"49,0052590";"1,6023770"
"201900056620";"14";"2";"2019";"18:15";"5";"25";"25462";"2";"1";"1";"6";"SALINS DE (DU 16 AU 63)";"46,9067700";"6,3463300"
"201900056621";"2";"12";"2019";"15:40";"1";"64";"64430";"2";"1";"8";"2";"Route de Bayonne";"43,4898863";" -0,7887777"
"201900056622";"8";"6";"2019";"11:00";"1";"75";"75117";"2";"2";"8";"7";"BOULEVARD MALESHERBES";"48,8808570";"2,3125660"
"201900056623";"23";"5";"2019";"23:50";"3";"2B";"2B332";"1";"3";"1";"7";"Pietra d'Urtaca";"42,5939650";"9,1654860"
"201900056624";"29";"11";"2019";"06:45";"3";"33";"33295";"1";"1";"8";"6";"2 Piece de l'Eglise";"45,0122700";" -0,3562600"
"201900056625";"14";"2";"2019";"19:55";"5";"24";"24037";"2";"2";"1";"3";"AVENUE DU GENERAL DE GAULLE";"44,8403000";"0,4619000"
"201900056626";"23";"5";"2019";"11:50";"1";"2B";"2B162";"1";"1";"1";"7";"D47";"42,4860310";"9,1138770"
"201900056627";"2";"12";"2019";"12:24";"1";"72";"72154";"2";"1";"1";"2";"Avenue d'Obernkirchen";"47,7013300";" -0,0549590"
"201900056628";"8";"6";"2019";"05:40";"1";"75";"75117";"2";"1";"1";"6";"RUE DE TOCQUEVILLE";"48,8828500";"2,3133110"
"201900056629";"2";"12";"2019";"20:30";"3";"50";"50575";"1";"6";"1";"6";"2 Route des Roches";"49,5857930";" -1,6902200"
"201900056630";"6";"6";"2019";"20:00";"1";"75";"75117";"2";"7";"1";"6";"PLACE PAUL LEAUTAUD";"48,8871520";"2,2974140"
"201900056631";"3";"12";"2019";"07:00";"3";"27";"27683";"1";"1";"5";"1";"RD 313";"49,2200970";"1,3950260"
"201900056632";"16";"5";"2019";"14:40";"1";"2B";"2B193";"1";"1";"1";"1";"RT 20";"42,4118210";"9,1952360"
"201900056633";"15";"2";"2019";"19:20";"3";"17";"17291";"1";"1";"1";"3";"RN 237 ";"46,1787870";" -1,1288160"
"201900056634";"14";"2";"2019";"17:55";"2";"17";"17300";"2";"3";"1";"2";"GUITON   AVENUE JEAN (167-341)";"46,1608390";" -1,1727960"
"201900056635";"2";"6";"2019";"23:47";"5";"75";"75117";"2";"3";"1";"3";"RUE CARDINET";"48,8911090";"2,3180520"
"201900056636";"6";"5";"2019";"17:00";"1";"2B";"2B047";"2";"1";"1";"2";"Scardacciole";"42,3341760";"9,0091980"
"201900056637";"15";"2";"2019";"09:15";"1";"14";"14333";"2";"1";"7";"6";"VASES (RUE DES)";"49,4180818";"0,2391003"
"201900056638";"1";"6";"2019";"13:00";"1";"75";"75117";"2";"4";"1";"6";"AVENUE DE VILLIERS";"48,8847010";"2,2991840"
"201900056639";"1";"6";"2019";"10:25";"1";"75";"75117";"2";"3";"1";"3";"BOULEVARD DES BATIGNOLLES";"48,8835480";"2,3268640"
"201900056640";"2";"12";"2019";"18:15";"3";"2";"02555";"1";"1";"1";"1";"D86";"48,9647480";"3,3007120"
"201900056641";"15";"2";"2019";"07:45";"2";"13";"13103";"2";"1";"1";"6";"BOULEVARD DU ROY RENE";"43,6324900";"5,0982500"
"201900056642";"31";"5";"2019";"12:30";"1";"75";"75117";"2";"1";"1";"3";"BOULEVARD MALESHERBES";"48,8885310";"2,3043690"
"201900056643";"26";"5";"2019";"16:00";"1";"2B";"2B314";"1";"1";"2";"7";"Piste de Saleccia";"42,7113510";"9,2044200"
"201900056644";"24";"11";"2019";"12:40";"1";"13";"13071";"1";"1";"2";"4";"A51-Sens Marseille vers Aix en Provence";"43,4149000";"5,3650000"
"201900056645";"17";"2";"2019";"12:30";"1";"13";"13213";"2";"1";"1";"1";"ROSE (AVENUE DE LA)";"43,3266000";"5,4220000"
"201900056646";"30";"5";"2019";"15:00";"1";"75";"75117";"2";"2";"1";"3";"AVENUE NIEL";"48,8818830";"2,2958790"
"201900056647";"23";"5";"2019";"12:50";"1";"2B";"2B148";"1";"1";"8";"1";"RT205";"42,5360460";"9,4429440"
"201900056648";"17";"2";"2019";"11:10";"1";"13";"13209";"2";"1";"1";"6";"REDON (BOULEVARD DU)";"43,2530270";"5,4218950"
"201900056649";"18";"5";"2019";"20:30";"2";"2B";"2B355";"1";"9";"2";"6";"RT 20 - ieu dit FOSSA";"42,5114070";"9,3934200"
"201900056650";"2";"12";"2019";"08:00";"1";"83";"83062";"1";"1";"1";"3";"A57";"43,1434000";"6,0142000"
"201900056651";"18";"6";"2019";"18:20";"1";"75";"75116";"2";"4";"1";"6";"RUE DU BUIS";"48,8472220";"2,2677960"
"201900056652";"13";"5";"2019";"15:15";"1";"2B";"2B355";"1";"1";"2";"6";"T205";"42,5225260";"9,4066810"
"201900056653";"17";"2";"2019";"07:10";"2";"13";"13212";"2";"1";"1";"3";"TROIS LUCS (AVENUE DES)";"43,3110000";"5,4640000"
"201900056654";"17";"6";"2019";"08:00";"1";"75";"75116";"2";"1";"1";"2";"ROUTE DES TRIBUNES";"48,8532940";"2,2298540"
"201900056655";"22";"5";"2019";"15:00";"1";"2A";"2A114";"1";"1";"1";"3";"D622";"41,4841370";"9,1020670"
"201900056656";"15";"6";"2019";"09:45";"1";"75";"75116";"2";"1";"1";"6";"AVENUE RAYMOND POINCARE";"48,8706920";"2,2850970"
"201900056657";"5";"5";"2019";"01:15";"3";"66";"66017";"1";"1";"2";"1";"D83 sortie 12";"42,8098200";"3,0321100"
"201900056658";"2";"12";"2019";"07:00";"3";"83";"83137";"1";"1";"2";"5";"A57";"43,1213587";"5,9532832"
"201900056659";"14";"6";"2019";"17:00";"1";"75";"75116";"2";"1";"1";"2";"BOULEVARD SUCHET";"48,8606250";"2,2668020"
"201900056660";"19";"5";"2019";"17:45";"1";"66";"66011";"2";"6";"1";"3";"D612";"42,6053540";"2,8965550"
"201900056661";"17";"2";"2019";"02:15";"5";"13";"13075";"2";"1";"1";"7";"L'ENJOLRAS (AVE DE)";"43,3372900";"5,4525100"
"201900056662";"12";"6";"2019";"12:30";"1";"75";"75116";"2";"2";"2";"6";"RUE POUSSIN";"48,8488250";"2,2647440"
"201900056663";"9";"5";"2019";"08:50";"1";"66";"66037";"2";"6";"1";"3";"Avenue de la Méditerranée";"42,6970490";"3,0298580"
"201900056664";"16";"2";"2019";"20:15";"5";"13";"13208";"2";"1";"1";"6";"ROUET (RUE DU)";"43,2774200";"5,3932400"
"201900056665";"7";"5";"2019";"21:30";"5";"66";"66037";"2";"1";"1";"6";"Rue de Belgique";"42,7052000";"3,0060950"
"201900056666";"13";"6";"2019";"13:30";"1";"75";"75116";"2";"7";"1";"3";"PLACE DU MARECHAL DE LATTRE DE TASSIGNY";"48,8720810";"2,2755300"
"201900056667";"27";"11";"2019";"20:40";"3";"42";"42218";"1";"1";"1";"2";"RN88";"45,4073700";"4,3833700"
"201900056668";"16";"5";"2019";"10:40";"1";"48";"48198";"2";"1";"1";"6";"8 Avenue des Cevennes";"44,4385130";"3,9321980"
"201900056669";"16";"2";"2019";"21:30";"5";"13";"13213";"2";"1";"1";"5";"POILUS (AVENUE DES)";"43,3204900";"5,4583500"
"201900056670";"11";"6";"2019";"12:15";"1";"75";"75108";"2";"7";"1";"3";"PLACE CHARLES DE GAULLE";"48,8741140";"2,2958360"
"201900056671";"16";"2";"2019";"15:30";"1";"13";"13216";"2";"1";"1";"6";"LITTORAL (CHEMIN DU)";"43,3540900";"5,3323200"
"201900056672";"1";"5";"2019";"14:40";"1";"30";"30153";"1";"1";"1";"7";"D901";"44,4259770";"4,0355760"
"201900056673";"9";"6";"2019";"02:15";"5";"75";"75116";"2";"3";"1";"6";"AVENUE DE VERSAILLES";"48,8426140";"2,2686810"
"201900056674";"1";"5";"2019";"17:30";"1";"30";"30258";"1";"1";"7";"1";"N 572 Routede Montpellier";"43,6711490";"4,4042630"
"201900056675";"2";"12";"2019";"07:30";"2";"33";"33397";"1";"1";"1";"3";"AUTOROUTE A 10";"44,9235200";" -0,4739100"
"201900056676";"16";"2";"2019";"09:45";"1";"13";"13204";"2";"3";"1";"4";"SAKAKINI (BOULEVARD)";"43,2987900";"5,4010400"
"201900056677";"2";"5";"2019";"12:30";"1";"11";"11076";"2";"1";"1";"7";"rue des jardins";"43,3194860";"1,9509150"
"201900056678";"7";"5";"2019";"11:30";"1";"11";"11190";"1";"3";"1";"3";"Avenue de la République";"43,2495260";"2,6725170"
"201900056679";"2";"12";"2019";"07:55";"2";"33";"33143";"1";"1";"1";"2";"AUTOROUTE A 10";"44,9554100";" -0,4538000"
"201900056680";"16";"2";"2019";"06:25";"5";"13";"13212";"2";"1";"1";"4";"CAILLOLS (AVENUE DES)";"43,3038990";"5,4362280"
"201900056681";"16";"5";"2019";"08:30";"1";"34";"34113";"2";"1";"1";"1";"Rue de l'Embosque";"43,4894060";"3,6999830"
"201900056682";"29";"11";"2019";"17:10";"1";"59";"59234";"1";"1";"2";"4";"AUTOROUTE A21";"50,4054255";"3,0430147"
"201900056683";"16";"2";"2019";"00:10";"5";"13";"13209";"2";"1";"1";"3";"MORGIOU (chemin de )";"43,2455400";"5,4041700"
"201900056684";"15";"2";"2019";"16:15";"1";"13";"13216";"2";"1";"1";"1";"RUISSEAU MI (RUE)";"43,3501650";"5,3484940"
"201900056685";"28";"11";"2019";"12:20";"1";"62";"62274";"1";"1";"2";"5";"AUTOROUTE A1";"50,4300000";"2,9700000"
"201900056686";"26";"5";"2019";"08:30";"1";"34";"34199";"2";"9";"1";"6";"place Bobby LAPOINTE";"43,4591830";"3,4209209"
"201900056687";"9";"6";"2019";"02:27";"5";"75";"75116";"2";"2";"1";"3";"BOULEVARD SUCHET";"48,8530220";"2,2618790"
"201900056688";"15";"2";"2019";"15:45";"1";"13";"13208";"2";"1";"1";"6";"COMMANDANT ROLLAND";"43,2710400";"5,3828700"
"201900056689";"2";"12";"2019";"06:30";"3";"91";"91617";"1";"1";"1";"6";"RN 104";"48,6315120";"2,5150650"
"201900056690";"17";"5";"2019";"17:30";"1";"34";"34009";"2";"1";"2";"2";"Rue de Brescou";"43,4690662";"3,3441460"
"201900056691";"15";"2";"2019";"10:45";"1";"13";"13209";"2";"1";"1";"3";"REDON (BOULEVARD DU)";"43,2509300";"5,4220740"
"201900056692";"1";"12";"2019";"08:05";"2";"95";"95572";"1";"1";"2";"2";"AUTOROUTE A15";"49,0346800";"2,0996400"
"201900056693";"8";"6";"2019";"07:50";"1";"75";"75116";"2";"1";"1";"6";"AVENUE MOZART";"48,8527100";"2,2682860"
"201900056694";"6";"5";"2019";"16:30";"1";"34";"34063";"1";"1";"1";"7";"D13 E 5";"43,4861730";"3,3897810"
"201900056695";"1";"12";"2019";"05:30";"3";"93";"93027";"1";"1";"2";"6";"AUTOROUTE A86";"48,9242100";"2,3871900"
"201900056696";"7";"6";"2019";"17:00";"1";"75";"75116";"2";"1";"2";"6";"ROUTE DE SEVRES A NEUILLY";"48,8697580";"2,2446990"
"201900056697";"30";"11";"2019";"23:15";"3";"93";"93066";"1";"1";"1";"3";"AUTOROUTE A1";"48,9332000";"2,3758600"
"201900056698";"3";"5";"2019";"11:45";"1";"34";"34199";"1";"1";"2";"1";"RD913";"43,4717200";"3,4312300"
"201900056699";"7";"6";"2019";"14:30";"1";"75";"75116";"2";"1";"1";"4";"AVENUE KLEBER";"48,8684630";"2,2911970"
"201900056700";"30";"11";"2019";"19:50";"3";"93";"93005";"1";"1";"1";"2";"AUTOROUTE A3";"48,9527100";"2,4741600"
"201900056701";"9";"5";"2019";"18:35";"1";"34";"34189";"1";"3";"1";"1";"INTERSECTION D 11 - D52 E3";"43,2666380";"2,7421360"
"201900056702";"7";"6";"2019";"11:00";"1";"75";"75116";"2";"1";"2";"2";"BOULEVARD FLANDRIN";"48,8670540";"2,2730700"
"201900056703";"30";"11";"2019";"19:15";"3";"95";"95306";"1";"1";"1";"4";"AUTOROUTE A15";"48,9954300";"2,1822100"
"201900056704";"9";"5";"2019";"15:30";"1";"34";"34141";"1";"1";"1";"7";"D272";"43,2894150";"2,6467250"
"201900056705";"7";"6";"2019";"08:35";"1";"75";"75116";"2";"1";"2";"3";"ALLEE DE LONGCHAMP";"48,8746810";"2,2704240"
"201900056706";"15";"2";"2019";"03:10";"5";"13";"13213";"2";"1";"1";"2";"JEAN PAUL SARTRE (AVENUE)";"43,3235200";"5,4194700"
"201900056707";"6";"6";"2019";"23:00";"5";"75";"75116";"2";"4";"1";"3";"AVENUE DE LA PORTE DE SAINT CLOUD";"48,8386380";"2,2546580"
"201900056708";"14";"2";"2019";"08:45";"1";"13";"13209";"2";"1";"1";"3";"GUSTAVE GANAY (BOULEVARD)";"43,2657350";"5,3992970"
"201900056709";"14";"2";"2019";"05:30";"5";"13";"13204";"2";"1";"1";"6";"CASSINI (BOULEVARD)";"43,3061590";"5,3965180"
"201900056710";"6";"6";"2019";"21:00";"1";"75";"75116";"2";"4";"1";"6";"BOULEVARD PERIPHERIQUE EXTERIEUR OUEST";"48,8657080";"2,2679890"
"201900056711";"16";"2";"2019";"14:40";"1";"13";"13047";"1";"3";"1";"2";"R.N 569";"43,5499100";"4,9733200"
"201900056712";"5";"6";"2019";"18:00";"2";"75";"75116";"2";"1";"3";"3";"RUE LEKAIN";"48,8566240";"2,2784770"
"201900056713";"13";"2";"2019";"12:24";"1";"13";"13005";"2";"3";"1";"3";"NATIONALE 8";"43,2877800";"5,5789700"
"201900056714";"5";"6";"2019";"17:00";"1";"75";"75116";"2";"1";"2";"6";"RUE RAYNOUARD";"48,8541480";"2,2780790"
"201900056715";"17";"2";"2019";"15:45";"1";"13";"13001";"2";"1";"1";"3";"RD 7N";"43,5622400";"5,4090000"
"201900056716";"9";"5";"2019";"11:20";"1";"34";"34081";"1";"1";"1";"6";"D612E2";"43,3107430";"3,1565660"
"201900056717";"17";"2";"2019";"01:45";"4";"13";"13001";"1";"1";"1";"2";"RD 7";"43,5428200";"5,4315200"
"201900056718";"5";"6";"2019";"15:30";"1";"75";"75116";"2";"1";"2";"3";"AVENUE KLEBER";"48,8658980";"2,2895230"
"201900056719";"2";"12";"2019";"17:05";"2";"77";"77146";"1";"1";"1";"4";"A4.Y";"48,8321400";"2,6529700"
"201900056720";"5";"6";"2019";"14:40";"1";"75";"75116";"2";"2";"3";"6";"AVENUE GEORGES MANDEL";"48,8639590";"2,2773510"
"201900056721";"25";"5";"2019";"01:20";"3";"34";"34276";"1";"1";"1";"6";"D17";"43,7586070";"3,8616610"
"201900056722";"19";"5";"2019";"05:35";"3";"34";"34242";"1";"1";"1";"6";"RD 21";"43,7626440";"3,9556460"
"201900056723";"5";"6";"2019";"11:40";"1";"75";"75116";"2";"7";"2";"3";"PLACE POSSOZ";"48,8592430";"2,2774180"
"201900056724";"2";"12";"2019";"10:40";"1";"94";"94017";"1";"1";"1";"3";"A4";"48,8265243";"2,5170091"
"201900056725";"15";"2";"2019";"01:35";"5";"13";"13001";"2";"1";"1";"3";"SOLARI PHILIPPE (AV)";"43,5364200";"5,4447100"
"201900056726";"2";"12";"2019";"07:48";"2";"93";"93051";"1";"1";"1";"2";"A4";"48,8358000";"2,5634000"
"201900056727";"4";"6";"2019";"12:50";"1";"75";"75116";"2";"3";"1";"6";"AVENUE DE VERSAILLES";"48,8500790";"2,2764110"