"Num_Acc";"jour";"mois";"an";"hrmn";"lum";"dep";"com";"agg";"int";"atm";"col";"adr";"lat";"long"
"201900056916";"5";"6";"2019";"14:55";"1";"75";"75112";"2";"1";"2";"2";"SOUTERRAIN QUAI DE BERCY";"48,8313580";"2,3850830"
"201900056917";"2";"6";"2019";"14:35";"1";"75";"75111";"2";"2";"1";"6";"AVENUE LEDRU ROLLIN";"48,8512870";"2,3761330"
"201900056918";"2";"6";"2019";"05:45";"2";"75";"75112";"2";"1";"1";"6";"AVENUE DE NOGENT";"48,8412400";"2,4515400"
"201900056919";"31";"5";"2019";"20:45";"1";"75";"75112";"2";"1";"1";"4";"BOULEVARD DE REUILLY";"48,8392070";"2,3919280"
"201900056920";"31";"5";"2019";"18:10";"1";"75";"75112";"2";"1";"1";"3";"AVENUE DU GENERAL LAPERRINE";"48,8336470";"2,4062960"
"201900056921";"31";"5";"2019";"11:40";"1";"75";"75112";"2";"2";"1";"6";"AVENUE DAUMESNIL";"48,8463080";"2,3773720"
"201900056922";"31";"5";"2019";"09:30";"1";"75";"75112";"2";"4";"1";"7";"BOULEVARD PONIATOWSKI";"48,8293850";"2,3907130"
"201900056923";"30";"5";"2019";"15:50";"1";"75";"75112";"2";"1";"1";"6";"RUE DE CHARENTON";"48,8498450";"2,3740130"
"201900056924";"17";"6";"2019";"17:23";"1";"75";"75111";"2";"7";"1";"6";"PLACE LEON BLUM";"48,8582330";"2,3793680"
"201900056925";"16";"6";"2019";"05:50";"2";"75";"75111";"2";"2";"1";"3";"AVENUE PARMENTIER";"48,8616440";"2,3773630"
"201900056926";"16";"6";"2019";"15:15";"1";"75";"75111";"2";"7";"1";"3";"RUE DE LA ROQUETTE";"48,8576800";"2,3801220"
"201900056927";"15";"6";"2019";"16:05";"1";"75";"75111";"2";"1";"1";"3";"BOULEVARD DE BELLEVILLE";"48,8713200";"2,3775230"
"201900056928";"13";"6";"2019";"17:00";"1";"75";"75111";"2";"1";"2";"3";"BOULEVARD DE CHARONNE";"48,8569470";"2,3933810"
"201900056929";"6";"6";"2019";"10:30";"1";"75";"75111";"2";"3";"1";"3";"RUE DU CHEMIN VERT";"48,8581350";"2,3719830"
"201900056930";"5";"6";"2019";"16:45";"1";"75";"75111";"2";"2";"3";"7";"AVENUE LEDRU ROLLIN";"48,8513050";"2,3761330"
"201900056931";"4";"6";"2019";"00:30";"5";"75";"75111";"2";"2";"1";"3";"RUE DE MONTREUIL";"48,8506370";"2,3944910"
"201900056932";"31";"5";"2019";"17:20";"1";"75";"75111";"2";"7";"1";"3";"PLACE DE LA BASTILLE";"48,8534210";"2,3694840"
"201900056933";"16";"6";"2019";"17:45";"1";"75";"75110";"2";"1";"1";"6";"RUE LOUIS BLANC";"48,8814680";"2,3645390"
"201900056934";"15";"6";"2019";"01:34";"5";"75";"75110";"2";"1";"2";"6";"RUE DU FAUBOURG POISSONNIERE";"48,8769700";"2,3488660"
"201900056935";"13";"6";"2019";"00:50";"5";"75";"75110";"2";"3";"1";"6";"RUE CHAUDRON";"48,8837740";"2,3643100"
"201900056936";"12";"6";"2019";"21:00";"1";"75";"75110";"2";"1";"1";"3";"RUE DE VALENCIENNES";"48,8782700";"2,3549980"
"201900056937";"12";"6";"2019";"15:30";"1";"75";"75110";"2";"1";"8";"3";"AVENUE PARMENTIER";"48,8710210";"2,3703040"
"201900056938";"6";"6";"2019";"10:35";"1";"75";"75110";"2";"5";"1";"3";"RUE DU FAUBOURG SAINT DENIS";"48,8842000";"2,3594070"
"201900056939";"5";"6";"2019";"19:20";"1";"75";"75110";"2";"2";"2";"6";"QUAI DE VALMY";"48,8798820";"2,3673400"
"201900056940";"19";"6";"2019";"12:15";"1";"75";"75109";"2";"1";"1";"2";"BOULEVARD DE CLICHY";"48,8841970";"2,3305540"
"201900056941";"17";"6";"2019";"10:20";"1";"75";"75102";"2";"5";"1";"2";"BOULEVARD DES CAPUCINES";"48,8699190";"2,3280300"
"201900056942";"15";"6";"2019";"18:50";"1";"75";"75109";"2";"7";"1";"2";"PLACE DE CLICHY";"48,8844320";"2,3294940"
"201900056943";"12";"6";"2019";"16:45";"1";"75";"75109";"2";"7";"8";"6";"PLACE DE L OPERA";"48,8706230";"2,3320670"
"201900056944";"8";"6";"2019";"23:10";"5";"75";"75109";"2";"7";"1";"6";"BOULEVARD DES CAPUCINES";"48,8706960";"2,3325550"
"201900056945";"8";"6";"2019";"20:20";"1";"75";"75109";"2";"2";"1";"6";"RUE BERGERE";"48,8720050";"2,3478990"
"201900056946";"6";"6";"2019";"09:10";"1";"75";"75109";"2";"2";"1";"3";"RUE BOCHART DE SARON";"48,8810850";"2,3425510"
"201900056947";"5";"6";"2019";"11:30";"1";"75";"75109";"2";"1";"1";"6";"RUE LE PELETIER";"48,8727100";"2,3384750"
"201900056948";"5";"6";"2019";"00:20";"5";"75";"75109";"2";"1";"1";"7";"BOULEVARD POISSONNIERE";"48,8711800";"2,3450530"
"201900056949";"3";"6";"2019";"07:40";"1";"75";"75109";"2";"3";"1";"3";"RUE DE CAUMARTIN";"48,8741960";"2,3283990"
"201900056950";"19";"6";"2019";"15:59";"1";"75";"75108";"2";"2";"1";"3";"BOULEVARD MALESHERBES";"48,8784710";"2,3155440"
"201900056951";"19";"6";"2019";"09:15";"1";"75";"75108";"2";"7";"1";"3";"ROND POINT CHAMPS ELYSEES MARCEL DASSAUL";"48,8687600";"2,3110620"
"201900056952";"14";"6";"2019";"16:10";"1";"75";"75108";"2";"2";"1";"5";"AVENUE DE FRIEDLAND";"48,8741560";"2,2989370"
"201900056953";"13";"6";"2019";"13:40";"1";"75";"75108";"2";"1";"1";"3";"RUE LA BOETIE";"48,8711830";"2,3067950"
"201900056954";"13";"6";"2019";"20:45";"2";"75";"75108";"2";"1";"1";"3";"RUE D AMSTERDAM";"48,8773350";"2,3268990"
"201900056955";"13";"6";"2019";"18:50";"1";"75";"75108";"2";"1";"1";"5";"RUE DE ROME";"48,8764680";"2,3234760"
"201900056956";"13";"6";"2019";"11:15";"1";"75";"75108";"2";"4";"1";"6";"RUE DE COURCELLES";"48,8777190";"2,3059230"
"201900056957";"13";"6";"2019";"07:34";"2";"75";"75108";"2";"7";"1";"6";"PLACE CHARLES DE GAULLE";"48,8735150";"2,2958900"
"201900056958";"12";"6";"2019";"19:10";"1";"75";"75108";"2";"1";"2";"6";"RUE DE PRESBOURG";"48,8727270";"2,2966540"
"201900056959";"12";"6";"2019";"18:00";"1";"75";"75108";"2";"1";"2";"3";"RUE MONTALIVET";"48,8709280";"2,3189560"
"201900056960";"11";"6";"2019";"14:50";"1";"75";"75108";"2";"1";"1";"3";"AVENUE GEORGE V";"48,8704980";"2,3009580"
"201900056961";"11";"6";"2019";"10:30";"1";"75";"75108";"2";"7";"1";"3";"PLACE DE LA CONCORDE";"48,8665500";"2,3219490"
"201900056962";"10";"6";"2019";"15:30";"1";"75";"75108";"2";"2";"1";"6";"AVENUE DES CHAMPS ELYSEES";"48,8731480";"2,2970920"
"201900056963";"10";"6";"2019";"15:10";"1";"75";"75108";"2";"2";"1";"7";"AVENUE MARCEAU";"48,8724870";"2,2961890"
"201900056964";"5";"6";"2019";"12:20";"1";"75";"75108";"2";"3";"2";"2";"BOULEVARD MALESHERBES";"48,8709560";"2,3226170"
"201900056965";"3";"6";"2019";"10:47";"1";"75";"75108";"2";"1";"2";"3";"AVENUE HOCHE";"48,8767670";"2,3022160"
"201900056966";"1";"6";"2019";"16:35";"1";"75";"75108";"2";"7";"1";"3";"PLACE DE LA CONCORDE";"48,8658600";"2,3198810"
"201900056967";"31";"5";"2019";"11:00";"1";"75";"75108";"2";"1";"1";"4";"RUE DE ROME";"48,8773530";"2,3229910"
"201900056968";"31";"5";"2019";"10:00";"1";"75";"75108";"2";"2";"1";"7";"AVENUE DES CHAMPS ELYSEES";"48,8731410";"2,2970920"
"201900056969";"19";"6";"2019";"11:30";"1";"75";"75107";"2";"1";"1";"3";"RUE DE LILLE";"48,8610250";"2,3212880"
"201900056970";"14";"6";"2019";"17:15";"1";"75";"75115";"2";"4";"1";"4";"PORTE DE SEVRES";"48,8348380";"2,2739400"
"201900056971";"11";"6";"2019";"19:10";"1";"75";"75107";"2";"2";"2";"7";"AVENUE DE LA MOTTE PICQUET";"48,8572790";"2,3099620"
"201900056972";"8";"6";"2019";"18:05";"1";"75";"75107";"2";"2";"2";"6";"RUE CLER";"48,8565940";"2,3065050"
"201900056973";"6";"6";"2019";"21:40";"5";"75";"75107";"2";"2";"1";"3";"BOULEVARD DES INVALIDES";"48,8469630";"2,3167650"
"201900056974";"6";"6";"2019";"13:05";"1";"75";"75107";"2";"3";"1";"3";"RUE DE SAINT SIMON";"48,8556520";"2,3234160"
"201900056975";"5";"6";"2019";"16:01";"1";"75";"75107";"2";"1";"2";"4";"BOULEVARD DES INVALIDES";"48,8546490";"2,3148370"
"201900056976";"1";"6";"2019";"20:15";"1";"75";"75107";"2";"2";"1";"3";"QUAI D ORSAY";"48,8625980";"2,3104430"
"201900056977";"1";"6";"2019";"17:18";"1";"75";"75107";"2";"3";"1";"2";"BOULEVARD DES INVALIDES";"48,8536890";"2,3147410"
"201900056978";"19";"6";"2019";"16:20";"1";"75";"75104";"2";"2";"1";"3";"PONT DE SULLY";"48,8507810";"2,3614280"
"201900056979";"18";"6";"2019";"15:10";"1";"75";"75104";"2";"1";"1";"6";"RUE DE LA CITE";"48,8536510";"2,3471350"
"201900056980";"17";"6";"2019";"13:25";"1";"75";"75102";"2";"2";"1";"3";"RUE DU QUATRE SEPTEMBRE";"48,8695420";"2,3367880"
"201900056981";"17";"6";"2019";"09:53";"1";"75";"75104";"2";"3";"1";"3";"RUE SAINT ANTOINE";"48,8539470";"2,3647480"
"201900056982";"15";"6";"2019";"18:45";"1";"75";"75104";"2";"2";"1";"3";"RUE MORNAY";"48,8495110";"2,3656530"
"201900056983";"14";"6";"2019";"10:15";"1";"75";"75104";"2";"3";"1";"3";"AVENUE VICTORIA";"48,8575040";"2,3485920"
"201900056984";"14";"6";"2019";"09:09";"1";"75";"75101";"2";"7";"1";"5";"PLACE VENDOME";"48,8673620";"2,3300750"
"201900056985";"7";"6";"2019";"20:20";"2";"75";"75104";"2";"1";"8";"3";"BOULEVARD HENRI IV";"48,8524380";"2,3669390"
"201900056986";"5";"6";"2019";"07:00";"1";"75";"75104";"2";"2";"2";"3";"RUE CRILLON";"48,8495160";"2,3656420"
"201900056987";"4";"6";"2019";"19:30";"1";"75";"75103";"2";"2";"1";"3";"RUE PERREE";"48,8643840";"2,3618140"
"201900056988";"3";"6";"2019";"17:20";"1";"75";"75103";"2";"1";"1";"6";"RUE RAMBUTEAU";"48,8610280";"2,3540600"
"201900056989";"1";"6";"2019";"19:05";"1";"75";"75104";"2";"7";"1";"6";"QUAI DE GESVRES";"48,8571790";"2,3473330"
"201900056990";"1";"6";"2019";"11:20";"1";"75";"75101";"2";"7";"1";"2";"PLACE DU CHATELET";"48,8577120";"2,3477530"
"201900056991";"31";"5";"2019";"14:00";"1";"75";"75104";"2";"1";"1";"6";"RUE BEAUTREILLIS";"48,8536020";"2,3643680"
"201900056992";"17";"6";"2019";"17:20";"1";"75";"75104";"2";"3";"1";"3";"RUE DES BLANCS MANTEAUX";"48,8583380";"2,3583320"
"201900056993";"9";"7";"2019";"09:35";"1";"13";"13202";"2";"3";"1";"2";"DAMES (BOULEVARD DES)";"43,3025300";"5,3697300"
"201900056994";"9";"7";"2019";"21:05";"1";"94";"94038";"1";"1";"1";"2";"AUTOROUTE A6A";"48,7779900";"2,3404700"
"201900056995";"10";"7";"2019";"20:50";"5";"976";"97611";"2";"1";"1";"6";"m'tsapere-Nationale 2 (route)";" -12,7938518";"45,2188951"
"201900056996";"10";"7";"2019";"18:10";"3";"974";"97416";"1";"1";"1";"5";"RN2 (1)";" -21,3342300";"55,4851100"
"201900056997";"7";"7";"2019";"06:25";"2";"974";"97416";"1";"1";"1";"5";"RN1 (ROUTE NATIONALE)";" -21,3314600";"55,4588100"
"201900056998";"10";"7";"2019";"12:50";"1";"974";"97411";"2";"2";"1";"3";"PISCINE (RUE DE LA)";" -20,8856800";"55,4727700"
"201900056999";"8";"7";"2019";"10:10";"1";"974";"97411";"1";"1";"1";"2";"MACE (ROUTE GABRIEL)";" -20,9066400";"55,5042300"
"201900057000";"10";"7";"2019";"10:30";"1";"973";"97302";"2";"1";"1";"3";"FELIX EBOUE(ROCADE)";"4,9315246";" -52,3123455"
"201900057001";"10";"7";"2019";"18:43";"1";"69";"69383";"2";"2";"1";"6";"PINEL                               (BD)";"45,7512488";"4,8965979"
"201900057002";"10";"7";"2019";"17:15";"1";"69";"69383";"2";"2";"1";"3";"MAZENOD                             (R )";"45,7589883";"4,8491802"
"201900057003";"10";"7";"2019";"14:00";"1";"69";"69387";"2";"2";"1";"6";"DOMER                               (R )";"45,7474384";"4,8487453"
"201900057004";"10";"7";"2019";"09:50";"1";"69";"69386";"2";"1";"1";"4";"STALINGRAD (DE)                     (BD)";"45,7717000";"4,8588500"
"201900057005";"9";"7";"2019";"19:42";"1";"69";"69386";"2";"2";"1";"1";"BELLECOMBE (DE)                     (R )";"45,7637379";"4,8637665"
"201900057006";"9";"7";"2019";"11:35";"1";"972";"97209";"2";"1";"1";"3";"RAOUL FOLLEREAU (AVENUE)";"14,6113800";" -61,0452900"
"201900057007";"10";"7";"2019";"17:10";"1";"69";"69034";"2";"6";"1";"2";"SOLDATS (DES)                       (MO)";"45,7911341";"4,8605517"
"201900057008";"10";"7";"2019";"16:10";"1";"69";"69382";"2";"1";"1";"3";"CHARLEMAGNE                         (CO)";"45,7391100";"4,8177600"
"201900057009";"10";"7";"2019";"14:45";"1";"69";"69081";"2";"6";"1";"2";"JEAN MARIE VIANNEY              CH";"45,7864500";"4,7837100"
"201900057010";"9";"7";"2019";"19:00";"1";"69";"69286";"2";"2";"1";"6";"ROUTE DE STRASBOURG D 483           (RO)";"45,8139011";"4,8881905"
"201900057011";"9";"7";"2019";"19:45";"2";"2B";"2B033";"2";"9";"1";"1";"ROUTE ROYALE";"42,6760200";"9,4364200"
"201900057012";"9";"7";"2019";"07:50";"1";"91";"91223";"1";"1";"1";"2";"R.D.721";"48,4168000";"2,1779700"
"201900057013";"9";"7";"2019";"15:05";"1";"91";"91657";"2";"1";"1";"6";"CONCORDE (AVENUE)";"48,7048600";"2,4219200"
"201900057014";"9";"7";"2019";"20:30";"2";"88";"88160";"2";"1";"7";"2";"ENTRE-LES-DEUX-PORTES (RUE D')";"48,1759200";"6,4519800"
"201900057015";"9";"7";"2019";"17:40";"1";"87";"87085";"2";"1";"1";"6";"54 BEAUBREUIL (AVENUE DE)";"45,8753300";"1,3010900"
"201900057016";"1";"1";"2019";"01:25";"5";"71";"71263";"2";"6";"1";"6";"RD 971 - carrefour Kirchheimbolanden";"46,6259000";"5,2153760"
"201900057017";"9";"7";"2019";"11:12";"1";"87";"87085";"2";"2";"1";"6";"VANTEAUX (BOULEVARD DE)";"45,8240800";"1,2259500"
"201900057018";"1";"1";"2019";"00:20";"4";"71";"71154";"2";"1";"1";"1";"D5B - 37 rue Principale";"46,8154750";"4,8770980"
"201900057019";"3";"1";"2019";"19:50";"5";"71";"71014";"2";"1";"1";"6";"30 boulevard mazagrand";"46,9555260";"4,3059280"
"201900057020";"6";"7";"2019";"18:00";"1";"86";"86194";"2";"9";"1";"3";"8 MAI 1945 (AVENUE DU)";"46,5527664";"0,3049028"
"201900057021";"2";"1";"2019";"08:00";"2";"89";"89407";"1";"1";"1";"6";"CD 905";"47,8234750";"4,0567490"
"201900057022";"26";"6";"2019";"13:10";"1";"85";"85191";"2";"1";"7";"3";"AVENUE PABLO PICASSO ";"46,6573800";" -1,4238800"
"201900057023";"1";"1";"2019";"07:00";"5";"89";"89119";"2";"1";"8";"6";"RN 151 - PK 0+522";"47,5209650";"3,5398890"
"201900057024";"2";"1";"2019";"11:42";"1";"63";"63430";"2";"9";"1";"6";"AVENUE LÉO LAGRANGE";"45,8480912";"3,5318631"
"201900057025";"5";"1";"2019";"10:50";"1";"61";"61061";"1";"1";"1";"6";"D928";"48,4297930";"0,9597060"
"201900057026";"4";"1";"2019";"05:15";"3";"61";"61428";"2";"6";"1";"6";"RD18";"48,6069740";" -0,3748240"
"201900057027";"1";"1";"2019";"17:25";"3";"61";"61175";"1";"1";"1";"6";"D438";"48,5075890";"0,1272240"
"201900057028";"9";"7";"2019";"14:35";"1";"77";"77333";"2";"1";"1";"3";"D607 - LYON (AVENUE DE)";"48,2618007";"2,7000424"
"201900057029";"2";"1";"2019";"14:35";"1";"55";"55191";"2";"1";"1";"3";"7 route d'ETAIN";"49,2296200";"5,6114900"
"201900057030";"10";"7";"2019";"21:17";"1";"77";"77186";"1";"1";"1";"1";"RD607";"48,4423100";"2,6473900"
"201900057031";"9";"7";"2019";"17:40";"1";"76";"76212";"2";"1";"1";"7";"CARNOT. RUE SADI";"49,4408800";"1,1478400"
"201900057032";"3";"1";"2019";"18:20";"3";"49";"49215";"1";"1";"1";"7";"d166";"47,1343780";" -0,1017540"
"201900057033";"9";"7";"2019";"17:20";"1";"76";"76540";"1";"1";"1";"3";"A150";"49,4509200";"1,0574500"
"201900057034";"2";"1";"2019";"12:00";"1";"12";"12006";"1";"1";"1";"7";"RD25 - PR 17+0440";"44,1328390";"2,6603440"
"201900057035";"2";"1";"2019";"15:20";"1";"12";"12224";"2";"7";"1";"6";"Place du Général De Gaulle";"44,4642130";"2,9738920"
"201900057036";"9";"7";"2019";"08:15";"1";"74";"74010";"2";"1";"1";"6";"CHAMBERY";"45,8994000";"6,1213000"
"201900057037";"5";"1";"2019";"15:20";"1";"42";"42228";"1";"2";"1";"3";"Route départementale 5- lieu dit la roche";"45,5617700";"4,0939100"
"201900057038";"9";"7";"2019";"10:35";"1";"72";"72181";"2";"1";"1";"3";"JAURES JEAN (AV) N° PAIRS 60 ET >";"47,9901100";"0,2063800"
"201900057039";"3";"1";"2019";"17:50";"5";"42";"42023";"2";"1";"1";"6";"Boulevard d'Almandet";"45,2979350";"4,5676670"
"201900057040";"10";"7";"2019";"07:50";"1";"71";"71540";"1";"3";"1";"3";"MARQUISE (LA)";"46,7629900";"4,4722000"
"201900057041";"3";"1";"2019";"14:00";"1";"47";"47312";"1";"1";"7";"5";"RD 656";"44,3960200";"1,0203650"
"201900057042";"11";"7";"2019";"00:20";"5";"69";"69256";"2";"2";"1";"3";"ALEXANDRE DUMAS                     (R )";"45,7534500";"4,9323900"
"201900057043";"6";"1";"2019";"04:10";"5";"47";"47004";"1";"1";"1";"6";"vinzelle";"44,3054396";"0,3508202"
"201900057044";"5";"1";"2019";"17:20";"1";"47";"47213";"1";"1";"7";"1";"brandou";"44,2970800";"0,5253040"
"201900057045";"10";"7";"2019";"16:35";"1";"69";"69266";"2";"4";"1";"3";"4 AOUT 1789    (Rue du)";"45,7648700";"4,8935400"
"201900057046";"1";"1";"2019";"00:30";"3";"86";"86298";"1";"4";"1";"6";"carrefour de la  D15 et de  la D15b";"46,7199390";"0,5501659"
"201900057047";"8";"7";"2019";"19:00";"1";"69";"69275";"2";"1";"1";"1";"LEON TOLSTOI                        (AV)";"45,7722816";"4,9599023"
"201900057048";"6";"1";"2019";"02:45";"3";"68";"68184";"1";"1";"2";"6";"CD 473";"47,4754870";"7,2220100"
"201900057049";"9";"7";"2019";"18:00";"1";"67";"67482";"2";"1";"1";"3";"BELGES (QUAI DES)";"48,5757800";"7,7782700"
"201900057050";"1";"1";"2019";"21:45";"3";"22";"22217";"1";"4";"1";"6";"Louch";"48,5186160";" -3,5438870"
"201900057051";"2";"1";"2019";"22:00";"3";"39";"39197";"1";"1";"1";"6";"N/A";"46,5210430";"5,3725880"
"201900057052";"6";"7";"2019";"04:10";"5";"67";"67482";"2";"1";"1";"1";"FRANCOIS EPAILLY (RUE)";"48,5716190";"7,7939600"
"201900057053";"19";"6";"2019";"08:37";"1";"67";"67267";"2";"3";"7";"6";"PEUPLIERS (RUE DES)";"48,5538120";"7,6886870"
"201900057054";"2";"1";"2019";"10:05";"1";"25";"25050";"1";"1";"8";"1";"CD 461, PK 49+755";"47,1071490";"6,6205580"
"201900057055";"9";"7";"2019";"11:40";"1";"64";"64102";"2";"1";"3";"7";"PONT GRENET";"43,4971362";" -1,4831367"
"201900057056";"3";"1";"2019";"10:00";"1";"25";"25495";"2";"2";"1";"6";"route nationale";"47,2755490";"6,1127870"
"201900057057";"9";"7";"2019";"09:45";"1";"64";"64102";"2";"1";"3";"7";"BERNARD (CHEMIN DE SAINT)";"43,5006331";" -1,4815856"
"201900057058";"4";"1";"2019";"13:45";"1";"44";"44151";"1";"3";"1";"2";"D47 route de Saint-Lyphard";"47,3339010";" -2,3310010"
"201900057059";"5";"1";"2019";"16:00";"1";"31";"31462";"2";"1";"7";"2";"D 888";"43,6705510";"1,5179410"
"201900057060";"1";"1";"2019";"02:20";"1";"31";"31344";"2";"1";"1";"7";"VERDUN (RUE DE)";"43,0951720";"0,7483500"
"201900057061";"5";"7";"2019";"16:15";"1";"59";"59183";"2";"2";"1";"3";"DUMEZ LOUIS";"51,0225600";"2,3489800"
"201900057062";"1";"1";"2019";"18:20";"5";"38";"38218";"2";"1";"2";"6";"D156";"45,3420100";"5,1830100"
"201900057063";"4";"1";"2019";"14:45";"1";"2";"02810";"1";"1";"1";"6";"Route NATIONALE 2";"49,2662380";"3,0994650"
"201900057064";"1";"1";"2019";"04:00";"3";"3";"03044";"1";"1";"2";"6";"N/A";"46,0845778";"3,3741541"
"201900057065";"7";"7";"2019";"02:50";"5";"54";"54395";"2";"1";"1";"3";"GEBHART (RUE EMILE)";"48,6744990";"6,1726440"
"201900057066";"3";"1";"2019";"10:45";"1";"1";"01306";"2";"1";"7";"6";"RD 933 PK 30+100";"46,2652930";"4,8882100"
"201900057067";"2";"1";"2019";"10:30";"1";"26";"26124";"1";"3";"6";"4";"RN 7 - PR 54+400 - iles du chez";"44,8474720";"4,8519490"
"201900057068";"10";"7";"2019";"12:35";"1";"51";"51454";"2";"2";"1";"3";"RUE DE VESLE";"49,2520000";"4,0251300"
"201900057069";"9";"7";"2019";"19:30";"1";"51";"51454";"2";"4";"1";"3";"ALLEE DES VEUVES";"49,2522500";"4,0121600"
"201900057070";"6";"1";"2019";"05:30";"3";"58";"58060";"1";"1";"2";"6";"Intersection RD 979 / RD 151";"46,7919750";"3,6008420"
"201900057071";"10";"7";"2019";"08:53";"1";"50";"50218";"2";"9";"1";"7";"ARISTIDE BRIAND (AVENUE)";"48,8366950";" -1,5820340"
"201900057072";"5";"1";"2019";"21:20";"3";"54";"54426";"1";"1";"2";"6";"RD 121 - PK 1 +37 (décroissant)";"48,6447120";"5,9126530"
"201900057073";"7";"7";"2019";"11:00";"1";"49";"49099";"2";"1";"1";"2";"BOIS LAVAU (BOULEVARD DES)";"47,0758200";" -0,8880600"
"201900057074";"9";"7";"2019";"08:58";"1";"49";"49007";"2";"1";"1";"7";"LETANDUERE";"47,4582100";" -0,5542400"
"201900057075";"10";"7";"2019";"13:50";"1";"45";"45284";"2";"1";"1";"1";"ROUTE DE BOIGNY";"47,9238400";"2,0039000"
"201900057076";"10";"7";"2019";"05:45";"2";"45";"45004";"2";"3";"1";"7";"AV D ANTIBES - R ST JACQUES";"47,9771970";"2,7332390"
"201900057077";"10";"7";"2019";"17:40";"1";"44";"44109";"2";"1";"1";"1";"CHAUSSEE DE LA MADELEINE";"47,2112060";" -1,5517880"
"201900057078";"10";"7";"2019";"14:30";"1";"42";"42123";"2";"3";"1";"3";"GREZIEUX PLAINE DE";"45,5172850";"4,5918660"
"201900057079";"10";"7";"2019";"20:00";"1";"38";"38544";"2";"1";"1";"6";"ERNEST BIZOT(RUE)";"45,5092260";"4,8563701"
"201900057080";"2";"1";"2019";"17:30";"5";"72";"72320";"2";"1";"1";"3";"5 RUE DE VILLENEUVE";"48,0505090";"0,1770590"
"201900057081";"10";"7";"2019";"19:40";"1";"38";"38053";"2";"1";"1";"6";"TIXIER (AVENUE)";"45,5889263";"5,2840837"
"201900057082";"2";"1";"2019";"21:30";"3";"14";"14589";"1";"1";"1";"2";"Route départementale 167";"49,0154120";" -0,2922290"
"201900057083";"18";"6";"2019";"16:35";"1";"35";"35238";"2";"2";"1";"2";"TURQUETY (EDOUARD)";"48,1050900";" -1,6948000"
"201900057084";"2";"1";"2019";"19:00";"3";"14";"14203";"1";"1";"1";"3";"RD675";"49,2248580";" -0,0666460"
"201900057085";"10";"7";"2019";"16:25";"1";"34";"34172";"2";"1";"1";"7";"PETIT BARD (AVENUE DU)";"43,6161900";"3,8360500"
"201900057086";"14";"7";"2019";"09:20";"1";"33";"33063";"2";"3";"1";"3";"Q. Louis XVIII / All de Munich";"44,8449670";" -0,5706850"
"201900057087";"2";"1";"2019";"12:30";"1";"14";"14492";"1";"2";"1";"3";"Aire de la Sergenterie";"49,4060850";"0,1703720"
"201900057088";"1";"1";"2019";"07:30";"3";"14";"14578";"1";"1";"1";"6";"RD74";"49,3561480";"0,1687820"
"201900057089";"7";"7";"2019";"18:15";"1";"33";"33063";"2";"2";"1";"3";"Crs Aristide Briand / R. Edmond Costedoat";"44,8320130";" -0,5779050"
"201900057090";"2";"1";"2019";"10:00";"1";"14";"14021";"2";"1";"1";"6";"Rue des Costils saint Pierre";"49,3370180";" -0,6259420"
"201900057091";"4";"7";"2019";"05:46";"2";"33";"33063";"2";"1";"1";"6";"PCE PAUL DOUMER";"44,8519900";" -0,5740600"
"201900057092";"4";"1";"2019";"16:50";"1";"5";"05106";"1";"1";"1";"6";"RN 94 - PK 93+930";"44,5300690";"6,3326820"
"201900057093";"4";"1";"2019";"17:05";"3";"5";"05132";"1";"1";"1";"6";"D23";"44,6884610";"6,0763970"
"201900057094";"9";"7";"2019";"21:10";"2";"33";"33063";"2";"2";"1";"3";"Crs Charles Bricaud / Av de la Jallère";"44,8954200";" -0,5657100"
"201900057095";"2";"1";"2019";"20:25";"3";"50";"50328";"1";"1";"1";"2";"D900 intersection rue de l'Hotel Ruel";"49,1997520";" -1,4574560"
"201900057096";"9";"7";"2019";"17:20";"1";"33";"33039";"2";"1";"1";"1";"RUE CHARLES LAMOUREUX";"44,8036900";" -0,5611700"
"201900057097";"4";"1";"2019";"18:20";"5";"50";"50410";"2";"1";"1";"3";"chaussée villechérel";"48,5518250";" -1,5204450"
"201900057098";"7";"7";"2019";"21:20";"2";"33";"33063";"2";"1";"1";"2";"THIERS (AVE )";"44,8450400";" -0,5521700"
"201900057099";"5";"1";"2019";"10:30";"1";"45";"45009";"1";"1";"1";"1";"RD 11 PK 38+800";"48,0955170";"2,0274100"
"201900057100";"4";"1";"2019";"14:20";"1";"64";"64018";"2";"6";"5";"7";"D11";"43,3306550";" -1,0383750"
"201900057101";"6";"7";"2019";"19:00";"1";"33";"33529";"1";"1";"1";"4";"RD1250 (BONNEVAL - LA HUME) - Z.A.";"44,6181400";" -1,1218300"
"201900057102";"1";"1";"2019";"05:00";"3";"64";"64386";"2";"1";"5";"6";"Départementale 937";"43,1909957";" -0,2518581"
"201900057103";"9";"7";"2019";"16:30";"1";"31";"31555";"2";"1";"1";"1";"AV JEAN RIEUX";"43,5803900";"1,4822600"
"201900057104";"6";"1";"2019";"07:30";"3";"64";"64238";"1";"1";"1";"6";"D817";"43,2472010";" -0,0491510"
"201900057105";"9";"7";"2019";"07:30";"1";"31";"31555";"2";"1";"1";"6";"RUE MONTMORENCY";"43,6131400";"1,4286300"
"201900057106";"5";"1";"2019";"18:15";"5";"73";"73153";"1";"6";"1";"6";"RD129";"45,7263311";"6,4148741"
"201900057107";"10";"7";"2019";"08:20";"1";"26";"26057";"2";"9";"1";"1";"GAULLE (AVENUE DU GENERAL DE)";"45,0375000";"5,0546000"