"Num_Acc";"jour";"mois";"an";"hrmn";"lum";"dep";"com";"agg";"int";"atm";"col";"adr";"lat";"long"
"201900057108";"10";"7";"2019";"10:27";"1";"18";"18279";"2";"6";"1";"6";"SEMARD ( RUE PIERRE )";"47,2250039";"2,0616370"
"201900057109";"10";"7";"2019";"22:25";"2";"17";"17300";"2";"3";"1";"3";"GRASSET   AVENUE EDMOND (85T-15)";"46,1635200";" -1,1694300"
"201900057110";"10";"7";"2019";"23:20";"5";"13";"13216";"2";"9";"1";"6";"TOUSSAINT D' ORCINO (ROND-POINT)";"43,3602600";"5,3381100"
"201900057111";"10";"7";"2019";"12:40";"1";"13";"13209";"2";"1";"1";"7";"CONCORDE (BOULEVARD DE LA)";"43,2491730";"5,4020070"
"201900057112";"10";"7";"2019";"08:00";"1";"13";"13202";"1";"1";"1";"6";"PORT (QUAI DU)";"43,2955740";"5,3661040"
"201900057113";"10";"7";"2019";"09:00";"1";"13";"13203";"2";"1";"1";"1";"MOULIN LA V (TRAVERSE)";"43,3147600";"5,3719400"
"201900057114";"7";"7";"2019";"17:50";"1";"12";"12176";"1";"1";"1";"7";"LAISSAC (ROUTE DE)";"44,3732890";"2,6351990"
"201900057115";"10";"7";"2019";"15:57";"1";"10";"10387";"2";"1";"1";"6";"FRANCOIS SERQUEIL (RUE)";"48,3072000";"4,0812000"
"201900057116";"10";"7";"2019";"09:35";"1";"6";"06088";"2";"6";"1";"3";"MERCANTOUR (BD)";"43,7104100";"7,1876700"
"201900057117";"4";"1";"2019";"10:45";"1";"73";"73103";"1";"2";"1";"3";"Route de la Peisse";"45,6599872";"5,9123546"
"201900057118";"9";"7";"2019";"18:00";"1";"6";"06088";"2";"2";"1";"3";"ROQUEBILLIERE (R. DE)";"43,7050020";"7,2838250"
"201900057119";"10";"7";"2019";"08:40";"1";"6";"06069";"2";"1";"1";"6";"CANNES (ROUTE DE)  -RD 6085-";"43,6428400";"6,9460000"
"201900057120";"3";"1";"2019";"23:00";"3";"18";"18128";"1";"1";"1";"7";"Route départementale 23";"47,0820360";"2,0791980"
"201900057121";"10";"7";"2019";"00:00";"5";"6";"06069";"2";"1";"1";"3";"CANNES (ROUTE DE)  -RD 6085-";"43,6299900";"6,9588400"
"201900057122";"1";"1";"2019";"15:20";"1";"43";"43020";"1";"1";"2";"6";"RD 42 - La combette";"45,2948620";"4,1173620"
"201900057123";"10";"7";"2019";"17:00";"1";"6";"06123";"1";"1";"1";"2";"(6098) ROUTE DU BORD DE MER";"43,6566200";"7,1792610"
"201900057124";"5";"1";"2019";"06:30";"3";"10";"10295";"1";"1";"1";"2";"RD671";"48,0803221";"4,3810881"
"201900057125";"9";"7";"2019";"05:20";"2";"75";"75119";"2";"1";"1";"6";"PORTE DES LILAS";"48,8797660";"2,4073280"
"201900057126";"1";"1";"2019";"06:45";"5";"36";"36182";"1";"1";"1";"6";"100 route d'argenton";"46,4527555";"1,4074003"
"201900057127";"10";"7";"2019";"19:00";"1";"75";"75106";"2";"3";"1";"2";"QUAI DES GRANDS AUGUSTINS";"48,8552900";"2,3415920"
"201900057128";"4";"1";"2019";"18:00";"3";"7";"07035";"1";"1";"1";"1";"RD219";"44,9298120";"4,7038900"
"201900057129";"10";"7";"2019";"12:15";"1";"75";"75119";"2";"2";"1";"3";"AVENUE DE LA PORTE DU PRE SAINT GERVAIS";"48,8819920";"2,4025110"
"201900057130";"2";"1";"2019";"12:45";"1";"7";"07052";"1";"3";"6";"1";"route de Valence";"44,9383540";"4,7587240"
"201900057131";"10";"7";"2019";"08:49";"1";"75";"75119";"2";"1";"1";"3";"BOULEVARD MACDONALD";"48,8974070";"2,3890580"
"201900057132";"3";"1";"2019";"16:30";"1";"53";"53008";"1";"3";"1";"3";"CD 35 - lieu dit la demie lieue";"48,2990430";" -0,5858150"
"201900057133";"10";"7";"2019";"19:45";"1";"75";"75118";"2";"2";"1";"6";"BOULEVARD ORNANO";"48,8946400";"2,3471300"
"201900057134";"2";"1";"2019";"18:10";"2";"85";"85294";"2";"1";"1";"6";"Intersection avec le Chemin des Sablons";"46,3548900";" -1,4538500"
"201900057135";"10";"7";"2019";"18:40";"1";"75";"75118";"2";"1";"1";"3";"BOULEVARD BARBES";"48,8887760";"2,3496220"
"201900057136";"1";"1";"2019";"06:00";"3";"85";"85102";"1";"1";"1";"7";"Le Pas";"46,8220020";" -1,6357760"
"201900057137";"10";"7";"2019";"12:25";"1";"75";"75116";"2";"2";"1";"7";"AVENUE THEOPHILE GAUTIER";"48,8475180";"2,2691270"
"201900057138";"5";"1";"2019";"14:20";"1";"27";"27580";"2";"1";"1";"7";"8-10 allée de la reinette";"49,3601870";"0,8891150"
"201900057139";"9";"7";"2019";"23:00";"5";"75";"75116";"2";"3";"1";"6";"QUAI SAINT EXUPERY";"48,8346910";"2,2619530"
"201900057140";"10";"7";"2019";"20:20";"2";"75";"75115";"2";"1";"1";"2";"RUE DE LA CONVENTION";"48,8427740";"2,2842380"
"201900057141";"4";"1";"2019";"08:10";"2";"37";"37170";"1";"1";"5";"2";"l'oie";"47,5943115";"0,6221442"
"201900057142";"10";"7";"2019";"01:24";"5";"75";"75115";"2";"1";"1";"6";"QUAI BRANLY";"48,8547830";"2,2890720"
"201900057143";"3";"1";"2019";"10:30";"1";"30";"30006";"2";"2";"1";"3";"D6572 / D265";"43,6871176";"4,1991254"
"201900057144";"5";"1";"2019";"12:55";"1";"30";"30223";"2";"3";"1";"3";"14 rue de la Mairie";"44,1809450";"4,1490920"
"201900057145";"10";"7";"2019";"10:35";"1";"75";"75114";"2";"7";"7";"3";"PLACE DE CATALOGNE";"48,8372670";"2,3187950"
"201900057146";"1";"1";"2019";"12:10";"1";"48";"48147";"1";"1";"1";"2";"la baraque des gendarmes CD31";"44,4264090";"3,4977620"
"201900057147";"10";"7";"2019";"18:30";"1";"75";"75113";"2";"3";"1";"2";"QUAI FRANCOIS MAURIAC";"48,8329640";"2,3787670"
"201900057148";"5";"1";"2019";"23:20";"3";"972";"97231";"1";"1";"1";"6";"La Beaufond";"14,5183500";" -61,0339940"
"201900057149";"10";"7";"2019";"12:50";"1";"75";"75113";"2";"2";"1";"3";"AVENUE D ITALIE";"48,8191330";"2,3595020"
"201900057150";"4";"1";"2019";"19:04";"3";"68";"68066";"1";"1";"8";"4";"Autoroute 35";"48,0676300";"7,3840910"
"201900057151";"10";"7";"2019";"07:30";"1";"75";"75113";"2";"2";"1";"3";"BOULEVARD AUGUSTE BLANQUI";"48,8306490";"2,3526430"
"201900057152";"10";"7";"2019";"16:10";"1";"75";"75112";"2";"1";"1";"3";"AVENUE LEDRU ROLLIN";"48,8500600";"2,3748090"
"201900057153";"2";"1";"2019";"17:50";"1";"973";"97307";"2";"2";"1";"3";"angle rue réséda / rue du fromager";"4,8862846";" -52,3409822"
"201900057154";"4";"1";"2019";"20:00";"3";"26";"26057";"1";"1";"1";"6";"A49";"45,0209000";"5,0527000"
"201900057155";"8";"7";"2019";"22:40";"5";"75";"75110";"2";"3";"1";"6";"RUE DE LA GRANGE AUX BELLES";"48,8745660";"2,3662510"
"201900057156";"1";"1";"2019";"09:25";"1";"34";"34159";"1";"1";"1";"7";"RD-612";"43,5127140";"3,8040470"
"201900057157";"10";"7";"2019";"07:40";"1";"75";"75108";"2";"2";"1";"3";"RUE DU FAUBOURG SAINT HONORE";"48,8728420";"2,3107620"
"201900057158";"3";"1";"2019";"06:51";"3";"18";"18279";"1";"1";"9";"3";"A20 au PK 003+500 Sens 2";"47,2227800";"2,0401700"
"201900057159";"10";"7";"2019";"10:10";"1";"75";"75108";"2";"2";"1";"6";"AVENUE DU PRESIDENT WILSON";"48,8650560";"2,3002060"
"201900057160";"4";"1";"2019";"17:00";"1";"38";"38553";"2";"1";"1";"6";"Village de marques";"45,6260970";"5,1600210"
"201900057161";"5";"1";"2019";"18:10";"5";"35";"35059";"2";"1";"1";"6";"rue de Rennes";"48,1741550";" -1,7220010"
"201900057162";"3";"1";"2019";"16:55";"1";"974";"97415";"2";"1";"1";"1";"Rue Montrouge";" -21,0168370";"55,3043690"
"201900057163";"9";"7";"2019";"18:20";"1";"75";"75104";"2";"4";"1";"6";"VOIE GEORGES POMPIDOU";"48,8536230";"2,3562980"
"201900057164";"2";"1";"2019";"12:30";"1";"973";"97309";"2";"1";"1";"3";"route d' attila cabasou";"4,8889914";" -52,2901695"
"201900057165";"10";"7";"2019";"00:30";"5";"75";"75104";"2";"1";"1";"6";"RUE DE RIVOLI";"48,8563910";"2,3561710"
"201900057166";"5";"1";"2019";"14:30";"1";"6";"06018";"2";"2";"1";"3";"chemin neuf";"43,6261630";"7,0966940"
"201900057167";"9";"7";"2019";"23:20";"5";"75";"75117";"2";"4";"1";"2";"BOULEVARD PERIPHERIQUE EXTERIEUR OUEST";"48,8830790";"2,2836910"
"201900057168";"4";"1";"2019";"10:00";"1";"42";"42279";"2";"3";"1";"1";"Les roches rouges";"45,5045720";"4,2591000"
"201900057169";"9";"7";"2019";"08:25";"1";"94";"94046";"2";"2";"1";"3";"REPUBLIQUE (AV DE LA)";"48,8096301";"2,4547034"
"201900057170";"3";"1";"2019";"01:50";"5";"987";"98715";"2";"1";"1";"3";"RDO, Pk 4.400, Puurai";" -17,5829350";" -149,5658310"
"201900057171";"1";"1";"2019";"04:35";"3";"72";"72363";"1";"1";"8";"6";"A11";"48,1009120";"0,5380830"
"201900057172";"2";"1";"2019";"19:00";"3";"47";"47285";"1";"1";"1";"4";"A62";"44,4398430";"0,1161440"
"201900057173";"10";"7";"2019";"09:30";"1";"94";"94028";"2";"1";"1";"4";"VERDUN.(AVENUE DE)";"48,7969200";"2,4638700"
"201900057174";"3";"1";"2019";"05:40";"3";"90";"90076";"1";"1";"1";"2";"A36 PK 31.400";"47,6436380";"6,8998880"
"201900057175";"9";"7";"2019";"12:00";"1";"94";"94028";"2";"1";"1";"2";"PARIS.(RUE DE)";"48,7930000";"2,4600000"
"201900057176";"8";"7";"2019";"13:15";"1";"94";"94028";"2";"1";"1";"3";"Duvauchelle (rue Dominique)";"48,7682000";"2,4565493"
"201900057177";"3";"1";"2019";"18:48";"3";"49";"49259";"1";"2";"1";"3";"RD106 - RD54";"47,3364840";" -0,6511880"
"201900057178";"10";"7";"2019";"08:30";"1";"94";"94018";"2";"1";"1";"3";"CARRIERES (QU DES)";"48,8197600";"2,4055900"
"201900057179";"10";"7";"2019";"17:00";"1";"93";"93055";"2";"1";"1";"3";"GENERAL LECLERC(AVE DU)89/FIN ET 122/FIN";"48,8995700";"2,4091000"
"201900057180";"10";"7";"2019";"18:45";"1";"93";"93051";"2";"6";"1";"3";"PAVE NEUF (AVENUE)";"48,8378600";"2,5616500"
"201900057181";"10";"7";"2019";"09:55";"1";"93";"93050";"2";"2";"1";"6";"VERDUN (AVENUE) COTE IMPAIR";"48,8606300";"2,5367300"
"201900057182";"23";"9";"2019";"14:30";"1";"77";"77385";"2";"9";"1";"2";"D222";"48,8471282";"3,2288639"
"201900057183";"10";"7";"2019";"09:28";"1";"93";"93050";"2";"1";"1";"5";"HIPPOLYTE PINA (RUE)";"48,8736180";"2,5504550"
"201900057184";"22";"9";"2019";"14:25";"1";"35";"35003";"1";"1";"1";"2";"Surgon";"48,3064150";" -1,6000140"
"201900057185";"10";"7";"2019";"10:00";"1";"93";"93029";"2";"1";"1";"6";"HENRI BARBUSSE (AVE) N°126-280";"48,9243300";"2,4549500"
"201900057186";"10";"7";"2019";"15:30";"1";"92";"92050";"2";"1";"1";"3";"PONS NOEL RUE";"48,9057580";"2,2230150"
"201900057187";"22";"9";"2019";"19:45";"2";"76";"76206";"1";"2";"1";"3";"CD74";"49,6772610";"0,2548100"
"201900057188";"11";"7";"2019";"11:30";"1";"54";"54411";"1";"1";"1";"6";"Route Départementale 6";"48,4840370";"6,1870560"
"201900057189";"23";"9";"2019";"12:15";"1";"80";"80686";"1";"1";"1";"6";"D113";"50,0178710";"2,3844900"
"201900057190";"11";"7";"2019";"17:00";"1";"26";"26218";"1";"1";"1";"6";"19 Chemin des Meannes";"45,0608180";"5,0576950"
"201900057191";"23";"9";"2019";"11:50";"1";"33";"33540";"2";"2";"2";"6";"Avenue de l'Europe";"45,3694100";" -1,1447600"
"201900057192";"11";"7";"2019";"10:45";"1";"28";"28088";"2";"2";"1";"6";"28200 Châteaudun";"48,0665140";"1,3376530"
"201900057193";"20";"9";"2019";"16:15";"1";"81";"81125";"1";"1";"1";"7";"LOURTIGUIE";"43,7365439";"2,5106328"
"201900057194";"5";"1";"2019";"08:00";"1";"55";"55416";"1";"1";"5";"7";"autoroute A4 - PK 234.300";"49,0922080";"5,1343970"
"201900057195";"25";"10";"2019";"21:30";"5";"25";"25056";"2";"2";"1";"3";"CHURCHILL BD WINSTON";"47,2462700";"5,9980000"
"201900057196";"10";"7";"2019";"21:45";"3";"974";"97422";"2";"1";"1";"7";"Rue du Paille en Queue";" -21,2960530";"55,5271550"
"201900057197";"25";"10";"2019";"12:05";"1";"25";"25056";"2";"9";"1";"6";"BLUM BOULEVARD LEON (entre 51 ET  90)";"47,2615900";"6,0358000"
"201900057198";"10";"7";"2019";"20:45";"1";"83";"83004";"1";"1";"1";"1";"Quartier Roque Rousse ";"43,4592060";"6,5223550"
"201900057199";"19";"10";"2019";"12:50";"1";"24";"24557";"2";"3";"1";"3";"VIOLETTES (RUE DES)";"45,1918500";"0,7589100"
"201900057200";"9";"7";"2019";"08:22";"1";"1";"01318";"1";"2";"1";"3";"Route départementale 88 01390 Rancé";"45,9712950";"4,8526730"
"201900057201";"25";"10";"2019";"17:37";"1";"17";"17291";"1";"1";"1";"2";"RN 237";"46,1798090";" -1,1304510"
"201900057202";"11";"7";"2019";"18:45";"1";"38";"38105";"1";"1";"1";"6";"Route de Bonpertuis";"45,4055300";"5,5539300"
"201900057203";"25";"10";"2019";"17:22";"1";"17";"17274";"2";"6";"1";"3";"REPUBLIQUE   ROND-POINT DE LA";"46,1544300";" -1,1113600"
"201900057204";"10";"7";"2019";"17:00";"1";"59";"59463";"1";"1";"1";"1";"2 Rue Voie Romaine Cd 52";"50,9329010";"2,3697000"
"201900057205";"24";"10";"2019";"10:20";"1";"17";"17300";"2";"3";"1";"6";"MANGIN   AVENUE DU GENERAL";"46,1677000";" -1,1829900"
"201900057206";"21";"9";"2019";"18:50";"1";"89";"89380";"1";"6";"1";"7";"Les Dornets";"48,0611830";"3,0946440"
"201900057207";"10";"7";"2019";"16:50";"1";"77";"77406";"1";"1";"1";"6";"D222, Ferme du Moncelt";"48,8487500";"3,2236700"
"201900057208";"22";"9";"2019";"07:45";"2";"63";"63194";"1";"1";"1";"7";"D2089";"45,8165499";"3,3433470"
"201900057209";"25";"10";"2019";"12:30";"1";"17";"17299";"2";"1";"1";"3";"DEMY AVENUE JACQUES";"45,9218300";" -0,9603100"
"201900057210";"9";"7";"2019";"08:05";"1";"30";"30141";"1";"1";"1";"5";"Route de Bagnols";"44,1047066";"4,6951438"
"201900057211";"22";"9";"2019";"08:31";"1";"61";"61429";"1";"1";"1";"6";"Rue de Paris (Saint-Maurice-lès-Charencey)";"48,6645090";"0,7774680"
"201900057212";"25";"10";"2019";"12:00";"1";"13";"13205";"2";"1";"1";"2";"PASCAL RUINAT (RUE)";"43,2919300";"5,4089400"
"201900057213";"11";"7";"2019";"07:50";"1";"34";"34217";"2";"1";"1";"6";"Rue de la Ducque";"43,6983980";"3,8644530"
"201900057214";"22";"9";"2019";"19:30";"3";"42";"42289";"1";"1";"3";"1";"rn7";"45,9545220";"4,1917130"
"201900057215";"25";"10";"2019";"11:18";"1";"13";"13213";"2";"1";"1";"5";"CHUTES LAVIE (AVENUE)";"43,3099200";"5,3965600"
"201900057216";"5";"7";"2019";"19:15";"1";"91";"91534";"1";"1";"1";"6";"N 306";"48,7244920";"2,1496920"
"201900057217";"24";"10";"2019";"22:00";"4";"13";"13213";"2";"1";"1";"1";"SAINT JEROME (AVENUE DE)";"43,3320300";"5,4194700"
"201900057218";"19";"9";"2019";"10:15";"1";"39";"39448";"1";"1";"7";"2";"N/A";"47,0074000";"5,4977500"
"201900057219";"11";"7";"2019";"11:40";"1";"51";"51507";"2";"1";"1";"7";"PLACE D'AUSTERLITZ";"49,0906560";"4,8929992"
"201900057220";"11";"9";"2019";"09:05";"1";"44";"44048";"1";"1";"1";"3";"La Gazillardière";"47,3966100";" -1,3031280"
"201900057221";"25";"10";"2019";"21:12";"5";"10";"10387";"2";"1";"1";"6";"GEORGES POMPIDOU (RUE)";"48,2961700";"4,0941600"
"201900057222";"11";"7";"2019";"05:05";"3";"62";"62268";"1";"1";"1";"1";"RD 341";"50,6745950";"1,8105390"
"201900057223";"23";"9";"2019";"07:30";"3";"29";"29146";"1";"1";"8";"7";"D70";"47,9488930";" -3,8459160"
"201900057224";"2";"1";"2019";"10:20";"1";"55";"55237";"1";"1";"1";"7";"AUTOROUTE A4 PK 262.500 sens PARIS-METZ";"49,1190872";"5,5185461"
"201900057225";"25";"10";"2019";"12:09";"1";"10";"10343";"2";"6";"1";"3";"GAMBETTA (RUE)";"48,2738203";"4,0928686"
"201900057226";"10";"7";"2019";"11:00";"1";"78";"78417";"2";"3";"1";"3";"Rue de la cote lesné";"48,8906610";"1,6293350"
"201900057227";"20";"9";"2019";"08:45";"1";"29";"29268";"1";"1";"1";"6";"Lieu-dit Lannon";"48,4871832";" -4,3515495"
"201900057228";"7";"7";"2019";"09:30";"1";"49";"49135";"1";"6";"1";"3";"La Croix de Beauvais";"47,6121420";" -0,5851090"
"201900057229";"5";"1";"2019";"15:24";"1";"73";"73309";"1";"1";"1";"6";"A43";"45,5573170";"5,7333615"
"201900057230";"22";"10";"2019";"23:10";"5";"75";"75112";"2";"1";"1";"2";"BD PERIPHERIQUE INTERIEUR";"48,8280404";"2,3954363"
"201900057231";"4";"7";"2019";"08:40";"1";"34";"34085";"1";"3";"1";"3";"Avenue Puech de Poujoulat";"43,4465810";"3,2769920"
"201900057232";"3";"1";"2019";"04:55";"3";"74";"74118";"1";"1";"1";"6";"A411 PR 0+300";"46,1830910";"6,2221960"
"201900057233";"9";"9";"2019";"08:10";"1";"38";"38130";"2";"1";"1";"6";"Chemin de Martel";"45,3948200";"5,2662500"
"201900057234";"8";"7";"2019";"12:40";"1";"44";"44003";"2";"6";"7";"3";"rue Jules Vernes";"47,3827810";" -1,1792360"
"201900057235";"25";"10";"2019";"14:54";"1";"75";"75107";"2";"2";"1";"3";"PONT ALEXANDRE III";"48,8628232";"2,3134643"
"201900057236";"3";"1";"2019";"15:55";"1";"27";"27669";"1";"2";"1";"3";"INTERSECTION D89 / RUE DE L'ÉGLISE";"49,3680300";"0,6310590"
"201900057237";"1";"1";"2019";"09:00";"1";"987";"98722";"1";"1";"1";"6";"PK 38 - coté montagne - district de HITIAA";" -17,6001950";" -149,3050980"
"201900057238";"1";"1";"2019";"02:00";"3";"988";"98814";"1";"1";"1";"1";"Tribu de KEDEIGNE";" -21,0149800";"167,2224700"
"201900057239";"1";"1";"2019";"16:00";"1";"988";"98804";"1";"1";"1";"7";"Tribu de Nakéty Kopélia, piste ""Kopélia 1""";" -21,5614200";"166,0215300"
"201900057240";"1";"1";"2019";"01:20";"3";"988";"98802";"1";"1";"1";"6";"RT 1 PK 93+500";" -21,8452500";"165,9182200"
"201900057241";"1";"1";"2019";"03:50";"3";"986";"98613";"1";"1";"1";"6";"RT 1 - FALALEU";"63,5680660";"0,8882380"
"201900057242";"9";"7";"2019";"13:41";"1";"29";"29010";"1";"1";"1";"1";"D32";"48,5151277";" -4,1451143"
"201900057243";"10";"7";"2019";"18:05";"1";"26";"26211";"1";"1";"1";"1";"Chemin des Muletiers";"44,3568970";"4,8745570"
"201900057244";"22";"9";"2019";"19:30";"2";"3";"03138";"1";"1";"1";"7";"Le Tureau";"46,2650942";"3,6134605"
"201900057245";"23";"10";"2019";"13:00";"1";"75";"75116";"2";"2";"1";"6";"RUE MIGNET";"48,8490936";"2,2693908"
"201900057246";"25";"10";"2019";"15:55";"1";"75";"75120";"2";"2";"1";"3";"RUE BELGRAND";"48,8646808";"2,4041699"
"201900057247";"10";"7";"2019";"19:17";"1";"5";"05072";"1";"1";"1";"1";"lieu dit Les Roberts";"44,6440990";"6,0854000"
"201900057248";"1";"1";"2019";"06:40";"1";"976";"97607";"1";"1";"3";"1";"RN3 Tsararano";" -12,8531390";"45,1760570"
"201900057249";"24";"10";"2019";"19:10";"5";"75";"75120";"2";"4";"1";"6";"RUE DES PYRENEES";"48,8737177";"2,3895432"
"201900057250";"11";"7";"2019";"11:00";"1";"83";"83046";"1";"1";"1";"7";"N/A";"43,4933840";"6,1652550"
"201900057251";"4";"1";"2019";"08:30";"1";"974";"97415";"2";"1";"1";"3";"Rue du Grand Hotel";" -21,0312150";"55,2275350"
"201900057252";"4";"1";"2019";"00:10";"5";"973";"97311";"2";"2";"2";"3";"av colonel tourtet";"5,4987583";" -54,0303004"
"201900057253";"1";"1";"2019";"14:30";"1";"973";"97311";"2";"1";"1";"6";"avenue paul castaing";"5,4819059";" -54,0137029"
"201900057254";"5";"1";"2019";"14:00";"1";"973";"97304";"1";"1";"1";"7";"RN1 PK 75";"5,1188995";" -52,8093052"
"201900057255";"4";"1";"2019";"11:40";"1";"971";"97117";"1";"1";"1";"1";"route de Duteau";"16,3269850";" -61,4023660"
"201900057256";"2";"1";"2019";"15:30";"1";"971";"97112";"1";"1";"1";"6";"Siblet";"15,9389670";" -61,3117290"
"201900057257";"25";"10";"2019";"17:10";"1";"75";"75109";"2";"3";"1";"6";"BOULEVARD DE CLICHY";"48,8841005";"2,3308214"
"201900057258";"22";"9";"2019";"16:50";"1";"3";"03054";"1";"1";"2";"7";"Les Paillerets";"46,4760476";"3,5262522"
"201900057259";"11";"7";"2019";"11:13";"1";"60";"60029";"1";"2";"1";"3";"Départementale 981";"49,3723079";"1,9886231"
"201900057260";"25";"10";"2019";"14:55";"1";"75";"75114";"2";"2";"1";"6";"AVENUE DE LA PORTE DIDOT";"48,8259710";"2,3104532"
"201900057261";"23";"10";"2019";"21:15";"5";"75";"75114";"2";"1";"1";"6";"BOULEVARD BRUNE";"48,8275042";"2,3059384"
"201900057262";"10";"7";"2019";"18:30";"1";"64";"64377";"1";"2";"1";"5";"D22";"43,3369695";" -1,2729549"
"201900057263";"25";"10";"2019";"11:40";"1";"75";"75113";"2";"3";"1";"3";"BOULEVARD VINCENT AURIOL";"48,8320013";"2,3599768"
"201900057264";"11";"7";"2019";"01:20";"3";"36";"36117";"1";"1";"1";"6";"Le Moulin Neuf";"46,5568109";"1,5597213"
"201900057265";"23";"9";"2019";"10:30";"1";"70";"70313";"1";"1";"1";"7";"RN 19 - PR 82+500 - Lyoffans";"47,6409962";"6,6015475"
"201900057266";"2";"1";"2019";"14:00";"1";"972";"97224";"2";"1";"1";"3";"D15 croisée Rousseau";"14,6641630";" -61,0175530"
"201900057267";"11";"7";"2019";"01:45";"3";"40";"40046";"1";"1";"1";"7";"Route de la plage";"44,3926130";" -1,1649470"
"201900057268";"25";"10";"2019";"21:10";"5";"75";"75112";"2";"2";"1";"3";"RUE DE REUILLY";"48,8444986";"2,3899318"
"201900057269";"21";"9";"2019";"18:15";"1";"9";"09113";"1";"1";"8";"6";"village erce 09";"42,8220860";"1,3012940"
"201900057270";"25";"10";"2019";"18:05";"3";"75";"75112";"2";"7";"1";"7";"CARREFOUR DE LA PYRAMIDE";"48,8337901";"2,4451656"
"201900057271";"2";"1";"2019";"17:45";"2";"33";"33199";"2";"3";"1";"3";"Allée François mauriac / Allée des Rossignols";"44,6296600";" -1,0687200"
"201900057272";"17";"9";"2019";"03:30";"3";"36";"36232";"1";"1";"1";"6";"RD 925 PK 62";"46,8014862";"1,3331607"
"201900057273";"25";"10";"2019";"09:45";"1";"75";"75112";"2";"4";"1";"2";"AVENUE DE SAINT MAURICE";"48,8286936";"2,4192433"
"201900057274";"10";"7";"2019";"23:35";"3";"40";"40310";"1";"1";"1";"1";"d79";"43,7507890";" -1,3295450"
"201900057275";"5";"1";"2019";"11:40";"1";"28";"28279";"2";"1";"8";"6";"place de l'étoile";"48,6481690";"1,5345700"
"201900057276";"11";"7";"2019";"13:25";"1";"27";"27019";"1";"1";"7";"1";"Saint-Étienne";"48,6777080";"0,7855140"
"201900057277";"6";"1";"2019";"02:45";"3";"77";"77031";"1";"1";"1";"6";"D201";"48,6737840";"2,9640110"
"201900057278";"25";"10";"2019";"08:25";"1";"75";"75112";"2";"3";"1";"3";"AVENUE DAUMESNIL";"48,8424660";"2,3855190"
"201900057279";"1";"1";"2019";"07:45";"2";"77";"77144";"1";"1";"1";"6";"RD231 - PK35 - 34+655";"48,7643220";"2,9213620"
"201900057280";"24";"10";"2019";"18:57";"5";"75";"75101";"2";"1";"1";"6";"RUE ETIENNE MARCEL";"48,8645634";"2,3461115"
"201900057281";"3";"1";"2019";"10:10";"1";"78";"78068";"1";"1";"1";"6";"pk 66 300";"49,0379350";"1,4576120"
"201900057282";"25";"10";"2019";"17:20";"1";"75";"75104";"2";"2";"8";"3";"QUAI DE L HOTEL DE VILLE";"48,8543721";"2,3549423"
"201900057283";"2";"1";"2019";"16:15";"1";"66";"66171";"2";"6";"1";"7";"Boulevard Maillol";"42,6289590";"3,0318180"
"201900057284";"25";"10";"2019";"22:20";"5";"94";"94078";"2";"9";"1";"6";"CARNOT (AV)";"48,7330100";"2,4468200"
"201900057285";"1";"1";"2019";"11:00";"1";"34";"34344";"1";"9";"1";"2";"D62";"43,5713900";"4,0818990"
"201900057286";"24";"10";"2019";"18:15";"2";"94";"94068";"2";"1";"2";"5";"BAC (AV DU)";"48,7900000";"2,5200000"
"201900057287";"2";"1";"2019";"07:57";"1";"84";"84003";"1";"1";"1";"6";"D900";"43,8850030";"5,3628000"
"201900057288";"24";"10";"2019";"18:00";"1";"94";"94046";"2";"1";"1";"3";"GENERAL DE GAULLE (AV DU)";"48,8110500";"2,4229800"
"201900057289";"5";"1";"2019";"18:30";"3";"83";"83035";"1";"1";"1";"1";"D26";"43,2078800";"5,7927430"
"201900057290";"11";"7";"2019";"16:05";"1";"28";"28179";"1";"1";"1";"3";"D132 PR 35+000";"48,1888140";"1,7347500"
"201900057291";"11";"7";"2019";"07:30";"1";"17";"17003";"1";"1";"1";"2";"Route départementale 204";"46,1154030";" -0,9627440"
"201900057292";"24";"10";"2019";"08:30";"1";"94";"94028";"2";"3";"1";"3";"SARRASINS(RUE DES)";"48,7680200";"2,4727700"
"201900057293";"2";"1";"2019";"07:00";"3";"83";"83065";"1";"1";"1";"1";"N/A";"43,2556840";"6,5744680"
"201900057294";"23";"10";"2019";"17:05";"1";"94";"94028";"2";"3";"1";"3";"VERDUN.(AVENUE DE)";"48,7955000";"2,4628000"
"201900057295";"10";"7";"2019";"19:20";"1";"8";"08413";"2";"1";"1";"1";"Route de Rethel";"49,6099130";"4,2037620"
"201900057296";"9";"7";"2019";"19:00";"1";"66";"66172";"2";"3";"1";"1";"28 bis avenue du général de GAULLE";"42,7078700";"2,8413700"
"201900057297";"11";"7";"2019";"10:15";"1";"976";"97603";"1";"1";"1";"6";"Dapani CCD4 FACE AU TERRAIN D'AVIATION";" -12,9706700";"45,1625710"
"201900057298";"11";"7";"2019";"05:45";"2";"31";"31254";"2";"1";"1";"6";"Rond point Gaumont, D916-PK4";"43,5374840";"1,5108600"
"201900057299";"10";"7";"2019";"16:11";"1";"45";"45146";"1";"1";"1";"6";"autoroute A71 PK118 + 550";"47,7332510";"1,8769240"