"Num_Acc";"jour";"mois";"an";"hrmn";"lum";"dep";"com";"agg";"int";"atm";"col";"adr";"lat";"long"
"201900057300";"10";"7";"2019";"09:45";"1";"30";"30189";"1";"1";"1";"2";"Autoroute A9 - PK51+500 - Sens ORANGE/MPT";"43,8358530";"4,4079750"
"201900057301";"11";"7";"2019";"14:30";"1";"45";"45051";"1";"3";"1";"2";"RD 952 PK 36+800";"47,8355550";"2,3553070"
"201900057302";"15";"9";"2019";"10:30";"1";"16";"16393";"1";"4";"1";"3";"Ld Les Courades";"45,7418000";"0,0996000"
"201900057303";"10";"7";"2019";"16:50";"1";"78";"78264";"1";"1";"1";"1";"Route départementale 112";"48,7589120";"1,7235700"
"201900057304";"21";"9";"2019";"23:00";"3";"21";"21541";"1";"1";"1";"7";"D906";"46,9486119";"4,7271111"
"201900057305";"11";"7";"2019";"05:20";"2";"2A";"2A114";"1";"1";"1";"7";"D859";"41,4987960";"9,1364420"
"201900057306";"14";"9";"2019";"07:40";"1";"40";"40273";"2";"1";"1";"7";"Avenue du Quartier Neuf";"43,5279230";" -1,3918520"
"201900057307";"2";"1";"2019";"15:05";"1";"83";"83115";"2";"1";"1";"7";"avenue du débarquement";"43,3231900";"6,6568990"
"201900057308";"21";"6";"2019";"12:00";"1";"2A";"2A215";"1";"1";"1";"2";"RT 40";"41,5005642";"9,0348249"
"201900057309";"22";"9";"2019";"18:50";"1";"40";"40044";"1";"1";"1";"3";"Route Départementale 817";"43,5519370";" -1,3203210"
"201900057310";"25";"10";"2019";"06:20";"5";"94";"94069";"2";"1";"1";"6";"MARECHAL DE LATTRE DE TASSIGNY (AV)";"48,8198000";"2,4197000"
"201900057311";"25";"10";"2019";"10:15";"1";"94";"94044";"2";"1";"1";"6";"JEAN MONNET (AV)";"48,7581832";"2,4816386"
"201900057312";"25";"10";"2019";"06:45";"3";"94";"94004";"2";"3";"8";"1";"GENERAL LECLERC (AV DU)";"48,7545000";"2,5061000"
"201900057313";"4";"1";"2019";"16:35";"1";"83";"83023";"1";"1";"1";"1";"RN7. PK28";"43,4037220";"6,0076130"
"201900057314";"25";"10";"2019";"14:00";"1";"93";"93071";"2";"1";"2";"6";"LIVRY (AVENUE DE)";"48,9389700";"2,5387100"
"201900057315";"4";"1";"2019";"18:30";"3";"6";"06157";"2";"1";"1";"6";"2357 avenue Emile Hugues";"43,7092140";"7,1274860"
"201900057316";"24";"10";"2019";"11:30";"1";"93";"93066";"2";"1";"1";"2";"""LANDY RD 20, NR IMPAIRS 1 A 144""";"48,9154500";"2,3642600"
"201900057317";"25";"10";"2019";"19:30";"5";"93";"93064";"2";"1";"1";"6";"LECLERC (RUE DU GENERAL)";"48,8682240";"2,4920050"
"201900057318";"15";"9";"2019";"20:10";"2";"24";"24259";"1";"1";"1";"7";"Toutifaut";"44,9140120";"0,5012310"
"201900057319";"24";"5";"2019";"16:35";"1";"34";"34033";"2";"2";"1";"7";"rue joseph d'arbaud";"43,7590760";"4,0778720"
"201900057320";"11";"7";"2019";"00:39";"3";"66";"66226";"1";"1";"1";"6";"D900";"42,5908710";"2,8526330"
"201900057321";"1";"1";"2019";"04:20";"3";"4";"04086";"1";"1";"1";"1";"RD 900";"44,4048455";"6,7080064"
"201900057322";"3";"1";"2019";"20:15";"3";"13";"13027";"1";"1";"1";"5";"D28";"43,8763210";"4,8306070"
"201900057323";"1";"1";"2019";"02:44";"3";"13";"13107";"1";"1";"1";"2";"départementale 60";"43,4258670";"5,3918880"
"201900057324";"3";"1";"2019";"15:10";"1";"8";"08491";"1";"1";"8";"2";"Autoroute A.34 - Sens CHARLEVILLE-MEZIERES - SEDAN";"49,7237260";"4,8510340"
"201900057325";"3";"1";"2019";"18:05";"3";"88";"88136";"1";"1";"8";"4";"Route nationale 57 sens NANCY-EPINAL après Aire De Repos De Neuf Lieux PK 30+500";"48,2072480";"6,4611330"
"201900057326";"6";"1";"2019";"01:00";"3";"74";"74007";"2";"1";"1";"6";"route de l'hôpital";"46,0639120";"6,3362890"
"201900057327";"4";"1";"2019";"12:15";"1";"42";"42168";"2";"3";"1";"3";"rue de la Valencize";"45,4217120";"4,6802260"
"201900057328";"2";"1";"2019";"04:35";"3";"38";"38449";"1";"1";"2";"1";"D124";"45,6520200";"5,1355000"
"201900057329";"6";"1";"2019";"11:55";"1";"38";"38468";"1";"1";"8";"1";"RN7 PR 29+450";"45,3379590";"4,8046320"
"201900057330";"2";"1";"2019";"13:18";"1";"38";"38382";"2";"9";"1";"6";"14 rue Louis besançon";"45,2326120";"5,6843270"
"201900057331";"5";"1";"2019";"07:45";"3";"69";"69223";"1";"1";"1";"6";"relisse";"45,8896400";"4,5033350"
"201900057332";"23";"5";"2019";"15:05";"1";"34";"34151";"1";"1";"1";"1";"D34 - PK 16+800";"43,6436170";"4,1861880"
"201900057333";"2";"1";"2019";"19:25";"5";"69";"69136";"1";"3";"1";"3";"route de LYON";"45,6295470";"4,7582320"
"201900057334";"19";"5";"2019";"10:50";"1";"34";"34246";"1";"1";"1";"7";"Departementale 118";"43,7297810";"4,0586430"
"201900057335";"3";"1";"2019";"09:02";"1";"69";"69227";"1";"1";"7";"4";"D.311";"45,6659700";"4,5792500"
"201900057336";"1";"5";"2019";"12:55";"1";"34";"34022";"2";"2";"1";"4";"Rue du Colombier";"43,6585610";"4,0141610"
"201900057337";"5";"1";"2019";"04:30";"5";"69";"69178";"1";"6";"1";"6";"RD389";"45,6981600";"4,4536300"
"201900057338";"17";"9";"2019";"12:35";"1";"85";"85018";"1";"1";"1";"2";"rue des sables";"46,9050100";" -2,0511440"
"201900057339";"21";"9";"2019";"22:00";"3";"27";"27457";"1";"1";"1";"1";"D840";"48,7739710";"0,9253410"
"201900057340";"2";"1";"2019";"22:40";"5";"69";"69278";"2";"1";"1";"3";"RD 433 route de Trévoux";"45,8946000";"4,8216970"
"201900057341";"1";"1";"2019";"09:30";"1";"9";"09261";"2";"1";"1";"6";"1 boulevard du GÉNÉRAL DE GAULLE";"42,9850500";"1,1406330"
"201900057342";"9";"7";"2019";"23:30";"3";"34";"34199";"1";"1";"1";"7";"route de caux";"43,4854100";"3,3902740"
"201900057343";"11";"7";"2019";"18:30";"1";"83";"83035";"1";"1";"1";"3";"2810 nmontée du vieux camp";"43,2465750";"5,7612250"
"201900057344";"4";"1";"2019";"23:30";"3";"31";"31297";"1";"1";"1";"1";"D24";"43,6532930";"1,2002330"
"201900057345";"7";"7";"2019";"21:30";"5";"6";"06157";"2";"1";"1";"7";"1877 Route de Cagnes";"43,7093430";"7,1309630"
"201900057346";"5";"1";"2019";"22:00";"5";"79";"79049";"2";"1";"1";"6";"6 rue de l'Argentonnière - Noirterre";"46,8696500";" -0,3905200"
"201900057347";"25";"10";"2019";"16:55";"1";"93";"93064";"2";"2";"1";"3";"WALESA (AVENUE LECH)";"48,8750000";"2,4865600"
"201900057348";"29";"5";"2019";"17:05";"1";"84";"84138";"2";"1";"1";"6";"Chemin des Estimeurs Nord Ouest";"44,3838770";"4,9638120"
"201900057349";"2";"1";"2019";"09:45";"1";"24";"24361";"1";"1";"1";"1";"départementale 37";"44,8451590";"0,6199540"
"201900057350";"10";"7";"2019";"14:30";"1";"5";"05151";"1";"2";"1";"1";"RN94 - La Pré du FAURE";"44,8635060";"6,5964270"
"201900057351";"5";"1";"2019";"15:50";"1";"33";"33029";"1";"1";"1";"6";"Av des Pyrénées";"44,6312800";" -0,7549000"
"201900057352";"10";"7";"2019";"11:25";"1";"67";"67067";"2";"1";"1";"6";"Chemin d'explotation agricole - Prolongement re de la Garance";"48,7319810";"7,7071200"
"201900057353";"2";"1";"2019";"19:00";"3";"85";"85151";"1";"1";"1";"6";"RD 160";"46,9937800";" -0,9362800"
"201900057354";"10";"7";"2019";"09:40";"1";"88";"88201";"2";"4";"1";"3";"intersection D460 - D39";"48,1656760";"6,3083780"
"201900057355";"6";"1";"2019";"18:50";"5";"72";"72264";"2";"1";"1";"3";"Avenue Joel le Theule";"47,8394640";" -0,3259960"
"201900057356";"11";"7";"2019";"06:30";"1";"63";"63254";"1";"1";"1";"6";"RD2";"45,8200670";"3,0632830"
"201900057357";"4";"1";"2019";"07:45";"5";"44";"44172";"2";"1";"1";"6";"rue Jean moulin";"47,2497430";" -1,4864280"
"201900057358";"10";"7";"2019";"15:35";"1";"73";"73232";"1";"1";"1";"1";"D 902";"45,5953190";"6,8823087"
"201900057359";"8";"7";"2019";"06:42";"1";"46";"46105";"1";"1";"1";"6";"Autoroute A20 PK 368+500 sens PARIS - TOULOUSE";"44,3959800";"1,5177260"
"201900057360";"2";"1";"2019";"17:30";"2";"44";"44172";"2";"1";"1";"1";"rue de la piais";"47,2576080";" -1,4617010"
"201900057361";"25";"6";"2019";"18:00";"1";"49";"49301";"2";"2";"1";"2";"Les Alouettes (Saint-Macaire-en-Mauges)";"47,1188880";" -0,9738160"
"201900057362";"4";"1";"2019";"08:05";"5";"14";"14762";"2";"1";"5";"2";"rue du Fort Chabrol";"48,8461240";" -0,8758250"
"201900057363";"1";"1";"2019";"03:00";"5";"14";"14258";"2";"9";"1";"3";"rue Georges Clémenceau et rue Viet";"48,8972600";" -0,1978500"
"201900057364";"11";"5";"2019";"21:25";"5";"84";"84064";"2";"9";"1";"6";"Place du Chateau";"44,3050260";"4,6882330"
"201900057365";"25";"10";"2019";"16:55";"1";"93";"93046";"2";"1";"1";"6";"CHANZY AVENUE DE";"48,9100870";"2,5193050"
"201900057366";"23";"9";"2019";"20:00";"3";"6";"06084";"2";"2";"1";"3";"100 Traverse de Pinchinade";"43,6219360";"6,9962380"
"201900057367";"11";"7";"2019";"19:10";"1";"62";"62889";"1";"1";"1";"1";"1555 Rue de Sainte-Godeleine";"50,7904940";"1,7473750"
"201900057368";"3";"1";"2019";"17:10";"1";"14";"14047";"1";"1";"1";"1";"D613";"49,2694490";" -0,6835950"
"201900057369";"13";"5";"2019";"19:45";"2";"84";"84047";"1";"2";"1";"6";"Route de Croagne";"43,9058310";"5,3472380"
"201900057370";"1";"1";"2019";"02:45";"3";"14";"14019";"1";"1";"1";"6";"cd 572";"49,2405750";" -0,7436610"
"201900057371";"23";"9";"2019";"20:00";"5";"6";"06004";"1";"1";"1";"6";"autoroute A8 PK 171000 nord";"43,6041370";"7,0662440"
"201900057372";"22";"9";"2019";"07:05";"2";"13";"13001";"1";"1";"3";"7";"A8 PK 21+500 SORTIE 31 VAL ST ANDRÉ";"43,5169540";"5,4321830"
"201900057373";"1";"5";"2019";"16:45";"1";"84";"84003";"2";"1";"1";"1";"Avenue de Marseille";"43,8768100";"5,3786690"
"201900057374";"22";"9";"2019";"11:50";"1";"45";"45008";"1";"1";"2";"6";"A10 Sortie n° 13 PK 78+200";"48,0837341";"1,8524409"
"201900057375";"30";"4";"2019";"16:50";"1";"84";"84003";"2";"3";"1";"3";"RD943,  après le pont de la piste cyclabe";"43,8855820";"5,3809750"
"201900057376";"22";"9";"2019";"22:35";"3";"51";"51545";"1";"1";"2";"7";"A26";"48,7100776";"4,2115056"
"201900057377";"23";"9";"2019";"11:30";"1";"988";"98804";"2";"3";"1";"7";"Tribu Nakety mission";" -21,5485900";"166,0429100"
"201900057378";"19";"9";"2019";"23:30";"3";"91";"91412";"1";"1";"1";"6";"route départementale 87";"48,4849900";"2,4073640"
"201900057379";"16";"9";"2019";"20:55";"3";"78";"78264";"1";"1";"1";"6";"D111";"48,7423030";"1,7472170"
"201900057380";"20";"9";"2019";"05:45";"3";"34";"34145";"2";"1";"1";"7";"Avenue du Vidourle";"43,6927110";"4,1638070"
"201900057381";"20";"9";"2019";"14:28";"1";"68";"68353";"1";"1";"7";"3";"RD19 bis";"47,6309750";"7,3458020"
"201900057382";"21";"9";"2019";"12:45";"1";"68";"68008";"2";"4";"1";"1";"1 Rue de Sundhoffen";"48,0291650";"7,4405870"
"201900057383";"21";"9";"2019";"18:55";"1";"67";"67130";"1";"2";"1";"3";"route de Krafft";"48,4293350";"7,6798170"
"201900057384";"19";"9";"2019";"15:27";"1";"3";"03229";"1";"1";"1";"7";"La Limite";"46,6971319";"3,4306738"
"201900057385";"23";"9";"2019";"09:30";"1";"38";"38317";"2";"1";"1";"6";"Cours Saint - André";"45,1323690";"5,7003100"
"201900057386";"22";"9";"2019";"19:45";"3";"26";"26196";"1";"1";"3";"1";"laye";"44,8683170";"4,9213830"
"201900057387";"20";"9";"2019";"14:20";"1";"17";"17019";"1";"1";"1";"6";"15 Route de Saint-Clément";"46,2201510";" -1,5283280"
"201900057388";"1";"1";"2019";"08:00";"3";"14";"14328";"1";"1";"1";"6";"RD 513";"49,2151092";" -0,2551800"
"201900057389";"25";"10";"2019";"16:30";"1";"93";"93031";"2";"1";"1";"2";"REPUBLIQUE (AVENUE)";"48,9497120";"2,3305080"
"201900057390";"10";"7";"2019";"18:30";"1";"33";"33318";"1";"1";"1";"2";"ROCADE A 630";"44,7877500";" -0,6360800"
"201900057391";"8";"9";"2019";"13:00";"1";"85";"85222";"2";"6";"1";"3";"Route du Sel";"46,7011300";" -1,9338100"
"201900057392";"9";"7";"2019";"09:16";"1";"59";"59195";"1";"1";"1";"4";"AUTOROUTE A25";"50,6277100";"2,9599300"
"201900057393";"22";"9";"2019";"18:45";"1";"76";"76566";"1";"2";"1";"3";"Route de Clères";"49,5905180";"0,9922750"
"201900057394";"4";"7";"2019";"17:00";"1";"59";"59586";"1";"1";"1";"2";"AUTOROUTE A23";"50,5333200";"3,1990200"
"201900057395";"22";"9";"2019";"09:20";"1";"60";"60141";"2";"1";"1";"6";"Rue d'Aumale";"49,1933600";"2,4677240"
"201900057396";"10";"7";"2019";"02:37";"3";"91";"91689";"1";"1";"1";"2";"AUTOROUTE A6A";"48,7382310";"2,3180820"
"201900057397";"9";"7";"2019";"19:40";"1";"94";"94034";"1";"1";"1";"2";"AUTOROUTE A86";"48,7556102";"2,3403996"
"201900057398";"22";"9";"2019";"19:30";"2";"59";"59323";"1";"1";"1";"2";"RD 649 PK 73.500";"50,3057570";"3,6309546"
"201900057399";"23";"9";"2019";"09:30";"1";"59";"59416";"2";"1";"1";"7";"3 Avenue des Flandres";"50,6935060";"2,5172970"
"201900057400";"18";"4";"2019";"17:10";"1";"84";"84003";"2";"3";"1";"3";"Avenue Philippe de Girard";"43,8764690";"5,3924340"
"201900057401";"1";"1";"2019";"04:40";"3";"29";"29022";"1";"1";"1";"1";"34 Route de Crozon";"48,2661840";" -4,5765390"
"201900057402";"12";"5";"2019";"14:05";"1";"84";"84016";"1";"1";"6";"1";"RD 907";"44,0399500";"4,8978750"
"201900057403";"4";"1";"2019";"19:10";"5";"35";"35257";"2";"1";"1";"3";"06 bd du Maréchéal LECLERC";"48,4099232";" -1,3663870"
"201900057404";"9";"7";"2019";"07:10";"1";"91";"91340";"1";"1";"1";"2";"AUTOROUTE A6";"48,5973800";"2,4416300"
"201900057405";"24";"10";"2019";"23:32";"5";"93";"93010";"2";"3";"1";"2";"SAKHAROV (RUE ANDREI)";"48,9177000";"2,4851000"
"201900057406";"18";"5";"2019";"07:20";"2";"84";"84132";"2";"1";"1";"7";"intersection Lotissement Le Bastidon // Route des vignères";"43,9284120";"4,9938130"
"201900057407";"1";"1";"2019";"01:11";"3";"27";"27188";"1";"1";"1";"6";"D321";"49,3032960";"1,1019110"
"201900057408";"9";"7";"2019";"05:44";"2";"91";"91377";"1";"1";"1";"7";"AUTOROUTE A10";"48,7211200";"2,2947500"
"201900057409";"25";"10";"2019";"13:45";"1";"93";"93008";"2";"1";"2";"3";"BARBUSSE (AVENUE HENRI) A30";"48,9038433";"2,4179458"
"201900057410";"10";"7";"2019";"15:10";"1";"92";"92072";"1";"1";"1";"6";"N118";"48,8262300";"2,2234700"
"201900057411";"25";"10";"2019";"18:28";"2";"93";"93007";"2";"1";"1";"3";"DIDEROT";"48,9428000";"2,4390000"
"201900057412";"25";"10";"2019";"16:25";"1";"92";"92078";"2";"9";"1";"3";"VERDUN (AVENUE) (PAIRS 92 ET PLUS)";"48,9356476";"2,3347878"
"201900057413";"9";"7";"2019";"15:15";"1";"92";"92025";"1";"1";"1";"5";"A86";"48,9219920";"2,2267020"
"201900057414";"12";"9";"2019";"17:00";"1";"13";"13071";"1";"1";"1";"4";"A7-Sens Marseille vers Lyon";"43,4125700";"5,2818500"
"201900057415";"25";"5";"2019";"17:10";"1";"83";"83016";"2";"1";"1";"7";"RD N8";"43,2002740";"5,8078980"
"201900057416";"1";"1";"2019";"01:40";"3";"60";"60028";"1";"1";"1";"7";"PK 5 D1330";"49,2195680";"2,5519670"
"201900057417";"25";"10";"2019";"13:25";"1";"92";"92063";"2";"1";"1";"3";"LABICHE (RUE EUGENE)";"48,8722500";"2,1795300"
"201900057418";"9";"7";"2019";"23:50";"3";"95";"95424";"1";"1";"1";"3";"AUTOROUTE A15";"48,9909000";"2,1939700"
"201900057419";"9";"7";"2019";"10:45";"1";"93";"93007";"1";"1";"1";"2";"AUTOROUTE A1";"48,9537800";"2,4551700"
"201900057420";"25";"10";"2019";"11:35";"1";"92";"92063";"2";"1";"1";"4";"EMPEREUR (ROUTE DE L') EST";"48,8638582";"2,1809392"
"201900057421";"9";"7";"2019";"09:40";"1";"92";"92036";"1";"1";"1";"6";"AUTOROUTE A15";"48,9370979";"2,2922429"
"201900057422";"9";"7";"2019";"09:10";"1";"95";"95018";"1";"1";"1";"2";"RD 170";"48,9607900";"2,2596000"
"201900057423";"4";"10";"2019";"15:30";"1";"92";"92044";"2";"2";"1";"3";"LEON JAMIN(RUE)";"48,9004334";"2,2864860"
"201900057424";"10";"7";"2019";"17:30";"1";"94";"94069";"1";"1";"1";"2";"A4";"48,8177020";"2,4147130"
"201900057425";"25";"10";"2019";"19:35";"5";"92";"92007";"2";"1";"1";"3";"BRIAND (AVENUE ARISTIDE) N° 2 A 98";"48,8038264";"2,3247536"
"201900057426";"26";"10";"2019";"00:30";"3";"35";"35219";"1";"1";"8";"6";"La Cariais";"47,8297670";" -1,9503470"
"201900057427";"26";"10";"2019";"09:35";"1";"60";"60699";"1";"1";"1";"7";"Route 30 de Rouen";"49,5293921";"1,8542648"
"201900057428";"26";"10";"2019";"02:40";"3";"14";"14405";"1";"1";"1";"6";"Route le Quinquefougere Rd 511";"48,8835490";" -0,2930910"
"201900057429";"25";"10";"2019";"17:45";"1";"24";"24309";"1";"1";"1";"6";"D6089";"45,0889990";"0,4764220"
"201900057430";"9";"7";"2019";"23:15";"3";"77";"77438";"1";"1";"1";"7";"A104";"48,8558490";"2,6642270"
"201900057431";"26";"10";"2019";"10:11";"1";"6";"06149";"2";"1";"1";"6";"45 Boulevard Général de Gaulle";"43,7437030";"7,3138210"
"201900057432";"9";"7";"2019";"14:30";"1";"77";"77146";"1";"1";"1";"4";"A4.Y";"48,8318100";"2,6495600"
"201900057433";"11";"10";"2019";"18:55";"1";"31";"31113";"2";"1";"1";"1";"Avenue Pierre Mendes France";"43,5183000";"1,5045900"
"201900057434";"11";"5";"2019";"16:38";"1";"83";"83016";"1";"1";"1";"3";"dn 8";"43,2386780";"5,8027480"
"201900057435";"4";"1";"2019";"11:35";"1";"60";"60644";"1";"1";"1";"1";"Départementale 981";"49,2800791";"1,8278451"
"201900057436";"11";"9";"2019";"14:30";"1";"13";"13215";"1";"1";"1";"2";"A7-Sens Marseille vers Lyon";"43,3368600";"5,3770500"
"201900057437";"22";"9";"2019";"10:50";"1";"13";"13203";"1";"1";"1";"6";"A557-Liaison A7 Marseille-A55 Marseille";"43,3190150";"5,3675870"
"201900057438";"21";"9";"2019";"23:15";"3";"13";"13056";"1";"1";"8";"6";"A55-Sens Martigues vers Marseille";"43,3966300";"5,0450077"
"201900057439";"22";"9";"2019";"03:07";"5";"69";"69199";"1";"1";"1";"2";"RD383   14.250 A 18.000";"45,7058500";"4,8437800"
"201900057440";"28";"3";"2019";"10:40";"1";"82";"82014";"1";"1";"1";"6";"D6";"43,8200440";"1,1340620"
"201900057441";"20";"9";"2019";"17:45";"1";"69";"69382";"1";"1";"1";"3";"A7   0.000 A 2.278";"45,7389000";"4,8222800"
"201900057442";"27";"3";"2019";"15:45";"1";"61";"61484";"1";"2";"1";"3";"CD 635/CD 286";"48,2826830";"0,7194880"
"201900057443";"12";"9";"2019";"18:35";"1";"42";"42218";"1";"1";"1";"2";"A72";"45,4503100";"4,4202500"
"201900057444";"16";"3";"2019";"14:45";"1";"42";"42323";"2";"1";"1";"7";"Avenue Henri Planchet";"45,5655730";"4,2926500"
"201900057445";"22";"9";"2019";"17:30";"1";"94";"94034";"1";"1";"2";"7";"AUTOROUTE A86";"48,7522000";"2,3281000"
"201900057446";"27";"3";"2019";"09:40";"1";"46";"46185";"1";"1";"1";"6";"RD 803 PK 13+100";"44,9430660";"1,6246930"
"201900057447";"22";"9";"2019";"16:00";"1";"91";"91347";"1";"1";"2";"3";"RN 104";"48,6229320";"2,2920970"
"201900057448";"27";"3";"2019";"18:35";"1";"29";"29175";"2";"6";"1";"3";"Rue des Frères Floch";"48,2491125";" -3,8224304"
"201900057449";"22";"9";"2019";"15:30";"1";"91";"91521";"1";"1";"2";"7";"RN 104";"48,6361000";"2,4025000"
"201900057450";"23";"3";"2019";"17:14";"1";"1";"01426";"2";"2";"1";"3";"RD 52";"46,2721510";"5,3664910"
"201900057451";"4";"1";"2019";"18:30";"3";"80";"80646";"1";"1";"1";"4";"A1";"49,7999730";"2,8090700"
"201900057452";"30";"4";"2019";"11:05";"1";"83";"83127";"1";"1";"1";"3";"N/A";"43,2776050";"5,9161520"
"201900057453";"22";"9";"2019";"14:20";"1";"94";"94034";"1";"1";"3";"4";"AUTOROUTE A86";"48,7595000";"2,3231000"
"201900057454";"14";"5";"2019";"13:45";"1";"83";"83065";"1";"1";"1";"3";"RD98a";"43,2241700";"6,5884870"
"201900057455";"27";"5";"2019";"17:45";"1";"83";"83042";"2";"1";"2";"3";"carrefour de la bastide";"43,2451810";"6,5339630"
"201900057456";"22";"9";"2019";"15:30";"1";"93";"93078";"1";"1";"2";"4";"AUTOROUTE A104";"48,9634300";"2,5508400"
"201900057457";"24";"5";"2019";"11:20";"1";"83";"83068";"1";"1";"1";"2";"RD 14 Carrefour du chemin du cadeous";"43,2791520";"6,5717290"
"201900057458";"29";"5";"2019";"18:45";"1";"83";"83077";"1";"1";"1";"6";"Route de Signes";"43,2787770";"5,9488760"
"201900057459";"3";"9";"2019";"09:45";"1";"95";"95018";"1";"1";"1";"4";"RD 170";"48,9620500";"2,2631800"
"201900057460";"22";"9";"2019";"18:05";"1";"77";"77258";"1";"1";"3";"6";"A4.Y";"48,8333000";"2,6167000"
"201900057461";"11";"5";"2019";"10:15";"1";"83";"83104";"2";"1";"1";"6";"D3";"43,6094460";"5,7527730"
"201900057462";"25";"10";"2019";"12:25";"1";"972";"97210";"1";"1";"1";"7";"Chopotte";"14,6336090";" -60,9199480"
"201900057463";"27";"3";"2019";"18:00";"2";"70";"70001";"2";"1";"1";"1";"7 Grand-Rue";"47,7831480";"6,2927380"
"201900057464";"2";"1";"2019";"10:30";"1";"62";"62889";"2";"1";"2";"7";"d 232";"50,7780940";"1,7310770"
"201900057465";"22";"9";"2019";"11:00";"1";"77";"77249";"1";"1";"1";"6";"RN104";"48,7354260";"2,6116060"
"201900057466";"22";"5";"2019";"03:15";"3";"83";"83151";"1";"1";"1";"7";"RD24";"43,4390480";"6,1716070"
"201900057467";"22";"5";"2019";"13:54";"1";"83";"83023";"1";"1";"1";"1";"dn7";"43,4057530";"6,0608880"
"201900057468";"5";"5";"2019";"12:00";"1";"83";"83023";"1";"1";"1";"4";"RD 79 - PR 0+330";"43,4025470";"6,1035430"
"201900057469";"17";"5";"2019";"22:38";"3";"83";"83008";"1";"1";"2";"6";"route du muy";"43,5371700";"6,6979760"
"201900057470";"29";"5";"2019";"11:30";"1";"6";"06097";"2";"1";"1";"2";"Route de Roquesteron";"43,8639096";"7,0922346"
"201900057471";"14";"2";"2019";"16:20";"1";"75";"75114";"2";"7";"1";"3";"PLACE DE CATALOGNE";"48,8372710";"2,3187490"
"201900057472";"22";"10";"2019";"10:15";"1";"972";"97229";"2";"1";"1";"6";"30 Rue Joseph Souffleur";"14,6281010";" -61,1111150"
"201900057473";"14";"2";"2019";"12:00";"1";"75";"75114";"2";"1";"1";"6";"BOULEVARD DU MONTPARNASSE";"48,8423220";"2,3283760"
"201900057474";"1";"1";"2019";"01:15";"3";"59";"59430";"1";"1";"2";"6";" rue de TROISVILLES";"50,1380730";"3,5041580"
"201900057475";"26";"10";"2019";"15:50";"1";"57";"57211";"1";"1";"1";"6";"Sainte-anne";"49,1813429";"6,0635567"
"201900057476";"28";"3";"2019";"15:40";"1";"26";"26144";"1";"1";"1";"7";"RD104";"44,7325970";"4,9297990"
"201900057477";"27";"5";"2019";"16:30";"1";"6";"06011";"2";"1";"2";"7";"10 boulevard du maréchal JOFFRE";"43,7062570";"7,3287770"
"201900057478";"21";"9";"2019";"23:50";"3";"77";"77169";"1";"1";"1";"2";"RN104.INT";"48,8057400";"2,6289500"
"201900057479";"26";"10";"2019";"09:30";"1";"42";"42049";"1";"2";"1";"6";"D8";"46,1382300";"3,8942550"
"201900057480";"4";"1";"2019";"18:35";"3";"13";"13022";"1";"1";"1";"2";"A50-Sens Aubagne vers Toulon";"43,2096700";"5,5838300"
"201900057481";"26";"10";"2019";"18:40";"1";"72";"72008";"1";"1";"1";"3";"127 Boulevard Pierre Lefaucheux";"47,9426840";"0,1832700"
"201900057482";"4";"1";"2019";"18:30";"3";"13";"13022";"1";"1";"1";"4";"A50-Sens Aubagne vers Toulon";"43,2095100";"5,5840200"
"201900057483";"25";"10";"2019";"16:20";"1";"74";"74005";"1";"2";"1";"3";"Rue du Cret Baron";"46,3411230";"6,4620160"
"201900057484";"26";"10";"2019";"02:20";"3";"79";"79079";"1";"1";"1";"6";"LD ""Les Suissière-Chapelle-Largeau";"46,9705850";" -0,8721120"
"201900057485";"3";"1";"2019";"18:40";"5";"13";"13055";"2";"1";"9";"2";"A507 sens Marseille - Aubagne";"43,2857730";"5,4285880"
"201900057486";"27";"3";"2019";"16:55";"1";"14";"14431";"2";"6";"1";"3";"Place Charles de Gaulle (Mézidon-Canon)";"49,0735840";" -0,0696930"
"201900057487";"21";"9";"2019";"05:25";"5";"94";"94052";"1";"1";"1";"7";"A86.EXT";"48,8310700";"2,4914000"
"201900057488";"14";"2";"2019";"08:50";"1";"75";"75107";"2";"7";"1";"3";"PLACE JOFFRE";"48,8515870";"2,3014940"
"201900057489";"25";"10";"2019";"15:55";"1";"2B";"2B049";"1";"6";"1";"3";"Route de Calvi";"42,5502660";"8,7957790"
"201900057490";"2";"1";"2019";"12:15";"1";"13";"13056";"1";"1";"1";"2";"A55-Sens Martigues vers Marseille";"43,4084520";"5,0359390"
"201900057491";"26";"10";"2019";"06:00";"3";"61";"61475";"1";"1";"1";"6";"D930";"48,6366590";"0,5824060"
"201900057492";"13";"2";"2019";"07:40";"2";"75";"75114";"2";"7";"5";"3";"PLACE VICTOR ET HELENE BASCH";"48,8280180";"2,3269390"
"201900057493";"25";"3";"2019";"17:15";"1";"45";"45067";"2";"1";"1";"6";"22 Rue du Cas Rouge";"47,8805270";"1,7710790"