"Num_Acc";"jour";"mois";"an";"hrmn";"lum";"dep";"com";"agg";"int";"atm";"col";"adr";"lat";"long"
"201900057494";"17";"2";"2019";"21:00";"5";"75";"75113";"2";"4";"1";"3";"AVENUE DES GOBELINS";"48,8332050";"2,3543610"
"201900057495";"27";"3";"2019";"18:00";"1";"64";"64191";"1";"1";"1";"3";"CD 936";"43,1830894";" -0,1847486"
"201900057496";"2";"1";"2019";"11:50";"1";"13";"13202";"1";"1";"1";"7";"TVPCM-Sens Saint Victor vers Les Ports";"43,2919000";"5,3661000"
"201900057497";"26";"3";"2019";"22:15";"5";"16";"16312";"2";"1";"1";"6";"514 Route de Plaisance";"45,7707071";" -0,0356268"
"201900057498";"6";"5";"2019";"13:30";"1";"6";"06147";"2";"2";"1";"3";"Avenue du Canton de Levens";"43,7911100";"7,2736710"
"201900057499";"27";"3";"2019";"17:40";"1";"7";"07142";"1";"2";"1";"1";"Route Nationale 102";"44,7660140";"3,9153380"
"201900057500";"27";"5";"2019";"21:30";"4";"6";"06077";"2";"3";"1";"3";"RD 2566";"43,8814920";"7,3585410"
"201900057501";"27";"3";"2019";"21:20";"3";"53";"53240";"1";"2";"1";"3";"Roche Poulain";"47,8028270";" -1,0441970"
"201900057502";"26";"5";"2019";"11:20";"1";"6";"06057";"1";"1";"2";"1";"Route du Col de Nice";"43,8114700";"7,3568240"
"201900057503";"28";"3";"2019";"17:25";"1";"85";"85076";"1";"1";"1";"4";"Bel Air - Route de Clisson";"47,0753800";" -1,2715600"
"201900057504";"27";"5";"2019";"13:00";"1";"5";"05181";"1";"1";"1";"7";"RD1091";"45,0321660";"6,3833090"
"201900057505";"28";"3";"2019";"19:13";"1";"17";"17347";"2";"4";"1";"3";"boulevard du 14 juillet";"45,9479350";" -0,5170450"
"201900057506";"9";"5";"2019";"14:30";"1";"5";"05006";"1";"1";"1";"7";"RN 94";"44,7808270";"6,5611370"
"201900057507";"28";"3";"2019";"11:15";"1";"78";"78356";"1";"3";"1";"3";"RD195";"48,7421970";"2,0559510"
"201900057508";"26";"5";"2019";"13:45";"1";"5";"05089";"1";"1";"1";"2";"Serre Pavorel";"44,3957600";"5,7371000"
"201900057509";"16";"2";"2019";"21:00";"5";"75";"75113";"2";"1";"1";"6";"QUAI D AUSTERLITZ";"48,8431760";"2,3662030"
"201900057510";"8";"10";"2019";"10:25";"1";"68";"68090";"2";"1";"1";"7";"18 Rue de la 1ère Armée";"47,4988770";"7,3083880"
"201900057511";"4";"1";"2019";"17:45";"3";"69";"69287";"1";"1";"1";"7";"A43   9.894 A 13.029";"45,6833100";"5,0093400"
"201900057512";"20";"9";"2019";"13:00";"1";"94";"94017";"1";"1";"1";"2";"A4";"48,8281200";"2,5038400"
"201900057513";"29";"5";"2019";"14:15";"1";"4";"04197";"1";"1";"1";"5";"RD 4096 - Saint Pierre";"43,7802150";"5,7679870"
"201900057514";"14";"2";"2019";"17:10";"1";"75";"75113";"2";"1";"1";"3";"RUE DU CHATEAU DES RENTIERS";"48,8297120";"2,3634860"
"201900057515";"28";"3";"2019";"09:55";"1";"13";"13051";"1";"1";"1";"3";"RD113";"43,5960130";"5,1048360"
"201900057516";"31";"5";"2019";"10:55";"1";"4";"04086";"1";"2";"1";"2";"RD 900 - La Grangeasse";"44,3929440";"6,6870210"
"201900057517";"15";"2";"2019";"12:30";"1";"75";"75112";"2";"1";"1";"3";"RUE DE REUILLY";"48,8461550";"2,3879530"
"201900057518";"20";"3";"2019";"15:45";"1";"13";"13059";"1";"1";"1";"6";"Pk 32+200";"43,6320790";"5,4944870"
"201900057519";"29";"5";"2019";"18:11";"1";"4";"04193";"1";"1";"1";"7";"RD 900 - La rochaille";"44,4802150";"6,7587540"
"201900057520";"16";"2";"2019";"14:50";"1";"75";"75111";"2";"2";"1";"7";"BOULEVARD VOLTAIRE";"48,8651860";"2,3677310"
"201900057521";"20";"5";"2019";"07:00";"2";"4";"04242";"1";"1";"8";"6";"RD 13 - Bois d'Asson";"43,9012370";"5,8150900"
"201900057522";"15";"2";"2019";"10:05";"1";"75";"75111";"2";"2";"1";"6";"AVENUE PHILIPPE AUGUSTE";"48,8535570";"2,3927060"
"201900057523";"13";"5";"2019";"08:30";"1";"13";"13081";"2";"3";"1";"3";"Avenue de  de Verdun";"43,4872170";"5,2302840"
"201900057524";"17";"2";"2019";"03:30";"5";"75";"75110";"2";"2";"1";"3";"RUE DU FAUBOURG SAINT DENIS";"48,8843120";"2,3593630"
"201900057525";"18";"5";"2019";"14:10";"1";"13";"13076";"1";"1";"1";"6";"D99";"43,7936140";"4,9696410"
"201900057526";"16";"2";"2019";"15:00";"1";"75";"75110";"2";"1";"1";"3";"PLACE DE LA BATAILLE DE STALINGRAD";"48,8837360";"2,3687450"
"201900057527";"15";"5";"2019";"14:30";"1";"13";"13053";"1";"1";"1";"1";"RD7N - quartier douneau";"43,7281470";"5,1565330"
"201900057528";"16";"2";"2019";"22:40";"5";"75";"75109";"2";"3";"1";"6";"BOULEVARD DES ITALIENS";"48,8712820";"2,3359230"
"201900057529";"15";"2";"2019";"16:10";"1";"75";"75109";"2";"4";"1";"3";"BOULEVARD HAUSSMANN";"48,8719870";"2,3400410"
"201900057530";"12";"2";"2019";"23:15";"5";"75";"75109";"2";"2";"1";"3";"RUE DE MOGADOR";"48,8750290";"2,3314070"
"201900057531";"17";"2";"2019";"19:50";"5";"75";"75108";"2";"1";"1";"6";"RUE DU FAUBOURG SAINT HONORE";"48,8690320";"2,3208210"
"201900057532";"12";"5";"2019";"07:00";"2";"13";"13092";"2";"1";"1";"1";"Avenue Henri barbusse";"43,6335310";"4,9565340"
"201900057533";"15";"2";"2019";"19:30";"5";"75";"75108";"2";"7";"1";"6";"RUE DE COURCELLES";"48,8780040";"2,3053480"
"201900057534";"16";"5";"2019";"19:00";"1";"13";"13007";"2";"2";"1";"3";"Route Départementale 560";"43,3673820";"5,6454200"
"201900057535";"3";"1";"2019";"15:30";"1";"69";"69276";"1";"1";"1";"2";"A7   8.630 A 10.992";"45,6786000";"4,8479400"
"201900057536";"23";"5";"2019";"15:30";"1";"13";"13046";"1";"1";"1";"1";"Route de Saint Savournin";"43,4166390";"5,5390220"
"201900057537";"3";"1";"2019";"08:15";"2";"69";"69091";"1";"1";"1";"3";"A47   1.809 A 5.620";"45,5868200";"4,7554000"
"201900057538";"3";"1";"2019";"11:10";"1";"42";"42044";"1";"1";"1";"2";"RN88 - PR 46+100";"45,3933300";"4,3245000"
"201900057539";"30";"5";"2019";"15:55";"1";"13";"13042";"1";"3";"1";"3";"Coulin, RD8N";"43,2737520";"5,6378380"
"201900057540";"23";"3";"2019";"18:30";"2";"37";"37079";"2";"1";"1";"7";"rue nationale";"47,3319700";"1,0445000"
"201900057541";"26";"5";"2019";"05:45";"2";"14";"14371";"1";"1";"1";"6";"ROUTE DÉPARTEMENTALE 579A";"48,9874070";"0,1504400"
"201900057542";"26";"10";"2019";"09:55";"1";"29";"29276";"2";"2";"1";"3";"Route de Saint Pol";"48,6660720";" -4,0650470"
"201900057543";"3";"1";"2019";"17:20";"3";"54";"54320";"1";"1";"1";"4";"Autoroute A 31";"48,8582100";"6,0898600"
"201900057544";"29";"5";"2019";"21:30";"2";"13";"13030";"2";"3";"1";"3";"10 - RN8";"43,2755930";"5,6986820"
"201900057545";"26";"10";"2019";"10:50";"1";"29";"29027";"2";"9";"1";"6";"Rue Jean Marie Birrien";"48,1891640";" -3,8202850"
"201900057546";"20";"9";"2019";"21:30";"5";"987";"98735";"2";"2";"1";"1";"CHEF VAIRAATOA (AVENUE)";" -17,5344100";" -149,5671700"
"201900057547";"26";"5";"2019";"00:00";"3";"13";"13004";"1";"1";"1";"1";"RD 35";"43,6124370";"4,6626510"
"201900057548";"28";"3";"2019";"18:55";"2";"34";"34022";"2";"3";"1";"3";"Rue de Colombiers";"43,6569540";"4,0083720"
"201900057549";"14";"2";"2019";"12:30";"1";"75";"75108";"2";"4";"1";"3";"AVENUE MARCEAU";"48,8661190";"2,2996630"
"201900057550";"28";"3";"2019";"15:00";"1";"83";"83124";"1";"1";"1";"1";"N/A";"43,5770590";"6,6180880"
"201900057551";"5";"1";"2019";"08:40";"2";"33";"33143";"1";"1";"9";"5";"AUTOROUTE A 10";"44,9566600";" -0,4508500"
"201900057552";"15";"2";"2019";"20:20";"5";"75";"75107";"2";"2";"1";"3";"AVENUE DE LOWENDAL";"48,8526900";"2,3085880"
"201900057553";"18";"3";"2019";"16:32";"1";"67";"67130";"2";"6";"1";"2";"place de l'Obertor";"48,4211980";"7,6577150"
"201900057554";"19";"5";"2019";"15:05";"1";"13";"13097";"1";"1";"2";"7";"RN 568 - PR 16300";"43,5454975";"4,8124361"
"201900057555";"25";"10";"2019";"12:10";"1";"29";"29290";"1";"1";"6";"7";"Rue des Fontaines";"48,5512420";" -4,5326710"
"201900057556";"5";"1";"2019";"08:40";"2";"33";"33143";"1";"1";"9";"4";"AUTOROUTE A 10";"44,9649900";" -0,4400300"
"201900057557";"14";"2";"2019";"08:54";"1";"75";"75107";"2";"2";"1";"3";"AVENUE DU MARECHAL GALLIENI";"48,8628470";"2,3134430"
"201900057558";"27";"3";"2019";"17:20";"1";"3";"03286";"2";"1";"1";"7";"17 avenue de la Vivert";"46,5149260";"3,3623180"
"201900057559";"29";"5";"2019";"08:00";"2";"13";"13027";"2";"1";"1";"6";"Boulevard Gambetta";"43,8849820";"4,8525540"
"201900057560";"17";"2";"2019";"16:55";"1";"75";"75103";"2";"7";"1";"6";"PLACE DE LA REPUBLIQUE";"48,8673390";"2,3633760"
"201900057561";"26";"3";"2019";"18:25";"2";"69";"69116";"2";"6";"1";"6";"Chemin de Champivost";"45,8112800";"4,7734100"
"201900057562";"21";"9";"2019";"06:30";"1";"976";"97611";"2";"1";"1";"1";"kaweni-GEOLE (la)";" -12,7668700";"45,2244700"
"201900057563";"17";"2";"2019";"01:45";"5";"75";"75103";"2";"3";"1";"6";"RUE REAUMUR";"48,8652480";"2,3571340"
"201900057564";"24";"3";"2019";"20:20";"5";"9";"09274";"1";"1";"1";"5";"D 625";"43,0298210";"1,8966270"
"201900057565";"21";"9";"2019";"15:45";"1";"974";"97416";"2";"1";"1";"6";"LORION(RUE LUC)";" -21,3390800";"55,4695600"
"201900057566";"15";"2";"2019";"10:30";"1";"75";"75102";"2";"2";"1";"3";"RUE DE PALESTRO";"48,8652020";"2,3514180"
"201900057567";"3";"1";"2019";"19:35";"3";"33";"33090";"1";"1";"1";"4";"AUTOROUTE A 63";"44,7670300";" -0,6686800"
"201900057568";"20";"9";"2019";"17:40";"1";"974";"97416";"2";"1";"1";"1";"MAHATMA GANDHI(RUE)";" -21,3383100";"55,4612400"
"201900057569";"18";"8";"2019";"21:20";"1";"92";"92040";"2";"1";"1";"7";"BELLINI (TERRASSE)";"48,8871300";"2,2519200"
"201900057570";"16";"2";"2019";"21:15";"5";"75";"75109";"2";"2";"1";"3";"RUE LAMARTINE";"48,8765590";"2,3412940"
"201900057571";"18";"8";"2019";"18:05";"1";"74";"74101";"1";"1";"1";"6";"A40";"46,0875721";"5,9314554"
"201900057572";"21";"9";"2019";"20:30";"5";"69";"69259";"2";"2";"1";"3";"JEAN CAGNE                          (AV)";"45,6939900";"4,8750000"
"201900057573";"16";"2";"2019";"01:00";"5";"75";"75102";"2";"7";"1";"3";"PLACE DE L OPERA";"48,8706910";"2,3325210"
"201900057574";"17";"8";"2019";"20:30";"2";"43";"43117";"1";"1";"1";"6";"Pinols";"45,2466110";"3,4570540"
"201900057575";"21";"9";"2019";"09:30";"1";"69";"69388";"2";"2";"1";"5";"PAUL SANTY                          (AV)";"45,7231500";"4,8846100"
"201900057576";"18";"8";"2019";"17:50";"1";"45";"45247";"1";"1";"1";"6";"Rue des Charmes";"47,9980260";"2,6743620"
"201900057577";"30";"4";"2019";"09:55";"1";"13";"13027";"1";"2";"1";"3";"D34";"43,8808460";"4,8321190"
"201900057578";"25";"10";"2019";"18:15";"1";"29";"29220";"1";"3";"8";"5";"Route de Plobannalec";"47,8468250";" -4,2268930"
"201900057579";"27";"3";"2019";"17:15";"1";"33";"33494";"1";"2";"1";"3";"Piste cyclable D801 / Rte Sablons";"44,9504900";" -0,8567900"
"201900057580";"17";"8";"2019";"11:50";"1";"34";"34243";"2";"1";"1";"6";"D 986";"43,9047800";"3,7378300"
"201900057581";"21";"9";"2019";"18:30";"1";"69";"69081";"2";"6";"8";"3";"PEROLLIER (DU)                          ";"45,7874300";"4,7790400"
"201900057582";"21";"9";"2019";"17:39";"1";"69";"69384";"2";"1";"1";"6";"HENON                               (R )";"45,7796200";"4,8196400"
"201900057583";"21";"3";"2019";"18:55";"5";"33";"33037";"2";"1";"1";"3";"RD 1113";"44,6989920";" -0,4486380"
"201900057584";"5";"5";"2019";"16:10";"1";"13";"13066";"2";"1";"6";"1";"Chemin la Draillette";"43,8315470";"4,9004230"
"201900057585";"15";"2";"2019";"17:00";"1";"75";"75104";"2";"2";"1";"6";"PLACE DU CHATELET";"48,8577270";"2,3477790"
"201900057586";"24";"5";"2019";"20:28";"1";"13";"13079";"1";"1";"1";"7";"DN7";"43,4875310";"5,6717490"
"201900057587";"15";"2";"2019";"16:00";"1";"94";"94078";"2";"1";"1";"3";"THIMONNIER (R)";"48,7500000";"2,4400000"
"201900057588";"21";"9";"2019";"02:17";"3";"971";"97113";"1";"1";"1";"3";"PETIT HAVRE (SECTEUR)";"16,2160071";" -61,4223187"
"201900057589";"10";"5";"2019";"21:00";"5";"13";"13015";"2";"1";"1";"7";"A. Ferdinand de Lesseps";"43,4258720";"5,3948910"
"201900057590";"18";"3";"2019";"16:45";"1";"27";"27397";"2";"9";"1";"6";"54 Rue Aristide Briand";"49,0332300";"1,3677480"
"201900057591";"15";"2";"2019";"13:00";"1";"94";"94074";"2";"3";"1";"6";"VINCENT BUREAU (R)";"48,7451212";"2,4694485"
"201900057592";"21";"9";"2019";"18:10";"1";"2A";"2A004";"2";"1";"1";"2";"ALATA ROUTE";"41,9371000";"8,7359000"
"201900057593";"28";"3";"2019";"10:25";"1";"59";"59026";"2";"1";"8";"1";"rd 643";"50,2606480";"3,1593500"
"201900057594";"14";"2";"2019";"12:45";"1";"94";"94068";"2";"2";"1";"3";"CAFFIN (AV)";"48,7932600";"2,5025000"
"201900057595";"21";"9";"2019";"13:30";"1";"2A";"2A004";"2";"1";"1";"1";"ROUTE DU STILETTO";"41,9460018";"8,7685273"
"201900057596";"23";"5";"2019";"19:30";"1";"13";"13041";"2";"1";"1";"3";"Avenue Pierre Brossolette";"43,4567790";"5,4826190"
"201900057597";"17";"8";"2019";"08:50";"1";"31";"31454";"2";"1";"1";"3";"41 Avenue de Maroule";"43,4104480";"1,1119960"
"201900057598";"14";"10";"2019";"17:05";"1";"38";"38172";"1";"1";"1";"7";"Route d'Artas";"45,5543693";"5,1887376"
"201900057599";"14";"2";"2019";"09:50";"1";"94";"94068";"2";"1";"1";"4";"BAC - PONT DE CHENNEVIERES (AV DU)";"48,7908000";"2,5209100"
"201900057600";"27";"3";"2019";"17:50";"1";"33";"33122";"1";"1";"1";"4";"AUTOROUTE A 63";"44,7536200";" -0,6897800"
"201900057601";"18";"9";"2019";"18:40";"1";"2A";"2A004";"2";"4";"1";"3";"MEZZAVIA ROUTE DE";"41,9524900";"8,7820700"
"201900057602";"18";"8";"2019";"13:40";"1";"974";"97412";"2";"1";"1";"3";"Rue Marcel Pagnol";" -21,3711140";"55,6729690"
"201900057603";"5";"1";"2019";"17:20";"5";"94";"94076";"1";"1";"1";"2";"AUTOROUTE A6B";"48,7938356";"2,3445457"
"201900057604";"18";"8";"2019";"05:45";"2";"972";"97222";"2";"6";"1";"7";"RN1-Ron-point du macdo";"14,6743290";" -60,9471300"
"201900057605";"21";"9";"2019";"21:40";"2";"91";"91191";"2";"6";"1";"2";"PRESIDENT ALLENDE (AVENUE DU)";"48,7216200";"2,4693200"
"201900057606";"5";"1";"2019";"12:59";"1";"91";"91661";"1";"1";"1";"1";"RD 188 CHEVREUSE";"48,6968000";"2,2111000"
"201900057607";"20";"9";"2019";"16:46";"1";"91";"91161";"2";"9";"1";"6";"MAZARIN (AVENUE)";"48,7058350";"2,3139090"
"201900057608";"13";"8";"2019";"23:50";"3";"83";"83086";"1";"1";"1";"1";"D25";"43,4022200";"6,5797970"
"201900057609";"27";"3";"2019";"14:15";"1";"33";"33122";"1";"1";"1";"2";"AUTOROUTE A 63";"44,7442300";" -0,7046100"
"201900057610";"12";"2";"2019";"19:20";"5";"94";"94068";"2";"1";"1";"2";"JEAN JAURES (AV)";"48,7881400";"2,4821800"
"201900057611";"18";"8";"2019";"11:10";"1";"11";"11212";"1";"1";"1";"3";"Landure";"43,3177720";"2,8411100"
"201900057612";"5";"1";"2019";"09:10";"1";"91";"91661";"1";"1";"8";"2";"AUTOROUTE A10";"48,6949100";"2,2327600"
"201900057613";"6";"8";"2019";"11:15";"1";"14";"14027";"1";"1";"1";"6";"Le Hamel Bisson";"48,9634070";" -0,6354060"
"201900057614";"18";"8";"2019";"06:00";"2";"41";"41234";"1";"1";"1";"5";"Autoroute A10, PK 170+000, sens PROVINCE-PARIS";"47,5856930";"1,0778000"
"201900057615";"27";"3";"2019";"08:15";"1";"33";"33397";"1";"1";"1";"3";"AUTOROUTE A 10";"44,9200600";" -0,4758400"
"201900057616";"26";"10";"2019";"16:07";"1";"3";"03254";"1";"1";"1";"1";"D2009";"46,3277885";"3,2849935"
"201900057617";"17";"8";"2019";"15:55";"1";"84";"84056";"2";"1";"1";"1";"D950A";"44,1168350";"4,8830600"
"201900057618";"26";"10";"2019";"17:45";"2";"58";"58095";"2";"1";"1";"7";"10 Rue des Pêcheurs";"46,8297260";"3,4627920"
"201900057619";"16";"2";"2019";"16:20";"1";"94";"94021";"2";"1";"1";"7";"8 Mai 1945 (Rue)";"48,7646600";"2,3572300"
"201900057620";"1";"5";"2019";"05:06";"3";"26";"26271";"1";"1";"1";"2";"A7";"45,0372620";"4,8771230"
"201900057621";"21";"9";"2019";"18:36";"1";"91";"91433";"1";"6";"1";"6";"R.N. 20";"48,4587700";"2,1775400"
"201900057622";"18";"8";"2019";"20:30";"1";"47";"47013";"1";"1";"1";"3";"Lasberteuilles";"44,3797950";"0,0985760"
"201900057623";"26";"3";"2019";"13:30";"1";"59";"59646";"1";"1";"1";"3";"ROUTE DEPARTEMENTALE 656";"50,6737700";"3,1183600"
"201900057624";"26";"10";"2019";"15:30";"1";"72";"72223";"1";"1";"1";"3";" -RD 35  PK 19+400";"47,8817780";" -0,1193160"
"201900057625";"26";"10";"2019";"14:55";"1";"72";"72090";"2";"1";"1";"7";"48 Rue Ledru Rollin";"48,0547800";"0,4957590"
"201900057626";"5";"1";"2019";"07:15";"3";"94";"94038";"1";"1";"1";"2";"AUTOROUTE A6A";"48,7770100";"2,3462600"
"201900057627";"21";"9";"2019";"05:40";"5";"91";"91114";"2";"9";"1";"3";"MARRONNIERS (AVENUE DES)";"48,6828800";"2,4970600"
"201900057628";"19";"8";"2019";"00:55";"3";"83";"83131";"1";"1";"1";"3";"Route Départementale 554";"43,2151820";"6,0259270"
"201900057629";"27";"3";"2019";"17:45";"1";"91";"91235";"2";"1";"1";"7";"RN 104";"48,6270200";"2,3539600"
"201900057630";"21";"9";"2019";"11:23";"1";"88";"88160";"2";"7";"1";"6";"AUBERT (RUE)";"48,1741300";"6,4472900"
"201900057631";"4";"1";"2019";"08:15";"1";"91";"91339";"1";"1";"1";"3";"RN 104";"48,6261310";"2,2610850"
"201900057632";"26";"10";"2019";"02:40";"5";"60";"60403";"2";"1";"1";"6";"D133";"49,5041040";"1,9916100"
"201900057633";"16";"8";"2019";"18:30";"1";"67";"67434";"1";"1";"1";"2";"D1061";"48,9403350";"7,0875070"
"201900057634";"27";"3";"2019";"02:55";"3";"91";"91339";"1";"1";"1";"6";"RN 104";"48,6240330";"2,2662000"
"201900057635";"20";"9";"2019";"16:22";"1";"83";"83069";"2";"1";"1";"3";"JUIN ( BOULEVARD DU MARECHAL )";"43,1162400";"6,1133400"
"201900057636";"18";"8";"2019";"08:52";"1";"79";"79249";"1";"1";"2";"6";"440 route de Niort";"46,3663610";" -0,4072240"
"201900057637";"18";"8";"2019";"19:40";"1";"82";"82125";"2";"1";"1";"6";"D42";"43,9496000";"1,2235920"
"201900057638";"1";"3";"2019";"23:50";"3";"91";"91661";"1";"1";"1";"4";"AUTOROUTE A10";"48,7081750";"2,2509810"
"201900057639";"26";"3";"2019";"19:00";"5";"92";"92050";"1";"1";"1";"6";"A14";"48,8953100";"2,1939469"
"201900057640";"25";"3";"2019";"20:20";"3";"78";"78423";"1";"1";"1";"7";"RN12";"48,7944160";"2,0499490"
"201900057641";"26";"3";"2019";"20:05";"3";"95";"95365";"1";"1";"1";"3";"RN 104";"49,0661600";"2,4053300"
"201900057642";"26";"3";"2019";"17:30";"1";"93";"93053";"1";"1";"1";"3";"AUTOROUTE A3";"48,8838600";"2,4599600"
"201900057643";"14";"2";"2019";"08:15";"1";"94";"94038";"2";"1";"1";"6";"LEON BLUM (R)";"48,7677100";"2,3238400"
"201900057644";"25";"10";"2019";"14:40";"1";"43";"43174";"1";"6";"1";"3";"D906";"44,9722630";"3,8426410"
"201900057645";"12";"4";"2019";"12:45";"1";"26";"26252";"1";"1";"1";"7";"A7 - Air de portes -les-valence - Sens Sud/Nord.";"44,8660352";"4,8667207"
"201900057646";"18";"8";"2019";"06:10";"2";"82";"82188";"1";"1";"1";"6";"Route de la Gayre";"43,9306330";"1,4673690"
"201900057647";"3";"1";"2019";"20:44";"3";"91";"91377";"1";"1";"1";"6";"RN20";"48,7227500";"2,2966600"
"201900057648";"26";"3";"2019";"00:20";"3";"93";"93007";"1";"1";"1";"6";"AUTOROUTE A1";"48,9520600";"2,4522300"
"201900057649";"2";"1";"2019";"23:40";"3";"91";"91645";"1";"1";"1";"6";"RN 385 Extèrieure";"48,7598900";"2,2646300"
"201900057650";"20";"9";"2019";"12:10";"1";"77";"77186";"2";"1";"9";"6";"RUE DU BON SECOURS";"48,4055400";"2,7000700"
"201900057651";"27";"3";"2019";"17:00";"1";"94";"94033";"1";"1";"1";"3";"A86.INT";"48,8504000";"2,4907000"
"201900057652";"14";"2";"2019";"21:00";"5";"94";"94033";"2";"1";"1";"3";"CLOS D ORLEANS (R DU)";"48,8436000";"2,4665400"
"201900057653";"2";"1";"2019";"17:25";"3";"91";"91136";"1";"1";"1";"4";"AUTOROUTE A10";"48,7141700";"2,2747900"
"201900057654";"20";"9";"2019";"18:35";"1";"76";"76474";"2";"5";"1";"3";"CD 43 (AVENUE DU BOIS DES DAMES)";"49,4805600";"1,0512900"
"201900057655";"20";"9";"2019";"18:30";"1";"76";"76540";"2";"1";"1";"6";"SAINT JULIEN. RUE";"49,4279700";"1,0802900"
"201900057656";"17";"2";"2019";"19:05";"5";"94";"94028";"2";"1";"1";"6";"BROSSOLETTE(AVENUE PIERRE)";"48,7898000";"2,4647600"
"201900057657";"14";"2";"2019";"18:38";"5";"94";"94022";"2";"1";"1";"6";"LUGO (AV DE)";"48,7705700";"2,4089200"
"201900057658";"26";"3";"2019";"00:40";"5";"34";"34172";"2";"2";"1";"3";"COMTE DE MELGUEIL (RUE DU)";"43,6040900";"3,8899300"
"201900057659";"21";"9";"2019";"04:15";"5";"69";"69266";"2";"1";"1";"6";"MARCEL CERDAN     (Avenue)";"45,7674100";"4,9050000"
"201900057660";"13";"2";"2019";"19:25";"5";"94";"94022";"2";"9";"1";"3";"STALINGRAD (BD DE)";"48,7728100";"2,3996700"
"201900057661";"17";"2";"2019";"19:45";"5";"93";"93078";"2";"1";"1";"2";"CLEMENCEAU (AVENUE GEORGES)";"48,9536200";"2,5625200"
"201900057662";"17";"8";"2019";"17:30";"1";"81";"81206";"1";"1";"1";"3";"Les Pessassous";"44,0973965";"1,7272304"
"201900057663";"25";"3";"2019";"12:58";"1";"13";"13047";"2";"1";"1";"6";"RADOLFZELL AVENUE DE";"43,5002500";"4,9924400"
"201900057664";"2";"1";"2019";"13:15";"1";"91";"91345";"1";"1";"1";"4";"AUTOROUTE A6";"48,6900180";"2,3233420"
"201900057665";"25";"10";"2019";"12:30";"1";"43";"43257";"1";"2";"1";"6";"D906";"45,0414830";"3,7547270"
"201900057666";"1";"9";"2019";"21:15";"3";"4";"04088";"1";"1";"1";"6";"RD 216";"43,9429420";"5,7948090"
"201900057667";"26";"10";"2019";"07:30";"5";"28";"28168";"2";"1";"1";"6";"Faubourg de la Bretonniere";"48,5275500";"1,6940280"
"201900057668";"26";"10";"2019";"19:30";"5";"48";"48092";"2";"1";"1";"6";"4 Chemin du Stade";"44,5556660";"3,2945000"
"201900057669";"26";"10";"2019";"11:40";"1";"47";"47043";"1";"1";"1";"7";"A62";"44,2503370";"0,3006760"
"201900057670";"17";"9";"2019";"16:00";"1";"62";"62643";"2";"1";"1";"2";"HUIT MAI ( Bld du )";"50,7042700";"1,5964300"
"201900057671";"26";"2";"2019";"08:10";"1";"13";"13001";"2";"1";"7";"6";"DALMAS JEAN (RUE)";"43,5302500";"5,4353000"
"201900057672";"4";"9";"2019";"19:30";"1";"61";"61143";"2";"1";"1";"7";"LA RIMBLIERE (RUE DE)";"48,4511600";"0,0692900"
"201900057673";"26";"10";"2019";"00:40";"3";"33";"33284";"1";"9";"1";"6";"A63 / fin bretelle A660 en direction de Bordeaux";"44,6459100";" -0,8382400"
"201900057674";"24";"10";"2019";"21:00";"3";"971";"97103";"2";"1";"1";"2";"N2";"16,2560420";" -61,6013330"
"201900057675";"20";"4";"2019";"19:15";"4";"987";"98758";"1";"1";"1";"1";"PK 1.500 TEPUA";" -16,7429830";" -151,4577900"
"201900057676";"18";"8";"2019";"14:00";"1";"11";"11367";"1";"4";"1";"3";"D 629";"43,3603370";"2,1677450"
"201900057677";"15";"2";"2019";"20:00";"5";"93";"93073";"2";"1";"1";"6";"CHAPIT RE ( RUE DU)";"49,0010000";"2,5364500"
"201900057678";"17";"8";"2019";"20:10";"3";"89";"89134";"1";"1";"1";"7";"Départementale 60";"47,4538670";"4,0370570"
"201900057679";"15";"2";"2019";"09:58";"1";"93";"93078";"2";"6";"1";"2";"CLEMENCEAU (AVENUE GEORGES)";"48,9607900";"2,5562800"
"201900057680";"9";"5";"2019";"15:05";"1";"38";"38344";"1";"1";"1";"3";"A7";"45,3705500";"4,8080900"
"201900057681";"22";"5";"2019";"18:30";"5";"987";"98733";"2";"1";"8";"3";"RT1";" -17,6899310";" -149,5483490"
"201900057682";"18";"8";"2019";"20:30";"1";"42";"42173";"1";"3";"3";"3";"lieu dit chardon";"45,8416120";"4,0535360"
"201900057683";"14";"2";"2019";"10:40";"1";"93";"93073";"2";"1";"1";"2";"RESISTANCE (RUE DE LA)";"48,9497200";"2,5651100"
"201900057684";"1";"1";"2019";"13:10";"1";"91";"91521";"1";"1";"1";"7";"RN 449";"48,6352600";"2,4020200"
"201900057685";"15";"2";"2019";"14:40";"1";"92";"92050";"2";"1";"1";"6";"VAILLANT COUTURIER PAUL RUE";"48,8814792";"2,2054098"
"201900057686";"13";"2";"2019";"13:00";"1";"93";"93031";"2";"2";"1";"3";"REPUBLIQUE (AVENUE)";"48,9469700";"2,3429600"
"201900057687";"25";"3";"2019";"17:05";"1";"83";"83137";"1";"1";"1";"1";"N/A";"43,1213200";"5,9533100"
"201900057688";"21";"9";"2019";"10:00";"1";"59";"59090";"2";"1";"1";"3";"WAMBRECHIES (AVENUE)";"50,7068300";"3,0925800"