"Num_Acc";"jour";"mois";"an";"hrmn";"lum";"dep";"com";"agg";"int";"atm";"col";"adr";"lat";"long"
"201900057689";"16";"2";"2019";"08:30";"1";"93";"93051";"2";"1";"1";"6";"PAVE NEUF (AVENUE)";"48,8402300";"2,5595500"
"201900057690";"17";"8";"2019";"10:40";"1";"42";"42039";"1";"1";"1";"7";"Route du Col du Beal (Chalmazel)";"45,6913570";"3,8319420"
"201900057691";"4";"5";"2019";"12:05";"1";"70";"70310";"2";"1";"1";"6";"Rue des Platanes, ZONE D'ACTIVITES DES CLOYES";"47,6840590";"6,5171730"
"201900057692";"26";"10";"2019";"16:00";"1";"988";"98814";"1";"1";"1";"7";"R.M.14";" -21,0653900";"167,2946100"
"201900057693";"5";"1";"2019";"00:25";"5";"78";"78206";"1";"1";"1";"5";"A13";"48,9674000";"1,9203000"
"201900057694";"4";"1";"2019";"14:00";"1";"78";"78322";"1";"1";"1";"2";"RN12";"48,7812230";"2,1689930"
"201900057695";"16";"2";"2019";"05:10";"5";"93";"93048";"2";"3";"1";"2";"PARIS (RUE DE)";"48,8547590";"2,4174870"
"201900057696";"25";"3";"2019";"09:05";"1";"83";"83062";"1";"1";"1";"1";"A570";"43,1434906";"6,0332353"
"201900057697";"21";"9";"2019";"23:09";"5";"59";"59350";"2";"1";"1";"2";"DELESPAUL, Barthélémy, rue";"50,6242300";"3,0562600"
"201900057698";"26";"3";"2019";"19:35";"5";"988";"98818";"2";"1";"1";"7";"FERRY (RUE JULES)";" -22,2689200";"166,4377100"
"201900057699";"18";"8";"2019";"21:00";"2";"68";"68139";"1";"1";"1";"6";"D25";"47,5957940";"7,2339570"
"201900057700";"26";"10";"2019";"13:00";"1";"971";"97110";"1";"1";"1";"1";"Le Desert";"16,3055160";" -61,0593750"
"201900057701";"14";"2";"2019";"18:00";"2";"93";"93048";"2";"1";"1";"6";"PIERRE BROSSOLETTE (AVENUE)";"48,8637100";"2,4816700"
"201900057702";"3";"1";"2019";"18:15";"5";"92";"92064";"1";"1";"1";"4";"A13";"48,8377034";"2,1897453"
"201900057703";"21";"9";"2019";"03:22";"5";"59";"59350";"2";"1";"1";"3";"LAMBRET OSCAR AVENUE";"50,6087800";"3,0400500"
"201900057704";"26";"3";"2019";"15:35";"1";"988";"98818";"2";"3";"1";"7";"RUE JACQUES IEKAWE/VE1 ";" -22,2240500";"166,4810800"
"201900057705";"24";"5";"2019";"13:45";"1";"59";"59560";"2";"1";"1";"3";"HENTGES JOSEPH BOULEVARD";"50,5512800";"3,0305800"
"201900057706";"17";"2";"2019";"16:05";"1";"93";"93046";"2";"7";"1";"1";"LIBERATION PLACE DE LA";"48,9221600";"2,5431400"
"201900057707";"31";"7";"2019";"03:40";"5";"59";"59350";"2";"1";"1";"6";"NATIONALE RUE N°RESTE IMPAIRS";"50,6200000";"3,0450000"
"201900057708";"5";"3";"2019";"20:15";"5";"974";"97411";"2";"6";"1";"1";"Boulevard du Mahatma Gandhy";" -20,9099000";"55,4820500"
"201900057709";"13";"2";"2019";"19:30";"2";"93";"93045";"2";"2";"1";"6";"ROMAINVILLE RUE DE";"48,8767540";"2,4144270"
"201900057710";"14";"2";"2019";"15:10";"1";"93";"93031";"2";"3";"1";"2";"ALLENDE (AVENUE SALVADOR)";"48,9572550";"2,3099110"
"201900057711";"21";"9";"2019";"17:30";"1";"54";"54025";"2";"1";"1";"1";"RD2";"48,6715650";"6,2275260"
"201900057712";"17";"2";"2019";"14:30";"1";"93";"93057";"2";"2";"1";"1";"MONTYON (AL.) 1 A 74";"48,9129040";"2,5067150"
"201900057713";"21";"9";"2019";"05:07";"5";"54";"54395";"2";"1";"1";"7";"FRANCE (AVENUE ANATOLE)";"48,6867470";"6,1614270"
"201900057714";"1";"1";"2019";"04:00";"5";"78";"78029";"1";"1";"1";"3";"A13Y";"48,9658900";"1,8504300"
"201900057715";"14";"2";"2019";"16:10";"1";"93";"93057";"2";"1";"1";"2";"PASTEUR (BD) 141 A FIN";"48,9057580";"2,5147260"
"201900057716";"14";"2";"2019";"08:40";"1";"93";"93010";"2";"1";"1";"6";"LEDER (RUE DAVID)";"48,8923000";"2,4774700"
"201900057717";"21";"9";"2019";"17:30";"1";"51";"51454";"2";"1";"1";"2";"ROUTE DE WITRY";"49,2666930";"4,0644351"
"201900057718";"13";"2";"2019";"16:20";"1";"93";"93007";"2";"1";"1";"6";"JULIEN GRIMAU (RUE)";"48,9400600";"2,4577900"
"201900057719";"4";"1";"2019";"20:20";"3";"95";"95572";"1";"1";"1";"4";"RN 184";"49,0486600";"2,1353800"
"201900057720";"21";"9";"2019";"18:25";"1";"45";"45234";"2";"3";"1";"3";"RUE DE COURSIMAULT - R E MOUNIER";"47,8886780";"1,9090750"
"201900057721";"13";"2";"2019";"15:00";"1";"93";"93007";"2";"1";"1";"6";"""HENRI BARBUSSE (AVENUE """"DU 01 AU 80"""")";"48,9404100";"2,4628100"
"201900057722";"4";"1";"2019";"17:10";"1";"95";"95582";"1";"1";"1";"6";"AUTOROUTE A115";"48,9740800";"2,2456900"
"201900057723";"21";"9";"2019";"11:10";"1";"44";"44109";"2";"1";"1";"3";"ROUTE DE PARIS";"47,2511700";" -1,5183400"
"201900057724";"26";"3";"2019";"16:43";"1";"69";"69387";"2";"2";"1";"3";"ANVERS (D')             ";"45,7488200";"4,8415200"
"201900057725";"16";"2";"2019";"03:10";"5";"93";"93005";"2";"1";"1";"6";"MARC CHAGALL (BOULEVARD)";"48,9531200";"2,5023400"
"201900057726";"3";"9";"2019";"08:28";"1";"42";"42305";"2";"1";"1";"2";"MIRABEAU";"45,4805700";"4,4264300"
"201900057727";"25";"10";"2019";"18:50";"2";"78";"78062";"2";"1";"8";"6";"Rue de l'Estandart";"48,8518680";"1,8793910"
"201900057728";"4";"5";"2019";"14:25";"1";"39";"39097";"2";"3";"8";"3";"39 rue Clémenceau";"46,7455330";"5,9191490"
"201900057729";"17";"8";"2019";"18:16";"1";"39";"39220";"1";"1";"1";"6";"N/A";"47,0838560";"5,5372480"
"201900057730";"4";"1";"2019";"10:50";"1";"95";"95256";"1";"1";"1";"6";"RN 184";"49,0543600";"2,2000800"
"201900057731";"4";"1";"2019";"10:00";"1";"95";"95555";"1";"1";"1";"6";"RD 170";"48,9737700";"2,2772300"
"201900057732";"21";"5";"2019";"19:25";"1";"89";"89085";"2";"1";"1";"2";"route de Lyon";"47,9407053";"3,4931213"
"201900057733";"18";"8";"2019";"22:00";"3";"44";"44038";"1";"1";"1";"1";"D136 - la villacière";"47,1585630";" -2,0209850"
"201900057734";"1";"1";"2019";"02:00";"5";"93";"93066";"1";"1";"2";"5";"AUTOROUTE A1";"48,9265000";"2,3569200"
"201900057735";"26";"3";"2019";"16:05";"1";"69";"69387";"2";"2";"6";"6";"UNIVERSITE (DE L')                  (R )";"45,7518900";"4,8369800"
"201900057736";"15";"2";"2019";"21:52";"5";"92";"92078";"2";"9";"1";"6";"GALLIENI (BD) (1 A 79 ET 22 A 102)";"48,9263720";"2,3282830"
"201900057737";"2";"9";"2019";"17:46";"1";"42";"42218";"2";"1";"1";"2";"VIVALDI ANTONIO (BOULEVARD)";"45,4709500";"4,4001100"
"201900057738";"18";"8";"2019";"03:15";"4";"44";"44136";"2";"1";"2";"6";"grande rue";"47,1279850";" -2,2157480"
"201900057739";"3";"5";"2019";"06:50";"2";"89";"89218";"1";"1";"5";"3";"Le Bas de la Perrière";"47,9674890";"3,4489260"
"201900057740";"5";"1";"2019";"11:45";"1";"77";"77122";"1";"1";"1";"2";"RN104";"48,6462400";"2,5568500"
"201900057741";"26";"10";"2019";"16:15";"1";"30";"30156";"1";"1";"1";"1";"D6086";"43,8711950";"4,4583150"
"201900057742";"19";"9";"2019";"11:14";"1";"37";"37214";"2";"1";"1";"7";"PORTILLON (QUAI)";"47,4002200";"0,6779000"
"201900057743";"15";"2";"2019";"09:10";"1";"92";"92044";"2";"5";"1";"6";"VIC. HUGO(RUE)115A149 ET 148A178";"48,8984962";"2,2941829"
"201900057744";"25";"10";"2019";"14:30";"1";"34";"34162";"2";"3";"1";"3";"Rue du Prêche";"43,4789882";"3,4836704"
"201900057745";"19";"9";"2019";"08:34";"1";"37";"37233";"2";"2";"1";"3";"LOIRE (LEVEE DE LA)";"47,3967300";"0,7264500"
"201900057746";"21";"9";"2019";"12:50";"1";"37";"37122";"2";"1";"1";"3";"CHINON (BOULEVARD DE)";"47,3520136";"0,6867943"
"201900057747";"26";"10";"2019";"19:30";"3";"83";"83023";"1";"1";"1";"1";"Route Departementale 43";"43,3702050";"6,0899600"
"201900057748";"18";"8";"2019";"18:30";"1";"29";"29049";"1";"1";"1";"7";"PEN PRAT";"48,0416801";" -3,9159285"
"201900057749";"26";"3";"2019";"12:45";"1";"972";"97209";"2";"2";"1";"6";"FRANCOIS ARAGO (RUE)";"14,6058000";" -61,0725000"
"201900057750";"30";"5";"2019";"21:30";"2";"89";"89206";"1";"1";"1";"2";"D955";"47,9654360";"3,3844840"
"201900057751";"26";"10";"2019";"01:30";"5";"83";"83055";"2";"1";"1";"6";"Rue Comtesse de Villeneuve";"43,6235790";"6,6922520"
"201900057752";"17";"2";"2019";"14:10";"1";"92";"92040";"2";"1";"1";"3";"GALLIENI (BOULEVARD)";"48,8315000";"2,2672100"
"201900057753";"18";"8";"2019";"12:45";"1";"29";"29274";"1";"1";"1";"6";"Brenelio";"48,0042000";" -3,6661810"
"201900057754";"26";"3";"2019";"16:45";"1";"69";"69389";"2";"3";"1";"3";"MONTRIBLOUD (DE)                    (R )";"45,7665700";"4,7892500"
"201900057755";"25";"10";"2019";"23:45";"3";"83";"83138";"1";"1";"1";"6";"N/A";"43,6100520";"6,7208600"
"201900057756";"19";"8";"2019";"12:35";"1";"2";"02422";"1";"1";"1";"7";"Lieu dit ""les fiolles""";"49,9175990";"3,6086100"
"201900057757";"26";"3";"2019";"17:15";"1";"69";"69149";"2";"1";"1";"6";"JACQUARD                            (R )";"45,7099700";"4,8138700"
"201900057758";"26";"10";"2019";"11:30";"1";"89";"89037";"1";"6";"1";"3";"D943";"47,9727021";"3,3543240"
"201900057759";"17";"8";"2019";"03:20";"5";"2";"02057";"2";"7";"2";"6";"Place Jeanne d'Arc";"49,9955260";"3,3079330"
"201900057760";"19";"8";"2019";"01:00";"5";"2";"02187";"2";"1";"1";"7";"54 Rue Maurice Clausse";"49,0353970";"3,4351520"
"201900057761";"26";"10";"2019";"00:10";"5";"71";"71342";"2";"2";"1";"3";"14 Rue de Bourgogne";"46,4593700";"4,1082370"
"201900057762";"26";"10";"2019";"18:20";"2";"52";"52449";"1";"1";"1";"3";"D974";"47,8276180";"5,3275670"
"201900057763";"25";"5";"2019";"14:30";"1";"89";"89466";"1";"1";"1";"6";"AUTOROUTE A 19 PK 12.860";"48,1891189";"3,1857182"
"201900057764";"15";"8";"2019";"16:01";"1";"1";"01239";"1";"3";"1";"3";"Route départementale 37";"45,7655970";"5,7612620"
"201900057765";"6";"5";"2019";"16:30";"1";"71";"71342";"2";"1";"1";"6";"82 Rue Louis Desrichard";"46,4569960";"4,1119100"
"201900057766";"18";"8";"2019";"08:35";"1";"1";"01305";"2";"1";"1";"6";"Rue Maréchal de Lattre de Tassigny";"46,4310180";"4,9376580"
"201900057767";"24";"10";"2019";"15:40";"1";"9";"09282";"2";"1";"1";"5";"Grande Rue";"43,2349770";"1,5755390"
"201900057768";"13";"8";"2019";"20:40";"2";"54";"54129";"2";"1";"1";"6";"Rue de la Verrerie";"48,5805320";"6,9495660"
"201900057769";"19";"8";"2019";"17:30";"1";"72";"72133";"1";"1";"1";"7";"la petite pelouse";"47,8979600";"0,1234160"
"201900057770";"18";"9";"2019";"20:30";"5";"34";"34172";"2";"6";"3";"3";"ZENITH (ROND POINT DU)";"43,6084000";"3,9294000"
"201900057771";"25";"10";"2019";"12:40";"1";"9";"09282";"1";"1";"1";"3";"Allée de Madron";"43,2469810";"1,5718680"
"201900057772";"3";"1";"2019";"11:40";"1";"94";"94074";"1";"1";"1";"4";"RN406.Y";"48,7571404";"2,4728290"
"201900057773";"3";"1";"2019";"09:00";"1";"94";"94017";"1";"1";"1";"2";"A4";"48,8265870";"2,5181730"
"201900057774";"25";"3";"2019";"18:42";"1";"91";"91692";"2";"3";"1";"1";"TROPIQUES (AVENUE DES)";"48,6846300";"2,1940600"
"201900057775";"25";"10";"2019";"16:05";"1";"17";"17307";"1";"2";"1";"3";"Route du Silo";"45,6997110";" -0,9205230"
"201900057776";"27";"5";"2019";"19:40";"1";"71";"71176";"2";"1";"1";"6";"36 avenue des platanes";"46,4813900";"3,9802650"
"201900057777";"18";"8";"2019";"10:15";"1";"5";"05017";"1";"1";"1";"6";"RN94";"44,5622263";"6,2048239"
"201900057778";"20";"9";"2019";"23:40";"5";"34";"34172";"2";"2";"1";"6";"LIBERTE (AVENUE DE LA";"43,6088801";"3,8529169"
"201900057779";"1";"1";"2019";"17:25";"3";"77";"77122";"1";"1";"8";"6";"RN104";"48,6464200";"2,5948540"
"201900057780";"21";"9";"2019";"12:35";"1";"30";"30189";"1";"1";"2";"1";"GENERAC (ROUTE)";"43,8001000";"4,3535000"
"201900057781";"21";"9";"2019";"11:55";"1";"17";"17306";"2";"1";"1";"2";"BOUCHET LOUIS (AVENUE)";"45,6243100";" -1,0028300"
"201900057782";"12";"2";"2019";"13:40";"1";"92";"92024";"2";"4";"1";"6";"VICTOR HUGO (BD)";"48,8974677";"2,3104824"
"201900057783";"20";"9";"2019";"19:30";"2";"72";"72343";"1";"1";"1";"1";"Le Chatelais";"47,8117220";" -0,4125520"
"201900057784";"26";"3";"2019";"17:30";"1";"91";"91691";"1";"1";"1";"3";"CD 94";"48,7329100";"2,4976000"
"201900057785";"9";"5";"2019";"12:17";"1";"71";"71176";"2";"1";"8";"6";"Route de Roanne";"46,4745710";"3,9931540"
"201900057786";"21";"9";"2019";"16:32";"1";"14";"14333";"2";"1";"1";"3";"REVEL (RUE JEAN)";"49,4173200";"0,2403600"
"201900057787";"19";"8";"2019";"16:50";"1";"73";"73019";"1";"1";"1";"6";"D1006";"45,4797873";"6,2916287"
"201900057788";"21";"9";"2019";"20:40";"5";"13";"13213";"2";"1";"2";"1";"BARRY (BOULEVARD)";"43,3180740";"5,4098510"
"201900057789";"8";"2";"2019";"20:45";"5";"92";"92024";"2";"2";"1";"3";"CLICHY (QUAI DE) DE (8 A 60)";"48,9082646";"2,2998578"
"201900057790";"17";"8";"2019";"21:45";"3";"10";"10055";"1";"1";"1";"6";"Route Départementale 671";"48,1284240";"4,3457690"
"201900057791";"21";"9";"2019";"21:15";"5";"13";"13203";"2";"1";"2";"1";"JOBIN (RUE)";"43,3112783";"5,3884544"
"201900057792";"21";"9";"2019";"14:20";"1";"13";"13212";"2";"1";"3";"7";"CAILLOLS (AVENUE DES)";"43,3037400";"5,4287100"
"201900057793";"10";"5";"2019";"10:38";"1";"71";"71106";"2";"1";"1";"6";"Place de l'Église";"46,4340660";"4,2747330"
"201900057794";"17";"8";"2019";"20:30";"2";"21";"21131";"1";"1";"1";"1";"D976";"47,0248580";"5,1692310"
"201900057795";"16";"8";"2019";"18:45";"1";"24";"24074";"1";"1";"1";"1";"Le gard";"44,8588480";"1,3472020"
"201900057796";"16";"8";"2019";"12:00";"1";"24";"24564";"1";"9";"1";"1";"Le Pauly";"45,2407810";"0,2834850"
"201900057797";"16";"2";"2019";"10:00";"1";"92";"92012";"2";"2";"1";"3";"CHARLES DE GAULLE (AVENUE) - COTE PAIR";"48,8483565";"2,2372560"
"201900057798";"26";"10";"2019";"12:30";"1";"50";"50404";"2";"1";"1";"3";"D253";"49,0304620";" -0,9058380"
"201900057799";"30";"4";"2019";"19:20";"1";"71";"71219";"2";"3";"1";"1";"RD 18";"46,6632900";"4,9447830"
"201900057800";"26";"3";"2019";"11:00";"1";"91";"91201";"2";"1";"1";"2";"HENRI BARBUSSE(BOULEVARD)";"48,6678260";"2,4162540"
"201900057801";"21";"5";"2019";"10:01";"1";"71";"71251";"1";"1";"1";"1";"LIEU DIT LES QUATRES VENTS, RD 681 PK 009+575";"46,9041930";"4,1629700"
"201900057802";"21";"9";"2019";"03:10";"4";"13";"13213";"2";"1";"1";"1";"JEAN PAUL SARTRE (AVENUE)";"43,3268200";"5,4255300"
"201900057803";"15";"2";"2019";"14:05";"1";"92";"92012";"2";"4";"1";"6";"JEAN BAPTISTE CLEMENT (AVENUE) 49/FIN -";"48,8424853";"2,2307986"
"201900057804";"20";"9";"2019";"22:15";"5";"75";"75119";"2";"1";"1";"2";"BD PERIPHERIQUE INTERIEUR";"48,8841290";"2,3988700"
"201900057805";"14";"2";"2019";"15:45";"1";"92";"92012";"2";"1";"7";"3";"EDOUARD VAILLANT (AVENUE) DEBUT/56 - COT";"48,8356134";"2,2497004"
"201900057806";"14";"2";"2019";"15:58";"1";"92";"92007";"2";"3";"7";"6";"RAVERA (AVENUE HENRI) N° 1 A 109 ET 2 A";"48,8059900";"2,3137200"
"201900057807";"17";"8";"2019";"19:05";"1";"85";"85020";"2";"6";"2";"6";"Route de Fontenay le Comte";"46,3772300";" -0,5965100"
"201900057808";"19";"8";"2019";"18:20";"1";"27";"27085";"1";"1";"1";"6";"rue du site gallo-romain";"49,3288860";"0,7449320"
"201900057809";"15";"5";"2019";"18:30";"1";"71";"71360";"1";"2";"1";"3";"D89";"46,3283220";"4,7421570"
"201900057810";"23";"3";"2019";"12:45";"1";"91";"91027";"2";"3";"1";"2";"EDOUARD VAILLANT (RUE)";"48,7078230";"2,3973390"
"201900057811";"18";"8";"2019";"10:45";"1";"37";"37281";"1";"1";"2";"1";"La Frillière";"47,3959100";"0,8272870"
"201900057812";"9";"5";"2019";"12:50";"1";"71";"71169";"2";"1";"2";"3";"lieu-dit la patte d'oie, D172";"46,2973290";"4,7654160"
"201900057813";"14";"2";"2019";"16:20";"1";"29";"29277";"1";"4";"1";"3";"KERFEOS";"48,4000960";" -4,0208770"
"201900057814";"31";"3";"2019";"19:00";"1";"21";"21407";"2";"3";"1";"3";"Rue des Vignes";"47,1621800";"4,8718450"
"201900057815";"17";"2";"2019";"14:50";"1";"50";"50027";"1";"1";"1";"3";"La Tréhannière";"48,6852340";" -1,4272610"
"201900057816";"27";"5";"2019";"23:05";"3";"21";"21370";"1";"1";"1";"3";"Cd 905";"47,2526440";"5,1798090"
"201900057817";"16";"2";"2019";"15:15";"1";"49";"49123";"1";"1";"1";"7";"CD 205";"47,2212100";" -0,1202420"
"201900057818";"16";"2";"2019";"20:15";"3";"83";"83003";"1";"1";"1";"6";"N/A";"43,6060180";"6,3701710"
"201900057819";"1";"4";"2019";"17:50";"1";"21";"21699";"1";"3";"1";"7";"D976";"47,2021100";"5,3459560"
"201900057820";"15";"2";"2019";"16:30";"1";"38";"38425";"2";"3";"1";"3";"rue Francois Truffaut / rue Romain Rolland";"45,3805800";"4,7849300"
"201900057821";"18";"5";"2019";"11:20";"1";"52";"52105";"2";"1";"1";"7";"50 rue du lac";"47,9137370";"5,3791300"
"201900057822";"27";"5";"2019";"18:30";"1";"52";"52401";"1";"1";"2";"6";"route départementale 107";"48,0385730";"5,2648680"
"201900057823";"15";"2";"2019";"16:00";"1";"86";"86128";"2";"3";"1";"3";"Intersection de la rue de la lande et de la rue boussageau";"46,8049555";"0,3141958"
"201900057824";"1";"5";"2019";"06:50";"2";"10";"10004";"1";"1";"5";"7";"route départementale 677";"48,5795960";"4,1520980"
"201900057825";"18";"2";"2019";"12:00";"1";"95";"95229";"2";"1";"1";"6";"3 Rue de la Mairie";"49,0308090";"2,3616090"
"201900057826";"23";"5";"2019";"20:40";"2";"8";"08081";"2";"1";"1";"3";"R JOURDES";"49,8592170";"4,7483370"
"201900057827";"18";"1";"2019";"07:22";"2";"85";"85303";"1";"1";"1";"1";"D938TER";"46,3854300";" -0,8744300"
"201900057828";"20";"9";"2019";"17:35";"1";"75";"75112";"2";"4";"1";"2";"ECHANGEUR BERCY";"48,8276490";"2,3939519"
"201900057829";"16";"10";"2019";"16:12";"1";"60";"60450";"2";"9";"3";"4";"Hameau du Bois des Cauches";"49,2484840";"2,2745780"
"201900057830";"1";"5";"2019";"15:30";"1";"68";"68247";"1";"1";"1";"7";"CD 27";"47,9478230";"6,9956150"
"201900057831";"20";"9";"2019";"22:28";"5";"75";"75119";"2";"1";"1";"1";"BOULEVARD D ALGERIE";"48,8825700";"2,3998200"
"201900057832";"16";"2";"2019";"14:45";"1";"91";"91016";"1";"1";"1";"6";"N20 PK55.600";"48,3192000";"2,0018280"
"201900057833";"13";"5";"2019";"16:30";"1";"68";"68072";"1";"1";"1";"7";"Route Nationale";"47,6966380";"7,4224440"
"201900057834";"17";"10";"2019";"17:00";"1";"60";"60612";"2";"3";"7";"6";"Rue Yves Carlier";"49,2094300";"2,5795300"
"201900057835";"26";"3";"2019";"08:10";"1";"91";"91425";"2";"6";"1";"2";"BOURGUIGNONS (RUE DES)";"48,6480000";"2,2750000"
"201900057836";"19";"8";"2019";"11:25";"1";"30";"30227";"1";"1";"2";"1";"D.904";"44,2604940";"4,1974460"
"201900057837";"25";"5";"2019";"14:10";"1";"68";"68317";"2";"1";"1";"4";"Route de la Schlucht";"48,0643780";"7,1047170"
"201900057838";"14";"2";"2019";"19:23";"5";"91";"91016";"2";"7";"1";"7";"2 place du marché";"48,3122980";"1,9989320"
"201900057839";"22";"10";"2019";"08:00";"1";"13";"13022";"1";"1";"2";"3";"A50-Sens Aubagne vers Toulon";"43,2276438";"5,5831768"
"201900057840";"13";"2";"2019";"14:30";"1";"91";"91511";"2";"4";"1";"3";"27 rue etienne laurent";"48,3486490";"1,9944290"
"201900057841";"15";"2";"2019";"21:15";"3";"71";"71521";"1";"1";"1";"6";"RD980";"46,5500680";"4,5650240"
"201900057842";"15";"2";"2019";"10:15";"1";"41";"41194";"2";"1";"1";"6";"Rue du Maréchal Delatre de Tassiny";"47,3611170";"1,7443350"
"201900057843";"22";"5";"2019";"15:45";"1";"68";"68051";"2";"1";"1";"3";"1 Rue de Muhlbach";"48,0239930";"7,0998810"
"201900057844";"16";"8";"2019";"16:40";"1";"67";"67388";"2";"1";"1";"6";"Route de Strasbourg";"48,9207310";"7,6590940"
"201900057845";"23";"3";"2019";"04:10";"3";"91";"91457";"1";"1";"1";"7";"CD 19";"48,5771900";"2,2838510"
"201900057846";"20";"9";"2019";"09:50";"1";"75";"75105";"2";"2";"1";"3";"BOULEVARD SAINT GERMAIN";"48,8494400";"2,3544190"
"201900057847";"15";"2";"2019";"11:45";"1";"86";"86297";"1";"2";"1";"3";"Carrefour RD 3 / RD 87";"46,5589960";"0,2627780"
"201900057848";"22";"4";"2019";"15:30";"1";"68";"68329";"1";"1";"1";"3";"Route de la Schlucht";"48,0652640";"7,0599910"
"201900057849";"24";"10";"2019";"15:44";"1";"13";"13028";"1";"1";"1";"3";"A50";"43,1929894";"5,6519095"
"201900057850";"19";"8";"2019";"08:50";"1";"31";"31395";"1";"1";"1";"5";"A64";"43,4753789";"1,3202088"
"201900057851";"4";"2";"2019";"19:45";"5";"6";"06161";"2";"1";"1";"1";"avenue des italiens";"43,6402382";"7,1400716"
"201900057852";"24";"10";"2019";"15:25";"1";"83";"83144";"1";"1";"1";"4";"A57";"43,1334900";"5,9847600"
"201900057853";"23";"10";"2019";"03:34";"3";"69";"69290";"1";"1";"1";"3";"A43   3.865 A 9.894";"45,7159000";"4,9421400"
"201900057854";"14";"2";"2019";"12:30";"1";"49";"49092";"2";"2";"7";"3";"Rue des venelles - CHEMILLE";"47,2133880";" -0,7274530"
"201900057855";"1";"5";"2019";"22:45";"5";"67";"67301";"2";"3";"1";"3";"1 Rue de la Liberté";"48,7588010";"7,6394050"
"201900057856";"10";"5";"2019";"15:20";"1";"67";"67240";"2";"1";"1";"1";"Rue du Général de Gaulle";"48,6090510";"7,4951090"
"201900057857";"3";"5";"2019";"17:45";"1";"67";"67520";"2";"9";"1";"6";"Rue de Romanswiller";"48,6382040";"7,4413720"
"201900057858";"25";"10";"2019";"08:55";"1";"33";"33096";"1";"1";"2";"2";"AUTOROUTE A 10";"44,8972400";" -0,4958700"
"201900057859";"25";"3";"2019";"15:50";"1";"85";"85194";"2";"3";"1";"3";"RUE ANTOINE WATTEAU";"46,5005700";" -1,7647700"
"201900057860";"20";"9";"2019";"16:45";"1";"75";"75120";"2";"2";"1";"3";"RUE PELLEPORT";"48,8718400";"2,3983570"
"201900057861";"18";"8";"2019";"14:30";"1";"68";"68309";"1";"1";"1";"6";"A 35";"47,6608140";"7,4832210"
"201900057862";"15";"2";"2019";"15:30";"1";"83";"83004";"1";"1";"7";"2";"N/A";"43,4443830";"6,4920410"
"201900057863";"18";"2";"2019";"15:10";"1";"68";"68005";"1";"1";"1";"6";"D11 I";"48,1159670";"7,2201420"
"201900057864";"16";"8";"2019";"14:25";"1";"34";"34270";"1";"1";"1";"3";"Autoroute A9";"43,5560164";"3,8237288"
"201900057865";"17";"2";"2019";"17:00";"1";"10";"10412";"1";"1";"1";"6";"ROUTE DÉPARTEMENTALE 172";"48,3095940";"4,1362990"
"201900057866";"16";"2";"2019";"05:05";"5";"5";"05133";"2";"3";"1";"3";"Intersection RD 1091 / allée des Crocus";"44,9331025";"6,5892934"
"201900057867";"17";"2";"2019";"04:00";"5";"972";"97222";"2";"1";"1";"7";"route du port";"14,6729490";" -60,9432220"
"201900057868";"17";"2";"2019";"05:45";"2";"972";"97221";"2";"6";"1";"1";"RD35";"14,5193110";" -60,9554240"
"201900057869";"15";"2";"2019";"08:25";"1";"972";"97210";"2";"6";"7";"6";"RN 6- Rond point de la Martienne";"14,6152030";" -60,9088520"
"201900057870";"16";"2";"2019";"18:45";"5";"972";"97229";"2";"1";"1";"4";"route de l'enclos";"14,6214840";" -61,1026310"
"201900057871";"26";"3";"2019";"10:20";"1";"81";"81065";"2";"3";"1";"3";"53, rue du CAMP MOUTONNET ";"43,5961900";"2,2307730"
"201900057872";"17";"8";"2019";"23:15";"3";"14";"14119";"1";"1";"2";"2";"autoroute A13";"49,1681490";" -0,2566310"
"201900057873";"3";"5";"2019";"13:15";"1";"67";"67030";"2";"1";"2";"6";"45 Rue des Vosges";"48,5761140";"7,4564170"
"201900057874";"25";"10";"2019";"14:35";"1";"94";"94034";"1";"1";"8";"3";"AUTOROUTE A6B";"48,7534900";"2,3311300"
"201900057875";"17";"2";"2019";"18:25";"5";"83";"83086";"2";"1";"1";"6";"196 route d'Aix en Provence";"43,4698070";"6,5582890"
"201900057876";"18";"8";"2019";"05:40";"3";"45";"45154";"1";"1";"8";"6";"A10 - PK 87+400";"48,0025490";"1,8497650"
"201900057877";"25";"10";"2019";"13:40";"1";"91";"91345";"1";"1";"2";"2";"AUTOROUTE A6";"48,6893900";"2,3240510"
"201900057878";"17";"8";"2019";"22:55";"3";"45";"45149";"1";"1";"3";"4";"A6 PK 104+0";"48,1012890";"3,0255987"
"201900057879";"21";"9";"2019";"12:30";"1";"75";"75117";"2";"2";"1";"3";"RUE POUCHET";"48,8942220";"2,3205936"
"201900057880";"18";"8";"2019";"01:30";"3";"971";"97128";"1";"1";"1";"1";"Durivage";"16,2174340";" -61,4155730"
"201900057881";"21";"9";"2019";"14:30";"1";"75";"75116";"2";"1";"1";"3";"BD PERIPHERIQUE INTERIEUR";"48,8763230";"2,2785250"
"201900057882";"4";"8";"2019";"23:50";"3";"37";"37220";"2";"1";"1";"6";"D751";"47,1962780";"0,0962590"