"Num_Acc";"jour";"mois";"an";"hrmn";"lum";"dep";"com";"agg";"int";"atm";"col";"adr";"lat";"long"
"201900057883";"26";"3";"2019";"12:10";"1";"78";"78029";"2";"2";"1";"3";"CHARLES DE GAULLE (AVENUE)";"48,9688940";"1,8497360"
"201900057884";"25";"10";"2019";"11:45";"1";"94";"94021";"1";"1";"1";"3";"AUTOROUTE A6A";"48,7618200";"2,3402700"
"201900057885";"22";"5";"2019";"18:05";"2";"67";"67101";"2";"1";"1";"4";"Rue Saint-Jean";"48,5284110";"7,4982790"
"201900057886";"16";"2";"2019";"16:30";"1";"12";"12157";"2";"3";"1";"3";"Intersection N88 et D56";"44,3943410";"2,7087810"
"201900057887";"3";"5";"2019";"08:00";"1";"67";"67300";"2";"3";"1";"6";"Rue de la Fonderie";"48,5357500";"7,4969870"
"201900057888";"17";"5";"2019";"08:15";"1";"67";"67252";"1";"3";"1";"5";"CD437";"48,7428400";"7,8158910"
"201900057889";"15";"2";"2019";"21:51";"3";"21";"21087";"1";"1";"1";"5";"A 6";"47,1146020";"4,7098100"
"201900057890";"11";"5";"2019";"11:15";"1";"67";"67458";"2";"1";"1";"1";"rue d'ohlungen";"48,8185830";"7,7272260"
"201900057891";"16";"2";"2019";"05:55";"3";"22";"22354";"1";"1";"1";"2";"RN12, SENS RENNES-BREST, PR 98+600";"48,5609950";" -3,2304960"
"201900057892";"2";"4";"2019";"19:00";"1";"67";"67348";"2";"9";"1";"6";"Rue Chanoine Gyss";"48,4626930";"7,4814560"
"201900057893";"19";"5";"2019";"15:25";"1";"67";"67397";"2";"1";"1";"2";"33 rue de l' Hotel de Ville";"48,3194230";"7,7026290"
"201900057894";"6";"5";"2019";"05:45";"2";"88";"88321";"2";"4";"1";"6";"Intersection Avenue de Herringen / Rue Paul Melin";"48,3617450";"5,6951920"
"201900057895";"26";"3";"2019";"15:55";"1";"77";"77013";"1";"2";"1";"5";"D402 X D19A1";"48,8435300";"3,0882900"
"201900057896";"21";"9";"2019";"09:55";"1";"75";"75116";"2";"2";"1";"6";"ALLEE DE LONGCHAMP";"48,8676572";"2,2508850"
"201900057897";"30";"5";"2019";"18:35";"1";"88";"88367";"2";"3";"1";"6";"Avenue du Onze Novembre";"48,3357160";"6,6357030"
"201900057898";"24";"10";"2019";"19:00";"2";"91";"91549";"1";"1";"1";"3";"RN 104";"48,6252700";"2,3348100"
"201900057899";"17";"8";"2019";"22:41";"3";"78";"78668";"1";"1";"2";"2";"A13 Point kiloétrique 059.900 sens province - Paris";"49,0203490";"1,5397370"
"201900057900";"4";"5";"2019";"03:30";"3";"88";"88173";"1";"1";"1";"6";"Route Nationale 57 sens EPINAL - NANCY PR 4+350";"48,3711540";"6,2628020"
"201900057901";"25";"10";"2019";"08:45";"1";"93";"93007";"1";"1";"1";"3";"AUTOROUTE A1";"48,9549200";"2,4572900"
"201900057902";"19";"8";"2019";"08:32";"1";"2B";"2B140";"1";"1";"1";"1";"RT20";"42,5028970";"9,3028250"
"201900057903";"24";"5";"2019";"16:55";"1";"55";"55024";"1";"1";"1";"3";"Route de Mangiennes";"49,3060090";"5,4751750"
"201900057904";"24";"10";"2019";"16:10";"1";"95";"95572";"1";"1";"1";"2";"RN 184";"49,0310900";"2,1050600"
"201900057905";"19";"8";"2019";"12:45";"1";"2B";"2B042";"1";"1";"1";"6";"T11 - Bretelle sortie Borgo";"42,5532630";"9,4270920"
"201900057906";"30";"4";"2019";"21:10";"3";"55";"55252";"1";"1";"1";"6";"Le chabot";"49,4732370";"5,3879490"
"201900057907";"18";"8";"2019";"18:10";"1";"30";"30345";"1";"1";"1";"1";"Cante Perdrix";"44,2753620";"4,0106850"
"201900057908";"18";"5";"2019";"15:00";"1";"54";"54240";"1";"1";"1";"1";"rd904";"48,8235860";"5,8343340"
"201900057909";"19";"8";"2019";"17:26";"1";"34";"34081";"1";"1";"1";"2";"CD 609";"43,3044690";"3,1593930"
"201900057910";"3";"5";"2019";"04:00";"3";"54";"54038";"1";"1";"2";"7";"RD590";"48,4790520";"6,7119340"
"201900057911";"2";"8";"2019";"15:30";"1";"84";"84034";"1";"1";"1";"7";"Avenue Maréchal Leclerc";"43,8871600";"4,9648340"
"201900057912";"7";"5";"2019";"19:50";"1";"54";"54459";"2";"1";"1";"7";"Le Bois de Greve";"48,5970890";"6,1658350"
"201900057913";"19";"8";"2019";"17:50";"1";"4";"04171";"1";"1";"1";"7";"RD 17";"43,8062130";"6,3730090"
"201900057914";"30";"4";"2019";"20:00";"1";"57";"57144";"2";"1";"1";"6";"D603";"49,1512328";"6,8344077"
"201900057915";"18";"8";"2019";"05:35";"5";"13";"13042";"1";"1";"1";"6";"Le Vaisseau";"43,2728720";"5,6402280"
"201900057916";"14";"5";"2019";"12:05";"1";"57";"57123";"2";"9";"1";"1";"Rue des Champs";"49,1726260";"6,7207660"
"201900057917";"18";"8";"2019";"16:10";"1";"13";"13004";"1";"1";"1";"1";"D36";"43,6644920";"4,6184970"
"201900057918";"16";"5";"2019";"04:30";"3";"57";"57256";"2";"1";"1";"6";"06 route de Jarny";"49,1094490";"6,0287780"
"201900057919";"15";"2";"2019";"13:25";"1";"974";"97410";"1";"3";"1";"3";"Intersection RN3 - Chemin David Moreau";" -21,0507660";"55,7157270"
"201900057920";"19";"9";"2019";"17:40";"1";"75";"75116";"2";"1";"1";"2";"AVENUE PAUL DOUMER";"48,8586980";"2,2759290"
"201900057921";"24";"10";"2019";"15:00";"1";"95";"95572";"1";"1";"1";"3";"AUTOROUTE A15";"49,0315000";"2,1172800"
"201900057922";"18";"8";"2019";"13:15";"1";"13";"13004";"1";"1";"1";"7";"RD 35";"43,6124910";"4,6629350"
"201900057923";"1";"5";"2019";"12:40";"1";"57";"57039";"1";"3";"1";"3";"d66";"49,0585170";"6,1202800"
"201900057924";"21";"9";"2019";"17:20";"1";"75";"75115";"2";"7";"1";"2";"PLACE CAMBRONNE";"48,8477589";"2,3017430"
"201900057925";"17";"8";"2019";"23:45";"3";"68";"68204";"1";"1";"1";"7";"Rue de Mittlach";"48,0090520";"7,0504290"
"201900057926";"24";"10";"2019";"13:00";"1";"95";"95641";"1";"1";"1";"5";"AUTOROUTE A1";"49,0784900";"2,5517900"
"201900057927";"17";"2";"2019";"17:45";"1";"6";"06006";"2";"1";"1";"1";"3396 route de nice";"43,7619460";"7,2455870"
"201900057928";"24";"10";"2019";"09:45";"1";"93";"93066";"1";"1";"1";"2";"AUTOROUTE A1";"48,9174900";"2,3574200"
"201900057929";"24";"3";"2019";"17:10";"1";"76";"76157";"1";"1";"1";"3";"A150";"49,4712900";"1,0316700"
"201900057930";"8";"2";"2019";"16:55";"1";"62";"62866";"2";"1";"1";"6";"07 route de Berck";"50,3800170";"1,6498750"
"201900057931";"24";"10";"2019";"09:05";"1";"93";"93066";"1";"1";"1";"2";"AUTOROUTE A1";"48,9103000";"2,3579700"
"201900057932";"8";"5";"2019";"17:00";"1";"3";"03042";"1";"1";"1";"6";"Mailland";"46,1472464";"3,6673360"
"201900057933";"15";"2";"2019";"00:00";"4";"62";"62571";"2";"1";"1";"6";"471 rue Camille Delacroix";"50,4558120";"1,6068060"
"201900057934";"10";"5";"2019";"15:39";"1";"3";"03086";"1";"1";"1";"3";"N/A";"46,4726710";"3,8512660"
"201900057935";"18";"8";"2019";"17:50";"1";"88";"88196";"2";"1";"1";"1";"Chemin de la Rayée";"48,0630980";"6,8783920"
"201900057936";"21";"9";"2019";"17:15";"1";"75";"75115";"2";"2";"1";"3";"RUE DE L ABBE GROULT";"48,8396525";"2,2965330"
"201900057937";"25";"3";"2019";"21:55";"5";"76";"76351";"2";"2";"1";"3";"PARIS (DE)";"49,4886000";"0,1075100"
"201900057938";"16";"2";"2019";"10:20";"1";"59";"59319";"2";"2";"7";"3";"route d'Hondschoote";"50,9827416";"2,4673681"
"201900057939";"12";"5";"2019";"18:00";"1";"63";"63092";"1";"1";"1";"1";"d90";"45,8907674";"2,9470316"
"201900057940";"16";"8";"2019";"13:50";"1";"88";"88102";"1";"1";"1";"1";"départementale 3";"48,4128590";"5,5839870"
"201900057941";"16";"2";"2019";"00:30";"5";"26";"26333";"2";"1";"1";"6";"10 rue picpus";"45,1762670";"4,8196060"
"201900057942";"13";"5";"2019";"12:00";"1";"63";"63226";"1";"1";"6";"6";"Route Départementale 1";"45,7476270";"3,2390970"
"201900057943";"3";"8";"2019";"10:45";"1";"38";"38382";"2";"4";"7";"3";"Rue de la Biolle";"45,2373970";"5,6691300"
"201900057944";"15";"2";"2019";"23:45";"3";"72";"72350";"1";"1";"1";"6";"La Vaugoudière";"47,8995400";"0,2968140"
"201900057945";"29";"7";"2019";"18:40";"2";"69";"69023";"1";"1";"1";"6";"D20";"46,0460200";"4,6604250"
"201900057946";"4";"5";"2019";"22:20";"3";"74";"74154";"1";"1";"2";"1";"RD 1005";"46,4075810";"6,7106030"
"201900057947";"16";"2";"2019";"12:10";"1";"44";"44149";"1";"1";"7";"7";"Lieu-dit ""Le Thély""";"47,4736440";" -1,6407180"
"201900057948";"18";"8";"2019";"10:50";"1";"81";"81140";"1";"1";"1";"5";"D112";"43,6873890";"1,7635250"
"201900057949";"22";"3";"2019";"23:45";"5";"76";"76351";"2";"2";"1";"3";"BALZAC (DE)";"49,5045700";"0,1571800"
"201900057950";"15";"2";"2019";"14:25";"1";"50";"50448";"1";"1";"1";"6";"A84";"48,5907820";" -1,3286250"
"201900057951";"25";"3";"2019";"20:55";"5";"69";"69266";"2";"3";"1";"2";"ROGER SALENGRO     (Avenue)";"45,7766100";"4,8741900"
"201900057952";"17";"8";"2019";"11:45";"1";"33";"33238";"2";"4";"1";"2";"RD651/RD651E3 2 avenue de cadaujac";"44,7270800";" -0,5974000"
"201900057953";"17";"2";"2019";"21:00";"3";"71";"71004";"1";"1";"1";"6";"Route de Saint-Martin RD35";"46,8140290";"4,9438520"
"201900057954";"18";"8";"2019";"18:00";"1";"22";"22002";"1";"3";"1";"2";"Ville Herve";"48,5035081";" -2,5198608"
"201900057955";"24";"3";"2019";"23:25";"5";"67";"67482";"2";"3";"1";"3";"MITTELHAUSBERGEN (ROUTE DE)";"48,5943800";"7,7195100"
"201900057956";"14";"2";"2019";"19:05";"3";"71";"71215";"1";"3";"1";"1";"Route de CHALON";"46,8747890";"4,9469960"
"201900057957";"26";"3";"2019";"17:45";"1";"64";"64445";"2";"1";"1";"6";"DOYEN ROBERT POPLAWSKI DU";"43,3156600";" -0,3685000"
"201900057958";"18";"8";"2019";"10:45";"1";"27";"27275";"2";"6";"2";"6";"Rue de Sarstedt";"49,1624920";"1,3384260"
"201900057959";"13";"2";"2019";"13:00";"1";"30";"30251";"2";"1";"1";"6";"458 avenue du Mistral";"44,1840573";"4,7087917"
"201900057960";"24";"10";"2019";"03:30";"3";"93";"93005";"1";"1";"1";"5";"AUTOROUTE A3";"48,9580100";"2,4733600"
"201900057961";"18";"5";"2019";"18:15";"1";"74";"74155";"2";"4";"1";"1";"D22";"46,2837939";"6,5226770"
"201900057962";"23";"3";"2019";"20:05";"2";"64";"64122";"2";"1";"1";"7";"RUE GAMBETTA ";"43,4806600";" -1,5632400"
"201900057963";"16";"2";"2019";"16:30";"1";"21";"21513";"1";"1";"1";"7";"D35";"47,2261810";"4,8698950"
"201900057964";"24";"3";"2019";"08:00";"1";"60";"60159";"1";"1";"1";"7";"Départementale 1131";"49,3946600";"2,7908100"
"201900057965";"16";"2";"2019";"22:20";"5";"62";"62486";"2";"9";"1";"6";"814, RUE DE LILLERS ""HAMEAU DE TREZENNES""";"50,6267908";"2,4198817"
"201900057966";"18";"5";"2019";"06:00";"2";"74";"74128";"1";"1";"1";"1";"Route des Vallées";"46,1551900";"6,3453090"
"201900057967";"19";"8";"2019";"12:30";"1";"27";"27495";"1";"3";"1";"3";"D150";"49,2581970";"1,3473740"
"201900057968";"25";"10";"2019";"17:57";"1";"94";"94065";"1";"1";"1";"4";"A86 INT";"48,7546264";"2,3478660"
"201900057969";"20";"9";"2019";"17:35";"1";"75";"75115";"2";"2";"1";"3";"AVENUE ALBERT BARTHOLOME";"48,8289399";"2,2941148"
"201900057970";"16";"2";"2019";"19:15";"3";"62";"62559";"1";"1";"1";"6";"D15";"50,2045840";"3,0925260"
"201900057971";"27";"5";"2019";"12:20";"1";"74";"74243";"2";"2";"1";"3";"Route de Thairy";"46,1408140";"6,0702940"
"201900057972";"17";"2";"2019";"16:55";"1";"77";"77278";"1";"1";"1";"7";"D111";"48,7794190";"3,1704650"
"201900057973";"20";"9";"2019";"22:45";"5";"75";"75113";"2";"1";"1";"4";"PONT CHARLES DE GAULLE";"48,8424640";"2,3689890"
"201900057974";"25";"3";"2019";"12:25";"1";"59";"59512";"2";"3";"1";"3";"SEBASTOPOL (RUE DE)";"50,6892000";"3,1708580"
"201900057975";"26";"3";"2019";"20:50";"5";"59";"59527";"2";"1";"1";"6";"DE LATTRE TASSIGNY AVN°270A620";"50,6622500";"3,0338300"
"201900057976";"7";"3";"2019";"15:30";"1";"54";"54395";"2";"1";"1";"3";"VINGTIEME CORPS (AVENUE DU)";"48,6970660";"6,1980960"
"201900057977";"21";"3";"2019";"15:55";"1";"54";"54274";"2";"1";"1";"6";"REPUBLIQUE (RUE DE LA)";"48,6713570";"6,2057260"
"201900057978";"27";"6";"2019";"09:20";"1";"54";"54329";"2";"1";"1";"6";"RUE RENE BASSET";"48,5919800";"6,4960400"
"201900057979";"25";"10";"2019";"08:50";"1";"94";"94017";"1";"1";"1";"2";"A4";"48,8266000";"2,5215000"
"201900057980";"30";"5";"2019";"13:00";"1";"74";"74116";"1";"3";"1";"2";"Route du Col d'Évires";"46,0455088";"6,2571437"
"201900057981";"17";"2";"2019";"15:15";"1";"77";"77182";"1";"1";"1";"2";"D46";"48,8093700";"3,3160900"
"201900057982";"17";"8";"2019";"21:50";"3";"13";"13085";"1";"1";"1";"3";"A50-Sens Aubagne vers Toulon";"43,2399615";"5,5923217"
"201900057983";"15";"5";"2019";"21:30";"5";"74";"74056";"2";"6";"1";"6";"Avenue de Courmayeur";"45,9173370";"6,8671140"
"201900057984";"15";"2";"2019";"18:05";"2";"77";"77385";"1";"1";"1";"7";"D204";"48,8353100";"3,2376400"
"201900057985";"28";"5";"2019";"14:05";"1";"74";"74003";"1";"1";"3";"6";"D 16";"45,9052700";"6,2059360"
"201900057986";"17";"8";"2019";"15:30";"1";"69";"69091";"1";"1";"1";"4";"A47   1.809 A 5.620";"45,5868600";"4,7553520"
"201900057987";"1";"2";"2019";"05:00";"3";"41";"41228";"1";"1";"1";"2";"D917";"47,7650280";"0,9304150"
"201900057988";"16";"5";"2019";"18:25";"1";"73";"73249";"1";"1";"1";"7";"Chemin de la Viager";"45,5340174";"5,9826006"
"201900057989";"17";"2";"2019";"08:30";"1";"83";"83073";"1";"1";"1";"6";"3640 RD97";"43,3620930";"6,2947530"
"201900057990";"15";"2";"2019";"06:10";"5";"83";"83073";"2";"1";"1";"6";"BOULEVARD CHARLES GAUDIN";"43,3927630";"6,3163940"
"201900057991";"23";"10";"2019";"10:35";"1";"63";"63113";"2";"2";"1";"6";"BONNABAUD (RUE)";"45,7767696";"3,0787111"
"201900057992";"14";"2";"2019";"23:15";"3";"83";"83140";"1";"1";"1";"6";"N/A";"43,4170300";"5,8702400"
"201900057993";"13";"2";"2019";"18:00";"5";"57";"57294";"2";"1";"1";"3";"RUE PRINCIPALE";"49,0946140";"7,4540080"
"201900057994";"27";"5";"2019";"10:08";"1";"73";"73124";"1";"1";"1";"4";"A430 - PK139.965";"45,6500972";"6,3454918"
"201900057995";"16";"2";"2019";"14:00";"1";"57";"57505";"1";"3";"1";"3";"RD45 PK5+700";"48,7027370";"7,1189650"
"201900057996";"26";"5";"2019";"21:00";"1";"42";"42327";"1";"1";"1";"7";"Symperieux";"45,4564080";"4,7379090"
"201900057997";"17";"2";"2019";"08:55";"1";"57";"57572";"2";"1";"7";"6";"rue auguste rolland";"49,0115690";"6,3963700"
"201900057998";"18";"8";"2019";"13:50";"1";"94";"94021";"1";"1";"2";"3";"AUTOROUTE A6B";"48,7603000";"2,3390000"
"201900057999";"29";"5";"2019";"14:30";"1";"42";"42151";"1";"1";"1";"1";"Route de Saint-Paul d'Uzore";"45,6825820";"4,1089340"
"201900058000";"22";"3";"2019";"21:05";"5";"50";"50532";"2";"1";"1";"7";"ECUTOT (ROUTE)";"48,8165100";" -1,5569000"
"201900058001";"22";"10";"2019";"09:52";"1";"63";"63113";"2";"2";"1";"6";"BANVILLE (RUE THEODORE DE)";"45,7778540";"3,1051920"
"201900058002";"17";"8";"2019";"21:00";"5";"94";"94037";"1";"1";"9";"7";"AUTOROUTE A6B";"48,8142000";"2,3551000"
"201900058003";"24";"5";"2019";"19:15";"1";"38";"38556";"1";"2";"1";"1";"40 route de la chapelle";"45,3616200";"4,8624610"
"201900058004";"25";"3";"2019";"09:12";"1";"49";"49015";"2";"2";"1";"6";"BRUYERES RUE DES";"47,4972700";" -0,5833200"
"201900058005";"17";"8";"2019";"19:05";"1";"94";"94037";"1";"1";"2";"7";"AUTOROUTE A6B";"48,8138000";"2,3550000"
"201900058006";"17";"10";"2019";"20:08";"1";"63";"63113";"2";"1";"1";"6";"BERTHELOT (BOULEVARD)";"45,7816235";"3,0708540"
"201900058007";"15";"5";"2019";"17:30";"1";"38";"38072";"2";"1";"1";"1";"N7";"45,3198520";"4,8079330"
"201900058008";"26";"3";"2019";"13:45";"1";"45";"45285";"2";"1";"1";"2";"RUE DES MARCHAIS";"47,9104300";"1,8645190"
"201900058009";"18";"8";"2019";"18:15";"1";"93";"93005";"1";"1";"1";"2";"AUTOROUTE A1";"48,9594700";"2,4657600"
"201900058010";"19";"10";"2019";"14:10";"1";"63";"63113";"2";"1";"1";"3";"BLANZAT (RUE DE)";"45,7845200";"3,0846400"
"201900058011";"29";"5";"2019";"12:25";"1";"38";"38487";"2";"1";"1";"2";"Route de l'Abbé Peyssonneau";"45,5602930";"4,8464740"
"201900058012";"25";"3";"2019";"19:00";"2";"45";"45338";"2";"1";"1";"7";"60 R DES COLOMBIERS";"47,9755804";"2,7059618"
"201900058013";"18";"8";"2019";"18:30";"1";"93";"93005";"1";"1";"1";"2";"AUTOROUTE A1";"48,9594700";"2,4657600"
"201900058014";"24";"10";"2019";"09:00";"1";"34";"34172";"2";"1";"1";"3";"CLEMENCEAU (AVENUE GEORGES)";"43,6031280";"3,8716580"
"201900058015";"21";"9";"2019";"23:00";"5";"75";"75111";"2";"7";"1";"6";"PLACE DE LA REPUBLIQUE";"48,8667260";"2,3651507"
"201900058016";"7";"5";"2019";"18:30";"1";"44";"44035";"2";"2";"1";"3";"Route d'Orvault";"47,2831630";" -1,5864550"
"201900058017";"18";"8";"2019";"11:00";"1";"95";"95572";"1";"9";"3";"2";"AUTOROUTE A15";"49,0331100";"2,1066300"
"201900058018";"24";"10";"2019";"07:50";"1";"34";"34172";"2";"1";"1";"2";"GOSSEC (RUE FRANCOIS-JOSEPH)";"43,5749600";"3,8598600"
"201900058019";"17";"2";"2019";"12:21";"1";"51";"51380";"2";"1";"1";"7";"59 RUE FAUBOURG DE PARIS";"48,8767236";"3,5381280"
"201900058020";"18";"8";"2019";"01:00";"3";"93";"93066";"1";"1";"2";"2";"AUTOROUTE A1";"48,9281300";"2,3579800"
"201900058021";"26";"3";"2019";"08:30";"1";"45";"45004";"2";"3";"1";"3";"R DU DOCT TRIOSON-R DE LA CROIX ST JACQUES";"47,9990330";"2,7484460"
"201900058022";"29";"5";"2019";"20:45";"2";"38";"38509";"2";"1";"1";"1";"434 Chemin de l'Étang";"45,5883430";"5,4469260"
"201900058023";"26";"3";"2019";"07:50";"1";"45";"45068";"2";"4";"1";"6";"RUE DE LA PONTONNERIE";"48,0045560";"2,7118470"
"201900058024";"21";"9";"2019";"00:20";"5";"75";"75111";"2";"3";"1";"6";"RUE DE LA ROQUETTE";"48,8563717";"2,3767912"
"201900058025";"15";"2";"2019";"17:25";"1";"56";"56010";"2";"1";"7";"3";"Route de Pontivy";"47,8869550";" -3,0148330"
"201900058026";"30";"5";"2019";"16:00";"1";"38";"38071";"2";"1";"1";"1";"RD 529";"45,0689770";"5,7323570"
"201900058027";"15";"2";"2019";"13:25";"1";"56";"56144";"2";"1";"1";"6";"6 rue de la république";"47,9884280";" -2,8327030"
"201900058028";"21";"9";"2019";"19:12";"2";"75";"75108";"2";"1";"1";"3";"RUE SAINT LAZARE";"48,8754239";"2,3254216"
"201900058029";"1";"5";"2019";"18:30";"1";"38";"38388";"2";"1";"1";"3";"RUE DE LA TOUR";"45,0393800";"5,7052300"
"201900058030";"26";"3";"2019";"07:50";"1";"44";"44215";"2";"1";"1";"6";"ROUTE DE CLISSON";"47,1892400";" -1,5117300"
"201900058031";"16";"2";"2019";"20:35";"3";"56";"56126";"1";"1";"1";"1";"bois marzan";"47,5497580";" -2,3643210"
"201900058032";"21";"9";"2019";"11:50";"1";"75";"75107";"2";"1";"1";"2";"QUAI D ORSAY";"48,8622530";"2,3034690"
"201900058033";"14";"5";"2019";"11:00";"1";"38";"38565";"1";"1";"1";"6";"Quai des Chartreux";"45,3096200";"5,6401600"
"201900058034";"26";"3";"2019";"08:18";"1";"44";"44114";"2";"6";"1";"3";"PLACE DE HEUSWEILER";"47,2534300";" -1,5971800"
"201900058035";"15";"2";"2019";"10:55";"1";"59";"59536";"2";"2";"1";"3";"chemin Saint Pierre";"50,7827620";"2,5013710"
"201900058036";"21";"9";"2019";"07:10";"1";"75";"75107";"2";"1";"1";"6";"RUE DU BAC";"48,8571482";"2,3276103"
"201900058037";"17";"2";"2019";"23:30";"5";"59";"59402";"2";"1";"1";"6";"997 route de lederzeele";"50,8483500";"2,2620460"
"201900058038";"23";"10";"2019";"09:40";"1";"34";"34172";"2";"1";"3";"1";"RECAMBALE (AVENUE DE LA)";"43,6082600";"3,8381300"
"201900058039";"17";"8";"2019";"17:10";"1";"92";"92036";"1";"1";"3";"6";"AUTOROUTE A15";"48,9397290";"2,2951471"
"201900058040";"27";"5";"2019";"04:00";"3";"38";"38225";"1";"1";"1";"6";"Rd 106 C";"45,1713410";"5,5499330"
"201900058041";"20";"5";"2019";"14:25";"1";"38";"38205";"1";"1";"3";"1";"croix de lichou";"45,1450360";"5,6081590"
"201900058042";"26";"3";"2019";"10:24";"1";"37";"37261";"2";"6";"1";"3";"VICTOIRE (RUE DE LA)";"47,3962839";"0,6769289"
"201900058043";"6";"5";"2019";"15:40";"1";"38";"38540";"1";"1";"1";"3";"Route de Valence";"45,2718320";"5,6134300"
"201900058044";"26";"3";"2019";"07:58";"1";"37";"37261";"1";"1";"1";"2";"HEURTELOUP (BOULEVARD)";"47,3933950";"0,7022001"
"201900058045";"2";"5";"2019";"06:20";"2";"38";"38382";"2";"2";"1";"3";"route de Grenoble";"45,2295220";"5,6828430"
"201900058046";"26";"3";"2019";"08:30";"1";"37";"37214";"2";"1";"1";"3";"GROSSE BORNE (RUE DE LA)";"47,4215934";"0,6521021"
"201900058047";"24";"5";"2019";"21:20";"3";"26";"26271";"1";"1";"1";"3";"Route du Dauphine";"45,0376730";"4,8674290"
"201900058048";"16";"5";"2019";"19:50";"1";"26";"26367";"1";"1";"1";"6";"RD 538";"44,3932200";"5,0865540"
"201900058049";"16";"2";"2019";"20:20";"5";"74";"74256";"2";"1";"1";"6";"ANCIENNE ROUTE DE COMBLOUX";"45,9232950";"6,6275160"
"201900058050";"20";"9";"2019";"20:15";"5";"75";"75107";"2";"1";"1";"2";"QUAI ANATOLE FRANCE";"48,8613999";"2,3232189"
"201900058051";"23";"10";"2019";"15:43";"1";"34";"34172";"2";"1";"2";"2";"MONSIEUR TESTE (AVENUE DE";"43,6111600";"3,8290600"
"201900058052";"4";"5";"2019";"14:15";"1";"26";"26220";"2";"1";"1";"1";"Avenue Frédéric Misral";"44,3582260";"5,1289540"
"201900058053";"24";"10";"2019";"09:50";"1";"13";"13201";"2";"1";"8";"7";"CAPUCINES (PLACE DES)";"43,2989800";"5,3803400"
"201900058054";"25";"3";"2019";"18:35";"1";"35";"35238";"2";"3";"1";"3";"VITRE (BLD DE)";"48,1202500";" -1,6506000"
"201900058055";"23";"10";"2019";"14:50";"1";"10";"10387";"2";"1";"1";"2";"PIERRE GILLON (RUE)";"48,2866531";"4,0751821"
"201900058056";"17";"8";"2019";"21:20";"5";"94";"94033";"1";"1";"2";"2";"A86.INT";"48,8599800";"2,4854300"
"201900058057";"23";"10";"2019";"15:35";"1";"92";"92049";"2";"1";"8";"6";"PERI RUE GABRIEL N°37 A 99";"48,8187550";"2,3181440"
"201900058058";"15";"8";"2019";"14:25";"1";"973";"97302";"2";"2";"1";"3";"GRANT (CITE)";"4,9452500";" -52,3068800"
"201900058059";"27";"7";"2019";"08:25";"1";"987";"98738";"1";"1";"1";"3";"PK 16.100, RT1";" -17,6184160";" -149,5708030"
"201900058060";"5";"4";"2019";"19:00";"5";"987";"98738";"2";"1";"3";"6";"RT1 PK 9";" -17,6276160";" -149,5579940"
"201900058061";"14";"8";"2019";"21:15";"4";"973";"97302";"2";"1";"1";"3";"MADELEINE (ROUTE DE LA)";"4,9144004";" -52,3208857"
"201900058062";"24";"10";"2019";"16:37";"1";"976";"97611";"2";"1";"1";"1";"kaweni-Kaweni nord ( Z I )";" -12,7585600";"45,2309500"
"201900058063";"25";"3";"2019";"18:10";"1";"35";"35238";"1";"1";"1";"3";"LORIENT (DE)";"48,1068900";" -1,7279200"
"201900058064";"21";"9";"2019";"15:45";"1";"75";"75103";"2";"1";"1";"3";"BOULEVARD SAINT MARTIN";"48,8681932";"2,3607257"
"201900058065";"4";"5";"2019";"05:30";"2";"26";"26226";"1";"1";"1";"6";"ROUTE DE VALREAS";"44,4281530";"5,0467820"
"201900058066";"18";"6";"2019";"13:45";"1";"82";"82121";"2";"1";"1";"3";"GARRISSON (BOULEVARD GUSTAVE)";"44,0166400";"1,3614900"
"201900058067";"25";"3";"2019";"07:45";"1";"35";"35137";"1";"1";"1";"5";"N12";"48,3370980";" -1,2022030"
"201900058068";"24";"10";"2019";"15:15";"1";"973";"97302";"2";"9";"1";"6";"TROUBIRAN (CHEMIN DE)";"4,9290127";" -52,3042131"
"201900058069";"30";"5";"2019";"21:55";"3";"26";"26235";"1";"1";"1";"6";"RD59";"44,3613350";"4,7135110"
"201900058070";"24";"10";"2019";"20:40";"5";"69";"69388";"2";"9";"1";"6";"VOLNEY                              (R )";"45,7418500";"4,8828400"
"201900058071";"20";"9";"2019";"23:50";"5";"75";"75104";"2";"3";"1";"2";"BOULEVARD HENRI IV";"48,8501027";"2,3589169"
"201900058072";"1";"5";"2019";"07:10";"1";"26";"26085";"1";"1";"1";"6";"ROUTE DE MONTELIMAR";"44,4952660";"4,7431280"
"201900058073";"24";"10";"2019";"19:50";"5";"69";"69387";"2";"1";"1";"6";"MARSEILLE (DE)                      (R )";"45,7477100";"4,8373900"
"201900058074";"23";"10";"2019";"18:15";"1";"69";"69387";"2";"1";"2";"6";"MARCEL MERIEUX                      (R )";"45,7329700";"4,8297600"
"201900058075";"21";"9";"2019";"15:50";"1";"94";"94067";"2";"2";"1";"3";"DAUMESNIL (AV)";"48,8349700";"2,4197900"
"201900058076";"7";"5";"2019";"14:30";"1";"26";"26037";"1";"1";"1";"3";"Route Départementale 538A";"44,8473940";"4,9604040"