"Num_Acc";"jour";"mois";"an";"hrmn";"lum";"dep";"com";"agg";"int";"atm";"col";"adr";"lat";"long"
"201900058077";"28";"10";"2019";"06:35";"1";"972";"97209";"2";"1";"1";"6";"KERLYS (RUE DE )";"14,6114030";" -61,0522400"
"201900058078";"17";"2";"2019";"05:30";"3";"74";"74123";"1";"1";"1";"6";"RD 1508";"45,7558920";"6,3092370"
"201900058079";"2";"8";"2019";"19:15";"1";"76";"76497";"1";"1";"1";"3";"RN 338 (VOIE RAPIDE SUD 3)";"49,4017500";"1,0328300"
"201900058080";"26";"3";"2019";"15:35";"1";"34";"34172";"2";"1";"1";"2";"ARCEAUX (BOULEVARD DES)";"43,6119200";"3,8647800"
"201900058081";"23";"5";"2019";"19:00";"1";"7";"07217";"1";"9";"1";"1";"RD 534";"45,0577909";"4,7818695"
"201900058082";"9";"8";"2019";"20:00";"1";"76";"76561";"2";"1";"1";"4";"REPUBLIQUE. RUE DE LA";"49,2982800";"1,0113800"
"201900058083";"26";"3";"2019";"08:58";"1";"34";"34172";"2";"2";"1";"6";"CROIX DE LAVIT (RUE DE LA)";"43,6425228";"3,8359199"
"201900058084";"4";"5";"2019";"10:00";"1";"7";"07324";"2";"3";"8";"1";"Avenue Hélène de Tournon";"45,0550060";"4,8388740"
"201900058085";"7";"8";"2019";"14:15";"1";"76";"76322";"2";"2";"1";"3";"BROSSOLETTE. BOULEVARD PIERRE";"49,4167500";"1,0371900"
"201900058086";"19";"3";"2019";"13:50";"1";"33";"33063";"2";"2";"1";"3";"AVE DU GENERAL LECLERC CAUD";"44,8542800";" -0,5983100"
"201900058087";"22";"5";"2019";"16:20";"1";"1";"01142";"2";"1";"1";"3";"1910b roue de Genève";"45,8507370";"5,0861860"
"201900058088";"22";"3";"2019";"19:25";"5";"33";"33281";"2";"1";"1";"1";"20 AVE GUSTAVE EIFFEL - VTA sort d'un chemin en contre-sens";"44,8548400";" -0,6693100"
"201900058089";"21";"9";"2019";"06:20";"5";"94";"94042";"2";"4";"1";"3";"EUROPE (BD DE L)";"48,8127200";"2,4669700"
"201900058090";"13";"8";"2019";"20:45";"1";"72";"72181";"1";"1";"2";"7";"PATTON GENERAL RTE ST-AUBIN A AV RUBILLA";"48,0111200";"0,1708800"
"201900058091";"29";"5";"2019";"18:40";"1";"1";"01043";"2";"1";"1";"3";"395 Route de Geneve";"45,8378100";"5,0092170"
"201900058092";"18";"6";"2019";"18:20";"1";"56";"56098";"1";"1";"1";"2";"RN 165";"47,7745100";" -3,3678200"
"201900058093";"26";"3";"2019";"08:15";"1";"31";"31555";"2";"1";"1";"5";"RTE DE REVEL";"43,5759900";"1,4881300"
"201900058094";"21";"9";"2019";"20:30";"5";"94";"94043";"2";"1";"1";"2";"FONTAINEBLEAU (AV DE)";"48,8100000";"2,3609000"
"201900058095";"26";"10";"2019";"04:50";"5";"972";"97209";"1";"1";"1";"7";"Bretelle sortie A1";"14,6185200";" -61,0382700"
"201900058096";"18";"6";"2019";"17:00";"1";"56";"56098";"2";"3";"1";"3";"SEMBAT (RUE MARCEL)";"47,7672340";" -3,3450330"
"201900058097";"21";"9";"2019";"14:00";"1";"94";"94017";"2";"1";"1";"2";"JEAN JAURES (R)";"48,8100000";"2,5100000"
"201900058098";"16";"2";"2019";"15:45";"1";"74";"74123";"2";"1";"1";"6";"route de favergettes";"45,7475523";"6,2893264"
"201900058099";"27";"5";"2019";"17:55";"1";"1";"01376";"2";"3";"1";"3";"2 Rue des Folliets";"45,8309670";"4,9772410"
"201900058100";"12";"8";"2019";"16:30";"1";"45";"45302";"1";"1";"1";"2";"RUE NATIONALE 20";"47,9505945";"1,8917044"
"201900058101";"20";"5";"2019";"07:15";"1";"1";"01249";"2";"1";"1";"6";"RUE DU PONT DE L'ILE,01700";"45,8205180";"4,9470980"
"201900058102";"21";"9";"2019";"12:00";"1";"94";"94075";"2";"3";"7";"1";"REVEILLON (R DE)";"48,7190700";"2,5454100"
"201900058103";"15";"2";"2019";"07:28";"2";"76";"76318";"1";"2";"1";"3";"Route de Trouville";"49,5560600";"0,6001510"
"201900058104";"12";"8";"2019";"08:10";"1";"45";"45234";"2";"1";"1";"3";"RUE PIERRE MAC ORLAN";"47,8819100";"1,9055400"
"201900058105";"1";"5";"2019";"15:10";"1";"1";"01275";"1";"1";"1";"7";"190 Route de Geneve";"45,8085660";"4,9209860"
"201900058106";"24";"10";"2019";"14:00";"1";"69";"69034";"2";"1";"1";"3";"PASTEUR                             (R )";"45,7864400";"4,8378100"
"201900058107";"25";"3";"2019";"06:55";"2";"31";"31555";"2";"6";"1";"3";"CHE DE TUCAUT";"43,5456900";"1,3871200"
"201900058108";"16";"2";"2019";"17:08";"1";"76";"76334";"2";"1";"1";"6";"rue des canadiens";"49,8429000";"0,9665000"
"201900058109";"12";"8";"2019";"13:30";"1";"45";"45208";"2";"1";"3";"7";"BD DU CHINCHON";"47,9950900";"2,7320300"
"201900058110";"21";"9";"2019";"16:50";"1";"93";"93055";"2";"3";"1";"1";"JEAN LOLIVE (AVENUE)(55/73.62/86)";"48,8917990";"2,4064360"
"201900058111";"30";"4";"2019";"18:45";"1";"1";"01249";"1";"3";"1";"3";"1 chemin de l'ile";"45,8173600";"4,9439100"
"201900058112";"23";"10";"2019";"10:00";"1";"91";"91347";"2";"1";"1";"6";"RN 20";"48,6420000";"2,2920000"
"201900058113";"25";"3";"2019";"21:00";"3";"31";"31555";"1";"1";"1";"5";"VA007331 A620";"43,5989800";"1,3970900"
"201900058114";"15";"8";"2019";"20:20";"1";"38";"38318";"2";"1";"1";"6";"LUCIEN MAGNAT(MONTEE)";"45,5296300";"4,9020800"
"201900058115";"21";"9";"2019";"16:05";"1";"93";"93027";"2";"1";"1";"3";"LECLERC (AVENUE DU GENERAL)";"48,9287300";"2,3835800"
"201900058116";"10";"5";"2019";"17:45";"1";"1";"01160";"2";"1";"1";"6";"avenue des sports";"46,2631010";"6,1153589"
"201900058117";"18";"10";"2019";"17:14";"1";"87";"87050";"2";"1";"2";"6";"BUXEROLLES (ROUTE DE)";"45,8691300";"1,2594800"
"201900058118";"16";"8";"2019";"15:02";"1";"13";"13204";"2";"2";"1";"3";"FRANÇOISE DUPARC (BOULEVARD)";"43,3019400";"5,4008300"
"201900058119";"21";"9";"2019";"10:50";"1";"93";"93027";"2";"6";"1";"3";"CONVENTION (RUE DE LA)";"48,9294300";"2,3860500"
"201900058120";"5";"5";"2019";"06:35";"2";"1";"01160";"2";"2";"1";"3";"Avenue du Jura";"46,2577920";"6,1140460"
"201900058121";"21";"10";"2019";"10:11";"1";"87";"87085";"2";"2";"1";"3";"HOCHE (RUE)";"45,8402900";"1,2590500"
"201900058122";"21";"9";"2019";"15:00";"1";"93";"93005";"2";"2";"1";"2";"JEAN CHARCOT [CD115] (RUE)";"48,9329000";"2,4883000"
"201900058123";"25";"3";"2019";"13:55";"1";"31";"31555";"2";"1";"1";"2";"RUE DU FAUBOURG BONNEFOY";"43,6226400";"1,4584600"
"201900058124";"13";"8";"2019";"18:25";"1";"93";"93055";"2";"1";"8";"3";"JEAN NICOT";"48,8915800";"2,4149900"
"201900058125";"30";"4";"2019";"08:10";"1";"1";"01160";"1";"1";"1";"3";"RD 35";"46,2491523";"6,1046276"
"201900058126";"23";"10";"2019";"10:25";"1";"86";"86194";"2";"2";"1";"3";"MIRABEAU (RUE)";"46,5835000";"0,3622600"
"201900058127";"21";"9";"2019";"01:45";"3";"93";"93001";"2";"3";"1";"3";"FELIX FAURE (BLD) =>174";"48,9126000";"2,3745400"
"201900058128";"26";"3";"2019";"16:05";"1";"27";"27229";"2";"9";"1";"3";"VERNON (RUE DE)";"49,0308000";"1,1604800"
"201900058129";"10";"8";"2019";"19:49";"2";"93";"93005";"2";"3";"1";"5";"MAXIMILIEN ROBESPIERRE (RUE)";"48,9482500";"2,5021200"
"201900058130";"19";"5";"2019";"00:30";"5";"1";"01202";"2";"1";"2";"6";"6 Rue Gambetta";"45,9037350";"5,3457750"
"201900058131";"20";"9";"2019";"16:45";"1";"92";"92036";"2";"3";"1";"6";"GENERAL DE GAULLE (AVENUE) (PAIRS)";"48,9337787";"2,3133592"
"201900058132";"13";"8";"2019";"12:45";"1";"83";"83123";"1";"1";"1";"1";"A50";"43,1293100";"5,8168300"
"201900058133";"16";"2";"2019";"23:43";"3";"80";"80677";"1";"1";"1";"7";"D24";"49,9610780";"3,1092940"
"201900058134";"21";"9";"2019";"07:00";"2";"92";"92012";"2";"1";"1";"3";"SEVRES (RUE DE) 55BIS/FIN - 42/FIN";"48,8353880";"2,2279830"
"201900058135";"26";"3";"2019";"06:55";"2";"25";"25056";"2";"6";"1";"7";"FRANOIS ROUTE DE";"47,2209300";"5,9570800"
"201900058136";"16";"2";"2019";"00:00";"3";"80";"80696";"1";"1";"9";"7";"D7";"49,8115110";"2,3209490"
"201900058137";"17";"8";"2019";"18:00";"5";"988";"98818";"1";"1";"1";"6";"VE1 SENS SUD/NORD";" -22,2386505";"166,4574945"
"201900058138";"25";"3";"2019";"08:00";"1";"22";"22278";"2";"1";"7";"2";"ATLANTIQUE (BD) N°58/71 A FIN";"48,5178897";" -2,8066324"
"201900058139";"22";"9";"2019";"14:10";"1";"41";"41167";"1";"1";"1";"1";"RD 952";"47,4676630";"1,1068750"
"201900058140";"16";"2";"2019";"14:50";"1";"80";"80212";"2";"1";"1";"7";"rue jules lardières";"49,9049480";"2,5097230"
"201900058141";"16";"8";"2019";"17:30";"2";"988";"98818";"1";"6";"1";"7";"RUE JACQUES IEKAWE/RUE DU FRERE GERMAIN";" -22,2310300";"166,4812300"
"201900058142";"13";"8";"2019";"08:25";"1";"988";"98818";"2";"1";"1";"6";"MANGIN (RUE DU GENERAL)";" -22,2682300";"166,4396400"
"201900058143";"24";"3";"2019";"18:20";"1";"21";"21617";"2";"3";"1";"1";"CITADELLE (DE LA) (AVENUE)";"47,3356000";"4,9962200"
"201900058144";"16";"2";"2019";"22:10";"3";"82";"82131";"1";"1";"1";"7";"D820";"44,2667350";"1,4786280"
"201900058145";"12";"8";"2019";"14:10";"1";"988";"98818";"2";"9";"1";"6";"AUSTERLITZ (RUE D')";" -22,2697200";"166,4400000"
"201900058146";"26";"3";"2019";"09:15";"1";"17";"17300";"2";"2";"1";"3";"JOURDAN   RUE";"46,1644300";" -1,1617500"
"201900058147";"17";"8";"2019";"03:12";"3";"976";"97611";"1";"1";"1";"7";"passamanty-Vahibé ( route )";" -12,7877200";"45,1678000"
"201900058148";"15";"8";"2019";"22:35";"5";"976";"97611";"2";"1";"1";"2";"doujani-Carrière ( rue de la )";" -12,7945100";"45,2117700"
"201900058149";"24";"10";"2019";"19:45";"5";"83";"83137";"2";"1";"1";"3";"BRIAND (AVE ARISTIDE)";"43,1274900";"5,9051700"
"201900058150";"18";"5";"2019";"19:30";"1";"1";"01403";"1";"1";"2";"1";"D19";"45,8143465";"5,4507583"
"201900058151";"21";"10";"2019";"08:20";"1";"83";"83069";"2";"1";"3";"6";"AGREVE  (AVENUE JEAN)";"43,0820600";"6,1539900"
"201900058152";"15";"8";"2019";"02:00";"3";"976";"97611";"1";"1";"1";"2";"kaweni-Kaweni nord ( Z I )";" -12,7578400";"45,2323200"
"201900058153";"26";"3";"2019";"07:45";"1";"17";"17300";"2";"1";"1";"6";"FORBIN   COURS";"46,1655390";" -1,1775580"
"201900058154";"10";"5";"2019";"11:30";"1";"1";"01386";"2";"1";"1";"7";"Rue Bonne Fontaine";"45,8856660";"5,3504950"
"201900058155";"16";"2";"2019";"19:55";"3";"33";"33420";"1";"2";"1";"3";"D670E5 / D243E2";"44,8630900";" -0,1344100"
"201900058156";"26";"3";"2019";"17:45";"1";"17";"17449";"2";"1";"1";"3";"AUNIS AVENUE D'";"45,9485000";" -0,9151300"
"201900058157";"20";"9";"2019";"20:30";"3";"974";"97410";"1";"3";"1";"3";"Chemin Furcy Pitou";" -21,0143360";"55,6871550"
"201900058158";"22";"10";"2019";"07:35";"2";"78";"78158";"2";"6";"1";"3";"VERSAILLES (RUE DE)";"48,8224550";"2,1274480"
"201900058159";"30";"5";"2019";"16:50";"1";"1";"01191";"2";"1";"1";"6";"rue de la levée";"46,0378750";"5,5256480"
"201900058160";"13";"8";"2019";"11:40";"1";"976";"97611";"2";"1";"1";"3";"kaweni-Geole ( rue de la )";" -12,7694300";"45,2240400"
"201900058161";"15";"2";"2019";"08:15";"2";"71";"71014";"1";"1";"4";"7";"D46";"46,9399160";"4,2755270"
"201900058162";"15";"2";"2019";"06:45";"2";"71";"71014";"1";"1";"1";"7";"Départementale 46";"46,9419740";"4,2786920"
"201900058163";"26";"3";"2019";"09:25";"1";"14";"14118";"2";"1";"7";"6";"JUILLET (QUAI DE)";"49,1780300";" -0,3535900"
"201900058164";"17";"2";"2019";"06:12";"3";"71";"71264";"1";"1";"1";"7";"Etang Vieux";"46,4540220";"4,6680240"
"201900058165";"26";"3";"2019";"19:30";"5";"13";"13214";"2";"1";"1";"3";"SAINTE MARTHE (chemin)";"43,3216830";"5,3894810"
"201900058166";"16";"2";"2019";"09:12";"1";"89";"89025";"2";"3";"7";"6";"Avenue de la république";"47,4889510";"3,8993390"
"201900058167";"11";"5";"2019";"18:00";"1";"69";"69077";"2";"9";"8";"3";"Route de la Plaigne";"46,1554010";"4,7720270"
"201900058168";"22";"9";"2019";"18:30";"1";"57";"57577";"2";"3";"1";"3";"Rue de Lemberg";"49,0324180";"7,4085590"
"201900058169";"26";"3";"2019";"17:45";"1";"13";"13215";"2";"1";"1";"6";"BERANGER (TRAVERSE)";"43,3723000";"5,3450200"
"201900058170";"25";"10";"2019";"01:36";"5";"77";"77284";"2";"3";"1";"6";"D360 X ALLEE ABBAYE NOTRE DAME";"48,9543600";"2,8792500"
"201900058171";"22";"9";"2019";"15:50";"1";"51";"51399";"1";"1";"2";"7";"ROUTE DE VOUZIERS";"49,1242117";"4,8499580"
"201900058172";"4";"5";"2019";"21:15";"3";"69";"69206";"1";"1";"2";"1";"d306";"46,0610056";"4,7225250"
"201900058173";"26";"3";"2019";"16:50";"1";"13";"13209";"2";"1";"1";"6";"MICHELET (BOULEVARD)";"43,2599600";"5,3984400"
"201900058174";"20";"9";"2019";"16:00";"1";"59";"59229";"2";"3";"1";"6";"Rue du Calvaire";"50,0452310";"4,0240960"
"201900058175";"23";"10";"2019";"14:40";"1";"72";"72181";"2";"1";"1";"3";"RUBILLARD AV N° IMP 57 ET >";"48,0132600";"0,1760200"
"201900058176";"26";"3";"2019";"13:00";"1";"13";"13216";"2";"1";"1";"3";"BIZET (chemin de)";"43,3625630";"5,3285300"
"201900058177";"22";"5";"2019";"17:20";"1";"69";"69179";"1";"4";"1";"3";"Départementale 34";"45,6039002";"4,6907866"
"201900058178";"22";"9";"2019";"06:30";"2";"2B";"2B286";"2";"1";"3";"6";"D406";"42,4836930";"9,4802750"
"201900058179";"26";"3";"2019";"07:25";"1";"13";"13213";"2";"1";"1";"3";"OLIVES (AVENUE DES)";"43,3264070";"5,4386200"
"201900058180";"7";"5";"2019";"12:45";"1";"69";"69051";"1";"2";"1";"3";"403 Chemin de Montplan";"45,6502251";"4,6477367"
"201900058181";"26";"3";"2019";"18:47";"1";"13";"13028";"1";"1";"1";"2";"CD.559";"43,2067000";"5,5844800"
"201900058182";"21";"9";"2019";"17:00";"1";"32";"32298";"1";"1";"1";"1";"Le Moulin Vert";"43,6908340";"0,7164520"
"201900058183";"28";"5";"2019";"17:50";"1";"69";"69272";"1";"6";"1";"3";"RD 307";"45,5997310";"4,8523640"
"201900058184";"11";"5";"2019";"14:30";"1";"69";"69249";"1";"1";"2";"6";"Les Pins";"45,6952800";"4,6150300"
"201900058185";"17";"3";"2019";"20:25";"5";"12";"12145";"2";"1";"1";"3";"NAULAS";"44,0977500";"3,0490900"
"201900058186";"21";"9";"2019";"17:50";"1";"32";"32249";"1";"4";"1";"6";"lieu dit loumelongue";"43,7277110";"0,8498230"
"201900058187";"24";"10";"2019";"08:15";"2";"71";"71153";"2";"1";"1";"6";"EUROPE (AVENUE DE L')";"46,8085890";"4,4279400"
"201900058188";"3";"5";"2019";"07:45";"1";"69";"69028";"2";"1";"1";"5";"Route du Pont Chabrol";"45,7342380";"4,7114950"
"201900058189";"25";"3";"2019";"06:00";"2";"12";"12145";"2";"1";"1";"1";"LARZAC (PONT DU)";"44,0938400";"3,0818000"
"201900058190";"22";"9";"2019";"08:20";"1";"42";"42295";"1";"1";"1";"7";"Fauchemagne";"45,8504610";"3,8023090"
"201900058191";"3";"5";"2019";"11:20";"1";"69";"69078";"1";"1";"1";"6";"Route Départementale 34";"45,6859300";"4,5227300"
"201900058192";"21";"9";"2019";"01:00";"3";"34";"34010";"2";"1";"1";"6";"D27E2";"43,6822235";"3,5815031"
"201900058193";"17";"5";"2019";"18:30";"1";"69";"69031";"1";"1";"2";"1";"Chemin de Vermont";"45,7458170";"4,5226760"
"201900058194";"7";"8";"2019";"21:45";"2";"22";"22152";"1";"1";"1";"1";"Le Guindy";"48,7825160";" -3,2549220"
"201900058195";"13";"8";"2019";"18:10";"3";"976";"97611";"1";"1";"1";"3";"mamoudzou centre-RP Passot quai colas (R";" -12,7759800";"45,2310500"
"201900058196";"17";"2";"2019";"22:45";"5";"63";"63148";"1";"1";"1";"7";"D224 - Lieu-dit le Marais";"45,8884590";"3,1863140"
"201900058197";"17";"8";"2019";"04:30";"3";"974";"97416";"2";"1";"1";"6";"LIGNE PARADIS(ROUTE DE LA)";" -21,3093100";"55,4692300"
"201900058198";"21";"9";"2019";"11:30";"1";"25";"25417";"2";"9";"1";"6";"stade";"47,2162090";"6,2404950"
"201900058199";"17";"2";"2019";"12:00";"1";"63";"63250";"1";"1";"1";"6";"RD996 - PR 53+000";"45,5787152";"3,1491957"
"201900058200";"22";"9";"2019";"12:20";"1";"29";"29146";"1";"1";"1";"7";"La Trinité";"47,9190940";" -3,8178230"
"201900058201";"17";"8";"2019";"14:15";"1";"974";"97411";"2";"1";"1";"6";"LATTRE DE TASSIGNY (AVENUE MARECHAL DE)";" -20,8900800";"55,4778000"
"201900058202";"17";"2";"2019";"09:37";"1";"63";"63453";"1";"8";"1";"3";"D4 - D2089";"45,7866197";"3,2724809"
"201900058203";"21";"9";"2019";"07:00";"3";"29";"29188";"2";"1";"1";"6";"route de primel";"48,6998620";" -3,8171360"
"201900058204";"16";"8";"2019";"11:27";"1";"973";"97309";"1";"1";"1";"4";"ROUTE NATIONALE 3";"4,9008034";" -52,3065734"
"201900058205";"29";"5";"2019";"12:00";"1";"69";"69086";"1";"1";"1";"6";"RN7";"45,8395000";"4,6555000"
"201900058206";"22";"10";"2019";"11:11";"1";"69";"69266";"2";"3";"3";"2";"11 NOVEMBRE 1918    (Boulevard du)";"45,7789800";"4,8665500"
"201900058207";"24";"3";"2019";"19:30";"3";"11";"11037";"1";"1";"1";"1";"D303";"43,2144100";"2,4164800"
"201900058208";"15";"2";"2019";"15:45";"1";"55";"55063";"2";"1";"1";"6";"204 rue de la libération";"49,2904160";"5,7238350"
"201900058209";"13";"8";"2019";"23:10";"4";"973";"97302";"2";"1";"1";"7";"ZEPHIR (ROCADE)";"4,9393063";" -52,3056078"
"201900058210";"21";"9";"2019";"23:00";"5";"38";"38503";"1";"2";"1";"3";"RD 1090";"45,3235130";"5,9333240"
"201900058211";"28";"5";"2019";"12:10";"1";"69";"69278";"2";"1";"1";"3";"175 Avenue des Frères Lumière";"45,8893740";"4,8231280"
"201900058212";"17";"2";"2019";"10:20";"1";"55";"55051";"1";"1";"1";"6";"RD 127";"48,5699360";"5,3461800"
"201900058213";"22";"5";"2019";"21:05";"5";"69";"69003";"2";"1";"1";"6";"Avenue Henri Barbusse";"45,8576460";"4,8350980"
"201900058214";"22";"3";"2019";"18:15";"1";"11";"11069";"1";"1";"1";"4";"MONTREAL -ROUTE DE -";"43,2135100";"2,3016800"
"201900058215";"1";"5";"2019";"21:00";"5";"69";"69003";"2";"1";"1";"3";"QUAI GENERAL DE GAULLE";"45,8647270";"4,8317470"
"201900058216";"26";"3";"2019";"16:15";"1";"6";"06088";"2";"1";"1";"1";"MANTEGA-RIGHI (BD)";"43,7108350";"7,2523820"
"201900058217";"14";"2";"2019";"14:15";"1";"49";"49123";"1";"1";"1";"6";"CD 205";"47,2210570";" -0,1210540"
"201900058218";"6";"5";"2019";"17:40";"1";"69";"69116";"2";"1";"1";"3";"N/A";"45,8368640";"4,7715450"
"201900058219";"26";"3";"2019";"18:10";"1";"6";"06069";"2";"1";"1";"6";"MOULIN DE BRUN (CHEMIN ET TRAVERSE DU)";"43,6539700";"6,9441100"
"201900058220";"23";"5";"2019";"13:40";"1";"69";"69055";"1";"1";"1";"2";"Route de Morancé";"45,8863730";"4,7381970"
"201900058221";"24";"10";"2019";"09:50";"1";"69";"69266";"2";"6";"1";"1";"RICHELIEU     (Rue)";"45,7593400";"4,8770300"
"201900058222";"26";"3";"2019";"18:30";"2";"75";"75112";"2";"1";"1";"3";"ECHANGEUR BERCY";"48,8291100";"2,3999710"
"201900058223";"21";"5";"2019";"13:55";"1";"69";"69049";"1";"1";"1";"2";"Route de Limonest";"45,8648460";"4,7516380"
"201900058224";"23";"10";"2019";"20:15";"5";"69";"69266";"2";"1";"3";"6";"JULES GRANDCLEMENT    (Place)";"45,7588500";"4,8876100"
"201900058225";"17";"5";"2019";"17:00";"1";"69";"69116";"2";"1";"2";"6";"535 Route de Saint-Didier";"45,8320320";"4,7758020"
"201900058226";"26";"3";"2019";"06:55";"2";"75";"75112";"2";"1";"1";"2";"PORTE DOREE";"48,8359910";"2,4120530"
"201900058227";"23";"5";"2019";"21:33";"2";"69";"69127";"2";"1";"1";"6";"1829 Route de Sain-Bel";"45,7893250";"4,7118650"
"201900058228";"22";"9";"2019";"13:21";"1";"38";"38029";"1";"1";"1";"1";"Route du Tram";"45,5800500";"5,5360900"
"201900058229";"26";"3";"2019";"14:58";"1";"75";"75116";"2";"3";"1";"2";"ROUTE DES TRIBUNES";"48,8619720";"2,2303840"
"201900058230";"15";"5";"2019";"12:50";"1";"69";"69250";"2";"1";"1";"6";"92 route de Paris";"45,8154489";"4,7150832"
"201900058231";"22";"9";"2019";"15:25";"1";"58";"58303";"2";"6";"3";"6";"53 Rue Louis Bodin";"47,0119330";"3,1389430"
"201900058232";"13";"8";"2019";"22:25";"4";"973";"97302";"1";"1";"1";"2";"ROUTE NATIONALE 1";"4,9148921";" -52,3298121"
"201900058233";"14";"2";"2019";"18:15";"2";"12";"12208";"1";"1";"1";"1";"SAUVEPLANE";"43,9718360";"2,7975470"
"201900058234";"26";"3";"2019";"02:20";"5";"75";"75119";"2";"7";"1";"3";"PLACE DU COLONEL FABIEN";"48,8777610";"2,3705990"
"201900058235";"21";"9";"2019";"12:00";"1";"72";"72291";"1";"1";"1";"7";"La Blottiere";"47,7421750";"0,0509460"
"201900058236";"21";"5";"2019";"12:00";"1";"81";"81219";"1";"2";"1";"3";"La Bourdette Planette";"43,5494065";"1,9961296"
"201900058237";"22";"9";"2019";"13:30";"1";"5";"05011";"1";"1";"2";"7";"D942";"44,5270860";"6,1795340"
"201900058238";"26";"3";"2019";"12:26";"1";"75";"75118";"2";"3";"1";"3";"BOULEVARD DE ROCHECHOUART";"48,8837020";"2,3482450"
"201900058239";"16";"5";"2019";"10:00";"1";"81";"81143";"1";"2";"1";"3";"En Pauliac";"43,5227550";"2,1326400"
"201900058240";"21";"9";"2019";"18:35";"1";"60";"60471";"2";"3";"1";"1";"Boulevard Carnot";"49,5777656";"3,0032856"
"201900058241";"26";"3";"2019";"07:20";"1";"75";"75117";"2";"2";"1";"3";"RUE DE ROME";"48,8856730";"2,3168210"
"201900058242";"6";"5";"2019";"18:40";"1";"81";"81251";"1";"2";"1";"5";"RN 126";"43,5580130";"2,0690400"
"201900058243";"22";"9";"2019";"12:39";"1";"64";"64546";"1";"1";"9";"7";"D123";"43,4721112";" -1,2787554"
"201900058244";"26";"3";"2019";"13:30";"1";"75";"75115";"2";"2";"1";"6";"RUE LOUIS VICAT";"48,8254810";"2,3002560"
"201900058245";"22";"9";"2019";"18:40";"1";"64";"64302";"1";"1";"1";"7";"D 938";"43,2040711";" -0,2458441"
"201900058246";"29";"5";"2019";"23:05";"5";"69";"69069";"2";"1";"1";"2";"140 Avenue Pierre Dumond";"45,7472198";"4,7120672"
"201900058247";"26";"3";"2019";"21:15";"5";"75";"75114";"2";"2";"1";"6";"RUE D ALESIA";"48,8293140";"2,3226620"
"201900058248";"20";"5";"2019";"22:45";"3";"81";"81038";"1";"1";"1";"7";"D 200";"43,9043970";"1,9595090"
"201900058249";"21";"9";"2019";"23:05";"3";"16";"16405";"1";"1";"8";"6";"N/A";"45,5205710";" -0,0993060"
"201900058250";"26";"3";"2019";"17:05";"1";"75";"75112";"2";"7";"1";"3";"ESPLANADE SAINT LOUIS";"48,8404410";"2,4365470"
"201900058251";"20";"9";"2019";"08:45";"1";"40";"40221";"1";"2";"1";"3";"Route de Hontanx";"43,8651770";" -0,2657320"
"201900058252";"11";"5";"2019";"18:11";"1";"81";"81046";"1";"2";"1";"1";"Teulie";"43,8507056";"2,0080995"
"201900058253";"25";"3";"2019";"12:28";"1";"75";"75112";"2";"1";"1";"3";"AVENUE LEDRU ROLLIN";"48,8492210";"2,3735880"
"201900058254";"17";"2";"2019";"15:00";"1";"42";"42159";"1";"1";"1";"7";"Montifaux";"45,8231480";"3,7583640"
"201900058255";"14";"5";"2019";"16:15";"1";"81";"81140";"2";"1";"1";"6";"Avenue du Docteur Guiraud";"43,7020970";"1,8067620"
"201900058256";"16";"8";"2019";"19:15";"1";"69";"69386";"2";"2";"1";"6";"BROTTEAUX (DES)                     (BD)";"45,7661200";"4,8569600"
"201900058257";"21";"9";"2019";"17:45";"1";"24";"24479";"2";"1";"8";"7";"Le Couvent";"45,4899710";"0,7455870"
"201900058258";"26";"3";"2019";"12:20";"1";"75";"75110";"2";"7";"1";"6";"PLACE DU COLONEL FABIEN";"48,8784060";"2,3699810"
"201900058259";"26";"3";"2019";"08:50";"1";"75";"75110";"2";"2";"1";"3";"AVENUE PARMENTIER";"48,8712390";"2,3701180"
"201900058260";"21";"9";"2019";"10:30";"1";"27";"27304";"1";"2";"1";"3";"Gisancourt";"49,2292200";"1,6924940"
"201900058261";"17";"2";"2019";"10:30";"1";"46";"46265";"1";"1";"1";"6";"briance";"44,9211580";"1,6379660"
"201900058262";"26";"3";"2019";"15:00";"1";"75";"75108";"2";"1";"1";"3";"BOULEVARD MALESHERBES";"48,8727350";"2,3213740"
"201900058263";"15";"8";"2019";"12:25";"1";"69";"69383";"2";"9";"8";"3";"FEUILLAT(R )";"45,7526700";"4,8769200"
"201900058264";"24";"5";"2019";"09:00";"1";"81";"81105";"2";"3";"3";"3";"Boulevard Docteur Pontier";"43,7710930";"1,9950960"
"201900058265";"16";"2";"2019";"15:30";"1";"46";"46309";"2";"3";"1";"1";"Avenue de SARLAT";"44,8935680";"1,4713550"
"201900058266";"26";"3";"2019";"17:00";"1";"94";"94016";"2";"1";"1";"1";"EUROPE (AV DE L)";"48,7861200";"2,3277700"
"201900058267";"8";"5";"2019";"04:45";"3";"65";"65370";"1";"1";"2";"6";"D8 - ROUTE D'ORDIZAN";"43,0950054";"0,1386913"
"201900058268";"13";"8";"2019";"11:30";"1";"69";"69387";"2";"1";"1";"5";"YVES FARGES                         (BD)";"45,7453700";"4,8361200"
"201900058269";"16";"2";"2019";"18:10";"1";"47";"47252";"2";"1";"1";"6";"Avenue de Siguenza";"44,3963600";"0,5891370"