"Num_Acc";"jour";"mois";"an";"hrmn";"lum";"dep";"com";"agg";"int";"atm";"col";"adr";"lat";"long"
"201900058270";"26";"3";"2019";"15:35";"1";"94";"94043";"2";"1";"1";"3";"FONTAINEBLEAU (AV DE)";"48,8126200";"2,3617400"
"201900058271";"2";"5";"2019";"15:15";"1";"46";"46137";"1";"1";"2";"1";"RD 653, PK 114+30";"44,3949680";"1,3648830"
"201900058272";"16";"2";"2019";"03:20";"3";"47";"47252";"2";"1";"1";"6";"Avenue de Bordeaux";"44,3939410";"0,5760180"
"201900058273";"26";"3";"2019";"11:20";"1";"94";"94003";"2";"1";"1";"6";"PRESIDENT SALVADOR ALLENDE (AV DU)";"48,8100000";"2,3280000"
"201900058274";"14";"8";"2019";"17:47";"1";"972";"97213";"2";"1";"1";"5";"ROUTE DEPARTEMENTALE 13";"14,6330000";" -61,0115100"
"201900058275";"19";"5";"2019";"09:15";"1";"32";"32348";"1";"1";"1";"6";"La Grange";"43,7229580";"0,5765480"
"201900058276";"16";"2";"2019";"15:26";"1";"47";"47052";"2";"1";"1";"7";"Rue du stade";"44,3201200";"0,0912050"
"201900058277";"21";"5";"2019";"04:00";"3";"9";"09235";"1";"1";"2";"6";"Route de  Poucas";"43,0213500";"1,0238980"
"201900058278";"13";"8";"2019";"14:10";"1";"972";"97213";"2";"1";"1";"3";"LA HAUT (CHEMIN)";"14,6454760";" -61,0220150"
"201900058279";"25";"3";"2019";"18:20";"1";"94";"94003";"2";"1";"1";"2";"DOCTEUR DURAND (AV DU)";"48,8065600";"2,3302900"
"201900058280";"14";"2";"2019";"17:30";"1";"47";"47043";"2";"1";"1";"2";"coustet";"44,2491160";"0,3112811"
"201900058281";"24";"10";"2019";"08:45";"1";"67";"67482";"2";"3";"1";"3";"METZ (BOULEVARD DE)";"48,5829700";"7,7333100"
"201900058282";"2";"5";"2019";"20:05";"2";"9";"09185";"2";"1";"1";"6";"Chemin du Tremoul";"43,2557670";"1,6711710"
"201900058283";"14";"2";"2019";"09:47";"1";"47";"47310";"2";"1";"1";"6";"rue des droits de l'homme";"44,3896060";"0,3095400"
"201900058284";"26";"3";"2019";"09:35";"1";"94";"94055";"2";"3";"1";"3";"NOISEAU (R DE)";"48,7766800";"2,5344600"
"201900058285";"22";"10";"2019";"16:30";"1";"67";"67218";"1";"1";"1";"3";"ALFRED KASTLER (ROUTE)";"48,5419900";"7,7394000"
"201900058286";"15";"2";"2019";"12:15";"1";"34";"34142";"2";"6";"7";"6";"Capitoul";"43,7146220";"3,3240590"
"201900058287";"10";"5";"2019";"16:30";"1";"9";"09199";"1";"1";"1";"3";"D624";"43,2012740";"1,6220490"
"201900058288";"26";"3";"2019";"18:25";"1";"93";"93078";"2";"1";"1";"6";"DELATTRE DE TASSIGNY (AVENUE)";"48,9578200";"2,5450200"
"201900058289";"22";"10";"2019";"12:40";"1";"67";"67482";"2";"1";"1";"6";"NEUHOF (ROUTE)";"48,5578740";"7,7661350"
"201900058290";"1";"5";"2019";"16:30";"1";"9";"09107";"1";"1";"1";"7";"Lieu dit ""le col"", D13";"43,0040420";"1,7561970"
"201900058291";"15";"2";"2019";"17:00";"1";"34";"34300";"1";"2";"1";"5";"RD 18";"43,4178430";"3,3200120"
"201900058292";"26";"3";"2019";"12:00";"1";"93";"93077";"2";"2";"1";"6";"LECLERC (AVENUE DU GENERAL)";"48,8866200";"2,5089900"
"201900058293";"24";"10";"2019";"11:02";"1";"66";"66136";"2";"1";"1";"2";"R D 900";"42,7102700";"2,8705200"
"201900058294";"1";"5";"2019";"16:30";"1";"9";"09107";"1";"1";"1";"6";"Le Taychet D12";"43,0075090";"1,7998530"
"201900058295";"16";"2";"2019";"15:40";"1";"68";"68355";"2";"9";"1";"6";"Zone commerciale Eberlin";"47,5541460";"7,3129860"
"201900058296";"25";"3";"2019";"12:40";"1";"93";"93006";"2";"9";"1";"1";"COLOMBIER MARIE-ANNE";"48,8716450";"2,4152860"
"201900058297";"7";"5";"2019";"22:05";"3";"9";"09229";"1";"1";"1";"6";"D 620 PK 0+900";"42,9539730";"1,9318180"
"201900058298";"15";"2";"2019";"17:15";"1";"39";"39441";"1";"1";"7";"1";"N/A";"46,4251100";"6,0150020"
"201900058299";"24";"10";"2019";"17:35";"1";"64";"64545";"1";"1";"2";"1";"CORNICHE (ROUTE DE LA)";"43,3843902";" -1,7210040"
"201900058300";"26";"3";"2019";"20:40";"5";"93";"93031";"2";"9";"1";"6";"PARIS (RUE DE)";"48,9528300";"2,3156000"
"201900058301";"4";"5";"2019";"10:55";"1";"9";"09206";"1";"1";"8";"6";"D9 - Lieu dit ''Régnis' - Route e Montseur";"42,8839840";"1,8055660"
"201900058302";"15";"2";"2019";"14:30";"1";"39";"39034";"1";"1";"1";"3";"N/A";"46,9584580";"5,4669790"
"201900058303";"12";"8";"2019";"08:08";"1";"972";"97209";"2";"1";"1";"1";"FONTAINE DIDIER (RUE DE LA)";"14,6318200";" -61,0797300"
"201900058304";"20";"9";"2019";"19:15";"2";"17";"17337";"2";"2";"1";"5";"rue de la Gibertière";"45,9707800";" -1,2896090"
"201900058305";"24";"10";"2019";"23:30";"5";"64";"64102";"2";"1";"8";"4";"GRENET (AVENUE HENRI)";"43,5010596";" -1,4792139"
"201900058306";"14";"2";"2019";"21:50";"3";"39";"39355";"1";"1";"1";"1";"N/A";"46,9424180";"5,7794450"
"201900058307";"26";"3";"2019";"09:00";"1";"93";"93047";"2";"2";"1";"3";"JEAN JAURES (AVENUE)";"48,8988200";"2,5466700"
"201900058308";"30";"5";"2019";"04:50";"3";"79";"79049";"2";"1";"1";"6";"Route de Fontenay le Comte";"46,8237870";" -0,5067560"
"201900058309";"16";"2";"2019";"16:30";"1";"25";"25527";"2";"1";"7";"6";"Rue de Besançon";"47,1828070";"5,8135380"
"201900058310";"26";"3";"2019";"17:55";"1";"92";"92046";"2";"1";"1";"6";"DOUZE FEVRIER 1934 (AVENUE DU)";"48,8194700";"2,3062000"
"201900058311";"20";"9";"2019";"15:25";"1";"17";"17209";"2";"2";"1";"3";"Rue de Marignan";"45,5949760";" -0,3933520"
"201900058312";"14";"8";"2019";"12:30";"1";"972";"97209";"1";"1";"1";"5";"BEAUSEJOUR JAMBETTE (ROUTE)";"14,6392600";" -61,0412000"
"201900058313";"23";"10";"2019";"09:55";"1";"62";"62516";"2";"4";"1";"3";"CANTRAINE - RUE-";"50,5708600";"2,5158400"
"201900058314";"22";"9";"2019";"12:30";"1";"37";"37133";"1";"9";"2";"3";"Le Rein du Bois";"47,0890630";"1,2305360"
"201900058315";"15";"2";"2019";"07:30";"1";"92";"92064";"2";"1";"1";"3";"MARCEL DASSAULT";"48,8553700";"2,2229000"
"201900058316";"12";"8";"2019";"19:50";"5";"972";"97209";"2";"6";"2";"3";"BISHOP (Avenue Maurice)";"14,6124700";" -61,0531500"
"201900058317";"24";"10";"2019";"23:10";"5";"59";"59646";"2";"6";"1";"6";"TRIEZ (RUE DU)";"50,6845100";"3,1296000"
"201900058318";"22";"9";"2019";"15:15";"1";"8";"08214";"1";"1";"1";"1";"D989";"50,0354628";"4,7932749"
"201900058319";"26";"3";"2019";"20:10";"5";"92";"92050";"2";"3";"1";"3";"CLEMENCEAU GEORGES AVENUE N° PAIR";"48,8857737";"2,2192403"
"201900058320";"21";"9";"2019";"19:25";"5";"42";"42011";"1";"9";"1";"6";"A 89 PK 489.50";"45,8410440";"4,1644510"
"201900058321";"12";"8";"2019";"14:30";"1";"972";"97213";"1";"1";"1";"4";"AUTOROUTE (A1)";"14,6180300";" -61,0341200"
"201900058322";"26";"3";"2019";"08:50";"1";"92";"92048";"2";"1";"1";"6";"GENERAL DE GAULLE (AVENUE DU)";"48,7889400";"2,2322100"
"201900058323";"17";"8";"2019";"03:20";"5";"69";"69382";"2";"1";"1";"6";"BREST (DE)                          (R )";"45,7636400";"4,8332900"
"201900058324";"23";"10";"2019";"20:15";"5";"56";"56121";"2";"1";"1";"3";"GUIEYSSE (RUE  PAUL )";"47,7571100";" -3,3674000"
"201900058325";"26";"3";"2019";"11:30";"1";"92";"92025";"2";"2";"1";"3";"VOIES DU BOIS (RUE DES)";"48,9152200";"2,2466820"
"201900058326";"16";"8";"2019";"19:45";"1";"69";"69381";"2";"9";"1";"3";"JEAN MOULIN                         (QU)";"45,7667300";"4,8379700"
"201900058327";"21";"9";"2019";"17:30";"1";"39";"39413";"1";"1";"1";"6";"N/A";"46,2790070";"5,8361150"
"201900058328";"1";"2";"2019";"17:20";"1";"92";"92025";"2";"1";"1";"3";"CHARLES DE GAULLE (BD)";"48,9167507";"2,2257239"
"201900058329";"25";"3";"2019";"08:15";"1";"92";"92023";"2";"1";"1";"6";"MOULIN DE PIERRE (RUE DU)";"48,8096200";"2,2669800"
"201900058330";"22";"9";"2019";"03:15";"3";"67";"67089";"1";"1";"1";"6";"A4 PK 443+700 sens STRASBOURG / PARIS";"48,7721790";"7,4623960"
"201900058331";"16";"8";"2019";"08:35";"1";"69";"69152";"2";"1";"1";"3";"EUROPE (DE L')                      (BD)";"45,6994300";"4,8235000"
"201900058332";"4";"10";"2019";"12:02";"1";"49";"49007";"2";"1";"1";"6";"RENNES";"47,4778300";" -0,5484900"
"201900058333";"10";"8";"2019";"01:00";"5";"6";"06088";"1";"1";"1";"2";"AUTOROUTE A8 PK 193.000 - NORD";"43,7203001";"7,2157310"
"201900058334";"22";"3";"2019";"22:35";"5";"92";"92060";"2";"2";"1";"1";"PAUL LANGEVIN (AVENUE) (RD 2)";"48,7821350";"2,2531264"
"201900058335";"16";"8";"2019";"08:00";"1";"69";"69142";"1";"1";"1";"1";"MULATIERE (DE LA)                   (PT)";"45,7311600";"4,8155900"
"201900058336";"18";"10";"2019";"17:45";"1";"40";"40192";"2";"1";"1";"6";"HAUSSEZ (BD D')";"43,8941200";" -0,5073600"
"201900058337";"18";"2";"2019";"19:44";"5";"92";"92023";"2";"9";"1";"3";"GENERAL DE GAULLE (AV DU) N°130 A 340 ET";"48,7848700";"2,2497100"
"201900058338";"21";"9";"2019";"14:45";"1";"73";"73182";"1";"1";"1";"2";"A41";"45,6871480";"5,9324961"
"201900058339";"15";"8";"2019";"22:30";"5";"69";"69382";"2";"1";"1";"3";"RAMBAUD                             (QU)";"45,7485100";"4,8195100"
"201900058340";"24";"10";"2019";"08:10";"1";"37";"37261";"2";"2";"1";"6";"MALRAUX (QUAI ANDRE)";"47,3973000";"0,6896400"
"201900058341";"18";"1";"2019";"21:13";"5";"92";"92023";"2";"2";"1";"1";"GENERAL DE GAULLE (AV DU) N°130 A 340 ET";"48,7900364";"2,2629191"
"201900058342";"25";"10";"2019";"00:50";"5";"35";"35238";"2";"1";"8";"6";"SERGENT MAGINOT (AVENUE)";"48,1098000";" -1,6700000"
"201900058343";"20";"2";"2019";"10:45";"1";"92";"92023";"2";"1";"1";"3";"JEAN BAPTISTE CLEMENT (AVENUE)";"48,7909900";"2,2628700"
"201900058344";"24";"10";"2019";"09:45";"1";"35";"35278";"1";"1";"3";"6";"RD 137";"48,1543500";" -1,7017000"
"201900058345";"15";"10";"2019";"19:30";"5";"33";"33063";"2";"1";"3";"3";"RUE JUDAIQUE";"44,8409400";" -0,5909300"
"201900058346";"14";"8";"2019";"11:15";"1";"69";"69385";"2";"2";"1";"6";"DOCTEUR ALBERIC PONT (DU)           (R )";"45,7543900";"4,7961400"
"201900058347";"13";"8";"2019";"17:25";"1";"69";"69382";"2";"2";"1";"3";"PRESIDENT EDOUARD HERRIOT (DU)      (R )";"45,7587200";"4,8339300"
"201900058348";"17";"2";"2019";"01:00";"3";"44";"44174";"1";"1";"1";"2";"ROUTE DÉPARTEMENTALE 61";"47,0430690";" -1,7153020"
"201900058349";"26";"3";"2019";"16:53";"1";"92";"92012";"2";"1";"1";"2";"ALPHONSE LE GALLO (QUAI) 35/FIN";"48,8410536";"2,2247494"
"201900058350";"21";"9";"2019";"23:15";"3";"974";"97408";"2";"9";"1";"6";"116 Rue Ho Chi Minh";" -20,9640600";"55,3332250"
"201900058351";"10";"10";"2019";"10:00";"1";"33";"33063";"2";"2";"1";"3";"RUE DES SABLIERES";"44,8252200";" -0,5752500"
"201900058352";"13";"2";"2019";"21:45";"5";"44";"44160";"2";"1";"1";"6";"N/A";"47,3726620";" -1,1949550"
"201900058353";"21";"9";"2019";"18:15";"3";"971";"97107";"1";"1";"1";"6";"D5";"16,0045840";" -61,6143150"
"201900058354";"13";"8";"2019";"18:00";"1";"2B";"2B033";"2";"1";"1";"1";"SAMPIERO CORSO - AV";"42,6748500";"9,4439700"
"201900058355";"18";"10";"2019";"20:00";"3";"33";"33063";"2";"3";"1";"2";"BD DES FRERES MOGA";"44,8266800";" -0,5475800"
"201900058356";"21";"9";"2019";"15:20";"1";"95";"95341";"1";"1";"1";"7";"Rue du Vaunay";"49,0927700";"2,0835450"
"201900058357";"23";"10";"2019";"18:00";"1";"33";"33063";"2";"2";"1";"6";"GODARD (RUE CAMILLE)";"44,8550700";" -0,5719100"
"201900058358";"22";"9";"2019";"08:55";"1";"2B";"2B029";"1";"1";"5";"6";"Col de Teghime (Point de vue)";"42,6777070";"9,3841070"
"201900058359";"26";"3";"2019";"14:40";"1";"92";"92012";"2";"1";"1";"3";"JEAN JAURES (BOULEVARD) 63/215 - 70/208";"48,8390100";"2,2403700"
"201900058360";"23";"10";"2019";"08:30";"1";"33";"33192";"2";"1";"1";"3";"CRS DU GENERAL DE GAULLE";"44,7878600";" -0,6047800"
"201900058361";"26";"3";"2019";"11:45";"1";"92";"92012";"2";"3";"1";"2";"GENERAL LECLERC (AVENUE DU) 35/FIN - 60/";"48,8320323";"2,2381382"
"201900058362";"19";"9";"2019";"13:50";"1";"34";"34024";"2";"1";"1";"3";"D2";"43,4822880";"3,6995590"
"201900058363";"26";"3";"2019";"16:30";"1";"92";"92004";"2";"1";"1";"2";"REDOUTE ( AVENUE DE LA  )";"48,9301710";"2,2839808"
"201900058364";"22";"9";"2019";"16:20";"1";"83";"83035";"1";"1";"1";"7";"Route des Hauts du Camp";"43,2474400";"5,7897270"
"201900058365";"16";"8";"2019";"19:30";"1";"2A";"2A004";"2";"1";"1";"1";"ILES SANGUINAIRES ROUTE DES";"41,9074000";"8,6669000"
"201900058366";"23";"10";"2019";"20:20";"1";"33";"33281";"2";"3";"2";"3";"AV DE VERDUN";"44,8396700";" -0,6380600"
"201900058367";"24";"10";"2019";"08:30";"1";"31";"31555";"2";"1";"1";"3";"BD DELACOURTIE";"43,5841000";"1,4488500"
"201900058368";"23";"3";"2019";"08:45";"1";"42";"42338";"1";"2";"1";"1";"Intersectio D17/D39";"46,0729710";"4,1189070"
"201900058369";"27";"3";"2019";"14:21";"1";"28";"28161";"1";"1";"1";"6";"autoroute A11 PK 095+300 sens PARIS-Province";"48,2540330";"1,1267450"
"201900058370";"24";"10";"2019";"07:30";"5";"31";"31557";"2";"1";"2";"3";"BD VINCENT AURIOL";"43,5878700";"1,3553500"
"201900058371";"27";"3";"2019";"09:25";"1";"35";"35337";"2";"1";"1";"6";"place tanouarn";"48,3282760";" -1,8401610"
"201900058372";"22";"10";"2019";"16:45";"1";"31";"31555";"2";"1";"3";"3";"CUGNAUX (RUE DE) DU 41AU 149";"43,5913200";"1,4194500"
"201900058373";"27";"2";"2019";"16:30";"1";"54";"54378";"2";"3";"1";"1";"D17";"49,4774290";"5,6678710"
"201900058374";"18";"10";"2019";"15:38";"1";"29";"29232";"1";"1";"1";"1";"STANGALA ROUTE DU";"48,0267129";" -4,0612024"
"201900058375";"27";"3";"2019";"06:00";"2";"1";"01109";"1";"3";"1";"3";"RD 984";"46,1371520";"5,9090610"
"201900058376";"14";"8";"2019";"22:10";"5";"2A";"2A004";"2";"1";"1";"6";"MARECHAL JUIN AVENUE";"41,9364500";"8,7509400"
"201900058377";"17";"8";"2019";"18:20";"2";"95";"95585";"2";"2";"2";"6";"VALERY (AVEUE PAUL)";"48,9785200";"2,3855400"
"201900058378";"15";"2";"2019";"15:30";"1";"29";"29184";"1";"1";"1";"7";"Lieu dit Milinou";"48,6272180";" -3,9612980"
"201900058379";"25";"3";"2019";"18:11";"1";"38";"38177";"1";"1";"1";"6";"Route de l'Alpe d'Huez";"45,0680600";"6,0419400"
"201900058380";"15";"8";"2019";"17:15";"1";"95";"95680";"2";"1";"1";"4";"RUE DE PARIS";"49,0109400";"2,3841600"
"201900058381";"24";"10";"2019";"21:35";"5";"26";"26198";"2";"1";"1";"6";"ESPOULETTE (Avenue d')";"44,5546100";"4,7595600"
"201900058382";"16";"2";"2019";"15:15";"1";"29";"29048";"1";"6";"1";"7";"langelin";"48,1015176";" -3,9861466"
"201900058383";"14";"2";"2019";"13:25";"1";"29";"29076";"1";"2";"1";"3";"Carrefour D26 carrefour de la récrée des 3 curés";"48,4773590";" -4,5280200"
"201900058384";"24";"10";"2019";"07:45";"2";"26";"26198";"2";"3";"8";"3";"DESCHAMPS (Allée Louis)";"44,5640600";"4,7387900"
"201900058385";"17";"2";"2019";"11:00";"1";"31";"31304";"1";"1";"1";"6";"lieu dit en bousquet";"43,5811400";"1,7855050"
"201900058386";"15";"8";"2019";"17:55";"1";"91";"91692";"2";"3";"1";"3";"GUYENNE (AVENUE)";"48,6781900";"2,1628500"
"201900058387";"25";"3";"2019";"14:11";"1";"38";"38068";"1";"1";"1";"1";"N85, PK 52.700";"45,0905300";"5,7257220"
"201900058388";"15";"2";"2019";"23:35";"3";"31";"31280";"1";"1";"1";"2";"lieu dit peyrot";"43,2411250";"1,2677600"
"201900058389";"23";"3";"2019";"16:40";"1";"83";"83019";"1";"6";"1";"2";"Avenue Lou Mistraou";"43,1517410";"6,3116400"
"201900058390";"27";"3";"2019";"09:45";"1";"87";"87107";"2";"7";"1";"6";"Place Émile Foussat";"45,9243630";"1,1710230"
"201900058391";"16";"2";"2019";"16:10";"1";"38";"38095";"1";"6";"1";"3";"carrefour 1092 / 71 et 20";"45,1242170";"5,2805210"
"201900058392";"13";"8";"2019";"14:00";"1";"91";"91201";"2";"3";"1";"3";"HENRI BARBUSSE(BOULEVARD)";"48,6753100";"2,4114700"
"201900058393";"23";"3";"2019";"17:00";"1";"57";"57041";"1";"1";"1";"2";"Route de Beuvillers";"49,4150380";"5,9379200"
"201900058394";"23";"10";"2019";"08:02";"2";"14";"14118";"2";"1";"1";"6";"MAGASIN A POUDRE (RUE DU)";"49,1911300";" -0,3676100"
"201900058395";"16";"2";"2019";"01:45";"3";"38";"38269";"1";"1";"1";"6";"N 85";"44,9347100";"5,7814800"
"201900058396";"14";"2";"2019";"14:45";"1";"2";"02295";"1";"2";"7";"1";"croisement route nationale 2 et D772 lieu dit LA CHAUSSEE";"49,8790220";"3,9065080"
"201900058397";"24";"3";"2019";"00:48";"3";"59";"59151";"1";"1";"1";"2";"ROUTE DÉPARTEMENTALE 936";"50,2583700";"4,0388160"
"201900058398";"16";"2";"2019";"15:50";"1";"2";"02476";"1";"1";"1";"7";"Route Départementale 28";"50,0055700";"3,5618110"
"201900058399";"14";"8";"2019";"22:10";"5";"91";"91339";"2";"1";"1";"7";"BENOIST ROBERT (AVENUE)";"48,6362800";"2,2666500"
"201900058400";"26";"3";"2019";"17:45";"1";"19";"19136";"1";"1";"1";"6";"Derrière le Bois";"45,5558970";"2,1785970"
"201900058401";"15";"2";"2019";"21:20";"3";"2";"02571";"1";"9";"1";"6";"Route départementale 8";"49,8807090";"3,3046400"
"201900058402";"12";"8";"2019";"14:25";"1";"88";"88160";"2";"1";"1";"6";"NOTRE-DAME-DE LORETTE (RUE DE)";"48,1763000";"6,4377000"
"201900058403";"26";"3";"2019";"17:10";"1";"82";"82072";"2";"3";"1";"5";"23 Avenue du midi";"44,1132120";"0,8539100"
"201900058404";"16";"8";"2019";"07:41";"2";"87";"87085";"2";"1";"1";"6";"GARIBALDI (AVENUE)";"45,8382300";"1,2586900"
"201900058405";"27";"3";"2019";"11:30";"1";"33";"33305";"2";"3";"7";"3";"La Gare";"44,4625500";" -0,2916900"
"201900058406";"27";"3";"2019";"01:10";"5";"69";"69066";"2";"1";"1";"2";"12 Rue Aimé Christophe (Pont-Trambouze)";"46,0689300";"4,3162100"
"201900058407";"16";"2";"2019";"18:00";"1";"2";"02173";"2";"2";"1";"3";"rue des déportés";"49,6157730";"3,2179080"
"201900058408";"24";"3";"2019";"03:30";"3";"71";"71014";"2";"1";"1";"6";"20 rue Saint-Antoine";"46,9476180";"4,3016570"
"201900058409";"16";"8";"2019";"16:10";"1";"86";"86027";"1";"1";"1";"5";"AERODROME SUD (LIEU DIT L')";"46,5770700";"0,3148800"
"201900058410";"18";"2";"2019";"11:06";"1";"3";"03254";"2";"1";"7";"6";"57 Boulevard Ledru Rollin";"46,3090426";"3,2899900"
"201900058411";"15";"8";"2019";"14:30";"1";"86";"86194";"2";"1";"1";"6";"GRAND CERF (BOULEVARD DU)";"46,5739668";"0,3048706"
"201900058412";"26";"3";"2019";"17:10";"1";"63";"63180";"1";"1";"1";"5";"Les Bordes";"45,8482500";"3,2828573"
"201900058413";"16";"2";"2019";"14:00";"1";"1";"01034";"1";"1";"1";"7";"route départementale D992";"45,7336803";"5,6692599"
"201900058414";"11";"8";"2019";"12:50";"1";"86";"86214";"2";"1";"8";"7";"GENCAY (ROUTE DE)";"46,5500698";"0,3508922"
"201900058415";"26";"3";"2019";"19:20";"2";"76";"76638";"1";"1";"1";"1";"ROUTE DE SAINT PIERRE";"50,0287610";"1,4334330"
"201900058416";"15";"2";"2019";"16:43";"1";"1";"01034";"1";"1";"1";"7";"RD 1504, pont de Coron";"45,7536127";"5,7081449"
"201900058417";"23";"3";"2019";"17:04";"1";"61";"61259";"1";"1";"1";"6";"route d'Auguaise";"48,7005000";"0,5348120"
"201900058418";"17";"2";"2019";"16:13";"1";"1";"01184";"1";"1";"1";"7";"D979";"46,1660431";"5,4005990"
"201900058419";"5";"8";"2019";"10:45";"1";"84";"84087";"2";"6";"1";"6";"BRIAND (COURS ARISTIDE)";"44,1363100";"4,8049100"
"201900058420";"26";"3";"2019";"13:40";"1";"49";"49200";"1";"3";"1";"1";"La Cauteleraie (La Meignanne)";"47,5287970";" -0,6940500"
"201900058421";"15";"2";"2019";"20:45";"3";"26";"26124";"1";"1";"1";"1";"RN7- QUARTIER DE LA GARE";"44,8416210";"4,8666490"
"201900058422";"2";"8";"2019";"10:05";"1";"84";"84087";"2";"2";"1";"6";"DARDUN (RUE CHARLES)";"44,1285500";"4,7981500"
"201900058423";"27";"3";"2019";"16:13";"1";"34";"34293";"1";"3";"1";"1";"allée st etiennte de caval";"43,6073760";"2,7020840"
"201900058424";"16";"2";"2019";"00:00";"3";"58";"58060";"1";"1";"1";"6";"D979 pk:40.900";"46,7808750";"3,6133520"
"201900058425";"14";"8";"2019";"00:05";"5";"83";"83137";"2";"1";"1";"3";"1ER BATAILLON DE CHOC (AVE DU)";"43,1295000";"5,9097200"
"201900058426";"14";"2";"2019";"10:20";"1";"58";"58095";"2";"1";"1";"6";"rue ledru rollin";"46,8288450";"3,4627300"
"201900058427";"27";"3";"2019";"07:50";"1";"29";"29212";"1";"1";"1";"1";"CD 789";"48,3649063";" -4,5857298"
"201900058428";"13";"8";"2019";"19:00";"1";"83";"83137";"2";"9";"1";"2";"JOFFRE (BD MARECHAL)";"43,1250400";"5,9568400"
"201900058429";"16";"2";"2019";"11:30";"1";"54";"54076";"2";"3";"1";"4";"48 rue maréchal leclerc";"48,5556490";"6,4027470"
"201900058430";"13";"8";"2019";"15:30";"1";"83";"83090";"2";"2";"1";"3";"MONNET (AVE JEAN)";"43,1275800";"5,8591800"
"201900058431";"18";"2";"2019";"07:45";"2";"72";"72241";"1";"1";"1";"2";"RD323 - LA PECARDIÈRE";"48,0340050";"0,4068100"
"201900058432";"13";"8";"2019";"15:15";"1";"83";"83137";"2";"9";"1";"2";"GASSENDI (BD)";"43,1199100";"5,9492800"
"201900058433";"12";"8";"2019";"11:00";"1";"83";"83137";"2";"9";"1";"3";"BRIAND (AVE ARISTIDE DE 1 A 1219";"43,1247400";"5,8963900"
"201900058434";"27";"3";"2019";"18:20";"2";"84";"84089";"1";"6";"1";"3";"Rond point d'Alton route d'aix";"43,6710170";"5,4971900"
"201900058435";"14";"8";"2019";"19:05";"1";"83";"83123";"2";"1";"1";"6";"RESISTANCE (AVENUE)";"43,1217400";"5,7961800"
"201900058436";"12";"8";"2019";"19:50";"1";"83";"83009";"2";"4";"1";"3";"FABRE (R L)";"43,1394000";"5,7697000"
"201900058437";"18";"2";"2019";"14:25";"1";"72";"72335";"1";"9";"1";"5";"RD 301 - chanteloup";"48,1140420";"0,3452980"
"201900058438";"26";"3";"2019";"06:45";"1";"3";"03118";"1";"1";"1";"3";"route de Moulins";"46,1136729";"3,2005209"
"201900058439";"14";"8";"2019";"17:50";"1";"77";"77294";"2";"2";"1";"3";"LILAS (AVENUE DES)";"48,9607908";"2,6038335"
"201900058440";"20";"3";"2019";"16:45";"1";"26";"26108";"2";"7";"1";"6";"Quai des Marronniers";"44,7268380";"5,0242870"
"201900058441";"28";"1";"2019";"20:10";"3";"72";"72217";"1";"1";"1";"1";"le calvaire";"48,0769360";"0,2064120"
"201900058442";"13";"8";"2019";"16:45";"1";"77";"77083";"2";"6";"1";"3";"ALBERT EINSTEIN (BOULEVARD)";"48,8380700";"2,5846600"
"201900058443";"13";"8";"2019";"15:40";"1";"77";"77288";"2";"1";"1";"6";"MONTAGNE DU MEE  (RUE DE LA)";"48,5388900";"2,6527400"
"201900058444";"15";"2";"2019";"16:45";"1";"14";"14020";"2";"1";"1";"1";"rue Maréchal Foch";"49,1266401";" -0,1685527"
"201900058445";"17";"2";"2019";"17:00";"1";"14";"14565";"2";"1";"1";"3";"route de Bayeux";"49,3348360";" -0,6062450"
"201900058446";"17";"2";"2019";"14:30";"1";"50";"50092";"1";"1";"7";"3";"la montagne";"49,0707250";" -1,3726000"
"201900058447";"14";"8";"2019";"12:10";"1";"76";"76351";"2";"2";"1";"2";"IRENE JOLIOT CURIE (RUE)";"49,5154900";"0,1054100"
"201900058448";"18";"2";"2019";"12:00";"1";"50";"50341";"2";"1";"1";"6";"rue Général Leclerc";"49,4893960";" -1,3878590"
"201900058449";"17";"2";"2019";"06:00";"5";"50";"50402";"2";"1";"1";"6";"7 la trainellerie";"49,5150270";" -1,8149970"
"201900058450";"11";"8";"2019";"14:35";"1";"76";"76351";"2";"1";"1";"6";"COCHET";"49,5010300";"0,0917900"
"201900058451";"16";"2";"2019";"04:40";"3";"50";"50144";"1";"1";"1";"7";"Le Ny au Jan";"48,7698830";" -1,0805250"
"201900058452";"10";"8";"2019";"14:15";"1";"76";"76351";"2";"6";"1";"7";"THEOPHILE GAUTIER";"49,5117200";"0,0893600"
"201900058453";"18";"2";"2019";"18:55";"3";"83";"83028";"1";"1";"1";"5";"RD 562";"43,5763620";"6,5923860"
"201900058454";"12";"8";"2019";"18:34";"1";"74";"74305";"2";"1";"1";"5";"ROTONDE (RUE DE LA)";"46,2034000";"6,2405000"
"201900058455";"16";"2";"2019";"11:15";"1";"83";"83145";"1";"1";"1";"6";"N/A";"43,5967400";"5,9595760"
"201900058456";"31";"5";"2019";"19:25";"1";"73";"73008";"2";"4";"1";"3";"D1201 ROOSEVELT FRANKLIN AVENUE";"45,7013270";"5,9091103"
"201900058457";"17";"8";"2019";"09:54";"1";"72";"72181";"2";"1";"3";"6";"GENESLAY FELIX (AV) N° IMP 171 A 263";"47,9759200";"0,2072100"
"201900058458";"17";"8";"2019";"01:00";"5";"72";"72095";"2";"1";"1";"6";"GAULLE CHARLES DE (RUE)";"48,0292300";"0,2050400"