"Num_Acc";"jour";"mois";"an";"hrmn";"lum";"dep";"com";"agg";"int";"atm";"col";"adr";"lat";"long"
"201900058459";"14";"8";"2019";"15:15";"1";"71";"71306";"2";"1";"1";"2";"JEAN DIDIER (RUE)";"46,6601100";"4,3527400"
"201900058460";"16";"8";"2019";"17:00";"1";"71";"71270";"2";"1";"1";"3";"HERRIOT (AVENUE EDOUARD)";"46,3010400";"4,8303700"
"201900058461";"16";"8";"2019";"09:40";"1";"71";"71153";"2";"6";"1";"3";"RD 984 - RD 28 - ABATTOIRS (boulevard des)";"46,7856194";"4,4364605"
"201900058462";"17";"8";"2019";"14:00";"1";"69";"69256";"2";"2";"1";"3";"JEANNE MOREL                      (R)";"45,7854200";"4,9261400"
"201900058463";"14";"8";"2019";"17:45";"1";"69";"69256";"2";"3";"1";"3";"MAURICE THOREZ                      (AV)";"45,7824210";"4,9128100"
"201900058464";"16";"6";"2019";"02:10";"5";"75";"75103";"2";"3";"1";"3";"BOULEVARD BEAUMARCHAIS";"48,8610110";"2,3672460"
"201900058465";"13";"6";"2019";"13:45";"1";"75";"75103";"2";"3";"1";"6";"BOULEVARD BEAUMARCHAIS";"48,8601050";"2,3674620"
"201900058466";"14";"8";"2019";"08:20";"1";"69";"69282";"2";"2";"1";"5";"REPUBLIQUE (DE)                     (R )";"45,7694700";"4,9878200"
"201900058467";"9";"6";"2019";"02:55";"5";"75";"75102";"2";"3";"1";"6";"BOULEVARD DE BONNE NOUVELLE";"48,8700220";"2,3509350"
"201900058468";"14";"8";"2019";"08:50";"1";"69";"69266";"2";"6";"1";"6";"FRANCIS DE PRESSENSE    (Rue)";"45,7713000";"4,8845900"
"201900058469";"8";"6";"2019";"16:35";"1";"75";"75103";"2";"1";"2";"3";"RUE SAINT MARTIN";"48,8624650";"2,3521200"
"201900058470";"6";"6";"2019";"23:00";"5";"75";"75103";"2";"1";"1";"3";"RUE DU TEMPLE";"48,8659500";"2,3610230"
"201900058471";"12";"8";"2019";"07:10";"1";"69";"69290";"2";"2";"2";"1";"PARILLY (DE)                        (BD)";"45,7177100";"4,9093500"
"201900058472";"14";"6";"2019";"08:45";"1";"75";"75102";"2";"2";"1";"6";"RUE DE LA PAIX";"48,8695540";"2,3315180"
"201900058473";"16";"8";"2019";"13:50";"1";"69";"69091";"2";"1";"1";"2";"BASSIN (PL)";"45,5901400";"4,7755200"
"201900058474";"13";"8";"2019";"15:50";"1";"69";"69091";"2";"4";"1";"2";"SAINT GERALD ( R )";"45,5825800";"4,7728600"
"201900058475";"14";"6";"2019";"03:10";"5";"75";"75103";"2";"3";"1";"6";"RUE SAINT MARTIN";"48,8636810";"2,3527780"
"201900058476";"5";"6";"2019";"15:55";"1";"75";"75102";"2";"2";"2";"6";"RUE DE RICHELIEU";"48,8691660";"2,3386860"
"201900058477";"31";"5";"2019";"21:10";"5";"75";"75102";"2";"2";"1";"3";"RUE ETIENNE MARCEL";"48,8636710";"2,3500170"
"201900058478";"17";"6";"2019";"17:00";"1";"75";"75101";"2";"3";"1";"6";"RUE DANIELLE CASANOVA";"48,8679530";"2,3317210"
"201900058479";"16";"6";"2019";"14:30";"1";"75";"75101";"2";"3";"1";"6";"RUE DE RIVOLI";"48,8646510";"2,3293090"
"201900058480";"13";"6";"2019";"17:20";"1";"75";"75101";"2";"3";"1";"6";"RUE DE RIVOLI";"48,8607970";"2,3412180"
"201900058481";"13";"6";"2019";"10:30";"1";"75";"75109";"2";"4";"8";"7";"AVENUE TRUDAINE";"48,8815380";"2,3444490"
"201900058482";"11";"6";"2019";"23:45";"5";"75";"75104";"2";"2";"8";"3";"QUAI DE GESVRES";"48,8567160";"2,3489280"
"201900058483";"11";"6";"2019";"18:30";"1";"75";"75101";"2";"2";"3";"3";"QUAI DE L HORLOGE";"48,8562080";"2,3464500"
"201900058484";"11";"6";"2019";"16:00";"1";"75";"75101";"2";"3";"8";"6";"AVENUE DE L OPERA";"48,8672410";"2,3337630"
"201900058485";"11";"6";"2019";"08:43";"1";"75";"75101";"2";"3";"1";"2";"RUE DE RIVOLI";"48,8639880";"2,3313540"
"201900058486";"8";"6";"2019";"12:30";"1";"75";"75101";"2";"2";"1";"3";"RUE CROIX DES PETITS CHAMPS";"48,8630050";"2,3395170"
"201900058487";"1";"6";"2019";"19:30";"1";"75";"75101";"2";"1";"1";"6";"QUAI DES TUILERIES";"48,8624450";"2,3251650"
"201900058488";"29";"5";"2019";"17:45";"1";"75";"75101";"2";"7";"1";"3";"RUE DE L AMIRAL DE COLIGNY";"48,8595050";"2,3401360"
"201900058489";"17";"6";"2019";"14:45";"1";"94";"94081";"2";"1";"1";"6";"JULES GUESDE (QU)";"48,7930000";"2,4190000"
"201900058490";"3";"6";"2019";"18:28";"1";"94";"94022";"2";"1";"1";"2";"ALFORTVILLE (AV D)";"48,7716500";"2,4136900"
"201900058491";"1";"6";"2019";"19:35";"1";"94";"94081";"2";"5";"1";"3";"YOURI GAGARINE (AV)";"48,7894100";"2,3892800"
"201900058492";"31";"5";"2019";"20:30";"2";"94";"94081";"2";"2";"1";"3";"CONCORDE (R DE LA)";"48,7990600";"2,3832900"
"201900058493";"30";"5";"2019";"02:10";"5";"94";"94081";"2";"1";"1";"6";"LEON GEFFROY (R)";"48,7760500";"2,4089900"
"201900058494";"17";"6";"2019";"14:30";"1";"94";"94067";"2";"1";"1";"2";"GENERAL DE GAULLE (AV DU)";"48,8406257";"2,4174735"
"201900058495";"15";"6";"2019";"23:10";"5";"94";"94067";"2";"2";"1";"3";"DAUMESNIL (AV)";"48,8349900";"2,4197800"
"201900058496";"14";"6";"2019";"08:00";"1";"94";"94080";"2";"2";"1";"6";"LAGNY (R DE)";"48,8489300";"2,4262000"
"201900058497";"6";"6";"2019";"20:40";"1";"94";"94080";"2";"9";"1";"6";"IDALIE (R D)";"48,8450000";"2,4300000"
"201900058498";"1";"6";"2019";"18:00";"1";"94";"94080";"2";"3";"1";"4";"JULES MASSENET (R)";"48,8491000";"2,4529000"
"201900058499";"18";"6";"2019";"17:30";"1";"94";"94074";"2";"1";"1";"1";"JULIEN DURANTON (avenue)";"48,7622200";"2,4485400"
"201900058500";"18";"6";"2019";"15:10";"1";"94";"94074";"2";"1";"1";"6";"COLONEL FABIEN (R)";"48,7453200";"2,4692500"
"201900058501";"17";"6";"2019";"17:45";"1";"94";"94077";"2";"1";"1";"6";"FRONT DE SEINE";"48,7296069";"2,4434775"
"201900058502";"13";"6";"2019";"16:30";"1";"94";"94077";"2";"1";"1";"6";"PARMENTIER (AV)";"48,7400000";"2,4200000"
"201900058503";"13";"6";"2019";"07:40";"1";"94";"94077";"2";"9";"8";"7";"VERDUN (COUR DE)";"48,7402800";"2,4090600"
"201900058504";"8";"6";"2019";"21:05";"2";"94";"94078";"2";"3";"1";"6";"THIMONNIER (R)";"48,7507800";"2,4468100"
"201900058505";"7";"6";"2019";"10:00";"1";"94";"94074";"2";"6";"2";"2";"SALVADOR ALLENDE (AV)";"48,7522300";"2,4547000"
"201900058506";"6";"6";"2019";"19:39";"1";"94";"94074";"2";"1";"1";"6";"COLONEL FABIEN (R)";"48,7450500";"2,4695800"
"201900058507";"2";"6";"2019";"15:45";"1";"94";"94078";"2";"3";"1";"3";"HUIT MAI 1945 (AV DU)";"48,7276500";"2,4456400"
"201900058508";"1";"6";"2019";"05:00";"2";"94";"94078";"2";"3";"1";"3";"VILLENEUVE LE ROI (PONT DE)";"48,7277600";"2,4454000"
"201900058509";"31";"5";"2019";"14:25";"1";"94";"94074";"2";"1";"1";"3";"HENRI BARBUSSE (AV)";"48,7674200";"2,4410350"
"201900058510";"31";"5";"2019";"12:05";"1";"94";"94074";"2";"1";"1";"2";"SALVADOR ALLENDE (AV)";"48,7523800";"2,4551900"
"201900058511";"17";"6";"2019";"21:00";"2";"94";"94068";"2";"2";"1";"3";"BELLECHASSE (BD DE)";"48,7937100";"2,4897300"
"201900058512";"18";"6";"2019";"12:00";"1";"94";"94068";"2";"1";"1";"2";"BAC (AV DU)";"48,7900000";"2,4800000"
"201900058513";"17";"6";"2019";"13:25";"1";"94";"94068";"2";"9";"1";"6";"MARRONNIERS (PL DES)";"48,8052200";"2,4976400"
"201900058514";"15";"6";"2019";"18:40";"1";"94";"94068";"2";"1";"1";"6";"GARIBALDI (R)";"48,7953870";"2,4842910"
"201900058515";"14";"6";"2019";"07:55";"1";"94";"94068";"2";"2";"1";"3";"ROCHER (AV DU)";"48,8003930";"2,4999690"
"201900058516";"9";"6";"2019";"15:50";"1";"94";"94068";"2";"2";"1";"3";"LOUIS BLANC (AV)";"48,7900000";"2,4900000"
"201900058517";"2";"6";"2019";"10:50";"1";"94";"94068";"2";"3";"1";"3";"VARENNE (R DE LA)";"48,7900000";"2,4800000"
"201900058518";"30";"5";"2019";"15:10";"1";"94";"94068";"2";"7";"1";"3";"JEAN MOULIN (PL)";"48,7979000";"2,5027600"
"201900058519";"17";"6";"2019";"16:05";"1";"94";"94058";"2";"1";"1";"6";"PIERRE BROSSOLETTE (AV)";"48,8345630";"2,5098830"
"201900058520";"15";"6";"2019";"16:25";"1";"94";"94042";"2";"1";"1";"5";"GENERAL GALLIENI - PONT DE JOINVILLE (AV";"48,8203100";"2,4755100"
"201900058521";"13";"6";"2019";"18:40";"1";"94";"94052";"2";"3";"1";"3";"STRASBOURG (BD DE)";"48,8419400";"2,4837500"
"201900058522";"13";"6";"2019";"16:30";"1";"94";"94058";"2";"1";"1";"2";"ALSACE LORRAINE (BD D)";"48,8502900";"2,5008800"
"201900058523";"13";"6";"2019";"09:20";"1";"94";"94015";"2";"6";"1";"1";"PASTEUR (BD)";"48,8325000";"2,5313000"
"201900058524";"12";"6";"2019";"00:55";"5";"94";"94017";"2";"1";"1";"2";"STALINGRAD (BD DE)";"48,8285300";"2,4937000"
"201900058525";"9";"6";"2019";"22:40";"5";"94";"94042";"2";"1";"1";"7";"GENERAL GALLIENI - PONT DE JOINVILLE (AV";"48,8200000";"2,4705800"
"201900058526";"8";"6";"2019";"10:05";"1";"94";"94052";"2";"1";"1";"2";"PONT DE NOGENT";"48,8309500";"2,4932200"
"201900058527";"5";"6";"2019";"00:20";"5";"94";"94042";"2";"3";"1";"3";"HENRI BARBUSSE (R)";"48,8123400";"2,4675900"
"201900058528";"2";"6";"2019";"10:28";"1";"94";"94042";"2";"1";"1";"6";"CHAPSAL (R)";"48,8235700";"2,4654700"
"201900058529";"31";"5";"2019";"19:45";"1";"94";"94052";"2";"1";"1";"3";"GALLIENI (BD)";"48,8387400";"2,4864000"
"201900058530";"19";"6";"2019";"20:45";"2";"94";"94046";"2";"9";"1";"6";"GENERAL DE GAULLE (AV DU)";"48,8027300";"2,4285400"
"201900058531";"17";"6";"2019";"21:30";"2";"94";"94046";"2";"1";"1";"7";"REPUBLIQUE (AV DE LA)";"48,8106000";"2,4566000"
"201900058532";"16";"6";"2019";"15:15";"1";"94";"94046";"2";"3";"1";"1";"CONCORDE (R DE LA)";"48,8120000";"2,4446300"
"201900058533";"15";"6";"2019";"09:00";"1";"94";"94046";"2";"9";"1";"6";"GAMBETTA (AV)";"48,8100100";"2,4436200"
"201900058534";"13";"6";"2019";"10:55";"1";"94";"94046";"2";"1";"1";"6";"GENERAL DE GAULLE (AV DU)";"48,8107900";"2,4232400"
"201900058535";"6";"6";"2019";"10:40";"1";"94";"94046";"2";"1";"8";"7";"JEAN JAURES (R)";"48,7924000";"2,4346800"
"201900058536";"19";"6";"2019";"10:15";"1";"94";"94076";"2";"1";"1";"3";"STALINGRAD (AV DE)";"48,7843700";"2,3666900"
"201900058537";"18";"6";"2019";"20:50";"2";"94";"94076";"2";"2";"1";"3";"KARL MARX (AV)";"48,7844800";"2,3591600"
"201900058538";"18";"6";"2019";"17:15";"1";"94";"94076";"2";"1";"1";"3";"PRESIDENT ALLENDE (AV DU)";"48,7975600";"2,3485300"
"201900058539";"18";"6";"2019";"15:25";"1";"94";"94076";"2";"1";"1";"6";"MAXIME GORKI (BD)";"48,7958000";"2,3683700"
"201900058540";"18";"6";"2019";"08:50";"1";"94";"94076";"2";"1";"1";"6";"PAUL VAILLANT COUTURIER (AV)";"48,7947800";"2,3648300"
"201900058541";"12";"6";"2019";"20:15";"1";"94";"94037";"2";"1";"3";"2";"PAUL VAILLANT COUTURIER (AV)";"48,8169100";"2,3321200"
"201900058542";"13";"6";"2019";"18:25";"1";"94";"94043";"2";"1";"3";"3";"FONTAINEBLEAU (AV DE)";"48,8102504";"2,3623627"
"201900058543";"13";"6";"2019";"09:25";"1";"94";"94043";"2";"1";"1";"2";"GABRIEL PERI (R)";"48,8126100";"2,3535600"
"201900058544";"5";"6";"2019";"13:15";"1";"94";"94076";"2";"1";"2";"6";"VERDUN (R DE)";"48,7935500";"2,3540500"
"201900058545";"3";"6";"2019";"15:30";"1";"94";"94043";"2";"1";"2";"2";"MARC SANGNIER (R)";"48,8039160";"2,3557110"
"201900058546";"31";"5";"2019";"19:55";"1";"94";"94076";"2";"1";"1";"6";"MAXIME GORKI (R)";"48,7917100";"2,3694300"
"201900058547";"18";"6";"2019";"07:20";"1";"94";"94041";"2";"4";"1";"3";"JEAN COMPAGNON (QU)";"48,8200400";"2,3962300"
"201900058548";"17";"6";"2019";"17:20";"1";"94";"94041";"2";"2";"1";"6";"PAUL VAILLANT COUTURIER (BD)";"48,8183100";"2,3978700"
"201900058549";"17";"6";"2019";"13:45";"1";"94";"94041";"2";"1";"1";"2";"VICTOR HUGO (R)";"48,8178900";"2,3824300"
"201900058550";"17";"6";"2019";"10:30";"1";"94";"94041";"2";"1";"1";"6";"ROBESPIERRE (R)";"48,8103000";"2,3847000"
"201900058551";"17";"6";"2019";"08:30";"1";"94";"94041";"2";"1";"1";"3";"HOCHE (R)";"48,8107900";"2,3792500"
"201900058552";"16";"6";"2019";"01:10";"5";"94";"94041";"2";"2";"1";"1";"JEAN JAURES (AV)";"48,8116066";"2,4030584"
"201900058553";"14";"6";"2019";"16:00";"1";"94";"94041";"2";"6";"1";"3";"AMEDEE HUON (R)";"48,8043863";"2,3857893"
"201900058554";"10";"6";"2019";"16:40";"1";"94";"94041";"2";"1";"1";"3";"STALINGRAD (BD DE)";"48,8051400";"2,3767400"
"201900058555";"6";"6";"2019";"16:30";"1";"94";"94041";"2";"5";"1";"5";"DANIELLE CASANOVA (AV)";"48,8175900";"2,3816200"
"201900058556";"29";"5";"2019";"23:00";"3";"94";"94041";"2";"1";"1";"2";"ROBESPIERRE (R)";"48,8070000";"2,3860000"
"201900058557";"18";"6";"2019";"19:25";"1";"94";"94021";"2";"1";"1";"6";"STALINGRAD (AV DE)";"48,7627800";"2,3681800"
"201900058558";"15";"6";"2019";"00:45";"5";"94";"94073";"2";"1";"3";"6";"VERSAILLES (AV DE)";"48,7592600";"2,3964700"
"201900058559";"13";"6";"2019";"15:30";"1";"94";"94073";"2";"1";"1";"2";"GEORGES HALGOULT (R)";"48,7627400";"2,4012800"
"201900058560";"12";"6";"2019";"17:10";"1";"94";"94034";"2";"1";"3";"6";"MAURICE TENINE (R)";"48,7559500";"2,3286000"
"201900058561";"11";"6";"2019";"08:50";"1";"94";"94021";"2";"1";"1";"6";"ADJUDANT CHEF DERICBOURG (R DE L)";"48,7736660";"2,3551460"
"201900058562";"8";"6";"2019";"23:30";"5";"94";"94021";"2";"1";"1";"2";"JEAN MERMOZ (BD)";"48,7704200";"2,3378600"
"201900058563";"7";"6";"2019";"08:30";"1";"94";"94065";"2";"2";"8";"3";"FONTAINEBLEAU (AV DE)";"48,7461600";"2,3691900"
"201900058564";"6";"6";"2019";"14:10";"1";"94";"94065";"2";"1";"1";"2";"CHARLES LINDBERGH (AV)";"48,7494280";"2,3558800"
"201900058565";"1";"6";"2019";"09:55";"1";"94";"94073";"2";"1";"1";"2";"GUY MOCQUET (R)";"48,7724680";"2,3954032"
"201900058566";"31";"5";"2019";"08:00";"1";"94";"94038";"2";"1";"1";"3";"GENERAL DE GAULLE (AV DU)";"48,7824200";"2,3441700"
"201900058567";"15";"6";"2019";"19:30";"1";"94";"94033";"2";"1";"1";"6";"BELLE GABRIELLE (AV DE LA)";"48,8410000";"2,4655400"
"201900058568";"15";"6";"2019";"16:10";"1";"94";"94033";"2";"9";"1";"3";"LOUISON BOBET (AV)";"48,8500000";"2,4800000"
"201900058569";"13";"6";"2019";"12:00";"1";"94";"94033";"2";"2";"1";"6";"CLOS D ORLEANS (R DU)";"48,8426000";"2,4720900"
"201900058570";"19";"6";"2019";"00:45";"5";"94";"94028";"2";"3";"1";"3";"TASSIGNY(AVE DU MARECHAL DE LATTRE DE)";"48,8003800";"2,4512200"
"201900058571";"17";"6";"2019";"15:55";"1";"94";"94028";"2";"6";"1";"3";"POMPADOUR(CARREFOUR)";"48,7743505";"2,4391325"
"201900058572";"13";"6";"2019";"11:50";"1";"94";"94071";"2";"3";"1";"5";"MAURICE BERTEAUX (R)";"48,7736000";"2,5174100"
"201900058573";"7";"6";"2019";"13:10";"1";"94";"94028";"2";"1";"1";"6";"BROSSOLETTE(AVENUE PIERRE)";"48,7901340";"2,4638200"
"201900058574";"6";"6";"2019";"18:20";"1";"94";"94028";"2";"1";"1";"6";"SAINT-SIMON.(RUE ET VILLA)";"48,7949200";"2,4449200"
"201900058575";"6";"6";"2019";"01:25";"5";"94";"94028";"2";"2";"8";"3";"FALKIRK(RUE)";"48,7720000";"2,4588000"
"201900058576";"31";"5";"2019";"18:40";"1";"94";"94028";"2";"9";"1";"3";"POMPADOUR(CARREFOUR)";"48,7743300";"2,4396900"
"201900058577";"30";"5";"2019";"19:30";"1";"94";"94028";"2";"6";"1";"2";"GAULLE(AVENUE DU GENERAL DE)";"48,7846600";"2,4518000"
"201900058578";"30";"5";"2019";"12:30";"1";"94";"94028";"2";"9";"1";"3";"ECOLES.(RUE DES)";"48,7890600";"2,4681100"
"201900058579";"16";"6";"2019";"23:25";"5";"94";"94022";"2";"1";"1";"6";"HUIT MAI 1945 (AV DU)";"48,7646000";"2,4104000"
"201900058580";"15";"6";"2019";"05:05";"2";"94";"94054";"2";"9";"2";"1";"CHARLES TILLON (route)";"48,7453800";"2,3845500"
"201900058581";"14";"6";"2019";"20:08";"1";"94";"94054";"2";"1";"1";"6";"FER A CHEVAL (R DU)";"48,7440500";"2,4079400"
"201900058582";"13";"6";"2019";"15:10";"1";"94";"94022";"2";"1";"1";"6";"STALINGRAD (BD DE)";"48,7744200";"2,3990000"
"201900058583";"9";"6";"2019";"11:00";"1";"94";"94022";"2";"3";"1";"6";"ANATOLE FRANCE (AV)";"48,7584715";"2,4128714"
"201900058584";"6";"6";"2019";"12:15";"1";"94";"94022";"2";"1";"1";"6";"REPUBLIQUE (AV DE LA)";"48,7600180";"2,4082433"
"201900058585";"5";"6";"2019";"15:40";"1";"94";"94054";"2";"2";"2";"3";"VICTOIRE (AV DE LA)";"48,7449810";"2,4000500"
"201900058586";"1";"6";"2019";"17:00";"1";"94";"94022";"2";"2";"7";"1";"VILLENEUVE ST GEORGES (AV)";"48,7667800";"2,4144000"
"201900058587";"30";"5";"2019";"16:50";"1";"94";"94022";"2";"2";"1";"3";"VICTOR HUGO (AV)";"48,7687400";"2,4206600"
"201900058588";"14";"6";"2019";"16:20";"1";"94";"94019";"2";"1";"1";"3";"CONDORCET (R)";"48,7966000";"2,5444000"
"201900058589";"13";"6";"2019";"10:10";"1";"94";"94079";"2";"1";"1";"3";"ROBERT SCHUMAN (R)";"48,8225900";"2,5414100"
"201900058590";"12";"6";"2019";"18:50";"1";"94";"94079";"2";"1";"1";"3";"JEAN JAURES (R)";"48,8273200";"2,5283200"
"201900058591";"12";"6";"2019";"07:20";"2";"94";"94019";"2";"2";"5";"3";"LIBERATION (RTE DE LA)";"48,8027510";"2,5386450"
"201900058592";"8";"6";"2019";"12:05";"1";"94";"94019";"2";"1";"1";"2";"LIBERATION (RTE DE LA)";"48,8049900";"2,5349200"
"201900058593";"8";"6";"2019";"11:32";"1";"94";"94053";"2";"1";"1";"2";"GRANDE RUE PIERRE MENDES-FRANCE (R)";"48,7714000";"2,5444800"
"201900058594";"10";"6";"2019";"17:55";"1";"94";"94069";"2";"2";"1";"3";"GRAVELLE (AV DE)";"48,8240200";"2,4200600"
"201900058595";"5";"6";"2019";"13:14";"1";"94";"94018";"2";"2";"2";"3";"GRAVELLE (AV DE)";"48,8246300";"2,4128600"
"201900058596";"2";"6";"2019";"14:50";"1";"94";"94018";"2";"1";"1";"3";"GRAVELLE (AV DE)";"48,8268400";"2,4070300"
"201900058597";"31";"5";"2019";"17:50";"1";"94";"94018";"2";"1";"1";"3";"GRAVELLE (AV DE)";"48,8295651";"2,4022722"
"201900058598";"18";"6";"2019";"00:00";"5";"94";"94017";"2";"3";"1";"3";"CHARLES FLOQUET (R)";"48,8199200";"2,4825300"
"201900058599";"16";"6";"2019";"17:30";"1";"94";"94017";"2";"4";"1";"3";"ROGER SALENGRO (AV)";"48,8200200";"2,4840900"
"201900058600";"12";"6";"2019";"00:30";"5";"94";"94017";"2";"2";"1";"3";"GENERAL DE GAULLE (AV DU)";"48,8200300";"2,4840600"
"201900058601";"7";"6";"2019";"15:50";"1";"94";"94017";"2";"1";"8";"6";"BOILEAU (AV)";"48,8032600";"2,5504100"
"201900058602";"6";"6";"2019";"18:15";"1";"94";"94017";"2";"1";"1";"6";"MAURICE THOREZ (AV)";"48,8146300";"2,5377800"
"201900058603";"19";"6";"2019";"07:40";"1";"94";"94004";"2";"1";"1";"3";"PARIS (R DE)";"48,7532300";"2,5075800"
"201900058604";"14";"6";"2019";"09:05";"1";"94";"94048";"2";"2";"1";"5";"NATIONALE 19";"48,7275355";"2,5397641"
"201900058605";"12";"6";"2019";"22:50";"5";"94";"94044";"2";"1";"1";"2";"GABRIEL PERI (AV)";"48,7518600";"2,4863000"
"201900058606";"13";"6";"2019";"09:00";"1";"94";"94004";"2";"1";"1";"3";"GENERAL LECLERC (AV DU)";"48,7493700";"2,5084300"
"201900058607";"5";"6";"2019";"23:00";"5";"94";"94071";"2";"1";"2";"6";"FOSSE ROUGE (R DE LA)";"48,7753400";"2,5238800"
"201900058608";"11";"6";"2019";"15:25";"1";"94";"94075";"2";"9";"1";"2";"MARECHAL DE LATTRE DE TASSIGNY (AV)";"48,7310440";"2,5242330"
"201900058609";"11";"6";"2019";"01:50";"3";"94";"94004";"2";"1";"1";"2";"FFI (ALL DES)";"48,7563202";"2,5073315"
"201900058610";"8";"6";"2019";"20:50";"1";"94";"94075";"2";"3";"1";"3";"BRUNOY (R DE)";"48,7126200";"2,5281100"
"201900058611";"3";"6";"2019";"16:30";"1";"94";"94071";"2";"9";"9";"6";"QUEUE EN BRIE (RTE DE LA)";"48,7604000";"2,5320200"
"201900058612";"2";"6";"2019";"16:40";"1";"94";"94004";"2";"1";"1";"5";"GENERAL LECLERC (AV DU)";"48,7526260";"2,5065720"
"201900058613";"6";"6";"2019";"08:45";"1";"94";"94002";"2";"3";"1";"3";"EMILE ZOLA (R)";"48,7900000";"2,4000000"
"201900058614";"4";"6";"2019";"18:30";"1";"94";"94028";"2";"1";"3";"7";"DIGUE D'ALFORTVILLE.";"48,7831000";"2,4320000"
"201900058615";"1";"12";"2019";"14:15";"1";"92";"92050";"2";"3";"1";"3";"ARAGO FRANCOIS AVENUE";"48,9012176";"2,2252744"
"201900058616";"3";"6";"2019";"21:10";"2";"94";"94002";"2";"3";"1";"2";"REVOLUTION (QU DE LA)";"48,7820600";"2,4197800"
"201900058617";"1";"12";"2019";"22:10";"5";"1";"01333";"2";"1";"1";"5";"685 Route de Bourg En Bresse";"45,9307920";"4,9574010"
"201900058618";"18";"6";"2019";"18:48";"1";"93";"93073";"2";"6";"1";"3";"RESISTANCE (RUE DE LA)";"48,9477000";"2,5663100"
"201900058619";"18";"6";"2019";"17:45";"1";"93";"93078";"2";"1";"1";"6";"DAMBEL (AVENUE EMILE)";"48,9525000";"2,5502700"
"201900058620";"2";"12";"2019";"05:00";"3";"45";"45339";"1";"1";"1";"6";"Lieu Dit la Merlerie";"47,9976280";"2,5880970"
"201900058621";"17";"6";"2019";"18:00";"1";"93";"93078";"2";"1";"1";"6";"DELACROIX (RUE EUGENE)";"48,9503600";"2,5520900"
"201900058622";"17";"6";"2019";"10:15";"1";"93";"93073";"1";"1";"1";"2";"CHAPIT RE ( RUE DU)";"49,0038500";"2,5667400"
"201900058623";"28";"11";"2019";"18:10";"5";"83";"83054";"1";"1";"1";"3";"La Farlède (Embranchement d'autoroute)";"43,1548100";"6,0418370"
"201900058624";"2";"12";"2019";"12:45";"1";"28";"28326";"1";"1";"1";"6";"D941";"48,2774160";"1,2555560"
"201900058625";"15";"6";"2019";"22:28";"5";"93";"93078";"2";"2";"1";"5";"BALLANGER (BD ROBERT)";"48,9576270";"2,5450140"
"201900058626";"2";"12";"2019";"15:00";"1";"76";"76404";"1";"1";"1";"1";"D925";"49,5821800";"0,2428050"
"201900058627";"14";"6";"2019";"23:55";"4";"93";"93078";"2";"6";"1";"3";"NATIONS (AVENUE DES)";"48,9703000";"2,5033000"
"201900058628";"30";"11";"2019";"22:00";"3";"1";"01360";"1";"1";"2";"6";"D884";"46,2167699";"5,9762893"
"201900058629";"1";"12";"2019";"23:15";"3";"22";"22305";"1";"1";"2";"7";"Saint-Jouan-de-l'Isle";"48,2728547";" -2,1776316"
"201900058630";"13";"6";"2019";"14:45";"1";"93";"93078";"2";"1";"2";"2";"CLEMENCEAU (AVENUE GEORGES)";"48,9545100";"2,5619300"
"201900058631";"29";"11";"2019";"17:55";"3";"57";"57655";"1";"1";"1";"1";"D955";"48,9595470";"6,2984430"
"201900058632";"1";"12";"2019";"22:05";"3";"74";"74289";"1";"1";"9";"6";"D14";"45,9063290";"5,9423930"
"201900058633";"13";"6";"2019";"16:10";"1";"93";"93073";"2";"2";"1";"3";"BARBUSSE (RUE HENRI)";"48,9642700";"2,5704700"
"201900058634";"2";"12";"2019";"13:25";"1";"2B";"2B346";"2";"1";"1";"3";"Arena Soprana";"42,4990170";"9,4672720"
"201900058635";"12";"6";"2019";"04:45";"2";"93";"93073";"2";"9";"2";"6";"CHAPIT RE ( RUE DU)";"49,0050000";"2,5490000"
"201900058636";"11";"6";"2019";"10:52";"1";"93";"93078";"2";"9";"1";"6";"DELATTRE DE TASSIGNY (AVENUE)";"48,9636800";"2,5378000"
"201900058637";"28";"11";"2019";"19:10";"3";"60";"60102";"1";"1";"1";"5";"D200";"49,3062888";"2,5316892"
"201900058638";"11";"6";"2019";"09:30";"1";"93";"93073";"2";"1";"1";"6";"CHAPIT RE ( RUE DU)";"48,9942900";"2,5229600"
"201900058639";"30";"11";"2019";"18:00";"3";"46";"46128";"1";"1";"2";"1";"D 807";"44,7923260";"1,7466800"
"201900058640";"7";"6";"2019";"19:00";"1";"93";"93073";"2";"9";"2";"3";"ROISSY (ROUTE DE)";"48,9805280";"2,5555190"
"201900058641";"2";"12";"2019";"00:24";"3";"47";"47310";"1";"1";"5";"6";"Ayet";"44,3525900";"0,3196770"
"201900058642";"7";"6";"2019";"23:45";"5";"93";"93073";"2";"1";"1";"2";"BERGER (RUE GILBERT)";"48,9459300";"2,5693400"
"201900058643";"1";"12";"2019";"00:05";"4";"29";"29080";"2";"1";"1";"1";"Rue Emile Salaun";"48,3308200";" -4,2452800"
"201900058644";"1";"12";"2019";"04:55";"3";"68";"68139";"1";"1";"1";"6";"D17";"47,5811580";"7,2160430"
"201900058645";"6";"6";"2019";"20:00";"1";"93";"93073";"1";"1";"1";"6";"CHAPIT RE ( RUE DU)";"48,9496000";"2,5684000"
"201900058646";"2";"12";"2019";"17:10";"3";"68";"68134";"1";"1";"1";"1";"1 Cour Sainte Marthe";"48,0242240";"7,3217890"
"201900058647";"5";"6";"2019";"15:05";"1";"93";"93073";"2";"1";"2";"6";"CHAPIT RE ( RUE DU)";"48,9872000";"2,5441000"
"201900058648";"1";"12";"2019";"02:15";"3";"44";"44127";"2";"1";"5";"7";"15 Rue des acacias ";"47,0163084";" -1,4301897"
"201900058649";"18";"6";"2019";"13:24";"1";"93";"93072";"2";"3";"1";"2";"ROLL TANGUY";"48,9581900";"2,3675500"