"Num_Acc";"jour";"mois";"an";"hrmn";"lum";"dep";"com";"agg";"int";"atm";"col";"adr";"lat";"long"
"201900058650";"2";"12";"2019";"04:40";"3";"31";"31451";"2";"1";"5";"6";"7 Rue Georges Brassens";"43,4665480";"1,9954050"
"201900058651";"17";"6";"2019";"10:15";"1";"93";"93072";"2";"9";"1";"6";"MAXIME GORKI (BOULEVARD) N°72 AU 80";"48,9464700";"2,3864300"
"201900058652";"2";"12";"2019";"18:17";"3";"38";"38012";"1";"1";"1";"2";"Route des Savoie";"45,6128200";"5,6147100"
"201900058653";"15";"6";"2019";"13:50";"1";"93";"93072";"2";"9";"1";"3";"MARCEL CACHIN (AVENUE) COTE N°16 AU 50";"48,9573800";"2,3828100"
"201900058654";"2";"12";"2019";"13:55";"1";"70";"70163";"1";"1";"1";"1";"N57 PR 39Colombier";"47,6637511";"6,2202804"
"201900058655";"1";"6";"2019";"12:30";"1";"93";"93066";"2";"9";"1";"3";"""STALINGRAND (AV), NR 2-86 ET 1 SUIVANTS";"48,9454700";"2,3638400"
"201900058656";"2";"12";"2019";"08:15";"2";"26";"26246";"1";"1";"1";"3";"Route de DIE";"44,7640450";"5,3096870"
"201900058657";"2";"12";"2019";"16:05";"1";"45";"45081";"2";"9";"1";"6";"36 Rue de la Libération";"47,9289630";"1,5773690"
"201900058658";"15";"6";"2019";"20:58";"1";"93";"93071";"2";"1";"1";"6";"THIERS (RUE)";"48,9333000";"2,5333000"
"201900058659";"2";"12";"2019";"13:00";"1";"53";"53016";"1";"3";"1";"3";"D20, au niveau de l'intersection de la Loirie";"48,2587330";" -0,3536110"
"201900058660";"9";"6";"2019";"02:15";"1";"93";"93071";"2";"2";"1";"1";"JAURES (AV. JEAN) 1 A 123";"48,9350020";"2,5345770"
"201900058661";"7";"6";"2019";"00:20";"5";"93";"93005";"2";"3";"1";"3";"CHARLES GOUPPY (RUE)";"48,9417910";"2,4980540"
"201900058662";"2";"12";"2019";"08:30";"1";"85";"85179";"1";"2";"1";"3";"La Croisée du Lièvre";"46,5248300";" -1,5519700"
"201900058663";"1";"12";"2019";"15:20";"1";"23";"23006";"1";"1";"1";"7";"D914";"46,0876100";"1,5296570"
"201900058664";"19";"6";"2019";"13:10";"1";"93";"93070";"2";"3";"1";"2";"DOCTEUR BAUER(RUE DU) :N° 1 AU 73";"48,9122240";"2,3360380"
"201900058665";"29";"11";"2019";"23:50";"3";"87";"87086";"1";"1";"2";"7";"Linards";"45,6985070";"1,5678950"
"201900058666";"19";"6";"2019";"12:35";"1";"93";"93070";"2";"1";"1";"6";"ROSIERS(DES) : APRES 61";"48,9040170";"2,3339128"
"201900058667";"18";"6";"2019";"10:55";"1";"93";"93070";"2";"2";"1";"3";"JEAN-JAURES (BD)";"48,9130000";"2,3350000"
"201900058668";"1";"12";"2019";"17:45";"5";"37";"37139";"2";"3";"1";"3";"Rue Buntingford";"47,3917520";"0,5400210"
"201900058669";"5";"6";"2019";"12:20";"1";"93";"93070";"2";"9";"2";"1";"VICTOR-HUGO (BD)";"48,9047000";"2,3223000"
"201900058670";"29";"11";"2019";"10:30";"1";"37";"37050";"2";"6";"1";"6";"Rue Thomas Edison";"47,3378200";"0,7015440"
"201900058671";"2";"12";"2019";"09:50";"1";"52";"52497";"1";"1";"1";"6";"D213";"48,5462550";"4,9882160"
"201900058672";"2";"12";"2019";"16:40";"2";"8";"08410";"1";"2";"2";"2";"Semide";"49,3445670";"4,5627280"
"201900058673";"31";"10";"2019";"19:00";"5";"35";"35059";"1";"1";"1";"1";"D637";"48,1919080";" -1,7292090"
"201900058674";"4";"6";"2019";"14:33";"1";"93";"93070";"2";"1";"1";"4";"VICTOR-HUGO (BD)";"48,9069800";"2,3258800"
"201900058675";"27";"11";"2019";"15:20";"1";"6";"06085";"2";"1";"1";"7";"1550 Avenue Marechal Juin";"43,5877740";"6,9961170"
"201900058676";"3";"6";"2019";"18:20";"1";"93";"93070";"2";"1";"1";"6";"EMILE-ZOLA(RUE)";"48,9010000";"2,3200000"
"201900058677";"18";"6";"2019";"19:10";"1";"93";"93066";"2";"1";"1";"1";"RIMET JULES";"48,9233100";"2,3626800"
"201900058678";"1";"12";"2019";"04:45";"2";"987";"98715";"2";"1";"1";"3";"PK 2 Auae";" -17,5460090";" -149,5841560"
"201900058679";"16";"5";"2019";"03:04";"5";"93";"93039";"2";"2";"1";"7";"EPINAY (AVENUE DU PONT D' )";"48,9504120";"2,3067648"
"201900058680";"1";"12";"2019";"17:05";"3";"6";"06113";"1";"1";"2";"6";"A8 pk219+735 sud";"43,7963980";"7,4786290"
"201900058681";"17";"6";"2019";"10:30";"1";"93";"93066";"2";"1";"1";"2";"STADE DE FRANCE (AVENUE DU)";"48,9182700";"2,3618100"
"201900058682";"29";"11";"2019";"13:08";"1";"78";"78053";"2";"1";"1";"1";"rue de la Coudreuse";"48,8309460";"1,7200510"
"201900058683";"17";"6";"2019";"11:40";"1";"93";"93066";"2";"2";"7";"6";"GISQUET";"48,9383770";"2,3478470"
"201900058684";"25";"11";"2019";"19:45";"5";"2A";"2A247";"2";"3";"1";"3";"4 Voie Romaine";"41,5873840";"9,2796510"
"201900058685";"11";"6";"2019";"18:30";"1";"93";"93027";"2";"1";"2";"5";"LECLERC (AVENUE DU GENERAL)";"48,9289100";"2,3841700"
"201900058686";"2";"12";"2019";"07:00";"5";"68";"68231";"2";"7";"1";"7";"Place d'Armes Général de Gaulle";"48,0174030";"7,5287270"
"201900058687";"7";"6";"2019";"23:25";"5";"93";"93066";"2";"3";"6";"3";"VAILLANT COUTURIER PAUL (AV) NR 2 A 110";"48,9326500";"2,3660200"
"201900058688";"2";"12";"2019";"08:30";"1";"69";"69249";"1";"1";"1";"1";"D311";"45,6754370";"4,6293970"
"201900058689";"6";"6";"2019";"08:30";"1";"93";"93066";"2";"1";"8";"6";"""PERI GABRIEL, NR 2  A 114 ET 1 A 133""";"48,9311500";"2,3561500"
"201900058690";"2";"12";"2019";"18:35";"3";"79";"79049";"2";"2";"1";"3";"17 Rue du Général Leclerc";"46,8324700";" -0,4903300"
"201900058691";"6";"6";"2019";"06:30";"1";"93";"93066";"2";"1";"8";"2";"STADE DE FRANCE (AVENUE DU)";"48,9181800";"2,3613900"
"201900058692";"30";"11";"2019";"23:30";"3";"33";"33056";"1";"1";"2";"1";"182 Avenue de Labarde (ex RD209)";"44,9335200";" -0,5612500"
"201900058693";"4";"6";"2019";"15:00";"1";"93";"93066";"2";"2";"1";"6";"CHANTILLY";"48,9425480";"2,3703600"
"201900058694";"2";"12";"2019";"12:30";"1";"27";"27348";"2";"1";"1";"2";"D6015";"49,3303330";"1,1540390"
"201900058695";"4";"6";"2019";"08:15";"1";"93";"93066";"2";"1";"2";"6";"STADE DE FRANCE (AVENUE DU)";"48,9188000";"2,3618700"
"201900058696";"2";"12";"2019";"12:55";"1";"60";"60500";"2";"1";"1";"6";"Centre commercial Les Portes du Valois (Galerie marchande)";"49,0988384";"2,7513162"
"201900058697";"16";"6";"2019";"20:30";"1";"93";"93064";"2";"1";"1";"2";"KENNEDY (AVENUE DU PRESIDENT)";"48,8783800";"2,4888500"
"201900058698";"2";"12";"2019";"17:45";"5";"60";"60342";"2";"2";"1";"1";"774 Rue du 8 Mai 1945";"49,3037490";"2,4441320"
"201900058699";"1";"12";"2019";"20:25";"3";"2";"02381";"2";"1";"2";"6";"Chemin Latéral";"49,9260030";"4,0887270"
"201900058700";"2";"6";"2019";"10:15";"1";"93";"93064";"2";"1";"1";"2";"GARDEBLED (RUE RICHARD)";"48,8752600";"2,4845100"
"201900058701";"2";"12";"2019";"09:50";"1";"59";"59168";"2";"3";"7";"6";"Route Nationale";"50,5634070";"3,2371340"
"201900058702";"15";"6";"2019";"15:45";"1";"93";"93077";"2";"1";"1";"6";"GRANDE RUE";"48,8822000";"2,5233600"
"201900058703";"29";"11";"2019";"21:00";"5";"59";"59581";"2";"1";"1";"6";"62 Rue de la Gare";"50,7110580";"2,7844190"
"201900058704";"12";"6";"2019";"12:35";"1";"93";"93077";"2";"3";"1";"3";"RAINCY (AVENUE DU)";"48,8859200";"2,5083800"
"201900058705";"12";"6";"2019";"08:05";"1";"93";"93077";"2";"1";"1";"6";"OSSEVILLE (AVENUE D')";"48,8793400";"2,5187100"
"201900058706";"16";"6";"2019";"15:15";"1";"93";"93055";"2";"9";"1";"3";"JEAN LOLIVE (AVENUE)(137/FIN ET 134/FIN)";"48,8955300";"2,4262300"
"201900058707";"1";"12";"2019";"16:45";"1";"13";"13056";"1";"1";"2";"7";"A55-Sens Martigues vers Marseille";"43,3974210";"5,0467280"
"201900058708";"1";"12";"2019";"12:30";"1";"13";"13071";"1";"1";"2";"4";"A51-Sens Marseille vers Aix en Provence";"43,4191990";"5,3670530"
"201900058709";"1";"12";"2019";"09:40";"1";"13";"13216";"1";"1";"2";"7";"A55-Sens Martigues vers Marseille";"43,3590900";"5,3462100"
"201900058710";"29";"11";"2019";"10:00";"1";"13";"13055";"1";"1";"1";"5";"A507 sens Marseille - Aubagne";"43,3096500";"5,4246730"
"201900058711";"1";"12";"2019";"06:32";"5";"69";"69034";"1";"1";"1";"6";"BPNL   37.781 A 41.124";"45,7882600";"4,8546900"
"201900058712";"29";"11";"2019";"23:42";"5";"69";"69385";"2";"1";"1";"2";"A6   453.400 A 455.000";"45,7521800";"4,8202700"
"201900058713";"1";"12";"2019";"20:40";"5";"33";"33039";"1";"1";"1";"5";"ROCADE A 630";"44,7948100";" -0,5393600"
"201900058714";"1";"12";"2019";"18:20";"3";"91";"91136";"1";"1";"1";"2";"AUTOROUTE A10";"48,7134267";"2,2769554"
"201900058715";"1";"12";"2019";"07:50";"2";"91";"91340";"1";"1";"2";"6";"RN 104";"48,6086800";"2,4350470"
"201900058716";"1";"12";"2019";"03:00";"3";"91";"91521";"1";"1";"2";"5";"AUTOROUTE A6";"48,6439000";"2,3907000"
"201900058717";"1";"12";"2019";"03:25";"3";"78";"78029";"1";"1";"2";"6";"A13W";"48,9648300";"1,8476000"
"201900058718";"1";"12";"2019";"17:50";"3";"77";"77121";"1";"1";"2";"2";"A4";"48,8311000";"2,6877900"
"201900058719";"30";"11";"2019";"02:15";"5";"987";"98735";"2";"6";"1";"3";"BRUAT (AVENUE)";" -17,5434930";" -149,5704470"
"201900058720";"30";"11";"2019";"23:48";"5";"976";"97611";"2";"1";"1";"7";"mgombani-Mahabou (rond point)";" -12,7824700";"45,2350700"
"201900058721";"30";"11";"2019";"18:15";"5";"69";"69387";"2";"1";"1";"3";"PAUL DUVIVIER (R)                      (R )";"45,7397900";"4,8493000"
"201900058722";"28";"11";"2019";"15:45";"1";"69";"69387";"2";"1";"1";"3";"TONY GARNIER                        (AV)";"45,7312000";"4,8241500"
"201900058723";"29";"11";"2019";"08:05";"1";"972";"97213";"1";"1";"1";"4";"ROUTE DEPARTEMENTALE 14";"14,0000000";" -1,4076650"
"201900058724";"29";"11";"2019";"12:15";"1";"972";"97209";"1";"1";"1";"3";"CAMILLEDARSIERES";"14,6049400";" -61,0590000"
"201900058725";"30";"11";"2019";"05:20";"2";"972";"97209";"2";"1";"1";"3";"FRANCOIS ARAGO (RUE)";"14,6043000";" -61,0726000"
"201900058726";"27";"11";"2019";"09:05";"1";"972";"97209";"2";"2";"1";"2";"FRANCOIS ARAGO (RUE)";"14,6051000";" -61,0726000"
"201900058727";"30";"11";"2019";"18:30";"5";"69";"69389";"2";"1";"1";"1";"PAUL SEDAILLIAN                     (QU)";"45,7870800";"4,8142600"
"201900058728";"30";"11";"2019";"16:40";"5";"69";"69034";"2";"1";"1";"6";"ROCHETTE (DE LA)                    (MO)";"45,7877800";"4,8285800"
"201900058729";"29";"11";"2019";"08:45";"1";"69";"69202";"2";"2";"1";"2";"FONTS (DES)                         (CH)";"45,7389000";"4,7968400"
"201900058730";"30";"11";"2019";"20:14";"5";"91";"91434";"2";"2";"1";"3";"JUVISY (AVENUE DE)";"48,6523900";"2,3526700"
"201900058731";"29";"11";"2019";"21:05";"5";"78";"78158";"2";"1";"8";"2";"DOCTEUR SCHWEITZER (AVENUE DU)";"48,8256480";"2,1225440"
"201900058732";"29";"11";"2019";"17:25";"5";"78";"78517";"2";"1";"1";"6";"CLAIREFONTAINE (RUE DE)";"48,6515470";"1,8375070"
"201900058733";"30";"11";"2019";"22:47";"5";"77";"77378";"2";"3";"1";"1";"D607 X D50";"48,5274672";"2,5513483"
"201900058734";"30";"11";"2019";"23:30";"3";"77";"77335";"1";"1";"1";"7";"RD140 (ROUTE DEPARTEMENTALE)";"48,9823200";"2,8486700"
"201900058735";"30";"11";"2019";"09:20";"1";"77";"77108";"2";"6";"1";"6";"D34A X RUE DE VILLEVAUDE";"48,8852600";"2,6229200"
"201900058736";"29";"11";"2019";"15:50";"1";"76";"76157";"2";"2";"1";"6";"ALLENDE. AVENUE DU PRESIDENT";"49,4488400";"1,0356000"
"201900058737";"30";"11";"2019";"17:00";"5";"69";"69290";"2";"1";"1";"4";"PORTE DES ALPES (DE LA) - BD URBAIN (BD)";"45,7184100";"4,9301700"
"201900058738";"29";"11";"2019";"18:50";"5";"69";"69264";"2";"1";"1";"2";"SAVIGNY JEAN-MICHEL (AV)";"45,9816420";"4,7149810"
"201900058739";"29";"11";"2019";"16:25";"2";"69";"69091";"2";"1";"1";"6";"JULIAN GRIMAU ( R )";"45,5956700";"4,7675400"
"201900058740";"30";"11";"2019";"18:00";"5";"64";"64102";"2";"1";"3";"7";"GRENET (AVENUE HENRI)";"43,5015700";" -1,4788100"
"201900058741";"25";"11";"2019";"21:20";"5";"62";"62846";"2";"1";"8";"3";"DUQUESNE HENRI ( RUE )";"50,4849850";"2,7508950"
"201900058742";"30";"11";"2019";"19:20";"3";"59";"59352";"1";"1";"1";"7";"WAMBRECHIES (RUE DE)";"50,7295800";"3,0741600"
"201900058743";"30";"11";"2019";"22:10";"3";"59";"59043";"1";"1";"1";"6";"STEENWERCK (ROUTE DE)";"50,7198110";"2,7614000"
"201900058744";"30";"11";"2019";"16:28";"1";"57";"57463";"2";"9";"8";"6";"ROBERT SCHUMAN (AVENUE )";"49,1151100";"6,1736100"
"201900058745";"30";"11";"2019";"06:00";"5";"56";"56260";"2";"9";"1";"1";"KERANGUEN(AVENUE DE)";"47,6608100";" -2,7941100"
"201900058746";"29";"11";"2019";"07:20";"5";"54";"54395";"2";"9";"9";"7";"BOUFFLERS (AV. DE 74 A 334 - 53 A 399)";"48,6922000";"6,1476000"
"201900058747";"30";"11";"2019";"14:15";"1";"51";"51454";"2";"1";"1";"2";"BOULEVARD ALBERT 1ER";"49,2666800";"4,0103200"
"201900058748";"30";"11";"2019";"02:32";"5";"51";"51453";"2";"1";"1";"7";"ROUTE DE LOUVOIS";"48,9865470";"4,3223356"
"201900058749";"30";"11";"2019";"15:40";"1";"50";"50165";"2";"1";"1";"7";"DE LA GARE (RUE)";"48,8427700";" -1,5856000"
"201900058750";"27";"11";"2019";"21:25";"5";"45";"45068";"2";"2";"2";"2";"RUE DU GATINAIS - RUE DES ORMES";"48,0111110";"2,7079650"
"201900058751";"30";"11";"2019";"15:10";"1";"37";"37214";"2";"1";"8";"6";"PORT (RUE DU)";"47,4251500";"0,6532900"
"201900058752";"30";"11";"2019";"12:40";"1";"35";"35238";"2";"9";"1";"3";"PAYS-BAS (AVENUE DES)";"48,0845700";" -1,6607700"
"201900058753";"29";"11";"2019";"17:45";"5";"35";"35238";"2";"1";"1";"6";"GRAFF (AVENUE GEORGES)";"48,0866000";" -1,6916500"
"201900058754";"1";"12";"2019";"02:30";"5";"33";"33063";"2";"1";"8";"2";"CRS DE LA MARNE";"44,8302600";" -0,5702200"
"201900058755";"30";"11";"2019";"23:15";"5";"33";"33063";"2";"3";"2";"3";"LOUIS XVIII (QUAI )";"44,8466900";" -0,5708000"
"201900058756";"30";"11";"2019";"10:10";"1";"33";"33249";"2";"9";"2";"6";"AVE CARNOT";"44,8651500";" -0,5186800"
"201900058757";"30";"11";"2019";"08:45";"2";"33";"33162";"2";"3";"1";"3";"AVE DE SAINT-MEDARD";"44,8607300";" -0,6382900"
"201900058758";"29";"11";"2019";"17:00";"1";"29";"29232";"2";"2";"1";"3";"PRESIDENT SADATE RUE DU";"47,9788200";" -4,1018600"
"201900058759";"30";"11";"2019";"15:40";"1";"29";"29019";"2";"2";"1";"3";"GUELMEUR (DE 63 ET 70 A FIN)";"48,3928578";" -4,4620241"
"201900058760";"30";"11";"2019";"08:05";"2";"24";"24322";"2";"1";"1";"1";"ANGOULEME (ROUTE D')";"45,1996900";"0,6763100"
"201900058761";"30";"11";"2019";"18:30";"5";"15";"15014";"2";"4";"2";"6";"MONTADE (RUE DE LA)";"44,9140700";"2,4388000"
"201900058762";"27";"11";"2019";"08:11";"2";"14";"14333";"2";"2";"8";"1";"MANUEL (COURS ALBERT)";"49,4166400";"0,2305700"
"201900058763";"30";"11";"2019";"22:00";"5";"13";"13211";"2";"6";"1";"6";"BARASSE";"43,2858000";"5,4795000"
"201900058764";"27";"10";"2019";"19:30";"5";"13";"13212";"2";"1";"1";"6";"SAINT BARNABE (AVENUE DE)";"43,3041000";"5,4108200"
"201900058765";"30";"11";"2019";"07:20";"2";"13";"13047";"1";"1";"1";"6";"SAINT EXUPERY AVENUE";"43,5313800";"4,9741900"
"201900058766";"30";"11";"2019";"18:20";"5";"13";"13005";"2";"1";"1";"6";"AUCHAN ( CENTRE COMMERCIAL)";"43,2945400";"5,5902300"
"201900058767";"30";"11";"2019";"04:00";"5";"10";"10387";"2";"9";"1";"6";"1° R.A.M (BDL DU)";"48,2916190";"4,0713700"
"201900058768";"30";"11";"2019";"13:15";"1";"6";"06069";"1";"1";"1";"7";"NAPOLEON (ROUTE)";"43,6711200";"6,9113900"
"201900058769";"30";"11";"2019";"20:20";"5";"6";"06027";"2";"1";"1";"3";"GARE AVENUE DE LA";"43,6568550";"7,1469630"
"201900058770";"29";"11";"2019";"18:00";"5";"6";"06004";"2";"9";"1";"6";"GREC AV.JULES";"43,5894860";"7,1178580"
"201900058771";"30";"11";"2019";"12:54";"1";"75";"75107";"2";"3";"1";"3";"QUAI ANATOLE FRANCE";"48,8611270";"2,3241770"
"201900058772";"28";"11";"2019";"00:05";"3";"75";"75116";"2";"1";"1";"2";"BD PERIPHERIQUE EXTERIEUR";"48,8665932";"2,2685772"
"201900058773";"30";"11";"2019";"04:30";"5";"75";"75117";"2";"4";"1";"3";"BOULEVARD PEREIRE";"48,8794480";"2,2873770"
"201900058774";"29";"11";"2019";"08:30";"2";"75";"75117";"2";"3";"2";"6";"RUE PONCELET";"48,8790700";"2,2968830"
"201900058775";"30";"11";"2019";"17:40";"5";"75";"75116";"2";"1";"1";"6";"RUE BOISSIERE";"48,8666840";"2,2903680"
"201900058776";"30";"11";"2019";"12:10";"1";"75";"75108";"2";"7";"1";"3";"PLACE CHARLES DE GAULLE";"48,8743080";"2,2954510"
"201900058777";"30";"11";"2019";"16:55";"3";"75";"75113";"2";"1";"1";"6";"RUE BOUSSINGAULT";"48,8228130";"2,3460490"
"201900058778";"30";"11";"2019";"17:25";"5";"75";"75112";"2";"2";"1";"3";"AVENUE LEDRU ROLLIN";"48,8485984";"2,3724860"
"201900058779";"30";"11";"2019";"00:05";"5";"75";"75111";"2";"1";"1";"7";"AVENUE DE LA REPUBLIQUE";"48,8644500";"2,3788300"
"201900058780";"30";"11";"2019";"16:50";"2";"75";"75111";"2";"3";"1";"6";"QUAI DE JEMMAPES";"48,8688009";"2,3676269"
"201900058781";"29";"11";"2019";"11:53";"1";"75";"75107";"2";"3";"2";"6";"AVENUE DE SUFFREN";"48,8569200";"2,2919530"
"201900058782";"30";"11";"2019";"14:15";"1";"75";"75104";"2";"1";"1";"6";"RUE SAINT ANTOINE";"48,8549420";"2,3619770"
"201900058783";"30";"11";"2019";"20:25";"5";"94";"94041";"2";"1";"1";"6";"HIPPOLYTE MARQUES (BD)";"48,8189127";"2,3744895"
"201900058784";"29";"11";"2019";"21:00";"5";"93";"93001";"2";"1";"1";"6";"JEAN JAURES (AVE)  => 53";"48,9019600";"2,3900400"
"201900058785";"30";"11";"2019";"16:30";"5";"92";"92050";"2";"3";"1";"6";"CLEMENCEAU GEORGES AVENUE N° PAIR";"48,8855100";"2,2189100"
"201900058786";"30";"11";"2019";"21:10";"5";"92";"92023";"2";"3";"1";"2";"PRESIDENT ROOSEVELT (RUE DU) N°2 A 26";"48,8041700";"2,2580600"
"201900058787";"29";"11";"2019";"15:55";"1";"54";"54456";"1";"3";"8";"3";"D83";"48,6989870";"6,3521660"
"201900058788";"1";"12";"2019";"17:00";"2";"16";"16012";"1";"1";"1";"6";"D24";"45,6294050";" -0,2620850"
"201900058789";"29";"11";"2019";"17:42";"2";"42";"42070";"2";"1";"2";"7";"Rue de Roanne";"45,9475440";"4,0605470"
"201900058790";"1";"12";"2019";"14:05";"1";"974";"97422";"1";"1";"1";"6";"D36";" -21,2954230";"55,5301700"
"201900058791";"30";"11";"2019";"01:00";"3";"35";"35124";"1";"1";"5";"6";"n137";"47,7184074";" -1,7089210"
"201900058792";"30";"11";"2019";"07:50";"1";"974";"97414";"2";"2";"1";"3";"Rue de l'Embarcadere";" -21,2894700";"55,4057360"
"201900058793";"1";"12";"2019";"03:00";"4";"38";"38194";"1";"1";"2";"6";"D1085";"45,3655560";"5,4200710"
"201900058794";"26";"11";"2019";"14:00";"1";"30";"30282";"1";"2";"1";"1";"D6";"44,1353870";"4,4747940"
"201900058795";"1";"12";"2019";"08:10";"2";"57";"57287";"1";"1";"2";"1";"Rue Pierre et Marie Curie";"49,3762210";"6,2308090"
"201900058796";"1";"12";"2019";"16:00";"1";"57";"57577";"1";"1";"2";"1";"D620";"49,0437980";"7,4089880"
"201900058797";"29";"11";"2019";"19:30";"5";"74";"74236";"2";"1";"3";"6";"Avenue de Genève";"45,9050500";"6,7003950"
"201900058798";"30";"11";"2019";"20:30";"3";"80";"80525";"1";"1";"1";"6";"D498";"49,7684280";"1,8857050"
"201900058799";"30";"11";"2019";"22:15";"5";"80";"80606";"2";"2";"1";"1";"intersection RD25 / RD 936";"49,9556690";"1,7635460"
"201900058800";"30";"11";"2019";"04:40";"3";"11";"11018";"1";"1";"5";"6";"CD 119";"43,2102210";"2,1910700"
"201900058801";"30";"11";"2019";"12:30";"1";"89";"89347";"1";"2";"1";"1";"D944";"47,4200490";"3,8907150"
"201900058802";"1";"12";"2019";"04:10";"3";"63";"63457";"1";"1";"3";"7";"D225";"45,6491030";"3,2199250"
"201900058803";"30";"11";"2019";"18:50";"3";"61";"61374";"1";"1";"1";"1";"D911";"48,7555460";" -0,8177650"
"201900058804";"1";"12";"2019";"02:55";"3";"46";"46227";"1";"1";"2";"6";"D911";"44,3844420";"1,8203660"
"201900058805";"30";"11";"2019";"12:20";"1";"25";"25522";"1";"1";"1";"1";"RD 236 25210";"47,2205880";"6,7350540"
"201900058806";"29";"11";"2019";"12:15";"1";"44";"44217";"1";"1";"1";"7";"La Chouametrie";"47,3091256";" -1,6817760"
"201900058807";"1";"12";"2019";"13:30";"1";"2";"02126";"1";"1";"4";"6";"D5";"49,7826770";"4,1795840"
"201900058808";"1";"12";"2019";"11:00";"1";"15";"15154";"1";"1";"1";"6";"D8";"44,9353880";"2,5741280"
"201900058809";"1";"12";"2019";"04:00";"3";"15";"15163";"1";"1";"1";"6";"D617";"44,8514510";"2,3904980"
"201900058810";"1";"12";"2019";"01:10";"3";"54";"54548";"2";"1";"5";"6";"D4";"48,5501900";"5,7676290"
"201900058811";"30";"11";"2019";"13:40";"1";"5";"05045";"1";"1";"1";"5";"N94";"44,5312180";"6,4321200"
"201900058812";"1";"12";"2019";"07:15";"3";"50";"50274";"1";"1";"2";"6";"Le Rohardel";"48,5329190";" -1,0901170"
"201900058813";"30";"11";"2019";"14:30";"1";"7";"07302";"1";"1";"1";"7";"N/A";"44,6422740";"4,6919680"
"201900058814";"29";"11";"2019";"17:30";"2";"53";"53039";"1";"3";"1";"1";"Les Mees";"48,1604020";" -0,9778180"
"201900058815";"30";"11";"2019";"04:30";"3";"27";"27378";"1";"1";"1";"6";"N12";"48,7806950";"1,1925510"
"201900058816";"1";"12";"2019";"00:50";"3";"17";"17063";"1";"1";"3";"7";"Breuil-la-Réorte";"46,0587310";" -0,6948440"
"201900058817";"30";"11";"2019";"08:55";"1";"37";"37204";"1";"2";"1";"3";"La Coliniere";"47,5382430";"0,6314150"
"201900058818";"1";"12";"2019";"17:55";"3";"31";"31228";"1";"1";"9";"1";"A680";"43,6760300";"1,5989010"
"201900058819";"1";"12";"2019";"07:20";"1";"973";"97309";"1";"1";"1";"2";"Route de Degrad des Cannes";"4,8705585";" -52,2761919"
"201900058820";"29";"11";"2019";"11:35";"1";"74";"74268";"2";"2";"1";"5";"12 Avenue d'Aix-les-bains";"45,8924280";"6,1106880"
"201900058821";"29";"11";"2019";"20:00";"3";"90";"90015";"1";"9";"1";"5";"A36 - PR 38+650";"47,5935650";"6,8570520"
"201900058822";"29";"11";"2019";"09:00";"1";"6";"06088";"1";"1";"1";"4";"A8 185+100 Nord";"43,6686990";"7,1988070"
"201900058823";"30";"11";"2019";"19:30";"3";"11";"11210";"1";"1";"1";"2";"A61";"43,1702573";"2,7878843"
"201900058824";"30";"11";"2019";"14:05";"1";"17";"17354";"1";"1";"3";"7";"A 10";"45,6100720";" -0,5991250"
"201900058825";"1";"12";"2019";"09:30";"1";"988";"98825";"2";"1";"1";"6";"Route de Forêt Plate";" -21,2015880";"165,1048400"
"201900058826";"30";"11";"2019";"02:20";"5";"971";"97121";"1";"1";"1";"6";"RN2";"16,2564380";" -61,8014050"
"201900058827";"30";"11";"2019";"09:57";"1";"67";"67473";"2";"1";"1";"6";"D422";"48,5683940";"7,4919490"
"201900058828";"29";"11";"2019";"07:15";"5";"69";"69273";"2";"4";"1";"3";"avenue Gabriel Péri";"45,6843900";"4,9290970"
"201900058829";"29";"11";"2019";"20:00";"3";"81";"81294";"1";"1";"1";"6";"Chemin de la Valiere";"43,8573800";"1,9186290"
"201900058830";"1";"12";"2019";"10:30";"1";"16";"16232";"1";"1";"1";"6";"1 Rue des Bouvreuils";"45,6854370";"0,2691440"
"201900058831";"29";"11";"2019";"23:20";"3";"33";"33022";"1";"1";"1";"6";"Route de Castelnau";"45,0294970";" -0,7792690"
"201900058832";"1";"12";"2019";"07:50";"3";"85";"85099";"1";"1";"1";"6";"Route de Nieul-le-Dolent";"46,5725270";" -1,5772660"
"201900058833";"1";"12";"2019";"03:20";"5";"76";"76462";"2";"1";"1";"6";"Boulevard l'Alouette";"49,7300820";"1,4459700"
"201900058834";"29";"11";"2019";"12:10";"1";"13";"13071";"1";"1";"1";"4";"A7-Sens Marseille vers Lyon";"43,4407162";"5,2487415"
"201900058835";"29";"11";"2019";"12:10";"1";"13";"13117";"1";"1";"1";"2";"A7-Sens Lyon vers Marseille";"43,4407220";"5,2485560"
"201900058836";"30";"11";"2019";"09:00";"1";"69";"69288";"1";"1";"5";"2";"A43   13.029 A 15.971";"45,6666600";"5,0561200"
"201900058837";"27";"11";"2019";"07:50";"1";"67";"67482";"1";"1";"8";"4";"Autoroute A.35";"48,5769000";"7,7269000"
"201900058838";"30";"11";"2019";"02:41";"4";"94";"94021";"1";"1";"1";"6";"AUTOROUTE A6A";"48,7717000";"2,3457600"
"201900058839";"30";"11";"2019";"15:20";"1";"78";"78640";"1";"1";"1";"7";"A86 EXT";"48,7772890";"2,2237590"
"201900058840";"29";"11";"2019";"20:50";"3";"92";"92047";"1";"1";"1";"2";"A13";"48,8351236";"2,1751101"